player,player_id,position,team_name,player_game_count,block_percent,declined_penalties,franchise_id,grades_offense,grades_pass_block,grades_run_block,hits_allowed,hurries_allowed,non_spike_pass_block,non_spike_pass_block_percentage,pass_block_percent,pbe,penalties,pressures_allowed,sacks_allowed,snap_counts_block,snap_counts_ce,snap_counts_lg,snap_counts_lt,snap_counts_offense,snap_counts_pass_block,snap_counts_pass_play,snap_counts_rg,snap_counts_rt,snap_counts_run_block,snap_counts_te,rank_player_game_count,rank_block_percent,rank_declined_penalties,rank_grades_offense,rank_grades_pass_block,rank_grades_run_block,rank_hits_allowed,rank_hurries_allowed,rank_non_spike_pass_block,rank_non_spike_pass_block_percentage,rank_pass_block_percent,rank_pbe,rank_penalties,rank_pressures_allowed,rank_sacks_allowed,rank_snap_counts_block,rank_snap_counts_ce,rank_snap_counts_lg,rank_snap_counts_lt,rank_snap_counts_offense,rank_snap_counts_pass_block,rank_snap_counts_pass_play,rank_snap_counts_rg,rank_snap_counts_rt,rank_snap_counts_run_block,rank_snap_counts_te,meets_min_sample
Neto Umeozulu,163866,T,N TEXAS,5,100.0,1,251,55.9,58.2,56.4,2,7,190,100.0,100.0,97.6,4,9,0,365,0,0,0,365,201,201,0,365,164,0,1,1,434,366,328,360,429,450,4,2,6,256,469,441,1,1,4,28,315,1,4,4,38,1,3,156,True
Chandler Strong,158365,C,N TEXAS,5,100.0,0,251,62.9,71.2,62.6,2,2,187,100.0,100.0,98.9,5,4,0,359,359,0,0,359,198,198,0,0,161,0,1,1,1,126,138,116,219,140,3,2,3,132,226,180,1,1,1,18,3,1,3,3,21,6,3,16,True
Johnny Williams IV,173193,T,N TEXAS,5,100.0,0,251,56.8,78.2,48.0,1,3,187,100.0,100.0,97.9,3,6,2,359,0,0,359,359,198,198,0,0,161,0,1,1,1,352,83,470,303,276,5,2,6,222,425,356,431,2,4,28,1,2,5,5,38,301,5,156,True
Keon Johnson,173205,G,N TEXAS,5,100.0,0,251,61.3,66.4,59.6,0,1,187,100.0,100.0,98.7,1,3,2,359,0,0,0,359,198,198,359,0,161,0,1,1,1,267,288,268,1,171,2,3,8,239,266,319,489,1,47,327,39,1,3,3,1,40,2,58,True
Rhett Larson,158273,G,W KENTUCKY,5,100.0,0,346,58.2,73.7,54.5,2,1,208,100.0,100.0,98.8,3,4,1,352,0,0,0,352,215,215,352,0,137,0,1,1,1,354,193,404,467,171,1,3,8,227,467,378,399,2,47,327,39,2,1,1,2,40,26,58,True
Jeremiah Stallworth,201650,T,SACRAMENTO,5,100.0,0,279,49.6,50.7,47.2,5,6,198,100.0,100.0,96.2,2,13,2,341,0,0,0,341,211,211,0,339,130,2,1,1,1,447,389,473,493,421,2,2,6,361,348,483,431,3,4,28,315,3,2,2,38,2,34,59,True
Nate Kibble,190247,G,BAYLOR,4,100.0,0,118,57.5,62.4,54.0,1,5,165,100.0,100.0,97.6,0,7,1,332,0,332,0,332,180,180,0,0,152,0,18,1,1,368,329,410,374,459,16,3,8,378,1,474,399,3,47,1,39,3,11,11,322,40,6,58,True
Nicholas Gallegos,157472,C,E MICHIGAN,5,100.0,0,160,47.0,42.6,50.9,1,8,190,100.0,100.0,97.1,2,10,1,332,332,0,0,332,204,204,0,0,128,0,1,1,1,228,222,222,179,230,2,2,3,211,167,231,198,2,2,18,3,2,2,2,21,6,31,16,True
Justin Tauanuu,183630,T,USC,5,100.0,0,326,72.0,67.9,69.8,0,6,169,100.0,100.0,98.2,0,6,0,328,0,0,0,328,175,175,0,328,153,0,1,1,1,85,222,102,1,421,11,2,6,200,1,356,1,4,4,28,315,4,13,13,38,3,10,156,True
Malachi Preciado,162892,C,TULSA,5,100.0,0,320,73.7,79.1,68.8,0,4,174,100.6,100.5,98.9,0,4,0,327,327,0,0,327,187,186,0,0,140,0,1,1,1,31,60,54,1,197,6,1,2,132,1,180,1,3,3,18,3,3,6,6,21,6,15,16,True
Shontrail Key,131580,T,SACRAMENTO,5,100.0,0,279,58.1,71.9,51.1,1,6,191,100.0,100.0,98.2,4,7,0,325,0,0,324,325,203,203,0,1,122,0,1,1,1,333,170,440,303,421,3,2,6,200,469,395,1,5,4,28,2,5,3,3,38,293,62,156,True
Ian Mayes,204365,G,TULSA,5,100.0,0,320,63.7,81.9,60.8,1,2,175,100.6,100.5,99.1,3,3,0,324,0,0,0,324,187,186,324,0,137,0,1,1,1,197,66,247,374,295,7,2,7,189,467,319,1,4,47,327,39,4,7,7,3,40,26,58,True
Alani Noa,176640,G,USC,5,100.0,0,326,62.1,61.5,62.1,0,6,166,100.0,100.0,97.6,2,7,1,321,0,0,0,321,172,172,321,0,149,0,1,1,1,237,342,214,1,491,15,3,8,378,396,474,399,5,47,327,39,5,20,20,4,40,9,58,True
Vincent Fiacable,144836,G,FAU,4,100.0,0,165,61.7,76.0,57.7,0,5,173,100.0,100.0,98.6,1,5,0,320,0,0,0,320,183,183,320,0,137,0,18,1,1,255,165,329,1,459,9,3,8,256,266,415,1,6,47,327,39,6,8,8,5,40,26,58,True
Kenton Jerido,157859,C,S ALABAMA,4,100.0,0,288,54.6,63.0,53.0,1,1,149,100.0,100.0,98.7,3,3,1,320,319,0,0,320,161,161,1,0,159,0,7,1,1,207,179,218,179,90,29,2,3,141,198,157,198,4,5,18,3,4,25,25,14,6,4,16,True
Jamal Siler,189808,G,S ALABAMA,4,100.0,0,288,61.2,80.3,56.8,1,3,149,100.0,100.0,98.7,3,4,0,320,1,319,0,320,161,161,0,0,159,0,18,1,1,272,90,361,374,373,38,3,8,239,467,378,1,6,42,3,39,6,31,30,322,40,4,58,True
Braden Cunningham,183402,C,FAU,4,100.0,0,165,64.3,85.7,63.3,0,0,173,100.0,100.0,100.0,5,0,0,320,320,0,0,320,183,183,0,0,137,0,7,1,1,116,5,106,1,1,8,2,3,1,226,1,1,4,4,18,3,4,7,7,21,6,21,16,True
Aiden Jones,192239,G,FAU,4,100.0,0,165,56.7,72.9,53.4,1,3,173,100.0,100.0,98.3,2,5,1,320,0,320,0,320,183,183,0,0,137,0,18,1,1,382,210,419,374,373,9,3,8,289,396,415,399,6,47,2,39,6,8,8,322,40,26,58,True
Shalik Hubbard,164565,G,S ALABAMA,4,100.0,0,288,64.0,66.7,65.0,1,5,149,100.0,100.0,98.0,3,6,0,320,0,1,0,320,161,161,319,0,159,0,18,1,1,189,285,157,374,459,38,3,8,335,467,455,1,6,47,316,39,6,31,30,6,40,4,58,True
Ben Galloway,170069,T,FAU,4,100.0,1,165,74.3,81.5,68.4,1,1,173,100.0,100.0,98.8,1,3,1,320,0,0,0,320,183,183,0,320,137,0,16,1,434,61,48,117,303,145,8,2,6,154,232,224,333,6,4,28,315,6,8,8,38,4,25,156,True
Reese Osei-Wusu,178975,T,S ALABAMA,4,100.0,1,288,72.3,82.2,66.1,1,2,149,100.0,100.0,98.3,4,4,1,320,0,0,320,320,161,161,0,0,159,0,16,1,434,82,41,159,303,218,36,2,6,191,469,270,333,6,4,28,3,6,28,28,38,301,6,156,True
Tobias Raymond,176641,C,USC,5,100.0,0,326,75.8,81.6,70.7,0,2,164,100.0,100.0,99.4,0,2,0,317,317,0,0,317,170,170,0,0,147,0,1,1,1,17,37,34,1,140,16,2,3,95,1,120,1,6,6,18,3,6,21,21,21,6,8,16,True
Malachi Breland,169934,G,ARKANSAS,4,100.0,0,111,58.7,79.2,52.7,0,5,185,100.0,100.0,98.6,2,5,0,317,0,317,0,317,199,199,0,0,118,0,18,1,1,342,107,435,1,459,3,3,8,256,396,415,1,10,47,4,39,10,2,2,322,40,80,58,True
Thomas Barr,204735,G,BUFFALO,4,100.0,0,126,60.0,57.9,60.3,2,5,163,100.0,100.0,97.9,2,7,0,316,0,0,0,316,177,177,316,0,139,0,18,1,1,305,374,254,467,459,20,3,8,348,396,474,1,11,47,327,39,11,14,14,7,40,18,58,True
Nino Francavilla,183230,C,BUFFALO,4,100.0,0,126,68.4,84.8,64.1,0,0,163,100.0,100.0,100.0,2,0,0,316,316,0,0,316,177,177,0,0,139,0,7,1,1,71,10,93,1,1,18,2,3,1,167,1,1,7,7,18,3,7,12,12,21,6,17,16,True
Tyler Keinath,164945,G,NEW MEX ST,5,100.0,0,242,64.6,62.8,63.7,2,6,175,100.0,100.0,97.7,0,8,0,316,0,0,0,316,183,183,316,0,133,0,1,1,1,175,325,178,467,491,7,3,8,365,1,489,1,11,47,327,39,11,8,8,7,40,34,58,True
Elijah Paige,174221,T,USC,5,100.0,0,326,85.2,90.5,79.2,1,2,164,100.0,100.0,99.1,1,3,0,316,0,0,316,316,170,170,0,0,146,0,1,1,1,11,5,22,303,218,16,2,6,137,232,224,1,8,4,28,4,8,19,19,38,301,12,156,True
Ja'Kavion Nonar,162800,T,FAU,4,100.0,1,165,55.7,54.4,58.3,0,4,173,100.0,100.0,97.7,5,6,2,315,0,0,315,315,183,183,0,0,132,0,16,1,434,370,358,313,1,332,8,2,6,244,485,356,431,9,4,28,5,9,8,8,38,301,31,156,True
Kobe Branham,184380,G,ARKANSAS,4,100.0,0,111,60.8,65.3,57.3,2,3,180,100.0,100.0,97.5,0,7,2,311,0,0,0,311,194,194,311,0,117,0,18,1,1,283,301,345,467,373,5,3,8,386,1,474,489,13,47,327,39,13,5,5,9,40,83,58,True
Ethan Hubbard,170049,T,S ALABAMA,4,100.0,0,288,69.6,82.4,62.2,0,1,148,100.0,100.0,99.7,3,1,0,311,0,0,0,311,160,160,0,311,151,0,16,1,1,119,40,234,1,145,41,2,6,111,425,112,1,10,4,28,315,10,30,30,38,5,11,156,True
Kavion Broussard,191184,T,ARKANSAS,4,100.0,1,111,66.3,84.5,57.6,0,6,179,100.0,100.0,98.3,3,6,0,308,0,0,308,308,192,192,0,0,116,0,16,1,434,168,25,332,1,421,6,2,6,191,425,356,1,11,4,28,6,11,6,6,38,301,92,156,True
Caden Kitler,158445,C,ARKANSAS,4,100.0,0,111,61.0,65.6,57.2,0,4,180,100.0,100.0,98.9,0,4,0,307,307,0,0,307,194,194,0,0,113,0,7,1,1,157,167,186,1,197,5,2,3,132,1,180,1,8,8,18,3,8,5,5,21,6,65,16,True
Tyler Brumfield,199051,T,E MICHIGAN,5,100.0,0,160,57.4,66.2,49.1,6,3,179,100.0,100.0,96.9,0,10,1,306,0,0,306,306,192,192,0,0,114,0,1,1,1,343,245,464,494,276,6,2,6,322,1,458,333,12,4,28,7,12,6,6,38,301,106,156,True
James Williams,199468,C,NEW MEX ST,5,100.0,0,242,65.2,63.1,67.1,0,5,168,100.0,100.0,97.9,2,6,1,303,271,32,0,303,176,176,0,0,127,0,1,1,1,106,178,68,1,219,13,2,3,189,167,217,198,9,26,5,3,9,13,13,21,6,32,16,True
Jeremy Smith,198402,T,FIU,4,100.0,0,166,54.0,57.0,52.4,1,13,165,100.0,100.0,95.2,4,15,1,301,0,1,298,301,175,175,0,0,126,2,16,1,1,402,338,426,303,492,15,2,6,412,469,488,333,13,4,16,9,13,13,13,38,301,45,59,True
Antonio Tripp Jr.,170095,G,FIU,4,100.0,0,166,54.3,58.3,50.1,3,1,165,100.0,100.0,98.8,2,4,0,301,0,300,0,301,175,175,0,1,126,0,18,1,1,425,372,467,501,171,16,3,8,227,396,378,1,14,47,5,39,14,15,15,322,31,53,58,True
Gabriel Arena,174774,T,BUFFALO,4,100.0,1,126,64.8,68.2,62.3,0,5,154,100.0,100.0,97.1,2,7,2,300,0,0,300,300,167,167,0,0,133,0,16,1,434,199,218,230,1,388,27,2,6,305,348,395,431,14,4,28,8,14,22,22,38,301,28,156,True
Ethan Spencer,158188,C,HAWAII,4,100.0,0,180,62.2,61.0,60.4,0,2,208,100.0,100.0,99.5,0,2,0,299,299,0,0,299,214,214,0,0,85,0,7,1,1,139,186,143,1,140,1,2,3,86,1,120,1,10,9,18,3,10,1,1,21,6,111,16,True
Dean Briski,158172,T,HAWAII,4,100.0,1,180,57.3,57.3,56.7,2,4,208,100.0,100.0,98.6,3,6,0,299,0,0,83,299,214,214,0,216,85,0,16,1,434,344,332,352,429,332,1,2,6,164,425,356,1,15,4,28,154,15,1,1,38,76,218,156,True
Luke Petit,149901,G,TROY,4,100.0,0,318,49.0,43.2,49.2,1,5,152,100.0,100.0,96.1,1,9,3,299,0,298,0,299,160,160,0,0,139,0,18,1,1,485,459,477,374,459,31,3,8,456,266,499,506,15,47,6,39,15,35,35,322,40,18,58,True
Daveion Harley,170423,C,FIU,4,100.0,0,166,60.8,67.6,58.2,2,5,165,100.0,100.0,97.9,2,7,0,299,299,0,0,299,175,175,0,0,124,0,7,1,1,160,160,175,219,219,14,2,3,189,167,223,1,10,9,18,3,10,14,14,21,6,35,16,True
Tyler Cappi,163571,C,TROY,4,100.0,0,318,60.2,63.8,57.5,0,4,151,100.0,100.0,98.7,1,4,0,298,298,0,0,298,159,159,0,0,139,0,7,1,1,165,176,182,1,197,28,2,3,141,110,180,1,12,11,18,3,12,28,28,21,6,17,16,True
Jordon Jones,164122,T,TROY,4,100.0,0,318,51.8,62.3,47.6,0,5,151,100.0,100.0,97.0,2,7,2,298,0,0,0,298,159,159,0,298,139,0,16,1,1,423,288,471,1,388,29,2,6,314,348,395,431,16,4,28,315,16,35,35,38,6,20,156,True
Patrick Screws Jr.,170076,G,TROY,4,100.0,0,318,51.2,42.7,50.4,2,5,151,100.0,100.0,97.7,0,7,0,298,0,0,0,298,159,159,298,0,139,0,18,1,1,465,461,461,467,459,35,3,8,365,1,474,1,16,47,327,39,16,36,36,10,40,18,58,True
Johnny Dickson III,157660,G,OKLA STATE,4,100.0,0,262,67.1,77.2,65.3,0,3,155,100.0,100.0,99.0,1,3,0,297,0,192,0,297,162,162,105,0,135,0,18,1,1,122,142,151,1,373,27,3,8,199,266,319,1,17,47,86,39,17,27,27,145,40,32,58,True
Nonso Omezi,160100,G,W KENTUCKY,5,100.0,0,346,56.5,79.9,53.4,0,3,168,100.0,100.0,99.1,3,3,0,296,0,296,0,296,174,174,0,0,122,0,1,1,1,389,94,419,1,373,14,3,8,189,467,319,1,18,47,7,39,18,18,18,322,40,65,58,True
Zaire Flournoy,121488,G,FIU,4,100.0,0,166,56.7,57.9,55.5,1,3,165,100.0,100.0,98.2,2,5,1,296,0,0,0,296,175,175,296,0,121,0,18,1,1,382,374,383,374,373,16,3,8,305,396,415,399,18,47,327,39,18,15,15,11,40,69,58,True
Cam East,163655,T,TULSA,5,99.3,0,320,62.3,83.2,53.0,0,1,150,100.0,99.4,99.7,1,1,0,295,0,0,293,297,162,163,0,0,133,3,1,483,1,254,34,417,1,145,34,2,466,111,232,112,1,17,4,28,10,17,27,27,38,301,28,43,True
Lucas Mrachkovskiy,189802,C,JVILLE ST,5,100.0,0,196,60.7,79.6,55.6,0,2,139,100.0,100.0,99.3,1,2,0,293,293,0,0,293,150,150,0,0,143,0,1,1,1,161,56,197,1,140,41,2,3,105,110,120,1,13,12,18,3,13,39,39,21,6,13,16,True
Tyler Mercer,183479,C,OKLA STATE,4,100.0,0,262,68.0,82.9,63.4,0,4,153,100.0,100.0,98.7,1,4,0,293,293,0,0,293,160,160,0,0,133,0,7,1,1,75,25,101,1,197,24,2,3,141,110,180,1,13,12,18,3,13,26,26,21,6,23,16,True
Cam Stancil,202291,T,JVILLE ST,5,100.0,0,196,61.0,79.7,53.1,1,0,132,100.0,100.0,99.6,1,1,0,290,0,0,0,290,147,147,0,289,143,1,1,1,1,286,59,414,303,1,89,2,6,113,232,112,1,18,4,28,315,18,73,73,38,7,14,95,True
John Holthaus,191058,T,COLO STATE,4,100.0,1,144,61.9,72.6,65.0,2,1,169,100.0,100.0,99.1,5,3,0,288,0,0,4,288,181,181,0,282,107,2,16,1,434,264,158,176,429,145,11,2,6,137,485,224,1,19,4,28,292,19,10,10,38,9,136,59,True
Joseph Harbert,157842,C,S JOSE ST,4,100.0,0,285,64.3,79.4,58.9,1,2,164,100.0,100.0,99.1,1,3,0,288,288,0,0,288,172,172,0,0,116,0,7,1,1,116,57,164,179,140,16,2,3,120,110,157,1,15,14,18,3,15,18,18,21,6,55,16,True
Phillip Ocon,191067,C,COLO STATE,4,100.0,0,144,60.2,64.7,56.9,2,3,169,100.0,100.0,98.5,0,5,0,288,288,0,0,288,181,181,0,0,107,0,7,1,1,165,173,190,219,183,11,2,3,155,1,206,1,15,14,18,3,15,9,9,21,6,70,16,True
Kaden Sieracki,158571,T,BAYLOR,4,100.0,0,118,55.8,60.1,55.8,1,5,146,100.0,100.0,97.9,2,6,0,287,0,0,287,287,160,160,0,0,127,0,16,1,1,367,309,373,303,388,47,2,6,222,348,356,1,20,4,28,11,20,30,30,38,301,42,156,True
Manuel Serna,188846,T,S JOSE ST,4,100.0,0,285,46.2,57.2,43.2,3,5,160,100.0,100.0,96.9,2,9,1,286,0,0,0,286,169,169,0,286,117,0,16,1,1,458,335,489,470,388,21,2,6,322,348,441,333,21,4,28,315,21,20,20,38,8,89,156,True
Tyler Chen,173000,G,S JOSE ST,4,100.0,0,285,66.3,72.6,63.4,1,4,161,100.0,100.0,98.4,0,5,0,286,0,0,0,286,169,169,286,0,117,0,18,1,1,142,214,186,374,429,21,3,8,278,1,415,1,20,47,327,39,20,22,22,12,40,83,58,True
Aliou Bah,157068,G,LSU,4,100.0,0,211,60.8,64.2,58.1,0,5,154,100.0,100.6,97.7,2,6,1,285,0,0,0,285,162,161,285,0,123,0,18,1,1,283,315,313,1,459,28,3,6,365,396,455,399,21,47,327,39,21,27,30,13,40,62,58,True
Chauncey Gooden,198300,G,COLORADO,4,100.0,0,143,67.0,71.3,68.2,1,4,140,100.0,100.0,97.5,3,6,1,283,0,283,0,283,147,147,0,0,136,0,18,1,1,126,237,104,374,429,58,3,8,386,467,455,399,22,47,8,39,22,64,64,322,40,31,58,True
Tyler Ethridge,215430,T,BOISE ST,4,100.0,0,120,67.3,76.7,60.6,0,3,123,100.0,100.0,98.8,1,3,0,283,0,0,282,283,128,128,0,0,155,1,16,1,1,151,108,266,1,276,118,2,6,154,232,224,1,22,4,28,12,22,129,129,38,301,7,95,True
Fisher Anderson,128961,T,STANFORD,4,100.0,1,300,61.6,37.1,69.4,3,3,162,100.0,100.0,97.5,4,7,1,283,100,0,0,283,175,175,0,182,108,1,16,1,434,270,447,106,470,276,17,2,6,265,469,395,333,22,1,28,315,22,13,13,38,101,134,95,True
Trent Ramsey,158327,G,APP STATE,4,100.0,0,108,50.4,67.7,50.6,0,5,147,100.0,100.0,98.3,4,5,0,283,0,0,0,283,156,156,283,0,127,0,18,1,1,471,272,460,1,459,42,3,8,289,500,415,1,22,47,327,39,22,43,43,14,40,51,58,True
Asher Hale,190087,G,BAYLOR,4,100.0,0,118,48.6,61.3,49.6,2,2,139,100.0,100.0,98.6,6,4,0,282,0,0,0,282,153,153,282,0,129,0,18,1,1,487,344,475,467,295,61,3,8,256,511,378,1,24,47,327,39,24,50,50,15,40,42,58,True
Stewart Taufa,199598,C,BOISE ST,4,100.0,0,120,82.0,80.3,77.6,1,4,123,100.0,100.0,98.0,0,5,0,282,282,0,0,282,128,128,0,0,154,0,7,1,1,8,49,8,179,197,67,2,3,182,1,206,1,17,16,18,3,17,71,71,21,6,5,16,True
Leon Bell,175895,T,COLORADO,4,100.0,1,143,66.4,71.1,61.6,3,3,134,100.0,100.0,97.8,1,6,0,282,0,0,0,282,141,141,0,282,141,0,16,1,434,166,182,242,470,276,84,2,6,237,232,356,1,24,4,28,315,24,92,92,38,9,15,156,True
Simeon Afalava,199138,T,S JOSE ST,4,100.0,0,285,54.8,63.2,60.4,2,4,157,100.0,100.0,97.5,6,7,1,281,0,48,233,281,166,166,0,0,115,0,16,1,1,389,280,273,429,332,24,2,6,265,491,395,333,25,4,4,65,26,24,24,38,301,99,156,True
Aidan Lynch,184936,T,VA TECH,4,99.6,0,337,83.3,82.2,78.9,0,1,142,99.3,99.3,97.5,0,4,3,281,0,0,0,282,152,153,0,281,129,0,16,467,1,15,41,23,1,145,67,471,469,265,1,270,475,25,4,28,315,24,61,57,38,11,39,156,True
Tyriq Poindexter,149980,T,APP STATE,4,100.0,0,108,53.3,72.5,47.3,2,3,146,100.0,100.0,96.9,3,7,2,280,0,0,0,280,155,155,0,280,125,0,16,1,1,407,161,472,429,276,47,2,6,322,425,395,431,27,4,28,315,27,45,46,38,12,52,156,True
Weston Davis,184448,T,LSU,4,100.0,0,211,51.5,54.6,50.6,1,8,151,100.0,100.6,97.0,1,9,0,280,0,0,0,280,158,157,0,277,122,3,16,1,1,430,357,446,303,467,29,2,4,314,232,441,1,27,4,28,315,27,38,39,38,14,62,43,True
Cole Best,144473,C,AUBURN,4,100.0,0,115,64.4,70.7,61.9,0,6,156,100.0,100.0,96.8,2,8,2,279,279,0,0,279,164,164,0,0,115,0,7,1,1,115,141,128,1,227,23,2,3,216,167,228,227,18,17,18,3,18,22,22,21,6,61,16,True
Tyler Voltin,162475,G,OREGON ST,4,100.0,0,265,63.3,73.9,57.4,3,1,181,100.0,100.0,97.8,0,6,2,279,0,0,0,279,196,196,278,0,83,0,18,1,1,209,189,339,501,171,4,3,8,354,1,455,489,25,47,327,39,25,4,4,16,40,205,58,True
Stanton Ramil,174051,T,AUBURN,4,100.0,1,115,66.3,67.2,67.5,2,4,156,100.0,100.0,96.2,3,9,3,279,0,0,2,279,164,164,0,277,115,0,16,1,434,168,233,138,429,332,26,2,6,361,425,441,475,29,4,28,297,29,25,25,38,14,99,156,True
Mark Nabou Jr.,158665,C,TEXAS A&M,4,100.0,0,312,75.3,84.4,72.6,0,2,160,100.0,100.0,99.4,3,2,0,278,278,0,0,278,171,171,0,0,107,0,7,1,1,22,16,23,1,140,21,2,3,95,198,120,1,19,18,18,3,19,19,19,21,6,70,16,True
Canon Boone,146846,C,MISS STATE,4,100.0,0,227,68.2,75.8,63.3,0,3,144,100.0,100.0,99.0,0,3,0,278,278,0,0,278,159,159,0,0,119,0,7,1,1,72,101,106,1,183,35,2,3,127,1,157,1,19,18,18,3,19,28,28,21,6,50,16,True
Jakheem Shumpert-Perkins,198863,T,MISS STATE,4,100.0,0,227,63.6,61.8,61.5,1,2,144,100.0,100.0,96.9,0,6,3,278,0,0,0,278,159,159,0,277,119,1,16,1,1,221,290,245,303,218,58,2,6,322,1,356,475,30,4,28,315,30,35,35,38,14,82,95,True
Bryant Williams,156735,T,ARKANSAS,4,100.0,0,111,52.6,70.8,40.9,0,7,166,100.0,100.0,97.3,1,8,1,278,0,0,0,278,177,177,0,278,101,0,16,1,1,416,187,491,1,450,14,2,6,289,232,427,333,30,4,28,315,30,12,12,38,13,161,156,True
Van Wells,157694,C,OREGON ST,4,100.0,0,265,76.3,84.0,70.3,0,1,181,100.0,100.0,99.7,0,1,0,278,278,0,0,278,195,195,0,0,83,0,7,1,1,14,17,41,1,90,4,2,3,79,1,80,1,19,18,18,3,19,4,4,21,6,115,16,True
Jaheim Buchanon,175543,C,TCU,4,100.0,1,305,66.0,57.1,70.8,0,3,153,100.0,100.0,99.0,4,3,0,277,277,0,0,277,155,155,0,0,122,0,7,1,214,99,196,33,1,183,24,2,3,127,216,157,1,22,21,18,3,22,30,30,21,6,39,16,True
Shaun Torgeson,185069,T,OKLA STATE,4,100.0,0,262,62.3,56.8,64.3,1,9,147,100.0,100.0,96.6,1,10,0,275,0,0,226,275,153,153,0,48,122,1,16,1,1,254,340,193,303,478,43,2,6,343,232,458,1,32,4,28,75,32,56,57,38,185,62,95,True
Brycen Sanders,172527,C,OLE MISS,4,100.0,0,226,59.5,71.0,53.5,0,2,162,100.0,100.0,99.4,0,2,0,275,275,0,0,275,171,171,0,0,104,0,7,1,1,172,139,214,1,140,19,2,3,95,1,120,1,23,22,18,3,23,19,19,21,6,77,16,True
Terez Davis,188246,T,OLE MISS,4,100.0,0,226,67.9,74.2,60.5,1,4,162,100.0,100.0,98.5,1,5,0,275,0,0,275,275,171,171,0,0,104,0,16,1,1,141,141,270,303,332,17,2,6,173,232,312,1,32,4,28,13,32,18,18,38,301,149,156,True
Kevin Peay Jr.,199681,G,GA TECH,4,100.0,0,176,67.4,61.1,67.9,1,0,139,100.0,100.0,98.9,0,2,1,274,0,274,0,274,152,152,0,0,122,0,18,1,1,113,345,111,374,1,61,3,8,217,1,230,399,26,47,9,39,26,54,54,322,40,65,58,True
Robby Martin,183365,G,MARSHALL,4,100.0,0,214,61.6,84.2,56.3,0,1,128,100.0,100.0,99.6,1,1,0,274,0,274,0,274,145,145,0,0,129,0,18,1,1,257,34,369,1,171,86,3,8,138,266,139,1,26,47,9,39,26,70,70,322,40,42,58,True
Andrew Dudley,198720,C,MARSHALL,4,100.0,0,214,58.0,70.9,59.8,1,5,128,100.0,100.0,97.7,4,6,0,274,274,0,0,274,145,145,0,0,129,0,7,1,1,185,140,150,179,219,59,2,3,195,216,217,1,24,23,18,3,24,47,47,21,6,28,16,True
William Boone,189281,T,TEXAS ST,4,100.0,0,314,70.1,79.6,63.5,1,4,115,100.0,100.0,97.8,0,5,0,274,0,0,0,274,119,119,0,273,155,1,16,1,1,106,60,205,303,332,147,2,6,237,1,312,1,34,4,28,315,35,155,156,38,17,7,95,True
Harris Sewell,170024,C,CLEMSON,4,100.0,1,140,66.2,78.2,62.2,1,1,132,100.0,100.0,99.2,2,2,0,274,274,0,0,274,145,145,0,0,129,0,7,1,214,94,69,124,179,90,51,2,3,110,167,120,1,24,23,18,3,24,47,47,21,6,28,16,True
Jalen Slappy,156800,G,MARSHALL,4,100.0,1,214,58.3,80.2,54.5,0,3,128,100.0,100.0,98.8,3,3,0,274,0,0,0,274,145,145,259,15,129,0,18,1,475,347,91,404,1,373,86,3,8,227,467,319,1,26,47,327,39,26,70,70,31,7,42,58,True
Brayden Jacobs,199628,T,CLEMSON,4,100.0,0,140,63.0,78.8,59.8,0,1,132,100.0,100.0,98.9,4,2,1,274,0,0,271,274,145,145,0,0,129,3,16,1,1,236,74,285,1,145,89,2,6,148,469,178,333,34,4,28,14,35,82,82,38,301,39,43,True
Patrick Kutas,163635,G,OLE MISS,4,100.0,0,226,66.6,72.8,63.8,0,2,161,100.0,100.0,99.4,0,2,0,274,0,0,0,274,170,170,274,0,104,0,18,1,1,134,212,176,1,295,21,3,8,158,1,230,1,26,47,327,39,26,21,21,17,40,126,58,True
Devon Manuel,146633,T,APP STATE,4,99.6,0,108,72.6,94.1,61.2,0,0,145,100.0,99.4,100.0,1,0,0,274,0,0,270,275,153,154,0,0,121,5,16,467,1,80,1,250,1,1,50,2,466,1,232,1,1,34,4,28,15,32,56,52,38,301,71,27,True
Ty Furnish,151082,C,GA SOUTHRN,4,100.0,0,174,70.5,83.6,62.6,0,0,170,100.0,100.0,100.0,0,0,0,272,272,0,0,272,183,183,0,0,89,0,7,1,1,56,20,116,1,1,9,2,3,1,1,1,1,26,25,18,3,26,7,7,21,6,109,16,True
Nathan Elu,162450,G,OREGON ST,4,100.0,0,265,69.2,81.0,64.2,2,2,179,100.0,100.0,98.9,0,4,0,272,0,271,0,272,194,194,0,0,78,0,18,1,1,81,83,173,467,295,6,3,8,217,1,378,1,30,47,11,39,30,5,5,322,40,226,58,True
Tyson Ruffins,175727,G,CAL,4,100.0,0,130,63.1,88.1,53.7,0,2,154,100.0,100.0,99.4,0,2,0,271,0,270,0,271,166,166,0,0,105,1,18,1,1,213,12,415,1,295,28,3,8,158,1,230,1,31,47,12,39,31,24,24,322,40,123,26,True
Braelin Moore,157655,C,LSU,4,100.0,0,211,66.3,82.9,64.2,0,1,147,100.0,100.6,99.7,3,1,0,271,271,0,0,271,155,154,0,0,116,0,7,1,1,92,25,91,1,90,31,2,1,79,198,80,1,27,26,18,3,27,30,34,21,6,55,16,True
Jordan Seaton,183886,T,LSU,4,100.0,0,211,61.9,78.2,55.7,0,3,147,100.0,100.6,99.0,2,3,0,271,0,0,270,271,155,154,0,0,116,1,16,1,1,264,83,374,1,276,43,2,4,143,348,224,1,37,4,28,15,37,45,52,38,301,92,95,True
Kamen Smith,176005,G,NC STATE,4,100.0,0,248,67.4,71.6,65.4,0,1,135,100.0,100.0,99.6,0,1,0,271,0,0,0,271,144,144,271,0,127,0,18,1,1,113,230,149,1,171,72,3,8,138,1,139,1,31,47,327,39,31,73,73,18,40,51,58,True
Racin Delgatty,170639,C,ALABAMA,4,100.0,0,103,62.0,62.5,63.4,0,6,134,100.0,100.0,97.0,3,7,1,270,270,0,0,270,146,146,0,0,124,0,7,1,1,146,182,101,1,227,46,2,3,213,198,223,198,28,28,18,3,28,45,45,21,6,35,16,True
Landon Hron,171313,C,N ILLINOIS,4,100.0,0,254,62.1,78.6,57.5,0,3,174,100.0,100.0,98.6,2,4,1,270,270,0,0,270,180,180,0,0,90,0,7,1,1,143,62,182,1,183,6,2,3,148,167,180,198,28,28,18,3,28,10,10,21,6,107,16,True
Jackson Lloyd,198092,T,ALABAMA,4,100.0,1,103,74.2,76.4,71.1,2,0,134,100.0,100.0,99.3,1,2,0,270,0,0,269,270,146,146,0,0,124,1,16,1,434,62,112,89,429,1,84,2,6,126,232,178,1,38,4,28,17,38,78,78,38,301,56,95,True
Sully Burns,158410,T,TEXAS ST,4,100.0,0,314,61.6,71.5,56.1,0,1,112,100.0,100.0,99.6,0,1,0,270,0,0,269,270,116,116,0,0,154,1,16,1,1,270,178,366,1,145,157,2,6,113,1,112,1,38,4,28,17,38,163,164,38,301,9,95,True
Braden Hales,191055,G,COLO STATE,4,100.0,0,144,72.2,64.0,78.9,1,7,160,100.0,100.0,97.5,2,8,0,270,0,270,0,270,169,169,0,0,101,0,18,1,1,50,318,11,374,501,23,3,8,386,396,489,1,33,47,12,39,33,22,22,322,40,138,58,True
Amare Grayson,189783,G,W VIRGINIA,4,100.0,0,343,71.4,76.6,69.3,0,2,76,100.0,100.0,98.7,0,2,0,269,0,0,0,269,81,81,269,0,188,0,18,1,1,61,154,84,1,295,250,3,8,239,1,230,1,34,47,327,39,34,252,252,19,40,1,58,True
Yousef Mugharbil,146694,G,NC STATE,4,100.0,0,248,61.4,77.4,57.8,1,3,135,100.0,100.0,98.5,2,4,0,269,0,269,0,269,144,144,0,0,125,0,18,1,1,262,137,324,374,373,72,3,8,271,396,378,1,34,47,14,39,34,73,73,322,40,57,58,True
Jacob Ponton,184909,T,TEXAS TECH,4,100.0,1,315,82.3,78.9,82.3,0,1,131,100.0,100.0,98.9,3,2,1,269,0,0,3,269,137,137,0,260,132,6,16,1,434,19,73,13,1,145,95,2,6,148,425,178,333,40,4,28,294,40,104,104,38,25,31,23,True
Noah McKinney,158136,G,TCU,4,100.0,0,305,68.8,62.4,69.7,2,5,152,100.0,100.0,97.0,1,8,1,269,0,0,0,269,154,154,269,0,115,0,18,1,1,90,329,78,467,459,31,3,8,425,266,489,399,34,47,327,39,34,48,48,19,40,90,58,True
Kevin Brown,214085,T,W VIRGINIA,4,100.0,0,343,62.7,48.8,68.6,1,2,76,100.0,100.0,95.4,3,5,2,269,0,0,269,269,81,81,0,0,188,0,16,1,1,243,398,115,303,218,256,2,6,408,425,312,431,40,4,28,17,40,257,257,38,301,1,156,True
Wes King,157673,C,W VIRGINIA,4,100.0,0,343,74.3,70.1,72.3,0,3,76,100.0,100.0,98.0,1,3,0,269,269,0,0,269,81,81,0,0,188,0,7,1,1,27,145,25,1,183,130,2,3,182,110,157,1,30,30,18,3,30,130,130,21,6,1,16,True
Jordan Church,169904,G,TEXAS TECH,4,100.0,0,315,67.4,85.2,62.3,0,2,131,100.0,100.0,99.2,0,2,0,269,0,0,0,269,137,137,269,0,132,0,18,1,1,113,27,208,1,295,81,3,8,181,1,230,1,34,47,327,39,34,90,90,19,40,36,58,True
Carsten Casady,171035,T,W VIRGINIA,4,100.0,0,343,55.1,55.4,54.1,0,5,76,100.0,100.0,94.1,0,7,2,269,0,0,0,269,81,81,0,269,188,0,16,1,1,385,353,402,1,388,256,2,6,446,1,395,431,40,4,28,315,40,257,257,38,18,1,156,True
Sheridan Wilson,157336,C,TEXAS TECH,4,100.0,0,315,71.2,86.6,67.4,0,0,131,100.0,100.0,100.0,2,0,0,269,269,0,0,269,137,137,0,0,132,0,7,1,1,50,2,67,1,1,54,2,3,1,167,1,1,30,30,18,3,30,59,59,21,6,24,16,True
Connor Robertson,163858,C,TEXAS,4,100.0,0,311,62.2,79.4,58.6,1,4,147,100.0,100.0,98.3,2,5,0,268,268,0,0,268,151,151,0,0,117,0,7,1,1,139,57,166,179,197,31,2,3,169,167,206,1,32,32,18,3,32,38,38,21,6,53,16,True
Lance Robinson,121819,C,LOUISVILLE,4,100.0,0,210,54.8,49.6,56.6,1,5,128,100.0,100.0,96.9,1,7,1,268,137,0,131,268,139,139,0,0,129,0,7,1,1,206,213,191,179,219,59,2,3,215,110,223,198,32,136,18,1,32,56,56,21,6,28,16,True
Melvin Siani,173280,T,TEXAS,4,100.0,0,311,68.4,83.3,56.8,1,1,147,100.0,100.0,98.0,0,4,2,268,0,0,0,268,151,151,0,268,117,0,16,1,1,133,33,348,303,145,43,2,6,219,1,270,431,43,4,28,315,43,64,64,38,19,89,156,True
Tolu Olajide,165101,T,WAKE,4,100.0,0,339,57.3,53.0,59.5,1,13,145,100.0,100.0,93.1,1,17,3,268,0,0,267,268,157,157,0,0,111,1,16,1,1,344,365,290,303,492,50,2,6,467,232,494,475,43,4,28,20,43,40,39,38,301,120,95,True
Eryx Daugherty,175334,G,LOUISVILLE,4,100.0,0,210,58.3,71.4,55.3,0,2,128,100.0,100.0,99.2,2,2,0,268,0,268,0,268,139,139,0,0,129,0,18,1,1,347,234,388,1,295,86,3,8,181,396,230,1,38,47,15,39,38,81,81,322,40,42,58,True
Jackson Brown,158312,T,UNLV,4,100.0,0,325,61.2,77.9,53.4,1,4,129,100.0,100.0,98.1,1,5,0,268,0,0,0,268,140,140,0,268,128,0,16,1,1,281,87,410,303,332,103,2,6,208,232,312,1,43,4,28,315,43,96,96,38,19,41,156,True
Johnnie Brown III,184277,G,LOUISVILLE,4,100.0,2,210,56.0,57.7,57.1,0,3,128,100.0,100.0,98.0,6,4,1,268,0,0,0,268,139,139,268,0,129,0,18,1,509,403,378,350,1,373,86,3,8,335,511,378,399,38,47,327,39,38,81,81,22,40,42,58,True
Rasheed Jackson,172954,G,TEXAS ST,4,100.0,0,314,60.6,63.9,60.0,2,0,112,100.0,100.0,99.1,1,2,0,268,0,268,0,268,116,116,0,0,152,0,18,1,1,287,319,260,467,1,142,3,8,189,266,230,1,38,47,15,39,38,144,144,322,40,6,58,True
Addison Nichols,157622,G,SMU,4,100.0,0,287,75.8,76.9,77.7,1,1,143,100.0,100.0,99.3,2,2,0,267,0,0,0,267,151,151,266,0,116,0,18,1,1,27,147,19,374,171,53,3,8,167,396,230,1,41,47,327,39,41,55,55,23,40,86,58,True
Joshua Bates,173685,C,SMU,4,100.0,0,287,68.0,83.9,60.6,1,1,144,100.0,100.0,99.3,1,2,0,267,267,0,0,267,152,152,0,0,115,0,7,1,1,75,18,139,179,90,35,2,3,105,110,120,1,34,33,18,3,34,36,36,21,6,61,16,True
Donovan Lawrence,200216,G,UAB,4,100.0,0,321,57.3,41.7,58.4,3,7,116,100.0,100.0,94.8,3,11,1,267,0,267,0,267,123,123,0,0,144,0,18,1,1,373,463,304,501,501,130,3,8,483,467,509,399,41,47,17,39,41,129,129,322,40,12,58,True
Adam Lepkowski,145455,C,UAB,4,100.0,0,321,62.1,52.6,65.5,0,7,116,100.0,100.0,97.0,2,7,0,267,267,0,0,267,123,123,0,0,144,0,7,1,1,143,205,80,1,229,80,2,3,213,167,223,1,34,33,18,3,34,80,80,21,6,10,16,True
Bradley Smith,189397,G,DUKE,4,100.0,0,154,64.1,83.1,60.6,0,1,109,100.0,100.0,99.5,2,1,0,267,21,6,0,267,116,116,240,0,151,0,18,1,1,185,47,249,1,171,149,3,8,146,396,139,1,41,16,299,39,41,144,144,57,40,8,58,True
Aidan Martin,204454,T,WAKE,4,100.0,0,339,54.3,47.2,58.7,1,6,145,100.0,100.0,96.2,2,9,2,267,0,0,0,267,156,156,0,267,111,0,16,1,1,396,407,303,303,421,50,2,6,361,348,441,431,46,4,28,315,46,42,42,38,21,120,156,True
Ma'Kyi Lee,157176,T,NEW MEX ST,5,100.0,0,242,56.7,51.3,57.2,2,6,136,100.0,100.0,94.9,0,11,3,267,0,0,266,267,142,142,0,0,125,1,1,1,1,354,380,342,429,421,76,2,6,425,1,473,475,46,4,28,21,46,85,85,38,301,52,95,True
Kristian Phillips,158395,T,BOSTON COL,4,100.0,1,121,59.9,59.8,62.6,3,10,150,100.0,100.0,94.3,2,15,2,266,0,0,0,266,159,159,0,266,107,0,16,1,434,306,310,224,470,487,34,2,6,442,348,488,431,48,4,28,315,48,35,35,38,22,136,156,True
Robert Smith IV,207829,G,BOSTON COL,4,100.0,0,121,62.8,77.9,58.6,0,4,150,100.0,100.0,98.0,1,5,1,266,0,266,0,266,159,159,0,0,107,0,18,1,1,219,129,296,1,429,36,3,8,335,266,415,399,44,47,18,39,44,36,36,322,40,114,58,True
Cade McConnell,157498,G,VANDERBILT,4,100.0,0,333,50.6,35.0,56.7,5,7,146,100.0,100.0,95.9,3,12,0,266,24,131,0,266,156,156,111,0,110,0,18,1,1,470,481,362,511,501,44,3,8,463,467,510,1,44,14,139,39,44,43,43,139,40,106,58,True
Mustafa Kanneh,214862,G,DELAWARE,4,100.0,0,151,65.7,72.1,67.9,1,4,148,100.0,100.0,98.3,2,5,0,266,0,264,1,266,161,161,0,0,105,0,18,1,1,159,220,111,374,429,41,3,8,289,396,415,1,44,47,19,29,44,31,30,322,40,123,58,True
Judah Pruitt,190198,G,BOSTON COL,4,100.0,0,121,63.4,82.2,58.2,1,2,150,100.0,100.0,99.0,3,3,0,266,0,0,0,266,159,159,266,0,107,0,18,1,1,203,59,308,374,295,36,3,8,199,467,319,1,44,47,327,39,44,36,36,23,40,114,58,True
Dylan Villarouel,198602,C,KANSAS ST,4,100.0,0,199,65.5,76.9,59.5,2,2,149,100.0,100.0,98.7,0,4,0,266,265,0,0,266,155,155,0,0,111,0,7,1,1,103,84,154,219,140,29,2,3,141,1,180,1,36,35,18,3,36,30,30,21,6,69,16,True
Ben Taylor-Whitfield,173151,T,TCU,4,100.0,0,305,54.6,52.3,53.8,3,4,151,100.0,100.0,95.7,3,10,3,265,0,0,265,265,153,153,0,0,112,0,16,1,1,391,373,405,470,332,29,2,6,395,425,458,475,49,4,28,22,50,56,57,38,301,118,156,True
Brandon Baker,184502,G,TEXAS,4,100.0,0,311,63.1,74.4,58.5,0,4,145,100.0,100.0,97.9,0,5,1,265,0,0,0,265,149,149,265,0,116,0,18,1,1,213,182,299,1,429,46,3,8,348,1,415,399,48,47,327,39,48,59,59,25,40,86,58,True
Boaz Stanley,172366,C,PURDUE,4,100.0,1,273,50.4,37.0,56.2,0,8,152,100.0,100.0,96.7,2,9,1,265,265,0,0,265,163,163,0,0,102,0,7,1,214,223,228,193,1,230,26,2,3,218,167,230,198,37,35,18,3,37,23,23,21,6,83,16,True
Gus Hawkins,188684,T,KANSAS ST,4,100.0,0,199,68.3,75.0,63.5,0,3,149,100.0,100.0,99.0,2,3,0,265,0,0,0,265,155,155,0,265,110,0,16,1,1,136,134,205,1,276,36,2,6,143,348,224,1,49,4,28,315,50,45,46,38,23,123,156,True
Ryan Howerton,183526,G,MARYLAND,4,100.0,0,215,59.1,68.0,53.3,0,3,165,100.0,100.0,98.5,0,4,1,265,0,0,0,265,174,174,265,0,91,0,18,1,1,325,271,422,1,373,16,3,8,271,1,378,399,48,47,327,39,48,18,18,25,40,179,58,True
Ziyare Addison,199878,T,OREGON,4,100.0,0,264,54.9,53.0,56.2,2,7,145,100.0,100.0,95.5,2,11,2,265,0,1,257,265,151,151,0,0,114,7,16,1,1,387,365,364,429,450,50,2,6,400,348,473,431,49,4,16,35,50,64,64,38,301,106,19,True
Micah Banuelos,176635,G,PURDUE,4,100.0,1,273,49.9,59.1,49.7,2,3,152,100.0,100.0,97.0,4,7,2,265,0,0,0,265,163,163,265,0,102,0,18,1,475,478,364,473,467,373,31,3,8,425,500,474,489,48,47,327,39,48,26,26,25,40,134,58,True
Frederick Williams III,176569,T,CAL,4,100.0,0,130,62.8,52.1,70.7,1,9,148,100.0,100.0,96.6,3,10,0,265,0,0,264,265,160,160,0,0,105,1,16,1,1,242,375,91,303,478,41,2,6,343,425,458,1,49,4,28,25,50,30,30,38,301,147,95,True
Michael Hershey,188250,C,MARYLAND,4,100.0,1,215,67.0,87.9,64.7,1,0,165,100.0,100.0,99.7,4,1,0,265,265,0,0,265,174,174,0,0,91,0,7,1,214,87,1,88,179,1,14,2,3,79,216,80,1,37,35,18,3,37,16,16,21,6,102,16,True
Trevor Goosby,176177,T,TEXAS,4,100.0,0,311,78.5,85.4,70.2,1,6,145,100.0,100.0,97.6,0,7,0,265,0,0,265,265,149,149,0,0,116,0,16,1,1,36,16,96,303,421,50,2,6,256,1,395,1,49,4,28,22,50,67,67,38,301,92,156,True
Ryan Howard,183899,T,KANSAS ST,4,100.0,0,199,75.5,80.7,68.4,0,5,149,100.0,100.0,98.3,0,5,0,265,0,0,265,265,155,155,0,0,110,0,16,1,1,48,51,117,1,388,36,2,6,191,1,312,1,49,4,28,22,50,45,46,38,301,123,156,True
DJ Chester,172473,G,MISS STATE,4,100.0,0,227,57.4,70.5,56.1,0,2,133,100.0,100.0,99.2,3,2,0,264,0,245,0,264,148,148,19,0,116,0,18,1,1,370,245,373,1,295,77,3,8,181,467,230,1,51,47,36,39,52,61,61,254,40,86,58,True
Graceson Spann,199940,G,SM HOUSTON,4,100.0,0,281,59.1,63.1,57.2,0,4,169,100.0,100.0,98.2,1,5,1,264,0,263,0,264,179,179,0,1,85,0,18,1,1,325,324,347,1,429,12,3,8,305,266,415,399,51,47,20,39,52,12,12,322,31,199,58,True
Nolan Hay,161411,G,S CAROLINA,4,99.6,0,289,71.5,77.7,69.5,0,3,137,100.0,99.3,97.4,1,5,2,264,128,136,0,265,146,147,0,0,118,0,18,504,1,59,133,80,1,373,67,3,503,392,266,415,489,51,1,134,39,48,67,64,322,40,80,58,True
Denell Nix Jr.,204613,G,SM HOUSTON,4,100.0,1,281,50.1,50.6,47.9,0,5,169,100.0,100.0,98.5,3,5,0,264,0,0,0,264,179,179,264,0,85,0,18,1,475,476,426,483,1,459,12,3,8,271,467,415,1,51,47,327,39,52,12,12,28,40,199,58,True
Howard Sampson,156612,T,TEXAS TECH,4,100.0,0,315,73.4,76.7,70.1,0,2,131,100.0,100.0,99.2,1,2,0,264,0,0,258,264,137,137,0,4,127,2,16,1,1,67,108,98,1,218,95,2,6,131,232,178,1,55,4,28,31,56,104,104,38,283,42,59,True
Layth Ghannam,174783,G,VA TECH,4,100.0,0,337,67.0,79.2,66.7,0,2,129,100.0,100.0,99.2,5,2,0,264,0,240,22,264,139,139,0,0,125,2,18,1,1,126,107,130,1,295,83,3,8,181,509,230,1,51,47,40,8,52,81,81,322,40,57,19,True
Brock Stukes,178307,C,SM HOUSTON,4,100.0,0,281,63.0,76.4,57.3,0,2,169,100.0,100.0,99.4,2,2,0,264,264,0,0,264,179,179,0,0,85,0,7,1,1,123,92,185,1,140,11,2,3,95,167,120,1,39,38,18,3,39,11,11,21,6,111,16,True
Tyhler Williams,156886,C,GA STATE,4,100.0,0,175,66.3,64.5,66.0,1,2,126,100.0,100.0,98.8,2,3,0,263,263,0,0,263,132,132,0,0,131,0,7,1,1,92,174,72,179,140,62,2,3,137,167,157,1,40,39,18,3,40,62,62,21,6,26,16,True
Aaron Fenimore,174929,C,LIBERTY,4,100.0,0,206,83.5,85.3,77.9,0,0,110,100.0,100.0,99.1,0,1,1,263,263,0,0,263,118,118,0,0,145,0,7,1,1,5,7,6,1,1,87,2,3,120,1,80,198,40,39,18,3,40,86,86,21,6,9,16,True
Myles Joseph,218814,T,SM HOUSTON,4,100.0,0,281,60.2,66.6,52.1,0,12,168,100.0,100.0,95.2,2,14,2,263,0,0,263,263,178,178,0,0,85,0,16,1,1,301,242,432,1,489,13,2,6,412,348,486,431,56,4,28,26,57,11,11,38,301,218,156,True
Mikel Udengwu,220438,C,TEXAS ST,4,100.0,0,314,61.2,67.6,62.9,1,1,109,100.0,100.0,99.1,4,2,0,263,263,0,0,263,112,112,0,0,151,0,7,1,1,156,160,114,179,90,88,2,3,120,216,120,1,40,39,18,3,40,96,96,21,6,6,16,True
Kaliem Croswell,199738,G,LA MONROE,4,100.0,1,209,59.4,65.8,61.6,0,4,145,100.0,100.0,98.6,3,4,0,262,0,262,0,262,148,148,0,0,114,0,18,1,475,315,294,228,1,429,46,3,8,256,467,378,1,56,47,21,39,56,61,61,322,40,93,58,True
AJ Vinson,199732,T,LA MONROE,4,100.0,1,209,64.4,80.9,60.4,0,5,145,100.0,100.0,97.6,4,6,1,262,0,0,0,262,148,148,0,262,114,0,16,1,434,204,50,273,1,388,50,2,6,256,469,356,333,57,4,28,315,58,68,69,38,24,106,156,True
Jesse Perry,184890,T,TENNESSEE,4,100.0,0,307,78.6,55.9,86.5,1,9,131,100.0,100.0,94.7,1,12,2,262,0,4,0,262,141,141,20,238,121,0,16,1,1,35,349,9,303,478,95,2,6,428,232,477,431,57,4,10,315,58,92,92,10,51,71,156,True
Teague Andersen,163424,C,NC STATE,4,100.0,0,248,71.8,71.6,70.7,0,4,132,100.0,100.0,98.5,1,4,0,262,194,0,0,262,140,140,0,68,122,0,7,1,1,45,136,34,1,197,51,2,3,155,110,180,1,43,110,18,3,43,54,54,21,1,39,16,True
Luke Lapeze,145517,C,UTSA,4,100.0,0,331,64.6,63.9,62.5,0,2,137,100.0,100.0,99.3,0,2,0,262,262,0,0,262,149,149,0,0,113,0,7,1,1,113,175,120,1,140,43,2,3,105,1,120,1,43,42,18,3,43,40,40,21,6,65,16,True
Bryson Summers,174214,C,SACRAMENTO,4,100.0,0,279,59.4,53.6,61.5,2,4,152,100.0,100.0,98.0,1,6,0,262,262,0,0,262,162,162,0,0,100,0,7,1,1,173,202,131,219,197,26,2,3,182,110,217,1,43,42,18,3,43,24,24,21,6,86,16,True
Sean Dugery,176903,C,LA MONROE,4,100.0,1,209,56.8,68.3,57.5,0,2,145,100.0,100.0,98.6,3,3,1,262,262,0,0,262,148,148,0,0,114,0,7,1,214,189,156,182,1,140,33,2,3,148,198,157,198,43,42,18,3,43,43,43,21,6,63,16,True
Barrett Maddox,172621,T,UAB,4,98.5,2,321,32.2,34.7,35.8,2,9,111,96.5,96.7,92.3,4,14,3,262,0,0,0,266,118,122,0,245,144,8,16,489,490,493,454,494,429,478,159,489,489,478,469,486,475,57,4,28,315,48,158,150,38,45,13,14,True
Tyree Adams,172467,T,TEXAS A&M,4,100.0,0,312,70.3,61.3,77.0,1,9,149,100.0,100.0,96.6,2,10,0,261,0,0,261,261,160,160,0,0,101,0,16,1,1,103,297,33,303,478,36,2,6,343,348,458,1,60,4,28,27,60,30,30,38,301,161,156,True
Jordan Larsen,164839,G,DUKE,4,100.0,1,154,62.1,82.2,60.3,1,1,109,100.0,100.0,98.2,2,3,1,261,0,261,0,261,116,116,0,0,145,0,18,1,475,237,59,254,374,171,149,3,8,305,396,319,399,57,47,22,39,57,144,144,322,40,11,58,True
Joep Engbers,175950,G,LIBERTY,4,100.0,0,206,74.9,68.3,75.0,0,1,108,100.0,100.0,99.5,0,1,0,260,0,260,0,260,116,116,0,0,144,0,18,1,1,34,268,37,1,171,156,3,8,146,1,139,1,58,47,23,39,58,144,144,322,40,12,58,True
Matthew Lado,183729,T,ARIZONA,4,100.0,1,109,55.3,67.0,53.5,1,8,161,100.0,100.0,96.6,5,10,1,260,0,0,260,260,164,164,0,0,96,0,16,1,434,379,238,409,303,467,19,2,6,343,485,458,333,61,4,28,28,61,25,25,38,301,184,156,True
Netinho Olivieri,164678,T,PITTSBURGH,4,100.0,0,268,68.5,80.0,58.6,0,4,145,100.0,100.0,97.9,1,5,1,260,0,0,260,260,153,153,0,0,107,0,16,1,1,132,55,304,1,332,50,2,6,222,232,312,333,61,4,28,28,61,56,57,38,301,136,156,True
Ryan Carretta,175412,C,PITTSBURGH,4,100.0,0,268,54.6,80.9,54.3,0,3,145,100.0,100.0,99.0,6,3,0,260,260,0,0,260,153,153,0,0,107,0,7,1,1,207,42,208,1,183,33,2,3,127,229,157,1,47,45,18,3,47,35,35,21,6,70,16,True
Jo Simmons,156717,T,AUBURN,4,100.0,0,115,56.8,63.0,56.0,0,8,147,100.0,100.0,95.9,2,10,2,260,0,0,258,260,154,154,0,2,106,0,16,1,1,352,282,368,1,467,43,2,6,382,348,458,431,61,4,28,31,61,53,52,38,290,142,156,True
Roger Carreon,163374,G,BOISE ST,4,100.0,0,120,75.9,66.9,78.5,0,4,112,100.0,100.0,98.2,1,4,0,260,0,0,0,260,116,116,260,0,144,0,18,1,1,26,280,13,1,429,142,3,8,305,266,378,1,58,47,327,39,58,144,144,29,40,12,58,True
Bo Bordelon,157119,G,LSU,4,100.0,0,211,51.1,27.1,58.3,0,9,136,100.0,100.7,96.0,2,10,1,260,0,260,0,260,143,142,0,0,117,0,18,1,1,466,492,306,1,509,70,3,3,460,396,505,399,58,47,23,39,58,76,76,322,40,83,58,True
Ryan Baer,156362,T,PITTSBURGH,4,100.0,0,268,72.1,84.6,60.8,1,1,145,100.0,100.0,99.3,0,2,0,260,0,0,0,260,153,153,0,260,107,0,16,1,1,83,23,262,303,145,50,2,6,126,1,178,1,61,4,28,315,61,56,57,38,25,136,156,True
Bo Hughley,176330,T,COLORADO,4,100.0,0,143,67.9,75.8,66.2,1,4,123,100.0,100.0,98.0,2,5,0,260,0,0,260,260,130,130,0,0,130,0,16,1,1,141,121,154,303,332,118,2,6,219,348,312,1,61,4,28,28,61,120,120,38,301,34,156,True
BJ Williams,170127,G,PITTSBURGH,4,100.0,0,268,65.3,84.0,58.6,0,2,145,100.0,100.0,99.3,1,2,0,260,0,0,0,260,153,153,260,0,107,0,18,1,1,164,36,296,1,295,46,3,8,167,266,230,1,58,47,327,39,58,50,50,29,40,114,58,True
A'marion Breland,204429,T,UTSA,4,100.0,0,331,46.8,28.8,54.5,0,7,135,100.0,100.0,97.4,3,7,0,260,0,0,243,260,147,147,0,13,113,1,16,1,1,456,465,398,1,450,80,2,6,280,425,395,1,61,4,28,52,61,73,73,38,265,113,95,True
Tariq Montgomery,156802,T,MARSHALL,4,100.0,0,214,71.2,66.1,69.7,1,4,121,100.0,100.0,97.9,2,5,0,259,0,0,258,259,136,136,0,1,123,0,16,1,1,91,249,103,303,332,124,2,6,222,348,312,1,67,4,28,31,67,108,109,38,293,59,156,True
Trent Fraley,156795,C,MICH STATE,4,100.0,0,223,80.8,80.5,76.3,0,1,131,100.0,100.0,99.6,0,1,0,259,259,0,0,259,138,138,0,0,121,0,7,1,1,9,46,10,1,90,54,2,3,82,1,80,1,48,46,18,3,48,57,57,21,6,42,16,True
Guzzy Kayed,185740,G,E MICHIGAN,4,100.0,0,160,59.0,78.1,53.1,0,4,152,100.0,100.0,98.0,1,5,1,259,0,259,0,259,162,162,0,0,97,0,18,1,1,332,126,428,1,429,31,3,8,335,266,415,399,62,47,25,39,62,27,27,322,40,155,58,True
Jacob Norcross,190299,C,NEVADA,4,100.0,0,239,56.1,76.6,58.3,0,2,124,100.0,100.0,98.4,6,3,1,258,258,0,0,258,132,132,0,0,126,0,7,1,1,197,89,172,1,140,64,2,3,164,229,157,198,49,47,18,3,49,62,62,21,6,33,16,True
Gage Stanaland,174310,G,GA STATE,4,100.0,0,175,64.8,74.9,65.0,0,1,123,100.0,100.0,98.8,3,2,1,258,0,1,0,258,130,130,257,0,128,0,18,1,1,169,178,157,1,171,108,3,8,227,467,230,399,63,47,316,39,63,105,105,33,40,50,58,True
Henry Sellards,190050,T,NEVADA,4,100.0,0,239,70.7,68.7,67.8,1,3,124,100.0,100.0,98.4,0,4,0,258,0,0,0,258,132,132,0,258,126,0,16,1,1,97,212,132,303,276,116,2,6,181,1,270,1,68,4,28,315,68,114,114,38,27,45,156,True
Jack Foster,158975,T,NEVADA,4,100.0,0,239,61.4,69.2,58.1,0,7,124,100.0,100.0,96.4,1,8,1,258,0,0,258,258,132,132,0,0,126,0,16,1,1,273,204,320,1,450,116,2,6,355,232,427,333,68,4,28,31,68,114,114,38,301,45,156,True
Clinton Azubuike,184995,T,VANDERBILT,4,100.0,0,333,58.4,66.0,56.6,0,6,143,100.0,100.0,97.9,3,6,0,258,0,0,148,258,154,154,0,109,104,1,16,1,1,329,252,356,1,421,61,2,6,222,425,356,1,68,4,28,120,68,53,52,38,149,149,95,True
Ethan Newman,173798,G,NEVADA,4,100.0,0,239,70.6,70.4,71.7,1,2,124,100.0,100.0,98.8,1,3,0,258,0,0,0,258,132,132,258,0,126,0,18,1,1,66,248,61,374,295,101,3,8,227,266,319,1,63,47,327,39,63,100,100,32,40,53,58,True
Sioape Vatikani,158334,G,CAL,4,100.0,1,130,51.9,40.9,53.9,1,5,146,100.0,100.0,96.6,2,8,2,258,0,0,0,258,157,157,257,0,101,1,18,1,475,460,467,412,374,459,44,3,8,436,396,489,489,63,47,327,39,63,41,41,33,40,138,26,True
Tai Ray,175421,T,W KENTUCKY,5,100.0,0,346,55.4,60.8,49.9,1,6,153,100.0,100.0,97.1,1,8,1,257,0,0,111,257,158,158,0,145,99,1,1,1,1,378,299,452,303,421,28,2,6,305,232,427,333,71,4,28,143,71,38,38,38,131,170,95,True
Delano Townsend,173351,G,OLE MISS,4,100.0,0,226,57.9,71.0,53.5,0,1,154,100.0,100.0,99.0,2,2,1,257,0,257,0,257,162,162,0,0,95,0,18,1,1,359,240,418,1,171,28,3,8,199,396,230,399,66,47,26,39,66,27,27,322,40,163,58,True
David Applewhite,190004,T,LA MONROE,4,100.0,1,209,69.1,75.6,64.9,0,4,142,100.0,100.0,98.6,1,4,0,257,0,0,255,257,145,145,0,0,112,2,16,1,434,127,125,178,1,332,67,2,6,164,232,270,1,71,4,28,38,71,82,82,38,301,118,59,True
Noah Rosahac,183378,T,DELAWARE,4,100.0,0,151,60.2,48.0,64.8,2,9,144,100.0,100.0,93.4,1,15,4,257,0,1,178,257,157,157,0,76,100,2,16,1,1,301,403,181,429,478,58,2,6,461,232,488,491,71,4,16,108,71,40,39,38,167,167,59,True
Quentis Griffin Jr.,184315,G,LA MONROE,4,100.0,0,209,54.6,44.2,54.5,2,6,144,100.0,100.0,96.5,0,9,1,257,0,0,0,257,147,147,257,0,110,0,18,1,1,422,454,404,467,491,51,3,8,439,1,499,399,66,47,327,39,66,64,64,33,40,106,58,True
Trumain Lawson,209740,T,OHIO,4,100.0,1,259,69.8,55.4,73.1,1,3,135,100.0,100.0,98.5,1,4,0,257,0,0,0,257,142,142,0,257,115,0,16,1,434,112,353,73,303,276,80,2,6,173,232,270,1,71,4,28,315,71,85,85,38,28,99,156,True
Jayvin James,173357,T,ALABAMA,4,100.0,1,103,61.2,67.9,57.8,0,3,129,100.0,100.0,98.8,2,3,0,257,0,0,0,257,141,141,0,257,116,0,16,1,434,281,222,327,1,276,103,2,6,154,348,224,1,71,4,28,315,71,92,92,38,28,92,156,True
Jarian Shelby,164127,T,OHIO,4,100.0,0,259,67.6,62.9,66.4,2,7,135,100.0,100.0,96.7,0,9,0,257,0,0,257,257,142,142,0,0,115,0,16,1,1,145,285,152,429,450,80,2,6,337,1,441,1,71,4,28,35,71,85,85,38,301,99,156,True
LJ Prudhomme,200080,G,MISS STATE,4,100.0,0,227,66.2,67.2,67.1,0,1,139,100.0,100.0,99.6,2,1,0,256,0,0,0,256,151,151,256,0,105,0,18,1,1,143,279,122,1,171,61,3,8,138,396,139,1,68,47,327,39,68,55,55,36,40,123,58,True
Terrence Salami,145134,C,RUTGERS,4,100.0,0,278,67.6,71.6,65.7,1,3,133,100.0,100.0,98.5,1,4,0,256,256,0,0,256,140,140,0,0,116,0,7,1,1,83,136,75,179,183,47,2,3,155,110,180,1,50,48,18,3,50,54,54,21,6,55,16,True
Harrison Moore,183220,C,FLORIDA,4,100.0,0,163,71.2,74.3,70.4,1,1,99,100.0,100.0,99.0,2,2,0,256,256,0,0,256,108,108,0,0,148,0,7,1,1,50,121,39,179,90,104,2,3,127,167,120,1,50,48,18,3,50,103,103,21,6,7,16,True
Koltin Sieracki,184821,C,BAYLOR,3,100.0,0,118,68.2,73.4,64.0,0,0,125,100.0,100.0,99.2,0,1,1,256,256,0,0,256,138,138,0,0,118,0,126,1,1,72,126,94,1,1,63,2,3,110,1,80,198,50,48,18,3,50,57,57,21,6,51,16,True
Seth Anstead,188446,G,OHIO,4,100.0,0,259,53.1,42.9,54.9,2,6,135,100.0,100.0,96.3,1,9,1,256,0,0,0,256,141,141,256,0,115,0,18,1,1,440,460,395,467,491,72,3,8,447,266,499,399,68,47,327,39,68,78,78,36,40,90,58,True
Alexander Doost,176507,G,ARIZONA,4,100.0,0,109,65.4,82.9,61.0,2,0,158,100.0,100.0,99.4,1,2,0,256,0,0,0,256,161,161,256,0,95,0,18,1,1,162,51,241,467,1,24,3,8,158,266,230,1,68,47,327,39,68,31,30,36,40,163,58,True
Ahmad Carwise,197782,G,TOLEDO,4,100.0,0,316,66.0,89.1,59.1,0,0,126,100.0,100.0,100.0,1,0,0,256,0,0,0,256,137,137,256,0,119,0,18,1,1,148,7,281,1,1,96,3,8,1,266,1,1,68,47,327,39,68,90,90,36,40,77,58,True
Justin Evans,156464,C,NEBRASKA,4,100.0,0,238,79.8,82.2,76.3,0,0,119,100.0,100.0,100.0,2,0,0,256,256,0,0,256,121,121,0,0,135,0,7,1,1,11,32,10,1,1,73,2,3,1,167,1,1,50,48,18,3,50,82,82,21,6,22,16,True
Kwabena Asamoah,156503,G,RUTGERS,4,100.0,0,278,75.1,65.7,77.1,1,1,133,100.0,100.0,99.2,1,2,0,256,0,0,0,256,140,140,255,0,116,0,18,1,1,30,297,22,374,171,77,3,8,181,266,230,1,68,47,327,39,68,79,79,40,40,86,58,True
Jeremiah Orr,143264,T,JVILLE ST,5,100.0,0,196,51.6,60.2,51.1,0,4,127,100.0,100.0,98.4,2,4,0,256,0,0,236,256,140,140,0,19,116,0,1,1,1,428,308,440,1,332,108,2,6,181,348,270,1,77,4,28,61,77,96,96,38,245,92,156,True
Matt Hofer,184126,T,TOLEDO,4,100.0,0,316,77.4,79.5,71.6,2,1,126,100.0,100.0,98.8,1,3,0,256,0,0,0,256,137,137,0,256,119,0,16,1,1,38,61,85,429,145,109,2,6,154,232,224,1,77,4,28,315,77,104,104,38,30,82,156,True
Emmanuel Kojo Poku,162652,G,S CAROLINA,4,100.0,1,289,68.5,83.7,65.9,0,2,136,100.0,100.0,99.3,1,2,0,255,0,0,0,255,146,146,254,0,109,1,18,1,475,95,38,140,1,295,70,3,8,167,266,230,1,73,47,327,39,73,67,68,42,40,110,26,True
Tristan Bounds,144927,T,ARIZONA,4,100.0,0,109,67.9,77.3,58.4,1,4,157,100.0,100.0,98.4,0,5,0,255,0,0,0,255,160,160,0,255,95,0,16,1,1,141,100,311,303,332,24,2,6,181,1,312,1,79,4,28,315,80,30,30,38,31,191,156,True
Kolt Dieterich,175612,C,WASHINGTON,4,100.0,0,340,56.7,60.3,55.6,1,4,170,100.0,100.0,98.5,1,5,0,255,255,0,0,255,175,175,0,0,80,0,7,1,1,190,189,197,179,197,9,2,3,155,110,206,1,54,52,18,3,54,14,14,21,6,120,16,True
Malachi Carney,157867,T,GA TECH,4,100.0,0,176,67.4,64.8,67.8,1,4,132,100.0,100.0,98.1,2,5,0,255,0,0,0,255,142,142,0,254,113,1,16,1,1,149,267,132,303,332,89,2,6,208,348,312,1,79,4,28,315,80,85,85,38,33,113,95,True
Chandler Telfaire,204838,G,DELAWARE,4,100.0,1,151,58.3,56.9,56.3,0,6,142,100.0,100.0,97.2,1,7,1,255,11,0,0,255,155,155,243,0,100,1,18,1,475,347,381,369,1,491,57,3,8,407,266,474,399,73,24,327,39,73,46,46,54,40,143,26,True
Carson Rasmussen,176280,G,BOISE ST,4,100.0,0,120,61.4,71.4,57.9,1,2,109,100.0,100.0,97.7,0,4,1,255,0,254,0,255,113,113,0,0,142,1,18,1,1,262,234,321,374,295,149,3,8,365,1,378,399,73,47,27,39,73,159,159,322,40,15,26,True
John Mills,199518,G,WASHINGTON,4,100.0,0,340,76.1,91.6,70.8,1,1,170,100.0,100.0,99.4,0,2,0,255,0,230,25,255,175,175,0,0,80,0,18,1,1,25,2,68,374,171,11,3,8,158,1,230,1,73,47,51,7,73,15,15,322,40,216,58,True
Ibrahim Traore,129796,T,TOLEDO,4,99.6,0,316,63.6,63.0,65.3,2,4,125,99.2,99.3,97.6,3,6,0,255,0,0,256,256,136,137,0,0,119,0,16,467,1,221,282,170,429,332,113,474,469,256,425,356,1,79,4,28,37,77,108,104,38,301,82,156,True
Jayvon McFadden,199861,G,COLORADO,4,100.0,1,143,61.3,77.3,56.2,0,5,124,100.0,100.0,98.0,1,5,0,255,0,0,0,255,131,131,255,0,124,0,18,1,475,267,139,371,1,459,101,3,8,335,266,415,1,73,47,327,39,73,104,104,40,40,59,58,True
Drew Azzopardi,158777,T,WASHINGTON,4,100.0,0,340,70.9,84.5,61.3,0,3,170,100.0,100.0,99.1,1,3,0,255,0,0,0,255,175,175,0,255,80,0,16,1,1,93,25,248,1,276,10,2,6,137,232,224,1,79,4,28,315,80,13,13,38,31,229,156,True
Rahtrel Perry,165008,T,MARYLAND,4,100.0,0,215,69.6,59.1,72.6,1,3,159,100.0,100.0,97.5,0,6,2,254,0,0,252,254,167,167,0,0,87,2,16,1,1,119,317,77,303,276,22,2,6,265,1,356,431,83,4,28,41,84,22,22,38,301,214,59,True
Jack Laird,205034,T,MARSHALL,4,99.6,0,214,51.9,58.8,47.2,0,10,118,99.2,99.3,95.8,0,10,0,254,0,0,15,255,134,135,0,239,120,0,16,467,1,421,321,473,1,487,139,474,469,388,1,458,1,83,4,28,261,80,110,110,38,50,76,156,True
Darius Gray,218862,T,S CAROLINA,4,100.0,0,289,64.6,80.2,58.5,1,0,136,100.0,100.0,98.9,2,2,1,254,0,0,152,254,146,146,0,93,108,9,16,1,1,201,54,307,303,1,76,2,6,148,348,178,333,83,4,28,119,84,78,78,38,160,134,10,True
Quentin Butler,198823,T,MIDDLE TN,4,100.0,0,224,64.5,70.7,63.5,0,9,140,100.0,100.0,96.8,3,9,0,254,0,0,253,254,148,148,0,0,106,0,16,1,1,203,190,205,1,478,70,2,6,330,425,441,1,83,4,28,39,84,68,69,38,301,142,156,True
Reese Tripp,173423,T,MIDDLE TN,4,100.0,0,224,69.5,67.9,69.3,1,4,140,100.0,100.0,96.8,1,7,2,254,0,0,0,254,148,148,0,253,106,0,16,1,1,122,222,108,303,332,70,2,6,330,232,395,431,83,4,28,315,84,68,69,38,34,142,156,True
Chris Hood,163085,T,BALL ST,4,100.0,0,117,65.7,66.4,70.0,1,5,143,100.0,100.0,97.9,3,6,0,254,0,0,253,254,155,155,0,0,99,1,16,1,1,180,244,100,303,388,61,2,6,222,425,356,1,83,4,28,39,84,45,46,38,301,170,95,True
Tristan Cook,173994,T,BALL ST,4,100.0,0,117,52.9,49.4,60.6,0,8,143,100.0,100.0,95.8,3,10,2,254,0,0,0,254,155,155,0,253,99,1,16,1,1,412,393,266,1,467,61,2,6,388,425,458,431,83,4,28,315,84,45,46,38,34,170,95,True
Paul Mubenga,172488,G,NEBRASKA,4,100.0,0,238,59.4,61.0,59.2,2,4,119,100.0,100.0,97.5,1,6,0,254,0,249,0,254,121,121,5,0,133,0,18,1,1,315,347,279,467,429,118,3,8,386,266,455,1,78,47,33,39,78,135,135,299,40,34,58,True
Grant Haworth,189753,C,BALL ST,4,100.0,0,117,71.3,73.9,71.6,2,2,143,100.0,100.0,98.6,2,4,0,254,254,0,0,254,155,155,0,0,99,0,7,1,1,48,124,27,219,140,38,2,3,148,167,180,1,55,53,18,3,55,30,30,21,6,89,16,True
Misael Sandoval,172626,G,BALL ST,4,100.0,0,117,61.6,78.6,55.0,0,2,143,100.0,100.0,99.3,0,2,0,254,0,254,0,254,155,155,0,0,99,0,18,1,1,257,116,394,1,295,53,3,8,167,1,230,1,78,47,27,39,78,46,46,322,40,148,58,True
Kain McDonald,198296,C,COAST CAR,4,100.0,0,141,65.1,74.7,63.1,0,4,162,100.0,100.0,98.8,3,4,0,254,254,0,0,254,174,174,0,0,80,0,7,1,1,107,117,111,1,197,19,2,3,137,198,180,1,55,53,18,3,55,16,16,21,6,120,16,True
Zach Henning,171925,C,ARIZONA,4,100.0,0,109,75.1,83.7,68.9,1,2,157,100.0,100.0,98.4,0,4,1,254,254,0,0,254,160,160,0,0,94,0,7,1,1,24,19,53,179,140,22,2,3,164,1,180,198,55,53,18,3,55,26,26,21,6,97,16,True
Daughtry Richardson,156281,T,COAST CAR,4,100.0,1,141,53.5,66.8,49.4,0,12,161,100.0,100.0,96.3,3,12,0,253,0,0,0,253,173,173,0,253,80,0,16,1,434,404,240,459,1,489,19,2,6,357,425,477,1,90,4,28,315,90,17,17,38,34,229,156,True
Ziron Brown,188857,G,STANFORD,4,100.0,2,300,61.0,60.7,61.5,2,2,147,100.0,100.0,98.6,2,4,0,253,0,235,0,253,158,158,18,0,95,0,18,1,509,279,352,231,467,295,42,3,8,256,396,378,1,80,47,47,39,80,40,40,257,40,163,58,True
Bryce Weaver,175207,G,E CAROLINA,4,100.0,0,156,62.2,71.6,59.3,2,2,133,100.0,100.7,97.7,2,5,1,253,0,138,114,253,139,138,0,0,114,0,18,1,1,236,230,276,467,295,77,3,3,365,396,415,399,80,47,131,1,80,81,86,322,40,93,58,True
Ethan Kramer,147724,G,E CAROLINA,4,100.0,0,156,57.6,74.4,53.3,0,3,133,100.0,100.7,98.9,3,3,0,253,0,0,0,253,139,138,252,0,114,0,18,1,1,365,182,422,1,373,77,3,3,217,467,319,1,80,47,327,39,80,81,86,43,40,93,58,True
Alex Woods,175298,G,SMU,4,100.0,0,287,67.4,87.4,61.3,0,2,138,100.0,100.0,99.3,0,2,0,253,0,252,0,253,146,146,0,0,107,0,18,1,1,113,16,232,1,295,66,3,8,167,1,230,1,80,47,29,39,80,67,68,322,40,114,58,True
Hayes Creel,160187,T,E CAROLINA,4,100.0,0,156,63.4,72.3,58.3,0,5,133,100.0,100.7,96.6,1,7,2,253,0,0,0,253,139,138,0,252,114,0,16,1,1,227,163,313,1,388,86,2,3,343,232,395,431,90,4,28,315,90,101,103,38,37,106,156,True
Gage Schmidt,191996,C,N DAK ST,4,100.0,0,250,84.8,85.0,79.4,1,0,100,100.0,100.0,99.5,0,1,0,253,252,0,0,253,109,109,0,0,144,0,7,1,1,3,8,3,179,1,103,2,3,86,1,80,1,58,56,18,3,58,102,102,21,6,10,16,True
Rhino Tapa'atoutai,171870,G,ARIZONA,4,100.0,0,109,63.7,62.6,64.8,2,1,156,100.0,100.0,96.5,2,7,4,252,0,252,0,252,159,159,0,0,93,0,18,1,1,197,327,161,467,171,26,3,8,439,396,474,512,84,47,29,39,84,36,36,322,40,173,58,True
Logan Cox,188680,G,DOMINION,4,100.0,0,263,60.3,71.5,55.9,1,2,120,100.0,100.0,98.7,0,3,0,252,0,0,0,252,132,132,252,0,120,0,18,1,1,298,233,378,374,295,115,3,8,239,1,319,1,84,47,327,39,84,100,100,43,40,72,58,True
Nate Pabst,145639,T,FLORIDA ST,4,100.0,0,167,63.6,69.2,61.9,1,5,120,100.0,100.0,97.5,1,6,0,252,0,0,0,252,130,130,101,146,122,5,16,1,1,221,204,237,303,388,127,2,6,265,232,356,1,92,4,28,315,92,120,120,1,130,62,27,True
Rico Jackson,170372,T,NC STATE,4,100.0,1,248,61.4,45.4,68.4,2,6,125,100.0,100.0,96.8,1,8,0,252,0,5,39,252,133,133,2,199,119,7,16,1,434,273,417,117,429,421,113,2,6,330,232,427,1,92,4,9,194,92,112,112,30,92,82,19,True
Brayden Walker,176936,C,DOMINION,4,100.0,1,263,65.6,63.3,65.6,0,3,120,100.0,100.0,97.1,2,5,2,252,252,0,0,252,132,132,0,0,120,0,7,1,214,102,177,78,1,183,69,2,3,211,167,206,227,59,56,18,3,59,62,62,21,6,45,16,True
Dennis Jones,169194,T,S DIEGO ST,4,100.0,0,284,60.1,73.4,52.4,0,2,114,100.0,100.0,99.1,0,2,0,251,0,0,1,251,129,129,0,247,122,3,16,1,1,303,148,426,1,218,153,2,6,137,1,178,1,94,4,28,302,94,125,125,38,43,62,43,True
Aloali'i Maui,175947,G,SO MISS,4,100.0,0,296,68.6,62.4,74.0,0,3,143,100.0,100.0,98.3,4,4,1,251,35,0,0,251,153,153,216,0,98,0,18,1,1,93,329,41,1,373,53,3,8,289,500,378,399,86,9,327,39,86,50,50,68,40,151,58,True
André Otto,170351,G,FLORIDA ST,4,100.0,0,167,71.0,73.3,71.5,1,2,120,100.0,100.0,97.9,2,4,1,251,0,251,0,251,130,130,0,0,121,0,18,1,1,65,200,64,374,295,115,3,8,348,396,378,399,86,47,31,39,86,105,105,322,40,69,58,True
Ryan Berger,176392,G,WAKE,4,100.0,0,339,60.1,64.7,59.0,4,2,139,100.0,100.0,97.8,1,6,0,251,0,118,0,251,151,151,132,0,100,1,18,1,1,304,310,286,508,295,61,3,8,354,266,455,1,86,47,148,39,86,55,55,127,40,143,26,True
Xavier Chaplin,157653,T,FLORIDA ST,4,100.0,1,167,64.1,61.8,73.6,1,6,120,100.0,100.0,97.1,5,7,0,251,0,0,250,251,130,130,0,0,121,1,16,1,434,210,290,63,303,421,127,2,6,305,485,395,1,94,4,28,43,94,120,120,38,301,71,95,True
Bradyn Welch-Joiner,172454,C,FLORIDA ST,4,100.0,0,167,70.3,75.0,67.8,1,2,120,100.0,100.0,98.7,1,3,0,251,251,0,0,251,130,130,0,0,121,0,7,1,1,58,113,61,179,140,69,2,3,141,110,157,1,60,59,18,3,61,67,67,21,6,42,16,True
Nuku Mafi,188730,T,PURDUE,4,100.0,0,273,58.2,68.9,49.6,2,7,143,100.0,100.0,96.9,0,9,0,251,0,0,251,251,152,152,0,0,99,0,16,1,1,331,209,456,429,450,61,2,6,322,1,441,1,94,4,28,42,94,61,62,38,301,170,156,True
Lyndon Cooper,143987,C,VANDERBILT,4,99.6,0,333,62.4,47.4,68.8,1,3,135,99.3,99.3,98.5,2,4,0,251,252,0,0,252,144,145,0,0,107,0,7,231,1,135,216,54,179,183,44,230,230,155,167,180,1,60,56,18,3,59,49,47,21,6,70,16,True
Joseph Borjon,158713,T,S DIEGO ST,4,100.0,1,284,57.7,64.7,57.3,0,3,114,100.0,100.0,97.8,6,4,1,251,0,2,249,251,129,129,0,0,122,0,16,1,434,338,268,339,1,276,153,2,6,237,491,270,333,94,4,14,45,94,125,125,38,301,62,156,True
Jake Guarnera,183685,C,MICHIGAN,4,100.0,0,222,64.9,85.6,61.8,0,1,102,100.0,100.0,99.5,3,1,0,250,250,0,0,250,111,111,0,0,139,0,7,1,1,110,6,129,1,90,102,2,3,86,198,80,1,62,60,18,3,62,100,100,21,6,17,16,True
Aaron Karas,163326,T,MEMPHIS,4,100.0,0,218,63.7,65.7,60.3,0,6,110,100.0,100.0,97.3,0,6,0,250,0,0,0,250,120,120,0,250,130,0,16,1,1,218,258,278,1,421,161,2,6,289,1,356,1,98,4,28,315,98,153,154,38,38,34,156,True
Sean Kinney,185664,C,COLORADO,4,100.0,0,143,74.0,82.5,70.1,0,1,129,100.0,100.0,99.6,1,1,0,250,250,0,0,250,134,134,0,0,116,0,7,1,1,29,28,42,1,90,57,2,3,82,110,80,1,62,60,18,3,62,60,60,21,6,55,16,True
Noah Dunham,176670,C,WASH STATE,4,100.0,0,341,55.0,57.9,54.8,2,4,139,100.0,100.0,97.8,1,6,0,250,250,0,0,250,149,149,0,0,101,0,7,1,1,202,195,203,219,197,41,2,3,193,110,217,1,62,60,18,3,62,40,40,21,6,84,16,True
Ty Chan,156976,G,UCONN,4,100.0,0,146,64.6,78.0,60.0,0,3,126,100.0,100.0,98.8,1,3,0,250,0,0,0,250,137,137,250,0,113,0,18,1,1,175,128,260,1,373,96,3,8,227,266,319,1,89,47,327,39,89,90,90,45,40,98,58,True
Isiah Switzer,205431,T,UCONN,4,100.0,0,146,68.4,67.9,65.1,3,4,126,100.0,100.0,94.8,2,10,3,250,0,0,250,250,137,137,0,0,113,0,16,1,1,133,222,172,470,332,109,2,6,426,348,458,475,98,4,28,43,98,104,104,38,301,113,156,True
Gresham Perry,199369,G,TULANE,4,100.0,0,319,59.6,51.2,59.7,1,6,124,100.0,100.0,97.2,0,7,0,250,0,250,0,250,130,130,0,0,120,0,18,1,1,312,420,265,374,491,101,3,8,407,1,474,1,89,47,32,39,89,105,105,322,40,72,58,True
Lavaka Taukeiaho,164490,G,S JOSE ST,4,100.0,0,285,55.5,59.3,53.8,0,3,143,100.0,100.0,98.3,3,4,1,250,0,244,0,250,150,150,6,0,100,0,18,1,1,410,360,413,1,373,53,3,8,289,467,378,399,89,47,37,39,89,58,58,298,40,143,58,True
Darrell Jones,180349,G,UTSA,4,100.0,0,331,56.8,61.8,59.6,1,4,128,100.0,100.0,98.0,3,5,0,249,0,0,0,249,139,139,245,0,110,0,18,1,1,380,340,268,374,429,86,3,8,335,467,415,1,92,47,327,39,92,81,81,51,40,106,58,True
Isaac Lucas,176118,C,S DIEGO ST,4,100.0,0,284,66.8,77.3,63.3,1,1,114,100.0,100.0,98.2,1,3,1,249,249,0,0,249,129,129,0,0,120,0,7,1,1,88,82,106,179,90,82,2,3,172,110,157,198,65,63,18,3,65,69,69,21,6,45,16,True
Dante Devine,216214,T,SO MISS,4,100.0,0,296,66.1,55.9,74.2,1,4,137,100.0,100.0,98.2,2,5,0,249,0,0,0,249,147,147,0,249,102,0,16,1,1,174,349,59,303,332,74,2,6,200,348,312,1,100,4,28,315,101,73,73,38,39,159,156,True
Ashton Lepo,158388,T,OKLA STATE,4,100.0,0,262,63.5,57.1,63.5,1,1,123,100.0,100.0,97.6,0,4,2,249,0,0,0,249,128,128,0,248,121,1,16,1,1,225,336,205,303,145,118,2,6,256,1,270,431,100,4,28,315,101,129,129,38,40,71,95,True
Reese Baker,189564,G,TULANE,4,100.0,0,319,55.7,60.7,52.4,0,4,124,100.0,100.0,97.6,0,5,1,249,0,0,0,249,130,130,249,0,119,0,18,1,1,407,352,440,1,429,101,3,8,378,1,415,399,92,47,327,39,92,105,105,46,40,77,58,True
Wilkin Formby,172376,T,TEXAS A&M,4,100.0,0,312,69.8,90.9,55.4,0,2,146,100.0,100.0,99.3,0,2,0,249,0,0,0,249,156,156,55,194,93,0,16,1,1,112,3,381,1,218,47,2,6,126,1,178,1,100,4,28,315,101,42,42,3,96,195,156,True
Ashton Tripp,176695,T,WASH STATE,4,99.6,0,341,49.9,46.7,53.1,1,7,138,99.3,99.3,96.4,1,9,1,249,0,0,246,250,148,149,0,0,101,3,16,467,1,445,410,414,303,450,73,471,469,355,232,441,333,100,4,28,48,98,68,67,38,301,161,43,True
Isaac Sohn,173217,T,SM HOUSTON,4,100.0,0,281,63.7,42.5,77.2,3,6,158,100.0,100.0,95.9,0,11,2,249,0,0,1,249,168,168,0,248,81,0,16,1,1,218,424,31,470,421,23,2,6,382,1,473,431,100,4,28,302,101,21,21,38,40,226,156,True
Marquise Thorpe-Taylor,190940,T,FRESNO ST,4,100.0,0,169,41.6,19.7,50.5,4,8,119,100.0,100.0,95.0,2,12,0,249,0,119,130,249,127,127,0,0,122,0,16,1,1,479,482,448,490,467,134,2,6,419,348,477,1,100,4,1,134,101,131,131,38,301,62,156,True
Joe Cotton,164827,T,CINCINNATI,4,100.0,0,138,67.9,72.1,65.3,0,2,118,100.0,100.0,97.5,2,4,2,248,0,0,248,248,124,124,0,0,124,0,16,1,1,141,166,170,1,218,139,2,6,265,348,270,431,106,4,28,46,106,142,143,38,301,56,156,True
JaDarious Lee,162946,T,KENNESAW,4,100.0,0,200,44.6,43.2,43.9,2,6,131,100.0,100.0,96.9,1,8,0,248,0,0,247,248,142,142,0,0,106,1,16,1,1,467,423,486,429,421,95,2,6,322,232,427,1,106,4,28,47,106,85,85,38,301,142,95,True
Xavier Lozowicki,170850,G,CINCINNATI,4,100.0,0,138,70.2,77.9,69.6,0,3,118,100.0,100.0,98.7,1,3,0,248,0,0,0,248,124,124,248,0,124,0,18,1,1,70,129,79,1,373,121,3,8,239,266,319,1,94,47,327,39,94,125,125,47,40,59,58,True
Judea Milon,176150,T,CINCINNATI,4,100.0,0,138,82.1,88.8,74.2,0,1,118,100.0,100.0,99.6,0,1,0,248,0,0,0,248,124,124,0,248,124,0,16,1,1,20,6,59,1,145,139,2,6,113,1,112,1,106,4,28,315,106,142,143,38,40,56,156,True
Taran Tyo,163098,C,CINCINNATI,4,100.0,1,138,74.8,73.7,74.7,0,0,118,100.0,100.0,100.0,4,0,0,248,248,0,0,248,124,124,0,0,124,0,7,1,214,26,125,13,1,1,77,2,3,1,216,1,1,66,64,18,3,66,77,77,21,6,35,16,True
Nikola Milovac,169998,T,KENNESAW,4,100.0,0,200,42.1,29.0,53.2,2,13,131,100.0,100.0,93.5,4,16,1,248,0,0,0,248,142,142,0,247,106,1,16,1,1,477,464,412,429,492,95,2,6,457,469,492,333,106,4,28,315,106,85,85,38,43,142,95,True
Nick Bakken,192024,G,WASH STATE,4,100.0,2,341,57.8,54.1,63.2,0,10,137,100.0,100.0,96.4,3,10,0,248,0,0,0,248,147,147,248,0,101,0,18,1,509,361,399,190,1,511,67,3,8,443,467,505,1,94,47,327,39,94,64,64,47,40,138,58,True
Evan Tengesdahl,173035,G,CINCINNATI,4,100.0,0,138,65.8,75.0,66.4,2,2,118,100.0,100.0,97.5,2,5,1,248,0,248,0,248,124,124,0,0,124,0,18,1,1,156,177,135,467,295,121,3,8,386,396,415,399,94,47,34,39,94,125,125,322,40,59,58,True
Steven Demboski,164536,C,DELAWARE,4,100.0,0,151,62.2,69.0,59.0,1,4,143,100.0,100.0,98.3,1,5,0,248,248,0,0,248,155,155,0,0,93,0,7,1,1,139,151,163,179,197,38,2,3,169,110,206,1,66,64,18,3,66,30,30,21,6,100,16,True
Anthony Caccese,173606,T,DELAWARE,4,100.0,0,151,70.0,83.2,61.0,0,2,143,100.0,100.0,99.3,1,2,0,248,0,1,51,248,155,155,0,195,93,0,16,1,1,107,34,254,1,218,61,2,6,126,232,178,1,106,4,16,179,106,45,46,38,95,195,156,True
Shadre Hurst,158418,G,HOUSTON,4,100.0,0,182,79.2,76.5,79.7,1,2,118,100.0,100.0,98.7,0,3,0,247,0,247,0,247,125,125,0,0,122,0,18,1,1,9,159,8,374,295,121,3,8,239,1,319,1,97,47,35,39,97,121,121,322,40,65,58,True
Brady Norton,170649,G,MICHIGAN,4,100.0,0,222,69.5,79.6,66.8,1,1,100,100.0,100.0,99.0,1,2,0,247,0,1,0,247,108,108,246,0,139,0,18,1,1,76,99,127,374,171,186,3,8,199,266,230,1,97,47,316,39,97,182,182,50,40,18,58,True
McKenzie Agnello,160062,G,HOUSTON,4,100.0,0,182,62.4,68.2,63.5,0,4,118,100.0,100.0,98.3,2,4,0,247,0,0,0,247,125,125,247,0,122,0,18,1,1,232,269,181,1,429,121,3,8,289,396,378,1,97,47,327,39,97,121,121,49,40,65,58,True
Brendan Black,174658,G,NEBRASKA,4,100.0,0,238,66.5,73.9,67.5,1,0,116,100.0,100.0,99.6,2,1,0,247,0,0,1,247,118,118,241,5,129,0,18,1,1,138,189,116,374,1,130,3,8,138,396,139,1,97,47,327,29,97,140,141,55,18,42,58,True
Christian Martin,173491,T,ILLINOIS,4,100.0,0,187,61.4,58.6,60.1,1,7,133,100.0,100.0,96.2,2,9,1,247,0,0,246,247,147,147,0,0,100,1,16,1,1,273,323,280,303,450,86,2,6,361,348,441,333,111,4,28,48,111,73,73,38,301,167,95,True
Ben Roebuck,190840,T,W MICHIGAN,4,100.0,0,347,54.9,63.2,50.3,1,4,110,100.0,100.0,95.9,0,7,2,247,14,0,0,247,121,121,0,233,126,0,16,1,1,387,280,450,303,332,161,2,6,382,1,395,431,111,3,28,315,111,151,152,38,61,45,156,True
Anthony Boswell,190901,C,HOUSTON,4,100.0,0,182,86.0,84.7,86.3,0,1,117,100.0,100.0,99.6,3,1,0,246,246,0,0,246,124,124,0,0,122,0,7,1,1,2,11,1,1,90,78,2,3,82,198,80,1,68,66,18,3,68,77,77,21,6,39,16,True
TJ Shanahan Jr.,172597,G,FLORIDA,4,100.0,0,163,67.3,86.5,64.5,0,1,96,100.0,100.0,99.5,2,1,0,246,10,0,0,246,104,104,236,0,142,0,18,1,1,119,20,164,1,171,194,3,8,146,396,139,1,101,27,327,39,101,192,192,60,40,15,58,True
Blake Frazier,183684,T,MICHIGAN,4,100.0,0,222,69.7,81.8,64.8,0,2,102,100.0,100.0,99.0,1,2,0,246,0,0,114,246,110,110,0,128,136,4,16,1,1,116,46,181,1,218,184,2,6,143,232,178,1,113,4,28,139,113,180,182,38,140,26,35,True
Jake Renfro,123577,C,ILLINOIS,4,100.0,0,187,70.1,82.9,63.3,0,2,132,100.0,100.0,98.5,0,3,1,246,246,0,0,246,146,146,0,0,100,0,7,1,1,60,25,106,1,140,51,2,3,155,1,157,198,68,66,18,3,68,45,45,21,6,86,16,True
Matt Craycraft,162694,C,DUKE,4,100.0,0,154,68.5,84.9,62.5,0,1,98,100.0,100.0,99.5,2,1,0,246,246,0,0,246,105,105,0,0,141,0,7,1,1,70,9,120,1,90,107,2,3,86,167,80,1,68,66,18,3,68,106,106,21,6,14,16,True
Ryan Walker,170631,G,JVILLE ST,5,100.0,0,196,67.4,81.9,65.2,0,1,122,100.0,100.0,99.6,1,1,0,246,0,0,0,246,133,133,245,0,113,0,1,1,1,113,66,153,1,171,111,3,8,138,266,139,1,101,47,327,39,101,98,98,51,40,98,58,True
Griffin Empey,177170,G,N DAK ST,4,100.0,0,250,82.5,91.3,80.2,0,0,98,100.0,100.0,100.0,2,0,0,245,0,243,0,245,107,107,2,0,138,0,18,1,1,3,3,6,1,1,190,3,8,1,396,1,1,103,47,38,39,103,184,184,306,40,22,58,True
Vae Soifua,163257,G,SACRAMENTO,5,100.0,0,279,56.5,47.7,56.6,1,4,149,100.0,100.0,96.3,0,8,3,245,0,0,0,245,157,157,245,0,88,0,1,1,1,389,439,363,374,429,38,3,8,447,1,489,506,103,47,327,39,103,41,41,51,40,192,58,True
Alvin Ebosele,158554,T,HOUSTON,4,100.0,0,182,68.9,55.0,73.4,1,5,116,100.0,100.0,96.6,2,7,1,245,0,0,245,245,123,123,0,0,122,0,16,1,1,129,355,66,303,388,146,2,6,343,348,395,333,114,4,28,50,114,146,146,38,301,62,156,True
Ryan Babatz,201494,T,N DAK ST,4,100.0,0,250,68.4,71.4,66.1,1,4,97,100.0,100.0,97.4,1,5,0,245,0,0,245,245,106,106,0,0,139,0,16,1,1,133,180,159,303,332,200,2,6,280,232,312,1,114,4,28,50,114,193,193,38,301,20,156,True
Tyler Needham,145131,G,RUTGERS,4,100.0,0,278,73.3,67.6,73.1,3,2,122,100.0,100.0,96.3,0,7,2,244,0,152,92,244,129,129,0,0,115,0,18,1,1,41,274,51,501,295,111,3,8,447,1,474,489,105,47,120,2,105,110,110,322,40,90,58,True
Will Way,173672,C,WAKE,4,100.0,0,339,63.0,82.3,62.7,1,1,131,100.0,100.0,99.2,4,2,0,244,244,0,0,244,141,141,0,0,103,0,7,1,1,123,30,115,179,90,54,2,3,110,216,120,1,71,69,18,3,71,52,52,21,6,82,16,True
Nic Cruji,164552,C,CHARLOTTE,4,100.0,0,136,52.4,50.6,54.0,0,4,141,100.0,100.0,98.6,1,4,0,244,243,0,0,244,152,152,0,0,92,0,7,1,1,218,210,212,1,197,40,2,3,148,110,180,1,71,70,18,3,71,36,36,21,6,101,16,True
Alex Lopez,191204,T,W KENTUCKY,4,100.0,0,346,55.2,54.8,53.0,0,5,143,100.0,100.0,95.5,0,9,4,243,0,0,240,243,148,148,0,0,95,3,16,1,1,381,356,417,1,388,61,2,6,400,1,441,491,116,4,28,57,117,68,69,38,301,191,43,True
Lance Heard,172477,T,KENTUCKY,4,100.0,1,202,79.9,82.9,76.0,0,3,113,100.0,100.0,98.7,2,3,0,243,0,0,229,243,117,117,0,1,126,13,16,1,434,24,36,42,1,276,155,2,6,160,348,224,1,116,4,28,70,117,160,160,38,293,45,6,True
J'ven Williams,170305,T,CHARLOTTE,4,100.0,0,136,62.6,72.1,53.8,0,7,141,100.0,100.0,97.5,0,7,0,243,0,0,243,243,152,152,0,0,91,0,16,1,1,245,166,405,1,450,69,2,6,265,1,395,1,116,4,28,52,117,61,62,38,301,203,156,True
Nathan Knapik,186164,T,ILLINOIS,4,99.6,0,187,66.7,63.0,68.3,1,3,131,99.2,99.3,97.7,1,5,1,243,0,0,0,244,144,145,0,243,99,1,16,467,1,158,282,121,303,276,95,474,469,244,232,312,333,116,4,28,315,116,84,82,38,46,170,95,True
Olaus Alinen,172373,G,KENTUCKY,4,100.0,0,202,72.5,87.5,69.8,0,1,113,100.0,100.0,98.7,2,2,1,243,0,175,0,243,117,117,0,55,126,13,18,1,1,47,15,77,1,171,140,3,8,239,396,230,399,106,47,95,39,106,143,143,322,2,53,4,True
Rolan Fullwood,146051,T,FRESNO ST,4,99.6,0,169,62.1,76.5,53.6,1,1,118,100.0,99.2,99.2,2,2,0,242,0,0,0,243,124,125,0,242,118,1,16,467,1,259,110,407,303,145,139,2,474,131,348,178,1,120,4,28,315,117,142,136,38,47,86,95,True
Iapani Laloulu,174128,C,OREGON,4,100.0,0,264,71.3,82.1,68.8,0,0,135,100.0,100.0,100.0,2,0,0,242,242,0,0,242,141,141,0,0,101,0,7,1,1,48,35,54,1,1,44,2,3,1,167,1,1,73,71,18,3,73,52,52,21,6,84,16,True
Grayson Mains,158120,G,TEMPLE,4,100.0,0,306,61.5,68.1,58.8,1,2,103,100.0,100.0,98.5,3,3,0,242,0,242,0,242,110,110,0,0,132,0,18,1,1,260,270,290,374,295,170,3,8,271,467,319,1,107,47,39,39,107,176,176,322,40,36,58,True
John Stone,170318,C,TEMPLE,4,100.0,0,306,65.0,76.1,62.1,0,2,103,100.0,100.0,99.0,1,2,0,242,242,0,0,242,110,110,0,0,132,0,7,1,1,108,98,125,1,140,100,2,3,127,110,120,1,73,71,18,3,73,101,101,21,6,24,16,True
Coleton Price,158567,C,KENTUCKY,4,100.0,0,202,83.0,84.6,77.7,0,0,113,100.0,100.0,100.0,0,0,0,242,242,0,0,242,117,117,0,0,125,0,7,1,1,6,12,7,1,1,84,2,3,1,1,1,1,73,71,18,3,73,88,88,21,6,34,16,True
Logan Moore,173338,T,BAYLOR,3,100.0,0,118,56.2,65.0,51.9,0,3,132,100.0,100.0,98.9,1,3,0,242,0,0,0,242,140,140,0,241,102,1,278,1,1,361,265,434,1,276,89,2,6,148,232,224,1,120,4,28,315,121,96,96,38,48,159,95,True
Joe Rounds,194616,C,SO MISS,4,100.0,0,296,75.9,68.5,76.6,0,4,133,100.0,100.0,98.5,1,4,0,242,242,0,0,242,144,144,0,0,98,0,7,1,1,16,155,9,1,197,47,2,3,155,110,180,1,73,71,18,3,73,49,50,21,6,90,16,True
Jonny Lester,158515,G,WASH STATE,4,100.0,0,341,62.4,32.0,74.0,4,8,135,100.0,100.0,94.8,2,13,1,241,0,162,0,241,145,145,2,76,96,1,18,1,1,232,485,41,508,506,72,3,8,483,396,511,399,108,47,111,39,108,70,70,306,1,158,26,True
David Sanders Jr.,199964,T,TENNESSEE,4,100.0,0,307,76.5,82.6,74.3,0,4,122,100.0,100.0,96.7,2,6,2,241,0,0,241,241,132,132,0,0,109,0,16,1,1,43,38,58,1,332,122,2,6,337,348,356,431,122,4,28,54,122,114,114,38,301,130,156,True
Kendrick Hall,216141,T,DOMINION,4,100.0,0,263,50.9,32.7,57.4,3,4,115,100.0,100.0,89.1,2,16,9,241,0,0,241,241,127,127,0,0,114,0,16,1,1,438,458,334,470,332,147,2,6,488,348,492,494,122,4,28,54,122,131,131,38,301,106,156,True
Jackson Pruitt,162622,G,TEMPLE,4,100.0,0,306,71.9,84.9,68.6,0,1,102,100.0,100.0,99.5,0,1,0,241,0,0,0,241,109,109,241,0,132,0,18,1,1,53,30,97,1,171,177,3,8,146,1,139,1,108,47,327,39,108,178,178,55,40,36,58,True
Braden Cain,197711,T,SO MISS,4,100.0,0,296,62.2,50.6,71.6,3,5,135,100.0,100.0,95.6,3,10,2,241,0,0,241,241,146,146,0,0,95,0,16,1,1,257,390,85,470,388,80,2,6,397,425,458,431,122,4,28,54,122,78,78,38,301,191,156,True
Kevin Heywood,183660,T,WISCONSIN,4,100.0,1,349,76.5,71.0,80.3,0,2,129,100.0,100.0,99.2,3,2,0,240,0,0,0,240,133,133,0,238,107,2,16,1,434,43,185,18,1,218,103,2,6,131,425,178,1,125,4,28,315,125,112,112,38,51,136,59,True
Colin Lyons,156881,C,AKRON,4,100.0,0,102,68.6,75.5,65.6,0,4,144,100.0,100.0,98.6,1,4,0,240,240,0,0,240,149,149,0,0,91,0,7,1,1,68,107,78,1,197,35,2,3,148,110,180,1,77,75,18,3,77,40,40,21,6,102,16,True
Kendall Stanley,157982,G,PITTSBURGH,4,100.0,0,268,61.9,70.6,57.8,0,6,131,100.0,100.0,97.7,0,6,0,240,0,240,0,240,138,138,0,0,102,0,18,1,1,249,244,324,1,491,81,3,8,365,1,455,1,110,47,40,39,110,88,86,322,40,134,58,True
Colin Cubberly,183654,G,WISCONSIN,4,100.0,0,349,66.7,82.5,61.9,1,1,129,100.0,100.0,99.2,0,2,0,240,0,240,0,240,133,133,0,0,107,0,18,1,1,132,54,217,374,171,83,3,8,181,1,230,1,110,47,40,39,110,98,98,322,40,114,58,True
Daylon Metoyer,190992,T,BOISE ST,4,100.0,0,120,50.7,38.2,58.9,3,6,100,100.0,100.0,94.5,2,10,1,240,0,0,0,240,104,104,0,240,136,0,16,1,1,440,440,300,470,421,191,2,6,435,348,458,333,125,4,28,315,125,199,199,38,49,26,156,True
Austin Kawecki,157799,C,WISCONSIN,4,100.0,0,349,61.7,69.8,57.6,0,2,129,100.0,100.0,99.2,0,2,0,240,240,0,0,240,133,133,0,0,107,0,7,1,1,152,147,180,1,140,57,2,3,110,1,120,1,77,75,18,3,77,61,61,21,6,70,16,True
Bryce Lovett,174256,T,FLORIDA,4,100.0,0,163,79.4,83.6,73.4,1,0,90,100.0,100.0,99.4,2,1,0,240,0,0,240,240,99,99,0,0,141,0,16,1,1,27,31,66,303,1,228,2,6,123,348,112,1,125,4,28,57,125,218,218,38,301,15,156,True
Luke Work,184767,T,MISSOURI,4,100.0,0,229,79.5,75.1,78.9,0,2,115,100.0,100.0,98.3,2,3,1,239,0,0,0,239,119,119,0,237,120,2,16,1,1,26,132,23,1,218,147,2,6,191,348,224,333,128,4,28,315,128,155,156,38,53,76,59,True
Emeka Ugorji,200326,T,FLORIDA,4,100.0,0,163,66.2,76.1,64.6,0,2,91,100.0,100.0,98.9,2,2,0,239,0,0,0,239,99,99,0,235,140,4,16,1,1,173,118,186,1,218,225,2,6,148,348,178,1,128,4,28,315,128,218,218,38,57,17,35,True
Knijeah Harris,174244,G,FLORIDA,4,100.0,0,163,67.8,81.2,64.4,0,1,93,100.0,100.0,99.5,0,1,0,239,0,239,0,239,101,101,0,0,138,0,18,1,1,109,78,168,1,171,202,3,8,146,1,139,1,112,47,43,39,112,197,197,322,40,22,58,True
Will Black,200351,T,NOTRE DAME,4,100.0,0,258,60.0,42.4,64.4,3,1,109,100.0,100.0,97.2,0,5,1,239,0,0,239,239,116,116,0,0,123,0,16,1,1,304,425,191,470,145,165,2,6,298,1,312,333,128,4,28,59,128,163,164,38,301,59,156,True
Cedric Jefferson,176768,T,UTAH,4,100.0,0,328,63.6,69.1,61.2,0,5,120,100.0,100.0,97.9,1,5,0,239,0,0,0,239,125,125,0,236,114,3,16,1,1,221,207,250,1,388,127,2,6,222,232,312,1,128,4,28,315,128,135,136,38,56,106,43,True
Kristos Fernandez,154608,T,CHARLOTTE,4,100.0,0,136,60.8,65.2,58.2,1,6,139,100.0,100.0,97.5,1,7,0,239,0,0,0,239,150,150,4,234,89,1,16,1,1,290,262,318,303,421,72,2,6,265,232,395,1,128,4,28,315,128,66,66,24,60,210,95,True
Jimarion McCrimon,175196,T,NC STATE,4,100.0,1,248,57.6,70.4,55.1,3,2,118,100.0,100.0,97.9,3,5,0,239,0,0,238,239,125,125,0,0,114,1,16,1,434,340,192,384,470,218,139,2,6,222,425,312,1,128,4,28,60,128,135,136,38,301,106,95,True
Luke Moise,185941,G,NEW MEX ST,5,100.0,0,242,54.6,62.6,54.7,0,4,128,100.0,100.0,98.4,2,4,0,239,64,175,0,239,135,135,0,0,104,0,1,1,1,422,327,400,1,429,86,3,8,278,396,378,1,112,6,95,39,112,95,95,322,40,126,58,True
Tristan Wilson,157168,G,MISSOURI,4,100.0,0,229,74.4,82.2,72.0,1,1,115,100.0,100.0,99.1,0,2,0,239,0,239,0,239,119,119,0,0,120,0,18,1,1,36,59,60,374,171,133,3,8,189,1,230,1,112,47,43,39,112,137,139,322,40,72,58,True
Curtis Peagler,157160,G,MISSOURI,4,100.0,0,229,62.0,77.6,59.1,0,0,115,100.0,100.0,99.1,3,1,1,239,0,0,0,239,119,119,239,0,120,0,18,1,1,244,136,281,1,1,133,3,8,189,467,139,399,112,47,327,39,112,137,139,58,40,72,58,True
Anthonie Knapp,184097,G,NOTRE DAME,4,100.0,0,258,71.9,65.1,72.4,0,2,109,100.0,100.0,99.1,1,2,0,239,0,239,0,239,116,116,0,0,123,0,18,1,1,53,305,56,1,295,149,3,8,189,266,230,1,112,47,43,39,112,144,144,322,40,62,58,True
Dominick Giudice,144942,C,MISSOURI,4,100.0,0,229,72.7,84.5,71.5,0,2,115,100.0,100.0,99.1,4,2,0,239,239,0,0,239,119,119,0,0,120,0,7,1,1,37,15,28,1,140,81,2,3,120,216,120,1,79,77,18,3,79,85,85,21,6,45,16,True
Eddy Pierre-Louis,188779,G,OKLAHOMA,4,100.0,0,261,55.2,65.7,52.6,0,5,124,100.0,100.0,98.0,2,5,0,238,0,238,0,238,132,132,0,0,106,0,18,1,1,413,297,436,1,459,101,3,8,335,396,415,1,117,47,46,39,117,100,100,322,40,120,58,True
Shamurad Umarov,174746,G,TENNESSEE,4,100.0,0,307,62.3,66.9,59.6,0,1,123,100.0,100.0,98.8,0,2,1,238,0,126,0,238,129,129,111,0,109,1,18,1,1,234,280,268,1,171,108,3,8,227,1,230,399,117,47,144,39,117,110,110,139,40,110,26,True
E'Marion Harris,157022,T,OKLAHOMA,4,100.0,1,261,50.0,49.2,57.0,0,8,126,100.0,100.0,95.2,3,10,2,238,0,0,0,238,134,134,0,237,104,1,16,1,434,443,394,344,1,467,109,2,6,412,425,458,431,134,4,28,315,134,110,111,38,53,149,95,True
Rex Johnsen,157668,T,WYOMING,4,100.0,1,351,63.8,72.6,64.6,0,4,120,100.0,100.0,98.3,4,4,0,238,0,0,236,238,123,123,0,0,115,2,16,1,434,217,158,186,1,332,127,2,6,191,469,270,1,134,4,28,61,134,146,146,38,301,99,59,True
Riley Robell,172260,C,UCLA,4,100.0,0,324,70.0,77.9,70.4,0,1,108,100.0,100.0,99.5,4,1,0,238,238,0,0,238,114,114,0,0,124,0,7,1,1,61,73,39,1,90,91,2,3,86,216,80,1,80,78,18,3,80,94,94,21,6,35,16,True
Braylon Jenkins,184957,T,WYOMING,4,100.0,0,351,75.1,68.8,73.5,2,3,120,100.0,100.0,96.2,1,7,2,238,0,0,0,238,123,123,0,237,115,1,16,1,1,53,210,64,429,276,127,2,6,361,232,395,431,134,4,28,315,134,146,146,38,53,99,95,True
Drake Metcalf,131773,C,VIRGINIA,4,100.0,0,335,73.1,72.8,73.0,1,0,109,100.0,100.0,99.5,3,1,0,238,238,0,0,238,117,117,0,0,121,0,7,1,1,35,129,21,179,1,88,2,3,86,198,80,1,80,78,18,3,80,88,88,21,6,42,16,True
Trovon Baugh,175919,G,TEXAS A&M,4,100.0,0,312,64.3,72.1,60.4,1,2,139,100.0,100.0,96.8,0,6,3,237,0,49,0,237,148,148,188,0,89,0,18,1,1,181,220,252,374,295,61,3,8,432,1,455,506,119,47,194,39,119,61,61,88,40,185,58,True
Seth Wilfred,184414,T,UTAH ST,4,100.0,0,329,51.7,56.5,46.3,1,6,151,100.0,100.0,97.7,0,7,0,237,0,61,10,237,161,161,0,164,76,2,16,1,1,425,343,478,303,421,29,2,6,244,1,395,1,137,4,3,281,137,28,28,38,115,240,59,True
Amare Taase,188498,G,UNLV,4,100.0,0,325,51.9,23.7,59.0,4,3,115,100.0,100.0,95.2,1,9,2,237,0,0,0,237,125,125,237,0,112,0,18,1,1,460,498,286,508,373,133,3,8,475,266,499,489,119,47,327,39,119,121,121,59,40,102,58,True
Ryan Mickow,175342,T,TULANE,4,100.0,1,319,67.4,52.0,73.2,0,5,113,100.0,100.0,96.0,3,7,2,237,0,0,171,237,117,117,0,66,120,0,16,1,434,149,377,71,1,388,155,2,6,378,425,395,431,137,4,28,112,137,160,160,38,178,76,156,True
Tyler Lawrence,186432,T,NEW MEXICO,4,100.0,0,241,73.2,73.2,71.8,1,3,105,100.0,100.0,95.2,1,7,3,237,0,0,0,237,117,117,15,213,120,9,16,1,1,71,151,83,303,276,178,2,6,412,232,395,475,137,4,28,315,137,160,160,15,79,76,10,True
Kaden Robnett,175106,C,NEW MEXICO,4,100.0,0,241,71.2,65.6,71.0,0,1,105,100.0,100.0,99.5,1,1,0,237,237,0,0,237,117,117,0,0,120,0,7,1,1,50,167,32,1,90,96,2,3,86,110,80,1,82,80,18,3,82,88,88,21,6,45,16,True
Bryce Parson,188473,C,OHIO,4,100.0,0,259,64.9,83.0,59.8,1,1,124,100.0,100.0,99.2,1,2,0,236,142,94,0,236,131,131,0,0,105,0,7,1,1,110,24,150,179,90,64,2,3,110,110,120,1,83,133,1,3,83,65,65,21,6,75,16,True
Nathan Roy,184729,T,MINNESOTA,4,100.0,0,225,84.0,87.2,76.9,0,1,137,100.0,100.0,99.6,0,1,0,236,0,0,234,236,142,142,0,0,94,2,16,1,1,13,7,35,1,145,74,2,6,113,1,112,1,140,4,28,64,141,85,85,38,301,194,59,True
Oscar Weigel,189112,G,FRESNO ST,4,100.0,2,169,44.6,40.2,46.7,2,7,117,100.0,100.0,96.2,3,9,0,236,107,129,0,236,124,124,0,0,112,0,18,1,509,507,470,495,467,501,126,3,8,451,467,499,1,121,2,141,39,121,125,125,322,40,102,58,True
Fox Crader,191322,T,OREGON,4,100.0,0,264,62.2,51.0,68.2,2,8,133,100.0,100.0,94.0,1,13,3,236,0,0,0,236,139,139,1,227,97,8,16,1,1,257,382,122,429,467,86,2,6,448,232,483,475,140,4,28,315,141,101,101,31,66,182,14,True
Bastian Swinney,146294,C,CAL,4,100.0,0,130,67.4,78.2,61.4,0,3,133,100.0,100.0,98.9,0,3,0,236,235,0,0,236,142,142,0,0,94,1,7,1,1,86,69,132,1,183,47,2,3,132,1,157,1,83,81,18,3,83,51,51,21,6,97,10,True
James Thomas Jr.,173376,T,BOWL GREEN,4,100.0,1,122,62.5,59.0,61.4,1,4,107,100.0,100.0,97.7,1,5,0,235,0,0,0,235,112,112,0,235,123,0,16,1,434,249,318,247,303,332,172,2,6,244,232,312,1,142,4,28,315,143,175,175,38,57,59,156,True
Mateo Guevara,156598,C,KENNESAW,4,100.0,1,200,57.2,69.1,58.3,0,4,120,100.0,100.0,98.3,5,4,0,235,235,0,0,235,131,131,0,0,104,0,7,1,214,188,149,172,1,197,69,2,3,169,226,180,1,85,81,18,3,85,65,65,21,6,77,16,True
Miles McVay,172388,T,MISS STATE,4,100.0,3,227,43.6,66.1,43.3,0,3,120,100.0,100.0,97.9,7,4,1,235,0,0,232,235,132,132,3,0,103,0,16,1,494,472,249,488,1,276,127,2,6,222,493,270,333,142,4,28,67,143,114,114,25,301,156,156,True
Ben Rios,158827,G,UTSA,4,100.0,0,331,40.4,21.2,47.5,1,8,128,100.0,100.0,96.5,2,9,0,235,7,228,0,235,139,139,0,0,96,0,18,1,1,511,501,487,374,506,86,3,8,439,396,499,1,122,31,53,39,122,81,81,322,40,158,58,True
Nick Del Grande,156673,T,DUKE,4,100.0,0,154,57.7,79.2,53.0,1,2,95,100.0,100.0,98.4,4,3,0,235,0,0,235,235,102,102,0,0,133,0,16,1,1,338,67,417,303,218,207,2,6,181,469,224,1,142,4,28,63,143,206,207,38,301,28,156,True
Jude McCoskey,171425,T,PURDUE,4,100.0,0,273,61.3,66.7,55.7,2,6,130,100.0,100.0,96.2,1,9,1,235,0,0,0,235,139,139,0,235,96,0,16,1,1,278,241,374,429,421,102,2,6,361,232,441,333,142,4,28,315,143,101,101,38,57,184,156,True
Rakeem Johnson,190323,T,MICH STATE,4,99.6,0,223,62.1,55.9,62.5,1,6,109,99.1,99.1,96.8,1,7,0,234,0,0,66,235,116,117,0,168,118,0,16,467,1,259,349,225,303,421,165,477,476,330,232,395,1,146,4,28,167,143,163,160,38,111,86,156,True
Greg Johnson,173406,G,MINNESOTA,4,100.0,0,225,84.5,66.0,88.5,0,0,137,100.0,100.0,100.0,2,0,0,234,76,157,0,234,142,142,1,0,92,0,18,1,1,2,291,1,1,1,67,3,8,1,396,1,1,123,5,116,39,123,77,76,311,40,176,58,True
Keyon Cox,174344,T,UAB,4,98.7,1,321,57.6,50.9,63.3,1,5,103,97.2,97.3,96.1,3,7,1,234,0,0,221,237,109,112,0,0,125,7,16,488,434,340,384,210,303,388,182,488,488,374,425,395,333,146,4,28,79,137,184,175,38,301,52,19,True
Orion Irving,160284,G,VANDERBILT,4,100.0,1,333,63.4,69.8,61.6,1,1,126,100.0,100.0,98.4,4,3,1,234,0,45,52,234,136,136,82,55,98,0,18,1,475,203,255,228,374,171,96,3,8,278,500,319,399,123,47,199,5,123,93,93,161,2,151,58,True
Malik Aliane,184643,G,NEW MEXICO,4,100.0,0,241,68.0,82.1,67.9,0,2,102,100.0,100.0,99.0,2,2,0,234,0,234,0,234,114,114,0,0,120,0,18,1,1,102,64,111,1,295,177,3,8,199,396,230,1,123,47,48,39,123,156,156,322,40,72,58,True
Ben Midea,185749,C,KENT STATE,4,100.0,0,201,51.3,68.8,48.5,0,2,114,100.0,100.0,99.1,1,2,0,234,234,0,0,234,120,120,0,0,114,0,7,1,1,222,153,225,1,140,82,2,3,120,110,120,1,86,83,18,3,86,84,84,21,6,63,16,True
Zereoue Williams,146440,T,UTAH,4,100.0,0,328,74.4,93.3,62.9,0,0,120,100.0,100.0,100.0,0,0,0,234,0,0,233,234,125,125,0,0,109,1,16,1,1,60,2,219,1,1,127,2,6,1,1,1,1,146,4,28,65,148,135,136,38,301,130,95,True
Spencer Beckeman,205554,C,W MICHIGAN,4,100.0,0,347,54.0,46.4,55.5,2,3,104,100.0,100.0,97.6,0,5,0,233,233,0,0,233,115,115,0,0,118,0,7,1,1,209,217,199,219,183,98,2,3,200,1,206,1,87,84,18,3,87,92,92,21,6,51,16,True
Alex Harris,191007,G,BOWL GREEN,4,100.0,0,122,47.0,23.8,57.3,0,11,107,100.0,100.0,93.0,4,13,2,233,0,0,0,233,112,112,233,0,121,0,18,1,1,495,497,345,1,512,158,3,8,493,500,511,489,126,47,327,39,126,164,164,61,40,69,58,True
Tristian Smith,163472,G,ARK STATE,4,100.0,0,113,73.2,85.2,69.9,0,1,119,100.0,100.0,98.7,1,2,1,233,0,233,0,233,123,123,0,0,110,0,18,1,1,43,27,76,1,171,118,3,8,239,266,230,399,126,47,49,39,126,129,129,322,40,106,58,True
Sterling Wiggins,178302,T,ARK STATE,4,100.0,0,113,62.6,56.9,62.5,0,4,119,100.0,100.0,96.6,1,6,2,233,0,0,0,233,123,123,0,233,110,0,16,1,1,245,339,225,1,332,134,2,6,343,232,356,431,149,4,28,315,149,146,146,38,61,123,156,True
Gavin Dabo,193092,G,W MICHIGAN,4,100.0,0,347,49.7,32.9,52.5,2,3,104,100.0,100.0,94.7,1,8,3,233,0,0,0,233,115,115,233,0,118,0,18,1,1,480,484,437,467,373,166,3,8,485,266,489,506,126,47,327,39,126,152,152,61,40,80,58,True
Ethan Williams,174190,G,GA SOUTHRN,4,100.0,0,174,60.7,53.5,61.2,0,4,144,100.0,100.0,98.6,1,4,0,233,24,0,0,233,156,156,209,0,77,0,18,1,1,285,404,235,1,429,51,3,8,256,266,378,1,126,14,327,39,126,43,43,77,40,229,58,True
Alexis Sanchez,164434,C,BOWL GREEN,4,100.0,0,122,58.3,35.5,64.2,0,2,107,100.0,100.0,98.1,1,3,1,232,232,0,0,232,112,112,0,0,120,0,7,1,1,181,229,91,1,140,94,2,3,175,110,157,198,88,85,18,3,88,96,96,21,6,45,16,True
Kahlil House,188868,T,STANFORD,4,100.0,0,300,64.0,46.0,72.3,2,6,136,100.0,100.0,96.3,1,9,1,232,0,0,193,232,147,147,0,38,85,1,16,1,1,213,413,78,429,421,76,2,6,357,232,441,333,150,4,28,98,150,73,73,38,198,218,95,True
D.J. Geth,170103,T,LIBERTY,4,100.0,0,206,68.0,69.8,68.8,1,2,99,100.0,100.0,98.5,3,3,0,232,0,3,229,232,106,106,0,0,126,0,16,1,1,139,197,114,303,218,195,2,6,173,425,224,1,150,4,12,70,150,193,193,38,301,45,156,True
Phillip Gray,159176,C,MEMPHIS,4,100.0,1,218,56.4,74.5,54.6,1,1,107,100.0,100.0,99.1,2,2,0,231,231,0,0,231,118,118,0,0,113,0,7,1,214,192,119,205,179,90,94,2,3,120,167,120,1,89,86,18,3,89,86,86,21,6,65,16,True
Nate Hampton,206167,G,AKRON,4,100.0,0,102,52.9,62.2,51.6,0,4,140,100.0,100.0,97.9,2,5,1,231,0,0,0,231,144,144,231,0,87,0,18,1,1,448,335,446,1,429,58,3,8,348,396,415,399,130,47,327,39,130,73,73,63,40,193,58,True
Hall Schmidt,163388,T,UCLA,4,100.0,0,324,66.5,70.3,62.1,1,3,107,100.0,100.0,98.1,0,4,0,231,0,0,0,231,113,113,0,231,118,0,16,1,1,162,193,235,303,276,172,2,6,208,1,270,1,152,4,28,315,152,173,173,38,63,86,156,True
Oluwafunto Akinshilo,157576,G,SYRACUSE,3,100.0,1,304,59.1,86.2,54.0,0,2,124,100.0,100.0,99.2,3,2,0,231,0,231,0,231,134,134,0,0,97,0,284,1,475,325,21,410,1,295,101,3,8,181,467,230,1,130,47,50,39,130,97,97,322,40,155,58,True
Kaden Moreau,156738,G,LA LAFAYET,4,100.0,0,207,60.9,50.8,60.9,0,4,97,100.0,100.0,96.9,0,5,1,230,0,226,2,230,104,104,0,0,126,2,18,1,1,282,425,245,1,429,192,3,8,428,1,415,399,132,47,57,26,132,192,192,322,40,53,19,True
Trevaris Edwards,214892,G,MIDDLE TN,4,100.0,0,224,64.0,75.5,59.6,0,3,127,100.0,100.0,98.0,0,4,1,230,0,222,0,230,135,135,7,0,95,0,18,1,1,189,172,268,1,373,94,3,8,335,1,378,399,132,47,63,39,132,95,95,297,40,163,58,True
Kodi Greene,214925,T,WASHINGTON,4,100.0,2,340,64.0,69.8,66.2,3,5,151,100.0,100.0,97.4,3,8,0,230,0,0,230,230,156,156,0,0,74,0,16,1,490,213,197,154,470,388,29,2,6,280,425,427,1,153,4,28,68,153,42,42,38,301,245,156,True
PJ Wilkins,175798,T,WISCONSIN,4,100.0,0,349,51.9,46.0,55.5,3,7,121,100.0,100.0,95.9,3,10,0,230,0,0,230,230,125,125,0,0,105,0,16,1,1,421,413,378,470,450,124,2,6,382,425,458,1,153,4,28,68,153,135,136,38,301,147,156,True
Joe Brunner,158690,G,INDIANA,4,100.0,0,190,66.0,78.8,62.5,0,1,93,100.0,100.0,99.5,0,1,0,229,0,0,0,229,99,99,229,0,130,0,18,1,1,148,112,206,1,171,202,3,8,146,1,139,1,134,47,327,39,134,201,201,64,40,40,58,True
Carter Smith,156399,T,INDIANA,4,100.0,0,190,73.8,73.7,69.7,1,0,93,100.0,100.0,99.5,1,1,0,229,0,0,227,229,99,99,0,0,130,2,16,1,1,63,144,103,303,1,217,2,6,118,232,112,1,155,4,28,74,155,218,218,38,301,34,59,True
Bray Lynch,156401,C,INDIANA,4,100.0,0,190,58.3,84.6,57.0,0,0,93,100.0,100.0,100.0,4,0,0,229,229,0,0,229,99,99,0,0,130,0,7,1,1,181,12,188,1,1,112,2,3,1,216,1,1,90,87,18,3,90,113,113,21,6,27,16,True
Adedamola Ajani,193152,T,INDIANA,4,100.0,1,190,64.3,71.1,61.6,0,2,93,100.0,100.0,97.8,2,3,1,229,0,0,0,229,99,99,0,229,130,0,16,1,434,208,182,242,1,218,217,2,6,237,348,224,333,155,4,28,315,155,218,218,38,64,34,156,True
Gabe Funk,190393,T,BOWL GREEN,4,100.0,2,122,44.1,25.7,51.1,1,5,104,100.0,100.0,96.2,3,7,1,229,0,0,229,229,109,109,0,0,120,0,16,1,490,470,470,440,303,388,179,2,6,361,425,395,333,155,4,28,70,155,184,185,38,301,76,156,True
Cole Principe,204281,G,RICE,4,100.0,0,275,62.1,71.1,61.3,0,2,78,100.0,100.0,97.4,1,3,1,229,0,66,0,229,80,80,163,0,149,0,18,1,1,237,238,232,1,295,242,3,8,392,266,319,399,134,47,179,39,134,255,255,111,40,9,58,True
Drew Evans,158693,G,INDIANA,4,100.0,0,190,71.7,90.6,69.1,0,0,93,100.0,100.0,100.0,2,0,0,229,0,229,0,229,99,99,0,0,130,0,18,1,1,56,4,90,1,1,202,3,8,1,396,1,1,134,47,52,39,134,201,201,322,40,40,58,True
Nathan Efobi,176270,G,MICHIGAN,4,100.0,0,222,64.0,73.5,62.9,0,4,89,100.0,100.0,97.8,2,4,0,228,0,216,0,228,97,97,12,0,131,0,18,1,1,189,197,199,1,429,214,3,8,354,396,378,1,137,47,69,39,138,205,205,282,40,39,58,True
Tyler Brown,98070,G,JAMES MAD,4,100.0,0,197,61.7,73.7,58.0,0,2,104,100.0,100.0,98.1,0,3,1,228,0,0,0,228,109,109,227,0,119,0,18,1,1,255,193,318,1,295,166,3,8,316,1,319,399,137,47,327,39,138,178,178,66,40,77,58,True
Ian Moore,183704,T,OHIO STATE,4,100.0,0,260,69.5,77.5,61.8,1,2,128,100.0,100.0,98.0,0,4,1,228,0,0,228,228,130,130,0,0,98,0,16,1,1,122,97,239,303,218,106,2,6,219,1,270,333,158,4,28,73,158,120,120,38,301,179,156,True
Luke Montgomery,170261,G,OHIO STATE,4,100.0,1,260,64.3,63.7,63.1,0,1,128,100.0,100.0,99.6,1,1,0,228,0,228,0,228,130,130,0,0,98,0,18,1,475,181,322,193,1,171,86,3,8,138,266,139,1,137,47,53,39,138,105,105,322,40,151,58,True
Gino Quinones,100374,G,FRESNO ST,4,99.6,1,169,49.8,66.9,45.9,1,3,112,100.0,99.2,98.2,1,4,0,228,0,0,0,229,119,120,228,0,109,1,18,504,475,479,280,504,374,373,142,3,504,305,266,378,1,137,47,327,39,134,137,138,65,40,110,26,True
Austin Siereveld,170269,T,OHIO STATE,4,100.0,0,260,70.6,66.0,73.0,1,2,128,100.0,100.0,98.8,2,3,0,228,0,0,0,228,130,130,90,138,98,0,16,1,1,99,252,74,303,218,106,2,6,154,348,224,1,158,4,28,315,158,120,120,2,135,179,156,True
Kam Pringle,184497,T,SYRACUSE,3,100.0,1,304,52.8,45.5,57.8,2,9,122,100.0,100.0,94.7,2,12,1,228,0,0,0,228,132,132,0,228,96,0,278,1,434,414,415,327,429,478,122,2,6,428,348,477,333,158,4,28,315,158,114,114,38,65,184,156,True
Carson Hinzman,162867,C,OHIO STATE,4,100.0,0,260,69.6,79.7,63.7,1,1,128,100.0,100.0,99.2,0,2,0,228,228,0,0,228,130,130,0,0,98,0,7,1,1,64,54,98,179,90,59,2,3,110,1,120,1,91,88,18,3,91,67,67,21,6,90,16,True
K'leyone Iosua,174762,T,UTAH ST,4,100.0,0,329,56.4,65.9,52.4,0,5,132,100.0,100.0,97.3,2,6,1,227,48,0,177,227,146,146,0,0,81,2,16,1,1,359,256,426,1,388,89,2,6,289,348,356,333,161,2,28,110,161,78,78,38,301,226,59,True
Christian Williams,157741,T,LIBERTY,4,100.0,0,206,69.7,67.9,69.1,0,1,95,100.0,100.0,98.4,2,2,1,227,0,0,0,227,102,102,0,227,125,0,16,1,1,116,222,111,1,145,207,2,6,181,348,178,333,161,4,28,315,161,206,207,38,66,52,156,True
Hunter Whitenack,158229,G,W MICHIGAN,4,100.0,0,347,56.8,82.9,49.7,1,1,103,100.0,100.0,99.0,0,2,0,227,0,227,0,227,113,113,0,0,114,0,18,1,1,380,51,473,374,171,170,3,8,199,1,230,1,141,47,55,39,141,159,159,322,40,93,58,True
Chris Moreno,170885,G,MIDDLE TN,4,100.0,0,224,67.0,87.6,59.2,1,0,121,100.0,100.0,99.6,1,1,0,227,96,31,0,227,128,128,99,0,99,0,18,1,1,126,14,279,374,1,113,3,8,138,266,139,1,141,4,224,39,141,115,114,152,40,148,58,True
Jimmy Liston,174964,C,UTAH ST,4,100.0,0,329,47.6,62.1,58.0,1,2,133,100.0,100.0,98.1,7,4,1,227,141,2,84,227,148,148,0,0,79,0,7,1,1,227,184,176,179,140,47,2,3,175,231,180,198,92,134,15,2,92,43,43,21,6,123,16,True
Lipe Moala,176595,G,HAWAII,3,100.0,0,180,63.4,64.7,64.4,0,2,158,100.0,100.0,99.4,1,2,0,227,0,227,0,227,164,164,0,0,63,0,284,1,1,203,310,168,1,295,24,3,8,158,266,230,1,141,47,55,39,141,25,25,322,40,279,58,True
Alex Harrison,131856,C,UTAH,4,100.0,0,328,61.9,65.6,61.0,1,2,117,100.0,100.0,98.7,3,3,0,226,226,0,0,226,122,122,0,0,104,0,7,1,1,149,167,137,179,140,78,2,3,141,198,157,1,93,89,18,3,93,81,81,21,6,77,16,True
Maarten Woudsma,163544,G,MEMPHIS,4,100.0,0,218,54.8,66.9,50.4,2,0,101,100.0,100.0,99.0,0,2,0,226,0,0,0,226,112,112,226,0,114,0,18,1,1,418,280,461,467,1,181,3,8,199,1,230,1,144,47,327,39,144,164,164,67,40,93,58,True
Nate Bledsoe,173227,C,RICE,4,100.0,0,275,66.2,60.6,64.6,0,1,79,100.0,100.0,99.4,0,1,0,226,226,0,0,226,82,82,0,0,144,0,7,1,1,94,187,90,1,90,129,2,3,95,1,80,1,93,89,18,3,93,129,129,21,6,10,16,True
Malachi Goodman,199890,T,PENN STATE,4,100.0,0,266,66.0,57.8,66.2,1,3,109,100.0,100.0,98.2,0,4,0,225,0,0,225,225,115,115,0,0,110,0,16,1,1,176,330,154,303,276,165,2,6,200,1,270,1,163,4,28,76,163,167,167,38,301,123,156,True
Joshua Daniel,172833,G,COAST CAR,4,100.0,0,141,52.5,59.3,51.0,0,8,145,100.0,100.0,97.2,3,8,0,225,0,225,0,225,154,154,0,0,71,0,18,1,1,451,360,455,1,506,46,3,8,407,467,489,1,145,47,58,39,145,48,48,322,40,253,58,True
Monroe Mills,122977,T,VIRGINIA,4,100.0,0,335,90.8,85.2,88.5,0,1,102,100.0,100.0,99.5,0,1,0,225,0,0,0,225,110,110,0,223,115,2,16,1,1,2,20,5,1,145,184,2,6,118,1,112,1,163,4,28,315,163,180,182,38,70,99,59,True
Braden Smith,192462,C,IOWA STATE,4,100.0,0,193,73.2,59.2,73.3,0,4,104,100.0,100.0,98.1,2,4,0,225,225,0,0,225,112,112,0,0,113,0,7,1,1,34,192,20,1,197,98,2,3,175,167,180,1,95,91,18,3,95,96,96,21,6,65,16,True
Leighton Jones,170152,G,IOWA,4,100.0,0,192,76.8,82.2,77.7,0,4,126,100.0,100.0,98.4,1,4,0,225,0,225,0,225,132,132,0,0,93,0,18,1,1,23,59,19,1,429,96,3,8,278,266,378,1,145,47,58,39,145,100,100,322,40,173,58,True
Evan Bushong,189983,G,JAMES MAD,4,100.0,0,197,63.3,71.9,64.3,0,1,106,100.0,100.0,98.6,2,2,1,225,0,224,0,225,112,112,0,0,113,0,18,1,1,209,226,171,1,171,160,3,8,256,396,230,399,145,47,61,39,145,164,164,322,40,98,58,True
Deacon Rawls,189997,T,JAMES MAD,4,100.0,1,197,55.8,62.4,59.1,0,5,100,100.0,100.0,96.5,4,6,1,225,0,0,0,225,105,105,0,224,120,0,16,1,434,367,287,296,1,388,191,2,6,353,469,356,333,163,4,28,315,163,196,196,38,69,76,156,True
Caden Maas,194270,G,IOWA STATE,4,100.0,0,193,60.0,75.3,55.1,0,2,104,100.0,100.0,98.1,0,3,1,225,0,225,0,225,112,112,0,0,113,0,18,1,1,305,174,391,1,295,166,3,8,316,1,319,399,145,47,58,39,145,164,164,322,40,98,58,True
Jack Dotzler,156425,T,IOWA,4,100.0,0,192,59.5,54.4,65.5,1,4,126,100.0,100.0,97.2,4,6,1,225,0,0,0,225,132,132,0,225,93,0,16,1,1,313,358,166,303,332,109,2,6,298,469,356,333,163,4,28,315,163,114,114,38,68,195,156,True
Caleb Cook,147118,G,USF,4,100.0,0,327,60.0,65.8,57.1,0,1,110,100.0,100.0,98.6,2,2,1,224,0,57,0,224,113,113,167,0,111,0,18,1,1,305,294,350,1,171,146,3,8,256,396,230,399,149,47,186,39,149,159,159,107,40,105,58,True
Luke Sandy,157677,G,CHARLOTTE,4,100.0,0,136,60.5,69.1,55.6,1,2,129,100.0,100.0,98.8,0,3,0,224,0,222,0,224,140,140,2,0,84,0,18,1,1,290,262,382,374,295,83,3,8,227,1,319,1,149,47,63,39,149,79,79,306,40,203,58,True
King Large,189551,T,MO STATE,4,99.6,0,230,73.6,68.6,74.8,0,1,115,100.0,99.2,97.0,3,4,3,224,0,0,223,225,125,126,0,0,99,2,16,467,1,64,213,51,1,145,147,2,474,314,425,270,475,167,4,28,77,163,135,135,38,301,170,59,True
Brandon Stoner,198484,G,GA SOUTHRN,4,100.0,0,174,65.0,83.0,59.9,0,2,140,100.0,100.0,99.3,1,2,0,223,0,223,0,223,153,153,0,0,70,0,18,1,1,166,48,263,1,295,58,3,8,167,266,230,1,151,47,62,39,151,50,50,322,40,259,58,True
Dylan Sikorski,191224,G,TEXAS,4,100.0,0,311,66.6,92.1,58.1,0,0,124,100.0,100.0,100.0,0,0,0,223,0,220,0,223,128,128,3,0,95,0,18,1,1,134,1,313,1,1,101,3,8,1,1,1,1,151,47,65,39,151,115,114,302,40,163,58,True
George Jackson,147152,T,LA LAFAYET,4,100.0,0,207,65.7,67.1,62.5,0,3,95,100.0,100.0,97.4,0,4,1,223,0,0,0,223,102,102,3,220,121,0,16,1,1,180,235,225,1,276,207,2,6,280,1,270,333,168,4,28,315,168,206,207,25,73,71,156,True
Chad Schuster,158307,T,W MICHIGAN,4,100.0,0,347,61.4,52.3,64.9,0,6,100,100.0,100.0,97.0,1,6,0,223,0,0,223,223,110,110,0,0,113,0,16,1,1,273,373,178,1,421,191,2,6,314,232,356,1,168,4,28,77,168,180,182,38,301,113,156,True
Karsten Upchurch,184763,T,W KENTUCKY,3,100.0,0,346,60.5,59.2,61.5,1,6,125,100.0,100.0,97.2,1,7,0,222,0,0,0,222,129,129,0,221,93,1,278,1,1,294,316,245,303,421,113,2,6,298,232,395,1,170,4,28,315,170,125,125,38,72,195,95,True
Christian Richter,159769,T,UCONN,4,100.0,0,146,51.6,48.1,57.4,3,8,112,100.0,100.0,94.2,3,12,1,222,0,0,0,222,121,121,0,222,101,0,16,1,1,428,402,334,470,467,157,2,6,444,425,477,333,170,4,28,315,170,151,152,38,71,161,156,True
Zach Smith,191070,G,COLO STATE,4,100.0,0,144,50.2,51.5,45.5,1,4,127,100.0,100.0,98.0,0,5,0,221,0,0,0,221,138,138,216,4,83,1,18,1,1,474,416,507,374,429,94,3,8,335,1,415,1,153,47,327,39,153,88,86,68,20,205,26,True
Tra'jon Townsend,205436,T,TROY,4,100.0,0,318,53.4,45.4,55.2,1,4,117,100.0,100.0,97.0,0,6,1,221,0,0,221,221,122,122,0,0,99,0,16,1,1,405,417,383,303,332,145,2,6,314,1,356,333,172,4,28,79,172,150,150,38,301,170,156,True
Andrew Chamblee,157025,T,SMU,4,100.0,0,287,61.0,72.1,56.0,0,7,118,100.0,100.0,96.2,2,8,1,220,0,0,83,220,124,124,0,134,96,2,16,1,1,286,166,368,1,450,139,2,6,361,348,427,333,173,4,28,154,173,142,143,38,138,184,59,True
Elijah Pritchett,163611,T,NEBRASKA,4,100.0,0,238,72.8,68.5,70.5,2,4,108,100.0,100.0,97.2,0,6,0,220,0,0,214,220,109,109,0,0,111,6,16,1,1,75,214,92,429,332,169,2,6,298,1,356,1,173,4,28,87,173,184,185,38,301,120,23,True
Dustyn Morell,163141,G,KENT STATE,4,100.0,0,201,46.3,49.0,47.0,1,3,109,100.0,100.0,98.2,3,4,0,219,0,219,0,219,115,115,0,0,104,0,18,1,1,498,433,491,374,373,149,3,8,305,467,378,1,154,47,66,39,154,152,152,322,40,126,58,True
Nick Krahe,173185,G,W VIRGINIA,4,100.0,0,343,68.4,73.5,66.4,0,2,54,100.0,100.0,98.1,0,2,0,219,0,219,0,219,58,58,0,0,161,0,18,1,1,97,197,135,1,295,306,3,8,316,1,230,1,154,47,66,39,154,305,305,322,40,2,58,True
Manasse Itete,190570,T,ARK STATE,4,100.0,0,113,58.9,50.9,62.7,1,1,111,100.0,100.0,99.1,1,2,0,219,0,0,219,219,115,115,0,0,104,0,16,1,1,321,384,222,303,145,159,2,6,137,232,178,1,175,4,28,81,175,167,167,38,301,149,156,True
Maasai King,199584,T,IOWA STATE,4,100.0,0,193,60.3,79.3,55.1,0,2,101,100.0,100.0,99.0,2,2,0,219,0,0,0,219,109,109,0,217,110,2,16,1,1,299,63,384,1,218,186,2,6,143,348,178,1,175,4,28,315,175,184,185,38,75,123,59,True
DJ Williams,207828,C,BOSTON COL,4,100.0,0,121,56.2,59.1,56.2,1,2,119,100.0,100.0,98.7,1,3,0,219,219,0,0,219,125,125,0,0,94,0,7,1,1,196,193,193,179,140,73,2,3,141,110,157,1,96,92,18,3,96,75,75,21,6,97,16,True
Samson Okunlola,170089,T,MIAMI FL,4,100.0,0,220,68.2,79.9,59.8,0,4,119,100.0,100.0,98.3,0,4,0,218,0,1,215,218,127,127,0,0,91,2,16,1,1,138,56,285,1,332,134,2,6,191,1,270,1,177,4,16,84,177,131,131,38,301,203,59,True
McKale Boley,156387,T,VIRGINIA,4,100.0,0,335,81.1,86.1,74.5,0,0,99,100.0,100.0,100.0,0,0,0,218,0,0,217,218,102,102,0,0,116,1,16,1,1,21,12,56,1,1,195,2,6,1,1,1,1,177,4,28,82,177,206,207,38,301,92,95,True
Zay Alexander,172533,T,LA LAFAYET,4,100.0,0,207,41.2,31.0,58.1,0,1,91,100.0,100.0,98.4,8,2,1,218,0,0,215,218,102,102,0,3,116,0,16,1,1,480,462,320,1,145,225,2,6,181,494,178,333,177,4,28,84,177,206,207,38,285,92,156,True
Cooper Fordham,173674,C,LA LAFAYET,4,100.0,0,207,62.4,62.8,60.5,0,4,94,100.0,100.0,97.9,0,4,0,218,218,0,0,218,101,101,0,0,117,0,7,1,1,135,180,141,1,197,111,2,3,189,1,180,1,97,93,18,3,97,110,110,21,6,53,16,True
Martin Koivisto,158592,T,C MICHIGAN,4,100.0,0,134,61.7,35.7,66.2,0,3,77,100.0,100.0,95.5,0,5,2,218,0,0,0,218,80,80,0,218,138,0,16,1,1,269,451,154,1,276,255,2,6,400,1,312,431,177,4,28,315,177,261,261,38,74,22,156,True
Hunter Erb,158647,G,TULSA,4,100.0,0,320,71.7,73.2,73.3,1,2,119,100.8,100.8,97.1,1,5,2,218,0,218,0,218,129,128,0,0,89,0,18,1,1,56,203,49,374,295,118,1,2,418,266,415,489,156,47,68,39,156,110,114,322,40,185,58,True
Tegra Tshabola,75288,G,KENTUCKY,4,100.0,0,202,74.3,90.5,72.8,0,0,103,100.0,100.0,100.0,2,0,0,218,0,7,0,218,106,106,211,0,112,0,18,1,1,37,5,54,1,1,170,3,8,1,396,1,1,156,47,296,39,156,185,186,74,40,102,58,True
Matthew McCoy,162736,T,MIAMI FL,4,100.0,0,220,72.7,76.8,72.7,0,2,119,100.0,100.0,99.2,3,2,0,218,0,0,0,218,127,127,0,216,91,2,16,1,1,76,106,75,1,218,134,2,6,131,425,178,1,177,4,28,315,177,131,131,38,76,203,59,True
Ryan Rodriguez,143948,C,MIAMI FL,4,100.0,0,220,75.4,72.2,75.0,0,0,119,100.0,100.0,100.0,1,0,0,218,218,0,0,218,127,127,0,0,91,0,7,1,1,20,132,12,1,1,73,2,3,1,110,1,1,97,93,18,3,97,74,74,21,6,102,16,True
Brian Williams Jr.,188628,C,UTEP,4,100.0,0,330,67.9,44.1,71.2,1,2,103,100.0,100.0,96.6,1,5,2,217,216,0,0,217,112,112,1,0,105,0,7,1,1,80,219,29,179,140,100,2,3,220,110,206,227,99,95,18,3,99,96,96,14,6,75,16,True
Byron Washington,199233,G,SYRACUSE,3,100.0,0,304,55.0,72.2,50.0,0,1,116,100.0,100.0,99.6,1,1,0,216,0,0,0,216,126,126,216,0,90,0,284,1,1,416,219,469,1,171,130,3,8,138,266,139,1,158,47,327,39,158,120,120,68,40,180,58,True
Boogie Henderson,188396,T,HAWAII,3,100.0,0,180,34.7,18.7,48.9,2,12,149,100.0,100.0,94.6,1,15,1,216,0,0,216,216,154,154,0,0,62,0,278,1,1,492,483,466,429,489,36,2,6,432,232,488,333,182,4,28,83,182,53,52,38,301,271,156,True
Moshood Giwa,171590,T,RUTGERS,4,100.0,0,278,80.5,76.3,77.9,1,0,119,100.0,100.0,99.6,1,1,0,216,0,0,0,216,125,125,0,216,91,0,16,1,1,23,115,27,303,1,134,2,6,113,232,112,1,182,4,28,315,182,135,136,38,76,203,156,True
Peyton Miller,176281,C,UMASS,4,100.0,0,216,55.0,78.4,53.0,2,2,92,100.0,100.0,97.8,3,4,0,216,216,0,0,216,100,100,0,0,116,0,7,1,1,202,64,218,219,140,114,2,3,193,198,180,1,100,95,18,3,100,112,112,21,6,55,16,True
Rudy Varela,186452,C,AIR FORCE,3,100.0,0,101,70.6,66.5,67.7,0,1,44,100.0,100.0,98.9,0,1,0,216,216,0,0,216,49,49,0,0,167,0,126,1,1,55,165,63,1,90,148,2,3,132,1,80,1,100,95,18,3,100,148,148,21,6,2,16,True
Luke Rector,170810,C,TOLEDO,4,100.0,0,316,65.3,71.7,61.2,2,0,113,100.0,100.0,99.1,0,2,0,215,215,0,0,215,124,124,0,0,91,0,7,1,1,105,135,134,219,1,84,2,3,120,1,120,1,102,98,18,3,102,77,77,21,6,102,16,True
Ronan O'Connell,183201,G,CLEMSON,4,100.0,1,140,52.2,50.6,52.3,2,4,102,100.0,100.0,96.1,2,7,1,215,0,1,0,215,112,112,214,0,103,0,18,1,475,455,426,443,467,429,177,3,8,456,396,474,399,159,47,316,39,159,164,164,72,40,132,58,True
Makilan Thomas,147058,G,VIRGINIA,4,100.0,0,335,80.2,85.7,79.2,0,0,103,100.0,100.0,99.0,0,1,1,215,0,0,0,215,111,111,215,0,104,0,18,1,1,7,23,10,1,1,170,3,8,199,1,139,399,159,47,327,39,159,173,173,71,40,126,58,True
Brady Wayburn,158638,G,UCF,4,100.0,0,323,60.4,65.2,57.8,0,4,103,100.0,100.0,97.1,0,5,1,215,0,215,0,215,111,111,0,0,104,0,18,1,1,293,302,324,1,429,170,3,8,418,1,415,399,159,47,70,39,159,173,173,322,40,126,58,True
Henry Tabansi,171215,T,UCF,4,100.0,1,323,67.2,74.6,63.6,1,3,103,100.0,100.0,98.1,3,4,0,215,0,0,215,215,111,111,0,0,104,0,16,1,434,152,137,204,303,276,182,2,6,208,425,270,1,184,4,28,84,184,179,180,38,301,149,156,True
Connor Drake,172275,G,DOMINION,4,100.0,1,263,54.1,60.4,54.8,2,3,101,100.0,100.0,97.5,5,5,0,214,0,214,0,214,112,112,0,0,102,0,18,1,475,427,355,398,467,373,181,3,8,386,509,415,1,162,47,71,39,163,164,164,322,40,134,58,True
Tyler Roberts,205468,T,UTEP,4,99.5,0,330,63.1,52.1,65.6,3,9,101,99.0,99.1,93.1,0,13,1,214,0,0,210,215,110,111,0,0,104,1,16,476,1,234,375,163,470,478,186,478,476,467,1,483,333,185,4,28,89,184,180,180,38,301,149,95,True
Ethan Green,164144,T,USF,4,100.0,0,327,69.9,73.2,67.8,0,3,104,100.0,100.0,98.6,1,3,0,214,0,0,57,214,107,107,0,157,107,0,16,1,1,108,151,132,1,276,179,2,6,164,232,224,1,185,4,28,173,186,189,189,38,122,136,156,True
Mofe Adewole,164511,T,KENT STATE,4,100.0,0,201,66.1,64.3,66.6,0,4,107,100.0,100.0,97.2,2,5,1,214,0,0,0,214,113,113,1,213,101,0,16,1,1,174,271,150,1,332,172,2,6,298,348,312,333,185,4,28,315,186,173,173,31,79,161,156,True
Connor Meadows,163769,G,UCF,4,100.0,0,323,51.0,53.6,51.2,0,6,102,100.0,100.0,97.1,1,6,0,214,99,0,0,214,110,110,115,0,104,0,18,1,1,467,403,453,1,491,177,3,8,418,266,455,1,162,3,327,39,163,176,176,137,40,126,58,True
Brandon Best,156298,C,E CAROLINA,4,100.0,0,156,59.9,77.8,55.8,0,1,109,100.0,100.0,98.6,1,2,1,213,213,0,0,213,113,113,0,0,100,0,7,1,1,169,74,196,1,90,88,2,3,148,110,120,198,103,99,18,3,103,95,95,21,6,86,16,True
Cooper Cousins,183600,G,PENN STATE,4,100.0,0,266,62.6,51.5,63.7,0,5,106,100.0,100.0,97.6,0,5,0,213,0,0,0,213,112,112,213,0,101,0,18,1,1,223,416,178,1,459,160,3,8,378,1,415,1,164,47,327,39,165,164,164,73,40,138,58,True
Ross Liegel,188421,T,N ILLINOIS,3,100.0,0,254,69.4,72.3,58.3,0,3,136,100.0,100.0,96.7,1,6,3,213,0,0,213,213,141,141,0,0,72,0,278,1,1,125,163,313,1,276,76,2,6,337,232,356,475,188,4,28,88,188,92,92,38,301,249,156,True
Anthony Donkoh,170281,T,PENN STATE,4,100.0,0,266,77.1,65.5,80.0,0,4,106,100.0,100.0,98.1,2,4,0,213,0,0,0,213,112,112,0,211,101,2,16,1,1,39,259,20,1,332,177,2,6,208,348,270,1,188,4,28,315,188,175,175,38,83,161,59,True
Matthew Greene,174070,G,MO STATE,4,100.0,0,230,71.5,72.6,70.3,0,5,114,100.0,100.0,97.8,0,5,0,213,0,213,0,213,123,123,0,0,90,0,18,1,1,59,214,71,1,459,137,3,8,354,1,415,1,164,47,72,39,165,129,129,322,40,180,58,True
Tony Nelson,157483,G,MINNESOTA,4,100.0,0,225,67.1,64.6,69.5,0,2,120,100.0,100.0,99.2,1,2,0,212,0,0,1,212,125,125,210,1,87,0,18,1,1,122,312,80,1,295,115,3,8,181,266,230,1,166,47,327,29,167,121,121,76,31,193,58,True
Kene Anene,191162,T,N DAK ST,4,100.0,0,250,53.4,46.5,54.8,1,5,87,100.0,100.0,95.4,0,7,1,212,0,0,0,212,95,95,0,212,117,0,16,1,1,405,411,392,303,388,234,2,6,408,1,395,333,190,4,28,315,190,228,229,38,81,89,156,True
Trevor Buhr,174661,G,PENN STATE,4,100.0,0,266,62.0,69.8,58.7,0,2,106,100.0,100.0,97.2,0,4,2,212,0,212,0,212,112,112,0,0,100,0,18,1,1,244,255,294,1,295,160,3,8,407,1,378,489,166,47,73,39,167,164,164,322,40,143,58,True
Mateo Rodriguez,189867,G,NEW MEX ST,5,98.6,0,242,45.8,22.1,57.9,3,4,115,99.1,97.5,94.3,3,10,3,212,0,125,52,215,118,121,11,0,94,27,1,509,1,501,500,321,501,429,133,506,508,487,467,505,506,166,47,145,5,159,140,135,284,40,170,1,True
Cason Henry,158126,T,LOUISVILLE,3,100.0,0,210,53.2,39.0,58.3,0,4,101,100.0,100.0,96.0,1,6,2,212,0,0,0,212,109,109,0,212,103,0,278,1,1,409,436,313,1,332,186,2,6,378,232,356,431,190,4,28,315,190,184,185,38,81,156,156,True
Judah Kaio,184168,G,HAWAII,4,100.0,1,180,48.4,33.7,51.5,0,9,145,100.0,100.0,96.2,1,10,1,211,0,69,0,211,149,149,142,0,62,0,18,1,475,488,483,448,1,509,46,3,8,451,266,505,399,169,47,177,39,169,59,59,122,40,281,58,True
Wil Saxton,156838,G,ARK STATE,4,100.0,1,113,53.2,55.6,56.9,1,4,109,100.0,100.0,96.8,4,6,1,211,0,0,0,211,113,113,211,0,98,0,18,1,475,439,391,358,374,429,149,3,8,432,500,455,399,169,47,327,39,169,159,159,74,40,151,58,True
Cael Winter,170179,C,IOWA,4,100.0,1,192,68.0,78.4,66.6,0,1,119,100.0,100.0,99.6,2,1,0,211,211,0,0,211,125,125,0,0,86,0,7,1,214,75,64,69,1,90,73,2,3,82,167,80,1,104,100,18,3,104,75,75,21,6,110,16,True
Colin Alexander,188367,T,GA SOUTHRN,3,100.0,0,174,73.6,76.4,68.0,0,0,132,100.0,100.0,98.5,0,2,2,211,0,0,0,211,140,140,1,209,71,0,278,1,1,64,112,126,1,1,89,2,6,173,1,178,431,192,4,28,315,192,96,96,31,84,251,156,True
Patrick Valent,173252,G,RICE,4,100.0,0,275,62.1,68.6,60.0,0,2,71,100.0,100.0,98.6,0,2,0,211,0,157,0,211,73,73,54,0,138,0,18,1,1,237,264,260,1,295,265,3,8,256,1,230,1,169,47,116,39,169,270,270,182,40,22,58,True
Luke Vonderhaar,173887,T,AIR FORCE,3,100.0,0,101,75.2,58.8,77.2,0,2,42,100.0,100.0,97.6,2,2,0,210,0,0,3,210,47,47,3,204,163,0,278,1,1,52,321,31,1,218,316,2,6,256,348,178,1,193,4,28,294,194,315,315,25,89,4,156,True
Tyreek Major,189613,C,W KENTUCKY,4,100.0,0,346,59.1,70.2,58.4,1,2,124,100.0,100.0,98.0,3,4,1,210,210,0,0,210,128,128,0,0,82,0,7,1,1,176,144,169,179,140,64,2,3,182,198,180,198,105,101,18,3,105,71,71,21,6,116,16,True
Teko Shoats,193351,T,OREGON ST,4,99.5,0,265,74.6,80.5,74.2,2,3,144,99.3,99.4,98.3,2,5,0,210,0,0,1,211,155,156,0,208,55,0,16,476,1,57,53,59,429,276,58,471,466,191,348,312,1,193,4,28,302,192,45,42,38,86,289,156,True
Daniel Jones,186476,T,COAST CAR,4,100.0,0,141,56.0,51.0,60.4,1,6,131,100.0,100.0,95.0,1,10,3,209,0,0,207,209,140,140,0,0,69,2,16,1,1,364,382,273,303,421,95,2,6,419,232,458,475,195,4,28,90,195,96,96,38,301,256,59,True
Guerby Lambert,189881,T,NOTRE DAME,4,100.0,0,258,66.5,54.1,68.4,0,4,93,100.0,100.0,97.8,0,4,0,209,0,0,0,209,99,99,0,209,110,0,16,1,1,162,361,117,1,332,217,2,6,237,1,270,1,195,4,28,315,195,218,218,38,84,123,156,True
Brody Bolyn,173365,G,BOWL GREEN,4,100.0,1,122,56.2,70.8,53.2,0,2,101,100.0,100.0,99.0,1,2,0,208,1,207,0,208,106,106,0,0,102,0,18,1,475,398,243,426,1,295,181,3,8,199,266,230,1,172,42,74,39,172,185,186,322,40,134,58,True
Gunnar Gottula,170227,T,NEBRASKA,4,100.0,2,238,72.6,66.0,75.8,1,4,93,100.0,100.0,96.2,2,6,1,208,0,0,36,208,95,95,0,166,113,6,16,1,490,80,252,43,303,332,217,2,6,361,348,356,333,197,4,28,201,197,228,229,38,113,113,23,True
Braden Miller,158392,T,DUKE,4,100.0,1,154,54.3,77.9,55.1,1,3,79,100.0,100.0,97.5,5,4,0,208,0,0,0,208,86,86,0,208,122,0,16,1,434,396,87,384,303,276,248,2,6,265,485,270,1,197,4,28,315,197,247,247,38,86,62,156,True
Dennis Strey Jr.,157463,G,E MICHIGAN,4,100.0,0,160,58.6,64.1,54.9,0,2,117,100.0,100.0,97.4,1,4,2,207,0,0,0,207,128,128,207,0,79,0,18,1,1,345,316,395,1,295,126,3,8,392,266,378,489,173,47,327,39,173,115,114,78,40,220,58,True
Daniel Shipp,199785,T,MINNESOTA,4,100.0,0,225,58.3,52.4,68.5,0,4,115,100.0,100.0,97.4,4,5,1,206,0,0,1,206,118,118,0,205,88,0,16,1,1,330,372,116,1,332,147,2,6,280,469,312,333,199,4,28,302,199,158,159,38,88,211,156,True
Sam Pendleton,171096,C,TENNESSEE,3,100.0,0,307,66.2,77.6,69.0,0,4,108,100.0,100.0,98.1,4,4,0,206,206,0,0,206,116,116,0,0,90,0,126,1,1,94,79,52,1,197,91,2,3,175,216,180,1,106,102,18,3,106,91,91,21,6,107,16,True
Joe Cruz,158295,C,SYRACUSE,3,100.0,0,304,47.0,50.9,47.8,0,3,111,100.0,100.0,97.7,2,4,1,205,205,0,0,205,121,121,0,0,84,0,126,1,1,228,209,228,1,183,86,2,3,195,167,180,198,107,103,18,3,107,82,82,21,6,114,16,True
Conner Moore,164394,G,MICH STATE,4,100.0,0,223,65.8,56.2,69.0,1,3,100,100.0,100.0,97.0,1,5,1,205,0,205,0,205,105,105,0,0,100,0,18,1,1,156,386,91,374,373,186,3,8,425,266,415,399,174,47,75,39,174,190,190,322,40,143,58,True
Nick Sharpe,144205,G,MICH STATE,4,100.0,0,223,68.3,87.7,62.8,1,1,103,100.0,100.0,99.0,0,2,0,205,0,50,0,205,109,109,155,0,96,0,18,1,1,98,13,201,374,171,170,3,8,199,1,230,1,174,47,192,39,174,178,178,114,40,158,58,True
Kasen Carpenter,173292,C,KANSAS,3,100.0,0,198,62.5,42.8,65.3,0,5,96,100.0,100.0,94.3,1,8,3,205,205,0,0,205,101,101,0,0,104,0,126,1,1,131,221,82,1,219,110,2,3,228,110,228,230,107,103,18,3,107,110,110,21,6,77,16,True
Calvin Clements,173069,T,KANSAS,3,99.5,0,198,62.5,53.0,64.1,1,7,95,99.0,99.0,94.7,2,9,1,205,0,0,193,206,101,102,0,8,104,4,278,476,1,249,365,196,303,450,207,478,478,428,348,441,333,200,4,28,98,199,212,207,38,277,149,35,True
Max Buchanan,200170,G,MIAMI FL,4,100.0,0,220,71.9,52.8,76.3,1,2,110,100.0,100.0,98.6,0,3,0,205,0,30,0,205,116,116,175,0,89,0,18,1,1,53,411,28,374,295,146,3,8,256,1,319,1,174,47,226,39,174,144,144,98,40,185,58,True
Cam Nichols,175253,G,NAVY,3,100.0,0,237,69.4,68.5,68.1,0,2,61,100.0,100.0,98.4,0,2,0,204,0,203,0,204,66,66,0,0,138,1,284,1,1,78,265,107,1,295,293,3,8,278,1,230,1,177,47,76,39,177,291,291,322,40,22,26,True
Greg Knox III,160188,T,UMASS,4,99.5,0,216,62.7,68.5,58.4,0,7,89,98.9,99.0,96.1,0,7,0,204,0,0,204,205,95,96,0,0,109,0,16,476,1,243,214,311,1,450,231,482,478,374,1,395,1,201,4,28,91,201,228,225,38,301,130,156,True
Kris Manu,188285,C,MIAMI OH,4,100.0,0,221,55.3,78.7,50.8,0,2,121,100.0,100.0,99.2,3,2,0,204,204,0,0,204,128,128,0,0,76,0,7,1,1,201,61,223,1,140,68,2,3,110,198,120,1,109,105,18,3,109,71,71,21,6,125,16,True
Sean Crowley,189479,T,NAVY,3,100.0,0,237,64.1,39.8,68.9,1,4,61,100.0,100.0,92.6,1,7,2,204,0,0,189,204,66,66,0,0,138,15,278,1,1,210,432,112,303,332,285,2,6,477,232,395,431,201,4,28,103,202,280,280,38,301,22,4,True
Toran Smith,189523,C,NAVY,3,100.0,0,237,68.6,64.8,67.8,0,0,61,100.0,100.0,98.4,1,1,1,204,203,0,0,204,66,66,0,0,138,1,126,1,1,68,172,61,1,1,143,2,3,164,110,80,198,109,106,18,3,109,142,142,21,6,20,10,True
Jacob Schorsch,188291,G,MIAMI OH,4,100.0,0,221,60.4,70.3,55.8,0,1,121,100.0,100.0,98.8,0,2,1,204,0,0,0,204,128,128,204,0,76,0,18,1,1,293,250,379,1,171,113,3,8,227,1,230,399,177,47,327,39,177,115,114,79,40,233,58,True
Malcolm Johnson,205144,T,NAVY,3,100.0,0,237,65.1,60.6,65.5,0,5,61,100.0,100.0,94.3,1,6,1,204,0,1,0,204,66,66,1,190,138,12,278,1,1,195,301,166,1,388,285,2,6,442,232,356,333,201,4,16,315,202,280,280,31,97,22,7,True
Jacob Booth,171222,T,C MICHIGAN,4,100.0,0,134,58.9,25.3,65.6,1,2,75,100.0,100.0,95.3,0,5,2,204,0,0,204,204,78,78,0,0,126,0,16,1,1,321,472,163,303,218,259,2,6,410,1,312,431,201,4,28,91,202,264,264,38,301,45,156,True
Aitor Urionabarrenechea,173499,G,UMASS,4,100.0,0,216,62.5,69.8,61.8,0,3,89,100.0,100.0,98.3,1,3,0,203,2,201,0,203,97,97,0,0,106,0,18,1,1,226,255,220,1,373,214,3,8,289,266,319,1,179,40,78,39,179,205,205,322,40,120,58,True
Thomas Shrader,122417,C,USF,4,100.0,0,327,53.8,39.3,61.2,1,1,105,100.0,100.0,96.2,3,5,3,203,105,0,0,203,107,107,56,42,96,0,7,1,1,212,225,134,179,90,96,2,3,223,198,206,230,111,146,18,3,111,104,104,2,2,92,16,True
Jake Taylor,158086,T,IOWA STATE,4,100.0,0,193,60.5,78.4,53.1,0,4,96,100.0,100.0,97.9,1,4,0,203,0,0,195,203,103,103,0,6,100,2,16,1,1,294,79,414,1,332,204,2,6,222,232,270,1,205,4,28,97,205,204,203,38,279,167,59,True
Cole Millward,192663,T,NEW MEXICO,4,100.0,0,241,60.4,58.4,58.9,2,8,95,100.0,100.0,93.7,0,11,1,203,0,0,142,203,107,107,50,10,96,1,16,1,1,298,327,300,429,467,207,2,6,450,1,473,333,205,4,28,123,205,189,189,4,274,184,95,True
Collin Sadler,156251,T,CLEMSON,3,100.0,1,140,62.3,62.9,59.6,0,5,93,100.0,100.0,97.3,1,5,0,202,0,0,0,202,104,104,0,202,98,0,278,1,434,254,285,288,1,388,217,2,6,289,232,312,1,207,4,28,315,207,199,199,38,90,179,156,True
Michael Carroll,198094,G,ALABAMA,3,100.0,0,103,66.1,78.4,62.3,0,1,104,100.0,100.0,99.5,0,1,0,202,0,0,0,202,108,108,202,0,94,0,284,1,1,145,118,208,1,171,166,3,8,146,1,139,1,180,47,327,39,180,182,182,80,40,170,58,True
Justin Michaelis,204278,T,RICE,4,100.0,0,275,61.2,49.1,62.1,0,7,73,100.0,100.0,95.2,0,7,0,202,0,0,129,202,75,75,0,73,127,0,16,1,1,281,397,235,1,450,263,2,6,412,1,395,1,207,4,28,135,207,265,265,38,171,42,156,True
Precious Ekeh,174480,G,KENNESAW,4,100.0,0,200,61.4,71.9,62.0,0,4,114,100.0,100.0,98.2,2,4,0,202,0,202,0,202,122,122,0,0,80,0,18,1,1,262,226,215,1,429,137,3,8,305,396,378,1,180,47,77,39,180,132,132,322,40,216,58,True
Trevion Mack,176032,T,SYRACUSE,3,100.0,1,304,64.6,60.4,70.4,0,4,110,100.0,100.0,97.3,3,5,1,202,0,0,198,202,120,120,0,3,82,1,278,1,434,201,304,93,1,332,161,2,6,289,425,312,333,207,4,28,94,207,153,154,38,285,225,95,True
Cayden Green,173697,T,MISSOURI,3,100.0,0,229,74.9,87.2,65.9,0,1,94,100.0,100.0,99.5,2,1,0,201,0,0,201,201,98,98,0,0,103,0,278,1,1,54,7,161,1,145,213,2,6,118,348,112,1,210,4,28,93,210,223,223,38,301,156,156,True
Luke Skartvedt,171330,G,N ILLINOIS,3,100.0,0,254,60.2,70.3,55.2,0,1,125,100.0,100.0,98.8,0,2,1,201,0,201,0,201,129,129,0,0,72,0,284,1,1,302,250,389,1,171,100,3,8,227,1,230,399,182,47,78,39,182,110,110,322,40,249,58,True
Charlie Hoitink,188867,C,STANFORD,3,100.0,0,300,49.7,54.8,48.5,2,4,120,100.0,100.0,96.7,1,7,1,201,131,0,0,201,129,129,70,0,72,0,126,1,1,225,201,225,219,197,69,2,3,218,110,223,198,112,139,18,3,112,69,69,1,6,129,16,True
Zach Aamland,175959,T,TEMPLE,4,100.0,0,306,71.0,58.1,74.6,1,4,89,100.0,100.0,97.2,2,5,0,201,0,0,0,201,92,92,0,201,109,0,16,1,1,92,329,53,303,332,231,2,6,298,348,312,1,210,4,28,315,210,235,235,38,91,130,156,True
Kyle Altuner,189914,C,VA TECH,3,100.0,0,337,70.5,67.7,68.1,0,1,98,100.0,100.0,99.5,0,1,0,201,201,0,0,201,106,106,0,0,95,0,126,1,1,56,159,59,1,90,107,2,3,86,1,80,1,112,107,18,3,112,105,105,21,6,95,16,True
Luke Needham,173246,T,RICE,4,100.0,0,275,60.0,66.2,59.1,0,0,67,100.0,100.0,98.5,3,1,1,201,0,0,60,201,70,70,0,141,131,0,16,1,1,304,245,296,1,1,272,2,6,173,425,112,333,210,4,28,170,210,276,276,38,133,33,156,True
William Sanders,184547,G,ALABAMA,4,100.0,0,103,58.0,75.2,54.1,0,3,99,100.0,100.0,98.5,1,3,0,200,0,132,0,200,111,111,68,0,89,0,18,1,1,358,175,408,1,373,189,3,8,271,266,319,1,183,47,137,39,183,173,173,173,40,185,58,True
Dylan Shaw,173647,G,N TEXAS,5,100.0,1,251,47.7,38.4,51.4,2,3,106,100.0,100.0,97.6,4,5,0,200,0,200,0,200,114,114,0,0,86,0,1,1,475,491,474,450,467,373,160,3,8,378,500,415,1,183,47,80,39,183,156,156,322,40,196,58,True
Brandon Hansen,183503,G,ILLINOIS,4,100.0,0,187,61.5,75.4,55.8,0,1,111,100.0,100.0,99.5,1,1,0,200,0,199,0,200,122,122,1,0,78,0,18,1,1,260,173,379,1,171,145,3,8,146,266,139,1,183,47,81,39,183,132,132,311,40,226,58,True
Hadine Diaby,171814,G,JVILLE ST,5,100.0,0,196,69.6,79.9,69.0,0,1,87,100.0,100.0,99.4,2,1,0,199,0,160,0,199,96,96,38,1,103,0,1,1,1,75,94,91,1,171,220,3,8,158,396,139,1,186,47,114,39,186,209,209,208,31,132,58,True
Preston Cushman,163653,T,UCF,4,100.0,0,323,56.4,67.1,56.0,0,1,95,100.0,100.0,99.5,2,1,0,199,0,0,0,199,100,100,0,198,99,1,16,1,1,359,235,368,1,145,207,2,6,118,348,112,1,213,4,28,315,213,215,215,38,93,170,95,True
Ashton Craig,156964,C,NOTRE DAME,4,100.0,0,258,64.5,83.2,60.3,0,1,89,100.0,100.0,99.4,1,1,0,198,198,0,0,198,94,94,0,0,104,0,7,1,1,114,23,145,1,90,119,2,3,95,110,80,1,114,108,18,3,114,117,117,21,6,77,16,True
Brandon Smith,171631,G,AKRON,4,100.0,0,102,70.0,71.1,69.5,1,3,118,100.0,100.0,98.3,1,4,0,198,0,198,0,198,122,122,0,0,76,0,18,1,1,73,238,80,374,373,121,3,8,289,266,378,1,187,47,82,39,187,132,132,322,40,233,58,True
Trevor Lauck,170157,T,IOWA,4,100.0,0,192,79.1,84.6,71.7,1,0,109,100.0,100.0,99.5,0,1,0,197,0,0,197,197,114,114,0,0,83,0,16,1,1,30,23,84,303,1,165,2,6,118,1,112,1,214,4,28,95,214,172,172,38,301,223,156,True
Deandre Duffus,170191,G,GA STATE,4,100.0,0,175,55.4,66.9,53.1,1,1,95,100.0,100.0,98.9,2,2,0,197,0,197,0,197,100,100,0,0,97,0,18,1,1,411,280,428,374,171,197,3,8,217,396,230,1,188,47,83,39,188,199,199,322,40,155,58,True
Kade Pieper,170170,G,IOWA,4,100.0,0,192,78.7,88.7,79.7,0,1,109,100.0,100.0,99.5,1,1,0,197,0,0,0,197,114,114,196,0,83,1,18,1,1,13,10,8,1,171,149,3,8,146,266,139,1,188,47,327,39,188,156,156,81,40,205,26,True
Ryan Fodje,199036,T,OKLAHOMA,3,100.0,1,261,48.3,49.2,52.4,0,7,108,100.0,100.0,95.8,3,8,1,196,0,0,196,196,115,115,0,0,81,0,278,1,434,452,394,426,1,450,169,2,6,388,425,427,333,215,4,28,96,215,167,167,38,301,226,156,True
Tyler Chambers,205272,G,N ILLINOIS,3,100.0,0,254,46.0,40.0,45.8,1,5,123,100.0,100.0,96.7,1,7,1,196,0,0,0,196,129,129,196,0,67,0,284,1,1,499,471,505,374,459,108,3,8,435,266,474,399,190,47,327,39,190,110,110,81,40,265,58,True
Allen Jones Jr.,187996,T,AKRON,4,100.0,0,102,66.8,67.6,63.0,0,6,121,100.0,100.0,96.7,0,7,1,196,0,0,0,196,125,125,0,196,71,0,16,1,1,156,229,218,1,421,124,2,6,337,1,395,333,215,4,28,315,215,135,136,38,94,251,156,True
Eugene Brooks,184590,G,UCLA,4,100.0,0,324,65.7,78.8,62.2,0,1,82,100.0,100.0,98.2,0,2,1,196,0,195,0,196,87,87,0,0,109,0,18,1,1,159,112,212,1,171,235,3,8,305,1,230,399,190,47,84,39,190,237,237,322,40,110,58,True
Jake Maikkula,157269,C,OKLAHOMA,3,100.0,0,261,66.7,65.0,64.8,0,4,108,100.0,100.0,98.1,0,4,0,196,196,0,0,196,115,115,0,0,81,0,126,1,1,89,171,86,1,197,91,2,3,175,1,180,1,115,109,18,3,115,92,92,21,6,118,16,True
Geirean Hatchett,131898,G,WASHINGTON,4,100.0,0,340,68.5,55.3,73.3,0,3,134,100.0,100.0,97.4,0,5,2,194,0,25,0,194,136,136,169,0,58,0,18,1,1,95,393,49,1,373,76,3,8,392,1,415,489,192,47,236,39,192,93,93,105,40,291,58,True
Montavious Cunningham,147281,G,VA TECH,3,100.0,1,337,57.3,62.0,63.2,0,1,101,100.0,100.0,98.5,4,2,1,194,0,0,0,194,109,109,194,0,85,0,284,1,475,373,337,190,1,171,181,3,8,271,500,230,399,192,47,327,39,192,178,178,83,40,199,58,True
Greg Smith Jr.,171292,G,MIAMI OH,4,100.0,1,221,43.5,41.7,47.1,0,3,114,100.0,100.0,96.1,3,6,3,194,0,194,0,194,121,121,0,0,73,0,18,1,475,509,463,489,1,373,137,3,8,456,467,455,506,192,47,85,39,192,135,135,322,40,247,58,True
Ben Murawski,158624,T,MICH STATE,4,100.0,0,223,72.7,69.6,70.4,1,3,101,100.0,100.0,96.0,0,6,2,193,0,0,192,193,107,107,0,1,86,0,16,1,1,76,202,93,303,276,186,2,6,378,1,356,431,217,4,28,100,217,189,189,38,293,215,156,True
Hoke Smith II,175268,G,NAVY,3,100.0,0,237,72.3,57.4,72.3,0,4,59,100.0,100.0,96.6,1,4,0,193,0,0,1,193,64,64,191,0,129,1,284,1,1,49,380,57,1,429,296,3,8,436,266,378,1,195,47,327,29,195,293,293,86,40,42,26,True
Colton Thomasson,172601,G,UNLV,4,100.0,0,325,55.7,61.7,52.4,1,2,97,100.0,100.0,96.4,0,5,2,192,0,192,0,192,103,103,0,0,89,0,18,1,1,407,341,440,374,295,192,3,8,443,1,415,489,196,47,86,39,196,195,195,322,40,185,58,True
John Watkins,216245,T,TEMPLE,4,100.0,0,306,70.8,63.6,69.5,1,2,76,100.0,100.0,96.7,0,4,1,192,0,0,192,192,82,82,0,0,110,0,16,1,1,96,279,105,303,218,256,2,6,337,1,270,333,218,4,28,100,218,255,255,38,301,123,156,True
Elyjah Thurmon,183204,G,CLEMSON,4,100.0,0,140,56.3,58.8,58.5,0,3,103,100.0,100.0,97.6,2,4,1,192,0,191,0,192,113,113,1,0,79,0,18,1,1,397,370,299,1,373,170,3,8,378,396,378,399,196,47,88,39,196,159,159,311,40,220,58,True
Mike Wallace Jr.,214902,G,KENNESAW,4,100.0,0,200,53.5,56.1,50.4,0,2,95,100.0,100.0,98.9,0,2,0,192,0,0,0,192,105,105,192,0,87,0,18,1,1,436,388,461,1,295,197,3,8,217,1,230,1,196,47,327,39,196,190,190,84,40,193,58,True
Carlos Slayden,190704,T,AKRON,4,100.0,0,102,59.9,65.4,64.0,2,0,115,100.0,100.0,98.3,3,3,1,192,0,0,192,192,119,119,0,0,73,0,16,1,1,306,260,198,429,1,147,2,6,191,425,224,333,218,4,28,100,218,155,156,38,301,248,156,True
Joseph Hanson,175807,G,OKLA STATE,3,100.0,0,262,75.1,81.9,73.7,1,1,100,100.0,100.0,99.0,0,2,0,192,0,0,0,192,106,106,192,0,86,0,284,1,1,30,66,45,374,171,186,3,8,199,1,230,1,196,47,327,39,196,185,186,84,40,196,58,True
JaQuan Adams,176868,T,TULSA,4,100.0,0,320,51.7,61.6,49.5,0,2,97,101.0,101.0,99.0,2,2,0,192,0,62,0,192,104,103,0,129,88,1,16,1,1,425,295,458,1,218,200,1,2,143,348,178,1,218,4,2,315,218,199,203,38,139,211,95,True
Isaiah Wright,129909,T,MARYLAND,4,100.0,1,215,61.0,68.8,56.2,0,4,123,100.0,100.0,97.6,1,5,1,191,0,0,11,191,129,129,0,180,62,0,16,1,434,286,210,364,1,332,118,2,6,256,232,312,333,221,4,28,277,221,125,125,38,102,271,156,True
Brock Riker,190110,C,PENN STATE,4,100.0,0,266,66.2,65.1,66.1,0,5,92,100.0,100.0,97.3,1,5,0,191,191,0,0,191,96,96,0,0,95,0,7,1,1,94,170,71,1,219,114,2,3,206,110,206,1,116,111,18,3,116,115,115,21,6,95,16,True
Charlie Adams,200550,G,KANSAS ST,4,100.0,0,199,66.2,81.2,61.2,1,2,110,100.0,100.0,98.6,0,3,0,191,0,105,0,191,115,115,85,0,76,0,18,1,1,143,78,235,374,295,146,3,8,256,1,319,1,200,47,155,39,200,152,152,159,40,233,58,True
Brandon Sousa,161657,G,SACRAMENTO,5,100.0,0,279,59.3,75.9,51.5,1,2,117,100.0,100.0,98.7,0,3,0,190,0,190,0,190,124,124,0,0,66,0,1,1,1,320,167,448,374,295,126,3,8,239,1,319,1,201,47,89,39,201,125,125,322,40,269,58,True
Hayden Treter,190358,G,USC,5,100.0,0,326,64.6,82.6,61.9,0,1,92,100.0,100.0,99.5,1,1,0,190,0,190,0,190,95,95,0,0,95,0,1,1,1,175,53,217,1,171,207,3,8,146,266,139,1,201,47,89,39,201,212,212,322,40,163,58,True
Idrys Cotton,190880,G,NWESTERN,3,100.0,0,256,47.6,43.4,50.2,0,5,90,100.0,100.0,97.2,2,5,0,189,0,0,0,189,96,96,189,0,93,0,284,1,1,492,458,465,1,459,210,3,8,407,396,415,1,203,47,327,39,203,209,209,87,40,173,58,True
Grant Seagren,170240,T,NWESTERN,3,100.0,0,256,70.4,77.7,64.0,0,2,90,100.0,100.0,98.9,0,2,0,189,0,0,189,189,96,96,0,0,93,0,278,1,1,102,93,198,1,218,228,2,6,148,1,178,1,222,4,28,103,222,225,225,38,301,195,156,True
Losini Maka,162146,C,C MICHIGAN,4,100.0,1,134,62.0,56.2,63.2,2,1,71,100.0,100.0,97.9,1,3,0,189,189,0,0,189,73,73,0,0,116,0,7,1,214,146,198,110,219,90,133,2,3,189,110,157,1,117,112,18,3,117,136,136,21,6,55,16,True
Deuce McGuire,162846,T,NWESTERN,3,100.0,0,256,57.2,60.4,59.9,0,5,90,100.0,100.0,96.1,2,6,1,189,0,0,0,189,96,96,0,189,93,0,278,1,1,346,304,283,1,388,228,2,6,374,348,356,333,222,4,28,315,222,225,225,38,98,195,156,True
Armond Owens,189238,T,NEW MEX ST,5,100.0,0,242,68.3,60.3,68.9,1,2,97,100.0,100.0,98.5,0,3,0,188,0,0,2,188,100,100,0,186,88,0,1,1,1,136,306,112,303,218,200,2,6,173,1,224,1,224,4,28,297,224,215,215,38,99,211,156,True
Wilson Zierer,215781,G,AUBURN,3,100.0,0,115,61.0,68.5,59.8,0,3,105,100.0,100.0,98.6,2,3,0,188,0,173,0,188,112,112,1,14,76,0,284,1,1,279,265,264,1,373,164,3,8,256,396,319,1,204,47,99,39,204,164,164,311,8,233,58,True
Cooper Powers,173146,G,TCU,4,100.0,0,305,73.0,59.1,76.0,0,4,105,100.0,100.0,96.2,0,6,2,188,0,188,0,188,106,106,0,0,82,0,18,1,1,45,364,30,1,429,164,3,8,451,1,455,489,204,47,91,39,204,185,186,322,40,210,58,True
Griffin Scroggs,157060,C,UNLV,3,100.0,2,325,64.8,68.1,64.0,0,1,84,100.0,100.0,99.4,3,1,0,187,187,0,0,187,91,91,0,0,96,0,126,1,231,112,158,94,1,90,123,2,3,95,198,80,1,118,113,18,3,118,122,122,21,6,92,16,True
Blake Ivy,184804,G,TEXAS A&M,4,100.0,0,312,60.0,53.5,65.6,0,5,108,100.0,100.0,97.7,2,5,0,187,0,187,0,187,115,115,0,0,72,0,18,1,1,305,404,145,1,459,156,3,8,365,396,415,1,206,47,92,39,206,152,152,322,40,249,58,True
Tavake Tuikolovatu,173990,G,KANSAS,3,100.0,0,198,66.7,72.1,69.3,0,0,85,100.0,100.0,100.0,3,0,0,187,0,0,1,187,91,91,183,0,96,1,284,1,1,132,220,84,1,1,227,3,8,1,467,1,1,206,47,327,29,206,226,227,91,40,158,26,True
Carter Sweazie,156714,G,UCLA,4,100.0,0,324,64.5,70.5,64.5,0,1,81,100.0,100.0,98.1,2,2,1,187,0,65,0,187,86,86,117,0,101,5,18,1,1,180,245,164,1,171,238,3,8,316,396,230,399,206,47,180,39,206,239,239,136,40,138,9,True
Dave Iuli,163294,G,OREGON,4,99.5,0,264,61.9,70.9,58.5,0,2,101,99.0,99.1,99.0,0,2,0,186,0,1,0,187,106,107,185,0,80,0,18,506,1,249,241,299,1,295,181,507,505,199,1,230,1,209,47,316,39,206,185,184,90,40,216,58,True
Jordan Davis,146915,T,UCLA,4,100.0,1,324,46.2,21.2,58.1,1,4,88,100.0,100.0,93.7,1,8,3,186,0,0,186,186,94,94,0,0,92,0,16,1,434,458,479,320,303,332,233,2,6,450,232,427,475,225,4,28,105,225,231,231,38,301,202,156,True
John Iannuzzi,148722,G,C MICHIGAN,4,100.0,0,134,61.2,27.5,63.9,2,3,60,100.0,100.0,95.8,0,5,0,186,0,0,0,186,63,63,186,0,123,0,18,1,1,272,491,175,467,373,294,3,8,465,1,415,1,209,47,327,39,210,296,296,89,40,62,58,True
Mason Myers,172201,C,ARK STATE,4,100.0,0,113,58.1,62.7,57.9,1,2,99,100.0,100.0,98.5,1,3,0,185,185,0,0,185,103,103,0,0,82,0,7,1,1,184,181,178,179,140,104,2,3,155,110,157,1,119,114,18,3,119,107,107,21,6,116,16,True
Malachi Wood,175163,T,KENTUCKY,3,100.0,0,202,64.9,38.1,72.1,0,5,85,100.0,100.0,95.9,0,6,1,185,0,0,1,185,88,88,0,180,97,4,278,1,1,197,442,81,1,388,239,2,6,382,1,356,333,226,4,28,302,226,241,241,38,102,182,35,True
Evan Link,176292,T,MICHIGAN,3,100.0,0,222,69.8,90.9,62.3,1,0,78,100.0,100.0,99.4,0,1,0,184,0,41,142,184,85,85,0,1,99,0,278,1,1,112,3,230,303,1,252,2,6,123,1,112,1,227,4,5,123,227,248,248,38,293,170,156,True
Tavo Motu'apuaka,174766,G,UTAH ST,3,100.0,0,329,62.5,63.3,60.6,0,3,117,100.0,100.0,98.7,0,3,0,184,0,3,0,184,127,127,181,0,57,0,284,1,1,226,323,249,1,373,126,3,8,239,1,319,1,211,47,308,39,211,119,119,94,40,294,58,True
Darion Reed,169987,T,TULANE,4,100.0,0,319,55.2,53.6,57.5,1,4,99,100.0,100.0,93.4,1,9,4,184,0,0,0,184,104,104,0,184,80,0,16,1,1,381,362,333,303,332,195,2,6,461,232,441,491,227,4,28,315,227,199,199,38,100,229,156,True
Cole Skinner,169999,G,AUBURN,4,100.0,0,115,50.8,48.6,47.7,0,5,113,100.0,100.0,96.0,1,7,2,184,0,0,0,184,118,118,183,0,66,0,18,1,1,469,435,486,1,459,140,3,8,460,266,474,489,211,47,327,39,211,140,141,91,40,269,58,True
John Bock II,156549,C,TULANE,3,100.0,0,319,70.0,80.1,64.8,0,0,85,100.0,100.0,100.0,0,0,0,183,182,0,0,183,87,87,1,0,96,0,126,1,1,61,52,86,1,1,122,2,3,1,1,1,1,120,115,18,3,120,123,123,14,6,92,16,True
Grayson Johnson,220584,T,UTEP,4,100.0,0,330,46.2,46.4,54.6,0,4,84,100.0,100.0,95.2,3,6,2,183,0,0,0,183,93,93,0,180,90,2,16,1,1,458,412,396,1,332,242,2,6,412,425,356,431,229,4,28,315,229,234,234,38,102,209,59,True
PJ Williams,158685,T,SMU,3,100.0,1,287,60.7,56.0,60.5,0,4,100,100.0,100.0,97.0,2,5,1,183,0,0,175,183,106,106,0,0,77,8,278,1,434,292,347,270,1,332,191,2,6,314,348,312,333,229,4,28,111,229,193,193,38,301,237,14,True
Evan Malcore,158043,T,MIAMI OH,4,100.0,1,221,48.0,64.1,43.4,0,3,110,100.0,100.0,98.6,3,3,0,182,0,0,59,182,115,115,0,123,67,0,16,1,434,453,275,487,1,276,161,2,6,164,425,224,1,231,4,28,171,231,167,167,38,142,257,156,True
Ryan Mitchell,185509,G,MO STATE,4,100.0,0,230,67.7,73.1,68.1,0,3,85,100.0,100.0,97.1,1,4,1,182,0,0,0,182,93,93,182,0,89,0,18,1,1,111,206,107,1,373,227,3,8,418,266,378,399,213,47,327,39,213,218,218,93,40,185,58,True
DJ Fox,217877,T,JAMES MAD,4,100.0,0,197,65.4,81.4,57.3,1,0,86,100.0,100.0,99.4,1,1,0,181,0,0,181,181,90,90,0,0,91,0,16,1,1,189,49,339,303,1,237,2,6,123,232,112,1,232,4,28,106,232,238,238,38,301,203,156,True
Alekai Afoa,204404,T,UNLV,4,100.0,0,325,53.2,50.8,55.7,1,6,75,100.0,100.0,94.0,1,8,1,181,0,0,181,181,85,85,0,0,96,0,16,1,1,409,386,374,303,421,259,2,6,448,232,427,333,232,4,28,106,232,248,248,38,301,184,156,True
Coy Okeson,191992,G,N DAK ST,4,100.0,0,250,75.0,74.3,76.6,0,1,70,100.0,100.0,99.3,1,1,0,181,0,0,0,181,75,75,170,11,106,0,18,1,1,32,184,25,1,171,267,3,8,167,266,139,1,214,47,327,39,214,266,266,104,10,120,58,True
Tyrone Davis,188142,T,BUFFALO,4,100.0,0,126,53.6,62.2,54.7,1,2,92,100.0,100.0,98.4,2,3,0,180,0,0,16,180,97,97,0,164,83,0,16,1,1,403,289,395,303,218,224,2,6,181,348,224,1,234,4,28,258,234,224,224,38,115,223,156,True
Brody Duffel,190720,T,TULSA,4,99.4,0,320,67.6,77.6,60.9,0,2,94,98.9,99.0,97.9,0,3,1,179,0,0,0,180,101,102,0,175,78,4,16,480,1,145,95,260,1,218,213,482,478,222,1,224,333,235,4,28,315,234,212,207,38,105,235,35,True
Tyler McMillan,155919,T,E MICHIGAN,4,100.0,0,160,67.1,66.2,64.5,0,2,94,100.0,100.0,97.9,2,3,1,179,0,0,26,179,103,103,0,153,76,0,16,1,1,154,245,189,1,218,213,2,6,222,348,224,333,235,4,28,224,236,204,203,38,124,240,156,True
Calib Perez,122381,G,UAB,4,100.0,0,321,56.6,47.6,58.8,3,3,76,100.0,100.0,96.1,1,6,0,179,0,0,0,179,80,80,179,0,99,0,18,1,1,386,442,290,501,373,250,3,8,456,266,455,1,215,47,327,39,215,255,255,95,40,148,58,True
Veguer Jean-Jumeau,191569,T,BOSTON COL,3,100.0,0,121,55.2,69.9,44.9,2,4,107,100.0,100.0,96.3,0,7,1,179,0,0,178,179,112,112,0,0,67,1,278,1,1,381,195,483,429,332,172,2,6,357,1,395,333,235,4,28,108,236,175,175,38,301,257,95,True
Desmond Magiya,173208,G,OKLA STATE,3,100.0,0,262,59.1,55.7,61.0,1,7,96,100.0,100.0,95.8,1,8,0,178,0,114,64,178,99,99,0,0,79,0,284,1,1,325,390,241,374,501,194,3,8,465,266,489,1,216,47,150,3,216,201,201,322,40,220,58,True
Maki Stewart,198119,G,ARIZONA ST,3,100.0,0,110,64.1,88.2,57.4,0,1,94,100.0,100.0,99.5,0,1,0,178,0,178,0,178,97,97,0,0,81,0,284,1,1,185,11,339,1,171,199,3,8,146,1,139,1,216,47,93,39,216,205,205,322,40,213,58,True
Sullivan Absher,171074,G,NOTRE DAME,4,100.0,0,258,61.2,50.4,61.8,2,1,78,100.0,100.0,98.1,0,3,0,178,0,0,0,178,83,83,178,0,95,0,18,1,1,272,429,220,467,171,242,3,8,316,1,319,1,216,47,327,39,216,246,246,96,40,163,58,True
Beau Johnson,174417,T,VANDERBILT,4,100.0,0,333,57.1,59.5,56.8,0,3,107,100.0,100.0,98.6,2,3,0,178,0,0,69,178,116,116,0,109,62,0,16,1,1,349,313,348,1,276,172,2,6,164,348,224,1,238,4,28,165,238,163,164,38,149,271,156,True
Zykie Helton,216998,G,GEORGIA,4,100.0,0,173,66.1,74.0,63.5,1,2,90,100.0,100.0,98.3,0,3,0,178,0,15,0,178,96,96,160,0,82,0,18,1,1,145,187,181,374,295,210,3,8,289,1,319,1,216,47,271,39,216,209,209,112,40,210,58,True
Alex Birchmeier,170276,G,LIBERTY,4,100.0,0,206,63.3,54.2,70.9,0,3,81,100.0,100.0,98.1,3,3,0,177,0,0,0,177,88,88,177,0,89,0,18,1,1,209,398,66,1,373,238,3,8,316,467,319,1,220,47,327,39,220,235,235,97,40,185,58,True
Deron McLaughlin,188210,C,UCONN,4,100.0,0,146,74.1,74.0,70.7,0,3,99,100.0,100.0,98.5,0,3,0,177,177,0,0,177,102,102,0,0,75,0,7,1,1,28,122,34,1,183,104,2,3,155,1,157,1,121,116,18,3,121,108,108,21,6,127,16,True
Mac Walters,158110,G,APP STATE,4,100.0,0,108,55.4,73.4,57.2,0,1,86,100.0,100.0,99.4,3,1,0,176,0,176,0,176,92,92,0,0,84,0,18,1,1,411,199,347,1,171,224,3,8,158,467,139,1,221,47,94,39,221,222,222,322,40,203,58,True
Jaymar Tasi,205223,G,NEW MEXICO,3,100.0,1,241,57.5,47.7,60.1,1,1,76,100.0,100.0,97.4,4,3,1,176,0,0,0,176,86,86,175,0,90,1,284,1,475,368,439,257,374,171,250,3,8,392,500,319,399,221,47,327,39,221,239,239,98,40,180,26,True
Jon Ashford,128760,G,AIR FORCE,3,100.0,0,101,74.3,89.0,71.6,0,0,38,100.0,100.0,100.0,0,0,0,176,0,0,0,176,41,41,173,3,135,0,284,1,1,37,8,63,1,1,342,3,8,1,1,1,1,221,47,327,39,221,344,344,100,26,32,58,True
Giovanni Panozzo,184966,G,WYOMING,4,100.0,0,351,59.3,69.8,55.4,0,3,90,100.0,100.0,98.3,0,3,0,176,0,3,0,176,93,93,173,0,83,0,18,1,1,320,255,385,1,373,210,3,8,289,1,319,1,221,47,308,39,221,218,218,100,40,205,58,True
Jaylin Caldwell,205510,T,WASH STATE,3,100.0,0,341,54.5,53.0,63.8,0,5,97,100.0,100.0,97.4,3,5,0,175,0,0,0,175,105,105,0,175,70,0,278,1,1,394,365,201,1,388,200,2,6,280,425,312,1,239,4,28,315,239,196,196,38,105,254,156,True
George Maile,158562,G,UTAH ST,3,100.0,0,329,57.4,83.0,53.0,0,0,107,100.0,100.0,100.0,2,0,0,175,0,175,0,175,116,116,0,0,59,0,284,1,1,370,48,431,1,1,158,3,8,1,396,1,1,225,47,95,39,225,144,144,322,40,289,58,True
Deandre Marshall,158822,T,UTSA,4,100.0,0,331,55.6,61.7,51.3,0,3,91,100.0,100.0,97.3,1,4,1,175,0,0,0,175,96,96,0,175,79,0,16,1,1,373,292,437,1,276,225,2,6,289,232,270,333,239,4,28,315,239,225,225,38,105,234,156,True
Ashanti Cole,167085,G,LA TECH,3,100.0,0,208,53.9,58.1,50.1,0,5,98,100.0,100.0,97.4,1,5,0,175,0,175,0,175,104,104,0,0,71,0,284,1,1,430,373,467,1,459,190,3,8,392,266,415,1,225,47,95,39,225,192,192,322,40,253,58,True
Teddy Williams,171030,T,ARMY,3,100.0,0,114,89.7,60.5,88.6,0,0,31,100.0,100.0,96.8,1,1,1,174,0,0,0,174,34,34,0,164,140,9,278,1,1,5,302,4,1,1,342,2,6,330,232,112,333,241,4,28,315,241,342,342,38,115,17,10,True
Brady Small,171015,C,ARMY,3,100.0,0,114,72.2,78.5,68.0,0,1,31,100.0,100.0,98.4,0,1,0,174,174,0,0,174,34,34,0,0,140,0,126,1,1,39,63,60,1,90,159,2,3,164,1,80,1,122,117,18,3,122,159,159,21,6,15,16,True
Tana Alo-Tupuola,183209,C,ARIZONA ST,3,100.0,0,110,61.9,68.9,58.4,0,1,91,100.0,100.0,99.5,1,1,0,174,174,0,0,174,94,94,0,0,80,0,126,1,1,149,152,169,1,90,117,2,3,86,110,80,1,122,117,18,3,122,117,117,21,6,120,16,True
Kyle Kloska,158589,G,ARMY,3,100.0,0,114,79.7,79.7,77.8,0,0,31,100.0,100.0,100.0,0,0,0,174,0,173,0,174,34,34,0,0,140,0,284,1,1,8,96,18,1,1,358,3,8,1,1,1,1,227,47,99,39,227,356,356,322,40,17,58,True
Hunter Zambrano,138220,G,TEXAS TECH,4,100.0,0,315,65.0,73.9,62.2,0,1,78,100.0,100.0,98.1,0,2,1,174,0,172,2,174,82,82,0,0,92,0,18,1,1,166,189,212,1,171,242,3,8,316,1,230,399,227,47,101,26,227,248,248,322,40,176,58,True
Henry Appleton,170956,T,ARMY,3,100.0,0,114,75.7,61.7,73.4,1,0,31,100.0,100.0,98.4,0,1,0,174,0,0,161,174,34,34,0,0,140,12,278,1,1,46,292,66,303,1,342,2,6,181,1,112,1,241,4,28,117,241,342,342,38,301,17,7,True
Kalan Ellis,144042,G,S DIEGO ST,3,100.0,0,284,67.0,77.2,63.8,0,1,78,100.0,100.0,98.1,0,2,1,173,0,170,0,173,91,91,2,0,82,1,284,1,1,126,142,176,1,171,242,3,8,316,1,230,399,229,47,102,39,229,226,227,306,40,210,26,True
Makhete Gueye,156322,T,MO STATE,4,100.0,1,230,73.3,64.6,76.1,0,3,81,100.0,100.0,98.1,1,3,0,173,0,9,27,173,87,87,18,119,86,0,16,1,434,68,269,41,1,276,244,2,6,208,232,224,1,243,4,8,219,243,244,244,11,144,215,156,True
Joseph Ionata,184537,G,GA TECH,3,100.0,0,176,54.1,56.4,53.7,0,1,88,100.0,100.0,98.3,2,2,1,173,0,0,0,173,97,97,173,0,76,0,284,1,1,427,384,415,1,171,217,3,8,289,396,230,399,229,47,327,39,229,205,205,100,40,233,58,True
Dylan Senda,174057,G,TOLEDO,4,100.0,1,316,60.0,66.7,59.4,0,0,77,100.0,100.0,100.0,1,0,0,172,41,125,6,172,82,82,0,0,90,0,18,1,475,305,285,275,1,1,246,3,8,1,266,1,1,231,7,145,18,231,248,248,322,40,180,58,True
Seuseu Alofaituli,200151,G,MIAMI FL,4,100.0,0,220,62.8,53.4,66.4,0,3,90,100.0,100.0,98.3,1,3,0,172,15,155,0,172,95,95,0,1,77,0,18,1,1,219,406,135,1,373,210,3,8,289,266,319,1,231,19,119,39,231,212,212,322,31,229,58,True
Quinton Harris,157296,T,COLO STATE,3,100.0,0,144,50.3,37.6,59.4,1,3,104,100.0,100.0,97.1,2,5,1,172,0,0,167,172,112,112,0,0,60,5,278,1,1,441,445,293,303,276,179,2,6,305,348,312,333,244,4,28,115,244,175,175,38,301,280,27,True
Paolo Gennarelli,170976,G,ARMY,3,100.0,0,114,80.3,85.8,78.1,0,0,31,100.0,100.0,100.0,0,0,0,171,0,0,0,171,34,34,171,0,137,0,284,1,1,6,22,16,1,1,358,3,8,1,1,1,1,233,47,327,39,233,356,356,103,40,26,58,True
Connor Howes,205068,T,OLE MISS,4,100.0,0,226,62.9,69.9,59.5,1,1,108,100.0,100.0,98.1,1,3,1,171,0,0,0,171,115,115,0,171,56,0,16,1,1,238,195,290,303,145,169,2,6,208,232,224,333,245,4,28,315,245,167,167,38,108,288,156,True
Jordan Hall,173328,T,N CAROLINA,3,100.0,0,245,56.5,48.5,58.3,2,6,93,100.0,100.0,94.6,1,9,1,170,0,0,170,170,94,94,0,0,76,0,278,1,1,358,400,313,429,421,217,2,6,432,232,441,333,246,4,28,113,246,231,231,38,301,240,156,True
Andrew Threatt,178626,G,N CAROLINA,3,100.0,0,245,63.7,62.4,62.7,0,3,93,100.0,100.0,98.4,0,3,0,170,0,170,0,170,94,94,0,0,76,0,284,1,1,197,329,203,1,373,202,3,8,278,1,319,1,234,47,102,39,234,215,215,322,40,233,58,True
Samuel Adjin,215199,T,E MICHIGAN,4,100.0,0,160,40.4,23.6,54.5,2,5,101,100.0,100.0,94.6,1,9,2,170,0,0,0,170,107,107,0,170,63,0,16,1,1,481,473,398,429,388,186,2,6,432,232,441,431,246,4,28,315,246,189,189,38,109,267,156,True
Christo Kelly,143063,C,N CAROLINA,3,100.0,0,245,76.3,69.4,74.1,1,2,93,100.0,100.0,97.3,0,4,1,170,170,0,0,170,94,94,0,0,76,0,126,1,1,14,148,16,179,140,112,2,3,206,1,180,198,124,119,18,3,124,117,117,21,6,125,16,True
Jacqawn McRoy,184856,T,N CAROLINA,3,100.0,0,245,64.1,75.3,56.1,1,2,93,100.0,100.0,98.4,0,3,0,169,0,0,0,169,94,94,0,169,75,0,278,1,1,210,127,366,303,218,217,2,6,181,1,224,1,248,4,28,315,249,231,231,38,110,244,156,True
Hayden Christman,170453,T,LA TECH,3,99.4,0,208,65.5,73.5,58.6,0,2,96,99.0,99.0,96.9,0,4,2,169,0,0,169,170,102,103,0,0,67,0,278,480,1,186,146,304,1,218,204,478,478,322,1,270,431,248,4,28,114,246,206,203,38,301,257,156,True
Pherleski Martin,204909,T,GA STATE,4,100.0,0,175,66.0,60.3,65.1,0,2,68,100.0,100.0,98.5,0,2,0,169,0,0,0,169,73,73,0,167,96,2,16,1,1,176,306,172,1,218,269,2,6,173,1,178,1,248,4,28,315,249,270,270,38,112,184,59,True
Michael Klisiewicz,207837,T,CAL,4,100.0,0,130,59.9,49.2,64.2,0,6,98,100.0,100.0,96.9,0,6,0,168,0,0,1,168,105,105,0,165,63,2,16,1,1,306,394,194,1,421,198,2,6,322,1,356,1,251,4,28,302,251,196,196,38,114,267,59,True
Bamidele Badusi,172320,G,TEXAS ST,4,100.0,0,314,64.8,80.7,61.2,0,2,70,100.0,100.0,98.6,0,2,0,168,0,0,0,168,72,72,168,0,96,0,18,1,1,169,86,235,1,295,267,3,8,256,1,230,1,235,47,327,39,235,274,274,106,40,158,58,True
Julius Tate,186493,G,USF,3,100.0,0,327,59.5,62.4,57.2,0,5,88,100.0,100.0,97.2,0,5,0,168,0,167,0,168,91,91,1,0,77,0,284,1,1,314,329,347,1,459,217,3,8,407,1,415,1,235,47,104,39,235,226,227,311,40,229,58,True
Aidan Andrews,204899,T,GA STATE,4,100.0,0,175,59.8,51.7,60.6,2,1,71,100.0,100.0,97.9,0,3,0,168,0,0,166,168,75,75,0,0,93,2,16,1,1,311,378,266,429,145,267,2,6,222,1,224,1,251,4,28,116,251,265,265,38,301,195,59,True
Marques Easley,184557,G,PURDUE,4,100.0,0,273,59.0,75.9,52.5,0,1,91,100.0,100.0,99.5,0,1,0,167,0,167,0,167,98,98,0,0,69,0,18,1,1,332,167,437,1,171,208,3,8,146,1,139,1,237,47,104,39,237,204,204,322,40,261,58,True
Roy Brackins III,170451,C,LA TECH,3,100.0,0,208,55.7,44.1,58.0,0,5,92,100.0,100.0,97.3,0,5,0,166,134,0,0,166,97,97,0,32,69,0,126,1,1,199,219,176,1,219,114,2,3,206,1,206,1,125,137,18,3,125,114,114,21,3,134,16,True
Gabe VanSickle,193193,G,OHIO STATE,4,100.0,0,260,67.1,73.0,67.7,0,4,91,100.0,100.0,97.8,2,4,0,166,0,0,0,166,93,93,166,0,73,0,18,1,1,122,207,114,1,429,208,3,8,354,396,378,1,238,47,327,39,238,218,218,108,40,247,58,True
Kaylon Miller,183623,G,USC,5,100.0,0,326,70.3,69.0,70.2,0,3,89,100.0,100.0,98.3,0,3,0,166,0,138,0,166,92,92,28,0,74,0,1,1,1,69,263,72,1,373,214,3,8,289,1,319,1,238,47,131,39,238,222,222,228,40,242,58,True
Willie Goodacre,197641,G,N TEXAS,5,100.0,0,251,52.8,65.9,47.8,0,0,84,100.0,100.0,100.0,0,0,0,166,0,166,0,166,87,87,0,0,79,0,1,1,1,449,292,484,1,1,233,3,8,1,1,1,1,238,47,106,39,238,237,237,322,40,220,58,True
Jacob Russell,177806,G,C MICHIGAN,4,100.0,0,134,67.2,45.5,68.6,0,2,56,100.0,100.0,96.4,0,3,1,166,0,166,0,166,59,59,0,0,107,0,18,1,1,121,450,97,1,295,301,3,8,443,1,319,399,238,47,106,39,238,300,300,322,40,114,58,True
Val Kondratenko,188147,G,BUFFALO,4,100.0,0,126,62.0,75.9,57.7,1,1,77,100.0,100.0,98.7,0,2,0,166,0,166,0,166,85,85,0,0,81,0,18,1,1,244,167,329,374,171,246,3,8,239,1,230,1,238,47,106,39,238,243,243,322,40,213,58,True
Matthew Broussard,176338,G,LA LAFAYET,3,100.0,0,207,53.7,26.3,57.1,0,5,77,100.0,100.0,95.5,0,6,1,166,0,0,2,166,85,85,164,0,81,0,284,1,1,432,494,350,1,459,246,3,8,471,1,455,399,238,47,327,26,238,243,243,109,40,213,58,True
Chandler Donaway,160059,C,WYOMING,3,100.0,1,351,75.4,77.4,74.1,0,2,82,100.0,100.0,98.8,1,2,0,165,122,43,0,165,84,84,0,0,81,0,126,1,214,20,81,16,1,140,124,2,3,137,110,120,1,126,143,3,3,126,128,128,21,6,118,16,True
Omoruyi Aliu-Otokiti,214897,G,UTEP,4,100.0,0,330,49.5,51.8,46.3,1,5,82,100.0,100.0,96.3,0,6,0,164,0,0,0,164,88,88,164,0,76,0,18,1,1,483,415,499,374,459,235,3,8,447,1,455,1,244,47,327,39,244,235,235,109,40,233,58,True
Markell Samuel,122253,G,GA TECH,4,100.0,0,176,41.0,5.9,55.4,1,5,85,100.0,100.0,95.3,3,7,1,164,0,0,60,164,93,93,101,3,71,0,18,1,1,510,506,385,374,459,227,3,8,474,467,474,399,244,47,327,4,244,218,218,151,26,253,58,True
Zach Cochnauer,164205,G,NEVADA,3,100.0,0,239,56.7,82.2,51.4,0,0,66,100.0,100.0,100.0,0,0,0,164,0,164,0,164,72,72,0,0,92,0,284,1,1,382,59,450,1,1,280,3,8,1,1,1,1,244,47,109,39,244,274,274,322,40,176,58,True
Raykwon Goldthwaite,164286,T,DOMINION,4,100.0,0,263,43.5,42.1,44.4,0,4,66,100.0,100.0,95.5,0,5,1,163,0,0,0,163,72,72,0,163,91,0,16,1,1,473,427,484,1,332,273,2,6,400,1,312,333,253,4,28,315,253,272,272,38,118,203,156,True
Kawika Rogers,163302,G,OREGON,3,99.4,0,264,64.0,78.3,61.9,0,0,85,98.8,98.9,100.0,1,0,0,163,27,131,0,164,91,92,0,0,72,3,284,507,1,189,122,217,1,1,227,508,506,1,266,1,1,247,12,139,39,244,226,222,322,40,249,13,True
Jalen Klemm,157768,T,ARIZONA ST,3,100.0,0,110,51.3,52.8,49.2,3,3,85,100.0,100.0,96.5,0,6,0,163,0,0,0,163,87,87,0,163,76,0,278,1,1,433,370,461,470,276,239,2,6,353,1,356,1,253,4,28,315,253,244,244,38,118,240,156,True
Amory Hills,200305,G,MARYLAND,4,100.0,0,215,62.0,48.3,64.4,0,6,96,100.0,100.0,96.9,0,6,0,163,0,163,0,163,101,101,0,0,62,0,18,1,1,244,437,168,1,491,194,3,8,428,1,455,1,247,47,110,39,248,197,197,322,40,281,58,True
Dennis Rahouski,190889,G,NWESTERN,3,100.0,0,256,60.2,59.1,61.6,0,5,85,100.0,100.0,97.1,2,5,0,162,0,162,0,162,91,91,0,0,71,0,284,1,1,302,364,228,1,459,227,3,8,418,396,415,1,249,47,111,39,249,226,227,322,40,253,58,True
Fred Johnson,190588,G,UCONN,3,100.0,0,146,45.6,16.4,51.3,2,5,79,100.0,100.0,94.3,2,8,1,161,0,161,0,161,86,86,0,0,75,0,284,1,1,503,502,452,467,459,241,3,8,487,396,489,399,250,47,113,39,250,239,239,322,40,240,58,True
Carter Miller,156713,C,S CAROLINA,3,100.0,0,289,67.5,74.0,65.7,0,1,90,100.0,100.0,99.4,1,1,0,161,161,0,0,161,96,96,0,0,65,0,126,1,1,85,122,75,1,90,118,2,3,95,110,80,1,127,120,18,3,127,115,115,21,6,138,16,True
Jakoby Isom,204130,G,LA LAFAYET,4,100.0,0,207,60.5,53.4,60.1,0,1,63,100.0,100.0,97.6,0,2,1,160,0,55,0,160,70,70,105,0,90,0,18,1,1,290,406,257,1,171,289,3,8,378,1,230,399,251,47,187,39,251,282,282,145,40,180,58,True
Fisher Clements,159029,TE,COLORADO,4,77.3,0,143,41.3,60.2,43.1,1,1,43,48.3,49.5,97.7,1,2,0,160,0,0,0,207,46,93,0,0,114,126,23,128,1,467,322,444,448,371,3,56,54,311,293,451,1,1,1,2,61,21,3,59,2,62,12,40,True
Solatoa Moea'i,174216,G,UTAH,4,100.0,0,328,65.9,74.9,63.0,0,2,87,100.0,100.0,98.9,0,2,0,160,0,127,1,160,91,91,31,0,69,1,18,1,1,153,178,195,1,295,220,3,8,217,1,230,1,251,47,142,29,251,226,227,219,40,261,26,True
Tanner Morley,173498,G,KANSAS ST,4,100.0,0,199,66.0,69.4,67.2,1,1,94,100.0,100.0,98.9,1,2,0,160,0,160,0,160,100,100,0,0,60,0,18,1,1,148,261,119,374,171,199,3,8,217,266,230,1,251,47,114,39,251,199,199,322,40,285,58,True
TJ Tarascio,186448,G,AIR FORCE,3,100.0,0,101,75.2,69.9,75.7,1,0,26,100.0,100.0,98.1,1,1,0,160,0,120,0,160,31,31,40,0,129,0,284,1,1,29,254,31,374,1,372,3,8,316,266,139,1,251,47,147,39,251,363,363,204,40,42,58,True
Ashton Beers,157497,C,MINNESOTA,3,100.0,0,225,75.8,86.1,69.2,0,0,97,100.0,100.0,100.0,1,0,0,160,160,0,0,160,102,102,0,0,58,0,126,1,1,17,3,48,1,1,109,2,3,1,110,1,1,128,121,18,3,128,108,108,21,6,145,16,True
John Neider,171057,WR,W VIRGINIA,4,70.4,0,343,61.7,,65.7,0,0,0,0.0,0.0,,0,0,0,159,0,0,0,226,0,67,0,0,159,0,38,44,1,450,,181,1,1,76,76,80,,1,1,1,1,1,2,5,50,80,386,1,5,1,213,True
Zachary Franks,98492,T,UMASS,3,100.0,0,216,54.6,73.2,52.3,0,1,73,100.0,100.0,99.3,2,1,0,159,0,0,5,159,79,79,0,154,80,0,278,1,1,391,151,430,1,145,263,2,6,126,348,112,1,255,4,28,287,255,262,262,38,123,229,156,True
Austin Barrett,175982,G,IOWA STATE,4,100.0,0,193,68.1,71.4,66.7,0,1,75,100.0,100.0,99.3,0,1,0,159,0,0,0,159,80,80,155,0,79,4,18,1,1,101,234,130,1,171,254,3,8,167,1,139,1,255,47,327,39,255,255,255,114,40,220,11,True
Drew Terrill,158015,T,HOUSTON,3,100.0,0,182,66.6,67.7,63.2,0,3,79,100.0,100.0,98.1,0,3,0,158,0,0,0,158,81,81,0,158,77,0,278,1,1,161,228,213,1,276,248,2,6,208,1,224,1,256,4,28,315,256,257,257,38,120,237,156,True
Alec Johnson,156693,C,W KENTUCKY,3,100.0,0,346,58.8,38.0,63.4,1,5,89,100.0,100.0,96.6,0,6,0,158,158,0,0,158,92,92,0,0,66,0,126,1,1,178,227,101,179,219,119,2,3,220,1,217,1,129,122,18,3,129,120,120,21,6,136,16,True
Drew Evers,213798,T,SMU,3,100.0,1,287,50.0,56.1,49.0,1,6,87,100.0,100.0,94.8,1,8,1,158,0,0,0,158,92,92,0,158,66,0,278,1,434,443,346,465,303,421,234,2,6,426,232,427,333,256,4,28,315,256,235,235,38,120,260,156,True
Drew Bobo,163736,C,GEORGIA,4,100.0,0,173,72.1,69.1,69.7,1,1,81,100.0,100.0,97.5,0,3,1,158,158,0,0,158,87,87,0,0,71,0,7,1,1,43,149,45,179,90,127,2,3,202,1,157,198,129,122,18,3,129,123,123,21,6,130,16,True
Dontrell Glover,204865,G,GEORGIA,4,100.0,1,173,68.9,78.5,71.7,0,0,76,100.0,100.0,100.0,2,0,0,157,0,156,0,157,82,82,0,0,75,0,18,1,475,87,117,61,1,1,250,3,8,1,396,1,1,256,47,118,39,256,248,248,322,40,240,58,True
Jordan Floyd,183215,T,GA TECH,3,100.0,0,176,56.7,55.9,65.5,0,5,74,100.0,100.0,95.3,4,6,1,157,0,0,141,157,83,83,0,16,74,0,278,1,1,354,349,166,1,388,262,2,6,410,469,356,333,258,4,28,127,258,254,253,38,256,245,156,True
Brennan Smith,149139,C,MIDDLE TN,3,100.0,0,224,56.4,80.2,52.1,0,1,82,100.0,100.0,99.4,2,1,0,157,157,0,0,157,86,86,0,0,71,0,126,1,1,192,51,220,1,90,124,2,3,95,167,80,1,131,124,18,3,131,126,126,21,6,130,16,True
Clint Walker,215284,TE,BUFFALO,4,57.5,0,126,44.3,59.3,43.0,1,0,30,22.1,21.6,98.3,0,1,0,157,0,0,0,273,32,148,0,0,125,165,23,339,1,447,325,446,448,1,10,237,252,306,1,329,1,2,1,2,61,2,10,6,2,62,2,7,True
Brady Barrowman,198171,G,BALL ST,3,100.0,0,117,59.0,25.7,71.4,0,6,83,100.0,100.0,95.2,3,7,1,157,0,0,0,157,91,91,157,0,66,0,284,1,1,332,495,65,1,491,234,3,8,475,467,474,399,256,47,327,39,256,226,227,113,40,269,58,True
Charlton Luniewski,183539,G,S DIEGO ST,4,100.0,0,284,58.7,59.9,56.6,0,3,80,100.0,100.0,98.1,0,3,0,157,11,0,0,157,86,86,146,0,71,0,18,1,1,342,359,363,1,373,240,3,8,316,1,319,1,256,24,327,39,256,239,239,120,40,253,58,True
Roger Alderman,176647,G,UTAH,4,100.0,0,328,58.9,70.5,54.8,1,0,77,100.0,100.0,99.4,0,1,0,156,0,1,0,156,82,82,154,0,74,1,18,1,1,336,245,398,374,1,246,3,8,158,1,139,1,259,47,316,39,259,248,248,116,40,242,26,True
Julian Armella,156283,G,UCLA,4,100.0,0,324,69.3,70.4,68.3,0,1,69,100.0,100.0,99.3,1,1,0,156,0,5,0,156,73,73,148,0,83,2,18,1,1,80,248,103,1,171,272,3,8,167,266,139,1,259,47,302,39,259,270,270,118,40,205,19,True
Isaiah Villanueva,156611,C,MO STATE,4,100.0,0,230,67.7,77.3,65.0,0,2,87,100.0,100.0,97.7,1,3,1,155,155,0,0,155,92,92,0,0,63,0,7,1,1,82,82,84,1,140,121,2,3,195,110,157,198,132,125,18,3,132,120,120,21,6,141,16,True
Luke Rogers,173572,G,SO MISS,4,100.0,0,296,59.0,45.9,60.3,0,2,75,100.0,100.0,97.3,0,3,1,155,14,104,0,155,81,81,37,0,74,0,18,1,1,332,446,254,1,295,254,3,8,404,1,319,399,261,20,156,39,261,252,252,210,40,242,58,True
Matthew Williams,174201,T,GA SOUTHRN,3,99.4,1,174,59.9,61.3,61.0,1,4,96,99.0,99.0,97.4,2,5,0,155,0,0,154,156,101,102,0,0,54,2,278,480,434,306,297,254,303,332,204,478,478,280,348,312,1,259,4,28,118,259,212,207,38,301,291,59,True
Josh Williams,200324,G,STANFORD,3,100.0,0,300,63.0,73.3,56.9,0,1,93,100.0,100.0,98.4,1,2,1,155,0,38,6,155,102,102,70,40,53,1,284,1,1,216,200,358,1,171,202,3,8,278,266,230,399,261,47,211,18,261,196,196,172,4,307,26,True
Riley McGehee,188347,T,MEMPHIS,4,100.0,0,218,49.8,76.1,44.1,0,2,68,100.0,100.0,98.5,1,2,0,154,0,0,143,154,74,74,0,11,80,0,16,1,1,446,118,485,1,218,269,2,6,173,232,178,1,260,4,28,122,260,268,268,38,271,229,156,True
AJ Johnson,148481,TE,FAU,4,57.5,0,165,53.3,48.2,55.2,1,1,27,20.0,22.4,96.3,0,2,0,153,0,0,0,266,32,143,0,0,121,165,23,339,1,325,383,264,448,371,15,258,241,342,1,451,1,3,1,2,61,4,10,7,2,62,4,7,True
Donovan Haslam,164024,G,TENNESSEE,4,100.0,0,307,69.0,78.3,69.5,0,3,88,100.0,100.0,97.2,1,4,1,153,0,0,0,153,94,94,152,0,59,1,18,1,1,86,122,80,1,373,217,3,8,407,266,378,399,263,47,327,39,263,215,215,117,40,289,26,True
Jaymon Lamb,178179,G,UTEP,4,100.0,0,330,58.7,48.6,58.9,0,5,70,100.0,100.0,95.0,0,6,1,153,0,152,1,153,75,75,0,0,78,0,18,1,1,342,435,289,1,459,267,3,8,477,1,455,399,263,47,120,29,263,266,266,322,40,226,58,True
Logan Howland,173702,T,VA TECH,4,100.0,0,337,58.8,76.3,49.3,0,0,73,100.0,100.0,100.0,1,0,0,153,0,0,139,153,81,81,0,14,72,0,16,1,1,325,115,460,1,1,263,2,6,1,232,1,1,261,4,28,128,261,257,257,38,263,249,156,True
Karson Jones,162512,G,E CAROLINA,4,100.0,0,156,55.6,60.0,55.8,1,1,74,100.0,101.3,97.3,1,3,1,153,39,114,0,153,79,78,0,0,74,0,18,1,1,409,357,379,374,171,260,3,1,404,266,319,399,263,8,150,39,263,260,262,322,40,242,58,True
Bruce Mitchell,157431,C,BYU,3,100.0,0,128,82.9,72.8,79.0,0,1,66,100.0,100.0,97.7,0,2,1,152,152,0,0,152,67,67,0,0,85,0,126,1,1,7,129,4,1,90,137,2,3,195,1,120,198,133,126,18,3,133,140,140,21,6,111,16,True
Caleb Pyfrom,184484,T,NEW MEX ST,5,99.3,0,242,63.7,73.3,63.8,0,5,86,98.9,98.9,97.1,2,5,0,152,0,0,0,153,91,92,0,149,61,4,1,483,1,218,150,201,1,388,237,482,483,305,348,312,1,262,4,28,315,261,237,235,38,128,275,35,True
Joe Crocker,126666,T,BUFFALO,4,100.0,0,126,49.2,51.2,54.6,0,4,80,100.0,100.0,97.5,3,4,0,152,0,0,0,152,90,90,0,152,62,0,16,1,1,449,381,396,1,332,247,2,6,265,425,270,1,262,4,28,315,263,238,238,38,125,271,156,True
Ben York,183295,G,VIRGINIA,4,100.0,0,335,73.3,62.4,75.4,1,2,73,100.0,100.0,97.9,0,3,0,152,0,99,0,152,81,81,23,30,71,0,18,1,1,41,329,34,374,295,261,3,8,348,1,319,1,266,47,160,39,266,252,252,241,6,253,58,True
Hank Purvis,188497,G,S CAROLINA,4,100.0,0,289,64.0,45.6,67.2,1,2,85,100.0,100.0,98.2,0,3,0,152,0,134,1,152,89,89,17,0,63,0,18,1,1,189,448,119,374,295,227,3,8,305,1,319,1,266,47,136,29,266,234,234,264,40,279,58,True
Nickolas Molina,166604,T,FIU,2,100.0,0,166,55.2,37.8,65.1,3,8,98,100.0,100.0,93.4,1,12,1,152,0,0,0,152,104,104,0,151,48,1,379,1,1,381,443,172,470,467,198,2,6,461,232,477,333,262,4,28,315,263,199,199,38,127,303,95,True
Skyler Grant,145362,G,MEMPHIS,4,100.0,0,218,58.9,60.3,59.7,0,3,69,100.0,100.0,97.8,1,3,0,152,0,152,0,152,75,75,0,0,77,0,18,1,1,336,356,265,1,373,272,3,8,354,266,319,1,266,47,120,39,266,266,266,322,40,229,58,True
Sonny Makasini,72324,G,BYU,3,100.0,0,128,66.1,77.8,65.6,0,0,66,100.0,100.0,100.0,1,0,0,152,0,152,0,152,67,67,0,0,85,0,284,1,1,145,132,145,1,1,280,3,8,1,266,1,1,266,47,120,39,266,289,289,322,40,199,58,True
Andrew Gentry,162815,T,BYU,3,100.0,0,128,62.6,72.7,57.4,0,0,66,100.0,100.0,100.0,5,0,0,152,0,0,0,152,67,67,0,152,85,0,278,1,1,245,157,334,1,1,273,2,6,1,485,1,1,262,4,28,315,263,279,279,38,125,218,156,True
Lance Johnson,204940,G,JVILLE ST,5,100.0,0,196,62.7,85.1,57.0,0,1,72,100.0,100.0,99.3,0,1,0,151,0,151,0,151,79,79,0,0,72,0,1,1,1,222,29,355,1,171,264,3,8,167,1,139,1,270,47,124,39,270,260,260,322,40,249,58,True
Joshua Long,204851,TE,E MICHIGAN,5,47.8,0,160,59.5,72.8,57.4,0,0,27,14.8,15.4,100.0,0,0,0,151,0,0,0,316,30,195,0,0,121,172,1,431,1,209,101,223,1,1,15,342,339,1,1,1,1,4,1,2,61,1,15,1,2,62,4,5,True
Kelvin Obot,214082,G,UTAH,4,100.0,0,328,59.9,67.7,57.4,1,1,56,100.0,100.0,98.2,0,2,0,151,0,140,11,151,57,57,0,0,94,0,18,1,1,311,272,339,374,171,301,3,8,305,1,230,1,270,47,129,12,270,309,309,322,40,170,58,True
Jackson Bellamy,184020,G,BUFFALO,3,100.0,0,126,60.6,83.8,53.0,1,0,86,100.0,100.0,99.4,0,1,0,150,0,150,0,150,92,92,0,0,58,0,284,1,1,287,37,431,374,1,224,3,8,158,1,139,1,272,47,125,39,272,222,222,322,40,291,58,True
Jackson Carsello,145040,C,NWESTERN,3,100.0,0,256,62.9,58.7,67.5,0,1,81,100.0,100.0,99.4,2,1,0,150,150,0,0,150,86,86,0,0,64,0,126,1,1,126,194,65,1,90,127,2,3,95,167,80,1,134,127,18,3,134,126,126,21,6,140,16,True
Rod Gibbs,190082,TE,S ALABAMA,4,61.7,0,288,48.0,75.3,42.5,0,0,26,23.4,23.8,100.0,1,0,0,150,0,0,0,243,29,122,0,0,121,185,23,283,1,406,41,449,1,1,22,224,222,1,293,1,1,5,1,2,61,9,19,14,2,62,4,2,True
Clinton Richard,183397,G,WAKE,3,100.0,1,339,61.1,67.4,61.0,0,3,87,100.0,100.0,98.3,2,3,0,149,0,149,0,149,94,94,0,0,55,0,284,1,475,276,275,241,1,373,220,3,8,289,396,319,1,273,47,126,39,273,215,215,322,40,301,58,True
Kilian Registe,199247,T,TCU,4,100.0,0,305,70.3,50.8,75.7,0,4,87,100.0,100.0,97.7,0,4,0,149,0,0,12,149,88,88,0,137,61,0,16,1,1,103,386,44,1,332,234,2,6,244,1,270,1,266,4,28,275,266,241,241,38,137,275,156,True
Kalvin Janssen,200057,G,WYOMING,4,100.0,0,351,60.4,65.4,57.7,2,1,82,100.0,100.0,98.2,0,3,0,149,0,146,0,149,84,84,3,0,65,0,18,1,1,293,300,329,467,171,235,3,8,305,1,319,1,273,47,128,39,273,245,245,302,40,272,58,True
Will Reed,155401,C,GA TECH,3,100.0,0,176,50.4,56.1,51.5,0,3,75,100.0,100.0,98.0,1,3,0,148,148,0,0,148,81,81,0,0,67,0,126,1,1,223,199,221,1,183,131,2,3,182,110,157,1,135,128,18,3,135,130,130,21,6,135,16,True
Jayden Thomas,215821,C,APP STATE,3,100.0,1,108,58.6,60.0,59.6,1,0,82,100.0,100.0,98.2,2,2,1,148,148,0,0,148,87,87,0,0,61,0,126,1,214,179,191,153,179,1,124,2,3,172,167,120,198,135,128,18,3,135,123,123,21,6,143,16,True
Max Reese,157462,TE,N TEXAS,5,55.2,0,251,67.0,72.5,52.1,0,1,37,25.2,24.2,98.6,2,1,0,148,0,0,0,268,38,157,0,0,110,164,1,365,1,101,112,331,1,371,5,197,217,305,439,329,1,6,1,2,61,3,5,3,2,62,15,10,True
Nick Morrow,174222,T,KANSAS,3,100.0,0,198,64.2,50.0,66.8,1,2,66,100.0,100.0,97.7,1,3,0,148,0,1,9,148,71,71,0,138,77,0,278,1,1,209,391,146,303,218,273,2,6,244,232,224,1,267,4,16,284,267,273,273,38,135,237,156,True
Austin Ellis,189818,G,LA TECH,3,100.0,0,208,52.2,73.0,46.6,0,0,87,100.0,100.0,98.9,1,1,1,148,0,0,0,148,92,92,148,0,56,0,284,1,1,455,207,496,1,1,220,3,8,217,266,139,399,275,47,327,39,275,222,222,118,40,297,58,True
Troy Smith III,170470,T,LA TECH,3,100.0,0,208,59.4,59.6,57.1,0,5,84,100.0,100.0,95.8,2,6,1,147,0,0,0,147,88,88,0,147,59,0,278,1,1,316,311,343,1,388,242,2,6,388,348,356,333,268,4,28,315,268,241,241,38,129,282,156,True
Parker Mitchell,159177,G,MEMPHIS,4,100.0,0,218,50.9,44.2,52.9,3,1,62,100.0,100.0,96.8,1,4,0,147,0,109,0,147,67,67,35,0,80,0,18,1,1,468,454,433,501,171,291,3,8,432,266,378,1,276,47,154,39,276,289,289,214,40,216,58,True
Maddux Madsen,163379,QB,BOISE ST,4,52.1,0,120,86.4,,60.0,0,0,0,0.0,0.0,,1,0,0,147,0,0,0,282,0,128,0,0,147,0,6,28,1,24,,78,1,1,18,18,20,,110,1,1,1,1,1,1,10,20,66,1,1,1,2,True
Wendell Moe Jr.,158736,G,TENNESSEE,4,100.0,0,307,64.8,56.7,65.0,0,2,63,100.0,100.0,98.4,0,2,0,147,0,147,0,147,68,68,0,0,79,0,18,1,1,169,382,157,1,295,289,3,8,278,1,230,1,276,47,127,39,276,288,288,322,40,220,58,True
Noel Portnjagin,184429,C,JAMES MAD,3,100.0,1,197,63.7,74.8,61.8,0,1,73,100.0,100.0,99.3,2,1,0,147,147,0,0,147,76,76,0,0,71,0,126,1,214,120,116,129,1,90,132,2,3,105,167,80,1,137,130,18,3,137,132,132,21,6,130,16,True
Paul Bowling,199336,G,FLORIDA ST,3,100.0,1,167,56.5,41.3,57.9,0,5,70,100.0,100.0,95.0,1,6,1,146,0,0,0,146,79,79,145,1,67,0,284,1,475,389,466,321,1,459,267,3,8,477,266,455,399,278,47,327,39,278,260,260,121,31,265,58,True
Ben Baker,191076,C,FRESNO ST,3,100.0,0,169,59.6,68.6,58.8,0,2,69,100.0,100.0,98.6,1,2,0,145,145,0,0,145,72,72,0,0,73,0,126,1,1,171,154,165,1,140,135,2,3,148,110,120,1,138,131,18,3,138,137,137,21,6,128,16,True
Rob Lapuaho,198126,G,ARIZONA ST,3,100.0,0,110,49.6,54.3,45.8,0,2,75,100.0,100.0,98.7,0,2,0,145,0,12,0,145,77,77,133,0,68,0,284,1,1,482,397,505,1,295,254,3,8,239,1,230,1,279,47,280,39,279,263,263,125,40,263,58,True
Lance Williams,174802,C,APP STATE,4,100.0,0,108,53.0,81.1,54.0,0,1,70,100.0,100.0,99.3,3,1,0,145,145,0,0,145,74,74,0,0,71,0,7,1,1,216,39,212,1,90,134,2,3,105,198,80,1,138,131,18,3,138,135,135,21,6,130,16,True
Eric Smith,158012,T,MIAMI OH,3,100.0,0,221,63.4,53.5,65.9,0,0,79,100.0,100.0,98.7,2,1,1,145,0,0,145,145,85,85,0,0,60,0,278,1,1,227,363,161,1,1,248,2,6,160,348,112,333,269,4,28,121,269,248,248,38,301,280,156,True
Carson Kolb,191218,TE,OKLA STATE,4,61.0,0,262,52.1,64.9,59.5,0,1,30,25.4,25.2,98.3,1,1,0,144,0,0,0,236,31,123,0,0,113,120,23,295,1,352,280,192,1,371,10,195,195,306,293,329,1,7,1,2,61,11,13,12,2,62,14,47,True
Witten Van Hoy,199268,T,TCU,4,100.0,0,305,75.5,60.7,80.3,2,2,68,100.0,100.0,95.6,1,5,1,143,0,0,0,143,69,69,0,142,74,0,16,1,1,48,300,18,429,218,269,2,6,397,232,312,333,270,4,28,315,270,277,277,38,132,245,156,True
Justin Terry,189943,T,VA TECH,3,100.0,0,337,59.9,52.7,60.9,2,1,79,100.0,100.0,98.1,1,3,0,143,0,0,142,143,82,82,0,0,61,1,278,1,1,306,371,260,429,145,248,2,6,208,232,224,1,270,4,28,123,270,255,255,38,301,275,95,True
Jaden Bray,127787,WR,W VIRGINIA,4,67.9,1,343,68.1,,68.2,0,0,0,0.0,0.0,,1,0,0,142,0,0,0,209,0,66,0,0,142,2,38,53,768,238,,146,1,1,76,76,80,,550,1,1,2,1,2,5,84,80,389,1,5,2,73,True
Paki Finau,183636,T,BYU,3,100.0,0,128,79.2,84.7,73.2,0,1,63,100.0,100.0,99.2,0,1,0,142,0,0,142,142,64,64,0,0,78,0,278,1,1,29,21,71,1,145,280,2,6,131,1,112,1,272,4,28,123,272,287,287,38,301,235,156,True
Terrence Moore,144032,C,UCONN,4,100.0,0,146,54.0,51.4,56.6,2,4,66,100.0,100.0,95.5,1,6,0,142,87,55,0,142,76,76,0,0,66,0,7,1,1,209,207,191,219,197,137,2,3,225,110,217,1,140,147,2,3,140,132,132,21,6,136,16,True
Brec Long,199187,TE,N TEXAS,5,68.3,0,251,58.7,65.6,62.5,0,2,33,34.0,35.9,97.0,2,2,0,142,0,0,0,208,37,103,0,0,105,163,1,218,1,223,270,158,1,470,7,125,117,330,439,451,1,8,1,2,61,20,7,35,2,62,18,11,True
Dayne Arnett,178705,T,S CAROLINA,4,100.0,0,289,76.1,66.1,76.8,0,3,75,100.0,100.0,96.7,0,4,1,142,0,1,2,142,79,79,0,139,63,0,16,1,1,45,249,37,1,276,259,2,6,337,1,270,333,272,4,16,297,272,262,262,38,134,267,156,True
Heath Ozaeta,173715,G,OKLAHOMA,3,100.0,0,261,59.1,51.1,59.1,0,5,73,100.0,100.0,96.6,0,5,0,140,0,8,0,140,75,75,132,0,65,0,284,1,1,325,423,281,1,459,261,3,8,436,1,415,1,280,47,295,39,280,266,266,127,40,272,58,True
Brendan Jenkins,177870,WR,S ALABAMA,4,49.8,0,288,67.0,,45.1,0,0,0,0.0,0.0,,0,0,0,140,0,0,0,281,0,141,0,0,140,0,38,224,1,263,,739,1,1,76,76,80,,1,1,1,3,1,2,5,6,80,35,1,5,3,213,True
Josiah Timoteo,175728,T,OREGON ST,3,100.0,0,265,54.1,45.0,63.8,4,3,94,100.0,100.0,95.2,1,8,1,140,0,0,138,140,100,100,0,1,40,1,278,1,1,401,420,201,490,276,213,2,6,412,232,427,333,274,4,28,129,274,215,215,38,293,324,95,True
Patrick Overmyer,176495,TE,HOUSTON,4,57.9,0,182,65.4,56.5,53.3,0,1,20,17.2,16.4,97.5,0,1,0,140,0,0,0,242,20,122,0,0,120,120,23,333,1,120,341,311,1,371,42,301,319,316,1,329,1,9,1,2,61,10,53,14,2,62,7,47,True
Joe Metzger,163920,G,UNLV,4,100.0,0,325,57.8,47.0,58.2,1,3,64,100.0,100.0,96.9,1,4,0,139,0,93,0,139,72,72,46,0,67,0,18,1,1,361,444,308,374,373,284,3,8,428,266,378,1,281,47,164,39,281,274,274,193,40,265,58,True
Noah Josey,126259,G,VIRGINIA,4,100.0,0,335,77.0,73.7,76.4,0,0,53,100.0,100.0,100.0,0,0,0,139,0,139,0,139,53,53,0,0,86,0,18,1,1,21,193,27,1,1,309,3,8,1,1,1,1,281,47,130,39,281,314,314,322,40,196,58,True
Mark Bowman,214627,TE,USC,5,54.1,0,326,74.5,76.4,52.7,0,0,22,16.1,16.3,100.0,1,0,0,139,0,0,0,257,23,141,0,0,116,186,1,377,1,37,26,322,1,1,30,322,322,1,293,1,1,10,1,2,61,5,35,8,2,62,9,1,True
Brock Taylor,191121,G,UMASS,3,100.0,0,216,63.0,71.7,63.0,0,3,60,100.0,100.0,95.8,1,4,1,138,0,0,0,138,64,64,138,0,74,0,284,1,1,216,229,195,1,373,294,3,8,465,266,378,399,283,47,327,39,283,293,293,123,40,242,58,True
Jacob Maiava,204379,C,UCF,3,100.0,0,323,73.4,80.5,70.5,0,1,43,100.0,100.0,98.8,1,1,0,138,138,0,0,138,47,47,0,0,91,0,126,1,1,33,46,38,1,90,149,2,3,137,110,80,1,141,135,18,3,141,149,149,21,6,102,16,True
Marleo Neolien,169902,T,E CAROLINA,4,100.0,0,156,56.7,64.0,54.8,0,6,81,100.0,101.2,96.3,1,6,0,138,0,0,137,138,84,83,0,0,54,0,16,1,1,354,276,392,1,421,244,2,1,357,232,356,1,275,4,28,130,275,252,253,38,301,291,156,True
Mal Waldrep Jr.,198095,G,ALABAMA,3,100.0,0,103,58.9,51.2,58.8,0,2,65,100.0,100.0,96.9,1,3,1,138,0,138,0,138,73,73,0,0,65,0,284,1,1,336,420,290,1,295,282,3,8,428,266,319,399,283,47,131,39,283,270,270,322,40,272,58,True
Anwar O'neal,178137,T,LOUISVILLE,2,100.0,0,210,55.7,46.8,57.9,4,1,65,100.0,100.0,96.2,0,5,0,137,0,0,137,137,71,71,0,0,66,0,379,1,1,370,409,326,490,145,278,2,6,361,1,312,1,276,4,28,130,276,273,273,38,301,260,156,True
Juan Gaston,198460,T,GEORGIA,4,100.0,0,173,68.6,65.2,67.2,0,0,70,100.0,100.0,97.1,0,2,2,137,0,0,0,137,74,74,17,120,63,0,16,1,1,131,262,144,1,1,268,2,6,305,1,178,431,276,4,28,315,276,268,268,13,143,267,156,True
Jeremiah Hasley,162696,TE,DUKE,4,61.2,0,154,78.3,67.1,72.0,0,0,12,12.8,13.0,100.0,0,0,0,137,0,0,0,224,13,100,0,0,124,152,23,290,1,21,250,50,1,1,134,374,372,1,1,1,1,11,1,2,61,12,131,42,2,62,3,13,True
Dom Silvia,184273,G,CHARLOTTE,4,100.0,0,136,56.7,53.7,58.7,0,3,86,100.0,100.0,98.3,1,3,0,137,3,11,0,137,90,90,123,0,47,0,18,1,1,382,401,294,1,373,224,3,8,289,266,319,1,285,38,286,39,285,233,233,131,40,319,58,True
Tigana Cisse,158978,G,OHIO,3,100.0,0,259,68.9,89.6,67.2,0,0,70,100.0,100.0,100.0,1,0,0,137,0,136,0,137,73,73,1,0,64,0,284,1,1,87,6,119,1,1,267,3,8,1,266,1,1,285,47,134,39,285,270,270,311,40,275,58,True
Earnest Greene III,157074,T,GEORGIA,4,100.0,0,173,80.9,75.9,81.5,0,1,66,100.0,100.0,99.2,1,1,0,136,0,0,136,136,71,71,0,0,65,0,16,1,1,22,120,15,1,145,273,2,6,131,232,112,1,278,4,28,132,278,273,273,38,301,265,156,True
Jack Hines,183389,G,WAKE,3,100.0,0,339,48.9,61.4,47.0,0,3,64,100.0,100.0,97.7,2,3,0,136,0,0,0,136,69,69,135,0,67,1,284,1,1,486,343,491,1,373,284,3,8,365,396,319,1,287,47,327,39,287,285,285,124,40,265,26,True
Matt Wagner,176320,TE,BOISE ST,4,60.5,0,120,89.2,65.1,78.0,0,1,17,16.7,17.8,97.1,0,1,0,135,0,0,1,223,19,107,0,0,116,181,23,301,1,2,278,17,1,371,70,308,302,324,1,329,1,12,1,2,24,14,64,29,2,62,9,3,True
Chris Vigna,199130,T,RUTGERS,4,100.0,0,278,75.5,69.1,74.6,0,3,61,100.0,100.0,97.5,0,3,0,135,0,27,74,135,65,65,1,33,70,0,16,1,1,48,207,53,1,276,285,2,6,265,1,224,1,279,4,6,162,279,284,284,31,210,254,156,True
Luke Lindenmeyer,156460,TE,NEBRASKA,4,62.3,0,238,70.9,56.7,73.6,0,1,17,17.3,19.0,97.1,0,1,0,134,0,0,5,215,19,100,0,1,115,140,23,273,1,65,338,39,1,371,70,300,288,324,1,329,1,13,1,2,4,16,64,42,2,19,11,18,True
Ben Gustafson,188417,T,N ILLINOIS,3,100.0,0,254,46.2,31.7,53.0,0,5,78,100.0,100.0,92.9,0,8,3,133,0,0,37,133,84,84,0,96,49,0,278,1,1,458,460,417,1,388,252,2,6,471,1,427,475,280,4,28,198,280,252,252,38,156,299,156,True
Denaris DeRosa Jr.,157839,G,HAWAII,2,100.0,1,180,63.3,61.9,66.8,1,1,94,100.0,100.0,98.9,2,2,0,133,0,0,0,133,95,95,133,0,38,0,400,1,475,209,339,127,374,171,199,3,8,217,396,230,1,288,47,327,39,288,212,212,125,40,345,58,True
Connor Stroh,173167,G,KANSAS,3,100.0,0,198,72.5,82.4,70.1,0,1,67,100.0,100.0,99.3,0,1,0,133,0,111,0,133,71,71,21,0,62,0,284,1,1,47,55,74,1,171,278,3,8,167,1,139,1,288,47,152,39,288,280,280,246,40,281,58,True
Tellek Lockette,163512,G,MARYLAND,4,100.0,1,215,71.7,86.8,75.0,0,1,75,100.0,100.0,99.3,2,1,0,132,0,132,0,132,80,80,0,0,52,0,18,1,475,56,19,37,1,171,254,3,8,167,396,139,1,290,47,137,39,290,255,255,322,40,310,58,True
Noah Best,216895,G,OKLAHOMA,4,100.0,0,261,53.1,56.6,50.9,0,3,68,100.0,100.0,97.8,0,3,0,132,28,2,0,132,72,72,102,0,60,0,18,1,1,440,383,456,1,373,276,3,8,354,1,319,1,290,11,314,39,290,274,274,150,40,285,58,True
Khalil Collins,199428,C,USF,3,100.0,0,327,52.8,39.5,55.3,0,2,51,100.0,100.0,98.0,0,2,0,132,132,0,0,132,53,53,0,0,79,0,126,1,1,217,224,201,1,140,146,2,3,182,1,120,1,142,138,18,3,142,146,146,21,6,123,16,True
DJ Epps,163572,WR,W VIRGINIA,4,63.8,0,343,77.7,,61.0,0,0,0,0.0,0.0,,0,0,0,132,0,0,0,207,0,72,0,0,132,2,38,72,1,57,,352,1,1,76,76,80,,1,1,1,4,1,2,5,86,80,355,1,5,4,73,True
Jayden Maiava,158135,QB,USC,5,41.7,0,326,90.5,,60.1,0,0,0,0.0,0.0,,2,0,0,131,0,0,0,314,0,171,0,0,131,0,1,84,1,14,,34,1,1,18,18,20,,167,1,1,2,1,1,1,4,20,12,1,1,2,2,True
Logan Scrivner,185516,C,MO STATE,4,100.0,0,230,71.6,83.3,65.9,0,0,67,100.0,100.0,100.0,0,0,0,131,85,6,0,131,76,76,40,0,55,0,7,1,1,46,22,73,1,1,136,2,3,1,1,1,1,143,149,11,3,143,132,132,3,6,147,16,True
Kelby Valsin,173653,WR,FAU,4,42.7,0,165,70.7,,53.3,0,0,0,0.0,0.0,,1,0,0,131,0,0,0,307,0,176,0,0,131,1,38,422,1,177,,606,1,1,76,76,80,,550,1,1,5,1,2,5,1,80,3,1,5,5,112,True
Ronnel Johnson,178430,WR,JVILLE ST,5,46.5,0,196,53.8,,64.7,0,0,0,0.0,0.0,,0,0,0,131,0,0,0,282,0,151,0,0,131,0,1,298,1,700,,195,1,1,76,76,80,,1,1,1,5,1,2,5,5,80,19,1,5,5,213,True
Jacob Anderson,176391,T,OREGON ST,3,99.2,0,265,86.8,77.9,89.9,1,1,81,98.8,98.9,98.8,1,2,0,131,0,0,131,132,89,90,0,0,42,1,278,485,1,8,87,2,303,145,244,485,483,154,232,178,1,281,4,28,133,281,240,238,38,301,320,95,True
Caden Veltkamp,156642,QB,FAU,4,40.9,0,165,79.7,62.2,60.2,0,0,1,0.6,0.5,100.0,1,0,0,131,0,0,0,320,1,183,0,0,130,0,6,94,1,56,1,20,1,1,1,15,18,1,110,1,1,2,1,1,1,3,1,6,1,1,3,2,True
Easton Messer,163051,WR,FAU,4,43.0,0,165,71.8,,52.6,0,0,0,0.0,0.0,,0,0,0,131,0,0,0,305,0,174,0,0,131,0,38,415,1,144,,618,1,1,76,76,80,,1,1,1,5,1,2,5,2,80,5,1,5,5,213,True
Evan Wibberley,156645,C,LOUISVILLE,3,100.0,0,210,66.1,67.2,63.6,0,1,63,100.0,100.0,99.2,1,1,0,131,131,0,0,131,68,68,0,0,63,0,126,1,1,98,163,100,1,90,141,2,3,110,110,80,1,143,139,18,3,143,139,139,21,6,141,16,True
Darius Neals,171827,G,KENNESAW,3,100.0,0,200,57.6,84.4,50.2,0,0,68,100.0,100.0,100.0,0,0,0,130,0,55,0,130,72,72,75,0,58,0,284,1,1,365,32,465,1,1,276,3,8,1,1,1,1,292,47,187,39,292,274,274,166,40,291,58,True
Jaylen Slaughter,188383,T,GA SOUTHRN,4,100.0,0,174,36.9,20.6,56.6,2,2,78,100.0,100.0,97.4,4,4,0,130,0,0,78,130,87,87,0,49,43,3,16,1,1,490,480,356,429,218,252,2,6,280,469,270,1,282,4,28,159,282,244,244,38,184,316,43,True
Jacob Strand,162440,G,AUBURN,3,100.0,0,115,53.7,76.1,46.4,1,0,67,100.0,100.0,97.8,0,2,1,130,0,110,19,130,69,69,0,0,61,1,284,1,1,432,164,498,374,1,278,3,8,354,1,230,399,292,47,153,10,292,285,285,322,40,284,26,True
Aaron Philo,183222,QB,FLORIDA,4,51.8,0,163,81.3,62.2,60.1,0,0,1,1.0,0.9,100.0,2,0,0,130,0,0,0,251,1,106,0,0,129,0,6,29,1,51,1,34,1,1,1,6,7,1,167,1,1,4,1,1,1,51,1,102,1,1,4,2,True
Trevor Wilson,159921,TE,BUFFALO,4,71.8,0,126,52.9,69.5,51.3,0,0,22,31.9,32.0,100.0,0,0,0,130,0,0,0,181,24,75,0,0,106,147,23,188,1,332,189,339,1,1,30,150,147,1,1,1,1,14,1,2,61,45,34,99,2,62,17,14,True
Toby Payne,156805,TE,MARSHALL,4,51.2,0,214,72.4,39.9,83.5,0,1,8,6.6,8.8,81.2,0,2,1,130,0,0,1,254,12,136,0,0,118,127,23,400,1,52,411,3,1,371,218,427,415,457,1,451,459,14,1,2,24,7,144,9,2,62,8,38,True
Peter Clarke,173261,TE,TEMPLE,4,61.7,0,306,60.8,52.2,71.0,0,2,14,15.9,15.8,92.9,0,2,0,129,0,0,0,209,15,95,0,0,114,163,23,283,1,187,366,56,1,470,101,326,334,401,1,451,1,16,1,2,61,19,109,54,2,62,12,11,True
Michael Hawkins Jr.,184595,QB,W VIRGINIA,4,48.0,0,343,86.3,,60.0,0,0,0,0.0,0.0,,1,0,0,129,0,0,0,269,0,81,0,0,129,0,6,41,1,25,,78,1,1,18,18,20,,110,1,1,5,1,1,1,18,20,126,1,1,4,2,True
Simon Kibbee,190962,TE,AIR FORCE,3,75.0,0,101,69.0,61.1,64.2,0,0,1,2.6,2.3,100.0,0,0,0,129,0,0,4,172,1,44,0,0,128,100,353,146,1,82,314,139,1,1,430,455,455,1,1,1,1,16,1,2,9,55,433,207,2,62,1,89,True
Matt Long,198041,HB,AIR FORCE,3,75.3,0,101,72.2,65.5,75.8,0,0,1,3.1,2.8,100.0,1,0,0,128,0,0,0,170,1,36,0,0,127,31,232,8,1,129,131,11,1,1,279,280,281,1,236,1,1,1,2,1,1,25,280,220,1,1,1,2,True
Jaden Ball,183714,G,MINNESOTA,4,100.0,0,225,48.3,38.8,50.7,2,1,64,100.0,100.0,97.7,1,3,0,128,0,79,0,128,64,64,49,0,64,0,18,1,1,490,473,458,467,171,284,3,8,365,266,319,1,294,47,170,39,294,293,293,189,40,275,58,True
Tommy Ricard,184939,C,VA TECH,3,100.0,0,337,65.7,80.3,63.0,0,1,64,100.0,100.0,99.2,1,1,0,128,127,0,0,128,67,67,1,0,61,0,126,1,1,101,49,113,1,90,139,2,3,110,110,80,1,145,141,18,3,145,140,140,14,6,143,16,True
Tayven Jackson,157615,QB,N TEXAS,5,39.1,0,251,90.2,,60.3,0,0,0,0.0,0.0,,2,0,0,128,0,0,0,327,0,184,0,0,128,0,1,117,1,15,,10,1,1,18,18,20,,167,1,1,6,1,1,1,1,20,5,1,1,6,2,True
Deondre Johnson,175506,WR,JVILLE ST,5,47.9,0,196,70.6,,69.7,0,0,0,0.0,0.0,,1,0,0,128,0,0,0,267,0,139,0,0,128,0,1,262,1,180,,110,1,1,76,76,80,,550,1,1,8,1,2,5,12,80,40,1,5,8,213,True
Scott Isacks,157748,TE,UAB,4,81.9,0,321,68.4,71.2,65.4,0,1,20,44.4,41.7,97.5,1,1,0,127,0,0,5,155,20,48,0,3,107,134,23,87,1,90,151,120,1,371,42,65,85,316,293,329,1,18,1,2,4,82,53,190,2,6,16,24,True
Brock Brownfield,214520,G,PURDUE,3,100.0,0,273,53.1,63.9,50.9,0,1,75,100.0,100.0,98.0,1,2,1,127,0,127,0,127,80,80,0,0,47,0,284,1,1,440,319,456,1,171,254,3,8,335,266,230,399,295,47,142,39,295,255,255,322,40,319,58,True
JJ Buchanan,204415,WR,MICHIGAN,4,54.5,0,222,87.5,,62.3,0,0,0,0.0,0.0,,1,0,0,127,0,0,0,233,0,106,0,3,127,1,38,141,1,12,,248,1,1,76,76,80,,550,1,1,9,1,2,5,39,80,155,1,1,9,112,True
Colin Chase,165302,WR,TEMPLE,4,53.1,0,306,68.0,,60.0,0,0,0,0.0,0.0,,3,0,0,127,0,0,0,239,0,110,0,0,127,2,38,157,1,241,,427,1,1,76,76,80,,784,1,1,9,1,2,5,32,80,135,1,5,9,73,True
David Clement,170384,TE,SYRACUSE,3,77.4,0,304,73.1,68.0,57.4,0,0,38,54.3,52.6,100.0,1,0,0,127,0,0,0,164,41,78,0,0,86,136,353,127,1,44,226,223,1,1,4,41,43,1,293,1,1,18,1,2,61,67,4,90,2,62,61,21,True
Moustafa Daoud,222796,T,KENT STATE,3,100.0,0,201,42.6,38.7,50.9,1,1,58,100.0,100.0,96.6,3,3,1,127,0,0,127,127,61,61,0,0,66,0,278,1,1,475,437,443,303,145,292,2,6,343,425,224,333,283,4,28,136,283,291,292,38,301,260,156,True
Chance Morrow,156320,WR,BUFFALO,4,44.3,1,126,73.0,,50.8,0,0,0,0.0,0.0,,1,0,0,127,0,0,0,287,0,160,0,0,127,2,38,376,768,125,,650,1,1,76,76,80,,550,1,1,9,1,2,5,4,80,8,1,5,9,73,True
Walker Eget,146170,QB,DUKE,4,53.6,0,154,81.4,,60.0,0,0,0,0.0,0.0,,0,0,0,126,0,0,0,235,0,106,0,0,126,0,6,22,1,50,,78,1,1,18,18,20,,1,1,1,7,1,1,1,73,20,102,1,1,7,2,True
Cooper Lovelace,158460,T,BAYLOR,3,99.2,0,118,57.1,56.5,55.9,0,1,55,100.0,98.4,99.1,0,1,0,126,0,2,0,127,61,62,24,99,65,2,278,485,1,349,343,372,1,145,295,2,485,137,1,112,1,284,4,14,315,283,291,290,7,153,265,59,True
Christian Abney,176079,TE,ILLINOIS,4,66.7,0,187,55.2,42.2,72.2,0,1,36,39.1,37.6,95.8,1,2,1,126,0,0,1,189,38,101,0,1,88,165,23,232,1,291,406,49,1,371,6,103,109,351,293,451,459,20,1,2,24,37,5,38,2,19,55,7,True
Jameson Riggs,183224,C,GA TECH,2,100.0,0,176,51.9,76.8,48.0,0,1,64,100.0,100.0,99.2,1,1,0,126,126,0,0,126,71,71,0,0,55,0,180,1,1,221,86,227,1,90,139,2,3,110,110,80,1,146,142,18,3,146,138,138,21,6,147,16,True
Goose Crowder,144781,QB,TROY,4,42.5,0,318,60.7,,60.1,0,0,0,0.0,0.0,,0,0,0,125,0,0,0,294,0,158,0,0,125,0,6,75,1,155,,34,1,1,18,18,20,,1,1,1,8,1,1,1,6,20,25,1,1,8,2,True
Stylz Blackmon,194646,G,WISCONSIN,4,100.0,0,349,63.4,65.8,68.7,0,1,69,100.0,100.0,99.3,2,1,0,125,0,0,0,125,70,70,125,0,55,0,18,1,1,203,294,95,1,171,272,3,8,167,396,139,1,296,47,327,39,296,282,282,129,40,301,58,True
Jimothy Lewis Jr.,184758,T,CAL,3,100.0,1,130,62.0,61.7,64.4,2,3,66,100.0,100.0,96.2,2,5,0,125,0,1,0,125,73,73,0,124,52,0,278,1,434,262,292,191,429,276,273,2,6,361,348,312,1,285,4,16,315,285,270,270,38,141,296,156,True
Cole Dellinger,174045,G,E MICHIGAN,2,100.0,0,160,59.4,77.0,56.6,0,1,73,100.0,100.0,99.3,1,1,0,125,0,0,0,125,76,76,125,0,49,0,400,1,1,315,146,363,1,171,261,3,8,167,266,139,1,296,47,327,39,296,265,265,129,40,316,58,True
Isaiah Bullerdick,157966,G,CHARLOTTE,4,100.0,0,136,68.0,49.9,75.2,1,1,64,100.0,100.0,98.4,1,2,0,125,7,0,0,125,71,71,114,4,54,0,18,1,1,102,430,36,374,171,284,3,8,278,266,230,1,296,31,327,39,296,280,280,138,20,304,58,True
Rocco Conti,186412,HB,AIR FORCE,3,65.8,0,101,73.8,74.2,63.8,0,0,3,8.3,9.8,100.0,0,0,0,125,0,0,0,190,4,41,0,0,121,24,232,14,1,103,90,53,1,1,271,277,278,1,1,1,1,2,2,1,1,14,268,190,1,1,2,3,True
Will Thomas,127412,T,UNLV,4,100.0,1,325,44.5,47.7,50.7,2,2,72,100.0,100.0,94.4,2,6,2,124,0,0,107,124,75,75,0,17,49,0,16,1,434,469,406,444,429,218,266,2,6,436,348,356,431,286,4,28,145,286,265,265,38,252,299,156,True
Ryder Burton,175011,QB,UAB,4,47.7,0,321,67.1,,60.0,0,0,0,0.0,0.0,,0,0,0,124,0,0,0,260,0,122,0,0,124,0,6,44,1,125,,78,1,1,18,18,20,,1,1,1,9,1,1,1,36,20,76,1,1,9,2,True
Benji Blackburn,193238,TE,STANFORD,4,48.4,0,300,57.7,67.3,59.3,0,0,27,18.4,17.5,100.0,1,0,0,124,0,0,0,256,28,160,0,2,96,170,23,426,1,237,243,193,1,1,15,279,307,1,293,1,1,21,1,2,61,6,21,2,2,11,29,6,True
Lacota Dippre,172212,TE,FLORIDA,4,89.9,0,163,61.6,76.5,60.9,0,0,20,62.5,60.0,100.0,0,0,0,124,0,0,0,138,21,35,0,2,103,97,23,41,1,173,23,176,1,1,42,25,28,1,1,1,1,21,1,2,61,117,41,251,2,11,21,97,True
Jackson Verdugo,198398,TE,FIU,4,64.4,0,166,47.1,59.8,39.7,1,1,30,32.3,30.6,96.7,0,2,0,123,0,0,3,191,30,98,0,1,93,143,23,254,1,416,324,465,448,371,10,146,158,333,1,451,1,23,1,2,11,32,15,48,2,19,39,17,True
TK Keyes,191242,WR,TROY,4,47.1,0,318,61.0,,57.9,0,0,0,0.0,0.0,,1,0,0,123,0,0,0,261,0,138,0,0,123,3,38,277,1,480,,523,1,1,76,76,80,,550,1,1,12,1,2,5,16,80,44,1,5,12,48,True
TreyShun Hurry,159085,WR,LOUISVILLE,4,47.9,0,210,64.6,,69.4,0,0,0,0.0,0.0,,0,0,0,123,0,0,0,257,0,134,0,0,123,0,38,262,1,354,,117,1,1,76,76,80,,1,1,1,12,1,2,5,20,80,51,1,5,12,213,True
Aidan Banfield,183324,G,N CAROLINA,3,100.0,0,245,63.4,47.7,65.9,0,2,69,100.0,100.0,97.1,0,3,1,123,0,0,0,123,69,69,123,0,54,0,284,1,1,203,439,140,1,295,272,3,8,418,1,319,399,299,47,327,39,299,285,285,131,40,304,58,True
Jordon Harris,175904,TE,MISSOURI,4,89.8,0,229,47.7,61.1,51.8,0,1,22,62.9,62.2,97.7,2,1,0,123,0,0,0,137,23,37,0,1,100,103,23,42,1,408,314,333,1,371,30,24,27,311,439,329,1,23,1,2,61,121,35,242,2,19,25,82,True
Everett Hunter,171557,TE,S ALABAMA,4,79.7,0,288,54.2,52.0,60.3,0,1,21,42.9,41.5,97.6,1,1,0,122,0,0,0,153,22,53,0,0,100,125,23,105,1,312,367,180,1,371,37,72,90,314,293,329,1,25,1,2,61,88,39,172,2,62,25,44,True
Leon Haughton Jr.,162793,TE,DOMINION,4,57.0,0,263,68.7,79.8,57.4,0,0,19,18.6,17.9,100.0,0,0,0,122,0,0,0,214,20,112,0,0,102,92,23,346,1,85,7,223,1,1,48,274,300,1,1,1,1,25,1,2,61,17,53,23,2,62,23,115,True
Anthony Colandrea,170131,QB,NEBRASKA,4,47.7,0,238,91.3,,60.0,0,0,0,0.0,0.0,,1,0,0,122,0,0,0,256,0,121,0,0,122,0,6,44,1,8,,78,1,1,18,18,20,,110,1,1,10,1,1,1,42,20,80,1,1,10,2,True
Kadin Lynch,159224,G,UTAH ST,4,100.0,0,329,60.3,66.2,56.5,0,2,75,100.0,100.0,98.7,0,2,0,122,0,30,0,122,83,83,92,0,39,0,18,1,1,298,290,368,1,295,254,3,8,239,1,230,1,300,47,226,39,300,246,246,155,40,341,58,True
Zach Greenberg,190848,C,JAMES MAD,3,100.0,0,197,68.0,49.8,68.7,1,0,54,100.0,100.0,97.2,0,2,1,122,122,0,0,122,57,57,0,0,65,0,126,1,1,75,212,57,179,1,145,2,3,210,1,120,198,147,143,18,3,147,145,145,21,6,138,16,True
Drew Mestemaker,190616,QB,OKLA STATE,4,42.1,0,262,83.1,,60.0,0,0,0,0.0,0.0,,1,0,0,122,0,0,0,290,0,159,0,0,122,0,6,80,1,42,,78,1,1,18,18,20,,110,1,1,10,1,1,1,9,20,22,1,1,10,2,True
Ka'Morreun Pimpton,172490,TE,TCU,4,64.6,0,305,58.9,73.6,45.0,0,0,27,29.0,28.7,100.0,2,0,0,122,0,0,0,189,27,94,0,0,95,118,23,252,1,218,77,422,1,1,15,169,168,1,439,1,1,25,1,2,61,37,22,56,2,62,34,58,True
Simione Pale,176626,G,STANFORD,2,100.0,0,300,46.0,49.0,41.1,0,2,65,100.0,100.0,98.5,1,2,0,122,0,0,0,122,72,72,122,0,50,0,400,1,1,499,433,511,1,295,282,3,8,271,266,230,1,300,47,327,39,300,274,274,133,40,312,58,True
Jayce Freeman,164607,WR,TEMPLE,4,54.0,0,306,62.2,,75.4,0,0,0,0.0,0.0,,0,0,0,122,0,0,0,226,0,104,0,0,122,0,38,147,1,433,,42,1,1,76,76,80,,1,1,1,14,1,2,5,50,80,163,1,5,14,213,True
Xavier Allen,171945,T,MEMPHIS,4,100.0,0,218,65.6,50.8,72.3,1,4,54,100.0,100.0,93.5,3,6,1,121,0,0,117,121,60,60,0,0,61,3,16,1,1,184,386,78,303,332,299,2,6,457,425,356,333,287,4,28,138,287,293,293,38,301,275,43,True
William Johnson III,215194,G,KENT STATE,2,100.0,0,201,45.3,28.8,49.1,1,4,62,100.0,100.0,96.0,1,5,0,121,0,0,0,121,65,65,121,0,56,0,400,1,1,504,490,478,374,429,291,3,8,460,266,415,1,302,47,327,39,302,292,292,134,40,297,58,True
Brayden Walton,198457,T,FRESNO ST,3,100.0,0,169,54.2,54.3,52.9,3,2,55,100.0,100.0,95.5,0,5,0,121,0,1,120,121,60,60,0,0,61,0,278,1,1,399,360,421,470,218,295,2,6,400,1,312,1,287,4,16,137,287,293,293,38,301,275,156,True
Avion McBride,156691,TE,GA STATE,4,81.2,0,175,59.6,77.5,53.5,0,0,19,42.2,41.7,100.0,1,0,0,121,0,0,1,149,20,48,1,0,101,126,23,93,1,206,12,307,1,1,48,81,85,1,293,1,1,28,1,2,24,95,53,190,1,62,24,40,True
Danzel Newell,218648,T,NEW MEXICO,4,100.0,1,241,52.3,28.6,58.5,2,0,47,100.0,100.0,97.9,2,2,0,121,0,0,99,121,50,50,0,21,71,1,16,1,434,419,467,307,429,1,309,2,6,222,348,178,1,287,4,28,148,287,310,310,38,237,251,95,True
Tray Franklin,165441,G,COAST CAR,3,100.0,0,141,61.4,50.5,63.3,0,5,71,100.0,100.0,96.5,0,5,0,121,0,0,0,121,77,77,121,0,44,0,284,1,1,262,428,188,1,459,265,3,8,439,1,415,1,302,47,327,39,302,263,263,134,40,327,58,True
Jack Pedersen,162462,TE,WASH STATE,4,53.6,0,341,46.7,61.7,50.8,0,0,27,21.8,22.4,100.0,3,0,0,120,0,0,4,224,30,134,0,0,90,131,23,381,1,423,312,347,1,1,15,240,241,1,477,1,1,29,1,2,9,12,15,10,2,62,49,29,True
Chevy Trask,125343,T,N ILLINOIS,3,100.0,0,254,59.5,58.6,63.2,0,1,85,100.0,100.0,95.9,1,4,3,120,0,0,20,120,85,85,0,100,35,0,278,1,1,313,323,213,1,145,239,2,6,382,232,270,475,290,4,28,238,290,248,248,38,152,339,156,True
Will Hammond,184898,QB,TEXAS TECH,4,45.9,0,315,66.0,,60.6,0,0,0,0.0,0.0,,0,0,0,119,0,0,0,259,0,135,0,0,119,0,6,53,1,131,,4,1,1,18,18,20,,1,1,1,12,1,1,1,38,20,53,1,1,12,2,True
Dominique Henry,163249,WR,FAU,4,43.3,0,165,65.4,,48.5,0,0,0,0.0,0.0,,1,0,0,119,0,0,0,275,0,156,0,0,119,0,38,406,1,324,,687,1,1,76,76,80,,550,1,1,15,1,2,5,8,80,12,1,5,15,213,True
Ty Stamey,176363,TE,TEXAS ST,4,73.5,0,314,44.8,71.5,42.0,0,0,16,28.1,27.1,100.0,0,0,0,119,0,0,1,162,16,59,0,1,103,106,23,166,1,440,142,456,1,1,81,174,185,1,1,1,1,30,1,2,24,71,93,147,2,19,21,76,True
Chris Dawn Jr.,172326,WR,TEXAS ST,4,54.1,0,314,71.7,,56.9,0,0,0,0.0,0.0,,0,0,0,119,0,0,0,220,0,101,0,0,119,1,38,144,1,148,,548,1,1,76,76,80,,1,1,1,15,1,2,5,60,80,186,1,5,15,112,True
Hunter Tipton,183948,TE,MEMPHIS,4,65.4,0,218,74.8,65.4,49.4,0,1,24,29.3,29.2,97.9,0,1,0,119,0,0,0,182,26,89,0,0,93,35,23,241,1,35,272,374,1,371,27,166,165,309,1,329,1,30,1,2,61,42,26,67,2,62,39,335,True
Justin Bowick,159603,WR,OKLA STATE,4,44.4,0,262,75.2,,70.9,0,0,0,0.0,0.0,,1,0,0,119,0,0,1,268,0,149,0,0,119,0,38,368,1,89,,92,1,1,76,76,80,,550,1,1,15,1,2,2,11,80,20,1,5,15,213,True
Brad Jackson,184354,QB,TEXAS ST,4,47.6,0,314,81.8,,60.2,0,0,0,0.0,0.0,,0,0,0,119,0,0,0,250,0,112,0,0,119,0,6,46,1,48,,20,1,1,18,18,20,,1,1,1,12,1,1,1,54,20,92,1,1,12,2,True
Jaylen Gilchrist,198727,T,MARYLAND,4,100.0,0,215,58.1,63.8,54.5,1,2,55,100.0,100.0,97.3,1,3,0,118,0,0,0,118,60,60,0,115,58,3,16,1,1,333,278,398,303,218,295,2,6,289,232,224,1,291,4,28,315,291,293,293,38,145,283,43,True
Zeke Moore,169916,TE,BOSTON COL,4,63.4,0,121,55.3,72.4,62.2,0,1,18,21.7,24.4,97.2,1,1,0,118,0,0,1,186,22,90,0,0,96,129,23,263,1,287,116,161,1,371,56,242,212,320,293,329,1,32,1,2,24,41,39,64,2,62,29,34,True
Jamari Person,173472,WR,LIBERTY,4,54.6,2,206,58.9,,67.2,0,0,0,0.0,0.0,,2,0,0,118,0,0,0,216,0,98,0,0,118,0,38,140,793,545,,157,1,1,76,76,80,,743,1,1,18,1,2,5,68,80,200,1,5,18,213,True
Kenny Minchey,171091,QB,KENTUCKY,4,48.6,0,202,56.2,,60.1,0,0,0,0.0,0.0,,0,0,0,118,0,0,0,243,0,117,0,0,118,0,6,37,1,175,,34,1,1,18,18,20,,1,1,1,14,1,1,1,63,20,86,1,1,14,2,True
Charlie Williams,174084,TE,COLORADO,3,69.8,0,143,43.9,68.7,34.8,0,0,29,37.7,37.8,100.0,0,0,0,118,0,0,0,169,31,82,0,0,87,101,353,206,1,448,212,480,1,1,13,108,108,1,1,1,1,32,1,2,61,59,13,83,2,62,58,88,True
Cash Cheeks,176808,TE,UTEP,4,60.8,0,330,55.4,80.4,46.3,0,0,22,23.4,24.8,100.0,0,0,0,118,0,0,0,194,25,101,0,0,93,55,23,297,1,285,5,408,1,1,30,224,207,1,1,1,1,32,1,2,61,28,29,38,2,62,39,237,True
Darrin Fugitt,154203,TE,APP STATE,4,61.3,0,108,65.4,74.5,44.9,0,0,21,23.6,22.1,100.0,2,0,0,117,0,0,2,191,21,95,0,0,96,145,23,288,1,120,55,424,1,1,37,221,247,1,439,1,1,35,1,2,17,32,41,54,2,62,29,16,True
Greg Nunnery,184781,G,SO MISS,3,100.0,0,296,56.0,29.5,60.5,5,2,64,100.0,100.0,93.0,0,8,1,117,0,117,0,117,70,70,0,0,47,0,284,1,1,403,489,251,511,295,284,3,8,493,1,489,399,304,47,149,39,304,282,282,322,40,319,58,True
Daniel Michel,175560,T,JAMES MAD,4,100.0,1,197,60.3,75.7,56.4,1,1,59,100.0,100.0,98.3,2,2,0,116,0,0,81,116,63,63,0,34,53,0,16,1,434,299,122,360,303,145,288,2,6,191,348,178,1,292,4,28,156,292,289,289,38,208,294,156,True
Julian Lewis,198304,QB,COLORADO,4,49.4,0,143,53.8,62.2,60.0,0,0,1,0.9,0.9,100.0,0,0,0,116,0,0,0,235,1,115,0,0,115,0,6,34,1,177,1,78,1,1,1,9,7,1,1,1,1,15,1,1,1,73,1,88,1,1,15,2,True
Tyler Meadows,198649,T,KENT STATE,2,100.0,0,201,54.3,48.0,55.5,1,3,59,100.0,100.0,96.6,0,4,0,116,0,0,111,116,62,62,0,5,54,0,379,1,1,396,403,378,303,276,288,2,6,343,1,270,1,292,4,28,143,292,290,290,38,282,291,156,True
Olsen Patt-Henry,170022,TE,CLEMSON,4,62.0,0,140,60.9,58.5,65.6,1,0,17,20.5,22.8,97.1,0,1,0,116,0,0,0,187,21,92,0,0,95,128,23,279,1,186,329,117,448,1,70,255,238,324,1,329,1,36,1,2,61,39,41,61,2,62,34,36,True
Gary Givens III,189126,WR,NEVADA,4,48.1,0,239,54.2,,46.7,0,0,0,0.0,0.0,,1,0,0,116,0,0,0,241,0,125,0,0,116,0,38,258,1,692,,714,1,1,76,76,80,,550,1,1,19,1,2,5,28,80,86,1,5,19,213,True
Jamin Guilbert,214703,G,SACRAMENTO,4,100.0,0,279,53.3,80.1,47.2,0,0,45,100.0,100.0,100.0,0,0,0,116,0,78,20,116,48,48,0,0,68,18,18,1,1,437,93,488,1,1,331,3,8,1,1,1,1,305,47,171,9,305,328,328,322,40,263,3,True
Kayden Dixon-Wyatt,214658,WR,USC,5,48.1,0,326,78.9,,60.7,0,0,0,0.0,0.0,,1,0,0,116,0,0,0,241,0,125,0,0,116,3,1,258,1,46,,380,1,1,76,76,80,,550,1,1,19,1,2,5,28,80,86,1,5,19,48,True
Tate Hoover,204720,TE,BALL ST,4,64.8,0,117,57.5,50.3,54.7,0,2,29,32.2,34.4,96.6,0,2,0,116,0,0,0,179,33,96,0,0,83,140,23,250,1,241,376,276,1,470,13,148,125,338,1,451,1,36,1,2,61,48,8,52,2,62,67,18,True
Lawayne McCoy,183307,WR,LOUISVILLE,4,48.5,0,210,75.1,,66.7,0,0,0,0.0,0.0,,0,0,0,115,0,0,0,237,0,122,0,0,115,0,38,249,1,90,,164,1,1,76,76,80,,1,1,1,21,1,2,5,35,80,96,1,5,21,213,True
Cade Keith,189710,TE,NEW MEXICO,4,54.8,0,241,66.2,66.6,51.6,0,1,11,11.7,10.4,95.5,1,1,0,115,0,0,0,210,11,106,0,0,104,134,23,373,1,108,256,336,1,371,148,390,406,360,293,329,1,38,1,2,61,18,166,31,2,62,20,24,True
Gavin Freeman,158078,WR,BAYLOR,4,42.3,0,118,76.2,,52.4,0,0,0,0.0,0.0,,4,0,0,115,0,0,0,272,0,157,0,0,115,1,38,436,1,77,,626,1,1,76,76,80,,792,1,1,21,1,2,5,9,80,11,1,5,21,112,True
Bryce Anderson,198735,TE,LA MONROE,4,60.5,0,209,47.3,61.9,41.6,0,0,18,19.8,19.4,94.4,1,1,1,115,0,0,0,190,18,93,0,0,97,95,23,301,1,413,308,458,1,1,56,270,286,377,293,329,459,38,1,2,61,35,71,59,2,62,27,101,True
Lamont Rogers,200289,T,TEXAS A&M,4,100.0,0,312,67.2,59.0,77.5,0,5,63,100.0,100.0,96.0,3,5,0,115,0,0,14,115,66,66,0,101,49,0,16,1,1,152,318,30,1,388,280,2,6,378,425,312,1,294,4,28,266,294,280,280,38,151,299,156,True
Job Mavrick,215200,C,OHIO,4,100.0,0,259,72.2,67.2,69.8,0,1,56,100.0,100.0,97.3,0,2,1,115,115,0,0,115,59,59,0,0,56,0,7,1,1,39,163,44,1,90,144,2,3,206,1,120,198,148,145,18,3,148,144,144,21,6,146,16,True
Austin Simmons,175891,QB,MISSOURI,4,48.3,0,229,83.0,62.2,60.1,0,0,1,0.9,0.8,100.0,1,0,0,115,0,0,0,238,1,119,0,0,114,0,6,38,1,43,1,34,1,1,1,9,10,1,110,1,1,16,1,1,1,69,1,83,1,1,16,2,True
Andrew Sprague,190841,T,MICHIGAN,2,99.1,0,222,61.5,53.5,62.4,1,1,44,97.8,98.0,97.7,0,2,0,114,0,0,1,115,48,49,0,111,66,3,379,487,1,272,363,229,303,145,313,486,486,244,1,178,1,295,4,28,302,294,314,313,38,146,260,43,True
Ekene Ogboko,217048,T,GEORGIA,4,100.0,0,173,69.3,60.5,73.7,0,2,57,100.0,100.0,98.2,1,2,0,114,0,0,33,114,59,59,0,79,55,1,16,1,1,126,302,62,1,218,293,2,6,200,232,178,1,295,4,28,208,296,297,297,38,166,289,95,True
Champ Westbrooks,183755,T,ARIZONA ST,3,100.0,0,110,53.0,57.1,58.5,1,3,54,100.0,100.0,94.4,2,5,1,114,0,0,114,114,57,57,0,0,57,0,278,1,1,411,336,307,303,276,299,2,6,436,348,312,333,295,4,28,139,296,299,299,38,301,285,156,True
Cole Keller,200804,TE,JAMES MAD,4,62.1,0,197,75.0,63.0,69.1,0,1,18,21.7,21.6,97.2,0,1,0,113,0,0,0,182,19,88,0,0,94,131,23,276,1,33,299,78,1,371,56,242,252,320,1,329,1,40,1,2,61,42,64,70,2,62,37,29,True
Nathan Hayes,162204,QB,N DAK ST,4,48.7,0,250,80.5,,60.0,0,0,0,0.0,0.0,,1,0,0,113,0,0,0,232,0,105,0,0,113,0,6,35,1,53,,78,1,1,18,18,20,,110,1,1,17,1,1,1,79,20,105,1,1,17,2,True
Justin DeLeon,172327,G,TEXAS ST,4,100.0,0,314,64.8,81.8,64.3,0,0,47,100.0,100.0,100.0,1,0,0,113,0,2,0,113,49,49,111,0,64,0,18,1,1,169,71,171,1,1,328,3,8,1,266,1,1,306,47,314,39,306,325,325,139,40,275,58,True
Toriyan Johnson,171051,T,COLO STATE,3,100.0,0,144,44.9,39.5,46.9,1,2,64,100.0,100.0,97.7,1,3,0,113,0,0,112,113,68,68,0,0,45,1,278,1,1,466,433,477,303,218,279,2,6,244,232,224,1,298,4,28,141,298,278,278,38,301,310,95,True
Mason Mini,175102,TE,CAL,4,45.9,0,130,58.1,48.2,53.7,0,1,18,12.8,13.8,91.7,2,2,1,113,0,0,0,246,21,152,0,0,92,120,23,438,1,231,383,303,1,371,56,374,363,411,439,451,459,40,1,2,61,8,41,5,2,62,45,47,True
Brandon Nazworth,204595,T,AIR FORCE,3,100.0,0,101,73.0,33.0,75.1,3,1,24,100.0,100.0,91.7,0,4,0,113,0,0,102,113,28,28,0,6,85,5,278,1,1,73,457,48,470,145,353,2,6,481,1,270,1,298,4,28,147,298,350,350,38,279,218,27,True
T.J. Moore,189369,WR,CLEMSON,4,45.6,0,140,65.4,,66.3,0,0,0,0.0,0.0,,0,0,0,113,0,0,0,248,0,135,0,0,113,1,38,328,1,324,,172,1,1,76,76,80,,1,1,1,23,1,2,5,24,80,48,1,5,23,112,True
Louis Brown IV,163319,WR,BAYLOR,4,44.5,0,118,61.8,,69.5,0,0,0,0.0,0.0,,1,0,0,113,0,0,0,254,0,141,0,0,113,0,38,365,1,447,,115,1,1,76,76,80,,550,1,1,23,1,2,5,21,80,35,1,5,23,213,True
Duce Robinson,176642,WR,FLORIDA ST,4,47.1,0,167,70.9,63.1,59.3,0,0,1,0.8,0.8,100.0,1,0,0,112,0,0,0,238,1,127,0,0,111,0,38,277,1,165,43,470,1,1,14,62,63,1,550,1,1,25,1,2,5,33,16,72,1,5,26,213,True
Jayden Denegal,158533,QB,S DIEGO ST,4,45.3,0,284,48.6,,60.0,0,0,0,0.0,0.0,,1,0,0,112,0,0,0,247,0,129,0,0,112,0,6,57,1,189,,78,1,1,18,18,20,,110,1,1,18,1,1,1,58,20,63,1,1,18,2,True
Chimdia Nwaiwu,178184,T,FLORIDA ST,3,100.0,0,167,63.0,56.6,63.3,1,2,53,100.0,100.0,93.4,0,5,2,112,0,0,0,112,54,54,0,110,58,2,278,1,1,236,341,210,303,218,303,2,6,461,1,312,431,300,4,28,315,300,304,304,38,148,283,59,True
Chas Nimrod,157617,WR,AUBURN,4,41.9,0,115,60.3,,53.7,0,0,0,0.0,0.0,,0,0,0,112,0,0,0,267,0,155,0,0,112,5,38,448,1,503,,600,1,1,76,76,80,,1,1,1,25,1,2,5,12,80,16,1,5,25,25,True
Marcus Mascoll,190276,T,GA STATE,4,100.0,0,175,65.2,69.8,60.4,1,3,63,100.0,100.0,96.8,0,4,0,112,0,0,1,112,66,66,0,111,46,0,16,1,1,192,197,273,303,276,280,2,6,330,1,270,1,300,4,28,302,300,280,280,38,146,308,156,True
Michael Wooten,157250,T,USF,2,100.0,0,327,58.8,42.1,62.9,0,1,54,100.0,100.0,97.2,0,2,1,112,0,0,112,112,55,55,0,0,57,0,379,1,1,325,427,219,1,145,299,2,6,298,1,178,333,300,4,28,141,300,302,302,38,301,285,156,True
Luke Baklenko,176606,T,ARIZONA ST,3,100.0,0,110,50.1,34.8,55.4,0,5,63,100.0,100.0,92.9,0,7,2,112,0,0,85,112,65,65,0,27,47,0,278,1,1,442,452,381,1,388,280,2,6,471,1,395,431,300,4,28,153,300,284,284,38,221,305,156,True
Noah Kim,129623,QB,E MICHIGAN,5,34.9,0,160,58.5,,60.1,0,0,0,0.0,0.0,,2,0,0,112,0,0,0,321,0,198,0,0,112,0,1,153,1,167,,34,1,1,18,18,20,,167,1,1,18,1,1,1,2,20,2,1,1,18,2,True
Arch Manning,173162,QB,TEXAS,4,42.3,0,311,74.8,,60.0,0,0,0,0.0,0.0,,4,0,0,112,0,0,0,265,0,149,0,0,112,0,6,78,1,82,,78,1,1,18,18,20,,196,1,1,18,1,1,1,25,20,39,1,1,18,2,True
Hunter Provience,176776,TE,NC STATE,4,68.1,0,248,58.8,61.0,56.1,0,0,15,24.2,24.6,100.0,0,0,0,111,0,0,1,163,17,69,0,0,94,140,23,221,1,219,318,248,1,1,89,213,210,1,1,1,1,42,1,2,24,70,82,121,2,62,37,18,True
KJ Duff,184654,WR,RUTGERS,4,44.2,0,278,85.4,,68.6,0,0,0,0.0,0.0,,1,0,0,111,0,0,0,251,0,140,0,0,111,0,38,379,1,17,,137,1,1,76,76,80,,550,1,1,27,1,2,5,23,80,38,1,5,26,213,True
Josh Hoover,127148,QB,INDIANA,4,52.4,0,190,81.5,,60.0,0,0,0,0.0,0.0,,0,0,0,111,0,0,0,212,0,96,0,0,111,0,6,25,1,49,,78,1,1,18,18,20,,1,1,1,21,1,1,1,97,20,114,1,1,21,2,True
Logan Blake,170307,TE,RUTGERS,4,61.3,0,278,65.3,73.0,77.6,0,0,16,20.0,18.6,100.0,0,0,0,111,0,0,0,181,16,86,0,0,95,174,23,288,1,123,91,18,1,1,81,258,290,1,1,1,1,42,1,2,61,45,93,73,2,62,34,4,True
Eli Jacon-Duffy,191009,TE,BOWL GREEN,4,57.5,0,122,56.0,76.1,40.8,0,0,14,15.1,15.5,100.0,1,0,0,111,0,0,0,193,15,97,0,0,96,118,23,339,1,270,29,461,1,1,101,337,336,1,293,1,1,42,1,2,61,31,109,49,2,62,29,58,True
Michael Leville Watkins,183642,G,S DIEGO ST,3,100.0,0,284,74.1,76.8,73.0,0,1,38,100.0,100.0,98.7,0,1,0,111,0,0,0,111,47,47,109,2,64,0,284,1,1,39,151,52,1,171,342,3,8,239,1,139,1,307,47,327,39,307,331,331,142,30,275,58,True
Andrew Marsh,198804,WR,MICHIGAN,4,51.2,0,222,74.2,,62.5,0,0,0,0.0,0.0,,1,0,0,110,0,0,0,215,0,103,0,0,110,0,38,188,1,111,,243,1,1,76,76,80,,550,1,1,28,1,2,5,72,80,172,1,5,28,213,True
Anthony Evans III,173530,WR,MISS STATE,4,42.5,0,227,78.4,,54.3,0,0,0,0.0,0.0,,2,0,0,110,0,0,0,259,0,147,0,0,110,6,38,430,1,50,,588,1,1,76,76,80,,743,1,1,28,1,2,5,18,80,21,1,5,28,16,True
Cash Cleveland,190781,G,TEXAS TECH,3,100.0,0,315,55.0,82.3,50.3,1,0,57,100.0,100.0,99.1,2,1,0,110,0,102,5,110,59,59,3,0,51,0,284,1,1,416,57,464,374,1,298,3,8,189,396,139,1,308,47,159,23,308,300,300,302,40,311,58,True
Hayden Hansen,157727,TE,OKLAHOMA,4,71.4,0,261,61.5,76.3,62.9,0,0,31,43.7,42.1,100.0,0,0,0,110,0,0,0,154,32,76,0,1,78,119,23,191,1,177,27,155,1,1,8,70,81,1,1,1,1,45,1,2,61,85,10,95,2,19,80,55,True
Jaden Craig,159342,QB,TCU,4,40.9,0,305,79.1,,60.0,0,0,0,0.0,0.0,,1,0,0,110,0,0,0,269,0,154,0,0,110,0,6,94,1,57,,78,1,1,18,18,20,,110,1,1,22,1,1,1,18,20,30,1,1,22,2,True
Cameran Brown,184894,QB,GA STATE,4,42.8,0,175,86.1,62.2,60.1,0,0,1,0.8,0.8,100.0,1,0,0,110,0,0,0,257,1,126,0,0,109,0,6,74,1,26,1,34,1,1,1,12,10,1,110,1,1,22,1,1,1,40,1,68,1,1,25,2,True
Cecil Wilson,171268,G,KENT STATE,3,100.0,0,201,53.8,64.1,53.4,0,0,48,100.0,100.0,100.0,3,0,0,110,0,7,0,110,50,50,103,0,60,0,284,1,1,431,316,419,1,1,322,3,8,1,467,1,1,308,47,296,39,308,323,323,149,40,285,58,True
Luke Hasz,125950,TE,OLE MISS,4,56.7,0,226,59.6,76.5,61.1,0,1,26,24.5,24.3,98.1,1,1,0,110,0,0,0,194,27,111,0,0,83,97,23,350,1,206,23,173,1,371,22,212,214,308,293,329,1,45,1,2,61,28,22,24,2,62,67,97,True
Preston Douglas,198976,TE,NC STATE,4,61.5,0,248,64.2,55.0,44.7,0,1,14,17.5,19.8,96.4,1,1,0,110,0,0,0,179,17,86,0,0,93,130,23,286,1,142,347,427,1,371,101,298,284,339,293,329,1,45,1,2,61,48,82,73,2,62,39,31,True
Ethan Grunkemeyer,183606,QB,VA TECH,4,39.7,0,337,76.7,,60.2,0,0,0,0.0,0.0,,2,0,0,110,0,0,0,277,0,153,0,0,110,0,6,110,1,75,,20,1,1,18,18,20,,167,1,1,22,1,1,1,14,20,31,1,1,22,2,True
Keelon Russell,198077,QB,ALABAMA,4,40.9,0,103,91.9,,60.2,0,0,0,0.0,0.0,,4,0,0,110,0,0,0,269,0,146,0,0,110,0,6,94,1,3,,20,1,1,18,18,20,,196,1,1,22,1,1,1,18,20,45,1,1,22,2,True
Dom Dorwart,184115,WR,OHIO,4,47.4,0,259,61.8,,61.0,0,0,0,0.0,0.0,,0,0,0,110,0,0,0,232,0,121,0,0,110,0,38,272,1,447,,352,1,1,76,76,80,,1,1,1,28,1,2,5,41,80,99,1,5,28,213,True
Kevin Jennings,158272,QB,SMU,4,40.8,0,287,86.8,,60.1,0,0,0,0.0,0.0,,0,0,0,109,0,0,0,267,0,152,0,0,109,0,6,98,1,22,,34,1,1,18,18,20,,1,1,1,26,1,1,1,22,20,33,1,1,25,2,True
Braylen Walker,163008,WR,RICE,4,61.6,0,275,53.0,,66.2,0,0,0,0.0,0.0,,0,0,0,109,0,0,0,177,0,68,0,0,109,0,38,86,1,721,,173,1,1,76,76,80,,1,1,1,31,1,2,5,172,80,378,1,5,31,213,True
Nathan Elwood,186416,T,AIR FORCE,3,100.0,0,101,55.8,47.9,56.0,0,2,22,100.0,100.0,95.5,0,2,0,109,0,0,104,109,23,23,0,0,86,5,278,1,1,367,405,368,1,218,361,2,6,400,1,178,1,304,4,28,146,304,364,364,38,301,215,27,True
Faizon Brandon,215605,QB,TENNESSEE,4,41.8,0,307,58.5,,60.0,0,0,0,0.0,0.0,,0,0,0,109,0,0,0,261,0,141,0,0,109,0,6,83,1,167,,78,1,1,18,18,20,,1,1,1,26,1,1,1,35,20,49,1,1,25,2,True
Alberto Mendoza,188673,QB,GA TECH,4,41.1,0,176,78.1,,60.1,0,0,0,0.0,0.0,,1,0,0,109,0,0,0,265,0,151,0,0,109,0,6,93,1,65,,34,1,1,18,18,20,,110,1,1,26,1,1,1,25,20,34,1,1,25,2,True
Kyle Sfarcioc,147834,G,BYU,2,100.0,0,128,65.7,53.4,70.2,0,1,51,100.0,100.0,99.0,2,1,0,108,3,0,0,108,52,52,105,0,56,0,400,1,1,159,406,72,1,171,315,3,8,199,396,139,1,310,38,327,39,310,318,318,145,40,297,58,True
Bryant Wesco Jr.,183206,WR,CLEMSON,4,44.4,0,140,60.1,60.9,64.2,0,0,1,0.8,0.7,100.0,0,0,0,108,0,0,1,243,1,134,0,0,107,0,38,368,1,508,73,203,1,1,14,62,73,1,1,1,1,32,1,2,2,25,16,51,1,5,33,213,True
Alessio Milivojevic,183542,QB,MICH STATE,4,44.6,0,223,71.0,,60.3,0,0,0,0.0,0.0,,0,0,0,108,0,0,0,242,0,129,0,0,108,0,6,60,1,104,,10,1,1,18,18,20,,1,1,1,29,1,1,1,65,20,63,1,1,29,2,True
Josiah Petaia,200051,G,WYOMING,4,100.0,0,351,58.2,41.5,59.6,0,2,51,100.0,100.0,98.0,0,2,0,108,0,46,0,108,52,52,62,0,56,0,18,1,1,354,465,268,1,295,315,3,8,335,1,230,1,310,47,196,39,310,318,318,177,40,297,58,True
Kwazi Gilmer,184979,WR,NEBRASKA,4,48.4,0,238,70.5,67.7,69.3,0,0,2,1.7,1.7,100.0,1,0,0,108,0,0,0,223,2,117,0,0,106,0,38,252,1,185,13,120,1,1,5,25,24,1,550,1,1,32,1,2,5,55,5,116,1,5,35,213,True
Everett Small,184060,T,RUTGERS,4,100.0,0,278,56.0,34.8,62.3,0,2,54,100.0,100.0,98.1,0,2,0,108,0,0,90,108,57,57,0,15,51,0,16,1,1,364,452,230,1,218,299,2,6,208,1,178,1,305,4,28,150,305,299,299,38,260,297,156,True
Justin Stevenson,174828,WR,N TEXAS,5,44.4,0,251,72.5,,69.7,0,0,0,0.0,0.0,,1,0,0,108,0,0,0,243,0,135,0,0,108,0,1,368,1,132,,110,1,1,76,76,80,,550,1,1,32,1,2,5,25,80,48,1,5,32,213,True
Matthew Klopfenstein,174633,TE,BAYLOR,4,62.8,0,118,45.2,72.9,46.1,0,0,21,26.6,28.1,95.2,0,1,1,108,0,0,0,172,25,89,0,0,83,120,23,269,1,437,94,410,1,1,37,189,174,368,1,329,459,48,1,2,61,55,29,67,2,62,67,47,True
Keiton Jones,198891,G,KANSAS ST,3,100.0,0,199,62.1,61.0,64.7,1,1,53,100.0,100.0,98.1,1,2,0,107,0,0,0,107,53,53,106,0,54,0,284,1,1,237,347,162,374,171,309,3,8,316,266,230,1,312,47,327,39,312,314,314,143,40,304,58,True
Antonio Ferguson,175189,TE,UAB,4,69.5,0,321,49.6,62.2,54.0,1,0,21,32.3,30.9,97.6,1,1,0,107,0,0,1,154,21,68,0,1,86,120,23,209,1,386,305,295,448,1,37,146,155,314,293,329,1,49,1,2,24,85,41,124,2,19,61,47,True
Oran Singleton Jr.,145589,WR,TULSA,5,39.3,0,320,66.4,,59.7,0,0,0,0.0,0.0,,0,0,0,107,0,0,0,272,0,158,0,0,107,0,1,532,1,288,,450,1,1,76,76,80,,1,1,1,35,1,2,5,9,80,9,1,5,33,213,True
Jonathan Gould,203956,T,AKRON,4,100.0,0,102,47.5,33.5,53.6,0,8,62,100.0,100.0,93.5,0,8,0,107,0,0,38,107,64,64,0,69,43,0,16,1,1,454,456,407,1,467,284,2,6,457,1,427,1,306,4,28,196,306,287,287,38,174,316,156,True
Damien Morgan,186190,WR,NEVADA,4,46.1,0,239,61.0,74.3,67.7,0,0,1,0.8,1.6,100.0,0,0,0,107,0,0,0,232,2,127,0,0,105,0,38,308,1,480,3,152,1,1,14,62,26,1,1,1,1,35,1,2,5,41,5,72,1,5,37,213,True
Onterrio Smith Jr.,170782,WR,SACRAMENTO,5,36.6,0,279,69.2,61.0,62.8,0,0,1,0.6,0.5,100.0,2,0,0,107,0,0,0,292,1,186,0,0,106,0,1,631,1,215,64,229,1,1,14,75,79,1,743,1,1,35,1,2,5,3,16,1,1,5,35,213,True
Ben Grice,190948,TE,RICE,4,58.6,0,275,55.7,67.3,46.7,0,0,1,1.6,1.5,100.0,0,0,0,106,0,0,0,181,1,66,0,0,105,86,23,323,1,278,243,404,1,1,430,457,457,1,1,1,1,50,1,2,61,45,433,127,2,62,18,128,True
Nick Marsh,183541,WR,INDIANA,4,56.4,0,190,73.6,67.9,81.3,0,0,2,2.5,2.4,100.0,0,0,0,106,0,0,0,188,2,84,0,0,104,8,38,123,1,121,11,13,1,1,5,19,18,1,1,1,1,38,1,2,5,132,5,283,1,5,40,10,True
Amir Herring,174039,G,KANSAS,3,99.1,0,198,63.6,69.8,61.8,0,2,43,97.7,97.9,97.7,1,2,0,106,0,104,1,107,46,47,0,0,60,1,284,508,1,200,255,220,1,295,335,509,507,365,266,230,1,313,47,156,29,312,333,331,322,40,285,26,True
Adam Parks,175683,TE,W MICHIGAN,4,63.5,0,347,60.7,67.4,66.7,0,1,13,18.1,19.7,96.2,0,1,0,106,0,0,0,167,15,76,0,0,91,134,23,262,1,191,240,101,1,371,120,288,285,343,1,329,1,50,1,2,61,60,109,95,2,62,48,24,True
Brayden Loftin,157773,TE,UCLA,4,63.9,0,324,61.1,62.8,68.9,0,2,14,20.0,21.1,92.9,1,2,0,106,0,0,0,166,16,76,0,0,90,119,23,260,1,183,301,81,1,470,101,258,261,401,293,451,1,50,1,2,61,61,93,95,2,62,49,55,True
Henry Boyer,158199,TE,KENTUCKY,4,72.1,0,202,69.4,75.0,54.3,0,0,18,31.0,31.0,100.0,0,0,0,106,0,0,7,147,18,58,0,3,88,105,23,182,1,78,48,288,1,1,56,157,153,1,1,1,1,50,1,2,2,97,71,151,2,6,55,78,True
DeAnthony Sheffield,201647,G,SACRAMENTO,3,100.0,0,279,63.1,51.3,64.6,0,0,51,100.0,100.0,100.0,0,0,0,106,0,0,0,106,56,56,106,0,50,0,284,1,1,213,419,163,1,1,315,3,8,1,1,1,1,313,47,327,39,314,311,311,143,40,312,58,True
DJ Asiasi,205189,TE,NEVADA,4,66.3,0,239,51.4,43.4,54.8,0,0,14,21.5,22.9,92.9,1,1,1,106,0,0,0,160,16,70,0,0,90,122,23,236,1,363,404,274,1,1,101,246,233,401,293,329,459,50,1,2,61,77,93,118,2,62,49,46,True
CJ Carr,184093,QB,NOTRE DAME,4,48.2,0,258,91.5,,60.1,0,0,0,0.0,0.0,,1,0,0,105,0,0,0,218,0,105,0,0,105,0,6,40,1,6,,34,1,1,18,18,20,,110,1,1,30,1,1,1,91,20,105,1,1,30,2,True
Braylon Staley,184893,WR,TENNESSEE,4,43.6,0,307,62.1,,67.3,0,0,0,0.0,0.0,,0,0,0,105,0,0,0,241,0,136,0,0,105,0,38,395,1,438,,156,1,1,76,76,80,,1,1,1,39,1,2,5,28,80,47,1,5,37,213,True
Keshaun Singleton,175325,WR,AUBURN,4,40.4,0,115,68.4,,67.1,0,0,0,0.0,0.0,,0,0,0,105,0,0,0,260,0,155,0,0,105,2,38,491,1,232,,159,1,1,76,76,80,,1,1,1,39,1,2,5,17,80,16,1,5,37,73,True
Nico Iamaleava,174728,QB,UCLA,4,42.3,0,324,64.9,,60.5,0,0,0,0.0,0.0,,4,0,0,105,0,0,0,248,0,121,0,0,105,2,6,78,1,134,,5,1,1,18,18,20,,196,1,1,30,1,1,1,57,20,80,1,1,30,1,True
Deshawn Purdie,184271,QB,LIBERTY,4,47.3,0,206,75.2,62.2,60.0,0,0,1,1.0,1.0,100.0,2,0,0,104,0,0,0,220,1,105,0,0,103,0,6,48,1,80,1,78,1,1,1,6,5,1,167,1,1,32,1,1,1,88,1,105,1,1,32,2,True
Gavin Correia,198452,TE,FRESNO ST,4,61.2,0,169,58.3,72.2,56.1,0,0,7,9.9,10.8,100.0,0,0,0,104,0,0,0,170,8,74,0,0,96,126,23,290,1,228,123,248,1,1,245,406,401,1,1,1,1,55,1,2,61,58,244,102,2,62,29,40,True
Zion Ragins,188780,WR,MISS STATE,4,42.8,0,227,61.6,,55.1,0,0,0,0.0,0.0,,0,0,0,104,0,1,0,243,0,139,0,0,104,0,38,421,1,457,,581,1,1,76,76,80,,1,1,1,41,1,1,5,25,80,40,1,5,40,213,True
Luka Vincic,162446,G,MICH STATE,4,100.0,0,223,64.1,59.1,64.5,0,3,57,100.0,100.0,97.4,0,3,0,104,0,0,0,104,59,59,104,0,45,0,18,1,1,185,364,164,1,373,298,3,8,392,1,319,1,315,47,327,39,315,300,300,148,40,324,58,True
Randy Pittman Jr.,176195,TE,SMU,4,53.1,0,287,64.8,34.4,67.9,0,1,15,15.0,15.9,96.7,3,1,0,104,0,0,2,196,17,107,0,0,87,23,23,387,1,134,432,91,1,371,89,338,329,333,477,329,1,55,1,2,17,25,82,29,2,62,58,403,True
Caden Piening,199386,TE,UCF,4,78.2,0,323,69.0,47.1,56.9,1,1,19,40.4,42.0,94.7,0,2,0,104,0,0,0,133,21,50,0,0,83,103,23,119,1,82,389,232,448,371,48,93,83,375,1,451,1,55,1,2,61,129,41,184,2,62,67,82,True
Naeshaun Montgomery,200138,WR,MISSOURI,4,50.2,0,229,54.4,,59.5,0,0,0,0.0,0.0,,1,0,0,103,0,0,0,205,0,102,0,0,103,1,38,208,1,686,,460,1,1,76,76,80,,550,1,1,42,1,2,5,92,80,175,1,5,42,112,True
Mike Matthews,184887,WR,TENNESSEE,4,45.0,0,307,64.6,,62.6,0,0,0,0.0,0.0,,1,0,0,103,0,0,0,229,0,126,0,0,103,0,38,350,1,354,,239,1,1,76,76,80,,550,1,1,42,1,2,5,49,80,78,1,5,42,213,True
Jayden Trapp,214885,G,UTEP,4,100.0,0,330,66.6,52.9,68.8,0,2,52,100.0,100.0,98.1,0,2,0,103,4,62,1,103,57,57,36,0,46,0,18,1,1,134,410,94,1,295,313,3,8,316,1,230,1,316,35,183,29,316,309,309,212,40,323,58,True
Willie Rodriguez,190448,TE,KENTUCKY,4,55.1,0,202,71.4,72.5,71.9,0,0,10,11.0,10.6,100.0,1,0,0,103,0,0,5,187,10,94,0,1,93,93,23,366,1,59,112,51,1,1,173,399,404,1,293,1,1,58,1,2,4,39,188,56,2,19,39,108,True
Marcel Reed,175940,QB,TEXAS A&M,4,36.8,0,312,57.6,,60.0,0,0,0,0.0,0.0,,0,0,0,103,0,0,0,280,0,170,0,0,103,0,6,133,1,171,,78,1,1,18,18,20,,1,1,1,33,1,1,1,11,20,13,1,1,32,2,True
Evan Lawrence,188669,G,S DIEGO ST,4,100.0,0,284,56.2,57.9,57.7,0,0,45,100.0,100.0,97.8,1,1,1,103,0,103,0,103,48,48,0,0,55,0,18,1,1,398,374,329,1,1,331,3,8,354,266,139,399,316,47,158,39,316,328,328,322,40,301,58,True
Landen Thomas,183310,TE,FLORIDA ST,4,68.7,0,167,59.7,68.8,64.8,0,0,16,26.2,27.7,100.0,1,0,0,103,0,0,1,150,18,65,0,0,85,104,23,213,1,204,209,130,1,1,81,190,178,1,293,1,1,58,1,2,24,92,71,130,2,62,66,80,True
Ashton Daniels,157259,QB,FLORIDA ST,4,40.6,0,167,70.4,,60.1,0,0,0,0.0,0.0,,0,0,0,102,0,0,0,251,0,130,0,0,102,0,6,101,1,107,,34,1,1,18,18,20,,1,1,1,34,1,1,1,51,20,61,1,1,34,2,True
Spencer Shannon,176186,TE,TEXAS,4,75.0,0,311,56.6,75.5,61.2,0,0,27,45.0,44.3,100.0,0,0,0,102,0,0,0,136,27,61,0,0,75,127,23,146,1,258,38,171,1,1,15,64,68,1,1,1,1,60,1,2,61,123,22,139,2,62,93,38,True
Andrew Barker,198545,TE,INDIANA,4,76.7,0,190,53.9,74.2,59.0,0,0,19,40.4,40.4,100.0,0,0,0,102,0,0,0,133,21,52,0,0,81,109,23,136,1,317,62,198,1,1,48,93,93,1,1,1,1,60,1,2,61,129,41,179,2,62,73,70,True
Rasean Jones,215459,WR,BOISE ST,4,47.0,0,120,77.6,,61.3,0,0,0,0.0,0.0,,1,0,0,102,0,0,0,217,0,111,0,0,102,0,38,283,1,58,,327,1,1,76,76,80,,550,1,1,44,1,2,5,67,80,130,1,5,44,213,True
Joseph Williams,190753,WR,COLORADO,4,46.6,1,143,81.7,63.9,60.4,0,0,1,0.9,0.8,100.0,1,0,0,102,0,0,0,219,1,118,0,0,101,0,38,295,768,32,28,399,1,1,14,56,63,1,550,1,1,44,1,2,5,64,16,112,1,5,45,213,True
Reece Adkins,121620,TE,UMASS,4,62.2,0,216,64.9,75.5,72.8,0,0,11,16.4,16.7,100.0,1,0,0,102,0,0,1,164,12,72,0,0,90,129,23,275,1,132,38,46,1,1,148,317,312,1,293,1,1,60,1,2,24,67,144,111,2,62,49,34,True
Kaleb Edwards,204602,TE,ALABAMA,4,59.3,1,103,59.0,38.0,54.3,0,1,27,29.7,30.0,94.4,2,2,1,102,0,0,0,172,30,100,0,0,72,135,23,318,465,215,418,288,1,371,15,163,161,377,439,451,459,60,1,2,61,55,15,42,2,62,106,22,True
Marcus Stokes,180185,QB,MEMPHIS,4,42.9,1,218,77.3,,60.1,0,0,0,0.0,0.0,,1,0,0,102,0,0,0,238,0,122,0,0,102,0,6,72,199,68,,34,1,1,18,18,20,,110,1,1,34,1,1,1,69,20,76,1,1,34,2,True
Nate Kurisky,156319,TE,DUKE,4,73.9,0,154,51.1,44.8,50.6,1,0,12,25.0,25.0,95.8,0,1,0,102,0,0,0,138,12,48,0,0,90,99,23,161,1,371,396,351,448,1,134,198,196,351,1,329,1,60,1,2,61,117,144,190,2,62,49,95,True
Rico Scott,191140,WR,ALABAMA,4,44.0,0,103,61.8,44.4,79.0,0,0,0,0.0,0.8,,1,0,0,102,0,0,0,232,1,131,0,0,101,0,38,386,1,447,79,22,1,1,76,76,63,,550,1,1,44,1,2,5,41,16,58,1,5,45,213,True
JC French IV,162521,QB,CINCINNATI,4,41.6,0,138,89.3,62.2,60.0,0,0,0,0.0,0.8,,0,0,0,102,0,0,0,245,1,124,0,0,101,0,6,87,1,18,1,78,1,1,18,18,10,,1,1,1,34,1,1,1,61,1,69,1,1,36,2,True
Sam Lee,184129,TE,TOLEDO,4,57.7,0,316,56.0,58.3,66.6,0,0,14,17.1,16.9,100.0,2,0,0,101,0,0,0,175,15,89,0,0,86,135,23,337,1,270,331,102,1,1,101,303,311,1,439,1,1,65,1,2,61,53,109,67,2,62,61,22,True
Conner Weigman,158683,QB,HOUSTON,4,41.6,0,182,82.8,,60.3,0,0,0,0.0,0.0,,1,0,0,101,0,0,0,243,0,122,0,0,101,0,6,87,1,45,,10,1,1,18,18,20,,110,1,1,37,1,1,1,63,20,76,1,1,36,2,True
Jayce Mitchell,189582,T,LA LAFAYET,4,100.0,0,207,40.4,40.5,45.1,0,4,46,100.0,100.0,93.5,2,5,1,101,0,0,43,101,50,50,1,57,51,0,16,1,1,481,431,482,1,332,311,2,6,457,348,312,333,307,4,28,186,307,310,310,31,180,297,156,True
Jordan Faison,171081,WR,NOTRE DAME,4,51.0,0,258,75.1,,64.0,0,0,0,0.0,0.0,,0,0,0,101,0,0,0,198,0,97,0,0,101,1,38,193,1,90,,206,1,1,76,76,80,,1,1,1,47,1,2,5,112,80,207,1,5,45,112,True
Kamario Taylor,198868,QB,MISS STATE,4,36.3,0,227,79.1,,60.1,0,0,0,0.0,0.0,,1,0,0,101,0,0,0,278,0,159,0,0,101,0,6,138,1,57,,34,1,1,18,18,20,,110,1,1,37,1,1,1,13,20,22,1,1,36,2,True
Jordan Knox,174055,G,KENTUCKY,4,100.0,0,202,62.0,56.2,61.8,0,1,42,100.0,100.0,98.8,0,1,0,101,0,61,0,101,44,44,36,0,57,2,18,1,1,244,386,220,1,171,337,3,8,227,1,139,1,318,47,184,39,318,337,337,212,40,294,19,True
Ed Small,199243,WR,TCU,4,42.4,0,305,68.3,,69.3,0,0,0,0.0,0.0,,0,0,0,101,0,0,0,238,0,137,0,0,101,3,38,432,1,234,,120,1,1,76,76,80,,1,1,1,47,1,2,5,33,80,45,1,5,45,48,True
Kenny Johnson,175419,WR,TEXAS TECH,4,46.1,1,315,72.3,,68.9,0,0,0,0.0,0.0,,1,0,0,101,0,0,0,219,0,118,0,0,101,1,38,308,768,134,,133,1,1,76,76,80,,550,1,1,47,1,2,5,64,80,112,1,5,45,112,True
Jackson Sharman,178252,QB,SACRAMENTO,4,37.5,0,279,72.3,,60.0,0,0,0,0.0,0.0,,1,0,0,101,0,0,0,269,0,162,0,0,101,0,6,126,1,99,,78,1,1,18,18,20,,110,1,1,37,1,1,1,18,20,19,1,1,36,2,True
Cooper Flanagan,171082,TE,NOTRE DAME,4,62.7,0,258,63.2,75.8,66.5,0,0,8,12.3,13.0,100.0,0,0,0,101,0,0,0,161,9,69,0,0,92,93,23,270,1,154,32,105,1,1,218,381,372,1,1,1,1,65,1,2,61,73,214,121,2,62,45,108,True
Charlie Becker,188661,WR,INDIANA,4,51.8,0,190,85.6,,66.1,0,0,0,0.0,0.0,,0,0,0,100,0,0,0,193,0,93,0,0,100,1,38,180,1,14,,175,1,1,76,76,80,,1,1,1,50,1,2,5,124,80,233,1,5,50,112,True
Bubba Craig,200102,T,DOMINION,3,100.0,0,263,60.8,71.6,51.8,0,1,59,100.0,100.0,97.5,0,2,1,100,0,0,11,100,65,65,0,89,35,0,278,1,1,290,174,435,1,145,288,2,6,265,1,178,333,308,4,28,277,308,284,284,38,162,339,156,True
Amare Thomas,173349,WR,HOUSTON,4,45.5,0,182,79.9,,49.8,0,0,0,0.0,0.0,,0,0,0,100,0,0,0,220,0,120,0,0,100,0,38,331,1,39,,666,1,1,76,76,80,,1,1,1,50,1,2,5,60,80,104,1,5,50,213,True
Fredrick Moore,174042,WR,MICH STATE,4,46.3,0,223,60.9,,49.7,0,0,0,0.0,0.0,,0,0,0,100,0,0,0,216,0,116,0,0,100,0,38,302,1,485,,667,1,1,76,76,80,,1,1,1,50,1,2,5,68,80,119,1,5,50,213,True
Nader Chirchi,171037,TE,COLO STATE,4,75.2,0,144,60.7,77.4,54.9,0,0,22,41.5,43.1,100.0,0,0,0,100,0,0,2,133,25,58,0,1,75,103,23,145,1,191,13,270,1,1,30,87,71,1,1,1,1,67,1,2,17,129,29,151,2,19,93,82,True
Davis Warren,73940,QB,STANFORD,4,36.6,0,300,74.2,,60.1,0,0,0,0.0,0.0,,4,0,0,100,0,0,0,273,0,169,0,0,100,0,6,137,1,86,,34,1,1,18,18,20,,196,1,1,40,1,1,1,15,20,14,1,1,40,2,True
JJ Kohl,174674,QB,FIU,4,36.8,0,166,72.2,,60.0,0,0,0,0.0,0.0,,2,0,0,100,0,0,0,272,0,164,0,0,100,0,6,133,1,100,,78,1,1,18,18,20,,167,1,1,40,1,1,1,16,20,16,1,1,40,2,True
Cam Coleman,184398,WR,TEXAS,4,43.3,0,311,70.5,,49.4,0,0,0,0.0,0.0,,0,0,0,100,0,0,0,231,0,131,0,0,100,0,38,406,1,185,,674,1,1,76,76,80,,1,1,1,50,1,2,5,44,80,58,1,5,50,213,True
Jeremy Scott,190098,WR,TCU,4,44.6,0,305,64.6,,58.6,0,0,0,0.0,0.0,,0,0,0,100,0,0,0,224,0,124,0,0,100,2,38,358,1,354,,498,1,1,76,76,80,,1,1,1,50,1,2,5,54,80,92,1,5,50,73,True
Sam West,173392,TE,MISS STATE,4,49.0,0,227,51.1,72.7,56.3,0,0,15,13.8,15.4,100.0,1,0,0,100,0,0,0,204,19,123,0,0,81,108,23,421,1,371,105,245,1,1,89,359,339,1,293,1,1,67,1,2,61,23,64,12,2,62,73,74,True
Robert Wright Jr.,174210,T,MICH STATE,4,100.0,0,223,61.9,64.2,58.8,0,2,53,100.0,100.0,96.2,0,3,1,99,0,0,0,99,54,54,0,96,45,3,16,1,1,264,272,302,1,218,303,2,6,361,1,224,333,309,4,28,315,309,304,304,38,156,310,43,True
Bryce Underwood,198795,QB,MICHIGAN,4,39.6,0,222,69.0,,61.6,0,0,0,0.0,0.0,,1,0,0,99,0,0,0,250,0,111,0,0,99,0,6,112,1,113,,1,1,1,18,18,20,,110,1,1,42,1,1,1,54,20,95,1,1,42,2,True
Jonathan Harder,164145,G,TOLEDO,3,100.0,0,316,60.3,73.2,55.4,0,3,54,100.0,100.0,97.2,0,3,0,99,0,99,0,99,60,60,0,0,39,0,284,1,1,298,203,385,1,373,306,3,8,407,1,319,1,319,47,160,39,319,298,298,322,40,341,58,True
Luke Weaver,198494,QB,S JOSE ST,4,33.9,0,285,62.0,62.2,60.0,0,0,1,0.6,0.6,100.0,4,0,0,99,0,0,0,292,1,175,0,0,98,0,6,159,1,149,1,78,1,1,1,15,17,1,196,1,1,42,1,1,1,8,1,7,1,1,45,2,True
Xavier Watson,198323,TE,UCONN,4,60.0,0,146,64.1,65.0,54.9,1,0,22,26.8,27.5,97.7,1,1,0,99,0,0,0,165,25,91,0,0,74,115,23,310,1,144,279,270,448,1,30,185,179,311,293,329,1,69,1,2,61,63,29,63,2,62,95,65,True
Will Loerzel,190093,TE,WAKE,4,73.3,0,339,51.2,70.2,44.9,0,0,18,37.5,36.8,100.0,1,0,0,99,0,0,0,135,21,57,0,0,78,119,23,168,1,368,173,424,1,1,56,109,112,1,293,1,1,69,1,2,61,127,41,158,2,62,80,55,True
Jalen Hoffman,176255,TE,MICHIGAN,4,69.7,0,222,50.4,71.8,51.3,0,0,6,13.0,14.0,100.0,0,0,0,99,0,0,0,142,7,50,0,1,92,87,23,207,1,376,134,339,1,1,270,367,361,1,1,1,1,69,1,2,61,103,259,184,2,19,45,124,True
Brock Chappell,172640,TE,LA LAFAYET,3,61.9,0,207,65.5,54.8,49.5,0,1,12,18.5,16.4,95.8,0,1,0,99,0,0,0,160,12,73,0,0,87,120,353,280,1,118,350,373,1,371,134,277,319,351,1,329,1,69,1,2,61,77,144,105,2,62,58,47,True
Grant Stec,183669,TE,WISCONSIN,4,75.6,0,349,53.3,72.3,53.9,0,0,23,41.8,44.8,100.0,0,0,0,99,0,0,0,131,26,58,0,2,73,109,23,141,1,325,120,297,1,1,28,83,65,1,1,1,1,69,1,2,61,135,26,151,2,11,101,70,True
Jaron-Keawe Sagapolutele,198237,QB,CAL,4,37.5,0,130,71.8,,60.3,0,0,0,0.0,0.0,,1,0,0,99,0,0,0,264,0,160,0,0,99,0,6,126,1,101,,10,1,1,18,18,20,,110,1,1,42,1,1,1,28,20,20,1,1,42,2,True
Micahi Danzy,190564,WR,FLORIDA ST,4,46.3,1,167,59.8,62.1,65.1,0,0,1,0.9,0.9,100.0,1,0,0,99,0,0,0,214,1,114,0,0,98,0,38,302,768,515,48,190,1,1,14,56,55,1,550,1,1,55,1,2,5,75,16,122,1,5,55,213,True
Trey Owens,184514,QB,ARK STATE,4,42.5,0,113,78.9,,60.0,0,0,0,0.0,0.0,,0,0,0,99,0,0,0,233,0,123,0,0,99,0,6,75,1,60,,78,1,1,18,18,20,,1,1,1,42,1,1,1,76,20,73,1,1,42,2,True
Gavin Grover,183794,TE,CINCINNATI,4,55.7,0,138,58.8,50.9,69.6,0,0,10,11.8,13.3,100.0,0,0,0,98,0,0,0,176,12,90,0,0,86,109,23,357,1,219,372,75,1,1,173,388,370,1,1,1,1,74,1,2,61,52,144,64,2,62,61,70,True
Garrett Oakley,157772,TE,KANSAS ST,4,50.3,0,199,70.9,61.1,71.8,0,1,15,13.9,14.2,96.7,0,1,0,98,0,0,0,195,16,113,0,0,82,146,23,412,1,65,314,52,1,371,89,356,358,333,1,329,1,74,1,2,61,27,93,22,2,62,71,15,True
Snoop Leota-Amaama,156365,G,NEVADA,4,100.0,0,239,62.5,36.8,68.2,0,3,58,100.0,100.0,97.4,0,3,0,98,0,94,0,98,60,60,0,4,38,0,18,1,1,226,477,104,1,373,297,3,8,392,1,319,1,320,47,163,39,320,298,298,322,20,345,58,True
Lunch Winfield,176367,QB,LA LAFAYET,4,38.6,0,207,83.2,62.2,60.1,0,0,1,0.9,0.8,100.0,1,0,0,98,0,0,0,254,1,122,0,0,97,0,6,120,1,40,1,34,1,1,1,9,10,1,110,1,1,46,1,1,1,47,1,76,1,1,47,2,True
Katin Houser,158386,QB,ILLINOIS,4,39.7,0,187,88.7,,60.2,0,0,0,0.0,0.0,,0,0,0,98,0,0,0,247,0,147,0,0,98,0,6,110,1,19,,20,1,1,18,18,20,,1,1,1,46,1,1,1,58,20,44,1,1,45,2,True
Taeshaun Lyons,171933,WR,UNLV,4,47.8,0,325,64.2,,64.8,0,0,0,0.0,0.0,,0,0,0,98,0,0,0,205,0,107,0,0,98,0,38,265,1,361,,194,1,1,76,76,80,,1,1,1,56,1,2,5,92,80,147,1,5,55,213,True
Jordan Brown,145550,T,GA STATE,4,100.0,0,175,65.7,67.3,67.3,0,1,55,100.0,100.0,97.3,1,2,1,97,0,0,97,97,57,57,0,0,40,0,16,1,1,180,232,141,1,145,295,2,6,289,232,178,333,310,4,28,149,310,299,299,38,301,324,156,True
Jacurri Brown,156344,QB,RICE,4,42.9,1,275,77.2,,60.0,0,0,0,0.0,0.0,,1,0,0,97,0,0,0,226,0,77,0,0,97,0,6,72,199,69,,78,1,1,18,18,20,,110,1,1,48,1,1,1,83,20,130,1,1,47,2,True
Sebastian Espinoza,171523,T,MO STATE,4,100.0,0,230,45.5,37.7,53.3,1,3,47,100.0,100.0,93.6,2,5,1,97,0,0,0,97,52,52,0,97,45,0,16,1,1,464,444,411,303,276,309,2,6,456,348,312,333,310,4,28,315,310,307,307,38,154,310,156,True
Will Swartz,199111,TE,RICE,4,91.5,0,275,64.4,41.0,72.8,0,1,7,43.8,50.0,92.9,0,1,0,97,0,0,0,106,9,18,0,0,88,100,23,28,1,138,408,46,1,371,245,69,48,401,1,329,1,76,1,2,61,190,214,353,2,62,55,89,True
Manasseh Ripert,167761,T,FIU,2,100.0,0,166,74.9,56.6,81.9,1,4,36,100.0,100.0,93.1,1,5,0,97,0,0,0,97,40,40,0,97,57,0,379,1,1,54,341,14,303,332,329,2,6,467,232,312,1,310,4,28,315,310,327,327,38,154,285,156,True
Isaiah Myers,133796,WR,MO STATE,4,47.5,0,230,80.7,,61.5,0,0,0,0.0,0.0,,0,0,0,97,0,0,0,204,0,107,0,0,97,0,38,271,1,33,,305,1,1,76,76,80,,1,1,1,57,1,2,5,95,80,147,1,5,57,213,True
Eugene Wilson III,175886,WR,LSU,4,41.5,0,211,57.3,,61.3,0,0,0,0.0,0.0,,0,0,0,97,0,0,0,234,0,133,0,0,97,1,38,459,1,600,,327,1,1,76,76,80,,1,1,1,57,1,2,5,37,80,54,1,5,57,112,True
Jordan Clark,204284,TE,RICE,4,60.2,0,275,65.7,,56.9,0,0,0,0.0,0.0,,0,0,0,97,0,0,0,161,0,63,0,0,97,71,23,308,1,116,,232,1,1,459,459,459,,1,1,1,76,1,2,61,73,459,134,2,62,27,173,True
John Alan Richter,156999,QB,TOLEDO,4,41.9,0,316,85.5,,60.1,0,0,0,0.0,0.0,,2,0,0,96,0,0,0,229,0,132,0,0,96,0,6,81,1,31,,34,1,1,18,18,20,,167,1,1,49,1,1,1,80,20,59,1,1,49,2,True
Ryan Browne,174949,QB,PURDUE,4,37.4,0,273,73.9,,60.4,0,0,0,0.0,0.0,,2,0,0,96,0,0,0,257,0,156,0,0,96,0,6,128,1,88,,6,1,1,18,18,20,,167,1,1,49,1,1,1,40,20,27,1,1,49,2,True
William Satterwhite II,184891,C,LSU,3,100.0,0,211,52.2,46.1,53.2,0,2,41,100.0,100.0,97.6,2,2,0,96,54,42,0,96,44,44,0,0,52,0,126,1,1,219,218,215,1,140,151,2,3,200,167,120,1,149,163,4,3,149,152,152,21,6,149,16,True
Owen McCown,157688,QB,UTSA,4,38.1,0,331,61.5,,60.1,0,0,0,0.0,0.0,,0,0,0,96,0,0,0,252,0,150,0,0,96,0,6,123,1,152,,34,1,1,18,18,20,,1,1,1,49,1,1,1,50,20,37,1,1,49,2,True
Tommy Kinsler IV,175380,T,OLE MISS,3,100.0,0,226,55.5,37.5,61.6,0,3,50,100.0,100.0,97.0,0,3,0,96,0,0,0,96,52,52,0,96,44,0,278,1,1,376,446,242,1,276,307,2,6,314,1,224,1,313,4,28,315,313,307,307,38,156,314,156,True
Diego Rodriguez,184037,G,COLO STATE,3,100.0,0,144,51.7,29.8,59.1,1,1,54,100.0,100.0,98.1,2,2,0,96,0,18,6,96,58,58,72,0,38,0,284,1,1,463,488,281,374,171,306,3,8,316,396,230,1,321,47,261,18,321,305,305,169,40,345,58,True
Alec Falk,186417,G,AIR FORCE,3,100.0,0,101,56.0,59.2,57.6,0,1,24,100.0,100.0,97.9,1,1,0,96,0,96,0,96,26,26,0,0,70,0,284,1,1,403,362,334,1,171,377,3,8,348,266,139,1,321,47,162,39,321,377,377,322,40,259,58,True
Rodney Bullard Jr.,187890,WR,MICH STATE,4,45.3,0,223,71.4,,66.4,0,0,0,0.0,0.0,,0,0,0,96,0,0,0,212,0,116,0,0,96,0,38,337,1,157,,171,1,1,76,76,80,,1,1,1,59,1,2,5,79,80,119,1,5,59,213,True
Vic Listorti,175247,HB,NAVY,3,65.8,0,237,66.0,77.5,54.0,0,0,22,44.9,45.1,100.0,0,0,0,96,1,0,0,146,23,51,0,0,73,0,232,14,1,207,69,230,1,1,59,44,46,1,1,1,1,3,1,1,1,54,71,152,1,1,4,48,True
Jaxon Moore,201641,G,SACRAMENTO,4,100.0,0,279,66.4,79.7,61.8,0,0,52,100.0,100.0,98.1,0,1,1,96,0,75,10,96,56,56,0,11,40,0,18,1,1,140,96,220,1,1,313,3,8,316,1,139,399,321,47,173,13,321,311,311,322,10,338,58,True
Chase Duarte,204515,G,KANSAS ST,3,100.0,0,199,63.8,65.2,62.6,0,1,46,100.0,100.0,98.9,0,1,0,96,0,0,0,96,47,47,96,0,49,0,284,1,1,194,302,205,1,171,329,3,8,217,1,139,1,321,47,327,39,321,331,331,153,40,316,58,True
Ronnell McLain,190815,T,HOUSTON,3,100.0,0,182,52.5,42.4,54.8,0,4,44,100.0,100.0,95.5,1,4,0,96,0,0,2,96,49,49,0,94,47,0,278,1,1,417,425,392,1,332,313,2,6,400,232,270,1,313,4,28,297,313,313,313,38,159,305,156,True
Gunner Givens,157641,G,VANDERBILT,4,100.0,0,333,54.6,73.0,46.3,0,0,57,100.0,100.0,100.0,0,0,0,96,0,55,0,96,62,62,41,0,34,0,18,1,1,422,207,499,1,1,298,3,8,1,1,1,1,321,47,187,39,321,297,297,201,40,354,58,True
Micah Gilbert,184095,WR,NOTRE DAME,4,50.8,0,258,74.4,,62.8,0,0,0,0.0,0.0,,0,0,0,95,0,0,0,187,0,92,0,0,95,1,38,199,1,104,,229,1,1,76,76,80,,1,1,1,60,1,2,5,136,80,237,1,5,60,112,True
Josh Manning,124519,WR,KANSAS ST,4,39.6,0,199,56.2,,45.9,0,0,0,0.0,0.0,,0,0,0,95,0,0,0,240,0,145,0,0,95,0,38,525,1,629,,727,1,1,76,76,80,,1,1,1,60,1,2,5,31,80,26,1,5,60,213,True
Jailen Butler,172270,TE,KANSAS,3,63.3,0,198,49.4,30.5,57.3,1,1,17,23.9,24.7,94.1,0,2,0,95,0,0,1,150,18,73,0,0,77,103,353,265,1,389,448,226,448,371,70,218,208,388,1,451,1,78,1,2,24,92,71,105,2,62,85,82,True
Jayden Mandal,173516,QB,FRESNO ST,4,39.6,0,169,70.5,,60.0,0,0,0,0.0,0.0,,3,0,0,95,0,0,0,240,0,127,0,0,95,0,6,112,1,106,,78,1,1,18,18,20,,191,1,1,52,1,1,1,66,20,67,1,1,52,2,True
James Resar,189692,TE,FIU,4,48.2,0,166,57.6,49.7,57.5,0,1,14,12.8,12.9,96.4,0,1,0,95,0,0,0,197,15,116,0,0,80,109,23,427,1,238,377,222,1,371,101,374,374,339,1,329,1,78,1,2,61,24,109,20,2,62,75,70,True
Ryan Coleman-Williams,191142,WR,ALABAMA,4,41.3,1,103,69.4,,56.3,0,0,0,0.0,0.0,,2,0,0,95,0,0,0,230,0,133,0,0,95,5,38,469,768,209,,561,1,1,76,76,80,,743,1,1,60,1,2,5,46,80,54,1,5,60,25,True
Jay Kastantin,215229,QB,BOWL GREEN,4,44.1,0,122,47.0,,60.1,0,0,0,0.0,0.0,,1,0,0,94,0,0,0,213,0,107,0,0,94,0,6,63,1,191,,34,1,1,18,18,20,,110,1,1,53,1,1,1,96,20,99,1,1,53,2,True
JJ Harrell,184756,WR,DOMINION,4,50.5,0,263,52.9,,60.8,0,0,0,0.0,0.0,,2,0,0,94,0,0,0,186,0,92,0,0,94,1,38,204,1,722,,372,1,1,76,76,80,,743,1,1,63,1,2,5,139,80,237,1,5,63,112,True
Tyler Thomas,204331,G,TEXAS A&M,4,100.0,0,312,52.0,62.7,47.1,0,2,48,100.0,100.0,95.8,0,3,1,94,0,43,0,94,52,52,51,0,42,0,18,1,1,458,326,489,1,295,322,3,8,465,1,319,399,326,47,204,39,326,318,318,188,40,331,58,True
Theo Melin Ohrstrom,158662,TE,SMU,4,58.0,0,287,61.9,83.5,48.5,0,0,19,21.8,22.7,100.0,1,0,0,94,0,0,5,162,20,88,0,1,74,64,23,330,1,170,1,389,1,1,48,240,239,1,293,1,1,80,1,2,4,71,53,70,2,19,95,203,True
William Watson III,174771,QB,UMASS,4,45.9,0,216,85.5,,60.0,0,0,0,0.0,0.0,,0,0,0,94,0,0,0,205,0,96,0,0,94,0,6,53,1,31,,78,1,1,18,18,20,,1,1,1,53,1,1,1,104,20,114,1,1,53,2,True
Roman Gagliano,183961,QB,MIDDLE TN,4,37.2,0,224,64.3,,60.1,0,0,0,0.0,0.0,,2,0,0,94,0,0,0,253,0,148,0,0,94,0,6,129,1,139,,34,1,1,18,18,20,,167,1,1,53,1,1,1,48,20,43,1,1,53,2,True
Chase Hendricks,171348,WR,CAL,4,37.3,0,130,67.5,61.0,72.2,0,0,1,0.7,0.6,100.0,0,0,0,94,0,0,0,252,1,158,0,0,93,1,38,605,1,254,64,71,1,1,14,71,77,1,1,1,1,63,1,2,5,22,16,9,1,5,66,112,True
Mo Clipper Jr.,157618,G,GA SOUTHRN,4,100.0,0,174,64.7,68.5,63.0,0,1,55,100.0,100.0,99.1,0,1,0,94,0,61,0,94,58,58,32,0,36,1,18,1,1,174,265,195,1,171,304,3,8,189,1,139,1,326,47,184,39,326,305,305,217,40,350,26,True
Ian Strong,170319,WR,CAL,4,36.4,0,130,62.5,,59.7,0,0,0,0.0,0.0,,3,0,0,94,0,0,0,258,0,164,0,0,94,0,38,636,1,422,,450,1,1,76,76,80,,784,1,1,63,1,2,5,19,80,7,1,5,63,213,True
Parker Poloskey,171004,TE,ARMY,3,79.0,0,114,67.2,66.7,64.7,0,0,1,4.2,3.8,100.0,0,0,0,94,0,0,9,119,1,26,0,5,93,86,353,109,1,98,254,131,1,1,430,446,447,1,1,1,1,80,1,2,1,161,433,302,2,3,39,128,True
Donovan Olugbode,198878,WR,MISSOURI,4,46.8,0,229,70.4,,63.1,0,0,0,0.0,0.0,,2,0,0,94,0,0,0,201,0,107,0,0,94,1,38,289,1,189,,221,1,1,76,76,80,,743,1,1,63,1,2,5,105,80,147,1,5,63,112,True
Makai Jackson,159480,WR,LIBERTY,4,49.2,1,206,79.4,61.9,46.3,0,0,1,1.1,1.0,100.0,2,0,0,93,0,0,0,189,1,97,0,0,92,0,38,231,768,41,54,719,1,1,14,44,49,1,743,1,1,67,1,2,5,131,16,207,1,5,68,213,True
Kauasi Hansen,200248,TE,UTAH ST,4,96.9,0,329,30.3,54.4,34.1,0,1,49,94.2,94.8,92.9,1,4,3,93,0,0,2,96,55,58,0,2,38,82,23,11,1,483,356,482,1,371,1,5,5,401,293,482,483,82,1,2,17,215,1,151,2,11,275,142,True
Trey'Dez Green,184453,TE,LSU,3,48.7,0,211,72.7,52.5,46.0,0,0,16,14.7,14.4,100.0,1,0,0,93,0,0,1,191,16,111,0,1,77,100,353,423,1,49,364,411,1,1,81,346,352,1,293,1,1,82,1,2,24,32,93,24,2,19,85,89,True
Shaan Lathan,221646,C,SACRAMENTO,2,100.0,0,279,62.9,60.1,62.1,0,2,49,100.0,100.0,98.0,0,2,0,93,81,12,0,93,52,52,0,0,41,0,180,1,1,126,190,125,1,140,147,2,3,182,1,120,1,150,151,8,3,150,147,147,21,6,154,16,True
Apisa Poumele,198247,G,COAST CAR,2,100.0,0,141,77.8,89.0,73.5,1,1,53,100.0,100.0,98.1,0,2,0,93,20,0,0,93,59,59,73,0,34,0,400,1,1,18,8,47,374,171,309,3,8,316,1,230,1,328,17,327,39,328,300,300,168,40,354,58,True
Alex Gale,183962,G,MIDDLE TN,3,100.0,0,224,54.8,69.5,53.2,0,1,56,100.0,100.0,99.1,3,1,0,93,0,0,0,93,59,59,93,0,34,0,284,1,1,418,260,426,1,171,301,3,8,189,467,139,1,328,47,327,39,328,300,300,154,40,354,58,True
Tyler Hughes,159218,QB,WYOMING,4,38.9,0,351,64.5,,60.2,0,0,0,0.0,0.0,,2,0,0,93,0,0,0,239,0,124,0,0,93,0,6,118,1,137,,20,1,1,18,18,20,,167,1,1,56,1,1,1,68,20,69,1,1,56,2,True
Jaylen Raynor,172203,QB,IOWA STATE,4,41.3,0,193,63.8,,60.4,0,0,0,0.0,0.0,,0,0,0,93,0,0,0,225,0,112,0,0,93,0,6,92,1,142,,6,1,1,18,18,20,,1,1,1,56,1,1,1,85,20,92,1,1,56,2,True
Lincoln Kienholz,170256,QB,LOUISVILLE,4,35.4,0,210,77.1,,60.0,0,0,0,0.0,0.0,,3,0,0,93,0,0,0,263,0,136,0,0,93,0,6,147,1,70,,78,1,1,18,18,20,,191,1,1,56,1,1,1,29,20,52,1,1,56,2,True
Tyler Little,172200,TE,ARK STATE,4,70.5,0,113,33.6,38.9,43.1,0,0,18,31.6,33.9,88.9,0,2,2,93,0,0,0,132,20,59,0,0,73,123,23,198,1,480,412,444,1,1,56,151,127,438,1,451,481,82,1,2,61,132,53,147,2,62,101,45,True
Collin Dixon,175954,WR,ILLINOIS,4,39.6,0,187,87.6,,66.6,0,0,0,0.0,0.0,,0,0,0,93,0,0,0,235,0,142,0,0,93,1,38,525,1,11,,165,1,1,76,76,80,,1,1,1,67,1,2,5,36,80,31,1,5,66,112,True
Jake Appleget,156468,TE,FRESNO ST,4,56.4,0,169,64.3,29.9,76.0,1,0,13,16.3,16.3,96.2,0,1,0,93,0,0,0,165,14,86,0,0,79,116,23,351,1,139,450,26,448,1,120,319,322,343,1,329,1,82,1,2,61,63,120,73,2,62,78,62,True
Avery Johnson,173108,QB,KANSAS ST,4,35.1,0,199,72.5,,60.0,0,0,0,0.0,0.0,,1,0,0,93,0,0,0,265,0,155,0,0,93,0,6,151,1,96,,78,1,1,18,18,20,,110,1,1,56,1,1,1,25,20,28,1,1,56,2,True
Mason Heintschel,199088,QB,PITTSBURGH,4,35.4,0,268,83.4,,60.2,0,0,0,0.0,0.0,,1,0,0,92,0,0,0,260,0,153,0,0,92,0,6,147,1,39,,20,1,1,18,18,20,,110,1,1,60,1,1,1,36,20,31,1,1,60,2,True
Nick Hampton,216312,TE,TROY,4,72.4,0,318,50.4,54.1,47.4,0,1,23,41.8,41.7,97.8,0,1,0,92,0,0,0,127,25,60,0,0,67,93,23,180,1,376,358,401,1,371,28,83,85,310,1,329,1,86,1,2,61,142,29,142,2,62,130,108,True
Julian Sayin,183708,QB,OHIO STATE,4,40.4,0,260,92.5,,60.0,0,0,0,0.0,0.0,,0,0,0,92,0,0,0,228,0,130,0,0,92,0,6,105,1,2,,78,1,1,18,18,20,,1,1,1,60,1,1,1,82,20,61,1,1,60,2,True
Chris Corbo,159302,TE,GA TECH,4,66.2,0,176,56.3,73.4,53.2,0,0,14,24.6,25.4,100.0,0,0,0,92,0,0,0,139,16,63,0,0,76,95,23,237,1,264,82,313,1,1,101,211,194,1,1,1,1,86,1,2,61,113,93,134,2,62,90,101,True
Cale Hellums,170981,QB,ARMY,3,53.8,0,114,78.6,62.2,60.0,0,0,1,3.2,2.9,100.0,0,0,0,92,0,0,0,171,1,34,0,0,91,0,129,21,1,64,1,78,1,1,1,1,1,1,1,1,1,60,1,1,1,123,1,161,1,1,62,2,True
Brady Anderson,190493,TE,ARMY,3,76.5,0,114,62.7,64.5,69.1,0,0,1,4.3,3.8,100.0,2,0,0,91,0,0,0,119,1,26,0,0,90,74,353,138,1,159,285,78,1,1,430,445,447,1,439,1,1,88,1,2,61,161,433,302,2,62,49,166,True
Cade Bennett,122956,G,TCU,4,100.0,0,305,57.4,71.9,52.8,0,1,48,100.0,100.0,99.0,0,1,0,91,0,91,0,91,49,49,0,0,42,0,18,1,1,370,226,434,1,171,322,3,8,199,1,139,1,330,47,165,39,330,325,325,322,40,331,58,True
Beau Pribula,164182,QB,VIRGINIA,4,41.6,0,335,87.5,,60.1,0,0,0,0.0,0.0,,1,0,0,91,0,0,0,219,0,106,0,0,91,0,6,87,1,21,,34,1,1,18,18,20,,110,1,1,63,1,1,1,89,20,102,1,1,62,2,True
Liam Szarka,197814,QB,AIR FORCE,3,47.9,0,101,82.4,62.2,60.0,0,0,1,2.9,2.6,100.0,1,0,0,91,0,0,0,190,1,39,0,0,90,0,129,43,1,46,1,78,1,1,1,2,2,1,110,1,1,63,1,1,1,111,1,158,1,1,69,2,True
Michael Van Buren Jr.,184764,QB,USF,4,41.7,0,327,91.3,,60.0,0,0,0,0.0,0.0,,0,0,0,91,0,0,0,218,0,113,0,0,91,0,6,84,1,8,,78,1,1,18,18,20,,1,1,1,63,1,1,1,91,20,90,1,1,62,2,True
Steve Angeli,156966,QB,SYRACUSE,3,41.7,0,304,58.3,,60.2,0,0,0,0.0,0.0,,2,0,0,91,0,0,0,218,0,124,0,0,91,0,129,84,1,169,,20,1,1,18,18,20,,167,1,1,63,1,1,1,91,20,69,1,1,62,2,True
Chris Marshall,158659,WR,ARKANSAS,4,34.2,0,111,78.8,,69.6,0,0,0,0.0,0.0,,1,0,0,91,0,0,0,266,0,175,0,0,91,0,38,666,1,47,,113,1,1,76,76,80,,550,1,1,69,1,2,5,14,80,4,1,5,69,213,True
Luke Reynolds,183611,TE,VA TECH,4,44.2,0,337,88.2,75.1,75.8,0,0,4,3.6,4.2,100.0,0,0,0,91,0,0,1,206,5,118,0,1,86,120,23,447,1,4,45,30,1,1,332,449,445,1,1,1,1,88,1,2,24,22,307,19,2,19,61,47,True
Ryan Wingo,184520,WR,TEXAS,4,41.2,0,311,69.2,,61.3,0,0,0,0.0,0.0,,1,0,0,91,0,0,0,221,0,129,0,0,91,5,38,471,1,215,,327,1,1,76,76,80,,550,1,1,69,1,2,5,58,80,66,1,5,69,25,True
Matt Coleman,157831,WR,SACRAMENTO,5,32.7,0,279,74.3,,62.3,0,0,0,0.0,0.0,,0,0,0,91,0,0,0,278,0,186,0,0,91,1,1,695,1,109,,248,1,1,76,76,80,,1,1,1,69,1,2,5,7,80,1,1,5,69,112,True
David Wells Jr.,176410,WR,TULSA,5,39.4,0,320,52.8,,47.9,0,0,0,0.0,0.0,,0,0,0,91,0,0,0,231,0,139,0,0,91,1,1,530,1,724,,698,1,1,76,76,80,,1,1,1,69,1,2,5,44,80,40,1,5,69,112,True
Sam Leavitt,175465,QB,LSU,4,35.1,0,211,89.4,,60.1,0,0,0,0.0,0.0,,2,0,0,91,0,0,0,259,0,151,0,0,91,0,6,151,1,17,,34,1,1,18,18,20,,167,1,1,63,1,1,1,38,20,34,1,1,62,2,True
Josh Raymond,188522,G,GA SOUTHRN,4,100.0,0,174,62.5,72.9,57.5,1,0,53,100.0,100.0,99.1,0,1,0,91,0,0,0,91,56,56,54,36,35,1,18,1,1,226,210,336,374,1,309,3,8,189,1,139,1,330,47,327,39,330,311,311,182,5,352,26,True
Dallas Wilson,200129,WR,FLORIDA,4,51.7,0,163,76.0,,60.2,0,0,0,0.0,0.0,,2,0,0,91,0,0,0,176,0,84,0,0,91,0,38,181,1,83,,412,1,1,76,76,80,,743,1,1,69,1,2,5,178,80,283,1,5,69,213,True
Darrius Clemons,158532,WR,WASH STATE,4,42.3,0,341,64.1,63.9,54.6,0,0,1,0.9,0.8,100.0,1,0,0,91,0,0,0,215,1,125,0,0,90,0,38,436,1,365,28,584,1,1,14,56,63,1,550,1,1,69,1,2,5,72,16,86,1,5,75,213,True
Jaleel Skinner,156343,TE,LOUISVILLE,4,46.9,0,210,72.8,73.7,56.8,0,0,11,10.5,9.6,100.0,1,0,0,91,0,0,0,194,11,114,0,0,80,112,23,435,1,47,76,237,1,1,148,401,411,1,293,1,1,88,1,2,61,28,166,21,2,62,75,67,True
Drake Lindsey,184727,QB,MINNESOTA,4,38.6,0,225,76.8,,60.2,0,0,0,0.0,0.0,,1,0,0,91,0,0,0,236,0,142,0,0,91,0,6,120,1,72,,20,1,1,18,18,20,,110,1,1,63,1,1,1,72,20,47,1,1,62,2,True
LaNorris Sellers,174326,QB,S CAROLINA,4,35.7,0,289,68.6,,60.1,0,0,0,0.0,0.0,,0,0,0,91,0,0,0,255,0,149,0,0,91,0,6,144,1,118,,34,1,1,18,18,20,,1,1,1,63,1,1,1,43,20,39,1,1,62,2,True
Josh Rodriguez,204206,WR,DOMINION,4,47.6,1,263,59.1,,63.4,0,0,0,0.0,0.0,,3,0,0,91,0,0,0,191,0,100,0,0,91,0,38,270,768,540,,216,1,1,76,76,80,,784,1,1,69,1,2,5,129,80,189,1,5,69,213,True
Phillip Daniels,173402,T,OHIO STATE,2,100.0,0,260,65.7,79.3,56.7,0,2,52,100.0,100.0,98.1,0,2,0,90,0,0,0,90,53,53,0,90,37,0,379,1,1,180,63,352,1,218,305,2,6,208,1,178,1,315,4,28,315,315,306,306,38,161,334,156,True
Langston Lewis,158597,WR,C MICHIGAN,4,52.9,0,134,50.7,,62.3,0,0,0,0.0,0.0,,2,0,0,90,0,0,0,170,0,74,0,0,90,3,38,159,1,754,,248,1,1,76,76,80,,743,1,1,76,1,2,5,200,80,341,1,5,75,48,True
Chris Brooks Jr.,158688,WR,WISCONSIN,4,48.1,0,349,66.9,71.0,72.4,0,0,3,3.1,3.0,100.0,0,0,0,90,0,0,0,187,3,100,0,0,87,14,38,258,1,265,6,69,1,1,1,13,12,1,1,1,1,76,1,2,5,136,1,189,1,5,87,1,True
Keyan Burnett,158714,TE,UNLV,4,52.0,0,325,53.8,74.1,49.7,0,0,14,14.9,16.2,100.0,1,0,0,90,0,0,0,173,16,99,0,0,74,114,23,396,1,318,64,365,1,1,101,339,325,1,293,1,1,91,1,2,61,54,93,47,2,62,95,66,True
Gio Lopez,172309,QB,WAKE,4,34.2,0,339,78.0,,60.0,0,0,0,0.0,0.0,,0,0,0,90,0,0,0,263,0,155,0,0,90,0,6,156,1,66,,78,1,1,18,18,20,,1,1,1,70,1,1,1,29,20,28,1,1,69,2,True
Sam Pickett III,203108,WR,APP STATE,4,40.9,0,108,76.7,,55.6,0,0,0,0.0,0.0,,2,0,0,90,0,0,0,220,0,130,0,0,90,0,38,482,1,72,,574,1,1,76,76,80,,743,1,1,76,1,2,5,60,80,64,1,5,75,213,True
Corey Scott,180181,WR,JAMES MAD,4,46.9,0,197,67.6,,62.7,0,0,0,0.0,0.0,,2,0,0,90,0,0,0,192,0,102,0,0,90,2,38,285,1,252,,235,1,1,76,76,80,,743,1,1,76,1,2,5,125,80,175,1,5,75,73,True
Tucker Cusano,200022,WR,TEXAS ST,4,50.3,0,314,59.5,,60.6,0,0,0,0.0,0.0,,0,0,0,90,0,0,0,179,0,89,0,0,90,0,38,206,1,524,,388,1,1,76,76,80,,1,1,1,76,1,2,5,162,80,255,1,5,75,213,True
Jett Carpenter,141520,TE,TEXAS TECH,4,68.7,0,315,68.0,74.2,73.1,0,0,11,22.0,21.2,100.0,0,0,0,90,0,0,1,131,11,52,0,0,79,84,23,213,1,95,62,42,1,1,148,238,257,1,1,1,1,91,1,2,24,135,166,179,2,62,78,134,True
Jackson Ford,190726,TE,S DIEGO ST,4,63.4,0,284,56.8,77.1,49.6,0,0,10,17.2,21.2,100.0,1,0,0,90,0,0,2,142,14,66,0,0,76,89,23,263,1,252,16,370,1,1,173,301,257,1,293,1,1,91,1,2,17,103,120,127,2,62,90,120,True
Luke Clyburn,200933,TE,USF,4,84.9,0,327,62.6,33.5,69.1,0,1,11,42.3,42.9,86.4,0,2,1,90,0,0,0,106,12,28,0,0,78,93,23,71,1,160,437,78,1,371,148,80,72,445,1,451,459,91,1,2,61,190,144,287,2,62,80,108,True
Douglas Utu,199881,G,OREGON,3,100.0,0,264,63.0,73.9,59.7,0,0,48,100.0,100.0,100.0,0,0,0,90,0,90,0,90,48,48,0,0,42,0,284,1,1,216,189,265,1,1,322,3,8,1,1,1,1,332,47,166,39,332,328,328,322,40,331,58,True
Kyle Martin,176684,G,WASH STATE,3,100.0,0,341,27.8,0.0,39.0,0,5,48,100.0,100.0,92.7,1,6,1,90,0,90,0,90,50,50,0,0,40,0,284,1,1,512,509,512,1,459,322,3,8,497,266,455,399,332,47,166,39,332,323,323,322,40,338,58,True
Harry Lodge,157525,TE,UCLA,4,89.1,0,324,55.5,45.6,68.2,2,1,15,60.0,59.3,90.0,1,3,0,90,0,0,0,101,16,27,0,0,74,86,23,48,1,283,394,87,482,371,89,27,30,423,293,478,1,91,1,2,61,204,93,298,2,62,95,128,True
Brian Beidatsch,161213,T,MIAMI OH,3,100.0,0,221,70.9,71.6,67.8,0,0,52,100.0,100.0,100.0,0,0,0,89,0,0,14,89,55,55,0,75,34,0,278,1,1,93,174,132,1,1,305,2,6,1,1,1,1,316,4,28,266,316,302,302,38,168,344,156,True
Baylin Brooks,175749,WR,W MICHIGAN,4,48.6,0,347,57.5,,68.8,0,0,0,0.0,0.0,,1,0,0,89,0,0,0,183,0,94,0,0,89,1,38,246,1,594,,135,1,1,76,76,80,,550,1,1,81,1,2,5,148,80,227,1,5,80,112,True
KJ Jackson,184386,QB,ARKANSAS,4,33.0,0,111,66.0,,60.0,0,0,0,0.0,0.0,,2,0,0,89,0,0,0,270,0,163,0,0,89,0,6,165,1,131,,78,1,1,18,18,20,,167,1,1,71,1,1,1,17,20,18,1,1,71,2,True
Wayne Harris,184076,WR,KENT STATE,4,45.9,0,201,62.8,61.9,47.2,0,0,1,1.0,1.0,100.0,0,0,0,89,0,0,0,194,1,105,0,0,88,0,38,312,1,412,54,706,1,1,14,49,49,1,1,1,1,81,1,2,5,121,16,159,1,5,82,213,True
Raiden Brown,178258,WR,SACRAMENTO,5,34.0,0,279,61.7,,64.0,0,0,0,0.0,0.0,,0,0,0,89,0,0,0,262,0,172,0,0,89,6,1,670,1,450,,206,1,1,76,76,80,,1,1,1,81,1,2,5,15,80,6,1,5,80,16,True
Trey Hedden,185848,QB,NEW MEX ST,4,38.2,0,242,56.3,62.2,60.0,0,0,1,0.8,0.7,100.0,2,0,0,89,0,0,0,233,1,137,0,0,88,0,6,122,1,174,1,78,1,1,1,12,15,1,167,1,1,71,1,1,1,76,1,51,1,1,73,2,True
Carson Kent,160382,TE,PITTSBURGH,4,50.0,0,268,79.0,68.7,66.3,0,1,12,12.6,11.9,95.8,0,1,0,89,0,0,0,178,12,101,0,0,77,128,23,413,1,20,212,108,1,371,134,377,388,351,1,329,1,96,1,2,61,50,144,38,2,62,85,36,True
Jacarrius Peak,157418,T,S CAROLINA,2,100.0,0,289,64.4,73.2,56.8,1,2,56,100.0,100.0,97.3,1,3,0,89,0,0,89,89,59,59,0,0,30,0,379,1,1,204,151,348,303,218,294,2,6,289,232,224,1,316,4,28,151,316,297,297,38,301,354,156,True
Kaden Zenzen,162223,TE,N DAK ST,4,84.0,0,250,58.2,72.9,66.8,0,0,10,41.7,40.7,100.0,2,0,0,89,0,0,0,106,11,27,0,0,78,100,23,76,1,230,94,98,1,1,173,85,92,1,439,1,1,96,1,2,61,190,166,298,2,62,80,89,True
Rocco Becht,157567,QB,PENN STATE,4,43.0,0,266,72.5,,60.0,0,0,0,0.0,0.0,,1,0,0,89,0,0,0,207,0,108,0,0,89,0,6,71,1,96,,78,1,1,18,18,20,,110,1,1,71,1,1,1,103,20,97,1,1,71,2,True
Jason Wright,198203,QB,BUFFALO,3,43.3,1,126,58.9,,60.0,0,0,0,0.0,0.0,,2,0,0,88,0,0,0,203,0,105,0,0,88,0,129,69,199,164,,78,1,1,18,18,20,,167,1,1,74,1,1,1,107,20,105,1,1,73,2,True
AJ Williams III,198929,WR,NEW MEX ST,5,43.1,0,242,56.1,61.9,45.1,0,0,1,0.9,0.9,100.0,2,0,0,88,0,0,0,204,1,117,0,0,87,1,1,411,1,632,54,739,1,1,14,56,55,1,743,1,1,84,1,2,5,95,16,116,1,5,87,112,True
Luke Miller,190648,T,RICE,2,100.0,0,275,74.6,45.5,75.0,1,0,21,100.0,100.0,97.6,0,1,0,88,0,0,56,88,22,22,0,32,66,0,379,1,1,57,415,50,303,1,368,2,6,256,1,112,1,318,4,28,174,318,368,368,38,213,260,156,True
Brennan Parachek,174050,TE,MICH STATE,4,61.5,0,223,53.2,55.0,50.0,0,1,14,20.9,22.5,89.3,1,2,1,88,0,0,0,143,16,71,0,0,72,116,23,286,1,327,347,361,1,371,101,251,240,436,293,451,459,98,1,2,61,101,93,115,2,62,106,62,True
T.J. Johnson,199058,WR,DOMINION,4,47.3,0,263,59.3,,61.2,0,0,0,0.0,0.0,,2,0,0,88,0,0,0,186,0,98,0,0,88,1,38,274,1,536,,337,1,1,76,76,80,,743,1,1,84,1,2,5,139,80,200,1,5,82,112,True
Kalieb Osborne,184132,QB,UCONN,4,35.9,1,146,91.7,,60.0,0,0,0,0.0,0.0,,2,0,0,88,0,0,0,245,0,135,0,0,88,0,6,142,199,5,,78,1,1,18,18,20,,167,1,1,74,1,1,1,61,20,53,1,1,73,2,True
Mekhi Miller,157163,WR,MO STATE,4,46.8,0,230,58.2,,51.7,0,0,0,0.0,0.0,,1,0,0,88,0,0,0,188,0,100,0,0,88,0,38,289,1,571,,633,1,1,76,76,80,,550,1,1,84,1,2,5,132,80,189,1,5,82,213,True
Kache Kaio,200243,TE,UTAH ST,4,60.3,1,329,44.5,51.8,52.4,0,1,46,46.9,45.3,98.9,1,1,0,88,0,0,0,146,48,106,0,1,40,95,23,307,465,445,370,328,1,371,2,59,62,304,293,329,1,98,1,2,61,98,2,31,2,19,256,101,True
Jabari Bates,157835,HB,S JOSE ST,4,44.7,0,285,79.1,87.4,56.9,0,1,73,70.9,71.7,99.3,0,1,0,88,0,0,0,197,76,106,0,0,12,0,15,41,1,45,2,185,1,150,1,10,9,108,1,113,1,4,2,1,1,8,1,16,1,1,101,48,True
Skyler Locklear,164027,QB,MO STATE,4,41.5,0,230,73.6,,60.0,0,0,0,0.0,0.0,,1,0,0,88,0,0,0,212,0,111,0,0,88,0,6,91,1,91,,78,1,1,18,18,20,,110,1,1,74,1,1,1,97,20,95,1,1,73,2,True
Corri Milliner,173337,WR,N TEXAS,5,40.9,0,251,71.7,,35.3,0,0,0,0.0,0.0,,1,0,0,88,0,0,0,215,0,126,0,0,88,0,1,482,1,148,,786,1,1,76,76,80,,550,1,1,84,1,2,5,72,80,78,1,5,82,213,True
Josiah Freeman,163398,WR,FRESNO ST,4,45.8,0,169,75.6,,55.7,0,0,0,0.0,0.0,,1,0,0,88,0,0,0,192,0,104,0,0,88,0,38,318,1,87,,572,1,1,76,76,80,,550,1,1,84,1,2,5,125,80,163,1,5,82,213,True
Max Dowling,163805,TE,UMASS,4,64.7,0,216,56.4,48.9,69.7,0,0,9,16.4,17.2,88.9,2,1,1,88,0,0,0,136,10,58,0,0,78,100,23,251,1,263,380,71,1,1,194,317,308,438,439,329,459,98,1,2,61,123,188,151,2,62,80,89,True
Cooper Young,173194,G,UAB,4,100.0,0,321,59.4,60.9,57.8,1,3,40,100.0,100.0,95.0,0,4,0,88,0,0,0,88,43,43,88,0,45,0,18,1,1,315,349,324,374,373,339,3,8,477,1,378,1,334,47,327,39,334,339,339,156,40,324,58,True
Mario Sanders,183512,WR,SO MISS,4,39.2,0,296,70.5,,48.3,0,0,0,0.0,0.0,,1,0,0,87,0,0,0,222,0,135,0,0,87,0,38,538,1,185,,690,1,1,76,76,80,,550,1,1,89,1,2,5,57,80,48,1,5,87,213,True
Kevo Wesley,124364,G,VANDERBILT,2,100.0,0,333,44.8,60.9,42.5,2,0,44,100.0,100.0,97.7,1,2,0,87,0,45,0,87,45,45,42,0,42,0,400,1,1,505,349,510,467,1,334,3,8,365,266,230,1,335,47,199,39,335,336,336,199,40,331,58,True
Riley Neer,188469,WR,OHIO,4,41.0,0,259,78.1,67.7,59.7,0,0,1,0.8,0.8,100.0,0,0,0,87,0,0,0,212,1,126,0,0,86,0,38,476,1,52,13,450,1,1,14,62,63,1,1,1,1,89,1,2,5,79,16,78,1,5,90,213,True
Val Erickson,157152,G,LIBERTY,3,100.0,0,206,65.3,86.9,62.0,0,0,29,100.0,100.0,100.0,1,0,0,87,0,0,0,87,30,30,87,0,57,0,284,1,1,164,17,215,1,1,364,3,8,1,266,1,1,335,47,327,39,335,367,367,157,40,294,58,True
Trevon Humphrey,159901,T,BOSTON COL,3,100.0,0,121,62.4,70.8,56.9,1,2,43,100.0,100.0,94.2,0,4,1,87,0,0,87,87,47,47,0,0,40,0,278,1,1,252,187,347,303,218,315,2,6,444,1,270,333,319,4,28,152,319,315,315,38,301,324,156,True
Hunter Hopperton,161377,TE,KENT STATE,4,69.0,1,201,54.7,53.4,46.6,0,2,17,34.0,32.7,94.1,1,2,0,87,0,0,0,126,17,52,0,0,70,91,23,211,465,302,360,407,1,470,70,125,145,388,293,451,1,101,1,2,61,144,82,179,2,62,115,118,True
Cyrus Ellison,165433,TE,COAST CAR,4,56.1,0,141,30.9,67.7,39.2,0,1,17,21.3,20.0,97.1,6,1,0,87,0,0,0,155,17,85,0,0,70,133,23,354,1,482,231,467,1,371,70,248,271,324,483,329,1,101,1,2,61,82,82,77,2,62,115,28,True
Chris Gacayan II,204360,TE,TULSA,5,66.4,0,320,57.6,61.8,70.1,0,1,16,29.1,26.7,96.9,1,1,0,87,0,0,0,131,16,60,0,0,71,81,1,234,1,238,311,66,1,371,81,168,187,331,293,329,1,101,1,2,61,135,93,142,2,62,113,146,True
Linkon Cure,204094,TE,KANSAS ST,4,68.0,0,199,53.6,56.1,52.5,0,1,13,25.0,24.5,96.2,0,1,0,87,0,0,0,128,13,53,0,0,74,102,23,224,1,321,346,324,1,371,120,198,211,343,1,329,1,101,1,2,61,139,131,172,2,62,95,86,True
Destyn Hill,170339,WR,TULANE,4,48.3,0,319,63.2,61.9,75.4,0,0,1,1.1,1.1,100.0,0,0,0,87,0,0,0,180,1,94,0,0,86,0,38,254,1,396,54,42,1,1,14,44,47,1,1,1,1,89,1,2,5,157,16,227,1,5,90,213,True
Matthew Nehf,171238,G,C MICHIGAN,4,100.0,0,134,52.1,36.7,54.1,1,2,33,100.0,100.0,92.4,0,4,1,87,32,45,0,87,34,34,10,0,53,0,18,1,1,457,478,408,374,295,355,3,8,498,1,378,399,335,10,199,39,335,356,356,288,40,307,58,True
Cole Rhett,171386,T,BAYLOR,4,100.0,0,118,62.6,64.0,60.7,1,0,36,100.0,100.0,98.6,0,1,0,87,0,0,56,87,38,38,31,0,49,0,16,1,1,245,276,264,303,1,329,2,6,164,1,112,1,319,4,28,174,319,335,335,6,301,299,156,True
Malachi Singleton,172426,QB,APP STATE,4,33.1,0,108,91.1,,60.1,0,0,0,0.0,0.0,,0,0,0,87,0,0,0,263,0,150,0,0,87,0,6,164,1,10,,34,1,1,18,18,20,,1,1,1,77,1,1,1,29,20,37,1,1,77,2,True
Hudson Clement,173172,WR,ILLINOIS,4,39.9,0,187,63.3,61.0,50.1,0,0,1,0.8,0.8,100.0,1,0,0,87,0,0,0,218,1,132,0,0,86,0,38,515,1,391,64,660,1,1,14,62,63,1,550,1,1,89,1,2,5,66,16,57,1,5,90,213,True
Baron Naone,199526,TE,WASHINGTON,4,54.8,0,340,72.8,37.8,51.4,2,1,31,31.0,31.7,95.2,0,3,0,86,0,0,0,157,33,104,0,0,53,130,23,373,1,47,419,338,482,371,8,157,149,368,1,478,1,105,1,2,61,80,8,33,2,62,196,31,True
Caden Creel,170414,QB,JVILLE ST,5,27.7,0,196,68.6,,60.0,0,0,0,0.0,0.0,,0,0,0,86,0,0,0,311,0,160,0,0,86,0,1,190,1,118,,78,1,1,18,18,20,,1,1,1,78,1,1,1,5,20,20,1,1,78,2,True
Josh Derry,176941,WR,UCF,4,48.9,0,323,61.6,,44.7,0,0,0,0.0,0.0,,0,0,0,86,0,0,0,176,0,90,0,0,86,0,38,240,1,457,,742,1,1,76,76,80,,1,1,1,93,1,2,5,178,80,250,1,5,90,213,True
Elija Lofton,183234,TE,MIAMI FL,4,51.8,0,220,67.5,72.1,68.9,0,0,14,15.4,14.9,100.0,2,0,0,86,0,0,0,166,14,94,0,0,72,110,23,398,1,96,126,81,1,1,101,330,346,1,439,1,1,105,1,2,61,61,120,56,2,62,106,68,True
Griffin Stalfort,186447,TE,AIR FORCE,3,93.5,0,101,63.1,72.7,70.7,0,0,4,44.4,40.0,100.0,2,0,0,86,0,0,3,92,4,10,0,3,82,68,353,21,1,156,105,59,1,1,332,65,94,1,439,1,1,105,1,2,11,222,341,414,2,6,71,189,True
Nick Dalessandro,160460,G,UMASS,4,100.0,0,216,51.3,78.1,47.8,1,1,36,100.0,100.0,97.2,1,2,0,86,0,9,0,86,41,41,71,0,45,6,18,1,1,464,126,484,374,171,349,3,8,407,266,230,1,338,47,294,39,338,344,344,170,40,324,8,True
Jason Maciejczak,170234,C,WYOMING,2,100.0,0,351,62.3,75.7,58.4,0,2,39,100.0,100.0,97.4,0,2,0,86,86,0,0,86,40,40,0,0,46,0,180,1,1,138,105,169,1,140,153,2,3,203,1,120,1,151,148,18,3,151,155,155,21,6,151,16,True
Trent Thomas,172314,TE,TENNESSEE,4,72.3,0,307,64.3,70.6,58.0,0,1,20,40.0,38.9,97.5,0,1,0,86,0,0,0,119,21,54,0,0,65,40,23,181,1,139,165,215,1,371,42,96,100,316,1,329,1,105,1,2,61,161,41,165,2,62,145,314,True
Champ Taulealea,199524,G,WASHINGTON,3,100.0,0,340,59.3,56.3,63.6,0,3,55,100.0,100.0,97.3,2,3,0,86,0,0,0,86,58,58,86,0,28,0,284,1,1,320,385,180,1,373,304,3,8,404,396,319,1,338,47,327,39,338,305,305,158,40,380,58,True
Blane Cleaver,147342,TE,BOWL GREEN,4,92.5,0,122,57.1,73.1,50.9,0,0,9,60.0,56.3,100.0,0,0,0,86,0,0,0,93,9,16,0,0,77,89,23,25,1,247,90,344,1,1,194,27,36,1,1,1,1,105,1,2,61,220,214,369,2,62,85,120,True
Micah Hudson,184902,WR,TEXAS TECH,4,46.5,0,315,53.8,,63.0,0,0,0,0.0,0.0,,1,0,0,86,0,0,0,185,0,99,0,0,86,0,38,298,1,700,,224,1,1,76,76,80,,550,1,1,93,1,2,5,142,80,196,1,5,90,213,True
Noah Bennee,158474,TE,UTAH,4,57.0,0,328,72.1,62.0,60.1,0,1,18,22.5,21.7,97.2,1,1,0,86,0,0,1,151,18,83,0,1,68,102,23,346,1,54,307,183,1,371,56,232,251,320,293,329,1,105,1,2,24,89,71,81,2,19,123,86,True
Shed Sarratt Jr.,199949,T,S CAROLINA,3,100.0,0,289,66.3,85.4,57.8,0,0,40,100.0,100.0,100.0,0,0,0,86,0,0,20,86,43,43,0,66,43,0,278,1,1,168,16,327,1,1,318,2,6,1,1,1,1,321,4,28,238,321,321,321,38,178,316,156,True
Keenan Jackson,183362,WR,NC STATE,4,44.1,0,248,76.6,63.5,65.2,0,0,1,1.0,0.9,100.0,0,0,0,86,0,0,0,195,1,110,0,0,85,2,38,381,1,73,41,187,1,1,14,49,55,1,1,1,1,93,1,2,5,119,16,135,1,5,98,73,True
Braden Pegan,162463,WR,UTAH,4,43.4,0,328,77.9,,62.1,0,0,0,0.0,0.0,,0,0,0,86,0,0,0,198,0,111,0,0,86,0,38,401,1,55,,260,1,1,76,76,80,,1,1,1,93,1,2,5,112,80,130,1,5,90,213,True
Camden Coleman,170901,QB,JAMES MAD,4,40.8,0,197,64.4,,60.4,0,0,0,0.0,0.0,,1,0,0,86,0,0,0,211,0,108,0,0,86,0,6,98,1,138,,6,1,1,18,18,20,,110,1,1,78,1,1,1,101,20,97,1,1,78,2,True
Matt Ludwig,214131,TE,TEXAS TECH,4,71.1,0,315,56.6,72.8,56.9,0,0,9,20.9,20.5,100.0,0,0,0,86,0,0,0,121,9,44,0,0,77,85,23,194,1,258,101,232,1,1,194,251,267,1,1,1,1,105,1,2,61,156,214,207,2,62,85,131,True
Brayden Munroe,176815,WR,KENNESAW,4,45.7,0,200,68.1,,62.0,0,0,0,0.0,0.0,,0,0,0,86,0,0,0,188,0,102,0,0,86,0,38,325,1,238,,272,1,1,76,76,80,,1,1,1,93,1,2,5,132,80,175,1,5,90,213,True
Branden Ganashamoorthy,176674,WR,WASH STATE,4,40.4,0,341,57.9,,64.3,0,0,0,0.0,0.0,,0,0,0,86,0,0,0,213,0,127,0,0,86,2,38,491,1,580,,200,1,1,76,76,80,,1,1,1,93,1,2,5,77,80,72,1,5,90,73,True
Luke Kokat,162211,TE,N DAK ST,4,85.1,0,250,71.4,72.6,75.0,0,0,8,36.4,40.0,100.0,0,0,0,86,0,0,0,101,10,25,0,0,76,72,23,67,1,59,109,32,1,1,218,116,94,1,1,1,1,105,1,2,61,204,188,312,2,62,90,170,True
Cooper Hoch,174870,WR,S JOSE ST,4,41.7,0,285,72.1,,56.0,0,0,0,0.0,0.0,,0,0,0,85,0,0,0,204,0,119,0,0,85,5,38,455,1,137,,566,1,1,76,76,80,,1,1,1,99,1,2,5,95,80,108,1,5,98,25,True
Vince Benetti,174656,TE,IOWA STATE,4,59.4,0,193,43.4,54.2,44.4,0,1,10,15.4,15.9,95.0,2,1,0,85,0,0,0,143,11,69,0,0,74,107,23,316,1,451,357,432,1,371,173,330,329,370,439,329,1,113,1,2,61,101,166,121,2,62,95,75,True
Jared Richardson,164680,WR,DUKE,4,55.2,0,154,60.4,70.2,67.0,0,0,2,3.0,2.8,100.0,3,0,0,85,0,0,0,154,2,71,0,0,83,0,38,134,1,501,7,161,1,1,5,14,15,1,784,1,1,99,1,2,5,254,5,366,1,5,110,213,True
Ben Congdon,216901,G,MIAMI FL,3,100.0,0,220,58.8,43.8,60.1,2,1,39,100.0,100.0,96.2,0,3,0,85,0,73,0,85,42,42,0,11,43,0,284,1,1,340,456,257,467,171,340,3,8,451,1,319,1,340,47,174,39,340,341,341,322,10,329,58,True
Keith Olson,158501,G,UTAH,3,100.0,0,328,55.8,53.2,54.6,0,2,38,100.0,100.0,97.4,0,2,0,85,0,0,0,85,38,38,85,0,47,0,284,1,1,406,409,402,1,295,342,3,8,392,1,230,1,340,47,327,39,340,349,349,159,40,319,58,True
Tree Babalade,175918,T,NEBRASKA,4,100.0,0,238,66.3,72.5,66.9,0,1,37,100.0,100.0,98.6,1,1,0,85,0,1,0,85,38,38,0,84,47,0,16,1,1,168,161,145,1,145,325,2,6,164,232,112,1,322,4,16,315,322,335,335,38,163,305,156,True
Desirrio Riles,175202,TE,FLORIDA ST,4,62.5,0,167,48.2,63.6,44.7,0,2,14,23.0,25.0,92.9,1,2,0,85,0,0,0,136,17,68,0,0,68,83,23,271,1,404,295,427,1,470,101,229,196,401,293,451,1,113,1,2,61,123,82,124,2,62,123,139,True
Koby Young,190823,WR,HOUSTON,4,43.4,0,182,65.5,,77.7,0,0,0,0.0,0.0,,0,0,0,85,0,0,0,196,0,109,0,0,85,0,38,401,1,320,,29,1,1,76,76,80,,1,1,1,99,1,2,5,117,80,138,1,5,98,213,True
DeAndre Moore Jr.,173164,WR,COLORADO,4,50.0,0,143,66.1,,70.7,0,0,0,0.0,0.0,,0,0,0,85,0,0,0,170,0,85,0,0,85,1,38,209,1,300,,100,1,1,76,76,80,,1,1,1,99,1,2,5,200,80,279,1,5,98,112,True
Da'Realyst Clark,198624,WR,KENT STATE,4,47.8,0,201,73.7,,50.8,0,0,0,0.0,0.0,,0,0,0,85,0,0,0,178,0,93,0,0,85,0,38,265,1,119,,650,1,1,76,76,80,,1,1,1,99,1,2,5,166,80,233,1,5,98,213,True
River Helms,145539,TE,GA SOUTHRN,4,38.3,0,174,58.3,71.1,42.5,0,0,16,11.2,11.6,100.0,1,0,0,85,0,0,1,222,18,155,0,2,67,130,23,468,1,228,152,449,1,1,81,395,392,1,293,1,1,113,1,2,24,15,71,4,2,11,130,31,True
Reed Jesiolowski,191240,TE,KENNESAW,4,61.2,0,200,51.4,63.1,54.7,0,1,15,22.7,24.3,96.7,2,1,0,85,0,0,1,139,17,70,0,1,68,61,23,290,1,363,298,276,1,371,89,230,214,333,439,329,1,113,1,2,24,113,82,118,2,19,123,214,True
Tait Reynolds,213354,QB,CLEMSON,4,37.1,0,140,52.0,,60.0,0,0,0,0.0,0.0,,1,0,0,85,0,0,0,229,0,120,0,0,85,0,6,130,1,182,,78,1,1,18,18,20,,110,1,1,80,1,1,1,80,20,82,1,1,80,2,True
RJ Vick,194627,WR,COLO STATE,4,36.5,0,144,71.3,66.5,54.6,0,0,1,0.7,0.7,100.0,0,0,0,84,0,0,2,230,1,146,0,0,83,0,38,633,1,159,17,584,1,1,14,71,73,1,1,1,1,104,1,2,1,46,16,23,1,5,110,213,True
Kadin Semonza,174001,QB,TULANE,4,39.6,0,319,69.3,,60.0,0,0,0,0.0,0.0,,1,0,0,84,0,0,0,212,0,116,0,0,84,0,6,112,1,110,,78,1,1,18,18,20,,110,1,1,81,1,1,1,97,20,87,1,1,81,2,True
Nic Anderson,158090,WR,KENTUCKY,4,48.6,0,202,51.6,,51.5,0,0,0,0.0,0.0,,0,0,0,84,0,0,1,173,0,89,0,0,84,6,38,246,1,739,,638,1,1,76,76,80,,1,1,1,104,1,2,2,189,80,255,1,5,103,16,True
Brady Hunt,145631,TE,S CAROLINA,4,55.6,0,289,57.8,54.9,54.1,0,3,14,18.7,18.5,89.3,2,3,0,84,0,0,0,151,15,81,0,0,69,79,23,360,1,235,349,294,1,482,101,273,291,436,439,478,1,117,1,2,61,89,109,86,2,62,118,152,True
CC Ezirim,171376,TE,W KENTUCKY,5,47.5,0,346,58.5,73.8,45.3,0,0,17,16.2,15.5,100.0,2,0,0,84,0,0,1,177,17,110,0,0,67,87,1,433,1,227,70,417,1,1,70,320,336,1,439,1,1,117,1,2,24,51,82,26,2,62,130,124,True
Darian Mensah,169984,QB,MIAMI FL,4,40.0,0,220,94.1,62.2,60.1,0,0,0,0.0,0.8,,0,0,0,84,0,0,0,210,1,123,0,0,83,0,6,107,1,1,1,34,1,1,18,18,10,,1,1,1,81,1,1,1,102,1,73,1,1,84,2,True
Marlion Jackson,162957,WR,VA TECH,4,46.9,0,337,54.4,,68.4,0,0,0,0.0,0.0,,0,0,0,84,0,0,0,179,0,95,0,0,84,0,38,285,1,686,,141,1,1,76,76,80,,1,1,1,104,1,2,5,162,80,224,1,5,103,213,True
Chauncey Magwood,146734,WR,PURDUE,4,38.9,0,273,64.2,,59.2,0,0,0,0.0,0.0,,0,0,0,84,0,0,0,216,0,131,0,0,84,0,38,550,1,361,,475,1,1,76,76,80,,1,1,1,104,1,2,5,68,80,58,1,5,103,213,True
Xayvion Turner-Bradshaw,157644,WR,MARSHALL,4,41.0,0,214,66.2,,62.9,0,0,0,0.0,0.0,,0,0,0,84,0,0,0,205,0,119,0,0,84,0,38,476,1,294,,228,1,1,76,76,80,,1,1,1,104,1,2,5,92,80,108,1,5,103,213,True
Isaiah Horton,162735,WR,TEXAS A&M,4,37.7,0,312,63.4,,58.0,0,0,0,0.0,0.0,,1,0,0,84,0,0,0,223,0,139,0,0,84,0,38,590,1,384,,515,1,1,76,76,80,,550,1,1,104,1,2,5,55,80,40,1,5,103,213,True
Winston Watkins Jr.,199790,WR,LSU,4,39.3,0,211,77.0,,53.6,0,0,0,0.0,0.0,,1,0,0,84,0,0,0,214,0,126,0,0,84,14,38,532,1,68,,601,1,1,76,76,80,,550,1,1,104,1,2,5,75,80,78,1,5,103,1,True
Nyck Harbor,175923,WR,S CAROLINA,4,42.9,0,289,56.0,,38.3,0,0,0,0.0,0.0,,1,0,0,84,0,0,0,196,0,112,0,0,84,2,38,416,1,636,,777,1,1,76,76,80,,550,1,1,104,1,2,5,117,80,127,1,5,103,73,True
CJ Bailey,183349,QB,NC STATE,4,35.7,0,248,59.0,,60.0,0,0,0,0.0,0.0,,0,0,0,84,0,0,0,235,0,135,0,0,84,0,6,144,1,163,,78,1,1,18,18,20,,1,1,1,81,1,1,1,73,20,53,1,1,81,2,True
Jackson Arnold,173684,QB,UNLV,4,31.6,0,325,74.2,,60.3,0,0,0,0.0,0.0,,1,0,0,84,0,0,0,266,0,143,0,0,84,0,6,172,1,86,,10,1,1,18,18,20,,110,1,1,81,1,1,1,23,20,46,1,1,81,2,True
Chantz Chargualaf,220549,C,UTAH ST,3,100.0,0,329,56.3,86.1,47.2,0,0,62,100.0,100.0,100.0,1,0,0,84,84,0,0,84,64,64,0,0,20,0,126,1,1,194,3,229,1,1,142,2,3,1,110,1,1,152,150,18,3,152,143,143,21,6,189,16,True
Dakota Twitty,156366,TE,VIRGINIA,4,60.4,0,335,62.8,76.9,61.4,0,0,18,25.4,24.7,100.0,0,0,0,84,0,0,0,139,18,73,0,1,66,84,23,305,1,158,18,168,1,1,56,195,208,1,1,1,1,117,1,2,61,113,71,105,2,19,138,134,True
Brian Rowe Jr.,199945,WR,UCLA,4,48.3,0,324,66.2,,63.0,0,0,0,0.0,0.0,,0,0,0,83,0,0,0,172,0,88,0,0,83,0,38,254,1,294,,224,1,1,76,76,80,,1,1,1,112,1,2,5,192,80,259,1,5,110,213,True
Ezekiel Avit,170183,WR,FRESNO ST,4,45.6,0,169,72.7,,78.6,0,0,0,0.0,0.0,,0,0,0,83,0,0,0,182,0,99,0,0,83,0,38,328,1,129,,23,1,1,76,76,80,,1,1,1,112,1,2,5,153,80,196,1,5,110,213,True
Derrick Eley,193128,WR,CHARLOTTE,4,39.2,0,136,58.1,,57.5,0,0,0,0.0,0.0,,0,0,0,83,0,0,0,212,0,129,0,1,83,6,38,538,1,575,,533,1,1,76,76,80,,1,1,1,112,1,2,5,79,80,66,1,2,110,16,True
Josh Sapp,156238,TE,W VIRGINIA,4,72.8,0,343,46.7,28.9,49.1,0,1,3,9.4,8.8,83.3,0,1,0,83,0,0,0,114,3,34,0,0,80,62,23,175,1,423,452,376,1,371,357,407,415,452,1,329,1,120,1,2,61,170,368,259,2,62,75,207,True
Micah Alejado,184162,QB,HAWAII,4,28.2,0,180,63.8,,60.1,0,0,0,0.0,0.0,,0,0,0,83,0,0,0,294,0,209,0,0,83,0,6,187,1,142,,34,1,1,18,18,20,,1,1,1,85,1,1,1,6,20,1,1,1,84,2,True
Baylor Hayes,192135,QB,TULSA,3,39.2,0,320,51.9,,60.1,0,0,0,0.0,0.0,,0,0,0,83,0,0,0,212,0,119,0,0,83,0,129,116,1,183,,34,1,1,18,18,20,,1,1,1,85,1,1,1,97,20,83,1,1,84,2,True
Styles Prescod,184101,T,NOTRE DAME,3,100.0,0,258,46.2,65.9,39.9,1,0,39,100.0,100.0,98.7,0,1,0,83,0,0,13,83,41,41,33,37,42,0,278,1,1,458,256,492,303,1,322,2,6,160,1,112,1,323,4,28,273,323,323,323,5,201,320,156,True
Jordan Williams,163339,TE,SACRAMENTO,5,42.3,0,279,54.3,58.1,54.2,0,1,16,13.0,13.7,96.9,1,1,0,83,0,0,0,196,18,131,0,0,65,110,1,453,1,310,332,291,1,371,81,367,364,331,293,329,1,120,1,2,61,25,71,11,2,62,145,68,True
Junior Sherrill,172627,WR,VANDERBILT,4,36.7,0,333,70.1,,70.1,0,0,0,0.0,0.0,,0,0,0,83,0,0,0,226,0,142,0,0,83,1,38,627,1,195,,106,1,1,76,76,80,,1,1,1,112,1,2,5,50,80,31,1,5,110,112,True
Luke Gilbert,204924,TE,JVILLE ST,5,53.5,0,196,72.3,73.0,65.2,0,0,13,16.7,16.3,100.0,1,0,0,83,0,0,0,155,14,86,0,0,69,65,1,383,1,53,91,123,1,1,120,308,322,1,293,1,1,120,1,2,61,82,120,73,2,62,118,199,True
Stonka Burnside,184751,WR,MEMPHIS,4,53.5,0,218,60.3,,72.0,0,0,0,0.0,0.0,,0,0,0,83,0,0,0,155,0,72,0,0,83,0,38,150,1,503,,75,1,1,76,76,80,,1,1,1,112,1,2,5,249,80,355,1,5,110,213,True
Manuel Beigel,190825,TE,MICHIGAN,3,98.8,0,222,87.8,69.0,80.6,0,0,26,96.3,96.7,96.2,0,1,1,83,0,0,0,84,29,30,0,1,54,83,353,7,1,5,202,10,1,1,22,4,4,343,1,329,459,120,1,2,61,245,19,275,2,19,191,139,True
Ismael Smith Flores,170242,TE,E CAROLINA,4,55.0,0,156,56.1,44.7,53.0,0,2,11,14.9,14.1,90.9,1,2,0,83,0,0,0,151,11,78,0,0,72,42,23,369,1,268,397,318,1,470,148,339,359,421,293,451,1,120,1,2,61,89,166,90,2,62,106,300,True
Josh Ford,183909,TE,ALABAMA,4,85.6,0,103,60.5,33.6,59.0,1,3,15,55.6,54.8,86.7,1,4,0,83,0,0,0,97,17,31,0,0,66,82,23,65,1,197,436,198,448,482,89,37,40,444,293,482,1,120,1,2,61,212,82,273,2,62,138,142,True
Jaron Tibbs,174972,WR,KANSAS ST,4,44.9,0,199,65.8,,58.8,0,0,0,0.0,0.0,,0,0,0,83,0,0,0,185,0,102,0,0,83,0,38,353,1,307,,489,1,1,76,76,80,,1,1,1,112,1,2,5,142,80,175,1,5,110,213,True
Uluaki Taukiuvea,204039,T,HAWAII,2,100.0,0,180,48.7,31.3,57.4,0,3,59,100.0,100.0,97.5,1,3,0,83,0,0,0,83,60,60,0,83,23,0,379,1,1,451,461,334,1,276,288,2,6,265,232,224,1,323,4,28,315,323,293,293,38,164,378,156,True
Trinidad Chambliss,178723,QB,OLE MISS,4,30.8,0,226,85.0,,60.2,0,0,0,0.0,0.0,,0,0,0,82,0,0,0,266,0,167,0,0,82,0,6,179,1,34,,20,1,1,18,18,20,,1,1,1,87,1,1,1,23,20,15,1,1,87,2,True
Chase Sowell,157700,WR,PENN STATE,4,46.9,0,266,77.3,,78.3,0,0,0,0.0,0.0,,0,0,0,82,0,0,0,175,0,93,0,0,82,0,38,285,1,62,,26,1,1,76,76,80,,1,1,1,118,1,2,5,184,80,233,1,5,118,213,True
Broc Lowry,173383,QB,W MICHIGAN,4,36.3,0,347,63.7,,60.1,0,0,0,0.0,0.0,,0,0,0,82,0,0,0,226,0,112,0,0,82,0,6,138,1,145,,34,1,1,18,18,20,,1,1,1,87,1,1,1,83,20,92,1,1,87,2,True
Gavin Blanchard,199636,G,CLEMSON,2,100.0,0,140,60.7,35.2,62.8,1,0,29,100.0,100.0,91.4,0,3,2,82,0,82,0,82,32,32,0,0,50,0,400,1,1,285,480,201,374,1,364,3,8,503,1,319,489,342,47,168,39,342,361,361,322,40,312,58,True
Chris Lofton,172252,WR,APP STATE,4,39.2,0,108,65.0,74.3,83.4,0,0,2,1.6,1.6,100.0,0,0,0,82,0,0,0,209,2,128,0,0,80,0,38,538,1,340,3,7,1,1,5,27,26,1,1,1,1,118,1,2,5,84,5,71,1,5,127,213,True
Jerry Lydiatt,175677,TE,NEW MEX ST,5,82.0,0,242,70.5,76.5,77.3,0,0,9,33.3,35.7,100.0,0,0,0,82,0,0,0,100,10,28,0,0,72,53,1,86,1,71,23,19,1,1,194,127,118,1,1,1,1,126,1,2,61,207,188,287,2,62,106,248,True
Nic Trujillo,175742,WR,LA MONROE,4,39.8,0,209,56.2,,42.6,0,0,0,0.0,0.0,,0,0,0,82,0,0,0,206,0,124,0,0,82,0,38,516,1,629,,760,1,1,76,76,80,,1,1,1,118,1,2,5,89,80,92,1,5,118,213,True
Dakorien Moore,199882,WR,OREGON,4,41.0,0,264,65.4,63.7,75.4,0,0,2,1.8,1.7,100.0,0,0,0,82,0,0,0,200,2,120,0,0,80,0,38,476,1,324,39,42,1,1,5,24,24,1,1,1,1,118,1,2,5,106,5,104,1,5,127,213,True
Benji Gosnell,157639,TE,VA TECH,4,62.1,0,337,53.1,60.4,64.7,0,0,11,18.3,20.6,100.0,0,0,0,82,0,0,0,132,13,63,0,0,69,99,23,276,1,328,320,131,1,1,148,280,266,1,1,1,1,126,1,2,61,132,131,134,2,62,118,95,True
Braylen Naves,204760,WR,C MICHIGAN,4,62.6,0,134,55.1,,71.7,0,0,0,0.0,0.0,,0,0,0,82,0,0,0,131,0,49,0,0,82,0,38,78,1,669,,79,1,1,76,76,80,,1,1,1,118,1,2,5,326,80,487,1,5,118,213,True
Cataurus Hicks,174705,WR,PITTSBURGH,4,40.2,0,268,61.7,,64.5,0,0,0,0.0,0.0,,0,0,0,82,0,0,0,204,0,122,0,0,82,0,38,500,1,450,,197,1,1,76,76,80,,1,1,1,118,1,2,5,95,80,96,1,5,118,213,True
Sean Wilson,185332,WR,DELAWARE,4,38.7,0,151,79.4,55.0,63.0,0,0,1,0.8,0.8,100.0,0,0,0,82,0,0,0,212,1,131,0,0,81,0,38,556,1,41,76,224,1,1,14,62,63,1,1,1,1,118,1,2,5,79,16,58,1,5,122,213,True
Cayden Sweatt,175006,G,APP STATE,2,100.0,0,108,57.3,64.5,53.8,0,2,50,100.0,100.0,98.0,1,2,0,82,0,82,0,82,53,53,0,0,29,0,400,1,1,373,313,413,1,295,319,3,8,335,266,230,1,342,47,168,39,342,314,314,322,40,373,58,True
Lyviel Waters,188202,TE,CINCINNATI,4,73.2,0,138,51.9,77.9,49.0,0,0,15,34.1,33.3,100.0,1,0,0,82,0,0,0,112,15,45,0,0,67,54,23,171,1,355,10,378,1,1,89,124,128,1,293,1,1,126,1,2,61,174,109,205,2,62,130,244,True
Kevin Terry,173285,T,TEMPLE,3,100.0,1,306,67.0,66.6,64.7,0,3,35,100.0,100.0,95.7,1,3,0,81,0,0,40,81,39,39,0,41,42,0,278,1,434,155,242,184,1,276,337,2,6,395,232,224,1,325,4,28,191,325,330,331,38,196,320,156,True
Dru DeShields,176094,QB,KENT STATE,4,39.9,0,201,73.8,62.2,60.0,0,0,1,1.0,0.9,100.0,2,0,0,81,0,0,0,203,1,107,0,0,80,0,6,109,1,89,1,78,1,1,1,6,7,1,167,1,1,89,1,1,1,107,1,99,1,1,91,2,True
Ty Lockwood,172385,TE,ARKANSAS,4,42.6,0,111,54.5,73.9,47.8,0,0,9,8.1,9.9,100.0,1,0,0,81,0,0,0,190,12,121,0,0,69,134,23,450,1,306,68,396,1,1,194,418,409,1,293,1,1,129,1,2,61,35,144,16,2,62,118,24,True
Christian Bentancur,189360,TE,CLEMSON,4,57.9,0,140,58.7,69.0,57.9,0,0,11,16.9,19.2,100.0,2,0,0,81,0,0,0,140,14,73,0,0,67,88,23,333,1,223,202,216,1,1,148,306,287,1,439,1,1,129,1,2,61,108,120,105,2,62,130,122,True
Jaylen Garth,123115,T,UTSA,2,100.0,0,331,41.9,22.7,57.0,1,4,45,100.0,100.0,94.4,2,5,0,81,0,0,0,81,51,51,0,81,30,0,379,1,1,478,474,344,303,332,312,2,6,436,348,312,1,325,4,28,315,325,309,309,38,165,354,156,True
Jameson Scissum,204929,TE,JVILLE ST,4,68.1,0,196,64.9,69.1,61.5,0,1,14,31.1,28.3,96.4,2,1,0,81,0,0,0,119,15,53,0,0,66,78,23,221,1,132,199,167,1,371,101,156,172,339,439,329,1,129,1,2,61,161,109,172,2,62,138,155,True
Richie Anderson III,173519,TE,TEXAS A&M,4,73.6,0,312,47.2,70.9,43.2,0,0,19,40.4,42.0,100.0,0,0,0,81,0,0,0,110,21,50,0,0,60,94,23,165,1,414,155,443,1,1,48,93,83,1,1,1,1,129,1,2,61,178,41,184,2,62,167,105,True
Noah Fifita,158722,QB,ARIZONA,4,32.3,0,109,85.7,,60.0,0,0,0,0.0,0.0,,0,0,0,81,0,0,0,251,0,158,0,0,81,0,6,168,1,29,,78,1,1,18,18,20,,1,1,1,89,1,1,1,51,20,25,1,1,89,2,True
Dominick Barry,213812,TE,WAKE,4,63.8,0,339,43.8,59.9,46.7,1,0,17,27.9,28.1,97.1,0,1,0,81,0,0,0,127,18,64,0,0,63,94,23,261,1,449,323,404,448,1,70,177,174,324,1,329,1,129,1,2,61,142,71,133,2,62,149,105,True
Vernell Brown III,200125,WR,FLORIDA,4,50.3,0,163,87.8,,64.5,0,0,0,0.0,0.0,,0,0,0,81,0,0,0,161,0,77,0,0,81,1,38,206,1,9,,197,1,1,76,76,80,,1,1,1,125,1,2,5,231,80,322,1,5,122,112,True
Davis Dotson,157806,T,TULSA,5,100.0,0,320,51.7,56.0,49.8,0,3,38,100.0,100.0,96.1,0,3,0,81,0,0,38,81,41,41,0,34,40,8,1,1,1,425,347,453,1,276,323,2,6,374,1,224,1,325,4,28,196,325,323,323,38,208,324,14,True
Malik Washington,198729,QB,MARYLAND,4,30.9,0,215,68.5,,60.0,0,0,0,0.0,0.0,,0,0,0,81,0,0,0,262,0,174,0,0,81,0,6,178,1,120,,78,1,1,18,18,20,,1,1,1,89,1,1,1,33,20,10,1,1,89,2,True
Ray Ray Joseph Jr.,175379,WR,E CAROLINA,4,45.0,0,156,61.1,,60.0,0,0,0,0.0,0.0,,0,0,0,81,0,0,0,180,0,97,0,0,81,3,38,350,1,475,,427,1,1,76,76,80,,1,1,1,125,1,2,5,157,80,207,1,5,122,48,True
Michael Troutman III,199904,G,VA TECH,1,100.0,0,337,71.4,65.5,72.5,0,0,38,100.0,100.0,100.0,0,0,0,81,0,0,0,81,40,40,80,0,41,1,480,1,1,61,299,55,1,1,342,3,8,1,1,1,1,344,47,327,39,344,347,347,162,40,336,26,True
TK King,157338,WR,NEW MEX ST,5,39.3,1,242,70.2,,47.9,0,0,0,0.0,0.0,,2,0,0,81,0,0,0,206,0,123,0,0,81,0,1,532,768,193,,698,1,1,76,76,80,,743,1,1,125,1,2,5,89,80,94,1,5,122,213,True
Ryan Ward,183343,TE,W VIRGINIA,4,75.0,0,343,65.3,72.6,64.3,0,0,8,24.2,22.9,100.0,0,0,0,81,0,0,0,108,8,35,0,0,73,70,23,146,1,123,109,136,1,1,218,213,233,1,1,1,1,129,1,2,61,183,244,251,2,62,101,180,True
Rocky Beers,156005,TE,OKLAHOMA,4,44.5,0,261,75.8,72.9,51.7,0,0,9,8.8,8.2,100.0,1,0,0,81,0,0,0,182,9,110,0,0,72,87,23,445,1,30,94,334,1,1,194,413,421,1,293,1,1,129,1,2,61,42,214,26,2,62,106,124,True
Harold Mack,198380,WR,E MICHIGAN,4,40.1,0,160,63.8,,47.2,0,0,0,0.0,0.0,,0,0,0,81,0,0,0,202,0,121,0,0,81,0,38,504,1,371,,706,1,1,76,76,80,,1,1,1,125,1,2,5,103,80,99,1,5,122,213,True
Waden Charles,199385,WR,UCF,4,49.4,0,323,59.8,,63.1,0,0,0,0.0,0.0,,0,0,0,80,0,0,0,162,0,82,0,0,80,2,38,228,1,515,,221,1,1,76,76,80,,1,1,1,129,1,2,5,224,80,293,1,5,127,73,True
Spike Sowells Jr.,198971,C,NC STATE,2,100.0,0,248,70.0,84.6,63.8,0,0,41,100.0,100.0,100.0,0,0,0,80,80,0,0,80,45,45,0,0,35,0,180,1,1,61,12,96,1,1,151,2,3,1,1,1,1,153,152,18,3,153,150,150,21,6,157,16,True
Eli Finley,170458,TE,LA TECH,3,48.8,1,208,63.4,72.9,61.0,0,0,16,16.7,17.6,100.0,3,0,0,80,0,0,1,164,18,102,0,0,62,92,353,422,465,151,94,174,1,1,81,308,305,1,477,1,1,136,1,2,24,67,71,37,2,62,154,115,True
Gavin McLaughlin,186484,G,COAST CAR,2,100.0,1,141,60.5,74.1,56.1,2,0,46,100.0,100.0,97.8,1,2,0,80,0,0,0,80,46,46,80,0,34,0,400,1,475,290,186,373,467,1,329,3,8,354,266,230,1,345,47,327,39,345,333,334,162,40,354,58,True
Jake Johnson,158655,TE,AUBURN,4,58.4,0,115,63.6,69.3,63.4,0,0,18,25.0,25.0,100.0,0,0,0,80,0,0,0,137,19,76,0,0,61,68,23,326,1,147,191,150,1,1,56,198,196,1,1,1,1,136,1,2,61,121,64,95,2,62,161,189,True
Evan Stewart,158674,WR,OREGON,4,37.6,0,264,69.4,67.5,54.3,0,0,1,0.8,0.8,100.0,0,0,0,80,0,0,0,213,1,133,0,0,79,1,38,594,1,209,15,588,1,1,14,62,63,1,1,1,1,129,1,2,5,77,16,54,1,5,132,112,True
Maguire Anderson,147504,WR,FIU,4,38.6,0,166,79.3,,52.8,0,0,0,0.0,0.0,,0,0,0,80,0,0,0,207,0,126,0,0,80,0,38,560,1,43,,616,1,1,76,76,80,,1,1,1,129,1,2,5,86,80,78,1,5,127,213,True
Connor Cox,174320,TE,VIRGINIA,4,90.9,0,335,79.4,74.3,80.2,0,0,14,66.7,63.6,100.0,1,0,0,80,0,0,1,88,14,22,0,0,66,77,23,34,1,16,58,11,1,1,101,20,25,1,293,1,1,136,1,2,24,232,120,334,2,62,138,157,True
Carver Cheeks,176809,WR,UTEP,4,46.5,0,330,68.5,,49.6,0,0,0,0.0,0.0,,4,0,0,80,0,0,0,172,0,92,0,0,80,2,38,298,1,228,,669,1,1,76,76,80,,792,1,1,129,1,2,5,192,80,237,1,5,127,73,True
David Alpers III,164853,TE,JVILLE ST,5,75.5,1,196,63.6,72.5,61.8,0,0,17,40.5,39.5,100.0,1,0,0,80,0,0,0,106,17,43,0,0,63,77,1,142,465,147,112,166,1,1,70,92,99,1,293,1,1,136,1,2,61,190,82,216,2,62,149,157,True
Michael Bennett III,164687,G,OREGON,3,100.0,0,264,59.6,70.2,56.1,0,1,43,100.0,100.0,98.8,0,1,0,80,0,1,0,80,44,44,79,0,36,0,284,1,1,312,253,373,1,171,335,3,8,227,1,139,1,345,47,316,39,345,337,337,165,40,350,58,True
Champ Smith,216894,G,ILLINOIS,2,100.0,0,187,56.1,57.5,58.5,0,1,49,100.0,100.0,99.0,2,1,0,80,0,0,0,80,53,53,80,0,27,0,400,1,1,400,379,299,1,171,320,3,8,199,396,139,1,345,47,327,39,345,314,314,162,40,382,58,True
Dominic Steward,183433,T,TULANE,2,100.0,0,319,47.1,38.4,60.5,2,2,36,100.0,100.0,94.4,3,4,0,79,0,0,79,79,39,39,0,0,40,0,379,1,1,455,439,270,429,218,329,2,6,436,425,270,1,328,4,28,157,328,330,331,38,301,324,156,True
Owen Sweeney,192256,WR,MARSHALL,4,44.4,0,214,56.8,,62.8,0,0,0,0.0,0.0,,1,0,0,79,0,0,0,178,0,99,0,0,79,0,38,368,1,614,,229,1,1,76,76,80,,550,1,1,133,1,2,5,166,80,196,1,5,132,213,True
Decker DeGraaf,183635,TE,WASHINGTON,4,47.9,0,340,64.5,53.7,60.2,0,0,21,19.8,21.1,100.0,0,0,0,79,0,0,0,165,23,109,0,0,56,120,23,429,1,136,359,181,1,1,37,270,261,1,1,1,1,140,1,2,61,63,35,28,2,62,181,47,True
Harrison Cluff,200114,C,BAYLOR,2,100.0,0,118,61.0,65.8,58.6,0,0,43,100.0,100.0,100.0,0,0,0,79,78,0,0,79,45,45,1,0,34,0,180,1,1,157,166,166,1,1,149,2,3,1,1,1,1,154,153,18,3,154,150,150,14,6,160,16,True
Kaleb Webb,157616,WR,MARYLAND,4,33.8,0,215,58.4,,55.5,0,0,0,0.0,0.0,,0,0,0,79,0,0,0,234,0,155,0,0,79,0,38,676,1,563,,575,1,1,76,76,80,,1,1,1,133,1,2,5,37,80,16,1,5,132,213,True
Niki Prongos,162464,T,STANFORD,1,100.0,0,300,73.3,79.0,68.0,1,0,40,100.0,100.0,98.7,0,1,0,79,0,0,79,79,44,44,0,0,35,0,455,1,1,68,70,126,303,1,318,2,6,160,1,112,1,328,4,28,157,328,318,318,38,301,339,156,True
Evan Dangler,169995,TE,USF,4,68.1,0,327,63.4,74.3,70.7,0,0,10,22.2,22.9,100.0,0,0,0,79,0,0,0,116,11,48,0,0,68,63,23,221,1,151,58,59,1,1,173,234,233,1,1,1,1,140,1,2,61,167,166,190,2,62,123,206,True
Amir Jackson,190273,TE,FLORIDA,4,66.4,0,163,70.6,47.6,79.0,0,2,11,23.9,21.6,90.9,0,2,0,79,0,0,0,119,11,51,0,1,68,79,23,234,1,70,387,14,1,470,148,218,252,421,1,451,1,140,1,2,61,161,166,183,2,19,123,152,True
Carter Jones,198923,QB,NEVADA,3,43.9,0,239,64.6,,60.2,0,0,0,0.0,0.0,,0,0,0,79,0,0,0,180,0,88,0,0,79,0,129,65,1,136,,20,1,1,18,18,20,,1,1,1,92,1,1,1,117,20,118,1,1,92,2,True
Markus Allen,145160,WR,MIDDLE TN,4,44.6,0,224,62.2,,47.9,0,0,0,0.0,0.0,,3,0,0,79,0,0,0,177,0,98,0,0,79,0,38,358,1,433,,698,1,1,76,76,80,,784,1,1,133,1,2,5,172,80,200,1,5,132,213,True
John Mateer,158516,QB,OKLAHOMA,4,33.2,0,261,58.0,,60.0,0,0,0,0.0,0.0,,1,0,0,79,0,0,0,238,0,134,0,0,79,0,6,163,1,170,,78,1,1,18,18,20,,110,1,1,92,1,1,1,69,20,56,1,1,92,2,True
Jackson Worley,172372,TE,TROY,2,81.4,0,318,62.1,57.5,65.4,0,0,18,50.0,51.4,94.4,0,1,1,79,0,0,0,97,19,37,0,0,60,70,442,91,1,167,334,120,1,1,56,49,46,377,1,329,459,140,1,2,61,212,64,242,2,62,167,180,True
Caden Pinnick,185116,QB,WASH STATE,4,31.6,0,341,69.6,,60.1,0,0,0,0.0,0.0,,1,0,0,79,0,0,0,250,0,149,0,0,79,0,6,172,1,109,,34,1,1,18,18,20,,110,1,1,92,1,1,1,54,20,39,1,1,92,2,True
Ryder Kusch,199283,TE,TEMPLE,4,73.8,0,306,52.5,75.1,49.7,0,0,6,18.2,20.0,100.0,0,0,0,79,0,0,0,107,7,35,0,0,72,77,23,164,1,341,45,365,1,1,270,281,271,1,1,1,1,140,1,2,61,186,259,251,2,62,106,157,True
Easton Ware,199634,T,CLEMSON,3,100.0,0,140,51.2,41.9,65.1,0,7,42,100.0,100.0,91.7,2,7,0,79,0,0,0,79,45,45,5,72,34,2,278,1,1,436,429,172,1,450,316,2,6,481,348,395,1,328,4,28,315,328,317,317,23,173,344,59,True
Aden Self,190543,HB,ARMY,3,84.0,0,114,57.8,21.0,65.0,0,0,1,6.7,12.5,100.0,1,0,0,79,0,0,0,94,2,16,0,0,77,37,232,5,1,269,271,51,1,1,279,278,275,1,236,1,1,5,2,1,1,162,277,270,1,1,3,1,True
AJ Wilson,161436,WR,UTSA,4,42.9,0,331,67.3,,65.5,0,0,0,0.0,0.0,,0,0,0,79,0,0,0,184,0,105,0,0,79,0,38,416,1,256,,185,1,1,76,76,80,,1,1,1,133,1,2,5,147,80,159,1,5,132,213,True
Will Larkins,175980,T,OREGON ST,3,100.0,0,265,72.9,78.8,67.5,0,0,37,100.0,100.0,100.0,0,0,0,79,0,0,1,79,44,44,0,75,35,2,278,1,1,74,74,138,1,1,325,2,6,1,1,1,1,328,4,28,302,328,318,318,38,168,339,59,True
Rickie Collins,172474,QB,KENNESAW,4,32.0,0,200,79.1,,60.1,0,0,0,0.0,0.0,,0,0,0,79,0,0,0,247,0,142,0,0,79,0,6,170,1,57,,34,1,1,18,18,20,,1,1,1,92,1,1,1,58,20,47,1,1,92,2,True
Terik Mulder,162265,TE,KENT STATE,4,56.4,0,201,54.8,32.5,64.2,0,1,10,15.2,14.1,95.0,0,1,0,79,0,0,0,140,10,71,0,0,69,106,23,351,1,298,441,139,1,371,173,334,359,370,1,329,1,140,1,2,61,108,188,115,2,62,118,76,True
Jalen Cooper,199179,WR,SMU,4,42.6,0,287,62.2,65.4,46.3,0,0,1,1.0,0.9,100.0,1,0,0,78,0,0,0,183,1,106,0,0,77,1,38,426,1,433,20,719,1,1,14,49,55,1,550,1,1,137,1,2,5,148,16,155,1,5,142,112,True
JV Gibson,193295,WR,CINCINNATI,4,44.3,1,138,70.5,,53.4,0,0,0,0.0,0.0,,2,0,0,78,0,0,0,176,0,98,0,0,78,0,38,376,768,185,,604,1,1,76,76,80,,743,1,1,137,1,2,5,178,80,200,1,5,137,213,True
Jacory Barney Jr.,183547,WR,NEBRASKA,4,44.1,0,238,71.2,,65.8,0,0,0,0.0,0.0,,2,0,0,78,0,0,0,177,0,97,0,0,78,0,38,381,1,162,,180,1,1,76,76,80,,743,1,1,137,1,2,5,172,80,207,1,5,137,213,True
Ajani Sheppard,170317,QB,TEMPLE,4,45.1,0,306,76.9,,60.0,0,0,0,0.0,0.0,,1,0,0,78,0,0,0,173,0,74,0,0,78,0,6,59,1,71,,78,1,1,18,18,20,,110,1,1,96,1,1,1,122,20,133,1,1,96,2,True
Josh Aisosa,184585,G,W VIRGINIA,4,100.0,0,343,57.2,63.8,59.3,0,0,27,100.0,100.0,100.0,1,0,0,78,25,50,0,78,28,28,0,0,50,3,18,1,1,376,321,276,1,1,367,3,8,1,266,1,1,348,13,192,39,348,370,370,322,40,312,13,True
Jackson Cantwell,216920,G,MIAMI FL,4,100.0,0,220,63.6,59.0,63.2,1,0,35,100.0,100.0,98.6,0,1,0,78,0,1,17,78,35,35,59,1,43,0,18,1,1,200,368,190,374,1,351,3,8,256,1,139,1,348,47,316,11,348,354,354,179,31,329,58,True
Michael Barrow,189467,TE,NAVY,3,55.3,0,237,69.3,73.2,60.2,0,0,5,11.6,10.6,100.0,0,0,0,78,0,0,0,141,5,47,0,0,73,13,353,364,1,79,86,181,1,1,301,392,404,1,1,1,1,146,1,2,61,107,307,199,2,62,101,466,True
Zacharyus Williams,188305,WR,USC,5,50.0,0,326,69.2,77.9,50.5,0,0,3,3.8,3.7,100.0,1,0,0,78,0,0,0,156,3,81,0,0,75,14,1,209,1,215,1,654,1,1,1,9,9,1,550,1,1,137,1,2,5,245,1,301,1,5,156,1,True
Anthony Eager,172306,WR,S ALABAMA,3,45.3,0,288,58.0,,57.2,0,0,0,0.0,0.0,,0,0,0,78,0,0,0,172,0,94,0,0,78,0,603,337,1,578,,540,1,1,76,76,80,,1,1,1,137,1,2,5,192,80,227,1,5,137,213,True
Amarii Atchison,172674,T,JVILLE ST,4,100.0,0,196,54.8,57.3,58.1,0,2,33,100.0,100.0,97.0,1,2,0,78,0,0,75,78,35,35,0,2,43,0,16,1,1,389,332,320,1,218,340,2,6,314,232,178,1,332,4,28,161,332,340,340,38,290,316,156,True
Anthony Brown-Stephens,175138,WR,TULANE,4,46.2,0,319,54.3,,54.0,0,0,0,0.0,0.0,,0,0,0,78,0,0,0,169,0,91,0,0,78,1,38,305,1,688,,597,1,1,76,76,80,,1,1,1,137,1,2,5,204,80,243,1,5,137,112,True
Kaleb Thomas,183894,TE,HOUSTON,4,86.7,0,182,39.3,56.8,44.9,1,0,13,52.0,52.0,96.2,2,1,0,78,0,0,0,90,13,25,0,0,65,81,23,58,1,475,337,424,448,1,120,48,45,343,439,329,1,146,1,2,61,227,131,312,2,62,145,146,True
Jordan Allen,199699,WR,GA TECH,4,36.1,0,176,62.5,,71.7,0,0,0,0.0,0.0,,0,0,0,78,0,0,0,216,0,137,0,0,78,0,38,642,1,422,,79,1,1,76,76,80,,1,1,1,137,1,2,5,68,80,45,1,5,137,213,True
Cole Gonzales,159939,QB,CHARLOTTE,4,36.1,0,136,61.7,,60.0,0,0,0,0.0,0.0,,1,0,0,78,0,0,0,216,0,131,0,0,78,0,6,140,1,151,,78,1,1,18,18,20,,110,1,1,96,1,1,1,94,20,60,1,1,96,2,True
Jayden Savoury,205057,TE,MICH STATE,4,50.0,0,223,68.4,65.8,55.0,0,0,10,11.9,11.4,90.0,0,1,1,78,0,0,0,156,10,88,0,1,68,95,23,413,1,90,268,267,1,1,173,387,395,423,1,329,459,146,1,2,61,81,188,70,2,19,123,101,True
Coy Eakin,157337,WR,TEXAS TECH,4,43.5,0,315,65.6,,61.7,0,0,0,0.0,0.0,,0,0,0,77,0,0,0,177,0,100,0,0,77,6,38,399,1,315,,291,1,1,76,76,80,,1,1,1,144,1,2,5,172,80,189,1,5,142,16,True
Omarion Miller,171901,WR,ARIZONA ST,3,45.8,0,110,62.0,,68.4,0,0,0,0.0,0.0,,0,0,0,77,0,0,0,168,0,91,0,0,77,0,603,318,1,441,,141,1,1,76,76,80,,1,1,1,144,1,2,5,206,80,243,1,5,142,213,True
Walker Lyons,190350,TE,BYU,3,67.5,0,128,85.8,65.2,79.1,0,1,11,23.4,22.9,95.5,0,1,0,77,0,0,0,114,11,48,0,0,66,75,353,228,1,8,277,13,1,371,148,224,233,360,1,329,1,149,1,2,61,170,166,190,2,62,138,163,True
Da'Wain Lofton,144089,WR,DELAWARE,4,38.9,0,151,70.9,,60.4,0,0,0,0.0,0.0,,0,0,0,77,0,0,0,198,0,121,0,0,77,1,38,550,1,165,,399,1,1,76,76,80,,1,1,1,144,1,2,5,112,80,99,1,5,142,112,True
Isaiah Sategna III,163642,WR,OKLAHOMA,4,38.5,0,261,75.7,62.1,60.5,0,0,1,0.9,0.8,100.0,1,0,0,77,0,0,0,200,1,120,0,0,76,0,38,562,1,84,48,393,1,1,14,56,63,1,550,1,1,144,1,2,5,106,16,104,1,5,151,213,True
Marcel Williams,184707,WR,AKRON,4,37.7,0,102,61.1,,52.5,0,0,0,0.0,0.0,,0,0,0,77,0,0,0,204,0,127,0,0,77,3,38,590,1,475,,622,1,1,76,76,80,,1,1,1,144,1,2,5,95,80,72,1,5,142,48,True
LaKelsey Johnson Jr.,158559,TE,LIBERTY,3,67.5,0,206,69.2,71.1,70.8,0,0,9,22.0,21.3,100.0,3,0,0,77,0,0,0,114,10,47,0,0,67,97,353,228,1,81,152,57,1,1,194,238,256,1,477,1,1,149,1,2,61,170,188,199,2,62,130,97,True
Samari Howard,170984,WR,ARMY,3,70.0,0,114,71.8,,62.8,0,0,0,0.0,0.0,,0,0,0,77,0,0,0,110,0,18,0,0,77,6,603,45,1,144,,229,1,1,76,76,80,,1,1,1,144,1,2,5,405,80,688,1,5,142,16,True
Tre Richardson,200360,WR,LOUISVILLE,4,40.1,0,210,79.1,,55.7,0,0,0,0.0,0.0,,0,0,0,77,0,0,0,192,0,110,0,0,77,1,38,504,1,45,,572,1,1,76,76,80,,1,1,1,144,1,2,5,125,80,135,1,5,142,112,True
Dante Moore,173983,QB,OREGON,4,40.3,0,264,80.3,,60.1,0,0,0,0.0,0.0,,1,0,0,77,0,0,0,191,0,114,0,0,77,0,6,106,1,55,,34,1,1,18,18,20,,110,1,1,98,1,1,1,110,20,89,1,1,98,2,True
Darion Rivers,170379,T,TROY,4,100.0,0,318,39.8,11.5,49.7,0,2,34,100.0,100.0,97.1,1,2,0,77,0,0,77,77,37,37,0,0,40,0,16,1,1,485,486,454,1,218,338,2,6,305,232,178,1,333,4,28,160,333,338,338,38,301,324,156,True
Dantae Chin,156504,G,RUTGERS,2,100.0,0,278,60.3,60.9,58.8,1,0,48,100.0,100.0,99.0,0,1,0,77,0,77,0,77,49,49,0,0,28,0,400,1,1,298,349,290,374,1,322,3,8,199,1,139,1,350,47,172,39,350,325,325,322,40,380,58,True
Blake Smith,124341,TE,TEXAS ST,3,63.1,0,314,55.4,50.5,45.4,0,1,10,19.2,18.2,95.0,0,1,0,77,0,0,0,122,10,55,0,0,67,49,353,267,1,285,375,416,1,371,173,272,294,370,1,329,1,149,1,2,61,154,188,163,2,62,130,264,True
Kevin Evehe,206157,T,LIBERTY,3,100.0,1,206,52.0,36.9,60.2,1,1,29,100.0,100.0,96.6,1,2,0,77,0,0,34,77,31,31,0,43,46,0,278,1,434,420,448,279,303,145,346,2,6,343,232,178,1,333,4,28,205,333,345,345,38,189,308,156,True
Simon Mapa,205203,TE,NEW MEXICO,4,87.5,0,241,68.1,43.6,73.4,0,0,13,56.5,57.7,100.0,0,0,0,77,0,0,0,88,15,26,0,0,62,84,23,55,1,94,402,40,1,1,120,35,32,1,1,1,1,149,1,2,61,232,109,302,2,62,154,134,True
Ja'Ricous Hairston,175499,TE,VA TECH,4,72.6,0,337,65.8,32.3,56.4,0,0,4,12.9,12.1,100.0,0,0,0,77,0,0,0,106,4,33,0,0,73,83,23,178,1,115,442,243,1,1,332,372,386,1,1,1,1,149,1,2,61,190,341,266,2,62,101,139,True
Adrian Norton,176301,WR,MARSHALL,3,52.0,0,214,61.7,,60.8,0,0,0,0.0,0.0,,1,0,0,77,0,0,0,148,0,71,0,0,77,0,603,174,1,450,,372,1,1,76,76,80,,550,1,1,144,1,2,5,270,80,366,1,5,142,213,True
Ajay Allen,156470,HB,W KENTUCKY,5,33.5,0,346,66.3,34.2,47.5,4,2,46,33.3,32.6,91.3,0,7,1,77,0,0,0,230,46,141,0,0,31,0,1,87,1,204,233,262,285,243,4,110,121,245,1,285,248,6,2,1,1,2,4,2,1,1,18,48,True
Gabriel Greenlee,157584,T,IOWA STATE,4,100.0,0,193,73.1,84.7,67.3,0,0,22,100.0,100.0,100.0,0,0,0,77,0,0,53,77,24,24,0,2,53,22,16,1,1,72,21,141,1,1,361,2,6,1,1,1,1,333,4,28,176,333,358,358,38,290,294,2,True
Deuce Alexander,176077,WR,OLE MISS,4,34.8,0,226,78.5,,52.3,0,0,0,0.0,0.0,,1,0,0,77,0,0,0,221,0,143,0,0,77,0,38,661,1,48,,628,1,1,76,76,80,,550,1,1,144,1,2,5,58,80,28,1,5,142,213,True
Nyziah Hunter,176556,WR,NEBRASKA,4,51.0,0,238,56.9,65.3,75.0,0,0,2,2.8,2.8,100.0,1,0,0,76,0,0,0,149,2,72,0,0,74,0,38,193,1,612,21,45,1,1,5,16,15,1,550,1,1,153,1,2,5,266,5,355,1,5,162,213,True
Jamel Howse,215826,TE,APP STATE,4,54.3,0,108,66.0,77.4,49.1,0,0,26,29.9,28.9,100.0,0,0,0,76,0,0,1,140,26,90,0,0,50,116,23,375,1,111,13,376,1,1,22,162,167,1,1,1,1,154,1,2,24,108,26,64,2,62,209,62,True
Reece Vander Zee,189694,WR,IOWA,4,41.5,0,192,66.5,,55.4,0,0,0,0.0,0.0,,2,0,0,76,0,0,0,183,0,107,0,0,76,0,38,459,1,283,,576,1,1,76,76,80,,743,1,1,153,1,2,5,148,80,147,1,5,151,213,True
Reis Kessel,191989,TE,N DAK ST,4,51.0,0,250,66.7,43.1,64.1,0,0,3,4.2,6.4,100.0,1,0,0,76,0,0,0,149,5,78,0,0,71,118,23,403,1,104,405,142,1,1,357,446,430,1,293,1,1,154,1,2,61,95,307,90,2,62,113,58,True
Maurice Veney,178900,TE,VANDERBILT,4,86.4,0,333,81.0,75.5,76.2,0,0,14,53.8,57.1,100.0,0,0,0,76,0,0,0,88,16,28,0,1,60,81,23,61,1,12,38,23,1,1,101,43,33,1,1,1,1,154,1,2,61,232,93,287,2,19,167,146,True
KeDarius Wade,176365,WR,LA LAFAYET,4,53.5,0,207,58.8,,71.8,0,0,0,0.0,0.0,,0,0,0,76,0,0,0,142,0,66,0,0,76,0,38,150,1,549,,78,1,1,76,76,80,,1,1,1,153,1,2,5,286,80,389,1,5,151,213,True
Umari Hatcher,144048,WR,SYRACUSE,3,37.4,1,304,76.4,,43.3,0,0,0,0.0,0.0,,1,0,0,76,0,0,0,203,0,125,0,0,76,0,603,600,768,75,,754,1,1,76,76,80,,550,1,1,153,1,2,5,100,80,86,1,5,151,213,True
Kenneth McManus IV,203959,G,AUBURN,2,100.0,0,115,61.6,85.7,56.1,0,0,34,100.0,100.0,100.0,0,0,0,76,16,1,0,76,36,36,59,0,40,0,400,1,1,257,23,373,1,1,353,3,8,1,1,1,1,351,18,316,39,351,351,351,179,40,338,58,True
Deuce Bailey,198907,QB,COAST CAR,4,30.0,0,141,75.8,,60.1,0,0,0,0.0,0.0,,3,0,0,76,0,0,0,253,0,174,0,0,76,0,6,181,1,76,,34,1,1,18,18,20,,191,1,1,99,1,1,1,48,20,10,1,1,99,2,True
DeAndre Harper,198585,T,KANSAS,3,100.0,0,198,69.5,48.2,79.7,0,3,37,100.0,100.0,93.2,2,4,1,76,0,1,0,76,39,39,0,73,37,2,278,1,1,122,401,21,1,276,325,2,6,466,348,270,333,336,4,16,315,336,330,331,38,171,334,59,True
Byrum Brown,156206,QB,AUBURN,4,27.2,0,115,86.5,,60.0,0,0,0,0.0,0.0,,0,0,0,76,0,0,0,279,0,164,0,0,76,0,6,193,1,23,,78,1,1,18,18,20,,1,1,1,99,1,1,1,12,20,16,1,1,99,2,True
Brendan Loftus,198785,TE,MIAMI OH,4,73.1,0,221,68.5,33.2,59.3,0,0,9,25.0,24.3,100.0,1,0,0,76,0,0,0,104,9,37,0,0,67,73,23,172,1,88,440,193,1,1,194,198,214,1,293,1,1,154,1,2,61,199,214,242,2,62,130,168,True
Baron Tipton,190627,WR,N TEXAS,5,50.7,1,251,65.2,,60.0,0,0,0,0.0,0.0,,2,0,0,76,0,0,0,150,0,74,0,0,76,0,1,200,768,334,,427,1,1,76,76,80,,743,1,1,153,1,2,5,262,80,341,1,5,151,213,True
Reed Harris,175339,WR,ARIZONA ST,3,45.2,0,110,90.7,,58.2,0,0,0,0.0,0.0,,0,0,0,75,0,0,0,166,0,91,0,0,75,0,603,342,1,4,,509,1,1,76,76,80,,1,1,1,158,1,2,5,210,80,243,1,5,156,213,True
Sanfrisco Magee,191205,WR,MISS STATE,4,45.7,0,227,75.1,,78.5,0,0,0,0.0,0.0,,1,0,0,75,0,0,0,164,0,89,0,0,75,1,38,325,1,90,,24,1,1,76,76,80,,550,1,1,158,1,2,5,213,80,255,1,5,156,112,True
Jackson Harris,176616,WR,LSU,4,41.0,0,211,73.1,,57.5,0,0,0,0.0,0.0,,1,0,0,75,0,0,0,183,0,107,0,0,75,4,38,476,1,124,,533,1,1,76,76,80,,550,1,1,158,1,2,5,148,80,147,1,5,156,42,True
Colton Joseph,172283,QB,WISCONSIN,4,31.3,0,349,58.6,,60.0,0,0,0,0.0,0.0,,0,0,0,75,0,0,0,240,0,133,0,0,75,0,6,176,1,166,,78,1,1,18,18,20,,1,1,1,101,1,1,1,66,20,57,1,1,101,2,True
Gavin Spillers,215287,TE,C MICHIGAN,4,97.4,0,134,71.9,46.7,71.6,1,0,12,85.7,85.7,95.8,0,1,0,75,0,0,0,77,12,14,0,0,63,73,23,9,1,56,390,53,448,1,134,7,7,351,1,329,1,158,1,2,61,260,144,382,2,62,149,168,True
Caleb Dorris,170044,T,DUKE,4,100.0,0,154,69.7,67.6,67.6,0,1,36,100.0,100.0,98.6,0,1,0,75,0,0,5,75,36,36,0,69,39,1,16,1,1,116,229,137,1,145,329,2,6,164,1,112,1,337,4,28,287,337,339,339,38,174,330,95,True
Josh Magin,162214,G,N DAK ST,2,100.0,0,250,50.0,45.8,49.1,0,1,27,100.0,100.0,98.1,1,1,0,75,0,0,0,75,31,31,71,4,44,0,400,1,1,477,447,478,1,171,367,3,8,316,266,139,1,352,47,327,39,352,363,363,170,20,327,58,True
Jewlyen Roberts,190741,TE,TULSA,5,83.3,0,320,58.0,76.2,62.7,0,0,17,56.7,57.1,100.0,3,0,0,75,0,0,5,90,20,35,0,5,55,69,1,78,1,233,28,156,1,1,70,34,33,1,477,1,1,158,1,2,4,227,53,251,2,3,183,185,True
Zeke Wimbush,174803,TE,LIBERTY,4,60.5,0,206,72.1,71.5,51.2,0,0,6,11.1,12.5,100.0,0,0,0,75,0,0,0,124,7,56,0,0,68,93,23,301,1,54,142,341,1,1,270,396,376,1,1,1,1,158,1,2,61,150,259,160,2,62,123,108,True
Tyler Johnson,164176,WR,E CAROLINA,4,45.2,0,156,49.9,,45.8,0,0,0,0.0,0.0,,0,0,0,75,0,0,0,166,0,90,0,0,75,0,38,342,1,767,,729,1,1,76,76,80,,1,1,1,158,1,2,5,210,80,250,1,5,156,213,True
Jelani Thurman,170274,TE,N CAROLINA,3,48.7,0,245,75.9,71.3,77.0,0,0,5,6.0,6.0,100.0,2,0,0,75,0,0,0,154,5,84,0,0,70,126,353,423,1,28,148,21,1,1,301,434,434,1,439,1,1,158,1,2,61,85,307,80,2,62,115,40,True
Alex Scherle,163007,TE,BALL ST,4,58.6,0,117,50.0,62.6,55.6,0,0,19,27.9,27.4,94.7,1,1,1,75,0,0,0,128,20,73,0,1,55,105,23,323,1,378,302,259,1,1,48,177,181,375,293,329,459,158,1,2,61,139,53,105,2,19,183,78,True
Griffin Wilde,177231,WR,NWESTERN,3,43.9,0,256,76.2,,68.0,0,0,0,0.0,0.0,,1,0,0,75,0,0,0,171,0,96,0,0,75,2,603,388,1,77,,149,1,1,76,76,80,,550,1,1,158,1,2,5,195,80,216,1,5,156,73,True
DeAree Rogers,199830,WR,N ILLINOIS,4,33.6,0,254,69.9,,62.1,0,0,0,0.0,0.0,,0,0,0,74,0,0,0,220,0,146,0,0,74,0,38,680,1,199,,260,1,1,76,76,80,,1,1,1,163,1,2,5,60,80,23,1,5,162,213,True
DJ Lagway,184426,QB,BAYLOR,2,40.9,0,118,60.7,,60.0,0,0,0,0.0,0.0,,1,0,0,74,0,0,0,181,0,104,0,0,74,0,173,94,1,155,,78,1,1,18,18,20,,110,1,1,102,1,1,1,115,20,109,1,1,102,2,True
Carson Clark,215653,WR,S JOSE ST,4,37.0,0,285,68.2,,50.7,0,0,0,0.0,0.0,,0,0,0,74,0,0,0,200,0,126,0,0,74,2,38,615,1,235,,653,1,1,76,76,80,,1,1,1,163,1,2,5,106,80,78,1,5,162,73,True
Isaiah Marshall,183809,QB,KANSAS,3,36.1,0,198,60.5,,60.3,0,0,0,0.0,0.0,,0,0,0,74,0,0,0,205,0,101,0,0,74,0,129,140,1,158,,10,1,1,18,18,20,,1,1,1,102,1,1,1,104,20,111,1,1,102,2,True
Vaea Ikakoula,204079,C,PENN STATE,4,100.0,0,266,61.5,47.5,62.3,0,1,28,100.0,100.0,98.2,0,1,0,74,61,1,0,74,30,30,12,0,44,0,7,1,1,154,215,123,1,90,162,2,3,172,1,80,1,155,158,16,3,155,162,162,5,6,152,16,True
Adjatay Dabbs,172676,WR,TOLEDO,4,42.0,0,316,85.6,,68.4,0,0,0,0.0,0.0,,0,0,0,74,0,0,0,176,0,102,0,0,74,0,38,445,1,14,,141,1,1,76,76,80,,1,1,1,163,1,2,5,178,80,175,1,5,162,213,True
Elijah Sessoms,164548,TE,DELAWARE,4,51.0,0,151,56.3,68.4,52.5,0,0,10,13.0,13.4,100.0,0,0,0,74,0,0,1,145,11,82,0,0,63,84,23,403,1,264,219,324,1,1,173,367,368,1,1,1,1,163,1,2,24,99,166,83,2,62,149,134,True
Ty Mead,217042,G,N ILLINOIS,1,100.0,0,254,70.2,78.4,68.6,1,0,51,100.0,100.0,99.0,0,1,0,74,0,0,0,74,51,51,74,0,23,0,480,1,1,70,118,97,374,1,315,3,8,199,1,139,1,353,47,327,39,353,321,321,167,40,402,58,True
Lane Mahnesmith,188422,T,N ILLINOIS,2,100.0,0,254,40.3,38.6,39.3,1,3,49,100.0,100.0,91.8,0,6,2,74,0,0,0,74,50,50,0,74,24,0,379,1,1,483,438,493,303,276,308,2,6,480,1,356,431,338,4,28,315,338,310,310,38,170,373,156,True
Dawson Johnson,190274,TE,TULANE,4,60.7,0,319,65.0,73.2,69.7,0,0,7,13.0,14.3,100.0,0,0,0,74,0,0,0,122,8,56,0,0,66,93,23,299,1,130,86,71,1,1,245,367,353,1,1,1,1,163,1,2,61,154,244,160,2,62,138,108,True
Jeron Askren,185519,TE,MO STATE,4,53.6,0,230,54.6,47.3,52.5,0,2,9,13.2,14.7,88.9,1,2,0,74,0,0,1,138,11,75,0,0,63,53,23,381,1,304,388,324,1,470,194,365,349,438,293,451,1,163,1,2,24,117,166,99,2,62,149,248,True
Bishop Davenport,163426,QB,S ALABAMA,2,46.3,0,288,73.0,,60.0,0,0,0,0.0,0.0,,0,0,0,74,0,0,0,160,0,77,0,0,74,0,173,51,1,93,,78,1,1,18,18,20,,1,1,1,102,1,1,1,127,20,130,1,1,102,2,True
Roderick Kearney,174253,G,FLORIDA,3,100.0,0,163,71.3,81.4,73.9,0,1,31,100.0,100.0,98.4,1,1,0,74,0,32,0,74,33,33,41,0,41,0,284,1,1,63,75,43,1,171,358,3,8,278,266,139,1,353,47,221,39,353,359,359,201,40,336,58,True
Tristen Brown,188507,WR,VANDERBILT,4,37.0,0,333,53.8,,59.9,0,0,0,0.0,0.0,,1,0,0,74,0,0,0,200,0,126,0,0,74,0,38,615,1,700,,436,1,1,76,76,80,,550,1,1,163,1,2,5,106,80,78,1,5,162,213,True
Malachi Henry,170550,WR,CINCINNATI,4,45.7,0,138,62.0,,59.1,0,0,0,0.0,0.0,,0,0,0,74,0,0,0,162,0,88,0,0,74,0,38,325,1,441,,477,1,1,76,76,80,,1,1,1,163,1,2,5,224,80,259,1,5,162,213,True
Logan Conklin,191984,WR,N DAK ST,4,77.9,0,250,71.7,,52.0,0,0,0,0.0,0.0,,0,0,0,74,0,0,0,95,0,21,0,0,74,0,38,18,1,148,,631,1,1,76,76,80,,1,1,1,163,1,2,5,456,80,661,1,5,162,213,True
Chris Hunter III,166993,WR,ARIZONA,4,37.6,0,109,60.6,,50.2,0,0,0,0.0,0.0,,0,0,0,73,0,0,0,194,0,120,0,0,73,0,38,594,1,494,,659,1,1,76,76,80,,1,1,1,169,1,2,5,121,80,104,1,5,169,213,True
Jared Hollins,184343,QB,S ALABAMA,3,45.6,0,288,53.2,,60.0,0,0,0,0.0,0.0,,0,0,0,73,0,0,0,160,0,84,0,0,73,0,129,56,1,179,,78,1,1,18,18,20,,1,1,1,105,1,1,1,127,20,124,1,1,105,2,True
Jourdin Houston,199121,WR,RUTGERS,4,40.3,0,278,59.8,,63.5,0,0,0,0.0,0.0,,0,0,0,73,0,0,0,181,0,108,0,0,73,0,38,495,1,515,,214,1,1,76,76,80,,1,1,1,169,1,2,5,155,80,142,1,5,169,213,True
Brody Meadows,157643,G,VA TECH,3,100.0,0,337,66.6,65.0,66.5,0,0,41,100.0,100.0,100.0,1,0,0,73,0,52,0,73,42,42,21,0,31,0,284,1,1,134,306,133,1,1,338,3,8,1,266,1,1,355,47,190,39,355,341,341,246,40,364,58,True
Na'eem Abdul-Rahim Gladding,190053,WR,MARYLAND,4,31.7,0,215,66.3,,54.0,0,0,0,0.0,0.0,,2,0,0,73,0,0,0,230,0,156,0,0,73,1,38,717,1,290,,597,1,1,76,76,80,,743,1,1,169,1,2,5,46,80,12,1,5,169,112,True
Bear Bachmeier,203434,QB,BYU,3,48.0,0,128,77.9,,60.1,0,0,0,0.0,0.0,,1,0,0,73,0,0,0,152,0,67,0,0,73,0,129,41,1,67,,34,1,1,18,18,20,,110,1,1,105,1,1,1,131,20,142,1,1,105,2,True
Landyn Locke,199937,QB,SM HOUSTON,4,28.6,0,281,70.7,,60.0,0,0,0,0.0,0.0,,4,0,0,73,0,0,0,255,0,175,0,0,73,0,6,184,1,105,,78,1,1,18,18,20,,196,1,1,105,1,1,1,43,20,7,1,1,105,2,True
Blake Steen,156390,T,MISS STATE,4,100.0,0,227,39.9,8.7,48.4,0,3,34,100.0,100.0,95.6,2,3,0,73,0,20,53,73,40,40,0,0,33,0,16,1,1,484,488,468,1,276,338,2,6,397,348,224,1,339,4,7,176,339,327,327,38,301,346,156,True
Ethan Mackenny,170073,T,GA TECH,2,100.0,0,176,29.0,14.1,45.7,0,2,38,100.0,100.0,92.1,2,4,2,73,0,0,73,73,41,41,0,0,32,0,379,1,1,494,485,480,1,218,323,2,6,479,348,270,431,339,4,28,163,339,323,323,38,301,349,156,True
Jahzare Jackson,191151,T,GEORGIA,4,100.0,0,173,85.3,85.9,81.3,0,0,40,100.0,100.0,100.0,0,0,0,73,0,0,63,73,41,41,0,9,32,0,16,1,1,10,13,16,1,1,318,2,6,1,1,1,1,339,4,28,168,339,323,323,38,276,349,156,True
Jayden Clerveaux,177373,HB,C MICHIGAN,4,61.3,0,134,74.4,42.7,71.6,0,1,16,44.4,47.4,96.9,2,1,0,73,0,0,0,119,18,38,0,0,55,0,15,16,1,97,213,23,1,150,121,45,35,163,276,113,1,7,2,1,1,99,111,204,1,1,5,48,True
Nic Moore,199963,C,TENNESSEE,2,100.0,0,307,62.5,82.2,61.3,0,0,32,100.0,100.0,100.0,1,0,0,73,73,0,0,73,34,34,0,0,39,0,180,1,1,131,32,133,1,1,157,2,3,1,110,1,1,156,154,18,3,156,159,159,21,6,155,16,True
Toa Fa'avae,200292,QB,NEW MEXICO,4,44.2,0,241,74.4,,60.0,0,0,0,0.0,0.0,,1,0,0,73,0,0,0,165,0,81,0,0,73,0,6,62,1,85,,78,1,1,18,18,20,,110,1,1,105,1,1,1,125,20,126,1,1,105,2,True
Nate Levicki,177738,TE,W MICHIGAN,4,68.9,0,347,65.2,63.0,68.0,1,0,7,17.9,21.4,92.9,0,1,0,73,0,0,0,106,9,42,0,0,64,82,23,212,1,126,299,89,448,1,245,291,255,401,1,329,1,166,1,2,61,190,214,223,2,62,148,142,True
Devon Dampier,171556,QB,UTAH,4,33.3,0,328,89.7,,61.1,0,0,0,0.0,0.0,,3,0,0,73,0,0,0,219,0,119,0,0,73,0,6,161,1,16,,3,1,1,18,18,20,,191,1,1,105,1,1,1,89,20,83,1,1,105,2,True
Richardo Wourman,218238,G,E MICHIGAN,1,100.0,0,160,61.1,72.0,57.5,0,1,38,100.0,100.0,98.7,0,1,0,73,0,73,0,73,42,42,0,0,31,0,480,1,1,276,224,336,1,171,342,3,8,239,1,139,1,355,47,174,39,355,341,341,322,40,364,58,True
Jaylen Hampton,188746,WR,CHARLOTTE,4,38.0,0,136,65.7,,43.5,0,0,0,0.0,0.0,,2,0,0,73,0,0,0,192,0,119,0,0,73,7,38,580,1,308,,752,1,1,76,76,80,,743,1,1,169,1,2,5,125,80,108,1,5,169,13,True
Terrence Lewis,198999,WR,OKLA STATE,4,44.5,0,262,68.9,,53.1,0,0,0,0.0,0.0,,0,0,0,73,0,0,0,164,0,91,0,1,73,0,38,365,1,223,,611,1,1,76,76,80,,1,1,1,169,1,2,5,213,80,243,1,2,169,213,True
Taron Dickens,177946,QB,N ILLINOIS,4,32.4,0,254,59.7,,60.3,0,0,0,0.0,0.0,,0,0,0,73,0,0,0,225,0,151,0,0,73,0,6,167,1,160,,10,1,1,18,18,20,,1,1,1,105,1,1,1,85,20,34,1,1,105,2,True
Jayden Moore,189388,WR,DUKE,4,61.3,0,154,58.3,63.1,53.2,0,0,1,2.3,2.1,100.0,0,0,0,73,0,0,0,119,1,47,0,0,72,0,38,88,1,567,43,610,1,1,14,22,22,1,1,1,1,169,1,2,5,364,16,500,1,5,174,213,True
Noah Jennings,178610,WR,MINNESOTA,4,36.2,0,225,73.7,,58.3,0,0,0,0.0,0.0,,0,0,0,72,0,0,0,199,0,127,0,0,72,1,38,640,1,119,,505,1,1,76,76,80,,1,1,1,175,1,2,5,110,80,72,1,5,174,112,True
Davion Brown,227161,WR,VA TECH,4,47.1,0,337,58.7,,53.3,0,0,0,0.0,0.0,,1,0,0,72,0,0,0,153,0,81,0,0,72,0,38,277,1,552,,606,1,1,76,76,80,,550,1,1,175,1,2,5,255,80,301,1,5,174,213,True
Zach Grace,176592,TE,LSU,4,68.6,0,211,48.7,54.7,61.3,0,0,12,27.9,28.3,100.0,0,0,0,72,0,0,0,105,13,46,0,0,59,57,23,215,1,397,352,169,1,1,134,177,172,1,1,1,1,167,1,2,61,197,131,202,2,62,173,228,True
Jensen Somerville,190938,T,UCLA,3,100.0,0,324,69.9,68.4,67.3,0,1,23,100.0,100.0,97.8,0,1,0,72,0,0,71,72,24,24,0,0,48,0,278,1,1,108,216,141,1,145,355,2,6,237,1,112,1,342,4,28,164,342,358,358,38,301,303,156,True
Jayvan Boggs,198437,WR,FLORIDA ST,4,40.9,0,167,74.4,,58.6,0,0,0,0.0,0.0,,0,0,0,72,0,0,0,176,0,104,0,0,72,0,38,482,1,104,,498,1,1,76,76,80,,1,1,1,175,1,2,5,178,80,163,1,5,174,213,True
Pierce Walsh,173425,TE,MINNESOTA,4,51.4,0,225,55.9,72.4,54.7,0,0,10,13.3,12.8,100.0,0,0,0,72,0,0,0,140,10,78,0,0,62,118,23,399,1,273,116,276,1,1,173,363,375,1,1,1,1,167,1,2,61,108,188,90,2,62,154,58,True
Javen Jacobs,157190,HB,UTAH ST,4,34.8,0,329,64.6,68.7,60.3,0,0,43,34.4,33.3,100.0,1,0,0,72,0,0,0,207,45,135,0,0,27,21,15,72,1,220,118,62,1,1,5,105,111,1,236,1,1,8,2,1,1,6,5,3,1,1,26,4,True
Alex Taylor,183341,WR,GA SOUTHRN,4,31.9,0,174,61.4,50.3,69.1,0,1,1,0.7,1.3,50.0,0,1,0,72,0,0,0,226,2,156,0,0,70,1,38,714,1,466,77,125,1,793,14,71,38,75,1,793,1,175,1,2,5,50,5,12,1,5,190,112,True
Ory Williams,184470,T,TENNESSEE,4,100.0,0,307,44.6,71.6,52.3,0,1,32,100.0,100.0,98.4,3,1,0,72,0,0,42,72,35,35,0,29,37,1,16,1,1,467,174,430,1,145,341,2,6,181,425,112,1,342,4,28,188,342,340,340,38,218,334,95,True
Keaton Kubecka,173077,WR,KANSAS,3,46.2,0,198,61.7,,61.9,0,0,0,0.0,0.0,,1,0,0,72,0,0,0,156,0,84,0,0,72,1,603,305,1,450,,277,1,1,76,76,80,,550,1,1,175,1,2,5,245,80,283,1,5,174,112,True
Emaree Winston,199293,TE,TEXAS,4,50.7,0,311,53.7,66.4,58.1,0,0,12,15.2,15.7,100.0,0,0,0,72,0,0,0,142,13,83,0,0,59,100,23,408,1,319,258,211,1,1,134,334,335,1,1,1,1,167,1,2,61,103,131,81,2,62,173,89,True
Nate Roberts,199849,TE,OHIO STATE,4,50.7,0,260,67.1,63.9,65.1,1,0,11,13.9,13.6,95.5,1,1,0,72,0,0,0,142,11,81,0,0,61,94,23,408,1,100,294,124,448,1,148,356,365,360,293,329,1,167,1,2,61,103,166,86,2,62,161,105,True
Jalen Hale,172377,WR,SMU,4,44.4,1,287,57.2,,65.0,0,0,0,0.0,0.0,,1,0,0,72,0,0,0,162,0,87,0,0,72,0,38,368,768,604,,191,1,1,76,76,80,,550,1,1,175,1,2,5,224,80,267,1,5,174,213,True
Trevin Ostler,163253,G,BYU,3,100.0,0,128,77.8,83.2,76.5,0,0,19,100.0,100.0,100.0,0,0,0,72,0,23,0,72,19,19,47,1,53,1,284,1,1,18,46,26,1,1,390,3,8,1,1,1,1,357,47,241,39,357,396,396,192,31,307,26,True
Gabe Fisher,172610,TE,VANDERBILT,4,81.8,0,333,58.6,42.0,63.9,0,1,8,33.3,38.5,93.7,0,1,0,72,0,0,0,88,10,26,0,0,62,49,23,88,1,225,407,144,1,371,218,127,102,390,1,329,1,167,1,2,61,232,188,302,2,62,154,264,True
Roq Montgomery,172390,G,W KENTUCKY,2,100.0,0,346,47.0,40.4,50.0,2,0,45,100.0,100.0,95.6,1,3,1,72,0,72,0,72,46,46,0,0,26,0,400,1,1,495,469,469,467,1,331,3,8,470,266,319,399,357,47,176,39,357,333,334,322,40,388,58,True
Johnathan Montague Jr.,190197,WR,BOSTON COL,4,48.6,0,121,70.0,,67.4,0,0,0,0.0,0.0,,0,0,0,72,0,0,0,148,0,76,0,0,72,1,38,246,1,197,,154,1,1,76,76,80,,1,1,1,175,1,2,5,270,80,324,1,5,174,112,True
Billy Edwards Jr.,144185,QB,N CAROLINA,3,43.4,0,245,62.5,,60.0,0,0,0,0.0,0.0,,2,0,0,72,0,0,0,166,0,92,0,0,72,0,129,68,1,148,,78,1,1,18,18,20,,167,1,1,111,1,1,1,124,20,117,1,1,111,2,True
Kristion Brooks,218419,WR,LA LAFAYET,4,50.0,0,207,66.3,,60.7,0,0,0,0.0,0.0,,0,0,0,72,0,0,0,144,0,72,0,0,72,0,38,209,1,290,,380,1,1,76,76,80,,1,1,1,175,1,2,5,284,80,355,1,5,174,213,True
EJ Reid,183396,WR,UAB,4,45.0,0,321,66.5,,53.1,0,0,0,0.0,0.0,,0,0,0,72,0,0,0,160,0,88,0,0,72,2,38,350,1,283,,611,1,1,76,76,80,,1,1,1,175,1,2,5,235,80,259,1,5,174,73,True
AJ Johnson,168341,WR,UAB,4,69.2,0,321,51.1,,51.2,0,0,0,0.0,0.0,,1,0,0,72,0,0,0,104,0,32,0,0,72,0,38,48,1,748,,645,1,1,76,76,80,,550,1,1,175,1,2,5,426,80,588,1,5,174,213,True
Kylen Evans,184353,WR,TEXAS ST,3,53.0,0,314,73.8,,62.3,0,0,0,0.0,0.0,,0,0,0,71,0,0,0,134,0,63,0,0,71,0,603,158,1,118,,248,1,1,76,76,80,,1,1,1,185,1,2,5,313,80,412,1,5,184,213,True
Luke Harpring,189418,TE,FLORIDA,4,65.1,0,163,73.2,72.7,56.6,0,0,10,22.7,20.8,100.0,0,0,0,71,0,0,0,109,10,48,0,1,61,69,23,247,1,43,105,241,1,1,173,230,265,1,1,1,1,172,1,2,61,181,188,190,2,19,161,185,True
Jonathan Stafford Jr.,215061,WR,W KENTUCKY,5,30.5,0,346,73.9,45.4,61.5,0,0,1,0.7,0.6,100.0,0,0,0,71,0,0,0,233,1,156,0,0,70,5,1,733,1,115,78,305,1,1,14,71,77,1,1,1,1,185,1,2,5,39,16,12,1,5,190,25,True
JoJo Bermudez,164134,WR,TEMPLE,4,46.4,0,306,58.8,,61.0,0,0,0,0.0,0.0,,1,0,0,71,0,0,0,153,0,79,0,0,71,1,38,301,1,549,,352,1,1,76,76,80,,550,1,1,185,1,2,5,255,80,309,1,5,184,112,True
Austin Boyd,174066,C,UNLV,1,100.0,0,325,60.5,68.3,57.2,0,2,39,100.0,100.0,97.4,1,2,0,71,71,0,0,71,43,43,0,0,28,0,212,1,1,164,156,186,1,140,153,2,3,203,110,120,1,157,155,18,3,157,153,153,21,6,166,16,True
Jon Adair,200280,T,VIRGINIA,4,100.0,0,335,86.0,65.1,87.6,0,1,28,100.0,100.0,98.2,0,1,0,71,0,0,40,71,33,33,0,31,38,0,16,1,1,9,264,7,1,145,348,2,6,200,1,112,1,344,4,28,191,344,344,344,38,215,333,156,True
Dylan Lonergan,172386,QB,RUTGERS,3,40.6,0,278,49.6,,60.1,0,0,0,0.0,0.0,,2,0,0,71,0,0,0,175,0,98,0,0,71,0,129,101,1,187,,34,1,1,18,18,20,,167,1,1,112,1,1,1,121,20,112,1,1,112,2,True
Elijah Lagg,200217,TE,PITTSBURGH,4,57.3,0,268,55.7,57.5,48.0,0,1,9,14.8,15.9,94.4,0,1,0,71,0,0,0,124,10,63,0,0,61,85,23,343,1,278,334,393,1,371,194,342,329,377,1,329,1,172,1,2,61,150,188,134,2,62,161,131,True
Cayden Lee,172521,WR,MISSOURI,4,40.1,0,229,87.8,,61.1,0,0,0,0.0,0.0,,0,0,0,71,0,0,0,177,0,106,0,0,71,0,38,504,1,9,,346,1,1,76,76,80,,1,1,1,185,1,2,5,172,80,155,1,5,184,213,True
Andrew Martinez,176354,C,LA LAFAYET,4,100.0,0,207,55.0,56.9,54.6,0,0,32,100.0,100.0,100.0,2,0,0,71,63,0,0,71,36,36,8,0,35,0,7,1,1,202,197,205,1,1,157,2,3,1,167,1,1,157,157,18,3,157,157,157,8,6,157,16,True
DJ Miller,200142,WR,KENTUCKY,4,47.0,0,202,57.8,,61.5,0,0,0,0.0,0.0,,0,0,0,71,0,0,0,151,0,80,0,0,71,3,38,283,1,588,,305,1,1,76,76,80,,1,1,1,185,1,2,5,259,80,307,1,5,184,48,True
Wyatt Young,190632,WR,OKLA STATE,4,42.3,0,262,84.0,,54.3,0,0,0,0.0,0.0,,0,0,0,71,0,0,0,168,0,95,0,0,71,3,38,436,1,20,,588,1,1,76,76,80,,1,1,1,185,1,2,5,206,80,224,1,5,184,48,True
Semaj Morgan,174043,WR,UCLA,4,44.7,0,324,67.1,,43.7,0,0,0,0.0,0.0,,2,0,0,71,0,0,0,159,0,88,0,0,71,0,38,356,1,262,,751,1,1,76,76,80,,743,1,1,185,1,2,5,237,80,259,1,5,184,213,True
Jalen Smith,188714,WR,MINNESOTA,4,37.2,0,225,59.7,,39.4,0,0,0,0.0,0.0,,0,0,0,70,0,0,0,188,0,118,0,0,70,0,38,610,1,521,,773,1,1,76,76,80,,1,1,1,192,1,2,5,132,80,112,1,5,190,213,True
Matt Vezza,176960,QB,OHIO,4,46.1,0,259,64.9,,60.0,0,0,0,0.0,0.0,,0,0,0,70,0,0,0,152,0,73,0,0,70,0,6,52,1,134,,78,1,1,18,18,20,,1,1,1,113,1,1,1,131,20,135,1,1,113,2,True
Tanner Lemaster,175154,TE,E MICHIGAN,5,60.9,0,160,64.7,71.5,74.0,0,0,6,12.2,15.1,100.0,1,0,0,70,0,0,0,115,8,53,0,0,62,62,1,296,1,135,142,35,1,1,270,382,345,1,293,1,1,174,1,2,61,168,244,172,2,62,154,207,True
Darius Cannon,175142,WR,JVILLE ST,5,39.5,0,196,60.0,,52.5,0,0,0,0.0,0.0,,0,0,0,70,0,0,0,177,0,107,0,0,70,0,1,527,1,511,,622,1,1,76,76,80,,1,1,1,192,1,2,5,172,80,147,1,5,190,213,True
Adam Hrynciw,186427,WR,AIR FORCE,3,70.7,0,101,61.6,,64.1,0,0,0,0.0,0.0,,2,0,0,70,0,0,0,99,0,29,0,0,70,13,603,42,1,457,,205,1,1,76,76,80,,743,1,1,192,1,2,5,445,80,608,1,5,190,5,True
Cam Cook,173133,HB,W VIRGINIA,4,32.1,0,343,74.3,84.0,65.7,0,0,18,28.6,28.4,100.0,1,0,0,70,0,0,0,218,19,67,0,0,51,0,15,99,1,99,18,46,1,1,99,156,167,1,236,1,1,9,2,1,1,4,99,89,1,1,6,48,True
Jaylen Bonelli,171689,WR,ARK STATE,4,40.2,0,113,63.5,,59.6,0,0,0,0.0,0.0,,1,0,0,70,0,0,0,174,0,104,0,0,70,0,38,500,1,379,,457,1,1,76,76,80,,550,1,1,192,1,2,5,188,80,163,1,5,190,213,True
Brett Norfleet,175909,TE,MISSOURI,4,58.3,0,229,54.8,69.7,48.8,0,0,4,7.8,7.4,100.0,0,0,0,70,0,0,0,120,4,54,0,1,66,71,23,328,1,298,185,380,1,1,332,421,423,1,1,1,1,174,1,2,61,160,341,165,2,19,138,173,True
Andrew Rappleyea,170294,TE,PENN STATE,4,52.2,0,266,53.0,71.7,50.2,0,0,8,11.8,11.1,100.0,1,0,0,70,0,0,0,134,8,72,0,0,62,93,23,392,1,330,137,355,1,1,218,388,397,1,293,1,1,174,1,2,61,128,244,111,2,62,154,108,True
DaSaahn Brame,199966,TE,TENNESSEE,4,50.0,0,307,55.3,72.0,64.5,0,0,8,11.0,10.3,100.0,1,0,0,70,0,0,0,140,8,78,0,0,62,45,23,413,1,287,129,134,1,1,218,399,407,1,293,1,1,174,1,2,61,108,244,90,2,62,154,280,True
Radarious Jackson,199974,WR,TENNESSEE,4,41.9,0,307,61.0,30.9,52.5,0,0,0,0.0,0.0,,1,0,0,70,0,0,0,167,0,97,0,0,70,0,38,448,1,480,80,622,1,1,76,76,80,,550,1,1,192,1,2,5,208,80,207,1,5,190,213,True
Dalen Penson,199690,WR,GA TECH,4,39.3,0,176,66.3,,59.5,0,0,0,0.0,0.0,,1,0,0,70,0,0,0,178,0,108,0,0,70,0,38,532,1,290,,460,1,1,76,76,80,,550,1,1,192,1,2,5,166,80,142,1,5,190,213,True
Tyler Brown,170003,WR,CLEMSON,4,39.3,0,140,65.4,63.1,40.4,0,0,1,1.0,0.9,100.0,0,0,0,70,0,0,0,178,1,107,0,0,69,1,38,532,1,324,43,769,1,1,14,49,55,1,1,1,1,192,1,2,5,166,16,147,1,5,200,112,True
Carlos Hernandez,174167,WR,WAKE,4,35.2,0,339,81.9,,51.6,0,0,0,0.0,0.0,,2,0,0,70,0,0,0,199,0,129,0,0,70,2,38,657,1,30,,636,1,1,76,76,80,,743,1,1,192,1,2,5,110,80,66,1,5,190,73,True
Jake Furtney,189663,TE,OHIO,4,59.8,0,259,47.7,53.4,55.8,0,2,18,28.1,29.9,94.4,1,2,0,70,0,0,0,117,20,67,0,0,50,67,23,312,1,408,360,251,1,470,56,174,163,377,293,451,1,174,1,2,61,166,53,126,2,62,209,192,True
Addison Ostrenga,156430,TE,IOWA,4,62.5,1,192,52.4,58.1,38.0,0,0,11,21.2,22.2,100.0,3,0,0,70,0,0,0,112,12,54,0,0,58,76,23,271,465,344,332,471,1,1,148,249,243,1,477,1,1,174,1,2,61,174,144,165,2,62,177,161,True
Demond Williams Jr.,183648,QB,WASHINGTON,4,27.5,0,340,73.1,,60.1,0,0,0,0.0,0.0,,3,0,0,70,0,0,0,255,0,175,0,0,70,0,6,191,1,92,,34,1,1,18,18,20,,191,1,1,113,1,1,1,43,20,7,1,1,113,2,True
Zerian Hudson,184369,G,SO MISS,3,100.0,0,296,60.0,73.3,56.1,0,1,38,100.0,100.0,98.7,0,1,0,70,0,46,0,70,38,38,24,0,32,0,284,1,1,305,200,373,1,171,342,3,8,239,1,139,1,359,47,196,39,359,349,349,237,40,362,58,True
Jackson Nelson,189651,T,UTAH ST,1,100.0,0,329,70.9,75.7,66.4,0,0,36,100.0,100.0,100.0,0,0,0,70,0,0,0,70,42,42,0,69,28,1,455,1,1,93,122,152,1,1,329,2,6,1,1,1,1,345,4,28,315,345,322,322,38,174,359,95,True
Cameron Flowers,188745,WR,W KENTUCKY,5,41.9,1,346,66.5,,51.6,0,0,0,0.0,0.0,,1,0,0,70,0,0,0,167,0,95,0,0,70,0,1,448,768,283,,636,1,1,76,76,80,,550,1,1,192,1,2,5,208,80,224,1,5,190,213,True
Coleson Arends,176521,TE,W KENTUCKY,5,75.0,0,346,57.1,76.1,37.4,0,0,18,43.9,45.2,100.0,0,0,0,69,0,0,1,92,19,42,0,1,50,62,1,146,1,247,29,474,1,1,56,68,63,1,1,1,1,180,1,2,24,222,64,223,2,19,209,207,True
Tony Diaz,209024,WR,IOWA,4,37.3,0,192,69.7,,80.3,0,0,0,0.0,0.0,,2,0,0,69,0,0,0,185,0,114,0,0,69,0,38,605,1,204,,17,1,1,76,76,80,,743,1,1,201,1,2,5,142,80,122,1,5,200,213,True
Jacob Welch,171337,G,N ILLINOIS,1,100.0,0,254,61.3,84.4,52.0,0,1,49,100.0,100.0,99.0,0,1,0,69,0,69,0,69,51,51,0,0,18,0,480,1,1,267,32,445,1,171,320,3,8,199,1,139,1,360,47,177,39,360,321,321,322,40,431,58,True
Jaxon King,173923,T,UMASS,3,100.0,0,216,54.2,57.6,57.8,1,0,22,100.0,100.0,97.7,2,1,0,69,0,0,0,69,27,27,0,69,42,0,278,1,1,399,331,327,303,1,361,2,6,244,348,112,1,346,4,28,315,346,353,353,38,174,320,156,True
Parker Fulghum,189364,WR,LA MONROE,4,40.4,0,209,67.6,,70.0,0,0,0,0.0,0.0,,0,0,0,69,0,0,0,171,0,102,0,0,69,0,38,491,1,252,,107,1,1,76,76,80,,1,1,1,201,1,2,5,195,80,175,1,5,200,213,True
Jimmy Calloway,124274,WR,TULSA,4,44.5,0,320,60.5,61.9,67.4,0,0,1,1.3,1.2,100.0,0,0,0,69,0,0,0,155,1,84,0,0,68,0,38,365,1,496,54,154,1,1,14,42,43,1,1,1,1,201,1,2,5,249,16,283,1,5,203,213,True
Max Johnson,124099,QB,GA SOUTHRN,4,26.3,0,174,51.4,62.2,60.1,0,0,1,0.6,0.5,100.0,1,0,0,69,0,0,0,262,1,186,0,0,68,0,6,195,1,184,1,34,1,1,1,15,18,1,110,1,1,115,1,1,1,33,1,4,1,1,115,2,True
Gavin Marks,201365,C,TULANE,2,100.0,1,319,53.7,49.1,59.1,1,2,39,100.0,100.0,96.2,3,3,0,68,68,0,0,68,43,43,0,0,25,0,180,1,214,215,214,160,179,140,153,2,3,223,198,157,1,159,156,18,3,159,153,153,21,6,174,16,True
Hunter Summers,169989,WR,ARK STATE,4,38.0,0,113,72.3,,74.9,0,0,0,0.0,0.0,,1,0,0,68,0,0,0,179,0,111,0,0,68,0,38,580,1,134,,46,1,1,76,76,80,,550,1,1,204,1,2,5,162,80,130,1,5,203,213,True
Ricky Johnson,191200,WR,UTAH,4,41.7,0,328,60.7,61.9,58.7,0,0,1,1.1,1.0,100.0,0,0,0,68,0,0,0,163,1,96,0,0,67,0,38,455,1,491,54,494,1,1,14,44,49,1,1,1,1,204,1,2,5,220,16,216,1,5,209,213,True
Chris Reed,158502,WR,SM HOUSTON,4,32.4,0,281,63.4,61.0,61.4,0,0,0,0.0,0.7,,1,0,0,68,0,0,0,210,1,143,0,0,67,0,38,702,1,384,64,316,1,1,76,76,73,,550,1,1,204,1,2,5,83,16,28,1,5,209,213,True
Ben Ford,145989,WR,BOISE ST,4,73.1,0,120,69.1,60.9,71.7,0,0,1,4.0,3.8,100.0,0,0,0,68,0,0,0,93,1,26,0,0,67,1,38,33,1,220,73,79,1,1,14,8,8,1,1,1,1,204,1,2,5,465,16,627,1,5,209,112,True
Emmett Mosley V,183278,WR,TEXAS,4,37.8,0,311,63.1,,54.5,0,0,0,0.0,0.0,,1,0,0,68,0,0,0,180,0,112,0,0,68,0,38,586,1,402,,586,1,1,76,76,80,,550,1,1,204,1,2,5,157,80,127,1,5,203,213,True
Mazeo Bennett Jr.,184488,WR,S CAROLINA,4,38.9,0,289,55.8,,64.3,0,0,0,0.0,0.0,,1,0,0,68,0,0,0,175,0,106,0,0,68,1,38,550,1,641,,200,1,1,76,76,80,,550,1,1,204,1,2,5,184,80,155,1,5,203,112,True
TJ McMillen,174029,G,ILLINOIS,2,100.0,0,187,72.1,60.0,75.3,0,1,36,100.0,100.0,98.6,0,1,0,68,1,0,0,68,41,41,67,0,27,0,400,1,1,52,357,35,1,171,349,3,8,256,1,139,1,361,42,327,39,361,344,344,174,40,382,58,True
Donnie Cheers,171793,WR,NEVADA,4,43.3,0,239,65.1,,82.5,0,0,0,0.0,0.0,,1,0,0,68,0,0,0,157,0,82,0,0,68,0,38,406,1,337,,9,1,1,76,76,80,,550,1,1,204,1,2,5,239,80,293,1,5,203,213,True
Thatcher Miller,217897,TE,JAMES MAD,4,73.9,0,197,45.2,52.0,55.7,0,1,11,31.4,33.3,95.5,1,1,0,68,0,0,0,92,12,36,0,0,56,82,23,161,1,437,367,255,1,371,148,154,128,360,293,329,1,181,1,2,61,222,144,249,2,62,181,142,True
Dallas Elliott,158760,WR,UMASS,4,52.3,0,216,58.3,,60.4,0,0,0,0.0,0.0,,1,0,0,68,0,0,0,130,0,62,0,0,68,0,38,170,1,567,,399,1,1,76,76,80,,550,1,1,204,1,2,5,332,80,415,1,5,203,213,True
Evan Poticher,189847,TE,MIDDLE TN,4,95.8,0,224,50.0,54.6,51.7,0,1,15,83.3,85.0,96.7,0,1,0,68,0,0,0,71,17,20,0,0,51,59,23,18,1,378,355,334,1,371,89,9,9,333,1,329,1,181,1,2,61,280,82,344,2,62,205,222,True
Ty'Lyric Coleman,175430,WR,VIRGINIA,4,56.8,0,335,61.5,,61.9,0,0,0,0.0,0.0,,1,0,0,67,0,0,0,118,0,51,0,0,67,0,38,118,1,462,,277,1,1,76,76,80,,550,1,1,212,1,2,5,368,80,474,1,5,209,213,True
Nick Devereaux,157469,WR,E MICHIGAN,4,34.0,0,160,57.4,,46.3,0,0,0,0.0,0.0,,0,0,0,67,0,0,0,197,0,130,0,0,67,0,38,670,1,598,,719,1,1,76,76,80,,1,1,1,212,1,2,5,116,80,64,1,5,209,213,True
Braden Carter,189596,T,USF,3,100.0,0,327,63.5,32.4,75.4,1,0,30,100.0,100.0,95.0,1,2,1,67,0,0,29,67,31,31,0,38,36,0,278,1,1,225,459,47,303,1,345,2,6,419,232,178,333,347,4,28,216,347,345,345,38,198,337,156,True
Winn Sharp,191017,WR,BOWL GREEN,4,48.9,0,122,69.7,,60.2,0,0,0,0.0,0.0,,0,0,0,67,0,0,0,137,0,70,0,0,67,0,38,240,1,204,,412,1,1,76,76,80,,1,1,1,212,1,2,5,301,80,372,1,5,209,213,True
Aidan Chiles,173727,QB,NWESTERN,3,36.8,0,256,73.0,,60.0,0,0,0,0.0,0.0,,1,0,0,67,0,0,0,182,0,96,0,0,67,0,129,133,1,93,,78,1,1,18,18,20,,110,1,1,116,1,1,1,114,20,114,1,1,116,2,True
Gabe Milbourn,146345,TE,OREGON ST,4,74.4,0,265,60.6,61.1,60.0,1,0,12,35.3,36.1,95.8,0,1,0,67,0,0,0,90,13,36,0,1,54,68,23,159,1,194,314,184,448,1,134,121,115,351,1,329,1,183,1,2,61,227,131,249,2,19,191,189,True
Collin Remenowsky,215696,TE,UTAH ST,4,90.5,0,329,47.2,48.0,53.9,0,0,25,83.3,79.4,92.0,0,2,2,67,0,0,0,74,27,34,0,0,40,38,23,37,1,414,385,297,1,1,26,9,13,410,1,451,481,183,1,2,61,269,22,259,2,62,256,324,True
Ezra Burgess,188333,TE,ARK STATE,4,89.3,0,113,62.6,71.3,64.6,0,0,6,42.9,46.7,100.0,1,0,0,67,0,0,0,75,7,15,0,0,60,46,23,46,1,160,148,133,1,1,270,72,58,1,293,1,1,183,1,2,61,265,259,375,2,62,167,275,True
Mason Barton,188614,T,COAST CAR,3,100.0,1,141,52.7,67.2,50.7,1,0,36,100.0,100.0,98.6,2,1,0,67,0,0,67,67,39,39,0,0,28,0,278,1,434,415,233,444,303,1,329,2,6,164,348,112,1,347,4,28,166,347,330,331,38,301,359,156,True
Egypt Nelson,172724,WR,W MICHIGAN,4,45.3,0,347,58.4,,69.6,0,0,0,0.0,0.0,,2,0,0,67,0,0,0,148,0,81,0,0,67,3,38,337,1,563,,113,1,1,76,76,80,,743,1,1,212,1,2,5,270,80,301,1,5,209,48,True
Bennett Warren,188894,T,MINNESOTA,3,100.0,0,225,37.7,11.5,50.3,2,3,36,100.0,100.0,93.1,0,5,0,67,0,0,14,67,38,38,0,53,29,0,278,1,1,488,486,450,429,276,329,2,6,467,1,312,1,347,4,28,266,347,335,335,38,181,356,156,True
Tyvonn Byars,199110,HB,RICE,4,58.3,0,275,82.4,84.2,58.8,0,0,29,80.6,81.1,100.0,1,0,0,67,0,0,0,115,30,37,0,0,37,0,15,20,1,22,15,121,1,1,25,3,4,1,236,1,1,10,2,1,1,107,30,212,1,1,12,48,True
Matt Byrnes,144244,TE,UNLV,3,72.0,0,325,61.5,68.3,71.2,0,0,13,38.2,36.6,100.0,0,0,0,67,0,0,0,93,15,41,0,0,52,65,353,183,1,177,223,55,1,1,120,106,113,1,1,1,1,183,1,2,61,220,109,231,2,62,202,199,True
Jason Fowler,188414,TE,N ILLINOIS,4,55.4,0,254,51.7,64.9,59.3,0,1,20,28.2,28.0,97.5,1,1,0,67,0,0,0,121,21,75,0,0,46,81,23,362,1,360,280,193,1,371,42,173,176,316,293,329,1,183,1,2,61,156,41,99,2,62,225,146,True
Quinn Henicle,190064,QB,DOMINION,3,37.9,0,263,58.9,,60.0,0,0,0,0.0,0.0,,1,0,0,67,0,0,0,177,0,74,0,0,67,0,129,124,1,164,,78,1,1,18,18,20,,110,1,1,116,1,1,1,120,20,133,1,1,116,2,True
Thomas Meyer,204058,TE,IOWA,4,68.4,0,192,44.4,75.8,50.0,0,0,22,41.5,42.6,100.0,1,0,0,67,0,0,0,98,23,54,0,0,44,92,23,217,1,446,32,361,1,1,30,87,80,1,293,1,1,183,1,2,61,211,35,165,2,62,239,115,True
Marquis Johnson,175906,WR,MISS STATE,4,39.2,0,227,63.1,,66.5,0,0,0,0.0,0.0,,1,0,0,67,0,0,0,171,0,104,0,0,67,0,38,538,1,402,,168,1,1,76,76,80,,550,1,1,212,1,2,5,195,80,163,1,5,209,213,True
Eric Richardson,200047,WR,WYOMING,4,43.2,0,351,60.1,,56.2,0,0,0,0.0,0.0,,1,0,0,67,0,0,0,155,0,85,0,0,67,0,38,410,1,508,,564,1,1,76,76,80,,550,1,1,212,1,2,5,249,80,279,1,5,209,213,True
Landon Ellis,170902,WR,UCLA,3,54.1,0,324,61.5,,72.3,0,0,0,0.0,0.0,,0,0,0,66,0,0,0,122,0,56,0,0,66,5,603,144,1,462,,70,1,1,76,76,80,,1,1,1,218,1,2,5,356,80,446,1,5,218,25,True
James Flanigan,200352,TE,NOTRE DAME,4,76.7,0,258,59.0,62.1,58.1,0,1,8,29.6,31.0,93.7,0,1,0,66,0,0,0,86,9,29,0,0,57,71,23,136,1,215,306,211,1,371,218,164,153,390,1,329,1,189,1,2,61,237,214,280,2,62,178,173,True
Bryson Rodgers,170265,WR,USF,4,43.4,0,327,74.4,,60.7,0,0,0,0.0,0.0,,0,0,0,66,0,0,0,152,0,86,0,0,66,3,38,401,1,104,,380,1,1,76,76,80,,1,1,1,218,1,2,5,257,80,274,1,5,218,48,True
Cutter Boley,184630,QB,ARIZONA ST,3,37.1,0,110,80.4,,60.1,0,0,0,0.0,0.0,,1,0,0,66,0,0,0,178,0,97,0,0,66,0,129,130,1,54,,34,1,1,18,18,20,,110,1,1,118,1,1,1,119,20,113,1,1,118,2,True
Hank Brown,172439,QB,IOWA,4,36.7,0,192,71.1,,60.0,0,0,0,0.0,0.0,,0,0,0,66,0,0,0,180,0,107,0,0,66,0,6,136,1,103,,78,1,1,18,18,20,,1,1,1,118,1,1,1,117,20,99,1,1,118,2,True
Owen Spell,204377,G,UCF,2,100.0,0,323,56.6,52.4,55.5,0,1,39,100.0,100.0,98.7,1,1,0,66,0,0,0,66,43,43,66,0,23,0,400,1,1,386,412,383,1,171,340,3,8,239,266,139,1,362,47,327,39,362,339,339,175,40,402,58,True
Isaiah Butler-Tanner,204434,TE,UTSA,4,57.4,0,331,53.0,73.5,55.0,0,0,7,13.7,12.5,100.0,1,0,0,66,0,0,0,115,7,56,0,0,59,79,23,342,1,330,80,267,1,1,245,360,376,1,293,1,1,189,1,2,61,168,259,160,2,62,173,152,True
Navelle Dean,173781,WR,KENNESAW,4,44.3,0,200,58.2,,41.0,0,0,0,0.0,0.0,,0,0,0,66,0,0,0,149,0,83,0,0,66,2,38,376,1,571,,767,1,1,76,76,80,,1,1,1,218,1,2,5,266,80,290,1,5,218,73,True
Dawson Pough,207820,WR,BOSTON COL,4,38.2,0,121,57.9,,61.0,0,0,0,0.0,0.0,,0,0,0,66,0,0,0,173,0,107,0,0,66,1,38,572,1,580,,352,1,1,76,76,80,,1,1,1,218,1,2,5,189,80,147,1,5,218,112,True
Charlie Coenen,157678,WR,WYOMING,4,42.3,0,351,57.1,63.9,66.5,0,0,1,1.1,1.1,100.0,2,0,0,66,0,0,0,156,1,91,0,0,65,8,38,436,1,607,28,168,1,1,14,44,47,1,743,1,1,218,1,2,5,245,16,243,1,5,223,10,True
Elyiss Williams,198475,TE,GEORGIA,4,77.6,0,173,88.6,74.0,81.0,0,0,20,52.6,51.3,100.0,0,0,0,66,0,0,0,85,20,39,0,0,46,74,23,126,1,3,67,6,1,1,42,46,47,1,1,1,1,189,1,2,61,242,53,239,2,62,225,166,True
Broderick Peters,216201,TE,SO MISS,4,62.3,0,296,70.8,72.2,62.7,0,0,14,27.5,25.9,100.0,1,0,0,66,0,0,0,106,14,54,0,0,52,75,23,273,1,67,123,156,1,1,101,181,190,1,293,1,1,189,1,2,61,190,120,165,2,62,202,163,True
Zander Esty,176397,G,BOISE ST,3,100.0,0,120,64.2,79.7,65.8,0,1,25,100.0,100.0,98.0,1,1,0,66,0,37,0,66,27,27,28,0,39,1,284,1,1,184,96,142,1,171,376,3,8,335,266,139,1,362,47,214,39,362,372,373,228,40,341,26,True
Emerson Mandell,183667,G,WISCONSIN,2,100.0,0,349,69.7,85.6,66.7,0,0,35,100.0,100.0,100.0,0,0,0,66,0,0,0,66,36,36,66,0,30,0,400,1,1,74,25,130,1,1,351,3,8,1,1,1,1,362,47,327,39,362,351,351,175,40,368,58,True
Alex Honig,144681,TE,NWESTERN,3,65.3,0,256,74.5,27.6,50.6,0,0,3,8.3,12.5,100.0,0,0,0,66,0,0,0,101,5,40,0,0,61,85,353,242,1,37,454,351,1,1,357,416,376,1,1,1,1,189,1,2,61,204,307,236,2,62,161,131,True
Horatio Fields,144188,WR,OLE MISS,4,37.1,0,226,66.4,61.0,82.2,0,0,1,0.9,0.9,100.0,2,0,0,66,0,0,0,178,1,113,0,0,65,0,38,613,1,288,64,10,1,1,14,56,55,1,743,1,1,218,1,2,5,166,16,126,1,5,223,213,True
Ryan Wolfer,188830,TE,S DIEGO ST,4,61.7,0,284,54.1,64.7,61.2,0,1,17,31.5,33.3,97.1,1,1,0,66,0,0,0,107,20,60,0,0,46,71,23,283,1,315,283,171,1,371,70,153,128,324,293,329,1,189,1,2,61,186,53,142,2,62,225,173,True
Isaiah Fuhrmann,188538,WR,GA TECH,4,45.2,0,176,52.4,63.6,57.6,0,0,1,1.4,1.2,100.0,1,0,0,66,0,0,0,146,1,81,0,0,65,0,38,342,1,729,40,531,1,1,14,36,43,1,550,1,1,218,1,2,5,278,16,301,1,5,223,213,True
Jordan Shipp,183338,WR,N CAROLINA,3,42.3,0,245,72.7,,59.3,0,0,0,0.0,0.0,,0,0,0,66,0,0,0,156,0,90,0,0,66,0,603,436,1,129,,470,1,1,76,76,80,,1,1,1,218,1,2,5,245,80,250,1,5,218,213,True
Deylin Hasert,157565,G,GA STATE,4,100.0,1,175,68.0,61.1,72.2,0,0,26,100.0,100.0,100.0,1,0,0,65,0,65,0,65,27,27,0,0,38,0,18,1,475,102,345,58,1,1,372,3,8,1,266,1,1,365,47,180,39,365,372,373,322,40,345,58,True
Jayce Brown,173093,WR,LSU,4,45.8,0,211,51.0,,58.2,0,0,0,0.0,0.0,,0,0,0,65,0,0,0,142,0,76,0,0,65,1,38,318,1,749,,509,1,1,76,76,80,,1,1,1,226,1,2,5,286,80,324,1,5,223,112,True
Dwayne Early Jr.,198204,WR,BUFFALO,4,48.5,0,126,59.1,,59.4,0,0,0,0.0,0.0,,1,0,0,65,0,0,0,134,0,69,0,0,65,0,38,249,1,540,,464,1,1,76,76,80,,550,1,1,226,1,2,5,313,80,376,1,5,223,213,True
Chrishon McCray,163139,WR,MICH STATE,4,38.0,0,223,65.9,,59.8,0,0,0,0.0,0.0,,0,0,0,65,0,0,0,171,0,105,0,0,65,0,38,580,1,306,,444,1,1,76,76,80,,1,1,1,226,1,2,5,195,80,159,1,5,223,213,True
Nathan Acevedo,163393,WR,S DIEGO ST,4,43.9,0,284,67.9,67.5,52.6,0,0,1,1.4,1.2,100.0,0,0,0,65,0,0,0,148,1,82,0,0,64,0,38,388,1,244,15,618,1,1,14,36,43,1,1,1,1,226,1,2,5,270,16,293,1,5,233,213,True
Jamal Meriweather,183055,T,MIAMI FL,3,100.0,0,220,62.0,67.0,59.4,1,0,28,100.0,100.0,98.2,0,1,0,65,0,0,34,65,30,30,17,13,35,1,278,1,1,262,238,293,303,1,348,2,6,200,1,112,1,350,4,28,205,350,348,348,13,265,339,95,True
Dilin Jones,183664,HB,LSU,4,28.6,0,211,71.2,61.9,61.2,0,2,42,34.4,34.6,97.6,0,2,0,65,0,0,0,227,44,127,0,0,21,0,15,142,1,144,146,58,1,243,6,105,106,139,1,216,1,11,2,1,1,3,6,4,1,1,40,48,True
Nate Bennett,184815,QB,BAYLOR,2,46.8,0,118,75.5,,60.1,0,0,0,0.0,0.0,,0,0,0,65,0,0,0,139,0,72,0,0,65,0,173,49,1,78,,34,1,1,18,18,20,,1,1,1,120,1,1,1,136,20,136,1,1,120,2,True
Andrew Olesh,199899,TE,OREGON,4,52.0,0,264,48.4,66.0,40.5,0,1,11,16.2,16.7,95.5,2,1,0,65,0,0,0,125,12,72,0,4,53,70,23,396,1,400,263,462,1,371,148,320,312,360,439,329,1,195,1,2,61,148,144,111,2,5,196,180,True
Jeremiah Smith,183710,WR,OHIO STATE,4,36.1,0,260,94.2,,78.5,0,0,0,0.0,0.0,,0,0,0,65,0,0,0,180,0,114,0,0,65,0,38,642,1,1,,24,1,1,76,76,80,,1,1,1,226,1,2,5,157,80,122,1,5,223,213,True
Gunner Stockton,157072,QB,GEORGIA,4,41.9,0,173,91.4,,60.1,0,0,0,0.0,0.0,,0,0,0,65,0,0,0,155,0,86,0,0,65,0,6,81,1,7,,34,1,1,18,18,20,,1,1,1,120,1,1,1,130,20,120,1,1,120,2,True
Donnell Gee Jr.,204370,WR,TULSA,5,43.3,0,320,59.4,,58.0,0,0,0,0.0,0.0,,0,0,0,65,0,0,0,150,0,85,0,0,65,0,1,406,1,531,,515,1,1,76,76,80,,1,1,1,226,1,2,5,262,80,279,1,5,223,213,True
Jeremiah Cobb,172443,HB,AUBURN,4,39.9,0,115,71.1,78.2,65.7,0,1,34,38.2,39.8,98.5,0,1,0,65,0,0,0,163,37,93,0,0,28,0,15,49,1,146,64,46,1,150,13,73,72,109,1,113,1,11,2,1,1,33,12,28,1,1,21,48,True
Jemyri Davis,198593,WR,MEMPHIS,4,46.8,0,218,63.0,,61.8,0,0,0,0.0,0.0,,1,0,0,65,0,0,0,139,0,74,0,0,65,0,38,289,1,407,,285,1,1,76,76,80,,550,1,1,226,1,2,5,296,80,341,1,5,223,213,True
Ben Black III,184652,WR,RUTGERS,4,46.1,0,278,67.8,,65.2,0,0,0,0.0,0.0,,1,0,0,65,0,0,0,141,0,76,0,0,65,1,38,308,1,247,,187,1,1,76,76,80,,550,1,1,226,1,2,5,290,80,324,1,5,223,112,True
Malachi Toney,200155,WR,MIAMI FL,4,36.6,0,220,93.2,,73.6,0,0,0,0.0,0.0,,1,0,0,64,0,0,0,175,0,111,0,0,64,0,38,631,1,2,,60,1,1,76,76,80,,550,1,1,234,1,2,5,184,80,130,1,5,233,213,True
Teddy Gawlik,184359,TE,LA LAFAYET,4,62.1,0,207,61.6,58.5,50.7,0,1,7,15.9,15.2,92.9,0,1,0,64,0,0,0,103,7,46,0,0,57,77,23,276,1,173,329,348,1,371,245,326,343,401,1,329,1,196,1,2,61,200,259,202,2,62,178,157,True
Laurence Seymore III,143949,G,TEXAS,2,100.0,0,311,61.2,79.6,57.1,0,1,32,100.0,100.0,98.4,0,1,0,64,0,64,0,64,32,32,0,0,32,0,400,1,1,272,99,350,1,171,357,3,8,278,1,139,1,366,47,182,39,366,361,361,322,40,362,58,True
Sedrick Alexander,172605,HB,VANDERBILT,4,36.0,0,333,62.6,42.0,65.1,0,1,31,30.7,30.0,98.4,0,1,0,64,0,0,0,178,33,110,0,0,31,0,15,66,1,246,216,49,1,150,21,136,144,111,1,113,1,13,2,1,1,16,21,10,1,1,18,48,True
Nahzae Cox,198818,WR,KANSAS,3,51.2,0,198,65.0,,60.8,0,0,0,0.0,0.0,,0,0,0,64,0,0,0,125,0,61,0,0,64,0,603,188,1,340,,372,1,1,76,76,80,,1,1,1,234,1,2,5,347,80,420,1,5,233,213,True
Nick Minicucci,173617,QB,DELAWARE,4,31.8,0,151,66.4,,60.3,0,0,0,0.0,0.0,,0,0,0,64,0,0,0,201,0,129,0,0,64,0,6,171,1,129,,10,1,1,18,18,20,,1,1,1,122,1,1,1,109,20,63,1,1,122,2,True
Jayden McGowan,157184,WR,BAYLOR,3,44.1,0,118,68.1,,46.5,0,0,0,0.0,0.0,,1,0,0,64,0,0,0,145,0,80,0,0,64,0,603,381,1,238,,717,1,1,76,76,80,,550,1,1,234,1,2,5,281,80,307,1,5,233,213,True
Max Whisner,157175,TE,SM HOUSTON,4,50.8,0,281,56.7,75.8,56.5,0,0,12,16.7,16.2,100.0,1,0,0,64,0,0,0,126,12,74,0,0,52,78,23,406,1,254,32,242,1,1,134,308,325,1,293,1,1,196,1,2,61,144,144,102,2,62,202,155,True
Censere Lee,166543,WR,PITTSBURGH,4,37.0,0,268,66.7,64.5,65.0,0,0,1,1.0,0.9,100.0,1,0,0,64,0,0,0,173,1,109,0,0,63,2,38,615,1,275,24,191,1,1,14,49,55,1,550,1,1,234,1,2,5,189,16,138,1,5,242,73,True
Jordan Collins,205152,TE,NAVY,3,64.6,0,237,57.6,80.0,55.8,0,0,8,18.6,20.5,100.0,0,0,0,64,0,0,7,99,9,44,0,3,55,66,353,252,1,238,6,251,1,1,218,274,267,1,1,1,1,196,1,2,2,209,214,207,2,6,183,196,True
John Rogers,183291,TE,VIRGINIA,4,58.2,0,335,44.7,71.8,48.1,0,0,9,18.0,16.4,100.0,1,0,0,64,0,0,0,110,9,55,0,1,55,55,23,329,1,442,134,391,1,1,194,290,319,1,293,1,1,196,1,2,61,178,214,163,2,19,183,237,True
Qua'Vez Humphreys,170501,WR,W KENTUCKY,5,39.5,0,346,53.5,,59.5,0,0,0,0.0,0.0,,0,0,0,64,0,0,0,162,0,98,0,0,64,2,1,527,1,711,,460,1,1,76,76,80,,1,1,1,234,1,2,5,224,80,200,1,5,233,73,True
CJ Smith,157076,WR,UAB,4,39.8,1,321,62.2,,69.4,0,0,0,0.0,0.0,,1,0,0,64,0,0,0,161,0,97,0,0,64,0,38,516,768,433,,117,1,1,76,76,80,,550,1,1,234,1,2,5,231,80,207,1,5,233,213,True
Dillon Hipp,184742,TE,MO STATE,4,59.8,0,230,62.3,52.0,55.7,0,1,8,16.0,18.9,93.7,0,1,0,64,0,0,1,107,10,53,0,0,54,43,23,312,1,165,367,255,1,371,218,325,289,390,1,329,1,196,1,2,24,186,188,172,2,62,191,290,True
Eli Wood,156382,WR,UTAH ST,4,30.9,0,329,78.5,61.0,61.5,0,0,1,0.8,0.7,100.0,1,0,0,64,0,0,0,207,1,144,0,0,63,1,38,727,1,48,64,305,1,1,14,62,73,1,550,1,1,234,1,2,5,86,16,27,1,5,242,112,True
Dorian Fleming,172225,TE,MARYLAND,4,40.5,0,215,66.9,36.7,49.6,0,0,8,8.2,8.7,100.0,2,0,0,64,0,0,0,158,9,103,0,0,55,84,23,462,1,102,423,370,1,1,218,417,417,1,439,1,1,196,1,2,61,79,214,35,2,62,183,134,True
Shazz Preston,163610,WR,INDIANA,4,64.6,0,190,77.5,,77.1,0,0,0,0.0,0.0,,0,0,0,64,0,0,0,99,0,35,0,0,64,0,38,67,1,60,,31,1,1,76,76,80,,1,1,1,234,1,2,5,445,80,569,1,5,233,213,True
AJ Jones,158729,WR,MIDDLE TN,4,39.8,0,224,56.6,,39.1,0,0,0,0.0,0.0,,2,0,0,64,0,0,0,161,0,97,0,0,64,1,38,516,1,619,,776,1,1,76,76,80,,743,1,1,234,1,2,5,231,80,207,1,5,233,112,True
Carlos Del Rio-Wilson,146687,QB,MARSHALL,4,27.5,0,214,74.5,,60.0,0,0,0,0.0,0.0,,0,0,0,64,0,0,0,233,0,124,0,0,64,0,6,191,1,84,,78,1,1,18,18,20,,1,1,1,122,1,1,1,76,20,69,1,1,122,2,True
Trent Walker,146340,WR,HOUSTON,4,39.0,0,182,66.5,,55.3,0,0,0,0.0,0.0,,2,0,0,64,0,0,0,164,0,100,0,0,64,0,38,544,1,283,,579,1,1,76,76,80,,743,1,1,234,1,2,5,213,80,189,1,5,233,213,True
Tony Livingston,174255,TE,BAYLOR,4,58.7,0,118,41.8,31.1,63.9,0,1,13,23.6,25.0,96.2,1,1,0,64,0,0,0,109,15,60,0,2,49,76,23,322,1,464,446,144,1,371,120,221,196,343,293,329,1,196,1,2,61,181,109,142,2,11,214,161,True
Amarie Archer,190404,G,AKRON,4,100.0,0,102,58.2,52.4,58.0,0,3,37,100.0,100.0,95.9,0,3,0,64,0,45,0,64,39,39,19,0,25,0,18,1,1,354,412,318,1,373,348,3,8,463,1,319,1,366,47,199,39,366,348,348,254,40,394,58,True
Mekhi Anderson,190253,WR,UTSA,4,38.4,0,331,64.0,,47.9,0,0,0,0.0,0.0,,1,0,0,63,0,0,0,164,0,101,0,0,63,0,38,564,1,368,,698,1,1,76,76,80,,550,1,1,244,1,2,5,213,80,186,1,5,242,213,True
Leo Bluhm,164688,G,RICE,4,100.0,0,275,55.2,55.5,58.1,0,0,13,100.0,100.0,100.0,1,0,0,63,0,28,0,63,15,15,35,0,48,0,18,1,1,413,392,313,1,1,418,3,8,1,266,1,1,368,47,230,39,368,413,413,214,40,318,58,True
Sean Thompkins Jr.,174645,T,LSU,4,100.0,0,211,64.7,73.4,60.8,0,1,22,100.0,100.0,97.7,0,1,0,63,0,0,14,63,24,24,0,47,39,2,16,1,1,200,148,262,1,145,361,2,6,244,1,112,1,351,4,28,266,351,358,358,38,187,330,59,True
Quincy Burroughs,164137,WR,W KENTUCKY,5,38.4,0,346,68.9,64.0,76.7,0,0,1,1.0,1.0,100.0,0,0,0,63,0,0,0,164,1,102,0,0,62,2,1,564,1,223,27,32,1,1,14,49,49,1,1,1,1,244,1,2,5,213,16,175,1,5,255,73,True
Aveion Chenault,205552,WR,W MICHIGAN,3,52.5,0,347,82.6,,65.6,0,0,0,0.0,0.0,,0,0,0,63,0,0,0,120,0,57,0,0,63,1,603,169,1,28,,184,1,1,76,76,80,,1,1,1,244,1,2,5,362,80,442,1,5,242,112,True
Terrell Crosby Jr.,157607,WR,TOLEDO,4,43.8,0,316,61.9,,60.3,0,0,0,0.0,0.0,,0,0,0,63,0,0,0,144,0,79,0,0,63,0,38,391,1,444,,405,1,1,76,76,80,,1,1,1,244,1,2,5,284,80,309,1,5,242,213,True
Javon Brown,190119,WR,UCONN,4,46.7,0,146,69.5,,57.6,0,0,0,0.0,0.0,,0,0,0,63,0,0,0,135,0,72,0,0,63,0,38,292,1,207,,531,1,1,76,76,80,,1,1,1,244,1,2,5,310,80,355,1,5,242,213,True
Tyler Powell,158739,TE,ARIZONA,4,51.2,0,109,43.8,35.9,45.2,0,2,13,18.1,17.8,84.6,0,3,1,63,0,0,0,123,13,73,0,0,50,96,23,400,1,449,425,419,1,470,120,288,302,451,1,478,459,203,1,2,61,153,131,105,2,62,209,100,True
Anthony Ivey,164175,WR,S JOSE ST,4,38.2,0,285,61.5,,60.2,0,0,0,0.0,0.0,,1,0,0,63,0,0,0,165,0,102,0,0,63,3,38,572,1,462,,412,1,1,76,76,80,,550,1,1,244,1,2,5,212,80,175,1,5,242,48,True
Yannick Smith,190425,WR,SMU,3,41.7,0,287,72.0,,73.8,0,0,0,0.0,0.0,,1,0,0,63,0,0,0,151,0,88,0,0,63,0,603,455,1,139,,57,1,1,76,76,80,,550,1,1,244,1,2,5,259,80,259,1,5,242,213,True
Jared Curtis,215600,QB,VANDERBILT,4,29.3,0,333,69.0,,60.0,0,0,0,0.0,0.0,,4,0,0,63,0,0,0,215,0,133,0,0,63,0,6,183,1,113,,78,1,1,18,18,20,,196,1,1,124,1,1,1,95,20,57,1,1,124,2,True
Jeremiah Harrison,200801,WR,JAMES MAD,4,46.7,0,197,54.9,,48.1,0,0,0,0.0,0.0,,1,0,0,63,0,0,0,135,0,72,0,0,63,0,38,292,1,675,,693,1,1,76,76,80,,550,1,1,244,1,2,5,310,80,355,1,5,242,213,True
Daniel Blood,175899,WR,WASH STATE,4,34.1,0,341,63.1,,60.1,0,0,0,0.0,0.0,,0,0,0,63,0,0,0,185,0,122,0,0,63,6,38,668,1,402,,421,1,1,76,76,80,,1,1,1,244,1,2,5,142,80,96,1,5,242,16,True
Rodney Tisdale Jr.,188754,QB,W KENTUCKY,4,28.4,0,346,51.2,,60.0,0,0,0,0.0,0.0,,0,0,0,63,0,0,0,222,0,149,0,0,63,0,6,185,1,185,,78,1,1,18,18,20,,1,1,1,124,1,1,1,87,20,39,1,1,124,2,True
Jackson Berryman,205339,TE,PURDUE,4,78.8,0,273,53.7,74.4,56.9,0,0,14,48.3,48.5,100.0,0,0,0,63,0,0,0,80,16,33,0,0,47,75,23,113,1,319,57,232,1,1,101,56,55,1,1,1,1,203,1,2,61,255,93,266,2,62,219,163,True
Tim Burns Jr.,199928,WR,SM HOUSTON,4,32.5,0,281,61.7,,52.7,0,0,0,0.0,0.0,,1,0,0,63,0,0,0,194,0,131,0,0,63,0,38,699,1,450,,617,1,1,76,76,80,,550,1,1,244,1,2,5,121,80,58,1,5,242,213,True
Daryl Barnett Jr.,190117,WR,TOLEDO,4,44.7,0,316,63.2,,69.1,0,0,0,0.0,0.0,,1,0,0,63,0,0,0,141,0,78,0,0,63,0,38,356,1,396,,125,1,1,76,76,80,,550,1,1,244,1,2,5,290,80,314,1,5,242,213,True
Cam Bates,190986,WR,BOISE ST,4,43.4,0,120,56.7,,56.7,0,0,0,0.0,0.0,,0,0,0,63,0,0,0,145,0,82,0,0,63,0,38,401,1,616,,553,1,1,76,76,80,,1,1,1,244,1,2,5,281,80,293,1,5,242,213,True
Emmett Bork,199573,TE,WISCONSIN,4,70.8,0,349,54.9,54.8,74.1,1,1,15,37.5,38.1,93.3,1,2,0,63,0,0,0,89,16,42,0,0,47,72,23,197,1,297,350,34,448,371,89,109,107,399,293,451,1,203,1,2,61,230,93,223,2,62,219,170,True
Jeremiah Scoby,198198,TE,BOWL GREEN,4,38.5,0,122,66.6,66.0,50.1,0,0,1,1.0,1.0,100.0,1,0,0,62,0,0,0,161,1,100,0,0,61,55,23,467,1,105,263,359,1,1,430,458,458,1,293,1,1,206,1,2,61,73,433,42,2,62,161,237,True
Mitch Griffis,123386,QB,E CAROLINA,4,37.8,0,156,56.8,,60.0,0,0,0,0.0,0.0,,0,0,0,62,0,0,0,164,0,85,0,0,62,0,6,125,1,173,,78,1,1,18,18,20,,1,1,1,126,1,1,1,126,20,123,1,1,126,2,True
Braden Atkinson,201350,QB,OREGON ST,4,24.3,0,265,80.8,,60.1,0,0,0,0.0,0.0,,0,0,0,62,0,0,0,255,0,190,0,0,62,0,6,197,1,52,,34,1,1,18,18,20,,1,1,1,126,1,1,1,43,20,3,1,1,126,2,True
Tex Brannan,190498,TE,ARMY,3,93.9,0,114,70.3,69.2,70.4,0,0,2,33.3,33.3,100.0,0,0,0,62,0,0,3,66,2,6,0,6,60,49,353,20,1,72,198,63,1,1,393,127,128,1,1,1,1,206,1,2,11,290,402,454,2,1,167,264,True
Quinn Clark,183552,WR,NEBRASKA,4,60.8,0,238,68.0,61.9,76.0,0,0,1,2.5,2.4,100.0,0,0,0,62,0,0,0,102,1,41,0,0,61,0,38,92,1,241,54,40,1,1,14,19,18,1,1,1,1,256,1,2,5,430,16,537,1,5,259,213,True
Noah Stommes,192000,T,N DAK ST,3,100.0,0,250,50.8,53.0,50.6,1,1,16,100.0,100.0,93.7,1,2,0,62,0,0,17,62,17,17,0,36,45,9,278,1,1,439,365,446,303,145,383,2,6,450,232,178,1,352,4,28,255,352,384,384,38,204,310,10,True
Jeremiah Jones-Thomas,205374,WR,S ALABAMA,4,32.5,0,288,69.8,,48.7,0,0,0,0.0,0.0,,1,0,0,62,0,0,0,191,0,129,0,0,62,0,38,699,1,200,,684,1,1,76,76,80,,550,1,1,256,1,2,5,129,80,66,1,5,255,213,True
Mason McKenzie,207982,QB,BOSTON COL,4,23.6,0,121,63.9,,60.0,0,0,0,0.0,0.0,,2,0,0,62,0,0,0,263,0,159,0,0,62,0,6,199,1,141,,78,1,1,18,18,20,,167,1,1,126,1,1,1,29,20,22,1,1,126,2,True
Fabian Rogosch,163576,TE,TROY,3,88.6,0,318,69.3,73.6,45.3,0,0,15,65.2,66.7,100.0,0,0,0,62,0,0,0,70,16,24,0,0,46,64,353,49,1,79,77,417,1,1,89,23,20,1,1,1,1,206,1,2,61,284,93,321,2,62,225,203,True
Keith Gouveia,148417,C,PITTSBURGH,2,100.0,1,268,61.9,69.9,73.9,0,0,37,100.0,100.0,100.0,3,0,0,62,42,20,0,62,40,40,0,0,22,0,180,1,214,149,146,18,1,1,156,2,3,1,198,1,1,160,173,6,3,160,155,155,21,6,183,16,True
Brody Foley,156394,TE,LOUISVILLE,4,79.5,0,210,65.2,72.4,64.2,0,0,7,33.3,36.0,100.0,0,0,0,62,0,0,0,78,9,25,0,0,53,59,23,106,1,126,116,139,1,1,245,127,116,1,1,1,1,206,1,2,61,257,214,312,2,62,196,222,True
Jake Taylor,162702,TE,DUKE,4,60.8,0,154,48.2,40.1,66.1,0,1,3,7.7,7.0,83.3,1,1,0,62,0,0,0,102,3,43,0,0,59,67,23,297,1,404,410,111,1,371,357,422,426,452,293,329,1,206,1,2,61,201,368,216,2,62,173,192,True
De'Nylon Morrissette,157077,WR,PURDUE,4,36.5,0,273,53.8,,66.5,0,0,0,0.0,0.0,,1,0,0,62,0,0,0,170,0,108,0,0,62,0,38,633,1,700,,168,1,1,76,76,80,,550,1,1,256,1,2,5,200,80,142,1,5,255,213,True
Jojo Phillips,175038,WR,BYU,3,54.9,0,128,57.2,,60.0,0,0,0,0.0,0.0,,0,0,0,62,0,0,0,113,0,51,0,0,62,0,603,136,1,604,,427,1,1,76,76,80,,1,1,1,256,1,2,5,391,80,474,1,5,255,213,True
Nitro Tuggle,184580,WR,S CAROLINA,4,41.2,1,289,50.6,,59.7,0,0,0,0.0,0.0,,2,0,0,61,0,0,0,148,0,86,0,0,61,0,38,471,768,757,,450,1,1,76,76,80,,743,1,1,260,1,2,5,270,80,274,1,5,259,213,True
Lofton Howard,173439,TE,W KENTUCKY,5,47.7,0,346,62.5,56.5,48.6,1,0,12,15.4,15.2,95.8,1,1,0,61,0,0,2,128,12,79,0,0,49,58,1,432,1,163,341,382,448,1,134,330,343,351,293,329,1,211,1,2,17,139,144,88,2,62,214,226,True
Caelan Williams,122466,T,GA SOUTHRN,2,100.0,1,174,58.9,67.8,59.3,0,1,40,100.0,100.0,96.2,1,2,1,61,0,0,61,61,44,44,0,0,17,0,379,1,434,321,227,295,1,145,318,2,6,361,232,178,333,353,4,28,169,353,318,318,38,301,418,156,True
Yamir Knight,172250,WR,SMU,4,35.9,0,287,75.0,,60.5,0,0,0,0.0,0.0,,0,0,0,61,0,0,0,170,0,109,0,0,61,0,38,647,1,97,,393,1,1,76,76,80,,1,1,1,260,1,2,5,200,80,138,1,5,259,213,True
Keyone Jenkins,170403,QB,UCF,4,49.6,0,323,69.0,,60.0,0,0,0,0.0,0.0,,0,0,0,61,0,0,0,123,0,47,0,0,61,0,6,33,1,113,,78,1,1,18,18,20,,1,1,1,129,1,1,1,143,20,150,1,1,129,2,True
Dillon Lorick,190418,WR,E CAROLINA,4,48.4,0,156,54.5,,58.3,0,0,0,0.0,0.0,,0,0,0,61,0,0,0,126,0,65,0,0,61,0,38,252,1,681,,505,1,1,76,76,80,,1,1,1,260,1,2,5,345,80,397,1,5,259,213,True
A.J. Little,177829,WR,SO MISS,4,38.9,0,296,65.2,,62.7,0,0,0,0.0,0.0,,0,0,0,61,0,0,0,157,0,96,0,0,61,0,38,550,1,334,,235,1,1,76,76,80,,1,1,1,260,1,2,5,239,80,216,1,5,259,213,True
David Amador II,174085,WR,UTSA,4,37.4,0,331,60.5,62.1,38.3,0,0,1,1.1,1.0,100.0,0,0,0,61,0,0,0,163,1,103,0,0,60,1,38,600,1,496,48,777,1,1,14,44,49,1,1,1,1,260,1,2,5,220,16,172,1,5,267,112,True
Joe Otting,171095,C,NOTRE DAME,3,100.0,0,258,62.8,82.2,58.3,0,0,26,100.0,100.0,100.0,0,0,0,61,61,0,0,61,28,28,0,0,33,0,126,1,1,129,32,172,1,1,163,2,3,1,1,1,1,161,158,18,3,161,164,164,21,6,162,16,True
Benson Prosper,198369,WR,E MICHIGAN,5,30.0,0,160,66.7,,54.7,0,0,0,0.0,0.0,,0,0,0,61,0,0,0,203,0,140,0,0,61,0,1,742,1,275,,582,1,1,76,76,80,,1,1,1,260,1,2,5,100,80,38,1,5,259,213,True
Jo'Shon Barbie,160174,HB,MARSHALL,4,40.7,0,214,65.0,67.9,46.4,0,1,22,30.6,33.3,97.7,0,1,0,61,0,0,0,150,27,81,0,0,34,0,15,47,1,217,119,266,1,150,59,137,111,134,1,113,1,14,2,1,1,45,42,47,1,1,15,48,True
Lafayette Kaiuway,173141,TE,TCU,4,96.8,0,305,47.0,67.5,48.6,0,0,1,33.3,33.3,100.0,0,0,0,61,0,0,0,63,1,3,0,0,60,57,23,12,1,418,234,382,1,1,430,127,128,1,1,1,1,211,1,2,61,301,433,469,2,62,167,228,True
Mason Humphrey,172082,WR,N CAROLINA,3,46.2,0,245,55.8,,60.7,0,0,0,0.0,0.0,,0,0,0,61,0,0,0,132,0,71,0,0,61,0,603,305,1,641,,380,1,1,76,76,80,,1,1,1,260,1,2,5,321,80,366,1,5,259,213,True
D'Andre Hardeman Jr.,199105,HB,RICE,4,57.0,0,275,72.5,57.0,62.2,0,1,32,86.5,86.8,98.4,0,1,0,61,0,0,0,107,33,38,0,0,28,0,15,22,1,125,162,56,1,150,16,2,2,111,1,113,1,14,2,1,1,124,21,204,1,1,21,48,True
Donovan Hamilton,190904,WR,BALL ST,4,36.1,0,117,63.0,,50.8,0,0,0,0.0,0.0,,1,0,0,61,0,0,0,169,0,108,0,0,61,0,38,642,1,407,,650,1,1,76,76,80,,550,1,1,260,1,2,5,204,80,142,1,5,259,213,True
Antonio Meeks,168551,WR,WAKE,4,38.2,0,339,56.8,,56.4,0,0,0,0.0,0.0,,2,0,0,60,0,0,0,157,0,97,0,0,60,0,38,572,1,614,,558,1,1,76,76,80,,743,1,1,268,1,2,5,239,80,207,1,5,267,213,True
Dezmen Roebuck,199530,WR,WASHINGTON,4,29.1,0,340,76.1,,73.6,0,0,0,0.0,0.0,,0,0,0,60,0,0,0,206,0,146,0,0,60,0,38,749,1,80,,60,1,1,76,76,80,,1,1,1,268,1,2,5,89,80,23,1,5,267,213,True
Myles Libman,176621,WR,NEW MEX ST,5,37.0,0,242,60.9,,59.0,0,0,0,0.0,0.0,,0,0,0,60,0,0,0,162,0,102,0,0,60,0,1,615,1,485,,482,1,1,76,76,80,,1,1,1,268,1,2,5,224,80,175,1,5,267,213,True
Mason Williams,171367,TE,OHIO STATE,4,65.2,0,260,52.0,46.4,54.3,0,1,11,26.2,25.6,95.5,1,1,0,60,0,0,0,92,11,43,0,0,49,41,23,243,1,353,392,288,1,371,148,190,191,360,293,329,1,213,1,2,61,222,166,216,2,62,214,306,True
Chris Lawson,199517,WR,WASHINGTON,4,29.6,0,340,60.5,,52.6,0,0,0,0.0,0.0,,1,0,0,60,0,0,0,203,0,142,0,0,60,1,38,745,1,496,,618,1,1,76,76,80,,550,1,1,268,1,2,5,100,80,31,1,5,267,112,True
Elijah Alexander,215283,TE,AKRON,4,41.4,0,102,65.9,25.0,57.2,1,0,11,12.0,13.4,86.4,0,2,1,60,0,0,0,145,13,97,0,0,47,104,23,459,1,114,456,230,448,1,148,383,368,445,1,451,459,213,1,2,61,99,131,49,2,62,219,80,True
Jordan Onovughe,171903,WR,STANFORD,4,40.8,0,300,63.5,,78.2,0,0,0,0.0,0.0,,0,0,0,60,0,0,0,147,0,87,0,0,60,0,38,485,1,379,,27,1,1,76,76,80,,1,1,1,268,1,2,5,276,80,267,1,5,267,213,True
Jake Wilson,184974,TE,WYOMING,4,40.0,0,351,56.7,69.8,52.8,0,0,3,3.4,3.3,100.0,2,0,0,60,0,0,0,150,3,92,0,0,57,66,23,465,1,254,180,321,1,1,357,451,452,1,439,1,1,213,1,2,61,92,368,61,2,62,178,196,True
AJ Miller,184119,TE,OHIO,4,61.9,0,259,59.0,60.4,54.9,0,0,15,31.3,30.2,93.3,1,1,1,60,0,0,0,97,16,53,0,0,44,52,23,280,1,215,320,270,1,1,89,155,160,399,293,329,459,213,1,2,61,212,93,172,2,62,239,253,True
Koraun Perdue,86541,TE,MIDDLE TN,4,55.6,1,224,61.0,70.9,67.7,0,0,4,8.0,9.4,100.0,1,0,0,60,0,0,0,108,5,53,0,0,55,88,23,360,465,185,155,93,1,1,332,419,412,1,293,1,1,213,1,2,61,183,307,172,2,62,183,122,True
Greg Gaines III,157600,WR,FIU,4,45.5,0,166,50.7,63.9,31.7,0,0,1,1.5,1.4,100.0,1,0,0,60,0,0,0,132,1,73,0,0,59,0,38,331,1,754,28,793,1,1,14,33,35,1,550,1,1,268,1,2,5,321,16,349,1,5,274,213,True
Rico Schrieber,214550,T,PURDUE,3,98.4,0,273,46.2,22.7,59.8,1,3,36,97.3,97.5,94.4,0,4,0,60,0,0,43,61,39,40,0,16,21,0,278,490,1,458,474,285,303,276,329,487,487,436,1,270,1,354,4,28,186,353,330,327,38,256,388,156,True
Conner Cravaack,176312,TE,AKRON,4,53.1,0,102,44.8,69.9,38.6,0,0,6,10.3,10.2,100.0,0,0,0,60,0,0,0,113,6,59,0,0,54,71,23,387,1,440,178,469,1,1,270,402,408,1,1,1,1,213,1,2,61,173,285,147,2,62,191,173,True
Carson Brown,157579,WR,HAWAII,4,29.7,0,180,49.1,,49.4,0,0,0,0.0,0.0,,0,0,0,60,0,0,0,202,0,142,0,0,60,0,38,743,1,780,,674,1,1,76,76,80,,1,1,1,268,1,2,5,103,80,31,1,5,267,213,True
Yahya Attia,190778,G,COLORADO,3,100.0,0,143,65.8,72.5,63.4,0,0,31,100.0,100.0,100.0,0,0,0,60,10,11,0,60,31,31,39,0,29,0,284,1,1,156,217,186,1,1,358,3,8,1,1,1,1,369,27,286,39,369,363,363,206,40,373,58,True
Jahiem White,173192,HB,N TEXAS,5,23.0,0,251,80.2,66.1,53.1,1,1,36,25.0,25.0,97.2,2,2,0,60,0,0,0,261,37,148,0,0,23,1,1,205,1,35,128,235,239,150,11,190,195,152,276,216,1,16,2,1,1,1,12,1,1,1,37,26,True
Cristian Alvarez,218659,G,N CAROLINA,2,100.0,0,245,68.3,64.8,68.5,0,2,28,100.0,100.0,96.4,0,2,0,60,0,0,0,60,30,30,60,0,30,0,400,1,1,98,309,102,1,295,366,3,8,443,1,230,1,369,47,327,39,369,367,367,178,40,368,58,True
Miles Coleman,190604,WR,OKLA STATE,4,44.4,0,262,68.8,62.1,55.3,0,0,1,1.4,1.3,100.0,0,0,0,59,0,0,0,133,1,75,0,0,58,1,38,368,1,226,48,579,1,1,14,36,38,1,1,1,1,275,1,2,5,317,16,334,1,5,283,112,True
Rodshaun Dorsey,193978,WR,GA STATE,4,37.6,0,175,76.4,,70.8,0,0,0,0.0,0.0,,1,0,0,59,0,0,0,157,0,98,0,0,59,0,38,594,1,75,,99,1,1,76,76,80,,550,1,1,275,1,2,5,239,80,200,1,5,274,213,True
Tanook Hines,205454,WR,USC,4,43.1,0,326,58.6,,81.3,0,0,0,0.0,0.0,,1,0,0,59,0,0,0,137,0,78,0,0,59,0,38,411,1,554,,13,1,1,76,76,80,,550,1,1,275,1,2,5,301,80,314,1,5,274,213,True
David McComb,198587,QB,MIAMI OH,4,31.6,0,221,83.9,,60.3,0,0,0,0.0,0.0,,1,0,0,59,0,0,0,187,0,123,0,0,59,0,6,172,1,36,,10,1,1,18,18,20,,110,1,1,130,1,1,1,113,20,73,1,1,130,2,True
Ethan Hampton,145858,QB,SO MISS,3,39.6,0,296,69.3,,60.0,0,0,0,0.0,0.0,,1,0,0,59,0,0,0,149,0,88,0,0,59,0,129,112,1,110,,78,1,1,18,18,20,,110,1,1,130,1,1,1,133,20,118,1,1,130,2,True
Moussa Barry,166787,WR,W KENTUCKY,5,36.2,1,346,50.3,,55.8,0,0,0,0.0,0.0,,3,0,0,59,0,0,0,163,0,104,0,0,59,2,1,640,768,762,,569,1,1,76,76,80,,784,1,1,275,1,2,5,220,80,163,1,5,274,73,True
Cooper Barkate,159333,WR,MIAMI FL,4,36.9,0,220,65.2,,66.0,0,0,0,0.0,0.0,,0,0,0,59,0,0,0,160,0,101,0,0,59,0,38,622,1,334,,176,1,1,76,76,80,,1,1,1,275,1,2,5,235,80,186,1,5,274,213,True
Brett Eskildsen,191299,WR,PENN STATE,4,43.1,0,266,59.8,,49.2,0,0,0,0.0,0.0,,0,0,0,59,0,0,0,137,0,78,0,0,59,0,38,411,1,515,,677,1,1,76,76,80,,1,1,1,275,1,2,5,301,80,314,1,5,274,213,True
Daniel Moleni,188839,T,S JOSE ST,1,100.0,0,285,55.6,59.0,52.1,0,0,37,100.0,100.0,100.0,0,0,0,59,0,0,59,59,40,40,0,0,19,0,455,1,1,373,318,432,1,1,325,2,6,1,1,1,1,355,4,28,171,355,327,327,38,301,400,156,True
CJ Brown,184382,WR,ARKANSAS,4,33.5,0,111,55.5,,70.4,0,0,0,0.0,0.0,,0,0,0,59,0,0,0,176,0,117,0,0,59,0,38,683,1,655,,103,1,1,76,76,80,,1,1,1,275,1,2,5,178,80,116,1,5,274,213,True
Micah Riley,157053,TE,TEXAS A&M,4,55.1,0,312,58.6,66.8,73.0,0,0,11,20.0,20.3,100.0,1,0,0,59,0,0,0,107,12,59,0,0,47,71,23,366,1,225,253,44,1,1,148,258,270,1,293,1,1,219,1,2,61,186,144,147,2,62,219,173,True
Kyler Kasper,163298,WR,BYU,3,52.7,0,128,65.4,,60.0,0,0,0,0.0,0.0,,1,0,0,59,0,0,0,112,0,53,0,0,59,0,603,165,1,324,,427,1,1,76,76,80,,550,1,1,275,1,2,5,394,80,462,1,5,274,213,True
Landon Strother,197048,WR,LA LAFAYET,2,52.7,0,207,62.4,,51.5,0,0,0,0.0,0.0,,1,0,0,59,0,0,0,112,0,52,0,0,59,0,735,165,1,427,,638,1,1,76,76,80,,550,1,1,275,1,2,5,394,80,471,1,5,274,213,True
Luke Dehnicke,216797,TE,NWESTERN,3,46.8,0,256,87.3,35.0,60.8,0,0,4,5.8,5.6,100.0,1,0,0,59,0,0,0,126,4,71,0,0,55,90,353,436,1,6,429,178,1,1,332,435,439,1,293,1,1,219,1,2,61,144,341,115,2,62,183,119,True
Finn Furmanek,175491,TE,PENN STATE,4,78.7,0,266,55.9,70.6,52.3,0,0,3,17.6,20.0,100.0,1,0,0,59,0,0,0,75,4,20,0,0,55,44,23,114,1,273,165,329,1,1,357,294,271,1,293,1,1,219,1,2,61,265,341,344,2,62,183,285,True
Kyan Mason,190975,WR,AKRON,4,35.8,0,102,59.6,,61.4,0,0,0,0.0,0.0,,1,0,0,58,0,0,0,162,0,104,0,0,58,2,38,649,1,522,,316,1,1,76,76,80,,550,1,1,284,1,2,5,224,80,163,1,5,283,73,True
Darren Morris,167128,WR,BOISE ST,4,67.4,0,120,53.9,,72.7,0,0,0,0.0,0.0,,1,0,0,58,0,0,0,86,0,28,0,0,58,0,38,56,1,698,,66,1,1,76,76,80,,550,1,1,284,1,2,5,496,80,615,1,5,283,213,True
Damari Alston,157037,HB,TULSA,5,29.4,0,320,79.0,67.7,68.9,0,0,36,35.6,37.6,97.2,0,1,1,58,0,0,0,197,41,109,0,0,17,1,1,130,1,46,120,33,1,1,11,93,83,152,1,113,248,17,2,1,1,8,11,12,1,1,62,26,True
Joshua Porter,183447,WR,USF,4,39.7,0,327,72.5,,53.9,0,0,0,0.0,0.0,,0,0,0,58,0,0,0,146,0,88,0,0,58,0,38,521,1,132,,599,1,1,76,76,80,,1,1,1,284,1,2,5,278,80,259,1,5,283,213,True
Ryland Bragg,189785,G,JVILLE ST,4,100.0,0,196,58.8,22.2,62.9,0,0,15,100.0,100.0,100.0,0,0,0,58,0,0,0,58,19,19,27,5,39,20,18,1,1,340,499,199,1,1,410,3,8,1,1,1,1,371,47,327,39,372,396,396,231,18,341,2,True
La'Don Bryant,188410,WR,N ILLINOIS,4,31.4,0,254,64.7,,74.8,0,0,0,0.0,0.0,,0,0,0,58,0,0,0,185,0,127,0,0,58,0,38,721,1,351,,47,1,1,76,76,80,,1,1,1,284,1,2,5,142,80,72,1,5,283,213,True
Arlis Boardingham,157739,TE,AUBURN,4,61.1,1,115,61.7,72.3,63.0,0,0,7,17.1,15.9,100.0,1,0,0,58,0,0,0,95,7,44,0,0,51,53,23,293,465,172,120,154,1,1,245,303,329,1,293,1,1,222,1,2,61,217,259,207,2,62,205,248,True
Jake Cook,199860,G,OHIO STATE,3,98.3,0,260,69.2,53.7,77.7,0,1,26,96.3,96.4,98.1,2,1,0,58,0,46,0,59,27,28,0,0,31,11,284,510,1,81,401,19,1,171,372,510,509,316,396,139,1,371,47,196,39,371,372,370,322,40,364,5,True
Jaden Platt,172591,TE,ARKANSAS,4,47.9,0,111,63.6,71.6,50.9,0,0,7,10.3,12.5,100.0,0,0,0,58,0,0,0,121,9,72,0,0,49,87,23,429,1,147,140,344,1,1,245,402,376,1,1,1,1,222,1,2,61,156,214,111,2,62,214,124,True
EJ Colson Jr.,190335,QB,UTEP,4,30.5,0,330,59.7,62.2,60.0,0,0,1,1.1,1.0,100.0,0,0,0,58,0,0,0,190,1,103,0,0,57,0,6,180,1,160,1,78,1,1,1,5,5,1,1,1,1,132,1,1,1,111,1,110,1,1,132,2,True
DeCorion Temple,163121,TE,OREGON ST,4,36.0,0,265,55.3,56.9,58.8,0,1,18,16.1,14.9,97.2,0,1,0,58,0,0,2,161,18,121,0,0,40,81,23,472,1,287,336,204,1,371,56,322,346,320,1,329,1,222,1,2,17,73,71,16,2,62,256,146,True
Will Anciaux,173090,TE,KANSAS ST,4,65.2,0,199,68.9,72.9,53.8,0,0,12,28.6,27.9,100.0,1,0,0,58,0,0,0,89,12,43,0,0,46,69,23,243,1,84,94,301,1,1,134,170,177,1,293,1,1,222,1,2,61,230,144,216,2,62,225,185,True
Benjamin Brahmer,174660,TE,PENN STATE,4,41.7,0,266,65.3,68.2,55.7,0,0,4,5.0,4.7,100.0,0,0,0,58,0,0,0,139,4,85,0,1,54,72,23,458,1,123,225,255,1,1,332,439,443,1,1,1,1,222,1,2,61,113,341,77,2,19,191,170,True
Gabe Burkle,157578,TE,PENN STATE,3,77.3,0,266,50.8,72.4,55.7,0,0,13,43.3,43.3,100.0,1,0,0,58,0,0,0,75,13,30,0,0,45,51,353,128,1,373,116,255,1,1,120,71,70,1,293,1,1,222,1,2,61,265,131,275,2,62,234,257,True
DeVon Rice,183902,HB,HAWAII,4,33.7,0,180,77.6,74.8,59.3,0,0,50,45.9,46.4,100.0,0,0,0,58,0,0,0,172,51,110,0,0,7,0,15,85,1,59,82,101,1,1,2,37,43,1,1,1,1,17,2,1,1,21,3,10,1,1,179,48,True
Caleb Odom,184543,TE,OLE MISS,3,42.6,0,226,79.4,74.8,70.3,0,0,7,8.9,8.2,100.0,1,0,0,58,0,0,0,136,7,85,0,0,51,51,353,450,1,16,52,64,1,1,245,412,421,1,293,1,1,222,1,2,61,123,259,77,2,62,205,257,True
Derrick Salley Jr.,213980,WR,KANSAS ST,4,49.6,0,199,69.8,,68.4,0,0,0,0.0,0.0,,1,0,0,58,0,0,0,117,0,59,0,0,58,0,38,225,1,200,,141,1,1,76,76,80,,550,1,1,284,1,2,5,371,80,427,1,5,283,213,True
Que'Sean Brown,170041,WR,VA TECH,4,35.2,0,337,70.6,,59.3,0,0,0,0.0,0.0,,0,0,0,57,0,0,0,162,0,105,0,0,57,1,38,657,1,180,,470,1,1,76,76,80,,1,1,1,289,1,2,5,224,80,159,1,5,289,112,True
Chris Barnes,190363,WR,OKLA STATE,3,40.4,0,262,62.3,,44.5,0,0,0,0.0,0.0,,0,0,0,57,0,0,0,141,0,83,0,0,57,0,603,491,1,430,,745,1,1,76,76,80,,1,1,1,289,1,2,5,290,80,290,1,5,289,213,True
Talan Chandler,184473,C,ARK STATE,4,100.0,0,113,72.4,82.3,67.5,0,0,20,100.0,100.0,100.0,0,0,0,57,57,0,0,57,20,20,0,0,37,0,7,1,1,38,30,65,1,1,171,2,3,1,1,1,1,162,160,18,3,162,171,171,21,6,156,16,True
Nasir Williams,191050,WR,C MICHIGAN,4,57.6,0,134,66.5,,74.2,0,0,0,0.0,0.0,,0,0,0,57,0,0,0,99,0,40,0,0,57,1,38,113,1,283,,54,1,1,76,76,80,,1,1,1,289,1,2,5,445,80,544,1,5,289,112,True
Andre Greene Jr.,162748,WR,GA SOUTHRN,4,36.3,0,174,50.1,,46.2,0,0,0,0.0,0.0,,1,0,0,57,0,0,0,157,0,100,0,0,57,0,38,639,1,766,,723,1,1,76,76,80,,550,1,1,289,1,2,5,239,80,189,1,5,289,213,True
JoJo Matautia,205215,C,NEW MEXICO,4,100.0,0,241,60.7,76.7,59.2,0,0,6,100.0,100.0,100.0,0,0,0,57,33,0,0,57,6,6,0,0,51,6,7,1,1,161,88,158,1,1,210,2,3,1,1,1,1,162,178,18,3,162,210,210,21,6,150,6,True
Marshaun Brown,175717,WR,NEVADA,4,50.0,0,239,54.8,,66.0,0,0,0,0.0,0.0,,0,0,0,57,0,0,0,114,0,57,0,0,57,1,38,209,1,677,,176,1,1,76,76,80,,1,1,1,289,1,2,5,384,80,442,1,5,289,112,True
Nik McMillan,157951,WR,KANSAS,3,43.5,0,198,89.8,,60.2,0,0,0,0.0,0.0,,0,0,0,57,0,0,0,131,0,74,0,0,57,0,603,399,1,6,,412,1,1,76,76,80,,1,1,1,289,1,2,5,326,80,341,1,5,289,213,True
Daniel Calhoun,184553,T,GEORGIA,4,100.0,0,173,63.2,86.4,57.0,0,0,29,100.0,100.0,100.0,1,0,0,57,0,0,0,57,29,29,24,33,28,0,16,1,1,232,11,344,1,1,346,2,6,1,232,1,1,356,4,28,315,356,349,349,7,210,359,156,True
Tyler Morris,158544,WR,INDIANA,4,57.6,0,190,63.2,,54.2,0,0,0,0.0,0.0,,0,0,0,57,0,0,0,99,0,42,0,0,57,5,38,113,1,396,,592,1,1,76,76,80,,1,1,1,289,1,2,5,445,80,526,1,5,289,25,True
Angel Flores,164493,QB,C MICHIGAN,4,35.8,0,134,75.1,,60.0,0,0,0,0.0,0.0,,0,0,0,57,0,0,0,159,0,44,0,0,57,0,6,143,1,81,,78,1,1,18,18,20,,1,1,1,133,1,1,1,129,20,152,1,1,132,2,True
Clayton Coppock Jr.,198608,WR,COAST CAR,4,28.8,0,141,62.5,,56.6,0,0,0,0.0,0.0,,0,0,0,57,0,0,0,198,0,141,0,0,57,0,38,754,1,422,,554,1,1,76,76,80,,1,1,1,289,1,2,5,112,80,35,1,5,289,213,True
Michael Uini,184581,G,GEORGIA,4,100.0,0,173,68.8,65.9,68.6,0,1,27,100.0,100.0,98.1,0,1,0,57,0,26,0,57,27,27,30,0,30,0,18,1,1,90,292,97,1,171,367,3,8,316,1,139,1,373,47,234,39,373,372,373,223,40,368,58,True
Blake Cherry,200100,G,WISCONSIN,2,100.0,0,349,56.6,25.3,61.1,0,1,26,100.0,100.0,94.2,0,2,1,57,0,0,0,57,28,28,57,0,29,0,400,1,1,386,496,240,1,171,372,3,8,489,1,230,399,373,47,327,39,373,370,370,181,40,373,58,True
Dominic Toy,188215,TE,COLO STATE,4,59.4,0,144,54.4,65.9,56.9,0,0,9,20.0,22.0,100.0,0,0,0,57,0,0,0,96,11,50,0,0,46,46,23,316,1,308,266,232,1,1,194,258,248,1,1,1,1,229,1,2,61,215,166,184,2,62,225,275,True
Julian Johnson,184726,TE,MINNESOTA,4,78.1,1,225,39.7,74.3,44.7,0,0,14,46.7,46.7,100.0,1,0,0,57,0,0,0,73,14,30,0,0,43,70,23,120,465,472,58,427,1,1,101,60,58,1,293,1,1,229,1,2,61,274,120,275,2,62,244,180,True
Landry Lyddy,156581,QB,SO MISS,4,41.6,0,296,69.2,62.2,60.0,0,0,1,1.3,1.3,100.0,2,0,0,57,0,0,0,137,1,79,0,0,56,0,6,87,1,112,1,78,1,1,1,4,4,1,167,1,1,133,1,1,1,137,1,128,1,1,134,2,True
Reece Parmenter,183867,T,UTAH,4,100.0,0,328,72.7,78.3,69.2,0,0,13,100.0,100.0,100.0,0,0,0,57,0,0,32,57,13,13,0,21,44,3,16,1,1,76,81,109,1,1,394,2,6,1,1,1,1,356,4,28,211,356,395,396,38,237,314,43,True
Chris Culliver,175393,WR,MARSHALL,4,42.2,0,214,56.2,,51.0,0,0,0,0.0,0.0,,2,0,0,57,0,0,0,135,0,78,0,0,57,0,38,443,1,629,,648,1,1,76,76,80,,743,1,1,289,1,2,5,310,80,314,1,5,289,213,True
Bert Emanuel Jr.,158581,WR,S DIEGO ST,3,49.1,0,284,68.5,,84.6,0,0,0,0.0,0.0,,0,0,0,57,0,0,0,116,0,55,0,0,57,0,603,234,1,228,,6,1,1,76,76,80,,1,1,1,289,1,2,5,375,80,450,1,5,289,213,True
Kyle Washington,204905,WR,GA STATE,4,57.0,0,175,73.9,,57.2,0,0,0,0.0,0.0,,0,0,0,57,0,0,0,100,0,43,0,0,57,1,38,116,1,115,,540,1,1,76,76,80,,1,1,1,289,1,2,5,439,80,522,1,5,289,112,True
Tre Spivey,173119,WR,ARIZONA,4,31.7,0,109,74.9,,74.8,0,0,0,0.0,0.0,,0,0,0,57,0,0,0,180,0,121,0,0,57,0,38,717,1,98,,47,1,1,76,76,80,,1,1,1,289,1,2,5,157,80,99,1,5,289,213,True
Kendall Harris,172682,WR,DOMINION,4,43.8,0,263,57.1,,62.0,0,0,0,0.0,0.0,,1,0,0,56,0,0,0,128,0,72,0,0,56,0,38,391,1,607,,272,1,1,76,76,80,,550,1,1,301,1,2,5,339,80,355,1,5,301,213,True
TJ Dice Jr.,200131,T,FLORIDA,4,100.0,0,163,76.9,86.9,76.7,0,1,24,100.0,100.0,97.9,2,1,0,56,0,0,52,56,24,24,0,0,32,4,16,1,1,41,9,38,1,145,353,2,6,222,348,112,1,358,4,28,178,358,358,358,38,301,349,35,True
DJ Darling,217356,WR,NEW MEXICO,4,42.4,0,241,55.7,,59.4,0,0,0,0.0,0.0,,0,0,0,56,0,0,0,132,0,76,0,0,56,0,38,432,1,645,,464,1,1,76,76,80,,1,1,1,301,1,2,5,321,80,324,1,5,301,213,True
Jeremiah Nash,215068,WR,UTEP,4,41.8,0,330,51.5,,76.6,0,0,0,0.0,0.0,,1,0,0,56,0,0,0,134,0,78,0,0,56,2,38,453,1,740,,34,1,1,76,76,80,,550,1,1,301,1,2,5,313,80,314,1,5,301,73,True
Dylan Wade,170208,TE,UCF,4,44.4,0,323,49.5,54.7,53.7,0,1,12,15.6,14.6,95.8,1,1,0,56,0,0,0,126,12,82,0,0,44,70,23,446,1,388,352,303,1,371,134,328,350,351,293,329,1,231,1,2,61,144,144,83,2,62,239,180,True
Kyle Koch,190614,WR,N TEXAS,5,49.1,0,251,78.0,,56.9,0,0,0,0.0,0.0,,0,0,0,56,0,0,0,114,0,58,0,0,56,0,1,234,1,53,,548,1,1,76,76,80,,1,1,1,301,1,2,5,384,80,437,1,5,301,213,True
Jalen Mickens,198689,WR,LA TECH,3,35.7,0,208,70.9,76.6,55.8,0,0,3,3.2,3.0,100.0,1,0,0,56,0,0,0,157,3,100,0,0,53,1,603,650,1,165,2,569,1,1,1,12,12,1,550,1,1,301,1,2,5,239,1,189,1,5,328,112,True
Preston Kilgore,174599,TE,SO MISS,4,46.3,0,296,45.9,77.2,56.8,0,0,11,15.5,17.7,100.0,2,0,0,56,0,0,0,121,14,79,0,0,42,81,23,437,1,432,15,237,1,1,148,329,304,1,439,1,1,231,1,2,61,156,120,88,2,62,250,146,True
Brock Schott,200168,TE,INDIANA,4,68.3,0,190,47.0,49.3,44.1,1,0,8,24.2,23.5,93.7,0,1,0,56,0,0,0,82,8,34,0,0,48,62,23,218,1,418,379,434,448,1,218,213,225,390,1,329,1,231,1,2,61,248,244,259,2,62,218,207,True
Elijah Thomas,199044,WR,OKLAHOMA,4,40.3,0,261,50.7,,54.1,0,0,0,0.0,0.0,,1,0,0,56,0,0,0,139,0,83,0,0,56,0,38,495,1,754,,594,1,1,76,76,80,,550,1,1,301,1,2,5,296,80,290,1,5,301,213,True
Charles Robinson,189515,TE,NAVY,2,54.9,0,237,68.3,73.2,72.3,0,0,2,4.9,6.7,100.0,0,0,0,56,0,0,0,102,3,45,0,0,53,12,442,370,1,92,86,48,1,1,393,440,428,1,1,1,1,231,1,2,61,201,368,205,2,62,196,469,True
Jamari Johnson,174706,TE,OREGON,2,50.5,0,264,77.5,64.5,50.2,0,1,11,17.5,16.7,95.5,0,1,0,56,0,0,3,111,11,66,0,2,45,58,442,411,1,22,285,355,1,371,148,298,312,360,1,329,1,231,1,2,11,176,166,127,2,11,234,226,True
Kyle Cox,176291,T,BOISE ST,3,100.0,0,120,57.9,17.2,74.8,1,3,23,100.0,100.0,91.3,1,4,0,56,0,0,5,56,24,24,0,51,32,0,278,1,1,336,484,51,303,276,355,2,6,486,232,270,1,358,4,28,287,358,358,358,38,182,349,156,True
Isaiah Johnson,185903,WR,CINCINNATI,4,39.4,0,138,59.5,,59.7,0,0,0,0.0,0.0,,0,0,0,56,0,0,0,142,0,86,0,0,56,0,38,530,1,524,,450,1,1,76,76,80,,1,1,1,301,1,2,5,286,80,274,1,5,301,213,True
Ashton Rivera,156547,C,CAL,2,100.0,0,130,62.5,75.3,57.8,0,1,31,100.0,100.0,98.4,0,1,0,56,56,0,0,56,36,36,0,0,20,0,180,1,1,131,110,179,1,90,159,2,3,164,1,80,1,164,161,18,3,164,157,157,21,6,189,16,True
Noreel White,184749,WR,TROY,4,37.3,0,318,67.5,,82.8,0,0,0,0.0,0.0,,1,0,0,56,0,0,0,150,0,93,0,0,56,1,38,605,1,254,,8,1,1,76,76,80,,550,1,1,301,1,2,5,262,80,233,1,5,301,112,True
Matt Buron,163882,TE,GA STATE,4,78.9,0,175,63.7,73.8,62.0,0,0,8,38.1,37.5,100.0,0,0,0,56,0,0,0,71,9,24,0,1,47,61,23,110,1,146,70,163,1,1,218,107,110,1,1,1,1,231,1,2,61,280,214,321,2,19,219,214,True
Cam'ron Lacy,170486,WR,MIDDLE TN,4,30.9,0,224,83.5,,52.6,0,0,0,0.0,0.0,,0,0,0,56,0,0,0,181,0,123,0,0,56,5,38,727,1,23,,618,1,1,76,76,80,,1,1,1,301,1,2,5,155,80,94,1,5,301,25,True
Andrew Richard,189824,C,LA TECH,3,100.0,0,208,48.9,51.1,49.8,1,0,26,100.0,100.0,98.1,0,1,0,56,56,0,0,56,29,29,0,0,27,0,126,1,1,226,208,224,179,1,163,2,3,175,1,80,1,164,161,18,3,164,163,163,21,6,167,16,True
Corey Simms,199420,WR,USC,4,50.5,0,326,77.2,,77.6,0,0,0,0.0,0.0,,0,0,0,56,0,0,0,111,0,55,0,0,56,0,38,204,1,63,,30,1,1,76,76,80,,1,1,1,301,1,2,5,399,80,450,1,5,301,213,True
Taz Reddicks,173734,WR,UNLV,4,45.2,0,325,70.6,,67.2,0,0,0,0.0,0.0,,0,0,0,56,0,0,0,124,0,68,0,0,56,0,38,342,1,180,,157,1,1,76,76,80,,1,1,1,301,1,2,5,350,80,378,1,5,301,213,True
Carson Bruhn,191163,TE,KANSAS,2,65.1,0,198,77.5,65.8,69.8,0,1,8,21.6,25.0,93.7,0,1,0,56,0,0,0,86,10,40,0,1,46,61,442,247,1,22,268,70,1,371,218,244,196,390,1,329,1,231,1,2,61,237,188,236,2,19,225,214,True
Jeremiah Koger,199425,WR,AUBURN,4,36.1,0,115,65.7,,63.2,0,0,0,0.0,0.0,,0,0,0,56,0,0,0,155,0,99,0,0,56,2,38,642,1,308,,219,1,1,76,76,80,,1,1,1,301,1,2,5,249,80,196,1,5,301,73,True
Jmariyae Robinson,164812,WR,MO STATE,3,42.7,0,230,63.2,62.1,47.3,0,0,1,1.5,1.3,100.0,1,0,0,56,0,0,0,131,1,76,0,0,55,1,603,422,1,396,48,705,1,1,14,33,38,1,550,1,1,301,1,2,5,326,16,324,1,5,313,112,True
Jacob Newell,163273,TE,TOLEDO,4,58.9,0,316,73.0,35.6,78.4,0,0,2,5.6,7.1,100.0,1,0,0,56,0,0,0,95,3,42,0,0,53,71,23,319,1,45,428,16,1,1,393,436,425,1,293,1,1,231,1,2,61,217,368,223,2,62,196,173,True
Zion Booker,177939,WR,KENNESAW,4,38.1,0,200,70.3,,45.5,0,0,0,0.0,0.0,,0,0,0,56,0,0,0,147,0,90,0,0,56,2,38,578,1,190,,734,1,1,76,76,80,,1,1,1,301,1,2,5,276,80,250,1,5,301,73,True
Kyle Frendt,200066,TE,WYOMING,4,49.5,0,351,73.0,67.5,57.1,0,0,2,3.6,3.4,100.0,0,0,0,55,0,0,0,111,2,58,0,0,53,62,23,416,1,45,234,231,1,1,393,449,451,1,1,1,1,239,1,2,61,176,402,151,2,62,196,207,True
Landon Swanson,191047,TE,C MICHIGAN,4,96.5,0,134,65.2,72.5,63.9,0,0,5,71.4,71.4,100.0,0,0,0,55,0,0,0,57,5,7,0,0,50,47,23,14,1,126,112,144,1,1,301,18,18,1,1,1,1,239,1,2,61,322,307,439,2,62,209,271,True
Brady Kluse,184714,WR,MEMPHIS,4,48.2,0,218,52.2,,45.1,0,0,0,0.0,0.0,,1,0,0,55,0,0,0,114,0,59,0,0,55,0,38,257,1,731,,739,1,1,76,76,80,,550,1,1,315,1,2,5,384,80,427,1,5,313,213,True
Ethan Barbour,198468,TE,GEORGIA,4,70.5,0,173,62.1,72.7,54.7,0,0,11,34.4,34.3,100.0,1,0,0,55,0,0,0,78,12,35,0,0,43,57,23,198,1,167,105,276,1,1,148,123,126,1,293,1,1,239,1,2,61,257,144,251,2,62,244,228,True
Kahleil Jackson,124381,WR,FLORIDA,4,64.0,0,163,66.0,,61.4,0,0,0,0.0,0.0,,0,0,0,55,0,0,0,86,0,31,0,0,55,0,38,69,1,303,,316,1,1,76,76,80,,1,1,1,315,1,2,5,496,80,596,1,5,313,213,True
Mudia Reuben,157258,WR,USF,4,51.9,0,327,55.7,,71.2,0,0,0,0.0,0.0,,0,0,0,55,0,0,0,106,0,51,0,0,55,0,38,177,1,645,,88,1,1,76,76,80,,1,1,1,315,1,2,5,421,80,474,1,5,313,213,True
Taimane Purcell,213470,TE,CAL,3,64.0,0,130,58.1,51.8,66.6,1,0,8,21.6,24.4,93.7,1,1,0,55,0,0,0,86,10,41,0,0,45,55,353,259,1,231,370,102,448,1,218,244,212,390,293,329,1,239,1,2,61,237,188,231,2,62,234,237,True
Miles Williams,158953,WR,NEW MEXICO,4,53.9,0,241,55.7,,64.7,0,0,0,0.0,0.0,,0,0,0,55,0,0,0,102,0,47,0,0,55,0,38,148,1,645,,195,1,1,76,76,80,,1,1,1,315,1,2,5,430,80,500,1,5,313,213,True
Brennan Ridley,189014,WR,BOWL GREEN,4,42.3,0,122,57.3,,58.0,0,0,0,0.0,0.0,,1,0,0,55,0,0,0,130,0,73,0,0,55,0,38,436,1,600,,515,1,1,76,76,80,,550,1,1,315,1,2,5,332,80,349,1,5,313,213,True
TJ Abrams,184416,WR,FLORIDA,4,59.8,0,163,65.5,,60.0,0,0,0,0.0,0.0,,0,0,0,55,0,0,0,92,0,37,0,0,55,0,38,99,1,320,,427,1,1,76,76,80,,1,1,1,315,1,2,5,470,80,555,1,5,313,213,True
Eian Pugh,158224,WR,OHIO,4,41.4,0,259,50.5,,59.4,0,0,0,0.0,0.0,,1,0,0,55,0,0,0,133,0,78,0,0,55,0,38,466,1,760,,464,1,1,76,76,80,,550,1,1,315,1,2,5,317,80,314,1,5,313,213,True
Karmello English,176212,WR,COAST CAR,4,31.4,0,141,59.4,,57.4,0,0,0,0.0,0.0,,0,0,0,55,0,0,0,175,0,119,0,0,55,0,38,721,1,531,,536,1,1,76,76,80,,1,1,1,315,1,2,5,184,80,108,1,5,313,213,True
Kam Thomas,149138,WR,UTEP,4,52.9,0,330,63.1,,63.6,0,0,0,0.0,0.0,,0,0,0,55,0,0,0,104,0,47,0,0,55,0,38,159,1,402,,213,1,1,76,76,80,,1,1,1,315,1,2,5,426,80,500,1,5,313,213,True
Payton Matthews,199106,WR,RICE,4,62.8,0,275,60.6,,65.4,0,0,0,0.0,0.0,,0,0,0,54,0,0,0,86,0,32,0,0,54,0,38,77,1,494,,186,1,1,76,76,80,,1,1,1,324,1,2,5,496,80,588,1,5,323,213,True
Jaedn Skeete,175343,WR,BOSTON COL,4,37.2,0,121,57.8,,81.5,0,0,0,0.0,0.0,,1,0,0,54,0,0,0,145,0,91,0,0,54,0,38,610,1,588,,11,1,1,76,76,80,,550,1,1,324,1,2,5,281,80,243,1,5,323,213,True
Isaiah Kema,205325,C,UTAH,3,100.0,0,328,68.0,76.8,64.7,0,0,12,100.0,100.0,100.0,0,0,0,54,52,0,0,54,12,12,0,0,42,2,126,1,1,75,86,88,1,1,183,2,3,1,1,1,1,166,164,18,3,166,185,185,21,6,153,9,True
Braeden Wisloski,170213,WR,JAMES MAD,4,44.6,0,197,66.8,66.1,59.6,0,0,1,1.6,1.5,100.0,0,0,0,54,0,0,0,121,1,66,0,0,53,5,38,358,1,273,18,457,1,1,14,27,29,1,1,1,1,324,1,2,5,359,16,389,1,5,328,25,True
Jacquon Gibson,158762,WR,VIRGINIA,4,61.4,0,335,66.6,,60.3,0,0,0,0.0,0.0,,0,0,0,54,0,0,0,88,0,34,0,0,54,0,38,87,1,280,,405,1,1,76,76,80,,1,1,1,324,1,2,5,488,80,574,1,5,323,213,True
Adrian Crespin,194579,G,MIDDLE TN,2,100.0,0,224,61.4,70.9,58.2,0,0,34,100.0,100.0,100.0,0,0,0,54,0,0,0,54,36,36,54,0,18,0,400,1,1,262,241,308,1,1,353,3,8,1,1,1,1,375,47,327,39,375,351,351,182,40,431,58,True
Joshua Padilla,170263,C,OHIO STATE,2,100.0,0,260,70.3,50.1,70.1,0,1,22,100.0,100.0,97.7,0,1,0,54,43,0,0,54,23,23,0,0,31,11,180,1,1,58,211,42,1,90,169,2,3,195,1,80,1,166,171,18,3,166,169,169,21,6,164,2,True
Andrew Metzger,173113,TE,OHIO,4,73.0,0,259,60.8,75.6,56.7,0,0,9,32.1,33.3,100.0,0,0,0,54,0,0,0,74,10,30,0,0,44,46,23,174,1,187,36,240,1,1,194,149,128,1,1,1,1,243,1,2,61,269,188,275,2,62,239,275,True
Trevor Bindel,205522,G,IOWA STATE,3,100.0,0,193,61.3,57.9,60.7,0,0,13,100.0,100.0,100.0,0,0,0,54,0,21,0,54,16,16,33,0,38,0,284,1,1,267,374,248,1,1,418,3,8,1,1,1,1,375,47,248,39,375,410,410,216,40,345,58,True
Sitani Mikaele,188400,HB,HAWAII,4,50.9,0,180,65.3,72.5,71.0,1,1,49,62.0,62.7,98.0,0,2,0,54,0,0,0,106,52,83,0,0,2,0,15,29,1,213,100,27,239,150,3,17,15,124,1,216,1,19,2,1,1,128,2,43,1,1,274,48,True
Brady Kopetz,157702,TE,COLORADO,3,88.5,0,143,52.2,82.0,49.6,0,0,19,73.1,75.0,100.0,1,0,0,54,0,0,0,61,21,28,0,0,33,21,353,50,1,348,4,370,1,1,48,16,14,1,293,1,1,243,1,2,61,308,41,287,2,62,317,419,True
Grant Wise,213358,G,CLEMSON,3,100.0,0,140,60.4,72.5,57.4,0,1,27,100.0,100.0,94.4,0,2,1,54,0,0,0,54,29,29,54,0,25,0,284,1,1,293,217,339,1,171,367,3,8,486,1,230,399,375,47,327,39,375,369,369,182,40,394,58,True
Dominic Kelley,205190,HB,NEVADA,4,33.3,0,239,75.5,56.7,59.7,0,1,28,35.0,35.7,98.2,0,1,0,54,0,0,0,162,30,84,0,0,24,0,15,88,1,85,163,85,1,150,27,97,98,116,1,113,1,19,2,1,1,34,30,39,1,1,34,48,True
Eric Nelson Jr.,189779,WR,FIU,4,44.6,0,166,67.3,63.9,62.1,0,0,1,1.5,1.5,100.0,1,0,0,54,0,0,0,121,1,68,0,0,53,0,38,358,1,256,28,260,1,1,14,33,29,1,550,1,1,324,1,2,5,359,16,378,1,5,328,213,True
Micah Woods,171218,WR,S ALABAMA,4,45.8,0,288,64.8,,60.0,0,0,0,0.0,0.0,,0,0,0,54,0,0,0,118,0,64,0,0,54,0,38,318,1,349,,427,1,1,76,76,80,,1,1,1,324,1,2,5,368,80,405,1,5,323,213,True
Jake Norris,175255,TE,NAVY,3,84.4,0,237,55.8,68.6,58.6,0,0,1,10.0,23.1,100.0,1,0,0,54,0,0,3,64,3,13,0,6,51,52,353,74,1,277,215,205,1,1,430,405,231,1,293,1,1,243,1,2,11,294,368,388,2,1,205,253,True
Josh Dallas,158343,WR,GA SOUTHRN,4,30.3,0,174,68.7,71.7,64.9,0,0,3,2.6,2.4,100.0,1,0,0,54,0,0,0,178,3,125,0,0,51,12,38,739,1,227,5,193,1,1,1,18,18,1,550,1,1,324,1,2,5,166,1,86,1,5,347,6,True
Arhmad Branch,174948,WR,USF,3,47.8,0,327,63.4,,62.3,0,0,0,0.0,0.0,,0,0,0,54,0,0,0,113,0,59,0,0,54,0,603,265,1,384,,248,1,1,76,76,80,,1,1,1,324,1,2,5,391,80,427,1,5,323,213,True
Jaylin Carter,199210,HB,MEMPHIS,4,41.2,0,218,82.7,63.3,50.3,0,2,40,67.8,65.7,95.0,0,3,1,54,0,0,0,131,44,67,0,0,10,0,15,44,1,19,141,246,1,243,9,11,13,195,1,254,248,19,2,1,1,77,6,89,1,1,128,48,True
Rhys Woodrow,216899,C,MIAMI FL,3,100.0,0,220,71.6,62.4,69.3,0,0,20,100.0,100.0,100.0,0,0,0,54,51,0,0,54,20,20,0,0,34,1,126,1,1,46,183,47,1,1,171,2,3,1,1,1,1,166,166,18,3,166,171,171,21,6,160,10,True
Joseph Griffin Jr.,162664,WR,UMASS,3,49.5,0,216,71.5,,68.1,0,0,0,0.0,0.0,,1,0,0,53,0,0,0,107,0,54,0,0,53,1,603,226,1,154,,147,1,1,76,76,80,,550,1,1,332,1,2,5,417,80,458,1,5,328,112,True
Devin McCuin,176494,WR,OHIO STATE,4,37.6,0,260,66.6,,72.0,0,0,0,0.0,0.0,,0,0,0,53,0,0,0,141,0,88,0,0,53,5,38,594,1,280,,75,1,1,76,76,80,,1,1,1,332,1,2,5,290,80,259,1,5,328,25,True
Josh Phifer,172258,TE,UCLA,2,82.8,0,324,57.3,73.5,54.5,0,0,8,42.1,45.0,100.0,1,0,0,53,0,0,0,64,9,20,0,0,44,60,442,80,1,243,80,283,1,1,218,82,64,1,293,1,1,246,1,2,61,294,214,344,2,62,239,218,True
Jackson Harper,171048,WR,COLO STATE,4,32.3,0,144,62.2,,53.0,0,0,0,0.0,0.0,,0,0,0,53,0,0,0,164,0,111,0,0,53,3,38,703,1,433,,614,1,1,76,76,80,,1,1,1,332,1,2,5,213,80,130,1,5,328,48,True
Semi Taulanga,204411,TE,UTAH,4,91.4,0,328,59.4,72.2,59.2,0,0,10,66.7,66.7,100.0,0,0,0,53,0,0,0,58,10,15,0,0,43,40,23,29,1,210,123,197,1,1,173,20,20,1,1,1,1,246,1,2,61,319,188,375,2,62,244,314,True
Akeem Wright,215458,WR,BOISE ST,4,41.1,0,120,63.2,,69.4,0,0,0,0.0,0.0,,0,0,0,53,0,0,0,129,0,76,0,0,53,0,38,473,1,396,,117,1,1,76,76,80,,1,1,1,332,1,2,5,336,80,324,1,5,328,213,True
Raiden Vines-Bright,199523,WR,ARIZONA ST,3,45.3,0,110,45.0,,38.3,0,0,0,0.0,0.0,,0,0,0,53,0,0,0,117,0,64,0,0,53,0,603,337,1,791,,777,1,1,76,76,80,,1,1,1,332,1,2,5,371,80,405,1,5,328,213,True
Grady O'Neill,170328,WR,SM HOUSTON,4,29.0,0,281,67.9,63.9,44.3,0,0,1,0.8,0.8,100.0,0,0,0,53,0,0,0,183,1,131,0,0,52,0,38,753,1,244,28,748,1,1,14,62,63,1,1,1,1,332,1,2,5,148,16,58,1,5,342,213,True
Ebubedike Nnabugwu,174465,G,S CAROLINA,4,100.0,0,289,67.4,83.6,68.7,0,0,24,100.0,100.0,100.0,1,0,0,53,13,21,0,53,24,24,19,0,29,0,18,1,1,113,42,95,1,1,377,3,8,1,266,1,1,378,22,248,39,378,382,382,254,40,373,58,True
Wade Helton,191303,G,ARIZONA ST,2,100.0,0,110,53.1,30.7,56.6,0,0,33,100.0,100.0,100.0,0,0,0,53,4,0,0,53,35,35,49,0,18,0,400,1,1,440,487,363,1,1,355,3,8,1,1,1,1,378,35,327,39,378,354,354,189,40,431,58,True
Neo Clifton,198828,WR,MIDDLE TN,4,38.4,0,224,63.0,,51.9,0,0,0,0.0,0.0,,0,0,0,53,0,0,0,138,0,85,0,0,53,0,38,564,1,407,,632,1,1,76,76,80,,1,1,1,332,1,2,5,300,80,279,1,5,328,213,True
Chance Robinson,189448,WR,NC STATE,4,52.0,0,248,59.4,,67.9,0,0,0,0.0,0.0,,1,0,0,53,0,0,0,102,0,49,0,0,53,1,38,174,1,531,,151,1,1,76,76,80,,550,1,1,332,1,2,5,430,80,487,1,5,328,112,True
Jai'Den Thomas,174080,HB,UNLV,4,29.8,0,325,75.5,71.5,57.2,0,1,23,27.4,29.8,97.8,1,1,0,53,0,0,0,178,28,94,0,0,25,0,15,120,1,85,105,176,1,150,52,170,148,129,236,113,1,22,2,1,1,16,38,25,1,1,30,48,True
Dominic Johnson,189959,G,TOLEDO,2,100.0,0,316,69.4,81.0,75.7,0,0,11,100.0,100.0,100.0,2,0,0,53,0,32,0,53,11,11,21,0,42,0,400,1,1,78,83,31,1,1,431,3,8,1,396,1,1,378,47,221,39,378,437,437,246,40,331,58,True
JP Coulter,199731,WR,LA MONROE,4,39.0,0,209,58.2,,59.1,0,0,0,0.0,0.0,,0,0,0,53,0,0,0,136,0,82,0,0,53,0,38,544,1,571,,477,1,1,76,76,80,,1,1,1,332,1,2,5,308,80,293,1,5,328,213,True
Avery Gach,198803,TE,MICHIGAN,4,100.0,0,222,70.7,56.3,68.6,0,1,13,100.0,100.0,96.2,0,1,0,53,0,0,0,53,14,14,0,0,39,52,23,1,1,69,344,83,1,371,120,1,1,343,1,329,1,246,1,2,61,336,120,382,2,62,269,253,True
George Dimopoulos,188413,WR,N ILLINOIS,4,35.6,0,254,53.4,,34.2,0,0,0,0.0,0.0,,0,0,0,53,0,0,0,149,0,96,0,0,53,0,38,651,1,715,,790,1,1,76,76,80,,1,1,1,332,1,2,5,266,80,216,1,5,328,213,True
Jae Beasley II,184203,TE,UNLV,4,82.8,0,325,82.6,75.1,83.6,0,0,13,54.2,56.0,100.0,1,0,0,53,0,0,0,64,14,25,0,0,39,44,23,80,1,11,45,2,1,1,120,42,37,1,293,1,1,246,1,2,61,294,120,312,2,62,269,285,True
Drew Wagner,190897,WR,NWESTERN,3,37.3,0,256,61.1,,67.1,0,0,0,0.0,0.0,,0,0,0,53,0,0,0,142,0,86,0,0,53,5,603,605,1,475,,159,1,1,76,76,80,,1,1,1,332,1,2,5,286,80,274,1,5,328,25,True
Jerry McClure,173981,WR,S JOSE ST,4,29.6,0,285,58.0,,39.4,0,0,0,0.0,0.0,,0,0,0,53,0,0,0,179,0,126,0,0,53,14,38,745,1,578,,773,1,1,76,76,80,,1,1,1,332,1,2,5,162,80,78,1,5,328,1,True
Preston Howard,162794,TE,MARYLAND,3,51.0,0,215,52.9,72.3,49.7,0,0,10,16.9,18.0,100.0,0,0,0,52,0,0,1,102,11,61,0,0,41,65,353,403,1,332,120,365,1,1,173,306,298,1,1,1,1,250,1,2,24,201,166,139,2,62,254,199,True
Jaden Barnes,173738,WR,CHARLOTTE,4,27.8,0,136,66.9,,60.9,0,0,0,0.0,0.0,,1,0,0,52,0,0,0,187,0,134,0,0,52,0,38,763,1,265,,361,1,1,76,76,80,,550,1,1,344,1,2,5,136,80,51,1,5,342,213,True
Cole Mosier,163090,G,BALL ST,2,100.0,0,117,57.9,74.0,53.3,0,1,30,100.0,100.0,98.3,0,1,0,52,0,0,0,52,33,33,52,0,19,0,400,1,1,359,187,422,1,171,362,3,8,289,1,139,1,381,47,327,39,381,359,359,186,40,425,58,True
Luke Slater,185099,TE,SACRAMENTO,5,91.2,0,279,47.7,54.7,47.6,0,0,8,61.5,64.3,100.0,0,0,0,52,0,0,1,57,9,14,0,1,43,33,1,32,1,408,352,400,1,1,218,26,24,1,1,1,1,250,1,2,24,322,214,382,2,19,244,344,True
Aidan Kilstrom,159330,C,STANFORD,1,100.0,0,300,53.8,53.6,54.1,0,1,26,100.0,100.0,98.1,0,1,0,52,52,0,0,52,27,27,0,0,25,0,212,1,1,212,202,210,1,90,163,2,3,175,1,80,1,169,164,18,3,169,165,165,21,6,174,16,True
Ty Mims,163565,WR,UAB,4,39.7,0,321,77.6,,68.1,0,0,0,0.0,0.0,,0,0,0,52,0,0,0,131,0,79,0,0,52,0,38,521,1,58,,147,1,1,76,76,80,,1,1,1,344,1,2,5,326,80,309,1,5,342,213,True
Derrick Avery Jr.,204904,WR,GA STATE,4,37.4,0,175,59.5,,48.2,0,0,0,0.0,0.0,,0,0,0,52,0,0,0,139,0,87,0,0,52,0,38,600,1,524,,692,1,1,76,76,80,,1,1,1,344,1,2,5,296,80,267,1,5,342,213,True
Vaughn Blue,174921,HB,C MICHIGAN,3,53.6,0,134,63.2,23.2,60.6,0,1,5,19.2,19.2,90.0,0,1,0,52,0,0,0,97,5,26,0,0,47,9,232,24,1,239,265,60,1,150,261,242,245,254,1,113,1,23,2,1,1,152,264,252,1,1,9,6,True
Kemper Hodges,186426,FB,AIR FORCE,3,64.2,0,101,73.1,24.7,60.5,1,0,8,53.3,55.6,93.7,0,1,0,52,0,0,0,81,10,18,0,0,42,1,3,6,1,4,5,4,6,1,1,4,4,4,1,5,1,1,1,1,1,1,1,1,2,1,1,4,True
Mario Craver,184754,WR,TEXAS A&M,4,28.6,0,312,73.3,,61.9,0,0,0,0.0,0.0,,0,0,0,52,0,0,0,182,0,129,0,0,52,0,38,757,1,123,,277,1,1,76,76,80,,1,1,1,344,1,2,5,153,80,66,1,5,342,213,True
DeAndre Carter,191268,G,IOWA STATE,2,100.0,0,193,57.2,64.9,55.1,0,1,19,100.0,100.0,97.4,0,1,0,52,0,0,0,52,21,21,52,0,31,0,400,1,1,376,307,391,1,171,390,3,8,392,1,139,1,381,47,327,39,381,389,389,186,40,364,58,True
Oscar Colon,170796,T,FIU,2,100.0,1,166,60.6,57.3,68.2,0,2,31,100.0,100.0,96.8,1,2,0,52,0,0,0,52,31,31,0,51,21,1,379,1,434,293,332,122,1,218,342,2,6,330,232,178,1,360,4,28,315,360,345,345,38,182,388,95,True
Messiah Burch,171198,HB,BUFFALO,4,38.5,0,126,72.8,65.9,57.9,0,2,38,55.1,56.0,94.7,0,3,1,52,0,0,0,135,42,75,0,0,10,0,15,53,1,122,129,154,1,243,10,22,21,200,1,254,248,23,2,1,1,70,10,60,1,1,128,48,True
Dexter Williams II,129457,QB,TULSA,4,40.6,0,320,64.2,,60.0,0,0,0,0.0,0.0,,1,0,0,52,0,0,0,128,0,70,0,0,52,0,6,101,1,140,,78,1,1,18,18,20,,110,1,1,135,1,1,1,141,20,138,1,1,135,2,True
Owen Allen,127306,HB,AIR FORCE,3,57.1,0,101,59.6,80.9,57.8,0,0,9,75.0,76.9,100.0,0,0,0,52,0,0,0,91,10,13,0,0,42,0,232,21,1,262,46,157,1,1,216,9,7,1,1,1,1,23,2,1,1,172,216,273,1,1,10,48,True
Danny Lewis Jr.,163600,TE,ALABAMA,4,96.2,0,103,64.3,74.5,60.5,0,0,8,80.0,81.8,100.0,0,0,0,51,0,0,0,53,9,11,0,1,42,43,23,15,1,139,55,179,1,1,218,12,11,1,1,1,1,252,1,2,61,336,214,403,2,19,250,290,True
Jamel Hardy Jr.,176490,WR,UTSA,4,45.5,0,331,53.3,,79.7,0,0,0,0.0,0.0,,1,0,0,51,0,0,0,112,0,61,0,0,51,0,38,331,1,717,,19,1,1,76,76,80,,550,1,1,348,1,2,5,394,80,420,1,5,347,213,True
Preston Perkins,205481,T,UTEP,4,100.0,0,330,65.4,74.3,60.7,0,1,28,100.0,100.0,98.2,0,1,0,51,0,0,0,51,28,28,3,48,23,0,16,1,1,189,140,264,1,145,348,2,6,200,1,112,1,361,4,28,315,361,350,350,25,185,378,156,True
Eugene Hilton Jr.,199574,WR,WISCONSIN,4,38.9,0,349,59.6,,85.8,0,0,0,0.0,0.0,,1,0,0,51,0,0,0,131,0,79,0,0,51,0,38,550,1,522,,4,1,1,76,76,80,,550,1,1,348,1,2,5,326,80,309,1,5,347,213,True
Gernorris Wilson,174127,T,OREGON,3,100.0,0,264,58.2,76.5,52.8,0,0,22,100.0,100.0,100.0,1,0,0,51,0,0,0,51,23,23,0,45,28,6,278,1,1,331,110,422,1,1,361,2,6,1,232,1,1,361,4,28,315,361,364,364,38,188,359,23,True
Cole Surber,175442,G,VIRGINIA,3,100.0,0,335,67.6,82.3,65.3,0,0,18,100.0,100.0,100.0,0,0,0,51,0,51,0,51,18,18,0,0,33,0,284,1,1,112,57,151,1,1,396,3,8,1,1,1,1,383,47,191,39,383,401,401,322,40,359,58,True
Kyle Koontz,185087,TE,SACRAMENTO,4,58.0,1,279,57.9,36.6,64.9,0,0,5,12.5,11.9,100.0,1,0,0,51,0,0,0,88,5,42,0,0,46,66,23,330,465,234,424,127,1,1,301,378,388,1,293,1,1,252,1,2,61,232,307,223,2,62,225,196,True
Tyrell Henry,158385,WR,WISCONSIN,4,34.5,0,349,83.5,,70.9,0,0,0,0.0,0.0,,0,0,0,51,0,0,0,148,0,96,0,0,51,2,38,663,1,23,,92,1,1,76,76,80,,1,1,1,348,1,2,5,270,80,216,1,5,347,73,True
Brodie Malone-Bradford,198946,WR,NEW MEX ST,4,44.0,0,242,62.1,,52.9,0,0,0,0.0,0.0,,3,0,0,51,0,0,0,116,0,65,0,0,51,2,38,386,1,438,,615,1,1,76,76,80,,784,1,1,348,1,2,5,375,80,397,1,5,347,73,True
Stroman Bridges,204694,HB,ARMY,3,87.9,0,114,71.4,71.2,77.1,0,0,2,25.0,25.0,100.0,1,0,0,51,0,0,0,58,2,8,0,0,49,10,232,2,1,141,109,9,1,1,275,190,195,1,236,1,1,26,2,1,1,245,277,281,1,1,7,5,True
Vernon Allen III,199113,WR,RUTGERS,4,41.1,0,278,59.1,,69.0,0,0,0,0.0,0.0,,0,0,0,51,0,0,0,124,0,73,0,0,51,0,38,473,1,540,,130,1,1,76,76,80,,1,1,1,348,1,2,5,350,80,349,1,5,347,213,True
Jermane Hayes,199212,WR,MEMPHIS,4,45.9,0,218,69.0,,66.6,0,0,0,0.0,0.0,,0,0,0,51,0,0,0,111,0,60,0,0,51,0,38,312,1,222,,165,1,1,76,76,80,,1,1,1,348,1,2,5,399,80,424,1,5,347,213,True
JD Willoughby,171393,WR,UCONN,4,41.5,0,146,71.5,,71.1,0,0,0,0.0,0.0,,0,0,0,51,0,0,0,123,0,72,0,0,51,7,38,459,1,154,,91,1,1,76,76,80,,1,1,1,348,1,2,5,353,80,355,1,5,347,13,True
Giyahni Kontosis,198273,WR,CINCINNATI,4,63.0,0,138,65.1,,64.5,0,0,0,0.0,0.0,,0,0,0,51,0,0,0,81,0,30,0,0,51,0,38,75,1,337,,197,1,1,76,76,80,,1,1,1,348,1,2,5,516,80,602,1,5,347,213,True
Janiran Bonner,156471,TE,NEBRASKA,4,67.1,0,238,51.7,69.3,45.6,0,0,4,14.3,14.3,100.0,0,0,0,51,0,0,0,76,4,28,0,0,47,41,23,231,1,360,191,414,1,1,332,348,353,1,1,1,1,252,1,2,61,262,341,287,2,62,219,306,True
Tucker Ashcraft,175521,TE,USC,3,70.4,0,326,55.9,75.8,58.1,0,0,11,35.5,36.4,100.0,1,0,0,50,0,0,0,71,12,33,0,0,38,67,353,202,1,273,32,211,1,1,148,120,114,1,293,1,1,255,1,2,61,280,144,266,2,62,275,192,True
Javarius Green,183330,WR,BOSTON COL,4,30.5,0,121,53.6,,57.9,0,0,0,0.0,0.0,,0,0,0,50,0,0,0,164,0,112,0,0,50,0,38,733,1,708,,523,1,1,76,76,80,,1,1,1,356,1,2,5,213,80,127,1,5,356,213,True
Brayden Trimble,198523,WR,ILLINOIS,4,36.5,0,187,59.4,,51.4,0,0,0,0.0,0.0,,0,0,0,50,0,0,0,137,0,87,0,0,50,0,38,633,1,531,,643,1,1,76,76,80,,1,1,1,356,1,2,5,301,80,267,1,5,356,213,True
Austin Carlisle,199711,QB,LA MONROE,3,34.5,0,209,70.1,,60.0,0,0,0,0.0,0.0,,0,0,0,50,0,0,0,145,0,70,0,0,50,0,129,154,1,108,,78,1,1,18,18,20,,1,1,1,136,1,1,1,134,20,138,1,1,136,2,True
JP Mikhael,174199,TE,GA SOUTHRN,4,67.6,0,174,36.1,75.3,42.2,0,0,13,37.1,35.1,100.0,2,0,0,50,0,0,0,74,13,37,0,0,37,49,23,226,1,478,41,454,1,1,120,114,122,1,439,1,1,255,1,2,61,269,131,242,2,62,283,264,True
Rueben Owens II,172590,HB,TEXAS A&M,4,27.5,0,312,73.8,71.3,67.6,0,3,41,36.3,36.8,96.3,0,3,0,50,0,0,0,182,43,117,0,0,7,0,15,154,1,103,107,38,1,273,8,90,90,174,1,254,1,27,2,1,1,15,8,7,1,1,179,48,True
Elijah Washington-Baker,197629,TE,SYRACUSE,3,87.7,0,304,48.6,40.9,52.9,0,1,9,56.3,58.8,94.4,0,1,0,50,0,0,0,57,10,17,0,0,40,48,353,54,1,399,409,319,1,371,194,36,31,377,1,329,1,255,1,2,61,322,188,358,2,62,256,268,True
Ryder Treadway,205432,WR,UCONN,4,44.6,0,146,66.9,,54.2,0,0,0,0.0,0.0,,2,0,0,50,0,0,0,112,0,62,0,0,50,3,38,358,1,265,,592,1,1,76,76,80,,743,1,1,356,1,2,5,394,80,415,1,5,356,48,True
Braylon Isom,188281,WR,MIAMI OH,4,32.9,0,221,63.7,68.0,73.8,0,0,2,2.0,1.9,100.0,1,0,0,50,0,0,0,152,2,104,0,0,48,3,38,691,1,375,9,57,1,1,5,23,23,1,550,1,1,356,1,2,5,257,5,163,1,5,370,48,True
Luke Tevis,204373,TE,TULSA,5,69.4,0,320,44.6,61.9,46.0,1,0,13,39.4,38.2,96.2,0,1,0,50,0,0,0,72,13,34,0,1,37,53,1,210,1,443,308,411,448,1,120,102,106,343,1,329,1,255,1,2,61,277,131,259,2,19,283,248,True
Scott Moore,204827,TE,DELAWARE,4,60.2,0,151,49.9,76.7,53.1,0,0,7,17.9,23.3,100.0,0,0,0,50,0,0,0,83,10,43,0,0,40,47,23,308,1,381,19,317,1,1,245,291,229,1,1,1,1,255,1,2,61,246,188,216,2,62,256,271,True
Jaylon Hawkins,204520,WR,S DIEGO ST,4,51.0,0,284,59.5,,61.3,0,0,0,0.0,0.0,,0,0,0,50,0,0,0,98,0,48,0,0,50,0,38,193,1,524,,327,1,1,76,76,80,,1,1,1,356,1,2,5,450,80,493,1,5,356,213,True
Chris Henry Jr.,214659,WR,OHIO STATE,4,49.5,0,260,65.3,,70.9,0,0,0,0.0,0.0,,0,0,0,50,0,0,0,101,0,51,0,0,50,0,38,226,1,331,,92,1,1,76,76,80,,1,1,1,356,1,2,5,436,80,474,1,5,356,213,True
Russell Babineaux,204119,WR,LA LAFAYET,4,45.9,0,207,72.0,,58.1,0,0,0,0.0,0.0,,0,0,0,50,0,0,0,109,0,58,0,0,50,0,38,312,1,139,,512,1,1,76,76,80,,1,1,1,356,1,2,5,411,80,437,1,5,356,213,True
Lotzeir Brooks,198090,WR,ALABAMA,4,32.3,0,103,72.7,63.9,44.6,0,0,0,0.0,1.0,,0,0,0,50,0,0,0,155,1,104,0,0,49,2,38,703,1,129,28,743,1,1,76,76,49,,1,1,1,356,1,2,5,249,16,163,1,5,363,73,True
James Giggey,183742,TE,ARIZONA ST,3,80.6,0,110,52.9,67.7,69.7,0,1,12,52.2,52.2,95.8,2,1,0,50,0,0,0,62,12,23,0,0,38,40,353,96,1,332,231,71,1,371,134,47,44,351,439,329,1,255,1,2,61,304,144,329,2,62,275,314,True
Da'Shawn Martin,188233,WR,VIRGINIA,4,42.0,0,335,64.2,,62.4,0,0,0,0.0,0.0,,1,0,0,50,0,0,0,119,0,68,0,0,50,0,38,445,1,361,,246,1,1,76,76,80,,550,1,1,356,1,2,5,364,80,378,1,5,356,213,True
Larry Edwards,191237,T,SO MISS,2,100.0,0,296,68.9,28.8,76.5,0,0,23,100.0,100.0,100.0,0,0,0,50,0,0,50,50,23,23,0,0,27,0,379,1,1,129,465,39,1,1,355,2,6,1,1,1,1,363,4,28,180,363,364,364,38,301,365,156,True
Evan Dickens,170066,HB,BOSTON COL,4,28.9,0,121,61.5,61.1,56.4,1,0,21,22.3,21.0,92.9,0,2,1,50,0,0,0,173,21,100,0,0,29,0,15,135,1,254,148,199,239,1,71,216,230,223,1,216,248,27,2,1,1,20,89,19,1,1,20,48,True
Fluff Bothwell,190075,HB,MISS STATE,4,23.4,0,227,88.5,26.9,68.1,0,1,33,28.9,28.2,98.5,0,1,0,50,0,0,0,214,35,124,0,0,15,4,15,201,1,2,252,36,1,150,14,151,169,109,1,113,1,27,2,1,1,5,14,5,1,1,73,13,True
Xavier Townsend,158455,WR,PURDUE,4,32.5,0,273,74.3,,49.1,0,0,0,0.0,0.0,,2,0,0,49,0,0,0,151,0,102,0,0,49,1,38,699,1,109,,680,1,1,76,76,80,,743,1,1,365,1,2,5,259,80,175,1,5,363,112,True
Dalin Wilkins,184069,WR,E MICHIGAN,5,39.2,0,160,52.1,,51.7,0,0,0,0.0,0.0,,0,0,0,49,0,0,0,125,0,76,0,0,49,0,1,538,1,733,,633,1,1,76,76,80,,1,1,1,365,1,2,5,347,80,324,1,5,363,213,True
Trent Mosley,214643,WR,USC,3,42.6,0,326,89.8,67.8,73.6,0,0,1,1.6,1.5,100.0,0,0,0,49,0,0,0,115,1,66,0,0,48,11,603,426,1,6,12,60,1,1,14,27,29,1,1,1,1,365,1,2,5,379,16,389,1,5,370,7,True
Ty Claiborne,157569,WR,IOWA STATE,4,55.7,0,193,64.9,65.6,70.4,0,0,2,5.4,4.9,100.0,0,0,0,49,0,0,0,88,2,41,0,0,47,9,38,130,1,344,19,103,1,1,5,7,7,1,1,1,1,365,1,2,5,488,5,537,1,5,376,8,True
Jalen Bonds,204731,HB,BALL ST,4,49.5,0,117,73.3,46.5,41.4,1,3,27,50.0,54.2,92.6,0,4,0,49,0,0,0,99,32,59,0,0,17,0,15,32,1,113,198,280,239,273,32,28,24,235,1,272,1,30,2,1,1,150,24,119,1,1,62,48,True
Anthony Garcia,174863,WR,UTAH ST,4,33.6,0,329,54.9,,63.0,0,0,0,0.0,0.0,,0,0,0,49,0,0,0,146,0,96,0,0,49,0,38,680,1,675,,224,1,1,76,76,80,,1,1,1,365,1,2,5,278,80,216,1,5,363,213,True
Jaylon Coleman,204998,HB,LIBERTY,4,50.5,0,206,73.4,,48.8,0,0,0,0.0,0.0,,0,0,0,49,0,0,0,97,0,35,0,0,49,1,15,30,1,111,,257,1,1,281,281,282,,1,1,1,30,2,1,1,152,282,227,1,1,7,26,True
Hauss Hejny,183824,QB,COLO STATE,3,34.5,0,144,78.7,,60.0,0,0,0,0.0,0.0,,0,0,0,49,0,0,0,142,0,83,0,0,49,0,129,154,1,62,,78,1,1,18,18,20,,1,1,1,137,1,1,1,135,20,125,1,1,137,2,True
Cristian Loaiza,164805,G,COAST CAR,2,100.0,0,141,52.4,86.9,46.0,0,0,21,100.0,100.0,100.0,1,0,0,49,0,49,0,49,24,24,0,0,25,0,400,1,1,453,17,503,1,1,385,3,8,1,266,1,1,384,47,194,39,384,382,382,322,40,394,58,True
Javon Tracy,158028,WR,MINNESOTA,4,31.0,0,225,74.2,,62.1,0,0,0,0.0,0.0,,1,0,0,49,0,0,0,158,0,109,0,0,49,0,38,725,1,111,,260,1,1,76,76,80,,550,1,1,365,1,2,5,238,80,138,1,5,363,213,True
Devon Tauaefa,158190,TE,HAWAII,4,60.5,0,180,67.2,77.0,48.9,0,0,8,20.5,22.0,100.0,0,0,0,49,0,0,0,81,9,41,0,0,40,50,23,301,1,98,17,379,1,1,218,255,248,1,1,1,1,261,1,2,61,253,214,231,2,62,256,262,True
Tavorus Jones,157157,HB,UTEP,4,36.6,0,330,59.3,48.4,54.3,0,2,17,29.8,28.3,88.2,0,3,1,49,0,0,0,134,17,60,0,0,32,1,15,62,1,264,193,226,1,243,110,141,168,265,1,254,248,30,2,1,1,73,124,112,1,1,17,26,True
Barry Jackson Jr.,173031,WR,RICE,4,52.7,0,275,70.9,,65.7,0,0,0,0.0,0.0,,1,0,0,49,0,0,0,93,0,44,0,0,49,0,38,165,1,165,,181,1,1,76,76,80,,550,1,1,365,1,2,5,465,80,515,1,5,363,213,True
T.Y. Harding,158763,WR,UMASS,4,38.0,0,216,75.1,,57.1,0,0,0,0.0,0.0,,2,0,0,49,0,0,0,129,0,76,0,0,49,0,38,580,1,90,,547,1,1,76,76,80,,743,1,1,365,1,2,5,336,80,324,1,5,363,213,True
Donovan Brown,158293,WR,S DIEGO ST,3,39.0,0,284,56.6,,51.4,0,0,0,0.0,0.0,,0,0,0,48,0,0,0,123,0,75,0,0,48,0,603,544,1,619,,643,1,1,76,76,80,,1,1,1,373,1,2,5,353,80,334,1,5,370,213,True
Josiah Thomas,202018,TE,NEW MEX ST,5,29.1,0,242,75.9,77.9,66.5,0,0,2,1.8,1.7,100.0,0,0,0,48,0,0,0,165,2,119,0,0,46,62,1,480,1,28,10,105,1,1,393,456,456,1,1,1,1,262,1,2,61,63,402,18,2,62,225,207,True
Bennett Christian,156482,TE,OHIO STATE,3,78.7,0,260,52.5,46.6,58.9,0,1,9,40.9,40.9,94.4,0,1,0,48,0,0,0,61,9,22,0,0,39,55,353,114,1,341,391,201,1,371,194,91,91,377,1,329,1,262,1,2,61,308,214,334,2,62,269,237,True
Preston Bowman,200139,WR,OHIO,4,39.7,0,259,58.3,61.0,51.2,0,0,1,1.4,1.4,100.0,0,0,0,48,0,0,0,121,1,70,0,0,47,0,38,521,1,567,64,645,1,1,14,36,35,1,1,1,1,373,1,2,5,359,16,372,1,5,376,213,True
Dominic Overby,191310,WR,IOWA STATE,4,43.6,0,193,69.8,,73.4,0,0,0,0.0,0.0,,0,0,0,48,0,0,0,110,0,62,0,0,48,0,38,395,1,200,,64,1,1,76,76,80,,1,1,1,373,1,2,5,405,80,415,1,5,370,213,True
Griffin Hart,172246,G,JAMES MAD,3,98.0,0,197,50.3,64.9,46.5,1,0,21,100.0,95.7,97.6,1,1,0,48,0,38,7,49,22,23,0,0,26,3,284,511,1,473,307,497,374,1,385,3,510,378,266,139,1,385,47,211,16,384,387,386,322,40,388,13,True
Kameron Courtney,183285,WR,VIRGINIA,4,38.7,0,335,71.7,,60.2,0,0,0,0.0,0.0,,0,0,0,48,0,0,0,124,0,76,0,0,48,3,38,556,1,148,,412,1,1,76,76,80,,1,1,1,373,1,2,5,350,80,324,1,5,370,48,True
Jevon Edwards,198291,HB,COAST CAR,4,38.1,0,141,69.3,50.6,58.6,2,0,42,55.3,53.8,95.2,0,3,1,48,0,0,0,126,43,80,0,0,5,0,15,55,1,161,187,130,280,1,6,21,25,191,1,254,248,33,2,1,1,83,8,48,1,1,224,48,True
Carter Kuchenbuch,199595,TE,BOISE ST,4,82.8,0,120,49.9,49.6,53.9,0,0,7,41.2,44.4,100.0,0,0,0,48,0,0,0,58,8,18,0,0,40,54,23,80,1,381,378,297,1,1,245,89,66,1,1,1,1,262,1,2,61,319,244,353,2,62,256,244,True
Malachi Toliver,184578,C,GEORGIA,4,100.0,0,173,69.2,75.5,65.7,0,0,24,100.0,100.0,100.0,1,0,0,48,38,0,0,48,24,24,10,0,24,0,7,1,1,65,107,75,1,1,167,2,3,1,110,1,1,170,176,18,3,170,167,167,6,6,178,16,True
Jack Lange,198886,T,MISSOURI,2,100.0,0,229,64.0,81.9,55.1,0,0,28,100.0,100.0,100.0,0,0,0,48,0,0,48,48,28,28,0,0,20,0,379,1,1,213,45,384,1,1,348,2,6,1,1,1,1,364,4,28,181,364,350,350,38,301,393,156,True
Naquil Betrand,184528,T,SYRACUSE,3,100.0,0,304,68.0,85.6,61.2,0,0,21,100.0,100.0,100.0,0,0,0,48,0,0,48,48,21,21,0,0,27,0,278,1,1,139,15,250,1,1,368,2,6,1,1,1,1,364,4,28,181,364,375,375,38,301,365,156,True
Cooper Terpstra,175470,G,UCF,2,100.0,0,323,69.2,66.4,69.2,0,1,22,100.0,100.0,97.7,0,1,0,48,0,0,0,48,24,24,48,0,24,0,400,1,1,81,288,88,1,171,383,3,8,365,1,139,1,385,47,327,39,386,382,382,191,40,401,58,True
Miles Burris,184261,WR,AKRON,4,35.3,0,102,50.8,,44.0,0,0,0,0.0,0.0,,0,0,0,48,0,0,0,136,0,88,0,0,48,1,38,655,1,752,,749,1,1,76,76,80,,1,1,1,373,1,2,5,308,80,259,1,5,370,112,True
Devin Roche,172294,HB,DOMINION,4,36.1,0,263,66.1,60.5,65.8,0,1,28,43.8,46.4,94.6,0,2,1,48,0,0,0,133,32,69,0,0,16,0,15,65,1,206,150,43,1,150,27,47,43,202,1,216,248,33,2,1,1,75,24,77,1,1,67,48,True
Darrion Dupree,183656,HB,WISCONSIN,4,37.0,0,349,75.9,43.6,56.8,1,4,28,34.6,33.7,91.1,0,5,0,47,0,0,0,127,28,83,0,0,19,0,15,61,1,78,210,189,239,281,27,101,110,248,1,281,1,35,2,1,1,81,38,43,1,1,50,48,True
Cam Herron,199845,G,NOTRE DAME,2,100.0,0,258,62.1,51.5,68.0,0,0,20,100.0,100.0,100.0,1,0,0,47,0,3,0,47,21,21,44,0,26,0,400,1,1,237,416,109,1,1,387,3,8,1,266,1,1,387,47,308,39,387,389,389,196,40,388,58,True
Keldric Luster,175287,QB,BALL ST,3,26.0,0,117,68.3,,60.3,0,0,0,0.0,0.0,,2,0,0,47,0,0,0,181,0,113,0,0,47,0,129,196,1,121,,10,1,1,18,18,20,,167,1,1,138,1,1,1,115,20,90,1,1,138,2,True
Jake Rendina,171009,HB,ARMY,3,77.0,0,114,76.4,83.2,78.8,0,0,9,100.0,90.0,100.0,0,0,0,47,0,0,0,61,9,10,0,0,38,0,232,7,1,71,26,6,1,1,216,1,1,1,1,1,1,35,2,1,1,238,227,277,1,1,11,48,True
Brayden Roggow,184145,QB,AKRON,4,37.0,0,102,66.7,,60.1,0,0,0,0.0,0.0,,0,0,0,47,0,0,0,127,0,77,0,0,47,0,6,132,1,127,,34,1,1,18,18,20,,1,1,1,138,1,1,1,142,20,130,1,1,138,2,True
DJ Riles,156596,WR,GA STATE,4,36.7,0,175,66.2,,46.9,0,0,0,0.0,0.0,,0,0,0,47,0,0,0,128,0,81,0,0,47,6,38,627,1,294,,711,1,1,76,76,80,,1,1,1,378,1,2,5,339,80,301,1,5,376,16,True
Dre'lon Miller,190790,WR,BAYLOR,4,50.0,0,118,61.2,,70.5,0,0,0,0.0,0.0,,0,0,0,47,0,0,0,94,0,47,0,0,47,0,38,209,1,472,,101,1,1,76,76,80,,1,1,1,378,1,2,5,459,80,500,1,5,376,213,True
Daylyn Upshaw,200158,WR,MIAMI FL,4,49.0,0,220,65.5,,52.3,0,0,0,0.0,0.0,,1,0,0,47,0,0,0,96,0,49,0,0,47,0,38,237,1,320,,628,1,1,76,76,80,,550,1,1,378,1,2,5,451,80,487,1,5,376,213,True
Carson Su'esu'e,204186,TE,NEW MEX ST,5,64.4,0,242,52.3,70.0,59.7,0,0,5,16.1,16.1,100.0,0,0,0,47,0,0,1,73,5,31,0,0,42,64,1,254,1,346,177,187,1,1,301,322,328,1,1,1,1,265,1,2,24,274,307,273,2,62,250,203,True
Mitchell Butler,176415,C,MIAMI OH,4,100.0,0,221,67.8,78.4,63.7,0,0,12,100.0,100.0,100.0,0,0,0,47,27,0,0,47,12,12,0,0,35,20,7,1,1,81,64,98,1,1,183,2,3,1,1,1,1,171,193,18,3,171,185,185,21,6,157,1,True
Jace Petty,172419,WR,TROY,4,31.5,0,318,53.7,,60.1,0,0,0,0.0,0.0,,0,0,0,47,0,0,0,149,0,102,0,0,47,0,38,720,1,705,,421,1,1,76,76,80,,1,1,1,378,1,2,5,266,80,175,1,5,376,213,True
Kevin Roche Jr.,199680,TE,GA TECH,4,34.1,0,176,72.7,70.9,53.4,0,0,4,4.5,5.2,100.0,0,0,0,47,0,0,0,138,5,96,0,0,42,38,23,475,1,49,155,310,1,1,332,442,440,1,1,1,1,265,1,2,61,117,307,52,2,62,250,324,True
Brady Ploucha,158599,G,C MICHIGAN,4,100.0,0,134,52.4,51.2,50.7,0,1,27,100.0,100.0,98.1,0,1,0,47,0,22,0,47,27,27,25,0,20,0,18,1,1,453,420,458,1,171,367,3,8,316,1,139,1,387,47,244,39,387,372,373,235,40,421,58,True
Wyatt Sullivan,156534,TE,USF,4,43.5,0,327,43.3,66.0,65.0,0,0,2,3.2,3.2,100.0,0,0,0,47,0,0,0,108,2,63,0,0,45,55,23,448,1,452,263,126,1,1,393,452,453,1,1,1,1,265,1,2,61,183,402,134,2,62,234,237,True
Michael Crounse,175333,C,BOSTON COL,1,100.0,0,121,62.0,56.0,62.6,0,2,31,100.0,100.0,96.8,0,2,0,47,47,0,0,47,34,34,0,0,13,0,212,1,1,146,200,116,1,140,159,2,3,216,1,120,1,171,167,18,3,171,159,159,21,6,216,16,True
Chris Durr Jr.,184950,WR,MARYLAND,4,24.1,0,215,77.0,,72.0,0,0,0,0.0,0.0,,0,0,0,47,0,0,0,195,0,147,0,0,47,3,38,784,1,68,,75,1,1,76,76,80,,1,1,1,378,1,2,5,119,80,21,1,5,376,48,True
Wayshawn Parker,184224,HB,UTAH,4,28.7,0,328,85.6,63.4,65.7,0,0,18,22.0,22.4,100.0,0,0,0,47,0,0,0,164,19,85,0,0,28,0,15,140,1,9,139,46,1,1,99,219,217,1,1,1,1,35,2,1,1,32,99,36,1,1,21,48,True
Michael Myslinski,144857,C,IOWA,3,100.0,0,192,83.8,83.6,79.0,0,0,22,100.0,100.0,100.0,0,0,0,46,31,0,0,46,23,23,15,0,23,0,126,1,1,4,20,4,1,1,169,2,3,1,1,1,1,173,182,18,3,173,169,169,4,6,181,16,True
Justyn Reid,176430,TE,LOUISVILLE,4,75.4,0,210,52.6,74.3,42.1,0,0,8,36.4,34.8,100.0,0,0,0,46,0,0,0,61,8,23,0,0,38,34,23,143,1,338,58,455,1,1,218,116,124,1,1,1,1,268,1,2,61,308,244,329,2,62,275,339,True
Jaden Greathouse,171085,WR,NOTRE DAME,4,43.4,0,258,60.5,,64.3,0,0,0,0.0,0.0,,0,0,0,46,0,0,0,106,0,60,0,0,46,2,38,401,1,496,,200,1,1,76,76,80,,1,1,1,383,1,2,5,421,80,424,1,5,383,73,True
Hannes Hammer,174785,T,UCONN,4,100.0,0,146,65.5,59.5,65.4,0,1,20,100.0,100.0,97.5,0,1,0,46,0,0,13,46,22,22,0,30,24,3,16,1,1,186,313,169,1,145,373,2,6,265,1,112,1,366,4,28,273,367,368,368,38,217,373,43,True
Maurice Turner,156329,HB,TULANE,4,39.3,0,319,72.1,44.0,48.2,1,1,11,20.0,21.1,90.9,2,2,0,46,0,0,0,117,12,57,0,0,34,3,15,51,1,133,206,259,239,150,186,235,227,249,276,216,1,38,2,1,1,104,186,125,1,1,15,17,True
Isaac Schoenfeld,157665,TE,WYOMING,4,71.9,0,351,61.2,56.4,59.0,0,0,10,35.7,35.7,100.0,0,0,0,46,0,0,0,64,10,28,0,0,36,56,23,186,1,182,343,198,1,1,173,118,118,1,1,1,1,268,1,2,61,294,188,287,2,62,288,233,True
Gemyel Allen,189374,G,DUKE,2,100.0,0,154,62.1,83.7,59.3,0,0,16,100.0,100.0,100.0,0,0,0,46,0,0,0,46,16,16,46,0,30,0,400,1,1,237,38,276,1,1,407,3,8,1,1,1,1,389,47,327,39,389,410,410,193,40,368,58,True
Jase Nix,199147,WR,S JOSE ST,4,41.4,0,285,58.8,,49.6,0,0,0,0.0,0.0,,1,0,0,46,0,0,0,111,0,65,0,0,46,2,38,466,1,549,,669,1,1,76,76,80,,550,1,1,383,1,2,5,399,80,397,1,5,383,73,True
Ben Verges,215817,TE,COAST CAR,4,66.7,0,141,51.9,69.3,45.1,0,0,3,12.5,11.5,100.0,0,0,0,46,0,0,0,69,3,26,0,0,43,56,23,232,1,355,191,420,1,1,357,378,393,1,1,1,1,268,1,2,61,287,368,302,2,62,244,233,True
Durell Robinson,172220,HB,COLO STATE,4,30.5,0,144,75.1,36.8,75.6,0,3,32,35.6,35.7,92.2,1,4,1,46,0,0,0,151,35,98,0,0,11,0,15,113,1,91,228,12,1,273,16,93,98,237,236,272,248,38,2,1,1,42,14,21,1,1,111,48,True
Jabari Lewis,220407,WR,UMASS,4,52.3,0,216,65.7,,69.2,0,0,0,0.0,0.0,,0,0,0,46,0,0,0,88,0,42,0,0,46,2,38,170,1,308,,123,1,1,76,76,80,,1,1,1,383,1,2,5,488,80,526,1,5,383,73,True
Lyndon Ravare,191091,WR,NEW MEX ST,5,45.5,0,242,66.9,,61.7,0,0,0,0.0,0.0,,0,0,0,46,0,0,0,101,0,55,0,0,46,0,1,331,1,265,,291,1,1,76,76,80,,1,1,1,383,1,2,5,436,80,450,1,5,383,213,True
Carter Lowe,199857,T,OHIO STATE,2,100.0,0,260,59.1,44.5,62.5,0,1,21,100.0,100.0,97.6,1,1,0,46,0,0,46,46,22,22,0,0,24,0,379,1,1,317,421,225,1,145,368,2,6,256,232,112,1,366,4,28,183,367,368,368,38,301,373,156,True
Jonathan Harding,198759,TE,MEMPHIS,4,97.9,0,218,61.5,75.0,50.0,0,0,8,88.9,90.9,100.0,0,0,0,46,0,0,0,47,10,11,0,0,36,16,23,8,1,177,48,361,1,1,218,6,6,1,1,1,1,268,1,2,61,361,188,403,2,62,288,452,True
Aiden Black,188854,TE,STANFORD,4,75.4,0,300,42.5,67.3,48.6,0,0,10,40.0,40.0,100.0,0,0,0,46,0,0,0,61,10,25,0,0,36,40,23,143,1,458,243,382,1,1,173,96,94,1,1,1,1,268,1,2,61,308,188,312,2,62,288,314,True
Siosiua Latu-Finau,203993,T,BYU,2,100.0,0,128,71.7,25.7,73.3,0,1,7,100.0,100.0,92.9,0,1,0,46,0,0,46,46,7,7,0,0,39,0,379,1,1,88,470,69,1,145,433,2,6,471,1,112,1,366,4,28,183,367,438,438,38,301,330,156,True
Jacob Hawks,222873,T,MIAMI FL,4,100.0,0,220,73.6,73.1,70.9,0,1,17,100.0,100.0,97.1,0,1,0,46,0,0,1,46,17,17,0,42,29,3,16,1,1,64,155,90,1,145,380,2,6,305,1,112,1,366,4,28,302,367,384,384,38,193,356,43,True
Eddie Tuerk,183514,G,ILLINOIS,3,100.0,0,187,52.5,59.2,49.6,0,0,20,100.0,100.0,100.0,1,0,0,46,0,1,0,46,23,23,43,0,23,1,284,1,1,451,362,475,1,1,387,3,8,1,266,1,1,389,47,316,39,389,386,386,197,40,402,26,True
Joshua Guerin,175238,WR,NAVY,3,71.9,0,237,61.3,,63.9,0,0,0,0.0,0.0,,0,0,0,46,0,0,0,64,0,18,0,0,46,9,603,38,1,467,,208,1,1,76,76,80,,1,1,1,383,1,2,5,574,80,688,1,5,383,8,True
Jaquari Lewis,198096,HB,APP STATE,4,29.5,0,108,72.9,78.9,49.3,0,1,20,26.0,25.3,97.5,0,1,0,46,0,0,0,156,21,83,0,0,25,1,15,128,1,120,59,254,1,150,83,182,194,145,1,113,1,38,2,1,1,39,89,43,1,1,30,26,True
Javon Rogers,190302,WR,KENNESAW,4,38.3,0,200,74.4,61.0,79.3,0,0,0,0.0,1.3,,1,0,0,46,0,0,0,120,1,75,0,0,45,0,38,568,1,104,64,21,1,1,76,76,38,,550,1,1,383,1,2,5,362,16,334,1,5,388,213,True
Bailen George,218652,WR,NEW MEXICO,4,37.4,0,241,65.7,61.9,60.9,0,0,1,1.4,1.3,100.0,1,0,0,46,0,0,0,123,1,78,0,0,45,0,38,600,1,308,54,361,1,1,14,36,38,1,550,1,1,383,1,2,5,353,16,314,1,5,388,213,True
Jeremiah Beck Jr.,200081,TE,SO MISS,4,56.1,0,296,59.6,28.9,67.8,1,0,6,14.6,14.3,91.7,1,1,0,46,0,0,0,82,6,42,0,0,40,55,23,354,1,206,452,92,448,1,270,347,353,411,293,329,1,268,1,2,61,248,285,223,2,62,256,237,True
Tony Kinsler,199084,WR,PITTSBURGH,4,36.9,0,268,53.2,,68.9,0,0,0,0.0,0.0,,0,0,0,45,0,0,0,122,0,77,0,0,45,1,38,622,1,720,,133,1,1,76,76,80,,1,1,1,390,1,2,5,356,80,322,1,5,388,112,True
Boogie Woods III,188388,HB,KENNESAW,4,37.5,2,200,76.3,79.8,56.5,0,1,32,49.2,47.1,98.4,2,1,0,45,0,0,0,120,32,68,0,0,13,0,15,58,285,74,52,197,1,150,16,30,38,111,276,113,1,41,2,1,1,95,24,84,1,1,91,48,True
Audric Harris,183637,WR,HAWAII,4,28.0,0,180,60.4,,58.3,0,0,0,0.0,0.0,,0,0,0,45,0,0,0,161,0,116,0,0,45,0,38,762,1,501,,505,1,1,76,76,80,,1,1,1,390,1,2,5,231,80,119,1,5,388,213,True
Houston Thomas,158831,TE,TEXAS A&M,4,40.9,0,312,49.9,72.9,58.4,0,0,9,12.9,12.2,100.0,0,0,0,45,0,0,0,110,9,74,0,0,36,67,23,461,1,381,94,208,1,1,194,372,384,1,1,1,1,274,1,2,61,178,214,102,2,62,288,192,True
Grant McAtee,212994,TE,TULSA,5,49.5,0,320,55.0,58.8,77.2,1,0,11,21.2,21.1,95.5,0,1,0,45,0,0,0,91,12,57,0,0,33,42,1,416,1,295,328,20,448,1,148,249,261,360,1,329,1,274,1,2,61,226,144,158,2,62,317,300,True
Hunter Andrews,183855,TE,UTAH,4,54.2,0,328,63.4,69.8,63.6,0,0,5,12.5,12.2,100.0,0,0,0,45,0,0,0,83,5,41,0,1,40,51,23,376,1,151,180,149,1,1,301,378,384,1,1,1,1,274,1,2,61,246,307,231,2,19,256,257,True
Will Hutchens,175617,G,LA TECH,3,100.0,0,208,54.0,58.5,52.4,0,1,17,100.0,100.0,97.1,0,1,0,45,0,14,0,45,18,18,31,0,27,0,284,1,1,429,371,440,1,171,403,3,8,418,1,139,1,391,47,275,39,391,401,401,219,40,382,58,True
Marcus Harrison,191149,G,GEORGIA,2,100.0,0,173,67.0,84.8,63.5,0,0,19,100.0,100.0,100.0,0,0,0,45,0,35,9,45,19,19,0,0,26,0,400,1,1,126,31,181,1,1,390,3,8,1,1,1,1,391,47,218,14,391,396,396,322,40,388,58,True
Luke Hutchison,175242,WR,NAVY,3,75.0,0,237,59.0,,55.9,0,0,0,0.0,0.0,,0,0,0,45,0,0,0,60,0,15,0,0,45,6,603,25,1,543,,568,1,1,76,76,80,,1,1,1,390,1,2,5,591,80,715,1,5,388,16,True
London Humphreys,172616,WR,GEORGIA,4,54.9,0,173,64.9,,90.1,0,0,0,0.0,0.0,,0,0,0,45,0,0,0,82,0,37,0,0,45,0,38,136,1,344,,1,1,1,76,76,80,,1,1,1,390,1,2,5,510,80,555,1,5,388,213,True
Willi Wascher,199412,C,USC,3,100.0,0,326,72.1,39.3,72.8,0,2,18,100.0,100.0,94.4,1,2,0,45,45,0,0,45,18,18,0,0,27,0,126,1,1,43,225,22,1,140,174,2,3,227,110,120,1,174,168,18,3,174,175,175,21,6,167,16,True
Jeremiah Melvin,183392,WR,E CAROLINA,3,41.7,0,156,76.1,,50.9,0,0,0,0.0,0.0,,0,0,0,45,0,0,0,108,0,62,0,0,45,0,603,455,1,80,,649,1,1,76,76,80,,1,1,1,390,1,2,5,413,80,415,1,5,388,213,True
Jordan McCants,163966,WR,N DAK ST,4,72.6,0,250,79.5,,67.0,0,0,0,0.0,0.0,,0,0,0,45,0,0,0,62,0,17,0,0,45,0,38,36,1,40,,161,1,1,76,76,80,,1,1,1,390,1,2,5,582,80,698,1,5,388,213,True
Max Mosey,163921,TE,RICE,4,65.2,0,275,65.5,,64.1,0,0,0,0.0,0.0,,0,0,0,45,0,0,0,69,0,21,0,0,45,22,23,243,1,118,,142,1,1,459,459,459,,1,1,1,274,1,2,61,287,459,337,2,62,234,409,True
Lucas Allgeyer,198549,T,IOWA,2,100.0,0,192,70.7,67.1,70.2,0,1,22,100.0,100.0,97.7,0,1,0,45,0,0,23,45,23,23,22,0,22,0,379,1,1,97,235,96,1,145,361,2,6,244,1,112,1,370,4,28,230,371,364,364,9,301,385,156,True
Zach Ortwerth,128793,TE,IOWA,4,72.6,0,192,54.7,44.4,66.6,1,0,7,30.4,29.2,92.9,0,1,0,45,0,0,0,62,7,24,0,0,38,30,23,178,1,302,399,102,448,1,245,161,165,401,1,329,1,274,1,2,61,304,259,321,2,62,275,358,True
Jacob Jeudy,161353,G,BALL ST,2,100.0,0,117,57.7,48.0,58.3,1,2,30,100.0,100.0,95.0,0,3,0,45,0,0,0,45,31,31,45,0,14,0,400,1,1,363,438,306,374,295,362,3,8,477,1,319,1,391,47,327,39,391,363,363,195,40,467,58,True
Keveun Mason,204323,HB,TEMPLE,4,33.3,0,306,77.5,25.6,65.1,1,2,23,45.1,47.4,93.5,0,3,0,45,0,0,0,135,27,57,0,0,18,0,15,88,1,61,257,49,239,243,52,40,35,218,1,254,1,41,2,1,1,70,42,125,1,1,56,48,True
Tristian Gardner,198895,WR,COAST CAR,4,27.6,0,141,69.4,,70.9,0,0,0,0.0,0.0,,0,0,0,45,0,0,0,163,0,118,0,0,45,0,38,764,1,209,,92,1,1,76,76,80,,1,1,1,390,1,2,5,220,80,112,1,5,388,213,True
Terrence Smith Jr.,188214,WR,COLO STATE,4,32.8,0,144,62.1,,42.8,0,0,0,0.0,0.0,,0,0,0,45,0,0,0,137,0,91,0,0,45,0,38,692,1,438,,758,1,1,76,76,80,,1,1,1,390,1,2,5,301,80,243,1,5,388,213,True
Christian Ross,169953,TE,MIAMI OH,3,58.4,0,221,55.5,73.4,38.1,0,0,9,22.5,25.6,100.0,1,0,0,45,0,0,0,77,11,43,0,0,34,59,353,326,1,283,82,470,1,1,194,232,191,1,293,1,1,274,1,2,61,260,166,216,2,62,305,222,True
Grayson Brousseau,191362,TE,UCF,4,91.8,0,323,60.8,67.3,61.3,0,0,3,42.9,50.0,100.0,0,0,0,45,0,0,0,49,4,8,0,0,41,43,23,27,1,187,243,169,1,1,357,72,48,1,1,1,1,274,1,2,61,355,341,430,2,62,254,290,True
Cortez Smith,198471,C,GEORGIA,4,100.0,0,173,71.0,60.6,73.6,0,1,19,100.0,100.0,97.4,1,1,0,45,45,0,0,45,19,19,0,0,26,0,7,1,1,54,187,19,1,90,173,2,3,203,110,80,1,174,168,18,3,174,173,173,21,6,171,16,True
Lonnie Johnson,169963,TE,DOMINION,4,70.3,0,263,46.2,35.7,43.9,0,1,9,37.5,32.1,94.4,0,1,0,45,0,0,0,64,9,28,0,0,36,23,23,203,1,428,427,437,1,371,194,109,146,377,1,329,1,274,1,2,61,294,214,287,2,62,288,403,True
Donnie Harbour,191337,G,PENN STATE,3,100.0,0,266,62.5,64.5,61.3,0,0,10,100.0,100.0,100.0,0,0,0,45,8,28,0,45,10,10,9,0,35,0,284,1,1,226,313,232,1,1,438,3,8,1,1,1,1,391,30,230,39,391,441,441,291,40,352,58,True
Troy Omeire,123124,WR,NEW MEXICO,4,38.8,1,241,50.3,,73.8,0,0,0,0.0,0.0,,2,0,0,45,0,0,0,116,0,71,0,0,45,0,38,555,768,762,,57,1,1,76,76,80,,743,1,1,390,1,2,5,375,80,366,1,5,388,213,True
Peyton Jones,170051,HB,LIBERTY,4,34.4,0,206,65.3,63.3,68.5,0,1,25,40.3,39.4,98.0,0,1,0,45,0,0,0,131,26,66,0,0,19,0,15,78,1,213,141,35,1,150,45,62,73,124,1,113,1,41,2,1,1,77,50,92,1,1,50,48,True
Emiliano Soldevilla,176362,TE,LA LAFAYET,4,81.8,0,207,48.7,68.9,51.2,0,0,2,16.7,16.7,100.0,0,0,0,45,0,0,0,55,2,12,0,0,43,48,23,88,1,397,206,341,1,1,393,308,312,1,1,1,1,274,1,2,61,333,402,395,2,62,244,268,True
Bryce Kania,204439,WR,WAKE,4,73.8,0,339,74.7,63.9,58.0,0,0,1,6.3,5.9,100.0,0,0,0,45,0,0,0,61,1,17,0,0,44,0,38,30,1,102,28,515,1,1,14,5,5,1,1,1,1,390,1,2,5,589,16,698,1,5,402,213,True
Jamarion McDougle,184011,WR,BALL ST,4,32.8,0,117,53.9,,47.0,0,0,0,0.0,0.0,,1,0,0,45,0,0,0,137,0,92,0,0,45,0,38,692,1,698,,710,1,1,76,76,80,,550,1,1,390,1,2,5,301,80,237,1,5,388,213,True
Jordan Marshall,190837,HB,MICHIGAN,4,35.4,0,222,67.7,86.9,55.4,0,0,22,41.5,40.0,100.0,0,0,0,45,0,0,0,127,24,60,0,0,21,0,15,69,1,192,5,214,1,1,59,57,67,1,1,1,1,41,2,1,1,81,64,112,1,1,40,48,True
Ethan Feaster,224064,WR,USC,5,54.9,0,326,63.4,,68.4,0,0,0,0.0,0.0,,0,0,0,45,0,0,0,82,0,37,0,0,45,0,1,136,1,384,,141,1,1,76,76,80,,1,1,1,390,1,2,5,510,80,555,1,5,388,213,True
Garrett Sexton,183612,T,PENN STATE,4,95.7,0,266,51.5,27.6,55.7,1,0,12,85.7,85.7,95.8,0,1,0,45,0,0,27,47,12,14,0,12,33,8,16,492,1,430,468,374,303,1,397,491,491,388,1,112,1,370,4,28,219,366,401,392,38,269,346,14,True
Ismael Cisse,176609,WR,ARKANSAS,4,33.6,1,111,60.5,,69.1,0,0,0,0.0,0.0,,1,0,0,45,0,0,0,134,0,89,0,0,45,1,38,680,768,496,,125,1,1,76,76,80,,550,1,1,390,1,2,5,313,80,255,1,5,388,112,True
Miles Campbell,146943,TE,UTSA,4,54.9,0,331,56.7,34.7,50.2,1,1,9,20.5,22.9,88.9,2,2,0,45,0,0,0,82,11,48,0,0,34,57,23,370,1,254,431,355,448,371,194,255,233,438,439,451,1,274,1,2,61,248,166,190,2,62,305,228,True
Ardell Banks,175136,WR,KENT STATE,4,39.3,0,201,67.7,,59.9,0,0,0,0.0,0.0,,0,0,0,44,0,0,0,112,0,68,0,0,44,0,38,532,1,251,,436,1,1,76,76,80,,1,1,1,403,1,2,5,394,80,378,1,5,402,213,True
Jacob Harris,173370,TE,WISCONSIN,4,41.9,0,349,79.9,71.7,80.7,0,0,4,6.3,6.2,100.0,2,0,0,44,0,0,0,105,4,65,0,0,40,69,23,456,1,13,137,9,1,1,332,429,433,1,439,1,1,284,1,2,61,197,341,130,2,62,256,185,True
Ty Clark III,190943,HB,WAKE,4,29.5,0,339,67.3,85.7,53.9,0,0,22,27.5,27.1,100.0,0,0,0,44,0,0,0,149,23,85,0,0,21,0,15,128,1,194,6,231,1,1,59,167,174,1,1,1,1,45,2,1,1,48,71,36,1,1,40,48,True
Joshisa Trader,183245,WR,NC STATE,4,40.0,0,248,62.4,60.9,72.1,0,0,1,1.6,1.5,100.0,1,0,0,44,0,0,0,110,1,67,0,0,43,0,38,507,1,427,73,73,1,1,14,27,29,1,550,1,1,403,1,2,5,405,16,386,1,5,412,213,True
Davion Hurth,190257,G,UTSA,4,100.0,0,331,54.2,65.2,57.0,1,0,19,100.0,100.0,97.4,2,1,0,44,0,18,0,44,21,21,24,0,23,2,18,1,1,426,302,355,374,1,390,3,8,392,396,139,1,395,47,261,39,395,389,389,237,40,402,19,True
Davis Bryson,160369,WR,KENNESAW,4,41.9,0,200,52.2,,42.9,0,0,0,0.0,0.0,,1,0,0,44,0,0,0,105,0,59,0,0,44,2,38,448,1,731,,757,1,1,76,76,80,,550,1,1,403,1,2,5,424,80,427,1,5,402,73,True
Kayden McGee,188492,WR,UNLV,3,42.7,0,325,64.7,,61.7,0,0,0,0.0,0.0,,0,0,0,44,0,0,0,103,0,56,0,0,44,0,603,422,1,351,,291,1,1,76,76,80,,1,1,1,403,1,2,5,428,80,446,1,5,402,213,True
Jackson Holman,171851,WR,WYOMING,4,45.8,0,351,56.6,,51.5,0,0,0,0.0,0.0,,0,0,0,44,0,0,0,96,0,52,0,0,44,3,38,318,1,619,,638,1,1,76,76,80,,1,1,1,403,1,2,5,451,80,471,1,5,402,48,True
Bam McReynolds,157876,HB,UAB,4,43.1,0,321,75.6,37.9,56.9,1,1,25,65.8,65.9,92.0,0,3,1,44,0,0,0,102,27,41,0,0,17,1,15,42,1,83,226,185,239,150,45,13,12,238,1,254,248,45,2,1,1,140,42,190,1,1,62,26,True
Maika Matelau,216794,G,ILLINOIS,1,100.0,0,187,59.1,83.0,54.6,0,0,20,100.0,100.0,100.0,0,0,0,44,0,44,0,44,22,22,0,0,22,0,480,1,1,325,48,402,1,1,387,3,8,1,1,1,1,395,47,203,39,395,387,388,322,40,407,58,True
Tama Uiliata,184180,WR,HAWAII,4,25.7,0,180,78.0,,69.3,0,0,0,0.0,0.0,,0,0,0,44,0,0,0,171,0,125,0,0,44,0,38,776,1,53,,120,1,1,76,76,80,,1,1,1,403,1,2,5,195,80,86,1,5,402,213,True
Zy'aire Fletcher,198639,TE,KENT STATE,4,73.3,1,201,35.3,26.6,47.8,0,1,10,38.5,38.5,95.0,2,1,0,44,0,0,0,60,10,26,0,0,34,50,23,168,465,479,455,396,1,371,173,104,102,370,439,329,1,284,1,2,61,313,188,302,2,62,305,262,True
Matt Adcock,198738,TE,ARKANSAS,4,77.2,0,111,51.3,70.1,54.4,0,0,4,26.7,23.5,100.0,0,0,0,44,0,0,0,57,4,17,0,0,40,46,23,130,1,366,175,286,1,1,332,187,225,1,1,1,1,284,1,2,61,322,341,358,2,62,256,275,True
Adam Damante,170711,QB,NEW MEX ST,3,43.1,0,242,90.9,,60.0,0,0,0,0.0,0.0,,0,0,0,44,0,0,0,102,0,53,0,0,44,0,129,70,1,11,,78,1,1,18,18,20,,1,1,1,140,1,1,1,148,20,145,1,1,140,2,True
Kirby Vorhees,177229,HB,WASH STATE,4,29.7,0,341,63.7,26.0,58.8,0,1,21,25.0,27.5,97.6,0,1,0,44,0,0,0,148,25,91,0,0,19,0,15,122,1,232,256,121,1,150,71,190,172,139,1,113,1,45,2,1,1,49,56,30,1,1,50,48,True
Lawson Luckie,173544,TE,GEORGIA,4,55.7,0,173,76.0,59.3,73.9,0,0,5,13.2,16.7,80.0,0,1,1,44,0,0,0,79,7,42,0,0,37,43,23,357,1,27,325,36,1,1,301,365,312,458,1,329,459,284,1,2,61,256,259,223,2,62,283,290,True
Alex Godavitarne,196311,TE,UCONN,3,57.9,0,146,66.9,56.7,41.0,1,0,5,13.5,13.5,90.0,0,1,0,44,0,0,0,76,5,37,0,0,39,60,353,333,1,102,338,460,448,1,301,362,367,423,1,329,1,284,1,2,61,262,307,242,2,62,269,218,True
Jack Leyrer,146365,G,AUBURN,2,100.0,0,115,68.9,81.3,67.0,0,0,16,100.0,100.0,100.0,1,0,0,44,0,3,0,44,17,17,41,0,27,0,400,1,1,87,77,123,1,1,407,3,8,1,266,1,1,395,47,308,39,395,408,408,201,40,382,58,True
Demetrius Hunter,156167,C,COLORADO,1,100.0,1,143,67.6,81.9,63.4,0,0,16,100.0,100.0,100.0,1,0,0,44,44,0,0,44,18,18,0,0,26,0,212,1,214,83,36,101,1,1,177,2,3,1,110,1,1,176,170,18,3,176,175,175,21,6,171,16,True
Jojo Stone,183321,WR,FIU,4,33.1,0,166,65.6,,48.6,0,0,0,0.0,0.0,,0,0,0,44,0,0,0,133,0,87,0,0,44,0,38,689,1,315,,686,1,1,76,76,80,,1,1,1,403,1,2,5,317,80,267,1,5,402,213,True
Jackson Williams,192004,WR,N DAK ST,4,33.8,0,250,84.2,,60.5,0,0,0,0.0,0.0,,2,0,0,44,0,0,0,130,0,84,0,0,44,0,38,676,1,19,,393,1,1,76,76,80,,743,1,1,403,1,2,5,332,80,283,1,5,402,213,True
Brandon Buckhaulter,146820,WR,LA MONROE,4,51.2,0,209,50.5,,42.4,0,0,0,0.0,0.0,,1,0,0,44,0,0,0,86,0,41,0,0,44,0,38,188,1,760,,761,1,1,76,76,80,,550,1,1,403,1,2,5,496,80,537,1,5,402,213,True
Big Al Oliver,204614,G,APP STATE,4,100.0,0,108,61.1,75.6,58.0,0,1,18,100.0,100.0,97.2,0,1,0,44,0,25,6,44,18,18,0,13,26,0,18,1,1,276,171,318,1,171,396,3,8,407,1,139,1,395,47,236,18,395,401,401,322,9,388,58,True
Bailey Stockton,175368,WR,FLORIDA,4,40.0,0,163,60.2,,65.9,0,0,0,0.0,0.0,,1,0,0,44,0,0,0,110,0,65,0,0,44,1,38,507,1,506,,178,1,1,76,76,80,,550,1,1,403,1,2,5,405,80,397,1,5,402,112,True
Tyler Siddons,164227,TE,WYOMING,4,74.6,0,351,51.9,29.8,57.3,0,1,5,25.0,28.6,90.0,1,1,0,44,0,0,1,59,6,21,0,1,38,51,23,158,1,355,451,226,1,371,301,198,169,423,293,329,1,284,1,2,24,315,285,337,2,19,275,257,True
Xavier Payne,213787,T,COLORADO,2,100.0,0,143,71.7,86.6,63.1,0,0,27,100.0,100.0,100.0,0,0,0,44,0,0,44,44,27,27,0,0,17,0,379,1,1,88,10,216,1,1,352,2,6,1,1,1,1,372,4,28,185,372,353,353,38,301,418,156,True
Joe Stein,188436,TE,N ILLINOIS,4,65.2,0,254,41.3,32.0,48.6,0,1,9,28.1,30.3,94.4,0,1,0,43,0,0,0,66,10,33,0,0,33,51,23,243,1,467,444,382,1,371,194,174,159,377,1,329,1,290,1,2,61,290,188,266,2,62,317,257,True
Alexander Sanchez,198098,WR,APP STATE,3,59.7,0,108,69.5,,61.3,0,0,0,0.0,0.0,,0,0,0,43,0,0,0,72,0,29,0,0,43,0,603,100,1,207,,327,1,1,76,76,80,,1,1,1,413,1,2,5,552,80,608,1,5,412,213,True
Cameron Gorin,204134,T,LOUISVILLE,1,100.0,0,210,62.4,65.0,60.0,0,1,22,100.0,100.0,97.7,0,1,0,43,0,0,0,43,24,24,0,43,19,0,455,1,1,252,265,282,1,145,361,2,6,244,1,112,1,373,4,28,315,373,358,358,38,189,400,156,True
K'saan Farrar,198321,QB,COLO STATE,3,32.3,0,144,66.4,,60.0,0,0,0,0.0,0.0,,0,0,0,43,0,0,0,133,0,86,0,0,43,0,129,168,1,129,,78,1,1,18,18,20,,1,1,1,141,1,1,1,140,20,120,1,1,141,2,True
Terrell Berryhill Jr.,214517,T,PURDUE,2,100.0,0,273,64.4,68.4,61.0,0,1,23,100.0,100.0,97.8,0,1,0,43,0,0,0,43,26,26,0,43,17,0,379,1,1,204,216,254,1,145,355,2,6,237,1,112,1,373,4,28,315,373,355,355,38,189,418,156,True
Rico Bond,192802,WR,TOLEDO,4,39.8,0,316,68.0,,58.0,0,0,0,0.0,0.0,,1,0,0,43,0,0,0,108,0,65,0,0,43,1,38,516,1,241,,515,1,1,76,76,80,,550,1,1,413,1,2,5,413,80,397,1,5,412,112,True
Johntay Cook II,131255,WR,OLE MISS,4,40.2,0,226,61.0,63.1,61.7,0,0,1,1.6,1.6,100.0,0,0,0,43,0,0,0,107,1,64,0,0,42,0,38,500,1,480,43,291,1,1,14,27,26,1,1,1,1,413,1,2,5,417,16,405,1,5,423,213,True
Aaron Gregory,216277,WR,TEXAS A&M,4,36.8,1,312,49.9,,72.5,0,0,0,0.0,0.0,,1,0,0,43,0,0,0,117,0,74,0,0,43,0,38,624,768,767,,68,1,1,76,76,80,,550,1,1,413,1,2,5,371,80,341,1,5,412,213,True
Whit Hafer,190218,T,MISSOURI,2,100.0,0,229,88.4,84.1,85.1,0,0,18,100.0,100.0,100.0,0,0,0,43,0,0,33,43,18,18,0,10,25,0,379,1,1,7,28,11,1,1,377,2,6,1,1,1,1,373,4,28,208,373,381,381,38,274,372,156,True
Jonah Dawson,204591,WR,AIR FORCE,2,81.1,0,101,55.6,,59.3,0,0,0,0.0,0.0,,0,0,0,43,0,0,0,53,0,10,0,0,43,7,735,13,1,649,,470,1,1,76,76,80,,1,1,1,413,1,2,5,624,80,751,1,5,412,13,True
Colin Sorensen,185167,C,MISSOURI,2,100.0,0,229,79.9,81.1,74.5,0,0,18,100.0,100.0,100.0,0,0,0,43,43,0,0,43,18,18,0,0,25,0,180,1,1,10,39,14,1,1,174,2,3,1,1,1,1,177,171,18,3,177,175,175,21,6,174,16,True
Kaden Feagin,174024,TE,ILLINOIS,4,50.6,0,187,49.4,69.3,55.0,0,0,6,14.0,12.5,100.0,0,0,0,43,0,0,0,85,6,48,0,0,37,57,23,410,1,389,191,267,1,1,270,352,376,1,1,1,1,290,1,2,61,242,285,190,2,62,283,228,True
Thomas Blackshear,204870,WR,GEORGIA,3,47.3,0,173,49.7,,70.3,0,0,0,0.0,0.0,,0,0,0,43,0,0,0,91,0,48,0,0,43,3,603,274,1,772,,105,1,1,76,76,80,,1,1,1,413,1,2,5,476,80,493,1,5,412,48,True
Mekhi Collins,162198,WR,N DAK ST,4,37.4,0,250,63.4,,59.8,0,0,0,0.0,0.0,,0,0,0,43,0,0,0,115,0,72,0,0,43,0,38,600,1,384,,444,1,1,76,76,80,,1,1,1,413,1,2,5,379,80,355,1,5,412,213,True
Jordan Napier,175759,WR,S DIEGO ST,4,50.6,0,284,55.5,,68.6,0,0,0,0.0,0.0,,0,0,0,43,0,0,0,85,0,42,0,0,43,0,38,201,1,655,,137,1,1,76,76,80,,1,1,1,413,1,2,5,503,80,526,1,5,412,213,True
Shamar Porter,175159,WR,UCONN,4,39.8,0,146,77.1,,62.1,0,0,0,0.0,0.0,,0,0,0,43,0,0,0,108,0,65,0,0,43,1,38,516,1,64,,260,1,1,76,76,80,,1,1,1,413,1,2,5,413,80,397,1,5,412,112,True
Myles Peters,215286,TE,C MICHIGAN,4,55.1,0,134,45.4,65.4,44.2,0,0,7,17.1,20.5,85.7,0,1,1,43,0,0,0,78,9,44,0,0,34,60,23,366,1,435,272,433,1,1,245,303,267,447,1,329,459,290,1,2,61,257,214,207,2,62,305,218,True
Cam Ball,157957,TE,W VIRGINIA,4,81.1,0,343,54.8,68.9,58.6,0,0,3,25.0,23.1,100.0,1,0,0,43,0,0,0,53,3,13,0,0,40,38,23,94,1,298,206,205,1,1,357,198,231,1,293,1,1,290,1,2,61,336,368,388,2,62,256,324,True
Jamari Harrold,198610,TE,KENNESAW,4,43.0,0,200,51.2,31.8,42.0,0,2,7,11.7,12.3,85.7,0,2,0,43,0,0,0,100,8,65,0,0,35,25,23,449,1,368,445,456,1,470,245,390,383,447,1,451,1,290,1,2,61,207,244,130,2,62,297,388,True
Caden Jones,174252,T,FLORIDA,3,100.0,0,163,66.7,64.2,65.6,0,1,19,100.0,100.0,97.4,0,1,0,43,0,0,0,43,20,20,0,43,23,0,278,1,1,158,272,163,1,145,375,2,6,280,1,112,1,373,4,28,315,373,376,376,38,189,378,156,True
Godspower Nwawuihe,204716,HB,ARMY,3,51.2,0,114,68.9,28.4,47.4,1,1,15,78.9,78.9,93.3,0,2,0,43,0,0,0,84,15,19,0,0,28,0,232,27,1,170,247,263,239,150,129,6,5,219,1,216,1,48,2,1,1,185,144,261,1,1,21,48,True
Frankie Tinilau,175388,G,JAMES MAD,3,100.0,0,197,63.4,83.5,59.1,0,0,23,100.0,100.0,100.0,0,0,0,43,0,0,0,43,25,25,43,0,18,0,284,1,1,203,43,281,1,1,380,3,8,1,1,1,1,399,47,327,39,399,378,378,197,40,431,58,True
Zack Owens,170020,G,MISSOURI,2,100.0,1,229,67.8,83.7,65.2,0,0,18,100.0,100.0,100.0,1,0,0,43,0,43,0,43,18,18,0,0,25,0,400,1,475,109,38,153,1,1,396,3,8,1,266,1,1,399,47,204,39,399,401,401,322,40,394,58,True
Jaylen Himes,216208,WR,SO MISS,3,37.7,0,296,58.1,,69.9,0,0,0,0.0,0.0,,1,0,0,43,0,0,0,114,0,71,0,0,43,0,603,590,1,575,,108,1,1,76,76,80,,550,1,1,413,1,2,5,384,80,366,1,5,412,213,True
Jesse Legree,216151,WR,OREGON ST,4,23.1,0,265,86.2,,41.1,0,0,0,0.0,0.0,,1,0,0,43,0,0,0,186,0,143,0,0,43,1,38,786,1,13,,766,1,1,76,76,80,,550,1,1,413,1,2,5,139,80,28,1,5,412,112,True
Isaac Brown,183312,HB,LOUISVILLE,4,30.2,0,210,73.0,76.8,66.2,0,0,18,29.0,30.9,100.0,0,0,0,42,0,0,0,139,21,68,0,0,21,0,15,117,1,117,73,41,1,1,99,150,133,1,1,1,1,49,2,1,1,62,89,84,1,1,40,48,True
Kanen Hamlett,157546,TE,E CAROLINA,4,49.4,0,156,41.8,74.7,48.6,0,0,7,14.0,14.0,100.0,2,0,0,42,0,0,0,85,7,50,0,0,35,28,23,418,1,464,53,382,1,1,245,352,361,1,439,1,1,295,1,2,61,242,259,184,2,62,297,370,True
Grant Page,157692,WR,SO MISS,3,45.2,0,296,68.4,,71.5,0,0,0,0.0,0.0,,0,0,0,42,0,0,0,93,0,51,0,0,42,0,603,342,1,232,,83,1,1,76,76,80,,1,1,1,424,1,2,5,465,80,474,1,5,423,213,True
Eli Owens,198800,TE,MICHIGAN,4,71.2,0,222,54.4,76.7,57.3,0,0,3,17.6,20.0,100.0,1,0,0,42,0,0,0,59,4,20,0,0,38,15,23,193,1,308,19,226,1,1,357,294,271,1,293,1,1,295,1,2,61,315,341,344,2,62,275,457,True
Brandon Lawhorn Moore,158011,G,MIAMI OH,3,100.0,0,221,64.8,80.5,62.7,0,0,13,100.0,100.0,100.0,0,0,0,42,0,42,0,42,13,13,0,0,29,0,284,1,1,169,88,203,1,1,418,3,8,1,1,1,1,401,47,206,39,401,424,424,322,40,373,58,True
George Burhenn,174950,TE,PURDUE,3,56.8,0,273,69.6,63.4,45.0,1,0,9,25.0,22.0,94.4,1,1,0,42,0,0,0,74,9,41,0,0,33,61,353,349,1,77,297,422,448,1,194,198,248,377,293,329,1,295,1,2,61,269,214,231,2,62,317,214,True
Khalief Canty Jr.,216088,G,MISSOURI,2,100.0,0,229,64.1,83.4,61.2,0,0,17,100.0,100.0,100.0,0,0,0,42,0,0,0,42,17,17,42,0,25,0,400,1,1,185,44,235,1,1,403,3,8,1,1,1,1,401,47,327,39,401,408,408,199,40,394,58,True
Lloyd Avant,190713,HB,OKLAHOMA,4,33.9,0,261,70.2,29.5,62.6,0,5,22,38.6,36.1,88.6,0,5,0,42,0,0,0,124,22,61,0,0,20,0,15,80,1,153,243,55,1,284,59,70,95,264,1,281,1,49,2,1,1,86,81,109,1,1,44,48,True
Torian Chester,204262,G,PITTSBURGH,2,100.0,0,268,58.3,58.9,56.9,0,1,23,100.0,100.0,97.8,0,1,0,42,0,42,0,42,25,25,0,0,17,0,400,1,1,347,369,358,1,171,380,3,8,354,1,139,1,401,47,206,39,401,378,378,322,40,448,58,True
Tyson Carter,198409,WR,FIU,4,35.3,0,166,67.0,,48.7,0,0,0,0.0,0.0,,1,0,0,42,0,0,0,119,0,76,0,0,42,0,38,655,1,263,,684,1,1,76,76,80,,550,1,1,424,1,2,5,364,80,324,1,5,423,213,True
Christian Young,216200,T,SO MISS,2,100.0,0,296,83.9,79.3,81.3,0,0,21,100.0,100.0,100.0,0,0,0,42,0,0,0,42,22,22,0,42,20,0,379,1,1,14,63,16,1,1,368,2,6,1,1,1,1,377,4,28,315,377,368,368,38,193,393,156,True
Jacob Bostick,156423,WR,S DIEGO ST,4,42.0,0,284,55.8,,59.4,0,0,0,0.0,0.0,,0,0,0,42,0,0,0,100,0,58,0,0,42,0,38,445,1,641,,464,1,1,76,76,80,,1,1,1,424,1,2,5,439,80,437,1,5,423,213,True
Graham Uter,189559,C,SMU,2,100.0,0,287,58.9,82.4,53.2,0,0,23,100.0,100.0,100.0,0,0,0,42,26,15,0,42,24,24,0,0,18,0,180,1,1,177,29,215,1,1,168,2,3,1,1,1,1,178,198,7,3,178,167,167,21,6,192,16,True
Mason Lindsay,189536,T,PITTSBURGH,2,100.0,0,268,51.3,82.5,47.1,0,0,23,100.0,100.0,100.0,1,0,0,42,0,0,0,42,25,25,0,42,17,0,379,1,1,433,39,475,1,1,355,2,6,1,232,1,1,377,4,28,315,377,356,356,38,193,418,156,True
Jiavani Cooley,189533,T,PITTSBURGH,2,100.0,1,268,56.1,85.3,52.7,0,0,23,100.0,100.0,100.0,1,0,0,42,0,0,42,42,25,25,0,0,17,0,379,1,434,362,19,424,1,1,355,2,6,1,232,1,1,377,4,28,188,377,356,356,38,301,418,156,True
Anthony Birsa,176506,C,NWESTERN,2,100.0,0,256,66.4,79.7,63.1,0,0,9,100.0,100.0,100.0,0,0,0,42,42,0,0,42,10,10,0,0,32,0,180,1,1,91,54,111,1,1,191,2,3,1,1,1,1,178,173,18,3,178,191,191,21,6,163,16,True
Jaden Smith,150262,WR,UTEP,4,37.8,0,330,70.9,64.8,68.5,0,0,1,1.6,1.5,100.0,0,0,0,42,0,0,0,111,1,68,0,0,41,1,38,586,1,165,23,139,1,1,14,27,29,1,1,1,1,424,1,2,5,399,16,378,1,5,436,112,True
Brock Townsend,184677,HB,C MICHIGAN,4,71.2,0,134,48.1,14.5,49.8,0,1,6,37.5,41.2,91.7,2,1,0,42,0,0,0,59,7,17,0,0,35,5,15,11,1,284,276,252,1,150,257,77,61,239,276,113,1,49,2,1,1,241,248,268,1,1,14,11,True
Larry Simmons,163666,WR,UTAH,4,60.0,0,328,79.2,,59.8,0,0,0,0.0,0.0,,0,0,0,42,0,0,0,70,0,28,0,0,42,0,38,95,1,44,,444,1,1,76,76,80,,1,1,1,424,1,2,5,559,80,615,1,5,423,213,True
Cade Yacamelli,158712,HB,MIAMI OH,4,72.4,0,221,63.6,64.5,66.2,0,2,31,79.5,81.4,96.8,0,2,0,42,0,0,0,58,35,43,0,0,7,4,15,9,1,234,134,41,1,243,21,5,3,167,1,216,1,49,2,1,1,245,14,184,1,1,179,13,True
Will Hahn,204061,G,IOWA,2,100.0,0,192,78.2,80.5,76.7,0,0,9,100.0,100.0,100.0,0,0,0,42,0,42,0,42,9,9,0,0,33,0,400,1,1,16,88,24,1,1,446,3,8,1,1,1,1,401,47,206,39,401,447,447,322,40,359,58,True
Trent Ferguson,184843,G,OREGON,2,100.0,0,264,53.3,55.9,57.7,0,2,24,100.0,100.0,95.8,1,2,0,42,0,41,0,42,25,25,0,0,17,1,400,1,1,437,389,329,1,295,377,3,8,465,266,230,1,401,47,209,39,401,378,378,322,40,448,26,True
Jeremiah McClellan,184855,WR,OREGON,2,38.2,0,264,67.8,,59.3,0,0,0,0.0,0.0,,1,0,0,42,0,0,0,110,0,68,0,1,42,0,735,572,1,247,,470,1,1,76,76,80,,550,1,1,424,1,2,5,405,80,378,1,2,423,213,True
Tamarus Walker,170210,G,UCONN,3,100.0,0,146,54.7,62.1,58.1,0,0,17,100.0,100.0,100.0,2,0,0,42,0,34,0,42,19,19,8,0,23,0,284,1,1,421,336,313,1,1,403,3,8,1,396,1,1,401,47,219,39,401,396,396,293,40,402,58,True
Spencer Mermans,177514,TE,GA TECH,4,91.3,0,176,47.6,44.2,50.4,0,1,6,60.0,63.6,91.7,0,1,0,42,0,0,0,46,7,11,0,1,35,40,23,31,1,411,400,353,1,371,270,27,25,411,1,329,1,295,1,2,61,368,259,403,2,19,297,314,True
Jordan Gant,159654,HB,AKRON,4,28.6,0,102,69.2,39.5,68.8,0,1,30,34.1,34.1,98.3,0,1,0,42,0,0,0,147,31,91,0,0,11,0,15,142,1,164,225,34,1,150,24,107,109,115,1,113,1,49,2,1,1,52,27,30,1,1,111,48,True
Jacobe Hayes,199253,WR,TCU,4,36.8,0,305,69.2,,62.1,0,0,0,0.0,0.0,,0,0,0,42,0,0,0,114,0,72,0,0,42,0,38,624,1,215,,260,1,1,76,76,80,,1,1,1,424,1,2,5,384,80,355,1,5,423,213,True
Jonah Burton,144512,WR,DUKE,4,43.8,0,154,81.9,,50.5,0,0,0,0.0,0.0,,0,0,0,42,0,0,0,96,0,54,0,0,42,3,38,391,1,30,,654,1,1,76,76,80,,1,1,1,424,1,2,5,451,80,458,1,5,423,48,True
Chimdy Onoh,170291,T,PENN STATE,2,100.0,0,266,51.8,41.9,52.5,0,0,10,100.0,100.0,100.0,0,0,0,42,0,0,0,42,10,10,18,24,32,0,379,1,1,423,429,425,1,1,407,2,6,1,1,1,1,377,4,28,315,377,411,412,11,229,349,156,True
Jalen Buckley,163158,HB,W MICHIGAN,4,33.3,0,347,76.6,55.3,62.2,0,1,16,32.7,32.7,96.9,0,1,0,42,0,0,0,126,18,55,0,0,24,0,15,88,1,67,170,56,1,150,121,121,119,163,1,113,1,49,2,1,1,83,111,133,1,1,34,48,True
Carter Pabst,205532,WR,IOWA STATE,4,60.9,0,193,50.8,,61.2,0,0,0,0.0,0.0,,1,0,0,42,0,0,0,69,0,27,0,0,42,0,38,91,1,752,,337,1,1,76,76,80,,550,1,1,424,1,2,5,563,80,619,1,5,423,213,True
Jack Foley,199500,WR,WAKE,4,32.6,0,339,64.5,,68.8,0,0,0,0.0,0.0,,0,0,0,42,0,0,0,129,0,87,0,0,42,0,38,697,1,357,,135,1,1,76,76,80,,1,1,1,424,1,2,5,336,80,267,1,5,423,213,True
Za'Ron Collins,181612,WR,JAMES MAD,4,46.7,0,197,52.4,,62.1,0,0,0,0.0,0.0,,1,0,0,42,0,0,0,90,0,48,0,0,42,0,38,292,1,729,,260,1,1,76,76,80,,550,1,1,424,1,2,5,481,80,493,1,5,423,213,True
Tychaun Chapman,162741,WR,MEMPHIS,4,45.2,0,218,66.9,,57.2,0,0,0,0.0,0.0,,0,0,0,42,0,0,0,93,0,51,0,0,42,0,38,342,1,265,,540,1,1,76,76,80,,1,1,1,424,1,2,5,465,80,474,1,5,423,213,True
Devin Harper,205087,G,LSU,4,100.0,0,211,49.5,70.3,47.0,0,0,12,100.0,100.0,100.0,0,0,0,42,0,0,0,42,13,13,40,0,29,0,18,1,1,483,250,491,1,1,427,3,8,1,1,1,1,401,47,327,39,401,424,424,204,40,373,58,True
Carl Jenkins,199391,WR,MIAMI OH,4,48.8,0,221,57.9,,46.8,0,0,0,0.0,0.0,,1,0,0,42,0,0,0,86,0,44,0,0,42,4,38,243,1,580,,713,1,1,76,76,80,,550,1,1,424,1,2,5,496,80,515,1,5,423,42,True
Bryce Randolph,198661,WR,LIBERTY,4,50.6,0,206,59.9,,50.4,0,0,0,0.0,0.0,,1,0,0,41,0,0,0,81,0,40,0,0,41,0,38,201,1,512,,657,1,1,76,76,80,,550,1,1,437,1,2,5,516,80,544,1,5,436,213,True
Antwan Raymond,190489,HB,RUTGERS,4,23.4,0,278,75.3,37.2,58.9,1,3,32,37.6,38.6,93.7,0,4,0,41,0,0,0,175,34,88,0,0,7,0,15,201,1,88,227,115,239,273,16,76,76,214,1,272,1,55,2,1,1,18,18,35,1,1,179,48,True
Donovan Faupel,175668,WR,ARKANSAS,4,41.0,0,111,59.5,,67.5,0,0,0,0.0,0.0,,0,0,0,41,0,0,0,100,0,59,0,0,41,0,38,476,1,524,,153,1,1,76,76,80,,1,1,1,437,1,2,5,439,80,427,1,5,436,213,True
Wahkeem Roman,185325,T,DELAWARE,2,100.0,0,151,45.2,20.5,54.1,0,3,21,100.0,100.0,92.9,0,3,0,41,0,0,41,41,22,22,0,0,19,0,379,1,1,465,481,402,1,276,368,2,6,471,1,224,1,381,4,28,190,381,368,368,38,301,400,156,True
Troy Grizzle,190989,TE,BOISE ST,4,91.1,0,120,56.5,38.9,58.1,0,0,2,33.3,33.3,100.0,0,0,0,41,0,0,0,45,2,6,0,0,39,21,23,33,1,260,412,211,1,1,393,127,128,1,1,1,1,299,1,2,61,376,402,454,2,62,269,419,True
Jadon Porter,184818,WR,BAYLOR,2,43.6,0,118,62.6,,63.2,0,0,0,0.0,0.0,,1,0,0,41,0,0,0,94,0,53,0,0,41,0,735,395,1,420,,219,1,1,76,76,80,,550,1,1,437,1,2,5,459,80,462,1,5,436,213,True
Bryce Yates,199090,WR,PITTSBURGH,4,38.7,0,268,77.1,,57.8,0,0,0,0.0,0.0,,1,0,0,41,0,0,0,106,0,65,0,0,41,0,38,556,1,64,,528,1,1,76,76,80,,550,1,1,437,1,2,5,421,80,397,1,5,436,213,True
Carson Sneed,213473,TE,N CAROLINA,3,87.2,0,245,57.3,68.6,50.3,0,0,2,25.0,25.0,100.0,0,0,0,41,0,0,0,47,2,8,0,0,39,44,353,56,1,243,215,354,1,1,393,198,196,1,1,1,1,299,1,2,61,361,402,430,2,62,269,285,True
AJ Surace,184666,QB,RUTGERS,3,43.6,0,278,68.0,,60.0,0,0,0,0.0,0.0,,0,0,0,41,0,0,0,94,0,50,0,0,41,0,129,67,1,122,,78,1,1,18,18,20,,1,1,1,142,1,1,1,150,20,149,1,1,142,2,True
Roger Saleapaga II,184864,TE,BYU,2,56.2,0,128,66.0,70.7,80.9,0,0,3,8.6,8.6,100.0,0,0,0,41,0,0,0,73,3,35,0,0,38,45,442,353,1,111,160,7,1,1,357,415,419,1,1,1,1,299,1,2,61,274,368,251,2,62,275,280,True
Byrd Ficklin,199457,QB,UTAH,4,46.6,0,328,76.8,,59.3,0,0,0,0.0,0.0,,1,0,0,41,0,0,0,88,0,27,0,0,41,0,6,50,1,72,,202,1,1,18,18,20,,110,1,1,142,1,1,1,152,20,167,1,1,142,2,True
Cole Weaver,171295,WR,SYRACUSE,3,46.6,0,304,61.2,,62.1,0,0,0,0.0,0.0,,0,0,0,41,0,0,0,88,0,47,0,0,41,0,603,295,1,472,,260,1,1,76,76,80,,1,1,1,437,1,2,5,488,80,500,1,5,436,213,True
Garrett Mmahat,158421,WR,TULANE,4,38.3,0,319,56.4,,52.1,0,0,0,0.0,0.0,,0,0,0,41,0,0,0,107,0,66,0,0,41,8,38,568,1,626,,630,1,1,76,76,80,,1,1,1,437,1,2,5,417,80,389,1,5,436,10,True
Howard Kinchen,216315,WR,TROY,2,49.4,0,318,70.9,,60.9,0,0,0,0.0,0.0,,0,0,0,41,0,0,0,83,0,42,0,0,41,0,735,228,1,165,,361,1,1,76,76,80,,1,1,1,437,1,2,5,507,80,526,1,5,436,213,True
Isaiah Thacker,176138,WR,BALL ST,4,32.3,0,117,62.5,,46.3,0,0,0,0.0,0.0,,0,0,0,41,0,0,0,127,0,84,0,0,41,0,38,703,1,422,,719,1,1,76,76,80,,1,1,1,437,1,2,5,344,80,283,1,5,436,213,True
Jordan Anderson,184243,WR,S JOSE ST,4,32.0,0,285,56.7,,56.3,0,0,0,0.0,0.0,,0,0,0,41,0,0,0,128,0,87,0,0,41,1,38,712,1,616,,561,1,1,76,76,80,,1,1,1,437,1,2,5,339,80,267,1,5,436,112,True
Kenny Darby,215853,WR,KENTUCKY,4,38.3,0,202,80.7,,60.6,0,0,0,0.0,0.0,,0,0,0,41,0,0,0,107,0,65,0,0,41,1,38,568,1,33,,388,1,1,76,76,80,,1,1,1,437,1,2,5,417,80,397,1,5,436,112,True
Peyton Joseph,199687,T,OKLAHOMA,2,100.0,0,261,55.1,68.0,51.7,0,1,17,100.0,100.0,97.1,0,1,0,41,0,0,27,41,20,20,14,0,21,0,379,1,1,385,220,436,1,145,380,2,6,305,1,112,1,381,4,28,219,381,376,376,16,301,388,156,True
Brandon Phelps,183731,WR,ARIZONA,4,44.6,0,109,64.1,,66.2,0,0,0,0.0,0.0,,0,0,0,41,0,0,0,92,0,51,0,0,41,5,38,358,1,365,,173,1,1,76,76,80,,1,1,1,437,1,2,5,470,80,474,1,5,436,25,True
Chico Holt,176617,TE,STANFORD,4,58.6,0,300,57.8,37.5,66.1,0,1,10,25.6,27.5,95.0,1,1,0,41,0,0,0,70,11,40,0,0,30,53,23,323,1,235,420,111,1,371,173,193,179,370,293,329,1,299,1,2,61,284,166,236,2,62,333,248,True
Ashton Hollins,158207,WR,GA SOUTHRN,3,30.8,0,174,63.9,,80.8,0,0,0,0.0,0.0,,1,0,0,41,0,0,0,133,0,92,0,0,41,0,603,729,1,369,,16,1,1,76,76,80,,550,1,1,437,1,2,5,317,80,237,1,5,436,213,True
Carter Moses,164523,TE,KANSAS,3,85.4,0,198,42.8,73.3,48.6,0,0,5,45.5,41.7,100.0,2,0,0,41,0,0,1,48,5,12,0,1,36,40,353,66,1,456,84,382,1,1,301,62,85,1,439,1,1,299,1,2,24,356,307,395,2,19,288,314,True
Max Drag,174988,TE,S CAROLINA,4,66.1,0,289,45.1,70.7,53.5,0,0,6,23.1,22.2,100.0,0,0,0,41,0,0,1,62,6,27,0,0,35,38,23,238,1,439,160,307,1,1,270,228,243,1,1,1,1,299,1,2,24,304,285,298,2,62,297,324,True
Beau Sparks,173021,WR,TEXAS ST,3,54.7,0,314,70.8,,61.8,0,0,0,0.0,0.0,,0,0,0,41,0,0,0,75,0,34,0,0,41,0,603,139,1,172,,285,1,1,76,76,80,,1,1,1,437,1,2,5,542,80,574,1,5,436,213,True
Joe Jackson,173106,HB,KANSAS ST,4,32.8,0,199,69.0,77.5,71.5,1,0,20,30.8,31.9,97.5,0,1,0,41,0,0,0,125,22,69,0,0,19,0,15,95,1,166,69,25,239,1,83,135,126,145,1,113,1,55,2,1,1,85,81,77,1,1,50,48,True
Chase Stevens,184432,C,KENNESAW,2,100.0,0,200,58.6,80.4,53.2,0,0,26,100.0,100.0,100.0,0,0,0,41,41,0,0,41,26,26,0,0,15,0,180,1,1,179,48,215,1,1,163,2,3,1,1,1,1,180,175,18,3,180,166,166,21,6,208,16,True
Tommy Tofi,214867,G,OREGON,3,100.0,0,264,59.3,81.7,61.8,0,0,13,100.0,100.0,100.0,1,0,0,41,0,30,0,41,14,14,0,0,27,11,284,1,1,320,72,220,1,1,418,3,8,1,266,1,1,408,47,226,39,408,418,418,322,40,382,5,True
Keayen Nead,164486,TE,BYU,3,87.2,0,128,66.4,67.2,68.0,0,0,4,40.0,40.0,100.0,0,0,0,41,0,0,0,47,4,10,0,0,37,41,353,56,1,107,249,89,1,1,332,96,94,1,1,1,1,299,1,2,61,361,341,414,2,62,283,306,True
Austin Terry,157198,TE,BOISE ST,4,71.9,0,120,42.7,72.8,43.6,0,0,5,25.0,23.8,100.0,0,0,0,41,0,0,0,57,5,21,0,0,36,54,23,186,1,457,101,438,1,1,301,198,222,1,1,1,1,299,1,2,61,322,307,337,2,62,288,244,True
Jaylen Andrews,215309,WR,BUFFALO,3,40.6,0,126,57.9,,59.6,0,0,0,0.0,0.0,,0,0,0,41,0,0,0,101,0,60,0,0,41,1,603,487,1,580,,457,1,1,76,76,80,,1,1,1,437,1,2,5,436,80,424,1,5,436,112,True
MJ Senegal,198309,G,UTSA,4,100.0,0,331,78.4,37.1,81.4,0,1,11,100.0,100.0,95.5,0,1,0,41,0,23,9,41,11,11,0,0,30,9,18,1,1,14,476,4,1,171,431,3,8,471,1,139,1,408,47,241,14,408,437,437,322,40,368,7,True
Caden Jensen,176351,TE,LA LAFAYET,2,56.9,0,207,74.1,23.8,71.5,1,0,5,15.2,16.2,90.0,1,1,0,41,0,0,0,72,6,37,0,0,35,60,442,348,1,40,458,54,448,1,301,334,325,423,293,329,1,299,1,2,61,277,285,242,2,62,297,218,True
Braden Chick,218651,G,NEW MEXICO,3,100.0,0,241,69.2,77.7,67.0,0,0,5,100.0,100.0,100.0,0,0,0,40,7,3,0,40,6,6,30,0,34,0,284,1,1,81,133,123,1,1,476,3,8,1,1,1,1,410,31,308,39,410,468,468,223,40,354,58,True
Brock Boyd,214646,WR,OHIO STATE,4,44.4,0,260,65.0,,57.3,0,0,0,0.0,0.0,,0,0,0,40,0,0,0,90,0,50,0,0,40,4,38,368,1,340,,539,1,1,76,76,80,,1,1,1,451,1,2,5,481,80,484,1,5,451,42,True
Omari Hayes,156520,WR,IOWA STATE,4,34.5,1,193,70.9,,70.5,0,0,0,0.0,0.0,,1,0,0,40,0,0,0,116,0,73,0,0,40,0,38,663,768,165,,101,1,1,76,76,80,,550,1,1,451,1,2,5,375,80,349,1,5,451,213,True
Waymond Jordan,199407,HB,USC,5,29.2,0,326,73.6,80.4,58.0,0,1,27,36.0,37.2,98.1,0,1,0,40,0,0,0,137,29,78,0,0,11,0,1,132,1,107,49,150,1,150,32,91,86,119,1,113,1,57,2,1,1,66,34,56,1,1,111,48,True
Brysten Martinez,216008,T,LSU,3,100.0,0,211,43.7,0.0,60.6,1,2,12,100.0,100.0,87.5,1,3,0,40,0,0,40,40,13,13,0,0,27,0,278,1,1,471,490,266,303,218,397,2,6,490,232,224,1,383,4,28,191,383,395,396,38,301,365,156,True
Iverson Howard,198726,HB,MARYLAND,4,23.8,0,215,67.6,20.6,58.1,1,2,31,29.5,29.5,95.2,0,3,0,40,0,0,0,168,33,112,0,0,7,1,15,198,1,193,272,145,239,243,21,144,155,191,1,254,1,57,2,1,1,29,21,8,1,1,179,26,True
Eric Ingwerson,183563,TE,NEBRASKA,4,93.0,0,238,48.4,73.3,54.0,0,0,11,78.6,81.3,100.0,1,0,0,40,0,0,0,43,13,16,0,0,27,42,23,24,1,400,84,295,1,1,148,13,12,1,293,1,1,308,1,2,61,390,131,369,2,62,355,300,True
Luke Watkins,198688,WR,LA TECH,3,44.9,0,208,55.3,,61.2,0,0,0,0.0,0.0,,0,0,0,40,0,0,0,89,0,48,0,0,40,0,603,353,1,665,,337,1,1,76,76,80,,1,1,1,451,1,2,5,486,80,493,1,5,451,213,True
Noah Grevious,192231,WR,JAMES MAD,4,47.1,0,197,68.5,,71.7,0,0,0,0.0,0.0,,0,0,0,40,0,0,0,85,0,45,0,0,40,2,38,277,1,228,,79,1,1,76,76,80,,1,1,1,451,1,2,5,503,80,510,1,5,451,73,True
Davion Chandler,198526,WR,INDIANA,4,49.4,0,190,71.7,64.4,51.5,0,0,1,2.4,2.4,100.0,0,0,0,40,0,0,0,81,1,42,0,0,39,4,38,228,1,148,25,638,1,1,14,21,18,1,1,1,1,451,1,2,5,516,16,526,1,5,460,42,True
Dane Wleklinski,183294,G,VIRGINIA,3,100.0,0,335,70.1,81.6,68.2,0,0,15,100.0,100.0,100.0,0,0,0,40,0,0,0,40,15,15,37,3,25,0,284,1,1,72,74,104,1,1,410,3,8,1,1,1,1,410,47,327,39,410,413,413,210,26,394,58,True
JonAnthony Hall,200319,WR,STANFORD,4,36.7,0,300,51.8,,58.9,0,0,0,0.0,0.0,,1,0,0,40,0,0,0,109,0,69,0,0,40,0,38,627,1,737,,486,1,1,76,76,80,,550,1,1,451,1,2,5,411,80,376,1,5,451,213,True
TJ Pride,189866,WR,NEW MEX ST,5,35.1,0,242,54.6,,39.9,0,0,0,0.0,0.0,,0,0,0,40,0,0,0,114,0,74,0,0,40,0,1,660,1,680,,771,1,1,76,76,80,,1,1,1,451,1,2,5,384,80,341,1,5,451,213,True
Maurice Brown II,174318,TE,S CAROLINA,4,52.6,0,289,59.2,75.3,42.8,0,0,11,25.6,23.9,100.0,1,0,0,40,0,0,0,76,11,46,0,0,29,27,23,391,1,214,41,447,1,1,148,193,221,1,293,1,1,308,1,2,61,262,166,202,2,62,339,373,True
Donovan Lewis,178135,WR,DELAWARE,4,32.8,0,151,56.0,,48.5,0,0,0,0.0,0.0,,0,0,0,40,0,0,0,122,0,82,0,0,40,0,38,692,1,636,,687,1,1,76,76,80,,1,1,1,451,1,2,5,356,80,293,1,5,451,213,True
Cole Rusk,145753,TE,ARIZONA,3,42.1,0,109,62.4,38.1,58.5,0,0,6,10.2,9.8,100.0,0,0,0,40,0,0,0,95,6,61,0,0,34,59,353,455,1,164,417,207,1,1,270,404,410,1,1,1,1,308,1,2,61,217,285,139,2,62,305,222,True
Grayson O'Bara,159314,WR,N TEXAS,5,45.5,0,251,64.7,,52.5,0,0,0,0.0,0.0,,0,0,0,40,0,0,0,88,0,48,0,0,40,0,1,331,1,351,,622,1,1,76,76,80,,1,1,1,451,1,2,5,488,80,493,1,5,451,213,True
Kaleb Brown,162861,WR,UAB,3,50.6,0,321,55.2,,60.2,0,0,0,0.0,0.0,,0,0,0,40,0,0,0,79,0,38,0,0,40,0,603,201,1,668,,412,1,1,76,76,80,,1,1,1,451,1,2,5,522,80,551,1,5,451,213,True
Kahari Finley,173824,T,USF,1,100.0,0,327,70.5,66.0,69.4,0,1,20,100.0,100.0,97.5,0,1,0,40,0,0,39,40,20,20,0,0,20,1,455,1,1,100,252,106,1,145,373,2,6,265,1,112,1,383,4,28,194,383,376,376,38,301,393,95,True
Eric Olsen,165724,TE,OREGON ST,4,32.0,1,265,69.7,75.6,40.2,0,0,12,13.0,12.4,100.0,1,0,0,40,0,0,0,125,12,97,0,1,28,52,23,479,465,76,36,463,1,1,134,367,382,1,293,1,1,308,1,2,61,148,144,49,2,19,347,253,True
Davis Lane,156393,TE,RICE,2,76.9,0,275,52.2,,65.4,0,0,0,0.0,0.0,,0,0,0,40,0,0,0,52,0,11,0,0,40,24,442,132,1,348,,120,1,1,459,459,459,,1,1,1,308,1,2,61,341,459,403,2,62,256,397,True
Bott Mulitalo,213766,T,BYU,2,100.0,0,128,93.6,73.6,90.6,0,0,4,100.0,100.0,100.0,0,0,0,40,0,0,0,40,4,4,1,35,36,4,379,1,1,1,145,1,1,1,462,2,6,1,1,1,1,383,4,28,315,383,464,465,31,207,337,35,True
Davian Jackson,205091,HB,TEXAS ST,4,33.9,0,314,68.7,48.2,54.8,0,1,28,52.8,52.7,98.2,0,1,0,39,0,0,0,115,29,55,0,0,10,0,15,80,1,176,195,220,1,150,27,24,26,116,1,113,1,59,2,1,1,107,34,133,1,1,128,48,True
Jack Van Dorselaer,199978,TE,OKLAHOMA,4,75.0,0,261,46.4,60.8,54.2,0,0,7,36.8,35.0,85.7,1,1,1,39,0,0,0,52,7,20,0,0,32,36,23,146,1,425,319,291,1,1,245,115,123,447,293,329,459,313,1,2,61,341,259,344,2,62,322,334,True
Trey Kukuk,198675,QB,LA TECH,3,33.6,0,208,83.7,62.2,60.1,0,0,1,1.8,1.7,100.0,0,0,0,39,0,0,0,116,1,59,0,0,38,0,129,160,1,38,1,34,1,1,1,3,3,1,1,1,1,144,1,1,1,146,1,143,1,1,145,2,True
Rodney Fields Jr.,188722,HB,KANSAS ST,4,24.5,0,199,72.2,59.1,57.6,0,1,26,27.4,26.8,98.1,0,1,0,39,0,0,0,159,26,97,0,0,13,0,15,194,1,129,156,163,1,150,39,170,180,119,1,113,1,59,2,1,1,37,50,22,1,1,91,48,True
Talyn Shettron,128693,WR,LA TECH,3,37.1,0,208,66.2,,57.9,0,0,0,0.0,0.0,,0,0,0,39,0,0,0,105,0,64,0,0,39,0,603,613,1,294,,523,1,1,76,76,80,,1,1,1,461,1,2,5,424,80,405,1,5,460,213,True
Kendre Harrison,215026,TE,OREGON,3,70.9,0,264,79.8,71.5,65.8,0,0,8,34.8,33.3,100.0,0,0,0,39,0,0,1,55,8,24,0,1,31,43,353,196,1,15,142,115,1,1,218,122,128,1,1,1,1,313,1,2,24,333,244,321,2,19,329,290,True
Caleb Ryan,176261,TE,LIBERTY,4,78.0,0,206,49.8,70.5,48.0,0,0,6,37.5,38.9,100.0,0,0,0,39,0,0,0,50,7,18,0,0,32,43,23,122,1,384,169,393,1,1,270,109,100,1,1,1,1,313,1,2,61,349,259,353,2,62,322,290,True
Legend Glasker,213820,WR,BYU,3,45.9,0,128,88.2,,69.0,0,0,0,0.0,0.0,,0,0,0,39,0,0,0,85,0,40,0,0,39,0,603,312,1,8,,130,1,1,76,76,80,,1,1,1,461,1,2,5,503,80,544,1,5,460,213,True
Marcellous Hawkins Jr.,200025,HB,VA TECH,4,28.5,0,337,74.4,45.8,60.2,1,0,23,37.1,33.3,97.8,1,1,0,39,0,0,0,137,23,69,0,0,16,0,15,145,1,97,202,63,239,1,52,80,111,129,236,113,1,59,2,1,1,66,71,77,1,1,67,48,True
Shamar Rigby,190922,WR,WISCONSIN,4,51.3,0,349,53.6,,74.5,0,0,0,0.0,0.0,,0,0,0,39,0,0,0,76,0,37,0,0,39,0,38,187,1,708,,50,1,1,76,76,80,,1,1,1,461,1,2,5,536,80,555,1,5,460,213,True
DeAngelo Irvin Jr.,174074,WR,UNLV,3,42.4,0,325,60.8,,62.3,0,0,0,0.0,0.0,,0,0,0,39,0,0,0,92,0,53,0,0,39,0,603,432,1,489,,248,1,1,76,76,80,,1,1,1,461,1,2,5,470,80,462,1,5,460,213,True
Dallas Gaius-Anyaegbu,215446,TE,FRESNO ST,4,81.3,1,169,49.3,38.5,53.8,0,1,6,40.0,43.8,91.7,1,1,0,39,0,0,0,48,7,16,0,0,32,43,23,92,465,391,416,301,1,371,270,96,69,411,293,329,1,313,1,2,61,356,259,369,2,62,322,290,True
Ric'Darious Farmer,189925,WR,UCF,4,33.9,0,323,63.1,,68.0,0,0,0,0.0,0.0,,1,0,0,39,0,0,0,115,0,75,0,0,39,1,38,673,1,402,,149,1,1,76,76,80,,550,1,1,461,1,2,5,379,80,334,1,5,460,112,True
Gabe Lovorn,199374,TE,TULANE,3,76.5,0,319,53.1,38.9,60.9,0,1,5,29.4,29.4,90.0,0,1,0,39,0,0,0,51,5,17,0,0,34,48,353,138,1,328,412,176,1,371,301,165,164,423,1,329,1,313,1,2,61,346,307,358,2,62,305,268,True
Patrick Methlie,199641,G,DELAWARE,2,100.0,0,151,61.0,85.6,54.7,0,0,23,100.0,100.0,100.0,0,0,0,39,14,7,0,39,24,24,18,0,15,0,400,1,1,279,25,400,1,1,380,3,8,1,1,1,1,412,20,296,39,412,382,382,257,40,463,58,True
Adam Hawkes,191217,T,ARKANSAS,2,100.0,0,111,69.8,61.4,71.6,0,0,19,100.0,100.0,94.7,1,1,1,39,0,0,0,39,22,22,0,39,17,0,379,1,1,112,296,85,1,1,375,2,6,428,232,112,333,386,4,28,315,386,368,368,38,197,418,156,True
Jamal Roberts,175912,HB,MISSOURI,4,19.8,1,229,62.2,77.9,58.0,0,1,32,33.7,34.3,98.4,1,1,0,39,0,0,0,197,34,99,0,0,5,0,15,232,278,250,66,150,1,150,16,109,107,111,236,113,1,59,2,1,1,8,18,20,1,1,224,48,True
AJ Petersen,174684,FB,IOWA STATE,4,100.0,0,193,49.4,76.9,46.3,0,0,4,100.0,100.0,100.0,0,0,0,39,0,0,0,39,7,7,0,0,32,3,1,1,1,6,1,6,1,1,4,1,1,1,1,1,1,2,1,1,1,2,3,3,2,1,2,2,True
Nate Branch,185138,WR,APP STATE,4,29.5,0,108,75.3,,59.5,0,0,0,0.0,0.0,,0,0,0,39,0,0,0,132,0,90,0,0,39,5,38,747,1,88,,460,1,1,76,76,80,,1,1,1,461,1,2,5,321,80,250,1,5,460,25,True
Josh Waite,199026,G,OHIO,2,100.0,0,259,68.3,66.5,69.3,1,0,22,100.0,100.0,97.7,0,1,0,39,0,39,0,39,25,25,0,0,14,0,400,1,1,98,287,84,374,1,383,3,8,365,1,139,1,412,47,210,39,412,378,378,322,40,467,58,True
Riley Williams,170100,TE,MISS STATE,4,67.2,0,227,48.0,69.5,42.3,0,0,5,20.8,24.0,100.0,0,0,0,39,0,0,0,58,6,25,0,0,33,30,23,230,1,406,189,452,1,1,301,253,219,1,1,1,1,313,1,2,61,319,285,312,2,62,317,358,True
Mylan Graham,193180,WR,NOTRE DAME,4,52.0,0,258,62.7,,57.5,0,0,0,0.0,0.0,,0,0,0,39,0,0,0,75,0,36,0,0,39,1,38,174,1,416,,533,1,1,76,76,80,,1,1,1,461,1,2,5,542,80,564,1,5,460,112,True
Brandon Henderson,174027,G,ILLINOIS,1,100.0,0,187,72.2,81.9,70.8,0,0,17,100.0,100.0,100.0,0,0,0,39,0,0,0,39,18,18,39,0,21,0,480,1,1,50,66,68,1,1,403,3,8,1,1,1,1,412,47,327,39,412,401,401,206,40,413,58,True
Braxton Woodson,175276,QB,NAVY,3,42.4,0,237,78.7,,60.0,0,0,0,0.0,0.0,,2,0,0,39,0,0,0,92,0,24,0,0,39,0,129,77,1,62,,78,1,1,18,18,20,,167,1,1,144,1,1,1,151,20,169,1,1,144,2,True
Jordon Davison,199872,HB,OREGON,4,28.3,0,264,68.9,87.1,58.7,0,0,26,37.1,36.5,100.0,0,0,0,39,0,0,0,138,27,74,0,0,12,0,15,147,1,170,3,126,1,1,39,80,93,1,1,1,1,59,2,1,1,64,42,61,1,1,101,48,True
Antonio Floyd,184048,WR,E MICHIGAN,4,42.4,0,160,50.6,,63.4,0,0,0,0.0,0.0,,0,0,0,39,0,0,0,92,0,53,0,0,39,0,38,432,1,757,,216,1,1,76,76,80,,1,1,1,461,1,2,5,470,80,462,1,5,460,213,True
Walter Matthews,190351,TE,USC,5,84.4,0,326,73.5,70.7,64.9,0,0,6,46.2,46.2,100.0,0,0,0,38,0,0,0,45,6,13,0,0,32,45,1,74,1,42,160,127,1,1,270,61,60,1,1,1,1,319,1,2,61,376,285,388,2,62,322,280,True
Jeremy Payne,183837,HB,TCU,4,19.5,0,305,73.5,75.6,59.4,0,2,33,28.4,29.7,97.0,2,2,0,38,0,0,0,195,35,118,0,0,3,0,15,237,1,110,77,96,1,243,14,159,152,162,276,216,1,64,2,1,1,11,14,6,1,1,259,48,True
TJ Lott,172287,WR,TROY,3,51.4,0,318,53.3,,58.1,0,0,0,0.0,0.0,,0,0,0,38,0,0,0,74,0,36,0,0,38,0,603,185,1,717,,512,1,1,76,76,80,,1,1,1,469,1,2,5,547,80,564,1,5,469,213,True
Anthony Robsock,188263,G,MARYLAND,3,100.0,0,215,62.5,77.2,61.0,0,0,8,100.0,100.0,100.0,0,0,0,38,0,0,0,38,9,9,38,0,29,0,284,1,1,226,142,241,1,1,451,3,8,1,1,1,1,415,47,327,39,415,447,447,208,40,373,58,True
Andrew Lowry,171281,T,MIAMI OH,2,100.0,0,221,79.4,78.5,75.6,0,0,10,100.0,100.0,100.0,0,0,0,38,0,0,0,38,10,10,0,38,28,0,379,1,1,27,78,45,1,1,407,2,6,1,1,1,1,387,4,28,315,387,411,412,38,198,359,156,True
Kyri Shoels,188847,WR,UTAH,4,67.9,0,328,55.1,,42.8,0,0,0,0.0,0.0,,1,0,0,38,0,0,0,56,0,18,0,0,38,0,38,53,1,669,,758,1,1,76,76,80,,550,1,1,469,1,2,5,610,80,688,1,5,469,213,True
Khi'Len Gates,216140,G,DOMINION,1,100.0,0,263,47.5,54.4,44.3,0,1,19,100.0,100.0,97.4,0,1,0,38,0,38,0,38,20,20,0,0,18,0,480,1,1,494,395,509,1,171,390,3,8,392,1,139,1,415,47,211,39,415,393,393,322,40,431,58,True
Branden Hoch,199670,WR,FAU,4,37.3,0,165,51.4,,34.9,0,0,0,0.0,0.0,,1,0,0,38,0,0,0,102,0,64,0,0,38,0,38,605,1,744,,787,1,1,76,76,80,,550,1,1,469,1,2,5,430,80,405,1,5,469,213,True
Malik Elzy,175952,WR,LSU,4,55.1,0,211,48.0,,48.9,0,0,0,0.0,0.0,,1,0,0,38,0,0,0,69,0,31,0,0,38,4,38,135,1,786,,682,1,1,76,76,80,,550,1,1,469,1,2,5,563,80,596,1,5,469,42,True
Michael Scott,198579,WR,JAMES MAD,4,50.0,0,197,63.5,,59.1,0,0,0,0.0,0.0,,0,0,0,38,0,0,0,76,0,37,0,0,38,0,38,209,1,379,,477,1,1,76,76,80,,1,1,1,469,1,2,5,536,80,555,1,5,469,213,True
Luke Douglas,190565,TE,APP STATE,4,71.7,0,108,57.2,71.5,53.3,0,0,7,33.3,31.8,100.0,1,0,0,38,0,0,1,53,7,22,0,0,31,43,23,189,1,245,142,311,1,1,245,127,148,1,293,1,1,319,1,2,24,336,259,334,2,62,329,290,True
Kader Diop,190460,WR,NEW MEXICO,4,82.6,0,241,53.7,63.9,59.9,0,0,1,14.3,11.1,100.0,1,0,0,38,0,0,0,46,1,9,0,0,37,0,38,11,1,705,28,436,1,1,14,2,3,1,550,1,1,469,1,2,5,665,16,758,1,5,476,213,True
Tyler Fortenberry,184525,TE,IOWA STATE,4,53.5,0,193,50.0,71.0,55.8,0,0,3,9.1,10.8,100.0,0,0,0,38,0,0,0,71,4,37,0,0,34,56,23,383,1,378,154,251,1,1,357,408,401,1,1,1,1,319,1,2,61,280,341,242,2,62,305,233,True
Cibastian Broughton,199586,QB,AKRON,3,28.1,0,102,69.0,,60.0,0,0,0,0.0,0.0,,1,0,0,38,0,0,0,135,0,86,0,0,38,0,129,188,1,113,,78,1,1,18,18,20,,110,1,1,146,1,1,1,139,20,120,1,1,145,2,True
DJ Allen Jr.,157297,WR,UTSA,4,40.0,0,331,78.2,,60.6,0,0,0,0.0,0.0,,1,0,0,38,0,0,0,95,0,57,0,0,38,0,38,507,1,51,,388,1,1,76,76,80,,550,1,1,469,1,2,5,456,80,442,1,5,469,213,True
Jaden Hamm,173074,TE,ARK STATE,4,86.4,1,113,56.5,68.6,65.7,0,0,2,25.0,25.0,100.0,1,0,0,38,0,0,0,44,2,8,0,0,36,44,23,61,465,260,215,116,1,1,393,198,196,1,293,1,1,319,1,2,61,381,402,430,2,62,288,285,True
Ben Howard,207834,G,CAL,3,100.0,0,130,58.3,84.1,51.1,0,0,18,100.0,100.0,100.0,0,0,0,38,0,21,0,38,21,21,13,0,17,4,284,1,1,347,35,454,1,1,396,3,8,1,1,1,1,415,47,248,39,415,389,389,280,40,448,11,True
Rashid Williams,171943,WR,WASHINGTON,4,27.0,0,340,68.9,,42.1,0,0,0,0.0,0.0,,0,0,0,38,0,0,0,141,0,103,0,0,38,0,38,767,1,223,,763,1,1,76,76,80,,1,1,1,469,1,2,5,290,80,172,1,5,469,213,True
Lee Beebe Jr.,163009,HB,INDIANA,4,25.7,0,190,76.6,64.5,58.4,0,1,28,43.8,44.9,98.2,0,1,0,38,0,0,0,148,31,69,0,0,7,0,15,177,1,67,134,136,1,150,27,47,47,116,1,113,1,64,2,1,1,49,27,77,1,1,179,48,True
Landon Pace,200068,TE,WYOMING,4,82.6,0,351,54.8,45.6,63.8,0,1,3,27.3,27.3,83.3,1,1,0,38,0,0,0,46,3,11,0,0,35,18,23,83,1,298,394,147,1,371,357,182,182,452,293,329,1,319,1,2,61,368,368,403,2,62,297,446,True
Kamaehu Kopa-Kaawalauole,174871,TE,S JOSE ST,3,57.8,0,285,48.3,65.5,36.4,0,0,1,4.0,3.6,100.0,0,0,0,37,0,0,0,64,1,28,0,0,36,33,353,336,1,402,271,478,1,1,430,448,450,1,1,1,1,324,1,2,61,294,433,287,2,62,288,344,True
Easton Hammond,220554,T,UTAH ST,2,100.0,0,329,65.0,72.3,61.0,0,0,16,100.0,100.0,100.0,0,0,0,37,0,0,0,37,22,22,0,37,15,0,379,1,1,196,163,254,1,1,383,2,6,1,1,1,1,388,4,28,315,388,368,368,38,201,439,156,True
Jaylan Jeffers,131714,T,UCLA,4,100.0,0,324,66.5,51.4,66.7,0,0,10,100.0,100.0,100.0,0,0,0,37,0,0,0,37,11,11,0,37,26,0,16,1,1,162,379,149,1,1,407,2,6,1,1,1,1,388,4,28,315,388,405,405,38,201,370,156,True
Ty'aun Gates,218650,T,NEW MEXICO,3,100.0,0,241,65.4,76.9,63.1,0,0,3,100.0,100.0,100.0,0,0,0,37,0,0,36,37,4,4,0,1,33,0,278,1,1,189,104,216,1,1,476,2,6,1,1,1,1,388,4,28,201,388,464,465,38,293,346,156,True
Tadan Bingham,218563,T,LA TECH,3,100.0,0,208,63.3,78.4,60.4,0,0,7,100.0,100.0,100.0,0,0,0,37,0,0,32,37,8,8,0,0,29,5,278,1,1,231,79,273,1,1,433,2,6,1,1,1,1,388,4,28,211,388,428,428,38,301,356,27,True
Cody Jackson,144621,WR,IOWA STATE,4,41.1,0,193,54.5,,60.0,0,0,0,0.0,0.0,,0,0,0,37,0,0,0,90,0,53,0,0,37,0,38,473,1,681,,427,1,1,76,76,80,,1,1,1,477,1,2,5,481,80,462,1,5,476,213,True
Micah Sahakian,148757,T,DUKE,2,100.0,0,154,84.6,85.8,87.6,0,0,14,100.0,100.0,100.0,1,0,0,37,0,0,37,37,14,14,0,0,23,0,379,1,1,12,14,7,1,1,391,2,6,1,232,1,1,388,4,28,198,388,392,392,38,301,378,156,True
Terrance Carter Jr.,156742,TE,TEXAS TECH,2,45.7,0,315,76.2,69.6,84.5,0,0,2,4.7,6.4,100.0,0,0,0,37,0,0,0,81,3,47,0,0,34,34,442,439,1,26,187,1,1,1,393,441,430,1,1,1,1,324,1,2,61,253,368,199,2,62,305,339,True
Dayne Shor,158632,T,AKRON,4,100.0,0,102,60.5,26.4,71.2,1,1,18,100.0,100.0,88.9,0,3,1,37,0,0,37,37,20,20,0,0,17,0,16,1,1,294,469,88,303,145,377,2,6,489,1,224,333,388,4,28,198,388,376,376,38,301,418,156,True
Jubilee Siitia-Tasi,205212,G,NEW MEXICO,2,100.0,0,241,56.1,76.9,55.1,0,0,3,100.0,100.0,100.0,0,0,0,37,0,36,0,37,4,4,0,0,33,0,400,1,1,400,147,391,1,1,497,3,8,1,1,1,1,418,47,215,39,418,492,492,322,40,359,58,True
Jamill Williams,167243,WR,JVILLE ST,5,37.0,0,196,77.4,,71.4,0,0,0,0.0,0.0,,0,0,0,37,0,0,0,100,0,58,0,0,37,0,1,615,1,61,,84,1,1,76,76,80,,1,1,1,477,1,2,5,439,80,437,1,5,476,213,True
Javion Antai,204366,G,TULSA,3,100.0,0,320,57.2,51.0,57.0,0,0,18,100.0,100.0,100.0,0,0,0,37,0,36,0,37,20,20,0,0,17,0,284,1,1,376,424,355,1,1,396,3,8,1,1,1,1,418,47,215,39,418,393,393,322,40,448,58,True
Jarriett Buie,170146,WR,IOWA,2,52.1,0,192,64.2,,64.2,0,0,0,0.0,0.0,,1,0,0,37,0,0,0,71,0,34,0,0,37,0,735,173,1,361,,203,1,1,76,76,80,,550,1,1,477,1,2,5,557,80,574,1,5,476,213,True
Lynel Billups-Williams,171271,WR,MIAMI OH,4,31.1,1,221,67.3,,50.1,0,0,0,0.0,0.0,,1,0,0,37,0,0,0,119,0,82,0,0,37,0,38,724,768,256,,660,1,1,76,76,80,,550,1,1,477,1,2,5,364,80,293,1,5,476,213,True
Cyrus Traugh,171539,WR,W VIRGINIA,4,66.1,0,343,60.7,,63.8,0,0,0,0.0,0.0,,0,0,0,37,0,0,0,56,0,19,0,0,37,0,38,60,1,491,,209,1,1,76,76,80,,1,1,1,477,1,2,5,610,80,681,1,5,476,213,True
Jake Simpson,172336,TE,TEXAS ST,4,78.7,0,314,52.4,65.9,54.9,0,0,2,16.7,16.7,100.0,0,0,0,37,0,0,0,47,2,12,0,0,35,26,23,114,1,344,266,270,1,1,393,308,312,1,1,1,1,324,1,2,61,361,402,395,2,62,297,380,True
Jayvontay Conner,172510,TE,VANDERBILT,4,28.0,0,333,64.2,72.9,57.6,0,0,6,6.4,5.9,100.0,1,0,0,37,0,0,0,132,6,101,0,0,31,41,23,481,1,142,94,220,1,1,270,428,435,1,293,1,1,324,1,2,61,132,285,38,2,62,329,306,True
Gideon Davidson,199633,HB,CLEMSON,4,21.9,0,140,71.6,85.5,57.5,0,0,16,19.8,19.1,100.0,0,0,0,37,0,0,0,169,17,89,0,0,20,0,15,215,1,140,8,167,1,1,121,238,246,1,1,1,1,66,2,1,1,27,124,33,1,1,44,48,True
Darius Johnson,199224,WR,SYRACUSE,3,37.0,0,304,59.2,,33.2,0,0,0,0.0,0.0,,0,0,0,37,0,0,0,100,0,63,0,0,37,0,603,615,1,538,,791,1,1,76,76,80,,1,1,1,477,1,2,5,439,80,412,1,5,476,213,True
Hawkins Polley,174638,TE,BAYLOR,4,59.7,0,118,74.8,71.9,69.7,0,0,9,27.3,26.5,100.0,0,0,0,37,0,0,0,62,9,34,0,1,28,41,23,314,1,35,130,71,1,1,194,182,188,1,1,1,1,324,1,2,61,304,214,259,2,19,347,306,True
Will Monney,174765,TE,UTAH,4,64.9,0,328,39.8,35.9,46.2,0,1,5,20.8,20.0,90.0,1,1,0,37,0,0,0,57,5,25,0,1,32,41,23,249,1,471,425,409,1,371,301,253,271,423,293,329,1,324,1,2,61,322,307,312,2,19,322,306,True
Ayden Greene,174784,WR,VA TECH,3,33.3,0,337,62.8,,74.7,0,0,0,0.0,0.0,,1,0,0,37,0,0,0,111,0,74,0,0,37,0,603,684,1,412,,49,1,1,76,76,80,,550,1,1,477,1,2,5,399,80,341,1,5,476,213,True
Tate Nagy,198590,WR,KANSAS,3,46.3,0,198,70.2,,51.2,0,0,0,0.0,0.0,,0,0,0,37,0,0,0,80,0,42,0,0,37,0,603,302,1,193,,645,1,1,76,76,80,,1,1,1,477,1,2,5,520,80,526,1,5,476,213,True
Ousmane Kromah,198443,HB,FLORIDA ST,4,24.7,0,167,88.1,65.9,69.7,0,1,22,33.3,34.2,97.7,0,1,0,37,0,0,0,150,25,73,0,0,12,0,15,189,1,3,129,31,1,150,59,110,108,134,1,113,1,66,2,1,1,45,56,63,1,1,101,48,True
Lanear McCrary Jr.,181470,HB,GA STATE,4,27.0,0,175,74.5,87.1,54.2,0,0,13,25.0,26.8,100.0,0,0,0,37,0,0,0,137,15,56,0,0,22,0,15,159,1,94,3,227,1,1,156,190,180,1,1,1,1,66,2,1,1,66,144,129,1,1,39,48,True
Josiah Martin,183262,WR,N TEXAS,4,32.2,0,251,69.3,,56.0,0,0,0,0.0,0.0,,0,0,0,37,0,0,0,115,0,75,0,0,37,0,38,707,1,214,,566,1,1,76,76,80,,1,1,1,477,1,2,5,379,80,334,1,5,476,213,True
Jayden Scott,183347,HB,NC STATE,4,26.4,0,248,81.9,78.4,48.9,0,0,20,31.3,35.7,100.0,0,0,0,37,0,0,0,140,25,70,0,0,12,0,15,165,1,25,62,255,1,1,83,129,98,1,1,1,1,66,2,1,1,60,56,73,1,1,101,48,True
Dylan Raiola,183581,QB,OREGON,2,47.4,0,264,85.8,,60.0,0,0,0,0.0,0.0,,0,0,0,37,0,0,0,78,0,40,0,0,37,0,173,47,1,28,,78,1,1,18,18,20,,1,1,1,147,1,1,1,154,20,157,1,1,147,2,True
Ashton Bethel-Roman,191246,WR,TEXAS A&M,3,40.2,0,312,52.9,,53.4,0,0,0,0.0,0.0,,0,0,0,37,0,0,0,92,0,55,0,0,37,0,603,500,1,722,,604,1,1,76,76,80,,1,1,1,477,1,2,5,470,80,450,1,5,476,213,True
Jaden Reddell,184572,TE,GEORGIA,4,49.3,0,173,71.7,61.9,69.2,1,0,8,18.6,18.2,93.7,1,1,0,37,0,0,0,75,8,44,0,0,29,47,23,419,1,58,308,77,448,1,218,274,294,390,293,329,1,324,1,2,61,265,244,207,2,62,339,271,True
Johnnie Daniels,184755,HB,TULANE,4,33.9,0,319,78.9,66.5,81.3,0,1,21,42.0,44.4,92.9,0,2,1,37,0,0,0,109,24,54,0,0,13,0,15,80,1,47,125,3,1,150,71,51,48,223,1,216,248,66,2,1,1,122,64,141,1,1,91,48,True
Matt Fuller,190231,HB,S CAROLINA,4,21.9,1,289,67.9,54.7,55.6,1,2,20,23.0,22.3,87.5,3,4,1,37,0,0,0,169,21,94,0,0,16,0,15,215,278,188,174,210,239,243,83,211,219,266,284,272,248,66,2,1,1,27,89,25,1,1,67,48,True
Malachi Thomas,189541,TE,LSU,4,80.4,0,211,57.4,72.1,45.8,0,0,8,53.3,47.1,100.0,0,0,0,37,0,0,0,46,8,17,0,0,29,31,23,98,1,242,126,413,1,1,218,44,57,1,1,1,1,324,1,2,61,368,244,358,2,62,339,355,True
Jackson Gutierrez,189488,QB,NAVY,3,31.6,0,237,75.7,,60.4,0,0,0,0.0,0.0,,1,0,0,37,0,0,0,117,0,43,0,0,37,0,129,172,1,77,,6,1,1,18,18,20,,110,1,1,147,1,1,1,144,20,153,1,1,147,2,True
DeSean Bishop,174717,HB,TENNESSEE,4,25.9,0,307,81.0,54.1,75.3,0,1,26,36.6,38.8,94.2,0,2,1,36,0,0,0,139,31,80,0,0,5,0,15,172,1,29,177,13,1,150,39,87,75,211,1,216,248,72,2,1,1,62,27,48,1,1,224,48,True
Alton McCaskill,144253,HB,SM HOUSTON,4,25.0,0,281,62.6,49.6,50.2,0,2,25,28.4,29.0,96.0,0,2,0,36,0,0,0,144,27,93,0,0,9,0,15,188,1,246,192,247,1,243,45,159,161,183,1,216,1,72,2,1,1,55,42,28,1,1,148,48,True
Daniel Pierre Louis,204486,G,FLORIDA,3,100.0,0,163,78.2,40.6,81.9,1,1,15,100.0,100.0,93.3,0,2,0,36,0,21,0,36,15,15,15,0,21,0,284,1,1,16,468,3,374,171,410,3,8,492,1,230,1,420,47,248,39,420,413,413,269,40,413,58,True
Jahlil McClain,176467,WR,FRESNO ST,4,32.7,0,169,65.6,,65.7,0,0,0,0.0,0.0,,1,0,0,36,0,0,0,110,0,74,0,0,36,0,38,695,1,315,,181,1,1,76,76,80,,550,1,1,487,1,2,5,405,80,341,1,5,487,213,True
Justin Ruffin Jr.,198249,WR,C MICHIGAN,4,45.6,0,134,63.9,,59.4,0,0,0,0.0,0.0,,0,0,0,36,0,0,0,79,0,41,0,0,36,1,38,328,1,369,,464,1,1,76,76,80,,1,1,1,487,1,2,5,522,80,537,1,5,487,112,True
Evan Blouir,223311,TE,NAVY,3,72.0,0,237,75.3,62.6,57.3,0,0,1,11.1,11.1,100.0,0,0,0,36,0,0,0,50,1,9,0,0,35,5,353,183,1,31,302,226,1,1,430,396,397,1,1,1,1,332,1,2,61,349,433,421,2,62,297,483,True
Isaiah Mizell,198107,WR,ARIZONA,4,36.4,0,109,68.2,,49.9,0,0,0,0.0,0.0,,0,0,0,36,0,0,0,99,0,63,0,0,36,1,38,636,1,235,,664,1,1,76,76,80,,1,1,1,487,1,2,5,445,80,412,1,5,487,112,True
Sione Motuapuaka,199447,TE,UTAH,4,81.8,0,328,52.2,79.1,52.5,0,0,9,52.9,52.9,100.0,0,0,0,36,0,0,1,44,9,17,0,1,27,32,23,88,1,348,8,324,1,1,194,45,42,1,1,1,1,332,1,2,24,381,214,358,2,19,355,351,True
Dorian Patterson,218639,WR,NEW MEXICO,3,76.6,0,241,56.7,,61.5,0,0,0,0.0,0.0,,0,0,0,36,0,0,0,47,0,11,0,0,36,0,603,22,1,616,,305,1,1,76,76,80,,1,1,1,487,1,2,5,661,80,747,1,5,487,213,True
Gavin Crawford,205503,G,VA TECH,2,100.0,0,337,77.0,81.2,76.1,0,0,14,100.0,100.0,100.0,0,0,0,36,0,36,0,36,14,14,0,0,22,0,400,1,1,21,78,29,1,1,414,3,8,1,1,1,1,420,47,215,39,420,418,418,322,40,407,58,True
Jalen Likely,189796,HB,JVILLE ST,4,34.6,0,196,69.6,82.8,57.2,0,0,20,34.5,37.1,100.0,0,0,0,36,0,0,0,104,23,62,0,0,13,0,15,76,1,157,31,176,1,1,83,103,87,1,1,1,1,72,2,1,1,134,71,105,1,1,91,48,True
Messiah Hampton,215048,WR,OREGON,4,30.8,0,264,80.6,63.9,80.3,0,0,1,1.3,1.2,100.0,0,0,0,36,0,0,0,117,1,82,0,0,35,0,38,729,1,36,28,17,1,1,14,42,43,1,1,1,1,487,1,2,5,371,16,293,1,5,495,213,True
Judah Ezinwa,170510,TE,UTEP,4,63.2,0,330,52.6,83.2,55.5,0,0,2,9.1,8.7,100.0,0,0,0,36,0,0,0,57,2,23,0,0,34,25,23,266,1,338,2,260,1,1,393,408,417,1,1,1,1,332,1,2,61,322,402,329,2,62,305,388,True
Ryan McConnell,173481,TE,COLO STATE,3,90.0,0,144,60.3,70.1,64.3,0,0,2,33.3,33.3,100.0,0,0,0,36,0,0,0,40,2,6,0,0,34,7,353,40,1,200,175,136,1,1,393,127,128,1,1,1,1,332,1,2,61,400,402,454,2,62,305,482,True
Davis Dalton,163558,WR,SO MISS,2,37.9,0,296,66.7,,49.9,0,0,0,0.0,0.0,,0,0,0,36,0,0,0,95,0,59,0,0,36,0,735,585,1,275,,664,1,1,76,76,80,,1,1,1,487,1,2,5,456,80,427,1,5,487,213,True
Nikko Boncore,200230,WR,UTAH ST,4,31.9,0,329,56.4,68.0,71.4,0,0,2,2.7,2.5,100.0,0,0,0,36,0,0,0,113,2,79,0,0,34,2,38,714,1,626,9,84,1,1,5,17,17,1,1,1,1,487,1,2,5,391,5,309,1,5,506,73,True
Zack Marshall,174041,TE,MICHIGAN,4,60.0,0,222,52.7,64.7,63.2,0,0,8,26.7,27.3,100.0,1,0,0,36,0,0,0,60,9,33,0,0,27,44,23,310,1,337,283,152,1,1,218,187,182,1,293,1,1,332,1,2,61,313,214,266,2,62,355,285,True
Brayden Thompson,198910,T,MO STATE,2,100.0,0,230,39.5,0.0,59.5,0,4,10,100.0,100.0,80.0,1,4,0,36,0,0,0,36,12,12,0,36,24,0,379,1,1,487,490,290,1,332,407,2,6,492,232,270,1,394,4,28,315,394,401,402,38,204,373,156,True
Victor Snow,158249,WR,NC STATE,4,33.3,0,248,54.2,63.1,57.4,0,0,1,1.4,1.4,100.0,0,0,0,36,0,0,0,108,1,73,0,0,35,0,38,684,1,692,43,536,1,1,14,36,35,1,1,1,1,487,1,2,5,413,16,349,1,5,495,213,True
Traville Frederick Jr.,190808,TE,HOUSTON,4,80.0,0,182,52.2,59.1,63.3,0,1,6,42.9,40.0,91.7,0,1,0,36,0,0,0,45,6,15,0,0,30,33,23,99,1,348,327,151,1,371,270,72,94,411,1,329,1,332,1,2,61,376,285,375,2,62,333,344,True
Zhaiel Smith,205216,WR,NEW MEXICO,4,65.5,0,241,58.7,,41.3,0,0,0,0.0,0.0,,1,0,0,36,0,0,0,55,0,19,0,0,36,1,38,62,1,552,,764,1,1,76,76,80,,550,1,1,487,1,2,5,612,80,681,1,5,487,112,True
Aaron Dunn,199419,T,USC,4,100.0,0,326,64.9,58.6,64.7,0,0,15,100.0,100.0,93.3,0,1,1,36,0,0,5,36,15,15,0,31,21,0,16,1,1,197,323,184,1,1,387,2,6,465,1,112,333,394,4,28,287,394,387,387,38,215,388,156,True
Koby Howard,199913,WR,PENN STATE,3,38.3,0,266,93.0,,69.7,0,0,0,0.0,0.0,,0,0,0,36,0,0,0,94,0,56,0,0,36,1,603,568,1,3,,110,1,1,76,76,80,,1,1,1,487,1,2,5,459,80,446,1,5,487,112,True
Deontae Armstrong,183697,T,OHIO STATE,2,100.0,0,260,62.9,48.7,66.2,0,2,17,100.0,100.0,94.1,0,2,0,36,0,0,0,36,18,18,0,36,18,0,379,1,1,238,399,154,1,218,380,2,6,446,1,178,1,394,4,28,315,394,381,381,38,204,409,156,True
Isaiah Bryant,175220,HB,NAVY,3,59.0,0,237,55.4,,45.1,0,0,0,0.0,0.0,,1,0,0,36,0,0,0,61,0,18,0,0,36,6,232,19,1,275,,270,1,1,281,281,282,,236,1,1,72,2,1,1,238,282,266,1,1,13,9,True
Victor Rosa,158629,HB,OHIO,4,28.1,0,259,64.2,78.3,56.5,0,1,23,33.8,35.2,97.8,0,1,0,36,0,0,0,128,25,71,0,0,11,0,15,150,1,226,63,197,1,150,52,108,104,129,1,113,1,72,2,1,1,80,56,71,1,1,111,48,True
Brady Clough,190183,TE,BOSTON COL,2,41.9,1,121,52.0,56.2,49.7,0,1,4,7.7,7.4,87.5,1,1,0,36,0,0,0,86,4,54,0,0,32,54,442,456,465,353,345,365,1,371,332,422,423,442,293,329,1,332,1,2,61,237,341,165,2,62,322,244,True
Quintin Simmons,204991,WR,MIAMI OH,4,70.6,0,221,55.6,,61.9,0,0,0,0.0,0.0,,0,0,0,36,0,0,0,51,0,15,0,0,36,1,38,43,1,649,,277,1,1,76,76,80,,1,1,1,487,1,2,5,639,80,715,1,5,487,112,True
Tayte Vanderleest,171244,WR,C MICHIGAN,4,68.6,0,134,62.7,,67.0,0,0,0,0.0,0.0,,0,0,0,35,0,0,0,51,0,16,0,0,35,0,38,50,1,416,,161,1,1,76,76,80,,1,1,1,498,1,2,5,639,80,709,1,5,495,213,True
Gi'Bran Payne,156963,HB,CINCINNATI,4,24.6,0,138,64.6,77.1,48.8,0,0,17,23.6,24.3,100.0,0,0,0,35,0,0,0,142,18,74,0,0,17,0,15,193,1,220,71,257,1,1,110,207,205,1,1,1,1,77,2,1,1,57,111,61,1,1,62,48,True
Patrick Clacks III,188136,WR,BUFFALO,4,26.5,0,126,48.1,,49.6,0,0,0,0.0,0.0,,0,0,0,35,0,0,0,132,0,97,0,0,35,1,38,771,1,785,,669,1,1,76,76,80,,1,1,1,498,1,2,5,321,80,207,1,5,495,112,True
Sutton Smith,162530,HB,ARKANSAS,4,28.2,1,111,51.7,55.3,57.0,0,1,21,28.8,30.0,97.6,1,1,0,35,0,0,0,124,24,80,0,0,11,0,15,149,278,281,170,181,1,150,71,153,144,139,236,113,1,77,2,1,1,86,64,48,1,1,111,48,True
Aidan Armenta,175731,QB,LA MONROE,3,29.9,0,209,67.0,,60.0,0,0,0,0.0,0.0,,0,0,0,35,0,0,0,117,0,78,0,0,35,0,129,182,1,126,,78,1,1,18,18,20,,1,1,1,149,1,1,1,144,20,129,1,1,149,2,True
Dylan Edwards,171893,HB,KANSAS,3,29.7,0,198,72.0,54.6,53.8,0,2,8,13.6,14.8,87.5,0,2,0,35,0,0,0,118,9,61,0,0,26,0,232,122,1,136,175,232,1,243,230,270,269,266,1,216,1,77,2,1,1,103,227,109,1,1,28,48,True
Elijah Holmes,215228,QB,BUFFALO,2,31.0,0,126,78.9,,60.0,0,0,0,0.0,0.0,,1,0,0,35,0,0,0,113,0,72,0,0,35,0,173,177,1,60,,78,1,1,18,18,20,,110,1,1,149,1,1,1,147,20,136,1,1,149,2,True
Isaiah Ene,214583,HB,SACRAMENTO,5,31.3,0,279,69.4,81.3,56.9,1,0,24,36.9,37.0,97.9,0,1,0,35,0,0,0,112,27,73,0,0,8,0,1,106,1,160,44,185,239,1,50,84,89,127,1,113,1,77,2,1,1,115,42,63,1,1,162,48,True
Vlad Dyakonov,214524,T,USC,3,100.0,0,326,90.2,70.7,89.8,0,0,12,100.0,100.0,100.0,0,0,0,35,0,0,35,35,12,12,0,0,23,0,278,1,1,3,190,3,1,1,397,2,6,1,1,1,1,397,4,28,203,397,401,402,38,301,378,156,True
Josh Burrell,143875,TE,ARK STATE,4,47.3,0,113,60.8,69.8,61.0,0,0,5,11.6,11.4,100.0,0,0,0,35,0,0,0,74,5,44,0,0,30,46,23,434,1,187,180,174,1,1,301,392,395,1,1,1,1,339,1,2,61,269,307,207,2,62,333,275,True
Gavin Griffin,216313,HB,TROY,4,28.7,0,318,77.6,69.9,57.5,0,1,26,46.4,48.3,98.1,1,1,0,35,0,0,0,122,29,60,0,0,6,0,15,140,1,59,113,167,1,150,39,36,33,119,236,113,1,77,2,1,1,92,34,112,1,1,205,48,True
Jordan Scott,200308,WR,MARYLAND,4,60.3,0,215,63.3,,42.4,0,0,0,0.0,0.0,,0,0,0,35,0,0,0,58,0,23,0,0,35,0,38,94,1,391,,761,1,1,76,76,80,,1,1,1,498,1,2,5,599,80,652,1,5,495,213,True
Rod Robinson II,173542,HB,UAB,4,26.5,0,321,78.0,83.0,45.2,0,0,21,38.9,38.6,100.0,0,0,0,35,0,0,0,132,22,57,0,0,13,8,15,164,1,56,29,268,1,1,71,68,76,1,1,1,1,77,2,1,1,76,81,125,1,1,91,7,True
Jo Silver,164549,HB,DELAWARE,4,28.5,1,151,62.9,28.1,58.9,3,0,27,38.6,41.1,90.7,1,4,1,35,0,0,0,123,30,73,0,0,5,0,15,145,278,243,248,115,284,1,32,70,62,252,236,272,248,77,2,1,1,90,30,63,1,1,224,48,True
Steven Robinson,216219,HB,SO MISS,4,21.0,0,296,72.2,48.2,60.0,1,1,29,33.3,35.8,93.1,1,3,1,35,0,0,0,167,34,95,0,0,1,0,15,224,1,129,195,65,239,150,25,110,97,222,236,254,248,77,2,1,1,30,18,24,1,1,279,48,True
Ricky Ahumaraeze,176505,WR,NWESTERN,3,37.2,0,256,61.0,,53.3,0,0,0,0.0,0.0,,1,0,0,35,0,0,0,94,0,59,0,0,35,1,603,610,1,480,,606,1,1,76,76,80,,550,1,1,498,1,2,5,459,80,427,1,5,495,112,True
Eelijah Singleton,216212,WR,SO MISS,4,44.9,0,296,43.2,,41.3,0,0,0,0.0,0.0,,0,0,0,35,0,0,0,78,0,43,0,0,35,0,38,353,1,792,,764,1,1,76,76,80,,1,1,1,498,1,2,5,528,80,522,1,5,495,213,True
Kam Perry,156397,WR,COLORADO,4,50.0,0,143,54.3,,49.2,0,0,0,0.0,0.0,,0,0,0,35,0,0,0,70,0,34,0,0,35,1,38,209,1,688,,677,1,1,76,76,80,,1,1,1,498,1,2,5,559,80,574,1,5,495,112,True
Cynai Thomas,216148,WR,OREGON ST,4,38.5,0,265,60.8,,49.5,0,0,0,0.0,0.0,,1,0,0,35,0,0,0,91,0,56,0,0,35,0,38,562,1,489,,673,1,1,76,76,80,,550,1,1,498,1,2,5,476,80,446,1,5,495,213,True
Vincent Carner,215759,WR,UNLV,3,43.8,0,325,58.6,,60.3,0,0,0,0.0,0.0,,0,0,0,35,0,0,0,80,0,45,0,0,35,0,603,391,1,554,,405,1,1,76,76,80,,1,1,1,498,1,2,5,520,80,510,1,5,495,213,True
Tayvion Galloway,183718,TE,MIDDLE TN,4,48.6,0,224,46.3,37.0,58.9,0,0,6,14.0,15.9,100.0,1,0,0,35,0,0,0,72,7,44,0,0,28,62,23,425,1,426,422,201,1,1,270,352,329,1,293,1,1,339,1,2,61,277,259,207,2,62,347,207,True
Alex Payne,199410,T,VIRGINIA,2,100.0,0,335,65.5,82.7,59.9,0,0,14,100.0,100.0,100.0,0,0,0,35,0,0,35,35,14,14,0,0,21,0,379,1,1,186,37,283,1,1,391,2,6,1,1,1,1,397,4,28,203,397,392,392,38,301,388,156,True
Brandon White,163781,WR,KANSAS ST,4,25.2,0,199,63.5,,58.0,0,0,0,0.0,0.0,,0,0,0,35,0,0,0,139,0,98,0,0,35,0,38,779,1,379,,515,1,1,76,76,80,,1,1,1,498,1,2,5,296,80,200,1,5,495,213,True
Kyan Berry-Johnson,183651,WR,SM HOUSTON,4,35.4,0,281,71.8,,61.8,0,0,0,0.0,0.0,,1,0,0,34,0,0,0,96,0,62,0,0,34,0,38,653,1,144,,285,1,1,76,76,80,,550,1,1,507,1,2,5,451,80,415,1,5,506,213,True
Mikkel Skinner,204985,TE,KENTUCKY,4,55.7,0,202,84.5,46.3,73.2,0,0,4,14.8,14.3,100.0,1,0,0,34,0,0,0,61,4,28,0,0,30,33,23,357,1,9,393,41,1,1,332,342,353,1,293,1,1,341,1,2,61,308,341,287,2,62,333,344,True
Devin Alves,157652,WR,HAWAII,4,26.6,0,180,48.6,,63.4,0,0,0,0.0,0.0,,1,0,0,34,0,0,0,128,0,94,0,0,34,0,38,769,1,782,,216,1,1,76,76,80,,550,1,1,507,1,2,5,339,80,227,1,5,506,213,True
Davon Watkins,188268,T,MARYLAND,3,100.0,0,215,65.9,75.1,63.4,0,0,7,100.0,100.0,100.0,0,0,0,34,0,0,34,34,8,8,0,0,26,0,278,1,1,178,132,209,1,1,433,2,6,1,1,1,1,399,4,28,205,399,428,428,38,301,370,156,True
Grant Wayne,186453,TE,AIR FORCE,3,79.1,0,101,65.7,,64.9,0,0,0,0.0,0.0,,0,0,0,34,0,0,0,43,0,9,0,0,34,10,353,108,1,116,,127,1,1,459,459,459,,1,1,1,341,1,2,61,390,459,421,2,62,305,475,True
Zach Atkins,198297,TE,COLORADO,3,60.7,0,143,56.5,70.7,44.6,0,0,7,24.1,24.1,100.0,0,0,0,34,0,0,0,56,7,29,0,0,27,30,353,299,1,260,160,431,1,1,245,216,218,1,1,1,1,341,1,2,61,330,259,280,2,62,355,358,True
Julian Allen,171369,WR,UCONN,4,40.0,0,146,51.0,,49.2,0,0,0,0.0,0.0,,0,0,0,34,0,0,0,85,0,51,0,0,34,2,38,507,1,749,,677,1,1,76,76,80,,1,1,1,507,1,2,5,503,80,474,1,5,506,73,True
Damarion Witten,193195,WR,MIAMI OH,4,26.6,0,221,71.4,,49.3,0,0,0,0.0,0.0,,0,0,0,34,0,0,0,128,0,94,0,0,34,0,38,769,1,157,,676,1,1,76,76,80,,1,1,1,507,1,2,5,339,80,227,1,5,506,213,True
Jekail Middlebrook,170487,HB,VIRGINIA,4,32.7,0,335,68.1,43.8,56.3,0,3,21,41.2,42.3,92.9,1,3,0,34,0,0,0,104,22,52,0,0,12,0,15,96,1,184,208,201,1,273,71,59,55,223,236,254,1,85,2,1,1,134,81,149,1,1,101,48,True
Keyjuan Brown,174695,HB,LOUISVILLE,4,30.9,0,210,80.5,59.6,55.1,0,0,12,21.8,23.3,100.0,0,0,0,34,0,0,0,110,14,60,0,0,20,0,15,109,1,33,155,217,1,1,171,223,211,1,1,1,1,85,2,1,1,121,157,112,1,1,44,48,True
Josh Janowski,183519,C,IOWA,2,100.0,0,192,77.0,77.7,72.5,0,0,7,100.0,100.0,100.0,0,0,0,34,25,0,0,34,7,7,9,0,27,0,180,1,1,13,76,24,1,1,201,2,3,1,1,1,1,181,201,18,3,181,204,204,7,6,167,16,True
Dezmond Schuster,175956,G,ILLINOIS,3,100.0,0,187,65.4,54.8,66.1,0,0,12,100.0,100.0,100.0,0,0,0,34,0,0,0,34,14,14,24,10,20,0,284,1,1,162,394,138,1,1,427,3,8,1,1,1,1,422,47,327,39,422,418,418,237,13,421,58,True
Amareon Blue,198384,HB,E MICHIGAN,5,23.9,0,160,70.7,66.8,58.2,1,0,20,26.3,25.6,97.5,0,1,0,34,0,0,0,142,20,78,0,0,14,0,1,197,1,149,123,144,239,1,83,179,191,145,1,113,1,85,2,1,1,57,94,56,1,1,83,48,True
Robby Washington,170096,WR,COAST CAR,4,26.0,0,141,53.6,,47.6,0,0,0,0.0,0.0,,1,0,0,34,0,0,0,131,0,96,0,0,34,0,38,774,1,708,,702,1,1,76,76,80,,550,1,1,507,1,2,5,326,80,216,1,5,506,213,True
Hudson Chasko,164062,T,KENT STATE,2,100.0,0,201,37.5,69.2,48.3,0,1,10,100.0,100.0,95.0,2,1,0,34,0,0,14,34,10,10,0,20,24,0,379,1,1,489,204,469,1,145,407,2,6,419,348,112,1,399,4,28,266,399,411,412,38,243,373,156,True
Breck Kolojay,214548,G,USC,3,100.0,0,326,58.4,67.3,56.6,0,1,13,100.0,100.0,96.2,0,1,0,34,0,34,0,34,13,13,0,0,21,0,284,1,1,346,277,363,1,171,418,3,8,451,1,139,1,422,47,219,39,422,424,424,322,40,413,58,True
Brock Coffman,198705,WR,KENTUCKY,3,65.4,0,202,66.1,,50.5,0,0,0,0.0,0.0,,1,0,0,34,0,0,0,52,0,18,0,0,34,0,603,64,1,300,,654,1,1,76,76,80,,550,1,1,507,1,2,5,632,80,688,1,5,506,213,True
Triston Pierre,204759,T,C MICHIGAN,3,100.0,0,134,62.9,36.2,68.2,0,0,15,100.0,100.0,100.0,0,0,0,34,0,0,31,34,15,15,0,3,19,0,278,1,1,238,449,122,1,1,387,2,6,1,1,1,1,399,4,28,213,399,387,387,38,285,400,156,True
Jared Kelley,176116,WR,KENT STATE,4,50.0,0,201,49.2,,39.8,0,0,0,0.0,0.0,,1,0,0,34,0,0,0,68,0,33,0,0,34,0,38,209,1,778,,772,1,1,76,76,80,,550,1,1,507,1,2,5,567,80,585,1,5,506,213,True
Rashawn Cunningham,185141,WR,LIBERTY,4,65.4,0,206,53.3,,60.9,0,0,0,0.0,0.0,,0,0,0,34,0,0,0,52,0,18,0,0,34,0,38,64,1,717,,361,1,1,76,76,80,,1,1,1,507,1,2,5,632,80,688,1,5,506,213,True
Parker Livingstone,184512,WR,OKLAHOMA,4,46.6,0,261,60.9,,61.7,0,0,0,0.0,0.0,,1,0,0,34,0,0,0,73,0,39,0,0,34,0,38,295,1,485,,291,1,1,76,76,80,,550,1,1,507,1,2,5,551,80,549,1,5,506,213,True
Seth Smith,147696,T,S CAROLINA,4,100.0,0,289,67.6,79.3,64.2,0,0,10,100.0,100.0,100.0,0,0,0,34,0,0,33,34,11,11,0,0,23,1,16,1,1,145,63,194,1,1,407,2,6,1,1,1,1,399,4,28,208,399,405,405,38,301,378,95,True
Cam Thompson,159604,WR,N ILLINOIS,4,28.8,0,254,57.9,,47.2,0,0,0,0.0,0.0,,1,0,0,34,0,0,0,118,0,84,0,0,34,0,38,754,1,580,,706,1,1,76,76,80,,550,1,1,507,1,2,5,368,80,283,1,5,506,213,True
Asaad Waseem,171909,WR,PURDUE,4,26.2,0,273,83.4,,56.1,0,0,0,0.0,0.0,,0,0,0,34,0,0,0,130,0,96,0,0,34,0,38,773,1,25,,565,1,1,76,76,80,,1,1,1,507,1,2,5,332,80,216,1,5,506,213,True
Larenzo Fenner,177187,WR,CINCINNATI,4,47.9,1,138,69.1,,44.5,0,0,0,0.0,0.0,,2,0,0,34,0,0,0,71,0,37,0,0,34,0,38,262,768,220,,745,1,1,76,76,80,,743,1,1,507,1,2,5,557,80,555,1,5,506,213,True
Logan Bennett,183525,C,MARYLAND,3,100.0,0,215,62.1,74.7,60.3,0,0,7,100.0,100.0,100.0,0,0,0,34,34,0,0,34,8,8,0,0,26,0,126,1,1,143,117,145,1,1,201,2,3,1,1,1,1,181,177,18,3,181,199,199,21,6,171,16,True
TJ Lester,206265,HB,MARSHALL,4,50.0,0,214,73.6,85.6,43.0,0,0,7,35.0,44.0,100.0,0,0,0,34,0,0,0,68,11,25,0,0,23,0,15,31,1,107,7,279,1,1,243,97,50,1,1,1,1,85,2,1,1,225,200,255,1,1,37,48,True
Gage LaDue,198052,HB,AIR FORCE,3,70.8,0,101,73.3,31.0,77.5,1,0,9,64.3,60.0,94.4,0,1,0,34,0,0,0,48,9,15,0,0,25,0,232,12,1,113,239,8,239,1,216,14,17,203,1,113,1,85,2,1,1,264,227,271,1,1,30,48,True
Arvis Battle Jr.,200013,TE,TEXAS ST,3,73.9,0,314,63.6,,76.0,0,0,0,0.0,0.0,,0,0,0,34,0,0,0,46,0,12,0,0,34,24,353,161,1,147,,26,1,1,459,459,459,,1,1,1,341,1,2,61,368,459,395,2,62,305,397,True
Siosaia Lapuaho,213790,G,ARIZONA ST,2,100.0,0,110,68.7,79.5,66.9,0,0,6,100.0,100.0,100.0,0,0,0,34,0,15,0,34,7,7,17,0,27,0,400,1,1,92,101,126,1,1,465,3,8,1,1,1,1,422,47,271,39,422,460,461,264,40,382,58,True
LT Robinson,218052,WR,LA MONROE,4,39.1,0,209,57.9,,58.8,0,0,0,0.0,0.0,,0,0,0,34,0,0,0,87,0,53,0,0,34,0,38,543,1,580,,489,1,1,76,76,80,,1,1,1,507,1,2,5,493,80,462,1,5,506,213,True
TJ Horton,173999,HB,BALL ST,4,35.1,0,117,79.2,85.5,45.2,0,0,20,37.0,36.4,100.0,0,0,0,34,0,0,0,97,20,55,0,0,14,0,15,70,1,43,8,268,1,1,83,83,94,1,1,1,1,85,2,1,1,152,94,133,1,1,83,48,True
Jaxon Smolik,170299,QB,TEMPLE,3,45.3,0,306,48.3,,60.0,0,0,0,0.0,0.0,,0,0,0,34,0,0,0,75,0,38,0,0,34,0,129,57,1,190,,78,1,1,18,18,20,,1,1,1,151,1,1,1,156,20,159,1,1,151,2,True
Dylan Cope,213813,WR,VIRGINIA,3,87.2,0,335,57.9,,61.4,0,0,0,0.0,0.0,,0,0,0,34,0,0,0,39,0,5,0,0,34,0,603,7,1,580,,316,1,1,76,76,80,,1,1,1,507,1,2,5,706,80,782,1,5,506,213,True
Trey Cooley,144150,HB,WASHINGTON,4,35.1,0,340,47.5,48.2,57.8,1,2,27,40.9,40.9,90.7,0,4,1,33,0,0,0,94,27,66,0,0,6,0,15,70,1,285,195,157,239,243,32,60,63,252,1,272,248,91,2,1,1,162,42,92,1,1,205,48,True
Isiah St. Romain,191997,WR,N DAK ST,3,44.6,0,250,50.3,,47.1,0,0,0,0.0,0.0,,0,0,0,33,0,0,0,74,0,41,0,0,33,0,603,358,1,762,,709,1,1,76,76,80,,1,1,1,521,1,2,5,547,80,537,1,5,521,213,True
Jeremiah Ware,207858,WR,GA SOUTHRN,4,29.7,0,174,70.8,,54.1,0,0,0,0.0,0.0,,1,0,0,33,0,0,0,111,0,78,0,0,33,3,38,743,1,172,,594,1,1,76,76,80,,550,1,1,521,1,2,5,399,80,314,1,5,521,48,True
Derek Osman,159336,C,UCLA,3,100.0,0,324,57.8,77.7,56.1,0,0,9,100.0,100.0,100.0,0,0,0,33,32,0,0,33,10,10,0,0,23,0,126,1,1,186,76,195,1,1,191,2,3,1,1,1,1,183,179,18,3,183,191,191,21,6,181,16,True
Jordan Martin,190105,WR,TEXAS ST,4,61.1,0,314,70.1,,62.6,0,0,0,0.0,0.0,,0,0,0,33,0,0,0,54,0,21,0,0,33,0,38,89,1,195,,239,1,1,76,76,80,,1,1,1,521,1,2,5,619,80,661,1,5,521,213,True
Malik Knight,159944,WR,PITTSBURGH,2,38.4,0,268,64.5,,69.1,0,0,0,0.0,0.0,,2,0,0,33,0,0,0,86,0,53,0,0,33,0,735,564,1,357,,125,1,1,76,76,80,,743,1,1,521,1,2,5,496,80,462,1,5,521,213,True
Mike Burton,162134,TE,UCONN,4,97.1,0,146,44.6,71.8,43.3,0,0,6,85.7,85.7,100.0,0,0,0,33,0,0,0,34,6,7,0,0,27,27,23,10,1,443,134,442,1,1,270,7,7,1,1,1,1,345,1,2,61,416,285,439,2,62,355,373,True
Rusty VanWetzinga IV,170177,TE,C MICHIGAN,2,70.2,0,134,56.1,71.7,76.1,0,0,7,33.3,33.3,100.0,2,0,0,33,0,0,0,47,7,21,0,0,26,43,442,204,1,268,137,24,1,1,245,127,128,1,439,1,1,345,1,2,61,361,259,337,2,62,367,290,True
Kari Ashley,170062,TE,TCU,4,26.6,0,305,74.9,47.7,54.8,0,1,9,9.1,9.0,94.4,0,1,0,33,0,0,0,124,9,100,0,0,24,56,23,482,1,34,386,274,1,371,194,408,414,377,1,329,1,345,1,2,61,150,214,42,2,62,384,233,True
Milan Parris,216983,WR,MIAMI FL,3,61.1,0,220,55.6,,61.9,0,0,0,0.0,0.0,,0,0,0,33,0,0,0,54,0,21,0,0,33,0,603,89,1,649,,277,1,1,76,76,80,,1,1,1,521,1,2,5,619,80,661,1,5,521,213,True
Gus McGee,146140,TE,CHARLOTTE,3,58.9,0,136,41.7,31.1,50.9,0,0,3,12.0,17.9,100.0,2,0,0,33,0,0,0,56,5,28,0,0,28,30,353,319,1,466,446,344,1,1,357,383,300,1,439,1,1,345,1,2,61,330,307,287,2,62,347,358,True
Jason Jeffares,172216,TE,CHARLOTTE,4,40.2,0,136,59.7,50.6,56.2,0,1,8,14.8,15.5,93.7,0,1,0,33,0,0,0,82,9,58,0,0,24,28,23,463,1,204,373,246,1,371,218,342,336,390,1,329,1,345,1,2,61,248,214,151,2,62,384,370,True
Steven Blanco,197913,HB,LA LAFAYET,4,34.0,0,207,67.3,24.9,55.7,0,2,10,21.7,25.5,80.0,0,3,1,33,0,0,0,97,13,51,0,0,20,2,15,79,1,194,260,209,1,243,202,225,192,277,1,254,248,91,2,1,1,152,174,152,1,1,44,21,True
Marshall Pritchett,198085,TE,ALABAMA,4,40.2,0,103,79.4,72.8,73.1,0,0,6,12.0,11.1,100.0,1,0,0,33,0,0,0,82,6,54,0,0,27,42,23,463,1,16,101,42,1,1,270,383,397,1,293,1,1,345,1,2,61,248,285,165,2,62,355,300,True
Austin Leibfried,188670,C,INDIANA,3,100.0,0,190,59.4,75.8,57.6,0,0,8,100.0,100.0,100.0,0,0,0,33,22,0,0,33,8,8,0,0,25,11,126,1,1,173,101,180,1,1,196,2,3,1,1,1,1,183,203,18,3,183,199,199,21,6,174,2,True
Vance Bolyard,170039,TE,TULANE,4,71.7,0,319,46.2,68.3,59.6,0,0,2,14.3,13.3,100.0,2,0,0,33,0,0,0,46,2,15,0,0,31,41,23,189,1,428,223,190,1,1,393,348,370,1,439,1,1,345,1,2,61,368,402,375,2,62,329,306,True
Dameon Crowe,216308,WR,TEXAS ST,3,73.3,0,314,74.8,,61.8,0,0,0,0.0,0.0,,0,0,0,33,0,0,0,45,0,12,0,0,33,0,603,31,1,100,,285,1,1,76,76,80,,1,1,1,521,1,2,5,668,80,741,1,5,521,213,True
Shane Rosenthal,204526,WR,UCLA,4,60.0,0,324,51.4,,50.0,0,0,0,0.0,0.0,,0,0,0,33,0,0,0,55,0,22,0,0,33,0,38,95,1,744,,662,1,1,76,76,80,,1,1,1,521,1,2,5,612,80,659,1,5,521,213,True
Curtis Kimmons IV,220405,HB,UMASS,4,33.7,0,216,80.5,73.9,72.4,0,1,14,31.8,30.6,96.4,0,1,0,33,0,0,0,98,15,49,0,0,18,0,15,85,1,33,91,20,1,150,142,125,136,170,1,113,1,91,2,1,1,151,144,162,1,1,56,48,True
JT Taggart,200310,TE,MARYLAND,4,75.0,0,215,47.0,69.1,43.5,0,0,4,30.8,31.3,100.0,1,0,0,33,0,0,0,44,5,16,0,0,28,37,23,146,1,418,199,441,1,1,332,159,151,1,293,1,1,345,1,2,61,381,307,369,2,62,347,333,True
Taz Williams Jr.,200110,WR,BAYLOR,2,51.6,0,118,57.1,,61.8,0,0,0,0.0,0.0,,0,0,0,33,0,0,0,64,0,31,0,0,33,0,735,184,1,607,,285,1,1,76,76,80,,1,1,1,521,1,2,5,574,80,596,1,5,521,213,True
Micah Mays Jr.,176078,WR,FLORIDA,3,53.2,0,163,55.3,,70.9,0,0,0,0.0,0.0,,0,0,0,33,0,0,0,62,0,29,0,0,33,0,603,156,1,665,,92,1,1,76,76,80,,1,1,1,521,1,2,5,582,80,608,1,5,521,213,True
Trevor Pay,189652,C,BYU,2,100.0,0,128,73.1,72.4,69.1,0,0,3,100.0,100.0,100.0,0,0,0,33,32,1,0,33,3,3,0,0,30,0,180,1,1,35,131,50,1,1,223,2,3,1,1,1,1,183,179,16,3,183,224,224,21,6,165,16,True
Logan Reichert,175911,T,MISSOURI,1,100.0,0,229,61.3,71.6,58.5,0,0,11,100.0,100.0,100.0,1,0,0,33,0,0,0,33,11,11,0,33,22,0,455,1,1,278,174,307,1,1,403,2,6,1,232,1,1,403,4,28,315,403,405,405,38,210,385,156,True
Bodey McCaslin,189689,T,IOWA,2,100.0,0,192,63.1,64.5,61.7,0,0,6,100.0,100.0,100.0,0,0,0,33,0,0,30,33,6,6,3,0,27,0,379,1,1,234,270,240,1,1,442,2,6,1,1,1,1,403,4,28,214,403,443,443,25,301,365,156,True
TJ Chukwurah,179153,WR,N TEXAS,5,56.9,0,251,80.4,,61.2,0,0,0,0.0,0.0,,0,0,0,33,0,0,0,58,0,24,0,0,33,0,1,117,1,37,,337,1,1,76,76,80,,1,1,1,521,1,2,5,599,80,643,1,5,521,213,True
Leo Kemp,175757,FB,BOWL GREEN,4,91.7,0,122,75.7,67.4,71.7,0,0,1,50.0,50.0,100.0,0,0,0,33,0,0,0,36,1,2,0,0,32,7,1,3,1,2,3,3,1,1,5,5,5,1,1,1,1,3,1,1,1,4,5,6,2,1,2,1,True
Luca Wolf,215641,TE,TENNESSEE,2,73.3,0,307,70.0,62.5,66.0,0,0,10,47.6,47.6,100.0,0,0,0,33,0,0,0,45,10,21,0,0,23,22,442,168,1,73,304,114,1,1,173,58,56,1,1,1,1,345,1,2,61,376,188,337,2,62,388,409,True
Ju'Juan Johnson,184458,HB,SYRACUSE,2,35.9,0,304,64.1,50.6,60.0,2,0,27,45.0,45.5,96.3,0,2,0,33,0,0,0,92,30,66,0,0,3,0,276,67,1,228,187,65,280,1,32,42,45,174,1,216,1,91,2,1,1,167,30,92,1,1,259,48,True
Brock Glenn,170335,QB,W KENTUCKY,5,24.1,0,346,62.0,,60.1,0,0,0,0.0,0.0,,0,0,0,33,0,0,0,137,0,69,0,0,33,0,1,198,1,149,,34,1,1,18,18,20,,1,1,1,152,1,1,1,137,20,140,1,1,152,2,True
Caleb Goodie Sr.,173459,WR,MISSOURI,4,42.3,0,229,40.9,,61.1,0,0,0,0.0,0.0,,1,0,0,33,0,0,0,78,0,45,0,0,33,0,38,436,1,793,,346,1,1,76,76,80,,550,1,1,521,1,2,5,528,80,510,1,5,521,213,True
Trevor Gibbs,214626,TE,INDIANA,2,75.0,0,190,55.0,75.0,57.9,0,0,5,33.3,35.3,100.0,0,0,0,33,0,0,0,44,6,17,0,0,27,29,442,146,1,295,48,216,1,1,301,127,121,1,1,1,1,345,1,2,61,381,285,358,2,62,355,362,True
Koby Keenum,175153,C,MEMPHIS,2,100.0,0,218,68.9,76.4,65.8,0,0,9,100.0,100.0,100.0,0,0,0,33,30,0,0,33,9,9,0,0,24,0,180,1,1,67,92,74,1,1,191,2,3,1,1,1,1,183,185,18,3,183,194,194,21,6,178,16,True
Michael Masunas,158390,TE,TEXAS,4,80.5,1,311,56.2,69.3,65.1,0,0,3,27.3,27.3,100.0,1,0,0,33,0,0,0,41,3,11,0,0,30,38,23,97,465,266,191,124,1,1,357,182,182,1,293,1,1,345,1,2,61,397,368,403,2,62,333,324,True
Zach Mundell,163208,WR,ARMY,3,63.5,0,114,84.7,,49.6,0,0,0,0.0,0.0,,0,0,0,33,0,0,0,52,0,12,0,0,33,3,603,73,1,18,,669,1,1,76,76,80,,1,1,1,521,1,2,5,632,80,741,1,5,521,48,True
Qumonte Williams Jr.,203984,WR,BOISE ST,4,71.1,0,120,59.2,,73.3,0,0,0,0.0,0.0,,0,0,0,32,0,0,0,45,0,13,0,0,32,0,38,41,1,538,,65,1,1,76,76,80,,1,1,1,533,1,2,5,668,80,732,1,5,533,213,True
Tobi Olawole,170999,TE,ARMY,2,82.1,0,114,71.1,,64.5,0,0,0,0.0,0.0,,1,0,0,32,0,0,0,39,0,7,0,0,32,26,442,85,1,62,,134,1,1,459,459,459,,293,1,1,356,1,2,61,403,459,439,2,62,322,380,True
Kamari Maxwell,200491,WR,SM HOUSTON,4,39.0,0,281,70.3,,81.4,0,0,0,0.0,0.0,,1,0,0,32,0,0,0,82,0,50,0,0,32,0,38,544,1,190,,12,1,1,76,76,80,,550,1,1,533,1,2,5,510,80,484,1,5,533,213,True
Cincere Rhaney,188822,HB,SACRAMENTO,4,34.8,0,279,73.8,52.1,57.3,1,0,23,45.1,47.3,97.8,0,1,0,32,0,0,0,92,26,55,0,0,6,0,15,72,1,103,183,173,239,1,52,40,37,129,1,113,1,95,2,1,1,167,50,133,1,1,205,48,True
Jimmy Walls,179236,T,SM HOUSTON,2,100.0,0,281,64.4,44.1,67.8,0,0,14,100.0,100.0,92.9,0,1,1,32,0,0,0,32,14,14,0,32,18,0,379,1,1,204,422,132,1,1,391,2,6,471,1,112,333,405,4,28,315,405,392,392,38,213,409,156,True
Triston Morgan,194787,HB,KENNESAW,4,46.4,0,200,63.3,64.0,56.8,0,1,22,52.4,50.0,97.7,0,1,0,32,0,0,0,69,23,46,0,0,9,0,15,35,1,238,136,189,1,150,59,26,29,134,1,113,1,95,2,1,1,223,71,175,1,1,148,48,True
Caden High,196883,WR,STANFORD,3,28.1,0,300,75.1,,61.3,0,0,0,0.0,0.0,,1,0,0,32,0,0,0,114,0,81,0,0,32,0,603,760,1,90,,327,1,1,76,76,80,,550,1,1,533,1,2,5,384,80,301,1,5,533,213,True
Jamal Polite Jr.,218364,WR,IOWA STATE,3,42.7,0,193,49.8,,44.6,0,0,0,0.0,0.0,,0,0,0,32,0,0,0,75,0,43,0,0,32,0,603,422,1,770,,743,1,1,76,76,80,,1,1,1,533,1,2,5,542,80,522,1,5,533,213,True
King Miller,197654,HB,USC,5,19.8,0,326,77.5,66.6,59.9,0,1,25,33.3,32.9,98.0,0,1,0,32,0,0,0,162,25,76,0,0,7,0,1,232,1,61,124,78,1,150,45,110,117,124,1,113,1,95,2,1,1,34,56,59,1,1,179,48,True
Alan Pond,216337,G,TULSA,3,100.0,0,320,49.7,47.4,48.9,0,2,14,100.0,100.0,92.9,0,2,0,32,0,31,0,32,15,15,0,0,17,0,284,1,1,480,443,480,1,295,414,3,8,495,1,230,1,425,47,224,39,425,413,413,322,40,448,58,True
Theo Elwell,189483,TE,NAVY,2,80.0,0,237,49.1,67.1,62.1,0,0,2,25.0,20.0,100.0,0,0,0,32,0,0,3,40,2,10,0,3,30,32,442,99,1,393,250,162,1,1,393,198,271,1,1,1,1,356,1,2,11,400,402,414,2,6,333,351,True
Aidan O'Callaghan,192664,TE,MEMPHIS,4,50.8,0,218,55.9,32.3,37.7,0,0,6,18.2,18.4,100.0,0,0,0,32,0,0,0,63,7,38,0,0,25,10,23,406,1,273,442,473,1,1,270,281,292,1,1,1,1,356,1,2,61,301,259,240,2,62,374,475,True
Devontae Armstrong,183698,G,MIAMI OH,2,100.0,0,221,73.7,52.4,73.5,0,1,6,100.0,100.0,91.7,0,1,0,32,0,0,0,32,6,6,32,0,26,0,400,1,1,40,412,47,1,171,465,3,8,500,1,139,1,425,47,327,39,425,468,468,217,40,388,58,True
DeShawn Spencer,215919,WR,AUBURN,4,35.2,0,115,67.8,,55.4,0,0,0,0.0,0.0,,0,0,0,32,0,0,0,91,0,59,0,0,32,5,38,657,1,247,,576,1,1,76,76,80,,1,1,1,533,1,2,5,476,80,427,1,5,533,25,True
Darius Johnson,175999,HB,NC STATE,4,80.0,0,248,68.5,73.0,65.0,0,0,4,40.0,40.0,100.0,0,0,0,32,0,0,0,40,4,10,0,0,28,3,15,6,1,179,93,51,1,1,268,63,67,1,1,1,1,95,2,1,1,274,268,277,1,1,21,17,True
Elijah Jones,188191,WR,CINCINNATI,4,68.1,0,138,53.5,,54.1,0,0,0,0.0,0.0,,0,0,0,32,0,0,0,47,0,15,0,0,32,0,38,51,1,711,,594,1,1,76,76,80,,1,1,1,533,1,2,5,661,80,715,1,5,533,213,True
Anthony Miller,175984,TE,ARIZONA ST,3,91.4,0,110,50.7,63.6,50.7,0,1,8,72.7,75.0,93.7,0,1,0,32,0,0,0,35,9,12,0,0,23,33,353,29,1,375,295,348,1,371,218,17,14,390,1,329,1,356,1,2,61,412,214,395,2,62,388,344,True
Will Nolan,189690,T,IOWA,2,100.0,0,192,75.4,77.8,71.9,0,0,4,100.0,100.0,100.0,0,0,0,32,0,0,3,32,4,4,0,29,28,0,379,1,1,51,92,82,1,1,462,2,6,1,1,1,1,405,4,28,294,405,464,465,38,218,359,156,True
Makhilyn Young,156935,HB,VANDERBILT,4,31.7,0,333,74.5,83.3,56.4,0,0,14,28.6,26.9,100.0,0,0,0,32,0,0,0,101,14,52,0,0,18,0,15,101,1,94,23,199,1,1,142,156,179,1,1,1,1,95,2,1,1,143,157,149,1,1,56,48,True
Bryson Graves,175806,WR,DELAWARE,4,25.6,0,151,55.6,,70.9,0,0,0,0.0,0.0,,1,0,0,32,0,0,0,125,0,92,0,0,32,1,38,777,1,649,,92,1,1,76,76,80,,550,1,1,533,1,2,5,347,80,237,1,5,533,112,True
BJ Tolo,175687,C,UNLV,4,100.0,0,325,57.5,40.6,60.0,0,1,15,100.0,100.0,90.0,0,2,1,32,30,0,0,32,16,16,2,0,16,0,7,1,1,187,223,148,1,90,179,2,3,230,1,120,198,187,185,18,3,187,178,178,12,6,203,16,True
Amarion Jackson,214647,WR,PENN STATE,4,69.6,0,266,63.3,,60.6,0,0,0,0.0,0.0,,0,0,0,32,0,0,0,46,0,13,0,0,32,0,38,46,1,391,,388,1,1,76,76,80,,1,1,1,533,1,2,5,665,80,732,1,5,533,213,True
Owen Anderson,158195,TE,UMASS,4,72.7,0,216,56.7,67.5,62.5,0,0,2,18.2,20.0,100.0,0,0,0,32,0,0,0,44,3,15,0,0,29,39,23,176,1,254,234,158,1,1,393,281,271,1,1,1,1,356,1,2,61,381,368,375,2,62,339,321,True
Bredell Richardson,183851,WR,TULANE,4,47.1,0,319,71.9,,61.4,0,0,0,0.0,0.0,,0,0,0,32,0,0,0,68,0,36,0,0,32,0,38,277,1,142,,316,1,1,76,76,80,,1,1,1,533,1,2,5,567,80,564,1,5,533,213,True
Cedric Anton,175044,TE,SACRAMENTO,2,72.7,0,279,48.3,69.9,55.5,0,0,6,40.0,33.3,100.0,0,0,0,32,0,0,0,44,6,18,0,0,26,38,442,176,1,402,178,260,1,1,270,96,128,1,1,1,1,356,1,2,61,381,285,353,2,62,367,324,True
Amari Latimer,214111,HB,W VIRGINIA,4,49.2,0,343,73.7,76.5,60.6,0,0,5,31.3,35.3,100.0,0,0,0,32,0,0,0,65,6,17,0,0,26,0,15,33,1,106,75,60,1,1,261,129,102,1,1,1,1,95,2,1,1,232,260,268,1,1,28,48,True
Ethan Trent,174973,C,PURDUE,3,100.0,0,273,63.9,80.7,59.8,0,0,14,100.0,100.0,100.0,0,0,0,32,29,0,0,32,15,15,0,0,17,3,126,1,1,119,44,150,1,1,181,2,3,1,1,1,1,187,188,18,3,187,180,180,21,6,197,8,True
Caleb Hawkins,199001,HB,OKLA STATE,4,15.7,0,262,72.6,43.4,58.8,0,1,20,19.2,20.2,97.5,0,1,0,32,0,0,0,204,22,109,0,0,10,0,15,274,1,124,211,121,1,150,83,242,238,145,1,113,1,95,2,1,1,7,81,12,1,1,128,48,True
Javian Goo,207796,G,ARIZONA,2,100.0,0,109,75.0,81.9,74.7,0,0,13,100.0,100.0,100.0,0,0,0,32,0,29,0,32,14,14,0,0,18,3,400,1,1,32,66,40,1,1,418,3,8,1,1,1,1,425,47,229,39,425,418,418,322,40,431,13,True
Ryan Boultwood,190180,TE,S JOSE ST,3,69.6,0,285,51.4,48.7,56.8,0,0,3,17.6,17.6,100.0,0,0,0,32,0,0,0,46,3,17,0,0,29,26,353,208,1,363,381,237,1,1,357,294,305,1,1,1,1,356,1,2,61,368,368,358,2,62,339,380,True
Jerome Williams,173427,G,MINNESOTA,2,100.0,0,225,69.5,79.2,68.0,0,0,11,100.0,100.0,100.0,0,0,0,32,0,32,0,32,11,11,0,0,21,0,400,1,1,76,107,109,1,1,431,3,8,1,1,1,1,425,47,221,39,425,437,437,322,40,413,58,True
Grant Hollier,204912,TE,GA STATE,4,32.3,0,175,52.9,71.9,49.2,0,0,3,4.5,4.3,100.0,1,0,0,32,0,0,0,99,3,70,0,0,29,65,23,478,1,332,130,375,1,1,357,442,444,1,293,1,1,356,1,2,61,209,368,118,2,62,339,199,True
Lane Wadle,184299,TE,CHARLOTTE,3,80.0,0,136,65.4,73.8,69.9,0,0,6,42.9,42.9,100.0,1,0,0,32,0,0,0,40,6,14,0,0,26,27,353,99,1,120,70,69,1,1,270,72,72,1,293,1,1,356,1,2,61,400,285,382,2,62,367,373,True
Manny Covey,173029,HB,MEMPHIS,4,37.2,0,218,70.3,56.6,59.0,0,0,27,62.8,63.0,96.3,0,1,1,32,0,0,0,86,29,46,0,0,3,0,15,60,1,152,164,111,1,1,32,16,14,174,1,113,248,95,2,1,1,180,34,175,1,1,259,48,True
Malik Agbo,163837,T,W VIRGINIA,3,100.0,0,343,58.9,75.3,57.3,0,0,5,100.0,100.0,100.0,0,0,0,32,0,0,25,32,5,5,0,0,27,7,278,1,1,321,127,339,1,1,452,2,6,1,1,1,1,405,4,28,225,405,452,453,38,301,365,19,True
Justice Haynes,172379,HB,GA TECH,4,16.7,0,176,80.6,72.8,59.4,0,1,23,22.5,22.0,97.8,0,1,0,32,0,0,0,192,24,109,0,0,8,1,15,265,1,30,94,96,1,150,52,212,223,129,1,113,1,95,2,1,1,12,64,12,1,1,162,26,True
Jeffrey Overton Jr.,200026,HB,VA TECH,4,18.8,0,337,80.6,74.4,73.2,0,0,13,15.3,15.7,100.0,0,0,0,32,0,0,0,170,14,89,0,0,18,0,15,245,1,30,86,16,1,1,156,264,264,1,1,1,1,95,2,1,1,25,157,33,1,1,56,48,True
Mark Handy,204158,C,MINNESOTA,2,100.0,0,225,62.5,77.7,59.9,0,0,11,100.0,100.0,100.0,0,0,0,32,32,0,0,32,11,11,0,0,21,0,180,1,1,131,76,149,1,1,187,2,3,1,1,1,1,187,179,18,3,187,187,187,21,6,186,16,True
Jordan Lovett,172356,HB,TROY,4,33.3,0,318,62.8,50.4,54.7,2,1,22,41.5,43.9,93.2,0,3,0,32,0,0,0,96,25,57,0,0,7,0,15,88,1,244,189,223,280,150,59,57,51,221,1,254,1,95,2,1,1,159,56,125,1,1,179,48,True
Malachi Coleman,170221,WR,WISCONSIN,3,42.1,0,349,64.8,,46.1,0,0,0,0.0,0.0,,0,0,0,32,0,0,0,76,0,44,0,0,32,0,603,444,1,349,,725,1,1,76,76,80,,1,1,1,533,1,2,5,536,80,515,1,5,533,213,True
Witt Edwards,188513,TE,MO STATE,4,55.4,0,230,49.7,73.2,53.2,0,0,2,8.0,10.7,100.0,1,0,0,31,0,0,0,56,3,28,0,0,28,26,23,362,1,385,86,313,1,1,393,419,403,1,293,1,1,365,1,2,61,330,368,287,2,62,347,380,True
Trelain Maddox,183219,HB,GA TECH,4,35.6,0,176,68.4,62.5,38.8,0,1,7,16.3,14.9,92.9,0,1,0,31,0,0,0,87,7,47,0,0,24,8,15,68,1,180,143,281,1,150,243,260,268,223,1,113,1,106,2,1,1,177,248,171,1,1,34,7,True
Cam Abshire,204197,WR,UCONN,4,41.3,0,146,55.9,,62.0,0,0,0,0.0,0.0,,0,0,0,31,0,0,0,75,0,44,0,0,31,0,38,469,1,638,,272,1,1,76,76,80,,1,1,1,543,1,2,5,542,80,515,1,5,543,213,True
James Jones,190015,HB,NEW MEX ST,5,18.7,0,242,77.0,65.2,59.3,0,1,22,29.3,30.4,97.7,1,1,0,31,0,0,0,166,24,79,0,0,7,0,1,246,1,66,133,101,1,150,59,146,142,134,236,113,1,106,2,1,1,31,64,53,1,1,179,48,True
Will Tompkins,198562,G,PENN STATE,2,100.0,0,266,68.0,76.9,65.7,0,0,6,100.0,100.0,100.0,0,0,0,31,10,21,0,31,6,6,0,0,25,0,400,1,1,102,147,143,1,1,465,3,8,1,1,1,1,429,27,248,39,429,468,468,322,40,394,58,True
Tyren Hornes,214162,WR,UCF,4,49.2,0,323,63.0,,65.2,0,0,0,0.0,0.0,,1,0,0,31,0,0,0,63,0,32,0,0,31,0,38,231,1,407,,187,1,1,76,76,80,,550,1,1,543,1,2,5,577,80,588,1,5,543,213,True
TK Keys,215660,WR,TENNESSEE,4,53.4,0,307,54.5,,60.2,0,0,0,0.0,0.0,,0,0,0,31,0,0,0,58,0,27,0,0,31,0,38,153,1,681,,412,1,1,76,76,80,,1,1,1,543,1,2,5,599,80,619,1,5,543,213,True
Jude James,190220,TE,MISSOURI,4,70.5,0,229,61.3,71.9,74.6,0,0,4,23.5,23.5,100.0,0,0,0,31,0,0,0,44,4,17,0,0,27,19,23,198,1,181,130,33,1,1,332,223,225,1,1,1,1,365,1,2,61,381,341,358,2,62,355,431,True
Khamari Anderson,175134,TE,ARIZONA ST,3,49.2,0,110,58.8,72.6,66.9,0,0,11,26.8,25.6,100.0,0,0,0,31,0,0,0,63,11,43,0,0,20,25,353,420,1,219,109,96,1,1,148,185,191,1,1,1,1,365,1,2,61,301,166,216,2,62,418,388,True
Brian Kortovich,199916,TE,PENN STATE,3,83.8,0,266,39.4,73.8,37.3,0,0,3,33.3,33.3,100.0,0,0,0,31,0,0,0,37,3,9,0,0,28,26,353,77,1,474,70,475,1,1,357,127,128,1,1,1,1,365,1,2,61,406,368,421,2,62,347,380,True
Grady Brosterhous,156379,QB,UTAH ST,4,15.1,0,329,44.4,62.2,60.2,0,0,1,0.8,0.7,100.0,1,0,0,31,0,0,0,205,1,140,0,0,30,0,6,202,1,196,1,20,1,1,1,12,15,1,110,1,1,153,1,1,1,104,1,50,1,1,153,2,True
Torrance Burgess Jr.,163031,HB,TEXAS ST,4,25.8,0,314,87.4,85.0,57.2,0,0,22,46.8,46.9,100.0,0,0,0,31,0,0,0,120,23,49,0,0,8,0,15,175,1,4,12,176,1,1,59,34,40,1,1,1,1,106,2,1,1,95,71,162,1,1,162,48,True
Elijah Porter,188428,HB,N ILLINOIS,4,40.8,0,254,68.2,75.2,59.5,0,0,27,49.1,50.0,96.3,0,1,1,31,0,0,0,76,28,56,0,0,3,0,15,45,1,183,81,90,1,1,32,31,29,174,1,113,248,106,2,1,1,207,38,129,1,1,259,48,True
Gibson Pyle,183580,G,NEBRASKA,3,100.0,0,238,56.5,81.1,53.1,0,0,14,100.0,100.0,100.0,0,0,0,31,0,0,0,31,14,14,31,0,17,0,284,1,1,389,82,428,1,1,414,3,8,1,1,1,1,429,47,327,39,429,418,418,219,40,448,58,True
Quinten Young,218554,C,KENT STATE,2,100.0,0,201,56.5,81.4,54.6,0,0,9,100.0,100.0,100.0,0,0,0,31,18,12,0,31,9,9,1,0,22,0,180,1,1,191,38,205,1,1,191,2,3,1,1,1,1,190,213,8,3,190,194,194,14,6,183,16,True
Brennan Wooten,171410,TE,W MICHIGAN,4,70.5,0,347,51.2,67.5,55.1,0,0,3,21.4,23.5,100.0,0,0,0,31,0,0,0,44,4,17,0,0,27,42,23,198,1,368,234,265,1,1,357,247,225,1,1,1,1,365,1,2,61,381,341,358,2,62,355,300,True
Terry Bussey,191251,WR,TEXAS A&M,2,37.8,0,312,63.3,,34.8,0,0,0,0.0,0.0,,0,0,0,31,0,0,0,82,0,47,0,0,31,0,735,586,1,391,,788,1,1,76,76,80,,1,1,1,543,1,2,5,510,80,500,1,5,543,213,True
Makhi Frazier,190321,HB,OLE MISS,3,39.7,0,226,65.8,79.0,57.3,0,1,20,45.5,42.0,97.5,0,1,0,31,0,0,0,78,21,50,0,0,10,0,232,50,1,209,57,173,1,150,83,38,60,145,1,113,1,106,2,1,1,202,89,158,1,1,128,48,True
Rodney Nelson,170887,HB,MIAMI OH,4,46.3,0,221,60.2,62.4,60.0,0,1,26,76.5,77.8,98.1,0,1,0,31,0,0,0,67,28,36,0,0,3,2,15,36,1,260,145,65,1,150,39,8,6,119,1,113,1,106,2,1,1,228,38,220,1,1,259,21,True
Zay Robinson,204074,WR,PENN STATE,4,53.4,0,266,75.1,,54.4,0,0,0,0.0,0.0,,0,0,0,31,0,0,0,58,0,27,0,0,31,0,38,153,1,90,,587,1,1,76,76,80,,1,1,1,543,1,2,5,599,80,619,1,5,543,213,True
Zy'marion Lang,190132,WR,UCONN,4,49.2,0,146,49.4,,62.1,0,0,0,0.0,0.0,,1,0,0,31,0,0,0,63,0,32,0,0,31,0,38,231,1,775,,260,1,1,76,76,80,,550,1,1,543,1,2,5,577,80,588,1,5,543,213,True
Jamari Hawkins,162523,WR,ARKANSAS,4,30.4,0,111,55.4,,48.8,0,0,0,0.0,0.0,,1,0,0,31,0,0,0,102,0,70,0,0,31,1,38,736,1,661,,683,1,1,76,76,80,,550,1,1,543,1,2,5,430,80,372,1,5,543,112,True
Shane King,199208,TE,ARIZONA,3,44.9,0,109,51.8,34.1,70.0,0,1,6,14.0,13.6,91.7,0,1,0,31,0,0,0,69,6,44,0,0,25,45,353,444,1,359,435,67,1,371,270,352,365,411,1,329,1,365,1,2,61,287,285,207,2,62,374,280,True
Juice Vereen,170383,TE,COLO STATE,4,23.7,0,144,52.3,69.8,69.3,0,0,3,3.0,3.8,100.0,1,0,0,31,0,0,0,131,4,104,0,0,27,47,23,483,1,346,180,76,1,1,357,453,447,1,293,1,1,365,1,2,61,135,341,33,2,62,355,271,True
Kahlil Stewart,204298,C,SYRACUSE,2,100.0,0,304,60.2,61.1,59.4,0,2,15,100.0,100.0,93.3,0,2,0,31,31,0,0,31,15,15,0,0,16,0,180,1,1,165,185,156,1,140,179,2,3,229,1,120,1,190,182,18,3,190,180,180,21,6,203,16,True
Leo Pulalasi,176689,HB,WASH STATE,4,40.8,0,341,61.7,35.9,43.8,0,0,5,14.3,15.8,100.0,1,0,0,31,0,0,0,76,6,38,0,0,25,6,15,45,1,253,231,276,1,1,261,267,263,1,236,1,1,106,2,1,1,207,260,204,1,1,30,9,True
Scottre Humphrey,176767,HB,NEW MEXICO,4,27.4,0,241,72.9,48.3,56.9,0,2,14,45.2,42.1,92.9,0,2,0,31,0,0,0,113,16,38,0,0,15,0,15,155,1,120,194,185,1,243,142,39,56,223,1,216,1,106,2,1,1,112,132,204,1,1,73,48,True
Ameer Ross,200016,G,TEXAS ST,3,100.0,0,314,53.1,35.4,55.2,0,1,11,100.0,100.0,95.5,0,1,0,31,13,16,0,31,12,12,2,0,19,0,284,1,1,440,479,389,1,171,431,3,8,471,1,139,1,429,22,267,39,429,431,431,306,40,425,58,True
Caleb Nitta,174796,C,OKLAHOMA,1,100.0,0,261,72.2,78.2,68.2,0,0,12,100.0,100.0,100.0,0,0,0,31,31,0,0,31,13,13,0,0,18,0,212,1,1,39,69,58,1,1,183,2,3,1,1,1,1,190,182,18,3,190,183,183,21,6,192,16,True
Landry Cannon,169973,G,ARK STATE,3,100.0,0,113,66.8,67.4,66.1,0,1,10,100.0,100.0,95.0,0,1,0,31,0,0,0,31,10,10,31,0,21,0,284,1,1,131,275,138,1,171,438,3,8,477,1,139,1,429,47,327,39,429,441,441,219,40,413,58,True
Fame Ijeboi,184725,HB,PURDUE,4,17.1,0,273,84.0,78.0,58.9,0,1,24,24.7,25.0,97.9,0,1,0,30,0,0,0,175,26,104,0,0,4,0,15,262,1,13,65,115,1,150,50,202,195,127,1,113,1,114,2,1,1,18,50,18,1,1,241,48,True
Telly Johnson Jr.,188420,HB,N ILLINOIS,4,17.5,0,254,73.0,67.6,77.6,0,1,26,25.0,24.8,98.1,0,1,0,30,0,0,0,171,27,109,0,0,3,0,15,257,1,117,121,7,1,150,39,190,203,119,1,113,1,114,2,1,1,24,42,12,1,1,259,48,True
Emory Williams,170099,QB,E CAROLINA,3,34.1,0,156,50.5,,60.0,0,0,0,0.0,0.0,,0,0,0,30,0,0,0,88,0,52,0,0,30,0,129,158,1,186,,78,1,1,18,18,20,,1,1,1,154,1,1,1,152,20,146,1,1,153,2,True
Chase Mideau,218581,C,MO STATE,1,100.0,0,230,61.3,81.0,64.9,0,0,6,100.0,100.0,100.0,1,0,0,30,18,12,0,30,6,6,0,0,24,0,212,1,1,155,41,85,1,1,210,2,3,1,110,1,1,193,213,8,3,193,210,210,21,6,178,16,True
Donovan Murph,205382,WR,S CAROLINA,4,31.9,0,289,63.8,,40.7,0,0,0,0.0,0.0,,0,0,0,30,0,0,0,94,0,64,0,0,30,0,38,714,1,371,,768,1,1,76,76,80,,1,1,1,550,1,2,5,459,80,405,1,5,550,213,True
Zion Robinson,218877,WR,STANFORD,4,29.1,0,300,58.6,,58.6,0,0,0,0.0,0.0,,0,0,0,30,0,0,0,103,0,73,0,0,30,0,38,749,1,554,,498,1,1,76,76,80,,1,1,1,550,1,2,5,428,80,349,1,5,550,213,True
Immanuel Iheanacho,223930,T,OREGON,1,100.0,0,264,74.7,65.4,74.5,0,1,12,100.0,100.0,95.8,0,1,0,30,0,0,30,30,13,13,0,0,17,0,455,1,1,56,260,56,1,145,397,2,6,388,1,112,1,408,4,28,214,408,395,396,38,301,418,156,True
John Ohnegian,159726,C,WAKE,1,100.0,0,339,66.5,80.6,69.2,0,0,17,100.0,100.0,100.0,1,0,0,30,29,0,0,30,19,19,1,0,11,0,212,1,1,90,45,48,1,1,176,2,3,1,110,1,1,193,188,18,3,193,173,173,14,6,222,16,True
Christian Cromer,205162,FB,NAVY,3,78.9,0,237,53.8,30.8,60.3,0,1,8,80.0,76.9,81.2,0,2,1,30,0,0,0,38,10,13,0,0,20,0,3,5,1,5,4,5,1,6,1,3,3,5,1,6,6,4,1,1,1,3,1,2,2,1,4,5,True
Brady Rhoads,193139,TE,CHARLOTTE,4,76.9,0,136,48.8,73.0,56.2,0,0,2,18.2,18.2,100.0,1,0,0,30,0,0,0,39,2,11,0,0,28,19,23,132,1,396,91,246,1,1,393,281,294,1,293,1,1,372,1,2,61,403,402,403,2,62,347,431,True
Khamani Alexander,190388,HB,CHARLOTTE,4,25.2,0,136,67.8,72.7,73.1,1,0,21,31.3,32.9,97.6,1,1,0,30,0,0,0,119,24,73,0,0,6,0,15,185,1,190,96,17,239,1,71,129,117,139,236,113,1,114,2,1,1,99,64,63,1,1,205,48,True
Cameron Dickey,184897,HB,TEXAS TECH,4,21.4,0,315,68.8,51.2,33.3,0,2,21,27.3,29.1,95.2,0,2,0,30,0,0,0,140,23,79,0,0,7,0,15,220,1,174,185,283,1,243,71,172,160,191,1,216,1,114,2,1,1,60,71,53,1,1,179,48,True
Keylen Davis,163067,G,PITTSBURGH,2,100.0,0,268,69.2,82.0,67.3,0,0,16,100.0,100.0,100.0,0,0,0,30,0,0,0,30,18,18,30,0,12,0,400,1,1,81,65,118,1,1,407,3,8,1,1,1,1,433,47,327,39,433,401,401,223,40,483,58,True
Trell Harris,163133,WR,OKLAHOMA,2,39.0,0,261,67.3,,50.4,0,0,0,0.0,0.0,,0,0,0,30,0,0,0,77,0,47,0,0,30,0,735,544,1,256,,657,1,1,76,76,80,,1,1,1,550,1,2,5,533,80,500,1,5,550,213,True
TaRon Francis,199751,WR,W VIRGINIA,4,73.2,0,343,54.5,,63.1,0,0,0,0.0,0.0,,0,0,0,30,0,0,0,41,0,10,0,0,30,1,38,32,1,681,,221,1,1,76,76,80,,1,1,1,550,1,2,5,692,80,751,1,5,550,112,True
Will Henderson III,190255,HB,UTSA,4,19.9,0,331,81.4,22.9,72.6,1,3,23,25.6,27.1,91.3,0,4,0,30,0,0,0,151,26,96,0,0,4,0,15,231,1,28,266,19,239,273,52,186,174,245,1,272,1,114,2,1,1,42,50,23,1,1,241,48,True
Rodney Gallagher III,173178,WR,ARIZONA,4,38.0,0,109,63.8,,48.4,0,0,0,0.0,0.0,,1,0,0,30,0,0,0,79,0,49,0,0,30,0,38,580,1,371,,689,1,1,76,76,80,,550,1,1,550,1,2,5,522,80,487,1,5,550,213,True
DJ Black,158111,WR,S CAROLINA,3,33.0,0,289,58.3,,54.7,0,0,0,0.0,0.0,,0,0,0,30,0,0,0,91,0,61,0,0,30,0,603,690,1,567,,582,1,1,76,76,80,,1,1,1,550,1,2,5,476,80,420,1,5,550,213,True
AJ Szymanski,170206,TE,MARYLAND,4,57.7,0,215,54.3,52.6,52.0,0,0,4,18.2,15.4,100.0,0,0,0,30,0,0,1,52,4,26,0,0,26,39,23,337,1,310,363,332,1,1,332,281,339,1,1,1,1,372,1,2,24,341,341,302,2,62,367,321,True
Tanner Rubinstein,198646,TE,TOLEDO,3,88.2,0,316,53.5,66.9,55.3,0,0,1,20.0,20.0,100.0,0,0,0,30,0,0,0,34,1,5,0,0,29,32,353,51,1,322,252,263,1,1,430,258,271,1,1,1,1,372,1,2,61,416,433,461,2,62,339,351,True
Bryce Baker,199821,QB,VA TECH,2,58.8,0,337,85.6,,61.2,0,0,0,0.0,0.0,,0,0,0,30,0,0,0,51,0,20,0,0,30,0,173,16,1,30,,2,1,1,18,18,20,,1,1,1,154,1,1,1,169,20,175,1,1,153,2,True
Javion Kinnard,204805,HB,S DIEGO ST,4,26.8,0,284,72.7,72.8,57.8,0,1,20,46.5,46.9,97.5,0,1,0,30,0,0,0,112,23,49,0,0,7,0,15,161,1,123,94,157,1,150,83,35,40,145,1,113,1,114,2,1,1,115,71,162,1,1,179,48,True
Re'Shaun Sanford II,173055,HB,HOUSTON,4,27.0,0,182,75.3,52.4,50.2,0,1,17,29.3,29.0,97.1,0,1,0,30,0,0,0,111,18,62,0,0,12,0,15,159,1,88,182,247,1,150,110,146,161,158,1,113,1,114,2,1,1,119,111,105,1,1,101,48,True
Caleb Heavner,215230,QB,MIAMI OH,3,62.5,0,221,60.3,,60.0,0,0,0,0.0,0.0,,0,0,0,30,0,0,0,48,0,11,0,0,30,0,129,11,1,159,,78,1,1,18,18,20,,1,1,1,154,1,1,1,172,20,187,1,1,153,2,True
Demetri Manning,199875,G,OREGON,1,100.0,1,264,66.0,26.6,70.6,0,0,12,100.0,100.0,91.7,1,1,1,30,0,0,0,30,13,13,30,0,17,0,480,1,475,148,493,70,1,1,427,3,8,500,266,139,399,433,47,327,39,433,424,424,223,40,448,58,True
Justin Royes,194617,G,UCF,3,100.0,0,323,53.0,80.9,48.7,0,0,12,100.0,100.0,100.0,0,0,0,30,0,22,0,30,13,13,8,0,17,0,284,1,1,445,85,481,1,1,427,3,8,1,1,1,1,433,47,244,39,433,424,424,293,40,448,58,True
Heze Kent,215838,TE,FLORIDA,3,88.2,0,163,32.3,34.8,39.5,0,1,5,55.6,55.6,90.0,0,1,0,30,0,0,0,34,5,9,0,0,25,34,353,51,1,481,430,466,1,371,301,37,38,423,1,329,1,372,1,2,61,416,307,421,2,62,374,339,True
Cade Wolford,188243,WR,CINCINNATI,3,60.0,0,138,67.2,,69.2,0,0,0,0.0,0.0,,0,0,0,30,0,0,0,50,0,20,0,0,30,0,603,95,1,260,,123,1,1,76,76,80,,1,1,1,550,1,2,5,645,80,667,1,5,550,213,True
Rashad Smith,220582,G,UTEP,2,100.0,0,330,57.7,49.6,57.8,0,1,10,100.0,100.0,95.0,0,1,0,30,0,0,0,30,12,12,30,0,18,0,400,1,1,363,431,324,1,171,438,3,8,477,1,139,1,433,47,327,39,433,431,431,223,40,431,58,True
Quanell Farrakhan Jr.,198299,WR,COLORADO,4,36.1,0,143,65.3,,40.2,0,0,0,0.0,0.0,,0,0,0,30,0,0,0,83,0,53,0,0,30,0,38,642,1,331,,770,1,1,76,76,80,,1,1,1,550,1,2,5,507,80,462,1,5,550,213,True
De'Andre Tamarez,166545,WR,MARSHALL,3,40.5,0,214,63.6,,59.1,0,0,0,0.0,0.0,,2,0,0,30,0,0,0,74,0,44,0,0,30,0,603,488,1,378,,477,1,1,76,76,80,,743,1,1,550,1,2,5,547,80,515,1,5,550,213,True
Gavin Parkhurst,200020,QB,TEXAS ST,2,66.7,0,314,52.3,,60.0,0,0,0,0.0,0.0,,0,0,0,30,0,0,0,45,0,12,0,0,30,0,173,7,1,181,,78,1,1,18,18,20,,1,1,1,154,1,1,1,175,20,185,1,1,153,2,True
Trent Mitchell,183366,G,NC STATE,3,100.0,0,248,68.0,43.8,69.0,0,0,8,100.0,100.0,100.0,0,0,0,30,0,12,6,30,8,8,3,9,22,0,284,1,1,102,456,91,1,1,451,3,8,1,1,1,1,433,47,280,18,433,452,452,302,15,407,58,True
Carter Eck,190036,TE,NEVADA,4,88.2,0,239,45.3,70.3,47.1,0,0,3,50.0,42.9,100.0,0,0,0,30,0,0,0,34,3,7,0,0,27,33,23,51,1,436,172,402,1,1,357,49,72,1,1,1,1,372,1,2,61,416,368,439,2,62,355,344,True
Davion Gause,183328,HB,NC STATE,4,29.1,0,248,67.8,32.4,67.0,0,1,18,28.1,28.8,91.7,0,2,1,30,0,0,0,103,19,66,0,0,11,0,15,133,1,190,235,40,1,150,99,162,165,239,1,216,248,114,2,1,1,136,99,92,1,1,111,48,True
Luke Sivon,203957,WR,AKRON,2,40.5,0,102,55.4,,49.0,0,0,0,0.0,0.0,,0,0,0,30,0,0,0,74,0,44,0,0,30,1,735,488,1,661,,681,1,1,76,76,80,,1,1,1,550,1,2,5,547,80,515,1,5,550,112,True
Reggie Frischknecht,203997,WR,BYU,3,56.6,0,128,64.1,,69.9,0,0,0,0.0,0.0,,0,0,0,30,0,0,0,53,0,23,0,0,30,0,603,122,1,365,,108,1,1,76,76,80,,1,1,1,550,1,2,5,624,80,652,1,5,550,213,True
Johnathan Bush,200058,C,WYOMING,1,100.0,0,351,69.2,79.8,65.3,0,0,16,100.0,100.0,100.0,0,0,0,30,30,0,0,30,16,16,0,0,14,0,212,1,1,65,53,82,1,1,177,2,3,1,1,1,1,193,185,18,3,193,178,178,21,6,209,16,True
Nana Burris,149719,WR,ARK STATE,4,54.5,0,113,57.5,,48.3,0,0,0,0.0,0.0,,0,0,0,30,0,0,0,55,0,24,0,0,30,0,38,141,1,594,,690,1,1,76,76,80,,1,1,1,550,1,2,5,612,80,643,1,5,550,213,True
Dyzier Carter,216973,WR,RUTGERS,4,42.9,0,278,55.4,,57.9,0,0,0,0.0,0.0,,0,0,0,30,0,0,0,70,0,40,0,0,30,0,38,416,1,661,,523,1,1,76,76,80,,1,1,1,550,1,2,5,559,80,544,1,5,550,213,True
Matt Smith,98287,TE,SM HOUSTON,4,52.7,0,281,37.6,70.4,37.1,0,0,6,20.0,21.2,100.0,0,0,0,29,0,0,0,55,7,33,0,0,22,35,23,390,1,477,170,477,1,1,270,258,257,1,1,1,1,377,1,2,61,333,259,266,2,62,400,335,True
Elvin Harris,176866,T,NEW MEXICO,3,100.0,0,241,65.8,66.2,64.6,0,1,8,100.0,100.0,93.7,0,1,0,29,0,4,0,29,9,9,7,18,20,0,278,1,1,179,245,186,1,145,426,2,6,450,1,112,1,409,4,10,315,410,421,421,19,248,393,156,True
Adam Mohammed,183644,HB,CAL,4,15.1,0,130,78.5,49.9,76.1,0,0,17,16.8,20.5,94.1,1,1,1,29,0,0,0,192,23,112,0,0,6,0,15,276,1,51,191,10,1,1,110,257,234,212,236,113,248,122,2,1,1,12,71,8,1,1,205,48,True
Demick Starling,123792,WR,UTAH ST,4,25.2,0,329,62.7,,74.1,0,0,0,0.0,0.0,,0,0,0,29,0,0,0,115,0,86,0,0,29,0,38,779,1,416,,55,1,1,76,76,80,,1,1,1,563,1,2,5,379,80,274,1,5,563,213,True
Delvin Morris,176273,T,KANSAS ST,2,100.0,0,199,82.7,77.5,78.9,0,0,6,100.0,100.0,100.0,0,0,0,29,0,0,0,29,6,6,0,29,23,0,379,1,1,17,97,23,1,1,442,2,6,1,1,1,1,409,4,28,315,410,443,443,38,218,378,156,True
Darius Copeland,174926,WR,LIBERTY,4,40.3,0,206,71.5,,60.1,0,0,0,0.0,0.0,,0,0,0,29,0,0,0,72,0,42,0,0,29,0,38,495,1,154,,421,1,1,76,76,80,,1,1,1,563,1,2,5,552,80,526,1,5,563,213,True
Ethan Davis,174722,TE,TENNESSEE,2,58.0,0,307,56.9,73.9,55.5,0,0,3,13.6,12.5,100.0,0,0,0,29,0,0,0,50,3,24,0,0,26,15,442,330,1,250,68,260,1,1,357,361,376,1,1,1,1,377,1,2,61,349,368,321,2,62,367,457,True
Logan Mauldin,122348,TE,CHARLOTTE,4,41.4,0,136,43.2,74.1,34.9,0,0,6,13.3,18.0,100.0,1,0,0,29,0,0,0,70,9,50,0,0,20,25,23,459,1,453,64,479,1,1,270,363,298,1,293,1,1,377,1,2,61,284,214,184,2,62,418,388,True
Dramodd Odoms,199161,T,SMU,2,100.0,0,287,58.7,83.6,49.2,0,0,18,100.0,100.0,100.0,0,0,0,29,0,0,28,29,19,19,0,0,10,0,379,1,1,327,31,461,1,1,377,2,6,1,1,1,1,409,4,28,217,410,380,380,38,301,482,156,True
Cyncir Bowers,199540,HB,UCONN,4,30.9,0,146,80.1,39.6,54.4,1,1,18,34.6,35.2,94.4,0,2,0,29,0,0,0,94,19,54,0,0,10,1,15,109,1,36,224,225,239,150,99,101,104,203,1,216,1,122,2,1,1,162,99,141,1,1,128,26,True
Payton Kirkland,173160,T,UAB,1,96.7,0,321,39.7,22.2,41.1,0,0,9,90.0,90.9,100.0,0,0,0,29,0,0,25,30,10,11,0,0,19,1,455,491,1,486,478,490,1,1,417,490,490,1,1,1,1,409,4,28,225,408,411,405,38,301,400,95,True
Kedrick Reescano,172525,HB,ARIZONA,4,21.5,0,109,72.1,79.6,43.9,0,0,20,25.0,24.1,100.0,1,0,0,29,0,0,0,135,20,83,0,0,9,0,15,219,1,133,54,275,1,1,83,190,206,1,236,1,1,122,2,1,1,70,94,43,1,1,148,48,True
Lamar White,190776,WR,UAB,4,82.9,0,321,60.3,,60.3,0,0,0,0.0,0.0,,0,0,0,29,0,0,0,35,0,6,0,0,29,2,38,10,1,503,,405,1,1,76,76,80,,1,1,1,563,1,2,5,731,80,774,1,5,563,73,True
Samuel Harris,200065,HB,WYOMING,4,23.6,0,351,71.0,81.9,57.0,0,0,14,21.5,21.2,100.0,0,0,0,29,0,0,0,123,14,66,0,0,15,1,15,200,1,147,38,181,1,1,142,228,226,1,1,1,1,122,2,1,1,90,157,92,1,1,73,26,True
Duke Watson,190596,HB,UCF,4,25.7,0,323,69.8,26.8,55.3,0,1,16,28.6,28.8,96.9,2,1,0,29,0,0,0,113,17,59,0,0,12,0,15,177,1,155,253,215,1,150,121,156,165,163,276,113,1,122,2,1,1,112,124,119,1,1,101,48,True
Travis Smith Jr.,200185,WR,TENNESSEE,4,46.0,0,307,51.0,,61.2,0,0,0,0.0,0.0,,1,0,0,29,0,0,0,63,0,34,0,0,29,0,38,311,1,749,,337,1,1,76,76,80,,550,1,1,563,1,2,5,577,80,574,1,5,563,213,True
Josiah Abdullah,200272,WR,VIRGINIA,4,50.0,0,335,64.5,,58.5,0,0,0,0.0,0.0,,0,0,0,29,0,0,0,58,0,29,0,0,29,1,38,209,1,357,,503,1,1,76,76,80,,1,1,1,563,1,2,5,599,80,608,1,5,563,112,True
TJ Engleman Jr.,184620,HB,E CAROLINA,4,34.5,0,156,73.4,59.7,59.3,0,1,18,45.0,46.5,97.2,0,1,0,29,0,0,0,84,20,43,0,0,9,0,15,77,1,111,153,101,1,150,99,42,42,152,1,113,1,122,2,1,1,185,94,184,1,1,148,48,True
Kainoa Carvalho,204038,WR,HAWAII,4,21.2,0,180,66.9,,59.9,0,0,0,0.0,0.0,,0,0,0,29,0,0,0,137,0,108,0,0,29,0,38,789,1,265,,436,1,1,76,76,80,,1,1,1,563,1,2,5,301,80,142,1,5,563,213,True
Scott Becker,167643,C,RICE,1,100.0,0,275,59.9,70.3,59.2,0,0,2,100.0,100.0,100.0,0,0,0,29,29,0,0,29,2,2,0,0,27,0,212,1,1,169,143,158,1,1,226,2,3,1,1,1,1,196,188,18,3,196,226,226,21,6,167,16,True
DeBraun Hampton,190271,WR,BAYLOR,3,45.3,0,118,55.6,,58.7,0,0,0,0.0,0.0,,0,0,0,29,0,0,0,64,0,35,0,0,29,0,603,337,1,649,,494,1,1,76,76,80,,1,1,1,563,1,2,5,574,80,569,1,5,563,213,True
Jalen Moss,163408,WR,ARIZONA ST,3,40.3,0,110,53.5,,33.1,0,0,0,0.0,0.0,,0,0,0,29,0,0,0,72,0,43,0,0,29,0,603,495,1,711,,792,1,1,76,76,80,,1,1,1,563,1,2,5,552,80,522,1,5,563,213,True
Luke Moga,184857,QB,NEW MEXICO,4,40.8,0,241,57.2,,60.0,0,0,0,0.0,0.0,,1,0,0,29,0,0,0,71,0,41,0,0,29,0,6,98,1,172,,78,1,1,18,18,20,,110,1,1,158,1,1,1,160,20,156,1,1,158,2,True
Bryson Williams,205056,WR,MICH STATE,4,59.2,0,223,49.3,,65.9,0,0,0,0.0,0.0,,0,0,0,29,0,0,0,49,0,20,0,0,29,0,38,101,1,777,,178,1,1,76,76,80,,1,1,1,563,1,2,5,649,80,667,1,5,563,213,True
Trey Johnson,163108,WR,BOWL GREEN,4,48.3,0,122,56.4,,60.7,0,0,0,0.0,0.0,,0,0,0,29,0,0,0,60,0,31,0,0,29,0,38,254,1,626,,380,1,1,76,76,80,,1,1,1,563,1,2,5,591,80,596,1,5,563,213,True
Hayden Bradley,205080,TE,OLE MISS,4,93.5,0,226,70.8,73.8,70.7,0,0,10,83.3,83.3,100.0,0,0,0,29,0,0,0,31,10,12,0,0,19,23,23,21,1,67,70,59,1,1,173,9,10,1,1,1,1,377,1,2,61,428,188,395,2,62,426,403,True
Lucky Sutton,158807,HB,S DIEGO ST,3,29.0,0,284,68.4,88.2,59.6,0,0,21,47.7,50.0,100.0,0,0,0,29,0,0,0,100,26,52,0,0,3,0,232,134,1,180,1,87,1,1,71,33,29,1,1,1,1,122,2,1,1,146,50,149,1,1,259,48,True
Brody Keefe,213491,WR,DUKE,3,50.9,0,154,59.8,,61.5,0,0,0,0.0,0.0,,0,0,0,29,0,0,0,57,0,28,0,0,29,0,603,196,1,515,,305,1,1,76,76,80,,1,1,1,563,1,2,5,605,80,615,1,5,563,213,True
Tyler Knaak,158492,G,NEBRASKA,4,100.0,0,238,70.6,80.2,69.2,0,0,11,100.0,100.0,100.0,0,0,0,29,0,28,0,29,11,11,1,0,18,0,18,1,1,66,91,88,1,1,431,3,8,1,1,1,1,438,47,230,39,438,437,437,311,40,431,58,True
Jonas Williams,214568,QB,USC,3,60.4,0,326,75.5,,60.0,0,0,0,0.0,0.0,,0,0,0,29,0,0,0,48,0,17,0,0,29,0,129,15,1,78,,78,1,1,18,18,20,,1,1,1,158,1,1,1,172,20,178,1,1,158,2,True
KD Mosley,186328,TE,JAMES MAD,4,60.4,0,197,61.9,34.4,67.4,0,1,6,26.1,26.9,91.7,0,1,0,29,0,0,0,48,7,26,0,0,22,33,23,305,1,170,432,94,1,371,270,192,186,411,1,329,1,377,1,2,61,356,259,302,2,62,400,344,True
Tron Baker,214660,WR,USC,5,38.7,0,326,69.2,,58.6,0,0,0,0.0,0.0,,0,0,0,29,0,0,0,75,0,46,0,0,29,1,1,556,1,215,,498,1,1,76,76,80,,1,1,1,563,1,2,5,542,80,508,1,5,563,112,True
Savion Hiter,215612,HB,MICHIGAN,4,30.5,0,222,67.9,79.2,53.2,0,0,11,31.4,30.6,100.0,0,0,0,29,0,0,0,95,11,36,0,0,18,0,15,113,1,188,55,234,1,1,186,128,136,1,1,1,1,122,2,1,1,160,200,220,1,1,56,48,True
Kayden Luke,189622,TE,W VIRGINIA,4,100.0,0,343,60.7,,59.8,0,0,0,,,,0,0,0,29,0,0,0,29,0,0,0,0,29,27,23,1,1,191,,186,1,1,459,,,,1,1,1,377,1,2,61,436,459,481,2,62,339,373,True
Gavin Mueller,216969,TE,MIAMI FL,4,63.0,0,220,60.2,76.1,66.2,0,0,5,27.8,26.1,100.0,0,0,0,29,0,0,0,46,6,23,0,0,23,39,23,268,1,202,29,109,1,1,301,180,189,1,1,1,1,377,1,2,61,368,285,329,2,62,388,321,True
Somourian Wingo,216979,WR,MIAMI FL,3,50.9,0,220,76.6,61.0,61.3,0,0,1,3.4,3.4,100.0,0,0,0,29,0,0,0,57,1,29,0,0,28,0,603,196,1,73,64,327,1,1,14,10,10,1,1,1,1,563,1,2,5,605,16,608,1,5,575,213,True
Peter Diaz,217391,G,GA STATE,3,100.0,0,175,59.1,80.6,63.5,0,0,11,100.0,100.0,100.0,1,0,0,29,0,5,0,29,12,12,15,4,17,5,284,1,1,325,87,181,1,1,431,3,8,1,266,1,1,438,47,302,39,438,431,431,269,20,448,9,True
Kenji Christian,144072,HB,UCONN,4,25.2,0,146,78.4,83.3,58.5,0,0,16,28.1,27.3,100.0,0,0,0,29,0,0,0,115,18,66,0,0,11,0,15,185,1,52,23,132,1,1,121,162,173,1,1,1,1,122,2,1,1,107,111,92,1,1,111,48,True
Jeremy Hecklinski,183388,QB,IOWA,2,48.3,0,192,46.9,,60.0,0,0,0,0.0,0.0,,1,0,0,29,0,0,0,60,0,30,0,0,29,0,173,38,1,192,,78,1,1,18,18,20,,110,1,1,158,1,1,1,165,20,164,1,1,158,2,True
Bryson Hayes,198589,WR,KANSAS,3,66.7,0,198,74.8,,68.5,0,0,0,0.0,0.0,,0,0,0,28,0,0,0,42,0,14,0,0,28,0,603,57,1,100,,139,1,1,76,76,80,,1,1,1,576,1,2,5,688,80,724,1,5,575,213,True
Toa Katoa,213767,G,SMU,2,100.0,0,287,64.6,49.1,67.5,1,0,18,100.0,100.0,97.2,0,1,0,28,0,0,0,28,19,19,27,0,9,0,400,1,1,175,432,116,374,1,396,3,8,407,1,139,1,440,47,327,39,440,396,396,231,40,502,58,True
James Falk,173236,TE,RICE,1,96.6,0,275,46.9,67.5,46.8,0,0,2,66.7,66.7,100.0,0,0,0,28,0,0,0,29,2,3,0,0,26,25,478,13,1,421,234,403,1,1,393,20,20,1,1,1,1,384,1,2,61,436,402,469,2,62,367,388,True
Drew Cunningham,193125,C,N TEXAS,2,100.0,0,251,63.3,75.4,61.2,0,0,6,100.0,100.0,100.0,0,0,0,28,28,0,0,28,6,6,0,0,22,0,180,1,1,122,109,134,1,1,210,2,3,1,1,1,1,197,191,18,3,197,210,210,21,6,183,16,True
DaMarion Fowlkes,198888,WR,MISSOURI,4,52.8,0,229,58.4,,58.7,0,0,0,0.0,0.0,,0,0,0,28,0,0,0,53,0,25,0,0,28,0,38,162,1,563,,494,1,1,76,76,80,,1,1,1,576,1,2,5,624,80,636,1,5,575,213,True
Jackson Bowers,175009,TE,OREGON ST,3,84.8,0,265,51.7,74.9,50.2,0,0,3,42.9,37.5,100.0,0,0,0,28,0,0,0,33,3,8,0,0,25,24,353,72,1,360,51,355,1,1,357,72,110,1,1,1,1,384,1,2,61,423,368,430,2,62,374,397,True
ZaMario Woodgett,198619,T,KENNESAW,2,100.0,0,200,61.8,71.7,58.1,0,0,15,100.0,100.0,100.0,0,0,0,28,0,0,28,28,15,15,0,0,13,0,379,1,1,268,173,320,1,1,387,2,6,1,1,1,1,413,4,28,217,413,387,387,38,301,461,156,True
Jaivon Solomon,203999,WR,DUKE,3,49.1,0,154,77.1,,62.3,0,0,0,0.0,0.0,,0,0,0,28,0,0,0,57,0,29,0,0,28,0,603,234,1,64,,248,1,1,76,76,80,,1,1,1,576,1,2,5,605,80,608,1,5,575,213,True
Peyton Zachary,215760,WR,UNLV,4,45.2,0,325,61.9,,72.2,0,0,0,0.0,0.0,,0,0,0,28,0,0,0,62,0,34,0,0,28,0,38,342,1,444,,71,1,1,76,76,80,,1,1,1,576,1,2,5,582,80,574,1,5,575,213,True
Jaydon Johnson,156741,WR,LA LAFAYET,4,45.2,0,207,52.5,,59.2,0,0,0,0.0,0.0,,0,0,0,28,0,0,0,62,0,34,0,0,28,0,38,342,1,727,,475,1,1,76,76,80,,1,1,1,576,1,2,5,582,80,574,1,5,575,213,True
Taniela Tupou,199416,TE,USC,2,68.3,0,326,52.6,34.4,49.9,0,1,6,31.6,31.6,91.7,0,1,0,28,0,0,0,41,6,19,0,0,22,34,442,218,1,338,432,364,1,371,270,151,150,411,1,329,1,384,1,2,61,397,285,350,2,62,400,339,True
Brandon Hills,176677,WR,AKRON,3,36.8,0,102,58.6,30.8,48.1,0,0,0,0.0,0.0,,0,0,0,28,0,0,0,76,0,47,0,0,28,1,603,624,1,554,81,693,1,1,76,76,80,,1,1,1,576,1,2,5,536,80,500,1,5,575,112,True
Brendon McQueen,191783,WR,MO STATE,3,35.9,0,230,51.3,,62.0,0,0,0,0.0,0.0,,0,0,0,28,0,0,0,78,0,50,0,0,28,0,603,647,1,746,,272,1,1,76,76,80,,1,1,1,576,1,2,5,528,80,484,1,5,575,213,True
Grayson Reid,200269,C,VIRGINIA,2,100.0,0,335,65.0,76.9,62.4,0,0,7,100.0,100.0,100.0,0,0,0,28,28,0,0,28,7,7,0,0,21,0,180,1,1,108,84,122,1,1,201,2,3,1,1,1,1,197,191,18,3,197,204,204,21,6,186,16,True
Nick Townsend,205406,TE,TEXAS,2,54.9,0,311,63.2,44.5,79.4,0,0,7,23.3,23.3,100.0,1,0,0,28,0,0,0,51,7,30,0,0,21,35,442,370,1,154,398,12,1,1,245,227,229,1,293,1,1,384,1,2,61,346,259,275,2,62,412,335,True
Jahzari Priester,173957,G,N TEXAS,2,100.0,0,251,60.6,76.6,59.0,0,0,6,100.0,100.0,100.0,0,0,0,28,0,0,0,28,6,6,28,0,22,0,400,1,1,287,154,286,1,1,465,3,8,1,1,1,1,440,47,327,39,440,468,468,228,40,407,58,True
Garret Rutledge,191312,TE,IOWA STATE,4,93.3,0,193,62.2,72.1,61.9,0,0,6,75.0,75.0,100.0,0,0,0,28,0,3,0,30,6,8,0,0,22,27,23,23,1,166,126,164,1,1,270,14,14,1,1,1,1,384,1,1,61,431,285,430,2,62,400,373,True
Aeryn Hampton,184535,WR,OREGON ST,4,19.9,0,265,66.0,61.9,69.1,0,0,1,1.0,0.9,100.0,0,0,0,28,0,0,0,141,1,114,0,0,27,1,38,791,1,303,54,125,1,1,14,49,55,1,1,1,1,576,1,2,5,290,16,122,1,5,590,112,True
Kaden Helms,158072,TE,MINNESOTA,4,53.8,0,225,46.3,52.5,45.1,0,1,5,18.5,17.2,90.0,1,1,0,28,0,0,0,52,5,29,0,0,23,45,23,380,1,426,364,420,1,371,301,277,308,423,293,329,1,384,1,2,61,341,307,280,2,62,388,280,True
Jalen Saint Paul,191327,WR,UCLA,3,51.9,0,324,54.7,,63.8,0,0,0,0.0,0.0,,0,0,0,28,0,0,0,54,0,26,0,0,28,0,603,177,1,679,,209,1,1,76,76,80,,1,1,1,576,1,2,5,619,80,627,1,5,575,213,True
Vance Spafford,216980,WR,MIAMI FL,4,53.8,0,220,71.9,,48.0,0,0,0,0.0,0.0,,0,0,0,28,0,0,0,52,0,24,0,0,28,0,38,149,1,142,,696,1,1,76,76,80,,1,1,1,576,1,2,5,632,80,643,1,5,575,213,True
Raleek Brown,158458,HB,TEXAS,4,18.2,0,311,65.1,39.7,59.0,0,2,19,20.4,20.2,89.5,0,3,1,28,0,0,0,154,19,94,0,0,9,0,15,250,1,216,223,111,1,243,94,234,238,260,1,254,248,131,2,1,1,40,99,25,1,1,148,48,True
Alex Manske,198567,QB,PENN STATE,3,62.2,0,266,67.2,,60.0,0,0,0,0.0,0.0,,0,0,0,28,0,0,0,45,0,15,0,0,28,0,129,13,1,123,,78,1,1,18,18,20,,1,1,1,161,1,1,1,175,20,182,1,1,161,2,True
Chauncy Cobb,172187,WR,ARK STATE,4,22.2,0,113,66.8,,59.9,0,0,0,0.0,0.0,,0,0,0,28,0,0,0,126,0,94,0,0,28,1,38,787,1,273,,436,1,1,76,76,80,,1,1,1,576,1,2,5,345,80,227,1,5,575,112,True
Morgan McPhaul,160913,TE,OKLA STATE,4,59.6,0,262,56.2,56.7,48.0,1,0,6,24.0,24.0,91.7,0,1,0,28,0,0,0,47,6,25,0,0,22,18,23,315,1,266,338,393,448,1,270,217,219,411,1,329,1,384,1,2,61,361,285,312,2,62,400,446,True
Caden Campbell,191004,G,BOWL GREEN,2,100.0,0,122,56.5,0.0,67.7,1,0,6,100.0,100.0,91.7,1,1,0,28,2,26,0,28,6,6,0,0,22,0,400,1,1,389,509,114,374,1,465,3,8,500,266,139,1,440,40,234,39,440,468,468,322,40,407,58,True
DJ Vonnahme,189695,TE,IOWA,3,32.6,0,192,65.0,71.6,62.3,0,0,3,5.4,5.0,100.0,1,0,0,28,0,0,0,86,3,60,0,0,25,38,353,477,1,130,140,160,1,1,357,438,441,1,293,1,1,384,1,2,61,237,368,142,2,62,374,324,True
Dawson Pendergrass,174637,HB,BAYLOR,4,17.4,0,118,77.3,58.7,59.7,0,1,21,28.8,29.8,97.6,1,1,0,28,0,0,0,161,25,84,0,0,3,0,15,259,1,64,158,85,1,150,71,153,148,139,236,113,1,131,2,1,1,36,56,39,1,1,259,48,True
Jordan King,158320,WR,CAL,4,30.1,0,130,57.5,61.1,51.7,0,0,1,1.7,1.5,100.0,0,0,0,28,0,0,0,93,1,66,0,0,27,4,38,741,1,594,63,633,1,1,14,25,29,1,1,1,1,576,1,2,5,465,16,389,1,5,590,42,True
Jay Wilkerson,131961,WR,LA TECH,3,35.4,0,208,56.6,,57.7,0,0,0,0.0,0.0,,0,0,0,28,0,0,0,79,0,51,0,0,28,0,603,653,1,619,,529,1,1,76,76,80,,1,1,1,576,1,2,5,522,80,474,1,5,575,213,True
Brayden Bockler,198678,TE,LA TECH,2,77.8,0,208,55.1,37.3,44.7,0,1,5,38.5,38.5,90.0,0,1,0,28,0,0,0,36,5,13,0,0,23,21,442,123,1,292,421,427,1,371,301,104,102,423,1,329,1,384,1,2,61,408,307,388,2,62,388,419,True
Jordan Clay,215085,WR,WASHINGTON,4,34.1,0,340,65.6,,61.9,0,0,0,0.0,0.0,,0,0,0,28,0,0,0,82,0,54,0,0,28,0,38,668,1,315,,277,1,1,76,76,80,,1,1,1,576,1,2,5,510,80,458,1,5,575,213,True
Bryson Hammer,176105,WR,TOLEDO,4,32.2,0,316,76.8,,34.5,0,0,0,0.0,0.0,,2,0,0,28,0,0,0,87,0,59,0,0,28,0,38,707,1,71,,789,1,1,76,76,80,,743,1,1,576,1,2,5,493,80,427,1,5,575,213,True
Dayton Howard,170151,WR,IOWA,3,58.3,0,192,59.4,,66.6,0,0,0,0.0,0.0,,0,0,0,28,0,0,0,48,0,20,0,0,28,0,603,107,1,531,,165,1,1,76,76,80,,1,1,1,576,1,2,5,654,80,667,1,5,575,213,True
D.J. Crowther,159311,HB,USF,4,19.0,0,327,83.7,85.5,73.7,0,0,11,14.3,15.0,100.0,0,0,0,28,0,0,0,147,12,80,0,0,16,0,15,240,1,14,8,15,1,1,186,267,266,1,1,1,1,131,2,1,1,52,186,48,1,1,67,48,True
Kai Rios,159367,TE,MICH STATE,4,77.8,0,223,76.9,67.4,48.8,0,0,1,11.1,11.1,100.0,0,0,0,28,0,0,0,36,1,9,0,0,27,35,23,123,1,24,240,380,1,1,430,396,397,1,1,1,1,384,1,2,61,408,433,421,2,62,355,335,True
Ja'Vin Simpkins,175816,HB,UAB,4,49.1,0,321,65.2,27.2,49.9,0,1,18,64.3,62.1,97.2,0,1,0,27,0,0,0,55,18,29,0,0,9,5,15,34,1,215,251,250,1,150,99,14,16,152,1,113,1,134,2,1,1,252,111,246,1,1,148,11,True
TJ Lockhart,191203,G,MISS STATE,1,100.0,0,227,50.2,78.8,46.2,0,0,10,100.0,100.0,100.0,0,0,0,27,0,0,0,27,10,10,27,0,17,0,480,1,1,474,112,501,1,1,438,3,8,1,1,1,1,443,47,327,39,443,441,441,231,40,448,58,True
Raphael Greene-Nyarko,199318,G,UCONN,3,100.0,0,146,60.4,46.5,61.8,0,2,13,100.0,100.0,92.3,0,2,0,27,0,20,7,27,13,13,0,0,14,0,284,1,1,293,445,220,1,295,418,3,8,499,1,230,1,443,47,258,16,443,424,424,322,40,467,58,True
Cam Settles,200090,HB,ARKANSAS,3,26.2,0,111,61.0,30.0,67.4,0,2,21,28.0,30.4,95.2,0,2,0,27,0,0,0,103,24,79,0,0,3,0,232,169,1,255,240,39,1,243,71,165,142,191,1,216,1,134,2,1,1,136,64,53,1,1,259,48,True
CJ Nelson,162514,WR,BALL ST,3,34.2,0,117,46.3,,52.4,0,0,0,0.0,0.0,,3,0,0,27,0,0,0,79,0,52,0,0,27,0,603,666,1,789,,626,1,1,76,76,80,,784,1,1,592,1,2,5,522,80,471,1,5,590,213,True
Nolan Latulippe,174226,T,CINCINNATI,1,100.0,0,138,69.6,76.9,66.6,0,0,9,100.0,100.0,100.0,0,0,0,27,0,0,0,27,9,9,0,27,18,0,455,1,1,119,104,150,1,1,417,2,6,1,1,1,1,414,4,28,315,414,421,421,38,221,409,156,True
Luca Puccinelli,190956,TE,PURDUE,4,64.3,0,273,54.0,38.9,48.6,0,0,1,6.7,11.8,100.0,0,0,0,27,0,0,0,42,2,17,0,0,25,40,23,256,1,316,412,382,1,1,430,426,391,1,1,1,1,394,1,2,61,393,402,358,2,62,374,314,True
Jacob Arop,203137,T,CAL,2,100.0,0,130,49.4,47.0,49.7,0,2,16,100.0,100.0,93.7,0,2,0,27,0,0,27,27,18,18,0,0,9,0,379,1,1,448,408,454,1,218,383,2,6,450,1,178,1,414,4,28,219,414,381,381,38,301,487,156,True
Justen Hodge,215322,WR,MIAMI OH,2,73.0,0,221,55.0,,62.8,0,0,0,0.0,0.0,,0,0,0,27,0,0,0,37,0,10,0,0,27,0,735,35,1,672,,229,1,1,76,76,80,,1,1,1,592,1,2,5,717,80,751,1,5,590,213,True
Tyran Warren,178517,WR,NC STATE,4,35.5,0,248,56.1,,58.8,0,0,0,0.0,0.0,,0,0,0,27,0,0,0,76,0,49,0,0,27,0,38,652,1,632,,489,1,1,76,76,80,,1,1,1,592,1,2,5,536,80,487,1,5,590,213,True
Evan James,200945,WR,IOWA,4,26.5,0,192,51.5,,60.7,0,0,0,0.0,0.0,,1,0,0,27,0,0,0,102,0,75,0,0,27,0,38,771,1,740,,380,1,1,76,76,80,,550,1,1,592,1,2,5,430,80,334,1,5,590,213,True
Max Mobley,190977,C,AKRON,4,100.0,0,102,61.7,27.3,66.6,0,1,14,100.0,100.0,96.4,0,1,0,27,27,0,0,27,15,15,0,0,12,0,7,1,1,152,230,69,1,90,181,2,3,222,1,80,1,199,193,18,3,199,180,180,21,6,220,16,True
Saquon Miles,198857,T,MISS STATE,1,100.0,0,227,64.0,67.6,61.9,0,1,10,100.0,100.0,95.0,0,1,0,27,0,0,0,27,10,10,0,27,17,0,455,1,1,213,229,237,1,145,407,2,6,419,1,112,1,414,4,28,315,414,411,412,38,221,418,156,True
Donovan Funsch,189956,G,GA STATE,4,100.0,0,175,62.3,82.4,57.5,0,0,14,100.0,100.0,100.0,0,0,0,27,0,12,0,27,15,15,11,0,12,2,18,1,1,234,55,336,1,1,414,3,8,1,1,1,1,443,47,280,39,443,413,413,284,40,483,19,True
Luke Nickel,200166,QB,MIAMI FL,3,54.0,0,220,90.6,,60.0,0,0,0,0.0,0.0,,0,0,0,27,0,0,0,50,0,21,0,0,27,0,129,20,1,12,,78,1,1,18,18,20,,1,1,1,162,1,1,1,171,20,173,1,1,162,2,True
Grant Edgington,176146,C,CINCINNATI,1,100.0,0,138,58.2,76.0,62.0,0,0,9,100.0,100.0,100.0,1,0,0,27,27,0,0,27,9,9,0,0,18,0,212,1,1,183,100,127,1,1,191,2,3,1,110,1,1,199,193,18,3,199,194,194,21,6,192,16,True
LJ Martin,175035,HB,BYU,3,25.5,0,128,86.7,82.0,80.0,0,0,14,29.8,29.2,100.0,0,0,0,27,0,0,0,106,14,48,0,0,13,0,232,182,1,5,37,5,1,1,142,141,158,1,1,1,1,134,2,1,1,128,157,167,1,1,91,48,True
Makhi Hughes,158417,HB,HOUSTON,4,21.8,0,182,72.1,55.9,52.1,0,0,11,22.0,23.5,100.0,0,0,0,27,0,0,0,124,12,51,0,0,15,0,15,217,1,133,168,242,1,1,186,219,209,1,1,1,1,134,2,1,1,86,186,152,1,1,73,48,True
Jake Griffin,175022,T,ARIZONA,2,100.0,0,109,66.7,38.2,73.5,1,0,12,100.0,100.0,95.8,1,1,0,27,0,0,0,27,13,13,0,26,14,1,379,1,1,158,440,64,303,1,397,2,6,388,232,112,1,414,4,28,315,414,395,396,38,224,448,95,True
Hayden Gunter,188866,T,STANFORD,2,100.0,0,300,55.6,22.4,65.0,0,0,13,100.0,100.0,100.0,0,0,0,27,0,0,5,27,13,13,0,21,14,1,379,1,1,373,477,176,1,1,394,2,6,1,1,1,1,414,4,28,287,414,395,396,38,237,448,95,True
Grayson Stovall,158745,C,ARIZONA,2,100.0,0,109,73.6,79.3,69.6,0,0,12,100.0,100.0,100.0,0,0,0,27,27,0,0,27,13,13,0,0,14,0,180,1,1,32,59,46,1,1,183,2,3,1,1,1,1,199,193,18,3,199,183,183,21,6,209,16,True
Shaun Terry II,198889,WR,MISSOURI,4,37.5,0,229,70.8,,61.5,0,0,0,0.0,0.0,,0,0,0,27,0,0,0,72,0,45,0,0,27,0,38,598,1,172,,305,1,1,76,76,80,,1,1,1,592,1,2,5,552,80,510,1,5,590,213,True
Kaden Saunders,164184,WR,SO MISS,3,56.3,0,296,65.1,,61.0,0,0,0,0.0,0.0,,0,0,0,27,0,0,0,48,0,21,0,0,27,0,603,124,1,337,,352,1,1,76,76,80,,1,1,1,592,1,2,5,654,80,661,1,5,590,213,True
Javon Campbell,190008,WR,LA MONROE,3,65.9,0,209,47.9,,62.5,0,0,0,0.0,0.0,,0,0,0,27,0,0,0,41,0,14,0,0,27,0,603,61,1,787,,243,1,1,76,76,80,,1,1,1,592,1,2,5,692,80,724,1,5,590,213,True
Jaziun Patterson,156421,HB,MICH STATE,4,38.0,0,223,71.0,83.5,58.5,0,0,19,52.8,51.4,100.0,0,0,0,27,0,0,0,71,19,37,0,0,8,0,15,56,1,147,22,132,1,1,94,24,28,1,1,1,1,134,2,1,1,219,99,212,1,1,162,48,True
Max Leeper,217344,TE,NEW MEXICO,3,77.1,0,241,46.9,68.0,48.3,0,0,2,25.0,20.0,100.0,0,0,0,27,0,0,0,35,2,10,0,0,25,28,353,131,1,421,226,390,1,1,393,198,271,1,1,1,1,394,1,2,61,412,402,414,2,62,374,370,True
Robert Bourdon,191248,G,TEXAS A&M,4,100.0,0,312,80.4,78.3,79.8,0,0,9,100.0,100.0,100.0,0,0,0,27,0,17,3,27,9,9,0,6,18,1,18,1,1,5,122,7,1,1,446,3,8,1,1,1,1,443,47,265,24,443,447,447,322,17,431,26,True
Lautaimi Manuma,188399,G,HAWAII,2,100.0,0,180,50.4,60.5,54.9,0,0,19,100.0,100.0,100.0,1,0,0,27,0,3,0,27,20,20,24,0,7,0,400,1,1,471,354,395,1,1,390,3,8,1,266,1,1,443,47,308,39,443,393,393,237,40,511,58,True
Yasin Willis,183381,HB,KANSAS,3,31.4,1,198,60.9,11.9,56.3,0,2,11,26.2,28.9,90.9,3,2,0,27,0,0,0,86,13,45,0,0,14,1,232,104,278,256,278,201,1,243,186,181,163,249,284,216,1,134,2,1,1,180,174,178,1,1,83,26,True
Zach Taylor,198272,G,CINCINNATI,1,100.0,0,138,71.3,78.4,70.1,0,0,9,100.0,100.0,100.0,0,0,0,27,0,27,0,27,9,9,0,0,18,0,480,1,1,63,118,74,1,1,446,3,8,1,1,1,1,443,47,233,39,443,447,447,322,40,431,58,True
Gatlin Bair,215047,WR,OREGON,2,52.9,0,264,65.3,,72.1,0,0,0,0.0,0.0,,0,0,0,27,0,0,0,51,0,24,0,0,27,0,735,159,1,331,,73,1,1,76,76,80,,1,1,1,592,1,2,5,639,80,643,1,5,590,213,True
Robert Jones III,189459,HB,NAVY,2,84.4,0,237,63.2,,56.8,0,0,0,0.0,0.0,,0,0,0,27,0,0,0,32,0,4,0,0,27,1,276,4,1,239,,189,1,1,281,281,282,,1,1,1,134,2,1,1,280,282,284,1,1,26,26,True
Rahji Dennis,184358,WR,LA LAFAYET,4,51.9,0,207,52.7,,60.3,0,0,0,0.0,0.0,,0,0,0,27,0,0,0,52,0,25,0,0,27,0,38,177,1,726,,405,1,1,76,76,80,,1,1,1,592,1,2,5,632,80,636,1,5,590,213,True
Brian Bonner Jr.,214960,HB,WASHINGTON,3,31.4,0,340,57.2,53.4,59.6,0,2,25,41.7,40.3,96.0,0,2,0,27,0,0,0,86,25,62,0,0,2,0,232,104,1,272,181,87,1,243,45,53,66,183,1,216,1,134,2,1,1,180,56,105,1,1,274,48,True
Kavon Simmons,204008,WR,DUKE,4,41.5,0,154,63.7,,62.0,0,0,0,0.0,0.0,,0,0,0,27,0,0,0,65,0,38,0,0,27,2,38,459,1,375,,272,1,1,76,76,80,,1,1,1,592,1,2,5,572,80,551,1,5,590,73,True
Luke Duska,148339,T,KENNESAW,1,100.0,0,200,56.7,71.2,52.8,0,0,15,100.0,100.0,100.0,0,0,0,27,0,0,0,27,15,15,9,18,12,0,455,1,1,354,181,422,1,1,387,2,6,1,1,1,1,414,4,28,315,414,387,387,18,248,466,156,True
Davin Stoffel,177226,TE,ILLINOIS,4,42.2,0,187,54.5,71.9,54.4,0,0,5,13.9,11.9,100.0,0,0,0,27,0,0,0,64,5,42,0,0,22,43,23,454,1,306,130,286,1,1,301,356,388,1,1,1,1,394,1,2,61,294,307,223,2,62,400,290,True
Zac Clarke,188189,T,CINCINNATI,1,100.0,0,138,78.7,64.2,78.3,1,0,9,100.0,100.0,94.4,0,1,0,27,0,0,27,27,9,9,0,0,18,0,455,1,1,32,272,26,303,1,417,2,6,436,1,112,1,414,4,28,219,414,421,421,38,301,409,156,True
Channing Goodwin,190830,WR,MICHIGAN,4,50.9,0,222,51.5,,58.1,0,0,0,0.0,0.0,,0,0,0,27,0,0,0,53,0,26,0,0,27,0,38,196,1,740,,512,1,1,76,76,80,,1,1,1,592,1,2,5,624,80,627,1,5,590,213,True
Ryan Brubaker,158104,C,VIRGINIA,2,100.0,0,335,63.7,78.2,60.7,0,0,11,100.0,100.0,100.0,0,0,0,27,27,0,0,27,11,11,0,0,16,0,180,1,1,120,69,138,1,1,187,2,3,1,1,1,1,199,193,18,3,199,187,187,21,6,203,16,True
Aiden Pastoriza,188196,G,CINCINNATI,1,100.0,0,138,62.6,78.4,60.9,0,0,9,100.0,100.0,100.0,1,0,0,27,0,0,0,27,9,9,27,0,18,0,480,1,1,223,118,245,1,1,446,3,8,1,266,1,1,443,47,327,39,443,447,447,231,40,431,58,True
Tyrell Miller,215713,T,ALABAMA,4,100.0,0,103,73.3,80.6,69.2,0,0,8,100.0,100.0,100.0,0,0,0,27,0,0,1,27,8,8,0,23,19,3,16,1,1,68,52,109,1,1,426,2,6,1,1,1,1,414,4,28,302,414,428,428,38,233,400,43,True
Jeremias Heard,188885,T,TENNESSEE,2,100.0,0,307,70.5,75.3,67.9,0,0,10,100.0,100.0,100.0,0,0,0,27,0,0,1,27,10,10,0,26,17,0,379,1,1,100,127,130,1,1,407,2,6,1,1,1,1,414,4,28,302,414,411,412,38,224,418,156,True
Drayden Dickmann,173233,WR,WAKE,4,31.0,0,339,58.1,,60.4,0,0,0,0.0,0.0,,0,0,0,27,0,0,0,87,0,59,0,0,27,0,38,725,1,575,,399,1,1,76,76,80,,1,1,1,592,1,2,5,493,80,427,1,5,590,213,True
Cameron Schultz,200003,T,TEXAS ST,2,100.0,0,314,61.1,39.2,62.7,0,1,8,100.0,100.0,93.7,0,1,0,27,0,0,10,27,8,8,0,17,19,0,379,1,1,285,434,222,1,145,426,2,6,450,1,112,1,414,4,28,281,414,428,428,38,252,400,156,True
Cannon Leonard,170160,T,IOWA,2,100.0,0,192,65.2,83.9,59.1,0,0,13,100.0,100.0,100.0,0,0,0,27,0,0,14,27,13,13,0,13,14,0,379,1,1,192,29,296,1,1,394,2,6,1,1,1,1,414,4,28,266,414,395,396,38,265,448,156,True
Riley Palmeter,218722,TE,OHIO,3,75.0,0,259,71.0,67.9,53.2,0,0,2,18.2,18.2,100.0,0,0,0,27,0,0,0,36,2,11,0,0,25,26,353,146,1,63,228,313,1,1,393,281,294,1,1,1,1,394,1,2,61,408,402,403,2,62,374,380,True
Maxwell Woods,192051,HB,WASH STATE,4,30.3,0,341,72.3,44.4,57.9,0,2,14,31.1,29.8,92.9,0,2,0,27,0,0,0,89,14,47,0,0,13,0,15,115,1,128,204,154,1,243,142,133,148,223,1,216,1,134,2,1,1,175,157,171,1,1,91,48,True
Mike Tyler,205378,TE,S CAROLINA,4,54.0,0,289,52.5,67.3,45.6,0,0,1,4.5,4.2,100.0,0,0,0,27,0,0,0,50,1,24,0,0,26,25,23,379,1,341,243,414,1,1,430,442,445,1,1,1,1,394,1,2,61,349,433,321,2,62,367,388,True
Javon Robinson,173924,WR,UTAH ST,4,27.0,0,329,61.3,,59.7,0,0,0,0.0,0.0,,0,0,0,27,0,0,0,100,0,72,0,0,27,0,38,767,1,467,,450,1,1,76,76,80,,1,1,1,592,1,2,5,439,80,355,1,5,590,213,True
Landen Clark,188534,QB,LSU,4,44.1,0,211,83.9,,59.9,0,0,0,0.0,0.0,,0,0,0,26,0,0,0,59,0,22,0,0,26,0,6,63,1,36,,200,1,1,18,18,20,,1,1,1,163,1,1,1,167,20,171,1,1,163,2,True
Tyshawn Russell,175926,WR,SYRACUSE,3,44.1,0,304,57.4,,57.4,0,0,0,0.0,0.0,,0,0,0,26,0,0,0,59,0,33,0,0,26,0,603,381,1,598,,536,1,1,76,76,80,,1,1,1,605,1,2,5,595,80,585,1,5,605,213,True
Alonza Barnett III,156710,QB,UCF,2,26.5,0,323,53.8,,60.0,0,0,0,0.0,0.0,,1,0,0,26,0,0,0,98,0,68,0,0,26,0,173,194,1,177,,78,1,1,18,18,20,,110,1,1,163,1,1,1,149,20,141,1,1,163,2,True
Jasaiah Gathings,145586,WR,BUFFALO,2,33.8,0,126,54.8,,48.0,0,0,0,0.0,0.0,,0,0,0,26,0,0,0,77,0,51,0,0,26,0,735,676,1,677,,696,1,1,76,76,80,,1,1,1,605,1,2,5,533,80,474,1,5,605,213,True
George Pettaway,156351,HB,JAMES MAD,4,17.6,0,197,65.5,80.1,56.1,0,0,10,14.9,15.5,100.0,0,0,0,26,0,0,0,148,11,71,0,0,15,0,15,255,1,211,51,206,1,1,202,266,265,1,1,1,1,143,2,1,1,49,200,71,1,1,73,48,True
Cade Callahan,191616,TE,LA MONROE,4,61.9,0,209,40.6,70.9,32.7,0,0,5,23.8,23.8,100.0,1,0,0,26,0,0,0,42,5,21,0,0,21,16,23,280,1,469,155,483,1,1,301,220,222,1,293,1,1,399,1,2,61,393,307,337,2,62,412,452,True
Karon Brookins,204077,WR,PENN STATE,3,74.3,0,266,57.1,,60.9,0,0,0,0.0,0.0,,0,0,0,26,0,0,0,35,0,9,0,0,26,0,603,27,1,607,,361,1,1,76,76,80,,1,1,1,605,1,2,5,731,80,758,1,5,605,213,True
Michael Smith,190237,TE,OLE MISS,4,45.6,0,226,60.6,43.6,59.7,0,1,6,16.7,18.4,91.7,0,1,0,26,0,0,0,57,7,38,0,0,19,32,23,440,1,194,402,187,1,371,270,308,292,411,1,329,1,399,1,2,61,322,259,240,2,62,426,351,True
Jadan Baugh,184417,HB,FLORIDA,4,16.6,0,163,91.9,36.5,72.1,1,0,10,18.5,25.0,95.0,0,1,0,26,0,0,0,157,15,60,0,0,11,0,15,267,1,1,229,21,239,1,202,249,195,195,1,113,1,143,2,1,1,38,144,112,1,1,111,48,True
Kewan Lacy,190221,HB,OLE MISS,3,22.2,0,226,76.0,46.5,58.0,0,1,18,26.5,26.1,97.2,0,1,0,26,0,0,0,117,18,69,0,0,8,0,232,211,1,76,198,150,1,150,99,175,188,152,1,113,1,143,2,1,1,104,111,77,1,1,162,48,True
Kam Shanks,173347,WR,WAKE,4,32.1,0,339,70.7,,60.7,0,0,0,0.0,0.0,,0,0,0,26,0,0,0,81,0,55,0,0,26,0,38,710,1,177,,380,1,1,76,76,80,,1,1,1,605,1,2,5,516,80,450,1,5,605,213,True
Jason Zandamela,190281,C,FLORIDA,3,100.0,0,163,71.2,75.8,67.6,0,0,8,100.0,100.0,100.0,0,0,0,26,26,0,0,26,8,8,0,0,18,0,126,1,1,50,101,64,1,1,196,2,3,1,1,1,1,203,198,18,3,203,199,199,21,6,192,16,True
Ashdon Wnetrzak,200173,T,S DIEGO ST,3,100.0,0,284,75.7,79.5,72.3,0,0,9,100.0,100.0,100.0,0,0,0,26,0,0,0,26,10,10,0,25,16,1,278,1,1,46,61,78,1,1,417,2,6,1,1,1,1,425,4,28,315,425,411,412,38,226,434,95,True
Oliver Mitchell Jr.,199359,WR,TULANE,4,48.1,0,319,64.9,,57.9,0,0,0,0.0,0.0,,0,0,0,26,0,0,0,54,0,28,0,0,26,0,38,258,1,344,,523,1,1,76,76,80,,1,1,1,605,1,2,5,619,80,615,1,5,605,213,True
Evan Chieca,206520,TE,FLORIDA,2,86.7,0,163,48.9,70.7,56.0,0,0,2,40.0,42.9,100.0,1,0,0,26,0,0,0,30,3,7,0,0,23,26,442,58,1,395,160,250,1,1,393,96,72,1,293,1,1,399,1,2,61,431,368,439,2,62,388,380,True
Daniel Hill,184536,HB,ALABAMA,4,19.0,0,103,76.4,28.8,54.8,0,1,16,21.6,22.6,96.9,0,1,0,26,0,0,0,137,19,84,0,0,7,1,15,240,1,71,246,220,1,150,121,226,215,163,1,113,1,143,2,1,1,66,99,39,1,1,179,26,True
Jamari Freeman,159658,G,MISS STATE,1,100.0,0,227,52.6,45.6,49.8,0,0,18,100.0,100.0,100.0,0,0,0,26,0,25,0,26,18,18,0,0,8,0,480,1,1,450,448,472,1,1,396,3,8,1,1,1,1,450,47,236,39,450,401,401,322,40,508,58,True
Joshua Moore,200153,WR,MIAMI FL,3,38.2,0,220,72.9,,58.0,0,0,0,0.0,0.0,,0,0,0,26,0,0,0,68,0,42,0,0,26,0,603,572,1,126,,515,1,1,76,76,80,,1,1,1,605,1,2,5,567,80,526,1,5,605,213,True
Deuce Lawrence,213744,HB,WAKE,4,28.9,0,339,75.4,24.7,57.4,0,2,19,50.0,47.5,94.7,0,2,0,26,0,0,0,90,19,40,0,0,7,0,15,135,1,87,262,170,1,243,94,28,34,200,1,216,1,143,2,1,1,174,99,195,1,1,179,48,True
Keron Milton,189967,WR,GA STATE,4,63.4,0,175,71.3,,58.8,0,0,0,0.0,0.0,,0,0,0,26,0,0,0,41,0,15,0,0,26,0,38,74,1,159,,489,1,1,76,76,80,,1,1,1,605,1,2,5,692,80,715,1,5,605,213,True
Lamarcus Dillard,214073,G,W VIRGINIA,2,100.0,0,343,66.5,74.9,65.5,0,0,5,100.0,100.0,100.0,0,0,0,26,0,25,0,26,5,5,0,0,21,1,400,1,1,138,178,147,1,1,476,3,8,1,1,1,1,450,47,236,39,450,478,478,322,40,413,26,True
Joey Mattord,175055,HB,E MICHIGAN,5,25.2,0,160,69.3,69.9,60.0,1,0,19,29.2,30.6,97.4,0,1,0,26,0,0,0,103,22,72,0,0,4,0,1,185,1,161,113,65,239,1,94,149,136,151,1,113,1,143,2,1,1,136,81,67,1,1,241,48,True
Derrick Jameson,191363,HB,LA MONROE,4,30.2,0,209,69.0,62.5,55.8,0,1,18,33.3,32.7,97.2,0,1,0,26,0,0,0,86,18,55,0,0,8,0,15,117,1,166,143,207,1,150,99,110,119,152,1,113,1,143,2,1,1,180,111,133,1,1,162,48,True
Malik Clark,199957,WR,S CAROLINA,3,61.9,0,289,57.8,,72.6,0,0,0,0.0,0.0,,0,0,0,26,0,0,0,42,0,16,0,0,26,0,603,83,1,588,,67,1,1,76,76,80,,1,1,1,605,1,2,5,688,80,709,1,5,605,213,True
Tristan Reed,218430,WR,MIAMI OH,2,78.8,0,221,55.9,,61.6,0,0,0,0.0,0.0,,0,0,0,26,0,0,0,33,0,7,0,0,26,0,735,16,1,638,,299,1,1,76,76,80,,1,1,1,605,1,2,5,740,80,769,1,5,605,213,True
Tazio Rosso,198691,G,LA TECH,2,100.0,0,208,53.6,76.5,52.5,0,0,4,100.0,100.0,100.0,0,0,0,26,0,13,0,26,5,5,10,0,21,0,400,1,1,435,159,437,1,1,490,3,8,1,1,1,1,450,47,278,39,450,478,478,288,40,413,58,True
Aidan Laughery,158212,HB,ILLINOIS,4,25.7,0,187,75.8,72.6,60.0,0,1,21,36.8,35.9,97.6,0,1,0,26,0,0,0,101,23,64,0,0,3,1,15,177,1,80,98,65,1,150,71,85,96,139,1,113,1,143,2,1,1,143,71,101,1,1,259,26,True
Jayden Kitchens,214654,WR,MARYLAND,4,59.1,0,215,65.7,,55.4,0,0,0,0.0,0.0,,0,0,0,26,0,0,0,44,0,18,0,0,26,0,38,102,1,308,,576,1,1,76,76,80,,1,1,1,605,1,2,5,674,80,688,1,5,605,213,True
Bobby Mears,175495,TE,PENN STATE,3,86.7,0,266,72.5,67.7,61.9,0,0,1,20.0,20.0,100.0,0,0,0,26,0,0,0,30,1,5,0,0,25,27,353,58,1,51,231,164,1,1,430,258,271,1,1,1,1,399,1,2,61,431,433,461,2,62,374,373,True
Le'Kamren Meadows,220633,HB,W KENTUCKY,5,33.3,0,346,63.8,66.2,52.9,0,1,10,25.0,26.2,95.0,0,1,0,26,0,0,0,78,11,42,0,0,15,0,1,88,1,230,126,238,1,150,202,190,186,195,1,113,1,143,2,1,1,202,200,186,1,1,73,48,True
Donte Lee Jr.,184692,WR,TEXAS TECH,4,42.6,0,315,57.3,,71.3,0,0,0,0.0,0.0,,0,0,0,26,0,0,0,61,0,35,0,0,26,0,38,426,1,600,,87,1,1,76,76,80,,1,1,1,605,1,2,5,589,80,569,1,5,605,213,True
Trech Kekahuna,175527,WR,N CAROLINA,3,31.3,1,245,58.9,,49.7,0,0,0,0.0,0.0,,1,0,0,26,0,0,0,83,0,57,0,0,26,0,603,723,768,545,,667,1,1,76,76,80,,550,1,1,605,1,2,5,507,80,442,1,5,605,213,True
Hank Zilinskas,171911,C,RUTGERS,1,100.0,0,278,62.8,76.5,60.5,0,0,8,100.0,100.0,100.0,0,0,0,26,26,0,0,26,9,9,0,0,17,0,212,1,1,129,91,141,1,1,196,2,3,1,1,1,1,203,198,18,3,203,194,194,21,6,197,16,True
Aaron Butler,184504,WR,OREGON ST,4,17.3,0,265,58.2,,61.1,0,0,0,0.0,0.0,,1,0,0,26,0,0,0,150,0,121,0,0,26,0,38,793,1,571,,346,1,1,76,76,80,,550,1,1,605,1,2,5,262,80,99,1,5,605,213,True
Brody Schaffer,222699,WR,IOWA,2,81.3,0,192,46.9,,54.3,0,0,0,0.0,0.0,,0,0,0,26,0,0,0,32,0,6,0,0,26,0,735,12,1,788,,588,1,1,76,76,80,,1,1,1,605,1,2,5,743,80,774,1,5,605,213,True
Ian Falkner,215205,G,AKRON,2,100.0,0,102,61.9,83.7,57.1,0,0,15,100.0,100.0,100.0,0,0,0,25,0,10,0,25,16,16,15,0,9,0,400,1,1,249,38,350,1,1,410,3,8,1,1,1,1,453,47,291,39,453,410,410,269,40,502,58,True
Cooper Perry,199876,WR,CAL,4,27.2,0,130,61.1,,45.2,0,0,0,0.0,0.0,,0,0,0,25,0,0,0,92,0,67,0,0,25,1,38,766,1,475,,736,1,1,76,76,80,,1,1,1,619,1,2,5,470,80,386,1,5,619,112,True
Kamrean Johnson,172617,TE,WAKE,4,37.9,0,339,57.2,52.7,54.7,0,0,10,20.0,21.2,90.0,2,1,1,25,0,0,0,66,11,52,0,0,14,42,23,469,1,245,362,276,1,1,173,258,257,423,439,329,459,403,1,2,61,290,166,179,2,62,473,300,True
Louie Canepa,156939,G,OKLA STATE,1,100.0,0,262,59.3,75.7,58.1,0,0,5,100.0,100.0,100.0,0,0,0,25,11,0,0,25,5,5,14,0,20,0,480,1,1,320,170,313,1,1,476,3,8,1,1,1,1,453,24,327,39,453,478,478,278,40,421,58,True
Noah Toster,187627,WR,S ALABAMA,2,58.1,0,288,60.2,,61.0,0,0,0,0.0,0.0,,0,0,0,25,0,0,0,43,0,18,0,0,25,0,735,109,1,506,,352,1,1,76,76,80,,1,1,1,619,1,2,5,681,80,688,1,5,619,213,True
Cooper McCutchan,214629,TE,PURDUE,4,52.1,1,273,43.2,70.6,37.9,0,0,4,15.4,14.8,100.0,1,0,0,25,0,0,0,48,4,27,0,0,21,38,23,394,465,453,165,472,1,1,332,330,348,1,293,1,1,403,1,2,61,356,341,298,2,62,412,324,True
Devyn Zahursky,183803,TE,CINCINNATI,4,86.2,0,138,70.0,82.3,59.7,0,0,2,33.3,42.9,100.0,0,0,0,25,0,0,0,29,3,7,0,0,22,18,23,63,1,73,3,187,1,1,393,127,72,1,1,1,1,403,1,2,61,436,368,439,2,62,400,446,True
AJ Newberry,172623,HB,OREGON ST,4,17.6,0,265,67.3,70.9,58.4,0,0,16,16.3,17.1,100.0,1,0,0,25,0,0,0,142,18,105,0,0,7,3,15,255,1,194,110,136,1,1,121,260,255,1,236,1,1,152,2,1,1,57,111,17,1,1,179,17,True
Brycen Coleman,188510,WR,VANDERBILT,4,29.1,0,333,55.1,,74.4,0,0,0,0.0,0.0,,0,0,0,25,0,0,0,86,0,61,0,0,25,2,38,749,1,669,,52,1,1,76,76,80,,1,1,1,619,1,2,5,496,80,420,1,5,619,73,True
Brandon Smith,158162,T,W MICHIGAN,2,100.0,0,347,65.2,69.6,62.9,0,1,10,100.0,100.0,95.0,0,1,0,25,0,0,25,25,11,11,0,0,14,0,379,1,1,192,202,219,1,145,407,2,6,419,1,112,1,426,4,28,225,426,405,405,38,301,448,156,True
Colin Amick,192492,T,IOWA STATE,2,100.0,0,193,57.2,59.6,56.6,0,0,4,100.0,100.0,100.0,0,0,0,25,0,0,0,25,5,5,0,24,20,1,379,1,1,346,311,356,1,1,462,2,6,1,1,1,1,426,4,28,315,426,452,453,38,229,393,95,True
Tyler Mizzell,176068,QB,BALL ST,4,34.2,0,117,49.5,,60.0,0,0,0,0.0,0.0,,0,0,0,25,0,0,0,73,0,42,0,0,25,0,6,156,1,188,,78,1,1,18,18,20,,1,1,1,165,1,1,1,159,20,154,1,1,165,2,True
Javon Ross,193348,WR,TULSA,5,28.1,0,320,73.9,,61.4,0,0,0,0.0,0.0,,0,0,0,25,0,0,0,89,0,64,0,0,25,1,1,760,1,115,,316,1,1,76,76,80,,1,1,1,619,1,2,5,486,80,405,1,5,619,112,True
Gavin Sawchuk,158088,HB,NWESTERN,3,32.9,0,256,71.3,27.6,54.2,0,2,11,32.4,29.7,90.9,0,2,0,25,0,0,0,76,11,37,0,0,14,0,232,94,1,143,250,227,1,243,186,122,152,249,1,216,1,152,2,1,1,207,200,212,1,1,83,48,True
Jaheim Merriweather,183723,HB,TROY,4,30.9,0,318,75.6,65.3,59.4,0,1,22,52.4,52.4,97.7,0,1,0,25,0,0,0,81,22,42,0,0,3,0,15,109,1,83,132,96,1,150,59,26,27,134,1,113,1,152,2,1,1,191,81,186,1,1,259,48,True
Gavin Harris,177032,TE,GA TECH,3,42.4,0,176,47.5,64.5,76.1,0,0,1,3.0,2.9,100.0,0,0,0,25,0,0,0,59,1,35,0,0,24,14,353,452,1,412,285,24,1,1,430,453,454,1,1,1,1,403,1,2,61,315,433,251,2,62,384,464,True
Malachi Durant,191211,WR,OREGON ST,4,43.9,0,265,49.8,,46.5,0,0,0,0.0,0.0,,0,0,0,25,0,0,0,57,0,32,0,0,25,0,38,388,1,770,,717,1,1,76,76,80,,1,1,1,619,1,2,5,605,80,588,1,5,619,213,True
Troy Everett,147024,G,OLE MISS,3,100.0,0,226,63.6,54.1,64.5,0,0,13,100.0,100.0,100.0,0,0,0,25,0,24,0,25,14,14,1,0,11,0,284,1,1,200,399,164,1,1,418,3,8,1,1,1,1,453,47,240,39,453,418,418,311,40,489,58,True
Devin Vass,173124,T,W VIRGINIA,1,100.0,0,343,55.3,5.6,58.6,0,1,5,100.0,100.0,90.0,0,1,0,25,0,0,0,25,5,5,0,25,20,0,455,1,1,379,489,304,1,145,452,2,6,487,1,112,1,426,4,28,315,426,452,453,38,226,393,156,True
Zion Taylor,170079,WR,W KENTUCKY,5,40.3,0,346,65.4,,59.0,0,0,0,0.0,0.0,,0,0,0,25,0,0,0,62,0,36,0,0,25,5,1,495,1,324,,482,1,1,76,76,80,,1,1,1,619,1,2,5,582,80,564,1,5,619,25,True
Carter Nelson,183573,TE,NEBRASKA,3,64.1,0,238,47.1,44.0,47.7,0,0,7,33.3,33.3,85.7,0,1,1,25,0,0,0,39,7,21,0,0,18,22,353,258,1,416,401,399,1,1,245,127,128,447,1,329,459,403,1,2,61,403,259,337,2,62,434,409,True
Carson Tabaracci,156138,TE,USC,5,48.1,0,326,67.3,75.2,70.2,0,0,2,7.4,6.9,100.0,0,0,0,25,0,0,0,52,2,29,0,0,23,29,1,428,1,97,44,65,1,1,393,424,427,1,1,1,1,403,1,2,61,341,402,280,2,62,388,362,True
Marcus Calwise Jr.,185602,WR,LA TECH,2,39.7,0,208,63.7,,59.9,0,0,0,0.0,0.0,,0,0,0,25,0,0,0,63,0,38,0,0,25,1,735,521,1,375,,436,1,1,76,76,80,,1,1,1,619,1,2,5,577,80,551,1,5,619,112,True
Kiotti Armstrong,199987,TE,TEXAS A&M,4,73.5,1,312,73.6,69.8,70.8,0,0,4,33.3,30.8,100.0,1,0,0,25,0,0,0,34,4,13,0,0,21,29,23,166,465,41,180,57,1,1,332,127,156,1,293,1,1,403,1,2,61,416,341,388,2,62,412,362,True
Landan Brown,175609,HB,SM HOUSTON,4,25.8,0,281,66.3,44.6,36.7,0,1,17,25.8,26.5,97.1,0,1,0,25,0,0,0,97,18,68,0,0,7,0,15,175,1,204,203,282,1,150,110,183,184,158,1,113,1,152,2,1,1,152,111,84,1,1,179,48,True
TK Norman,199998,WR,TEXAS A&M,4,49.0,0,312,51.9,,61.6,0,0,0,0.0,0.0,,0,0,0,25,0,0,0,51,0,26,0,0,25,0,38,237,1,735,,299,1,1,76,76,80,,1,1,1,619,1,2,5,639,80,627,1,5,619,213,True
Antonio Martin,156308,HB,MIDDLE TN,4,18.1,0,224,68.0,55.2,59.1,1,0,15,25.4,26.2,96.7,1,1,0,25,0,0,0,138,17,65,0,0,8,0,15,251,1,186,172,107,239,1,129,189,186,168,236,113,1,152,2,1,1,64,124,99,1,1,162,48,True
Nick Poulos,188474,QB,OHIO,2,32.5,0,259,63.4,,60.0,0,0,0,0.0,0.0,,0,0,0,25,0,0,0,77,0,47,0,0,25,0,173,166,1,147,,78,1,1,18,18,20,,1,1,1,165,1,1,1,155,20,150,1,1,165,2,True
Ja'Qwon Evans,218732,T,OKLA STATE,1,100.0,0,262,70.3,74.1,68.0,0,0,5,100.0,100.0,100.0,0,0,0,25,0,0,0,25,5,5,0,25,20,0,455,1,1,103,142,126,1,1,452,2,6,1,1,1,1,426,4,28,315,426,452,453,38,226,393,156,True
Sione Tohi,212536,G,ARIZONA,2,100.0,0,109,78.8,81.4,78.8,0,0,11,100.0,100.0,100.0,0,0,0,25,0,0,0,25,12,12,25,0,13,0,400,1,1,12,75,12,1,1,431,3,8,1,1,1,1,453,47,327,39,453,431,431,235,40,475,58,True
Ryan Puglisi,184571,QB,GEORGIA,4,44.6,0,173,82.3,,60.0,0,0,0,0.0,0.0,,0,0,0,25,0,0,0,56,0,29,0,0,25,0,6,60,1,47,,78,1,1,18,18,20,,1,1,1,165,1,1,1,168,20,166,1,1,165,2,True
Chase Loftin,198440,TE,FLORIDA ST,4,52.1,0,167,52.9,70.6,43.6,0,0,3,11.5,11.5,100.0,0,0,0,25,0,0,0,48,3,26,0,0,22,19,23,394,1,332,165,438,1,1,357,394,393,1,1,1,1,403,1,2,61,356,368,302,2,62,400,431,True
Malik Jackson,189958,C,GA STATE,3,100.0,0,175,89.8,76.3,85.5,0,0,8,100.0,100.0,100.0,0,0,0,25,20,0,0,25,8,8,0,0,17,1,126,1,1,1,94,2,1,1,196,2,3,1,1,1,1,205,209,18,3,205,199,199,21,6,197,10,True
Zak Yamauchi,200315,G,BYU,2,100.0,0,128,74.8,72.8,73.7,0,0,3,100.0,100.0,100.0,0,0,0,25,0,12,0,25,3,3,13,0,22,0,400,1,1,35,212,45,1,1,497,3,8,1,1,1,1,453,47,280,39,453,501,501,280,40,407,58,True
Trynae Washington,199042,TE,OKLAHOMA,3,89.3,0,261,79.2,67.4,81.4,0,0,4,57.1,57.1,100.0,0,0,0,25,0,0,0,28,4,7,0,0,21,22,353,46,1,19,240,4,1,1,332,33,33,1,1,1,1,403,1,2,61,441,341,439,2,62,412,409,True
Casey Smith,175267,TE,NAVY,3,78.1,0,237,59.4,,68.4,0,0,0,0.0,0.0,,0,0,0,25,0,0,0,32,0,7,0,0,25,10,353,120,1,210,,86,1,1,459,459,459,,1,1,1,403,1,2,61,424,459,439,2,62,374,475,True
Bo MacCormack III,207813,HB,BOSTON COL,2,30.9,0,121,63.5,56.4,55.5,0,1,8,16.0,18.5,93.7,2,1,0,25,0,0,0,81,10,54,0,0,15,0,276,109,1,235,165,212,1,150,230,262,250,214,276,113,1,152,2,1,1,191,216,141,1,1,73,48,True
Shamar Easter,172405,TE,N CAROLINA,3,53.2,0,245,56.8,69.0,53.7,0,0,3,12.0,12.0,100.0,0,0,0,25,0,0,0,47,3,25,0,0,22,31,353,386,1,252,202,303,1,1,357,383,387,1,1,1,1,403,1,2,61,361,368,312,2,62,400,355,True
Jett Zabel,192005,TE,N DAK ST,3,96.0,0,250,55.6,64.5,55.1,0,0,1,50.0,50.0,100.0,0,0,0,24,0,0,0,25,1,2,0,0,23,21,353,16,1,282,285,265,1,1,430,49,48,1,1,1,1,414,1,2,61,453,433,473,2,62,388,419,True
Ashton Gray,190611,HB,E CAROLINA,3,27.6,0,156,83.6,56.0,59.9,0,1,15,33.3,35.6,90.0,0,2,1,24,0,0,0,87,16,45,0,0,8,0,232,153,1,15,167,78,1,150,129,110,101,254,1,216,248,158,2,1,1,177,132,178,1,1,162,48,True
Israel Polk,170122,WR,OKLA STATE,1,75.0,0,262,63.4,,60.7,0,0,0,0.0,0.0,,0,0,0,24,0,0,0,32,0,8,0,0,24,0,783,25,1,384,,380,1,1,76,76,80,,1,1,1,627,1,2,5,743,80,763,1,5,627,213,True
Dorian Thomas,171871,TE,CAL,3,55.8,0,130,56.0,64.4,53.2,0,0,1,5.6,5.0,100.0,0,0,0,24,0,0,0,43,1,20,0,2,23,24,353,356,1,270,293,313,1,1,430,436,441,1,1,1,1,414,1,2,61,390,433,344,2,11,388,397,True
Jaylan Brown,190310,WR,UTEP,4,49.0,0,330,48.5,,74.4,0,0,0,0.0,0.0,,1,0,0,24,0,0,0,49,0,25,0,0,24,0,38,237,1,783,,52,1,1,76,76,80,,550,1,1,627,1,2,5,649,80,636,1,5,627,213,True
Lolo Mataele,200038,HB,W MICHIGAN,4,31.6,0,347,64.3,57.3,54.2,1,0,14,35.9,33.3,96.4,1,1,0,24,0,0,0,76,14,42,0,0,10,0,15,102,1,224,161,227,239,1,142,92,111,170,236,113,1,158,2,1,1,207,157,186,1,1,128,48,True
Eli Holstein,172381,QB,VIRGINIA,3,52.2,0,335,85.4,,60.0,0,0,0,0.0,0.0,,0,0,0,24,0,0,0,46,0,21,0,0,24,0,129,27,1,33,,78,1,1,18,18,20,,1,1,1,168,1,1,1,174,20,173,1,1,168,2,True
Daunte Bacheyie,204295,TE,SYRACUSE,3,36.9,0,304,66.5,30.5,54.7,0,0,7,14.9,14.6,100.0,0,0,0,24,0,0,0,65,7,48,0,0,17,41,353,471,1,106,448,276,1,1,245,339,350,1,1,1,1,414,1,2,61,293,259,190,2,62,443,306,True
Romel Stevens,204640,WR,ARK STATE,3,88.9,0,113,50.6,,63.7,0,0,0,0.0,0.0,,0,0,0,24,0,0,0,27,0,3,0,0,24,0,603,5,1,757,,212,1,1,76,76,80,,1,1,1,627,1,2,5,770,80,786,1,5,627,213,True
Anthony Carrie,183214,HB,FIU,4,16.0,0,166,60.7,25.6,58.9,0,5,19,22.4,22.2,86.8,0,5,0,24,0,0,0,150,20,90,0,0,4,0,15,270,1,258,257,115,1,284,94,213,220,272,1,281,1,158,2,1,1,45,94,32,1,1,241,48,True
Mojo Dortch,163681,WR,TROY,4,30.8,0,318,55.6,,58.2,0,0,0,0.0,0.0,,1,0,0,24,0,0,0,78,0,54,0,0,24,0,38,729,1,649,,509,1,1,76,76,80,,550,1,1,627,1,2,5,528,80,458,1,5,627,213,True
CJ Baxter,173153,HB,KENTUCKY,4,21.1,0,202,76.6,71.3,44.0,0,1,17,34.7,33.3,97.1,0,1,0,24,0,0,0,114,17,51,0,0,7,0,15,223,1,67,107,274,1,150,110,100,111,158,1,113,1,158,2,1,1,110,124,152,1,1,179,48,True
Jaydon Chatman,173154,G,TEXAS,2,100.0,0,311,77.7,77.9,77.1,0,0,7,100.0,100.0,100.0,1,0,0,24,0,4,0,24,7,7,20,0,17,0,400,1,1,20,129,22,1,1,458,3,8,1,266,1,1,458,47,304,39,458,460,461,251,40,448,58,True
Elijah Faulkner,199784,HB,UMASS,4,22.6,0,216,76.4,83.1,57.4,0,0,14,31.8,29.8,100.0,0,0,0,24,0,0,0,106,14,47,0,0,10,0,15,208,1,71,28,170,1,1,142,125,148,1,1,1,1,158,2,1,1,128,157,171,1,1,128,48,True
Toby Mealer,205015,G,SO MISS,2,100.0,0,296,58.2,2.9,65.5,1,1,8,100.0,100.0,87.5,0,2,0,24,0,12,0,24,8,8,9,3,16,0,400,1,1,354,507,147,374,171,451,3,8,507,1,230,1,458,47,280,39,458,452,452,291,26,459,58,True
Alante Brown,97171,WR,MEMPHIS,3,54.5,0,218,49.7,,74.1,0,0,0,0.0,0.0,,0,0,0,24,0,0,0,44,0,20,0,0,24,0,603,141,1,772,,55,1,1,76,76,80,,1,1,1,627,1,2,5,674,80,667,1,5,627,213,True
Mercer Luniewski,183540,T,S DIEGO ST,3,100.0,0,284,59.5,70.8,56.4,0,0,9,100.0,100.0,100.0,0,0,0,24,0,0,24,24,10,10,0,0,14,0,278,1,1,313,187,360,1,1,417,2,6,1,1,1,1,430,4,28,228,431,411,412,38,301,448,156,True
Ethan Ervin,199664,HB,FAU,4,15.9,0,165,71.4,41.9,59.5,0,0,17,23.9,24.4,94.1,0,1,1,24,0,0,0,151,19,78,0,0,5,0,15,272,1,141,217,90,1,1,110,206,204,212,1,113,248,158,2,1,1,42,99,56,1,1,224,48,True
Noah Meyers,173445,TE,SYRACUSE,3,57.1,0,304,53.4,61.7,54.6,0,0,7,29.2,30.8,100.0,1,0,0,24,0,0,1,42,8,26,0,0,16,29,353,344,1,324,312,282,1,1,245,167,156,1,293,1,1,414,1,2,24,393,244,302,2,62,453,362,True
Connor Vaughn,162634,TE,N TEXAS,3,75.0,0,251,45.9,66.5,42.4,0,0,2,20.0,20.0,100.0,0,0,0,24,0,0,0,32,2,10,0,0,22,22,353,146,1,432,257,451,1,1,393,258,271,1,1,1,1,414,1,2,61,424,402,414,2,62,400,409,True
Jackson Christian,199303,C,TEXAS,2,100.0,0,311,52.2,76.2,62.6,0,0,7,100.0,100.0,100.0,2,0,0,24,24,0,0,24,7,7,0,0,17,0,180,1,1,219,96,116,1,1,201,2,3,1,167,1,1,206,202,18,3,206,204,204,21,6,197,16,True
Hayden Wright,199024,T,HOUSTON,1,100.0,0,182,51.1,69.7,51.2,0,0,2,100.0,100.0,100.0,0,0,0,24,0,0,0,24,2,2,0,24,22,0,455,1,1,437,201,439,1,1,488,2,6,1,1,1,1,430,4,28,315,431,490,490,38,229,385,156,True
Roberto Rodriguez,199000,G,N TEXAS,3,100.0,0,251,67.3,54.4,67.0,0,1,5,100.0,100.0,90.0,0,1,0,24,0,13,0,24,5,5,0,9,19,2,284,1,1,119,395,123,1,171,476,3,8,504,1,139,1,458,47,278,39,458,478,478,322,15,425,19,True
Braden Streeter,185330,QB,DELAWARE,3,38.7,0,151,45.5,,60.1,0,0,0,0.0,0.0,,0,0,0,24,0,0,0,62,0,34,0,0,24,0,129,119,1,194,,34,1,1,18,18,20,,1,1,1,168,1,1,1,164,20,161,1,1,168,2,True
McCae Hillstead,174761,QB,UTAH ST,1,35.3,0,329,46.9,,60.0,0,0,0,0.0,0.0,,0,0,0,24,0,0,0,68,0,42,0,0,24,0,197,149,1,192,,78,1,1,18,18,20,,1,1,1,168,1,1,1,161,20,154,1,1,168,2,True
Cam Edwards,158615,HB,MICH STATE,4,20.2,0,223,74.1,31.7,59.3,1,1,18,38.3,38.0,88.9,0,3,1,24,0,0,0,119,19,50,0,0,5,0,15,230,1,101,236,101,239,150,99,72,82,262,1,254,248,158,2,1,1,99,99,158,1,1,224,48,True
Demetrice McCray,213818,WR,PITTSBURGH,3,36.4,0,268,68.5,,60.4,0,0,0,0.0,0.0,,1,0,0,24,0,0,0,66,0,42,0,0,24,1,603,636,1,228,,399,1,1,76,76,80,,550,1,1,627,1,2,5,571,80,526,1,5,627,112,True
Ca'Lil Valentine,183515,HB,ILLINOIS,4,19.4,0,187,68.8,28.1,60.0,0,2,22,32.8,30.6,95.5,0,2,0,24,0,0,0,124,22,72,0,0,2,0,15,238,1,174,248,65,1,243,59,120,136,187,1,216,1,158,2,1,1,86,81,67,1,1,274,48,True
Lucas Austin,189915,T,VA TECH,2,100.0,0,337,57.6,77.9,62.3,0,0,11,100.0,100.0,100.0,1,0,0,24,0,0,0,24,12,12,0,24,12,0,379,1,1,340,87,230,1,1,403,2,6,1,232,1,1,430,4,28,315,431,401,402,38,229,466,156,True
Tripp Riordan,175293,TE,SMU,4,68.6,0,287,69.8,79.1,50.1,0,0,7,41.2,42.1,100.0,0,0,0,24,0,0,0,35,8,19,0,0,16,12,23,215,1,75,8,359,1,1,245,89,81,1,1,1,1,414,1,2,61,412,244,350,2,62,453,469,True
Jon Monteiro,191099,WR,LIBERTY,4,58.5,0,206,52.5,,57.2,0,0,0,0.0,0.0,,0,0,0,24,0,0,0,41,0,17,0,0,24,0,38,106,1,727,,540,1,1,76,76,80,,1,1,1,627,1,2,5,692,80,698,1,5,627,213,True
Buddy Wegdam,227153,T,VA TECH,1,100.0,0,337,71.4,79.8,67.9,0,0,8,100.0,100.0,100.0,0,0,0,24,0,0,24,24,8,8,0,0,16,0,455,1,1,90,57,130,1,1,426,2,6,1,1,1,1,430,4,28,228,431,428,428,38,301,434,156,True
Jeremy Bell,191144,WR,GEORGIA,3,53.3,0,173,82.7,,86.6,0,0,0,0.0,0.0,,0,0,0,24,0,0,0,45,0,20,0,0,24,0,603,155,1,26,,3,1,1,76,76,80,,1,1,1,627,1,2,5,668,80,667,1,5,627,213,True
Michael Allen,157405,HB,E CAROLINA,4,33.8,0,156,58.1,29.2,50.6,0,3,14,36.8,38.5,89.3,0,3,0,24,0,0,0,71,15,39,0,0,9,0,15,84,1,268,244,244,1,273,142,85,78,261,1,254,1,158,2,1,1,219,144,200,1,1,148,48,True
Adonis Moise,198606,WR,KANSAS ST,3,80.0,0,199,55.7,,59.1,0,0,0,0.0,0.0,,0,0,0,24,0,0,0,30,0,6,0,0,24,0,603,14,1,645,,477,1,1,76,76,80,,1,1,1,627,1,2,5,757,80,774,1,5,627,213,True
Dominique McKenzie,183778,WR,S JOSE ST,4,33.3,1,285,54.5,,60.9,0,0,0,0.0,0.0,,1,0,0,24,0,0,0,72,0,48,0,0,24,0,38,684,768,681,,361,1,1,76,76,80,,550,1,1,627,1,2,5,552,80,493,1,5,627,213,True
Michael Burt,189675,TE,IOWA,2,96.0,0,192,60.4,68.4,66.8,0,0,1,50.0,50.0,100.0,1,0,0,24,0,0,0,25,1,2,0,0,23,25,442,16,1,198,219,98,1,1,430,49,48,1,293,1,1,414,1,2,61,453,433,473,2,62,388,388,True
D'Shawntae Jones,188283,HB,MIAMI OH,4,36.4,0,221,59.0,83.2,58.4,0,0,17,48.6,50.0,100.0,0,0,0,24,0,0,0,66,18,36,0,0,6,0,15,64,1,266,26,136,1,1,110,32,29,1,1,1,1,158,2,1,1,229,111,220,1,1,205,48,True
Velltray Jefferson,156099,TE,UNLV,4,85.7,0,325,39.5,69.7,51.5,0,0,5,55.6,55.6,100.0,2,0,0,24,0,0,0,28,5,9,0,0,19,24,23,64,1,473,185,337,1,1,301,37,38,1,439,1,1,414,1,2,61,441,307,421,2,62,426,397,True
Isaiah Cook,151705,FB,RUTGERS,3,100.0,0,278,74.5,76.1,73.2,0,0,6,100.0,100.0,100.0,0,0,0,24,0,0,0,24,6,6,21,0,18,0,3,1,1,3,2,2,1,1,3,1,1,1,1,1,1,5,1,1,1,5,4,4,1,1,5,5,True
Owen Dupree,177847,WR,GA STATE,3,64.9,0,175,51.3,,45.2,0,0,0,0.0,0.0,,0,0,0,24,0,0,0,37,0,13,0,0,24,0,603,66,1,746,,736,1,1,76,76,80,,1,1,1,627,1,2,5,717,80,732,1,5,627,213,True
Israel Briggs,216960,TE,MIAMI FL,3,52.2,0,220,49.2,69.3,53.6,0,0,2,8.7,8.3,100.0,0,0,0,24,0,0,0,46,2,24,0,0,22,29,353,392,1,392,191,306,1,1,393,414,420,1,1,1,1,414,1,2,61,368,402,321,2,62,400,362,True
Wesley Campbell VI,178477,TE,GA STATE,4,45.3,0,175,40.3,,41.5,0,0,0,0.0,0.0,,1,0,0,24,0,0,0,53,0,29,0,0,24,38,23,442,1,470,,459,1,1,459,459,459,,293,1,1,414,1,2,61,336,459,280,2,62,384,324,True
Kiefer Sibley,183481,HB,NEW MEXICO,4,26.1,0,241,82.4,58.8,58.4,0,0,13,28.9,29.2,92.3,0,1,1,24,0,0,0,92,14,48,0,0,10,1,15,171,1,22,157,136,1,1,156,151,158,236,1,113,248,158,2,1,1,167,157,167,1,1,128,26,True
J'Koby Williams,191359,HB,TEXAS TECH,4,21.2,0,315,79.8,71.9,57.8,0,0,14,25.5,24.1,92.9,0,1,1,24,0,0,0,113,14,58,0,0,10,0,15,222,1,37,101,157,1,1,142,187,206,223,1,113,248,158,2,1,1,112,157,123,1,1,128,48,True
Quayd Hendryx,218432,WR,MINNESOTA,4,47.1,0,225,70.6,,88.8,0,0,0,0.0,0.0,,0,0,0,24,0,0,0,51,0,27,0,0,24,1,38,277,1,180,,2,1,1,76,76,80,,1,1,1,627,1,2,5,639,80,619,1,5,627,112,True
Nick Sowell,196894,WR,BOWL GREEN,4,55.8,0,122,59.9,,61.3,0,0,0,0.0,0.0,,0,0,0,24,0,0,0,43,0,19,0,0,24,0,38,129,1,512,,327,1,1,76,76,80,,1,1,1,627,1,2,5,681,80,681,1,5,627,213,True
Goldie Lawrence,170346,WR,COAST CAR,4,30.4,0,141,62.7,,56.4,0,0,0,0.0,0.0,,0,0,0,24,0,0,0,79,0,55,0,0,24,0,38,736,1,416,,558,1,1,76,76,80,,1,1,1,627,1,2,5,522,80,450,1,5,627,213,True
Brandon Inniss,170255,WR,OHIO STATE,4,25.5,0,260,67.8,,47.5,0,0,0,0.0,0.0,,0,0,0,24,0,0,0,94,0,70,0,0,24,1,38,778,1,247,,703,1,1,76,76,80,,1,1,1,627,1,2,5,459,80,372,1,5,627,112,True
Jason Dickerson,190409,WR,E CAROLINA,4,41.4,0,156,70.8,62.1,56.4,0,0,1,2.9,2.9,100.0,0,0,0,24,0,0,0,58,1,35,0,0,23,0,38,466,1,172,48,558,1,1,14,15,14,1,1,1,1,627,1,2,5,599,16,569,1,5,642,213,True
Andre Cojoe,173155,T,TEXAS,2,100.0,0,311,69.9,77.1,66.8,0,0,9,100.0,100.0,100.0,0,0,0,23,0,0,12,23,9,9,0,11,14,0,379,1,1,108,101,146,1,1,417,2,6,1,1,1,1,434,4,28,275,435,421,421,38,271,448,156,True
Tanner Welch,176432,T,ARK STATE,3,100.0,0,113,78.7,81.7,75.1,0,0,8,100.0,100.0,100.0,0,0,0,23,0,0,23,23,8,8,0,0,15,0,278,1,1,32,47,48,1,1,426,2,6,1,1,1,1,434,4,28,230,435,428,428,38,301,439,156,True
Jaylin Lucas,156396,HB,TULANE,4,26.4,0,319,66.0,74.7,55.2,0,0,4,10.3,10.0,100.0,0,0,0,23,0,0,0,87,4,40,0,0,19,0,15,165,1,207,84,216,1,1,268,275,277,1,1,1,1,170,2,1,1,177,268,195,1,1,50,48,True
Tyseer Denmark,191333,WR,VA TECH,4,29.5,0,337,53.7,,71.2,0,0,0,0.0,0.0,,0,0,0,23,0,0,0,78,0,55,0,0,23,0,38,747,1,705,,88,1,1,76,76,80,,1,1,1,643,1,2,5,528,80,450,1,5,642,213,True
Shawn Rouse,176382,TE,MARSHALL,4,92.0,0,214,46.1,,46.7,0,0,0,0.0,0.0,,0,0,0,23,0,0,0,25,0,2,0,0,23,21,23,26,1,430,,404,1,1,459,459,459,,1,1,1,424,1,2,61,453,459,473,2,62,388,419,True
CJ Wiley,198465,WR,GEORGIA,4,63.9,0,173,49.2,,51.5,0,0,0,0.0,0.0,,0,0,0,23,0,0,0,36,0,13,0,0,23,0,38,71,1,778,,638,1,1,76,76,80,,1,1,1,643,1,2,5,725,80,732,1,5,642,213,True
Joe Brown,183759,G,BYU,2,100.0,0,128,81.9,73.7,80.4,0,0,2,100.0,100.0,100.0,0,0,0,23,1,0,0,23,2,2,22,0,21,0,400,1,1,4,193,5,1,1,506,3,8,1,1,1,1,461,42,327,39,461,507,507,242,40,413,58,True
Brandon Young Jr.,183483,TE,UTSA,4,39.0,0,331,64.5,68.6,42.7,0,0,2,6.1,5.7,100.0,1,0,0,23,0,0,0,59,2,35,0,0,21,29,23,466,1,136,215,448,1,1,393,432,438,1,293,1,1,424,1,2,61,315,402,251,2,62,412,362,True
Salesi Moa,215645,WR,MICHIGAN,4,41.8,0,222,55.8,,61.4,0,0,0,0.0,0.0,,0,0,0,23,0,0,0,55,0,31,0,0,23,0,38,453,1,641,,316,1,1,76,76,80,,1,1,1,643,1,2,5,612,80,596,1,5,642,213,True
Dierre Hill Jr.,199870,HB,OREGON,4,19.3,0,264,82.7,72.7,56.7,0,1,14,21.2,20.6,96.4,0,1,0,23,0,0,0,119,14,68,0,0,9,0,15,239,1,19,96,193,1,150,142,231,232,170,1,113,1,170,2,1,1,99,157,84,1,1,148,48,True
Zach Stair,218328,WR,GA STATE,3,60.5,0,175,71.0,,60.3,0,0,0,0.0,0.0,,0,0,0,23,0,0,0,38,0,15,0,0,23,0,603,93,1,164,,405,1,1,76,76,80,,1,1,1,643,1,2,5,711,80,715,1,5,642,213,True
Harrison Saint Germain,157647,TE,VA TECH,2,67.6,0,337,54.6,33.3,40.0,0,0,5,33.3,31.3,100.0,0,0,0,23,0,0,0,34,5,16,0,0,18,19,442,226,1,304,439,464,1,1,301,127,151,1,1,1,1,424,1,2,61,416,307,369,2,62,434,431,True
Bryson Donelson,191080,HB,FRESNO ST,4,22.3,0,169,69.0,81.8,57.1,0,0,12,23.1,23.2,100.0,0,0,0,23,0,0,0,103,13,56,0,0,10,0,15,210,1,166,39,180,1,1,171,210,212,1,1,1,1,170,2,1,1,136,174,129,1,1,128,48,True
DeKalon Taylor,168419,HB,COLORADO,4,30.3,0,143,68.0,53.5,59.4,0,0,17,30.9,32.2,82.4,0,3,3,23,0,0,0,76,19,59,0,0,4,0,15,115,1,186,180,96,1,1,110,134,125,275,1,254,285,170,2,1,1,207,99,119,1,1,241,48,True
Jordan Fields,204272,TE,PITTSBURGH,4,74.2,0,268,49.1,69.3,59.3,0,0,4,33.3,38.5,100.0,1,0,0,23,0,0,0,31,5,13,0,0,18,29,23,160,1,393,191,193,1,1,332,127,102,1,293,1,1,424,1,2,61,428,307,388,2,62,434,362,True
Tye Hylton,183302,T,LA TECH,1,100.0,0,208,59.0,75.4,56.7,0,0,4,100.0,100.0,100.0,0,0,0,23,0,0,0,23,5,5,0,23,18,0,455,1,1,319,126,352,1,1,462,2,6,1,1,1,1,434,4,28,315,435,452,453,38,233,409,156,True
Nathan Hale,174865,T,ARIZONA,1,100.0,0,109,53.3,82.2,56.8,0,0,8,100.0,100.0,100.0,1,0,0,23,0,0,21,23,9,9,0,0,14,2,455,1,1,407,41,348,1,1,426,2,6,1,232,1,1,434,4,28,236,435,421,421,38,301,448,59,True
Samu Suominen,212060,G,UMASS,3,100.0,0,216,59.4,44.6,65.7,0,1,3,100.0,100.0,83.3,2,1,0,23,0,22,0,23,4,4,1,0,19,0,284,1,1,315,452,143,1,171,497,3,8,510,396,139,1,461,47,244,39,461,492,492,311,40,425,58,True
Gavin Proudfoot,159421,T,IOWA STATE,2,92.0,0,193,78.1,69.8,76.9,0,0,4,66.7,66.7,100.0,0,0,0,23,0,0,0,25,4,6,0,0,19,25,379,494,1,37,197,35,1,1,462,493,493,1,1,1,1,434,4,28,315,426,464,443,38,301,400,1,True
Brady Mott,170995,HB,ARMY,2,67.6,0,114,51.0,75.5,46.2,0,0,3,30.0,25.0,100.0,0,0,0,23,0,0,0,34,3,12,0,0,20,3,276,13,1,283,79,267,1,1,271,140,195,1,1,1,1,170,2,1,1,278,273,274,1,1,44,17,True
Carson Smith,171016,HB,ARMY,2,54.8,0,114,82.6,74.4,56.3,0,0,2,40.0,57.1,100.0,0,0,0,23,0,0,0,42,4,7,0,0,19,0,276,23,1,21,86,201,1,1,275,63,20,1,1,1,1,170,2,1,1,271,268,282,1,1,50,48,True
Tre' Brown,199057,WR,LSU,3,74.2,0,211,55.5,,57.2,0,0,0,0.0,0.0,,0,0,0,23,0,0,0,31,0,8,0,0,23,0,603,28,1,655,,540,1,1,76,76,80,,1,1,1,643,1,2,5,751,80,763,1,5,642,213,True
Ramone Green Jr.,171449,HB,MO STATE,4,23.0,1,230,76.0,84.2,72.1,0,0,15,28.3,30.9,100.0,1,0,0,23,0,0,0,100,17,55,0,0,6,0,15,205,278,76,15,21,1,1,129,161,133,1,236,1,1,170,2,1,1,146,124,133,1,1,205,48,True
Bryson Washington,174649,HB,AUBURN,4,39.0,0,115,62.0,74.4,57.6,0,1,13,41.9,47.1,96.2,0,1,0,23,0,0,0,59,16,34,0,0,7,0,15,52,1,252,86,163,1,150,156,52,38,178,1,113,1,170,2,1,1,241,132,233,1,1,179,48,True
Trae Stevenson,199194,WR,S ALABAMA,4,74.2,0,288,51.9,,46.6,0,0,0,0.0,0.0,,0,0,0,23,0,0,0,31,0,8,0,0,23,0,38,28,1,735,,715,1,1,76,76,80,,1,1,1,643,1,2,5,751,80,763,1,5,642,213,True
Leland Smith,190924,WR,UCLA,3,53.5,0,324,74.4,,58.8,0,0,0,0.0,0.0,,0,0,0,23,0,0,0,43,0,20,0,0,23,0,603,150,1,104,,489,1,1,76,76,80,,1,1,1,643,1,2,5,681,80,667,1,5,642,213,True
Jordan Coleman,205403,T,TEXAS,3,100.0,0,311,83.2,59.4,82.5,0,1,6,100.0,100.0,91.7,0,1,0,23,0,0,15,23,6,6,0,3,17,5,278,1,1,16,315,12,1,145,442,2,6,481,1,112,1,434,4,28,261,435,443,443,38,285,418,27,True
Ja'Kayden Ferguson,200078,WR,KENTUCKY,4,56.1,0,202,61.7,,75.7,0,0,0,0.0,0.0,,0,0,0,23,0,0,0,41,0,18,0,0,23,0,38,127,1,450,,41,1,1,76,76,80,,1,1,1,643,1,2,5,692,80,688,1,5,642,213,True
Ty Rupe,199495,TE,UTSA,4,79.3,0,331,46.1,,47.8,0,0,0,0.0,0.0,,0,0,0,23,0,0,0,29,0,6,0,0,23,22,23,107,1,430,,396,1,1,459,459,459,,1,1,1,424,1,2,61,436,459,454,2,62,388,409,True
Derek Meadows,198079,WR,ALABAMA,4,59.0,0,103,69.4,63.4,76.5,0,0,1,5.9,5.9,100.0,0,0,0,23,0,0,0,39,1,17,0,0,22,0,38,103,1,209,42,35,1,1,14,6,5,1,1,1,1,643,1,2,5,706,16,698,1,5,654,213,True
Tramell Jones Jr.,200122,QB,FLORIDA,3,53.5,0,163,71.7,,60.2,0,0,0,0.0,0.0,,0,0,0,23,0,0,0,43,0,18,0,0,23,0,129,23,1,102,,20,1,1,18,18,20,,1,1,1,171,1,1,1,178,20,176,1,1,171,2,True
Ja'Quan Sprinkle,177103,G,LSU,2,100.0,0,211,56.4,39.4,57.4,0,1,8,100.0,100.0,93.7,0,1,0,23,0,23,0,23,8,8,0,0,15,0,400,1,1,395,472,339,1,171,451,3,8,490,1,139,1,461,47,241,39,461,452,452,322,40,463,58,True
Blake McLane,216309,WR,TEXAS ST,1,79.3,0,314,56.6,,63.8,0,0,0,0.0,0.0,,0,0,0,23,0,0,0,29,0,6,0,0,23,0,783,15,1,619,,209,1,1,76,76,80,,1,1,1,643,1,2,5,762,80,774,1,5,642,213,True
Zaden Krempin,216283,T,TEXAS A&M,3,100.0,0,312,66.8,79.2,63.2,0,0,8,100.0,100.0,100.0,0,0,0,23,0,0,23,23,8,8,0,0,15,0,278,1,1,156,67,213,1,1,426,2,6,1,1,1,1,434,4,28,230,435,428,428,38,301,439,156,True
Navarro Schunke,188693,G,KANSAS ST,2,100.0,0,199,87.5,77.2,86.4,0,0,5,100.0,100.0,100.0,0,0,0,23,0,22,0,23,5,5,1,0,18,0,400,1,1,1,142,2,1,1,476,3,8,1,1,1,1,461,47,244,39,461,478,478,311,40,431,58,True
Rico Flores Jr.,171083,WR,VIRGINIA,2,33.8,0,335,75.7,,62.2,0,0,0,0.0,0.0,,0,0,0,23,0,0,0,68,0,45,0,0,23,0,735,676,1,84,,256,1,1,76,76,80,,1,1,1,643,1,2,5,567,80,510,1,5,642,213,True
Tyler Gibson,156301,T,UCF,2,100.0,0,323,43.4,34.3,46.3,0,0,12,100.0,100.0,91.7,0,1,1,23,0,0,0,23,15,15,0,23,8,0,379,1,1,474,455,478,1,1,397,2,6,481,1,112,333,434,4,28,315,435,387,387,38,233,493,156,True
Ja'Corian Norris,199727,WR,LA LAFAYET,4,52.3,0,207,53.8,,47.5,0,0,0,0.0,0.0,,0,0,0,23,0,0,0,44,0,20,0,0,23,0,38,170,1,700,,703,1,1,76,76,80,,1,1,1,643,1,2,5,674,80,667,1,5,642,213,True
Kyson Brown,176525,HB,ARIZONA ST,3,20.5,0,110,73.9,79.1,80.1,0,0,9,17.3,16.7,100.0,0,0,0,23,0,0,0,112,9,54,0,0,14,0,232,229,1,102,56,4,1,1,216,254,258,1,1,1,1,170,2,1,1,115,227,141,1,1,83,48,True
Tyler Johnson,172453,T,KANSAS ST,2,100.0,0,199,76.6,78.8,73.3,0,0,5,100.0,100.0,100.0,0,0,0,22,0,0,22,22,5,5,0,0,17,0,379,1,1,42,74,69,1,1,452,2,6,1,1,1,1,442,4,28,233,443,452,453,38,301,418,156,True
Troy Stellato,144139,WR,UNLV,2,48.9,0,325,57.6,,61.3,0,0,0,0.0,0.0,,0,0,0,22,0,0,0,45,0,23,0,0,22,0,735,240,1,591,,327,1,1,76,76,80,,1,1,1,655,1,2,5,668,80,652,1,5,654,213,True
Zion Steptoe,156494,WR,MINNESOTA,4,50.0,0,225,48.5,,39.2,0,0,0,0.0,0.0,,0,0,0,22,0,0,0,44,0,22,0,0,22,3,38,209,1,783,,775,1,1,76,76,80,,1,1,1,655,1,2,5,674,80,659,1,5,654,48,True
Michael Capria,157767,C,KANSAS ST,2,100.0,0,199,79.3,75.7,74.2,0,0,5,100.0,100.0,100.0,0,0,0,22,22,0,0,22,5,5,0,0,17,0,180,1,1,12,105,15,1,1,213,2,3,1,1,1,1,207,203,18,3,207,213,213,21,6,197,16,True
Jaiven Plummer,158326,WR,GA TECH,2,45.8,0,176,65.6,,60.8,0,0,0,0.0,0.0,,1,0,0,22,0,0,0,48,0,26,0,0,22,0,735,318,1,315,,372,1,1,76,76,80,,550,1,1,655,1,2,5,654,80,627,1,5,654,213,True
Donovan Green,158648,TE,OKLA STATE,3,78.6,0,262,60.4,,66.8,0,0,0,0.0,0.0,,0,0,0,22,0,0,0,28,0,6,0,0,22,16,353,117,1,198,,98,1,1,459,459,459,,1,1,1,429,1,2,61,441,459,454,2,62,400,452,True
Jamar Curtis,159741,HB,SACRAMENTO,4,21.6,0,279,65.0,26.1,59.5,1,1,18,26.5,26.1,94.4,0,2,0,22,0,0,0,102,18,69,0,0,4,0,15,218,1,217,255,90,239,150,99,175,188,203,1,216,1,179,2,1,1,140,111,77,1,1,241,48,True
Sam Brown V,162899,HB,TEMPLE,2,32.4,0,306,73.6,44.4,65.8,0,0,11,35.5,37.5,100.0,0,0,0,22,0,0,0,68,12,32,0,0,10,0,276,98,1,107,204,43,1,1,186,95,84,1,1,1,1,179,2,1,1,225,186,240,1,1,128,48,True
Preston Rex,163255,HB,BYU,3,51.2,1,128,75.9,40.8,57.0,0,1,7,38.9,42.1,92.9,1,1,0,22,0,0,0,43,8,19,0,0,14,0,232,27,278,78,222,181,1,150,243,68,56,223,236,113,1,179,2,1,1,270,239,261,1,1,83,48,True
Tony Boggs,170038,TE,DUKE,4,100.0,0,154,50.8,67.3,51.0,0,0,2,100.0,100.0,100.0,0,0,0,22,0,0,0,22,2,2,0,0,20,19,23,1,1,373,243,343,1,1,393,1,1,1,1,1,1,429,1,2,61,466,402,473,2,62,418,431,True
Sam Sledge,170241,C,NEBRASKA,2,100.0,0,238,62.4,78.4,59.3,0,0,11,100.0,100.0,100.0,0,0,0,22,22,0,0,22,11,11,0,0,11,0,180,1,1,135,64,157,1,1,187,2,3,1,1,1,1,207,203,18,3,207,187,187,21,6,222,16,True
Evan Ferguson,170797,G,MARSHALL,3,100.0,0,214,58.3,83.4,52.3,0,0,9,100.0,100.0,100.0,0,0,0,22,0,4,0,22,12,12,15,0,10,3,284,1,1,347,44,443,1,1,446,3,8,1,1,1,1,465,47,304,39,465,431,431,269,40,495,13,True
M.J. Johnson,172354,WR,SO MISS,4,41.5,0,296,83.6,,59.9,0,0,0,0.0,0.0,,0,0,0,22,0,0,0,53,0,30,0,0,22,0,38,459,1,22,,436,1,1,76,76,80,,1,1,1,655,1,2,5,624,80,602,1,5,654,213,True
Jackson Wasserstrom,173391,WR,INDIANA,3,88.0,0,190,71.3,,62.7,0,0,0,0.0,0.0,,0,0,0,22,0,0,0,25,0,3,0,0,22,0,603,6,1,159,,235,1,1,76,76,80,,1,1,1,655,1,2,5,775,80,786,1,5,654,213,True
Jason Steele,173457,C,BOISE ST,3,100.0,0,120,60.0,67.4,59.1,0,0,1,100.0,100.0,100.0,0,0,0,22,6,0,0,22,1,1,5,1,21,10,126,1,1,168,162,160,1,1,230,2,3,1,1,1,1,207,231,18,3,207,230,230,10,5,186,4,True
Luke Duncan,173972,QB,NEVADA,2,52.4,0,239,38.5,,60.0,0,0,0,0.0,0.0,,0,0,0,22,0,0,0,42,0,18,0,0,22,0,173,25,1,199,,78,1,1,18,18,20,,1,1,1,172,1,1,1,179,20,176,1,1,172,2,True
David Mbadinga,174136,HB,GA SOUTHRN,4,23.4,0,174,72.0,61.4,59.8,1,0,13,25.0,25.9,96.2,0,1,0,22,0,0,0,94,15,58,0,0,7,0,15,201,1,136,147,81,239,1,156,190,190,178,1,113,1,179,2,1,1,162,144,123,1,1,179,48,True
Marcellus Jackson,174568,WR,LA MONROE,4,24.2,0,209,69.7,,45.7,0,0,0,0.0,0.0,,0,0,0,22,0,0,0,91,0,66,0,0,22,0,38,783,1,204,,731,1,1,76,76,80,,1,1,1,655,1,2,5,476,80,389,1,5,654,213,True
George Nahas,174679,G,IOWA,2,100.0,0,192,64.6,7.9,66.8,1,0,3,100.0,100.0,83.3,0,1,0,22,0,0,0,22,3,3,22,0,19,0,400,1,1,175,505,127,374,1,497,3,8,510,1,139,1,465,47,327,39,465,501,501,242,40,425,58,True
Larry Johnson III,174729,T,COLORADO,2,100.0,0,143,71.9,84.3,66.8,0,0,16,100.0,100.0,100.0,0,0,0,22,0,3,0,22,16,16,7,12,6,0,379,1,1,87,27,146,1,1,383,2,6,1,1,1,1,442,4,12,315,443,386,386,19,269,494,156,True
Traylon Ray,176206,WR,OLE MISS,4,24.4,0,226,71.8,,55.8,0,0,0,0.0,0.0,,0,0,0,22,0,0,0,90,0,68,0,0,22,1,38,781,1,144,,569,1,1,76,76,80,,1,1,1,655,1,2,5,481,80,378,1,5,654,112,True
Caleb Komolafe,176513,HB,NWESTERN,3,28.9,0,256,64.2,7.3,58.5,0,0,11,29.7,30.8,81.8,1,2,2,22,0,0,0,76,12,39,0,0,10,0,232,135,1,226,280,132,1,1,186,143,135,276,236,216,283,179,2,1,1,207,186,200,1,1,128,48,True
Owen Ruskavich,183241,TE,MIAMI FL,3,84.6,0,220,55.3,68.4,57.6,0,0,3,42.9,42.9,100.0,0,0,0,22,0,0,0,26,3,7,0,0,19,26,353,73,1,287,219,220,1,1,357,72,72,1,1,1,1,429,1,2,61,448,368,439,2,62,426,380,True
Preston Taumua,183589,T,NEBRASKA,2,100.0,0,238,52.4,58.6,50.4,0,1,11,100.0,100.0,95.5,0,1,0,22,0,0,0,22,11,11,0,22,11,0,379,1,1,418,323,449,1,145,403,2,6,400,1,112,1,442,4,28,315,443,405,405,38,236,472,156,True
Easton Miller,184833,HB,IOWA STATE,4,61.1,0,193,56.5,77.7,44.5,0,0,4,36.4,33.3,100.0,0,0,0,22,0,0,0,36,4,12,0,0,18,1,15,17,1,273,67,272,1,1,268,88,111,1,1,1,1,179,2,1,1,277,268,274,1,1,56,26,True
Evan McClure,188775,G,TULSA,3,100.0,0,320,54.8,76.3,53.7,0,0,2,100.0,100.0,100.0,0,0,0,22,0,0,0,22,4,4,21,0,18,0,284,1,1,418,161,415,1,1,506,3,8,1,1,1,1,465,47,327,39,465,492,492,246,40,431,58,True
Jake Polito,189512,G,NAVY,1,100.0,0,237,65.9,72.6,64.9,0,0,2,100.0,100.0,100.0,0,0,0,22,0,0,0,22,2,2,22,0,20,0,480,1,1,153,214,160,1,1,506,3,8,1,1,1,1,465,47,327,39,465,507,507,242,40,421,58,True
Khristian Lando,189795,HB,JVILLE ST,5,42.3,0,196,63.8,74.8,47.2,0,0,5,31.3,27.8,100.0,0,0,0,22,0,0,0,52,5,18,0,0,17,0,1,43,1,230,82,264,1,1,261,129,171,1,1,1,1,179,2,1,1,258,264,266,1,1,62,48,True
Emazon Littlejohn,190234,WR,W MICHIGAN,4,38.6,0,347,54.0,,60.2,0,0,0,0.0,0.0,,0,0,0,22,0,0,0,57,0,30,0,0,22,0,38,560,1,695,,412,1,1,76,76,80,,1,1,1,655,1,2,5,605,80,602,1,5,654,213,True
D'Anthis Upshaw Jr.,191358,G,TEXAS TECH,4,100.0,0,315,61.8,76.9,60.4,0,0,4,100.0,100.0,100.0,0,0,0,22,0,10,0,22,4,4,12,0,18,0,18,1,1,253,147,252,1,1,490,3,8,1,1,1,1,465,47,291,39,465,492,492,282,40,431,58,True
Jaylan Hornsby,197643,WR,PURDUE,4,36.7,0,273,55.4,,46.9,0,0,0,0.0,0.0,,1,0,0,22,0,0,0,60,0,38,0,0,22,0,38,627,1,661,,711,1,1,76,76,80,,550,1,1,655,1,2,5,591,80,551,1,5,654,213,True
Frank Abreu,198499,TE,HAWAII,4,61.1,0,180,75.3,74.1,55.8,0,0,3,17.6,22.2,100.0,0,0,0,22,0,0,0,36,4,18,0,0,18,22,23,293,1,31,64,251,1,1,357,294,243,1,1,1,1,429,1,2,61,408,341,353,2,62,434,409,True
Baylor Wilkin,198548,T,INDIANA,3,100.0,0,190,78.7,76.8,75.6,0,0,4,100.0,100.0,100.0,0,0,0,22,0,0,1,22,4,4,0,21,18,0,278,1,1,32,106,45,1,1,462,2,6,1,1,1,1,442,4,28,302,443,464,465,38,237,409,156,True
Jimmy Sullivan,198551,QB,IOWA,2,81.5,0,192,76.8,,60.0,0,0,0,0.0,0.0,,0,0,0,22,0,0,0,27,0,4,0,0,22,0,173,1,1,72,,78,1,1,18,18,20,,1,1,1,172,1,1,1,195,20,198,1,1,172,2,True
Tavian McNair,199403,WR,UNLV,3,43.1,0,325,72.1,,58.0,0,0,0,0.0,0.0,,0,0,0,22,0,0,0,51,0,29,0,0,22,0,603,411,1,137,,515,1,1,76,76,80,,1,1,1,655,1,2,5,639,80,608,1,5,654,213,True
Gavin Wilson,199778,T,UMASS,3,100.0,0,216,59.1,77.9,56.7,0,0,3,100.0,100.0,100.0,0,0,0,22,0,0,22,22,4,4,0,0,18,0,278,1,1,317,87,352,1,1,476,2,6,1,1,1,1,442,4,28,233,443,464,465,38,301,409,156,True
Cutter Woods,199951,QB,S CAROLINA,3,56.4,0,289,59.3,,60.0,0,0,0,0.0,0.0,,0,0,0,22,0,0,0,39,0,17,0,0,22,0,129,18,1,162,,78,1,1,18,18,20,,1,1,1,172,1,1,1,182,20,178,1,1,172,2,True
A.J. Brand,200036,WR,VA TECH,4,57.9,0,337,58.5,,43.9,0,0,0,0.0,0.0,,0,0,0,22,0,0,0,38,0,14,0,0,22,0,38,112,1,559,,750,1,1,76,76,80,,1,1,1,655,1,2,5,711,80,724,1,5,654,213,True
Nehemiah Washington,200245,HB,UTAH ST,4,84.6,0,329,54.6,83.9,48.9,0,0,7,77.8,70.0,100.0,0,0,0,22,0,0,0,26,7,10,0,0,15,0,15,3,1,277,19,255,1,1,243,7,10,1,1,1,1,179,2,1,1,284,248,277,1,1,73,48,True
Noah White,200256,HB,UTAH ST,4,45.8,0,329,60.9,80.3,59.5,0,0,12,36.4,42.1,100.0,0,0,0,22,0,0,0,48,16,38,0,0,6,2,15,37,1,256,50,90,1,1,171,88,56,1,1,1,1,179,2,1,1,264,132,204,1,1,205,21,True
Xay Davis,200274,HB,VIRGINIA,4,27.8,0,335,68.6,70.8,58.7,0,0,12,33.3,31.7,100.0,1,0,0,22,0,0,0,79,13,41,0,0,9,0,15,152,1,177,111,126,1,1,171,110,128,1,236,1,1,179,2,1,1,197,174,190,1,1,148,48,True
Antonio Johnson,205060,T,MICH STATE,4,95.7,0,223,62.1,72.6,59.1,0,0,3,75.0,75.0,100.0,0,0,0,22,0,0,8,23,3,4,0,3,19,10,16,492,1,259,158,296,1,1,476,492,492,1,1,1,1,442,4,28,285,435,482,465,38,285,400,9,True
Diego De La Cruz,205459,G,UTEP,4,100.0,0,330,53.0,2.6,61.2,0,2,10,100.0,100.0,90.0,0,2,0,22,0,21,0,22,10,10,0,1,12,0,18,1,1,445,508,235,1,295,438,3,8,504,1,230,1,465,47,248,39,465,441,441,322,31,483,58,True
Hayden Ainsworth,214512,T,NEBRASKA,2,100.0,0,238,69.1,82.0,64.5,0,0,11,100.0,100.0,100.0,0,0,0,22,0,0,22,22,11,11,0,0,11,0,379,1,1,127,44,189,1,1,403,2,6,1,1,1,1,442,4,28,233,443,405,405,38,301,472,156,True
Sam Simpson,214543,G,INDIANA,3,100.0,0,190,76.2,77.7,75.0,0,0,4,100.0,100.0,100.0,0,0,0,22,0,0,0,22,4,4,22,0,18,0,284,1,1,24,133,37,1,1,490,3,8,1,1,1,1,465,47,327,39,465,492,492,242,40,431,58,True
Javian Mallory,216870,HB,MIAMI FL,4,29.7,0,220,79.5,51.1,47.1,0,0,12,31.6,32.5,91.7,0,1,1,22,0,0,0,74,13,40,0,0,9,0,15,122,1,39,186,265,1,1,171,127,122,239,1,113,248,179,2,1,1,215,174,195,1,1,148,48,True
Kaiden Prothro,217066,TE,GEORGIA,4,71.0,0,173,61.1,70.4,72.9,0,1,5,35.7,35.7,90.0,0,1,0,22,0,0,0,31,5,14,0,0,17,15,23,195,1,183,170,45,1,371,301,118,118,423,1,329,1,429,1,2,61,428,307,382,2,62,443,457,True
Atticus Joseph,218885,WR,STANFORD,4,28.6,0,300,59.9,,43.4,0,0,0,0.0,0.0,,1,0,0,22,0,0,0,77,0,55,0,0,22,0,38,757,1,512,,753,1,1,76,76,80,,550,1,1,655,1,2,5,533,80,450,1,5,654,213,True
Truman Brasfield,223299,WR,NAVY,3,45.8,0,237,61.6,,57.2,0,0,0,0.0,0.0,,0,0,0,22,0,0,0,48,0,26,0,0,22,5,603,318,1,457,,540,1,1,76,76,80,,1,1,1,655,1,2,5,654,80,627,1,5,654,25,True
Julius Gillick,204030,HB,FRESNO ST,4,38.2,0,169,70.4,21.6,52.8,0,2,8,40.0,38.1,87.5,0,2,0,21,0,0,0,55,8,21,0,0,13,0,15,54,1,151,270,239,1,243,230,63,81,266,1,216,1,190,2,1,1,252,239,259,1,1,91,48,True
Ryan Manning,170198,WR,MARYLAND,4,55.3,0,215,72.0,,62.1,0,0,0,0.0,0.0,,1,0,0,21,0,0,0,38,0,17,0,0,21,0,38,132,1,139,,260,1,1,76,76,80,,550,1,1,668,1,2,5,711,80,698,1,5,668,213,True
Bryson Jones,204357,WR,TEXAS TECH,4,61.8,0,315,58.4,,58.6,0,0,0,0.0,0.0,,1,0,0,21,0,0,0,34,0,13,0,0,21,0,38,84,1,563,,498,1,1,76,76,80,,550,1,1,668,1,2,5,734,80,732,1,5,668,213,True
Mel Brown,169178,HB,COLO STATE,4,20.6,0,144,74.9,63.7,59.0,0,1,17,28.8,30.0,97.1,0,1,0,21,0,0,0,102,18,60,0,0,3,0,15,227,1,93,138,111,1,150,110,153,144,158,1,113,1,190,2,1,1,140,111,112,1,1,259,48,True
Anderson Kopp,204091,C,KANSAS,1,100.0,0,198,75.1,77.6,71.1,0,0,7,100.0,100.0,100.0,0,0,0,21,21,0,0,21,7,7,0,0,14,0,212,1,1,24,79,31,1,1,201,2,3,1,1,1,1,210,206,18,3,210,204,204,21,6,209,16,True
Duncan Brune,184113,HB,OHIO,2,25.9,0,259,58.6,82.3,52.5,0,0,10,25.0,25.0,100.0,0,0,0,21,0,0,0,81,11,44,0,0,10,0,276,172,1,267,34,240,1,1,202,190,195,1,1,1,1,190,2,1,1,191,200,181,1,1,128,48,True
Sequel Patterson,218858,WR,S CAROLINA,3,42.9,0,289,49.6,,53.6,0,0,0,0.0,0.0,,0,0,0,21,0,0,0,49,0,27,0,0,21,3,603,416,1,774,,601,1,1,76,76,80,,1,1,1,668,1,2,5,649,80,619,1,5,668,48,True
Michael Bowens Jr.,215583,T,LA LAFAYET,2,100.0,0,207,54.4,79.2,48.8,0,0,10,100.0,100.0,100.0,0,0,0,21,0,0,20,21,10,10,0,1,11,0,379,1,1,395,67,467,1,1,407,2,6,1,1,1,1,449,4,28,238,449,411,412,38,293,472,156,True
Latrelle Murrell,186555,HB,KENNESAW,4,31.8,0,200,81.5,69.5,55.1,0,1,10,33.3,35.3,95.0,0,1,0,21,0,0,0,66,12,34,0,0,9,0,15,100,1,27,115,217,1,150,202,110,102,195,1,113,1,190,2,1,1,229,186,233,1,1,148,48,True
Nate Sheppard,198337,HB,DUKE,4,12.2,0,154,85.2,60.0,59.8,0,1,12,17.6,20.8,95.8,0,1,0,21,0,0,0,172,15,72,0,0,6,0,15,284,1,11,152,81,1,150,171,253,231,185,1,113,1,190,2,1,1,21,144,67,1,1,205,48,True
Koloi Keli,214863,C,OREGON,3,100.0,0,264,74.0,75.0,70.6,0,0,5,100.0,100.0,100.0,0,0,0,21,12,0,0,21,5,5,0,0,16,7,126,1,1,29,113,37,1,1,213,2,3,1,1,1,1,210,226,18,3,210,213,213,21,6,203,5,True
Trey Moore,218654,TE,NEW MEXICO,3,65.6,0,241,65.2,66.4,49.7,0,0,2,16.7,15.4,100.0,0,0,0,21,0,0,0,32,2,13,0,0,19,16,353,239,1,126,258,365,1,1,393,308,339,1,1,1,1,434,1,2,61,424,402,388,2,62,426,452,True
Sire Gaines,184229,HB,BOISE ST,3,19.6,0,120,79.2,85.4,50.1,0,0,8,16.7,20.0,100.0,0,0,0,21,0,0,0,107,10,50,0,0,11,0,232,236,1,43,11,249,1,1,230,258,240,1,1,1,1,190,2,1,1,124,216,158,1,1,111,48,True
Isaiah Garcia,183860,G,UTAH,2,100.0,0,328,55.2,9.5,58.4,0,0,5,100.0,100.0,100.0,0,0,0,21,0,11,0,21,5,5,0,10,16,0,400,1,1,413,504,304,1,1,476,3,8,1,1,1,1,472,47,286,39,472,478,478,322,13,459,58,True
Jamarice Wilder,198704,HB,SO MISS,4,21.0,0,296,66.5,31.4,59.0,0,0,15,24.6,27.0,93.3,0,1,1,21,0,0,0,100,17,63,0,0,4,0,15,224,1,201,237,111,1,1,129,203,176,219,1,113,248,190,2,1,1,146,124,103,1,1,241,48,True
Jack Tanner,190749,T,KANSAS,1,100.0,0,198,57.0,83.8,53.2,0,0,7,100.0,100.0,100.0,0,0,0,21,0,0,11,21,7,7,10,0,14,0,455,1,1,351,30,412,1,1,433,2,6,1,1,1,1,449,4,28,277,449,438,438,17,301,448,156,True
Aiden Flora,191300,HB,IOWA STATE,4,17.2,0,193,85.6,82.4,58.8,0,0,13,22.0,20.3,100.0,0,0,0,21,0,0,0,122,13,64,0,0,8,0,15,261,1,9,33,121,1,1,156,219,236,1,1,1,1,190,2,1,1,92,174,101,1,1,162,48,True
Josh Smith,190746,WR,TULSA,4,55.3,0,320,51.5,,62.1,0,0,0,0.0,0.0,,0,0,0,21,0,0,0,38,0,16,0,0,21,0,38,132,1,740,,260,1,1,76,76,80,,1,1,1,668,1,2,5,711,80,709,1,5,668,213,True
Jeremiah Patterson,189627,WR,N DAK ST,4,51.2,0,250,58.9,,60.0,0,0,0,0.0,0.0,,0,0,0,21,0,0,0,41,0,20,0,0,21,0,38,188,1,545,,427,1,1,76,76,80,,1,1,1,668,1,2,5,692,80,667,1,5,668,213,True
Mason Brown,175180,TE,E CAROLINA,4,70.0,0,156,62.0,71.3,73.8,0,0,2,18.2,25.0,100.0,0,0,0,21,0,0,0,30,3,12,0,0,18,13,23,205,1,169,148,37,1,1,393,281,196,1,1,1,1,434,1,2,61,431,368,395,2,62,434,466,True
Debron Gatling,184491,WR,GA TECH,4,56.8,0,176,65.5,,61.5,0,0,0,0.0,0.0,,0,0,0,21,0,0,0,37,0,16,0,0,21,0,38,118,1,320,,305,1,1,76,76,80,,1,1,1,668,1,2,5,717,80,709,1,5,668,213,True
Keenan Phillips,199183,HB,S ALABAMA,4,16.0,0,288,73.3,84.5,53.0,0,0,12,17.9,18.1,100.0,0,0,0,21,0,0,0,131,13,72,0,0,8,0,15,270,1,113,13,237,1,1,171,251,253,1,1,1,1,190,2,1,1,77,174,67,1,1,162,48,True
Ben Britton,190499,G,ARMY,1,100.0,0,114,79.2,71.6,78.1,0,0,3,100.0,100.0,100.0,0,0,0,21,0,21,0,21,3,3,0,0,18,0,480,1,1,9,230,16,1,1,497,3,8,1,1,1,1,472,47,248,39,472,501,501,322,40,431,58,True
Justin Cesaire,205357,G,RUTGERS,1,100.0,0,278,63.8,76.6,62.3,0,0,5,100.0,100.0,100.0,0,0,0,21,0,21,0,21,6,6,0,0,15,0,480,1,1,194,154,208,1,1,476,3,8,1,1,1,1,472,47,248,39,472,468,468,322,40,463,58,True
Xavier Archawski,190494,T,ARMY,1,100.0,0,114,77.1,71.5,74.6,0,0,3,100.0,100.0,100.0,0,0,0,21,0,0,20,21,3,3,0,0,18,1,455,1,1,39,178,53,1,1,476,2,6,1,1,1,1,449,4,28,238,449,482,483,38,301,409,95,True
Mikey Matthews,174168,WR,UCLA,2,47.7,0,324,76.9,,69.5,0,0,0,0.0,0.0,,0,0,0,21,0,0,0,44,0,23,0,0,21,0,735,268,1,70,,115,1,1,76,76,80,,1,1,1,668,1,2,5,674,80,652,1,5,668,213,True
Shawn Foster II,190320,WR,C MICHIGAN,4,48.8,0,134,62.3,,60.3,0,0,0,0.0,0.0,,0,0,0,21,0,0,0,43,0,20,0,0,21,0,38,243,1,430,,405,1,1,76,76,80,,1,1,1,668,1,2,5,681,80,667,1,5,668,213,True
Trey Hall,205064,HB,DOMINION,4,33.9,0,263,54.5,81.6,59.8,0,0,15,40.5,39.0,100.0,0,0,0,21,0,0,0,62,16,41,0,0,5,0,15,80,1,278,41,81,1,1,129,61,74,1,1,1,1,190,2,1,1,236,132,190,1,1,224,48,True
Justus Ross-Simmons,163334,WR,SYRACUSE,2,30.4,0,304,75.1,,43.3,0,0,0,0.0,0.0,,0,0,0,21,0,0,0,69,0,48,0,0,21,0,735,736,1,90,,754,1,1,76,76,80,,1,1,1,668,1,2,5,563,80,493,1,5,668,213,True
JT Lindsey,199762,HB,OLE MISS,4,26.3,0,226,63.1,22.8,58.5,0,4,15,30.6,31.4,86.7,0,4,0,21,0,0,0,80,16,51,0,0,5,0,15,167,1,242,267,132,1,281,129,137,130,273,1,272,1,190,2,1,1,196,132,152,1,1,224,48,True
Dalton Toothman,216064,C,MISS STATE,1,100.0,0,227,56.3,52.1,57.0,0,1,10,100.0,100.0,95.0,0,1,0,21,21,0,0,21,10,10,0,0,11,0,212,1,1,194,206,188,1,90,190,2,3,226,1,80,1,210,206,18,3,210,191,191,21,6,222,16,True
Ja'Keith Hamilton,172646,WR,E CAROLINA,3,47.7,0,156,70.6,,73.5,0,0,0,0.0,0.0,,0,0,0,21,0,0,0,44,0,23,0,0,21,0,603,268,1,180,,63,1,1,76,76,80,,1,1,1,668,1,2,5,674,80,652,1,5,668,213,True
Owen Aliciene,199901,T,PENN STATE,2,100.0,0,266,72.7,77.4,69.9,0,0,6,100.0,100.0,100.0,0,0,0,21,0,0,0,21,6,6,0,21,15,0,379,1,1,76,99,101,1,1,442,2,6,1,1,1,1,449,4,28,315,449,443,443,38,237,439,156,True
Corey Barber Jr.,216014,WR,LSU,3,56.8,0,211,59.5,,56.5,0,0,0,0.0,0.0,,0,0,0,21,0,0,0,37,0,16,0,0,21,1,603,118,1,524,,557,1,1,76,76,80,,1,1,1,668,1,2,5,717,80,709,1,5,668,112,True
Lex Cyrus,199961,WR,S CAROLINA,2,61.8,0,289,66.3,,58.7,0,0,0,0.0,0.0,,0,0,0,21,0,0,0,34,0,13,0,0,21,0,735,84,1,290,,494,1,1,76,76,80,,1,1,1,668,1,2,5,734,80,732,1,5,668,213,True
Daz James,172408,WR,APP STATE,3,51.2,0,108,62.8,,79.4,0,0,0,0.0,0.0,,0,0,0,21,0,0,0,41,0,19,0,0,21,0,603,188,1,412,,20,1,1,76,76,80,,1,1,1,668,1,2,5,692,80,681,1,5,668,213,True
Jacob Kropchak,190131,C,TOLEDO,2,100.0,0,316,55.0,73.3,55.4,0,0,2,100.0,100.0,100.0,0,0,0,21,21,0,0,21,2,2,0,0,19,0,180,1,1,202,127,200,1,1,226,2,3,1,1,1,1,210,206,18,3,210,226,226,21,6,191,16,True
Jake Grimm,190127,G,TOLEDO,2,100.0,0,316,48.4,74.5,54.4,0,0,2,100.0,100.0,100.0,1,0,0,21,0,21,0,21,2,2,0,0,19,0,400,1,1,488,181,407,1,1,506,3,8,1,266,1,1,472,47,248,39,472,507,507,322,40,425,58,True
Kyle Mullenix,204911,TE,GA STATE,3,80.8,0,175,60.0,69.1,63.1,0,0,4,44.4,44.4,100.0,0,0,0,21,0,0,1,26,4,9,0,0,17,24,353,95,1,203,199,153,1,1,332,65,66,1,1,1,1,434,1,2,24,448,341,421,2,62,443,397,True
KJ Kotalik,200041,G,W MICHIGAN,2,100.0,0,347,44.2,78.7,48.2,0,0,7,100.0,100.0,100.0,1,0,0,21,0,6,0,21,8,8,15,0,13,0,400,1,1,508,115,482,1,1,458,3,8,1,266,1,1,472,47,299,39,472,452,452,269,40,475,58,True
Gavin Barber,215844,TE,APP STATE,3,77.8,0,108,55.1,65.4,43.6,0,0,1,14.3,14.3,100.0,0,0,0,21,0,0,0,27,1,7,0,0,20,17,353,123,1,292,272,438,1,1,430,348,353,1,1,1,1,434,1,2,61,447,433,439,2,62,418,450,True
Wayne Knight,156712,HB,UCLA,4,17.9,0,324,86.0,22.0,49.4,0,2,8,15.7,14.8,87.5,0,2,0,21,0,0,0,117,8,54,0,0,13,0,15,254,1,6,269,253,1,243,230,263,269,266,1,216,1,190,2,1,1,104,239,141,1,1,91,48,True
PJ Martin,172310,HB,S ALABAMA,4,14.6,0,288,78.9,16.3,55.8,1,2,12,18.8,17.1,87.5,0,3,0,21,0,0,0,144,12,70,0,0,9,0,15,280,1,47,274,207,239,243,171,246,255,266,1,254,1,190,2,1,1,55,186,73,1,1,148,48,True
Khamoni Robinson,215222,QB,TOLEDO,2,67.7,0,316,87.8,,60.0,0,0,0,0.0,0.0,,0,0,0,21,0,0,0,31,0,6,0,0,21,0,173,6,1,20,,78,1,1,18,18,20,,1,1,1,175,1,1,1,191,20,195,1,1,175,2,True
Johnathan Ashley,204777,T,COAST CAR,2,100.0,0,141,79.9,78.7,77.0,0,0,5,100.0,100.0,100.0,0,0,0,21,0,0,0,21,5,5,0,21,16,0,379,1,1,24,77,33,1,1,452,2,6,1,1,1,1,449,4,28,315,449,452,453,38,237,434,156,True
Dylan Gary,163785,WR,KENNESAW,3,33.9,0,200,68.2,,44.4,0,0,0,0.0,0.0,,0,0,0,21,0,0,0,62,0,41,0,0,21,0,603,673,1,235,,747,1,1,76,76,80,,1,1,1,668,1,2,5,582,80,537,1,5,668,213,True
James Livingston,163812,G,KANSAS,1,100.0,0,198,68.6,62.0,68.6,0,1,7,100.0,100.0,92.9,0,1,0,21,0,10,0,21,7,7,11,0,14,0,480,1,1,93,337,97,1,171,458,3,8,495,1,139,1,472,47,291,39,472,460,461,284,40,467,58,True
Duke Clark,200128,HB,FLORIDA,4,26.6,0,163,85.7,81.8,56.8,0,0,8,24.2,26.5,100.0,0,0,0,21,0,0,0,79,9,34,0,0,12,0,15,163,1,7,39,189,1,1,230,204,184,1,1,1,1,190,2,1,1,197,227,233,1,1,101,48,True
Jonathan Echols,183435,TE,AUBURN,4,51.2,0,115,53.5,76.7,44.0,0,0,4,16.7,16.7,100.0,0,0,0,21,0,0,0,41,4,24,0,0,17,21,23,400,1,322,19,436,1,1,332,308,312,1,1,1,1,434,1,2,61,397,341,321,2,62,443,419,True
Kenton Mondeau,222693,T,INDIANA,2,100.0,0,190,57.9,79.8,55.1,0,0,4,100.0,100.0,100.0,0,0,0,21,0,0,21,21,4,4,0,0,17,0,379,1,1,336,57,384,1,1,462,2,6,1,1,1,1,449,4,28,236,449,464,465,38,301,418,156,True
Cederian Morgan,215752,WR,ALABAMA,4,67.7,0,103,61.9,,56.3,0,0,0,0.0,0.0,,0,0,0,21,0,0,0,31,0,10,0,0,21,2,38,55,1,444,,561,1,1,76,76,80,,1,1,1,668,1,2,5,751,80,751,1,5,668,73,True
Blaze Berlowitz,171066,QB,VANDERBILT,3,33.3,0,333,44.7,,60.0,0,0,0,0.0,0.0,,0,0,0,21,0,0,0,63,0,33,0,0,21,0,129,161,1,195,,78,1,1,18,18,20,,1,1,1,175,1,1,1,163,20,163,1,1,175,2,True
Armoni Weaver-Bomar,208872,WR,W VIRGINIA,4,58.3,0,343,72.8,,57.2,0,0,0,0.0,0.0,,0,0,0,21,0,0,0,36,0,12,0,0,21,0,38,107,1,128,,540,1,1,76,76,80,,1,1,1,668,1,2,5,725,80,741,1,5,668,213,True
Jack Lua,204506,TE,S DIEGO ST,3,75.0,0,284,71.9,73.6,75.7,0,0,3,33.3,30.0,100.0,0,0,0,21,0,0,0,28,3,10,0,0,18,22,353,146,1,56,77,31,1,1,357,127,161,1,1,1,1,434,1,2,61,441,368,414,2,62,434,409,True
Ralph Scroggins,204503,G,MIAMI FL,1,100.0,1,220,67.9,32.0,78.4,0,0,8,100.0,100.0,100.0,1,0,0,21,0,21,0,21,8,8,0,0,13,0,480,1,475,108,485,14,1,1,451,3,8,1,266,1,1,472,47,248,39,472,452,452,322,40,475,58,True
Blake Baker,170448,QB,LA TECH,2,28.0,0,208,53.9,,60.0,0,0,0,0.0,0.0,,0,0,0,21,0,0,0,75,0,51,0,0,21,0,173,189,1,176,,78,1,1,18,18,20,,1,1,1,175,1,1,1,156,20,147,1,1,175,2,True
Mykeal Rabess,170405,G,CAL,1,100.0,0,130,73.0,81.2,72.2,0,0,10,100.0,100.0,100.0,0,0,0,21,0,0,0,21,12,12,21,0,9,0,480,1,1,45,78,58,1,1,438,3,8,1,1,1,1,472,47,327,39,472,431,431,246,40,502,58,True
Isaiah Shirley,170380,DI,NC STATE,3,95.5,0,248,75.1,65.6,72.2,0,0,2,66.7,66.7,100.0,1,0,0,21,0,0,0,22,2,3,0,0,19,22,1,1,1,1,1,1,1,1,1,1,1,1,1,1,1,1,1,1,1,1,1,1,1,1,1,1,True
Vandrevius Jacobs,170341,WR,MIAMI FL,4,32.3,0,220,65.7,,46.6,0,0,0,0.0,0.0,,0,0,0,21,0,0,0,65,0,44,0,0,21,0,38,703,1,308,,715,1,1,76,76,80,,1,1,1,668,1,2,5,572,80,515,1,5,668,213,True
Nico Brown,164689,WR,STANFORD,2,38.2,0,300,82.5,,61.0,0,0,0,0.0,0.0,,0,0,0,21,0,0,0,55,0,34,0,0,21,0,735,572,1,29,,352,1,1,76,76,80,,1,1,1,668,1,2,5,612,80,574,1,5,668,213,True
Markell Holman,185737,HB,WYOMING,4,22.1,0,351,80.6,84.3,56.6,0,0,10,22.2,21.7,100.0,0,0,0,21,0,0,0,95,10,46,0,0,11,0,15,212,1,30,14,195,1,1,202,217,224,1,1,1,1,190,2,1,1,160,216,175,1,1,111,48,True
Seth Elchert,215321,WR,TOLEDO,1,77.8,0,316,58.9,,71.4,0,0,0,0.0,0.0,,0,0,0,21,0,0,0,27,0,6,0,0,21,0,783,19,1,545,,84,1,1,76,76,80,,1,1,1,668,1,2,5,770,80,774,1,5,668,213,True
Omar Mabson II,203971,HB,AUBURN,4,29.6,0,115,77.1,74.4,87.0,0,0,15,37.5,37.5,100.0,1,0,0,21,0,0,0,71,15,40,0,0,6,0,15,125,1,65,86,1,1,1,129,77,84,1,236,1,1,190,2,1,1,219,144,195,1,1,205,48,True
Darrick Bledsoe III,183985,WR,SM HOUSTON,4,21.9,0,281,57.6,,37.7,0,0,0,0.0,0.0,,1,0,0,21,0,0,0,96,0,75,0,0,21,0,38,788,1,591,,780,1,1,76,76,80,,550,1,1,668,1,2,5,451,80,334,1,5,668,213,True
Jay Lindsey,191133,TE,ALABAMA,4,90.9,0,103,74.4,,78.6,0,0,0,0.0,0.0,,0,0,0,20,0,0,0,22,0,2,0,0,20,12,23,34,1,39,,15,1,1,459,459,459,,1,1,1,440,1,2,61,466,459,473,2,62,418,469,True
Brady Bidwell,191319,WR,OREGON,1,62.5,0,264,64.9,,76.5,0,0,0,0.0,0.0,,0,0,0,20,0,0,0,32,0,12,0,0,20,0,783,79,1,344,,35,1,1,76,76,80,,1,1,1,688,1,2,5,743,80,741,1,5,688,213,True
Malcolm Simmons,191278,WR,TEXAS TECH,4,58.8,0,315,73.6,,61.9,0,0,0,0.0,0.0,,1,0,0,20,0,0,0,34,0,14,0,0,20,0,38,104,1,121,,277,1,1,76,76,80,,550,1,1,688,1,2,5,734,80,724,1,5,688,213,True
Treyson Bourguet,158154,QB,BYU,2,76.9,0,128,84.4,,60.0,0,0,0,0.0,0.0,,0,0,0,20,0,0,0,26,0,4,0,0,20,0,173,4,1,35,,78,1,1,18,18,20,,1,1,1,178,1,1,1,197,20,198,1,1,178,2,True
Ethan Malafa,161323,TE,TOLEDO,2,100.0,0,316,68.5,,66.2,0,0,0,,,,0,0,0,20,0,0,0,20,0,0,0,0,20,19,442,1,1,88,,109,1,1,459,,,,1,1,1,440,1,2,61,471,459,481,2,62,418,431,True
Enese Tonga,215288,TE,W MICHIGAN,3,90.9,0,347,54.2,67.5,54.5,0,0,3,60.0,66.7,100.0,0,0,0,20,0,0,0,22,4,6,0,0,16,19,353,34,1,312,234,283,1,1,357,27,20,1,1,1,1,440,1,2,61,466,341,454,2,62,453,431,True
Justius Lowe,157248,WR,S DIEGO ST,3,54.1,0,284,71.6,,62.5,0,0,0,0.0,0.0,,0,0,0,20,0,0,0,37,0,17,0,0,20,0,603,144,1,153,,243,1,1,76,76,80,,1,1,1,688,1,2,5,717,80,698,1,5,688,213,True
Jayden Mann,204311,G,SYRACUSE,1,100.0,0,304,61.3,79.5,58.5,0,0,10,100.0,100.0,100.0,0,0,0,20,0,0,0,20,10,10,20,0,10,0,480,1,1,267,101,299,1,1,438,3,8,1,1,1,1,480,47,327,39,480,441,441,251,40,495,58,True
Darien Williams,204310,WR,SYRACUSE,3,40.0,0,304,62.3,,62.4,0,0,0,0.0,0.0,,0,0,0,20,0,0,0,50,0,30,0,0,20,0,603,507,1,430,,246,1,1,76,76,80,,1,1,1,688,1,2,5,645,80,602,1,5,688,213,True
Miguel Chavez,204183,T,OKLA STATE,1,100.0,0,262,60.5,76.4,58.0,0,0,5,100.0,100.0,100.0,0,0,0,20,0,0,14,20,5,5,6,0,15,0,455,1,1,294,112,325,1,1,452,2,6,1,1,1,1,455,4,28,266,455,452,453,21,301,439,156,True
Mitchell Smith,215573,T,VANDERBILT,4,100.0,0,333,55.5,68.0,55.0,0,0,3,100.0,100.0,100.0,0,0,0,20,0,0,0,20,3,3,0,0,17,20,16,1,1,376,220,390,1,1,476,2,6,1,1,1,1,455,4,28,315,455,482,483,38,301,418,3,True
TJ Washington Jr.,170178,HB,NEW MEX ST,5,18.7,0,242,75.7,66.2,68.0,0,1,13,19.7,20.3,96.2,0,1,0,20,0,0,0,107,14,69,0,0,6,0,1,246,1,81,126,37,1,150,156,239,236,178,1,113,1,206,2,1,1,124,157,77,1,1,205,48,True
Xavier Newsom,203461,TE,AUBURN,1,80.0,0,115,43.2,66.3,56.4,0,0,2,28.6,28.6,100.0,1,0,0,20,0,0,0,25,2,7,0,0,18,20,478,99,1,453,261,243,1,1,393,170,169,1,293,1,1,440,1,2,61,453,402,439,2,62,434,429,True
Ty Washington,157029,TE,NOTRE DAME,4,58.8,0,258,39.0,65.4,58.9,0,0,1,7.1,6.7,100.0,0,0,0,20,0,0,0,34,1,15,0,0,19,19,23,321,1,476,272,201,1,1,430,425,428,1,1,1,1,440,1,2,61,416,433,375,2,62,426,431,True
Broderick Vehrs,214096,QB,OKLA STATE,1,62.5,0,262,73.8,,60.0,0,0,0,0.0,0.0,,0,0,0,20,0,0,0,32,0,8,0,0,20,0,197,11,1,89,,78,1,1,18,18,20,,1,1,1,178,1,1,1,189,20,191,1,1,178,2,True
Kendrick Raphael,170378,HB,SMU,4,13.0,0,287,79.3,53.8,58.7,1,0,15,19.0,18.8,96.7,0,1,0,20,0,0,0,154,16,85,0,0,4,2,15,283,1,41,179,126,239,1,129,244,249,168,1,113,1,206,2,1,1,40,132,36,1,1,241,21,True
Liam Thorpe,200323,WR,STANFORD,4,37.0,0,300,62.5,,69.0,0,0,0,0.0,0.0,,0,0,0,20,0,0,0,54,0,34,0,0,20,0,38,615,1,422,,130,1,1,76,76,80,,1,1,1,688,1,2,5,619,80,574,1,5,688,213,True
Danny Scudero,170781,WR,COLORADO,2,40.0,0,143,54.1,,37.6,0,0,0,0.0,0.0,,1,0,0,20,0,0,0,50,0,27,0,0,20,0,735,507,1,694,,781,1,1,76,76,80,,550,1,1,688,1,2,5,645,80,619,1,5,688,213,True
Devan Houstan,171086,G,NOTRE DAME,2,100.0,0,258,64.9,76.7,63.5,0,0,6,100.0,100.0,100.0,0,0,0,20,0,16,0,20,6,6,4,0,14,0,400,1,1,168,153,181,1,1,465,3,8,1,1,1,1,480,47,267,39,480,468,468,300,40,467,58,True
Kam Anthony,189743,TE,RUTGERS,4,76.9,0,278,92.2,76.6,80.9,0,0,1,14.3,25.0,100.0,0,0,0,20,0,0,0,26,2,8,0,0,18,25,23,132,1,1,22,7,1,1,430,348,196,1,1,1,1,440,1,2,61,448,402,430,2,62,434,388,True
Deion DeBlanc,200073,WR,WYOMING,4,33.9,0,351,61.3,,50.0,0,0,0,0.0,0.0,,0,0,0,20,0,0,0,59,0,37,0,0,20,5,38,673,1,467,,662,1,1,76,76,80,,1,1,1,688,1,2,5,595,80,555,1,5,688,25,True
Peyton Strickland,159162,TE,TOLEDO,3,80.0,0,316,60.6,70.9,66.1,0,0,6,54.5,54.5,100.0,0,0,0,20,0,0,0,25,6,11,0,0,14,19,353,99,1,194,155,111,1,1,270,40,41,1,1,1,1,440,1,2,61,453,285,403,2,62,473,431,True
Sterling Berkhalter,54221,WR,TEXAS,2,69.0,0,311,83.7,,59.4,0,0,0,0.0,0.0,,0,0,0,20,0,0,0,29,0,9,0,0,20,0,735,49,1,21,,464,1,1,76,76,80,,1,1,1,688,1,2,5,762,80,758,1,5,688,213,True
Kelshaun Johnson,199993,WR,TEXAS A&M,3,42.6,0,312,66.9,,57.7,0,0,0,0.0,0.0,,0,0,0,20,0,0,0,47,0,27,0,0,20,0,603,426,1,265,,529,1,1,76,76,80,,1,1,1,688,1,2,5,661,80,619,1,5,688,213,True
Keegan Sack,215972,HB,AIR FORCE,3,71.4,0,101,52.6,,60.0,0,0,0,0.0,0.0,,0,0,0,20,0,0,0,28,0,5,0,0,20,1,232,10,1,280,,65,1,1,281,281,282,,1,1,1,206,2,1,1,283,282,283,1,1,44,26,True
Jerome Bettis Jr.,199846,WR,NOTRE DAME,4,62.5,0,258,80.2,64.4,56.8,0,0,1,8.3,7.7,100.0,0,0,0,20,0,0,0,32,1,13,0,0,19,1,38,79,1,38,25,550,1,1,14,4,4,1,1,1,1,688,1,2,5,743,16,732,1,5,706,112,True
Jax Markovich,199781,TE,UMASS,3,71.4,0,216,66.0,,70.7,0,0,0,0.0,0.0,,0,0,0,20,0,0,0,28,0,8,0,0,20,25,353,191,1,111,,59,1,1,459,459,459,,1,1,1,440,1,2,61,441,459,430,2,62,418,388,True
Luke McGary,173303,TE,HOUSTON,2,80.0,0,182,71.0,24.5,73.8,0,1,5,50.0,50.0,90.0,0,1,0,20,0,0,0,25,5,10,0,0,15,18,442,99,1,63,457,37,1,371,301,49,48,423,1,329,1,440,1,2,61,453,307,414,2,62,469,446,True
Marvis Parrish,199564,HB,MICH STATE,4,27.4,0,223,63.9,63.4,70.7,0,1,14,30.4,30.6,96.4,0,1,0,20,0,0,0,73,15,49,0,0,5,0,15,155,1,229,139,29,1,150,142,139,136,170,1,113,1,206,2,1,1,217,144,162,1,1,224,48,True
Daniel Sill,173648,T,TEXAS TECH,3,100.0,0,315,63.4,75.7,61.1,0,0,4,100.0,100.0,100.0,0,0,0,20,0,0,0,20,4,4,0,20,16,0,278,1,1,227,122,253,1,1,462,2,6,1,1,1,1,455,4,28,315,455,464,465,38,243,434,156,True
Cardell Williams,156190,QB,MARYLAND,3,52.6,0,215,91.8,,60.2,0,0,0,0.0,0.0,,0,0,0,20,0,0,0,38,0,7,0,0,20,0,129,24,1,4,,20,1,1,18,18,20,,1,1,1,178,1,1,1,184,20,194,1,1,178,2,True
Brayden Warner,216220,G,SO MISS,2,100.0,0,296,67.1,79.3,65.1,0,0,13,100.0,100.0,100.0,0,0,0,20,0,12,0,20,13,13,8,0,7,0,400,1,1,122,103,155,1,1,418,3,8,1,1,1,1,480,47,280,39,480,424,424,293,40,511,58,True
Mackenzie Alleyne,190362,WR,OKLAHOMA,4,37.7,0,261,63.2,,46.2,0,0,0,0.0,0.0,,0,0,0,20,0,0,0,53,0,33,0,0,20,0,38,590,1,396,,723,1,1,76,76,80,,1,1,1,688,1,2,5,624,80,585,1,5,688,213,True
DJ Scott,173804,HB,N DAK ST,4,16.7,0,250,76.6,51.4,57.5,0,2,10,17.9,16.9,90.0,0,2,0,20,0,0,0,120,10,59,0,0,10,0,15,265,1,67,184,167,1,243,202,251,257,254,1,216,1,206,2,1,1,95,216,119,1,1,128,48,True
Jason Collins Jr.,173819,HB,USF,4,25.3,0,327,66.5,77.0,71.6,0,0,5,16.7,16.7,100.0,0,0,0,20,0,0,0,79,5,30,0,0,15,0,15,183,1,201,72,23,1,1,261,258,258,1,1,1,1,206,2,1,1,197,264,243,1,1,73,48,True
Jayden Warren,216270,WR,TEXAS A&M,4,50.0,0,312,58.6,,56.6,0,0,0,0.0,0.0,,0,0,0,20,0,0,0,40,0,20,0,0,20,0,38,209,1,554,,554,1,1,76,76,80,,1,1,1,688,1,2,5,702,80,667,1,5,688,213,True
LaParka Langston,199381,T,UCF,1,100.0,0,323,46.4,73.1,45.7,0,0,2,100.0,100.0,100.0,0,0,0,20,0,0,20,20,3,3,0,0,17,0,455,1,1,457,155,480,1,1,488,2,6,1,1,1,1,455,4,28,238,455,482,483,38,301,418,156,True
Isaiah Dent,184587,T,MISS STATE,1,100.0,0,227,42.4,30.9,54.4,0,1,6,100.0,100.0,91.7,1,1,0,20,0,0,20,20,6,6,0,0,14,0,455,1,1,476,463,401,1,145,442,2,6,481,232,112,1,455,4,28,238,455,443,443,38,301,448,156,True
Terrance Shelton Jr.,188159,HB,BUFFALO,2,25.6,0,126,69.1,72.6,60.1,0,0,13,27.1,28.0,100.0,0,0,0,20,0,0,0,78,14,50,0,0,6,0,276,181,1,165,98,64,1,1,156,173,170,1,1,1,1,206,2,1,1,202,157,158,1,1,205,48,True
Canon Pickett,216897,G,MIAMI FL,1,100.0,0,220,56.1,77.3,61.8,0,0,7,100.0,100.0,100.0,1,0,0,20,0,0,0,20,7,7,20,0,13,0,480,1,1,400,139,220,1,1,458,3,8,1,266,1,1,480,47,327,39,480,460,461,251,40,475,58,True
Julio Madero IV,198987,T,N TEXAS,2,100.0,0,251,61.3,77.6,58.2,0,0,6,100.0,100.0,100.0,0,0,0,20,0,0,20,20,6,6,0,0,14,0,379,1,1,278,95,318,1,1,442,2,6,1,1,1,1,455,4,28,238,455,443,443,38,301,448,156,True
Coen Echols,184451,C,TEXAS A&M,3,100.0,0,312,55.8,76.2,54.1,0,0,7,100.0,100.0,100.0,0,0,0,20,18,0,0,20,7,7,2,0,13,0,126,1,1,198,96,210,1,1,201,2,3,1,1,1,1,214,213,18,3,214,204,204,12,6,216,16,True
Tank Hawkins Jr.,184424,WR,WASH STATE,4,31.7,0,341,76.2,,53.3,0,0,0,0.0,0.0,,0,0,0,20,0,0,0,63,0,42,0,0,20,0,38,717,1,77,,606,1,1,76,76,80,,1,1,1,688,1,2,5,577,80,526,1,5,688,213,True
KD Daniels,184419,HB,WAKE,3,51.3,0,339,51.6,43.7,60.0,1,2,17,53.1,55.9,91.2,1,3,0,20,0,0,0,39,19,34,0,0,1,0,232,26,1,282,209,65,239,243,110,23,22,247,236,254,1,206,2,1,1,275,99,233,1,1,279,48,True
Justice Turner,188851,C,S DIEGO ST,3,100.0,0,284,63.0,78.3,60.2,0,0,8,100.0,100.0,100.0,0,0,0,20,20,0,0,20,9,9,0,0,11,0,126,1,1,123,68,147,1,1,196,2,3,1,1,1,1,214,209,18,3,214,194,194,21,6,222,16,True
Dylan Gentry,184401,WR,JVILLE ST,5,44.4,0,196,66.1,,81.0,0,0,0,0.0,0.0,,0,0,0,20,0,0,0,45,0,25,0,0,20,0,1,368,1,300,,15,1,1,76,76,80,,1,1,1,688,1,2,5,668,80,636,1,5,688,213,True
Jordan Malau'ulu,184238,WR,FRESNO ST,4,52.6,0,169,60.7,,61.2,0,0,0,0.0,0.0,,0,0,0,20,0,0,0,38,0,18,0,0,20,0,38,168,1,491,,337,1,1,76,76,80,,1,1,1,688,1,2,5,711,80,688,1,5,688,213,True
Lucas Farrington,198574,HB,JVILLE ST,4,25.3,0,196,77.9,78.7,73.0,0,0,9,21.4,20.5,100.0,0,0,0,20,0,0,0,79,9,44,0,0,11,0,15,183,1,57,61,18,1,1,216,229,234,1,1,1,1,206,2,1,1,197,227,181,1,1,111,48,True
Kime Fangupo,224089,TE,S DIEGO ST,3,76.9,0,284,42.5,67.9,50.7,0,0,2,33.3,25.0,100.0,1,0,0,20,0,0,0,26,2,8,0,0,18,19,353,132,1,458,228,348,1,1,393,127,196,1,293,1,1,440,1,2,61,448,402,430,2,62,434,431,True
Jayon Farrar,198455,WR,FRESNO ST,4,55.6,0,169,65.0,,62.6,0,0,0,0.0,0.0,,0,0,0,20,0,0,0,36,0,15,0,0,20,0,38,131,1,340,,239,1,1,76,76,80,,1,1,1,688,1,2,5,725,80,715,1,5,688,213,True
Breezy Dubar,176209,HB,MO STATE,4,19.0,0,230,68.3,76.7,58.4,0,0,12,21.8,25.4,100.0,0,0,0,20,0,0,0,105,16,63,0,0,4,0,15,240,1,182,74,136,1,1,171,223,193,1,1,1,1,206,2,1,1,133,132,103,1,1,241,48,True
Josh Humes,198284,TE,DELAWARE,3,57.1,0,151,51.3,33.5,64.3,0,1,4,22.2,21.1,87.5,0,1,0,20,0,0,0,35,4,19,0,0,16,19,353,344,1,366,437,136,1,371,332,234,261,442,1,329,1,440,1,2,61,412,341,350,2,62,453,431,True
Aneyas Williams,184108,HB,NOTRE DAME,4,17.5,0,258,64.5,57.4,49.9,0,0,13,25.5,26.8,100.0,1,0,0,20,0,0,0,114,15,56,0,0,5,0,15,257,1,222,160,250,1,1,156,187,180,1,236,1,1,206,2,1,1,110,144,129,1,1,224,48,True
Tyler Kuo,176620,WR,STANFORD,4,64.5,0,300,51.8,,45.9,0,0,0,0.0,0.0,,0,0,0,20,0,0,0,31,0,11,0,0,20,0,38,68,1,737,,727,1,1,76,76,80,,1,1,1,688,1,2,5,751,80,747,1,5,688,213,True
Elisha Durham,198166,WR,BALL ST,4,45.5,0,117,64.5,,76.7,0,0,0,0.0,0.0,,0,0,0,20,0,0,0,44,0,24,0,0,20,0,38,331,1,357,,32,1,1,76,76,80,,1,1,1,688,1,2,5,674,80,643,1,5,688,213,True
Jack Larsen,184098,TE,NOTRE DAME,4,45.5,0,258,42.2,69.6,44.1,0,0,5,17.9,17.2,100.0,1,0,0,20,0,0,0,44,5,29,0,0,15,19,23,441,1,462,187,434,1,1,301,291,308,1,293,1,1,440,1,2,61,381,307,280,2,62,469,431,True
Bryson Roland,218068,HB,LA MONROE,4,20.6,0,209,66.4,41.2,69.8,0,0,8,17.0,16.7,100.0,0,0,0,20,0,0,0,97,8,48,0,0,12,0,15,227,1,203,219,30,1,1,230,256,258,1,1,1,1,206,2,1,1,152,239,167,1,1,101,48,True
Sean Patrick,190981,HB,AKRON,4,18.9,0,102,68.6,42.5,56.6,0,0,13,19.7,19.1,100.0,0,0,0,20,0,0,0,106,13,68,0,0,7,0,15,244,1,177,215,195,1,1,156,239,246,1,1,1,1,206,2,1,1,128,174,84,1,1,179,48,True
Josiah Chenault,177028,C,SM HOUSTON,1,100.0,0,281,65.4,72.1,63.4,0,0,3,100.0,100.0,100.0,0,0,0,20,20,0,0,20,3,3,0,0,17,0,212,1,1,104,133,101,1,1,223,2,3,1,1,1,1,214,209,18,3,214,224,224,21,6,197,16,True
Blake Rohrer,218255,WR,DUKE,3,76.9,0,154,56.1,,62.1,0,0,0,0.0,0.0,,0,0,0,20,0,0,0,26,0,6,0,0,20,0,603,21,1,632,,260,1,1,76,76,80,,1,1,1,688,1,2,5,773,80,774,1,5,688,213,True
Nakai Amachree,191000,HB,BOWL GREEN,4,18.0,0,122,64.4,54.4,58.1,0,0,7,10.3,12.9,100.0,0,0,0,20,0,0,0,111,9,70,0,0,11,0,15,253,1,223,176,145,1,1,243,275,271,1,1,1,1,206,2,1,1,119,227,73,1,1,111,48,True
Nigel Johnson,179062,WR,W KENTUCKY,4,40.8,0,346,61.3,65.1,46.1,0,0,1,3.4,3.3,100.0,0,0,0,20,0,0,0,49,1,30,0,0,19,1,38,485,1,467,22,725,1,1,14,10,11,1,1,1,1,688,1,2,5,649,16,602,1,5,706,112,True
Vincent Forney,193336,T,FAU,3,100.0,0,165,58.0,78.0,54.9,0,0,5,100.0,100.0,100.0,0,0,0,20,0,0,20,20,5,5,0,0,15,0,278,1,1,335,86,391,1,1,452,2,6,1,1,1,1,455,4,28,238,455,452,453,38,301,439,156,True
Kam Davis,183297,HB,LIBERTY,4,22.5,0,206,77.8,55.7,47.7,0,0,12,37.5,40.0,100.0,0,0,0,20,0,0,0,89,14,35,0,0,6,1,15,209,1,58,169,261,1,1,171,77,67,1,1,1,1,206,2,1,1,175,157,227,1,1,205,26,True
Britin Witt,192262,C,JVILLE ST,3,100.0,0,196,64.1,80.9,60.6,0,0,7,100.0,100.0,100.0,0,0,0,20,18,0,0,20,11,11,0,0,9,1,126,1,1,118,42,139,1,1,201,2,3,1,1,1,1,214,213,18,3,214,187,187,21,6,230,10,True
Micah Welch,183887,HB,COLORADO,4,23.8,0,143,75.0,58.5,58.4,0,0,15,41.7,43.2,100.0,0,0,0,20,0,0,0,84,16,37,0,0,4,0,15,198,1,92,159,136,1,1,129,53,52,1,1,1,1,206,2,1,1,185,132,212,1,1,241,48,True
George Rohl,218535,TE,MINNESOTA,3,83.3,0,225,42.4,64.8,42.3,0,0,1,20.0,20.0,100.0,0,0,0,20,0,0,0,24,1,5,0,0,19,22,353,78,1,461,282,452,1,1,430,258,271,1,1,1,1,440,1,2,61,462,433,461,2,62,426,409,True
Tanner Burlingame,191110,G,UMASS,3,100.0,0,216,75.6,76.2,73.0,0,0,3,100.0,100.0,100.0,0,0,0,20,5,0,0,20,4,4,15,0,16,0,284,1,1,28,162,52,1,1,497,3,8,1,1,1,1,480,34,327,39,480,492,492,269,40,459,58,True
Kade Caton,191321,TE,USF,3,54.1,0,327,66.2,,68.6,0,0,0,0.0,0.0,,2,0,0,20,0,0,0,37,0,17,0,0,20,23,353,377,1,108,,83,1,1,459,459,459,,439,1,1,440,1,2,61,406,459,358,2,62,418,403,True
Gavin Jones,198950,T,NEW MEX ST,2,100.0,0,242,66.4,79.0,63.3,0,0,6,100.0,100.0,100.0,0,0,0,19,0,0,19,19,6,6,0,0,13,0,379,1,1,166,70,210,1,1,442,2,6,1,1,1,1,462,4,28,246,462,443,443,38,301,461,156,True
Nick Osho,185482,HB,N TEXAS,4,45.2,0,251,62.8,79.8,55.1,0,0,6,35.3,36.8,100.0,0,0,0,19,0,0,0,42,7,19,0,0,12,0,15,39,1,244,52,217,1,1,257,96,90,1,1,1,1,222,2,1,1,271,248,261,1,1,101,48,True
Grant Zimmerly,171394,T,TOLEDO,2,100.0,0,316,59.0,74.6,57.4,0,0,2,100.0,100.0,100.0,0,0,0,19,0,0,0,19,2,2,0,19,17,0,379,1,1,319,137,334,1,1,488,2,6,1,1,1,1,462,4,28,315,462,490,490,38,245,418,156,True
Beau Baker,192023,TE,WASH STATE,4,76.0,0,341,60.3,73.8,53.9,0,0,5,45.5,45.5,100.0,1,0,0,19,0,0,0,25,5,11,0,1,14,17,23,140,1,200,70,297,1,1,301,62,61,1,293,1,1,454,1,2,61,453,307,403,2,19,473,450,True
Jack Liwienski,174421,C,N DAK ST,3,100.0,0,250,66.0,76.3,63.8,0,0,5,100.0,100.0,100.0,0,0,0,19,13,5,0,19,5,5,0,0,14,0,126,1,1,99,94,96,1,1,213,2,3,1,1,1,1,218,225,12,3,218,213,213,21,6,209,16,True
Owen Pollock,215804,TE,FAU,2,82.6,0,165,55.7,66.4,57.9,0,0,3,50.0,42.9,100.0,0,0,0,19,0,0,0,23,3,7,0,0,16,22,442,83,1,278,258,216,1,1,357,49,72,1,1,1,1,454,1,2,61,464,368,439,2,62,453,409,True
Jaren Hamilton,172378,WR,ARIZONA ST,3,55.9,0,110,54.3,,62.2,0,0,0,0.0,0.0,,0,0,0,19,0,0,0,34,0,15,0,0,19,0,603,128,1,688,,256,1,1,76,76,80,,1,1,1,708,1,2,5,734,80,715,1,5,706,213,True
Mason Vicari,188501,G,PURDUE,3,95.0,0,273,61.9,78.9,62.4,0,0,7,87.5,87.5,100.0,0,0,0,19,0,0,0,20,7,8,18,0,12,0,284,512,1,249,111,207,1,1,458,511,511,1,1,1,1,485,47,327,39,480,460,452,257,40,483,58,True
Matt Jeffery,189878,WR,NOTRE DAME,3,52.8,0,258,70.7,,60.8,0,0,0,0.0,0.0,,0,0,0,19,0,0,0,36,0,17,0,0,19,0,603,162,1,177,,372,1,1,76,76,80,,1,1,1,708,1,2,5,725,80,698,1,5,706,213,True
Juju Preston,199631,WR,CLEMSON,4,52.8,0,140,66.0,,60.8,0,0,0,0.0,0.0,,0,0,0,19,0,0,0,36,0,17,0,0,19,0,38,162,1,303,,372,1,1,76,76,80,,1,1,1,708,1,2,5,725,80,698,1,5,706,213,True
Quinton Jackson,163001,HB,RICE,1,59.4,0,275,78.4,75.6,53.8,0,0,5,55.6,55.6,100.0,0,0,0,19,0,0,0,32,5,9,0,0,14,4,285,18,1,52,77,232,1,1,261,20,23,1,1,1,1,222,2,1,1,280,264,280,1,1,83,13,True
Joseph Himon II,162843,HB,NWESTERN,3,36.5,0,256,81.8,73.2,52.3,0,0,3,12.0,11.5,100.0,0,0,0,19,0,0,0,52,3,26,0,0,16,0,232,63,1,26,92,241,1,1,271,274,276,1,1,1,1,222,2,1,1,258,273,252,1,1,67,48,True
Jermaine Bishop Jr.,216258,WR,TEXAS,4,34.5,0,311,67.9,,61.5,0,0,0,0.0,0.0,,0,0,0,19,0,0,0,55,0,36,0,0,19,0,38,663,1,244,,305,1,1,76,76,80,,1,1,1,708,1,2,5,612,80,564,1,5,706,213,True
Cory Butler Jr.,198124,WR,ARIZONA ST,2,57.6,0,110,61.3,,61.9,0,0,0,0.0,0.0,,0,0,0,19,0,0,0,33,0,14,0,0,19,0,735,113,1,467,,277,1,1,76,76,80,,1,1,1,708,1,2,5,740,80,724,1,5,706,213,True
Ian Premer,218691,TE,NOTRE DAME,2,90.5,0,258,54.2,70.2,53.5,0,0,5,71.4,71.4,100.0,0,0,0,19,0,0,0,21,5,7,0,0,14,19,442,37,1,312,173,307,1,1,301,18,18,1,1,1,1,454,1,2,61,469,307,439,2,62,473,431,True
Ja'Quez Cross,145108,HB,APP STATE,4,28.8,0,108,63.2,71.7,57.8,0,1,9,25.0,23.7,94.4,0,1,0,19,0,0,0,66,9,38,0,0,10,0,15,138,1,239,103,157,1,150,216,190,208,203,1,113,1,222,2,1,1,229,227,204,1,1,128,48,True
Xavier Bausley,163939,T,MARSHALL,2,100.0,0,214,66.3,56.5,68.0,0,0,9,100.0,100.0,100.0,0,0,0,19,0,0,0,19,10,10,0,19,9,0,379,1,1,168,343,126,1,1,417,2,6,1,1,1,1,462,4,28,315,462,411,412,38,245,487,156,True
Davion Dozier,172404,WR,NC STATE,4,48.7,0,248,66.7,,61.2,0,0,0,0.0,0.0,,0,0,0,19,0,0,0,39,0,20,0,0,19,0,38,245,1,275,,337,1,1,76,76,80,,1,1,1,708,1,2,5,706,80,667,1,5,706,213,True
Antonio Jordan,200093,WR,ARKANSAS,4,32.2,0,111,65.4,,61.4,0,0,0,0.0,0.0,,0,0,0,19,0,0,0,59,0,40,0,0,19,0,38,707,1,324,,316,1,1,76,76,80,,1,1,1,708,1,2,5,595,80,544,1,5,706,213,True
Gerard Bullock Jr.,164014,TE,KENNESAW,1,65.5,0,200,42.5,71.5,34.6,0,0,4,30.8,33.3,100.0,0,0,0,19,0,0,0,29,5,15,0,0,14,13,478,240,1,458,142,481,1,1,332,159,128,1,1,1,1,454,1,2,61,436,307,375,2,62,473,466,True
Kenyon Clay,156837,HB,ARK STATE,3,24.7,0,113,72.5,46.1,58.6,0,1,12,29.3,29.5,87.5,0,2,1,19,0,0,0,77,13,44,0,0,6,0,232,189,1,125,201,130,1,150,171,146,155,266,1,216,248,222,2,1,1,205,174,181,1,1,205,48,True
Cedric Kouemi,215621,HB,JVILLE ST,5,45.2,0,196,57.6,14.4,57.9,0,0,3,25.0,25.0,100.0,0,0,0,19,0,0,0,42,3,12,0,0,16,0,1,39,1,270,277,154,1,1,271,190,195,1,1,1,1,222,2,1,1,271,273,274,1,1,67,48,True
Anthony Woods,158969,HB,UCLA,4,24.7,0,324,85.7,60.4,70.9,1,0,13,38.2,40.0,96.2,0,1,0,19,0,0,0,77,14,35,0,0,5,0,15,189,1,7,151,28,239,1,156,73,67,178,1,113,1,222,2,1,1,205,157,227,1,1,224,48,True
Larry Crawford,183888,G,HOUSTON,2,100.0,0,182,51.8,76.8,57.6,0,0,6,100.0,100.0,100.0,1,0,0,19,1,0,0,19,6,6,18,0,13,0,400,1,1,462,151,334,1,1,465,3,8,1,266,1,1,485,42,327,39,486,468,468,257,40,475,58,True
Ryan Daly,189379,C,DUKE,1,100.0,0,154,75.2,74.9,71.2,0,0,5,100.0,100.0,100.0,0,0,0,19,19,0,0,19,5,5,0,0,14,0,212,1,1,23,115,29,1,1,213,2,3,1,1,1,1,218,212,18,3,218,213,213,21,6,209,16,True
Daniel Boyd,204012,G,DUKE,1,100.0,0,154,78.9,75.1,78.2,0,0,5,100.0,100.0,100.0,0,0,0,19,0,19,0,19,5,5,0,0,14,0,480,1,1,11,176,15,1,1,476,3,8,1,1,1,1,485,47,259,39,486,478,478,322,40,467,58,True
Walter Taylor,163728,TE,VANDERBILT,4,45.2,0,333,61.5,,58.2,0,0,0,0.0,0.0,,1,0,0,19,0,0,0,42,0,23,0,0,19,34,23,443,1,177,,210,1,1,459,459,459,,293,1,1,454,1,2,61,393,459,329,2,62,426,339,True
Carter Harris,218455,WR,LA TECH,1,73.1,0,208,55.0,,60.9,0,0,0,0.0,0.0,,0,0,0,19,0,0,0,26,0,7,0,0,19,0,783,33,1,672,,361,1,1,76,76,80,,1,1,1,708,1,2,5,773,80,769,1,5,706,213,True
Talyn Taylor,198477,WR,GEORGIA,4,27.5,0,173,90.1,,62.6,0,0,0,0.0,0.0,,0,0,0,19,0,0,0,69,0,49,0,0,19,0,38,765,1,5,,239,1,1,76,76,80,,1,1,1,708,1,2,5,563,80,487,1,5,706,213,True
Creed Whittemore,172560,WR,UTAH,4,21.1,0,328,70.3,,58.9,0,0,0,0.0,0.0,,0,0,0,19,0,0,0,90,0,71,0,0,19,0,38,790,1,190,,486,1,1,76,76,80,,1,1,1,708,1,2,5,481,80,366,1,5,706,213,True
Dylone Brooks,205012,HB,LA TECH,3,37.3,0,208,69.8,42.8,57.6,0,1,9,28.1,32.4,94.4,0,1,0,19,0,0,0,51,11,34,0,0,8,0,232,59,1,155,212,163,1,150,216,162,123,203,1,113,1,222,2,1,1,260,200,233,1,1,162,48,True
Kezion Dia-Johnson,191112,WR,UMASS,4,44.2,0,216,54.0,,36.8,0,0,0,0.0,0.0,,1,0,0,19,0,0,0,43,0,21,0,0,19,0,38,379,1,695,,782,1,1,76,76,80,,550,1,1,708,1,2,5,681,80,661,1,5,706,213,True
JC Evans,184302,QB,JAMES MAD,1,48.7,0,197,72.4,,60.0,0,0,0,0.0,0.0,,0,0,0,19,0,0,0,39,0,14,0,0,19,0,197,35,1,98,,78,1,1,18,18,20,,1,1,1,181,1,1,1,182,20,184,1,1,181,2,True
Ar'Mari Towns,214623,TE,PURDUE,4,37.3,0,273,58.8,68.8,58.4,0,0,2,6.1,5.9,100.0,0,0,0,19,0,0,0,51,2,34,0,0,17,31,23,470,1,219,209,208,1,1,393,432,435,1,1,1,1,454,1,2,61,346,402,259,2,62,443,355,True
Jack Rhodes,213752,WR,VIRGINIA,2,65.5,0,335,55.0,,59.8,0,0,0,0.0,0.0,,0,0,0,19,0,0,0,29,0,10,0,0,19,0,735,62,1,672,,444,1,1,76,76,80,,1,1,1,708,1,2,5,762,80,751,1,5,706,213,True
Sam Mbake,163638,WR,APP STATE,4,76.0,0,108,57.3,70.0,61.5,0,0,1,14.3,14.3,100.0,0,0,0,19,0,0,0,25,1,7,0,0,18,0,38,24,1,600,8,305,1,1,14,2,2,1,1,1,1,708,1,2,5,775,16,769,1,5,721,213,True
Jamiel Williams,198616,G,KENNESAW,2,100.0,1,200,44.7,11.2,58.2,0,2,10,100.0,100.0,90.0,2,2,0,19,0,19,0,19,10,10,0,0,9,0,400,1,475,506,503,308,1,295,438,3,8,504,396,230,1,485,47,259,39,486,441,441,322,40,502,58,True
Jasen Lopez,213475,WR,FLORIDA ST,3,51.4,0,167,66.2,,61.2,0,0,0,0.0,0.0,,0,0,0,19,0,0,0,37,0,18,0,0,19,0,603,185,1,294,,337,1,1,76,76,80,,1,1,1,708,1,2,5,717,80,688,1,5,706,213,True
Naeer Jackson,156546,T,LOUISVILLE,1,100.0,0,210,63.4,76.3,61.0,0,0,7,100.0,100.0,100.0,0,0,0,19,0,0,0,19,8,8,6,13,11,0,455,1,1,227,115,254,1,1,433,2,6,1,1,1,1,462,4,28,315,462,428,428,21,265,472,156,True
Mason Howard,163533,T,UCONN,1,100.0,0,146,61.9,78.2,57.8,0,0,7,100.0,100.0,100.0,0,0,0,19,0,0,0,19,7,7,0,18,12,1,455,1,1,264,83,327,1,1,433,2,6,1,1,1,1,462,4,28,315,462,438,438,38,248,466,95,True
Clay Thevenin,198671,HB,RUTGERS,4,22.1,0,278,62.3,42.7,59.3,0,2,14,27.5,31.5,92.9,0,2,0,19,0,0,0,86,17,54,0,0,2,0,15,212,1,249,213,101,1,243,142,167,129,223,1,216,1,222,2,1,1,180,124,141,1,1,274,48,True
Deshaun Buchanan,175075,HB,NEW MEXICO,3,38.0,0,241,62.1,24.3,55.6,1,0,15,41.7,38.5,90.0,0,2,1,19,0,0,0,50,15,39,0,0,4,0,232,56,1,251,263,210,239,1,129,53,78,254,1,216,248,222,2,1,1,261,144,200,1,1,241,48,True
Bo Burklow,174924,TE,LIBERTY,2,90.5,0,206,49.6,50.6,52.7,0,1,3,60.0,60.0,83.3,0,1,0,19,0,0,0,21,3,5,0,0,16,21,442,37,1,386,373,322,1,371,357,27,28,452,1,329,1,454,1,2,61,469,368,461,2,62,453,419,True
Jase Hoath,171819,TE,LA MONROE,4,73.1,0,209,68.3,74.7,70.0,0,0,5,41.7,41.7,100.0,1,0,0,19,0,0,0,26,5,12,0,0,14,21,23,172,1,92,53,67,1,1,301,85,85,1,293,1,1,454,1,2,61,448,307,395,2,62,473,419,True
Aviyon Smith-Mack,171609,WR,SM HOUSTON,1,78.3,0,281,61.1,,74.5,0,0,0,0.0,0.0,,0,0,0,18,0,0,0,23,0,5,0,0,18,0,783,17,1,475,,50,1,1,76,76,80,,1,1,1,722,1,2,5,782,80,782,1,5,721,213,True
Aaron Wolford,213764,C,HOUSTON,1,100.0,0,182,62.2,75.2,60.4,0,0,5,100.0,100.0,100.0,0,0,0,18,18,0,0,18,5,5,0,0,13,0,212,1,1,139,111,143,1,1,213,2,3,1,1,1,1,220,213,18,3,220,213,213,21,6,216,16,True
Jaivian Thomas,176564,HB,UCLA,4,24.3,0,324,76.3,29.0,63.5,0,1,6,18.8,20.0,91.7,0,1,0,18,0,0,0,74,7,35,0,0,11,0,15,195,1,74,245,54,1,150,257,246,240,239,1,113,1,232,2,1,1,215,248,227,1,1,111,48,True
Keivin Boone-Nelson II,200040,WR,W MICHIGAN,4,58.1,0,347,54.3,,53.5,0,0,0,0.0,0.0,,0,0,0,18,0,0,0,31,0,13,0,0,18,0,38,109,1,688,,603,1,1,76,76,80,,1,1,1,722,1,2,5,751,80,732,1,5,721,213,True
Dallas Boozer,215867,WR,ARK STATE,2,85.7,0,113,71.2,,61.4,0,0,0,0.0,0.0,,0,0,0,18,0,0,0,21,0,3,0,0,18,0,735,8,1,162,,316,1,1,76,76,80,,1,1,1,722,1,2,5,785,80,786,1,5,721,213,True
Grant Wilson,143041,QB,INDIANA,3,72.0,0,190,85.9,,60.0,0,0,0,0.0,0.0,,0,0,0,18,0,0,0,25,0,4,0,0,18,0,129,5,1,27,,78,1,1,18,18,20,,1,1,1,182,1,1,1,198,20,198,1,1,182,2,True
Danny Edgehille,190190,TE,BOSTON COL,4,36.0,1,121,41.9,66.7,57.9,0,0,2,6.3,5.9,100.0,1,0,0,18,0,0,0,50,2,34,0,0,16,20,23,472,465,463,254,216,1,1,393,429,435,1,293,1,1,462,1,2,61,349,402,259,2,62,453,429,True
Antoni Ogumoro,199970,C,TENNESSEE,2,100.0,0,307,46.9,73.1,46.4,0,0,5,100.0,100.0,100.0,0,0,0,18,14,3,0,18,5,5,0,0,13,1,180,1,1,230,128,230,1,1,213,2,3,1,1,1,1,220,224,14,3,220,213,213,21,6,216,10,True
Devin Hamilton,215088,WR,W KENTUCKY,3,58.1,0,346,57.6,,76.1,0,0,0,0.0,0.0,,0,0,0,18,0,0,0,31,0,13,0,0,18,0,603,109,1,591,,38,1,1,76,76,80,,1,1,1,722,1,2,5,751,80,732,1,5,721,213,True
Bo Jackson,199864,HB,OHIO STATE,4,14.8,0,260,78.4,83.0,59.9,0,0,12,18.8,18.2,100.0,0,0,0,18,0,0,0,122,12,66,0,0,6,0,15,279,1,52,29,78,1,1,171,246,252,1,1,1,1,232,2,1,1,92,186,92,1,1,205,48,True
Daidren Zipperer,176666,WR,UTAH,3,72.0,0,328,55.5,,60.5,0,0,0,0.0,0.0,,0,0,0,18,0,0,0,25,0,7,0,0,18,0,603,37,1,655,,393,1,1,76,76,80,,1,1,1,722,1,2,5,775,80,769,1,5,721,213,True
Darrell Smith,199730,HB,LA LAFAYET,4,24.0,0,207,62.5,81.4,43.1,0,0,7,19.4,21.1,100.0,0,0,0,18,0,0,0,75,8,38,0,0,10,4,15,196,1,248,43,278,1,1,243,241,227,1,1,1,1,232,2,1,1,213,239,204,1,1,128,13,True
Jaquise Martin,199725,WR,HOUSTON,3,62.1,0,182,62.4,,58.9,0,0,0,0.0,0.0,,0,0,0,18,0,0,0,29,0,11,0,0,18,0,603,81,1,427,,486,1,1,76,76,80,,1,1,1,722,1,2,5,762,80,747,1,5,721,213,True
RJ Lee,199724,T,HOUSTON,1,100.0,0,182,54.6,77.7,51.3,0,0,5,100.0,100.0,100.0,0,0,0,18,0,0,18,18,5,5,0,0,13,0,455,1,1,391,93,437,1,1,452,2,6,1,1,1,1,467,4,28,247,467,452,453,38,301,461,156,True
Demetris Dean II,199707,G,HOUSTON,1,100.0,0,182,64.3,76.6,63.0,0,0,5,100.0,100.0,100.0,0,0,0,18,0,18,0,18,5,5,0,0,13,0,480,1,1,181,154,195,1,1,476,3,8,1,1,1,1,489,47,261,39,489,478,478,322,40,475,58,True
Ricardo Cordova,199701,C,HOUSTON,1,100.0,0,182,54.0,,55.2,0,0,0,,,,0,0,0,18,18,0,0,18,0,0,0,0,18,0,212,1,1,209,,202,1,1,231,,,,1,1,1,220,213,18,3,220,231,231,21,6,192,16,True
Hogan Wasson,160138,WR,MIDDLE TN,4,23.7,0,224,56.9,,62.8,0,0,0,0.0,0.0,,0,0,0,18,0,0,0,76,0,58,0,0,18,3,38,785,1,612,,229,1,1,76,76,80,,1,1,1,722,1,2,5,536,80,437,1,5,721,48,True
Jaceon Doss,173503,WR,NEVADA,4,30.5,0,239,49.9,,45.6,0,0,0,0.0,0.0,,0,0,0,18,0,0,0,59,0,41,0,0,18,0,38,733,1,767,,732,1,1,76,76,80,,1,1,1,722,1,2,5,595,80,537,1,5,721,213,True
Isaac Wilson,183872,QB,COLORADO,2,35.3,0,143,61.4,,60.0,0,0,0,0.0,0.0,,1,0,0,18,0,0,0,51,0,30,0,0,18,0,173,149,1,153,,78,1,1,18,18,20,,110,1,1,182,1,1,1,169,20,164,1,1,182,2,True
Hayes Johnson,184633,C,KENTUCKY,3,100.0,0,202,41.1,70.6,44.0,0,0,2,100.0,100.0,100.0,0,0,0,18,10,0,0,18,2,2,0,3,16,5,126,1,1,231,142,231,1,1,226,2,3,1,1,1,1,220,229,18,3,220,226,226,21,4,203,7,True
Dylan Riley,190996,HB,BOISE ST,4,10.5,0,120,79.3,14.6,44.5,1,3,9,13.4,12.9,77.8,1,4,0,18,0,0,0,172,9,70,0,0,9,0,15,285,1,41,275,272,239,273,216,271,271,278,236,272,1,232,2,1,1,21,227,73,1,1,148,48,True
Daylan McCutcheon,199304,WR,TEXAS,4,56.3,0,311,53.5,,59.7,0,0,0,0.0,0.0,,0,0,0,18,0,0,0,32,0,14,0,0,18,0,38,124,1,711,,450,1,1,76,76,80,,1,1,1,722,1,2,5,743,80,724,1,5,721,213,True
Colton Heinrich,184563,TE,GEORGIA,3,78.3,0,173,79.9,68.9,81.4,0,0,2,28.6,28.6,100.0,0,0,0,18,0,0,0,23,2,7,0,0,16,21,353,118,1,13,206,4,1,1,393,170,169,1,1,1,1,462,1,2,61,464,402,439,2,62,453,419,True
Rod Green,150891,G,CHARLOTTE,2,100.0,0,136,46.9,38.4,46.9,0,1,8,100.0,100.0,93.7,1,1,0,18,0,14,0,18,8,8,4,0,10,0,400,1,1,497,474,494,1,171,451,3,8,490,266,139,1,489,47,275,39,489,452,452,300,40,495,58,True
Ryder Langsdale,149377,T,RUTGERS,1,100.0,0,278,74.6,72.1,72.7,0,0,3,100.0,100.0,100.0,0,0,0,18,0,0,0,18,4,4,0,18,14,0,455,1,1,57,166,75,1,1,476,2,6,1,1,1,1,467,4,28,315,467,464,465,38,248,448,156,True
Jakobe Sanders,174307,C,OKLA STATE,2,100.0,0,262,68.2,76.6,65.4,0,0,7,100.0,100.0,100.0,0,0,0,18,18,0,0,18,7,7,0,0,11,0,180,1,1,72,89,81,1,1,201,2,3,1,1,1,1,220,213,18,3,220,204,204,21,6,222,16,True
JT Tang,205433,TE,TROY,2,75.0,0,318,57.0,67.8,60.0,0,0,3,37.5,33.3,100.0,0,0,0,18,0,0,0,24,3,9,0,0,15,23,442,146,1,249,230,184,1,1,357,109,128,1,1,1,1,462,1,2,61,462,368,421,2,62,469,403,True
La'Vell Wright,146736,HB,PITTSBURGH,3,24.7,0,268,73.2,83.8,51.1,0,0,7,23.3,22.6,100.0,0,0,0,18,0,0,0,73,7,31,0,0,11,0,232,189,1,116,20,243,1,1,243,208,215,1,1,1,1,232,2,1,1,217,248,241,1,1,111,48,True
Elijah Collins,195790,G,SM HOUSTON,2,100.0,0,281,66.4,73.2,65.4,0,0,4,100.0,100.0,100.0,0,0,0,18,0,18,0,18,4,4,0,0,14,0,400,1,1,140,203,149,1,1,490,3,8,1,1,1,1,489,47,261,39,489,492,492,322,40,467,58,True
Isaiah Stone,184466,WR,GA STATE,4,60.0,0,175,69.4,,70.9,0,0,0,0.0,0.0,,0,0,0,18,0,0,0,30,0,9,0,0,18,0,38,95,1,209,,92,1,1,76,76,80,,1,1,1,722,1,2,5,757,80,758,1,5,721,213,True
Jonah Miller,146553,T,UTSA,3,100.0,0,331,56.1,0.0,70.1,2,0,7,100.0,100.0,85.7,0,2,0,18,0,0,18,18,8,8,0,0,10,0,278,1,1,362,490,98,429,1,433,2,6,491,1,178,1,467,4,28,247,467,428,428,38,301,482,156,True
Giakoby Hills,190662,T,TEMPLE,1,100.0,0,306,61.2,85.4,55.1,0,0,7,100.0,100.0,100.0,0,0,0,18,0,0,18,18,8,8,0,0,10,0,455,1,1,281,16,384,1,1,433,2,6,1,1,1,1,467,4,28,247,467,428,428,38,301,482,156,True
Jywon Boyd,190682,WR,TROY,2,41.9,0,318,62.6,,60.1,0,0,0,0.0,0.0,,0,0,0,18,0,0,0,43,0,25,0,0,18,0,735,448,1,420,,421,1,1,76,76,80,,1,1,1,722,1,2,5,681,80,636,1,5,721,213,True
Isaiah Maumalanga,193339,T,UTEP,3,100.0,0,330,36.5,0.0,49.2,0,2,9,100.0,100.0,77.8,0,3,1,18,0,0,18,18,9,9,0,0,9,0,278,1,1,491,490,461,1,218,417,2,6,493,1,224,333,467,4,28,247,467,421,421,38,301,487,156,True
Harry Dalton III,205446,HB,MARYLAND,3,19.8,0,215,69.5,79.0,75.2,0,0,11,21.6,22.2,100.0,0,0,0,18,0,0,0,91,12,54,0,0,6,0,232,232,1,159,57,14,1,1,186,226,220,1,1,1,1,232,2,1,1,172,186,141,1,1,205,48,True
Nate Tastad,192001,G,N DAK ST,3,100.0,0,250,56.5,81.7,51.6,0,0,8,100.0,100.0,100.0,0,0,0,18,0,4,3,18,8,8,8,0,10,3,284,1,1,389,72,446,1,1,451,3,8,1,1,1,1,489,47,304,24,489,452,452,293,40,495,13,True
Ty Robinson,146317,WR,ILLINOIS,4,37.5,0,187,77.1,,61.7,0,0,0,0.0,0.0,,0,0,0,18,0,0,0,48,0,30,0,0,18,0,38,598,1,64,,291,1,1,76,76,80,,1,1,1,722,1,2,5,654,80,602,1,5,721,213,True
Ashten Emory,188313,HB,CAL,4,30.0,0,130,65.6,41.6,59.1,0,0,8,24.2,23.5,100.0,0,0,0,18,0,0,0,60,8,34,0,0,10,0,15,119,1,210,218,107,1,1,230,204,209,1,1,1,1,232,2,1,1,240,239,233,1,1,128,48,True
Lucas Barnes,198778,T,MIAMI OH,2,100.0,0,221,55.7,75.0,54.0,0,0,3,100.0,100.0,100.0,0,0,0,18,0,0,18,18,3,3,0,0,15,0,379,1,1,370,134,404,1,1,476,2,6,1,1,1,1,467,4,28,247,467,482,483,38,301,439,156,True
Shane Carr,186353,WR,KENTUCKY,3,62.1,0,202,63.5,,61.4,0,0,0,0.0,0.0,,1,0,0,18,0,0,0,29,0,11,0,0,18,0,603,81,1,379,,316,1,1,76,76,80,,550,1,1,722,1,2,5,762,80,747,1,5,721,213,True
Damon Ferguson Jr.,218779,HB,PITTSBURGH,4,13.4,0,268,74.5,5.6,59.4,2,4,12,15.2,16.7,75.0,0,6,0,18,0,0,0,134,14,84,0,0,4,1,15,281,1,94,281,96,280,281,171,265,258,280,1,284,1,232,2,1,1,73,157,39,1,1,241,26,True
Nick Herman,206025,HB,JAMES MAD,4,25.7,0,197,67.2,80.5,58.9,0,0,13,37.1,37.1,100.0,0,0,0,18,0,0,0,70,13,35,0,0,5,0,15,177,1,198,47,115,1,1,156,80,87,1,1,1,1,232,2,1,1,222,174,227,1,1,224,48,True
Henry Boehme,175490,T,PENN STATE,2,100.0,0,266,62.5,71.8,61.0,0,0,2,100.0,100.0,100.0,0,0,0,18,0,0,18,18,2,2,0,0,16,0,379,1,1,249,171,254,1,1,488,2,6,1,1,1,1,467,4,28,247,467,490,490,38,301,434,156,True
Hingano Hautau,190812,T,HOUSTON,1,100.0,0,182,79.0,,76.5,0,0,0,,,,0,0,0,18,0,0,11,18,0,0,0,7,18,0,455,1,1,31,,39,1,1,494,,,,1,1,1,467,4,28,277,467,494,494,38,278,409,156,True
Nick Delgadillo,175695,WR,HAWAII,4,34.6,0,180,56.6,,45.8,0,0,0,0.0,0.0,,1,0,0,18,0,0,0,52,0,34,0,0,18,0,38,662,1,619,,729,1,1,76,76,80,,550,1,1,722,1,2,5,632,80,574,1,5,721,213,True
Maxence LeBlanc,193184,TE,OHIO STATE,3,64.3,0,260,51.9,68.4,52.9,0,0,1,9.1,9.1,100.0,0,0,0,18,0,0,0,28,1,11,0,0,17,21,353,256,1,355,219,319,1,1,430,408,413,1,1,1,1,462,1,2,61,441,433,403,2,62,443,419,True
Kaveon Lee,204163,T,MINNESOTA,2,100.0,0,225,58.7,75.3,56.5,0,0,4,100.0,100.0,100.0,0,0,0,18,0,0,18,18,4,4,0,0,14,0,379,1,1,327,127,359,1,1,462,2,6,1,1,1,1,467,4,28,247,467,464,465,38,301,448,156,True
Cade Myer,213954,C,IOWA STATE,2,100.0,0,193,61.0,75.8,59.5,0,0,3,100.0,100.0,100.0,0,0,0,18,18,0,0,18,4,4,0,0,14,0,180,1,1,157,101,154,1,1,223,2,3,1,1,1,1,220,213,18,3,220,222,222,21,6,209,16,True
Kamari Moulton,170168,HB,IOWA,3,16.1,0,192,75.7,35.8,50.5,0,0,13,20.0,19.4,100.0,0,0,0,18,0,0,0,112,13,67,0,0,5,0,232,269,1,81,232,245,1,1,156,235,243,1,1,1,1,232,2,1,1,115,174,89,1,1,224,48,True
Jaylon Glover,158484,HB,UNLV,3,28.6,0,325,59.3,41.1,57.6,0,0,7,20.0,19.4,85.7,0,1,1,18,0,0,0,63,7,36,0,0,11,0,232,142,1,264,220,163,1,1,243,235,243,274,1,113,248,232,2,1,1,235,248,220,1,1,111,48,True
Jackson Grier,176322,WR,APP STATE,4,47.4,0,108,77.9,,61.1,0,0,0,0.0,0.0,,0,0,0,18,0,0,0,38,0,19,0,0,18,0,38,272,1,55,,346,1,1,76,76,80,,1,1,1,722,1,2,5,711,80,681,1,5,721,213,True
Max Riley,214525,G,OHIO STATE,1,100.0,0,260,68.0,79.3,66.5,0,0,6,100.0,100.0,100.0,0,0,0,18,0,0,0,18,6,6,18,0,12,0,480,1,1,102,103,133,1,1,465,3,8,1,1,1,1,489,47,327,39,489,468,468,257,40,483,58,True
Jeremiah Bushnell,213803,WR,HOUSTON,1,100.0,0,182,61.5,,62.3,0,0,0,,,,0,0,0,18,0,0,0,18,0,0,0,0,18,0,783,1,1,462,,248,1,1,76,,,,1,1,1,722,1,2,5,792,80,793,1,5,721,213,True
Chaston Ditta,198345,QB,N TEXAS,3,43.9,0,251,67.2,,60.0,0,0,0,0.0,0.0,,0,0,0,18,0,0,0,41,0,17,0,0,18,0,129,65,1,123,,78,1,1,18,18,20,,1,1,1,182,1,1,1,180,20,178,1,1,182,2,True
Kasiyah Charlton,214087,T,UCF,1,100.0,0,323,90.2,70.9,88.2,0,0,2,100.0,100.0,100.0,0,0,0,18,0,0,2,18,3,3,0,16,15,0,455,1,1,3,186,6,1,1,488,2,6,1,1,1,1,467,4,28,297,467,482,483,38,256,439,156,True
Dan Mahan,198334,QB,DUKE,4,50.0,0,154,90.6,,60.0,0,0,0,0.0,0.0,,0,0,0,18,0,0,0,36,0,11,0,0,18,0,6,30,1,12,,78,1,1,18,18,20,,1,1,1,182,1,1,1,186,20,187,1,1,182,2,True
Devonte Lyons,189778,HB,FIU,4,16.8,0,166,60.4,22.1,58.1,0,1,10,17.2,16.1,95.0,1,1,0,18,0,0,0,107,10,62,0,0,8,0,15,264,1,259,268,145,1,150,202,255,262,195,236,113,1,232,2,1,1,124,216,105,1,1,162,48,True
Lucas Simmons-Johansson,170355,T,WISCONSIN,3,100.0,0,349,72.0,39.2,77.9,0,0,9,100.0,100.0,100.0,0,0,0,18,0,0,18,18,9,9,0,0,9,0,278,1,1,85,434,27,1,1,417,2,6,1,1,1,1,467,4,28,247,467,421,421,38,301,487,156,True
Samuel Singleton Jr.,170356,HB,FLORIDA ST,3,28.1,0,167,66.7,71.5,58.0,0,1,9,26.5,30.6,94.4,1,1,0,18,0,0,0,64,11,36,0,0,7,0,232,150,1,200,105,150,1,150,216,175,136,203,236,113,1,232,2,1,1,234,200,220,1,1,179,48,True
Jim Fitzgerald,164169,G,PENN STATE,2,100.0,0,266,45.8,72.1,45.2,0,0,2,100.0,100.0,100.0,0,0,0,18,0,0,0,18,2,2,18,0,16,0,400,1,1,501,220,508,1,1,506,3,8,1,1,1,1,489,47,327,39,489,507,507,257,40,459,58,True
Noah Abebe,213786,G,HOUSTON,1,100.0,0,182,58.9,,58.6,0,0,0,,,,0,0,0,18,0,0,0,18,0,0,18,0,18,0,480,1,1,336,,296,1,1,512,,,,1,1,1,489,47,327,39,489,512,512,257,40,431,58,True
Daishaun Davis,215666,WR,S DIEGO ST,3,56.3,0,284,72.3,,61.0,0,0,0,0.0,0.0,,0,0,0,18,0,0,0,32,0,14,0,0,18,0,603,124,1,134,,352,1,1,76,76,80,,1,1,1,722,1,2,5,743,80,724,1,5,721,213,True
Willem Thurber,200285,TE,VIRGINIA,2,72.0,0,335,76.4,66.3,59.6,0,0,2,22.2,22.2,100.0,0,0,0,18,0,0,0,25,2,9,0,0,16,15,442,183,1,25,261,190,1,1,393,234,243,1,1,1,1,462,1,2,61,453,402,421,2,62,453,457,True
Trae'shawn Brown,215738,HB,ALABAMA,4,22.8,0,103,79.5,77.6,61.2,0,0,7,18.4,17.9,100.0,0,0,0,18,0,0,0,79,7,39,0,0,11,0,15,207,1,39,68,58,1,1,243,250,254,1,1,1,1,232,2,1,1,197,248,200,1,1,111,48,True
Jackson Shockley,199380,TE,TULSA,5,85.0,0,320,87.1,48.5,65.5,1,0,3,60.0,50.0,83.3,0,1,0,17,0,0,0,20,3,6,0,0,14,11,1,68,1,7,382,119,448,1,357,27,48,452,1,329,1,467,1,2,61,471,368,454,2,62,473,473,True
Deacon Schmitt,216919,T,OKLAHOMA,1,100.0,0,261,72.1,70.2,70.4,0,0,4,100.0,100.0,100.0,0,0,0,17,0,0,0,17,4,4,0,17,13,0,455,1,1,83,194,93,1,1,462,2,6,1,1,1,1,478,4,28,315,478,464,465,38,252,461,156,True
Robby Preckel,199009,TE,NWESTERN,3,85.0,0,256,45.9,,54.5,0,0,0,0.0,0.0,,1,0,0,17,0,0,0,20,0,2,0,0,17,19,353,68,1,432,,283,1,1,459,459,459,,293,1,1,467,1,2,61,471,459,473,2,62,443,431,True
Jakorion Caffey,188188,HB,KENT STATE,4,26.2,0,201,57.5,26.5,48.2,1,0,7,23.3,20.6,92.9,0,1,0,17,0,0,0,65,7,34,0,0,10,1,15,169,1,271,254,259,239,1,243,208,232,223,1,113,1,246,2,1,1,232,248,233,1,1,128,26,True
Izaiah Williams,184813,WR,KANSAS ST,4,58.6,0,199,67.2,,48.1,0,0,0,0.0,0.0,,1,0,0,17,0,0,0,29,0,12,0,0,17,0,38,105,1,260,,693,1,1,76,76,80,,550,1,1,739,1,2,5,762,80,741,1,5,739,213,True
Roman Voss,218521,TE,MINNESOTA,4,53.1,0,225,55.1,65.4,37.3,0,0,1,6.3,6.3,100.0,1,0,0,17,0,0,0,32,1,16,0,0,16,23,23,387,1,292,272,475,1,1,430,429,432,1,293,1,1,467,1,2,61,424,433,369,2,62,453,403,True
Terrione Graves,198937,WR,NEW MEX ST,5,50.0,0,242,74.9,,61.5,0,0,0,0.0,0.0,,0,0,0,17,0,0,0,34,0,17,0,0,17,0,1,209,1,98,,305,1,1,76,76,80,,1,1,1,739,1,2,5,734,80,698,1,5,739,213,True
Cullen Witt,190651,T,RICE,3,100.0,0,275,57.2,71.1,56.3,0,0,2,100.0,100.0,100.0,0,0,0,17,0,0,6,17,2,2,0,6,15,5,278,1,1,346,182,363,1,1,488,2,6,1,1,1,1,478,4,28,286,478,490,490,38,279,439,27,True
Karle Lacey Jr.,208850,QB,TEXAS,2,63.0,0,311,74.8,,60.0,0,0,0,0.0,0.0,,0,0,0,17,0,0,0,27,0,9,0,0,17,0,173,10,1,82,,78,1,1,18,18,20,,1,1,1,186,1,1,1,195,20,190,1,1,186,2,True
Viliami Teu,174883,HB,S JOSE ST,4,53.1,0,285,64.3,40.9,60.0,0,0,16,80.0,76.2,93.7,0,1,1,17,0,0,0,32,16,21,0,0,1,0,15,25,1,224,221,65,1,1,121,4,8,214,1,113,248,246,2,1,1,280,132,259,1,1,279,48,True
Connor Moberly,184835,QB,IOWA STATE,3,60.7,0,193,65.6,,60.0,0,0,0,0.0,0.0,,0,0,0,17,0,0,0,28,0,5,0,0,17,0,129,14,1,133,,78,1,1,18,18,20,,1,1,1,186,1,1,1,194,20,196,1,1,186,2,True
James Peoples,183706,HB,PENN STATE,4,21.0,0,266,77.5,69.4,57.8,0,0,9,26.5,27.0,100.0,0,0,0,17,0,0,0,81,10,37,0,0,7,0,15,224,1,61,116,157,1,1,216,175,176,1,1,1,1,246,2,1,1,191,216,212,1,1,179,48,True
Tei Nacua,189650,WR,BYU,2,89.5,0,128,57.5,,60.1,0,0,0,0.0,0.0,,0,0,0,17,0,0,0,19,0,2,0,0,17,0,735,3,1,594,,421,1,1,76,76,80,,1,1,1,739,1,2,5,789,80,790,1,5,739,213,True
Ryan Brotherton,190144,TE,W MICHIGAN,4,34.0,0,347,55.7,,48.1,0,0,0,0.0,0.0,,0,0,0,17,0,0,0,50,0,33,0,0,17,29,23,476,1,278,,391,1,1,459,459,459,,1,1,1,467,1,2,61,349,459,266,2,62,443,362,True
Noah Moeaki,189649,TE,BYU,2,89.5,0,128,62.6,,66.9,0,0,0,0.0,0.0,,0,0,0,17,0,0,0,19,0,2,0,0,17,11,442,43,1,160,,96,1,1,459,459,459,,1,1,1,467,1,2,61,476,459,473,2,62,443,473,True
R.J. Mosley,213711,WR,ARIZONA,3,45.9,0,109,70.0,,61.2,0,0,0,0.0,0.0,,0,0,0,17,0,0,0,37,0,20,0,0,17,0,603,312,1,197,,337,1,1,76,76,80,,1,1,1,739,1,2,5,717,80,667,1,5,739,213,True
Chanz Wiggins,184940,WR,VA TECH,2,63.0,0,337,59.5,,53.1,0,0,0,0.0,0.0,,0,0,0,17,0,0,0,27,0,10,0,0,17,0,735,75,1,524,,611,1,1,76,76,80,,1,1,1,739,1,2,5,770,80,751,1,5,739,213,True
Jaylen Henderson,146054,QB,LIBERTY,3,50.0,0,206,38.6,,60.0,0,0,0,0.0,0.0,,0,0,0,17,0,0,0,34,0,12,0,0,17,0,129,30,1,198,,78,1,1,18,18,20,,1,1,1,186,1,1,1,188,20,185,1,1,186,2,True
Mason King,145860,HB,KENT STATE,4,18.5,0,201,68.1,60.6,53.1,0,1,6,13.0,12.8,91.7,0,1,0,17,0,0,0,92,6,47,0,0,11,1,15,248,1,184,149,235,1,150,257,272,273,239,1,113,1,246,2,1,1,167,260,171,1,1,111,26,True
Elijah Muliufi,218914,TE,S DIEGO ST,3,85.0,0,284,63.8,64.5,67.4,0,0,1,25.0,25.0,100.0,0,0,0,17,0,0,0,20,1,4,0,0,16,15,353,68,1,145,285,94,1,1,430,198,196,1,1,1,1,467,1,2,61,471,433,467,2,62,453,457,True
Jaivyn Moore,222738,WR,COLO STATE,3,41.5,0,144,57.9,,59.8,0,0,0,0.0,0.0,,0,0,0,17,0,0,0,41,0,24,0,0,17,0,603,459,1,580,,444,1,1,76,76,80,,1,1,1,739,1,2,5,692,80,643,1,5,739,213,True
Johnny Thompson Jr.,173087,HB,BALL ST,4,29.3,0,117,55.1,36.3,57.4,0,0,8,25.8,27.0,100.0,0,0,0,17,0,0,0,58,10,37,0,0,7,0,15,131,1,276,230,170,1,1,230,183,176,1,1,1,1,246,2,1,1,245,216,212,1,1,179,48,True
Nathan McClelland,217052,G,SM HOUSTON,1,100.0,0,281,66.0,72.0,65.1,0,0,3,100.0,100.0,100.0,0,0,0,17,0,0,0,17,3,3,17,0,14,0,480,1,1,148,224,155,1,1,497,3,8,1,1,1,1,496,47,327,39,496,501,501,264,40,467,58,True
Landen Chambers,170530,HB,UCF,4,31.5,0,323,72.0,54.1,59.3,0,0,8,33.3,38.5,100.0,0,0,0,17,0,0,0,54,10,26,0,0,7,0,15,103,1,136,177,101,1,1,230,110,78,1,1,1,1,246,2,1,1,254,216,252,1,1,179,48,True
Kyle McNeal,175559,WR,FIU,2,28.3,0,166,63.8,,45.6,0,0,0,0.0,0.0,,0,0,0,17,0,0,0,60,0,42,0,0,17,0,735,759,1,371,,732,1,1,76,76,80,,1,1,1,739,1,2,5,591,80,526,1,5,739,213,True
Tank Boston,183354,WR,CHARLOTTE,3,45.9,0,136,54.0,,36.8,0,0,0,0.0,0.0,,0,0,0,17,0,0,0,37,0,20,0,0,17,0,603,312,1,695,,782,1,1,76,76,80,,1,1,1,739,1,2,5,717,80,667,1,5,739,213,True
Jaron Pula,213743,WR,BYU,2,89.5,0,128,57.2,,58.5,0,0,0,0.0,0.0,,0,0,0,17,0,0,0,19,0,2,0,0,17,0,735,3,1,604,,503,1,1,76,76,80,,1,1,1,739,1,2,5,789,80,790,1,5,739,213,True
Landon Roldan,198479,WR,GEORGIA,4,56.7,0,173,66.6,,63.5,0,0,0,0.0,0.0,,0,0,0,17,0,0,0,30,0,10,0,0,17,0,38,121,1,280,,214,1,1,76,76,80,,1,1,1,739,1,2,5,757,80,751,1,5,739,213,True
Cam May,160532,G,S DIEGO ST,2,100.0,0,284,65.9,79.3,64.1,0,0,7,100.0,100.0,100.0,0,0,0,17,0,0,0,17,8,8,17,0,9,0,400,1,1,153,103,174,1,1,458,3,8,1,1,1,1,496,47,327,39,496,452,452,264,40,502,58,True
Andrew Burnette,205005,HB,LA TECH,3,29.8,0,208,63.4,9.4,65.8,1,1,9,33.3,31.0,88.9,1,2,0,17,0,0,0,57,9,29,0,0,8,0,232,120,1,237,279,43,239,150,216,110,132,262,236,216,1,246,2,1,1,249,227,246,1,1,162,48,True
Khai Taylor,176231,WR,SACRAMENTO,5,41.5,0,279,55.3,,36.8,0,0,0,0.0,0.0,,1,0,0,17,0,0,0,41,0,24,0,0,17,0,1,459,1,665,,782,1,1,76,76,80,,550,1,1,739,1,2,5,692,80,643,1,5,739,213,True
Henry Rutledge,145571,HB,CHARLOTTE,4,28.8,0,136,65.4,55.2,59.1,0,0,14,37.8,40.0,100.0,0,0,0,17,0,0,0,59,16,40,0,0,1,0,15,138,1,212,172,107,1,1,142,75,67,1,1,1,1,246,2,1,1,241,132,195,1,1,279,48,True
Ezomo Oratokhai,190888,G,NWESTERN,1,100.0,0,256,52.0,77.4,49.9,0,0,5,100.0,100.0,100.0,0,0,0,17,0,17,0,17,5,5,0,0,12,0,480,1,1,458,137,471,1,1,476,3,8,1,1,1,1,496,47,265,39,496,478,478,322,40,483,58,True
Kelan McInerney,223901,WR,N ILLINOIS,4,24.3,0,254,60.1,,61.3,0,0,0,0.0,0.0,,0,0,0,17,0,0,0,70,0,53,0,0,17,0,38,782,1,508,,327,1,1,76,76,80,,1,1,1,739,1,2,5,559,80,462,1,5,739,213,True
Trenton Chaney,204116,WR,LA LAFAYET,2,37.8,0,207,65.7,,56.8,0,0,0,0.0,0.0,,0,0,0,17,0,0,0,45,0,26,0,0,17,0,735,586,1,308,,550,1,1,76,76,80,,1,1,1,739,1,2,5,668,80,627,1,5,739,213,True
Christian Hamilton,170105,WR,MARSHALL,3,47.2,0,214,49.0,,59.8,0,0,0,0.0,0.0,,1,0,0,17,0,0,0,36,0,19,0,0,17,0,603,276,1,781,,444,1,1,76,76,80,,550,1,1,739,1,2,5,725,80,681,1,5,739,213,True
Isaiah Robinson,200282,WR,VIRGINIA,3,39.5,0,335,62.8,,60.9,0,0,0,0.0,0.0,,0,0,0,17,0,0,0,43,0,26,0,0,17,0,603,527,1,412,,361,1,1,76,76,80,,1,1,1,739,1,2,5,681,80,627,1,5,739,213,True
Kavon Pointer,171003,TE,ARMY,1,89.5,0,114,62.9,64.5,66.4,0,0,1,33.3,33.3,100.0,0,0,0,17,0,0,0,19,1,3,0,0,16,10,478,43,1,157,285,107,1,1,430,127,128,1,1,1,1,467,1,2,61,476,433,469,2,62,453,475,True
Xavier Brown,156371,HB,VIRGINIA,4,27.4,0,335,68.9,29.6,54.8,0,0,9,32.1,30.0,77.8,0,2,2,17,0,0,0,62,9,30,0,0,8,0,15,155,1,170,242,220,1,1,216,123,144,278,1,216,283,246,2,1,1,236,227,243,1,1,162,48,True
Zach Marker,173615,QB,FIU,1,58.6,0,166,72.7,,60.0,0,0,0,0.0,0.0,,0,0,0,17,0,0,0,29,0,11,0,0,17,0,197,17,1,95,,78,1,1,18,18,20,,1,1,1,186,1,1,1,192,20,187,1,1,186,2,True
Carter Kadow,184659,T,SM HOUSTON,1,100.0,0,281,65.6,71.8,64.0,0,0,3,100.0,100.0,100.0,0,0,0,17,0,0,17,17,3,3,0,0,14,0,455,1,1,184,171,198,1,1,476,2,6,1,1,1,1,478,4,28,255,478,482,483,38,301,448,156,True
Kurt Thompson,171020,TE,ARMY,1,89.5,0,114,68.6,64.5,77.0,0,0,1,50.0,33.3,100.0,0,0,0,17,0,0,0,19,1,3,0,0,16,10,478,43,1,86,285,21,1,1,430,49,128,1,1,1,1,467,1,2,61,476,433,469,2,62,453,475,True
Bryce Baker,188370,HB,GA SOUTHRN,4,94.4,0,174,52.8,74.7,45.0,0,0,2,66.7,66.7,100.0,0,0,0,17,0,0,0,18,2,3,0,0,15,2,15,1,1,279,84,271,1,1,275,12,11,1,1,1,1,246,2,1,1,285,277,285,1,1,73,21,True
Wyatt Maines,204955,T,JAMES MAD,1,100.0,0,197,59.7,75.2,67.4,0,0,6,100.0,100.0,100.0,1,0,0,17,0,0,0,17,7,7,0,17,10,0,455,1,1,312,131,140,1,1,442,2,6,1,232,1,1,478,4,28,315,478,438,438,38,252,482,156,True
Sacovie White-Helton,184583,WR,GEORGIA,4,32.1,0,173,80.7,,61.7,0,0,0,0.0,0.0,,0,0,0,17,0,0,0,53,0,35,0,0,17,0,38,710,1,33,,291,1,1,76,76,80,,1,1,1,739,1,2,5,624,80,569,1,5,739,213,True
Benjamin Eziuka,213795,G,VA TECH,2,100.0,0,337,58.3,77.3,56.2,0,0,6,100.0,100.0,100.0,0,0,0,17,0,0,0,17,7,7,17,0,10,0,400,1,1,347,139,371,1,1,465,3,8,1,1,1,1,496,47,327,39,496,460,461,264,40,495,58,True
Madden Iamaleava,204536,QB,UCLA,4,77.3,0,324,32.6,,60.0,0,0,0,0.0,0.0,,0,0,0,17,0,0,0,22,0,3,0,0,17,0,6,2,1,200,,78,1,1,18,18,20,,1,1,1,186,1,1,1,201,20,201,1,1,186,2,True
Austin Novosad,174133,QB,BOWL GREEN,2,77.3,0,122,61.2,,60.0,0,0,0,0.0,0.0,,0,0,0,17,0,0,0,22,0,5,0,0,17,0,173,2,1,154,,78,1,1,18,18,20,,1,1,1,186,1,1,1,201,20,196,1,1,186,2,True
Jadyn Glasser,184670,QB,C MICHIGAN,3,28.3,0,134,27.1,,60.0,0,0,0,0.0,0.0,,0,0,0,17,0,0,0,60,0,35,0,0,17,0,129,186,1,202,,78,1,1,18,18,20,,1,1,1,186,1,1,1,165,20,160,1,1,186,2,True
Kenric Lanier II,173408,WR,MISSOURI,4,77.3,0,229,60.9,,71.2,0,0,0,0.0,0.0,,0,0,0,17,0,0,0,22,0,5,0,0,17,0,38,20,1,485,,88,1,1,76,76,80,,1,1,1,739,1,2,5,784,80,782,1,5,739,213,True
Tae'Sean Robinson,215046,WR,DELAWARE,2,42.5,0,151,66.7,,56.8,0,0,0,0.0,0.0,,0,0,0,17,0,0,0,40,0,23,0,0,17,0,735,430,1,275,,550,1,1,76,76,80,,1,1,1,739,1,2,5,702,80,652,1,5,739,213,True
Marky Walbridge,215585,T,MICHIGAN,2,100.0,0,222,61.4,50.0,61.7,0,0,3,100.0,100.0,100.0,0,0,0,17,0,0,4,17,4,4,0,11,13,2,379,1,1,273,391,240,1,1,476,2,6,1,1,1,1,478,4,28,292,478,464,465,38,271,461,59,True
CharMar Brown,174409,HB,MIAMI FL,3,34.7,0,220,84.8,83.3,54.5,0,0,10,34.5,36.7,100.0,0,0,0,17,0,0,0,49,11,30,0,0,6,0,232,75,1,12,23,224,1,1,202,103,92,1,1,1,1,246,2,1,1,262,200,243,1,1,205,48,True
Ryan Huff,199073,QB,DOMINION,2,22.7,0,263,53.2,,59.9,0,0,0,0.0,0.0,,0,0,0,17,0,0,0,75,0,58,0,0,17,0,173,200,1,179,,200,1,1,18,18,20,,1,1,1,186,1,1,1,156,20,144,1,1,186,2,True
Mekhi Nelson,189704,HB,NEBRASKA,4,15.7,0,238,83.1,82.3,58.1,0,0,7,12.7,12.7,100.0,0,0,0,17,0,0,0,108,7,55,0,0,10,0,15,274,1,17,34,145,1,1,243,273,274,1,1,1,1,246,2,1,1,123,248,133,1,1,128,48,True
Daniel Cruz,184506,C,NC STATE,1,100.0,0,248,75.5,75.1,71.8,0,0,5,100.0,100.0,100.0,0,0,0,17,17,0,0,17,5,5,0,0,12,0,212,1,1,19,112,26,1,1,213,2,3,1,1,1,1,226,221,18,3,226,213,213,21,6,220,16,True
Titus Myers,199059,WR,AKRON,3,40.5,0,102,62.0,,60.6,0,0,0,0.0,0.0,,0,0,0,17,0,0,0,42,0,25,0,0,17,0,603,488,1,441,,388,1,1,76,76,80,,1,1,1,739,1,2,5,688,80,636,1,5,739,213,True
Royal Capell,199055,WR,UTEP,3,43.6,0,330,55.5,,60.2,0,0,0,0.0,0.0,,0,0,0,17,0,0,0,39,0,21,0,0,17,0,603,395,1,655,,412,1,1,76,76,80,,1,1,1,739,1,2,5,706,80,661,1,5,739,213,True
Kam Powell,199053,WR,OKLA STATE,1,68.0,0,262,58.5,,60.5,0,0,0,0.0,0.0,,0,0,0,17,0,0,0,25,0,8,0,0,17,0,783,52,1,559,,393,1,1,76,76,80,,1,1,1,739,1,2,5,775,80,763,1,5,739,213,True
Michael Fasusi,199046,T,OKLAHOMA,1,100.0,0,261,51.4,78.3,47.0,0,0,6,100.0,100.0,100.0,0,0,0,17,0,0,17,17,6,6,0,0,11,0,455,1,1,432,81,476,1,1,442,2,6,1,1,1,1,478,4,28,255,478,443,443,38,301,472,156,True
Joey Schlaffer,170298,TE,TEMPLE,4,68.0,0,306,56.9,,54.2,0,0,0,0.0,0.0,,0,0,0,17,0,0,0,25,0,8,0,0,17,14,23,224,1,250,,291,1,1,459,459,459,,1,1,1,467,1,2,61,453,459,430,2,62,443,464,True
Jarvis Green,170007,HB,CLEMSON,4,33.3,0,140,67.3,78.9,71.3,0,0,8,40.0,40.9,100.0,0,0,0,16,0,0,0,48,9,22,0,0,7,0,15,88,1,194,59,26,1,1,230,63,63,1,1,1,1,258,2,1,1,264,227,257,1,1,179,48,True
Christopher Vizzina,170032,QB,CLEMSON,2,35.6,0,140,28.8,,60.0,0,0,0,0.0,0.0,,0,0,0,16,0,0,0,45,0,25,0,0,16,0,173,146,1,201,,78,1,1,18,18,20,,1,1,1,194,1,1,1,175,20,168,1,1,194,2,True
Kaliq Lockett,199301,WR,TEXAS,2,69.6,0,311,57.1,,60.5,0,0,0,0.0,0.0,,0,0,0,16,0,0,0,23,0,7,0,0,16,0,735,46,1,607,,393,1,1,76,76,80,,1,1,1,760,1,2,5,782,80,769,1,5,760,213,True
Dawson Quarterman,215929,WR,E CAROLINA,4,38.1,0,156,55.5,,78.2,0,0,0,0.0,0.0,,0,0,0,16,0,0,0,42,0,26,0,0,16,0,38,578,1,655,,27,1,1,76,76,80,,1,1,1,760,1,2,5,688,80,627,1,5,760,213,True
Jesse Watson,183727,WR,PURDUE,4,39.0,0,273,63.3,,60.4,0,0,0,0.0,0.0,,0,0,0,16,0,0,0,41,0,25,0,0,16,0,38,544,1,391,,399,1,1,76,76,80,,1,1,1,760,1,2,5,692,80,636,1,5,760,213,True
Jean Louis III,176304,WR,AKRON,3,40.0,0,102,66.9,,76.1,0,0,0,0.0,0.0,,0,0,0,16,0,0,0,40,0,24,0,0,16,0,603,507,1,265,,38,1,1,76,76,80,,1,1,1,760,1,2,5,702,80,643,1,5,760,213,True
James Laubstein,190465,QB,NEW MEXICO,4,55.2,0,241,83.2,,60.0,0,0,0,0.0,0.0,,0,0,0,16,0,0,0,29,0,1,0,0,16,0,6,19,1,40,,78,1,1,18,18,20,,1,1,1,194,1,1,1,192,20,202,1,1,194,2,True
TJ Thomas,188550,HB,MINNESOTA,4,13.3,0,225,69.6,43.9,60.0,0,1,11,14.1,15.0,95.5,0,1,0,16,0,0,0,120,12,80,0,0,4,0,15,282,1,157,207,65,1,150,186,269,266,187,1,113,1,258,2,1,1,95,186,48,1,1,241,48,True
Ovie Dubre,169908,G,FAU,3,100.0,0,165,73.2,76.2,73.9,0,0,5,100.0,100.0,100.0,0,0,0,16,0,4,0,16,5,5,11,0,11,0,284,1,1,43,162,43,1,1,476,3,8,1,1,1,1,500,47,304,39,500,478,478,284,40,489,58,True
Nino Hill,198200,HB,BUFFALO,2,27.1,0,126,59.6,81.1,58.4,0,0,11,44.0,44.4,100.0,0,0,0,16,0,0,0,59,12,27,0,0,4,0,276,158,1,262,45,136,1,1,186,46,48,1,1,1,1,258,2,1,1,241,186,250,1,1,241,48,True
Matthew McKinley-Daniels,185323,WR,DELAWARE,3,41.0,0,151,61.6,,61.6,0,0,0,0.0,0.0,,0,0,0,16,0,0,0,39,0,23,0,0,16,0,603,476,1,457,,299,1,1,76,76,80,,1,1,1,760,1,2,5,706,80,652,1,5,760,213,True
Ed Baker,215578,G,TENNESSEE,2,100.0,0,307,62.6,42.4,63.3,0,0,5,100.0,100.0,100.0,0,0,0,16,0,6,0,16,5,5,10,0,11,0,400,1,1,223,462,188,1,1,476,3,8,1,1,1,1,500,47,299,39,500,478,478,288,40,489,58,True
Chauncey Bowens,184550,HB,GEORGIA,4,19.8,0,173,72.5,83.6,57.3,0,0,10,21.3,21.6,100.0,0,0,0,16,0,0,0,81,11,51,0,0,5,0,15,232,1,125,21,173,1,1,202,230,225,1,1,1,1,258,2,1,1,191,200,152,1,1,224,48,True
Matthew Hawn,204308,C,SYRACUSE,1,100.0,0,304,60.6,74.5,59.1,0,0,5,100.0,100.0,100.0,0,0,0,16,11,5,0,16,5,5,0,0,11,0,212,1,1,163,119,160,1,1,213,2,3,1,1,1,1,227,227,12,3,227,213,213,21,6,222,16,True
Matt Zollers,198887,QB,MISSOURI,2,45.7,0,229,69.0,,60.0,0,0,0,0.0,0.0,,0,0,0,16,0,0,0,35,0,16,0,0,16,0,173,55,1,113,,78,1,1,18,18,20,,1,1,1,194,1,1,1,187,20,181,1,1,194,2,True
Jamarian Samuel,174149,HB,GA SOUTHRN,4,21.3,0,174,63.5,76.1,,0,0,15,26.8,26.7,100.0,0,0,0,16,0,0,0,75,16,60,0,0,0,0,15,221,1,235,76,,1,1,129,174,183,1,1,1,1,258,2,1,1,213,132,112,1,1,284,48,True
Skylar Harvey,204314,T,SYRACUSE,1,100.0,0,304,51.3,74.9,60.1,0,0,5,100.0,100.0,100.0,1,0,0,16,0,0,0,16,5,5,0,16,11,0,455,1,1,433,136,280,1,1,452,2,6,1,232,1,1,484,4,28,315,484,452,453,38,256,472,156,True
Noah Grubbs,216106,QB,NOTRE DAME,2,50.0,0,258,43.1,,60.0,0,0,0,0.0,0.0,,0,0,0,16,0,0,0,32,0,15,0,0,16,0,173,30,1,197,,78,1,1,18,18,20,,1,1,1,194,1,1,1,189,20,182,1,1,194,2,True
Ja'Cory Thomas,199065,WR,VANDERBILT,4,25.8,0,333,58.5,,61.4,0,0,0,0.0,0.0,,0,0,0,16,0,0,0,62,0,46,0,0,16,0,38,775,1,559,,316,1,1,76,76,80,,1,1,1,760,1,2,5,582,80,508,1,5,760,213,True
Myles Mitchell,201510,HB,N DAK ST,4,17.4,0,250,70.5,34.0,58.8,1,0,7,21.2,21.1,92.9,0,1,0,16,0,0,0,92,8,38,0,0,8,0,15,259,1,150,234,121,239,1,243,231,227,223,1,113,1,258,2,1,1,167,239,204,1,1,162,48,True
Scoop Smith,215291,WR,MIAMI OH,4,32.0,0,221,85.6,,60.9,0,0,0,0.0,0.0,,0,0,0,16,0,0,0,50,0,32,0,0,16,0,38,712,1,14,,361,1,1,76,76,80,,1,1,1,760,1,2,5,645,80,588,1,5,760,213,True
Quincy Craig,159061,HB,ARIZONA,4,23.2,0,109,69.3,59.7,58.1,0,0,11,22.4,22.4,100.0,1,0,0,16,0,0,0,69,11,49,0,0,5,0,15,204,1,161,153,145,1,1,186,213,217,1,236,1,1,258,2,1,1,223,200,162,1,1,224,48,True
Parker Pritchett,215784,T,AUBURN,1,100.0,0,115,63.2,74.6,61.3,0,0,4,100.0,100.0,100.0,0,0,0,16,0,0,16,16,4,4,0,0,12,0,455,1,1,232,137,248,1,1,462,2,6,1,1,1,1,484,4,28,258,484,464,465,38,301,466,156,True
Calvin Thomas,199652,WR,DELAWARE,2,48.5,0,151,49.4,,61.7,0,0,0,0.0,0.0,,0,0,0,16,0,0,0,33,0,17,0,0,16,0,735,249,1,775,,291,1,1,76,76,80,,1,1,1,760,1,2,5,740,80,698,1,5,760,213,True
Tra'Mar Harris,183719,WR,PURDUE,4,33.3,0,273,69.8,,61.6,0,0,0,0.0,0.0,,0,0,0,16,0,0,0,48,0,32,0,0,16,0,38,684,1,200,,299,1,1,76,76,80,,1,1,1,760,1,2,5,654,80,588,1,5,760,213,True
Herschel Turner,191372,HB,NEVADA,4,17.0,0,239,78.6,75.4,57.0,0,0,2,5.4,7.1,100.0,1,0,0,16,0,0,0,94,3,42,0,0,13,0,15,263,1,50,80,181,1,1,275,279,279,1,236,1,1,258,2,1,1,162,273,186,1,1,91,48,True
Elias Coke,216982,WR,RUTGERS,3,30.2,0,278,52.0,,60.1,0,0,0,0.0,0.0,,0,0,0,16,0,0,0,53,0,37,0,0,16,0,603,740,1,734,,421,1,1,76,76,80,,1,1,1,760,1,2,5,624,80,555,1,5,760,213,True
Henry Belin IV,162693,QB,MO STATE,3,40.0,0,230,63.6,,60.0,0,0,0,0.0,0.0,,0,0,0,16,0,0,0,40,0,23,0,0,16,0,129,107,1,146,,78,1,1,18,18,20,,1,1,1,194,1,1,1,181,20,170,1,1,194,2,True
Chris Elko,175360,WR,GA TECH,4,84.2,0,176,55.9,,56.6,0,0,0,0.0,0.0,,0,0,0,16,0,0,0,19,0,3,0,0,16,1,38,9,1,638,,554,1,1,76,76,80,,1,1,1,760,1,2,5,789,80,786,1,5,760,112,True
Filiva'a Lokotui,227370,T,ARIZONA ST,2,100.0,0,110,66.5,77.0,64.1,0,0,3,100.0,100.0,100.0,0,0,0,16,0,0,0,16,4,4,0,14,12,0,379,1,1,162,102,196,1,1,476,2,6,1,1,1,1,484,4,28,315,484,464,465,38,263,466,156,True
Harper Hughes,215318,WR,W MICHIGAN,4,34.0,0,347,61.2,,45.2,0,0,0,0.0,0.0,,0,0,0,16,0,0,0,47,0,27,0,0,16,1,38,670,1,472,,736,1,1,76,76,80,,1,1,1,760,1,2,5,661,80,619,1,5,760,112,True
Mark Fletcher Jr.,175374,HB,MIAMI FL,3,19.0,0,220,71.2,31.3,59.5,0,1,12,27.9,28.9,95.8,1,1,0,16,0,0,0,84,13,45,0,0,3,0,232,240,1,144,238,90,1,150,171,166,163,185,236,113,1,258,2,1,1,185,174,178,1,1,259,48,True
Chris Johnson Jr.,175378,HB,CLEMSON,4,29.6,0,140,56.0,25.0,43.6,0,1,9,32.1,32.3,94.4,0,1,0,16,0,0,0,54,10,31,0,0,6,0,15,125,1,274,259,277,1,150,216,123,124,203,1,113,1,258,2,1,1,254,216,241,1,1,205,48,True
Tyran Evans,216991,WR,MIAMI FL,2,64.0,0,220,56.1,,62.2,0,0,0,0.0,0.0,,0,0,0,16,0,0,0,25,0,9,0,0,16,0,735,69,1,632,,256,1,1,76,76,80,,1,1,1,760,1,2,5,775,80,758,1,5,760,213,True
Taeo Todd,188385,HB,GA SOUTHRN,4,29.6,0,174,78.7,82.3,58.9,0,0,10,29.4,31.4,100.0,0,0,0,16,0,0,0,54,11,35,0,0,5,1,15,125,1,49,34,115,1,1,202,145,130,1,1,1,1,258,2,1,1,254,200,227,1,1,224,26,True
Connor Walendzak,171392,HB,TOLEDO,4,15.1,0,316,78.1,50.0,59.5,0,0,13,22.4,23.0,100.0,0,0,0,16,0,0,0,106,14,61,0,0,2,0,15,276,1,55,190,90,1,1,156,213,214,1,1,1,1,258,2,1,1,128,157,109,1,1,274,48,True
Miles Halbert,204954,WR,JAMES MAD,4,76.2,0,197,76.1,,62.2,0,0,0,0.0,0.0,,0,0,0,16,0,0,0,21,0,5,0,0,16,0,38,23,1,80,,256,1,1,76,76,80,,1,1,1,760,1,2,5,785,80,782,1,5,760,213,True
Bright Fagbamiye,218079,T,LA MONROE,3,100.0,0,209,48.8,45.3,49.6,0,1,7,100.0,100.0,92.9,0,1,0,16,0,0,16,16,7,7,0,0,9,0,278,1,1,450,419,456,1,145,433,2,6,471,1,112,1,484,4,28,258,484,438,438,38,301,487,156,True
Giovanni Richardson,198110,WR,ARIZONA,2,29.1,0,109,74.1,,45.4,0,0,0,0.0,0.0,,0,0,0,16,0,0,0,55,0,39,0,0,16,0,735,749,1,113,,735,1,1,76,76,80,,1,1,1,760,1,2,5,612,80,549,1,5,760,213,True
Maleek Huggins,147957,WR,MIAMI OH,4,19.5,0,221,82.7,,61.1,0,0,0,0.0,0.0,,0,0,0,16,0,0,0,82,0,66,0,0,16,3,38,792,1,26,,346,1,1,76,76,80,,1,1,1,760,1,2,5,510,80,389,1,5,760,48,True
Rustin Young,190332,G,MICH STATE,2,100.0,0,223,47.6,76.0,46.2,0,0,4,100.0,100.0,100.0,1,0,0,16,0,14,0,16,5,5,0,0,11,0,400,1,1,492,165,501,1,1,490,3,8,1,266,1,1,500,47,275,39,500,478,478,322,40,489,58,True
Gentz Hilburn,215326,WR,AKRON,4,40.0,0,102,75.7,,85.8,0,0,0,0.0,0.0,,0,0,0,16,0,0,0,40,0,24,0,0,16,0,38,507,1,84,,4,1,1,76,76,80,,1,1,1,760,1,2,5,702,80,643,1,5,760,213,True
Damian Henderson II,173465,HB,COLORADO,3,34.8,0,143,79.8,69.0,56.3,0,0,11,57.9,57.9,100.0,0,0,0,16,0,0,0,46,11,19,0,0,5,0,232,72,1,37,117,201,1,1,186,19,19,1,1,1,1,258,2,1,1,269,200,261,1,1,224,48,True
Eli Holbrook,218733,G,OKLA STATE,1,100.0,0,262,53.7,67.3,53.3,0,0,1,100.0,100.0,100.0,0,0,0,16,0,16,0,16,1,1,0,0,15,0,480,1,1,432,277,422,1,1,511,3,8,1,1,1,1,500,47,267,39,500,511,511,322,40,463,58,True
Hogan Hansen,183686,TE,MICHIGAN,2,53.3,0,222,59.3,,68.2,0,0,0,0.0,0.0,,0,0,0,16,0,0,0,30,0,14,0,0,16,19,442,385,1,212,,87,1,1,459,459,459,,1,1,1,476,1,2,61,431,459,382,2,62,453,431,True
KJ Edwards,216272,HB,TEXAS A&M,4,32.7,0,312,82.4,82.6,59.6,0,0,11,42.3,42.9,100.0,0,0,0,16,0,0,0,49,12,28,0,0,4,0,15,96,1,22,32,87,1,1,186,49,53,1,1,1,1,258,2,1,1,262,186,248,1,1,241,48,True
Makua Pule,176536,C,ARIZONA ST,1,100.0,0,110,72.2,77.8,69.1,0,0,7,100.0,100.0,100.0,0,0,0,16,16,0,0,16,8,8,0,0,8,0,212,1,1,39,74,50,1,1,201,2,3,1,1,1,1,227,222,18,3,227,199,199,21,6,231,16,True
Zion Crumpton,218391,WR,MISS STATE,1,66.7,0,227,72.9,,59.9,0,0,0,0.0,0.0,,0,0,0,16,0,0,0,24,0,8,0,0,16,0,783,57,1,126,,436,1,1,76,76,80,,1,1,1,760,1,2,5,780,80,763,1,5,760,213,True
Ashton Locklear,157428,WR,NC STATE,4,33.3,0,248,52.8,,43.2,0,0,0,0.0,0.0,,0,0,0,16,0,0,0,48,0,32,0,0,16,0,38,684,1,724,,756,1,1,76,76,80,,1,1,1,760,1,2,5,654,80,588,1,5,760,213,True
Enrique Zatarain,218655,TE,NEW MEXICO,2,100.0,0,241,71.3,,68.5,0,0,0,,,,0,0,0,16,0,0,0,16,0,0,0,0,16,15,442,1,1,61,,85,1,1,459,,,,1,1,1,476,1,2,61,482,459,481,2,62,453,457,True
Matt Marek,198537,G,INDIANA,3,100.0,0,190,62.8,44.6,63.1,0,0,3,100.0,100.0,100.0,0,0,0,16,0,16,0,16,3,3,0,0,13,0,284,1,1,219,452,193,1,1,497,3,8,1,1,1,1,500,47,267,39,500,501,501,322,40,475,58,True
Matt Mayfield,216059,WR,MISS STATE,1,66.7,0,227,64.9,,60.8,0,0,0,0.0,0.0,,0,0,0,16,0,0,0,24,0,8,0,0,16,0,783,57,1,344,,372,1,1,76,76,80,,1,1,1,760,1,2,5,780,80,763,1,5,760,213,True
Mason Hayes,198071,FB,AIR FORCE,3,80.0,0,101,85.1,,75.1,0,0,0,0.0,0.0,,0,0,0,16,0,0,0,20,0,3,0,0,16,3,3,4,1,1,,1,1,1,6,6,6,,1,1,1,6,1,1,1,6,6,5,2,1,6,2,True
Hunter Herring,147138,TE,AUBURN,1,94.1,0,115,61.6,69.0,52.3,0,0,3,75.0,75.0,100.0,0,0,0,16,0,0,0,17,3,4,0,0,13,12,478,19,1,173,202,329,1,1,357,14,14,1,1,1,1,476,1,2,61,481,368,467,2,62,482,469,True
CJ Miller,159836,HB,TOLEDO,4,15.8,0,316,59.9,17.0,60.0,0,1,15,26.3,23.1,90.0,0,2,1,16,0,0,0,101,15,65,0,0,1,0,15,273,1,261,273,65,1,150,129,179,213,254,1,216,248,258,2,1,1,143,144,99,1,1,279,48,True
Dramekco Green,199159,HB,SMU,4,16.5,0,287,64.9,24.1,69.0,1,1,10,18.9,18.5,90.0,0,2,0,16,0,0,0,97,10,54,0,0,6,0,15,268,1,219,264,32,239,150,202,245,250,254,1,216,1,258,2,1,1,152,216,141,1,1,205,48,True
Riley Bloch,191109,C,UMASS,3,100.0,0,216,59.3,72.0,58.5,0,0,2,100.0,100.0,100.0,0,0,0,16,9,0,0,16,2,2,7,0,14,0,126,1,1,175,134,168,1,1,226,2,3,1,1,1,1,227,230,18,3,227,226,226,9,6,209,16,True
Jabari Bush,188335,TE,ARK STATE,4,35.6,0,113,68.6,,75.9,0,0,0,0.0,0.0,,0,0,0,16,0,0,0,45,0,29,0,0,16,27,23,474,1,86,,29,1,1,459,459,459,,1,1,1,476,1,2,61,376,459,280,2,62,453,373,True
Markee Anderson,174317,G,S CAROLINA,2,100.0,0,289,78.3,74.3,75.6,0,0,3,100.0,100.0,100.0,0,0,0,16,4,11,0,16,3,3,1,0,13,0,400,1,1,15,184,33,1,1,497,3,8,1,1,1,1,500,35,286,39,500,501,501,311,40,475,58,True
Josiah McLaurin,188257,WR,MARSHALL,3,50.0,0,214,53.4,,61.0,0,0,0,0.0,0.0,,0,0,0,16,0,0,0,32,0,16,0,0,16,0,603,209,1,715,,352,1,1,76,76,80,,1,1,1,760,1,2,5,743,80,709,1,5,760,213,True
Hayden Moore,214649,WR,MINNESOTA,2,50.0,0,225,74.0,,76.5,0,0,0,0.0,0.0,,0,0,0,15,0,0,0,30,0,15,0,0,15,0,735,209,1,114,,35,1,1,76,76,80,,1,1,1,781,1,2,5,757,80,715,1,5,781,213,True
C.J. Sadler,213486,WR,N CAROLINA,2,30.6,0,245,59.8,,36.1,0,0,0,0.0,0.0,,0,0,0,15,0,0,0,49,0,34,0,0,15,0,735,732,1,515,,785,1,1,76,76,80,,1,1,1,781,1,2,5,649,80,574,1,5,781,213,True
Caleb Smith,213738,WR,ARIZONA,4,28.8,0,109,66.2,,61.6,0,0,0,0.0,0.0,,0,0,0,15,0,0,0,52,0,37,0,0,15,0,38,754,1,294,,299,1,1,76,76,80,,1,1,1,781,1,2,5,632,80,555,1,5,781,213,True
Marlen Bright,213791,G,VA TECH,1,100.0,0,337,63.8,76.6,62.3,0,0,5,100.0,100.0,100.0,0,0,0,15,0,0,0,15,5,5,15,0,10,0,480,1,1,194,154,208,1,1,476,3,8,1,1,1,1,506,47,327,39,506,478,478,269,40,495,58,True
Felix Ojo,214069,T,TEXAS TECH,2,100.0,0,315,67.6,79.0,64.9,0,0,4,100.0,100.0,100.0,0,0,0,15,0,0,15,15,4,4,0,0,11,0,379,1,1,145,70,178,1,1,462,2,6,1,1,1,1,488,4,28,261,488,464,465,38,301,472,156,True
Fred Hinton,185614,T,OKLAHOMA,1,100.0,0,261,88.5,73.5,86.4,0,0,4,100.0,100.0,100.0,0,0,0,15,0,0,15,15,4,4,0,0,11,0,455,1,1,6,146,10,1,1,462,2,6,1,1,1,1,488,4,28,261,488,464,465,38,301,472,156,True
Maurki James,190066,HB,DOMINION,3,45.5,0,263,72.2,29.8,57.2,0,0,5,41.7,42.9,100.0,0,0,0,15,0,0,0,33,6,14,0,0,9,0,232,38,1,129,241,176,1,1,261,53,53,1,1,1,1,274,2,1,1,279,260,272,1,1,148,48,True
Jason Hoskins,222635,G,AKRON,2,100.0,0,102,70.6,79.3,69.3,0,0,6,100.0,100.0,100.0,0,0,0,15,0,15,0,15,7,7,0,0,8,0,400,1,1,66,103,84,1,1,465,3,8,1,1,1,1,506,47,271,39,506,460,461,322,40,508,58,True
Austyn Dendy,190215,HB,BOWL GREEN,4,15.0,0,122,69.0,67.0,56.2,0,1,7,20.6,18.9,92.9,0,1,0,15,0,0,0,100,7,37,0,0,8,0,15,278,1,166,122,205,1,150,243,233,248,223,1,113,1,274,2,1,1,146,248,212,1,1,162,48,True
Stacy Gage,190337,HB,LSU,4,31.3,0,211,63.7,81.5,56.7,0,0,10,40.0,40.7,100.0,0,0,0,15,0,0,0,48,11,27,0,0,4,0,15,106,1,232,42,193,1,1,202,63,65,1,1,1,1,274,2,1,1,264,200,250,1,1,241,48,True
Noah Mercer,184375,T,TROY,1,100.0,0,318,82.4,68.2,77.7,0,0,3,100.0,100.0,100.0,0,0,0,15,0,0,0,15,4,4,0,0,11,15,455,1,1,18,218,29,1,1,476,2,6,1,1,1,1,488,4,28,315,488,464,465,38,301,472,4,True
Evans Chuba,184215,QB,PURDUE,2,40.5,0,273,60.6,,60.0,0,0,0,0.0,0.0,,0,0,0,15,0,0,0,37,0,22,0,0,15,0,173,104,1,157,,78,1,1,18,18,20,,1,1,1,199,1,1,1,185,20,171,1,1,199,2,True
James Rexroat,188355,TE,MO STATE,2,78.9,0,230,61.6,68.7,38.7,0,0,1,20.0,20.0,100.0,0,0,0,15,0,0,0,19,1,5,0,0,14,9,442,110,1,173,212,468,1,1,430,258,271,1,1,1,1,480,1,2,61,476,433,461,2,62,473,481,True
Mauricio Hinds,183406,G,FAU,3,100.0,0,165,61.8,79.1,59.5,0,0,5,100.0,100.0,100.0,0,0,0,15,0,11,0,15,5,5,0,4,10,0,284,1,1,253,110,273,1,1,476,3,8,1,1,1,1,506,47,286,39,506,478,478,322,20,495,58,True
CJ Phillip,218066,HB,LA MONROE,4,40.5,0,209,75.3,84.1,83.2,0,0,8,42.1,42.1,100.0,0,0,0,15,0,0,0,37,8,19,0,0,7,0,15,48,1,88,17,2,1,1,230,50,56,1,1,1,1,274,2,1,1,276,239,261,1,1,179,48,True
Dominic Lee-Knicely,198293,HB,COAST CAR,4,18.1,0,141,68.9,56.2,59.1,0,1,11,22.0,20.0,95.5,0,1,0,15,0,0,0,83,11,55,0,0,4,0,15,251,1,170,166,107,1,150,186,219,240,187,1,113,1,274,2,1,1,189,200,133,1,1,241,48,True
Ayo Adeyi,145320,HB,OKLA STATE,4,22.1,0,262,70.0,64.0,60.0,0,1,8,22.2,22.2,93.7,1,1,0,15,0,0,0,68,8,36,0,0,7,0,15,212,1,154,136,65,1,150,230,217,220,214,236,113,1,274,2,1,1,225,239,220,1,1,179,48,True
Tyler J. Williams,198467,WR,GEORGIA,4,42.9,0,173,63.4,,61.1,0,0,0,0.0,0.0,,0,0,0,15,0,0,0,35,0,20,0,0,15,1,38,416,1,384,,346,1,1,76,76,80,,1,1,1,781,1,2,5,731,80,667,1,5,781,112,True
D.J. McKinney,175620,HB,TULSA,5,28.3,0,320,71.8,71.6,58.7,0,1,9,25.7,29.7,94.4,0,1,0,15,0,0,0,53,11,37,0,0,4,0,1,147,1,139,104,126,1,150,216,185,152,203,1,113,1,274,2,1,1,257,200,212,1,1,241,48,True
Will Cianfrini,188810,WR,S DIEGO ST,3,51.7,0,284,50.2,,61.6,0,0,0,0.0,0.0,,1,0,0,15,0,0,0,29,0,14,0,0,15,0,603,181,1,765,,299,1,1,76,76,80,,550,1,1,781,1,2,5,762,80,724,1,5,781,213,True
Abu Sama III,174686,HB,WISCONSIN,3,25.9,0,349,74.3,80.5,58.3,0,0,7,35.0,31.8,100.0,0,0,0,15,0,0,0,58,7,22,0,0,8,0,232,172,1,99,47,143,1,1,243,97,127,1,1,1,1,274,2,1,1,245,248,257,1,1,162,48,True
Aidan Mizell,174257,WR,UCLA,2,46.9,0,324,70.8,,60.9,0,0,0,0.0,0.0,,0,0,0,15,0,0,0,32,0,17,0,0,15,0,735,285,1,172,,361,1,1,76,76,80,,1,1,1,781,1,2,5,743,80,698,1,5,781,213,True
Ja'Kobi Jackson,174248,HB,OHIO STATE,4,18.3,0,260,83.6,46.4,60.0,0,0,12,25.0,25.0,91.7,0,1,1,15,0,0,0,82,12,48,0,0,3,0,15,249,1,15,200,65,1,1,171,190,195,239,1,113,248,274,2,1,1,190,186,167,1,1,259,48,True
Mason Peterson,199270,TE,TCU,4,100.0,0,305,66.2,64.5,65.6,0,0,1,100.0,100.0,100.0,0,0,0,15,0,0,0,15,1,1,0,0,14,10,23,1,1,108,285,117,1,1,430,1,1,1,1,1,1,480,1,2,61,483,433,480,2,62,473,475,True
Patrick McMath,199307,C,TEXAS TECH,2,100.0,0,315,55.5,76.1,54.8,0,0,4,100.0,100.0,100.0,0,0,0,15,15,0,0,15,4,4,0,0,11,0,180,1,1,200,98,203,1,1,222,2,3,1,1,1,1,230,223,18,3,230,222,222,21,6,222,16,True
James McNeil Jr.,188152,HB,BUFFALO,3,31.3,0,126,73.0,24.8,,1,0,13,61.9,60.0,96.2,0,1,0,15,0,0,0,48,15,25,0,0,0,0,232,106,1,117,261,,239,1,156,18,17,178,1,113,1,274,2,1,1,264,144,255,1,1,284,48,True
Kory Pettigrew,199436,WR,AUBURN,1,71.4,0,115,56.5,,61.8,0,0,0,0.0,0.0,,0,0,0,15,0,0,0,21,0,6,0,0,15,0,783,39,1,625,,285,1,1,76,76,80,,1,1,1,781,1,2,5,785,80,774,1,5,781,213,True
Daniel Bray,199445,HB,UTAH,4,26.8,0,328,83.0,70.0,55.5,0,0,0,0.0,3.6,,0,0,0,15,0,0,0,56,1,28,0,0,14,0,15,161,1,18,112,212,1,1,281,281,280,,1,1,1,274,2,1,1,251,280,248,1,1,83,48,True
Mana Carvalho,199455,WR,UTAH,3,51.7,0,328,74.6,,59.0,0,0,0,0.0,0.0,,0,0,0,15,0,0,0,29,0,12,0,0,15,0,603,181,1,103,,482,1,1,76,76,80,,1,1,1,781,1,2,5,762,80,741,1,5,781,213,True
Prince Strachan,173451,WR,W VIRGINIA,2,71.4,0,343,58.5,,62.7,0,0,0,0.0,0.0,,0,0,0,15,0,0,0,21,0,6,0,0,15,0,735,39,1,559,,235,1,1,76,76,80,,1,1,1,781,1,2,5,785,80,774,1,5,781,213,True
Phillip Bell,199859,WR,OHIO STATE,4,32.6,0,260,63.0,,60.8,0,0,0,0.0,0.0,,0,0,0,15,0,0,0,46,0,31,0,0,15,0,38,697,1,407,,372,1,1,76,76,80,,1,1,1,781,1,2,5,665,80,596,1,5,781,213,True
Cole Ballard,173062,QB,KANSAS,2,65.2,0,198,83.0,,60.1,0,0,0,0.0,0.0,,0,0,0,15,0,0,0,23,0,8,0,0,15,0,173,8,1,43,,34,1,1,18,18,20,,1,1,1,199,1,1,1,199,20,191,1,1,199,2,True
Kirk Gildon,200012,T,TEXAS ST,2,100.0,0,314,69.9,74.1,68.2,0,0,3,100.0,100.0,100.0,0,0,0,15,0,0,15,15,3,3,0,0,12,0,379,1,1,108,142,122,1,1,476,2,6,1,1,1,1,488,4,28,261,488,482,483,38,301,466,156,True
Jacob Wilk,200043,T,W MICHIGAN,1,100.0,0,347,62.9,77.0,59.6,0,0,6,100.0,100.0,100.0,0,0,0,15,0,0,0,15,6,6,0,15,9,0,455,1,1,238,102,288,1,1,442,2,6,1,1,1,1,488,4,28,315,488,443,443,38,260,487,156,True
Edward Griffin,200107,QB,BAYLOR,1,65.2,0,118,63.8,,60.0,0,0,0,0.0,0.0,,0,0,0,15,0,0,0,23,0,8,0,0,15,0,197,8,1,142,,78,1,1,18,18,20,,1,1,1,199,1,1,1,199,20,191,1,1,199,2,True
Micah Jones,200124,TE,FLORIDA,2,78.9,0,163,83.7,68.8,76.0,0,0,3,42.9,42.9,100.0,0,0,0,15,0,0,0,19,3,7,0,0,12,16,442,110,1,10,209,26,1,1,357,72,72,1,1,1,1,480,1,2,61,476,368,439,2,62,483,452,True
Carson Conklin,170765,QB,SACRAMENTO,1,22.4,0,279,66.5,,60.0,0,0,0,0.0,0.0,,1,0,0,15,0,0,0,67,0,51,0,0,15,0,197,201,1,128,,78,1,1,18,18,20,,110,1,1,199,1,1,1,162,20,147,1,1,199,2,True
Cam Griffin,170422,G,W VIRGINIA,1,100.0,0,343,57.6,34.9,58.2,0,0,4,100.0,100.0,100.0,0,0,0,15,0,0,0,15,4,4,15,0,11,0,480,1,1,365,482,308,1,1,490,3,8,1,1,1,1,506,47,327,39,506,492,492,269,40,489,58,True
Dylan Braithwaite,170308,WR,RUTGERS,3,93.8,0,278,59.3,63.8,59.0,0,0,1,50.0,50.0,100.0,0,0,0,15,0,0,0,16,1,2,0,0,14,0,603,2,1,536,38,482,1,1,14,1,1,1,1,1,1,781,1,2,5,793,16,790,1,5,793,213,True
Jonah Leaupepetele,204018,G,FRESNO ST,1,100.0,0,169,56.4,0.0,70.9,2,0,7,100.0,100.0,85.7,1,2,0,15,0,1,0,15,7,7,14,0,8,0,480,1,1,395,509,66,467,1,458,3,8,509,266,230,1,506,47,316,39,506,460,461,278,40,508,58,True
TK Whitset,204169,T,NC STATE,1,100.0,0,248,61.0,22.7,64.8,0,0,4,100.0,100.0,100.0,0,0,0,15,0,0,0,15,4,4,0,15,11,0,455,1,1,286,474,181,1,1,462,2,6,1,1,1,1,488,4,28,315,488,464,465,38,260,472,156,True
Kage Payne,204173,G,NC STATE,1,100.0,0,248,57.1,45.0,57.4,0,1,4,100.0,100.0,87.5,0,1,0,15,0,0,0,15,4,4,15,0,11,0,480,1,1,379,451,339,1,171,490,3,8,507,1,139,1,506,47,327,39,506,492,492,269,40,489,58,True
Isaac Sikes-Rasby,204770,T,CHARLOTTE,3,100.0,0,136,52.9,35.9,55.5,0,0,5,100.0,100.0,100.0,0,0,0,15,0,0,10,15,5,5,0,4,10,0,278,1,1,412,450,378,1,1,452,2,6,1,1,1,1,488,4,28,281,488,452,453,38,283,482,156,True
Zamondre Merriweather,163382,WR,SYRACUSE,2,50.0,0,304,45.2,,60.9,0,0,0,0.0,0.0,,1,0,0,15,0,0,0,30,0,15,0,0,15,0,735,209,1,790,,361,1,1,76,76,80,,550,1,1,781,1,2,5,757,80,715,1,5,781,213,True
Jaylen McGill,205251,HB,N CAROLINA,3,26.3,0,245,66.9,71.8,59.8,0,1,11,27.5,29.3,95.5,0,1,0,15,0,0,0,57,12,41,0,0,3,0,232,167,1,199,102,81,1,150,186,167,157,187,1,113,1,274,2,1,1,249,186,190,1,1,259,48,True
Hudson Lewis,215051,WR,OREGON,2,44.1,0,264,59.0,,58.3,0,0,0,0.0,0.0,,0,0,0,15,0,0,0,34,0,19,0,0,15,1,735,381,1,543,,505,1,1,76,76,80,,1,1,1,781,1,2,5,734,80,681,1,5,781,112,True
Nolan Miller,205553,G,W MICHIGAN,1,100.0,0,347,53.0,78.2,59.5,0,0,6,100.0,100.0,100.0,1,0,0,15,0,15,0,15,6,6,0,0,9,0,480,1,1,445,125,273,1,1,465,3,8,1,266,1,1,506,47,271,39,506,468,468,322,40,502,58,True
Brett Elliott,189381,TE,DUKE,2,75.0,0,154,59.3,,63.8,0,0,0,0.0,0.0,,0,0,0,15,0,0,0,20,0,5,0,0,15,15,442,146,1,212,,147,1,1,459,459,459,,1,1,1,480,1,2,61,471,459,461,2,62,469,457,True
Aqil Meredith-Smith,209741,C,FAU,3,100.0,0,165,53.8,53.6,54.2,0,0,5,100.0,100.0,100.0,0,0,0,15,11,0,0,15,5,5,4,0,10,0,126,1,1,212,202,209,1,1,213,2,3,1,1,1,1,230,227,18,3,230,213,213,11,6,229,16,True
Craig Dandridge,217077,WR,GEORGIA,4,32.6,0,173,85.6,,61.1,0,0,0,0.0,0.0,,0,0,0,14,0,0,0,43,0,28,0,0,14,0,,,,,,,,,,,,,,,,,,,,,,,,,,,False
Chaden Sullivan,216338,C,TULSA,1,100.0,0,320,61.0,72.9,59.9,0,0,2,100.0,100.0,100.0,0,0,0,14,14,0,0,14,3,3,0,0,11,0,,,,,,,,,,,,,,,,,,,,,,,,,,,False
Sah'nye Degraffenreidt,199120,WR,RUTGERS,1,82.4,0,278,55.5,,56.1,0,0,0,0.0,0.0,,0,0,0,14,0,0,0,17,0,3,0,0,14,0,,,,,,,,,,,,,,,,,,,,,,,,,,,False
Nate Schneckloth,174428,G,N DAK ST,1,100.0,0,250,49.8,19.6,52.1,0,0,4,100.0,100.0,75.0,0,1,1,14,0,0,0,14,4,4,14,0,10,0,,,,,,,,,,,,,,,,,,,,,,,,,,,False
Trevor Swan,162157,C,C MICHIGAN,2,100.0,0,134,66.0,77.8,63.3,0,0,7,100.0,100.0,100.0,0,0,0,14,14,0,0,14,7,7,0,0,7,0,,,,,,,,,,,,,,,,,,,,,,,,,,,False
Dereon Coleman,216934,QB,MIAMI FL,1,58.3,0,220,60.4,,60.0,0,0,0,0.0,0.0,,0,0,0,14,0,0,0,24,0,8,0,0,14,0,,,,,,,,,,,,,,,,,,,,,,,,,,,False
Tripp Walsh,174693,TE,NEW MEXICO,2,58.3,0,241,54.5,65.4,58.2,0,0,1,9.1,9.1,100.0,0,0,0,14,0,0,0,24,1,11,0,0,13,18,,,,,,,,,,,,,,,,,,,,,,,,,,,False
CJ Campbell,143876,HB,DUKE,4,15.9,0,154,72.4,58.1,42.1,0,1,8,19.0,22.2,93.7,0,1,0,14,0,0,0,88,10,45,0,0,4,0,,,,,,,,,,,,,,,,,,,,,,,,,,,False
Tommy Maher,191062,WR,COLO STATE,3,21.5,0,144,66.3,61.9,55.9,0,0,1,2.1,1.9,100.0,0,0,0,14,0,0,0,65,1,52,0,0,13,0,,,,,,,,,,,,,,,,,,,,,,,,,,,False
Davis Brown,215040,TE,FIU,2,82.4,0,166,44.5,65.9,45.6,0,0,1,25.0,25.0,100.0,0,0,0,14,0,0,0,17,1,4,0,0,13,15,,,,,,,,,,,,,,,,,,,,,,,,,,,False
Matt Ragan,162672,TE,UCONN,1,50.0,0,146,86.6,68.4,70.2,0,0,2,12.5,17.6,100.0,0,0,0,14,0,0,0,28,3,17,0,0,11,20,,,,,,,,,,,,,,,,,,,,,,,,,,,False
Jace Wilson,158833,WR,SACRAMENTO,5,29.8,0,279,66.6,,61.9,0,0,0,0.0,0.0,,0,0,0,14,0,0,0,47,0,33,0,0,14,0,,,,,,,,,,,,,,,,,,,,,,,,,,,False
Gordon Sellars III,213357,WR,CLEMSON,4,56.0,0,140,56.5,,62.5,0,0,0,0.0,0.0,,0,0,0,14,0,0,0,25,0,11,0,0,14,0,,,,,,,,,,,,,,,,,,,,,,,,,,,False
Eidan Buchanan,205237,T,N CAROLINA,2,100.0,0,245,60.7,59.5,60.2,0,0,4,100.0,100.0,100.0,0,0,0,14,0,0,0,14,5,5,0,14,9,0,,,,,,,,,,,,,,,,,,,,,,,,,,,False
David Adolph,162858,WR,OHIO STATE,3,87.5,0,260,57.8,,57.1,0,0,0,0.0,0.0,,0,0,0,14,0,0,0,16,0,2,0,0,14,0,,,,,,,,,,,,,,,,,,,,,,,,,,,False
Jerious Singletary,218682,TE,N TEXAS,3,100.0,0,251,82.8,,81.9,0,0,0,,,,0,0,0,14,0,0,0,14,0,0,0,0,14,11,,,,,,,,,,,,,,,,,,,,,,,,,,,False
Parker Puckett,205096,QB,MISS STATE,1,58.3,0,227,65.5,,60.0,0,0,0,0.0,0.0,,1,0,0,14,0,0,0,24,0,10,0,0,14,0,,,,,,,,,,,,,,,,,,,,,,,,,,,False
Rico Steele,191021,G,KENT STATE,1,100.0,1,201,38.6,74.9,54.5,0,0,4,100.0,100.0,100.0,3,0,0,14,0,14,0,14,4,4,0,0,10,0,,,,,,,,,,,,,,,,,,,,,,,,,,,False
Colin Prichard,215188,T,KENT STATE,1,100.0,0,201,38.9,0.0,49.5,0,0,4,100.0,100.0,100.0,0,0,0,14,0,0,0,14,4,4,0,14,10,0,,,,,,,,,,,,,,,,,,,,,,,,,,,False
John Williams,215190,T,C MICHIGAN,2,100.0,0,134,64.9,47.6,68.3,1,0,7,100.0,100.0,92.9,0,1,0,14,0,0,0,14,7,7,0,14,7,0,,,,,,,,,,,,,,,,,,,,,,,,,,,False
Cole McConathy II,183235,TE,MIAMI FL,2,87.5,0,220,79.1,66.0,81.8,0,0,2,50.0,50.0,100.0,0,0,0,14,0,0,0,16,2,4,0,0,12,13,,,,,,,,,,,,,,,,,,,,,,,,,,,False
Micah Ford,188865,HB,STANFORD,4,7.6,0,300,64.7,82.0,59.3,0,0,10,9.3,10.3,100.0,0,0,0,14,0,0,0,184,12,116,0,0,2,0,,,,,,,,,,,,,,,,,,,,,,,,,,,False
Adameon Botley,163498,G,LA MONROE,3,100.0,0,209,59.5,7.8,64.4,0,1,5,100.0,100.0,90.0,0,1,0,14,0,0,0,14,5,5,14,0,9,0,,,,,,,,,,,,,,,,,,,,,,,,,,,False
Jaylin Acevedo,189460,G,USF,1,100.0,0,327,71.9,75.3,70.8,0,0,4,100.0,100.0,100.0,0,0,0,14,0,0,0,14,4,4,13,0,10,0,,,,,,,,,,,,,,,,,,,,,,,,,,,False
Devin Brooks,191320,C,OREGON,1,100.0,0,264,61.1,76.8,59.2,0,0,5,100.0,100.0,100.0,0,0,0,14,14,0,0,14,5,5,0,0,9,0,,,,,,,,,,,,,,,,,,,,,,,,,,,False
Daniel Beale,197861,QB,LA LAFAYET,2,51.9,0,207,65.9,,60.0,0,0,0,0.0,0.0,,0,0,0,14,0,0,0,27,0,10,0,0,14,0,,,,,,,,,,,,,,,,,,,,,,,,,,,False
Ky Woods,163868,HB,NEVADA,4,40.0,0,239,67.5,78.6,53.5,0,0,3,18.8,18.8,100.0,0,0,0,14,0,0,0,35,3,16,0,0,11,0,,,,,,,,,,,,,,,,,,,,,,,,,,,False
Peyton Falzone,214567,TE,PENN STATE,2,77.8,0,266,31.9,,38.9,0,0,0,0.0,0.0,,0,0,0,14,0,0,0,18,0,4,0,0,14,10,,,,,,,,,,,,,,,,,,,,,,,,,,,False
Nic DiSanto,177542,G,C MICHIGAN,2,100.0,0,134,65.4,79.3,63.5,0,0,7,100.0,100.0,100.0,0,0,0,14,0,0,0,14,7,7,14,0,7,0,,,,,,,,,,,,,,,,,,,,,,,,,,,False
Luke Fahey,214565,QB,OHIO STATE,2,51.9,0,260,68.9,,60.0,0,0,0,0.0,0.0,,0,0,0,14,0,0,0,27,0,13,0,0,14,0,,,,,,,,,,,,,,,,,,,,,,,,,,,False
Bisi Owens,164679,WR,PURDUE,2,35.0,0,273,65.4,,77.3,0,0,0,0.0,0.0,,0,0,0,14,0,0,0,40,0,26,0,0,14,0,,,,,,,,,,,,,,,,,,,,,,,,,,,False
Chance Williams,167089,HB,CHARLOTTE,2,23.3,0,136,74.7,56.6,60.0,1,0,11,30.6,31.6,95.5,0,1,0,14,0,0,0,60,12,38,0,0,2,0,,,,,,,,,,,,,,,,,,,,,,,,,,,False
Tylik Hill,204299,HB,SYRACUSE,2,29.2,0,304,71.3,80.4,60.0,0,0,10,40.0,44.4,100.0,0,0,0,14,0,0,0,48,12,27,0,0,2,0,,,,,,,,,,,,,,,,,,,,,,,,,,,False
AJ Ia,198128,TE,ARIZONA ST,3,41.2,0,110,54.3,64.4,47.6,0,0,1,5.0,4.8,100.0,0,0,0,14,0,0,0,34,1,21,0,0,13,14,,,,,,,,,,,,,,,,,,,,,,,,,,,False
Dylan Burk,204289,TE,UCF,2,93.3,0,323,71.8,64.5,71.3,0,0,1,100.0,50.0,100.0,0,0,0,14,0,0,0,15,1,2,0,0,13,14,,,,,,,,,,,,,,,,,,,,,,,,,,,False
Keawe Browne,215448,TE,BOISE ST,4,50.0,0,120,53.3,,58.2,0,0,0,0.0,0.0,,0,0,0,14,0,0,0,28,0,14,0,0,14,20,,,,,,,,,,,,,,,,,,,,,,,,,,,False
Noah Thomas,204248,T,OREGON ST,2,100.0,0,265,57.7,23.2,67.3,0,0,6,100.0,100.0,83.3,1,1,1,14,0,0,14,14,8,8,0,0,6,0,,,,,,,,,,,,,,,,,,,,,,,,,,,False
Zac Stascausky,204236,T,OREGON,1,100.0,0,264,82.7,78.0,81.2,0,0,5,100.0,100.0,100.0,0,0,0,14,0,0,0,14,5,5,0,14,9,0,,,,,,,,,,,,,,,,,,,,,,,,,,,False
Jaquail Smith,201648,HB,COLORADO,4,20.3,0,143,77.8,81.3,60.0,0,0,12,40.0,38.7,100.0,0,0,0,14,0,0,0,69,12,31,0,0,2,0,,,,,,,,,,,,,,,,,,,,,,,,,,,False
Dylan Vokal,201523,WR,N DAK ST,4,73.7,0,250,69.3,,60.4,0,0,0,0.0,0.0,,0,0,0,14,0,0,0,19,0,5,0,0,14,0,,,,,,,,,,,,,,,,,,,,,,,,,,,False
Chris Kiel,201507,WR,N DAK ST,3,28.6,0,250,68.3,,56.8,0,0,0,0.0,0.0,,0,0,0,14,0,0,0,49,0,34,0,0,14,0,,,,,,,,,,,,,,,,,,,,,,,,,,,False
Etueni Ropati,176499,C,TEXAS ST,2,100.0,0,314,73.8,75.2,70.9,0,0,6,100.0,100.0,100.0,0,0,0,14,14,0,0,14,6,6,0,0,8,0,,,,,,,,,,,,,,,,,,,,,,,,,,,False
Shavane Anderson Jr.,215616,HB,SYRACUSE,3,25.5,0,304,73.3,18.2,60.0,0,2,12,54.5,54.2,91.7,0,2,0,14,0,0,0,55,13,24,0,0,1,0,,,,,,,,,,,,,,,,,,,,,,,,,,,False
Travis Johnson,215667,WR,MICHIGAN,4,42.4,0,222,56.7,,56.7,0,0,0,0.0,0.0,,0,0,0,14,0,0,0,33,0,18,0,0,14,0,,,,,,,,,,,,,,,,,,,,,,,,,,,False
Tashi Braceful,184123,WR,TOLEDO,2,73.7,0,316,68.2,,61.7,0,0,0,0.0,0.0,,0,0,0,14,0,0,0,19,0,5,0,0,14,0,,,,,,,,,,,,,,,,,,,,,,,,,,,False
Brandon Wraalstad,171031,T,ARMY,1,100.0,0,114,72.8,68.4,71.0,0,0,2,100.0,100.0,100.0,0,0,0,14,0,0,0,14,2,2,0,13,12,1,,,,,,,,,,,,,,,,,,,,,,,,,,,False
Jerrian Parker Jr.,185595,HB,SM HOUSTON,3,29.2,0,281,73.8,33.1,65.7,1,0,3,11.5,20.7,83.3,0,1,0,14,0,0,0,48,6,29,0,0,8,0,,,,,,,,,,,,,,,,,,,,,,,,,,,False
Jonathan Bibbs,190005,WR,UCF,3,36.8,0,323,68.5,,59.7,0,0,0,0.0,0.0,,0,0,0,14,0,0,0,38,0,24,0,0,14,0,,,,,,,,,,,,,,,,,,,,,,,,,,,False
Jaden Wilkerson,200162,T,MIAMI FL,1,100.0,0,220,59.0,52.6,59.2,0,1,4,100.0,100.0,87.5,0,1,0,14,0,0,14,14,4,4,0,0,10,0,,,,,,,,,,,,,,,,,,,,,,,,,,,False
Lamar Sperling,171214,HB,UTEP,3,43.8,0,330,61.4,77.8,57.0,0,0,3,23.1,28.6,100.0,0,0,0,14,0,0,0,32,4,14,0,0,10,0,,,,,,,,,,,,,,,,,,,,,,,,,,,False
A.J. Turner,156791,HB,MINNESOTA,3,35.0,0,225,60.6,29.8,60.0,1,1,10,40.0,40.7,90.0,1,2,0,14,0,0,0,40,11,27,0,0,3,0,,,,,,,,,,,,,,,,,,,,,,,,,,,False
Markus Fetcho,217306,T,NEW MEXICO,1,100.0,0,241,84.1,,80.9,0,0,0,,,,0,0,0,14,0,0,0,14,0,0,0,14,14,0,,,,,,,,,,,,,,,,,,,,,,,,,,,False
Ja'Elyne Matthews,198441,G,MISS STATE,1,100.0,0,227,58.0,72.9,65.5,0,0,2,100.0,100.0,100.0,1,0,0,14,0,14,0,14,2,2,0,0,12,0,,,,,,,,,,,,,,,,,,,,,,,,,,,False
Donovan Dark,218579,G,KENT STATE,1,100.0,0,201,54.1,44.7,54.2,0,1,4,100.0,100.0,87.5,0,1,0,14,0,0,0,14,4,4,14,0,10,0,,,,,,,,,,,,,,,,,,,,,,,,,,,False
Caden Knighten,200116,HB,BAYLOR,4,14.1,0,118,74.4,56.4,60.0,0,1,13,26.5,25.0,96.2,0,1,0,14,0,0,0,99,13,52,0,0,1,0,,,,,,,,,,,,,,,,,,,,,,,,,,,False
Jaden Miller,217150,HB,LA TECH,3,21.2,0,208,52.4,84.2,55.3,0,0,3,8.3,10.5,100.0,0,0,0,14,0,0,0,66,4,38,0,0,10,0,,,,,,,,,,,,,,,,,,,,,,,,,,,False
Chris Bruce,128657,TE,RICE,4,66.7,0,275,69.9,,66.6,0,0,0,0.0,0.0,,0,0,0,14,0,0,0,21,0,6,0,0,14,13,,,,,,,,,,,,,,,,,,,,,,,,,,,False
Carius Curne,199754,T,OLE MISS,1,100.0,0,226,55.7,75.3,50.8,0,0,8,100.0,100.0,100.0,0,0,0,14,0,0,0,14,8,8,0,14,6,0,,,,,,,,,,,,,,,,,,,,,,,,,,,False
Terrence McWilliams Jr.,173411,WR,LOUISVILLE,4,46.7,0,210,60.3,,61.3,0,0,0,0.0,0.0,,0,0,0,14,0,0,0,30,0,16,0,0,14,0,,,,,,,,,,,,,,,,,,,,,,,,,,,False
Nolan Good,198637,QB,KENT STATE,3,50.0,0,201,32.3,,60.0,0,0,0,0.0,0.0,,0,0,0,14,0,0,0,28,0,12,0,0,14,0,,,,,,,,,,,,,,,,,,,,,,,,,,,False
Nick Tyree,199644,WR,DELAWARE,2,37.8,0,151,58.2,,59.7,0,0,0,0.0,0.0,,0,0,0,14,0,0,0,37,0,23,0,0,14,0,,,,,,,,,,,,,,,,,,,,,,,,,,,False
Brody Dawyot,217065,TE,CHARLOTTE,2,58.3,0,136,56.4,65.3,63.8,0,0,1,9.1,9.1,100.0,0,0,0,14,0,0,0,24,1,11,0,0,13,13,,,,,,,,,,,,,,,,,,,,,,,,,,,False
Noah Vaughn,175443,HB,VIRGINIA,4,29.8,0,335,68.2,79.1,57.7,0,0,8,47.1,47.1,100.0,0,0,0,14,0,0,0,47,8,17,0,0,6,0,,,,,,,,,,,,,,,,,,,,,,,,,,,False
Brody Riffe,175422,T,W KENTUCKY,2,100.0,0,346,69.7,77.7,67.2,0,0,5,100.0,100.0,100.0,0,0,0,14,0,0,13,14,5,5,0,1,9,0,,,,,,,,,,,,,,,,,,,,,,,,,,,False
Eddie Lartigue Jr.,220583,C,UTEP,3,100.0,0,330,65.9,43.8,67.1,0,0,7,100.0,100.0,100.0,0,0,0,14,14,0,0,14,7,7,0,0,7,0,,,,,,,,,,,,,,,,,,,,,,,,,,,False
Nik Henry,199475,WR,UTEP,2,50.0,0,330,58.2,,61.0,0,0,0,0.0,0.0,,0,0,0,14,0,0,0,28,0,13,0,0,14,1,,,,,,,,,,,,,,,,,,,,,,,,,,,False
Benjamin Hall,174038,HB,N CAROLINA,3,17.9,0,245,69.2,81.8,60.0,0,0,13,30.2,30.2,100.0,0,0,0,14,0,0,0,78,13,43,0,0,1,0,,,,,,,,,,,,,,,,,,,,,,,,,,,False
Sean Persson,199317,TE,UAB,3,82.4,0,321,89.6,67.8,81.3,0,0,1,25.0,25.0,100.0,0,0,0,14,0,0,0,17,1,4,0,1,13,11,,,,,,,,,,,,,,,,,,,,,,,,,,,False
Will Taylor,184576,WR,GEORGIA,4,53.8,0,173,58.3,,82.0,0,0,0,0.0,0.0,,0,0,0,14,0,0,0,26,0,12,0,0,14,0,,,,,,,,,,,,,,,,,,,,,,,,,,,False
Kelton Smith,184575,T,GA STATE,1,100.0,0,175,82.2,77.9,80.3,0,0,5,100.0,100.0,100.0,0,0,0,14,0,0,14,14,5,5,0,0,9,0,,,,,,,,,,,,,,,,,,,,,,,,,,,False
Stefan Egbe,175229,FB,NAVY,1,82.4,0,237,66.6,67.7,62.0,0,0,1,100.0,100.0,100.0,0,0,0,14,0,0,0,17,1,1,0,0,13,0,,,,,,,,,,,,,,,,,,,,,,,,,,,False
Cole Harrison,188884,TE,TENNESSEE,2,93.3,0,307,49.9,70.1,44.1,0,0,3,75.0,75.0,100.0,0,0,0,14,0,0,0,15,3,4,0,0,11,1,,,,,,,,,,,,,,,,,,,,,,,,,,,False
Cole Tabb,188876,HB,CINCINNATI,4,22.6,0,138,94.0,80.9,58.2,0,0,9,33.3,32.1,100.0,0,0,0,14,0,0,0,62,9,28,0,0,5,0,,,,,,,,,,,,,,,,,,,,,,,,,,,False
Kolin Wilson,198870,HB,MISS STATE,4,23.0,0,227,68.3,62.4,57.2,0,0,8,25.8,26.5,100.0,0,0,0,14,0,0,0,61,9,34,0,0,5,0,,,,,,,,,,,,,,,,,,,,,,,,,,,False
Rayshon Luke,158732,HB,FRESNO ST,4,14.3,0,169,83.5,22.0,59.6,0,0,7,14.0,13.5,85.7,0,1,1,14,0,0,0,98,7,52,0,0,7,0,,,,,,,,,,,,,,,,,,,,,,,,,,,False
Brendon Haygood,198885,HB,N TEXAS,3,21.9,0,251,74.3,45.6,59.5,0,0,8,29.6,31.0,100.0,0,0,0,14,0,0,0,64,9,29,0,0,5,0,,,,,,,,,,,,,,,,,,,,,,,,,,,False
Chuck Johnson,190517,C,ARMY,1,100.0,0,114,58.8,70.4,58.3,0,0,2,100.0,100.0,100.0,0,0,0,14,14,0,0,14,2,2,0,0,12,0,,,,,,,,,,,,,,,,,,,,,,,,,,,False
Ahmad Miller,172895,HB,SYRACUSE,2,36.1,0,304,77.7,38.0,59.1,1,0,9,56.3,56.3,94.4,0,1,0,13,0,0,0,36,9,16,0,0,4,0,,,,,,,,,,,,,,,,,,,,,,,,,,,False
George MacIntyre,199971,QB,TENNESSEE,3,52.0,0,307,68.6,,60.0,0,0,0,0.0,0.0,,0,0,0,13,0,0,0,25,0,11,0,0,13,0,,,,,,,,,,,,,,,,,,,,,,,,,,,False
Bradley Martino,204161,WR,MINNESOTA,3,65.0,0,225,56.6,,60.7,0,0,0,0.0,0.0,,0,0,0,13,0,0,0,20,0,7,0,0,13,0,,,,,,,,,,,,,,,,,,,,,,,,,,,False
Mack Indestad,157468,T,UCLA,2,100.0,0,324,70.4,76.5,68.3,0,0,6,100.0,100.0,100.0,0,0,0,13,0,0,13,13,6,6,0,0,7,0,,,,,,,,,,,,,,,,,,,,,,,,,,,False
Teaunn Hunter,198630,WR,KENT STATE,1,65.0,0,201,55.4,,60.1,0,0,0,0.0,0.0,,0,0,0,13,0,0,0,20,0,7,0,0,13,0,,,,,,,,,,,,,,,,,,,,,,,,,,,False
Kannon Smith,214542,G,USC,2,100.0,0,326,74.0,76.7,73.3,0,0,4,100.0,100.0,100.0,0,0,0,13,0,0,0,13,4,4,13,0,9,0,,,,,,,,,,,,,,,,,,,,,,,,,,,False
Tyson Turner,184911,WR,HOUSTON,3,81.3,0,182,63.7,,82.2,0,0,0,0.0,0.0,,0,0,0,13,0,0,0,16,0,3,0,0,13,0,,,,,,,,,,,,,,,,,,,,,,,,,,,False
AJ Jones,199604,WR,BOISE ST,3,81.3,0,120,56.7,,61.2,0,0,0,0.0,0.0,,0,0,0,13,0,0,0,16,0,3,0,0,13,0,,,,,,,,,,,,,,,,,,,,,,,,,,,False
Kaedin Massey,188687,G,JAMES MAD,1,100.0,0,197,77.2,76.0,76.8,0,0,5,100.0,100.0,100.0,0,0,0,13,0,7,6,13,5,5,0,0,8,0,,,,,,,,,,,,,,,,,,,,,,,,,,,False
Brian Williams Jr.,215896,WR,AUBURN,2,72.2,0,115,68.3,,61.4,0,0,0,0.0,0.0,,0,0,0,13,0,0,0,18,0,5,0,0,13,0,,,,,,,,,,,,,,,,,,,,,,,,,,,False
Devin Davis,198252,G,USF,1,100.0,0,327,60.3,75.3,58.8,0,0,4,100.0,100.0,100.0,0,0,0,13,0,13,0,13,4,4,0,0,9,0,,,,,,,,,,,,,,,,,,,,,,,,,,,False
Kamron Burris,215850,T,APP STATE,1,100.0,0,108,61.1,75.9,58.4,0,0,6,100.0,100.0,100.0,0,0,0,13,0,0,13,13,6,6,0,0,7,0,,,,,,,,,,,,,,,,,,,,,,,,,,,False
Justin Popovich,187212,WR,WYOMING,4,65.0,0,351,54.9,,56.2,0,0,0,0.0,0.0,,0,0,0,13,0,0,0,20,0,7,0,0,13,0,,,,,,,,,,,,,,,,,,,,,,,,,,,False
Will Conroy,213449,C,N CAROLINA,1,100.0,0,245,52.2,26.8,55.6,0,1,4,100.0,100.0,87.5,0,1,0,13,13,0,0,13,5,5,0,0,8,0,,,,,,,,,,,,,,,,,,,,,,,,,,,False
Cash Pomeroy,218542,TE,MO STATE,1,100.0,0,230,74.6,,77.2,0,0,0,,,,0,0,0,13,0,0,0,13,0,0,0,0,13,3,,,,,,,,,,,,,,,,,,,,,,,,,,,False
Ryan Montgomery,198473,QB,GEORGIA,2,61.9,0,173,59.6,,60.0,0,0,0,0.0,0.0,,0,0,0,13,0,0,0,21,0,7,0,0,13,0,,,,,,,,,,,,,,,,,,,,,,,,,,,False
Arkel Anugwom,176081,G,NWESTERN,1,100.0,0,256,54.9,,54.5,0,0,0,,,,0,0,0,13,0,13,0,13,0,0,0,0,13,0,,,,,,,,,,,,,,,,,,,,,,,,,,,False
Caleb Rollerson,190345,WR,UCF,4,52.0,0,323,75.1,,58.6,0,0,0,0.0,0.0,,0,0,0,13,0,0,0,25,0,12,0,0,13,0,,,,,,,,,,,,,,,,,,,,,,,,,,,False
Gael Ochoa,184210,QB,RICE,2,59.1,0,275,62.8,,60.0,0,0,0,0.0,0.0,,0,0,0,13,0,0,0,22,0,7,0,0,13,0,,,,,,,,,,,,,,,,,,,,,,,,,,,False
Riley Wormley,199415,HB,USC,5,25.0,0,326,67.6,71.8,58.2,0,0,2,7.4,6.9,100.0,0,0,0,13,0,0,0,52,2,29,0,0,11,0,,,,,,,,,,,,,,,,,,,,,,,,,,,False
James Nellis,201512,G,N DAK ST,1,100.0,0,250,47.5,76.5,45.3,0,0,3,100.0,100.0,100.0,0,0,0,13,0,13,0,13,3,3,0,0,10,0,,,,,,,,,,,,,,,,,,,,,,,,,,,False
Evan Boyd,171223,WR,IOWA STATE,2,48.1,0,193,54.7,,60.4,0,0,0,0.0,0.0,,0,0,0,13,0,0,0,27,0,14,0,0,13,0,,,,,,,,,,,,,,,,,,,,,,,,,,,False
Christian Greenlaw,173947,TE,IOWA STATE,4,76.5,0,193,58.3,65.6,61.5,0,0,1,20.0,20.0,100.0,0,0,0,13,0,0,0,17,1,5,0,0,12,16,,,,,,,,,,,,,,,,,,,,,,,,,,,False
Cole Cabana,174036,HB,W MICHIGAN,3,32.5,0,347,57.1,5.9,55.2,0,2,5,22.7,21.7,80.0,0,2,0,13,0,0,0,40,5,23,0,0,8,0,,,,,,,,,,,,,,,,,,,,,,,,,,,False
Jalen Jones,178039,WR,TEXAS TECH,4,34.2,0,315,61.3,,31.2,0,0,0,0.0,0.0,,1,0,0,13,0,0,0,38,0,25,0,0,13,0,,,,,,,,,,,,,,,,,,,,,,,,,,,False
Thomas Castellanos,158433,QB,TEXAS TECH,4,44.8,0,315,67.7,,60.6,0,0,0,0.0,0.0,,0,0,0,13,0,0,0,29,0,5,0,0,13,0,,,,,,,,,,,,,,,,,,,,,,,,,,,False
Xavyion Noland,176456,WR,OREGON ST,4,31.7,0,265,58.8,,55.7,0,0,0,0.0,0.0,,0,0,0,13,0,0,0,41,0,28,0,0,13,0,,,,,,,,,,,,,,,,,,,,,,,,,,,False
Carson Grove,190884,WR,NWESTERN,1,100.0,0,256,61.2,,62.0,0,0,0,,,,0,0,0,13,0,0,0,13,0,0,0,0,13,0,,,,,,,,,,,,,,,,,,,,,,,,,,,False
Gracen Harris,198864,WR,MISS STATE,4,40.6,0,227,63.0,,60.6,0,0,0,0.0,0.0,,1,0,0,13,0,0,0,32,0,19,0,0,13,1,,,,,,,,,,,,,,,,,,,,,,,,,,,False
Kenny Jones,184658,T,RUTGERS,1,100.0,0,278,63.1,77.7,59.1,0,0,7,100.0,100.0,100.0,0,0,0,13,0,0,13,13,8,8,0,0,5,0,,,,,,,,,,,,,,,,,,,,,,,,,,,False
Tucker McDonald,171056,QB,UCONN,2,54.2,0,146,74.8,,60.0,0,0,0,0.0,0.0,,0,0,0,13,0,0,0,24,0,10,0,0,13,0,,,,,,,,,,,,,,,,,,,,,,,,,,,False
Nate Forystek,162200,TE,S ALABAMA,1,92.9,0,288,66.4,,66.2,0,0,0,0.0,0.0,,0,0,0,13,0,0,0,14,0,1,0,0,13,14,,,,,,,,,,,,,,,,,,,,,,,,,,,False
Robert Oliver,214157,WR,W VIRGINIA,1,100.0,0,343,61.0,,61.5,0,0,0,,,,0,0,0,13,0,0,0,13,0,0,0,0,13,0,,,,,,,,,,,,,,,,,,,,,,,,,,,False
Amari Powell,189970,WR,GA STATE,1,76.5,0,175,56.4,,60.8,0,0,0,0.0,0.0,,0,0,0,13,0,0,0,17,0,4,0,0,13,0,,,,,,,,,,,,,,,,,,,,,,,,,,,False
Nick Thomas,189455,WR,MIAMI FL,1,65.0,0,220,65.9,,56.1,0,0,0,0.0,0.0,,0,0,0,13,0,0,0,20,0,7,0,0,13,0,,,,,,,,,,,,,,,,,,,,,,,,,,,False
Braylen Russell,184393,HB,ARKANSAS,4,21.3,0,111,64.6,80.3,58.2,0,0,8,36.4,37.5,100.0,0,0,0,13,0,0,0,61,9,24,0,0,4,0,,,,,,,,,,,,,,,,,,,,,,,,,,,False
Brendyn Smith,215295,WR,KENT STATE,4,34.2,0,201,52.0,,60.4,0,0,0,0.0,0.0,,0,0,0,13,0,0,0,38,0,25,0,0,13,0,,,,,,,,,,,,,,,,,,,,,,,,,,,False
Matt Tomaszewski,205153,C,NAVY,2,100.0,0,237,64.7,64.4,63.4,0,0,1,100.0,100.0,100.0,0,0,0,13,11,0,0,13,1,1,0,0,12,1,,,,,,,,,,,,,,,,,,,,,,,,,,,False
David Pierro,205007,WR,LA TECH,2,72.2,0,208,57.7,,60.3,0,0,0,0.0,0.0,,0,0,0,13,0,0,0,18,0,4,0,0,13,0,,,,,,,,,,,,,,,,,,,,,,,,,,,False
Ahmed Souare,204907,WR,GA STATE,1,86.7,0,175,58.5,,59.9,0,0,0,0.0,0.0,,0,0,0,13,0,0,0,15,0,2,0,0,13,0,,,,,,,,,,,,,,,,,,,,,,,,,,,False
Qwantavius Wiggins,218322,HB,GA STATE,4,16.7,0,175,61.6,77.1,76.9,0,0,5,11.6,11.6,100.0,0,0,0,13,0,0,0,78,5,43,0,0,8,0,,,,,,,,,,,,,,,,,,,,,,,,,,,False
Anthony Reagan Jr.,186331,HB,LA LAFAYET,4,20.6,0,207,77.0,77.2,57.7,0,0,3,15.0,25.0,100.0,0,0,0,13,0,0,0,63,6,24,0,0,7,0,,,,,,,,,,,,,,,,,,,,,,,,,,,False
Isiah Stoudemire,199561,G,W KENTUCKY,1,100.0,0,346,70.1,76.5,69.1,0,0,4,100.0,100.0,100.0,0,0,0,13,0,0,0,13,4,4,13,0,9,0,,,,,,,,,,,,,,,,,,,,,,,,,,,False
Manny Choice,199035,WR,OKLAHOMA,2,46.4,0,261,60.7,,60.8,0,0,0,0.0,0.0,,0,0,0,13,0,0,0,28,0,15,0,0,13,0,,,,,,,,,,,,,,,,,,,,,,,,,,,False
Logan Barnes,215307,WR,UCONN,3,59.1,0,146,54.0,,60.6,0,0,0,0.0,0.0,,0,0,0,13,0,0,0,22,0,9,0,0,13,0,,,,,,,,,,,,,,,,,,,,,,,,,,,False
Brandon Homady,199543,G,N CAROLINA,1,100.0,0,245,72.0,77.2,71.0,0,0,4,100.0,100.0,100.0,0,0,0,13,0,13,0,13,5,5,0,0,8,0,,,,,,,,,,,,,,,,,,,,,,,,,,,False
Khalil Wilkins,189946,WR,MARSHALL,4,21.0,0,214,62.5,,60.7,0,0,0,0.0,0.0,,1,0,0,13,0,0,0,62,0,37,0,0,13,0,,,,,,,,,,,,,,,,,,,,,,,,,,,False
Terrance Saryon,213747,WR,BYU,2,81.3,0,128,53.2,,60.4,0,0,0,0.0,0.0,,0,0,0,13,0,0,0,16,0,1,0,0,13,0,,,,,,,,,,,,,,,,,,,,,,,,,,,False
Jaylin Taylor,222862,WR,MEMPHIS,1,86.7,0,218,59.0,,62.0,0,0,0,0.0,0.0,,0,0,0,13,0,0,0,15,0,2,0,0,13,0,,,,,,,,,,,,,,,,,,,,,,,,,,,False
Landon Walker,205154,FB,NAVY,1,54.2,0,237,61.8,,54.3,0,0,0,0.0,0.0,,0,0,0,13,0,0,0,24,0,7,0,0,13,4,,,,,,,,,,,,,,,,,,,,,,,,,,,False
Amarion Berry,190603,T,N TEXAS,1,100.0,0,251,58.2,73.3,68.1,0,0,3,100.0,100.0,100.0,1,0,0,13,0,0,0,13,3,3,0,13,10,0,,,,,,,,,,,,,,,,,,,,,,,,,,,False
Christian Neptune,206238,WR,AUBURN,4,28.3,0,115,50.3,61.1,43.9,0,0,0,0.0,2.9,,0,0,0,13,0,0,0,46,1,34,0,0,12,0,,,,,,,,,,,,,,,,,,,,,,,,,,,False
T.J. West,173655,WR,UTSA,4,37.1,0,331,64.4,,61.4,0,0,0,0.0,0.0,,0,0,0,13,0,0,0,35,0,22,0,0,13,0,,,,,,,,,,,,,,,,,,,,,,,,,,,False
Tommy Arnold,198623,TE,KENT STATE,3,81.3,0,201,44.2,,46.0,0,0,0,0.0,0.0,,0,0,0,13,0,0,0,16,0,3,0,0,13,13,,,,,,,,,,,,,,,,,,,,,,,,,,,False
Evan Blaettler,198938,G,NEW MEX ST,1,100.0,0,242,60.7,73.0,59.7,0,0,3,100.0,100.0,100.0,0,0,0,13,0,5,0,13,3,3,8,0,10,0,,,,,,,,,,,,,,,,,,,,,,,,,,,False
Cam Sapp,199079,WR,PITTSBURGH,2,38.2,0,268,51.8,,59.9,0,0,0,0.0,0.0,,0,0,0,13,0,0,0,34,0,21,0,0,13,0,,,,,,,,,,,,,,,,,,,,,,,,,,,False
Ryan Schwendeman,160594,TE,WISCONSIN,2,61.9,0,349,46.4,72.4,42.4,0,0,2,22.2,22.2,100.0,0,0,0,13,0,0,0,21,2,9,0,0,11,7,,,,,,,,,,,,,,,,,,,,,,,,,,,False
Cameron Pettaway,191013,HB,IOWA STATE,4,20.0,0,193,68.8,67.5,55.2,0,0,1,3.1,2.9,100.0,0,0,0,13,0,0,0,65,1,34,0,0,12,0,,,,,,,,,,,,,,,,,,,,,,,,,,,False
Johnathan Cline,174342,G,MIAMI FL,1,100.0,0,220,93.6,75.9,93.3,0,0,5,100.0,100.0,100.0,0,0,0,13,0,3,0,13,5,5,10,0,8,0,,,,,,,,,,,,,,,,,,,,,,,,,,,False
Zechariah Sample,183751,WR,TEXAS ST,2,34.2,0,314,70.8,,60.7,0,0,0,0.0,0.0,,0,0,0,13,0,0,0,38,0,25,0,0,13,0,,,,,,,,,,,,,,,,,,,,,,,,,,,False
Jayden Elijah,199127,T,RUTGERS,1,100.0,0,278,80.7,66.9,78.9,0,0,1,100.0,100.0,100.0,1,0,0,13,0,0,13,13,1,1,0,0,12,0,,,,,,,,,,,,,,,,,,,,,,,,,,,False
Steve Chavez-Soto,199149,HB,UTAH,4,43.3,0,328,65.0,46.8,57.2,0,0,5,55.6,55.6,100.0,0,0,0,13,0,0,0,30,5,9,0,0,8,0,,,,,,,,,,,,,,,,,,,,,,,,,,,False
Hollywood Smothers,173719,HB,TEXAS,3,13.1,0,311,76.1,41.1,43.4,0,1,7,14.0,13.5,92.9,0,1,0,13,0,0,0,99,7,52,0,0,6,0,,,,,,,,,,,,,,,,,,,,,,,,,,,False
Blaise Thomassie,218882,G,STANFORD,3,100.0,0,300,64.9,81.2,73.1,0,0,8,100.0,100.0,100.0,1,0,0,13,0,10,0,13,8,8,3,0,5,0,,,,,,,,,,,,,,,,,,,,,,,,,,,False
Carterrious Brown,199175,WR,SMU,3,36.1,0,287,57.7,,55.7,0,0,0,0.0,0.0,,0,0,0,13,0,0,0,36,0,23,0,0,13,0,,,,,,,,,,,,,,,,,,,,,,,,,,,False
Raymond Liggins III,222747,WR,UCONN,3,54.2,0,146,81.3,,59.9,0,0,0,0.0,0.0,,0,0,0,13,0,0,0,24,0,11,0,0,13,0,,,,,,,,,,,,,,,,,,,,,,,,,,,False
Viron Ellison Jr.,190723,HB,DELAWARE,4,25.5,0,151,64.2,29.2,60.0,0,1,10,38.5,32.3,95.0,0,1,0,13,0,0,0,51,10,31,0,0,3,0,,,,,,,,,,,,,,,,,,,,,,,,,,,False
Xavier Anderson,220606,TE,W VIRGINIA,1,92.9,0,343,33.1,0.0,47.3,0,1,1,50.0,50.0,50.0,0,1,0,13,0,0,0,14,1,2,0,0,12,12,,,,,,,,,,,,,,,,,,,,,,,,,,,False
Blake Van Buren,162855,TE,NWESTERN,1,100.0,0,256,48.7,,49.5,0,0,0,,,,0,0,0,13,0,0,0,13,0,0,0,0,13,13,,,,,,,,,,,,,,,,,,,,,,,,,,,False
Cade Osterman,173415,WR,N DAK ST,4,65.0,0,250,76.1,,59.5,0,0,0,0.0,0.0,,0,0,0,13,0,0,0,20,0,7,0,0,13,0,,,,,,,,,,,,,,,,,,,,,,,,,,,False
Hunter Welcing,129738,TE,OHIO STATE,3,56.5,0,260,54.6,71.5,56.3,0,0,1,9.1,16.7,100.0,0,0,0,13,0,0,0,23,2,12,0,0,11,13,,,,,,,,,,,,,,,,,,,,,,,,,,,False
Aedan McCarthy,215231,QB,UMASS,2,68.4,0,216,47.6,,60.0,0,0,0,0.0,0.0,,0,0,0,13,0,0,0,19,0,6,0,0,13,0,,,,,,,,,,,,,,,,,,,,,,,,,,,False
Trey Blue,199825,T,N CAROLINA,1,100.0,0,245,61.8,31.0,66.0,0,0,4,100.0,100.0,100.0,1,0,0,13,0,0,13,13,5,5,0,0,8,0,,,,,,,,,,,,,,,,,,,,,,,,,,,False
Terrell Anderson,183348,WR,USC,2,46.4,0,326,71.8,,62.1,0,0,0,0.0,0.0,,0,0,0,13,0,0,0,28,0,15,0,0,13,0,,,,,,,,,,,,,,,,,,,,,,,,,,,False
Kaderris Roberts,149713,HB,DELAWARE,4,22.0,0,151,71.6,81.0,41.2,0,0,11,28.9,26.2,100.0,0,0,0,13,0,0,0,59,11,42,0,0,2,0,,,,,,,,,,,,,,,,,,,,,,,,,,,False
Eddie Freauff,191213,WR,OREGON ST,2,50.0,0,265,55.4,,67.8,0,0,0,0.0,0.0,,0,0,0,13,0,0,0,26,0,13,0,0,13,0,,,,,,,,,,,,,,,,,,,,,,,,,,,False
Quentin Gibson,198298,WR,COLORADO,4,23.1,0,143,67.9,,55.0,0,0,0,0.0,0.0,,0,0,0,12,0,0,0,52,0,38,0,0,12,0,,,,,,,,,,,,,,,,,,,,,,,,,,,False
Brett Holloway,218808,QB,SM HOUSTON,3,42.9,0,281,90.6,,60.0,0,0,0,0.0,0.0,,0,0,0,12,0,0,0,28,0,7,0,0,12,0,,,,,,,,,,,,,,,,,,,,,,,,,,,False
Isiah Canion,183213,WR,GEORGIA,3,26.7,0,173,54.3,,71.0,0,0,0,0.0,0.0,,1,0,0,12,0,0,0,45,0,33,0,0,12,1,,,,,,,,,,,,,,,,,,,,,,,,,,,False
Micah Johnson,191169,HB,KANSAS,2,37.5,0,198,74.7,82.5,58.5,0,0,8,53.3,53.3,100.0,0,0,0,12,0,0,0,32,8,15,0,0,4,0,,,,,,,,,,,,,,,,,,,,,,,,,,,False
Ervin Smith,198685,C,LA TECH,1,100.0,0,208,61.6,73.8,60.3,0,0,2,100.0,100.0,100.0,0,0,0,12,12,0,0,12,3,3,0,0,9,0,,,,,,,,,,,,,,,,,,,,,,,,,,,False
Terrell Timmons Jr.,157423,WR,MEMPHIS,2,30.8,0,218,65.7,,60.6,0,0,0,0.0,0.0,,0,0,0,12,0,0,0,39,0,27,0,0,12,0,,,,,,,,,,,,,,,,,,,,,,,,,,,False
Damon Hall Jr.,214618,TE,MARYLAND,3,80.0,0,215,56.9,,57.4,0,0,0,0.0,0.0,,0,0,0,12,0,0,0,15,0,3,0,0,12,8,,,,,,,,,,,,,,,,,,,,,,,,,,,False
Cassius Hulbert,215208,C,OHIO,2,100.0,0,259,61.1,71.6,60.1,0,0,2,100.0,100.0,100.0,0,0,0,12,12,0,0,12,3,3,0,0,9,0,,,,,,,,,,,,,,,,,,,,,,,,,,,False
Jared Porter,204843,HB,DELAWARE,2,48.0,0,151,70.8,45.4,60.0,1,0,9,64.3,64.3,94.4,0,1,0,12,0,0,0,25,9,14,0,0,3,0,,,,,,,,,,,,,,,,,,,,,,,,,,,False
Charlie Daly,204704,FB,ARMY,1,85.7,0,114,73.3,,84.0,0,0,0,0.0,0.0,,0,0,0,12,0,0,0,14,0,2,0,0,12,2,,,,,,,,,,,,,,,,,,,,,,,,,,,False
James Bland,204685,G,ARMY,1,100.0,0,114,71.2,69.7,70.5,0,0,2,100.0,100.0,100.0,0,0,0,12,0,0,0,12,2,2,12,0,10,0,,,,,,,,,,,,,,,,,,,,,,,,,,,False
Brody Smith,204592,G,AIR FORCE,1,100.0,0,101,61.0,70.3,60.3,0,0,1,100.0,100.0,100.0,0,0,0,12,0,12,0,12,1,1,0,0,11,0,,,,,,,,,,,,,,,,,,,,,,,,,,,False
Noah Fox-Flores,204537,TE,UCLA,4,31.6,0,324,44.6,68.3,49.7,0,0,2,7.1,7.1,100.0,0,0,0,12,0,0,0,38,2,28,0,0,10,23,,,,,,,,,,,,,,,,,,,,,,,,,,,False
Delon Craft Jr.,204523,T,S DIEGO ST,3,100.0,0,284,71.1,66.5,69.4,0,0,1,100.0,100.0,100.0,0,0,0,12,0,1,6,12,1,1,0,0,11,5,,,,,,,,,,,,,,,,,,,,,,,,,,,False
Caden Romo,198064,T,AIR FORCE,1,100.0,0,101,74.0,70.3,72.3,0,0,1,100.0,100.0,100.0,0,0,0,12,0,0,0,12,1,1,0,12,11,0,,,,,,,,,,,,,,,,,,,,,,,,,,,False
Johnique Thomas,198070,C,AIR FORCE,1,100.0,0,101,63.2,70.4,62.1,0,0,1,100.0,100.0,100.0,0,0,0,12,12,0,0,12,1,1,0,0,11,0,,,,,,,,,,,,,,,,,,,,,,,,,,,False
Drew Alsup,215302,WR,UMASS,3,75.0,0,216,56.4,,61.8,0,0,0,0.0,0.0,,0,0,0,12,0,0,0,16,0,4,0,0,12,0,,,,,,,,,,,,,,,,,,,,,,,,,,,False
Tyson Davis,145702,WR,VIRGINIA,3,66.7,0,335,53.8,,51.9,0,0,0,0.0,0.0,,0,0,0,12,0,0,0,18,0,6,0,0,12,0,,,,,,,,,,,,,,,,,,,,,,,,,,,False
Ben Mulholland,185989,G,UCONN,2,100.0,0,146,72.6,76.4,71.7,0,0,4,100.0,100.0,100.0,0,0,0,12,0,0,0,12,4,4,12,0,8,0,,,,,,,,,,,,,,,,,,,,,,,,,,,False
Nyeoti Punni,177393,HB,N DAK ST,4,28.6,0,250,74.7,18.9,58.3,0,1,3,27.3,27.3,83.3,0,1,0,12,0,0,0,42,3,11,0,0,9,0,,,,,,,,,,,,,,,,,,,,,,,,,,,False
Amorion Walker,158547,WR,UNLV,3,46.2,0,325,46.5,,62.3,0,0,0,0.0,0.0,,0,0,0,12,0,0,0,26,0,14,0,0,12,0,,,,,,,,,,,,,,,,,,,,,,,,,,,False
Kenji Lewis,167016,WR,N ILLINOIS,4,28.6,0,254,44.1,,43.2,0,0,0,0.0,0.0,,0,0,0,12,0,0,0,42,0,30,0,0,12,0,,,,,,,,,,,,,,,,,,,,,,,,,,,False
Colin Leahey,204279,TE,RICE,1,100.0,0,275,59.5,65.4,58.3,0,0,1,100.0,100.0,100.0,0,0,0,12,0,0,0,12,1,1,0,0,11,7,,,,,,,,,,,,,,,,,,,,,,,,,,,False
Tavian Dashiell,220406,WR,UMASS,3,85.7,0,216,57.3,,61.0,0,0,0,0.0,0.0,,0,0,0,12,0,0,0,14,0,1,0,0,12,0,,,,,,,,,,,,,,,,,,,,,,,,,,,False
Sandro Malicevic,191433,G,OHIO,2,100.0,0,259,57.1,72.2,56.1,0,0,2,100.0,100.0,100.0,0,0,0,12,0,0,0,12,3,3,12,0,9,0,,,,,,,,,,,,,,,,,,,,,,,,,,,False
James Wilson,227441,T,GA STATE,1,100.0,0,175,48.8,30.0,51.5,0,0,6,100.0,100.0,100.0,0,0,0,12,0,0,12,12,6,6,0,0,6,0,,,,,,,,,,,,,,,,,,,,,,,,,,,False
Tristan Ti'a,204242,QB,AUBURN,1,70.6,0,115,40.5,,60.0,0,0,0,0.0,0.0,,0,0,0,12,0,0,0,17,0,4,0,0,12,0,,,,,,,,,,,,,,,,,,,,,,,,,,,False
Holden Geriner,157045,QB,PITTSBURGH,2,37.5,0,268,70.5,,60.0,0,0,0,0.0,0.0,,0,0,0,12,0,0,0,32,0,20,0,0,12,0,,,,,,,,,,,,,,,,,,,,,,,,,,,False
Sedrick Irvin,176618,HB,STANFORD,4,13.8,0,300,69.1,27.7,60.0,1,0,10,20.8,18.2,95.0,0,1,0,12,0,0,0,87,10,55,0,0,2,0,,,,,,,,,,,,,,,,,,,,,,,,,,,False
Jarvis Strickland,215577,T,LOUISVILLE,1,100.0,0,210,48.6,74.9,45.7,0,0,4,100.0,100.0,100.0,0,0,0,12,0,0,12,12,4,4,0,0,8,0,,,,,,,,,,,,,,,,,,,,,,,,,,,False
Hayden Rollison,170136,TE,VIRGINIA,2,92.3,0,335,77.7,,56.1,0,0,0,0.0,0.0,,0,0,0,12,0,0,0,13,0,1,0,0,12,11,,,,,,,,,,,,,,,,,,,,,,,,,,,False
Grayson Tempest,127630,WR,TULSA,4,57.1,0,320,55.7,,59.8,0,0,0,0.0,0.0,,0,0,0,12,0,0,0,21,0,9,0,0,12,0,,,,,,,,,,,,,,,,,,,,,,,,,,,False
Josiah Lucas,218913,HB,S DIEGO ST,2,29.3,0,284,59.2,80.9,60.0,0,0,9,37.5,38.5,100.0,0,0,0,12,0,0,0,41,10,26,0,0,2,0,,,,,,,,,,,,,,,,,,,,,,,,,,,False
Kade Bush,214135,TE,W VIRGINIA,1,92.3,0,343,63.3,,62.8,0,0,0,0.0,0.0,,0,0,0,12,0,0,0,13,0,1,0,0,12,12,,,,,,,,,,,,,,,,,,,,,,,,,,,False
Tre Guerra,170544,QB,COAST CAR,2,75.0,0,141,54.5,,60.0,0,0,0,0.0,0.0,,0,0,0,12,0,0,0,16,0,4,0,0,12,0,,,,,,,,,,,,,,,,,,,,,,,,,,,False
Maxwell Robinson,217393,G,GA STATE,1,100.0,0,175,60.8,77.5,58.8,0,0,6,100.0,100.0,100.0,0,0,0,12,0,12,0,12,6,6,0,0,6,0,,,,,,,,,,,,,,,,,,,,,,,,,,,False
Brandon High Jr.,174095,HB,UTSA,4,16.9,0,331,67.4,21.1,60.0,0,0,7,23.3,29.4,100.0,0,0,0,12,0,0,0,71,10,34,0,0,2,1,,,,,,,,,,,,,,,,,,,,,,,,,,,False
Lance Blakely Jr.,218714,T,OHIO,2,100.0,0,259,59.2,69.5,57.9,0,0,2,100.0,100.0,100.0,0,0,0,12,0,0,0,12,3,3,0,12,9,0,,,,,,,,,,,,,,,,,,,,,,,,,,,False
Carson Robbins,191311,WR,IOWA STATE,2,80.0,0,193,71.5,,56.8,0,0,0,0.0,0.0,,0,0,0,12,0,0,0,15,0,3,0,0,12,0,,,,,,,,,,,,,,,,,,,,,,,,,,,False
Cam Pedro,156804,WR,CHARLOTTE,2,60.0,0,136,58.5,,61.9,0,0,0,0.0,0.0,,0,0,0,12,0,0,0,20,0,8,0,0,12,0,,,,,,,,,,,,,,,,,,,,,,,,,,,False
Kai Owens,220511,WR,UMASS,3,92.3,0,216,60.1,,61.3,0,0,0,0.0,0.0,,0,0,0,12,0,0,0,13,0,1,0,0,12,0,,,,,,,,,,,,,,,,,,,,,,,,,,,False
Josiah Fetui,188394,WR,HAWAII,4,22.6,0,180,59.4,,60.4,0,0,0,0.0,0.0,,0,0,0,12,0,0,0,53,0,41,0,0,12,0,,,,,,,,,,,,,,,,,,,,,,,,,,,False
Rahkeem Smith,161339,WR,GA TECH,3,50.0,0,176,69.2,,61.4,0,0,0,0.0,0.0,,0,0,0,12,0,0,0,24,0,12,0,0,12,0,,,,,,,,,,,,,,,,,,,,,,,,,,,False
Brandon Tennison,174109,QB,UTSA,2,80.0,0,331,28.0,,60.0,0,0,0,0.0,0.0,,0,0,0,12,0,0,0,15,0,2,0,0,12,0,,,,,,,,,,,,,,,,,,,,,,,,,,,False
Christian Medlock,171321,T,TOLEDO,1,100.0,0,316,54.0,73.6,52.7,0,0,1,100.0,100.0,100.0,0,0,0,12,0,0,12,12,1,1,0,0,11,0,,,,,,,,,,,,,,,,,,,,,,,,,,,False
Solomon Baggett,215816,HB,ARK STATE,4,18.2,0,113,76.2,57.2,60.0,0,0,11,32.4,32.4,100.0,0,0,0,12,0,0,0,66,11,34,0,0,1,0,,,,,,,,,,,,,,,,,,,,,,,,,,,False
Sean Poret,198447,G,FLORIDA ST,3,100.0,1,167,49.2,5.4,52.8,0,1,3,100.0,100.0,83.3,1,1,0,12,0,0,0,12,3,3,12,0,9,0,,,,,,,,,,,,,,,,,,,,,,,,,,,False
Quintrevion Wisner,176190,HB,FLORIDA ST,3,25.0,0,167,68.2,77.5,56.3,0,0,4,17.4,15.4,100.0,0,0,0,12,0,0,0,48,4,26,0,0,8,0,,,,,,,,,,,,,,,,,,,,,,,,,,,False
Evan Medders,210383,QB,AIR FORCE,2,36.4,0,101,77.8,,60.1,0,0,0,0.0,0.0,,0,0,0,12,0,0,0,33,0,11,0,0,12,0,,,,,,,,,,,,,,,,,,,,,,,,,,,False
Luke Carney,199218,QB,HOUSTON,1,75.0,0,182,90.4,,60.0,0,0,0,,,,0,0,0,12,0,0,0,16,0,0,0,0,12,0,,,,,,,,,,,,,,,,,,,,,,,,,,,False
Sean Ward,159319,TE,BALL ST,3,100.0,0,117,58.7,67.5,56.8,0,0,3,100.0,100.0,100.0,0,0,0,12,0,0,1,12,3,3,0,0,9,11,,,,,,,,,,,,,,,,,,,,,,,,,,,False
Connor Barry,161286,QB,PENN STATE,2,70.6,0,266,59.6,,60.0,0,0,0,0.0,0.0,,0,0,0,12,0,0,0,17,0,2,0,0,12,0,,,,,,,,,,,,,,,,,,,,,,,,,,,False
Travis Terrell Jr.,188626,HB,PURDUE,3,24.0,0,273,54.4,65.8,59.9,0,1,7,25.9,31.0,92.9,0,1,0,12,0,0,0,50,9,29,0,0,3,0,,,,,,,,,,,,,,,,,,,,,,,,,,,False
Jayden Mines,156708,WR,JAMES MAD,3,75.0,0,197,56.0,,61.7,0,0,0,0.0,0.0,,0,0,0,12,0,0,0,16,0,4,0,0,12,0,,,,,,,,,,,,,,,,,,,,,,,,,,,False
Ben Maldonado,188464,T,OHIO,2,100.0,0,259,60.2,71.7,58.7,0,0,2,100.0,100.0,100.0,1,0,0,12,0,0,12,12,3,3,0,0,9,0,,,,,,,,,,,,,,,,,,,,,,,,,,,False
Jaylen Garrison,184993,WR,FRESNO ST,2,85.7,0,169,89.0,,91.1,0,0,0,0.0,0.0,,0,0,0,12,0,0,0,14,0,2,0,0,12,0,,,,,,,,,,,,,,,,,,,,,,,,,,,False
Sylas Maiava-Alaimalo,215956,FB,AIR FORCE,3,48.0,0,101,65.1,,56.1,0,0,0,0.0,0.0,,1,0,0,12,0,0,0,25,0,12,0,0,12,6,,,,,,,,,,,,,,,,,,,,,,,,,,,False
Daune Morris,199973,HB,TENNESSEE,4,13.5,1,307,75.7,46.2,58.8,0,0,9,18.8,18.8,100.0,1,0,0,12,0,0,0,89,9,48,0,0,3,0,,,,,,,,,,,,,,,,,,,,,,,,,,,False
Cole Anderson,215991,G,AIR FORCE,1,100.0,0,101,69.9,70.3,69.0,0,0,1,100.0,100.0,100.0,0,0,0,12,0,0,0,12,1,1,12,0,11,0,,,,,,,,,,,,,,,,,,,,,,,,,,,False
Darrien Jones,125156,HB,UNLV,3,40.0,0,325,50.8,76.7,55.5,0,0,5,33.3,33.3,100.0,0,0,0,12,0,0,0,30,5,15,0,0,7,0,,,,,,,,,,,,,,,,,,,,,,,,,,,False
Colton Hinton,172651,WR,COAST CAR,4,15.0,0,141,76.4,,56.4,0,0,0,0.0,0.0,,0,0,0,12,0,0,0,80,0,68,0,0,12,0,,,,,,,,,,,,,,,,,,,,,,,,,,,False
Khamill Pruitt,224054,WR,TCU,3,41.4,0,305,52.9,,60.0,0,0,0,0.0,0.0,,0,0,0,12,0,0,0,29,0,17,0,0,12,0,,,,,,,,,,,,,,,,,,,,,,,,,,,False
Marcus Roser,172725,T,AIR FORCE,1,100.0,0,101,75.1,71.4,73.6,0,0,1,100.0,100.0,100.0,0,0,0,12,0,0,12,12,1,1,0,0,11,0,,,,,,,,,,,,,,,,,,,,,,,,,,,False
A.J. Pugliano,184861,TE,OREGON,2,85.7,0,264,70.4,64.5,72.2,0,0,1,33.3,33.3,100.0,0,0,0,12,0,0,0,14,1,3,0,0,11,13,,,,,,,,,,,,,,,,,,,,,,,,,,,False
Gabriel Motschenbacher,199815,QB,NEW MEXICO,2,100.0,0,241,60.9,,60.0,0,0,0,,,,0,0,0,12,0,0,0,12,0,0,0,0,12,0,,,,,,,,,,,,,,,,,,,,,,,,,,,False
Treyaun Webb,174268,HB,APP STATE,4,23.5,0,108,71.8,79.5,58.1,0,0,7,26.9,25.9,100.0,0,0,0,12,0,0,0,51,7,27,0,0,5,0,,,,,,,,,,,,,,,,,,,,,,,,,,,False
TJ Johnson,173181,TE,MEMPHIS,1,100.0,0,218,62.7,,62.9,0,0,0,,,,0,0,0,12,0,0,0,12,0,0,0,0,12,4,,,,,,,,,,,,,,,,,,,,,,,,,,,False
Stephen Meitz,198905,G,MO STATE,1,100.0,0,230,75.4,74.3,74.3,0,0,2,100.0,100.0,100.0,0,0,0,12,0,0,0,12,2,2,12,0,10,0,,,,,,,,,,,,,,,,,,,,,,,,,,,False
Jerrick Gibson,184509,HB,PURDUE,4,27.3,0,273,61.2,16.5,60.0,0,2,10,41.7,40.0,80.0,0,3,1,12,0,0,0,44,10,25,0,0,2,0,,,,,,,,,,,,,,,,,,,,,,,,,,,False
Christian Clark,184505,HB,S CAROLINA,4,25.0,0,289,64.0,12.3,76.5,0,1,7,24.1,23.3,92.9,0,1,0,12,0,0,0,48,7,30,0,0,5,0,,,,,,,,,,,,,,,,,,,,,,,,,,,False
Dylan Mesman,190592,TE,LOUISVILLE,3,92.3,0,210,60.6,71.9,60.2,0,0,3,75.0,75.0,100.0,0,0,0,12,0,0,0,13,3,4,0,0,9,8,,,,,,,,,,,,,,,,,,,,,,,,,,,False
Jimmy Williams III,190597,G,LOUISVILLE,1,100.0,0,210,54.6,74.5,53.0,0,0,4,100.0,100.0,100.0,0,0,0,12,0,12,0,12,4,4,0,0,8,0,,,,,,,,,,,,,,,,,,,,,,,,,,,False
Wyatt Herbel,199716,TE,HOUSTON,1,100.0,0,182,88.6,,83.4,0,0,0,,,,0,0,0,12,0,0,0,12,0,0,0,0,12,9,,,,,,,,,,,,,,,,,,,,,,,,,,,False
Glen Weber,217067,TE,N ILLINOIS,2,40.0,0,254,46.3,65.4,35.0,0,0,1,5.6,5.3,100.0,0,0,0,12,0,0,0,30,1,19,0,0,11,13,,,,,,,,,,,,,,,,,,,,,,,,,,,False
Sterling Lockett,157758,WR,KANSAS ST,2,92.3,0,199,66.9,,80.5,0,0,0,0.0,0.0,,0,0,0,12,0,0,0,13,0,1,0,0,12,0,,,,,,,,,,,,,,,,,,,,,,,,,,,False
John Gores,162203,WR,N DAK ST,3,75.0,0,250,57.7,,59.8,0,0,0,0.0,0.0,,0,0,0,12,0,0,0,16,0,4,0,0,12,0,,,,,,,,,,,,,,,,,,,,,,,,,,,False
De'Carlos Young,199282,HB,TEMPLE,2,38.7,0,306,69.2,21.8,66.0,0,0,3,27.3,27.3,100.0,0,0,0,12,0,0,0,31,3,11,0,0,9,0,,,,,,,,,,,,,,,,,,,,,,,,,,,False
Devin Ingram,192137,HB,KENNESAW,2,60.0,0,200,62.0,77.4,58.6,0,0,6,66.7,66.7,100.0,0,0,0,12,0,0,0,20,6,9,0,0,6,0,,,,,,,,,,,,,,,,,,,,,,,,,,,False
William Dixon III,160903,G,MO STATE,1,100.0,0,230,53.5,74.3,52.7,0,0,2,100.0,100.0,100.0,0,0,0,12,0,12,0,12,2,2,0,0,10,0,,,,,,,,,,,,,,,,,,,,,,,,,,,False
Tucker Holloway,157640,WR,FAU,4,52.2,0,165,71.0,,61.7,0,0,0,0.0,0.0,,0,0,0,12,0,0,0,23,0,11,0,0,12,0,,,,,,,,,,,,,,,,,,,,,,,,,,,False
Jordan Anderson,158194,HB,ILLINOIS,4,50.0,0,187,66.0,40.0,58.6,0,0,6,60.0,66.7,100.0,0,0,0,12,0,0,0,24,8,12,0,0,4,0,,,,,,,,,,,,,,,,,,,,,,,,,,,False
Isaiah Montgomery,162771,G,PITTSBURGH,1,100.0,0,268,63.5,32.8,66.7,0,1,7,100.0,100.0,92.9,0,1,0,12,0,0,0,12,7,7,12,0,5,0,,,,,,,,,,,,,,,,,,,,,,,,,,,False
Terrence Brown,207943,HB,MIDDLE TN,3,17.1,0,224,76.2,66.9,44.2,0,0,7,14.3,15.7,100.0,0,0,0,12,0,0,0,70,8,51,0,0,4,1,,,,,,,,,,,,,,,,,,,,,,,,,,,False
Shawn Purcell,175513,WR,RUTGERS,1,92.3,0,278,58.6,,59.6,0,0,0,0.0,0.0,,0,0,0,12,0,0,0,13,0,1,0,0,12,0,,,,,,,,,,,,,,,,,,,,,,,,,,,False
Jaxon Dunn,193098,G,KENT STATE,1,100.0,0,201,60.4,79.0,57.4,0,0,7,100.0,100.0,100.0,0,0,0,12,0,0,0,12,8,8,12,0,4,0,,,,,,,,,,,,,,,,,,,,,,,,,,,False
Jakai Anderson,213727,WR,SMU,2,36.4,0,287,53.6,,55.9,0,0,0,0.0,0.0,,0,0,0,12,0,0,0,33,0,21,0,0,12,1,,,,,,,,,,,,,,,,,,,,,,,,,,,False
Terrell Kim,183746,C,ARIZONA ST,2,100.0,0,110,67.1,73.4,65.4,0,0,3,100.0,100.0,100.0,0,0,0,12,11,0,0,12,3,3,0,0,9,0,,,,,,,,,,,,,,,,,,,,,,,,,,,False
Wyatt Hook,190322,TE,AKRON,3,60.0,0,102,53.7,,57.0,0,0,0,0.0,0.0,,0,0,0,12,0,0,0,20,0,8,0,0,12,13,,,,,,,,,,,,,,,,,,,,,,,,,,,False
Samari Reed,205079,WR,OLE MISS,4,34.3,0,226,56.0,,54.8,0,0,0,0.0,0.0,,0,0,0,12,0,0,0,35,0,23,0,0,12,1,,,,,,,,,,,,,,,,,,,,,,,,,,,False
Jordan Jensen,213970,C,KANSAS ST,1,100.0,0,199,72.0,70.3,69.9,0,0,1,100.0,100.0,100.0,0,0,0,11,10,0,0,11,1,1,0,0,10,0,,,,,,,,,,,,,,,,,,,,,,,,,,,False
Braeden Robinson,218348,WR,HOUSTON,1,91.7,0,182,58.8,,60.3,0,0,0,,,,0,0,0,11,0,0,0,12,0,0,0,0,11,0,,,,,,,,,,,,,,,,,,,,,,,,,,,False
Jaivion Martin,213825,TE,HOUSTON,1,100.0,0,182,54.0,,50.5,0,0,0,,,,0,0,0,11,0,0,0,11,0,0,0,0,11,3,,,,,,,,,,,,,,,,,,,,,,,,,,,False
Ethan Fields,172514,G,ALABAMA,3,100.0,0,103,72.5,76.0,71.8,0,0,3,100.0,100.0,100.0,0,0,0,11,0,1,0,11,3,3,10,0,8,0,,,,,,,,,,,,,,,,,,,,,,,,,,,False
Ryan Mosley,217079,WR,GEORGIA,2,57.9,0,173,54.3,,60.9,0,0,0,0.0,0.0,,0,0,0,11,0,0,0,19,0,8,0,0,11,0,,,,,,,,,,,,,,,,,,,,,,,,,,,False
Nathan McNeil,198550,HB,IOWA,3,18.6,0,192,69.6,16.7,58.5,0,1,7,21.9,20.6,92.9,0,1,0,11,0,0,0,59,7,34,0,0,4,0,,,,,,,,,,,,,,,,,,,,,,,,,,,False
Dominic Henning,215977,TE,AIR FORCE,2,84.6,0,101,54.5,,57.0,0,0,0,0.0,0.0,,0,0,0,11,0,0,0,13,0,2,0,0,11,9,,,,,,,,,,,,,,,,,,,,,,,,,,,False
Phillip Folmar,204738,WR,BUFFALO,3,30.6,0,126,54.0,,61.4,0,0,0,0.0,0.0,,0,0,0,11,0,0,0,36,0,25,0,0,11,0,,,,,,,,,,,,,,,,,,,,,,,,,,,False
Trevor Ladd,189720,WR,VIRGINIA,1,84.6,0,335,42.6,,56.5,0,0,0,0.0,0.0,,0,0,0,11,0,0,0,13,0,2,0,0,11,0,,,,,,,,,,,,,,,,,,,,,,,,,,,False
Caleb Cunningham,205066,WR,OLE MISS,2,31.4,0,226,75.7,,58.5,0,0,0,0.0,0.0,,1,0,0,11,0,0,0,35,0,24,0,0,11,0,,,,,,,,,,,,,,,,,,,,,,,,,,,False
James Madison II,190222,WR,UTSA,4,45.8,0,331,63.0,,75.0,0,0,0,0.0,0.0,,0,0,0,11,0,0,0,24,0,13,0,0,11,0,,,,,,,,,,,,,,,,,,,,,,,,,,,False
Brycen Dorsey,205110,WR,MO STATE,1,91.7,0,230,60.4,,62.3,0,0,0,0.0,0.0,,0,0,0,11,0,0,0,12,0,1,0,0,11,0,,,,,,,,,,,,,,,,,,,,,,,,,,,False
AJ Bianco,158232,QB,NEVADA,2,27.5,0,239,71.3,,60.0,0,0,0,0.0,0.0,,1,0,0,11,0,0,0,40,0,26,0,0,11,0,,,,,,,,,,,,,,,,,,,,,,,,,,,False
Liam Russo,205286,TE,N ILLINOIS,1,73.3,0,254,65.0,44.9,51.3,0,1,5,55.6,60.0,90.0,0,1,0,11,0,0,0,15,6,10,0,0,5,13,,,,,,,,,,,,,,,,,,,,,,,,,,,False
Kade Eldridge,176636,TE,WASHINGTON,4,50.0,0,340,51.2,72.6,42.6,0,0,2,18.2,18.2,100.0,0,0,0,11,0,0,0,22,2,11,0,0,9,5,,,,,,,,,,,,,,,,,,,,,,,,,,,False
Jason Patterson,184636,HB,KENTUCKY,4,13.4,0,202,84.7,41.1,59.4,0,0,8,21.6,21.1,87.5,0,1,1,11,0,0,0,82,8,38,0,0,3,0,,,,,,,,,,,,,,,,,,,,,,,,,,,False
Lazaro Rogers,205284,HB,MIAMI OH,4,30.6,0,221,75.1,63.4,59.3,0,0,9,60.0,60.0,100.0,0,0,0,11,0,0,0,36,9,15,0,0,2,0,,,,,,,,,,,,,,,,,,,,,,,,,,,False
Makai Saina,190354,G,PURDUE,1,100.0,0,273,40.3,0.0,59.2,0,1,7,100.0,100.0,92.9,0,1,0,11,0,0,0,11,8,8,11,0,3,0,,,,,,,,,,,,,,,,,,,,,,,,,,,False
Travis Brown-Miller,197639,G,SYRACUSE,1,100.0,0,304,73.0,34.2,74.2,0,0,3,100.0,100.0,100.0,0,0,0,11,0,11,0,11,3,3,0,0,8,0,,,,,,,,,,,,,,,,,,,,,,,,,,,False
Trez Davis,215071,WR,WASHINGTON,4,28.9,0,340,62.7,,55.0,0,0,0,0.0,0.0,,0,0,0,11,0,0,0,38,0,27,0,0,11,0,,,,,,,,,,,,,,,,,,,,,,,,,,,False
Isaiah Mozee,199811,HB,NEBRASKA,4,17.2,0,238,72.1,76.7,70.6,0,0,4,16.7,15.4,100.0,0,0,0,11,0,0,0,64,4,26,0,0,7,0,,,,,,,,,,,,,,,,,,,,,,,,,,,False
Houston Ka'aha'aina-Torres,199796,C,MICHIGAN,1,100.0,0,222,60.3,73.4,59.4,0,0,2,100.0,100.0,100.0,0,0,0,11,11,0,0,11,2,2,0,0,9,0,,,,,,,,,,,,,,,,,,,,,,,,,,,False
Jacob Knuth,157493,QB,KANSAS ST,2,68.8,0,199,78.0,,60.0,0,0,0,0.0,0.0,,0,0,0,11,0,0,0,16,0,1,0,0,11,0,,,,,,,,,,,,,,,,,,,,,,,,,,,False
Kenyon Shabazz,214723,WR,SACRAMENTO,4,33.3,0,279,64.5,,61.8,0,0,0,0.0,0.0,,0,0,0,11,0,0,0,33,0,22,0,0,11,0,,,,,,,,,,,,,,,,,,,,,,,,,,,False
Markus Dixon,170006,TE,OREGON,4,78.6,0,264,62.7,65.5,70.0,0,0,1,25.0,25.0,100.0,0,0,0,11,0,0,1,14,1,4,0,0,10,8,,,,,,,,,,,,,,,,,,,,,,,,,,,False
Ezell Jolly,175641,HB,ARK STATE,4,23.4,0,113,72.8,47.2,60.0,0,1,8,32.0,34.6,93.7,0,1,0,11,0,0,0,47,9,26,0,0,2,0,,,,,,,,,,,,,,,,,,,,,,,,,,,False
Broderick Redden,199454,TE,UTAH,2,100.0,0,328,74.4,,75.1,0,0,0,,,,0,0,0,11,0,0,0,11,0,0,0,0,11,9,,,,,,,,,,,,,,,,,,,,,,,,,,,False
Gavin Hoffman,183518,TE,MISSOURI,1,73.3,0,229,70.1,65.6,79.2,0,0,1,20.0,20.0,100.0,0,0,0,11,0,0,0,15,1,5,0,0,10,10,,,,,,,,,,,,,,,,,,,,,,,,,,,False
Zach Rice,156350,G,SYRACUSE,1,100.0,0,304,59.9,74.8,58.8,0,0,3,100.0,100.0,100.0,0,0,0,11,0,0,0,11,3,3,11,0,8,0,,,,,,,,,,,,,,,,,,,,,,,,,,,False
Carter Sareyka,188765,G,DELAWARE,1,100.0,0,151,65.5,78.8,63.4,0,0,6,100.0,100.0,100.0,0,0,0,11,0,0,0,11,6,6,11,0,5,0,,,,,,,,,,,,,,,,,,,,,,,,,,,False
Arthur Ban,188809,TE,ARIZONA,2,78.6,0,109,64.6,70.0,68.0,0,0,3,50.0,50.0,100.0,0,0,0,11,0,0,0,14,3,6,0,0,8,12,,,,,,,,,,,,,,,,,,,,,,,,,,,False
Jaden Allen,149305,TE,C MICHIGAN,2,45.8,0,134,45.5,70.3,38.3,0,0,5,27.8,27.8,100.0,0,0,0,11,0,0,0,24,5,18,0,0,6,20,,,,,,,,,,,,,,,,,,,,,,,,,,,False
Kalib Hicks,173701,HB,W KENTUCKY,3,33.3,0,346,68.6,0.0,67.3,0,1,4,21.1,21.1,87.5,0,1,0,11,0,0,0,33,4,19,0,0,7,0,,,,,,,,,,,,,,,,,,,,,,,,,,,False
Sean Ashenfelder,199125,QB,RUTGERS,1,84.6,0,278,63.5,,60.0,0,0,0,0.0,0.0,,0,0,0,11,0,0,0,13,0,1,0,0,11,0,,,,,,,,,,,,,,,,,,,,,,,,,,,False
Phillip Wright III,199753,WR,LSU,2,39.3,0,211,72.5,,60.9,0,0,0,0.0,0.0,,0,0,0,11,0,0,0,28,0,16,0,0,11,0,,,,,,,,,,,,,,,,,,,,,,,,,,,False
Dylan Kinney,165690,G,TCU,2,100.0,0,305,73.3,67.3,74.9,0,0,1,100.0,100.0,100.0,0,0,0,11,0,0,0,11,1,1,10,0,10,0,,,,,,,,,,,,,,,,,,,,,,,,,,,False
Sean Terrell,199717,G,HOUSTON,1,100.0,0,182,77.0,,75.8,0,0,0,,,,0,0,0,11,0,11,0,11,0,0,0,0,11,0,,,,,,,,,,,,,,,,,,,,,,,,,,,False
Mark Hamper,175085,WR,CAL,2,44.0,0,130,69.0,,61.6,0,0,0,0.0,0.0,,0,0,0,11,0,0,0,25,0,14,0,0,11,0,,,,,,,,,,,,,,,,,,,,,,,,,,,False
Casey Poe,184545,C,ALABAMA,3,100.0,0,103,67.5,74.3,65.9,0,0,3,100.0,100.0,100.0,0,0,0,11,11,0,0,11,3,3,0,0,8,0,,,,,,,,,,,,,,,,,,,,,,,,,,,False
Sawyer Anderson,198105,QB,ARIZONA,2,36.7,0,109,57.5,,60.0,0,0,0,0.0,0.0,,1,0,0,11,0,0,0,30,0,15,0,0,11,0,,,,,,,,,,,,,,,,,,,,,,,,,,,False
Quinten Joyner,174151,HB,TEXAS TECH,4,22.0,0,315,67.3,78.6,57.0,0,0,5,27.8,26.3,100.0,1,0,0,11,0,0,0,50,5,19,0,0,6,0,,,,,,,,,,,,,,,,,,,,,,,,,,,False
Joseph Saffold,215316,WR,BOWL GREEN,3,45.8,0,122,53.6,,56.4,0,0,0,0.0,0.0,,0,0,0,11,0,0,0,24,0,13,0,0,11,0,,,,,,,,,,,,,,,,,,,,,,,,,,,False
Dallan Hayden,162865,HB,MEMPHIS,3,33.3,0,218,77.1,75.5,58.3,0,0,6,60.0,60.0,100.0,0,0,0,11,0,0,0,33,6,10,0,0,5,0,,,,,,,,,,,,,,,,,,,,,,,,,,,False
Kortez Winslow,178988,T,FAU,1,100.0,0,165,78.8,73.3,79.3,0,0,4,100.0,100.0,100.0,0,0,0,11,0,0,0,11,4,4,0,11,7,0,,,,,,,,,,,,,,,,,,,,,,,,,,,False
Derrick McFall,183252,HB,SMU,4,37.9,0,287,70.8,79.1,59.6,0,0,9,47.4,45.0,100.0,0,0,0,11,0,0,0,29,9,20,0,0,2,0,,,,,,,,,,,,,,,,,,,,,,,,,,,False
A'Marion Peterson,174165,HB,UTSA,4,22.9,0,331,92.4,80.6,60.0,0,0,6,30.0,31.8,100.0,0,0,0,11,0,0,0,48,7,22,0,0,4,0,,,,,,,,,,,,,,,,,,,,,,,,,,,False
Tyler Cherry,183673,QB,INDIANA,1,78.6,0,190,51.7,,60.0,0,0,0,0.0,0.0,,0,0,0,11,0,0,0,14,0,3,0,0,11,0,,,,,,,,,,,,,,,,,,,,,,,,,,,False
Charly Mullaly,177388,WR,S CAROLINA,2,84.6,0,289,58.3,,60.4,0,0,0,0.0,0.0,,0,0,0,11,0,0,0,13,0,2,0,0,11,0,,,,,,,,,,,,,,,,,,,,,,,,,,,False
Will Wilson,198972,QB,NC STATE,4,22.0,0,248,82.3,,60.0,0,0,0,0.0,0.0,,0,0,0,11,0,0,0,50,0,16,0,0,11,0,,,,,,,,,,,,,,,,,,,,,,,,,,,False
Cash Semonza,199363,WR,TULANE,4,22.0,0,319,63.7,,61.0,0,0,0,0.0,0.0,,0,0,0,11,0,0,0,50,0,39,0,0,11,0,,,,,,,,,,,,,,,,,,,,,,,,,,,False
Cole Geer,200287,QB,VIRGINIA,2,45.8,0,335,64.8,,60.0,0,0,0,0.0,0.0,,0,0,0,11,0,0,0,24,0,8,0,0,11,0,,,,,,,,,,,,,,,,,,,,,,,,,,,False
Jabarie Thornton,214146,WR,OKLA STATE,1,68.8,0,262,57.0,,60.3,0,0,0,0.0,0.0,,0,0,0,11,0,0,0,16,0,5,0,0,11,0,,,,,,,,,,,,,,,,,,,,,,,,,,,False
Jayvon Perry,218317,G,GA SOUTHRN,1,100.0,0,174,64.3,78.2,62.4,0,0,6,100.0,100.0,100.0,0,0,0,11,0,11,0,11,6,6,0,0,5,0,,,,,,,,,,,,,,,,,,,,,,,,,,,False
Shandon King,198982,WR,N TEXAS,1,100.0,0,251,60.8,,60.9,0,0,0,,,,0,0,0,11,0,0,0,11,0,0,0,0,11,0,,,,,,,,,,,,,,,,,,,,,,,,,,,False
Irving Brown,199029,HB,OHIO,3,39.3,0,259,71.5,38.6,59.2,0,1,7,50.0,50.0,92.9,0,1,0,11,0,0,0,28,7,14,0,0,4,0,,,,,,,,,,,,,,,,,,,,,,,,,,,False
Dennis Murray Jr.,189969,HB,GA STATE,2,23.4,0,175,75.9,75.3,59.6,0,0,3,15.0,13.6,100.0,0,0,0,11,0,0,0,47,3,22,0,0,8,0,,,,,,,,,,,,,,,,,,,,,,,,,,,False
Troy Foster,217628,WR,COLO STATE,2,44.0,0,144,54.3,,59.8,0,0,0,0.0,0.0,,0,0,0,11,0,0,0,25,0,14,0,0,11,0,,,,,,,,,,,,,,,,,,,,,,,,,,,False
Mike Taylor Jr.,199027,HB,OHIO,3,36.7,0,259,62.0,68.6,60.0,0,1,10,71.4,66.7,95.0,0,1,0,11,0,0,0,30,10,15,0,0,1,0,,,,,,,,,,,,,,,,,,,,,,,,,,,False
Cam Fancher,145266,QB,MICH STATE,4,39.3,0,223,51.0,,60.0,0,0,0,0.0,0.0,,0,0,0,11,0,0,0,28,0,12,0,0,11,0,,,,,,,,,,,,,,,,,,,,,,,,,,,False
Ty Thompson,146568,TE,TULANE,2,28.9,0,319,49.1,67.3,47.0,0,0,1,3.8,3.6,100.0,0,0,0,11,0,0,0,38,1,28,0,0,10,18,,,,,,,,,,,,,,,,,,,,,,,,,,,False
Ayden Pereira,159129,QB,GA STATE,4,45.8,0,175,84.1,,60.0,0,0,0,0.0,0.0,,0,0,0,11,0,0,0,24,0,12,0,0,11,0,,,,,,,,,,,,,,,,,,,,,,,,,,,False
Girard Pringle Jr.,200163,HB,MIAMI FL,4,21.6,0,220,75.2,78.7,60.1,0,0,6,25.0,29.6,100.0,0,0,0,11,0,0,0,51,8,27,0,0,3,0,,,,,,,,,,,,,,,,,,,,,,,,,,,False
Bryson Kuzdzal,176252,HB,MICHIGAN,4,34.4,0,222,59.6,74.4,58.4,0,0,3,23.1,28.6,100.0,0,0,0,11,0,0,0,32,4,14,0,0,7,0,,,,,,,,,,,,,,,,,,,,,,,,,,,False
Kai Holec,188816,T,OKLA STATE,1,100.0,0,262,58.2,,57.8,0,0,0,,,,0,0,0,11,0,0,11,11,0,0,0,0,11,0,,,,,,,,,,,,,,,,,,,,,,,,,,,False
Nathan Leacock,174732,WR,N CAROLINA,2,57.9,0,245,54.5,,61.3,0,0,0,0.0,0.0,,0,0,0,11,0,0,0,19,0,8,0,0,11,0,,,,,,,,,,,,,,,,,,,,,,,,,,,False
Will Hampton,205127,G,NAVY,1,100.0,0,237,56.8,,56.6,0,0,0,,,,0,0,0,11,0,11,0,11,0,0,0,0,11,0,,,,,,,,,,,,,,,,,,,,,,,,,,,False
Rex Haynes,158727,WR,UTAH ST,2,34.4,0,329,55.0,,62.2,0,0,0,0.0,0.0,,1,0,0,11,0,0,0,32,0,21,0,0,11,0,,,,,,,,,,,,,,,,,,,,,,,,,,,False
Anthony Simpson,146244,WR,TOLEDO,1,68.8,0,316,67.0,,59.0,0,0,0,0.0,0.0,,0,0,0,11,0,0,0,16,0,5,0,0,11,0,,,,,,,,,,,,,,,,,,,,,,,,,,,False
Ari Patu,146360,QB,DUKE,2,68.8,0,154,53.6,,56.7,0,0,0,0.0,0.0,,0,0,0,11,0,0,0,16,0,5,0,0,11,11,,,,,,,,,,,,,,,,,,,,,,,,,,,False
Zarian Simms,175265,T,NAVY,1,100.0,0,237,50.8,,51.3,0,0,0,,,,0,0,0,11,0,0,0,11,0,0,0,9,11,2,,,,,,,,,,,,,,,,,,,,,,,,,,,False
Stone Saunders,200141,QB,S DIEGO ST,1,68.8,0,284,74.8,,60.0,0,0,0,0.0,0.0,,0,0,0,11,0,0,0,16,0,4,0,0,11,0,,,,,,,,,,,,,,,,,,,,,,,,,,,False
Jackson Whitacre,185331,TE,DELAWARE,2,52.4,0,151,68.8,,73.7,0,0,0,0.0,0.0,,0,0,0,11,0,0,0,21,0,10,0,0,11,5,,,,,,,,,,,,,,,,,,,,,,,,,,,False
Kaden Strayhorn,198796,G,ALABAMA,3,100.0,0,103,61.3,76.0,60.0,0,0,3,100.0,100.0,100.0,0,0,0,11,0,10,0,11,3,3,1,0,8,0,,,,,,,,,,,,,,,,,,,,,,,,,,,False
Cameron Kossmann,200130,TE,BOSTON COL,2,100.0,0,121,51.5,67.1,49.8,0,0,2,100.0,100.0,100.0,0,0,0,11,0,0,0,11,2,2,0,0,9,10,,,,,,,,,,,,,,,,,,,,,,,,,,,False
Elijah McCoy,205466,HB,UTEP,3,50.0,0,330,63.3,58.4,57.5,0,1,5,41.7,41.7,90.0,0,1,0,11,0,0,0,22,5,12,0,0,6,0,,,,,,,,,,,,,,,,,,,,,,,,,,,False
Grant Ellinger,183286,G,VIRGINIA,1,100.0,0,335,62.7,74.0,61.7,0,0,3,100.0,100.0,100.0,0,0,0,11,0,0,0,11,3,3,11,0,8,0,,,,,,,,,,,,,,,,,,,,,,,,,,,False
Judah Price,176205,HB,MARSHALL,4,37.9,0,214,75.2,77.1,58.6,0,0,2,22.2,33.3,100.0,0,0,0,11,0,0,0,29,4,12,0,0,7,0,,,,,,,,,,,,,,,,,,,,,,,,,,,False
Elias Brown,201626,HB,SACRAMENTO,4,39.3,0,279,68.1,78.7,58.8,0,0,4,33.3,30.8,100.0,0,0,0,11,0,0,0,28,4,13,0,0,7,0,,,,,,,,,,,,,,,,,,,,,,,,,,,False
Maalik Murphy,157302,QB,OREGON ST,1,61.1,0,265,53.2,,60.1,0,0,0,0.0,0.0,,2,0,0,11,0,0,0,18,0,6,0,0,11,1,,,,,,,,,,,,,,,,,,,,,,,,,,,False
Kyion Grayes,156480,WR,CAL,3,40.7,0,130,72.0,,60.7,0,0,0,0.0,0.0,,0,0,0,11,0,0,0,27,0,16,0,0,11,0,,,,,,,,,,,,,,,,,,,,,,,,,,,False
Omar Mims Jr.,205426,WR,TOLEDO,1,91.7,1,316,58.1,,59.0,0,0,0,0.0,0.0,,1,0,0,11,0,0,0,12,0,1,0,0,11,0,,,,,,,,,,,,,,,,,,,,,,,,,,,False
Nick Brooks,199294,T,ALABAMA,3,100.0,0,103,55.2,77.4,51.8,0,0,3,100.0,100.0,100.0,0,0,0,11,0,0,11,11,3,3,0,0,8,0,,,,,,,,,,,,,,,,,,,,,,,,,,,False
William Mayes,215038,TE,LA TECH,1,78.6,0,208,40.4,,39.2,0,0,0,0.0,0.0,,0,0,0,11,0,0,0,14,0,3,0,0,11,11,,,,,,,,,,,,,,,,,,,,,,,,,,,False
Thomas Wadsworth,158456,TE,UCF,1,91.7,0,323,70.1,67.4,81.5,0,0,1,100.0,50.0,100.0,1,0,0,11,0,0,0,12,1,2,0,0,10,10,,,,,,,,,,,,,,,,,,,,,,,,,,,False
Drew Hall,189489,TE,NAVY,1,100.0,0,237,53.8,,54.4,0,0,0,,,,0,0,0,11,0,0,1,11,0,0,0,2,11,8,,,,,,,,,,,,,,,,,,,,,,,,,,,False
Malachi Riley,171866,WR,S JOSE ST,2,45.8,0,285,60.6,,61.2,0,0,0,0.0,0.0,,0,0,0,11,0,0,0,24,0,13,0,0,11,0,,,,,,,,,,,,,,,,,,,,,,,,,,,False
Ke'Lyn Washom,200076,WR,WYOMING,2,64.7,0,351,56.3,,60.1,0,0,0,0.0,0.0,,0,0,0,11,0,0,0,17,0,6,0,0,11,0,,,,,,,,,,,,,,,,,,,,,,,,,,,False
Ka'Maurri Smith,198269,TE,CINCINNATI,4,68.8,0,138,33.5,13.5,49.4,0,0,1,20.0,16.7,100.0,2,0,0,11,0,0,0,16,1,6,0,0,10,13,,,,,,,,,,,,,,,,,,,,,,,,,,,False
Cam Wallace,170302,HB,PENN STATE,4,24.4,0,266,77.4,78.1,57.0,0,0,4,25.0,25.0,100.0,0,0,0,11,0,0,0,45,4,16,0,0,7,0,,,,,,,,,,,,,,,,,,,,,,,,,,,False
Whitt Newbauer,188566,QB,OKLAHOMA,1,78.6,0,261,65.3,,60.0,0,0,0,0.0,0.0,,1,0,0,11,0,0,0,14,0,2,0,0,11,0,,,,,,,,,,,,,,,,,,,,,,,,,,,False
Cam Barfield,162657,HB,HAWAII,2,50.0,0,180,69.4,64.5,60.0,0,1,9,60.0,60.0,94.4,0,1,0,11,0,0,0,22,9,15,0,0,2,0,,,,,,,,,,,,,,,,,,,,,,,,,,,False
Jerquaden Guilford,214648,WR,OHIO STATE,2,52.4,0,260,64.3,,59.9,0,0,0,0.0,0.0,,0,0,0,11,0,0,0,21,0,10,0,0,11,0,,,,,,,,,,,,,,,,,,,,,,,,,,,False
Gabriel Osenda,215588,T,TENNESSEE,2,100.0,0,307,53.8,71.5,51.6,0,0,3,100.0,100.0,100.0,0,0,0,11,0,1,10,11,3,3,0,0,8,0,,,,,,,,,,,,,,,,,,,,,,,,,,,False
Cornell Hatcher Jr.,191215,HB,OREGON ST,4,22.4,0,265,58.8,81.2,60.0,0,0,7,28.0,30.0,100.0,0,0,0,11,0,0,0,49,9,30,0,0,2,0,,,,,,,,,,,,,,,,,,,,,,,,,,,False
Demitrius Bell,170217,WR,NEBRASKA,4,35.5,0,238,54.2,,56.2,0,0,0,0.0,0.0,,1,0,0,11,0,0,0,31,0,20,0,0,11,0,,,,,,,,,,,,,,,,,,,,,,,,,,,False
Dylan Stecker,204055,TE,IOWA,2,78.6,0,192,43.0,66.8,39.6,0,0,1,25.0,25.0,100.0,0,0,0,11,0,0,0,14,1,4,0,0,10,9,,,,,,,,,,,,,,,,,,,,,,,,,,,False
Matthew Auau,221649,WR,SACRAMENTO,1,91.7,0,279,59.4,,60.7,0,0,0,0.0,0.0,,0,0,0,11,0,0,0,12,0,1,0,0,11,0,,,,,,,,,,,,,,,,,,,,,,,,,,,False
Ernest Campbell,191252,WR,COLORADO,4,32.4,0,143,56.8,,34.3,0,0,0,0.0,0.0,,0,0,0,11,0,0,0,34,0,23,0,0,11,0,,,,,,,,,,,,,,,,,,,,,,,,,,,False
Keon Hutchins,213979,WR,W VIRGINIA,2,78.6,0,343,57.9,,61.6,0,0,0,0.0,0.0,,0,0,0,11,0,0,0,14,0,3,0,0,11,0,,,,,,,,,,,,,,,,,,,,,,,,,,,False
Jamarion Morrow,199997,HB,TEXAS A&M,2,25.6,0,312,70.4,48.0,59.2,0,1,8,36.4,36.0,93.7,0,1,0,11,0,0,0,43,9,25,0,0,2,0,,,,,,,,,,,,,,,,,,,,,,,,,,,False
Brady Hart,199994,QB,TEXAS A&M,2,52.4,0,312,42.4,,60.0,0,0,0,0.0,0.0,,0,0,0,11,0,0,0,21,0,9,0,0,11,0,,,,,,,,,,,,,,,,,,,,,,,,,,,False
Connor Heater,189491,T,NAVY,1,100.0,0,237,58.3,,57.9,0,0,0,,,,0,0,0,11,0,0,10,11,0,0,0,0,11,1,,,,,,,,,,,,,,,,,,,,,,,,,,,False
Bryan Jackson II,183621,HB,WISCONSIN,2,33.3,0,349,52.9,21.9,55.3,0,1,4,44.4,44.4,87.5,0,1,0,10,0,0,0,30,4,9,0,0,6,0,,,,,,,,,,,,,,,,,,,,,,,,,,,False
Eagan Boyer,183597,T,FLORIDA,1,100.0,0,163,55.0,14.8,59.9,0,1,4,100.0,100.0,87.5,0,1,0,10,0,0,0,10,4,4,0,10,6,0,,,,,,,,,,,,,,,,,,,,,,,,,,,False
Jake Renda,144034,WR,RICE,2,83.3,0,275,56.5,,55.9,0,0,0,0.0,0.0,,0,0,0,10,0,0,0,12,0,2,0,0,10,3,,,,,,,,,,,,,,,,,,,,,,,,,,,False
Cole Snodgrass,183839,TE,TEXAS ST,2,83.3,0,314,64.5,,69.1,0,0,0,0.0,0.0,,0,0,0,10,0,0,0,12,0,2,0,0,10,7,,,,,,,,,,,,,,,,,,,,,,,,,,,False
Landon Morris,144060,TE,WAKE,3,71.4,0,339,44.2,,43.0,0,0,0,0.0,0.0,,0,0,0,10,0,0,0,14,0,4,0,0,10,13,,,,,,,,,,,,,,,,,,,,,,,,,,,False
Alijah Cason,191890,WR,SM HOUSTON,1,100.0,0,281,60.3,,60.1,0,0,0,,,,0,0,0,10,0,0,0,10,0,0,0,0,10,0,,,,,,,,,,,,,,,,,,,,,,,,,,,False
Ian Flynt,183559,TE,NC STATE,2,100.0,0,248,90.5,67.9,81.3,0,0,2,100.0,100.0,100.0,0,0,0,10,0,0,0,10,2,2,0,0,8,10,,,,,,,,,,,,,,,,,,,,,,,,,,,False
Jordyn Bridgewater,183844,WR,UCF,1,90.9,0,323,59.1,,61.0,0,0,0,0.0,0.0,,0,0,0,10,0,0,0,11,0,1,0,0,10,0,,,,,,,,,,,,,,,,,,,,,,,,,,,False
Ethan Dasmann,191079,G,FRESNO ST,2,100.0,0,169,55.2,75.5,53.8,0,0,3,100.0,100.0,100.0,0,0,0,10,0,0,0,10,3,3,10,0,7,0,,,,,,,,,,,,,,,,,,,,,,,,,,,False
Samuel Padgitt,183889,WR,HOUSTON,1,100.0,0,182,61.0,,61.5,0,0,0,,,,0,0,0,10,0,0,0,10,0,0,0,0,10,0,,,,,,,,,,,,,,,,,,,,,,,,,,,False
Tre Page III,192451,HB,OKLA STATE,3,28.6,0,262,66.2,62.5,60.0,0,0,7,46.7,46.7,100.0,0,0,0,10,0,0,0,35,7,15,0,0,3,0,,,,,,,,,,,,,,,,,,,,,,,,,,,False
Camden Capehart,218404,WR,MISS STATE,1,66.7,0,227,63.1,,59.6,0,0,0,0.0,0.0,,0,0,0,10,0,0,0,15,0,4,0,0,10,0,,,,,,,,,,,,,,,,,,,,,,,,,,,False
Bryce Dorsey,193162,WR,MEMPHIS,1,100.0,0,218,61.1,,61.8,0,0,0,,,,0,0,0,10,0,0,0,10,0,0,0,0,10,0,,,,,,,,,,,,,,,,,,,,,,,,,,,False
Brady Tillman III,181175,HB,FAU,4,16.7,0,165,59.3,84.5,60.0,0,0,9,24.3,23.1,100.0,0,0,0,10,0,0,0,60,9,39,0,0,1,0,,,,,,,,,,,,,,,,,,,,,,,,,,,False
Keon Davis,194581,WR,KENNESAW,4,47.6,0,200,74.1,,81.5,0,0,0,0.0,0.0,,0,0,0,10,0,0,0,21,0,11,0,0,10,0,,,,,,,,,,,,,,,,,,,,,,,,,,,False
Tyreek Robinson,189539,WR,PITTSBURGH,2,37.0,0,268,80.4,,58.9,0,0,0,0.0,0.0,,0,0,0,10,0,0,0,27,0,16,0,0,10,0,,,,,,,,,,,,,,,,,,,,,,,,,,,False
Amari Odom,178686,QB,SYRACUSE,2,40.0,0,304,72.6,,60.0,0,0,0,0.0,0.0,,0,0,0,10,0,0,0,25,0,13,0,0,10,0,,,,,,,,,,,,,,,,,,,,,,,,,,,False
Eli Hohlt,184010,WR,BALL ST,3,52.6,0,117,58.6,,76.5,0,0,0,0.0,0.0,,0,0,0,10,0,0,0,19,0,9,0,0,10,1,,,,,,,,,,,,,,,,,,,,,,,,,,,False
Kaleb Annett,190985,QB,UCF,1,76.9,0,323,53.3,,60.0,0,0,0,,0.0,,1,0,0,10,0,0,0,13,0,1,0,0,10,0,,,,,,,,,,,,,,,,,,,,,,,,,,,False
Keith Jones Jr.,189230,WR,PENN STATE,1,83.3,0,266,58.0,,59.8,0,0,0,0.0,0.0,,0,0,0,10,0,0,0,12,0,2,0,0,10,0,,,,,,,,,,,,,,,,,,,,,,,,,,,False
Blaze Kamoku,184169,WR,HAWAII,4,16.4,0,180,57.6,,60.2,0,0,0,0.0,0.0,,0,0,0,10,0,0,0,61,0,51,0,0,10,0,,,,,,,,,,,,,,,,,,,,,,,,,,,False
Peter Langi,217212,G,OREGON ST,1,100.0,0,265,61.3,75.3,59.9,0,0,1,100.0,100.0,100.0,0,0,0,10,0,0,0,10,3,3,9,1,7,0,,,,,,,,,,,,,,,,,,,,,,,,,,,False
Jamon Lee Jr.,217144,G,LA TECH,1,100.0,0,208,59.7,75.1,58.4,0,0,2,100.0,100.0,100.0,0,0,0,10,0,0,0,10,3,3,10,0,7,0,,,,,,,,,,,,,,,,,,,,,,,,,,,False
Griffin Reimer,176002,TE,W KENTUCKY,3,66.7,0,346,59.8,66.4,67.6,0,0,2,28.6,28.6,100.0,0,0,0,10,0,0,0,15,2,7,0,0,8,13,,,,,,,,,,,,,,,,,,,,,,,,,,,False
Dylan Nolan-Cook,217050,T,CHARLOTTE,2,100.0,0,136,44.6,0.0,56.6,0,0,3,100.0,100.0,100.0,0,0,0,10,0,0,0,10,3,3,0,10,7,0,,,,,,,,,,,,,,,,,,,,,,,,,,,False
AJ Hill,198754,QB,ARKANSAS,3,21.3,0,111,59.2,,60.0,0,0,0,0.0,0.0,,0,0,0,10,0,0,0,47,0,36,0,0,10,0,,,,,,,,,,,,,,,,,,,,,,,,,,,False
Keaton Reinke,216978,WR,NWESTERN,1,100.0,0,256,60.8,,61.0,0,0,0,,,,0,0,0,10,0,0,0,10,0,0,0,0,10,0,,,,,,,,,,,,,,,,,,,,,,,,,,,False
Koa Eldredge,175019,WR,HAWAII,4,23.8,0,180,45.6,,58.0,0,0,0,0.0,0.0,,0,0,0,10,0,0,0,42,0,32,0,0,10,0,,,,,,,,,,,,,,,,,,,,,,,,,,,False
Danny Stevens,175005,G,APP STATE,1,100.0,0,108,53.8,9.6,57.6,0,0,5,100.0,100.0,100.0,0,0,0,10,0,10,0,10,5,5,0,0,5,0,,,,,,,,,,,,,,,,,,,,,,,,,,,False
Amare Whetsell,198899,WR,MO STATE,2,90.9,0,230,60.1,,61.7,0,0,0,0.0,0.0,,0,0,0,10,0,0,0,11,0,1,0,0,10,0,,,,,,,,,,,,,,,,,,,,,,,,,,,False
Kaina Watson,220568,WR,UTAH ST,4,30.3,0,329,58.5,61.9,60.7,0,0,1,4.3,4.2,100.0,0,0,0,10,0,0,0,33,1,24,0,0,9,0,,,,,,,,,,,,,,,,,,,,,,,,,,,False
Dube Enongene,199005,WR,NWESTERN,1,100.0,0,256,60.9,,61.2,0,0,0,,,,0,0,0,10,0,0,0,10,0,0,0,0,10,0,,,,,,,,,,,,,,,,,,,,,,,,,,,False
Carson Hansen,174669,HB,PENN STATE,4,12.2,0,266,66.1,58.0,57.6,0,0,5,13.2,15.4,100.0,0,0,0,10,0,0,0,82,6,39,0,0,4,0,,,,,,,,,,,,,,,,,,,,,,,,,,,False
Kai Pritchard,216896,T,ILLINOIS,1,100.0,0,187,68.6,5.8,74.4,0,0,2,100.0,100.0,100.0,0,0,0,10,0,4,6,10,3,3,0,0,7,0,,,,,,,,,,,,,,,,,,,,,,,,,,,False
Ben Rothhaar,199129,TE,RUTGERS,2,28.6,0,278,55.9,,56.6,0,0,0,0.0,0.0,,0,0,0,10,0,0,0,35,0,25,0,0,10,30,,,,,,,,,,,,,,,,,,,,,,,,,,,False
Tama Amisone,199154,WR,S JOSE ST,2,50.0,0,285,44.6,,60.1,0,0,0,0.0,0.0,,0,0,0,10,0,0,0,20,0,10,0,0,10,0,,,,,,,,,,,,,,,,,,,,,,,,,,,False
Trace Johnson,216332,QB,TULANE,1,58.8,0,319,68.9,,60.0,0,0,0,0.0,0.0,,0,0,0,10,0,0,0,17,0,5,0,0,10,0,,,,,,,,,,,,,,,,,,,,,,,,,,,False
Drew Hill,199174,G,SMU,1,100.0,0,287,58.1,75.8,66.8,0,0,5,100.0,100.0,100.0,1,0,0,10,3,7,0,10,6,6,0,0,4,0,,,,,,,,,,,,,,,,,,,,,,,,,,,False
Jon Denman,199271,HB,TCU,3,27.8,0,305,66.3,77.7,59.1,0,0,7,41.2,41.2,100.0,0,0,0,10,0,0,0,36,7,17,0,0,3,0,,,,,,,,,,,,,,,,,,,,,,,,,,,False
Jayden Limar,174130,HB,WASHINGTON,1,24.4,0,340,70.0,59.8,60.0,0,0,8,30.8,29.6,100.0,0,0,0,10,0,0,0,41,8,27,0,0,2,0,,,,,,,,,,,,,,,,,,,,,,,,,,,False
Jalen Macon,153929,QB,N ILLINOIS,3,27.0,0,254,37.0,,60.0,0,0,0,0.0,0.0,,0,0,0,10,0,0,0,37,0,24,0,0,10,1,,,,,,,,,,,,,,,,,,,,,,,,,,,False
Javin Gordon,199370,HB,TENNESSEE,2,23.8,0,307,72.4,78.9,67.6,0,0,6,33.3,36.8,100.0,0,0,0,10,0,0,0,42,7,19,0,0,3,0,,,,,,,,,,,,,,,,,,,,,,,,,,,False
Cameron Roberts,199377,TE,TULANE,2,38.5,0,319,42.8,,58.3,0,0,0,0.0,0.0,,0,0,0,10,0,0,0,26,0,16,0,0,10,20,,,,,,,,,,,,,,,,,,,,,,,,,,,False
Kyson Van Vugt,156427,T,FRESNO ST,2,100.0,0,169,53.1,75.5,49.2,0,0,3,100.0,100.0,100.0,0,0,0,10,0,0,3,10,4,4,0,7,6,0,,,,,,,,,,,,,,,,,,,,,,,,,,,False
Brock Lium,173515,TE,FRESNO ST,3,90.9,0,169,49.3,18.7,57.4,1,0,1,50.0,50.0,50.0,0,1,0,10,0,0,0,11,1,2,0,0,9,9,,,,,,,,,,,,,,,,,,,,,,,,,,,False
Andrew Dennis,190318,G,MICH STATE,1,100.0,0,223,66.9,69.7,66.2,0,0,2,100.0,100.0,100.0,0,0,0,10,0,0,0,10,2,2,10,0,8,0,,,,,,,,,,,,,,,,,,,,,,,,,,,False
Darius Taylor,173422,HB,MINNESOTA,3,13.7,0,225,76.9,67.8,60.0,0,0,8,25.0,27.3,100.0,0,0,0,10,0,0,0,73,9,33,0,0,1,0,,,,,,,,,,,,,,,,,,,,,,,,,,,False
Logan Brooking,199635,TE,CLEMSON,3,76.9,0,140,61.7,64.4,66.7,0,0,0,0.0,25.0,,0,0,0,10,0,0,0,13,1,4,0,0,9,10,,,,,,,,,,,,,,,,,,,,,,,,,,,False
Max Shikenjanski,173421,QB,MINNESOTA,2,62.5,0,225,67.4,,60.0,0,0,0,0.0,0.0,,0,0,0,10,0,0,0,16,0,3,0,0,10,0,,,,,,,,,,,,,,,,,,,,,,,,,,,False
Andre Roye Jr.,156451,T,COLORADO,2,100.0,0,143,57.5,75.5,55.1,0,0,3,100.0,100.0,100.0,0,0,0,10,0,0,0,10,3,3,0,4,7,6,,,,,,,,,,,,,,,,,,,,,,,,,,,False
Jacob Simpson,184730,TE,MINNESOTA,3,32.3,0,225,46.9,68.0,43.1,0,0,2,8.7,8.7,100.0,0,0,0,10,0,0,0,31,2,23,0,0,8,15,,,,,,,,,,,,,,,,,,,,,,,,,,,False
Jackson Stoner,220587,TE,UTEP,2,58.8,0,330,55.2,,52.1,0,0,0,0.0,0.0,,0,0,0,10,0,0,0,17,0,7,0,0,10,5,,,,,,,,,,,,,,,,,,,,,,,,,,,False
Braydon Bennett,122318,HB,E MICHIGAN,5,11.6,0,160,73.1,64.6,47.3,0,0,8,17.0,17.6,100.0,0,0,0,10,0,0,0,86,9,51,0,0,1,0,,,,,,,,,,,,,,,,,,,,,,,,,,,False
Elijah Burress,199836,WR,NOTRE DAME,1,47.6,0,258,69.3,,58.9,0,0,0,0.0,0.0,,0,0,0,10,0,0,0,21,0,11,0,0,10,0,,,,,,,,,,,,,,,,,,,,,,,,,,,False
Nolan James Jr.,199837,HB,NOTRE DAME,4,11.0,0,258,81.1,78.7,59.1,0,0,6,15.0,16.7,100.0,0,0,0,10,0,0,0,91,7,42,0,0,3,0,,,,,,,,,,,,,,,,,,,,,,,,,,,False
Tavien St. Clair,199863,QB,OHIO STATE,2,52.6,0,260,67.1,,60.0,0,0,0,0.0,0.0,,0,0,0,10,0,0,0,19,0,9,0,0,10,0,,,,,,,,,,,,,,,,,,,,,,,,,,,False
Jeremiah Ponce,221644,C,SACRAMENTO,1,100.0,0,279,61.6,71.2,60.8,0,0,1,100.0,100.0,100.0,0,0,0,10,7,3,0,10,1,1,0,0,9,0,,,,,,,,,,,,,,,,,,,,,,,,,,,False
Jeff Exinor Jr.,199912,WR,VA TECH,2,52.6,0,337,58.8,,77.4,0,0,0,0.0,0.0,,0,0,0,10,0,0,0,19,0,9,0,0,10,0,,,,,,,,,,,,,,,,,,,,,,,,,,,False
Jordon Gidron,199955,WR,S CAROLINA,2,83.3,0,289,65.2,,80.5,0,0,0,0.0,0.0,,0,0,0,10,0,0,0,12,0,2,0,0,10,0,,,,,,,,,,,,,,,,,,,,,,,,,,,False
Monte Harrison,190169,WR,ARKANSAS,4,34.5,0,111,66.3,,55.7,0,0,0,0.0,0.0,,0,0,0,10,0,0,0,29,0,19,0,0,10,4,,,,,,,,,,,,,,,,,,,,,,,,,,,False
Seth Cromwell,185002,HB,JAMES MAD,3,38.5,0,197,62.7,75.7,55.5,0,0,4,44.4,40.0,100.0,0,0,0,10,0,0,0,26,4,10,0,0,6,0,,,,,,,,,,,,,,,,,,,,,,,,,,,False
Tyler Norris,190107,G,TEXAS ST,1,100.0,0,314,45.9,69.2,45.8,0,0,2,100.0,100.0,100.0,0,0,0,10,4,0,0,10,2,2,6,0,8,0,,,,,,,,,,,,,,,,,,,,,,,,,,,False
Kash Courtney,200099,C,ARKANSAS,2,100.0,0,111,56.6,76.9,54.7,0,0,5,100.0,100.0,100.0,0,0,0,10,10,0,0,10,5,5,0,0,5,0,,,,,,,,,,,,,,,,,,,,,,,,,,,False
Tre Glover,215820,G,APP STATE,1,100.0,0,108,59.5,74.6,58.1,0,0,5,100.0,100.0,100.0,0,0,0,10,0,0,0,10,5,5,10,0,5,0,,,,,,,,,,,,,,,,,,,,,,,,,,,False
Jayden Johnson,215815,WR,COAST CAR,1,90.9,0,141,59.6,,61.4,0,0,0,0.0,0.0,,0,0,0,10,0,0,0,11,0,1,0,0,10,0,,,,,,,,,,,,,,,,,,,,,,,,,,,False
Fisher Ingersoll,222675,WR,BYU,1,90.9,0,128,58.7,,61.1,0,0,0,0.0,0.0,,0,0,0,10,0,0,0,11,0,1,0,0,10,0,,,,,,,,,,,,,,,,,,,,,,,,,,,False
Gabriel Cline,200210,TE,UAB,4,35.7,0,321,52.0,52.0,56.4,0,1,3,15.0,14.3,83.3,0,1,0,10,0,0,0,28,3,21,0,0,7,19,,,,,,,,,,,,,,,,,,,,,,,,,,,False
Dedrick Latulas,170463,WR,LA TECH,2,66.7,0,208,68.5,,59.3,0,0,0,0.0,0.0,,0,0,0,10,0,0,0,15,0,5,0,0,10,0,,,,,,,,,,,,,,,,,,,,,,,,,,,False
Tobias Merriweather,156980,WR,UTAH,3,66.7,0,328,56.2,,62.0,0,0,0,0.0,0.0,,0,0,0,10,0,0,0,15,0,5,0,0,10,0,,,,,,,,,,,,,,,,,,,,,,,,,,,False
Preston Brown,201497,QB,N DAK ST,3,50.0,0,250,63.3,,60.0,0,0,0,0.0,0.0,,0,0,0,10,0,0,0,20,0,3,0,0,10,0,,,,,,,,,,,,,,,,,,,,,,,,,,,False
Elijah Huddle,201634,TE,SACRAMENTO,1,40.0,0,279,68.6,67.1,76.4,0,0,3,17.6,16.7,100.0,0,0,0,10,0,0,0,25,3,18,0,0,7,19,,,,,,,,,,,,,,,,,,,,,,,,,,,False
Nick Oliveira,170315,G,RUTGERS,1,100.0,0,278,67.1,75.5,65.8,0,0,5,100.0,100.0,100.0,0,0,0,10,0,5,0,10,6,6,5,0,4,0,,,,,,,,,,,,,,,,,,,,,,,,,,,False
Carmelo Taylor,170300,WR,UTEP,3,58.8,0,330,57.4,,61.9,0,0,0,0.0,0.0,,0,0,0,10,0,0,0,17,0,7,0,0,10,1,,,,,,,,,,,,,,,,,,,,,,,,,,,False
Lamarcus Barber,214070,G,KANSAS ST,1,100.0,0,199,61.6,70.6,61.0,0,0,1,100.0,100.0,100.0,0,0,0,10,0,10,0,10,1,1,0,0,9,0,,,,,,,,,,,,,,,,,,,,,,,,,,,False
Antonio Wilson,204092,T,KANSAS,1,100.0,0,198,78.6,48.8,81.7,0,1,3,100.0,100.0,83.3,0,1,0,10,0,0,10,10,3,3,0,0,7,0,,,,,,,,,,,,,,,,,,,,,,,,,,,False
Brock Heath,204098,T,KANSAS ST,1,100.0,0,199,58.7,71.6,57.5,0,0,1,100.0,100.0,100.0,0,0,0,10,0,0,10,10,1,1,0,0,9,0,,,,,,,,,,,,,,,,,,,,,,,,,,,False
JJ Garner,204107,HB,LA LAFAYET,4,21.3,0,207,64.2,12.0,55.3,0,1,2,10.5,10.5,75.0,1,1,0,10,0,0,0,47,2,19,0,0,8,0,,,,,,,,,,,,,,,,,,,,,,,,,,,False
Jai Richburg,213824,WR,NC STATE,1,71.4,0,248,56.7,,59.7,0,0,0,0.0,0.0,,0,0,0,10,0,0,0,14,0,4,0,0,10,0,,,,,,,,,,,,,,,,,,,,,,,,,,,False
Trequan Jones,204200,HB,TULSA,5,12.0,0,320,68.4,72.4,58.1,0,0,3,7.9,7.3,100.0,0,0,0,10,0,0,0,83,3,41,0,0,7,0,,,,,,,,,,,,,,,,,,,,,,,,,,,False
Joshua Goines,169980,TE,NEW MEX ST,1,76.9,0,242,54.9,,57.8,0,0,0,0.0,0.0,,0,0,0,10,0,0,0,13,0,3,0,0,10,12,,,,,,,,,,,,,,,,,,,,,,,,,,,False
Trey Cornist,169975,HB,UCONN,4,20.4,0,146,64.6,74.7,57.8,0,0,5,22.7,22.7,100.0,0,0,0,10,0,0,0,49,5,22,0,0,5,0,,,,,,,,,,,,,,,,,,,,,,,,,,,False
Arnold Barnes III,169972,HB,IOWA STATE,4,25.0,0,193,72.0,77.0,59.0,0,0,2,22.2,33.3,100.0,0,0,0,10,0,0,0,40,4,12,0,0,6,0,,,,,,,,,,,,,,,,,,,,,,,,,,,False
Nate Johnson,158489,WR,UTAH,2,100.0,0,328,60.4,,60.3,0,0,0,,,,0,0,0,10,0,0,0,10,0,0,0,0,10,0,,,,,,,,,,,,,,,,,,,,,,,,,,,False
Alex Orji,158545,QB,UNLV,4,43.5,0,325,64.3,,60.0,0,0,0,0.0,0.0,,0,0,0,10,0,0,0,23,0,7,0,0,10,0,,,,,,,,,,,,,,,,,,,,,,,,,,,False
Cooper Rusk,169108,WR,TOLEDO,2,66.7,0,316,59.7,,61.1,0,0,0,0.0,0.0,,1,0,0,10,0,0,0,15,0,5,0,0,10,0,,,,,,,,,,,,,,,,,,,,,,,,,,,False
Jonte Newman,204338,T,TEXAS,2,100.0,0,311,59.6,70.9,58.6,0,0,1,100.0,100.0,100.0,0,0,0,10,0,0,0,10,1,1,0,10,9,0,,,,,,,,,,,,,,,,,,,,,,,,,,,False
Sam Greer,214552,T,OHIO STATE,1,100.0,0,260,70.6,77.4,68.5,0,0,4,100.0,100.0,100.0,0,0,0,10,0,0,0,10,4,4,0,10,6,0,,,,,,,,,,,,,,,,,,,,,,,,,,,False
Bryson Baker,204419,WR,UTAH,2,100.0,0,328,69.2,,78.3,0,0,0,,,,0,0,0,10,0,0,0,10,0,0,0,0,10,0,,,,,,,,,,,,,,,,,,,,,,,,,,,False
Pauly Sadler,215317,WR,BOWL GREEN,3,52.6,0,122,49.7,,60.6,0,0,0,0.0,0.0,,1,0,0,10,0,0,0,19,0,9,0,0,10,0,,,,,,,,,,,,,,,,,,,,,,,,,,,False
Michael Turner,204473,HB,BAYLOR,4,17.9,0,118,63.7,17.1,60.0,0,1,9,25.0,25.0,94.4,0,1,0,10,0,0,0,56,9,36,0,0,1,0,,,,,,,,,,,,,,,,,,,,,,,,,,,False
Stratton Fuller,204675,HB,ARMY,1,55.6,0,114,77.3,,56.2,0,0,0,0.0,0.0,,0,0,0,10,0,0,0,18,0,4,0,0,10,0,,,,,,,,,,,,,,,,,,,,,,,,,,,False
Armaad Sharp,215279,TE,E MICHIGAN,4,38.5,0,160,53.3,,57.9,0,0,0,0.0,0.0,,0,0,0,10,0,0,0,26,0,16,0,0,10,12,,,,,,,,,,,,,,,,,,,,,,,,,,,False
Landen Livingston,157364,G,W VIRGINIA,1,100.0,0,343,52.5,67.0,52.2,0,0,1,100.0,100.0,100.0,0,0,0,10,0,0,0,10,1,1,10,0,9,0,,,,,,,,,,,,,,,,,,,,,,,,,,,False
Shahn Alston,214584,HB,USC,4,32.3,0,326,77.1,75.4,53.3,0,0,6,54.5,54.5,100.0,0,0,0,10,0,0,0,31,6,11,0,0,4,0,,,,,,,,,,,,,,,,,,,,,,,,,,,False
Drew Nichols,205059,C,MICH STATE,1,100.0,0,223,55.7,70.0,55.6,0,0,2,100.0,100.0,100.0,0,0,0,10,10,0,0,10,2,2,0,0,8,0,,,,,,,,,,,,,,,,,,,,,,,,,,,False
Roman Mangini,162833,WR,NEBRASKA,2,90.9,0,238,67.3,,82.4,0,0,0,0.0,0.0,,0,0,0,10,0,0,0,11,0,1,0,0,10,0,,,,,,,,,,,,,,,,,,,,,,,,,,,False
Logan Saldate,189887,WR,NOTRE DAME,1,55.6,0,258,79.7,,59.9,0,0,0,0.0,0.0,,0,0,0,10,0,0,0,18,0,8,0,0,10,0,,,,,,,,,,,,,,,,,,,,,,,,,,,False
Chase Tatum,215044,TE,KENNESAW,4,71.4,0,200,52.4,63.6,53.2,0,0,1,20.0,20.0,100.0,0,0,0,10,0,0,0,14,1,5,0,0,9,7,,,,,,,,,,,,,,,,,,,,,,,,,,,False
Kayleb Barnett,205487,WR,VANDERBILT,4,26.3,0,333,67.7,,61.5,0,0,0,0.0,0.0,,1,0,0,10,0,0,0,38,0,27,0,0,10,0,,,,,,,,,,,,,,,,,,,,,,,,,,,False
Enrico Maghelli,214887,T,KENNESAW,2,100.0,0,200,46.1,74.3,41.0,0,0,5,100.0,100.0,100.0,0,0,0,10,0,0,0,10,5,5,0,10,5,0,,,,,,,,,,,,,,,,,,,,,,,,,,,False
Leyton Cure,191165,TE,KANSAS,2,62.5,0,198,46.6,65.2,66.1,0,0,1,16.7,14.3,100.0,0,0,0,10,0,0,0,16,1,7,0,0,9,11,,,,,,,,,,,,,,,,,,,,,,,,,,,False
Cole Reemsnyder,174798,TE,VA TECH,1,75.0,0,337,55.0,,58.4,0,0,0,0.0,0.0,,0,0,0,9,0,0,0,12,0,3,0,0,9,9,,,,,,,,,,,,,,,,,,,,,,,,,,,False
LaMarcus Bell,214113,HB,UTAH,3,45.0,0,328,80.6,67.5,60.3,0,0,1,25.0,25.0,100.0,0,0,0,9,0,0,0,20,1,4,0,0,8,0,,,,,,,,,,,,,,,,,,,,,,,,,,,False
Mark Robinson,211484,T,KENTUCKY,2,100.0,0,202,67.3,71.4,67.0,0,0,1,100.0,100.0,100.0,0,0,0,9,0,0,9,9,1,1,0,0,8,0,,,,,,,,,,,,,,,,,,,,,,,,,,,False
Harvey Broussard III,176337,WR,HOUSTON,2,69.2,0,182,60.9,,77.1,0,0,0,0.0,0.0,,0,0,0,9,0,0,0,13,0,4,0,0,9,0,,,,,,,,,,,,,,,,,,,,,,,,,,,False
Sam Waters,190558,G,ARMY,1,100.0,0,114,65.1,68.2,64.4,0,0,1,100.0,100.0,100.0,0,0,0,9,0,0,0,9,1,1,9,0,8,0,,,,,,,,,,,,,,,,,,,,,,,,,,,False
Muyont'a Maxwell,227321,G,BAYLOR,1,100.0,0,118,55.4,72.9,54.4,0,0,2,100.0,100.0,100.0,0,0,0,9,0,9,0,9,2,2,0,0,7,0,,,,,,,,,,,,,,,,,,,,,,,,,,,False
London Deyon,199936,TE,SM HOUSTON,2,47.4,0,281,56.7,68.3,68.3,0,0,3,23.1,23.1,100.0,0,0,0,9,0,0,0,19,3,13,0,0,6,16,,,,,,,,,,,,,,,,,,,,,,,,,,,False
Alex Boyd,215982,T,AIR FORCE,1,100.0,0,101,57.8,,57.3,0,0,0,,,,0,0,0,9,0,0,9,9,0,0,0,0,9,0,,,,,,,,,,,,,,,,,,,,,,,,,,,False
Justin Zames,200273,TE,VIRGINIA,1,100.0,0,335,71.8,,70.2,0,0,0,,,,0,0,0,9,0,0,0,9,0,0,0,0,9,9,,,,,,,,,,,,,,,,,,,,,,,,,,,False
Jake Sulzberger,215979,T,AIR FORCE,1,100.0,0,101,66.2,,65.4,0,0,0,,,,0,0,0,9,0,0,0,9,0,0,0,9,9,0,,,,,,,,,,,,,,,,,,,,,,,,,,,False
Paxton Naegle,200238,DI,UTAH ST,2,90.0,0,329,43.5,22.7,52.0,0,0,1,50.0,75.0,100.0,1,0,0,9,0,0,0,10,3,4,0,0,6,10,,,,,,,,,,,,,,,,,,,,,,,,,,,False
Jaden McGill,184189,HB,W KENTUCKY,1,36.0,0,346,50.0,78.7,58.9,0,0,5,29.4,31.6,100.0,0,0,0,9,0,0,0,25,6,19,0,0,3,0,,,,,,,,,,,,,,,,,,,,,,,,,,,False
Carson Diehl,215669,WR,S DIEGO ST,2,69.2,0,284,69.0,,60.8,0,0,0,0.0,0.0,,0,0,0,9,0,0,0,13,0,4,0,0,9,0,,,,,,,,,,,,,,,,,,,,,,,,,,,False
Cole Powell,198388,T,E MICHIGAN,1,100.0,0,160,52.1,0.0,61.5,0,1,6,100.0,100.0,91.7,0,1,0,9,0,0,0,9,6,6,0,9,3,0,,,,,,,,,,,,,,,,,,,,,,,,,,,False
Turbo Richard,190199,HB,INDIANA,4,11.4,0,190,83.9,81.6,60.0,0,0,7,26.9,29.6,100.0,0,0,0,9,0,0,0,79,8,27,0,0,1,0,,,,,,,,,,,,,,,,,,,,,,,,,,,False
Ke'Marion Baldwin,172238,HB,BOWL GREEN,4,29.0,0,122,68.5,77.1,59.3,0,0,4,30.8,30.8,100.0,0,0,0,9,0,0,0,31,4,13,0,0,5,0,,,,,,,,,,,,,,,,,,,,,,,,,,,False
Sevion Morrison,129705,FB,TULSA,5,52.9,0,320,59.5,29.4,57.3,0,0,2,33.3,33.3,100.0,0,0,0,9,0,0,0,17,2,6,0,0,7,0,,,,,,,,,,,,,,,,,,,,,,,,,,,False
Jacob Jordan,184597,WR,OKLAHOMA,3,60.0,0,261,55.6,,60.8,0,0,0,0.0,0.0,,0,0,0,9,0,0,0,15,0,6,0,0,9,0,,,,,,,,,,,,,,,,,,,,,,,,,,,False
Alan Grimme,200002,G,TEXAS ST,2,100.0,0,314,45.9,67.3,45.5,0,0,1,100.0,100.0,100.0,0,0,0,9,0,9,0,9,1,1,0,0,8,0,,,,,,,,,,,,,,,,,,,,,,,,,,,False
King Phillips,215938,WR,GA SOUTHRN,3,34.6,0,174,54.3,,60.7,0,0,0,0.0,0.0,,0,0,0,9,0,0,0,26,0,17,0,0,9,0,,,,,,,,,,,,,,,,,,,,,,,,,,,False
Caleb Hall,184953,G,WYOMING,2,81.8,0,351,60.5,67.4,61.3,0,0,1,33.3,33.3,100.0,0,0,0,9,0,0,1,11,1,3,0,0,8,10,,,,,,,,,,,,,,,,,,,,,,,,,,,False
Aleric Watson,156654,T,ARK STATE,1,100.0,0,113,59.6,,59.2,0,0,0,,,,0,0,0,9,0,0,0,9,0,0,0,9,9,0,,,,,,,,,,,,,,,,,,,,,,,,,,,False
Terence Marshall,190150,WR,W MICHIGAN,2,52.9,0,347,64.8,,61.1,0,0,0,0.0,0.0,,0,0,0,9,0,0,0,17,0,8,0,0,9,0,,,,,,,,,,,,,,,,,,,,,,,,,,,False
Jamal Frilot,205478,TE,UTEP,3,100.0,0,330,52.1,70.8,46.3,0,0,2,100.0,100.0,100.0,0,0,0,9,0,0,0,9,2,2,0,0,7,4,,,,,,,,,,,,,,,,,,,,,,,,,,,False
Taevion Swint,199390,HB,UCF,4,17.0,0,323,70.8,59.3,60.0,0,1,6,24.0,25.0,91.7,0,1,0,9,0,0,0,53,7,28,0,0,2,0,,,,,,,,,,,,,,,,,,,,,,,,,,,False
Frank Covey IV,174054,WR,NWESTERN,2,52.9,0,256,55.9,,60.9,0,0,0,0.0,0.0,,0,0,0,9,0,0,0,17,0,8,0,0,9,0,,,,,,,,,,,,,,,,,,,,,,,,,,,False
Chris Jimerson Jr.,198991,QB,N TEXAS,4,39.1,0,251,78.2,,60.0,0,0,0,0.0,0.0,,0,0,0,9,0,0,0,23,0,3,0,0,9,0,,,,,,,,,,,,,,,,,,,,,,,,,,,False
CJ Williams,188525,T,VANDERBILT,1,100.0,0,333,65.9,80.6,60.0,0,0,6,100.0,100.0,100.0,0,0,0,9,0,0,7,9,6,6,0,2,3,0,,,,,,,,,,,,,,,,,,,,,,,,,,,False
Denzel Gardner,199209,QB,MEMPHIS,1,69.2,0,218,45.4,,60.0,0,0,0,,,,0,0,0,9,0,0,0,13,0,0,0,0,9,0,,,,,,,,,,,,,,,,,,,,,,,,,,,False
Sergio Snider,218476,HB,LA TECH,2,42.9,0,208,64.4,69.2,71.5,0,0,1,14.3,14.3,100.0,0,0,0,9,0,0,0,21,1,7,0,0,8,0,,,,,,,,,,,,,,,,,,,,,,,,,,,False
Elijah Vaikona,199422,T,USC,1,100.0,0,326,71.6,78.2,70.0,0,0,4,100.0,100.0,100.0,0,0,0,9,0,0,6,9,4,4,0,3,5,0,,,,,,,,,,,,,,,,,,,,,,,,,,,False
Blake Barnett,183896,QB,KANSAS ST,1,56.3,0,199,74.2,,60.0,0,0,0,0.0,0.0,,0,0,0,9,0,0,0,16,0,5,0,0,9,0,,,,,,,,,,,,,,,,,,,,,,,,,,,False
Ziyon Butler,215053,WR,MIDDLE TN,2,56.3,0,224,66.5,,61.5,0,0,0,0.0,0.0,,0,0,0,9,0,0,0,16,0,7,0,0,9,0,,,,,,,,,,,,,,,,,,,,,,,,,,,False
JT Jeter,205210,WR,NEW MEXICO,2,100.0,0,241,57.9,,55.0,0,0,0,,,,0,0,0,9,0,0,0,9,0,0,0,0,9,0,,,,,,,,,,,,,,,,,,,,,,,,,,,False
Ryan Brass,205170,QB,NAVY,1,81.8,0,237,52.7,,60.0,0,0,0,,,,0,0,0,9,0,0,0,11,0,0,0,0,9,0,,,,,,,,,,,,,,,,,,,,,,,,,,,False
Mateaki Helu,199459,HB,UTAH,3,56.3,0,328,85.5,72.9,60.8,0,0,2,66.7,66.7,100.0,0,0,0,9,0,0,0,16,2,3,0,0,7,0,,,,,,,,,,,,,,,,,,,,,,,,,,,False
Jamezell Lassiter,188518,HB,VANDERBILT,4,30.0,0,333,61.6,2.6,57.2,1,1,4,36.4,33.3,75.0,0,2,0,9,0,0,0,30,4,12,0,0,5,0,,,,,,,,,,,,,,,,,,,,,,,,,,,False
Graham Houston,217046,G,GEORGIA,2,100.0,0,173,58.3,75.9,57.0,0,0,3,100.0,100.0,100.0,0,0,0,9,0,9,0,9,3,3,0,0,6,0,,,,,,,,,,,,,,,,,,,,,,,,,,,False
Jackson Wade,174267,WR,BOSTON COL,4,32.1,0,121,48.7,,60.4,0,0,0,0.0,0.0,,0,0,0,9,0,0,0,28,0,19,0,0,9,0,,,,,,,,,,,,,,,,,,,,,,,,,,,False
Tim Kloska,190522,HB,ARMY,1,100.0,0,114,57.7,,56.4,0,0,0,,,,0,0,0,9,0,0,0,9,0,0,0,0,9,0,,,,,,,,,,,,,,,,,,,,,,,,,,,False
Nick Lautar,214619,TE,OHIO STATE,2,64.3,0,260,46.5,,63.1,0,0,0,0.0,0.0,,0,0,0,9,0,0,0,14,0,5,0,0,9,11,,,,,,,,,,,,,,,,,,,,,,,,,,,False
Deryc Plazz,183238,G,AUBURN,1,100.0,0,115,63.0,66.7,62.5,0,0,1,100.0,100.0,100.0,0,0,0,9,0,9,0,9,1,1,0,0,8,0,,,,,,,,,,,,,,,,,,,,,,,,,,,False
Kaden Shields-Dutton,189406,HB,FAU,3,22.0,0,165,62.2,66.3,59.4,0,1,6,22.2,25.0,91.7,0,1,0,9,0,0,0,41,7,28,0,0,2,0,,,,,,,,,,,,,,,,,,,,,,,,,,,False
Aiden Smalls,213746,WR,NC STATE,1,75.0,0,248,56.8,,58.5,0,0,0,0.0,0.0,,0,0,0,9,0,0,0,12,0,3,0,0,9,0,,,,,,,,,,,,,,,,,,,,,,,,,,,False
John Curtis Goodman Jr.,163503,T,LA MONROE,2,100.0,0,209,50.0,30.7,53.2,0,0,4,100.0,100.0,100.0,0,0,0,9,0,0,0,9,4,4,0,9,5,0,,,,,,,,,,,,,,,,,,,,,,,,,,,False
Jackson Brousseau,173480,QB,CAL,2,33.3,0,130,53.5,,60.0,0,0,0,0.0,0.0,,0,0,0,9,0,0,0,27,0,18,0,0,9,0,,,,,,,,,,,,,,,,,,,,,,,,,,,False
Drew Hutchinson,163508,C,LA MONROE,2,100.0,0,209,72.8,75.4,71.0,0,0,4,100.0,100.0,100.0,0,0,0,9,9,0,0,9,4,4,0,0,5,0,,,,,,,,,,,,,,,,,,,,,,,,,,,False
Brandon Kinsey,214661,WR,PURDUE,2,60.0,0,273,55.6,,60.9,0,0,0,0.0,0.0,,0,0,0,9,0,0,0,15,0,6,0,0,9,0,,,,,,,,,,,,,,,,,,,,,,,,,,,False
Carson Gulker,178746,TE,MICH STATE,2,100.0,0,223,78.8,64.5,75.3,0,0,1,100.0,100.0,100.0,0,0,0,9,0,0,0,9,1,1,0,0,8,9,,,,,,,,,,,,,,,,,,,,,,,,,,,False
Terry Shelton,199244,WR,TCU,3,33.3,0,305,46.1,,55.1,0,0,0,0.0,0.0,,0,0,0,9,0,0,0,27,0,18,0,0,9,0,,,,,,,,,,,,,,,,,,,,,,,,,,,False
Miles O'Neill,191260,QB,N CAROLINA,1,52.9,0,245,71.8,,60.0,0,0,0,0.0,0.0,,0,0,0,9,0,0,0,17,0,7,0,0,9,0,,,,,,,,,,,,,,,,,,,,,,,,,,,False
Kavon Conciauro,213490,WR,DUKE,2,75.0,0,154,71.9,,61.1,0,0,0,0.0,0.0,,0,0,0,9,0,0,0,12,0,3,0,0,9,0,,,,,,,,,,,,,,,,,,,,,,,,,,,False
Michael Langi,223952,C,OREGON ST,1,100.0,0,265,60.9,74.2,59.7,0,0,1,100.0,100.0,100.0,0,0,0,9,9,0,0,9,3,3,0,0,6,0,,,,,,,,,,,,,,,,,,,,,,,,,,,False
Tex Vaughn,213763,TE,NC STATE,2,42.9,0,248,62.6,,55.9,0,0,0,0.0,0.0,,0,0,0,9,0,0,0,21,0,12,0,0,9,12,,,,,,,,,,,,,,,,,,,,,,,,,,,False
Brady Owens,216970,TE,RUTGERS,2,100.0,0,278,53.8,,54.6,0,0,0,,,,0,0,0,9,0,0,0,9,0,0,0,0,9,9,,,,,,,,,,,,,,,,,,,,,,,,,,,False
Elliott Chaney,216169,T,S ALABAMA,1,100.0,0,288,61.3,66.0,60.6,0,0,1,100.0,100.0,100.0,0,0,0,9,0,0,0,9,1,1,0,9,8,0,,,,,,,,,,,,,,,,,,,,,,,,,,,False
Keagan Cunningham,157286,WR,TCU,1,81.8,0,305,57.1,,58.7,0,0,0,0.0,0.0,,0,0,0,9,0,0,0,11,0,2,0,0,9,0,,,,,,,,,,,,,,,,,,,,,,,,,,,False
Zion Turner,158636,QB,MARSHALL,2,30.0,0,214,50.4,,60.0,0,0,0,0.0,0.0,,0,0,0,9,0,0,0,30,0,15,0,0,9,0,,,,,,,,,,,,,,,,,,,,,,,,,,,False
Marcus Brown,188856,WR,STANFORD,3,37.5,0,300,59.2,,55.9,0,0,0,0.0,0.0,,0,0,0,9,0,0,0,24,0,15,0,0,9,0,,,,,,,,,,,,,,,,,,,,,,,,,,,False
Brody Wilhelm,204472,TE,BAYLOR,1,90.0,0,118,67.5,68.7,66.6,0,0,0,0.0,50.0,,0,0,0,9,0,0,0,10,1,2,0,0,8,10,,,,,,,,,,,,,,,,,,,,,,,,,,,False
Dillon Galloway,198103,TE,APP STATE,1,64.3,0,108,62.7,68.3,54.2,0,0,1,16.7,28.6,100.0,0,0,0,9,0,0,0,14,2,7,0,0,7,13,,,,,,,,,,,,,,,,,,,,,,,,,,,False
Lincoln Keyes,217068,TE,GEORGIA,2,90.0,0,173,66.9,,70.9,0,0,0,0.0,0.0,,0,0,0,9,0,0,0,10,0,1,0,0,9,7,,,,,,,,,,,,,,,,,,,,,,,,,,,False
Landon Kelsey,213806,WR,ARIZONA,1,81.8,0,109,57.9,,61.8,0,0,0,0.0,0.0,,0,0,0,9,0,0,0,11,0,2,0,0,9,0,,,,,,,,,,,,,,,,,,,,,,,,,,,False
Josiah Clemons,198747,T,ARKANSAS,1,100.0,0,111,74.2,83.1,66.8,0,0,6,100.0,100.0,100.0,0,0,0,9,0,0,9,9,7,7,0,0,2,0,,,,,,,,,,,,,,,,,,,,,,,,,,,False
Hayden Eligon II,183694,WR,NWESTERN,1,36.0,0,256,54.5,,58.3,0,0,0,0.0,0.0,,0,0,0,9,0,0,0,25,0,16,0,0,9,0,,,,,,,,,,,,,,,,,,,,,,,,,,,False
Jack Wagner,191226,G,OREGON ST,1,100.0,0,265,59.8,75.3,58.4,0,0,1,100.0,100.0,100.0,0,0,0,9,0,9,0,9,3,3,0,0,6,0,,,,,,,,,,,,,,,,,,,,,,,,,,,False
Harlem Berry,199769,HB,LSU,3,30.0,0,211,71.7,18.2,47.8,1,0,3,30.0,27.3,83.3,0,1,0,9,0,0,0,30,3,11,0,0,6,0,,,,,,,,,,,,,,,,,,,,,,,,,,,False
Garrett Cooper,199774,T,UMASS,1,100.0,0,216,55.9,73.0,54.5,0,0,2,100.0,100.0,100.0,0,0,0,9,0,0,0,9,2,2,0,9,7,0,,,,,,,,,,,,,,,,,,,,,,,,,,,False
Jabari Smith,169926,WR,BALL ST,3,18.0,0,117,60.2,,59.9,0,0,0,0.0,0.0,,0,0,0,9,0,0,0,50,0,41,0,0,9,1,,,,,,,,,,,,,,,,,,,,,,,,,,,False
Dwight Phillips Jr.,191156,HB,GEORGIA,4,20.9,0,173,88.3,75.7,58.6,0,0,6,26.1,26.1,100.0,0,0,0,9,0,0,0,43,6,23,0,0,3,0,,,,,,,,,,,,,,,,,,,,,,,,,,,False
Nathan McCoy II,204239,WR,OREGON,1,64.3,0,264,68.7,,61.7,0,0,0,0.0,0.0,,0,0,0,9,0,0,0,14,0,5,0,0,9,0,,,,,,,,,,,,,,,,,,,,,,,,,,,False
TJ Lateef,199810,QB,NEBRASKA,2,40.9,0,238,61.9,,60.0,0,0,0,0.0,0.0,,0,0,0,9,0,0,0,22,0,11,0,0,9,0,,,,,,,,,,,,,,,,,,,,,,,,,,,False
Reese Steele,175741,G,LA MONROE,2,100.0,0,209,55.2,48.7,55.5,0,1,4,100.0,100.0,87.5,0,1,0,9,0,9,0,9,4,4,0,0,5,0,,,,,,,,,,,,,,,,,,,,,,,,,,,False
Gavin Meier,214538,T,MINNESOTA,1,100.0,0,225,59.0,74.0,56.4,0,0,4,100.0,100.0,100.0,0,0,0,9,0,0,0,9,4,4,0,9,5,0,,,,,,,,,,,,,,,,,,,,,,,,,,,False
Quandre Coates,204110,TE,LA LAFAYET,4,64.3,0,207,56.0,,56.0,0,0,0,0.0,0.0,,0,0,0,9,0,0,0,14,0,5,0,0,9,11,,,,,,,,,,,,,,,,,,,,,,,,,,,False
Brian Salazar,221640,QB,SACRAMENTO,2,69.2,0,279,60.7,,60.0,0,0,0,0.0,0.0,,0,0,0,9,0,0,0,13,0,1,0,0,9,0,,,,,,,,,,,,,,,,,,,,,,,,,,,False
Lathon Latiolais,218669,WR,N TEXAS,1,100.0,0,251,60.3,,60.1,0,0,0,,,,0,0,0,9,0,0,0,9,0,0,0,0,9,0,,,,,,,,,,,,,,,,,,,,,,,,,,,False
Owen Strebig,199839,T,NOTRE DAME,1,100.0,0,258,59.3,67.8,58.5,0,0,2,100.0,100.0,100.0,0,0,0,9,0,0,0,9,2,2,0,9,7,0,,,,,,,,,,,,,,,,,,,,,,,,,,,False
Jack Ressler,184862,WR,OREGON,1,64.3,0,264,55.6,,60.0,0,0,0,0.0,0.0,,0,0,0,9,0,0,0,14,0,5,0,0,9,0,,,,,,,,,,,,,,,,,,,,,,,,,,,False
Mason Woods,204053,TE,IOWA,2,56.3,0,192,53.6,,54.9,0,0,0,0.0,0.0,,1,0,0,9,0,0,0,16,0,7,0,0,9,6,,,,,,,,,,,,,,,,,,,,,,,,,,,False
Gavin Broscious,158375,G,IOWA STATE,2,100.0,0,193,55.0,73.7,53.8,0,0,3,100.0,100.0,100.0,0,0,0,9,0,0,0,9,3,3,9,0,6,0,,,,,,,,,,,,,,,,,,,,,,,,,,,False
Cole Allen,204010,T,DUKE,1,100.0,0,154,62.5,71.0,61.3,0,0,2,100.0,100.0,100.0,0,0,0,9,0,0,0,9,2,2,0,9,7,0,,,,,,,,,,,,,,,,,,,,,,,,,,,False
Nathan Kutufaris,204000,T,DUKE,1,100.0,0,154,68.6,72.5,67.5,0,0,2,100.0,100.0,100.0,0,0,0,9,0,0,9,9,2,2,0,0,7,0,,,,,,,,,,,,,,,,,,,,,,,,,,,False
Jacobe' Ward,203970,G,AUBURN,1,100.0,0,115,58.1,66.7,57.7,0,0,1,100.0,100.0,100.0,0,0,0,9,0,0,0,9,1,1,9,0,8,0,,,,,,,,,,,,,,,,,,,,,,,,,,,False
Lawson Petty,172956,C,BAYLOR,1,100.0,0,118,55.6,72.2,55.1,0,0,2,100.0,100.0,100.0,0,0,0,9,9,0,0,9,2,2,0,0,7,0,,,,,,,,,,,,,,,,,,,,,,,,,,,False
Kellen Davis,198258,TE,CINCINNATI,1,75.0,0,138,50.8,,47.2,0,0,0,0.0,0.0,,0,0,0,9,0,0,0,12,0,3,0,0,9,8,,,,,,,,,,,,,,,,,,,,,,,,,,,False
Elijah Brown,157012,TE,KENTUCKY,2,100.0,0,202,80.5,66.8,78.1,0,0,1,100.0,100.0,100.0,0,0,0,9,0,0,0,9,1,1,0,0,8,9,,,,,,,,,,,,,,,,,,,,,,,,,,,False
Jaron Glover,158382,WR,USF,2,69.2,0,327,62.8,,74.5,0,0,0,0.0,0.0,,0,0,0,9,0,0,0,13,0,4,0,0,9,0,,,,,,,,,,,,,,,,,,,,,,,,,,,False
Barrett Nelson,158707,T,WISCONSIN,1,100.0,0,349,56.3,65.5,55.5,0,0,1,100.0,100.0,100.0,0,0,0,8,0,0,0,8,1,1,0,8,7,0,,,,,,,,,,,,,,,,,,,,,,,,,,,False
Gabriel Cunningham,201500,TE,N DAK ST,3,57.1,0,250,49.7,,53.3,0,0,0,0.0,0.0,,0,0,0,8,0,0,0,14,0,6,0,0,8,12,,,,,,,,,,,,,,,,,,,,,,,,,,,False
Raymond Moore III,201451,QB,UTEP,4,17.4,0,330,63.0,,60.0,0,0,0,0.0,0.0,,1,0,0,8,0,0,0,46,0,19,0,0,8,0,,,,,,,,,,,,,,,,,,,,,,,,,,,False
Carsyn Baker,216282,HB,TEXAS A&M,4,28.6,0,312,71.6,79.0,60.0,0,0,6,75.0,70.0,100.0,0,0,0,8,0,0,0,28,7,10,0,0,1,0,,,,,,,,,,,,,,,,,,,,,,,,,,,False
Hunter Britt,204914,G,GA STATE,1,100.0,0,175,60.0,73.9,58.8,0,0,3,100.0,100.0,100.0,0,0,0,8,0,0,0,8,3,3,8,0,5,0,,,,,,,,,,,,,,,,,,,,,,,,,,,False
Hardy Watts,199570,G,WISCONSIN,1,100.0,0,349,58.1,66.7,57.7,0,0,1,100.0,100.0,100.0,0,0,0,8,0,8,0,8,1,1,0,0,7,0,,,,,,,,,,,,,,,,,,,,,,,,,,,False
Akili Smith Jr.,199877,QB,OREGON,1,57.1,0,264,45.5,,60.0,0,0,0,0.0,0.0,,1,0,0,8,0,0,0,14,0,5,0,0,8,0,,,,,,,,,,,,,,,,,,,,,,,,,,,False
Tiger Bachmeier,174177,WR,BYU,2,53.3,0,128,56.5,,59.1,0,0,0,0.0,0.0,,0,0,0,8,0,0,0,15,0,7,0,0,8,0,,,,,,,,,,,,,,,,,,,,,,,,,,,False
Zach Clayton,183957,C,W KENTUCKY,3,100.0,0,346,57.4,71.2,56.0,0,0,2,100.0,100.0,100.0,0,0,0,8,0,0,0,8,2,2,3,0,6,5,,,,,,,,,,,,,,,,,,,,,,,,,,,False
Levi Davis,215218,QB,OHIO,3,20.0,0,259,84.0,,60.0,0,0,0,0.0,0.0,,1,0,0,8,0,0,0,40,0,25,0,0,8,0,,,,,,,,,,,,,,,,,,,,,,,,,,,False
Drew Dickey,163710,QB,ARK STATE,2,88.9,0,113,69.3,,60.0,0,0,0,,,,0,0,0,8,0,0,0,9,0,0,0,0,8,0,,,,,,,,,,,,,,,,,,,,,,,,,,,False
Matrail Lopez,204189,WR,OKLA STATE,1,100.0,0,262,60.5,,60.5,0,0,0,,,,0,0,0,8,0,0,0,8,0,0,0,0,8,0,,,,,,,,,,,,,,,,,,,,,,,,,,,False
Nick Spence,204164,G,MINNESOTA,1,100.0,0,225,61.2,75.2,59.9,0,0,4,100.0,100.0,100.0,0,0,0,8,0,0,0,8,4,4,8,0,4,0,,,,,,,,,,,,,,,,,,,,,,,,,,,False
Jared Esplin,213754,WR,BYU,1,88.9,0,128,75.8,,58.7,0,0,0,0.0,0.0,,0,0,0,8,0,0,0,9,0,1,0,0,8,0,,,,,,,,,,,,,,,,,,,,,,,,,,,False
Jasper Parker,204140,HB,ARKANSAS,4,27.6,0,111,64.6,7.1,58.8,1,0,2,14.3,13.3,75.0,0,1,0,8,0,0,0,29,2,15,0,0,6,0,,,,,,,,,,,,,,,,,,,,,,,,,,,False
Davray Venu,190676,C,TEMPLE,1,100.0,0,306,66.2,71.2,65.8,0,0,1,100.0,100.0,100.0,0,0,0,8,8,0,0,8,1,1,0,0,7,0,,,,,,,,,,,,,,,,,,,,,,,,,,,False
Anthony Baxter,216193,G,S CAROLINA,2,100.0,0,289,57.4,70.6,56.8,0,0,1,100.0,100.0,100.0,0,0,0,8,0,0,0,8,1,1,8,0,7,0,,,,,,,,,,,,,,,,,,,,,,,,,,,False
Caden Voltaire,215581,T,N TEXAS,1,100.0,0,251,55.9,,55.0,0,0,0,,,,0,0,0,8,0,0,8,8,0,0,0,0,8,0,,,,,,,,,,,,,,,,,,,,,,,,,,,False
Jonathan Hatton Jr.,216944,HB,OKLAHOMA,3,24.2,0,261,56.4,78.4,60.0,0,0,5,38.5,31.3,100.0,0,0,0,8,0,0,0,33,5,16,0,0,3,0,,,,,,,,,,,,,,,,,,,,,,,,,,,False
Ben Beymer,200301,T,MARYLAND,1,100.0,0,215,60.5,75.0,58.7,0,0,2,100.0,100.0,100.0,0,0,0,8,0,0,4,8,2,2,0,4,6,0,,,,,,,,,,,,,,,,,,,,,,,,,,,False
Blake Guffey,184117,WR,OHIO,3,57.1,0,259,55.7,,61.6,0,0,0,0.0,0.0,,0,0,0,8,0,0,0,14,0,6,0,0,8,0,,,,,,,,,,,,,,,,,,,,,,,,,,,False
Caden Durham,184449,HB,LSU,3,50.0,0,211,53.9,74.6,56.4,0,0,4,50.0,50.0,100.0,0,0,0,8,0,0,0,16,4,8,0,0,4,0,,,,,,,,,,,,,,,,,,,,,,,,,,,False
Brandon White,215239,HB,KENT STATE,4,11.6,0,201,61.1,70.0,54.6,0,0,1,3.2,3.1,100.0,0,0,0,8,0,0,0,69,1,32,0,0,7,0,,,,,,,,,,,,,,,,,,,,,,,,,,,False
Carlos Moore,159110,G,MARYLAND,1,100.0,0,215,71.9,74.3,71.1,0,0,2,100.0,100.0,100.0,0,0,0,8,0,8,0,8,2,2,0,0,6,0,,,,,,,,,,,,,,,,,,,,,,,,,,,False
Adam Schobel,199265,QB,TCU,1,80.0,0,305,52.2,,60.0,0,0,0,0.0,0.0,,0,0,0,8,0,0,0,10,0,1,0,0,8,0,,,,,,,,,,,,,,,,,,,,,,,,,,,False
KJ Daniels,188771,WR,UAB,3,50.0,0,321,76.4,,60.5,0,0,0,0.0,0.0,,0,0,0,8,0,0,0,16,0,7,0,0,8,0,,,,,,,,,,,,,,,,,,,,,,,,,,,False
Bryson Luter,204713,QB,ARMY,1,53.3,0,114,76.1,,60.0,0,0,0,0.0,0.0,,0,0,0,8,0,0,0,15,0,2,0,0,8,0,,,,,,,,,,,,,,,,,,,,,,,,,,,False
Mikey Keene,70961,QB,ARIZONA ST,1,50.0,0,110,72.2,,60.0,0,0,0,0.0,0.0,,0,0,0,8,0,0,0,16,0,8,0,0,8,0,,,,,,,,,,,,,,,,,,,,,,,,,,,False
Ryan Cory,183653,C,WISCONSIN,1,100.0,0,349,59.0,67.7,58.7,0,0,1,100.0,100.0,100.0,0,0,0,8,8,0,0,8,1,1,0,0,7,0,,,,,,,,,,,,,,,,,,,,,,,,,,,False
Pierce Petersohn,227160,TE,VA TECH,2,66.7,0,337,65.3,,67.5,0,0,0,0.0,0.0,,0,0,0,8,0,0,0,12,0,4,0,0,8,10,,,,,,,,,,,,,,,,,,,,,,,,,,,False
Jonah Zimmerman,171033,G,ARMY,1,100.0,0,114,50.4,67.3,50.1,0,0,1,100.0,100.0,100.0,0,0,0,8,0,0,0,8,1,1,8,0,7,0,,,,,,,,,,,,,,,,,,,,,,,,,,,False
Brett Karhu,184713,ED,NEW MEXICO,3,80.0,0,241,57.3,,47.7,0,0,0,0.0,0.0,,1,0,0,8,0,0,0,10,0,2,0,0,8,0,,,,,,,,,,,,,,,,,,,,,,,,,,,False
Austin McGee,189966,WR,GA STATE,3,47.1,0,175,49.6,,60.8,0,0,0,0.0,0.0,,0,0,0,8,0,0,0,17,0,9,0,0,8,0,,,,,,,,,,,,,,,,,,,,,,,,,,,False
Henry Fenuku,198875,G,N TEXAS,1,100.0,0,251,59.6,,59.3,0,0,0,,,,0,0,0,8,0,8,0,8,0,0,0,0,8,0,,,,,,,,,,,,,,,,,,,,,,,,,,,False
Matthew Maxey,198638,WR,KENT STATE,2,61.5,0,201,58.1,,60.1,0,0,0,0.0,0.0,,0,0,0,8,0,0,0,13,0,5,0,0,8,0,,,,,,,,,,,,,,,,,,,,,,,,,,,False
Tyreek King,220424,WR,TENNESSEE,3,66.7,0,307,58.2,,58.0,0,0,0,0.0,0.0,,0,0,0,8,0,0,0,12,0,4,0,0,8,0,,,,,,,,,,,,,,,,,,,,,,,,,,,False
Will Zundel,183786,TE,BYU,2,88.9,0,128,59.3,,59.4,0,0,0,0.0,0.0,,0,0,0,8,0,0,0,9,0,1,0,0,8,2,,,,,,,,,,,,,,,,,,,,,,,,,,,False
Ja'Varien Salter,223920,HB,DOMINION,3,36.4,0,263,58.3,24.5,57.3,0,0,4,57.1,50.0,100.0,0,0,0,8,0,0,0,22,4,8,0,0,4,0,,,,,,,,,,,,,,,,,,,,,,,,,,,False
Demon June,199824,HB,N CAROLINA,3,19.0,0,245,70.4,41.4,60.0,0,0,7,46.7,46.7,100.0,1,0,0,8,0,0,0,42,7,15,0,0,1,0,,,,,,,,,,,,,,,,,,,,,,,,,,,False
Max Cutforth,176220,QB,BOISE ST,2,72.7,0,120,63.0,,60.0,0,0,0,,,,0,0,0,8,0,0,0,11,0,0,0,0,8,0,,,,,,,,,,,,,,,,,,,,,,,,,,,False
C.J. Van Buren,153940,G,TEMPLE,1,100.0,0,306,58.3,72.0,57.6,0,0,1,100.0,100.0,100.0,0,0,0,8,0,8,0,8,1,1,0,0,7,0,,,,,,,,,,,,,,,,,,,,,,,,,,,False
Journee Tonga,222673,HB,BYU,2,30.8,0,128,85.6,76.1,58.3,0,0,3,37.5,37.5,100.0,0,0,0,8,0,0,0,26,3,8,0,0,5,0,,,,,,,,,,,,,,,,,,,,,,,,,,,False
Matthew Grow,222663,T,GA STATE,1,100.0,0,175,60.3,70.9,58.8,0,0,3,100.0,100.0,100.0,0,0,0,8,0,0,0,8,3,3,0,8,5,0,,,,,,,,,,,,,,,,,,,,,,,,,,,False
Brandon Smith,217224,HB,OREGON,1,26.7,0,264,76.4,77.8,60.0,0,0,6,50.0,53.8,100.0,0,0,0,8,0,0,0,30,7,13,0,0,1,0,,,,,,,,,,,,,,,,,,,,,,,,,,,False
TJ Whitfield,218327,C,GA STATE,1,100.0,0,175,64.1,41.0,65.0,0,0,3,100.0,100.0,100.0,0,0,0,8,8,0,0,8,3,3,0,0,5,0,,,,,,,,,,,,,,,,,,,,,,,,,,,False
Trey Drake,174411,QB,N DAK ST,2,61.5,0,250,69.3,,60.0,0,0,0,0.0,0.0,,0,0,0,8,0,0,0,13,0,4,0,0,8,0,,,,,,,,,,,,,,,,,,,,,,,,,,,False
Drew Devillier,190639,QB,FAU,3,53.3,0,165,57.7,,60.0,0,0,0,0.0,0.0,,0,0,0,8,0,0,0,15,0,5,0,0,8,0,,,,,,,,,,,,,,,,,,,,,,,,,,,False
Armando Nieves,198928,G,S CAROLINA,1,100.0,0,289,57.5,67.3,57.0,0,0,1,100.0,100.0,100.0,0,0,0,8,0,0,0,8,1,1,6,2,7,0,,,,,,,,,,,,,,,,,,,,,,,,,,,False
Brady Jones,200039,QB,OREGON ST,2,57.1,0,265,71.1,,60.0,0,0,0,0.0,0.0,,0,0,0,8,0,0,0,14,0,2,0,0,8,0,,,,,,,,,,,,,,,,,,,,,,,,,,,False
Sioeli Helu,73697,C,NEW MEX ST,1,100.0,0,242,60.4,71.9,59.7,0,0,2,100.0,100.0,100.0,0,0,0,8,5,3,0,8,2,2,0,0,6,0,,,,,,,,,,,,,,,,,,,,,,,,,,,False
Lucian Anderson III,173364,QB,S CAROLINA,2,72.7,0,289,59.6,,60.0,0,0,0,0.0,0.0,,0,0,0,8,0,0,0,11,0,2,0,0,8,0,,,,,,,,,,,,,,,,,,,,,,,,,,,False
Jackson Cook,198588,WR,KANSAS,1,57.1,0,198,56.2,,61.7,0,0,0,0.0,0.0,,0,0,0,8,0,0,0,14,0,6,0,0,8,0,,,,,,,,,,,,,,,,,,,,,,,,,,,False
Evan Goodwin,213778,G,SMU,1,100.0,0,287,61.2,77.1,59.4,0,0,6,100.0,100.0,100.0,0,0,0,8,0,8,0,8,6,6,0,0,2,0,,,,,,,,,,,,,,,,,,,,,,,,,,,False
Dane Nauman,190135,HB,TOLEDO,3,80.0,0,316,65.1,,58.2,0,0,0,0.0,0.0,,0,0,0,8,0,0,0,10,0,1,0,0,8,0,,,,,,,,,,,,,,,,,,,,,,,,,,,False
Henry Omohundro,189722,TE,VIRGINIA,2,72.7,0,335,55.3,,58.9,0,0,0,0.0,0.0,,0,0,0,8,0,0,0,11,0,3,0,0,8,6,,,,,,,,,,,,,,,,,,,,,,,,,,,False
Deante Ruffin,198632,QB,KENT STATE,1,61.5,0,201,28.9,,60.0,0,0,0,0.0,0.0,,0,0,0,8,0,0,0,13,0,4,0,0,8,0,,,,,,,,,,,,,,,,,,,,,,,,,,,False
Oliver Lundberg,184034,HB,COLO STATE,3,28.6,0,144,58.9,74.9,57.3,0,0,4,33.3,26.7,100.0,0,0,0,8,0,0,0,28,4,15,0,0,4,0,,,,,,,,,,,,,,,,,,,,,,,,,,,False
Jackson Gister,190478,TE,RUTGERS,2,100.0,0,278,69.8,63.8,68.3,0,0,1,100.0,100.0,100.0,0,0,0,8,0,0,0,8,1,1,0,0,7,7,,,,,,,,,,,,,,,,,,,,,,,,,,,False
Karon Spencer,220413,T,TEMPLE,1,100.0,0,306,50.9,72.8,47.8,0,0,1,100.0,100.0,100.0,0,0,0,8,0,0,0,8,1,1,0,8,7,0,,,,,,,,,,,,,,,,,,,,,,,,,,,False
Isaiah West,199862,HB,OHIO STATE,4,18.2,0,260,75.8,82.1,,0,0,8,30.8,29.6,100.0,0,0,0,8,0,0,0,44,8,27,0,0,0,0,,,,,,,,,,,,,,,,,,,,,,,,,,,False
Henry Douglass,175280,G,SMU,1,100.0,0,287,54.4,15.4,58.6,0,0,5,100.0,100.0,100.0,0,0,0,8,0,8,0,8,5,5,0,0,3,0,,,,,,,,,,,,,,,,,,,,,,,,,,,False
Hunter Albright,206171,G,PENN STATE,1,100.0,0,266,74.4,68.4,73.8,0,0,1,100.0,100.0,100.0,0,0,0,8,0,8,0,8,1,1,0,0,7,0,,,,,,,,,,,,,,,,,,,,,,,,,,,False
Brady Palmer,214560,QB,MINNESOTA,1,50.0,0,225,56.9,,60.0,0,0,0,0.0,0.0,,0,0,0,8,0,0,0,16,0,8,0,0,8,0,,,,,,,,,,,,,,,,,,,,,,,,,,,False
Tyrell Simmons Jr.,188160,WR,BUFFALO,3,61.5,0,126,56.7,,61.7,0,0,0,0.0,0.0,,0,0,0,8,0,0,0,13,0,5,0,0,8,0,,,,,,,,,,,,,,,,,,,,,,,,,,,False
Joakim Dodson,208848,WR,TENNESSEE,1,53.3,0,307,54.0,,60.3,0,0,0,0.0,0.0,,0,0,0,8,0,0,0,15,0,7,0,0,8,0,,,,,,,,,,,,,,,,,,,,,,,,,,,False
Isaiah Carlson,173968,HB,S JOSE ST,3,44.4,0,285,56.4,78.6,60.0,0,0,5,100.0,85.7,100.0,0,0,0,8,0,0,0,18,6,7,0,0,2,0,,,,,,,,,,,,,,,,,,,,,,,,,,,False
Jackson Long,162610,TE,GA SOUTHRN,3,100.0,0,174,54.4,,54.7,0,0,0,,,,0,0,0,8,0,0,1,8,0,0,0,0,8,7,,,,,,,,,,,,,,,,,,,,,,,,,,,False
Kamren Flowers,205427,WR,UCONN,1,61.5,0,146,77.7,,61.0,0,0,0,0.0,0.0,,0,0,0,8,0,0,0,13,0,5,0,0,8,0,,,,,,,,,,,,,,,,,,,,,,,,,,,False
DeShawn Woods,157675,T,W VIRGINIA,1,100.0,0,343,57.8,,57.5,0,0,0,,,,0,0,0,8,0,0,8,8,0,0,0,0,8,0,,,,,,,,,,,,,,,,,,,,,,,,,,,False
Nick Hallock,204413,G,UTAH,1,100.0,0,328,65.7,,65.2,0,0,0,,,,0,0,0,8,0,0,0,8,0,0,8,0,8,0,,,,,,,,,,,,,,,,,,,,,,,,,,,False
Soren Shinofield,204406,T,UTAH,1,100.0,0,328,70.1,,69.6,0,0,0,,,,0,0,0,8,0,0,0,8,0,0,0,8,8,0,,,,,,,,,,,,,,,,,,,,,,,,,,,False
Aidan Woods,214071,G,W VIRGINIA,1,100.0,0,343,59.5,,59.2,0,0,0,,,,0,0,0,8,0,0,0,8,0,0,5,3,8,0,,,,,,,,,,,,,,,,,,,,,,,,,,,False
Hunter Smith,155556,HB,TEMPLE,2,34.8,0,306,53.7,77.4,67.9,0,0,4,40.0,40.0,100.0,0,0,0,8,0,0,0,23,4,10,0,0,4,0,,,,,,,,,,,,,,,,,,,,,,,,,,,False
Samson Gash,222876,WR,MICH STATE,2,66.7,0,223,47.8,,60.7,0,0,0,0.0,0.0,,1,0,0,8,0,0,0,12,0,4,0,0,8,0,,,,,,,,,,,,,,,,,,,,,,,,,,,False
Keisean Henderson,213714,QB,HOUSTON,2,47.1,0,182,77.8,,60.0,0,0,0,0.0,0.0,,0,0,0,8,0,0,0,17,0,8,0,0,8,0,,,,,,,,,,,,,,,,,,,,,,,,,,,False
Justin Bell,198813,T,VA TECH,1,100.0,0,337,68.7,,68.3,0,0,0,,,,0,0,0,8,0,0,0,8,0,0,0,8,8,0,,,,,,,,,,,,,,,,,,,,,,,,,,,False
Zack Turner,213717,TE,SMU,1,34.8,0,287,78.7,68.5,55.7,0,0,1,6.7,6.3,100.0,0,0,0,8,0,0,0,23,1,16,0,0,7,1,,,,,,,,,,,,,,,,,,,,,,,,,,,False
Josiah Dozier,218460,WR,MINNESOTA,2,100.0,0,225,70.4,,81.4,0,0,0,,,,0,0,0,8,0,0,0,8,0,0,0,0,8,0,,,,,,,,,,,,,,,,,,,,,,,,,,,False
Trevor Bigelow,208860,C,W VIRGINIA,1,100.0,0,343,58.0,,58.0,0,0,0,,,,0,0,0,8,8,0,0,8,0,0,0,0,8,0,,,,,,,,,,,,,,,,,,,,,,,,,,,False
Mausa Palu,184792,G,TEMPLE,1,100.0,0,306,60.8,72.0,60.1,0,0,1,100.0,100.0,100.0,0,0,0,8,0,0,0,8,1,1,8,0,7,0,,,,,,,,,,,,,,,,,,,,,,,,,,,False
Karson Boschma,173725,WR,OREGON ST,2,72.7,0,265,57.9,,60.3,0,0,0,0.0,0.0,,0,0,0,8,0,0,0,11,0,3,0,0,8,0,,,,,,,,,,,,,,,,,,,,,,,,,,,False
Chase Hinshaw,204380,WR,UCF,1,88.9,0,323,58.6,,60.0,0,0,0,,0.0,,0,0,0,8,0,0,0,9,0,1,0,0,8,0,,,,,,,,,,,,,,,,,,,,,,,,,,,False
Tristan Smith,192874,WR,CLEMSON,3,57.1,0,140,56.9,,61.6,0,0,0,0.0,0.0,,0,0,0,8,0,0,0,14,0,6,0,0,8,0,,,,,,,,,,,,,,,,,,,,,,,,,,,False
Cole Adams,134273,WR,VANDERBILT,4,21.1,0,333,56.4,,78.1,0,0,0,0.0,0.0,,0,0,0,8,0,0,0,38,0,30,0,0,8,0,,,,,,,,,,,,,,,,,,,,,,,,,,,False
Anthony Favrow,157156,HB,MISSOURI,4,34.8,0,229,63.4,27.7,59.9,0,0,5,41.7,41.7,100.0,0,0,0,8,0,0,0,23,5,12,0,0,3,0,,,,,,,,,,,,,,,,,,,,,,,,,,,False
RJ Garcia II,144591,WR,FAU,4,29.6,0,165,56.6,,41.5,0,0,0,0.0,0.0,,0,0,0,8,0,0,0,27,0,19,0,0,8,0,,,,,,,,,,,,,,,,,,,,,,,,,,,False
Quinton Martin Jr.,183609,HB,PENN STATE,3,14.3,0,266,70.5,76.9,58.9,0,0,4,16.7,15.4,100.0,0,0,0,8,0,0,0,56,4,26,0,0,4,0,,,,,,,,,,,,,,,,,,,,,,,,,,,False
KD Hunter-Gibson,198256,WR,CHARLOTTE,2,36.4,0,136,49.4,,42.5,0,0,0,0.0,0.0,,0,0,0,8,0,0,0,22,0,14,0,0,8,0,,,,,,,,,,,,,,,,,,,,,,,,,,,False
Jordan Manuel,205109,WR,MO STATE,1,88.9,0,230,59.5,,60.4,0,0,0,0.0,0.0,,0,0,0,8,0,0,0,9,0,1,0,0,8,0,,,,,,,,,,,,,,,,,,,,,,,,,,,False
Joeseph Skipworth,205097,TE,MISS STATE,2,66.7,0,227,56.1,68.9,59.9,0,0,4,50.0,50.0,100.0,0,0,0,8,0,0,0,12,4,8,0,1,4,7,,,,,,,,,,,,,,,,,,,,,,,,,,,False
Braylon Toliver,215439,WR,N DAK ST,1,72.7,0,250,56.1,,59.9,0,0,0,0.0,0.0,,0,0,0,8,0,0,0,11,0,3,0,0,8,0,,,,,,,,,,,,,,,,,,,,,,,,,,,False
Braylon Collier,198808,WR,MICH STATE,3,66.7,0,223,83.2,,61.6,0,0,0,0.0,0.0,,0,0,0,8,0,0,0,12,0,4,0,0,8,0,,,,,,,,,,,,,,,,,,,,,,,,,,,False
Jaden Allen-Hendrix,188719,HB,COAST CAR,4,30.8,0,141,63.8,0.0,59.2,0,2,5,38.5,40.0,80.0,0,2,0,8,0,0,0,26,6,15,0,0,2,0,,,,,,,,,,,,,,,,,,,,,,,,,,,False
Keavon Roberts,213809,WR,HOUSTON,1,100.0,0,182,60.7,,61.0,0,0,0,,,,0,0,0,8,0,0,0,8,0,0,0,0,8,0,,,,,,,,,,,,,,,,,,,,,,,,,,,False
Iverson Hooks,163020,WR,OREGON,1,66.7,0,264,57.4,,55.1,0,0,0,0.0,0.0,,0,0,0,8,0,0,0,12,0,4,0,0,8,0,,,,,,,,,,,,,,,,,,,,,,,,,,,False
Johnnie Thiel IV,198692,WR,LA TECH,1,72.7,0,208,54.9,,55.0,0,0,0,0.0,0.0,,0,0,0,8,0,0,0,11,0,3,0,0,8,0,,,,,,,,,,,,,,,,,,,,,,,,,,,False
Enoch Watson,213732,QB,BYU,1,80.0,0,128,62.4,,60.0,0,0,0,,,,0,0,0,8,0,0,0,10,0,0,0,0,8,0,,,,,,,,,,,,,,,,,,,,,,,,,,,False
Evan Wysong,175745,WR,NEW MEXICO,2,100.0,0,241,60.3,,60.1,0,0,0,,,,0,0,0,8,0,0,0,8,0,0,0,0,8,0,,,,,,,,,,,,,,,,,,,,,,,,,,,False
Delaney Crawford,156386,WR,OHIO,2,66.7,0,259,55.9,,60.2,0,0,0,0.0,0.0,,0,0,0,8,0,0,0,12,0,4,0,0,8,0,,,,,,,,,,,,,,,,,,,,,,,,,,,False
Pearce Spurlin III,173545,TE,COLO STATE,3,30.8,0,144,55.5,68.9,44.3,0,0,2,11.1,14.3,100.0,0,0,0,8,0,0,0,26,3,21,0,1,5,17,,,,,,,,,,,,,,,,,,,,,,,,,,,False
Zafir Stewart,183513,C,ILLINOIS,2,100.0,0,187,51.5,68.5,51.6,0,0,1,100.0,100.0,100.0,0,0,0,8,7,0,1,8,1,1,0,0,7,0,,,,,,,,,,,,,,,,,,,,,,,,,,,False
Trey Petty,183510,QB,W MICHIGAN,2,38.1,0,347,90.8,,60.0,0,0,0,0.0,0.0,,0,0,0,8,0,0,0,21,0,9,0,0,8,0,,,,,,,,,,,,,,,,,,,,,,,,,,,False
Jaime Ffrench Jr.,199292,WR,MICHIGAN,2,80.0,0,222,58.3,,60.1,0,0,0,0.0,0.0,,0,0,0,8,0,0,0,10,0,2,0,0,8,0,,,,,,,,,,,,,,,,,,,,,,,,,,,False
Jackson McCarter,198583,HB,JAMES MAD,2,31.8,0,197,68.3,77.8,59.6,0,0,4,30.8,28.6,100.0,0,0,0,7,0,0,0,22,4,14,0,0,3,0,,,,,,,,,,,,,,,,,,,,,,,,,,,False
Chris Hunter,220576,HB,UTEP,2,53.8,0,330,60.5,76.4,59.9,0,0,3,50.0,50.0,100.0,0,0,0,7,0,0,0,13,4,8,0,0,3,1,,,,,,,,,,,,,,,,,,,,,,,,,,,False
Marquis Gillis,151714,HB,ARIZONA ST,3,18.4,0,110,64.5,75.8,59.7,0,0,3,13.6,13.0,100.0,0,0,0,7,0,0,0,38,3,23,0,0,4,0,,,,,,,,,,,,,,,,,,,,,,,,,,,False
Will Morris,131016,C,TULSA,2,100.0,0,320,62.9,60.9,62.8,0,0,1,100.0,100.0,100.0,0,0,0,7,6,0,0,7,1,1,0,0,6,0,,,,,,,,,,,,,,,,,,,,,,,,,,,False
La'Keyleon Graves,216305,WR,TEXAS ST,1,70.0,0,314,83.9,,60.0,0,0,0,0.0,0.0,,0,0,0,7,0,0,0,10,0,3,0,0,7,0,,,,,,,,,,,,,,,,,,,,,,,,,,,False
Jeremy George-El,220430,G,TENNESSEE,1,100.0,0,307,60.1,71.6,59.2,0,0,3,100.0,100.0,100.0,0,0,0,7,0,7,0,7,3,3,0,0,4,0,,,,,,,,,,,,,,,,,,,,,,,,,,,False
Ross Johnston,190735,T,TULSA,1,100.0,0,320,60.1,,59.7,0,0,0,,,,0,0,0,7,0,0,6,7,0,0,0,0,7,1,,,,,,,,,,,,,,,,,,,,,,,,,,,False
Walter Moses,199322,QB,TOLEDO,2,53.8,0,316,75.3,,60.0,0,0,0,0.0,0.0,,0,0,0,7,0,0,0,13,0,1,0,0,7,0,,,,,,,,,,,,,,,,,,,,,,,,,,,False
Corey Thompson Jr.,174081,WR,BALL ST,2,24.1,0,117,48.8,,32.7,0,0,0,0.0,0.0,,0,0,0,7,0,0,0,29,0,22,0,0,7,0,,,,,,,,,,,,,,,,,,,,,,,,,,,False
Cam King,184403,WR,GA SOUTHRN,1,35.0,0,174,72.9,,80.7,0,0,0,0.0,0.0,,0,0,0,7,0,0,0,20,0,13,0,0,7,0,,,,,,,,,,,,,,,,,,,,,,,,,,,False
Ismail Mahdi,161419,HB,ARIZONA,2,23.3,0,109,74.7,74.9,59.0,0,0,4,26.7,26.7,100.0,0,0,0,7,0,0,0,30,4,15,0,0,3,0,,,,,,,,,,,,,,,,,,,,,,,,,,,False
Zion Kearney,184598,WR,WISCONSIN,1,87.5,0,349,59.4,,60.4,0,0,0,0.0,0.0,,0,0,0,7,0,0,0,8,0,1,0,0,7,0,,,,,,,,,,,,,,,,,,,,,,,,,,,False
Xavier Robinson,184603,HB,OKLAHOMA,4,13.2,0,261,64.2,18.8,53.3,0,1,4,11.1,10.8,87.5,0,1,0,7,0,0,0,53,4,37,0,0,3,0,,,,,,,,,,,,,,,,,,,,,,,,,,,False
Josh Williamson,173809,WR,KENNESAW,2,46.7,0,200,67.9,,60.3,0,0,0,0.0,0.0,,0,0,0,7,0,0,0,15,0,7,0,0,7,0,,,,,,,,,,,,,,,,,,,,,,,,,,,False
Coen Logan,216230,WR,TEMPLE,1,77.8,0,306,66.4,,60.4,0,0,0,0.0,0.0,,0,0,0,7,0,0,0,9,0,1,0,0,7,0,,,,,,,,,,,,,,,,,,,,,,,,,,,False
Jackson Bradley,198694,QB,LA TECH,1,53.8,0,208,56.9,,60.0,0,0,0,0.0,0.0,,0,0,0,7,0,0,0,13,0,3,0,0,7,0,,,,,,,,,,,,,,,,,,,,,,,,,,,False
Steele Pizzella,199501,QB,WAKE,3,41.2,0,339,62.2,,60.2,0,0,0,0.0,0.0,,0,0,0,7,0,0,0,17,0,9,0,0,7,0,,,,,,,,,,,,,,,,,,,,,,,,,,,False
Conner Harrell,156352,QB,CHARLOTTE,2,23.3,0,136,50.5,,60.0,0,0,0,0.0,0.0,,0,0,0,7,0,0,0,30,0,22,0,0,7,0,,,,,,,,,,,,,,,,,,,,,,,,,,,False
Nate Palmer,183835,HB,WISCONSIN,4,21.2,0,349,66.6,28.9,59.2,0,0,2,10.5,10.5,100.0,0,0,0,7,0,0,0,33,2,19,0,0,5,0,,,,,,,,,,,,,,,,,,,,,,,,,,,False
Rickey Taylor Jr.,188437,WR,N ILLINOIS,1,22.6,0,254,67.5,,61.2,0,0,0,0.0,0.0,,0,0,0,7,0,0,0,31,0,24,0,0,7,0,,,,,,,,,,,,,,,,,,,,,,,,,,,False
TeKai Kirby,175440,WR,VIRGINIA,3,58.3,0,335,69.1,,61.2,0,0,0,0.0,0.0,,0,0,0,7,0,0,0,12,0,5,0,0,7,0,,,,,,,,,,,,,,,,,,,,,,,,,,,False
Scotty Fox Jr.,199546,QB,W VIRGINIA,1,46.7,0,343,51.5,,60.0,0,0,0,0.0,0.0,,1,0,0,7,0,0,0,15,0,4,0,0,7,0,,,,,,,,,,,,,,,,,,,,,,,,,,,False
Nedrick Boldin Jr.,199614,WR,BOSTON COL,3,35.0,0,121,62.6,,61.2,0,0,0,0.0,0.0,,0,0,0,7,0,0,0,20,0,13,0,0,7,0,,,,,,,,,,,,,,,,,,,,,,,,,,,False
Terron Kellman,158048,HB,LIBERTY,4,25.0,0,206,76.9,74.0,58.6,0,0,3,27.3,25.0,100.0,0,0,0,7,0,0,0,28,3,12,0,0,4,0,,,,,,,,,,,,,,,,,,,,,,,,,,,False
Zyon Guiles,216189,T,S CAROLINA,2,100.0,0,289,77.6,71.6,78.6,0,0,1,100.0,100.0,100.0,0,0,0,7,0,0,7,7,1,1,0,0,6,0,,,,,,,,,,,,,,,,,,,,,,,,,,,False
Donielle Hayes,173405,WR,MINNESOTA,2,100.0,0,225,59.3,,58.3,0,0,0,,,,0,0,0,7,0,0,0,7,0,0,0,0,7,0,,,,,,,,,,,,,,,,,,,,,,,,,,,False
Xavier Williams,189698,HB,IOWA,4,17.1,0,192,73.4,24.9,60.0,1,0,4,22.2,25.0,87.5,0,1,0,7,0,0,0,41,5,20,0,0,2,1,,,,,,,,,,,,,,,,,,,,,,,,,,,False
Zialis Blackmon,216123,WR,DOMINION,2,22.6,0,263,71.4,,55.2,0,0,0,0.0,0.0,,0,0,0,7,0,0,0,31,0,24,0,0,7,0,,,,,,,,,,,,,,,,,,,,,,,,,,,False
Devin Fitzgerald,216111,WR,NOTRE DAME,1,77.8,0,258,87.0,,59.8,0,0,0,0.0,0.0,,0,0,0,7,0,0,0,9,0,2,0,0,7,0,,,,,,,,,,,,,,,,,,,,,,,,,,,False
Peyton Farmer,173237,T,RICE,1,100.0,0,275,67.8,,67.7,0,0,0,,,,0,0,0,7,0,0,4,7,0,0,0,3,7,0,,,,,,,,,,,,,,,,,,,,,,,,,,,False
Brayden Fogle,217069,TE,GEORGIA,2,87.5,0,173,58.4,,59.3,0,0,0,0.0,0.0,,0,0,0,7,0,0,0,8,0,1,0,0,7,5,,,,,,,,,,,,,,,,,,,,,,,,,,,False
Shawn Hammerbeck,199795,T,NEBRASKA,2,100.0,0,238,53.3,69.3,51.3,0,0,2,100.0,100.0,100.0,0,0,0,7,0,0,0,7,2,2,0,5,5,2,,,,,,,,,,,,,,,,,,,,,,,,,,,False
Cortez Mills Jr.,199803,WR,NEBRASKA,2,41.2,0,238,69.0,,55.3,0,0,0,0.0,0.0,,0,0,0,7,0,0,0,17,0,10,0,0,7,0,,,,,,,,,,,,,,,,,,,,,,,,,,,False
Grayson McKeogh,216101,T,NOTRE DAME,1,100.0,0,258,61.9,72.0,60.7,0,0,2,100.0,100.0,100.0,0,0,0,7,0,0,7,7,2,2,0,0,5,0,,,,,,,,,,,,,,,,,,,,,,,,,,,False
Joe Pitchford,189712,FB,TCU,3,30.4,0,305,66.6,72.9,59.3,0,0,3,37.5,37.5,100.0,0,0,0,7,0,0,0,23,3,8,0,0,4,0,,,,,,,,,,,,,,,,,,,,,,,,,,,False
Sam Zelenovich,198564,WR,IOWA STATE,1,87.5,0,193,66.8,,80.6,0,0,0,0.0,0.0,,0,0,0,7,0,0,0,8,0,1,0,0,7,0,,,,,,,,,,,,,,,,,,,,,,,,,,,False
Michael Ray,215993,G,AIR FORCE,1,100.0,0,101,77.9,,77.0,0,0,0,,,,0,0,0,7,0,7,0,7,0,0,0,0,7,0,,,,,,,,,,,,,,,,,,,,,,,,,,,False
Apollo Payne,198556,WR,IOWA,1,100.0,0,192,59.6,,58.8,0,0,0,,,,0,0,0,7,0,0,0,7,0,0,0,0,7,0,,,,,,,,,,,,,,,,,,,,,,,,,,,False
Courtney Crutchfield,190213,WR,ARKANSAS,3,58.3,0,111,56.1,,60.5,0,0,0,0.0,0.0,,0,0,0,7,0,0,0,12,0,5,0,0,7,0,,,,,,,,,,,,,,,,,,,,,,,,,,,False
Zaire McKinney,217080,WR,N ILLINOIS,4,25.9,0,254,58.9,,43.2,0,0,0,0.0,0.0,,0,0,0,7,0,0,0,27,0,20,0,0,7,0,,,,,,,,,,,,,,,,,,,,,,,,,,,False
Keylen Adams,184925,WR,VA TECH,2,41.2,0,337,61.0,,50.1,0,0,0,0.0,0.0,,0,0,0,7,0,0,0,17,0,10,0,0,7,0,,,,,,,,,,,,,,,,,,,,,,,,,,,False
Khristian Martin,188254,QB,FRESNO ST,2,53.8,0,169,46.3,,60.0,0,0,0,0.0,0.0,,0,0,0,7,0,0,0,13,0,2,0,0,7,0,,,,,,,,,,,,,,,,,,,,,,,,,,,False
Prince Jean,215830,WR,KENTUCKY,4,36.8,0,202,68.8,,60.0,0,0,0,0.0,0.0,,0,0,0,7,0,0,0,19,0,12,0,0,7,0,,,,,,,,,,,,,,,,,,,,,,,,,,,False
Ejani Shakir,214724,WR,MARYLAND,3,58.3,0,215,74.2,,60.8,0,0,0,0.0,0.0,,1,0,0,7,0,0,0,12,0,3,0,0,7,0,,,,,,,,,,,,,,,,,,,,,,,,,,,False
Austin Mack,171934,QB,ALABAMA,3,58.3,0,103,68.6,,60.0,0,0,0,0.0,0.0,,0,0,0,7,0,0,0,12,0,3,0,0,7,0,,,,,,,,,,,,,,,,,,,,,,,,,,,False
Duke Frye,160493,TE,NEW MEX ST,4,87.5,0,242,59.5,,60.4,0,0,0,0.0,0.0,,0,0,0,7,0,0,0,8,0,1,0,0,7,8,,,,,,,,,,,,,,,,,,,,,,,,,,,False
Tyler Mustain,171862,TE,ARIZONA,3,100.0,0,109,57.4,,56.3,0,0,0,,,,0,0,0,7,0,0,0,7,0,0,0,0,7,4,,,,,,,,,,,,,,,,,,,,,,,,,,,False
Bo Walker,198466,HB,GEORGIA,4,18.4,0,173,64.9,54.1,60.0,0,1,6,28.6,28.6,91.7,0,1,0,7,0,0,0,38,6,21,0,0,1,0,,,,,,,,,,,,,,,,,,,,,,,,,,,False
Chavez Thompson,198438,C,FLORIDA ST,1,100.0,0,167,56.8,74.4,55.5,0,0,3,100.0,100.0,100.0,0,0,0,7,7,0,0,7,3,3,0,0,4,0,,,,,,,,,,,,,,,,,,,,,,,,,,,False
Leonard Farrow,215768,HB,FAU,4,9.5,0,165,73.1,56.0,60.0,1,0,4,11.8,11.8,87.5,0,1,0,7,0,0,0,74,4,34,0,0,3,0,,,,,,,,,,,,,,,,,,,,,,,,,,,False
Zycarl Lewis Jr.,189579,WR,TULANE,1,43.8,0,319,72.2,,60.7,0,0,0,0.0,0.0,,0,0,0,7,0,0,0,16,0,9,0,0,7,0,,,,,,,,,,,,,,,,,,,,,,,,,,,False
Sterling Joseph,198401,HB,FIU,4,17.9,0,166,60.2,20.2,70.2,0,0,5,22.7,21.7,100.0,0,0,0,7,0,0,0,39,5,23,0,0,2,0,,,,,,,,,,,,,,,,,,,,,,,,,,,False
Luke Brewer,222700,TE,IOWA,2,87.5,0,192,67.1,,68.1,0,0,0,0.0,0.0,,0,0,0,7,0,0,0,8,0,1,0,0,7,7,,,,,,,,,,,,,,,,,,,,,,,,,,,False
Jamien Little,198338,WR,DUKE,2,100.0,0,154,61.3,,62.2,0,0,0,,,,0,0,0,7,0,0,0,7,0,0,0,0,7,0,,,,,,,,,,,,,,,,,,,,,,,,,,,False
Tyler Lee,170986,T,ARMY,1,100.0,0,114,67.6,65.7,67.1,0,0,1,100.0,100.0,100.0,0,0,0,7,0,0,0,7,1,1,0,5,6,2,,,,,,,,,,,,,,,,,,,,,,,,,,,False
Brian Dyer,170971,TE,ARMY,1,70.0,0,114,59.8,,63.6,0,0,0,0.0,0.0,,0,0,0,7,0,0,1,10,0,3,0,1,7,7,,,,,,,,,,,,,,,,,,,,,,,,,,,False
O'Shea Stroman,210475,G,CHARLOTTE,2,100.0,0,136,60.6,73.4,59.6,0,0,2,100.0,100.0,100.0,0,0,0,7,0,6,0,7,2,2,0,0,5,0,,,,,,,,,,,,,,,,,,,,,,,,,,,False
Kalvin Gilbert Jr.,200358,WR,TOLEDO,1,100.0,0,316,60.5,,60.6,0,0,0,,,,0,0,0,7,0,0,0,7,0,0,0,0,7,0,,,,,,,,,,,,,,,,,,,,,,,,,,,False
Jamal Rule,214466,HB,NEBRASKA,4,8.4,0,238,86.2,77.7,60.0,0,0,4,10.8,10.8,100.0,0,0,0,7,0,0,0,83,4,37,0,0,3,0,,,,,,,,,,,,,,,,,,,,,,,,,,,False
Aidin Rhodes,176459,G,TEXAS ST,1,100.0,0,314,60.0,0.0,64.8,0,1,2,100.0,100.0,75.0,0,1,0,7,0,0,0,7,2,2,7,0,5,0,,,,,,,,,,,,,,,,,,,,,,,,,,,False
Stephen Brown,217674,TE,NC STATE,2,63.6,0,248,51.5,,54.0,0,0,0,0.0,0.0,,0,0,0,7,0,0,0,11,0,4,0,0,7,9,,,,,,,,,,,,,,,,,,,,,,,,,,,False
Kenneth Moore III,217812,WR,UCLA,1,87.5,0,324,58.6,,59.1,0,0,0,0.0,0.0,,0,0,0,7,0,0,0,8,0,1,0,0,7,0,,,,,,,,,,,,,,,,,,,,,,,,,,,False
Julius Mathis,218848,TE,S ALABAMA,1,100.0,0,288,59.8,65.4,59.0,0,0,1,100.0,100.0,100.0,0,0,0,7,0,0,0,7,1,1,0,0,6,7,,,,,,,,,,,,,,,,,,,,,,,,,,,False
Drey Garner,201632,WR,SACRAMENTO,1,87.5,0,279,59.2,,60.8,0,0,0,0.0,0.0,,0,0,0,7,0,0,0,8,0,1,0,0,7,0,,,,,,,,,,,,,,,,,,,,,,,,,,,False
Jack Harris,217864,C,JAMES MAD,2,100.0,0,197,66.7,82.6,65.5,0,0,1,100.0,100.0,100.0,0,0,0,7,6,0,0,7,2,2,0,0,5,0,,,,,,,,,,,,,,,,,,,,,,,,,,,False
Omarion Davis,198254,G,CHARLOTTE,3,100.0,0,136,54.5,74.6,53.6,0,0,2,100.0,100.0,100.0,0,0,0,7,0,0,0,7,2,2,6,0,5,0,,,,,,,,,,,,,,,,,,,,,,,,,,,False
Terry Walker III,213462,QB,DUKE,1,53.8,0,154,53.7,,60.0,0,0,0,0.0,0.0,,0,0,0,7,0,0,0,13,0,5,0,0,7,0,,,,,,,,,,,,,,,,,,,,,,,,,,,False
Harold Duvall,204026,WR,FRESNO ST,1,43.8,0,169,72.4,,60.2,0,0,0,0.0,0.0,,0,0,0,7,0,0,0,16,0,9,0,0,7,0,,,,,,,,,,,,,,,,,,,,,,,,,,,False
Kedrick Triplett,213998,WR,W VIRGINIA,1,77.8,0,343,87.8,,60.0,0,0,0,0.0,0.0,,0,0,0,7,0,0,0,9,0,2,0,0,7,0,,,,,,,,,,,,,,,,,,,,,,,,,,,False
Brock Thomas,176601,QB,OREGON,1,58.3,0,264,54.5,,60.0,0,0,0,0.0,0.0,,0,0,0,7,0,0,0,12,0,5,0,0,7,0,,,,,,,,,,,,,,,,,,,,,,,,,,,False
Dane Steele,170139,G,VIRGINIA,2,100.0,0,335,53.9,,53.7,0,0,0,,,,0,0,0,7,0,4,0,7,0,0,3,0,7,0,,,,,,,,,,,,,,,,,,,,,,,,,,,False
Gavin Gregory,213946,TE,CINCINNATI,1,70.0,0,138,55.9,,59.6,0,0,0,0.0,0.0,,0,0,0,7,0,0,0,10,0,3,0,0,7,6,,,,,,,,,,,,,,,,,,,,,,,,,,,False
Russell Weir,190941,WR,UCLA,1,100.0,0,324,60.6,,60.8,0,0,0,,,,0,0,0,7,0,0,0,7,0,0,0,0,7,0,,,,,,,,,,,,,,,,,,,,,,,,,,,False
Keelan Smith,183586,WR,NEBRASKA,3,58.3,0,238,43.8,,61.1,0,0,0,0.0,0.0,,0,0,0,7,0,0,0,12,0,5,0,0,7,0,,,,,,,,,,,,,,,,,,,,,,,,,,,False
Wyatt Villarreal,213822,TE,PITTSBURGH,2,46.7,0,268,53.6,67.8,57.6,0,0,2,25.0,20.0,100.0,0,0,0,7,0,0,0,15,2,10,0,0,5,14,,,,,,,,,,,,,,,,,,,,,,,,,,,False
Mason Riggins,198170,TE,BALL ST,2,63.6,0,117,54.1,64.4,57.6,0,0,1,25.0,20.0,100.0,0,0,0,7,0,0,0,11,1,5,0,0,6,8,,,,,,,,,,,,,,,,,,,,,,,,,,,False
Ian Bothwell,204288,G,RICE,1,100.0,0,275,59.0,,58.8,0,0,0,,,,0,0,0,7,0,4,0,7,0,0,3,0,7,0,,,,,,,,,,,,,,,,,,,,,,,,,,,False
Joseph McVay,188520,WR,VANDERBILT,3,38.9,0,333,54.6,,61.0,0,0,0,0.0,0.0,,0,0,0,7,0,0,0,18,0,11,0,0,7,0,,,,,,,,,,,,,,,,,,,,,,,,,,,False
Jalen Williams,213801,WR,CINCINNATI,1,63.6,0,138,56.2,,59.3,0,0,0,0.0,0.0,,0,0,0,7,0,0,0,11,0,4,0,0,7,0,,,,,,,,,,,,,,,,,,,,,,,,,,,False
Connor Lair,164803,HB,MO STATE,4,23.3,0,230,64.2,85.0,67.5,0,0,3,23.1,21.4,100.0,0,0,0,7,0,0,0,30,3,14,0,0,4,0,,,,,,,,,,,,,,,,,,,,,,,,,,,False
Jarmaine Mitchell,213792,T,ARIZONA ST,1,100.0,0,110,76.7,78.5,75.8,0,0,3,100.0,100.0,100.0,0,0,0,7,0,0,6,7,3,3,0,1,4,0,,,,,,,,,,,,,,,,,,,,,,,,,,,False
Zach Hackleman,215310,WR,OHIO,3,46.7,0,259,74.0,,59.2,0,0,0,0.0,0.0,,0,0,0,7,0,0,0,15,0,8,0,0,7,0,,,,,,,,,,,,,,,,,,,,,,,,,,,False
Jordin Thomas,204516,HB,S DIEGO ST,4,29.2,0,284,61.8,21.7,60.0,0,2,6,50.0,50.0,83.3,0,2,0,7,0,0,0,24,6,12,0,0,1,0,,,,,,,,,,,,,,,,,,,,,,,,,,,False
Ace Cooper,215299,WR,BALL ST,3,50.0,0,117,54.7,,58.8,0,0,0,0.0,0.0,,0,0,0,7,0,0,0,14,0,6,0,0,7,0,,,,,,,,,,,,,,,,,,,,,,,,,,,False
Tevita Tuha,204543,DI,UTAH ST,1,100.0,0,329,59.3,68.1,57.4,0,0,2,100.0,100.0,100.0,0,0,0,7,0,0,0,7,3,3,0,0,4,6,,,,,,,,,,,,,,,,,,,,,,,,,,,False
Brody Smith,213774,T,NC STATE,1,100.0,0,248,70.7,75.6,70.1,0,0,3,100.0,100.0,100.0,1,0,0,7,0,0,7,7,3,3,0,0,4,0,,,,,,,,,,,,,,,,,,,,,,,,,,,False
Rhett Gray,213770,T,HOUSTON,1,100.0,0,182,56.4,,56.1,0,0,0,,,,0,0,0,7,0,0,7,7,0,0,0,0,7,0,,,,,,,,,,,,,,,,,,,,,,,,,,,False
Nick Peal,222779,HB,GEORGIA,3,26.9,0,173,90.4,71.5,59.5,0,0,1,12.5,12.5,100.0,0,0,0,7,0,0,0,26,1,8,0,0,6,0,,,,,,,,,,,,,,,,,,,,,,,,,,,False
Kyle Baltazar,204673,C,ARMY,1,100.0,0,114,59.7,68.0,59.3,0,0,1,100.0,100.0,100.0,0,0,0,7,7,0,0,7,1,1,0,0,6,0,,,,,,,,,,,,,,,,,,,,,,,,,,,False
Troy Pless,218356,G,HOUSTON,1,100.0,0,182,59.4,,59.2,0,0,0,,,,0,0,0,7,0,7,0,7,0,0,0,0,7,0,,,,,,,,,,,,,,,,,,,,,,,,,,,False
Josh Kubala,158302,FB,SYRACUSE,3,100.0,0,304,49.8,60.5,48.3,0,0,1,100.0,100.0,100.0,0,0,0,7,0,0,0,7,1,1,0,0,6,0,,,,,,,,,,,,,,,,,,,,,,,,,,,False
Trishstin Glass,204781,WR,COAST CAR,1,87.5,0,141,59.0,,60.1,0,0,0,0.0,0.0,,0,0,0,7,0,0,0,8,0,1,0,0,7,0,,,,,,,,,,,,,,,,,,,,,,,,,,,False
Teddy Jarrard,218690,QB,NOTRE DAME,1,77.8,0,258,63.8,,60.0,0,0,0,0.0,0.0,,0,0,0,7,0,0,0,9,0,2,0,0,7,0,,,,,,,,,,,,,,,,,,,,,,,,,,,False
Cole Spence,163727,TE,VANDERBILT,1,31.8,0,333,61.1,67.3,57.2,0,0,1,6.7,6.3,100.0,0,0,0,7,0,0,0,22,1,16,0,0,6,10,,,,,,,,,,,,,,,,,,,,,,,,,,,False
Cardae Mack,213750,HB,ARIZONA ST,3,30.4,0,110,64.7,75.8,51.0,0,0,3,20.0,20.0,100.0,0,0,0,7,0,0,0,23,3,15,0,0,4,0,,,,,,,,,,,,,,,,,,,,,,,,,,,False
Gabe Smith,204997,G,LIBERTY,2,100.0,0,206,54.1,67.3,53.8,0,0,1,100.0,100.0,100.0,0,0,0,7,0,7,0,7,1,1,0,0,6,0,,,,,,,,,,,,,,,,,,,,,,,,,,,False
Brandon Edozie,205000,T,LIBERTY,2,100.0,0,206,68.7,66.7,69.6,0,0,1,100.0,100.0,100.0,0,0,0,7,0,0,7,7,1,1,0,0,6,0,,,,,,,,,,,,,,,,,,,,,,,,,,,False
James Lee,227354,HB,ARK STATE,4,22.6,0,113,78.6,76.7,58.6,0,0,3,27.3,27.3,100.0,0,0,0,7,0,0,0,31,3,11,0,0,4,0,,,,,,,,,,,,,,,,,,,,,,,,,,,False
Derrell Johnson II,157535,G,WAKE,1,100.0,0,339,62.7,75.3,60.5,0,0,3,100.0,100.0,100.0,0,0,0,7,0,0,0,7,4,4,6,0,3,0,,,,,,,,,,,,,,,,,,,,,,,,,,,False
Kyle Rakers,183901,G,KANSAS ST,1,100.0,0,199,63.8,70.6,63.2,0,0,1,100.0,100.0,100.0,0,0,0,7,0,0,0,7,1,1,7,0,6,0,,,,,,,,,,,,,,,,,,,,,,,,,,,False
Phillip Houston,162943,G,COLORADO,1,100.0,0,143,68.6,75.6,66.1,0,0,3,100.0,100.0,100.0,0,0,0,7,0,7,0,7,3,3,0,0,4,0,,,,,,,,,,,,,,,,,,,,,,,,,,,False
Kash Brock,215065,WR,WISCONSIN,1,87.5,0,349,57.5,,55.9,0,0,0,0.0,0.0,,0,0,0,7,0,0,0,8,0,1,0,0,7,0,,,,,,,,,,,,,,,,,,,,,,,,,,,False
KJ Cherry,205207,WR,NEW MEXICO,2,100.0,0,241,60.7,,61.0,0,0,0,,,,0,0,0,7,0,0,0,7,0,0,0,0,7,0,,,,,,,,,,,,,,,,,,,,,,,,,,,False
Nate Frazier,191146,HB,GEORGIA,3,15.2,0,173,89.0,19.4,58.6,0,0,3,18.8,16.7,100.0,0,0,0,7,0,0,0,46,3,18,0,0,4,0,,,,,,,,,,,,,,,,,,,,,,,,,,,False
Carter Guillaume,192860,G,OREGON ST,1,100.0,0,265,59.1,73.9,58.1,0,0,2,100.0,100.0,100.0,0,0,0,7,0,7,0,7,2,2,0,0,5,0,,,,,,,,,,,,,,,,,,,,,,,,,,,False
Luke Kromenhoek,183305,QB,USF,3,36.8,0,327,66.2,,60.0,0,0,0,0.0,0.0,,0,0,0,7,0,0,0,19,0,4,0,0,7,0,,,,,,,,,,,,,,,,,,,,,,,,,,,False
Jayden Todd,183311,G,FLORIDA ST,1,100.0,0,167,48.8,5.4,53.7,0,1,3,100.0,100.0,83.3,0,1,0,7,0,7,0,7,3,3,0,0,4,0,,,,,,,,,,,,,,,,,,,,,,,,,,,False
Rayshun Hurt,218444,HB,LA TECH,3,43.8,0,208,56.9,68.3,59.0,0,0,1,25.0,20.0,100.0,0,0,0,7,0,0,0,16,1,5,0,0,6,0,,,,,,,,,,,,,,,,,,,,,,,,,,,False
Quaron Adams,157566,WR,CAL,1,38.9,0,130,56.0,,80.5,0,0,0,0.0,0.0,,1,0,0,7,0,0,0,18,0,11,0,0,7,0,,,,,,,,,,,,,,,,,,,,,,,,,,,False
Zach Courtney,157704,TE,COAST CAR,1,58.3,0,141,60.7,67.9,65.2,0,0,2,40.0,28.6,100.0,0,0,0,7,0,0,0,12,2,7,0,0,5,12,,,,,,,,,,,,,,,,,,,,,,,,,,,False
Jaden Moore,220575,HB,UTEP,2,35.0,0,330,53.9,36.7,60.0,0,0,5,33.3,37.5,100.0,0,0,0,7,0,0,0,20,6,16,0,0,1,0,,,,,,,,,,,,,,,,,,,,,,,,,,,False
Daniel Schiffert,216908,C,LIBERTY,2,100.0,0,206,61.0,68.0,60.6,0,0,1,100.0,100.0,100.0,0,0,0,7,7,0,0,7,1,1,0,0,6,0,,,,,,,,,,,,,,,,,,,,,,,,,,,False
Elijah Moore,190573,WR,SYRACUSE,3,70.0,0,304,54.9,,54.2,0,0,0,0.0,0.0,,0,0,0,7,0,0,0,10,0,3,0,0,7,0,,,,,,,,,,,,,,,,,,,,,,,,,,,False
Jonathan Daniels,190563,T,FLORIDA ST,1,100.0,0,167,54.5,12.2,60.2,0,1,3,100.0,100.0,83.3,0,1,0,7,0,0,7,7,3,3,0,0,4,0,,,,,,,,,,,,,,,,,,,,,,,,,,,False
Brady Wavrunek,174433,HB,N DAK ST,3,46.7,0,250,64.8,76.2,60.0,0,0,1,20.0,33.3,100.0,0,0,0,7,0,0,0,15,2,6,0,0,5,0,,,,,,,,,,,,,,,,,,,,,,,,,,,False
Abraham Myers,174423,TE,N DAK ST,1,100.0,0,250,58.7,,58.1,0,0,0,,,,0,0,0,7,0,0,0,7,0,0,0,0,7,5,,,,,,,,,,,,,,,,,,,,,,,,,,,False
Ryley Zalusky,216361,TE,USF,1,100.0,0,327,55.4,67.3,53.3,0,0,1,100.0,100.0,100.0,0,0,0,7,0,0,0,7,1,1,0,0,6,3,,,,,,,,,,,,,,,,,,,,,,,,,,,False
Kanye Udoh,171024,HB,LIBERTY,3,40.0,0,206,70.3,70.0,58.6,0,0,1,25.0,25.0,100.0,0,0,0,6,0,0,0,15,1,4,0,0,5,0,,,,,,,,,,,,,,,,,,,,,,,,,,,False
Reno Roehm,199942,TE,S CAROLINA,2,85.7,0,289,68.6,,70.4,0,0,0,0.0,0.0,,0,0,0,6,0,0,0,7,0,1,0,0,6,5,,,,,,,,,,,,,,,,,,,,,,,,,,,False
James Glover-Tyson,174703,T,LOUISVILLE,1,100.0,0,210,67.1,71.8,66.7,0,0,2,100.0,100.0,100.0,0,0,0,6,0,0,0,6,2,2,0,6,4,0,,,,,,,,,,,,,,,,,,,,,,,,,,,False
Agyeman Addae,199393,HB,UCF,4,50.0,0,323,86.4,70.1,76.0,0,0,2,50.0,50.0,100.0,0,0,0,6,0,0,0,12,2,4,0,0,4,0,,,,,,,,,,,,,,,,,,,,,,,,,,,False
Luke Van Auken,217608,T,COLO STATE,1,100.0,0,144,65.8,68.0,62.1,0,0,2,100.0,100.0,100.0,0,0,0,6,0,0,0,6,2,2,0,6,4,0,,,,,,,,,,,,,,,,,,,,,,,,,,,False
Justin DeVaughn,200304,WR,MARYLAND,1,75.0,0,215,57.7,,61.1,0,0,0,0.0,0.0,,0,0,0,6,0,0,0,8,0,2,0,0,6,0,,,,,,,,,,,,,,,,,,,,,,,,,,,False
David Clerk,170967,WR,ARMY,2,50.0,0,114,50.5,,71.8,0,0,0,0.0,0.0,,0,0,0,6,0,0,0,12,0,4,0,0,6,0,,,,,,,,,,,,,,,,,,,,,,,,,,,False
Joe McGann,198324,C,UCONN,2,100.0,0,146,76.8,18.2,78.9,0,0,1,100.0,100.0,100.0,0,0,0,6,6,0,0,6,1,1,0,0,5,0,,,,,,,,,,,,,,,,,,,,,,,,,,,False
Malachi Thompson,214150,WR,W VIRGINIA,1,85.7,0,343,59.1,,61.1,0,0,0,0.0,0.0,,0,0,0,6,0,0,0,7,0,1,0,0,6,0,,,,,,,,,,,,,,,,,,,,,,,,,,,False
Garrison Blank,200335,T,SACRAMENTO,2,100.0,0,279,61.2,71.0,60.3,0,0,1,100.0,100.0,100.0,0,0,0,6,0,0,0,6,1,1,0,6,5,0,,,,,,,,,,,,,,,,,,,,,,,,,,,False
Max Vivier,217611,C,COLO STATE,1,100.0,0,144,60.3,69.9,59.8,0,0,2,100.0,100.0,100.0,0,0,0,6,6,0,0,6,2,2,0,0,4,0,,,,,,,,,,,,,,,,,,,,,,,,,,,False
Josh Burnham,156977,ED,INDIANA,3,100.0,0,190,59.8,,59.4,0,0,0,,,,0,0,0,6,0,0,2,6,0,0,0,0,6,3,,,,,,,,,,,,,,,,,,,,,,,,,,,False
Joe Koury,191190,C,OLE MISS,1,100.0,0,226,60.6,73.2,59.8,0,0,4,100.0,100.0,100.0,0,0,0,6,6,0,0,6,4,4,0,0,2,0,,,,,,,,,,,,,,,,,,,,,,,,,,,False
Joshua Joseph,216054,WR,MEMPHIS,1,54.5,0,218,69.3,,59.2,0,0,0,0.0,0.0,,0,0,0,6,0,0,0,11,0,5,0,0,6,0,,,,,,,,,,,,,,,,,,,,,,,,,,,False
Corbin Laisure,198308,TE,COLORADO,2,54.5,0,143,58.1,72.7,65.6,0,0,1,16.7,16.7,100.0,0,0,0,6,0,0,0,11,1,6,0,0,5,5,,,,,,,,,,,,,,,,,,,,,,,,,,,False
Richard Young,175877,HB,COLORADO,3,23.1,0,143,65.4,72.9,59.4,0,0,2,22.2,30.0,100.0,0,0,0,6,0,0,0,26,3,10,0,0,3,1,,,,,,,,,,,,,,,,,,,,,,,,,,,False
John Wayne Oliver,191195,G,OLE MISS,1,100.0,0,226,60.6,73.6,59.7,0,0,4,100.0,100.0,100.0,0,0,0,6,0,0,0,6,4,4,6,0,2,0,,,,,,,,,,,,,,,,,,,,,,,,,,,False
Trent Taylor,222723,TE,BOWL GREEN,2,100.0,0,122,69.8,,68.4,0,0,0,,,,0,0,0,6,0,0,0,6,0,0,0,0,6,6,,,,,,,,,,,,,,,,,,,,,,,,,,,False
Tommy Carr,215609,QB,MICHIGAN,1,54.5,0,222,91.1,,60.0,0,0,0,0.0,0.0,,0,0,0,6,0,0,0,11,0,2,0,0,6,0,,,,,,,,,,,,,,,,,,,,,,,,,,,False
Wesley Yarbrough,212059,HB,ARIZONA,2,27.3,0,109,66.1,75.0,58.6,0,0,2,20.0,18.2,100.0,0,0,0,6,0,0,0,22,2,11,0,0,4,0,,,,,,,,,,,,,,,,,,,,,,,,,,,False
Zion Johnson,198264,HB,CINCINNATI,4,19.4,0,138,57.3,73.0,58.5,0,0,3,25.0,23.1,100.0,0,0,0,6,0,0,0,31,3,13,0,0,3,0,,,,,,,,,,,,,,,,,,,,,,,,,,,False
Harlem Nellum,215587,G,S DIEGO ST,1,100.0,0,284,52.9,66.7,52.6,0,0,1,100.0,100.0,100.0,0,0,0,6,0,6,0,6,1,1,0,0,5,0,,,,,,,,,,,,,,,,,,,,,,,,,,,False
Santiago Castillo,218593,T,MO STATE,1,100.0,0,230,60.6,67.9,60.0,0,0,1,100.0,100.0,100.0,0,0,0,6,0,0,6,6,1,1,0,0,5,0,,,,,,,,,,,,,,,,,,,,,,,,,,,False
Ellis McAdoo,190590,C,LOUISVILLE,1,100.0,0,210,53.9,70.2,52.7,0,0,2,100.0,100.0,100.0,0,0,0,6,6,0,0,6,2,2,0,0,4,0,,,,,,,,,,,,,,,,,,,,,,,,,,,False
Zayion Cotton,216071,TE,MISS STATE,1,85.7,0,227,58.4,,58.5,0,0,0,0.0,0.0,,0,0,0,6,0,0,0,7,0,1,0,0,6,2,,,,,,,,,,,,,,,,,,,,,,,,,,,False
Leon Noil Jr.,216077,G,MISS STATE,1,85.7,0,227,55.4,,56.8,0,0,0,0.0,0.0,,0,0,0,6,0,0,0,7,0,1,0,0,6,7,,,,,,,,,,,,,,,,,,,,,,,,,,,False
Eli Johnson,204056,TE,IOWA,1,100.0,0,192,46.3,,46.5,0,0,0,,,,0,0,0,6,0,0,0,6,0,0,0,0,6,6,,,,,,,,,,,,,,,,,,,,,,,,,,,False
Hamilton Atkins,190583,TE,LOUISVILLE,2,85.7,0,210,71.7,65.1,78.4,0,0,1,50.0,50.0,100.0,0,0,0,6,0,0,0,7,1,2,0,0,5,3,,,,,,,,,,,,,,,,,,,,,,,,,,,False
Charlie Edgeworth,215584,T,LOUISVILLE,1,100.0,0,210,61.8,67.5,61.4,0,0,2,100.0,100.0,100.0,0,0,0,6,0,0,0,6,2,2,0,6,4,0,,,,,,,,,,,,,,,,,,,,,,,,,,,False
Julius Dumas,218582,G,MO STATE,1,100.0,0,230,61.1,68.4,60.4,0,0,1,100.0,100.0,100.0,0,0,0,6,0,0,0,6,1,1,6,0,5,0,,,,,,,,,,,,,,,,,,,,,,,,,,,False
Martavious Boswell,213972,HB,W VIRGINIA,1,42.9,0,343,69.6,72.7,58.7,0,0,2,100.0,100.0,100.0,0,0,0,6,0,0,0,14,2,2,0,0,4,0,,,,,,,,,,,,,,,,,,,,,,,,,,,False
Eric Singleton Jr.,170078,WR,FLORIDA,2,46.2,0,163,75.9,,60.7,0,0,0,0.0,0.0,,0,0,0,6,0,0,0,13,0,7,0,0,6,0,,,,,,,,,,,,,,,,,,,,,,,,,,,False
Emerson Smith,188266,WR,MARYLAND,1,75.0,0,215,57.6,,60.9,0,0,0,0.0,0.0,,0,0,0,6,0,0,0,8,0,2,0,0,6,0,,,,,,,,,,,,,,,,,,,,,,,,,,,False
Brian Tapu,199794,T,S JOSE ST,1,100.0,0,285,49.8,10.9,,0,2,6,100.0,100.0,83.3,0,2,0,6,0,0,0,6,6,6,0,6,0,0,,,,,,,,,,,,,,,,,,,,,,,,,,,False
Xavier Ford,204153,HB,MINNESOTA,4,24.0,0,225,74.9,71.7,59.0,0,0,3,50.0,50.0,100.0,0,0,0,6,0,0,0,25,3,6,0,0,3,0,,,,,,,,,,,,,,,,,,,,,,,,,,,False
Ben Corhei,215575,C,LOUISVILLE,1,100.0,0,210,58.1,31.3,59.2,0,0,2,100.0,100.0,100.0,0,0,0,6,6,0,0,6,2,2,0,0,4,0,,,,,,,,,,,,,,,,,,,,,,,,,,,False
Jack Merryman,218815,TE,SM HOUSTON,1,100.0,0,281,63.3,,62.6,0,0,0,,,,0,0,0,6,0,0,0,6,0,0,0,0,6,6,,,,,,,,,,,,,,,,,,,,,,,,,,,False
Jordan Dwyer,158967,WR,TCU,1,19.4,0,305,73.0,,60.8,0,0,0,0.0,0.0,,0,0,0,6,0,0,0,31,0,25,0,0,6,0,,,,,,,,,,,,,,,,,,,,,,,,,,,False
Jarvis Williams,215567,G,S DIEGO ST,1,100.0,0,284,59.1,66.7,58.8,0,0,1,100.0,100.0,100.0,0,0,0,6,0,0,0,6,1,1,6,0,5,0,,,,,,,,,,,,,,,,,,,,,,,,,,,False
Justin Kattus,190439,TE,KENTUCKY,2,100.0,0,202,55.8,,55.1,0,0,0,,,,0,0,0,6,0,0,0,6,0,0,0,0,6,6,,,,,,,,,,,,,,,,,,,,,,,,,,,False
Ethan Kraatz,198194,T,BOWL GREEN,1,100.0,0,122,54.0,77.3,50.0,0,0,3,100.0,100.0,100.0,0,0,0,6,0,0,6,6,3,3,0,0,3,0,,,,,,,,,,,,,,,,,,,,,,,,,,,False
Logan Inagawa,206029,QB,UMASS,2,66.7,0,216,65.4,,60.0,0,0,0,0.0,0.0,,0,0,0,6,0,0,0,9,0,3,0,0,6,0,,,,,,,,,,,,,,,,,,,,,,,,,,,False
Cody Siegner,204241,TE,OREGON ST,1,66.7,0,265,54.0,,54.8,0,0,0,0.0,0.0,,0,0,0,6,0,0,0,9,0,3,0,0,6,7,,,,,,,,,,,,,,,,,,,,,,,,,,,False
Andersen Cardoza,189473,FB,NAVY,1,100.0,0,237,63.0,,66.6,0,0,0,,,,0,0,0,6,0,0,0,6,0,0,0,0,6,0,,,,,,,,,,,,,,,,,,,,,,,,,,,False
Patrick Crayton Jr.,204285,QB,RICE,1,85.7,0,275,69.6,,60.0,0,0,0,,,,0,0,0,6,0,0,0,7,0,0,0,0,6,0,,,,,,,,,,,,,,,,,,,,,,,,,,,False
Manamo'ui Muti,198132,G,ARIZONA ST,1,100.0,0,110,54.6,76.1,53.9,0,0,3,100.0,100.0,100.0,0,0,0,6,0,0,0,6,3,3,6,0,3,0,,,,,,,,,,,,,,,,,,,,,,,,,,,False
Fletcher Turk,224200,G,WAKE,1,100.0,0,339,61.1,75.0,59.9,0,0,3,100.0,100.0,100.0,0,0,0,6,0,6,0,6,3,3,0,0,3,0,,,,,,,,,,,,,,,,,,,,,,,,,,,False
Brandon Rose,158503,QB,UTAH,1,75.0,0,328,47.2,,60.0,0,0,0,,,,0,0,0,6,0,0,0,8,0,0,0,0,6,0,,,,,,,,,,,,,,,,,,,,,,,,,,,False
Jaylen Jenkins,158512,HB,TEXAS ST,3,16.7,0,314,66.9,75.8,60.0,0,0,5,38.5,38.5,100.0,0,0,0,6,0,0,0,36,5,13,0,0,1,0,,,,,,,,,,,,,,,,,,,,,,,,,,,False
Dylan Wester,213810,WR,PITTSBURGH,1,42.9,0,268,65.3,,59.3,0,0,0,0.0,0.0,,0,0,0,6,0,0,0,14,0,8,0,0,6,2,,,,,,,,,,,,,,,,,,,,,,,,,,,False
Brady Prieskorn,183689,TE,OLE MISS,1,66.7,0,226,57.3,67.5,56.9,0,0,1,25.0,25.0,100.0,0,0,0,6,0,0,0,9,1,4,0,0,5,3,,,,,,,,,,,,,,,,,,,,,,,,,,,False
Kymistrii Young,213488,WR,N CAROLINA,1,66.7,0,245,57.1,,60.7,0,0,0,0.0,0.0,,0,0,0,6,0,0,0,9,0,3,0,0,6,0,,,,,,,,,,,,,,,,,,,,,,,,,,,False
JT Beasley,215330,WR,E MICHIGAN,1,50.0,0,160,55.5,,60.9,0,0,0,0.0,0.0,,0,0,0,6,0,0,0,12,0,6,0,0,6,0,,,,,,,,,,,,,,,,,,,,,,,,,,,False
Zymir Reed,215327,WR,KENT STATE,1,60.0,0,201,56.7,,60.2,0,0,0,0.0,0.0,,0,0,0,6,0,0,0,10,0,4,0,0,6,0,,,,,,,,,,,,,,,,,,,,,,,,,,,False
Eddie Kasper,164785,WR,ILLINOIS,1,85.7,0,187,58.2,,59.5,0,0,0,0.0,0.0,,0,0,0,6,0,0,0,7,0,1,0,0,6,0,,,,,,,,,,,,,,,,,,,,,,,,,,,False
Bubba Frazier,216119,WR,NOTRE DAME,1,66.7,0,258,54.9,,57.8,0,0,0,0.0,0.0,,0,0,0,6,0,0,0,9,0,3,0,0,6,0,,,,,,,,,,,,,,,,,,,,,,,,,,,False
Ja'Kyrian Turner,199087,HB,PITTSBURGH,1,17.6,0,268,66.9,77.8,60.0,0,0,4,21.1,22.7,100.0,0,0,0,6,0,0,0,34,5,22,0,0,1,0,,,,,,,,,,,,,,,,,,,,,,,,,,,False
Liam O'Brien,164675,QB,CINCINNATI,1,40.0,0,138,71.2,,60.0,0,0,0,0.0,0.0,,0,0,0,6,0,0,0,15,0,6,0,0,6,0,,,,,,,,,,,,,,,,,,,,,,,,,,,False
Jude Foster,184740,G,LIBERTY,1,100.0,0,206,66.8,67.3,66.3,0,0,1,100.0,100.0,100.0,0,0,0,6,0,0,0,6,1,1,6,0,5,0,,,,,,,,,,,,,,,,,,,,,,,,,,,False
Elliot Demaine,204441,T,WAKE,1,100.0,0,339,57.0,47.9,57.9,0,0,3,100.0,100.0,66.7,0,1,1,6,0,0,6,6,3,3,0,0,3,0,,,,,,,,,,,,,,,,,,,,,,,,,,,False
Mario Landino,183678,DI,INDIANA,3,100.0,0,190,54.2,,54.7,0,0,0,,,,0,0,0,6,0,0,0,6,0,0,0,0,6,6,,,,,,,,,,,,,,,,,,,,,,,,,,,False
Anthony Jones Jr.,157255,ED,NEBRASKA,4,100.0,0,238,63.6,,64.2,0,0,0,,,,0,0,0,6,0,0,0,6,0,0,0,0,6,0,,,,,,,,,,,,,,,,,,,,,,,,,,,False
Ty Cummings,218310,HB,GA SOUTHRN,3,27.3,0,174,63.8,76.8,60.0,0,0,3,27.3,28.6,100.0,0,0,0,6,0,0,0,22,4,14,0,0,2,0,,,,,,,,,,,,,,,,,,,,,,,,,,,False
Draiden Trudeau,204513,QB,S DIEGO ST,2,42.9,0,284,66.9,,60.0,0,0,0,0.0,0.0,,0,0,0,6,0,0,0,14,0,7,0,0,6,0,,,,,,,,,,,,,,,,,,,,,,,,,,,False
Zay Hilliard,218311,WR,GA SOUTHRN,1,46.2,0,174,55.8,,55.0,0,0,0,0.0,0.0,,0,0,0,6,0,0,0,13,0,7,0,0,6,0,,,,,,,,,,,,,,,,,,,,,,,,,,,False
Ethan Washington,190557,QB,ARMY,1,50.0,0,114,80.3,,60.0,0,0,0,0.0,0.0,,0,0,0,6,0,0,0,12,0,2,0,0,6,0,,,,,,,,,,,,,,,,,,,,,,,,,,,False
Grayson Rigdon,204624,HB,ARIZONA ST,2,25.0,0,110,73.1,78.0,60.0,0,0,4,28.6,26.7,100.0,0,0,0,6,0,0,0,24,4,15,0,0,2,0,,,,,,,,,,,,,,,,,,,,,,,,,,,False
Joe Hjelle,190732,DI,INDIANA,3,100.0,0,190,74.6,,77.3,0,0,0,,,,0,0,0,6,0,0,0,6,0,0,0,0,6,0,,,,,,,,,,,,,,,,,,,,,,,,,,,False
Jahsear Whittington,189542,DI,NEBRASKA,4,100.0,0,238,70.4,,72.4,0,0,0,,,,1,0,0,6,0,0,0,6,0,0,0,0,6,0,,,,,,,,,,,,,,,,,,,,,,,,,,,False
Logan Cunningham,183601,WR,PENN STATE,1,85.7,0,266,55.7,,59.8,0,0,0,,,,0,0,0,6,0,0,0,7,0,0,0,0,6,0,,,,,,,,,,,,,,,,,,,,,,,,,,,False
Brand Morgan,213762,WR,VIRGINIA,1,60.0,0,335,56.4,,60.9,0,0,0,0.0,0.0,,0,0,0,6,0,0,0,10,0,4,0,0,6,0,,,,,,,,,,,,,,,,,,,,,,,,,,,False
Nicco Marchiol,157363,QB,NWESTERN,2,85.7,0,256,69.8,,60.0,0,0,0,,,,0,0,0,6,0,0,0,7,0,0,0,0,6,0,,,,,,,,,,,,,,,,,,,,,,,,,,,False
Breyahn Townsend,204775,HB,COAST CAR,3,21.4,0,141,62.3,15.8,60.0,1,0,5,26.3,26.3,90.0,0,1,0,6,0,0,0,28,5,19,0,0,1,0,,,,,,,,,,,,,,,,,,,,,,,,,,,False
Quinton Brown,199606,WR,BOISE ST,2,66.7,0,120,56.3,,59.3,0,0,0,0.0,0.0,,0,0,0,6,0,0,0,9,0,3,0,0,6,0,,,,,,,,,,,,,,,,,,,,,,,,,,,False
Breckan Kirby,197316,TE,LIBERTY,2,100.0,0,206,57.0,64.5,56.0,0,0,1,100.0,100.0,100.0,0,0,0,6,0,0,0,6,1,1,0,0,5,6,,,,,,,,,,,,,,,,,,,,,,,,,,,False
Landon Rapkiewicz,204853,C,FAU,3,100.0,0,165,66.3,71.2,65.6,0,0,1,100.0,100.0,100.0,0,0,0,6,4,0,0,6,1,1,0,0,5,2,,,,,,,,,,,,,,,,,,,,,,,,,,,False
Wesley Davis,163678,C,MISS STATE,1,100.0,0,227,60.9,,60.8,0,0,0,,,,0,0,0,6,6,0,0,6,0,0,0,0,6,0,,,,,,,,,,,,,,,,,,,,,,,,,,,False
Ian Fisher,186419,G,AIR FORCE,1,100.0,0,101,65.1,,64.5,0,0,0,,,,0,0,0,6,2,0,0,6,0,0,4,0,6,0,,,,,,,,,,,,,,,,,,,,,,,,,,,False
Davin Wydner,163672,QB,LOUISVILLE,1,54.5,0,210,40.0,,60.0,0,0,0,0.0,0.0,,0,0,0,6,0,0,0,11,0,5,0,0,6,0,,,,,,,,,,,,,,,,,,,,,,,,,,,False
Brooks Edmonson,163628,G,ARKANSAS,1,100.0,0,111,62.1,78.9,60.0,0,0,5,100.0,100.0,100.0,0,0,0,6,0,0,0,6,5,5,6,0,1,0,,,,,,,,,,,,,,,,,,,,,,,,,,,False
Stone Furrey,216196,WR,S CAROLINA,2,54.5,0,289,59.5,,58.6,0,0,0,0.0,0.0,,0,0,0,6,0,0,0,11,0,5,0,0,6,1,,,,,,,,,,,,,,,,,,,,,,,,,,,False
Markevian Blake,204927,G,JVILLE ST,2,100.0,0,196,69.0,86.7,67.0,0,0,3,100.0,100.0,100.0,0,0,0,6,0,5,0,6,3,3,0,0,3,0,,,,,,,,,,,,,,,,,,,,,,,,,,,False
Caleb Holmes,189535,G,JVILLE ST,2,100.0,0,196,65.7,72.5,64.7,0,0,2,100.0,100.0,100.0,0,0,0,6,0,0,0,6,2,2,6,0,4,0,,,,,,,,,,,,,,,,,,,,,,,,,,,False
Sani Reed,204951,G,JAMES MAD,1,100.0,0,197,67.0,66.7,66.5,0,0,1,100.0,100.0,100.0,0,0,0,6,0,6,0,6,1,1,0,0,5,0,,,,,,,,,,,,,,,,,,,,,,,,,,,False
JD Dean,204952,G,UCLA,1,100.0,0,324,66.9,,66.9,0,0,0,,,,0,0,0,6,0,0,0,6,0,0,5,0,6,0,,,,,,,,,,,,,,,,,,,,,,,,,,,False
Kingston Fotualii,218378,C,IOWA STATE,1,100.0,0,193,59.5,67.0,59.0,0,0,1,100.0,100.0,100.0,0,0,0,6,6,0,0,6,1,1,0,0,5,0,,,,,,,,,,,,,,,,,,,,,,,,,,,False
Jack Shaffer,199522,G,WASHINGTON,1,100.0,0,340,60.7,73.2,59.8,0,0,3,100.0,100.0,100.0,0,0,0,6,0,6,0,6,3,3,0,0,3,0,,,,,,,,,,,,,,,,,,,,,,,,,,,False
Landen Miree,213735,TE,ARIZONA ST,1,100.0,0,110,59.5,,58.9,0,0,0,,,,0,0,0,6,0,0,0,6,0,0,0,0,6,4,,,,,,,,,,,,,,,,,,,,,,,,,,,False
Justice Williams,183647,TE,WASHINGTON,3,40.0,0,340,49.9,,44.7,0,0,0,0.0,0.0,,0,0,0,6,0,0,0,15,0,9,0,0,6,1,,,,,,,,,,,,,,,,,,,,,,,,,,,False
AJ Bell Jr.,198901,WR,MO STATE,1,75.0,0,230,58.3,,60.0,0,0,0,0.0,0.0,,0,0,0,6,0,0,0,8,0,2,0,0,6,0,,,,,,,,,,,,,,,,,,,,,,,,,,,False
Adam Howanitz,175418,TE,PITTSBURGH,3,75.0,0,268,55.9,,59.3,0,0,0,0.0,0.0,,0,0,0,6,0,0,0,8,0,2,0,0,6,7,,,,,,,,,,,,,,,,,,,,,,,,,,,False
Tre' Griffiths,183910,WR,HAWAII,2,15.8,0,180,47.5,,60.6,0,0,0,0.0,0.0,,0,0,0,6,0,0,0,38,0,32,0,0,6,0,,,,,,,,,,,,,,,,,,,,,,,,,,,False
William Fierro,183249,HB,SMU,1,40.0,0,287,55.5,77.2,,0,0,5,50.0,54.5,100.0,0,0,0,6,0,0,0,15,6,11,0,0,0,0,,,,,,,,,,,,,,,,,,,,,,,,,,,False
Jake Flores,199516,G,WASHINGTON,1,100.0,0,340,60.8,73.2,59.8,0,0,3,100.0,100.0,100.0,0,0,0,6,0,0,0,6,3,3,6,0,3,0,,,,,,,,,,,,,,,,,,,,,,,,,,,False
Marcus Torres,188326,WR,UTEP,3,60.0,0,330,59.6,,58.5,0,0,0,0.0,0.0,,0,0,0,6,0,0,0,10,0,4,0,0,6,0,,,,,,,,,,,,,,,,,,,,,,,,,,,False
Armend Ujkashi,205105,G,MO STATE,1,100.0,0,230,69.0,68.4,66.5,0,0,1,100.0,100.0,100.0,0,0,0,6,0,6,0,6,1,1,0,0,5,0,,,,,,,,,,,,,,,,,,,,,,,,,,,False
Triston Ward,183293,WR,VIRGINIA,1,100.0,0,335,60.6,,60.7,0,0,0,,,,0,0,0,6,0,0,0,6,0,0,0,0,6,0,,,,,,,,,,,,,,,,,,,,,,,,,,,False
John Locke Jr.,162960,TE,OKLAHOMA,1,100.0,0,261,54.8,,54.4,0,0,0,,,,0,0,0,6,0,0,0,6,0,0,0,0,6,5,,,,,,,,,,,,,,,,,,,,,,,,,,,False
Gradey Anthony,198710,G,LOUISVILLE,1,100.0,0,210,58.5,70.3,57.9,0,0,2,100.0,100.0,100.0,0,0,0,6,0,0,0,6,2,2,6,0,4,0,,,,,,,,,,,,,,,,,,,,,,,,,,,False
Will Vala III,216967,TE,ILLINOIS,1,100.0,0,187,73.7,,72.0,0,0,0,,,,0,0,0,6,0,0,0,6,0,0,0,0,6,6,,,,,,,,,,,,,,,,,,,,,,,,,,,False
Ty Hawkins,199163,QB,SMU,1,26.1,0,287,90.1,,60.0,0,0,0,0.0,0.0,,0,0,0,6,0,0,0,23,0,16,0,0,6,0,,,,,,,,,,,,,,,,,,,,,,,,,,,False
Zyheem Collick,192737,WR,CHARLOTTE,3,40.0,0,136,65.7,,60.2,0,0,0,0.0,0.0,,0,0,0,6,0,0,0,15,0,9,0,0,6,0,,,,,,,,,,,,,,,,,,,,,,,,,,,False
Jeremiah Costilla,222744,G,COLO STATE,1,100.0,0,144,66.8,69.8,64.5,0,0,2,100.0,100.0,100.0,0,0,0,6,0,6,0,6,2,2,0,0,4,0,,,,,,,,,,,,,,,,,,,,,,,,,,,False
Jahsiear Rogers,216974,WR,OKLAHOMA,1,100.0,0,261,60.5,,60.7,0,0,0,,,,0,0,0,6,0,0,0,6,0,0,0,0,6,0,,,,,,,,,,,,,,,,,,,,,,,,,,,False
Jabree Coleman,205334,HB,S CAROLINA,4,15.0,0,289,84.4,77.5,60.0,0,0,5,22.7,22.7,100.0,0,0,0,6,0,0,0,40,5,22,0,0,1,0,,,,,,,,,,,,,,,,,,,,,,,,,,,False
Justin Hylkema,183639,T,WASHINGTON,1,100.0,0,340,59.7,72.1,58.0,0,0,3,100.0,100.0,100.0,0,0,0,6,0,0,0,6,3,3,0,6,3,0,,,,,,,,,,,,,,,,,,,,,,,,,,,False
Berlin Lillard,191060,G,COLO STATE,1,100.0,0,144,67.2,69.8,60.7,0,0,2,100.0,100.0,100.0,0,0,0,6,0,0,0,6,2,2,6,0,4,0,,,,,,,,,,,,,,,,,,,,,,,,,,,False
Lawson McGraw,218516,TE,KANSAS ST,1,85.7,0,199,57.1,,58.5,0,0,0,0.0,0.0,,0,0,0,6,0,0,0,7,0,1,0,0,6,7,,,,,,,,,,,,,,,,,,,,,,,,,,,False
Michael McDonough,198513,G,ILLINOIS,1,100.0,0,187,57.5,,57.3,0,0,0,,,,0,0,0,6,0,6,0,6,0,0,0,0,6,0,,,,,,,,,,,,,,,,,,,,,,,,,,,False
Jershaun Newton,198503,WR,ILLINOIS,2,85.7,0,187,57.6,,60.0,0,0,0,,,,0,0,0,6,0,0,0,7,0,0,0,0,6,0,,,,,,,,,,,,,,,,,,,,,,,,,,,False
Evan Parker,198528,G,INDIANA,1,100.0,0,190,59.2,71.3,58.6,0,0,1,100.0,100.0,100.0,0,0,0,6,0,6,0,6,1,1,0,0,5,0,,,,,,,,,,,,,,,,,,,,,,,,,,,False
Isaiah McMorris,183571,WR,MO STATE,2,26.1,0,230,62.9,,60.5,0,0,0,0.0,0.0,,0,0,0,6,0,0,0,23,0,17,0,0,6,1,,,,,,,,,,,,,,,,,,,,,,,,,,,False
Emanuel Faulkner,217143,T,OLE MISS,1,100.0,0,226,61.4,74.0,59.7,0,0,4,100.0,100.0,100.0,0,0,0,6,0,0,6,6,4,4,0,0,2,0,,,,,,,,,,,,,,,,,,,,,,,,,,,False
Darrell Gill Jr.,176036,WR,OLE MISS,1,50.0,0,226,56.5,,60.9,0,0,0,0.0,0.0,,0,0,0,6,0,0,0,12,0,6,0,0,6,0,,,,,,,,,,,,,,,,,,,,,,,,,,,False
George Steih,176076,T,WAKE,1,100.0,0,339,62.1,75.6,60.0,0,0,3,100.0,100.0,100.0,0,0,0,6,0,0,0,6,3,3,0,6,3,0,,,,,,,,,,,,,,,,,,,,,,,,,,,False
Landon Varnes,214943,QB,KENNESAW,2,37.5,0,200,62.3,,60.0,0,0,0,0.0,0.0,,0,0,0,6,0,0,0,16,0,10,0,0,6,0,,,,,,,,,,,,,,,,,,,,,,,,,,,False
Soane Faasolo,171922,T,WASHINGTON,1,100.0,0,340,61.2,73.7,59.5,0,0,3,100.0,100.0,100.0,0,0,0,6,0,0,6,6,3,3,0,0,3,0,,,,,,,,,,,,,,,,,,,,,,,,,,,False
Parker Cross,171919,C,WASHINGTON,1,100.0,0,340,60.4,73.0,59.7,0,0,3,100.0,100.0,100.0,0,0,0,6,6,0,0,6,3,3,0,0,3,0,,,,,,,,,,,,,,,,,,,,,,,,,,,False
Zeon Chriss-Gremillion,156733,QB,TULANE,1,30.0,0,319,72.4,,60.0,0,0,0,0.0,0.0,,0,0,0,6,0,0,0,20,0,9,0,0,6,0,,,,,,,,,,,,,,,,,,,,,,,,,,,False
Jyziah Rockwell,160288,WR,W KENTUCKY,1,75.0,0,346,50.5,,45.6,0,0,0,0.0,0.0,,0,0,0,6,0,0,0,8,0,2,0,0,6,1,,,,,,,,,,,,,,,,,,,,,,,,,,,False
Sean Na'a,171884,G,UCLA,1,100.0,0,324,53.4,72.8,52.4,0,0,2,100.0,100.0,100.0,0,0,0,6,0,5,0,6,2,2,0,0,4,0,,,,,,,,,,,,,,,,,,,,,,,,,,,False
Guy Fernandez III,209933,WR,SACRAMENTO,1,85.7,0,279,59.2,,60.9,0,0,0,0.0,0.0,,0,0,0,6,0,0,0,7,0,1,0,0,6,0,,,,,,,,,,,,,,,,,,,,,,,,,,,False
Carter Vargas,185121,HB,CAL,1,35.3,0,130,64.9,74.3,58.2,0,0,4,40.0,36.4,100.0,0,0,0,6,0,0,0,17,4,11,0,0,2,0,,,,,,,,,,,,,,,,,,,,,,,,,,,False
Hezekiah Millender,198470,QB,GEORGIA,2,50.0,0,173,73.2,,60.0,0,0,0,0.0,0.0,,0,0,0,6,0,0,0,12,0,3,0,0,6,0,,,,,,,,,,,,,,,,,,,,,,,,,,,False
Zylan Perry,156734,HB,CINCINNATI,3,19.4,0,138,66.0,73.6,58.8,0,0,2,15.4,13.3,100.0,0,0,0,6,0,0,0,31,2,15,0,0,4,0,,,,,,,,,,,,,,,,,,,,,,,,,,,False
DJ Taylor,198842,HB,MIDDLE TN,3,23.1,0,224,46.9,0.0,59.2,2,0,2,14.3,14.3,50.0,0,2,0,6,0,0,0,26,2,14,0,0,4,0,,,,,,,,,,,,,,,,,,,,,,,,,,,False
Jayven Richardson,184485,T,COLORADO,1,100.0,0,143,68.6,72.8,68.5,0,0,2,100.0,100.0,100.0,0,0,0,6,0,0,0,6,2,2,0,6,4,0,,,,,,,,,,,,,,,,,,,,,,,,,,,False
Greyson Labiad,198423,TE,FLORIDA ST,3,85.7,0,167,60.7,,60.5,0,0,0,0.0,0.0,,0,0,0,6,0,0,0,7,0,1,0,1,6,6,,,,,,,,,,,,,,,,,,,,,,,,,,,False
Derrek Cooper,216254,HB,TEXAS,3,17.6,0,311,64.5,27.7,60.0,0,0,4,33.3,38.5,100.0,0,0,0,6,0,0,0,34,5,13,0,0,1,0,,,,,,,,,,,,,,,,,,,,,,,,,,,False
Ben Liedtke,185514,T,MO STATE,1,100.0,0,230,61.2,66.1,60.7,0,0,1,100.0,100.0,100.0,0,0,0,6,0,0,0,6,1,1,0,6,5,0,,,,,,,,,,,,,,,,,,,,,,,,,,,False
Delphyn Ngaleu,224091,T,S DIEGO ST,1,100.0,0,284,67.6,65.5,68.2,0,0,1,100.0,100.0,100.0,0,0,0,6,0,0,0,6,1,1,0,6,5,0,,,,,,,,,,,,,,,,,,,,,,,,,,,False
Dallas Dickerson,217078,WR,GEORGIA,2,54.5,0,173,67.9,,61.0,0,0,0,0.0,0.0,,0,0,0,6,0,0,0,11,0,5,0,0,6,0,,,,,,,,,,,,,,,,,,,,,,,,,,,False
Jacob Sexton,158081,T,OKLA STATE,1,100.0,0,262,61.9,74.8,60.0,0,0,3,100.0,100.0,100.0,0,0,0,6,0,0,6,6,4,4,0,0,2,0,,,,,,,,,,,,,,,,,,,,,,,,,,,False
Caleb Northcroft,224226,WR,WASH STATE,1,75.0,0,341,58.8,,60.6,0,0,0,0.0,0.0,,0,0,0,6,0,0,0,8,0,2,0,0,6,0,,,,,,,,,,,,,,,,,,,,,,,,,,,False
Kozy Isaac,198376,WR,E MICHIGAN,2,23.1,0,160,63.8,,60.5,0,0,0,0.0,0.0,,0,0,0,6,0,0,0,26,0,20,0,0,6,0,,,,,,,,,,,,,,,,,,,,,,,,,,,False
Jackson Voth,188696,WR,LOUISVILLE,3,40.0,0,210,51.5,54.1,60.6,0,0,0,0.0,0.0,,0,0,0,6,0,0,0,15,0,9,0,0,6,0,,,,,,,,,,,,,,,,,,,,,,,,,,,False
Thomas Guillemette,217900,TE,JAMES MAD,1,83.3,0,197,58.0,,59.4,0,0,0,0.0,0.0,,0,0,0,5,0,0,0,6,0,1,0,0,5,6,,,,,,,,,,,,,,,,,,,,,,,,,,,False
Kaleb Smith,217909,WR,JAMES MAD,1,83.3,0,197,58.6,,60.6,0,0,0,0.0,0.0,,0,0,0,5,0,0,0,6,0,1,0,0,5,0,,,,,,,,,,,,,,,,,,,,,,,,,,,False
Shelton Sampson Jr.,172494,WR,LA LAFAYET,1,71.4,0,207,56.7,,55.3,0,0,0,0.0,0.0,,0,0,0,5,0,0,0,7,0,2,0,0,5,0,,,,,,,,,,,,,,,,,,,,,,,,,,,False
Nick Woodford,207881,HB,C MICHIGAN,3,16.1,0,134,63.0,71.7,59.0,0,0,2,10.5,10.5,100.0,0,0,0,5,0,0,0,31,2,19,0,0,3,0,,,,,,,,,,,,,,,,,,,,,,,,,,,False
Julian McFadden,204297,WR,SYRACUSE,2,26.3,0,304,56.3,,59.4,0,0,0,0.0,0.0,,0,0,0,5,0,0,0,19,0,14,0,0,5,0,,,,,,,,,,,,,,,,,,,,,,,,,,,False
Bo Burkes,162745,C,JVILLE ST,1,100.0,0,196,50.9,4.3,53.0,0,1,2,100.0,100.0,75.0,0,1,0,5,5,0,0,5,2,2,0,0,3,0,,,,,,,,,,,,,,,,,,,,,,,,,,,False
Torrin Teague,218461,WR,MO STATE,1,71.4,0,230,57.6,,60.8,0,0,0,0.0,0.0,,0,0,0,5,0,0,0,7,0,2,0,0,5,0,,,,,,,,,,,,,,,,,,,,,,,,,,,False
Andre Gilbert Jr.,189487,HB,NAVY,1,71.4,0,237,56.3,,58.4,0,0,0,,,,0,0,0,5,0,0,0,7,0,0,0,0,5,0,,,,,,,,,,,,,,,,,,,,,,,,,,,False
Jhae Drummer,173729,WR,OREGON ST,1,62.5,0,265,57.6,,60.4,0,0,0,0.0,0.0,,0,0,0,5,0,0,0,8,0,3,0,0,5,0,,,,,,,,,,,,,,,,,,,,,,,,,,,False
Amiri Acker,213807,WR,NC STATE,1,62.5,0,248,64.0,,79.8,0,0,0,0.0,0.0,,0,0,0,5,0,0,0,8,0,3,0,0,5,0,,,,,,,,,,,,,,,,,,,,,,,,,,,False
Terrell Walden II,168420,HB,MIAMI FL,1,33.3,0,220,63.7,71.9,60.0,0,0,3,50.0,50.0,100.0,0,0,0,5,0,0,0,15,3,6,0,0,2,0,,,,,,,,,,,,,,,,,,,,,,,,,,,False
Andreas Hunter,189934,T,W VIRGINIA,1,100.0,0,343,60.4,,60.2,0,0,0,,,,0,0,0,5,0,0,0,5,0,0,0,5,5,0,,,,,,,,,,,,,,,,,,,,,,,,,,,False
Jet Wiley,186454,TE,AIR FORCE,1,100.0,0,101,60.6,,60.5,0,0,0,,,,0,0,0,5,0,0,0,5,0,0,0,0,5,2,,,,,,,,,,,,,,,,,,,,,,,,,,,False
Dawson McFadin,218141,TE,ARK STATE,1,100.0,0,113,59.4,,59.0,0,0,0,,,,0,0,0,5,0,0,0,5,0,0,0,0,5,5,,,,,,,,,,,,,,,,,,,,,,,,,,,False
Ashton Funk,184802,G,TEXAS A&M,1,100.0,0,312,74.4,70.3,73.6,0,0,1,100.0,100.0,100.0,0,0,0,5,0,0,0,5,1,1,5,0,4,0,,,,,,,,,,,,,,,,,,,,,,,,,,,False
KJ Parker,189691,WR,IOWA,2,55.6,0,192,56.4,,59.3,0,0,0,0.0,0.0,,0,0,0,5,0,0,0,9,0,4,0,0,5,0,,,,,,,,,,,,,,,,,,,,,,,,,,,False
Elizjah Lewis,150764,WR,LOUISVILLE,1,55.6,0,210,69.0,,55.8,0,0,0,0.0,0.0,,0,0,0,5,0,0,0,9,0,4,0,0,5,0,,,,,,,,,,,,,,,,,,,,,,,,,,,False
Nate Smith,175587,T,JVILLE ST,1,100.0,0,196,66.6,72.6,66.5,0,0,2,100.0,100.0,100.0,0,0,0,5,0,0,5,5,2,2,0,0,3,0,,,,,,,,,,,,,,,,,,,,,,,,,,,False
Jace Stuckey,184063,QB,E MICHIGAN,1,45.5,0,160,52.7,,60.0,0,0,0,0.0,0.0,,0,0,0,5,0,0,0,11,0,6,0,0,5,0,,,,,,,,,,,,,,,,,,,,,,,,,,,False
Isendre Ahfua,191245,G,TEXAS A&M,1,100.0,0,312,58.1,70.3,57.6,0,0,1,100.0,100.0,100.0,0,0,0,5,0,5,0,5,1,1,0,0,4,0,,,,,,,,,,,,,,,,,,,,,,,,,,,False
NaKeem Powell,218243,HB,DELAWARE,1,41.7,0,151,67.0,17.3,60.0,0,0,2,50.0,60.0,100.0,0,0,0,5,0,0,0,12,3,5,0,0,2,0,,,,,,,,,,,,,,,,,,,,,,,,,,,False
Blake Thiry,198547,TE,INDIANA,1,83.3,0,190,51.7,,52.7,0,0,0,0.0,0.0,,0,0,0,5,0,0,0,6,0,1,0,0,5,5,,,,,,,,,,,,,,,,,,,,,,,,,,,False
Landon Wright,190387,WR,BOSTON COL,4,22.7,0,121,76.9,,60.8,0,0,0,0.0,0.0,,0,0,0,5,0,0,0,22,0,16,0,0,5,0,,,,,,,,,,,,,,,,,,,,,,,,,,,False
Ansu Sanoe,214975,HB,WASHINGTON,2,38.5,0,340,65.8,73.5,60.0,0,0,4,80.0,80.0,100.0,0,0,0,5,0,0,0,13,4,5,0,0,1,0,,,,,,,,,,,,,,,,,,,,,,,,,,,False
Ethan Lowell,190046,C,NEVADA,2,100.0,0,239,58.1,,55.3,0,0,0,,,,0,0,0,5,4,0,0,5,0,0,0,0,5,1,,,,,,,,,,,,,,,,,,,,,,,,,,,False
Michael Johnson Jr.,204464,WR,BAYLOR,1,100.0,0,118,60.0,,59.7,0,0,0,,,,0,0,0,5,0,0,0,5,0,0,0,0,5,0,,,,,,,,,,,,,,,,,,,,,,,,,,,False
Hank Timon,218587,G,KENTUCKY,1,100.0,0,202,60.5,,60.1,0,0,0,,,,0,0,0,5,0,5,0,5,0,0,0,0,5,0,,,,,,,,,,,,,,,,,,,,,,,,,,,False
Barrett Schulz,218280,WR,FIU,3,71.4,0,166,59.3,,60.5,0,0,0,0.0,0.0,,0,0,0,5,0,0,0,7,0,2,0,0,5,0,,,,,,,,,,,,,,,,,,,,,,,,,,,False
Nyqir Helton,213484,WR,N CAROLINA,1,50.0,0,245,54.9,,60.3,0,0,0,0.0,0.0,,0,0,0,5,0,0,0,10,0,5,0,0,5,0,,,,,,,,,,,,,,,,,,,,,,,,,,,False
Malachi Hosley,177483,HB,GA TECH,3,17.2,0,176,72.0,24.4,,0,0,4,36.4,41.7,100.0,0,0,0,5,0,0,0,29,5,12,0,0,0,0,,,,,,,,,,,,,,,,,,,,,,,,,,,False
Parker Perkins,190995,C,BOISE ST,1,100.0,0,120,61.7,,65.6,0,0,0,,,,0,0,0,5,5,0,0,5,0,0,0,0,5,0,,,,,,,,,,,,,,,,,,,,,,,,,,,False
Astin Hange,198056,WR,AIR FORCE,2,71.4,0,101,57.7,,60.7,0,0,0,0.0,0.0,,0,0,0,5,0,0,0,7,0,2,0,0,5,0,,,,,,,,,,,,,,,,,,,,,,,,,,,False
Braeden Helmkamp,190512,T,ARMY,1,100.0,0,114,60.3,66.7,59.8,0,0,1,100.0,100.0,100.0,0,0,0,5,0,0,5,5,1,1,0,0,4,0,,,,,,,,,,,,,,,,,,,,,,,,,,,False
Cooper Stevens,189909,TE,SM HOUSTON,1,100.0,0,281,56.2,,55.9,0,0,0,,,,0,0,0,5,0,0,0,5,0,0,0,0,5,5,,,,,,,,,,,,,,,,,,,,,,,,,,,False
Malachi Finau,158173,DI,S DIEGO ST,3,100.0,0,284,55.3,,50.8,0,0,0,,,,0,0,0,5,0,0,0,5,0,0,0,0,5,0,,,,,,,,,,,,,,,,,,,,,,,,,,,False
James Tyre,177965,WR,N TEXAS,1,83.3,0,251,56.7,,55.1,0,0,0,0.0,0.0,,0,0,0,5,0,0,0,6,0,1,0,0,5,0,,,,,,,,,,,,,,,,,,,,,,,,,,,False
Ayden Annarino,198768,C,MIAMI OH,1,100.0,0,221,64.2,,65.3,0,0,0,,,,0,0,0,5,5,0,0,5,0,0,0,0,5,0,,,,,,,,,,,,,,,,,,,,,,,,,,,False
Samuel Rhoades V,204596,TE,AIR FORCE,1,100.0,0,101,80.0,,78.5,0,0,0,,,,0,0,0,5,0,0,0,5,0,0,0,0,5,5,,,,,,,,,,,,,,,,,,,,,,,,,,,False
Wes Shaw,190544,C,ARMY,1,100.0,0,114,60.1,68.0,59.8,0,0,1,100.0,100.0,100.0,0,0,0,5,5,0,0,5,1,1,0,0,4,0,,,,,,,,,,,,,,,,,,,,,,,,,,,False
Jack Capaldi,163883,QB,MARYLAND,1,62.5,0,215,70.4,,60.0,0,0,0,0.0,0.0,,0,0,0,5,0,0,0,8,0,2,0,0,5,0,,,,,,,,,,,,,,,,,,,,,,,,,,,False
Arrington Maiden,184715,QB,JAMES MAD,1,26.3,0,197,81.7,,60.0,0,0,0,0.0,0.0,,0,0,0,5,0,0,0,19,0,11,0,0,5,0,,,,,,,,,,,,,,,,,,,,,,,,,,,False
Remy Goins,217120,TE,FIU,1,100.0,0,166,50.6,,51.6,0,0,0,,,,0,0,0,5,0,0,0,5,0,0,0,0,5,5,,,,,,,,,,,,,,,,,,,,,,,,,,,False
Justus Perales,198037,G,AIR FORCE,1,100.0,0,101,62.6,,73.3,0,0,0,,,,1,0,0,5,0,0,0,5,0,0,5,0,5,0,,,,,,,,,,,,,,,,,,,,,,,,,,,False
Andrew Jones,204641,WR,ARK STATE,1,100.0,0,113,60.5,,60.8,0,0,0,,,,0,0,0,5,0,0,0,5,0,0,0,0,5,0,,,,,,,,,,,,,,,,,,,,,,,,,,,False
Ben Konopka,204666,T,ARMY,1,100.0,0,114,59.8,65.9,59.2,0,0,1,100.0,100.0,100.0,0,0,0,5,0,0,0,5,1,1,0,5,4,0,,,,,,,,,,,,,,,,,,,,,,,,,,,False
Jayden Williams,227832,TE,WYOMING,2,100.0,0,351,60.0,,59.8,0,0,0,,,,0,0,0,5,0,0,0,5,0,0,0,0,5,2,,,,,,,,,,,,,,,,,,,,,,,,,,,False
Connor Warkentin,190999,T,BOISE ST,1,100.0,0,120,60.6,,60.8,0,0,0,,,,0,0,0,5,0,0,5,5,0,0,0,0,5,0,,,,,,,,,,,,,,,,,,,,,,,,,,,False
Ethan Vasko,163817,QB,LIBERTY,3,55.6,0,206,70.6,,60.0,0,0,0,0.0,0.0,,0,0,0,5,0,0,0,9,0,1,0,0,5,0,,,,,,,,,,,,,,,,,,,,,,,,,,,False
Lavar Keys,222690,WR,INDIANA,1,83.3,0,190,57.8,,60.7,0,0,0,0.0,0.0,,0,0,0,5,0,0,0,6,0,1,0,0,5,0,,,,,,,,,,,,,,,,,,,,,,,,,,,False
Arnel Heathington,175239,WR,NAVY,1,100.0,0,237,60.1,,59.8,0,0,0,,,,0,0,0,5,0,0,0,5,0,0,0,0,5,0,,,,,,,,,,,,,,,,,,,,,,,,,,,False
Ethan Thanthanavong,215225,QB,KENT STATE,2,62.5,0,201,41.0,,60.0,0,0,0,0.0,0.0,,0,0,0,5,0,0,0,8,0,2,0,0,5,0,,,,,,,,,,,,,,,,,,,,,,,,,,,False
Gunnar Allen,158095,G,OKLAHOMA,1,100.0,0,261,67.2,,66.9,0,0,0,,,,0,0,0,5,0,0,0,5,0,0,5,0,5,0,,,,,,,,,,,,,,,,,,,,,,,,,,,False
Kai Wesley,216964,TE,BAYLOR,1,62.5,0,118,35.5,64.5,58.5,0,0,1,25.0,25.0,100.0,0,0,0,5,0,0,0,8,1,4,0,0,4,6,,,,,,,,,,,,,,,,,,,,,,,,,,,False
Husan Longstreet,199411,QB,LSU,1,71.4,0,211,82.6,,60.0,0,0,0,0.0,0.0,,0,0,0,5,0,0,0,7,0,1,0,0,5,0,,,,,,,,,,,,,,,,,,,,,,,,,,,False
Lukas Ungar,131785,TE,VIRGINIA,1,50.0,0,335,86.0,64.0,58.8,0,0,1,16.7,16.7,100.0,0,0,0,5,0,0,0,10,1,6,0,0,4,7,,,,,,,,,,,,,,,,,,,,,,,,,,,False
DeJuan Lacy,178849,HB,E CAROLINA,1,35.7,0,156,60.9,55.8,,0,1,4,40.0,45.5,87.5,0,1,0,5,0,0,0,14,5,11,0,0,0,0,,,,,,,,,,,,,,,,,,,,,,,,,,,False
Cameron Jones,172249,G,KENTUCKY,1,100.0,0,202,58.6,,58.7,0,0,0,,,,0,0,0,5,0,0,0,5,0,0,5,0,5,0,,,,,,,,,,,,,,,,,,,,,,,,,,,False
Hayden Harlan,189860,T,NEW MEX ST,1,100.0,0,242,60.5,,60.5,0,0,0,,,,0,0,0,5,0,0,0,5,0,0,0,5,5,0,,,,,,,,,,,,,,,,,,,,,,,,,,,False
Jawarn Howell,179059,HB,S CAROLINA,3,21.7,0,289,79.3,47.9,60.0,0,0,3,42.9,50.0,100.0,0,0,0,5,0,0,0,23,4,8,0,0,1,0,,,,,,,,,,,,,,,,,,,,,,,,,,,False
Lavon Brown,173467,WR,COLO STATE,4,13.2,0,144,51.9,,43.1,0,0,0,0.0,0.0,,1,0,0,5,0,0,0,38,0,33,0,0,5,0,,,,,,,,,,,,,,,,,,,,,,,,,,,False
Devaughn Eka,213749,HB,BYU,2,27.8,0,128,87.2,68.3,67.8,0,0,1,50.0,50.0,100.0,0,0,0,5,0,0,0,18,1,2,0,0,4,0,,,,,,,,,,,,,,,,,,,,,,,,,,,False
Reed Swanson,171994,WR,BOSTON COL,3,19.2,0,121,59.0,,59.6,0,0,0,0.0,0.0,,0,0,0,5,0,0,0,26,0,21,0,0,5,0,,,,,,,,,,,,,,,,,,,,,,,,,,,False
Matt Ogunniyi,184663,TE,UMASS,1,71.4,0,216,54.7,,57.1,0,0,0,0.0,0.0,,0,0,0,5,0,0,0,7,0,2,0,0,5,7,,,,,,,,,,,,,,,,,,,,,,,,,,,False
Zach Eskildsen,218369,WR,IOWA STATE,1,83.3,0,193,58.3,,60.1,0,0,0,,0.0,,0,0,0,5,0,0,0,6,0,1,0,0,5,0,,,,,,,,,,,,,,,,,,,,,,,,,,,False
Landon Graves,181155,QB,LA MONROE,2,55.6,0,209,58.7,,60.0,0,0,0,0.0,0.0,,0,0,0,5,0,0,0,9,0,4,0,0,5,0,,,,,,,,,,,,,,,,,,,,,,,,,,,False
Amari Smith,172556,T,TEXAS ST,2,100.0,0,314,60.0,68.0,60.0,0,0,2,100.0,100.0,100.0,0,0,0,5,0,0,0,5,2,2,1,4,3,0,,,,,,,,,,,,,,,,,,,,,,,,,,,False
Amari Isaac,198420,WR,FIU,2,83.3,0,166,57.1,,58.6,0,0,0,0.0,0.0,,0,0,0,5,0,0,0,6,0,1,0,0,5,0,,,,,,,,,,,,,,,,,,,,,,,,,,,False
Marc Michel Jr.,198418,G,FIU,1,100.0,0,166,47.4,,59.2,0,0,0,,,,1,0,0,5,0,0,0,5,0,0,5,0,5,0,,,,,,,,,,,,,,,,,,,,,,,,,,,False
Fonzy Smith,199560,WR,W KENTUCKY,1,71.4,0,346,64.2,,81.4,0,0,0,0.0,0.0,,0,0,0,5,0,0,0,7,0,2,0,0,5,0,,,,,,,,,,,,,,,,,,,,,,,,,,,False
Arrion Concepcion,204961,WR,JAMES MAD,1,83.3,0,197,79.0,,59.8,0,0,0,0.0,0.0,,0,0,0,5,0,0,0,6,0,1,0,0,5,0,,,,,,,,,,,,,,,,,,,,,,,,,,,False
Jermiel Atkins Jr.,204978,T,KENTUCKY,1,100.0,0,202,59.9,,59.6,0,0,0,,,,0,0,0,5,0,0,0,5,0,0,0,5,5,0,,,,,,,,,,,,,,,,,,,,,,,,,,,False
Rafeald Campbell,188307,WR,UTEP,3,45.5,0,330,68.1,,59.6,0,0,0,0.0,0.0,,0,0,0,5,0,0,0,11,0,6,0,0,5,0,,,,,,,,,,,,,,,,,,,,,,,,,,,False
Brandon Tullis,183545,HB,MICH STATE,3,50.0,0,223,65.4,70.3,52.6,0,0,2,100.0,100.0,100.0,0,0,0,5,0,0,0,10,2,2,0,0,3,0,,,,,,,,,,,,,,,,,,,,,,,,,,,False
David Pantelis,151153,WR,STANFORD,3,71.4,0,300,55.9,,55.4,0,0,0,0.0,0.0,,0,0,0,5,0,0,0,7,0,2,0,0,5,0,,,,,,,,,,,,,,,,,,,,,,,,,,,False
Dorian Barnes,213745,WR,HOUSTON,1,100.0,0,182,60.5,,60.7,0,0,0,,,,0,0,0,5,0,0,0,5,0,0,0,0,5,0,,,,,,,,,,,,,,,,,,,,,,,,,,,False
Paul Holyfield Jr.,158924,WR,DUKE,1,100.0,0,154,60.3,,60.4,0,0,0,,,,0,0,0,5,0,0,0,5,0,0,0,0,5,0,,,,,,,,,,,,,,,,,,,,,,,,,,,False
Ryder Post,189993,TE,JAMES MAD,1,62.5,0,197,57.5,67.3,58.8,0,0,1,25.0,25.0,100.0,0,0,0,5,0,0,0,8,1,4,0,0,4,5,,,,,,,,,,,,,,,,,,,,,,,,,,,False
Tommy Ulatowski,163150,QB,APP STATE,1,50.0,0,108,67.4,,60.0,0,0,0,0.0,0.0,,0,0,0,5,0,0,0,10,0,5,0,0,5,0,,,,,,,,,,,,,,,,,,,,,,,,,,,False
Elijah Ortiz,185093,C,SACRAMENTO,1,100.0,0,279,60.2,,60.3,0,0,0,,,,0,0,0,5,5,0,0,5,0,0,0,0,5,0,,,,,,,,,,,,,,,,,,,,,,,,,,,False
Zymear Smith,198732,WR,MARYLAND,3,71.4,0,215,88.4,,60.3,0,0,0,0.0,0.0,,0,0,0,5,0,0,0,7,0,2,0,0,5,0,,,,,,,,,,,,,,,,,,,,,,,,,,,False
Deon Hardin,199962,WR,TENNESSEE,1,55.6,0,307,70.2,,60.4,0,0,0,0.0,0.0,,0,0,0,5,0,0,0,9,0,4,0,0,5,0,,,,,,,,,,,,,,,,,,,,,,,,,,,False
KK Smith,171099,WR,MICH STATE,1,45.5,0,223,67.9,,60.5,0,0,0,0.0,0.0,,0,0,0,5,0,0,0,11,0,6,0,0,5,0,,,,,,,,,,,,,,,,,,,,,,,,,,,False
CJ Spence,200279,WR,VIRGINIA,1,62.5,0,335,56.1,,60.7,0,0,0,0.0,0.0,,0,0,0,5,0,0,0,8,0,3,0,0,5,0,,,,,,,,,,,,,,,,,,,,,,,,,,,False
Gary Lassley,216002,C,AIR FORCE,1,100.0,0,101,63.7,,63.8,0,0,0,,,,0,0,0,5,3,2,0,5,0,0,0,0,5,0,,,,,,,,,,,,,,,,,,,,,,,,,,,False
Andreas Diaz-Nicolaidis,215749,TE,UNLV,1,100.0,0,325,68.1,,67.5,0,0,0,,,,0,0,0,5,0,0,0,5,0,0,0,0,5,5,,,,,,,,,,,,,,,,,,,,,,,,,,,False
Jelani Watkins,184469,WR,ARKANSAS,4,23.8,0,111,73.0,,40.8,0,0,0,0.0,0.0,,0,0,0,5,0,0,0,21,0,13,0,0,5,0,,,,,,,,,,,,,,,,,,,,,,,,,,,False
Peyton Lewis,184885,HB,VIRGINIA,2,33.3,0,335,61.9,73.6,59.4,0,0,2,100.0,100.0,100.0,0,0,0,5,0,0,0,15,2,2,0,0,3,0,,,,,,,,,,,,,,,,,,,,,,,,,,,False
Derek Stevenson,215664,WR,S DIEGO ST,2,71.4,0,284,57.3,,60.5,0,0,0,0.0,0.0,,0,0,0,5,0,0,0,7,0,2,0,0,5,0,,,,,,,,,,,,,,,,,,,,,,,,,,,False
Matthew Parker,200111,G,BAYLOR,1,100.0,0,118,60.6,,60.4,0,0,0,,,,0,0,0,5,0,0,0,5,0,0,5,0,5,0,,,,,,,,,,,,,,,,,,,,,,,,,,,False
Sean Hutton,199033,G,OKLAHOMA,1,100.0,0,261,48.8,,48.8,0,0,0,,,,0,0,0,5,0,5,0,5,0,0,0,0,5,0,,,,,,,,,,,,,,,,,,,,,,,,,,,False
Cedric Ross,217616,HB,COLO STATE,4,20.0,0,144,78.2,,57.7,0,0,0,0.0,0.0,,0,0,0,5,0,0,0,25,0,18,0,0,5,0,,,,,,,,,,,,,,,,,,,,,,,,,,,False
Benny Haselrig,175417,WR,PITTSBURGH,1,50.0,0,268,55.5,,60.4,0,0,0,0.0,0.0,,0,0,0,5,0,0,0,10,0,5,0,0,5,0,,,,,,,,,,,,,,,,,,,,,,,,,,,False
Parker Threatt,188826,WR,S DIEGO ST,1,83.3,0,284,57.5,,60.0,0,0,0,0.0,0.0,,0,0,0,5,0,0,0,6,0,1,0,0,5,0,,,,,,,,,,,,,,,,,,,,,,,,,,,False
Tory Blaylock,199034,HB,OKLAHOMA,3,19.2,0,261,55.4,22.1,44.9,0,1,1,7.7,7.7,50.0,0,1,0,5,0,0,0,26,1,13,0,0,4,0,,,,,,,,,,,,,,,,,,,,,,,,,,,False
Claude Mpouma,214511,T,NEBRASKA,1,100.0,0,238,59.4,71.5,58.0,0,0,2,100.0,100.0,100.0,0,0,0,5,0,0,5,5,2,2,0,0,3,0,,,,,,,,,,,,,,,,,,,,,,,,,,,False
Sam Roseborough,216286,C,TEXAS A&M,1,100.0,0,312,50.9,70.4,48.8,0,0,1,100.0,100.0,100.0,0,0,0,5,5,0,0,5,1,1,0,0,4,0,,,,,,,,,,,,,,,,,,,,,,,,,,,False
Corey Dailey,213713,QB,PITTSBURGH,1,50.0,0,268,77.9,,60.0,0,0,0,0.0,0.0,,0,0,0,5,0,0,0,10,0,5,0,0,5,0,,,,,,,,,,,,,,,,,,,,,,,,,,,False
Cameron Seldon,174740,WR,USF,2,17.9,0,327,60.6,,41.4,0,0,0,0.0,0.0,,0,0,0,5,0,0,0,28,0,20,0,0,5,3,,,,,,,,,,,,,,,,,,,,,,,,,,,False
Ethan Wood,189873,TE,BYU,1,100.0,0,128,54.8,,54.4,0,0,0,,,,0,0,0,5,0,0,0,5,0,0,0,0,5,5,,,,,,,,,,,,,,,,,,,,,,,,,,,False
Caden Ramsey,218863,TE,S CAROLINA,1,83.3,0,289,55.1,,55.9,0,0,0,0.0,0.0,,0,0,0,5,0,0,0,6,0,1,0,0,5,4,,,,,,,,,,,,,,,,,,,,,,,,,,,False
Michael Gibbs,198968,G,NC STATE,1,100.0,0,248,80.9,,80.3,0,0,0,,,,0,0,0,5,0,5,0,5,0,0,0,0,5,0,,,,,,,,,,,,,,,,,,,,,,,,,,,False
Nathan Schuessler,175815,WR,COAST CAR,1,83.3,0,141,77.2,,54.5,0,0,0,0.0,0.0,,0,0,0,5,0,0,0,6,0,1,0,0,5,0,,,,,,,,,,,,,,,,,,,,,,,,,,,False
Jesse Sears,217863,G,JAMES MAD,1,100.0,0,197,66.0,66.7,65.6,0,0,1,100.0,100.0,100.0,0,0,0,5,0,0,0,5,1,1,5,0,4,0,,,,,,,,,,,,,,,,,,,,,,,,,,,False
Jyron Hughley,214097,QB,W VIRGINIA,1,50.0,0,343,73.2,,60.0,0,0,0,0.0,0.0,,0,0,0,5,0,0,0,10,0,1,0,0,5,0,,,,,,,,,,,,,,,,,,,,,,,,,,,False
Jake Reichle,162441,HB,OREGON ST,3,13.9,0,265,61.7,79.3,60.0,0,0,3,11.1,14.3,100.0,0,0,0,5,0,0,0,36,4,28,0,0,1,0,,,,,,,,,,,,,,,,,,,,,,,,,,,False
Dakota Taylor,188240,TE,KENT STATE,1,71.4,0,201,56.0,,58.4,0,0,0,0.0,0.0,,0,0,0,5,0,0,0,7,0,2,0,0,5,6,,,,,,,,,,,,,,,,,,,,,,,,,,,False
Grant Houser,198708,TE,COLO STATE,1,71.4,0,144,44.7,,45.5,0,0,0,0.0,0.0,,0,0,0,5,0,0,0,7,0,2,0,0,5,6,,,,,,,,,,,,,,,,,,,,,,,,,,,False
Mack O'Halloran,190535,G,ARMY,1,100.0,0,114,60.1,67.3,59.7,0,0,1,100.0,100.0,100.0,0,0,0,5,0,5,0,5,1,1,0,0,4,0,,,,,,,,,,,,,,,,,,,,,,,,,,,False
Jer'Michael Carter,172737,WR,OKLAHOMA,2,50.0,0,261,54.7,,54.4,0,0,0,0.0,0.0,,0,0,0,5,0,0,0,10,0,5,0,0,5,0,,,,,,,,,,,,,,,,,,,,,,,,,,,False
Timothy Carter,172942,HB,ARK STATE,4,26.3,0,113,68.2,,56.5,0,0,0,0.0,0.0,,0,0,0,5,0,0,0,19,0,5,0,0,5,0,,,,,,,,,,,,,,,,,,,,,,,,,,,False
Tyree Holloway,187583,WR,LSU,2,71.4,0,211,87.7,,55.2,0,0,0,0.0,0.0,,0,0,0,5,0,0,0,7,0,2,0,0,5,1,,,,,,,,,,,,,,,,,,,,,,,,,,,False
Isaiah Bowman,214074,G,OKLA STATE,1,100.0,0,262,60.5,,60.2,0,0,0,,,,0,0,0,5,0,0,0,5,0,0,5,0,5,0,,,,,,,,,,,,,,,,,,,,,,,,,,,False
Dylan Spencer,173022,C,SACRAMENTO,1,100.0,0,279,69.3,65.9,68.4,0,0,1,100.0,100.0,100.0,0,0,0,5,0,0,0,5,1,1,0,0,4,5,,,,,,,,,,,,,,,,,,,,,,,,,,,False
Caleb McMickle,173049,QB,W KENTUCKY,1,55.6,0,346,63.6,,60.0,0,0,0,0.0,0.0,,0,0,0,5,0,0,0,9,0,2,0,0,5,0,,,,,,,,,,,,,,,,,,,,,,,,,,,False
Xai'Shaun Edwards,185982,HB,MISSOURI,4,10.2,0,229,71.2,77.4,,0,0,5,22.7,22.7,100.0,0,0,0,5,0,0,0,49,5,22,0,0,0,0,,,,,,,,,,,,,,,,,,,,,,,,,,,False
Trey Roberts,203991,WR,BYU,1,83.3,0,128,57.7,,60.4,0,0,0,0.0,0.0,,0,0,0,5,0,0,0,6,0,1,0,0,5,0,,,,,,,,,,,,,,,,,,,,,,,,,,,False
Sam Garcia,198956,G,NEW MEX ST,1,100.0,0,242,58.6,,58.4,0,0,0,,,,0,0,0,5,0,0,0,5,0,0,5,0,5,0,,,,,,,,,,,,,,,,,,,,,,,,,,,False
Jake Fette,213712,QB,ARIZONA ST,1,45.5,0,110,26.4,,60.0,0,0,0,0.0,0.0,,0,0,0,5,0,0,0,11,0,3,0,0,5,0,,,,,,,,,,,,,,,,,,,,,,,,,,,False
Gavin Peeps,218438,QB,KENT STATE,1,100.0,0,201,60.3,,60.4,0,0,0,,,,0,0,0,5,0,0,0,5,0,0,0,0,5,0,,,,,,,,,,,,,,,,,,,,,,,,,,,False
Titan Lacaden,204037,WR,HAWAII,4,16.7,0,180,73.3,,60.5,0,0,0,0.0,0.0,,1,0,0,5,0,0,0,30,0,25,0,0,5,0,,,,,,,,,,,,,,,,,,,,,,,,,,,False
KK Johnson,216298,TE,TEXAS A&M,1,71.4,0,312,52.7,,54.5,0,0,0,0.0,0.0,,0,0,0,5,0,0,0,7,0,2,0,0,5,5,,,,,,,,,,,,,,,,,,,,,,,,,,,False
Henry Hasselbeck,190933,QB,APP STATE,4,21.7,0,108,76.6,,60.0,0,0,0,0.0,0.0,,0,0,0,5,0,0,0,23,0,8,0,0,5,0,,,,,,,,,,,,,,,,,,,,,,,,,,,False
Braeden Jackson,204059,HB,IOWA,3,15.6,0,192,91.7,27.0,60.0,0,1,4,30.8,30.8,87.5,0,1,0,5,0,0,0,32,4,13,0,0,1,0,,,,,,,,,,,,,,,,,,,,,,,,,,,False
Kristian Tate,174469,WR,TROY,2,38.5,0,318,44.2,,60.6,0,0,0,0.0,0.0,,0,0,0,5,0,0,0,13,0,8,0,0,5,0,,,,,,,,,,,,,,,,,,,,,,,,,,,False
Marcus Beamon,198245,QB,C MICHIGAN,2,31.3,0,134,63.6,,60.0,0,0,0,0.0,0.0,,0,0,0,5,0,0,0,16,0,11,0,0,5,0,,,,,,,,,,,,,,,,,,,,,,,,,,,False
Tad Hudson,170107,QB,NC STATE,1,100.0,0,248,60.0,,60.0,0,0,0,,,,0,0,0,5,0,0,0,5,0,0,0,0,5,0,,,,,,,,,,,,,,,,,,,,,,,,,,,False
Bodie Boydstun,213977,TE,OKLA STATE,2,100.0,0,262,57.1,,55.6,0,0,0,,,,0,0,0,5,0,0,0,5,0,0,0,0,5,4,,,,,,,,,,,,,,,,,,,,,,,,,,,False
Raymond Kovalesky,189936,G,W VIRGINIA,1,100.0,0,343,55.7,,55.6,0,0,0,,,,0,0,0,5,0,5,0,5,0,0,0,0,5,0,,,,,,,,,,,,,,,,,,,,,,,,,,,False
Mason James,215064,WR,WASHINGTON,2,35.7,0,340,56.6,,39.9,0,0,0,0.0,0.0,,0,0,0,5,0,0,0,14,0,8,0,0,5,0,,,,,,,,,,,,,,,,,,,,,,,,,,,False
Brayden Marko,218527,TE,MARYLAND,1,100.0,0,215,50.9,,48.9,0,0,0,,,,0,0,0,5,0,0,0,5,0,0,0,0,5,4,,,,,,,,,,,,,,,,,,,,,,,,,,,False
Izeyah Wright,189874,WR,NEW MEX ST,2,100.0,0,242,60.5,,60.7,0,0,0,,,,0,0,0,5,0,0,0,5,0,0,0,0,5,0,,,,,,,,,,,,,,,,,,,,,,,,,,,False
Jackson McGohan,172487,WR,WISCONSIN,1,83.3,0,349,59.4,,60.5,0,0,0,0.0,0.0,,0,0,0,5,0,0,0,6,0,1,0,0,5,1,,,,,,,,,,,,,,,,,,,,,,,,,,,False
Gabe Fortson,170068,G,ARK STATE,1,100.0,0,113,52.4,,52.4,0,0,0,,,,1,0,0,5,0,5,0,5,0,0,0,0,5,0,,,,,,,,,,,,,,,,,,,,,,,,,,,False
Tanner Vibabul,217880,QB,JAMES MAD,1,83.3,0,197,74.0,,60.0,0,0,0,0.0,0.0,,0,0,0,5,0,0,0,6,0,1,0,0,5,0,,,,,,,,,,,,,,,,,,,,,,,,,,,False
Ryan Hopkins,214938,QB,WISCONSIN,1,62.5,0,349,74.1,,60.0,0,0,0,0.0,0.0,,0,0,0,5,0,0,0,8,0,1,0,0,5,0,,,,,,,,,,,,,,,,,,,,,,,,,,,False
Xavier Daisy,190761,HB,KENTUCKY,2,100.0,0,202,60.0,,60.0,0,0,0,,,,0,0,0,5,0,0,0,5,0,0,0,0,5,0,,,,,,,,,,,,,,,,,,,,,,,,,,,False
Jayzon Thompson,213944,HB,CINCINNATI,1,55.6,0,138,74.6,,80.9,0,0,0,0.0,0.0,,0,0,0,5,0,0,0,9,0,3,0,0,5,0,,,,,,,,,,,,,,,,,,,,,,,,,,,False
Monterrio Elston Jr.,198603,HB,KANSAS ST,1,33.3,0,199,73.5,,58.0,0,0,0,0.0,0.0,,0,0,0,5,0,0,0,15,0,3,0,0,5,0,,,,,,,,,,,,,,,,,,,,,,,,,,,False
Teriq Mallory,198445,WR,FLORIDA ST,1,55.6,0,167,56.7,,60.7,0,0,0,0.0,0.0,,0,0,0,5,0,0,0,9,0,4,0,0,5,0,,,,,,,,,,,,,,,,,,,,,,,,,,,False
Jaylen Stokes,218624,WR,NEW MEX ST,3,55.6,0,242,71.7,,60.6,0,0,0,0.0,0.0,,0,0,0,5,0,0,0,9,0,4,0,0,5,0,,,,,,,,,,,,,,,,,,,,,,,,,,,False
Dane Jones,199262,WR,TCU,4,20.0,0,305,46.8,,60.3,0,0,0,0.0,0.0,,0,0,0,5,0,0,0,25,0,20,0,0,5,0,,,,,,,,,,,,,,,,,,,,,,,,,,,False
Kourdey Glass,204246,HB,OREGON ST,1,17.2,0,265,57.3,0.0,,0,2,4,19.0,22.7,50.0,0,3,1,5,0,0,0,29,5,22,0,0,0,0,,,,,,,,,,,,,,,,,,,,,,,,,,,False
Jovantae Barnes,158085,HB,KENTUCKY,2,21.1,0,202,83.3,75.3,60.0,0,0,3,42.9,42.9,100.0,0,0,0,4,0,0,0,19,3,7,0,0,1,0,,,,,,,,,,,,,,,,,,,,,,,,,,,False
Ricky Sampson,193862,WR,PURDUE,1,100.0,0,273,60.3,,60.3,0,0,0,,,,0,0,0,4,0,0,0,4,0,0,0,0,4,0,,,,,,,,,,,,,,,,,,,,,,,,,,,False
Ja'shon Benjamin,170306,HB,RUTGERS,2,44.4,0,278,69.6,74.4,,0,0,3,75.0,66.7,100.0,0,0,0,4,0,0,0,9,4,6,0,0,0,0,,,,,,,,,,,,,,,,,,,,,,,,,,,False
Nathan Hartman,199061,TE,DOMINION,1,100.0,0,263,60.0,66.3,58.9,0,0,2,100.0,100.0,100.0,0,0,0,4,0,0,0,4,2,2,0,0,2,4,,,,,,,,,,,,,,,,,,,,,,,,,,,False
Erik Ronning,204967,WR,KENNESAW,1,66.7,0,200,57.4,,60.2,0,0,0,0.0,0.0,,0,0,0,4,0,0,0,6,0,2,0,0,4,0,,,,,,,,,,,,,,,,,,,,,,,,,,,False
Franklin Baret Jr.,190389,WR,JVILLE ST,1,57.1,0,196,86.4,,60.1,0,0,0,0.0,0.0,,0,0,0,4,0,0,0,7,0,3,0,0,4,0,,,,,,,,,,,,,,,,,,,,,,,,,,,False
Champ Hampton,176615,HB,STANFORD,3,30.8,0,300,67.6,71.8,60.0,0,0,2,25.0,25.0,100.0,0,0,0,4,0,0,0,13,2,8,0,0,2,0,,,,,,,,,,,,,,,,,,,,,,,,,,,False
Jesse Moody,218594,T,MARYLAND,1,100.0,0,215,66.1,74.1,67.0,0,0,1,100.0,100.0,100.0,0,0,0,4,0,0,0,4,1,1,0,4,3,0,,,,,,,,,,,,,,,,,,,,,,,,,,,False
Daniel Tuliau,199142,C,S JOSE ST,1,100.0,0,285,60.0,83.4,60.0,0,0,2,100.0,100.0,100.0,0,0,0,4,4,0,0,4,3,3,0,0,1,0,,,,,,,,,,,,,,,,,,,,,,,,,,,False
Chris Wheatley-Humphrey,183246,HB,MIAMI FL,1,23.5,0,220,75.8,23.3,,0,0,4,66.7,66.7,75.0,1,1,1,4,0,0,0,17,4,6,0,0,0,0,,,,,,,,,,,,,,,,,,,,,,,,,,,False
Jake Peters,183577,C,NEBRASKA,1,100.0,0,238,58.0,68.0,55.5,0,0,1,100.0,100.0,100.0,0,0,0,4,4,0,0,4,1,1,0,0,3,0,,,,,,,,,,,,,,,,,,,,,,,,,,,False
Jordan Dees,188056,WR,WASH STATE,1,100.0,0,341,68.7,,78.5,0,0,0,,,,0,0,0,4,0,0,0,4,0,0,0,0,4,0,,,,,,,,,,,,,,,,,,,,,,,,,,,False
Sean Burke,198410,TE,FIU,2,100.0,0,166,60.0,15.2,69.6,0,1,1,100.0,100.0,50.0,0,1,0,4,0,0,0,4,1,1,0,0,3,4,,,,,,,,,,,,,,,,,,,,,,,,,,,False
Ryan Staub,171906,QB,TENNESSEE,1,57.1,0,307,54.9,,60.0,0,0,0,0.0,0.0,,1,0,0,4,0,0,0,7,0,3,0,0,4,0,,,,,,,,,,,,,,,,,,,,,,,,,,,False
London Montgomery,170288,HB,FLORIDA,4,21.1,0,163,64.6,,74.2,0,0,0,0.0,0.0,,0,0,0,4,0,0,0,19,0,7,0,0,4,0,,,,,,,,,,,,,,,,,,,,,,,,,,,False
Johnny Casey Jr.,218390,WR,LA TECH,1,80.0,0,208,55.3,,53.9,0,0,0,,0.0,,0,0,0,4,0,0,0,5,0,1,0,0,4,0,,,,,,,,,,,,,,,,,,,,,,,,,,,False
Dijon Stanley,176663,HB,NEW MEX ST,5,6.7,0,242,58.5,5.8,60.0,0,0,2,4.5,4.3,100.0,0,0,0,4,0,0,0,60,2,46,0,0,2,1,,,,,,,,,,,,,,,,,,,,,,,,,,,False
Riley Trujillo,183853,QB,DELAWARE,1,40.0,0,151,56.1,,60.0,0,0,0,0.0,0.0,,0,0,0,4,0,0,0,10,0,4,0,0,4,0,,,,,,,,,,,,,,,,,,,,,,,,,,,False
Jaylin Brown,204267,HB,PITTSBURGH,2,17.4,0,268,69.0,75.0,,0,0,4,25.0,25.0,100.0,0,0,0,4,0,0,0,23,4,16,0,0,0,0,,,,,,,,,,,,,,,,,,,,,,,,,,,False
Charlie Thom,216098,T,NOTRE DAME,1,100.0,0,258,56.6,0.0,60.0,1,0,2,100.0,100.0,75.0,0,1,0,4,0,0,0,4,2,2,0,4,2,0,,,,,,,,,,,,,,,,,,,,,,,,,,,False
Javen Nicholas,157109,WR,DUKE,1,57.1,0,154,59.1,,60.5,0,0,0,0.0,0.0,,0,0,0,4,0,0,0,7,0,3,0,0,4,0,,,,,,,,,,,,,,,,,,,,,,,,,,,False
Sam Turner,198147,WR,AUBURN,1,57.1,0,115,56.1,,60.3,0,0,0,0.0,0.0,,0,0,0,4,0,0,0,7,0,3,0,0,4,0,,,,,,,,,,,,,,,,,,,,,,,,,,,False
Jose Balver-Mendoza,125217,T,NEVADA,1,100.0,0,239,60.1,,60.1,0,0,0,,,,0,0,0,4,0,0,4,4,0,0,0,0,4,0,,,,,,,,,,,,,,,,,,,,,,,,,,,False
MJ Dowdy,218811,HB,SM HOUSTON,1,57.1,0,281,61.9,,59.3,0,0,0,,,,0,0,0,4,0,0,0,7,0,0,0,0,4,0,,,,,,,,,,,,,,,,,,,,,,,,,,,False
Jackson Carver,170084,TE,MIAMI FL,1,57.1,0,220,57.5,,61.5,0,0,0,0.0,0.0,,0,0,0,4,0,0,0,7,0,3,0,0,4,4,,,,,,,,,,,,,,,,,,,,,,,,,,,False
Air Noland,183705,QB,MEMPHIS,2,40.0,0,218,28.9,,60.0,0,0,0,0.0,0.0,,0,0,0,4,0,0,0,10,0,5,0,0,4,0,,,,,,,,,,,,,,,,,,,,,,,,,,,False
Peter Pesansky,190859,FB,N CAROLINA,2,100.0,0,245,59.3,,58.8,0,0,0,,,,0,0,0,4,0,0,0,4,0,0,0,0,4,0,,,,,,,,,,,,,,,,,,,,,,,,,,,False
Caleb Tucker,217072,WR,CHARLOTTE,2,21.1,0,136,47.5,,59.9,0,0,0,0.0,0.0,,0,0,0,4,0,0,0,19,0,15,0,0,4,0,,,,,,,,,,,,,,,,,,,,,,,,,,,False
Aba Selm,184638,G,KENTUCKY,1,100.0,0,202,73.6,70.3,72.6,0,0,1,100.0,100.0,100.0,0,0,0,4,0,4,0,4,1,1,0,0,3,0,,,,,,,,,,,,,,,,,,,,,,,,,,,False
Demonte Greene,216227,WR,TEMPLE,3,36.4,0,306,52.1,,39.6,0,0,0,0.0,0.0,,0,0,0,4,0,0,0,11,0,7,0,0,4,0,,,,,,,,,,,,,,,,,,,,,,,,,,,False
EJ Crowell,215737,HB,ALABAMA,4,11.1,0,103,84.0,19.3,60.0,0,1,3,25.0,23.1,83.3,0,1,0,4,0,0,0,36,3,13,0,0,1,0,,,,,,,,,,,,,,,,,,,,,,,,,,,False
Jayden Bell,175663,HB,NEW MEX ST,2,50.0,0,242,55.6,,60.2,0,0,0,0.0,0.0,,0,0,0,4,0,0,0,8,0,4,0,0,4,0,,,,,,,,,,,,,,,,,,,,,,,,,,,False
Niko Castillo,218522,HB,MINNESOTA,1,50.0,0,225,58.6,47.3,,0,1,4,100.0,100.0,87.5,0,1,0,4,0,0,0,8,4,4,0,0,0,0,,,,,,,,,,,,,,,,,,,,,,,,,,,False
Brock Knutson,170230,G,NEBRASKA,1,100.0,0,238,66.5,67.3,66.0,0,0,1,100.0,100.0,100.0,0,0,0,4,0,4,0,4,1,1,0,0,3,0,,,,,,,,,,,,,,,,,,,,,,,,,,,False
Kaneal Sweetwyne,213720,QB,COLORADO,1,22.2,0,143,59.6,,60.0,0,0,0,0.0,0.0,,0,0,0,4,0,0,0,18,0,12,0,0,4,0,,,,,,,,,,,,,,,,,,,,,,,,,,,False
Baker North,188351,G,ARK STATE,1,100.0,0,113,66.7,,66.6,0,0,0,,,,0,0,0,4,0,4,0,4,0,0,0,0,4,0,,,,,,,,,,,,,,,,,,,,,,,,,,,False
Jayvian Tanelus,213467,HB,DUKE,2,17.4,0,154,76.5,70.3,59.9,0,0,1,20.0,20.0,100.0,0,0,0,4,0,0,0,23,1,5,0,0,3,0,,,,,,,,,,,,,,,,,,,,,,,,,,,False
Zander Baptiste,204321,WR,TEMPLE,1,80.0,0,306,58.6,,60.0,0,0,0,0.0,0.0,,0,0,0,4,0,0,0,5,0,1,0,0,4,0,,,,,,,,,,,,,,,,,,,,,,,,,,,False
John Tofi Jr.,207840,TE,CAL,2,80.0,0,130,48.2,,47.4,0,0,0,0.0,0.0,,0,0,0,4,0,0,0,5,0,1,0,0,4,3,,,,,,,,,,,,,,,,,,,,,,,,,,,False
Chase Jenkins,173242,QB,KANSAS,1,100.0,0,198,60.0,,60.0,0,0,0,,,,0,0,0,4,0,0,0,4,0,0,0,0,4,0,,,,,,,,,,,,,,,,,,,,,,,,,,,False
Lawrence Autry,220601,HB,W VIRGINIA,1,50.0,0,343,50.9,,59.6,0,0,0,0.0,0.0,,0,0,0,4,0,0,0,8,0,1,0,0,4,0,,,,,,,,,,,,,,,,,,,,,,,,,,,False
Daniel Anderson,199023,HB,NWESTERN,1,57.1,0,256,65.6,,60.0,0,0,0,,,,0,0,0,4,0,0,0,7,0,0,0,0,4,0,,,,,,,,,,,,,,,,,,,,,,,,,,,False
Mitchell Blakeslee,186404,TE,AIR FORCE,1,100.0,0,101,68.6,,69.9,0,0,0,,,,0,0,0,4,0,0,0,4,0,0,0,0,4,3,,,,,,,,,,,,,,,,,,,,,,,,,,,False
Noah Flaskamp,175902,WR,MISSOURI,1,100.0,0,229,59.1,,57.9,0,0,0,,,,0,0,0,4,0,0,0,4,0,0,0,0,4,0,,,,,,,,,,,,,,,,,,,,,,,,,,,False
Will Rosen,200275,G,VIRGINIA,1,100.0,0,335,60.1,,60.0,0,0,0,,,,0,0,0,4,0,0,0,4,0,0,4,0,4,0,,,,,,,,,,,,,,,,,,,,,,,,,,,False
Andrew Alford,204363,QB,TULSA,1,66.7,0,320,61.7,,60.0,0,0,0,,,,0,0,0,4,0,0,0,6,0,0,0,0,4,0,,,,,,,,,,,,,,,,,,,,,,,,,,,False
Jim Harris Jr.,200277,T,VIRGINIA,1,100.0,0,335,60.0,,59.9,0,0,0,,,,0,0,0,4,0,0,0,4,0,0,0,4,4,0,,,,,,,,,,,,,,,,,,,,,,,,,,,False
Logan Greer,186749,C,MARSHALL,1,100.0,0,214,58.1,74.0,56.5,0,0,2,100.0,100.0,100.0,0,0,0,4,4,0,0,4,2,2,0,0,2,0,,,,,,,,,,,,,,,,,,,,,,,,,,,False
Devin Coleman,205402,G,TEXAS,1,100.0,0,311,73.9,,73.6,0,0,0,,,,0,0,0,4,0,4,0,4,0,0,0,0,4,0,,,,,,,,,,,,,,,,,,,,,,,,,,,False
Jay Jay Etheridge,184073,WR,KENT STATE,1,57.1,0,201,73.5,,60.3,0,0,0,0.0,0.0,,0,0,0,4,0,0,0,7,0,3,0,0,4,0,,,,,,,,,,,,,,,,,,,,,,,,,,,False
Jonaz Walton,216112,HB,NOTRE DAME,3,12.9,0,258,80.0,74.8,60.0,0,0,3,23.1,23.1,100.0,0,0,0,4,0,0,0,31,3,13,0,0,1,0,,,,,,,,,,,,,,,,,,,,,,,,,,,False
Savion Hart,185636,HB,GA STATE,4,17.4,0,175,74.8,75.2,58.9,0,0,2,14.3,14.3,100.0,0,0,0,4,0,0,0,23,2,14,0,0,2,0,,,,,,,,,,,,,,,,,,,,,,,,,,,False
Harry Stewart III,183815,HB,BOISE ST,2,26.7,0,120,65.4,22.6,60.0,0,1,1,14.3,14.3,50.0,0,1,0,4,0,0,0,15,1,7,0,0,3,0,,,,,,,,,,,,,,,,,,,,,,,,,,,False
Aaron Clark,218197,WR,BUFFALO,2,33.3,0,126,56.1,,59.5,0,0,0,0.0,0.0,,0,0,0,4,0,0,0,12,0,8,0,0,4,0,,,,,,,,,,,,,,,,,,,,,,,,,,,False
Tyren Parker,214148,WR,KANSAS,1,100.0,0,198,60.2,,60.2,0,0,0,,,,0,0,0,4,0,0,0,4,0,0,0,0,4,0,,,,,,,,,,,,,,,,,,,,,,,,,,,False
Jalen Rashad Turner,186439,FB,AIR FORCE,1,66.7,0,101,71.3,,69.8,0,0,0,0.0,0.0,,0,0,0,4,0,0,0,6,0,1,0,0,4,1,,,,,,,,,,,,,,,,,,,,,,,,,,,False
Khalifa Keith,174730,HB,ALABAMA,2,50.0,0,103,63.7,72.1,60.0,0,0,2,66.7,66.7,100.0,0,0,0,4,0,0,0,8,2,3,0,0,2,0,,,,,,,,,,,,,,,,,,,,,,,,,,,False
John White,184784,QB,SO MISS,1,50.0,0,296,54.5,,60.0,0,0,0,0.0,0.0,,0,0,0,4,0,0,0,8,0,2,0,0,4,0,,,,,,,,,,,,,,,,,,,,,,,,,,,False
Ah'Marion Gaines-Smith,199924,HB,SM HOUSTON,1,57.1,0,281,77.0,,59.2,0,0,0,,,,0,0,0,4,0,0,0,7,0,0,0,0,4,0,,,,,,,,,,,,,,,,,,,,,,,,,,,False
Jet Tabb,215084,WR,KENNESAW,2,57.1,0,200,56.1,,60.1,0,0,0,0.0,0.0,,0,0,0,4,0,0,0,7,0,3,0,0,4,0,,,,,,,,,,,,,,,,,,,,,,,,,,,False
Darius Curry,191052,QB,COLO STATE,1,21.1,0,144,62.9,,60.0,0,0,0,0.0,0.0,,0,0,0,4,0,0,0,19,0,14,0,0,4,0,,,,,,,,,,,,,,,,,,,,,,,,,,,False
Dillon Alfred,205076,WR,OLE MISS,1,40.0,0,226,77.1,,60.5,0,0,0,0.0,0.0,,0,0,0,4,0,0,0,10,0,6,0,0,4,1,,,,,,,,,,,,,,,,,,,,,,,,,,,False
Rollie Pinto,218471,WR,JVILLE ST,1,57.1,0,196,56.9,,59.1,0,0,0,0.0,0.0,,0,0,0,4,0,0,0,7,0,3,0,0,4,0,,,,,,,,,,,,,,,,,,,,,,,,,,,False
London Smith,216988,WR,BAYLOR,1,66.7,0,118,72.9,,83.2,0,0,0,0.0,0.0,,0,0,0,4,0,0,0,6,0,2,0,0,4,0,,,,,,,,,,,,,,,,,,,,,,,,,,,False
Chase Campbell,214144,WR,TEXAS TECH,2,80.0,0,315,59.0,,59.7,0,0,0,0.0,0.0,,0,0,0,4,0,0,0,5,0,1,0,0,4,0,,,,,,,,,,,,,,,,,,,,,,,,,,,False
Kendrick Bell,125137,WR,MICHIGAN,1,66.7,0,222,50.4,,56.5,0,0,0,0.0,0.0,,0,0,0,4,0,0,0,6,0,2,0,1,4,0,,,,,,,,,,,,,,,,,,,,,,,,,,,False
Nico Hamilton,191376,HB,WYOMING,2,25.0,0,351,54.8,71.5,57.0,0,0,1,14.3,12.5,100.0,0,0,0,4,0,0,0,16,1,8,0,0,3,0,,,,,,,,,,,,,,,,,,,,,,,,,,,False
Bryan Hamilton,218777,WR,PITTSBURGH,1,50.0,0,268,81.9,,60.1,0,0,0,0.0,0.0,,0,0,0,4,0,0,0,8,0,4,0,0,4,0,,,,,,,,,,,,,,,,,,,,,,,,,,,False
Turner Helton,163044,QB,GA SOUTHRN,1,25.0,0,174,56.9,,60.0,0,0,0,0.0,0.0,,0,0,0,4,0,0,0,16,0,9,0,0,4,0,,,,,,,,,,,,,,,,,,,,,,,,,,,False
Lloyd Benson III,170958,FB,ARMY,1,50.0,0,114,77.4,,57.9,0,0,0,,,,0,0,0,4,0,0,0,8,0,0,0,0,4,0,,,,,,,,,,,,,,,,,,,,,,,,,,,False
Trey Brown,126455,WR,OKLAHOMA,1,100.0,0,261,60.3,,60.4,0,0,0,,,,0,0,0,4,0,0,0,4,0,0,0,0,4,0,,,,,,,,,,,,,,,,,,,,,,,,,,,False
Jacob Eberhart,216816,WR,ILLINOIS,1,80.0,0,187,58.6,,60.4,0,0,0,0.0,0.0,,0,0,0,4,0,0,0,5,0,1,0,0,4,0,,,,,,,,,,,,,,,,,,,,,,,,,,,False
Fletcher Fierro,189708,WR,TCU,1,100.0,0,305,59.6,,58.8,0,0,0,,,,0,0,0,4,0,0,0,4,0,0,0,0,4,0,,,,,,,,,,,,,,,,,,,,,,,,,,,False
Chance Bryant,199704,ED,HOUSTON,3,100.0,0,182,55.0,67.6,50.9,0,0,1,100.0,100.0,100.0,0,0,0,4,0,0,0,4,1,1,0,0,3,0,,,,,,,,,,,,,,,,,,,,,,,,,,,False
Da'Jaun Riggs,191326,HB,OREGON,2,19.0,0,264,75.9,74.5,,0,0,4,40.0,40.0,100.0,0,0,0,4,0,0,0,21,4,10,0,0,0,0,,,,,,,,,,,,,,,,,,,,,,,,,,,False
Tyler Miller,184190,G,NEVADA,1,100.0,0,239,60.0,,59.9,0,0,0,,,,0,0,0,4,0,0,0,4,0,0,4,0,4,0,,,,,,,,,,,,,,,,,,,,,,,,,,,False
Langdon Horace,213489,WR,STANFORD,2,33.3,0,300,55.5,,60.0,0,0,0,0.0,0.0,,0,0,0,4,0,0,0,12,0,8,0,0,4,0,,,,,,,,,,,,,,,,,,,,,,,,,,,False
Jake Sock,173058,QB,HOUSTON,1,100.0,0,182,60.0,,60.0,0,0,0,,,,0,0,0,4,0,0,0,4,0,0,0,0,4,0,,,,,,,,,,,,,,,,,,,,,,,,,,,False
Nolan Ray,170203,HB,BOSTON COL,2,36.4,0,121,58.5,77.0,60.0,0,0,3,50.0,50.0,100.0,0,0,0,4,0,0,0,11,3,6,0,0,1,0,,,,,,,,,,,,,,,,,,,,,,,,,,,False
CJ Givers,213466,HB,DUKE,2,44.4,0,154,65.5,67.8,60.0,0,0,1,50.0,50.0,100.0,0,0,0,4,0,0,0,9,1,2,0,0,3,0,,,,,,,,,,,,,,,,,,,,,,,,,,,False
Paris Patterson,172418,G,TEXAS,1,100.0,0,311,57.2,,57.1,0,0,0,,,,0,0,0,4,0,0,0,4,0,0,4,0,4,0,,,,,,,,,,,,,,,,,,,,,,,,,,,False
Javier Wills,217122,WR,KENT STATE,1,100.0,0,201,60.0,,59.7,0,0,0,,,,0,0,0,4,0,0,0,4,0,0,0,0,4,0,,,,,,,,,,,,,,,,,,,,,,,,,,,False
Leyton Stone,199310,WR,TEXAS TECH,2,80.0,0,315,59.6,,60.5,0,0,0,0.0,0.0,,0,0,0,4,0,0,0,5,0,1,0,0,4,0,,,,,,,,,,,,,,,,,,,,,,,,,,,False
Isaac Clary,176369,T,MARSHALL,1,100.0,0,214,61.3,76.0,59.6,0,0,2,100.0,100.0,100.0,0,0,0,4,0,0,0,4,2,2,0,4,2,0,,,,,,,,,,,,,,,,,,,,,,,,,,,False
DJ Williams,215662,WR,LOUISVILLE,1,50.0,0,210,55.0,,59.8,0,0,0,0.0,0.0,,0,0,0,4,0,0,0,8,0,4,0,0,4,0,,,,,,,,,,,,,,,,,,,,,,,,,,,False
Owen Snively,128166,G,BOSTON COL,3,100.0,0,121,59.6,,59.4,0,0,0,,,,0,0,0,4,0,0,0,4,0,0,0,0,4,4,,,,,,,,,,,,,,,,,,,,,,,,,,,False
Grady Adamson,199695,QB,GA TECH,1,44.4,0,176,48.0,,60.0,0,0,0,0.0,0.0,,0,0,0,4,0,0,0,9,0,1,0,0,4,0,,,,,,,,,,,,,,,,,,,,,,,,,,,False
Sanders Ellis,185222,LB,BOWL GREEN,1,100.0,0,122,44.1,,37.0,0,0,0,,,,0,0,0,4,0,0,0,4,0,0,0,0,4,2,,,,,,,,,,,,,,,,,,,,,,,,,,,False
Dream Rashad,218665,TE,N CAROLINA,1,66.7,0,245,56.8,,58.6,0,0,0,0.0,0.0,,0,0,0,4,0,0,0,6,0,2,0,0,4,4,,,,,,,,,,,,,,,,,,,,,,,,,,,False
Omari Elias,198048,HB,AIR FORCE,1,66.7,0,101,52.5,,58.4,0,0,0,,,,0,0,0,4,0,0,0,6,0,0,0,0,4,0,,,,,,,,,,,,,,,,,,,,,,,,,,,False
Jacob Williams,223337,HB,NAVY,1,44.4,0,237,73.7,,51.7,0,0,0,,,,0,0,0,4,0,0,0,9,0,0,0,0,4,0,,,,,,,,,,,,,,,,,,,,,,,,,,,False
Peyton Knoebel,204593,C,AIR FORCE,1,100.0,0,101,61.7,,65.1,0,0,0,,,,0,0,0,4,4,0,0,4,0,0,0,0,4,0,,,,,,,,,,,,,,,,,,,,,,,,,,,False
DJ Dugar,204194,HB,TULANE,2,40.0,0,319,68.2,74.1,60.0,0,0,2,50.0,50.0,100.0,0,0,0,4,0,0,0,10,2,4,0,0,2,0,,,,,,,,,,,,,,,,,,,,,,,,,,,False
Holden Grieger,192934,T,MARSHALL,1,100.0,0,214,50.8,77.4,48.0,0,0,2,100.0,100.0,100.0,0,0,0,4,0,0,4,4,2,2,0,0,2,0,,,,,,,,,,,,,,,,,,,,,,,,,,,False
Zamaurious Robertson,213485,WR,N CAROLINA,1,57.1,0,245,78.2,,78.8,0,0,0,0.0,0.0,,0,0,0,4,0,0,0,7,0,3,0,0,4,0,,,,,,,,,,,,,,,,,,,,,,,,,,,False
Elias Justice,215560,G,NEVADA,1,100.0,0,239,59.8,,59.7,0,0,0,,,,0,0,0,4,0,4,0,4,0,0,0,0,4,0,,,,,,,,,,,,,,,,,,,,,,,,,,,False
Ace Theus,214167,WR,TCU,1,80.0,0,305,66.4,,78.7,0,0,0,0.0,0.0,,0,0,0,4,0,0,0,5,0,1,0,0,4,0,,,,,,,,,,,,,,,,,,,,,,,,,,,False
Matthew Lusardi,170395,FB,WAKE,3,100.0,0,339,65.3,,71.2,0,0,0,,,,0,0,0,4,0,0,0,4,0,0,0,0,4,0,,,,,,,,,,,,,,,,,,,,,,,,,,,False
Jordan Morris,216165,TE,S ALABAMA,2,80.0,0,288,59.4,,60.5,0,0,0,0.0,0.0,,0,0,0,4,0,0,0,5,0,1,0,0,4,5,,,,,,,,,,,,,,,,,,,,,,,,,,,False
Seth Davis,172539,HB,TULSA,1,26.7,0,320,88.7,,60.0,0,0,0,0.0,0.0,,0,0,0,4,0,0,0,15,0,2,0,0,4,0,,,,,,,,,,,,,,,,,,,,,,,,,,,False
Taylor Bradshaw,174176,WR,GA SOUTHRN,2,30.8,0,174,58.0,,39.4,0,0,0,0.0,0.0,,0,0,0,4,0,0,0,13,0,8,0,0,4,0,,,,,,,,,,,,,,,,,,,,,,,,,,,False
Jaylen Patterson,198954,QB,SACRAMENTO,3,44.4,0,279,77.8,,60.0,0,0,0,,,,0,0,0,4,0,0,0,9,0,0,0,0,4,0,,,,,,,,,,,,,,,,,,,,,,,,,,,False
Calix Lemp,227831,FB,AIR FORCE,1,100.0,0,101,58.4,,56.4,0,0,0,,,,0,0,0,4,0,0,0,4,0,0,0,0,4,1,,,,,,,,,,,,,,,,,,,,,,,,,,,False
Day'Jon Moore,214537,C,MARYLAND,1,100.0,0,215,60.3,72.1,60.1,0,0,1,100.0,100.0,100.0,0,0,0,4,4,0,0,4,1,1,0,0,3,0,,,,,,,,,,,,,,,,,,,,,,,,,,,False
Parker Almanza,216963,TE,BAYLOR,1,80.0,0,118,78.8,64.5,55.6,0,0,1,50.0,50.0,100.0,0,0,0,4,0,0,0,5,1,2,0,0,3,4,,,,,,,,,,,,,,,,,,,,,,,,,,,False
Lebron Bond,198538,WR,INDIANA,1,66.7,0,190,57.1,,60.5,0,0,0,0.0,0.0,,0,0,0,4,0,0,0,6,0,2,0,0,4,0,,,,,,,,,,,,,,,,,,,,,,,,,,,False
Evan Pryor,145057,HB,FLORIDA,4,14.8,0,163,62.0,6.2,60.0,0,1,2,14.3,13.3,75.0,0,1,0,4,0,0,0,27,2,15,0,0,2,0,,,,,,,,,,,,,,,,,,,,,,,,,,,False
Antojuan Woody,215798,WR,FAU,3,36.4,0,165,66.0,,59.7,0,0,0,0.0,0.0,,0,0,0,4,0,0,0,11,0,7,0,0,4,0,,,,,,,,,,,,,,,,,,,,,,,,,,,False
KD Jones,214112,HB,OKLA STATE,1,36.4,0,262,83.7,,60.0,0,0,0,,,,0,0,0,4,0,0,0,11,0,0,0,0,4,0,,,,,,,,,,,,,,,,,,,,,,,,,,,False
Vincent Chen,189304,G,S CAROLINA,2,100.0,0,289,59.9,,59.7,0,0,0,,,,0,0,0,4,0,4,0,4,0,0,0,0,4,0,,,,,,,,,,,,,,,,,,,,,,,,,,,False
Sam Peters,173417,TE,MINNESOTA,1,80.0,0,225,57.3,67.0,58.8,0,0,3,75.0,75.0,100.0,0,0,0,4,0,0,0,5,3,4,0,0,1,5,,,,,,,,,,,,,,,,,,,,,,,,,,,False
Sione Ma'u,199158,G,SMU,2,100.0,0,287,61.0,74.5,60.0,0,0,2,100.0,100.0,100.0,0,0,0,4,0,3,0,4,2,2,0,0,2,0,,,,,,,,,,,,,,,,,,,,,,,,,,,False
Michael Mitchell Jr.,213461,QB,STANFORD,2,40.0,0,300,40.6,,60.0,0,0,0,0.0,0.0,,0,0,0,4,0,0,0,10,0,6,0,0,4,0,,,,,,,,,,,,,,,,,,,,,,,,,,,False
Grant Brix,183550,G,NEBRASKA,1,100.0,0,238,59.5,67.3,59.2,0,0,1,100.0,100.0,100.0,0,0,0,4,0,0,0,4,1,1,4,0,3,0,,,,,,,,,,,,,,,,,,,,,,,,,,,False
Michael Gelatko,204733,TE,BUFFALO,1,50.0,0,126,88.6,64.6,59.6,0,0,0,0.0,20.0,,0,0,0,4,0,0,0,8,1,5,0,0,3,4,,,,,,,,,,,,,,,,,,,,,,,,,,,False
Xavier Green,220493,WR,TULSA,2,80.0,0,320,58.4,,60.4,0,0,0,0.0,0.0,,0,0,0,4,0,0,0,5,0,1,0,0,4,0,,,,,,,,,,,,,,,,,,,,,,,,,,,False
Aldin Bilalbegovic,205208,TE,NEW MEXICO,1,100.0,0,241,59.2,,58.8,0,0,0,,,,0,0,0,4,0,0,0,4,0,0,0,0,4,3,,,,,,,,,,,,,,,,,,,,,,,,,,,False
Autavius Ison,178608,HB,TOLEDO,4,11.1,0,316,81.0,71.8,59.1,0,0,2,28.6,28.6,100.0,0,0,0,4,0,0,0,36,2,7,0,0,2,0,,,,,,,,,,,,,,,,,,,,,,,,,,,False
Nick Evers,158082,QB,MISSOURI,1,66.7,0,229,82.9,,60.0,0,0,0,0.0,0.0,,0,0,0,4,0,0,0,6,0,2,0,0,4,0,,,,,,,,,,,,,,,,,,,,,,,,,,,False
Aiden Miller,173446,TE,W KENTUCKY,1,80.0,0,346,68.9,,71.5,0,0,0,0.0,0.0,,0,0,0,4,0,0,0,5,0,1,0,0,4,5,,,,,,,,,,,,,,,,,,,,,,,,,,,False
Jaylin Belford,157382,HB,LIBERTY,2,57.1,0,206,59.5,,60.0,0,0,0,0.0,0.0,,0,0,0,4,0,0,0,7,0,1,0,0,4,0,,,,,,,,,,,,,,,,,,,,,,,,,,,False
Max Anderson,184879,T,KENTUCKY,1,100.0,0,202,60.4,67.9,60.0,0,0,1,100.0,100.0,100.0,0,0,0,4,0,0,0,4,1,1,0,4,3,0,,,,,,,,,,,,,,,,,,,,,,,,,,,False
Michael Clayton II,216930,HB,ILLINOIS,2,100.0,0,187,60.0,,60.0,0,0,0,,,,0,0,0,4,0,0,0,4,0,0,0,0,4,0,,,,,,,,,,,,,,,,,,,,,,,,,,,False
Nathan Roberts,174737,WR,TENNESSEE,1,57.1,0,307,72.4,,60.3,0,0,0,0.0,0.0,,0,0,0,4,0,0,0,7,0,3,0,0,4,0,,,,,,,,,,,,,,,,,,,,,,,,,,,False
Jackson Kohl,198913,TE,COAST CAR,1,100.0,0,141,60.3,,60.2,0,0,0,,,,0,0,0,4,0,0,0,4,0,0,0,0,4,4,,,,,,,,,,,,,,,,,,,,,,,,,,,False
Max Anderson,208861,QB,W VIRGINIA,1,80.0,0,343,69.5,,60.0,0,0,0,,,,0,0,0,4,0,0,0,5,0,0,0,0,4,0,,,,,,,,,,,,,,,,,,,,,,,,,,,False
Tony Freeman,184219,WR,WASH STATE,1,40.0,0,341,55.0,,60.5,0,0,0,0.0,0.0,,0,0,0,4,0,0,0,10,0,6,0,0,4,1,,,,,,,,,,,,,,,,,,,,,,,,,,,False
Roman Mothershed,190694,TE,LSU,2,36.4,0,211,55.0,64.0,58.3,0,0,1,16.7,12.5,100.0,0,0,0,4,0,0,0,11,1,8,0,0,3,1,,,,,,,,,,,,,,,,,,,,,,,,,,,False
Keenan Jackson Jr.,205255,HB,N TEXAS,1,36.4,0,251,64.2,,60.0,0,0,0,,,,0,0,0,4,0,0,0,11,0,0,0,0,4,0,,,,,,,,,,,,,,,,,,,,,,,,,,,False
Malichi Greaves,204823,FB,COLO STATE,2,50.0,0,144,63.3,,60.0,0,0,0,0.0,0.0,,0,0,0,4,0,0,0,8,0,2,0,0,4,0,,,,,,,,,,,,,,,,,,,,,,,,,,,False
Luke Rauh,126605,HB,AIR FORCE,1,66.7,0,101,61.3,,58.4,0,0,0,,,,0,0,0,4,0,0,0,6,0,0,0,0,4,0,,,,,,,,,,,,,,,,,,,,,,,,,,,False
Semaj Beals,215219,QB,AKRON,2,80.0,0,102,58.5,,60.0,0,0,0,0.0,0.0,,0,0,0,4,0,0,0,5,0,1,0,0,4,0,,,,,,,,,,,,,,,,,,,,,,,,,,,False
Jaylen White,217056,QB,CHARLOTTE,2,57.1,0,136,34.0,,60.0,0,0,0,0.0,0.0,,0,0,0,4,0,0,0,7,0,2,0,0,4,0,,,,,,,,,,,,,,,,,,,,,,,,,,,False
Stephon Daily,173464,WR,COLO STATE,1,66.7,0,144,56.7,,60.0,0,0,0,0.0,0.0,,0,0,0,4,0,0,0,6,0,2,0,0,4,0,,,,,,,,,,,,,,,,,,,,,,,,,,,False
Neff Giwa,218861,T,S CAROLINA,2,100.0,0,289,60.0,,59.9,0,0,0,,,,0,0,0,4,0,0,0,4,0,0,0,4,4,0,,,,,,,,,,,,,,,,,,,,,,,,,,,False
Nasir Newkirk,198655,WR,LIBERTY,1,80.0,0,206,58.0,,59.5,0,0,0,0.0,0.0,,0,0,0,4,0,0,0,5,0,1,0,0,4,0,,,,,,,,,,,,,,,,,,,,,,,,,,,False
Brandon Solis,126974,T,KANSAS,1,100.0,0,198,59.8,,59.5,0,0,0,,,,0,0,0,4,0,0,0,4,0,0,0,4,4,0,,,,,,,,,,,,,,,,,,,,,,,,,,,False
Brody Lennon,205313,WR,OHIO STATE,2,50.0,0,260,62.5,,70.6,0,0,0,0.0,0.0,,0,0,0,4,0,0,0,8,0,4,0,0,4,3,,,,,,,,,,,,,,,,,,,,,,,,,,,False
Charlie Crowell,189726,TE,WASHINGTON,1,66.7,0,340,55.2,64.5,59.2,0,0,1,33.3,33.3,100.0,0,0,0,4,0,0,0,6,1,3,0,0,3,6,,,,,,,,,,,,,,,,,,,,,,,,,,,False
Antwan Roberts Jr.,145178,HB,ARIZONA,3,13.8,0,109,58.1,25.0,,0,1,4,23.5,23.5,87.5,0,1,0,4,0,0,0,29,4,17,0,0,0,0,,,,,,,,,,,,,,,,,,,,,,,,,,,False
Eli Kaufman,198717,G,MARSHALL,1,100.0,0,214,60.5,74.9,59.8,0,0,2,100.0,100.0,100.0,0,0,0,4,0,0,0,4,2,2,4,0,2,0,,,,,,,,,,,,,,,,,,,,,,,,,,,False
Ethan Dowdy,198963,WR,NC STATE,3,50.0,0,248,56.4,,60.3,0,0,0,0.0,0.0,,0,0,0,4,0,0,0,8,0,4,0,0,4,0,,,,,,,,,,,,,,,,,,,,,,,,,,,False
Noah McNair,215958,WR,AIR FORCE,1,100.0,0,101,57.0,,53.3,0,0,0,,,,0,0,0,4,0,0,0,4,0,0,0,0,4,0,,,,,,,,,,,,,,,,,,,,,,,,,,,False
Xavier Gayten,191197,HB,MISS STATE,2,25.0,0,227,67.2,73.0,60.0,0,0,2,28.6,33.3,100.0,0,0,0,4,0,0,0,16,3,9,0,0,1,0,,,,,,,,,,,,,,,,,,,,,,,,,,,False
Jack Newhouse,218357,WR,HOUSTON,1,100.0,0,182,92.4,,84.5,0,0,0,,,,0,0,0,4,0,0,0,4,0,0,0,0,4,3,,,,,,,,,,,,,,,,,,,,,,,,,,,False
Noah Prior,190539,TE,ARMY,1,80.0,0,114,67.1,,73.2,0,0,0,0.0,0.0,,0,0,0,4,0,0,0,5,0,1,0,1,4,2,,,,,,,,,,,,,,,,,,,,,,,,,,,False
Fitzgerald West Jr.,157107,DI,LA LAFAYET,3,80.0,0,207,55.0,,57.6,0,0,0,,,,0,0,0,4,0,0,0,5,0,0,0,0,4,0,,,,,,,,,,,,,,,,,,,,,,,,,,,False
Cash Harney,218420,WR,KENTUCKY,1,100.0,0,202,46.7,,47.3,0,0,0,,,,0,0,0,4,0,0,0,4,0,0,0,0,4,4,,,,,,,,,,,,,,,,,,,,,,,,,,,False
Miles Cremascoli,184114,WR,OHIO,2,50.0,0,259,56.2,,60.0,0,0,0,0.0,0.0,,0,0,0,4,0,0,0,8,0,4,0,0,4,0,,,,,,,,,,,,,,,,,,,,,,,,,,,False
Phoenix Henriquez,218903,WR,SYRACUSE,1,50.0,0,304,55.3,,59.9,0,0,0,0.0,0.0,,0,0,0,4,0,0,0,8,0,4,0,0,4,0,,,,,,,,,,,,,,,,,,,,,,,,,,,False
Giovanni Kovacs,185088,T,SACRAMENTO,1,100.0,0,279,60.2,,60.2,0,0,0,,,,0,0,0,4,0,0,3,4,0,0,1,0,4,0,,,,,,,,,,,,,,,,,,,,,,,,,,,False
Anthony League,207842,HB,CAL,3,17.4,0,130,53.1,12.4,55.1,0,1,2,14.3,13.3,75.0,0,1,0,4,0,0,0,23,2,15,0,0,2,0,,,,,,,,,,,,,,,,,,,,,,,,,,,False
Owen Chambers,186410,FB,AIR FORCE,1,80.0,0,101,66.2,,58.2,0,0,0,,,,0,0,0,4,0,0,0,5,0,0,0,0,4,0,,,,,,,,,,,,,,,,,,,,,,,,,,,False
Briggs Cherry,215603,QB,LOUISVILLE,1,66.7,0,210,63.4,,60.0,0,0,0,0.0,0.0,,0,0,0,4,0,0,0,6,0,2,0,0,4,0,,,,,,,,,,,,,,,,,,,,,,,,,,,False
Donovan Delaney Jr.,170309,HB,KENT STATE,3,19.0,0,201,61.9,0.0,60.0,0,0,1,12.5,12.5,100.0,0,0,0,4,0,0,0,21,1,8,0,0,3,0,,,,,,,,,,,,,,,,,,,,,,,,,,,False
Chase Pensyl,204949,WR,JAMES MAD,1,80.0,0,197,57.8,,58.7,0,0,0,0.0,0.0,,0,0,0,4,0,0,0,5,0,1,0,0,4,0,,,,,,,,,,,,,,,,,,,,,,,,,,,False
Xavier Stinson,214662,WR,IOWA,1,100.0,0,192,60.3,,60.5,0,0,0,,,,0,0,0,4,0,0,0,4,0,0,0,0,4,0,,,,,,,,,,,,,,,,,,,,,,,,,,,False
Tariq Thomas,189180,HB,FRESNO ST,4,27.3,0,169,64.5,0.0,59.2,0,1,1,14.3,14.3,50.0,0,1,0,3,0,0,0,11,1,7,0,0,2,0,,,,,,,,,,,,,,,,,,,,,,,,,,,False
Ahmir Smith,188435,HB,KENTUCKY,2,42.9,0,202,69.3,,60.0,0,0,0,0.0,0.0,,0,0,0,3,0,0,0,7,0,1,0,0,3,0,,,,,,,,,,,,,,,,,,,,,,,,,,,False
Hunter Carver,189434,TE,MIAMI FL,1,100.0,0,220,54.5,,54.0,0,0,0,,,,0,0,0,3,0,0,0,3,0,0,0,0,3,3,,,,,,,,,,,,,,,,,,,,,,,,,,,False
Jordan Lyle,189441,HB,MIAMI FL,1,18.8,0,220,53.0,28.0,60.0,0,1,2,25.0,22.2,75.0,0,1,0,3,0,0,0,16,2,9,0,0,1,0,,,,,,,,,,,,,,,,,,,,,,,,,,,False
Yerovi Valdes Alfonso,189456,G,MIAMI FL,1,100.0,0,220,58.9,,58.8,0,0,0,,,,0,0,0,3,0,0,0,3,0,0,3,0,3,0,,,,,,,,,,,,,,,,,,,,,,,,,,,False
Bennett Johnson V,224045,T,SMU,1,100.0,0,287,58.8,70.3,57.2,0,0,1,100.0,100.0,100.0,0,0,0,3,0,0,0,3,1,1,0,3,2,0,,,,,,,,,,,,,,,,,,,,,,,,,,,False
Elijah Elliss,188295,LB,UTAH,2,100.0,0,328,59.9,,59.0,0,0,0,,,,0,0,0,3,0,0,0,3,0,0,0,0,3,1,,,,,,,,,,,,,,,,,,,,,,,,,,,False
Brach Rice,188289,DI,MIAMI OH,2,75.0,0,221,66.2,,56.0,0,0,0,,,,1,0,0,3,0,0,0,4,0,0,0,0,3,3,,,,,,,,,,,,,,,,,,,,,,,,,,,False
Cyler Corn,189816,G,LA TECH,1,100.0,0,208,60.0,,60.0,0,0,0,,,,0,0,0,3,0,0,0,3,0,0,3,0,3,0,,,,,,,,,,,,,,,,,,,,,,,,,,,False
Trae'von Dunbar,189923,HB,S ALABAMA,4,4.9,0,288,78.7,,67.3,0,0,0,0.0,0.0,,0,0,0,3,0,0,0,61,0,30,0,0,3,0,,,,,,,,,,,,,,,,,,,,,,,,,,,False
TyQuez Richardson,186056,T,GEORGIA,2,100.0,0,173,60.0,,60.0,0,0,0,,,,0,0,0,3,0,0,0,3,0,0,0,3,3,0,,,,,,,,,,,,,,,,,,,,,,,,,,,False
Javery Mayberry,185019,TE,SO MISS,1,100.0,0,296,59.9,,59.6,0,0,0,,,,0,0,0,3,0,0,0,3,0,0,0,0,3,3,,,,,,,,,,,,,,,,,,,,,,,,,,,False
Jordan Williams,190115,TE,TEXAS ST,1,60.0,0,314,57.3,,60.0,0,0,0,0.0,0.0,,0,0,0,3,0,0,0,5,0,2,0,0,3,1,,,,,,,,,,,,,,,,,,,,,,,,,,,False
Tyler Mason,184937,HB,VA TECH,2,25.0,0,337,63.3,,59.8,0,0,0,0.0,0.0,,0,0,0,3,0,0,0,12,0,4,0,0,3,0,,,,,,,,,,,,,,,,,,,,,,,,,,,False
Trey Jackson,184903,TE,SMU,1,50.0,0,287,61.0,,68.5,0,0,0,0.0,0.0,,0,0,0,3,0,0,0,6,0,3,0,0,3,1,,,,,,,,,,,,,,,,,,,,,,,,,,,False
Chase Malamala,190342,T,SO MISS,1,100.0,0,296,60.0,,59.7,0,0,0,,,,0,0,0,3,0,0,3,3,0,0,0,0,3,0,,,,,,,,,,,,,,,,,,,,,,,,,,,False
Sa'Kylee Woodard,190474,T,NEW MEXICO,1,100.0,0,241,59.1,,58.5,0,0,0,,,,0,0,0,3,0,0,0,3,0,0,0,3,3,0,,,,,,,,,,,,,,,,,,,,,,,,,,,False
Henry Peagler,184570,C,GEORGIA,2,100.0,0,173,60.0,,60.0,0,0,0,,,,0,0,0,3,2,0,0,3,0,0,1,0,3,0,,,,,,,,,,,,,,,,,,,,,,,,,,,False
James Rothstein,190540,TE,ARMY,1,100.0,0,114,60.0,,70.4,0,0,0,,,,0,0,0,3,0,0,0,3,0,0,0,0,3,2,,,,,,,,,,,,,,,,,,,,,,,,,,,False
Taji Atkins,190633,HB,TEXAS ST,2,42.9,0,314,42.3,67.5,60.0,0,0,1,33.3,33.3,100.0,0,0,0,3,0,0,0,7,1,3,0,0,2,0,,,,,,,,,,,,,,,,,,,,,,,,,,,False
Colten Christian,190716,G,TULSA,2,100.0,0,320,60.0,60.9,60.0,0,0,1,100.0,100.0,100.0,0,0,0,3,0,0,0,3,1,1,2,0,2,0,,,,,,,,,,,,,,,,,,,,,,,,,,,False
Will Upshaw,190750,ED,TULSA,2,100.0,0,320,58.4,66.1,57.1,0,0,1,100.0,100.0,100.0,0,0,0,3,0,0,0,3,1,1,0,0,2,3,,,,,,,,,,,,,,,,,,,,,,,,,,,False
Tomas O'Meara,190838,FB,MICHIGAN,1,75.0,0,222,59.6,72.7,60.0,0,0,1,100.0,100.0,100.0,0,0,0,3,0,0,0,4,1,1,0,0,2,0,,,,,,,,,,,,,,,,,,,,,,,,,,,False
Jace Borcherding,190879,G,NWESTERN,1,100.0,0,256,60.0,,60.0,0,0,0,,,,0,0,0,3,0,0,0,3,0,0,3,0,3,0,,,,,,,,,,,,,,,,,,,,,,,,,,,False
Antonio Harris,190906,HB,PURDUE,3,12.5,0,273,70.8,73.6,60.0,0,0,2,16.7,14.3,100.0,0,0,0,3,0,0,0,24,2,14,0,0,1,0,,,,,,,,,,,,,,,,,,,,,,,,,,,False
Ayden Harris,184075,HB,KENT STATE,2,27.3,0,201,55.1,73.7,60.0,0,0,2,50.0,50.0,100.0,0,0,0,3,0,0,0,11,2,4,0,0,1,0,,,,,,,,,,,,,,,,,,,,,,,,,,,False
Alex Fox,190967,G,AKRON,1,100.0,0,102,66.8,,66.9,0,0,0,,,,0,0,0,3,0,0,0,3,0,0,3,0,3,0,,,,,,,,,,,,,,,,,,,,,,,,,,,False
Dominic Monz,190978,WR,AKRON,1,100.0,0,102,60.1,,60.0,0,0,0,,,,0,0,0,3,0,0,0,3,0,0,0,0,3,0,,,,,,,,,,,,,,,,,,,,,,,,,,,False
Ashton Jones,183965,HB,MIDDLE TN,1,50.0,0,224,60.8,75.0,,0,0,3,50.0,50.0,100.0,0,0,0,3,0,0,0,6,3,6,0,0,0,0,,,,,,,,,,,,,,,,,,,,,,,,,,,False
Marsel Akins,191074,G,FRESNO ST,1,100.0,0,169,60.0,69.8,59.8,0,0,1,100.0,100.0,100.0,0,0,0,3,0,3,0,3,1,1,0,0,2,0,,,,,,,,,,,,,,,,,,,,,,,,,,,False
Tate Nelms,191154,G,GEORGIA,2,100.0,0,173,60.0,,60.0,0,0,0,,,,0,0,0,3,0,3,0,3,0,0,0,0,3,0,,,,,,,,,,,,,,,,,,,,,,,,,,,False
Samaj Jones,183797,QB,CINCINNATI,3,20.0,0,138,82.8,,60.0,0,0,0,0.0,0.0,,0,0,0,3,0,0,0,15,0,3,0,0,3,0,,,,,,,,,,,,,,,,,,,,,,,,,,,False
Hayden Breal,191230,C,SO MISS,1,100.0,0,296,58.4,,50.6,0,0,0,,,,0,0,0,3,3,0,0,3,0,0,0,0,3,0,,,,,,,,,,,,,,,,,,,,,,,,,,,False
Jackson Baird,191283,WR,BAYLOR,1,100.0,0,118,60.0,,60.0,0,0,0,,,,0,0,0,3,0,0,0,3,0,0,0,0,3,0,,,,,,,,,,,,,,,,,,,,,,,,,,,False
Oscar Hammond,183475,TE,OKLA STATE,1,100.0,0,262,60.0,,60.0,0,0,0,,,,0,0,0,3,0,0,0,3,0,0,0,0,3,3,,,,,,,,,,,,,,,,,,,,,,,,,,,False
Elijah Brown,183276,QB,WASHINGTON,1,50.0,0,340,50.5,,60.0,0,0,0,0.0,0.0,,0,0,0,3,0,0,0,6,0,3,0,0,3,0,,,,,,,,,,,,,,,,,,,,,,,,,,,False
Joe Vickers,193154,T,KANSAS ST,1,100.0,0,199,60.3,,60.8,0,0,0,,,,0,0,0,3,0,0,0,3,0,0,0,3,3,0,,,,,,,,,,,,,,,,,,,,,,,,,,,False
Luke Logan,193169,TE,OKLA STATE,1,100.0,0,262,60.0,,60.0,0,0,0,,,,0,0,0,3,0,0,0,3,0,0,0,0,3,3,,,,,,,,,,,,,,,,,,,,,,,,,,,False
Juelz Goff,183271,HB,BOISE ST,2,27.3,0,120,55.1,48.5,,0,0,3,75.0,75.0,100.0,0,0,0,3,0,0,0,11,3,4,0,0,0,0,,,,,,,,,,,,,,,,,,,,,,,,,,,False
Greg Bienvenue,193210,G,BOISE ST,1,100.0,0,120,60.1,,60.1,0,0,0,,,,0,0,0,3,0,2,0,3,0,0,0,0,3,1,,,,,,,,,,,,,,,,,,,,,,,,,,,False
Trey Horne,183217,WR,SO MISS,2,75.0,0,296,59.2,,60.1,0,0,0,0.0,0.0,,0,0,0,3,0,0,0,4,0,1,0,0,3,0,,,,,,,,,,,,,,,,,,,,,,,,,,,False
Brian Mahoney III,194361,T,TOLEDO,1,100.0,0,316,60.1,,60.5,0,0,0,,,,0,0,0,3,0,0,3,3,0,0,0,0,3,0,,,,,,,,,,,,,,,,,,,,,,,,,,,False
Steven Gorski,181154,TE,LA MONROE,1,100.0,0,209,60.2,65.6,60.1,0,0,1,100.0,100.0,100.0,0,0,0,3,0,0,0,3,1,1,0,0,2,2,,,,,,,,,,,,,,,,,,,,,,,,,,,False
Jordan Cree,179918,TE,PURDUE,2,100.0,0,273,55.6,,54.5,0,0,0,,,,0,0,0,3,0,0,0,3,0,0,0,0,3,3,,,,,,,,,,,,,,,,,,,,,,,,,,,False
Zo'Maryon Bryan,178352,T,SM HOUSTON,1,100.0,0,281,60.0,,60.0,0,0,0,,,,0,0,0,3,0,0,0,3,0,0,0,3,3,0,,,,,,,,,,,,,,,,,,,,,,,,,,,False
Ian Duarte,178254,WR,TENNESSEE,1,75.0,0,307,57.9,,59.6,0,0,0,0.0,0.0,,0,0,0,3,0,0,0,4,0,1,0,0,3,0,,,,,,,,,,,,,,,,,,,,,,,,,,,False
Santana Fleming,177949,WR,MIDDLE TN,2,42.9,0,224,63.0,,59.2,0,0,0,0.0,0.0,,0,0,0,3,0,0,0,7,0,3,0,0,3,0,,,,,,,,,,,,,,,,,,,,,,,,,,,False
Deuce Knight,198161,QB,OLE MISS,2,18.8,0,226,81.0,,60.0,0,0,0,0.0,0.0,,0,0,0,3,0,0,0,16,0,9,0,0,3,0,,,,,,,,,,,,,,,,,,,,,,,,,,,False
Logan Payne,198229,HB,BYU,1,37.5,0,128,70.0,,60.0,0,0,0,,,,0,0,0,3,0,0,0,8,0,0,0,0,3,0,,,,,,,,,,,,,,,,,,,,,,,,,,,False
Jonas Mann,176295,T,AKRON,1,100.0,0,102,55.6,,51.3,0,0,0,,,,0,0,0,3,0,0,0,3,0,0,0,3,3,0,,,,,,,,,,,,,,,,,,,,,,,,,,,False
Kevin Sperry,198436,QB,FLORIDA ST,1,42.9,0,167,63.3,,60.0,0,0,0,0.0,0.0,,0,0,0,3,0,0,0,7,0,3,0,0,3,0,,,,,,,,,,,,,,,,,,,,,,,,,,,False
Sean Cuono,198535,HB,INDIANA,4,18.8,0,190,61.6,67.5,60.0,0,0,1,33.3,33.3,100.0,0,0,0,3,0,0,0,16,1,3,0,0,2,0,,,,,,,,,,,,,,,,,,,,,,,,,,,False
Cole Webster,198581,DI,JAMES MAD,2,100.0,0,197,53.9,,49.8,0,0,0,,,,0,0,0,3,0,0,0,3,0,0,0,0,3,0,,,,,,,,,,,,,,,,,,,,,,,,,,,False
Kaden Trevino,175688,WR,NEW MEX ST,1,100.0,0,242,60.2,,60.2,0,0,0,,,,0,0,0,3,0,0,0,3,0,0,0,0,3,0,,,,,,,,,,,,,,,,,,,,,,,,,,,False
Paxton Briggle,175278,G,SMU,1,100.0,0,287,59.4,70.3,59.2,0,0,1,100.0,100.0,100.0,0,0,0,3,0,3,0,3,1,1,0,0,2,0,,,,,,,,,,,,,,,,,,,,,,,,,,,False
Gage Leonard,175245,WR,NAVY,1,75.0,0,237,66.3,,58.5,0,0,0,,,,0,0,0,3,0,0,0,4,0,0,0,0,3,0,,,,,,,,,,,,,,,,,,,,,,,,,,,False
Noah Bull,175221,WR,NAVY,1,100.0,0,237,57.2,,53.5,0,0,0,,,,0,0,0,3,0,0,0,3,0,0,0,0,3,0,,,,,,,,,,,,,,,,,,,,,,,,,,,False
Marquise Davis,198879,HB,LOUISVILLE,2,23.1,0,210,79.5,72.4,,0,0,3,60.0,60.0,100.0,0,0,0,3,0,0,0,13,3,5,0,0,0,0,,,,,,,,,,,,,,,,,,,,,,,,,,,False
Ryne Shackelford,174969,WR,BAYLOR,1,100.0,0,118,59.6,,58.9,0,0,0,,,,0,0,0,3,0,0,0,3,0,0,0,0,3,0,,,,,,,,,,,,,,,,,,,,,,,,,,,False
Elijah Jackson,174961,HB,BALL ST,2,27.3,0,117,80.6,73.9,60.0,0,0,2,33.3,33.3,100.0,0,0,0,3,0,0,0,11,2,6,0,0,1,0,,,,,,,,,,,,,,,,,,,,,,,,,,,False
Marcus Romain,199006,QB,NWESTERN,1,42.9,0,256,51.0,,60.0,0,0,0,,,,0,0,0,3,0,0,0,7,0,0,0,0,3,0,,,,,,,,,,,,,,,,,,,,,,,,,,,False
Michael O'Connell,199013,T,NWESTERN,1,100.0,0,256,60.0,,60.0,0,0,0,,,,0,0,0,3,0,0,0,3,0,0,0,3,3,0,,,,,,,,,,,,,,,,,,,,,,,,,,,False
Trey Boyd,199021,T,NWESTERN,1,100.0,0,256,60.0,,60.0,0,0,0,,,,0,0,0,3,0,0,3,3,0,0,0,0,3,0,,,,,,,,,,,,,,,,,,,,,,,,,,,False
Connor Gooding,199213,TE,SO MISS,1,60.0,0,296,55.8,,59.9,0,0,0,0.0,0.0,,0,0,0,3,0,0,0,5,0,2,0,0,3,4,,,,,,,,,,,,,,,,,,,,,,,,,,,False
Ed Haynes,174073,T,UNLV,1,100.0,0,325,60.0,,60.0,0,0,0,,,,0,0,0,3,0,0,0,3,0,0,0,3,3,0,,,,,,,,,,,,,,,,,,,,,,,,,,,False
Kamran Williams,199405,HB,UNLV,2,50.0,0,325,71.0,71.8,60.0,0,0,2,100.0,100.0,100.0,0,0,0,3,0,0,0,6,2,2,0,0,1,0,,,,,,,,,,,,,,,,,,,,,,,,,,,False
Junior Coughlin,199460,WR,UTAH,1,100.0,0,328,60.1,,60.0,0,0,0,,,,0,0,0,3,0,0,0,3,0,0,0,0,3,0,,,,,,,,,,,,,,,,,,,,,,,,,,,False
Marquese Williams,173426,HB,AKRON,3,17.6,0,102,67.8,73.4,,0,0,3,37.5,37.5,100.0,0,0,0,3,0,0,0,17,3,8,0,0,0,0,,,,,,,,,,,,,,,,,,,,,,,,,,,False
Shane Marshall,199684,HB,GA TECH,1,100.0,0,176,60.0,,60.0,0,0,0,,,,0,0,0,3,0,0,0,3,0,0,0,0,3,0,,,,,,,,,,,,,,,,,,,,,,,,,,,False
Jacory Thurman,199723,TE,HOUSTON,1,100.0,0,182,65.0,,75.5,0,0,0,,,,0,0,0,3,0,0,0,3,0,0,0,0,3,1,,,,,,,,,,,,,,,,,,,,,,,,,,,False
Daelen Alexander,173224,HB,COAST CAR,1,60.0,0,141,72.7,,60.0,0,0,0,,,,0,0,0,3,0,0,0,5,0,0,0,0,3,0,,,,,,,,,,,,,,,,,,,,,,,,,,,False
Landon Sides,173213,WR,E CAROLINA,1,33.3,0,156,33.7,,60.1,0,0,0,0.0,0.0,,1,0,0,3,0,0,0,9,0,6,0,0,3,0,,,,,,,,,,,,,,,,,,,,,,,,,,,False
Brady Davidson,199832,QB,N ILLINOIS,1,30.0,0,254,69.3,,60.0,0,0,0,0.0,0.0,,0,0,0,3,0,0,0,10,0,7,0,0,3,0,,,,,,,,,,,,,,,,,,,,,,,,,,,False
De'Zie Jones,199854,WR,OHIO STATE,2,33.3,0,260,61.8,,82.1,0,0,0,0.0,0.0,,0,0,0,3,0,0,0,9,0,6,0,0,3,0,,,,,,,,,,,,,,,,,,,,,,,,,,,False
Logan Cahill,199931,G,SM HOUSTON,1,100.0,0,281,60.0,,60.0,0,0,0,,,,0,0,0,3,0,0,0,3,0,0,3,0,3,0,,,,,,,,,,,,,,,,,,,,,,,,,,,False
Jamarious Brown,172508,DI,OLE MISS,2,100.0,0,226,64.1,,70.1,0,0,0,,,,0,0,0,3,0,0,0,3,0,0,0,0,3,0,,,,,,,,,,,,,,,,,,,,,,,,,,,False
Isaiah Augustave,172398,HB,S CAROLINA,3,10.3,0,289,87.1,70.0,60.0,0,0,1,7.1,7.1,100.0,0,0,0,3,0,0,0,29,1,14,0,0,2,0,,,,,,,,,,,,,,,,,,,,,,,,,,,False
Mychal McMullin,172254,DI,JAMES MAD,2,100.0,0,197,58.8,,57.9,0,0,0,,,,0,0,0,3,0,0,0,3,0,0,0,0,3,0,,,,,,,,,,,,,,,,,,,,,,,,,,,False
Jacorey Watson,200109,HB,BAYLOR,1,100.0,0,118,60.1,,60.0,0,0,0,,,,0,0,0,3,0,0,0,3,0,0,0,0,3,0,,,,,,,,,,,,,,,,,,,,,,,,,,,False
Cade Kaiser,200298,WR,INDIANA,1,100.0,0,190,66.5,,75.2,0,0,0,,,,0,0,0,3,0,0,0,3,0,0,0,0,3,0,,,,,,,,,,,,,,,,,,,,,,,,,,,False
Jaxon Fresques,201631,WR,SACRAMENTO,1,100.0,0,279,60.1,,60.1,0,0,0,,,,0,0,0,3,0,0,0,3,0,0,0,0,3,0,,,,,,,,,,,,,,,,,,,,,,,,,,,False
Troy Hazuda,203955,WR,AKRON,1,100.0,0,102,60.1,,60.0,0,0,0,,,,0,0,0,3,0,0,0,3,0,0,0,0,3,0,,,,,,,,,,,,,,,,,,,,,,,,,,,False
Kail Ellis,203967,G,AUBURN,1,100.0,0,115,60.1,,60.1,0,0,0,,,,0,0,0,3,0,0,0,3,0,0,3,0,3,0,,,,,,,,,,,,,,,,,,,,,,,,,,,False
Kwinten Ives,170228,HB,NEBRASKA,3,21.4,0,238,72.7,69.2,60.0,0,0,1,10.0,10.0,100.0,0,0,0,3,0,0,0,14,1,10,0,0,2,0,,,,,,,,,,,,,,,,,,,,,,,,,,,False
Keynan Cotton,204016,WR,FRESNO ST,3,37.5,0,169,57.9,,60.1,0,0,0,0.0,0.0,,0,0,0,3,0,0,0,8,0,5,0,0,3,0,,,,,,,,,,,,,,,,,,,,,,,,,,,False
Crandall Quinn,204137,TE,MICHIGAN,1,100.0,0,222,62.1,,69.7,0,0,0,,,,0,0,0,3,0,0,0,3,0,0,0,0,3,2,,,,,,,,,,,,,,,,,,,,,,,,,,,False
Blaine Hipa,167662,QB,DUKE,1,100.0,0,154,60.0,,60.0,0,0,0,,,,0,0,0,3,0,0,0,3,0,0,0,0,3,0,,,,,,,,,,,,,,,,,,,,,,,,,,,False
Danny Boden,204396,WR,UNLV,1,100.0,0,325,60.0,,60.0,0,0,0,,,,0,0,0,3,0,0,0,3,0,0,0,0,3,0,,,,,,,,,,,,,,,,,,,,,,,,,,,False
Ace Robinson,204398,G,UNLV,1,100.0,0,325,58.3,,58.1,0,0,0,,,,0,0,0,3,0,3,0,3,0,0,0,0,3,0,,,,,,,,,,,,,,,,,,,,,,,,,,,False
Cassidee Miles,204403,WR,UNLV,1,100.0,0,325,60.0,,60.0,0,0,0,,,,0,0,0,3,0,0,0,3,0,0,0,0,3,0,,,,,,,,,,,,,,,,,,,,,,,,,,,False
Byron Louis,204487,HB,FLORIDA,2,18.8,0,163,82.4,69.8,66.3,0,0,1,12.5,12.5,100.0,0,0,0,3,0,0,0,16,1,8,0,0,2,0,,,,,,,,,,,,,,,,,,,,,,,,,,,False
Andre Feast,204638,WR,ARK STATE,1,100.0,0,113,60.0,,60.0,0,0,0,,,,0,0,0,3,0,0,0,3,0,0,0,0,3,0,,,,,,,,,,,,,,,,,,,,,,,,,,,False
Hudson Steber,204786,G,COLORADO,1,100.0,0,143,60.2,72.9,60.0,0,0,2,100.0,100.0,100.0,0,0,0,3,0,0,0,3,2,2,3,0,1,0,,,,,,,,,,,,,,,,,,,,,,,,,,,False
TJ Stanley,204893,QB,GA STATE,1,42.9,0,175,54.1,,60.0,0,0,0,0.0,0.0,,0,0,0,3,0,0,0,7,0,3,0,0,3,0,,,,,,,,,,,,,,,,,,,,,,,,,,,False
Jamari Miller,204902,WR,GA STATE,2,21.4,0,175,69.7,,60.2,0,0,0,0.0,0.0,,0,0,0,3,0,0,0,14,0,7,0,0,3,0,,,,,,,,,,,,,,,,,,,,,,,,,,,False
Jack Moran,204931,QB,JVILLE ST,1,60.0,0,196,67.1,,60.0,0,0,0,0.0,0.0,,0,0,0,3,0,0,0,5,0,2,0,0,3,0,,,,,,,,,,,,,,,,,,,,,,,,,,,False
Stephen Daley,163126,ED,INDIANA,1,100.0,0,190,59.2,,58.1,0,0,0,,,,0,0,0,3,0,0,0,3,0,0,0,0,3,1,,,,,,,,,,,,,,,,,,,,,,,,,,,False
Akeem Clark,205145,WR,NAVY,1,100.0,0,237,60.0,,60.0,0,0,0,,,,0,0,0,3,0,0,0,3,0,0,0,0,3,0,,,,,,,,,,,,,,,,,,,,,,,,,,,False
Jonny Shively,205219,G,NEW MEXICO,1,100.0,0,241,59.8,,59.6,0,0,0,,,,0,0,0,3,0,3,0,3,0,0,0,0,3,0,,,,,,,,,,,,,,,,,,,,,,,,,,,False
Dan Taraboi,162829,G,MICHIGAN,1,100.0,0,222,64.2,,64.2,0,0,0,,,,0,0,0,3,0,3,0,3,0,0,0,0,3,0,,,,,,,,,,,,,,,,,,,,,,,,,,,False
Tim Boals,205303,TE,OHIO,1,100.0,0,259,60.0,,60.0,0,0,0,,,,0,0,0,3,0,0,0,3,0,0,0,0,3,2,,,,,,,,,,,,,,,,,,,,,,,,,,,False
Liam Cassidy,205389,G,SO MISS,1,100.0,0,296,59.9,,59.8,0,0,0,,,,0,0,0,3,0,3,0,3,0,0,0,0,3,0,,,,,,,,,,,,,,,,,,,,,,,,,,,False
Jaylen George,161246,DI,TULSA,2,100.0,0,320,60.7,69.6,66.1,0,0,1,100.0,100.0,100.0,1,0,0,3,0,0,0,3,1,1,0,0,2,0,,,,,,,,,,,,,,,,,,,,,,,,,,,False
Jalen Hightower,205850,WR,AKRON,1,100.0,0,102,60.1,,60.1,0,0,0,,,,0,0,0,3,0,0,0,3,0,0,0,0,3,0,,,,,,,,,,,,,,,,,,,,,,,,,,,False
Nizyi Davis,206318,TE,WISCONSIN,2,75.0,0,349,59.1,66.0,60.0,0,0,2,66.7,66.7,100.0,0,0,0,3,0,0,0,4,2,3,0,0,1,4,,,,,,,,,,,,,,,,,,,,,,,,,,,False
Semaj Fleming,207827,WR,APP STATE,1,50.0,0,108,71.6,,60.2,0,0,0,0.0,0.0,,0,0,0,3,0,0,0,6,0,3,0,0,3,0,,,,,,,,,,,,,,,,,,,,,,,,,,,False
Naeem Burroughs,213375,WR,CLEMSON,1,100.0,0,140,60.0,,60.0,0,0,0,,,,0,0,0,3,0,0,0,3,0,0,0,0,3,0,,,,,,,,,,,,,,,,,,,,,,,,,,,False
Benjamin Moseley,213474,TE,DUKE,1,100.0,0,154,49.0,,46.3,0,0,0,,,,0,0,0,3,0,0,0,3,0,0,0,0,3,3,,,,,,,,,,,,,,,,,,,,,,,,,,,False
Aljour Miles II,213724,WR,SMU,1,30.0,0,287,75.6,,60.0,0,0,0,0.0,0.0,,0,0,0,3,0,0,0,10,0,7,0,0,3,0,,,,,,,,,,,,,,,,,,,,,,,,,,,False
Dylan McCoy,213748,HB,NC STATE,1,33.3,0,248,94.1,72.1,60.0,0,0,2,50.0,50.0,100.0,0,0,0,3,0,0,0,9,2,4,0,0,1,0,,,,,,,,,,,,,,,,,,,,,,,,,,,False
Ben Gula,213781,TE,COLORADO,1,100.0,0,143,64.0,,69.8,0,0,0,,,,0,0,0,3,0,0,0,3,0,0,0,0,3,1,,,,,,,,,,,,,,,,,,,,,,,,,,,False
Max Wright,213785,T,SMU,1,100.0,0,287,47.1,71.4,45.5,0,0,1,100.0,100.0,100.0,0,0,0,3,0,0,3,3,1,1,0,0,2,0,,,,,,,,,,,,,,,,,,,,,,,,,,,False
Logan Castor,158476,LS,UTAH,2,100.0,0,328,60.0,,60.0,0,0,0,,,,0,0,0,3,2,0,0,3,0,0,0,0,3,0,,,,,,,,,,,,,,,,,,,,,,,,,,,False
Rhett Morris,214077,G,W VIRGINIA,1,100.0,0,343,57.6,,57.4,0,0,0,,,,0,0,0,3,0,3,0,3,0,0,0,0,3,0,,,,,,,,,,,,,,,,,,,,,,,,,,,False
Camden Goforth,214081,G,W VIRGINIA,1,100.0,0,343,60.1,,60.0,0,0,0,,,,0,0,0,3,0,0,0,3,0,0,3,0,3,0,,,,,,,,,,,,,,,,,,,,,,,,,,,False
Aidan Fedigan,158435,LS,TULSA,2,100.0,0,320,60.0,60.9,60.0,0,0,1,100.0,100.0,100.0,0,0,0,3,0,0,0,3,1,1,0,0,2,0,,,,,,,,,,,,,,,,,,,,,,,,,,,False
Sam Hamilton,214138,TE,W VIRGINIA,1,100.0,0,343,57.6,,56.8,0,0,0,,,,0,0,0,3,0,0,0,3,0,0,0,0,3,3,,,,,,,,,,,,,,,,,,,,,,,,,,,False
Nate Sims,214142,WR,KANSAS,1,100.0,0,198,59.6,,59.0,0,0,0,,,,0,0,0,3,0,0,0,3,0,0,0,0,3,0,,,,,,,,,,,,,,,,,,,,,,,,,,,False
Corbin Glasco,214149,WR,KANSAS,1,100.0,0,198,59.5,,58.7,0,0,0,,,,0,0,0,3,0,0,0,3,0,0,0,0,3,0,,,,,,,,,,,,,,,,,,,,,,,,,,,False
Imari Jehiel,214156,WR,TEXAS TECH,1,100.0,0,315,60.1,,60.1,0,0,0,,,,0,0,0,3,0,0,0,3,0,0,0,0,3,0,,,,,,,,,,,,,,,,,,,,,,,,,,,False
Charlie Hanafin,214160,WR,W VIRGINIA,1,100.0,0,343,60.1,,60.0,0,0,0,,,,0,0,0,3,0,0,0,3,0,0,0,0,3,0,,,,,,,,,,,,,,,,,,,,,,,,,,,False
Mason Wilhelm,214533,C,OHIO STATE,1,100.0,0,260,60.0,,59.8,0,0,0,,,,0,0,0,3,3,0,0,3,0,0,0,0,3,0,,,,,,,,,,,,,,,,,,,,,,,,,,,False
Favour Akih,214573,HB,OHIO STATE,1,25.0,0,260,57.8,75.2,,0,0,3,75.0,75.0,100.0,0,0,0,3,0,0,0,12,3,4,0,0,0,0,,,,,,,,,,,,,,,,,,,,,,,,,,,False
Deshonne Redeaux,214578,HB,USC,2,27.3,0,326,77.2,32.6,60.0,0,1,2,33.3,33.3,75.0,0,1,0,3,0,0,0,11,2,6,0,0,1,0,,,,,,,,,,,,,,,,,,,,,,,,,,,False
Hunter Ryan,158280,G,SMU,1,100.0,0,287,60.1,70.3,59.9,0,0,1,100.0,100.0,100.0,0,0,0,3,0,0,0,3,1,1,3,0,2,0,,,,,,,,,,,,,,,,,,,,,,,,,,,False
Javonte Williams,214620,TE,MARYLAND,1,75.0,0,215,58.1,,59.2,0,0,0,0.0,0.0,,0,0,0,3,0,0,0,4,0,1,0,0,3,4,,,,,,,,,,,,,,,,,,,,,,,,,,,False
Dezmyn Hardy,214642,WR,SACRAMENTO,1,100.0,0,279,60.1,,60.1,0,0,0,,,,0,0,0,3,0,0,0,3,0,0,0,0,3,0,,,,,,,,,,,,,,,,,,,,,,,,,,,False
Jason Llewellyn,158096,TE,TEXAS TECH,1,100.0,0,315,67.0,,68.3,0,0,0,,,,0,0,0,3,0,0,0,3,0,0,0,0,3,3,,,,,,,,,,,,,,,,,,,,,,,,,,,False
Hayden Frazier,214706,C,SACRAMENTO,1,100.0,0,279,59.9,,59.6,0,0,0,,,,0,0,0,3,3,0,0,3,0,0,0,0,3,0,,,,,,,,,,,,,,,,,,,,,,,,,,,False
Kalani McLeod,214948,QB,NEW MEX ST,1,60.0,0,242,61.5,,60.0,0,0,0,,,,0,0,0,3,0,0,0,5,0,0,0,0,3,0,,,,,,,,,,,,,,,,,,,,,,,,,,,False
Callum Wither,157520,QB,KENTUCKY,2,42.9,0,202,50.3,,60.0,0,0,0,0.0,0.0,,0,0,0,3,0,0,0,7,0,1,0,0,3,0,,,,,,,,,,,,,,,,,,,,,,,,,,,False
Trav Moore,215238,HB,C MICHIGAN,1,50.0,0,134,62.9,68.5,83.8,0,0,1,33.3,33.3,100.0,0,0,0,3,0,0,0,6,1,3,0,0,2,0,,,,,,,,,,,,,,,,,,,,,,,,,,,False
Decorie Johnson,215244,HB,E MICHIGAN,1,30.0,0,160,68.1,74.1,60.0,0,0,1,25.0,40.0,100.0,0,0,0,3,0,0,0,10,2,5,0,0,1,0,,,,,,,,,,,,,,,,,,,,,,,,,,,False
Jack Esparza,157339,TE,TEXAS TECH,1,100.0,0,315,60.0,,59.8,0,0,0,,,,0,0,0,3,0,0,0,3,0,0,0,0,3,2,,,,,,,,,,,,,,,,,,,,,,,,,,,False
Peter Donini,215572,G,MICHIGAN,1,100.0,0,222,59.6,,59.0,0,0,0,,,,0,0,0,3,0,0,0,3,0,0,1,1,3,1,,,,,,,,,,,,,,,,,,,,,,,,,,,False
Evan Hampton,215617,HB,VANDERBILT,3,60.0,0,333,58.1,,59.3,0,0,0,0.0,0.0,,0,0,0,3,0,0,0,5,0,1,0,0,3,0,,,,,,,,,,,,,,,,,,,,,,,,,,,False
Julius Miles,215637,WR,LOUISVILLE,4,50.0,0,210,57.1,,60.0,0,0,0,0.0,0.0,,0,0,0,3,0,0,0,6,0,3,0,0,3,0,,,,,,,,,,,,,,,,,,,,,,,,,,,False
Rhys Dorsey,215656,WR,LOUISVILLE,1,100.0,0,210,60.1,,60.0,0,0,0,,,,0,0,0,3,0,0,0,3,0,0,0,0,3,0,,,,,,,,,,,,,,,,,,,,,,,,,,,False
Gavin Waddell,215672,WR,LOUISVILLE,1,100.0,0,210,60.0,,60.0,0,0,0,,,,0,0,0,3,0,0,0,3,0,0,0,0,3,0,,,,,,,,,,,,,,,,,,,,,,,,,,,False
Eli Sanchez,215711,G,UNLV,1,100.0,0,325,60.1,,60.0,0,0,0,,,,0,0,0,3,0,0,0,3,0,0,3,0,3,0,,,,,,,,,,,,,,,,,,,,,,,,,,,False
Antonio Robinson,156789,WR,MO STATE,2,75.0,0,230,59.4,,60.0,0,0,0,0.0,0.0,,0,0,0,3,0,0,0,4,0,1,0,0,3,0,,,,,,,,,,,,,,,,,,,,,,,,,,,False
Mason Mathis,215807,T,AUBURN,1,100.0,0,115,58.0,,56.6,0,0,0,,,,0,0,0,3,0,0,0,3,0,0,0,3,3,0,,,,,,,,,,,,,,,,,,,,,,,,,,,False
Kamauri Austin,215843,WR,APP STATE,1,50.0,0,108,55.4,,60.0,0,0,0,0.0,0.0,,0,0,0,3,0,0,0,6,0,3,0,0,3,0,,,,,,,,,,,,,,,,,,,,,,,,,,,False
Justin Williams,215898,WR,FLORIDA,1,60.0,0,163,89.4,,59.3,0,0,0,0.0,0.0,,0,0,0,3,0,0,0,5,0,2,0,0,3,0,,,,,,,,,,,,,,,,,,,,,,,,,,,False
Denairius Gray,215932,WR,KENTUCKY,1,75.0,0,202,57.8,,60.1,0,0,0,0.0,0.0,,0,0,0,3,0,0,0,4,0,1,0,0,3,0,,,,,,,,,,,,,,,,,,,,,,,,,,,False
Henry Barbisch,215994,TE,AIR FORCE,1,100.0,0,101,59.2,,58.4,0,0,0,,,,0,0,0,3,0,0,0,3,0,0,0,0,3,2,,,,,,,,,,,,,,,,,,,,,,,,,,,False
Jordan Thompson,216044,HB,MEMPHIS,1,27.3,0,218,79.6,69.4,60.0,0,0,2,50.0,50.0,100.0,0,0,0,3,0,0,0,11,2,4,0,0,1,0,,,,,,,,,,,,,,,,,,,,,,,,,,,False
Gavin Sidwar,216082,QB,MISSOURI,1,100.0,0,229,60.0,,60.0,0,0,0,,,,0,0,0,3,0,0,0,3,0,0,0,0,3,0,,,,,,,,,,,,,,,,,,,,,,,,,,,False
Dylan Faison,216104,WR,NOTRE DAME,1,100.0,0,258,60.0,,59.9,0,0,0,,,,0,0,0,3,0,0,0,3,0,0,0,0,3,0,,,,,,,,,,,,,,,,,,,,,,,,,,,False
Jameson Powell,216153,WR,OREGON ST,1,17.6,0,265,57.6,,39.5,0,0,0,0.0,0.0,,0,0,0,3,0,0,0,17,0,14,0,0,3,0,,,,,,,,,,,,,,,,,,,,,,,,,,,False
Bryce Burgess,216327,HB,TROY,1,60.0,0,318,57.2,70.3,60.0,0,0,2,66.7,66.7,100.0,0,0,0,3,0,0,0,5,2,3,0,0,1,0,,,,,,,,,,,,,,,,,,,,,,,,,,,False
Ryley Kester,216340,T,TULSA,2,100.0,0,320,65.6,,68.1,0,0,0,,,,0,0,0,3,0,0,2,3,0,0,0,0,3,1,,,,,,,,,,,,,,,,,,,,,,,,,,,False
Howard Fisher,227830,QB,AIR FORCE,1,60.0,0,101,64.2,,60.0,0,0,0,,,,0,0,0,3,0,0,0,5,0,0,0,0,3,0,,,,,,,,,,,,,,,,,,,,,,,,,,,False
Joel Ervin,216914,T,MIAMI FL,1,100.0,0,220,62.7,,66.4,0,0,0,,,,0,0,0,3,0,0,3,3,0,0,0,0,3,0,,,,,,,,,,,,,,,,,,,,,,,,,,,False
Jachin Davis,216938,QB,LIBERTY,2,42.9,0,206,67.1,,60.0,0,0,0,0.0,0.0,,0,0,0,3,0,0,0,7,0,1,0,0,3,0,,,,,,,,,,,,,,,,,,,,,,,,,,,False
Ryelan Morris,216948,HB,BAYLOR,3,12.0,0,118,84.6,71.7,60.0,0,0,2,18.2,18.2,100.0,0,0,0,3,0,0,0,25,2,11,0,0,1,0,,,,,,,,,,,,,,,,,,,,,,,,,,,False
Tyreek Jemison,217044,T,GEORGIA,2,100.0,0,173,60.0,,60.0,0,0,0,,,,0,0,0,3,0,0,3,3,0,0,0,0,3,0,,,,,,,,,,,,,,,,,,,,,,,,,,,False
Joe Warren,217051,T,SM HOUSTON,1,100.0,0,281,60.0,,60.0,0,0,0,,,,0,0,0,3,0,0,3,3,0,0,0,0,3,0,,,,,,,,,,,,,,,,,,,,,,,,,,,False
Dayton Raiola,217236,TE,OREGON,1,42.9,0,264,55.6,,60.1,0,0,0,0.0,0.0,,0,0,0,3,0,0,0,7,0,4,0,0,3,3,,,,,,,,,,,,,,,,,,,,,,,,,,,False
Cade Mitchell,217325,QB,NEW MEXICO,1,100.0,0,241,60.0,,60.0,0,0,0,,,,0,0,0,3,0,0,0,3,0,0,0,0,3,0,,,,,,,,,,,,,,,,,,,,,,,,,,,False
Jaiden Tucker,218083,WR,LA MONROE,2,50.0,0,209,57.2,,60.0,0,0,0,0.0,0.0,,0,0,0,3,0,0,0,6,0,3,0,0,3,0,,,,,,,,,,,,,,,,,,,,,,,,,,,False
Darrion Gilliam,218084,WR,LA MONROE,2,23.1,0,209,53.4,,60.0,0,0,0,0.0,0.0,,0,0,0,3,0,0,0,13,0,10,0,0,3,0,,,,,,,,,,,,,,,,,,,,,,,,,,,False
Jack Gaskins,218260,TE,DUKE,1,100.0,0,154,59.5,,59.1,0,0,0,,,,0,0,0,3,0,0,0,3,0,0,0,0,3,3,,,,,,,,,,,,,,,,,,,,,,,,,,,False
Jackson Maggiore,218261,WR,DUKE,1,100.0,0,154,60.1,,60.0,0,0,0,,,,0,0,0,3,0,0,0,3,0,0,0,0,3,0,,,,,,,,,,,,,,,,,,,,,,,,,,,False
Nate Cichy,218360,WR,ILLINOIS,1,75.0,0,187,58.2,,60.1,0,0,0,0.0,0.0,,0,0,0,3,0,0,0,4,0,1,0,0,3,0,,,,,,,,,,,,,,,,,,,,,,,,,,,False
Landon Watkins,218392,WR,JVILLE ST,1,60.0,0,196,56.6,,59.9,0,0,0,0.0,0.0,,0,0,0,3,0,0,0,5,0,2,0,0,3,0,,,,,,,,,,,,,,,,,,,,,,,,,,,False
Luke Simms,218412,WR,KENT STATE,1,75.0,0,201,58.4,,60.0,0,0,0,0.0,0.0,,0,0,0,3,0,0,0,4,0,1,0,0,3,0,,,,,,,,,,,,,,,,,,,,,,,,,,,False
Ryan Estrada,218459,HB,MINNESOTA,1,33.3,0,225,64.0,70.4,60.0,0,0,2,40.0,40.0,100.0,0,0,0,3,0,0,0,9,2,5,0,0,1,0,,,,,,,,,,,,,,,,,,,,,,,,,,,False
Amar'e Johnson,218468,HB,MO STATE,1,25.0,0,230,73.3,,60.0,0,0,0,0.0,0.0,,0,0,0,3,0,0,0,12,0,2,0,0,3,0,,,,,,,,,,,,,,,,,,,,,,,,,,,False
Bennett Fraser,218552,G,KANSAS ST,1,100.0,0,199,59.9,,59.8,0,0,0,,,,0,0,0,3,0,0,0,3,0,0,3,0,3,0,,,,,,,,,,,,,,,,,,,,,,,,,,,False
Don Henry,218606,WR,NEVADA,4,42.9,0,239,82.3,,59.9,0,0,0,0.0,0.0,,0,0,0,3,0,0,0,7,0,4,0,0,3,0,,,,,,,,,,,,,,,,,,,,,,,,,,,False
Jacob Maldonado,218638,WR,NEW MEXICO,2,100.0,0,241,59.7,,59.2,0,0,0,,,,0,0,0,3,0,0,0,3,0,0,0,0,3,0,,,,,,,,,,,,,,,,,,,,,,,,,,,False
Sebastian Dawkins,218645,C,NEW MEXICO,1,100.0,0,241,60.0,,60.0,0,0,0,,,,0,0,0,3,3,0,0,3,0,0,0,0,3,0,,,,,,,,,,,,,,,,,,,,,,,,,,,False
Jerbralon Stewart,218647,G,NEW MEXICO,1,100.0,0,241,59.3,,59.2,0,0,0,,,,0,0,0,3,0,0,0,3,0,0,3,0,3,0,,,,,,,,,,,,,,,,,,,,,,,,,,,False
Frankie McAllister,218697,TE,OHIO STATE,2,100.0,0,260,60.0,,55.3,0,0,0,,,,0,0,0,3,0,0,0,3,0,0,0,0,3,3,,,,,,,,,,,,,,,,,,,,,,,,,,,False
Justin Powell,218792,HB,RICE,1,60.0,0,275,62.7,,71.0,0,0,0,,,,0,0,0,3,0,0,0,5,0,0,0,0,3,0,,,,,,,,,,,,,,,,,,,,,,,,,,,False
Tr'e Williams,218813,G,SM HOUSTON,1,100.0,0,281,61.3,,60.0,0,0,0,,,,0,0,0,3,0,3,0,3,0,0,0,0,3,0,,,,,,,,,,,,,,,,,,,,,,,,,,,False
Jordyn Adams,218838,WR,SMU,1,37.5,0,287,59.0,,60.0,0,0,0,0.0,0.0,,0,0,0,3,0,0,0,8,0,5,0,0,3,0,,,,,,,,,,,,,,,,,,,,,,,,,,,False
King David Aboya,218869,WR,SO MISS,1,100.0,0,296,60.0,,60.0,0,0,0,,,,0,0,0,3,0,0,0,3,0,0,0,0,3,0,,,,,,,,,,,,,,,,,,,,,,,,,,,False
Jacob Butler,218883,WR,STANFORD,2,60.0,0,300,51.5,,60.0,0,0,0,0.0,0.0,,0,0,0,3,0,0,0,5,0,1,0,0,3,0,,,,,,,,,,,,,,,,,,,,,,,,,,,False
Carter Bashir,218897,TE,SYRACUSE,1,75.0,0,304,58.1,64.5,58.9,0,0,1,50.0,50.0,100.0,0,0,0,3,0,0,0,4,1,2,0,0,2,4,,,,,,,,,,,,,,,,,,,,,,,,,,,False
BJ Garrett,218900,WR,SYRACUSE,1,50.0,0,304,55.7,,59.9,0,0,0,0.0,0.0,,0,0,0,3,0,0,0,6,0,3,0,0,3,0,,,,,,,,,,,,,,,,,,,,,,,,,,,False
Ash Roberts,220410,WR,TEMPLE,1,60.0,0,306,56.4,,60.0,0,0,0,0.0,0.0,,0,0,0,3,0,0,0,5,0,2,0,0,3,0,,,,,,,,,,,,,,,,,,,,,,,,,,,False
Eric Sandoval Araujo,220581,T,UTEP,1,100.0,0,330,60.0,14.2,,1,0,3,100.0,100.0,83.3,0,1,0,3,0,0,0,3,3,3,0,3,0,0,,,,,,,,,,,,,,,,,,,,,,,,,,,False
Landon Drumm,220599,WR,W VIRGINIA,1,100.0,0,343,60.1,,60.2,0,0,0,,,,0,0,0,3,0,0,0,3,0,0,0,0,3,0,,,,,,,,,,,,,,,,,,,,,,,,,,,False
Brad Mossor,220603,WR,W VIRGINIA,1,100.0,0,343,60.1,,60.1,0,0,0,,,,0,0,0,3,0,0,0,3,0,0,0,0,3,0,,,,,,,,,,,,,,,,,,,,,,,,,,,False
Colten Gunderson,221531,TE,N DAK ST,1,100.0,0,250,60.1,,60.1,0,0,0,,,,0,0,0,3,0,0,0,3,0,0,0,0,3,3,,,,,,,,,,,,,,,,,,,,,,,,,,,False
Tochi Okoro,221534,WR,N DAK ST,1,100.0,1,250,60.0,,60.0,0,0,0,,,,1,0,0,3,0,0,0,3,0,0,0,0,3,0,,,,,,,,,,,,,,,,,,,,,,,,,,,False
Daniel Mataele,221645,G,SACRAMENTO,1,100.0,0,279,60.0,,60.0,0,0,0,,,,0,0,0,3,0,0,0,3,0,0,3,0,3,0,,,,,,,,,,,,,,,,,,,,,,,,,,,False
Alex Kenward,221647,G,SACRAMENTO,1,100.0,0,279,59.8,71.9,59.6,0,0,1,100.0,100.0,100.0,0,0,0,3,0,0,0,3,1,1,3,0,2,0,,,,,,,,,,,,,,,,,,,,,,,,,,,False
Bryson Wood,222425,TE,COAST CAR,2,75.0,0,141,56.6,,59.6,0,0,0,0.0,0.0,,0,0,0,3,0,0,0,4,0,1,0,0,3,4,,,,,,,,,,,,,,,,,,,,,,,,,,,False
Pat Barnett,123732,T,FRESNO ST,1,100.0,0,169,60.2,68.1,60.0,0,0,1,100.0,100.0,100.0,0,0,0,3,0,0,0,3,1,1,0,3,2,0,,,,,,,,,,,,,,,,,,,,,,,,,,,False
Jakobe DeJesus,222807,WR,LIBERTY,1,75.0,0,206,57.9,,59.5,0,0,0,0.0,0.0,,0,0,0,3,0,0,0,4,0,1,0,0,3,0,,,,,,,,,,,,,,,,,,,,,,,,,,,False
Collin Campbell,222885,T,MICH STATE,1,100.0,0,223,53.7,,50.0,0,0,0,,,,0,0,0,3,0,0,3,3,0,0,0,0,3,0,,,,,,,,,,,,,,,,,,,,,,,,,,,False
Cameron Cornthwaite,204174,WR,NC STATE,1,100.0,0,248,60.0,,59.9,0,0,0,,,,0,0,0,2,0,0,0,2,0,0,0,0,2,0,,,,,,,,,,,,,,,,,,,,,,,,,,,False
Maguire Martin,186434,QB,AIR FORCE,1,100.0,0,101,60.0,,60.0,0,0,0,,,,0,0,0,2,0,0,0,2,0,0,0,0,2,0,,,,,,,,,,,,,,,,,,,,,,,,,,,False
Lucas Samsula,174827,DI,UTAH,2,100.0,0,328,60.0,,59.9,0,0,0,,,,0,0,0,2,0,0,0,2,0,0,0,0,2,1,,,,,,,,,,,,,,,,,,,,,,,,,,,False
Carson Morgan,173080,HB,RICE,1,22.2,0,275,87.5,,63.4,0,0,0,,,,0,0,0,2,0,0,0,9,0,0,0,0,2,0,,,,,,,,,,,,,,,,,,,,,,,,,,,False
Tayshon Bardo,215300,WR,BALL ST,1,40.0,0,117,55.7,,60.0,0,0,0,0.0,0.0,,0,0,0,2,0,0,0,5,0,3,0,0,2,0,,,,,,,,,,,,,,,,,,,,,,,,,,,False
King Davis,198900,HB,MO STATE,2,15.4,0,230,63.9,24.3,60.0,0,1,1,50.0,50.0,50.0,0,1,0,2,0,0,0,13,1,2,0,0,1,0,,,,,,,,,,,,,,,,,,,,,,,,,,,False
Kam Taylor,216968,TE,LIBERTY,1,100.0,0,206,60.1,,60.2,0,0,0,,,,0,0,0,2,0,0,0,2,0,0,0,0,2,2,,,,,,,,,,,,,,,,,,,,,,,,,,,False
Makai Cope,146430,WR,MO STATE,2,9.5,0,230,47.6,,60.0,0,0,0,0.0,0.0,,0,0,0,2,0,0,0,21,0,19,0,0,2,0,,,,,,,,,,,,,,,,,,,,,,,,,,,False
Jack Hood,192136,T,TULSA,1,100.0,0,320,60.0,,60.0,0,0,0,,,,0,0,0,2,0,0,0,2,0,0,0,2,2,0,,,,,,,,,,,,,,,,,,,,,,,,,,,False
Kevin Sullivan,218499,TE,KANSAS,1,100.0,0,198,59.7,,59.1,0,0,0,,,,0,0,0,2,0,0,0,2,0,0,0,0,2,2,,,,,,,,,,,,,,,,,,,,,,,,,,,False
Jianni Davis,218514,HB,MARYLAND,1,40.0,0,215,76.8,,60.0,0,0,0,,,,0,0,0,2,0,0,0,5,0,0,0,0,2,0,,,,,,,,,,,,,,,,,,,,,,,,,,,False
Tyler Henderson,215757,TE,ALABAMA,1,50.0,0,103,57.6,,60.1,0,0,0,0.0,0.0,,0,0,0,2,0,0,0,4,0,2,0,0,2,1,,,,,,,,,,,,,,,,,,,,,,,,,,,False
DeVuan Jones,204135,WR,LOUISVILLE,1,100.0,0,210,60.0,,60.0,0,0,0,,,,0,0,0,2,0,0,0,2,0,0,0,0,2,0,,,,,,,,,,,,,,,,,,,,,,,,,,,False
Trashon Dye,189984,HB,JAMES MAD,1,28.6,0,197,62.2,,58.5,0,0,0,0.0,0.0,,0,0,0,2,0,0,0,7,0,4,0,0,2,0,,,,,,,,,,,,,,,,,,,,,,,,,,,False
Triston White,205265,HB,N ILLINOIS,1,25.0,0,254,57.5,74.4,,0,0,2,33.3,33.3,100.0,0,0,0,2,0,0,0,8,2,6,0,0,0,0,,,,,,,,,,,,,,,,,,,,,,,,,,,False
Charles Taplin,198812,WR,MICH STATE,3,11.8,0,223,74.2,,60.0,0,0,0,0.0,0.0,,0,0,0,2,0,0,0,17,0,15,0,0,2,0,,,,,,,,,,,,,,,,,,,,,,,,,,,False
Kanye Roberts,157543,HB,APP STATE,1,18.2,0,108,81.3,,72.1,0,0,0,0.0,0.0,,0,0,0,2,0,0,0,11,0,5,0,0,2,0,,,,,,,,,,,,,,,,,,,,,,,,,,,False
Daniel Kaelin,183565,QB,NEBRASKA,1,40.0,0,238,61.7,,60.0,0,0,0,0.0,0.0,,0,0,0,2,0,0,0,5,0,2,0,0,2,0,,,,,,,,,,,,,,,,,,,,,,,,,,,False
Cameron Mathews,198741,HB,NEW MEXICO,2,11.8,0,241,64.6,72.5,60.0,0,0,1,50.0,50.0,100.0,0,0,0,2,0,0,0,17,1,2,0,0,1,0,,,,,,,,,,,,,,,,,,,,,,,,,,,False
Javian Osborne,216102,HB,NOTRE DAME,1,28.6,0,258,60.5,70.3,,0,0,2,100.0,100.0,100.0,0,0,0,2,0,0,0,7,2,2,0,0,0,0,,,,,,,,,,,,,,,,,,,,,,,,,,,False
Riply Luna,175382,WR,MIAMI FL,1,100.0,0,220,60.0,,60.0,0,0,0,,,,0,0,0,2,0,0,0,2,0,0,0,0,2,0,,,,,,,,,,,,,,,,,,,,,,,,,,,False
Kolby Luna,175383,WR,MIAMI FL,1,100.0,0,220,60.0,,60.0,0,0,0,,,,0,0,0,2,0,0,0,2,0,0,0,0,2,0,,,,,,,,,,,,,,,,,,,,,,,,,,,False
Jackson Mangham,222761,TE,UCONN,2,100.0,0,146,60.0,,60.1,0,0,0,,,,0,0,0,2,0,0,0,2,0,0,0,0,2,2,,,,,,,,,,,,,,,,,,,,,,,,,,,False
Trevon Kinchen,183566,HB,LA MONROE,3,12.5,0,209,65.5,71.1,60.0,0,0,1,14.3,14.3,100.0,0,0,0,2,0,0,0,16,1,7,0,0,1,0,,,,,,,,,,,,,,,,,,,,,,,,,,,False
Danny King,183568,TE,NEBRASKA,2,40.0,0,238,54.6,,59.9,0,0,0,0.0,0.0,,0,0,0,2,0,0,0,5,0,3,0,0,2,4,,,,,,,,,,,,,,,,,,,,,,,,,,,False
Tradarian Ball,214954,HB,OREGON,1,16.7,0,264,80.0,70.3,,0,0,2,40.0,40.0,100.0,0,0,0,2,0,0,0,12,2,5,0,0,0,0,,,,,,,,,,,,,,,,,,,,,,,,,,,False
Kadale Williams,205421,HB,TOLEDO,1,50.0,0,316,53.9,,60.0,0,0,0,,,,0,0,0,2,0,0,0,4,0,0,0,0,2,0,,,,,,,,,,,,,,,,,,,,,,,,,,,False
Amante Martin,224056,HB,TCU,2,11.8,0,305,69.5,67.9,60.0,0,0,1,12.5,12.5,100.0,0,0,0,2,0,0,0,17,1,8,0,0,1,0,,,,,,,,,,,,,,,,,,,,,,,,,,,False
Corey Smith,191341,HB,TOLEDO,1,15.4,0,316,56.6,71.8,60.0,0,0,1,25.0,25.0,100.0,0,0,0,2,0,0,0,13,1,4,0,0,1,0,,,,,,,,,,,,,,,,,,,,,,,,,,,False
Kirk Francis,173296,QB,TEXAS TECH,1,66.7,0,315,58.9,,60.0,0,0,0,0.0,0.0,,0,0,0,2,0,0,0,3,0,1,0,0,2,0,,,,,,,,,,,,,,,,,,,,,,,,,,,False
Peter Gonzalez,191335,WR,PENN STATE,1,100.0,0,266,60.0,,60.0,0,0,0,,,,0,0,0,2,0,0,0,2,0,0,0,0,2,0,,,,,,,,,,,,,,,,,,,,,,,,,,,False
Connor Poulson,188821,LS,S DIEGO ST,2,100.0,0,284,60.0,,60.0,0,0,0,,,,0,0,0,2,2,0,0,2,0,0,0,0,2,0,,,,,,,,,,,,,,,,,,,,,,,,,,,False
Kenneth Williams,183594,HB,MICH STATE,3,28.6,0,223,51.1,,59.8,0,0,0,0.0,0.0,,0,0,0,2,0,0,0,7,0,4,0,0,2,0,,,,,,,,,,,,,,,,,,,,,,,,,,,False
Cayden Echternach,170224,TE,NEBRASKA,2,66.7,0,238,56.1,,56.6,0,0,0,0.0,0.0,,0,0,0,2,0,0,0,3,0,1,0,0,2,2,,,,,,,,,,,,,,,,,,,,,,,,,,,False
Brody Litton,218646,T,NEW MEXICO,1,100.0,0,241,60.0,,60.0,0,0,0,,,,0,0,0,2,0,0,2,2,0,0,0,0,2,0,,,,,,,,,,,,,,,,,,,,,,,,,,,False
Zane Smith,199706,HB,HOUSTON,1,16.7,0,182,86.0,,60.0,0,0,0,,,,0,0,0,2,0,0,0,12,0,0,0,0,2,0,,,,,,,,,,,,,,,,,,,,,,,,,,,False
DJ Jordan,183622,WR,ARIZONA,1,33.3,0,109,56.4,,60.0,0,0,0,0.0,0.0,,0,0,0,2,0,0,0,6,0,4,0,0,2,0,,,,,,,,,,,,,,,,,,,,,,,,,,,False
Cooper DiLeva,204461,P,S DIEGO ST,2,100.0,0,284,60.0,,60.0,0,0,0,,,,0,0,0,2,0,0,0,2,0,0,0,0,2,0,,,,,,,,,,,,,,,,,,,,,,,,,,,False
Zane Woodham,173320,CB,TULSA,2,100.0,0,320,60.0,,60.0,0,0,0,,,,0,0,0,2,0,0,0,2,0,0,0,0,2,0,,,,,,,,,,,,,,,,,,,,,,,,,,,False
Ethan Houck,198664,TE,LIBERTY,1,100.0,0,206,60.0,,60.0,0,0,0,,,,0,0,0,2,0,0,0,2,0,0,0,0,2,2,,,,,,,,,,,,,,,,,,,,,,,,,,,False
Maximus McCree,156455,T,WASH STATE,1,100.0,0,341,60.0,,60.5,0,0,0,,,,0,0,0,2,0,0,2,2,0,0,0,0,2,0,,,,,,,,,,,,,,,,,,,,,,,,,,,False
Marceles Carey,222710,HB,BOWL GREEN,3,22.2,0,122,51.0,,59.5,0,0,0,0.0,0.0,,0,0,0,2,0,0,0,9,0,3,0,0,2,0,,,,,,,,,,,,,,,,,,,,,,,,,,,False
Kaden Winkfield,217061,HB,SM HOUSTON,1,20.0,0,281,57.8,,60.0,0,0,0,0.0,0.0,,0,0,0,2,0,0,0,10,0,3,0,0,2,0,,,,,,,,,,,,,,,,,,,,,,,,,,,False
Holtz Maine,198648,TE,KENT STATE,2,100.0,0,201,60.0,,58.0,0,0,0,,,,0,0,0,2,0,0,0,2,0,0,0,0,2,1,,,,,,,,,,,,,,,,,,,,,,,,,,,False
Rodney Harris II,133616,WR,OKLA STATE,1,100.0,0,262,60.0,,60.0,0,0,0,,,,0,0,0,2,0,0,0,2,0,0,0,0,2,0,,,,,,,,,,,,,,,,,,,,,,,,,,,False
Tre Garrison,216152,HB,OREGON ST,4,6.5,0,265,62.5,71.8,60.0,0,0,1,9.1,7.7,100.0,0,0,0,2,0,0,0,31,1,13,0,0,1,1,,,,,,,,,,,,,,,,,,,,,,,,,,,False
Willie Goodwyn,183793,CB,TULSA,2,100.0,0,320,60.0,,60.0,0,0,0,,,,0,0,0,2,0,0,0,2,0,0,0,0,2,0,,,,,,,,,,,,,,,,,,,,,,,,,,,False
Riley Small,189828,FB,LA TECH,1,100.0,0,208,60.0,,60.0,0,0,0,,,,0,0,0,2,0,0,0,2,0,0,0,0,2,0,,,,,,,,,,,,,,,,,,,,,,,,,,,False
Tylen Campbell,164274,WR,S ALABAMA,1,66.7,0,288,58.3,,60.0,0,0,0,0.0,0.0,,0,0,0,2,0,0,0,3,0,1,0,0,2,0,,,,,,,,,,,,,,,,,,,,,,,,,,,False
Wesley Harvey,183823,T,TCU,1,100.0,0,305,60.0,,60.0,0,0,0,,,,0,0,0,2,0,0,2,2,0,0,0,0,2,0,,,,,,,,,,,,,,,,,,,,,,,,,,,False
Refeno Vangates,202932,WR,LIBERTY,1,66.7,0,206,58.3,,60.0,0,0,0,0.0,0.0,,0,0,0,2,0,0,0,3,0,1,0,0,2,0,,,,,,,,,,,,,,,,,,,,,,,,,,,False
Dean Harrington,188815,CB,S DIEGO ST,2,100.0,0,284,60.0,,60.0,0,0,0,,,,0,0,0,2,0,0,0,2,0,0,0,0,2,0,,,,,,,,,,,,,,,,,,,,,,,,,,,False
Isaiah Rudison,175684,HB,NEW MEX ST,1,40.0,0,242,69.7,,60.0,0,0,0,,,,0,0,0,2,0,0,0,5,0,0,0,0,2,0,,,,,,,,,,,,,,,,,,,,,,,,,,,False
Kevin Riley,191139,HB,ALABAMA,3,9.5,0,103,70.1,74.8,,0,0,2,20.0,20.0,100.0,0,0,0,2,0,0,0,21,2,10,0,0,0,0,,,,,,,,,,,,,,,,,,,,,,,,,,,False
Brady Nassar,175760,ED,S DIEGO ST,2,100.0,0,284,60.0,,59.8,0,0,0,,,,1,0,0,2,0,0,0,2,0,0,0,0,2,1,,,,,,,,,,,,,,,,,,,,,,,,,,,False
Evan Downer,215197,G,BALL ST,1,100.0,0,117,62.4,,67.9,0,0,0,,,,0,0,0,2,0,0,0,2,0,0,0,0,2,2,,,,,,,,,,,,,,,,,,,,,,,,,,,False
Keegan Shank,191069,DI,COLO STATE,2,100.0,0,144,59.8,,59.0,0,0,0,,,,0,0,0,2,0,0,0,2,0,0,0,0,2,0,,,,,,,,,,,,,,,,,,,,,,,,,,,False
Tucker Kattus,199638,T,CLEMSON,1,100.0,0,140,60.0,,60.0,0,0,0,,,,0,0,0,2,0,0,2,2,0,0,0,0,2,0,,,,,,,,,,,,,,,,,,,,,,,,,,,False
Amar'e Glover,218769,HB,PENN STATE,1,50.0,0,266,56.5,69.7,60.0,0,0,1,100.0,100.0,100.0,0,0,0,2,0,0,0,4,1,1,0,0,1,0,,,,,,,,,,,,,,,,,,,,,,,,,,,False
Dasan Smith,191046,G,C MICHIGAN,1,100.0,0,134,59.9,,59.8,0,0,0,,,,0,0,0,2,0,2,0,2,0,0,0,0,2,0,,,,,,,,,,,,,,,,,,,,,,,,,,,False
Pierce St Geme,191020,WR,BOWL GREEN,1,100.0,0,122,60.0,,60.0,0,0,0,,,,0,0,0,2,0,0,0,2,0,0,0,0,2,0,,,,,,,,,,,,,,,,,,,,,,,,,,,False
Chris Denson,199629,WR,CLEMSON,2,66.7,0,140,55.7,,59.3,0,0,0,0.0,0.0,,0,0,0,2,0,0,0,3,0,1,0,0,2,0,,,,,,,,,,,,,,,,,,,,,,,,,,,False
Jaden Rashada,171886,QB,MISS STATE,1,66.7,0,227,60.0,,60.0,0,0,0,,,,0,0,0,2,0,0,0,3,0,0,0,0,2,0,,,,,,,,,,,,,,,,,,,,,,,,,,,False
Carson Boyd,198508,QB,ILLINOIS,2,50.0,0,187,68.5,,60.0,0,0,0,,,,0,0,0,2,0,0,0,4,0,0,0,0,2,0,,,,,,,,,,,,,,,,,,,,,,,,,,,False
Brody Benke,183953,TE,MIDDLE TN,1,28.6,0,224,52.2,,57.2,0,0,0,0.0,0.0,,0,0,0,2,0,0,0,7,0,5,0,0,2,1,,,,,,,,,,,,,,,,,,,,,,,,,,,False
Brody Jones,176004,TE,VA TECH,1,100.0,0,337,64.9,,74.2,0,0,0,,,,0,0,0,2,0,0,0,2,0,0,0,0,2,2,,,,,,,,,,,,,,,,,,,,,,,,,,,False
Grayson Wilson,200091,QB,BOSTON COL,2,100.0,0,121,60.0,,60.0,0,0,0,,,,0,0,0,2,0,0,0,2,0,0,0,0,2,0,,,,,,,,,,,,,,,,,,,,,,,,,,,False
Mason Short,198469,G,GEORGIA,1,100.0,0,173,60.0,,60.0,0,0,0,,,,0,0,0,2,0,0,0,2,0,0,2,0,2,0,,,,,,,,,,,,,,,,,,,,,,,,,,,False
Harrison Williams,217151,FB,LA TECH,1,100.0,0,208,60.0,,60.0,0,0,0,,,,0,0,0,2,0,0,0,2,0,0,0,0,2,0,,,,,,,,,,,,,,,,,,,,,,,,,,,False
Cole Keele,176098,G,UTAH ST,1,100.0,0,329,60.0,67.3,60.0,0,0,1,100.0,100.0,100.0,0,0,0,2,0,2,0,2,1,1,0,0,1,0,,,,,,,,,,,,,,,,,,,,,,,,,,,False
Kendall Jones,204751,WR,C MICHIGAN,2,66.7,0,134,59.3,,60.0,0,0,0,0.0,0.0,,0,0,0,2,0,0,0,3,0,1,0,0,2,0,,,,,,,,,,,,,,,,,,,,,,,,,,,False
Merrick Barlow,205117,TE,NAVY,1,100.0,0,237,59.9,,54.9,0,0,0,,,,0,0,0,2,0,0,1,2,0,0,0,0,2,1,,,,,,,,,,,,,,,,,,,,,,,,,,,False
Robert Henderson,205396,HB,SO MISS,1,20.0,0,296,60.4,,59.4,0,0,0,0.0,0.0,,0,0,0,2,0,0,0,10,0,2,0,0,2,0,,,,,,,,,,,,,,,,,,,,,,,,,,,False
Theo Andall,222721,G,BOWL GREEN,1,100.0,0,122,59.5,,59.2,0,0,0,,,,0,0,0,2,0,2,0,2,0,0,0,0,2,0,,,,,,,,,,,,,,,,,,,,,,,,,,,False
Ashton Mozone,218860,G,S CAROLINA,2,100.0,0,289,60.0,,60.0,0,0,0,,,,0,0,0,2,0,0,1,2,0,0,1,0,2,0,,,,,,,,,,,,,,,,,,,,,,,,,,,False
Charleston French,190846,HB,N CAROLINA,1,40.0,0,245,64.5,73.4,,0,0,2,66.7,66.7,100.0,0,0,0,2,0,0,0,5,2,3,0,0,0,0,,,,,,,,,,,,,,,,,,,,,,,,,,,False
Dillon Curtis,199453,K,UTAH,2,100.0,0,328,60.0,,60.0,0,0,0,,,,0,0,0,2,0,0,0,2,0,0,0,0,2,0,,,,,,,,,,,,,,,,,,,,,,,,,,,False
AJ Maes,184230,WR,BOISE ST,1,100.0,0,120,60.0,,60.0,0,0,0,,,,0,0,0,2,0,0,0,2,0,0,0,0,2,0,,,,,,,,,,,,,,,,,,,,,,,,,,,False
Alex Warden,201525,T,N DAK ST,1,100.0,0,250,60.0,,60.0,0,0,0,,,,0,0,0,2,0,0,0,2,0,0,0,2,2,0,,,,,,,,,,,,,,,,,,,,,,,,,,,False
Gabe Glover,204935,WR,JVILLE ST,1,66.7,0,196,58.8,,59.9,0,0,0,0.0,0.0,,0,0,0,2,0,0,0,3,0,1,0,0,2,0,,,,,,,,,,,,,,,,,,,,,,,,,,,False
Lekhy Thompkins,215615,HB,LOUISVILLE,1,20.0,0,210,69.9,70.4,,0,0,2,50.0,50.0,100.0,0,0,0,2,0,0,0,10,2,4,0,0,0,0,,,,,,,,,,,,,,,,,,,,,,,,,,,False
Akeem Neal,198395,C,FIU,1,100.0,0,166,60.0,,59.7,0,0,0,,,,0,0,0,2,2,0,0,2,0,0,0,0,2,0,,,,,,,,,,,,,,,,,,,,,,,,,,,False
Bradley Gompers,198326,LB,DUKE,2,100.0,0,154,60.0,63.8,60.0,0,0,1,100.0,100.0,100.0,0,0,0,2,0,0,0,2,1,1,0,0,1,0,,,,,,,,,,,,,,,,,,,,,,,,,,,False
Trenton Jones,201362,WR,TOLEDO,1,33.3,0,316,55.1,,58.9,0,0,0,0.0,0.0,,0,0,0,2,0,0,0,6,0,4,0,0,2,0,,,,,,,,,,,,,,,,,,,,,,,,,,,False
Alma Taleni,188302,T,BOISE ST,1,100.0,0,120,60.0,,60.0,0,0,0,,,,0,0,0,2,0,0,0,2,0,0,0,2,2,0,,,,,,,,,,,,,,,,,,,,,,,,,,,False
Greg Spiller,185329,HB,DELAWARE,1,50.0,0,151,66.0,73.6,,0,0,2,66.7,66.7,100.0,0,0,0,2,0,0,0,4,2,3,0,0,0,0,,,,,,,,,,,,,,,,,,,,,,,,,,,False
Lucas Hoffmeyer,215277,TE,C MICHIGAN,1,100.0,0,134,59.9,,59.4,0,0,0,,,,0,0,0,2,0,0,0,2,0,0,0,0,2,1,,,,,,,,,,,,,,,,,,,,,,,,,,,False
Isaiah Watson,217627,WR,COLO STATE,1,50.0,0,144,59.3,,60.0,0,0,0,0.0,0.0,,0,0,0,2,0,0,0,4,0,2,0,0,2,0,,,,,,,,,,,,,,,,,,,,,,,,,,,False
Kentrell White,215278,TE,BOWL GREEN,4,20.0,0,122,60.9,,60.0,0,0,0,0.0,0.0,,0,0,0,2,0,0,0,10,0,7,0,0,2,2,,,,,,,,,,,,,,,,,,,,,,,,,,,False
Nate Rogers,190774,QB,UAB,3,25.0,0,321,57.4,,60.0,0,0,0,0.0,0.0,,0,0,0,2,0,0,0,8,0,1,0,0,2,0,,,,,,,,,,,,,,,,,,,,,,,,,,,False
Peter Cannon,217671,TE,FAU,1,100.0,0,165,60.0,,60.0,0,0,0,,,,0,0,0,2,0,0,0,2,0,0,0,0,2,2,,,,,,,,,,,,,,,,,,,,,,,,,,,False
K.D. Arnold,170407,T,UCLA,1,100.0,0,324,60.0,,59.9,0,0,0,,,,0,0,0,2,0,0,0,2,0,0,0,2,2,0,,,,,,,,,,,,,,,,,,,,,,,,,,,False
Dedaunte Scott,190743,S,TULSA,2,100.0,0,320,60.0,,60.0,0,0,0,,,,0,0,0,2,0,0,0,2,0,0,0,0,2,0,,,,,,,,,,,,,,,,,,,,,,,,,,,False
Josh Love,190738,T,TULSA,1,100.0,0,320,60.0,,60.0,0,0,0,,,,0,0,0,2,0,0,2,2,0,0,0,0,2,0,,,,,,,,,,,,,,,,,,,,,,,,,,,False
Elijah West,215924,WR,FAU,1,66.7,0,165,59.7,,60.0,0,0,0,0.0,0.0,,0,0,0,2,0,0,0,3,0,1,0,0,2,0,,,,,,,,,,,,,,,,,,,,,,,,,,,False
Juntavious Harris,220437,HB,TEXAS ST,2,15.4,0,314,78.5,73.5,,0,0,2,50.0,50.0,100.0,0,0,0,2,0,0,0,13,2,4,0,0,0,0,,,,,,,,,,,,,,,,,,,,,,,,,,,False
AJ Green Jr.,127442,HB,W MICHIGAN,2,66.7,0,347,59.4,71.0,60.0,0,0,0,,100.0,,0,0,0,2,0,0,0,3,1,1,0,0,1,0,,,,,,,,,,,,,,,,,,,,,,,,,,,False
Joshua Brantley,199366,TE,LA TECH,1,66.7,0,208,83.5,,60.0,0,0,0,0.0,0.0,,0,0,0,2,0,0,0,3,0,1,0,0,2,2,,,,,,,,,,,,,,,,,,,,,,,,,,,False
Demani Stewart,204710,HB,ARMY,1,33.3,0,114,62.8,,59.8,0,0,0,0.0,0.0,,0,0,0,2,0,0,0,6,0,2,0,0,2,0,,,,,,,,,,,,,,,,,,,,,,,,,,,False
Matt Ponatoski,215931,QB,KENTUCKY,1,100.0,0,202,60.0,,60.0,0,0,0,,,,0,0,0,2,0,0,0,2,0,0,0,0,2,0,,,,,,,,,,,,,,,,,,,,,,,,,,,False
Sone Falealo,186151,G,WASH STATE,1,100.0,0,341,62.1,,62.9,0,0,0,,,,0,0,0,2,0,0,0,2,0,0,2,0,2,0,,,,,,,,,,,,,,,,,,,,,,,,,,,False
Michael Terry III,199288,HB,TEXAS,3,14.3,0,311,72.0,70.3,60.0,0,0,1,33.3,33.3,100.0,0,0,0,2,0,0,0,14,1,3,0,0,1,0,,,,,,,,,,,,,,,,,,,,,,,,,,,False
Caleb Ash,190680,T,TROY,1,100.0,0,318,60.0,66.0,,0,0,1,100.0,100.0,100.0,0,0,0,2,0,0,0,2,2,2,0,0,0,2,,,,,,,,,,,,,,,,,,,,,,,,,,,False
Darius Morant,190665,HB,W VIRGINIA,1,25.0,0,343,42.3,,59.2,0,0,0,,,,0,0,0,2,0,0,0,8,0,0,0,0,2,0,,,,,,,,,,,,,,,,,,,,,,,,,,,False
Masyn Zahursky,198197,G,BOWL GREEN,1,100.0,0,122,59.9,,59.8,0,0,0,,,,0,0,0,2,0,0,0,2,0,0,2,0,2,0,,,,,,,,,,,,,,,,,,,,,,,,,,,False
Carsen Melvin,198186,TE,BOWL GREEN,1,100.0,0,122,60.0,,59.8,0,0,0,,,,0,0,0,2,0,0,0,2,0,0,0,0,2,0,,,,,,,,,,,,,,,,,,,,,,,,,,,False
Jacob Swain,222669,WR,COLORADO,1,100.0,0,143,60.0,,60.0,0,0,0,,,,0,0,0,2,0,0,0,2,0,0,0,0,2,0,,,,,,,,,,,,,,,,,,,,,,,,,,,False
Kena Rego,215940,WR,ARK STATE,1,100.0,0,113,74.2,,80.6,0,0,0,,,,0,0,0,2,0,0,0,2,0,0,0,0,2,2,,,,,,,,,,,,,,,,,,,,,,,,,,,False
Gannon Gaubert,163830,C,TCU,1,100.0,0,305,60.0,,60.0,0,0,0,,,,0,0,0,2,2,0,0,2,0,0,0,0,2,0,,,,,,,,,,,,,,,,,,,,,,,,,,,False
Dalen Huston,218060,WR,LA MONROE,1,66.7,0,209,57.8,,60.0,0,0,0,0.0,0.0,,0,0,0,2,0,0,0,3,0,1,0,0,2,0,,,,,,,,,,,,,,,,,,,,,,,,,,,False
Malachi Coleman,199225,HB,SYRACUSE,1,50.0,0,304,59.3,69.8,60.0,0,0,1,50.0,50.0,100.0,0,0,0,2,0,0,0,4,1,2,0,0,1,0,,,,,,,,,,,,,,,,,,,,,,,,,,,False
Demarcco Blanton,198133,WR,LA MONROE,1,66.7,0,209,57.8,,60.0,0,0,0,0.0,0.0,,0,0,0,2,0,0,0,3,0,1,0,0,2,0,,,,,,,,,,,,,,,,,,,,,,,,,,,False
Uriah Neloms,198125,WR,ARIZONA ST,1,50.0,0,110,55.1,,59.9,0,0,0,0.0,0.0,,0,0,0,2,0,0,0,4,0,2,0,0,2,0,,,,,,,,,,,,,,,,,,,,,,,,,,,False
Malachi Nelson,174203,QB,SYRACUSE,1,50.0,0,304,43.9,,60.0,0,0,0,0.0,0.0,,0,0,0,2,0,0,0,4,0,2,0,0,2,0,,,,,,,,,,,,,,,,,,,,,,,,,,,False
Kyler Pearson,122572,WR,E CAROLINA,2,25.0,0,156,70.1,,59.9,0,0,0,0.0,0.0,,0,0,0,2,0,0,0,8,0,6,0,0,2,0,,,,,,,,,,,,,,,,,,,,,,,,,,,False
Demarius Robinson,198120,HB,ARIZONA ST,1,28.6,0,110,80.5,,60.0,0,0,0,0.0,0.0,,0,0,0,2,0,0,0,7,0,1,0,0,2,0,,,,,,,,,,,,,,,,,,,,,,,,,,,False
Elijah Leonard,185512,QB,MO STATE,1,33.3,0,230,63.7,,60.0,0,0,0,0.0,0.0,,1,0,0,2,0,0,0,6,0,1,0,0,2,0,,,,,,,,,,,,,,,,,,,,,,,,,,,False
Chase Tyler,189398,WR,WAKE,1,40.0,0,339,56.3,,60.0,0,0,0,0.0,0.0,,0,0,0,2,0,0,0,5,0,3,0,0,2,0,,,,,,,,,,,,,,,,,,,,,,,,,,,False
Braden Bach,214141,TE,TCU,1,100.0,0,305,69.5,,74.2,0,0,0,,,,0,0,0,2,0,0,0,2,0,0,0,0,2,2,,,,,,,,,,,,,,,,,,,,,,,,,,,False
Malcolm Watkins,214152,WR,IOWA STATE,1,50.0,0,193,57.5,,60.0,0,0,0,0.0,0.0,,0,0,0,2,0,0,0,4,0,2,0,0,2,0,,,,,,,,,,,,,,,,,,,,,,,,,,,False
Paxon Kettering,189385,WR,DUKE,1,50.0,0,154,90.1,,60.0,0,0,0,0.0,0.0,,0,0,0,2,0,0,0,4,0,2,0,0,2,0,,,,,,,,,,,,,,,,,,,,,,,,,,,False
Brooks Hall,214139,TE,UCF,1,100.0,0,323,57.3,,49.7,0,0,0,,,,0,0,0,2,0,0,0,2,0,0,0,0,2,2,,,,,,,,,,,,,,,,,,,,,,,,,,,False
Greg Wilfred,214158,WR,W VIRGINIA,1,100.0,0,343,60.0,,60.0,0,0,0,,,,0,0,0,2,0,0,0,2,0,0,0,0,2,0,,,,,,,,,,,,,,,,,,,,,,,,,,,False
Daniel Swinney,221639,HB,SACRAMENTO,4,5.7,0,279,80.1,9.4,,1,0,2,25.0,25.0,75.0,0,1,0,2,0,0,0,35,2,8,0,0,0,0,,,,,,,,,,,,,,,,,,,,,,,,,,,False
Jordan Nunuha,214161,WR,UCF,1,66.7,0,323,58.3,,60.0,0,0,0,,0.0,,0,0,0,2,0,0,0,3,0,1,0,0,2,0,,,,,,,,,,,,,,,,,,,,,,,,,,,False
Jack Nickel,158394,TE,MIAMI FL,1,66.7,0,220,84.0,,80.9,0,0,0,0.0,0.0,,0,0,0,2,0,0,0,3,0,1,0,0,2,3,,,,,,,,,,,,,,,,,,,,,,,,,,,False
Andrew Chavez,215441,HB,FRESNO ST,3,40.0,0,169,63.0,69.5,60.0,0,0,1,50.0,50.0,100.0,0,0,0,2,0,0,0,5,1,2,0,0,1,0,,,,,,,,,,,,,,,,,,,,,,,,,,,False
Luke Galer,214133,TE,IOWA STATE,1,66.7,0,193,50.5,64.5,60.0,0,0,1,50.0,50.0,100.0,0,0,0,2,0,0,0,3,1,2,0,0,1,3,,,,,,,,,,,,,,,,,,,,,,,,,,,False
Synkwan Smith,204271,HB,PITTSBURGH,1,10.0,0,268,69.7,14.8,,0,0,1,11.1,20.0,100.0,0,0,0,2,0,0,0,20,2,10,0,0,0,0,,,,,,,,,,,,,,,,,,,,,,,,,,,False
Justin Baker,199977,HB,TENNESSEE,1,33.3,0,307,90.2,67.5,60.0,0,0,1,50.0,50.0,100.0,0,0,0,2,0,0,0,6,1,2,0,0,1,0,,,,,,,,,,,,,,,,,,,,,,,,,,,False
Major Everhart,157295,HB,TCU,4,16.7,0,305,60.0,,60.0,0,0,0,0.0,0.0,,0,0,0,2,0,0,0,12,0,7,0,0,2,0,,,,,,,,,,,,,,,,,,,,,,,,,,,False
Jack Yates,162706,LS,DUKE,2,100.0,0,154,60.0,63.8,60.0,0,0,1,100.0,100.0,100.0,0,0,0,2,0,0,0,2,1,1,0,0,1,0,,,,,,,,,,,,,,,,,,,,,,,,,,,False
Arthur Lewis IV,214048,HB,UCF,1,66.7,0,323,58.9,,59.9,0,0,0,,,,0,0,0,2,0,0,0,3,0,0,0,0,2,0,,,,,,,,,,,,,,,,,,,,,,,,,,,False
Cody Sigler,188019,DI,AUBURN,2,100.0,0,115,60.0,,59.2,0,0,0,,,,1,0,0,2,0,0,0,2,0,0,0,0,2,0,,,,,,,,,,,,,,,,,,,,,,,,,,,False
Hudson Higgins,216356,HB,UAB,2,100.0,0,321,60.0,,60.0,0,0,0,,,,0,0,0,2,0,0,0,2,0,0,0,0,2,0,,,,,,,,,,,,,,,,,,,,,,,,,,,False
JR Mosley,216358,HB,UAB,2,100.0,0,321,60.0,,60.0,0,0,0,,,,0,0,0,2,0,0,0,2,0,0,0,0,2,0,,,,,,,,,,,,,,,,,,,,,,,,,,,False
Trevor Fortenberry,213983,WR,IOWA STATE,1,66.7,0,193,59.1,,60.0,0,0,0,0.0,0.0,,0,0,0,2,0,0,0,3,0,1,0,0,2,0,,,,,,,,,,,,,,,,,,,,,,,,,,,False
Landon Walker,213957,HB,TCU,2,25.0,0,305,75.5,,74.2,0,0,0,0.0,0.0,,0,0,0,2,0,0,0,8,0,1,0,0,2,0,,,,,,,,,,,,,,,,,,,,,,,,,,,False
William Mason,213956,HB,OKLA STATE,2,18.2,0,262,75.3,74.6,,0,0,1,20.0,33.3,100.0,0,0,0,2,0,0,0,11,2,6,0,0,0,0,,,,,,,,,,,,,,,,,,,,,,,,,,,False
Hunter Stroud,200300,WR,INDIANA,1,66.7,0,190,57.9,,60.0,0,0,0,0.0,0.0,,0,0,0,2,0,0,0,3,0,1,0,0,2,0,,,,,,,,,,,,,,,,,,,,,,,,,,,False
Sesi Vailahi,174313,HB,UTAH ST,1,50.0,0,329,67.2,,57.9,0,0,0,,,,0,0,0,2,0,0,0,4,0,0,0,0,2,1,,,,,,,,,,,,,,,,,,,,,,,,,,,False
Terrance Gibbs,158348,HB,GA SOUTHRN,1,8.7,0,174,62.4,73.7,47.1,0,0,2,10.5,10.5,100.0,0,0,0,2,0,0,0,23,2,19,0,0,0,1,,,,,,,,,,,,,,,,,,,,,,,,,,,False
Karl Peterson,204223,TE,DOMINION,1,100.0,0,263,59.5,,58.4,0,0,0,,,,0,0,0,2,0,0,0,2,0,0,0,0,2,0,,,,,,,,,,,,,,,,,,,,,,,,,,,False
Tyrone Crethers,213802,WR,SMU,1,40.0,0,287,55.8,,59.8,0,0,0,0.0,0.0,,0,0,0,2,0,0,0,5,0,3,0,0,2,0,,,,,,,,,,,,,,,,,,,,,,,,,,,False
Daijon Calimon,190031,WR,NEVADA,1,100.0,0,239,60.0,,60.0,0,0,0,,,,0,0,0,2,0,0,0,2,0,0,0,0,2,0,,,,,,,,,,,,,,,,,,,,,,,,,,,False
Armani Winfield,158574,WR,USF,1,100.0,0,327,60.0,,60.0,0,0,0,,,,0,0,0,2,0,0,0,2,0,0,0,0,2,0,,,,,,,,,,,,,,,,,,,,,,,,,,,False
D'Ontae Fulton,204887,WR,GA STATE,2,20.0,0,175,56.0,,60.0,0,0,0,0.0,0.0,,0,0,0,2,0,0,0,10,0,8,0,0,2,0,,,,,,,,,,,,,,,,,,,,,,,,,,,False
Walker Bryson,213758,WR,WAKE,1,40.0,0,339,56.2,,59.5,0,0,0,0.0,0.0,,0,0,0,2,0,0,0,5,0,3,0,0,2,0,,,,,,,,,,,,,,,,,,,,,,,,,,,False
Harry Caskey,198066,TE,AIR FORCE,1,100.0,0,101,66.2,,69.7,0,0,0,,,,0,0,0,2,0,0,0,2,0,0,0,0,2,2,,,,,,,,,,,,,,,,,,,,,,,,,,,False
Tyshon Reed Jr.,189390,ED,DUKE,2,100.0,0,154,60.0,63.8,60.0,0,0,1,100.0,100.0,100.0,0,0,0,2,0,0,0,2,1,1,0,0,1,0,,,,,,,,,,,,,,,,,,,,,,,,,,,False
Jayreon Campbell,214582,HB,INDIANA,3,22.2,0,190,74.5,70.8,60.0,0,0,1,50.0,50.0,100.0,0,0,0,2,0,0,0,9,1,2,0,0,1,0,,,,,,,,,,,,,,,,,,,,,,,,,,,False
Justin Cook,199077,HB,PITTSBURGH,3,10.5,0,268,67.5,,59.6,0,0,0,0.0,0.0,,0,0,0,2,0,0,0,19,0,15,0,0,2,0,,,,,,,,,,,,,,,,,,,,,,,,,,,False
Alex Ward,213753,WR,COLORADO,1,33.3,0,143,57.2,,59.5,0,0,0,0.0,0.0,,0,0,0,2,0,0,0,6,0,4,0,0,2,0,,,,,,,,,,,,,,,,,,,,,,,,,,,False
Messiah Mickens,213751,HB,VA TECH,2,8.7,0,337,64.6,0.0,60.0,0,0,1,8.3,7.7,0.0,0,1,1,2,0,0,0,23,1,13,0,0,1,0,,,,,,,,,,,,,,,,,,,,,,,,,,,False
Chase Ferrell,216001,FB,AIR FORCE,1,100.0,0,101,60.0,,59.2,0,0,0,,,,0,0,0,2,0,0,0,2,0,0,0,0,2,0,,,,,,,,,,,,,,,,,,,,,,,,,,,False
Canon Toon,218344,QB,HOUSTON,1,100.0,0,182,60.0,,60.0,0,0,0,,,,0,0,0,2,0,0,0,2,0,0,0,0,2,0,,,,,,,,,,,,,,,,,,,,,,,,,,,False
Joshua Smith,213740,WR,CINCINNATI,1,50.0,0,138,48.3,,37.8,0,0,0,0.0,0.0,,0,0,0,2,0,0,0,4,0,2,0,0,2,0,,,,,,,,,,,,,,,,,,,,,,,,,,,False
James Kavouklis,162817,G,MICHIGAN,1,100.0,0,222,60.0,,60.0,0,0,0,,,,0,0,0,2,0,0,0,2,0,0,2,0,2,0,,,,,,,,,,,,,,,,,,,,,,,,,,,False
John Hebert,218347,HB,HOUSTON,1,22.2,0,182,88.7,,58.4,0,0,0,0.0,0.0,,0,0,0,2,0,0,0,9,0,2,0,0,2,0,,,,,,,,,,,,,,,,,,,,,,,,,,,False
Luke Sorensen,214628,TE,NEBRASKA,2,50.0,0,238,56.6,,60.0,0,0,0,0.0,0.0,,0,0,0,2,0,0,0,4,0,2,0,0,2,2,,,,,,,,,,,,,,,,,,,,,,,,,,,False
Elijah Otieno,213739,WR,WAKE,1,40.0,0,339,59.1,,60.0,0,0,0,0.0,0.0,,0,0,0,2,0,0,0,5,0,3,0,0,2,0,,,,,,,,,,,,,,,,,,,,,,,,,,,False
Larry Miles,214638,WR,NEBRASKA,1,66.7,0,238,61.3,,60.0,0,0,0,0.0,0.0,,0,0,0,2,0,0,0,3,0,1,0,0,2,0,,,,,,,,,,,,,,,,,,,,,,,,,,,False
Troy Marquez,199062,HB,DOMINION,1,100.0,0,263,60.0,,60.0,0,0,0,,,,0,0,0,2,0,0,0,2,0,0,0,0,2,0,,,,,,,,,,,,,,,,,,,,,,,,,,,False
Teddy Williams,171065,WR,UCONN,2,100.0,0,146,60.0,,59.8,0,0,0,,,,0,0,0,2,0,0,0,2,0,0,0,0,2,0,,,,,,,,,,,,,,,,,,,,,,,,,,,False
Cole Leinart,213719,QB,SMU,1,66.7,0,287,61.3,,60.0,0,0,0,0.0,0.0,,0,0,0,2,0,0,0,3,0,1,0,0,2,0,,,,,,,,,,,,,,,,,,,,,,,,,,,False
Amari Thomas,213464,HB,FLORIDA ST,1,28.6,0,167,67.8,0.0,60.0,0,0,1,33.3,33.3,100.0,0,0,0,2,0,0,0,7,1,3,0,0,1,0,,,,,,,,,,,,,,,,,,,,,,,,,,,False
Brenden Cook,180137,WR,MIAMI FL,1,100.0,0,220,60.0,,59.9,0,0,0,,,,0,0,0,2,0,0,0,2,0,0,0,0,2,0,,,,,,,,,,,,,,,,,,,,,,,,,,,False
Darius Afalava,199043,G,OKLAHOMA,1,100.0,0,261,57.6,,58.1,0,0,0,,,,0,0,0,2,0,0,0,2,0,0,2,0,2,0,,,,,,,,,,,,,,,,,,,,,,,,,,,False
Owen Hollenbeck,199037,G,OKLAHOMA,1,100.0,0,261,59.9,,59.9,0,0,0,,,,0,0,0,2,0,2,0,2,0,0,0,0,2,0,,,,,,,,,,,,,,,,,,,,,,,,,,,False
Josh Johnson,186429,QB,AIR FORCE,1,100.0,0,101,60.0,,60.0,0,0,0,,,,0,0,0,2,0,0,0,2,0,0,0,0,2,0,,,,,,,,,,,,,,,,,,,,,,,,,,,False
Jeremiah Carroll,180388,WR,W KENTUCKY,1,66.7,0,346,60.1,,59.0,0,0,0,0.0,0.0,,0,0,0,2,0,0,0,3,0,1,0,0,2,0,,,,,,,,,,,,,,,,,,,,,,,,,,,False
Carson Edney,218375,TE,IOWA STATE,1,100.0,0,193,59.6,,59.0,0,0,0,,,,0,0,0,2,0,0,0,2,0,0,0,0,2,2,,,,,,,,,,,,,,,,,,,,,,,,,,,False
Carter Zuliani,208864,TE,W VIRGINIA,1,100.0,0,343,59.8,,51.6,0,0,0,,,,0,0,0,2,0,0,0,2,0,0,0,0,2,2,,,,,,,,,,,,,,,,,,,,,,,,,,,False
Weston Bryan,207846,QB,GA SOUTHRN,4,9.1,0,174,77.1,62.2,60.0,0,0,1,25.0,25.0,100.0,0,0,0,2,0,0,0,22,1,4,0,0,1,0,,,,,,,,,,,,,,,,,,,,,,,,,,,False
Luc Weaver,214665,WR,USC,1,66.7,0,326,59.0,,60.0,0,0,0,0.0,0.0,,0,0,0,2,0,0,0,3,0,1,0,0,2,0,,,,,,,,,,,,,,,,,,,,,,,,,,,False
Cade Wilhelmi,205419,T,TOLEDO,1,100.0,0,316,60.0,,60.0,0,0,0,,,,0,0,0,2,0,0,0,2,0,0,0,2,2,0,,,,,,,,,,,,,,,,,,,,,,,,,,,False
Daven Amos,222745,WR,COLO STATE,1,25.0,0,144,61.2,,81.9,0,0,0,0.0,0.0,,0,0,0,2,0,0,0,8,0,6,0,0,2,0,,,,,,,,,,,,,,,,,,,,,,,,,,,False
Liam Willson,214714,HB,MARYLAND,2,10.5,0,215,70.4,,71.7,0,0,0,0.0,0.0,,0,0,0,2,0,0,0,19,0,6,0,0,2,0,,,,,,,,,,,,,,,,,,,,,,,,,,,False
Josiah Jefferson,214720,TE,USC,2,66.7,0,326,58.6,,60.0,0,0,0,0.0,0.0,,0,0,0,2,0,0,0,3,0,1,0,0,2,2,,,,,,,,,,,,,,,,,,,,,,,,,,,False
Tashi Dorje,200183,P,S DIEGO ST,2,100.0,0,284,60.0,,60.0,0,0,0,,,,0,0,0,2,0,0,0,2,0,0,0,0,2,0,,,,,,,,,,,,,,,,,,,,,,,,,,,False
Xavier Okwufulueze,223917,WR,OKLAHOMA,1,100.0,0,261,59.9,,59.7,0,0,0,,,,0,0,0,2,0,0,0,2,0,0,0,0,2,0,,,,,,,,,,,,,,,,,,,,,,,,,,,False
Cooper Johnson,216058,G,OLE MISS,1,100.0,0,226,60.0,,59.8,0,0,0,,,,0,0,0,2,0,0,0,2,0,0,0,0,2,0,,,,,,,,,,,,,,,,,,,,,,,,,,,False
Boone Lourd,189721,QB,VIRGINIA,1,50.0,0,335,61.3,,60.0,0,0,0,,,,0,0,0,2,0,0,0,4,0,0,0,0,2,0,,,,,,,,,,,,,,,,,,,,,,,,,,,False
Arion Williams,205539,C,WASH STATE,1,100.0,0,341,60.0,,52.9,0,0,0,,,,0,0,0,2,2,0,0,2,0,0,0,0,2,0,,,,,,,,,,,,,,,,,,,,,,,,,,,False
Wesley Dallao-Kubik,214882,G,UTEP,1,100.0,0,330,60.0,,60.0,0,0,0,,,,0,0,0,2,0,0,0,2,0,0,2,0,2,0,,,,,,,,,,,,,,,,,,,,,,,,,,,False
Deandre Desinor,198965,HB,NC STATE,2,15.4,0,248,69.8,,59.3,0,0,0,0.0,0.0,,0,0,0,2,0,0,0,13,0,7,0,0,2,0,,,,,,,,,,,,,,,,,,,,,,,,,,,False
Owen Eshelman,205529,QB,WASH STATE,1,100.0,0,341,60.0,,60.0,0,0,0,,,,0,0,0,2,0,0,0,2,0,0,0,0,2,0,,,,,,,,,,,,,,,,,,,,,,,,,,,False
Mike Tauteoli,193111,DI,UTAH,2,100.0,0,328,59.9,,59.6,0,0,0,,,,0,0,0,2,0,0,0,2,0,0,1,0,2,0,,,,,,,,,,,,,,,,,,,,,,,,,,,False
Matthew Outten,199902,HB,SYRACUSE,2,13.3,0,304,73.7,,60.0,0,0,0,0.0,0.0,,0,0,0,2,0,0,0,15,0,3,0,0,2,0,,,,,,,,,,,,,,,,,,,,,,,,,,,False
Trever Jackson,183303,QB,COAST CAR,1,40.0,0,141,73.2,,60.0,0,0,0,,,,0,0,0,2,0,0,0,5,0,0,0,0,2,0,,,,,,,,,,,,,,,,,,,,,,,,,,,False
Max Brown,157756,QB,W VIRGINIA,1,66.7,0,343,59.7,,60.0,0,0,0,,,,0,0,0,2,0,0,0,3,0,0,0,0,2,0,,,,,,,,,,,,,,,,,,,,,,,,,,,False
Zayne DeSouza,204785,TE,COLORADO,1,100.0,0,143,54.5,,48.6,0,0,0,,,,1,0,0,2,0,0,0,2,0,0,0,0,2,2,,,,,,,,,,,,,,,,,,,,,,,,,,,False
Tre Hardison,162644,T,E CAROLINA,2,100.0,0,156,60.0,72.8,,0,0,2,100.0,100.0,100.0,0,0,0,2,0,0,1,2,2,2,0,0,0,0,,,,,,,,,,,,,,,,,,,,,,,,,,,False
Mason Bonner,222893,TE,MICHIGAN,3,20.0,0,222,55.5,,60.0,0,0,0,0.0,0.0,,0,0,0,1,0,0,0,5,0,4,0,1,1,2,,,,,,,,,,,,,,,,,,,,,,,,,,,False
Jack Lambert,175494,QB,PENN STATE,1,100.0,0,266,60.0,,60.0,0,0,0,,,,0,0,0,1,0,0,0,1,0,0,0,0,1,0,,,,,,,,,,,,,,,,,,,,,,,,,,,False
Jae Lamar,217060,HB,GEORGIA,2,10.0,0,173,61.0,68.3,,0,0,1,25.0,25.0,100.0,0,0,0,1,0,0,0,10,1,4,0,0,0,0,,,,,,,,,,,,,,,,,,,,,,,,,,,False
Maurice Stephens,198633,WR,KENT STATE,1,33.3,0,201,57.6,,60.0,0,0,0,0.0,0.0,,0,0,0,1,0,0,0,3,0,2,0,0,1,0,,,,,,,,,,,,,,,,,,,,,,,,,,,False
Tanner Mintz,198628,LB,KENT STATE,1,100.0,0,201,60.0,,60.0,0,0,0,,,,0,0,0,1,0,0,0,1,0,0,0,0,1,0,,,,,,,,,,,,,,,,,,,,,,,,,,,False
Skyler Williams,198620,QB,KENNESAW,2,8.3,0,200,56.7,,60.0,0,0,0,0.0,0.0,,0,0,0,1,0,0,0,12,0,5,0,0,1,0,,,,,,,,,,,,,,,,,,,,,,,,,,,False
Jalen Brown,175664,HB,NEW MEX ST,5,10.0,0,242,78.2,,60.0,0,0,0,0.0,0.0,,0,0,0,1,0,0,0,10,0,3,0,0,1,0,,,,,,,,,,,,,,,,,,,,,,,,,,,False
Chris Dupree,224175,FB,UTSA,1,100.0,0,331,60.0,,60.0,0,0,0,,,,0,0,0,1,0,0,0,1,0,0,0,0,1,0,,,,,,,,,,,,,,,,,,,,,,,,,,,False
Jordan Franke,175922,LS,CAL,1,100.0,0,130,60.0,,60.0,0,0,0,,,,0,0,0,1,1,0,0,1,0,0,0,0,1,0,,,,,,,,,,,,,,,,,,,,,,,,,,,False
Vicari Swain,175930,CB,S CAROLINA,1,100.0,1,289,60.0,,60.0,0,0,0,,,,2,0,0,1,0,0,0,1,0,0,0,0,1,0,,,,,,,,,,,,,,,,,,,,,,,,,,,False
Bravion Rogers,175941,CB,TEXAS A&M,1,100.0,0,312,60.0,,60.0,0,0,0,,,,0,0,0,1,0,0,0,1,0,0,0,0,1,0,,,,,,,,,,,,,,,,,,,,,,,,,,,False
Zyian Moultrie-Goddard,176040,ED,SYRACUSE,1,100.0,0,304,60.0,60.5,,0,0,1,100.0,100.0,100.0,0,0,0,1,0,0,0,1,1,1,0,0,0,0,,,,,,,,,,,,,,,,,,,,,,,,,,,False
Ryan Niblett,176181,HB,TEXAS,2,12.5,0,311,67.6,,60.0,0,0,0,0.0,0.0,,0,0,0,1,0,0,0,8,0,5,0,0,1,0,,,,,,,,,,,,,,,,,,,,,,,,,,,False
Jimmy Pisani,222897,TE,MICHIGAN,1,100.0,0,222,60.0,,60.0,0,0,0,,,,0,0,0,1,0,0,0,1,0,0,0,0,1,1,,,,,,,,,,,,,,,,,,,,,,,,,,,False
Johnny Brookhart,176228,QB,AKRON,1,100.0,0,102,60.0,,60.0,0,0,0,,,,0,0,0,1,0,0,0,1,0,0,0,0,1,0,,,,,,,,,,,,,,,,,,,,,,,,,,,False
Preston Hatfield,222924,HB,MISSOURI,1,16.7,0,229,70.9,67.7,,0,0,1,50.0,50.0,100.0,0,0,0,1,0,0,0,6,1,2,0,0,0,0,,,,,,,,,,,,,,,,,,,,,,,,,,,False
Ryan Manis,176267,LS,LOUISVILLE,1,100.0,0,210,60.0,,60.0,0,0,0,,,,0,0,0,1,0,0,0,1,0,0,0,0,1,0,,,,,,,,,,,,,,,,,,,,,,,,,,,False
Massiah Mingo,217353,WR,NEW MEXICO,1,20.0,0,241,73.7,,60.0,0,0,0,0.0,0.0,,0,0,0,1,0,0,0,5,0,4,0,0,1,0,,,,,,,,,,,,,,,,,,,,,,,,,,,False
Ormond Wallace,198396,S,FIU,1,100.0,0,166,60.0,,60.0,0,0,0,,,,0,0,0,1,0,0,0,1,0,0,0,0,1,0,,,,,,,,,,,,,,,,,,,,,,,,,,,False
Braxton Kitchens,217388,LS,GA STATE,1,100.0,0,175,60.0,67.6,,0,0,0,,100.0,,0,0,0,1,1,0,0,1,1,1,0,0,0,0,,,,,,,,,,,,,,,,,,,,,,,,,,,False
Elliott Schaper,198325,LB,DUKE,1,100.0,0,154,60.0,,60.0,0,0,0,,,,0,0,0,1,0,0,0,1,0,0,0,0,1,0,,,,,,,,,,,,,,,,,,,,,,,,,,,False
Drew Kron,198316,WR,UCONN,1,100.0,0,146,60.0,,60.0,0,0,0,,,,0,0,0,1,0,0,0,1,0,0,0,0,1,0,,,,,,,,,,,,,,,,,,,,,,,,,,,False
Mathis Haygood,176375,LB,SO MISS,1,100.0,0,296,60.0,63.8,,0,0,1,100.0,100.0,100.0,1,0,0,1,0,0,0,1,1,1,0,0,0,0,,,,,,,,,,,,,,,,,,,,,,,,,,,False
Michell Dietzel,176446,LS,JAMES MAD,1,100.0,0,197,60.0,63.8,,0,0,0,,100.0,,0,0,0,1,0,0,0,1,1,1,0,0,0,0,,,,,,,,,,,,,,,,,,,,,,,,,,,False
Derek Eusebio,176528,WR,ARIZONA ST,1,100.0,0,110,60.0,,60.0,0,0,0,,,,0,0,0,1,0,0,0,1,0,0,0,0,1,0,,,,,,,,,,,,,,,,,,,,,,,,,,,False
Giancarlo Cereghino,217804,LS,UCLA,1,100.0,0,324,60.0,,60.0,0,0,0,,,,0,0,0,1,0,0,0,1,0,0,0,0,1,0,,,,,,,,,,,,,,,,,,,,,,,,,,,False
Cole Marszalek,176533,LS,KENTUCKY,1,100.0,0,202,60.0,,60.0,0,0,0,,,,0,0,0,1,0,0,0,1,0,0,0,0,1,0,,,,,,,,,,,,,,,,,,,,,,,,,,,False
D'Mariun Perteet,198283,HB,CHARLOTTE,2,11.1,0,136,69.4,70.8,,0,0,1,50.0,50.0,100.0,0,0,0,1,0,0,0,9,1,2,0,0,0,0,,,,,,,,,,,,,,,,,,,,,,,,,,,False
Mateen Bhaghani,176548,K,UCLA,1,100.0,0,324,60.0,,60.0,0,0,0,,,,0,0,0,1,0,0,0,1,0,0,0,0,1,0,,,,,,,,,,,,,,,,,,,,,,,,,,,False
Demetrius Hill,145227,S,FIU,1,100.0,0,166,60.0,,60.0,0,0,0,,,,0,0,0,1,0,0,0,1,0,0,0,0,1,0,,,,,,,,,,,,,,,,,,,,,,,,,,,False
Charlie Miska,198206,HB,BYU,1,33.3,0,128,63.2,,60.0,0,0,0,,,,0,0,0,1,0,0,0,3,0,0,0,0,1,0,,,,,,,,,,,,,,,,,,,,,,,,,,,False
Eric Winters,198155,S,AUBURN,1,100.0,0,115,60.0,,60.0,0,0,0,,,,3,0,0,1,0,0,0,1,0,0,0,0,1,0,,,,,,,,,,,,,,,,,,,,,,,,,,,False
Ronan Boyle,217991,TE,ARMY,1,100.0,0,114,60.0,64.5,,0,0,1,100.0,100.0,100.0,0,0,0,1,0,0,0,1,1,1,0,0,0,1,,,,,,,,,,,,,,,,,,,,,,,,,,,False
Michael O'Connor,145155,LS,RUTGERS,1,100.0,0,278,60.0,63.8,,0,0,1,100.0,100.0,100.0,0,0,0,1,0,0,0,1,1,1,0,0,0,0,,,,,,,,,,,,,,,,,,,,,,,,,,,False
Elijah Melendez,198152,LB,AUBURN,1,100.0,0,115,60.0,,60.0,0,0,0,,,,0,0,0,1,0,0,0,1,0,0,0,0,1,0,,,,,,,,,,,,,,,,,,,,,,,,,,,False
Grady Kinsey,227853,HB,AIR FORCE,1,100.0,0,101,60.0,,60.0,0,0,0,,,,0,0,0,1,0,0,0,1,0,0,0,0,1,0,,,,,,,,,,,,,,,,,,,,,,,,,,,False
TJ Sabatucci,218194,TE,BUFFALO,2,50.0,0,126,59.4,,60.0,0,0,0,0.0,0.0,,0,0,0,1,0,0,0,2,0,1,0,0,1,1,,,,,,,,,,,,,,,,,,,,,,,,,,,False
Jakob Dixon,176720,WR,LOUISVILLE,1,33.3,0,210,66.5,,82.2,0,0,0,0.0,0.0,,0,0,0,1,0,0,0,3,0,2,0,0,1,0,,,,,,,,,,,,,,,,,,,,,,,,,,,False
Elijah Hardy,218210,WR,UCF,1,100.0,0,323,60.0,,60.0,0,0,0,,,,0,0,0,1,0,0,0,1,0,0,0,0,1,0,,,,,,,,,,,,,,,,,,,,,,,,,,,False
Daeshon Morgan,198112,DI,ARIZONA ST,1,100.0,0,110,60.0,,60.0,0,0,0,,,,0,0,0,1,0,0,0,1,0,0,0,0,1,0,,,,,,,,,,,,,,,,,,,,,,,,,,,False
Jonathan Mathis,176722,HB,KENNESAW,1,100.0,0,200,60.0,,60.0,0,0,0,,,,0,0,0,1,0,0,0,1,0,0,0,0,1,0,,,,,,,,,,,,,,,,,,,,,,,,,,,False
Kelly Watson,177174,WR,N DAK ST,1,100.0,0,250,60.0,,60.0,0,0,0,,,,0,0,0,1,0,0,0,1,0,0,0,0,1,0,,,,,,,,,,,,,,,,,,,,,,,,,,,False
Brendan Baird,224047,K,SMU,1,100.0,0,287,60.0,,60.0,0,0,0,,,,0,0,0,1,0,0,0,1,0,0,0,0,1,0,,,,,,,,,,,,,,,,,,,,,,,,,,,False
Jaeden McMillan,218270,WR,FIU,2,50.0,0,166,60.9,,60.0,0,0,0,0.0,0.0,,0,0,0,1,0,0,0,2,0,1,0,0,1,0,,,,,,,,,,,,,,,,,,,,,,,,,,,False
Felix Visser,218275,P,FIU,1,100.0,0,166,60.0,,60.0,0,0,0,,,,0,0,0,1,0,0,0,1,0,0,0,0,1,0,,,,,,,,,,,,,,,,,,,,,,,,,,,False
AK Dear,198093,HB,ALABAMA,1,50.0,0,103,59.2,,60.0,0,0,0,,,,0,0,0,1,0,0,0,2,0,0,0,0,1,0,,,,,,,,,,,,,,,,,,,,,,,,,,,False
Jamal Bing Jr.,177473,HB,GA STATE,1,12.5,0,175,57.3,,60.0,0,0,0,0.0,0.0,,0,0,0,1,0,0,0,8,0,2,0,0,1,0,,,,,,,,,,,,,,,,,,,,,,,,,,,False
Chance Bell,177659,TE,UTEP,1,100.0,0,330,60.0,,60.0,0,0,0,,,,0,0,0,1,0,0,0,1,0,0,0,0,1,1,,,,,,,,,,,,,,,,,,,,,,,,,,,False
Dixon Musgrove,177744,LS,JVILLE ST,1,100.0,0,196,60.0,63.8,,0,0,1,100.0,100.0,100.0,0,0,0,1,0,0,0,1,1,1,0,0,0,0,,,,,,,,,,,,,,,,,,,,,,,,,,,False
Gavin Nuckolls,218321,QB,GA STATE,1,25.0,0,175,64.2,,60.0,0,0,0,0.0,0.0,,0,0,0,1,0,0,0,4,0,3,0,0,1,0,,,,,,,,,,,,,,,,,,,,,,,,,,,False
Mason Lowe,198040,FB,AIR FORCE,1,50.0,0,101,65.7,,60.0,0,0,0,,,,0,0,0,1,0,0,0,2,0,0,0,0,1,0,,,,,,,,,,,,,,,,,,,,,,,,,,,False
Tug Sanford,178189,LS,OREGON ST,1,100.0,0,265,60.0,63.8,,0,0,0,,100.0,,0,0,0,1,0,0,0,1,1,1,0,0,0,0,,,,,,,,,,,,,,,,,,,,,,,,,,,False
Ryan Smith,218345,QB,HOUSTON,1,100.0,0,182,60.0,,60.0,0,0,0,,,,0,0,0,1,0,0,0,1,0,0,0,0,1,0,,,,,,,,,,,,,,,,,,,,,,,,,,,False
Max Tulen,178592,P,TULSA,2,33.3,0,320,67.4,,60.0,0,0,0,0.0,0.0,,0,0,0,1,0,0,0,3,0,1,0,0,1,0,,,,,,,,,,,,,,,,,,,,,,,,,,,False
Blake Ruffin,86298,CB,LOUISVILLE,1,100.0,0,210,60.0,,60.0,0,0,0,,,,1,0,0,1,0,0,0,1,0,0,0,0,1,0,,,,,,,,,,,,,,,,,,,,,,,,,,,False
Jaidaun Cranford,223907,HB,N ILLINOIS,4,5.9,0,254,74.6,70.0,,0,0,1,11.1,11.1,100.0,0,0,0,1,0,0,0,17,1,9,0,0,0,0,,,,,,,,,,,,,,,,,,,,,,,,,,,False
Lyrik Rawls,144661,S,ARIZONA ST,1,100.0,1,110,60.0,,60.0,0,0,0,,,,1,0,0,1,0,0,0,1,0,0,0,0,1,0,,,,,,,,,,,,,,,,,,,,,,,,,,,False
Caleb Francois,218367,HB,IOWA STATE,2,11.1,0,193,62.9,68.1,,0,0,1,33.3,33.3,100.0,0,0,0,1,0,0,0,9,1,3,0,0,0,0,,,,,,,,,,,,,,,,,,,,,,,,,,,False
T.J. Banks,193233,S,LOUISVILLE,1,100.0,1,210,60.0,,60.0,0,0,0,,,,1,0,0,1,0,0,0,1,0,0,0,0,1,0,,,,,,,,,,,,,,,,,,,,,,,,,,,False
Stanley Jackson Jr.,193220,HB,OHIO STATE,1,33.3,0,260,57.0,72.9,,0,0,1,100.0,100.0,100.0,0,0,0,1,0,0,0,3,1,1,0,0,0,0,,,,,,,,,,,,,,,,,,,,,,,,,,,False
Nick McLarty,193186,P,ARIZONA ST,1,100.0,0,110,60.0,,60.0,0,0,0,,,,0,0,0,1,0,0,0,1,0,0,0,0,1,0,,,,,,,,,,,,,,,,,,,,,,,,,,,False
Andrew Johnson,193153,LS,KANSAS ST,1,100.0,0,199,60.0,,60.0,0,0,0,,,,0,0,0,1,1,0,0,1,0,0,0,0,1,0,,,,,,,,,,,,,,,,,,,,,,,,,,,False
Ty Williams,144660,LB,TULSA,1,100.0,0,320,60.0,,60.0,0,0,0,,,,0,0,0,1,0,0,0,1,0,0,0,0,1,0,,,,,,,,,,,,,,,,,,,,,,,,,,,False
Clayton Smith,144631,ED,ARIZONA ST,1,100.0,0,110,60.0,,60.0,0,0,0,,,,1,0,0,1,0,0,0,1,0,0,0,0,1,0,,,,,,,,,,,,,,,,,,,,,,,,,,,False
Landon Sylvie,192876,S,SO MISS,1,100.0,1,296,60.0,63.8,,0,0,1,100.0,100.0,100.0,2,0,0,1,0,0,0,1,1,1,0,0,0,0,,,,,,,,,,,,,,,,,,,,,,,,,,,False
Trent Carter,183314,LB,LOUISVILLE,1,100.0,0,210,60.0,,60.0,0,0,0,,,,0,0,0,1,0,0,0,1,0,0,0,0,1,0,,,,,,,,,,,,,,,,,,,,,,,,,,,False
Jordan Washington,192539,HB,UMASS,2,5.9,0,216,80.5,67.9,,0,0,1,25.0,20.0,100.0,0,0,0,1,0,0,0,17,1,5,0,0,0,0,,,,,,,,,,,,,,,,,,,,,,,,,,,False
Drew Bellisari,218456,QB,MIAMI OH,1,100.0,0,221,60.0,,60.0,0,0,0,,,,0,0,0,1,0,0,0,1,0,0,0,0,1,0,,,,,,,,,,,,,,,,,,,,,,,,,,,False
DJ Singleton Jr.,189705,WR,NEBRASKA,1,100.0,0,238,60.0,,60.0,0,0,0,,,,0,0,0,1,0,0,0,1,0,0,0,0,1,0,,,,,,,,,,,,,,,,,,,,,,,,,,,False
Thomas O'Hara,192529,P,KENTUCKY,1,100.0,0,202,60.0,,60.0,0,0,0,,,,0,0,0,1,0,0,0,1,0,0,0,0,1,0,,,,,,,,,,,,,,,,,,,,,,,,,,,False
Cooper Ranvier,183318,K,TENNESSEE,1,100.0,0,307,60.0,,60.0,0,0,0,,,,0,0,0,1,0,0,0,1,0,0,0,0,1,0,,,,,,,,,,,,,,,,,,,,,,,,,,,False
Landon Cook,223948,TE,OREGON ST,1,33.3,0,265,80.7,,59.9,0,0,0,,0.0,,0,0,0,1,0,0,0,3,0,2,0,0,1,2,,,,,,,,,,,,,,,,,,,,,,,,,,,False
Gavench Marcelin,183412,DI,FAU,1,100.0,0,165,60.0,,60.0,0,0,0,,,,0,0,0,1,0,0,0,1,0,0,0,0,1,0,,,,,,,,,,,,,,,,,,,,,,,,,,,False
Alvon Isaac,183442,HB,USF,1,14.3,0,327,67.7,68.6,,0,0,1,25.0,25.0,100.0,0,0,0,1,0,0,0,7,1,4,0,0,0,0,,,,,,,,,,,,,,,,,,,,,,,,,,,False
Barry Walker,183496,T,UAB,1,100.0,0,321,60.0,65.5,,0,0,1,100.0,100.0,100.0,0,0,0,1,0,0,0,1,1,1,0,1,0,0,,,,,,,,,,,,,,,,,,,,,,,,,,,False
Will Steil,191998,S,N DAK ST,1,100.0,0,250,60.0,,60.0,0,0,0,,,,0,0,0,1,0,0,0,1,0,0,0,0,1,0,,,,,,,,,,,,,,,,,,,,,,,,,,,False
Andrevius Smith,218524,TE,JVILLE ST,1,50.0,0,196,59.2,,60.0,0,0,0,,0.0,,0,0,0,1,0,0,0,2,0,1,0,0,1,0,,,,,,,,,,,,,,,,,,,,,,,,,,,False
Nolan Fennessy,183558,C,NEBRASKA,1,100.0,0,238,60.0,69.1,,0,0,1,100.0,100.0,100.0,0,0,0,1,1,0,0,1,1,1,0,0,0,0,,,,,,,,,,,,,,,,,,,,,,,,,,,False
Taylen Eady,191985,S,N DAK ST,1,100.0,0,250,60.0,,60.0,0,0,0,,,,1,0,0,1,0,0,0,1,0,0,0,0,1,0,,,,,,,,,,,,,,,,,,,,,,,,,,,False
Bryce Hicks,188064,HB,COLORADO,1,14.3,0,143,58.0,71.8,,0,0,1,20.0,20.0,100.0,0,0,0,1,0,0,0,7,1,5,0,0,0,0,,,,,,,,,,,,,,,,,,,,,,,,,,,False
Dietrick Pennington,144133,DI,CLEMSON,1,100.0,0,140,60.0,,53.8,0,0,0,,,,0,0,0,1,0,0,0,1,0,0,0,0,1,1,,,,,,,,,,,,,,,,,,,,,,,,,,,False
Christian Moss,144095,WR,WASHINGTON,1,50.0,0,340,57.8,,60.0,0,0,0,0.0,0.0,,0,0,0,1,0,0,0,2,0,1,0,0,1,0,,,,,,,,,,,,,,,,,,,,,,,,,,,False
Gunnar Goodwin,218572,C,LA LAFAYET,1,100.0,0,207,60.0,,60.0,0,0,0,,,,0,0,0,1,1,0,0,1,0,0,0,0,1,0,,,,,,,,,,,,,,,,,,,,,,,,,,,False
Jai'Vale Mays-Hudson,218575,T,LA LAFAYET,1,100.0,0,207,60.0,,60.0,0,0,0,,,,0,0,0,1,0,0,0,1,0,0,0,1,1,0,,,,,,,,,,,,,,,,,,,,,,,,,,,False
Kwan Johnson,191429,T,OREGON ST,1,100.0,0,265,60.0,63.8,,0,0,0,,100.0,,0,0,0,1,0,0,0,1,1,1,0,0,0,0,,,,,,,,,,,,,,,,,,,,,,,,,,,False
Ashton Murphy,183572,G,NEBRASKA,1,100.0,0,238,60.0,69.8,,0,0,1,100.0,100.0,100.0,0,0,0,1,0,0,0,1,1,1,1,0,0,0,,,,,,,,,,,,,,,,,,,,,,,,,,,False
Aiden Gibson,224034,HB,RUTGERS,1,8.3,0,278,71.7,,60.0,0,0,0,0.0,0.0,,0,0,0,1,0,0,0,12,0,1,0,0,1,0,,,,,,,,,,,,,,,,,,,,,,,,,,,False
Dylan Drennan,188144,P,PURDUE,2,50.0,0,273,68.0,,60.0,0,0,0,0.0,0.0,,0,0,0,1,0,0,0,2,0,1,0,0,1,0,,,,,,,,,,,,,,,,,,,,,,,,,,,False
Carson Perry-Smith,188181,HB,CAL,2,7.7,0,130,63.0,,60.0,0,0,0,0.0,0.0,,0,0,0,1,0,0,0,13,0,8,0,0,1,0,,,,,,,,,,,,,,,,,,,,,,,,,,,False
Matheu Alderman,218649,T,NEW MEXICO,1,100.0,0,241,60.0,,60.0,0,0,0,,,,0,0,0,1,0,0,1,1,0,0,0,0,1,0,,,,,,,,,,,,,,,,,,,,,,,,,,,False
Cade Carlson,191267,S,AUBURN,1,100.0,0,115,60.0,,60.0,0,0,0,,,,0,0,0,1,0,0,0,1,0,0,0,0,1,0,,,,,,,,,,,,,,,,,,,,,,,,,,,False
Cyrus Reyes,191207,S,KENTUCKY,1,100.0,0,202,60.0,,60.0,0,0,0,,,,0,0,0,1,0,0,0,1,0,0,0,0,1,0,,,,,,,,,,,,,,,,,,,,,,,,,,,False
Ray Coney,133963,LB,TEXAS A&M,1,100.0,0,312,60.0,,60.0,0,0,0,,,,0,0,0,1,0,0,0,1,0,0,0,0,1,0,,,,,,,,,,,,,,,,,,,,,,,,,,,False
Mikey Beck,218653,WR,NEW MEXICO,1,100.0,0,241,60.0,,60.0,0,0,0,,,,0,0,0,1,0,0,0,1,0,0,0,0,1,0,,,,,,,,,,,,,,,,,,,,,,,,,,,False
Plas Johnson,183744,WR,ARIZONA ST,1,100.0,0,110,60.0,,60.0,0,0,0,,,,0,0,0,1,0,0,0,1,0,0,0,0,1,0,,,,,,,,,,,,,,,,,,,,,,,,,,,False
Albert Smith III,183752,ED,ARIZONA ST,1,100.0,0,110,60.0,,60.0,0,0,0,,,,0,0,0,1,0,0,0,1,0,0,0,0,1,0,,,,,,,,,,,,,,,,,,,,,,,,,,,False
Will Echoles,191186,DI,OLE MISS,1,100.0,0,226,60.0,,60.0,0,0,0,,,,0,0,0,1,0,0,0,1,0,0,0,0,1,0,,,,,,,,,,,,,,,,,,,,,,,,,,,False
Adarion Nettles,218670,HB,N TEXAS,2,5.3,0,251,69.7,,60.0,0,0,0,0.0,0.0,,0,0,0,1,0,0,0,19,0,11,0,0,1,0,,,,,,,,,,,,,,,,,,,,,,,,,,,False
Luke Raab,191157,LS,PURDUE,2,50.0,0,273,60.0,,60.0,0,0,0,0.0,0.0,,0,0,0,1,0,0,0,2,0,1,0,0,1,0,,,,,,,,,,,,,,,,,,,,,,,,,,,False
Sutton Lee,183831,WR,TCU,1,100.0,0,305,60.0,,60.0,0,0,0,,,,0,0,0,1,0,0,0,1,0,0,0,0,1,0,,,,,,,,,,,,,,,,,,,,,,,,,,,False
Devondre McGee,183834,CB,TCU,1,100.0,0,305,60.0,,60.0,0,0,0,,,,0,0,0,1,0,0,0,1,0,0,0,0,1,0,,,,,,,,,,,,,,,,,,,,,,,,,,,False
Javen Hall,218727,HB,OKLA STATE,1,100.0,0,262,60.0,,60.0,0,0,0,,,,0,0,0,1,0,0,0,1,0,0,0,0,1,0,,,,,,,,,,,,,,,,,,,,,,,,,,,False
Waltclaire Flynn Jr.,183846,C,GEORGIA,1,100.0,0,173,60.0,,60.0,0,0,0,,,,0,0,0,1,1,0,0,1,0,0,0,0,1,0,,,,,,,,,,,,,,,,,,,,,,,,,,,False
DJ Thompson,218743,ED,DOMINION,1,100.0,0,263,60.0,,60.0,0,0,0,,,,1,0,0,1,0,0,0,1,0,0,0,0,1,1,,,,,,,,,,,,,,,,,,,,,,,,,,,False
Montay Weedon,188203,ED,CINCINNATI,1,100.0,0,138,60.0,63.8,,0,0,1,100.0,100.0,100.0,0,0,0,1,0,0,0,1,1,1,0,0,0,0,,,,,,,,,,,,,,,,,,,,,,,,,,,False
Colten Cole,218795,TE,RICE,1,100.0,0,275,60.0,,59.4,0,0,0,,,,0,0,0,1,0,0,0,1,0,0,0,0,1,1,,,,,,,,,,,,,,,,,,,,,,,,,,,False
Preston Jackson,218797,WR,RICE,1,100.0,0,275,60.0,,60.0,0,0,0,,,,0,0,0,1,0,0,0,1,0,0,0,0,1,0,,,,,,,,,,,,,,,,,,,,,,,,,,,False
Mason Holtzclaw,218809,QB,SM HOUSTON,1,100.0,0,281,60.0,,60.0,0,0,0,,,,0,0,0,1,0,0,0,1,0,0,0,0,1,0,,,,,,,,,,,,,,,,,,,,,,,,,,,False
Peter Jones,184096,G,NOTRE DAME,1,100.0,0,258,60.0,,60.0,0,0,0,,,,0,0,0,1,0,1,0,1,0,0,0,0,1,0,,,,,,,,,,,,,,,,,,,,,,,,,,,False
Jon Morris,188211,LB,DUKE,1,100.0,0,154,60.0,63.8,,0,0,1,100.0,100.0,100.0,0,0,0,1,0,0,0,1,1,1,0,0,0,0,,,,,,,,,,,,,,,,,,,,,,,,,,,False
Kyngstonn Viliamu-Asa,184105,LB,NOTRE DAME,1,100.0,0,258,60.0,,60.0,0,0,0,,,,0,0,0,1,0,0,0,1,0,0,0,0,1,0,,,,,,,,,,,,,,,,,,,,,,,,,,,False
Joseph Vinci,184106,LS,NOTRE DAME,1,100.0,0,258,60.0,,60.0,0,0,0,,,,0,0,0,1,0,0,0,1,0,0,0,0,1,0,,,,,,,,,,,,,,,,,,,,,,,,,,,False
Konner Dandridge,218828,WR,SM HOUSTON,1,100.0,0,281,60.0,,60.0,0,0,0,,,,0,0,0,1,0,0,0,1,0,0,0,0,1,0,,,,,,,,,,,,,,,,,,,,,,,,,,,False
Brodyn Bishop,188219,LB,KENT STATE,1,100.0,0,201,60.0,,60.0,0,0,0,,,,0,0,0,1,0,0,0,1,0,0,0,0,1,0,,,,,,,,,,,,,,,,,,,,,,,,,,,False
Max Parrott,190919,G,PURDUE,2,50.0,0,273,57.5,,60.0,0,0,0,0.0,0.0,,0,0,0,1,0,0,0,2,0,1,0,0,1,0,,,,,,,,,,,,,,,,,,,,,,,,,,,False
Isaiah Needam,190918,S,PURDUE,2,50.0,0,273,57.9,,60.0,0,0,0,0.0,0.0,,0,0,0,1,0,0,0,2,0,1,0,0,1,0,,,,,,,,,,,,,,,,,,,,,,,,,,,False
Roman Caywood,184228,ED,BOISE ST,1,100.0,0,120,60.0,,60.0,0,0,0,,,,0,0,0,1,0,0,0,1,0,0,1,0,1,0,,,,,,,,,,,,,,,,,,,,,,,,,,,False
Martell Buchanan,188222,S,KENT STATE,1,100.0,0,201,60.0,,60.0,0,0,0,,,,0,0,0,1,0,0,0,1,0,0,0,0,1,0,,,,,,,,,,,,,,,,,,,,,,,,,,,False
Justin Wood,190822,LS,FIU,1,100.0,0,166,60.0,,60.0,0,0,0,,,,0,0,0,1,0,0,0,1,0,0,0,0,1,0,,,,,,,,,,,,,,,,,,,,,,,,,,,False
Devron Williams Jr.,184361,G,UTSA,1,100.0,0,331,60.0,,60.0,0,0,0,,,,0,0,0,1,0,0,0,1,0,0,1,0,1,0,,,,,,,,,,,,,,,,,,,,,,,,,,,False
Lance Beeghley,189546,TE,IOWA,1,100.0,0,192,60.0,,60.0,0,0,0,,,,0,0,0,1,0,0,0,1,0,0,0,0,1,1,,,,,,,,,,,,,,,,,,,,,,,,,,,False
DJ Butler,190803,HB,HOUSTON,3,3.8,0,182,64.6,,60.0,0,0,0,0.0,0.0,,0,0,0,1,0,0,0,26,0,15,0,0,1,0,,,,,,,,,,,,,,,,,,,,,,,,,,,False
Andy Bass,188770,HB,OKLAHOMA,1,25.0,0,261,42.3,69.8,,0,0,1,50.0,50.0,100.0,0,0,0,1,0,0,0,4,1,2,0,0,0,0,,,,,,,,,,,,,,,,,,,,,,,,,,,False
J'Marion Burnette,190802,HB,APP STATE,1,100.0,0,108,60.0,,60.0,0,0,0,,,,0,0,0,1,0,0,0,1,0,0,0,0,1,0,,,,,,,,,,,,,,,,,,,,,,,,,,,False
Carson Westbrook,190795,WR,COLORADO,1,33.3,0,143,56.5,,60.0,0,0,0,0.0,0.0,,0,0,0,1,0,0,0,3,0,2,0,0,1,0,,,,,,,,,,,,,,,,,,,,,,,,,,,False
Tagert Bardin,190779,WR,COLORADO,1,33.3,0,143,48.0,,37.7,0,0,0,0.0,0.0,,0,0,0,1,0,0,0,3,0,2,0,0,1,0,,,,,,,,,,,,,,,,,,,,,,,,,,,False
Bryce Cain,184396,WR,AUBURN,2,25.0,0,115,65.4,,60.0,0,0,0,0.0,0.0,,0,0,0,1,0,0,0,4,0,2,0,0,1,0,,,,,,,,,,,,,,,,,,,,,,,,,,,False
Kaleb Harris,184402,S,AUBURN,1,100.0,0,115,60.0,,60.0,0,0,0,,,,0,0,0,1,0,0,0,1,0,0,0,0,1,0,,,,,,,,,,,,,,,,,,,,,,,,,,,False
Jack Whitehouse,189457,HB,MIAMI FL,1,14.3,0,220,82.7,69.2,,0,0,1,50.0,50.0,100.0,0,0,0,1,0,0,0,7,1,2,0,0,0,0,,,,,,,,,,,,,,,,,,,,,,,,,,,False
Towns McGough,184407,K,CAL,1,100.0,0,130,60.0,,60.0,0,0,0,,,,0,0,0,1,0,0,0,1,0,0,0,0,1,0,,,,,,,,,,,,,,,,,,,,,,,,,,,False
Russell Crawford,220441,TE,TEXAS ST,1,100.0,0,314,60.0,,60.0,0,0,0,,,,0,0,0,1,0,0,0,1,0,0,0,0,1,1,,,,,,,,,,,,,,,,,,,,,,,,,,,False
Jamarcea Plater,220488,HB,TULSA,1,100.0,0,320,60.0,,60.0,0,0,0,,,,0,0,0,1,0,0,0,1,0,0,0,0,1,0,,,,,,,,,,,,,,,,,,,,,,,,,,,False
Aquavious Dunbar,190721,DI,TULSA,1,100.0,0,320,60.0,,60.0,0,0,0,,,,0,0,0,1,0,0,0,1,0,0,0,0,1,0,,,,,,,,,,,,,,,,,,,,,,,,,,,False
Jayson Moll,220503,HB,UAB,1,100.0,0,321,60.0,,60.0,0,0,0,,,,0,0,0,1,0,0,0,1,0,0,0,0,1,0,,,,,,,,,,,,,,,,,,,,,,,,,,,False
Ethan Calloway,184443,T,WAKE,1,100.0,0,339,60.0,61.3,,0,0,0,,100.0,,0,0,0,1,0,0,0,1,1,1,0,1,0,0,,,,,,,,,,,,,,,,,,,,,,,,,,,False
Wallace Foster IV,184452,CB,FAU,1,100.0,0,165,60.0,,60.0,0,0,0,,,,0,0,0,1,0,0,0,1,0,0,0,0,1,0,,,,,,,,,,,,,,,,,,,,,,,,,,,False
Ryan Jostes,184479,G,MISSOURI,1,100.0,0,229,60.0,70.6,,0,0,1,100.0,100.0,100.0,0,0,0,1,0,0,0,1,1,1,1,0,0,0,,,,,,,,,,,,,,,,,,,,,,,,,,,False
Chris Cole,184554,LB,GEORGIA,1,100.0,0,173,60.0,60.9,,0,0,1,100.0,100.0,100.0,0,0,0,1,0,0,0,1,1,1,0,0,0,0,,,,,,,,,,,,,,,,,,,,,,,,,,,False
Ayo Shotomide-King,188733,WR,S DIEGO ST,1,100.0,0,284,60.0,,60.0,0,0,0,,,,0,0,0,1,0,0,0,1,0,0,0,0,1,0,,,,,,,,,,,,,,,,,,,,,,,,,,,False
Marquis Hood,126582,DI,JVILLE ST,1,100.0,0,196,60.0,,60.0,0,0,0,,,,0,0,0,1,0,0,0,1,0,0,0,0,1,1,,,,,,,,,,,,,,,,,,,,,,,,,,,False
DK Gilley,184655,LB,RUTGERS,1,100.0,0,278,60.0,63.8,,0,0,1,100.0,100.0,100.0,0,0,0,1,0,0,0,1,1,1,0,0,0,0,,,,,,,,,,,,,,,,,,,,,,,,,,,False
Jaiden Grimes,190294,DI,KENNESAW,1,100.0,0,200,60.0,,59.7,0,0,0,,,,1,0,0,1,0,0,0,1,0,0,0,0,1,1,,,,,,,,,,,,,,,,,,,,,,,,,,,False
Joseph Ugwu Jr.,190265,T,UTSA,1,100.0,0,331,60.0,,60.0,0,0,0,,,,0,0,0,1,0,0,0,1,0,0,0,1,1,0,,,,,,,,,,,,,,,,,,,,,,,,,,,False
Brennan Burton,189433,WR,MIAMI FL,1,50.0,0,220,28.0,,60.0,0,0,0,0.0,0.0,,0,0,0,1,0,0,0,2,0,1,0,0,1,0,,,,,,,,,,,,,,,,,,,,,,,,,,,False
Preston Huneycutt,190256,C,UTSA,1,100.0,0,331,60.0,,60.0,0,0,0,,,,0,0,0,1,1,0,0,1,0,0,0,0,1,0,,,,,,,,,,,,,,,,,,,,,,,,,,,False
Tito Nunez,189405,LB,FAU,1,100.0,0,165,60.0,,60.0,0,0,0,,,,0,0,0,1,0,0,0,1,0,0,0,0,1,0,,,,,,,,,,,,,,,,,,,,,,,,,,,False
Jay Harris,184848,HB,KANSAS ST,3,5.9,0,199,80.3,67.8,,0,0,1,33.3,33.3,100.0,0,0,0,1,0,0,0,17,1,3,0,0,0,0,,,,,,,,,,,,,,,,,,,,,,,,,,,False
Frankie Arthur Jr.,190254,HB,UTSA,1,100.0,0,331,60.0,,60.0,0,0,0,,,,0,0,0,1,0,0,0,1,0,0,0,0,1,0,,,,,,,,,,,,,,,,,,,,,,,,,,,False
Kade Reynoldson,189392,P,DUKE,2,50.0,0,154,55.4,,60.0,0,0,0,0.0,0.0,,0,0,0,1,0,0,0,2,0,1,0,0,1,0,,,,,,,,,,,,,,,,,,,,,,,,,,,False
James Scott,214165,WR,TCU,1,33.3,0,305,38.1,,60.0,0,0,0,0.0,0.0,,0,0,0,1,0,0,0,3,0,2,0,0,1,0,,,,,,,,,,,,,,,,,,,,,,,,,,,False
Jack Utz,214132,TE,KANSAS,1,100.0,0,198,60.0,,61.3,0,0,0,,,,0,0,0,1,0,0,0,1,0,0,0,0,1,1,,,,,,,,,,,,,,,,,,,,,,,,,,,False
TJ Bullard,158432,LB,FLORIDA,1,100.0,0,163,60.0,,60.0,0,0,0,,,,0,0,0,1,0,0,0,1,0,0,0,0,1,0,,,,,,,,,,,,,,,,,,,,,,,,,,,False
Hayden Vercher,227400,TE,ARIZONA ST,1,33.3,0,110,56.3,,60.0,0,0,0,0.0,0.0,,0,0,0,1,0,0,0,3,0,2,0,0,1,1,,,,,,,,,,,,,,,,,,,,,,,,,,,False
Rocco Marriott,214106,QB,UCF,1,33.3,0,323,78.3,,60.0,0,0,0,,,,0,0,0,1,0,0,0,3,0,0,0,0,1,0,,,,,,,,,,,,,,,,,,,,,,,,,,,False
Zyere Horton,158351,ED,FAU,1,100.0,0,165,60.0,,60.0,0,0,0,,,,0,0,0,1,0,0,0,1,0,0,0,0,1,0,,,,,,,,,,,,,,,,,,,,,,,,,,,False
Kaj Baker,214047,HB,UCF,1,14.3,0,323,59.0,69.7,,0,0,0,,100.0,,0,0,0,1,0,0,0,7,1,1,0,0,0,0,,,,,,,,,,,,,,,,,,,,,,,,,,,False
Jericho Johnson,184851,DI,CAL,1,100.0,0,130,60.0,,68.7,0,0,0,,,,0,0,0,1,0,0,0,1,0,0,0,0,1,1,,,,,,,,,,,,,,,,,,,,,,,,,,,False
Henry Gabalis,213821,TE,ARIZONA,1,100.0,0,109,60.0,,60.0,0,0,0,,,,0,0,0,1,0,0,0,1,0,0,0,0,1,1,,,,,,,,,,,,,,,,,,,,,,,,,,,False
Ben Novak,214546,T,INDIANA,1,100.0,0,190,60.0,,60.0,0,0,0,,,,0,0,0,1,0,0,0,1,0,0,0,1,1,0,,,,,,,,,,,,,,,,,,,,,,,,,,,False
Cornell Perry,158305,S,SYRACUSE,1,100.0,0,304,60.0,60.5,,0,0,1,100.0,100.0,100.0,0,0,0,1,0,0,0,1,1,1,0,0,0,0,,,,,,,,,,,,,,,,,,,,,,,,,,,False
Alfonzo Allen Jr.,158549,S,FLORIDA,1,100.0,0,163,60.0,,60.0,0,0,0,,,,0,0,0,1,0,0,0,1,0,0,0,0,1,0,,,,,,,,,,,,,,,,,,,,,,,,,,,False
Grayson Curtis,158578,LS,ARIZONA ST,1,100.0,0,110,60.0,,60.0,0,0,0,,,,0,0,0,1,0,0,0,1,0,0,0,0,1,0,,,,,,,,,,,,,,,,,,,,,,,,,,,False
Neil Salvage III,190236,FB,S CAROLINA,1,100.0,0,289,60.0,,60.0,0,0,0,,,,0,0,0,1,0,0,0,1,0,0,0,0,1,0,,,,,,,,,,,,,,,,,,,,,,,,,,,False
Kaleb Beasley,184880,S,LOUISVILLE,1,100.0,1,210,60.0,,60.0,0,0,0,,,,2,0,0,1,0,0,0,1,0,0,0,0,1,0,,,,,,,,,,,,,,,,,,,,,,,,,,,False
Gabe Kirschke,158699,ED,WAKE,1,100.0,0,339,60.0,61.0,,0,0,0,,100.0,,1,0,0,1,0,0,0,1,1,1,0,0,0,0,,,,,,,,,,,,,,,,,,,,,,,,,,,False
Khobie Martin,188671,HB,INDIANA,1,50.0,0,190,60.0,20.6,,0,0,1,50.0,50.0,100.0,0,0,0,1,0,0,0,2,1,2,0,0,0,0,,,,,,,,,,,,,,,,,,,,,,,,,,,False
Charlie Fiser,158265,QB,SMU,1,33.3,0,287,63.0,,60.0,0,0,0,0.0,0.0,,0,0,0,1,0,0,0,3,0,2,0,0,1,0,,,,,,,,,,,,,,,,,,,,,,,,,,,False
KK Meier,158243,CB,CINCINNATI,1,100.0,0,138,60.0,63.8,,0,0,1,100.0,100.0,100.0,0,0,0,1,0,0,0,1,1,1,0,0,0,0,,,,,,,,,,,,,,,,,,,,,,,,,,,False
Nathan Sines,190158,TE,W MICHIGAN,1,100.0,0,347,60.0,,65.2,0,0,0,,,,0,0,0,1,0,0,0,1,0,0,0,0,1,1,,,,,,,,,,,,,,,,,,,,,,,,,,,False
Kolawole Babalola,158230,TE,NEVADA,1,100.0,0,239,60.0,,60.0,0,0,0,,,,0,0,0,1,0,0,0,1,0,0,0,0,1,1,,,,,,,,,,,,,,,,,,,,,,,,,,,False
Femi Babalola,213456,QB,BOSTON COL,1,100.0,0,121,60.0,,60.0,0,0,0,,,,0,0,0,1,0,0,0,1,0,0,0,0,1,0,,,,,,,,,,,,,,,,,,,,,,,,,,,False
Jaden Jefferson,213398,WR,N CAROLINA,1,100.0,0,245,60.0,,60.0,0,0,0,,,,0,0,0,1,0,0,0,1,0,0,0,0,1,0,,,,,,,,,,,,,,,,,,,,,,,,,,,False
Tyson Sanford,213382,CB,DUKE,2,50.0,0,154,59.8,,60.0,0,0,0,0.0,0.0,,0,0,0,1,0,0,0,2,0,1,0,0,1,0,,,,,,,,,,,,,,,,,,,,,,,,,,,False
James Lewis,222410,HB,CINCINNATI,1,33.3,0,138,71.4,,60.0,0,0,0,,,,0,0,0,1,0,0,0,3,0,0,0,0,1,0,,,,,,,,,,,,,,,,,,,,,,,,,,,False
Andrew Ryman,213104,WR,LIBERTY,1,100.0,0,206,60.0,,60.0,0,0,0,,,,0,0,0,1,0,0,0,1,0,0,0,0,1,0,,,,,,,,,,,,,,,,,,,,,,,,,,,False
Don Saunders,158931,CB,PURDUE,2,50.0,1,273,58.0,,60.0,0,0,0,0.0,0.0,,2,0,0,1,0,0,0,2,0,1,0,0,1,0,,,,,,,,,,,,,,,,,,,,,,,,,,,False
Zach Palmer-Smith,159550,HB,LA MONROE,1,7.7,0,209,55.4,0.0,,0,1,1,16.7,14.3,50.0,0,1,0,1,0,0,0,13,1,7,0,0,0,0,,,,,,,,,,,,,,,,,,,,,,,,,,,False
Nate Fischer,189094,LB,FAU,1,100.0,0,165,60.0,,60.0,0,0,0,,,,0,0,0,1,0,0,0,1,0,0,0,0,1,0,,,,,,,,,,,,,,,,,,,,,,,,,,,False
Blake Shirley,160021,LS,E CAROLINA,1,100.0,0,156,60.0,60.5,,0,0,1,100.0,100.0,100.0,0,0,0,1,0,0,0,1,1,1,0,0,0,0,,,,,,,,,,,,,,,,,,,,,,,,,,,False
Aaron Bickerton,160521,P,N DAK ST,1,100.0,0,250,60.0,,60.0,0,0,0,,,,0,0,0,1,0,0,0,1,0,0,0,0,1,0,,,,,,,,,,,,,,,,,,,,,,,,,,,False
Chase Garnett,206251,HB,USF,1,25.0,0,327,80.7,22.5,,0,1,1,50.0,50.0,50.0,0,1,0,1,0,0,0,4,1,2,0,0,0,0,,,,,,,,,,,,,,,,,,,,,,,,,,,False
Tray Kinkle,206240,HB,USF,1,14.3,0,327,84.3,,60.0,0,0,0,0.0,0.0,,0,0,0,1,0,0,0,7,0,1,0,0,1,0,,,,,,,,,,,,,,,,,,,,,,,,,,,False
Hudson Powell,158029,LS,AUBURN,1,100.0,0,115,60.0,,60.0,0,0,0,,,,0,0,0,1,0,0,0,1,0,0,0,0,1,0,,,,,,,,,,,,,,,,,,,,,,,,,,,False
Landon Dean,157822,DI,OKLA STATE,1,100.0,0,262,60.0,63.3,,0,0,1,100.0,100.0,100.0,0,0,0,1,0,0,0,1,1,1,0,0,0,1,,,,,,,,,,,,,,,,,,,,,,,,,,,False
Jordan Perry,157785,CB,TROY,1,100.0,0,318,60.0,63.8,,0,0,1,100.0,100.0,100.0,1,0,0,1,0,0,0,1,1,1,0,0,0,0,,,,,,,,,,,,,,,,,,,,,,,,,,,False
Josiah Broxton,205496,LB,VANDERBILT,1,100.0,0,333,60.0,63.8,,0,0,1,100.0,100.0,100.0,0,0,0,1,0,0,0,1,1,1,0,0,0,0,,,,,,,,,,,,,,,,,,,,,,,,,,,False
Dominic Bourgeois,214934,K,MIDDLE TN,1,100.0,0,224,60.0,,60.0,0,0,0,,,,0,0,0,1,0,0,0,1,0,0,0,0,1,0,,,,,,,,,,,,,,,,,,,,,,,,,,,False
Darius Givance,162201,S,N DAK ST,1,100.0,0,250,60.0,,60.0,0,0,0,,,,2,0,0,1,0,0,0,1,0,0,0,0,1,0,,,,,,,,,,,,,,,,,,,,,,,,,,,False
Mason Reynolds,190156,QB,W MICHIGAN,1,100.0,0,347,60.0,,60.0,0,0,0,,,,0,0,0,1,0,0,0,1,0,0,0,0,1,0,,,,,,,,,,,,,,,,,,,,,,,,,,,False
Shawn Simeon,205429,HB,UCONN,2,8.3,0,146,71.6,71.5,,0,0,1,25.0,25.0,100.0,0,0,0,1,0,0,0,12,1,4,0,0,0,0,,,,,,,,,,,,,,,,,,,,,,,,,,,False
Noah Sanders,205420,HB,TOLEDO,2,8.3,0,316,62.2,,60.0,0,0,0,0.0,0.0,,0,0,0,1,0,0,0,12,0,1,0,0,1,0,,,,,,,,,,,,,,,,,,,,,,,,,,,False
Ayden Passley,215028,TE,FIU,1,33.3,0,166,56.7,,59.4,0,0,0,0.0,0.0,,0,0,0,1,0,0,0,3,0,2,0,0,1,1,,,,,,,,,,,,,,,,,,,,,,,,,,,False
Kris Willis Jr.,205412,WR,TEXAS ST,1,100.0,0,314,60.0,,60.0,0,0,0,,,,0,0,0,1,0,0,0,1,0,0,0,0,1,0,,,,,,,,,,,,,,,,,,,,,,,,,,,False
Aaron Bowers,205400,LS,TCU,1,100.0,0,305,60.0,,60.0,0,0,0,,,,0,0,0,1,0,0,0,1,0,0,0,0,1,0,,,,,,,,,,,,,,,,,,,,,,,,,,,False
Devin Habermehl,205268,TE,N ILLINOIS,1,100.0,0,254,60.0,,60.0,0,0,0,,,,0,0,0,1,0,0,0,1,0,0,0,0,1,0,,,,,,,,,,,,,,,,,,,,,,,,,,,False
Mikey Pauley,162835,TE,KANSAS,1,100.0,0,198,60.0,,59.4,0,0,0,,,,0,0,0,1,0,0,0,1,0,0,0,0,1,1,,,,,,,,,,,,,,,,,,,,,,,,,,,False
Hudson Miller,162887,LB,PURDUE,2,50.0,0,273,57.7,,60.0,0,0,0,0.0,0.0,,0,0,0,1,0,0,0,2,0,1,0,0,1,0,,,,,,,,,,,,,,,,,,,,,,,,,,,False
Noah Perez,163073,K,E CAROLINA,1,100.0,0,156,60.0,60.5,,0,0,1,100.0,100.0,100.0,0,0,0,1,0,0,0,1,1,1,0,0,0,0,,,,,,,,,,,,,,,,,,,,,,,,,,,False
TJ Hedrick,205075,T,AUBURN,1,100.0,0,115,60.0,,60.0,0,0,0,,,,0,0,0,1,0,0,1,1,0,0,0,0,1,0,,,,,,,,,,,,,,,,,,,,,,,,,,,False
Daxton Christman-Gourley,222641,T,AKRON,1,100.0,0,102,60.0,,60.0,0,0,0,,,,0,0,0,1,0,0,1,1,0,0,0,0,1,0,,,,,,,,,,,,,,,,,,,,,,,,,,,False
Christian Washington,163362,HB,S DIEGO ST,1,33.3,0,284,30.1,70.8,,0,0,1,100.0,100.0,100.0,0,0,0,1,0,0,0,3,1,1,0,0,0,0,,,,,,,,,,,,,,,,,,,,,,,,,,,False
Chancellor Sparks,215139,HB,MIAMI OH,1,11.1,0,221,59.4,,60.0,0,0,0,,,,0,0,0,1,0,0,0,9,0,0,0,0,1,0,,,,,,,,,,,,,,,,,,,,,,,,,,,False
Robert Briggs,163425,HB,SO MISS,1,20.0,0,296,69.3,67.5,,0,0,1,33.3,33.3,100.0,0,0,0,1,0,0,0,5,1,3,0,0,0,0,,,,,,,,,,,,,,,,,,,,,,,,,,,False
Caden Kellow,163435,LS,BOISE ST,1,100.0,0,120,60.0,,60.0,0,0,0,,,,0,0,0,1,1,0,0,1,0,0,0,0,1,0,,,,,,,,,,,,,,,,,,,,,,,,,,,False
Cameron Ambrose,163450,T,ARK STATE,1,100.0,0,113,60.0,,59.1,0,0,0,,,,0,0,0,1,0,0,0,1,0,0,0,0,1,1,,,,,,,,,,,,,,,,,,,,,,,,,,,False
Jon Stephens,215198,C,AKRON,1,100.0,0,102,60.0,,60.0,0,0,0,,,,0,0,0,1,1,0,0,1,0,0,0,0,1,0,,,,,,,,,,,,,,,,,,,,,,,,,,,False
Marquis Harris,163464,TE,TROY,2,50.0,0,318,52.1,,60.0,0,0,0,0.0,0.0,,0,0,0,1,0,0,0,2,0,1,0,0,1,1,,,,,,,,,,,,,,,,,,,,,,,,,,,False
Jadon Olafsson,204906,QB,GA STATE,1,100.0,0,175,60.0,,60.0,0,0,0,,,,0,0,0,1,0,0,0,1,0,0,0,0,1,0,,,,,,,,,,,,,,,,,,,,,,,,,,,False
Avery Sledge,163695,LB,SO MISS,1,100.0,0,296,60.0,63.8,,0,0,1,100.0,100.0,100.0,0,0,0,1,0,0,0,1,1,1,0,0,0,0,,,,,,,,,,,,,,,,,,,,,,,,,,,False
Nick Rinaldi,163726,LB,VANDERBILT,1,100.0,0,333,60.0,63.8,,0,0,1,100.0,100.0,100.0,0,0,0,1,0,0,0,1,1,1,0,0,0,0,,,,,,,,,,,,,,,,,,,,,,,,,,,False
Bo Polston,215224,QB,UCONN,1,100.0,0,146,60.0,,60.0,0,0,0,,,,0,0,0,1,0,0,0,1,0,0,0,0,1,0,,,,,,,,,,,,,,,,,,,,,,,,,,,False
Ian Kelly,204767,P,CHARLOTTE,1,100.0,0,136,60.0,,60.0,0,0,0,,,,0,0,0,1,0,0,0,1,0,0,0,0,1,0,,,,,,,,,,,,,,,,,,,,,,,,,,,False
Jariel Cobb,204765,HB,CHARLOTTE,2,16.7,0,136,68.6,,60.0,0,0,0,0.0,0.0,,0,0,0,1,0,0,0,6,0,2,0,0,1,0,,,,,,,,,,,,,,,,,,,,,,,,,,,False
Hunter Barnes,163756,HB,TENNESSEE,2,5.9,0,307,70.1,67.8,,0,0,1,16.7,16.7,100.0,0,0,0,1,0,0,0,17,1,6,0,0,0,0,,,,,,,,,,,,,,,,,,,,,,,,,,,False
Bennett Brady,163760,LS,TENNESSEE,1,100.0,0,307,60.0,,60.0,0,0,0,,,,0,0,0,1,1,0,0,1,0,0,0,0,1,0,,,,,,,,,,,,,,,,,,,,,,,,,,,False
Brycen Scott,185245,CB,LOUISVILLE,1,100.0,0,210,60.0,,60.0,0,0,0,,,,0,0,0,1,0,0,0,1,0,0,0,0,1,0,,,,,,,,,,,,,,,,,,,,,,,,,,,False
Quinton Conley,163803,TE,KANSAS,1,100.0,0,198,60.0,,59.5,0,0,0,,,,0,0,0,1,0,0,0,1,0,0,0,0,1,1,,,,,,,,,,,,,,,,,,,,,,,,,,,False
Cam Newton,222664,HB,COLORADO,1,100.0,0,143,60.0,,60.0,0,0,0,,,,0,0,0,1,0,0,0,1,0,0,0,0,1,0,,,,,,,,,,,,,,,,,,,,,,,,,,,False
Andrew Staten,204646,TE,ARK STATE,1,100.0,0,113,60.0,65.5,,0,0,1,100.0,100.0,100.0,0,0,0,1,0,0,0,1,1,1,0,0,0,1,,,,,,,,,,,,,,,,,,,,,,,,,,,False
Coleman Parmer,204634,TE,ARK STATE,1,100.0,0,113,60.0,,60.0,0,0,0,,,,0,0,0,1,0,0,0,1,0,0,0,0,1,1,,,,,,,,,,,,,,,,,,,,,,,,,,,False
Walker Adkinson,163879,LS,FAU,1,100.0,0,165,60.0,,60.0,0,0,0,,,,0,0,0,1,0,0,0,1,0,0,0,0,1,0,,,,,,,,,,,,,,,,,,,,,,,,,,,False
Kenny Odom,164032,WR,USF,1,25.0,0,327,74.8,,60.0,0,0,0,0.0,0.0,,0,0,0,1,0,0,0,4,0,3,0,0,1,0,,,,,,,,,,,,,,,,,,,,,,,,,,,False
Drew Logan,164147,ED,CINCINNATI,1,100.0,0,138,60.0,63.8,,0,0,1,100.0,100.0,100.0,0,0,0,1,0,0,0,1,1,1,0,0,0,0,,,,,,,,,,,,,,,,,,,,,,,,,,,False
Antwan Peek Jr.,164150,CB,CINCINNATI,1,100.0,0,138,60.0,63.8,,0,0,1,100.0,100.0,100.0,0,0,0,1,0,0,0,1,1,1,0,0,0,0,,,,,,,,,,,,,,,,,,,,,,,,,,,False
Jonathan Thompson,164156,LB,CINCINNATI,1,100.0,0,138,60.0,63.8,,0,0,1,100.0,100.0,100.0,1,0,0,1,0,0,0,1,1,1,0,0,0,0,,,,,,,,,,,,,,,,,,,,,,,,,,,False
Carl Jean-Bart,215308,WR,E MICHIGAN,1,25.0,0,160,55.9,,60.0,0,0,0,0.0,0.0,,0,0,0,1,0,0,0,4,0,3,0,0,1,0,,,,,,,,,,,,,,,,,,,,,,,,,,,False
Myles Johnson,204480,LB,FLORIDA,1,100.0,0,163,60.0,,60.0,0,0,0,,,,0,0,0,1,0,0,0,1,0,0,0,0,1,0,,,,,,,,,,,,,,,,,,,,,,,,,,,False
Jamar Searcy,204448,HB,WAKE,2,14.3,0,339,65.6,68.3,,0,0,1,50.0,33.3,100.0,0,0,0,1,0,0,0,7,1,3,0,0,0,0,,,,,,,,,,,,,,,,,,,,,,,,,,,False
Thaddeus Gianaris,164658,ED,WYOMING,1,100.0,0,351,60.0,60.5,,0,0,1,100.0,100.0,100.0,0,0,0,1,0,0,0,1,1,1,0,0,0,0,,,,,,,,,,,,,,,,,,,,,,,,,,,False
Brock Fonoimoana,204412,LB,UTAH,1,100.0,0,328,60.0,,60.0,0,0,0,,,,0,0,0,1,0,0,0,1,0,0,0,0,1,0,,,,,,,,,,,,,,,,,,,,,,,,,,,False
CJ Anderson,166170,LS,N DAK ST,1,100.0,0,250,60.0,,60.0,0,0,0,,,,0,0,0,1,0,0,0,1,0,0,0,0,1,0,,,,,,,,,,,,,,,,,,,,,,,,,,,False
Tristan Lawyer,204372,ED,TULSA,2,50.0,0,320,76.2,,60.0,0,0,0,,,,0,0,0,1,0,0,0,2,0,0,0,0,1,0,,,,,,,,,,,,,,,,,,,,,,,,,,,False
Kelvin Washington,204369,HB,TULSA,1,100.0,0,320,60.0,,60.0,0,0,0,,,,0,0,0,1,0,0,0,1,0,0,0,0,1,0,,,,,,,,,,,,,,,,,,,,,,,,,,,False
Demetrie Morgan,168355,ED,N TEXAS,1,100.0,0,251,60.0,,60.0,0,0,0,,,,0,0,0,1,0,0,0,1,0,0,0,0,1,1,,,,,,,,,,,,,,,,,,,,,,,,,,,False
Ethan Rossetti,215422,LS,FRESNO ST,1,100.0,0,169,60.0,67.6,,0,0,0,,100.0,,0,0,0,1,1,0,0,1,1,1,0,0,0,0,,,,,,,,,,,,,,,,,,,,,,,,,,,False
Landon Rink,204339,DI,TEXAS A&M,1,100.0,0,312,60.0,,60.0,0,0,0,,,,0,0,0,1,0,0,0,1,0,0,0,0,1,0,,,,,,,,,,,,,,,,,,,,,,,,,,,False
Rameir Hardy,204325,WR,TEMPLE,1,33.3,0,306,56.2,,60.0,0,0,0,0.0,0.0,,0,0,0,1,0,0,0,3,0,2,0,0,1,0,,,,,,,,,,,,,,,,,,,,,,,,,,,False
Henry Searcy,204270,LS,CHARLOTTE,1,100.0,0,136,60.0,,60.0,0,0,0,,,,0,0,0,1,0,0,0,1,0,0,0,0,1,0,,,,,,,,,,,,,,,,,,,,,,,,,,,False
Vander Ploog,204233,TE,NC STATE,2,11.1,0,248,70.6,,60.0,0,0,0,0.0,0.0,,0,0,0,1,0,0,0,9,0,8,0,0,1,5,,,,,,,,,,,,,,,,,,,,,,,,,,,False
Kendall Johnson,170050,LB,DUKE,1,100.0,0,154,60.0,,60.0,0,0,0,,,,1,0,0,1,0,0,0,1,0,0,0,0,1,0,,,,,,,,,,,,,,,,,,,,,,,,,,,False
Trey Shaw,215564,G,LA LAFAYET,1,100.0,0,207,60.0,,60.0,0,0,0,,,,0,0,0,1,0,0,0,1,0,0,1,0,1,0,,,,,,,,,,,,,,,,,,,,,,,,,,,False
Luke Mergott,170056,LB,DUKE,1,100.0,0,154,60.0,63.8,,0,0,1,100.0,100.0,100.0,0,0,0,1,0,0,0,1,1,1,0,0,0,0,,,,,,,,,,,,,,,,,,,,,,,,,,,False
Braedon Brenner,222670,WR,COLORADO,1,100.0,0,143,60.0,,60.0,0,0,0,,,,0,0,0,1,0,0,0,1,0,0,0,0,1,0,,,,,,,,,,,,,,,,,,,,,,,,,,,False
Kevin O'Connor,170057,ED,DUKE,1,100.0,0,154,60.0,,60.0,0,0,0,,,,0,0,0,1,0,0,0,1,0,0,0,0,1,0,,,,,,,,,,,,,,,,,,,,,,,,,,,False
Braxton Jennings,204133,HB,LOUISVILLE,2,12.5,0,210,86.3,67.5,,0,0,1,25.0,25.0,100.0,0,0,0,1,0,0,0,8,1,4,0,0,0,0,,,,,,,,,,,,,,,,,,,,,,,,,,,False
Jackson Hammond,204121,G,LA LAFAYET,1,100.0,0,207,60.0,,60.0,0,0,0,,,,0,0,0,1,0,1,0,1,0,0,0,0,1,0,,,,,,,,,,,,,,,,,,,,,,,,,,,False
Luis Rodriguez,204106,K,KANSAS ST,1,100.0,0,199,60.0,,60.0,0,0,0,,,,0,0,0,1,0,0,0,1,0,0,0,0,1,0,,,,,,,,,,,,,,,,,,,,,,,,,,,False
Michael Short,170110,LB,TCU,1,100.0,0,305,60.0,,60.0,0,0,0,,,,0,0,0,1,0,0,0,1,0,0,0,0,1,0,,,,,,,,,,,,,,,,,,,,,,,,,,,False
Canaan Moore,203979,K,BOISE ST,1,100.0,0,120,60.0,,60.0,0,0,0,,,,0,0,0,1,0,0,0,1,0,0,0,0,1,0,,,,,,,,,,,,,,,,,,,,,,,,,,,False
Lionel Burns III,203945,S,KENT STATE,1,100.0,0,201,60.0,,60.0,0,0,0,,,,0,0,0,1,0,0,0,1,0,0,0,0,1,0,,,,,,,,,,,,,,,,,,,,,,,,,,,False
Davoun Fuse,170311,S,RUTGERS,1,100.0,0,278,60.0,63.8,,0,0,1,100.0,100.0,100.0,0,0,0,1,0,0,0,1,1,1,0,0,0,0,,,,,,,,,,,,,,,,,,,,,,,,,,,False
Eli Stein,157024,LS,CINCINNATI,1,100.0,0,138,60.0,63.8,,0,0,1,100.0,100.0,100.0,0,0,0,1,0,0,0,1,1,1,0,0,0,0,,,,,,,,,,,,,,,,,,,,,,,,,,,False
Tyler Jansey,170323,FB,WISCONSIN,1,100.0,0,349,60.0,,60.0,0,0,0,,,,0,0,0,1,0,0,0,1,0,0,0,0,1,0,,,,,,,,,,,,,,,,,,,,,,,,,,,False
Janerious Jackson,215611,HB,NEVADA,1,25.0,0,239,55.6,,60.0,0,0,0,0.0,0.0,,0,0,0,1,0,0,0,4,0,2,0,0,1,0,,,,,,,,,,,,,,,,,,,,,,,,,,,False
Izayah Lee,215614,HB,VANDERBILT,1,100.0,0,333,60.0,,60.0,0,0,0,,,,0,0,0,1,0,0,0,1,0,0,0,0,1,0,,,,,,,,,,,,,,,,,,,,,,,,,,,False
Sincere Baines,201298,HB,W KENTUCKY,1,33.3,0,346,58.0,,60.0,0,0,0,,,,0,0,0,1,0,0,0,3,0,0,0,0,1,0,,,,,,,,,,,,,,,,,,,,,,,,,,,False
Eli Gilmour,190041,LS,WAKE,1,100.0,0,339,60.0,67.6,,0,0,0,,100.0,,0,0,0,1,1,0,0,1,1,1,0,0,0,0,,,,,,,,,,,,,,,,,,,,,,,,,,,False
Aidan Thompson,170440,LB,JVILLE ST,1,100.0,0,196,60.0,,60.0,0,0,0,,,,0,0,0,1,0,0,0,1,0,0,0,0,1,0,,,,,,,,,,,,,,,,,,,,,,,,,,,False
Amare' Gough,215649,WR,SYRACUSE,1,33.3,0,304,55.9,,60.0,0,0,0,0.0,0.0,,0,0,0,1,0,0,0,3,0,2,0,0,1,0,,,,,,,,,,,,,,,,,,,,,,,,,,,False
Aiden Gobaira,156974,ED,UCLA,1,100.0,0,324,60.0,,60.0,0,0,0,,,,0,0,0,1,0,0,0,1,0,0,0,0,1,0,,,,,,,,,,,,,,,,,,,,,,,,,,,False
Tucker Kilcrease,156863,QB,TROY,1,25.0,0,318,56.3,,60.0,0,0,0,0.0,0.0,,0,0,0,1,0,0,0,4,0,1,0,0,1,0,,,,,,,,,,,,,,,,,,,,,,,,,,,False
Karson Cox,200331,HB,UCLA,1,50.0,0,324,42.3,,60.0,0,0,0,,,,0,0,0,1,0,0,0,2,0,0,0,0,1,0,,,,,,,,,,,,,,,,,,,,,,,,,,,False
Kristian Ingman,170751,TE,ARIZONA ST,1,50.0,0,110,57.5,,60.0,0,0,0,0.0,0.0,,0,0,0,1,0,0,0,2,0,1,0,0,1,1,,,,,,,,,,,,,,,,,,,,,,,,,,,False
Bryson Esser,170903,G,E CAROLINA,1,100.0,0,156,60.0,60.5,,0,0,1,100.0,100.0,100.0,0,0,0,1,0,0,0,1,1,1,0,0,0,0,,,,,,,,,,,,,,,,,,,,,,,,,,,False
Ty Olsen,200229,WR,UTAH ST,1,100.0,0,329,60.0,,60.0,0,0,0,,,,0,0,0,1,0,0,0,1,0,0,0,0,1,0,,,,,,,,,,,,,,,,,,,,,,,,,,,False
Kaleb Mitchell,200226,WR,SM HOUSTON,1,100.0,0,281,60.0,,60.0,0,0,0,,,,0,0,0,1,0,0,0,1,0,0,0,0,1,0,,,,,,,,,,,,,,,,,,,,,,,,,,,False
Donovan Woolen,185543,LB,N DAK ST,1,100.0,0,250,60.0,,60.0,0,0,0,,,,0,0,0,1,0,0,0,1,0,0,0,0,1,0,,,,,,,,,,,,,,,,,,,,,,,,,,,False
Jaiden Ausberry,171075,LB,NOTRE DAME,1,100.0,0,258,60.0,,60.0,0,0,0,,,,0,0,0,1,0,0,0,1,0,0,0,0,1,0,,,,,,,,,,,,,,,,,,,,,,,,,,,False
Skylar Vann,215739,HB,UNLV,1,25.0,0,325,52.8,,60.0,0,0,0,,,,0,0,0,1,0,0,0,4,0,0,0,0,1,0,,,,,,,,,,,,,,,,,,,,,,,,,,,False
Drayk Bowen,171077,LB,NOTRE DAME,1,100.0,0,258,60.0,,60.0,0,0,0,,,,0,0,0,1,0,0,0,1,0,0,0,0,1,0,,,,,,,,,,,,,,,,,,,,,,,,,,,False
Luke Talich,171100,S,NOTRE DAME,1,100.0,0,258,60.0,,60.0,0,0,0,,,,0,0,0,1,0,0,0,1,0,0,0,0,1,0,,,,,,,,,,,,,,,,,,,,,,,,,,,False
CJ Young,171269,LB,MIAMI OH,1,100.0,0,221,60.0,,60.0,0,0,0,,,,0,0,0,1,0,0,0,1,0,0,0,0,1,0,,,,,,,,,,,,,,,,,,,,,,,,,,,False
Demarcus Gardner,200144,CB,KENTUCKY,1,100.0,0,202,60.0,,60.0,0,0,0,,,,0,0,0,1,0,0,0,1,0,0,0,0,1,0,,,,,,,,,,,,,,,,,,,,,,,,,,,False
Carter Milliron,156755,LS,FLORIDA,1,100.0,0,163,60.0,,60.0,0,0,0,,,,0,0,0,1,0,0,0,1,0,0,0,0,1,0,,,,,,,,,,,,,,,,,,,,,,,,,,,False
Bear McWhorter,215782,C,AUBURN,1,100.0,0,115,60.0,,60.0,0,0,0,,,,0,0,0,1,1,0,0,1,0,0,0,0,1,0,,,,,,,,,,,,,,,,,,,,,,,,,,,False
Martels Carter Jr.,200143,HB,KENTUCKY,1,4.8,0,202,68.6,,60.0,0,0,0,0.0,0.0,,0,0,0,1,0,0,0,21,0,14,0,0,1,0,,,,,,,,,,,,,,,,,,,,,,,,,,,False
Chris D'Appolonia,171373,LB,SYRACUSE,1,100.0,0,304,60.0,60.5,,0,0,1,100.0,100.0,100.0,0,0,0,1,0,0,0,1,1,1,0,0,0,0,,,,,,,,,,,,,,,,,,,,,,,,,,,False
Lagonza Hayward,200134,CB,FLORIDA,1,100.0,0,163,60.0,,60.0,0,0,0,,,,0,0,0,1,0,0,0,1,0,0,0,0,1,0,,,,,,,,,,,,,,,,,,,,,,,,,,,False
Marcus Ratcliffe,171575,S,TEXAS A&M,1,100.0,0,312,60.0,,60.0,0,0,0,,,,0,0,0,1,0,0,0,1,0,0,0,0,1,0,,,,,,,,,,,,,,,,,,,,,,,,,,,False
Fran Brown Jr.,171640,LS,SYRACUSE,1,100.0,0,304,60.0,60.5,,0,0,1,100.0,100.0,100.0,0,0,0,1,0,0,0,1,1,1,0,0,0,0,,,,,,,,,,,,,,,,,,,,,,,,,,,False
Ty Jackson,200120,LB,FLORIDA,1,100.0,0,163,60.0,,60.0,0,0,0,,,,0,0,0,1,0,0,0,1,0,0,0,0,1,0,,,,,,,,,,,,,,,,,,,,,,,,,,,False
Keyshawn Campbell,172344,LB,TROY,1,100.0,0,318,60.0,63.8,,0,0,1,100.0,100.0,100.0,0,0,0,1,0,0,0,1,1,1,0,0,0,0,,,,,,,,,,,,,,,,,,,,,,,,,,,False
Landon Sims,200048,QB,WYOMING,1,100.0,0,351,60.0,,60.0,0,0,0,,,,0,0,0,1,0,0,0,1,0,0,0,0,1,0,,,,,,,,,,,,,,,,,,,,,,,,,,,False
TJ Thompson,172369,LB,TROY,1,100.0,0,318,60.0,63.8,,0,0,1,100.0,100.0,100.0,1,0,0,1,0,0,0,1,1,1,0,0,0,0,,,,,,,,,,,,,,,,,,,,,,,,,,,False
Brady Rhoad,200044,TE,W MICHIGAN,1,100.0,0,347,60.0,,60.0,0,0,0,,,,0,0,0,1,0,0,0,1,0,0,0,0,1,1,,,,,,,,,,,,,,,,,,,,,,,,,,,False
Colton Walls,172371,LS,TROY,1,100.0,0,318,60.0,63.8,,0,0,1,100.0,100.0,100.0,0,0,0,1,0,0,0,1,1,1,0,0,0,0,,,,,,,,,,,,,,,,,,,,,,,,,,,False
Brooks Johnson,156670,TE,FAU,1,33.3,0,165,58.9,63.9,,0,0,1,33.3,33.3,100.0,0,0,0,1,0,0,0,3,1,3,0,0,0,3,,,,,,,,,,,,,,,,,,,,,,,,,,,False
JQ Crosby,215866,TE,GA SOUTHRN,3,33.3,0,174,46.1,,42.2,0,0,0,0.0,0.0,,0,0,0,1,0,0,0,3,0,2,0,0,1,2,,,,,,,,,,,,,,,,,,,,,,,,,,,False
Micah Matthews,200028,WR,JAMES MAD,1,100.0,0,197,60.0,,60.0,0,0,0,,,,0,0,0,1,0,0,0,1,0,0,0,0,1,0,,,,,,,,,,,,,,,,,,,,,,,,,,,False
MJ Chirgwin,172374,WR,ALABAMA,1,100.0,0,103,60.0,,60.0,0,0,0,,,,0,0,0,1,0,0,0,1,0,0,0,0,1,0,,,,,,,,,,,,,,,,,,,,,,,,,,,False
Ryan Gadson,185657,CB,FIU,1,100.0,0,166,60.0,,60.0,0,0,0,,,,1,0,0,1,0,0,0,1,0,0,0,0,1,0,,,,,,,,,,,,,,,,,,,,,,,,,,,False
Preston Ward,200021,C,TEXAS ST,1,100.0,0,314,60.0,,60.0,0,0,0,,,,0,0,0,1,1,0,0,1,0,0,0,0,1,0,,,,,,,,,,,,,,,,,,,,,,,,,,,False
Cole Pryor,200017,HB,TEXAS ST,2,25.0,0,314,64.0,,60.0,0,0,0,,,,0,0,0,1,0,0,0,4,0,0,0,0,1,0,,,,,,,,,,,,,,,,,,,,,,,,,,,False
JC Hart,172449,CB,UTAH,1,100.0,0,328,60.0,,60.0,0,0,0,,,,1,0,0,1,0,0,0,1,0,0,0,0,1,0,,,,,,,,,,,,,,,,,,,,,,,,,,,False
Isaiah McMillian,215945,CB,KENTUCKY,1,100.0,1,202,60.0,,60.0,0,0,0,,,,1,0,0,1,0,0,0,1,0,0,0,0,1,0,,,,,,,,,,,,,,,,,,,,,,,,,,,False
Marco Jones,199990,ED,TEXAS A&M,1,100.0,1,312,60.0,,60.0,0,0,0,,,,1,0,0,1,0,0,0,1,0,0,0,0,1,0,,,,,,,,,,,,,,,,,,,,,,,,,,,False
Kylin Jackson,172482,CB,TCU,1,100.0,0,305,60.0,,60.0,0,0,0,,,,0,0,0,1,0,0,0,1,0,0,0,0,1,0,,,,,,,,,,,,,,,,,,,,,,,,,,,False
Oswaldo Morales,215966,HB,AIR FORCE,1,50.0,0,101,65.6,,60.0,0,0,0,,,,0,0,0,1,0,0,0,2,0,0,0,0,1,0,,,,,,,,,,,,,,,,,,,,,,,,,,,False
Luke Beard,172534,LS,SO MISS,1,100.0,0,296,60.0,63.8,,0,0,1,100.0,100.0,100.0,0,0,0,1,0,0,0,1,1,1,0,0,0,0,,,,,,,,,,,,,,,,,,,,,,,,,,,False
Kyler Farrow,199947,LS,S CAROLINA,1,100.0,0,289,60.0,69.0,,0,0,0,,100.0,,0,0,0,1,1,0,0,1,1,1,0,0,0,0,,,,,,,,,,,,,,,,,,,,,,,,,,,False
Brayshawn Littlejohn,172567,LB,FIU,1,100.0,0,166,60.0,,60.0,0,0,0,,,,0,0,0,1,0,0,0,1,0,0,0,0,1,0,,,,,,,,,,,,,,,,,,,,,,,,,,,False
Nana Boadi-Owusu,172571,ED,TEXAS A&M,1,100.0,0,312,60.0,,60.0,0,0,0,,,,0,0,0,1,0,0,0,1,0,0,0,0,1,0,,,,,,,,,,,,,,,,,,,,,,,,,,,False
Daymion Sanford,172595,LB,TEXAS A&M,1,100.0,0,312,60.0,,60.0,0,0,0,,,,0,0,0,1,0,0,0,1,0,0,0,0,1,0,,,,,,,,,,,,,,,,,,,,,,,,,,,False
David Avit,186379,HB,ARIZONA ST,1,8.3,0,110,65.5,,60.0,0,0,0,0.0,0.0,,0,0,0,1,0,0,0,12,0,7,0,0,1,0,,,,,,,,,,,,,,,,,,,,,,,,,,,False
Bryan Longwell,172620,LB,VANDERBILT,1,100.0,0,333,60.0,63.8,,0,0,1,100.0,100.0,100.0,0,0,0,1,0,0,0,1,1,1,0,0,0,0,,,,,,,,,,,,,,,,,,,,,,,,,,,False
Percy Courtney Jr.,156556,LB,FIU,1,100.0,0,166,60.0,,60.0,0,0,0,,,,0,0,0,1,0,0,0,1,0,0,0,0,1,0,,,,,,,,,,,,,,,,,,,,,,,,,,,False
Jailen Ruth,172625,S,VANDERBILT,1,100.0,0,333,60.0,63.8,,0,0,1,100.0,100.0,100.0,0,0,0,1,0,0,0,1,1,1,0,0,0,0,,,,,,,,,,,,,,,,,,,,,,,,,,,False
Keegan Wechsler,172633,C,VANDERBILT,1,100.0,0,333,60.0,63.8,,0,0,1,100.0,100.0,100.0,0,0,0,1,0,0,0,1,1,1,0,0,0,0,,,,,,,,,,,,,,,,,,,,,,,,,,,False
Ellijah Washington,199885,WR,SACRAMENTO,1,50.0,0,279,54.7,,60.0,0,0,0,,,,0,0,0,1,0,0,0,2,0,0,0,0,1,0,,,,,,,,,,,,,,,,,,,,,,,,,,,False
Cooper Crosby,216070,HB,MISS STATE,1,20.0,0,227,78.1,,60.0,0,0,0,,,,0,0,0,1,0,0,0,5,0,0,0,0,1,0,,,,,,,,,,,,,,,,,,,,,,,,,,,False
Isreal Moses V,173081,WR,KANSAS,1,100.0,0,198,60.0,,60.0,0,0,0,,,,0,0,0,1,0,0,0,1,0,0,0,0,1,0,,,,,,,,,,,,,,,,,,,,,,,,,,,False
Henry Hamlin,189839,LS,MIDDLE TN,1,100.0,0,224,60.0,,60.0,0,0,0,,,,0,0,0,1,0,0,0,1,0,0,0,0,1,0,,,,,,,,,,,,,,,,,,,,,,,,,,,False
Scrap Richardson,199835,CB,AUBURN,1,100.0,0,115,60.0,,60.0,0,0,0,,,,0,0,0,1,0,0,0,1,0,0,0,0,1,0,,,,,,,,,,,,,,,,,,,,,,,,,,,False
Jasper Scaife,216096,P,NOTRE DAME,1,100.0,0,258,60.0,,60.0,0,0,0,,,,0,0,0,1,0,0,0,1,0,0,0,0,1,0,,,,,,,,,,,,,,,,,,,,,,,,,,,False
Simon McClannan,173111,K,KANSAS ST,1,100.0,0,199,60.0,,60.0,0,0,0,,,,0,0,0,1,0,0,0,1,0,0,0,0,1,0,,,,,,,,,,,,,,,,,,,,,,,,,,,False
Hudson Hooper,173138,ED,TCU,1,100.0,0,305,60.0,,60.0,0,0,0,,,,0,0,0,1,0,0,0,1,0,0,0,0,1,0,,,,,,,,,,,,,,,,,,,,,,,,,,,False
Eric King,173275,G,TEMPLE,1,100.0,0,306,60.0,66.6,,0,0,1,100.0,100.0,100.0,0,0,0,1,0,0,0,1,1,1,1,0,0,0,,,,,,,,,,,,,,,,,,,,,,,,,,,False
Angus Davies,173294,P,CAL,1,100.0,0,130,60.0,,60.0,0,0,0,,,,0,0,0,1,0,0,0,1,0,0,0,0,1,0,,,,,,,,,,,,,,,,,,,,,,,,,,,False
Nehemiah Warmate,199712,HB,HOUSTON,1,16.7,0,182,68.6,,60.0,0,0,0,,,,0,0,0,1,0,0,0,6,0,0,0,0,1,0,,,,,,,,,,,,,,,,,,,,,,,,,,,False
Moses Walker,156507,LB,RUTGERS,1,100.0,0,278,60.0,63.8,,0,0,1,100.0,100.0,100.0,0,0,0,1,0,0,0,1,1,1,0,0,0,0,,,,,,,,,,,,,,,,,,,,,,,,,,,False
Tyler Thomas,173350,DI,KENTUCKY,1,100.0,0,202,60.0,,60.0,0,0,0,,,,0,0,0,1,0,0,0,1,0,0,0,0,1,0,,,,,,,,,,,,,,,,,,,,,,,,,,,False
Michael Sifford,216158,TE,RICE,1,100.0,0,275,60.0,,59.4,0,0,0,,,,0,0,0,1,0,0,0,1,0,0,0,0,1,1,,,,,,,,,,,,,,,,,,,,,,,,,,,False
Hector Chavez,199675,LB,FAU,1,100.0,0,165,60.0,,60.0,0,0,0,,,,0,0,0,1,0,0,0,1,0,0,0,0,1,0,,,,,,,,,,,,,,,,,,,,,,,,,,,False
Nimari Brantley,199662,DI,FAU,1,100.0,0,165,60.0,,60.0,0,0,0,,,,0,0,0,1,0,0,0,1,0,0,0,0,1,0,,,,,,,,,,,,,,,,,,,,,,,,,,,False
Morgan Tribbett,173475,LS,SMU,1,100.0,0,287,60.0,,60.0,0,0,0,,,,0,0,0,1,0,0,0,1,0,0,0,0,1,0,,,,,,,,,,,,,,,,,,,,,,,,,,,False
Will Snellings,173538,LS,GEORGIA,1,100.0,0,173,60.0,60.9,,0,0,1,100.0,100.0,100.0,0,0,0,1,0,0,0,1,1,1,0,0,0,0,,,,,,,,,,,,,,,,,,,,,,,,,,,False
Sam M'Pemba,173546,ED,TEXAS A&M,1,100.0,0,312,60.0,,60.0,0,0,0,,,,0,0,0,1,0,0,0,1,0,0,0,0,1,0,,,,,,,,,,,,,,,,,,,,,,,,,,,False
Justin Haggerty,173553,WR,MARSHALL,1,100.0,0,214,60.0,,60.0,0,0,0,,,,0,0,0,1,0,0,0,1,0,0,0,0,1,0,,,,,,,,,,,,,,,,,,,,,,,,,,,False
Quaid Carr,199514,HB,WASHINGTON,1,5.3,0,340,63.8,,60.0,0,0,0,0.0,0.0,,0,0,0,1,0,0,0,19,0,13,0,0,1,0,,,,,,,,,,,,,,,,,,,,,,,,,,,False
Cyrus Polu,199456,LB,UTAH,1,100.0,0,328,60.0,,60.0,0,0,0,,,,0,0,0,1,0,0,0,1,0,0,0,0,1,0,,,,,,,,,,,,,,,,,,,,,,,,,,,False
Nate Tilmon,199446,S,UTAH,1,100.0,0,328,60.0,,60.0,0,0,0,,,,0,0,0,1,0,0,0,1,0,0,0,0,1,0,,,,,,,,,,,,,,,,,,,,,,,,,,,False
Brandon Kubay,199437,TE,USF,1,100.0,0,327,60.0,,60.0,0,0,0,,,,0,0,0,1,0,0,0,1,0,0,0,0,1,0,,,,,,,,,,,,,,,,,,,,,,,,,,,False
Thomas Collins,173728,DI,UCF,1,100.0,0,323,60.0,,60.0,0,0,0,,,,0,0,0,1,0,0,0,1,0,0,0,0,1,0,,,,,,,,,,,,,,,,,,,,,,,,,,,False
AJ Miller,173796,DI,KENNESAW,1,100.0,0,200,60.0,,60.0,0,0,0,,,,0,0,0,1,0,0,0,1,0,0,0,0,1,1,,,,,,,,,,,,,,,,,,,,,,,,,,,False
Alex Poholik,224187,C,W MICHIGAN,1,100.0,0,347,60.0,,60.0,0,0,0,,,,0,0,0,1,1,0,0,1,0,0,0,0,1,0,,,,,,,,,,,,,,,,,,,,,,,,,,,False
Kanye Clark,173969,CB,FLORIDA,1,100.0,1,163,60.0,,60.0,0,0,0,,,,2,0,0,1,0,0,0,1,0,0,0,0,1,0,,,,,,,,,,,,,,,,,,,,,,,,,,,False
Micah Kaonohi-Kaihenui,174014,TE,HAWAII,1,100.0,0,180,60.0,63.9,,0,0,1,100.0,100.0,100.0,0,0,0,1,0,0,0,1,1,1,0,0,0,1,,,,,,,,,,,,,,,,,,,,,,,,,,,False
Andrea Parisi,199382,TE,UCF,1,100.0,0,323,60.0,,60.0,0,0,0,,,,0,0,0,1,0,0,0,1,0,0,0,0,1,1,,,,,,,,,,,,,,,,,,,,,,,,,,,False
RJ McIntosh,199379,S,TULSA,1,100.0,0,320,60.0,,60.0,0,0,0,,,,0,0,0,1,0,0,0,1,0,0,0,0,1,0,,,,,,,,,,,,,,,,,,,,,,,,,,,False
Donnie Smith,199329,ED,TROY,1,100.0,0,318,60.0,63.8,,0,0,1,100.0,100.0,100.0,0,0,0,1,0,0,0,1,1,1,0,0,0,0,,,,,,,,,,,,,,,,,,,,,,,,,,,False
James Simon,199289,HB,TEXAS,2,20.0,0,311,66.8,,60.0,0,0,0,,,,0,0,0,1,0,0,0,5,0,0,0,0,1,0,,,,,,,,,,,,,,,,,,,,,,,,,,,False
Mike Brown,216296,WR,TEXAS A&M,1,100.0,0,312,60.0,,59.9,0,0,0,,,,0,0,0,1,0,0,0,1,0,0,0,0,1,0,,,,,,,,,,,,,,,,,,,,,,,,,,,False
Elijah Barnes,199285,LB,KENTUCKY,1,100.0,0,202,60.0,,60.0,0,0,0,,,,2,0,0,1,0,0,0,1,0,0,0,0,1,0,,,,,,,,,,,,,,,,,,,,,,,,,,,False
Julius Simms,199267,CB,TCU,1,100.0,0,305,60.0,,60.0,0,0,0,,,,1,0,0,1,0,0,0,1,0,0,0,0,1,0,,,,,,,,,,,,,,,,,,,,,,,,,,,False
Davion Kerr,199228,HB,SYRACUSE,1,25.0,0,304,56.2,,60.0,0,0,0,0.0,0.0,,0,0,0,1,0,0,0,4,0,2,0,0,1,0,,,,,,,,,,,,,,,,,,,,,,,,,,,False
Shea Freibaum,174291,LS,TEXAS A&M,1,100.0,0,312,60.0,,60.0,0,0,0,,,,0,0,0,1,0,0,0,1,0,0,0,0,1,0,,,,,,,,,,,,,,,,,,,,,,,,,,,False
Miles Uter,199173,TE,SMU,1,100.0,0,287,60.0,,60.0,0,0,0,,,,0,0,0,1,0,0,0,1,0,0,0,0,1,0,,,,,,,,,,,,,,,,,,,,,,,,,,,False
Jarrett Henry,174293,G,UTSA,1,100.0,0,331,60.0,,60.0,0,0,0,,,,0,0,0,1,0,1,0,1,0,0,0,0,1,0,,,,,,,,,,,,,,,,,,,,,,,,,,,False
Daylon Singleton,199160,WR,SMU,1,33.3,0,287,57.3,,60.0,0,0,0,0.0,0.0,,0,0,0,1,0,0,0,3,0,2,0,0,1,0,,,,,,,,,,,,,,,,,,,,,,,,,,,False
Da'Vontae Floyd,189382,CB,FIU,1,100.0,1,166,60.0,,60.0,0,0,0,,,,1,0,0,1,0,0,0,1,0,0,0,0,1,0,,,,,,,,,,,,,,,,,,,,,,,,,,,False
Owen Carey,216345,K,TULSA,1,100.0,0,320,60.0,60.9,,0,0,1,100.0,100.0,100.0,0,0,0,1,0,0,0,1,1,1,0,0,0,0,,,,,,,,,,,,,,,,,,,,,,,,,,,False
Hudson Kaak,174294,P,AUBURN,1,100.0,0,115,60.0,,60.0,0,0,0,,,,0,0,0,1,0,0,0,1,0,0,0,0,1,0,,,,,,,,,,,,,,,,,,,,,,,,,,,False
Kaden Schickel,148360,LS,VANDERBILT,1,100.0,0,333,60.0,63.8,,0,0,1,100.0,100.0,100.0,0,0,0,1,0,0,0,1,1,1,0,0,0,0,,,,,,,,,,,,,,,,,,,,,,,,,,,False
Noah Taylor,174431,LB,N DAK ST,1,100.0,0,250,60.0,,60.0,0,0,0,,,,0,0,0,1,0,0,0,1,0,0,0,0,1,0,,,,,,,,,,,,,,,,,,,,,,,,,,,False
Marlon Harbin,222812,WR,LOUISVILLE,1,33.3,0,210,90.1,,60.0,0,0,0,0.0,0.0,,0,0,0,1,0,0,0,3,0,2,0,0,1,0,,,,,,,,,,,,,,,,,,,,,,,,,,,False
Nick Norris,147748,DI,OREGON ST,1,100.0,0,265,60.0,63.8,,0,0,0,,100.0,,0,0,0,1,0,0,0,1,1,1,0,0,0,0,,,,,,,,,,,,,,,,,,,,,,,,,,,False
LeDarrion Menter,199072,ED,DOMINION,1,100.0,0,263,60.0,,60.0,0,0,0,,,,0,0,0,1,0,0,0,1,0,0,0,0,1,0,,,,,,,,,,,,,,,,,,,,,,,,,,,False
Rylan Barnes,174655,FB,IOWA STATE,1,100.0,0,193,60.0,,60.0,0,0,0,,,,0,0,0,1,0,0,0,1,0,0,0,0,1,0,,,,,,,,,,,,,,,,,,,,,,,,,,,False
Travis Egan,174701,TE,LOUISVILLE,1,100.0,0,210,60.0,,60.0,0,0,0,,,,0,0,0,1,0,0,0,1,0,0,0,0,1,0,,,,,,,,,,,,,,,,,,,,,,,,,,,False
Jackson Ross,174739,P,TENNESSEE,1,100.0,0,307,60.0,,60.0,0,0,0,,,,0,0,0,1,0,0,0,1,0,0,0,0,1,0,,,,,,,,,,,,,,,,,,,,,,,,,,,False
John Slaughter,174741,S,PURDUE,2,50.0,0,273,57.5,,60.0,0,0,0,0.0,0.0,,1,0,0,1,0,0,0,2,0,1,0,0,1,0,,,,,,,,,,,,,,,,,,,,,,,,,,,False
Bowe Bentley,216931,QB,OKLAHOMA,1,33.3,0,261,30.9,,60.0,0,0,0,0.0,0.0,,0,0,0,1,0,0,0,3,0,2,0,0,1,0,,,,,,,,,,,,,,,,,,,,,,,,,,,False
Morgan Suarez,123612,K,JAMES MAD,1,100.0,0,197,60.0,63.8,,0,0,0,,100.0,,0,0,0,1,0,0,0,1,1,1,0,0,0,0,,,,,,,,,,,,,,,,,,,,,,,,,,,False
Ethan Day,174815,ED,UTAH,1,100.0,0,328,60.0,,60.0,0,0,0,,,,0,0,0,1,0,0,0,1,0,0,0,0,1,0,,,,,,,,,,,,,,,,,,,,,,,,,,,False
Javari Barnett,216947,HB,ILLINOIS,2,7.7,0,187,79.3,,60.0,0,0,0,0.0,0.0,,0,0,0,1,0,0,0,13,0,2,0,0,1,0,,,,,,,,,,,,,,,,,,,,,,,,,,,False
Carter Jackson,198922,HB,NEVADA,1,25.0,0,239,66.1,,60.0,0,0,0,,,,0,0,0,1,0,0,0,4,0,0,0,0,1,0,,,,,,,,,,,,,,,,,,,,,,,,,,,False
Jayden Williams,174835,DI,WYOMING,1,100.0,0,351,60.0,60.5,,0,0,1,100.0,100.0,100.0,1,0,0,1,0,0,0,1,1,1,0,0,0,0,,,,,,,,,,,,,,,,,,,,,,,,,,,False
Derrick Rogers,174967,CB,FAU,1,100.0,0,165,60.0,,60.0,0,0,0,,,,2,0,0,1,0,0,0,1,0,0,0,0,1,0,,,,,,,,,,,,,,,,,,,,,,,,,,,False
Ty Bryant,175140,S,KENTUCKY,1,100.0,0,202,60.0,,60.0,0,0,0,,,,0,0,0,1,0,0,0,1,0,0,0,0,1,0,,,,,,,,,,,,,,,,,,,,,,,,,,,False
Grant Godfrey,175148,LB,KENTUCKY,1,100.0,0,202,60.0,,60.0,0,0,0,,,,0,0,0,1,0,0,0,1,0,0,0,0,1,0,,,,,,,,,,,,,,,,,,,,,,,,,,,False
Diego Blattler,198817,T,MIDDLE TN,1,100.0,0,224,60.0,,60.0,0,0,0,,,,0,0,0,1,0,0,0,1,0,0,0,0,1,0,,,,,,,,,,,,,,,,,,,,,,,,,,,False
Donovan Johnson,198791,HB,MICHIGAN,1,50.0,0,222,58.1,,60.0,0,0,0,,,,0,0,0,1,0,0,0,2,0,0,0,0,1,0,,,,,,,,,,,,,,,,,,,,,,,,,,,False
Chad Alexander,175356,WR,GA TECH,3,11.1,0,176,57.3,,60.0,0,0,0,0.0,0.0,,0,0,0,1,0,0,0,9,0,4,0,0,1,0,,,,,,,,,,,,,,,,,,,,,,,,,,,False
Anthony Quinn Jr.,198718,HB,MARSHALL,1,25.0,0,214,34.8,,60.0,0,0,0,0.0,0.0,,0,0,0,1,0,0,0,4,0,2,0,0,1,0,,,,,,,,,,,,,,,,,,,,,,,,,,,False
Gus Goodell,145791,LS,KENT STATE,1,100.0,0,201,60.0,,60.0,0,0,0,,,,0,0,0,1,0,0,0,1,0,0,0,0,1,0,,,,,,,,,,,,,,,,,,,,,,,,,,,False
Jake Allen,217043,C,CHARLOTTE,1,100.0,0,136,60.0,,60.0,0,0,0,,,,0,0,0,1,0,0,0,1,0,0,0,0,1,0,,,,,,,,,,,,,,,,,,,,,,,,,,,False
Charles Correa,188483,LB,PURDUE,2,50.0,0,273,57.7,,60.0,0,0,0,0.0,0.0,,1,0,0,1,0,0,0,2,0,1,0,0,1,0,,,,,,,,,,,,,,,,,,,,,,,,,,,False
Eric Hazzard,198703,ED,LOUISVILLE,1,100.0,0,210,60.0,,60.0,0,0,0,,,,0,0,0,1,0,0,0,1,0,0,0,0,1,0,,,,,,,,,,,,,,,,,,,,,,,,,,,False
Cam White,198697,LB,LOUISVILLE,1,100.0,0,210,60.0,,60.0,0,0,0,,,,0,0,0,1,0,0,0,1,0,0,0,0,1,0,,,,,,,,,,,,,,,,,,,,,,,,,,,False
Jacob Brandl,175478,G,NEBRASKA,1,100.0,0,238,60.0,69.8,,0,0,1,100.0,100.0,100.0,0,0,0,1,0,1,0,1,1,1,0,0,0,0,,,,,,,,,,,,,,,,,,,,,,,,,,,False
