player,player_id,position,team_name,player_game_count,avg_depth_of_target,avoided_tackles,caught_percent,contested_catch_rate,contested_receptions,contested_targets,declined_penalties,drop_rate,drops,epa,first_downs,franchise_id,fumbles,grades_hands_drop,grades_hands_fumble,grades_offense,grades_pass_block,grades_pass_route,inline_rate,inline_snaps,interceptions,longest,pass_block_rate,pass_blocks,pass_plays,penalties,positive_epa_percent,receptions,route_rate,routes,slot_rate,slot_snaps,targeted_qb_rating,targets,touchdowns,wide_rate,wide_snaps,yards,yards_after_catch,yards_after_catch_per_reception,yards_per_reception,yprr,rank_player_game_count,rank_avg_depth_of_target,rank_avoided_tackles,rank_caught_percent,rank_contested_catch_rate,rank_contested_receptions,rank_contested_targets,rank_declined_penalties,rank_drop_rate,rank_drops,rank_epa,rank_first_downs,rank_fumbles,rank_grades_hands_drop,rank_grades_hands_fumble,rank_grades_offense,rank_grades_pass_block,rank_grades_pass_route,rank_inline_rate,rank_inline_snaps,rank_interceptions,rank_longest,rank_pass_block_rate,rank_pass_blocks,rank_pass_plays,rank_penalties,rank_positive_epa_percent,rank_receptions,rank_route_rate,rank_routes,rank_slot_rate,rank_slot_snaps,rank_targeted_qb_rating,rank_targets,rank_touchdowns,rank_wide_rate,rank_wide_snaps,rank_yards,rank_yards_after_catch,rank_yards_after_catch_per_reception,rank_yards_per_reception,rank_yprr,meets_min_sample
KJ Duff,184654,WR,RUTGERS,4,15.3,2,59.2,53.3,8,15,0,3.3,1,0.11,25,278,0,80.0,71.6,85.4,,85.1,0.0,0,3,78,0.0,0,140,1,47.4,29,95.0,133,8.6,12,112.2,49,7,91.4,128,550,179,6.2,19.0,4.14,38,143,162,515,226,1,1,1,446,447,383,2,1,142,112,18,,17,113,113,761,6,76,76,38,526,357,11,305,32,640,425,268,1,1,121,15,4,18,215,98,32,True
Gavin Freeman,158078,WR,BAYLOR,4,9.3,11,72.9,83.3,5,6,0,0.0,0,0.04,19,118,0,90.3,72.3,76.2,,80.5,0.0,0,2,32,0.0,0,157,4,44.1,35,92.4,145,96.8,152,91.0,48,2,2.5,4,364,172,4.9,10.4,2.51,38,527,5,252,148,6,33,1,1,1,475,7,1,1,92,81,,40,113,113,722,340,76,76,11,768,490,1,563,16,23,3,443,2,71,748,683,22,20,324,526,173,True
Chris Durr Jr.,184950,WR,MARYLAND,4,6.8,13,72.9,50.0,2,4,0,2.8,1,0.03,17,215,1,83.1,37.8,77.0,,75.4,0.0,0,0,24,0.0,0,147,0,47.2,35,96.6,142,88.4,130,110.8,48,3,11.6,17,312,192,5.5,8.9,2.2,38,653,2,252,228,90,104,1,442,447,490,17,716,64,713,70,,92,113,113,1,463,76,76,21,1,367,1,183,19,103,6,276,2,35,653,504,39,14,259,616,235,True
Jeremiah Smith,183710,WR,OHIO STATE,4,15.9,3,70.2,58.3,7,12,0,2.9,1,0.57,31,260,0,82.0,72.5,94.2,,93.7,0.0,0,1,72,0.0,0,114,0,61.6,33,98.2,112,11.4,13,143.4,47,7,88.6,101,617,156,4.7,18.7,5.51,38,124,104,296,218,4,3,1,443,447,48,1,1,89,88,1,,1,113,113,554,25,76,76,122,1,55,4,93,109,575,402,90,4,1,185,67,1,30,347,110,11,True
Matt Coleman,157831,WR,SACRAMENTO,5,11.4,0,57.8,50.0,2,4,0,0.0,0,-0.17,17,279,0,88.3,77.5,74.3,,74.4,0.5,1,4,63,0.0,0,186,0,45.1,26,94.1,175,94.1,175,69.6,45,3,5.4,10,369,108,4.2,14.2,2.11,1,366,492,533,228,90,104,1,1,1,648,17,1,7,30,112,,114,112,40,767,52,76,76,1,1,455,19,406,1,41,1,599,5,35,724,595,19,77,398,298,258,True
Chance Morrow,156320,WR,BUFFALO,4,12.8,2,56.8,53.3,8,15,1,13.8,4,-0.2,21,126,0,52.4,71.2,73.0,,74.3,1.3,2,1,57,0.0,0,160,1,34.7,25,91.9,147,6.9,11,108.9,44,6,91.9,147,310,75,3.0,12.4,2.11,38,268,162,550,226,1,1,744,606,758,669,5,1,617,123,131,,118,65,23,554,78,76,76,8,526,713,23,604,10,674,441,296,6,4,108,3,40,155,515,390,258,True
DeAree Rogers,199830,WR,N ILLINOIS,4,6.8,5,72.1,33.3,1,3,0,6.1,2,-0.27,12,254,0,74.0,76.7,69.9,,69.5,0.0,0,0,25,0.0,0,146,0,40.4,31,96.6,141,96.6,141,102.1,43,2,3.4,5,252,123,4.0,8.1,1.79,38,653,36,271,354,182,160,1,486,662,703,61,1,335,38,208,,219,113,113,1,446,76,76,23,1,602,6,183,22,24,4,346,7,71,741,664,84,60,415,657,337,True
Kelby Valsin,173653,WR,FAU,4,10.1,5,76.2,63.6,7,11,0,3.0,1,0.21,17,165,1,73.4,34.1,70.7,,71.5,0.6,1,2,36,0.0,0,176,1,48.2,32,94.3,166,16.5,29,99.0,42,2,83.0,146,377,102,3.2,11.8,2.27,38,471,36,173,199,4,4,1,444,447,294,17,716,339,718,187,,167,110,40,722,280,76,76,3,526,330,5,381,3,482,228,368,8,71,289,4,15,91,503,428,219,True
Onterrio Smith Jr.,170782,WR,SACRAMENTO,5,11.4,2,53.7,50.0,3,6,0,8.3,2,-0.24,11,279,0,67.6,70.9,69.2,61.0,70.0,0.0,0,1,36,0.5,1,186,2,43.1,22,93.0,173,1.6,3,69.2,41,1,98.4,183,240,88,4.0,10.9,1.39,1,366,162,586,228,39,33,1,530,662,687,78,1,486,134,224,60,202,113,113,554,280,75,16,1,719,530,40,522,2,748,658,600,9,173,21,1,94,119,415,489,471,True
Chris Marshall,158659,WR,ARKANSAS,4,13.1,7,72.5,57.1,4,7,0,3.3,1,-0.01,19,111,0,80.1,71.6,78.8,,78.6,0.0,0,0,50,0.0,0,175,1,45.3,29,92.0,161,7.4,13,120.9,40,1,92.6,162,481,181,6.2,16.6,2.99,38,253,12,267,219,14,18,1,446,447,537,7,1,124,112,49,,56,113,113,1,128,76,76,4,526,447,11,590,5,667,402,198,10,173,97,2,6,16,215,178,110,True
Collin Dixon,175954,WR,ILLINOIS,4,12.7,5,75.0,50.0,3,6,0,0.0,0,0.31,21,187,0,89.5,71.9,87.6,,87.2,0.0,0,2,45,0.0,0,142,0,58.5,30,91.5,130,12.7,18,128.1,40,7,87.3,124,430,100,3.3,14.3,3.31,38,277,36,182,228,39,33,1,1,1,201,5,1,3,100,11,,10,113,113,722,166,76,76,31,1,97,7,633,40,548,326,164,10,1,212,22,7,95,495,289,78,True
Jonathan Stafford Jr.,215061,WR,W KENTUCKY,5,3.9,5,75.0,66.7,2,3,0,6.3,2,-0.08,12,346,0,72.1,79.8,73.9,45.4,73.2,1.3,2,0,36,0.6,1,156,0,40.3,30,98.1,153,82.7,129,91.0,40,0,12.8,20,254,156,5.2,8.5,1.66,1,727,36,182,169,90,160,1,487,662,590,61,1,400,7,120,74,135,65,23,1,280,73,16,12,1,607,7,96,7,148,7,443,10,397,643,468,82,30,289,640,375,True
TK King,157338,WR,NEW MEX ST,5,19.4,0,51.3,40.0,2,5,1,4.8,1,-0.23,9,242,0,74.4,77.1,70.2,,73.3,0.0,0,2,46,0.0,0,123,2,33.6,20,94.3,116,17.9,22,79.6,39,3,82.1,101,286,59,3.0,14.3,2.47,1,42,492,601,345,90,69,744,463,447,683,120,1,328,33,202,,132,113,113,722,160,76,76,94,719,723,55,381,94,457,280,524,13,35,306,67,53,211,515,289,185,True
Jaden Barnes,173738,WR,CHARLOTTE,4,8.4,2,66.7,0.0,0,2,0,0.0,0,-0.2,8,136,1,88.3,29.9,66.9,,67.9,0.0,0,4,37,0.0,0,134,1,39.2,26,93.3,125,73.1,98,45.0,39,0,26.9,36,252,135,5.2,9.7,2.02,38,593,162,330,435,435,242,1,1,1,669,158,716,7,720,282,,270,113,113,767,273,76,76,51,526,629,19,488,53,200,34,697,13,397,567,368,84,50,289,580,278,True
Cam'ron Lacy,170486,WR,MIDDLE TN,4,7.3,14,74.4,33.3,1,3,0,3.3,1,0.04,18,224,0,80.5,75.2,83.5,,84.0,2.4,3,0,26,0.0,0,123,0,43.7,29,96.7,119,87.8,108,131.0,39,4,7.3,9,307,196,6.8,10.6,2.58,38,635,1,235,354,182,160,1,446,447,475,11,1,123,62,24,,22,38,14,1,430,76,76,94,1,513,11,176,81,107,20,152,13,12,698,608,41,12,171,514,160,True
Carlos Hernandez,174167,WR,WAKE,4,9.2,12,76.9,0.0,0,1,0,3.2,1,0.37,19,339,1,80.9,43.1,81.9,,84.2,1.6,2,0,78,0.0,0,129,2,50.0,30,93.0,120,63.6,82,143.9,39,3,34.9,45,516,315,10.5,17.2,4.3,38,536,4,157,435,435,394,1,445,447,158,7,716,105,708,30,,20,56,23,1,6,76,76,66,719,254,7,522,78,218,66,85,13,35,550,316,5,1,54,158,28,True
Anthony Evans III,173530,WR,MISS STATE,4,9.1,8,73.7,25.0,1,4,0,3.4,1,0.47,18,227,0,80.0,76.1,78.4,,82.1,3.4,5,2,48,0.0,0,147,2,53.7,28,91.2,134,85.0,125,112.6,38,3,9.5,14,408,197,7.0,14.6,3.04,38,546,8,238,406,182,104,1,449,447,95,11,1,142,46,52,,30,27,3,722,142,76,76,21,719,172,14,649,31,127,9,261,17,35,679,542,10,11,157,272,106,True
Tyrell Henry,158385,WR,WISCONSIN,4,7.3,6,64.9,50.0,1,2,0,7.7,2,0.03,13,349,0,68.4,45.4,83.5,,83.1,2.1,2,1,51,0.0,0,96,0,46.8,24,97.9,94,88.5,85,79.4,37,0,9.4,9,307,148,6.2,12.8,3.27,38,635,22,420,228,182,242,1,516,662,490,50,1,481,705,24,,24,44,23,554,120,76,76,216,1,384,28,110,188,102,57,527,18,397,681,608,41,36,215,371,81,True
Dezmen Roebuck,199530,WR,WASHINGTON,4,4.3,5,81.1,100.0,1,1,0,9.1,3,0.12,15,340,0,64.3,71.7,76.1,,74.9,0.0,0,0,43,0.0,0,146,0,52.1,30,97.3,142,78.1,114,109.9,37,1,20.5,30,304,235,7.8,10.1,2.14,38,721,36,111,1,182,394,1,536,734,370,30,1,533,106,84,,101,113,113,1,192,76,76,23,1,212,7,140,19,177,17,286,18,173,592,401,44,3,116,550,251,True
Eli Wood,156382,WR,UTAH ST,4,11.8,3,62.2,80.0,8,10,0,0.0,0,-0.13,18,329,0,87.0,70.7,78.5,61.0,78.9,0.0,0,2,25,0.7,1,144,1,41.4,23,91.7,132,34.0,49,90.6,37,3,66.0,95,286,56,2.4,12.4,2.17,38,340,104,457,150,1,7,1,1,1,619,11,1,14,140,50,60,53,113,113,722,446,69,16,27,526,579,36,618,36,303,143,451,18,35,462,80,53,228,604,390,244,True
Malachi Toney,200155,WR,MIAMI FL,4,10.3,8,91.9,100.0,2,2,0,0.0,0,0.87,25,220,0,90.3,78.2,93.2,,92.8,0.0,0,0,52,0.0,0,111,1,75.7,34,92.8,103,81.1,90,158.3,37,6,18.9,21,564,243,7.1,16.6,5.48,38,453,8,54,1,90,242,1,1,1,6,2,1,1,25,2,,2,113,113,1,111,76,76,130,526,4,3,544,137,160,45,1,18,4,601,459,3,2,153,178,12,True
Jesse Legree,216151,WR,OREGON ST,4,21.4,7,62.2,33.3,3,9,0,0.0,0,0.34,22,265,0,87.0,70.7,86.2,,89.0,0.7,1,1,75,0.0,0,143,1,48.1,23,93.0,133,47.6,68,134.3,37,6,49.7,71,585,201,8.7,25.4,4.4,38,23,12,457,354,39,9,1,1,1,179,4,1,14,140,13,,7,106,40,554,13,76,76,28,526,333,36,522,32,252,93,129,18,4,519,176,2,9,82,26,20,True
Tony Diaz,209024,WR,IOWA,4,13.4,1,54.1,42.9,3,7,0,13.0,3,0.17,13,192,0,53.5,71.3,69.7,,67.4,0.0,0,0,56,0.0,0,114,2,46.8,20,95.6,109,28.9,33,84.0,37,1,71.1,81,247,106,5.3,12.4,2.27,38,238,293,580,340,39,18,1,601,734,322,50,1,604,121,213,,281,113,113,1,86,76,76,122,719,384,55,266,120,334,203,499,18,173,433,127,88,82,277,390,219,True
Easton Messer,163051,WR,FAU,4,8.6,6,73.0,33.3,2,6,0,0.0,0,0.17,17,165,0,89.2,42.9,71.8,,73.4,0.0,0,0,76,0.0,0,174,0,47.3,27,94.3,164,94.3,164,120.9,37,2,5.7,10,355,189,7.0,13.1,2.16,38,579,22,251,354,90,33,1,1,1,322,17,1,4,709,154,,131,113,113,1,11,76,76,5,1,365,16,381,4,38,2,198,18,71,717,595,23,15,157,355,247,True
Maguire Anderson,147504,WR,FIU,4,12.5,3,64.9,60.0,3,5,0,4.0,1,0.0,16,166,0,77.2,77.4,79.3,,79.6,0.0,0,1,45,0.0,0,126,0,46.6,24,93.7,118,39.7,50,106.0,37,2,60.3,76,383,122,5.1,16.0,3.25,38,286,104,420,203,39,69,1,452,447,525,23,1,226,31,45,,44,113,113,554,166,76,76,78,1,397,28,459,86,272,140,314,18,71,494,145,13,63,296,206,83,True
Luke Reynolds,183611,TE,VA TECH,4,5.3,4,83.3,60.0,3,5,0,0.0,0,0.34,14,337,1,89.2,72.5,88.2,75.1,87.1,49.2,58,0,25,4.2,5,118,0,50.5,30,90.7,107,44.9,53,136.8,36,4,5.1,6,286,143,4.8,9.5,2.67,17,198,8,75,68,3,5,1,1,1,75,1,277,1,5,4,30,5,185,38,1,92,270,219,19,1,114,1,25,10,64,19,48,1,1,159,76,2,4,128,150,30,True
Carson Clark,215653,WR,S JOSE ST,4,11.2,3,68.6,40.0,2,5,0,7.7,2,0.11,11,285,0,67.7,70.9,68.2,,69.0,0.8,1,2,42,0.0,0,126,0,47.1,24,96.0,121,93.7,118,92.6,35,3,5.6,7,240,59,2.5,10.0,1.98,38,382,104,321,345,90,69,1,516,662,383,78,1,485,134,250,,235,99,40,722,206,76,76,78,1,372,28,225,69,44,14,431,26,35,720,636,94,211,588,556,287,True
Que'Sean Brown,170041,WR,VA TECH,4,6.0,6,76.5,50.0,1,2,0,7.1,2,0.3,10,337,0,70.7,79.2,70.6,,70.6,1.0,1,0,51,0.0,0,105,0,49.0,26,91.4,96,53.3,56,103.1,34,1,44.8,47,224,219,8.4,8.6,2.33,38,676,22,165,228,182,242,1,504,662,215,99,1,415,14,190,,186,82,40,1,120,76,76,159,1,309,19,641,179,238,122,339,27,173,529,295,118,5,97,635,211,True
Joseph Williams,190753,WR,COLORADO,4,9.6,6,61.8,16.7,1,6,1,4.5,1,0.08,16,143,0,75.4,70.5,81.7,63.9,81.6,0.0,0,2,63,0.8,1,118,1,42.9,21,92.4,109,22.9,27,111.6,34,4,75.4,89,354,195,9.3,16.9,3.25,38,506,22,463,426,182,33,744,461,447,415,23,1,279,152,32,26,34,113,113,722,52,59,16,112,526,534,49,563,120,389,237,270,27,12,398,99,25,13,66,169,83,True
Keshaun Singleton,175325,WR,AUBURN,4,11.9,3,64.7,57.1,4,7,0,8.3,2,0.04,15,115,0,65.7,70.6,68.4,,67.5,0.6,1,0,48,0.0,0,155,0,45.6,22,94.8,147,11.0,17,98.7,34,1,88.4,137,268,56,2.5,12.2,1.82,38,333,104,422,219,14,18,1,530,662,475,30,1,524,143,246,,278,110,40,1,142,76,76,16,1,427,40,324,10,589,340,373,27,173,187,7,71,228,588,406,332,True
Tama Uiliata,184180,WR,HAWAII,4,8.1,3,73.5,100.0,1,1,0,0.0,0,0.01,15,180,0,88.0,78.4,78.0,,74.2,0.0,0,0,22,0.0,0,125,0,48.4,25,96.8,121,84.8,106,99.0,34,1,14.4,18,211,68,2.7,8.4,1.74,38,604,104,242,1,182,394,1,1,1,515,30,1,11,23,55,,119,113,113,1,496,76,76,86,1,325,23,169,69,132,23,368,27,173,629,494,132,181,569,646,353,True
Cayden Lee,172521,WR,MISSOURI,4,12.1,2,76.5,50.0,1,2,0,0.0,0,0.41,18,229,0,88.3,71.3,87.8,,88.6,0.0,0,0,47,0.0,0,106,0,49.5,26,97.2,103,84.9,90,154.8,34,4,13.2,14,406,125,4.8,15.6,3.94,38,314,162,165,228,182,242,1,1,1,127,11,1,7,121,9,,8,113,113,1,151,76,76,155,1,297,19,148,137,129,45,42,27,12,641,542,11,59,332,221,43,True
Oran Singleton Jr.,145589,WR,TULSA,5,11.2,5,73.5,66.7,2,3,0,3.8,1,0.05,14,320,0,78.9,78.8,66.4,,68.5,0.0,0,0,56,0.0,0,158,0,42.6,25,92.4,146,74.1,117,119.7,34,2,24.1,38,300,167,6.7,12.0,2.05,1,382,36,242,169,90,160,1,451,447,461,40,1,170,19,305,,250,113,113,1,86,76,76,9,1,544,23,563,14,199,15,201,27,71,575,354,47,23,175,416,274,True
Amare Thomas,173349,WR,HOUSTON,4,8.0,4,69.7,66.7,2,3,0,4.2,1,0.48,19,182,0,76.5,71.0,79.9,,82.5,0.0,0,1,37,0.0,0,120,0,57.5,23,94.2,113,74.2,89,123.4,33,4,25.0,30,287,149,6.5,12.5,2.54,38,609,68,306,169,90,160,1,453,447,89,7,1,227,131,41,,28,113,113,554,273,76,76,104,1,107,36,398,103,198,48,184,33,12,569,401,52,35,188,383,167,True
Omarion Miller,171901,WR,ARIZONA ST,3,3.9,4,60.6,0.0,0,5,0,9.1,2,0.04,6,110,1,63.8,26.3,62.0,,60.7,0.0,0,1,25,0.0,0,91,0,45.5,20,96.7,88,81.3,74,68.2,33,1,17.6,16,144,154,7.7,7.2,1.64,572,727,68,474,435,435,69,1,536,662,475,237,716,534,726,461,,498,113,113,554,446,76,76,243,1,434,55,176,229,159,77,607,33,173,609,515,245,34,123,690,381,True
Kayden Dixon-Wyatt,214658,WR,USC,5,12.8,4,75.8,62.5,5,8,0,0.0,0,0.59,18,326,1,88.3,29.4,78.9,,79.4,0.8,1,0,32,0.0,0,125,1,60.3,25,96.8,121,12.0,15,142.5,33,3,87.2,109,372,117,4.7,14.9,3.07,1,268,68,181,200,6,11,1,1,1,40,11,716,7,721,48,,47,99,40,1,340,76,76,86,526,69,23,169,69,564,373,92,33,35,214,45,17,70,347,254,99,True
Mario Craver,184754,WR,TEXAS A&M,4,9.2,8,66.7,33.3,2,6,0,0.0,0,0.08,12,312,0,87.0,76.1,73.3,,72.4,0.0,0,1,33,0.0,0,129,0,43.0,22,93.8,121,79.8,103,93.6,33,2,20.2,26,225,145,6.6,10.2,1.86,38,536,8,330,354,90,33,1,1,1,415,61,1,14,46,128,,150,113,113,554,324,76,76,66,1,533,40,437,69,171,26,425,33,71,595,428,116,37,185,541,321,True
Josh Dallas,158343,WR,GA SOUTHRN,4,3.3,5,84.8,25.0,1,4,0,0.0,0,0.06,6,174,0,89.2,74.2,68.7,71.7,68.0,3.2,4,0,29,2.4,3,125,1,48.7,28,91.2,114,82.4,103,89.4,33,0,11.2,14,180,162,5.8,6.4,1.58,38,733,36,84,406,182,104,1,1,1,444,237,1,4,73,240,5,267,30,6,1,380,14,1,86,526,320,14,649,100,150,26,465,33,397,654,542,176,24,239,712,404,True
Chase Hendricks,171348,WR,CAL,4,8.8,4,72.7,66.7,2,3,0,7.7,2,-0.02,11,130,0,68.4,71.5,67.5,61.0,66.3,0.0,0,1,31,0.6,1,158,0,42.5,24,91.8,145,35.4,56,99.6,33,2,63.3,100,232,135,5.6,9.7,1.6,38,563,68,254,169,90,160,1,516,662,547,78,1,481,117,271,60,316,113,113,554,354,73,16,9,1,549,28,609,16,296,122,364,33,71,478,72,110,50,254,580,399,True
Justin Bowick,159603,WR,OKLA STATE,4,9.4,6,60.6,50.0,3,6,0,0.0,0,0.19,14,262,0,85.9,70.2,75.2,,75.0,0.0,0,3,36,0.0,0,149,1,54.2,20,95.3,142,8.7,13,97.7,33,4,91.3,136,344,162,8.1,17.2,2.42,38,519,22,474,228,39,33,1,1,1,313,40,1,23,171,93,,99,113,113,761,280,76,76,20,526,162,55,282,19,635,402,387,33,12,124,8,27,24,109,158,195,True
Andrew Marsh,198804,WR,MICHIGAN,4,9.2,4,68.8,57.1,4,7,0,4.3,1,0.25,14,222,0,76.1,78.4,74.2,,75.2,0.0,0,1,34,0.0,0,103,1,47.4,22,94.2,97,30.1,31,87.9,32,1,69.9,72,239,142,6.5,10.9,2.46,38,536,68,318,219,14,18,1,455,447,255,40,1,274,23,114,,97,113,113,554,314,76,76,172,526,357,40,398,174,329,218,473,40,173,439,165,99,39,188,489,188,True
Junior Sherrill,172627,WR,VANDERBILT,4,16.8,2,65.6,50.0,3,6,0,16.0,4,0.15,12,333,0,36.8,71.7,70.1,,69.4,0.0,0,1,43,0.0,0,142,0,49.2,21,93.0,132,21.8,31,112.4,32,2,78.2,111,367,77,3.7,17.5,2.78,38,98,162,414,228,39,33,1,635,758,339,61,1,714,106,204,,222,113,113,554,192,76,76,31,1,304,49,522,36,407,218,266,40,71,358,42,21,146,460,143,132,True
Deuce Alexander,176077,WR,OLE MISS,4,11.2,3,84.4,50.0,1,2,0,0.0,0,0.13,17,226,0,88.6,75.8,78.5,,80.2,0.0,0,1,62,0.0,0,143,1,46.7,27,94.4,135,14.0,20,145.3,32,4,86.0,123,429,132,4.9,15.9,3.18,38,382,104,88,228,182,242,1,1,1,359,17,1,6,57,50,,42,113,113,554,57,76,76,28,526,388,16,364,29,527,306,80,40,12,237,26,8,55,324,212,88,True
Yamir Knight,172250,WR,SMU,4,7.7,2,84.4,0.0,0,3,0,3.6,1,0.51,14,287,1,78.9,49.9,75.0,,74.8,0.0,0,2,33,0.0,0,109,0,59.8,27,93.6,102,91.7,100,106.4,32,2,7.3,8,345,201,7.4,12.8,3.38,38,622,162,88,435,435,160,1,450,447,76,40,716,170,703,102,,105,113,113,722,324,76,76,138,1,78,16,463,143,66,30,307,40,71,698,623,26,9,135,371,71,True
Chas Nimrod,157617,WR,AUBURN,4,8.7,0,68.8,80.0,4,5,0,4.3,1,0.04,9,115,0,75.9,70.6,60.3,,60.7,1.3,2,2,35,0.0,0,155,0,45.6,22,94.8,147,51.6,80,85.4,32,2,46.5,72,240,105,4.8,10.9,1.63,38,571,492,318,150,14,69,1,455,447,475,120,1,276,143,518,,498,65,23,722,298,76,76,16,1,427,40,324,10,243,68,490,40,71,526,165,94,84,332,489,386,True
Asaad Waseem,171909,WR,PURDUE,4,11.2,6,75.0,33.3,1,3,0,0.0,0,0.11,15,273,1,87.4,28.1,83.4,,82.9,0.0,0,1,37,0.0,0,96,0,51.1,24,95.8,92,92.7,89,108.2,32,1,7.3,7,355,132,5.5,14.8,3.86,38,382,22,182,354,182,160,1,1,1,383,30,716,13,723,26,,27,113,113,554,273,76,76,216,1,236,28,240,202,53,48,298,40,173,698,636,23,55,259,259,49,True
Noah Jennings,178610,WR,MINNESOTA,4,12.4,3,59.4,75.0,3,4,0,5.0,1,0.14,14,225,0,73.6,70.1,73.7,,73.7,0.0,0,0,34,0.0,0,127,0,49.2,19,96.1,122,12.6,16,97.8,32,1,87.4,111,275,77,4.1,14.5,2.25,38,296,104,512,157,39,104,1,469,447,347,40,1,336,179,124,,127,113,113,1,314,76,76,72,1,304,71,216,66,550,354,386,40,173,211,42,65,146,407,278,223,True
Benson Prosper,198369,WR,E MICHIGAN,5,10.2,3,65.6,50.0,3,6,0,0.0,0,-0.28,9,160,0,86.3,71.7,66.7,,67.7,0.0,0,0,26,0.0,0,140,0,40.2,21,94.3,132,95.0,133,95.8,32,1,5.0,7,220,97,4.6,10.5,1.67,1,463,104,414,228,39,33,1,1,1,704,120,1,17,106,292,,273,113,113,1,430,76,76,38,1,609,49,381,36,34,5,409,40,173,726,636,122,102,362,520,372,True
Brendan Jenkins,177870,WR,S ALABAMA,4,12.1,2,56.3,62.5,5,8,0,0.0,0,0.18,13,288,0,85.1,70.2,67.0,,69.6,0.0,0,0,26,0.0,0,141,0,48.9,18,92.9,131,19.9,28,100.5,32,2,80.1,113,236,50,2.8,13.1,1.8,38,314,162,551,200,6,11,1,1,1,318,50,1,31,171,280,,214,113,113,1,430,76,76,35,1,312,83,531,39,433,231,360,40,71,328,39,104,251,552,355,336,True
Grady O'Neill,170328,WR,SM HOUSTON,4,6.3,3,71.0,40.0,2,5,0,4.3,1,0.07,11,281,0,76.5,70.7,67.9,63.9,69.4,0.0,0,2,37,0.8,1,131,0,45.2,22,93.9,123,97.7,128,84.9,31,2,0.8,1,216,93,4.2,9.8,1.76,38,667,104,292,345,90,69,1,455,447,430,78,1,227,140,259,26,222,113,113,722,273,59,16,58,1,449,40,425,61,14,8,494,49,71,755,747,125,106,398,572,347,True
Corri Milliner,173337,WR,N TEXAS,5,13.8,2,64.5,57.1,4,7,0,4.8,1,0.4,16,251,0,74.4,71.6,71.7,,75.6,0.0,0,1,36,0.0,0,126,1,53.7,20,96.0,121,22.2,28,96.8,31,1,77.8,98,325,101,5.1,16.3,2.69,1,213,162,428,219,14,18,1,463,447,138,23,1,328,112,159,,88,113,113,554,280,76,76,78,526,172,55,225,69,400,231,395,49,173,362,75,35,93,296,194,140,True
Riley Neer,188469,WR,OHIO,4,9.5,3,67.7,100.0,2,2,0,4.5,1,0.25,17,259,0,75.4,70.4,78.1,67.7,78.4,0.0,0,1,68,0.8,1,126,0,49.2,21,94.4,119,84.9,107,127.2,31,4,14.3,18,316,140,6.7,15.0,2.66,38,512,104,328,1,90,242,1,461,447,255,17,1,279,155,54,12,59,113,113,554,37,59,16,78,1,304,49,364,81,129,21,170,49,12,630,494,37,44,175,245,146,True
T.J. Moore,189369,WR,CLEMSON,4,11.7,4,67.7,0.0,0,2,0,0.0,0,-0.36,8,140,0,86.3,70.4,65.4,,64.5,0.0,0,1,45,0.0,0,135,0,34.7,21,91.9,124,13.3,18,82.1,31,1,86.7,117,195,111,5.3,9.3,1.57,38,348,68,328,435,435,242,1,1,1,730,158,1,17,155,342,,373,113,113,554,166,76,76,48,1,713,49,604,58,538,326,512,49,173,224,33,149,75,277,597,407,True
Ian Strong,170319,WR,CAL,4,14.6,7,51.6,40.0,4,10,0,11.1,2,0.01,9,130,0,49.2,69.7,62.5,,63.0,0.0,0,2,49,0.0,0,164,3,42.1,16,92.7,152,26.2,43,52.4,31,0,73.8,121,254,65,4.1,15.9,1.67,38,172,12,600,345,14,7,1,563,662,515,120,1,645,206,442,,420,113,113,722,133,76,76,7,760,555,105,547,8,350,165,671,49,397,416,28,82,190,407,212,372,True
Mario Sanders,183512,WR,SO MISS,4,5.6,13,66.7,33.3,1,3,0,13.0,3,-0.19,11,296,0,53.7,70.2,70.5,,73.1,0.0,0,2,56,0.0,0,135,1,42.1,20,93.3,126,88.9,120,105.1,30,3,11.1,15,302,228,11.4,15.1,2.4,38,691,2,330,354,182,160,1,601,734,661,78,1,602,171,194,,136,113,113,722,86,76,76,48,526,555,55,488,49,94,12,322,54,35,656,526,45,4,44,239,198,True
Donovan Olugbode,198878,WR,MISSOURI,4,10.6,1,70.0,60.0,3,5,0,12.5,3,0.26,15,229,1,54.9,27.2,70.4,,72.2,0.9,1,0,65,0.0,0,107,2,44.7,21,95.3,102,15.0,16,144.7,30,5,84.1,90,322,113,5.4,15.3,3.16,38,437,293,297,203,39,69,1,581,734,246,30,716,597,724,198,,154,93,40,1,44,76,76,147,719,473,49,282,143,509,354,81,54,8,267,95,36,73,267,233,91,True
Ed Small,199243,WR,TCU,4,11.1,4,80.0,75.0,3,4,0,14.3,4,0.28,15,305,1,50.0,39.8,68.3,,67.2,0.7,1,0,57,0.0,0,137,0,47.8,24,99.3,136,87.6,120,128.9,30,1,11.7,16,368,104,4.3,15.3,2.71,38,392,68,112,157,39,104,1,607,758,236,30,716,630,711,248,,285,106,40,1,78,76,76,45,1,340,28,76,28,110,12,161,54,173,652,515,20,86,384,233,138,True
JJ Buchanan,204415,WR,MICHIGAN,4,16.4,4,66.7,50.0,3,6,0,0.0,0,0.23,16,222,0,86.3,70.4,87.5,,89.3,0.0,0,0,49,0.0,0,106,1,47.0,20,94.3,100,60.4,64,149.3,30,4,37.7,40,396,90,4.5,19.8,3.96,38,109,68,330,228,39,33,1,1,1,275,23,1,17,155,12,,6,113,113,1,133,76,76,155,526,379,55,381,154,225,100,63,54,12,543,340,12,113,367,80,42,True
Dominique Henry,163249,WR,FAU,4,9.9,5,76.7,50.0,1,2,0,4.2,1,0.26,9,165,0,77.4,71.2,65.4,,66.9,0.0,0,0,36,0.0,0,156,1,50.0,23,93.6,146,20.5,32,131.8,30,3,79.5,124,234,77,3.3,10.2,1.6,38,492,36,164,228,182,242,1,453,447,246,120,1,225,123,342,,294,113,113,1,280,76,76,12,526,254,36,463,14,425,207,145,54,35,335,22,107,146,495,541,399,True
Ray Ray Joseph Jr.,175379,WR,E CAROLINA,4,5.8,1,63.3,0.0,0,3,0,9.5,2,-0.2,9,156,0,62.7,70.6,61.1,,61.3,2.1,2,1,41,0.0,0,97,0,44.1,19,95.9,93,86.6,84,67.4,30,0,9.3,9,190,112,5.9,10.0,2.04,38,685,293,443,435,435,160,1,548,662,669,120,1,539,143,492,,485,44,23,554,218,76,76,207,1,490,71,232,193,117,62,616,54,397,682,608,155,74,235,556,275,True
Isaiah Sategna III,163642,WR,OKLAHOMA,4,9.6,4,66.7,33.3,1,3,0,0.0,0,0.05,12,261,0,86.3,79.8,75.7,62.1,76.2,0.0,0,1,53,0.8,1,120,1,41.2,20,94.2,113,70.8,85,103.1,30,2,28.3,34,267,134,6.7,13.4,2.36,38,506,68,330,354,182,160,1,1,1,461,61,1,17,7,87,43,78,113,113,554,103,59,16,104,526,580,55,398,103,203,57,339,54,71,566,382,72,52,175,338,205,True
Adjatay Dabbs,172676,WR,TOLEDO,4,13.6,3,63.3,14.3,1,7,0,0.0,0,0.41,14,316,0,85.5,70.1,85.6,,85.3,0.0,0,0,60,0.0,0,102,0,49.5,19,91.2,93,25.5,26,134.0,30,4,74.5,76,285,78,4.1,15.0,3.06,38,229,104,443,431,182,18,1,1,1,127,40,1,26,179,14,,15,113,113,1,69,76,76,175,1,297,71,649,193,355,246,133,54,12,408,145,56,143,407,245,101,True
Justin Stevenson,174828,WR,N TEXAS,5,10.0,5,83.3,80.0,4,5,0,7.4,2,0.53,18,251,0,69.2,71.2,72.5,,71.6,0.0,0,0,44,0.0,0,135,1,56.9,25,96.3,130,5.2,7,147.2,30,3,94.8,128,340,83,3.3,13.6,2.62,1,476,36,91,150,14,69,1,515,662,65,11,1,471,123,140,,165,113,113,1,176,76,76,48,526,121,23,202,40,700,542,76,54,35,67,15,30,130,495,332,152,True
Josiah Freeman,163398,WR,FRESNO ST,4,8.4,7,62.1,60.0,3,5,0,14.3,3,0.21,13,169,0,50.8,69.9,75.6,,76.0,0.0,0,1,28,0.0,0,104,1,53.5,18,95.2,99,8.7,9,99.9,29,2,91.3,95,261,142,7.9,14.5,2.64,38,593,12,459,203,39,69,1,607,734,294,50,1,624,195,91,,81,113,113,554,395,76,76,163,526,177,83,290,161,635,494,363,63,71,124,80,76,39,114,278,149,True
Javon Tracy,158028,WR,MINNESOTA,4,5.6,9,82.8,75.0,3,4,0,7.7,2,0.17,12,225,0,58.4,79.5,74.2,,74.9,0.0,0,0,55,0.0,0,109,1,47.6,24,96.3,105,80.7,88,118.5,29,1,18.3,20,281,175,7.3,11.7,2.68,38,691,7,107,157,39,104,1,516,662,322,61,1,579,11,114,,101,113,113,1,93,76,76,138,526,351,28,202,132,163,51,221,63,173,605,468,60,19,140,439,143,True
Isaiah Horton,162735,WR,TEXAS A&M,4,13.1,1,51.7,42.9,3,7,0,6.3,1,0.07,10,312,1,71.9,25.7,63.4,,63.4,0.0,0,0,36,0.0,0,139,1,43.8,15,93.5,130,15.1,21,110.3,29,3,84.9,118,213,41,2.7,14.2,1.64,38,253,293,599,340,39,18,1,487,447,430,99,716,402,729,405,,405,113,113,1,280,76,76,40,526,506,124,475,40,507,294,283,63,35,254,31,129,317,569,298,381,True
Evan Stewart,158674,WR,OREGON,4,7.5,7,75.9,33.3,1,3,0,4.3,1,0.47,12,264,0,76.1,76.9,69.4,67.5,70.5,0.0,0,0,39,0.8,1,133,0,50.4,22,94.0,125,76.7,102,139.7,29,3,21.8,29,278,140,6.4,12.6,2.22,38,628,12,180,354,182,160,1,455,447,95,61,1,274,37,218,14,188,113,113,1,245,59,16,54,1,252,40,421,53,183,28,103,63,35,586,408,63,44,199,379,231,True
Bryant Wesco Jr.,183206,WR,CLEMSON,4,11.1,1,55.2,50.0,1,2,0,11.1,2,-0.35,7,140,0,58.6,79.8,60.1,60.9,60.1,0.0,0,3,41,0.7,1,134,0,34.7,16,91.8,123,22.4,30,31.9,29,0,77.6,104,163,95,5.9,10.2,1.33,38,392,293,570,228,182,242,1,563,662,729,186,1,576,7,523,69,526,113,113,761,218,69,16,51,1,713,105,609,61,396,223,735,63,397,368,59,211,104,235,541,489,True
Chris Dawn Jr.,172326,WR,TEXAS ST,4,13.9,5,69.0,50.0,3,6,0,4.8,1,0.31,16,314,0,74.4,70.2,71.7,,73.0,1.0,1,0,43,0.0,0,101,0,53.6,20,96.0,97,38.6,39,134.3,29,4,56.4,57,245,75,3.8,12.3,2.53,38,207,36,316,228,39,33,1,463,447,201,23,1,328,171,159,,138,82,40,1,192,76,76,186,1,175,55,225,174,277,178,129,63,12,504,248,89,155,449,399,168,True
Kenny Johnson,175419,WR,TEXAS TECH,4,14.8,3,55.2,50.0,2,4,1,5.9,1,0.22,15,315,0,71.1,78.8,72.3,,72.7,0.0,0,1,35,0.0,0,118,1,53.1,16,95.8,113,17.8,21,86.9,29,1,79.7,94,290,50,3.1,18.1,2.57,38,162,104,570,228,90,104,744,481,447,285,30,1,407,19,143,,141,113,113,554,298,76,76,112,526,186,105,240,103,458,294,479,63,173,334,83,51,251,510,127,162,True
Sean Wilson,185332,WR,DELAWARE,4,14.8,7,69.0,62.5,5,8,0,4.8,1,0.16,15,151,0,74.4,70.2,79.4,55.0,79.3,0.0,0,0,40,0.8,1,131,0,46.7,20,90.8,119,8.4,11,136.0,29,3,91.6,120,292,43,2.2,14.6,2.45,38,162,12,316,200,6,11,1,463,447,332,30,1,328,171,43,72,49,113,113,1,232,59,16,58,1,388,55,671,81,646,441,122,63,35,115,30,50,295,628,272,190,True
Nick Devereaux,157469,WR,E MICHIGAN,4,12.0,1,53.6,50.0,2,4,0,6.3,1,-0.25,5,160,0,70.9,71.1,57.4,,58.2,0.0,0,0,31,0.0,0,130,0,39.2,15,96.2,125,10.0,13,91.8,28,2,90.0,117,143,49,3.3,9.5,1.14,38,323,293,587,228,90,104,1,487,447,692,296,1,408,127,608,,588,113,113,1,354,76,76,64,1,629,124,209,53,608,402,437,71,71,155,33,248,256,495,589,542,True
Jeremiah Scoby,198198,TE,BOWL GREEN,4,4.3,2,57.1,0.0,0,3,0,15.8,3,-0.18,8,122,0,47.2,69.5,66.6,66.0,69.2,35.0,35,1,23,1.0,1,100,1,39.6,16,95.0,95,52.0,52,56.8,28,0,13.0,13,148,106,6.6,9.3,1.56,17,229,30,228,105,105,24,1,233,291,268,21,1,244,18,77,151,72,253,120,256,108,283,270,41,167,259,10,9,17,27,20,259,2,121,49,15,29,14,74,161,87,True
Mark Bowman,214627,TE,USC,5,6.5,5,75.0,20.0,1,5,0,0.0,0,0.56,10,326,0,86.3,70.4,74.5,76.4,79.7,67.4,95,1,35,16.3,23,141,1,61.6,21,82.3,116,29.8,42,103.9,28,2,1.4,2,204,106,5.0,9.7,1.76,1,167,5,123,103,42,5,1,1,1,24,9,1,2,6,29,17,21,65,2,256,40,160,29,8,167,26,2,97,5,177,31,131,2,11,239,166,12,14,115,146,68,True
Nate Branch,185138,WR,APP STATE,4,6.2,5,71.4,40.0,2,5,0,13.0,3,0.2,12,108,0,55.2,71.9,75.3,,73.9,4.4,4,1,30,0.0,0,90,0,48.2,20,94.4,85,76.7,69,76.9,28,0,17.8,16,203,93,4.7,10.2,2.39,38,673,36,273,345,90,69,1,601,734,306,61,1,596,100,92,,124,19,6,554,369,76,76,250,1,330,55,364,251,183,86,547,71,397,608,515,140,106,347,541,201,True
Anthony Brown-Stephens,175138,WR,TULANE,4,12.4,2,39.3,0.0,0,6,0,21.4,3,-0.16,6,319,0,36.2,68.2,54.3,,54.5,0.0,0,0,47,0.0,0,91,0,29.5,11,96.7,88,37.4,34,68.2,28,1,62.6,57,144,54,4.9,13.1,1.64,38,296,162,709,435,435,33,1,688,734,639,237,1,715,304,682,,682,113,113,1,151,76,76,243,1,748,222,176,229,287,200,607,71,173,482,248,245,235,324,355,381,True
Harold Mack,198380,WR,E MICHIGAN,4,10.1,1,71.4,0.0,0,3,0,0.0,0,-0.19,10,160,1,85.9,26.3,63.8,,65.1,0.0,0,1,34,0.0,0,121,0,38.5,20,96.7,117,12.4,15,102.5,28,2,87.6,106,215,72,3.6,10.8,1.84,38,471,293,273,435,435,160,1,1,1,661,99,716,23,726,390,,344,113,113,554,314,76,76,99,1,645,55,176,91,554,373,343,71,71,205,54,127,165,471,497,326,True
Winston Watkins Jr.,199790,WR,LSU,4,11.4,1,71.4,25.0,1,4,0,0.0,0,0.14,15,211,0,85.9,71.8,77.0,,79.1,3.2,4,1,36,0.0,0,126,1,50.8,20,95.2,120,83.3,105,117.3,28,2,11.9,15,314,123,6.2,15.7,2.62,38,366,293,273,406,182,104,1,1,1,347,30,1,23,103,70,,52,30,6,554,280,76,76,78,526,246,55,290,78,138,24,230,71,71,650,526,38,60,215,218,152,True
Xavier Townsend,158455,WR,PURDUE,4,4.5,6,85.7,60.0,3,5,0,0.0,0,0.2,12,273,0,87.7,75.9,74.3,,77.2,1.0,1,0,75,0.0,0,102,2,47.9,24,94.1,96,90.2,92,132.6,28,2,8.8,9,283,209,8.7,11.8,2.95,38,719,22,77,203,39,69,1,1,1,306,61,1,12,54,112,,66,82,40,1,13,76,76,175,719,339,28,406,179,75,43,139,71,71,685,608,57,7,82,428,113,True
Braden Pegan,162463,WR,UTAH,4,16.6,0,60.7,33.3,1,3,0,10.5,2,0.45,14,328,0,61.3,70.4,77.9,,76.2,0.0,0,0,37,0.0,0,111,0,59.3,17,97.3,108,19.8,22,131.5,28,4,80.2,89,264,62,3.6,15.5,2.44,38,103,492,473,354,182,160,1,561,662,112,40,1,542,155,57,,78,113,113,1,273,76,76,130,1,88,94,140,125,434,280,150,71,12,326,99,74,198,471,225,194,True
Mike Matthews,184887,WR,TENNESSEE,4,14.5,1,51.9,0.0,0,1,0,6.7,1,0.08,11,307,0,68.7,69.0,64.6,,65.0,0.0,0,0,57,0.0,0,126,1,44.0,14,92.1,116,3.2,4,122.6,27,3,96.8,122,261,100,7.1,18.6,2.25,38,178,293,598,435,435,394,1,497,447,415,78,1,473,261,371,,352,113,113,1,78,76,76,78,526,495,146,587,94,733,629,190,78,35,33,27,76,95,153,115,223,True
Patrick Overmyer,176495,TE,HOUSTON,4,9.7,6,70.4,40.0,2,5,0,9.5,2,0.49,10,182,0,63.8,70.2,65.4,56.5,69.1,41.0,50,0,47,16.4,20,122,0,58.6,19,78.7,96,48.4,59,122.6,27,2,8.2,10,241,117,6.2,12.7,2.51,17,69,3,157,96,11,5,1,210,273,36,9,1,207,9,87,209,74,230,63,1,10,157,39,14,1,39,3,139,16,49,11,72,4,11,108,38,6,10,85,83,36,True
Jerry McClure,173981,WR,S JOSE ST,4,10.0,4,55.6,0.0,0,4,0,16.7,3,0.01,6,285,0,49.0,69.7,58.0,,60.0,4.0,5,2,28,0.0,0,126,0,39.7,15,96.0,121,96.0,121,50.1,27,1,0.0,0,131,57,3.8,8.7,1.08,38,476,68,553,435,435,104,1,636,734,515,237,1,647,206,591,,529,20,3,722,395,76,76,78,1,621,124,225,69,28,11,676,78,173,756,756,281,222,449,627,566,True
Rasean Jones,215459,WR,BOISE ST,4,12.8,5,66.7,37.5,3,8,0,0.0,0,0.33,14,120,0,85.1,72.0,77.6,,78.9,0.0,0,0,32,0.0,0,111,1,53.3,18,96.4,107,33.3,37,111.8,27,1,66.7,74,271,92,5.1,15.1,2.53,38,268,36,330,352,39,11,1,1,1,185,40,1,31,95,60,,53,113,113,1,340,76,76,130,526,181,83,195,127,305,185,269,78,173,455,155,67,109,296,239,168,True
Raiden Brown,178258,WR,SACRAMENTO,5,10.4,0,59.3,25.0,1,4,0,0.0,0,-0.25,8,279,0,84.2,70.1,61.7,,60.6,3.5,6,0,20,0.0,0,172,0,43.5,16,93.6,161,19.2,33,74.5,27,0,77.3,133,149,51,3.2,9.3,0.93,1,449,492,513,406,182,104,1,1,1,692,158,1,39,179,469,,508,25,1,1,525,76,76,6,1,518,105,463,5,444,203,562,78,397,371,9,234,247,503,597,611,True
Jackson Harper,171048,WR,COLO STATE,4,5.1,4,59.3,0.0,0,4,0,23.8,5,0.11,11,144,0,24.8,76.6,62.2,,62.9,1.8,2,0,49,0.0,0,111,0,43.8,16,94.6,105,81.1,90,103.5,27,2,16.2,18,177,104,6.5,11.1,1.69,38,710,68,513,435,435,104,1,701,767,383,78,1,747,39,453,,423,51,23,1,133,76,76,130,1,506,105,345,132,160,45,334,78,71,620,494,182,86,188,471,364,True
Reed Harris,175339,WR,ARIZONA ST,3,15.1,2,73.1,60.0,3,5,0,0.0,0,0.01,15,110,0,86.3,70.4,90.7,,90.6,0.0,0,0,58,0.0,0,91,0,45.5,19,96.7,88,20.9,19,154.6,26,5,79.1,72,374,160,8.4,19.7,4.25,572,155,162,247,203,39,69,1,1,1,515,30,1,17,155,4,,4,113,113,1,75,76,76,243,1,434,71,176,229,419,315,43,83,8,345,165,16,26,97,83,30,True
DeAndre Moore Jr.,173164,WR,COLORADO,4,10.9,2,61.5,0.0,0,2,0,20.0,4,0.16,10,143,0,36.9,69.5,66.1,,64.4,0.0,0,0,66,0.0,0,85,0,42.7,16,96.5,82,41.2,35,99.4,26,1,57.6,49,207,104,6.5,12.9,2.52,38,408,162,464,435,435,242,1,662,758,332,99,1,713,220,318,,377,113,113,1,43,76,76,279,1,541,105,191,269,267,192,365,83,173,502,287,138,86,188,367,170,True
RJ Vick,194627,WR,COLO STATE,4,12.0,2,73.1,66.7,4,6,0,5.0,1,0.26,10,144,0,74.4,70.8,71.3,66.5,70.4,0.0,0,0,57,0.7,1,146,0,45.6,19,92.5,135,9.6,14,146.2,26,4,89.7,131,272,76,4.0,14.3,2.01,38,323,162,247,169,14,33,1,469,447,246,99,1,328,138,171,16,192,113,113,1,78,69,16,23,1,427,71,556,29,611,388,77,83,12,160,11,66,151,415,289,280,True
Marcellus Jackson,174568,WR,LA MONROE,4,0.4,2,84.6,50.0,1,2,0,4.3,1,-0.16,8,209,0,75.9,72.0,69.7,,70.2,0.0,0,0,19,0.0,0,66,0,45.5,22,100.0,66,84.8,56,88.8,26,0,13.6,9,138,172,7.8,6.3,2.09,38,761,162,85,228,182,242,1,455,447,639,158,1,276,95,213,,195,113,113,1,544,76,76,389,1,434,40,1,367,132,122,468,83,397,638,608,263,20,116,713,266,True
Xayvion Turner-Bradshaw,157644,WR,MARSHALL,4,8.3,3,73.1,60.0,3,5,0,9.5,2,0.06,9,214,1,62.5,27.2,66.2,,66.6,0.0,0,0,69,0.0,0,119,0,40.7,19,90.8,108,95.0,113,150.5,26,3,5.0,6,306,209,11.0,16.1,2.83,38,597,104,247,203,39,69,1,548,662,444,120,716,541,724,313,,305,113,113,1,34,76,76,108,1,594,71,671,125,34,18,57,83,35,726,653,43,7,45,201,128,True
Kwazi Gilmer,184979,WR,NEBRASKA,4,11.5,1,69.2,0.0,0,3,0,14.3,3,0.46,12,238,0,50.6,69.9,70.5,67.7,70.2,0.0,0,0,44,1.7,2,117,1,53.0,18,96.6,113,20.5,24,137.8,26,4,79.5,93,240,47,2.6,13.3,2.12,38,361,293,311,435,435,160,1,607,734,105,61,1,625,195,194,12,195,113,113,1,176,21,5,116,526,188,83,183,103,425,265,110,83,12,335,86,94,267,580,341,256,True
Umari Hatcher,144048,WR,SYRACUSE,3,14.3,3,65.4,66.7,4,6,1,5.6,1,-0.08,13,304,0,71.9,70.8,76.4,,77.5,0.0,0,0,35,0.0,0,125,1,41.7,17,92.0,115,20.8,26,127.4,26,2,78.4,98,282,83,4.9,16.6,2.45,572,185,104,416,169,14,33,744,477,447,590,50,1,402,138,78,,65,113,113,1,298,76,76,86,526,570,94,590,97,420,246,168,83,71,351,75,59,130,324,178,190,True
Sam Pickett III,203108,WR,APP STATE,4,14.5,5,76.9,50.0,2,4,0,9.1,2,0.36,13,108,0,63.6,70.2,76.7,,77.9,0.0,0,0,54,0.0,0,130,2,53.6,20,96.2,125,6.9,9,156.7,26,3,93.1,121,331,88,4.4,16.6,2.65,38,178,36,157,228,90,104,1,536,662,164,50,1,535,171,75,,62,113,113,1,98,76,76,64,719,175,55,209,53,674,494,29,83,35,89,28,33,119,372,178,147,True
Charlie Becker,188661,WR,INDIANA,4,17.4,2,73.1,66.7,4,6,0,0.0,0,0.54,16,190,0,85.5,74.5,85.6,,85.5,0.0,0,0,79,0.0,0,93,0,58.6,19,93.5,87,15.1,14,154.6,26,6,84.9,79,370,101,5.3,19.5,4.25,38,86,162,247,169,14,33,1,1,1,61,23,1,26,69,14,,14,113,113,1,4,76,76,233,1,95,71,475,235,507,388,43,83,4,254,135,18,93,277,91,30,True
TK Keyes,191242,WR,TROY,4,14.1,5,48.0,9.1,1,11,0,20.0,3,-0.03,9,318,0,38.6,68.5,61.0,,61.7,0.0,0,1,76,0.0,0,138,1,45.1,12,96.4,133,4.3,6,110.0,25,3,95.7,132,270,155,12.9,22.5,2.03,38,196,36,661,434,182,4,1,662,734,552,120,1,702,289,496,,470,113,113,554,11,76,76,44,526,455,193,195,32,715,568,284,92,35,51,10,69,33,27,43,277,True
Tre Spivey,173119,WR,ARIZONA,4,11.5,5,76.0,33.3,1,3,0,13.6,3,0.35,13,109,0,52.1,71.1,74.9,,74.2,0.0,0,1,44,0.0,0,121,0,53.8,19,98.3,119,14.0,17,134.7,25,4,86.0,104,278,117,6.2,14.6,2.34,38,361,36,176,354,182,160,1,605,734,171,50,1,618,127,103,,119,113,113,554,176,76,76,99,1,167,71,90,81,527,340,127,92,12,237,59,63,70,215,272,210,True
Keenan Jackson,183362,WR,NC STATE,4,14.2,5,76.0,100.0,3,3,0,0.0,0,0.22,13,248,0,85.5,70.1,76.6,63.5,76.3,0.9,1,1,54,0.9,1,110,0,52.9,19,93.6,103,28.2,31,137.5,25,4,70.9,78,295,65,3.4,15.5,2.86,38,194,36,176,1,39,160,1,1,1,285,50,1,26,179,76,36,75,93,40,554,98,51,16,135,1,190,71,463,137,338,218,111,92,12,434,137,49,190,488,225,123,True
Cataurus Hicks,174705,WR,PITTSBURGH,4,16.7,7,48.0,0.0,0,1,0,14.3,2,0.27,8,268,1,51.7,36.6,61.7,,60.8,0.0,0,0,53,0.0,0,122,0,51.7,12,95.1,116,21.3,26,97.4,25,1,78.7,96,252,86,7.2,21.0,2.17,38,99,12,661,435,435,394,1,607,662,240,158,716,622,714,469,,496,113,113,1,103,76,76,96,1,220,193,300,94,416,246,388,92,173,348,78,84,125,149,63,244,True
Jahiem White,173192,HB,N TEXAS,5,-1.2,11,84.0,0.0,0,2,0,4.5,1,0.45,8,251,0,75.2,86.4,80.2,66.1,78.2,0.0,0,0,32,25.0,37,148,2,55.6,21,73.0,108,7.4,11,119.2,25,2,4.1,6,155,186,8.9,7.4,1.44,1,179,2,122,32,32,5,1,203,203,44,2,1,97,1,35,130,30,31,31,1,30,163,12,1,278,52,1,104,1,111,16,48,1,4,143,37,5,3,114,134,74,True
Hudson Clement,173172,WR,ILLINOIS,4,13.5,1,68.0,55.6,5,9,0,10.5,2,0.29,11,187,0,60.0,69.7,63.3,61.0,64.9,0.0,0,0,27,0.8,1,132,1,59.5,17,90.9,120,39.4,52,96.6,25,0,60.6,80,227,47,2.8,13.4,1.89,38,234,293,326,225,6,9,1,561,662,227,78,1,557,206,411,60,357,113,113,1,410,59,16,57,526,81,94,661,78,273,136,398,92,397,492,130,112,267,552,338,311,True
Jaylen Hampton,188746,WR,CHARLOTTE,4,8.7,2,76.0,100.0,3,3,0,5.0,1,-0.05,12,136,1,73.6,26.2,65.7,,68.4,0.0,0,0,38,0.0,0,119,2,43.6,19,92.4,110,8.4,10,127.3,25,2,91.6,109,211,62,3.3,11.1,1.92,38,571,162,176,1,39,160,1,469,447,569,61,716,336,728,325,,252,113,113,1,257,76,76,108,719,515,71,563,116,646,463,169,92,71,115,45,132,198,495,471,304,True
Ryan Wingo,184520,WR,TEXAS,4,10.6,3,76.0,33.3,1,3,0,9.5,2,0.06,13,311,0,62.7,70.6,69.2,,70.4,0.0,0,0,45,0.0,0,129,1,45.7,19,98.4,127,35.7,46,131.9,25,2,64.3,83,239,90,4.7,12.6,1.88,38,437,104,176,354,182,160,1,548,662,444,50,1,539,143,224,,192,113,113,1,166,76,76,66,526,420,71,89,47,295,148,142,92,71,470,120,99,113,347,379,313,True
Na'eem Abdul-Rahim Gladding,190053,WR,MARYLAND,4,11.3,3,68.0,50.0,3,6,0,0.0,0,0.07,9,215,0,84.7,77.1,66.3,,68.2,0.0,0,1,60,0.0,0,156,2,45.9,17,94.9,148,20.5,32,109.4,25,2,79.5,124,244,134,7.9,14.4,1.65,38,373,104,326,228,39,33,1,1,1,430,120,1,36,33,307,,260,113,113,554,69,76,76,12,719,412,94,315,9,425,207,291,92,71,335,22,92,52,114,286,378,True
Kevin Roche Jr.,199680,TE,GA TECH,4,8.3,2,72.0,50.0,2,4,0,5.3,1,-0.04,12,176,0,73.0,69.9,72.7,70.9,73.5,22.9,22,0,23,5.2,5,96,0,46.7,18,89.6,86,62.5,60,95.4,25,0,14.6,14,200,65,3.6,11.1,2.33,17,101,30,142,70,11,12,1,191,191,230,4,1,156,13,38,103,47,283,204,1,108,265,219,51,1,168,5,27,30,10,8,156,5,121,37,12,15,36,183,113,40,True
Tre Richardson,200360,WR,LOUISVILLE,4,9.0,7,80.0,60.0,3,5,0,4.8,1,0.38,11,210,0,74.4,74.6,79.1,,79.6,0.0,0,0,62,0.0,0,110,0,52.9,20,94.5,104,95.5,105,132.1,25,1,3.6,4,328,170,8.5,16.4,3.15,38,549,12,112,203,39,69,1,463,447,151,78,1,328,67,47,,44,113,113,1,57,76,76,135,1,190,55,356,136,32,24,141,92,173,738,683,34,22,93,189,92,True
Wyatt Young,190632,WR,OKLA STATE,4,13.2,1,88.0,100.0,5,5,0,4.3,1,0.3,16,262,1,75.9,28.5,84.0,,84.9,0.0,0,0,52,0.0,0,95,0,55.6,22,94.7,90,89.5,85,158.3,25,3,10.5,10,410,126,5.7,18.6,4.56,38,250,293,69,1,6,69,1,455,447,215,23,716,276,722,21,,19,113,113,1,111,76,76,224,1,138,40,330,222,87,57,1,92,35,662,595,9,58,249,115,18,True
Kari Ashley,170062,TE,TCU,4,9.2,2,76.0,100.0,1,1,0,9.5,2,0.27,13,305,0,62.5,70.1,74.9,47.7,77.5,46.0,46,0,37,9.0,9,100,0,45.5,19,90.0,90,29.0,29,149.3,25,3,22.0,22,266,133,7.0,14.0,2.96,17,80,30,122,1,42,75,1,210,273,93,2,1,210,12,26,240,33,203,75,1,32,240,164,41,1,181,3,26,25,190,75,27,5,3,12,3,3,6,60,53,16,True
Marcel Williams,184707,WR,AKRON,4,5.7,2,72.0,50.0,1,2,0,5.3,1,-0.17,9,102,1,73.0,25.3,61.1,,61.7,0.8,1,2,25,0.0,0,127,0,40.7,18,96.9,123,11.0,14,56.3,25,0,88.2,112,165,82,4.6,9.2,1.34,38,689,162,272,228,182,242,1,472,447,648,120,716,396,731,492,,470,99,40,722,446,76,76,72,1,594,83,163,61,589,388,658,92,397,188,40,206,133,362,603,487,True
Kyan Mason,190975,WR,AKRON,4,11.6,4,50.0,50.0,1,2,0,14.3,2,-0.22,4,102,0,52.0,68.5,59.6,,59.1,1.0,1,0,46,0.0,0,104,1,37.3,12,98.1,102,92.3,96,64.1,24,0,6.7,7,117,51,4.3,9.8,1.15,38,353,68,602,228,182,242,1,607,662,679,369,1,619,289,535,,557,82,40,1,160,76,76,163,526,670,193,96,143,58,36,631,103,397,709,636,316,247,384,572,536,True
Jeremiah Jones-Thomas,205374,WR,S ALABAMA,4,7.4,2,75.0,0.0,0,4,0,5.3,1,0.18,10,288,0,73.6,70.1,69.8,,70.5,0.0,0,0,40,0.0,0,129,1,50.0,18,94.6,122,89.1,115,118.1,24,1,10.1,13,228,137,7.6,12.7,1.87,38,632,162,182,435,435,104,1,472,447,318,99,1,336,179,209,,188,113,113,1,232,76,76,66,526,254,83,345,66,92,16,224,103,173,667,556,111,48,125,374,318,True
Jaron Tibbs,174972,WR,KANSAS ST,4,13.1,2,66.7,50.0,3,6,0,11.1,2,0.4,12,199,0,58.6,69.5,65.8,,65.8,0.0,0,0,33,0.0,0,102,0,59.4,16,99.0,101,6.9,7,100.7,24,1,93.1,95,168,38,2.4,10.5,1.66,38,253,162,330,228,39,33,1,563,662,138,61,1,576,220,324,,332,113,113,1,324,76,76,175,1,84,105,79,151,674,542,357,103,173,89,80,201,340,604,520,375,True
Josh Manning,124519,WR,KANSAS ST,4,8.5,6,58.3,33.3,1,3,0,17.6,3,0.26,7,199,0,43.3,69.0,56.2,,57.3,0.0,0,0,36,0.0,0,145,0,52.5,14,95.9,139,31.0,45,104.3,24,2,69.0,100,149,80,5.7,10.6,1.07,38,585,22,521,354,182,160,1,656,734,246,186,1,678,261,638,,618,113,113,1,280,76,76,26,1,201,146,232,24,321,154,327,103,71,446,72,234,139,249,514,570,True
Rodney Bullard Jr.,187890,WR,MICH STATE,4,13.6,1,58.3,33.3,1,3,0,6.7,1,0.12,11,223,0,69.9,69.2,71.4,,70.8,0.0,0,1,53,0.0,0,116,0,52.7,14,94.8,110,37.9,44,80.7,24,1,62.1,72,193,35,2.5,13.8,1.75,38,229,293,521,354,182,160,1,497,447,370,78,1,466,246,168,,177,113,113,554,103,76,76,119,1,198,146,324,116,281,161,519,103,173,486,165,151,367,588,325,349,True
Damien Morgan,186190,WR,NEVADA,4,4.2,1,79.2,100.0,2,2,0,0.0,0,-0.15,5,239,0,85.5,70.1,61.0,74.3,59.3,0.0,0,0,26,1.6,2,127,0,37.0,19,92.9,118,96.9,123,88.7,24,0,2.4,3,127,70,3.7,6.7,1.08,38,722,293,136,1,90,242,1,1,1,629,296,1,26,179,496,3,548,113,113,1,430,23,5,72,1,676,71,531,86,21,10,469,103,397,750,703,292,174,460,703,566,True
Benji Blackburn,193238,TE,STANFORD,4,7.9,0,66.7,40.0,2,5,0,11.1,2,0.09,6,300,0,60.0,69.7,57.7,67.3,57.4,54.4,87,0,19,17.5,28,160,1,42.2,16,75.0,120,38.1,61,81.6,24,0,7.5,12,138,54,3.4,8.6,1.15,17,119,123,165,96,11,5,1,216,273,172,40,1,215,16,161,142,176,154,4,1,141,148,17,2,167,230,10,177,4,109,7,203,7,121,121,20,34,48,198,181,132,True
Ryan Coleman-Williams,191142,WR,ALABAMA,4,12.1,5,70.8,50.0,1,2,1,5.6,1,0.49,14,103,0,61.3,79.9,69.4,,71.4,2.3,3,1,58,0.0,0,133,2,59.5,17,91.0,121,12.0,16,135.4,24,3,85.7,114,333,160,9.4,19.6,2.75,38,314,36,293,228,182,242,744,477,447,86,40,1,542,4,218,,168,42,14,554,75,76,76,54,719,81,94,658,69,564,354,124,103,35,241,36,32,26,63,88,135,True
Javon Robinson,173924,WR,UTAH ST,4,9.7,3,37.5,100.0,1,1,0,30.8,4,-0.25,5,329,0,22.8,68.5,61.3,,61.7,0.0,0,1,78,0.0,0,72,0,35.3,9,94.4,68,76.4,55,78.3,24,2,23.6,17,199,136,15.1,22.1,2.93,38,500,104,712,1,182,394,1,729,758,692,296,1,754,289,485,,470,113,113,554,6,76,76,354,1,698,282,364,352,187,128,536,103,71,577,504,142,49,14,51,116,True
Kaleb Webb,157616,WR,MARYLAND,4,12.7,3,54.2,0.0,0,2,0,7.1,1,-0.01,9,215,1,67.5,24.7,58.4,,58.4,0.0,0,1,44,0.0,0,155,0,45.6,13,94.8,147,5.8,9,61.5,24,0,94.2,146,182,67,5.2,14.0,1.24,38,277,104,579,435,435,242,1,504,447,537,120,716,487,733,575,,581,113,113,554,176,76,76,16,1,427,166,324,10,694,494,640,103,397,72,4,172,183,289,312,509,True
Nick Marsh,183541,WR,INDIANA,4,11.7,2,66.7,80.0,4,5,0,5.9,1,0.47,11,190,1,70.9,24.5,73.6,67.9,70.8,4.8,4,0,51,2.4,2,84,0,58.2,16,91.7,77,15.5,13,135.8,24,3,79.8,67,222,82,5.1,13.9,2.88,38,348,162,330,150,14,69,1,481,447,95,78,716,408,735,126,10,177,15,6,1,120,14,5,283,1,100,105,618,294,498,402,123,103,35,333,199,119,133,296,320,120,True
Aeryn Hampton,184535,WR,OREGON ST,4,9.7,5,66.7,,0,0,0,23.8,5,0.32,9,265,0,33.8,70.1,66.0,61.9,65.1,0.0,0,0,28,0.9,1,114,0,48.0,16,88.6,101,88.6,101,104.2,24,1,8.8,10,188,104,6.5,11.8,1.86,38,500,36,330,,435,605,1,701,767,192,120,1,717,179,321,49,344,113,113,1,395,51,16,122,1,335,105,721,151,100,29,329,103,173,685,595,160,86,188,428,321,True
La'Don Bryant,188410,WR,N ILLINOIS,4,14.9,2,58.3,33.3,2,6,0,0.0,0,-0.38,8,254,0,83.3,69.0,64.7,,63.3,0.0,0,2,36,0.0,0,127,0,39.0,14,96.9,123,0.8,1,48.1,24,0,99.2,126,185,45,3.2,13.2,1.5,38,159,162,521,354,90,33,1,1,1,738,158,1,55,261,368,,408,113,113,722,280,76,76,72,1,638,146,163,61,752,718,684,103,397,16,18,162,282,503,347,439,True
Lawayne McCoy,183307,WR,LOUISVILLE,4,16.4,6,62.5,16.7,1,6,0,0.0,0,0.36,9,210,0,84.7,71.5,75.1,,74.6,0.0,0,1,61,0.0,0,122,0,50.0,15,91.8,112,12.3,15,128.5,24,3,87.7,107,301,127,8.5,20.1,2.69,38,109,22,446,426,182,33,1,1,1,164,120,1,36,117,94,,110,113,113,554,62,76,76,96,1,254,124,609,109,555,373,162,103,35,201,52,46,57,93,75,140,True
Rodshaun Dorsey,193978,WR,GA STATE,4,14.7,1,69.6,66.7,2,3,0,5.9,1,0.61,13,175,0,70.9,69.5,76.4,,76.3,0.0,0,0,50,0.0,0,98,1,61.3,16,94.9,93,9.2,9,142.0,23,4,90.8,89,234,63,3.9,14.6,2.52,38,169,293,307,169,90,160,1,481,447,38,50,1,408,220,78,,75,113,113,1,128,76,76,200,526,61,105,315,193,627,494,94,116,12,134,99,107,195,446,272,170,True
Chris Hunter III,166993,WR,ARIZONA,4,13.4,0,47.8,20.0,1,5,0,0.0,0,0.31,7,109,0,81.5,69.0,60.6,,61.9,0.0,0,0,38,0.0,0,120,0,53.4,11,98.3,118,24.2,29,80.9,23,1,75.8,91,135,41,3.7,12.3,1.14,38,238,492,663,423,182,69,1,1,1,201,186,1,90,261,508,,461,113,113,1,257,76,76,104,1,179,222,90,86,374,228,518,116,173,389,93,270,317,460,399,542,True
Toby Payne,156805,TE,MARSHALL,4,8.5,2,78.3,80.0,4,5,0,0.0,0,0.06,9,214,0,85.9,70.2,72.4,39.9,63.5,33.8,46,0,19,8.8,12,136,0,42.6,18,83.8,114,60.3,82,92.2,23,0,4.4,6,141,37,2.1,7.8,1.24,17,96,30,113,54,1,5,1,1,1,184,13,1,3,9,40,254,112,257,75,1,141,241,114,9,1,224,5,75,6,13,2,173,8,121,176,76,33,70,242,200,123,True
Zion Booker,177939,WR,KENNESAW,4,2.5,3,87.0,50.0,1,2,0,4.8,1,0.0,8,200,0,74.4,73.7,70.3,,72.8,0.0,0,1,20,0.0,0,90,0,48.8,20,93.3,84,93.3,84,77.7,23,0,5.6,5,161,139,7.0,8.1,1.92,38,747,104,74,228,182,242,1,463,447,525,158,1,328,77,199,,140,113,113,554,525,76,76,250,1,314,55,488,253,47,62,542,116,397,720,664,214,47,157,657,304,True
Karmello English,176212,WR,COAST CAR,4,12.3,1,43.5,0.0,0,4,0,9.1,1,0.25,6,141,0,64.6,73.7,59.4,,58.7,0.0,0,0,15,0.0,0,119,0,43.2,10,93.3,111,8.4,10,54.3,23,0,91.6,109,88,23,2.3,8.8,0.79,38,302,293,683,435,435,104,1,536,447,255,237,1,525,77,543,,576,113,113,1,626,76,76,108,1,525,248,488,113,646,463,668,116,397,115,45,408,466,614,618,650,True
Jimmy Calloway,124274,WR,TULSA,4,11.5,4,52.2,50.0,1,2,0,25.0,4,0.06,4,320,0,28.1,70.6,60.5,61.9,57.5,0.0,0,0,47,1.2,1,84,0,39.2,12,92.9,78,16.7,14,67.8,23,0,83.3,70,123,24,2.0,10.3,1.58,38,361,68,596,228,182,242,1,703,758,444,369,1,736,143,511,49,613,113,113,1,151,40,16,283,1,629,193,531,290,478,388,612,116,397,282,183,301,452,641,529,404,True
Jordan Faison,171081,WR,NOTRE DAME,4,11.6,4,73.9,50.0,3,6,0,5.6,1,0.46,13,258,0,71.9,76.1,75.1,,74.9,0.0,0,1,31,0.0,0,97,0,57.1,17,93.8,91,10.3,10,117.8,23,2,89.7,87,239,92,5.4,14.1,2.63,38,353,68,236,228,39,33,1,477,447,105,50,1,402,46,94,,101,113,113,554,354,76,76,207,1,113,94,437,211,601,463,227,116,71,160,107,99,109,267,304,150,True
Jordan Williams,163339,TE,SACRAMENTO,5,8.1,0,65.2,50.0,1,2,0,6.3,1,-0.32,2,279,0,70.9,69.5,54.3,58.1,54.8,47.3,62,1,22,13.7,18,131,1,40.7,15,81.7,107,43.5,57,60.4,23,0,7.6,10,122,34,2.3,8.1,1.14,1,110,123,203,70,42,39,1,195,191,282,140,1,158,18,211,203,206,198,28,256,118,197,55,11,167,246,16,110,10,71,13,253,8,121,119,38,43,80,233,192,134,True
Jackson Williams,192004,WR,N DAK ST,4,13.7,6,78.3,33.3,1,3,0,0.0,0,0.45,12,250,0,86.3,76.6,84.2,,85.0,0.0,0,1,51,0.0,0,84,2,60.3,18,92.9,78,69.0,58,114.3,23,1,31.0,26,283,89,4.9,15.7,3.63,38,220,22,145,354,182,160,1,1,1,112,61,1,17,39,20,,18,113,113,554,120,76,76,283,719,69,83,531,290,207,115,253,116,173,561,428,57,117,324,218,58,True
Caden High,196883,WR,STANFORD,3,12.3,2,65.2,100.0,1,1,0,16.7,3,0.23,14,300,0,45.4,69.9,75.1,,76.0,0.0,0,0,52,0.0,0,81,1,45.2,15,90.1,73,80.2,65,142.4,23,3,18.5,15,256,78,5.2,17.1,3.51,572,302,162,417,1,182,394,1,636,734,275,40,1,662,195,94,,81,113,113,1,111,76,76,301,526,449,124,692,314,165,99,93,116,35,603,526,79,143,289,160,66,True
Dalen Penson,199690,WR,GA TECH,4,12.0,1,69.6,100.0,1,1,0,15.8,3,0.0,11,176,0,47.7,69.5,66.3,,67.0,0.0,0,1,42,0.0,0,108,1,47.4,16,89.8,97,14.8,16,85.6,23,0,85.2,92,241,91,5.7,15.1,2.48,38,323,293,307,1,182,394,1,634,734,525,78,1,648,220,307,,289,113,113,554,206,76,76,142,526,357,105,701,174,517,354,487,116,397,248,91,93,112,249,239,181,True
Jordan Allen,199699,WR,GA TECH,4,7.6,2,78.3,100.0,2,2,0,5.3,1,0.04,9,176,0,72.8,34.4,62.5,,64.2,0.0,0,2,31,0.0,0,137,0,46.8,18,92.0,126,65.0,89,69.0,23,0,34.3,47,213,81,4.5,11.8,1.69,38,625,162,145,1,90,242,1,472,447,475,120,1,397,716,442,,384,113,113,722,354,76,76,45,1,384,83,590,49,216,48,601,116,397,552,295,129,136,367,428,364,True
JV Gibson,193295,WR,CINCINNATI,4,11.2,4,78.3,100.0,2,2,1,0.0,0,0.13,12,138,0,85.1,69.9,70.5,,73.3,0.0,0,0,64,0.0,0,98,2,50.0,18,95.9,94,6.1,6,154.6,23,3,93.9,92,267,134,7.4,14.8,2.84,38,382,68,145,1,90,242,744,1,1,359,61,1,31,195,194,,132,113,113,1,48,76,76,200,719,254,83,232,188,689,568,43,116,35,75,91,72,52,135,259,126,True
Nik McMillan,157951,WR,KANSAS,3,18.1,3,52.2,36.4,4,11,0,0.0,0,-0.09,11,198,0,83.3,69.0,89.8,,89.6,0.0,0,1,46,0.0,0,74,0,37.7,12,93.2,69,29.7,22,97.4,23,2,70.3,52,226,59,4.9,18.8,3.28,572,66,104,596,353,14,4,1,1,1,594,78,1,55,261,6,,5,113,113,554,160,76,76,340,1,663,193,506,341,331,280,388,116,71,437,273,113,211,324,108,80,True
Kainoa Carvalho,204038,WR,HAWAII,4,6.6,1,73.9,0.0,0,2,0,5.6,1,-0.04,9,180,1,71.9,24.7,66.9,,66.5,0.0,0,0,32,0.0,0,108,0,48.1,17,98.1,106,88.9,96,100.6,23,0,11.1,12,204,120,7.1,12.0,1.92,38,659,293,236,435,435,242,1,477,447,562,120,716,402,733,282,,309,113,113,1,340,76,76,142,1,333,94,96,129,94,36,359,116,397,656,569,139,66,153,416,304,True
Ashton Hollins,158207,WR,GA SOUTHRN,3,10.9,5,60.9,60.0,3,5,0,12.5,2,-0.03,7,174,1,55.7,22.8,63.9,,62.9,0.0,0,0,57,0.0,0,92,1,41.9,14,93.5,86,19.6,18,117.5,23,2,80.4,74,197,72,5.1,14.1,2.29,572,408,36,472,203,39,69,1,581,662,552,186,716,594,739,388,,423,113,113,1,78,76,76,237,526,565,146,475,243,439,326,229,116,71,324,155,143,165,296,304,216,True
Darius Cannon,175142,WR,JVILLE ST,5,8.3,2,69.6,100.0,1,1,0,5.9,1,0.17,5,196,0,71.9,70.6,60.0,,60.5,0.0,0,1,38,0.0,0,107,0,51.0,16,91.6,98,93.5,100,67.5,23,0,6.5,7,141,102,6.4,8.8,1.44,1,597,162,307,1,182,394,1,481,447,322,296,1,402,143,526,,511,113,113,554,257,76,76,147,1,241,105,632,163,45,30,615,116,397,712,636,256,91,199,618,451,True
Chris Reed,158502,WR,SM HOUSTON,4,19.3,3,47.8,66.7,2,3,0,8.3,1,-0.1,8,281,0,64.6,68.2,63.4,61.0,63.7,0.0,0,0,53,0.7,1,143,1,40.7,11,97.9,140,1.4,2,121.4,23,3,98.6,141,220,24,2.2,20.0,1.57,38,44,104,663,169,90,160,1,530,447,604,158,1,525,304,405,60,393,113,113,1,103,69,16,28,526,594,222,110,23,749,690,196,116,35,19,6,122,452,628,77,407,True
Da'Realyst Clark,198624,WR,KENT STATE,4,12.9,3,69.6,0.0,0,3,0,0.0,0,0.06,10,201,0,84.2,71.1,73.7,,73.9,0.0,0,1,40,0.0,0,93,0,43.2,16,93.5,87,32.3,30,89.8,23,1,67.7,63,184,42,2.6,11.5,2.11,38,264,104,307,435,435,160,1,1,1,444,99,1,39,127,124,,124,113,113,554,232,76,76,233,1,525,105,475,235,314,223,460,116,173,451,224,166,305,580,445,258,True
Javarius Green,183330,WR,BOSTON COL,4,4.9,0,59.1,0.0,0,3,0,13.3,2,-0.21,5,121,1,53.7,25.2,53.6,,53.0,0.0,0,1,20,0.0,0,112,0,40.4,13,97.3,109,67.9,76,57.0,22,0,32.1,36,130,61,4.7,10.0,1.19,38,713,492,516,435,435,160,1,604,662,675,296,716,602,732,701,,710,113,113,554,525,76,76,127,1,602,166,140,120,210,72,656,133,397,559,368,285,203,347,556,523,True
Joshua Porter,183447,WR,USF,4,14.4,4,63.6,25.0,1,4,0,12.5,2,0.01,11,327,0,55.7,76.0,72.5,,72.9,0.0,0,0,38,0.0,0,88,0,47.7,14,97.7,86,19.3,17,121.8,22,2,79.5,70,192,42,3.0,13.7,2.23,38,183,68,434,406,182,104,1,581,662,515,78,1,594,49,140,,139,113,113,1,257,76,76,259,1,345,146,118,243,443,340,192,133,71,335,183,154,305,515,329,230,True
Jourdin Houston,199121,WR,RUTGERS,4,8.7,2,63.6,57.1,4,7,0,6.7,1,0.21,6,278,1,68.7,22.8,59.8,,59.1,0.0,0,4,26,0.0,0,108,0,50.5,14,95.4,103,99.1,107,45.6,22,0,0.9,1,159,41,2.9,11.4,1.54,38,571,162,434,219,14,18,1,497,447,294,237,716,473,739,529,,557,113,113,767,430,76,76,142,1,249,146,277,137,10,21,692,133,397,754,747,219,317,543,455,424,True
Chauncy Cobb,172187,WR,ARK STATE,4,5.8,1,77.3,0.0,0,1,0,15.0,3,0.06,7,113,0,49.2,71.8,66.8,,66.8,0.0,0,2,46,0.0,0,94,0,49.5,17,96.8,91,89.4,84,80.3,22,1,9.6,9,193,157,9.2,11.4,2.12,38,685,293,155,435,435,394,1,630,734,444,186,1,645,103,290,,298,113,113,722,160,76,76,227,1,297,94,169,211,89,62,520,133,173,678,608,151,28,71,455,256,True
Jalen Mickens,198689,WR,LA TECH,3,12.8,3,59.1,66.7,4,6,0,7.1,1,-0.16,8,208,1,67.8,25.7,70.9,76.6,69.9,0.0,0,1,75,3.0,3,100,1,37.2,13,91.0,91,91.0,91,114.8,22,2,9.0,9,297,157,12.1,22.8,3.26,572,268,104,516,169,14,33,1,504,447,639,158,716,483,729,175,2,205,113,113,554,13,8,1,189,526,673,166,658,211,72,44,250,133,71,683,608,48,28,34,42,82,True
Rocky Beers,156005,TE,OKLAHOMA,4,8.4,6,81.8,,0,0,0,0.0,0,-0.02,13,261,1,85.9,26.3,75.8,72.9,79.9,40.0,44,0,43,8.2,9,110,1,39.8,18,85.5,94,49.1,54,145.3,22,2,10.0,11,255,126,7.0,14.2,2.71,17,99,3,84,,105,169,1,1,1,219,2,277,3,275,23,55,18,236,87,1,14,244,164,26,167,258,5,62,20,46,17,35,10,11,84,28,4,7,60,50,27,True
Corey Scott,180181,WR,JAMES MAD,4,8.8,2,72.7,75.0,3,4,0,0.0,0,0.36,8,197,0,84.2,69.5,67.6,,68.2,1.0,1,0,28,0.0,0,102,2,50.0,16,96.1,98,14.7,15,127.5,22,2,84.3,86,182,42,2.6,11.4,1.86,38,563,162,254,157,39,104,1,1,1,164,158,1,39,220,269,,260,82,40,1,395,76,76,175,719,254,105,216,163,518,373,167,133,71,264,110,172,305,580,455,321,True
Isaiah Myers,133796,WR,MO STATE,4,16.7,1,77.3,100.0,1,1,0,0.0,0,0.23,12,230,0,85.1,69.9,80.7,,81.2,0.0,0,1,72,0.0,0,107,0,47.4,17,90.7,97,24.3,26,129.9,22,2,75.7,81,342,100,5.9,20.1,3.53,38,99,293,155,1,182,394,1,1,1,275,61,1,31,195,34,,36,113,113,554,25,76,76,147,1,357,94,674,174,370,246,155,133,71,392,127,29,95,235,75,63,True
Darrin Fugitt,154203,TE,APP STATE,4,2.8,3,72.7,0.0,0,3,0,5.9,1,0.42,9,108,0,70.9,69.5,65.4,74.5,78.7,72.6,69,0,30,22.1,21,95,2,55.6,16,72.6,69,16.8,16,114.2,22,1,3.2,3,192,163,10.2,12.0,2.78,17,263,18,141,105,105,24,1,193,191,47,13,1,158,18,87,34,27,41,22,1,60,101,32,53,264,58,10,201,57,253,162,99,10,28,204,136,17,3,18,96,23,True
AJ Wilson,161436,WR,UTSA,4,10.2,1,68.2,42.9,3,7,0,0.0,0,0.11,5,331,0,83.8,69.2,67.3,,66.5,0.0,0,0,40,0.0,0,105,0,50.0,15,93.3,98,10.5,11,109.1,22,1,89.5,94,185,44,2.9,12.3,1.89,38,463,293,325,340,39,18,1,1,1,383,296,1,47,246,274,,309,113,113,1,232,76,76,159,1,254,124,488,163,595,441,295,133,173,168,83,162,287,543,399,311,True
Nyck Harbor,175923,WR,S CAROLINA,4,10.0,4,50.0,0.0,0,3,0,26.7,4,0.06,7,289,0,26.6,69.9,56.0,,58.1,0.9,1,1,41,0.0,0,112,1,46.7,11,93.8,105,19.6,22,72.0,22,1,79.5,89,169,103,9.4,15.4,1.61,38,476,68,602,435,435,160,1,724,758,444,186,1,739,195,643,,591,93,40,554,218,76,76,127,526,388,222,437,132,439,280,580,133,173,335,99,198,90,63,229,394,True
Jackson Harris,176616,WR,LSU,4,14.1,2,50.0,60.0,3,5,0,15.4,2,0.16,9,211,0,53.9,68.7,73.1,,74.4,0.9,1,3,57,0.0,0,107,1,51.0,11,95.3,102,16.8,18,86.6,22,2,82.2,88,280,141,12.8,25.5,2.75,38,196,162,602,203,39,69,1,631,662,332,120,1,598,279,130,,114,93,40,761,78,76,76,147,526,241,222,282,143,476,326,482,133,71,303,104,61,43,28,25,135,True
Isaiah Thacker,176138,WR,BALL ST,4,11.9,3,61.9,50.0,1,2,0,0.0,0,-0.07,6,117,0,82.7,24.0,62.5,,67.3,0.0,0,1,20,0.0,0,84,0,36.7,13,94.0,79,89.3,75,56.1,21,0,9.5,8,112,66,5.1,8.6,1.42,38,333,104,460,228,182,242,1,1,1,583,237,1,65,737,442,,283,113,113,554,525,76,76,283,1,681,166,421,287,90,74,662,143,397,679,623,329,185,296,635,461,True
Jacory Barney Jr.,183547,WR,NEBRASKA,4,11.0,7,76.2,50.0,1,2,0,0.0,0,0.47,11,238,1,84.2,44.9,71.2,,71.2,0.0,0,1,35,0.0,0,97,2,52.1,16,99.0,96,21.6,21,119.3,21,2,78.4,76,211,84,5.3,13.2,2.2,38,398,12,173,228,182,242,1,1,1,95,78,716,39,706,172,,173,113,113,554,298,76,76,207,719,212,105,79,179,408,294,204,143,71,351,145,132,128,277,347,235,True
Cameron Flowers,188745,WR,W KENTUCKY,5,10.7,1,61.9,50.0,2,4,1,0.0,0,-0.1,7,346,0,82.7,71.9,66.5,,68.2,0.0,0,1,23,0.0,0,95,1,38.3,13,98.9,94,25.3,24,79.1,21,1,74.7,71,148,36,2.8,11.4,1.57,1,431,293,460,228,90,104,744,1,1,604,186,1,65,100,300,,260,113,113,554,481,76,76,224,526,653,166,81,188,358,265,533,143,173,407,176,238,358,552,455,407,True
Mazeo Bennett Jr.,184488,WR,S CAROLINA,4,9.0,2,47.6,0.0,0,1,0,28.6,4,0.07,9,289,0,26.4,69.0,55.8,,56.1,0.0,0,2,18,0.0,0,106,1,49.0,10,92.5,98,80.2,85,39.7,21,1,18.9,20,109,72,7.2,10.9,1.11,38,549,162,665,435,435,394,1,726,758,430,120,1,740,261,646,,648,113,113,722,563,76,76,155,526,309,248,556,163,165,57,714,143,173,601,468,338,165,149,489,556,True
Josiah Thomas,202018,TE,NEW MEX ST,5,9.5,4,76.2,66.7,2,3,0,5.9,1,0.18,11,242,0,70.9,69.5,75.9,77.9,76.2,37.8,45,2,36,1.7,2,119,0,49.1,16,92.4,110,54.6,65,70.8,21,0,7.6,9,226,85,5.3,14.1,2.05,1,72,8,121,59,11,24,1,193,191,137,6,1,158,18,21,5,37,245,80,291,38,281,259,18,1,132,10,18,7,19,6,236,12,121,119,48,7,24,112,52,57,True
Jalen Smith,188714,WR,MINNESOTA,4,11.7,2,57.1,33.3,2,6,0,0.0,0,0.08,4,225,0,82.2,68.5,59.7,,62.0,0.0,0,1,20,0.0,0,118,0,46.9,12,95.8,113,12.7,15,85.6,21,2,87.3,103,121,35,2.9,10.1,1.07,38,348,162,534,354,90,33,1,1,1,415,369,1,80,289,534,,458,113,113,554,525,76,76,112,1,381,193,240,103,548,373,487,143,71,212,63,306,367,543,550,570,True
Emmett Mosley V,183278,WR,TEXAS,4,10.7,3,57.1,33.3,1,3,0,7.7,1,0.13,10,311,1,66.4,21.4,63.1,,64.4,0.0,0,1,43,0.0,0,112,1,47.3,12,98.2,110,83.0,93,63.6,21,0,17.0,19,170,66,5.5,14.2,1.55,38,431,104,534,354,182,160,1,516,447,359,99,716,515,743,421,,377,113,113,554,192,76,76,127,526,365,193,93,116,147,40,634,143,397,612,479,195,185,259,298,420,True
Jamill Williams,167243,WR,JVILLE ST,5,5.6,3,85.7,0.0,0,1,0,5.3,1,0.26,9,196,0,72.8,34.3,77.4,,79.2,0.0,0,0,55,0.0,0,58,0,60.0,18,84.5,49,31.0,18,153.5,21,4,63.8,37,238,156,8.7,13.2,4.86,1,691,104,77,435,435,394,1,472,447,246,120,1,397,717,63,,51,113,113,1,93,76,76,437,1,72,83,761,472,321,326,47,143,12,473,364,103,30,82,347,14,True
Noreel White,184749,WR,TROY,4,12.0,5,47.6,25.0,1,4,0,0.0,0,-0.26,6,318,0,81.5,78.7,67.5,,66.4,0.0,0,2,36,0.0,0,93,1,35.2,10,94.6,88,8.6,8,26.4,21,0,91.4,85,122,48,4.8,12.2,1.39,38,323,36,665,406,182,104,1,1,1,699,237,1,90,21,271,,313,113,113,722,280,76,76,233,526,701,248,345,229,640,523,747,143,397,121,114,304,264,332,406,471,True
Alex Taylor,183341,WR,GA SOUTHRN,4,17.1,1,47.6,60.0,3,5,0,0.0,0,0.07,6,174,0,80.9,67.9,61.4,50.3,60.1,0.0,0,0,40,1.3,2,156,0,45.8,10,91.7,143,19.2,30,106.4,21,2,80.8,126,166,19,1.9,16.6,1.16,38,93,293,665,203,39,69,1,1,1,430,237,1,105,323,484,73,526,113,113,1,232,35,5,12,1,418,248,618,18,444,223,307,143,71,320,18,203,507,661,178,534,True
Hunter Summers,169989,WR,ARK STATE,4,14.5,0,76.2,100.0,4,4,0,0.0,0,0.09,10,113,0,84.2,69.5,72.3,,70.7,0.0,0,0,40,0.0,0,111,1,51.4,16,96.4,107,9.0,10,123.3,21,1,91.0,101,211,34,2.1,13.2,1.97,38,178,492,173,1,14,104,1,1,1,406,99,1,39,220,143,,181,113,113,1,232,76,76,130,526,226,105,195,127,632,463,185,143,173,131,67,132,380,635,347,291,True
Duce Robinson,176642,WR,FLORIDA ST,4,15.7,2,61.9,33.3,2,6,0,0.0,0,0.31,12,167,0,82.7,68.7,70.9,63.1,72.4,0.0,0,0,40,0.8,1,127,1,44.9,13,92.1,117,18.9,24,137.4,21,2,81.1,103,262,70,5.4,20.2,2.24,38,131,162,460,354,90,33,1,1,1,201,61,1,65,279,175,38,150,113,113,1,232,59,16,72,526,466,166,587,91,449,265,115,143,71,316,63,75,174,267,73,227,True
Makai Jackson,159480,WR,LIBERTY,4,18.0,2,66.7,28.6,2,7,1,12.5,2,0.32,12,206,0,57.3,77.0,79.4,61.9,82.4,0.0,0,0,65,1.0,1,97,2,47.2,14,90.7,88,6.2,6,149.3,21,5,93.8,91,379,109,7.8,27.1,4.31,38,71,162,330,404,90,18,744,581,662,192,61,1,580,35,43,49,29,113,113,1,44,45,16,207,719,367,146,674,229,688,568,63,143,8,79,93,14,76,116,20,26,True
A.J. Little,177829,WR,SO MISS,4,11.3,1,71.4,50.0,1,2,0,6.3,1,-0.07,7,296,0,70.9,77.0,65.2,,64.7,0.0,0,1,41,0.0,0,96,0,46.7,15,93.8,90,20.8,20,76.7,21,0,79.2,76,176,37,2.5,11.7,1.96,38,373,293,273,228,182,242,1,487,447,583,186,1,408,35,353,,365,113,113,554,218,76,76,216,1,388,124,437,222,420,306,549,143,397,342,145,184,350,588,439,293,True
Bryson Rodgers,170265,WR,USF,4,6.8,2,85.7,66.7,2,3,0,5.3,1,0.03,11,327,0,72.8,69.9,74.4,,74.8,3.5,3,0,27,0.0,0,86,0,50.0,18,97.7,84,74.4,64,121.6,21,1,22.1,19,197,105,5.8,10.9,2.35,38,653,162,77,169,90,160,1,472,447,490,78,1,397,195,107,,105,25,14,1,410,76,76,274,1,254,83,118,253,197,100,194,143,173,584,479,143,84,239,489,208,True
TreyShun Hurry,159085,WR,LOUISVILLE,4,8.7,5,71.4,80.0,4,5,0,6.3,1,0.37,9,210,0,70.1,69.2,64.6,,63.2,0.0,0,0,27,0.0,0,134,0,51.6,15,92.5,124,7.5,10,96.9,21,0,92.5,124,178,70,4.7,11.9,1.44,38,571,36,273,150,14,69,1,487,447,158,120,1,465,246,371,,411,113,113,1,410,76,76,51,1,221,124,556,58,666,463,393,143,397,99,22,179,174,347,425,451,True
Nic Trujillo,175742,WR,LA MONROE,4,16.2,0,38.1,25.0,1,4,0,20.0,2,-0.04,6,209,0,41.2,67.8,56.2,,57.8,0.0,0,1,47,0.0,0,124,0,44.4,8,100.0,124,15.3,19,71.7,21,2,84.7,105,131,19,2.4,16.4,1.06,38,115,492,711,406,182,104,1,662,662,562,237,1,681,339,638,,602,113,113,554,151,76,76,92,1,480,313,1,58,504,315,584,143,71,259,56,281,507,604,189,575,True
Darrius Clemons,158532,WR,WASH STATE,4,11.8,0,66.7,33.3,2,6,0,6.7,1,-0.01,10,341,0,57.1,69.2,64.1,63.9,65.5,0.0,0,2,18,0.8,1,125,1,47.0,14,91.2,114,25.6,32,49.2,21,0,74.4,93,157,25,1.8,11.2,1.38,38,340,492,330,354,90,33,1,497,447,537,99,1,581,246,384,26,339,113,113,722,563,59,16,86,526,379,146,649,100,354,207,681,143,397,412,86,220,444,664,467,476,True
Horatio Fields,144188,WR,OLE MISS,4,8.4,5,71.4,33.3,1,3,0,6.3,1,0.35,8,226,0,70.9,69.5,66.4,61.0,64.9,0.0,0,0,31,0.9,1,113,2,51.4,15,93.8,106,17.7,20,111.4,21,1,82.3,93,171,75,5.0,11.4,1.61,38,593,36,273,354,182,160,1,487,447,171,158,1,408,220,305,60,357,113,113,1,354,51,16,126,719,226,124,437,129,461,306,272,143,173,302,86,192,155,307,455,394,True
Willie Rodriguez,190448,TE,KENTUCKY,4,4.4,2,81.0,66.7,2,3,0,5.6,1,0.03,10,202,1,71.9,24.7,71.4,72.5,69.6,44.7,42,0,20,10.6,10,94,1,48.9,17,87.2,82,39.4,37,109.7,21,1,9.6,9,137,108,6.4,8.1,1.67,17,226,30,89,59,11,24,1,192,191,198,9,277,157,276,45,69,70,210,96,1,135,231,149,55,167,135,8,43,40,100,42,113,12,28,92,48,35,13,78,192,75,True
Eli Finley,170458,TE,LA TECH,3,5.5,2,71.4,50.0,2,4,1,6.3,1,-0.16,7,208,1,69.9,24.3,63.4,72.9,64.9,50.0,51,0,29,17.6,18,102,3,37.5,15,78.4,80,44.1,45,120.1,21,2,4.9,5,135,73,4.9,9.0,1.69,234,190,30,143,70,11,12,283,195,191,264,27,277,188,277,110,55,97,179,59,1,65,146,55,36,289,269,16,146,44,69,26,75,12,11,164,99,36,31,127,165,73,True
Joshua Long,204851,TE,E MICHIGAN,5,4.1,1,81.0,66.7,2,3,0,0.0,0,-0.2,7,160,0,85.1,69.9,59.5,72.8,58.4,45.1,88,1,19,15.4,30,195,0,39.6,17,79.5,155,54.9,107,72.8,21,0,0.0,0,131,106,6.2,7.7,0.85,1,235,60,89,59,11,24,1,1,1,270,27,1,5,13,141,61,158,207,3,256,141,176,12,1,1,259,8,125,1,18,1,230,12,121,254,254,38,14,85,206,189,True
Brian Rowe Jr.,199945,WR,UCLA,4,12.2,0,52.4,0.0,0,4,0,21.4,3,-0.09,7,324,0,38.9,69.2,66.2,,65.0,0.0,0,1,45,0.0,0,88,0,40.2,11,93.2,82,30.7,27,58.2,21,0,69.3,61,163,84,7.6,14.8,1.99,38,311,492,595,435,435,104,1,688,734,594,186,1,701,246,313,,352,113,113,554,166,76,76,259,1,609,222,506,269,327,237,653,143,397,441,231,211,128,125,259,286,True
Vernell Brown III,200125,WR,FLORIDA,4,7.8,11,85.0,50.0,1,2,0,0.0,0,0.63,8,163,0,85.1,76.4,87.8,,88.4,0.0,0,0,49,0.0,0,77,0,58.6,17,90.9,70,55.8,43,152.1,20,2,44.2,34,271,213,12.5,15.9,3.87,38,618,5,82,228,182,242,1,1,1,31,158,1,31,44,9,,9,113,113,1,133,76,76,321,1,95,94,661,333,234,165,50,162,71,533,382,67,6,30,212,48,True
Chris Lawson,199517,WR,WASHINGTON,4,11.0,2,65.0,50.0,2,4,0,0.0,0,0.22,8,340,0,82.7,69.5,60.5,,62.0,0.7,1,1,35,0.0,0,142,1,52.6,13,96.5,137,9.9,14,96.3,20,1,89.4,127,212,87,6.7,16.3,1.55,38,398,162,418,228,90,104,1,1,1,285,158,1,65,220,511,,458,106,40,554,298,76,76,31,526,200,166,191,26,610,388,402,162,173,170,17,131,122,175,194,420,True
Lotzeir Brooks,198090,WR,ALABAMA,4,10.6,1,85.0,33.3,1,3,0,0.0,0,0.55,9,103,0,85.5,71.1,72.7,63.9,75.3,1.9,2,1,75,1.0,1,104,0,59.2,17,94.2,98,78.8,82,114.6,20,1,16.3,17,256,107,6.3,15.1,2.61,38,437,293,82,354,182,160,1,1,1,56,120,1,26,127,137,26,94,49,23,554,13,45,16,163,1,90,94,398,163,173,66,252,162,173,619,504,79,79,208,239,154,True
Dakorien Moore,199882,WR,OREGON,4,15.7,1,70.0,60.0,3,5,0,6.7,1,0.38,6,264,0,68.7,70.1,65.4,63.7,63.5,0.0,0,0,62,1.7,2,120,0,49.1,14,93.3,112,30.8,37,148.8,20,4,69.2,83,234,66,4.7,16.7,2.09,38,131,293,297,203,39,69,1,497,447,151,237,1,473,179,342,35,399,113,113,1,57,21,5,104,1,308,146,488,109,323,185,70,162,12,442,120,107,185,347,174,266,True
Jayvan Boggs,198437,WR,FLORIDA ST,4,19.1,1,60.0,25.0,1,4,0,0.0,0,0.27,10,167,0,82.7,68.7,74.4,,74.7,0.0,0,2,35,0.0,0,104,0,40.6,12,92.3,96,54.8,57,79.2,20,1,45.2,47,240,60,5.0,20.0,2.5,38,46,293,476,406,182,104,1,1,1,240,99,1,65,279,107,,108,113,113,722,298,76,76,163,1,598,193,571,179,236,119,529,162,173,527,295,94,207,307,77,175,True
Tristian Gardner,198895,WR,COAST CAR,4,19.8,1,50.0,66.7,2,3,0,9.1,1,0.34,10,141,0,52.0,68.5,69.4,,68.3,0.0,0,0,39,0.0,0,118,0,44.0,10,92.4,109,3.4,4,98.1,20,1,96.6,114,181,31,3.1,18.1,1.66,38,35,293,602,169,90,160,1,536,447,179,99,1,619,289,218,,257,113,113,1,245,76,76,112,1,495,248,563,120,729,629,380,162,173,38,36,175,396,510,127,375,True
Aaron Butler,184504,WR,OREGON ST,4,17.6,2,40.0,16.7,1,6,0,0.0,0,0.36,5,265,0,79.3,69.8,58.2,,57.6,0.0,0,1,27,0.0,0,121,1,45.0,8,91.7,111,13.2,16,53.5,20,1,86.8,105,107,46,5.8,13.4,0.96,38,80,162,697,426,182,33,1,1,1,164,296,1,144,205,583,,611,113,113,554,410,76,76,99,526,464,313,618,113,540,354,669,162,173,220,56,343,278,239,338,600,True
Louis Brown IV,163319,WR,BAYLOR,4,20.0,0,45.0,66.7,4,6,0,0.0,0,0.06,8,118,0,80.1,68.1,61.8,,61.1,0.0,0,2,51,0.0,0,141,1,43.4,9,91.5,129,7.8,11,71.9,20,2,92.2,130,185,36,4.0,20.6,1.43,38,34,492,678,169,14,33,1,1,1,444,158,1,124,321,466,,489,113,113,722,120,76,76,35,526,520,282,633,44,659,441,582,162,71,103,12,162,358,415,66,456,True
Dorian Fleming,172225,TE,MARYLAND,4,6.3,3,65.0,66.7,2,3,0,0.0,0,0.01,9,215,0,82.7,68.7,66.9,36.7,71.6,43.7,45,1,29,8.7,9,103,2,48.5,13,86.4,89,42.7,44,82.5,20,1,13.6,14,146,73,5.6,11.2,1.64,17,173,18,204,59,11,24,1,1,1,206,13,1,10,30,74,260,58,216,80,256,65,242,164,34,264,140,23,54,27,78,27,196,16,28,45,12,31,31,108,111,78,True
Donovan Hamilton,190904,WR,BALL ST,4,7.5,0,70.0,40.0,2,5,0,6.7,1,-0.09,9,117,0,68.7,69.0,63.0,,64.6,0.0,0,1,33,0.0,0,108,1,38.8,14,90.7,98,6.5,7,87.5,20,1,93.5,101,150,44,3.1,10.7,1.53,38,628,492,297,345,90,69,1,497,447,594,120,1,473,261,426,,369,113,113,554,324,76,76,142,526,640,146,674,163,683,542,475,162,173,84,67,233,287,510,504,427,True
Daniel Blood,175899,WR,WASH STATE,4,8.5,1,75.0,0.0,0,2,0,11.8,2,-0.03,9,341,0,58.6,69.5,63.1,,62.9,3.3,4,0,32,0.0,0,122,0,45.1,15,92.6,113,63.1,77,98.1,20,0,32.8,40,161,67,4.5,10.7,1.42,38,585,293,182,435,435,242,1,579,662,552,120,1,576,220,421,,423,29,6,1,340,76,76,96,1,455,124,553,103,220,71,380,162,397,558,340,214,183,367,504,461,True
Eugene Wilson III,175886,WR,LSU,4,6.6,2,75.0,50.0,1,2,0,16.7,3,0.09,7,211,1,45.6,42.1,57.3,,56.6,0.8,1,0,53,0.0,0,133,0,51.6,15,96.2,128,20.3,27,96.3,20,0,78.2,104,152,72,4.8,10.1,1.19,38,659,162,182,228,182,242,1,636,734,406,186,716,661,710,610,,636,99,40,1,103,76,76,54,1,221,124,209,45,428,237,402,162,397,358,59,231,165,332,550,523,True
Terrence Smith Jr.,188214,WR,COLO STATE,4,10.5,3,75.0,100.0,2,2,0,6.3,1,0.29,7,144,0,69.9,69.9,62.1,,66.4,0.0,0,1,74,0.0,0,91,0,44.8,15,94.5,86,26.4,24,129.4,20,3,72.5,66,221,90,6.0,14.7,2.57,38,444,104,182,1,90,242,1,487,447,227,186,1,466,195,458,,313,113,113,554,21,76,76,243,1,469,124,356,243,347,265,159,162,35,424,206,120,113,227,267,162,True
AJ Williams III,198929,WR,NEW MEX ST,5,13.7,1,60.0,100.0,2,2,0,14.3,2,0.02,6,242,0,51.7,68.5,56.1,61.9,57.4,0.0,0,0,40,0.9,1,117,2,43.4,12,95.7,112,11.1,13,105.4,20,1,88.9,104,176,58,4.8,14.7,1.57,1,220,293,476,1,90,242,1,607,662,503,237,1,622,289,641,49,615,113,113,1,232,51,16,116,719,520,193,257,109,582,402,320,162,173,175,59,184,214,332,267,407,True
River Helms,145539,TE,GA SOUTHRN,4,7.6,1,80.0,33.3,1,3,0,0.0,0,0.05,9,174,0,84.2,69.5,58.3,71.1,63.4,48.4,75,0,17,11.6,18,155,1,43.4,16,81.9,127,43.2,67,107.1,20,1,7.1,11,114,30,1.9,7.1,0.9,17,131,60,91,98,42,24,1,1,1,190,13,1,6,18,155,100,114,191,13,1,164,222,55,4,167,206,10,102,2,73,5,121,16,28,128,28,45,98,255,216,176,True
Jermane Hayes,199212,WR,MEMPHIS,4,10.8,2,80.0,50.0,1,2,0,0.0,0,0.47,6,218,0,84.2,69.5,69.0,,68.1,0.0,0,2,31,0.0,0,60,0,63.0,16,90.0,54,95.0,57,68.5,20,1,5.0,3,119,35,2.2,7.4,2.2,38,418,162,112,228,182,242,1,1,1,95,237,1,39,220,232,,266,113,113,722,354,76,76,424,1,44,105,694,433,34,119,605,162,173,726,703,312,367,628,682,235,True
David Amador II,174085,WR,UTSA,4,5.6,4,60.0,50.0,2,4,0,7.7,1,-0.02,6,331,0,67.5,76.0,60.5,62.1,61.6,1.0,1,0,27,1.0,1,103,0,40.9,12,88.3,91,94.2,97,90.0,20,1,4.9,5,102,58,4.8,8.5,1.12,38,691,68,476,228,90,104,1,516,447,547,237,1,487,49,511,43,478,82,40,1,410,45,16,172,1,588,193,724,211,40,35,458,162,173,729,664,357,214,332,640,550,True
Cam Coleman,184398,WR,TEXAS,4,18.1,1,60.0,50.0,4,8,0,0.0,0,0.14,10,311,0,82.2,68.5,70.5,,72.0,0.0,0,2,44,0.0,0,131,0,47.7,12,97.7,128,16.0,21,95.4,20,4,84.0,110,208,28,2.3,17.3,1.63,38,66,293,476,228,14,11,1,1,1,347,99,1,80,289,194,,158,113,113,722,176,76,76,58,1,345,193,118,45,489,294,415,162,12,270,44,136,413,614,151,386,True
Matt Wagner,176320,TE,BOISE ST,4,6.5,1,70.0,75.0,3,4,0,6.7,1,0.19,7,120,0,69.0,69.0,89.2,65.1,84.1,66.4,71,0,34,17.8,19,107,0,52.9,14,79.4,85,23.4,25,132.7,20,3,10.3,11,157,70,5.0,11.2,1.85,17,167,60,158,55,3,12,1,198,191,132,27,1,189,26,2,165,9,73,19,1,45,144,49,29,1,87,19,128,32,219,94,55,16,3,77,28,25,33,115,111,67,True
Eric Olsen,165724,TE,OREGON ST,4,6.7,2,75.0,0.0,0,2,1,6.3,1,0.25,8,265,0,70.1,69.2,69.7,75.6,74.4,38.1,37,0,40,12.4,12,97,1,43.5,15,82.5,80,38.1,37,116.9,20,1,16.5,16,171,102,6.8,11.4,2.14,17,161,30,123,105,105,39,283,195,191,105,21,1,187,25,52,23,43,244,112,1,21,213,114,48,167,205,16,92,44,109,42,90,16,28,25,7,22,18,68,107,50,True
Brandon White,163781,WR,KANSAS ST,4,8.0,2,65.0,100.0,2,2,0,7.1,1,0.23,5,199,0,68.7,79.6,63.5,,60.7,0.0,0,2,13,0.0,0,98,0,50.5,13,94.9,93,88.8,87,49.6,20,1,11.2,11,78,54,4.2,6.0,0.84,38,609,162,418,1,90,242,1,504,447,275,296,1,473,10,400,,498,113,113,722,662,76,76,200,1,249,166,315,193,99,52,680,162,173,654,583,442,235,398,718,641,True
Jeremiah Hasley,162696,TE,DUKE,4,8.7,4,65.0,100.0,2,2,0,13.3,2,0.23,10,154,0,53.9,68.7,78.3,67.1,76.4,62.0,62,0,35,13.0,13,100,0,51.6,13,83.0,83,18.0,18,96.9,20,0,10.0,10,195,125,9.6,15.0,2.35,17,92,8,204,1,11,39,1,226,273,115,9,1,225,30,15,145,35,103,28,1,40,204,106,41,1,103,23,89,36,247,146,147,16,121,84,38,16,8,21,39,38,True
Dallas Wilson,200129,WR,FLORIDA,4,11.2,2,73.7,33.3,1,3,0,0.0,0,0.55,11,163,0,83.3,69.7,76.0,,76.9,0.0,0,0,40,0.0,0,84,2,55.8,14,91.7,77,7.1,6,150.3,19,2,92.9,78,236,107,7.6,16.9,3.06,38,382,162,238,354,182,160,1,1,1,56,78,1,55,206,86,,68,113,113,1,232,76,76,283,719,136,146,618,294,671,568,58,179,71,93,137,104,79,125,169,101,True
Jalen Cooper,199179,WR,SMU,4,14.3,0,73.7,80.0,4,5,0,0.0,0,0.34,7,287,0,68.7,70.4,62.2,65.4,63.3,0.9,1,2,50,0.9,1,106,1,60.4,14,94.3,100,8.5,9,93.5,19,1,90.6,96,245,70,5.0,17.5,2.45,38,185,492,238,150,14,69,1,1,1,179,186,1,473,155,453,19,408,93,40,722,128,51,16,155,526,67,146,381,154,643,494,426,179,173,140,78,89,174,307,143,190,True
Coy Eakin,157337,WR,TEXAS TECH,4,8.6,2,78.9,,0,0,0,11.8,2,0.13,9,315,0,57.1,69.2,65.6,,65.3,1.0,1,2,32,0.0,0,100,0,50.5,15,97.0,97,87.0,87,102.1,19,2,12.0,12,182,57,3.8,12.1,1.88,38,579,162,137,,435,605,1,579,662,359,120,1,581,246,334,,343,82,40,722,340,76,76,189,1,249,124,161,174,115,52,346,179,71,649,569,172,222,449,411,313,True
Censere Lee,166543,WR,PITTSBURGH,4,10.0,3,68.4,50.0,4,8,0,0.0,0,0.29,8,268,0,67.8,68.7,66.7,64.5,67.7,1.8,2,0,35,0.9,1,109,1,49.5,13,93.6,102,85.3,93,133.8,19,4,12.8,14,160,44,3.4,12.3,1.57,38,476,104,322,228,14,11,1,1,1,227,158,1,483,279,292,22,273,51,23,1,298,51,16,138,526,297,166,463,143,124,40,135,179,12,643,542,218,287,488,399,407,True
Nathan Acevedo,163393,WR,S DIEGO ST,4,7.2,1,63.2,33.3,1,3,0,0.0,0,-0.16,7,284,0,82.2,43.8,67.9,67.5,69.0,0.0,0,0,29,1.2,1,82,0,36.1,12,86.6,71,84.1,69,118.3,19,2,14.6,12,130,43,3.6,10.8,1.83,38,640,293,445,354,182,160,1,1,1,639,186,1,80,707,259,14,235,113,113,1,380,40,16,293,1,690,193,742,327,136,86,222,179,71,628,569,285,295,471,497,329,True
DJ Allen Jr.,157297,WR,UTSA,4,5.6,4,78.9,50.0,1,2,0,6.3,1,0.26,8,331,0,70.9,69.5,78.2,,79.3,0.0,0,1,62,0.0,0,57,1,61.1,15,94.7,54,96.5,55,131.9,19,2,3.5,2,252,181,12.1,16.8,4.67,38,691,68,137,228,182,242,1,487,447,246,158,1,408,220,53,,49,113,113,554,57,76,76,442,526,63,124,330,433,26,128,142,179,71,740,721,84,16,34,171,17,True
Braeden Wisloski,170213,WR,JAMES MAD,4,7.1,3,68.4,,0,0,0,18.8,3,0.35,8,197,0,41.1,72.5,66.8,66.1,68.4,6.1,4,0,54,1.5,1,66,0,50.0,13,95.5,63,87.9,58,95.1,19,0,6.1,4,164,87,6.7,12.6,2.6,38,642,104,322,,435,605,1,661,734,171,158,1,685,88,290,17,252,8,6,1,98,26,16,389,1,254,166,269,385,106,115,417,179,397,714,683,208,122,175,379,155,True
Chauncey Magwood,146734,WR,PURDUE,4,10.2,1,52.6,100.0,2,2,0,16.7,2,0.2,7,273,0,49.5,69.0,64.2,,63.4,0.0,0,0,23,0.0,0,131,0,48.4,10,93.1,122,16.8,22,90.7,19,1,83.2,109,124,12,1.2,12.4,1.02,38,463,293,593,1,90,242,1,636,662,306,186,1,640,261,380,,405,113,113,1,481,76,76,58,1,325,248,514,66,476,280,449,179,173,286,45,299,581,702,390,586,True
CJ Smith,157076,WR,UAB,4,19.1,0,42.1,66.7,4,6,1,20.0,2,-0.18,6,321,0,41.2,67.1,62.2,,62.0,0.0,0,1,42,0.0,0,97,1,35.2,8,93.8,91,24.7,24,45.5,19,0,75.3,73,138,15,1.9,17.3,1.52,38,46,492,692,169,14,33,744,662,662,655,237,1,681,378,453,,458,113,113,554,206,76,76,207,526,701,313,437,211,365,265,693,179,397,399,157,263,547,661,151,431,True
Eugene Hilton Jr.,199574,WR,WISCONSIN,4,10.8,2,47.4,14.3,1,7,0,18.2,2,0.12,6,349,0,44.3,69.4,59.6,,58.2,0.0,0,1,20,0.0,0,79,1,47.4,9,96.2,76,19.0,15,58.7,19,1,81.0,64,98,37,4.1,10.9,1.29,38,418,162,668,431,182,18,1,657,662,370,237,1,677,240,535,,588,113,113,554,525,76,76,308,526,357,282,209,298,446,373,651,179,173,317,212,372,350,407,489,494,True
Quincy Burroughs,164137,WR,W KENTUCKY,5,11.6,5,47.4,33.3,1,3,0,0.0,0,-0.15,7,346,0,80.1,67.5,68.9,64.0,66.7,1.0,1,1,42,1.0,1,102,0,43.4,9,96.1,98,31.4,32,67.9,19,1,67.6,69,140,60,6.7,15.6,1.43,1,353,36,668,354,182,160,1,1,1,629,186,1,124,353,235,25,302,82,40,554,206,45,16,175,1,520,282,216,163,318,207,610,179,173,452,190,258,207,175,221,456,True
Da'Wain Lofton,144089,WR,DELAWARE,4,11.2,7,68.4,66.7,2,3,0,0.0,0,0.02,10,151,0,82.7,68.7,70.9,,70.7,0.8,1,1,57,0.0,0,121,0,43.6,13,90.9,110,2.5,3,106.8,19,1,96.7,117,258,121,9.3,19.8,2.35,38,382,12,322,169,90,160,1,1,1,503,99,1,65,279,175,,181,99,40,554,78,76,76,99,1,515,166,661,116,738,658,304,179,173,35,33,78,64,66,80,208,True
Deondre Johnson,175506,WR,JVILLE ST,5,13.9,0,73.7,60.0,3,5,0,0.0,0,0.32,11,196,0,83.8,69.2,70.6,,69.5,0.0,0,1,42,0.0,0,139,1,57.1,14,90.6,126,22.3,31,126.2,19,2,77.7,108,226,35,2.5,16.1,1.79,1,207,492,238,203,39,69,1,1,1,192,78,1,47,246,190,,219,113,113,554,206,76,76,40,526,113,146,679,49,398,218,174,179,71,366,50,113,367,588,201,337,True
Gary Givens III,189126,WR,NEVADA,4,18.2,1,36.8,12.5,1,8,0,22.2,2,-0.15,5,239,0,37.6,66.7,54.2,,55.1,0.0,0,3,73,0.0,0,125,1,35.9,7,93.6,117,5.6,7,29.2,19,0,94.4,118,164,85,12.1,23.4,1.4,38,63,293,715,433,182,11,1,691,662,629,296,1,704,415,685,,670,113,113,761,23,76,76,86,526,692,360,463,91,696,542,740,179,397,68,31,208,126,34,35,467,True
Branden Ganashamoorthy,176674,WR,WASH STATE,4,18.0,0,47.4,40.0,2,5,0,10.0,1,-0.04,6,341,0,61.0,67.5,57.9,,57.0,0.8,1,1,46,0.0,0,127,0,43.2,9,92.9,118,15.0,19,86.5,19,2,84.3,107,145,40,4.4,16.1,1.23,38,71,492,668,345,90,69,1,551,447,562,237,1,544,353,593,,624,99,40,554,160,76,76,72,1,525,282,531,86,509,315,483,179,71,264,52,242,328,372,201,512,True
Cooper Hoch,174870,WR,S JOSE ST,4,12.4,1,84.2,100.0,1,1,0,0.0,0,0.04,11,285,0,84.7,69.7,72.1,,72.6,0.8,1,0,51,0.0,0,119,0,43.9,16,95.8,114,5.0,6,158.3,19,3,94.1,112,239,73,4.6,14.9,2.1,38,296,293,90,1,182,394,1,1,1,475,78,1,36,206,146,,144,99,40,1,120,76,76,108,1,504,105,240,100,704,568,1,179,35,73,40,99,162,362,254,262,True
Lynel Billups-Williams,171271,WR,MIAMI OH,4,7.1,3,78.9,100.0,2,2,1,6.3,1,0.48,9,221,0,69.9,76.5,67.3,,69.0,0.0,0,0,35,0.0,0,82,1,51.9,15,93.9,77,92.7,76,125.9,19,1,7.3,6,190,99,6.6,12.7,2.47,38,642,104,137,1,90,242,744,487,447,89,120,1,466,41,274,,235,113,113,1,298,76,76,293,526,215,124,425,294,53,72,175,179,173,698,653,155,98,185,374,185,True
Hunter Tipton,183948,TE,MEMPHIS,4,9.3,7,84.2,75.0,3,4,0,0.0,0,0.57,12,218,0,84.2,69.5,74.8,65.4,82.9,11.2,10,0,87,29.2,26,89,0,60.2,16,66.3,59,39.3,35,158.3,19,3,18.0,16,307,186,11.6,19.2,5.2,17,76,2,74,55,3,12,1,1,1,22,4,1,6,18,27,159,11,290,264,1,1,47,21,65,1,35,10,243,99,103,48,1,21,3,20,7,1,1,10,13,3,True
Chase Sowell,157700,WR,PENN STATE,4,13.7,4,78.9,25.0,1,4,0,0.0,0,0.26,10,266,0,84.2,69.5,77.3,,75.5,0.0,0,0,35,0.0,0,93,0,46.0,15,93.5,87,23.7,22,127.2,19,1,76.3,71,196,66,4.4,13.1,2.25,38,220,68,137,406,182,104,1,1,1,246,99,1,39,220,64,,89,113,113,1,298,76,76,233,1,411,124,475,235,382,280,170,179,173,382,176,145,185,372,355,223,True
Adam Mohammed,183644,HB,CAL,4,-2.7,7,89.5,0.0,0,1,0,0.0,0,0.07,7,130,0,84.7,84.9,78.5,49.9,73.8,0.0,0,0,65,20.5,23,112,1,45.5,17,75.0,84,8.9,10,121.1,19,1,17.9,20,168,225,13.2,9.9,2.0,16,234,5,92,32,32,13,1,1,1,161,3,1,1,11,50,192,49,31,31,1,6,210,61,9,245,166,2,84,4,91,19,46,2,17,17,2,3,1,31,74,44,True
Wayne Harris,184076,WR,KENT STATE,4,11.8,2,52.6,66.7,2,3,0,0.0,0,0.0,6,201,0,81.5,75.8,62.8,61.9,64.7,0.0,0,1,63,1.0,1,105,0,40.4,10,93.3,98,65.7,69,78.2,19,1,34.3,36,167,30,3.0,16.7,1.7,38,340,162,593,169,90,160,1,1,1,525,237,1,90,57,432,49,365,113,113,554,52,45,16,159,1,602,248,488,163,214,86,537,179,173,552,368,202,402,515,174,361,True
Trey'Dez Green,184453,TE,LSU,3,9.4,8,77.8,0.0,0,1,0,6.7,1,0.1,11,211,0,68.7,70.3,72.7,52.5,80.2,43.2,48,1,24,14.4,16,111,1,48.6,14,83.8,93,30.6,34,113.4,18,1,18.9,21,222,124,8.9,15.9,2.39,234,74,1,114,105,105,75,1,198,191,165,6,1,190,7,38,228,16,221,69,256,99,187,75,24,167,138,19,75,23,172,53,105,22,28,18,4,8,9,32,29,37,True
Jace Petty,172419,WR,TROY,4,10.0,2,55.6,,0,0,0,16.7,2,-0.03,5,318,0,47.1,69.7,53.7,,53.2,0.0,0,0,18,0.0,0,102,0,44.9,10,96.1,98,91.2,93,68.1,18,0,6.9,7,85,40,4.0,8.5,0.87,38,476,162,553,,435,605,1,636,662,552,296,1,651,206,699,,705,113,113,1,563,76,76,175,1,466,248,216,163,70,40,609,198,397,705,636,419,328,415,640,634,True
Jayvontay Conner,172510,TE,VANDERBILT,4,10.2,3,61.1,50.0,2,4,0,8.3,1,0.15,7,333,0,64.6,68.2,64.2,72.9,65.3,28.7,29,0,31,5.9,6,101,1,52.1,11,87.1,88,69.3,70,82.2,18,0,2.0,2,126,33,3.0,11.5,1.43,17,58,18,210,70,11,12,1,202,191,151,27,1,203,48,104,55,96,273,157,1,57,259,211,37,167,96,33,46,28,3,3,201,22,121,229,166,41,84,211,104,104,True
AJ Newberry,172623,HB,OREGON ST,4,2.7,5,72.2,,0,0,0,7.1,1,0.57,7,265,0,67.5,79.1,67.3,70.9,64.0,2.9,3,0,40,17.1,18,105,1,53.1,13,77.1,81,2.9,3,96.1,18,0,36.2,38,146,141,10.8,11.2,1.8,16,47,12,202,,32,74,1,204,203,24,3,1,202,110,203,113,136,11,7,1,17,233,96,18,245,79,6,68,8,202,118,110,3,62,1,1,7,6,66,43,54,True
Sanfrisco Magee,191205,WR,MISS STATE,4,13.2,4,72.2,42.9,3,7,0,0.0,0,0.51,9,227,0,82.7,68.7,75.1,,74.5,1.1,1,0,43,0.0,0,89,1,54.2,13,93.3,83,11.2,10,150.0,18,5,86.5,77,208,49,3.8,16.0,2.51,38,250,68,268,340,39,18,1,1,1,76,120,1,65,279,94,,113,78,40,1,192,76,76,255,526,162,166,488,263,581,463,59,198,8,228,140,136,256,449,206,173,True
Audric Harris,183637,WR,HAWAII,4,14.8,2,61.1,0.0,0,3,0,0.0,0,-0.02,6,180,0,81.5,68.2,60.4,,60.2,0.0,0,0,55,0.0,0,116,0,47.8,11,99.1,115,37.9,44,91.4,18,0,62.1,72,166,62,5.6,15.1,1.44,38,162,162,469,435,435,160,1,1,1,547,237,1,90,304,516,,521,113,113,1,93,76,76,119,1,340,222,78,97,281,161,439,198,397,486,165,203,198,254,239,451,True
Clint Walker,215284,TE,BUFFALO,4,6.8,0,61.1,33.3,1,3,0,8.3,1,-0.32,3,126,1,64.9,11.7,44.3,59.3,46.5,56.1,83,1,21,21.6,32,148,0,33.1,11,71.6,106,40.5,60,47.9,18,0,0.0,0,78,9,0.8,7.1,0.74,17,157,123,210,98,42,24,1,202,191,282,89,277,200,287,279,197,275,144,7,256,125,106,7,6,1,284,33,212,12,92,8,267,22,121,254,254,78,222,279,216,217,True
Omari Hayes,156520,WR,IOWA STATE,4,10.3,4,61.1,50.0,1,2,1,8.3,1,0.05,7,193,0,64.6,73.0,70.9,,69.4,0.0,0,0,34,0.0,0,73,1,42.0,11,94.5,69,84.9,62,89.1,18,0,15.1,11,156,53,4.8,14.2,2.26,38,453,68,469,228,182,242,744,530,447,461,186,1,525,85,175,,222,113,113,1,314,76,76,348,526,559,222,356,341,129,104,466,198,397,625,583,221,241,332,298,222,True
Braylon Staley,184893,WR,TENNESSEE,4,10.8,3,77.8,50.0,1,2,0,0.0,0,0.12,7,307,0,83.8,69.2,62.1,,60.9,0.0,0,0,35,0.0,0,136,0,46.5,14,93.4,127,83.1,113,134.3,18,2,15.4,21,132,61,4.4,9.4,1.04,38,418,104,148,228,182,242,1,1,1,370,186,1,47,246,458,,493,113,113,1,298,76,76,47,1,398,146,486,47,144,18,129,198,71,622,459,280,203,372,593,580,True
Ronnel Johnson,178430,WR,JVILLE ST,5,13.4,1,55.6,0.0,0,1,0,16.7,2,0.41,5,196,0,47.1,67.9,53.8,,52.1,0.0,0,1,18,0.0,0,151,0,59.1,10,90.7,137,16.6,25,50.0,18,0,83.4,126,107,18,1.8,10.7,0.78,1,238,293,553,435,435,394,1,636,662,127,296,1,651,323,694,,724,113,113,554,563,76,76,19,1,92,248,674,26,481,256,677,198,397,281,18,343,518,664,504,652,True
Jake Wilson,184974,TE,WYOMING,4,8.2,3,61.1,50.0,2,4,0,15.4,2,-0.22,7,351,1,49.5,21.7,56.7,69.8,56.2,47.8,44,1,29,3.3,3,92,2,40.4,11,93.5,86,38.0,35,63.2,18,0,10.9,10,144,79,7.2,13.1,1.67,17,107,18,210,70,11,12,1,232,273,275,27,277,243,278,173,113,186,195,87,256,65,277,247,59,264,248,33,11,30,111,48,249,22,121,70,38,32,28,59,69,75,True
Josh Rodriguez,204206,WR,DOMINION,4,16.1,0,50.0,50.0,3,6,1,10.0,1,-0.17,4,263,0,61.0,67.5,59.1,,60.4,0.0,0,0,34,0.0,0,100,3,34.8,9,92.0,92,11.0,11,73.4,18,0,89.0,89,128,23,2.6,14.2,1.39,38,118,492,602,228,39,33,744,551,447,648,369,1,544,353,552,,515,113,113,1,314,76,76,189,760,709,282,590,202,589,441,571,198,397,174,99,291,466,580,298,471,True
Isaiah Johnson,185903,WR,CINCINNATI,4,3.2,0,83.3,,0,0,0,6.3,1,0.17,5,138,0,70.9,69.5,59.5,,59.2,0.0,0,0,15,0.0,0,86,0,51.2,15,97.7,84,91.9,79,85.6,18,0,8.1,7,82,77,5.1,5.5,0.98,38,737,492,91,,435,605,1,487,447,322,296,1,408,220,537,,550,113,113,1,626,76,76,274,1,233,124,118,253,64,69,487,198,397,690,636,427,146,296,739,596,True
Micah Gilbert,184095,WR,NOTRE DAME,4,14.3,1,83.3,33.3,1,3,0,0.0,0,0.44,9,258,0,83.8,69.2,74.4,,74.4,0.0,0,0,61,0.0,0,92,0,58.1,15,93.5,86,22.8,21,155.8,18,2,77.2,71,334,97,6.5,22.3,3.88,38,185,293,91,354,182,160,1,1,1,117,120,1,47,246,107,,114,113,113,1,62,76,76,237,1,101,124,475,243,391,294,37,198,71,373,176,31,102,188,46,46,True
Andre Greene Jr.,162748,WR,GA SOUTHRN,4,10.8,0,38.9,0.0,0,5,0,30.0,3,0.02,3,174,0,27.6,67.1,50.1,,50.9,0.0,0,0,17,0.0,0,100,1,44.1,7,93.0,93,16.0,16,47.7,18,0,84.0,84,57,13,1.9,8.1,0.61,38,418,492,710,435,435,69,1,727,734,503,436,1,737,378,746,,743,113,113,1,588,76,76,189,526,490,360,522,193,489,354,687,198,397,270,117,508,574,661,657,691,True
Bailen George,218652,WR,NEW MEXICO,4,17.2,1,50.0,0.0,0,1,0,10.0,1,0.09,6,241,0,61.0,67.5,65.7,61.9,66.3,0.0,0,0,68,1.3,1,78,1,42.0,9,87.2,68,65.4,51,98.4,18,1,34.6,27,156,45,5.0,17.3,2.29,38,89,293,602,435,435,394,1,551,447,406,237,1,544,353,325,49,316,113,113,1,37,35,16,313,526,559,282,739,352,215,138,377,198,173,551,422,221,282,307,151,216,True
Zion Ragins,188780,WR,MISS STATE,4,17.6,2,55.6,0.0,0,2,0,0.0,0,0.41,7,227,0,80.9,67.9,61.6,,61.9,0.0,0,0,43,0.0,0,139,0,52.4,10,90.6,126,21.6,30,128.0,18,3,78.4,109,173,58,5.8,17.3,1.37,38,80,162,553,435,435,242,1,1,1,127,186,1,105,323,476,,461,113,113,1,192,76,76,40,1,203,248,679,49,408,223,165,198,35,351,45,189,214,239,151,479,True
Chrishon McCray,163139,WR,MICH STATE,4,8.1,5,83.3,50.0,1,2,0,0.0,0,0.0,9,223,1,83.8,33.3,65.9,,66.3,0.0,0,1,21,0.0,0,105,0,49.0,15,93.3,98,80.0,84,73.8,18,0,19.0,20,131,31,2.1,8.7,1.34,38,604,36,91,228,182,242,1,1,1,525,120,716,47,719,323,,316,113,113,554,509,76,76,159,1,309,124,488,163,167,62,568,198,397,599,468,281,396,635,627,487,True
Kyler Kasper,163298,WR,BYU,3,11.9,1,50.0,16.7,1,6,0,10.0,1,0.27,6,128,0,61.0,67.5,65.4,,66.7,0.0,0,1,29,0.0,0,53,1,60.4,9,100.0,53,9.4,5,84.5,18,2,90.6,48,116,29,3.2,12.9,2.19,572,333,293,602,426,182,33,1,551,447,240,237,1,544,353,342,,302,113,113,554,380,76,76,462,526,67,282,1,440,619,597,497,198,71,140,292,318,408,503,367,240,True
Anthony Ivey,164175,WR,S JOSE ST,4,15.5,0,50.0,66.7,2,3,0,18.2,2,0.09,8,285,0,44.7,79.3,61.5,,62.2,1.0,1,1,46,0.0,0,102,1,48.4,9,93.1,95,0.0,0,63.2,18,0,99.0,101,184,37,4.1,20.4,1.94,38,139,492,602,169,90,160,1,657,662,406,158,1,676,12,481,,452,82,40,554,160,76,76,175,526,325,282,514,185,754,754,636,198,397,18,67,166,350,407,70,299,True
Jayce Freeman,164607,WR,TEMPLE,4,14.2,1,33.3,16.7,1,6,0,25.0,2,0.09,6,306,0,33.8,66.2,62.2,,59.7,0.0,0,0,39,0.0,0,104,0,41.8,6,94.2,98,1.9,2,76.9,18,1,98.1,102,123,28,4.7,20.5,1.26,38,194,293,718,426,182,33,1,703,662,406,237,1,717,449,453,,541,113,113,1,245,76,76,163,1,567,408,398,163,745,690,547,198,173,23,66,301,413,347,68,502,True
DJ Vonnahme,189695,TE,IOWA,3,6.9,2,55.6,33.3,2,6,0,9.1,1,-0.03,7,192,0,62.9,68.7,65.0,71.6,67.9,38.3,23,0,21,5.0,3,60,1,42.9,10,88.3,53,53.3,32,74.1,18,0,1.7,1,111,55,5.5,11.1,2.09,234,155,30,238,98,11,2,1,209,191,224,27,1,208,30,94,90,80,243,197,1,125,266,247,138,167,215,45,36,115,24,62,227,22,121,236,202,46,43,110,113,53,True
Jordan Shipp,183338,WR,N CAROLINA,3,12.6,2,72.2,60.0,3,5,0,7.1,1,0.18,10,245,0,69.0,69.0,72.7,,72.7,0.0,0,0,23,0.0,0,90,0,47.2,13,98.9,89,37.8,34,100.2,18,0,62.2,56,164,52,4.0,12.6,1.84,572,280,162,268,203,39,69,1,504,447,318,99,1,472,261,137,,141,113,113,1,481,76,76,250,1,367,166,81,225,283,200,362,198,397,485,255,208,244,415,379,326,True
Benjamin Brahmer,174660,TE,PENN STATE,4,12.1,2,61.1,50.0,2,4,0,8.3,1,0.08,7,266,1,64.6,20.5,65.3,68.2,66.3,40.0,34,0,23,4.7,4,85,0,38.8,11,89.4,76,47.1,40,123.4,18,3,10.6,9,133,37,3.4,12.1,1.75,17,29,30,210,70,11,12,1,202,191,176,27,277,203,279,89,135,91,236,124,1,108,268,233,75,1,265,33,29,50,55,35,71,22,3,74,48,37,70,198,95,69,True
Jelani Thurman,170274,TE,N CAROLINA,3,7.3,1,61.1,0.0,0,1,0,8.3,1,0.03,7,245,0,64.6,68.2,75.9,71.3,70.5,75.0,63,0,35,6.0,5,84,2,43.4,11,92.9,78,13.1,11,113.9,18,1,11.9,10,183,141,12.8,16.6,2.35,234,139,60,210,105,105,75,1,202,191,198,27,1,203,48,21,98,64,30,25,1,40,258,219,78,264,206,33,15,48,272,211,100,22,28,59,38,18,5,7,25,38,True
Brayden Trimble,198523,WR,ILLINOIS,4,8.9,2,72.2,25.0,1,4,0,7.1,1,0.19,7,187,0,67.5,68.7,59.4,,60.2,0.0,0,0,15,0.0,0,87,0,57.3,13,94.3,82,77.0,67,88.4,18,0,23.0,20,113,60,4.6,8.7,1.38,38,560,162,268,406,182,104,1,504,447,313,186,1,487,279,543,,521,113,113,1,626,76,76,267,1,112,166,381,269,182,95,470,198,397,580,468,325,207,362,627,476,True
Destyn Hill,170339,WR,TULANE,4,10.9,2,66.7,50.0,1,2,0,0.0,0,-0.19,4,319,1,82.2,21.4,63.2,61.9,60.9,0.0,0,1,61,1.1,1,94,0,28.9,12,94.7,89,7.4,7,92.1,18,1,92.6,87,169,70,5.8,14.1,1.9,38,408,162,330,228,182,242,1,1,1,661,369,716,80,743,415,49,493,113,113,554,62,43,16,227,1,750,193,330,225,667,542,435,198,173,97,107,198,174,239,304,308,True
Juice Vereen,170383,TE,COLO STATE,4,6.1,0,50.0,100.0,2,2,0,10.0,1,0.18,3,144,0,61.0,67.5,52.3,69.8,50.4,33.7,35,1,16,3.8,4,104,1,42.0,9,93.3,97,51.9,54,33.1,18,0,12.5,13,41,9,1.0,4.6,0.42,17,179,123,244,1,11,39,1,212,191,137,89,1,211,62,233,113,253,258,120,256,171,272,233,32,167,231,49,12,14,28,17,284,22,121,51,15,159,222,267,269,256,True
Semaj Morgan,174043,WR,UCLA,4,11.0,0,77.8,66.7,4,6,0,0.0,0,0.12,7,324,0,83.3,76.0,67.1,,71.4,0.0,0,0,31,0.0,0,88,2,41.0,14,94.3,83,85.2,75,144.0,18,2,13.6,12,174,57,4.1,12.4,2.1,38,398,492,148,169,14,33,1,1,1,370,186,1,55,49,279,,168,113,113,1,354,76,76,259,719,586,146,381,263,125,74,84,198,71,638,569,187,222,407,390,262,True
Miles Coleman,190604,WR,OKLA STATE,4,7.1,4,66.7,100.0,1,1,0,7.7,1,0.07,7,262,0,66.4,78.5,68.8,62.1,69.9,1.3,1,1,34,1.3,1,75,0,53.5,12,93.3,70,89.3,67,84.7,18,1,5.3,4,137,78,6.5,11.4,1.96,38,642,68,330,1,182,394,1,516,447,430,186,1,515,22,238,43,205,65,40,554,314,35,16,333,1,177,193,488,333,90,95,495,198,173,725,683,265,143,188,455,293,True
DeVon Rice,183902,HB,HAWAII,4,-0.9,1,72.2,0.0,0,1,0,0.0,0,0.0,3,180,1,82.7,62.9,77.6,74.8,65.5,0.0,0,0,29,46.4,51,110,0,46.8,13,53.6,59,7.3,8,95.4,18,1,0.9,1,63,84,6.5,4.8,1.07,16,164,112,202,32,32,13,1,1,1,187,47,274,5,217,59,83,117,31,31,1,36,22,3,11,1,145,6,257,37,114,35,117,3,17,225,164,57,30,187,215,120,True
Jaylen Bonelli,171689,WR,ARK STATE,4,9.8,5,66.7,33.3,2,6,0,7.7,1,0.06,7,113,0,66.1,75.9,63.5,,64.4,0.0,0,0,30,0.0,0,104,1,52.0,12,96.2,100,24.0,25,116.0,18,1,76.0,79,172,63,5.3,14.3,1.72,38,496,36,330,354,90,33,1,516,447,444,186,1,519,54,400,,377,113,113,1,369,76,76,163,526,214,193,209,154,377,256,243,198,173,387,135,191,195,277,289,356,True
Rashid Williams,171943,WR,WASHINGTON,4,13.3,1,61.1,33.3,1,3,0,0.0,0,0.23,10,340,0,81.5,68.2,68.9,,70.9,0.0,0,0,44,0.0,0,103,0,51.5,11,96.1,99,35.9,37,135.2,18,3,64.1,66,184,76,6.9,16.7,1.86,38,242,293,469,354,182,160,1,1,1,275,99,1,90,304,235,,176,113,113,1,176,76,76,172,1,223,222,216,161,293,185,126,198,35,471,206,166,151,169,174,321,True
Chris Lofton,172252,WR,APP STATE,4,12.8,1,66.7,100.0,2,2,0,7.7,1,0.32,8,108,0,66.1,70.3,65.0,74.3,61.9,0.0,0,0,29,1.6,2,128,0,52.8,12,94.5,121,32.0,41,110.4,18,1,66.4,85,148,26,2.2,12.3,1.22,38,268,293,330,1,90,242,1,516,447,192,158,1,519,166,359,3,461,113,113,1,380,23,5,71,1,195,193,356,69,315,171,279,198,173,461,114,238,432,628,399,516,True
Kenny Darby,215853,WR,KENTUCKY,4,8.6,6,76.5,50.0,1,2,0,7.1,1,-0.19,8,202,0,67.5,69.5,80.7,,81.0,1.5,1,1,42,0.0,0,65,0,35.5,13,95.4,62,87.7,57,132.6,17,2,6.2,4,226,121,9.3,17.4,3.65,38,579,22,165,228,182,242,1,504,447,661,158,1,487,220,34,,37,58,40,554,206,76,76,397,1,696,166,277,391,109,119,139,222,71,713,683,113,64,66,150,56,True
Damari Alston,157037,HB,TULSA,5,1.2,4,70.6,100.0,1,1,0,0.0,0,-0.1,6,320,0,82.2,84.6,79.0,67.7,78.4,0.9,1,0,15,37.6,41,109,0,38.6,12,59.6,65,1.8,2,80.3,17,0,3.7,4,79,102,8.5,6.6,1.22,1,88,23,214,1,5,13,1,1,1,226,6,1,6,14,45,122,29,28,10,1,127,48,11,13,1,252,9,231,28,230,152,193,5,62,154,62,29,15,122,161,102,True
Mekhi Collins,162198,WR,N DAK ST,4,17.6,1,41.2,25.0,1,4,0,22.2,2,0.21,6,250,0,37.6,66.7,63.4,,63.1,0.0,0,1,44,0.0,0,72,0,55.1,7,95.8,69,12.5,9,83.9,17,2,87.5,63,134,60,8.6,19.1,1.94,38,80,293,695,406,182,104,1,691,662,294,237,1,704,415,405,,416,113,113,554,176,76,76,354,1,145,360,240,341,551,494,501,222,71,206,224,272,207,90,95,299,True
Devin McCuin,176494,WR,OHIO STATE,4,13.2,4,76.5,100.0,1,1,0,7.1,1,0.63,8,260,0,67.5,69.6,66.6,,65.1,2.3,2,0,22,0.0,0,88,0,64.0,13,97.7,86,11.4,10,125.9,17,1,86.4,76,165,30,2.3,12.7,1.92,38,250,68,165,1,182,394,1,504,447,31,158,1,487,216,297,,344,42,23,1,496,76,76,259,1,38,166,118,243,575,463,175,222,173,231,145,206,402,614,374,304,True
Robby Washington,170096,WR,COAST CAR,4,7.5,2,47.1,0.0,0,2,0,11.1,1,-0.01,4,141,1,58.9,18.3,53.6,,53.2,0.0,0,1,58,0.0,0,96,1,40.2,8,90.6,87,97.9,94,67.3,17,1,2.1,2,126,81,10.1,15.8,1.45,38,628,162,671,435,435,242,1,563,447,537,369,716,560,753,701,,705,113,113,554,75,76,76,216,526,609,313,679,235,13,38,618,222,173,751,721,295,136,59,216,449,True
Aveion Chenault,205552,WR,W MICHIGAN,3,13.7,2,76.5,83.3,5,6,0,0.0,0,0.08,8,347,0,82.7,68.7,82.6,,82.1,0.0,0,0,44,0.0,0,57,0,44.0,13,87.7,50,22.8,13,137.5,17,1,77.2,44,216,55,4.2,16.6,4.32,572,220,162,165,148,6,33,1,1,1,415,158,1,65,279,28,,30,113,113,1,176,76,76,442,1,495,166,733,460,391,402,111,222,173,373,320,125,232,398,178,25,True
Jayden Savoury,205057,TE,MICH STATE,4,7.1,2,76.5,20.0,1,5,0,0.0,0,0.04,4,223,0,82.7,68.7,68.4,65.8,70.6,47.7,42,0,46,11.4,10,88,0,51.2,13,84.1,74,38.6,34,103.3,17,0,13.6,12,153,81,6.2,11.8,2.07,17,149,30,119,103,42,5,1,1,1,195,66,1,10,30,64,155,62,196,96,1,11,224,149,68,1,107,23,70,52,108,53,132,30,121,45,20,28,26,85,101,55,True
Chris Brooks Jr.,158688,WR,WISCONSIN,4,9.4,6,58.8,0.0,0,1,0,0.0,0,0.0,7,349,0,80.9,67.9,66.9,71.0,64.6,4.0,4,3,75,3.0,3,100,0,45.9,10,95.0,95,21.0,21,95.8,17,2,73.0,73,184,98,9.8,18.4,1.94,38,519,22,518,435,435,394,1,1,1,525,186,1,105,323,282,6,369,20,6,761,13,8,1,189,1,412,248,305,185,417,294,409,222,71,420,157,166,99,62,120,299,True
Messiah Hampton,215048,WR,OREGON,4,10.8,0,82.4,100.0,1,1,0,0.0,0,0.69,9,264,0,84.2,69.5,80.6,63.9,78.5,0.0,0,0,21,1.2,1,82,0,59.7,14,92.7,76,19.5,16,140.7,17,2,80.5,66,142,22,1.6,10.1,1.87,38,418,492,108,1,182,394,1,1,1,20,120,1,39,220,37,26,58,113,113,1,509,40,16,293,1,79,146,547,298,441,354,101,222,71,322,206,254,475,683,550,318,True
Mekhi Anderson,190253,WR,UTSA,4,5.9,1,94.1,100.0,1,1,0,5.9,1,0.13,7,331,0,72.1,71.7,64.0,,65.0,0.0,0,0,44,0.0,0,101,1,53.3,16,91.1,92,14.9,15,151.2,17,2,85.1,86,185,85,5.3,11.6,2.01,38,682,293,47,1,182,394,1,481,447,359,186,1,400,106,387,,352,113,113,1,176,76,76,186,526,181,105,656,202,516,373,55,222,71,249,110,162,126,277,444,280,True
EJ Reid,183396,WR,UAB,4,7.9,3,88.2,100.0,2,2,0,0.0,0,0.03,6,321,0,83.8,69.6,66.5,,67.2,0.0,0,1,43,0.0,0,88,0,44.0,15,95.5,84,39.8,35,95.1,17,1,60.2,53,136,41,2.7,9.1,1.62,38,614,104,67,1,90,242,1,1,1,490,237,1,47,216,300,,285,113,113,554,192,76,76,259,1,495,124,269,253,271,192,417,222,173,495,268,268,317,569,606,391,True
Maleek Huggins,147957,WR,MIAMI OH,4,16.4,2,64.7,100.0,1,1,0,0.0,0,0.58,8,221,0,81.5,69.4,82.7,,81.8,4.5,3,1,41,0.0,0,66,0,48.4,11,93.9,62,13.6,9,103.2,17,1,81.8,54,225,71,6.5,20.5,3.63,38,109,162,422,1,182,394,1,1,1,44,158,1,90,240,27,,33,18,14,554,218,76,76,389,1,325,222,425,391,533,494,336,222,173,308,262,116,171,188,68,58,True
Derrick Eley,193128,WR,CHARLOTTE,4,10.7,2,64.7,100.0,2,2,0,21.4,3,-0.18,5,136,0,35.9,70.3,58.1,,58.0,0.0,0,0,43,0.0,0,129,0,40.5,11,93.8,121,17.8,23,113.1,17,1,82.2,106,153,36,3.3,13.9,1.26,38,431,162,422,1,90,242,1,688,734,655,296,1,716,166,588,,594,113,113,1,192,76,76,66,1,600,222,437,69,458,275,259,222,173,303,54,227,358,495,320,502,True
Jaleel Skinner,156343,TE,LOUISVILLE,4,5.5,5,70.6,,0,0,0,14.3,2,0.43,9,210,0,51.7,68.5,72.8,73.7,76.4,48.2,55,0,69,9.6,11,114,1,53.8,12,83.3,95,45.6,52,152.6,17,3,4.4,5,248,179,14.9,20.7,2.61,17,190,5,156,,105,169,1,227,273,45,13,1,233,39,36,44,35,193,41,1,5,238,131,21,167,74,30,79,17,59,20,20,30,3,176,99,5,2,4,7,32,True
DJ Epps,163572,WR,W VIRGINIA,4,18.8,4,58.8,75.0,3,4,0,16.7,2,0.32,10,343,0,47.4,70.6,77.7,,79.5,0.0,0,1,59,0.0,0,72,0,45.6,10,94.4,68,98.6,71,118.3,17,3,0.0,0,279,118,11.8,27.9,4.1,38,53,68,518,157,39,104,1,636,662,192,99,1,649,143,59,,46,113,113,554,72,76,76,354,1,427,248,364,352,12,84,222,222,35,756,756,62,68,39,19,34,True
David Wells Jr.,176410,WR,TULSA,5,16.9,0,41.2,50.0,3,6,0,30.0,3,-0.1,6,320,0,25.5,66.7,52.8,,53.4,0.7,1,1,15,0.0,0,139,0,36.9,7,93.5,130,9.4,13,66.1,17,2,89.9,125,61,8,1.1,8.7,0.47,1,96,492,695,228,39,33,1,727,734,604,237,1,744,415,715,,701,106,40,554,626,76,76,40,1,678,360,475,40,619,402,625,222,71,157,21,489,634,705,627,724,True
Garrett Oakley,157772,TE,KANSAS ST,4,7.7,1,76.5,50.0,1,2,0,7.1,1,0.19,8,199,0,67.5,68.7,70.9,61.1,66.4,69.0,78,0,26,14.2,16,113,0,47.2,13,82.3,93,21.2,24,101.8,17,0,8.0,9,147,97,7.5,11.3,1.58,17,122,60,119,70,42,39,1,200,191,132,21,1,191,30,47,189,89,56,8,1,88,192,75,22,1,159,23,97,23,233,100,135,30,121,113,48,30,19,52,108,85,True
Trent Mosley,214643,WR,USC,3,11.4,5,76.5,33.3,1,3,0,0.0,0,0.74,11,326,0,82.7,75.1,89.8,67.8,86.6,1.5,1,0,68,1.5,1,66,0,70.3,13,95.5,63,83.3,55,157.5,17,4,15.2,10,255,106,8.2,19.6,4.05,572,366,36,165,354,182,160,1,1,1,11,78,1,65,64,6,11,13,58,40,1,37,26,16,389,1,13,166,269,385,138,128,28,222,12,624,595,81,82,105,88,38,True
Bryson Hammer,176105,WR,TOLEDO,4,11.0,0,88.2,0.0,0,1,0,0.0,0,0.47,9,316,0,83.8,46.8,76.8,,80.9,0.0,0,0,78,0.0,0,59,2,54.5,15,93.2,55,93.2,55,158.0,17,2,6.8,4,286,140,9.3,19.1,5.2,38,398,492,67,435,435,394,1,1,1,95,120,1,47,704,74,,38,113,113,1,6,76,76,427,719,156,124,506,429,49,128,24,222,71,708,683,53,44,66,95,13,True
Jeremiah Koger,199425,WR,AUBURN,4,14.1,0,58.8,33.3,1,3,0,0.0,0,0.02,9,115,0,80.9,67.9,65.7,,65.1,0.0,0,2,45,0.0,0,99,0,42.6,10,94.9,94,11.1,11,54.9,17,0,88.9,88,177,38,3.8,17.7,1.88,38,196,492,518,354,182,160,1,1,1,503,120,1,105,323,325,,344,113,113,722,166,76,76,196,1,544,248,315,188,582,441,666,222,397,175,104,182,340,449,136,313,True
Joshisa Trader,183245,WR,NC STATE,4,9.4,2,64.7,0.0,0,1,0,0.0,0,0.35,6,248,1,81.5,21.2,62.4,60.9,61.7,0.0,0,0,32,1.5,1,67,1,58.1,11,89.6,60,4.5,3,87.6,17,0,95.5,64,129,74,6.7,11.7,2.15,38,519,162,422,435,435,394,1,1,1,171,237,716,90,746,448,69,470,113,113,1,340,26,16,386,526,101,222,705,406,712,658,474,222,397,56,212,290,161,175,439,250,True
James Resar,189692,TE,FIU,4,6.9,1,52.9,28.6,2,7,0,0.0,0,-0.02,4,166,0,80.1,68.5,57.6,49.7,56.9,44.8,52,0,21,12.9,15,116,0,45.9,9,81.9,95,33.6,39,87.4,17,1,20.7,24,88,32,3.6,9.8,0.93,17,155,60,243,102,11,1,1,1,1,219,66,1,24,39,162,236,180,209,55,1,125,206,88,20,1,176,49,102,17,147,37,184,30,28,13,2,63,88,183,142,170,True
Jmariyae Robinson,164812,WR,MO STATE,3,5.1,2,76.5,100.0,1,1,0,0.0,0,0.24,5,230,0,69.9,75.0,63.2,62.1,63.9,0.0,0,0,30,1.3,1,76,1,48.5,13,85.5,65,59.2,45,90.1,17,0,39.5,30,99,87,6.7,7.6,1.52,572,710,162,165,1,182,394,1,1,1,268,296,1,466,66,415,43,386,113,113,1,369,35,16,323,526,323,166,751,373,228,154,457,222,397,540,401,367,122,175,680,431,True
Baylin Brooks,175749,WR,W MICHIGAN,4,9.7,0,70.6,0.0,0,2,0,14.3,2,-0.04,6,347,0,52.0,68.5,57.5,,56.9,1.1,1,0,17,0.0,0,94,1,42.9,12,89.4,84,48.9,46,124.9,17,2,50.0,47,101,35,2.9,8.4,1.2,38,500,492,294,435,435,242,1,607,662,562,237,1,619,289,606,,628,78,40,1,588,76,76,227,526,534,193,709,253,248,148,178,222,71,516,295,359,367,543,646,520,True
Wayshawn Parker,184224,HB,UTAH,4,3.5,10,88.2,100.0,1,1,0,0.0,0,0.59,10,328,0,83.8,82.4,85.6,63.4,74.7,0.0,0,0,36,22.4,19,85,0,59.8,15,75.3,64,15.3,13,144.0,17,4,20.0,17,154,128,8.5,10.3,2.41,16,33,3,100,1,5,13,1,1,1,19,1,1,3,37,11,142,44,31,31,1,24,189,86,37,1,27,4,81,29,30,10,19,5,1,12,3,6,9,122,62,30,True
Rico Scott,191140,WR,ALABAMA,4,12.1,1,70.6,50.0,2,4,0,0.0,0,0.49,7,103,0,66.4,69.4,61.8,44.4,59.0,0.0,0,0,32,0.8,1,131,1,61.3,12,90.8,119,36.6,48,114.8,17,1,63.4,83,140,30,2.5,11.7,1.18,38,314,293,294,228,90,104,1,1,1,86,186,1,515,240,466,75,565,113,113,1,340,59,16,58,526,61,193,671,81,291,146,250,222,173,477,120,258,402,588,439,527,True
Derrick Salley Jr.,213980,WR,KANSAS ST,3,11.5,2,64.7,75.0,3,4,0,0.0,0,0.15,6,199,2,81.5,20.5,69.8,,68.7,0.0,0,0,39,0.0,0,59,1,42.6,11,91.5,54,3.4,2,115.3,17,1,96.6,57,162,41,3.7,14.7,3.0,572,361,162,422,157,39,104,1,1,1,339,237,769,90,749,209,,248,113,113,1,245,76,76,427,526,544,222,633,433,729,690,246,222,173,38,248,213,317,460,267,108,True
Terrell Crosby Jr.,157607,WR,TOLEDO,4,10.9,2,52.9,66.7,2,3,0,18.2,2,0.46,6,316,0,47.4,69.5,61.9,,61.1,0.0,0,1,26,0.0,0,79,0,56.2,9,92.4,73,5.1,4,50.4,17,0,94.9,75,117,50,5.6,13.0,1.6,38,408,162,592,169,90,160,1,657,662,105,237,1,649,220,464,,489,113,113,554,430,76,76,308,1,131,282,563,314,701,629,674,222,397,65,152,316,251,254,360,399,True
Jeremy Scott,190098,WR,TCU,4,13.4,0,76.5,100.0,1,1,0,7.1,1,0.3,9,305,0,67.5,68.7,64.6,,64.6,0.0,0,0,52,0.0,0,124,0,49.6,13,99.2,123,8.1,10,130.3,17,1,91.9,114,183,31,2.4,14.1,1.49,38,238,492,165,1,182,394,1,504,447,215,120,1,487,279,371,,369,113,113,1,111,76,76,92,1,296,166,77,61,654,463,154,222,173,108,36,171,396,604,304,441,True
Josiah Martin,183262,WR,N TEXAS,4,11.9,1,64.7,0.0,0,1,0,0.0,0,0.57,7,251,0,81.5,70.4,69.3,,69.7,0.0,0,1,41,0.0,0,75,0,58.3,11,96.0,72,92.0,69,71.0,17,0,8.0,6,161,79,7.2,14.6,2.24,38,333,293,422,435,435,394,1,1,1,48,186,1,90,155,222,,211,113,113,554,218,76,76,333,1,99,222,225,317,61,86,591,222,397,691,653,214,142,149,272,227,True
Howard Kinchen,216315,WR,TROY,2,13.0,0,62.5,33.3,1,3,0,0.0,0,0.15,3,318,0,80.9,67.9,70.9,,70.6,0.0,0,0,55,0.0,0,42,0,55.0,10,95.2,40,9.5,4,128.4,16,2,90.5,38,133,42,4.2,13.3,3.33,700,257,492,446,354,182,160,1,1,1,339,436,1,105,323,175,,186,113,113,1,93,76,76,528,1,146,248,290,528,614,629,163,246,71,146,354,277,305,398,341,74,True
Randy Pittman Jr.,176195,TE,SMU,4,5.6,2,81.3,0.0,0,1,0,7.1,1,0.55,7,287,0,67.5,70.2,64.8,34.4,68.1,13.1,14,0,30,15.9,17,107,3,63.0,13,78.5,84,51.4,55,140.1,16,2,7.5,8,130,95,7.3,10.0,1.55,17,187,30,87,105,105,75,1,200,191,26,27,1,191,9,98,266,78,288,250,1,60,166,66,29,289,22,23,144,35,29,15,43,34,11,121,58,39,20,55,135,91,True
Jeremy Payne,183837,HB,TCU,4,-1.1,5,87.5,100.0,2,2,0,0.0,0,0.21,1,305,1,83.3,68.4,73.5,75.6,62.2,0.0,0,0,14,29.7,35,118,2,46.6,14,70.3,83,7.6,9,83.1,16,0,5.9,7,63,71,5.1,4.5,0.76,16,175,12,101,1,2,5,1,1,1,112,145,274,4,212,112,77,152,31,31,1,139,120,14,6,278,152,5,124,7,108,26,178,7,62,103,28,57,50,237,224,178,True
Jonah Burton,144512,WR,DUKE,4,11.2,3,81.3,50.0,1,2,0,0.0,0,0.25,8,154,0,83.3,69.0,81.9,,83.0,0.0,0,0,36,0.0,0,54,0,51.0,13,94.4,51,77.8,42,136.2,16,1,22.2,12,187,75,5.8,14.4,3.67,38,382,104,109,228,182,242,1,1,1,255,158,1,55,261,30,,26,113,113,1,280,76,76,458,1,241,166,364,454,180,170,119,246,173,583,569,161,155,239,286,55,True
Ty Mims,163565,WR,UAB,4,9.8,4,75.0,57.1,4,7,0,0.0,0,0.08,9,321,0,82.2,76.5,77.6,,76.8,0.0,0,0,56,0.0,0,79,0,45.9,12,93.7,74,55.7,44,136.5,16,1,44.3,35,196,75,6.3,16.3,2.65,38,496,68,182,219,14,18,1,1,1,415,120,1,80,41,60,,69,113,113,1,86,76,76,308,1,412,193,459,309,235,161,117,246,173,532,378,145,155,208,194,147,True
Bailey Stockton,175368,WR,FLORIDA,4,5.9,2,81.3,,0,0,0,7.1,1,0.47,5,163,0,67.5,72.3,60.2,,59.0,1.5,1,1,24,0.0,0,65,1,55.6,13,96.9,63,83.1,54,89.1,16,1,13.8,9,106,69,5.3,8.2,1.68,38,682,162,109,,435,605,1,504,447,95,296,1,487,92,520,,565,58,40,554,463,76,76,397,526,138,166,163,385,144,133,466,246,173,636,608,349,180,277,653,368,True
J'Koby Williams,191359,HB,TEXAS TECH,4,-1.8,6,100.0,,0,0,0,0.0,0,0.36,3,315,0,84.2,60.9,79.8,71.9,87.4,0.0,0,0,28,24.1,14,58,0,60.0,16,70.7,41,25.9,15,95.6,16,0,6.9,4,111,140,8.8,6.9,2.71,16,198,7,1,,32,74,1,1,1,65,47,1,2,225,38,102,11,31,31,1,39,176,131,119,1,23,3,123,105,6,6,116,7,62,87,62,13,7,118,154,21,True
Scoop Smith,215291,WR,MIAMI OH,4,8.7,6,75.0,100.0,1,1,0,0.0,0,0.54,5,221,0,82.7,71.7,85.6,,83.1,0.0,0,0,30,0.0,0,32,0,54.8,12,96.9,31,78.1,25,115.4,16,1,21.9,7,115,93,7.8,9.6,3.71,38,571,22,182,1,182,394,1,1,1,61,296,1,65,106,14,,24,113,113,1,369,76,76,598,1,152,193,163,590,177,256,245,246,173,585,636,321,106,116,587,54,True
Dom Dorwart,184115,WR,OHIO,4,17.9,1,62.5,50.0,2,4,0,9.1,1,0.23,6,259,0,64.6,69.0,61.8,,60.7,0.0,0,1,42,0.0,0,121,0,50.4,10,95.0,115,10.7,13,106.5,16,2,89.3,108,149,44,4.4,14.9,1.3,38,74,293,446,228,90,104,1,536,447,275,237,1,525,261,466,,498,113,113,554,206,76,76,99,1,252,248,305,97,593,402,306,246,71,172,50,234,287,372,254,492,True
Koby Howard,199913,WR,PENN STATE,3,15.8,4,75.0,75.0,3,4,0,0.0,0,0.72,9,266,0,82.2,69.9,93.0,,92.2,1.8,1,0,70,0.0,0,56,0,56.6,12,94.6,53,57.1,32,156.3,16,2,39.3,22,344,142,11.8,28.7,6.49,572,127,68,182,157,39,104,1,1,1,13,120,1,80,195,3,,3,51,40,1,30,76,76,446,1,126,193,345,440,231,207,30,246,71,541,452,27,39,39,16,7,True
Ajay Allen,156470,HB,W KENTUCKY,5,1.3,2,68.8,,0,0,0,15.4,2,-0.1,2,346,0,49.5,83.1,66.3,34.2,56.9,0.0,0,0,41,32.6,46,141,0,40.0,11,66.7,94,11.3,16,100.5,16,1,6.4,9,78,64,5.8,7.1,0.83,1,83,57,216,,32,74,1,228,276,226,87,1,240,30,209,234,213,31,31,1,16,86,4,2,1,235,13,167,3,56,4,91,7,17,96,12,32,63,211,142,167,True
Preston Douglas,198976,TE,NC STATE,4,7.1,4,87.5,0.0,0,2,0,0.0,0,0.15,9,248,0,83.3,69.0,64.2,55.0,78.1,64.0,55,0,43,19.8,17,86,1,52.5,14,76.7,66,29.1,25,131.0,16,1,5.8,5,167,80,5.7,11.9,2.53,17,149,8,54,105,105,39,1,1,1,151,13,1,9,26,104,214,30,89,41,1,14,126,66,71,167,90,19,163,67,189,94,60,34,28,153,99,23,27,103,100,35,True
Jacob Harris,173370,TE,WISCONSIN,4,7.3,2,68.8,66.7,2,3,0,8.3,1,0.1,6,349,0,64.6,68.2,79.9,71.7,82.2,66.2,43,0,72,6.2,4,65,2,43.8,11,92.3,60,29.2,19,132.3,16,1,3.1,2,203,113,10.3,18.5,3.38,17,139,30,164,59,11,24,1,202,191,165,40,1,203,48,9,88,13,74,92,1,4,257,233,126,264,200,33,19,95,185,137,57,34,28,207,166,13,11,13,16,9,True
Caleb Odom,184543,TE,OLE MISS,3,10.5,3,81.3,100.0,2,2,0,0.0,0,0.2,9,226,0,82.7,68.7,79.4,74.8,79.3,31.8,27,1,35,8.2,7,85,1,50.0,13,85.9,73,55.3,47,113.5,16,1,8.2,7,201,82,6.3,15.5,2.75,234,52,18,87,1,11,39,1,1,1,127,13,1,10,30,11,33,24,268,169,256,40,244,195,75,167,115,23,58,54,17,24,104,34,28,108,69,14,25,81,35,25,True
Griffin Wilde,177231,WR,NWESTERN,3,14.3,2,87.5,100.0,1,1,0,0.0,0,0.43,10,256,0,83.3,69.0,76.2,,76.6,1.0,1,0,71,0.0,0,96,1,56.0,14,94.8,91,15.6,15,158.3,16,2,83.3,80,245,98,7.0,17.5,2.69,572,185,162,70,1,182,394,1,1,1,120,99,1,55,261,81,,70,82,40,1,29,76,76,216,526,132,146,324,211,496,373,1,246,71,282,130,89,99,157,143,140,True
Kameron Courtney,183285,WR,VIRGINIA,4,3.3,5,93.8,100.0,2,2,0,0.0,0,0.33,7,335,0,83.8,69.2,71.7,,71.7,2.6,2,0,52,0.0,0,76,0,54.8,15,96.1,73,90.8,69,149.5,16,2,6.6,5,166,123,8.2,11.1,2.27,38,733,36,48,1,90,242,1,1,1,185,186,1,47,246,159,,162,34,23,1,111,76,76,323,1,152,124,216,314,73,86,62,246,71,711,664,203,60,105,471,219,True
Marquis Johnson,175906,WR,MISS STATE,4,16.7,1,68.8,50.0,1,2,0,0.0,0,0.57,7,227,0,81.5,69.5,63.1,,63.0,0.0,0,0,70,0.0,0,104,1,52.7,11,89.4,93,9.6,10,150.0,16,2,90.4,94,196,66,6.0,17.8,2.11,38,99,293,318,228,182,242,1,1,1,48,186,1,90,220,421,,420,113,113,1,30,76,76,163,526,198,222,709,193,611,463,59,246,71,152,83,145,185,227,134,258,True
Corey Simms,199420,WR,USC,4,7.9,2,75.0,33.3,1,3,0,7.7,1,0.52,7,326,0,66.1,69.7,77.2,,75.1,0.0,0,0,52,0.0,0,55,0,62.3,12,96.4,53,16.4,9,131.8,16,1,83.6,46,178,90,7.5,14.8,3.36,38,614,162,182,354,182,160,1,516,447,71,186,1,519,206,65,,98,113,113,1,111,76,76,450,1,52,193,195,440,483,494,145,246,173,278,310,179,113,130,259,72,True
Rico Bond,192802,WR,TOLEDO,4,14.6,1,56.3,0.0,0,1,0,0.0,0,0.5,6,316,0,80.1,67.5,68.0,,69.3,0.0,0,0,85,0.0,0,65,1,55.0,9,92.3,60,92.3,60,116.1,16,1,7.7,5,178,142,15.8,19.8,2.97,38,172,293,551,435,435,394,1,1,1,83,237,1,124,353,256,,227,113,113,1,1,76,76,397,526,146,282,571,406,58,109,242,246,173,694,664,179,39,11,80,111,True
Taz Reddicks,173734,WR,UNLV,4,15.7,0,75.0,80.0,4,5,0,7.7,1,0.12,7,325,1,66.4,21.4,70.6,,69.7,0.0,0,0,59,0.0,0,68,0,40.0,12,88.2,60,92.6,63,137.5,16,1,7.4,5,236,31,2.6,19.7,3.93,38,131,492,182,150,14,69,1,516,447,370,186,716,515,743,190,,211,113,113,1,72,76,76,377,1,615,193,726,406,55,102,111,246,173,697,664,104,396,580,83,44,True
Arhmad Branch,174948,WR,USF,3,8.4,3,73.3,50.0,2,4,0,15.4,2,0.27,7,327,0,49.5,68.2,63.4,,62.9,0.0,0,0,17,0.0,0,59,0,54.2,11,100.0,59,8.5,5,93.2,15,0,91.5,54,108,41,3.7,9.8,1.83,572,593,104,244,228,90,104,1,631,662,240,186,1,640,304,405,,423,113,113,1,588,76,76,427,1,162,222,1,410,643,597,427,259,397,118,262,340,317,460,572,329,True
Brodie Malone-Bradford,198946,WR,NEW MEX ST,4,13.7,1,53.3,0.0,0,1,0,11.1,1,0.17,6,242,0,61.0,67.5,62.1,,63.8,0.0,0,0,33,0.0,0,65,3,41.0,8,93.8,61,16.9,11,102.4,15,1,83.1,54,121,40,5.0,15.1,1.98,38,220,293,588,435,435,394,1,563,447,322,237,1,544,353,458,,388,113,113,1,324,76,76,397,760,586,313,437,397,474,441,344,259,173,287,262,306,328,307,239,287,True
Joseph Griffin Jr.,162664,WR,UMASS,3,19.4,2,53.3,0.0,0,2,0,0.0,0,0.21,5,216,0,79.3,67.8,71.5,,71.9,0.0,0,1,39,0.0,0,54,1,45.1,8,94.4,51,29.6,16,78.2,15,1,70.4,38,134,40,5.0,16.8,2.63,572,42,162,588,435,435,242,1,1,1,294,296,1,144,339,165,,159,113,113,554,245,76,76,458,526,455,313,364,454,332,354,537,259,173,436,354,272,328,307,171,150,True
Tychaun Chapman,162741,WR,MEMPHIS,4,13.1,0,73.3,66.7,2,3,0,0.0,0,0.3,4,218,1,81.5,20.5,66.9,,67.4,0.0,0,1,44,0.0,0,51,0,50.0,11,98.0,50,90.2,46,100.7,15,1,9.8,5,155,37,3.4,14.1,3.1,38,253,492,244,169,90,160,1,1,1,215,369,716,90,749,282,,281,113,113,554,176,76,76,475,1,254,222,101,460,75,148,357,259,173,675,664,223,350,488,304,94,True
Jeremiah Melvin,183392,WR,E CAROLINA,3,14.6,0,73.3,100.0,2,2,0,0.0,0,-0.34,8,156,0,81.5,68.2,76.1,,77.0,0.0,0,1,38,0.0,0,62,0,37.1,11,100.0,62,8.1,5,100.4,15,1,91.9,57,154,22,2.0,14.0,2.48,572,172,492,244,1,90,242,1,1,1,726,158,1,90,304,84,,67,113,113,554,257,76,76,415,1,674,222,1,391,654,597,361,259,173,108,248,225,475,641,312,181,True
Eli Jacon-Duffy,191009,TE,BOWL GREEN,4,6.3,0,66.7,50.0,1,2,0,0.0,0,-0.2,7,122,0,80.9,67.9,56.0,76.1,64.1,53.6,52,0,29,15.5,15,97,1,40.9,10,81.4,79,41.2,40,82.4,15,0,4.1,4,89,50,5.0,8.9,1.13,17,173,123,165,70,42,39,1,1,1,270,27,1,20,57,183,19,104,161,55,1,65,173,88,48,167,243,45,114,47,88,35,197,38,121,186,119,62,52,115,173,135,True
Brett Eskildsen,191299,WR,PENN STATE,4,12.1,2,60.0,33.3,1,3,0,0.0,0,0.34,4,266,0,80.1,67.5,59.8,,60.7,0.0,0,0,25,0.0,0,78,0,44.7,9,97.4,76,28.2,22,97.4,15,1,71.8,56,83,55,6.1,9.2,1.09,38,314,162,476,354,182,160,1,1,1,179,369,1,124,353,529,,498,113,113,1,446,76,76,313,1,473,282,137,298,338,280,388,259,173,429,255,423,232,222,603,562,True
Keyan Burnett,158714,TE,UNLV,4,10.1,0,46.7,33.3,2,6,0,12.5,1,0.06,2,325,0,56.8,66.7,53.8,74.1,55.4,57.6,57,0,25,16.2,16,99,1,42.7,7,82.8,82,32.3,32,61.8,15,0,10.1,10,75,21,3.0,10.7,0.91,17,59,123,267,98,11,2,1,219,191,184,140,1,218,85,214,37,200,129,39,1,92,163,75,46,167,222,70,90,40,157,62,251,38,121,82,38,84,141,211,119,175,True
Shamar Porter,175159,WR,UCONN,4,14.6,1,53.3,100.0,1,1,0,11.1,1,0.25,7,146,0,62.9,67.9,77.1,,76.5,0.0,0,1,53,0.0,0,65,0,44.8,8,89.2,58,4.6,3,109.4,15,2,95.4,62,184,51,6.4,23.0,3.17,38,172,293,588,1,182,394,1,563,447,255,186,1,536,323,66,,71,113,113,554,103,76,76,397,1,469,313,713,416,711,658,291,259,71,58,229,166,247,199,40,90,True
Russell Babineaux,204119,WR,LA LAFAYET,4,6.5,1,80.0,,0,0,0,7.7,1,0.22,7,207,0,67.5,70.5,72.0,,73.1,0.0,0,0,27,0.0,0,58,0,46.9,12,84.5,49,93.1,54,121.1,15,1,6.9,4,116,77,6.4,9.7,2.37,38,663,293,112,,435,605,1,516,447,285,186,1,487,152,148,,136,113,113,1,410,76,76,437,1,381,193,761,472,50,133,197,259,173,705,683,318,146,199,580,203,True
Cam Thompson,159604,WR,N ILLINOIS,4,13.3,1,60.0,0.0,0,1,0,0.0,0,-0.16,4,254,0,80.1,69.5,57.9,,59.8,0.0,0,0,52,0.0,0,84,1,42.9,9,100.0,84,41.7,35,104.3,15,1,58.3,49,108,28,3.1,12.0,1.29,38,242,293,476,435,435,394,1,1,1,639,369,1,124,220,593,,534,113,113,1,111,76,76,283,526,534,282,1,253,265,192,327,259,173,500,287,340,413,510,416,494,True
Brennan Ridley,189014,WR,BOWL GREEN,4,10.0,2,66.7,0.0,0,1,0,0.0,0,0.07,3,122,0,80.9,72.4,57.3,,59.4,0.0,0,1,20,0.0,0,73,1,43.7,10,95.9,70,26.0,19,49.9,15,0,74.0,54,72,35,3.5,7.2,1.03,38,476,162,330,435,435,394,1,1,1,430,436,1,105,90,610,,547,113,113,554,525,76,76,348,526,513,248,232,333,352,315,679,259,397,414,262,457,367,479,690,584,True
Donnell Gee Jr.,204370,WR,TULSA,5,14.3,1,53.3,0.0,0,1,0,20.0,2,-0.06,6,320,0,41.2,67.1,59.4,,59.2,0.0,0,0,24,0.0,0,85,0,39.7,8,91.8,78,24.7,21,96.2,15,1,75.3,64,99,21,2.6,12.4,1.27,1,185,293,588,435,435,394,1,662,662,576,237,1,681,378,543,,550,113,113,1,463,76,76,279,1,621,313,609,290,365,294,405,259,173,399,212,367,490,580,390,499,True
Kam Shanks,173347,WR,WAKE,4,9.2,2,66.7,,0,0,0,16.7,2,0.32,4,339,0,49.5,70.6,70.7,,70.2,0.0,0,0,27,0.0,0,55,0,50.0,10,90.9,50,78.2,43,110.7,15,1,21.8,12,111,49,4.9,11.1,2.22,38,536,162,330,,435,605,1,636,662,192,369,1,640,143,187,,195,113,113,1,410,76,76,450,1,254,248,661,460,176,165,278,259,173,586,569,333,256,324,471,231,True
Javon Ross,193348,WR,TULSA,5,8.5,0,86.7,75.0,3,4,0,0.0,0,-0.09,6,320,0,83.3,69.0,73.9,,73.5,1.6,1,0,18,0.0,0,64,0,37.3,13,92.2,59,87.5,56,122.8,15,1,7.8,5,122,38,2.9,9.4,2.07,1,585,492,75,157,39,104,1,1,1,594,237,1,55,261,120,,130,56,40,1,563,76,76,405,1,670,166,582,410,111,122,189,259,173,693,664,304,340,543,593,271,True
Traylon Ray,176206,WR,OLE MISS,4,11.4,1,80.0,33.3,1,3,0,0.0,0,0.39,9,226,0,82.2,71.6,71.8,,72.1,1.5,1,0,36,0.0,0,68,0,51.5,12,97.1,66,82.4,56,141.0,15,1,13.2,9,189,64,5.3,15.8,2.86,38,366,293,112,354,182,160,1,1,1,145,120,1,80,112,154,,155,58,40,1,280,76,76,377,1,223,193,153,367,150,122,100,259,173,641,608,158,193,277,216,123,True
CJ Brown,184382,WR,ARKANSAS,4,10.3,2,33.3,0.0,0,4,0,16.7,1,0.01,4,111,0,49.8,65.7,55.5,,54.0,0.0,0,1,16,0.0,0,117,0,45.9,5,93.2,109,12.0,14,18.5,15,0,88.0,103,59,27,5.4,11.8,0.54,38,453,162,718,435,435,104,1,636,447,515,369,1,631,485,657,,692,113,113,554,604,76,76,116,1,412,462,506,120,564,388,757,259,397,192,63,501,424,267,428,712,True
Kylen Evans,184353,WR,TEXAS ST,3,11.6,1,66.7,,0,0,0,9.1,1,0.14,8,314,1,64.6,68.2,73.8,,73.7,0.0,0,1,31,0.0,0,63,0,50.8,10,96.8,61,17.5,11,77.1,15,0,82.5,52,170,65,6.5,17.0,2.79,572,353,293,330,,435,605,1,536,447,347,158,716,525,304,123,,127,113,113,554,354,76,76,412,1,246,248,169,397,465,441,544,259,397,298,273,195,190,188,162,130,True
Adrian Norton,176301,WR,MARSHALL,3,11.2,1,66.7,66.7,2,3,0,0.0,0,0.03,3,214,0,80.9,73.2,61.7,,62.5,0.0,0,0,15,0.0,0,71,1,42.2,10,90.1,64,5.6,4,74.0,15,0,94.4,67,59,21,2.1,5.9,0.92,572,382,293,330,169,90,160,1,1,1,490,436,1,105,84,469,,438,113,113,1,626,76,76,365,526,553,248,692,379,696,629,567,259,397,68,199,501,490,635,734,614,True
Cooper Barkate,159333,WR,MIAMI FL,4,9.0,1,93.3,100.0,1,1,0,0.0,0,0.66,6,220,0,83.3,73.5,65.2,,64.3,0.0,0,0,34,0.0,0,101,0,69.5,14,94.1,95,19.8,20,146.0,15,3,80.2,81,143,49,3.5,10.2,1.51,38,549,293,49,1,182,394,1,1,1,24,237,1,55,82,353,,380,113,113,1,314,76,76,186,1,17,146,406,185,434,306,78,259,35,326,127,248,256,479,541,435,True
Josh Derry,176941,WR,UCF,4,8.9,2,66.7,0.0,0,1,0,0.0,0,-0.11,6,323,0,81.5,68.2,61.6,,63.8,0.0,0,0,26,0.0,0,90,0,44.0,10,93.3,84,20.0,18,90.7,15,0,80.0,72,119,57,5.7,11.9,1.42,38,560,162,330,435,435,394,1,1,1,610,237,1,90,304,476,,388,113,113,1,430,76,76,250,1,495,248,488,253,429,326,449,259,397,329,165,312,222,249,425,461,True
Jojo Stone,183321,WR,FIU,4,7.8,2,80.0,100.0,1,1,0,7.7,1,0.3,6,166,0,67.5,70.2,65.6,,68.2,0.0,0,0,68,0.0,0,87,0,51.9,12,92.0,80,81.6,71,137.5,15,1,18.4,16,175,120,10.0,14.6,2.19,38,618,162,112,1,182,394,1,516,447,215,237,1,487,171,334,,260,113,113,1,37,76,76,267,1,215,193,590,282,156,84,111,259,173,604,515,186,66,60,272,240,True
TJ Thomas,188550,HB,MINNESOTA,4,-1.1,5,73.3,,0,0,0,15.4,2,0.06,4,225,1,51.7,54.4,69.6,43.9,42.7,0.0,0,0,14,15.0,12,80,0,44.9,11,83.8,67,3.8,3,79.9,15,0,0.0,0,60,73,6.6,5.5,0.9,16,175,12,198,,32,74,1,228,276,167,15,274,225,242,159,209,277,31,31,1,139,247,159,48,1,173,13,29,21,179,118,195,10,62,228,228,65,45,184,191,144,True
Trent Walker,146340,WR,HOUSTON,4,10.9,3,80.0,50.0,3,6,0,0.0,0,0.32,9,182,0,82.7,76.5,66.5,,68.7,0.0,0,0,23,0.0,0,100,2,53.8,12,93.0,93,15.0,15,129.7,15,1,85.0,85,147,53,4.4,12.3,1.58,38,408,104,112,228,39,33,1,1,1,192,120,1,65,41,300,,248,113,113,1,481,76,76,189,719,167,193,522,193,509,373,157,259,173,250,114,240,241,372,399,404,True
Jeremiah Ware,207858,WR,GA SOUTHRN,4,5.4,4,86.7,100.0,1,1,0,0.0,0,0.03,9,174,0,82.7,70.9,70.8,,72.6,1.3,1,0,27,0.0,0,78,1,41.9,13,94.9,74,75.6,59,111.4,15,0,20.5,16,161,108,8.3,12.4,2.18,38,702,68,75,1,182,394,1,1,1,490,120,1,65,134,182,,144,65,40,1,410,76,76,313,526,565,166,315,309,192,112,272,259,397,592,515,214,77,102,390,242,True
DJ Riles,156596,WR,GA STATE,4,7.1,2,93.3,100.0,2,2,0,6.7,1,0.48,7,175,1,69.9,39.7,66.2,,65.9,6.2,5,0,22,0.0,0,81,0,57.1,14,93.8,76,90.1,73,106.4,15,0,3.7,3,143,58,4.1,10.2,1.88,38,642,162,49,1,90,242,1,497,447,89,186,716,466,712,313,,329,7,3,1,496,76,76,301,1,113,146,437,298,79,78,307,259,397,737,703,248,214,407,541,313,True
Jahlil McClain,176467,WR,FRESNO ST,4,8.2,1,60.0,100.0,1,1,0,10.0,1,0.12,6,169,0,61.0,67.5,65.6,,66.1,0.0,0,0,28,0.0,0,74,1,52.2,9,93.2,69,97.3,72,101.5,15,1,2.7,2,98,44,4.9,10.9,1.42,38,601,293,476,1,182,394,1,551,447,370,237,1,544,353,334,,323,113,113,1,395,76,76,340,526,208,282,506,341,16,82,351,259,173,745,721,372,287,324,489,461,True
Mel Brown,169178,HB,COLO STATE,4,-1.5,5,80.0,100.0,1,1,0,14.3,2,0.32,3,144,0,51.7,80.9,74.9,63.7,67.3,0.0,0,0,9,30.0,18,60,0,47.5,12,70.0,42,13.3,8,81.4,15,0,11.7,7,53,84,7.0,4.4,1.26,16,186,12,138,1,5,13,1,220,276,77,47,1,225,74,94,141,94,31,31,1,213,112,96,110,1,138,9,127,100,41,35,186,10,62,35,28,81,30,171,227,94,True
T.J. Johnson,199058,WR,DOMINION,4,13.6,2,66.7,100.0,1,1,0,16.7,2,-0.15,6,263,1,49.5,20.5,59.3,,59.8,0.0,0,0,42,0.0,0,98,2,36.3,10,92.9,91,76.5,75,139.7,15,2,23.5,23,153,47,4.7,15.3,1.68,38,229,162,330,1,182,394,1,636,662,629,237,716,640,749,549,,534,113,113,1,206,76,76,200,719,688,248,531,211,185,74,103,259,71,578,445,227,267,347,233,368,True
Anthony Eager,172306,WR,S ALABAMA,3,14.9,0,46.7,50.0,2,4,0,22.2,2,0.23,5,288,0,37.6,66.7,58.0,,57.9,0.0,0,1,43,0.0,0,94,0,51.1,7,93.6,88,28.7,27,90.8,15,2,71.3,67,137,30,4.3,19.6,1.56,572,159,492,672,228,90,104,1,691,662,275,296,1,704,415,591,,600,113,113,554,192,76,76,227,1,236,360,463,229,336,237,447,259,71,431,199,265,402,384,88,416,True
Reis Kessel,191989,TE,N DAK ST,4,7.6,1,73.3,75.0,3,4,0,8.3,1,0.28,8,250,0,64.9,68.2,66.7,43.1,65.7,66.7,52,0,23,6.4,5,78,1,56.3,11,87.2,68,25.6,20,114.9,15,1,7.7,6,106,42,3.8,9.6,1.56,17,131,60,140,55,3,12,1,202,191,92,21,1,200,48,76,251,94,68,55,1,108,253,219,88,167,53,33,43,59,210,129,97,38,28,116,76,49,61,174,147,87,True
Caleb Hawkins,199001,HB,OKLA STATE,4,0.2,0,73.3,33.3,1,3,0,0.0,0,0.13,4,262,0,81.5,70.9,72.6,43.4,60.3,0.0,0,0,11,20.2,22,109,0,55.8,11,77.1,84,10.1,11,75.7,15,0,5.5,6,43,61,5.5,3.9,0.51,16,120,204,198,30,5,1,1,1,1,137,15,1,10,206,127,212,175,31,31,1,179,214,70,13,1,51,13,68,4,73,16,226,10,62,114,37,103,71,221,238,225,True
Terrence Lewis,198999,WR,OKLA STATE,4,11.1,1,80.0,100.0,2,2,0,7.7,1,0.41,7,262,0,68.7,69.0,68.9,,69.7,0.0,0,0,31,0.0,0,91,0,59.3,12,94.5,86,15.4,14,144.3,15,2,83.5,76,137,22,1.8,11.4,1.59,38,392,293,112,1,90,242,1,516,447,127,186,1,473,261,235,,211,113,113,1,354,76,76,243,1,88,193,356,243,499,388,83,259,71,280,145,265,475,664,455,403,True
Giovanni Richardson,198110,WR,ARIZONA,2,6.7,3,92.9,100.0,1,1,0,0.0,0,0.3,5,109,1,82.7,22.1,74.1,,74.9,0.0,0,0,31,0.0,0,39,0,66.7,13,100.0,39,89.7,35,111.0,14,0,10.3,4,149,98,7.5,11.5,3.82,700,656,104,51,1,182,394,1,1,1,215,296,716,65,742,117,,101,113,113,1,354,76,76,553,1,24,166,1,539,84,192,274,286,397,664,683,234,99,130,445,50,True
Micah Ford,188865,HB,STANFORD,4,0.4,2,57.1,50.0,1,2,0,27.3,3,0.03,2,300,0,28.2,84.2,64.7,82.0,41.3,0.0,0,0,22,10.3,12,116,0,41.7,8,84.5,98,8.6,10,63.7,14,0,0.9,1,47,49,6.1,5.9,0.48,16,106,57,261,27,5,5,1,267,284,180,87,1,277,18,227,30,278,31,31,1,67,273,159,8,1,214,38,27,2,95,19,256,13,62,225,164,94,102,198,186,229,True
Dylan Wade,170208,TE,UCF,4,6.6,0,57.1,66.7,2,3,0,27.3,3,-0.09,2,323,0,28.0,67.1,49.5,54.7,49.2,50.0,41,1,15,14.6,12,82,1,42.9,8,79.3,65,26.8,22,35.7,14,0,19.5,16,53,27,3.4,6.6,0.82,17,165,123,228,59,11,24,1,264,291,250,140,1,278,72,256,219,258,179,102,256,178,185,114,81,167,215,57,129,70,205,111,282,41,121,16,7,121,114,198,228,196,True
Reece Vander Zee,189694,WR,IOWA,4,12.5,2,78.6,75.0,3,4,0,0.0,0,0.15,10,192,0,82.2,75.3,66.5,,68.9,0.0,0,0,16,0.0,0,107,2,47.1,11,95.3,102,9.3,10,148.8,14,2,90.7,97,143,35,3.2,13.0,1.4,38,286,162,141,157,39,104,1,1,1,339,99,1,80,61,300,,241,113,113,1,604,76,76,147,719,372,222,282,143,625,463,70,286,71,138,77,248,367,503,360,467,True
Koby Young,190823,WR,HOUSTON,4,19.6,1,50.0,75.0,3,4,0,22.2,2,0.45,5,182,0,37.6,68.8,65.5,,62.2,0.0,0,0,47,0.0,0,109,0,56.9,7,93.6,102,9.2,10,134.2,14,4,90.8,99,171,28,4.0,24.4,1.68,38,38,293,602,157,39,104,1,691,662,112,296,1,704,276,339,,452,113,113,1,151,76,76,138,1,121,360,463,143,627,463,132,286,12,134,74,192,413,415,32,368,True
Troy Omeire,123124,WR,NEW MEXICO,4,13.9,1,42.9,50.0,1,2,1,40.0,4,0.13,3,241,0,20.6,67.1,50.3,,49.7,0.0,0,0,64,0.0,0,71,2,39.7,6,88.7,63,5.6,4,94.9,14,1,94.4,67,112,47,7.8,18.7,1.78,38,207,293,684,228,182,242,744,748,758,359,436,1,759,378,742,,752,113,113,1,48,76,76,365,719,621,408,720,385,696,629,420,286,173,68,199,329,267,116,110,344,True
Dominic Overby,191310,WR,IOWA STATE,4,18.6,1,50.0,28.6,2,7,0,0.0,0,0.08,5,193,0,78.5,66.7,69.8,,68.0,0.0,0,0,45,0.0,0,62,0,36.8,7,91.9,57,21.0,13,109.8,14,1,79.0,49,142,39,5.6,20.3,2.49,38,56,293,602,404,90,18,1,1,1,415,296,1,172,415,209,,267,113,113,1,166,76,76,415,1,679,360,604,420,417,402,287,286,173,346,287,254,335,254,71,179,True
Jaden Smith,150262,WR,UTEP,4,5.3,2,78.6,25.0,1,4,0,0.0,0,-0.15,5,330,0,82.7,70.2,70.9,64.8,67.0,1.5,1,0,13,1.5,1,68,0,44.3,11,86.8,59,88.2,60,90.5,14,0,10.3,7,80,43,3.9,7.3,1.36,38,705,162,141,406,182,104,1,1,1,629,296,1,65,171,175,21,289,58,40,1,662,26,16,377,1,488,222,740,410,104,109,455,286,397,664,636,433,295,446,686,481,True
Zion Robinson,218877,WR,STANFORD,4,18.9,1,50.0,25.0,1,4,0,22.2,2,0.1,3,300,0,37.6,66.7,58.6,,58.4,0.0,0,0,61,0.0,0,73,0,38.8,7,91.8,67,12.3,9,89.9,14,0,87.7,64,155,19,2.7,22.1,2.31,38,51,293,602,406,182,104,1,691,662,397,436,1,704,415,567,,581,113,113,1,62,76,76,348,1,640,360,609,358,555,494,459,286,397,201,212,223,507,569,51,212,True
Donovan Lewis,178135,WR,DELAWARE,4,9.3,1,50.0,25.0,1,4,0,22.2,2,0.14,3,151,0,41.2,67.1,56.0,,56.8,0.0,0,1,31,0.0,0,82,0,40.8,7,92.7,76,75.6,62,32.7,14,0,24.4,20,63,38,5.4,9.0,0.83,38,527,293,602,406,182,104,1,691,662,347,436,1,681,378,643,,630,113,113,554,354,76,76,293,1,591,360,547,298,192,104,733,286,397,573,468,478,340,267,608,644,True
T.Y. Harding,158763,WR,UMASS,4,13.5,1,92.9,100.0,2,2,0,7.1,1,0.43,10,216,0,68.7,77.2,75.1,,77.6,0.0,0,0,51,0.0,0,76,2,50.0,13,94.7,72,60.5,46,158.3,14,2,38.2,29,221,37,2.8,17.0,3.07,38,234,293,51,1,90,242,1,504,447,120,99,1,473,32,94,,63,113,113,1,120,76,76,323,719,254,166,330,317,224,148,1,286,71,542,408,120,350,552,162,99,True
Colin Chase,165302,WR,TEMPLE,4,14.8,3,57.1,0.0,0,2,0,0.0,0,0.13,7,306,0,80.1,70.4,68.0,,68.3,0.0,0,0,69,0.0,0,110,3,42.7,8,93.6,103,24.5,27,141.4,14,2,74.5,82,196,118,14.8,24.5,1.9,38,162,104,534,435,435,242,1,1,1,359,186,1,124,155,256,,257,113,113,1,34,76,76,135,760,541,313,463,137,367,237,99,286,71,408,125,145,68,15,30,308,True
Egypt Nelson,172724,WR,W MICHIGAN,4,11.6,5,50.0,100.0,1,1,0,22.2,2,-0.05,3,347,0,37.6,66.7,58.4,,56.7,1.2,1,0,23,0.0,0,81,2,42.7,7,92.6,75,19.8,16,83.9,14,1,79.0,64,55,24,3.4,7.9,0.73,38,353,36,602,1,182,394,1,691,662,569,436,1,704,415,575,,633,75,40,1,481,76,76,301,719,541,360,553,306,434,354,501,286,173,346,212,521,452,488,670,669,True
Braylon Isom,188281,WR,MIAMI OH,4,15.7,2,64.3,75.0,3,4,0,0.0,0,0.4,7,221,0,80.1,67.5,63.7,68.0,63.2,1.9,2,0,35,1.9,2,104,1,46.9,9,92.3,96,37.5,39,98.5,14,0,60.6,63,144,24,2.7,16.0,1.5,38,131,162,429,157,39,104,1,1,1,138,186,1,124,353,395,8,411,49,23,1,298,19,5,163,526,381,282,571,179,284,178,376,286,397,492,224,245,452,569,206,439,True
Tim Burns Jr.,199928,WR,SM HOUSTON,4,16.0,2,50.0,50.0,1,2,0,12.5,1,0.03,6,281,0,41.6,78.1,61.7,,62.9,0.0,0,0,65,0.0,0,131,1,42.4,7,95.4,125,0.8,1,135.4,14,2,99.2,130,189,61,8.7,27.0,1.51,38,123,162,602,228,182,242,1,581,447,490,237,1,679,27,469,,423,113,113,1,44,76,76,58,526,551,360,277,53,752,718,124,286,71,16,12,158,203,82,21,435,True
Tyson Carter,198409,WR,FIU,4,19.0,1,64.3,50.0,1,2,0,0.0,0,0.02,5,166,0,80.9,20.9,67.0,,73.3,0.0,0,0,48,0.0,0,76,1,43.1,9,94.7,72,26.3,20,125.0,14,1,73.7,56,153,20,2.2,17.0,2.13,38,48,293,429,228,182,242,1,1,1,503,296,1,105,747,280,,132,113,113,1,142,76,76,323,526,530,282,330,317,349,306,177,286,173,417,255,227,498,628,162,254,True
Bryce Anderson,198735,TE,LA MONROE,4,2.7,3,85.7,,0,0,0,14.3,2,0.02,5,209,0,52.0,68.5,47.3,61.9,53.0,52.7,49,0,16,19.4,18,93,1,49.5,12,78.5,73,36.6,34,90.8,14,0,4.3,4,81,58,4.8,6.8,1.11,17,266,18,64,,105,169,1,227,273,202,48,1,232,39,267,184,223,168,67,1,171,128,55,58,167,128,30,144,54,124,53,176,41,121,178,119,70,42,128,225,141,True
Drew Wagner,190897,WR,NWESTERN,3,9.5,1,57.1,100.0,1,1,0,11.1,1,0.29,4,256,0,58.9,74.3,61.1,,60.0,4.7,4,0,22,0.0,0,86,0,53.0,8,96.5,83,77.9,67,72.9,14,0,17.4,15,78,4,0.5,9.8,0.94,572,512,293,534,1,182,394,1,563,447,227,369,1,560,72,492,,529,17,6,1,496,76,76,274,1,188,313,191,263,179,95,574,286,397,611,526,442,692,737,572,610,True
Javon Brown,190119,WR,UCONN,4,15.8,2,78.6,100.0,5,5,0,8.3,1,0.25,7,146,0,66.1,68.5,69.5,,69.6,0.0,0,0,29,0.0,0,72,0,49.3,11,93.1,67,6.9,5,151.8,14,2,93.1,67,153,16,1.5,13.9,2.28,38,127,162,141,1,6,69,1,530,447,255,186,1,519,289,216,,214,113,113,1,380,76,76,354,1,303,222,514,358,674,597,53,286,71,89,199,227,536,687,320,218,True
Demick Starling,123792,WR,UTAH ST,4,15.2,1,57.1,100.0,1,1,0,0.0,0,-0.22,5,329,0,79.3,67.1,62.7,,61.3,0.0,0,2,21,0.0,0,86,0,34.6,8,94.2,81,17.4,15,55.4,14,1,82.6,71,72,26,3.3,9.0,0.89,38,152,293,534,1,182,394,1,1,1,679,296,1,144,378,435,,485,113,113,722,509,76,76,274,1,717,313,398,279,466,373,664,286,173,296,176,457,432,495,608,626,True
Micah Woods,171218,WR,S ALABAMA,4,13.0,2,50.0,66.7,2,3,0,22.2,2,0.29,5,288,0,37.6,66.7,64.8,,64.7,0.0,0,0,49,0.0,0,64,0,48.3,7,90.6,58,17.2,11,75.9,14,0,81.3,52,108,19,2.7,15.4,1.86,38,257,162,602,169,90,160,1,691,662,227,296,1,704,415,366,,365,113,113,1,133,76,76,405,1,329,360,679,416,469,441,551,286,397,313,273,340,507,569,229,321,True
Jack Foley,199500,WR,WAKE,4,13.3,1,42.9,50.0,2,4,0,0.0,0,0.28,4,339,0,77.5,66.2,64.5,,63.4,0.0,0,1,49,0.0,0,87,0,48.8,6,94.3,82,19.5,17,67.0,14,1,80.5,70,118,35,5.8,19.7,1.44,38,242,293,684,228,90,104,1,1,1,236,369,1,191,449,374,,405,113,113,554,133,76,76,267,1,314,408,381,269,441,340,622,286,173,322,183,315,367,239,83,451,True
Mason Mini,175102,TE,CAL,4,11.6,0,64.3,66.7,4,6,0,10.0,1,-0.04,5,130,0,62.9,69.5,58.1,48.2,56.5,31.6,48,1,38,13.8,21,152,2,41.8,9,80.3,122,44.7,68,82.4,14,1,23.7,36,110,37,4.1,12.2,0.9,17,36,123,206,59,1,2,1,212,191,230,48,1,208,18,157,238,184,270,69,256,25,196,32,5,264,236,49,122,3,66,4,197,41,28,10,1,47,70,159,93,176,True
Max Reese,157462,TE,N TEXAS,5,11.7,1,100.0,100.0,1,1,0,0.0,0,0.46,11,251,0,83.8,69.9,67.0,72.5,70.9,61.8,97,0,41,24.2,38,157,2,59.2,14,70.1,110,36.9,58,158.3,14,2,1.3,2,211,62,4.4,15.1,1.92,1,33,60,1,1,42,75,1,1,1,42,6,1,8,13,73,69,59,106,1,1,17,85,2,3,264,38,19,222,7,122,12,1,41,11,241,166,9,38,142,37,62,True
Fredrick Moore,174042,WR,MICH STATE,4,9.1,0,71.4,50.0,1,2,0,0.0,0,0.07,7,223,0,80.9,67.9,60.9,,61.7,0.0,0,1,18,0.0,0,116,0,52.3,10,95.7,111,9.5,11,85.1,14,1,90.5,105,99,29,2.9,9.9,0.89,38,546,492,273,228,182,242,1,1,1,430,186,1,105,323,502,,470,113,113,554,563,76,76,119,1,206,248,257,113,614,441,493,286,173,146,56,367,408,543,571,626,True
Winn Sharp,191017,WR,BOWL GREEN,4,9.6,0,71.4,66.7,2,3,0,9.1,1,0.05,6,122,0,62.9,67.9,69.7,,69.6,0.0,0,0,59,0.0,0,70,0,43.3,10,95.7,67,2.9,2,131.3,14,1,97.1,68,154,80,8.0,15.4,2.3,38,506,492,273,169,90,160,1,536,447,461,237,1,536,323,213,,214,113,113,1,72,76,76,371,1,523,248,257,358,737,690,151,286,173,30,195,225,139,110,229,214,True
Ricky Johnson,191200,WR,UTAH,4,16.6,1,64.3,33.3,1,3,0,10.0,1,0.46,7,328,0,61.0,67.5,60.7,61.9,60.5,0.0,0,1,18,1.0,1,96,0,59.1,9,95.8,92,27.1,26,56.0,14,0,72.9,70,101,35,3.9,11.2,1.1,38,103,293,429,354,182,160,1,551,447,105,186,1,544,353,507,49,511,113,113,554,563,45,16,216,1,92,282,240,202,345,246,663,286,397,421,183,359,367,446,467,561,True
Taeshaun Lyons,171933,WR,UNLV,4,11.9,1,78.6,100.0,1,1,0,0.0,0,0.12,6,325,0,82.2,68.5,64.2,,63.5,0.0,0,0,36,0.0,0,107,0,44.0,11,93.5,100,17.8,19,102.4,14,0,82.2,88,120,26,2.4,10.9,1.2,38,333,293,141,1,182,394,1,1,1,370,237,1,80,289,380,,399,113,113,1,280,76,76,147,1,495,222,475,154,458,315,344,286,397,303,104,309,432,604,489,520,True
Bryson Graves,175806,WR,DELAWARE,4,5.6,4,64.3,0.0,0,2,0,10.0,1,-0.16,3,151,1,61.0,36.0,55.6,,55.7,1.1,1,0,37,0.0,0,92,1,40.2,9,89.1,82,93.5,86,78.9,14,0,4.3,4,78,62,6.9,8.7,0.95,38,691,68,429,435,435,242,1,551,447,639,436,716,544,715,653,,655,78,40,1,273,76,76,237,526,609,282,714,269,45,54,534,286,397,732,683,442,198,169,627,607,True
Carson Kent,160382,TE,PITTSBURGH,4,5.4,5,78.6,50.0,1,2,0,0.0,0,0.15,7,268,0,82.2,68.9,79.0,68.7,79.9,67.3,68,0,38,11.9,12,101,0,41.1,11,82.2,83,17.8,18,136.3,14,1,11.9,12,154,91,8.3,14.0,1.86,17,192,5,112,70,42,39,1,1,1,151,27,1,14,29,13,128,18,66,24,1,25,219,114,37,1,242,33,99,36,248,146,50,41,28,59,20,27,22,36,53,66,True
Rayshon Luke,158732,HB,FRESNO ST,4,-1.1,4,85.7,,0,0,0,0.0,0,0.07,4,169,0,82.2,80.7,83.5,22.0,71.8,0.0,0,0,18,13.5,7,52,0,49.0,12,84.6,44,9.6,5,111.9,14,1,15.4,8,72,99,8.3,6.0,1.64,16,175,23,112,,32,74,1,1,1,161,15,1,6,82,19,265,67,31,31,1,100,257,227,143,1,123,9,24,87,83,72,64,13,17,21,21,40,16,134,179,62,True
Dierre Hill Jr.,199870,HB,OREGON,4,-1.8,14,85.7,,0,0,0,0.0,0,0.4,6,264,0,82.2,81.1,82.7,72.7,91.4,0.0,0,0,62,20.6,14,68,0,48.5,12,76.5,52,1.5,1,117.0,14,0,20.6,14,169,204,17.0,14.1,3.25,16,198,1,112,,32,74,1,1,1,54,6,1,6,70,22,96,2,31,31,1,8,207,131,84,1,130,9,73,58,236,194,56,13,62,10,4,2,2,10,27,14,True
Matt Fuller,190231,HB,S CAROLINA,4,0.3,1,92.9,,0,0,1,7.1,1,-0.01,4,289,0,67.8,28.8,67.9,54.7,60.9,0.0,0,0,25,22.3,21,94,3,46.0,13,71.3,67,10.6,10,124.1,14,1,3.2,3,113,109,8.4,8.7,1.69,16,112,112,81,,32,74,279,204,203,194,15,1,201,282,194,176,169,31,31,1,48,191,77,26,285,160,6,117,21,68,19,41,13,17,171,87,12,13,129,93,60,True
Lofton Howard,173439,TE,W KENTUCKY,5,3.9,1,85.7,,0,0,0,0.0,0,-0.32,5,346,0,82.2,68.5,62.5,56.5,66.9,39.2,31,1,14,15.2,12,79,1,32.1,12,83.5,66,46.8,37,81.5,14,1,8.9,7,70,26,2.2,5.8,1.06,1,241,60,64,,105,169,1,1,1,282,48,1,14,39,116,209,85,242,145,256,189,179,114,86,167,286,30,77,67,57,42,204,41,28,99,69,88,118,240,254,145,True
Tyler Johnson,164176,WR,E CAROLINA,4,17.9,1,28.6,0.0,0,5,0,33.3,2,-0.19,2,156,0,26.0,65.0,49.9,,50.8,0.0,0,0,68,0.0,0,90,0,40.2,4,96.7,87,7.8,7,52.7,14,0,92.2,83,86,43,10.8,21.5,0.99,38,74,293,744,435,435,69,1,730,662,661,522,1,741,526,747,,745,113,113,1,37,76,76,250,1,609,524,176,235,659,542,670,286,397,103,120,417,295,46,59,595,True
Javon Rogers,190302,WR,KENNESAW,4,18.9,0,64.3,0.0,0,1,0,0.0,0,0.07,7,200,0,80.1,67.5,74.4,61.0,73.7,0.0,0,0,47,1.3,1,75,1,47.1,9,90.7,68,6.7,5,107.7,14,0,93.3,70,194,28,3.1,21.6,2.85,38,51,492,429,435,435,394,1,1,1,430,186,1,124,353,107,60,127,113,113,1,151,35,16,333,526,372,282,674,352,680,597,300,286,397,85,183,150,413,510,58,125,True
Baron Naone,199526,TE,WASHINGTON,4,8.3,0,100.0,100.0,1,1,0,0.0,0,0.18,8,340,0,82.7,68.7,72.8,37.8,82.5,75.0,78,0,75,31.7,33,104,0,54.0,13,66.3,69,16.3,17,144.4,13,1,7.7,8,205,103,7.9,15.8,2.97,17,101,123,1,1,42,75,1,1,1,137,21,1,10,30,36,258,12,30,8,1,3,38,5,32,1,73,23,243,57,258,157,37,47,28,116,58,11,17,40,30,15,True
Eric Richardson,200047,WR,WYOMING,4,14.0,0,53.8,66.7,2,3,0,0.0,0,-0.25,3,351,0,78.5,71.6,60.1,,60.6,0.0,0,2,27,0.0,0,85,1,45.1,7,96.5,82,32.9,28,32.7,13,0,63.5,54,79,16,2.3,11.3,0.96,38,200,492,581,169,90,160,1,1,1,692,436,1,172,112,523,,508,113,113,722,410,76,76,279,526,455,360,191,269,311,231,733,312,397,476,262,437,536,614,464,600,True
Theo Melin Ohrstrom,158662,TE,SMU,4,7.6,1,84.6,100.0,1,1,0,8.3,1,0.37,6,287,0,64.9,68.2,61.9,83.5,67.5,29.5,26,0,32,22.7,20,88,1,60.9,11,77.3,68,31.8,28,143.8,13,4,0.0,0,117,47,4.3,10.6,1.72,17,131,60,72,1,42,75,1,202,191,61,40,1,200,48,120,1,81,271,174,1,54,95,39,68,167,29,33,156,59,162,78,38,47,1,254,254,44,56,144,123,70,True
Nikko Boncore,200230,WR,UTAH ST,4,10.8,1,46.2,0.0,0,1,0,0.0,0,-0.17,3,329,1,77.5,15.1,56.4,68.0,54.8,2.5,2,2,29,2.5,2,79,0,44.6,6,91.1,72,75.9,60,27.9,13,0,20.3,16,84,35,5.8,14.0,1.17,38,418,293,673,435,435,394,1,1,1,648,436,716,191,758,634,8,676,37,23,722,380,13,5,308,1,477,408,656,317,188,109,741,312,397,594,515,421,367,239,312,529,True
Donovan Brown,158293,WR,S DIEGO ST,3,10.2,2,53.8,0.0,0,2,0,0.0,0,-0.01,4,284,0,56.4,66.7,56.6,,57.1,0.0,0,0,38,0.0,0,75,0,35.8,7,89.3,67,14.7,11,71.0,13,0,85.3,64,75,38,5.4,10.7,1.12,572,463,162,581,435,435,242,1,1,1,537,369,1,584,415,627,,622,113,113,1,257,76,76,333,1,694,360,712,358,518,441,591,312,397,246,212,450,340,267,504,550,True
Daunte Bacheyie,204295,TE,SYRACUSE,3,12.9,0,46.2,50.0,2,4,0,14.3,1,-0.1,5,304,0,53.8,66.2,66.5,30.5,70.2,56.3,27,3,38,14.6,7,48,0,38.3,6,83.3,40,39.6,19,68.1,13,2,4.2,2,86,4,0.7,14.3,2.15,234,21,123,268,70,11,12,1,227,191,251,48,1,226,105,78,277,67,141,169,294,25,185,195,178,1,267,92,79,157,98,137,244,47,11,180,166,65,256,281,48,49,True
Grant Hollier,204912,TE,GA STATE,4,7.3,0,53.8,0.0,0,1,0,12.5,1,0.17,3,175,0,56.4,66.7,52.9,71.9,56.5,62.9,44,1,44,4.3,3,70,1,50.7,7,91.4,64,30.0,21,45.0,13,0,7.1,5,94,55,7.9,13.4,1.47,17,139,123,242,105,105,75,1,219,191,143,89,1,220,85,226,83,184,95,87,256,13,269,247,115,167,112,70,21,77,175,120,270,47,121,128,99,58,43,40,62,99,True
Damon Ferguson Jr.,218779,HB,PITTSBURGH,4,1.8,2,76.9,50.0,1,2,0,9.1,1,0.32,4,268,0,64.6,81.7,74.5,5.6,66.9,1.2,1,1,15,16.7,14,84,0,53.2,10,79.8,67,6.0,5,83.2,13,1,9.5,8,73,79,7.9,7.3,1.09,16,72,57,163,27,5,5,1,207,203,77,15,1,205,56,97,281,99,24,10,266,127,236,131,39,1,76,21,48,21,128,72,177,17,17,52,21,39,39,146,135,118,True
Caleb Cunningham,205066,WR,OLE MISS,2,8.7,1,69.2,50.0,2,4,0,10.0,1,0.17,4,226,0,61.0,67.5,75.7,,77.6,0.0,0,1,16,0.0,0,24,1,56.5,9,95.8,23,8.3,2,57.5,13,0,91.7,22,93,42,4.7,10.3,4.04,700,571,293,311,228,90,104,1,551,447,322,369,1,544,353,87,,63,113,113,554,604,76,76,653,526,127,282,240,646,649,690,655,312,397,111,452,389,305,347,529,39,True
JoJo Bermudez,164134,WR,TEMPLE,4,10.7,1,69.2,100.0,2,2,0,18.2,2,0.0,3,306,0,47.1,75.7,58.8,,55.3,0.0,0,0,26,0.0,0,79,1,36.0,9,94.9,75,92.4,73,85.7,13,0,7.6,6,81,32,3.6,9.0,1.08,38,431,293,311,1,90,242,1,657,662,525,436,1,651,59,561,,664,113,113,1,430,76,76,308,526,691,282,315,306,57,78,486,312,397,696,653,430,384,471,608,566,True
Sedrick Alexander,172605,HB,VANDERBILT,4,6.9,0,53.8,0.0,0,2,0,12.5,1,0.13,3,333,0,56.8,80.3,62.6,42.0,51.0,0.0,0,0,10,30.0,33,110,0,46.5,7,63.6,70,14.5,16,87.7,13,1,1.8,2,47,53,7.6,6.7,0.67,16,11,204,265,32,32,5,1,217,203,137,47,1,217,90,252,217,249,31,31,1,201,112,20,11,1,154,53,197,19,33,4,151,17,17,206,117,94,95,157,157,188,True
Darius Johnson,199224,WR,SYRACUSE,3,5.8,1,61.5,0.0,0,1,0,0.0,0,-0.14,3,304,0,79.3,67.1,59.2,,62.4,0.0,0,1,22,0.0,0,63,0,39.0,8,93.7,59,81.0,51,41.2,13,0,19.0,12,62,35,4.4,7.8,1.05,572,685,293,464,435,435,394,1,1,1,623,436,1,144,378,550,,443,113,113,554,496,76,76,412,1,638,313,459,410,162,138,712,312,397,599,569,481,367,372,671,578,True
JJ Harrell,184756,WR,DOMINION,4,8.8,1,61.5,100.0,1,1,0,27.3,3,-0.45,3,263,0,27.6,67.1,52.9,,54.2,0.0,0,0,44,0.0,0,92,2,27.4,8,91.3,84,2.2,2,90.5,13,0,97.8,90,116,41,5.1,14.5,1.38,38,563,293,464,1,182,394,1,725,734,746,436,1,737,378,713,,684,113,113,1,176,76,76,237,719,755,313,646,253,741,690,455,312,397,27,95,318,317,296,278,476,True
Darius Copeland,174926,WR,LIBERTY,4,12.9,2,53.8,0.0,0,2,0,0.0,0,0.65,5,206,0,78.5,67.8,71.5,,70.3,0.0,0,0,54,0.0,0,42,0,52.5,7,95.2,40,92.9,39,109.5,13,1,7.1,3,115,42,6.0,16.4,2.88,38,264,162,581,435,435,242,1,1,1,27,296,1,172,339,165,,194,113,113,1,98,76,76,528,1,201,360,290,528,51,178,290,312,173,704,703,321,305,227,189,120,True
Bryce Yates,199090,WR,PITTSBURGH,4,10.8,2,100.0,100.0,1,1,0,0.0,0,0.7,11,268,0,82.7,68.7,77.1,,78.3,0.0,0,0,27,0.0,0,65,1,65.1,13,96.9,63,69.2,45,144.4,13,1,30.8,20,193,54,4.2,14.8,3.06,38,418,162,1,1,182,394,1,1,1,19,78,1,65,279,66,,61,113,113,1,410,76,76,397,526,32,166,163,385,206,154,82,312,173,562,468,151,235,398,259,101,True
Clayton Coppock Jr.,198608,WR,COAST CAR,4,10.4,2,84.6,100.0,1,1,0,15.4,2,-0.02,9,141,0,49.5,68.2,62.5,,62.4,0.0,0,0,39,0.0,0,141,0,38.3,11,94.3,133,70.9,100,158.3,13,3,29.1,41,190,70,6.4,17.3,1.43,38,449,162,85,1,182,394,1,631,662,547,120,1,640,304,442,,443,113,113,1,245,76,76,35,1,653,222,381,32,202,30,1,312,35,564,339,155,174,199,151,456,True
Kewan Lacy,190221,HB,OLE MISS,3,0.9,1,53.8,0.0,0,1,0,12.5,1,0.36,1,226,0,37.6,80.8,76.0,46.5,52.1,0.0,0,0,9,26.1,18,69,0,57.4,7,72.5,50,14.5,10,59.5,13,0,2.9,2,16,39,5.6,2.3,0.32,231,97,112,265,32,32,13,1,217,203,65,145,1,262,77,77,200,239,31,31,1,213,157,96,77,1,41,53,107,67,33,19,261,17,62,174,117,219,125,219,267,257,True
Jaylen Andrews,215309,WR,BUFFALO,3,6.9,0,61.5,,0,0,0,11.1,1,-0.03,3,126,0,61.0,67.5,57.9,,57.6,1.7,1,0,24,0.0,0,60,0,37.7,8,88.3,53,1.7,1,71.0,13,0,96.7,58,55,41,5.1,6.9,1.04,572,652,492,464,,435,605,1,563,447,552,436,1,544,353,593,,611,55,40,1,463,76,76,424,1,663,313,724,440,747,718,591,312,397,35,241,521,317,296,701,580,True
Chris Barnes,190363,WR,OKLA STATE,3,10.3,0,69.2,100.0,1,1,0,10.0,1,0.0,6,262,0,61.0,69.4,62.3,,64.8,0.0,0,1,52,0.0,0,83,0,47.5,9,96.4,80,12.0,10,74.2,13,0,88.0,73,145,58,6.4,16.1,1.81,572,453,492,311,1,182,394,1,551,447,525,237,1,544,240,450,,362,113,113,554,111,76,76,290,1,354,282,195,282,564,463,565,312,397,192,157,242,214,199,201,333,True
Akeem Wright,215458,WR,BOISE ST,4,12.5,3,53.8,100.0,1,1,0,22.2,2,0.48,4,120,0,37.6,66.7,63.2,,61.8,0.0,0,0,40,0.0,0,76,0,55.6,7,94.7,72,10.5,8,114.3,13,1,89.5,68,130,63,9.0,18.6,1.81,38,286,104,581,1,182,394,1,691,662,89,369,1,704,415,415,,465,113,113,1,232,76,76,323,1,138,360,330,317,595,523,253,312,173,168,195,285,195,73,115,333,True
Yannick Smith,190425,WR,SMU,3,10.3,5,69.2,50.0,1,2,0,0.0,0,0.67,6,287,0,80.1,67.5,72.0,,71.3,0.0,0,1,79,0.0,0,88,1,63.4,9,93.2,82,12.5,11,119.4,13,2,87.5,77,201,117,13.0,22.3,2.45,572,453,36,311,228,182,242,1,1,1,22,237,1,124,353,148,,171,113,113,554,4,76,76,259,526,41,282,506,269,551,441,203,312,71,206,140,141,70,25,46,190,True
Carver Cheeks,176809,WR,UTEP,4,8.5,4,76.9,,0,0,0,9.1,1,0.08,7,330,0,64.6,68.2,68.5,,72.1,1.1,1,0,45,0.0,0,92,4,45.2,10,91.3,84,8.7,8,151.6,13,2,90.2,83,143,82,8.2,14.3,1.7,38,585,68,157,,435,605,1,536,447,415,186,1,525,304,241,,155,78,40,1,166,76,76,237,768,449,248,646,253,635,523,54,312,71,154,120,248,133,105,289,361,True
Darrick Bledsoe III,183985,WR,SM HOUSTON,4,6.0,2,76.9,,0,0,0,9.1,1,-0.24,3,281,0,64.6,68.2,57.6,,60.7,0.0,0,0,14,0.0,0,75,1,40.6,10,92.0,69,97.3,73,131.7,13,2,2.7,2,81,28,2.8,8.1,1.17,38,676,162,157,,435,605,1,536,447,687,436,1,525,304,604,,498,113,113,1,647,76,76,333,526,598,248,590,341,16,78,148,312,71,745,721,430,413,552,657,529,True
Davion Brown,227161,WR,VA TECH,4,12.2,8,61.5,,0,0,0,0.0,0,0.29,5,337,0,79.3,69.2,58.7,,60.2,0.0,0,0,27,0.0,0,81,1,44.6,8,91.4,74,16.0,13,83.8,13,0,84.0,68,95,50,6.3,11.9,1.28,38,311,8,464,,435,605,1,1,1,227,296,1,144,246,565,,521,113,113,1,410,76,76,301,526,477,313,641,309,489,402,503,312,397,270,195,383,251,208,425,497,True
Micahi Danzy,190564,WR,FLORIDA ST,4,10.4,4,84.6,100.0,1,1,1,8.3,1,0.32,5,167,0,64.6,69.7,59.8,62.1,59.1,0.0,0,0,56,0.9,1,114,1,43.9,11,93.0,106,48.2,55,118.8,13,0,51.8,59,173,68,6.2,15.7,1.63,38,449,68,85,1,182,394,744,530,447,192,296,1,525,206,529,43,557,113,113,1,86,51,16,122,526,504,222,522,129,250,128,206,312,397,515,236,189,181,215,218,386,True
Brayden Munroe,176815,WR,KENNESAW,4,10.3,3,92.3,50.0,1,2,0,0.0,0,-0.06,6,200,0,83.3,71.0,68.1,,67.8,0.0,0,0,44,0.0,0,102,0,43.6,12,92.2,94,21.6,22,111.5,13,0,78.4,80,140,44,3.7,11.7,1.49,38,453,104,53,228,182,242,1,1,1,576,237,1,55,131,253,,272,113,113,1,176,76,76,175,1,515,193,582,188,408,280,271,312,397,351,130,258,287,460,439,441,True
Rico Flores Jr.,171083,WR,VIRGINIA,2,13.9,0,76.9,50.0,1,2,0,0.0,0,0.38,7,335,0,80.9,67.9,75.7,,74.8,0.0,0,0,26,0.0,0,45,0,55.0,10,88.9,40,0.0,0,136.4,13,1,100.0,45,139,32,3.2,13.9,3.48,700,207,492,157,228,182,242,1,1,1,151,186,1,105,323,87,,105,113,113,1,430,76,76,512,1,146,248,715,528,754,754,118,312,173,1,316,262,384,503,320,68,True
Damarion Witten,193195,WR,MIAMI OH,4,25.3,2,53.8,100.0,2,2,0,12.5,1,0.51,7,221,0,58.9,67.1,71.4,,71.9,0.0,0,0,75,0.0,0,94,0,50.6,7,94.7,89,22.3,21,138.6,13,2,77.7,73,215,88,12.6,30.7,2.42,38,7,162,581,1,90,242,1,581,447,76,186,1,560,378,168,,159,113,113,1,13,76,76,227,1,248,360,330,225,398,294,105,312,71,366,157,127,119,29,11,195,True
Ty Lockwood,172385,TE,ARKANSAS,4,5.4,0,76.9,60.0,3,5,0,0.0,0,-0.04,6,111,0,80.9,67.9,54.5,73.9,58.2,60.3,73,0,13,9.9,12,121,1,43.2,10,84.3,102,38.0,46,116.8,13,1,0.8,1,78,41,4.1,7.8,0.76,17,192,123,118,68,3,5,1,1,1,230,40,1,20,57,208,41,162,112,15,1,200,236,114,16,167,209,45,69,13,111,25,91,47,28,253,202,78,63,159,200,211,True
Donnie Cheers,171793,WR,NEVADA,4,12.5,0,46.2,,0,0,0,0.0,0,-0.32,4,239,0,77.5,72.0,65.1,,61.3,0.0,0,0,50,0.0,0,82,1,32.9,6,96.3,79,1.2,1,105.0,13,1,97.6,80,121,39,6.5,20.2,1.53,38,286,492,673,,435,605,1,1,1,720,369,1,191,95,356,,485,113,113,1,128,76,76,293,526,735,408,202,287,751,718,323,312,173,28,130,306,335,188,73,427,True
Luke Dehnicke,216797,TE,NWESTERN,3,12.4,1,84.6,100.0,3,3,0,0.0,0,0.4,9,256,0,81.5,68.2,87.3,35.0,91.2,64.8,46,0,41,5.6,4,71,1,53.6,11,91.5,65,32.4,23,118.8,13,0,1.4,1,208,60,5.5,18.9,3.2,234,25,60,72,1,3,24,1,1,1,52,13,1,17,48,5,264,1,85,75,1,17,263,233,112,167,79,33,20,70,156,105,76,47,121,239,202,10,41,110,15,14,True
Kendall Harris,172682,WR,DOMINION,4,8.6,4,46.2,0.0,0,4,0,0.0,0,-0.05,4,263,0,77.5,66.2,57.1,,57.8,0.0,0,1,14,0.0,0,72,1,39.7,6,94.4,68,62.5,45,27.7,13,0,37.5,27,60,26,4.3,10.0,0.88,38,579,68,673,435,435,104,1,1,1,569,369,1,191,449,615,,602,113,113,554,647,76,76,354,526,621,408,364,352,222,154,744,312,397,544,422,495,432,384,556,632,True
Zacharyus Williams,188305,WR,USC,5,9.1,6,76.9,0.0,0,1,0,0.0,0,0.24,9,326,0,80.9,69.2,69.2,77.9,72.3,3.7,3,0,44,3.7,3,81,1,55.7,10,93.8,76,85.2,69,143.9,13,1,9.9,8,180,89,8.9,18.0,2.37,1,546,22,157,435,435,394,1,1,1,268,120,1,105,246,224,1,152,22,14,1,176,6,1,301,526,137,248,437,298,125,86,85,312,173,674,623,176,117,79,130,203,True
Colton Hinton,172651,WR,COAST CAR,4,19.6,1,76.9,100.0,1,1,0,9.1,1,0.41,8,141,0,62.9,69.3,76.4,,75.7,0.0,0,0,65,0.0,0,68,0,39.4,10,97.1,66,97.1,66,157.9,13,4,2.9,2,220,47,4.7,22.0,3.33,38,38,293,157,1,182,394,1,536,447,127,158,1,536,244,78,,87,113,113,1,44,76,76,377,1,627,248,153,367,19,98,25,312,12,743,721,122,267,347,53,74,True
Justice Haynes,172379,HB,GA TECH,4,0.5,2,91.7,,0,0,0,0.0,0,-0.08,4,176,1,81.5,68.7,80.6,72.8,67.9,0.9,1,0,25,22.0,24,109,0,43.7,11,73.4,80,6.4,7,130.2,12,2,8.3,9,69,61,5.5,6.3,0.86,16,103,57,82,,32,74,1,1,1,220,15,274,10,211,32,94,87,28,10,1,48,196,55,13,1,188,13,99,10,124,46,33,20,4,67,12,47,71,221,171,153,True
Langston Lewis,158597,WR,C MICHIGAN,4,11.9,2,50.0,0.0,0,2,0,14.3,1,-0.51,1,134,0,53.4,71.4,50.7,,51.4,0.0,0,1,18,0.0,0,74,2,32.4,6,95.9,71,24.3,18,24.0,12,0,75.7,56,43,29,4.8,7.2,0.61,38,333,162,602,435,435,242,1,607,447,756,627,1,605,119,735,,735,113,113,554,563,76,76,340,719,736,408,232,327,370,326,751,337,397,392,255,575,408,332,690,691,True
Joe Jackson,173106,HB,KANSAS ST,4,1.0,2,91.7,100.0,1,1,0,8.3,1,0.13,5,199,0,64.6,80.3,69.0,77.5,66.1,0.0,0,0,43,31.9,22,69,0,49.2,11,65.2,45,8.7,6,143.1,12,2,4.3,3,106,98,8.9,9.6,2.36,16,92,57,82,1,5,13,1,206,203,137,9,1,205,90,172,64,106,31,31,1,15,94,70,77,1,120,13,186,80,94,58,21,20,4,141,87,15,17,114,78,34,True
Eric Nelson Jr.,189779,WR,FIU,4,7.8,2,58.3,50.0,1,2,0,0.0,0,0.22,5,166,1,79.3,18.0,67.3,63.9,68.3,0.0,0,2,35,1.5,1,68,1,47.7,7,94.1,64,17.6,12,47.2,12,0,82.4,56,104,52,7.4,14.9,1.63,38,618,162,521,228,182,242,1,1,1,285,296,716,144,754,274,26,257,113,113,722,298,26,16,377,526,345,360,406,379,462,425,688,337,397,299,255,353,244,135,254,386,True
Ayden Greene,174784,WR,VA TECH,3,10.8,0,66.7,100.0,1,1,0,11.1,1,0.51,3,337,0,58.9,67.1,62.8,,62.5,0.0,0,0,44,0.0,0,74,1,52.9,8,94.6,70,4.1,3,101.0,12,0,95.9,71,125,42,5.3,15.6,1.79,572,418,492,330,1,182,394,1,563,447,76,436,1,560,378,432,,438,113,113,1,176,76,76,340,526,190,313,345,333,722,658,354,337,397,46,176,297,305,277,221,337,True
Cam Bates,190986,WR,BOISE ST,4,7.9,0,66.7,66.7,2,3,0,11.1,1,0.3,4,120,0,58.9,73.8,56.7,,56.8,0.0,0,0,13,0.0,0,82,0,51.3,8,97.6,80,89.0,73,117.7,12,2,11.0,9,59,32,4.0,7.4,0.74,38,614,492,330,169,90,160,1,563,447,215,369,1,560,75,624,,630,113,113,1,662,76,76,293,1,231,313,126,282,93,78,228,337,71,661,608,501,384,415,682,666,True
Jordan Anderson,184243,WR,S JOSE ST,4,10.6,1,66.7,100.0,2,2,0,11.1,1,0.04,4,285,0,58.9,67.1,56.7,,56.7,0.0,0,0,39,0.0,0,87,0,46.3,8,94.3,82,98.9,86,117.0,12,1,1.1,1,91,13,1.6,11.4,1.11,38,437,293,330,1,90,242,1,563,447,475,369,1,560,378,624,,633,113,113,1,245,76,76,267,1,400,313,381,269,11,54,232,337,173,753,747,394,574,683,455,556,True
AJ Jones,158729,WR,MIDDLE TN,4,12.1,0,66.7,100.0,2,2,0,11.1,1,0.01,6,224,0,58.9,67.1,56.6,,59.8,0.0,0,1,16,0.0,0,97,2,39.6,8,93.8,91,13.4,13,81.3,12,1,86.6,84,88,10,1.3,11.0,0.97,38,314,492,330,1,90,242,1,563,447,515,237,1,560,378,627,,534,113,113,554,604,76,76,207,719,625,313,437,211,537,402,517,337,173,227,117,408,609,700,475,597,True
Brady Hunt,145631,TE,S CAROLINA,4,5.4,0,75.0,100.0,1,1,0,25.0,3,-0.1,5,289,0,32.9,68.7,57.8,54.9,61.7,53.1,43,0,15,18.5,15,81,2,42.7,9,75.3,61,40.7,33,92.7,12,0,1.2,1,81,32,3.6,9.0,1.33,17,192,123,123,1,42,75,1,257,291,251,48,1,263,30,160,216,123,165,92,1,178,133,88,84,264,222,49,175,89,89,58,166,53,121,243,202,70,88,183,165,112,True
Atticus Joseph,218885,WR,STANFORD,4,15.3,2,58.3,60.0,3,5,0,12.5,1,0.07,5,300,0,56.8,66.7,59.9,,62.5,0.0,0,0,22,0.0,0,55,1,42.0,7,90.9,50,20.0,11,103.5,12,1,80.0,44,72,24,3.4,10.3,1.44,38,143,162,521,203,39,69,1,581,447,430,296,1,583,415,527,,438,113,113,1,496,76,76,450,526,559,360,661,460,429,441,334,337,173,329,320,457,452,488,529,451,True
Kyle Koch,190614,WR,N TEXAS,5,10.8,1,83.3,100.0,2,2,0,9.1,1,0.67,8,251,0,66.1,68.5,78.0,,78.7,0.0,0,0,39,0.0,0,58,0,66.0,10,91.4,53,19.0,11,155.9,12,2,81.0,47,143,62,6.2,14.3,2.7,1,418,293,91,1,90,242,1,536,447,22,158,1,519,289,55,,55,113,113,1,245,76,76,437,1,29,248,641,440,446,441,36,337,71,317,295,248,198,215,289,139,True
Cade Keith,189710,TE,NEW MEXICO,4,11.0,1,83.3,50.0,1,2,0,0.0,0,0.19,7,241,0,81.5,68.2,66.2,66.6,72.9,55.7,59,0,42,10.4,11,106,1,44.7,10,78.3,83,34.0,36,146.5,12,1,10.4,11,174,78,7.8,17.4,2.1,17,44,60,75,70,42,39,1,1,1,132,27,1,17,48,79,149,53,148,37,1,16,233,131,31,167,191,45,147,36,146,47,33,53,28,75,28,21,29,43,21,52,True
DeCorion Temple,163121,TE,OREGON ST,4,3.1,2,91.7,100.0,1,1,0,0.0,0,0.33,3,265,0,81.5,68.2,55.3,56.9,54.4,44.6,54,0,14,14.9,18,121,0,50.9,11,77.7,94,34.7,42,118.4,12,1,15.7,19,69,55,5.0,6.3,0.73,17,258,30,50,1,42,75,1,1,1,80,89,1,17,48,194,206,210,211,45,1,189,182,55,16,1,109,33,154,20,140,31,87,53,28,29,6,92,43,115,235,219,True
KeDarius Wade,176365,WR,LA LAFAYET,4,12.0,0,50.0,50.0,1,2,0,14.3,1,0.4,3,207,0,53.4,66.2,58.8,,56.3,0.0,0,0,38,0.0,0,66,0,57.4,6,92.4,61,31.8,21,74.7,12,0,68.2,45,89,25,4.2,14.8,1.46,38,323,492,602,228,182,242,1,607,447,138,436,1,605,449,561,,644,113,113,1,257,76,76,389,1,109,408,563,397,316,294,560,337,397,449,316,403,444,398,259,445,True
Tanook Hines,205454,WR,USC,4,10.9,1,50.0,0.0,0,2,0,14.3,1,0.31,5,326,0,53.4,66.2,58.6,,56.9,0.0,0,0,15,0.0,0,78,1,53.9,6,97.4,76,14.1,11,104.9,12,2,85.9,67,62,18,3.0,10.3,0.82,38,408,293,602,435,435,242,1,607,447,201,296,1,605,449,567,,628,113,113,1,626,76,76,313,526,166,408,137,298,525,441,325,337,71,239,199,481,518,515,529,647,True
Jordan Onovughe,171903,WR,STANFORD,4,9.0,0,75.0,50.0,1,2,0,0.0,0,-0.06,3,300,0,80.9,67.9,63.5,,61.5,0.0,0,0,30,0.0,0,87,0,38.3,9,93.1,81,8.0,7,96.2,12,0,92.0,80,91,27,3.0,10.1,1.12,38,549,492,182,228,182,242,1,1,1,576,436,1,105,323,400,,483,113,113,1,369,76,76,267,1,653,282,514,279,656,542,405,337,397,107,130,394,424,515,550,550,True
Barry Jackson Jr.,173031,WR,RICE,4,15.3,0,50.0,0.0,0,2,0,0.0,0,0.37,5,275,0,77.5,66.2,70.9,,71.9,0.0,0,1,30,0.0,0,44,1,56.8,6,100.0,44,15.9,7,67.7,12,1,84.1,37,89,6,1.0,14.8,2.02,38,143,492,602,435,435,242,1,1,1,158,296,1,191,449,175,,159,113,113,554,369,76,76,517,526,123,408,1,504,493,542,613,337,173,267,364,403,657,706,259,278,True
Boogie Woods III,188388,HB,KENNESAW,4,-1.8,2,91.7,100.0,1,1,2,0.0,0,-0.1,1,200,0,81.5,80.7,76.3,79.8,66.1,0.0,0,0,12,47.1,32,68,2,38.5,11,48.5,33,11.8,8,79.2,12,0,1.5,1,33,54,4.9,3.0,1.0,16,198,57,82,1,5,13,286,1,1,226,145,1,10,82,72,45,106,31,31,1,168,17,22,84,278,254,13,272,153,51,35,199,20,62,213,164,136,93,243,253,130,True
Jordan King,158320,WR,CAL,4,7.8,0,58.3,0.0,0,1,0,12.5,1,-0.18,4,130,0,56.4,66.7,57.5,61.1,58.0,1.5,1,0,26,1.5,1,66,0,38.3,7,89.4,59,81.8,54,97.2,12,1,16.7,11,54,15,2.1,7.7,0.92,38,618,492,521,435,435,394,1,581,447,655,369,1,584,415,606,59,594,58,40,1,430,26,16,389,1,653,360,709,410,154,133,391,337,173,614,583,524,547,635,677,614,True
Baron Tipton,190627,WR,N TEXAS,5,8.6,1,75.0,66.7,2,3,1,0.0,0,0.23,6,251,0,80.1,67.5,65.2,,65.1,0.0,0,1,20,0.0,0,74,2,58.8,9,91.9,68,6.8,5,91.3,12,1,93.2,69,97,42,4.7,10.8,1.43,1,579,293,182,169,90,160,744,1,1,275,237,1,124,353,353,,344,113,113,554,525,76,76,340,719,94,282,604,352,679,597,440,337,173,88,190,375,305,347,497,456,True
Leon Haughton Jr.,162793,TE,DOMINION,4,7.1,4,66.7,0.0,0,1,0,0.0,0,-0.27,4,263,0,80.9,67.9,68.7,79.8,70.4,28.6,32,1,38,17.9,20,112,0,31.4,8,74.1,83,50.0,56,98.6,12,2,0.0,0,104,67,8.4,13.0,1.25,17,149,8,165,105,105,75,1,1,1,278,66,1,20,57,61,4,66,274,137,256,25,142,39,23,1,287,57,188,36,39,14,142,53,11,254,254,51,35,35,70,121,True
Cole Keller,200804,TE,JAMES MAD,4,8.0,4,75.0,,0,0,0,10.0,1,0.35,8,197,0,61.0,67.5,75.0,63.0,72.6,62.5,55,0,30,21.6,19,88,0,53.0,9,73.9,65,33.0,29,148.6,12,3,1.1,1,128,68,7.6,14.2,1.97,17,111,8,123,,105,169,1,212,191,70,21,1,211,62,25,178,54,97,41,1,60,106,49,68,1,86,49,192,70,150,75,30,53,3,247,202,40,34,49,50,59,True
Da'Shawn Martin,188233,WR,VIRGINIA,4,17.2,1,58.3,0.0,0,2,0,12.5,1,0.36,5,335,0,56.4,67.8,64.2,,62.5,0.0,0,0,47,0.0,0,68,1,53.7,7,98.5,67,13.2,9,129.5,12,3,86.8,59,113,21,3.0,16.1,1.69,38,89,293,521,435,435,242,1,581,447,164,296,1,584,339,380,,438,113,113,1,151,76,76,377,526,172,360,87,358,540,494,158,337,35,220,236,325,490,515,201,364,True
Jeffrey Overton Jr.,200026,HB,VA TECH,4,1.5,5,83.3,,0,0,0,9.1,1,0.44,4,337,0,62.9,83.8,80.6,74.4,66.0,0.0,0,0,49,15.7,14,89,0,54.1,10,80.9,72,3.4,3,134.0,12,1,2.2,2,114,113,11.3,11.4,1.58,16,79,12,123,,32,74,1,207,203,45,15,1,207,23,32,86,109,31,31,1,11,241,131,34,1,69,21,42,17,187,118,30,20,17,194,117,10,11,59,40,64,True
Samuel Harris,200065,HB,WYOMING,4,3.0,3,83.3,100.0,1,1,0,0.0,0,0.13,4,351,0,80.9,57.0,71.0,81.9,69.9,1.5,1,0,17,21.2,14,66,0,44.6,10,77.3,51,19.7,13,86.8,12,0,7.6,5,58,53,5.3,5.8,1.14,16,42,37,123,1,5,13,1,1,1,137,15,1,14,233,149,32,79,23,10,1,111,199,131,92,1,176,21,63,65,11,10,157,20,62,78,51,69,95,227,187,113,True
Naeshaun Montgomery,200138,WR,MISSOURI,4,16.9,0,41.7,0.0,0,1,0,0.0,0,0.51,3,229,0,76.3,65.7,54.4,,54.6,0.0,0,0,29,0.0,0,102,1,51.0,5,98.0,100,11.8,12,59.7,12,0,88.2,90,66,17,3.4,13.2,0.66,38,96,492,693,435,435,394,1,1,1,76,436,1,229,485,680,,680,113,113,1,380,76,76,175,526,241,462,101,154,571,425,648,337,397,188,95,471,524,488,347,683,True
Jacobe Hayes,199253,WR,TCU,4,11.7,3,66.7,,0,0,0,0.0,0,0.1,6,305,0,79.3,67.1,69.2,,68.9,0.0,0,1,29,0.0,0,72,0,48.6,8,100.0,72,23.6,17,65.6,12,0,76.4,55,123,56,7.0,15.4,1.71,38,348,104,330,,435,605,1,1,1,397,237,1,144,378,224,,241,113,113,554,380,76,76,354,1,321,313,1,317,384,340,627,337,397,380,261,301,228,157,229,359,True
Isaiah Mizell,198107,WR,ARIZONA,4,10.5,2,75.0,50.0,1,2,0,0.0,0,0.15,5,109,0,80.1,67.5,68.2,,68.9,0.0,0,0,22,0.0,0,63,0,57.4,9,96.8,61,20.6,13,142.0,12,2,79.4,50,109,37,4.1,12.1,1.79,38,444,162,182,228,182,242,1,1,1,339,296,1,124,353,250,,241,113,113,1,496,76,76,412,1,109,282,169,397,424,402,94,337,71,340,282,338,350,407,411,337,True
Jeremiah McClellan,184855,WR,OREGON,2,12.6,1,58.3,50.0,2,4,0,12.5,1,0.02,6,264,0,56.4,66.7,67.8,,69.1,0.0,0,0,51,0.0,0,68,1,39.4,7,97.1,66,27.9,19,130.6,12,1,72.1,49,170,92,13.1,24.3,2.58,700,280,293,521,228,90,104,1,581,447,503,237,1,584,415,263,,232,113,113,1,120,76,76,377,526,627,360,153,367,341,315,153,337,173,426,287,195,109,24,33,160,True
Decker DeGraaf,183635,TE,WASHINGTON,4,8.8,0,75.0,,0,0,0,0.0,0,0.08,5,340,0,80.1,67.5,64.5,53.7,64.8,67.9,74,0,30,21.1,23,109,0,49.1,9,78.0,85,20.2,22,94.4,12,0,11.9,13,86,45,5.0,9.6,1.01,17,87,123,123,,105,169,1,1,1,176,48,1,24,62,100,223,98,63,14,1,60,115,29,28,1,132,49,148,32,237,111,158,53,121,59,15,65,58,115,147,154,True
Ismael Cisse,176609,WR,ARKANSAS,4,9.4,1,58.3,0.0,0,1,1,12.5,1,0.05,4,111,0,56.4,66.7,60.5,,59.2,0.0,0,1,21,0.0,0,89,1,50.0,7,94.4,84,96.6,86,86.8,12,2,3.4,3,90,38,5.4,12.9,1.07,38,519,293,521,435,435,394,744,581,447,461,369,1,584,415,511,,550,113,113,554,509,76,76,255,526,254,360,364,253,24,54,480,337,71,741,703,399,340,267,367,570,True
Neo Clifton,198828,WR,MIDDLE TN,4,9.6,1,66.7,66.7,2,3,0,0.0,0,0.04,6,224,0,79.3,67.1,63.0,,63.6,0.0,0,0,27,0.0,0,85,0,48.8,8,94.1,80,18.8,16,119.1,12,1,81.2,69,97,36,4.5,12.1,1.21,38,506,293,330,169,90,160,1,1,1,475,237,1,144,378,426,,395,113,113,1,410,76,76,279,1,314,313,406,282,450,354,205,337,173,315,190,375,358,367,411,518,True
Tyler Brown,170003,WR,CLEMSON,4,5.4,5,91.7,,0,0,0,0.0,0,-0.33,7,140,0,81.5,70.1,65.4,63.1,65.4,0.9,1,0,24,0.9,1,107,0,38.6,11,93.5,100,92.5,99,105.6,12,0,5.6,6,112,81,7.4,10.2,1.12,38,702,36,55,,435,605,1,1,1,721,186,1,90,179,342,38,342,93,40,1,463,51,16,147,1,644,222,475,154,56,33,317,337,397,720,653,329,136,135,541,550,True
Ryder Treadway,205432,WR,UCONN,4,13.8,1,66.7,50.0,1,2,0,11.1,1,0.48,6,146,0,61.0,67.5,66.9,,68.8,0.0,0,0,24,0.0,0,62,2,50.0,8,90.3,56,25.8,16,91.3,12,0,74.2,46,97,32,4.0,12.1,1.73,38,213,293,330,228,182,242,1,563,447,89,237,1,544,353,282,,245,113,113,1,463,76,76,415,719,254,313,687,424,353,354,440,337,397,413,310,375,384,415,411,354,True
Talyn Taylor,198477,WR,GEORGIA,4,17.8,3,75.0,50.0,1,2,0,0.0,0,0.55,7,173,0,80.1,68.5,90.1,,87.1,0.0,0,0,41,0.0,0,49,0,55.6,9,91.8,45,30.6,15,156.3,12,3,69.4,34,169,57,6.3,18.8,3.76,38,76,104,182,228,182,242,1,1,1,56,186,1,124,289,5,,11,113,113,1,218,76,76,489,1,138,282,609,497,328,373,30,337,35,440,382,198,222,208,108,53,True
Myles Libman,176621,WR,NEW MEX ST,5,14.3,0,58.3,33.3,1,3,0,0.0,0,0.01,6,242,0,78.5,66.7,60.9,,60.7,0.0,0,0,25,0.0,0,102,0,44.0,7,98.0,100,83.3,85,123.6,12,2,16.7,17,96,24,3.4,13.7,0.96,1,185,492,521,354,182,160,1,1,1,515,237,1,172,415,502,,498,113,113,1,446,76,76,175,1,495,360,101,154,138,57,183,337,71,614,504,379,452,488,329,600,True
Markus Allen,145160,WR,MIDDLE TN,4,11.3,3,66.7,0.0,0,2,0,0.0,0,0.2,7,224,0,79.3,67.1,62.2,,65.5,0.0,0,0,41,0.0,0,98,3,48.9,8,93.9,92,21.4,21,134.0,12,1,78.6,77,140,49,6.1,17.5,1.52,38,373,104,330,435,435,242,1,1,1,306,186,1,144,378,453,,339,113,113,1,218,76,76,200,760,312,313,425,202,414,294,133,337,173,349,140,258,256,222,143,431,True
Fluff Bothwell,190075,HB,MISS STATE,4,2.0,2,75.0,0.0,0,1,0,0.0,0,0.41,7,227,0,80.9,85.1,88.5,26.9,83.5,3.2,4,0,22,28.2,35,124,0,52.6,9,65.3,81,4.0,5,125.7,12,1,4.0,5,96,83,9.2,10.7,1.19,16,61,57,164,32,32,13,1,1,1,51,3,1,14,8,4,252,17,10,5,1,67,139,14,5,1,83,28,185,8,175,72,39,20,17,146,51,20,32,105,52,104,True
Jamari Johnson,174706,TE,OREGON,2,10.7,2,91.7,,0,0,0,0.0,0,0.47,7,264,0,82.2,68.5,77.5,64.5,80.7,36.4,24,0,37,16.7,11,66,0,49.2,11,78.8,52,48.5,32,146.5,12,1,15.2,10,176,55,5.0,16.0,3.38,275,50,30,50,,105,169,1,1,1,40,27,1,14,39,16,170,15,250,186,1,32,151,131,123,1,131,33,138,120,48,62,33,53,28,34,38,20,43,115,27,9,True
Dylan Gary,163785,WR,KENNESAW,3,6.1,2,75.0,0.0,0,1,0,10.0,1,-0.11,4,200,0,61.0,67.5,68.2,,69.6,0.0,0,0,16,0.0,0,41,0,42.5,9,97.6,40,12.2,5,119.8,12,1,87.8,36,79,46,5.1,8.8,1.98,572,675,162,182,435,435,394,1,551,447,610,369,1,544,353,250,,214,113,113,1,604,76,76,539,1,549,282,126,528,559,597,200,337,173,198,368,437,278,296,618,287,True
Preston Bowman,200139,WR,OHIO,4,10.8,1,50.0,0.0,0,2,0,0.0,0,0.11,3,259,0,77.5,70.1,58.3,61.0,60.5,0.0,0,1,24,1.4,1,70,0,47.1,6,98.6,69,24.3,17,27.8,12,0,75.7,53,54,38,6.3,9.0,0.78,38,418,293,602,435,435,242,1,1,1,383,436,1,191,179,579,60,511,113,113,554,463,32,16,371,1,372,408,84,341,370,340,742,337,397,392,268,524,340,208,608,652,True
Jayden McGowan,157184,WR,BAYLOR,3,17.5,1,58.3,50.0,1,2,0,0.0,0,0.04,6,118,0,78.5,80.7,68.1,,70.5,0.0,0,1,43,0.0,0,80,1,40.0,7,93.8,75,22.5,18,107.6,12,3,77.5,62,180,36,5.1,25.7,2.4,572,84,293,521,228,182,242,1,1,1,475,237,1,172,2,253,,188,113,113,554,192,76,76,306,526,615,360,437,306,395,326,301,337,35,369,229,176,358,296,24,198,True
Nate Sheppard,198337,HB,DUKE,4,-1.3,6,83.3,,0,0,0,9.1,1,0.49,6,154,0,62.9,72.2,85.2,60.0,71.1,0.0,0,0,13,20.8,15,72,0,58.8,10,77.8,56,8.3,6,130.6,12,3,2.8,2,70,78,7.8,7.0,1.25,16,182,7,123,,32,74,1,207,203,37,6,1,207,197,13,154,73,31,31,1,151,205,123,67,1,31,21,57,45,98,58,32,20,2,182,117,44,40,149,143,96,True
Landon Strother,197048,WR,LA LAFAYET,2,10.3,1,66.7,100.0,2,2,0,0.0,0,0.0,4,207,0,58.9,68.2,62.4,,63.6,0.0,0,0,29,0.0,0,52,1,44.7,8,90.4,47,15.4,8,83.0,12,0,84.6,44,73,14,1.8,9.1,1.55,700,453,293,330,1,90,242,1,1,1,525,369,1,560,304,448,,395,113,113,1,380,76,76,471,526,473,313,686,482,499,523,510,337,397,260,320,454,559,664,606,420,True
Legend Glasker,213820,WR,BYU,3,12.3,3,91.7,100.0,1,1,0,0.0,0,0.71,7,128,0,81.5,72.1,88.2,,86.7,0.0,0,0,70,0.0,0,40,0,61.5,11,97.5,39,65.0,26,158.3,12,2,35.0,14,270,145,13.2,24.5,6.92,572,302,104,55,1,182,394,1,1,1,15,186,1,90,94,8,,12,113,113,1,30,76,76,548,1,56,222,134,539,216,246,1,337,71,549,542,69,37,23,30,4,True
Javen Jacobs,157190,HB,UTAH ST,4,4.1,0,75.0,0.0,0,1,0,0.0,0,-0.04,2,329,0,80.1,84.3,64.6,68.7,57.7,15.6,21,0,11,33.3,45,135,1,43.3,9,62.2,84,12.6,17,84.7,12,0,9.6,13,58,21,2.3,6.4,0.69,16,27,204,164,32,32,13,1,1,1,210,87,1,17,17,228,119,201,3,1,1,179,76,5,3,245,192,28,212,4,46,3,168,20,62,51,5,69,215,282,169,183,True
Dilin Jones,183664,HB,LSU,4,-1.8,4,75.0,0.0,0,1,0,10.0,1,0.16,2,211,0,61.0,85.4,71.2,61.9,50.6,0.0,0,0,13,34.6,44,127,0,52.5,9,63.0,80,7.9,10,79.5,12,0,3.9,5,43,66,7.3,4.8,0.54,16,198,23,164,32,32,13,1,212,203,126,87,1,213,7,146,148,252,31,31,1,151,70,6,4,1,84,28,203,10,102,19,198,20,62,147,51,103,58,166,215,216,True
LT Robinson,218052,WR,LA MONROE,4,5.4,2,66.7,50.0,1,2,0,20.0,2,-0.09,2,209,0,41.6,67.1,57.9,,57.8,0.0,0,1,75,0.0,0,53,0,41.5,8,100.0,53,94.3,50,97.9,12,1,5.7,3,136,80,10.0,17.0,2.57,38,702,162,330,228,182,242,1,662,662,594,522,1,679,378,593,,602,113,113,554,13,76,76,462,1,577,313,1,440,38,140,382,337,173,717,703,268,139,60,162,162,True
Davis Dalton,163558,WR,SO MISS,2,18.2,1,41.7,42.9,3,7,0,0.0,0,0.06,5,296,0,76.3,65.7,66.7,,67.7,0.0,0,0,32,0.0,0,59,0,45.5,5,93.2,55,16.9,10,96.5,12,1,83.1,49,92,14,2.8,18.4,1.67,700,63,293,693,340,39,18,1,1,1,444,296,1,229,485,292,,273,113,113,1,340,76,76,427,1,434,462,506,429,474,463,399,337,173,287,287,392,559,552,120,372,True
Alton McCaskill,144253,HB,SM HOUSTON,4,-3.2,2,75.0,,0,0,0,25.0,3,0.2,1,281,0,30.0,81.1,62.6,49.6,39.8,0.0,0,0,7,29.0,27,93,0,47.2,9,68.8,64,7.5,7,77.1,12,0,0.0,0,18,48,5.3,2.0,0.28,16,245,57,164,,32,74,1,253,284,115,145,1,276,70,252,193,281,31,31,1,245,130,36,29,1,142,28,145,29,109,46,219,20,62,228,228,207,104,227,269,265,True
Rodney Gallagher III,173178,WR,ARIZONA,4,4.2,2,83.3,0.0,0,1,0,0.0,0,0.17,4,109,0,80.9,67.9,63.8,,65.1,0.0,0,1,21,0.0,0,49,1,54.3,10,93.9,46,91.8,45,56.6,12,0,6.1,3,71,58,5.8,7.1,1.54,38,722,162,91,435,435,394,1,1,1,322,369,1,105,323,390,,344,113,113,554,509,76,76,489,526,161,248,425,489,65,154,657,337,397,714,703,462,214,239,694,424,True
Kyle Washington,204905,WR,GA STATE,4,13.7,0,58.3,0.0,0,1,0,0.0,0,-0.23,5,175,0,78.5,66.7,73.9,,74.7,0.0,0,2,45,0.0,0,43,0,38.1,7,97.7,42,37.2,16,48.3,12,0,62.8,27,107,45,6.4,15.3,2.55,38,220,492,521,435,435,394,1,1,1,683,296,1,172,415,120,,108,113,113,722,166,76,76,524,1,658,360,118,517,288,354,683,337,397,481,422,343,282,199,233,165,True
JonAnthony Hall,200319,WR,STANFORD,4,11.8,0,50.0,0.0,0,1,0,45.5,5,0.12,5,300,0,10.4,66.2,51.8,,52.9,0.0,0,0,57,0.0,0,69,1,47.7,6,94.2,65,15.9,11,87.5,12,0,84.1,58,126,61,10.2,21.0,1.94,38,340,492,602,435,435,394,1,752,767,370,296,1,763,449,724,,717,113,113,1,78,76,76,375,526,345,408,398,373,493,441,475,337,397,267,241,295,203,58,63,299,True
Daylyn Upshaw,200158,WR,MIAMI FL,4,6.6,4,90.9,0.0,0,1,0,0.0,0,0.92,7,220,0,80.9,67.9,65.5,,67.6,0.0,0,0,20,0.0,0,49,1,78.7,10,95.9,47,18.4,9,141.9,11,2,81.6,40,94,48,4.8,9.4,2.0,38,659,68,57,435,435,394,1,1,1,3,186,1,105,323,339,,277,113,113,1,525,76,76,489,526,1,248,232,482,452,494,96,373,71,312,340,387,264,332,593,282,True
Johnathan Montague Jr.,190197,WR,BOSTON COL,4,14.5,3,63.6,33.3,1,3,0,12.5,1,-0.09,6,121,0,58.9,67.1,70.0,,69.2,1.3,1,1,32,0.0,0,76,0,45.1,7,93.4,71,22.4,17,104.9,11,2,76.3,58,127,31,4.4,18.1,1.79,38,178,104,434,354,182,160,1,581,447,594,237,1,560,378,206,,230,65,40,554,340,76,76,323,1,455,360,486,327,396,340,325,373,71,382,241,292,396,372,127,337,True
Cam Settles,200090,HB,ARKANSAS,3,-1.3,3,90.9,,0,0,0,0.0,0,-0.02,2,111,0,80.9,77.1,61.0,30.0,67.5,0.0,0,0,18,30.4,24,79,0,38.7,10,68.4,54,1.3,1,80.7,11,0,1.3,1,37,56,5.6,3.7,0.69,231,182,37,85,,32,74,1,1,1,199,87,1,14,148,266,241,91,31,31,1,100,109,55,53,1,250,21,149,51,239,194,191,30,62,219,164,125,83,219,241,183,True
Jordan Clay,215085,WR,WASHINGTON,4,12.0,0,63.6,50.0,1,2,0,0.0,0,0.02,4,340,0,78.5,66.7,65.6,,65.1,0.0,0,1,19,0.0,0,54,0,46.3,7,100.0,54,13.0,7,67.2,11,1,87.0,47,52,14,2.0,7.4,0.96,38,323,492,434,228,182,242,1,1,1,503,369,1,172,415,334,,344,113,113,554,544,76,76,458,1,400,360,1,433,543,542,619,373,173,217,295,537,559,641,682,600,True
Elijah Alexander,215283,TE,AKRON,4,4.6,2,81.8,0.0,0,1,0,0.0,0,-0.13,5,102,0,80.9,68.7,65.9,25.0,70.9,73.2,71,0,28,13.4,13,97,0,40.2,9,83.5,81,16.5,16,136.2,11,3,10.3,10,79,62,6.9,8.8,0.98,17,218,30,84,105,105,75,1,1,1,258,48,1,20,30,82,282,59,39,19,1,74,201,106,48,1,251,49,77,42,257,162,51,60,3,77,38,74,38,67,177,160,True
Antonio Meeks,168551,WR,WAKE,4,10.6,0,63.6,,0,0,0,0.0,0,0.23,4,339,0,78.5,66.7,56.8,,58.9,0.0,0,0,72,0.0,0,97,2,44.6,7,94.8,92,22.7,22,136.2,11,1,77.3,75,134,73,10.4,19.1,1.46,38,437,492,434,,435,605,1,1,1,275,369,1,172,415,621,,571,113,113,1,25,76,76,207,719,477,360,324,202,393,280,119,373,173,371,152,272,162,56,95,445,True
Amir Jackson,190273,TE,FLORIDA,4,13.5,1,36.4,,0,0,0,33.3,2,0.52,4,163,0,26.0,65.0,70.6,47.6,61.2,62.7,32,0,48,21.6,11,51,0,56.5,4,68.6,35,29.4,15,96.8,11,1,5.9,3,90,48,12.0,22.5,2.57,17,19,60,275,,105,169,1,266,273,31,66,1,279,154,50,241,127,96,137,1,9,106,131,173,1,51,140,234,180,181,167,150,60,28,150,136,60,53,9,4,34,True
Moussa Barry,166787,WR,W KENTUCKY,5,10.2,1,63.6,,0,0,1,0.0,0,-0.14,2,346,1,78.5,16.9,50.3,,51.3,0.0,0,0,15,0.0,0,104,3,36.6,7,97.1,101,17.3,18,76.3,11,0,82.7,86,56,16,2.3,8.0,0.55,1,463,293,434,,435,605,744,1,1,623,522,716,172,756,742,,739,113,113,1,626,76,76,163,760,684,360,153,151,468,326,550,373,397,294,110,514,536,614,661,708,True
Kyle McNeal,175559,WR,FIU,2,9.0,1,72.7,50.0,1,2,0,11.1,1,0.06,4,166,0,58.9,68.2,63.8,,66.1,0.0,0,0,18,0.0,0,42,0,48.8,8,97.6,41,54.8,23,93.0,11,0,45.2,19,80,24,3.0,10.0,1.95,700,549,293,254,228,182,242,1,563,447,444,369,1,560,304,390,,323,113,113,1,563,76,76,528,1,314,313,126,523,236,275,428,373,397,527,479,433,452,515,556,298,True
Jadon Porter,184818,WR,BAYLOR,2,16.2,0,54.5,50.0,1,2,0,25.0,2,0.13,5,118,0,33.4,66.2,62.6,,63.5,0.0,0,0,33,0.0,0,53,1,42.0,6,94.3,50,11.3,6,119.5,11,1,88.7,47,110,16,2.7,18.3,2.2,700,115,492,572,228,182,242,1,703,662,359,296,1,719,449,440,,399,113,113,1,324,76,76,462,526,559,408,381,460,579,568,202,373,173,183,295,336,536,569,122,235,True
Jack Pedersen,162462,TE,WASH STATE,4,4.5,0,45.5,0.0,0,1,0,16.7,1,-0.01,2,341,0,49.8,65.7,46.7,61.7,48.4,51.5,69,0,11,22.4,30,134,3,45.2,5,72.4,97,32.1,43,82.8,11,1,15.7,21,20,10,2.0,4.0,0.21,17,222,123,269,105,105,75,1,234,191,215,140,1,236,126,269,187,264,176,22,1,225,97,12,10,289,186,109,204,14,158,30,194,60,28,29,4,237,213,243,278,285,True
Sean Patrick,190981,HB,AKRON,4,2.7,1,100.0,100.0,3,3,0,0.0,0,-0.1,2,102,0,82.2,82.3,68.6,42.5,74.8,0.0,0,0,35,19.1,13,68,0,37.9,11,77.9,53,0.0,0,133.7,11,1,0.0,0,97,67,6.1,8.8,1.83,16,47,112,1,1,1,1,1,1,1,226,87,1,6,43,182,216,42,31,31,1,25,222,147,84,1,257,13,56,53,249,249,31,30,17,228,228,19,55,198,89,51,True
Jai'Den Thomas,174080,HB,UNLV,4,3.8,4,90.9,,0,0,0,9.1,1,0.07,4,325,0,62.9,64.0,75.5,71.5,65.7,0.0,0,0,40,29.8,28,94,1,40.0,10,66.0,62,5.3,5,146.4,11,2,11.7,11,106,69,6.9,10.6,1.71,16,31,23,85,,32,74,1,207,203,161,15,1,207,216,87,109,114,31,31,1,17,116,33,26,245,235,21,179,34,144,72,18,30,4,35,8,15,53,176,56,59,True
Blaze Kamoku,184169,WR,HAWAII,4,10.1,0,54.5,100.0,1,1,0,33.3,3,0.05,4,180,0,22.7,67.7,57.6,,57.5,0.0,0,0,24,0.0,0,51,0,34.7,6,96.1,49,90.2,46,72.5,11,0,9.8,5,66,14,2.3,11.0,1.35,38,471,492,572,1,182,394,1,730,734,461,369,1,755,349,604,,613,113,113,1,463,76,76,475,1,713,408,216,472,75,148,578,373,397,675,664,471,559,614,475,483,True
Radarious Jackson,199974,WR,TENNESSEE,4,12.1,3,72.7,,0,0,0,0.0,0,0.04,5,307,0,79.3,67.1,61.0,30.9,63.2,0.0,0,0,45,0.0,0,97,1,45.1,8,93.8,91,4.1,4,105.5,11,0,95.9,93,113,57,7.1,14.1,1.24,38,314,104,254,,435,605,1,1,1,475,296,1,144,378,496,76,411,113,113,1,166,76,76,207,526,455,313,437,211,722,629,318,373,397,46,86,325,222,153,304,509,True
Aaron Gregory,216277,WR,TEXAS A&M,4,12.5,0,36.4,0.0,0,3,1,20.0,1,-0.18,2,312,0,45.4,65.0,49.9,,49.8,0.0,0,2,15,0.0,0,74,1,40.3,4,97.3,72,21.6,16,38.6,11,1,78.4,58,41,9,2.3,10.3,0.57,38,286,492,716,435,435,160,744,662,447,655,522,1,662,526,747,,751,113,113,722,626,76,76,340,526,607,524,140,317,408,354,729,373,173,351,241,586,621,614,529,703,True
Justin Ruffin Jr.,198249,WR,C MICHIGAN,4,4.5,1,63.6,,0,0,0,12.5,1,-0.33,2,134,0,56.4,73.8,63.9,,63.7,2.4,1,0,18,0.0,0,41,0,40.0,7,97.6,40,90.2,37,72.5,11,0,7.3,3,46,26,3.7,6.6,1.15,38,719,293,434,,435,605,1,581,447,721,522,1,584,75,388,,393,38,40,1,563,76,76,539,1,615,360,126,528,75,185,578,373,397,698,703,561,432,460,706,536,True
Jamarion McDougle,184011,WR,BALL ST,4,11.8,0,54.5,50.0,1,2,0,14.3,1,-0.03,4,117,0,53.8,66.4,53.9,,55.5,0.0,0,0,28,0.0,0,92,1,36.8,6,93.5,86,35.9,33,77.5,11,0,64.1,59,79,11,1.8,13.2,0.92,38,340,492,572,228,182,242,1,607,447,552,369,1,599,447,692,,657,113,113,1,395,76,76,237,526,679,408,475,243,293,203,543,373,397,471,236,437,598,664,347,614,True
Parker Fulghum,189364,WR,LA MONROE,4,13.0,3,72.7,100.0,2,2,0,0.0,0,-0.05,4,209,0,79.3,67.1,67.6,,66.4,0.0,0,1,31,0.0,0,102,0,45.1,8,100.0,102,14.7,15,98.3,11,1,85.3,87,114,24,3.0,14.3,1.12,38,257,104,254,1,90,242,1,1,1,569,369,1,144,378,269,,313,113,113,554,354,76,76,175,1,455,313,1,143,518,373,379,373,173,246,107,323,452,515,289,550,True
Mekhi Miller,157163,WR,MO STATE,4,10.9,1,72.7,0.0,0,1,0,0.0,0,0.25,3,230,0,79.3,67.8,58.2,,59.8,0.0,0,0,42,0.0,0,100,1,45.7,8,92.0,92,35.0,35,101.7,11,0,65.0,65,103,23,2.9,12.9,1.12,38,408,293,254,435,435,394,1,1,1,255,436,1,144,339,583,,534,113,113,1,206,76,76,189,526,420,313,590,202,298,192,349,373,397,466,209,355,466,543,367,550,True
Joey Mattord,175055,HB,E MICHIGAN,5,-3.2,2,81.8,,0,0,0,0.0,0,-0.45,1,160,0,80.1,78.5,69.3,69.9,66.1,0.0,0,0,10,30.6,22,72,0,36.9,9,63.9,46,2.8,2,81.1,11,0,5.6,4,38,62,6.9,4.2,0.83,1,245,57,136,,32,74,1,1,1,277,145,1,17,121,165,117,106,31,31,1,201,105,70,67,1,263,28,194,74,209,152,190,30,62,110,62,119,68,176,231,167,True
Derrick Avery Jr.,204904,WR,GA STATE,4,10.0,0,72.7,100.0,1,1,0,0.0,0,0.63,4,175,0,80.1,67.5,59.5,,60.4,0.0,0,0,27,0.0,0,87,0,60.2,8,95.4,83,17.2,15,96.0,11,0,82.8,72,88,23,2.9,11.0,1.06,38,476,492,254,1,182,394,1,1,1,31,369,1,124,353,537,,515,113,113,1,410,76,76,267,1,71,313,277,263,469,373,407,373,397,292,165,408,466,543,475,575,True
Carson Brown,157579,WR,HAWAII,4,10.3,0,36.4,20.0,1,5,0,0.0,0,-0.11,1,180,0,74.9,65.0,49.1,,49.4,0.0,0,0,9,0.0,0,142,0,41.7,4,97.9,139,9.2,13,44.9,11,0,90.8,129,29,6,1.5,7.3,0.21,38,453,492,716,423,182,69,1,1,1,610,627,1,281,526,756,,755,113,113,1,719,76,76,31,1,570,524,110,24,627,402,698,373,397,134,14,649,657,687,686,755,True
Charlie Coenen,157678,WR,WYOMING,4,14.8,1,54.5,50.0,1,2,0,0.0,0,-0.3,4,351,0,78.5,74.5,57.1,63.9,57.7,6.6,6,0,16,1.1,1,91,2,42.0,6,95.6,87,26.4,24,101.3,11,1,64.8,59,62,23,3.8,10.3,0.71,38,162,293,572,228,182,242,1,1,1,711,369,1,172,69,615,26,609,6,1,1,604,43,16,243,719,559,408,266,235,347,265,353,373,173,468,236,481,466,449,529,673,True
Keaton Kubecka,173077,WR,KANSAS,3,15.4,1,45.5,33.3,1,3,0,0.0,0,0.0,4,198,0,77.5,66.2,61.7,,62.3,1.2,1,1,21,0.0,0,84,1,41.8,5,94.0,79,51.2,43,25.2,11,0,47.6,40,61,12,2.4,12.2,0.77,572,140,293,676,354,182,160,1,1,1,525,369,1,191,449,469,,445,75,40,554,509,76,76,283,526,567,462,421,287,244,165,750,373,397,522,340,489,581,604,406,657,True
Tristen Brown,188507,WR,VANDERBILT,4,10.9,1,72.7,,0,0,0,11.1,1,0.21,5,333,0,58.9,67.1,53.8,,53.2,0.0,0,0,33,0.0,0,126,1,53.4,8,93.7,118,62.7,79,105.5,11,0,37.3,47,113,35,4.4,14.1,0.96,38,408,293,254,,435,605,1,563,447,294,296,1,560,378,694,,705,113,113,1,324,76,76,78,526,179,313,459,86,221,69,318,373,397,545,295,325,367,372,304,600,True
Michael Scott,198579,WR,JAMES MAD,4,10.0,1,63.6,,0,0,0,22.2,2,0.33,4,197,0,38.0,79.3,63.5,,62.2,0.0,0,0,25,0.0,0,37,0,51.4,7,94.6,35,13.5,5,118.0,11,1,86.5,32,86,28,4.0,12.3,2.46,38,476,293,434,,435,605,1,691,662,185,369,1,703,12,400,,452,113,113,1,446,76,76,561,1,226,360,345,563,535,597,226,373,173,228,393,417,413,415,399,188,True
Trell Harris,163133,WR,OKLAHOMA,2,12.9,3,54.5,,0,0,0,0.0,0,0.1,5,261,0,77.5,66.2,67.3,,68.8,0.0,0,1,48,0.0,0,47,0,36.4,6,93.6,44,10.6,5,79.4,11,1,89.4,42,104,52,8.7,17.3,2.36,700,264,104,572,,435,605,1,1,1,397,296,1,191,449,274,,245,113,113,554,142,76,76,502,1,685,408,463,504,594,597,527,373,173,170,333,353,244,82,151,205,True
Dylan Edwards,171893,HB,KANSAS,3,-0.4,4,81.8,100.0,1,1,0,0.0,0,0.13,4,198,0,80.1,51.3,72.0,54.6,73.3,0.0,0,0,19,14.8,9,61,0,42.4,9,83.6,51,23.0,14,92.4,11,0,6.6,4,68,82,9.1,7.6,1.33,231,141,23,136,1,5,13,1,1,1,137,15,1,17,249,139,177,54,31,31,1,90,250,198,107,1,202,28,30,65,9,8,128,30,62,93,62,49,35,108,128,83,True
Chris Culliver,175393,WR,MARSHALL,4,14.3,0,63.6,50.0,1,2,0,0.0,0,0.08,2,214,0,78.5,72.0,56.2,,59.2,0.0,0,0,19,0.0,0,78,2,44.3,7,89.7,70,7.7,6,77.8,11,0,92.3,72,60,5,0.7,8.6,0.86,38,185,492,434,228,182,242,1,1,1,415,522,1,172,95,638,,550,113,113,1,544,76,76,313,719,488,360,703,333,662,568,541,373,397,101,165,495,675,734,635,635,True
JP Coulter,199731,WR,LA MONROE,4,14.0,1,54.5,33.3,1,3,0,14.3,1,0.08,1,209,0,56.4,67.8,58.2,,57.0,0.0,0,0,48,0.0,0,82,0,43.8,6,97.6,80,87.8,72,81.6,11,0,7.3,6,90,38,6.3,15.0,1.13,38,200,293,572,354,182,160,1,607,447,415,627,1,584,339,583,,624,113,113,1,142,76,76,293,1,506,408,126,282,107,82,516,373,397,698,653,399,340,208,245,547,True
Owen Sweeney,192256,WR,MARSHALL,4,9.5,2,72.7,50.0,2,4,0,11.1,1,0.14,5,214,1,58.9,17.6,56.8,,57.0,0.0,0,0,23,0.0,0,99,1,45.1,8,91.9,91,9.1,9,96.0,11,0,90.9,90,88,17,2.1,11.0,0.97,38,512,162,254,228,90,104,1,563,447,347,296,716,560,755,621,,624,113,113,1,481,76,76,196,526,455,313,604,211,630,494,407,373,397,132,95,408,524,635,475,597,True
Landan Brown,175609,HB,SM HOUSTON,4,-2.8,0,100.0,,0,0,0,0.0,0,-0.21,3,281,0,81.5,77.4,66.3,44.6,72.0,0.0,0,0,15,26.5,18,68,0,42.4,11,72.1,49,7.4,5,88.6,11,0,0.0,0,58,89,8.1,5.3,1.18,16,235,204,1,,32,74,1,1,1,254,47,1,10,143,209,205,65,31,31,1,127,153,96,84,1,202,13,111,71,111,72,146,30,62,228,228,69,24,139,196,106,True
TJ Pride,189866,WR,NEW MEX ST,5,9.2,1,54.5,60.0,3,5,0,0.0,0,-0.11,3,242,0,77.5,72.9,54.6,,57.0,0.0,0,1,11,0.0,0,74,0,35.2,6,95.9,71,83.8,62,25.6,11,0,16.2,12,42,9,1.5,7.0,0.59,1,536,293,572,203,39,69,1,1,1,610,436,1,191,86,675,,624,113,113,554,693,76,76,340,1,701,408,232,327,137,104,748,373,397,620,569,581,621,687,695,698,True
Ric'Darious Farmer,189925,WR,UCF,4,6.2,2,72.7,,0,0,0,0.0,0,-0.45,2,323,0,79.3,68.2,63.1,,62.1,1.3,1,1,35,0.0,0,75,1,34.8,8,92.0,69,82.7,62,60.4,11,0,13.3,10,94,49,6.1,11.8,1.36,38,673,162,254,,435,605,1,1,1,746,522,1,144,304,421,,455,65,40,554,298,76,76,333,526,709,313,590,341,148,104,645,373,397,640,595,387,256,222,428,481,True
Ezekiel Avit,170183,WR,FRESNO ST,4,11.0,2,72.7,50.0,1,2,0,0.0,0,0.22,7,169,0,79.3,67.1,72.7,,70.1,0.0,0,0,73,0.0,0,99,0,53.8,8,93.9,93,27.3,27,154.4,11,2,72.7,72,174,72,9.0,21.8,1.87,38,398,162,254,228,182,242,1,1,1,285,186,1,144,378,137,,200,113,113,1,23,76,76,196,1,167,313,425,193,343,237,46,373,71,422,165,187,165,73,56,318,True
Iverson Howard,198726,HB,MARYLAND,4,-2.4,4,72.7,,0,0,0,0.0,0,-0.18,3,215,0,80.1,82.1,67.6,20.6,65.3,0.9,1,0,15,29.5,33,112,0,43.8,8,66.1,74,4.5,5,77.8,11,0,0.9,1,40,72,9.0,5.0,0.54,16,226,23,200,,32,74,1,1,1,246,47,1,17,49,199,268,121,28,10,1,127,124,20,9,1,185,38,177,13,158,72,218,30,62,225,164,115,49,110,208,216,True
Fame Ijeboi,184725,HB,PURDUE,4,-1.0,7,90.9,100.0,1,1,0,9.1,1,0.15,5,273,0,62.9,84.2,84.0,78.0,60.5,0.0,0,0,19,25.0,26,104,0,49.5,10,70.2,73,7.7,8,96.2,11,0,7.7,8,78,89,8.9,7.8,1.07,16,166,5,85,1,5,13,1,207,203,129,9,1,207,18,17,60,172,31,31,1,90,163,44,19,1,117,21,126,15,104,35,109,30,62,76,21,32,24,114,116,120,True
Ben Black III,184652,WR,RUTGERS,4,12.3,0,72.7,0.0,0,1,0,0.0,0,0.16,7,278,0,79.3,69.3,67.8,,68.2,0.0,0,1,31,0.0,0,76,1,50.0,8,94.7,72,7.9,6,103.2,11,1,90.8,69,127,22,2.8,15.9,1.76,38,302,492,254,435,435,394,1,1,1,332,186,1,144,244,263,,260,113,113,554,354,76,76,323,526,254,313,330,317,657,568,336,373,173,134,190,292,475,552,212,347,True
Sacovie White-Helton,184583,WR,GEORGIA,4,4.8,5,90.9,0.0,0,1,0,0.0,0,0.71,4,173,0,80.9,79.9,80.7,,78.6,0.0,0,0,70,0.0,0,35,0,64.5,10,88.6,31,71.4,25,148.1,11,1,28.6,10,135,107,10.7,13.5,4.35,38,716,36,57,435,435,394,1,1,1,15,369,1,105,4,34,,56,113,113,1,30,76,76,576,1,34,248,721,590,201,256,73,373,173,565,595,270,79,48,333,23,True
Creed Whittemore,172560,WR,UTAH,4,15.8,1,72.7,25.0,1,4,0,0.0,0,0.45,5,328,0,79.3,70.0,70.3,,69.8,0.0,0,0,36,0.0,0,71,0,56.5,8,97.2,69,95.8,68,112.3,11,0,4.2,3,131,47,5.9,16.4,1.9,38,127,293,254,406,182,104,1,1,1,112,296,1,144,192,199,,209,113,113,1,280,76,76,365,1,127,313,148,341,30,93,267,373,397,733,703,281,267,235,189,308,True
Jeremiah Nash,215068,WR,UTEP,4,12.1,2,45.5,50.0,1,2,0,16.7,1,-0.09,2,330,1,49.8,13.7,51.5,,49.9,1.3,1,1,29,0.0,0,78,1,43.1,5,92.3,72,5.1,4,23.3,11,0,93.6,73,56,35,7.0,11.2,0.78,38,314,162,676,228,182,242,1,636,447,594,522,716,631,761,726,,750,65,40,554,380,76,76,313,526,530,462,571,317,701,629,752,373,397,82,157,514,367,157,467,652,True
Ka'Morreun Pimpton,172490,TE,TCU,4,18.8,3,45.5,50.0,2,4,0,0.0,0,0.27,5,305,0,77.5,66.2,58.9,73.6,70.6,54.3,51,1,40,28.7,27,94,2,48.4,5,70.2,66,37.2,35,79.2,11,2,8.5,8,99,34,6.8,19.8,1.5,17,1,18,269,70,11,12,1,1,1,93,48,1,52,105,147,45,62,155,59,256,21,50,18,55,264,144,109,221,67,121,48,214,60,11,103,58,53,80,68,10,95,True
Evan Dickens,170066,HB,BOSTON COL,4,-1.5,2,72.7,0.0,0,1,0,11.1,1,0.0,2,121,0,62.9,58.0,61.5,61.1,57.5,0.0,0,1,27,21.0,21,100,0,45.7,8,73.0,73,4.0,4,47.9,11,0,9.0,9,61,83,10.4,7.6,0.84,16,186,57,200,32,32,13,1,215,203,187,87,1,207,232,264,150,203,31,31,266,42,204,77,20,1,163,38,104,15,175,94,267,30,62,58,12,60,32,76,128,161,True
Luke Lindenmeyer,156460,TE,NEBRASKA,4,4.6,4,81.8,100.0,1,1,0,10.0,1,0.5,5,238,0,61.0,67.5,70.9,56.7,64.3,54.0,54,0,33,19.0,19,100,0,52.0,9,81.0,81,38.0,38,103.0,11,0,7.0,7,96,52,5.8,10.7,1.19,17,218,8,84,1,42,75,1,212,191,35,48,1,211,62,47,207,101,158,45,1,50,130,49,41,1,97,49,117,42,111,40,133,60,121,132,69,57,51,97,119,127,True
M.J. Johnson,172354,WR,SO MISS,4,4.9,1,90.0,100.0,1,1,0,0.0,0,0.16,6,296,0,80.1,68.9,83.6,,85.2,0.0,0,0,43,0.0,0,30,0,50.0,9,93.3,28,86.7,26,116.7,10,0,10.0,3,120,76,8.4,13.3,4.29,38,713,293,59,1,182,394,1,1,1,332,237,1,124,275,23,,16,113,113,1,192,76,76,608,1,254,282,488,608,116,246,234,404,397,668,703,309,151,97,341,29,True
Miles Burris,184261,WR,AKRON,4,8.1,0,60.0,100.0,1,1,0,25.0,2,-0.15,3,102,0,33.4,66.2,50.8,,52.1,0.0,0,1,16,0.0,0,88,0,38.8,6,96.6,85,18.2,16,61.7,10,1,81.8,72,38,6,1.0,6.3,0.45,38,604,492,476,1,182,394,1,703,662,629,436,1,719,449,734,,724,113,113,554,604,76,76,259,1,640,408,183,251,453,354,639,404,173,308,165,604,657,706,713,730,True
Elija Lofton,183234,TE,MIAMI FL,4,10.9,2,80.0,50.0,1,2,0,0.0,0,0.8,4,220,0,80.1,67.5,67.5,72.1,67.0,57.4,54,0,31,14.9,14,94,2,73.6,8,81.9,77,35.1,33,140.8,10,1,5.3,5,98,37,4.6,12.3,1.27,17,47,30,91,70,42,39,1,1,1,5,66,1,24,62,68,81,84,131,45,1,57,182,98,55,264,3,57,102,49,137,58,42,65,28,156,99,55,70,138,92,118,True
Jamel Howse,215826,TE,APP STATE,4,8.0,1,70.0,0.0,0,1,0,0.0,0,0.35,3,108,0,78.5,66.7,66.0,77.4,70.5,84.4,76,0,36,28.9,26,90,0,56.8,7,68.9,62,13.3,12,104.6,10,0,1.1,1,106,63,9.0,15.1,1.71,17,111,60,158,105,105,75,1,1,1,70,89,1,36,85,80,8,64,10,11,1,38,49,21,62,1,47,70,231,86,271,200,129,65,121,247,202,49,37,29,37,71,True
Kyan Berry-Johnson,183651,WR,SM HOUSTON,4,10.9,3,100.0,100.0,1,1,0,0.0,0,0.12,4,281,0,80.9,67.9,71.8,,72.6,0.0,0,0,61,0.0,0,62,1,42.9,10,90.3,56,40.3,25,152.1,10,1,59.7,37,145,36,3.6,14.5,2.59,38,408,104,1,1,182,394,1,1,1,370,369,1,105,323,154,,144,113,113,1,62,76,76,415,526,534,248,687,424,268,256,50,404,173,498,364,242,358,471,278,156,True
AJ Johnson,148481,TE,FAU,4,5.0,0,80.0,100.0,1,1,0,0.0,0,0.15,3,165,0,79.3,69.0,53.3,48.2,52.0,49.7,71,0,13,22.4,32,143,0,47.4,8,75.5,108,42.0,60,117.9,10,1,6.3,9,43,28,3.5,5.4,0.4,17,205,123,91,1,42,75,1,1,1,151,89,1,28,26,219,238,232,184,19,1,200,97,7,7,1,157,57,174,9,83,8,89,65,28,144,48,153,110,190,257,261,True
Jacob Bostick,156423,WR,S DIEGO ST,4,19.7,1,40.0,0.0,0,2,0,0.0,0,-0.28,2,284,0,45.9,65.0,55.8,,55.5,0.0,0,0,41,0.0,0,58,0,32.0,4,86.2,50,12.1,7,67.9,10,0,87.9,51,78,10,2.5,19.5,1.56,38,37,293,697,435,435,242,1,1,1,704,522,1,654,526,646,,657,113,113,1,218,76,76,437,1,739,524,743,460,562,542,610,404,397,196,277,442,609,588,91,416,True
Wayne Knight,156712,HB,UCLA,4,2.0,1,80.0,0.0,0,1,0,0.0,0,-0.03,5,324,0,79.3,82.5,86.0,22.0,79.3,0.0,0,0,20,14.8,8,54,0,44.2,8,81.5,44,11.1,6,101.3,10,0,3.7,2,83,90,11.3,10.4,1.89,16,61,112,138,32,32,13,1,1,1,204,9,1,25,35,9,265,27,31,31,1,82,250,217,136,1,182,38,37,87,57,58,86,39,62,154,117,23,21,59,61,47,True
Dawson Pough,207820,WR,BOSTON COL,4,11.1,1,80.0,,0,0,0,0.0,0,-0.08,5,121,0,79.3,67.1,57.9,,57.4,0.0,0,0,78,0.0,0,107,0,47.6,8,98.1,105,29.9,32,152.1,10,1,70.1,75,146,73,9.1,18.3,1.39,38,392,293,112,,435,605,1,1,1,590,296,1,144,378,593,,615,113,113,1,6,76,76,147,1,351,313,96,132,330,207,50,404,173,438,152,241,162,72,122,471,True
Luke Gilbert,204924,TE,JVILLE ST,5,8.2,3,70.0,100.0,1,1,0,12.5,1,0.36,4,196,0,61.0,67.5,72.3,73.0,73.1,39.5,34,1,82,16.3,14,86,1,53.8,7,75.6,65,57.0,49,112.5,10,2,3.5,3,181,110,15.7,25.9,2.78,1,107,18,158,1,42,75,1,219,191,65,66,1,211,62,41,53,51,241,124,256,2,160,98,71,167,74,70,172,70,15,22,107,65,11,198,136,19,12,3,2,23,True
Greg Gaines III,157600,WR,FIU,4,14.7,0,60.0,50.0,1,2,0,14.3,1,0.02,3,166,0,53.4,66.2,50.7,63.9,54.8,0.0,0,2,30,1.4,1,73,1,47.1,6,91.8,67,13.7,10,48.8,10,0,86.3,63,87,16,2.7,14.5,1.3,38,169,492,476,228,182,242,1,607,447,503,436,1,605,449,735,26,676,113,113,722,369,32,16,348,526,372,408,609,358,530,463,682,404,397,233,224,414,536,569,278,492,True
Devin Alves,157652,WR,HAWAII,4,15.7,1,40.0,0.0,0,2,0,20.0,1,0.02,2,180,1,45.9,12.4,48.6,,49.4,0.0,0,0,19,0.0,0,94,1,37.8,4,95.7,90,12.8,12,54.6,10,0,87.2,82,46,11,2.8,11.5,0.51,38,131,293,697,435,435,242,1,662,447,503,522,716,654,762,759,,755,113,113,1,544,76,76,227,526,660,524,257,222,546,425,667,404,397,214,125,561,598,552,445,719,True
Tate Hoover,204720,TE,BALL ST,4,8.5,0,80.0,100.0,1,1,0,0.0,0,0.02,3,117,0,79.3,67.1,57.5,50.3,60.6,75.0,72,0,13,34.4,33,96,0,40.0,8,63.5,61,21.9,21,115.4,10,1,2.1,2,37,10,1.3,4.6,0.61,17,96,123,91,1,42,75,1,1,1,202,89,1,28,72,165,235,135,30,17,1,200,27,5,51,1,252,57,261,89,228,120,95,65,28,226,166,174,213,264,269,231,True
Jordan Clark,204284,TE,RICE,4,6.1,0,80.0,100.0,1,1,0,0.0,0,0.0,5,275,0,80.1,68.5,65.7,,68.6,31.7,20,0,18,0.0,0,63,0,46.8,8,98.4,62,50.8,32,98.3,10,0,15.9,10,76,32,4.0,9.5,1.23,17,179,123,91,1,42,75,1,1,1,212,48,1,24,39,84,,76,269,214,1,154,284,284,130,1,165,57,4,86,37,62,145,65,121,28,38,80,88,162,150,125,True
Raleek Brown,158458,HB,TEXAS,4,-3.1,1,90.0,,0,0,0,10.0,1,0.1,2,311,1,61.4,60.7,65.1,39.7,47.5,0.0,0,0,11,20.2,19,94,0,47.3,9,78.7,74,6.4,6,79.2,10,0,10.6,10,30,55,6.1,3.3,0.41,16,244,112,88,,32,74,1,212,203,152,87,274,212,226,221,224,261,31,31,1,179,214,86,26,1,141,28,54,13,124,58,199,39,62,42,10,159,86,198,249,245,True
Noah Bennee,158474,TE,UTAH,4,11.7,2,70.0,0.0,0,1,0,0.0,0,0.58,6,328,0,78.5,66.7,72.1,62.0,74.2,59.0,49,0,57,21.7,18,83,1,56.3,7,74.7,62,36.1,30,152.1,10,2,3.6,3,166,87,12.4,23.7,2.68,17,33,30,158,105,105,75,1,1,1,19,40,1,36,85,42,183,44,119,67,1,7,105,55,79,167,53,70,183,86,129,71,21,65,11,196,136,24,23,8,3,29,True
Jeremiah Harrison,200801,WR,JAMES MAD,4,12.8,0,40.0,33.3,1,3,0,0.0,0,0.19,3,197,0,74.9,65.0,54.9,,55.9,0.0,0,0,25,0.0,0,72,1,45.7,4,97.2,70,11.1,8,91.3,10,1,88.9,64,54,9,2.3,13.5,0.77,38,268,492,697,354,182,160,1,1,1,313,436,1,281,526,671,,652,113,113,1,446,76,76,354,526,420,524,148,333,582,523,440,404,173,175,212,524,621,614,333,657,True
Elijah Lagg,200217,TE,PITTSBURGH,4,5.7,0,70.0,100.0,1,1,0,12.5,1,0.66,3,268,0,56.4,66.7,55.7,57.5,60.8,58.7,37,0,31,15.9,10,63,0,70.5,7,82.5,52,27.0,17,125.4,10,1,9.5,6,76,42,6.0,10.9,1.46,17,185,123,158,1,42,75,1,219,191,11,89,1,220,85,188,205,132,121,112,1,57,166,149,130,1,4,70,92,120,203,157,66,65,28,93,76,80,61,88,117,102,True
DJ Miller,200142,WR,KENTUCKY,4,22.2,0,50.0,50.0,1,2,0,0.0,0,0.13,3,202,0,76.3,66.6,57.8,,57.1,1.3,1,0,53,0.0,0,80,0,46.2,5,97.5,78,12.5,10,83.8,10,0,86.3,69,96,38,7.6,19.2,1.23,38,18,492,602,228,182,242,1,1,1,359,436,1,229,441,600,,622,65,40,1,103,76,76,306,1,405,462,134,290,551,463,503,404,397,233,190,379,340,125,94,512,True
Malik Knight,159944,WR,PITTSBURGH,2,9.0,1,70.0,,0,0,0,12.5,1,0.58,3,268,0,58.9,67.1,64.5,,64.9,0.0,0,0,17,0.0,0,53,2,62.0,7,94.3,50,9.4,5,124.2,10,1,90.6,48,73,18,2.6,10.4,1.46,700,549,293,297,,435,605,1,581,447,44,436,1,560,378,374,,357,113,113,1,588,76,76,462,719,54,360,381,460,619,597,182,404,173,140,292,454,518,580,526,445,True
Talyn Shettron,128693,WR,LA TECH,3,8.5,0,70.0,0.0,0,2,0,0.0,0,-0.13,5,208,0,78.5,68.8,66.2,,63.6,0.0,0,0,16,0.0,0,64,0,41.7,7,93.8,60,9.4,6,124.6,10,1,90.6,58,74,46,6.6,10.6,1.23,572,585,492,297,435,435,242,1,1,1,619,296,1,172,276,313,,395,113,113,1,604,76,76,405,1,570,360,437,406,619,568,179,404,173,140,241,452,278,185,514,512,True
Bo Jackson,199864,HB,OHIO STATE,4,-0.8,2,90.0,,0,0,0,10.0,1,0.58,3,260,0,61.0,82.2,78.4,83.0,63.1,0.0,0,0,13,18.2,12,66,0,62.5,9,78.8,52,4.5,3,94.2,10,0,1.5,1,66,80,8.9,7.3,1.27,16,160,57,88,,32,74,1,212,203,22,47,1,213,47,51,22,140,31,31,1,151,228,159,92,1,15,28,53,58,158,118,122,39,62,213,164,51,37,114,135,90,True
Nolan James Jr.,199837,HB,NOTRE DAME,4,0.9,2,90.0,,0,0,0,0.0,0,0.51,3,258,0,80.1,81.7,81.1,78.7,73.7,0.0,0,0,28,16.7,7,42,0,60.0,9,81.0,34,0.0,0,140.0,10,2,14.3,6,81,90,10.0,9.0,2.38,16,97,57,88,,32,74,1,1,1,32,47,1,17,56,30,53,50,31,31,1,39,236,227,179,1,23,28,41,149,249,249,25,39,4,23,37,25,21,84,83,33,True
Justus Ross-Simmons,163334,WR,SYRACUSE,2,19.5,0,70.0,100.0,4,4,0,12.5,1,-0.44,5,304,0,56.4,66.7,75.1,,76.3,0.0,0,0,25,0.0,0,48,0,28.9,7,93.8,45,2.1,1,112.5,10,0,97.9,47,130,12,1.7,18.6,2.89,700,41,492,297,1,14,104,1,581,447,745,296,1,584,415,94,,75,113,113,1,446,76,76,495,1,750,360,437,497,742,718,262,404,397,26,295,285,581,672,115,119,True
Branden Hoch,199670,WR,FAU,4,10.5,0,60.0,0.0,0,2,0,14.3,1,0.07,3,165,0,53.8,66.2,51.4,,55.3,0.0,0,0,14,0.0,0,64,1,43.5,6,96.9,62,31.3,20,71.7,10,0,68.8,44,47,17,2.8,7.8,0.76,38,444,492,476,435,435,242,1,607,447,430,436,1,599,449,728,,664,113,113,1,647,76,76,405,526,518,408,163,391,319,306,584,404,397,447,320,557,524,552,671,662,True
Max Dowling,163805,TE,UMASS,4,4.1,2,80.0,0.0,0,1,0,11.1,1,0.4,1,216,0,59.3,67.1,56.4,48.9,52.9,62.1,36,0,8,17.2,10,58,2,49.1,8,79.3,46,20.7,12,113.3,10,1,15.5,9,32,24,3.0,4.0,0.7,17,235,30,91,105,105,75,1,216,191,52,200,1,216,72,179,237,224,102,117,1,252,149,149,147,264,132,57,129,138,236,200,106,65,28,31,48,185,130,211,278,225,True
Waden Charles,199385,WR,UCF,4,8.2,0,100.0,100.0,1,1,0,0.0,0,-0.28,2,323,0,80.9,67.9,59.8,,58.9,0.0,0,0,30,0.0,0,82,0,39.5,10,92.7,76,22.0,18,148.3,10,2,78.0,64,101,24,2.4,10.1,1.33,38,601,492,1,1,182,394,1,1,1,704,522,1,105,323,529,,571,113,113,1,369,76,76,293,1,626,248,547,298,405,326,72,404,71,361,212,359,452,604,550,489,True
Emaree Winston,199293,TE,TEXAS,4,4.5,2,60.0,0.0,0,1,0,25.0,2,-0.04,3,311,0,22.7,66.2,53.7,66.4,51.5,65.1,54,0,22,15.7,13,83,0,42.5,6,81.9,68,21.7,18,81.3,10,0,13.3,11,70,47,7.8,11.7,1.03,17,222,30,215,105,105,75,1,257,273,230,89,1,288,105,215,150,240,81,45,1,118,172,106,79,1,226,92,102,59,229,146,205,65,121,47,28,88,56,43,102,151,True
Johntay Cook II,131255,WR,OLE MISS,4,9.5,1,70.0,66.7,2,3,0,0.0,0,0.11,3,226,0,78.5,67.8,61.0,63.1,60.8,0.0,0,1,17,1.6,1,64,0,53.2,7,95.3,61,37.5,24,79.6,10,1,62.5,40,61,15,2.1,8.7,1.0,38,512,293,297,169,90,160,1,1,1,383,436,1,172,339,496,38,496,113,113,554,588,23,16,405,1,184,360,282,397,284,265,524,404,173,483,340,489,547,635,627,587,True
Brec Long,199187,TE,N TEXAS,5,2.0,3,80.0,0.0,0,1,0,11.1,1,0.4,5,251,0,58.9,67.1,58.7,65.6,58.1,73.8,76,0,14,35.9,37,103,2,56.7,8,62.1,64,24.3,25,96.3,10,0,0.0,0,71,61,7.6,8.9,1.11,1,279,18,91,105,105,75,1,216,191,52,48,1,217,72,151,157,163,36,11,1,189,24,4,34,264,50,57,267,77,216,94,151,65,121,254,254,86,40,49,173,141,True
DJ Darling,217356,WR,NEW MEXICO,4,16.7,0,20.0,50.0,1,2,0,33.3,1,0.24,1,241,0,31.6,62.9,55.7,,55.3,0.0,0,0,35,0.0,0,76,0,46.3,2,88.2,67,25.0,19,78.8,10,1,75.0,57,44,4,2.0,22.0,0.66,38,99,492,756,228,182,242,1,730,447,268,627,1,724,636,650,,664,113,113,1,298,76,76,323,1,400,671,726,358,359,315,535,404,173,401,248,570,692,641,53,683,True
Zion Taylor,170079,WR,W KENTUCKY,5,7.6,3,60.0,,0,0,0,25.0,2,-0.08,3,346,0,37.6,67.8,65.4,,65.6,2.8,1,0,72,0.0,0,36,0,32.4,6,94.4,34,83.3,30,126.3,10,1,11.1,4,98,83,13.8,16.3,2.88,1,625,104,476,,435,605,1,703,662,590,436,1,704,339,342,,333,32,40,1,25,76,76,571,1,736,408,364,572,138,223,173,404,173,656,683,372,130,21,194,120,True
Tate Nagy,198590,WR,KANSAS,3,9.2,2,60.0,0.0,0,1,0,0.0,0,0.56,5,198,0,77.5,78.2,70.2,,74.1,0.0,0,0,38,0.0,0,42,0,51.3,6,92.9,39,61.9,26,133.8,10,2,35.7,15,101,50,8.3,16.8,2.59,572,536,162,476,435,435,394,1,1,1,52,296,1,191,25,202,,121,113,113,1,257,76,76,528,1,231,408,531,539,223,246,135,404,71,548,526,359,251,102,171,156,True
Quentin Gibson,198298,WR,COLORADO,4,5.3,1,80.0,,0,0,0,0.0,0,-0.04,4,143,0,79.3,70.3,67.9,,67.3,0.0,0,0,11,0.0,0,38,0,47.2,8,94.7,36,44.7,17,84.6,10,0,50.0,19,43,28,3.5,5.4,1.19,38,705,293,112,,435,605,1,1,1,562,369,1,144,166,259,,283,113,113,1,693,76,76,556,1,367,313,330,554,261,340,496,404,397,516,479,575,413,479,741,523,True
John Neider,171057,WR,W VIRGINIA,4,18.7,0,60.0,0.0,0,1,0,0.0,0,0.41,3,343,0,77.5,69.2,61.7,,60.2,0.0,0,0,21,0.0,0,67,0,45.2,6,92.5,62,10.4,7,81.7,10,0,89.6,60,71,12,2.0,11.8,1.15,38,54,492,476,435,435,394,1,1,1,127,436,1,191,246,469,,521,113,113,1,509,76,76,386,1,449,408,556,391,598,542,514,404,397,166,235,462,581,641,428,536,True
CC Ezirim,171376,TE,W KENTUCKY,5,7.7,1,80.0,100.0,1,1,0,0.0,0,-0.04,5,346,0,79.3,67.1,58.5,73.8,61.9,40.0,44,0,38,15.5,17,110,2,43.0,8,81.8,90,50.0,55,118.8,10,0,10.0,11,125,53,6.6,15.6,1.39,1,122,60,91,1,42,75,1,1,1,230,48,1,28,72,154,43,121,236,87,1,25,173,66,26,264,214,57,106,25,39,15,76,65,121,84,28,42,49,74,34,110,True
Mason Humphrey,172082,WR,N CAROLINA,3,12.5,0,30.0,33.3,1,3,0,0.0,0,0.11,3,245,0,73.1,64.1,55.8,,55.2,0.0,0,1,17,0.0,0,71,0,47.1,3,98.6,70,8.5,6,3.3,10,0,91.5,65,38,6,2.0,12.7,0.54,572,286,492,742,354,182,160,1,1,1,383,436,1,340,580,646,,669,113,113,554,588,76,76,365,1,372,593,84,333,643,568,763,404,397,118,209,604,657,641,374,712,True
Kenji Christian,144072,HB,UCONN,4,-1.2,10,70.0,,0,0,0,22.2,2,0.3,5,146,0,37.6,80.7,78.4,83.3,65.7,0.0,0,0,22,27.3,18,66,0,45.6,7,62.1,41,4.5,3,125.0,10,1,0.0,0,75,87,12.4,10.7,1.83,16,179,3,215,,32,74,1,252,276,85,9,1,262,82,51,18,114,31,31,1,67,143,96,92,1,165,53,214,105,158,118,40,39,17,228,228,37,27,39,52,51,True
Aiden Flora,191300,HB,IOWA STATE,4,2.4,1,80.0,0.0,0,2,0,0.0,0,0.03,2,193,0,80.1,85.0,85.6,82.4,82.6,0.0,0,0,30,20.3,13,64,0,39.0,8,71.9,46,7.8,5,94.2,10,0,4.7,3,66,65,8.1,8.3,1.43,16,53,112,138,32,32,5,1,1,1,180,87,1,17,9,11,26,19,31,31,1,34,212,147,101,1,248,38,112,74,103,72,122,39,62,129,87,51,60,139,100,75,True
Terry Bussey,191251,WR,TEXAS A&M,2,12.3,2,70.0,100.0,1,1,0,12.5,1,0.22,5,312,0,56.4,75.1,63.3,,66.1,0.0,0,0,21,0.0,0,47,0,48.8,7,91.5,43,25.5,12,98.8,10,0,74.5,35,92,31,4.4,13.1,2.14,700,302,162,297,1,182,394,1,581,447,285,296,1,584,64,411,,323,113,113,1,509,76,76,502,1,314,360,633,513,355,425,371,404,397,408,378,392,396,372,355,251,True
Beau Sparks,173021,WR,TEXAS ST,3,8.8,1,70.0,,0,0,0,0.0,0,0.46,4,314,0,78.5,66.7,70.8,,70.5,0.0,0,1,63,0.0,0,34,0,59.4,7,94.1,32,44.1,15,92.1,10,1,55.9,19,91,49,7.0,13.0,2.84,572,563,293,297,,435,605,1,1,1,105,369,1,172,415,182,,188,113,113,554,52,76,76,581,1,84,360,406,580,263,373,435,404,173,505,479,394,256,157,360,126,True
Peter Clarke,173261,TE,TEMPLE,4,3.6,1,60.0,0.0,0,1,0,14.3,1,0.13,2,306,0,56.8,66.7,60.8,52.2,51.7,63.2,60,1,13,15.8,15,95,0,43.2,6,77.9,74,32.6,31,25.4,10,0,4.2,4,31,25,4.2,5.2,0.42,17,251,60,215,105,105,75,1,227,191,160,140,1,218,85,130,229,237,93,34,256,200,171,88,53,1,209,92,150,52,153,67,286,65,121,180,119,188,124,154,260,256,True
Sam West,173392,TE,MISS STATE,4,4.3,0,60.0,50.0,1,2,0,14.3,1,0.33,2,227,0,53.4,66.2,51.1,72.7,49.6,51.2,63,0,12,15.4,19,123,1,47.7,6,76.4,94,34.1,42,106.3,10,1,8.9,11,50,25,4.2,8.3,0.53,17,229,123,215,70,42,39,1,227,191,80,140,1,227,105,248,64,256,177,25,1,219,176,49,12,167,152,92,164,20,144,31,124,65,28,99,28,135,124,154,186,245,True
Nakai Amachree,191000,HB,BOWL GREEN,4,2.2,0,90.0,,0,0,0,0.0,0,-0.27,3,122,0,80.1,53.2,64.4,54.4,65.0,0.0,0,0,19,12.9,9,70,0,39.7,9,87.1,61,15.7,11,90.0,10,0,11.4,8,56,38,4.2,6.2,0.92,16,57,204,88,,32,74,1,1,1,264,47,1,17,247,233,178,125,31,31,1,90,262,198,73,1,241,28,17,35,28,16,137,39,62,38,21,73,132,255,177,138,True
Jamari Person,173472,WR,LIBERTY,4,16.6,0,80.0,100.0,2,2,2,0.0,0,0.31,5,206,0,58.9,67.1,58.9,,59.3,0.0,0,0,34,0.0,0,98,2,50.0,8,93.9,92,21.4,21,157.9,10,2,78.6,77,124,13,1.6,15.5,1.35,38,103,492,112,1,90,242,769,1,1,201,296,1,560,378,557,,548,113,113,1,314,76,76,200,719,254,313,425,202,414,294,25,404,71,349,140,299,574,683,225,483,True
Jayden Moore,189388,WR,DUKE,4,15.3,0,30.0,33.3,2,6,0,25.0,1,-0.11,3,154,0,39.5,64.1,58.3,63.1,59.0,0.0,0,1,24,2.1,1,47,0,40.9,3,91.5,43,34.0,16,38.8,10,1,63.8,30,43,3,1.0,14.3,1.0,38,143,492,742,354,90,33,1,703,447,610,436,1,688,580,579,38,565,113,113,554,463,18,16,502,1,588,593,633,513,303,354,728,404,173,473,401,575,706,706,289,587,True
Ardell Banks,175136,WR,KENT STATE,4,17.2,0,50.0,50.0,2,4,0,0.0,0,0.1,5,201,0,76.3,65.7,67.7,,67.5,0.0,0,0,33,0.0,0,68,0,38.5,5,95.6,65,10.3,7,88.3,10,0,89.7,61,107,19,3.8,21.4,1.65,38,89,492,602,228,90,104,1,1,1,397,296,1,229,485,267,,278,113,113,1,324,76,76,377,1,645,462,266,373,601,542,471,404,397,160,231,343,507,449,60,378,True
Marshaun Brown,175717,WR,NEVADA,4,15.6,0,60.0,100.0,1,1,0,0.0,0,0.07,3,239,1,77.5,16.2,54.8,,54.9,0.0,0,1,28,0.0,0,57,0,40.4,6,89.5,51,8.8,5,71.7,10,1,91.2,52,62,9,1.5,10.3,1.22,38,136,492,476,1,182,394,1,1,1,430,436,716,191,757,673,,674,113,113,554,395,76,76,442,1,602,408,706,454,633,597,584,404,173,128,273,481,621,687,529,516,True
Brett Norfleet,175909,TE,MISSOURI,4,5.6,0,70.0,50.0,2,4,0,12.5,1,0.16,3,229,0,56.4,66.7,54.8,69.7,58.5,40.7,22,0,13,7.4,4,54,0,43.1,7,87.0,47,50.0,27,116.7,10,1,7.4,4,55,25,3.6,7.9,1.17,17,187,123,158,70,11,12,1,219,191,148,89,1,220,85,201,117,157,233,204,1,200,246,233,158,1,212,70,47,133,39,82,92,65,28,125,119,114,124,183,199,131,True
Carson Kolb,191218,TE,OKLA STATE,4,5.4,0,55.6,0.0,0,1,0,16.7,1,0.26,3,262,0,50.3,65.7,52.1,64.9,46.7,48.8,60,0,10,25.2,31,123,1,55.9,5,71.5,88,35.8,44,101.9,9,2,3.3,4,30,11,2.2,6.0,0.34,17,192,123,238,105,105,75,1,234,191,99,89,1,234,126,235,167,273,188,34,1,237,68,10,12,167,57,109,213,28,131,27,134,80,11,201,119,195,208,240,247,268,True
Darius Taylor,173422,HB,MINNESOTA,3,1.9,3,88.9,,0,0,0,0.0,0,0.23,4,225,0,79.3,80.6,76.9,67.8,90.3,0.0,0,1,19,27.3,9,33,0,56.3,8,69.7,23,12.1,4,60.4,9,0,0.0,0,72,67,8.4,9.0,3.13,231,67,37,93,,32,74,1,1,1,105,15,1,25,88,65,121,4,31,31,266,90,143,198,231,1,49,38,132,215,49,94,257,46,62,228,228,40,55,129,83,16,True
Antonio Floyd,184048,WR,E MICHIGAN,3,10.0,1,55.6,50.0,1,2,0,16.7,1,-0.3,1,160,0,50.3,65.7,50.6,,50.0,0.0,0,0,15,0.0,0,53,0,39.1,5,86.8,46,13.2,7,67.4,9,0,86.8,46,41,11,2.2,8.2,0.89,572,476,293,553,228,182,242,1,636,447,711,627,1,626,485,738,,749,113,113,1,626,76,76,462,1,633,462,740,489,540,542,616,431,397,220,310,586,598,628,653,626,True
Tyran Warren,178517,WR,NC STATE,4,13.6,1,55.6,,0,0,0,0.0,0,0.13,2,248,0,76.3,65.7,56.1,,56.0,0.0,0,0,23,0.0,0,49,0,50.0,5,93.9,46,6.1,3,72.0,9,0,93.9,46,51,15,3.0,10.2,1.11,38,229,293,553,,435,605,1,1,1,359,522,1,229,485,641,,649,113,113,1,481,76,76,489,1,254,462,425,489,689,658,580,431,397,75,310,542,547,515,541,556,True
Noah Grevious,192231,WR,JAMES MAD,4,4.2,2,88.9,,0,0,0,0.0,0,0.31,5,197,0,79.3,70.0,68.5,,66.8,0.0,0,0,15,0.0,0,45,0,54.8,8,93.3,42,91.1,41,101.4,9,0,8.9,4,75,49,6.1,9.4,1.79,38,722,162,60,,435,605,1,1,1,201,296,1,144,192,241,,298,113,113,1,626,76,76,512,1,152,313,488,517,71,171,352,431,397,684,683,450,256,222,593,337,True
Craig Dandridge,217077,WR,GEORGIA,4,11.7,2,88.9,0.0,0,1,0,0.0,0,0.35,5,173,0,79.3,73.5,85.6,,83.3,0.0,0,0,61,0.0,0,28,0,50.0,8,100.0,28,78.6,22,155.8,9,1,21.4,6,171,71,8.9,21.4,6.11,38,348,162,60,435,435,394,1,1,1,171,296,1,144,82,14,,23,113,113,1,62,76,76,622,1,254,313,1,608,175,280,37,431,173,588,653,192,171,79,60,8,True
Navelle Dean,173781,WR,KENNESAW,4,9.4,1,77.8,100.0,1,1,0,0.0,0,0.11,3,200,0,79.3,67.1,58.2,,60.5,1.2,1,0,20,0.0,0,83,0,53.2,7,92.8,77,12.0,10,92.6,9,0,86.7,72,56,21,3.0,8.0,0.73,38,519,293,148,1,182,394,1,1,1,383,436,1,144,378,583,,511,75,40,1,525,76,76,290,1,184,360,544,294,564,463,431,431,397,224,165,514,490,515,661,669,True
Cole Weaver,171295,WR,SYRACUSE,3,11.2,0,55.6,0.0,0,2,0,0.0,0,0.04,2,304,0,76.3,65.7,61.2,,60.7,0.0,0,1,14,0.0,0,47,0,46.7,5,95.7,45,4.3,2,27.8,9,0,95.7,45,41,12,2.4,8.2,0.91,572,382,492,553,435,435,242,1,1,1,475,522,1,229,485,489,,498,113,113,554,647,76,76,502,1,388,462,257,497,715,690,742,431,397,51,316,586,581,604,653,621,True
Jaden Greathouse,171085,WR,NOTRE DAME,4,19.2,0,66.7,33.3,1,3,0,14.3,1,0.55,5,258,0,53.4,66.2,60.5,,59.5,0.0,0,0,28,0.0,0,60,0,64.4,6,98.3,59,93.3,56,99.3,9,0,6.7,4,90,12,2.0,15.0,1.53,38,45,492,330,354,182,160,1,607,447,56,296,1,605,449,511,,545,113,113,1,395,76,76,424,1,36,408,90,410,47,122,366,431,397,709,683,399,581,641,245,427,True
Dwayne Early Jr.,198204,WR,BUFFALO,4,12.6,0,55.6,75.0,3,4,0,16.7,1,-0.33,4,126,0,49.8,65.7,59.1,,60.1,0.0,0,1,26,0.0,0,69,1,29.7,5,92.8,64,1.4,1,37.0,9,0,98.6,68,61,-1,-0.2,12.2,0.95,38,280,492,553,157,39,104,1,636,447,721,369,1,631,485,552,,526,113,113,554,430,76,76,375,526,747,462,544,379,749,718,732,431,397,19,195,489,766,761,406,607,True
Landon Ellis,170902,WR,UCLA,3,11.1,2,44.4,50.0,1,2,0,20.0,1,0.41,2,324,0,45.9,65.0,61.5,,58.4,1.8,1,0,20,0.0,0,56,0,54.7,4,94.6,53,7.1,4,95.6,9,1,91.1,51,42,17,4.3,10.5,0.79,572,392,162,679,228,182,242,1,662,447,127,522,1,654,526,481,,581,51,40,1,525,76,76,446,1,155,524,345,440,671,629,413,431,173,130,277,581,524,384,520,650,True
Quanell Farrakhan Jr.,198299,WR,COLORADO,4,9.3,1,88.9,100.0,2,2,0,0.0,0,-0.6,5,143,0,79.3,67.1,65.3,,67.9,0.0,0,0,49,0.0,0,53,0,32.0,8,94.3,50,17.0,9,118.8,9,0,83.0,44,119,58,7.3,14.9,2.38,38,527,293,60,1,90,242,1,1,1,758,296,1,144,378,350,,270,113,113,1,133,76,76,462,1,739,313,381,460,473,494,206,431,397,289,320,312,214,140,254,202,True
Qua'Vez Humphreys,170501,WR,W KENTUCKY,5,18.1,0,44.4,0.0,0,1,0,0.0,0,-0.26,3,346,0,74.9,65.0,53.5,,53.0,0.0,0,1,22,0.0,0,98,0,37.5,4,98.0,96,14.3,14,20.4,9,0,85.7,84,45,-29,-7.3,11.3,0.47,1,66,492,679,435,435,394,1,1,1,699,436,1,281,526,705,,710,113,113,554,496,76,76,200,1,665,524,101,179,523,388,755,431,397,241,117,566,769,764,464,724,True
Kendrick Raphael,170378,HB,SMU,4,-1.0,2,88.9,,0,0,0,0.0,0,0.32,4,287,0,59.3,84.0,79.3,53.8,60.3,1.2,1,0,23,18.8,16,85,0,58.2,8,75.3,64,9.4,8,98.1,9,0,2.4,2,68,76,9.5,8.5,1.06,16,166,57,93,,32,74,1,1,1,77,15,1,215,21,40,182,175,24,10,1,61,224,117,37,1,35,38,81,29,84,35,99,46,62,190,117,49,43,96,97,123,True
Samuel Singleton Jr.,170356,HB,FLORIDA ST,3,0.1,6,88.9,,0,0,0,0.0,0,0.73,4,167,0,79.3,77.5,66.7,71.5,84.5,0.0,0,0,65,30.6,11,36,1,44.1,8,69.4,25,19.4,7,158.3,9,2,2.8,1,162,172,21.5,20.3,6.48,231,123,7,93,,32,74,1,1,1,8,15,1,25,139,206,109,15,31,31,1,6,105,173,207,245,183,38,135,203,13,46,1,46,4,182,164,4,4,2,10,3,True
Davion Chandler,198526,WR,INDIANA,4,11.3,1,66.7,100.0,1,1,0,0.0,0,0.65,5,190,0,77.5,66.2,71.7,64.4,72.6,2.4,1,0,42,2.4,1,42,0,59.5,6,97.6,41,92.9,39,138.4,9,3,4.8,2,89,41,6.8,14.8,2.17,38,373,293,330,1,182,394,1,1,1,27,296,1,191,449,159,23,144,38,40,1,206,14,16,528,1,81,408,126,523,51,178,107,431,35,730,721,403,317,171,259,244,True
Brady Clough,190183,TE,BOSTON COL,2,9.2,2,66.7,,0,0,1,0.0,0,0.1,3,121,1,77.5,15.1,52.0,56.2,54.7,44.4,24,0,16,7.4,4,54,1,48.1,6,88.9,48,50.0,27,81.3,9,0,5.6,3,51,12,2.0,8.5,1.06,275,80,30,165,,105,169,283,1,1,165,89,277,52,280,236,212,208,212,186,1,171,246,233,158,167,145,92,30,129,39,82,205,80,121,155,136,130,200,243,182,145,True
Daryl Barnett Jr.,190117,WR,TOLEDO,4,15.6,0,77.8,100.0,1,1,0,12.5,1,0.53,5,316,0,59.3,68.3,63.2,,63.1,0.0,0,0,35,0.0,0,78,1,54.9,7,91.0,71,6.4,5,155.8,9,1,93.6,73,130,25,3.6,18.6,1.83,38,136,492,148,1,182,394,1,581,447,65,296,1,558,303,415,,416,113,113,1,298,76,76,313,526,151,360,658,327,684,597,37,431,173,82,157,285,444,471,115,329,True
Brandon Inniss,170255,WR,OHIO STATE,4,12.4,0,88.9,,0,0,0,0.0,0,0.5,5,260,0,79.3,23.4,67.8,,68.4,0.0,0,0,49,0.0,0,70,0,60.9,8,98.6,69,90.0,63,155.8,9,1,10.0,7,133,40,5.0,16.6,1.93,38,296,492,60,,435,605,1,1,1,83,296,1,144,738,263,,252,113,113,1,133,76,76,371,1,66,313,84,341,80,102,37,431,173,668,636,277,328,307,178,303,True
Rod Gibbs,190082,TE,S ALABAMA,4,5.3,2,88.9,,0,0,0,0.0,0,0.25,2,288,0,79.3,67.1,48.0,75.3,55.8,59.8,73,0,34,23.8,29,122,1,49.5,8,69.7,85,27.9,34,136.6,9,1,12.3,15,71,29,3.6,8.9,0.84,17,198,30,52,,105,169,1,1,1,105,140,1,28,72,264,27,195,116,15,1,45,88,16,14,167,128,57,224,32,198,53,49,80,28,56,10,86,103,183,173,191,True
Ismael Smith Flores,170242,TE,E CAROLINA,4,8.0,0,77.8,,0,0,0,0.0,0,-0.29,3,156,0,78.5,66.7,56.1,44.7,59.7,16.7,13,0,15,14.1,11,78,1,43.2,7,80.8,63,56.4,44,94.0,9,0,6.4,5,59,18,2.6,8.4,0.94,17,111,123,114,,105,169,1,1,1,279,89,1,36,85,182,247,144,285,253,1,178,193,131,88,167,209,70,120,83,16,27,159,80,121,142,99,107,163,226,184,167,True
Kamari Moulton,170168,HB,IOWA,3,-0.4,1,88.9,,0,0,0,0.0,0,0.1,1,192,0,79.3,80.8,75.7,35.8,66.3,0.0,0,0,9,19.4,13,67,0,46.2,8,77.6,52,0.0,0,81.9,9,0,9.0,6,33,37,4.6,4.1,0.63,231,141,112,93,,32,74,1,1,1,152,145,1,25,77,83,233,102,31,31,1,213,219,147,89,1,157,38,61,58,249,249,182,46,62,58,37,136,137,247,232,192,True
Shaun Terry II,198889,WR,MISSOURI,4,6.3,2,100.0,100.0,1,1,0,0.0,0,0.52,6,229,0,80.1,67.5,70.8,,70.2,0.0,0,0,25,0.0,0,45,0,52.3,9,97.8,44,88.9,40,148.1,9,1,11.1,5,96,39,4.3,10.7,2.18,38,667,162,1,1,182,394,1,1,1,71,237,1,124,353,182,,195,113,113,1,446,76,76,512,1,206,282,113,504,94,175,73,431,173,656,664,379,335,384,504,242,True
Anthony Garcia,174863,WR,UTAH ST,4,11.6,1,55.6,100.0,1,1,0,0.0,0,0.11,2,329,0,77.5,67.6,54.9,,55.0,0.0,0,1,8,0.0,0,96,0,43.2,5,90.6,87,19.8,19,21.3,9,0,79.2,76,25,5,1.0,5.0,0.29,38,353,293,553,1,182,394,1,1,1,383,522,1,191,351,671,,673,113,113,554,731,76,76,216,1,525,462,679,235,434,315,753,431,397,342,145,670,675,706,745,744,True
Charles Robinson,189515,TE,NAVY,2,13.8,1,44.4,100.0,1,1,0,20.0,1,-0.01,3,237,0,45.9,73.8,68.3,73.2,61.5,4.4,2,0,15,6.7,3,45,0,34.1,4,86.7,39,42.2,19,92.8,9,1,28.9,13,36,9,2.3,9.0,0.92,275,16,60,271,1,42,75,1,244,191,215,89,1,245,4,66,50,125,293,292,1,178,251,247,192,1,282,140,50,161,82,137,165,80,28,3,15,175,222,233,165,174,True
Jermaine Bishop Jr.,216258,WR,TEXAS,4,6.7,1,66.7,0.0,0,1,0,14.3,1,0.16,5,311,0,53.4,66.2,67.9,,67.2,0.0,0,0,29,0.0,0,36,0,51.4,6,97.2,35,47.2,17,95.1,9,0,52.8,19,81,56,9.3,13.5,2.31,38,656,293,330,435,435,394,1,607,447,332,296,1,605,449,259,,285,113,113,1,380,76,76,571,1,226,408,148,563,254,340,417,431,397,513,479,430,228,66,333,212,True
Trelain Maddox,183219,HB,GA TECH,4,1.9,2,77.8,0.0,0,1,0,0.0,0,0.25,4,176,0,78.5,75.7,68.4,62.5,82.7,12.8,6,0,24,14.9,7,47,0,53.5,7,76.6,36,14.9,7,140.3,9,1,6.4,3,79,83,11.9,11.3,2.19,16,67,57,161,32,32,13,1,1,1,97,15,1,35,168,184,145,18,4,4,1,59,249,227,164,1,73,53,72,136,32,46,23,46,17,96,87,29,32,52,41,37,True
Mojo Dortch,163681,WR,TROY,4,10.1,0,55.6,0.0,0,1,0,0.0,0,-0.47,1,318,0,77.5,66.2,55.6,,57.2,0.0,0,1,12,0.0,0,54,1,39.2,5,94.4,51,75.9,41,25.5,9,0,24.1,13,36,5,1.0,7.2,0.71,38,471,492,553,435,435,394,1,1,1,751,627,1,191,449,653,,619,113,113,554,681,76,76,458,526,629,462,364,454,188,171,749,431,397,575,556,615,675,706,690,673,True
Kristion Brooks,218419,WR,LA LAFAYET,4,8.1,0,77.8,100.0,1,1,0,0.0,0,0.1,6,207,0,58.9,67.1,66.3,,66.2,0.0,0,1,13,0.0,0,72,0,53.1,7,88.9,64,11.1,8,61.3,9,0,88.9,64,74,20,2.9,10.6,1.16,38,604,492,148,1,182,394,1,1,1,397,237,1,560,378,307,,319,113,113,554,662,76,76,354,1,186,360,715,379,582,523,642,431,397,175,212,452,498,543,514,534,True
Jaden Bray,127787,WR,W VIRGINIA,4,15.2,1,77.8,50.0,1,2,1,12.5,1,0.49,5,343,0,59.3,68.2,68.1,,69.1,0.0,0,0,38,0.0,0,66,1,47.5,7,92.4,61,7.6,5,118.8,9,0,92.4,61,120,43,6.1,17.1,1.97,38,152,293,148,228,182,242,744,581,447,86,296,1,558,304,253,,232,113,113,1,257,76,76,389,526,354,360,563,397,665,597,206,431,397,100,231,309,295,222,160,291,True
Jake Taylor,162702,TE,DUKE,4,12.2,0,44.4,100.0,1,1,0,33.3,2,-0.08,1,154,0,25.7,65.0,48.2,40.1,43.4,58.1,25,0,11,7.0,3,43,1,45.0,4,86.0,37,23.3,10,54.4,9,0,16.3,7,33,8,2.0,8.3,0.89,17,28,123,271,1,42,75,1,266,273,247,200,1,283,154,262,253,282,126,179,1,225,249,247,203,167,188,140,57,170,220,220,265,80,121,26,69,182,232,243,186,182,True
Sutton Smith,162530,HB,ARKANSAS,4,-0.4,2,55.6,,0,0,1,28.6,2,0.05,2,111,0,33.4,58.3,51.7,55.3,55.1,0.0,0,0,21,30.0,24,80,1,49.3,5,65.0,52,10.0,8,67.4,9,0,1.3,1,41,60,12.0,8.2,0.79,16,141,57,264,,32,74,279,268,276,169,87,1,264,231,282,172,225,31,31,1,74,112,55,48,245,119,102,187,58,74,35,249,46,62,219,164,110,73,45,107,174,True
Jaylen Himes,216208,WR,SO MISS,3,10.1,2,66.7,,0,0,0,0.0,0,-0.21,3,296,0,77.5,66.4,58.1,,55.5,0.0,0,0,16,0.0,0,71,1,38.5,6,91.5,65,14.1,10,116.9,9,1,85.9,61,48,14,2.3,8.0,0.74,572,471,162,330,,435,605,1,1,1,675,436,1,191,447,588,,657,113,113,1,604,76,76,365,526,645,408,633,373,525,463,233,431,173,239,231,552,559,614,661,666,True
Jamari Hawkins,162523,WR,ARKANSAS,4,10.2,1,66.7,100.0,1,1,0,25.0,2,0.04,4,111,0,33.4,69.6,55.4,,56.7,0.0,0,0,27,0.0,0,70,1,41.5,6,92.9,65,88.6,62,95.6,9,0,10.0,7,82,47,7.8,13.7,1.26,38,463,293,330,1,182,394,1,703,662,475,369,1,719,216,660,,633,113,113,1,410,76,76,371,526,577,408,531,373,100,104,413,431,397,668,636,427,267,116,329,502,True
Davis Bryson,160369,WR,KENNESAW,4,9.9,0,22.2,0.0,0,1,0,33.3,1,0.08,2,200,0,31.6,66.9,52.2,,53.0,0.0,0,0,17,0.0,0,59,1,46.3,2,91.5,54,81.4,48,42.4,9,0,16.9,10,33,4,2.0,16.5,0.61,38,492,492,754,435,435,394,1,730,447,415,522,1,724,412,718,,710,113,113,1,588,76,76,427,526,400,671,633,433,158,146,703,431,397,613,595,630,692,641,186,691,True
Hogan Wasson,160138,WR,MIDDLE TN,4,9.2,0,55.6,0.0,0,1,0,0.0,0,0.03,3,224,0,76.3,71.8,56.9,,56.5,3.4,2,0,13,0.0,0,58,0,42.6,5,93.1,54,89.7,52,68.3,9,0,6.9,4,43,18,3.6,8.6,0.8,38,536,492,553,435,435,394,1,1,1,490,436,1,229,103,619,,638,27,23,1,662,76,76,437,1,544,462,514,433,84,136,606,431,397,705,683,575,518,471,635,649,True
Telly Johnson Jr.,188420,HB,N ILLINOIS,4,-2.3,2,88.9,,0,0,0,0.0,0,-0.34,3,254,0,80.1,83.4,73.0,67.6,58.5,0.0,0,1,17,24.8,27,109,0,40.4,8,71.6,78,18.3,20,46.1,9,0,11.0,12,41,59,7.4,5.1,0.53,16,217,57,93,,32,74,1,1,1,271,47,1,17,27,121,123,190,31,31,266,111,173,36,13,1,233,38,115,12,18,2,269,46,62,40,6,110,76,163,206,219,True
Luke Hasz,125950,TE,OLE MISS,4,2.6,0,77.8,,0,0,0,0.0,0,0.16,2,226,0,78.5,66.7,59.6,76.5,56.2,42.3,47,0,11,24.3,27,111,1,50.0,7,72.1,80,35.1,39,85.2,9,0,4.5,5,40,36,5.1,5.7,0.5,17,270,123,114,,105,169,1,1,1,148,140,1,36,85,138,15,186,226,73,1,225,82,18,24,167,115,70,206,44,137,37,190,80,121,170,99,162,74,114,255,246,True
Jordan Gant,159654,HB,AKRON,4,-1.9,1,88.9,,0,0,0,11.1,1,0.0,4,102,0,58.9,35.2,69.2,39.5,70.9,0.0,0,0,22,34.1,31,91,0,46.6,8,62.6,57,1.1,1,97.2,9,0,0.0,0,66,77,9.6,8.3,1.16,16,205,112,93,,32,74,1,215,203,187,15,1,216,274,168,226,76,31,31,1,67,74,25,31,1,152,38,208,42,246,194,103,46,62,228,228,51,41,95,100,111,True
Jeremiah Beck Jr.,200081,TE,SO MISS,4,5.3,0,55.6,0.0,0,1,0,16.7,1,-0.49,2,296,0,53.4,66.2,59.6,28.9,60.7,57.1,24,2,12,14.3,6,42,1,48.8,5,83.3,35,26.2,11,23.1,9,0,14.3,6,31,9,1.8,6.2,0.89,17,198,123,238,105,105,75,1,234,191,291,140,1,227,105,138,280,134,133,186,291,219,188,211,208,167,136,109,79,180,208,211,287,80,121,40,76,188,222,257,242,182,True
Jordan Dwyer,158967,WR,TCU,1,16.6,1,55.6,100.0,2,2,0,16.7,1,-0.04,2,305,0,50.3,65.7,73.0,,71.7,0.0,0,1,43,0.0,0,25,0,44.0,5,100.0,25,16.0,4,55.1,9,0,84.0,21,100,12,2.4,20.0,4.0,760,103,293,553,1,90,242,1,636,447,562,522,1,626,485,131,,162,113,113,554,192,76,76,642,1,495,462,1,631,489,629,665,431,397,270,459,364,581,604,77,41,True
Tyler Morris,158544,WR,INDIANA,4,9.4,0,55.6,20.0,1,5,0,0.0,0,0.39,4,190,0,76.3,76.0,63.2,,64.3,0.0,0,0,22,0.0,0,42,0,55.0,5,95.2,40,95.2,40,73.4,9,0,4.8,2,54,15,3.0,10.8,1.35,38,519,492,553,423,182,69,1,1,1,145,369,1,229,49,415,,380,113,113,1,496,76,76,528,1,146,462,290,528,33,175,571,431,397,730,721,524,547,515,497,483,True
Evan James,200945,WR,IOWA,4,5.6,1,66.7,0.0,0,2,0,0.0,0,0.03,3,192,0,77.5,79.0,51.5,,52.3,0.0,0,0,18,0.0,0,75,1,40.8,6,94.7,71,77.3,58,81.7,9,0,22.7,17,52,28,4.7,8.7,0.73,38,691,293,330,435,435,242,1,1,1,490,436,1,191,17,726,,721,113,113,1,563,76,76,333,526,591,408,330,327,181,115,514,431,397,581,504,537,413,347,627,669,True
Jordan Napier,175759,WR,S DIEGO ST,4,12.3,2,55.6,0.0,0,2,0,0.0,0,-0.34,0,284,0,76.3,65.9,55.5,,53.0,0.0,0,1,5,0.0,0,42,0,35.9,5,90.5,38,83.3,35,21.3,9,0,16.7,7,13,15,3.0,2.6,0.34,38,302,162,553,435,435,242,1,1,1,726,733,1,229,484,657,,710,113,113,554,754,76,76,528,1,692,462,684,546,138,192,753,431,397,614,636,722,547,515,760,738,True
Nic Anderson,158090,WR,KENTUCKY,4,10.8,1,44.4,0.0,0,3,0,0.0,0,0.02,2,202,0,74.9,65.0,51.6,,51.8,0.0,0,0,19,0.0,0,89,0,45.3,4,96.6,86,39.3,35,57.6,9,0,59.6,53,40,42,10.5,10.0,0.47,38,418,293,679,435,435,160,1,1,1,503,522,1,281,526,725,,730,113,113,1,544,76,76,255,1,447,524,183,243,274,192,654,431,397,499,268,592,305,54,556,724,True
Marcus Calwise Jr.,185602,WR,LA TECH,2,11.4,2,55.6,0.0,0,1,0,0.0,0,-0.2,1,208,0,76.3,65.7,63.7,,63.5,2.6,1,0,17,0.0,0,38,0,41.7,5,94.7,36,10.5,4,66.4,9,0,86.8,33,39,22,4.4,7.8,1.08,700,366,162,553,435,435,394,1,1,1,669,627,1,229,485,395,,399,34,40,1,588,76,76,556,1,570,462,330,554,595,629,623,431,397,220,389,596,475,372,671,566,True
Kaleb Edwards,204602,TE,ALABAMA,4,9.9,1,88.9,,0,0,1,0.0,0,0.49,6,103,0,79.3,67.1,59.0,38.0,69.2,72.0,72,0,21,30.0,30,100,2,63.7,8,64.0,64,15.0,15,149.5,9,1,11.0,11,99,33,4.1,12.4,1.55,17,66,60,52,,105,169,283,1,1,36,40,1,28,72,144,257,72,42,17,1,125,45,12,41,264,18,57,259,77,261,167,25,80,28,68,28,53,84,159,90,91,True
Thomas Blackshear,204870,WR,GEORGIA,3,15.9,0,22.2,,0,0,0,50.0,2,0.14,1,173,0,17.0,62.9,49.7,,47.6,2.1,1,0,10,0.0,0,48,0,45.7,2,95.8,46,10.4,5,39.6,9,0,87.5,42,15,0,0.0,7.5,0.33,572,124,492,754,,435,605,1,753,662,347,627,1,760,636,751,,764,44,40,1,708,76,76,495,1,420,671,240,489,598,597,715,431,397,206,333,715,743,743,681,739,True
Micah Hudson,184902,WR,TEXAS TECH,4,13.0,1,55.6,,0,0,0,16.7,1,0.16,3,315,0,49.8,65.7,53.8,,53.9,0.0,0,1,18,0.0,0,99,1,49.5,5,93.9,93,6.1,6,37.5,9,0,93.9,93,62,18,3.6,12.4,0.67,38,257,293,553,,435,605,1,636,447,332,436,1,631,485,694,,694,113,113,554,563,76,76,196,526,297,462,425,193,689,568,730,431,397,75,86,481,518,471,390,680,True
Dominic Kelley,205190,HB,NEVADA,4,2.1,0,66.7,,0,0,0,14.3,1,-0.12,1,239,0,33.4,61.3,75.5,56.7,45.5,0.0,0,0,13,35.7,30,84,0,36.3,6,61.9,52,4.8,4,79.9,9,0,0.0,0,48,45,7.5,8.0,0.92,16,60,204,217,,32,74,1,220,203,233,145,1,264,222,87,164,271,31,31,1,151,64,28,39,1,266,73,215,58,152,94,195,46,62,228,228,91,113,158,109,138,True
Makhilyn Young,156935,HB,VANDERBILT,4,2.2,3,77.8,100.0,1,1,0,0.0,0,0.14,2,333,0,78.5,79.3,74.5,83.3,75.2,0.0,0,1,14,26.9,14,52,0,53.1,7,67.3,35,13.5,7,52.1,9,0,3.8,2,54,55,7.9,7.7,1.54,16,57,37,161,1,5,13,1,1,1,134,87,1,35,105,97,18,39,31,31,266,139,148,131,143,1,79,53,162,140,40,46,263,46,62,149,117,76,86,146,120,67,True
DeShawn Spencer,215919,WR,AUBURN,4,10.2,0,55.6,50.0,2,4,0,0.0,0,0.14,4,115,0,76.3,65.7,67.8,,69.4,5.1,3,1,13,0.0,0,59,0,45.6,5,96.6,57,83.1,49,68.8,9,2,8.5,5,44,20,4.0,8.8,0.77,38,463,492,553,228,90,104,1,1,1,347,369,1,229,485,263,,222,14,14,554,662,76,76,427,1,427,462,183,420,144,143,603,431,71,687,664,570,498,415,618,657,True
Terrence Brown,207943,HB,MIDDLE TN,3,-0.4,5,88.9,,0,0,0,0.0,0,0.12,1,224,0,79.3,75.4,76.2,66.9,75.1,2.0,1,0,15,15.7,8,51,0,49.0,8,82.4,42,25.5,13,89.8,9,0,11.8,6,50,59,7.4,6.3,1.19,231,141,12,93,,32,74,1,1,1,145,145,1,25,172,74,125,40,19,10,1,127,241,217,148,1,123,38,35,100,7,10,141,46,62,34,37,85,76,163,171,104,True
Wyatt Sullivan,156534,TE,USF,4,6.0,1,55.6,0.0,0,3,0,37.5,3,0.29,2,327,1,19.8,13.7,43.3,66.0,38.5,36.5,23,0,17,3.2,2,63,0,55.6,5,96.8,61,60.3,38,70.1,9,0,3.2,2,47,29,5.8,9.4,0.77,17,183,60,238,105,105,24,1,285,291,90,140,277,291,282,284,151,293,249,197,1,164,278,259,130,1,58,109,5,89,13,40,237,80,121,204,166,140,103,97,159,208,True
Addison Ostrenga,156430,TE,IOWA,4,6.3,0,77.8,75.0,3,4,1,0.0,0,0.14,3,192,0,78.5,66.7,52.4,58.1,70.9,53.7,29,0,29,22.2,12,54,3,44.2,7,75.9,41,42.6,23,136.1,9,1,1.9,1,70,40,5.7,10.0,1.71,17,173,123,114,55,3,12,283,1,1,157,89,1,36,85,232,203,59,160,157,1,65,99,114,158,289,195,70,168,151,79,105,52,80,28,231,202,88,67,103,135,71,True
Kam Perry,156397,WR,COLORADO,4,9.0,0,44.4,0.0,0,2,0,33.3,2,0.0,2,143,0,25.7,66.5,54.3,,53.9,0.0,0,0,11,0.0,0,34,0,50.0,4,94.1,32,32.4,11,51.6,9,0,67.6,23,21,17,4.3,5.3,0.66,38,549,492,679,435,435,242,1,730,662,525,522,1,742,443,682,,694,113,113,1,693,76,76,581,1,254,524,406,580,312,441,673,431,397,452,445,691,524,384,742,683,True
Nyziah Hunter,176556,WR,NEBRASKA,4,7.1,1,66.7,,0,0,0,25.0,2,0.21,2,238,0,33.4,70.9,56.9,65.3,54.0,0.0,0,0,20,2.8,2,72,1,48.6,6,97.2,70,81.9,59,84.0,9,0,18.1,13,57,43,7.2,9.5,0.81,38,642,293,330,,435,605,1,703,662,294,522,1,719,134,619,20,692,113,113,1,525,11,5,354,526,321,408,148,333,153,112,499,431,397,607,556,508,295,149,589,648,True
Brock Boyd,214646,WR,OHIO STATE,4,17.6,0,66.7,100.0,1,1,0,14.3,1,0.52,5,260,0,53.4,66.2,65.0,,65.0,0.0,0,1,39,0.0,0,50,0,59.2,6,98.0,49,24.0,12,69.0,9,0,76.0,38,110,30,5.0,18.3,2.24,38,80,492,330,1,182,394,1,607,447,71,296,1,605,449,359,,352,113,113,554,245,76,76,486,1,90,408,101,472,377,425,601,431,397,387,354,336,402,307,122,227,True
Tron Baker,214660,WR,USC,5,7.9,0,88.9,50.0,1,2,0,0.0,0,0.32,6,326,0,79.3,67.8,69.2,,69.0,0.0,0,0,27,0.0,0,46,0,63.0,8,100.0,46,26.1,12,118.1,9,0,73.9,34,111,54,6.8,13.9,2.41,1,614,492,60,228,182,242,1,1,1,192,237,1,144,339,224,,235,113,113,1,410,76,76,510,1,44,313,1,489,351,425,224,431,397,415,382,333,235,171,320,197,True
Jasaiah Gathings,145586,WR,BUFFALO,2,10.0,0,33.3,0.0,0,1,0,25.0,1,-0.31,1,126,0,39.5,64.1,54.8,,55.9,0.0,0,0,9,0.0,0,51,0,31.3,3,94.1,48,13.7,7,42.4,9,0,86.3,44,18,0,0.0,6.0,0.38,700,476,492,718,435,435,394,1,703,447,714,627,1,688,580,673,,652,113,113,1,719,76,76,475,1,743,593,406,479,530,542,703,431,397,233,320,702,743,743,718,735,True
Ty Robinson,146317,WR,ILLINOIS,4,11.9,1,88.9,50.0,1,2,0,0.0,0,0.24,4,187,0,79.3,67.1,77.1,,75.9,0.0,0,0,54,0.0,0,30,0,42.9,8,93.3,28,43.3,13,158.3,9,2,56.7,17,133,40,5.0,16.6,4.75,38,333,293,60,228,182,242,1,1,1,268,369,1,144,378,66,,85,113,113,1,98,76,76,608,1,534,313,488,608,264,402,1,431,71,503,504,277,328,307,178,16,True
Larenzo Fenner,177187,WR,CINCINNATI,4,5.9,2,88.9,100.0,1,1,1,0.0,0,0.03,2,138,0,80.1,67.5,69.1,,75.5,0.0,0,0,38,0.0,0,37,2,61.1,8,97.3,36,48.6,18,113.0,9,0,48.6,18,100,44,5.5,12.5,2.78,38,682,162,60,1,182,394,744,1,1,490,522,1,124,353,230,,89,113,113,1,257,76,76,561,719,63,313,140,554,249,326,260,431,397,521,494,364,287,259,383,132,True
Bredell Richardson,183851,WR,TULANE,4,10.0,0,77.8,100.0,2,2,0,12.5,1,-0.06,5,319,0,58.9,67.1,71.9,,71.4,0.0,0,0,19,0.0,0,36,0,38.2,7,94.4,34,8.3,3,106.0,9,0,91.7,33,85,11,1.6,12.1,2.5,38,476,492,148,1,90,242,1,581,447,576,296,1,560,378,152,,168,113,113,1,544,76,76,571,1,657,360,364,572,649,658,314,431,397,111,389,419,598,683,411,175,True
Tank Hawkins Jr.,184424,WR,WASH STATE,3,3.6,4,100.0,,0,0,0,0.0,0,-0.01,4,341,0,80.1,71.2,76.2,,74.6,0.0,0,0,30,0.0,0,42,0,50.0,9,100.0,42,85.7,36,103.2,9,0,14.3,6,79,47,5.2,8.8,1.88,572,732,68,1,,435,605,1,1,1,537,369,1,124,123,81,,110,113,113,1,369,76,76,528,1,254,282,1,517,119,190,336,431,397,630,653,437,267,289,618,313,True
Caleb Smith,213738,WR,ARIZONA,4,11.3,0,75.0,100.0,1,1,0,14.3,1,0.02,3,109,0,53.4,76.4,66.2,,65.6,0.0,0,0,41,0.0,0,37,0,52.8,6,97.3,36,97.3,36,156.3,8,1,2.7,1,100,12,2.0,16.7,2.78,38,373,492,182,1,182,394,1,607,447,503,436,1,605,44,313,,333,113,113,1,218,76,76,561,1,195,408,140,554,16,190,30,473,173,745,747,364,581,641,174,132,True
Kelan McInerney,223901,WR,N ILLINOIS,4,13.3,1,50.0,0.0,0,1,0,0.0,0,0.25,3,254,0,74.9,65.0,60.1,,59.8,0.0,0,0,22,0.0,0,53,0,50.0,4,98.1,52,11.3,6,75.0,8,0,88.7,47,60,19,4.8,15.0,1.15,38,242,293,602,435,435,394,1,1,1,255,436,1,281,526,523,,534,113,113,1,496,76,76,462,1,254,524,96,450,579,568,557,473,397,183,295,495,507,332,245,536,True
Bryce Randolph,198661,WR,LIBERTY,4,15.4,0,62.5,100.0,1,1,0,0.0,0,-0.03,4,206,0,76.3,65.7,59.9,,67.1,0.0,0,0,21,0.0,0,40,1,44.7,5,95.0,38,97.5,39,85.9,8,0,2.5,1,61,6,1.2,12.2,1.61,38,140,492,446,1,182,394,1,1,1,552,369,1,229,485,527,,288,113,113,1,509,76,76,548,526,473,462,305,546,15,178,485,473,397,748,747,489,657,702,406,394,True
James Jones,190015,HB,NEW MEX ST,5,-1.5,0,62.5,,0,0,0,16.7,1,-0.01,3,242,0,49.8,85.6,77.0,65.2,56.4,0.0,0,1,18,30.4,24,79,1,42.7,5,67.1,53,1.3,1,70.3,8,1,0.0,0,31,39,7.8,6.2,0.58,1,186,204,248,,32,74,1,230,203,194,47,1,227,3,64,135,219,31,31,266,100,109,55,53,245,200,102,166,53,239,194,238,57,17,228,228,152,125,149,177,204,True
Elijah Thomas,199044,WR,OKLAHOMA,4,15.3,0,50.0,0.0,0,1,0,0.0,0,-0.14,1,261,0,74.9,65.0,50.7,,51.9,0.0,0,0,24,0.0,0,83,1,37.8,4,98.8,82,12.0,10,63.5,8,0,88.0,73,38,11,2.8,9.5,0.46,38,143,492,602,435,435,394,1,1,1,623,627,1,281,526,735,,727,113,113,1,463,76,76,290,526,660,524,83,269,564,463,635,473,397,192,157,604,598,552,589,728,True
Jabari Smith,169926,WR,BALL ST,3,8.5,3,75.0,,0,0,0,14.3,1,-0.07,3,117,0,53.4,66.2,60.2,,60.0,2.4,1,0,23,0.0,0,41,0,45.7,6,85.4,35,85.4,35,141.7,8,1,12.2,5,72,25,4.2,12.0,2.06,572,585,104,182,,435,605,1,607,447,583,436,1,605,449,520,,529,38,40,1,481,76,76,539,1,420,408,752,563,123,192,97,473,173,648,664,457,444,398,416,272,True
Cedric Ross,217616,HB,COLO STATE,4,4.4,2,87.5,,0,0,0,0.0,0,0.68,5,144,0,78.5,68.8,78.2,,91.2,0.0,0,0,68,0.0,0,18,0,50.0,7,100.0,18,33.3,6,158.3,8,2,16.7,3,178,165,23.6,25.4,9.89,16,23,57,101,,32,74,1,1,1,11,9,1,35,210,53,,3,31,31,1,5,284,284,274,1,97,53,1,247,4,58,1,57,4,18,87,1,5,1,2,1,True
Cyrus Ellison,165433,TE,COAST CAR,4,6.1,0,50.0,0.0,0,1,0,33.3,2,0.1,2,141,1,25.7,12.0,30.9,67.7,39.5,91.8,78,0,13,20.0,17,85,6,42.0,4,75.3,64,7.1,6,63.5,8,0,1.2,1,38,29,7.3,9.5,0.59,17,179,123,244,105,105,75,1,266,273,165,140,277,283,284,294,138,290,6,8,1,200,124,66,75,294,231,140,175,77,284,254,248,91,121,243,202,170,103,55,150,235,True
Dillon Hipp,184742,TE,MO STATE,4,3.9,0,87.5,,0,0,0,0.0,0,0.22,2,230,0,78.5,66.7,62.3,52.0,66.0,39.6,21,0,18,18.9,10,53,0,48.0,7,79.2,42,37.7,20,126.0,8,1,3.8,2,38,13,1.9,5.4,0.9,17,241,123,54,,105,169,1,1,1,116,140,1,36,85,118,230,93,240,213,1,154,131,149,164,1,147,70,132,149,115,129,65,91,28,192,166,170,195,255,257,176,True
Keenan Phillips,199183,HB,S ALABAMA,4,-2.4,1,87.5,,0,0,0,12.5,1,0.01,1,288,0,56.4,82.7,73.3,84.5,61.8,0.0,0,0,15,18.1,13,72,0,44.8,7,76.4,55,5.6,4,90.6,8,0,9.7,7,46,66,9.4,6.6,0.84,16,226,112,101,,32,74,1,217,203,184,145,1,218,33,116,11,158,31,31,1,127,231,147,67,1,174,53,76,48,141,94,133,57,62,50,28,97,58,99,161,161,True
Nico Brown,164689,WR,STANFORD,2,18.6,1,75.0,0.0,0,1,0,0.0,0,0.21,4,300,0,78.5,66.7,82.5,,81.5,0.0,0,0,33,0.0,0,34,0,33.3,6,88.2,30,17.6,6,156.3,8,1,82.4,28,106,23,3.8,17.7,3.53,700,56,293,182,435,435,394,1,1,1,294,369,1,172,415,29,,35,113,113,1,324,76,76,581,1,724,408,726,597,462,568,30,473,173,299,416,349,466,449,136,63,True
Lyndon Ravare,191091,WR,NEW MEX ST,5,10.3,1,75.0,0.0,0,2,0,0.0,0,0.34,4,242,0,77.5,66.2,66.9,,66.5,0.0,0,0,13,0.0,0,55,0,57.4,6,98.2,54,7.3,4,96.9,8,0,92.7,51,62,15,2.5,10.3,1.15,1,453,293,182,435,435,242,1,1,1,179,369,1,191,449,282,,309,113,113,1,662,76,76,450,1,109,408,93,433,669,629,393,473,397,95,277,481,547,588,529,536,True
Daniel Bray,199445,HB,UTAH,3,-4.5,4,100.0,,0,0,0,0.0,0,0.05,3,328,0,79.3,75.2,83.0,70.0,86.1,0.0,0,0,12,3.6,1,28,0,50.0,8,92.9,26,32.1,9,93.8,8,0,21.4,6,52,88,11.0,6.5,2.0,231,278,23,1,,32,74,1,1,1,169,47,1,25,175,21,115,12,31,31,1,168,280,280,244,1,97,38,4,195,5,26,125,57,62,8,37,82,26,62,165,44,True
Shazz Preston,163610,WR,INDIANA,4,10.6,1,87.5,,0,0,0,0.0,0,0.25,5,190,0,78.5,66.7,77.5,,75.4,0.0,0,0,39,0.0,0,35,0,56.3,7,91.4,32,5.7,2,157.8,8,1,94.3,33,99,18,2.6,14.1,3.09,38,437,293,70,,435,605,1,1,1,255,296,1,172,415,62,,92,113,113,1,245,76,76,576,1,130,360,641,580,695,690,27,473,173,71,389,367,518,580,304,95,True
Nate Roberts,199849,TE,OHIO STATE,4,7.8,1,100.0,100.0,2,2,0,0.0,0,0.51,6,260,0,79.3,67.1,67.1,63.9,67.4,63.0,51,0,24,13.6,11,81,1,62.0,8,84.0,68,28.4,23,149.5,8,1,7.4,6,83,21,2.6,10.4,1.22,17,120,60,1,1,11,39,1,1,1,33,40,1,28,72,72,174,82,94,59,1,99,198,131,84,167,24,57,73,59,195,105,25,91,28,125,76,69,141,226,127,126,True
Braylen Walker,163008,WR,RICE,4,11.5,0,50.0,0.0,0,1,0,33.3,2,-0.06,2,275,0,25.7,65.0,53.0,,50.5,0.0,0,0,11,0.0,0,68,0,48.5,4,97.1,66,4.4,3,59.9,8,0,95.6,65,31,19,4.8,7.8,0.47,38,361,492,602,435,435,394,1,730,662,576,522,1,742,526,712,,746,113,113,1,693,76,76,377,1,323,524,153,367,714,658,647,473,397,55,209,642,507,332,671,724,True
Cooper Perry,199876,WR,CAL,4,9.3,0,62.5,0.0,0,2,0,0.0,0,0.14,5,130,0,76.3,65.7,61.1,,62.3,0.0,0,0,19,0.0,0,67,0,39.1,5,95.5,64,88.1,59,133.3,8,1,11.9,8,76,39,7.8,15.2,1.19,38,527,492,446,435,435,242,1,1,1,347,296,1,229,485,492,,445,113,113,1,544,76,76,386,1,633,462,269,379,105,112,137,473,173,650,623,448,335,116,238,523,True
Dakota Twitty,156366,TE,VIRGINIA,4,8.0,0,87.5,,0,0,0,0.0,0,0.15,3,335,0,78.5,66.7,62.8,76.9,60.3,46.6,34,0,18,24.7,18,73,0,54.2,7,74.0,54,50.7,37,99.0,8,0,0.0,0,62,23,3.3,8.9,1.15,17,111,123,54,,105,169,1,1,1,151,89,1,36,85,113,12,139,199,124,1,154,76,55,103,1,70,70,189,110,38,42,141,91,121,254,254,100,132,203,173,132,True
George Pettaway,156351,HB,JAMES MAD,4,1.4,2,50.0,,0,0,0,42.9,3,0.22,0,197,0,16.7,43.8,65.5,80.1,31.5,0.0,0,0,8,15.5,11,71,0,43.3,4,80.3,57,4.2,3,59.9,8,0,5.6,4,31,36,9.0,7.8,0.54,16,82,57,267,,32,74,1,281,284,109,233,1,285,265,216,44,284,31,31,1,231,243,173,71,1,192,135,45,42,171,118,260,57,62,110,62,152,139,110,116,216,True
Tommy Maher,191062,WR,COLO STATE,3,5.3,0,62.5,,0,0,0,0.0,0,0.05,2,144,0,77.5,66.2,66.3,61.9,66.1,0.0,0,0,18,1.9,1,52,0,51.1,5,88.5,46,30.8,16,82.3,8,0,69.2,36,54,43,8.6,10.8,1.17,572,705,492,446,,435,605,1,1,1,461,522,1,191,449,307,49,323,113,113,1,563,19,16,471,1,236,462,723,489,323,354,511,473,397,442,368,524,295,90,497,529,True
Hunter Hopperton,161377,TE,KENT STATE,4,3.4,0,87.5,0.0,0,1,1,0.0,0,-0.19,1,201,0,78.5,70.3,54.7,53.4,58.9,67.3,35,0,6,32.7,17,52,1,40.0,7,63.5,33,21.2,11,81.3,8,0,5.8,3,28,8,1.1,4.0,0.85,17,254,123,54,105,105,75,283,1,1,269,200,1,36,7,203,224,151,66,120,1,272,34,66,170,167,252,70,261,194,233,211,205,91,121,153,136,202,232,266,278,189,True
Jaedn Skeete,175343,WR,BOSTON COL,4,10.4,0,50.0,0.0,0,1,0,0.0,0,-0.17,2,121,0,74.9,65.0,57.8,,56.8,0.0,0,1,24,0.0,0,91,1,39.8,4,91.2,83,35.2,32,30.2,8,0,64.8,59,50,6,1.5,12.5,0.6,38,449,492,602,435,435,394,1,1,1,648,522,1,281,526,600,,630,113,113,554,463,76,76,243,526,620,524,649,263,297,207,739,473,397,468,236,545,657,687,383,696,True
Kayden McGee,188492,WR,UNLV,3,18.1,1,62.5,33.3,1,3,0,16.7,1,-0.15,4,325,0,50.3,69.6,64.7,,64.5,0.0,0,0,44,0.0,0,56,0,38.5,5,92.9,52,67.9,38,145.8,8,1,32.1,18,103,24,4.8,20.6,1.98,572,66,293,446,354,182,160,1,636,447,629,369,1,626,216,368,,373,113,113,1,176,76,76,446,1,645,462,531,450,210,183,79,473,173,559,494,355,452,332,66,287,True
Nitro Tuggle,184580,WR,S CAROLINA,4,13.0,1,50.0,0.0,0,1,1,20.0,1,0.23,2,289,0,45.4,66.5,50.6,,51.6,0.0,0,0,16,0.0,0,86,2,49.4,4,94.2,81,14.0,12,64.1,8,0,84.9,73,39,8,2.0,9.8,0.48,38,257,293,602,435,435,394,744,662,447,275,522,1,662,443,738,,734,113,113,1,604,76,76,274,719,302,524,398,279,527,425,631,473,397,254,157,596,634,641,572,723,True
Trevor Wilson,159921,TE,BUFFALO,4,7.4,0,62.5,100.0,1,1,0,28.6,2,-0.03,4,126,0,29.1,65.7,52.9,69.5,54.2,70.7,53,0,28,32.0,24,75,0,40.6,5,62.7,47,29.3,22,81.3,8,0,0.0,0,52,19,3.8,10.4,1.11,17,136,123,207,1,42,75,1,265,273,224,66,1,277,126,226,119,212,49,53,1,74,36,28,97,1,247,109,264,133,184,111,205,91,121,254,254,125,152,174,127,141,True
Tae'Sean Robinson,215046,WR,DELAWARE,2,19.6,0,37.5,66.7,2,3,0,25.0,1,-0.23,3,151,0,39.5,70.3,66.7,,66.6,0.0,0,0,38,0.0,0,23,0,34.8,3,100.0,23,13.0,3,69.8,8,0,87.0,20,70,14,4.7,23.3,3.04,700,38,492,712,169,90,160,1,703,447,683,436,1,688,166,292,,305,113,113,1,257,76,76,665,1,709,593,1,646,543,658,597,473,397,217,468,466,559,347,36,106,True
Ty'Lyric Coleman,175430,WR,VIRGINIA,4,9.4,0,87.5,100.0,1,1,0,12.5,1,0.21,4,335,0,56.4,66.7,61.5,,62.5,0.0,0,0,20,0.0,0,51,1,57.1,7,96.1,49,2.0,1,138.5,8,1,98.0,50,62,1,0.1,8.9,1.27,38,519,492,70,1,182,394,1,581,447,294,369,1,584,415,481,,438,113,113,1,525,76,76,475,526,113,360,216,472,743,718,106,473,173,24,282,481,732,742,616,499,True
Kaderris Roberts,149713,HB,DELAWARE,4,4.1,3,75.0,100.0,1,1,0,0.0,0,0.22,4,151,0,78.5,75.4,71.6,81.0,75.0,0.0,0,0,75,26.2,11,42,0,50.0,6,64.3,27,16.7,7,156.3,8,1,0.0,0,132,112,18.7,22.0,4.89,16,27,37,164,1,5,13,1,1,1,109,15,1,35,172,143,37,41,31,31,1,3,155,173,179,1,97,73,192,189,21,46,11,57,17,228,228,8,12,8,4,7,True
Kyle Frendt,200066,TE,WYOMING,4,10.8,0,100.0,,0,0,0,0.0,0,0.42,5,351,0,79.3,67.1,73.0,67.5,75.9,46.6,27,0,39,3.4,2,58,0,53.6,8,93.1,54,32.8,19,158.3,8,1,20.7,12,155,75,9.4,19.4,2.87,17,48,123,1,,105,169,1,1,1,47,48,1,28,72,34,139,39,199,169,1,24,276,259,147,1,79,57,13,110,152,137,1,91,28,13,20,26,30,28,12,18,True
Grayson O'Bara,159314,WR,N TEXAS,5,16.1,0,62.5,0.0,0,1,0,0.0,0,-0.06,3,251,0,77.5,66.2,64.7,,65.6,0.0,0,1,43,0.0,0,48,0,44.4,5,93.8,45,95.8,46,60.4,8,0,4.2,2,88,22,4.4,17.6,1.96,1,118,492,446,435,435,394,1,1,1,576,436,1,191,449,368,,333,113,113,554,192,76,76,495,1,480,462,437,497,30,148,645,473,397,733,721,408,475,372,141,293,True
Ja'Keith Hamilton,172646,WR,E CAROLINA,3,12.1,0,62.5,100.0,1,1,0,0.0,0,0.07,4,156,0,76.3,65.7,70.6,,68.5,0.0,0,0,25,0.0,0,23,0,54.5,5,95.7,22,4.3,1,122.9,8,2,95.7,22,56,9,1.8,11.2,2.55,572,314,492,446,1,182,394,1,1,1,430,369,1,229,485,190,,250,113,113,1,446,76,76,665,1,156,462,257,664,715,718,186,473,71,51,452,514,621,664,467,165,True
Trech Kekahuna,175527,WR,N CAROLINA,3,8.8,0,75.0,,0,0,1,0.0,0,0.06,2,245,1,77.5,24.4,58.9,,59.9,0.0,0,0,21,0.0,0,57,1,42.1,6,100.0,57,86.0,49,101.6,8,0,14.0,8,71,19,3.2,11.8,1.25,572,563,492,182,,435,605,744,1,1,444,522,716,191,736,557,,532,113,113,1,509,76,76,442,526,555,408,1,420,118,143,350,473,397,635,623,462,507,503,428,506,True
Quincy Craig,159061,HB,ARIZONA,4,0.3,2,87.5,,0,0,0,0.0,0,0.71,2,109,0,78.5,75.5,69.3,59.7,81.6,0.0,0,0,11,22.4,11,49,1,61.2,7,77.6,38,14.3,7,94.8,8,0,4.1,2,54,55,7.9,7.7,1.42,16,112,57,101,,32,74,1,1,1,9,87,1,35,171,165,155,21,31,31,1,179,189,173,157,245,20,53,61,124,35,46,119,57,62,143,117,76,86,146,120,77,True
Gentz Hilburn,215326,WR,AKRON,4,2.4,0,100.0,,0,0,0,0.0,0,0.45,2,102,0,79.3,67.1,75.7,,71.7,0.0,0,0,26,0.0,0,24,0,63.6,8,91.7,22,91.7,22,103.1,8,0,8.3,2,70,51,6.4,8.8,3.18,38,748,492,1,,435,605,1,1,1,112,522,1,144,378,87,,162,113,113,1,430,76,76,653,1,39,313,618,664,66,280,339,473,397,688,721,466,247,199,618,88,True
Jake Johnson,158655,TE,AUBURN,4,4.5,0,87.5,100.0,1,1,0,0.0,0,0.07,2,115,0,78.5,66.7,63.6,69.3,61.1,43.4,33,0,10,25.0,19,76,0,45.8,7,71.1,54,35.5,27,89.1,8,0,6.6,5,43,11,1.6,6.1,0.8,17,222,123,54,1,42,75,1,1,1,182,140,1,36,85,107,120,128,218,132,1,237,69,49,93,1,177,70,216,110,135,82,177,91,121,140,99,153,208,259,245,201,True
Za'Ron Collins,181612,WR,JAMES MAD,4,14.5,0,50.0,0.0,0,1,0,20.0,1,0.38,2,197,1,45.4,12.0,52.4,,53.5,0.0,0,1,18,0.0,0,48,1,61.4,4,91.7,44,22.9,11,67.7,8,1,77.1,37,46,6,1.5,11.5,1.05,38,178,492,602,435,435,394,1,662,447,151,522,716,662,763,717,,700,113,113,554,563,76,76,495,526,59,524,618,504,389,441,613,473,173,375,364,561,657,687,445,578,True
Makhi Hughes,158417,HB,HOUSTON,4,1.5,2,75.0,,0,0,0,0.0,0,0.5,4,182,0,77.5,62.7,72.1,55.9,72.3,0.0,0,0,21,23.5,12,51,0,58.0,6,76.5,39,2.0,1,96.4,8,0,3.9,2,61,65,10.8,10.2,1.56,16,79,57,164,,32,74,1,1,1,33,15,1,55,218,135,170,62,31,31,1,74,179,159,148,1,37,73,73,115,225,194,107,57,62,147,117,60,60,66,66,66,True
Victor Snow,158249,WR,NC STATE,4,7.4,1,62.5,100.0,1,1,0,0.0,0,0.43,1,248,0,76.3,79.9,54.2,63.1,54.2,0.0,0,0,25,1.4,1,73,0,61.4,5,94.5,69,94.5,69,73.4,8,0,5.5,4,37,27,5.4,7.4,0.54,38,632,293,446,1,182,394,1,1,1,120,627,1,229,4,685,38,684,113,113,1,446,32,16,348,1,59,462,356,341,37,86,571,473,397,723,683,611,424,267,682,712,True
Henry Boyer,158199,TE,KENTUCKY,4,12.5,1,87.5,,0,0,0,0.0,0,0.55,6,202,0,78.5,67.8,69.4,75.0,75.2,53.4,31,0,32,31.0,18,58,0,60.3,7,69.0,40,22.4,13,158.3,8,2,13.8,8,110,35,5.0,15.7,2.75,17,24,60,54,,105,169,1,1,1,26,40,1,36,60,54,32,40,162,145,1,54,40,55,147,1,34,70,230,157,225,190,1,91,11,43,58,47,76,115,32,25,True
Titan Lacaden,204037,WR,HAWAII,4,3.0,1,87.5,,0,0,0,0.0,0,0.09,2,180,0,78.5,69.5,73.3,,72.3,0.0,0,0,9,0.0,0,25,1,52.2,7,92.0,23,92.0,23,85.4,8,0,4.0,1,36,26,3.7,5.1,1.57,38,741,293,70,,435,605,1,1,1,406,522,1,172,220,128,,152,113,113,1,719,76,76,642,526,208,360,590,646,61,275,490,473,397,735,747,615,432,460,744,407,True
DJ Black,158111,WR,S CAROLINA,3,14.1,1,62.5,0.0,0,1,0,0.0,0,-0.01,5,289,1,76.3,14.1,58.3,,58.7,0.0,0,0,33,0.0,0,61,0,44.8,5,95.1,58,4.9,3,101.0,8,0,95.1,58,90,28,5.6,18.0,1.55,572,196,293,446,435,435,394,1,1,1,537,296,716,229,760,579,,576,113,113,1,324,76,76,420,1,469,462,300,416,708,658,354,473,397,60,241,399,413,254,130,420,True
TJ Chukwurah,179153,WR,N TEXAS,5,12.5,1,75.0,100.0,2,2,0,14.3,1,0.56,5,251,0,53.4,67.4,80.4,,82.0,0.0,0,0,23,0.0,0,24,0,69.6,6,95.8,23,45.8,11,147.4,8,1,54.2,13,83,10,1.7,13.8,3.61,1,286,293,182,1,90,242,1,607,447,52,296,1,605,375,38,,32,113,113,1,481,76,76,653,1,14,408,240,646,257,441,75,473,173,510,556,423,609,672,325,61,True
Jerrian Parker Jr.,185595,HB,SM HOUSTON,3,0.1,1,75.0,,0,0,0,0.0,0,0.67,1,281,0,77.5,73.9,73.8,33.1,81.6,0.0,0,0,94,20.7,6,29,0,42.3,6,79.3,23,3.4,1,156.3,8,1,0.0,0,116,117,19.5,19.3,5.04,231,123,112,164,,32,74,1,1,1,13,145,1,55,188,106,236,21,31,31,1,1,206,239,240,1,206,73,51,215,187,194,11,57,17,228,228,9,10,6,13,5,True
Trenton Chaney,204116,WR,LA LAFAYET,2,9.9,2,75.0,0.0,0,2,0,0.0,0,-0.24,2,207,0,77.5,68.5,65.7,,67.5,0.0,0,0,41,0.0,0,26,0,50.0,6,100.0,26,92.3,24,98.4,8,0,7.7,2,65,54,9.0,10.8,2.5,700,492,162,182,435,435,242,1,1,1,687,522,1,191,289,325,,278,113,113,1,218,76,76,635,1,254,408,1,623,58,265,377,473,397,694,721,475,235,73,497,175,True
Jaylon Hawkins,204520,WR,S DIEGO ST,4,10.9,0,75.0,100.0,1,1,0,0.0,0,-0.09,2,284,0,77.5,71.0,59.5,,59.0,0.0,0,0,14,0.0,0,48,0,51.2,6,85.4,41,20.8,10,122.4,8,1,79.2,38,35,10,1.7,5.8,0.85,38,408,492,182,1,182,394,1,1,1,594,522,1,191,131,537,,565,113,113,1,647,76,76,495,1,233,408,752,523,420,463,191,473,173,342,354,619,609,672,735,638,True
Gavin Harris,177032,TE,GA TECH,3,9.0,0,25.0,0.0,0,2,0,33.3,1,0.08,1,176,1,32.3,9.4,47.5,64.5,43.6,14.3,5,0,14,2.9,1,35,0,48.5,2,91.4,32,51.4,18,39.6,8,0,34.3,12,19,4,2.0,9.5,0.59,234,84,123,290,105,105,39,1,266,191,176,200,277,264,291,266,170,281,286,280,1,189,279,270,231,1,140,237,21,198,29,146,280,91,121,2,20,239,256,243,150,235,True
Jalen Bonds,204731,HB,BALL ST,4,0.5,3,100.0,,0,0,0,0.0,0,0.19,5,117,0,79.3,77.6,73.3,46.5,92.6,0.0,0,0,38,54.2,32,59,0,40.7,8,45.8,27,5.1,3,154.7,8,1,1.7,1,93,94,11.8,11.6,3.44,16,103,37,1,,32,74,1,1,1,117,9,1,25,137,116,200,1,31,31,1,22,8,22,115,1,226,38,276,189,149,118,14,57,17,209,164,21,20,53,39,13,True
Jayce Brown,173093,WR,LSU,4,13.8,2,50.0,0.0,0,1,0,33.3,2,0.26,1,211,0,29.1,67.0,51.0,,50.2,1.3,1,0,14,0.0,0,76,0,56.8,4,97.4,74,38.2,29,63.0,8,0,57.9,44,37,11,2.8,9.3,0.5,38,213,162,602,435,435,394,1,730,662,246,627,1,735,408,731,,747,65,40,1,647,76,76,323,1,123,524,137,309,279,228,637,473,397,501,320,611,598,552,597,721,True
Jabari Lewis,220407,WR,UMASS,4,15.1,1,50.0,,0,0,0,0.0,0,0.31,3,216,0,74.9,65.0,65.7,,64.3,0.0,0,0,16,0.0,0,42,0,45.9,4,88.1,37,23.8,10,69.8,8,0,76.2,32,50,8,2.0,12.5,1.35,38,155,293,602,,435,605,1,1,1,201,436,1,281,526,325,,380,113,113,1,604,76,76,528,1,412,524,731,548,379,463,597,473,397,384,393,545,634,641,383,483,True
Michael Allen,157405,HB,E CAROLINA,4,1.9,0,87.5,,0,0,0,0.0,0,0.0,2,156,0,78.5,44.6,58.1,29.2,76.7,0.0,0,0,13,38.5,15,39,0,50.0,7,61.5,24,10.3,4,123.4,8,1,5.1,2,33,48,6.9,4.7,1.38,16,67,204,101,,32,74,1,1,1,187,87,1,35,263,276,244,33,31,31,1,151,45,123,192,1,97,53,219,210,70,94,43,57,17,122,117,136,104,176,219,80,True
Isaac Brown,183312,HB,LOUISVILLE,4,-1.8,4,100.0,,0,0,0,0.0,0,0.35,2,210,1,79.3,60.1,73.0,76.8,51.2,0.0,0,0,32,30.9,21,68,0,50.8,8,66.2,45,5.9,4,88.0,8,0,4.4,3,41,55,6.9,5.1,0.91,16,198,23,1,,32,74,1,1,1,69,87,274,25,228,121,71,247,31,31,1,30,102,77,84,1,96,38,176,80,131,94,149,57,62,137,87,110,86,176,206,143,True
Dylan Riley,190996,HB,BOISE ST,4,-1.6,2,75.0,,0,0,0,0.0,0,0.56,3,120,0,77.5,72.0,79.3,14.6,66.2,0.0,0,0,15,14.3,10,70,1,56.7,6,81.4,57,11.4,8,90.1,8,0,2.9,2,49,57,9.5,8.2,0.86,16,192,57,164,,32,74,1,1,1,26,47,1,55,199,40,274,103,31,31,1,127,252,185,73,245,46,73,38,42,55,35,136,57,62,174,117,89,81,96,107,153,True
Jaden Platt,172591,TE,ARKANSAS,4,7.1,0,87.5,0.0,0,1,0,0.0,0,0.08,4,111,0,78.5,66.7,63.6,71.6,66.8,58.3,42,0,13,12.5,9,72,0,50.0,7,84.7,61,41.7,30,142.2,8,1,0.0,0,69,25,3.6,9.9,1.13,17,149,123,54,105,105,75,1,1,1,176,66,1,36,85,107,90,87,124,96,1,200,208,164,108,1,115,70,67,89,84,71,41,91,28,254,254,92,124,183,141,135,True
Rueben Owens II,172590,HB,TEXAS A&M,4,-1.1,1,75.0,,0,0,0,14.3,1,-0.03,1,312,0,53.4,83.4,73.8,71.3,52.5,0.0,0,0,18,36.8,43,117,0,39.8,6,61.5,72,0.9,1,90.6,8,0,6.8,8,50,62,10.3,8.3,0.69,16,175,112,164,,32,74,1,220,203,204,145,1,221,27,106,111,236,31,31,1,100,56,8,7,1,240,73,219,17,248,194,133,57,62,88,21,85,68,77,100,183,True
Ben Grice,190948,TE,RICE,4,7.6,0,62.5,100.0,2,2,0,0.0,0,-0.04,2,275,0,49.8,74.4,55.7,67.3,50.9,40.9,27,0,15,1.5,1,66,0,46.9,5,95.5,63,47.0,31,66.7,8,0,9.1,6,24,10,2.0,4.8,0.38,17,131,123,207,1,11,39,1,1,1,230,140,1,236,3,188,142,251,231,169,1,178,282,270,123,1,163,109,7,83,56,67,245,91,121,95,76,222,213,243,267,265,True
Caleb Goodie Sr.,173459,WR,MISSOURI,4,22.0,0,12.5,0.0,0,2,0,66.7,2,0.37,0,229,0,11.2,61.0,40.9,,42.1,0.0,0,0,5,0.0,0,45,1,47.7,1,97.8,44,15.6,7,39.6,8,0,84.4,38,5,1,1.0,5.0,0.11,38,19,492,764,435,435,242,1,764,662,158,733,1,762,681,768,,769,113,113,1,754,76,76,512,526,345,736,113,504,496,542,715,473,397,263,354,759,732,706,745,761,True
Mikkel Skinner,204985,TE,KENTUCKY,4,-0.4,0,87.5,,0,0,0,12.5,1,0.34,5,202,0,56.4,69.6,84.5,46.3,86.0,35.7,10,0,28,14.3,4,28,1,51.9,7,82.1,23,32.1,9,153.6,8,1,17.9,5,91,92,13.1,13.0,3.96,17,290,123,54,,105,169,1,219,191,75,48,1,220,17,8,245,6,252,264,1,74,188,233,251,167,100,70,100,243,158,231,17,91,28,21,99,59,21,5,70,4,True
Herschel Turner,191372,HB,NEVADA,4,5.9,3,75.0,,0,0,0,14.3,1,-0.18,4,239,1,53.4,54.2,78.6,75.4,61.4,0.0,0,0,25,7.1,3,42,1,43.2,6,83.3,35,16.7,7,104.2,8,0,2.4,1,76,64,10.7,12.7,2.17,16,15,37,164,,32,74,1,220,203,246,15,274,221,243,49,78,162,31,31,1,48,277,263,179,245,194,73,31,140,21,46,74,57,62,190,164,36,63,69,32,39,True
Dre'lon Miller,190790,WR,BAYLOR,4,9.9,0,50.0,33.3,1,3,0,0.0,0,0.05,2,118,0,74.9,65.0,61.2,,59.5,0.0,0,0,23,0.0,0,47,0,47.7,4,93.6,44,36.2,17,110.9,8,1,63.8,30,53,22,5.5,13.3,1.2,38,492,492,602,354,182,160,1,1,1,461,522,1,281,526,489,,545,113,113,1,481,76,76,502,1,345,524,463,504,292,340,275,473,173,473,401,530,475,259,341,520,True
Maxwell Woods,192051,HB,WASH STATE,4,1.1,1,50.0,,0,0,0,20.0,1,0.18,2,341,0,49.8,80.0,72.3,44.4,65.9,0.0,0,0,14,29.8,14,47,0,48.9,4,66.0,31,19.1,9,60.4,8,0,8.5,4,32,44,11.0,8.0,1.03,16,89,112,267,,32,74,1,240,203,119,87,1,227,96,131,206,110,31,31,1,139,116,131,164,1,126,135,179,165,16,26,257,57,62,65,62,147,115,62,109,127,True
Cynai Thomas,216148,WR,OREGON ST,4,12.4,0,75.0,100.0,1,1,0,0.0,0,0.21,5,265,0,77.5,66.2,60.8,,61.7,0.0,0,0,28,0.0,0,56,1,47.2,6,94.6,53,16.1,9,106.3,8,0,83.9,47,80,17,2.8,13.3,1.51,38,296,492,182,1,182,394,1,1,1,294,296,1,191,449,505,,470,113,113,1,395,76,76,446,526,367,408,345,440,488,494,310,473,397,274,295,433,524,552,341,435,True
Jackson Ford,190726,TE,S DIEGO ST,4,6.8,1,75.0,0.0,0,1,0,0.0,0,-0.16,3,284,0,78.5,66.7,56.8,77.1,62.4,56.1,37,1,19,21.2,14,66,1,34.5,6,72.7,48,28.8,19,92.7,8,1,9.1,6,54,12,2.0,9.0,1.13,17,157,60,123,105,105,75,1,1,1,264,89,1,36,85,171,10,119,144,112,256,141,111,98,123,167,280,92,199,129,191,137,166,91,28,95,76,118,200,243,165,135,True
Tavorus Jones,157157,HB,UTEP,4,-0.6,0,75.0,,0,0,0,14.3,1,0.13,1,330,0,53.4,55.9,59.3,48.4,50.8,0.0,0,1,11,28.3,17,60,0,49.1,6,66.7,40,13.3,8,37.5,8,0,6.7,4,22,26,4.3,3.7,0.55,16,151,204,164,,32,74,1,220,203,137,145,1,221,238,271,194,251,31,31,266,179,138,109,110,1,121,73,167,110,41,35,282,57,62,91,62,190,190,252,241,211,True
Hollywood Smothers,173719,HB,TEXAS,3,-1.8,1,87.5,,0,0,0,0.0,0,0.1,4,311,0,78.5,80.9,76.1,41.1,67.8,0.0,0,0,14,13.5,7,52,0,52.9,7,84.6,44,11.5,6,134.4,8,1,3.8,2,54,64,9.1,7.7,1.23,231,198,112,101,,32,74,1,1,1,152,15,1,35,74,76,221,88,31,31,1,139,257,227,143,1,82,53,24,87,54,58,29,57,17,149,117,76,63,108,120,99,True
Mylan Graham,193180,WR,NOTRE DAME,4,13.8,0,37.5,0.0,0,3,0,0.0,0,0.06,2,258,0,74.9,65.0,62.7,,62.9,0.0,0,0,20,0.0,0,36,0,38.7,3,86.1,31,88.9,32,50.0,8,0,11.1,4,32,0,0.0,10.7,1.03,38,213,492,712,435,435,160,1,1,1,444,522,1,281,526,435,,423,113,113,1,525,76,76,571,1,643,593,746,590,94,207,677,473,397,656,683,636,743,743,504,584,True
JD Willoughby,171393,WR,UCONN,4,15.8,0,75.0,100.0,1,1,0,0.0,0,0.36,4,146,0,78.5,66.7,71.5,,70.1,2.8,2,0,36,0.0,0,72,0,49.2,6,90.3,65,80.6,58,156.3,8,1,16.7,12,112,16,2.7,18.7,1.72,38,127,492,182,1,182,394,1,1,1,164,369,1,172,415,165,,200,32,23,1,280,76,76,354,1,304,408,687,373,164,115,30,473,173,614,569,329,536,569,110,356,True
Connor Walendzak,171392,HB,TOLEDO,4,2.4,0,87.5,0.0,0,1,0,0.0,0,0.5,2,316,0,78.5,81.3,78.1,50.0,64.7,0.0,0,0,13,23.0,14,61,0,56.9,7,73.8,45,3.3,2,129.2,8,2,3.3,2,44,31,4.4,6.3,0.98,16,53,204,101,32,32,13,1,1,1,33,87,1,35,64,54,191,128,31,31,1,151,183,131,107,1,45,53,96,80,192,152,35,57,4,167,117,100,167,250,171,135,True
TJ Horton,173999,HB,BALL ST,4,-3.4,6,87.5,,0,0,0,0.0,0,-0.04,0,117,0,78.5,79.1,79.2,85.5,57.3,0.0,0,0,4,36.4,20,55,0,40.7,7,61.8,34,23.6,13,79.2,8,0,7.3,4,2,32,4.6,0.3,0.06,16,258,7,101,,32,74,1,1,1,210,233,1,35,110,42,6,206,31,31,1,271,58,81,128,1,226,53,217,149,8,10,199,57,62,83,62,279,159,247,283,280,True
Donovan Murph,205382,WR,S CAROLINA,4,20.3,0,75.0,50.0,1,2,0,14.3,1,0.19,5,289,0,53.8,66.2,63.8,,66.5,0.0,0,1,44,0.0,0,64,0,45.9,6,95.3,61,39.1,25,116.7,8,2,60.9,39,151,7,1.2,25.2,2.48,38,31,492,182,228,182,242,1,607,447,313,296,1,599,449,390,,309,113,113,554,176,76,76,405,1,412,408,282,397,275,256,234,473,71,490,350,232,649,702,28,181,True
Gi'Bran Payne,156963,HB,CINCINNATI,4,1.9,1,62.5,,0,0,0,28.6,2,0.02,1,138,0,33.4,60.1,64.6,77.1,45.5,0.0,0,0,10,24.3,18,74,0,45.8,5,74.3,55,4.1,3,66.7,8,0,1.4,1,16,30,6.0,3.2,0.29,16,67,112,248,,32,74,1,268,276,182,145,1,264,228,228,68,271,31,31,1,201,175,96,61,1,162,102,91,48,174,118,250,57,62,216,164,219,172,201,251,264,True
Antwan Raymond,190489,HB,RUTGERS,4,4.3,1,87.5,0.0,0,1,0,0.0,0,0.12,3,278,0,78.5,85.6,75.3,37.2,65.9,0.0,0,0,22,38.6,34,88,0,49.4,7,60.2,53,0.0,0,140.1,8,1,10.2,9,65,56,8.0,9.3,1.23,16,25,112,101,32,32,13,1,1,1,145,47,1,35,3,90,228,110,31,31,1,67,43,17,36,1,118,53,228,53,249,249,24,57,17,47,12,54,83,141,81,99,True
Quinn Clark,183552,WR,NEBRASKA,4,14.4,0,75.0,100.0,1,1,0,14.3,1,0.53,4,238,0,53.4,66.2,68.0,61.9,64.9,0.0,0,0,25,2.4,1,41,0,57.5,6,95.1,39,7.3,3,137.0,8,1,92.7,38,63,4,0.7,10.5,1.62,38,183,492,182,1,182,394,1,607,447,65,369,1,605,449,256,49,357,113,113,1,446,14,16,539,1,107,408,300,539,669,658,116,473,173,95,354,478,692,734,520,391,True
David Mbadinga,174136,HB,GA SOUTHRN,4,-1.5,1,87.5,,0,0,0,0.0,0,-0.07,4,174,0,79.3,78.9,72.0,61.4,66.5,0.0,0,0,17,25.9,15,58,0,48.1,7,67.2,39,10.3,6,103.1,8,0,8.6,5,70,98,14.0,10.0,1.79,16,186,112,101,,32,74,1,1,1,217,15,1,25,116,139,149,100,31,31,1,111,159,123,119,1,132,53,164,115,70,58,78,57,62,61,51,44,17,23,68,55,True
Jamarian Samuel,174149,HB,GA SOUTHRN,4,-0.5,2,62.5,0.0,0,1,0,16.7,1,-0.31,2,174,0,49.8,75.3,63.5,76.1,55.4,0.0,0,0,13,26.7,16,60,0,30.4,5,68.3,41,10.0,6,66.7,8,0,3.3,2,17,20,4.0,3.4,0.41,16,146,57,248,32,32,13,1,230,203,267,87,1,227,174,244,75,222,31,31,1,151,152,117,110,1,273,102,151,105,74,58,250,57,62,167,117,216,218,256,248,245,True
Mackenzie Alleyne,190362,WR,OKLAHOMA,4,8.1,1,50.0,0.0,0,3,0,0.0,0,0.18,2,261,0,74.9,65.0,63.2,,64.7,0.0,0,0,22,0.0,0,33,0,31.3,4,97.0,32,24.2,8,104.2,8,1,75.8,25,40,7,1.8,10.0,1.25,38,604,293,602,435,435,160,1,1,1,318,522,1,281,526,415,,365,113,113,1,496,76,76,592,1,743,524,161,580,374,523,329,473,173,389,433,592,649,664,556,506,True
Gavin Correia,198452,TE,FRESNO ST,4,10.3,3,50.0,0.0,0,1,0,0.0,0,0.32,2,169,0,76.3,65.7,58.3,72.2,58.6,62.2,46,0,12,10.8,8,74,0,54.9,4,86.5,64,29.7,22,58.3,8,0,8.1,6,28,9,2.3,7.0,0.44,17,54,18,244,105,105,75,1,1,1,83,140,1,67,126,155,79,156,101,75,1,219,229,185,100,1,66,140,52,77,178,111,256,91,121,111,76,202,222,233,218,252,True
Walker Lyons,190350,TE,BYU,3,4.1,3,87.5,50.0,1,2,0,0.0,0,0.36,4,128,0,79.3,67.1,85.8,65.2,82.1,62.5,30,0,26,22.9,11,48,0,57.4,7,75.0,36,20.8,10,110.4,8,0,10.4,5,84,55,7.9,12.0,2.33,234,235,18,54,70,42,39,1,1,1,65,66,1,28,72,7,164,14,97,153,1,88,90,131,178,1,45,70,177,177,235,220,110,91,121,75,99,67,43,40,96,40,True
Will Henderson III,190255,HB,UTSA,4,-2.3,2,87.5,0.0,0,1,0,0.0,0,0.0,2,331,0,78.5,82.4,81.4,22.9,58.9,0.0,0,0,12,27.1,26,96,0,42.2,7,69.8,67,5.2,5,82.8,8,0,9.4,9,31,52,7.4,4.4,0.46,16,217,57,101,32,32,13,1,1,1,187,87,1,35,37,29,264,186,31,31,1,168,145,44,24,1,207,53,130,21,147,72,179,57,62,55,12,152,97,163,227,238,True
Vandrevius Jacobs,170341,WR,MIAMI FL,4,16.3,0,75.0,50.0,1,2,0,0.0,0,0.54,4,220,0,77.5,66.2,65.7,,66.8,0.0,0,1,33,0.0,0,44,0,67.5,6,90.9,40,4.5,2,107.8,8,1,95.5,42,83,4,0.7,13.8,2.08,38,113,492,182,228,182,242,1,1,1,61,369,1,191,449,325,,298,113,113,554,324,76,76,517,1,23,408,661,528,712,690,299,473,173,56,333,423,692,734,325,270,True
Brandon Phelps,183731,WR,ARIZONA,4,16.1,1,75.0,,0,0,0,0.0,0,0.53,4,109,0,77.5,66.2,64.1,,62.8,0.0,0,0,30,0.0,0,51,0,56.0,6,98.0,50,74.5,38,156.3,8,1,25.5,13,102,45,7.5,17.0,2.04,38,118,293,182,,435,605,1,1,1,65,369,1,191,449,384,,432,113,113,1,369,76,76,475,1,132,408,101,460,196,183,30,473,173,568,556,357,282,130,162,275,True
Lucas Farrington,198574,HB,JVILLE ST,4,2.9,3,75.0,,0,0,0,14.3,1,0.4,4,196,0,53.8,77.8,77.9,78.7,67.6,0.0,0,0,23,20.5,9,44,0,57.1,6,75.0,33,4.5,2,102.1,8,0,13.6,6,72,73,12.2,12.0,2.18,16,43,37,164,,32,74,1,220,203,54,15,1,220,132,56,53,89,31,31,1,61,210,198,174,1,42,73,84,153,158,152,83,57,62,27,37,40,45,42,37,38,True
Koraun Perdue,86541,TE,MIDDLE TN,4,11.6,4,50.0,,0,0,1,33.3,2,0.06,2,224,0,26.0,65.0,61.0,70.9,54.3,71.7,38,0,23,9.4,5,53,1,42.0,4,86.8,46,11.3,6,105.7,8,1,17.0,9,43,9,2.3,10.8,0.93,17,36,8,244,,105,169,283,266,273,184,140,1,279,154,128,103,211,43,107,1,108,239,219,164,167,231,140,49,138,278,254,127,91,28,24,48,153,222,233,118,170,True
Cody Jackson,144621,WR,IOWA STATE,4,19.8,2,50.0,50.0,1,2,0,0.0,0,-0.15,2,193,0,74.9,65.0,54.5,,54.2,0.0,0,1,12,0.0,0,53,0,42.0,4,94.3,50,24.5,13,20.3,8,0,75.5,40,31,9,2.3,7.8,0.62,38,35,162,602,228,182,242,1,1,1,629,522,1,281,526,676,,684,113,113,554,681,76,76,462,1,559,524,381,460,367,402,756,473,397,396,340,642,621,614,671,690,True
Stonka Burnside,184751,WR,MEMPHIS,4,14.6,0,50.0,,0,0,0,20.0,1,0.3,4,218,0,45.9,65.0,60.3,,58.1,0.0,0,0,48,0.0,0,72,0,57.1,4,87.5,63,11.1,8,131.8,8,1,88.9,64,93,25,6.3,23.3,1.48,38,172,492,602,,435,605,1,662,447,215,369,1,654,526,518,,591,113,113,1,142,76,76,354,1,113,524,734,385,582,523,145,473,173,175,212,389,444,208,36,443,True
Jemyri Davis,198593,WR,MEMPHIS,4,14.9,2,75.0,0.0,0,1,0,14.3,1,0.5,5,218,0,53.4,66.2,63.0,,63.8,0.0,0,0,32,0.0,0,74,1,59.7,6,90.5,67,13.5,10,116.7,8,0,86.5,64,107,42,7.0,17.8,1.6,38,159,162,182,435,435,394,1,607,447,83,296,1,605,449,426,,388,113,113,1,340,76,76,340,526,79,408,684,358,535,463,234,473,397,228,212,343,305,157,134,399,True
Gavin Grover,183794,TE,CINCINNATI,4,7.3,0,87.5,,0,0,0,12.5,1,0.26,3,138,0,56.4,67.4,58.8,50.9,52.3,48.9,44,0,29,13.3,12,90,0,52.9,7,83.3,75,43.3,39,107.8,8,0,1.1,1,79,30,4.3,11.3,1.05,17,139,123,54,,105,169,1,219,191,99,89,1,220,68,148,232,229,186,87,1,65,203,114,62,1,87,70,79,51,72,37,119,91,121,247,202,74,98,144,108,148,True
Andrew Rappleyea,170294,TE,PENN STATE,4,8.6,2,62.5,0.0,0,1,0,16.7,1,0.25,3,266,0,49.8,65.7,53.0,71.7,57.8,65.3,47,0,18,11.1,8,72,1,45.6,5,83.3,60,19.4,14,118.2,8,1,12.5,9,47,23,4.6,9.4,0.78,17,94,30,207,105,105,75,1,234,191,105,89,1,236,126,225,88,172,80,73,1,154,226,185,108,167,180,109,79,95,241,177,88,91,28,51,48,140,132,138,159,205,True
Adam Hrynciw,186427,WR,AIR FORCE,3,21.1,0,42.9,0.0,0,1,0,25.0,1,0.57,3,101,0,39.5,64.1,61.6,,64.6,0.0,0,0,29,0.0,0,29,2,48.0,3,86.2,25,10.3,3,114.9,7,1,89.7,26,63,6,2.0,21.0,2.52,572,25,492,684,435,435,394,1,703,447,48,436,1,688,580,476,,369,113,113,1,380,76,76,615,719,335,593,743,631,601,658,249,515,173,160,428,478,657,641,63,170,True
Cam Cook,173133,HB,W VIRGINIA,4,2.4,1,71.4,0.0,0,1,0,16.7,1,0.25,2,343,0,49.8,73.0,74.3,84.0,57.4,0.0,0,0,22,28.4,19,67,1,42.9,5,67.2,45,9.0,6,84.2,7,0,16.4,11,38,19,3.8,7.6,0.84,16,53,112,204,32,32,13,1,230,203,97,87,1,227,193,103,15,204,31,31,1,67,137,86,89,245,197,102,164,80,90,58,171,83,62,19,8,119,222,262,128,161,True
De'Nylon Morrissette,157077,WR,PURDUE,4,14.0,0,57.1,50.0,1,2,0,0.0,0,0.22,2,273,0,74.9,65.0,53.8,,53.1,0.0,0,0,17,0.0,0,108,1,51.5,4,95.4,103,34.3,37,112.5,7,1,65.7,71,39,15,3.8,9.8,0.38,38,200,492,534,228,182,242,1,1,1,285,522,1,281,526,694,,709,113,113,1,588,76,76,142,526,223,524,277,137,302,185,262,515,173,463,176,596,547,449,572,735,True
Preston Kilgore,174599,TE,SO MISS,4,3.9,0,71.4,,0,0,0,16.7,1,-0.02,1,296,0,53.4,66.2,45.9,77.2,42.5,57.0,45,0,19,17.7,14,79,2,43.7,5,75.9,60,32.9,26,81.3,7,0,8.9,7,33,21,4.2,6.6,0.55,17,241,123,143,,105,169,1,234,191,219,200,1,227,105,273,9,286,136,80,1,141,145,98,86,264,201,109,168,95,151,91,205,110,121,99,69,182,141,154,228,242,True
Jamel Hardy Jr.,176490,WR,UTSA,4,16.1,0,28.6,0.0,0,3,0,0.0,0,0.15,0,331,0,70.7,62.9,53.3,,50.2,0.0,0,0,4,0.0,0,61,1,41.1,2,91.8,56,4.9,3,39.6,7,0,95.1,58,7,6,3.0,3.5,0.13,38,118,492,744,435,435,160,1,1,1,339,733,1,415,636,708,,747,113,113,1,760,76,76,420,526,585,671,609,424,708,658,715,515,397,60,241,755,657,515,758,760,True
Eian Pugh,158224,WR,OHIO,4,14.6,0,28.6,0.0,0,2,0,0.0,0,0.25,1,259,0,70.7,62.9,50.5,,51.1,0.0,0,0,11,0.0,0,78,1,50.0,2,94.9,74,10.3,8,39.6,7,0,89.7,70,8,0,0.0,4.0,0.11,38,172,492,744,435,435,242,1,1,1,255,627,1,415,636,740,,741,113,113,1,693,76,76,313,526,254,671,315,309,601,523,715,515,397,160,183,750,743,743,756,761,True
Hawkins Polley,174638,TE,BAYLOR,4,13.4,0,57.1,0.0,0,1,0,0.0,0,0.14,2,118,0,74.9,65.0,74.8,71.9,70.1,52.9,18,0,28,26.5,9,34,0,48.5,4,70.6,24,44.1,15,82.4,7,0,0.0,0,55,14,3.5,13.8,2.29,17,20,123,228,105,105,75,1,1,1,157,140,1,85,154,27,83,68,166,228,1,74,63,164,237,1,140,140,220,239,69,167,197,110,121,254,254,114,185,190,57,45,True
Demetrice McCray,213818,WR,PITTSBURGH,3,18.1,0,71.4,100.0,1,1,0,0.0,0,0.56,5,268,0,76.3,65.7,68.5,,69.9,0.0,0,0,48,0.0,0,42,1,64.1,5,92.9,39,2.4,1,153.3,7,2,95.2,40,97,21,4.2,19.4,2.49,572,66,492,273,1,182,394,1,1,1,52,296,1,229,485,241,,205,113,113,1,142,76,76,528,526,37,462,531,539,740,718,48,515,71,59,340,375,490,398,93,179,True
Vince Benetti,174656,TE,IOWA STATE,4,7.3,0,57.1,100.0,1,1,0,20.0,1,-0.03,4,193,1,45.4,12.0,43.4,54.2,49.0,56.5,39,0,24,15.9,11,69,2,44.6,4,79.7,55,33.3,23,121.4,7,2,10.1,7,54,28,7.0,13.5,0.98,17,139,123,228,1,42,75,1,244,191,224,66,277,247,284,283,221,259,140,105,1,99,166,131,118,264,192,140,124,109,148,105,73,110,11,82,69,118,110,60,60,160,True
Jamari Harrold,198610,TE,KENNESAW,4,9.4,1,71.4,0.0,0,1,0,0.0,0,0.01,3,200,1,76.3,13.7,51.2,31.8,55.5,23.1,15,0,13,12.3,8,65,0,45.0,5,81.5,53,53.8,35,125.0,7,1,15.4,10,40,5,1.0,8.0,0.75,17,74,60,143,105,105,75,1,1,1,206,89,277,67,282,245,274,198,282,245,1,200,214,185,126,1,188,109,112,115,22,48,67,110,28,33,38,162,253,267,194,214,True
Max Whisner,157175,TE,SM HOUSTON,4,3.7,1,85.7,,0,0,0,0.0,0,0.13,1,281,0,77.5,66.2,56.7,75.8,57.7,56.8,42,1,15,16.2,12,74,1,46.6,6,82.4,61,43.2,32,55.1,7,0,0.0,0,47,29,4.8,7.8,0.77,17,247,60,64,,105,169,1,1,1,160,200,1,52,105,173,21,173,137,96,256,178,163,114,100,167,172,92,94,89,73,62,263,110,121,254,254,140,103,128,200,208,True
Messiah Burch,171198,HB,BUFFALO,4,-3.4,1,71.4,,0,0,0,16.7,1,-0.12,0,126,0,49.8,82.3,72.8,65.9,55.3,0.0,0,0,9,56.0,42,75,0,33.3,5,41.3,31,1.3,1,74.1,7,0,1.3,1,18,34,6.8,3.6,0.58,16,258,112,204,,32,74,1,230,203,233,233,1,227,43,124,131,224,31,31,1,213,7,10,60,1,270,102,280,165,239,194,231,83,62,219,164,207,148,180,246,204,True
TJ Washington Jr.,170178,HB,NEW MEX ST,5,-1.7,3,100.0,100.0,1,1,0,0.0,0,-0.06,4,242,0,78.5,79.5,75.7,66.2,89.5,0.0,0,0,32,20.3,14,69,0,42.4,7,75.4,52,5.8,4,113.1,7,0,0.0,0,78,90,12.9,11.1,1.5,1,194,37,1,1,5,13,1,1,1,215,15,1,35,103,83,129,7,31,31,1,30,212,131,77,1,202,53,80,58,136,94,59,83,62,228,228,32,21,35,44,68,True
Jake Appleget,156468,TE,FRESNO ST,4,8.6,0,71.4,,0,0,0,0.0,0,0.02,3,169,0,77.5,66.2,64.3,29.9,57.9,52.3,45,0,24,16.3,14,86,0,48.1,5,79.1,68,40.7,35,92.0,7,0,7.0,6,51,19,3.8,10.2,0.75,17,94,123,143,,105,169,1,1,1,202,89,1,52,105,102,279,170,171,80,1,99,160,98,71,1,145,109,135,59,89,48,174,110,121,132,76,130,152,174,133,214,True
Jalen Likely,189796,HB,JVILLE ST,4,4.4,1,71.4,,0,0,0,0.0,0,0.12,3,196,0,76.3,46.7,69.6,82.8,73.2,0.0,0,0,13,37.1,23,62,0,51.7,5,61.3,38,4.8,3,122.0,7,1,1.6,1,35,26,5.2,7.0,0.92,16,23,112,204,,32,74,1,1,1,145,47,1,73,259,159,24,56,31,31,1,151,53,61,105,1,86,102,223,124,152,118,45,83,17,211,164,131,190,236,143,138,True
Kolin Wilson,198870,HB,MISS STATE,4,-4.0,3,71.4,,0,0,0,16.7,1,0.5,2,227,0,49.8,77.7,68.3,62.4,65.3,0.0,0,0,18,26.5,9,34,0,51.6,5,67.6,23,8.8,3,91.4,7,0,5.9,2,50,67,13.4,10.0,2.17,16,274,37,204,,32,74,1,230,203,33,87,1,227,136,186,147,121,31,31,1,100,153,198,220,1,87,102,157,215,92,118,132,83,62,103,117,85,55,28,68,39,True
Will Anciaux,173090,TE,KANSAS ST,4,8.4,0,85.7,100.0,2,2,0,0.0,0,0.57,4,199,0,78.5,66.7,68.9,72.9,73.2,69.8,30,0,27,27.9,12,43,1,69.0,6,69.8,30,16.3,7,116.7,7,0,11.6,5,84,36,6.0,14.0,2.8,17,99,123,64,1,11,39,1,1,1,22,66,1,36,85,60,55,48,53,153,1,79,56,114,203,167,6,92,223,214,258,249,92,110,121,64,99,67,74,88,53,22,True
Devon Tauaefa,158190,TE,HAWAII,4,3.6,1,71.4,100.0,2,2,0,0.0,0,-0.01,4,180,0,76.3,65.7,67.2,77.0,73.1,46.3,19,0,20,22.0,9,41,0,43.6,5,75.6,31,48.8,20,137.5,7,1,4.9,2,61,40,8.0,12.2,1.97,17,251,60,143,1,11,39,1,1,1,215,66,1,67,126,70,11,51,202,219,1,135,102,164,216,1,203,109,172,207,47,129,45,110,28,164,166,102,67,38,93,59,True
Royal Capell,199055,WR,UTEP,3,3.7,2,57.1,,0,0,0,20.0,1,-0.38,3,330,0,45.4,68.0,55.5,,60.7,0.0,0,0,14,0.0,0,21,0,33.3,4,85.7,18,85.7,18,73.5,7,0,14.3,3,40,23,5.8,10.0,2.22,572,729,162,534,,435,605,1,662,447,738,436,1,662,322,657,,498,113,113,1,647,76,76,677,1,724,524,747,693,119,326,570,515,397,630,703,592,466,239,556,231,True
Mekhi Nelson,189704,HB,NEBRASKA,4,1.1,5,71.4,,0,0,0,0.0,0,0.37,3,238,0,76.3,81.3,83.1,82.3,71.8,0.0,0,0,51,12.7,7,55,0,49.1,5,87.3,48,9.1,5,153.3,7,1,1.8,1,106,104,20.8,21.2,2.21,16,89,12,204,,32,74,1,1,1,62,47,1,73,64,20,27,67,31,31,1,10,264,227,128,1,121,102,16,72,86,72,15,83,17,206,164,15,14,4,7,36,True
Somourian Wingo,216979,WR,MIAMI FL,3,16.6,1,85.7,50.0,1,2,0,0.0,0,0.59,6,220,0,77.5,73.9,76.6,61.0,75.9,0.0,0,0,47,3.4,1,29,0,69.0,6,96.6,28,17.2,5,158.3,7,1,82.8,24,114,15,2.5,19.0,4.07,572,103,293,77,228,182,242,1,1,1,40,237,1,191,74,76,60,85,113,113,1,151,7,16,615,1,19,408,183,608,469,597,1,515,173,292,438,323,547,588,98,37,True
Ja'Cory Thomas,199065,WR,VANDERBILT,4,6.7,0,57.1,,0,0,0,20.0,1,0.03,2,333,0,45.4,65.0,58.5,,58.3,0.0,0,0,17,0.0,0,46,0,46.7,4,97.8,45,17.4,8,70.5,7,0,82.6,38,35,22,5.5,8.8,0.78,38,656,492,534,,435,605,1,662,447,490,522,1,662,526,572,,584,113,113,1,588,76,76,510,1,388,524,113,497,466,523,594,515,397,296,354,619,475,259,618,652,True
Matt Long,198041,HB,AIR FORCE,3,14.3,0,57.1,66.7,2,3,0,20.0,1,0.59,4,101,0,45.4,77.4,72.2,65.5,59.8,33.3,12,1,35,2.8,1,36,1,50.0,4,86.1,31,8.3,3,97.3,7,2,25.0,9,80,14,3.5,20.0,2.58,231,1,204,261,26,2,1,1,240,203,19,15,1,243,143,132,134,181,1,2,266,25,283,280,207,245,97,135,18,165,98,118,102,83,4,4,12,28,250,269,12,23,True
Zeke Wimbush,174803,TE,LIBERTY,4,10.1,1,85.7,100.0,3,3,0,0.0,0,0.01,5,206,0,77.5,66.2,72.1,71.5,78.9,62.5,35,0,26,12.5,7,56,0,37.0,6,85.7,48,35.7,20,113.7,7,0,1.8,1,79,22,3.7,13.2,1.65,17,59,60,64,1,3,24,1,1,1,206,48,1,52,105,42,92,25,97,120,1,88,208,195,154,1,271,92,59,129,132,129,102,110,121,234,202,74,137,179,68,77,True
Tony Kinsler,199084,WR,PITTSBURGH,4,10.0,1,57.1,,0,0,0,0.0,0,0.33,1,268,0,74.9,65.0,53.2,,51.8,0.0,0,0,24,0.0,0,77,0,45.8,4,93.5,72,13.0,10,72.9,7,0,87.0,67,39,22,5.5,9.8,0.54,38,476,293,534,,435,605,1,1,1,185,627,1,281,526,711,,730,113,113,1,463,76,76,321,1,418,524,475,317,543,463,574,515,397,217,199,596,475,259,572,712,True
Hunter Andrews,183855,TE,UTAH,4,7.3,0,71.4,,0,0,0,16.7,1,0.38,3,328,0,50.3,68.1,63.4,69.8,60.9,68.3,28,0,10,12.2,5,41,0,65.0,5,85.4,35,26.8,11,121.4,7,1,2.4,1,34,21,4.2,6.8,0.97,17,139,123,143,,105,169,1,234,191,58,89,1,234,56,110,113,130,62,161,1,237,215,219,216,1,12,109,63,180,205,211,73,110,28,217,202,181,141,154,225,163,True
Chance Williams,167089,HB,CHARLOTTE,2,-0.7,5,71.4,,0,0,0,0.0,0,-0.08,2,136,0,76.3,76.8,74.7,56.6,72.8,0.0,0,1,16,31.6,12,38,0,44.4,5,65.8,25,0.0,0,41.7,7,0,0.0,0,33,55,11.0,6.6,1.32,270,155,12,204,,32,74,1,1,1,220,87,1,73,154,96,165,58,31,31,266,120,97,159,195,1,177,102,182,203,249,249,278,83,62,228,228,136,86,62,161,87,True
Markell Holman,185737,HB,WYOMING,4,-0.9,1,85.7,,0,0,0,14.3,1,-0.25,0,351,0,56.4,54.0,80.6,84.3,69.1,0.0,0,0,8,21.7,10,46,0,48.9,6,76.1,35,19.6,9,85.1,7,0,4.3,2,31,38,6.3,5.2,0.89,16,164,112,112,,32,74,1,220,203,261,233,1,218,244,32,13,83,31,31,1,231,197,185,168,1,126,73,79,140,12,26,167,83,62,141,117,152,132,192,203,147,True
Vincent Carner,215759,WR,UNLV,3,16.1,0,57.1,50.0,1,2,0,20.0,1,0.03,2,325,0,45.9,65.0,58.6,,58.3,0.0,0,0,19,0.0,0,45,0,50.0,4,97.8,44,22.2,10,75.9,7,0,77.8,35,44,1,0.3,11.0,1.0,572,118,492,534,228,182,242,1,662,447,490,522,1,654,526,567,,584,113,113,1,544,76,76,512,1,254,524,113,504,400,463,551,515,397,362,378,570,732,741,475,587,True
Peyton Zachary,215760,WR,UNLV,4,9.3,0,42.9,50.0,1,2,0,25.0,1,0.04,3,325,0,40.2,72.4,61.9,,59.7,0.0,0,0,14,0.0,0,34,0,55.9,3,100.0,34,94.1,32,56.3,7,0,5.9,2,31,9,3.0,10.3,0.91,38,527,492,684,228,182,242,1,703,447,475,436,1,686,90,464,,541,113,113,1,647,76,76,581,1,135,593,1,572,41,207,658,515,397,716,721,642,621,515,529,621,True
Jailen Butler,172270,TE,KANSAS,3,11.7,0,28.6,0.0,0,2,0,0.0,0,0.12,2,198,0,70.7,62.9,49.4,30.5,51.3,58.9,43,0,24,24.7,18,73,0,40.8,2,74.0,54,27.4,20,44.3,7,0,11.0,8,29,12,6.0,14.5,0.54,234,33,123,289,105,105,39,1,1,1,163,140,1,161,234,257,277,242,120,92,1,99,76,55,103,1,245,237,189,110,201,129,271,110,121,68,58,200,200,88,45,243,True
Jaylin Lucas,156396,HB,TULANE,4,1.1,1,85.7,,0,0,0,14.3,1,-0.05,1,319,0,53.4,82.3,66.0,74.7,51.0,0.0,0,0,26,10.0,4,40,0,41.0,6,87.5,35,17.5,7,89.3,7,0,15.0,6,38,33,5.5,6.3,1.09,16,89,112,112,,32,74,1,220,203,213,145,1,221,43,212,85,249,31,31,1,46,274,252,187,1,223,73,15,140,20,46,143,83,62,22,37,119,154,221,171,118,True
Chance Robinson,189448,WR,NC STATE,4,9.0,2,57.1,100.0,1,1,0,20.0,1,0.31,2,248,0,74.9,65.0,59.4,,57.8,0.0,0,1,13,0.0,0,49,1,50.0,4,98.0,48,2.0,1,31.0,7,0,98.0,48,35,14,3.5,8.8,0.73,38,549,162,534,1,182,394,1,662,447,201,522,1,281,526,543,,602,113,113,554,662,76,76,489,526,254,524,101,479,743,718,737,515,397,24,292,619,559,479,618,669,True
Jared Richardson,164680,WR,DUKE,4,12.9,2,71.4,100.0,1,1,0,0.0,0,0.11,3,154,0,76.3,65.7,60.4,70.2,62.8,0.0,0,0,28,2.8,2,71,3,45.6,5,93.0,66,19.7,14,150.0,7,1,80.3,57,82,19,3.8,16.4,1.24,38,264,162,273,1,182,394,1,1,1,383,436,1,229,485,516,7,432,113,113,1,395,11,5,365,760,427,462,522,367,438,388,59,515,173,325,248,427,507,449,189,509,True
Luke Harpring,189418,TE,FLORIDA,4,8.0,2,100.0,,0,0,0,0.0,0,0.58,5,163,0,78.5,66.7,73.2,72.7,79.5,58.3,28,0,22,20.8,10,48,0,61.4,7,70.8,34,29.2,14,118.8,7,0,8.3,4,97,41,5.9,13.9,2.85,17,111,30,1,,105,169,1,1,1,19,48,1,36,85,32,64,23,124,161,1,118,118,149,178,1,27,70,218,187,185,177,76,110,121,105,119,56,63,96,56,20,True
Xavier Watson,198323,TE,UCONN,4,11.3,0,71.4,,0,0,0,0.0,0,0.17,4,146,0,76.3,65.7,64.1,65.0,66.9,69.2,63,0,20,27.5,25,91,1,41.5,5,65.9,60,29.7,27,106.8,7,0,1.1,1,76,32,6.4,15.2,1.27,17,41,123,143,,105,169,1,1,1,143,66,1,67,126,106,166,85,54,25,1,135,58,24,61,167,239,109,246,95,178,82,122,110,121,247,202,80,88,78,36,118,True
Ryder Kusch,199283,TE,TEMPLE,4,6.1,0,57.1,,0,0,0,33.3,2,0.06,3,306,0,26.0,65.0,52.5,75.1,56.7,68.6,24,0,22,20.0,7,35,0,45.5,4,77.1,27,25.7,9,80.1,7,0,2.9,1,51,27,6.8,12.8,1.89,17,179,123,228,,105,169,1,266,273,184,89,1,279,154,230,30,182,57,186,1,118,124,195,231,1,181,140,160,227,209,231,212,110,121,209,202,130,114,68,80,64,True
Riley Wormley,199415,HB,USC,5,1.9,1,85.7,0.0,0,1,0,0.0,0,0.04,4,326,0,77.5,74.6,67.6,71.8,71.7,0.0,0,0,12,6.9,2,29,0,46.4,6,89.7,26,10.3,3,129.5,7,1,24.1,7,39,29,4.8,6.5,1.5,1,67,112,112,32,32,13,1,1,1,176,15,1,55,180,199,103,69,31,31,1,168,278,268,240,1,155,73,8,195,70,118,34,83,17,6,28,117,179,244,165,68,True
Jojo Phillips,175038,WR,BYU,3,4.9,1,71.4,,0,0,0,16.7,1,0.29,3,128,0,49.8,65.7,57.2,,56.6,0.0,0,0,12,0.0,0,51,0,58.0,5,98.0,50,25.5,13,124.4,7,1,74.5,38,39,27,5.4,7.8,0.78,572,713,293,273,,435,605,1,636,447,227,436,1,631,485,613,,636,113,113,1,681,76,76,475,1,103,462,101,460,355,402,180,515,173,408,354,596,424,267,671,652,True
Christian Bentancur,189360,TE,CLEMSON,4,6.0,2,71.4,,0,0,0,16.7,1,-0.42,3,140,0,49.8,65.7,58.7,69.0,60.1,46.6,34,0,27,19.2,14,73,2,29.2,5,74.0,54,45.2,33,129.8,7,1,8.2,6,48,19,3.8,9.6,0.89,17,183,30,143,,105,169,1,234,191,289,89,1,236,126,151,124,142,199,124,1,79,129,98,103,264,291,109,189,110,63,58,61,110,28,108,76,139,152,174,147,182,True
Chris Gacayan II,204360,TE,TULSA,5,9.7,0,57.1,100.0,1,1,0,20.0,1,-0.07,2,320,1,45.4,12.0,57.6,61.8,49.0,53.3,32,0,23,26.7,16,60,1,41.8,4,65.0,39,30.0,18,82.4,7,0,10.0,6,55,26,6.5,13.8,1.41,1,69,123,228,1,42,75,1,244,191,243,140,277,247,284,162,186,259,163,137,1,108,62,75,138,167,236,140,252,161,175,146,197,110,121,84,76,114,118,76,57,107,True
Brady Kluse,184714,WR,MEMPHIS,4,14.0,0,57.1,100.0,2,2,0,20.0,1,0.2,3,218,0,45.4,65.0,52.2,,55.4,0.0,0,0,40,0.0,0,59,1,50.9,4,96.6,57,10.2,6,101.8,7,0,89.8,53,89,14,3.5,22.3,1.56,38,200,492,534,1,90,242,1,662,447,306,436,1,662,526,718,,660,113,113,1,232,76,76,427,526,245,524,183,420,606,568,348,515,397,158,268,403,559,479,46,416,True
Jabari Bates,157835,HB,S JOSE ST,4,-2.6,2,71.4,0.0,0,1,0,16.7,1,0.08,1,285,0,49.8,85.5,79.1,87.4,62.9,0.0,0,0,14,71.7,76,106,0,42.7,5,28.3,30,1.9,2,87.8,7,0,0.0,0,44,62,12.4,8.8,1.47,16,233,57,204,32,32,13,1,230,203,159,145,1,227,5,44,1,143,31,31,1,139,1,1,17,1,200,102,286,172,227,152,150,83,62,228,228,100,68,39,89,72,True
Jamal Polite Jr.,218364,WR,IOWA STATE,3,13.9,0,42.9,0.0,0,2,0,40.0,2,-0.31,2,193,0,21.7,64.1,49.8,,51.4,0.0,0,2,34,0.0,0,43,0,35.0,3,93.0,40,16.3,7,71.1,7,1,83.7,36,56,22,7.3,18.7,1.4,572,207,492,684,435,435,242,1,748,662,714,522,1,756,580,750,,735,113,113,722,314,76,76,524,1,705,593,522,528,485,542,590,515,173,276,368,514,475,140,110,467,True
Cole Rusk,145753,TE,ARIZONA,3,11.3,1,85.7,,0,0,0,0.0,0,0.39,4,109,0,77.5,66.2,62.4,38.1,63.4,50.8,31,0,34,9.8,6,61,0,62.7,6,86.9,53,44.3,27,111.9,7,0,4.9,3,76,19,3.2,12.7,1.43,234,41,60,64,,105,169,1,1,1,55,66,1,52,105,117,256,114,178,145,1,45,237,211,135,1,23,92,48,115,67,82,108,110,121,164,136,80,152,208,83,104,True
Isaiah Ene,214583,HB,SACRAMENTO,5,-0.4,4,100.0,,0,0,0,0.0,0,-0.07,2,279,0,78.5,49.3,69.4,81.3,67.1,0.0,0,0,16,37.0,27,73,0,47.7,7,56.2,41,6.8,5,97.0,7,0,4.1,3,51,54,7.7,7.3,1.24,1,141,23,1,,32,74,1,1,1,217,87,1,35,256,163,35,95,31,31,1,120,55,36,63,1,135,53,249,105,118,72,106,83,62,143,87,83,93,154,135,97,True
Micah Mays Jr.,176078,WR,FLORIDA,3,9.6,1,42.9,0.0,0,1,0,40.0,2,-0.36,1,163,0,21.7,64.1,55.3,,53.4,0.0,0,1,16,0.0,0,29,0,33.3,3,93.1,27,34.5,10,10.7,7,0,65.5,19,16,12,4.0,5.3,0.59,572,506,293,684,435,435,394,1,748,662,730,627,1,756,580,664,,701,113,113,554,604,76,76,615,1,724,593,514,615,301,463,761,515,397,464,479,712,581,415,742,698,True
Eelijah Singleton,216212,WR,SO MISS,4,3.1,0,28.6,0.0,0,1,0,60.0,3,-0.49,1,296,0,8.2,63.7,43.2,,45.0,0.0,0,0,11,0.0,0,43,0,35.7,2,95.3,41,16.3,7,39.6,7,0,83.7,36,13,6,3.0,6.5,0.32,38,740,492,744,435,435,394,1,763,734,753,627,1,764,633,767,,767,113,113,1,693,76,76,524,1,695,671,282,523,485,542,715,515,397,276,368,722,657,515,707,742,True
Marshall Pritchett,198085,TE,ALABAMA,4,15.3,0,71.4,100.0,2,2,0,0.0,0,0.56,4,103,0,77.5,67.4,79.4,72.8,79.9,51.9,28,0,38,11.1,6,54,1,58.0,5,81.5,44,40.7,22,113.7,7,0,1.9,1,102,17,3.4,20.4,2.32,17,7,123,143,1,11,39,1,1,1,24,66,1,52,68,11,61,18,174,161,1,25,226,211,158,167,42,109,112,143,89,111,102,110,121,231,202,52,169,198,8,42,True
Marlion Jackson,162957,WR,VA TECH,4,14.7,2,57.1,100.0,1,1,0,20.0,1,0.17,3,337,0,45.4,65.0,54.4,,52.7,0.0,0,0,16,0.0,0,95,0,44.0,4,95.8,91,9.5,9,117.3,7,1,90.5,86,47,12,3.0,11.8,0.52,38,169,162,534,1,182,394,1,662,447,322,436,1,662,526,680,,718,113,113,1,604,76,76,224,1,495,524,240,211,614,494,230,515,173,146,110,557,581,515,428,717,True
Vance Spafford,216980,WR,MIAMI FL,4,13.9,0,71.4,100.0,1,1,0,16.7,1,0.63,4,220,0,49.8,65.7,71.9,,74.4,0.0,0,0,21,0.0,0,24,0,66.7,5,100.0,24,91.7,22,143.5,7,1,8.3,2,71,34,6.8,14.2,2.96,38,207,492,273,1,182,394,1,636,447,31,369,1,631,485,152,,114,113,113,1,509,76,76,653,1,24,462,1,639,66,280,89,515,173,688,721,462,380,171,298,112,True
Jason Jeffares,172216,TE,CHARLOTTE,4,3.3,0,85.7,100.0,1,1,0,0.0,0,-0.3,3,136,0,77.5,66.2,59.7,50.6,60.9,32.8,19,0,19,15.5,9,58,0,29.6,6,79.3,46,41.4,24,92.9,7,0,1.7,1,44,26,4.3,7.3,0.96,17,255,123,64,1,42,75,1,1,1,280,89,1,52,105,136,233,130,264,219,1,141,173,164,147,1,289,92,129,138,86,100,164,110,121,236,202,149,118,144,215,164,True
Javion Kinnard,204805,HB,S DIEGO ST,4,-2.3,1,85.7,0.0,0,1,0,0.0,0,-0.23,2,284,0,77.5,83.0,72.7,72.8,74.3,0.0,0,1,29,46.9,23,49,0,37.2,6,46.9,23,0.0,0,75.3,7,0,8.2,4,81,96,16.0,13.5,3.52,16,217,112,112,32,32,13,1,1,1,256,87,1,55,31,126,94,46,31,31,266,36,19,61,157,1,262,73,275,215,249,249,228,83,62,70,62,25,19,14,29,12,True
Maurice Turner,156329,HB,TULANE,4,5.6,1,57.1,,0,0,0,20.0,1,-0.22,2,319,0,45.4,43.2,72.1,44.0,52.1,1.8,1,0,44,21.1,12,57,2,36.4,4,77.2,44,15.8,9,137.5,7,1,5.3,3,81,64,16.0,20.3,1.84,16,16,112,261,,32,74,1,240,203,255,87,1,243,267,135,208,239,21,10,1,14,200,159,121,278,265,135,67,87,24,26,27,83,17,119,87,25,63,14,10,50,True
Benji Gosnell,157639,TE,VA TECH,4,4.4,0,57.1,,0,0,0,20.0,1,0.31,1,337,0,45.4,65.0,53.1,60.4,45.5,65.1,41,0,8,20.6,13,63,0,46.7,4,77.8,49,31.7,20,62.2,7,0,3.2,2,18,15,3.8,4.5,0.37,17,226,123,228,,105,169,1,244,191,84,200,1,247,154,224,193,279,81,102,1,252,119,106,130,1,168,140,151,126,164,129,250,110,121,204,166,245,183,174,271,266,True
Drayden Dickmann,173233,WR,WAKE,4,6.0,0,71.4,100.0,1,1,0,0.0,0,0.36,1,339,0,49.8,67.0,58.1,,54.8,0.0,0,0,12,0.0,0,59,0,52.8,5,89.8,53,28.8,17,85.4,7,0,71.2,42,40,20,4.0,8.0,0.75,38,676,492,273,1,182,394,1,1,1,164,627,1,631,408,588,,676,113,113,1,681,76,76,427,1,195,462,701,440,335,340,490,515,397,432,333,592,498,415,661,665,True
Terik Mulder,162265,TE,KENT STATE,4,4.6,0,57.1,0.0,0,1,0,20.0,1,0.03,2,201,0,45.4,65.0,54.8,32.5,51.5,56.3,40,1,21,14.1,10,71,0,43.9,4,78.9,56,35.2,25,33.3,7,0,8.5,6,39,20,5.0,9.8,0.7,17,218,123,228,105,105,75,1,244,191,198,140,1,247,154,201,271,240,141,104,256,125,193,149,112,1,198,140,136,106,136,94,283,110,121,103,76,166,147,115,142,225,True
Kelshaun Johnson,199993,WR,TEXAS A&M,3,8.6,0,57.1,100.0,1,1,0,0.0,0,-0.41,2,312,0,76.3,65.7,66.9,,67.0,0.0,0,1,12,0.0,0,27,0,39.1,4,85.2,23,70.4,19,30.4,7,0,29.6,8,34,3,0.8,8.5,1.48,572,579,492,534,1,182,394,1,1,1,741,522,1,229,485,282,,289,113,113,554,681,76,76,626,1,633,524,755,646,204,315,738,515,397,563,623,626,706,731,640,443,True
Caden Jensen,176351,TE,LA LAFAYET,2,10.0,0,85.7,50.0,1,2,0,0.0,0,0.15,4,207,0,77.5,66.2,74.1,23.8,77.9,78.4,29,1,25,16.2,6,37,1,48.5,6,75.7,28,13.5,5,74.7,7,0,8.1,3,80,29,4.8,13.3,2.86,275,61,123,64,70,42,39,1,1,1,151,66,1,52,105,31,283,31,18,157,256,92,163,211,226,167,140,92,171,223,270,268,225,110,121,111,136,72,103,128,63,19,True
Blake Smith,124341,TE,TEXAS ST,3,8.0,0,71.4,,0,0,0,0.0,0,-0.03,2,314,0,76.3,65.7,55.4,50.5,60.4,29.1,16,0,41,18.2,10,55,0,44.2,5,76.4,42,45.5,25,139.9,7,1,25.5,14,65,29,5.8,13.0,1.55,234,111,123,143,,105,169,1,1,1,224,140,1,67,126,192,234,138,272,240,1,17,136,149,156,1,195,109,164,149,60,94,44,110,28,7,12,97,103,97,70,91,True
Tucker Cusano,200022,WR,TEXAS ST,4,11.1,2,71.4,,0,0,0,0.0,0,0.27,4,314,0,76.3,65.7,59.5,,58.9,0.0,0,1,41,0.0,0,89,0,54.0,5,97.8,87,50.6,45,74.1,7,0,49.4,44,95,44,8.8,19.0,1.09,38,392,162,273,,435,605,1,1,1,240,369,1,229,485,537,,571,113,113,554,218,76,76,255,1,165,462,113,235,245,154,566,515,397,520,320,383,287,81,98,562,True
Carson Tabaracci,156138,TE,USC,5,5.0,1,71.4,,0,0,0,0.0,0,0.35,2,326,0,76.3,65.7,67.3,75.2,63.9,51.7,15,0,8,6.9,2,29,0,55.6,5,86.2,25,41.4,12,80.1,7,0,6.9,2,31,34,6.8,6.2,1.24,1,205,60,143,,105,169,1,1,1,70,140,1,67,126,69,29,108,175,245,1,252,250,259,246,1,58,109,56,234,86,200,212,110,121,135,166,188,80,68,242,123,True
Terrance Carter Jr.,156742,TE,TEXAS TECH,2,11.6,1,71.4,66.7,2,3,0,16.7,1,0.17,4,315,0,53.4,67.0,76.2,69.6,68.0,27.7,13,0,21,6.4,3,47,0,51.2,5,87.2,41,66.0,31,98.5,7,0,6.4,3,62,21,4.2,12.4,1.51,275,36,60,143,59,11,24,1,234,191,143,66,1,227,82,19,118,79,275,253,1,125,253,247,186,1,107,109,43,151,7,67,144,110,121,142,136,100,141,154,90,94,True
Jackson Holman,171851,WR,WYOMING,4,15.9,0,42.9,,0,0,0,0.0,0,-0.29,2,351,0,73.1,64.1,56.6,,57.2,5.8,3,1,13,0.0,0,52,0,42.3,3,100.0,52,11.5,6,15.5,7,0,82.7,43,29,5,1.7,9.7,0.56,38,124,492,684,,435,605,1,1,1,709,522,1,340,580,627,,619,10,14,554,662,76,76,471,1,552,593,1,450,574,568,759,515,397,294,330,649,675,672,580,705,True
Brock Chappell,172640,TE,LA LAFAYET,3,3.0,1,100.0,,0,0,0,0.0,0,0.22,5,207,0,78.5,66.7,65.5,54.8,75.1,68.5,50,0,37,16.4,12,73,0,52.3,7,72.6,53,27.4,20,110.7,7,0,4.1,3,74,53,7.6,10.6,1.4,234,259,60,1,,105,169,1,1,1,116,48,1,36,85,85,217,41,59,63,1,32,157,114,103,1,94,70,201,115,201,129,109,110,121,186,136,85,49,49,123,108,True
CJ Miller,159836,HB,TOLEDO,4,-3.6,1,71.4,,0,0,0,16.7,1,0.35,2,316,0,49.8,51.3,59.9,17.0,52.2,0.0,0,0,18,23.1,15,65,0,50.9,5,64.6,42,4.6,3,120.8,7,1,1.5,1,33,51,10.2,6.6,0.79,16,266,112,204,,32,74,1,230,203,69,87,1,227,249,270,271,238,31,31,1,100,181,123,99,1,95,102,190,100,157,118,47,83,17,213,164,136,99,82,161,174,True
Davion Gause,183328,HB,NC STATE,4,0.4,0,100.0,,0,0,0,0.0,0,0.38,4,248,0,78.5,78.2,67.8,32.4,67.6,0.0,0,0,21,28.8,19,66,0,54.7,7,69.7,46,6.1,4,109.5,7,0,4.5,3,72,69,9.9,10.3,1.57,16,106,204,1,,32,74,1,1,1,57,15,1,35,124,196,237,89,31,31,1,74,134,86,92,1,61,53,132,74,127,94,68,83,62,131,87,40,53,91,62,65,True
Chauncey Bowens,184550,HB,GEORGIA,4,-2.1,2,100.0,,0,0,0,0.0,0,0.58,4,173,0,78.5,44.1,72.5,83.6,87.5,0.0,0,0,25,21.6,11,51,0,59.6,7,72.5,37,5.9,3,158.3,7,1,2.0,1,114,129,18.4,16.3,3.08,16,216,57,1,,32,74,1,1,1,22,15,1,35,264,128,17,10,31,31,1,48,198,173,148,1,28,53,107,132,131,118,1,83,17,200,164,10,8,9,19,17,True
Kayleb Barnett,205487,WR,VANDERBILT,4,11.3,5,71.4,,0,0,0,0.0,0,-0.07,3,333,0,76.3,67.0,67.7,,70.7,0.0,0,1,12,0.0,0,27,1,37.5,5,88.9,24,37.0,10,47.0,7,0,63.0,17,42,53,10.6,8.4,1.75,38,373,36,273,,435,605,1,1,1,583,436,1,229,408,267,,181,113,113,554,681,76,76,626,526,665,462,715,639,289,463,689,515,397,479,504,581,241,53,646,349,True
Jason Fowler,188414,TE,N ILLINOIS,4,2.3,1,57.1,0.0,0,2,0,20.0,1,-0.48,1,254,0,45.4,65.0,51.7,64.9,51.0,61.3,46,0,18,28.0,21,75,1,31.0,4,68.0,51,38.7,29,69.3,7,0,0.0,0,33,31,7.8,8.3,0.65,17,273,60,228,105,105,39,1,244,191,290,200,1,247,154,240,167,250,109,75,1,154,55,32,97,167,288,140,239,123,107,75,243,110,121,254,254,182,93,43,186,230,True
George Dimopoulos,188413,WR,N ILLINOIS,4,8.9,2,85.7,100.0,1,1,0,0.0,0,-0.41,3,254,0,77.5,66.2,53.4,,56.5,0.0,0,0,36,0.0,0,96,0,40.2,6,95.8,92,46.9,45,112.5,7,0,53.1,51,77,32,5.3,12.8,0.84,38,560,162,77,1,182,394,1,1,1,741,436,1,191,449,707,,638,113,113,1,280,76,76,216,1,609,408,240,202,255,154,262,515,397,512,277,447,384,277,371,641,True
Ramone Green Jr.,171449,HB,MO STATE,4,6.9,0,71.4,,0,0,1,0.0,0,0.05,1,230,0,76.3,80.7,76.0,84.2,62.5,0.0,0,0,21,30.9,17,55,1,39.6,5,69.1,38,3.6,2,80.7,7,0,10.9,6,32,32,6.4,6.4,0.84,16,11,204,204,,32,74,279,1,1,169,145,1,73,82,77,14,149,31,31,1,74,102,109,128,245,242,102,139,124,181,152,191,83,62,41,37,147,159,191,169,161,True
Dyzier Carter,216973,WR,RUTGERS,4,11.6,0,57.1,,0,0,0,20.0,1,-0.18,1,278,0,45.9,65.0,55.4,,55.4,0.0,0,1,9,0.0,0,40,0,37.8,4,92.5,37,100.0,40,26.8,7,0,0.0,0,28,3,0.8,7.0,0.76,38,353,492,534,,435,605,1,662,447,655,627,1,654,526,660,,660,113,113,554,719,76,76,548,1,660,524,556,548,1,175,745,515,397,756,756,657,706,731,695,662,True
Cameron Dickey,184897,HB,TEXAS TECH,4,0.7,1,71.4,0.0,0,1,0,16.7,1,0.13,3,315,0,49.8,61.1,68.8,51.2,54.0,0.0,0,0,13,29.1,23,79,0,46.8,5,70.9,56,1.3,1,88.4,7,0,6.3,5,45,39,7.8,9.0,0.8,16,99,112,204,32,32,13,1,230,203,137,47,1,227,223,178,186,229,31,31,1,151,129,61,53,1,145,102,121,45,239,194,147,83,62,100,51,99,125,149,83,173,True
Kirby Vorhees,177229,HB,WASH STATE,4,-0.3,2,85.7,,0,0,0,0.0,0,-0.02,2,341,0,78.5,29.2,63.7,26.0,65.0,0.0,0,1,14,27.5,25,91,0,47.6,6,69.2,63,1.1,1,46.1,7,0,4.4,4,32,39,6.5,5.3,0.51,16,135,57,112,,32,74,1,1,1,199,87,1,35,280,242,256,125,31,31,266,139,142,48,31,1,136,73,136,32,246,194,269,83,62,137,62,147,125,187,196,225,True
Chris Corbo,159302,TE,GA TECH,4,3.9,1,71.4,,0,0,0,0.0,0,0.21,2,176,0,76.3,65.7,56.3,73.4,57.5,61.9,39,0,18,25.4,16,63,0,57.9,5,68.3,43,33.3,21,86.6,7,0,4.8,3,42,35,7.0,8.4,0.98,17,241,60,143,,105,169,1,1,1,122,140,1,67,126,180,48,175,104,105,1,154,67,75,130,1,44,109,236,146,148,120,186,110,121,168,136,158,76,60,184,160,True
DJ Scott,173804,HB,N DAK ST,4,-0.6,1,100.0,100.0,1,1,0,0.0,0,0.38,4,250,0,78.5,82.4,76.6,51.4,71.1,0.0,0,0,11,16.9,10,59,0,58.9,7,78.0,46,1.7,1,98.8,7,0,3.4,2,54,58,8.3,7.7,1.17,16,151,112,1,1,5,13,1,1,1,57,15,1,35,37,66,185,73,31,31,1,179,235,185,115,1,30,53,55,74,234,194,94,83,62,165,117,76,79,134,120,110,True
Kedrick Reescano,172525,HB,ARIZONA,4,0.4,1,85.7,,0,0,0,0.0,0,-0.02,1,109,0,78.5,81.3,72.1,79.6,57.4,0.0,0,0,12,24.1,20,83,1,47.5,6,72.3,60,6.0,5,83.3,7,0,8.4,7,28,20,3.3,4.7,0.47,16,106,112,112,,32,74,1,1,1,199,145,1,35,64,135,46,204,31,31,1,168,176,81,43,245,138,73,110,36,128,72,172,83,62,66,28,162,218,274,219,233,True
Danny Scudero,170781,WR,COLORADO,2,1.4,0,71.4,100.0,1,1,0,0.0,0,-0.42,0,143,0,76.3,69.1,54.1,,56.0,0.0,0,0,8,0.0,0,27,1,38.5,5,96.3,26,51.9,14,75.9,7,0,44.4,12,24,26,5.2,4.8,0.92,700,756,492,273,1,182,394,1,1,1,744,733,1,229,259,687,,649,113,113,1,731,76,76,626,526,645,462,202,623,242,388,551,515,397,530,569,677,432,289,752,614,True
Jacquon Gibson,158762,WR,VIRGINIA,4,2.9,2,71.4,0.0,0,1,0,0.0,0,0.12,3,335,0,76.3,67.9,66.6,,66.6,0.0,0,1,30,0.0,0,34,0,59.4,5,94.1,32,23.5,8,96.7,7,2,76.5,26,59,54,10.8,11.8,1.84,38,744,162,273,435,435,394,1,1,1,370,436,1,229,323,297,,305,113,113,554,369,76,76,581,1,84,462,406,580,386,523,396,515,71,378,428,501,235,46,428,326,True
Joshua Moore,200153,WR,MIAMI FL,3,11.4,0,100.0,100.0,1,1,0,0.0,0,0.55,5,220,0,78.5,66.7,72.9,,72.6,0.0,0,0,55,0.0,0,42,0,62.5,7,95.2,40,9.5,4,158.3,7,2,90.5,38,107,32,4.6,15.3,2.68,572,366,492,1,1,182,394,1,1,1,56,296,1,172,415,134,,144,113,113,1,93,76,76,528,1,47,360,290,528,614,629,1,515,71,146,354,343,384,362,233,143,True
Patrick Clacks III,188136,WR,BUFFALO,4,12.6,0,42.9,33.3,1,3,0,0.0,0,-0.05,2,126,0,39.5,64.1,48.1,,48.6,1.0,1,0,15,0.0,0,97,0,33.7,3,91.8,89,96.9,94,50.3,7,0,2.1,2,18,12,4.0,6.0,0.2,38,280,492,684,354,182,160,1,1,1,569,522,1,688,580,761,,761,82,40,1,626,76,76,207,1,722,593,609,225,21,38,675,515,397,751,721,702,581,415,718,757,True
Darrion Dupree,183656,HB,WISCONSIN,4,-0.6,5,85.7,,0,0,0,0.0,0,0.16,3,349,0,78.5,78.0,75.9,43.6,70.6,0.0,0,0,25,33.7,28,83,0,44.4,6,63.9,53,2.4,2,142.0,7,1,3.6,3,60,77,12.8,10.0,1.13,16,151,12,112,,32,74,1,1,1,126,47,1,35,129,79,211,78,31,31,1,48,75,33,43,1,177,73,194,53,217,152,22,83,17,158,87,65,41,36,68,114,True
Hunter Provience,176776,TE,NC STATE,4,13.6,0,57.1,,0,0,0,0.0,0,0.08,3,248,0,74.9,66.0,58.8,61.0,60.1,78.3,54,1,18,24.6,17,69,0,50.0,4,68.1,47,17.4,12,74.1,7,1,2.9,2,41,9,2.3,10.3,0.87,17,18,123,228,,105,169,1,1,1,176,89,1,85,121,148,192,142,19,45,256,154,78,66,118,1,115,140,237,133,251,200,227,110,28,209,166,159,222,233,129,188,True
Adam Parks,175683,TE,W MICHIGAN,4,2.3,0,100.0,,0,0,0,0.0,0,-0.02,2,347,0,78.5,66.7,60.7,67.4,53.3,71.1,54,0,11,19.7,15,76,0,41.7,7,77.6,59,22.4,17,92.3,7,0,3.9,3,43,27,3.9,6.1,0.73,17,273,123,1,,105,169,1,1,1,219,140,1,36,85,133,140,220,46,45,1,225,127,88,93,1,238,70,155,99,225,157,172,110,121,191,136,153,114,173,245,219,True
Garrett Mmahat,158421,WR,TULANE,4,9.7,1,57.1,,0,0,0,20.0,1,-0.37,3,319,0,45.4,65.0,56.4,,57.2,1.5,1,0,19,0.0,0,66,0,25.8,4,93.9,62,75.8,50,71.7,7,0,22.7,15,37,21,5.3,9.3,0.6,38,500,293,534,,435,605,1,662,447,736,436,1,662,526,634,,619,58,40,1,544,76,76,389,1,759,524,425,391,190,140,584,515,397,581,526,611,490,277,597,696,True
Jalen Hale,172377,WR,SMU,4,24.7,1,71.4,100.0,1,1,1,0.0,0,0.42,3,287,0,76.3,18.8,57.2,,61.6,0.0,0,0,64,0.0,0,87,1,58.5,5,94.3,82,10.3,9,113.7,7,0,89.7,78,141,76,15.2,28.2,1.72,38,8,293,273,1,182,394,744,1,1,124,436,1,229,752,613,,478,113,113,1,48,76,76,267,526,97,462,381,269,601,494,257,515,397,160,137,256,151,13,17,356,True
Malachi Henry,170550,WR,CINCINNATI,4,20.4,0,71.4,50.0,1,2,0,16.7,1,0.11,5,138,0,49.8,72.0,62.0,,59.9,0.0,0,0,56,0.0,0,88,0,48.8,5,94.3,83,11.4,10,153.3,7,1,87.5,77,134,14,2.8,26.8,1.61,38,29,492,273,228,182,242,1,636,447,383,296,1,631,95,461,,532,113,113,1,86,76,76,259,1,314,462,381,263,575,463,48,515,173,206,140,272,559,552,22,394,True
Daniel Hill,184536,HB,ALABAMA,4,3.6,2,85.7,100.0,1,1,0,0.0,0,0.68,1,103,0,77.5,81.7,76.4,28.8,58.2,1.2,1,0,19,22.6,19,84,0,64.9,6,69.0,58,8.3,7,96.4,7,0,9.5,8,50,22,3.7,8.3,0.86,16,32,57,112,1,5,13,1,1,1,11,145,1,55,56,70,247,194,24,10,1,90,187,86,39,1,8,73,141,39,98,46,107,83,62,52,21,85,209,265,100,153,True
Tyler Little,172200,TE,ARK STATE,4,9.5,0,33.3,100.0,1,1,0,33.3,1,-0.15,0,113,0,31.6,62.9,33.6,38.9,38.9,93.2,55,0,7,33.9,20,59,0,50.9,2,66.1,39,6.8,4,42.4,6,0,0.0,0,9,2,1.0,4.5,0.23,17,72,123,276,1,42,75,1,266,191,262,266,1,267,234,293,255,291,5,41,1,262,29,39,143,1,109,237,245,161,285,275,272,140,121,254,254,272,274,267,271,281,True
Reece Adkins,121620,TE,UMASS,4,4.5,1,100.0,100.0,1,1,0,0.0,0,0.24,2,216,0,53.4,68.5,64.9,75.5,53.2,73.6,53,0,25,16.7,12,72,1,43.3,6,77.8,56,16.7,12,99.3,6,0,6.9,5,47,20,3.3,7.8,0.84,17,222,60,1,1,42,75,1,1,1,110,140,1,227,39,96,25,221,38,53,1,92,151,114,108,167,208,92,151,106,254,200,139,140,121,135,99,140,147,203,200,191,True
Braydon Bennett,122318,HB,E MICHIGAN,5,-4.3,2,83.3,,0,0,0,16.7,1,-0.2,3,160,0,49.8,50.6,73.1,64.6,61.6,0.0,0,0,22,17.6,9,51,0,34.0,5,76.5,39,9.8,5,100.7,6,0,5.9,3,49,70,14.0,9.8,1.26,1,277,57,123,,32,74,1,230,203,251,47,1,227,254,119,136,160,31,31,1,67,232,198,148,1,269,102,73,115,80,72,90,108,62,103,87,89,52,23,75,94,True
Logan Mauldin,122348,TE,CHARLOTTE,4,4.7,1,50.0,,0,0,0,40.0,2,-0.06,1,136,0,26.0,65.0,43.2,74.1,47.1,36.0,18,1,16,18.0,9,50,1,46.7,3,78.0,39,54.0,27,22.9,6,0,2.0,1,27,19,6.3,9.0,0.69,17,216,60,244,,105,169,1,286,273,240,200,1,279,154,285,37,271,251,228,256,171,140,164,174,167,168,189,148,161,21,82,288,140,121,229,202,208,152,81,165,227,True
Cole Adams,134273,WR,VANDERBILT,4,8.0,0,50.0,50.0,1,2,0,25.0,1,-0.18,1,333,0,39.5,66.8,56.4,,54.1,0.0,0,0,16,0.0,0,30,0,42.9,3,93.3,28,66.7,20,66.0,6,0,33.3,10,32,13,4.3,10.7,1.14,38,609,492,602,228,182,242,1,703,447,655,627,1,688,414,634,,687,113,113,1,604,76,76,608,1,534,593,488,608,212,306,626,549,397,555,595,636,574,384,504,542,True
Jett Carpenter,141520,TE,TEXAS TECH,4,3.5,2,100.0,,0,0,0,0.0,0,0.24,3,315,1,77.5,15.1,68.0,74.2,58.8,48.1,25,0,21,21.2,11,52,0,58.0,6,75.0,39,40.4,21,109.0,6,0,3.8,2,61,40,6.7,10.2,1.56,17,253,30,1,,105,169,1,1,1,110,89,277,52,280,67,36,153,194,179,1,125,111,131,170,1,42,92,177,161,94,120,116,140,121,192,166,102,67,72,133,87,True
Alex Honig,144681,TE,NWESTERN,3,10.7,0,83.3,,0,0,0,0.0,0,0.66,5,256,0,76.3,65.7,74.5,27.6,85.6,60.0,24,0,21,12.5,5,40,0,64.9,5,85.0,34,32.5,13,158.3,6,1,5.0,2,79,32,6.4,15.8,2.32,234,50,123,75,,105,169,1,1,1,11,48,1,67,126,29,281,7,113,186,1,125,208,219,221,1,13,109,64,187,155,190,1,140,28,161,166,74,88,78,30,42,True
Ben Ford,145989,WR,BOISE ST,4,8.5,1,83.3,,0,0,0,0.0,0,0.35,2,120,0,76.3,65.7,69.1,60.9,66.9,0.0,0,0,17,3.8,1,26,0,72.0,5,92.3,24,30.8,8,136.1,6,1,69.2,18,43,9,1.8,8.6,1.79,38,585,293,91,,435,605,1,1,1,171,522,1,229,485,230,69,294,113,113,1,588,5,16,635,1,9,462,571,639,323,523,121,549,173,442,494,575,621,664,635,337,True
La'Vell Wright,146736,HB,PITTSBURGH,3,1.8,1,50.0,,0,0,0,0.0,0,0.14,1,268,0,73.1,79.3,73.2,83.8,61.4,0.0,0,0,18,22.6,7,31,0,46.7,3,74.2,23,9.7,3,66.7,6,0,0.0,0,33,28,9.3,11.0,1.43,231,72,112,267,,32,74,1,1,1,134,145,1,132,105,118,16,162,31,31,1,100,187,227,234,1,148,186,94,215,81,118,250,108,62,228,228,136,182,101,45,75,True
Xavier Brown,156371,HB,VIRGINIA,4,4.0,1,100.0,,0,0,0,0.0,0,0.39,3,335,0,77.5,77.8,68.9,29.6,77.0,0.0,0,0,45,30.0,9,30,0,55.2,6,66.7,20,10.0,3,158.3,6,1,3.3,1,79,55,9.2,13.2,3.95,16,29,112,1,,32,74,1,1,1,56,47,1,55,132,175,242,32,31,31,1,12,112,198,238,1,58,73,167,233,74,118,1,108,17,167,164,29,86,105,30,9,True
Mudia Reuben,157258,WR,USF,4,18.2,0,33.3,0.0,0,1,0,0.0,0,-0.19,0,327,0,70.7,62.9,55.7,,52.2,0.0,0,0,14,0.0,0,51,0,40.8,2,96.1,49,17.6,9,43.8,6,0,82.4,42,20,7,3.5,10.0,0.41,38,63,492,718,435,435,394,1,1,1,661,733,1,415,636,650,,723,113,113,1,647,76,76,475,1,591,671,216,472,462,494,699,549,397,299,333,694,649,479,556,733,True
Ty Claiborne,157569,WR,IOWA STATE,4,9.2,0,66.7,0.0,0,1,0,0.0,0,0.17,3,193,0,74.9,65.0,64.9,65.6,62.3,7.3,3,0,17,4.9,2,41,0,43.2,4,85.4,35,68.3,28,91.0,6,0,24.4,10,48,34,8.5,12.0,1.37,38,536,492,330,435,435,394,1,1,1,322,436,1,281,526,363,18,445,5,14,1,588,4,5,539,1,525,524,752,563,209,231,443,549,397,573,595,552,380,93,416,479,True
Brayden Loftin,157773,TE,UCLA,4,12.0,0,66.7,0.0,0,1,0,0.0,0,-0.07,2,324,0,74.9,65.0,61.1,62.8,53.7,55.3,42,1,27,21.1,16,76,1,43.7,4,75.0,57,27.6,21,58.3,6,0,17.1,13,58,16,4.0,14.5,1.02,17,30,123,165,105,105,75,1,1,1,243,140,1,85,154,127,180,217,151,96,256,79,115,75,93,167,201,140,177,103,200,120,256,140,121,22,15,111,177,162,45,153,True
Bert Emanuel Jr.,158581,WR,S DIEGO ST,3,8.8,1,83.3,100.0,2,2,0,0.0,0,-0.36,2,284,0,77.5,70.1,68.5,,62.9,0.0,0,1,34,0.0,0,55,0,34.6,5,94.5,52,23.6,13,68.8,6,0,76.4,42,60,14,2.8,12.0,1.15,572,563,293,91,1,90,242,1,1,1,730,522,1,191,179,241,,423,113,113,554,314,76,76,450,1,717,462,356,450,384,402,603,549,397,380,333,495,559,552,416,536,True
Victor Rosa,158629,HB,OHIO,4,-1.7,2,100.0,,0,0,0,0.0,0,0.15,1,259,0,77.5,81.7,64.2,78.3,67.0,0.0,0,0,11,35.2,25,71,0,50.0,6,63.4,45,1.4,1,84.7,6,0,5.6,4,26,36,6.0,4.3,0.58,16,194,57,1,,32,74,1,1,1,129,145,1,55,56,235,58,97,31,31,1,179,68,48,71,1,97,73,200,80,238,194,168,108,62,110,62,171,139,201,229,204,True
Jamar Curtis,159741,HB,SACRAMENTO,4,-2.8,0,83.3,,0,0,0,0.0,0,-0.03,0,279,0,76.3,48.7,65.0,26.1,58.1,0.0,0,0,6,26.1,18,69,0,48.5,5,72.5,50,2.9,2,79.2,6,0,1.4,1,12,22,4.4,2.4,0.24,16,235,204,123,,32,74,1,1,1,204,233,1,73,257,222,255,195,31,31,1,256,157,96,77,1,130,102,107,67,202,152,199,108,62,216,164,242,209,250,266,268,True
Jo'Shon Barbie,160174,HB,MARSHALL,4,-3.3,0,83.3,,0,0,0,0.0,0,-0.08,1,214,0,76.3,51.3,65.0,67.9,61.3,0.0,0,0,8,33.3,27,81,0,43.1,5,61.7,50,12.3,10,122.2,6,1,8.6,7,23,42,8.4,4.6,0.46,16,251,204,123,,32,74,1,1,1,220,145,1,73,249,222,120,165,31,31,1,231,76,36,47,1,195,102,218,67,47,19,44,108,17,61,28,184,117,129,222,238,True
Preston Howard,162794,TE,MARYLAND,3,5.0,1,50.0,0.0,0,2,0,0.0,0,0.18,2,215,0,73.1,64.1,52.9,72.3,55.0,55.7,34,0,20,18.0,11,61,0,52.5,3,80.3,49,44.3,27,71.5,6,0,0.0,0,40,31,10.3,13.3,0.82,234,205,60,244,105,105,39,1,1,1,137,140,1,114,198,226,76,203,148,124,1,135,140,131,135,1,90,189,122,126,67,82,232,140,121,254,254,162,93,13,63,196,True
Joseph Himon II,162843,HB,NWESTERN,3,13.0,2,66.7,0.0,0,1,0,0.0,0,0.61,4,256,0,74.9,74.4,81.8,73.2,77.8,0.0,0,0,25,11.5,3,26,0,60.0,4,84.6,22,7.7,2,139.6,6,3,3.8,1,61,33,8.3,15.3,2.77,231,2,57,217,32,32,13,1,1,1,18,15,1,98,184,27,93,31,31,31,1,48,267,263,251,1,23,135,24,226,104,152,26,108,2,149,164,60,154,134,23,20,True
Kaleb Brown,162861,WR,UAB,3,14.8,0,33.3,100.0,1,1,0,33.3,1,-0.01,1,321,0,32.3,65.3,55.2,,53.0,0.0,0,0,13,0.0,0,38,0,44.4,2,94.7,36,50.0,19,43.8,6,0,50.0,19,20,8,4.0,10.0,0.56,572,162,492,718,1,182,394,1,730,447,537,627,1,723,522,667,,710,113,113,1,662,76,76,556,1,480,671,330,554,246,315,699,549,397,516,479,694,634,415,556,705,True
Jalen Buckley,163158,HB,W MICHIGAN,4,-4.8,5,83.3,,0,0,0,0.0,0,-0.14,1,347,0,76.3,81.9,76.6,55.3,72.7,0.0,0,0,27,32.7,18,55,0,40.8,5,60.0,33,1.8,1,93.1,6,0,3.6,2,38,65,13.0,7.6,1.15,16,279,12,123,,32,74,1,1,1,237,145,1,73,53,66,172,60,31,31,1,42,84,96,128,1,225,102,229,153,230,194,126,108,62,158,117,119,60,32,128,112,True
Zach Mundell,163208,WR,ARMY,3,15.3,1,66.7,,0,0,0,20.0,1,0.31,1,114,1,45.4,71.7,84.7,,69.2,0.0,0,0,24,0.0,0,12,0,50.0,4,91.7,11,41.7,5,127.1,6,1,33.3,4,43,8,2.0,10.8,3.91,572,143,293,330,,435,605,1,662,447,201,627,716,662,106,19,,230,113,113,1,463,76,76,745,1,254,524,618,746,265,597,172,549,173,555,683,575,634,641,497,45,True
Larry Simmons,163666,WR,UTAH,4,9.7,3,83.3,,0,0,0,0.0,0,0.27,5,328,0,76.3,65.7,79.2,,79.4,0.0,0,0,26,0.0,0,28,0,50.0,5,92.9,26,25.0,7,118.8,6,0,75.0,21,95,42,8.4,19.0,3.65,38,500,104,91,,435,605,1,1,1,240,296,1,229,485,46,,47,113,113,1,430,76,76,622,1,254,462,531,623,359,542,206,549,397,401,459,383,305,97,98,56,True
Elijah Sessoms,164548,TE,DELAWARE,4,10.3,0,66.7,0.0,0,1,0,0.0,0,0.07,3,151,0,74.9,65.0,56.3,68.4,58.0,45.1,37,0,27,13.4,11,82,0,46.8,4,81.7,67,51.2,42,99.3,6,0,1.2,1,60,18,4.5,15.0,0.9,17,54,123,165,105,105,75,1,1,1,182,89,1,85,154,180,132,166,207,112,1,79,201,131,81,1,165,140,110,66,34,31,139,140,121,243,202,104,163,140,39,176,True
DeKalon Taylor,168419,HB,COLORADO,4,-3.7,3,100.0,,0,0,0,0.0,0,-0.03,1,143,0,79.3,77.6,68.0,53.5,76.6,0.0,0,0,17,32.2,19,59,0,43.6,6,64.4,38,3.4,2,102.1,6,0,6.8,4,51,73,12.2,8.5,1.34,16,268,37,1,,32,74,1,1,1,204,145,1,25,137,192,183,34,31,31,1,111,92,86,115,1,189,73,191,124,187,152,83,108,62,88,62,83,45,42,97,82,True
Olsen Patt-Henry,170022,TE,CLEMSON,4,3.7,1,100.0,100.0,1,1,0,0.0,0,-0.33,2,140,0,77.5,66.2,60.9,58.5,57.0,55.4,51,0,24,22.8,21,92,0,36.5,6,73.9,68,35.9,33,106.3,6,0,8.7,8,57,35,5.8,9.5,0.84,17,247,60,1,1,42,75,1,1,1,286,140,1,52,105,129,200,179,150,59,1,99,94,32,59,1,273,92,192,59,130,58,124,140,121,102,58,112,76,97,150,191,True
Malachi Coleman,170221,WR,WISCONSIN,3,13.8,1,66.7,,0,0,0,0.0,0,0.1,4,349,0,74.9,65.0,64.8,,66.2,0.0,0,0,28,0.0,0,44,0,46.5,4,97.7,43,11.4,5,149.3,6,1,88.6,39,76,11,2.8,19.0,1.77,572,213,293,330,,435,605,1,1,1,397,369,1,281,526,366,,319,113,113,1,395,76,76,517,1,398,524,118,513,575,597,63,549,173,185,350,448,598,552,98,345,True
Logan Blake,170307,TE,RUTGERS,4,3.7,0,66.7,0.0,0,2,0,0.0,0,0.19,0,278,0,76.3,65.7,65.3,73.0,47.4,97.7,84,0,7,18.6,16,86,0,50.0,4,74.4,64,1.2,1,75.0,6,0,1.2,1,25,10,2.5,6.3,0.39,17,247,123,165,105,105,39,1,1,1,132,266,1,67,126,89,53,267,2,6,1,262,132,75,71,1,115,140,187,77,288,285,223,140,121,243,202,212,213,228,235,264,True
Samari Howard,170984,WR,ARMY,3,11.8,0,83.3,,0,0,0,0.0,0,0.4,2,114,0,76.3,75.4,71.8,,75.3,5.6,1,0,33,0.0,0,18,0,62.5,5,88.9,16,22.2,4,109.7,6,0,44.4,8,62,27,5.4,12.4,3.88,572,340,492,91,,435,605,1,1,1,138,522,1,229,60,154,,94,11,40,1,324,76,76,708,1,47,462,715,714,400,629,288,549,397,530,623,481,424,267,390,46,True
Reed Swanson,171994,WR,BOSTON COL,3,25.8,0,16.7,0.0,0,3,0,0.0,0,0.22,1,121,0,66.7,61.0,59.0,,59.0,0.0,0,0,18,0.0,0,21,0,45.0,1,95.2,20,33.3,7,39.6,6,0,66.7,14,18,6,6.0,18.0,0.9,572,6,492,762,435,435,160,1,1,1,285,627,1,496,681,555,,565,113,113,1,563,76,76,677,1,464,736,290,677,305,542,715,549,397,455,542,702,657,227,130,623,True
Durell Robinson,172220,HB,COLO STATE,4,2.2,2,66.7,,0,0,0,0.0,0,0.24,0,144,0,74.9,81.1,75.1,36.8,63.3,0.0,0,0,9,35.7,35,98,1,46.7,4,59.2,58,3.1,3,76.4,6,0,5.1,5,27,29,7.3,6.8,0.47,16,57,57,217,,32,74,1,1,1,101,233,1,98,70,93,229,138,31,31,1,213,64,14,22,245,148,135,234,39,195,118,225,108,62,122,51,169,179,166,155,233,True
TJ Lott,172287,WR,TROY,3,15.3,0,33.3,33.3,1,3,0,33.3,1,0.34,2,318,0,17.0,62.9,53.3,,53.0,0.0,0,0,18,0.0,0,36,0,44.1,2,94.4,34,33.3,12,89.6,6,1,66.7,24,29,3,1.5,14.5,0.85,572,143,492,718,354,182,160,1,730,447,179,522,1,760,636,708,,710,113,113,1,563,76,76,571,1,490,671,364,572,305,425,461,549,173,455,438,649,706,687,278,638,True
PJ Martin,172310,HB,S ALABAMA,4,-3.8,6,100.0,,0,0,0,0.0,0,0.36,1,288,0,78.5,84.0,78.9,16.3,61.5,0.0,0,0,27,17.1,12,70,0,53.1,6,74.3,52,5.7,4,89.6,6,0,10.0,7,33,56,9.3,5.5,0.63,16,270,7,1,,32,74,1,1,1,65,145,1,35,21,46,273,161,31,31,1,42,233,159,73,1,79,73,91,58,138,94,142,108,62,49,28,136,83,101,191,192,True
Davion Dozier,172404,WR,NC STATE,3,9.3,0,66.7,0.0,0,1,0,0.0,0,0.08,2,248,0,74.9,65.0,66.7,,66.1,0.0,0,0,13,0.0,0,20,0,47.1,4,85.0,17,5.0,1,81.9,6,0,95.0,19,35,9,2.3,8.8,2.06,572,527,492,330,435,435,394,1,1,1,415,522,1,281,526,292,,323,113,113,1,662,76,76,686,1,372,524,756,704,704,718,513,549,397,62,479,619,621,614,618,272,True
Jeremiah Cobb,172443,HB,AUBURN,4,-2.5,0,100.0,,0,0,0,0.0,0,-0.07,1,115,0,77.5,55.9,71.1,78.2,59.9,0.0,0,0,11,39.8,37,93,0,41.6,6,59.1,55,4.3,4,87.5,6,0,1.1,1,30,45,7.5,5.0,0.55,16,230,204,1,,32,74,1,1,1,217,145,1,55,238,148,59,177,31,31,1,179,39,12,29,1,216,73,235,48,168,94,152,108,62,223,164,159,113,158,208,211,True
London Humphreys,172616,WR,GEORGIA,4,10.2,0,66.7,0.0,0,1,0,20.0,1,0.48,1,173,0,50.3,65.7,64.9,,56.3,0.0,0,0,8,0.0,0,37,0,62.9,4,94.6,35,21.6,8,113.2,6,1,78.4,29,23,17,4.3,5.8,0.66,38,463,492,330,435,435,394,1,662,447,89,627,1,626,485,363,,644,113,113,1,731,76,76,561,1,46,524,345,563,408,523,258,549,173,351,408,679,524,384,735,683,True
Re'Shaun Sanford II,173055,HB,HOUSTON,4,0.3,4,100.0,,0,0,0,0.0,0,0.55,3,182,0,77.5,80.3,75.3,52.4,80.1,0.0,0,0,27,29.0,18,62,0,62.1,6,66.1,41,1.6,1,118.8,6,0,0.0,0,75,73,12.2,12.5,1.83,16,112,23,1,,32,74,1,1,1,28,47,1,55,90,90,184,26,31,31,1,42,130,96,105,1,17,73,177,105,235,194,49,108,62,228,228,37,45,42,33,51,True
Rod Robinson II,173542,HB,UAB,4,3.3,3,50.0,,0,0,0,25.0,1,0.0,2,321,0,39.5,83.7,78.0,83.0,54.9,0.0,0,0,20,38.6,22,57,0,48.1,3,57.9,33,1.8,1,106.9,6,1,7.0,4,34,25,8.3,11.3,1.03,16,36,37,267,,32,74,1,253,203,187,87,1,254,24,55,22,227,31,31,1,82,43,70,121,1,132,186,243,153,230,194,71,108,17,85,62,134,195,134,41,127,True
Lawson Luckie,173544,TE,GEORGIA,4,7.2,2,83.3,,0,0,0,0.0,0,0.47,3,173,0,77.5,66.2,76.0,59.3,72.1,47.6,20,1,33,16.7,7,42,0,63.2,5,78.6,33,40.5,17,113.9,6,1,11.9,5,68,48,9.6,13.6,2.06,17,146,30,75,,105,169,1,1,1,40,89,1,52,105,20,197,55,197,214,256,50,151,195,208,1,21,109,141,194,92,157,100,140,28,59,99,94,53,21,59,56,True
Kaden Feagin,174024,TE,ILLINOIS,4,6.8,0,33.3,0.0,0,1,0,0.0,0,0.61,0,187,0,70.7,62.9,49.4,69.3,46.8,64.6,31,0,5,12.5,6,48,0,65.1,2,77.1,37,31.3,15,42.4,6,0,2.1,1,9,10,5.0,4.5,0.24,17,157,123,276,105,105,75,1,1,1,15,266,1,161,234,257,120,272,88,145,1,283,208,211,178,1,10,237,160,170,167,167,272,140,121,226,202,272,213,115,271,277,True
Benjamin Hall,174038,HB,N CAROLINA,3,-0.5,1,66.7,,0,0,0,20.0,1,0.1,2,245,0,45.4,50.2,69.2,81.8,54.5,0.0,0,0,26,30.2,13,43,0,41.9,4,69.8,30,2.3,1,126.4,6,2,2.3,1,42,55,13.8,10.5,1.4,231,146,112,217,,32,74,1,240,203,152,87,1,243,255,168,33,228,31,31,1,46,111,147,176,1,211,135,130,172,219,194,38,108,4,193,164,108,86,25,57,79,True
DeAngelo Irvin Jr.,174074,WR,UNLV,3,9.3,0,50.0,0.0,0,1,0,0.0,0,-0.22,2,325,0,74.9,75.2,60.8,,60.2,0.0,0,0,15,0.0,0,53,0,36.7,3,92.5,49,24.5,13,64.6,6,0,75.5,40,30,5,1.7,10.0,0.61,572,527,492,602,435,435,394,1,1,1,679,522,1,281,62,505,,521,113,113,1,626,76,76,462,1,681,593,556,472,367,402,628,549,397,396,340,647,675,672,556,691,True
Maurice Brown II,174318,TE,S CAROLINA,4,4.2,0,83.3,0.0,0,1,0,0.0,0,0.22,2,289,0,76.3,67.2,59.2,75.3,56.7,32.6,15,0,19,23.9,11,46,1,53.5,5,69.6,32,30.4,14,132.6,6,1,0.0,0,38,18,3.6,7.6,1.19,17,234,123,75,105,105,75,1,1,1,116,140,1,67,71,143,27,182,265,245,1,141,87,131,189,167,81,109,225,198,173,177,56,140,28,254,254,170,163,183,212,127,True
Dawson Pendergrass,174637,HB,BAYLOR,4,-2.3,1,83.3,,0,0,0,0.0,0,0.15,2,118,0,76.3,85.0,77.3,58.7,65.3,0.0,0,0,19,29.8,25,84,1,39.2,5,63.1,53,6.0,5,86.8,6,0,1.2,1,29,39,7.8,5.8,0.55,16,217,112,123,,32,74,1,1,1,129,87,1,73,9,62,159,121,31,31,1,90,116,48,39,245,246,102,202,53,128,72,157,108,62,222,164,161,125,149,187,211,True
George Burhenn,174950,TE,PURDUE,3,15.8,0,83.3,100.0,1,1,0,0.0,0,0.86,4,273,0,76.3,65.7,69.6,63.4,84.6,75.6,31,0,30,22.0,9,41,1,55.6,5,65.9,27,12.2,5,158.3,6,1,12.2,5,90,22,4.4,18.0,3.33,234,6,123,75,1,42,75,1,1,1,3,66,1,67,126,53,176,8,28,145,1,60,102,164,216,167,58,109,246,227,275,268,1,140,28,57,99,60,137,142,18,11,True
Tanner Lemaster,175154,TE,E MICHIGAN,5,6.7,0,66.7,100.0,1,1,0,0.0,0,0.0,2,160,0,74.9,65.0,64.7,71.5,58.0,45.3,24,0,23,15.1,8,53,1,38.8,4,81.1,43,50.9,27,86.1,6,0,3.8,2,41,14,3.5,10.3,0.95,1,161,123,165,1,42,75,1,1,1,212,140,1,85,154,99,92,166,206,186,1,108,181,185,164,167,265,140,115,146,35,82,188,140,121,192,166,159,185,190,129,166,True
Vic Listorti,175247,HB,NAVY,3,11.3,1,50.0,50.0,1,2,0,25.0,1,-0.03,2,237,0,45.4,37.7,66.0,77.5,57.3,0.0,0,0,39,45.1,23,51,0,36.7,3,52.9,27,0.0,0,81.9,6,0,0.0,0,55,18,6.0,18.3,2.04,231,3,112,267,27,5,5,1,253,203,204,87,1,243,271,212,64,206,31,31,1,20,25,61,148,1,264,186,259,189,249,249,182,108,62,228,228,74,225,201,15,43,True
Donovan Faupel,175668,WR,ARKANSAS,4,12.8,0,66.7,33.3,1,3,0,0.0,0,0.28,2,111,0,74.9,65.0,59.5,,58.3,0.0,0,0,23,0.0,0,59,0,51.8,4,94.9,56,10.2,6,99.3,6,0,89.8,53,60,17,4.3,15.0,1.07,38,268,492,330,354,182,160,1,1,1,236,522,1,281,526,537,,584,113,113,1,481,76,76,427,1,219,524,315,424,606,568,366,549,397,158,268,495,524,384,245,570,True
Nick Delgadillo,175695,WR,HAWAII,4,6.3,0,66.7,,0,0,0,0.0,0,-0.24,2,180,0,74.9,65.0,56.6,,60.4,0.0,0,0,14,0.0,0,34,1,37.5,4,94.1,32,8.8,3,79.9,6,0,91.2,31,32,10,2.5,8.0,1.0,38,667,492,330,,435,605,1,1,1,687,522,1,281,526,627,,515,113,113,1,647,76,76,581,526,665,524,406,580,633,658,522,549,397,128,399,636,609,588,661,587,True
Jalen Hoffman,176255,TE,MICHIGAN,4,4.0,1,50.0,50.0,1,2,0,0.0,0,-0.1,0,222,0,73.1,64.1,50.4,71.8,51.6,34.0,17,1,13,14.0,7,50,0,40.4,3,82.0,41,48.0,24,21.5,6,0,8.0,4,25,13,4.3,8.3,0.61,17,238,60,244,70,42,39,1,1,1,251,266,1,114,198,251,86,239,256,233,256,200,195,195,174,1,248,189,101,151,50,100,289,140,121,113,119,212,195,144,186,231,True
Jackson Grier,176322,WR,APP STATE,4,3.0,2,100.0,,0,0,0,0.0,0,0.91,4,108,0,77.5,77.8,77.9,,74.0,0.0,0,0,16,0.0,0,19,0,77.8,6,94.7,18,52.6,10,141.7,6,1,36.8,7,51,39,6.5,8.5,2.83,38,741,162,1,,435,605,1,1,1,4,369,1,191,29,57,,123,113,113,1,604,76,76,701,1,2,408,330,693,240,463,97,549,173,546,636,542,335,188,640,128,True
Ricky Ahumaraeze,176505,WR,NWESTERN,3,12.7,0,50.0,,0,0,0,0.0,0,0.52,3,256,0,74.9,65.0,61.0,,61.6,0.0,0,0,24,0.0,0,59,1,60.0,3,93.2,55,5.1,3,83.3,6,0,94.9,56,57,7,2.3,19.0,1.04,572,277,492,602,,435,605,1,1,1,71,436,1,281,526,496,,478,113,113,1,463,76,76,427,526,72,593,506,429,701,658,506,549,397,65,255,508,649,614,98,580,True
Caleb Komolafe,176513,HB,NWESTERN,3,-3.2,2,100.0,,0,0,0,0.0,0,0.43,2,256,1,77.5,45.4,64.2,7.3,51.5,0.0,0,0,25,30.8,12,39,1,59.5,6,66.7,26,0.0,0,109.0,6,0,0.0,0,61,80,13.3,10.2,2.35,231,245,57,1,,32,74,1,1,1,47,87,274,55,261,235,278,245,31,31,1,48,104,159,192,245,29,73,167,195,249,249,69,108,62,228,228,60,37,29,66,35,True
Brandon Hills,176677,WR,AKRON,3,7.2,1,66.7,0.0,0,1,0,20.0,1,0.1,3,102,0,45.9,70.3,58.6,30.8,60.6,2.1,1,0,15,0.0,0,47,0,51.1,4,95.7,45,6.4,3,92.4,6,0,91.5,43,50,19,4.8,12.5,1.11,572,640,293,330,435,435,394,1,662,447,397,436,1,654,166,567,77,508,44,40,1,626,76,76,502,1,236,524,257,497,684,658,433,549,397,118,330,545,507,332,383,556,True
Jalen Jones,178039,WR,TEXAS TECH,4,6.0,0,66.7,0.0,0,1,0,0.0,0,-0.33,1,315,0,74.9,67.6,61.3,,67.0,0.0,0,0,11,0.0,0,25,1,39.1,4,92.0,23,100.0,25,75.7,6,0,0.0,0,26,16,4.0,6.5,1.13,38,676,492,330,435,435,394,1,1,1,721,627,1,281,351,485,,289,113,113,1,693,76,76,642,526,633,524,590,646,1,256,554,549,397,756,756,667,536,415,707,547,True
Wesley Campbell VI,178477,TE,GA STATE,3,10.8,0,33.3,0.0,0,1,0,33.3,1,0.01,0,175,0,39.5,64.1,40.3,,46.6,48.3,14,1,4,0.0,0,29,1,44.4,2,93.1,27,37.9,11,2.8,6,0,13.8,4,6,1,0.5,3.0,0.22,234,48,123,276,105,105,75,1,266,191,206,266,1,259,198,289,,274,192,250,256,287,284,284,246,167,193,237,13,227,114,211,290,140,121,43,119,284,282,284,287,283,True
Anthony Carrie,183214,HB,FIU,4,0.2,1,66.7,,0,0,0,0.0,0,-0.01,2,166,0,74.9,40.3,60.7,25.6,57.9,0.0,0,1,12,22.2,20,90,0,47.1,4,73.3,66,2.2,2,39.6,6,0,4.4,4,31,30,7.5,7.8,0.47,16,120,112,217,,32,74,1,1,1,194,87,1,98,270,269,257,198,31,31,266,168,192,81,33,1,143,135,100,26,221,152,280,108,62,137,62,152,172,158,116,233,True
Brandon Young Jr.,183483,TE,UTSA,4,11.0,0,50.0,50.0,1,2,0,25.0,1,0.05,2,331,0,40.2,68.5,64.5,68.6,66.1,42.9,15,0,7,5.7,2,35,1,39.4,3,88.6,31,51.4,18,95.8,6,2,2.9,1,10,2,0.7,3.3,0.32,17,44,123,244,70,42,39,1,257,191,190,140,1,258,39,100,130,92,224,245,1,262,262,259,231,167,262,189,32,207,29,146,152,140,11,209,202,269,274,281,286,272,True
Isaiah McMorris,183571,WR,MO STATE,2,5.5,1,66.7,0.0,0,1,0,0.0,0,0.35,1,230,0,74.9,66.0,62.9,,62.6,5.9,1,0,12,0.0,0,17,0,50.0,4,94.1,16,94.1,16,75.0,6,0,0.0,0,25,17,4.3,6.3,1.56,700,699,293,330,435,435,394,1,1,1,171,627,1,281,480,431,,435,9,40,1,681,76,76,716,1,254,524,406,714,41,354,557,549,397,756,756,670,524,384,713,416,True
Tra'Mar Harris,183719,WR,PURDUE,4,8.7,4,83.3,,0,0,0,0.0,0,0.0,4,273,0,76.3,65.7,69.8,,69.0,0.0,0,0,19,0.0,0,32,0,53.3,5,93.8,30,9.4,3,143.1,6,1,90.6,29,53,25,5.0,10.6,1.77,38,571,68,91,,435,605,1,1,1,525,369,1,229,485,209,,235,113,113,1,544,76,76,598,1,181,462,437,597,619,658,91,549,173,140,408,530,444,307,514,345,True
Zechariah Sample,183751,WR,TEXAS ST,2,4.0,2,100.0,,0,0,0,0.0,0,0.69,3,314,0,77.5,66.2,70.8,,70.0,0.0,0,0,69,0.0,0,25,0,62.5,6,96.0,24,80.0,20,158.3,6,1,20.0,5,99,75,12.5,16.5,4.13,700,726,162,1,,435,605,1,1,1,20,436,1,191,449,182,,202,113,113,1,34,76,76,642,1,47,408,225,639,167,306,1,549,173,596,664,367,155,30,186,33,True
Sam Lee,184129,TE,TOLEDO,4,5.0,0,66.7,0.0,0,1,0,20.0,1,0.46,3,316,0,45.4,65.0,56.0,58.3,51.2,68.5,61,0,24,16.9,15,89,2,53.7,4,76.4,68,29.2,26,93.8,6,0,1.1,1,52,41,10.3,13.0,0.76,17,205,123,165,105,105,75,1,244,191,42,89,1,247,154,183,202,247,59,31,1,99,150,88,65,264,78,140,164,59,185,91,160,140,121,247,202,125,63,13,70,211,True
Sire Gaines,184229,HB,BOISE ST,3,-0.2,3,100.0,100.0,1,1,0,0.0,0,-0.14,1,120,0,77.5,81.7,79.2,85.4,70.9,0.0,0,0,38,20.0,10,50,0,50.0,6,80.0,40,2.0,1,146.5,6,1,0.0,0,58,59,9.8,9.7,1.45,231,133,37,1,1,5,13,1,1,1,237,145,1,55,56,42,9,76,31,31,1,22,216,185,154,1,97,73,46,110,225,194,17,108,17,228,228,69,76,92,77,73,True
Teddy Gawlik,184359,TE,LA LAFAYET,4,4.8,1,100.0,100.0,1,1,0,0.0,0,0.17,2,207,0,77.5,67.0,61.6,58.5,67.4,73.9,34,0,29,15.2,7,46,0,56.8,6,80.4,37,19.6,9,107.6,6,0,6.5,3,59,30,5.0,9.8,1.59,17,213,60,1,1,42,75,1,1,1,143,140,1,52,82,123,200,82,35,124,1,65,179,195,189,1,47,92,121,170,240,231,120,140,121,141,136,107,98,115,142,84,True
Ju'Juan Johnson,184458,HB,SYRACUSE,2,-1.2,2,83.3,,0,0,0,0.0,0,-0.1,2,304,0,77.5,41.3,64.1,50.6,65.7,0.0,0,0,11,45.5,30,66,0,41.7,5,50.0,33,12.1,8,86.1,6,0,3.0,2,28,33,6.6,5.6,0.85,270,179,57,123,,32,74,1,1,1,226,87,1,55,269,240,188,114,31,31,1,179,24,28,92,1,214,102,267,153,49,35,162,108,62,173,117,162,154,184,190,157,True
Jeron Askren,185519,TE,MO STATE,4,2.3,0,100.0,,0,0,0,0.0,0,0.17,2,230,0,77.5,66.2,54.6,47.3,56.0,33.3,25,0,25,14.7,11,75,1,42.6,6,78.7,59,45.3,34,147.2,6,1,4.0,3,59,45,7.5,9.8,1.0,17,273,123,1,,105,169,1,1,1,143,140,1,52,105,205,242,190,259,179,1,92,184,131,97,167,224,92,139,99,62,53,32,140,28,188,136,107,58,52,142,155,True
Dominic Toy,188215,TE,COLO STATE,4,14.2,0,50.0,,0,0,0,0.0,0,0.13,1,144,0,73.1,64.1,54.4,65.9,53.1,44.0,22,0,38,22.0,11,50,0,46.7,3,72.0,36,48.0,24,83.3,6,0,4.0,2,57,18,6.0,19.0,1.58,17,13,123,244,,105,169,1,1,1,160,200,1,114,198,210,154,222,215,204,1,25,102,131,174,1,168,189,209,177,50,100,193,140,121,188,166,112,163,88,14,85,True
Cade Wolford,188243,WR,CINCINNATI,3,7.0,1,66.7,0.0,0,1,0,0.0,0,0.21,1,138,0,76.3,75.9,67.2,,65.5,0.0,0,0,12,0.0,0,20,0,52.9,4,85.0,17,90.0,18,70.1,6,0,10.0,2,18,24,6.0,4.5,1.06,572,647,293,330,435,435,394,1,1,1,294,627,1,229,54,278,,339,113,113,1,681,76,76,686,1,190,524,756,704,80,326,595,549,397,668,721,702,452,227,755,575,True
Rickey Taylor Jr.,188437,WR,N ILLINOIS,1,7.5,2,83.3,,0,0,0,16.7,1,0.38,3,254,0,49.8,65.7,67.5,,66.6,0.0,0,0,21,0.0,0,24,0,47.8,5,95.8,23,0.0,0,106.3,6,0,100.0,24,57,41,8.2,11.4,2.48,760,628,162,91,,435,605,1,636,447,151,436,1,631,485,271,,305,113,113,1,509,76,76,653,1,340,462,240,646,754,754,310,549,397,1,438,508,317,105,455,181,True
Jake Furtney,189663,TE,OHIO,4,0.5,0,66.7,,0,0,0,20.0,1,0.11,1,259,0,45.4,65.0,47.7,53.4,49.4,41.8,28,0,11,29.9,20,67,1,51.6,4,68.7,46,44.8,30,75.0,6,0,4.5,3,25,28,7.0,6.3,0.54,17,286,123,165,,105,169,1,244,191,164,200,1,247,154,265,224,257,228,161,1,225,46,39,122,167,103,140,233,138,65,71,223,140,121,170,136,212,110,60,235,243,True
Jonathan Bibbs,190005,WR,UCF,3,11.0,2,66.7,,0,0,0,0.0,0,-0.33,2,323,0,74.9,65.0,68.5,,68.2,0.0,0,0,23,0.0,0,24,0,36.4,4,91.7,22,8.3,2,133.3,6,1,87.5,21,52,32,8.0,13.0,2.36,572,398,162,330,,435,605,1,1,1,721,522,1,281,526,241,,260,113,113,1,481,76,76,653,1,685,524,618,664,649,690,137,549,173,206,459,537,384,110,360,205,True
Jordan Martin,190105,WR,TEXAS ST,4,3.2,0,83.3,,0,0,0,0.0,0,0.58,1,314,0,76.3,66.6,70.1,,69.5,0.0,0,0,10,0.0,0,21,0,47.6,5,100.0,21,14.3,3,129.9,6,1,85.7,18,34,30,6.0,6.8,1.62,38,737,492,91,,435,605,1,1,1,44,627,1,229,441,204,,219,113,113,1,708,76,76,677,1,351,462,1,672,523,658,155,549,173,241,494,626,402,227,702,391,True
Zy'marion Lang,190132,WR,UCONN,4,22.7,0,0.0,,0,0,0,,0,-0.36,0,146,0,,61.9,49.4,,51.0,0.0,0,1,0,0.0,0,32,1,43.3,0,93.8,30,28.1,9,0.0,6,0,71.9,23,0,0,,,0.0,38,15,492,765,,435,605,1,,1,730,733,1,,680,754,,742,113,113,554,765,76,76,598,526,523,765,437,597,340,494,766,549,397,427,445,765,743,,,765,True
Michael Smith,190237,TE,OLE MISS,4,9.2,0,33.3,50.0,1,2,0,0.0,0,0.18,1,226,0,70.7,62.9,60.6,43.6,61.4,52.6,20,0,7,18.4,7,38,0,47.2,2,78.9,30,36.8,14,42.4,6,0,5.3,2,13,2,1.0,6.5,0.43,17,80,123,276,70,42,39,1,1,1,137,200,1,161,234,134,249,126,169,214,1,262,134,195,224,1,159,237,136,214,123,177,272,140,121,156,166,258,274,267,230,254,True
Dawson Johnson,190274,TE,TULANE,4,7.5,1,83.3,100.0,2,2,0,16.7,1,-0.08,2,319,0,49.8,65.7,65.0,73.2,58.1,66.1,37,0,29,14.3,8,56,0,29.6,5,83.9,47,23.2,13,97.2,6,0,10.7,6,44,16,3.2,8.8,0.94,17,135,60,75,1,11,39,1,234,191,247,140,1,236,126,94,50,163,75,112,1,65,188,185,154,1,289,109,74,133,222,190,146,140,121,71,76,149,177,208,177,167,True
Khamani Alexander,190388,HB,CHARLOTTE,4,0.7,1,66.7,0.0,0,1,0,0.0,0,-0.18,0,136,0,76.3,80.8,67.8,72.7,59.3,0.0,0,0,7,32.9,24,73,1,37.3,4,63.0,46,0.0,0,74.3,6,0,0.0,0,24,25,6.3,6.0,0.52,16,99,112,217,32,32,13,1,1,1,246,233,1,73,77,196,96,184,31,31,1,245,82,55,63,245,261,135,203,74,249,249,229,108,62,228,228,178,195,192,179,222,True
Duke Watson,190596,HB,UCF,4,-2.5,1,83.3,,0,0,0,16.7,1,-0.2,0,323,0,49.8,81.1,69.8,26.8,49.1,0.0,0,0,8,28.8,17,59,2,39.3,5,67.8,40,6.8,4,79.2,6,0,5.1,3,8,17,3.4,1.6,0.2,16,230,112,123,,32,74,1,230,203,251,233,1,227,70,157,253,256,31,31,1,231,134,109,115,278,245,102,155,110,118,94,199,108,62,122,87,261,228,273,275,272,True
Lloyd Avant,190713,HB,OKLAHOMA,4,-0.5,1,100.0,,0,0,0,0.0,0,-0.1,1,261,0,77.5,81.3,70.2,29.5,65.4,0.0,0,0,9,36.1,22,61,0,42.1,6,57.4,35,0.0,0,88.2,6,0,6.6,4,31,34,5.7,5.2,0.89,16,146,112,1,,32,74,1,1,1,226,145,1,55,64,155,243,119,31,31,1,213,60,70,107,1,208,73,246,140,249,249,148,108,62,93,62,152,148,212,203,147,True
Nasir Williams,191050,WR,C MICHIGAN,3,8.8,0,50.0,0.0,0,1,0,0.0,0,-0.37,2,134,0,73.1,67.4,66.5,,59.1,0.0,0,1,11,0.0,0,40,0,38.5,3,97.5,39,15.0,6,18.1,6,0,85.0,34,20,8,2.7,6.7,0.51,572,563,492,602,435,435,394,1,1,1,736,522,1,340,375,300,,557,113,113,554,693,76,76,548,1,645,593,134,539,509,568,758,549,397,250,382,694,634,569,703,719,True
Carson Bruhn,191163,TE,KANSAS,2,16.0,0,50.0,50.0,1,2,0,0.0,0,0.21,3,198,0,73.1,64.1,77.5,65.8,76.2,60.0,24,1,21,25.0,10,40,0,51.4,3,72.5,29,17.5,7,42.4,6,0,10.0,4,55,6,2.0,18.3,1.9,275,5,123,244,70,42,39,1,1,1,122,89,1,114,198,16,155,37,113,186,256,125,69,149,221,1,106,189,203,220,250,249,272,140,121,84,119,114,247,243,17,63,True
Ashton Bethel-Roman,191246,WR,TEXAS A&M,3,17.0,1,33.3,,0,0,0,0.0,0,-0.26,1,312,0,70.7,62.9,52.9,,53.3,0.0,0,0,13,0.0,0,55,0,37.3,2,92.7,51,14.5,8,42.4,6,0,85.5,47,13,3,1.5,6.5,0.25,572,94,293,718,,435,605,1,1,1,699,627,1,415,636,713,,703,113,113,1,662,76,76,450,1,670,671,547,454,522,523,703,549,397,244,295,722,706,687,707,751,True
Alexander Sanchez,198098,WR,APP STATE,3,10.3,1,100.0,100.0,1,1,0,0.0,0,0.44,4,108,0,77.5,66.2,69.5,,69.4,0.0,0,0,28,0.0,0,29,0,66.7,6,93.1,27,20.7,6,118.8,6,0,79.3,23,79,17,2.8,13.2,2.93,572,453,293,1,1,182,394,1,1,1,117,369,1,191,449,216,,222,113,113,1,395,76,76,615,1,24,408,514,615,423,568,206,549,397,341,445,437,524,552,347,116,True
Jackson Verdugo,198398,TE,FIU,4,4.3,2,66.7,0.0,0,1,0,20.0,1,0.36,3,166,0,45.4,65.0,47.1,59.8,56.0,63.3,62,0,22,30.6,30,98,0,54.8,4,64.3,63,22.4,22,92.4,6,0,12.2,12,50,41,10.3,12.5,0.79,17,229,30,165,105,105,75,1,244,191,65,89,1,247,154,268,196,190,92,28,1,118,43,12,47,1,67,140,255,83,225,111,169,140,121,57,20,135,63,13,85,202,True
Ethan Barbour,198468,TE,GEORGIA,4,6.5,0,66.7,,0,0,0,20.0,1,0.71,3,173,0,45.4,65.0,62.1,72.7,64.1,65.7,23,0,10,34.3,12,35,1,68.8,4,60.0,21,28.6,10,114.6,6,1,2.9,1,25,17,4.3,6.3,1.19,17,167,123,165,,105,169,1,244,191,10,89,1,247,154,119,64,104,77,197,1,237,28,114,231,167,7,140,270,252,192,220,98,140,28,209,202,212,169,144,235,127,True
Brendan Loftus,198785,TE,MIAMI OH,4,10.0,0,83.3,0.0,0,1,0,0.0,0,0.38,3,221,0,76.3,65.7,68.5,33.2,73.2,43.2,16,0,57,24.3,9,37,1,55.6,5,73.0,27,51.4,19,158.3,6,1,2.7,1,87,48,9.6,17.4,3.22,17,61,123,75,105,105,75,1,1,1,58,89,1,67,126,63,270,48,221,240,1,7,82,164,226,167,58,109,195,227,29,137,1,140,28,213,202,64,53,21,21,13,True
Dramekco Green,199159,HB,SMU,4,4.0,4,100.0,,0,0,0,0.0,0,0.57,3,287,0,77.5,54.0,64.9,24.1,73.4,0.0,0,0,31,18.5,10,54,0,64.2,6,79.6,43,11.1,6,118.8,6,0,1.9,1,111,87,14.5,18.5,2.58,16,29,23,1,,32,74,1,1,1,24,47,1,55,244,224,262,52,31,31,1,33,226,185,136,1,10,73,49,96,57,58,49,108,62,202,164,13,27,21,14,23,True
Raiden Vines-Bright,199523,WR,ARIZONA ST,3,9.8,1,33.3,0.0,0,1,0,33.3,1,0.01,1,110,0,31.6,62.9,45.0,,47.8,0.0,0,1,13,0.0,0,64,0,42.6,2,95.3,61,21.9,14,2.8,6,0,78.1,50,14,6,3.0,7.0,0.23,572,496,293,718,435,435,394,1,730,447,515,627,1,724,636,765,,763,113,113,554,662,76,76,405,1,544,671,282,397,406,388,765,549,397,360,282,718,657,515,695,753,True
Emmett Bork,199573,TE,WISCONSIN,4,16.5,0,16.7,0.0,0,2,0,50.0,1,-0.2,1,349,0,24.9,61.0,54.9,54.8,41.2,73.8,31,0,7,38.1,16,42,1,47.5,1,59.5,25,14.3,6,79.2,6,1,0.0,0,7,9,9.0,7.0,0.28,17,4,123,292,105,105,39,1,289,191,270,200,1,285,264,200,217,288,36,145,1,262,17,75,208,167,153,282,271,234,263,254,214,140,28,254,254,281,222,29,218,275,True
Juju Preston,199631,WR,CLEMSON,4,7.7,3,50.0,,0,0,0,0.0,0,0.24,1,140,0,73.1,64.1,66.0,,65.6,0.0,0,0,25,0.0,0,17,0,43.8,3,94.1,16,82.4,14,63.9,6,0,17.6,3,29,36,12.0,9.7,1.81,38,622,104,602,,435,605,1,1,1,268,627,1,340,580,321,,333,113,113,1,446,76,76,716,1,506,593,406,714,150,388,633,549,397,609,703,649,358,37,580,333,True
Phillip Wright III,199753,WR,LSU,2,9.5,1,50.0,0.0,0,1,0,25.0,1,0.77,2,211,0,40.2,66.9,72.5,,69.8,0.0,0,0,33,0.0,0,16,0,68.8,3,100.0,16,18.8,3,131.9,6,1,81.3,13,70,32,10.7,23.3,4.38,700,512,293,602,435,435,394,1,703,447,9,522,1,686,412,140,,209,113,113,1,324,76,76,723,1,20,593,1,714,450,658,142,549,173,313,556,466,384,48,36,21,True
Elijah Faulkner,199784,HB,UMASS,4,8.0,0,66.7,100.0,1,1,0,0.0,0,0.47,3,216,0,76.3,82.2,76.4,83.1,71.2,0.0,0,0,21,29.8,14,47,0,50.0,4,63.8,30,2.1,1,123.6,6,2,10.6,5,38,11,2.8,9.5,1.27,16,8,204,217,1,5,13,1,1,1,40,47,1,73,47,70,21,71,31,31,1,74,116,131,164,1,97,135,196,172,222,194,42,108,4,42,51,119,258,279,79,90,True
Phillip Bell,199859,WR,OHIO STATE,4,10.7,1,83.3,,0,0,0,0.0,0,0.58,3,260,0,76.3,74.6,63.0,,62.6,0.0,0,0,23,0.0,0,31,0,60.0,5,96.8,30,90.3,28,112.5,6,0,9.7,3,66,12,2.4,13.2,2.2,38,431,293,91,,435,605,1,1,1,44,436,1,229,67,426,,435,113,113,1,481,76,76,605,1,72,462,169,597,74,231,262,549,397,677,703,471,581,604,347,235,True
Antonio Jordan,200093,WR,ARKANSAS,4,13.8,0,50.0,0.0,0,1,0,25.0,1,-0.6,2,111,0,45.4,65.0,65.4,,64.9,0.0,0,0,10,0.0,0,40,0,24.3,3,92.5,37,2.5,1,61.1,6,0,97.5,39,25,3,1.0,8.3,0.68,38,213,492,602,435,435,394,1,703,447,758,522,1,662,526,342,,357,113,113,1,708,76,76,548,1,762,593,556,548,738,718,644,549,397,29,350,670,706,706,649,678,True
Noah White,200256,HB,UTAH ST,4,-3.2,0,100.0,,0,0,0,0.0,0,-0.35,1,329,0,77.5,71.7,60.9,80.3,62.8,5.3,2,0,19,42.1,16,38,0,30.3,6,55.3,21,13.2,5,79.9,6,0,5.3,2,19,38,6.3,3.2,0.9,16,245,204,1,,32,74,1,1,1,273,145,1,55,203,267,42,145,7,8,1,90,32,117,195,1,274,73,252,229,44,72,195,108,62,119,117,204,132,192,251,144,True
Xay Davis,200274,HB,VIRGINIA,4,3.3,1,83.3,,0,0,0,0.0,0,0.36,3,335,0,76.3,46.7,68.6,70.8,69.8,0.0,0,0,35,31.7,13,41,1,50.0,5,58.5,24,7.3,3,118.8,6,0,0.0,0,78,58,11.6,15.6,3.25,16,36,112,123,,32,74,1,1,1,65,47,1,73,259,182,114,80,31,31,1,25,96,147,183,245,97,102,239,210,114,118,49,108,62,228,228,32,79,58,22,14,True
Isaiah Robinson,200282,WR,VIRGINIA,3,9.5,3,50.0,,0,0,0,0.0,0,-0.04,2,335,0,73.1,64.1,62.8,,62.3,0.0,0,0,29,0.0,0,26,0,45.5,3,84.6,22,3.8,1,122.9,6,1,96.2,25,57,32,10.7,19.0,2.59,572,512,104,602,,435,605,1,1,1,562,522,1,340,580,432,,445,113,113,1,380,76,76,635,1,434,593,759,664,725,718,186,549,173,43,433,508,384,48,98,156,True
Kavon Simmons,204008,WR,DUKE,4,12.5,1,50.0,0.0,0,1,0,0.0,0,0.6,2,154,0,73.1,64.6,63.7,,59.1,2.6,1,0,29,0.0,0,38,0,62.2,3,94.7,36,23.7,9,124.3,6,1,73.7,28,59,17,5.7,19.7,1.64,38,286,293,602,435,435,394,1,1,1,39,522,1,340,576,395,,557,34,40,1,380,76,76,556,1,53,593,330,554,382,494,181,549,173,417,416,501,524,249,83,381,True
Zay Robinson,204074,WR,PENN STATE,4,9.2,1,83.3,100.0,1,1,0,0.0,0,-0.11,4,266,0,77.5,80.7,75.1,,76.0,0.0,0,0,39,0.0,0,27,0,34.6,5,96.3,26,59.3,16,158.3,6,1,40.7,11,80,38,7.6,16.0,3.08,38,536,293,91,1,182,394,1,1,1,610,369,1,191,2,94,,81,113,113,1,245,76,76,626,1,717,462,202,623,227,354,1,549,173,538,583,433,340,125,206,96,True
Linkon Cure,204094,TE,KANSAS ST,4,12.8,2,50.0,,0,0,0,0.0,0,0.21,1,199,0,73.1,66.0,53.6,56.1,53.5,71.7,38,0,13,24.5,13,53,0,51.9,3,73.6,39,17.0,9,59.7,6,0,7.5,4,23,22,7.3,7.7,0.59,17,22,30,244,,105,169,1,1,1,122,200,1,114,121,216,213,218,43,107,1,200,79,106,164,1,100,189,194,161,252,231,254,140,121,121,119,226,137,55,206,235,True
Darien Williams,204310,WR,SYRACUSE,3,10.8,0,66.7,50.0,1,2,0,0.0,0,-0.17,1,304,0,74.9,68.2,62.3,,61.8,0.0,0,0,19,0.0,0,30,0,37.0,4,90.0,27,90.0,27,75.0,6,0,10.0,3,25,4,1.0,6.3,0.93,572,418,492,330,228,182,242,1,1,1,648,627,1,281,304,450,,465,113,113,1,544,76,76,608,1,676,524,694,615,80,237,557,549,397,668,703,670,692,706,713,611,True
Keveun Mason,204323,HB,TEMPLE,4,-2.0,1,100.0,,0,0,0,0.0,0,-0.01,1,306,0,77.5,83.5,77.5,25.6,74.8,0.0,0,0,25,47.4,27,57,0,41.2,6,49.1,28,8.8,5,107.6,6,0,3.5,2,59,71,11.8,9.8,2.11,16,206,112,1,,32,74,1,1,1,194,145,1,55,25,60,257,42,31,31,1,48,15,36,121,1,220,73,271,185,92,72,70,108,62,164,117,67,50,53,75,42,True
Braylen Naves,204760,WR,C MICHIGAN,4,22.0,0,33.3,0.0,0,1,0,33.3,1,-0.46,1,134,0,31.6,62.9,55.1,,51.9,0.0,0,0,7,0.0,0,49,0,27.7,2,95.9,47,6.1,3,42.4,6,0,93.9,46,12,3,1.5,6.0,0.26,38,19,492,718,435,435,394,1,730,447,749,627,1,724,636,668,,727,113,113,1,747,76,76,489,1,754,671,232,482,689,658,703,549,397,75,310,728,706,687,718,748,True
Jaylon Coleman,204998,HB,LIBERTY,4,9.5,1,50.0,0.0,0,1,0,0.0,0,0.26,2,206,0,73.1,74.5,73.4,,72.9,0.0,0,0,23,0.0,0,35,0,45.5,3,94.3,33,37.1,13,69.4,6,0,2.9,1,37,35,11.7,12.3,1.12,16,4,112,267,32,32,13,1,1,1,95,87,1,132,182,113,,57,31,31,1,61,284,284,214,1,166,186,2,153,2,10,248,108,62,174,164,125,145,57,34,115,True
DJ Asiasi,205189,TE,NEVADA,4,2.5,0,83.3,,0,0,0,16.7,1,-0.15,2,239,0,49.8,65.7,51.4,43.4,52.0,68.6,48,0,17,22.9,16,70,1,33.8,5,72.9,51,28.6,20,133.3,6,1,0.0,0,39,28,5.6,7.8,0.76,17,271,123,75,,105,169,1,234,191,262,140,1,236,126,242,250,232,57,69,1,164,90,75,115,167,283,109,196,123,192,129,54,140,28,254,254,166,110,108,200,211,True
Zhaiel Smith,205216,WR,NEW MEXICO,4,7.0,1,66.7,,0,0,0,0.0,0,-0.11,1,241,0,74.9,65.0,58.7,,66.9,5.3,1,0,38,0.0,0,19,1,35.3,4,89.5,17,47.4,9,97.2,6,0,47.4,9,57,29,7.3,14.3,3.35,38,647,293,330,,435,605,1,1,1,610,627,1,281,526,565,,294,13,40,1,257,76,76,701,526,698,524,706,704,253,494,391,549,397,523,608,508,408,140,289,73,True
Taimane Purcell,213470,TE,CAL,3,10.0,1,50.0,0.0,0,1,0,0.0,0,0.22,1,130,0,73.1,64.1,58.1,51.8,56.0,48.8,20,0,9,24.4,10,41,1,48.6,3,70.7,29,36.6,15,59.7,6,0,14.6,6,23,11,3.7,7.7,0.79,234,61,60,244,105,105,75,1,1,1,116,200,1,114,198,157,231,190,188,214,1,244,80,149,216,167,138,189,219,220,124,167,254,140,121,37,76,226,208,179,206,202,True
C.J. Sadler,213486,WR,N CAROLINA,2,13.3,0,66.7,0.0,0,1,0,20.0,1,0.47,3,245,0,45.4,65.0,59.8,,63.3,0.0,0,0,28,0.0,0,34,0,54.5,4,97.1,33,38.2,13,108.3,6,0,61.8,21,73,47,11.8,18.3,2.21,700,242,492,330,435,435,394,1,662,447,95,436,1,662,526,529,,408,113,113,1,395,76,76,581,1,156,524,153,577,279,402,297,549,397,488,459,454,267,39,122,234,True
Trez Davis,215071,WR,WASHINGTON,4,6.3,0,83.3,,0,0,0,0.0,0,-0.28,2,340,0,76.3,65.7,62.7,,62.9,0.0,0,0,19,0.0,0,27,0,40.7,5,100.0,27,37.0,10,138.2,6,1,63.0,17,46,20,4.0,9.2,1.7,38,667,492,91,,435,605,1,1,1,704,522,1,229,485,435,,423,113,113,1,544,76,76,626,1,594,462,1,615,289,463,108,549,173,479,504,561,498,415,603,361,True
Brandon White,215239,HB,KENT STATE,4,-0.2,1,50.0,,0,0,0,25.0,1,-0.5,1,201,0,39.5,79.1,61.1,70.0,48.3,0.0,0,0,7,3.1,1,32,0,29.0,3,93.8,30,3.1,1,95.8,6,1,6.3,2,11,12,4.0,3.7,0.37,16,133,112,267,,32,74,1,253,203,279,145,1,254,110,265,115,259,31,31,1,245,281,280,232,1,276,186,3,172,195,194,111,108,17,100,117,246,255,256,241,253,True
Steven Robinson,216219,HB,SO MISS,4,-1.5,1,66.7,0.0,0,1,0,0.0,0,-0.04,1,296,0,74.9,84.7,72.2,48.2,53.5,0.0,0,0,9,35.8,34,95,1,40.2,4,61.1,58,15.8,15,110.4,6,1,1.1,1,19,21,5.3,4.8,0.33,16,186,112,217,32,32,13,1,1,1,210,145,1,98,13,132,195,231,31,31,1,213,63,17,25,245,234,135,225,39,24,6,67,108,17,223,164,204,215,227,215,255,True
Ryelan Morris,216948,HB,BAYLOR,3,-3.5,2,83.3,0.0,0,1,0,0.0,0,-0.12,3,118,0,76.3,74.6,84.6,71.7,89.8,0.0,0,0,21,18.2,2,11,0,45.5,5,81.8,9,9.1,1,84.7,6,0,9.1,1,26,42,8.4,5.2,2.89,231,263,57,123,32,32,13,1,1,1,233,47,1,73,180,15,105,6,31,31,1,74,228,268,283,1,166,102,36,282,86,194,168,108,62,56,164,171,117,129,203,19,True
Elias Coke,216982,WR,RUTGERS,3,9.2,1,16.7,,0,0,0,50.0,1,-0.19,1,278,0,24.5,61.0,52.0,,51.9,0.0,0,0,16,0.0,0,37,0,37.1,1,94.6,35,59.5,22,79.2,6,1,40.5,15,16,3,3.0,16.0,0.46,572,536,293,762,,435,605,1,753,447,661,627,1,748,681,721,,727,113,113,1,604,76,76,561,1,674,736,345,563,226,280,529,549,173,539,526,712,706,515,206,728,True
Bryson Roland,218068,HB,LA MONROE,4,1.7,1,66.7,,0,0,0,0.0,0,-0.05,1,209,0,74.9,80.3,66.4,41.2,56.6,0.0,0,0,11,16.7,8,48,0,55.3,4,81.3,39,18.8,9,74.3,6,0,10.4,5,24,32,8.0,6.0,0.62,16,76,112,217,,32,74,1,1,1,213,145,1,98,90,208,220,216,31,31,1,179,236,217,160,1,56,135,39,115,17,26,229,108,62,46,51,178,159,141,179,196,True
Qwantavius Wiggins,218322,HB,GA STATE,4,2.8,0,83.3,,0,0,0,0.0,0,0.32,3,175,0,76.3,44.9,61.6,77.1,67.1,0.0,0,0,20,11.6,5,43,0,51.2,5,88.4,38,2.3,1,104.2,6,0,4.7,2,54,51,10.2,10.8,1.42,16,44,204,123,,32,74,1,1,1,77,47,1,73,262,263,68,95,31,31,1,82,266,244,176,1,92,102,13,124,219,194,74,108,62,129,117,76,99,82,49,77,True
Leo Pulalasi,176689,HB,WASH STATE,4,0.2,0,80.0,,0,0,0,0.0,0,-0.19,1,341,0,76.3,74.7,61.7,35.9,66.2,2.6,1,0,6,15.8,6,38,1,40.0,4,78.9,30,15.8,6,79.2,5,0,7.9,3,13,14,3.5,3.3,0.43,16,120,204,138,,32,74,1,1,1,250,145,1,73,179,261,232,103,15,10,1,256,240,239,195,245,235,135,52,172,24,58,199,143,62,72,87,238,250,269,249,241,True
Mason James,215064,WR,WASHINGTON,2,0.4,2,80.0,,0,0,0,0.0,0,-0.56,1,340,0,74.9,66.5,56.6,,61.5,0.0,0,0,21,0.0,0,8,0,25.0,4,100.0,8,75.0,6,90.8,5,0,25.0,2,29,41,10.3,7.3,3.63,700,761,162,112,,435,605,1,1,1,757,627,1,281,443,627,,483,113,113,1,509,76,76,763,1,760,524,1,763,194,568,447,595,397,569,721,649,317,57,686,58,True
Jaquari Lewis,198096,HB,APP STATE,4,-3.2,2,80.0,,0,0,0,0.0,0,0.31,2,108,0,74.9,82.0,72.9,78.9,58.3,1.2,1,0,18,25.3,21,83,0,57.0,4,71.1,59,4.8,4,94.2,5,0,4.8,4,33,41,10.3,8.3,0.56,16,245,57,138,,32,74,1,1,1,84,87,1,98,51,123,52,193,24,10,1,100,162,77,43,1,44,135,118,37,152,94,122,143,62,127,62,136,122,77,100,208,True
Dijon Stanley,176663,HB,NEW MEX ST,5,7.4,0,40.0,0.0,0,1,0,33.3,1,0.21,1,242,0,31.6,74.1,58.5,5.8,45.6,2.2,1,0,13,4.3,2,46,0,45.5,2,91.3,42,47.8,22,49.6,5,0,2.2,1,17,12,6.0,8.5,0.4,1,9,204,278,32,32,13,1,270,203,112,145,1,268,185,275,280,270,16,10,1,151,279,268,168,1,166,252,5,100,1,1,266,143,62,194,164,216,255,201,97,248,True
Landon Wright,190387,WR,BOSTON COL,4,11.8,0,100.0,100.0,1,1,0,0.0,0,0.33,2,121,0,76.3,67.0,76.9,,76.2,0.0,0,0,53,0.0,0,16,0,50.0,5,87.5,14,56.3,9,118.8,5,0,43.8,7,91,32,6.4,18.2,6.5,38,340,492,1,1,182,394,1,1,1,185,522,1,229,408,72,,78,113,113,1,103,76,76,723,1,254,462,734,728,233,494,206,595,397,534,636,394,384,199,126,5,True
Rodney Fields Jr.,188722,HB,KANSAS ST,4,-2.8,0,80.0,,0,0,0,20.0,1,0.33,0,199,0,45.4,82.1,72.2,59.1,46.3,0.0,0,0,7,26.8,26,97,0,53.7,4,71.1,69,5.2,5,79.2,5,0,0.0,0,4,20,5.0,1.0,0.06,16,235,204,138,,32,74,1,240,203,75,233,1,243,49,132,157,265,31,31,1,245,149,44,23,1,72,135,118,20,147,72,199,143,62,228,228,272,218,238,278,280,True
Truman Brasfield,223299,WR,NAVY,3,23.8,0,20.0,25.0,1,4,0,0.0,0,0.31,1,237,0,66.7,61.0,61.6,,61.8,11.5,3,0,39,0.0,0,26,0,37.5,1,92.3,24,7.7,2,59.6,5,0,80.8,21,39,6,6.0,39.0,1.63,572,12,492,756,406,182,104,1,1,1,201,627,1,496,681,476,,465,1,14,1,245,76,76,635,1,665,736,571,639,662,690,649,595,397,320,459,596,657,227,5,386,True
Dalin Wilkins,184069,WR,E MICHIGAN,5,15.6,0,20.0,,0,0,0,50.0,1,-0.1,1,160,0,31.6,62.9,52.1,,52.5,0.0,0,1,15,0.0,0,76,0,41.8,1,88.2,67,7.9,6,0.0,5,0,92.1,70,15,0,0.0,15.0,0.22,1,136,492,756,,435,605,1,753,447,604,627,1,724,636,720,,720,113,113,554,626,76,76,323,1,567,736,726,358,657,568,766,595,397,106,183,715,743,743,245,754,True
Jaden Reddell,184572,TE,GEORGIA,4,15.0,4,60.0,,0,0,0,0.0,0,0.35,2,173,0,73.1,67.4,71.7,61.9,64.6,61.4,27,0,24,18.2,8,44,1,60.5,3,79.5,35,36.4,16,129.2,5,1,2.3,1,45,21,7.0,15.0,1.29,17,9,8,215,,105,169,1,1,1,70,140,1,114,68,44,184,99,108,169,1,99,136,185,194,167,32,189,125,180,126,162,62,173,28,221,202,146,141,60,39,116,True
Mikey Matthews,174168,WR,UCLA,2,16.6,0,80.0,,0,0,0,0.0,0,0.06,4,324,0,74.9,72.8,76.9,,75.3,0.0,0,0,43,0.0,0,23,0,47.8,4,100.0,23,39.1,9,118.8,5,0,60.9,14,93,22,5.5,23.3,4.04,700,103,492,112,,435,605,1,1,1,444,369,1,281,87,72,,94,113,113,1,192,76,76,665,1,340,524,1,646,275,494,206,595,397,490,542,389,475,259,36,39,True
Jamal Roberts,175912,HB,MISSOURI,4,0.0,1,100.0,,0,0,1,0.0,0,0.38,1,229,0,76.3,56.6,62.2,77.9,60.9,0.0,0,0,21,34.3,34,99,1,46.3,5,63.6,63,3.0,3,105.8,5,0,0.0,0,47,47,9.4,9.4,0.75,16,125,112,1,,32,74,279,1,1,57,145,1,73,235,257,61,169,31,31,1,74,72,17,21,245,156,102,197,32,200,118,72,143,62,228,228,94,107,99,80,179,True
Myles Mitchell,201510,HB,N DAK ST,4,-3.8,0,80.0,,0,0,0,20.0,1,0.27,1,250,0,45.4,81.8,70.5,34.0,46.6,0.0,0,0,6,21.1,8,38,0,51.5,4,68.4,26,2.6,1,79.2,5,0,7.9,3,15,35,8.8,3.8,0.58,16,270,204,138,,32,74,1,240,203,93,145,1,243,54,152,235,264,31,31,1,256,200,217,195,1,90,135,149,195,211,194,199,143,62,72,87,229,145,118,239,204,True
Luke Sivon,203957,WR,AKRON,2,1.2,0,100.0,100.0,1,1,0,0.0,0,-0.15,1,102,0,76.3,65.7,55.4,,56.5,0.0,0,0,9,0.0,0,44,0,45.5,5,100.0,44,38.6,17,91.7,5,0,61.4,27,30,24,4.8,6.0,0.68,700,758,492,1,1,182,394,1,1,1,629,627,1,229,485,660,,638,113,113,1,719,76,76,517,1,434,462,1,504,277,340,438,595,397,489,422,647,452,332,718,678,True
Sedrick Irvin,176618,HB,STANFORD,4,1.0,0,60.0,100.0,1,1,0,0.0,0,0.09,0,300,0,74.9,79.1,69.1,27.7,55.5,0.0,0,0,9,18.2,10,55,0,39.6,3,69.1,38,21.8,12,64.6,5,0,3.6,2,15,16,5.3,5.0,0.39,16,92,204,251,1,5,13,1,1,1,158,233,1,98,110,170,250,221,31,31,1,213,228,185,128,1,242,186,139,124,10,15,253,143,62,158,117,229,239,227,208,250,True
Caleb Rollerson,190345,WR,UCF,4,11.0,0,80.0,100.0,1,1,0,0.0,0,0.63,2,323,0,74.9,65.0,75.1,,74.6,0.0,0,0,12,0.0,0,12,0,72.7,4,91.7,11,75.0,9,137.9,5,1,25.0,3,38,14,3.5,9.5,3.45,38,398,492,112,1,182,394,1,1,1,31,522,1,281,526,94,,110,113,113,1,681,76,76,745,1,7,524,618,746,194,494,109,595,173,569,703,604,559,479,589,69,True
TJ Abrams,184416,WR,FLORIDA,4,13.8,2,100.0,,0,0,0,0.0,0,1.02,3,163,0,76.3,65.7,65.5,,65.6,0.0,0,0,63,0.0,0,37,0,69.4,5,97.3,36,24.3,9,118.8,5,0,75.7,28,111,42,8.4,22.2,3.08,38,213,162,1,,435,605,1,1,1,1,436,1,229,485,339,,333,113,113,1,52,76,76,561,1,18,462,140,554,370,494,206,595,397,392,416,333,305,97,50,96,True
Cooper Flanagan,171082,TE,NOTRE DAME,4,8.8,0,100.0,,0,0,0,0.0,0,0.55,4,258,0,76.3,65.7,63.2,75.8,57.9,37.7,26,0,27,13.0,9,69,0,60.0,5,82.6,57,39.1,27,142.9,5,2,11.6,8,44,12,2.4,8.8,0.77,17,87,123,1,,105,169,1,1,1,26,66,1,67,126,112,21,170,246,174,1,79,204,164,118,1,36,109,91,103,104,82,40,173,11,64,58,149,200,232,177,208,True
LaKelsey Johnson Jr.,158559,TE,LIBERTY,3,8.8,1,60.0,0.0,0,1,0,0.0,0,0.58,2,206,0,73.1,64.1,69.2,71.1,64.3,76.6,36,0,37,21.3,10,47,3,63.4,3,68.1,32,21.3,10,95.4,5,0,2.1,1,52,31,10.3,17.3,1.63,234,87,60,215,105,105,75,1,1,1,19,140,1,114,198,57,100,101,24,117,1,32,110,149,186,289,20,189,237,198,232,220,156,173,121,226,202,125,93,13,23,79,True
Matt Byrnes,144244,TE,UNLV,3,12.4,1,40.0,50.0,1,2,0,33.3,1,0.2,1,325,0,31.6,62.9,61.5,68.3,51.3,70.7,29,0,13,36.6,15,41,0,47.1,2,51.2,21,14.6,6,51.3,5,0,14.6,6,19,8,4.0,9.5,0.9,234,25,60,273,70,42,39,1,266,191,127,200,1,267,234,124,134,242,49,157,1,200,21,88,216,1,161,237,291,252,262,254,266,173,121,37,76,239,232,162,150,176,True
Julian Allen,171369,WR,UCONN,4,9.4,0,60.0,,0,0,0,0.0,0,0.25,0,146,0,73.1,79.2,51.0,,52.0,2.0,1,0,3,0.0,0,51,0,46.8,3,92.2,47,84.3,43,64.6,5,0,13.7,7,5,7,2.3,1.7,0.11,38,519,492,476,,435,605,1,1,1,255,733,1,340,14,731,,726,48,40,1,762,76,76,475,1,384,593,582,482,135,165,628,595,397,637,636,759,649,614,763,761,True
Jaylan Brown,190310,WR,UTEP,4,17.8,0,20.0,0.0,0,1,0,50.0,1,-0.88,0,330,0,24.9,61.0,48.5,,48.8,0.0,0,0,6,0.0,0,25,1,30.4,1,92.0,23,20.0,5,39.6,5,0,80.0,20,6,1,1.0,6.0,0.26,38,76,492,756,435,435,394,1,753,447,766,733,1,745,681,760,,760,113,113,1,751,76,76,642,526,746,736,590,646,429,597,715,595,397,329,468,758,732,706,718,748,True
LJ Martin,175035,HB,BYU,3,-3.4,1,80.0,,0,0,0,0.0,0,0.63,1,128,0,74.9,81.6,86.7,82.0,64.7,0.0,0,0,23,29.2,14,48,0,63.8,4,68.8,33,4.2,2,100.8,5,0,2.1,1,41,52,13.0,10.3,1.24,231,258,112,138,,32,74,1,1,1,15,145,1,98,62,7,30,128,31,31,1,61,127,131,160,1,11,135,145,153,171,152,88,143,62,198,164,110,97,32,62,97,True
Xavier Robinson,184603,HB,OKLAHOMA,4,-3.2,2,60.0,,0,0,0,0.0,0,-0.15,0,261,0,73.1,74.5,64.2,18.8,56.1,0.0,0,1,8,10.8,4,37,0,35.1,3,89.2,33,5.4,2,27.5,5,0,5.4,2,18,31,10.3,6.0,0.55,16,245,57,251,,32,74,1,1,1,240,233,1,132,182,235,269,220,31,31,266,231,268,252,203,1,267,186,11,153,142,152,285,143,62,117,117,207,167,77,179,211,True
Jaivon Solomon,203999,WR,DUKE,3,19.0,0,100.0,100.0,3,3,0,0.0,0,0.74,5,154,0,76.3,65.7,77.1,,76.4,0.0,0,0,32,0.0,0,29,0,61.5,5,89.7,26,6.9,2,158.3,5,1,93.1,27,106,11,2.2,21.2,4.08,572,48,492,1,1,39,160,1,1,1,11,296,1,229,485,66,,74,113,113,1,340,76,76,615,1,56,462,703,623,674,690,1,595,173,89,422,349,598,628,62,35,True
RJ Garcia II,144591,WR,FAU,4,5.8,1,60.0,0.0,0,1,0,0.0,0,0.11,0,165,0,73.1,64.1,56.6,,59.2,0.0,0,0,8,0.0,0,19,0,42.1,3,100.0,19,52.6,10,67.1,5,0,47.4,9,18,5,1.7,6.0,0.95,38,685,293,476,435,435,394,1,1,1,383,733,1,340,580,627,,550,113,113,1,731,76,76,701,1,555,593,1,685,240,463,620,595,397,523,608,702,675,672,718,607,True
Kam Thomas,149138,WR,UTEP,4,21.6,1,60.0,,0,0,0,0.0,0,0.05,2,330,0,73.1,73.7,63.1,,63.6,0.0,0,0,83,0.0,0,47,0,45.5,3,93.6,44,66.0,31,143.8,5,1,34.0,16,95,55,18.3,31.7,2.16,38,22,293,476,,435,605,1,1,1,461,522,1,340,77,421,,395,113,113,1,2,76,76,502,1,434,593,463,504,213,218,87,595,173,554,515,383,232,7,9,247,True
Aneyas Williams,184108,HB,NOTRE DAME,4,2.6,1,80.0,,0,0,0,20.0,1,0.55,2,258,0,45.4,82.7,64.5,57.4,51.9,0.0,0,0,11,26.8,15,56,1,58.8,4,67.9,38,1.8,1,90.0,5,0,3.6,2,28,19,4.8,7.0,0.74,16,50,112,138,,32,74,1,240,203,28,87,1,243,33,231,161,243,31,31,1,179,149,123,125,245,31,135,154,124,230,194,137,143,62,158,117,162,222,244,143,180,True
Myles Peters,215286,TE,C MICHIGAN,4,7.4,0,60.0,,0,0,0,25.0,1,-0.16,1,134,0,39.5,64.1,45.4,65.4,49.7,75.0,33,0,8,20.5,9,44,0,43.9,3,77.3,34,22.7,10,64.6,5,0,2.3,1,14,7,2.3,4.7,0.41,17,136,123,215,,105,169,1,257,191,264,200,1,259,198,274,159,255,30,132,1,252,120,164,194,1,198,189,156,187,224,220,246,173,121,221,202,255,242,233,268,258,True
Dallas Elliott,158760,WR,UMASS,4,4.8,0,100.0,,0,0,0,0.0,0,0.38,3,216,0,76.3,65.7,58.3,,59.1,0.0,0,0,17,0.0,0,62,1,48.2,5,90.3,56,24.2,15,106.7,5,0,75.8,47,48,24,4.8,9.6,0.86,38,716,492,1,,435,605,1,1,1,151,436,1,229,485,579,,557,113,113,1,588,76,76,415,526,330,462,687,424,374,373,305,595,397,389,295,552,452,332,587,635,True
Justius Lowe,157248,WR,S DIEGO ST,3,24.6,0,40.0,,0,0,0,0.0,0,0.59,2,284,0,70.7,62.9,71.6,,70.7,0.0,0,0,40,0.0,0,17,0,46.2,2,76.5,13,23.5,4,121.7,5,1,76.5,13,56,8,4.0,28.0,4.31,572,9,492,697,,435,605,1,1,1,40,522,1,415,636,164,,181,113,113,1,232,76,76,716,1,405,671,768,734,386,629,193,595,173,378,556,514,634,415,18,26,True
Miles Campbell,146943,TE,UTSA,4,7.2,0,80.0,,0,0,0,0.0,0,0.24,4,331,0,74.9,65.0,56.7,34.7,66.4,54.2,26,0,19,22.9,11,48,2,50.0,4,72.9,35,37.5,18,110.0,5,0,6.3,3,52,17,4.3,13.0,1.49,17,146,123,91,,105,169,1,1,1,110,66,1,85,154,173,265,89,156,174,1,141,90,131,178,264,115,140,196,180,116,146,112,173,121,144,136,125,169,144,70,98,True
Brandon Buckhaulter,146820,WR,LA MONROE,4,7.4,0,60.0,33.3,1,3,0,0.0,0,0.31,2,209,0,73.1,66.0,50.5,,54.6,0.0,0,0,8,0.0,0,41,1,53.8,3,95.1,39,14.6,6,66.3,5,0,85.4,35,17,0,0.0,5.7,0.44,38,632,492,476,354,182,160,1,1,1,201,522,1,340,480,740,,680,113,113,1,731,76,76,539,526,167,593,300,539,521,568,624,595,397,245,378,709,743,743,737,731,True
Davian Jackson,205091,HB,TEXAS ST,4,0.4,1,60.0,,0,0,0,40.0,2,0.56,3,314,0,22.3,82.4,68.7,48.2,52.7,0.0,0,0,24,52.7,29,55,0,56.6,3,45.5,25,3.6,2,127.5,5,2,3.6,2,43,39,13.0,14.3,1.72,16,106,112,251,,32,74,1,280,276,26,47,1,282,37,181,195,235,31,31,1,59,10,31,128,1,48,186,277,203,181,152,37,143,4,158,117,103,125,32,26,58,True
Emazon Littlejohn,190234,WR,W MICHIGAN,4,17.2,1,20.0,50.0,1,2,0,50.0,1,-0.45,1,347,0,24.5,69.9,54.0,,49.6,0.0,0,1,8,0.0,0,30,0,33.3,1,100.0,30,53.3,16,0.0,5,0,46.7,14,8,3,3.0,8.0,0.27,38,89,293,756,228,182,242,1,753,447,746,627,1,748,195,688,,753,113,113,554,731,76,76,608,1,724,736,1,597,238,354,766,595,397,525,542,750,706,515,661,747,True
Vaughn Blue,174921,HB,C MICHIGAN,3,-1.0,0,80.0,,0,0,0,20.0,1,-0.82,1,134,0,45.4,77.8,63.2,23.2,52.0,7.7,2,0,17,19.2,5,26,0,15.4,4,80.8,21,34.6,9,90.0,5,0,0.0,0,28,28,7.0,7.0,1.33,231,166,204,138,,32,74,1,240,203,285,145,1,243,132,247,263,242,6,8,1,111,221,244,251,1,286,135,43,229,3,26,137,143,62,228,228,162,182,171,143,83,True
Raymond Liggins III,222747,WR,UCONN,3,0.0,2,100.0,,0,0,0,0.0,0,0.2,2,146,0,76.3,67.7,81.3,,80.3,0.0,0,0,60,0.0,0,11,0,50.0,5,90.9,10,81.8,9,158.3,5,1,18.2,2,72,72,14.4,14.4,7.2,572,765,162,1,,435,605,1,1,1,306,522,1,229,349,33,,41,113,113,1,69,76,76,753,1,254,462,661,757,154,494,1,595,173,606,721,457,165,17,286,3,True
Tyreek Robinson,189539,WR,PITTSBURGH,2,9.0,0,100.0,,0,0,0,0.0,0,0.76,3,268,0,76.3,69.7,80.4,,80.6,0.0,0,0,32,0.0,0,16,0,71.4,5,87.5,14,87.5,14,158.3,5,1,12.5,2,78,37,7.4,15.6,5.57,700,549,492,1,,435,605,1,1,1,10,436,1,229,206,38,,39,113,113,1,340,76,76,723,1,10,462,734,728,111,388,1,595,173,646,721,442,350,135,221,10,True
Isiah Canion,183213,WR,GEORGIA,3,10.0,2,60.0,0.0,0,1,0,0.0,0,0.84,1,173,0,73.1,64.1,54.3,,55.3,0.0,0,0,15,0.0,0,33,1,74.2,3,93.9,31,3.0,1,75.4,5,0,97.0,32,28,32,10.7,9.3,0.9,572,476,162,476,435,435,394,1,1,1,7,627,1,340,580,682,,664,113,113,1,626,76,76,592,526,5,593,425,590,736,718,556,595,397,31,393,657,384,48,597,623,True
Jeremiah Patterson,189627,WR,N DAK ST,4,8.0,0,40.0,0.0,0,1,0,0.0,0,-0.14,0,250,0,70.7,70.1,58.9,,58.7,0.0,0,0,9,0.0,0,20,0,41.2,2,85.0,17,85.0,17,47.9,5,0,15.0,3,12,8,4.0,6.0,0.71,38,609,492,697,435,435,394,1,1,1,623,733,1,415,179,557,,576,113,113,1,719,76,76,686,1,580,671,756,704,127,340,685,595,397,626,703,728,634,415,718,673,True
Danny Edgehille,190190,TE,BOSTON COL,4,11.4,0,0.0,,0,0,1,100.0,1,-0.31,0,121,0,16.4,,41.9,66.7,43.0,11.8,4,1,0,5.9,2,34,1,34.4,0,88.2,30,64.7,22,0.0,5,0,23.5,8,0,0,,,0.0,17,40,123,293,,105,169,283,293,191,281,266,1,292,,286,147,283,289,283,256,293,259,259,237,167,281,293,37,214,8,111,293,173,121,11,58,293,291,,,293,True
Savion Hiter,215612,HB,MICHIGAN,4,2.6,3,100.0,,0,0,0,0.0,0,0.32,3,222,0,76.3,55.0,67.9,79.2,86.0,0.0,0,0,19,30.6,11,36,0,45.7,5,66.7,24,11.1,4,115.8,5,0,13.9,5,59,46,9.2,11.8,2.46,16,50,37,1,,32,74,1,1,1,77,47,1,73,240,194,48,13,31,31,1,90,105,173,207,1,163,102,167,210,57,94,57,143,62,25,51,67,111,105,38,29,True
Jo Silver,164549,HB,DELAWARE,4,1.6,1,40.0,33.3,1,3,1,33.3,1,0.05,1,151,0,31.6,81.6,62.9,28.1,46.9,0.0,0,0,11,41.1,30,73,1,41.4,2,58.9,43,13.7,10,47.9,5,0,0.0,0,10,7,3.5,5.0,0.23,16,77,112,278,30,5,1,279,270,203,169,145,1,268,62,250,248,263,31,31,1,179,33,28,63,245,218,252,237,96,38,19,267,143,62,228,228,253,276,269,208,269,True
Zialis Blackmon,216123,WR,DOMINION,2,23.4,0,60.0,33.3,1,3,0,0.0,0,-0.31,2,263,0,73.1,64.1,71.4,,70.8,0.0,0,0,42,0.0,0,24,0,35.0,3,83.3,20,8.3,2,102.9,5,0,91.7,22,61,0,0.0,20.3,3.05,700,13,492,476,354,182,160,1,1,1,714,522,1,340,580,168,,177,113,113,1,206,76,76,653,1,705,593,766,677,649,690,342,595,397,111,452,489,743,743,71,104,True
Aidan Laughery,158212,HB,ILLINOIS,4,-2.8,2,60.0,,0,0,0,25.0,1,0.44,1,187,0,45.4,79.9,75.8,72.6,51.5,1.6,1,0,17,35.9,23,64,0,61.0,3,59.4,38,3.1,2,72.1,5,0,1.6,1,24,30,10.0,8.0,0.63,16,235,57,251,,32,74,1,253,203,45,145,1,243,97,81,98,245,22,10,1,111,62,61,101,1,21,186,233,124,195,152,234,143,62,211,164,178,172,84,109,192,True
Jesse Watson,183727,WR,PURDUE,4,5.6,0,80.0,,0,0,0,0.0,0,0.24,1,273,0,74.9,65.0,63.3,,63.0,0.0,0,0,50,0.0,0,25,0,54.5,4,88.0,22,100.0,25,118.8,5,0,0.0,0,65,58,14.5,16.3,2.95,38,691,492,112,,435,605,1,1,1,268,627,1,281,526,411,,420,113,113,1,128,76,76,642,1,156,524,732,664,1,256,206,595,397,756,756,475,214,16,194,113,True
Donte Lee Jr.,184692,WR,TEXAS TECH,4,12.2,1,60.0,,0,0,0,0.0,0,0.3,1,315,0,73.1,64.1,57.3,,55.3,0.0,0,2,8,0.0,0,35,0,57.1,3,100.0,35,17.1,6,26.7,5,0,82.9,29,17,16,5.3,5.7,0.49,38,311,293,476,,435,605,1,1,1,215,627,1,340,580,610,,664,113,113,722,731,76,76,576,1,113,593,1,563,472,568,746,595,397,291,408,709,536,277,737,722,True
Ethan Davis,174722,TE,TENNESSEE,2,7.4,0,60.0,0.0,0,1,0,25.0,1,0.29,2,307,0,39.5,64.1,56.9,73.9,56.2,25.0,6,0,25,12.5,3,24,0,45.5,3,79.2,19,37.5,9,127.5,5,2,0.0,0,43,14,4.7,14.3,2.26,275,136,123,215,105,105,75,1,257,191,90,140,1,259,198,170,41,186,279,277,1,92,208,247,266,1,181,189,132,257,116,231,63,173,11,254,254,153,185,134,48,46,True
Sylas Maiava-Alaimalo,215956,FB,AIR FORCE,3,18.0,1,40.0,,0,0,0,0.0,0,-0.49,2,101,0,70.7,65.3,65.1,,77.4,25.0,3,0,26,0.0,0,12,1,25.0,2,100.0,12,25.0,3,63.8,5,0,16.7,2,34,7,3.5,17.0,2.83,1,1,1,1,,1,1,1,1,1,1,1,1,1,1,1,,1,1,1,1,1,1,1,1,1,1,1,1,1,1,1,1,1,1,1,1,1,1,1,1,1,True
Ayo Adeyi,145320,HB,OKLA STATE,4,2.0,0,60.0,100.0,1,1,0,0.0,0,0.41,1,262,0,73.1,78.0,70.0,64.0,59.3,0.0,0,0,10,22.2,8,36,1,50.0,3,77.8,28,13.9,5,71.3,5,0,2.8,1,23,9,3.0,7.7,0.82,16,61,204,251,1,5,13,1,1,1,51,145,1,132,129,156,139,184,31,31,1,201,192,217,207,245,97,186,57,185,37,72,237,143,62,182,164,184,268,275,120,171,True
Monte Harrison,190169,WR,ARKANSAS,4,3.2,0,60.0,0.0,0,1,0,0.0,0,-0.69,2,111,0,73.1,64.6,66.3,,66.1,10.5,2,0,10,0.0,0,19,0,23.5,3,84.2,16,68.4,13,67.1,5,0,21.1,4,18,11,3.7,6.0,1.13,38,737,492,476,435,435,394,1,1,1,764,522,1,340,576,307,,323,2,23,1,708,76,76,701,1,764,593,763,714,208,402,620,595,397,590,683,702,598,460,718,547,True
Salesi Moa,215645,WR,MICHIGAN,3,17.8,0,40.0,100.0,1,1,0,33.3,1,-0.01,1,222,0,31.6,65.3,55.8,,55.6,0.0,0,0,19,0.0,0,31,0,46.7,2,96.8,30,22.6,7,94.2,5,1,77.4,24,23,1,0.5,11.5,0.77,572,76,492,697,1,182,394,1,730,447,537,627,1,724,522,646,,656,113,113,1,544,76,76,605,1,388,671,169,597,394,542,423,595,173,370,438,679,732,737,445,657,True
DeSean Bishop,174717,HB,TENNESSEE,4,-0.8,4,100.0,,0,0,0,0.0,0,0.13,3,307,0,76.3,61.1,81.0,54.1,66.2,0.0,0,0,15,38.8,31,80,0,45.1,5,56.3,45,1.3,1,98.3,5,0,0.0,0,38,42,8.4,7.6,0.84,16,160,23,1,,32,74,1,1,1,137,47,1,73,223,31,179,103,31,31,1,127,41,25,48,1,172,102,248,80,239,194,98,143,62,228,228,119,117,129,128,161,True
Xavyion Noland,176456,WR,OREGON ST,4,4.2,1,100.0,,0,0,0,0.0,0,-0.13,3,265,1,76.3,22.8,58.8,,59.1,0.0,0,0,14,0.0,0,28,0,28.6,5,100.0,28,96.4,27,100.8,5,0,3.6,1,41,20,4.0,8.2,1.46,38,722,293,1,,435,605,1,1,1,619,436,716,229,739,561,,557,113,113,1,647,76,76,622,1,752,462,1,608,27,237,356,595,397,738,747,586,498,415,653,445,True
TK Keys,215660,WR,TENNESSEE,4,7.0,0,80.0,,0,0,0,20.0,1,0.3,1,307,0,45.4,65.0,54.5,,54.1,0.0,0,0,22,0.0,0,27,0,56.0,4,92.6,25,3.7,1,140.4,5,1,96.3,26,41,16,4.0,10.3,1.64,38,647,492,112,,435,605,1,662,447,215,627,1,662,526,676,,687,113,113,1,496,76,76,626,1,132,524,553,631,727,718,102,595,173,42,428,586,536,415,529,381,True
Aidan O'Callaghan,192664,TE,MEMPHIS,4,3.8,1,100.0,,0,0,0,0.0,0,-0.2,2,218,0,76.3,65.7,55.9,32.3,63.5,13.2,5,0,14,18.4,7,38,0,45.5,5,71.1,27,50.0,19,135.4,5,1,13.2,5,35,16,3.2,7.0,1.3,17,245,60,1,,105,169,1,1,1,270,140,1,67,126,186,272,112,287,280,1,189,134,195,224,1,181,109,216,227,39,137,53,173,28,48,99,178,177,208,218,114,True
Will Loerzel,190093,TE,WAKE,4,7.2,0,60.0,100.0,1,1,0,25.0,1,0.26,3,339,0,45.4,65.0,51.2,70.2,62.8,75.4,43,0,15,36.8,21,57,1,64.6,3,52.6,30,22.8,13,77.9,5,0,1.8,1,31,10,3.3,10.3,1.03,17,146,123,215,1,42,75,1,257,191,99,89,1,247,154,245,110,117,29,92,1,178,20,32,152,167,15,189,288,214,223,190,218,173,121,234,202,188,213,203,129,151,True
Coleson Arends,176521,TE,W KENTUCKY,5,0.4,0,80.0,,0,0,0,0.0,0,0.09,2,346,0,74.9,65.0,57.1,76.1,73.2,66.7,28,0,11,45.2,19,42,0,46.3,4,54.8,23,19.0,8,131.3,5,1,2.4,1,30,33,8.3,7.5,1.3,1,287,123,91,,105,169,1,1,1,172,140,1,85,154,169,19,48,68,161,1,225,5,49,208,1,174,140,283,243,243,240,59,173,28,217,202,195,84,36,213,114,True
Kam Davis,183297,HB,LIBERTY,4,-2.4,0,60.0,,0,0,0,0.0,0,0.66,1,206,0,73.1,82.0,77.8,55.7,62.9,0.0,0,0,6,40.0,14,35,0,56.3,3,54.3,19,8.6,3,104.2,5,1,5.7,2,9,17,5.7,3.0,0.47,16,226,204,251,,32,74,1,1,1,14,145,1,132,51,57,171,143,31,31,1,256,35,131,214,1,49,186,256,241,95,118,74,143,17,109,117,256,228,212,253,233,True
Dennis Murray Jr.,189969,HB,GA STATE,2,2.6,3,60.0,,0,0,0,0.0,0,0.94,3,175,0,73.1,75.9,75.9,75.3,88.8,0.0,0,0,30,13.6,3,22,0,65.0,3,77.3,17,0.0,0,143.8,5,1,4.5,1,63,47,15.7,21.0,3.71,270,50,37,251,,32,74,1,1,1,2,47,1,132,162,79,79,9,31,31,1,34,256,263,262,1,7,186,63,254,249,249,20,143,17,131,164,57,107,17,8,10,True
Khalil Wilkins,189946,WR,MARSHALL,4,0.4,2,60.0,,0,0,0,25.0,1,0.03,1,214,0,39.5,73.7,62.5,,58.0,0.0,0,0,16,0.0,0,37,1,44.4,3,73.0,27,75.7,28,73.8,5,0,0.0,0,26,22,7.3,8.7,0.96,38,761,162,476,,435,605,1,703,447,490,627,1,688,77,442,,594,113,113,1,604,76,76,561,526,480,593,769,615,191,231,568,595,397,756,756,667,475,140,627,600,True
Micah Riley,157053,TE,TEXAS A&M,4,5.4,0,60.0,0.0,0,1,0,40.0,2,-0.1,2,312,0,21.7,66.0,58.6,66.8,48.9,54.2,32,0,7,20.3,12,59,1,38.2,3,74.6,44,37.3,22,106.7,5,1,6.8,4,18,6,2.0,6.0,0.41,17,192,123,215,105,105,75,1,286,273,251,140,1,290,121,153,146,262,156,137,1,262,123,114,143,167,268,189,184,143,120,111,123,173,28,138,119,245,247,243,247,258,True
Jace Wilson,158833,WR,SACRAMENTO,5,12.8,1,60.0,,0,0,0,0.0,0,0.06,2,279,0,73.1,64.1,66.6,,65.9,0.0,0,0,24,0.0,0,33,0,45.5,3,100.0,33,15.2,5,131.7,5,1,84.8,28,48,8,2.7,16.0,1.45,1,268,293,476,,435,605,1,1,1,444,522,1,340,580,297,,329,113,113,1,463,76,76,592,1,434,593,1,577,505,597,148,595,173,257,416,552,634,569,206,449,True
Goldie Lawrence,170346,WR,COAST CAR,4,16.2,1,60.0,0.0,0,1,0,0.0,0,-0.2,3,141,0,73.1,64.1,62.7,,62.7,0.0,0,1,62,0.0,0,55,0,32.1,3,96.4,53,1.8,1,104.2,5,1,98.2,54,89,36,12.0,29.7,1.68,38,115,293,476,435,435,394,1,1,1,669,436,1,340,580,435,,434,113,113,554,57,76,76,450,1,738,593,195,440,746,718,329,595,173,22,262,403,358,37,13,368,True
Cam Abshire,204197,WR,UCONN,4,20.2,0,40.0,,0,0,0,0.0,0,0.33,1,146,0,70.7,62.9,55.9,,55.4,0.0,0,0,25,0.0,0,44,0,45.2,2,95.5,42,18.2,8,58.8,5,0,81.8,36,28,5,2.5,14.0,0.67,38,33,492,697,,435,605,1,1,1,185,627,1,415,636,645,,660,113,113,1,446,76,76,517,1,449,671,269,517,453,523,650,595,397,308,368,657,675,588,312,680,True
Logan Conklin,191984,WR,N DAK ST,4,13.6,2,60.0,50.0,1,2,0,0.0,0,0.62,2,250,0,73.1,64.1,71.7,,76.0,0.0,0,0,41,0.0,0,21,0,55.0,3,95.2,20,23.8,5,143.8,5,1,76.2,16,66,27,9.0,22.0,3.3,38,229,162,476,228,182,242,1,1,1,37,522,1,340,580,159,,81,113,113,1,218,76,76,677,1,146,593,290,677,379,597,87,595,173,384,515,471,424,73,53,79,True
Caden Knighten,200116,HB,BAYLOR,4,-2.0,4,80.0,0.0,0,1,0,0.0,0,0.04,1,118,0,74.9,81.8,74.4,56.4,61.7,0.0,0,0,11,25.0,13,52,0,49.0,4,69.2,36,1.9,1,87.5,5,0,0.0,0,25,42,10.5,6.3,0.69,16,206,23,138,32,32,13,1,1,1,176,145,1,98,54,100,166,159,31,31,1,179,163,147,143,1,123,135,136,136,227,194,152,143,62,228,228,176,117,74,171,183,True
Taz Williams Jr.,200110,WR,BAYLOR,2,18.6,0,40.0,50.0,1,2,0,0.0,0,-0.09,1,118,0,70.7,62.9,57.1,,56.4,0.0,0,0,16,0.0,0,31,0,46.2,2,83.9,26,3.2,1,52.1,5,0,96.8,30,20,8,4.0,10.0,0.77,700,56,492,697,228,182,242,1,1,1,594,627,1,415,636,615,,643,113,113,1,604,76,76,605,1,405,671,765,623,733,718,672,595,397,33,401,694,634,415,556,657,True
Ousmane Kromah,198443,HB,FLORIDA ST,4,1.8,1,80.0,,0,0,0,20.0,1,0.17,2,167,0,45.4,84.1,88.1,65.9,59.9,0.0,0,0,19,34.2,25,73,0,43.9,4,60.3,44,19.2,14,100.8,5,0,0.0,0,41,34,8.5,10.3,0.93,16,72,112,138,,32,74,1,240,203,121,87,1,243,20,5,131,177,31,31,1,90,73,48,63,1,184,135,227,87,15,8,88,143,62,228,228,110,148,122,62,137,True
Cash Semonza,199363,WR,TULANE,4,15.2,0,60.0,0.0,0,1,0,0.0,0,-0.25,1,319,0,73.1,64.1,63.7,,63.2,0.0,0,0,36,0.0,0,39,0,27.0,3,94.9,37,87.2,34,98.8,5,0,12.8,5,56,7,2.3,18.7,1.51,38,152,492,476,435,435,394,1,1,1,692,627,1,340,580,395,,411,113,113,1,280,76,76,553,1,757,593,315,548,114,200,371,595,397,643,664,514,649,614,110,435,True
Terrell Anderson,183348,WR,USC,1,16.4,0,40.0,,0,0,0,0.0,0,0.4,2,326,0,70.7,70.1,71.8,,70.7,0.0,0,1,28,0.0,0,15,0,46.7,2,100.0,15,6.7,1,37.5,5,0,93.3,14,50,37,18.5,25.0,3.33,760,109,492,697,,435,605,1,1,1,138,522,1,415,179,154,,181,113,113,554,395,76,76,729,1,388,671,1,724,680,718,730,595,397,85,542,545,350,6,29,74,True
D.J. Crowther,159311,HB,USF,4,4.8,4,80.0,,0,0,0,20.0,1,0.27,4,327,0,74.9,82.4,83.7,85.5,68.5,0.0,0,0,29,15.0,12,80,0,53.2,4,82.5,66,1.3,1,112.5,5,0,0.0,0,55,34,8.5,13.8,0.83,16,22,23,138,,32,74,1,240,203,93,15,1,98,37,18,6,84,31,31,1,36,247,159,48,1,76,135,34,26,239,194,60,143,62,228,228,74,148,122,28,167,True
Matthew McKinley-Daniels,185323,WR,DELAWARE,3,18.6,0,20.0,,0,0,0,0.0,0,-0.62,1,151,0,66.7,61.0,61.6,,61.1,0.0,0,2,33,0.0,0,23,0,38.1,1,91.3,21,8.7,2,15.0,5,0,91.3,21,33,4,4.0,33.0,1.57,572,56,492,756,,435,605,1,1,1,762,627,1,496,681,476,,489,113,113,722,324,76,76,665,1,658,736,646,672,635,690,760,595,397,124,459,630,692,415,7,407,True
Deion DeBlanc,200073,WR,WYOMING,4,12.6,0,80.0,0.0,0,1,0,0.0,0,-0.17,3,351,0,74.9,67.8,61.3,,63.1,0.0,0,0,26,0.0,0,37,0,40.5,4,100.0,37,32.4,12,105.8,5,0,67.6,25,47,6,1.5,11.8,1.27,38,280,492,112,435,435,394,1,1,1,648,436,1,281,339,485,,416,113,113,1,430,76,76,561,1,600,524,1,548,312,425,316,595,397,452,433,557,657,687,428,499,True
Caden Piening,199386,TE,UCF,4,7.8,0,80.0,66.7,2,3,0,0.0,0,-0.06,4,323,0,74.9,65.0,69.0,47.1,78.3,66.0,33,0,19,42.0,21,50,0,46.8,4,56.0,28,28.0,14,156.3,5,1,4.0,2,60,24,6.0,15.0,2.14,17,120,123,91,59,11,24,1,1,1,240,66,1,85,154,58,243,29,76,132,1,141,11,32,174,1,165,140,277,223,197,177,14,173,28,188,166,104,130,88,39,50,True
Jabari Bush,188335,TE,ARK STATE,4,11.6,0,80.0,100.0,1,1,0,0.0,0,-0.03,1,113,0,74.9,65.0,68.6,,63.0,41.4,12,0,46,0.0,0,29,0,42.9,4,96.6,28,34.5,10,118.8,5,0,24.1,7,65,26,6.5,16.3,2.32,17,36,123,91,1,42,75,1,1,1,224,200,1,85,154,62,,116,229,257,1,11,284,284,246,1,215,140,6,223,141,220,76,173,121,8,69,97,118,76,26,42,True
Carl Jenkins,199391,WR,MIAMI OH,4,12.4,0,100.0,,0,0,0,0.0,0,0.2,4,221,0,76.3,65.7,57.9,,60.7,0.0,0,0,38,0.0,0,44,1,52.4,5,95.5,42,45.5,20,118.8,5,0,54.5,24,88,26,5.2,17.6,2.1,38,296,492,1,,435,605,1,1,1,306,369,1,229,485,593,,498,113,113,1,257,76,76,517,526,203,462,269,517,258,306,206,595,397,509,438,408,432,289,141,262,True
Derrick Jameson,191363,HB,LA MONROE,4,-1.6,1,80.0,,0,0,0,0.0,0,0.04,2,209,0,74.9,77.5,69.0,62.5,66.5,0.0,0,0,40,32.7,18,55,0,41.8,4,67.3,37,10.9,6,157.1,5,1,5.5,3,61,64,16.0,15.3,1.65,16,192,112,138,,32,74,1,1,1,176,87,1,98,139,172,145,100,31,31,1,17,84,96,128,1,213,135,162,132,65,58,10,143,17,114,87,60,63,14,23,61,True
Grant Stec,183669,TE,WISCONSIN,4,4.8,0,80.0,0.0,0,1,0,0.0,0,0.49,0,349,0,74.9,65.0,53.3,72.3,51.7,77.6,45,0,8,44.8,26,58,0,58.2,4,55.2,32,19.0,11,87.5,5,0,3.4,2,25,7,1.8,6.3,0.78,17,213,123,91,105,105,75,1,1,1,36,266,1,85,154,219,76,237,21,80,1,252,7,21,147,1,41,140,281,198,243,211,182,173,121,199,166,212,242,257,235,205,True
Waymond Jordan,199407,HB,USC,5,-3.4,1,80.0,,0,0,0,0.0,0,0.43,2,326,1,74.9,59.0,73.6,80.4,45.9,0.0,0,0,20,37.2,29,78,0,62.7,4,61.5,48,0.0,0,97.5,5,0,7.7,6,37,60,15.0,9.3,0.77,1,258,112,138,,32,74,1,1,1,47,87,274,98,230,109,41,269,31,31,1,82,52,31,56,1,14,135,219,72,249,249,101,143,62,76,37,125,73,19,81,176,True
Bam McReynolds,157876,HB,UAB,4,0.6,1,60.0,100.0,1,1,0,0.0,0,0.16,1,321,0,73.1,56.7,75.6,37.9,76.5,0.0,0,0,17,65.9,27,41,0,42.1,3,31.7,13,7.3,3,72.1,5,0,2.4,1,24,25,8.3,8.0,1.85,16,102,112,251,1,5,13,1,1,1,126,145,1,132,234,86,227,35,31,31,1,111,2,36,183,1,208,186,284,270,114,118,234,143,62,190,164,178,195,134,109,48,True
Tyseer Denmark,191333,WR,VA TECH,4,2.0,1,100.0,,0,0,0,0.0,0,0.09,3,337,0,76.3,70.6,53.7,,53.7,0.0,0,0,19,0.0,0,55,0,40.4,5,92.7,51,80.0,44,110.8,5,0,20.0,11,53,43,8.6,10.6,1.04,38,751,293,1,,435,605,1,1,1,406,436,1,229,143,699,,699,113,113,1,544,76,76,450,1,602,462,547,454,167,161,276,595,397,596,583,530,295,90,514,580,True
Kenyon Clay,156837,HB,ARK STATE,3,3.4,2,80.0,,0,0,0,0.0,0,0.25,2,113,0,74.9,78.4,72.5,46.1,67.0,0.0,0,1,75,29.5,13,44,0,51.2,4,65.9,29,4.5,2,118.8,5,1,6.8,3,89,81,20.3,22.3,3.07,231,34,57,138,,32,74,1,1,1,97,87,1,98,122,128,203,97,31,31,266,3,124,147,174,1,92,135,181,180,158,152,49,143,17,88,87,22,36,5,3,18,True
Scott Isacks,157748,TE,UAB,4,4.6,0,80.0,,0,0,0,0.0,0,0.08,2,321,0,74.9,65.0,68.4,71.2,66.6,79.2,38,0,15,41.7,20,48,1,40.0,4,52.1,25,16.7,8,95.8,5,0,4.2,2,35,14,3.5,8.8,1.4,17,218,123,91,,105,169,1,1,1,176,140,1,85,154,64,99,88,15,107,1,178,12,39,178,167,252,140,290,234,254,240,152,173,121,180,166,178,185,190,177,108,True
Josiah Fetui,188394,WR,HAWAII,4,15.4,0,80.0,100.0,1,1,0,0.0,0,0.11,2,180,0,74.9,65.0,59.4,,59.2,0.0,0,0,12,0.0,0,41,0,46.3,4,100.0,41,12.2,5,96.7,5,0,87.8,36,36,3,0.8,9.0,0.88,38,140,492,112,1,182,394,1,1,1,383,522,1,281,526,543,,550,113,113,1,681,76,76,539,1,400,524,1,523,559,597,396,595,397,198,368,615,706,731,608,632,True
Ezell Jolly,175641,HB,ARK STATE,4,-0.8,0,100.0,,0,0,0,0.0,0,-0.01,0,113,0,76.3,76.5,72.8,47.2,73.5,0.0,0,0,9,34.6,9,26,0,52.0,5,65.4,17,7.7,2,83.3,5,0,3.8,1,20,24,4.8,4.0,1.18,16,160,204,1,,32,74,1,1,1,194,233,1,73,158,124,199,51,31,31,1,213,70,198,251,1,85,102,184,254,104,152,172,143,62,149,164,199,201,244,233,106,True
Cam Edwards,158615,HB,MICH STATE,4,0.4,1,80.0,,0,0,0,0.0,0,0.07,2,223,0,74.9,64.4,74.1,31.7,73.9,0.0,0,0,23,38.0,19,50,0,46.8,4,58.0,29,10.0,5,95.8,5,0,0.0,0,35,38,9.5,8.8,1.21,16,106,112,138,,32,74,1,1,1,161,87,1,98,215,104,238,48,31,31,1,61,47,86,154,1,145,135,242,180,74,72,111,143,62,228,228,131,132,96,89,103,True
Amareon Blue,198384,HB,E MICHIGAN,5,0.0,1,100.0,100.0,1,1,0,0.0,0,0.05,1,160,0,76.3,82.4,70.7,66.8,57.8,0.0,0,0,15,25.6,20,78,0,44.7,5,71.8,56,2.6,2,95.0,5,0,6.4,5,34,34,6.8,6.8,0.61,1,125,112,1,1,5,13,1,1,1,169,145,1,73,37,151,126,199,31,31,1,127,160,81,56,1,175,102,113,45,211,152,118,143,62,96,51,134,148,180,155,202,True
Nahzae Cox,198818,WR,KANSAS,3,24.2,0,80.0,100.0,3,3,0,20.0,1,0.09,4,198,0,45.4,65.0,65.0,,64.8,0.0,0,0,47,0.0,0,61,0,44.8,4,95.1,58,18.0,11,158.3,5,1,82.0,50,125,12,3.0,31.3,2.16,572,11,492,112,1,39,160,1,662,447,406,369,1,662,526,359,,362,113,113,1,151,76,76,420,1,469,524,300,416,456,441,1,595,173,307,282,297,581,515,10,247,True
Cam Pedro,156804,WR,CHARLOTTE,2,6.4,1,60.0,100.0,1,1,0,0.0,0,-0.29,0,136,0,73.1,64.1,58.5,,58.1,0.0,0,0,5,0.0,0,8,0,14.3,3,87.5,7,37.5,3,64.6,5,0,62.5,5,7,5,1.7,2.3,1.0,700,664,293,476,1,182,394,1,1,1,709,733,1,340,580,572,,591,113,113,1,754,76,76,763,1,768,593,734,767,284,658,628,595,397,483,664,755,675,672,762,587,True
Shamar Easter,172405,TE,N CAROLINA,3,6.6,1,40.0,,0,0,0,33.3,1,0.36,2,245,0,31.6,62.9,56.8,69.0,58.3,52.0,13,0,14,12.0,3,25,0,48.0,2,88.0,22,32.0,8,54.6,5,0,8.0,2,23,22,11.0,11.5,1.05,234,165,60,273,,105,169,1,266,191,65,140,1,267,234,171,124,161,173,253,1,189,218,247,264,1,147,237,39,247,161,240,264,173,121,113,166,226,137,11,104,148,True
Kamrean Johnson,172617,TE,WAKE,4,8.0,0,100.0,,0,0,0,0.0,0,0.34,3,339,0,76.3,65.7,57.2,52.7,64.6,63.5,33,0,17,21.2,11,52,2,42.0,5,76.9,40,26.9,14,147.9,5,1,7.7,4,50,17,3.4,10.0,1.25,17,111,123,1,,105,169,1,1,1,75,89,1,67,126,167,226,99,91,132,1,164,111,131,170,264,231,109,162,157,204,177,31,173,28,116,119,135,169,198,135,121,True
Jekail Middlebrook,170487,HB,VIRGINIA,4,-0.6,1,100.0,,0,0,0,0.0,0,0.25,3,335,0,76.3,80.8,68.1,43.8,64.3,0.0,0,0,11,42.3,22,52,1,60.8,5,57.7,30,15.4,8,128.8,5,1,1.9,1,27,30,6.0,5.4,0.9,16,151,112,1,,32,74,1,1,1,97,47,1,73,77,190,210,131,31,31,1,179,31,70,143,245,22,102,244,172,29,35,36,143,17,202,164,169,172,201,195,144,True
Giyahni Kontosis,198273,WR,CINCINNATI,4,6.6,0,80.0,0.0,0,1,0,0.0,0,0.42,3,138,0,74.9,65.0,65.1,,64.3,0.0,0,0,10,0.0,0,30,0,67.9,4,93.3,28,3.3,1,94.2,5,0,96.7,29,33,10,2.5,8.3,1.18,38,659,492,112,435,435,394,1,1,1,124,436,1,281,526,356,,380,113,113,1,708,76,76,608,1,22,524,488,608,732,718,423,595,397,35,408,630,609,588,649,527,True
Christian Ross,169953,TE,MIAMI OH,3,10.0,0,80.0,,0,0,0,20.0,1,0.24,3,221,0,49.8,65.7,55.5,73.4,71.7,65.1,28,0,34,25.6,11,43,1,52.5,4,72.1,31,32.6,14,149.6,5,1,2.3,1,52,34,8.5,13.0,1.68,234,61,123,91,,105,169,1,244,191,110,89,1,236,126,191,48,57,81,161,1,45,65,131,203,167,90,140,206,207,153,177,24,173,28,221,202,125,80,34,70,74,True
Reed Jesiolowski,191240,TE,KENNESAW,4,1.4,1,60.0,,0,0,0,0.0,0,-0.07,0,200,0,73.1,66.0,51.4,63.1,50.6,34.3,24,0,9,24.3,17,70,2,47.0,3,72.9,51,42.9,30,64.6,5,0,7.1,5,15,12,4.0,5.0,0.29,17,284,60,215,,105,169,1,1,1,243,266,1,114,121,242,177,252,255,186,1,244,82,66,115,264,162,189,196,123,76,71,246,173,121,128,99,251,200,162,261,273,True
Nick Woodford,207881,HB,C MICHIGAN,2,-3.6,1,100.0,,0,0,0,0.0,0,-0.3,0,134,0,76.3,72.9,63.0,71.7,72.8,0.0,0,0,5,10.5,2,19,0,31.6,5,89.5,17,0.0,0,79.2,5,0,0.0,0,15,33,6.6,3.0,0.88,270,266,112,1,,32,74,1,1,1,266,233,1,73,195,249,105,58,31,31,1,264,270,268,270,1,271,102,9,254,249,249,199,143,62,228,228,229,154,184,253,149,True
Spencer Shannon,176186,TE,TEXAS,4,5.4,1,60.0,,0,0,0,40.0,2,0.14,1,311,0,22.0,64.1,56.6,75.5,47.4,88.5,54,0,11,44.3,27,61,0,55.0,3,54.1,33,6.6,4,72.1,5,0,4.9,3,24,11,3.7,8.0,0.73,17,192,60,215,,105,169,1,286,273,157,200,1,289,198,176,25,267,8,45,1,225,8,18,135,1,65,189,285,194,286,275,231,173,121,164,136,222,208,179,194,219,True
DaSaahn Brame,199966,TE,TENNESSEE,4,4.8,1,80.0,,0,0,0,20.0,1,0.03,1,307,0,45.4,65.0,55.3,72.0,52.0,32.1,25,0,11,10.3,8,78,1,45.2,4,83.3,65,47.4,37,92.5,5,0,2.6,2,31,9,2.3,7.8,0.48,17,213,60,91,,105,169,1,244,191,198,200,1,247,154,194,82,232,266,179,1,225,234,185,88,167,186,140,79,70,54,42,168,173,121,215,166,188,222,233,200,248,True
Lex Cyrus,199961,WR,S CAROLINA,2,22.4,0,60.0,66.7,2,3,0,0.0,0,0.05,2,289,0,73.1,64.1,66.3,,66.2,0.0,0,0,41,0.0,0,13,0,46.2,3,100.0,13,7.7,1,96.3,5,0,92.3,12,53,3,1.0,17.7,4.08,700,16,492,476,169,90,160,1,1,1,461,522,1,340,580,307,,319,113,113,1,218,76,76,739,1,405,593,1,734,662,718,402,595,397,101,569,530,706,706,136,35,True
Gideon Davidson,199633,HB,CLEMSON,4,-2.0,0,60.0,0.0,0,1,0,0.0,0,-0.25,0,140,0,73.1,83.5,71.6,85.5,51.1,0.0,0,0,3,19.1,17,89,0,38.6,3,75.3,67,4.5,4,64.6,5,0,10.1,9,6,9,3.0,2.0,0.09,16,206,204,251,32,32,13,1,1,1,261,233,1,132,25,143,6,248,31,31,1,279,222,109,34,1,252,186,81,21,158,94,253,143,62,48,12,268,268,275,269,278,True
Zeke Moore,169916,TE,BOSTON COL,4,8.2,1,80.0,,0,0,0,0.0,0,0.04,2,121,0,76.3,65.7,55.3,72.4,51.2,66.7,60,0,37,24.4,22,90,1,50.6,4,72.2,65,23.3,21,109.2,5,0,6.7,6,51,31,7.8,12.8,0.78,17,107,60,91,,105,169,1,1,1,195,140,1,67,126,194,72,247,68,34,1,32,80,31,62,167,113,140,205,70,220,120,115,173,121,139,76,130,93,43,80,205,True
Parker Livingstone,184512,WR,OKLAHOMA,4,6.4,1,100.0,100.0,1,1,0,0.0,0,0.42,1,261,1,77.5,15.1,60.9,,60.4,0.0,0,0,17,0.0,0,39,1,55.6,5,92.3,36,12.8,5,109.2,5,0,87.2,34,51,19,3.8,10.2,1.42,38,664,293,1,1,182,394,1,1,1,124,627,716,191,758,502,,515,113,113,1,588,76,76,553,526,138,462,571,554,546,597,294,595,397,214,382,542,507,449,541,461,True
Ethan Ervin,199664,HB,FAU,4,1.0,0,100.0,,0,0,0,0.0,0,0.26,1,165,0,77.5,84.4,71.4,41.9,58.4,0.0,0,0,11,24.4,19,78,0,53.5,5,69.2,54,5.1,4,85.8,5,0,2.6,2,23,18,3.6,4.6,0.43,16,92,204,1,,32,74,1,1,1,95,145,1,55,16,145,218,192,31,31,1,179,174,86,56,1,73,102,136,51,149,94,163,143,62,187,117,184,225,268,222,241,True
R.J. Mosley,213711,WR,ARIZONA,3,14.0,0,80.0,100.0,1,1,0,0.0,0,-0.49,2,109,0,74.9,65.0,70.0,,69.3,0.0,0,0,32,0.0,0,20,0,63.2,4,95.0,19,5.0,1,115.0,5,0,95.0,19,58,4,1.0,14.5,3.05,572,200,492,112,1,182,394,1,1,1,753,522,1,281,526,206,,227,113,113,1,340,76,76,686,1,42,524,305,685,704,718,248,595,397,62,479,507,692,706,278,104,True
Quintrevion Wisner,176190,HB,FLORIDA ST,3,-0.8,2,80.0,,0,0,0,0.0,0,-0.03,2,167,0,74.9,74.9,68.2,77.5,73.3,0.0,0,1,12,15.4,4,26,0,43.5,4,73.1,19,0.0,0,40.4,5,0,0.0,0,16,25,6.3,4.0,0.84,231,160,57,138,,32,74,1,1,1,204,87,1,98,177,188,64,54,31,31,266,168,244,252,251,1,191,135,103,241,249,249,279,143,62,228,228,219,195,192,233,161,True
Grant Page,157692,WR,SO MISS,3,7.6,2,100.0,100.0,2,2,0,0.0,0,-0.02,2,296,0,76.3,65.7,68.4,,66.8,0.0,0,0,33,0.0,0,51,0,51.1,5,92.2,47,21.6,11,110.0,5,0,78.4,40,52,14,2.8,10.4,1.11,572,625,162,1,1,90,242,1,1,1,547,522,1,229,485,246,,298,113,113,1,324,76,76,475,1,236,462,582,482,408,441,284,595,397,351,340,537,559,552,526,556,True
CJ Baxter,173153,HB,KENTUCKY,4,1.6,2,80.0,,0,0,0,20.0,1,-0.18,1,202,0,49.8,61.8,76.6,71.3,53.5,0.0,0,0,28,33.3,17,51,0,46.0,4,64.7,33,11.8,6,101.7,5,0,7.8,4,42,39,9.8,10.5,1.27,16,77,57,138,,32,74,1,240,203,246,145,1,227,221,66,111,231,31,31,1,39,76,109,148,1,160,135,189,153,51,58,85,143,62,75,62,108,125,92,57,90,True
Derrick McFall,183252,HB,SMU,4,5.2,1,80.0,,0,0,0,0.0,0,0.91,2,287,0,74.9,71.8,70.8,79.1,62.0,0.0,0,0,52,45.0,9,20,0,57.9,4,50.0,10,10.0,2,158.3,5,1,5.0,1,70,60,15.0,17.5,7.0,16,20,112,138,,32,74,1,1,1,3,87,1,98,201,150,49,153,31,31,1,9,26,198,268,1,38,135,267,280,74,152,1,143,17,125,164,44,73,19,16,2,True
Cameron Pettaway,191013,HB,IOWA STATE,4,3.4,1,80.0,,0,0,0,0.0,0,-0.24,4,193,0,74.9,77.3,68.8,67.5,72.3,0.0,0,0,13,2.9,1,34,0,37.5,4,91.2,31,17.6,6,100.0,5,0,8.8,3,40,30,7.5,10.0,1.29,16,34,112,138,,32,74,1,1,1,258,15,1,98,145,178,124,62,31,31,1,151,282,280,220,1,259,135,6,165,19,58,92,143,62,60,87,115,172,158,68,89,True
Kyion Grayes,156480,WR,CAL,3,9.8,1,80.0,,0,0,0,0.0,0,0.46,2,130,0,74.9,66.0,72.0,,71.0,0.0,0,0,80,0.0,0,16,0,57.1,4,87.5,14,31.3,5,158.3,5,1,68.8,11,101,94,23.5,25.3,7.21,572,496,293,112,,435,605,1,1,1,105,522,1,281,480,148,,175,113,113,1,3,76,76,723,1,113,524,734,728,319,597,1,595,173,447,583,359,105,2,27,2,True
Travis Smith Jr.,200185,WR,TENNESSEE,4,14.8,0,60.0,0.0,0,1,0,25.0,1,0.39,1,307,0,39.5,64.1,51.0,,52.7,0.0,0,0,15,0.0,0,34,1,59.4,3,94.1,32,0.0,0,74.6,5,0,100.0,34,27,9,3.0,9.0,0.84,38,162,492,476,435,435,394,1,703,447,145,627,1,688,580,731,,718,113,113,1,626,76,76,581,526,84,593,406,580,754,754,561,595,397,1,382,663,621,515,608,641,True
Jarriett Buie,170146,WR,IOWA,2,9.6,0,80.0,100.0,1,1,0,0.0,0,-0.07,3,192,0,74.9,65.0,64.2,,63.5,0.0,0,0,13,0.0,0,34,1,45.5,4,97.1,33,5.9,2,105.0,5,0,94.1,32,46,5,1.3,11.5,1.39,700,506,492,112,1,182,394,1,1,1,583,436,1,281,526,380,,399,113,113,1,662,76,76,581,526,434,524,153,577,693,690,323,595,397,73,393,561,675,700,445,471,True
Kamari Maxwell,200491,WR,SM HOUSTON,4,17.4,3,100.0,100.0,1,1,0,0.0,0,0.15,4,281,0,76.3,65.7,70.3,,68.9,0.0,0,0,48,0.0,0,50,1,45.7,5,92.0,46,0.0,0,158.3,5,1,100.0,50,134,47,9.4,26.8,2.91,38,86,104,1,1,182,394,1,1,1,339,369,1,229,485,199,,241,113,113,1,142,76,76,486,526,420,462,590,489,754,754,1,595,173,1,282,272,267,63,22,118,True
Elijah Porter,188428,HB,N ILLINOIS,4,-2.4,1,100.0,,0,0,0,0.0,0,0.05,1,254,0,76.3,34.9,68.2,75.2,64.3,0.0,0,0,14,50.0,28,56,0,43.6,5,50.0,28,3.6,2,86.7,5,0,5.4,3,24,36,7.2,4.8,0.86,16,226,112,1,,32,74,1,1,1,169,145,1,73,275,188,80,131,31,31,1,139,11,33,125,1,189,102,267,185,181,152,161,143,62,117,87,178,139,170,215,153,True
Phillip Folmar,204738,WR,BUFFALO,3,10.6,0,40.0,25.0,1,4,0,0.0,0,-0.89,0,126,0,70.7,70.4,54.0,,54.1,0.0,0,0,3,0.0,0,25,0,12.5,2,96.0,24,100.0,25,47.9,5,0,0.0,0,5,0,0.0,2.5,0.21,572,437,492,697,406,182,104,1,1,1,767,733,1,415,155,688,,687,113,113,1,762,76,76,642,1,769,671,225,639,1,256,685,595,397,756,756,759,743,743,761,755,True
Jordon Davison,199872,HB,OREGON,4,-3.4,1,60.0,0.0,0,1,0,25.0,1,0.38,0,264,0,40.2,82.5,68.9,87.1,47.3,0.0,0,0,9,36.5,27,74,0,50.0,3,59.5,44,12.2,9,64.6,5,0,12.2,9,13,29,9.7,4.3,0.3,16,258,112,251,32,32,13,1,253,203,57,233,1,253,35,175,2,262,31,31,1,213,57,36,61,1,97,186,232,87,48,26,253,143,62,32,12,238,179,94,229,262,True
Breezy Dubar,176209,HB,MO STATE,4,-4.0,2,80.0,,0,0,0,0.0,0,0.34,1,230,0,74.9,52.9,68.3,76.7,64.7,0.0,0,0,5,25.4,16,63,0,54.5,4,68.3,43,3.2,2,79.2,5,0,6.3,4,9,25,6.3,2.3,0.21,16,274,57,138,,32,74,1,1,1,72,145,1,98,248,186,72,128,31,31,1,264,161,117,103,1,63,135,151,96,193,152,199,143,62,100,62,256,195,192,267,270,True
Simon Kibbee,190962,TE,AIR FORCE,3,11.8,0,80.0,50.0,1,2,0,0.0,0,0.25,4,101,0,74.9,65.0,69.0,61.1,68.2,43.2,19,0,34,2.3,1,44,0,42.5,4,88.6,39,29.5,13,118.8,5,0,27.3,12,80,30,7.5,20.0,2.05,234,32,123,91,70,42,39,1,1,1,105,66,1,85,154,58,189,77,221,219,1,45,280,270,194,1,226,140,32,161,180,190,76,173,121,4,20,72,98,52,9,57,True
Matt Ludwig,214131,TE,TEXAS TECH,4,14.0,1,60.0,50.0,1,2,0,0.0,0,0.52,2,315,0,73.1,66.9,56.6,72.8,56.1,63.6,28,0,15,20.5,9,44,0,60.5,3,77.3,34,31.8,14,116.7,5,1,4.5,2,30,2,0.7,10.0,0.88,17,14,60,215,70,42,39,1,1,1,31,140,1,114,84,176,61,189,90,161,1,178,120,164,194,1,32,189,156,187,162,177,92,173,28,170,166,195,274,281,135,185,True
Tyren Hornes,214162,WR,UCF,4,20.4,2,60.0,,0,0,0,0.0,0,0.25,3,323,0,73.1,64.1,63.0,,64.5,0.0,0,0,21,0.0,0,32,1,56.7,3,93.8,30,25.0,8,95.4,5,0,71.9,23,52,21,7.0,17.3,1.73,38,29,162,476,,435,605,1,1,1,255,436,1,340,580,426,,373,113,113,1,509,76,76,598,526,125,593,437,597,359,523,415,595,397,427,445,537,490,157,151,354,True
Payton Matthews,199106,WR,RICE,4,11.0,0,40.0,100.0,1,1,0,0.0,0,0.41,1,275,0,70.7,62.9,60.6,,59.1,0.0,0,0,25,0.0,0,32,0,50.0,2,100.0,32,6.3,2,61.3,5,0,93.8,30,31,6,3.0,15.5,0.97,38,398,492,697,1,182,394,1,1,1,127,627,1,415,636,508,,557,113,113,1,446,76,76,598,1,254,671,1,580,686,690,642,595,397,79,401,642,657,515,225,597,True
Elijah Burress,199836,WR,NOTRE DAME,1,11.6,1,60.0,,0,0,0,0.0,0,0.07,2,258,0,73.1,64.1,69.3,,68.8,0.0,0,0,16,0.0,0,11,0,54.5,3,100.0,11,27.3,3,79.6,5,0,72.7,8,33,22,7.3,11.0,3.0,760,353,293,476,,435,605,1,1,1,430,522,1,340,580,222,,245,113,113,1,604,76,76,753,1,156,593,1,746,343,658,524,595,397,422,623,630,475,140,475,108,True
Ar'Mari Towns,214623,TE,PURDUE,4,4.4,0,80.0,0.0,0,1,0,0.0,0,0.26,1,273,0,74.9,65.0,58.8,68.8,58.4,52.9,18,0,11,5.9,2,34,0,54.5,4,91.2,31,17.6,6,88.3,5,0,26.5,9,26,17,4.3,6.5,0.84,17,226,123,91,105,105,75,1,1,1,99,200,1,85,154,148,126,158,166,228,1,225,259,259,237,1,68,140,24,207,249,254,179,173,121,6,48,209,169,144,230,191,True
Frank Abreu,198499,TE,HAWAII,4,5.6,0,100.0,100.0,1,1,0,0.0,0,-0.13,2,180,0,76.3,65.7,75.3,74.1,74.5,33.3,6,0,9,22.2,4,18,0,41.2,5,77.8,14,66.7,12,132.1,5,1,0.0,0,31,7,1.4,6.2,2.21,17,187,123,1,1,42,75,1,1,1,258,140,1,67,126,24,37,42,259,277,1,244,99,233,277,1,240,109,151,274,5,200,58,173,28,254,254,188,242,263,242,48,True
Jywon Boyd,190682,WR,TROY,2,8.2,2,60.0,,0,0,0,25.0,1,-0.14,2,318,0,39.5,64.1,62.6,,62.3,0.0,0,0,20,0.0,0,25,0,32.0,3,100.0,25,96.0,24,83.8,5,0,4.0,1,38,26,8.7,12.7,1.52,700,601,162,476,,435,605,1,703,447,623,522,1,688,580,440,,445,113,113,1,525,76,76,642,1,739,593,1,631,28,265,503,595,397,735,747,604,432,82,374,431,True
Chris Henry Jr.,214659,WR,OHIO STATE,4,11.8,2,60.0,0.0,0,1,0,0.0,0,0.81,3,260,0,73.1,64.1,65.3,,63.9,0.0,0,1,75,0.0,0,51,0,66.0,3,98.0,50,13.7,7,104.2,5,2,86.3,44,105,71,23.7,35.0,2.1,38,340,162,476,435,435,394,1,1,1,8,436,1,340,580,350,,386,113,113,554,13,76,76,475,1,29,593,101,460,530,542,329,595,71,233,320,352,171,1,6,262,True
Brady Anderson,190493,TE,ARMY,3,9.8,0,60.0,,0,0,0,0.0,0,0.2,1,114,0,73.1,68.5,62.7,64.5,53.8,42.3,11,0,8,3.8,1,26,2,52.2,3,84.6,22,0.0,0,71.3,5,0,57.7,15,23,3,1.0,7.7,1.05,234,67,123,215,,105,169,1,1,1,127,200,1,114,39,114,170,216,226,261,1,252,272,270,258,264,95,189,68,247,289,289,235,173,121,1,10,226,265,267,206,148,True
Kiefer Sibley,183481,HB,NEW MEXICO,4,0.4,5,80.0,,0,0,0,20.0,1,0.35,2,241,0,45.9,79.8,82.4,58.8,60.4,2.1,1,0,20,29.2,14,48,0,51.1,4,66.7,32,8.3,4,90.0,5,0,2.1,1,28,22,5.5,7.0,0.88,16,106,12,138,,32,74,1,240,203,69,87,1,242,98,24,158,173,17,10,1,82,127,131,160,1,94,135,167,164,98,94,137,143,62,198,164,162,209,221,143,149,True
Brycen Coleman,188510,WR,VANDERBILT,4,6.4,0,60.0,0.0,0,1,0,0.0,0,0.35,1,333,0,73.1,65.4,55.1,,53.3,0.0,0,0,18,0.0,0,61,0,56.4,3,90.2,55,16.4,10,77.9,5,0,83.6,51,31,22,7.3,10.3,0.56,38,664,492,476,435,435,394,1,1,1,171,627,1,340,521,668,,703,113,113,1,563,76,76,420,1,129,593,691,429,483,463,540,595,397,278,277,642,475,140,529,705,True
Charlie Williams,174084,TE,COLORADO,3,9.2,0,80.0,,0,0,0,20.0,1,0.1,3,143,0,45.9,65.0,43.9,68.7,55.7,58.5,48,0,23,37.8,31,82,0,44.2,4,58.5,48,31.7,26,151.3,5,1,7.3,6,54,14,3.5,13.5,1.13,234,80,123,91,,105,169,1,244,191,165,89,1,245,154,281,128,196,123,69,1,108,18,10,81,1,195,140,272,129,164,91,22,173,28,127,76,118,185,190,60,135,True
Dillon Lorick,190418,WR,E CAROLINA,4,12.6,0,60.0,0.0,0,1,0,40.0,2,-0.07,2,156,0,21.7,64.1,54.5,,54.1,0.0,0,0,52,0.0,0,65,0,47.5,3,93.8,61,12.3,8,104.2,5,0,87.7,57,87,43,14.3,29.0,1.43,38,280,492,476,435,435,394,1,748,662,583,522,1,756,580,676,,687,113,113,1,111,76,76,397,1,354,593,437,397,555,523,329,595,397,201,248,414,295,18,14,456,True
Jason Dickerson,190409,WR,E CAROLINA,4,4.8,3,80.0,,0,0,0,0.0,0,0.06,1,156,0,74.9,65.3,70.8,62.1,65.6,0.0,0,1,61,2.9,1,35,0,44.1,4,91.4,32,91.4,32,118.8,5,1,5.7,2,68,47,11.8,17.0,2.13,38,716,104,112,,435,605,1,1,1,444,627,1,281,522,182,43,333,113,113,554,62,10,16,576,1,490,524,641,580,69,207,206,595,173,717,721,469,267,39,162,254,True
Cash Cheeks,176808,TE,UTEP,4,14.6,0,80.0,,0,0,0,0.0,0,-0.04,3,330,0,74.9,65.0,55.4,80.4,57.7,24.8,25,0,22,24.8,25,101,0,45.7,4,71.3,72,47.5,48,155.4,5,3,5.0,5,59,12,3.0,14.8,0.82,17,11,123,91,,105,169,1,1,1,230,89,1,85,154,192,2,173,281,179,1,118,75,24,37,1,178,140,215,56,52,23,15,173,3,161,99,107,200,211,44,196,True
Jerry Lydiatt,175677,TE,NEW MEX ST,5,6.5,0,50.0,0.0,0,1,0,0.0,0,-0.85,0,242,0,70.7,64.6,70.5,76.5,52.8,67.9,19,0,3,35.7,10,28,0,22.2,2,64.3,18,10.7,3,56.3,4,0,0.0,0,5,3,1.5,2.5,0.28,1,167,123,244,105,105,75,1,1,1,293,266,1,161,195,51,15,225,63,219,1,291,25,149,251,1,293,237,255,260,280,279,260,203,121,254,254,287,265,260,289,275,True
Chris Kiel,201507,WR,N DAK ST,3,12.5,3,100.0,100.0,1,1,0,0.0,0,0.39,3,250,0,74.9,66.5,68.3,,69.0,0.0,0,0,19,0.0,0,34,0,64.5,4,91.2,31,26.5,9,158.3,4,1,73.5,25,50,8,2.0,12.5,1.61,572,286,104,1,1,182,394,1,1,1,145,436,1,281,443,248,,235,113,113,1,544,76,76,581,1,34,524,649,590,346,494,1,656,173,419,433,545,634,641,383,394,True
Sequel Patterson,218858,WR,S CAROLINA,3,1.5,0,75.0,,0,0,0,0.0,0,0.4,0,289,0,73.1,69.7,49.6,,49.0,3.7,1,0,8,0.0,0,27,0,51.9,3,100.0,27,88.9,24,77.1,4,0,0.0,0,9,11,3.7,3.0,0.33,572,755,492,182,,435,605,1,1,1,138,733,1,340,206,753,,759,22,40,1,731,76,76,626,1,215,593,1,615,94,265,544,656,397,756,756,748,598,460,759,739,True
Tayvion Galloway,183718,TE,MIDDLE TN,4,6.8,0,75.0,,0,0,0,0.0,0,0.16,0,224,0,73.1,64.1,46.3,37.0,48.0,77.3,34,0,7,15.9,7,44,1,48.8,3,84.1,37,18.2,8,81.3,4,0,4.5,2,16,8,2.7,5.3,0.43,17,157,123,123,,105,169,1,1,1,148,266,1,114,198,270,259,265,22,124,1,262,166,195,194,167,136,189,70,170,246,240,205,203,121,170,166,250,232,221,259,254,True
James Flanigan,200352,TE,NOTRE DAME,4,2.8,0,75.0,0.0,0,1,0,0.0,0,0.74,2,258,0,73.1,64.1,59.0,62.1,59.0,65.5,19,0,9,31.0,9,29,0,70.4,3,65.5,19,13.8,4,124.0,4,1,10.3,3,19,8,2.7,6.3,1.0,17,263,123,123,105,105,75,1,1,1,8,140,1,114,198,144,182,149,78,219,1,244,40,164,246,1,5,189,248,257,268,275,68,203,28,77,136,239,232,221,235,155,True
Liam Thorpe,200323,WR,STANFORD,4,10.8,2,75.0,,0,0,0,0.0,0,-0.26,2,300,0,73.1,76.0,62.5,,61.2,0.0,0,0,19,0.0,0,34,0,35.5,3,91.2,31,97.1,33,110.4,4,0,2.9,1,44,15,5.0,14.7,1.42,38,418,162,182,,435,605,1,1,1,699,522,1,340,49,442,,488,113,113,1,544,76,76,581,1,696,593,649,590,19,203,279,656,397,743,747,570,547,307,267,461,True
DaMarion Fowlkes,198888,WR,MISSOURI,4,10.5,0,50.0,,0,0,0,0.0,0,0.05,2,229,0,70.7,78.9,58.4,,58.3,0.0,0,0,18,0.0,0,25,0,48.0,2,100.0,25,48.0,12,80.2,4,0,52.0,13,35,10,5.0,17.5,1.4,38,444,492,602,,435,605,1,1,1,461,522,1,415,18,575,,584,113,113,1,563,76,76,642,1,335,671,1,631,251,425,521,656,397,514,556,619,609,307,143,467,True
Terrance Shelton Jr.,188159,HB,BUFFALO,2,-1.0,0,100.0,,0,0,0,0.0,0,0.11,0,126,0,74.9,77.3,69.1,72.6,56.5,0.0,0,0,4,28.0,14,50,0,43.8,4,70.0,35,14.0,7,79.2,4,0,2.0,1,11,15,3.8,2.8,0.31,270,166,204,1,,32,74,1,1,1,149,233,1,98,145,170,98,218,31,31,1,271,140,131,154,1,185,135,127,140,36,46,199,184,62,200,164,246,246,262,262,260,True
Jakorion Caffey,188188,HB,KENT STATE,4,2.0,1,50.0,0.0,0,1,0,0.0,0,0.33,0,201,0,73.1,77.0,57.5,26.5,58.1,2.9,1,1,4,20.6,7,34,0,50.0,2,67.6,23,5.9,2,16.7,4,0,5.9,2,7,12,6.0,3.5,0.3,16,61,112,267,32,32,13,1,1,1,75,233,1,132,149,277,254,195,11,10,266,271,207,227,220,1,97,252,157,215,131,152,286,184,62,103,117,266,255,201,247,262,True
D.J. McKinney,175620,HB,TULSA,5,-2.0,1,75.0,0.0,0,1,0,0.0,0,0.3,1,320,0,73.1,74.1,71.8,71.6,63.6,0.0,0,0,20,29.7,11,37,0,48.6,3,70.3,26,0.0,0,81.3,4,0,2.7,1,16,36,12.0,5.3,0.62,1,206,112,164,32,32,13,1,1,1,85,145,1,132,185,142,108,137,31,31,1,82,120,173,203,1,128,186,124,195,249,249,187,184,62,185,164,219,139,45,196,196,True
Girard Pringle Jr.,200163,HB,MIAMI FL,4,-3.5,3,100.0,,0,0,0,0.0,0,0.81,3,220,0,74.9,77.5,75.2,78.7,84.7,0.0,0,0,23,29.6,8,27,0,83.3,4,66.7,18,11.1,3,111.5,4,0,3.7,1,43,57,14.3,10.8,2.39,16,263,37,1,,32,74,1,1,1,5,47,1,98,139,92,53,14,31,31,1,61,122,217,249,1,1,135,167,247,57,118,65,184,62,154,164,103,81,22,49,31,True
Ja'Kyrian Turner,199087,HB,PITTSBURGH,1,5.3,1,100.0,,0,0,0,0.0,0,0.91,3,268,0,74.9,73.7,66.9,77.8,72.5,0.0,0,0,45,22.7,5,22,0,73.7,4,68.2,15,13.6,3,158.3,4,1,4.5,1,69,48,12.0,17.3,4.6,281,17,112,1,,32,74,1,1,1,3,47,1,98,189,205,62,61,31,31,1,12,184,244,262,1,3,135,153,262,39,118,1,184,17,131,164,47,104,45,17,8,True
Ca'Lil Valentine,183515,HB,ILLINOIS,4,2.8,1,75.0,,0,0,0,0.0,0,0.18,2,187,0,73.1,82.3,68.8,28.1,56.6,0.0,0,0,33,30.6,22,72,0,56.7,3,62.5,45,4.2,3,112.5,4,0,8.3,6,46,40,13.3,15.3,1.02,16,44,112,164,,32,74,1,1,1,119,87,1,132,43,178,248,216,31,31,1,28,105,70,67,1,46,186,209,80,171,118,60,184,62,67,37,97,124,29,23,129,True
Vernon Allen III,199113,WR,RUTGERS,4,13.0,1,75.0,50.0,1,2,0,0.0,0,0.1,3,278,0,73.1,64.1,59.1,,57.8,0.0,0,0,28,0.0,0,73,0,44.9,3,94.5,69,12.3,9,155.2,4,2,87.7,64,49,13,4.3,16.3,0.71,38,257,293,182,228,182,242,1,1,1,397,436,1,340,580,552,,602,113,113,1,395,76,76,348,1,466,593,356,341,555,494,41,656,71,201,212,550,574,384,194,673,True
Jase Nix,199147,WR,S JOSE ST,4,13.5,0,100.0,,0,0,0,0.0,0,0.01,3,285,0,74.9,65.0,58.8,,61.1,0.0,0,0,27,0.0,0,65,1,34.4,4,98.5,64,3.1,2,158.3,4,1,96.9,63,55,4,1.0,13.8,0.86,38,234,492,1,,435,605,1,1,1,515,436,1,281,526,561,,489,113,113,1,410,76,76,397,526,720,524,87,379,735,690,1,656,173,32,224,521,692,706,325,635,True
Quinton Martin Jr.,183609,HB,PENN STATE,3,-3.3,0,100.0,,0,0,0,0.0,0,0.47,0,266,0,49.8,78.2,70.5,76.9,50.5,0.0,0,0,4,15.4,4,26,0,54.2,4,76.9,20,0.0,0,79.2,4,0,3.8,1,4,17,4.3,1.0,0.2,231,251,204,1,,32,74,1,1,1,40,233,1,227,124,152,70,253,31,31,1,271,244,252,251,1,67,135,70,233,249,249,199,184,62,149,164,272,228,252,278,272,True
Darrien Jones,125156,HB,UNLV,2,-1.5,2,50.0,0.0,0,1,0,33.3,1,-0.15,1,325,0,31.6,72.1,50.8,76.7,52.1,0.0,0,0,9,33.3,5,15,0,46.7,2,66.7,10,6.7,1,60.4,4,0,6.7,1,16,17,8.5,8.0,1.6,270,186,57,267,32,32,13,1,270,203,240,145,1,268,198,283,72,239,31,31,1,213,76,244,277,1,148,252,167,280,120,194,257,184,62,91,164,219,228,122,109,63,True
De'Andre Tamarez,166545,WR,MARSHALL,3,17.8,2,75.0,,0,0,0,0.0,0,-0.1,3,214,0,74.9,65.0,63.6,,67.0,0.0,0,1,42,0.0,0,44,2,35.1,3,84.1,37,9.1,4,77.1,4,0,90.9,40,96,43,14.3,32.0,2.59,572,76,162,182,,435,605,1,1,1,604,436,1,281,526,399,,289,113,113,554,206,76,76,517,719,704,593,764,548,630,629,544,656,397,132,340,379,295,18,8,156,True
Houston Thomas,158831,TE,TEXAS A&M,4,2.5,0,75.0,,0,0,0,0.0,0,0.05,0,312,0,74.9,65.0,49.9,72.9,47.4,56.8,42,0,6,12.2,9,74,0,44.3,3,82.4,61,28.4,21,77.1,4,0,14.9,11,12,4,1.3,4.0,0.2,17,271,123,123,,105,169,1,1,1,190,266,1,85,154,255,55,267,137,96,1,272,215,164,100,1,194,189,94,89,195,120,219,203,121,35,28,264,256,264,278,288,True
Ja'Ricous Hairston,175499,TE,VA TECH,4,8.3,1,100.0,,0,0,0,0.0,0,0.34,3,337,0,74.9,65.0,65.8,32.3,74.2,66.7,22,0,33,12.1,4,33,0,41.9,4,81.8,27,30.3,10,158.3,4,1,3.0,1,70,43,10.8,17.5,2.59,17,101,60,1,,105,169,1,1,1,75,89,1,85,154,83,272,44,68,204,1,50,217,233,240,1,235,140,106,227,174,220,1,203,28,208,202,88,60,12,20,33,True
Kaden Saunders,164184,WR,SO MISS,3,8.5,0,75.0,100.0,2,2,0,0.0,0,0.1,1,296,0,73.1,64.1,65.1,,64.8,0.0,0,0,14,0.0,0,21,0,35.0,3,95.2,20,23.8,5,90.6,4,0,76.2,16,25,0,0.0,8.3,1.25,572,585,492,182,1,90,242,1,1,1,397,627,1,340,580,356,,362,113,113,1,647,76,76,677,1,705,593,290,677,379,597,451,656,397,384,515,670,743,743,649,506,True
Miles Williams,158953,WR,NEW MEXICO,4,10.5,0,25.0,100.0,1,1,0,0.0,0,0.31,1,241,0,66.7,61.0,55.7,,53.8,0.0,0,0,19,0.0,0,47,0,51.2,1,91.5,43,57.4,27,46.9,4,0,42.6,20,19,0,0.0,19.0,0.44,38,444,492,748,1,182,394,1,1,1,201,627,1,496,681,650,,696,113,113,1,544,76,76,502,1,233,736,633,513,230,237,690,656,397,536,468,700,743,743,98,731,True
Lanear McCrary Jr.,181470,HB,GA STATE,4,2.8,1,75.0,0.0,0,1,0,0.0,0,0.22,2,175,0,73.1,62.6,74.5,87.1,59.9,0.0,0,1,13,26.8,15,56,0,53.8,3,69.6,39,5.4,3,50.0,4,0,1.8,1,24,17,5.7,8.0,0.62,16,44,112,164,32,32,13,1,1,1,109,87,1,132,219,97,2,177,31,31,266,151,149,123,125,1,70,186,134,115,142,118,265,184,62,206,164,178,228,212,109,196,True
Tavian McNair,199403,WR,UNLV,3,20.8,0,75.0,0.0,0,1,0,0.0,0,0.13,2,325,0,74.9,65.0,72.1,,72.1,0.0,0,1,38,0.0,0,29,0,51.9,3,93.1,27,3.4,1,116.7,4,1,96.6,28,54,5,1.7,18.0,2.0,572,27,492,182,435,435,394,1,1,1,359,522,1,281,526,146,,155,113,113,554,257,76,76,615,1,215,593,514,615,729,718,234,656,173,38,416,524,675,672,130,282,True
Zach Stair,218328,WR,GA STATE,2,12.8,0,75.0,0.0,0,1,0,0.0,0,0.51,1,175,0,73.1,64.1,71.0,,70.8,0.0,0,0,13,0.0,0,15,0,50.0,3,93.3,14,13.3,2,87.5,4,0,86.7,13,22,12,4.0,7.3,1.57,700,268,492,182,435,435,394,1,1,1,76,627,1,340,580,173,,177,113,113,1,662,76,76,729,1,254,593,488,728,538,690,475,656,397,224,556,688,581,415,686,407,True
Zaire McKinney,217080,WR,N ILLINOIS,4,7.0,0,50.0,,0,0,0,0.0,0,0.47,1,254,0,70.7,62.9,58.9,,60.4,0.0,0,0,12,0.0,0,20,0,47.4,2,95.0,19,35.0,7,61.5,4,0,65.0,13,17,1,0.5,8.5,0.89,38,647,492,602,,435,605,1,1,1,95,627,1,415,636,557,,515,113,113,1,681,76,76,686,1,357,671,305,685,298,542,640,656,397,466,556,709,732,737,640,626,True
Mana Carvalho,199455,WR,UTAH,3,14.0,0,50.0,0.0,0,1,0,0.0,0,-0.09,1,328,0,70.7,79.2,74.6,,73.9,0.0,0,0,23,0.0,0,12,0,45.5,2,91.7,11,83.3,10,83.3,4,0,16.7,2,38,0,0.0,19.0,3.45,572,200,492,602,435,435,394,1,1,1,594,627,1,415,14,106,,124,113,113,1,481,76,76,745,1,434,671,618,746,138,463,506,656,397,614,721,604,743,743,98,69,True
Lolo Mataele,200038,HB,W MICHIGAN,4,-2.0,1,100.0,100.0,1,1,0,0.0,0,-0.06,1,347,1,74.9,42.0,64.3,57.3,49.8,0.0,0,0,13,33.3,14,42,1,47.5,4,61.9,26,4.8,2,85.4,4,0,19.0,8,18,26,6.5,4.5,0.69,16,206,112,1,1,5,13,1,1,1,215,145,274,98,268,234,162,255,31,31,1,151,76,131,179,245,138,135,215,195,152,152,164,184,62,14,21,207,190,187,224,183,True
Sitani Mikaele,188400,HB,HAWAII,4,-0.3,0,75.0,,0,0,0,0.0,0,-0.12,1,180,0,73.1,77.0,65.3,72.5,65.2,0.0,0,0,18,62.7,52,83,0,38.0,3,36.1,30,3.6,3,97.9,4,0,0.0,0,32,30,10.0,10.7,1.07,16,135,204,164,,32,74,1,1,1,233,145,1,132,149,218,100,124,31,31,1,100,4,2,43,1,256,186,283,172,181,118,100,184,62,228,228,147,172,84,52,120,True
Marcellous Hawkins Jr.,200025,HB,VA TECH,4,0.3,2,100.0,,0,0,0,0.0,0,0.11,2,337,0,76.3,60.3,74.4,45.8,63.0,0.0,0,0,15,33.3,23,69,1,38.7,4,56.5,39,5.8,4,101.0,4,0,2.9,2,33,32,8.0,8.3,0.85,16,112,57,1,,32,74,1,1,1,149,87,1,73,227,100,204,142,31,31,1,127,76,61,77,245,250,135,247,115,136,94,87,184,62,174,117,136,159,141,100,157,True
Jamarion Morrow,199997,HB,TEXAS A&M,2,-1.8,2,100.0,,0,0,0,0.0,0,0.23,3,312,0,74.9,75.6,70.4,48.0,79.2,0.0,0,0,13,36.0,9,25,0,54.5,4,56.0,14,4.0,1,104.2,4,0,0.0,0,36,43,10.8,9.0,2.57,270,198,57,1,,32,74,1,1,1,105,47,1,98,169,154,198,28,31,31,1,151,61,198,258,1,63,135,251,266,175,194,74,184,62,228,228,130,116,66,83,25,True
Fabian Rogosch,163576,TE,TROY,3,6.3,0,100.0,,0,0,0,0.0,0,0.42,2,318,0,74.9,65.0,69.3,73.6,90.7,95.8,23,0,19,66.7,16,24,0,56.5,4,33.3,8,0.0,0,153.1,4,1,0.0,0,45,20,5.0,11.3,5.63,234,173,123,1,,105,169,1,1,1,47,140,1,85,154,55,45,3,3,197,1,141,1,75,266,1,51,140,294,291,289,289,18,203,28,254,254,146,147,115,108,2,True
Cyncir Bowers,199540,HB,UCONN,4,-4.8,0,100.0,,0,0,0,0.0,0,0.24,1,146,0,74.9,79.3,80.1,39.6,71.2,1.9,1,0,11,35.2,19,54,0,53.8,4,63.0,34,3.7,2,95.8,4,0,1.9,1,28,47,11.8,7.0,0.82,16,279,204,1,,32,74,1,1,1,101,145,1,98,105,36,225,71,20,10,1,179,68,86,136,1,70,135,203,149,180,152,111,184,62,202,164,162,107,53,143,171,True
Nick Tyree,199644,WR,DELAWARE,2,7.0,1,50.0,0.0,0,1,0,0.0,0,-0.6,1,151,0,70.7,64.6,58.2,,58.0,0.0,0,0,8,0.0,0,23,0,27.3,2,95.7,22,100.0,23,95.8,4,1,0.0,0,12,7,3.5,6.0,0.55,700,647,293,602,435,435,394,1,1,1,758,627,1,415,576,583,,594,113,113,1,731,76,76,665,1,756,671,257,664,1,275,409,656,173,756,756,728,649,479,718,708,True
Jacob Newell,163273,TE,TOLEDO,4,3.3,0,100.0,,0,0,0,0.0,0,0.36,3,316,0,74.9,65.0,73.0,35.6,64.1,59.5,25,0,20,7.1,3,42,1,50.0,4,81.0,34,28.6,12,143.8,4,1,7.1,3,36,23,5.8,9.0,1.06,17,255,123,1,,105,169,1,1,1,65,89,1,85,154,34,263,104,117,179,1,135,248,247,208,167,115,140,117,187,192,200,38,203,28,128,136,175,132,97,165,145,True
CJ Nelson,162514,WR,BALL ST,3,12.5,0,50.0,,0,0,0,0.0,0,-0.11,1,117,0,70.7,62.9,46.3,,49.5,0.0,0,0,8,0.0,0,52,3,37.5,2,92.3,48,9.6,5,58.3,4,0,90.4,47,14,1,0.5,7.0,0.29,572,286,492,602,,435,605,1,1,1,610,627,1,415,636,764,,754,113,113,1,731,76,76,471,760,665,671,571,479,611,597,652,656,397,152,295,718,732,737,695,744,True
Cam Barfield,162657,HB,HAWAII,2,3.3,0,75.0,0.0,0,1,0,0.0,0,0.15,1,180,0,73.1,70.7,69.4,64.5,83.9,0.0,0,0,8,60.0,9,15,0,53.3,3,40.0,6,6.7,1,80.2,4,0,0.0,0,15,11,3.7,5.0,2.5,270,36,204,164,32,32,13,1,1,1,129,145,1,132,207,163,137,16,31,31,1,231,6,198,277,1,75,186,281,283,120,194,194,184,62,228,228,229,258,265,208,27,True
Andrew Olesh,199899,TE,OREGON,4,13.8,0,75.0,,0,0,0,0.0,0,0.31,2,264,0,73.1,66.4,48.4,66.0,55.0,44.4,32,0,13,16.7,12,72,2,51.5,3,79.2,57,43.1,31,137.5,4,1,12.5,9,32,8,2.7,10.7,0.56,17,16,123,123,,105,169,1,1,1,84,140,1,114,104,260,151,203,212,137,1,200,151,114,108,264,105,189,132,103,75,67,45,203,28,51,48,185,232,221,119,240,True
Matt Ragan,162672,TE,UCONN,1,8.8,1,100.0,,0,0,0,0.0,0,0.64,3,146,0,74.9,65.0,86.6,68.4,83.8,64.7,11,0,13,17.6,3,17,0,56.3,4,82.4,14,29.4,5,106.3,4,0,5.9,1,38,3,0.8,9.5,2.71,292,87,60,1,,105,169,1,1,1,14,89,1,85,154,6,132,10,86,261,1,200,146,247,278,1,53,140,94,274,181,268,124,203,121,150,202,170,265,279,150,27,True
Sam Brown V,162899,HB,TEMPLE,2,8.3,0,100.0,100.0,2,2,0,0.0,0,0.43,4,306,0,74.9,78.2,73.6,44.4,90.2,0.0,0,0,78,37.5,12,32,0,41.9,4,62.5,20,3.1,1,158.3,4,2,0.0,0,105,75,18.8,26.3,5.25,270,6,204,1,1,2,5,1,1,1,47,15,1,98,124,109,206,5,31,31,1,2,49,159,232,1,211,135,209,233,195,194,1,184,4,228,228,18,44,7,1,4,True
Torrance Burgess Jr.,163031,HB,TEXAS ST,4,-1.0,0,100.0,,0,0,0,0.0,0,0.17,1,314,0,74.9,84.5,87.4,85.0,62.5,0.0,0,0,7,46.9,23,49,0,53.2,4,51.0,25,0.0,0,79.2,4,0,8.2,4,12,16,4.0,3.0,0.48,16,166,204,1,,32,74,1,1,1,121,145,1,98,15,6,10,149,31,31,1,245,19,61,157,1,76,135,266,203,249,249,199,184,62,70,62,242,239,256,253,229,True
Jerome Bettis Jr.,199846,WR,NOTRE DAME,3,21.3,2,75.0,,0,0,0,0.0,0,0.99,2,258,0,73.1,64.1,80.2,64.4,79.7,7.7,1,0,56,7.7,1,13,0,66.7,3,84.6,11,15.4,2,116.7,4,0,76.9,10,87,32,10.7,29.0,7.91,572,24,162,182,,435,605,1,1,1,2,522,1,340,580,40,23,43,4,40,1,86,1,16,739,1,24,593,759,746,499,690,234,656,397,376,595,414,384,48,14,1,True
Milan Parris,216983,WR,MIAMI FL,3,3.3,0,75.0,,0,0,0,0.0,0,-0.41,2,220,0,73.1,64.1,55.6,,54.8,0.0,0,0,13,0.0,0,21,0,42.9,3,100.0,21,9.5,2,84.4,4,0,90.5,19,19,26,8.7,6.3,0.9,572,733,492,182,,435,605,1,1,1,741,522,1,340,580,653,,676,113,113,1,662,76,76,677,1,534,593,1,672,614,690,498,656,397,146,479,700,432,82,713,623,True
CJ Campbell,143876,HB,DUKE,4,-2.5,1,75.0,,0,0,0,0.0,0,-0.08,1,154,0,73.1,80.7,72.4,58.1,59.9,0.0,0,0,12,22.2,10,45,0,39.5,3,77.8,35,4.4,2,87.5,4,0,2.2,1,22,34,11.3,7.3,0.63,16,230,112,164,,32,74,1,1,1,220,145,1,132,82,130,160,177,31,31,1,168,192,185,171,1,244,186,57,140,166,152,152,184,62,194,164,190,148,59,135,192,True
Will Cianfrini,188810,WR,S DIEGO ST,3,26.3,0,25.0,100.0,1,1,0,0.0,0,-0.47,0,284,0,66.7,61.0,50.2,,53.8,0.0,0,0,7,0.0,0,14,1,46.2,1,92.9,13,0.0,0,39.6,4,0,100.0,14,7,-1,-1.0,7.0,0.54,572,5,492,748,1,182,394,1,1,1,751,733,1,496,681,745,,696,113,113,1,747,76,76,734,526,405,736,531,734,754,754,715,656,397,1,542,755,766,762,695,712,True
Kade Eldridge,176636,TE,WASHINGTON,3,-0.8,0,50.0,,0,0,0,33.3,1,-0.32,1,340,0,31.6,67.7,51.2,72.6,44.6,27.3,3,1,23,18.2,2,11,0,36.4,2,81.8,9,0.0,0,29.2,4,0,9.1,1,24,26,13.0,12.0,2.67,234,292,123,244,,105,169,1,266,191,282,200,1,267,61,245,67,280,276,288,256,108,136,259,289,1,274,237,106,289,289,289,285,203,121,95,202,222,118,6,96,30,True
Ryan Wolfer,188830,TE,S DIEGO ST,4,9.0,0,50.0,,0,0,0,0.0,0,-0.37,1,284,0,70.7,65.3,54.1,64.7,53.9,60.0,36,1,11,33.3,20,60,1,35.2,2,61.7,37,25.0,15,61.5,4,1,10.0,6,17,1,0.5,8.5,0.46,17,84,123,244,,105,169,1,1,1,288,200,1,161,152,213,169,214,113,117,256,225,30,39,138,167,278,237,268,170,212,167,252,203,28,84,76,249,282,284,182,250,True
Braylen Russell,184393,HB,ARKANSAS,4,-3.5,1,75.0,,0,0,0,0.0,0,-0.36,1,111,0,73.1,79.6,64.6,80.3,76.3,0.0,0,1,18,37.5,9,24,0,40.9,3,58.3,14,0.0,0,51.0,4,0,0.0,0,25,36,12.0,8.3,1.79,16,263,112,164,,32,74,1,1,1,274,145,1,132,100,228,42,36,31,31,266,100,49,198,260,1,224,186,240,266,249,249,264,184,62,228,228,176,139,45,100,55,True
Cole Tabb,188876,HB,CINCINNATI,4,2.0,2,100.0,100.0,1,1,0,0.0,0,0.28,3,138,0,74.9,78.9,94.0,80.9,80.2,0.0,0,0,16,32.1,9,28,0,55.6,4,64.3,18,0.0,0,151.0,4,1,0.0,0,43,35,8.8,10.8,2.39,16,61,57,1,1,5,13,1,1,1,91,47,1,98,116,1,38,25,31,31,1,120,93,198,244,1,52,135,192,247,249,249,16,184,17,228,228,103,145,118,49,31,True
Mark Hamper,175085,WR,CAL,2,7.3,0,100.0,,0,0,0,0.0,0,-0.06,2,130,0,76.3,65.7,69.0,,68.0,0.0,0,0,20,0.0,0,14,0,50.0,4,85.7,12,7.1,1,107.3,4,0,92.9,13,39,10,2.5,9.8,3.25,700,635,492,1,,435,605,1,1,1,576,522,1,229,485,232,,267,113,113,1,525,76,76,734,1,254,524,747,740,671,718,302,656,397,93,556,596,609,588,572,83,True
Dameon Crowe,216308,WR,TEXAS ST,3,1.0,3,100.0,,0,0,0,0.0,0,-0.05,1,314,0,74.9,70.5,74.8,,75.0,0.0,0,0,20,0.0,0,12,0,50.0,4,100.0,12,33.3,4,105.2,4,0,66.7,8,37,33,8.3,9.3,3.08,572,759,104,1,,435,605,1,1,1,569,627,1,281,152,104,,99,113,113,1,525,76,76,745,1,254,524,1,740,305,629,321,656,397,455,623,611,383,102,597,96,True
KJ Edwards,216272,HB,TEXAS A&M,4,-2.3,0,75.0,,0,0,0,25.0,1,-0.54,0,312,0,39.5,75.9,82.4,82.6,46.3,0.0,0,0,4,42.9,12,28,0,26.9,3,53.6,15,3.6,1,77.1,4,0,3.6,1,8,16,5.3,2.7,0.53,16,217,204,164,,32,74,1,253,203,281,233,1,254,162,24,25,265,31,31,1,271,30,159,244,1,279,186,257,262,181,194,219,184,62,158,164,261,239,227,263,219,True
TJ Engleman Jr.,184620,HB,E CAROLINA,4,0.3,0,50.0,,0,0,0,33.3,1,0.05,2,156,0,31.6,79.5,73.4,59.7,50.3,0.0,0,0,25,46.5,20,43,0,50.0,2,51.2,22,4.7,2,117.7,4,1,7.0,3,33,33,16.5,16.5,1.5,16,112,204,267,,32,74,1,270,203,169,87,1,268,103,113,155,254,31,31,1,48,21,81,176,1,97,252,265,226,156,152,55,184,17,85,87,136,154,12,18,68,True
Ethan Feaster,224064,WR,USC,5,8.3,1,100.0,100.0,2,2,0,0.0,0,0.38,2,326,0,74.9,68.2,63.4,,61.6,0.0,0,0,27,0.0,0,37,0,66.7,4,97.3,36,10.8,4,109.4,4,0,89.2,33,41,8,2.0,10.3,1.14,1,597,293,1,1,90,242,1,1,1,151,522,1,281,304,405,,478,113,113,1,410,76,76,561,1,24,524,140,554,592,629,291,656,397,173,389,586,634,641,529,542,True
Michael Barrow,189467,TE,NAVY,3,6.5,0,75.0,0.0,0,1,0,0.0,0,-0.05,1,237,0,73.1,77.1,69.3,73.2,53.4,6.4,3,0,12,10.6,5,47,0,39.5,3,80.9,38,53.2,25,88.5,4,0,12.8,6,23,14,4.7,7.7,0.61,234,167,123,123,105,105,75,1,1,1,239,200,1,114,1,55,50,219,292,288,1,219,231,219,186,1,261,189,119,168,26,94,178,203,121,50,76,226,185,134,206,231,True
Broderick Peters,216201,TE,SO MISS,4,9.3,4,100.0,,0,0,0,0.0,0,0.21,3,296,0,76.3,65.7,70.8,72.2,71.9,57.4,31,0,33,25.9,14,54,1,41.2,4,68.5,37,27.8,15,118.8,4,0,14.8,8,60,23,5.8,15.0,1.62,17,76,8,1,,105,169,1,1,1,122,89,1,67,126,49,79,56,131,145,1,50,64,98,158,167,240,140,235,170,199,167,76,203,121,36,58,104,132,97,39,80,True
Kamaehu Kopa-Kaawalauole,174871,TE,S JOSE ST,3,6.3,0,50.0,100.0,1,1,0,0.0,0,0.19,1,285,0,73.1,64.1,48.3,65.5,61.1,32.1,9,0,5,3.6,1,28,0,48.0,2,85.7,24,67.9,19,56.3,4,0,0.0,0,8,1,0.5,4.0,0.33,234,173,123,244,1,42,75,1,1,1,132,200,1,114,198,261,158,128,266,268,1,283,275,270,251,1,147,237,59,239,4,137,260,203,121,254,254,278,282,284,278,269,True
Cameron Seldon,174740,WR,USF,2,9.5,4,75.0,,0,0,0,25.0,1,0.51,2,327,0,39.5,71.4,60.6,,63.5,10.0,2,0,31,0.0,0,20,0,57.9,3,95.0,19,15.0,3,116.7,4,0,75.0,15,53,64,21.3,17.7,2.79,700,512,68,182,,435,605,1,703,447,76,522,1,688,119,508,,399,3,23,1,354,76,76,686,1,104,593,305,685,509,658,234,656,397,401,526,530,193,4,136,130,True
Xavier Williams,189698,HB,IOWA,4,-4.8,1,100.0,,0,0,0,0.0,0,0.0,2,192,0,74.9,76.6,73.4,24.9,75.4,5.0,1,0,12,25.0,5,20,0,50.0,4,70.0,14,0.0,0,135.4,4,1,0.0,0,28,47,11.8,7.0,2.0,16,279,112,1,,32,74,1,1,1,187,87,1,98,157,113,260,38,9,10,1,168,163,244,268,1,97,135,127,266,249,249,28,184,17,228,228,162,107,53,143,44,True
Dylan Gentry,184401,WR,JVILLE ST,5,2.3,0,75.0,,0,0,0,0.0,0,0.59,1,196,0,73.1,64.1,66.1,,61.6,0.0,0,0,15,0.0,0,25,0,73.9,3,92.0,23,92.0,23,94.8,4,0,8.0,2,29,23,7.7,9.7,1.26,1,749,492,182,,435,605,1,1,1,40,627,1,340,580,318,,478,113,113,1,626,76,76,642,1,6,593,590,646,61,275,421,656,397,691,721,649,466,123,580,502,True
Mason King,145860,HB,KENT STATE,4,-2.0,0,75.0,,0,0,0,0.0,0,0.02,1,201,0,73.1,79.8,68.1,60.6,61.0,2.1,1,0,9,12.8,6,47,0,39.1,3,85.1,40,2.1,1,83.3,4,0,6.4,3,18,22,7.3,6.0,0.45,16,206,204,164,,32,74,1,1,1,182,145,1,132,98,190,151,168,17,10,1,213,263,239,164,1,247,186,23,110,222,194,172,184,62,96,87,207,209,166,179,240,True
Solomon Baggett,215816,HB,ARK STATE,4,1.3,2,100.0,,0,0,0,0.0,0,0.32,4,113,0,74.9,79.3,76.2,57.2,81.5,0.0,0,0,10,32.4,11,34,0,64.7,4,67.6,23,2.9,1,99.0,4,0,5.9,2,31,26,6.5,7.8,1.35,16,83,57,1,,32,74,1,1,1,77,15,1,98,105,74,163,23,31,31,1,201,88,173,220,1,9,135,157,215,202,194,93,184,62,103,117,152,190,187,116,81,True
Matthew Klopfenstein,174633,TE,BAYLOR,4,10.3,0,50.0,,0,0,0,0.0,0,-0.06,0,118,0,73.1,64.1,45.2,72.9,46.2,60.7,54,0,9,28.1,25,89,0,39.2,2,65.2,58,31.5,28,56.3,4,0,3.4,3,12,4,2.0,6.0,0.21,17,54,123,244,,105,169,1,1,1,240,266,1,114,198,275,55,276,110,45,1,244,53,24,65,1,264,237,251,102,166,78,260,203,121,199,136,264,256,243,247,285,True
Ryan Brotherton,190144,TE,W MICHIGAN,4,10.5,1,50.0,,0,0,0,0.0,0,-0.1,1,347,0,70.7,62.9,55.7,,59.1,54.5,18,0,21,0.0,0,33,0,39.3,2,84.8,28,39.4,13,110.4,4,1,6.1,2,26,19,9.5,13.0,0.93,17,52,60,244,,105,169,1,1,1,251,200,1,161,234,188,,148,153,228,1,125,284,284,240,1,263,237,66,223,100,190,110,203,28,149,166,209,152,24,70,170,True
Makai Cope,146430,WR,MO STATE,2,12.3,0,25.0,,0,0,0,50.0,1,0.05,0,230,0,24.5,61.0,47.6,,49.2,0.0,0,1,15,0.0,0,19,0,44.4,1,94.7,18,0.0,0,3.1,4,0,100.0,19,15,1,1.0,15.0,0.83,700,302,492,748,,435,605,1,753,447,461,733,1,748,681,762,,757,113,113,554,626,76,76,701,1,480,736,330,693,754,754,764,656,397,1,479,715,732,706,245,644,True
Tony Livingston,174255,TE,BAYLOR,4,5.3,0,75.0,,0,0,0,0.0,0,0.25,0,118,1,73.1,10.3,41.8,31.1,41.2,53.3,32,0,19,25.0,15,60,1,50.0,3,71.7,43,40.0,24,96.9,4,0,5.0,3,31,16,5.3,10.3,0.72,17,198,123,123,,105,169,1,1,1,105,266,277,114,289,287,275,288,163,137,1,141,69,88,138,167,115,189,211,146,96,100,147,203,121,161,136,188,177,112,129,222,True
Harper Hughes,215318,WR,W MICHIGAN,4,6.3,1,75.0,,0,0,0,0.0,0,-0.23,1,347,0,73.1,69.5,61.2,,61.8,3.7,1,0,18,0.0,0,27,0,38.5,3,96.3,26,81.5,22,97.9,4,0,14.8,4,32,20,6.7,10.7,1.23,38,667,293,182,,435,605,1,1,1,683,627,1,340,220,489,,465,22,40,1,563,76,76,626,1,645,593,202,623,157,280,382,656,397,627,683,636,498,175,504,512,True
Conner Cravaack,176312,TE,AKRON,4,3.8,0,75.0,,0,0,0,0.0,0,-0.12,1,102,0,73.1,64.1,44.8,69.9,51.1,55.9,33,0,13,10.2,6,59,0,44.8,3,88.1,52,39.0,23,86.5,4,0,5.1,3,21,12,4.0,7.0,0.4,17,245,123,123,,105,169,1,1,1,257,200,1,114,198,276,112,249,146,132,1,200,235,211,143,1,190,189,38,120,106,105,187,203,121,159,136,234,200,162,218,261,True
DeBraun Hampton,190271,WR,BAYLOR,3,15.3,0,25.0,0.0,0,1,0,0.0,0,-0.1,0,118,0,66.7,61.0,55.6,,55.4,0.0,0,0,13,0.0,0,35,0,41.2,1,97.1,34,8.6,3,40.6,4,0,91.4,32,13,3,3.0,13.0,0.38,572,143,492,748,435,435,394,1,1,1,604,733,1,496,681,653,,660,113,113,1,662,76,76,576,1,580,736,153,572,640,658,713,656,397,121,393,722,706,515,360,735,True
Landen Thomas,183310,TE,FLORIDA ST,4,11.3,0,50.0,,0,0,0,0.0,0,0.37,1,167,0,70.7,62.9,59.7,68.8,56.0,69.2,45,0,11,27.7,18,65,1,47.5,2,69.2,45,20.0,13,96.9,4,1,6.2,4,13,5,2.5,6.5,0.29,17,41,123,244,,105,169,1,1,1,61,200,1,161,234,136,126,190,54,80,1,225,57,55,126,167,153,237,227,142,238,190,147,203,28,148,119,258,253,228,230,273,True
Brennan Parachek,174050,TE,MICH STATE,4,8.5,0,100.0,,0,0,0,0.0,0,0.0,4,223,0,74.9,65.0,53.2,55.0,60.2,70.4,50,0,24,22.5,16,71,1,49.3,4,74.6,53,14.1,10,118.8,4,0,15.5,11,50,16,4.0,12.5,0.94,17,96,123,1,,105,169,1,1,1,212,66,1,85,154,223,214,140,51,63,1,99,96,75,112,167,130,140,184,115,266,220,76,203,121,31,28,135,177,162,85,167,True
Luke Douglas,190565,TE,APP STATE,4,7.0,0,75.0,0.0,0,1,0,0.0,0,0.1,1,108,0,73.1,65.4,57.2,71.5,59.0,77.3,17,0,14,31.8,7,22,1,42.9,3,63.6,14,13.6,3,85.4,4,0,4.5,1,20,8,2.7,6.7,1.43,17,153,123,123,105,105,75,1,1,1,165,200,1,114,150,167,92,149,22,233,1,189,37,195,272,167,215,189,260,274,269,279,189,203,121,170,202,237,232,221,227,104,True
Gatlin Bair,215047,WR,OREGON,2,5.5,0,75.0,0.0,0,1,0,0.0,0,0.64,3,264,0,73.1,64.1,65.3,,63.1,0.0,0,0,10,0.0,0,24,0,65.2,3,95.8,23,4.2,1,90.6,4,0,95.8,23,25,11,3.7,8.3,1.09,700,699,492,182,435,435,394,1,1,1,29,436,1,340,580,350,,416,113,113,1,708,76,76,653,1,31,593,240,646,719,718,451,656,397,48,445,670,598,460,649,562,True
Kendre Harrison,215026,TE,OREGON,3,7.0,0,100.0,,0,0,0,0.0,0,0.9,3,264,0,74.9,65.0,79.8,71.5,78.9,70.8,17,0,26,33.3,8,24,0,73.9,4,62.5,15,25.0,6,158.3,4,1,4.2,1,53,25,6.3,13.3,3.53,234,153,123,1,,105,169,1,1,1,1,89,1,85,154,10,92,25,47,233,1,88,30,185,266,1,2,140,265,272,212,254,1,203,28,180,202,121,124,81,63,8,True
Kenyon Shabazz,214723,WR,SACRAMENTO,4,6.0,0,75.0,50.0,1,2,0,0.0,0,0.15,2,279,0,73.1,64.1,64.5,,63.8,0.0,0,0,18,0.0,0,22,0,52.4,3,95.5,21,0.0,0,99.0,4,0,100.0,22,33,13,4.3,11.0,1.57,38,676,492,182,228,182,242,1,1,1,339,522,1,340,580,374,,388,113,113,1,563,76,76,674,1,203,593,269,672,754,754,368,656,397,1,452,630,574,384,475,407,True
Jayden Kitchens,214654,WR,MARYLAND,4,5.5,0,100.0,100.0,1,1,0,0.0,0,-1.11,1,215,0,74.9,65.0,65.7,,66.2,0.0,0,0,18,0.0,0,18,0,35.3,4,94.4,17,27.8,5,110.4,4,0,72.2,13,42,20,5.0,10.5,2.47,38,699,492,1,1,182,394,1,1,1,769,627,1,281,526,325,,319,113,113,1,563,76,76,708,1,698,524,364,704,342,597,279,656,397,425,556,581,498,307,520,185,True
T.J. West,173655,WR,UTSA,4,11.3,0,75.0,100.0,1,1,0,0.0,0,-0.07,1,331,0,73.1,64.1,64.4,,63.8,0.0,0,0,13,0.0,0,22,0,33.3,3,95.5,21,13.6,3,92.7,4,0,86.4,19,27,9,3.0,9.0,1.29,38,373,492,182,1,182,394,1,1,1,583,627,1,340,580,379,,388,113,113,1,662,76,76,674,1,724,593,269,672,533,658,429,656,397,231,479,663,621,515,608,494,True
Hayden Moore,214649,WR,MINNESOTA,2,2.8,1,75.0,,0,0,0,0.0,0,0.29,1,225,0,73.1,64.1,74.0,,71.1,0.0,0,0,33,0.0,0,15,0,71.4,3,93.3,14,20.0,3,115.6,4,0,80.0,12,49,46,15.3,16.3,3.5,700,745,293,182,,435,605,1,1,1,227,627,1,340,580,119,,174,113,113,1,324,76,76,729,1,10,593,488,728,429,658,244,656,397,329,569,550,278,12,194,67,True
Ryan Ward,183343,TE,W VIRGINIA,4,12.3,1,50.0,,0,0,0,33.3,1,0.37,1,343,0,31.6,62.9,65.3,72.6,61.6,45.7,16,0,32,22.9,8,35,0,45.5,2,71.4,25,51.4,18,124.0,4,1,0.0,0,39,14,7.0,19.5,1.56,17,27,60,244,,105,169,1,266,191,61,200,1,267,234,89,67,124,204,240,1,54,90,185,231,1,181,237,214,234,29,146,68,203,28,254,254,166,185,60,11,87,True
Roger Saleapaga II,184864,TE,BYU,2,6.5,1,75.0,100.0,1,1,0,25.0,1,0.34,1,128,0,39.5,64.1,66.0,70.7,54.8,48.6,17,0,17,8.6,3,35,0,60.0,3,91.4,32,34.3,12,93.8,4,0,17.1,6,28,13,4.3,9.3,0.88,275,167,60,123,1,42,75,1,257,191,75,200,1,259,198,80,105,206,190,233,1,164,243,247,231,1,36,189,21,198,143,200,160,203,121,22,76,202,195,144,161,185,True
Antonio Martin,156308,HB,MIDDLE TN,4,-3.0,2,75.0,,0,0,0,25.0,1,0.29,0,224,0,46.6,64.7,68.0,55.2,51.8,0.0,0,0,13,26.2,17,65,1,54.2,3,67.7,44,3.1,2,87.5,4,0,3.1,2,22,31,10.3,7.3,0.5,16,240,57,164,,32,74,1,253,203,89,233,1,241,214,192,174,244,31,31,1,151,155,109,99,245,67,186,156,87,195,152,152,184,62,172,117,190,167,77,135,227,True
Jamal Rule,214466,HB,NEBRASKA,4,-1.0,1,100.0,,0,0,0,0.0,0,0.37,3,238,0,74.9,81.3,86.2,77.7,74.4,0.0,0,0,33,10.8,4,37,0,48.6,4,89.2,33,0.0,0,158.3,4,1,0.0,0,82,86,21.5,20.5,2.48,16,166,112,1,,32,74,1,1,1,62,47,1,98,64,8,63,45,31,31,1,28,268,252,203,1,128,135,11,153,249,249,1,184,17,228,228,24,29,2,9,28,True
Lavon Brown,173467,WR,COLO STATE,4,21.0,0,50.0,50.0,1,2,0,33.3,1,0.25,1,144,0,31.6,62.9,51.9,,53.8,0.0,0,0,19,0.0,0,33,1,46.7,2,90.9,30,78.8,26,72.9,4,0,21.2,7,28,3,1.5,14.0,0.93,38,26,492,602,228,182,242,1,730,447,255,627,1,724,636,722,,696,113,113,1,544,76,76,592,526,388,671,661,597,173,246,574,656,397,589,636,657,706,687,312,611,True
Shamar Rigby,190922,WR,WISCONSIN,4,9.0,0,25.0,50.0,1,2,0,50.0,1,-0.31,1,349,0,24.5,61.0,53.6,,51.4,0.0,0,0,11,0.0,0,37,0,45.7,1,94.6,35,16.2,6,39.6,4,0,83.8,31,11,1,1.0,11.0,0.31,38,549,492,748,228,182,242,1,753,447,714,627,1,748,681,701,,735,113,113,1,693,76,76,561,1,420,736,345,563,487,568,715,656,397,275,399,737,732,706,475,743,True
Leland Smith,190924,WR,UCLA,3,15.3,0,75.0,50.0,1,2,0,0.0,0,-0.03,3,324,0,73.1,64.1,74.4,,74.1,0.0,0,0,27,0.0,0,20,0,47.4,3,95.0,19,15.0,3,116.7,4,0,85.0,17,59,14,4.7,19.7,3.11,572,143,492,182,228,182,242,1,1,1,552,436,1,340,580,107,,121,113,113,1,410,76,76,686,1,357,593,305,685,509,658,234,656,397,250,504,501,559,347,83,93,True
Khai Taylor,176231,WR,SACRAMENTO,5,6.0,1,75.0,100.0,1,1,0,25.0,1,-0.4,2,279,0,39.5,64.1,55.3,,58.6,0.0,0,0,9,0.0,0,24,1,34.8,3,95.8,23,87.5,21,79.2,4,0,12.5,3,14,3,1.0,4.7,0.61,1,676,293,182,1,182,394,1,703,447,740,522,1,688,580,664,,580,113,113,1,719,76,76,653,526,709,593,240,646,111,294,529,656,397,646,703,718,706,706,753,691,True
Pierce Walsh,173425,TE,MINNESOTA,4,9.0,0,100.0,100.0,1,1,0,0.0,0,0.05,3,225,0,74.9,65.0,55.9,72.4,55.9,78.2,61,0,27,12.8,10,78,0,48.0,4,83.3,65,11.5,9,154.2,4,1,10.3,8,46,10,2.5,11.5,0.71,17,84,123,1,1,42,75,1,1,1,190,89,1,85,154,186,72,194,20,31,1,79,207,149,88,1,147,140,79,70,276,231,16,203,28,77,58,145,213,228,104,223,True
Kezion Dia-Johnson,191112,WR,UMASS,4,1.3,0,75.0,,0,0,0,25.0,1,-0.15,0,216,0,39.5,70.0,54.0,,54.9,0.0,0,0,11,0.0,0,21,1,33.3,3,85.7,18,33.3,7,83.3,4,0,66.7,14,18,22,7.3,6.0,1.0,38,757,492,182,,435,605,1,703,447,629,733,1,688,192,688,,674,113,113,1,693,76,76,677,526,724,593,747,693,305,542,506,656,397,455,542,702,475,140,718,587,True
Nate Levicki,177738,TE,W MICHIGAN,4,2.8,0,100.0,,0,0,0,0.0,0,0.09,1,347,0,74.9,66.0,65.2,63.0,58.0,76.2,32,0,27,21.4,9,42,0,46.2,4,76.2,32,14.3,6,104.2,4,0,4.8,2,36,25,6.3,9.0,1.13,17,263,123,1,,105,169,1,1,1,172,200,1,85,121,92,178,166,25,137,1,79,109,164,208,1,175,140,167,198,263,254,130,203,121,168,166,175,124,81,165,135,True
Johnny Thompson Jr.,173087,HB,BALL ST,4,-3.8,1,100.0,,0,0,0,0.0,0,-0.61,0,117,0,76.3,28.9,55.1,36.3,61.3,0.0,0,0,7,27.0,10,37,0,29.0,4,62.2,23,2.7,1,79.2,4,0,2.7,1,12,27,6.8,3.0,0.52,16,270,112,1,,32,74,1,1,1,284,233,1,73,281,280,231,165,31,31,1,245,146,185,203,1,276,135,212,215,210,194,199,184,62,185,164,242,186,180,253,222,True
Riley Palmeter,218722,TE,OHIO,2,9.8,0,100.0,100.0,1,1,0,0.0,0,0.87,1,259,0,74.9,65.0,71.0,67.9,73.9,27.3,3,0,41,18.2,2,11,0,63.6,4,81.8,9,54.5,6,118.8,4,0,18.2,2,53,14,3.5,13.3,5.89,275,67,123,1,1,42,75,1,1,1,2,200,1,85,154,46,137,46,276,288,1,17,136,259,289,1,19,140,106,289,20,254,76,203,121,19,166,121,185,190,63,1,True
TJ Lester,206265,HB,MARSHALL,4,8.8,0,75.0,,0,0,0,0.0,0,0.81,2,214,0,73.1,76.8,73.6,85.6,72.0,0.0,0,0,39,44.0,11,25,0,50.0,3,52.0,13,4.0,1,156.3,4,1,12.0,3,64,41,13.7,21.3,4.92,16,5,204,164,,32,74,1,1,1,5,87,1,132,154,109,5,65,31,31,1,20,28,173,258,1,97,186,264,270,175,194,11,184,17,33,87,56,122,26,6,6,True
Nick Herman,206025,HB,JAMES MAD,3,1.8,0,75.0,0.0,0,1,0,0.0,0,0.21,1,197,0,73.1,79.1,67.2,80.5,65.4,0.0,0,0,17,37.1,13,35,0,57.1,3,62.9,22,2.9,1,105.2,4,0,8.6,3,39,46,15.3,13.0,1.77,231,72,204,164,32,32,13,1,1,1,112,145,1,132,110,204,40,119,31,31,1,111,53,147,214,1,42,186,206,226,202,194,73,184,62,61,87,117,111,18,31,57,True
Carter Vargas,185121,HB,CAL,1,-4.8,0,75.0,,0,0,0,0.0,0,-0.25,0,130,0,73.1,69.5,64.9,74.3,62.8,0.0,0,0,6,36.4,4,11,0,20.0,3,54.5,6,0.0,0,77.1,4,0,18.2,2,2,15,5.0,0.7,0.33,281,279,204,164,,32,74,1,1,1,261,233,1,132,208,224,89,145,31,31,1,256,58,252,283,1,285,186,254,283,249,249,219,184,62,15,117,279,246,238,281,255,True
Harry Dalton III,205446,HB,MARYLAND,3,-3.8,0,50.0,,0,0,0,33.3,1,0.5,0,215,0,31.6,79.3,69.5,79.0,43.1,0.0,0,0,1,22.2,12,54,0,54.9,2,74.1,40,7.4,4,56.3,4,0,1.9,1,-14,2,1.0,-7.0,-0.35,231,270,204,267,,32,74,1,270,203,33,233,1,268,105,162,51,276,31,31,1,283,192,159,136,1,60,252,95,110,111,94,262,184,62,202,164,286,285,285,286,286,True
Rashawn Cunningham,185141,WR,LIBERTY,4,39.0,0,0.0,0.0,0,1,0,,0,0.24,0,206,0,,,53.3,,52.3,0.0,0,0,0,0.0,0,18,0,50.0,0,100.0,18,16.7,3,39.6,4,0,83.3,15,0,0,,,0.0,38,1,492,765,435,435,394,1,,1,268,733,1,,,708,,721,113,113,1,765,76,76,708,1,254,765,1,693,478,658,715,656,397,282,526,765,743,,,765,True
Brendon McQueen,191783,WR,MO STATE,3,14.3,0,25.0,0.0,0,2,0,0.0,0,-0.21,0,230,0,66.7,61.0,51.3,,50.9,0.0,0,0,8,0.0,0,50,0,36.2,1,94.0,47,12.0,6,39.6,4,0,88.0,44,8,5,5.0,8.0,0.17,572,185,492,748,435,435,242,1,1,1,675,733,1,496,681,729,,743,113,113,1,731,76,76,486,1,689,736,421,482,564,568,715,656,397,192,320,750,675,307,661,759,True
Jordan Lovett,172356,HB,TROY,4,0.3,2,100.0,,0,0,0,0.0,0,-0.34,0,318,0,74.9,48.7,62.8,50.4,58.9,0.0,0,0,5,43.9,25,57,0,37.7,4,54.4,31,0.0,0,83.3,4,0,0.0,0,16,15,3.8,4.0,0.52,16,112,57,1,,32,74,1,1,1,271,233,1,98,257,251,190,186,31,31,1,264,29,48,121,1,258,135,255,165,249,249,172,184,62,228,228,219,246,262,233,222,True
Devin Roche,172294,HB,DOMINION,4,-0.5,0,75.0,,0,0,0,0.0,0,-0.33,2,263,0,73.1,28.6,66.1,60.5,72.2,0.0,0,0,25,46.4,32,69,0,28.1,3,52.2,36,4.3,3,114.6,4,0,2.9,2,48,51,17.0,16.0,1.33,16,146,204,164,,32,74,1,1,1,270,87,1,132,283,211,152,64,31,31,1,48,22,22,77,1,278,186,262,136,168,118,58,184,62,174,117,91,99,10,20,83,True
Dorian Thomas,171871,TE,CAL,3,5.0,0,50.0,0.0,0,1,0,0.0,0,0.04,1,130,0,70.7,64.6,56.0,64.4,58.8,20.0,4,0,7,5.0,1,20,0,55.6,2,85.0,17,70.0,14,58.3,4,0,10.0,2,14,7,3.5,7.0,0.82,234,205,123,244,105,105,75,1,1,1,195,200,1,161,195,183,173,153,284,283,1,262,266,270,274,1,58,237,64,264,2,177,256,203,121,84,166,255,242,190,218,196,True
Jabree Coleman,205334,HB,S CAROLINA,4,0.0,0,75.0,,0,0,0,0.0,0,0.32,1,289,0,73.1,75.9,84.4,77.5,73.4,0.0,0,0,10,22.7,5,22,0,54.5,3,77.3,17,9.1,2,85.4,4,0,4.5,1,20,23,7.7,6.7,1.18,16,125,204,164,,32,74,1,1,1,77,145,1,132,162,16,64,52,31,31,1,201,184,244,262,1,63,186,63,254,86,152,164,184,62,131,164,199,207,154,157,106,True
Jordan Collins,205152,TE,NAVY,3,16.8,0,50.0,,0,0,0,0.0,0,-0.1,1,237,0,70.7,62.9,57.6,80.0,57.3,50.0,22,1,64,20.5,9,44,0,34.9,2,79.5,35,11.4,5,95.8,4,1,27.3,12,68,33,16.5,34.0,1.94,234,3,123,244,,105,169,1,1,1,251,200,1,161,234,162,3,177,179,204,256,6,120,164,194,1,279,237,125,180,277,268,152,203,28,4,20,94,84,2,1,61,True
Dylone Brooks,205012,HB,LA TECH,3,-0.5,0,75.0,,0,0,0,25.0,1,-0.29,1,208,0,39.5,73.0,69.8,42.8,48.5,0.0,0,0,11,32.4,11,34,0,34.4,3,67.6,23,2.9,1,81.3,4,0,2.9,1,16,16,5.3,5.3,0.7,231,146,204,164,,32,74,1,253,203,265,145,1,254,193,157,213,257,31,31,1,179,88,173,220,1,268,186,157,215,202,194,187,184,62,174,164,219,239,227,196,181,True
Jaivyn Moore,222738,WR,COLO STATE,3,5.3,0,50.0,,0,0,0,0.0,0,0.41,0,144,0,70.7,62.9,57.9,,57.8,0.0,0,0,9,0.0,0,24,0,52.2,2,95.8,23,25.0,6,56.3,4,0,75.0,18,12,10,5.0,6.0,0.52,572,705,492,602,,435,605,1,1,1,127,733,1,415,636,593,,602,113,113,1,719,76,76,653,1,208,671,240,646,359,568,658,656,397,401,494,728,609,307,718,717,True
Tayte Vanderleest,171244,WR,C MICHIGAN,4,10.0,0,50.0,,0,0,0,0.0,0,-0.5,1,134,0,70.7,62.9,62.7,,60.9,0.0,0,0,24,0.0,0,16,0,31.3,2,100.0,16,6.3,1,71.9,4,0,93.8,15,27,2,1.0,13.5,1.69,38,476,492,602,,435,605,1,1,1,755,627,1,415,636,435,,493,113,113,1,463,76,76,723,1,743,671,1,714,686,718,582,656,397,79,526,663,725,706,333,364,True
Alex Godavitarne,196311,TE,UCONN,3,12.0,0,100.0,,0,0,0,0.0,0,0.27,3,146,0,74.9,65.0,66.9,56.7,80.1,75.7,28,0,37,13.5,5,37,0,54.1,4,86.5,32,21.6,8,118.8,4,0,2.7,1,67,19,4.8,16.8,2.09,234,30,123,1,,105,169,1,1,1,93,89,1,85,154,74,207,17,27,161,1,32,200,219,226,1,72,140,52,198,230,240,76,203,121,213,202,96,152,128,24,53,True
Jameson Scissum,204929,TE,JVILLE ST,4,2.3,0,100.0,,0,0,0,0.0,0,0.39,2,196,0,77.5,66.2,64.9,69.1,69.0,60.4,32,0,8,28.3,15,53,2,64.4,4,58.5,31,39.6,21,95.8,4,0,0.0,0,28,19,4.8,7.0,0.9,17,273,123,1,,105,169,1,1,1,55,140,1,52,105,96,123,75,111,137,1,252,51,88,164,264,16,140,272,207,98,120,152,203,121,254,254,202,152,128,218,176,True
Tank Boston,183354,WR,CHARLOTTE,3,8.8,0,50.0,0.0,0,1,0,0.0,0,-0.62,1,136,0,70.7,62.9,54.0,,58.7,0.0,0,0,8,0.0,0,20,0,27.8,2,90.0,18,5.0,1,56.3,4,0,95.0,19,12,2,1.0,6.0,0.67,572,563,492,602,435,435,394,1,1,1,762,627,1,415,636,688,,576,113,113,1,731,76,76,686,1,753,671,694,693,704,718,658,656,397,62,479,728,725,706,718,680,True
Jaden McGill,184189,HB,W KENTUCKY,1,1.5,1,75.0,,0,0,0,25.0,1,-0.2,2,346,1,39.5,16.6,50.0,78.7,36.7,0.0,0,0,11,31.6,6,19,0,41.2,3,63.2,12,5.3,1,91.7,4,0,5.3,1,26,24,8.0,8.7,2.17,281,79,112,164,,32,74,1,253,203,251,87,274,254,286,284,53,283,31,31,1,179,97,239,270,1,220,186,201,272,144,194,129,184,62,119,164,171,201,141,93,39,True
King Miller,197654,HB,USC,5,-2.0,0,75.0,,0,0,0,25.0,1,0.71,2,326,0,39.5,85.5,77.5,66.6,46.2,0.0,0,0,10,32.9,25,76,0,66.7,3,65.8,50,1.3,1,81.3,4,0,13.2,10,16,20,6.7,5.3,0.32,1,206,204,164,,32,74,1,253,203,9,87,1,254,5,60,127,267,31,31,1,201,82,48,59,1,6,186,182,67,239,194,187,184,62,29,10,219,218,183,196,257,True
Tyshawn Russell,175926,WR,SYRACUSE,3,9.0,1,75.0,,0,0,0,0.0,0,0.47,1,304,0,73.1,64.1,57.4,,57.4,0.0,0,0,18,0.0,0,33,0,60.0,3,90.9,30,15.2,5,97.9,4,0,84.8,28,32,5,1.7,10.7,1.07,572,549,293,182,,435,605,1,1,1,95,627,1,340,580,608,,615,113,113,1,563,76,76,592,1,72,593,661,597,505,597,382,656,397,257,416,636,675,672,504,570,True
Savion Hart,185636,HB,GA STATE,4,0.5,2,100.0,,0,0,0,0.0,0,0.17,3,175,0,74.9,71.8,74.8,75.2,82.1,0.0,0,0,20,14.3,2,14,0,50.0,4,85.7,12,0.0,0,112.5,4,0,7.1,1,44,42,10.5,11.0,3.67,16,103,57,1,,32,74,1,1,1,121,47,1,98,201,95,80,20,31,31,1,82,252,268,281,1,97,135,19,272,249,249,60,184,62,84,164,100,117,74,45,11,True
Gabe Burkle,157578,TE,PENN STATE,3,3.0,0,25.0,0.0,0,1,0,0.0,0,0.21,0,266,0,66.7,61.0,50.8,72.4,51.9,56.7,17,1,4,43.3,13,30,1,53.3,1,56.7,17,20.0,6,0.0,4,0,10.0,3,4,1,1.0,4.0,0.24,234,259,123,290,105,105,75,1,1,1,122,266,1,193,264,250,72,235,139,233,256,287,9,106,243,167,83,282,276,264,238,254,293,203,121,84,136,289,282,267,278,277,True
Derek Meadows,198079,WR,ALABAMA,4,16.3,1,75.0,0.0,0,1,0,0.0,0,0.52,1,103,0,73.1,64.1,69.4,63.4,65.9,0.0,0,0,31,5.9,1,17,0,70.6,3,94.1,16,11.8,2,110.4,4,0,88.2,15,44,12,4.0,14.7,2.75,38,113,293,182,435,435,394,1,1,1,71,627,1,340,580,218,37,329,113,113,1,354,2,16,716,1,12,593,406,714,571,690,279,656,397,188,526,570,581,415,267,135,True
Harrison Saint Germain,157647,TE,VA TECH,2,4.3,0,75.0,50.0,1,2,0,0.0,0,0.49,1,337,0,73.1,64.1,54.6,33.3,65.7,62.5,10,0,10,31.3,5,16,0,40.0,3,62.5,10,37.5,6,80.2,4,0,0.0,0,15,13,4.3,5.0,1.5,275,229,123,123,70,42,39,1,1,1,36,200,1,114,198,205,269,94,97,264,1,237,39,219,280,1,252,189,265,287,116,254,211,203,121,254,254,251,195,144,261,95,True
Jelani Watkins,184469,WR,ARKANSAS,4,-2.3,1,100.0,100.0,1,1,0,0.0,0,0.09,1,111,0,74.9,68.8,73.0,,69.3,0.0,0,0,8,0.0,0,13,0,46.2,4,100.0,13,84.6,11,87.5,4,0,15.4,2,20,29,7.3,5.0,1.54,38,769,293,1,1,182,394,1,1,1,406,627,1,281,276,131,,227,113,113,1,731,76,76,739,1,405,524,1,734,134,441,475,656,397,622,721,694,408,140,745,424,True
Elisha Durham,198166,WR,BALL ST,4,13.5,2,50.0,,0,0,0,33.3,1,-0.2,2,117,0,31.6,62.9,64.5,,61.7,0.0,0,0,26,0.0,0,24,0,40.9,2,91.7,22,4.2,1,92.7,4,0,95.8,23,47,16,8.0,23.5,2.14,38,234,162,602,,435,605,1,730,447,669,522,1,724,636,374,,470,113,113,1,430,76,76,653,1,588,671,618,664,719,718,429,656,397,48,445,557,536,110,34,251,True
Hayden Hansen,157727,TE,OKLAHOMA,4,8.8,3,100.0,,0,0,0,0.0,0,-0.01,3,261,0,74.9,65.0,61.5,76.3,54.7,68.4,52,0,29,42.1,32,76,0,43.1,4,52.6,40,23.7,18,158.3,4,1,5.3,4,64,29,7.3,16.0,1.6,17,87,18,1,,105,169,1,1,1,215,89,1,85,154,124,18,208,61,55,1,65,10,7,93,1,212,140,288,157,218,146,1,203,28,156,119,99,103,55,27,82,True
Jevon Edwards,198291,HB,COAST CAR,4,1.0,1,100.0,,0,0,0,0.0,0,0.07,0,141,0,74.9,80.8,69.3,50.6,62.0,0.0,0,0,14,53.8,43,80,0,41.6,4,43.8,35,2.5,2,103.1,4,0,0.0,0,35,31,7.8,8.8,1.0,16,92,112,1,,32,74,1,1,1,161,233,1,98,77,165,188,153,31,31,1,139,9,8,48,1,216,135,278,140,215,152,78,184,62,228,228,131,167,149,89,130,True
Dominic Lee-Knicely,198293,HB,COAST CAR,4,-3.0,1,75.0,,0,0,0,25.0,1,-0.09,1,141,0,22.0,77.8,68.9,56.2,40.2,0.0,0,0,6,20.0,11,55,0,40.0,3,70.9,39,3.6,2,77.1,4,0,5.5,3,8,16,5.3,2.7,0.21,16,240,112,164,,32,74,1,253,203,224,145,1,283,132,175,168,279,31,31,1,256,216,173,128,1,235,186,121,115,181,152,219,184,62,114,87,261,239,227,263,270,True
Michael Turner,204473,HB,BAYLOR,4,-2.3,2,100.0,,0,0,0,0.0,0,-0.16,1,118,0,74.9,76.5,63.7,17.1,61.3,0.0,0,0,7,25.0,9,36,0,44.4,4,75.0,27,11.1,4,82.3,4,0,0.0,0,15,24,6.0,3.8,0.56,16,217,57,1,,32,74,1,1,1,242,145,1,98,158,242,270,165,31,31,1,245,163,198,207,1,177,135,84,189,57,94,181,184,62,228,228,229,201,201,239,208,True
Bryce Kania,204439,WR,WAKE,4,12.3,0,100.0,100.0,1,1,0,0.0,0,0.14,2,339,0,74.9,65.0,74.7,63.9,76.5,0.0,0,0,24,5.9,1,17,0,50.0,4,88.2,15,29.4,5,158.3,4,1,70.6,12,53,4,1.0,13.3,3.53,38,302,492,1,1,182,394,1,1,1,347,522,1,281,526,105,26,71,113,113,1,463,2,16,716,1,254,524,726,724,333,597,1,656,173,435,569,530,692,706,341,63,True
Arlis Boardingham,157739,TE,AUBURN,4,14.0,0,50.0,,0,0,1,0.0,0,-0.07,1,115,0,73.1,64.1,61.7,72.3,62.0,40.9,18,0,18,15.9,7,44,1,36.6,2,77.3,34,36.4,16,69.8,4,0,4.5,2,25,7,3.5,12.5,0.74,17,14,123,244,,105,169,283,1,1,243,200,1,114,198,122,76,120,231,228,1,154,166,195,194,167,272,237,156,187,126,162,242,203,121,170,166,212,242,190,85,217,True
David Clement,170384,TE,SYRACUSE,3,8.3,1,75.0,0.0,0,1,0,0.0,0,0.06,3,304,0,73.1,64.1,73.1,68.0,78.6,73.1,57,0,27,52.6,41,78,1,45.7,3,41.0,32,24.4,19,153.1,4,1,1.3,1,47,17,5.7,15.7,1.47,234,101,60,123,105,105,75,1,1,1,184,89,1,114,198,33,136,28,40,39,1,79,2,1,88,167,178,189,293,198,215,137,18,203,28,241,202,140,169,103,32,99,True
Tyler J. Williams,198467,WR,GEORGIA,4,7.3,0,50.0,50.0,1,2,0,33.3,1,0.3,2,173,0,31.6,62.9,63.4,,62.9,0.0,0,0,27,0.0,0,20,0,50.0,2,100.0,20,90.0,18,78.1,4,0,10.0,2,33,14,7.0,16.5,1.65,38,635,492,602,228,182,242,1,730,447,215,522,1,724,636,405,,423,113,113,1,410,76,76,686,1,254,671,1,677,80,326,539,656,397,668,721,630,559,157,186,378,True
Dominique McKenzie,183778,WR,S JOSE ST,4,17.5,1,50.0,100.0,1,1,1,0.0,0,-0.03,2,285,0,70.7,70.4,54.5,,56.0,0.0,0,0,18,0.0,0,48,1,42.2,2,93.8,45,4.2,2,79.2,4,0,95.8,46,34,10,5.0,17.0,0.76,38,84,293,602,1,182,394,744,1,1,552,522,1,415,155,676,,649,113,113,1,563,76,76,495,526,553,671,437,497,719,690,529,656,397,48,310,626,609,307,162,662,True
Elyiss Williams,198475,TE,GEORGIA,4,5.0,1,100.0,100.0,1,1,0,0.0,0,0.33,3,173,0,74.9,65.0,88.6,74.0,76.7,79.5,31,0,19,51.3,20,39,0,52.6,4,46.2,18,15.4,6,158.3,4,1,2.6,1,51,31,7.8,12.8,2.83,17,205,60,1,1,42,75,1,1,1,80,89,1,85,154,3,40,34,14,145,1,141,3,39,223,1,89,140,292,260,260,254,1,203,28,215,202,130,93,43,80,21,True
Nathan McNeil,198550,HB,IOWA,3,1.3,1,75.0,,0,0,0,25.0,1,0.07,2,192,0,39.5,77.0,69.6,16.7,52.9,0.0,0,0,19,20.6,7,34,0,46.9,3,73.5,25,2.9,1,103.1,4,0,2.9,1,37,32,10.7,12.3,1.48,231,83,112,164,,32,74,1,253,203,161,87,1,254,149,159,272,234,31,31,1,90,207,227,220,1,144,186,97,203,202,194,78,184,62,174,164,125,159,69,34,71,True
Latrelle Murrell,186555,HB,KENNESAW,4,0.3,1,75.0,,0,0,0,0.0,0,-0.1,1,200,0,73.1,77.5,81.5,69.5,64.3,0.0,0,0,7,35.3,12,34,0,46.7,3,58.8,20,5.9,2,79.2,4,0,0.0,0,14,22,7.3,4.7,0.7,16,112,112,164,,32,74,1,1,1,226,145,1,132,139,28,118,131,31,31,1,245,67,159,220,1,148,186,238,233,131,152,199,184,62,228,228,236,209,166,219,181,True
Reggie Frischknecht,203997,WR,BYU,3,18.5,0,50.0,0.0,0,1,0,0.0,0,0.72,2,128,0,70.7,62.9,64.1,,62.3,0.0,0,1,25,0.0,0,23,0,69.6,2,100.0,23,34.8,8,90.6,4,1,65.2,15,45,26,13.0,22.5,1.96,572,60,492,602,435,435,394,1,1,1,13,522,1,415,636,384,,445,113,113,554,446,76,76,665,1,14,671,1,646,300,523,451,656,173,465,526,566,432,25,43,293,True
Clay Thevenin,198671,HB,RUTGERS,4,3.3,0,25.0,,0,0,0,66.7,2,0.06,0,278,0,10.9,79.1,62.3,42.7,30.3,0.0,0,0,7,31.5,17,54,0,43.1,1,68.5,37,0.0,0,39.6,4,0,7.4,4,7,10,10.0,7.0,0.19,16,36,204,286,,32,74,1,286,276,167,233,1,286,110,256,214,285,31,31,1,245,99,109,136,1,195,280,148,132,249,249,280,184,62,80,62,266,263,84,143,274,True
Noah Toster,187627,WR,S ALABAMA,2,12.0,1,50.0,50.0,1,2,0,0.0,0,-0.25,1,288,0,70.7,62.9,60.2,,59.8,0.0,0,1,21,0.0,0,18,0,29.4,2,94.4,17,22.2,4,31.3,4,0,77.8,14,26,5,2.5,13.0,1.53,700,323,293,602,228,182,242,1,1,1,692,627,1,415,636,520,,534,113,113,554,509,76,76,708,1,749,671,364,704,400,629,736,656,397,362,542,667,675,588,360,427,True
Luke Watkins,198688,WR,LA TECH,3,13.3,0,50.0,,0,0,0,0.0,0,0.05,1,208,0,70.7,65.3,55.3,,56.3,0.0,0,0,35,0.0,0,48,0,39.1,2,95.8,46,10.4,5,122.9,4,1,89.6,43,38,8,4.0,19.0,0.83,572,242,492,602,,435,605,1,1,1,461,627,1,415,522,664,,644,113,113,1,298,76,76,495,1,633,671,240,489,598,597,186,656,173,166,330,604,634,415,98,644,True
Jamarice Wilder,198704,HB,SO MISS,4,-2.8,0,75.0,,0,0,0,25.0,1,-0.31,0,296,0,39.5,79.6,66.5,31.4,55.1,0.0,0,0,7,27.0,17,63,0,44.3,3,73.0,46,6.3,4,77.1,4,0,4.8,3,4,17,5.7,1.3,0.09,16,235,204,164,,32,74,1,253,203,267,233,1,254,100,207,239,225,31,31,1,245,146,109,103,1,181,186,104,74,126,94,219,184,62,127,87,272,228,212,276,278,True
Nate Kurisky,156319,TE,DUKE,4,0.3,1,100.0,,0,0,0,0.0,0,0.27,1,154,0,73.1,64.1,51.1,44.8,55.0,70.8,34,0,15,25.0,12,48,0,50.0,3,75.0,36,16.7,8,100.0,3,0,0.0,0,24,23,7.7,8.0,0.67,17,288,60,1,,105,169,1,1,1,93,200,1,114,198,248,246,203,47,124,1,178,69,114,178,1,115,189,177,177,254,240,138,240,121,254,254,222,132,48,194,228,True
Davis Lane,156393,TE,RICE,2,4.7,0,66.7,,0,0,0,0.0,0,0.01,1,275,0,70.7,10.9,52.2,,64.1,45.5,5,0,6,0.0,0,11,0,36.4,2,100.0,11,45.5,5,72.9,3,0,9.1,1,11,2,1.0,5.5,1.0,275,216,123,165,,105,169,1,1,1,206,200,1,161,288,234,,104,205,280,1,272,284,284,289,1,274,237,1,284,60,268,229,240,121,95,202,268,274,267,256,155,True
Alex Scherle,163007,TE,BALL ST,4,10.3,0,33.3,,0,0,0,0.0,0,-0.21,1,117,0,66.7,61.0,50.0,62.6,50.2,83.6,61,0,12,27.4,20,73,1,32.4,1,67.1,49,12.3,9,46.5,3,0,0.0,0,12,4,4.0,12.0,0.24,17,54,123,276,,105,169,1,1,1,274,200,1,193,264,253,181,254,12,31,1,219,59,39,103,167,285,282,241,126,274,231,269,240,121,254,254,264,256,162,96,277,True
Owen Dupree,177847,WR,GA STATE,2,13.7,0,33.3,,0,0,0,50.0,1,-0.3,1,175,0,24.5,63.6,51.3,,54.3,0.0,0,0,11,0.0,0,13,0,41.7,1,92.3,12,30.8,4,45.1,3,0,69.2,9,11,2,2.0,11.0,0.92,700,220,492,718,,435,605,1,753,447,711,627,1,748,634,729,,683,113,113,1,693,76,76,739,1,570,736,571,740,323,629,694,707,397,442,608,737,725,641,475,614,True
Jaceon Doss,173503,WR,NEVADA,4,9.3,0,66.7,,0,0,0,33.3,1,-0.31,1,239,0,31.6,62.9,49.9,,51.4,0.0,0,0,18,0.0,0,41,0,40.0,2,97.6,40,100.0,41,96.5,3,0,0.0,0,28,12,6.0,14.0,0.7,38,527,492,330,,435,605,1,730,447,714,627,1,724,636,747,,735,113,113,1,563,76,76,539,1,615,671,126,528,1,171,399,707,397,756,756,657,581,227,312,677,True
Brody Foley,156394,TE,LOUISVILLE,4,3.0,0,66.7,,0,0,0,0.0,0,0.2,1,210,0,70.7,62.9,65.2,72.4,60.5,76.0,19,0,10,36.0,9,25,0,52.4,2,56.0,14,24.0,6,75.7,3,0,0.0,0,13,6,3.0,6.5,0.93,17,259,123,165,,105,169,1,1,1,127,200,1,161,234,92,72,136,26,219,1,237,23,164,264,1,93,237,277,274,217,254,221,240,121,254,254,258,247,211,230,170,True
Jordan Marshall,190837,HB,MICHIGAN,4,2.3,3,100.0,,0,0,0,0.0,0,0.17,2,222,0,73.1,81.7,67.7,86.9,62.7,0.0,0,0,16,40.0,24,60,0,45.5,3,55.0,33,15.0,9,112.5,3,0,11.7,7,33,26,8.7,11.0,1.0,16,56,37,1,,32,74,1,1,1,121,87,1,132,56,198,4,148,31,31,1,120,35,55,110,1,166,186,253,153,31,26,60,230,62,35,28,136,190,121,45,130,True
Qumonte Williams Jr.,203984,WR,BOISE ST,3,9.7,0,33.3,0.0,0,1,0,0.0,0,-0.16,1,120,0,66.7,63.6,59.2,,55.8,0.0,0,0,11,0.0,0,13,0,38.5,1,100.0,13,0.0,0,45.1,3,0,100.0,13,11,0,0.0,11.0,0.85,572,500,492,718,435,435,394,1,1,1,639,627,1,496,634,550,,654,113,113,1,693,76,76,739,1,645,736,1,734,754,754,694,707,397,1,556,737,743,743,475,638,True
Zach Atkins,198297,TE,COLORADO,3,7.3,0,100.0,,0,0,0,0.0,0,0.22,1,143,0,73.1,64.1,56.5,70.7,60.2,58.6,17,0,19,24.1,7,29,0,51.7,3,75.9,22,34.5,10,105.6,3,0,6.9,2,28,6,2.0,9.3,1.27,234,139,123,1,,105,169,1,1,1,116,200,1,114,198,178,105,140,122,233,1,141,86,195,246,1,102,189,168,247,141,220,128,240,121,135,166,202,247,243,161,118,True
Isaiah Mozee,199811,HB,NEBRASKA,4,-0.3,3,100.0,,0,0,0,0.0,0,0.62,3,238,0,73.1,79.6,72.1,76.7,68.4,0.0,0,0,14,15.4,4,26,0,62.5,3,76.9,20,0.0,0,118.1,3,0,19.2,5,37,38,12.7,12.3,1.85,16,135,37,1,,32,74,1,1,1,16,47,1,132,100,135,72,85,31,31,1,139,244,252,251,1,15,186,70,233,249,249,54,230,62,13,51,125,132,37,34,48,True
John Rogers,183291,TE,VIRGINIA,4,4.0,0,66.7,100.0,1,1,0,33.3,1,0.31,2,335,1,31.6,9.0,44.7,71.8,47.9,40.0,22,0,7,16.4,9,55,1,52.0,2,74.5,41,50.9,28,109.7,3,1,3.6,2,9,3,1.5,4.5,0.22,17,238,123,165,1,42,75,1,266,191,84,140,277,267,292,278,86,266,236,204,1,262,157,164,156,167,97,237,186,151,35,78,113,240,28,196,166,272,265,260,271,283,True
Omar Mabson II,203971,HB,AUBURN,4,5.3,0,66.7,0.0,0,1,0,0.0,0,0.14,1,115,0,70.7,78.0,77.1,74.4,57.3,0.0,0,0,10,37.5,15,40,1,50.0,2,62.5,25,10.0,4,78.5,3,0,0.0,0,15,7,3.5,7.5,0.6,16,17,204,217,32,32,13,1,1,1,134,145,1,187,129,63,86,206,31,31,1,201,49,123,187,245,97,252,209,203,74,94,217,230,62,228,228,229,276,269,133,203,True
Landen Chambers,170530,HB,UCF,4,3.3,0,66.7,,0,0,0,0.0,0,-0.23,1,323,0,70.7,77.0,72.0,54.1,62.8,0.0,0,0,15,38.5,10,26,0,37.5,2,61.5,16,7.7,2,86.8,3,0,0.0,0,21,14,7.0,10.5,1.31,16,36,204,217,,32,74,1,1,1,256,145,1,187,149,139,179,145,31,31,1,127,45,185,251,1,259,252,219,260,104,152,157,230,62,228,228,195,250,171,57,88,True
Cortez Mills Jr.,199803,WR,NEBRASKA,2,12.0,0,66.7,,0,0,0,0.0,0,0.26,1,238,0,70.7,62.9,69.0,,69.6,0.0,0,0,15,0.0,0,10,0,50.0,2,100.0,10,40.0,4,89.6,3,0,60.0,6,23,25,12.5,11.5,2.3,700,323,492,330,,435,605,1,1,1,246,627,1,415,636,232,,214,113,113,1,626,76,76,758,1,254,671,1,757,269,629,461,707,397,496,653,679,444,30,445,214,True
Janiran Bonner,156471,TE,NEBRASKA,4,4.0,0,66.7,0.0,0,1,0,0.0,0,0.83,2,238,0,70.7,65.3,51.7,69.3,58.7,57.1,16,0,9,14.3,4,28,0,60.7,2,85.7,24,32.1,9,77.1,3,0,0.0,0,14,20,10.0,7.0,0.58,17,238,123,165,105,105,75,1,1,1,4,140,1,161,152,240,120,155,133,240,1,244,188,233,251,1,31,237,59,239,158,231,219,240,121,254,254,255,147,19,218,238,True
Chris Johnson Jr.,175378,HB,CLEMSON,4,4.3,0,33.3,,0,0,0,50.0,1,-0.55,0,140,0,24.5,76.9,56.0,25.0,43.8,0.0,0,0,2,32.3,10,31,0,25.0,1,61.3,19,9.7,3,42.4,3,0,6.5,2,2,6,6.0,2.0,0.11,16,25,204,280,,32,74,1,282,203,283,233,1,278,153,279,259,274,31,31,1,281,90,185,234,1,280,280,223,241,81,118,274,230,62,95,117,279,278,201,269,275,True
Noah Meyers,173445,TE,SYRACUSE,3,7.7,0,66.7,,0,0,0,33.3,1,-0.34,1,304,0,31.6,62.9,53.4,61.7,59.3,57.7,15,0,15,30.8,8,26,1,37.5,2,65.4,17,42.3,11,92.4,3,0,0.0,0,25,12,6.0,12.5,1.47,234,122,123,165,,105,169,1,266,191,287,200,1,267,234,218,187,147,128,245,1,178,42,185,258,167,269,237,249,264,80,211,169,240,121,254,254,212,200,88,85,99,True
Lonnie Johnson,169963,TE,DOMINION,4,17.3,0,33.3,0.0,0,1,0,0.0,0,-0.16,0,263,0,66.7,61.0,46.2,35.7,52.4,25.0,7,0,8,32.1,9,28,0,36.0,1,57.1,16,46.4,13,42.4,3,0,0.0,0,8,4,4.0,8.0,0.5,17,2,123,276,105,105,75,1,1,1,264,266,1,193,264,272,262,227,279,274,1,252,35,164,251,1,276,282,275,269,58,190,272,240,121,254,254,278,256,162,194,246,True
Jayden Clerveaux,177373,HB,C MICHIGAN,4,-0.7,1,100.0,,0,0,0,0.0,0,-0.4,1,134,0,73.1,78.2,74.4,42.7,67.5,0.0,0,0,8,47.4,18,38,2,38.9,3,52.6,20,0.0,0,90.3,3,0,0.0,0,17,19,6.3,5.7,0.85,16,155,112,1,,32,74,1,1,1,276,145,1,132,124,100,214,91,31,31,1,231,15,96,195,278,249,186,261,233,249,249,135,230,62,228,228,216,222,192,189,157,True
Darrell Smith,199730,HB,LA LAFAYET,4,-0.3,0,66.7,,0,0,0,0.0,0,0.23,0,207,0,70.7,24.0,62.5,81.4,53.0,10.5,4,0,6,21.1,8,38,0,58.3,2,76.3,29,5.3,2,70.1,3,0,7.9,3,9,8,4.0,4.5,0.31,16,135,204,217,,32,74,1,1,1,105,233,1,187,284,254,34,233,5,5,1,256,200,217,195,1,33,252,77,180,144,152,239,230,62,72,87,256,273,256,224,260,True
Jayden Scott,183347,HB,NC STATE,4,-3.3,2,100.0,,0,0,0,0.0,0,0.15,0,248,1,73.1,83.3,81.9,78.4,57.8,0.0,0,0,11,35.7,25,70,0,51.6,3,62.9,44,4.3,3,95.8,3,0,1.4,1,21,31,10.3,7.0,0.48,16,251,57,1,,32,74,1,1,1,129,233,274,132,29,26,57,199,31,31,1,179,64,48,73,1,87,186,206,87,168,118,111,230,62,216,164,195,167,77,143,229,True
Dominick Barry,213812,TE,WAKE,4,15.3,0,33.3,,0,0,0,0.0,0,0.3,1,339,0,66.7,61.0,43.8,59.9,45.7,70.3,45,0,6,28.1,18,64,0,50.8,1,68.8,44,26.6,17,42.4,3,0,1.6,1,6,3,3.0,6.0,0.14,17,7,123,276,,105,169,1,1,1,87,200,1,193,264,282,195,278,52,80,1,272,53,55,129,1,111,282,232,143,207,157,272,240,121,238,202,284,265,211,247,291,True
Tex Vaughn,213763,TE,NC STATE,2,10.0,0,66.7,100.0,1,1,0,0.0,0,0.27,0,248,0,70.7,62.9,62.6,,63.8,33.3,4,0,9,0.0,0,12,0,58.3,2,100.0,12,66.7,8,70.1,3,0,0.0,0,9,2,1.0,4.5,0.75,275,61,123,165,1,42,75,1,1,1,93,266,1,161,234,115,,110,259,283,1,244,284,284,287,1,40,237,1,283,5,240,237,240,121,254,254,272,274,267,271,214,True
Ja'Corian Norris,199727,WR,LA LAFAYET,4,1.7,0,66.7,,0,0,0,0.0,0,0.04,1,207,0,70.7,69.1,53.8,,59.8,0.0,0,0,14,0.0,0,20,0,57.9,2,90.0,18,45.0,9,86.8,3,0,55.0,11,21,25,12.5,10.5,1.17,38,752,492,330,,435,605,1,1,1,475,627,1,415,259,694,,534,113,113,1,647,76,76,686,1,104,671,694,693,259,494,480,707,397,507,583,691,444,30,520,529,True
Deuce Lawrence,213744,HB,WAKE,4,-1.0,1,100.0,,0,0,0,0.0,0,0.24,2,339,0,73.1,81.3,75.4,24.7,75.6,0.0,0,0,14,47.5,19,40,0,55.3,3,47.5,19,2.5,1,95.8,3,0,7.5,3,21,24,8.0,7.0,1.11,16,166,112,1,,32,74,1,1,1,101,87,1,132,64,89,261,37,31,31,1,139,14,86,187,1,56,186,274,241,215,194,111,230,62,79,87,195,201,141,143,116,True
Jakai Anderson,213727,WR,SMU,2,2.7,0,66.7,100.0,1,1,0,0.0,0,0.14,0,287,0,70.7,62.9,53.6,,54.1,4.8,1,0,8,0.0,0,21,0,60.0,2,95.2,20,4.8,1,75.7,3,0,90.5,19,13,8,4.0,6.5,0.65,700,746,492,330,1,182,394,1,1,1,347,733,1,415,636,701,,687,15,40,1,731,76,76,677,1,72,671,290,677,710,718,554,707,397,146,479,722,634,415,707,687,True
Landon Sides,173213,WR,E CAROLINA,1,13.7,0,66.7,0.0,0,1,0,0.0,0,-0.6,0,156,1,70.7,9.0,33.7,,42.6,0.0,0,0,9,0.0,0,6,1,33.3,2,100.0,6,0.0,0,79.9,3,0,100.0,6,16,3,1.5,8.0,2.67,760,220,492,330,435,435,394,1,1,1,758,733,716,415,764,769,,768,113,113,1,719,76,76,768,526,724,671,1,768,754,754,522,707,397,1,653,712,706,687,661,145,True
Keylen Adams,184925,WR,VA TECH,2,2.3,0,66.7,100.0,1,1,0,33.3,1,-0.14,0,337,0,39.5,64.1,61.0,,62.1,0.0,0,0,4,0.0,0,10,0,33.3,2,90.0,9,80.0,8,70.1,3,0,20.0,2,8,6,3.0,4.0,0.89,700,749,492,330,1,182,394,1,730,447,623,733,1,688,580,496,,455,113,113,1,760,76,76,758,1,724,671,694,759,167,523,595,707,397,596,721,750,657,515,756,626,True
Jake Reichle,162441,HB,OREGON ST,3,0.0,0,100.0,,0,0,0,0.0,0,-0.24,1,265,0,73.1,71.6,61.7,79.3,60.4,0.0,0,0,10,14.3,4,28,0,29.6,3,85.7,24,0.0,0,88.9,3,0,21.4,6,16,16,5.3,5.3,0.67,231,125,204,1,,32,74,1,1,1,258,145,1,132,204,261,47,173,31,31,1,201,252,252,244,1,275,186,19,210,249,249,144,230,62,8,37,219,239,227,196,188,True
Zack Turner,213717,TE,SMU,1,12.7,0,100.0,,0,0,0,0.0,0,0.51,3,287,0,73.1,64.1,78.7,68.5,77.7,0.0,0,0,35,6.3,1,16,0,53.3,3,87.5,14,87.5,14,158.3,3,1,6.3,1,53,15,5.0,17.7,3.79,292,23,123,1,,105,169,1,1,1,33,89,1,114,198,14,131,32,294,294,1,40,255,270,280,1,83,189,40,274,1,177,1,240,28,144,202,121,183,115,19,5,True
Shane Carr,186353,WR,KENTUCKY,3,13.7,1,66.7,,0,0,0,0.0,0,-0.22,1,202,0,70.7,62.9,63.5,,66.9,0.0,0,0,15,0.0,0,11,1,36.4,2,100.0,11,18.2,2,127.8,3,1,81.8,9,22,2,1.0,11.0,2.0,572,220,293,330,,435,605,1,1,1,679,627,1,415,636,400,,294,113,113,1,626,76,76,753,526,685,671,1,746,453,690,166,707,173,308,608,688,725,706,475,282,True
Kozy Isaac,198376,WR,E MICHIGAN,2,23.0,1,66.7,0.0,0,1,0,0.0,0,0.08,1,160,0,70.7,62.9,63.8,,63.2,0.0,0,0,40,0.0,0,20,0,44.4,2,90.0,18,15.0,3,149.3,3,1,85.0,17,45,15,7.5,22.5,2.5,700,14,293,330,435,435,394,1,1,1,415,627,1,415,636,390,,411,113,113,1,232,76,76,686,1,480,671,694,693,509,658,63,707,173,250,504,566,547,130,43,175,True
Andrew Metzger,173113,TE,OHIO,4,2.3,0,100.0,,0,0,0,0.0,0,0.09,1,259,0,73.1,64.1,60.8,75.6,60.8,43.3,13,0,18,33.3,10,30,0,42.9,3,63.3,19,40.0,12,101.4,3,0,3.3,1,25,18,6.0,8.3,1.32,17,273,123,1,,105,169,1,1,1,172,200,1,114,198,130,23,132,220,253,1,154,30,149,243,1,215,189,263,257,96,200,136,240,121,201,202,212,163,88,186,113,True
Jaylon Glover,158484,HB,UNLV,3,0.3,0,100.0,,0,0,0,0.0,0,0.17,1,325,0,73.1,29.9,59.3,41.1,63.3,0.0,0,0,13,19.4,7,36,0,55.6,3,80.6,29,11.1,4,91.7,3,0,33.3,12,18,17,5.7,6.0,0.62,231,112,204,1,,32,74,1,1,1,121,145,1,132,278,271,221,138,31,31,1,151,219,227,207,1,52,186,44,180,57,94,129,230,62,2,6,207,228,212,179,196,True
Malik Clark,199957,WR,S CAROLINA,3,10.0,1,66.7,,0,0,0,0.0,0,-0.12,1,289,1,70.7,9.0,57.8,,55.1,0.0,0,0,19,0.0,0,16,0,43.8,2,100.0,16,0.0,0,96.5,3,0,100.0,16,28,7,3.5,14.0,1.75,572,476,293,330,,435,605,1,1,1,618,627,716,415,764,600,,670,113,113,1,544,76,76,723,1,506,671,1,714,754,754,399,707,397,1,515,657,649,479,312,349,True
Glen Weber,217067,TE,N ILLINOIS,2,1.7,0,100.0,,0,0,0,0.0,0,-1.06,0,254,0,73.1,64.1,46.3,65.4,55.5,36.8,7,0,6,5.3,1,19,0,22.2,3,89.5,17,63.2,12,87.5,3,0,0.0,0,15,10,3.3,5.0,0.88,275,283,123,1,,105,169,1,1,1,294,266,1,114,198,270,159,198,248,274,1,272,264,270,276,1,293,189,28,264,9,200,182,240,121,254,254,251,213,203,261,185,True
Jalen Moss,163408,WR,ARIZONA ST,3,12.0,0,66.7,100.0,1,1,0,0.0,0,0.14,1,110,0,70.7,74.5,53.5,,57.8,0.0,0,0,14,0.0,0,43,0,45.2,2,97.7,42,9.3,4,89.6,3,0,90.7,39,23,9,4.5,11.5,0.55,572,323,492,330,1,182,394,1,1,1,347,627,1,415,69,705,,602,113,113,1,647,76,76,524,1,449,671,118,517,625,629,461,707,397,138,350,679,621,367,445,708,True
Grant McAtee,212994,TE,TULSA,5,3.0,0,66.7,100.0,1,1,0,0.0,0,0.05,0,320,0,70.7,62.9,55.0,58.8,47.4,52.6,30,0,5,21.1,12,57,0,40.4,2,71.9,41,40.4,23,71.5,3,0,7.0,4,10,1,0.5,5.0,0.24,1,259,123,165,1,42,75,1,1,1,190,266,1,161,234,199,199,267,169,153,1,283,115,114,152,1,248,237,210,151,94,105,232,240,121,132,119,269,282,284,261,277,True
Jared Kelley,176116,WR,KENT STATE,4,11.3,0,33.3,,0,0,0,0.0,0,-0.7,0,201,0,66.7,65.7,49.2,,51.8,0.0,0,0,12,0.0,0,33,1,19.4,1,93.9,31,12.1,4,46.5,3,0,87.9,29,12,0,0.0,12.0,0.39,38,373,492,718,,435,605,1,1,1,765,733,1,496,485,755,,730,113,113,1,681,76,76,592,526,766,736,425,590,562,629,691,707,397,196,408,728,743,743,416,734,True
Armoni Weaver-Bomar,208872,WR,W VIRGINIA,3,14.3,1,100.0,,0,0,0,0.0,0,0.44,3,343,0,73.1,68.5,72.8,,75.5,0.0,0,0,49,0.0,0,12,0,45.5,3,91.7,11,100.0,12,158.3,3,1,0.0,0,67,24,8.0,22.3,6.09,572,185,293,1,,435,605,1,1,1,117,436,1,340,289,136,,89,113,113,1,133,76,76,745,1,434,593,618,746,1,425,1,707,173,756,756,470,452,110,46,9,True
Avion McBride,156691,TE,GA STATE,4,6.3,0,100.0,,0,0,0,0.0,0,0.43,2,175,0,73.1,64.1,59.6,77.5,62.6,79.2,38,0,27,41.7,20,48,1,55.6,3,54.2,26,12.5,6,158.3,3,1,6.3,3,39,20,6.7,13.0,1.5,17,173,123,1,,105,169,1,1,1,45,140,1,114,198,138,7,118,15,107,1,79,12,39,178,167,58,189,284,233,273,254,1,240,28,144,136,166,147,72,70,95,True
Tre' Griffiths,183910,WR,HAWAII,2,13.0,0,33.3,,0,0,0,50.0,1,0.21,0,180,0,24.5,61.0,47.5,,48.1,0.0,0,0,9,0.0,0,32,0,43.8,1,100.0,32,9.4,3,42.4,3,0,90.6,29,9,4,4.0,9.0,0.28,700,257,492,718,,435,605,1,753,447,294,733,1,748,681,763,,762,113,113,1,719,76,76,598,1,506,736,1,580,619,658,703,707,397,140,408,748,692,415,608,746,True
Daune Morris,199973,HB,TENNESSEE,4,2.7,1,100.0,,0,0,1,0.0,0,-0.09,0,307,0,73.1,80.7,75.7,46.2,57.0,0.0,0,0,5,18.8,9,48,1,47.9,3,81.3,39,2.1,1,81.9,3,0,0.0,0,11,3,1.0,3.7,0.28,16,47,112,1,,32,74,279,1,1,224,233,1,132,82,83,202,211,31,31,1,264,224,198,160,245,134,186,39,115,222,194,182,230,62,228,228,246,284,285,241,265,True
Zylan Perry,156734,HB,CINCINNATI,3,-0.7,0,33.3,,0,0,0,50.0,1,0.11,0,138,0,24.5,75.0,66.0,73.6,39.6,0.0,0,0,0,13.3,2,15,0,61.5,1,73.3,11,6.7,1,42.4,3,0,0.0,0,0,5,5.0,0.0,0.0,231,155,204,280,,32,74,1,282,203,149,233,1,278,176,212,92,282,31,31,1,285,259,268,277,1,19,280,100,277,120,194,274,230,62,228,228,284,280,238,284,284,True
Bo MacCormack III,207813,HB,BOSTON COL,2,-3.3,0,66.7,,0,0,0,0.0,0,-0.17,1,121,0,70.7,74.1,63.5,56.4,63.1,0.0,0,0,12,18.5,10,54,2,40.0,2,77.8,42,1.9,1,85.4,3,0,7.4,4,20,25,12.5,10.0,0.48,270,251,204,217,,32,74,1,1,1,244,145,1,187,185,244,166,140,31,31,1,168,226,185,136,278,235,252,57,100,227,194,164,230,62,80,62,199,195,38,68,229,True
Brady Tillman III,181175,HB,FAU,4,0.7,0,100.0,,0,0,0,0.0,0,0.08,0,165,0,73.1,34.9,59.3,84.5,58.5,0.0,0,0,4,23.1,9,39,0,40.5,3,71.8,28,0.0,0,81.9,3,0,2.6,1,11,9,3.0,3.7,0.39,16,99,204,1,,32,74,1,1,1,159,233,1,132,275,271,11,190,31,31,1,271,181,198,192,1,229,186,113,185,249,249,182,230,62,187,164,246,268,275,241,250,True
Josh Burrell,143875,TE,ARK STATE,4,5.3,0,66.7,0.0,0,1,0,0.0,0,-0.13,2,113,0,70.7,62.9,60.8,69.8,59.4,59.1,26,0,10,11.4,5,44,0,46.5,2,86.4,38,34.1,15,82.6,3,0,2.3,1,18,19,9.5,9.0,0.47,17,198,123,165,105,105,75,1,1,1,258,140,1,161,234,130,113,145,118,174,1,237,224,219,194,1,173,237,54,168,144,167,195,240,121,221,202,245,152,24,165,249,True
Zion Crumpton,218391,WR,MISS STATE,1,18.0,1,66.7,,0,0,0,0.0,0,0.43,2,227,0,70.7,62.9,72.9,,72.7,0.0,0,0,20,0.0,0,8,0,62.5,2,100.0,8,25.0,2,106.3,3,0,75.0,6,35,27,13.5,17.5,4.38,760,71,293,330,,435,605,1,1,1,120,522,1,415,636,134,,141,113,113,1,525,76,76,763,1,47,671,1,763,359,690,310,707,397,401,653,619,424,22,143,21,True
Lyviel Waters,188202,TE,CINCINNATI,4,5.0,0,66.7,,0,0,0,0.0,0,0.26,2,138,0,70.7,62.9,51.9,77.9,52.4,48.9,22,0,17,33.3,15,45,1,56.8,2,64.4,29,31.1,14,123.6,3,1,0.0,0,19,19,9.5,9.5,0.66,17,205,123,165,,105,169,1,1,1,99,140,1,161,234,238,5,227,186,204,1,164,30,88,192,167,47,237,254,220,169,177,70,240,28,254,254,239,152,24,150,229,True
Ernest Campbell,191252,WR,COLORADO,4,30.3,0,33.3,,0,0,0,0.0,0,-0.25,1,143,0,66.7,61.0,56.8,,61.9,0.0,0,0,48,0.0,0,23,0,26.1,1,100.0,23,56.5,13,121.5,3,1,43.5,10,48,9,9.0,48.0,2.09,38,3,492,718,,435,605,1,1,1,692,627,1,496,681,621,,461,113,113,1,142,76,76,665,1,758,736,1,646,232,402,195,707,173,535,595,552,621,73,1,266,True
Malcolm Simmons,191278,WR,TEXAS TECH,3,24.3,0,66.7,,0,0,0,0.0,0,0.12,2,315,0,70.7,20.8,73.6,,76.5,0.0,0,0,64,0.0,0,14,1,57.1,2,100.0,14,28.6,4,149.3,3,2,71.4,10,91,40,20.0,45.5,6.5,572,10,492,330,,435,605,1,1,1,370,522,1,415,748,126,,71,113,113,1,48,76,76,734,526,113,671,1,728,337,629,63,707,71,430,595,394,328,5,2,5,True
Josiah Abdullah,200272,WR,VIRGINIA,4,14.0,0,66.7,,0,0,0,0.0,0,0.31,2,335,0,70.7,81.5,64.5,,64.5,0.0,0,0,74,0.0,0,29,0,48.0,2,86.2,25,89.7,26,149.3,3,1,10.3,3,83,45,22.5,41.5,3.32,38,200,492,330,,435,605,1,1,1,201,522,1,415,1,374,,373,113,113,1,21,76,76,615,1,335,671,743,631,84,246,63,707,173,664,703,423,282,3,4,77,True
TK Norman,199998,WR,TEXAS A&M,4,11.0,0,0.0,,0,0,0,,0,-0.16,0,312,0,,,51.9,,51.3,0.0,0,1,0,0.0,0,26,0,32.0,0,96.2,25,23.1,6,0.0,3,0,76.9,20,0,0,,,0.0,38,398,492,765,,435,605,1,,1,639,733,1,,,722,,739,113,113,554,765,76,76,635,1,739,765,209,631,388,568,766,707,397,376,468,765,743,,,765,True
Kyle Koontz,185087,TE,SACRAMENTO,4,5.7,0,100.0,,0,0,1,0.0,0,-0.02,1,279,0,73.1,64.1,57.9,36.6,55.1,54.8,23,0,11,11.9,5,42,1,47.5,3,83.3,35,42.9,18,101.4,3,0,2.4,1,25,8,2.7,8.3,0.71,17,185,123,1,,105,169,283,1,1,219,200,1,114,198,159,261,202,152,197,1,225,219,219,208,167,153,189,79,180,76,146,136,240,121,217,202,212,232,221,186,223,True
Rahkeem Smith,161339,WR,GA TECH,3,6.3,1,66.7,,0,0,0,0.0,0,0.3,0,176,0,70.7,70.4,69.2,,68.4,0.0,0,0,9,0.0,0,12,0,45.5,2,91.7,11,58.3,7,74.3,3,0,41.7,5,12,15,7.5,6.0,1.09,572,667,293,330,,435,605,1,1,1,215,733,1,415,155,224,,252,113,113,1,719,76,76,745,1,434,671,618,746,229,542,563,707,397,537,664,728,547,130,718,562,True
Brady Bidwell,191319,WR,OREGON,1,13.3,0,66.7,,0,0,0,0.0,0,0.56,1,264,0,70.7,62.9,64.9,,61.8,0.0,0,0,7,0.0,0,12,0,41.7,2,100.0,12,8.3,1,113.9,3,1,91.7,11,12,0,0.0,6.0,1.0,760,242,492,330,,435,605,1,1,1,52,627,1,415,636,363,,465,113,113,1,747,76,76,745,1,570,671,1,740,649,718,255,707,173,111,583,728,743,743,718,587,True
Jonathan Echols,183435,TE,AUBURN,4,8.0,0,66.7,,0,0,0,0.0,0,0.24,1,115,0,70.7,62.9,53.5,76.7,58.4,33.3,8,0,22,16.7,4,24,0,50.0,2,83.3,20,50.0,12,137.5,3,1,12.5,3,29,5,2.5,14.5,1.45,17,111,123,165,,105,169,1,1,1,110,200,1,161,234,217,13,158,259,271,1,118,151,233,266,1,115,237,79,255,39,200,45,240,28,51,136,200,253,228,45,103,True
Max Mosey,163921,TE,RICE,4,4.3,1,66.7,,0,0,0,33.3,1,0.39,1,275,0,31.6,76.6,65.5,,58.0,9.5,2,0,40,0.0,0,21,0,50.0,2,95.2,20,61.9,13,149.3,3,1,23.8,5,45,35,17.5,22.5,2.25,17,229,60,165,,105,169,1,266,191,55,200,1,267,2,85,,166,291,292,1,21,284,284,273,1,115,237,8,255,12,190,27,240,28,9,99,146,76,1,4,47,True
Christian Abney,176079,TE,ILLINOIS,4,0.0,0,100.0,,0,0,0,0.0,0,0.38,0,187,0,73.1,64.1,55.2,42.2,43.0,84.2,85,0,6,37.6,38,101,1,62.0,3,55.4,56,13.9,14,84.7,3,0,1.0,1,13,13,4.3,4.3,0.23,17,289,123,1,,105,169,1,1,1,58,266,1,114,198,197,252,283,11,5,1,272,19,2,37,167,24,189,280,106,267,177,191,240,121,252,202,258,195,144,277,281,True
Taeo Todd,188385,HB,GA SOUTHRN,4,5.3,1,100.0,,0,0,0,0.0,0,0.54,3,174,0,73.1,74.9,78.7,82.3,89.1,2.9,1,0,25,31.4,11,35,0,50.0,3,68.6,24,8.6,3,118.8,3,0,11.4,4,65,49,16.3,21.7,2.71,16,17,112,1,,32,74,1,1,1,30,47,1,132,177,47,27,8,11,10,1,48,100,173,214,1,97,186,147,210,95,118,49,230,62,38,62,54,102,13,5,21,True
Bryson Jones,204357,WR,TEXAS TECH,4,5.3,0,66.7,,0,0,0,0.0,0,-0.16,1,315,0,70.7,62.9,58.4,,62.1,0.0,0,0,7,0.0,0,13,1,33.3,2,92.3,12,15.4,2,72.9,3,0,84.6,11,11,8,4.0,5.5,0.92,38,705,492,330,,435,605,1,1,1,639,627,1,415,636,575,,455,113,113,1,747,76,76,739,526,724,671,571,740,499,690,574,707,397,260,583,737,634,415,739,614,True
Ty Washington,157029,TE,NOTRE DAME,3,7.7,0,33.3,,0,0,0,66.7,2,0.1,0,258,0,11.2,61.0,39.0,65.4,38.7,26.7,4,0,6,6.7,1,15,0,35.7,1,86.7,13,53.3,8,42.4,3,0,20.0,3,6,0,0.0,6.0,0.46,234,122,123,276,,105,169,1,292,273,165,266,1,294,264,291,159,292,278,283,1,272,251,270,284,1,277,282,50,280,24,240,272,240,121,15,136,284,291,291,247,250,True
Kai Rios,159367,TE,MICH STATE,4,5.3,0,100.0,100.0,1,1,0,0.0,0,0.26,3,223,0,73.1,64.1,76.9,67.4,90.8,88.9,8,0,16,11.1,1,9,0,77.8,3,88.9,8,11.1,1,108.3,3,0,0.0,0,30,14,4.7,10.0,3.75,17,198,123,1,1,42,75,1,1,1,99,89,1,114,198,18,140,2,7,271,1,171,226,270,292,1,1,189,30,291,279,285,117,240,121,254,254,195,185,134,135,6,True
Daniel Swinney,221639,HB,SACRAMENTO,4,6.7,1,66.7,,0,0,0,0.0,0,-0.54,0,279,0,70.7,78.4,80.1,9.4,60.6,0.0,0,0,3,25.0,2,8,0,25.0,2,75.0,6,0.0,0,70.1,3,0,25.0,2,4,8,4.0,2.0,0.67,16,13,112,217,,32,74,1,1,1,281,233,1,187,122,36,277,171,31,31,1,279,163,268,285,1,280,252,84,283,249,249,239,230,62,4,117,272,273,256,269,188,True
Ja'Kayden Ferguson,200078,WR,KENTUCKY,2,1.7,0,66.7,,0,0,0,0.0,0,-0.19,0,202,0,70.7,66.7,61.7,,59.2,0.0,0,0,8,0.0,0,18,0,41.2,2,94.4,17,33.3,6,71.5,3,0,66.7,12,10,17,8.5,5.0,0.59,700,752,492,330,,435,605,1,1,1,661,733,1,415,415,469,,550,113,113,1,731,76,76,708,1,580,671,364,704,305,568,588,707,397,455,569,743,524,93,745,698,True
Jay Wilkerson,131961,WR,LA TECH,3,19.0,0,66.7,,0,0,0,0.0,0,-0.36,2,208,0,70.7,62.9,56.6,,56.5,0.0,0,1,27,0.0,0,51,0,34.0,2,92.2,47,7.8,4,106.3,3,1,92.2,47,35,5,2.5,17.5,0.74,572,48,492,330,,435,605,1,1,1,730,522,1,415,636,627,,638,113,113,554,410,76,76,475,1,721,671,582,482,659,629,310,707,173,103,295,619,675,588,143,666,True
Chase Loftin,198440,TE,FLORIDA ST,4,8.7,0,33.3,,0,0,0,0.0,0,0.06,1,167,0,66.7,61.0,52.9,70.6,57.1,34.6,9,2,8,11.5,3,26,0,42.3,1,88.5,23,53.8,14,2.8,3,0,11.5,3,8,4,4.0,8.0,0.35,17,92,123,276,,105,169,1,1,1,184,200,1,193,264,226,107,178,254,268,291,252,223,247,258,1,229,282,34,243,22,177,290,240,121,66,136,278,256,162,194,267,True
Anthony Woods,158969,HB,UCLA,4,0.0,1,100.0,,0,0,0,0.0,0,0.01,0,324,0,73.1,80.3,85.7,60.4,64.2,0.0,0,0,9,40.0,14,35,0,38.2,3,60.0,21,5.7,2,79.2,3,0,0.0,0,9,9,3.0,3.0,0.43,16,125,112,1,,32,74,1,1,1,184,233,1,132,90,10,153,134,31,31,1,213,35,131,214,1,255,186,229,229,138,152,199,230,62,228,228,256,268,275,253,241,True
Jordan Scott,200308,WR,MARYLAND,4,12.3,0,66.7,,0,0,0,0.0,0,0.39,1,215,0,70.7,62.9,63.3,,66.7,0.0,0,1,16,0.0,0,23,0,63.6,2,95.7,22,8.7,2,92.4,3,1,91.3,21,25,6,3.0,12.5,1.14,38,302,492,330,,435,605,1,1,1,145,627,1,415,636,411,,302,113,113,554,604,76,76,665,1,39,671,257,664,635,690,433,707,173,124,459,670,657,515,383,542,True
Isiah St. Romain,191997,WR,N DAK ST,3,18.3,0,66.7,,0,0,0,0.0,0,0.37,0,250,0,70.7,62.9,50.3,,51.7,0.0,0,0,5,0.0,0,41,0,50.0,2,97.6,40,12.2,5,71.5,3,0,87.8,36,10,3,1.5,5.0,0.25,572,61,492,330,,435,605,1,1,1,158,733,1,415,636,742,,733,113,113,1,754,76,76,539,1,254,671,126,528,559,597,588,707,397,198,368,743,706,687,745,751,True
Trent Thomas,172314,TE,TENNESSEE,4,1.3,2,100.0,,0,0,0,0.0,0,0.3,2,307,0,73.1,64.1,64.3,70.6,69.6,40.7,22,0,17,38.9,21,54,0,52.0,3,55.6,30,7.4,4,108.3,3,0,1.9,1,30,26,8.7,10.0,1.0,17,285,30,1,,105,169,1,1,1,87,140,1,114,198,102,107,70,233,204,1,164,16,32,158,1,97,189,279,214,283,275,117,240,121,231,202,195,118,33,135,155,True
Mike Tyler,205378,TE,S CAROLINA,4,-2.3,1,100.0,,0,0,0,0.0,0,0.41,2,289,0,73.1,64.1,52.5,67.3,56.8,50.0,12,0,7,4.2,1,24,0,50.0,3,87.5,21,37.5,9,118.8,3,1,4.2,1,7,14,4.7,2.3,0.33,17,293,60,1,,105,169,1,1,1,50,140,1,114,198,230,142,181,179,257,1,262,270,270,266,1,115,189,40,252,116,231,76,240,28,180,202,281,185,134,290,269,True
Julian McFadden,204297,WR,SYRACUSE,2,3.7,1,66.7,,0,0,0,0.0,0,0.39,0,304,0,70.7,62.9,56.3,,56.5,0.0,0,0,6,0.0,0,14,0,53.8,2,92.9,13,85.7,12,74.3,3,0,14.3,2,12,4,2.0,6.0,0.92,700,729,293,330,,435,605,1,1,1,145,733,1,415,636,637,,638,113,113,1,751,76,76,734,1,167,671,531,734,119,425,563,707,397,630,721,728,692,641,718,614,True
Josh Phifer,172258,TE,UCLA,2,3.7,0,66.7,0.0,0,1,0,0.0,0,0.27,1,324,0,70.7,62.9,57.3,73.5,69.8,95.0,19,0,12,45.0,9,20,1,47.4,2,55.0,11,5.0,1,74.3,3,0,0.0,0,12,6,3.0,6.0,1.09,275,247,123,165,105,105,75,1,1,1,93,200,1,161,234,166,47,69,4,219,1,219,6,164,274,167,157,237,282,284,287,285,226,240,121,254,254,264,247,211,247,144,True
Sterling Berkhalter,54221,WR,TEXAS,2,9.3,1,100.0,,0,0,0,0.0,0,0.66,3,311,0,73.1,64.1,83.7,,84.2,0.0,0,0,17,0.0,0,9,0,77.8,3,100.0,9,11.1,1,113.9,3,0,88.9,8,34,6,2.0,11.3,3.78,700,527,293,1,,435,605,1,1,1,24,436,1,340,580,22,,20,113,113,1,588,76,76,760,1,2,593,1,759,582,718,255,707,397,175,623,626,657,641,464,52,True
Ashten Emory,188313,HB,CAL,4,-3.3,0,100.0,,0,0,0,0.0,0,0.01,1,130,0,73.1,75.6,65.6,41.6,59.5,0.0,0,0,15,23.5,8,34,0,42.4,3,73.5,25,11.8,4,102.8,3,0,20.6,7,26,36,12.0,8.7,1.04,16,251,204,1,,32,74,1,1,1,184,145,1,132,169,215,219,183,31,31,1,127,179,217,220,1,202,186,97,203,51,94,81,230,62,10,28,171,139,45,93,126,True
Hunter Welcing,129738,TE,OHIO STATE,3,6.7,0,33.3,50.0,1,2,0,0.0,0,0.59,0,260,0,66.7,61.0,54.6,71.5,55.4,33.3,4,0,4,16.7,2,12,0,54.5,1,83.3,10,50.0,6,42.4,3,0,8.3,1,4,0,0.0,4.0,0.4,234,161,123,276,70,42,39,1,1,1,16,266,1,193,264,205,92,200,259,283,1,287,151,259,287,1,68,282,79,287,39,254,272,240,121,105,202,289,291,291,278,261,True
Zyheem Collick,192737,WR,CHARLOTTE,3,13.3,0,66.7,,0,0,0,0.0,0,-0.34,1,136,0,70.7,62.9,65.7,,65.0,0.0,0,0,22,0.0,0,9,0,22.2,2,100.0,9,44.4,4,97.9,3,0,55.6,5,29,5,2.5,14.5,3.22,572,242,492,330,,435,605,1,1,1,726,627,1,415,636,325,,352,113,113,1,496,76,76,760,1,765,671,1,759,262,629,382,707,397,506,664,649,675,588,278,87,True
Terrance Gibbs,158348,HB,GA SOUTHRN,1,-5.7,2,100.0,,0,0,0,0.0,0,0.41,1,174,0,73.1,69.5,62.4,73.7,80.6,5.3,1,0,14,10.5,2,19,0,57.9,3,84.2,16,10.5,2,79.2,3,0,10.5,2,4,21,7.0,1.3,0.25,281,284,57,1,,32,74,1,1,1,51,145,1,132,208,255,91,24,7,10,1,139,270,268,270,1,38,186,28,260,69,152,199,230,62,44,117,272,215,171,276,267,True
Jayon Farrar,198455,WR,FRESNO ST,4,5.7,0,100.0,,0,0,0,0.0,0,-0.28,1,169,0,73.1,66.0,65.0,,62.3,0.0,0,0,10,0.0,0,15,0,33.3,3,100.0,15,6.7,1,94.4,3,0,93.3,14,20,3,1.0,6.7,1.33,38,689,492,1,,435,605,1,1,1,704,627,1,340,480,359,,445,113,113,1,708,76,76,729,1,724,593,1,724,680,718,422,707,397,85,542,694,706,706,703,489,True
Bisi Owens,164679,WR,PURDUE,2,7.3,0,66.7,50.0,1,2,0,0.0,0,0.05,1,273,0,70.7,62.9,65.4,,62.6,0.0,0,0,14,0.0,0,26,0,50.0,2,92.3,24,15.4,4,129.2,3,1,84.6,22,23,4,2.0,11.5,0.96,700,635,492,330,228,182,242,1,1,1,461,627,1,415,636,342,,435,113,113,1,647,76,76,635,1,254,671,571,639,499,629,160,707,173,260,452,679,692,641,445,600,True
Rocco Conti,186412,HB,AIR FORCE,3,5.0,1,66.7,,0,0,0,0.0,0,0.24,1,101,0,70.7,78.7,73.8,74.2,56.7,22.0,9,0,21,9.8,4,41,0,40.5,2,82.9,34,2.4,1,86.8,3,0,22.0,9,21,10,5.0,10.5,0.62,231,21,112,217,,32,74,1,1,1,101,145,1,187,118,106,90,214,2,3,1,74,275,252,183,1,229,252,32,149,217,194,157,230,62,7,12,195,263,238,57,196,True
Jaylin Carter,199210,HB,MEMPHIS,4,6.7,3,100.0,,0,0,0,0.0,0,0.48,3,218,0,73.1,82.8,82.7,63.3,71.3,0.0,0,0,18,65.7,44,67,0,58.3,3,28.4,19,4.5,3,158.3,3,1,0.0,0,48,30,10.0,16.0,2.53,16,13,37,1,,32,74,1,1,1,38,47,1,132,32,22,143,70,31,31,1,100,3,6,89,1,33,186,285,241,158,118,1,230,17,228,228,91,172,84,20,26,True
Bo Walker,198466,HB,GEORGIA,4,-2.0,0,66.7,,0,0,0,33.3,1,0.04,1,173,0,31.6,29.5,64.9,54.1,46.0,0.0,0,0,4,28.6,6,21,0,47.6,2,71.4,15,0.0,0,70.1,3,0,9.5,2,6,15,7.5,3.0,0.4,16,206,204,217,,32,74,1,270,203,176,145,1,268,279,224,179,268,31,31,1,271,136,239,267,1,136,252,116,262,249,249,239,230,62,52,117,268,246,158,253,248,True
Jaiven Plummer,158326,WR,GA TECH,2,28.7,0,66.7,50.0,1,2,0,0.0,0,0.64,2,176,0,70.7,62.9,65.6,,67.7,0.0,0,0,37,0.0,0,26,1,60.0,2,96.2,25,3.8,1,149.3,3,2,96.2,25,60,2,1.0,30.0,2.4,700,4,492,330,228,182,242,1,1,1,29,522,1,415,636,334,,273,113,113,1,273,76,76,635,526,72,671,209,631,725,718,63,707,71,43,433,495,725,706,12,198,True
Shane King,199208,TE,ARIZONA,3,5.3,0,66.7,,0,0,0,33.3,1,0.3,1,109,0,31.6,62.9,51.8,34.1,49.0,52.3,23,0,16,13.6,6,44,0,65.1,2,84.1,37,36.4,16,126.4,3,1,11.4,5,21,2,1.0,10.5,0.57,234,198,123,165,,105,169,1,266,191,87,200,1,267,234,239,268,259,171,197,1,171,198,211,194,1,10,237,70,170,126,162,64,240,28,67,99,234,274,267,125,239,True
David Alpers III,164853,TE,JVILLE ST,5,7.7,0,100.0,100.0,2,2,1,0.0,0,0.53,2,196,0,73.1,64.1,63.6,72.5,63.9,58.1,25,0,25,39.5,17,43,1,66.7,3,58.1,25,34.9,15,118.8,3,0,2.3,1,40,17,5.7,13.3,1.6,1,122,123,1,1,11,39,283,1,1,30,140,1,114,198,107,69,108,126,179,1,92,15,66,203,167,9,189,274,234,139,167,76,240,121,221,202,162,169,103,63,82,True
Carterrious Brown,199175,WR,SMU,3,10.0,0,66.7,0.0,0,1,0,0.0,0,0.71,1,287,0,70.7,62.9,57.7,,58.0,0.0,0,0,15,0.0,0,23,0,52.2,2,100.0,23,4.3,1,89.6,3,0,95.7,22,23,14,7.0,11.5,1.0,572,476,492,330,435,435,394,1,1,1,15,627,1,415,636,603,,594,113,113,1,626,76,76,665,1,208,671,1,646,715,718,461,707,397,51,452,679,559,157,445,587,True
Mason Williams,171367,TE,OHIO STATE,4,2.7,1,100.0,,0,0,0,0.0,0,0.65,1,260,0,73.1,64.1,52.0,46.4,51.8,44.2,19,0,23,25.6,11,43,1,64.3,3,72.1,31,25.6,11,115.3,3,0,9.3,4,35,27,9.0,11.7,1.13,17,266,60,1,,105,169,1,1,1,13,200,1,114,198,236,244,236,214,219,1,108,65,131,203,167,17,189,206,207,210,211,96,240,121,94,119,178,114,29,102,135,True
Keon Davis,194581,WR,KENNESAW,3,3.3,0,100.0,,0,0,0,0.0,0,-0.95,1,200,0,73.1,64.1,74.1,,70.2,0.0,0,0,11,0.0,0,11,0,18.2,3,100.0,11,0.0,0,98.6,3,0,100.0,11,23,13,4.3,7.7,2.09,572,733,492,1,,435,605,1,1,1,768,627,1,340,580,117,,195,113,113,1,693,76,76,753,1,767,593,1,746,754,754,374,707,397,1,583,679,574,384,677,266,True
AJ Szymanski,170206,TE,MARYLAND,4,6.7,1,66.7,,0,0,0,0.0,0,-0.26,0,215,0,70.7,62.9,54.3,52.6,58.1,61.5,16,0,9,15.4,4,26,0,40.9,2,69.2,18,30.8,8,78.5,3,0,3.8,1,15,8,4.0,7.5,0.83,17,161,60,165,,105,169,1,1,1,277,266,1,161,234,211,227,163,107,240,1,244,176,233,258,1,243,237,227,260,171,240,217,240,121,192,202,251,232,162,213,195,True
Triston Morgan,194787,HB,KENNESAW,4,-6.7,1,66.7,,0,0,0,0.0,0,0.3,1,200,0,73.1,36.3,63.3,64.0,48.4,0.0,0,0,8,50.0,23,46,0,61.9,2,43.5,20,10.9,5,72.9,3,0,0.0,0,11,27,13.5,5.5,0.55,16,285,112,217,,32,74,1,1,1,85,145,1,132,272,246,139,258,31,31,1,231,11,61,168,1,18,252,279,233,65,72,232,230,62,228,228,246,186,27,191,211,True
Ryan Manning,170198,WR,MARYLAND,4,0.7,2,100.0,,0,0,0,0.0,0,0.12,2,215,0,73.1,64.1,72.0,,71.3,0.0,0,0,16,0.0,0,17,1,52.9,3,100.0,17,76.5,13,106.9,3,0,23.5,4,29,27,9.0,9.7,1.71,38,760,162,1,,435,605,1,1,1,370,522,1,340,580,148,,171,113,113,1,604,76,76,716,526,190,593,1,704,185,402,303,707,397,578,683,649,424,73,580,359,True
Peyton Jones,170051,HB,LIBERTY,4,7.0,0,33.3,0.0,0,1,0,0.0,0,0.2,0,206,0,66.7,56.5,65.3,63.3,52.5,0.0,0,0,0,39.4,26,66,0,50.0,1,56.1,37,1.5,1,42.4,3,0,4.5,3,0,2,2.0,0.0,0.0,16,10,204,280,32,32,13,1,1,1,115,233,1,203,236,218,143,236,31,31,1,285,40,44,92,1,97,280,250,132,236,194,274,230,62,131,87,284,285,283,284,284,True
Hogan Hansen,183686,TE,MICHIGAN,2,7.7,0,66.7,0.0,0,1,0,0.0,0,0.22,0,222,0,70.7,62.9,59.3,,53.9,57.1,8,0,8,0.0,0,14,0,53.8,2,92.9,13,21.4,3,75.7,3,0,14.3,2,13,4,2.0,6.5,1.0,275,122,123,165,105,105,75,1,1,1,116,266,1,161,234,142,,214,133,271,1,252,284,284,285,1,74,237,15,280,231,279,221,240,121,40,166,258,256,243,230,155,True
DJ Taylor,198842,HB,MIDDLE TN,3,1.0,0,33.3,,0,0,0,50.0,1,-0.31,1,224,0,24.5,72.0,46.9,0.0,44.4,0.0,0,0,11,14.3,2,14,0,21.4,1,85.7,12,7.1,1,45.1,3,0,14.3,2,11,10,10.0,11.0,0.92,231,92,204,280,,32,74,1,282,203,267,145,1,278,199,286,282,273,31,31,1,179,252,268,281,1,284,280,19,272,117,194,271,230,62,23,117,246,263,84,45,138,True
Terrell Timmons Jr.,157423,WR,MEMPHIS,2,35.7,1,66.7,0.0,0,1,0,0.0,0,0.53,2,218,0,70.7,62.9,65.7,,65.1,0.0,0,0,68,0.0,0,27,0,61.5,2,96.3,26,11.1,3,109.7,3,0,88.9,24,84,23,11.5,42.0,3.23,700,2,293,330,435,435,394,1,1,1,65,522,1,415,636,325,,344,113,113,1,37,76,76,626,1,56,671,202,623,582,658,288,707,397,175,438,421,466,43,3,86,True
Jaylan Hornsby,197643,WR,PURDUE,4,11.0,0,66.7,,0,0,0,0.0,0,0.29,1,273,0,73.1,64.1,55.4,,58.9,0.0,0,0,17,0.0,0,38,1,51.4,2,92.1,35,15.8,6,88.2,3,0,84.2,32,22,2,1.0,11.0,0.63,38,398,492,330,,435,605,1,1,1,227,627,1,340,580,660,,571,113,113,1,588,76,76,556,526,226,671,587,563,495,568,472,707,397,266,393,688,725,706,475,688,True
Jaylin Brown,204267,HB,PITTSBURGH,1,-0.3,1,100.0,,0,0,0,0.0,0,1.18,1,268,0,73.1,71.6,69.0,75.0,67.4,0.0,0,0,10,25.0,4,16,0,68.8,3,75.0,12,0.0,0,88.9,3,0,12.5,2,16,17,5.7,5.3,1.33,281,135,112,1,,32,74,1,1,1,1,145,1,132,204,172,82,93,31,31,1,201,163,252,276,1,4,186,84,272,249,249,144,230,62,30,117,219,228,212,196,83,True
Kourdey Glass,204246,HB,OREGON ST,1,1.3,0,100.0,,0,0,0,0.0,0,-0.02,1,265,0,73.1,72.9,57.3,0.0,61.9,0.0,0,0,10,22.7,5,22,0,42.9,3,77.3,17,4.5,1,87.5,3,0,18.2,4,15,11,3.7,5.0,0.88,281,83,204,1,,32,74,1,1,1,199,145,1,132,195,278,282,156,31,31,1,201,184,244,262,1,197,186,63,254,158,194,152,230,62,15,62,229,258,265,208,149,True
Ashton Locklear,157428,WR,NC STATE,4,17.0,0,33.3,0.0,0,2,0,0.0,0,0.08,1,248,0,66.7,61.0,52.8,,55.1,0.0,0,0,10,0.0,0,32,0,36.7,1,93.8,30,100.0,32,83.3,3,1,0.0,0,10,1,1.0,10.0,0.33,38,94,492,718,435,435,242,1,1,1,415,627,1,496,681,715,,670,113,113,1,708,76,76,598,1,681,736,437,597,1,207,506,707,173,756,756,743,732,706,556,739,True
Kyson Brown,176525,HB,ARIZONA ST,3,-4.0,1,100.0,,0,0,0,0.0,0,0.37,2,110,0,73.1,56.1,73.9,79.1,58.9,0.0,0,0,11,16.7,9,54,0,46.2,3,79.6,43,9.3,5,94.4,3,0,7.4,4,20,32,10.7,6.7,0.47,231,274,112,1,,32,74,1,1,1,62,87,1,132,237,105,49,186,31,31,1,179,236,198,136,1,157,186,49,96,85,72,120,230,62,80,62,199,159,69,157,233,True
Julian Johnson,184726,TE,MINNESOTA,4,2.3,0,66.7,,0,0,1,33.3,1,0.01,0,225,0,32.3,62.9,39.7,74.3,38.3,100.0,30,0,6,46.7,14,30,1,53.3,2,53.3,16,0.0,0,70.1,3,0,0.0,0,7,1,0.5,3.5,0.44,17,273,123,165,,105,169,283,266,191,206,266,1,264,234,290,35,294,1,153,1,272,4,98,243,167,83,237,286,269,289,289,237,240,121,254,254,281,282,284,285,252,True
Jaivian Thomas,176564,HB,UCLA,4,-0.3,0,66.7,,0,0,0,0.0,0,0.12,2,324,0,70.7,78.7,76.3,29.0,68.1,0.0,0,0,9,20.0,7,35,0,43.8,2,74.3,26,5.7,2,75.7,3,0,8.6,3,13,17,8.5,6.5,0.5,16,135,204,217,,32,74,1,1,1,145,87,1,187,118,72,246,86,31,31,1,213,216,227,214,1,185,252,91,195,138,152,226,230,62,61,87,238,228,122,165,227,True
Prince Jean,215830,WR,KENTUCKY,4,-1.3,1,66.7,,0,0,0,0.0,0,0.63,1,202,0,70.7,62.9,68.8,,69.1,0.0,0,0,26,0.0,0,12,0,41.7,2,100.0,12,50.0,6,134.7,3,1,33.3,4,27,36,18.0,13.5,2.25,38,768,293,330,,435,605,1,1,1,31,627,1,415,636,238,,232,113,113,1,430,76,76,745,1,570,671,1,740,246,568,127,707,173,555,683,663,358,8,333,223,True
Trae'von Dunbar,189923,HB,S ALABAMA,4,-3.0,3,100.0,,0,0,0,0.0,0,0.1,1,288,0,73.1,78.7,78.7,,74.0,0.0,0,0,17,0.0,0,30,0,40.7,3,90.0,27,16.7,5,98.6,3,0,3.3,1,23,32,10.7,7.7,0.85,16,240,37,1,,32,74,1,1,1,152,145,1,132,118,47,,47,31,31,1,111,284,284,238,1,226,186,7,189,21,72,95,230,62,167,164,184,159,69,120,157,True
Trequan Jones,204200,HB,TULSA,5,-3.0,0,66.7,,0,0,0,33.3,1,-0.14,0,320,0,32.3,53.8,68.4,72.4,43.7,0.0,0,0,1,7.3,3,41,0,31.6,2,85.4,35,4.9,2,70.1,3,0,4.9,2,2,10,5.0,1.0,0.06,1,240,204,217,,32,74,1,270,203,237,233,1,267,246,184,101,275,31,31,1,283,276,263,183,1,271,252,22,140,151,152,239,230,62,126,117,279,263,238,278,280,True
Brock Coffman,198705,WR,KENTUCKY,2,1.7,0,100.0,100.0,1,1,0,0.0,0,0.37,3,202,0,73.1,73.7,66.1,,68.4,0.0,0,0,38,0.0,0,18,1,55.6,3,100.0,18,16.7,3,118.8,3,0,83.3,15,53,48,16.0,17.7,2.94,700,752,492,1,1,182,394,1,1,1,158,436,1,340,77,318,,252,113,113,1,257,76,76,708,526,138,593,1,693,478,658,206,707,397,282,526,530,264,9,136,115,True
Leonard Farrow,215768,HB,FAU,4,-1.3,0,100.0,,0,0,0,0.0,0,-0.02,1,165,0,73.1,80.5,73.1,56.0,61.4,0.0,0,0,11,11.8,4,34,0,41.2,3,88.2,30,0.0,0,98.6,3,0,5.9,2,23,27,9.0,7.7,0.77,16,182,204,1,,32,74,1,1,1,199,145,1,132,89,119,169,162,31,31,1,179,265,252,220,1,220,186,14,172,249,249,95,230,62,103,117,184,186,110,120,176,True
Gus McGee,146140,TE,CHARLOTTE,2,2.0,0,66.7,,0,0,0,0.0,0,0.59,0,136,0,70.7,62.9,41.7,31.1,51.3,42.9,12,0,4,17.9,5,28,2,56.0,2,78.6,22,35.7,10,70.1,3,0,10.7,3,3,1,0.5,1.5,0.14,275,279,123,165,,105,169,1,1,1,16,266,1,161,234,288,275,242,224,257,1,287,142,219,251,264,56,237,141,247,132,220,237,240,121,71,136,291,282,284,292,291,True
Logan Saldate,189887,WR,NOTRE DAME,1,5.0,1,100.0,,0,0,0,0.0,0,-0.03,2,258,0,73.1,64.1,79.7,,78.4,0.0,0,0,21,0.0,0,8,0,50.0,3,100.0,8,0.0,0,116.7,3,0,100.0,8,36,21,7.0,12.0,4.5,760,712,293,1,,435,605,1,1,1,552,522,1,340,580,42,,59,113,113,1,509,76,76,763,1,254,593,1,763,754,754,234,707,397,1,623,615,490,157,416,19,True
Travis Johnson,215667,WR,MICHIGAN,4,17.3,0,33.3,0.0,0,1,0,0.0,0,0.91,1,222,0,66.7,64.3,56.7,,58.0,0.0,0,0,10,0.0,0,18,0,64.7,1,94.4,17,22.2,4,43.8,3,0,77.8,14,10,2,2.0,10.0,0.59,38,88,492,718,435,435,394,1,1,1,4,627,1,496,579,624,,594,113,113,1,708,76,76,708,1,33,736,364,704,400,629,699,707,397,362,542,743,725,641,556,698,True
Bryson Washington,174649,HB,AUBURN,4,2.0,0,100.0,100.0,1,1,0,0.0,0,0.42,1,115,0,73.1,76.2,62.0,74.4,64.9,0.0,0,0,8,47.1,16,34,0,51.6,3,52.9,18,5.9,2,93.1,3,0,0.0,0,19,13,4.3,6.3,1.06,16,61,204,1,1,5,13,1,1,1,50,145,1,132,161,259,86,127,31,31,1,231,17,117,220,1,87,186,259,247,131,152,126,230,62,228,228,204,254,252,171,123,True
Tucker Holloway,157640,WR,FAU,4,11.3,0,100.0,100.0,1,1,0,0.0,0,0.02,2,165,0,73.1,64.1,71.0,,69.9,0.0,0,0,20,0.0,0,11,0,45.5,3,100.0,11,0.0,0,118.8,3,0,100.0,11,39,5,1.7,13.0,3.55,38,373,492,1,1,182,394,1,1,1,503,522,1,340,580,173,,205,113,113,1,525,76,76,753,1,434,593,1,746,754,754,206,707,397,1,583,596,675,672,360,62,True
Matt Jeffery,189878,WR,NOTRE DAME,2,8.0,1,100.0,100.0,1,1,0,0.0,0,0.66,2,258,0,73.1,64.1,70.7,,70.0,0.0,0,0,18,0.0,0,17,0,68.8,3,94.1,16,11.8,2,150.7,3,1,88.2,15,32,12,4.0,10.7,2.0,700,609,293,1,1,182,394,1,1,1,24,522,1,340,580,187,,202,113,113,1,563,76,76,716,1,20,593,406,714,571,690,56,707,173,188,526,636,581,415,504,282,True
Daishaun Davis,215666,WR,S DIEGO ST,3,10.7,0,100.0,,0,0,0,0.0,0,0.53,2,284,0,73.1,64.1,72.3,,71.6,0.0,0,0,24,0.0,0,14,0,72.7,3,78.6,11,85.7,12,118.8,3,0,14.3,2,42,10,3.3,14.0,3.82,572,431,492,1,,435,605,1,1,1,65,522,1,340,580,143,,165,113,113,1,463,76,76,734,1,7,593,767,746,119,425,206,707,397,630,721,581,609,495,312,50,True
Zach Grace,176592,TE,LSU,4,9.3,0,0.0,0.0,0,1,0,100.0,1,0.37,0,211,0,16.4,,48.7,54.7,41.8,43.5,20,0,0,28.3,13,46,0,53.5,0,67.4,31,39.1,18,39.6,3,0,4.3,2,0,0,,,0.0,17,76,123,293,105,105,75,1,293,191,61,266,1,292,,259,219,287,217,214,1,293,51,106,189,1,81,293,240,207,104,146,280,240,121,178,166,293,291,,,293,True
Gabe Milbourn,146345,TE,OREGON ST,4,-0.7,0,100.0,,0,0,0,0.0,0,0.55,1,265,0,73.1,64.1,60.6,61.1,59.4,66.7,24,0,6,36.1,13,36,0,64.7,3,61.1,22,19.4,7,79.2,3,0,8.3,3,9,11,3.7,3.0,0.41,17,291,123,1,,105,169,1,1,1,26,200,1,114,198,134,189,145,68,186,1,272,22,106,230,1,14,189,269,247,241,249,214,240,121,105,136,272,208,179,287,258,True
Khristian Lando,189795,HB,JVILLE ST,4,-3.7,0,66.7,,0,0,0,33.3,1,0.77,0,196,0,31.6,75.9,63.8,74.8,69.7,0.0,0,0,8,27.8,5,18,0,75.0,2,61.1,11,11.1,2,77.1,3,0,5.6,1,14,22,11.0,7.0,1.27,16,268,204,217,,32,74,1,270,203,7,233,1,268,162,241,83,81,31,31,1,231,141,244,274,1,2,252,225,277,57,152,219,230,62,110,164,236,209,62,143,90,True
Roman Voss,218521,TE,MINNESOTA,4,14.3,0,66.7,,0,0,0,0.0,0,0.73,2,225,0,70.7,62.9,55.1,65.4,79.7,56.3,9,0,28,6.3,1,16,1,68.8,2,93.8,15,31.3,5,149.3,3,1,12.5,2,44,6,3.0,22.0,2.93,17,12,123,165,,105,169,1,1,1,9,140,1,161,234,198,159,21,141,268,1,74,255,270,280,167,7,237,10,272,167,268,27,240,28,51,166,149,247,211,6,17,True
Charles Taplin,198812,WR,MICH STATE,3,22.3,0,100.0,,0,0,0,0.0,0,-0.46,2,223,0,73.1,64.1,74.2,,72.6,0.0,0,0,38,0.0,0,15,0,33.3,3,100.0,15,46.7,7,158.3,3,1,53.3,8,65,3,1.0,21.7,4.33,572,17,492,1,,435,605,1,1,1,749,522,1,340,580,114,,144,113,113,1,257,76,76,729,1,724,593,1,724,256,542,1,707,173,511,623,475,706,706,57,24,True
Henry Rutledge,145571,HB,CHARLOTTE,4,-1.3,0,100.0,,0,0,0,0.0,0,-0.16,1,136,0,73.1,80.9,65.4,55.2,65.5,0.0,0,0,16,40.0,16,40,0,40.5,3,57.5,23,0.0,0,98.6,3,0,0.0,0,23,27,9.0,7.7,1.0,16,182,204,1,,32,74,1,1,1,242,145,1,132,74,217,174,117,31,31,1,120,35,117,187,1,229,186,245,215,249,249,95,230,62,228,228,184,186,110,120,130,True
Kam Anthony,189743,TE,RUTGERS,2,3.3,0,66.7,100.0,1,1,0,0.0,0,0.59,1,278,0,70.7,62.9,92.2,76.6,89.6,87.5,7,0,14,25.0,2,8,0,57.1,2,75.0,6,0.0,0,88.2,3,0,0.0,0,22,16,8.0,11.0,3.67,275,255,123,165,1,42,75,1,1,1,16,200,1,161,234,1,14,4,9,274,1,189,69,259,293,1,46,237,177,293,289,289,180,240,121,254,254,232,177,38,115,7,True
Stone Furrey,216196,WR,S CAROLINA,2,0.0,0,66.7,,0,0,0,33.3,1,-0.24,1,289,0,31.6,62.9,59.5,,59.7,0.0,0,0,16,0.0,0,5,0,40.0,2,100.0,5,100.0,5,91.0,3,0,0.0,0,24,28,14.0,12.0,4.8,700,765,492,330,,435,605,1,730,447,687,627,1,724,636,537,,541,113,113,1,604,76,76,769,1,615,671,1,769,1,597,443,707,397,756,756,677,413,20,416,15,True
Champ Hampton,176615,HB,STANFORD,2,0.0,0,66.7,,0,0,0,0.0,0,-0.37,0,300,0,70.7,68.2,67.6,71.8,61.9,0.0,0,0,5,25.0,2,8,0,25.0,2,75.0,6,0.0,0,70.1,3,0,12.5,1,5,5,2.5,2.5,0.83,270,125,204,217,,32,74,1,1,1,275,233,1,187,213,199,103,156,31,31,1,264,163,268,285,1,280,252,84,283,249,249,239,230,62,30,164,271,280,280,265,167,True
Jackson Wade,174267,WR,BOSTON COL,4,3.7,0,33.3,,0,0,0,50.0,1,-0.05,0,121,0,24.9,61.0,48.7,,49.2,0.0,0,0,1,0.0,0,19,0,41.2,1,89.5,17,63.2,12,42.4,3,0,36.8,7,1,-1,-1.0,1.0,0.06,38,729,492,718,,435,605,1,753,447,569,733,1,745,681,758,,757,113,113,1,764,76,76,701,1,580,736,706,704,219,425,703,707,397,546,636,764,766,762,764,764,True
AJ Miller,184119,TE,OHIO,4,5.0,0,100.0,,0,0,0,0.0,0,0.02,2,259,0,74.9,65.0,59.0,60.4,63.6,43.4,23,0,14,30.2,16,53,1,46.9,3,64.2,34,41.5,22,145.1,3,1,7.5,4,28,18,6.0,9.3,0.82,17,205,123,1,,105,169,1,1,1,202,140,1,85,154,144,193,111,218,197,1,189,44,75,164,167,163,189,258,187,85,111,36,240,28,121,119,202,163,88,161,196,True
Ty Stamey,176363,TE,TEXAS ST,4,15.0,0,66.7,0.0,0,1,0,0.0,0,0.76,1,314,0,70.7,62.9,44.8,71.5,52.2,40.7,24,0,18,27.1,16,59,0,61.4,2,69.5,41,47.5,28,92.4,3,0,10.2,6,25,2,1.0,12.5,0.61,17,9,123,165,105,105,75,1,1,1,7,200,1,161,234,276,92,231,233,186,1,154,60,75,143,1,27,237,226,151,52,78,169,240,121,81,76,212,274,267,85,231,True
D'Shawntae Jones,188283,HB,MIAMI OH,4,-2.3,0,33.3,,0,0,0,0.0,0,0.34,0,221,0,66.7,50.9,59.0,83.2,53.7,0.0,0,0,10,50.0,18,36,0,62.9,1,50.0,18,19.4,7,43.8,3,0,8.3,3,10,10,10.0,10.0,0.56,16,217,204,280,,32,74,1,1,1,72,233,1,203,253,274,20,230,31,31,1,201,11,96,207,1,13,280,267,247,13,46,272,230,62,67,87,253,263,84,68,208,True
Keawe Browne,215448,TE,BOISE ST,4,8.3,0,66.7,100.0,1,1,0,33.3,1,0.8,1,120,0,32.3,62.9,53.3,,52.7,71.4,10,0,16,0.0,0,14,0,53.8,2,92.9,13,14.3,2,86.8,3,0,14.3,2,21,1,0.5,10.5,1.62,17,101,123,165,1,42,75,1,266,191,5,200,1,264,234,219,,226,45,264,1,171,284,284,285,1,74,237,15,280,263,283,185,240,121,40,166,234,282,284,125,80,True
Rex Haynes,158727,WR,UTAH ST,1,18.7,0,33.3,0.0,0,1,0,0.0,0,0.33,1,329,0,66.7,61.0,55.0,,57.9,0.0,0,0,23,0.0,0,21,1,61.1,1,85.7,18,19.0,4,61.8,3,0,81.0,17,23,16,16.0,23.0,1.28,760,54,492,718,435,435,394,1,1,1,185,627,1,496,681,670,,600,113,113,1,481,76,76,677,526,63,736,747,693,446,629,638,707,397,317,504,679,536,9,40,497,True
Ja'Quez Cross,145108,HB,APP STATE,4,-0.7,0,100.0,,0,0,0,0.0,0,0.29,1,108,0,73.1,34.5,63.2,71.7,62.5,0.0,0,0,16,23.7,9,38,0,50.0,3,71.1,27,2.6,1,102.8,3,0,2.6,1,26,28,9.3,8.7,0.96,16,155,204,1,,32,74,1,1,1,89,145,1,132,277,247,105,149,31,31,1,120,178,198,195,1,97,186,118,189,211,194,81,230,62,187,164,171,182,101,93,136,True
Evan Pryor,145057,HB,FLORIDA,4,-1.7,0,66.7,,0,0,0,0.0,0,0.38,0,163,0,70.7,73.2,62.0,6.2,58.1,0.0,0,0,6,13.3,2,15,0,42.9,2,80.0,12,6.7,1,72.9,3,0,13.3,2,11,11,5.5,5.5,0.92,16,194,204,217,,32,74,1,1,1,57,233,1,187,192,259,279,195,31,31,1,256,259,268,277,1,197,252,46,272,120,194,232,230,62,28,117,246,258,221,191,138,True
Kenji Lewis,167016,WR,N ILLINOIS,4,18.3,0,0.0,0.0,0,1,0,,0,-0.31,0,254,0,,,44.1,,46.4,0.0,0,0,0,0.0,0,30,0,24.1,0,96.7,29,40.0,12,39.6,3,0,60.0,18,0,0,,,0.0,38,61,492,765,435,435,394,1,,1,714,733,1,,,766,,765,113,113,1,765,76,76,608,1,763,765,176,607,269,425,715,707,397,496,494,765,743,,,765,True
Ja'Vin Simpkins,175816,HB,UAB,4,-0.7,0,66.7,,0,0,0,0.0,0,-0.17,0,321,0,70.7,76.4,65.2,27.2,65.9,0.0,0,1,8,62.1,18,29,0,41.4,2,37.9,11,3.4,1,36.1,3,0,3.4,1,13,8,4.0,6.5,1.18,16,155,204,217,,32,74,1,1,1,244,233,1,187,160,220,251,110,31,31,266,231,5,96,240,1,218,252,282,277,187,194,283,230,62,165,164,238,273,256,165,106,True
JJ Garner,204107,HB,LA LAFAYET,4,-7.7,0,66.7,,0,0,0,0.0,0,-0.92,0,207,0,70.7,76.7,64.2,12.0,57.0,0.0,0,1,4,10.5,2,19,1,42.1,2,89.5,17,15.8,3,30.6,3,0,10.5,2,6,17,8.5,3.0,0.35,16,286,204,217,,32,74,1,1,1,286,233,1,187,156,235,275,211,31,31,266,271,270,268,270,245,208,252,9,254,24,118,284,230,62,44,117,268,228,122,253,254,True
Jason Patterson,184636,HB,KENTUCKY,4,-2.0,0,66.7,0.0,0,1,0,0.0,0,0.46,1,202,0,70.7,54.8,84.7,41.1,56.7,0.0,0,0,16,21.1,8,38,0,51.4,2,76.3,29,2.6,1,82.6,3,0,15.8,6,18,24,12.0,9.0,0.62,16,206,204,217,32,32,13,1,1,1,43,145,1,187,241,14,221,214,31,31,1,120,200,217,195,1,91,252,77,180,211,194,180,230,62,20,37,207,201,45,83,196,True
Jayden Warren,216270,WR,TEXAS A&M,3,20.7,0,33.3,100.0,1,1,0,0.0,0,-0.36,1,312,0,66.7,61.0,58.6,,58.9,0.0,0,0,11,0.0,0,20,0,25.0,1,100.0,20,45.0,9,45.1,3,0,55.0,11,11,0,0.0,11.0,0.55,572,28,492,718,1,182,394,1,1,1,730,627,1,496,681,567,,571,113,113,1,693,76,76,686,1,760,736,1,677,259,494,694,707,397,507,583,737,743,743,475,708,True
Kaden Shields-Dutton,189406,HB,FAU,3,-2.0,0,100.0,,0,0,0,0.0,0,0.23,0,165,0,73.1,73.7,62.2,66.3,57.2,0.0,0,0,8,25.0,7,28,0,44.4,3,75.0,21,10.7,3,97.2,3,0,0.0,0,22,28,9.3,7.3,1.05,231,206,204,1,,32,74,1,1,1,105,233,1,132,189,257,128,210,31,31,1,231,163,227,244,1,177,186,84,229,67,118,103,230,62,228,228,190,182,101,135,125,True
Nick Hampton,216312,TE,TROY,4,2.7,0,100.0,,0,0,0,0.0,0,-0.04,1,318,0,73.1,64.1,50.4,54.1,55.6,83.3,50,0,13,41.7,25,60,0,43.6,3,53.3,32,0.0,0,91.7,3,0,3.3,2,18,10,3.3,6.0,0.56,17,266,123,1,,105,169,1,1,1,230,200,1,114,198,251,222,197,13,63,1,200,12,24,138,1,203,189,286,198,289,289,175,240,121,201,166,245,213,203,247,240,True
Shawn Foster II,190320,WR,C MICHIGAN,4,0.3,1,100.0,,0,0,0,0.0,0,0.19,1,134,0,73.1,67.4,62.3,,60.4,0.0,0,0,13,0.0,0,20,0,44.4,3,90.0,18,70.0,14,95.8,3,0,25.0,5,21,20,6.7,7.0,1.17,38,764,293,1,,435,605,1,1,1,313,627,1,340,375,450,,515,113,113,1,662,76,76,686,1,480,593,694,693,205,388,409,707,397,569,664,691,498,175,695,529,True
Armaad Sharp,215279,TE,E MICHIGAN,4,-3.7,2,100.0,,0,0,0,0.0,0,-0.03,1,160,1,73.1,10.3,53.3,,52.3,37.5,6,0,14,0.0,0,16,0,42.9,3,87.5,14,62.5,10,93.1,3,0,0.0,0,19,30,10.0,6.3,1.36,17,294,30,1,,105,169,1,1,1,224,200,277,114,289,219,,229,247,277,1,189,284,284,280,1,215,189,40,274,10,220,163,240,121,254,254,239,98,19,235,111,True
Matt Smith,98287,TE,SM HOUSTON,4,8.3,0,33.3,,0,0,0,50.0,1,-0.23,0,281,0,24.5,61.0,37.6,70.4,43.0,57.6,19,1,5,21.2,7,33,0,40.0,1,72.7,24,39.4,13,2.8,3,0,0.0,0,5,1,1.0,5.0,0.21,17,101,123,276,,105,169,1,289,191,276,266,1,286,264,292,109,283,129,219,256,283,111,195,240,1,252,282,199,239,100,190,290,240,121,254,254,287,282,267,261,285,True
Trey Cooley,144150,HB,WASHINGTON,4,-3.3,2,66.7,,0,0,0,33.3,1,0.34,0,340,1,31.6,21.6,47.5,48.2,29.5,0.0,0,0,5,40.9,27,66,0,54.5,2,59.1,39,3.0,2,70.1,3,0,4.5,3,4,11,5.5,2.0,0.1,16,251,57,217,,32,74,1,270,203,72,233,274,268,285,285,195,286,31,31,1,264,34,36,92,1,63,252,235,115,200,152,239,230,62,131,87,272,258,221,269,277,True
Javian Mallory,216870,HB,MIAMI FL,4,0.0,2,100.0,,0,0,0,0.0,0,0.52,1,220,0,73.1,78.1,79.5,51.1,69.4,0.0,0,0,20,32.5,13,40,0,63.2,3,65.0,26,7.5,3,111.1,3,0,0.0,0,32,32,10.7,10.7,1.23,16,125,57,1,,32,74,1,1,1,31,145,1,132,128,39,187,82,31,31,1,82,87,147,187,1,12,186,187,195,109,118,66,230,62,228,228,147,159,69,52,99,True
Desirrio Riles,175202,TE,FLORIDA ST,4,7.7,0,66.7,,0,0,0,0.0,0,0.35,1,167,0,73.8,64.5,48.2,63.6,51.3,55.9,38,0,6,25.0,17,68,1,47.5,2,69.1,47,30.9,21,70.1,3,0,11.8,8,9,4,2.0,4.5,0.19,17,122,123,165,,105,169,1,1,1,70,200,1,113,197,262,175,242,146,107,1,272,69,66,121,167,153,237,229,133,170,120,237,240,121,63,58,272,256,243,271,289,True
Joshua Guerin,175238,WR,NAVY,3,22.0,0,33.3,0.0,0,2,0,0.0,0,0.06,1,237,0,66.7,61.0,61.3,,59.6,5.6,1,0,10,0.0,0,18,0,43.8,1,88.9,16,5.6,1,43.8,3,0,88.9,16,10,0,0.0,10.0,0.63,572,19,492,718,435,435,242,1,1,1,444,627,1,496,681,485,,544,11,40,1,708,76,76,708,1,506,736,715,714,696,718,699,707,397,175,515,743,743,743,556,688,True
A'Marion Peterson,174165,HB,UTSA,4,-2.3,1,100.0,,0,0,0,0.0,0,0.48,0,331,0,73.1,77.3,92.4,80.6,64.1,0.0,0,0,7,31.8,7,22,0,55.0,3,63.6,14,9.1,2,79.2,3,0,9.1,2,9,16,5.3,3.0,0.64,16,217,112,1,,32,74,1,1,1,38,233,1,132,145,2,39,135,31,31,1,245,95,227,262,1,59,186,197,266,86,152,199,230,62,56,117,256,239,227,253,191,True
Brandon High Jr.,174095,HB,UTSA,4,-1.0,0,100.0,,0,0,0,0.0,0,0.19,0,331,0,73.1,62.0,67.4,21.1,59.6,2.9,1,0,13,29.4,10,34,0,60.0,3,67.6,23,2.9,1,94.4,3,0,2.9,1,20,23,7.7,6.7,0.87,16,166,204,1,,32,74,1,1,1,117,233,1,132,220,202,267,182,11,10,1,151,126,185,220,1,23,186,157,215,202,194,120,230,62,174,164,199,207,154,157,152,True
Landon Morris,144060,TE,WAKE,1,7.7,0,33.3,0.0,0,1,0,0.0,0,-0.8,0,339,0,66.7,61.0,44.2,,58.9,75.0,3,0,13,0.0,0,4,0,25.0,1,100.0,4,25.0,1,47.9,3,0,0.0,0,13,3,3.0,13.0,3.25,292,122,123,276,105,105,75,1,1,1,292,266,1,193,264,280,,151,30,288,1,200,284,284,294,1,292,282,1,294,212,285,267,240,121,254,254,258,265,211,70,12,True
Karon Brookins,204077,WR,PENN STATE,2,15.0,0,33.3,,0,0,0,0.0,0,-0.13,0,266,0,66.7,61.0,57.1,,56.3,0.0,0,0,8,0.0,0,9,0,44.4,1,100.0,9,0.0,0,42.4,3,0,100.0,9,8,3,3.0,8.0,0.89,700,157,492,718,,435,605,1,1,1,619,733,1,496,681,615,,644,113,113,1,731,76,76,760,1,480,736,1,759,754,754,703,707,397,1,608,750,706,515,661,626,True
Travis Terrell Jr.,188626,HB,PURDUE,3,-5.0,1,100.0,,0,0,0,0.0,0,0.28,0,273,0,73.1,35.8,54.4,65.8,62.0,0.0,0,0,9,31.0,9,29,0,55.6,3,69.0,20,3.4,1,97.2,3,0,13.8,4,22,37,12.3,7.3,1.1,231,283,112,1,,32,74,1,1,1,91,233,1,132,273,281,133,153,31,31,1,213,101,198,240,1,52,186,141,233,187,194,103,230,62,26,62,190,137,41,135,117,True
Alante Brown,97171,WR,MEMPHIS,3,20.3,1,33.3,0.0,0,1,0,0.0,0,0.54,0,218,0,66.7,78.1,49.7,,45.9,0.0,0,0,5,0.0,0,20,0,57.9,1,95.0,19,25.0,5,42.4,3,0,75.0,15,5,1,1.0,5.0,0.26,572,31,293,718,435,435,394,1,1,1,61,733,1,496,27,751,,766,113,113,1,754,76,76,686,1,104,736,305,685,359,597,703,707,397,401,526,759,732,706,745,748,True
Davin Stoffel,177226,TE,ILLINOIS,4,9.3,0,66.7,,0,0,0,0.0,0,-0.08,1,187,0,73.1,65.4,54.5,71.9,54.1,61.9,26,0,14,11.9,5,42,0,50.0,2,78.6,33,35.7,15,93.8,3,0,2.4,1,26,9,4.5,13.0,0.79,17,76,123,165,,105,169,1,1,1,247,200,1,114,150,208,83,213,104,174,1,189,219,219,208,1,115,237,141,194,132,167,160,240,121,217,202,209,222,140,70,202,True
Tyler Fortenberry,184525,TE,IOWA STATE,4,2.7,0,66.7,,0,0,0,0.0,0,0.18,0,193,0,70.7,62.9,50.0,71.0,48.7,64.9,24,0,6,10.8,4,37,0,42.4,2,81.1,30,18.9,7,71.5,3,0,16.2,6,10,8,4.0,5.0,0.33,17,266,123,165,,105,169,1,1,1,137,266,1,161,234,253,102,263,84,186,1,272,229,233,226,1,228,237,115,214,245,249,232,240,121,27,76,269,232,162,261,269,True
Corey Thompson Jr.,174081,WR,BALL ST,2,8.3,0,0.0,0.0,0,1,0,,0,-0.01,0,117,0,,,48.8,,53.2,0.0,0,0,0,0.0,0,22,0,35.0,0,90.9,20,31.8,7,39.6,3,0,68.2,15,0,0,,,0.0,700,597,492,765,435,435,394,1,,1,537,733,1,,,757,,705,113,113,1,765,76,76,674,1,705,765,661,677,316,542,715,707,397,449,526,765,743,,,765,True
Marquis Gillis,151714,HB,ARIZONA ST,3,1.3,0,66.7,0.0,0,1,0,0.0,0,-0.51,0,110,0,70.7,73.6,64.5,75.8,55.4,0.0,0,0,8,13.0,3,23,0,45.5,2,82.6,19,0.0,0,70.1,3,0,26.1,6,8,5,2.5,4.0,0.42,231,83,204,217,32,32,13,1,1,1,280,233,1,187,191,231,76,222,31,31,1,231,261,263,261,1,166,252,33,241,249,249,239,230,62,3,37,261,280,280,233,244,True
Hudson Lewis,215051,WR,OREGON,2,-1.0,2,100.0,,0,0,0,0.0,0,0.41,1,264,0,73.1,64.1,59.0,,59.0,0.0,0,0,10,0.0,0,19,0,63.2,3,100.0,19,89.5,17,98.6,3,0,10.5,2,23,26,8.7,7.7,1.21,700,767,162,1,,435,605,1,1,1,127,627,1,340,580,555,,565,113,113,1,708,76,76,701,1,42,593,1,685,87,340,374,707,397,662,721,679,432,82,677,518,True
Mark Fletcher Jr.,175374,HB,MIAMI FL,3,8.3,0,66.7,0.0,0,1,0,0.0,0,0.47,0,220,0,70.7,80.2,71.2,31.3,57.7,0.0,0,0,9,28.9,13,45,1,58.1,2,68.9,31,4.4,2,71.5,3,0,4.4,2,10,9,4.5,5.0,0.32,231,6,204,217,32,32,13,1,1,1,40,233,1,187,95,146,240,201,31,31,1,213,132,147,171,245,36,252,143,165,166,152,236,230,62,137,117,253,268,249,208,257,True
Darren Morris,167128,WR,BOISE ST,4,12.0,0,33.3,0.0,0,2,0,0.0,0,0.08,0,120,0,66.7,61.0,53.9,,53.0,0.0,0,0,5,0.0,0,28,1,55.6,1,96.4,27,3.6,1,42.4,3,0,96.4,27,5,0,0.0,5.0,0.19,38,323,492,718,435,435,242,1,1,1,415,733,1,496,681,692,,710,113,113,1,754,76,76,622,526,138,736,195,615,728,718,703,707,397,41,422,759,743,743,745,758,True
Yasin Willis,183381,HB,KANSAS,3,-1.7,1,100.0,,0,0,1,0.0,0,-0.24,1,198,0,73.1,43.6,60.9,11.9,58.7,0.0,0,0,9,28.9,13,45,3,40.5,3,68.9,31,11.1,5,83.3,3,0,2.2,1,12,17,5.7,4.0,0.39,231,194,112,1,,32,74,279,1,1,258,145,1,132,266,267,276,189,31,31,1,213,132,147,171,285,229,186,143,165,57,72,172,230,62,194,164,242,228,212,233,250,True
KD Mosley,186328,TE,JAMES MAD,4,9.7,0,100.0,,0,0,0,0.0,0,0.2,1,197,0,73.1,64.1,61.9,34.4,60.5,53.8,14,0,20,26.9,7,26,0,47.8,3,65.4,17,42.3,11,150.7,3,1,0.0,0,32,3,1.0,10.7,1.88,17,69,123,1,,105,169,1,1,1,127,200,1,114,198,120,266,136,159,250,1,135,61,195,258,1,151,189,249,264,80,211,23,240,28,254,254,185,265,267,119,65,True
Matt Adcock,198738,TE,ARKANSAS,4,7.7,0,33.3,,0,0,0,50.0,1,-0.04,1,111,0,24.5,61.0,51.3,70.1,51.3,64.7,11,0,2,23.5,4,17,0,40.0,1,64.7,11,29.4,5,81.9,3,1,5.9,1,2,3,3.0,2.0,0.18,17,122,123,276,,105,169,1,289,191,230,200,1,286,264,244,111,242,86,261,1,292,89,233,278,1,252,282,253,284,181,268,202,240,28,150,202,292,265,211,291,290,True
Jadan Baugh,184417,HB,FLORIDA,4,-3.3,1,66.7,,0,0,0,33.3,1,0.62,1,163,0,21.1,86.1,91.9,36.5,47.9,0.0,0,1,12,25.0,15,60,0,68.5,2,73.3,44,13.3,8,43.1,3,0,1.7,1,18,24,12.0,9.0,0.41,16,251,112,217,,32,74,1,270,203,16,145,1,284,2,3,230,260,31,31,266,168,163,123,110,1,5,252,100,87,41,35,273,230,62,209,164,207,201,45,83,245,True
Parker Poloskey,171004,TE,ARMY,3,11.0,0,66.7,100.0,1,1,0,0.0,0,0.41,1,114,0,70.7,62.9,67.2,66.7,64.3,65.4,17,0,13,3.8,1,26,0,54.2,2,88.5,23,7.7,2,88.2,3,0,19.2,5,22,3,1.5,11.0,0.96,234,44,123,165,1,42,75,1,1,1,50,200,1,161,234,70,147,101,79,233,1,200,272,270,258,1,70,237,34,243,282,283,180,240,121,17,99,232,265,260,115,164,True
Isaiah West,199862,HB,OHIO STATE,3,0.0,2,100.0,,0,0,0,0.0,0,0.59,0,260,0,73.1,75.9,75.8,82.1,71.0,0.0,0,0,9,29.6,8,27,0,57.7,3,66.7,18,0.0,0,91.7,3,0,3.7,1,18,18,6.0,6.0,1.0,231,125,57,1,,32,74,1,1,1,19,233,1,132,162,81,29,75,31,31,1,213,122,217,249,1,40,186,167,247,249,249,129,230,62,154,164,207,225,201,179,130,True
Isaac Schoenfeld,157665,TE,WYOMING,4,2.0,1,100.0,,0,0,0,0.0,0,-0.14,1,351,0,73.1,64.1,61.2,56.4,61.9,78.6,22,0,13,35.7,10,28,0,42.9,3,64.3,18,10.7,3,98.6,3,0,10.7,3,23,17,5.7,7.7,1.28,17,279,60,1,,105,169,1,1,1,261,200,1,114,198,126,211,121,17,204,1,200,25,149,251,1,215,189,255,260,280,279,142,240,121,71,136,226,169,103,206,117,True
Zach Ortwerth,128793,TE,IOWA,4,2.0,1,66.7,,0,0,0,33.3,1,0.44,1,192,0,31.6,62.9,54.7,44.4,45.9,50.0,12,0,13,29.2,7,24,0,60.9,2,66.7,16,29.2,7,84.0,3,0,4.2,1,19,19,9.5,9.5,1.19,17,279,60,165,,105,169,1,266,191,44,200,1,267,234,203,248,277,179,257,1,200,47,195,266,1,29,237,242,269,185,249,192,240,121,180,202,239,152,24,150,127,True
Lee Beebe Jr.,163009,HB,INDIANA,4,-2.3,1,66.7,,0,0,0,0.0,0,0.3,0,190,0,73.1,84.9,76.6,64.5,57.3,0.0,0,0,2,44.9,31,69,0,54.7,2,52.2,36,0.0,0,70.1,3,0,0.0,0,4,14,7.0,2.0,0.11,16,217,112,217,,32,74,1,1,1,85,233,1,132,11,66,137,206,31,31,1,281,27,25,77,1,61,252,262,136,249,249,239,230,62,228,228,272,250,171,269,275,True
Titus Myers,199059,WR,AKRON,3,8.7,1,66.7,,0,0,0,0.0,0,0.71,1,102,0,70.7,62.9,62.0,,61.7,0.0,0,0,9,0.0,0,25,0,69.6,2,92.0,23,4.0,1,115.3,3,1,96.0,24,13,10,5.0,6.5,0.57,572,571,293,330,,435,605,1,1,1,15,627,1,415,636,461,,470,113,113,1,719,76,76,642,1,14,671,590,646,724,718,246,707,173,45,438,722,609,307,707,703,True
Jean Louis III,176304,WR,AKRON,3,15.0,0,100.0,,0,0,0,0.0,0,0.28,2,102,0,73.1,64.1,66.9,,64.1,0.0,0,0,29,0.0,0,24,0,47.8,3,95.8,23,79.2,19,118.8,3,0,20.8,5,45,0,0.0,15.0,1.96,572,157,492,1,,435,605,1,1,1,236,522,1,340,580,282,,385,113,113,1,380,76,76,653,1,340,593,240,646,172,315,206,707,397,591,664,566,743,743,245,293,True
Viron Ellison Jr.,190723,HB,DELAWARE,4,3.3,0,33.3,0.0,0,1,0,50.0,1,0.1,0,151,0,24.5,75.8,64.2,29.2,39.9,0.0,0,0,8,32.3,10,31,0,46.2,1,48.4,15,12.9,4,42.4,3,0,0.0,0,8,6,6.0,8.0,0.53,16,36,204,280,32,32,13,1,282,203,152,233,1,278,167,235,244,280,31,31,1,231,90,185,234,1,157,280,273,262,45,94,274,230,62,228,228,261,278,201,109,219,True
Dayton Howard,170151,WR,IOWA,2,7.7,0,33.3,,0,0,0,0.0,0,-0.21,1,192,0,66.7,61.0,59.4,,57.7,0.0,0,1,11,0.0,0,20,0,47.4,1,95.0,19,10.0,2,5.6,3,0,90.0,18,11,4,4.0,11.0,0.58,700,622,492,718,,435,605,1,1,1,675,627,1,496,681,543,,609,113,113,554,693,76,76,686,1,357,736,305,685,608,690,762,707,397,155,494,737,692,415,475,702,True
Kam Powell,199053,WR,OKLA STATE,1,3.0,0,100.0,,0,0,0,0.0,0,0.46,0,262,0,73.1,64.1,58.5,,58.2,0.0,0,0,6,0.0,0,8,0,62.5,3,100.0,8,0.0,0,86.1,3,0,100.0,8,14,5,1.7,4.7,1.75,760,741,492,1,,435,605,1,1,1,105,733,1,340,580,572,,588,113,113,1,751,76,76,763,1,47,593,1,763,754,754,484,707,397,1,623,718,675,672,753,349,True
Jaquail Smith,201648,HB,COLORADO,4,-1.0,0,66.7,,0,0,0,0.0,0,-0.48,0,143,0,73.1,51.2,77.8,81.3,65.9,0.0,0,0,5,38.7,12,31,0,23.3,2,58.1,18,3.2,1,70.1,3,0,0.0,0,1,4,2.0,0.5,0.06,16,166,204,217,,32,74,1,1,1,278,233,1,132,252,57,35,110,31,31,1,264,42,159,234,1,283,252,241,247,193,194,239,230,62,228,228,283,283,283,282,280,True
Cameron Roberts,199377,TE,TULANE,2,3.5,0,0.0,0.0,0,2,0,100.0,1,-0.3,0,319,0,16.4,,42.8,,40.5,68.8,11,0,0,0.0,0,16,0,20.0,0,93.8,15,25.0,4,39.6,2,0,6.3,1,0,0,,,0.0,,,,,,,,,,,,,,,,,,,,,,,,,,,,,,,,,,,,,,,,,,,False
Nigel Johnson,179062,WR,W KENTUCKY,4,32.5,1,50.0,,0,0,0,0.0,0,0.03,1,346,0,66.7,61.0,61.3,65.1,63.1,3.3,1,0,72,3.3,1,30,0,37.9,1,93.3,28,16.7,5,135.4,2,1,80.0,24,72,34,34.0,72.0,2.57,,,,,,,,,,,,,,,,,,,,,,,,,,,,,,,,,,,,,,,,,,,False
Maurice Veney,178900,TE,VANDERBILT,4,17.0,0,50.0,,0,0,0,0.0,0,0.14,1,333,0,66.7,63.6,81.0,75.5,65.6,89.3,25,0,20,57.1,16,28,0,50.0,1,42.9,12,3.6,1,85.4,2,0,3.6,1,20,14,14.0,20.0,1.67,,,,,,,,,,,,,,,,,,,,,,,,,,,,,,,,,,,,,,,,,,,False
Isaiah Stone,184466,WR,GA STATE,3,0.5,0,100.0,,0,0,0,0.0,0,0.16,0,175,0,70.7,70.2,69.4,,56.9,0.0,0,0,13,0.0,0,9,0,55.6,2,100.0,9,100.0,9,102.1,2,0,0.0,0,17,16,8.0,8.5,1.89,,,,,,,,,,,,,,,,,,,,,,,,,,,,,,,,,,,,,,,,,,,False
Nyeoti Punni,177393,HB,N DAK ST,4,1.5,0,100.0,,0,0,0,0.0,0,0.3,0,250,0,70.7,77.3,74.7,18.9,62.2,0.0,0,0,6,27.3,3,11,0,45.5,2,72.7,8,0.0,0,83.3,2,0,9.1,1,8,5,2.5,4.0,1.0,,,,,,,,,,,,,,,,,,,,,,,,,,,,,,,,,,,,,,,,,,,False
Christian Clark,184505,HB,S CAROLINA,4,-1.5,1,100.0,,0,0,0,0.0,0,0.46,1,289,0,70.7,74.5,64.0,12.3,62.0,0.0,0,0,8,23.3,7,30,0,55.2,2,73.3,22,3.3,1,95.8,2,0,0.0,0,14,17,8.5,7.0,0.64,,,,,,,,,,,,,,,,,,,,,,,,,,,,,,,,,,,,,,,,,,,False
Jerrick Gibson,184509,HB,PURDUE,4,-0.5,0,100.0,,0,0,0,0.0,0,-0.01,0,273,0,70.7,29.6,61.2,16.5,71.1,0.0,0,0,9,40.0,10,25,0,50.0,2,56.0,14,12.0,3,95.8,2,0,12.0,3,14,15,7.5,7.0,1.0,,,,,,,,,,,,,,,,,,,,,,,,,,,,,,,,,,,,,,,,,,,False
Jacob Jordan,184597,WR,OKLAHOMA,3,16.0,0,0.0,0.0,0,1,0,,0,-1.04,0,261,0,,63.8,55.6,,55.5,0.0,0,1,0,0.0,0,6,0,16.7,0,100.0,6,66.7,4,0.0,2,0,33.3,2,0,0,,,0.0,,,,,,,,,,,,,,,,,,,,,,,,,,,,,,,,,,,,,,,,,,,False
Chico Holt,176617,TE,STANFORD,4,2.5,0,100.0,,0,0,0,0.0,0,-0.35,1,300,0,70.7,62.9,57.8,37.5,55.9,65.0,26,0,10,27.5,11,40,1,33.3,2,72.5,29,32.5,13,102.1,2,0,2.5,1,17,12,6.0,8.5,0.59,,,,,,,,,,,,,,,,,,,,,,,,,,,,,,,,,,,,,,,,,,,False
Brett Karhu,184713,ED,NEW MEXICO,1,5.0,0,50.0,,0,0,0,0.0,0,1.44,1,241,0,66.7,61.0,57.3,,77.6,0.0,0,0,3,0.0,0,2,1,50.0,1,100.0,2,0.0,0,95.8,2,1,0.0,0,3,0,0.0,3.0,1.5,,,,,,,,,,,,,,,,,,,,,,,,,,,,,,,,,,,,,,,,,,,False
Justyn Reid,176430,TE,LOUISVILLE,4,6.5,1,50.0,,0,0,0,0.0,0,0.17,1,210,0,66.7,61.0,52.6,74.3,64.0,47.8,11,0,15,34.8,8,23,0,54.5,1,60.9,14,17.4,4,75.0,2,0,0.0,0,15,4,4.0,15.0,1.07,,,,,,,,,,,,,,,,,,,,,,,,,,,,,,,,,,,,,,,,,,,False
Izaiah Williams,184813,WR,KANSAS ST,3,7.0,0,100.0,,0,0,0,0.0,0,0.66,2,199,0,70.7,62.9,67.2,,68.9,0.0,0,0,11,0.0,0,12,1,58.3,2,100.0,12,91.7,11,110.4,2,0,8.3,1,21,7,3.5,10.5,1.75,,,,,,,,,,,,,,,,,,,,,,,,,,,,,,,,,,,,,,,,,,,False
Easton Miller,184833,HB,IOWA STATE,4,-0.5,0,100.0,,0,0,0,0.0,0,0.61,1,193,0,70.7,70.9,56.5,77.7,70.5,8.3,1,0,10,33.3,4,12,0,45.5,2,58.3,7,0.0,0,137.5,2,1,0.0,0,15,16,8.0,7.5,2.14,,,,,,,,,,,,,,,,,,,,,,,,,,,,,,,,,,,,,,,,,,,False
Caleb Ryan,176261,TE,LIBERTY,3,3.0,0,100.0,,0,0,0,0.0,0,0.53,0,206,0,70.7,62.9,49.8,70.5,54.7,77.8,14,0,7,38.9,7,18,0,50.0,2,55.6,10,22.2,4,85.4,2,0,0.0,0,9,3,1.5,4.5,0.9,,,,,,,,,,,,,,,,,,,,,,,,,,,,,,,,,,,,,,,,,,,False
Chanz Wiggins,184940,WR,VA TECH,2,25.0,0,50.0,,0,0,0,50.0,1,0.07,1,337,0,24.5,61.0,59.5,,60.5,0.0,0,0,40,0.0,0,10,0,33.3,1,90.0,9,0.0,0,135.4,2,1,100.0,10,40,0,0.0,40.0,4.44,,,,,,,,,,,,,,,,,,,,,,,,,,,,,,,,,,,,,,,,,,,False
Darrell Gill Jr.,176036,WR,OLE MISS,1,5.5,0,50.0,,0,0,0,50.0,1,0.45,0,226,0,24.9,61.0,56.5,,56.6,0.0,0,0,9,0.0,0,6,0,66.7,1,100.0,6,16.7,1,62.5,2,0,83.3,5,9,4,4.0,9.0,1.5,,,,,,,,,,,,,,,,,,,,,,,,,,,,,,,,,,,,,,,,,,,False
Malik Elzy,175952,WR,LSU,4,-0.5,1,50.0,,0,0,0,50.0,1,0.25,0,211,0,24.5,61.0,48.0,,51.5,3.2,1,1,6,0.0,0,31,1,50.0,1,90.3,28,19.4,6,16.7,2,0,77.4,24,6,8,8.0,6.0,0.21,,,,,,,,,,,,,,,,,,,,,,,,,,,,,,,,,,,,,,,,,,,False
Xai'Shaun Edwards,185982,HB,MISSOURI,4,-0.5,1,100.0,,0,0,0,0.0,0,0.29,1,229,0,70.7,78.4,71.2,77.4,62.8,0.0,0,0,15,22.7,5,22,0,50.0,2,77.3,17,4.5,1,95.8,2,0,4.5,1,14,15,7.5,7.0,0.82,,,,,,,,,,,,,,,,,,,,,,,,,,,,,,,,,,,,,,,,,,,False
Anthony Reagan Jr.,186331,HB,LA LAFAYET,4,-3.5,1,100.0,,0,0,0,0.0,0,0.31,1,207,0,70.7,47.7,77.0,77.2,62.4,0.0,0,0,10,25.0,6,24,0,50.0,2,70.8,17,8.3,2,89.6,2,0,4.2,1,11,18,9.0,5.5,0.65,,,,,,,,,,,,,,,,,,,,,,,,,,,,,,,,,,,,,,,,,,,False
Tyree Holloway,187583,WR,LSU,1,12.5,0,100.0,,0,0,0,0.0,0,1.39,2,211,0,70.7,62.9,87.7,,84.1,0.0,0,0,21,0.0,0,2,0,100.0,2,100.0,2,100.0,2,118.8,2,0,0.0,0,37,12,6.0,18.5,18.5,,,,,,,,,,,,,,,,,,,,,,,,,,,,,,,,,,,,,,,,,,,False
Marcus Torres,188326,WR,UTEP,2,4.0,0,100.0,,0,0,0,0.0,0,-0.02,0,330,0,70.7,62.9,59.6,,59.8,0.0,0,0,6,0.0,0,4,0,25.0,2,100.0,4,75.0,3,87.5,2,0,25.0,1,10,2,1.0,5.0,2.5,,,,,,,,,,,,,,,,,,,,,,,,,,,,,,,,,,,,,,,,,,,False
James Rexroat,188355,TE,MO STATE,2,11.5,0,100.0,,0,0,0,0.0,0,-0.43,1,230,0,70.7,64.6,61.6,68.7,73.3,60.0,3,0,47,20.0,1,5,0,40.0,2,80.0,4,40.0,2,118.8,2,0,0.0,0,52,29,14.5,26.0,13.0,,,,,,,,,,,,,,,,,,,,,,,,,,,,,,,,,,,,,,,,,,,False
Noah Vaughn,175443,HB,VIRGINIA,4,1.0,0,50.0,,0,0,0,50.0,1,0.15,0,335,0,24.5,77.8,68.2,79.1,39.4,0.0,0,0,6,47.1,8,17,0,47.1,1,52.9,9,5.9,1,56.3,2,0,5.9,1,6,3,3.0,6.0,0.67,,,,,,,,,,,,,,,,,,,,,,,,,,,,,,,,,,,,,,,,,,,False
TeKai Kirby,175440,WR,VIRGINIA,2,16.5,0,50.0,0.0,0,1,0,0.0,0,1.7,1,335,0,66.7,61.0,69.1,,67.6,0.0,0,0,16,0.0,0,5,0,60.0,1,100.0,5,0.0,0,77.1,2,0,100.0,5,16,5,5.0,16.0,3.2,,,,,,,,,,,,,,,,,,,,,,,,,,,,,,,,,,,,,,,,,,,False
Tristan Reed,218430,WR,MIAMI OH,2,15.5,0,0.0,0.0,0,2,0,,0,-0.32,0,221,0,,,55.9,,54.7,0.0,0,1,0,0.0,0,7,0,14.3,0,100.0,7,0.0,0,0.0,2,0,100.0,7,0,0,,,0.0,,,,,,,,,,,,,,,,,,,,,,,,,,,,,,,,,,,,,,,,,,,False
Witt Edwards,188513,TE,MO STATE,4,11.5,0,50.0,,0,0,0,0.0,0,0.0,1,230,0,66.7,61.0,49.7,73.2,52.8,39.3,11,0,38,10.7,3,28,1,48.0,1,82.1,23,46.4,13,135.4,2,1,0.0,0,38,18,18.0,38.0,1.65,,,,,,,,,,,,,,,,,,,,,,,,,,,,,,,,,,,,,,,,,,,False
Jamezell Lassiter,188518,HB,VANDERBILT,4,0.0,1,100.0,,0,0,0,0.0,0,-0.19,0,333,0,70.7,74.5,61.6,2.6,62.5,0.0,0,0,8,33.3,4,12,0,36.4,2,58.3,7,8.3,1,91.7,2,0,0.0,0,12,12,6.0,6.0,1.71,,,,,,,,,,,,,,,,,,,,,,,,,,,,,,,,,,,,,,,,,,,False
Isaiah Fuhrmann,188538,WR,GA TECH,4,11.5,0,100.0,,0,0,0,0.0,0,0.12,1,176,0,70.7,62.9,52.4,63.6,53.1,0.0,0,0,19,1.2,1,81,1,47.2,2,87.7,71,17.3,14,118.8,2,0,82.7,67,29,6,3.0,14.5,0.41,,,,,,,,,,,,,,,,,,,,,,,,,,,,,,,,,,,,,,,,,,,False
Tripp Riordan,175293,TE,SMU,3,6.5,0,100.0,,0,0,0,0.0,0,0.45,2,287,0,70.7,62.9,69.8,79.1,74.8,26.3,5,0,9,42.1,8,19,0,52.9,2,52.6,10,36.8,7,97.9,2,0,0.0,0,15,2,1.0,7.5,1.5,,,,,,,,,,,,,,,,,,,,,,,,,,,,,,,,,,,,,,,,,,,False
Luke Hutchison,175242,WR,NAVY,3,19.0,0,50.0,,0,0,0,50.0,1,-0.53,1,237,0,24.5,61.0,59.0,,59.6,6.7,1,0,27,0.0,0,15,0,26.7,1,100.0,15,6.7,1,95.8,2,0,86.7,13,27,0,0.0,27.0,1.8,,,,,,,,,,,,,,,,,,,,,,,,,,,,,,,,,,,,,,,,,,,False
Isaiah Bryant,175220,HB,NAVY,3,9.0,0,50.0,,0,0,0,0.0,0,0.44,1,237,0,66.7,75.5,55.4,,62.2,16.7,3,0,14,0.0,0,18,1,41.2,1,94.4,17,33.3,6,72.9,2,0,22.2,4,14,14,14.0,14.0,0.82,,,,,,,,,,,,,,,,,,,,,,,,,,,,,,,,,,,,,,,,,,,False
KJ Daniels,188771,WR,UAB,3,33.5,0,50.0,0.0,0,1,0,0.0,0,-0.3,1,321,0,66.7,66.7,76.4,,66.0,0.0,0,1,13,0.0,0,7,0,28.6,1,100.0,7,71.4,5,31.3,2,0,28.6,2,13,0,0.0,13.0,1.86,,,,,,,,,,,,,,,,,,,,,,,,,,,,,,,,,,,,,,,,,,,False
Cincere Rhaney,188822,HB,SACRAMENTO,4,-1.0,1,100.0,,0,0,0,0.0,0,-0.37,0,279,0,70.7,79.3,73.8,52.1,55.4,0.0,0,0,5,47.3,26,55,0,39.2,2,50.9,28,1.8,1,83.3,2,0,1.8,1,8,10,5.0,4.0,0.29,,,,,,,,,,,,,,,,,,,,,,,,,,,,,,,,,,,,,,,,,,,False
Kyri Shoels,188847,WR,UTAH,4,12.0,0,50.0,,0,0,0,0.0,0,-0.11,1,328,0,66.7,61.0,55.1,,58.3,0.0,0,0,11,0.0,0,18,1,37.5,1,88.9,16,44.4,8,66.7,2,0,55.6,10,11,4,4.0,11.0,0.69,,,,,,,,,,,,,,,,,,,,,,,,,,,,,,,,,,,,,,,,,,,False
Antonio Ferguson,175189,TE,UAB,4,5.5,1,50.0,,0,0,0,50.0,1,0.07,1,321,0,24.9,63.6,49.6,62.2,48.1,70.6,48,0,11,30.9,21,68,1,46.2,1,64.7,44,16.2,11,66.7,2,0,11.8,8,11,2,2.0,11.0,0.25,,,,,,,,,,,,,,,,,,,,,,,,,,,,,,,,,,,,,,,,,,,False
Koa Eldredge,175019,WR,HAWAII,4,12.5,0,0.0,,0,0,0,100.0,1,-0.02,0,180,0,16.4,,45.6,,45.5,0.0,0,1,0,0.0,0,32,0,44.8,0,90.6,29,87.5,28,0.0,2,0,12.5,4,0,0,,,0.0,,,,,,,,,,,,,,,,,,,,,,,,,,,,,,,,,,,,,,,,,,,False
Jordan Lyle,189441,HB,MIAMI FL,1,-3.5,0,100.0,,0,0,0,0.0,0,1.18,0,220,0,70.7,19.9,53.0,28.0,64.7,0.0,0,0,9,22.2,2,9,0,87.5,2,66.7,6,0.0,0,97.9,2,0,0.0,0,15,22,11.0,7.5,2.5,,,,,,,,,,,,,,,,,,,,,,,,,,,,,,,,,,,,,,,,,,,False
Nick Thomas,189455,WR,MIAMI FL,1,2.0,0,100.0,,0,0,0,0.0,0,-0.18,1,220,0,70.7,62.9,65.9,,66.4,0.0,0,0,10,0.0,0,7,0,42.9,2,100.0,7,100.0,7,95.8,2,0,0.0,0,14,10,5.0,7.0,2.0,,,,,,,,,,,,,,,,,,,,,,,,,,,,,,,,,,,,,,,,,,,False
Zycarl Lewis Jr.,189579,WR,TULANE,1,6.0,1,50.0,,0,0,0,0.0,0,-0.08,1,319,0,66.7,61.0,72.2,,70.8,0.0,0,0,28,0.0,0,9,0,50.0,1,88.9,8,88.9,8,95.8,2,0,11.1,1,28,28,28.0,28.0,3.5,,,,,,,,,,,,,,,,,,,,,,,,,,,,,,,,,,,,,,,,,,,False
Quayd Hendryx,218432,WR,MINNESOTA,4,10.5,0,100.0,100.0,1,1,0,0.0,0,0.24,2,225,0,70.7,68.1,70.6,,64.1,0.0,0,0,15,0.0,0,27,0,63.0,2,100.0,27,33.3,9,158.3,2,1,66.7,18,28,13,6.5,14.0,1.04,,,,,,,,,,,,,,,,,,,,,,,,,,,,,,,,,,,,,,,,,,,False
Nathan Roberts,174737,WR,TENNESSEE,1,2.0,0,100.0,100.0,1,1,0,0.0,0,0.59,1,307,0,70.7,62.9,72.4,,70.4,0.0,0,0,11,0.0,0,3,0,100.0,2,100.0,3,0.0,0,100.0,2,0,100.0,3,16,12,6.0,8.0,5.33,,,,,,,,,,,,,,,,,,,,,,,,,,,,,,,,,,,,,,,,,,,False
Keyjuan Brown,174695,HB,LOUISVILLE,4,-2.0,0,50.0,,0,0,0,0.0,0,0.47,0,210,0,70.7,79.4,80.5,59.6,56.2,0.0,0,0,5,23.3,14,60,0,54.5,1,71.7,43,5.0,3,56.3,2,0,3.3,2,5,11,11.0,5.0,0.12,,,,,,,,,,,,,,,,,,,,,,,,,,,,,,,,,,,,,,,,,,,False
Tripp Walsh,174693,TE,NEW MEXICO,2,3.5,0,50.0,,0,0,0,0.0,0,0.3,0,241,0,66.7,61.0,54.5,65.4,53.5,63.6,7,0,5,9.1,1,11,0,45.5,1,90.9,10,27.3,3,56.3,2,0,9.1,1,5,1,1.0,5.0,0.5,,,,,,,,,,,,,,,,,,,,,,,,,,,,,,,,,,,,,,,,,,,False
Abu Sama III,174686,HB,WISCONSIN,3,-4.5,1,100.0,,0,0,0,0.0,0,-0.4,1,349,0,70.7,78.7,74.3,80.5,67.6,0.0,0,0,11,31.8,7,22,0,45.0,2,59.1,13,0.0,0,100.0,2,0,0.0,0,16,25,12.5,8.0,1.23,,,,,,,,,,,,,,,,,,,,,,,,,,,,,,,,,,,,,,,,,,,False
Austin McGee,189966,WR,GA STATE,2,21.0,0,50.0,,0,0,0,0.0,0,0.01,0,175,0,66.7,61.0,49.6,,50.2,0.0,0,0,2,0.0,0,9,0,44.4,1,100.0,9,88.9,8,56.3,2,0,11.1,1,2,0,0.0,2.0,0.22,,,,,,,,,,,,,,,,,,,,,,,,,,,,,,,,,,,,,,,,,,,False
Keron Milton,189967,WR,GA STATE,4,9.5,1,100.0,,0,0,0,0.0,0,-0.19,2,175,0,70.7,62.9,71.3,,72.0,0.0,0,0,20,0.0,0,15,0,46.7,2,100.0,15,6.7,1,118.8,2,0,93.3,14,27,8,4.0,13.5,1.8,,,,,,,,,,,,,,,,,,,,,,,,,,,,,,,,,,,,,,,,,,,False
Ryan Estrada,218459,HB,MINNESOTA,1,-1.0,0,100.0,,0,0,0,0.0,0,0.76,0,225,0,70.7,68.8,64.0,70.4,79.6,0.0,0,0,11,40.0,2,5,0,80.0,2,60.0,3,0.0,0,91.7,2,0,0.0,0,12,14,7.0,6.0,4.0,,,,,,,,,,,,,,,,,,,,,,,,,,,,,,,,,,,,,,,,,,,False
Carson Hansen,174669,HB,PENN STATE,4,4.0,0,100.0,,0,0,0,0.0,0,0.45,1,266,0,70.7,80.7,66.1,58.0,56.5,0.0,0,0,8,15.4,6,39,0,57.9,2,84.6,33,2.6,1,93.8,2,0,10.3,4,13,5,2.5,6.5,0.39,,,,,,,,,,,,,,,,,,,,,,,,,,,,,,,,,,,,,,,,,,,False
CharMar Brown,174409,HB,MIAMI FL,3,-3.5,1,100.0,,0,0,0,0.0,0,1.4,1,220,0,70.7,74.5,84.8,83.3,59.8,0.0,0,0,6,36.7,11,30,0,93.1,2,63.3,19,16.7,5,91.7,2,0,0.0,0,12,19,9.5,6.0,0.63,,,,,,,,,,,,,,,,,,,,,,,,,,,,,,,,,,,,,,,,,,,False
Turbo Richard,190199,HB,INDIANA,4,-0.5,0,100.0,,0,0,0,0.0,0,1.13,1,190,0,70.7,82.6,83.9,81.6,63.4,0.0,0,0,38,29.6,8,27,0,69.2,2,70.4,19,0.0,0,118.8,2,0,3.7,1,43,44,22.0,21.5,2.26,,,,,,,,,,,,,,,,,,,,,,,,,,,,,,,,,,,,,,,,,,,False
Austyn Dendy,190215,HB,BOWL GREEN,4,2.5,0,50.0,,0,0,0,50.0,1,-0.04,0,122,0,24.5,60.7,69.0,67.0,39.9,0.0,0,0,6,18.9,7,37,0,44.1,1,73.0,27,2.7,1,56.3,2,0,2.7,1,6,3,3.0,6.0,0.22,,,,,,,,,,,,,,,,,,,,,,,,,,,,,,,,,,,,,,,,,,,False
JP Mikhael,174199,TE,GA SOUTHRN,4,19.0,0,0.0,,0,0,0,,0,0.16,0,174,0,16.8,,36.1,75.3,45.1,48.6,18,0,0,35.1,13,37,2,51.4,0,59.5,22,48.6,18,39.6,2,0,2.7,1,0,0,,,0.0,,,,,,,,,,,,,,,,,,,,,,,,,,,,,,,,,,,,,,,,,,,False
Stacy Gage,190337,HB,LSU,3,-2.0,0,100.0,,0,0,0,0.0,0,0.34,0,211,0,70.7,29.9,63.7,81.5,58.9,0.0,0,0,5,40.7,11,27,0,48.0,2,55.6,15,0.0,0,87.5,2,0,7.4,2,10,14,7.0,5.0,0.67,,,,,,,,,,,,,,,,,,,,,,,,,,,,,,,,,,,,,,,,,,,False
Don Henry,218606,WR,NEVADA,3,31.0,0,50.0,,0,0,0,0.0,0,0.42,1,239,0,66.7,61.0,82.3,,78.5,0.0,0,0,28,0.0,0,4,0,25.0,1,100.0,4,0.0,0,95.8,2,0,100.0,4,28,12,12.0,28.0,7.0,,,,,,,,,,,,,,,,,,,,,,,,,,,,,,,,,,,,,,,,,,,False
Cole Cabana,174036,HB,W MICHIGAN,3,-5.5,0,100.0,,0,0,0,0.0,0,0.22,0,347,0,70.7,72.7,57.1,5.9,57.1,0.0,0,0,1,21.7,5,23,0,36.4,2,73.9,17,0.0,0,79.2,2,0,21.7,5,1,12,6.0,0.5,0.06,,,,,,,,,,,,,,,,,,,,,,,,,,,,,,,,,,,,,,,,,,,False
Dorian Patterson,218639,WR,NEW MEXICO,2,2.5,0,50.0,,0,0,0,0.0,0,-0.19,0,241,0,66.7,61.0,56.7,,55.6,0.0,0,0,6,0.0,0,11,0,36.4,1,100.0,11,9.1,1,56.3,2,0,90.9,10,6,3,3.0,6.0,0.55,,,,,,,,,,,,,,,,,,,,,,,,,,,,,,,,,,,,,,,,,,,False
Pearce Spurlin III,173545,TE,COLO STATE,3,13.5,0,50.0,,0,0,0,0.0,0,0.07,1,144,0,66.7,61.0,55.5,68.9,60.2,57.1,12,0,29,14.3,3,21,0,55.6,1,76.2,16,23.8,5,95.8,2,0,14.3,3,29,15,15.0,29.0,1.81,,,,,,,,,,,,,,,,,,,,,,,,,,,,,,,,,,,,,,,,,,,False
Jewlyen Roberts,190741,TE,TULSA,5,2.5,0,50.0,0.0,0,1,0,0.0,0,0.02,1,320,0,66.7,61.0,58.0,76.2,58.5,71.4,25,0,6,57.1,20,35,3,43.3,1,37.1,13,8.6,3,56.3,2,0,2.9,1,6,0,0.0,6.0,0.46,,,,,,,,,,,,,,,,,,,,,,,,,,,,,,,,,,,,,,,,,,,False
Traville Frederick Jr.,190808,TE,HOUSTON,3,3.0,0,50.0,,0,0,0,50.0,1,1.08,1,182,0,24.9,61.0,52.2,59.1,42.1,73.3,11,0,2,40.0,6,15,0,78.6,1,53.3,8,20.0,3,95.8,2,1,0.0,0,2,1,1.0,2.0,0.25,,,,,,,,,,,,,,,,,,,,,,,,,,,,,,,,,,,,,,,,,,,False
Ty Clark III,190943,HB,WAKE,4,4.0,0,50.0,,0,0,0,0.0,0,0.37,1,339,0,70.7,55.2,67.3,85.7,47.3,0.0,0,0,13,27.1,23,85,0,50.0,1,68.2,58,5.9,5,70.8,2,0,10.6,9,13,6,6.0,13.0,0.22,,,,,,,,,,,,,,,,,,,,,,,,,,,,,,,,,,,,,,,,,,,False
Cade Osterman,173415,WR,N DAK ST,4,8.0,0,100.0,,0,0,0,0.0,0,-0.39,1,250,0,70.7,62.9,76.1,,75.8,0.0,0,0,19,0.0,0,7,0,33.3,2,85.7,6,0.0,0,114.6,2,0,100.0,7,23,7,3.5,11.5,3.83,,,,,,,,,,,,,,,,,,,,,,,,,,,,,,,,,,,,,,,,,,,False
Terrence McWilliams Jr.,173411,WR,LOUISVILLE,3,5.0,1,100.0,,0,0,0,0.0,0,0.82,1,210,0,70.7,62.9,60.3,,60.0,0.0,0,0,11,0.0,0,16,0,75.0,2,100.0,16,12.5,2,100.0,2,0,87.5,14,16,6,3.0,8.0,1.0,,,,,,,,,,,,,,,,,,,,,,,,,,,,,,,,,,,,,,,,,,,False
Bryson Donelson,191080,HB,FRESNO ST,4,-1.5,0,100.0,,0,0,0,0.0,0,0.19,0,169,0,70.7,80.3,69.0,81.8,53.3,0.0,0,0,4,23.2,13,56,0,50.0,2,71.4,40,5.4,3,79.2,2,0,7.1,4,3,6,3.0,1.5,0.08,,,,,,,,,,,,,,,,,,,,,,,,,,,,,,,,,,,,,,,,,,,False
Kevin Riley,191139,HB,ALABAMA,2,1.0,0,100.0,,0,0,0,0.0,0,0.49,0,103,0,70.7,73.6,70.1,74.8,61.9,0.0,0,0,9,20.0,2,10,0,70.0,2,80.0,8,0.0,0,95.8,2,0,10.0,1,14,12,6.0,7.0,1.75,,,,,,,,,,,,,,,,,,,,,,,,,,,,,,,,,,,,,,,,,,,False
Jeremy Bell,191144,WR,GEORGIA,3,22.5,1,100.0,,0,0,0,0.0,0,0.44,2,173,0,70.7,65.3,82.7,,76.4,0.0,0,0,54,0.0,0,20,0,55.0,2,100.0,20,25.0,5,158.3,2,1,75.0,15,73,28,14.0,36.5,3.65,,,,,,,,,,,,,,,,,,,,,,,,,,,,,,,,,,,,,,,,,,,False
Dwight Phillips Jr.,191156,HB,GEORGIA,4,-4.5,0,100.0,,0,0,0,0.0,0,0.27,0,173,0,70.7,75.9,88.3,75.7,59.2,0.0,0,0,7,26.1,6,23,0,47.8,2,73.9,17,0.0,0,89.6,2,0,4.3,1,11,20,10.0,5.5,0.65,,,,,,,,,,,,,,,,,,,,,,,,,,,,,,,,,,,,,,,,,,,False
Leyton Cure,191165,TE,KANSAS,2,15.5,0,0.0,,0,0,0,100.0,1,0.66,0,198,0,16.4,65.6,46.6,65.2,32.7,71.4,5,0,0,14.3,1,7,0,50.0,0,71.4,5,14.3,1,39.6,2,0,0.0,0,0,0,,,0.0,,,,,,,,,,,,,,,,,,,,,,,,,,,,,,,,,,,,,,,,,,,False
Malachi Durant,191211,WR,OREGON ST,3,16.5,0,50.0,100.0,1,1,0,0.0,0,0.1,1,265,0,24.9,61.0,49.8,,51.6,0.0,0,0,14,0.0,0,32,0,43.3,1,93.8,30,50.0,16,72.9,2,0,50.0,16,14,0,0.0,14.0,0.47,,,,,,,,,,,,,,,,,,,,,,,,,,,,,,,,,,,,,,,,,,,False
Isaiah Augustave,172398,HB,S CAROLINA,3,-2.0,1,100.0,,0,0,0,0.0,0,-0.1,0,289,0,70.7,74.5,87.1,70.0,59.3,0.0,0,0,2,7.1,1,14,0,35.7,2,92.9,13,14.3,2,79.2,2,0,7.1,1,2,6,3.0,1.0,0.15,,,,,,,,,,,,,,,,,,,,,,,,,,,,,,,,,,,,,,,,,,,False
Kade Caton,191321,TE,USF,2,11.5,0,0.0,,0,0,0,,0,-0.41,0,327,0,,61.9,66.2,,65.6,35.3,6,0,0,0.0,0,17,2,41.2,0,100.0,17,47.1,8,39.6,2,0,17.6,3,0,0,,,0.0,,,,,,,,,,,,,,,,,,,,,,,,,,,,,,,,,,,,,,,,,,,False
Jalen Saint Paul,191327,WR,UCLA,3,4.0,2,100.0,100.0,1,1,0,0.0,0,-0.32,0,324,0,70.7,62.9,54.7,,53.7,0.0,0,0,8,0.0,0,26,0,30.8,2,100.0,26,26.9,7,89.6,2,0,73.1,19,11,3,1.5,5.5,0.42,,,,,,,,,,,,,,,,,,,,,,,,,,,,,,,,,,,,,,,,,,,False
Jackson Worley,172372,TE,TROY,2,2.0,0,100.0,,0,0,0,0.0,0,0.26,0,318,0,70.7,62.9,62.1,57.5,53.3,89.2,33,0,6,51.4,19,37,0,44.4,2,48.6,18,2.7,1,87.5,2,0,0.0,0,10,6,3.0,5.0,0.56,,,,,,,,,,,,,,,,,,,,,,,,,,,,,,,,,,,,,,,,,,,False
Nico Hamilton,191376,HB,WYOMING,1,1.5,0,50.0,,0,0,0,50.0,1,-0.85,1,351,0,24.5,69.9,54.8,71.5,42.2,0.0,0,1,18,12.5,1,8,0,42.9,1,75.0,6,25.0,2,41.7,2,0,0.0,0,18,18,18.0,18.0,3.0,,,,,,,,,,,,,,,,,,,,,,,,,,,,,,,,,,,,,,,,,,,False
Cade Callahan,191616,TE,LA MONROE,4,2.5,0,100.0,,0,0,0,0.0,0,-0.09,0,209,0,70.7,62.9,40.6,70.9,54.2,33.3,7,0,7,23.8,5,21,1,47.6,2,76.2,16,52.4,11,79.2,2,0,14.3,3,5,0,0.0,2.5,0.31,,,,,,,,,,,,,,,,,,,,,,,,,,,,,,,,,,,,,,,,,,,False
Cyrus Traugh,171539,WR,W VIRGINIA,4,16.0,3,50.0,,0,0,0,0.0,0,0.03,1,343,0,66.7,61.0,60.7,,59.6,0.0,0,0,11,0.0,0,19,0,36.8,1,100.0,19,21.1,4,66.7,2,0,78.9,15,11,11,11.0,11.0,0.58,,,,,,,,,,,,,,,,,,,,,,,,,,,,,,,,,,,,,,,,,,,False
Nick Sowell,196894,WR,BOWL GREEN,3,16.0,0,50.0,50.0,1,2,0,0.0,0,-0.25,1,122,0,66.7,61.0,59.9,,59.3,0.0,0,0,15,0.0,0,19,0,36.8,1,100.0,19,10.5,2,75.0,2,0,89.5,17,15,0,0.0,15.0,0.79,,,,,,,,,,,,,,,,,,,,,,,,,,,,,,,,,,,,,,,,,,,False
Lamar Sperling,171214,HB,UTEP,3,-1.0,2,50.0,,0,0,0,50.0,1,-0.54,1,330,0,24.5,72.0,61.4,77.8,41.7,0.0,0,0,18,28.6,4,14,0,15.4,1,71.4,10,7.1,1,120.8,2,1,0.0,0,18,15,15.0,18.0,1.8,,,,,,,,,,,,,,,,,,,,,,,,,,,,,,,,,,,,,,,,,,,False
Steven Blanco,197913,HB,LA LAFAYET,4,0.5,0,100.0,,0,0,0,0.0,0,0.47,1,207,0,70.7,78.4,67.3,24.9,55.1,3.9,2,0,7,25.5,13,51,0,52.2,2,70.6,36,7.8,4,127.1,2,1,13.7,7,10,11,5.5,5.0,0.28,,,,,,,,,,,,,,,,,,,,,,,,,,,,,,,,,,,,,,,,,,,False
Astin Hange,198056,WR,AIR FORCE,2,29.5,0,0.0,,0,0,0,,0,-0.81,0,101,0,,,57.7,,58.0,0.0,0,0,0,0.0,0,2,0,0.0,0,100.0,2,0.0,0,39.6,2,0,100.0,2,0,0,,,0.0,,,,,,,,,,,,,,,,,,,,,,,,,,,,,,,,,,,,,,,,,,,False
Blaze Berlowitz,171066,QB,VANDERBILT,3,8.5,0,50.0,,0,0,0,50.0,1,-0.07,0,333,1,24.5,23.3,44.7,,47.7,0.0,0,0,0,0.0,0,33,0,50.0,1,6.1,2,3.0,1,56.3,2,0,3.0,1,0,6,6.0,0.0,0.0,,,,,,,,,,,,,,,,,,,,,,,,,,,,,,,,,,,,,,,,,,,False
Bryan Hamilton,218777,WR,PITTSBURGH,1,21.0,0,50.0,100.0,1,1,0,0.0,0,0.71,1,268,0,66.7,61.0,81.9,,77.9,0.0,0,0,36,0.0,0,4,0,50.0,1,100.0,4,25.0,1,135.4,2,1,75.0,3,36,1,1.0,36.0,9.0,,,,,,,,,,,,,,,,,,,,,,,,,,,,,,,,,,,,,,,,,,,False
Nader Chirchi,171037,TE,COLO STATE,4,10.5,0,100.0,100.0,1,1,0,0.0,0,0.55,2,144,0,70.7,62.9,60.7,77.4,62.0,65.5,38,0,5,43.1,25,58,0,54.7,2,53.4,31,29.3,17,118.8,2,2,0.0,0,6,0,0.0,3.0,0.19,,,,,,,,,,,,,,,,,,,,,,,,,,,,,,,,,,,,,,,,,,,False
Cory Butler Jr.,198124,WR,ARIZONA ST,1,-3.0,1,100.0,,0,0,0,0.0,0,0.03,1,110,0,70.7,71.5,61.3,,60.7,0.0,0,0,13,0.0,0,14,0,53.8,2,92.9,13,100.0,14,102.1,2,0,0.0,0,17,23,11.5,8.5,1.31,,,,,,,,,,,,,,,,,,,,,,,,,,,,,,,,,,,,,,,,,,,False
AJ Ia,198128,TE,ARIZONA ST,3,1.5,0,100.0,100.0,1,1,0,0.0,0,0.11,1,110,0,70.7,62.9,54.3,64.4,58.7,14.3,3,0,12,4.8,1,21,0,40.0,2,90.5,19,85.7,18,145.8,2,1,0.0,0,19,16,8.0,9.5,1.0,,,,,,,,,,,,,,,,,,,,,,,,,,,,,,,,,,,,,,,,,,,False
David Clerk,170967,WR,ARMY,2,19.0,0,0.0,,0,0,0,100.0,1,-0.78,0,114,0,16.4,65.5,50.5,,44.5,0.0,0,0,0,0.0,0,4,0,0.0,0,75.0,3,50.0,2,39.6,2,0,50.0,2,0,0,,,0.0,,,,,,,,,,,,,,,,,,,,,,,,,,,,,,,,,,,,,,,,,,,False
Dedrick Latulas,170463,WR,LA TECH,2,3.0,1,100.0,,0,0,0,0.0,0,1.02,1,208,0,70.7,76.4,68.5,,68.1,0.0,0,0,6,0.0,0,5,0,80.0,2,100.0,5,100.0,5,127.1,2,1,0.0,0,10,5,2.5,5.0,2.0,,,,,,,,,,,,,,,,,,,,,,,,,,,,,,,,,,,,,,,,,,,False
Sterling Joseph,198401,HB,FIU,4,-2.0,0,100.0,,0,0,0,0.0,0,0.09,1,166,0,70.7,74.8,60.2,20.2,58.8,0.0,0,0,4,21.7,5,23,0,40.9,2,73.9,17,4.3,1,79.2,2,0,0.0,0,1,5,2.5,0.5,0.06,,,,,,,,,,,,,,,,,,,,,,,,,,,,,,,,,,,,,,,,,,,False
CJ Wiley,198465,WR,GEORGIA,4,2.0,0,50.0,,0,0,0,0.0,0,0.06,0,173,0,66.7,61.0,49.2,,50.2,0.0,0,0,6,0.0,0,13,0,53.8,1,100.0,13,7.7,1,56.3,2,0,92.3,12,6,8,8.0,6.0,0.46,,,,,,,,,,,,,,,,,,,,,,,,,,,,,,,,,,,,,,,,,,,False
Jordyn Adams,218838,WR,SMU,1,-0.5,0,100.0,,0,0,0,0.0,0,-0.21,0,287,0,70.7,67.1,59.0,,59.0,0.0,0,0,5,0.0,0,5,0,40.0,2,100.0,5,0.0,0,85.4,2,0,100.0,5,9,10,5.0,4.5,1.8,,,,,,,,,,,,,,,,,,,,,,,,,,,,,,,,,,,,,,,,,,,False
Landon Roldan,198479,WR,GEORGIA,4,5.5,0,100.0,,0,0,0,0.0,0,-0.71,1,173,0,70.7,68.2,66.6,,63.3,0.0,0,0,17,0.0,0,10,0,30.0,2,100.0,10,10.0,1,114.6,2,0,90.0,9,23,12,6.0,11.5,2.3,,,,,,,,,,,,,,,,,,,,,,,,,,,,,,,,,,,,,,,,,,,False
Bryson Hayes,198589,WR,KANSAS,2,23.5,1,100.0,100.0,1,1,0,0.0,0,0.95,2,198,0,70.7,64.6,74.8,,73.8,0.0,0,0,48,0.0,0,14,0,64.3,2,100.0,14,35.7,5,118.8,2,0,64.3,9,56,9,4.5,28.0,4.0,,,,,,,,,,,,,,,,,,,,,,,,,,,,,,,,,,,,,,,,,,,False
Kwinten Ives,170228,HB,NEBRASKA,3,4.5,0,100.0,,0,0,0,0.0,0,0.56,2,238,0,70.7,66.9,72.7,69.2,79.4,0.0,0,0,19,10.0,1,10,0,70.0,2,90.0,9,0.0,0,158.3,2,1,0.0,0,25,16,8.0,12.5,2.78,,,,,,,,,,,,,,,,,,,,,,,,,,,,,,,,,,,,,,,,,,,False
Brayden Bockler,198678,TE,LA TECH,2,2.5,0,100.0,,0,0,0,0.0,0,0.69,1,208,0,70.7,62.9,55.1,37.3,70.9,76.9,10,0,7,38.5,5,13,0,53.8,2,61.5,8,7.7,1,81.3,2,0,0.0,0,7,2,1.0,3.5,0.88,,,,,,,,,,,,,,,,,,,,,,,,,,,,,,,,,,,,,,,,,,,False
Rusty VanWetzinga IV,170177,TE,C MICHIGAN,2,9.0,0,50.0,,0,0,0,50.0,1,-1.18,0,134,0,24.5,61.0,56.1,71.7,38.7,95.2,20,1,8,33.3,7,21,2,14.3,1,66.7,14,4.8,1,20.8,2,0,0.0,0,8,4,4.0,8.0,0.57,,,,,,,,,,,,,,,,,,,,,,,,,,,,,,,,,,,,,,,,,,,False
Braylon Collier,198808,WR,MICH STATE,3,5.5,0,100.0,,0,0,0,0.0,0,-1.32,1,223,0,70.7,62.9,83.2,,80.1,0.0,0,0,17,0.0,0,4,0,25.0,2,100.0,4,100.0,4,114.6,2,0,0.0,0,23,12,6.0,11.5,5.75,,,,,,,,,,,,,,,,,,,,,,,,,,,,,,,,,,,,,,,,,,,False
Gracen Harris,198864,WR,MISS STATE,4,10.5,0,100.0,,0,0,0,0.0,0,0.17,1,227,0,70.7,63.7,63.0,,59.2,0.0,0,0,11,0.0,0,19,1,47.1,2,84.2,16,89.5,17,110.4,2,0,10.5,2,21,0,0.0,10.5,1.31,,,,,,,,,,,,,,,,,,,,,,,,,,,,,,,,,,,,,,,,,,,False
Riley Williams,170100,TE,MISS STATE,3,2.0,0,100.0,,0,0,0,0.0,0,0.15,0,227,0,70.7,62.9,48.0,69.5,52.8,48.0,12,0,9,24.0,6,25,0,58.3,2,76.0,19,44.0,11,100.0,2,0,4.0,1,16,12,6.0,8.0,0.84,,,,,,,,,,,,,,,,,,,,,,,,,,,,,,,,,,,,,,,,,,,False
Eric Singleton Jr.,170078,WR,FLORIDA,2,43.0,0,50.0,100.0,1,1,0,0.0,0,1.36,1,163,0,66.7,61.0,75.9,,73.9,0.0,0,0,38,0.0,0,7,0,66.7,1,85.7,6,28.6,2,95.8,2,0,71.4,5,38,0,0.0,38.0,6.33,,,,,,,,,,,,,,,,,,,,,,,,,,,,,,,,,,,,,,,,,,,False
Terrione Graves,198937,WR,NEW MEX ST,5,17.0,2,100.0,,0,0,0,0.0,0,0.65,2,242,0,70.7,62.9,74.9,,74.0,0.0,0,0,83,0.0,0,17,0,70.6,2,100.0,17,35.3,6,158.3,2,1,64.7,11,98,64,32.0,49.0,5.76,,,,,,,,,,,,,,,,,,,,,,,,,,,,,,,,,,,,,,,,,,,False
Deandre Desinor,198965,HB,NC STATE,2,0.0,0,100.0,,0,0,0,0.0,0,0.28,0,248,0,73.1,69.5,69.8,,82.4,0.0,0,0,5,0.0,0,7,0,66.7,2,85.7,6,14.3,1,79.2,2,0,0.0,0,4,4,2.0,2.0,0.67,,,,,,,,,,,,,,,,,,,,,,,,,,,,,,,,,,,,,,,,,,,False
Trey Cornist,169975,HB,UCONN,4,3.0,0,100.0,,0,0,0,0.0,0,0.23,1,146,0,70.7,77.3,64.6,74.7,74.4,0.0,0,0,4,22.7,5,22,0,40.9,2,77.3,17,4.5,1,118.8,2,1,0.0,0,5,0,0.0,2.5,0.29,,,,,,,,,,,,,,,,,,,,,,,,,,,,,,,,,,,,,,,,,,,False
Arnold Barnes III,169972,HB,IOWA STATE,4,11.0,0,0.0,,0,0,0,,0,-0.18,0,193,0,,77.3,72.0,77.0,55.9,0.0,0,0,0,33.3,4,12,0,22.2,0,58.3,7,0.0,0,39.6,2,0,0.0,0,0,0,,,0.0,,,,,,,,,,,,,,,,,,,,,,,,,,,,,,,,,,,,,,,,,,,False
Irving Brown,199029,HB,OHIO,3,-2.5,0,50.0,,0,0,0,0.0,0,0.78,0,259,0,66.7,73.1,71.5,38.6,61.5,0.0,0,0,-5,50.0,7,14,0,57.1,1,50.0,7,0.0,0,56.3,2,0,0.0,0,-5,1,1.0,-5.0,-0.71,,,,,,,,,,,,,,,,,,,,,,,,,,,,,,,,,,,,,,,,,,,False
Manny Choice,199035,WR,OKLAHOMA,2,12.0,0,50.0,,0,0,0,0.0,0,-0.01,1,261,0,66.7,61.0,60.7,,60.4,0.0,0,0,14,0.0,0,15,0,30.8,1,86.7,13,6.7,1,112.5,2,1,93.3,14,14,2,2.0,14.0,1.08,,,,,,,,,,,,,,,,,,,,,,,,,,,,,,,,,,,,,,,,,,,False
Cooper Rusk,169108,WR,TOLEDO,1,10.0,0,50.0,,0,0,0,50.0,1,-0.53,1,316,0,24.5,65.3,59.7,,65.0,0.0,0,0,40,0.0,0,5,1,40.0,1,100.0,5,80.0,4,135.4,2,1,20.0,1,40,25,25.0,40.0,8.0,,,,,,,,,,,,,,,,,,,,,,,,,,,,,,,,,,,,,,,,,,,False
Will Swartz,199111,TE,RICE,4,21.0,0,0.0,0.0,0,1,0,100.0,1,-0.37,0,275,0,16.4,61.9,64.4,41.0,37.6,83.3,15,0,0,50.0,9,18,0,25.0,0,50.0,9,11.1,2,39.6,2,0,5.6,1,0,0,,,0.0,,,,,,,,,,,,,,,,,,,,,,,,,,,,,,,,,,,,,,,,,,,False
Steve Chavez-Soto,199149,HB,UTAH,3,6.5,0,0.0,0.0,0,1,0,100.0,1,-0.49,0,328,0,16.4,74.4,65.0,46.8,33.2,0.0,0,0,0,55.6,5,9,0,33.3,0,44.4,4,11.1,1,39.6,2,0,11.1,1,0,0,,,0.0,,,,,,,,,,,,,,,,,,,,,,,,,,,,,,,,,,,,,,,,,,,False
Tama Amisone,199154,WR,S JOSE ST,2,0.0,0,50.0,,0,0,0,50.0,1,-0.16,0,285,0,24.5,62.4,44.6,,48.5,0.0,0,0,-2,0.0,0,10,0,30.0,1,90.0,9,90.0,9,56.3,2,0,10.0,1,-2,2,2.0,-2.0,-0.22,,,,,,,,,,,,,,,,,,,,,,,,,,,,,,,,,,,,,,,,,,,False
Terry Shelton,199244,WR,TCU,3,22.5,0,0.0,0.0,0,1,0,100.0,1,-0.25,0,305,0,16.4,,46.1,,47.3,0.0,0,0,0,0.0,0,18,0,29.4,0,94.4,17,22.2,4,39.6,2,0,77.8,14,0,0,,,0.0,,,,,,,,,,,,,,,,,,,,,,,,,,,,,,,,,,,,,,,,,,,False
Tyler Siddons,164227,TE,WYOMING,4,4.5,0,100.0,100.0,1,1,0,0.0,0,-0.16,1,351,0,70.7,62.9,51.9,29.8,61.9,76.2,16,0,5,28.6,6,21,1,45.0,2,71.4,15,23.8,5,87.5,2,0,0.0,0,10,1,0.5,5.0,0.67,,,,,,,,,,,,,,,,,,,,,,,,,,,,,,,,,,,,,,,,,,,False
Dane Jones,199262,WR,TCU,3,2.0,0,50.0,,0,0,0,50.0,1,-0.28,0,305,0,24.9,63.6,46.8,,47.7,0.0,0,0,5,0.0,0,20,0,33.3,1,90.0,18,90.0,18,56.3,2,0,10.0,2,5,8,8.0,5.0,0.28,,,,,,,,,,,,,,,,,,,,,,,,,,,,,,,,,,,,,,,,,,,False
Oliver Mitchell Jr.,199359,WR,TULANE,4,19.5,3,100.0,100.0,1,1,0,0.0,0,0.12,1,319,0,70.7,62.9,64.9,,65.0,0.0,0,0,41,0.0,0,28,0,44.4,2,96.4,27,28.6,8,118.8,2,0,71.4,20,49,10,5.0,24.5,1.81,,,,,,,,,,,,,,,,,,,,,,,,,,,,,,,,,,,,,,,,,,,False
Javin Gordon,199370,HB,TENNESSEE,2,-4.5,0,50.0,0.0,0,1,0,0.0,0,0.83,1,307,0,66.7,76.7,72.4,78.9,66.5,0.0,0,0,18,36.8,7,19,0,61.1,1,63.2,12,0.0,0,81.3,2,0,0.0,0,18,22,22.0,18.0,1.5,,,,,,,,,,,,,,,,,,,,,,,,,,,,,,,,,,,,,,,,,,,False
Taevion Swint,199390,HB,UCF,4,-1.0,1,100.0,,0,0,0,0.0,0,0.0,1,323,0,73.1,78.0,70.8,59.3,68.3,0.0,0,0,16,25.0,7,28,0,56.0,2,67.9,19,3.6,1,106.3,2,0,3.6,1,19,21,10.5,9.5,1.0,,,,,,,,,,,,,,,,,,,,,,,,,,,,,,,,,,,,,,,,,,,False
Jordan McCants,163966,WR,N DAK ST,4,27.5,0,100.0,100.0,1,1,0,0.0,0,0.62,2,250,0,73.1,64.1,79.5,,79.8,0.0,0,0,44,0.0,0,17,0,50.0,2,94.1,16,11.8,2,158.3,2,1,88.2,15,79,24,12.0,39.5,4.94,,,,,,,,,,,,,,,,,,,,,,,,,,,,,,,,,,,,,,,,,,,False
Taniela Tupou,199416,TE,USC,2,15.0,0,50.0,,0,0,0,0.0,0,0.12,1,326,0,66.7,61.0,52.6,34.4,60.9,63.2,12,0,25,31.6,6,19,0,78.9,1,68.4,13,36.8,7,95.8,2,0,0.0,0,25,11,11.0,25.0,1.92,,,,,,,,,,,,,,,,,,,,,,,,,,,,,,,,,,,,,,,,,,,False
Ky Woods,163868,HB,NEVADA,4,-2.5,1,100.0,,0,0,0,0.0,0,-0.26,0,239,0,70.7,73.6,67.5,78.6,59.3,0.0,0,0,10,18.8,3,16,0,25.0,2,81.3,13,6.3,1,87.5,2,0,12.5,2,10,15,7.5,5.0,0.77,,,,,,,,,,,,,,,,,,,,,,,,,,,,,,,,,,,,,,,,,,,False
Walter Taylor,163728,TE,VANDERBILT,4,14.0,0,100.0,,0,0,0,0.0,0,-0.23,1,333,0,70.7,62.9,61.5,,66.9,65.2,15,0,19,0.0,0,23,1,30.4,2,100.0,23,30.4,7,158.3,2,1,4.3,1,27,1,0.5,13.5,1.17,,,,,,,,,,,,,,,,,,,,,,,,,,,,,,,,,,,,,,,,,,,False
Cole Spence,163727,TE,VANDERBILT,1,8.5,0,100.0,100.0,1,1,0,0.0,0,0.11,1,333,0,70.7,62.9,61.1,67.3,61.2,31.3,5,0,10,6.3,1,16,0,33.3,2,87.5,14,56.3,9,104.2,2,0,12.5,2,18,1,0.5,9.0,1.29,,,,,,,,,,,,,,,,,,,,,,,,,,,,,,,,,,,,,,,,,,,False
Kahleil Jackson,124381,WR,FLORIDA,4,2.0,1,100.0,,0,0,0,0.0,0,0.53,2,163,0,70.7,63.7,66.0,,59.8,0.0,0,0,10,0.0,0,31,0,53.3,2,93.5,29,3.2,1,106.3,2,0,96.8,30,19,15,7.5,9.5,0.66,,,,,,,,,,,,,,,,,,,,,,,,,,,,,,,,,,,,,,,,,,,False
Marvis Parrish,199564,HB,MICH STATE,4,0.0,1,100.0,,0,0,0,0.0,0,-0.31,1,223,0,73.1,76.5,63.9,63.4,61.0,0.0,0,0,11,30.6,15,49,0,43.5,2,65.3,32,4.1,2,87.5,2,0,0.0,0,10,10,5.0,5.0,0.31,,,,,,,,,,,,,,,,,,,,,,,,,,,,,,,,,,,,,,,,,,,False
Calvin Thomas,199652,WR,DELAWARE,2,34.0,0,0.0,0.0,0,1,0,,0,-0.63,0,151,0,,,49.4,,49.1,0.0,0,1,0,0.0,0,17,0,25.0,0,94.1,16,0.0,0,0.0,2,0,100.0,17,0,0,,,0.0,,,,,,,,,,,,,,,,,,,,,,,,,,,,,,,,,,,,,,,,,,,False
Zamondre Merriweather,163382,WR,SYRACUSE,2,3.5,0,50.0,,0,0,0,50.0,1,-0.39,0,304,0,24.9,61.0,45.2,,48.9,0.0,0,0,2,0.0,0,15,1,30.8,1,86.7,13,6.7,1,56.3,2,0,93.3,14,2,-1,-1.0,2.0,0.15,,,,,,,,,,,,,,,,,,,,,,,,,,,,,,,,,,,,,,,,,,,False
JT Lindsey,199762,HB,OLE MISS,4,-2.5,1,100.0,,0,0,0,0.0,0,-0.04,0,226,0,70.7,40.5,63.1,22.8,61.2,0.0,0,0,8,31.4,16,51,0,38.8,2,66.7,34,13.7,7,91.7,2,0,5.9,3,12,17,8.5,6.0,0.35,,,,,,,,,,,,,,,,,,,,,,,,,,,,,,,,,,,,,,,,,,,False
Curtis Kimmons IV,220405,HB,UMASS,4,-0.5,1,100.0,100.0,1,1,0,0.0,0,0.24,0,216,0,70.7,79.1,80.5,73.9,60.7,0.0,0,0,9,30.6,15,49,0,45.5,2,61.2,30,0.0,0,87.5,2,0,0.0,0,10,11,5.5,5.0,0.33,,,,,,,,,,,,,,,,,,,,,,,,,,,,,,,,,,,,,,,,,,,False
Cam Pickett,163093,WR,KANSAS,1,0.5,1,100.0,,0,0,0,0.0,0,-0.8,0,198,0,70.7,62.9,58.7,,58.9,0.0,0,0,3,0.0,0,6,0,33.3,2,100.0,6,83.3,5,79.2,2,0,16.7,1,6,5,2.5,3.0,1.0,,,,,,,,,,,,,,,,,,,,,,,,,,,,,,,,,,,,,,,,,,,False
Quinton Jackson,163001,HB,RICE,1,-3.5,0,100.0,,0,0,0,0.0,0,-0.08,1,275,0,70.7,72.9,78.4,75.6,70.8,0.0,0,0,7,55.6,5,9,0,55.6,2,44.4,4,33.3,3,133.3,2,1,0.0,0,13,20,10.0,6.5,3.25,,,,,,,,,,,,,,,,,,,,,,,,,,,,,,,,,,,,,,,,,,,False
Luke Kokat,162211,TE,N DAK ST,4,1.0,0,0.0,,0,0,0,,0,0.11,0,250,0,,61.9,71.4,72.6,49.3,80.0,20,0,0,40.0,10,25,0,45.5,0,56.0,14,4.0,1,39.6,2,0,0.0,0,0,0,,,0.0,,,,,,,,,,,,,,,,,,,,,,,,,,,,,,,,,,,,,,,,,,,False
Kiotti Armstrong,199987,TE,TEXAS A&M,3,7.0,0,50.0,,0,0,1,0.0,0,-0.37,1,312,0,66.7,61.0,73.6,69.8,65.8,69.2,9,0,8,30.8,4,13,1,33.3,1,61.5,8,30.8,4,60.4,2,0,0.0,0,8,8,8.0,8.0,1.0,,,,,,,,,,,,,,,,,,,,,,,,,,,,,,,,,,,,,,,,,,,False
Morgan McPhaul,160913,TE,OKLA STATE,4,1.0,0,100.0,,0,0,0,0.0,0,0.25,1,262,0,70.7,62.9,56.2,56.7,60.5,28.0,7,0,6,24.0,6,25,0,64.0,2,76.0,19,36.0,9,91.7,2,0,0.0,0,12,10,5.0,6.0,0.63,,,,,,,,,,,,,,,,,,,,,,,,,,,,,,,,,,,,,,,,,,,False
Keivin Boone-Nelson II,200040,WR,W MICHIGAN,4,7.0,0,50.0,0.0,0,1,0,0.0,0,-0.49,0,347,0,66.7,63.6,54.3,,55.1,0.0,0,0,3,0.0,0,13,0,38.5,1,100.0,13,23.1,3,56.3,2,0,76.9,10,3,1,1.0,3.0,0.23,,,,,,,,,,,,,,,,,,,,,,,,,,,,,,,,,,,,,,,,,,,False
Fisher Clements,159029,TE,COLORADO,4,4.0,0,50.0,,0,0,0,0.0,0,0.23,0,143,0,66.7,61.0,41.3,60.2,45.9,58.1,54,0,7,49.5,46,93,1,43.8,1,49.5,46,19.4,18,58.3,2,0,5.4,5,7,5,5.0,7.0,0.15,,,,,,,,,,,,,,,,,,,,,,,,,,,,,,,,,,,,,,,,,,,False
Duke Clark,200128,HB,FLORIDA,4,6.5,1,100.0,,0,0,0,0.0,0,0.52,2,163,0,70.7,79.6,85.7,81.8,61.7,0.0,0,0,10,26.5,9,34,0,39.4,2,73.5,25,11.8,4,145.8,2,1,8.8,3,19,6,3.0,9.5,0.76,,,,,,,,,,,,,,,,,,,,,,,,,,,,,,,,,,,,,,,,,,,False
Tyler Powell,158739,TE,ARIZONA,4,4.5,0,100.0,,0,0,0,0.0,0,0.34,1,109,0,70.7,62.9,43.8,35.9,48.7,74.0,54,0,8,17.8,13,73,0,48.6,2,80.8,59,20.5,15,129.2,2,1,5.5,4,11,4,2.0,5.5,0.19,,,,,,,,,,,,,,,,,,,,,,,,,,,,,,,,,,,,,,,,,,,False
Kache Kaio,200243,TE,UTAH ST,4,5.0,0,50.0,,0,0,1,0.0,0,-0.07,0,329,0,66.7,61.0,44.5,51.8,46.0,59.4,63,0,7,45.3,48,106,1,45.5,1,50.0,53,21.7,23,58.3,2,0,13.2,14,7,2,2.0,7.0,0.13,,,,,,,,,,,,,,,,,,,,,,,,,,,,,,,,,,,,,,,,,,,False
Tyreek King,220424,WR,TENNESSEE,3,-3.0,0,50.0,,0,0,0,0.0,0,-0.71,0,307,0,66.7,61.0,58.2,,58.6,0.0,0,0,5,0.0,0,4,0,25.0,1,100.0,4,100.0,4,56.3,2,0,0.0,0,5,8,8.0,5.0,1.25,,,,,,,,,,,,,,,,,,,,,,,,,,,,,,,,,,,,,,,,,,,False
CJ Spence,200279,WR,VIRGINIA,1,15.5,0,0.0,,0,0,0,,0,0.13,0,335,0,,,56.1,,56.5,0.0,0,0,0,0.0,0,3,0,33.3,0,100.0,3,0.0,0,39.6,2,0,100.0,3,0,0,,,0.0,,,,,,,,,,,,,,,,,,,,,,,,,,,,,,,,,,,,,,,,,,,False
Kaina Watson,220568,WR,UTAH ST,4,8.0,0,50.0,0.0,0,1,0,0.0,0,-0.36,1,329,0,66.7,61.0,58.5,61.9,58.0,0.0,0,1,12,4.2,1,24,0,39.1,1,91.7,22,20.8,5,29.2,2,0,79.2,19,12,6,6.0,12.0,0.55,,,,,,,,,,,,,,,,,,,,,,,,,,,,,,,,,,,,,,,,,,,False
Willem Thurber,200285,TE,VIRGINIA,2,16.0,0,50.0,100.0,1,1,0,0.0,0,-0.19,1,335,0,66.7,61.0,76.4,66.3,79.6,66.7,6,0,28,22.2,2,9,0,33.3,1,77.8,7,33.3,3,95.8,2,0,0.0,0,28,2,2.0,28.0,4.0,,,,,,,,,,,,,,,,,,,,,,,,,,,,,,,,,,,,,,,,,,,False
JT Taggart,200310,TE,MARYLAND,4,1.5,0,100.0,,0,0,0,0.0,0,-0.19,0,215,0,70.7,62.9,47.0,69.1,56.2,81.3,13,0,4,31.3,5,16,1,38.5,2,56.3,9,12.5,2,79.2,2,0,6.3,1,6,3,1.5,3.0,0.67,,,,,,,,,,,,,,,,,,,,,,,,,,,,,,,,,,,,,,,,,,,False
Jaylen Jenkins,158512,HB,TEXAS ST,3,-3.0,1,100.0,,0,0,0,0.0,0,0.32,0,314,0,70.7,41.2,66.9,75.8,61.9,0.0,0,0,6,38.5,5,13,0,61.5,2,61.5,8,0.0,0,79.2,2,0,7.7,1,4,10,5.0,2.0,0.5,,,,,,,,,,,,,,,,,,,,,,,,,,,,,,,,,,,,,,,,,,,False
Xavier Newsom,203461,TE,AUBURN,1,10.5,0,0.0,,0,0,0,100.0,1,0.36,0,115,0,16.4,,43.2,66.3,32.6,85.7,6,0,0,28.6,2,7,1,42.9,0,71.4,5,14.3,1,39.6,2,0,0.0,0,0,0,,,0.0,,,,,,,,,,,,,,,,,,,,,,,,,,,,,,,,,,,,,,,,,,,False
Harold Duvall,204026,WR,FRESNO ST,1,10.5,2,100.0,,0,0,0,0.0,0,0.2,2,169,0,70.7,62.9,72.4,,71.1,0.0,0,0,17,0.0,0,9,0,50.0,2,88.9,8,11.1,1,118.8,2,0,88.9,8,34,13,6.5,17.0,4.25,,,,,,,,,,,,,,,,,,,,,,,,,,,,,,,,,,,,,,,,,,,False
Mason Woods,204053,TE,IOWA,2,3.0,1,100.0,,0,0,0,0.0,0,0.04,0,192,0,70.7,62.9,53.6,,61.9,28.6,2,0,17,0.0,0,7,1,57.1,2,100.0,7,42.9,3,112.5,2,0,14.3,1,22,16,8.0,11.0,3.14,,,,,,,,,,,,,,,,,,,,,,,,,,,,,,,,,,,,,,,,,,,False
Braeden Jackson,204059,HB,IOWA,2,11.5,0,100.0,,0,0,0,0.0,0,0.5,1,192,0,70.7,76.4,91.7,27.0,85.3,0.0,0,0,24,30.8,4,13,0,53.8,2,69.2,9,7.7,1,158.3,2,1,7.7,1,30,12,6.0,15.0,3.33,,,,,,,,,,,,,,,,,,,,,,,,,,,,,,,,,,,,,,,,,,,False
Le'Kamren Meadows,220633,HB,W KENTUCKY,5,-3.0,0,100.0,,0,0,0,0.0,0,-0.22,0,346,0,70.7,39.0,63.8,66.2,53.5,0.0,0,0,6,26.2,11,42,0,35.0,2,71.4,30,11.9,5,79.2,2,0,11.9,5,6,12,6.0,3.0,0.2,,,,,,,,,,,,,,,,,,,,,,,,,,,,,,,,,,,,,,,,,,,False
Kaden Helms,158072,TE,MINNESOTA,4,2.0,2,100.0,,0,0,0,0.0,0,0.33,0,225,0,70.7,62.9,46.3,52.5,57.6,75.9,22,0,7,17.2,5,29,1,48.1,2,75.9,22,24.1,7,93.8,2,0,0.0,0,13,9,4.5,6.5,0.59,,,,,,,,,,,,,,,,,,,,,,,,,,,,,,,,,,,,,,,,,,,False
Carson Su'esu'e,204186,TE,NEW MEX ST,5,4.5,0,50.0,0.0,0,1,0,0.0,0,0.21,0,242,0,66.7,61.0,52.3,70.0,46.2,90.3,28,0,7,16.1,5,31,0,41.9,1,83.9,26,9.7,3,58.3,2,0,0.0,0,7,7,7.0,7.0,0.27,,,,,,,,,,,,,,,,,,,,,,,,,,,,,,,,,,,,,,,,,,,False
Vander Ploog,204233,TE,NC STATE,2,8.5,0,100.0,,0,0,0,0.0,0,0.02,1,248,0,70.7,62.9,70.6,,71.4,62.5,5,0,21,0.0,0,8,0,25.0,2,100.0,8,37.5,3,118.8,2,0,0.0,0,25,8,4.0,12.5,3.13,,,,,,,,,,,,,,,,,,,,,,,,,,,,,,,,,,,,,,,,,,,False
Nathan McCoy II,204239,WR,OREGON,1,24.0,0,50.0,,0,0,0,0.0,0,0.42,1,264,0,66.7,61.0,68.7,,67.4,0.0,0,0,11,0.0,0,5,0,40.0,1,100.0,5,0.0,0,66.7,2,0,100.0,5,11,0,0.0,11.0,2.2,,,,,,,,,,,,,,,,,,,,,,,,,,,,,,,,,,,,,,,,,,,False
Isaiah Butler-Tanner,204434,TE,UTSA,4,3.5,0,100.0,,0,0,0,0.0,0,0.12,1,331,0,70.7,62.9,53.0,73.5,52.7,48.2,27,0,14,12.5,7,56,1,49.0,2,78.6,44,48.2,27,118.8,2,0,1.8,1,26,19,9.5,13.0,0.59,,,,,,,,,,,,,,,,,,,,,,,,,,,,,,,,,,,,,,,,,,,False
Noah Fox-Flores,204537,TE,UCLA,4,2.5,0,100.0,,0,0,0,0.0,0,-0.36,0,324,1,70.7,9.0,44.6,68.3,46.4,50.0,14,0,7,7.1,2,28,0,32.1,2,92.9,26,25.0,7,85.4,2,0,25.0,7,9,4,2.0,4.5,0.35,,,,,,,,,,,,,,,,,,,,,,,,,,,,,,,,,,,,,,,,,,,False
Jonah Dawson,204591,WR,AIR FORCE,2,17.5,0,0.0,,0,0,0,,0,-0.16,0,101,0,,,55.6,,54.3,0.0,0,1,0,0.0,0,10,0,30.0,0,100.0,10,10.0,1,0.0,2,0,90.0,9,0,0,,,0.0,,,,,,,,,,,,,,,,,,,,,,,,,,,,,,,,,,,,,,,,,,,False
Grayson Rigdon,204624,HB,ARIZONA ST,2,5.5,2,100.0,,0,0,0,0.0,0,0.82,2,110,0,70.7,72.1,73.1,78.0,74.3,0.0,0,0,56,26.7,4,15,0,71.4,2,66.7,10,13.3,2,158.3,2,2,13.3,2,110,99,49.5,55.0,11.0,,,,,,,,,,,,,,,,,,,,,,,,,,,,,,,,,,,,,,,,,,,False
Stratton Fuller,204675,HB,ARMY,1,-3.5,0,100.0,,0,0,0,0.0,0,0.11,0,114,0,70.7,69.2,77.3,,72.9,0.0,0,0,9,0.0,0,4,0,75.0,2,100.0,4,25.0,1,93.8,2,0,0.0,0,13,20,10.0,6.5,3.25,,,,,,,,,,,,,,,,,,,,,,,,,,,,,,,,,,,,,,,,,,,False
Godspower Nwawuihe,204716,HB,ARMY,3,15.0,0,100.0,,0,0,0,0.0,0,0.51,2,114,0,70.7,80.4,68.9,28.4,88.2,0.0,0,0,20,78.9,15,19,0,63.2,2,21.1,4,0.0,0,156.3,2,1,0.0,0,24,2,1.0,12.0,6.0,,,,,,,,,,,,,,,,,,,,,,,,,,,,,,,,,,,,,,,,,,,False
Scott Moore,204827,TE,DELAWARE,4,4.0,0,50.0,,0,0,0,50.0,1,-0.28,1,151,0,24.5,61.0,49.9,76.7,48.7,51.2,22,0,14,23.3,10,43,0,30.8,1,74.4,32,46.5,20,72.9,2,0,0.0,0,14,11,11.0,14.0,0.44,,,,,,,,,,,,,,,,,,,,,,,,,,,,,,,,,,,,,,,,,,,False
Jamari Miller,204902,WR,GA STATE,2,3.0,1,100.0,,0,0,0,0.0,0,0.49,1,175,0,70.7,69.2,69.7,,65.7,0.0,0,0,8,0.0,0,7,0,57.1,2,100.0,7,85.7,6,131.3,2,1,14.3,1,12,6,3.0,6.0,1.71,,,,,,,,,,,,,,,,,,,,,,,,,,,,,,,,,,,,,,,,,,,False
Kanen Hamlett,157546,TE,E CAROLINA,4,12.0,0,100.0,,0,0,0,0.0,0,0.27,1,156,1,70.7,9.0,41.8,74.7,44.0,34.0,17,0,22,14.0,7,50,2,52.0,2,86.0,43,44.0,22,154.2,2,1,2.0,1,23,0,0.0,11.5,0.53,,,,,,,,,,,,,,,,,,,,,,,,,,,,,,,,,,,,,,,,,,,False
Harry Lodge,157525,TE,UCLA,4,5.0,0,50.0,,0,0,0,50.0,1,-0.19,0,324,0,24.5,63.6,55.5,45.6,42.4,81.5,22,0,4,59.3,16,27,1,32.0,1,37.0,10,14.8,4,56.3,2,0,3.7,1,4,0,0.0,4.0,0.4,,,,,,,,,,,,,,,,,,,,,,,,,,,,,,,,,,,,,,,,,,,False
Miles Halbert,204954,WR,JAMES MAD,3,32.5,0,50.0,0.0,0,1,0,0.0,0,0.57,1,197,0,66.7,61.0,76.1,,75.0,0.0,0,0,44,0.0,0,5,0,60.0,1,100.0,5,0.0,0,135.4,2,1,100.0,5,44,0,0.0,44.0,8.8,,,,,,,,,,,,,,,,,,,,,,,,,,,,,,,,,,,,,,,,,,,False
Quintin Simmons,204991,WR,MIAMI OH,4,-1.0,0,100.0,,0,0,0,0.0,0,0.06,0,221,0,70.7,62.9,55.6,,54.5,0.0,0,0,6,0.0,0,15,0,50.0,2,93.3,14,60.0,9,83.3,2,0,40.0,6,8,10,5.0,4.0,0.57,,,,,,,,,,,,,,,,,,,,,,,,,,,,,,,,,,,,,,,,,,,False
Andrew Burnette,205005,HB,LA TECH,3,-3.5,0,100.0,,0,0,0,0.0,0,-0.05,0,208,0,70.7,76.7,63.4,9.4,57.6,0.0,0,0,3,31.0,9,29,1,48.1,2,62.1,18,3.4,1,79.2,2,0,3.4,1,-1,6,3.0,-0.5,-0.06,,,,,,,,,,,,,,,,,,,,,,,,,,,,,,,,,,,,,,,,,,,False
Bryson Williams,205056,WR,MICH STATE,3,7.0,0,0.0,,0,0,0,100.0,1,-0.33,0,223,0,16.4,,49.3,,47.4,0.0,0,0,0,0.0,0,20,0,36.8,0,95.0,19,10.0,2,39.6,2,0,90.0,18,0,0,,,0.0,,,,,,,,,,,,,,,,,,,,,,,,,,,,,,,,,,,,,,,,,,,False
Austin Terry,157198,TE,BOISE ST,4,4.0,0,50.0,50.0,1,2,0,0.0,0,0.37,0,120,0,66.7,61.0,42.7,72.8,49.0,90.5,19,0,4,23.8,5,21,0,65.0,1,71.4,15,9.5,2,56.3,2,0,0.0,0,4,0,0.0,4.0,0.27,,,,,,,,,,,,,,,,,,,,,,,,,,,,,,,,,,,,,,,,,,,False
Trey Hall,205064,HB,DOMINION,4,7.0,0,50.0,,0,0,0,0.0,0,-0.13,0,263,0,66.7,28.5,54.5,81.6,53.5,0.0,0,1,3,39.0,16,41,0,42.1,1,56.1,23,4.9,2,16.7,2,0,7.3,3,3,1,1.0,3.0,0.13,,,,,,,,,,,,,,,,,,,,,,,,,,,,,,,,,,,,,,,,,,,False
Anthony Favrow,157156,HB,MISSOURI,4,-3.5,1,50.0,,0,0,0,0.0,0,-0.23,0,229,0,66.7,72.0,63.4,27.7,70.2,0.0,0,0,9,41.7,5,12,0,33.3,1,58.3,7,0.0,0,62.5,2,0,0.0,0,9,13,13.0,9.0,1.29,,,,,,,,,,,,,,,,,,,,,,,,,,,,,,,,,,,,,,,,,,,False
Samari Reed,205079,WR,OLE MISS,4,17.0,0,50.0,0.0,0,1,0,0.0,0,0.16,1,226,0,66.7,61.0,56.0,,56.5,4.3,1,0,21,0.0,0,23,0,63.6,1,95.7,22,87.0,20,87.5,2,0,8.7,2,21,1,1.0,21.0,0.95,,,,,,,,,,,,,,,,,,,,,,,,,,,,,,,,,,,,,,,,,,,False
Marlon Harbin,222812,WR,LOUISVILLE,1,-3.5,0,100.0,,0,0,0,0.0,0,0.8,2,210,0,70.7,62.9,90.1,,84.0,0.0,0,0,14,0.0,0,2,0,100.0,2,100.0,2,100.0,2,116.7,2,0,0.0,0,24,31,15.5,12.0,12.0,,,,,,,,,,,,,,,,,,,,,,,,,,,,,,,,,,,,,,,,,,,False
Jaylen McGill,205251,HB,N CAROLINA,3,5.5,3,50.0,,0,0,0,50.0,1,0.22,1,245,0,24.5,74.4,66.9,71.8,47.6,0.0,0,0,20,29.3,12,41,0,50.0,1,70.7,29,0.0,0,85.4,2,0,9.8,4,20,16,16.0,20.0,0.69,,,,,,,,,,,,,,,,,,,,,,,,,,,,,,,,,,,,,,,,,,,False
Liam Russo,205286,TE,N ILLINOIS,1,3.0,0,100.0,100.0,1,1,0,0.0,0,-0.26,0,254,0,70.7,62.9,65.0,44.9,72.7,80.0,8,0,8,60.0,6,10,0,44.4,2,40.0,4,20.0,2,97.9,2,0,0.0,0,15,9,4.5,7.5,3.75,,,,,,,,,,,,,,,,,,,,,,,,,,,,,,,,,,,,,,,,,,,False
Kamren Flowers,205427,WR,UCONN,1,21.5,1,50.0,,0,0,0,0.0,0,0.84,1,146,0,66.7,61.0,77.7,,75.6,0.0,0,1,30,0.0,0,5,0,40.0,1,100.0,5,20.0,1,56.3,2,0,80.0,4,30,16,16.0,30.0,6.0,,,,,,,,,,,,,,,,,,,,,,,,,,,,,,,,,,,,,,,,,,,False
Carter Pabst,205532,WR,IOWA STATE,4,15.5,0,50.0,100.0,1,1,0,0.0,0,0.29,1,193,0,66.7,63.6,50.8,,52.1,0.0,0,0,24,0.0,0,27,1,46.2,1,96.3,26,7.4,2,93.8,2,0,92.6,25,24,-1,-1.0,24.0,0.92,,,,,,,,,,,,,,,,,,,,,,,,,,,,,,,,,,,,,,,,,,,False
A.J. Turner,156791,HB,MINNESOTA,3,2.0,0,50.0,0.0,0,1,0,50.0,1,0.13,0,225,0,24.5,73.1,60.6,29.8,35.3,0.0,0,0,5,40.7,11,27,1,48.0,1,55.6,15,0.0,0,56.3,2,0,0.0,0,5,2,2.0,5.0,0.33,,,,,,,,,,,,,,,,,,,,,,,,,,,,,,,,,,,,,,,,,,,False
Christian Neptune,206238,WR,AUBURN,4,22.0,0,50.0,,0,0,0,0.0,0,0.35,0,115,0,66.7,73.5,50.3,61.1,51.7,0.0,0,0,6,2.9,1,34,0,64.5,1,88.2,30,97.1,33,56.3,2,0,2.9,1,6,6,6.0,6.0,0.2,,,,,,,,,,,,,,,,,,,,,,,,,,,,,,,,,,,,,,,,,,,False
Jaydon Johnson,156741,WR,LA LAFAYET,4,17.5,1,50.0,,0,0,0,0.0,0,0.44,1,207,0,66.7,61.0,52.5,,51.8,0.0,0,0,21,0.0,0,34,0,51.5,1,97.1,33,11.8,4,87.5,2,0,88.2,30,21,16,16.0,21.0,0.64,,,,,,,,,,,,,,,,,,,,,,,,,,,,,,,,,,,,,,,,,,,False
Semaj Fleming,207827,WR,APP STATE,1,4.5,0,50.0,,0,0,0,0.0,0,-0.59,1,108,0,66.7,61.0,71.6,,69.2,0.0,0,0,8,0.0,0,3,0,33.3,1,100.0,3,100.0,3,60.4,2,0,0.0,0,8,0,0.0,8.0,2.67,,,,,,,,,,,,,,,,,,,,,,,,,,,,,,,,,,,,,,,,,,,False
Anthony League,207842,HB,CAL,2,5.0,0,100.0,,0,0,0,0.0,0,-0.43,0,130,1,73.1,20.8,53.1,12.4,36.7,0.0,0,0,10,13.3,2,15,0,35.7,2,80.0,12,0.0,0,89.6,2,0,6.7,1,11,1,0.5,5.5,0.92,,,,,,,,,,,,,,,,,,,,,,,,,,,,,,,,,,,,,,,,,,,False
Jasen Lopez,213475,WR,FLORIDA ST,2,0.5,1,100.0,,0,0,0,0.0,0,-0.14,1,167,0,70.7,77.2,66.2,,65.6,0.0,0,0,9,0.0,0,18,0,40.0,2,83.3,15,27.8,5,104.2,2,0,72.2,13,18,17,8.5,9.0,1.2,,,,,,,,,,,,,,,,,,,,,,,,,,,,,,,,,,,,,,,,,,,False
Langdon Horace,213489,WR,STANFORD,2,23.5,0,50.0,0.0,0,1,0,0.0,0,-0.54,0,300,0,66.7,61.0,55.5,,55.9,0.0,0,0,9,0.0,0,8,0,12.5,1,100.0,8,37.5,3,62.5,2,0,62.5,5,9,12,12.0,9.0,1.13,,,,,,,,,,,,,,,,,,,,,,,,,,,,,,,,,,,,,,,,,,,False
Kavon Conciauro,213490,WR,DUKE,1,16.0,0,50.0,,0,0,0,0.0,0,0.05,1,154,0,66.7,61.0,71.9,,70.3,0.0,0,0,12,0.0,0,3,0,33.3,1,100.0,3,66.7,2,68.8,2,0,33.3,1,12,1,1.0,12.0,4.0,,,,,,,,,,,,,,,,,,,,,,,,,,,,,,,,,,,,,,,,,,,False
Bennett Christian,156482,TE,OHIO STATE,3,2.5,0,0.0,,0,0,0,,0,0.26,0,260,0,,,52.5,46.6,49.9,81.8,18,0,0,40.9,9,22,0,50.0,0,59.1,13,18.2,4,39.6,2,0,0.0,0,0,0,,,0.0,,,,,,,,,,,,,,,,,,,,,,,,,,,,,,,,,,,,,,,,,,,False
Dylan Wester,213810,WR,PITTSBURGH,1,1.5,1,100.0,,0,0,0,0.0,0,0.37,1,268,0,70.7,62.9,65.3,,64.7,0.0,0,0,15,0.0,0,8,0,37.5,2,100.0,8,100.0,8,106.3,2,0,0.0,0,19,16,8.0,9.5,2.38,,,,,,,,,,,,,,,,,,,,,,,,,,,,,,,,,,,,,,,,,,,False
Amari Latimer,214111,HB,W VIRGINIA,4,-7.0,1,100.0,,0,0,0,0.0,0,0.7,0,343,0,70.7,77.3,73.7,76.5,59.4,0.0,0,0,5,35.3,6,17,0,56.3,2,64.7,11,5.9,1,79.2,2,0,5.9,1,3,17,8.5,1.5,0.27,,,,,,,,,,,,,,,,,,,,,,,,,,,,,,,,,,,,,,,,,,,False
Cooper McCutchan,214629,TE,PURDUE,3,2.5,0,100.0,100.0,1,1,1,0.0,0,-0.37,0,273,0,70.7,62.9,43.2,70.6,51.5,74.1,20,0,8,14.8,4,27,1,26.9,2,81.5,22,14.8,4,91.7,2,0,3.7,1,12,7,3.5,6.0,0.55,,,,,,,,,,,,,,,,,,,,,,,,,,,,,,,,,,,,,,,,,,,False
Ejani Shakir,214724,WR,MARYLAND,1,5.5,1,100.0,,0,0,0,0.0,0,1.73,1,215,0,70.7,66.9,74.2,,79.8,0.0,0,0,28,0.0,0,3,1,100.0,2,100.0,3,100.0,3,118.8,2,0,0.0,0,35,24,12.0,17.5,11.67,,,,,,,,,,,,,,,,,,,,,,,,,,,,,,,,,,,,,,,,,,,False
Tradarian Ball,214954,HB,OREGON,1,0.5,0,100.0,100.0,1,1,0,0.0,0,0.43,1,264,0,70.7,71.5,80.0,70.3,79.2,0.0,0,0,20,40.0,2,5,0,40.0,2,60.0,3,0.0,0,110.4,2,0,0.0,0,21,20,10.0,10.5,7.0,,,,,,,,,,,,,,,,,,,,,,,,,,,,,,,,,,,,,,,,,,,False
Ziyon Butler,215053,WR,MIDDLE TN,2,9.5,0,50.0,,0,0,0,0.0,0,0.39,1,224,0,66.7,61.0,66.5,,65.5,0.0,0,0,15,0.0,0,7,0,57.1,1,100.0,7,28.6,2,75.0,2,0,71.4,5,15,2,2.0,15.0,2.14,,,,,,,,,,,,,,,,,,,,,,,,,,,,,,,,,,,,,,,,,,,False
Nana Burris,149719,WR,ARK STATE,4,19.0,0,50.0,0.0,0,1,0,0.0,0,-0.2,1,113,0,66.7,64.3,57.5,,57.4,0.0,0,0,11,0.0,0,24,0,33.3,1,100.0,24,37.5,9,66.7,2,0,62.5,15,11,2,2.0,11.0,0.46,,,,,,,,,,,,,,,,,,,,,,,,,,,,,,,,,,,,,,,,,,,False
Logan Barnes,215307,WR,UCONN,3,26.5,0,0.0,0.0,0,1,0,,0,0.21,0,146,0,,,54.0,,53.8,0.0,0,0,0,0.0,0,9,0,44.4,0,100.0,9,11.1,1,39.6,2,0,88.9,8,0,0,,,0.0,,,,,,,,,,,,,,,,,,,,,,,,,,,,,,,,,,,,,,,,,,,False
Seth Elchert,215321,WR,TOLEDO,1,22.5,0,0.0,0.0,0,1,0,,0,-0.57,0,316,0,,,58.9,,55.1,0.0,0,1,0,0.0,0,6,0,33.3,0,100.0,6,16.7,1,0.0,2,0,83.3,5,0,0,,,0.0,,,,,,,,,,,,,,,,,,,,,,,,,,,,,,,,,,,,,,,,,,,False
Ty Thompson,146568,TE,TULANE,2,4.5,0,100.0,100.0,1,1,0,0.0,0,0.05,0,319,0,70.7,62.9,49.1,67.3,51.1,42.9,12,0,5,3.6,1,28,0,34.6,2,89.3,25,50.0,14,83.3,2,0,7.1,2,8,-1,-0.5,4.0,0.32,,,,,,,,,,,,,,,,,,,,,,,,,,,,,,,,,,,,,,,,,,,False
Shavane Anderson Jr.,215616,HB,SYRACUSE,3,-5.5,1,100.0,,0,0,0,0.0,0,-0.25,1,304,0,70.7,79.1,73.3,18.2,64.9,0.0,0,0,10,54.2,13,24,0,45.5,2,41.7,10,8.3,2,97.9,2,0,0.0,0,15,26,13.0,7.5,1.5,,,,,,,,,,,,,,,,,,,,,,,,,,,,,,,,,,,,,,,,,,,False
EJ Crowell,215737,HB,ALABAMA,4,-1.5,1,100.0,,0,0,0,0.0,0,-0.17,1,103,0,70.7,77.3,84.0,19.3,82.0,0.0,0,0,14,23.1,3,13,0,41.7,2,69.2,9,7.7,1,118.8,2,0,0.0,0,27,30,15.0,13.5,3.0,,,,,,,,,,,,,,,,,,,,,,,,,,,,,,,,,,,,,,,,,,,False
Trae'shawn Brown,215738,HB,ALABAMA,4,-0.5,0,100.0,,0,0,0,0.0,0,0.34,0,103,0,70.7,78.9,79.5,77.6,55.0,0.0,0,0,8,17.9,7,39,0,55.3,2,79.5,31,7.7,3,95.8,2,0,7.7,3,14,15,7.5,7.0,0.45,,,,,,,,,,,,,,,,,,,,,,,,,,,,,,,,,,,,,,,,,,,False
Antojuan Woody,215798,WR,FAU,2,1.5,0,50.0,,0,0,0,0.0,0,0.07,1,165,0,66.7,61.0,66.0,,65.2,0.0,0,0,5,0.0,0,7,0,42.9,1,100.0,7,100.0,7,56.3,2,0,0.0,0,5,9,9.0,5.0,0.71,,,,,,,,,,,,,,,,,,,,,,,,,,,,,,,,,,,,,,,,,,,False
Ben Verges,215817,TE,COAST CAR,4,5.0,0,100.0,,0,0,0,0.0,0,-0.66,1,141,0,70.7,62.9,51.9,69.3,61.0,84.6,22,0,13,11.5,3,26,0,32.0,2,84.6,22,0.0,0,102.1,2,0,3.8,1,17,7,3.5,8.5,0.77,,,,,,,,,,,,,,,,,,,,,,,,,,,,,,,,,,,,,,,,,,,False
Gavin Barber,215844,TE,APP STATE,2,5.5,0,100.0,,0,0,0,0.0,0,0.42,1,108,0,70.7,62.9,55.1,65.4,67.0,42.9,3,0,9,14.3,1,7,0,71.4,2,85.7,6,57.1,4,122.9,2,1,0.0,0,8,0,0.0,4.0,1.33,,,,,,,,,,,,,,,,,,,,,,,,,,,,,,,,,,,,,,,,,,,False
Brian Williams Jr.,215896,WR,AUBURN,2,12.5,1,50.0,0.0,0,1,0,0.0,0,0.08,1,115,0,66.7,61.0,68.3,,67.5,0.0,0,0,25,0.0,0,5,0,40.0,1,100.0,5,0.0,0,95.8,2,0,100.0,5,25,20,20.0,25.0,5.0,,,,,,,,,,,,,,,,,,,,,,,,,,,,,,,,,,,,,,,,,,,False
Justin Williams,215898,WR,FLORIDA,1,4.5,1,100.0,,0,0,0,0.0,0,0.35,2,163,0,70.7,66.2,89.4,,84.8,0.0,0,0,14,0.0,0,2,0,100.0,2,100.0,2,100.0,2,110.4,2,0,0.0,0,21,12,6.0,10.5,10.5,,,,,,,,,,,,,,,,,,,,,,,,,,,,,,,,,,,,,,,,,,,False
Dawson Quarterman,215929,WR,E CAROLINA,4,20.0,0,50.0,,0,0,0,0.0,0,0.23,0,156,0,66.7,61.0,55.5,,52.5,0.0,0,0,7,0.0,0,26,0,54.2,1,92.3,24,19.2,5,58.3,2,0,80.8,21,7,0,0.0,7.0,0.29,,,,,,,,,,,,,,,,,,,,,,,,,,,,,,,,,,,,,,,,,,,False
King Phillips,215938,WR,GA SOUTHRN,3,13.0,0,50.0,100.0,1,1,0,0.0,0,0.06,0,174,0,66.7,61.0,54.3,,54.3,0.0,0,0,5,0.0,0,17,0,40.0,1,88.2,15,5.9,1,56.3,2,0,94.1,16,5,1,1.0,5.0,0.33,,,,,,,,,,,,,,,,,,,,,,,,,,,,,,,,,,,,,,,,,,,False
Joshua Joseph,216054,WR,MEMPHIS,1,2.0,1,100.0,,0,0,0,0.0,0,-0.67,2,218,0,70.7,62.9,69.3,,68.4,0.0,0,0,12,0.0,0,5,0,60.0,2,100.0,5,100.0,5,137.5,2,1,0.0,0,15,11,5.5,7.5,3.0,,,,,,,,,,,,,,,,,,,,,,,,,,,,,,,,,,,,,,,,,,,False
Jameson Powell,216153,WR,OREGON ST,1,8.0,0,100.0,,0,0,0,0.0,0,0.93,1,265,0,70.7,62.9,57.6,,60.9,0.0,0,0,18,0.0,0,14,0,50.0,2,85.7,12,100.0,14,147.9,2,1,0.0,0,20,5,2.5,10.0,1.67,,,,,,,,,,,,,,,,,,,,,,,,,,,,,,,,,,,,,,,,,,,False
Gavin Griffin,216313,HB,TROY,4,-4.0,1,100.0,,0,0,0,0.0,0,-0.19,1,318,0,70.7,61.3,77.6,69.9,60.4,0.0,0,0,11,48.3,29,60,1,48.2,2,50.0,30,1.7,1,100.0,2,0,0.0,0,16,24,12.0,8.0,0.53,,,,,,,,,,,,,,,,,,,,,,,,,,,,,,,,,,,,,,,,,,,False
Pierce Petersohn,227160,TE,VA TECH,2,1.0,0,100.0,,0,0,0,0.0,0,-0.52,0,337,0,70.7,62.9,65.3,,60.2,50.0,2,0,3,0.0,0,4,0,25.0,2,100.0,4,50.0,2,79.2,2,0,0.0,0,6,4,2.0,3.0,1.5,,,,,,,,,,,,,,,,,,,,,,,,,,,,,,,,,,,,,,,,,,,False
Kai Wesley,216964,TE,BAYLOR,1,5.0,0,0.0,,0,0,0,100.0,1,-0.3,0,118,0,16.4,,35.5,64.5,32.4,75.0,3,0,0,25.0,1,4,0,25.0,0,75.0,3,25.0,1,39.6,2,0,0.0,0,0,0,,,0.0,,,,,,,,,,,,,,,,,,,,,,,,,,,,,,,,,,,,,,,,,,,False
Gavin Mueller,216969,TE,MIAMI FL,4,2.0,0,100.0,,0,0,0,0.0,0,0.93,1,220,0,70.7,62.9,60.2,76.1,52.6,78.3,18,0,6,26.1,6,23,0,72.2,2,56.5,13,17.4,4,87.5,2,0,0.0,0,10,6,3.0,5.0,0.77,,,,,,,,,,,,,,,,,,,,,,,,,,,,,,,,,,,,,,,,,,,False
Troy Stellato,144139,WR,UNLV,2,11.5,0,50.0,,0,0,0,0.0,0,0.46,1,325,0,66.7,61.0,57.6,,57.2,0.0,0,0,9,0.0,0,23,0,55.0,1,87.0,20,17.4,4,62.5,2,0,82.6,19,9,0,0.0,9.0,0.45,,,,,,,,,,,,,,,,,,,,,,,,,,,,,,,,,,,,,,,,,,,False
Kaiden Prothro,217066,TE,GEORGIA,3,1.0,0,50.0,0.0,0,1,0,50.0,1,0.24,1,173,0,24.5,61.0,61.1,70.4,52.1,57.1,8,0,16,35.7,5,14,0,50.0,1,64.3,9,28.6,4,116.7,2,1,14.3,2,16,16,16.0,16.0,1.78,,,,,,,,,,,,,,,,,,,,,,,,,,,,,,,,,,,,,,,,,,,False
Jaden Miller,217150,HB,LA TECH,3,-1.5,0,50.0,,0,0,0,50.0,1,0.05,0,208,0,24.5,76.2,52.4,84.2,41.2,0.0,0,0,6,10.5,4,38,0,38.9,1,86.8,33,0.0,0,56.3,2,0,5.3,2,6,9,9.0,6.0,0.18,,,,,,,,,,,,,,,,,,,,,,,,,,,,,,,,,,,,,,,,,,,False
Legend Bey,217160,HB,OHIO STATE,3,-6.5,3,100.0,,0,0,0,0.0,0,0.64,2,260,0,70.7,72.1,69.0,,89.3,0.0,0,0,25,0.0,0,7,0,71.4,2,100.0,7,0.0,0,158.3,2,1,0.0,0,37,50,25.0,18.5,5.29,,,,,,,,,,,,,,,,,,,,,,,,,,,,,,,,,,,,,,,,,,,False
Massiah Mingo,217353,WR,NEW MEXICO,1,13.0,0,100.0,,0,0,0,0.0,0,0.94,1,241,0,70.7,62.9,73.7,,71.0,0.0,0,0,21,0.0,0,4,0,75.0,2,100.0,4,75.0,3,118.8,2,0,25.0,1,26,0,0.0,13.0,6.5,,,,,,,,,,,,,,,,,,,,,,,,,,,,,,,,,,,,,,,,,,,False
Xavier Butler,217395,HB,GA STATE,2,-3.0,0,50.0,,0,0,0,0.0,0,0.22,0,175,0,66.7,67.3,62.3,,58.7,0.0,0,0,4,0.0,0,9,0,44.4,1,100.0,9,11.1,1,56.3,2,0,0.0,0,4,9,9.0,4.0,0.44,,,,,,,,,,,,,,,,,,,,,,,,,,,,,,,,,,,,,,,,,,,False
Lukas Ungar,131785,TE,VIRGINIA,1,4.0,0,100.0,,0,0,0,0.0,0,0.57,2,335,0,70.7,62.9,86.0,64.0,84.8,50.0,3,0,10,16.7,1,6,0,66.7,2,83.3,5,50.0,3,97.9,2,0,0.0,0,15,7,3.5,7.5,3.0,,,,,,,,,,,,,,,,,,,,,,,,,,,,,,,,,,,,,,,,,,,False
Troy Foster,217628,WR,COLO STATE,2,24.0,0,0.0,0.0,0,1,0,,0,0.1,0,144,0,66.7,61.0,54.3,,54.4,0.0,0,1,0,0.0,0,14,0,38.5,0,92.9,13,14.3,2,0.0,2,0,85.7,12,0,0,,,0.0,,,,,,,,,,,,,,,,,,,,,,,,,,,,,,,,,,,,,,,,,,,False
Keelan Smith,183586,WR,NEBRASKA,3,24.5,0,0.0,0.0,0,1,0,100.0,1,-0.02,0,238,0,16.4,,43.8,,45.2,0.0,0,0,0,0.0,0,5,0,40.0,0,100.0,5,0.0,0,39.6,2,0,100.0,5,0,0,,,0.0,,,,,,,,,,,,,,,,,,,,,,,,,,,,,,,,,,,,,,,,,,,False
Carter Nelson,183573,TE,NEBRASKA,3,-2.0,0,50.0,,0,0,0,0.0,0,0.43,0,238,0,66.7,61.0,47.1,44.0,52.1,42.9,9,0,6,33.3,7,21,0,57.1,1,66.7,14,38.1,8,56.3,2,0,14.3,3,6,8,8.0,6.0,0.43,,,,,,,,,,,,,,,,,,,,,,,,,,,,,,,,,,,,,,,,,,,False
DeJuan Williams,183534,HB,MARYLAND,1,-4.5,1,100.0,,0,0,0,0.0,0,0.46,1,215,0,70.7,68.2,90.0,,77.5,0.0,0,0,27,0.0,0,7,0,71.4,2,100.0,7,28.6,2,118.8,2,0,0.0,0,35,44,22.0,17.5,5.0,,,,,,,,,,,,,,,,,,,,,,,,,,,,,,,,,,,,,,,,,,,False
Micah Welch,183887,HB,COLORADO,4,2.0,0,100.0,,0,0,0,0.0,0,0.37,1,143,0,70.7,55.2,75.0,58.5,63.7,0.0,0,0,13,43.2,16,37,0,47.2,2,56.8,21,0.0,0,100.0,2,0,2.7,1,16,12,6.0,8.0,0.76,,,,,,,,,,,,,,,,,,,,,,,,,,,,,,,,,,,,,,,,,,,False
Josh Ford,183909,TE,ALABAMA,4,14.0,0,50.0,,0,0,0,50.0,1,0.32,1,103,0,24.5,61.0,60.5,33.6,71.9,90.3,28,0,3,54.8,17,31,1,59.3,1,38.7,12,6.5,2,95.8,2,1,0.0,0,3,0,0.0,3.0,0.25,,,,,,,,,,,,,,,,,,,,,,,,,,,,,,,,,,,,,,,,,,,False
Kedren Young,184109,HB,NOTRE DAME,2,-3.0,1,100.0,,0,0,0,0.0,0,0.62,1,258,0,70.7,71.5,59.5,,65.4,0.0,0,0,11,0.0,0,9,0,77.8,2,100.0,9,11.1,1,106.3,2,0,11.1,1,19,25,12.5,9.5,2.11,,,,,,,,,,,,,,,,,,,,,,,,,,,,,,,,,,,,,,,,,,,False
Duncan Brune,184113,HB,OHIO,2,2.0,0,100.0,,0,0,0,0.0,0,0.17,0,259,0,70.7,78.7,58.6,82.3,60.9,0.0,0,0,14,25.0,11,44,0,43.9,2,70.5,31,0.0,0,114.6,2,0,0.0,0,23,19,9.5,11.5,0.74,,,,,,,,,,,,,,,,,,,,,,,,,,,,,,,,,,,,,,,,,,,False
Tashi Braceful,184123,WR,TOLEDO,1,22.5,0,50.0,,0,0,0,0.0,0,-1.71,1,316,0,66.7,61.0,68.2,,67.5,0.0,0,0,11,0.0,0,5,0,20.0,1,100.0,5,0.0,0,66.7,2,0,100.0,5,11,5,5.0,11.0,2.2,,,,,,,,,,,,,,,,,,,,,,,,,,,,,,,,,,,,,,,,,,,False
Jae Beasley II,184203,TE,UNLV,4,7.0,0,100.0,,0,0,0,0.0,0,0.77,2,325,0,70.7,66.2,82.6,75.1,76.6,80.0,20,0,16,56.0,14,25,1,54.2,2,44.0,11,8.0,2,118.8,2,0,4.0,1,31,17,8.5,15.5,2.82,,,,,,,,,,,,,,,,,,,,,,,,,,,,,,,,,,,,,,,,,,,False
Cam Wallace,170302,HB,PENN STATE,3,-2.0,1,100.0,,0,0,0,0.0,0,-0.36,0,266,0,66.7,77.3,77.4,78.1,57.2,0.0,0,0,7,25.0,4,16,0,37.5,1,75.0,12,6.3,1,95.8,1,0,6.3,1,7,9,9.0,7.0,0.58,,,,,,,,,,,,,,,,,,,,,,,,,,,,,,,,,,,,,,,,,,,False
Jaden Allen-Hendrix,188719,HB,COAST CAR,3,29.0,0,100.0,,0,0,0,0.0,0,0.06,1,141,0,66.7,72.6,63.8,0.0,69.4,0.0,0,0,33,40.0,6,15,0,30.8,1,53.3,8,0.0,0,118.8,1,0,0.0,0,33,4,4.0,33.0,4.13,,,,,,,,,,,,,,,,,,,,,,,,,,,,,,,,,,,,,,,,,,,False
Donovan Delaney Jr.,170309,HB,KENT STATE,2,-4.0,0,100.0,,0,0,0,0.0,0,-0.5,0,201,0,66.7,73.1,61.9,0.0,59.2,0.0,0,0,4,12.5,1,8,0,25.0,1,87.5,7,12.5,1,83.3,1,0,0.0,0,4,8,8.0,4.0,0.57,,,,,,,,,,,,,,,,,,,,,,,,,,,,,,,,,,,,,,,,,,,False
Quandre Coates,204110,TE,LA LAFAYET,2,0.0,0,100.0,,0,0,0,0.0,0,1.23,0,207,0,66.7,61.0,56.0,,57.7,60.0,3,0,12,0.0,0,5,0,80.0,1,100.0,5,20.0,1,116.7,1,0,20.0,1,12,12,12.0,12.0,2.4,,,,,,,,,,,,,,,,,,,,,,,,,,,,,,,,,,,,,,,,,,,False
Jovantae Barnes,158085,HB,KENTUCKY,2,-1.0,0,100.0,,0,0,0,0.0,0,-0.48,0,202,0,66.7,73.6,83.3,75.3,63.2,0.0,0,0,4,42.9,3,7,0,42.9,1,57.1,4,0.0,0,83.3,1,0,0.0,0,4,5,5.0,4.0,1.0,,,,,,,,,,,,,,,,,,,,,,,,,,,,,,,,,,,,,,,,,,,False
Jake Norris,175255,TE,NAVY,3,5.0,0,0.0,0.0,0,1,0,,0,0.63,0,237,0,,,55.8,68.6,50.0,92.3,12,0,0,23.1,3,13,1,60.0,0,69.2,9,0.0,0,39.6,1,0,7.7,1,0,0,,,0.0,,,,,,,,,,,,,,,,,,,,,,,,,,,,,,,,,,,,,,,,,,,False
Braxton Jennings,204133,HB,LOUISVILLE,1,-4.0,0,100.0,,0,0,0,0.0,0,0.34,1,210,0,66.7,68.9,86.3,67.5,78.7,0.0,0,0,2,25.0,1,4,0,75.0,1,75.0,3,25.0,1,118.8,1,1,0.0,0,2,6,6.0,2.0,0.67,,,,,,,,,,,,,,,,,,,,,,,,,,,,,,,,,,,,,,,,,,,False
Jasper Parker,204140,HB,ARKANSAS,4,-1.0,0,100.0,,0,0,0,0.0,0,0.43,1,111,0,66.7,72.0,64.6,7.1,63.0,0.0,0,0,21,13.3,2,15,0,64.3,1,80.0,12,0.0,0,118.8,1,0,6.7,1,21,22,22.0,21.0,1.75,,,,,,,,,,,,,,,,,,,,,,,,,,,,,,,,,,,,,,,,,,,False
Xavier Ford,204153,HB,MINNESOTA,2,5.0,0,0.0,,0,0,0,,0,-0.57,0,225,0,,75.5,74.9,71.7,57.3,0.0,0,0,0,50.0,3,6,0,50.0,0,50.0,3,0.0,0,39.6,1,0,0.0,0,0,0,,,0.0,,,,,,,,,,,,,,,,,,,,,,,,,,,,,,,,,,,,,,,,,,,False
Bradley Martino,204161,WR,MINNESOTA,1,2.0,0,100.0,,0,0,0,0.0,0,0.1,1,225,0,66.7,61.0,56.6,,56.3,0.0,0,0,6,0.0,0,7,0,71.4,1,100.0,7,0.0,0,91.7,1,0,100.0,7,6,4,4.0,6.0,0.86,,,,,,,,,,,,,,,,,,,,,,,,,,,,,,,,,,,,,,,,,,,False
Joseph McVay,188520,WR,VANDERBILT,3,26.0,0,0.0,0.0,0,1,0,,0,-0.16,0,333,0,,,54.6,,54.8,0.0,0,0,0,0.0,0,11,0,36.4,0,100.0,11,9.1,1,39.6,1,0,81.8,9,0,0,,,0.0,,,,,,,,,,,,,,,,,,,,,,,,,,,,,,,,,,,,,,,,,,,False
O'Lontae Dean,198552,HB,IOWA,2,6.0,0,0.0,,0,0,0,,0,-0.51,0,192,0,,73.5,68.9,,57.8,0.0,0,0,0,0.0,0,3,0,33.3,0,100.0,3,0.0,0,39.6,1,0,0.0,0,0,0,,,0.0,,,,,,,,,,,,,,,,,,,,,,,,,,,,,,,,,,,,,,,,,,,False
Andrew Barker,198545,TE,INDIANA,4,2.0,0,100.0,,0,0,0,0.0,0,0.54,0,190,0,66.7,61.0,53.9,74.2,48.2,63.5,33,0,6,40.4,21,52,0,59.6,1,53.8,28,21.2,11,91.7,1,0,7.7,4,6,4,4.0,6.0,0.21,,,,,,,,,,,,,,,,,,,,,,,,,,,,,,,,,,,,,,,,,,,False
Terron Kellman,158048,HB,LIBERTY,3,-5.0,0,100.0,,0,0,0,0.0,0,-0.02,1,206,0,66.7,74.0,76.9,74.0,64.3,0.0,0,0,21,25.0,3,12,0,27.3,1,66.7,8,8.3,1,158.3,1,1,8.3,1,21,26,26.0,21.0,2.63,,,,,,,,,,,,,,,,,,,,,,,,,,,,,,,,,,,,,,,,,,,False
Chris Elko,175360,WR,GA TECH,1,15.0,0,0.0,,0,0,0,,0,-1.29,0,176,0,,,55.9,,56.6,0.0,0,0,0,0.0,0,3,0,0.0,0,100.0,3,33.3,1,39.6,1,0,66.7,2,0,0,,,0.0,,,,,,,,,,,,,,,,,,,,,,,,,,,,,,,,,,,,,,,,,,,False
Tyran Evans,216991,WR,MIAMI FL,1,5.0,0,100.0,,0,0,0,0.0,0,-1.02,0,220,0,66.7,61.0,56.1,,55.5,0.0,0,0,5,0.0,0,9,0,44.4,1,100.0,9,0.0,0,87.5,1,0,100.0,9,5,0,0.0,5.0,0.56,,,,,,,,,,,,,,,,,,,,,,,,,,,,,,,,,,,,,,,,,,,False
Jesse Ofurie,170314,CB,RUTGERS,1,14.0,0,100.0,,0,0,0,0.0,0,3.58,1,278,0,66.7,61.0,79.5,,87.7,0.0,0,0,40,0.0,0,1,0,100.0,1,100.0,1,0.0,0,118.8,1,0,0.0,0,40,26,26.0,40.0,40.0,,,,,,,,,,,,,,,,,,,,,,,,,,,,,,,,,,,,,,,,,,,False
Angel Toombs,170329,ED,JVILLE ST,1,1.0,0,100.0,,0,0,0,0.0,0,2.32,1,196,0,66.7,61.0,88.3,,89.3,0.0,0,0,7,0.0,0,1,0,100.0,1,100.0,1,0.0,0,95.8,1,0,0.0,0,7,6,6.0,7.0,7.0,,,,,,,,,,,,,,,,,,,,,,,,,,,,,,,,,,,,,,,,,,,False
Synkwan Smith,204271,HB,PITTSBURGH,1,5.0,0,100.0,,0,0,0,0.0,0,0.3,1,268,0,66.7,73.1,69.7,14.8,77.9,0.0,0,0,14,20.0,2,10,0,55.6,1,80.0,8,10.0,1,118.8,1,0,0.0,0,14,9,9.0,14.0,1.75,,,,,,,,,,,,,,,,,,,,,,,,,,,,,,,,,,,,,,,,,,,False
Cam Ball,157957,TE,W VIRGINIA,4,26.0,0,0.0,,0,0,0,,0,0.29,0,343,0,,,54.8,68.9,51.7,46.2,6,0,0,23.1,3,13,1,58.3,0,69.2,9,46.2,6,39.6,1,0,0.0,0,0,0,,,0.0,,,,,,,,,,,,,,,,,,,,,,,,,,,,,,,,,,,,,,,,,,,False
Mark-Anthony Scott Jr.,157945,WR,BUFFALO,2,-4.0,0,100.0,,0,0,0,0.0,0,-1.55,0,126,0,66.7,61.0,59.1,,59.3,0.0,0,0,-3,0.0,0,4,0,0.0,1,100.0,4,100.0,4,79.2,1,0,0.0,0,-3,1,1.0,-3.0,-0.75,,,,,,,,,,,,,,,,,,,,,,,,,,,,,,,,,,,,,,,,,,,False
Teriq Mallory,198445,WR,FLORIDA ST,1,10.0,0,0.0,0.0,0,1,0,,0,-0.52,0,167,0,,,56.7,,56.9,0.0,0,0,0,0.0,0,4,0,25.0,0,100.0,4,25.0,1,39.6,1,0,75.0,3,0,0,,,0.0,,,,,,,,,,,,,,,,,,,,,,,,,,,,,,,,,,,,,,,,,,,False
Tylik Hill,204299,HB,SYRACUSE,1,-6.0,0,100.0,,0,0,0,0.0,0,0.32,0,304,0,66.7,76.5,71.3,80.4,56.7,0.0,0,0,5,44.4,12,27,0,52.0,1,55.6,15,3.7,1,87.5,1,0,3.7,1,5,11,11.0,5.0,0.33,,,,,,,,,,,,,,,,,,,,,,,,,,,,,,,,,,,,,,,,,,,False
David Omopariola,170386,ED,SYRACUSE,1,9.0,0,100.0,,0,0,0,0.0,0,2.37,1,304,0,66.7,61.0,85.9,,87.7,0.0,0,0,12,0.0,0,1,0,100.0,1,100.0,1,0.0,0,116.7,1,0,0.0,0,12,3,3.0,12.0,12.0,,,,,,,,,,,,,,,,,,,,,,,,,,,,,,,,,,,,,,,,,,,False
Bryson Wood,222425,TE,COAST CAR,1,14.0,0,0.0,0.0,0,1,0,,0,-3.76,0,141,0,,,56.6,,57.7,100.0,1,0,0,0.0,0,1,0,0.0,0,100.0,1,0.0,0,39.6,1,0,0.0,0,0,0,,,0.0,,,,,,,,,,,,,,,,,,,,,,,,,,,,,,,,,,,,,,,,,,,False
Rameir Hardy,204325,WR,TEMPLE,1,13.0,0,0.0,,0,0,0,,0,0.57,0,306,0,,,56.2,,57.4,0.0,0,0,0,0.0,0,2,0,50.0,0,100.0,2,0.0,0,39.6,1,0,100.0,2,0,0,,,0.0,,,,,,,,,,,,,,,,,,,,,,,,,,,,,,,,,,,,,,,,,,,False
Caden Creel,170414,QB,JVILLE ST,5,15.0,0,100.0,,0,0,0,0.0,0,0.34,1,196,0,66.7,61.6,68.6,,87.9,0.0,0,0,16,0.0,0,160,0,57.9,1,0.6,1,0.0,0,118.8,1,0,0.0,0,16,1,1.0,16.0,16.0,,,,,,,,,,,,,,,,,,,,,,,,,,,,,,,,,,,,,,,,,,,False
Grayson Tempest,127630,WR,TULSA,3,2.0,0,100.0,,0,0,0,0.0,0,0.0,0,320,0,66.7,61.0,55.7,,55.7,0.0,0,0,5,0.0,0,9,0,42.9,1,77.8,7,0.0,0,87.5,1,0,100.0,9,5,3,3.0,5.0,0.71,,,,,,,,,,,,,,,,,,,,,,,,,,,,,,,,,,,,,,,,,,,False
Cole Powell,198388,T,E MICHIGAN,1,-7.0,0,100.0,,0,0,0,0.0,0,0.23,0,160,0,70.1,60.9,52.1,0.0,65.1,0.0,0,0,-4,100.0,6,6,0,66.7,1,0.0,0,0.0,0,79.2,1,0,0.0,0,-4,3,3.0,-4.0,,,,,,,,,,,,,,,,,,,,,,,,,,,,,,,,,,,,,,,,,,,,False
Blake Baker,170448,QB,LA TECH,2,0.0,0,100.0,100.0,1,1,0,0.0,0,-0.2,0,208,1,66.7,40.8,53.9,,60.8,0.0,0,0,0,0.0,0,51,0,34.0,1,2.0,1,0.0,0,79.2,1,0,0.0,0,0,0,0.0,0.0,0.0,,,,,,,,,,,,,,,,,,,,,,,,,,,,,,,,,,,,,,,,,,,False
Brody Dawyot,217065,TE,CHARLOTTE,2,0.0,0,100.0,,0,0,0,0.0,0,-0.13,0,136,0,66.7,61.0,56.4,65.3,52.6,54.5,6,0,5,9.1,1,11,0,45.5,1,90.9,10,45.5,5,87.5,1,0,0.0,0,5,5,5.0,5.0,0.5,,,,,,,,,,,,,,,,,,,,,,,,,,,,,,,,,,,,,,,,,,,False
Adam Damante,170711,QB,NEW MEX ST,3,-5.0,0,100.0,,0,0,0,0.0,0,0.06,0,242,0,,71.6,90.9,,,0.0,0,0,-4,0.0,0,53,0,52.9,1,0.0,0,0.0,0,79.2,1,0,0.0,0,-4,1,1.0,-4.0,,,,,,,,,,,,,,,,,,,,,,,,,,,,,,,,,,,,,,,,,,,,False
Rodney Nelson,170887,HB,MIAMI OH,4,6.0,0,100.0,,0,0,0,0.0,0,0.5,1,221,0,66.7,78.7,60.2,62.4,62.2,5.6,2,0,23,77.8,28,36,0,47.1,1,22.2,8,5.6,2,118.8,1,0,0.0,0,23,17,17.0,23.0,2.88,,,,,,,,,,,,,,,,,,,,,,,,,,,,,,,,,,,,,,,,,,,False
Byron Louis,204487,HB,FLORIDA,2,0.0,3,100.0,,0,0,0,0.0,0,0.39,1,163,0,66.7,70.7,82.4,69.8,91.8,0.0,0,0,32,12.5,1,8,0,62.5,1,87.5,7,12.5,1,118.8,1,0,0.0,0,32,32,32.0,32.0,4.57,,,,,,,,,,,,,,,,,,,,,,,,,,,,,,,,,,,,,,,,,,,False
Jack Lua,204506,TE,S DIEGO ST,3,0.0,0,100.0,,0,0,0,0.0,0,0.11,1,284,0,66.7,61.0,71.9,73.6,59.8,60.0,6,0,10,30.0,3,10,0,55.6,1,60.0,6,20.0,2,108.3,1,0,0.0,0,10,10,10.0,10.0,1.67,,,,,,,,,,,,,,,,,,,,,,,,,,,,,,,,,,,,,,,,,,,False
Jordin Thomas,204516,HB,S DIEGO ST,4,1.0,0,100.0,,0,0,0,0.0,0,-0.88,0,284,0,66.7,24.5,61.8,21.7,58.5,0.0,0,0,7,50.0,6,12,0,25.0,1,50.0,6,8.3,1,95.8,1,0,8.3,1,7,6,6.0,7.0,1.17,,,,,,,,,,,,,,,,,,,,,,,,,,,,,,,,,,,,,,,,,,,False
Zion Johnson,198264,HB,CINCINNATI,3,-6.0,0,100.0,,0,0,0,0.0,0,0.82,1,138,0,66.7,27.7,57.3,73.0,68.2,0.0,0,0,11,23.1,3,13,0,75.0,1,69.2,9,0.0,0,112.5,1,0,0.0,0,11,17,17.0,11.0,1.22,,,,,,,,,,,,,,,,,,,,,,,,,,,,,,,,,,,,,,,,,,,False
Shane Rosenthal,204526,WR,UCLA,4,40.0,0,0.0,,0,0,0,,0,-0.29,0,324,0,,,51.4,,52.5,0.0,0,0,0,0.0,0,22,0,40.9,0,100.0,22,54.5,12,39.6,1,0,45.5,10,0,0,,,0.0,,,,,,,,,,,,,,,,,,,,,,,,,,,,,,,,,,,,,,,,,,,False
Debron Gatling,184491,WR,GA TECH,4,11.0,0,100.0,,0,0,0,0.0,0,0.58,1,176,0,66.7,61.0,65.5,,65.0,0.0,0,0,33,0.0,0,16,0,50.0,1,100.0,16,43.8,7,158.3,1,1,56.3,9,33,22,22.0,33.0,2.06,,,,,,,,,,,,,,,,,,,,,,,,,,,,,,,,,,,,,,,,,,,False
Benny Haselrig,175417,WR,PITTSBURGH,1,38.0,0,0.0,,0,0,0,,0,0.54,0,268,0,,,55.5,,55.9,0.0,0,0,0,0.0,0,5,0,60.0,0,100.0,5,0.0,0,39.6,1,0,100.0,5,0,0,,,0.0,,,,,,,,,,,,,,,,,,,,,,,,,,,,,,,,,,,,,,,,,,,False
Zach Courtney,157704,TE,COAST CAR,1,28.0,0,0.0,0.0,0,1,0,,0,-0.24,0,141,0,,,60.7,67.9,53.8,100.0,7,0,0,28.6,2,7,0,60.0,0,42.9,3,0.0,0,39.6,1,0,0.0,0,0,0,,,0.0,,,,,,,,,,,,,,,,,,,,,,,,,,,,,,,,,,,,,,,,,,,False
Caleb Tucker,217072,WR,CHARLOTTE,2,-2.0,0,0.0,,0,0,0,,0,-0.36,0,136,0,,,47.5,,48.7,0.0,0,0,0,0.0,0,15,0,21.4,0,93.3,14,100.0,15,39.6,1,0,0.0,0,0,0,,,0.0,,,,,,,,,,,,,,,,,,,,,,,,,,,,,,,,,,,,,,,,,,,False
Romel Stevens,204640,WR,ARK STATE,1,12.0,0,0.0,,0,0,0,,0,0.53,0,113,0,,,50.6,,48.2,0.0,0,0,0,0.0,0,3,0,66.7,0,100.0,3,0.0,0,39.6,1,0,100.0,3,0,0,,,0.0,,,,,,,,,,,,,,,,,,,,,,,,,,,,,,,,,,,,,,,,,,,False
Finn Furmanek,175491,TE,PENN STATE,4,21.0,0,100.0,,0,0,0,0.0,0,0.15,1,266,0,66.7,61.0,55.9,70.6,59.5,65.0,13,0,31,20.0,4,20,1,58.8,1,70.0,14,25.0,5,118.8,1,0,5.0,1,31,10,10.0,31.0,2.21,,,,,,,,,,,,,,,,,,,,,,,,,,,,,,,,,,,,,,,,,,,False
Stroman Bridges,204694,HB,ARMY,3,-4.0,0,100.0,,0,0,0,0.0,0,0.02,0,114,0,66.7,64.3,71.4,71.2,57.2,37.5,3,0,7,25.0,2,8,1,37.5,1,75.0,6,0.0,0,95.8,1,0,25.0,2,7,11,11.0,7.0,1.17,,,,,,,,,,,,,,,,,,,,,,,,,,,,,,,,,,,,,,,,,,,False
Dallas Dickerson,217078,WR,GEORGIA,2,-1.0,1,100.0,,0,0,0,0.0,0,0.48,1,173,0,66.7,61.0,67.9,,66.6,0.0,0,0,17,0.0,0,5,0,80.0,1,100.0,5,20.0,1,118.8,1,0,80.0,4,17,18,18.0,17.0,3.4,,,,,,,,,,,,,,,,,,,,,,,,,,,,,,,,,,,,,,,,,,,False
Kellen Davis,198258,TE,CINCINNATI,1,4.0,0,100.0,,0,0,0,0.0,0,-1.1,0,138,0,66.7,61.0,50.8,,59.4,66.7,2,0,5,0.0,0,3,0,0.0,1,100.0,3,33.3,1,87.5,1,0,0.0,0,5,1,1.0,5.0,1.67,,,,,,,,,,,,,,,,,,,,,,,,,,,,,,,,,,,,,,,,,,,False
Tobi Olawole,170999,TE,ARMY,2,35.0,0,100.0,,0,0,0,0.0,0,0.58,1,114,0,66.7,61.0,71.1,,78.0,57.1,4,0,37,0.0,0,7,1,57.1,1,100.0,7,14.3,1,118.8,1,0,28.6,2,37,2,2.0,37.0,5.29,,,,,,,,,,,,,,,,,,,,,,,,,,,,,,,,,,,,,,,,,,,False
Michael Gelatko,204733,TE,BUFFALO,1,18.0,0,100.0,,0,0,0,0.0,0,-0.05,1,126,0,66.7,61.0,88.6,64.6,83.5,40.0,2,0,22,20.0,1,5,0,25.0,1,80.0,4,60.0,3,118.8,1,0,0.0,0,22,4,4.0,22.0,5.5,,,,,,,,,,,,,,,,,,,,,,,,,,,,,,,,,,,,,,,,,,,False
Kurt Thompson,171020,TE,ARMY,1,6.0,0,0.0,,0,0,0,,0,-0.09,0,114,0,,,68.6,64.5,57.8,33.3,1,0,0,33.3,1,3,0,50.0,0,33.3,1,0.0,0,39.6,1,0,66.7,2,0,0,,,0.0,,,,,,,,,,,,,,,,,,,,,,,,,,,,,,,,,,,,,,,,,,,False
Collin Payne,204750,WR,C MICHIGAN,1,-4.0,0,100.0,,0,0,0,0.0,0,-0.65,0,134,0,66.7,61.0,61.1,,60.7,0.0,0,0,6,0.0,0,2,0,0.0,1,100.0,2,100.0,2,91.7,1,0,0.0,0,6,10,10.0,6.0,3.0,,,,,,,,,,,,,,,,,,,,,,,,,,,,,,,,,,,,,,,,,,,False
Brody Schaffer,222699,WR,IOWA,2,5.0,0,0.0,,0,0,0,100.0,1,-0.53,0,192,0,16.4,,46.9,,45.9,0.0,0,0,0,0.0,0,6,0,33.3,0,100.0,6,16.7,1,39.6,1,0,83.3,5,0,0,,,0.0,,,,,,,,,,,,,,,,,,,,,,,,,,,,,,,,,,,,,,,,,,,False
Dillon Galloway,198103,TE,APP STATE,1,11.0,0,100.0,,0,0,0,0.0,0,0.24,1,108,0,66.7,61.0,62.7,68.3,72.1,85.7,6,0,49,28.6,2,7,0,66.7,1,71.4,5,0.0,0,118.8,1,0,0.0,0,49,38,38.0,49.0,9.8,,,,,,,,,,,,,,,,,,,,,,,,,,,,,,,,,,,,,,,,,,,False
Malichi Greaves,204823,FB,COLO STATE,1,-6.0,0,100.0,,0,0,0,0.0,0,-0.08,0,144,0,66.7,66.3,63.3,,60.4,0.0,0,0,5,0.0,0,2,0,50.0,1,100.0,2,50.0,1,87.5,1,0,0.0,0,5,11,11.0,5.0,2.5,,,,,,,,,,,,,,,,,,,,,,,,,,,,,,,,,,,,,,,,,,,False
Bobby Mears,175495,TE,PENN STATE,1,6.0,0,100.0,,0,0,0,0.0,0,0.75,1,266,0,66.7,61.0,72.5,67.7,77.7,80.0,4,0,12,20.0,1,5,0,60.0,1,80.0,4,20.0,1,116.7,1,0,0.0,0,12,6,6.0,12.0,3.0,,,,,,,,,,,,,,,,,,,,,,,,,,,,,,,,,,,,,,,,,,,False
Keelon Russell,198077,QB,ALABAMA,4,-5.0,2,100.0,,0,0,0,0.0,0,0.49,0,103,1,,61.3,91.9,,,0.0,0,0,-10,0.0,0,146,4,60.4,1,0.0,0,0.0,0,79.2,1,0,0.0,0,-10,-5,-5.0,-10.0,,,,,,,,,,,,,,,,,,,,,,,,,,,,,,,,,,,,,,,,,,,,False
Mason Hayes,198071,FB,AIR FORCE,2,1.0,0,100.0,,0,0,0,0.0,0,1.01,0,101,0,66.7,64.8,85.1,,62.3,0.0,0,0,1,0.0,0,3,0,66.7,1,66.7,2,33.3,1,79.2,1,0,0.0,0,1,0,0.0,1.0,0.5,,,,,,,,,,,,,,,,,,,,,,,,,,,,,,,,,,,,,,,,,,,False
D'Ontae Fulton,204887,WR,GA STATE,2,6.0,0,100.0,,0,0,0,0.0,0,0.39,0,175,0,66.7,65.3,56.0,,56.4,0.0,0,0,6,0.0,0,8,0,62.5,1,100.0,8,12.5,1,91.7,1,0,87.5,7,6,0,0.0,6.0,0.75,,,,,,,,,,,,,,,,,,,,,,,,,,,,,,,,,,,,,,,,,,,False
Jamal Bing Jr.,177473,HB,GA STATE,1,-1.0,1,100.0,,0,0,0,0.0,0,0.29,1,175,0,66.7,69.9,57.3,,78.2,0.0,0,0,15,0.0,0,2,0,50.0,1,100.0,2,0.0,0,118.8,1,0,0.0,0,15,16,16.0,15.0,7.5,,,,,,,,,,,,,,,,,,,,,,,,,,,,,,,,,,,,,,,,,,,False
Jack Larsen,184098,TE,NOTRE DAME,4,6.0,0,0.0,0.0,0,1,0,,0,0.34,0,258,0,,,42.2,69.6,49.4,34.5,10,0,0,17.2,5,29,1,57.1,0,79.3,23,58.6,17,39.6,1,0,6.9,2,0,0,,,0.0,,,,,,,,,,,,,,,,,,,,,,,,,,,,,,,,,,,,,,,,,,,False
John Hebert,218347,HB,HOUSTON,1,-3.0,3,100.0,,0,0,0,0.0,0,1.95,1,182,0,66.7,71.0,88.7,,91.2,0.0,0,0,20,0.0,0,2,0,100.0,1,100.0,2,0.0,0,158.3,1,1,0.0,0,20,23,23.0,20.0,10.0,,,,,,,,,,,,,,,,,,,,,,,,,,,,,,,,,,,,,,,,,,,False
KK Smith,171099,WR,MICH STATE,1,10.0,0,100.0,,0,0,0,0.0,0,-0.85,0,223,0,66.7,61.0,67.9,,66.5,0.0,0,0,10,0.0,0,6,0,40.0,1,83.3,5,0.0,0,108.3,1,0,100.0,6,10,0,0.0,10.0,2.0,,,,,,,,,,,,,,,,,,,,,,,,,,,,,,,,,,,,,,,,,,,False
Elijah Washington-Baker,197629,TE,SYRACUSE,3,11.0,0,0.0,0.0,0,1,0,,0,-0.05,0,304,0,,64.2,48.6,40.9,52.3,76.5,13,0,0,58.8,10,17,0,50.0,0,41.2,7,11.8,2,39.6,1,0,5.9,1,0,0,,,0.0,,,,,,,,,,,,,,,,,,,,,,,,,,,,,,,,,,,,,,,,,,,False
Evan Boyd,171223,WR,IOWA STATE,2,3.0,0,100.0,,0,0,0,0.0,0,0.0,0,193,0,66.7,61.0,54.7,,54.6,0.0,0,0,6,0.0,0,14,0,33.3,1,85.7,12,14.3,2,91.7,1,0,85.7,12,6,3,3.0,6.0,0.5,,,,,,,,,,,,,,,,,,,,,,,,,,,,,,,,,,,,,,,,,,,False
Ezra Burgess,188333,TE,ARK STATE,4,0.0,0,0.0,,0,0,0,,0,-0.69,0,113,0,,,62.6,71.3,52.3,80.0,12,1,0,46.7,7,15,1,50.0,0,53.3,8,13.3,2,0.0,1,0,0.0,0,0,0,,,0.0,,,,,,,,,,,,,,,,,,,,,,,,,,,,,,,,,,,,,,,,,,,False
Arrion Concepcion,204961,WR,JAMES MAD,1,16.0,0,100.0,,0,0,0,0.0,0,0.82,1,197,0,66.7,61.0,79.0,,74.6,0.0,0,0,16,0.0,0,1,0,100.0,1,100.0,1,100.0,1,118.8,1,0,0.0,0,16,0,0.0,16.0,16.0,,,,,,,,,,,,,,,,,,,,,,,,,,,,,,,,,,,,,,,,,,,False
Erik Ronning,204967,WR,KENNESAW,1,38.0,0,0.0,,0,0,0,,0,-1.58,0,200,0,,,57.4,,58.0,0.0,0,1,0,0.0,0,2,0,0.0,0,100.0,2,0.0,0,0.0,1,0,100.0,2,0,0,,,0.0,,,,,,,,,,,,,,,,,,,,,,,,,,,,,,,,,,,,,,,,,,,False
Everett Hunter,171557,TE,S ALABAMA,4,4.0,0,100.0,,0,0,0,0.0,0,-0.15,0,288,0,66.7,61.0,54.2,52.0,49.5,73.6,39,0,6,41.5,22,53,1,38.8,1,52.8,28,13.2,7,91.7,1,0,13.2,7,6,2,2.0,6.0,0.21,,,,,,,,,,,,,,,,,,,,,,,,,,,,,,,,,,,,,,,,,,,False
DeJuan Lacy,178849,HB,E CAROLINA,1,-1.0,0,100.0,,0,0,0,0.0,0,-0.69,0,156,0,66.7,67.8,60.9,55.8,58.1,0.0,0,0,0,45.5,5,11,0,30.0,1,54.5,6,27.3,3,79.2,1,0,0.0,0,0,1,1.0,0.0,0.0,,,,,,,,,,,,,,,,,,,,,,,,,,,,,,,,,,,,,,,,,,,False
Aviyon Smith-Mack,171609,WR,SM HOUSTON,1,3.0,0,100.0,,0,0,0,0.0,0,0.71,0,281,0,66.7,61.0,61.1,,56.8,0.0,0,0,3,0.0,0,5,0,40.0,1,100.0,5,100.0,5,79.2,1,0,0.0,0,3,0,0.0,3.0,0.6,,,,,,,,,,,,,,,,,,,,,,,,,,,,,,,,,,,,,,,,,,,False
Jeremiah Carroll,180388,WR,W KENTUCKY,1,2.0,0,100.0,,0,0,0,0.0,0,-0.16,0,346,0,66.7,61.0,60.1,,60.3,0.0,0,0,3,0.0,0,1,0,0.0,1,100.0,1,100.0,1,79.2,1,0,0.0,0,3,1,1.0,3.0,3.0,,,,,,,,,,,,,,,,,,,,,,,,,,,,,,,,,,,,,,,,,,,False
David Pierro,205007,WR,LA TECH,2,-1.0,0,100.0,,0,0,0,0.0,0,-0.44,0,208,0,66.7,64.3,57.7,,58.3,0.0,0,0,3,0.0,0,4,0,50.0,1,100.0,4,100.0,4,79.2,1,0,0.0,0,3,4,4.0,3.0,0.75,,,,,,,,,,,,,,,,,,,,,,,,,,,,,,,,,,,,,,,,,,,False
Maxence LeBlanc,193184,TE,OHIO STATE,3,4.0,0,100.0,,0,0,0,0.0,0,-0.58,0,260,0,66.7,61.0,51.9,68.4,54.1,54.5,6,0,6,9.1,1,11,0,27.3,1,90.9,10,36.4,4,91.7,1,0,0.0,0,6,2,2.0,6.0,0.6,,,,,,,,,,,,,,,,,,,,,,,,,,,,,,,,,,,,,,,,,,,False
Isaiah Watson,217627,WR,COLO STATE,1,-2.0,0,100.0,,0,0,0,0.0,0,-0.08,0,144,0,66.7,61.0,59.3,,59.4,0.0,0,0,4,0.0,0,2,0,50.0,1,100.0,2,100.0,2,83.3,1,0,0.0,0,4,6,6.0,4.0,2.0,,,,,,,,,,,,,,,,,,,,,,,,,,,,,,,,,,,,,,,,,,,False
William Fierro,183249,HB,SMU,1,-1.0,0,100.0,,0,0,0,0.0,0,0.21,0,287,0,66.7,68.9,55.5,77.2,60.3,0.0,0,0,1,54.5,6,11,0,50.0,1,45.5,5,9.1,1,79.2,1,0,0.0,0,1,2,2.0,1.0,0.2,,,,,,,,,,,,,,,,,,,,,,,,,,,,,,,,,,,,,,,,,,,False
Rafeald Campbell,188307,WR,UTEP,2,5.0,0,100.0,,0,0,0,0.0,0,-0.61,1,330,0,66.7,61.0,68.1,,67.2,0.0,0,0,8,0.0,0,6,0,16.7,1,100.0,6,33.3,2,100.0,1,0,66.7,4,8,3,3.0,8.0,1.33,,,,,,,,,,,,,,,,,,,,,,,,,,,,,,,,,,,,,,,,,,,False
CJ Phillip,218066,HB,LA MONROE,4,21.0,0,0.0,,0,0,0,,0,-0.65,0,209,0,,73.5,75.3,84.1,54.5,0.0,0,0,0,42.1,8,19,0,26.3,0,57.9,11,15.8,3,39.6,1,0,0.0,0,0,0,,,0.0,,,,,,,,,,,,,,,,,,,,,,,,,,,,,,,,,,,,,,,,,,,False
Dillon Alfred,205076,WR,OLE MISS,1,13.0,0,100.0,,0,0,0,0.0,0,-0.34,1,226,0,66.7,61.0,77.1,,75.3,16.7,1,0,34,0.0,0,6,0,33.3,1,100.0,6,16.7,1,118.8,1,0,66.7,4,34,21,21.0,34.0,5.67,,,,,,,,,,,,,,,,,,,,,,,,,,,,,,,,,,,,,,,,,,,False
James Lee,227354,HB,ARK STATE,3,-5.0,0,100.0,,0,0,0,0.0,0,-0.83,0,113,0,66.7,75.5,78.6,76.7,60.3,0.0,0,0,0,27.3,3,11,0,18.2,1,72.7,8,0.0,0,79.2,1,0,0.0,0,0,5,5.0,0.0,0.0,,,,,,,,,,,,,,,,,,,,,,,,,,,,,,,,,,,,,,,,,,,False
Jase Hoath,171819,TE,LA MONROE,3,6.0,0,100.0,,0,0,0,0.0,0,-0.95,1,209,0,66.7,61.0,68.3,74.7,70.9,91.7,11,0,1,41.7,5,12,1,33.3,1,58.3,7,8.3,1,118.8,1,1,0.0,0,1,0,0.0,1.0,0.14,,,,,,,,,,,,,,,,,,,,,,,,,,,,,,,,,,,,,,,,,,,False
Brady Rhoads,193139,TE,CHARLOTTE,3,23.0,0,0.0,,0,0,0,,0,-0.54,0,136,0,,61.9,48.8,73.0,52.3,18.2,2,0,0,18.2,2,11,1,36.4,0,81.8,9,45.5,5,39.6,1,0,0.0,0,0,0,,,0.0,,,,,,,,,,,,,,,,,,,,,,,,,,,,,,,,,,,,,,,,,,,False
Malachi Riley,171866,WR,S JOSE ST,2,6.0,0,100.0,,0,0,0,0.0,0,0.16,0,285,0,66.7,61.0,60.6,,60.2,0.0,0,0,8,0.0,0,13,0,61.5,1,100.0,13,0.0,0,100.0,1,0,100.0,13,8,2,2.0,8.0,0.62,,,,,,,,,,,,,,,,,,,,,,,,,,,,,,,,,,,,,,,,,,,False
Javen Nicholas,157109,WR,DUKE,1,-3.0,2,100.0,,0,0,0,0.0,0,1.14,0,154,0,66.7,61.0,59.1,,59.0,0.0,0,0,-1,0.0,0,3,0,66.7,1,100.0,3,33.3,1,79.2,1,0,66.7,2,-1,2,2.0,-1.0,-0.33,,,,,,,,,,,,,,,,,,,,,,,,,,,,,,,,,,,,,,,,,,,False
Blake Rohrer,218255,WR,DUKE,1,14.0,0,0.0,,0,0,0,,0,0.25,0,154,0,,,56.1,,55.1,0.0,0,0,0,0.0,0,6,0,33.3,0,100.0,6,0.0,0,39.6,1,0,100.0,6,0,0,,,0.0,,,,,,,,,,,,,,,,,,,,,,,,,,,,,,,,,,,,,,,,,,,False
Jaeden McMillan,218270,WR,FIU,1,-4.0,0,100.0,,0,0,0,0.0,0,0.22,0,166,0,66.7,61.0,60.9,,60.7,0.0,0,0,6,0.0,0,1,0,100.0,1,100.0,1,0.0,0,91.7,1,0,100.0,1,6,10,10.0,6.0,6.0,,,,,,,,,,,,,,,,,,,,,,,,,,,,,,,,,,,,,,,,,,,False
Tucker Ashcraft,175521,TE,USC,3,10.0,0,100.0,100.0,1,1,0,0.0,0,0.7,1,326,0,66.7,61.0,55.9,75.8,57.2,90.9,30,0,12,36.4,12,33,1,61.3,1,60.6,20,3.0,1,116.7,1,0,6.1,2,12,2,2.0,12.0,0.6,,,,,,,,,,,,,,,,,,,,,,,,,,,,,,,,,,,,,,,,,,,False
Brody Lennon,205313,WR,OHIO STATE,1,2.0,0,100.0,,0,0,0,0.0,0,0.65,0,260,0,66.7,61.0,62.5,,57.8,0.0,0,0,4,0.0,0,4,0,50.0,1,100.0,4,100.0,4,83.3,1,0,0.0,0,4,2,2.0,4.0,1.0,,,,,,,,,,,,,,,,,,,,,,,,,,,,,,,,,,,,,,,,,,,False
Tristan Smith,192874,WR,CLEMSON,3,3.0,0,100.0,,0,0,0,0.0,0,0.2,0,140,0,66.7,61.0,56.9,,56.7,0.0,0,0,6,0.0,0,6,0,66.7,1,100.0,6,0.0,0,91.7,1,0,100.0,6,6,3,3.0,6.0,1.0,,,,,,,,,,,,,,,,,,,,,,,,,,,,,,,,,,,,,,,,,,,False
Quinn Rosenkranz,205350,WR,PURDUE,1,-2.0,0,100.0,,0,0,0,0.0,0,0.52,1,273,0,66.7,61.0,73.0,,69.9,0.0,0,0,7,0.0,0,3,0,100.0,1,100.0,3,100.0,3,95.8,1,0,0.0,0,7,9,9.0,7.0,2.33,,,,,,,,,,,,,,,,,,,,,,,,,,,,,,,,,,,,,,,,,,,False
Tre Page III,192451,HB,OKLA STATE,3,6.0,0,0.0,,0,0,0,,0,0.97,0,262,0,,29.3,66.2,62.5,53.8,0.0,0,0,0,46.7,7,15,0,73.3,0,53.3,8,13.3,2,39.6,1,0,0.0,0,0,0,,,0.0,,,,,,,,,,,,,,,,,,,,,,,,,,,,,,,,,,,,,,,,,,,False
Beau Baker,192023,TE,WASH STATE,3,5.0,0,100.0,,0,0,0,0.0,0,0.2,1,341,0,66.7,61.0,60.3,73.8,71.3,54.5,6,0,12,45.5,5,11,1,72.7,1,54.5,6,27.3,3,116.7,1,0,9.1,1,12,7,7.0,12.0,2.0,,,,,,,,,,,,,,,,,,,,,,,,,,,,,,,,,,,,,,,,,,,False
Grayson Brousseau,191362,TE,UCF,3,-3.0,0,0.0,,0,0,0,,0,0.7,0,323,0,,,60.8,67.3,55.9,75.0,6,0,0,50.0,4,8,0,71.4,0,50.0,4,25.0,2,39.6,1,0,0.0,0,0,0,,,0.0,,,,,,,,,,,,,,,,,,,,,,,,,,,,,,,,,,,,,,,,,,,False
Nick Townsend,205406,TE,TEXAS,2,-2.0,0,100.0,,0,0,0,0.0,0,0.39,0,311,0,66.7,61.0,63.2,44.5,55.8,60.0,18,0,9,23.3,7,30,1,60.0,1,76.7,23,23.3,7,104.2,1,0,10.0,3,9,11,11.0,9.0,0.39,,,,,,,,,,,,,,,,,,,,,,,,,,,,,,,,,,,,,,,,,,,False
DJ Jordan,183622,WR,ARIZONA,1,8.0,0,0.0,,0,0,0,,0,-1.18,0,109,0,,,56.4,,57.0,0.0,0,1,0,0.0,0,4,0,50.0,0,100.0,4,0.0,0,0.0,1,0,100.0,4,0,0,,,0.0,,,,,,,,,,,,,,,,,,,,,,,,,,,,,,,,,,,,,,,,,,,False
Max Fletcher,157028,P,CINCINNATI,1,2.0,0,100.0,,0,0,0,0.0,0,1.98,1,138,0,66.7,61.0,70.8,,87.7,0.0,0,0,8,0.0,0,1,0,100.0,1,100.0,1,0.0,0,100.0,1,0,0.0,0,8,6,6.0,8.0,8.0,,,,,,,,,,,,,,,,,,,,,,,,,,,,,,,,,,,,,,,,,,,False
Jaren Hamilton,172378,WR,ARIZONA ST,3,-4.0,0,100.0,,0,0,0,0.0,0,-0.25,0,110,0,66.7,66.2,54.3,,53.8,0.0,0,0,2,0.0,0,15,0,42.9,1,93.3,14,26.7,4,79.2,1,0,73.3,11,2,6,6.0,2.0,0.14,,,,,,,,,,,,,,,,,,,,,,,,,,,,,,,,,,,,,,,,,,,False
Da'Jaun Riggs,191326,HB,OREGON,2,-6.0,1,100.0,,0,0,0,0.0,0,0.91,1,264,0,66.7,73.6,75.9,74.5,70.7,0.0,0,0,24,40.0,4,10,0,70.0,1,60.0,6,0.0,0,118.8,1,0,20.0,2,24,30,30.0,24.0,4.0,,,,,,,,,,,,,,,,,,,,,,,,,,,,,,,,,,,,,,,,,,,False
Carson Robbins,191311,WR,IOWA STATE,2,12.0,0,100.0,100.0,1,1,0,0.0,0,0.46,0,193,0,66.7,65.3,71.5,,71.3,0.0,0,0,11,0.0,0,3,0,66.7,1,100.0,3,33.3,1,112.5,1,0,66.7,2,11,-1,-1.0,11.0,3.67,,,,,,,,,,,,,,,,,,,,,,,,,,,,,,,,,,,,,,,,,,,False
Kenneth Williams,183594,HB,MICH STATE,2,19.0,0,0.0,,0,0,0,100.0,1,-0.89,0,223,0,16.4,69.9,51.1,,38.7,0.0,0,0,0,0.0,0,4,0,25.0,0,100.0,4,50.0,2,39.6,1,0,0.0,0,0,0,,,0.0,,,,,,,,,,,,,,,,,,,,,,,,,,,,,,,,,,,,,,,,,,,False
Blake Guffey,184117,WR,OHIO,3,13.0,0,0.0,0.0,0,1,0,,0,0.34,0,259,0,,,55.7,,55.6,0.0,0,0,0,0.0,0,6,0,40.0,0,83.3,5,16.7,1,39.6,1,0,83.3,5,0,0,,,0.0,,,,,,,,,,,,,,,,,,,,,,,,,,,,,,,,,,,,,,,,,,,False
Daz James,172408,WR,APP STATE,3,7.0,0,100.0,,0,0,0,0.0,0,0.68,0,108,0,66.7,66.7,62.8,,58.1,0.0,0,0,9,0.0,0,19,0,72.2,1,94.7,18,10.5,2,104.2,1,0,89.5,17,9,2,2.0,9.0,0.5,,,,,,,,,,,,,,,,,,,,,,,,,,,,,,,,,,,,,,,,,,,False
Logan Inagawa,206029,QB,UMASS,2,-1.0,0,100.0,,0,0,0,0.0,0,-0.07,0,216,0,66.7,63.2,65.4,,89.7,0.0,0,0,10,0.0,0,3,0,50.0,1,33.3,1,0.0,0,108.3,1,0,0.0,0,10,11,11.0,10.0,10.0,,,,,,,,,,,,,,,,,,,,,,,,,,,,,,,,,,,,,,,,,,,False
Cam King,184403,WR,GA SOUTHRN,1,16.0,0,100.0,,0,0,0,0.0,0,-0.17,1,174,0,70.7,62.9,72.9,,68.6,0.0,0,0,18,0.0,0,13,0,33.3,1,92.3,12,23.1,3,118.8,1,0,76.9,10,18,2,2.0,18.0,1.5,,,,,,,,,,,,,,,,,,,,,,,,,,,,,,,,,,,,,,,,,,,False
Malachi Singleton,172426,QB,APP STATE,4,-4.0,1,100.0,,0,0,0,0.0,0,0.35,1,108,2,66.7,64.7,91.1,,87.9,0.0,0,0,14,0.0,0,150,0,54.5,1,0.7,1,0.0,0,118.8,1,0,0.0,0,14,18,18.0,14.0,14.0,,,,,,,,,,,,,,,,,,,,,,,,,,,,,,,,,,,,,,,,,,,False
Ahmad Miller,172895,HB,SYRACUSE,2,-2.0,0,100.0,,0,0,0,0.0,0,-0.75,0,304,0,66.7,75.5,77.7,38.0,57.5,0.0,0,0,2,56.3,9,16,0,12.5,1,43.8,7,18.8,3,79.2,1,0,0.0,0,2,4,4.0,2.0,0.29,,,,,,,,,,,,,,,,,,,,,,,,,,,,,,,,,,,,,,,,,,,False
Danny King,183568,TE,NEBRASKA,2,6.0,0,0.0,0.0,0,1,0,,0,0.53,0,238,0,,,54.6,,54.7,66.7,2,0,0,0.0,0,3,0,66.7,0,100.0,3,33.3,1,39.6,1,0,0.0,0,0,0,,,0.0,,,,,,,,,,,,,,,,,,,,,,,,,,,,,,,,,,,,,,,,,,,False
Jordan Malau'ulu,184238,WR,FRESNO ST,4,7.0,0,100.0,,0,0,0,0.0,0,0.42,1,169,0,66.7,76.0,60.7,,59.8,0.0,0,0,23,0.0,0,18,0,50.0,1,94.4,17,16.7,3,118.8,1,0,83.3,15,23,16,16.0,23.0,1.35,,,,,,,,,,,,,,,,,,,,,,,,,,,,,,,,,,,,,,,,,,,False
Josiah McLaurin,188257,WR,MARSHALL,3,21.0,0,0.0,,0,0,0,,0,-0.56,0,214,0,,,53.4,,53.1,0.0,0,1,0,0.0,0,16,0,35.7,0,87.5,14,100.0,16,0.0,1,0,0.0,0,0,0,,,0.0,,,,,,,,,,,,,,,,,,,,,,,,,,,,,,,,,,,,,,,,,,,False
Cornell Hatcher Jr.,191215,HB,OREGON ST,4,8.0,0,0.0,,0,0,0,100.0,1,0.46,0,265,0,16.4,75.8,58.8,81.2,40.8,0.0,0,0,0,30.0,9,30,0,56.0,0,60.0,18,0.0,0,39.6,1,0,20.0,6,0,0,,,0.0,,,,,,,,,,,,,,,,,,,,,,,,,,,,,,,,,,,,,,,,,,,False
Eddie Freauff,191213,WR,OREGON ST,2,26.0,0,0.0,0.0,0,1,0,,0,0.29,0,265,0,,,55.4,,53.1,0.0,0,0,0,0.0,0,13,0,36.4,0,84.6,11,30.8,4,39.6,1,0,61.5,8,0,0,,,0.0,,,,,,,,,,,,,,,,,,,,,,,,,,,,,,,,,,,,,,,,,,,False
Manny Covey,173029,HB,MEMPHIS,4,-2.0,1,100.0,,0,0,0,0.0,0,0.36,0,218,0,66.7,80.4,70.3,56.6,55.5,0.0,0,0,2,63.0,29,46,0,55.8,1,34.8,16,4.3,2,79.2,1,0,0.0,0,2,4,4.0,2.0,0.13,,,,,,,,,,,,,,,,,,,,,,,,,,,,,,,,,,,,,,,,,,,False
Jaden Hamm,173074,TE,ARK STATE,4,24.0,0,0.0,,0,0,1,,0,-0.25,0,113,0,,,56.5,68.6,50.4,100.0,8,0,0,25.0,2,8,1,62.5,0,75.0,6,0.0,0,39.6,1,0,0.0,0,0,0,,,0.0,,,,,,,,,,,,,,,,,,,,,,,,,,,,,,,,,,,,,,,,,,,False
Zion Steptoe,156494,WR,MINNESOTA,4,5.0,2,100.0,,0,0,0,0.0,0,-0.15,0,225,0,66.7,61.0,48.5,,52.4,4.5,1,0,6,0.0,0,22,0,36.4,1,100.0,22,63.6,14,91.7,1,0,31.8,7,6,1,1.0,6.0,0.27,,,,,,,,,,,,,,,,,,,,,,,,,,,,,,,,,,,,,,,,,,,False
Wesley Yarbrough,212059,HB,ARIZONA,2,-4.0,0,0.0,,0,0,0,,0,-1.32,0,109,0,,71.3,66.1,75.0,54.3,0.0,0,1,0,18.2,2,11,0,50.0,0,72.7,8,18.2,2,0.0,1,0,9.1,1,0,0,,,0.0,,,,,,,,,,,,,,,,,,,,,,,,,,,,,,,,,,,,,,,,,,,False
Adarion Nettles,218670,HB,N TEXAS,2,-1.0,0,100.0,,0,0,0,0.0,0,0.36,0,251,0,66.7,72.7,69.7,,57.3,0.0,0,0,7,0.0,0,11,0,62.5,1,72.7,8,0.0,0,95.8,1,0,18.2,2,7,8,8.0,7.0,0.88,,,,,,,,,,,,,,,,,,,,,,,,,,,,,,,,,,,,,,,,,,,False
Gordon Sellars III,213357,WR,CLEMSON,3,-3.0,0,100.0,,0,0,0,0.0,0,0.56,0,140,0,66.7,61.0,56.5,,56.0,0.0,0,0,4,0.0,0,11,0,72.7,1,100.0,11,9.1,1,83.3,1,0,90.9,10,4,7,7.0,4.0,0.36,,,,,,,,,,,,,,,,,,,,,,,,,,,,,,,,,,,,,,,,,,,False
Crew Davis,213420,HB,N CAROLINA,1,-4.0,1,100.0,,0,0,0,0.0,0,-0.17,0,245,0,66.7,64.3,58.0,,66.0,0.0,0,0,4,0.0,0,1,0,0.0,1,100.0,1,0.0,0,83.3,1,0,0.0,0,4,8,8.0,4.0,4.0,,,,,,,,,,,,,,,,,,,,,,,,,,,,,,,,,,,,,,,,,,,False
Samson Gash,222876,WR,MICH STATE,2,6.0,0,0.0,,0,0,0,,0,-1.25,0,223,0,,,47.8,,56.1,0.0,0,1,0,0.0,0,4,1,25.0,0,100.0,4,0.0,0,0.0,1,0,100.0,4,0,0,,,0.0,,,,,,,,,,,,,,,,,,,,,,,,,,,,,,,,,,,,,,,,,,,False
Carson Sneed,213473,TE,N CAROLINA,2,6.0,0,100.0,,0,0,0,0.0,0,-0.39,1,245,0,66.7,61.0,57.3,68.6,74.3,100.0,8,0,11,25.0,2,8,0,37.5,1,75.0,6,0.0,0,112.5,1,0,0.0,0,11,5,5.0,11.0,1.83,,,,,,,,,,,,,,,,,,,,,,,,,,,,,,,,,,,,,,,,,,,False
Elijah Jones,188191,WR,CINCINNATI,2,-5.0,0,100.0,,0,0,0,0.0,0,0.39,0,138,0,66.7,61.0,53.5,,53.9,0.0,0,0,5,0.0,0,15,0,60.0,1,100.0,15,20.0,3,87.5,1,0,80.0,12,5,10,10.0,5.0,0.33,,,,,,,,,,,,,,,,,,,,,,,,,,,,,,,,,,,,,,,,,,,False
Zamaurious Robertson,213485,WR,N CAROLINA,1,4.0,0,100.0,,0,0,0,0.0,0,0.28,1,245,0,66.7,61.0,78.2,,70.2,0.0,0,0,4,0.0,0,3,0,50.0,1,66.7,2,0.0,0,83.3,1,0,100.0,3,4,0,0.0,4.0,2.0,,,,,,,,,,,,,,,,,,,,,,,,,,,,,,,,,,,,,,,,,,,False
Mason Bonner,222893,TE,MICHIGAN,3,22.0,0,0.0,,0,0,0,,0,1.14,0,222,0,,,55.5,,55.5,50.0,2,0,0,0.0,0,4,0,25.0,0,100.0,4,50.0,2,39.6,1,0,0.0,0,0,0,,,0.0,,,,,,,,,,,,,,,,,,,,,,,,,,,,,,,,,,,,,,,,,,,False
Kymistrii Young,213488,WR,N CAROLINA,1,32.0,0,0.0,,0,0,0,,0,-1.11,0,245,0,,,57.1,,57.3,0.0,0,0,0,0.0,0,3,0,0.0,0,66.7,2,33.3,1,39.6,1,0,66.7,2,0,0,,,0.0,,,,,,,,,,,,,,,,,,,,,,,,,,,,,,,,,,,,,,,,,,,False
Tyrell Simmons Jr.,188160,WR,BUFFALO,3,14.0,0,0.0,,0,0,0,,0,-1.31,0,126,0,,,56.7,,56.5,0.0,0,0,0,0.0,0,5,0,0.0,0,100.0,5,0.0,0,39.6,1,0,100.0,5,0,0,,,0.0,,,,,,,,,,,,,,,,,,,,,,,,,,,,,,,,,,,,,,,,,,,False
Hayden Eligon II,183694,WR,NWESTERN,1,4.0,0,100.0,,0,0,0,0.0,0,0.17,0,256,0,66.7,61.0,54.5,,54.7,0.0,0,0,8,0.0,0,16,0,46.7,1,93.8,15,0.0,0,100.0,1,0,100.0,16,8,4,4.0,8.0,0.53,,,,,,,,,,,,,,,,,,,,,,,,,,,,,,,,,,,,,,,,,,,False
Brody Keefe,213491,WR,DUKE,3,28.0,0,100.0,100.0,1,1,0,0.0,0,0.78,1,154,0,66.7,61.0,59.8,,59.3,0.0,0,0,27,0.0,0,28,0,69.2,1,92.9,26,17.9,5,158.3,1,1,78.6,22,27,0,0.0,27.0,1.04,,,,,,,,,,,,,,,,,,,,,,,,,,,,,,,,,,,,,,,,,,,False
Nate Frazier,191146,HB,GEORGIA,3,-3.0,0,100.0,,0,0,0,0.0,0,0.45,0,173,0,66.7,77.8,89.0,19.4,56.9,0.0,0,0,5,16.7,3,18,0,75.0,1,72.2,13,5.6,1,87.5,1,0,5.6,1,5,8,8.0,5.0,0.38,,,,,,,,,,,,,,,,,,,,,,,,,,,,,,,,,,,,,,,,,,,False
Jon Monteiro,191099,WR,LIBERTY,4,7.0,0,0.0,0.0,0,1,0,,0,0.25,0,206,0,,68.6,52.5,,52.4,0.0,0,0,0,0.0,0,17,0,46.7,0,88.2,15,5.9,1,39.6,1,0,94.1,16,0,0,,,0.0,,,,,,,,,,,,,,,,,,,,,,,,,,,,,,,,,,,,,,,,,,,False
Aljour Miles II,213724,WR,SMU,1,11.0,0,100.0,,0,0,0,0.0,0,1.2,1,287,0,70.7,62.9,75.6,,73.1,0.0,0,0,3,0.0,0,7,0,83.3,1,85.7,6,14.3,1,118.8,1,1,85.7,6,3,0,0.0,3.0,0.5,,,,,,,,,,,,,,,,,,,,,,,,,,,,,,,,,,,,,,,,,,,False
Chris Bruce,128657,TE,RICE,3,16.0,0,100.0,,0,0,0,0.0,0,1.02,1,275,0,66.7,64.3,69.9,,74.7,83.3,5,0,19,0.0,0,6,0,50.0,1,100.0,6,16.7,1,118.8,1,0,0.0,0,19,3,3.0,19.0,3.17,,,,,,,,,,,,,,,,,,,,,,,,,,,,,,,,,,,,,,,,,,,False
Jalen Brown,175664,HB,NEW MEX ST,2,-4.0,0,100.0,,0,0,0,0.0,0,0.69,0,242,0,66.7,70.7,78.2,,64.3,0.0,0,0,1,0.0,0,3,0,66.7,1,100.0,3,0.0,0,79.2,1,0,0.0,0,1,5,5.0,1.0,0.33,,,,,,,,,,,,,,,,,,,,,,,,,,,,,,,,,,,,,,,,,,,False
Elijah Otieno,213739,WR,WAKE,1,-5.0,0,100.0,,0,0,0,0.0,0,-0.81,1,339,0,66.7,61.0,59.1,,59.1,0.0,0,0,6,0.0,0,3,0,33.3,1,100.0,3,66.7,2,91.7,1,0,33.3,1,6,11,11.0,6.0,2.0,,,,,,,,,,,,,,,,,,,,,,,,,,,,,,,,,,,,,,,,,,,False
Luke McGary,173303,TE,HOUSTON,2,4.0,0,100.0,,0,0,0,0.0,0,0.67,1,182,0,66.7,61.0,71.0,24.5,69.1,60.0,6,0,10,50.0,5,10,0,70.0,1,50.0,5,30.0,3,108.3,1,0,10.0,1,10,6,6.0,10.0,2.0,,,,,,,,,,,,,,,,,,,,,,,,,,,,,,,,,,,,,,,,,,,False
Cardae Mack,213750,HB,ARIZONA ST,3,21.0,0,0.0,,0,0,0,100.0,1,-0.81,0,110,0,16.4,68.6,64.7,75.8,30.6,0.0,0,0,0,20.0,3,15,0,40.0,0,80.0,12,0.0,0,39.6,1,0,6.7,1,0,0,,,0.0,,,,,,,,,,,,,,,,,,,,,,,,,,,,,,,,,,,,,,,,,,,False
Alex Ward,213753,WR,COLORADO,1,-2.0,0,100.0,,0,0,0,0.0,0,-1.24,0,143,0,66.7,61.0,57.2,,57.7,0.0,0,0,-1,0.0,0,4,0,0.0,1,100.0,4,0.0,0,79.2,1,0,100.0,4,-1,1,1.0,-1.0,-0.25,,,,,,,,,,,,,,,,,,,,,,,,,,,,,,,,,,,,,,,,,,,False
Jared Esplin,213754,WR,BYU,1,6.0,1,100.0,,0,0,0,0.0,0,1.02,1,128,0,66.7,61.0,75.8,,74.0,0.0,0,0,15,0.0,0,1,0,100.0,1,100.0,1,0.0,0,118.8,1,0,100.0,1,15,9,9.0,15.0,15.0,,,,,,,,,,,,,,,,,,,,,,,,,,,,,,,,,,,,,,,,,,,False
Jackson Wasserstrom,173391,WR,INDIANA,2,10.0,0,100.0,,0,0,0,0.0,0,0.22,1,190,0,66.7,61.0,71.3,,70.8,0.0,0,0,10,0.0,0,3,0,66.7,1,100.0,3,0.0,0,108.3,1,0,100.0,3,10,0,0.0,10.0,3.33,,,,,,,,,,,,,,,,,,,,,,,,,,,,,,,,,,,,,,,,,,,False
Tyrone Crethers,213802,WR,SMU,1,5.0,0,0.0,,0,0,0,,0,-0.37,0,287,0,,,55.8,,56.8,0.0,0,0,0,0.0,0,3,0,33.3,0,100.0,3,100.0,3,39.6,1,0,0.0,0,0,0,,,0.0,,,,,,,,,,,,,,,,,,,,,,,,,,,,,,,,,,,,,,,,,,,False
Amiri Acker,213807,WR,NC STATE,1,6.0,0,0.0,,0,0,0,,0,-0.04,0,248,0,,,64.0,,57.4,0.0,0,0,0,0.0,0,3,0,33.3,0,100.0,3,0.0,0,39.6,1,0,100.0,3,0,0,,,0.0,,,,,,,,,,,,,,,,,,,,,,,,,,,,,,,,,,,,,,,,,,,False
Bryce Hicks,188064,HB,COLORADO,1,-2.0,0,100.0,,0,0,0,0.0,0,-0.66,0,143,0,66.7,66.3,58.0,71.8,62.7,0.0,0,0,-2,20.0,1,5,0,20.0,1,80.0,4,0.0,0,79.2,1,0,0.0,0,-2,0,0.0,-2.0,-0.5,,,,,,,,,,,,,,,,,,,,,,,,,,,,,,,,,,,,,,,,,,,False
Kenric Lanier II,173408,WR,MISSOURI,2,12.0,0,0.0,,0,0,0,,0,-0.97,0,229,0,,,60.9,,57.0,0.0,0,0,0,0.0,0,5,0,0.0,0,100.0,5,0.0,0,39.6,1,0,100.0,5,0,0,,,0.0,,,,,,,,,,,,,,,,,,,,,,,,,,,,,,,,,,,,,,,,,,,False
Troy Grizzle,190989,TE,BOISE ST,3,3.0,0,0.0,,0,0,0,,0,-0.06,0,120,0,,,56.5,38.9,52.9,83.3,5,0,0,33.3,2,6,0,33.3,0,66.7,4,0.0,0,39.6,1,0,0.0,0,0,0,,,0.0,,,,,,,,,,,,,,,,,,,,,,,,,,,,,,,,,,,,,,,,,,,False
Luca Puccinelli,190956,TE,PURDUE,4,15.0,0,100.0,,0,0,0,0.0,0,0.35,1,273,0,66.7,61.0,54.0,38.9,63.8,94.1,16,0,18,11.8,2,17,0,46.7,1,82.4,14,5.9,1,118.8,1,0,0.0,0,18,3,3.0,18.0,1.29,,,,,,,,,,,,,,,,,,,,,,,,,,,,,,,,,,,,,,,,,,,False
Keon Hutchins,213979,WR,W VIRGINIA,2,14.0,0,0.0,,0,0,0,,0,1.22,0,343,0,,,57.9,,57.4,0.0,0,0,0,0.0,0,3,0,66.7,0,100.0,3,0.0,0,39.6,1,0,100.0,3,0,0,,,0.0,,,,,,,,,,,,,,,,,,,,,,,,,,,,,,,,,,,,,,,,,,,False
Jaziun Patterson,156421,HB,MICH STATE,4,3.0,0,100.0,,0,0,0,0.0,0,0.41,1,223,0,66.7,78.2,71.0,83.5,56.2,0.0,0,0,3,51.4,19,37,0,63.9,1,45.9,17,0.0,0,79.2,1,0,2.7,1,3,0,0.0,3.0,0.18,,,,,,,,,,,,,,,,,,,,,,,,,,,,,,,,,,,,,,,,,,,False
Kedrick Triplett,213998,WR,W VIRGINIA,1,10.0,1,100.0,,0,0,0,0.0,0,1.31,1,343,0,66.7,61.0,87.8,,84.0,0.0,0,0,27,0.0,0,2,0,50.0,1,100.0,2,100.0,2,158.3,1,1,0.0,0,27,17,17.0,27.0,13.5,,,,,,,,,,,,,,,,,,,,,,,,,,,,,,,,,,,,,,,,,,,False
Barrett Schulz,218280,WR,FIU,2,26.0,0,0.0,,0,0,0,,0,0.0,0,166,0,,,59.3,,59.3,0.0,0,0,0,0.0,0,2,0,0.0,0,100.0,2,100.0,2,39.6,1,0,0.0,0,0,0,,,0.0,,,,,,,,,,,,,,,,,,,,,,,,,,,,,,,,,,,,,,,,,,,False
Prince Strachan,173451,WR,W VIRGINIA,1,5.0,0,100.0,100.0,1,1,0,0.0,0,-0.88,0,343,0,66.7,61.0,58.5,,57.7,0.0,0,0,5,0.0,0,6,0,33.3,1,100.0,6,0.0,0,87.5,1,0,100.0,6,5,0,0.0,5.0,0.83,,,,,,,,,,,,,,,,,,,,,,,,,,,,,,,,,,,,,,,,,,,False
Jabarie Thornton,214146,WR,OKLA STATE,1,-2.0,0,100.0,,0,0,0,0.0,0,0.3,0,262,0,66.7,61.0,57.0,,56.9,0.0,0,0,1,0.0,0,5,0,60.0,1,100.0,5,100.0,5,79.2,1,0,0.0,0,1,3,3.0,1.0,0.2,,,,,,,,,,,,,,,,,,,,,,,,,,,,,,,,,,,,,,,,,,,False
Antonio Harris,190906,HB,PURDUE,3,9.0,0,100.0,,0,0,0,0.0,0,0.7,1,273,0,70.7,72.7,70.8,73.6,80.2,0.0,0,0,47,14.3,2,14,0,41.7,1,71.4,10,0.0,0,118.8,1,0,0.0,0,47,38,38.0,47.0,4.7,,,,,,,,,,,,,,,,,,,,,,,,,,,,,,,,,,,,,,,,,,,False
James Scott,214165,WR,TCU,1,6.0,0,0.0,,0,0,0,100.0,1,-0.7,0,305,0,16.4,,38.1,,44.1,0.0,0,0,0,0.0,0,2,0,0.0,0,50.0,1,0.0,0,39.6,1,0,100.0,2,0,0,,,0.0,,,,,,,,,,,,,,,,,,,,,,,,,,,,,,,,,,,,,,,,,,,False
Ace Theus,214167,WR,TCU,1,20.0,0,0.0,,0,0,0,,0,-0.62,0,305,0,,76.9,66.4,,59.5,0.0,0,0,0,0.0,0,1,0,0.0,0,100.0,1,100.0,1,39.6,1,0,0.0,0,0,0,,,0.0,,,,,,,,,,,,,,,,,,,,,,,,,,,,,,,,,,,,,,,,,,,False
Ryan McConnell,173481,TE,COLO STATE,3,7.0,0,0.0,,0,0,0,,0,-0.65,0,144,0,,,60.3,70.1,53.3,50.0,3,0,0,33.3,2,6,0,16.7,0,66.7,4,33.3,2,39.6,1,0,0.0,0,0,0,,,0.0,,,,,,,,,,,,,,,,,,,,,,,,,,,,,,,,,,,,,,,,,,,False
Peyton Falzone,214567,TE,PENN STATE,2,9.0,0,0.0,,0,0,0,100.0,1,-0.65,0,266,0,16.4,,31.9,,39.9,50.0,2,0,0,0.0,0,4,0,25.0,0,100.0,4,50.0,2,39.6,1,0,0.0,0,0,0,,,0.0,,,,,,,,,,,,,,,,,,,,,,,,,,,,,,,,,,,,,,,,,,,False
Deshonne Redeaux,214578,HB,USC,2,-3.0,0,0.0,,0,0,0,,0,-0.22,0,326,0,,71.2,77.2,32.6,57.3,0.0,0,1,0,33.3,2,6,0,66.7,0,66.7,4,0.0,0,0.0,1,0,0.0,0,0,0,,,0.0,,,,,,,,,,,,,,,,,,,,,,,,,,,,,,,,,,,,,,,,,,,False
Channing Goodwin,190830,WR,MICHIGAN,3,23.0,0,0.0,,0,0,0,,0,0.05,0,222,0,,61.9,51.5,,51.3,0.0,0,0,0,0.0,0,26,0,44.0,0,96.2,25,19.2,5,39.6,1,0,80.8,21,0,0,,,0.0,,,,,,,,,,,,,,,,,,,,,,,,,,,,,,,,,,,,,,,,,,,False
Nick Lautar,214619,TE,OHIO STATE,2,17.0,0,0.0,,0,0,0,100.0,1,-0.48,0,260,0,16.8,,46.5,,42.1,40.0,2,0,0,0.0,0,5,0,60.0,0,100.0,5,60.0,3,39.6,1,0,0.0,0,0,0,,,0.0,,,,,,,,,,,,,,,,,,,,,,,,,,,,,,,,,,,,,,,,,,,False
DJ Butler,190803,HB,HOUSTON,3,-6.0,0,100.0,,0,0,0,0.0,0,0.28,0,182,0,66.7,24.5,64.6,,55.8,0.0,0,0,1,0.0,0,15,0,53.8,1,86.7,13,6.7,1,79.2,1,0,20.0,3,1,7,7.0,1.0,0.08,,,,,,,,,,,,,,,,,,,,,,,,,,,,,,,,,,,,,,,,,,,False
Jayden Mandal,173516,QB,FRESNO ST,4,-1.0,1,100.0,,0,0,0,0.0,0,0.15,1,169,2,66.7,46.6,70.5,,87.9,0.0,0,0,21,0.0,0,127,3,50.8,1,0.8,1,0.0,0,118.8,1,0,0.0,0,21,22,22.0,21.0,21.0,,,,,,,,,,,,,,,,,,,,,,,,,,,,,,,,,,,,,,,,,,,False
Jaheim Merriweather,183723,HB,TROY,4,-1.0,0,100.0,,0,0,0,0.0,0,0.37,0,318,0,66.7,80.2,75.6,65.3,56.5,0.0,0,0,3,52.4,22,42,0,42.9,1,47.6,20,2.4,1,79.2,1,0,0.0,0,3,4,4.0,3.0,0.15,,,,,,,,,,,,,,,,,,,,,,,,,,,,,,,,,,,,,,,,,,,False
Larry Miles,214638,WR,NEBRASKA,1,-3.0,0,100.0,,0,0,0,0.0,0,-1.05,0,238,0,66.7,61.0,61.3,,60.7,0.0,0,0,-1,0.0,0,1,0,0.0,1,100.0,1,0.0,0,79.2,1,0,100.0,1,-1,2,2.0,-1.0,-1.0,,,,,,,,,,,,,,,,,,,,,,,,,,,,,,,,,,,,,,,,,,,False
Lamar White,190776,WR,UAB,2,16.0,0,100.0,,0,0,0,0.0,0,0.39,1,321,0,66.7,61.0,60.3,,59.8,0.0,0,0,15,0.0,0,6,0,60.0,1,83.3,5,50.0,3,118.8,1,0,50.0,3,15,-1,-1.0,15.0,3.0,,,,,,,,,,,,,,,,,,,,,,,,,,,,,,,,,,,,,,,,,,,False
Richie Anderson III,173519,TE,TEXAS A&M,4,10.0,0,100.0,,0,0,0,0.0,0,-0.25,1,312,0,66.7,61.0,47.2,70.9,55.4,74.0,37,0,13,42.0,21,50,0,34.0,1,56.0,28,22.0,11,118.8,1,0,4.0,2,13,3,3.0,13.0,0.46,,,,,,,,,,,,,,,,,,,,,,,,,,,,,,,,,,,,,,,,,,,False
Amarion Jackson,214647,WR,PENN STATE,3,5.0,0,100.0,,0,0,0,0.0,0,-0.04,1,266,0,66.7,64.3,63.3,,61.2,0.0,0,0,10,0.0,0,13,0,53.8,1,100.0,13,7.7,1,108.3,1,0,92.3,12,10,5,5.0,10.0,0.77,,,,,,,,,,,,,,,,,,,,,,,,,,,,,,,,,,,,,,,,,,,False
Jerquaden Guilford,214648,WR,OHIO STATE,2,11.0,0,100.0,,0,0,0,0.0,0,-0.39,1,260,0,66.7,61.0,64.3,,64.0,0.0,0,0,12,0.0,0,10,0,40.0,1,100.0,10,0.0,0,116.7,1,0,100.0,10,12,1,1.0,12.0,1.2,,,,,,,,,,,,,,,,,,,,,,,,,,,,,,,,,,,,,,,,,,,False
Joe Lott,190691,S,TROY,1,-1.0,0,0.0,,0,0,0,100.0,1,-3.87,0,318,0,16.4,,30.4,,29.9,0.0,0,0,0,0.0,0,1,0,0.0,0,100.0,1,0.0,0,39.6,1,0,0.0,0,0,0,,,0.0,,,,,,,,,,,,,,,,,,,,,,,,,,,,,,,,,,,,,,,,,,,False
Kalib Hicks,173701,HB,W KENTUCKY,3,-3.0,0,100.0,,0,0,0,0.0,0,0.12,0,346,0,66.7,71.4,68.6,0.0,56.2,0.0,0,0,-3,21.1,4,19,0,42.1,1,78.9,15,5.3,1,79.2,1,0,0.0,0,-3,0,0.0,-3.0,-0.2,,,,,,,,,,,,,,,,,,,,,,,,,,,,,,,,,,,,,,,,,,,False
Josh Sapp,156238,TE,W VIRGINIA,4,3.0,0,100.0,100.0,1,1,0,0.0,0,0.39,0,343,0,66.7,61.0,46.7,28.9,51.2,26.5,9,0,3,8.8,3,34,0,43.8,1,85.3,29,67.6,23,79.2,1,0,5.9,2,3,0,0.0,3.0,0.1,,,,,,,,,,,,,,,,,,,,,,,,,,,,,,,,,,,,,,,,,,,False
Jhae Drummer,173729,WR,OREGON ST,1,28.0,0,0.0,,0,0,0,,0,-1.36,0,265,0,,,57.6,,57.8,0.0,0,0,0,0.0,0,3,0,0.0,0,33.3,1,66.7,2,39.6,1,0,33.3,1,0,0,,,0.0,,,,,,,,,,,,,,,,,,,,,,,,,,,,,,,,,,,,,,,,,,,False
Byrum Brown,156206,QB,AUBURN,4,2.0,0,100.0,,0,0,0,0.0,0,0.07,1,115,0,66.7,79.1,86.5,,89.3,0.0,0,0,5,0.0,0,164,0,45.5,1,0.6,1,0.0,0,127.1,1,1,0.0,0,5,3,3.0,5.0,5.0,,,,,,,,,,,,,,,,,,,,,,,,,,,,,,,,,,,,,,,,,,,False
Liam Willson,214714,HB,MARYLAND,2,0.0,0,0.0,,0,0,0,,0,-0.67,0,215,0,,73.5,70.4,,55.9,0.0,0,0,0,0.0,0,6,0,50.0,0,100.0,6,0.0,0,39.6,1,0,0.0,0,0,0,,,0.0,,,,,,,,,,,,,,,,,,,,,,,,,,,,,,,,,,,,,,,,,,,False
Ashton Gray,190611,HB,E CAROLINA,3,4.0,0,100.0,,0,0,0,0.0,0,-0.32,0,156,0,66.7,79.7,83.6,56.0,56.9,0.0,0,0,9,33.3,15,45,0,35.6,1,66.7,30,8.9,4,104.2,1,0,6.7,3,9,5,5.0,9.0,0.3,,,,,,,,,,,,,,,,,,,,,,,,,,,,,,,,,,,,,,,,,,,False
Grant Wayne,186453,TE,AIR FORCE,2,4.0,0,100.0,,0,0,0,0.0,0,0.57,1,101,0,66.7,61.0,65.7,,65.0,22.2,2,0,11,0.0,0,9,0,55.6,1,100.0,9,11.1,1,112.5,1,0,66.7,6,11,7,7.0,11.0,1.22,,,,,,,,,,,,,,,,,,,,,,,,,,,,,,,,,,,,,,,,,,,False
Alvon Isaac,183442,HB,USF,1,-5.0,0,100.0,,0,0,0,0.0,0,0.78,0,327,0,66.7,67.8,67.7,68.6,60.6,0.0,0,0,9,25.0,1,4,0,100.0,1,75.0,3,25.0,1,104.2,1,0,0.0,0,9,14,14.0,9.0,3.0,,,,,,,,,,,,,,,,,,,,,,,,,,,,,,,,,,,,,,,,,,,False
Jaylen Stokes,218624,WR,NEW MEX ST,2,13.0,0,100.0,,0,0,0,0.0,0,0.58,1,242,0,66.7,61.0,71.7,,69.7,0.0,0,0,16,0.0,0,4,0,75.0,1,100.0,4,100.0,4,118.8,1,0,0.0,0,16,3,3.0,16.0,4.0,,,,,,,,,,,,,,,,,,,,,,,,,,,,,,,,,,,,,,,,,,,False
Velltray Jefferson,156099,TE,UNLV,4,6.0,0,100.0,,0,0,0,0.0,0,-0.08,0,325,0,66.7,61.0,39.5,69.7,58.4,77.8,7,0,8,55.6,5,9,2,66.7,1,44.4,4,11.1,1,100.0,1,0,11.1,1,8,2,2.0,8.0,2.0,,,,,,,,,,,,,,,,,,,,,,,,,,,,,,,,,,,,,,,,,,,False
Elijah Moore,190573,WR,SYRACUSE,2,1.0,0,0.0,,0,0,0,,0,0.29,0,304,0,,,54.9,,56.9,0.0,0,0,0,0.0,0,3,0,33.3,0,100.0,3,0.0,0,39.6,1,0,100.0,3,0,0,,,0.0,,,,,,,,,,,,,,,,,,,,,,,,,,,,,,,,,,,,,,,,,,,False
Hunter Smith,155556,HB,TEMPLE,2,-4.0,0,0.0,,0,0,0,100.0,1,0.03,0,306,0,16.4,72.5,53.7,77.4,29.1,0.0,0,0,0,40.0,4,10,0,50.0,0,60.0,6,0.0,0,39.6,1,0,0.0,0,0,0,,,0.0,,,,,,,,,,,,,,,,,,,,,,,,,,,,,,,,,,,,,,,,,,,False
Matthew Greene,174070,G,MO STATE,4,-6.0,0,100.0,,0,0,0,0.0,0,0.21,0,230,0,70.1,60.9,71.5,72.6,65.1,0.0,0,0,-1,100.0,123,123,0,47.4,1,0.0,0,0.0,0,79.2,1,0,0.0,0,-1,5,5.0,-1.0,,,,,,,,,,,,,,,,,,,,,,,,,,,,,,,,,,,,,,,,,,,,False
Jason Brown Jr.,183738,HB,ARIZONA ST,1,-6.0,0,0.0,,0,0,0,100.0,1,-0.21,0,110,0,16.8,69.7,70.2,,28.6,0.0,0,0,0,0.0,0,4,0,33.3,0,75.0,3,0.0,0,39.6,1,0,0.0,0,0,0,,,0.0,,,,,,,,,,,,,,,,,,,,,,,,,,,,,,,,,,,,,,,,,,,False
Kader Diop,190460,WR,NEW MEXICO,4,-1.0,0,100.0,,0,0,0,0.0,0,-0.76,0,241,0,66.7,61.0,53.7,63.9,56.6,0.0,0,0,0,11.1,1,9,1,14.3,1,66.7,6,11.1,1,79.2,1,0,88.9,8,0,1,1.0,0.0,0.0,,,,,,,,,,,,,,,,,,,,,,,,,,,,,,,,,,,,,,,,,,,False
Franklin Baret Jr.,190389,WR,JVILLE ST,1,16.0,0,100.0,100.0,1,1,0,0.0,0,0.05,1,196,0,66.7,61.0,86.4,,81.6,0.0,0,0,18,0.0,0,3,0,50.0,1,66.7,2,0.0,0,118.8,1,0,100.0,3,18,2,2.0,18.0,9.0,,,,,,,,,,,,,,,,,,,,,,,,,,,,,,,,,,,,,,,,,,,False
Elizjah Lewis,150764,WR,LOUISVILLE,1,6.0,2,100.0,,0,0,0,0.0,0,0.78,1,210,0,66.7,61.0,69.0,,68.5,0.0,0,0,12,0.0,0,4,0,100.0,1,100.0,4,0.0,0,116.7,1,0,100.0,4,12,6,6.0,12.0,3.0,,,,,,,,,,,,,,,,,,,,,,,,,,,,,,,,,,,,,,,,,,,False
Walter Matthews,190351,TE,USC,4,4.0,0,100.0,,0,0,0,0.0,0,0.46,1,326,0,66.7,61.0,73.5,70.7,73.4,100.0,13,0,12,46.2,6,13,0,69.2,1,53.8,7,0.0,0,116.7,1,0,0.0,0,12,8,8.0,12.0,1.71,,,,,,,,,,,,,,,,,,,,,,,,,,,,,,,,,,,,,,,,,,,False
James Giggey,183742,TE,ARIZONA ST,3,5.0,1,100.0,,0,0,0,0.0,0,-0.56,1,110,0,66.7,13.5,52.9,67.7,62.5,47.8,11,0,11,52.2,12,23,2,30.4,1,47.8,11,47.8,11,112.5,1,0,4.3,1,11,6,6.0,11.0,1.0,,,,,,,,,,,,,,,,,,,,,,,,,,,,,,,,,,,,,,,,,,,False
Devin Hamilton,215088,WR,W KENTUCKY,3,3.0,1,100.0,,0,0,0,0.0,0,0.75,0,346,0,66.7,61.0,57.6,,54.5,0.0,0,0,6,0.0,0,13,0,58.3,1,92.3,12,0.0,0,91.7,1,0,100.0,13,6,3,3.0,6.0,0.5,,,,,,,,,,,,,,,,,,,,,,,,,,,,,,,,,,,,,,,,,,,False
Trav Moore,215238,HB,C MICHIGAN,1,15.0,0,0.0,,0,0,0,,0,-1.15,0,134,0,,62.5,62.9,68.5,57.9,0.0,0,1,0,33.3,1,3,0,33.3,0,66.7,2,33.3,1,0.0,1,0,0.0,0,0,0,,,0.0,,,,,,,,,,,,,,,,,,,,,,,,,,,,,,,,,,,,,,,,,,,False
Wyatt Hook,190322,TE,AKRON,2,0.0,0,100.0,,0,0,0,0.0,0,0.36,0,102,0,66.7,61.0,53.7,,54.3,37.5,3,0,7,0.0,0,8,0,85.7,1,87.5,7,50.0,4,95.8,1,0,12.5,1,7,7,7.0,7.0,1.0,,,,,,,,,,,,,,,,,,,,,,,,,,,,,,,,,,,,,,,,,,,False
Makhi Frazier,190321,HB,OLE MISS,3,-6.0,0,100.0,,0,0,0,0.0,0,0.34,0,226,0,66.7,76.2,65.8,79.0,53.5,0.0,0,0,3,42.0,21,50,0,53.3,1,50.0,25,2.0,1,79.2,1,0,8.0,4,3,9,9.0,3.0,0.12,,,,,,,,,,,,,,,,,,,,,,,,,,,,,,,,,,,,,,,,,,,False
Jaden Allen,149305,TE,C MICHIGAN,2,9.0,0,100.0,,0,0,0,0.0,0,-0.56,0,134,0,66.7,61.0,45.5,70.3,52.7,88.9,16,0,10,27.8,5,18,0,27.8,1,72.2,13,5.6,1,108.3,1,0,5.6,1,10,1,1.0,10.0,0.77,,,,,,,,,,,,,,,,,,,,,,,,,,,,,,,,,,,,,,,,,,,False
Taylor Bradshaw,174176,WR,GA SOUTHRN,2,12.0,0,100.0,100.0,1,1,0,0.0,0,0.87,1,174,0,66.7,64.3,58.0,,65.1,0.0,0,0,12,0.0,0,8,0,71.4,1,87.5,7,75.0,6,116.7,1,0,25.0,2,12,0,0.0,12.0,1.71,,,,,,,,,,,,,,,,,,,,,,,,,,,,,,,,,,,,,,,,,,,False
Michael Osei-Bonsu,218557,ED,MO STATE,1,2.0,0,100.0,,0,0,0,0.0,0,1.22,1,230,0,66.7,61.0,67.1,,79.9,0.0,0,0,7,0.0,0,1,0,100.0,1,100.0,1,0.0,0,95.8,1,0,0.0,0,7,5,5.0,7.0,7.0,,,,,,,,,,,,,,,,,,,,,,,,,,,,,,,,,,,,,,,,,,,False
Gavin Spillers,215287,TE,C MICHIGAN,4,1.0,0,100.0,,0,0,0,0.0,0,-0.87,0,134,0,66.7,61.0,71.9,46.7,59.8,92.9,13,0,8,85.7,12,14,0,21.4,1,14.3,2,7.1,1,100.0,1,0,0.0,0,8,7,7.0,8.0,4.0,,,,,,,,,,,,,,,,,,,,,,,,,,,,,,,,,,,,,,,,,,,False
Hunter Herring,147138,TE,AUBURN,1,-1.0,1,100.0,,0,0,0,0.0,0,0.3,0,115,0,66.7,61.0,61.6,69.0,79.9,75.0,3,0,14,75.0,3,4,0,50.0,1,25.0,1,0.0,0,118.8,1,0,0.0,0,14,15,15.0,14.0,14.0,,,,,,,,,,,,,,,,,,,,,,,,,,,,,,,,,,,,,,,,,,,False
Brendyn Smith,215295,WR,KENT STATE,4,5.0,0,0.0,,0,0,0,,0,-0.17,0,201,0,,64.2,52.0,,51.9,0.0,0,0,0,0.0,0,25,0,33.3,0,96.0,24,84.0,21,39.6,1,0,16.0,4,0,0,,,0.0,,,,,,,,,,,,,,,,,,,,,,,,,,,,,,,,,,,,,,,,,,,False
Ty Cummings,218310,HB,GA SOUTHRN,3,0.0,0,0.0,,0,0,0,100.0,1,-0.04,0,174,0,16.4,70.5,63.8,76.8,38.7,0.0,0,1,0,28.6,4,14,0,54.5,0,57.1,8,7.1,1,0.0,1,0,14.3,2,0,0,,,0.0,,,,,,,,,,,,,,,,,,,,,,,,,,,,,,,,,,,,,,,,,,,False
Tiger Bachmeier,174177,WR,BYU,2,-5.0,0,100.0,,0,0,0,0.0,0,-0.28,0,128,0,66.7,65.3,56.5,,56.8,0.0,0,0,5,0.0,0,7,0,42.9,1,100.0,7,42.9,3,87.5,1,0,57.1,4,5,10,10.0,5.0,0.71,,,,,,,,,,,,,,,,,,,,,,,,,,,,,,,,,,,,,,,,,,,False
Zach Hackleman,215310,WR,OHIO,2,15.0,0,100.0,,0,0,0,0.0,0,0.49,1,259,0,70.7,66.7,74.0,,73.0,0.0,0,0,15,0.0,0,8,0,57.1,1,87.5,7,100.0,8,118.8,1,0,0.0,0,15,0,0.0,15.0,2.14,,,,,,,,,,,,,,,,,,,,,,,,,,,,,,,,,,,,,,,,,,,False
Pauly Sadler,215317,WR,BOWL GREEN,3,37.0,0,0.0,,0,0,0,,0,-0.88,0,122,0,,,49.7,,55.4,0.0,0,0,0,0.0,0,9,1,12.5,0,88.9,8,33.3,3,39.6,1,0,66.7,6,0,0,,,0.0,,,,,,,,,,,,,,,,,,,,,,,,,,,,,,,,,,,,,,,,,,,False
Ja'Kobi Jackson,174248,HB,OHIO STATE,4,8.0,0,0.0,,0,0,0,,0,0.34,0,260,0,,79.3,83.6,46.4,51.8,0.0,0,0,0,25.0,12,48,0,56.3,0,75.0,36,4.2,2,39.6,1,0,2.1,1,0,0,,,0.0,,,,,,,,,,,,,,,,,,,,,,,,,,,,,,,,,,,,,,,,,,,False
Leo Kemp,175757,FB,BOWL GREEN,1,-1.0,1,100.0,,0,0,0,0.0,0,1.91,1,122,0,66.7,67.3,75.7,67.4,89.5,50.0,1,0,19,50.0,1,2,0,100.0,1,50.0,1,0.0,0,158.3,1,1,0.0,0,19,20,20.0,19.0,19.0,,,,,,,,,,,,,,,,,,,,,,,,,,,,,,,,,,,,,,,,,,,False
George Rohl,218535,TE,MINNESOTA,1,4.0,0,100.0,,0,0,0,0.0,0,0.02,0,225,0,66.7,61.0,42.4,64.8,56.5,80.0,4,0,6,20.0,1,5,0,60.0,1,80.0,4,20.0,1,91.7,1,0,0.0,0,6,2,2.0,6.0,1.5,,,,,,,,,,,,,,,,,,,,,,,,,,,,,,,,,,,,,,,,,,,False
Braylon Toliver,215439,WR,N DAK ST,1,7.0,0,0.0,,0,0,0,,0,-1.88,0,250,0,,,56.1,,56.4,0.0,0,0,0,0.0,0,3,0,0.0,0,33.3,1,33.3,1,39.6,1,0,66.7,2,0,0,,,0.0,,,,,,,,,,,,,,,,,,,,,,,,,,,,,,,,,,,,,,,,,,,False
Dallas Gaius-Anyaegbu,215446,TE,FRESNO ST,3,3.0,0,100.0,,0,0,1,0.0,0,0.3,0,169,0,66.7,61.0,49.3,38.5,53.3,75.0,12,0,3,43.8,7,16,1,53.3,1,56.3,9,25.0,4,79.2,1,0,0.0,0,3,0,0.0,3.0,0.33,,,,,,,,,,,,,,,,,,,,,,,,,,,,,,,,,,,,,,,,,,,False
James Madison II,190222,WR,UTSA,4,-3.0,0,0.0,,0,0,0,,0,-0.39,0,331,0,66.7,61.0,63.0,,60.6,0.0,0,0,0,0.0,0,13,0,36.4,0,84.6,11,15.4,2,39.6,1,0,84.6,11,0,0,,,0.0,,,,,,,,,,,,,,,,,,,,,,,,,,,,,,,,,,,,,,,,,,,False
David Avit,186379,HB,ARIZONA ST,1,-3.0,4,100.0,,0,0,0,0.0,0,-0.32,1,110,0,66.7,68.9,65.5,,77.4,0.0,0,0,13,0.0,0,7,0,42.9,1,100.0,7,0.0,0,118.8,1,0,0.0,0,13,16,16.0,13.0,1.86,,,,,,,,,,,,,,,,,,,,,,,,,,,,,,,,,,,,,,,,,,,False
Aidan Mizell,174257,WR,UCLA,2,10.0,0,100.0,,0,0,0,0.0,0,0.61,1,324,0,66.7,61.0,70.8,,70.2,0.0,0,0,83,0.0,0,17,0,37.5,1,94.1,16,23.5,4,158.3,1,1,76.5,13,83,73,73.0,83.0,5.19,,,,,,,,,,,,,,,,,,,,,,,,,,,,,,,,,,,,,,,,,,,False
Janerious Jackson,215611,HB,NEVADA,1,19.0,0,0.0,,0,0,0,,0,-0.16,0,239,0,,62.5,55.6,,58.6,0.0,0,1,0,0.0,0,2,0,50.0,0,100.0,2,50.0,1,0.0,1,0,0.0,0,0,0,,,0.0,,,,,,,,,,,,,,,,,,,,,,,,,,,,,,,,,,,,,,,,,,,False
Connor Cox,174320,TE,VIRGINIA,4,5.0,0,100.0,,0,0,0,0.0,0,0.53,0,335,0,66.7,61.0,79.4,74.3,55.9,77.3,17,0,7,63.6,14,22,1,66.7,1,31.8,7,22.7,5,95.8,1,0,0.0,0,7,2,2.0,7.0,1.0,,,,,,,,,,,,,,,,,,,,,,,,,,,,,,,,,,,,,,,,,,,False
Devyn Zahursky,183803,TE,CINCINNATI,4,0.0,0,100.0,,0,0,0,0.0,0,0.24,1,138,0,66.7,61.0,70.0,82.3,78.6,71.4,5,0,9,42.9,3,7,0,50.0,1,57.1,4,0.0,0,104.2,1,0,0.0,0,9,9,9.0,9.0,2.25,,,,,,,,,,,,,,,,,,,,,,,,,,,,,,,,,,,,,,,,,,,False
Julius Miles,215637,WR,LOUISVILLE,3,9.0,0,0.0,,0,0,0,,0,-0.15,0,210,0,,,57.1,,57.6,0.0,0,0,0,0.0,0,3,0,33.3,0,100.0,3,66.7,2,39.6,1,0,33.3,1,0,0,,,0.0,,,,,,,,,,,,,,,,,,,,,,,,,,,,,,,,,,,,,,,,,,,False
Luca Wolf,215641,TE,TENNESSEE,2,3.0,0,100.0,,0,0,0,0.0,0,0.42,1,307,0,66.7,64.3,70.0,62.5,65.1,76.2,16,0,9,47.6,10,21,0,71.4,1,52.4,11,4.8,1,104.2,1,0,0.0,0,9,6,6.0,9.0,0.82,,,,,,,,,,,,,,,,,,,,,,,,,,,,,,,,,,,,,,,,,,,False
Terence Marshall,190150,WR,W MICHIGAN,2,5.0,0,100.0,,0,0,0,0.0,0,0.55,1,347,0,66.7,61.0,64.8,,64.1,0.0,0,0,8,0.0,0,8,0,62.5,1,100.0,8,12.5,1,100.0,1,0,87.5,7,8,3,3.0,8.0,1.0,,,,,,,,,,,,,,,,,,,,,,,,,,,,,,,,,,,,,,,,,,,False
Brady Wavrunek,174433,HB,N DAK ST,2,0.0,0,0.0,0.0,0,1,0,,0,-0.61,0,250,0,,68.6,64.8,76.2,57.1,0.0,0,0,0,33.3,2,6,0,40.0,0,66.7,4,0.0,0,39.6,1,0,0.0,0,0,0,,,0.0,,,,,,,,,,,,,,,,,,,,,,,,,,,,,,,,,,,,,,,,,,,False
Sergio Snider,218476,HB,LA TECH,2,-1.0,0,100.0,,0,0,0,0.0,0,-0.95,0,208,0,66.7,70.7,64.4,69.2,59.7,0.0,0,0,0,14.3,1,7,0,42.9,1,85.7,6,14.3,1,79.2,1,0,0.0,0,0,1,1.0,0.0,0.0,,,,,,,,,,,,,,,,,,,,,,,,,,,,,,,,,,,,,,,,,,,False
Kristian Tate,174469,WR,TROY,2,27.0,0,0.0,0.0,0,1,0,,0,-0.01,0,318,0,16.4,,44.2,,45.8,0.0,0,0,0,0.0,0,8,0,28.6,0,87.5,7,0.0,0,39.6,1,0,100.0,8,0,0,,,0.0,,,,,,,,,,,,,,,,,,,,,,,,,,,,,,,,,,,,,,,,,,,False
Maurki James,190066,HB,DOMINION,3,-4.0,0,100.0,,0,0,0,0.0,0,-0.09,0,263,0,66.7,73.3,72.2,29.8,58.9,0.0,0,0,4,42.9,6,14,0,25.0,1,50.0,7,0.0,0,83.3,1,0,7.1,1,4,8,8.0,4.0,0.57,,,,,,,,,,,,,,,,,,,,,,,,,,,,,,,,,,,,,,,,,,,False
Carson Diehl,215669,WR,S DIEGO ST,2,8.0,0,100.0,,0,0,0,0.0,0,-0.36,0,284,0,66.7,61.0,69.0,,67.9,0.0,0,0,8,0.0,0,4,0,50.0,1,100.0,4,25.0,1,100.0,1,0,75.0,3,8,0,0.0,8.0,2.0,,,,,,,,,,,,,,,,,,,,,,,,,,,,,,,,,,,,,,,,,,,False
Collin Remenowsky,215696,TE,UTAH ST,4,6.0,0,100.0,,0,0,0,0.0,0,-0.03,1,329,1,66.7,15.6,47.2,48.0,36.5,55.9,19,0,14,79.4,27,34,0,45.2,1,17.6,6,2.9,1,118.8,1,0,0.0,0,14,8,8.0,14.0,2.33,,,,,,,,,,,,,,,,,,,,,,,,,,,,,,,,,,,,,,,,,,,False
Isaiah Marshall,183809,QB,KANSAS,3,6.0,0,100.0,100.0,1,1,0,0.0,0,0.08,1,198,1,66.7,31.6,60.5,,89.5,0.0,0,0,6,0.0,0,101,0,42.7,1,1.0,1,0.0,0,91.7,1,0,0.0,0,6,0,0.0,6.0,6.0,,,,,,,,,,,,,,,,,,,,,,,,,,,,,,,,,,,,,,,,,,,False
Hauss Hejny,183824,QB,COLO STATE,3,26.0,0,100.0,100.0,1,1,0,0.0,0,0.36,1,144,0,66.7,73.8,78.7,,92.3,0.0,0,0,28,0.0,0,83,0,50.6,1,1.2,1,0.0,0,118.8,1,0,0.0,0,28,2,2.0,28.0,28.0,,,,,,,,,,,,,,,,,,,,,,,,,,,,,,,,,,,,,,,,,,,False
Cederian Morgan,215752,WR,ALABAMA,3,14.0,1,100.0,100.0,1,1,0,0.0,0,0.15,1,103,0,66.7,61.0,61.9,,63.0,0.0,0,0,21,0.0,0,10,0,60.0,1,100.0,10,30.0,3,158.3,1,1,70.0,7,21,7,7.0,21.0,2.1,,,,,,,,,,,,,,,,,,,,,,,,,,,,,,,,,,,,,,,,,,,False
Anthony Simpson,146244,WR,TOLEDO,1,5.0,0,100.0,,0,0,0,0.0,0,-0.06,1,316,0,66.7,61.0,67.0,,66.9,0.0,0,0,10,0.0,0,5,0,60.0,1,100.0,5,20.0,1,108.3,1,0,80.0,4,10,5,5.0,10.0,2.0,,,,,,,,,,,,,,,,,,,,,,,,,,,,,,,,,,,,,,,,,,,False
Trace Estes,190037,WR,NEVADA,3,10.0,1,100.0,,0,0,0,0.0,0,-0.4,1,239,0,66.7,61.0,89.9,,89.5,33.3,1,0,37,0.0,0,3,0,33.3,1,100.0,3,66.7,2,118.8,1,0,0.0,0,37,27,27.0,37.0,12.33,,,,,,,,,,,,,,,,,,,,,,,,,,,,,,,,,,,,,,,,,,,False
Carter Eck,190036,TE,NEVADA,4,9.0,0,0.0,,0,0,0,,0,0.21,0,239,0,,,45.3,70.3,54.1,85.7,6,0,0,42.9,3,7,0,33.3,0,42.9,3,14.3,1,39.6,1,0,0.0,0,0,0,,,0.0,,,,,,,,,,,,,,,,,,,,,,,,,,,,,,,,,,,,,,,,,,,False
Nathan Schuessler,175815,WR,COAST CAR,1,-1.0,0,100.0,,0,0,0,0.0,0,-0.51,0,141,0,66.7,61.0,77.2,,74.9,0.0,0,0,6,0.0,0,1,0,0.0,1,100.0,1,100.0,1,91.7,1,0,0.0,0,6,7,7.0,6.0,6.0,,,,,,,,,,,,,,,,,,,,,,,,,,,,,,,,,,,,,,,,,,,False
JJ Kohl,174674,QB,FIU,4,16.0,0,100.0,100.0,1,1,0,0.0,0,0.1,1,166,0,66.7,62.0,72.2,,95.3,0.0,0,0,19,0.0,0,164,2,47.4,1,0.6,1,0.0,0,158.3,1,1,0.0,0,19,3,3.0,19.0,19.0,,,,,,,,,,,,,,,,,,,,,,,,,,,,,,,,,,,,,,,,,,,False
Jaden Hart,183374,HB,UCONN,1,2.0,0,100.0,,0,0,0,0.0,0,-0.37,0,146,0,66.7,68.9,63.7,,62.8,0.0,0,0,2,0.0,0,4,0,25.0,1,100.0,4,0.0,0,79.2,1,0,0.0,0,2,0,0.0,2.0,0.5,,,,,,,,,,,,,,,,,,,,,,,,,,,,,,,,,,,,,,,,,,,False
Javon Campbell,190008,WR,LA MONROE,3,4.0,0,0.0,,0,0,0,100.0,1,0.17,0,209,0,16.4,,47.9,,46.6,0.0,0,0,0,0.0,0,14,0,53.8,0,92.9,13,21.4,3,39.6,1,0,78.6,11,0,0,,,0.0,,,,,,,,,,,,,,,,,,,,,,,,,,,,,,,,,,,,,,,,,,,False
Ryder Post,189993,TE,JAMES MAD,1,4.0,0,100.0,,0,0,0,0.0,0,1.43,0,197,0,66.7,61.0,57.5,67.3,58.1,25.0,1,0,4,25.0,1,4,0,75.0,1,75.0,3,75.0,3,83.3,1,0,0.0,0,4,0,0.0,4.0,1.33,,,,,,,,,,,,,,,,,,,,,,,,,,,,,,,,,,,,,,,,,,,False
Dexter Williams II,129457,QB,TULSA,3,9.0,0,0.0,0.0,0,1,0,,0,-0.09,0,320,1,,28.4,64.2,,55.9,0.0,0,0,0,0.0,0,70,1,39.4,0,1.4,1,0.0,0,39.6,1,0,0.0,0,0,0,,,0.0,,,,,,,,,,,,,,,,,,,,,,,,,,,,,,,,,,,,,,,,,,,False
Devonte Lyons,189778,HB,FIU,4,-3.0,0,0.0,,0,0,0,,0,0.3,0,166,0,,50.7,60.4,22.1,50.1,0.0,0,0,0,16.1,10,62,1,51.7,0,77.4,48,3.2,2,39.6,1,0,1.6,1,0,0,,,0.0,,,,,,,,,,,,,,,,,,,,,,,,,,,,,,,,,,,,,,,,,,,False
Dallas Boozer,215867,WR,ARK STATE,1,12.0,0,100.0,,0,0,0,0.0,0,0.53,1,113,0,66.7,61.0,71.2,,70.8,0.0,0,0,13,0.0,0,3,0,66.7,1,100.0,3,33.3,1,118.8,1,0,66.7,2,13,1,1.0,13.0,4.33,,,,,,,,,,,,,,,,,,,,,,,,,,,,,,,,,,,,,,,,,,,False
Zay Hilliard,218311,WR,GA SOUTHRN,1,4.0,0,100.0,,0,0,0,0.0,0,0.2,0,174,0,66.7,61.0,55.8,,56.9,0.0,0,0,5,0.0,0,7,0,57.1,1,100.0,7,0.0,0,87.5,1,0,100.0,7,5,1,1.0,5.0,0.71,,,,,,,,,,,,,,,,,,,,,,,,,,,,,,,,,,,,,,,,,,,False
Kaleb Thomas,183894,TE,HOUSTON,4,2.0,0,100.0,,0,0,0,0.0,0,1.13,0,182,0,66.7,61.0,39.3,56.8,52.3,80.0,20,0,4,52.0,13,25,2,80.0,1,48.0,12,16.0,4,83.3,1,0,4.0,1,4,2,2.0,4.0,0.33,,,,,,,,,,,,,,,,,,,,,,,,,,,,,,,,,,,,,,,,,,,False
Trevor Ladd,189720,WR,VIRGINIA,1,11.0,0,0.0,0.0,0,1,0,100.0,1,0.91,0,335,0,16.8,,42.6,,44.9,0.0,0,0,0,0.0,0,2,0,50.0,0,100.0,2,50.0,1,39.6,1,0,50.0,1,0,0,,,0.0,,,,,,,,,,,,,,,,,,,,,,,,,,,,,,,,,,,,,,,,,,,False
Elijah West,215924,WR,FAU,1,25.0,0,0.0,,0,0,0,,0,-1.63,0,165,0,,,59.7,,59.9,0.0,0,0,0,0.0,0,1,0,0.0,0,100.0,1,0.0,0,39.6,1,0,100.0,1,0,0,,,0.0,,,,,,,,,,,,,,,,,,,,,,,,,,,,,,,,,,,,,,,,,,,False
Jackson Whitacre,185331,TE,DELAWARE,2,16.0,0,100.0,100.0,1,1,0,0.0,0,-0.15,1,151,0,66.7,61.0,68.8,,64.6,0.0,0,0,18,0.0,0,10,0,30.0,1,100.0,10,90.0,9,118.8,1,0,0.0,0,18,2,2.0,18.0,1.8,,,,,,,,,,,,,,,,,,,,,,,,,,,,,,,,,,,,,,,,,,,False
Chris Wheatley-Humphrey,183246,HB,MIAMI FL,1,0.0,3,100.0,,0,0,0,0.0,0,-0.41,0,220,0,66.7,73.6,75.8,23.3,77.7,0.0,0,0,7,66.7,4,6,1,33.3,1,33.3,2,0.0,0,95.8,1,0,0.0,0,7,7,7.0,7.0,3.5,,,,,,,,,,,,,,,,,,,,,,,,,,,,,,,,,,,,,,,,,,,False
Joe Pitchford,189712,FB,TCU,2,-1.0,0,100.0,,0,0,0,0.0,0,0.75,0,305,0,66.7,73.6,66.6,72.9,62.5,0.0,0,0,3,37.5,3,8,0,75.0,1,62.5,5,0.0,0,79.2,1,0,0.0,0,3,4,4.0,3.0,0.6,,,,,,,,,,,,,,,,,,,,,,,,,,,,,,,,,,,,,,,,,,,False
Corey Barber Jr.,216014,WR,LSU,3,15.0,0,100.0,100.0,1,1,0,0.0,0,0.77,1,211,0,66.7,61.0,59.5,,60.0,0.0,0,0,15,0.0,0,16,0,73.3,1,93.8,15,93.8,15,118.8,1,0,6.3,1,15,0,0.0,15.0,1.0,,,,,,,,,,,,,,,,,,,,,,,,,,,,,,,,,,,,,,,,,,,False
Jordan Thompson,216044,HB,MEMPHIS,1,10.0,0,0.0,,0,0,0,,0,-1.0,0,218,0,,70.5,79.6,69.4,58.4,0.0,0,1,0,50.0,2,4,0,50.0,0,50.0,2,0.0,0,0.0,1,0,0.0,0,0,0,,,0.0,,,,,,,,,,,,,,,,,,,,,,,,,,,,,,,,,,,,,,,,,,,False
Jaylen Garrison,184993,WR,FRESNO ST,2,13.0,0,100.0,,0,0,0,0.0,0,0.27,1,169,0,66.7,61.0,89.0,,72.7,0.0,0,0,17,0.0,0,2,0,50.0,1,100.0,2,0.0,0,118.8,1,0,100.0,2,17,4,4.0,17.0,8.5,,,,,,,,,,,,,,,,,,,,,,,,,,,,,,,,,,,,,,,,,,,False
Matt Mayfield,216059,WR,MISS STATE,1,5.0,0,100.0,,0,0,0,0.0,0,0.43,0,227,0,66.7,61.0,64.9,,64.5,0.0,0,0,9,0.0,0,8,0,62.5,1,100.0,8,0.0,0,104.2,1,0,100.0,8,9,4,4.0,9.0,1.13,,,,,,,,,,,,,,,,,,,,,,,,,,,,,,,,,,,,,,,,,,,False
Devin Fitzgerald,216111,WR,NOTRE DAME,1,4.0,1,100.0,,0,0,0,0.0,0,0.93,1,258,0,66.7,61.0,87.0,,83.4,0.0,0,0,20,0.0,0,2,0,100.0,1,100.0,2,100.0,2,118.8,1,0,0.0,0,20,16,16.0,20.0,10.0,,,,,,,,,,,,,,,,,,,,,,,,,,,,,,,,,,,,,,,,,,,False
Bubba Frazier,216119,WR,NOTRE DAME,1,5.0,0,0.0,0.0,0,1,0,,0,-0.56,0,258,0,,,54.9,,55.9,0.0,0,0,0,0.0,0,3,0,33.3,0,100.0,3,100.0,3,39.6,1,0,0.0,0,0,0,,,0.0,,,,,,,,,,,,,,,,,,,,,,,,,,,,,,,,,,,,,,,,,,,False
Will Monney,174765,TE,UTAH,4,-1.0,0,100.0,,0,0,0,0.0,0,-0.14,0,328,0,66.7,61.0,39.8,35.9,50.6,60.0,15,0,0,20.0,5,25,1,50.0,1,76.0,19,36.0,9,79.2,1,0,4.0,1,0,1,1.0,0.0,0.0,,,,,,,,,,,,,,,,,,,,,,,,,,,,,,,,,,,,,,,,,,,False
Cam Fancher,145266,QB,MICH STATE,3,2.0,0,0.0,0.0,0,1,0,,0,-0.25,0,223,0,,69.9,51.0,,57.9,0.0,0,0,0,0.0,0,12,0,54.5,0,8.3,1,0.0,0,39.6,1,0,8.3,1,0,0,,,0.0,,,,,,,,,,,,,,,,,,,,,,,,,,,,,,,,,,,,,,,,,,,False
Antwan Roberts Jr.,145178,HB,ARIZONA,3,-6.0,1,100.0,,0,0,0,0.0,0,0.97,0,109,0,66.7,25.4,58.1,25.0,56.2,0.0,0,0,1,23.5,4,17,0,76.5,1,76.5,13,11.8,2,79.2,1,0,0.0,0,1,7,7.0,1.0,0.08,,,,,,,,,,,,,,,,,,,,,,,,,,,,,,,,,,,,,,,,,,,False
Tre Garrison,216152,HB,OREGON ST,3,-5.0,0,100.0,,0,0,0,0.0,0,-0.42,0,265,0,66.7,76.1,62.5,71.8,56.9,7.7,1,0,0,7.7,1,13,0,27.3,1,76.9,10,0.0,0,79.2,1,0,15.4,2,0,5,5.0,0.0,0.0,,,,,,,,,,,,,,,,,,,,,,,,,,,,,,,,,,,,,,,,,,,False
Judah Price,176205,HB,MARSHALL,3,2.0,0,100.0,,0,0,0,0.0,0,0.11,1,214,0,66.7,26.0,75.2,77.1,62.8,0.0,0,0,31,33.3,4,12,0,33.3,1,58.3,7,8.3,1,118.8,1,0,16.7,2,31,29,29.0,31.0,4.43,,,,,,,,,,,,,,,,,,,,,,,,,,,,,,,,,,,,,,,,,,,False
KJ Parker,189691,WR,IOWA,2,9.0,0,0.0,0.0,0,1,0,,0,-0.82,0,192,0,,,56.4,,56.9,0.0,0,0,0,0.0,0,4,0,25.0,0,100.0,4,100.0,4,39.6,1,0,0.0,0,0,0,,,0.0,,,,,,,,,,,,,,,,,,,,,,,,,,,,,,,,,,,,,,,,,,,False
Truitt Brown,189531,TE,PITTSBURGH,1,4.0,0,0.0,,0,0,0,100.0,1,-0.54,0,268,0,16.4,,32.0,,30.6,100.0,1,0,0,0.0,0,1,0,0.0,0,100.0,1,0.0,0,39.6,1,0,0.0,0,0,0,,,0.0,,,,,,,,,,,,,,,,,,,,,,,,,,,,,,,,,,,,,,,,,,,False
Theo Elwell,189483,TE,NAVY,2,3.0,0,0.0,,0,0,0,100.0,1,0.56,0,237,0,16.4,,49.1,67.1,35.1,80.0,8,0,0,20.0,2,10,0,50.0,0,60.0,6,20.0,2,39.6,1,0,0.0,0,0,0,,,0.0,,,,,,,,,,,,,,,,,,,,,,,,,,,,,,,,,,,,,,,,,,,False
Robert Jones III,189459,HB,NAVY,2,18.0,0,0.0,,0,0,0,,0,0.0,0,237,0,,62.5,63.2,,57.0,25.0,1,0,0,0.0,0,4,0,25.0,0,100.0,4,0.0,0,39.6,1,0,50.0,2,0,0,,,0.0,,,,,,,,,,,,,,,,,,,,,,,,,,,,,,,,,,,,,,,,,,,False
Elijah Jackson,174961,HB,BALL ST,2,-4.0,0,100.0,,0,0,0,0.0,0,-0.31,1,117,0,66.7,69.5,80.6,73.9,75.1,0.0,0,0,5,33.3,2,6,0,33.3,1,66.7,4,16.7,1,87.5,1,0,16.7,1,5,9,9.0,5.0,1.25,,,,,,,,,,,,,,,,,,,,,,,,,,,,,,,,,,,,,,,,,,,False
Demonte Greene,216227,WR,TEMPLE,3,7.0,0,100.0,100.0,1,1,0,0.0,0,0.44,0,306,0,66.7,69.8,52.1,,57.2,0.0,0,0,7,0.0,0,7,0,66.7,1,85.7,6,57.1,4,95.8,1,0,42.9,3,7,0,0.0,7.0,1.17,,,,,,,,,,,,,,,,,,,,,,,,,,,,,,,,,,,,,,,,,,,False
Derrek Cooper,216254,HB,TEXAS,3,6.0,0,100.0,,0,0,0,0.0,0,-0.09,0,311,0,66.7,76.7,64.5,27.7,59.4,0.0,0,0,6,38.5,5,13,0,41.7,1,61.5,8,0.0,0,91.7,1,0,7.7,1,6,0,0.0,6.0,0.75,,,,,,,,,,,,,,,,,,,,,,,,,,,,,,,,,,,,,,,,,,,False
Tavian Dashiell,220406,WR,UMASS,1,-3.0,0,100.0,,0,0,0,0.0,0,-0.72,0,216,0,66.7,64.3,57.3,,60.9,0.0,0,0,5,0.0,0,1,0,0.0,1,100.0,1,0.0,0,87.5,1,0,100.0,1,5,8,8.0,5.0,5.0,,,,,,,,,,,,,,,,,,,,,,,,,,,,,,,,,,,,,,,,,,,False
De'Zie Jones,199854,WR,OHIO STATE,2,18.0,0,0.0,,0,0,0,,0,-0.81,0,260,0,,67.5,61.8,,55.4,0.0,0,1,0,0.0,0,6,0,50.0,0,100.0,6,100.0,6,0.0,1,0,0.0,0,0,0,,,0.0,,,,,,,,,,,,,,,,,,,,,,,,,,,,,,,,,,,,,,,,,,,False
Iverson Hooks,163020,WR,OREGON,1,-2.0,0,100.0,,0,0,0,0.0,0,0.64,0,264,0,66.7,65.3,57.4,,58.6,0.0,0,0,6,0.0,0,4,0,50.0,1,100.0,4,100.0,4,91.7,1,0,0.0,0,6,8,8.0,6.0,1.5,,,,,,,,,,,,,,,,,,,,,,,,,,,,,,,,,,,,,,,,,,,False
Goose Crowder,144781,QB,TROY,4,-5.0,0,100.0,,0,0,0,0.0,0,-0.04,0,318,3,,36.0,60.7,,,0.0,0,0,1,0.0,0,158,0,43.3,1,0.0,0,0.0,0,79.2,1,0,0.0,0,1,6,6.0,1.0,,,,,,,,,,,,,,,,,,,,,,,,,,,,,,,,,,,,,,,,,,,,False
Jax Markovich,199781,TE,UMASS,3,1.0,0,100.0,,0,0,0,0.0,0,0.16,0,216,0,66.7,61.0,66.0,,55.5,62.5,5,0,8,0.0,0,8,0,57.1,1,87.5,7,37.5,3,100.0,1,0,0.0,0,8,7,7.0,8.0,1.14,,,,,,,,,,,,,,,,,,,,,,,,,,,,,,,,,,,,,,,,,,,False
Harlem Berry,199769,HB,LSU,3,-1.0,0,0.0,,0,0,0,,0,0.53,0,211,0,66.7,74.7,71.7,18.2,70.1,0.0,0,0,0,27.3,3,11,0,60.0,0,63.6,7,0.0,0,39.6,1,0,18.2,2,0,0,,,0.0,,,,,,,,,,,,,,,,,,,,,,,,,,,,,,,,,,,,,,,,,,,False
Elijah Muliufi,218914,TE,S DIEGO ST,2,4.0,0,0.0,,0,0,0,,0,0.6,0,284,0,,,63.8,64.5,55.2,75.0,3,0,0,25.0,1,4,0,50.0,0,75.0,3,25.0,1,39.6,1,0,0.0,0,0,0,,,0.0,,,,,,,,,,,,,,,,,,,,,,,,,,,,,,,,,,,,,,,,,,,False
TaRon Francis,199751,WR,W VIRGINIA,3,8.0,0,0.0,0.0,0,1,0,,0,0.05,0,343,0,,62.5,54.5,,54.6,0.0,0,0,0,0.0,0,10,0,50.0,0,100.0,10,0.0,0,39.6,1,0,100.0,10,0,0,,,0.0,,,,,,,,,,,,,,,,,,,,,,,,,,,,,,,,,,,,,,,,,,,False
Matthew Outten,199902,HB,SYRACUSE,1,22.0,0,0.0,,0,0,0,,0,1.6,0,304,0,,73.1,73.7,,56.9,0.0,0,0,0,0.0,0,3,0,66.7,0,100.0,3,33.3,1,39.6,1,0,0.0,0,0,0,,,0.0,,,,,,,,,,,,,,,,,,,,,,,,,,,,,,,,,,,,,,,,,,,False
Trey Johnson,163108,WR,BOWL GREEN,4,15.0,0,100.0,,0,0,0,0.0,0,-0.26,1,122,0,66.7,61.0,56.4,,55.9,0.0,0,0,5,0.0,0,31,0,37.9,1,93.5,29,38.7,12,87.5,1,0,61.3,19,5,-10,-10.0,5.0,0.17,,,,,,,,,,,,,,,,,,,,,,,,,,,,,,,,,,,,,,,,,,,False
Jaquise Martin,199725,WR,HOUSTON,3,11.0,0,100.0,,0,0,0,0.0,0,1.06,1,182,0,66.7,68.0,62.4,,62.4,0.0,0,0,11,0.0,0,11,0,81.8,1,100.0,11,18.2,2,112.5,1,0,81.8,9,11,0,0.0,11.0,1.0,,,,,,,,,,,,,,,,,,,,,,,,,,,,,,,,,,,,,,,,,,,False
Preston Rex,163255,HB,BYU,3,3.0,0,100.0,,0,0,1,0.0,0,0.07,1,128,0,66.7,73.1,75.9,40.8,72.7,0.0,0,0,8,42.1,8,19,1,50.0,1,57.9,11,15.8,3,100.0,1,0,0.0,0,8,5,5.0,8.0,0.73,,,,,,,,,,,,,,,,,,,,,,,,,,,,,,,,,,,,,,,,,,,False
Maddux Madsen,163379,QB,BOISE ST,4,-3.0,0,100.0,,0,0,0,0.0,0,0.3,0,120,0,,74.1,86.4,,60.0,0.0,0,0,6,0.0,0,128,1,54.5,1,0.0,0,0.0,0,91.7,1,0,0.0,0,6,9,9.0,6.0,,,,,,,,,,,,,,,,,,,,,,,,,,,,,,,,,,,,,,,,,,,,False
Josiah Lucas,218913,HB,S DIEGO ST,2,-11.0,0,100.0,,0,0,0,0.0,0,0.09,0,284,0,66.7,74.4,59.2,80.9,56.6,0.0,0,0,-11,38.5,10,26,0,41.7,1,57.7,15,0.0,0,79.2,1,0,3.8,1,-11,0,0.0,-11.0,-0.73,,,,,,,,,,,,,,,,,,,,,,,,,,,,,,,,,,,,,,,,,,,False
Deon Hardin,199962,WR,TENNESSEE,1,-1.0,0,100.0,,0,0,0,0.0,0,0.46,1,307,0,66.7,61.0,70.2,,68.3,0.0,0,0,11,0.0,0,4,0,100.0,1,100.0,4,0.0,0,112.5,1,0,100.0,4,11,12,12.0,11.0,2.75,,,,,,,,,,,,,,,,,,,,,,,,,,,,,,,,,,,,,,,,,,,False
Nedrick Boldin Jr.,199614,WR,BOSTON COL,3,5.0,1,100.0,,0,0,0,0.0,0,0.48,1,121,0,66.7,61.0,62.6,,62.0,0.0,0,0,8,0.0,0,13,0,58.3,1,92.3,12,30.8,4,100.0,1,0,69.2,9,8,3,3.0,8.0,0.67,,,,,,,,,,,,,,,,,,,,,,,,,,,,,,,,,,,,,,,,,,,False
Phoenix Henriquez,218903,WR,SYRACUSE,1,25.0,0,0.0,,0,0,0,,0,-0.23,0,304,0,,,55.3,,56.0,0.0,0,0,0,0.0,0,4,0,25.0,0,100.0,4,50.0,2,39.6,1,0,50.0,2,0,0,,,0.0,,,,,,,,,,,,,,,,,,,,,,,,,,,,,,,,,,,,,,,,,,,False
Brennan Burton,189433,WR,MIAMI FL,1,-2.0,1,100.0,,0,0,0,0.0,0,-9.58,0,220,1,66.7,15.6,28.0,,34.6,0.0,0,0,5,0.0,0,1,0,0.0,1,100.0,1,100.0,1,87.5,1,0,0.0,0,5,7,7.0,5.0,5.0,,,,,,,,,,,,,,,,,,,,,,,,,,,,,,,,,,,,,,,,,,,False
Jack Van Dorselaer,199978,TE,OKLAHOMA,4,3.0,0,0.0,,0,0,0,,0,-0.99,0,261,0,,,46.4,60.8,51.6,55.0,11,0,0,35.0,7,20,1,42.1,0,60.0,12,35.0,7,39.6,1,0,10.0,2,0,0,,,0.0,,,,,,,,,,,,,,,,,,,,,,,,,,,,,,,,,,,,,,,,,,,False
Max Drag,174988,TE,S CAROLINA,4,1.0,0,0.0,,0,0,0,100.0,1,-0.03,0,289,0,16.4,61.9,45.1,70.7,37.3,48.1,13,0,0,22.2,6,27,0,46.2,0,74.1,20,14.8,4,39.6,1,0,7.4,2,0,0,,,0.0,,,,,,,,,,,,,,,,,,,,,,,,,,,,,,,,,,,,,,,,,,,False
Ismail Mahdi,161419,HB,ARIZONA,2,3.0,0,100.0,,0,0,0,0.0,0,0.55,0,109,0,66.7,74.0,74.7,74.9,59.4,0.0,0,0,5,26.7,4,15,0,73.3,1,73.3,11,0.0,0,87.5,1,0,0.0,0,5,2,2.0,5.0,0.45,,,,,,,,,,,,,,,,,,,,,,,,,,,,,,,,,,,,,,,,,,,False
Danny Lewis Jr.,163600,TE,ALABAMA,4,0.0,0,100.0,,0,0,0,0.0,0,0.11,0,103,0,66.7,61.0,64.3,74.5,62.5,81.8,9,0,4,81.8,9,11,0,50.0,1,18.2,2,0.0,0,83.3,1,0,0.0,0,4,4,4.0,4.0,2.0,,,,,,,,,,,,,,,,,,,,,,,,,,,,,,,,,,,,,,,,,,,False
Sam Mbake,163638,WR,APP STATE,3,5.0,0,100.0,,0,0,0,0.0,0,0.44,0,108,0,66.7,61.0,57.3,70.0,56.3,0.0,0,0,5,14.3,1,7,0,42.9,1,85.7,6,0.0,0,87.5,1,0,85.7,6,5,0,0.0,5.0,0.83,,,,,,,,,,,,,,,,,,,,,,,,,,,,,,,,,,,,,,,,,,,False
Quaid Carr,199514,HB,WASHINGTON,1,4.0,0,100.0,,0,0,0,0.0,0,-0.25,0,340,0,66.7,69.9,63.8,,56.7,0.0,0,0,4,0.0,0,13,0,27.3,1,84.6,11,7.7,1,83.3,1,0,7.7,1,4,0,0.0,4.0,0.36,,,,,,,,,,,,,,,,,,,,,,,,,,,,,,,,,,,,,,,,,,,False
Steele Pizzella,199501,QB,WAKE,3,0.0,0,100.0,,0,0,0,0.0,0,-0.38,0,339,1,66.7,65.8,62.2,,58.4,0.0,0,0,4,0.0,0,9,0,28.6,1,33.3,3,11.1,1,83.3,1,0,22.2,2,4,4,4.0,4.0,1.33,,,,,,,,,,,,,,,,,,,,,,,,,,,,,,,,,,,,,,,,,,,False
Jackson Bowers,175009,TE,OREGON ST,3,5.0,0,100.0,,0,0,0,0.0,0,0.5,0,265,0,66.7,61.0,51.7,74.9,56.8,62.5,5,0,8,37.5,3,8,0,85.7,1,50.0,4,25.0,2,100.0,1,0,0.0,0,8,3,3.0,8.0,2.0,,,,,,,,,,,,,,,,,,,,,,,,,,,,,,,,,,,,,,,,,,,False
A.J. Brand,200036,WR,VA TECH,4,3.0,0,100.0,,0,0,0,0.0,0,-0.09,0,337,0,66.7,66.3,58.5,,54.3,0.0,0,0,5,0.0,0,14,0,35.7,1,100.0,14,0.0,0,87.5,1,0,100.0,14,5,2,2.0,5.0,0.36,,,,,,,,,,,,,,,,,,,,,,,,,,,,,,,,,,,,,,,,,,,False
Byrd Ficklin,199457,QB,UTAH,4,0.0,0,100.0,,0,0,0,0.0,0,0.13,0,328,0,66.7,75.6,76.8,,54.0,0.0,0,0,11,0.0,0,27,1,48.0,1,29.6,8,18.5,5,112.5,1,0,11.1,3,11,11,11.0,11.0,1.38,,,,,,,,,,,,,,,,,,,,,,,,,,,,,,,,,,,,,,,,,,,False
Carsyn Baker,216282,HB,TEXAS A&M,3,1.0,0,0.0,,0,0,0,,0,-0.23,0,312,0,,75.8,71.6,79.0,57.1,0.0,0,0,0,70.0,7,10,0,50.0,0,20.0,2,0.0,0,39.6,1,0,0.0,0,0,0,,,0.0,,,,,,,,,,,,,,,,,,,,,,,,,,,,,,,,,,,,,,,,,,,False
Jyziah Rockwell,160288,WR,W KENTUCKY,1,3.0,0,0.0,,0,0,0,,0,-0.24,0,346,0,,,50.5,,57.4,0.0,0,0,0,0.0,0,2,0,0.0,0,100.0,2,0.0,0,39.6,1,0,100.0,2,0,0,,,0.0,,,,,,,,,,,,,,,,,,,,,,,,,,,,,,,,,,,,,,,,,,,False
Zach Palmer-Smith,159550,HB,LA MONROE,1,-2.0,2,100.0,,0,0,0,0.0,0,-0.15,0,209,0,66.7,70.7,55.4,0.0,61.2,0.0,0,0,4,14.3,1,7,0,33.3,1,71.4,5,0.0,0,83.3,1,0,0.0,0,4,6,6.0,4.0,0.8,,,,,,,,,,,,,,,,,,,,,,,,,,,,,,,,,,,,,,,,,,,False
Agyeman Addae,199393,HB,UCF,3,15.0,0,100.0,,0,0,0,0.0,0,0.4,0,323,0,66.7,69.5,86.4,70.1,78.4,0.0,0,0,15,50.0,2,4,0,75.0,1,50.0,2,0.0,0,118.8,1,0,0.0,0,15,0,0.0,15.0,7.5,,,,,,,,,,,,,,,,,,,,,,,,,,,,,,,,,,,,,,,,,,,False
Jaden Lawrence,200070,HB,WYOMING,2,25.0,0,0.0,0.0,0,1,0,,0,-1.1,0,351,0,,65.5,54.5,,50.6,0.0,0,0,0,0.0,0,4,0,25.0,0,100.0,4,25.0,1,39.6,1,0,0.0,0,0,0,,,0.0,,,,,,,,,,,,,,,,,,,,,,,,,,,,,,,,,,,,,,,,,,,False
Tyson Shamsid-Deen,200072,CB,WYOMING,1,7.0,0,100.0,,0,0,1,0.0,0,2.24,1,351,0,66.7,61.0,73.0,,73.6,0.0,0,0,7,0.0,0,1,1,100.0,1,100.0,1,0.0,0,95.8,1,0,0.0,0,7,0,0.0,7.0,7.0,,,,,,,,,,,,,,,,,,,,,,,,,,,,,,,,,,,,,,,,,,,False
Gerard Bullock Jr.,164014,TE,KENNESAW,1,3.0,0,100.0,,0,0,0,0.0,0,-0.03,0,200,0,66.7,61.0,42.5,71.5,55.4,33.3,5,0,5,33.3,5,15,0,53.8,1,60.0,9,46.7,7,87.5,1,0,6.7,1,5,2,2.0,5.0,0.56,,,,,,,,,,,,,,,,,,,,,,,,,,,,,,,,,,,,,,,,,,,False
Jackson Shockley,199380,TE,TULSA,4,-1.0,2,100.0,,0,0,0,0.0,0,0.51,1,320,0,70.7,62.9,87.1,48.5,92.8,66.7,4,0,22,50.0,3,6,0,40.0,1,33.3,2,0.0,0,158.3,1,1,0.0,0,22,23,23.0,22.0,11.0,,,,,,,,,,,,,,,,,,,,,,,,,,,,,,,,,,,,,,,,,,,False
Hayden Vercher,227400,TE,ARIZONA ST,1,18.0,0,0.0,,0,0,0,,0,-2.24,0,110,0,,,56.3,,57.8,0.0,0,0,0,0.0,0,2,0,0.0,0,100.0,2,100.0,2,39.6,1,0,0.0,0,0,0,,,0.0,,,,,,,,,,,,,,,,,,,,,,,,,,,,,,,,,,,,,,,,,,,False
La'Keyleon Graves,216305,WR,TEXAS ST,1,0.0,2,100.0,,0,0,0,0.0,0,1.1,1,314,0,66.7,61.0,83.9,,81.1,0.0,0,0,49,0.0,0,3,0,66.7,1,100.0,3,100.0,3,158.3,1,1,0.0,0,49,49,49.0,49.0,16.33,,,,,,,,,,,,,,,,,,,,,,,,,,,,,,,,,,,,,,,,,,,False
Kyler Pearson,122572,WR,E CAROLINA,2,12.0,0,100.0,,0,0,0,0.0,0,-0.57,1,156,0,66.7,80.4,70.1,,68.5,0.0,0,0,13,0.0,0,6,0,33.3,1,83.3,5,66.7,4,118.8,1,0,16.7,1,13,1,1.0,13.0,2.6,,,,,,,,,,,,,,,,,,,,,,,,,,,,,,,,,,,,,,,,,,,False
Sean Persson,199317,TE,UAB,2,12.0,0,100.0,,0,0,0,0.0,0,-0.32,1,321,0,66.7,61.0,89.6,67.8,77.9,75.0,3,0,12,25.0,1,4,0,25.0,1,75.0,3,25.0,1,116.7,1,0,0.0,0,12,0,0.0,12.0,4.0,,,,,,,,,,,,,,,,,,,,,,,,,,,,,,,,,,,,,,,,,,,False
Daylan McCutcheon,199304,WR,TEXAS,4,16.0,0,0.0,,0,0,0,,0,0.38,0,311,0,,,53.5,,53.2,0.0,0,0,0,0.0,0,14,0,57.1,0,100.0,14,42.9,6,39.6,1,0,57.1,8,0,0,,,0.0,,,,,,,,,,,,,,,,,,,,,,,,,,,,,,,,,,,,,,,,,,,False
Micah Jones,200124,TE,FLORIDA,2,3.0,0,100.0,,0,0,0,0.0,0,0.37,1,163,0,66.7,61.0,83.7,68.8,78.3,85.7,6,0,6,42.9,3,7,0,42.9,1,57.1,4,0.0,0,131.3,1,1,0.0,0,6,3,3.0,6.0,1.5,,,,,,,,,,,,,,,,,,,,,,,,,,,,,,,,,,,,,,,,,,,False
Vincent Genatone,158999,HB,NEBRASKA,2,2.0,0,100.0,,0,0,0,0.0,0,0.92,1,238,0,66.7,70.7,70.4,,75.8,0.0,0,0,13,0.0,0,3,0,33.3,1,100.0,3,0.0,0,158.3,1,1,0.0,0,13,11,11.0,13.0,4.33,,,,,,,,,,,,,,,,,,,,,,,,,,,,,,,,,,,,,,,,,,,False
Paxon Kettering,189385,WR,DUKE,1,31.0,0,100.0,,0,0,0,0.0,0,0.99,1,154,0,66.7,61.0,90.1,,83.2,0.0,0,0,32,0.0,0,2,0,50.0,1,100.0,2,50.0,1,118.8,1,0,50.0,1,32,1,1.0,32.0,16.0,,,,,,,,,,,,,,,,,,,,,,,,,,,,,,,,,,,,,,,,,,,False
Kaliq Lockett,199301,WR,TEXAS,2,-3.0,0,100.0,,0,0,0,0.0,0,0.47,0,311,0,66.7,61.0,57.1,,56.7,0.0,0,0,-3,0.0,0,7,0,71.4,1,100.0,7,0.0,0,79.2,1,0,100.0,7,-3,0,0.0,-3.0,-0.43,,,,,,,,,,,,,,,,,,,,,,,,,,,,,,,,,,,,,,,,,,,False
Kenny Odom,164032,WR,USF,1,-5.0,0,100.0,,0,0,0,0.0,0,-0.2,1,327,0,66.7,61.0,74.8,,71.3,0.0,0,0,12,0.0,0,3,0,66.7,1,100.0,3,100.0,3,116.7,1,0,0.0,0,12,17,17.0,12.0,4.0,,,,,,,,,,,,,,,,,,,,,,,,,,,,,,,,,,,,,,,,,,,False
Jon Denman,199271,HB,TCU,3,10.0,0,0.0,,0,0,0,,0,-0.19,0,305,0,,28.4,66.3,77.7,54.6,0.0,0,0,0,41.2,7,17,0,41.2,0,58.8,10,17.6,3,39.6,1,0,11.8,2,0,0,,,0.0,,,,,,,,,,,,,,,,,,,,,,,,,,,,,,,,,,,,,,,,,,,False
Keayen Nead,164486,TE,BYU,3,0.0,1,100.0,,0,0,0,0.0,0,1.15,0,128,0,66.7,63.6,66.4,67.2,54.8,80.0,8,0,6,40.0,4,10,0,90.0,1,60.0,6,10.0,1,91.7,1,0,10.0,1,6,6,6.0,6.0,1.0,,,,,,,,,,,,,,,,,,,,,,,,,,,,,,,,,,,,,,,,,,,False
Connor Lair,164803,HB,MO STATE,4,0.0,0,100.0,,0,0,0,0.0,0,0.29,1,230,0,66.7,74.0,64.2,85.0,64.8,0.0,0,0,21,21.4,3,14,0,38.5,1,71.4,10,7.1,1,118.8,1,0,0.0,0,21,21,21.0,21.0,2.1,,,,,,,,,,,,,,,,,,,,,,,,,,,,,,,,,,,,,,,,,,,False
Cedric Anton,175044,TE,SACRAMENTO,2,10.0,0,0.0,,0,0,0,,0,-0.13,0,279,0,,,48.3,69.9,45.9,72.2,13,0,0,33.3,6,18,0,33.3,0,50.0,9,22.2,4,39.6,1,0,5.6,1,0,0,,,0.0,,,,,,,,,,,,,,,,,,,,,,,,,,,,,,,,,,,,,,,,,,,False
Ben Rothhaar,199129,TE,RUTGERS,2,1.0,0,100.0,,0,0,0,0.0,0,0.1,1,278,0,66.7,61.0,55.9,,56.2,80.0,20,0,23,0.0,0,25,0,48.0,1,100.0,25,20.0,5,118.8,1,0,0.0,0,23,22,22.0,23.0,0.92,,,,,,,,,,,,,,,,,,,,,,,,,,,,,,,,,,,,,,,,,,,False
AJ Johnson,168341,WR,UAB,4,5.0,0,0.0,,0,0,0,,0,0.3,0,321,0,,,51.1,,51.2,0.0,0,0,0,0.0,0,32,1,56.3,0,100.0,32,34.4,11,39.6,1,0,65.6,21,0,0,,,0.0,,,,,,,,,,,,,,,,,,,,,,,,,,,,,,,,,,,,,,,,,,,False
Brock Schott,200168,TE,INDIANA,4,18.0,0,100.0,,0,0,0,0.0,0,0.74,1,190,0,66.7,61.0,47.0,49.3,55.8,64.7,22,0,25,23.5,8,34,0,60.6,1,73.5,25,23.5,8,118.8,1,0,11.8,4,25,7,7.0,25.0,1.0,,,,,,,,,,,,,,,,,,,,,,,,,,,,,,,,,,,,,,,,,,,False
Justin Cook,199077,HB,PITTSBURGH,2,2.0,0,100.0,,0,0,0,0.0,0,0.14,0,268,0,66.7,66.3,67.5,,55.9,0.0,0,0,7,0.0,0,15,0,40.0,1,100.0,15,26.7,4,95.8,1,0,0.0,0,7,5,5.0,7.0,0.47,,,,,,,,,,,,,,,,,,,,,,,,,,,,,,,,,,,,,,,,,,,False
Gabriel Cline,200210,TE,UAB,4,5.0,0,100.0,,0,0,0,0.0,0,-0.23,0,321,0,66.7,61.0,52.0,52.0,52.2,61.9,13,0,5,14.3,3,21,0,47.6,1,85.7,18,23.8,5,87.5,1,0,9.5,2,5,0,0.0,5.0,0.28,,,,,,,,,,,,,,,,,,,,,,,,,,,,,,,,,,,,,,,,,,,False
Cade Yacamelli,158712,HB,MIAMI OH,4,2.0,0,0.0,,0,0,0,,0,0.62,0,221,0,,71.9,63.6,64.5,54.6,4.7,2,0,0,81.4,35,43,0,46.2,0,18.6,8,2.3,1,39.6,1,0,4.7,2,0,0,,,0.0,,,,,,,,,,,,,,,,,,,,,,,,,,,,,,,,,,,,,,,,,,,False
Robby Preckel,199009,TE,NWESTERN,1,2.0,0,100.0,,0,0,0,0.0,0,0.29,0,256,0,66.7,64.3,45.9,,60.3,100.0,2,0,4,0.0,0,2,1,50.0,1,100.0,2,0.0,0,83.3,1,0,0.0,0,4,2,2.0,4.0,2.0,,,,,,,,,,,,,,,,,,,,,,,,,,,,,,,,,,,,,,,,,,,False
A.J. Pugliano,184861,TE,OREGON,1,18.0,0,0.0,,0,0,0,,0,-0.05,0,264,0,,,70.4,64.5,57.4,66.7,2,0,0,33.3,1,3,0,33.3,0,66.7,2,33.3,1,39.6,1,0,0.0,0,0,0,,,0.0,,,,,,,,,,,,,,,,,,,,,,,,,,,,,,,,,,,,,,,,,,,False
Khamari Anderson,175134,TE,ARIZONA ST,3,10.0,0,100.0,,0,0,0,0.0,0,0.47,1,110,0,66.7,61.0,58.8,72.6,54.8,27.9,12,0,21,25.6,11,43,0,58.5,1,69.8,30,55.8,24,118.8,1,0,16.3,7,21,11,11.0,21.0,0.7,,,,,,,,,,,,,,,,,,,,,,,,,,,,,,,,,,,,,,,,,,,False
Evan Dangler,169995,TE,USF,4,5.0,0,100.0,,0,0,0,0.0,0,0.05,1,327,0,66.7,61.0,63.4,74.3,53.6,56.3,27,0,15,22.9,11,48,0,51.1,1,72.9,35,31.3,15,118.8,1,0,8.3,4,15,10,10.0,15.0,0.43,,,,,,,,,,,,,,,,,,,,,,,,,,,,,,,,,,,,,,,,,,,False
Xavier Green,220493,WR,TULSA,1,6.0,0,0.0,,0,0,0,,0,-1.43,0,320,0,,,58.4,,59.4,0.0,0,0,0,0.0,0,1,0,0.0,0,100.0,1,100.0,1,39.6,1,0,0.0,0,0,0,,,0.0,,,,,,,,,,,,,,,,,,,,,,,,,,,,,,,,,,,,,,,,,,,False
Marcus Brown,188856,WR,STANFORD,3,4.0,0,100.0,,0,0,0,0.0,0,-0.48,1,300,0,66.7,61.0,59.2,,59.6,0.0,0,0,10,0.0,0,15,0,20.0,1,100.0,15,93.3,14,108.3,1,0,6.7,1,10,6,6.0,10.0,0.67,,,,,,,,,,,,,,,,,,,,,,,,,,,,,,,,,,,,,,,,,,,False
Aiden Black,188854,TE,STANFORD,4,22.0,0,0.0,,0,0,0,100.0,1,0.01,0,300,0,16.4,,42.5,67.3,38.5,72.0,18,0,0,40.0,10,25,0,40.0,0,60.0,15,12.0,3,39.6,1,0,12.0,3,0,0,,,0.0,,,,,,,,,,,,,,,,,,,,,,,,,,,,,,,,,,,,,,,,,,,False
Jonathan Hatton Jr.,216944,HB,OKLAHOMA,3,-5.0,1,100.0,,0,0,0,0.0,0,0.0,0,261,0,66.7,74.8,56.4,78.4,57.9,0.0,0,0,7,31.3,5,16,0,46.2,1,50.0,8,6.3,1,95.8,1,0,6.3,1,7,12,12.0,7.0,0.88,,,,,,,,,,,,,,,,,,,,,,,,,,,,,,,,,,,,,,,,,,,False
Vance Bolyard,170039,TE,TULANE,4,3.0,0,100.0,,0,0,0,0.0,0,-0.35,0,319,0,66.7,61.0,46.2,68.3,52.5,80.0,12,0,6,13.3,2,15,2,28.6,1,80.0,12,6.7,1,91.7,1,0,13.3,2,6,3,3.0,6.0,0.5,,,,,,,,,,,,,,,,,,,,,,,,,,,,,,,,,,,,,,,,,,,False
Paul Davis,176308,WR,AKRON,1,13.0,0,100.0,,0,0,0,0.0,0,1.56,1,102,0,66.7,61.0,71.2,,68.7,0.0,0,0,13,0.0,0,4,0,100.0,1,75.0,3,0.0,0,118.8,1,0,100.0,4,13,0,0.0,13.0,4.33,,,,,,,,,,,,,,,,,,,,,,,,,,,,,,,,,,,,,,,,,,,False
Brendon Haygood,198885,HB,N TEXAS,3,-1.0,1,100.0,,0,0,0,0.0,0,0.21,0,251,0,66.7,79.1,74.3,45.6,56.6,0.0,0,0,3,31.0,9,29,0,55.6,1,65.5,19,3.4,1,79.2,1,0,0.0,0,3,4,4.0,3.0,0.16,,,,,,,,,,,,,,,,,,,,,,,,,,,,,,,,,,,,,,,,,,,False
Israel Polk,170122,WR,OKLA STATE,1,7.0,0,100.0,,0,0,0,0.0,0,0.47,1,262,0,66.7,61.0,63.4,,63.1,0.0,0,0,12,0.0,0,8,0,62.5,1,100.0,8,0.0,0,116.7,1,0,100.0,8,12,5,5.0,12.0,1.5,,,,,,,,,,,,,,,,,,,,,,,,,,,,,,,,,,,,,,,,,,,False
Hayden Rollison,170136,TE,VIRGINIA,1,3.0,0,100.0,,0,0,0,0.0,0,3.1,1,335,0,66.7,61.0,77.7,,89.2,100.0,1,0,12,0.0,0,1,0,100.0,1,100.0,1,0.0,0,156.3,1,1,0.0,0,12,9,9.0,12.0,12.0,,,,,,,,,,,,,,,,,,,,,,,,,,,,,,,,,,,,,,,,,,,False
Amorion Walker,158547,WR,UNLV,3,7.0,0,0.0,,0,0,0,100.0,1,-0.41,0,325,0,16.4,,46.5,,46.8,0.0,0,0,0,0.0,0,14,0,38.5,0,92.9,13,35.7,5,39.6,1,0,64.3,9,0,0,,,0.0,,,,,,,,,,,,,,,,,,,,,,,,,,,,,,,,,,,,,,,,,,,False
Brooklen Davis,198830,HB,MIDDLE TN,2,0.0,0,100.0,,0,0,0,0.0,0,-0.17,0,224,0,66.7,67.8,63.7,,56.0,0.0,0,0,0,0.0,0,11,0,30.0,1,90.9,10,9.1,1,79.2,1,0,18.2,2,0,0,0.0,0.0,0.0,,,,,,,,,,,,,,,,,,,,,,,,,,,,,,,,,,,,,,,,,,,False
Israel Briggs,216960,TE,MIAMI FL,3,2.0,0,100.0,,0,0,0,0.0,0,0.29,0,220,0,66.7,61.0,49.2,69.3,49.9,45.8,11,0,3,8.3,2,24,0,56.5,1,87.5,21,54.2,13,79.2,1,0,0.0,0,3,1,1.0,3.0,0.14,,,,,,,,,,,,,,,,,,,,,,,,,,,,,,,,,,,,,,,,,,,False
Eli Owens,198800,TE,MICHIGAN,4,4.0,0,100.0,,0,0,0,0.0,0,0.36,0,222,0,66.7,64.3,54.4,76.7,51.3,50.0,10,0,5,20.0,4,20,1,47.1,1,70.0,14,35.0,7,87.5,1,0,10.0,2,5,1,1.0,5.0,0.36,,,,,,,,,,,,,,,,,,,,,,,,,,,,,,,,,,,,,,,,,,,False
Luke Clyburn,200933,TE,USF,4,4.0,0,100.0,,0,0,0,0.0,0,0.16,1,327,0,66.7,61.0,62.6,33.5,51.6,75.0,21,0,8,42.9,12,28,0,65.4,1,53.6,15,10.7,3,100.0,1,0,14.3,4,8,4,4.0,8.0,0.53,,,,,,,,,,,,,,,,,,,,,,,,,,,,,,,,,,,,,,,,,,,False
Jonathan Harding,198759,TE,MEMPHIS,4,14.0,0,100.0,,0,0,0,0.0,0,0.56,1,218,0,66.7,61.0,61.5,75.0,88.9,36.4,4,0,9,90.9,10,11,0,55.6,1,9.1,1,0.0,0,143.8,1,1,0.0,0,9,0,0.0,9.0,9.0,,,,,,,,,,,,,,,,,,,,,,,,,,,,,,,,,,,,,,,,,,,False
Braden Atkinson,201350,QB,OREGON ST,4,-1.0,0,100.0,,0,0,0,0.0,0,0.32,1,265,0,66.7,74.8,80.8,,88.9,0.0,0,0,4,0.0,0,190,0,46.6,1,0.5,1,0.0,0,122.9,1,1,0.0,0,4,5,5.0,4.0,4.0,,,,,,,,,,,,,,,,,,,,,,,,,,,,,,,,,,,,,,,,,,,False
AJ Hill,198754,QB,ARKANSAS,2,-7.0,0,100.0,,0,0,0,0.0,0,0.03,0,111,2,66.7,41.6,59.2,,59.7,0.0,0,0,-5,0.0,0,36,0,35.3,1,2.8,1,0.0,0,79.2,1,0,0.0,0,-5,2,2.0,-5.0,-5.0,,,,,,,,,,,,,,,,,,,,,,,,,,,,,,,,,,,,,,,,,,,False
Anthony Quinn Jr.,198718,HB,MARSHALL,1,-7.0,0,100.0,,0,0,0,0.0,0,-0.68,0,214,0,66.7,64.3,34.8,,59.9,0.0,0,0,0,0.0,0,2,0,0.0,1,100.0,2,100.0,2,79.2,1,0,0.0,0,0,7,7.0,0.0,0.0,,,,,,,,,,,,,,,,,,,,,,,,,,,,,,,,,,,,,,,,,,,False
Dylan Vokal,201523,WR,N DAK ST,2,7.0,0,100.0,100.0,1,1,0,0.0,0,0.87,1,250,0,66.7,61.0,69.3,,68.9,0.0,0,0,7,0.0,0,5,0,75.0,1,80.0,4,20.0,1,95.8,1,0,80.0,4,7,0,0.0,7.0,1.75,,,,,,,,,,,,,,,,,,,,,,,,,,,,,,,,,,,,,,,,,,,False
Elijah Huddle,201634,TE,SACRAMENTO,1,6.0,0,100.0,,0,0,0,0.0,0,-0.15,1,279,0,66.7,61.0,68.6,67.1,63.3,88.9,16,0,9,16.7,3,18,0,47.1,1,77.8,14,11.1,2,104.2,1,0,0.0,0,9,3,3.0,9.0,0.64,,,,,,,,,,,,,,,,,,,,,,,,,,,,,,,,,,,,,,,,,,,False
Nolan Ray,170203,HB,BOSTON COL,2,-6.0,0,100.0,,0,0,0,0.0,0,-0.45,0,121,0,66.7,68.9,58.5,77.0,60.1,0.0,0,0,4,50.0,3,6,0,50.0,1,50.0,3,16.7,1,83.3,1,0,16.7,1,4,10,10.0,4.0,1.33,,,,,,,,,,,,,,,,,,,,,,,,,,,,,,,,,,,,,,,,,,,False
Zy'aire Fletcher,198639,TE,KENT STATE,4,16.0,0,0.0,,0,0,1,,0,0.15,0,201,0,,,35.3,26.6,51.0,61.5,16,0,0,38.5,10,26,2,38.5,0,61.5,16,15.4,4,39.6,1,0,23.1,6,0,0,,,0.0,,,,,,,,,,,,,,,,,,,,,,,,,,,,,,,,,,,,,,,,,,,False
Matthew Maxey,198638,WR,KENT STATE,2,-2.0,0,100.0,,0,0,0,0.0,0,-0.59,0,201,0,66.7,61.0,58.1,,58.0,0.0,0,0,-1,0.0,0,5,0,20.0,1,100.0,5,80.0,4,79.2,1,0,20.0,1,-1,1,1.0,-1.0,-0.2,,,,,,,,,,,,,,,,,,,,,,,,,,,,,,,,,,,,,,,,,,,False
Parker Almanza,216963,TE,BAYLOR,1,10.0,0,100.0,,0,0,0,0.0,0,-1.81,1,118,0,66.7,61.0,78.8,64.5,74.5,50.0,1,0,12,50.0,1,2,0,50.0,1,50.0,1,50.0,1,116.7,1,0,0.0,0,12,2,2.0,12.0,12.0,,,,,,,,,,,,,,,,,,,,,,,,,,,,,,,,,,,,,,,,,,,False
Teaunn Hunter,198630,WR,KENT STATE,1,10.0,0,0.0,,0,0,0,,0,-1.12,0,201,0,,,55.4,,55.1,0.0,0,0,0,0.0,0,7,0,0.0,0,100.0,7,42.9,3,39.6,1,0,57.1,4,0,0,,,0.0,,,,,,,,,,,,,,,,,,,,,,,,,,,,,,,,,,,,,,,,,,,False
Demitrius Bell,170217,WR,NEBRASKA,4,-4.0,1,100.0,,0,0,0,0.0,0,0.3,0,238,0,66.7,61.0,54.2,,57.8,0.0,0,0,2,0.0,0,20,1,55.0,1,100.0,20,90.0,18,79.2,1,0,10.0,2,2,6,6.0,2.0,0.1,,,,,,,,,,,,,,,,,,,,,,,,,,,,,,,,,,,,,,,,,,,False
Noah Rogers,170266,WR,ALABAMA,1,25.0,0,100.0,,0,0,0,0.0,0,3.17,1,103,0,66.7,61.0,81.9,,74.5,0.0,0,0,36,0.0,0,1,0,100.0,1,100.0,1,0.0,0,118.8,1,0,100.0,1,36,11,11.0,36.0,36.0,,,,,,,,,,,,,,,,,,,,,,,,,,,,,,,,,,,,,,,,,,,False
Joey Schlaffer,170298,TE,TEMPLE,4,1.0,0,100.0,,0,0,0,0.0,0,1.04,1,306,0,66.7,61.0,56.9,,58.9,50.0,4,0,2,0.0,0,8,0,57.1,1,87.5,7,12.5,1,118.8,1,1,25.0,2,2,1,1.0,2.0,0.29,,,,,,,,,,,,,,,,,,,,,,,,,,,,,,,,,,,,,,,,,,,False
Carmelo Taylor,170300,WR,UTEP,2,4.0,0,100.0,,0,0,0,0.0,0,-0.98,0,330,0,66.7,61.0,57.4,,56.8,14.3,1,0,5,0.0,0,7,0,57.1,1,100.0,7,0.0,0,87.5,1,0,85.7,6,5,1,1.0,5.0,0.71,,,,,,,,,,,,,,,,,,,,,,,,,,,,,,,,,,,,,,,,,,,False
Chris Hunter,220576,HB,UTEP,2,0.0,0,100.0,,0,0,0,0.0,0,-0.95,0,330,0,66.7,67.3,60.5,76.4,61.3,12.5,1,0,0,50.0,4,8,0,0.0,1,37.5,3,0.0,0,79.2,1,0,12.5,1,0,0,0.0,0.0,0.0,,,,,,,,,,,,,,,,,,,,,,,,,,,,,,,,,,,,,,,,,,,False
Keynan Cotton,204016,WR,FRESNO ST,3,-3.0,0,100.0,,0,0,0,0.0,0,-0.94,0,169,0,66.7,61.0,57.9,,58.0,0.0,0,0,4,0.0,0,5,0,20.0,1,100.0,5,100.0,5,83.3,1,0,0.0,0,4,7,7.0,4.0,0.8,,,,,,,,,,,,,,,,,,,,,,,,,,,,,,,,,,,,,,,,,,,False
Jacob Simpson,184730,TE,MINNESOTA,3,15.0,0,0.0,,0,0,0,,0,0.06,0,225,0,,,46.9,68.0,48.7,52.2,12,0,0,8.7,2,23,0,47.8,0,91.3,21,43.5,10,39.6,1,0,4.3,1,0,0,,,0.0,,,,,,,,,,,,,,,,,,,,,,,,,,,,,,,,,,,,,,,,,,,False
Julius Gillick,204030,HB,FRESNO ST,4,-2.0,1,100.0,,0,0,0,0.0,0,-0.07,1,169,0,66.7,77.0,70.4,21.6,72.1,0.0,0,0,20,38.1,8,21,0,45.0,1,57.1,12,0.0,0,118.8,1,0,0.0,0,20,22,22.0,20.0,1.67,,,,,,,,,,,,,,,,,,,,,,,,,,,,,,,,,,,,,,,,,,,False
Owen Anderson,158195,TE,UMASS,4,8.0,0,0.0,,0,0,0,,0,0.53,0,216,0,,,56.7,67.5,49.4,86.7,13,0,0,20.0,3,15,0,45.5,0,60.0,9,13.3,2,39.6,1,0,0.0,0,0,0,,,0.0,,,,,,,,,,,,,,,,,,,,,,,,,,,,,,,,,,,,,,,,,,,False
Gavin Sawchuk,158088,HB,NWESTERN,3,18.0,0,0.0,,0,0,0,,0,0.35,0,256,0,,78.1,71.3,27.6,53.0,0.0,0,0,0,29.7,11,37,0,48.6,0,64.9,24,2.7,1,39.6,1,0,0.0,0,0,0,,,0.0,,,,,,,,,,,,,,,,,,,,,,,,,,,,,,,,,,,,,,,,,,,False
Colton Heinrich,184563,TE,GEORGIA,2,19.0,0,0.0,,0,0,0,,0,-0.26,0,173,0,,,79.9,68.9,52.3,85.7,6,0,0,28.6,2,7,0,42.9,0,71.4,5,14.3,1,39.6,1,0,0.0,0,0,0,,,0.0,,,,,,,,,,,,,,,,,,,,,,,,,,,,,,,,,,,,,,,,,,,False
Thomas Meyer,204058,TE,IOWA,4,5.0,0,100.0,,0,0,0,0.0,0,0.27,0,192,0,66.7,61.0,44.4,75.8,44.7,90.7,49,0,5,42.6,23,54,1,56.6,1,57.4,31,9.3,5,87.5,1,0,0.0,0,5,0,0.0,5.0,0.16,,,,,,,,,,,,,,,,,,,,,,,,,,,,,,,,,,,,,,,,,,,False
Jay Jay Etheridge,184073,WR,KENT STATE,1,12.0,0,100.0,,0,0,0,0.0,0,-0.2,1,201,0,66.7,61.0,73.5,,71.0,0.0,0,0,16,0.0,0,3,0,66.7,1,100.0,3,0.0,0,118.8,1,0,100.0,3,16,4,4.0,16.0,5.33,,,,,,,,,,,,,,,,,,,,,,,,,,,,,,,,,,,,,,,,,,,False
Jackson Stoner,220587,TE,UTEP,2,3.0,0,100.0,100.0,1,1,0,0.0,0,-0.97,0,330,0,66.7,61.0,55.2,,58.3,28.6,2,0,6,0.0,0,7,0,14.3,1,100.0,7,42.9,3,91.7,1,0,0.0,0,6,3,3.0,6.0,0.86,,,,,,,,,,,,,,,,,,,,,,,,,,,,,,,,,,,,,,,,,,,False
