player,player_id,position,team_name,player_game_count,assists,batted_passes,catch_rate,declined_penalties,forced_fumbles,franchise_id,fumble_recoveries,fumble_recovery_touchdowns,grades_coverage_defense,grades_defense,grades_defense_penalty,grades_pass_rush_defense,grades_run_defense,grades_tackle,hits,hurries,interception_touchdowns,interceptions,longest,missed_tackle_rate,missed_tackles,pass_break_ups,penalties,qb_rating_against,receptions,sacks,safeties,snap_counts_box,snap_counts_corner,snap_counts_coverage,snap_counts_defense,snap_counts_dl,snap_counts_dl_a_gap,snap_counts_dl_b_gap,snap_counts_dl_outside_t,snap_counts_dl_over_t,snap_counts_fs,snap_counts_offball,snap_counts_pass_rush,snap_counts_run_defense,snap_counts_slot,stops,tackles,tackles_for_loss,targets,total_pressures,touchdowns,yards,yards_after_catch,yards_per_reception
Mason White,43872,S,OREGON ST,11,5,0,80.0,0,1,265,0,0,81.1,69.2,81.8,68.1,43.3,73.7,0,0,0,0,18.0,11.1,3,2,0,92.5,4,0,0,91,3,83,194,0,0,0,0,0,55,194,4,107,44,6,19,1,5,0,0,31,18,7.8
James Camden,53418,LB,W MICHIGAN,12,18,0,72.2,0,2,347,0,0,78.5,82.3,83.9,76.5,76.3,65.1,1,8,0,0,24.0,14.3,12,0,0,110.2,13,4,0,486,1,222,557,18,0,0,18,0,0,539,63,272,52,35,54,2,18,13,1,127,82,9.8
Iesa Jarmon,53981,CB,AKRON,1,0,0,100.0,0,0,102,0,0,43.4,43.4,71.0,,60.0,,0,0,0,0,37.0,,0,0,0,158.3,2,0,0,1,11,8,12,0,0,0,0,0,0,12,0,4,0,0,0,0,2,0,2,49,21,24.5
Malik Denkins,55516,ED,C MICHIGAN,7,3,0,,0,0,134,0,0,61.2,61.6,78.9,56.2,59.2,77.9,0,0,0,0,,0.0,0,0,0,0.0,0,0,0,0,0,0,63,63,5,0,51,7,0,0,26,37,0,3,3,0,0,0,0,0,0,
Shaun Myers,62235,LB,COLORADO,12,7,0,72.7,0,0,143,1,0,74.1,70.1,29.0,52.4,69.1,54.8,0,3,0,0,33.0,17.5,7,1,1,125.0,8,0,0,275,2,95,318,21,0,0,21,0,0,297,33,190,19,19,26,4,11,3,2,60,45,7.5
Will Whitson,64470,ED,MISS STATE,2,2,0,,0,0,227,0,0,,81.1,76.9,74.8,75.4,78.8,0,4,0,0,,0.0,0,0,0,0.0,0,2,0,0,0,0,46,46,0,2,29,15,0,0,28,18,0,5,3,3,0,6,0,0,0,
Mister Williams,70521,LB,S DIEGO ST,12,20,0,65.4,0,0,284,0,0,54.0,70.0,83.8,72.1,80.7,75.9,2,5,0,0,35.0,7.9,5,1,0,99.5,17,0,0,433,2,267,547,17,0,0,17,0,0,530,34,246,95,25,38,3,26,7,1,188,150,11.1
Ben Florentine,70644,DI,WYOMING,12,9,1,,0,0,351,0,0,57.0,74.8,86.1,69.3,74.5,67.5,5,12,0,0,,8.8,3,0,0,0.0,0,4,0,1,0,3,551,550,62,408,7,73,0,1,266,282,0,21,22,3,0,21,0,0,0,
Korey Foreman,70831,ED,FRESNO ST,12,4,1,66.7,1,0,169,0,0,46.4,67.3,33.8,69.8,71.9,58.7,4,8,0,0,17.0,21.7,5,2,2,103.5,2,4,0,0,0,18,304,304,0,4,297,3,0,0,177,109,0,13,14,2,3,16,0,33,10,16.5
Calvin Pitcher,70877,LB,UAB,12,14,0,77.8,0,0,321,0,0,45.6,60.1,84.7,52.3,70.4,66.1,0,2,0,0,65.0,14.9,7,1,0,155.8,7,1,0,232,0,88,307,51,0,0,50,1,0,256,19,200,24,15,26,0,9,3,1,126,104,18.0
Tate Romney,70946,LB,ARIZONA ST,10,2,0,66.7,0,0,110,0,0,52.1,49.6,0.0,53.4,56.5,50.2,0,0,0,0,30.0,21.4,3,1,1,138.9,4,0,0,77,0,46,101,11,0,0,11,0,2,90,7,48,11,2,9,0,6,0,1,60,31,15.0
Domani Jackson,71370,CB,ALABAMA,13,4,0,77.8,0,0,103,0,0,68.9,68.6,28.0,67.2,66.2,86.0,0,1,0,0,38.0,5.1,2,1,4,116.9,14,0,0,33,371,255,418,7,0,0,7,0,6,411,3,160,1,12,33,2,18,1,1,137,36,9.8
Keanu Tanuvasa,71398,DI,BYU,12,9,1,,0,0,128,0,0,71.7,63.2,43.9,63.5,61.3,54.0,2,16,0,0,,19.2,5,0,2,0.0,0,2,0,2,0,0,453,451,225,201,0,25,0,2,256,197,0,12,12,1,0,20,0,0,0,
Aaron Smith,71596,CB,NEW MEXICO,2,0,0,100.0,0,0,241,0,0,33.3,34.2,76.3,,53.8,41.8,0,0,0,0,19.0,50.0,1,0,0,108.3,5,0,0,2,1,13,25,0,0,0,0,0,1,25,0,12,21,0,1,0,5,0,0,50,13,10.0
DJ Harvey,72089,CB,USC,7,2,0,58.3,0,0,326,0,0,51.4,52.7,78.8,,64.3,40.7,0,0,0,0,75.0,28.6,2,1,1,130.6,7,0,0,3,96,74,104,0,0,0,0,0,1,104,0,30,4,0,3,0,12,0,1,155,59,22.1
Solomone Langi,72318,DI,S JOSE ST,11,9,0,,0,0,285,0,0,60.7,71.4,82.6,66.4,70.5,60.2,2,0,0,0,,10.0,2,0,0,0.0,0,2,0,0,0,1,208,208,103,104,0,1,0,0,72,135,0,9,9,1,0,4,0,0,0,
Raider Damuni,72338,S,BYU,10,9,0,52.9,0,0,128,1,0,69.5,65.9,81.8,60.7,58.2,63.2,0,3,0,1,33.0,15.4,6,2,0,68.8,9,0,0,142,1,191,340,5,0,0,5,0,112,335,6,143,80,13,24,0,17,3,1,112,69,12.4
Justin Flowe,72388,LB,UNLV,9,5,0,66.7,0,0,325,0,0,75.4,75.3,0.0,56.5,81.1,67.7,0,2,0,0,5.0,9.1,1,1,1,70.1,2,0,0,66,0,41,77,5,0,0,5,0,0,72,12,24,5,3,5,0,3,2,0,8,8,4.0
Ian Shewell,72474,DI,ARIZONA ST,2,0,0,,0,0,110,0,0,60.2,65.7,71.6,63.4,60.9,71.3,0,1,0,0,,0.0,0,0,0,0.0,0,0,0,0,0,1,13,13,0,11,0,2,0,0,9,3,0,0,1,0,0,1,0,0,0,
Jadon Pearson,72538,LB,FRESNO ST,12,20,0,84.8,0,0,169,1,0,66.9,63.9,86.6,47.6,63.9,76.3,2,7,0,0,41.0,9.1,9,1,0,97.5,28,0,0,591,4,337,689,48,0,0,48,0,1,641,50,302,43,39,70,6,33,9,0,244,219,8.7
Marco Notarainni,73389,LB,BOISE ST,12,14,0,73.7,0,0,120,1,0,69.2,64.0,55.6,63.3,58.2,52.7,9,20,0,0,36.0,18.7,14,1,1,100.5,14,1,0,601,4,233,654,20,0,0,20,0,0,634,98,323,29,35,47,2,19,30,0,169,119,12.1
Trent Whalen,73609,LB,ARKANSAS,7,0,0,100.0,0,0,111,0,0,54.8,61.6,74.0,64.6,69.8,82.7,1,2,0,0,20.0,0.0,0,0,0,118.8,5,0,0,27,0,19,33,1,0,0,1,0,0,32,3,11,4,4,7,0,5,3,0,66,46,13.2
Gio De Leon,73658,LB,BUFFALO,4,0,0,,0,0,126,0,0,64.2,60.9,74.4,57.7,57.0,73.0,0,0,0,0,,0.0,0,0,0,0.0,0,0,0,16,0,8,22,6,0,0,6,0,0,16,3,11,0,1,1,0,0,0,0,0,0,
Cory Hall,73699,DI,UNLV,3,0,0,,0,0,325,0,0,,53.4,71.7,58.0,55.2,,0,1,0,0,,,0,0,0,0.0,0,0,0,0,0,0,12,12,1,9,0,2,0,0,5,7,0,0,0,0,0,1,0,0,0,
Taariq Al-Uqdah,74119,LB,WASHINGTON,3,1,0,57.1,0,0,340,0,0,63.4,64.1,80.5,68.8,58.5,78.4,0,2,0,0,25.0,6.7,1,0,0,73.5,4,1,0,139,5,80,152,3,0,0,3,0,0,149,16,56,4,9,13,1,7,3,0,40,14,10.0
Ryan Quintanar,74152,LB,USC,2,0,0,100.0,0,0,326,0,0,36.1,28.7,70.8,56.0,41.7,17.7,0,1,0,0,5.0,100.0,2,0,0,87.5,1,0,0,8,0,4,11,1,0,0,1,0,0,10,3,4,2,0,0,0,1,1,0,5,3,5.0
Justin Sinclair,74258,S,HAWAII,9,3,0,57.1,0,2,180,0,0,50.2,56.6,79.7,60.0,69.3,79.8,0,0,0,0,13.0,5.9,1,0,2,74.1,4,0,0,52,0,64,129,2,0,0,2,0,41,127,1,64,33,2,13,0,7,0,0,41,8,10.3
Zion Branch,74395,S,GEORGIA,8,1,0,87.5,0,0,173,0,0,59.0,64.0,82.3,,75.3,74.7,0,0,0,0,20.0,8.7,2,0,2,99.0,7,0,0,51,1,119,196,3,0,0,3,0,118,193,0,77,23,9,20,1,8,0,0,62,26,8.9
Jaymar Mundy,75041,CB,OHIO,5,0,0,60.0,2,0,259,0,0,51.2,48.9,0.0,,58.6,59.0,0,0,0,0,42.0,25.0,1,0,2,143.8,3,0,0,3,55,34,60,0,0,0,0,0,0,60,0,26,1,1,3,0,5,0,1,63,9,21.0
Silas Walters,75263,S,MIAMI OH,10,14,1,55.2,1,0,221,0,0,71.4,70.5,52.3,64.0,68.5,63.3,0,4,0,3,23.0,16.1,10,4,3,73.1,32,0,0,137,2,363,614,24,0,0,24,0,39,590,15,236,412,12,38,1,58,4,4,328,91,10.3
Aneesh Vyas,75285,DI,WYOMING,9,3,0,,0,0,351,0,0,60.0,55.5,83.0,50.5,56.5,64.3,1,1,0,0,,7.7,1,1,0,0.0,0,0,0,0,0,0,266,266,46,172,5,43,0,0,140,126,0,5,9,0,0,2,0,0,0,
Bam Booker,76122,ED,BOWL GREEN,12,5,1,,0,0,122,0,0,61.8,55.6,60.7,53.8,57.1,70.5,0,7,0,0,,6.3,1,0,1,0.0,0,0,0,1,0,0,361,360,12,121,173,54,0,1,187,174,0,6,10,0,0,7,0,0,0,
Solomon Vanhorse,78573,HB,INDIANA,1,0,0,,0,0,190,0,0,,60.0,60.0,,60.0,,0,0,0,0,,,0,0,0,0.0,0,0,0,0,0,0,1,0,0,0,0,0,0,1,0,1,0,0,0,0,0,0,0,0,0,
Moroni Anae,81437,LB,UTAH,6,1,1,,0,0,328,0,0,58.6,81.4,75.9,74.5,85.4,60.7,0,1,0,0,,20.0,1,0,0,0.0,0,0,0,26,0,9,31,5,0,0,5,0,0,26,7,15,0,2,3,0,0,1,0,0,0,
Brendon Harris,83446,S,MIDDLE TN,12,9,0,64.3,0,0,224,0,0,57.7,63.3,86.1,60.5,70.8,73.4,0,0,0,0,56.0,10.3,4,0,0,137.8,9,0,0,144,5,201,422,41,0,0,41,0,138,381,10,211,93,13,26,3,14,0,2,143,81,15.9
Jayden Dunlap,85725,CB,BYU,8,2,0,57.1,0,0,128,0,0,56.4,59.6,78.5,71.4,67.6,58.7,0,0,0,0,35.0,16.7,1,0,0,133.9,4,0,0,10,100,68,115,0,0,0,0,0,0,115,1,46,5,2,3,0,7,0,1,75,24,18.8
Gracen Halton,85774,DI,OKLAHOMA,13,7,1,,0,0,261,1,1,59.6,85.0,64.3,76.9,87.5,65.9,3,22,0,0,,14.3,4,0,1,0.0,0,5,0,1,0,3,422,421,75,287,25,34,0,1,259,160,0,19,17,3,0,30,0,0,0,
Kalib Perry,86267,LB,LOUISVILLE,12,6,1,78.6,0,0,210,0,0,51.8,60.1,84.0,52.3,69.8,58.9,1,4,0,1,33.0,15.4,8,1,0,105.5,22,0,0,275,0,166,357,46,0,0,46,0,0,311,38,153,36,24,38,2,28,5,1,281,135,12.8
Blake Ruffin,86298,S,LOUISVILLE,6,3,0,,0,0,210,0,0,70.5,66.8,76.6,60.0,57.4,63.9,0,0,0,0,,14.3,1,0,0,0.0,0,0,0,11,0,22,52,4,0,0,4,0,16,48,1,29,20,1,3,0,0,0,0,0,0,
Jalil Tucker,86578,CB,OREGON ST,11,3,0,58.7,1,0,265,0,0,55.1,56.8,84.2,63.7,62.1,54.3,1,0,0,1,61.0,21.2,7,2,5,113.0,27,0,0,41,449,270,506,1,0,0,1,0,1,505,6,230,13,4,23,0,46,1,4,464,151,17.2
Jackson Schulz,86773,S,KENTUCKY,5,2,0,,0,0,202,0,0,80.5,78.8,72.1,,67.3,82.6,0,0,0,0,,0.0,0,1,0,0.0,0,0,0,9,0,11,26,0,0,0,0,0,14,26,0,15,1,0,2,0,0,0,0,0,0,
Ceyair Wright,86877,CB,NEBRASKA,12,10,0,56.4,0,0,238,0,0,65.5,67.7,50.0,57.2,75.2,46.8,0,2,0,0,45.0,23.1,9,4,3,83.2,22,1,0,105,158,295,612,17,0,0,17,0,7,595,8,309,323,7,20,1,39,3,1,239,205,10.9
David Reese,90079,ED,SYRACUSE,12,4,2,60.0,0,0,304,2,0,58.4,60.1,52.0,68.3,51.9,74.7,2,17,0,0,24.0,7.4,2,0,2,97.1,3,3,0,17,0,48,495,463,0,7,448,8,0,32,248,199,14,12,21,0,5,22,0,54,42,18.0
Chance Tucker,90524,CB,NOTRE DAME,4,0,0,50.0,0,0,258,0,0,42.7,45.1,74.8,55.4,63.5,,0,0,0,0,6.0,,0,0,0,56.3,2,0,0,1,32,14,36,0,0,0,0,0,0,36,1,21,3,0,0,0,4,0,0,9,0,4.5
Ose Egbase,90529,ED,UNLV,12,6,0,,0,1,325,0,0,67.6,62.8,84.5,68.8,51.5,37.2,0,14,0,0,,22.7,5,0,0,0.0,0,2,0,1,0,3,308,305,17,59,179,50,0,3,183,122,0,8,11,0,0,16,0,0,0,
Tyrice Ivy Jr.,90783,S,OREGON ST,1,4,0,100.0,0,0,265,0,0,57.9,64.0,74.3,59.4,72.3,83.4,0,0,0,0,19.0,0.0,0,0,0,147.9,3,0,0,20,3,16,37,0,0,0,0,0,2,37,1,20,12,0,3,0,3,0,1,30,11,10.0
Solomon Brown,97386,S,BUFFALO,12,10,0,56.0,0,1,126,0,0,70.5,72.9,88.8,58.1,75.2,76.1,0,1,0,1,43.0,10.3,6,4,2,85.4,14,0,0,183,2,335,625,34,0,0,34,0,275,591,6,284,130,15,42,0,25,1,2,160,48,11.4
Marvae Myers,97517,CB,MARSHALL,10,5,0,45.7,0,0,214,0,0,64.0,67.3,84.6,67.8,76.7,66.5,0,0,0,1,69.0,14.7,5,2,6,106.1,16,1,0,78,434,297,535,2,0,0,2,0,17,533,4,234,4,6,24,0,35,1,4,334,146,20.9
Jett Elad,97543,S,RUTGERS,12,15,0,88.2,0,1,278,1,0,65.3,63.1,17.7,67.0,60.3,43.5,2,1,0,2,69.0,19.8,19,2,2,98.8,15,0,0,368,5,341,670,47,0,0,46,1,222,623,22,307,28,15,62,3,17,3,1,276,129,18.4
Mohamed Toure,97751,LB,MIAMI FL,13,17,0,67.3,0,0,220,0,0,39.1,57.6,84.1,71.7,71.8,52.7,0,10,0,0,36.0,18.6,16,3,0,97.7,33,1,0,418,0,275,528,17,0,0,17,0,0,511,46,207,91,28,53,1,49,11,2,304,192,9.2
Zaylin Wood,97761,DI,VANDERBILT,12,7,1,,0,0,333,0,0,58.8,66.5,85.7,67.1,61.9,52.2,3,14,0,1,,19.0,4,0,0,0.0,0,5,0,5,0,6,411,406,74,174,123,35,0,5,271,134,0,14,10,0,0,22,0,0,0,
Mark Davis,97886,CB,VANDERBILT,11,2,0,60.0,0,1,333,0,0,81.5,77.5,82.5,59.3,46.8,45.0,0,0,0,0,32.0,26.7,8,3,0,76.3,12,0,0,5,227,163,246,1,0,0,1,0,0,245,1,82,13,9,20,2,20,0,0,116,33,9.7
Shammond Cooper,97918,LB,AKRON,11,14,0,77.8,0,0,102,0,0,49.6,69.1,86.4,66.5,81.6,81.9,1,4,0,0,38.0,6.3,4,0,0,126.2,21,1,0,449,3,238,515,16,0,0,16,0,0,499,30,247,47,29,45,3,27,6,2,226,174,10.8
Anthonie Cooper,97970,DI,ARIZONA ST,11,1,0,,0,0,110,0,0,63.6,55.9,79.6,52.8,56.7,76.6,2,4,0,1,,0.0,0,0,0,0.0,0,2,0,1,0,1,167,166,0,74,12,80,0,1,134,32,0,4,2,0,0,8,0,0,0,
Jalar Holley,97977,DI,CHARLOTTE,12,0,0,,0,0,136,0,0,,56.9,82.2,57.7,55.6,77.1,1,3,0,0,,0.0,0,0,0,0.0,0,1,0,0,0,0,241,241,29,203,0,9,0,0,108,133,0,6,7,0,0,5,0,0,0,
Richie Hagarty,98121,ED,NWESTERN,8,3,0,100.0,0,0,256,0,0,52.7,59.0,46.1,61.7,60.7,80.7,1,4,0,0,10.0,0.0,0,0,1,108.3,1,1,0,0,0,9,206,206,0,10,163,33,0,0,101,96,0,5,7,1,1,6,0,10,1,10.0
Myles Farmer,98122,S,APP STATE,5,1,0,100.0,0,0,108,0,0,52.6,58.2,0.0,59.8,71.6,66.8,0,0,0,0,22.0,16.7,1,0,1,118.8,1,0,0,12,2,5,34,9,0,0,9,0,5,25,1,28,6,2,4,2,1,0,0,22,9,22.0
Immanuel Hickman Sr.,98192,DI,VA TECH,12,8,0,,0,1,337,0,0,70.2,72.6,45.6,55.8,78.8,79.1,1,1,0,0,,0.0,0,0,1,0.0,0,0,0,1,0,0,210,209,84,122,0,3,0,1,90,120,0,5,6,0,0,2,0,0,0,
Quindarius Dunnigan,98193,ED,MICH STATE,12,11,0,100.0,0,1,223,0,0,69.3,69.9,59.2,63.0,70.7,72.2,6,10,0,0,6.0,10.0,3,0,1,91.7,1,5,0,1,0,3,306,304,2,23,259,20,0,2,176,127,0,14,16,3,1,21,0,6,1,6.0
Zukudo Igwenagu,98305,ED,UMASS,11,3,1,,0,0,216,0,0,,59.8,49.3,61.1,59.7,32.1,1,3,0,0,,26.3,5,0,1,0.0,0,0,0,0,0,0,240,240,0,2,149,89,0,0,79,161,0,10,11,0,0,4,0,0,0,
Jalen Catalon,98867,S,MISSOURI,12,11,0,76.9,0,0,229,0,0,74.8,75.3,83.4,57.8,75.4,79.1,0,3,0,0,25.0,12.5,5,0,0,93.1,10,0,0,123,1,188,342,6,0,0,6,0,168,336,9,145,44,11,24,0,13,3,0,84,46,8.4
Taurean Carter II,98934,DI,COLORADO,6,1,0,,0,0,143,0,0,,65.5,76.8,53.6,69.5,75.3,0,0,0,0,,0.0,0,0,0,0.0,0,0,0,0,0,0,66,65,1,60,0,4,0,1,25,41,0,1,3,0,0,0,0,0,0,
Isaiah Gibson Sr.,98952,DI,SO MISS,12,6,1,,0,0,296,0,0,55.7,49.4,67.9,57.3,47.1,29.7,0,7,0,0,,25.0,5,0,1,0.0,0,0,0,7,0,2,487,480,193,280,2,5,0,7,239,246,0,7,9,0,0,7,0,0,0,
Brandon Mack II,99105,ED,HOUSTON,12,11,0,81.8,0,2,182,0,0,66.7,69.6,52.5,62.3,74.9,48.7,4,8,0,0,22.0,22.5,9,0,2,91.7,9,5,0,5,0,59,499,467,0,1,466,0,0,32,225,215,27,20,20,1,11,17,0,66,30,7.3
Will Jones II,99276,S,N TEXAS,12,12,0,56.7,0,1,251,2,0,68.6,66.9,87.6,57.5,62.8,62.0,1,1,0,2,42.0,17.5,14,1,1,72.9,17,0,0,411,5,324,747,21,0,0,21,0,224,726,15,408,86,13,54,2,30,2,2,210,102,12.4
Logan Wilson,99280,CB,CINCINNATI,11,9,0,56.8,0,2,138,2,0,74.1,72.5,5.8,,70.7,65.5,0,0,0,0,69.0,13.0,6,6,3,104.4,21,0,0,65,471,301,547,7,0,0,7,0,0,540,0,246,4,9,31,2,37,0,2,329,88,15.7
Isheem Young,99281,S,MEMPHIS,7,0,0,50.0,0,0,218,0,0,65.1,64.9,84.7,60.0,55.6,37.2,0,0,0,0,15.0,33.3,1,0,0,75.0,1,0,0,32,0,50,81,2,0,0,2,0,29,79,1,30,17,1,2,0,2,0,0,15,10,15.0
Virdel Edwards II,99286,CB,HAWAII,11,2,0,76.2,0,0,180,0,0,70.6,70.4,31.3,,69.6,68.7,0,0,0,0,52.0,7.4,2,2,3,133.4,16,0,0,37,410,268,457,0,0,0,0,0,0,457,0,189,10,7,23,1,21,0,1,262,81,16.4
Deshawn McCuin,99502,CB,S DIEGO ST,10,2,0,64.7,0,0,284,0,0,72.5,69.2,81.4,57.5,53.3,40.0,0,0,0,1,32.0,26.7,4,1,0,59.4,11,0,0,21,134,114,199,3,0,0,3,0,28,196,2,83,13,6,9,1,17,0,0,114,43,10.4
Nate Temple,99726,ED,PITTSBURGH,11,2,0,,1,0,268,0,0,53.6,53.2,40.8,48.8,64.1,42.6,3,1,0,0,,18.2,2,0,1,0.0,0,0,0,2,0,2,170,168,0,1,165,2,0,2,90,78,0,5,7,1,0,4,0,0,0,
Cecil Powell,99735,S,SM HOUSTON,11,6,0,64.1,1,1,281,1,0,74.6,77.4,21.5,68.8,85.9,74.2,1,5,0,1,48.0,9.3,5,2,5,79.5,25,1,0,108,5,274,535,104,0,0,104,0,7,431,29,232,311,18,43,5,39,7,1,245,166,9.8
Jordan Huff,99745,S,GA STATE,12,11,0,71.4,0,0,175,0,0,63.1,61.0,83.6,57.9,56.5,51.8,0,2,0,1,27.0,20.7,12,2,0,61.3,10,0,0,242,2,222,470,1,0,0,1,0,162,469,4,244,63,9,35,1,14,2,0,99,46,9.9
Antonio Clary,99757,S,VIRGINIA,9,5,0,85.7,0,0,335,0,0,69.4,66.5,0.0,59.9,64.5,81.3,1,0,0,2,19.0,5.6,1,0,1,67.0,6,0,0,81,0,100,174,0,0,0,0,0,71,174,1,73,22,2,12,0,7,1,0,67,36,11.2
Kenan Johnson,99761,CB,VIRGINIA,1,0,0,,0,0,335,0,0,61.9,50.1,68.8,,49.2,21.4,0,0,0,0,,100.0,1,0,0,0.0,0,0,0,0,5,2,5,0,0,0,0,0,0,5,0,3,0,0,0,0,0,0,0,0,0,
Rico Watson III,99809,ED,USF,12,6,0,84.2,0,0,327,0,0,40.6,61.9,11.4,69.9,78.1,54.5,1,8,0,1,24.0,19.6,9,0,4,77.6,16,2,0,98,2,148,493,338,0,3,325,10,1,155,146,199,54,21,31,4,19,11,0,150,104,9.4
Ben Smiley,99845,ED,UCONN,10,3,0,100.0,0,0,146,0,0,57.9,57.7,84.5,57.7,58.0,34.0,2,9,0,0,5.0,29.6,8,0,0,127.1,1,0,0,3,0,12,322,318,0,18,207,93,0,4,160,150,0,13,16,3,1,11,1,5,7,5.0
Blaine Spires,100324,ED,PITTSBURGH,8,3,0,,0,0,268,0,0,52.4,74.3,86.3,69.8,76.0,56.3,2,11,0,0,,18.8,3,0,0,0.0,0,2,0,0,0,5,236,236,0,4,224,8,0,0,129,102,0,11,10,2,0,15,0,0,0,
Siale Taupaki,100432,DI,UCLA,12,3,0,,0,0,324,1,0,60.0,63.0,53.3,61.9,64.6,50.0,2,6,0,0,,18.8,3,0,1,0.0,0,1,0,1,0,0,290,289,32,228,2,27,0,1,136,154,0,8,10,1,0,9,0,0,0,
Stephon Wright,100437,DI,UCONN,12,10,1,50.0,0,0,146,0,0,52.7,67.2,83.0,65.5,71.8,41.8,1,10,0,0,19.0,23.3,7,0,0,122.9,1,1,0,0,0,9,342,342,3,181,46,112,0,0,157,176,0,11,13,1,2,12,1,19,7,19.0
De'Jon Benton,100445,DI,HAWAII,11,9,0,,0,1,180,0,0,62.8,79.7,0.0,90.0,70.1,39.0,7,27,0,0,,28.2,11,0,6,0.0,0,7,1,2,0,2,496,494,33,281,109,71,0,2,293,201,0,21,19,4,0,41,0,0,0,
Levani Damuni,100457,LB,UTAH,12,10,1,57.1,0,0,328,1,0,63.3,76.5,82.5,64.4,82.6,85.9,2,7,0,0,11.0,2.9,1,0,0,69.9,4,2,0,250,2,101,293,30,0,0,28,2,0,263,52,140,11,14,23,3,7,11,0,34,38,8.5
Sitiveni Havili Kaufusi,100595,ED,OKLA STATE,12,4,0,,0,0,262,0,0,67.2,63.2,49.3,58.2,64.8,58.2,0,6,0,0,,21.1,4,1,1,0.0,0,2,0,1,0,0,246,245,10,92,69,74,0,1,133,113,0,11,11,1,0,8,0,0,0,
Naki Fahina,101179,DI,UTAH ST,5,1,0,,0,0,329,0,0,61.3,62.7,81.4,58.4,63.2,76.2,0,1,0,0,,0.0,0,0,0,0.0,0,0,0,0,0,1,127,127,98,24,0,5,0,0,69,57,0,4,5,1,0,1,0,0,0,
Javin Wright,101373,LB,NEBRASKA,11,21,0,58.1,0,0,238,0,0,74.2,80.3,84.2,64.9,82.8,74.9,0,3,0,1,20.0,10.3,9,1,0,65.4,18,2,0,419,6,232,515,33,0,0,33,0,1,482,29,254,55,28,57,6,31,5,1,131,92,7.3
Smith Vilbert,101408,ED,N CAROLINA,12,10,2,,0,1,245,2,0,71.4,64.3,53.1,58.8,67.5,44.0,1,18,0,0,,25.0,9,0,2,0.0,0,2,0,1,0,2,534,531,0,58,352,121,0,3,274,258,0,14,17,4,0,21,0,0,0,
Jalen Hunt,101456,ED,CINCINNATI,12,3,0,,0,0,138,0,0,60.0,76.1,84.8,58.7,86.7,75.9,3,16,0,0,,10.5,2,0,0,0.0,0,3,0,2,0,0,498,496,8,107,117,264,0,2,268,230,0,14,14,4,0,22,0,0,0,
Joey Velazquez,101480,LB,OHIO STATE,1,0,0,,0,0,260,0,0,,64.4,67.2,,62.4,,0,0,0,0,,,0,0,0,0.0,0,0,0,3,0,0,3,0,0,0,0,0,0,3,0,3,0,0,0,0,0,0,0,0,0,
Derik LeCaptain,101506,LB,MINNESOTA,3,1,0,,0,0,225,0,0,63.2,60.7,74.5,56.6,59.5,75.7,0,0,0,0,,0.0,0,0,0,0.0,0,0,0,10,0,3,23,10,0,0,10,0,0,13,5,15,3,1,1,0,0,0,0,0,0,
Tate Hallock,101668,S,W MICHIGAN,12,13,0,58.1,0,1,347,1,0,80.8,78.1,86.7,54.0,75.4,70.6,0,5,1,2,48.0,13.2,9,2,0,46.8,18,1,0,260,2,324,653,21,0,0,21,0,203,632,26,303,167,23,46,2,31,6,0,173,109,9.6
Marlon Jones,101808,CB,VANDERBILT,7,1,0,76.9,0,0,333,0,0,58.4,55.5,79.7,57.7,36.4,84.5,0,0,0,0,15.0,0.0,0,0,0,116.8,10,0,0,3,93,87,122,0,0,0,0,0,0,122,1,34,26,0,8,0,13,0,1,78,27,7.8
Rushawn Lawrence,101911,DI,MINNESOTA,12,4,0,,0,0,225,0,0,60.8,59.3,82.5,58.8,57.9,60.9,0,6,0,0,,13.6,3,0,0,0.0,0,3,0,0,0,0,273,273,32,208,18,15,0,0,160,113,0,12,15,2,0,9,0,0,0,
Brendan Harrington,102848,LB,GA SOUTHRN,12,20,2,87.5,0,0,174,0,0,74.6,61.7,86.6,59.8,50.4,58.2,0,8,0,1,26.0,15.5,16,1,0,75.9,28,0,0,620,1,349,773,51,0,0,51,0,0,722,47,377,100,37,67,2,32,8,0,171,124,6.1
Logan Lutui,103655,ED,BYU,12,11,1,50.0,0,0,128,0,0,76.1,70.8,29.3,60.4,74.1,61.5,2,7,0,1,18.0,14.9,7,2,3,19.3,4,1,0,4,0,49,443,434,0,27,371,36,0,9,158,236,5,22,29,2,8,10,0,29,13,7.3
Marcus Bellon,104082,WR,NEVADA,1,0,0,,0,0,239,0,0,,60.0,60.0,,60.0,,0,0,0,0,,,0,0,0,0.0,0,0,0,0,0,0,1,0,0,0,0,0,0,1,0,1,0,0,0,0,0,0,0,0,0,
Noah Holmes,104560,LB,E CAROLINA,9,1,0,,0,0,156,0,0,70.8,73.3,74.4,65.4,70.3,65.7,0,3,0,0,,15.4,2,0,0,0.0,0,0,0,65,0,27,80,3,0,0,3,0,2,77,8,45,9,7,10,0,0,3,0,0,0,
Jalen Bell,106404,DI,MEMPHIS,12,8,0,,0,0,218,0,0,63.1,77.1,84.7,60.7,84.6,53.6,5,13,0,1,,17.1,7,0,0,0.0,0,1,0,1,0,1,505,503,14,237,94,158,0,2,278,226,0,20,26,4,0,19,0,0,0,
Clay Patterson,106446,DI,STANFORD,12,5,0,,0,1,300,1,0,58.5,82.8,62.3,83.1,76.1,59.3,7,16,0,0,,15.4,4,0,1,0.0,0,5,0,4,0,0,421,417,55,228,28,106,0,4,264,157,0,17,17,1,0,28,0,0,0,
Marques White,108130,ED,UMASS,12,9,1,50.0,0,2,216,0,0,65.3,90.2,90.1,92.3,76.0,70.7,9,15,0,0,10.0,13.3,6,1,0,64.6,1,6,0,23,0,30,470,444,0,1,440,3,2,26,174,266,1,24,30,6,2,30,0,10,4,10.0
Tra Thomas,116043,ED,NC STATE,12,11,0,50.0,0,1,248,0,0,50.6,59.6,54.7,65.9,57.7,73.0,2,7,0,0,4.0,8.7,2,0,1,95.8,1,3,0,19,0,32,322,292,0,0,292,0,0,30,148,142,11,9,10,2,2,12,1,4,0,4.0
Elijah Culp,121345,CB,JAMES MAD,12,5,0,44.4,0,0,197,0,0,77.3,76.1,0.0,64.9,75.9,42.7,0,2,0,1,44.0,20.5,9,5,5,62.9,20,0,0,60,583,391,694,10,0,0,10,0,4,684,11,292,35,14,30,1,45,2,2,197,85,9.9
Sam Howard,121351,LB,TULANE,10,11,0,78.9,0,1,319,0,0,64.0,70.6,46.2,64.5,75.8,64.9,1,15,0,0,53.0,15.7,8,0,1,124.3,15,3,0,426,0,232,509,20,0,0,19,1,5,489,57,220,57,20,32,4,19,19,1,183,157,12.2
Caullin Lacy,121426,WR,LOUISVILLE,2,0,0,,0,0,210,0,0,,60.0,60.0,,60.0,,0,0,0,0,,,0,0,1,0.0,0,0,0,0,0,0,2,0,0,0,0,0,0,2,0,2,0,0,0,0,0,0,0,0,0,
Tyrese Hopkins,121461,LB,LA MONROE,11,2,0,80.0,0,0,209,0,0,55.9,52.5,0.5,48.4,56.7,60.9,0,2,0,0,19.0,15.4,2,0,1,95.8,4,0,0,129,0,54,159,27,0,0,27,0,0,132,8,97,3,6,9,0,5,2,0,35,22,8.8
Kenneth Harris,121523,CB,OKLA STATE,12,4,0,66.7,0,0,262,0,0,46.3,45.6,87.6,67.2,38.8,29.2,1,2,0,0,47.0,31.3,15,8,1,121.3,38,1,0,148,1,324,669,13,0,0,13,0,62,656,19,326,445,10,29,0,57,4,4,551,310,14.5
Corbet Mims,121534,ED,JVILLE ST,9,1,1,,0,0,196,0,0,,65.1,78.2,64.6,62.5,75.9,0,3,0,0,,0.0,0,0,0,0.0,0,0,0,1,0,0,77,76,0,12,31,33,0,1,43,34,0,3,3,0,0,3,0,0,0,
Channing Canada,121668,CB,TCU,12,4,0,66.7,0,0,305,0,0,59.1,61.7,85.4,53.1,73.4,64.1,0,1,0,0,57.0,12.5,5,2,3,105.6,22,0,0,20,580,335,608,3,0,0,3,0,4,605,2,271,0,7,31,0,33,1,1,300,82,13.6
Isaiah Cash,121669,CB,VA TECH,12,11,0,58.1,1,0,337,0,0,60.1,59.3,87.3,66.0,51.9,81.1,2,2,0,1,44.0,7.1,3,1,4,69.2,25,0,0,79,0,264,481,9,0,0,9,0,2,472,11,206,391,11,28,1,43,4,0,293,124,11.7
Immanuel Bush,121724,DI,JAMES MAD,13,5,1,,0,0,197,0,0,69.5,72.8,83.6,60.9,73.5,46.2,0,6,0,0,,17.9,5,0,0,0.0,0,2,0,3,0,1,310,306,89,216,0,1,0,4,134,175,0,16,18,4,0,8,0,0,0,
Jayshaun Coffman,121726,DI,LOUISVILLE,3,0,0,,0,0,210,0,0,,69.8,72.9,65.8,67.0,74.8,0,2,0,0,,0.0,0,0,0,0.0,0,0,0,0,0,0,22,22,0,13,0,9,0,0,11,11,0,3,3,0,0,2,0,0,0,
JoJo Evans Jr.,121728,S,LOUISVILLE,11,14,1,53.3,0,0,210,0,0,69.2,67.4,51.4,65.0,62.9,76.7,2,5,0,1,38.0,11.5,7,3,1,79.6,16,0,0,162,4,344,623,42,0,0,42,0,323,581,28,251,92,14,40,1,30,7,2,178,82,11.1
Kerion Martin,121739,LB,MARSHALL,12,12,0,71.4,0,0,214,0,0,64.2,69.3,86.0,57.9,74.9,69.5,4,7,0,0,16.0,14.0,8,1,0,94.9,10,2,0,278,0,159,438,121,0,0,121,0,0,317,83,196,39,24,37,6,14,13,0,112,60,11.2
Zane Porter,121745,LB,MARSHALL,2,1,0,0.0,0,0,214,0,0,49.1,60.6,72.2,,72.7,75.6,0,0,0,0,,0.0,0,0,0,39.6,0,0,0,7,0,3,9,2,0,0,2,0,0,7,0,6,0,1,1,0,1,0,0,0,0,
Daytione Smith,121749,S,MARSHALL,12,13,0,50.0,0,0,214,1,0,74.5,71.0,86.0,55.9,62.0,76.3,0,0,0,3,22.0,10.0,6,5,2,22.9,15,0,0,270,0,362,641,2,0,0,2,0,253,639,3,276,116,13,41,1,30,0,0,135,60,9.0
An'Darius Coffey,121757,S,PURDUE,9,0,0,66.7,0,0,273,0,0,59.8,54.8,0.0,58.0,48.7,51.5,0,0,0,0,21.0,25.0,4,0,1,83.0,8,0,0,40,0,78,134,3,0,0,3,0,38,131,4,52,52,4,12,1,12,0,0,73,44,9.1
Devonte Golden-Nelson,121780,CB,W VIRGINIA,2,0,0,0.0,0,0,343,0,0,52.9,53.4,69.8,,60.5,74.2,0,0,0,0,,0.0,0,0,0,39.6,0,0,0,1,6,3,8,0,0,0,0,0,0,8,0,5,1,0,1,0,1,0,0,0,0,
Jacob Busic,121837,ED,UCLA,12,2,0,,0,0,324,0,0,64.3,58.0,86.6,56.3,56.8,58.0,0,5,0,0,,15.8,3,0,0,0.0,0,1,0,8,0,13,388,379,0,12,275,92,0,9,164,211,1,11,14,3,0,6,0,0,0,
Ajani Cuevas-Gillis,121841,S,MARSHALL,2,0,0,0.0,0,0,214,0,0,77.5,82.0,75.3,60.0,73.5,76.4,0,0,0,0,,0.0,0,1,0,39.6,0,0,0,5,0,6,17,8,0,0,8,0,1,9,1,10,3,2,2,1,1,0,0,0,0,
Jori Benson,122053,DI,W MICHIGAN,2,1,0,,0,0,347,1,0,,66.1,73.4,65.4,62.3,66.5,0,1,0,0,,0.0,0,0,0,0.0,0,0,0,0,0,0,14,14,2,12,0,0,0,0,7,7,0,0,0,0,0,1,0,0,0,
Rodney Johnson,122103,CB,LOUISVILLE,7,1,0,40.0,0,0,210,0,0,61.2,61.6,76.4,58.7,63.8,28.1,0,1,0,0,3.0,50.0,1,1,0,87.5,2,0,0,6,64,43,72,0,0,0,0,0,0,72,1,28,1,0,0,0,5,1,1,6,6,3.0
DeMonte Capehart,122144,DI,CLEMSON,12,5,2,,0,0,140,0,0,60.0,71.2,83.5,61.9,74.5,53.4,3,7,0,0,,16.0,4,0,0,0.0,0,1,0,0,0,0,347,347,57,282,0,8,0,0,204,143,0,14,16,2,0,11,0,0,0,
Fred Davis II,122146,CB,NWESTERN,11,9,0,68.4,1,0,256,1,0,64.9,65.1,2.1,66.7,69.9,74.0,0,1,0,0,34.0,8.6,3,4,3,118.2,26,0,0,25,507,278,537,1,0,0,1,0,1,536,1,258,2,5,23,1,38,1,3,299,70,11.5
Malcolm Greene,122148,CB,UMASS,11,6,0,66.7,0,0,216,0,0,51.7,52.8,85.0,69.8,52.9,51.2,0,1,0,0,51.0,19.0,8,2,4,143.3,22,0,0,99,445,267,643,2,0,0,2,0,10,641,3,373,87,8,28,0,33,1,5,365,94,16.6
Tyler Venables,122163,S,CLEMSON,4,0,0,50.0,0,0,140,0,0,61.4,60.8,78.0,60.0,58.1,51.0,0,0,0,0,12.0,25.0,1,0,0,63.5,2,0,0,6,1,35,49,1,0,0,1,0,29,48,1,13,12,1,3,0,4,0,0,19,8,9.5
E.J. Williams Jr.,122164,WR,INDIANA,1,0,0,,0,0,190,0,0,,60.0,60.0,,60.0,,0,0,0,0,,,0,0,0,0.0,0,0,0,0,0,0,1,0,0,0,0,0,0,1,0,1,0,0,0,0,0,0,0,0,0,
Tre Williams,122165,DI,MICHIGAN,12,3,1,,0,0,222,0,0,60.0,70.9,56.3,62.7,74.5,62.9,2,6,0,0,,10.5,2,0,1,0.0,0,0,0,1,0,0,301,300,99,201,0,0,0,1,161,140,0,13,14,4,0,8,0,0,0,
Isaiah Dunson,122209,CB,GA STATE,3,0,0,100.0,0,0,175,0,0,53.5,55.1,74.2,,62.5,76.6,0,0,0,0,13.0,0.0,0,0,0,102.8,3,0,0,1,27,10,28,0,0,0,0,0,0,28,0,18,0,0,2,0,3,0,0,26,6,8.7
Jamar Rucks,122252,ED,KENNESAW,11,5,0,,0,0,200,0,0,67.1,59.7,20.8,60.0,58.5,72.4,1,1,0,0,,10.0,1,0,1,0.0,0,0,0,0,0,11,108,100,0,0,100,0,0,8,45,52,8,2,4,1,0,2,0,0,0,
Tony Anyanwu,122261,ED,RICE,12,10,1,71.4,2,1,275,1,0,54.6,84.3,56.4,84.4,85.3,63.5,8,32,0,0,56.0,16.0,8,0,2,153.3,5,5,0,34,0,51,599,519,0,8,473,38,0,80,289,259,46,26,32,1,7,45,1,100,55,20.0
Mike Harris,122269,S,S ALABAMA,12,8,0,81.8,0,1,288,0,0,60.2,56.2,83.4,74.9,43.7,29.7,0,1,0,0,36.0,28.9,11,0,0,112.3,18,0,0,93,1,157,314,4,0,0,4,0,31,310,3,154,185,3,19,1,22,1,1,161,118,8.9
A.J. McCarty,122274,CB,TEXAS TECH,12,4,0,61.1,0,0,315,0,0,69.9,71.3,82.2,57.0,75.8,42.5,1,4,0,0,38.0,23.8,5,1,0,76.6,11,0,0,62,1,124,229,10,0,0,10,0,4,219,13,92,151,8,12,2,18,5,0,102,83,9.3
Devin Neal,122278,S,VIRGINIA,12,23,0,57.1,0,0,335,0,0,78.6,83.9,86.9,82.5,82.6,87.2,0,5,0,0,32.0,6.4,5,4,0,107.9,12,1,0,164,3,217,461,23,0,0,23,0,214,438,9,235,57,19,50,1,21,6,3,94,20,7.8
Shane Bruce,122323,LB,COAST CAR,7,6,0,60.0,0,0,141,0,0,76.6,78.3,84.7,58.8,76.3,75.4,0,2,0,2,14.0,8.3,3,1,0,33.6,9,1,0,245,0,131,307,14,0,0,14,0,0,293,27,149,48,17,27,2,15,3,0,76,61,8.4
Gary Smith III,122388,DI,UCLA,12,4,0,,0,0,324,0,0,61.1,75.4,84.9,54.7,82.3,66.9,0,4,0,0,,7.1,3,0,0,0.0,0,1,0,0,0,0,517,516,108,392,1,15,0,1,226,291,0,25,35,1,0,5,0,0,0,
Stephen Dix Jr.,122396,LB,ARKANSAS,12,21,0,77.8,0,0,111,0,0,46.9,64.8,84.1,61.4,74.1,82.6,1,7,0,0,62.0,6.5,5,0,0,117.0,21,1,0,552,1,235,617,43,0,0,43,0,0,574,53,329,21,28,51,3,27,9,1,246,237,11.7
Jadarius Green-McKnight,122399,S,MARSHALL,11,4,0,75.0,1,0,214,0,0,62.5,67.1,84.8,73.1,69.8,73.2,1,5,0,1,40.0,8.7,2,0,1,109.7,9,0,0,83,1,142,320,39,0,0,39,0,23,281,24,154,174,6,17,1,12,6,1,158,76,17.6
Bryan Robinson,122413,WR,MARSHALL,1,0,0,,0,0,214,0,0,,57.9,60.0,,60.0,,0,0,0,0,,0.0,0,0,0,0.0,0,0,0,0,0,0,1,0,0,0,0,0,0,1,0,1,0,0,1,0,0,0,0,0,0,
Tyler Bride,122432,S,JVILLE ST,1,0,0,,0,0,196,0,0,65.0,65.0,72.9,60.0,60.0,74.3,0,1,0,0,,0.0,0,0,0,0.0,0,0,0,1,0,5,12,0,0,0,0,0,8,12,1,6,3,0,1,0,0,1,0,0,0,
Marques Watson-Trent,122461,LB,NEBRASKA,11,18,0,100.0,0,0,238,0,0,58.7,71.9,82.4,55.7,79.4,66.6,0,2,0,0,22.0,16.3,7,0,0,113.7,7,1,0,241,1,90,277,19,0,0,19,0,2,258,17,170,14,14,18,1,7,3,0,79,43,11.3
Jason Moore,122491,DI,GA TECH,12,12,2,,0,1,176,0,0,59.1,67.3,83.5,76.4,58.5,54.8,0,13,0,0,,15.4,4,0,0,0.0,0,1,0,0,0,0,342,341,55,269,0,17,0,1,173,169,0,7,10,0,0,14,0,0,0,
Akelo Stone,122499,DI,GA TECH,8,3,0,,0,0,176,0,0,60.5,63.9,46.7,72.0,55.8,38.5,0,9,0,0,,20.0,3,0,1,0.0,0,4,0,0,0,0,230,230,2,200,7,21,0,0,132,98,0,10,9,1,0,13,0,0,0,
Kenean Caldwell,122551,DI,KANSAS,12,3,0,,0,0,198,1,0,,67.9,57.0,56.5,73.3,68.4,0,3,0,0,,7.7,2,0,1,0.0,0,1,0,2,0,0,297,295,133,158,1,3,0,2,135,162,0,18,21,6,0,4,0,0,0,
Karon Prunty,122574,CB,WAKE,12,5,0,44.4,0,1,339,1,0,88.2,86.8,85.5,68.8,70.2,56.1,1,0,0,1,65.0,11.9,5,6,4,65.0,20,0,0,52,669,420,735,1,0,0,1,0,3,734,3,312,10,8,32,1,45,1,2,220,56,11.0
Tee Denson,122591,S,JVILLE ST,2,1,0,80.0,0,0,196,0,0,76.5,77.4,76.1,60.0,71.4,81.8,0,0,0,0,15.0,0.0,0,0,0,91.7,4,0,0,8,0,13,35,2,0,0,2,0,2,33,1,21,23,2,4,0,5,0,0,30,16,7.5
Beau Palmer,122610,LB,KANSAS ST,1,0,0,,0,0,199,0,0,,60.0,66.3,,60.0,,0,0,0,0,,,0,0,0,0.0,0,0,0,2,0,0,2,0,0,0,0,0,0,2,0,2,0,0,0,0,0,0,0,0,0,
Cody Stufflebean,122619,ED,KANSAS ST,12,2,0,100.0,0,2,199,1,0,55.0,58.2,87.0,61.2,56.0,46.9,4,9,0,0,15.0,19.2,5,0,0,118.8,1,4,0,1,0,2,574,573,21,140,313,99,0,1,308,264,0,16,19,0,1,17,0,15,18,15.0
Caleb Anderson,122629,CB,MICHIGAN,6,1,0,100.0,0,0,222,0,0,52.1,54.4,77.4,,68.5,49.6,0,0,0,0,25.0,22.2,2,0,0,113.7,7,0,0,4,63,46,69,0,0,0,0,0,0,69,0,23,2,0,6,0,7,0,0,79,25,11.3
Courtline Flowers,122635,CB,LA LAFAYET,11,4,1,63.5,0,1,207,0,0,65.0,68.1,48.1,76.9,76.1,82.5,0,2,1,2,68.0,6.3,3,2,1,121.3,33,1,0,71,583,329,690,4,0,0,4,0,0,686,5,356,31,15,41,2,52,3,7,534,195,16.2
Caleb Kibodi,122645,LB,LA LAFAYET,8,5,0,80.0,0,0,207,0,0,62.0,75.9,81.8,67.4,82.4,87.9,0,2,0,0,10.0,0.0,0,0,0,85.0,4,1,0,62,0,32,115,26,0,0,26,0,0,89,11,72,27,6,12,0,5,3,0,22,8,5.5
Jordan Lawson,122647,ED,LA LAFAYET,12,15,2,100.0,0,1,207,0,0,75.1,76.1,54.6,81.6,65.8,60.2,5,23,0,0,14.0,18.2,10,0,2,118.8,3,5,0,3,0,19,553,549,0,22,395,132,0,4,259,275,0,27,30,7,3,33,0,39,47,13.0
Dominique Ratcliff,122655,DI,INDIANA,12,1,0,,0,0,190,0,0,61.7,69.5,81.8,59.9,71.9,68.5,1,10,0,0,,8.3,1,0,0,0.0,0,1,0,1,0,0,209,208,15,153,13,27,0,1,123,86,0,9,10,4,0,12,0,0,0,
Tyree Skipper,122660,S,LA LAFAYET,10,14,0,70.0,0,0,207,0,0,45.4,49.3,41.4,65.3,56.1,43.7,0,1,0,1,98.0,21.2,14,1,1,108.3,14,1,0,142,7,234,539,5,0,0,5,0,336,534,9,296,48,12,38,0,20,2,1,278,152,19.9
Korian Wilson,122662,CB,LA MONROE,2,0,0,100.0,0,0,209,0,0,68.9,69.9,77.7,60.0,68.9,72.8,0,0,0,0,11.0,7.7,1,0,0,89.6,4,0,0,14,82,50,98,0,0,0,0,0,1,98,1,47,1,2,12,1,4,0,0,22,11,5.5
Ben Bell,122665,ED,VA TECH,12,16,0,100.0,0,0,337,1,0,54.4,70.3,0.0,83.8,69.4,50.0,11,18,0,0,22.0,23.9,11,0,8,106.9,6,3,0,26,0,58,508,467,0,0,464,3,0,41,233,217,15,15,19,5,6,32,0,58,34,9.7
Kershawn Fisher,122670,ED,W MICHIGAN,12,6,2,100.0,0,0,347,1,0,39.6,58.5,49.6,59.9,66.9,54.2,1,12,0,0,15.0,18.5,5,0,3,111.7,5,3,0,20,0,37,453,432,0,2,427,3,0,21,227,189,1,11,16,2,5,16,0,54,33,10.8
Keveion'ta Spears,122687,DI,SMU,12,5,4,,0,0,287,0,0,,70.3,53.0,63.6,73.6,72.0,2,2,0,0,,0.0,0,0,1,0.0,0,1,0,1,0,0,289,288,11,246,1,30,0,1,160,129,0,13,12,3,0,5,0,0,0,
Cedric Woods,122690,CB,LA TECH,10,2,0,46.7,1,1,208,0,0,63.5,65.7,0.0,55.9,84.4,85.1,0,0,0,0,38.0,3.3,1,7,4,74.9,21,0,0,10,394,261,442,30,0,0,30,0,0,412,2,179,7,10,27,1,45,0,1,286,138,13.6
Henry Bryant,122696,DI,GA STATE,11,9,0,,0,0,175,0,0,57.4,65.7,83.1,68.7,62.3,62.8,2,7,0,0,,9.1,2,0,0,0.0,0,1,0,1,0,2,402,401,23,209,2,167,0,1,181,219,0,6,11,0,0,10,0,0,0,
Jared Dawson,122703,DI,NOTRE DAME,11,3,1,,0,0,258,0,0,60.0,79.8,56.6,75.2,80.2,63.6,5,16,0,0,,10.5,2,0,1,0.0,0,1,0,0,0,0,323,323,25,287,0,11,0,0,182,141,0,10,14,4,0,22,0,0,0,
Mason Reiger,122721,ED,WISCONSIN,12,15,0,100.0,0,0,349,0,0,54.6,82.4,71.2,83.0,78.0,57.5,7,32,0,0,6.0,24.5,12,0,1,122.9,2,6,0,0,0,18,514,514,0,19,465,30,0,0,292,204,0,20,22,1,2,45,1,8,0,4.0
Tahj Chambers,122740,LB,OLE MISS,12,7,0,75.0,0,0,226,0,0,58.3,65.0,0.0,57.9,75.3,54.3,1,4,0,0,19.0,17.9,7,2,2,91.9,12,0,0,267,0,136,292,11,0,0,11,0,0,281,21,135,14,17,25,1,16,5,0,105,79,8.8
Kedrick Bingley-Jones,122821,DI,MISS STATE,12,6,1,,0,0,227,0,0,62.4,61.2,82.6,62.3,57.2,68.4,0,8,0,0,,4.8,1,0,0,0.0,0,0,0,0,0,0,311,311,19,177,29,86,0,0,157,154,0,6,14,0,0,8,0,0,0,
Jalen Brooks,122823,LB,MO STATE,11,11,0,80.0,0,2,230,2,0,92.5,85.0,26.9,63.8,63.0,59.9,1,3,0,0,64.0,14.9,10,1,1,111.9,16,0,0,281,1,162,326,4,0,0,4,0,0,322,17,147,40,28,46,2,20,4,1,137,122,8.6
Ja'Qurious Conley,122827,S,CHARLOTTE,11,11,0,65.4,0,1,136,1,0,86.4,75.4,0.0,58.3,63.8,72.2,0,0,0,3,38.0,13.0,9,4,3,57.1,17,0,0,148,2,220,459,18,0,0,18,0,230,441,5,234,61,12,49,0,26,0,1,170,80,10.0
Tony Grimes,122837,CB,PURDUE,11,6,0,53.5,0,0,273,0,0,55.9,52.8,47.8,60.2,42.0,48.5,0,0,0,0,66.0,21.7,10,4,4,117.5,23,0,0,83,583,327,677,4,0,0,4,0,0,673,7,343,6,10,30,0,43,0,3,491,190,21.3
Devan Boykin,122855,S,INDIANA,12,10,2,64.3,0,1,190,2,1,77.0,84.8,43.7,70.1,94.3,87.1,2,7,0,2,25.0,4.7,2,1,1,59.6,27,0,0,64,0,264,462,48,0,0,48,0,40,414,46,152,310,20,31,2,42,9,0,240,123,8.9
Jayland Parker,122879,LB,MARSHALL,7,10,0,81.8,0,0,214,0,0,39.1,57.7,15.0,56.4,74.3,59.4,3,5,0,0,32.0,16.7,9,0,1,95.8,9,0,0,319,0,117,321,2,0,0,2,0,0,319,31,173,0,21,35,2,11,8,0,77,35,8.6
Josh Pierre-Louis,122880,S,MARSHALL,12,11,0,57.1,0,0,214,0,0,64.0,62.9,49.8,55.4,64.0,78.3,0,3,0,0,71.0,8.1,3,0,1,132.6,12,1,0,123,3,279,533,61,0,0,61,0,71,472,32,222,275,13,23,0,21,4,2,258,128,21.5
Jordan Botelho,122894,ED,NOTRE DAME,12,9,0,100.0,0,0,258,0,0,44.4,71.9,88.2,63.1,80.5,67.8,2,13,0,0,4.0,7.1,2,0,0,83.3,1,1,0,8,0,11,292,282,0,3,275,4,0,10,160,121,2,13,17,0,1,16,0,4,1,4.0
Aidan Keanaaina,122903,DI,CAL,12,18,2,,0,0,130,0,0,54.7,77.2,85.6,60.0,84.1,72.8,0,7,0,0,,6.4,3,0,0,0.0,0,2,0,0,0,1,496,495,139,353,1,2,0,1,237,258,0,24,26,0,0,9,0,0,0,
Caleb Offord,122908,CB,KENNESAW,10,7,0,55.8,0,1,200,1,1,70.3,71.3,85.7,74.1,66.7,60.2,0,1,0,0,40.0,17.0,9,8,2,82.1,29,1,0,39,644,397,699,4,0,0,4,0,3,695,4,298,9,16,37,5,52,2,1,338,140,11.7
Noah Arinze,122917,ED,COAST CAR,12,11,0,,0,2,141,1,0,65.5,69.3,18.7,68.6,68.9,42.7,9,12,0,0,,22.7,10,0,4,0.0,0,3,0,0,0,0,455,455,17,35,348,55,0,0,226,229,0,22,23,4,0,24,0,0,0,
Joshua Eaton,122924,CB,MICH STATE,12,2,0,65.2,0,0,223,0,0,65.0,62.5,27.3,60.0,52.5,31.9,0,0,0,0,45.0,31.3,10,1,2,136.2,15,0,0,27,379,243,418,4,0,0,4,0,0,414,1,174,7,5,20,0,23,0,3,222,85,14.8
DJ Graham II,122926,CB,KANSAS,11,1,0,59.5,0,0,198,0,0,64.0,65.4,83.7,60.0,68.5,47.1,0,0,0,0,48.0,21.2,7,3,0,98.5,22,0,0,45,445,247,494,0,0,0,0,0,1,494,1,246,3,10,25,2,37,0,2,256,96,11.6
Reggie Grimes II,122927,ED,MEMPHIS,9,0,0,,0,0,218,0,0,,63.5,78.2,54.2,71.2,72.9,0,2,0,0,,0.0,0,0,0,0.0,0,0,0,0,0,0,84,84,0,41,27,16,0,0,52,32,0,2,2,0,0,2,0,0,0,
Justin Harrington,122928,S,W VIRGINIA,7,2,0,100.0,0,0,343,0,0,55.6,54.1,80.0,54.2,54.8,61.0,0,0,0,0,9.0,14.3,1,0,1,100.0,3,0,0,28,4,29,84,14,0,0,14,0,6,70,8,47,31,2,4,0,3,0,0,24,20,8.0
Shane Whitter,122949,LB,N TEXAS,9,16,0,77.3,0,1,251,2,0,72.2,79.8,84.7,55.3,82.4,80.9,3,4,0,1,35.0,8.1,5,1,1,107.4,17,0,0,401,2,154,468,33,0,0,33,0,0,435,51,263,32,24,41,2,22,7,2,156,117,9.2
Jeff Roberson,122986,LB,MINNESOTA,7,3,0,100.0,0,0,225,0,0,53.6,57.6,74.0,58.4,61.2,43.1,0,0,0,0,0.0,30.0,3,0,0,79.2,1,0,0,42,0,10,43,0,0,0,0,0,0,43,2,31,1,2,4,0,1,0,0,0,2,0.0
Nick Session,122990,S,NEW MEX ST,12,16,0,57.1,0,0,242,1,0,61.1,64.6,88.1,51.9,70.6,78.2,0,0,0,0,55.0,10.0,8,5,1,126.8,20,0,0,166,1,355,630,1,0,0,1,0,385,629,5,270,77,15,56,2,35,0,5,315,61,15.8
Rashad Battle,123003,CB,PITTSBURGH,10,4,0,57.8,0,0,268,1,0,69.2,72.2,83.6,69.8,78.3,85.6,0,0,0,0,53.0,6.1,3,4,2,112.0,26,1,0,38,391,266,435,4,0,0,4,0,0,431,2,167,2,16,42,1,45,1,4,347,91,13.3
Dayon Hayes,123010,ED,TEXAS A&M,13,1,1,100.0,1,1,312,1,0,49.2,73.5,61.9,77.3,68.4,51.5,6,19,0,0,4.0,20.0,3,0,1,122.9,1,4,0,0,0,1,339,339,0,3,309,27,0,0,238,100,0,12,11,1,1,29,1,4,0,4.0
Bangally Kamara,123012,LB,KANSAS,11,8,0,85.7,1,1,198,0,0,55.1,63.4,25.1,79.3,62.7,27.5,4,12,0,0,39.0,31.6,24,3,2,121.8,18,2,0,309,5,191,529,156,0,0,156,0,0,373,79,259,59,31,44,6,21,18,1,198,134,11.0
Buddy Mack III,123015,CB,S CAROLINA,1,0,0,100.0,0,0,289,0,0,51.9,53.6,72.6,59.5,63.1,76.9,0,0,0,0,32.0,0.0,0,0,0,118.8,2,0,0,1,0,7,11,0,0,0,0,0,0,11,1,3,10,0,2,0,2,0,0,37,2,18.5
Leon Lowery Jr.,123045,ED,ILLINOIS,11,3,0,100.0,0,1,187,1,0,72.7,64.1,88.1,57.5,59.5,68.5,0,9,0,0,10.0,15.8,3,0,0,93.8,4,2,0,24,0,47,252,204,0,0,204,0,0,48,99,106,24,6,13,1,4,11,0,26,15,6.5
Anwar Sparrow,123054,LB,SYRACUSE,11,11,0,92.3,0,0,304,1,1,73.7,65.2,23.4,55.5,59.1,59.7,1,2,0,0,25.0,18.4,7,3,1,96.8,12,1,0,222,5,118,278,23,0,0,23,0,4,255,31,129,24,16,20,3,13,4,0,94,74,7.8
Stefon Thompson,123055,LB,FLORIDA ST,10,10,0,85.7,0,1,167,0,0,53.6,72.6,83.9,67.1,83.3,89.8,0,3,0,0,19.0,5.4,2,0,0,95.2,6,4,0,147,0,78,220,56,0,0,56,0,0,164,35,107,17,12,25,1,7,7,0,48,40,8.0
Bud Clark,123066,S,TCU,10,9,0,68.4,2,0,305,0,0,75.7,79.5,49.3,71.9,84.2,67.7,1,2,1,4,44.0,15.3,9,4,6,82.3,26,1,0,214,0,369,664,1,0,0,1,0,139,663,4,291,309,13,41,1,38,4,4,253,127,9.7
Jai'Onte' McMillan,123089,CB,MINNESOTA,11,3,0,68.0,1,0,225,0,0,59.3,63.1,83.6,80.4,72.3,75.8,1,1,0,0,67.0,7.4,2,1,2,99.4,17,0,0,20,260,197,334,3,0,0,3,0,2,331,6,131,49,5,22,0,25,2,0,244,64,14.4
Xavion Alford,123103,S,ARIZONA ST,2,4,0,0.0,0,0,110,0,0,57.1,61.3,80.4,56.7,75.4,77.6,0,0,0,0,,10.0,1,0,0,39.6,0,0,0,14,0,81,122,0,0,0,0,0,106,122,2,39,2,1,5,0,1,0,0,0,0,
Prince Dorbah,123113,ED,ARIZONA ST,10,4,0,,0,1,110,1,0,57.3,71.2,36.0,73.6,67.2,31.4,6,18,0,0,,31.6,6,0,2,0.0,0,4,0,1,0,4,322,321,0,2,317,2,0,1,204,114,0,12,9,3,0,28,0,0,0,
Sawyer Goram-Welch,123116,DI,COAST CAR,12,5,1,,0,0,141,0,0,61.5,67.2,86.4,70.2,62.2,67.2,0,9,0,0,,9.1,2,0,0,0.0,0,2,0,0,0,0,383,383,321,52,0,10,0,0,166,217,0,11,15,1,0,11,0,0,0,
Troy Omeire,123124,WR,UNLV,1,0,0,,1,0,325,0,0,60.0,62.4,60.0,,,,0,0,0,0,,,0,0,2,0.0,0,0,0,0,0,1,1,0,0,0,0,0,0,1,0,0,0,0,0,0,0,0,0,0,0,
Trent Low,123146,LB,TEXAS TECH,1,0,0,100.0,0,0,315,0,0,72.2,76.4,67.7,,60.0,73.1,0,0,0,0,4.0,0.0,0,0,0,83.3,1,0,0,6,0,5,6,0,0,0,0,0,0,6,0,1,0,0,1,0,1,0,0,4,1,4.0
Bryce Ramirez,123156,LB,TEXAS TECH,10,4,0,87.5,0,1,315,1,0,52.6,65.8,77.7,63.6,79.2,67.6,1,3,0,0,18.0,15.0,3,0,0,94.3,7,1,0,130,0,77,142,3,0,0,3,0,1,139,4,61,7,11,13,0,8,5,0,53,50,7.6
Adonis Friloux,123216,DI,BAYLOR,10,1,0,,0,0,118,0,0,,61.3,80.9,53.3,64.8,53.4,0,1,0,0,,14.3,1,0,0,0.0,0,0,0,0,0,0,134,134,41,93,0,0,0,0,62,72,0,4,5,0,0,1,0,0,0,
Jesus Machado Jr.,123224,LB,HOUSTON,2,1,0,0.0,0,0,182,0,0,50.7,66.6,73.6,59.6,83.7,75.8,0,1,0,0,,0.0,0,0,0,39.6,0,0,0,14,0,8,15,1,0,0,1,0,0,14,1,6,0,1,1,0,1,1,0,0,0,
Everitt Rogers,123261,DI,HOUSTON,6,0,0,,0,0,182,0,0,,43.8,73.0,58.0,45.0,,0,0,0,0,,,0,0,0,0.0,0,0,0,0,0,0,13,13,4,6,0,3,0,0,4,9,0,0,0,0,0,0,0,0,0,
Mac Harris,123285,LB,USF,12,25,0,66.7,0,3,327,1,0,68.7,81.7,87.1,80.7,78.9,70.2,2,18,1,2,25.0,12.1,13,3,0,75.2,26,6,0,691,10,367,770,17,0,0,17,0,10,753,96,307,42,52,69,4,39,26,2,204,89,7.8
Ben Knox,123286,CB,USF,11,3,0,35.0,2,0,327,1,0,56.0,57.6,82.3,60.0,63.0,63.8,0,0,0,0,31.0,13.3,2,2,5,84.0,7,0,0,25,243,159,286,2,0,0,2,0,3,284,1,126,12,3,10,0,20,0,2,93,29,13.3
Justin Beadles,123341,ED,LOUISVILLE,12,5,0,,0,0,210,0,0,58.3,53.5,42.1,52.4,57.8,38.7,0,3,0,0,,25.0,4,0,1,0.0,0,0,0,0,0,3,187,186,0,2,132,52,0,1,86,98,1,2,7,0,0,3,0,0,0,
Alec Bryant,123343,ED,ILLINOIS,12,10,0,66.7,0,0,187,0,0,58.2,71.1,89.3,69.3,73.3,87.3,3,6,0,0,11.0,0.0,0,0,0,78.5,2,1,0,19,0,55,354,303,0,1,302,0,0,51,149,150,32,5,10,1,3,10,0,15,2,7.5
Nick Andersen,123370,S,WAKE,12,22,0,76.9,1,0,339,0,0,86.9,86.4,87.3,65.3,81.4,79.9,0,3,0,0,49.0,7.4,7,6,1,113.5,20,1,0,332,4,428,780,6,0,0,6,0,323,774,17,335,114,26,65,4,26,4,1,215,104,10.8
James Ash,123371,DI,AUBURN,2,0,0,,0,0,115,0,0,,64.8,72.8,58.1,65.1,,0,0,0,0,,,0,0,0,0.0,0,0,0,0,0,0,11,11,5,2,1,3,0,0,5,6,0,0,0,0,0,0,0,0,0,
Akheem Mesidor,123427,ED,MIAMI FL,12,13,0,75.0,0,3,220,0,0,66.5,92.5,88.3,91.7,90.5,61.4,4,42,0,0,11.0,22.7,10,0,0,81.3,3,9,0,5,0,47,648,640,0,10,538,92,0,8,360,241,1,21,21,5,4,55,0,16,17,5.3
JaQues Evans,123449,ED,COLO STATE,5,5,0,100.0,2,0,144,1,0,45.4,50.8,0.0,65.1,59.9,79.7,1,5,0,0,74.0,5.3,1,0,5,155.8,9,0,0,45,5,35,235,165,0,0,165,0,0,70,72,128,20,9,13,0,9,6,1,150,156,16.7
Aaron Key,123454,LB,UCONN,12,8,0,56.3,0,1,146,0,0,59.8,59.3,89.5,64.0,53.8,45.6,0,5,0,1,29.0,21.6,8,2,0,52.9,9,1,0,125,0,139,536,387,0,0,383,4,4,149,141,256,19,15,21,4,16,6,0,115,46,12.8
Kendrick Simpkins,123466,S,BAYLOR,11,3,0,75.0,1,1,118,0,0,63.4,60.7,0.0,63.6,58.3,81.0,2,3,0,0,30.0,4.5,1,0,3,109.2,15,1,0,51,3,142,333,68,0,0,68,0,8,265,32,159,203,12,18,1,20,6,1,134,88,8.9
Jason Scott,123549,S,DELAWARE,8,2,0,72.7,0,0,151,0,0,66.9,64.1,85.6,55.7,58.1,74.1,0,0,0,0,39.0,11.1,2,1,0,130.5,8,0,0,127,3,143,273,32,0,0,32,0,55,241,11,119,56,2,14,0,11,0,1,99,61,12.4
Ben Blevins,123556,LB,CINCINNATI,2,1,0,,0,0,138,0,0,61.3,67.5,72.6,,66.4,42.0,0,0,0,0,,25.0,1,0,0,0.0,0,0,0,14,0,3,15,1,0,0,1,0,0,14,0,12,0,1,2,0,0,0,0,0,0,
De'Arre McDonald,123572,CB,MIDDLE TN,12,5,0,61.5,0,0,224,0,0,62.4,64.0,84.6,64.1,67.8,73.7,0,1,0,0,42.0,8.3,3,7,3,124.1,24,0,0,24,432,267,479,5,0,0,5,0,1,474,5,207,15,6,28,0,39,1,5,292,49,12.2
Sterling Miles,123574,ED,E MICHIGAN,10,10,1,75.0,0,0,160,0,0,57.3,63.4,56.6,69.4,60.1,78.0,3,10,0,0,74.0,8.3,3,1,1,116.7,3,1,0,21,0,23,286,259,0,0,249,10,0,27,110,153,6,14,23,1,4,14,0,111,80,37.0
Jadon Thompson,123583,WR,MEMPHIS,1,0,0,,0,0,218,0,0,,60.0,60.0,,60.0,,0,0,0,0,,,0,0,0,0.0,0,0,0,0,0,0,1,0,0,0,0,0,0,1,0,1,0,0,0,0,0,0,0,0,0,
Justin Wodtly,123586,ED,ARIZONA ST,11,6,2,,0,0,110,0,0,68.4,78.0,27.0,67.5,85.2,71.5,3,9,0,0,,12.1,4,0,3,0.0,0,6,0,3,0,5,416,413,0,49,300,64,0,3,224,187,0,22,23,0,0,18,0,0,0,
Luis Medina,123715,DI,TROY,12,6,0,,0,1,318,0,0,68.7,64.3,32.7,58.0,67.9,66.2,2,4,0,0,,8.7,2,0,2,0.0,0,2,0,2,0,1,325,323,84,227,3,9,0,2,151,173,0,12,15,2,0,8,0,0,0,
Cam Williams,123730,ED,MICH STATE,12,0,1,100.0,0,0,223,0,0,41.4,62.3,85.8,69.9,62.9,70.7,1,5,0,0,35.0,7.1,1,0,0,118.8,2,2,0,1,0,25,202,201,0,0,201,0,0,1,79,98,0,11,13,1,2,8,0,47,25,23.5
Josh Celiscar,123738,DI,USF,12,8,2,,0,0,327,0,0,64.1,57.7,48.8,66.3,50.1,47.9,5,10,0,0,,24.1,7,0,2,0.0,0,3,0,0,0,0,491,491,7,334,78,72,0,0,263,228,0,9,14,0,0,18,0,0,0,
Kervins Choute,123739,DI,UCONN,11,5,0,,0,0,146,0,0,58.3,56.5,81.9,59.5,54.9,48.2,0,3,0,0,,20.0,3,0,0,0.0,0,0,0,0,0,2,192,192,63,118,0,11,0,0,105,85,0,7,7,1,0,3,0,0,0,
Jaiden Francois,123745,CB,DUKE,12,19,0,82.9,0,1,154,0,0,58.5,62.1,84.4,49.9,70.9,75.4,1,7,0,0,32.0,10.0,7,1,1,110.7,29,0,0,288,12,299,632,69,0,0,69,0,3,563,57,276,259,18,44,6,35,8,1,290,225,10.0
Olasunkonmi Agunloye,123766,DI,FIU,12,9,1,,0,0,166,0,0,61.4,58.3,63.3,56.6,59.7,59.8,0,8,0,0,,11.1,2,1,3,0.0,0,3,0,3,0,0,454,451,39,332,5,75,0,3,258,196,0,4,7,0,0,11,0,0,0,
Jahmeer Carter,123770,DI,VIRGINIA,12,3,0,,0,0,335,0,0,61.7,76.5,81.9,65.2,77.9,65.6,1,6,0,0,,9.1,1,0,0,0.0,0,0,0,0,0,0,219,219,30,185,0,4,0,0,107,112,0,6,7,1,0,7,0,0,0,
Dave Herard,123779,S,W KENTUCKY,12,17,0,63.0,0,1,346,0,0,81.5,79.5,39.6,55.7,77.2,78.6,0,2,0,0,34.0,10.3,7,3,1,90.4,17,0,0,270,4,308,522,5,0,0,5,0,179,517,5,209,62,16,44,3,27,2,1,152,69,8.9
Xavier McIver,123825,DI,E CAROLINA,1,1,0,,0,0,156,0,0,,62.4,76.3,57.3,65.2,51.1,0,1,0,0,,25.0,1,0,0,0.0,0,1,0,0,0,0,44,44,1,29,7,7,0,0,25,19,0,3,2,1,0,2,0,0,0,
Teagan Wilk,123843,S,E CAROLINA,12,5,0,63.3,0,0,156,1,0,59.5,64.7,0.0,63.3,77.8,44.1,1,2,0,2,46.0,20.0,12,3,2,75.0,19,0,0,233,3,328,582,13,0,0,13,0,280,569,13,241,52,21,43,2,30,3,1,265,88,13.9
Ahmon Green,123857,TE,GA SOUTHRN,1,0,0,,1,0,174,0,0,60.0,65.5,92.4,,,,0,0,0,0,,,0,0,4,0.0,0,0,0,0,0,1,1,0,0,0,0,0,0,1,0,0,0,0,0,0,0,0,0,0,0,
Jamil Burroughs,123910,DI,MISS STATE,11,4,0,,0,0,227,0,0,60.0,54.9,80.4,65.2,48.2,79.3,1,6,0,0,,0.0,0,0,0,0.0,0,0,0,0,0,0,170,170,7,105,11,47,0,0,76,94,0,2,8,1,0,7,0,0,0,
Jah-Marien Latham,123924,ED,ALABAMA,1,1,0,,0,0,103,0,0,61.5,65.9,77.0,56.2,66.2,73.0,0,0,0,0,,0.0,0,0,0,0.0,0,0,0,3,0,1,20,17,0,0,17,0,0,3,5,14,0,0,0,0,0,0,0,0,0,
Jahquez Robinson,123931,S,AUBURN,12,9,0,64.0,0,0,115,0,0,33.7,41.5,12.8,58.9,66.4,61.5,0,1,0,0,57.0,17.1,7,2,3,128.0,16,0,0,160,0,203,365,5,0,0,5,0,119,360,1,161,81,4,25,0,25,1,3,198,126,12.4
Myles Slusher,123962,S,PURDUE,10,18,0,68.4,0,1,273,1,0,63.2,66.4,35.1,87.6,68.9,52.7,0,0,0,1,63.0,19.0,15,2,1,100.3,13,1,0,167,3,237,460,8,0,0,8,0,223,452,1,222,59,9,46,1,19,1,1,208,146,16.0
Eric Thomas Jr.,123966,ED,SO MISS,10,3,0,,0,0,296,0,0,60.0,80.2,80.7,75.5,74.9,61.9,0,4,0,0,,16.7,1,0,0,0.0,0,1,0,0,0,0,83,83,0,10,52,21,0,0,40,43,0,2,2,0,0,5,0,0,0,
Jay Hardy,123987,DI,AUBURN,11,4,0,,0,0,115,1,0,60.0,61.8,31.5,61.0,63.1,49.9,0,1,0,0,,14.3,2,0,1,0.0,0,0,0,0,0,0,145,145,36,85,13,11,0,0,73,72,0,7,8,2,0,1,0,0,0,
Romello Height,123988,ED,TEXAS TECH,12,4,0,62.5,0,3,315,0,0,92.7,92.9,90.1,92.7,64.9,64.8,9,39,0,0,14.0,22.2,6,1,0,67.7,5,8,0,11,1,39,500,484,0,1,483,0,0,16,298,163,3,22,17,1,8,56,0,26,7,5.2
Zykeivous Walker,124007,DI,AUBURN,12,3,0,,0,0,115,0,0,58.6,63.4,80.5,56.8,68.9,78.1,1,3,0,0,,0.0,0,0,0,0.0,0,0,0,1,0,0,168,167,2,86,26,53,0,1,87,81,0,3,6,0,0,4,0,0,0,
Jehlen Cannady,124018,S,TULSA,6,1,0,100.0,0,0,320,0,0,41.9,42.8,73.0,,49.8,74.8,0,0,0,0,44.0,0.0,0,0,0,158.3,1,0,0,24,0,3,30,0,0,0,0,0,2,30,0,27,3,0,0,0,1,0,1,44,11,44.0
Patrick Taylor,124041,CB,JVILLE ST,3,1,0,,0,0,196,0,0,72.8,63.1,71.0,,39.4,45.3,0,0,0,0,,33.3,1,0,0,0.0,0,0,0,1,14,8,16,0,0,0,0,0,0,16,0,8,0,1,1,0,0,0,0,0,0,
Josaih Hayes,124065,DI,KENTUCKY,6,3,0,,0,0,202,0,0,,72.3,80.0,64.7,72.2,75.2,0,3,0,0,,0.0,0,0,0,0.0,0,0,0,0,0,0,90,90,48,41,0,1,0,0,37,53,0,3,3,0,0,3,0,0,0,
Rickey Hyatt Jr.,124066,S,OHIO,6,0,0,100.0,0,0,259,0,0,61.2,61.6,75.7,57.3,61.3,73.1,0,0,0,0,17.0,0.0,0,1,0,158.3,1,0,0,4,0,19,25,1,0,0,1,0,20,24,2,4,0,1,1,0,1,0,1,17,0,17.0
Jacobian Guillory II,124097,DI,LSU,12,8,0,,0,0,211,0,0,,62.2,4.2,61.8,67.3,73.7,0,8,0,0,,8.7,2,0,4,0.0,0,1,0,0,0,0,353,353,55,292,0,6,0,0,187,166,0,13,13,3,0,9,0,0,0,
Eric Taylor,124115,DI,COAST CAR,1,0,0,,0,0,141,0,0,,60.4,67.6,,60.0,,0,0,0,0,,,0,0,0,0.0,0,0,0,0,0,0,2,2,2,0,0,0,0,0,0,2,0,0,0,0,0,0,0,0,0,
Demon Clowney,124130,ED,S CAROLINA,7,0,0,100.0,0,0,289,0,0,58.0,68.3,0.0,59.6,86.4,77.7,1,2,0,0,4.0,0.0,0,0,1,122.9,1,0,0,0,0,1,55,55,0,0,49,6,0,0,24,30,0,4,5,2,1,3,1,4,6,4.0
Armondous Cooley,124161,DI,TULANE,13,1,0,,0,0,319,0,0,,55.4,50.5,55.4,57.5,52.2,0,1,0,0,,16.7,2,0,1,0.0,0,0,0,0,0,0,231,231,152,75,0,4,0,0,142,89,0,5,9,0,0,1,0,0,0,
Javian Hester,124207,WR,KENTUCKY,1,0,0,,1,0,202,0,0,,60.1,60.0,,60.0,,0,0,0,0,,,0,0,1,0.0,0,0,0,0,0,0,1,0,0,0,0,0,0,1,0,1,0,0,0,0,0,0,0,0,0,
Tyler Jones,124208,S,UTEP,7,1,0,100.0,0,0,330,0,0,41.6,36.3,76.5,,37.1,28.6,0,0,0,0,9.0,50.0,1,0,0,104.2,1,0,0,18,0,15,41,3,0,0,3,0,14,38,0,26,5,0,0,0,1,0,0,9,0,9.0
Dominick Hill,124239,S,SO MISS,6,0,0,100.0,0,0,296,0,0,58.0,57.0,74.6,59.7,56.6,49.8,0,0,0,0,3.0,25.0,1,0,0,118.8,1,0,0,16,0,19,38,0,0,0,0,0,16,38,1,18,5,1,3,0,1,0,1,3,0,3.0
Joey Hunter,124240,CB,MEMPHIS,3,0,0,66.7,0,0,218,1,0,59.3,60.5,74.4,,63.0,76.6,0,0,0,0,6.0,0.0,0,0,0,112.5,2,0,0,5,35,18,40,0,0,0,0,0,0,40,0,22,0,1,2,0,3,0,1,11,0,5.5
Dominic Bailey,124267,ED,TENNESSEE,12,5,0,,0,1,307,0,0,60.9,71.7,67.9,68.8,70.6,63.4,6,16,0,0,,15.4,4,0,1,0.0,0,6,0,2,0,1,503,501,41,210,177,73,0,2,302,200,0,15,17,3,0,28,0,0,0,
Bryson Eason,124276,DI,TENNESSEE,12,9,2,,0,0,307,1,0,61.7,69.0,45.5,63.5,72.3,49.3,3,10,0,0,,15.4,4,0,2,0.0,0,0,0,1,0,0,461,460,60,366,6,28,0,1,263,198,0,9,13,3,0,13,0,0,0,
Martavius French,124277,LB,COLORADO,10,9,0,85.7,0,0,143,1,0,37.7,44.9,82.1,56.6,52.4,43.0,2,2,0,0,28.0,24.3,9,0,1,117.6,12,1,0,273,3,126,322,27,0,0,27,0,0,295,12,184,19,10,19,2,14,5,0,171,126,14.3
Key Lawrence,124286,S,UCLA,12,14,0,85.0,1,2,324,0,0,59.8,58.4,51.2,55.6,57.1,48.5,0,2,0,1,19.0,21.6,19,0,1,89.4,17,0,0,284,4,357,717,7,0,0,7,0,322,710,5,355,99,13,55,4,20,2,1,129,67,7.6
William Wright,124304,CB,TENNESSEE,9,2,0,75.0,0,0,307,0,0,72.7,70.3,80.4,58.8,54.0,80.5,0,0,1,1,16.0,0.0,0,0,1,54.2,3,0,0,10,143,93,160,2,0,0,2,0,0,158,1,66,4,1,3,0,4,0,0,28,6,9.3
Josh Moten,124332,CB,SO MISS,12,9,0,66.7,2,0,296,0,0,79.6,79.2,25.3,60.0,76.9,81.9,0,0,0,5,75.0,6.7,4,2,5,68.1,38,0,0,41,766,441,841,6,0,1,5,0,0,835,1,399,28,6,47,1,57,0,3,403,153,10.6
Dallas Walker IV,124342,DI,AUBURN,12,5,0,,0,1,115,0,0,60.0,72.8,83.3,57.6,77.1,57.3,0,2,0,0,,13.0,3,0,0,0.0,0,0,0,0,0,0,251,251,108,139,2,2,0,0,109,142,0,13,15,0,0,2,0,0,0,
Mike Wright Jr.,124366,QB,E CAROLINA,6,0,0,33.3,0,0,156,0,0,59.4,62.7,76.1,60.0,72.8,78.8,0,0,0,1,15.0,0.0,0,0,0,11.1,1,0,0,2,40,29,45,1,0,0,1,0,2,44,1,15,0,1,3,0,3,0,0,15,1,15.0
Avery Helm,124379,CB,TCU,3,0,0,62.5,0,0,305,0,0,56.1,60.1,77.5,60.0,71.6,81.1,0,0,0,0,41.0,0.0,0,1,3,140.1,5,0,0,2,67,42,70,1,0,0,1,0,0,69,1,27,0,2,5,0,8,0,1,89,14,17.8
Jalen Lee,124385,DI,UNLV,12,12,0,,0,0,325,1,0,65.1,59.6,86.7,57.9,55.8,74.1,0,6,0,0,,4.0,1,0,0,0.0,0,1,0,0,0,0,444,444,156,288,0,0,0,0,240,204,0,12,12,1,0,7,0,0,0,
Mordecai McDaniel,124387,S,OKLA STATE,8,5,0,58.3,0,0,262,0,0,61.5,63.8,83.4,56.7,68.1,73.9,0,1,0,0,29.0,12.5,5,1,0,72.9,7,1,0,152,1,165,287,6,0,0,6,0,89,281,4,118,39,11,30,1,12,2,0,64,25,9.1
Jahari Rogers,124394,CB,COLO STATE,12,3,0,59.2,0,0,144,0,0,60.4,62.5,45.4,66.1,68.9,58.6,1,1,0,1,75.0,15.8,6,3,3,85.2,29,1,0,57,426,257,559,31,0,0,31,0,8,528,12,290,37,9,29,3,49,3,1,418,217,14.4
James Williams,124654,ED,FLORIDA ST,11,3,0,,0,0,167,0,0,62.5,69.9,55.0,68.0,69.1,45.9,6,13,0,0,,28.6,6,0,1,0.0,0,3,0,1,0,5,249,248,0,2,239,7,0,1,151,93,0,13,12,2,0,22,0,0,0,
Jack Tchienchou,124782,S,TULANE,13,15,0,76.0,1,0,319,0,0,63.1,65.2,87.8,74.6,64.0,55.4,0,2,0,1,26.0,16.9,15,2,3,91.3,19,1,0,212,11,372,651,3,0,0,3,0,312,648,13,266,112,17,59,2,25,3,1,175,105,9.2
Juandarion Silas,124924,LB,KENNESAW,9,3,0,100.0,0,0,200,0,0,42.6,51.8,76.6,66.4,63.1,49.4,0,0,0,0,14.0,21.1,4,0,0,108.3,5,1,0,92,0,53,104,1,0,1,0,0,0,103,5,46,11,9,12,1,5,1,0,50,22,10.0
Logan Muckey,124972,WR,MISSOURI,1,0,0,,0,0,229,0,0,,60.0,60.0,,60.0,,0,0,0,0,,,0,0,0,0.0,0,0,0,0,0,0,1,0,0,0,0,0,0,1,0,1,0,0,0,0,0,0,0,0,0,
Kendrick Bell,125137,WR,MICHIGAN,1,0,0,,1,0,222,0,0,,60.0,60.0,,60.0,,0,0,0,0,,,0,0,1,0.0,0,0,0,0,0,0,1,0,0,0,0,0,0,1,0,1,0,0,0,0,0,0,0,0,0,
Michael Mack II,125273,CB,OHIO,10,6,0,65.4,0,0,259,0,0,56.3,54.8,84.2,55.8,48.1,63.4,0,0,0,2,47.0,13.5,5,0,0,89.4,17,0,0,12,359,214,379,6,0,0,6,0,1,373,1,164,1,4,26,1,26,0,1,350,42,20.6
Cole Wisniewski,125313,S,TEXAS TECH,12,17,1,73.1,0,1,315,1,0,77.5,80.9,86.8,74.7,84.5,71.0,0,0,0,0,19.0,12.7,9,3,1,85.9,19,1,0,195,8,427,667,1,0,0,1,0,383,666,5,235,78,23,45,3,26,1,0,143,77,7.5
Muheem McCargo,125333,S,BALL ST,12,11,0,87.5,0,0,117,0,0,53.1,56.4,83.6,51.8,61.6,65.4,0,4,0,1,22.0,16.0,8,1,0,118.0,14,0,0,236,1,180,416,10,0,0,10,0,58,406,13,223,111,6,31,0,16,4,2,145,69,10.4
Demerick Morris,125335,DI,TEMPLE,11,2,0,,0,0,306,0,0,57.2,58.5,83.9,53.1,61.6,43.6,0,8,0,0,,18.2,2,0,0,0.0,0,1,0,6,0,3,333,327,66,198,11,52,0,6,158,172,0,6,7,1,0,9,0,0,0,
Yessman Green,125356,S,UTEP,7,1,0,58.3,0,0,330,0,0,51.2,52.6,85.0,58.3,56.7,72.2,0,1,0,0,23.0,10.0,2,0,0,106.9,7,0,0,49,28,89,171,1,0,0,1,0,64,170,1,81,27,2,17,0,12,1,1,82,31,11.7
Dylan Hasz,126029,S,APP STATE,10,9,1,69.2,0,1,108,0,0,58.9,60.9,82.7,76.1,58.8,34.3,0,1,0,0,16.0,30.2,13,1,1,108.2,9,0,0,77,2,153,273,7,0,0,7,0,140,266,12,108,47,6,21,2,13,1,1,71,56,7.9
Mo Horn,126328,CB,TEXAS TECH,7,0,0,28.6,0,0,315,0,0,68.9,65.8,0.0,,61.9,39.5,0,0,0,0,10.0,33.3,1,0,1,39.6,2,0,0,10,93,66,108,0,0,0,0,0,2,108,0,42,3,0,2,0,7,0,0,13,1,6.5
Langston Patterson,126465,LB,VANDERBILT,12,21,0,96.3,0,0,333,0,0,48.3,71.2,0.0,72.9,90.1,61.4,4,7,0,0,75.0,15.2,12,0,2,132.1,26,0,0,310,1,172,392,30,0,0,30,0,0,362,48,172,51,28,46,2,27,11,2,264,188,10.2
Tyler Gant,126535,DI,NWESTERN,6,1,0,,0,0,256,0,0,61.8,53.0,77.9,60.6,45.4,49.5,1,1,0,0,,20.0,1,0,0,0.0,0,0,0,0,0,0,89,89,0,88,0,1,0,0,47,42,0,3,3,0,0,2,0,0,0,
Michael Teason Jr.,126548,LB,TCU,3,0,0,100.0,0,0,305,0,0,62.2,71.2,74.9,66.1,71.9,79.9,0,0,0,0,16.0,0.0,0,0,0,104.2,2,0,0,30,0,12,35,2,0,0,2,0,0,33,2,21,2,5,5,1,2,0,0,18,3,9.0
Justin Weaver,126597,CB,ARMY,9,2,0,60.7,1,1,114,0,0,73.0,68.0,0.0,50.6,61.6,47.3,0,0,0,1,41.0,22.6,7,1,3,66.4,17,0,0,28,402,213,441,6,0,0,6,0,4,435,4,224,0,7,22,0,28,0,0,192,71,11.3
Donovan Rieman,126620,ED,LA TECH,12,3,1,,0,0,208,0,0,62.6,65.4,83.6,57.2,68.7,84.2,1,5,0,0,,0.0,0,0,0,0.0,0,4,0,0,0,0,370,370,0,49,203,118,0,0,210,160,0,16,18,3,0,10,0,0,0,
Avyonne Jones,127249,S,COAST CAR,12,12,0,57.9,0,0,141,0,0,62.8,58.7,33.5,55.4,54.6,59.9,0,0,0,1,29.0,17.8,13,3,1,59.1,11,0,0,341,0,276,537,22,0,0,22,0,138,515,16,245,36,13,48,0,19,0,0,140,51,12.7
Brady Boyd,127298,WR,UTAH ST,1,0,0,,0,0,329,0,0,,60.1,60.0,,60.0,,0,0,0,0,,,0,0,1,0.0,0,0,0,0,0,0,1,0,0,0,0,0,0,1,0,1,0,0,0,0,0,0,0,0,0,
Pete Schuh,127337,S,MARSHALL,1,0,0,,0,0,214,0,0,,60.1,60.0,,60.0,,0,0,0,0,,,0,0,0,0.0,0,0,0,0,0,0,1,0,0,0,0,0,0,1,0,1,0,0,0,0,0,0,0,0,0,
Jayden Rowe,127409,CB,KANSAS ST,2,0,0,0.0,0,0,199,0,0,60.0,60.3,71.4,,60.0,27.3,0,0,0,0,,100.0,1,0,0,39.6,0,0,0,0,12,10,12,0,0,0,0,0,0,12,0,2,0,0,0,0,1,0,0,0,0,
AJ Green Jr.,127442,HB,ARKANSAS,1,0,0,,0,0,111,0,0,60.0,64.5,73.9,,,72.5,0,0,0,0,,0.0,0,0,0,0.0,0,0,0,0,0,1,1,0,0,0,0,0,0,1,0,0,0,0,1,0,0,0,0,0,0,
Ejike Adele,127510,ED,RICE,4,1,0,,0,0,275,0,0,,72.0,77.5,60.1,76.2,59.6,1,2,0,0,,14.3,1,0,0,0.0,0,0,0,0,0,0,80,80,0,6,19,55,0,0,40,40,0,4,5,1,0,3,0,0,0,
Grayson Tempest,127630,WR,TULSA,1,0,0,,0,0,320,0,0,,60.0,60.0,,60.0,,0,0,0,0,,,0,0,2,0.0,0,0,0,0,0,0,1,0,0,0,0,0,0,1,0,1,0,0,0,0,0,0,0,0,0,
Devin Robinson,127648,CB,TULSA,12,19,0,58.8,0,0,320,1,0,70.7,70.2,6.4,57.2,75.8,66.8,1,1,0,1,21.0,11.7,7,3,3,58.6,20,0,0,105,2,268,627,112,0,0,112,0,8,515,27,332,400,17,34,7,34,2,0,161,130,8.1
Micaiah Bivines,127852,CB,LA LAFAYET,2,1,0,75.0,0,0,207,0,0,54.1,52.0,77.7,59.2,50.5,43.5,0,1,0,0,10.0,33.3,2,0,0,87.5,3,0,0,2,0,17,36,3,0,0,3,0,0,33,1,18,31,0,3,0,4,1,0,22,15,7.3
JK Johnson,128013,CB,OKLA STATE,8,1,0,76.9,0,0,262,0,0,57.6,58.8,82.1,,61.7,76.6,0,0,0,0,35.0,5.9,1,2,1,138.0,10,0,0,18,218,114,244,2,0,0,2,0,2,242,0,130,4,5,15,0,13,0,1,144,59,14.4
Christian Gray,128036,CB,NOTRE DAME,10,4,0,48.3,0,0,258,0,0,51.0,52.6,46.1,,68.0,64.9,0,0,0,2,59.0,13.0,3,8,9,71.0,29,0,0,25,573,418,638,2,0,0,2,0,0,636,0,220,37,6,16,1,60,0,2,452,178,15.6
Aaron Beckwith,128074,DI,TEMPLE,8,3,0,,0,0,306,0,0,60.0,66.8,80.4,62.0,67.1,63.6,0,2,0,0,,11.1,1,0,0,0.0,0,0,0,1,0,1,138,137,19,90,2,26,0,1,66,71,0,5,5,0,0,2,0,0,0,
Nahji Logan,128090,LB,NEVADA,4,4,0,81.8,0,0,239,0,0,56.2,62.3,77.8,67.0,69.8,69.6,1,0,0,0,22.0,9.1,1,0,0,91.3,9,1,0,60,0,51,87,8,0,0,8,0,0,79,4,32,19,4,6,0,11,2,0,65,53,7.2
Latrell Caples,128119,WR,BOISE ST,1,0,0,,0,0,120,0,0,,60.0,60.0,60.0,,,0,0,0,0,,,0,0,5,0.0,0,0,0,0,0,0,1,0,0,0,0,0,0,1,1,0,0,0,0,0,0,0,0,0,0,
Chase Wilson,128170,LB,W VIRGINIA,11,18,0,66.7,0,1,343,0,0,48.3,57.6,84.6,55.4,66.8,66.8,0,8,0,2,26.0,13.6,8,1,0,57.4,20,2,0,426,1,212,523,44,0,0,44,0,2,479,75,236,48,19,33,3,30,10,0,198,107,9.9
Malik Sherrod,128189,HB,BOISE ST,1,0,0,,0,0,120,0,0,51.7,46.5,60.0,,,21.3,0,0,0,0,,100.0,1,0,0,0.0,0,0,0,0,0,1,1,0,0,0,0,0,0,1,0,0,0,0,0,0,0,0,0,0,0,
Riley Wilson,128218,ED,ARIZONA,10,6,1,66.7,0,0,109,0,0,69.2,75.5,89.0,60.4,81.0,72.8,5,7,0,0,22.0,10.9,5,1,0,99.3,2,3,0,126,0,24,376,245,0,0,245,0,0,131,174,178,4,24,35,5,3,15,0,30,29,15.0
Teivis Tuioti,128247,DI,S DIEGO ST,8,0,0,,0,0,284,0,0,,60.2,76.9,63.4,56.7,69.7,0,1,0,0,,0.0,0,0,0,0.0,0,0,0,0,0,0,63,63,0,63,0,0,0,0,31,32,0,1,1,0,0,1,0,0,0,
Thomas Witte,128249,DI,NEVADA,12,11,0,,0,1,239,0,0,59.8,64.0,54.9,56.8,69.6,52.9,2,16,0,0,,15.8,6,0,2,0.0,0,1,0,7,0,0,638,631,46,374,24,187,0,7,350,288,0,17,21,2,0,19,0,0,0,
Tavian Combs,128258,S,NEW MEXICO,12,15,0,78.1,0,0,241,0,0,56.8,62.8,52.9,61.8,73.0,70.6,0,2,0,1,70.0,13.2,10,4,1,115.5,25,1,0,245,1,376,671,27,0,0,27,0,298,644,15,280,99,16,51,0,32,3,2,315,124,12.6
Waisale Muavesi,128364,DI,UNLV,12,1,0,,0,0,325,0,0,,56.0,82.5,62.5,51.0,43.2,0,2,0,0,,16.7,1,0,0,0.0,0,1,0,1,0,0,189,188,60,127,1,0,0,1,94,95,0,4,4,0,0,3,0,0,0,
Mata Hola,128383,ED,S JOSE ST,11,8,0,,0,0,285,0,0,62.7,64.4,83.0,55.7,64.8,64.1,0,3,0,0,,12.5,3,0,0,0.0,0,0,0,0,0,0,235,235,0,32,148,55,0,0,75,160,0,9,13,0,0,3,0,0,0,
Crew Wakley,128402,S,PURDUE,3,3,0,50.0,0,0,273,0,0,70.4,65.5,77.7,,53.9,71.9,0,0,0,0,10.0,9.1,1,1,0,56.3,2,0,0,22,0,32,60,1,0,0,1,0,24,59,0,28,13,2,7,1,4,0,0,12,0,6.0
Sabastian Harsh,128416,ED,NC STATE,12,9,2,100.0,0,0,248,1,0,70.9,84.3,54.9,81.2,80.2,64.3,5,34,0,0,11.0,16.2,6,0,2,152.1,1,4,0,10,0,20,618,607,6,121,366,114,0,11,370,228,1,22,22,4,1,43,1,11,8,11.0
Oluwaseyi Omotosho,128425,ED,W VIRGINIA,3,0,0,,0,0,343,0,0,60.0,66.7,75.0,66.4,61.9,,0,0,0,0,,,0,0,0,0.0,0,0,0,0,0,1,15,14,0,2,11,1,0,1,6,8,1,0,0,0,0,0,0,0,0,
Braden Siders,128432,ED,W VIRGINIA,12,8,0,100.0,0,2,343,1,0,47.8,67.8,69.9,66.1,73.8,59.9,4,12,0,0,33.0,14.3,4,1,1,158.3,5,2,0,2,0,39,462,457,0,18,406,33,0,5,221,202,2,15,16,0,5,18,1,67,42,13.4
Mana Taimani,128436,DI,COLORADO,3,0,0,,0,0,143,0,0,,49.5,75.2,60.8,46.9,70.7,0,0,0,0,,0.0,0,0,0,0.0,0,0,0,0,0,0,26,25,7,18,0,0,0,1,10,16,0,2,2,0,0,0,0,0,0,
Michael Boudoin III,128789,LB,TEXAS ST,9,9,0,69.2,0,0,314,0,0,67.7,67.8,80.4,78.6,58.8,52.7,3,4,0,1,30.0,19.4,6,1,0,97.8,9,1,0,184,1,97,216,16,0,0,16,0,0,200,22,97,14,10,16,0,13,8,3,95,89,10.6
Mason Green,128892,ED,NWESTERN,1,0,0,,0,0,256,0,0,,54.6,71.0,54.0,60.0,,0,0,0,0,,,0,0,0,0.0,0,0,0,0,0,0,6,6,0,0,6,0,0,0,5,1,0,0,0,0,0,0,0,0,0,
Jayden Marable,129183,DI,MEMPHIS,12,3,0,,0,0,218,0,0,,66.0,83.8,60.4,67.2,58.9,0,2,0,0,,12.5,1,0,0,0.0,0,0,0,0,0,0,202,202,171,31,0,0,0,0,110,92,0,4,4,1,0,2,0,0,0,
Arion Carter,129186,LB,TENNESSEE,10,21,0,83.3,0,1,307,1,0,52.6,59.9,84.6,58.8,66.7,70.0,0,9,0,0,21.0,8.9,7,1,0,109.0,25,1,0,389,2,234,477,14,0,0,14,0,0,463,43,200,72,29,51,5,30,10,1,225,144,9.0
Mose Phillips III,129334,S,MISSOURI,7,0,0,42.9,0,1,229,0,0,77.9,76.9,84.2,58.2,70.6,57.8,0,0,0,0,18.0,20.0,1,1,0,50.3,3,0,0,29,0,64,129,0,0,0,0,0,27,129,2,63,72,1,4,1,7,0,0,18,16,6.0
Jordan Walker,129403,S,W VIRGINIA,7,5,0,71.4,0,0,343,0,0,78.3,73.1,79.7,,62.3,39.4,0,0,0,1,11.0,29.2,7,0,0,42.3,5,0,0,55,1,46,100,2,0,0,2,0,31,98,0,54,11,5,12,1,7,0,0,34,33,6.8
Chris Keys Jr.,129445,S,FAU,12,10,0,70.8,0,0,165,0,0,48.0,51.8,86.9,55.4,58.0,77.1,0,0,0,1,40.0,11.3,6,1,0,84.9,17,0,0,287,5,302,629,7,0,0,7,0,255,622,3,324,75,8,37,1,24,0,0,237,108,13.9
Damarjhe Lewis,129447,DI,SMU,2,0,0,,0,0,287,0,0,,59.0,69.5,58.8,,,0,0,0,0,,,0,0,0,0.0,0,0,0,0,0,0,6,6,0,6,0,0,0,0,6,0,0,0,0,0,0,0,0,0,0,
Brenden Deasfernandes,129465,CB,C MICHIGAN,12,5,0,60.6,0,0,134,0,0,71.6,68.7,43.0,59.2,52.4,55.9,0,0,0,2,46.0,19.2,5,3,3,79.4,20,0,0,21,544,347,583,6,0,0,6,0,1,577,1,235,11,0,16,0,33,0,1,332,64,16.6
Ethan Hurkett,129471,ED,IOWA,12,8,0,,0,1,192,0,0,65.5,73.0,87.5,71.5,68.1,71.9,3,11,0,0,,11.1,3,0,0,0.0,0,5,0,0,0,10,509,509,2,14,328,165,0,0,280,219,0,15,16,2,0,19,0,0,0,
Devyn King,129521,CB,HAWAII,11,1,0,56.3,0,0,180,0,0,62.9,64.0,83.4,60.0,66.9,48.2,0,0,0,0,53.0,22.7,5,4,2,88.5,18,0,0,30,378,251,420,1,0,0,1,0,0,419,1,168,10,5,16,0,32,0,1,224,84,12.4
Nikhai Hill-Green,129582,LB,ALABAMA,13,8,0,52.6,0,2,103,1,0,84.0,74.1,81.6,55.3,65.6,50.7,0,3,0,0,33.0,19.6,10,0,0,67.2,10,0,0,318,0,161,366,28,0,0,28,0,2,338,33,172,18,20,33,3,19,3,0,97,83,9.7
Avery Dunn,129611,ED,TOLEDO,10,6,0,0.0,0,0,316,0,0,59.3,69.4,84.2,62.9,71.5,69.5,0,6,0,0,,8.3,1,0,0,39.6,0,0,0,1,0,3,242,241,0,3,207,31,0,1,115,124,0,4,5,2,2,6,0,0,0,
Devin Hightower,129621,LB,UAB,12,26,0,82.6,1,0,321,0,0,68.9,70.0,53.9,70.3,67.3,70.5,1,9,0,1,37.0,8.2,7,0,1,108.3,19,1,0,565,0,261,652,14,0,0,14,0,1,638,23,368,72,25,52,2,23,11,2,170,133,8.9
Jasiyah Robinson,129632,ED,E CAROLINA,12,4,0,50.0,0,1,156,1,0,60.3,78.7,84.6,70.5,80.8,57.2,3,12,0,0,2.0,20.8,5,0,0,56.3,1,5,0,2,0,9,373,369,2,106,183,78,0,4,198,166,1,16,15,2,2,20,0,2,0,2.0
Darius Snow,129635,LB,MICH STATE,12,9,0,100.0,0,0,223,0,0,59.2,61.7,85.1,66.5,61.4,69.1,0,1,0,0,25.0,10.7,3,0,0,117.3,7,1,0,79,0,75,232,96,0,0,96,0,0,136,10,147,56,11,16,1,7,2,0,85,49,12.1
Lucas Finnessy,129651,ED,MINNESOTA,11,3,0,,0,0,225,0,0,64.1,54.6,80.8,51.7,55.4,60.7,1,0,0,0,,10.0,1,0,0,0.0,0,0,0,0,0,2,107,106,0,2,86,18,0,1,49,56,1,2,6,1,0,1,0,0,0,
Gage Keys,129657,DI,KANSAS,4,0,0,,0,0,198,0,0,,59.4,73.8,61.7,57.8,72.2,1,0,0,0,,0.0,0,0,0,0.0,0,0,0,0,0,0,25,25,0,21,1,3,0,0,11,14,0,2,2,1,0,1,0,0,0,
Jalen Logan-Redding,129661,DI,MINNESOTA,12,7,0,,1,0,225,0,0,60.1,56.3,59.5,61.6,52.2,70.4,2,4,0,0,,5.9,1,0,1,0.0,0,0,0,0,0,0,368,368,3,327,15,23,0,0,201,167,0,4,9,1,0,6,0,0,0,
Marquis Black,129675,DI,UCONN,12,5,0,,0,0,146,0,0,58.1,57.9,81.8,54.7,60.6,66.8,0,0,0,0,,8.3,1,0,0,0.0,0,1,0,0,0,4,183,183,71,107,0,5,0,0,83,96,0,5,6,1,0,1,0,0,0,
Jimari Butler,129679,ED,LSU,11,5,2,75.0,0,0,211,0,0,64.9,76.3,87.8,71.0,75.8,63.7,3,9,0,0,10.0,14.3,3,0,0,87.5,3,2,0,1,0,21,288,285,0,4,267,14,0,3,146,121,2,13,13,2,4,14,0,22,23,7.3
Tamon Lynum,129699,CB,PITTSBURGH,9,6,0,66.7,0,0,268,0,0,71.2,71.1,11.1,65.7,69.9,77.8,1,0,0,1,33.0,8.0,2,1,2,97.6,8,0,0,15,264,167,281,2,0,0,2,0,0,279,2,112,0,9,17,0,12,1,3,101,11,12.6
Jaheem Joseph,129726,S,UNLV,12,9,0,64.0,0,2,325,1,0,57.2,63.6,51.4,69.5,71.9,65.2,1,4,0,0,80.0,17.6,12,1,1,140.2,16,4,0,232,3,341,641,30,0,0,30,0,293,611,22,278,80,17,47,4,25,9,3,271,147,16.9
Gunner Maldonado,129727,S,KANSAS ST,12,10,0,57.1,0,0,199,0,0,63.5,65.9,86.5,60.0,68.3,51.4,0,1,0,2,27.0,22.4,13,1,1,35.4,8,0,0,192,1,275,500,8,0,0,8,0,254,492,1,224,45,10,35,1,14,1,0,85,61,10.6
Nigel Williams,129739,LB,LOUISVILLE,3,0,0,100.0,0,0,210,0,0,64.4,54.9,76.4,59.5,43.3,77.0,0,1,0,0,22.0,0.0,0,0,0,118.8,1,0,0,5,1,9,23,9,0,0,9,0,0,14,2,12,7,1,2,0,1,1,0,22,1,22.0
Darrion Henry-Young,129748,ED,COAST CAR,12,5,0,,0,0,141,0,0,61.6,65.0,81.3,63.8,59.8,80.3,1,1,0,0,,0.0,0,0,0,0.0,0,0,0,0,0,0,130,130,0,3,105,22,0,0,68,62,0,4,6,1,0,2,0,0,0,
Cameron Martinez,129752,CB,BOSTON COL,4,2,0,62.5,0,0,121,0,0,57.0,52.5,0.0,55.5,48.4,50.8,1,0,0,0,21.0,27.3,3,0,2,94.8,5,0,0,13,3,65,116,6,0,0,6,0,0,110,3,48,94,2,6,0,8,1,0,78,30,15.6
Mitchell Melton,129753,ED,VIRGINIA,12,8,1,0.0,1,3,335,1,0,90.9,84.9,54.5,79.7,76.4,47.6,6,33,0,1,,27.7,13,1,2,0.0,0,6,0,3,0,22,509,506,0,2,487,17,0,3,263,224,0,28,26,7,2,45,0,0,0,
Cole Brevard,129766,DI,TEXAS,12,3,0,,0,0,311,0,0,59.8,73.1,83.4,67.7,72.6,32.6,0,10,0,0,,20.0,3,0,0,0.0,0,0,0,0,0,1,276,276,84,182,1,9,0,0,138,137,0,7,9,0,0,10,0,0,0,
Zuriah Fisher,129778,ED,PENN STATE,11,9,1,50.0,1,1,266,0,0,46.2,64.5,6.2,69.9,67.4,76.8,7,22,0,0,30.0,10.0,2,0,5,95.8,1,1,0,5,0,12,438,431,0,0,424,7,0,7,217,209,1,4,9,0,2,30,0,30,13,30.0
Anthony Romphf,129830,CB,TULSA,1,0,0,,0,0,320,0,0,,60.0,73.9,,60.0,,0,0,0,0,,,0,0,0,0.0,0,0,0,0,0,0,1,0,0,0,0,0,0,1,0,1,0,0,0,0,0,0,0,0,0,
Antonio Stevens,129833,S,KENNESAW,11,13,0,73.3,0,0,200,0,0,67.6,60.9,41.1,63.3,50.4,68.1,0,0,0,1,32.0,13.2,5,3,1,69.9,11,0,0,156,1,216,431,59,0,0,59,0,166,372,11,204,49,7,20,1,15,0,0,124,71,11.3
Andrew Awe,129839,LB,RICE,12,22,0,87.0,0,1,275,0,0,38.2,56.0,85.6,69.4,65.6,62.5,1,10,0,0,24.0,14.2,15,1,0,122.1,20,5,0,730,3,377,763,7,0,0,7,0,0,756,38,348,23,45,69,4,23,16,1,226,135,11.3
Jordan Dunbar,129844,CB,MO STATE,12,6,0,47.2,0,1,230,0,0,80.4,81.4,86.3,58.9,77.2,49.7,0,0,0,2,31.0,20.6,7,10,2,60.6,25,0,0,35,710,426,758,3,0,0,3,0,1,755,1,331,7,7,21,1,53,0,2,284,110,11.4
Plae Wyatt,129868,S,RICE,4,3,0,100.0,0,0,275,0,0,73.1,74.6,77.9,60.0,73.1,63.9,0,0,0,1,10.0,15.4,2,0,0,42.4,3,0,0,37,0,33,84,7,0,0,7,0,13,77,1,50,27,6,8,1,3,0,0,11,19,3.7
Wesley Bailey,129871,ED,LOUISVILLE,12,10,0,100.0,0,0,210,0,0,65.1,77.0,35.9,82.2,67.3,65.8,6,29,0,0,7.0,10.0,3,0,3,95.8,1,9,0,3,0,10,520,514,0,26,402,86,0,6,309,201,2,18,17,1,1,44,0,7,11,7.0
Shawn Collins,129874,ED,APP STATE,3,0,0,,0,0,108,0,0,60.1,63.6,78.6,58.7,65.3,75.0,0,1,0,0,,0.0,0,0,0,0.0,0,0,0,0,0,0,60,60,0,10,46,4,0,0,40,20,0,0,1,0,0,1,0,0,0,
Rene Konga,129880,DI,LOUISVILLE,12,10,5,,0,0,210,0,0,68.1,86.4,50.3,85.2,76.9,63.2,2,22,0,0,,9.4,3,1,2,0.0,0,2,0,2,0,0,532,530,32,388,28,82,0,2,327,205,0,16,19,5,0,26,0,0,0,
Caleb Patterson,129898,ED,FIU,1,1,0,,0,0,166,1,0,,74.9,71.1,67.3,64.6,70.2,0,0,0,0,,0.0,0,0,0,0.0,0,0,0,0,0,0,5,5,3,2,0,0,0,0,3,2,0,0,0,0,0,0,0,0,0,
Ben Barten,129913,DI,WISCONSIN,12,3,2,,0,0,349,0,0,61.8,70.1,83.4,61.0,71.7,46.6,0,6,0,0,,21.7,5,0,0,0.0,0,1,0,0,0,0,360,360,37,316,5,2,0,0,180,180,0,11,15,2,0,7,0,0,0,
James Thompson Jr.,129930,DI,ILLINOIS,12,7,1,,0,0,187,0,0,59.9,74.7,83.4,63.1,79.4,85.6,2,10,0,0,,0.0,0,0,0,0.0,0,1,0,1,0,2,376,375,47,160,9,159,0,1,215,159,0,19,28,2,0,13,0,0,0,
Aaron Witt,129937,ED,WISCONSIN,11,5,0,44.4,0,0,349,0,0,63.1,69.1,80.5,62.9,72.8,62.2,0,2,0,0,2.0,16.7,3,0,0,88.7,4,0,0,75,0,56,165,52,0,0,52,0,0,113,10,99,38,8,10,2,9,2,1,6,10,1.5
Preston Zachman,129939,S,WISCONSIN,3,1,0,57.1,0,0,349,0,0,81.6,79.6,78.8,59.5,68.9,75.1,0,0,0,2,19.0,7.7,1,0,0,69.3,4,0,0,48,0,73,116,0,0,0,0,0,45,116,1,42,23,1,11,0,7,0,1,33,11,8.3
Ronald Jackson Jr.,130297,CB,OHIO,2,1,0,0.0,0,0,259,0,0,58.7,59.9,74.9,,62.9,76.6,0,0,0,0,,0.0,0,0,0,39.6,0,0,0,2,28,17,33,1,0,0,1,0,0,32,0,16,2,0,1,0,1,0,0,0,0,
DiMarco Johnson,130299,S,AKRON,11,6,0,57.1,0,0,102,1,0,60.9,65.3,85.7,55.8,73.0,64.9,0,1,0,1,48.0,14.8,8,3,0,84.7,16,0,0,232,0,268,498,12,0,0,12,0,185,486,5,225,69,9,40,1,28,1,1,255,152,15.9
Chris Williams,130393,LB,BOWL GREEN,1,0,0,,0,0,122,0,0,,40.0,68.5,,60.0,,0,0,0,0,,,0,0,0,0.0,0,0,0,0,0,0,2,2,0,0,2,0,0,0,0,2,0,0,0,0,0,0,0,0,0,
Jalen McNair,130415,S,BUFFALO,12,11,0,50.0,1,0,126,2,0,62.2,66.5,0.0,59.4,78.3,75.1,1,1,0,2,60.0,10.7,6,4,2,81.3,13,0,0,168,1,287,543,17,0,0,17,0,290,526,10,246,67,17,39,3,26,2,3,194,63,14.9
George Wolo,130424,DI,BUFFALO,12,10,0,,0,0,126,0,0,,65.9,83.5,65.1,63.7,75.6,0,6,0,0,,0.0,0,0,0,0.0,0,1,0,0,0,0,404,404,5,399,0,0,0,0,188,216,0,14,15,1,0,7,0,0,0,
Mikah Coleman,130451,ED,CINCINNATI,12,11,0,,0,0,138,0,0,61.0,57.6,47.0,57.0,59.4,66.6,1,13,0,0,,12.5,4,0,2,0.0,0,3,0,7,0,3,449,442,0,15,297,130,0,7,231,215,0,16,17,1,0,17,0,0,0,
Terrell Miller,130497,CB,KENT STATE,11,4,0,41.9,0,0,201,1,0,66.7,65.0,85.4,,54.6,51.8,0,0,0,2,58.0,16.2,6,5,0,65.7,18,0,0,28,474,270,522,17,0,0,17,0,3,505,0,252,0,7,27,1,43,0,3,257,67,14.3
Luke Murphy,130498,LB,COAST CAR,10,8,0,63.6,0,0,141,0,0,65.3,61.1,40.4,54.7,59.8,63.6,1,0,0,0,80.0,16.3,7,1,1,137.5,7,1,0,359,0,185,419,20,0,0,20,0,1,399,38,196,39,10,28,3,11,2,1,148,110,21.1
CJ Brown,130541,S,SM HOUSTON,10,19,0,59.3,0,3,281,0,0,78.9,83.2,85.7,60.7,88.2,80.1,0,1,0,1,54.0,9.0,7,3,0,87.4,16,0,0,270,5,292,544,6,0,0,6,0,153,538,10,242,110,13,52,1,27,1,1,253,66,15.8
Ivan Davis,130546,ED,N ILLINOIS,6,0,0,,0,0,254,0,0,,62.8,77.7,56.7,67.1,,0,1,0,0,,100.0,1,0,0,0.0,0,0,0,3,0,0,37,34,0,2,31,1,0,3,22,15,0,0,0,0,0,1,0,0,0,
Devin Lafayette,130562,S,TROY,12,29,1,63.9,0,0,318,0,0,66.2,73.6,87.4,61.5,83.0,75.6,1,3,0,2,35.0,12.0,14,3,0,58.9,23,1,0,304,1,393,797,25,0,0,25,0,227,772,20,384,239,33,74,1,36,5,0,231,109,10.0
Pierce Oppong,130570,TE,N ILLINOIS,2,0,0,,0,0,254,0,0,,60.0,75.1,61.8,58.0,71.1,0,0,0,0,,0.0,0,0,1,0.0,0,0,0,0,0,0,22,22,0,0,21,1,0,0,8,14,0,0,1,0,0,0,0,0,0,
Daveren Rayner,130573,LB,KENTUCKY,12,22,0,70.6,1,0,202,0,0,62.3,74.6,83.3,65.8,83.9,78.9,2,2,0,2,36.0,9.1,7,2,1,62.0,12,2,0,401,3,251,527,21,0,0,21,0,13,506,34,242,89,32,48,4,17,6,0,166,98,13.8
Ray Thomas,130580,DI,MISS STATE,7,4,0,,0,1,227,0,0,60.0,76.5,77.3,55.3,81.7,80.4,0,0,0,0,,0.0,0,0,0,0.0,0,1,0,0,0,0,64,64,1,33,6,24,0,0,21,43,0,8,9,1,0,1,0,0,0,
Pierre Kemeni Jr.,130595,S,OHIO,5,0,0,50.0,0,0,259,0,0,66.5,62.4,76.6,,53.7,76.5,0,0,0,0,7.0,0.0,0,0,0,58.3,1,0,0,5,0,12,25,5,0,0,5,0,0,20,0,13,15,1,2,0,2,0,0,7,6,7.0
Jaelen Crider,130616,DI,LA LAFAYET,12,11,0,,0,0,207,0,0,60.5,67.6,87.0,56.1,71.4,74.8,1,4,0,0,,4.0,1,0,0,0.0,0,2,0,1,0,1,452,451,127,286,7,31,0,1,219,232,0,9,13,1,0,7,0,0,0,
Martez Poynter,130629,DI,TOLEDO,11,9,1,,0,1,316,0,0,67.5,82.6,45.9,90.7,66.6,63.9,6,20,0,0,,9.7,3,0,2,0.0,0,6,0,1,0,1,490,489,1,482,1,5,0,1,257,232,0,16,19,3,0,32,0,0,0,
Major Melson,130672,WR,OKLAHOMA,1,0,0,,0,0,261,0,0,,60.0,60.0,,60.0,,0,0,0,0,,,0,0,0,0.0,0,0,0,0,0,0,1,0,0,0,0,0,0,1,0,1,0,0,0,0,0,0,0,0,0,
Kole Briehler,131078,DI,STANFORD,1,0,0,,0,0,300,0,0,,61.7,73.0,58.5,62.2,70.1,0,0,0,0,,0.0,0,0,0,0.0,0,0,0,0,0,0,11,11,10,1,0,0,0,0,7,4,0,1,1,0,0,0,0,0,0,
Jaxson Campbell,131100,CB,NAVY,12,7,0,90.5,0,0,237,0,0,60.5,67.3,21.2,63.9,78.5,50.8,3,4,0,0,51.0,19.1,9,1,2,134.5,19,1,0,65,1,147,429,146,0,0,146,0,1,283,75,207,216,20,31,0,21,8,2,182,151,9.6
Kamdon McFarland,131188,CB,N TEXAS,2,0,0,,0,0,251,0,0,61.5,63.8,65.7,,60.0,,0,0,0,0,,,0,0,0,0.0,0,0,0,0,0,3,4,0,0,0,0,0,0,4,0,1,3,0,0,0,0,0,0,0,0,
Braylen Jackson,131191,DI,BAYLOR,2,0,0,,0,0,118,0,0,,56.4,71.5,59.8,56.7,,0,0,0,0,,,0,0,0,0.0,0,0,0,0,0,0,11,11,0,11,0,0,0,0,3,8,0,0,0,0,0,0,0,0,0,
Brian Booker,131222,DI,NEW MEXICO,11,9,1,,0,0,241,1,0,60.4,73.2,84.4,65.2,74.3,45.1,2,6,0,0,,18.5,5,0,0,0.0,0,2,0,0,0,3,380,379,73,299,4,3,0,1,179,198,0,12,13,2,0,10,0,0,0,
Ashton Levells-Mitchell,131257,CB,FIU,8,0,0,58.8,2,0,166,0,0,67.8,67.4,4.8,58.9,69.8,88.9,0,0,0,0,70.0,0.0,0,2,4,113.1,20,0,0,11,236,171,256,0,0,0,0,0,5,256,1,84,1,12,19,1,34,0,3,266,84,13.3
Treylin Payne,131350,LB,TEXAS ST,12,32,0,75.0,0,0,314,0,0,60.0,75.2,21.7,81.2,82.8,56.9,5,8,0,0,26.0,15.2,16,2,2,104.2,24,2,0,469,0,270,566,54,1,0,53,0,2,512,46,250,41,35,57,2,32,15,1,224,172,9.3
Preston Hodge,131462,CB,COLORADO,12,3,0,50.0,1,0,143,1,0,57.5,57.0,89.2,85.2,49.7,51.6,2,2,0,1,60.0,20.3,13,6,5,89.4,33,0,0,178,8,373,844,34,0,0,34,0,65,810,10,461,558,18,48,2,66,4,4,503,339,15.2
Khary Crump,131568,CB,RICE,7,2,0,46.4,0,0,275,0,0,52.8,55.0,15.4,,70.1,67.4,0,0,0,0,52.0,11.1,2,4,9,65.8,13,0,0,27,319,194,358,9,0,0,9,0,1,349,0,164,2,3,14,0,28,0,0,168,87,12.9
Treydan Stukes,131596,CB,ARIZONA,10,16,1,59.0,0,0,109,0,0,90.4,90.1,86.9,84.3,72.5,74.2,0,2,0,4,37.0,10.7,6,6,0,34.4,23,2,0,197,4,285,608,8,0,0,8,0,19,600,11,312,380,17,34,0,39,4,0,213,130,9.3
Dion Wilson Jr.,131600,DI,SYRACUSE,12,10,2,,0,0,304,0,0,62.5,69.0,41.5,66.9,68.9,74.0,2,6,0,0,,4.0,1,0,2,0.0,0,0,0,3,0,0,394,390,115,270,1,4,0,4,211,183,0,8,14,3,0,8,0,0,0,
Andy Alfieri,131639,LB,OREGON ST,7,4,1,100.0,0,1,265,0,0,62.0,68.9,80.4,62.5,70.4,50.8,0,4,0,0,25.0,18.8,3,0,0,118.8,1,0,0,91,0,25,97,1,0,0,1,0,0,96,17,55,4,3,9,0,1,4,0,25,27,25.0
Stanley Saole-McKenzie,131656,DI,CAL,12,3,0,,0,0,130,0,0,61.8,59.8,82.0,56.7,59.2,64.3,1,0,0,0,,16.7,2,0,0,0.0,0,0,0,0,0,0,212,212,65,143,1,3,0,0,113,99,0,4,7,0,0,1,0,0,0,
Devin Grant,131680,ED,W VIRGINIA,11,10,1,0.0,0,1,343,1,0,63.7,68.2,86.1,64.8,66.7,72.2,1,20,0,0,,9.5,2,0,0,39.6,0,3,0,1,0,12,403,401,0,36,261,104,0,2,221,170,0,9,9,1,1,24,0,0,0,
Logan Sagapolu,131721,DI,WASHINGTON,9,0,0,,0,0,340,0,0,,53.7,76.5,58.6,53.2,,0,0,0,0,,,0,0,0,0.0,0,0,0,0,0,0,28,27,24,3,0,0,0,1,5,23,0,0,0,0,0,0,0,0,0,
John Miller,131744,LB,UTAH ST,12,21,0,68.0,0,1,329,0,0,60.0,76.7,63.3,69.9,80.4,63.1,7,16,0,0,41.0,14.9,15,3,1,127.3,17,7,0,738,0,306,847,46,0,0,46,0,1,801,175,366,61,48,65,4,25,30,2,251,106,14.8
Omari Porter,131778,CB,RICE,12,6,1,53.7,1,0,275,0,0,51.5,55.5,48.6,89.4,67.0,39.8,0,1,0,0,80.0,18.8,9,7,5,93.6,36,1,0,55,578,357,668,22,0,0,22,0,2,646,3,308,11,10,33,0,67,2,2,591,214,16.4
Anson Pulsipher,131779,LB,STANFORD,1,0,0,50.0,0,0,300,0,0,33.0,33.7,69.6,,62.2,,0,0,0,0,8.0,,0,0,0,60.4,1,0,0,9,0,7,11,1,0,0,1,0,0,10,0,4,1,0,0,0,2,0,0,8,2,8.0
Choe Bryant-Strother,131789,LB,BYU,1,0,0,100.0,0,0,128,0,0,63.4,77.2,72.9,80.7,65.2,75.8,0,0,0,0,4.0,0.0,0,0,0,83.3,1,1,0,17,0,9,17,0,0,0,0,0,0,17,1,7,0,2,1,0,1,1,0,4,2,4.0
JonJon Vaughns,131815,LB,UCLA,12,27,1,83.9,0,0,324,1,0,48.8,65.9,86.7,64.4,73.4,79.4,0,5,0,0,56.0,8.5,10,0,0,156.7,26,1,0,490,1,226,600,68,0,0,68,0,0,532,35,339,40,39,81,5,31,6,5,375,311,14.4
DJ Warnell,131817,LB,NEVADA,9,3,0,90.9,0,0,239,0,0,51.5,47.6,79.7,54.9,43.4,55.1,1,0,0,0,41.0,16.7,3,0,0,118.8,10,0,0,73,0,59,111,10,0,0,10,0,2,101,6,46,25,7,12,0,11,1,0,139,79,13.9
Gary Bryant Jr.,131819,WR,OREGON,1,0,0,,0,0,264,0,0,,60.0,60.0,,60.0,,0,0,0,0,,,0,0,1,0.0,0,0,0,0,0,0,1,0,0,0,0,0,0,1,0,1,0,0,0,0,0,0,0,0,0,
Kobe Pepe,131834,DI,USC,10,1,0,,0,0,326,0,0,,42.6,78.1,58.7,37.1,27.8,0,0,0,0,,50.0,1,0,0,0.0,0,0,0,0,0,0,59,59,18,40,0,1,0,0,28,31,0,0,0,0,0,0,0,0,0,
Jamar Sekona,131836,DI,HAWAII,11,2,0,,0,0,180,0,0,,58.1,0.0,69.6,62.5,46.3,1,7,0,0,,23.1,3,0,5,0.0,0,1,0,0,0,0,177,177,24,108,2,43,0,0,88,89,0,9,8,2,0,9,0,0,0,
Sione Fotu,131853,LB,HOUSTON,12,19,0,80.0,0,0,182,2,0,57.3,67.0,50.5,53.6,77.6,74.2,1,7,0,0,19.0,10.1,7,0,1,92.2,12,0,0,444,1,215,511,49,0,0,49,0,0,462,66,230,17,20,43,0,15,8,0,92,86,7.7
Kamo'i Latu,131860,S,UCONN,4,5,0,66.7,0,0,146,0,0,76.3,73.1,81.3,57.1,64.6,67.8,0,0,0,0,12.0,12.5,2,1,1,82.6,2,0,0,53,1,73,145,6,0,0,6,0,70,139,4,68,15,2,9,0,3,0,0,18,12,9.0
Nate Ritchie,131875,S,UTAH,5,4,0,64.3,1,0,328,0,0,54.5,57.0,82.2,62.8,59.9,36.5,0,2,0,0,73.0,31.6,12,1,1,99.4,9,0,0,76,7,123,219,12,0,0,12,0,91,207,4,92,33,12,22,4,14,2,0,147,122,16.3
Aliki Vimahi,131883,DI,UTAH,11,9,2,,0,0,328,0,0,61.3,54.9,32.7,54.7,57.8,74.7,0,9,0,0,,4.0,1,0,3,0.0,0,1,0,3,0,1,539,536,47,470,3,16,0,3,284,254,0,12,15,0,0,10,0,0,0,
Makell Esteen,131892,S,WASHINGTON,11,7,0,68.2,0,0,340,0,0,63.2,64.0,88.7,63.9,62.9,61.9,1,2,0,2,28.0,17.2,10,1,0,67.2,15,1,0,140,8,369,626,30,0,0,30,0,376,596,11,246,69,10,41,0,22,4,1,164,65,10.9
Elijah Jackson,131899,CB,TCU,1,1,0,,0,0,305,0,0,,64.5,64.9,,62.9,74.3,0,0,0,0,,0.0,0,0,0,0.0,0,0,0,2,1,0,3,0,0,0,0,0,0,3,0,3,0,0,0,0,0,0,0,0,0,
Kasen Kinchen,131900,CB,NEVADA,9,9,0,82.1,0,0,239,0,0,56.3,58.6,83.6,67.3,62.0,65.5,0,1,0,0,42.0,12.5,5,0,1,123.8,32,0,0,84,3,202,362,1,0,0,1,0,7,361,4,156,267,12,26,1,39,1,2,375,217,11.7
Anthony Ward,131919,LB,WASHINGTON,6,1,0,0.0,0,0,340,0,0,62.5,65.9,70.7,60.0,66.8,74.3,0,0,0,0,,0.0,0,0,0,39.6,0,0,0,14,0,7,20,1,0,0,1,0,0,19,2,11,2,0,0,0,1,0,0,0,0,
Justin Anderson,131922,S,AKRON,7,9,0,64.3,0,1,102,0,0,58.7,63.1,83.6,55.5,70.7,56.7,0,0,0,0,41.0,18.4,7,1,1,127.4,9,0,0,168,0,142,270,12,0,0,12,0,48,258,4,124,42,5,22,0,14,0,1,161,91,17.9
Ayden Hector,131933,S,COLO STATE,7,6,0,66.7,0,0,144,0,0,56.1,66.3,83.1,63.4,80.0,66.8,0,0,0,1,39.0,13.0,3,1,0,70.1,4,0,0,95,8,100,247,4,0,0,4,0,127,243,5,142,13,7,14,0,6,0,0,91,34,22.8
Jackson Lataimua,131939,S,N TEXAS,6,3,0,66.7,0,0,251,0,0,35.7,38.2,84.0,58.5,45.5,60.7,0,0,0,0,25.0,14.3,1,0,0,105.6,4,0,0,22,1,24,62,13,0,0,13,0,0,49,4,34,25,1,3,1,6,0,0,69,37,17.3
Gabriel Lopez,131942,DI,NEW MEXICO,10,2,2,,0,0,241,0,0,52.8,60.8,84.8,63.5,60.2,68.7,1,9,0,0,,8.3,1,0,0,0.0,0,2,0,0,0,10,430,429,52,354,6,17,0,1,254,166,0,9,9,4,0,12,0,0,0,
Tristan Souza,131957,DI,BUFFALO,10,1,0,,0,0,126,0,0,,59.9,76.4,54.9,62.7,73.4,0,0,0,0,,0.0,0,0,0,0.0,0,0,0,0,0,0,53,53,1,51,0,1,0,0,25,28,0,2,2,0,0,0,0,0,0,
Amarian Williams,132048,CB,LIBERTY,11,9,0,64.3,0,0,206,0,0,60.4,50.1,0.0,,32.6,40.9,0,0,0,2,36.0,24.4,10,3,9,86.2,27,0,0,23,451,250,500,2,0,0,2,0,5,498,0,250,18,7,22,0,42,0,2,348,155,12.9
Jarvarius Sims,132298,CB,W MICHIGAN,12,8,0,45.7,1,0,347,0,0,65.9,69.1,41.2,69.5,77.5,80.8,1,2,0,0,25.0,5.9,3,2,6,65.5,16,2,0,47,491,277,558,3,0,0,3,0,1,555,17,264,16,18,40,2,35,5,1,133,50,8.3
Navonn Barrett,132846,CB,MO STATE,1,0,0,0.0,0,0,230,0,0,47.8,47.5,70.6,,60.0,,0,0,0,0,,,0,0,1,39.6,0,0,0,0,10,6,10,0,0,0,0,0,0,10,0,4,0,0,0,0,2,0,0,0,0,
David Godsey Jr.,133044,CB,LA MONROE,12,1,0,55.0,0,2,209,1,0,73.8,76.9,85.6,59.7,85.7,46.7,0,1,0,2,49.0,22.9,8,5,0,99.4,22,0,0,43,675,394,721,1,0,0,1,0,0,720,1,326,2,5,26,0,40,1,4,374,130,17.0
Brenden Jordan,133060,S,TEXAS TECH,12,13,0,57.7,0,1,315,0,0,74.8,76.9,89.1,,80.2,86.0,0,0,0,1,64.0,6.4,3,1,3,97.4,15,0,0,109,5,427,653,1,0,0,1,0,433,652,0,226,105,11,31,0,26,0,2,235,82,15.7
Dylan Howell,133066,ED,LA MONROE,9,3,0,,0,0,209,0,0,53.7,81.4,82.3,77.5,79.4,83.5,5,8,0,0,,0.0,0,0,0,0.0,0,4,0,0,0,5,219,219,0,2,114,103,0,0,117,97,0,15,13,1,0,17,0,0,0,
Anas Luqman,133626,ED,OHIO,12,5,3,100.0,0,0,259,0,0,63.9,65.9,20.1,63.4,69.5,56.1,5,17,0,0,10.0,16.1,5,0,5,85.4,2,4,0,1,0,14,598,596,0,18,529,49,0,2,315,269,1,22,21,4,2,26,0,9,11,4.5
Isaiah Myers,133796,WR,W KENTUCKY,1,0,0,,1,0,346,0,0,60.0,62.8,60.0,,,,0,0,0,0,,,0,0,1,0.0,0,0,0,0,0,1,1,0,0,0,0,0,0,1,0,0,0,0,0,0,0,0,0,0,0,
Ken Willis,133807,CB,JAMES MAD,8,1,0,50.0,1,0,197,0,0,57.7,57.6,0.0,,71.4,82.8,0,0,0,0,19.0,0.0,0,0,2,106.8,4,0,0,2,69,51,80,0,0,0,0,0,0,80,0,29,9,2,5,0,8,0,1,45,2,11.3
Dontay Corleone,133825,DI,CINCINNATI,10,5,0,,0,0,138,0,0,59.3,72.6,40.3,59.5,80.9,67.8,1,7,0,0,,14.3,2,0,2,0.0,0,0,0,0,0,1,352,352,271,72,1,8,0,0,167,184,0,7,7,0,0,8,0,0,0,
Ray Coney,133963,LB,TULSA,12,42,1,71.9,0,2,320,1,0,73.7,87.6,61.7,75.2,86.9,88.2,5,16,0,0,27.0,7.3,11,1,2,94.1,23,2,0,701,1,321,823,39,0,0,39,0,1,784,67,435,81,59,97,4,32,23,1,167,126,7.3
Jaydan Mayes,133971,CB,ARMY,12,9,0,64.3,1,0,114,0,0,61.6,64.3,85.1,60.9,71.0,58.3,0,2,1,1,50.0,16.7,8,4,2,113.4,27,0,0,68,575,305,656,7,0,0,7,0,4,649,8,343,1,10,31,1,42,2,4,362,96,13.4
Cole Adams,134273,WR,ALABAMA,1,0,0,,0,0,103,0,0,,60.0,60.0,,60.0,,0,0,0,0,,,0,0,0,0.0,0,0,0,0,0,0,1,0,0,0,0,0,0,1,0,1,0,0,0,0,0,0,0,0,0,
Tyler Rich,134328,DI,TULSA,10,2,0,,0,0,320,0,0,60.0,63.4,78.1,53.0,69.3,61.4,0,1,0,0,,12.5,1,0,0,0.0,0,0,0,0,0,0,85,85,5,39,9,32,0,0,23,62,0,3,5,0,0,1,0,0,0,
Jy Gilmore,138115,S,GA TECH,9,4,0,59.1,1,0,176,0,0,64.9,66.0,33.0,77.5,63.5,48.5,0,7,0,0,20.0,18.9,7,2,2,99.2,13,0,0,62,8,219,414,10,0,0,10,0,110,404,17,178,223,16,26,2,22,7,2,93,74,7.2
Daniel Rickert,138135,ED,VIRGINIA,12,7,1,100.0,0,0,335,0,0,68.1,73.1,87.6,75.2,62.4,73.1,13,19,0,0,18.0,11.1,3,0,0,109.4,4,5,0,15,1,43,425,408,0,3,397,8,0,17,225,157,1,18,17,4,4,37,0,41,5,10.3
Quinn Urwiler,138258,LB,N ILLINOIS,12,33,0,66.7,0,1,254,0,0,62.7,84.4,85.1,79.7,88.6,87.8,2,11,0,1,20.0,7.7,11,1,0,62.5,20,3,0,669,2,304,742,27,0,0,27,0,1,715,50,388,43,59,99,4,30,16,0,135,77,6.8
Cannon Butler,138273,ED,IOWA STATE,4,0,0,,0,0,193,0,0,,68.7,73.4,68.0,61.4,,0,1,0,0,,,0,0,0,0.0,0,0,0,0,0,0,19,19,0,4,7,8,0,0,14,5,0,0,0,0,0,1,0,0,0,
Jacob Ferguson,138274,ED,GA SOUTHRN,12,12,1,75.0,0,1,174,0,0,61.8,65.8,88.9,61.9,65.6,82.9,3,12,0,0,11.0,4.7,2,0,0,82.3,3,0,0,95,1,68,462,358,0,24,286,48,0,104,156,238,8,22,29,7,4,15,0,17,3,5.7
Isaiah Green,138276,DI,MEMPHIS,11,4,0,,0,0,218,0,0,72.6,63.6,80.8,60.3,59.5,59.5,0,4,0,0,,12.5,1,0,0,0.0,0,0,0,0,0,0,108,107,86,18,0,3,0,1,63,45,0,3,3,2,0,4,0,0,0,
Max Baloun,138294,DI,WASH STATE,4,0,0,,0,0,341,0,0,59.1,56.9,78.5,57.1,58.6,38.1,0,5,0,0,,33.3,2,0,0,0.0,0,1,0,1,0,0,100,99,2,81,5,11,0,1,49,51,0,4,4,2,0,6,0,0,0,
Caleb Francl,138302,S,WASH STATE,12,25,1,81.6,0,2,341,1,0,71.1,72.2,86.4,74.7,67.1,39.5,4,8,0,2,25.0,24.3,25,1,0,95.6,31,2,0,216,7,271,650,34,0,0,34,0,6,616,55,324,387,26,53,2,38,14,2,304,153,9.8
Cale Reeder,138314,S,WASH STATE,8,10,0,87.5,0,1,341,0,0,62.6,58.6,0.0,59.2,54.7,49.2,0,0,0,0,30.0,23.9,11,0,1,113.0,7,0,0,138,6,168,307,1,0,0,1,0,137,306,1,138,25,10,25,0,8,0,0,89,17,12.7
Deamontae Diggs,138335,ED,FLORIDA ST,3,0,0,,0,0,167,0,0,51.3,60.6,78.1,63.9,65.4,29.2,0,0,0,0,,100.0,1,0,0,0.0,0,2,0,0,0,1,32,32,0,0,31,1,0,0,19,12,0,2,0,0,0,2,0,0,0,
Jaidyn Denis,138406,CB,MEMPHIS,9,5,0,34.6,0,0,218,0,0,63.4,64.6,32.7,65.8,69.4,59.4,0,0,0,1,20.0,13.8,4,1,3,41.2,9,0,0,54,351,249,431,17,0,0,17,0,7,414,3,179,0,5,20,0,26,0,1,84,22,9.3
Jon Seaton,138421,DI,OLE MISS,1,0,0,,0,0,226,0,0,,60.0,64.4,,60.0,,0,0,0,0,,,0,0,0,0.0,0,0,0,0,0,0,1,1,0,1,0,0,0,0,0,1,0,0,0,0,0,0,0,0,0,
Dylan Tucker,138424,CB,UTAH ST,9,6,0,58.6,0,0,329,0,0,65.9,67.5,83.5,49.7,73.1,86.7,0,0,0,0,36.0,5.9,2,1,2,87.0,17,0,0,66,427,276,511,2,0,0,2,0,5,509,5,230,11,6,26,1,29,0,1,171,37,10.1
Mikail Kamara,138455,ED,INDIANA,12,9,1,83.3,0,0,190,0,0,51.1,77.7,68.1,78.4,78.9,73.1,6,40,0,0,19.0,8.0,2,0,1,104.9,5,1,0,7,0,43,468,459,1,35,365,58,0,9,248,177,1,14,14,5,6,47,0,55,28,11.0
Seth Naotala,138461,LB,DOMINION,12,17,0,50.0,0,0,263,0,0,66.3,77.7,86.1,60.7,80.8,46.9,3,10,0,1,9.0,18.6,11,0,0,21.5,6,3,0,431,0,143,440,3,0,0,3,0,2,437,85,212,4,21,31,3,12,16,0,32,29,5.3
Ivan Yates,139049,CB,COLORADO,7,3,0,39.3,0,0,143,0,0,64.6,62.7,82.9,,53.9,28.7,0,0,0,0,28.0,31.8,7,3,0,57.7,11,0,0,39,306,170,374,1,0,0,1,0,9,373,0,204,18,2,12,0,28,0,0,154,72,14.0
Evan Eller,139104,LB,WYOMING,12,22,1,81.8,0,1,351,1,0,78.6,79.8,55.8,60.0,81.6,73.3,1,4,0,1,68.0,9.2,8,1,1,121.5,27,2,0,435,1,261,622,67,0,0,67,0,3,555,53,308,116,42,57,5,33,7,3,294,249,10.9
Isaiah Wadsworth,139159,CB,TULANE,12,2,0,58.8,0,1,319,0,0,58.6,70.1,80.5,65.7,93.4,61.6,1,0,0,1,32.0,20.0,3,0,2,73.4,10,0,0,27,166,112,200,2,0,0,2,0,0,198,1,87,5,5,10,0,17,1,1,111,27,11.1
Donovan Green,139507,DI,E MICHIGAN,12,19,0,,1,0,160,0,0,58.1,76.2,68.6,60.2,81.4,55.6,4,3,0,0,,11.3,6,0,1,0.0,0,2,0,0,0,0,534,534,172,348,6,8,0,0,209,325,0,22,28,2,0,9,0,0,0,
Princeton Malbrue,139517,LB,LSU,2,0,0,,0,0,211,0,0,,61.8,64.7,,60.7,,0,0,0,0,,,0,0,0,0.0,0,0,0,2,0,0,2,0,0,0,0,0,0,2,0,2,0,0,0,0,0,0,0,0,0,
Dante Thomas,139527,S,COAST CAR,10,4,0,62.5,0,1,141,0,0,60.5,61.4,82.7,67.7,59.4,29.9,0,0,0,0,43.0,29.6,8,0,0,79.9,10,0,0,93,1,125,247,0,0,0,0,0,92,247,1,121,61,4,15,0,16,0,0,99,67,9.9
Trey Fields,139541,LB,N TEXAS,12,26,1,60.9,0,0,251,3,0,61.6,78.5,86.0,72.2,81.5,90.3,4,7,0,1,36.0,4.3,4,1,0,74.4,14,2,0,770,0,339,806,0,0,0,0,0,0,806,39,428,36,32,64,4,23,13,1,139,109,9.9
Briceon Hayes,139544,ED,N TEXAS,10,10,0,75.0,0,1,251,0,0,59.2,72.0,66.8,79.6,64.7,63.6,4,16,0,0,8.0,14.7,5,0,1,86.5,3,1,0,0,0,25,400,396,0,1,377,18,0,4,152,223,4,12,19,1,4,21,0,21,10,7.0
Richard Outland Jr.,139558,DI,N TEXAS,12,7,0,,0,0,251,0,0,60.0,53.1,64.8,55.4,52.6,50.9,0,5,0,0,,14.3,3,0,1,0.0,0,1,0,0,0,0,439,439,76,354,2,7,0,0,179,260,0,10,11,1,0,6,0,0,0,
Carlos Allen Jr.,141334,DI,HOUSTON,12,21,2,,0,1,182,0,0,68.4,70.7,87.4,60.6,71.9,58.8,1,11,0,0,,11.0,8,0,0,0.0,0,2,0,1,0,2,641,640,294,328,2,16,0,1,322,317,0,33,44,4,0,14,0,0,0,
Caleb Brown,141336,CB,VA TECH,3,0,0,80.0,0,0,337,0,0,38.2,41.8,76.5,,64.5,37.2,0,0,0,0,64.0,33.3,1,0,0,158.3,4,0,0,4,51,23,55,0,0,0,0,0,0,55,0,32,0,0,2,0,5,0,2,121,25,30.3
Tyler Scott,141362,DI,UTEP,12,5,0,,0,0,330,0,0,63.3,58.7,62.6,54.3,60.9,56.0,0,6,0,0,,15.4,2,0,1,0.0,0,0,0,0,0,1,359,357,266,90,0,1,0,2,171,187,0,6,6,0,0,6,0,0,0,
Malakai Williams,141577,ED,BOISE ST,11,3,0,,0,1,120,0,0,63.9,73.9,83.0,66.6,74.0,63.9,4,4,0,0,,0.0,0,0,0,0.0,0,3,0,0,0,3,190,190,0,16,156,18,0,0,103,84,0,6,5,1,0,11,0,0,0,
Colby Humphrey,141638,CB,WASH STATE,12,14,0,70.0,0,1,341,0,0,77.4,78.0,85.7,52.4,76.1,70.9,0,0,0,2,29.0,12.9,8,1,3,68.8,28,0,0,31,524,316,602,6,0,0,6,0,2,596,2,284,39,18,40,1,40,0,1,200,43,7.1
Kobe Singleton,141698,CB,OREGON ST,12,4,0,50.0,0,0,265,0,0,60.4,63.1,83.4,65.9,70.1,65.6,0,1,0,0,35.0,16.1,5,2,3,71.4,15,0,0,39,346,223,430,0,0,0,0,0,4,430,4,203,39,9,22,1,30,1,0,199,37,13.3
Okiki Olorunfunmi,141716,DI,NEW MEXICO,12,2,0,,0,0,241,1,0,62.9,69.1,82.3,58.2,72.7,60.4,1,3,0,0,,13.3,2,0,0,0.0,0,1,0,0,0,1,263,263,20,225,7,11,0,0,147,115,0,7,11,1,0,5,0,0,0,
Abraham Williams,141727,CB,NEW MEXICO,7,1,0,69.0,0,0,241,0,0,68.7,67.8,83.6,58.7,58.5,61.9,0,0,0,0,30.0,17.9,5,3,1,111.6,20,0,0,14,296,196,322,10,0,0,10,0,1,312,3,123,1,9,22,0,29,0,2,202,55,10.1
Brayden Wilson,141728,ED,WYOMING,12,5,0,,0,0,351,0,0,62.8,63.0,84.6,56.1,64.8,71.9,2,6,0,0,,4.5,1,0,0,0.0,0,1,0,0,0,13,308,306,1,38,206,61,1,2,125,170,1,14,16,3,0,9,0,0,0,
Andre Fuller,141775,CB,TOLEDO,12,7,0,41.7,0,1,316,1,0,79.4,81.7,47.8,63.9,88.9,80.3,1,0,0,1,41.0,8.2,4,8,5,55.6,20,0,0,39,533,358,649,9,0,0,9,0,0,640,4,287,68,18,38,2,48,1,1,237,73,11.9
Sam Cook,141936,ED,NEVADA,12,0,0,85.7,1,0,239,0,0,64.9,59.9,11.8,51.5,69.6,71.2,1,7,0,0,37.0,10.0,2,0,2,103.6,6,1,0,71,1,52,253,162,0,0,162,0,1,91,108,93,18,15,18,6,7,9,0,62,18,10.3
Dontae Lunan,142071,LB,COAST CAR,12,15,0,88.2,0,1,141,0,0,47.6,56.9,66.0,47.6,77.1,54.7,0,5,0,1,41.0,18.3,13,0,1,93.0,30,0,0,146,1,203,552,127,0,0,127,0,0,425,82,267,278,22,43,6,34,5,1,235,248,7.8
Christopher Eaton Jr.,142080,ED,SM HOUSTON,12,3,0,,1,1,281,0,0,60.8,59.7,66.0,62.6,56.3,65.5,4,10,0,0,,18.5,5,0,1,0.0,0,5,0,0,0,7,519,519,0,32,127,360,0,0,266,246,0,16,19,4,0,19,0,0,0,
Kyle Davis,142124,DI,SO MISS,4,0,0,,0,0,296,0,0,,60.3,71.2,58.3,60.8,,0,1,0,0,,,0,0,0,0.0,0,0,0,2,0,0,14,12,0,10,0,2,0,2,3,11,0,0,0,0,0,1,0,0,0,
Kavir Bains-Marquez,142177,S,PITTSBURGH,12,16,0,75.6,0,0,268,0,0,54.3,55.9,88.1,60.4,59.3,57.5,1,0,0,3,59.0,18.8,12,2,1,88.6,34,0,0,239,0,354,573,5,0,0,5,0,131,568,8,211,198,15,36,1,45,1,2,394,229,11.6
Jack Hall,142249,ED,DELAWARE,12,9,0,,0,0,151,0,0,60.0,72.6,62.9,61.0,79.0,49.7,9,6,0,0,,17.9,7,0,1,0.0,0,1,0,3,0,1,401,398,4,72,184,138,0,3,224,176,0,23,23,6,0,16,0,0,0,
Ethan Saunders,142265,ED,DELAWARE,12,4,0,100.0,0,0,151,0,0,61.6,63.7,84.6,58.2,65.5,61.7,1,14,0,0,15.0,17.6,3,0,0,118.8,1,2,0,5,0,6,327,322,0,18,194,110,0,5,163,158,0,11,10,2,1,17,0,15,13,15.0
Dillon Trainer,142269,LB,DELAWARE,6,10,0,87.5,0,0,151,0,0,48.2,66.9,83.2,59.1,80.9,65.9,2,5,0,0,10.0,13.9,5,0,0,91.1,7,2,0,242,0,96,245,2,0,2,0,0,1,243,26,123,0,17,21,0,8,9,0,47,30,6.7
Austin Ambush,142273,S,NEVADA,7,0,0,0.0,0,0,239,0,0,65.3,65.5,76.5,59.5,64.5,74.8,0,0,0,0,,0.0,0,0,0,39.6,0,0,0,29,1,14,68,3,0,0,3,0,24,65,2,52,10,0,1,0,2,0,0,0,0,
Darius McKenzie,142289,LB,S ALABAMA,11,21,0,88.5,0,0,288,0,0,68.0,69.1,86.3,58.5,69.0,83.4,1,4,0,0,27.0,6.0,5,2,1,98.1,23,1,0,421,0,222,552,64,0,0,64,0,0,488,48,282,67,27,58,3,26,6,0,196,119,8.5
Shakur Smalls,142301,CB,ARKANSAS,12,2,0,68.4,0,1,111,1,0,57.0,63.7,0.0,61.1,90.3,82.3,0,1,0,0,25.0,6.3,1,3,2,110.0,13,1,0,49,3,108,178,2,0,0,2,0,5,176,6,64,119,9,13,1,19,2,1,152,63,11.7
Chance Graves,142349,CB,E CAROLINA,11,0,0,33.3,0,0,156,0,0,75.3,72.4,79.9,60.8,55.0,59.1,0,0,0,0,19.0,16.7,2,3,1,63.2,6,1,0,15,155,99,172,1,0,0,1,0,0,171,7,66,1,2,10,0,18,1,1,64,14,10.7
James Jennette,142415,ED,VA TECH,4,2,1,,0,0,337,0,0,63.0,79.7,82.0,90.7,68.4,67.0,0,2,0,0,,10.0,1,0,0,0.0,0,1,0,3,0,6,61,50,0,0,50,0,0,11,14,41,8,4,7,0,0,3,0,0,0,
KC Eziomume,142746,CB,TULANE,4,0,0,40.0,0,0,319,0,0,65.1,65.5,75.2,60.0,61.9,74.2,0,0,0,0,33.0,0.0,0,1,0,127.1,2,0,0,1,33,20,35,1,0,0,1,0,0,34,1,14,0,0,1,0,5,0,1,66,10,33.0
Elijah Harper,142861,ED,KENNESAW,1,0,0,,0,0,200,0,0,60.0,61.0,68.1,,60.1,24.9,0,0,0,0,,100.0,1,0,0,0.0,0,0,0,0,0,1,2,2,0,0,2,0,0,0,0,1,0,0,0,0,0,0,0,0,0,
Semaj Cross,143096,LB,KENT STATE,8,2,0,71.4,0,0,201,0,0,56.0,58.6,81.8,67.4,59.3,54.2,0,0,0,0,51.0,20.0,3,0,0,98.5,5,0,0,35,0,44,130,17,0,0,17,0,0,113,5,81,78,5,10,0,7,0,0,62,37,12.4
Chase Alexander,143336,S,JVILLE ST,5,0,0,70.0,0,1,196,1,0,64.9,67.2,81.9,69.0,65.3,55.0,0,0,0,0,64.0,20.0,2,0,0,112.5,7,1,0,16,1,42,104,12,0,0,12,0,6,92,8,54,69,4,8,0,10,1,0,162,85,23.1
Mike Nwokocha,143510,DI,TEXAS ST,10,2,0,,0,0,314,0,0,,61.6,27.0,60.1,64.6,57.3,0,1,0,0,,14.3,1,0,1,0.0,0,0,0,0,0,0,132,132,23,99,0,10,0,0,72,60,0,1,4,0,0,1,0,0,0,
Parker McKenna,143761,LB,WASH STATE,12,23,0,69.8,0,0,341,1,0,52.5,58.0,81.4,65.8,59.3,47.3,1,5,0,1,31.0,18.4,19,1,0,78.0,30,4,0,518,6,279,652,43,0,0,43,0,4,609,51,322,81,32,61,2,43,10,0,283,191,9.4
Jalen Cheek,143820,S,UAB,9,5,0,100.0,0,0,321,0,0,71.7,68.9,80.8,56.5,64.1,90.5,0,0,0,0,10.0,0.0,0,0,0,93.8,2,0,0,90,0,74,196,8,0,0,8,0,81,188,5,117,17,3,17,1,2,0,0,13,3,6.5
Ty Clemons,143821,DI,BOSTON COL,6,1,0,,0,0,121,0,0,60.0,57.9,79.1,68.3,48.2,27.2,1,4,0,0,,40.0,4,0,0,0.0,0,1,0,2,0,1,116,114,6,71,7,30,0,2,63,52,0,5,5,0,0,6,0,0,0,
Quintayvious Hutchins,143827,ED,BOSTON COL,10,12,0,75.0,0,0,121,0,0,73.6,68.2,0.0,69.7,70.6,76.6,7,16,0,0,19.0,7.7,3,0,8,91.7,3,2,0,20,0,32,418,395,0,1,393,1,0,23,193,193,2,17,24,2,4,25,0,26,21,8.7
Owen McGowan,143832,LB,BOSTON COL,11,15,0,78.6,0,0,121,0,0,60.8,53.0,84.9,47.6,50.1,64.9,0,1,0,0,71.0,14.9,10,2,0,152.8,22,1,0,573,0,296,659,40,0,0,40,0,1,619,63,300,44,29,42,4,28,2,3,339,256,15.4
Bryce Steele,143838,LB,BOSTON COL,9,4,0,66.7,0,0,121,1,0,43.6,48.0,79.9,60.2,53.6,43.8,0,0,0,0,14.0,28.6,6,1,0,84.0,4,0,0,168,0,54,177,4,0,0,4,0,0,173,7,116,5,8,11,0,6,0,0,38,39,9.5
Owen Stoudmire,143839,DI,BOSTON COL,3,2,0,,0,0,121,0,0,,69.7,78.3,56.7,74.0,77.0,0,2,0,0,,0.0,0,0,0,0.0,0,0,0,0,0,0,80,80,4,46,2,28,0,0,36,44,0,2,4,0,0,2,0,0,0,
Placide Djungu-Sungu,143851,S,BAYLOR,1,0,0,,0,0,118,0,0,60.0,60.3,66.9,,60.0,,0,0,0,0,,,0,0,0,0.0,0,0,0,3,0,1,3,0,0,0,0,0,0,3,0,2,0,0,0,0,0,0,0,0,0,
Tre Freeman,143853,LB,DUKE,11,10,1,65.2,0,1,154,0,0,69.3,68.9,84.3,67.3,64.4,58.3,0,3,1,2,27.0,15.8,9,2,0,64.8,15,2,0,371,1,197,456,42,0,0,42,0,1,414,46,213,40,22,38,4,23,5,1,166,153,11.1
Aaron Hall,143855,DI,DUKE,12,4,1,,0,0,154,0,0,60.0,71.0,32.4,68.0,72.8,52.5,7,18,0,0,,14.7,5,0,4,0.0,0,3,0,0,0,0,538,538,52,439,3,44,0,0,306,232,0,22,25,8,0,28,0,0,0,
Nick Morris Jr.,143867,LB,DUKE,4,5,0,80.0,0,0,154,1,0,44.3,60.2,80.1,56.9,77.7,46.7,1,3,0,0,13.0,20.8,5,0,0,135.4,4,0,0,143,0,61,150,1,0,0,1,0,0,149,20,69,6,13,14,4,5,4,1,35,12,8.8
Shyheim Brown,143874,S,FLORIDA ST,11,8,0,66.7,0,0,167,0,0,50.0,56.6,82.2,64.5,66.0,50.8,0,2,0,0,29.0,20.0,6,0,0,121.9,8,1,0,121,2,106,215,16,0,0,16,0,39,199,5,104,36,5,16,0,12,3,1,105,29,13.1
Omarion Cooper,143877,CB,MEMPHIS,12,5,0,54.1,1,1,218,0,0,69.7,71.2,85.5,56.0,74.1,56.7,0,0,0,1,65.0,17.5,7,4,2,100.6,20,0,0,79,592,362,691,14,0,0,14,0,4,677,4,325,0,10,28,1,37,0,3,335,117,16.8
Shambre Jackson,143884,ED,UMASS,10,4,1,,0,0,216,0,0,60.0,59.8,60.7,58.8,60.2,77.2,1,6,0,0,,4.0,1,0,1,0.0,0,1,0,0,0,0,371,371,4,146,129,92,0,0,174,197,0,16,20,0,0,8,0,0,0,
Patrick Payton,143893,ED,LSU,12,7,4,,0,0,211,1,0,74.4,72.4,72.6,68.0,70.3,46.7,4,21,0,0,,21.6,8,0,1,0.0,0,1,0,0,0,6,534,534,0,12,491,31,0,0,312,216,0,16,22,2,0,26,0,0,0,
Byron Turner Jr.,143897,ED,TULSA,10,5,1,,1,0,320,1,0,62.7,67.7,29.4,70.3,63.6,70.1,4,8,0,0,,18.8,3,0,2,0.0,0,5,0,0,0,0,279,279,0,2,237,40,0,0,144,135,0,12,8,3,0,17,0,0,0,
Hunter Washington,143898,S,MISS STATE,12,6,0,68.2,0,0,227,0,0,56.6,51.0,0.0,56.1,46.3,62.8,0,1,0,1,24.0,16.7,7,1,4,99.1,15,0,0,183,5,200,389,4,0,0,4,0,107,385,5,184,90,4,29,0,22,1,2,152,50,10.1
Sirad Bryant,143906,S,UAB,11,4,0,77.8,2,0,321,0,0,61.9,50.3,0.0,51.8,50.8,28.9,0,2,0,0,69.0,32.7,17,2,6,153.9,7,0,0,160,1,164,392,55,0,0,55,0,141,337,12,216,35,14,31,4,9,2,2,103,78,14.7
Daylon Gordon,143915,HB,GA TECH,1,0,0,,0,0,176,0,0,,60.1,60.0,,60.0,,0,0,0,0,,,0,0,0,0.0,0,0,0,0,0,0,1,0,0,0,0,0,0,1,0,1,0,0,0,0,0,0,0,0,0,
Thomas Davis,143939,ED,APP STATE,7,4,0,100.0,3,0,108,0,0,65.6,69.9,0.0,77.7,69.7,55.4,2,8,0,0,13.0,25.0,6,0,5,101.4,3,3,0,0,0,21,220,211,0,0,211,0,0,9,120,79,9,11,14,4,3,13,0,25,13,8.3
Allan Haye,143943,DI,TEMPLE,12,12,1,,0,1,306,0,0,59.0,67.2,28.5,60.4,71.9,65.1,0,5,0,0,,10.0,3,0,3,0.0,0,0,0,0,0,1,442,442,185,239,1,17,0,0,180,261,0,11,15,2,0,5,0,0,0,
Jabari Ishmael,143944,ED,SO MISS,10,5,0,100.0,0,0,296,1,0,71.1,66.3,88.4,60.4,63.5,66.4,0,9,0,0,42.0,13.0,3,0,0,118.8,2,1,0,13,0,34,307,290,0,0,290,0,0,17,117,156,4,7,15,1,2,10,0,46,31,23.0
Chase Smith,143952,LB,MIAMI FL,13,8,0,90.0,1,0,220,2,0,63.9,69.8,17.8,62.0,78.3,67.5,1,3,0,0,12.0,15.6,5,2,1,93.8,9,0,0,180,1,117,220,24,0,0,24,0,0,196,18,85,15,12,19,0,10,4,0,65,63,7.2
Dontae Balfour,143957,CB,TEXAS TECH,11,1,0,56.0,1,0,315,0,0,71.9,71.9,82.7,54.4,69.5,79.2,0,0,0,0,43.0,0.0,0,4,2,86.9,14,0,0,22,292,206,324,2,0,0,2,0,6,322,5,113,2,4,18,1,25,0,1,149,29,10.6
DeAndre Boykins,143959,S,OKLA STATE,1,0,0,,0,0,262,0,0,,60.0,63.1,,60.0,,0,0,0,0,,,0,0,0,0.0,0,0,0,0,0,0,1,0,0,0,0,0,1,1,0,1,0,0,0,0,0,0,0,0,0,
TyMir Brown,143960,CB,E CAROLINA,12,5,0,63.2,0,0,156,0,0,83.1,77.9,84.0,,47.4,61.6,0,0,1,1,63.0,10.5,4,1,1,94.6,12,0,0,48,471,311,523,2,0,0,2,0,1,521,0,212,1,6,29,2,19,0,1,202,29,16.8
Dontavius Nash,143972,CB,MICH STATE,8,6,0,76.2,0,0,223,0,0,47.0,52.3,82.9,69.1,65.1,44.0,1,0,0,0,39.0,23.5,4,0,1,122.3,16,0,0,21,3,87,177,3,0,0,3,0,0,174,4,86,149,4,7,1,21,1,1,206,118,12.9
Keeshawn Silver,143979,DI,USC,12,8,0,,1,0,326,0,0,72.2,55.0,31.8,58.0,53.3,31.9,1,4,0,0,,16.0,4,0,2,0.0,0,0,0,0,0,0,302,302,150,139,0,13,0,0,138,164,0,10,13,1,0,5,0,0,0,
Jakolbe Baldwin,143984,WR,MARSHALL,1,0,0,,0,0,214,0,0,,60.1,60.0,,60.0,,0,0,0,0,,,0,0,0,0.0,0,0,0,0,0,0,1,0,0,0,0,0,0,1,0,1,0,0,0,0,0,0,0,0,0,
Sean Brown,143986,LB,NC STATE,5,12,0,80.8,0,0,248,0,0,52.7,58.4,80.6,61.7,63.9,69.6,0,6,0,0,79.0,11.6,5,0,0,134.3,21,0,0,244,1,151,298,13,0,0,13,0,1,285,33,114,39,15,26,4,26,6,2,262,187,12.5
Nate Evans,143991,CB,DELAWARE,12,4,0,53.3,1,0,151,0,0,73.4,73.0,87.7,58.8,67.6,87.7,0,1,0,2,31.0,3.3,1,6,4,60.6,24,0,0,39,523,372,657,39,0,0,39,0,0,618,7,278,56,5,25,0,45,1,1,272,133,11.3
Caden Fordham,143992,LB,NC STATE,12,21,1,73.5,0,0,248,1,0,52.3,67.1,85.1,71.7,74.4,75.1,0,9,0,1,50.0,11.6,15,1,1,92.6,36,4,0,608,2,378,754,36,0,0,36,0,3,718,78,298,105,56,93,3,49,13,1,364,208,10.1
Travali Price,144002,DI,NC STATE,12,4,1,,0,0,248,0,0,64.2,60.3,63.3,58.5,59.6,59.1,2,7,0,0,,15.0,3,0,1,0.0,0,3,0,2,0,1,439,437,11,368,0,58,0,2,274,164,0,14,13,2,0,12,0,0,0,
Khalil Anderson,144012,S,MO STATE,5,1,0,100.0,0,0,230,0,0,75.6,72.7,77.7,,57.1,49.5,0,0,0,0,3.0,25.0,1,0,0,79.2,1,0,0,25,0,49,65,0,0,0,0,0,33,65,0,16,7,2,2,0,1,0,0,3,0,3.0
Jaden Bradley,144016,WR,UNLV,1,0,0,,0,0,325,0,0,60.0,62.4,60.0,,,,0,0,0,0,,,0,0,6,0.0,0,0,0,0,0,1,1,0,0,0,0,0,0,1,0,0,0,0,0,0,0,0,0,0,0,
Tamarion Crumpley,144018,CB,UAB,7,7,0,47.6,1,0,321,0,0,70.8,69.8,12.3,68.8,66.5,37.0,1,0,0,0,39.0,28.0,7,4,1,78.3,10,0,0,32,254,135,292,0,0,0,0,0,0,292,2,155,6,4,11,2,21,1,1,104,29,10.4
Nahki Johnson,144025,DI,TULSA,12,9,0,,1,0,320,0,0,60.0,74.0,29.9,77.4,71.1,70.4,3,12,0,0,,7.4,2,0,4,0.0,0,4,0,2,0,0,503,501,7,431,18,45,0,2,265,238,0,16,16,3,0,19,0,0,0,
Nick Lapi,144027,LB,PITTSBURGH,6,4,0,50.0,0,0,268,0,0,67.1,71.4,79.9,52.9,77.9,77.5,0,2,0,0,5.0,6.7,1,0,0,56.3,1,0,0,72,0,35,97,13,0,0,13,0,0,84,19,43,12,9,10,2,2,2,0,5,0,5.0
Javon McIntyre,144029,S,PITTSBURGH,12,10,0,67.6,0,0,268,0,0,54.8,54.3,8.7,59.2,57.9,59.0,0,0,0,1,59.0,13.3,8,0,2,108.8,25,0,0,221,1,357,619,3,0,0,3,0,210,616,1,261,184,16,42,1,37,0,3,308,154,12.3
Duce Chestnut,144040,S,SYRACUSE,12,13,0,56.3,0,1,304,0,0,59.4,63.3,84.7,48.2,71.3,58.4,0,1,0,0,72.0,18.8,12,3,0,111.2,9,0,0,174,12,250,473,9,0,0,9,0,202,464,11,212,75,13,39,1,16,1,1,159,137,17.7
Elijah Fuentes-Cundiff,144045,DI,SYRACUSE,12,1,0,,0,0,304,0,0,60.0,55.4,78.3,59.9,52.1,75.3,0,1,0,0,,0.0,0,0,0,0.0,0,1,0,0,0,0,89,89,11,72,0,6,0,0,42,47,0,4,3,0,0,2,0,0,0,
Jatius Geer,144047,ED,S CAROLINA,10,5,0,,0,1,289,1,1,61.8,76.0,48.3,82.7,66.5,45.4,3,7,0,0,,21.4,3,0,1,0.0,0,2,0,1,0,2,205,204,0,0,203,1,0,1,93,110,0,6,6,1,0,12,0,0,0,
Terry Lockett Jr.,144053,DI,JAMES MAD,13,10,0,,0,0,197,0,0,64.7,71.4,83.3,61.1,72.3,62.1,1,7,0,0,,6.9,2,0,0,0.0,0,0,0,0,0,0,359,359,11,269,31,48,0,0,182,177,0,12,17,1,0,8,0,0,0,
Derek McDonald,144059,LB,SYRACUSE,3,2,0,80.0,0,0,304,0,0,54.3,50.0,82.0,57.8,47.3,82.5,1,0,0,0,34.0,0.0,0,1,0,158.3,4,0,0,56,0,39,90,22,0,0,22,0,0,68,11,40,12,2,6,1,5,1,1,69,34,17.3
Tommy Porter,144064,S,SYRACUSE,1,0,0,,0,0,304,0,0,,60.0,64.0,,60.0,,0,0,0,0,,,0,0,0,0.0,0,0,0,1,0,0,1,0,0,0,0,0,0,1,0,1,0,0,0,0,0,0,0,0,0,
Chase Simmons,144067,TE,SYRACUSE,4,2,0,,0,0,304,0,0,65.5,66.1,79.7,61.4,59.1,43.7,0,4,0,0,,16.7,1,0,0,0.0,0,0,0,0,0,0,93,93,0,5,68,20,0,0,51,42,0,2,3,1,0,4,0,0,0,
Mattheus Carroll,144071,ED,KENT STATE,12,4,0,75.0,0,0,201,0,0,58.7,61.8,32.8,58.9,67.1,74.0,2,9,0,0,10.0,5.3,1,0,3,93.8,3,0,0,2,0,29,475,472,0,6,452,14,0,3,217,229,1,10,14,1,4,11,0,28,15,9.3
Will Johnson,144083,LB,VA TECH,2,0,0,,0,0,337,0,0,60.3,65.8,69.9,60.0,65.6,73.6,0,1,0,0,,0.0,0,0,0,0.0,0,0,0,6,0,2,7,1,0,0,1,0,0,6,1,4,0,0,1,0,0,1,0,0,0,
Jaden Keller,144086,LB,VA TECH,11,8,0,88.9,0,1,337,0,0,48.5,54.4,82.5,60.5,59.4,45.7,0,2,0,0,20.0,20.0,13,1,0,100.0,24,1,0,369,0,184,399,7,0,0,7,0,0,392,19,196,23,23,44,2,27,3,0,216,205,9.0
Keli Lawson,144087,LB,UCF,12,4,0,76.9,0,0,323,1,1,49.8,53.5,48.6,60.4,57.0,67.9,2,4,0,0,35.0,12.1,4,0,1,99.8,20,1,0,245,0,159,366,109,0,0,109,0,0,257,29,178,11,19,25,0,26,7,0,210,157,10.5
CJ McCray,144091,ED,CINCINNATI,9,4,0,,0,0,138,0,0,60.0,60.3,80.1,66.3,50.2,77.2,1,5,0,0,,0.0,0,0,0,0.0,0,1,0,0,0,0,105,105,0,4,64,37,0,0,66,39,0,1,0,0,0,7,0,0,0,
Jayden Jennings,144092,LB,UCF,9,2,0,83.3,0,0,323,0,0,57.3,70.3,81.9,70.2,77.9,59.2,0,1,0,1,15.0,13.3,2,1,0,54.9,5,0,0,105,0,57,135,23,0,0,23,0,0,112,6,72,7,7,11,0,6,1,0,40,50,8.0
Jalen Stroman,144106,S,NOTRE DAME,11,9,0,69.2,0,0,258,0,0,77.9,79.8,84.0,59.8,81.2,65.6,0,1,1,1,86.0,11.4,5,1,0,94.7,9,1,0,102,4,204,335,3,0,0,3,0,191,332,3,128,33,14,30,2,13,2,1,129,101,14.3
Cade Denhoff,144114,ED,CLEMSON,12,8,1,100.0,0,0,140,0,0,69.6,73.2,86.8,62.5,76.7,68.6,2,12,0,0,21.0,9.1,2,0,0,118.8,1,0,0,0,0,19,266,265,0,2,244,19,0,1,146,101,0,9,12,2,1,14,0,21,5,21.0
Zaire Patterson,144132,DI,CLEMSON,3,0,0,,0,0,140,0,0,,43.8,72.8,54.7,51.8,,0,0,0,0,,,0,0,0,0.0,0,0,0,0,0,0,16,16,3,10,0,3,0,0,13,3,0,0,0,0,0,0,0,0,0,
Jaylin Alderman,144145,LB,MIAMI FL,5,1,0,80.0,0,0,220,0,0,81.8,81.4,73.8,,67.2,70.4,0,0,0,0,13.0,12.5,1,1,0,90.8,4,0,0,36,0,22,40,0,0,0,0,0,0,40,0,18,4,4,6,0,5,0,0,29,19,7.3
Caleb Banks,144146,DI,FLORIDA,3,1,0,,0,0,163,1,0,59.9,68.8,78.6,64.2,68.5,25.2,0,3,0,0,,50.0,4,0,0,0.0,0,0,0,2,0,1,96,94,3,62,4,25,0,2,52,43,0,2,3,0,0,3,0,0,0,
Ryheem Craig,144151,ED,E CAROLINA,12,9,3,88.2,0,0,156,0,0,53.1,57.6,0.0,70.5,59.8,44.2,4,7,0,0,37.0,18.8,9,1,5,101.0,15,2,0,86,0,115,412,284,0,1,273,10,0,128,120,177,42,17,30,1,17,13,0,140,88,9.3
Derrick Edwards,144153,CB,CHARLOTTE,10,3,0,56.3,0,0,136,0,0,62.5,62.8,81.3,,61.8,68.6,0,0,0,0,46.0,13.6,3,2,0,103.9,9,0,0,29,195,117,231,7,0,0,7,0,0,224,0,114,0,3,16,0,16,0,1,131,49,14.6
Benjamin Perry,144172,ED,UCLA,1,0,0,,0,0,324,0,0,60.5,60.4,69.5,59.5,,,0,1,0,0,,,0,0,0,0.0,0,0,0,0,0,2,3,3,0,0,3,0,0,0,1,0,0,0,0,0,0,1,0,0,0,
TJ Quinn,144173,LB,LOUISVILLE,12,18,0,60.9,0,0,210,0,0,74.8,72.4,33.7,58.5,72.8,70.0,2,10,0,2,21.0,12.9,13,3,2,78.4,28,1,0,528,0,343,681,89,0,0,89,0,1,592,63,275,62,39,70,5,46,13,3,242,157,8.6
Kani Walker,144177,CB,ARKANSAS,11,11,0,60.0,0,0,111,0,0,67.4,66.1,49.7,72.0,58.8,66.8,1,0,1,1,50.0,14.0,8,5,5,117.5,27,1,0,46,557,337,671,8,0,0,8,0,2,663,2,332,57,9,38,2,45,2,4,486,98,18.0
Anthony Borriello,144180,CB,WAKE,2,0,0,,0,0,339,0,0,60.0,60.8,67.9,59.6,60.0,,0,0,0,0,,,0,0,0,0.0,0,0,0,0,0,1,4,1,0,0,1,0,0,3,1,2,2,0,0,0,0,0,0,0,0,
Quincy Bryant,144181,LB,WAKE,12,17,0,72.2,0,0,339,1,0,67.5,73.8,0.0,69.7,77.4,63.1,0,5,0,0,22.0,14.3,9,1,3,86.3,13,0,0,293,1,144,332,12,0,0,12,0,0,320,31,157,25,23,37,3,18,5,0,104,42,8.0
Trey Gooden,144189,DI,LSU,11,4,0,,2,0,211,0,0,60.4,63.1,0.0,65.3,68.8,31.2,3,21,0,0,,23.5,4,0,6,0.0,0,2,0,3,0,2,413,410,36,322,5,47,0,3,248,163,0,11,9,0,0,26,0,0,0,
Dylan Hazen,144192,LB,WAKE,12,15,2,78.3,0,2,339,2,0,57.7,69.9,84.1,75.4,72.6,51.5,2,9,0,0,21.0,17.7,14,1,0,94.0,18,0,0,420,2,214,467,17,0,0,17,0,1,450,48,205,27,31,50,9,23,11,0,151,93,8.4
DaShawn Jones,144195,CB,ALABAMA,12,1,0,75.0,0,0,103,0,0,65.5,65.9,84.0,59.2,66.3,80.3,0,2,1,1,38.0,6.3,1,1,0,94.8,18,0,0,42,2,156,253,1,0,0,1,0,3,252,8,89,205,4,14,1,24,2,1,194,117,10.8
Zach Lohavichan,144196,DI,WAKE,12,6,2,,0,1,339,0,0,60.1,61.6,45.3,63.8,60.6,26.6,2,11,0,0,,35.5,11,0,2,0.0,0,0,0,1,0,0,430,428,220,200,0,8,0,2,225,205,0,11,14,4,0,13,0,0,0,
Zavier Simpson,144207,LB,BALL ST,3,1,0,,0,0,117,0,0,62.9,44.7,73.0,,36.0,26.4,0,0,0,0,,50.0,2,0,0,0.0,0,0,0,19,0,4,25,1,0,0,1,0,1,24,0,21,4,1,1,0,0,0,0,0,0,
BJ Williams,144214,ED,WAKE,9,1,0,,0,0,339,0,0,65.6,74.8,79.7,66.6,70.3,56.9,2,1,0,0,,25.0,1,0,0,0.0,0,0,0,0,0,0,71,71,0,1,48,22,0,0,39,32,0,2,2,0,0,3,0,0,0,
Jack Dingle,144217,LB,CINCINNATI,11,9,0,75.0,0,0,138,0,0,69.3,62.4,88.9,61.9,55.6,68.1,3,12,0,0,5.0,10.9,6,0,0,77.1,3,3,0,423,0,169,497,71,0,0,71,0,0,426,71,257,3,28,40,1,4,18,0,11,8,3.7
Rob Jackson,144224,ED,CINCINNATI,12,1,0,,0,0,138,0,0,60.0,54.9,80.1,65.7,47.1,56.7,0,2,0,0,,18.2,2,0,0,0.0,0,1,0,0,0,0,132,132,0,21,56,55,0,0,57,75,0,4,8,1,0,3,0,0,0,
Zeiqui Lawton,144225,DI,SM HOUSTON,11,7,0,,1,0,281,1,0,58.5,66.7,53.5,62.0,70.4,73.3,3,8,0,0,,5.9,1,0,1,0.0,0,2,0,0,0,5,313,313,31,78,4,200,0,0,168,140,0,8,9,2,0,13,0,0,0,
Armorion Smith,144238,S,MICH STATE,12,6,0,75.0,0,1,223,1,0,56.2,50.3,84.4,47.7,41.1,29.9,0,1,0,1,56.0,30.4,14,1,0,119.6,15,0,0,189,7,211,425,12,0,0,12,0,138,413,9,205,78,9,26,0,20,1,2,204,69,13.6
Bryon Threats,144240,CB,UCLA,5,2,0,100.0,0,0,324,0,0,51.2,58.5,74.4,66.2,69.3,79.6,0,1,0,0,25.0,0.0,0,0,0,118.8,2,0,0,11,1,18,32,2,0,0,2,0,0,30,2,12,18,0,1,0,2,1,0,31,2,15.5
Jah-Mal Williams,144241,ED,TROY,12,9,2,100.0,0,1,318,0,0,61.4,64.2,88.2,63.1,62.2,79.7,2,11,0,0,35.0,6.7,2,0,0,118.8,2,5,0,64,0,55,475,381,0,12,344,25,0,94,189,231,30,16,19,0,2,18,0,40,15,20.0
Jalen Emery,144247,CB,W KENTUCKY,11,1,0,68.4,0,0,346,0,0,63.1,66.1,85.2,82.1,62.7,50.4,1,1,0,0,36.0,33.3,4,1,0,84.5,13,2,0,44,5,155,238,9,0,0,9,0,1,229,10,73,179,4,7,1,19,4,0,116,55,8.9
Jalen Garner,144248,LB,HOUSTON,12,21,0,81.1,0,2,182,0,0,55.9,65.7,57.1,67.5,69.2,67.8,4,17,0,0,69.0,14.6,13,2,1,142.9,30,1,0,474,0,211,625,81,0,0,81,0,0,544,135,279,70,27,55,1,37,22,4,357,256,11.9
Raylen Sharpe,144255,WR,ARKANSAS,1,0,0,,0,0,111,0,0,,60.0,60.0,,60.0,,0,0,0,0,,,0,0,0,0.0,0,0,0,0,0,0,1,0,0,0,0,0,0,1,0,1,0,0,0,0,0,0,0,0,0,
Cam Blaylock,144260,DI,UTSA,12,4,0,,0,0,331,0,0,60.0,58.2,16.2,67.0,55.5,67.8,1,5,0,0,,7.7,1,0,2,0.0,0,1,0,6,0,0,206,200,127,71,0,2,0,6,106,100,0,6,8,0,0,7,0,0,0,
Bryce Edmondson,144264,LB,UNLV,8,4,0,80.0,0,0,325,1,0,58.7,55.0,84.3,67.6,48.0,54.8,0,2,0,0,12.0,23.5,4,0,1,118.8,8,0,0,136,1,77,169,17,0,0,17,0,1,152,14,78,12,2,9,0,10,2,1,45,34,5.6
Andrew Jones,144268,LB,OLE MISS,9,11,0,87.5,0,0,226,0,0,65.3,75.9,1.7,58.1,84.2,85.6,3,4,0,0,38.0,5.1,2,0,1,104.2,7,0,0,187,0,84,200,7,0,0,7,0,0,193,17,99,6,15,26,2,8,7,0,72,57,10.3
Eric Rivers,144279,WR,GA TECH,1,0,0,,0,0,176,0,0,,60.1,60.0,,60.0,,0,0,0,0,,,0,0,1,0.0,0,0,0,0,0,0,1,0,0,0,0,0,0,1,0,1,0,0,0,0,0,0,0,0,0,
William Whitlow Jr.,144288,ED,MEMPHIS,12,6,2,,0,0,218,0,0,64.2,78.4,68.0,66.0,83.7,40.3,6,23,0,0,,21.6,8,0,1,0.0,0,3,0,2,0,4,595,590,0,219,274,97,0,5,309,282,3,25,23,4,0,32,0,0,0,
Marcus Bleazard,144293,LB,NAVY,5,2,0,100.0,0,0,237,0,0,54.2,64.4,79.5,69.5,68.8,48.4,0,5,0,0,24.0,25.0,4,0,0,104.2,4,1,0,62,0,30,78,4,0,0,4,0,0,74,14,34,12,7,10,1,4,6,0,36,16,9.0
Randy Franklin,144307,S,CHARLOTTE,12,10,0,87.0,0,1,136,0,0,47.1,60.5,85.4,57.9,83.0,86.1,0,0,0,0,40.0,7.6,5,1,2,138.0,20,0,0,166,2,217,432,12,0,0,12,0,198,420,3,212,54,10,51,1,23,0,2,234,136,11.7
Dylan Goffney,144361,WR,SMU,2,0,0,,0,0,287,0,0,,59.9,67.1,,60.0,,0,0,0,0,,,0,0,0,0.0,0,0,0,0,0,0,2,0,0,0,0,0,0,2,0,2,0,0,0,0,0,0,0,0,0,
Isaiah Nwokobia,144373,S,SMU,12,22,0,72.1,0,0,287,1,0,60.1,67.4,86.4,58.9,80.0,65.1,0,0,0,2,52.0,14.3,15,5,1,96.9,31,0,0,242,8,435,725,8,0,0,8,0,338,717,11,279,129,24,68,1,43,0,2,398,131,12.8
Jalen McMurray,144393,S,TENNESSEE,12,8,1,72.7,1,0,307,0,0,66.8,70.0,8.7,85.2,73.6,75.5,0,3,0,0,71.0,10.7,6,2,3,109.1,32,3,0,98,2,311,532,9,0,0,9,0,59,523,16,205,364,25,42,4,44,6,2,330,217,10.3
Bobby Salla Jr.,144398,CB,FIU,6,1,0,75.0,0,0,166,0,0,62.2,61.6,79.9,58.7,58.3,38.9,0,0,0,0,15.0,33.3,3,0,0,127.1,6,0,0,17,0,56,83,2,0,0,2,0,4,81,2,25,60,3,5,1,8,0,1,44,14,7.3
Jalen Satchell,144399,DI,MICH STATE,8,5,0,100.0,0,0,223,0,0,57.8,53.1,80.9,53.1,53.9,80.4,0,2,0,0,18.0,5.9,1,0,0,118.8,1,1,0,1,0,4,173,172,21,141,0,10,0,1,81,88,0,10,11,0,1,3,0,18,12,18.0
Jadon Canady,144405,CB,OREGON,13,12,0,50.0,0,1,264,0,0,87.0,84.7,88.8,55.6,73.0,75.2,1,3,0,2,11.0,9.8,4,4,2,41.8,17,0,0,60,18,289,492,19,0,0,19,0,94,473,15,188,301,11,25,0,34,4,1,104,61,6.1
Elijah Champaigne,144407,DI,TULANE,11,2,0,,0,0,319,0,0,,50.8,78.9,55.4,48.4,75.5,1,2,0,0,,0.0,0,0,0,0.0,0,0,0,0,0,0,101,101,16,35,4,46,0,0,61,40,0,1,2,0,0,3,0,0,0,
Devean Deal,144411,ED,TCU,12,18,3,63.6,1,1,305,1,1,58.9,73.5,62.0,72.9,73.1,44.9,6,25,0,0,15.0,21.2,14,1,2,106.6,7,4,0,151,0,79,740,562,0,0,560,2,0,178,331,330,26,23,34,4,11,35,1,56,30,8.0
Bailey Despanie,144413,S,TULANE,13,9,0,58.8,2,0,319,0,0,58.7,62.3,30.3,47.2,72.0,71.2,0,1,0,1,44.0,13.4,9,4,3,100.0,10,0,0,189,3,295,522,9,0,0,9,0,260,513,3,224,60,20,49,2,17,1,3,138,34,13.8
Corey Platt Jr.,144431,LB,HOUSTON,11,15,1,80.0,0,2,182,0,0,61.0,70.3,82.5,57.9,84.2,73.4,0,5,0,0,37.0,9.1,4,1,0,153.2,12,3,0,230,6,159,329,26,0,0,26,0,1,303,62,108,66,12,25,2,15,8,2,169,77,14.1
Rodrek Williams II,144439,CB,TULANE,2,0,0,,0,0,319,0,0,60.0,61.1,65.8,,60.0,,0,0,0,0,,,0,0,0,0.0,0,0,0,1,0,1,3,0,0,0,0,0,0,3,0,2,2,0,0,0,0,0,0,0,0,
Matthew Alexander,144453,DI,GA TECH,10,4,0,,0,0,176,1,0,60.6,67.3,59.4,64.2,67.8,59.1,1,10,0,0,,10.0,2,0,1,0.0,0,1,0,0,0,0,371,371,6,306,7,52,0,0,205,166,0,11,14,0,0,12,0,0,0,
Malachi Lawrence,144461,ED,UCF,12,4,2,,0,2,323,0,0,61.8,80.1,69.5,89.5,66.2,63.2,3,30,0,0,,23.3,7,0,1,0.0,0,7,0,0,0,20,470,470,0,30,394,46,0,0,228,222,0,18,19,4,0,40,0,0,0,
Davon Hicks,144482,LB,GA SOUTHRN,1,0,0,,0,0,174,0,0,62.3,60.8,75.1,58.9,59.1,73.0,0,0,0,0,,0.0,0,0,0,0.0,0,0,0,3,0,4,16,13,0,0,13,0,0,3,2,10,0,0,1,0,0,0,0,0,0,
Jaelen Stokes,144498,S,USF,12,4,2,71.4,0,1,327,1,0,75.0,74.4,82.7,70.6,69.8,67.8,1,4,0,0,14.0,11.5,3,0,0,80.1,5,0,0,148,3,129,276,51,0,0,51,0,40,225,24,123,33,8,19,0,7,5,0,31,24,6.2
Amer Amer,144502,LB,USF,2,0,0,,0,0,327,0,0,,60.8,61.8,,60.0,,0,0,0,0,,,0,0,0,0.0,0,0,0,1,0,0,2,0,0,0,0,0,0,2,0,2,0,0,0,0,0,0,0,0,0,
Tevin Williams III,144524,CB,BAYLOR,10,3,0,63.6,1,0,118,0,0,64.5,65.3,0.0,56.2,78.7,72.1,0,0,0,0,25.0,9.1,2,2,6,87.9,14,0,0,14,282,153,302,0,0,0,0,0,0,302,2,147,6,7,17,2,22,0,1,93,27,6.6
Cooper Lanz,144530,DI,BAYLOR,11,12,1,,0,0,118,0,0,60.5,73.5,84.9,61.6,76.5,85.1,0,11,0,0,,2.6,1,0,0,0.0,0,1,0,0,0,2,476,476,82,306,41,47,0,0,209,265,0,14,25,2,0,12,0,0,0,
Tyler Onyedim,144547,DI,TEXAS A&M,13,11,0,,0,1,312,0,0,61.1,71.9,84.4,65.0,73.2,66.1,3,12,0,0,,8.7,4,0,0,0.0,0,2,0,3,0,1,484,481,26,369,16,70,0,3,292,191,0,27,31,6,0,17,0,0,0,
Myles Mendeszoon,144552,ED,IOWA STATE,8,0,0,,0,0,193,0,0,60.0,68.8,76.7,66.5,64.7,,0,0,0,0,,,0,0,0,0.0,0,0,0,0,0,1,36,36,0,2,25,9,0,0,23,12,0,0,0,0,0,0,0,0,0,
Jayden Gray,144555,ED,W KENTUCKY,12,3,0,,0,0,346,0,0,57.5,53.0,45.2,56.4,54.2,63.3,1,7,0,0,,10.5,2,0,1,0.0,0,1,0,0,0,1,207,206,0,29,120,57,0,1,110,96,1,11,14,3,0,9,0,0,0,
Jayson Gilliom,144572,LB,KANSAS,8,5,0,50.0,0,0,198,0,0,56.1,65.1,74.7,56.6,70.3,69.4,0,1,0,0,2.0,8.3,1,0,0,56.3,1,0,0,51,0,14,54,0,0,0,0,0,0,54,4,36,3,3,6,0,2,1,0,2,3,2.0
Landon Nelson,144577,S,KANSAS,2,1,0,,0,0,198,0,0,,65.2,69.4,,65.6,78.3,0,0,0,0,,0.0,0,0,0,0.0,0,0,0,4,0,0,7,0,0,0,0,0,3,7,0,7,0,0,1,0,0,0,0,0,0,
Cole Mondi,144579,LB,KANSAS,1,0,0,,0,0,198,0,0,,82.5,66.1,,76.6,76.5,0,0,0,0,,0.0,0,0,0,0.0,0,0,0,3,0,0,3,0,0,0,0,0,0,3,0,3,0,2,2,0,0,0,0,0,0,
D.J. Withers,144582,DI,KANSAS,12,7,0,,0,0,198,0,0,63.7,64.2,41.5,64.2,62.9,59.2,0,7,0,0,,20.8,5,0,2,0.0,0,2,0,1,0,0,421,420,26,273,31,90,0,1,214,207,0,11,12,2,0,9,0,0,0,
Tommy Dunn Jr.,144584,DI,KANSAS,12,10,0,,0,0,198,0,0,60.9,67.6,12.3,68.1,69.8,72.5,1,10,0,0,,6.3,2,0,4,0.0,0,3,0,0,0,0,406,406,173,211,2,20,0,0,217,189,0,19,20,1,0,14,0,0,0,
Cole Petrus,144585,ED,KANSAS,3,0,0,,0,0,198,0,0,,66.3,73.3,,65.0,24.9,0,0,0,0,,100.0,1,0,0,0.0,0,0,0,1,0,0,10,9,0,0,9,0,0,1,0,10,0,0,0,0,0,0,0,0,0,
Xavier Loyd,144596,WR,MISSOURI,1,0,0,,0,0,229,0,0,,60.3,60.0,,60.0,,0,0,0,0,,,0,0,0,0.0,0,0,0,0,0,0,1,0,0,0,0,0,0,1,0,1,0,0,0,0,0,0,0,0,0,
Omar Daniels,144605,S,GA TECH,12,12,0,76.2,0,1,176,1,1,78.8,71.2,87.0,63.5,52.8,48.6,0,2,0,1,51.0,21.9,16,1,1,111.4,16,0,0,157,8,344,619,5,0,0,5,0,385,614,5,270,64,21,45,2,21,2,2,171,65,10.7
Desmond Purnell,144611,LB,KANSAS ST,12,12,0,62.2,0,2,199,0,0,55.6,66.1,57.2,72.6,69.2,61.8,7,7,1,2,38.0,14.8,12,2,1,60.6,23,4,0,614,3,301,728,22,0,0,22,0,0,706,79,348,89,36,57,6,37,18,0,260,182,11.3
Krew Jackson,144612,LB,ARIZONA ST,4,0,0,,0,0,110,0,0,64.7,76.4,72.2,60.0,69.4,79.3,0,0,0,0,,0.0,0,0,0,0.0,0,0,0,12,0,5,13,0,0,0,0,0,0,13,0,8,1,2,3,0,0,0,0,0,0,
Damian Ilalio,144614,DI,KANSAS ST,12,7,0,,0,1,199,0,0,60.0,68.2,85.5,61.4,69.0,75.5,2,7,0,0,,4.2,1,0,0,0.0,0,1,0,1,0,0,502,501,111,386,0,4,0,1,225,277,0,16,16,2,0,10,0,0,0,
Damond Harmon,144630,CB,LIBERTY,12,8,0,50.0,0,0,206,0,0,72.8,74.5,85.4,70.3,75.0,66.1,1,0,0,1,31.0,15.0,9,3,2,104.9,30,1,0,54,514,318,626,6,0,0,6,0,11,620,6,302,41,13,43,3,60,2,9,410,81,13.7
Clayton Smith,144631,ED,ARIZONA ST,12,6,0,,0,0,110,0,0,63.5,65.8,69.6,60.7,69.1,60.6,7,18,0,0,,20.0,4,0,1,0.0,0,4,0,23,0,10,469,446,0,10,421,15,0,23,288,171,0,12,10,2,0,29,0,0,0,
Kelvin Gilliam Jr.,144637,DI,VA TECH,12,10,0,,0,0,337,0,0,61.5,62.8,84.9,59.0,62.9,65.3,3,8,0,0,,10.3,3,0,0,0.0,0,2,0,1,0,0,400,399,149,217,3,30,0,1,215,185,0,12,16,0,0,13,0,0,0,
Latrell McCutchin Sr.,144639,CB,HOUSTON,12,11,0,50.0,0,1,182,1,0,77.5,78.0,86.2,44.5,76.5,70.4,0,0,0,0,70.0,12.9,8,8,4,89.8,23,0,0,37,687,394,744,3,0,0,3,0,3,741,11,339,14,13,43,2,46,0,2,348,165,15.1
Hayden Bray,144640,ED,VANDERBILT,6,1,0,,0,0,333,0,0,60.0,69.7,78.7,71.6,57.8,74.4,0,0,0,0,,0.0,0,0,0,0.0,0,1,0,0,0,1,54,54,0,8,43,3,0,0,37,16,0,1,0,0,0,1,0,0,0,
Jaden Nixon,144652,HB,UCF,1,0,0,,0,0,323,0,0,,60.0,60.0,,60.0,,0,0,0,0,,,0,0,0,0.0,0,0,0,0,0,0,1,0,0,0,0,0,0,1,0,1,0,0,0,0,0,0,0,0,0,
Kale Smith,144659,CB,OKLA STATE,6,3,0,73.7,0,0,262,0,0,57.4,61.1,81.8,58.3,73.9,64.4,0,0,0,1,65.0,16.7,4,1,2,122.6,14,0,0,28,254,145,293,2,0,0,2,0,3,291,1,147,6,5,17,1,19,0,4,189,72,13.5
Ty Williams,144660,ED,TULSA,3,1,0,,0,0,320,0,0,,70.1,69.8,,68.3,74.3,0,0,0,0,,0.0,0,0,0,0.0,0,0,0,4,0,0,9,4,0,0,4,0,0,5,0,9,0,0,0,0,0,0,0,0,0,
Lyrik Rawls,144661,S,KANSAS,12,10,1,63.3,1,0,198,0,0,72.8,71.4,47.4,67.1,66.9,79.6,2,2,0,1,37.0,10.3,9,4,3,71.1,19,0,0,245,0,319,632,2,0,0,2,0,270,630,9,304,115,29,68,1,30,4,0,217,117,11.4
Raymond Gay II,144662,S,OKLA STATE,7,2,0,69.2,0,0,262,0,0,54.8,58.3,81.4,60.0,63.5,71.3,0,0,0,0,24.0,10.7,3,1,1,112.7,9,0,0,157,0,127,265,4,0,0,4,0,47,261,1,137,57,5,23,1,13,0,1,85,32,9.4
Kendal Daniels,144668,S,OKLAHOMA,13,9,0,67.7,0,0,261,1,0,79.1,77.4,53.7,66.3,76.4,63.3,1,8,0,0,26.0,16.1,9,2,2,88.0,21,1,0,192,3,265,541,92,0,0,92,0,57,449,46,230,196,27,38,9,31,10,1,139,92,6.6
Aden Kelley,144671,DI,OKLA STATE,12,4,0,,0,0,262,0,0,,55.7,56.1,57.3,55.9,52.4,0,3,0,0,,14.3,2,0,1,0.0,0,1,0,0,0,0,301,301,104,191,0,6,0,0,127,174,0,6,8,0,0,4,0,0,0,
Cam Smith,144672,CB,OKLA STATE,12,5,1,57.6,1,0,262,0,0,62.0,63.5,84.2,63.5,66.4,81.1,0,2,0,1,42.0,7.0,3,3,5,93.1,19,0,0,68,498,304,577,0,0,0,0,0,0,577,6,267,11,9,35,2,33,2,2,281,82,14.8
Landyn Watson,144699,LB,KENTUCKY,12,6,0,82.4,0,0,202,0,0,50.7,52.2,79.3,88.1,46.7,46.5,1,4,0,0,43.0,20.7,6,0,0,141.5,14,0,0,206,0,102,237,5,0,0,5,0,1,232,15,120,25,6,17,1,17,5,3,144,125,10.3
Da'Veawn Armstead,144700,CB,N TEXAS,12,4,0,56.8,0,0,251,0,0,75.5,73.8,84.2,55.9,64.8,70.7,0,1,0,2,33.0,14.0,6,5,1,55.2,21,0,0,69,507,276,595,5,0,0,5,0,4,590,2,317,10,10,33,3,37,1,1,172,91,8.2
D'Arco Perkins-McAllister,144701,CB,LA MONROE,11,2,1,55.8,0,0,209,0,0,64.6,63.4,84.3,79.7,45.7,50.5,0,1,0,0,73.0,24.4,10,4,3,94.7,24,4,0,63,356,286,488,6,0,0,6,0,3,482,7,195,60,17,29,0,43,5,1,396,186,16.5
Shad Banks Jr.,144702,LB,UTSA,12,18,0,77.3,1,1,331,3,1,54.2,67.8,53.6,76.6,72.4,60.1,4,8,1,3,26.0,15.6,15,1,1,72.2,17,0,0,612,0,306,647,11,0,1,9,1,5,636,46,295,19,37,63,3,22,12,1,159,80,9.4
Luke Lingard,144707,LB,TCU,1,0,0,,0,0,305,0,0,,60.0,62.1,,60.0,,0,0,0,0,,,0,0,0,0.0,0,0,0,1,0,0,1,0,0,0,0,0,0,1,0,1,0,0,0,0,0,0,0,0,0,
Chris Murray,144708,ED,AUBURN,12,8,0,100.0,0,1,115,0,0,47.0,71.5,85.7,71.3,74.6,72.0,1,11,0,0,16.0,10.5,2,0,0,100.8,5,3,0,10,3,25,277,252,3,5,219,25,0,25,139,113,12,11,9,0,5,15,0,41,22,8.2
Ishmael Ibraheem,144728,CB,SO MISS,1,0,0,33.3,0,0,296,0,0,73.8,73.7,75.2,,62.6,,0,0,0,0,6.0,,0,1,0,42.4,1,0,0,1,35,18,36,0,0,0,0,0,0,36,0,18,0,0,0,0,3,0,0,6,6,6.0
Terrence Cooks II,144731,LB,TEXAS ST,12,10,0,78.6,0,0,314,0,0,73.8,70.9,82.7,67.2,63.7,79.0,0,0,0,0,57.0,7.1,3,2,0,106.8,11,2,0,248,0,136,294,22,0,0,22,0,1,272,14,144,23,15,29,3,14,2,0,135,105,12.3
Michael Taaffe,144732,S,TEXAS,10,21,0,63.2,0,0,311,0,0,89.4,88.1,45.6,80.4,72.0,80.5,0,2,0,2,28.0,9.3,7,0,1,54.6,12,1,0,132,5,339,600,5,0,0,5,0,370,595,6,255,88,21,47,0,19,3,1,100,56,8.3
D.J. Harris,144734,ED,USF,12,3,0,75.0,1,0,327,0,0,63.2,62.8,66.9,62.2,61.4,52.9,4,4,0,1,18.0,21.9,7,0,1,47.9,6,1,0,13,1,69,420,401,0,18,331,52,0,19,145,206,5,17,22,1,8,9,0,44,38,7.3
Marshall Landwehr,144737,LB,TEXAS,3,0,0,0.0,0,0,311,0,0,53.8,53.5,71.7,45.0,70.9,37.7,0,1,0,0,,0.0,0,0,0,39.6,0,0,0,19,0,13,20,1,0,0,1,0,0,19,3,4,0,1,1,0,1,1,0,0,0,
Gage Elder,144766,LB,TEXAS TECH,1,0,0,,0,0,315,0,0,64.3,67.2,70.6,,61.0,73.6,0,0,0,0,,0.0,0,0,0,0.0,0,0,0,8,0,7,9,0,0,0,0,0,0,9,0,2,1,0,1,0,0,0,0,0,0,
Charles Esters III,144768,ED,TEXAS TECH,10,2,0,,0,0,315,1,0,76.9,74.9,82.2,57.6,77.3,80.6,2,4,0,0,,0.0,0,1,0,0.0,0,0,0,0,0,1,131,131,0,0,100,31,0,0,72,58,0,7,8,3,0,6,0,0,0,
Isaac Smith,144769,ED,MICH STATE,12,6,0,100.0,0,0,223,0,0,59.9,63.5,85.9,62.8,62.2,76.7,1,4,0,0,9.0,4.2,1,0,0,94.4,3,1,0,0,0,29,286,286,0,1,280,5,0,0,105,152,0,10,17,0,3,6,0,20,19,6.7
Blake Burris,144770,DI,SMU,5,1,0,,0,0,287,0,0,60.0,69.0,75.4,61.9,70.6,69.7,0,2,0,0,,0.0,0,0,0,0.0,0,0,0,0,0,0,39,39,2,37,0,0,0,0,29,10,0,0,0,0,0,2,0,0,0,
E'Maurion Banks,144771,DI,TEXAS TECH,11,3,1,,0,0,315,0,0,60.0,68.5,80.4,58.7,72.7,66.6,0,2,0,0,,8.3,1,0,0,0.0,0,1,0,0,0,0,138,138,31,78,0,29,0,0,81,57,0,7,8,1,0,3,0,0,0,
Caleb Coleman,144774,CB,NEW MEXICO,11,9,0,86.1,0,0,241,0,0,64.3,62.7,87.8,67.6,54.9,53.8,1,3,0,1,32.0,17.8,8,1,1,94.4,31,1,0,88,1,223,411,60,0,0,60,0,5,351,14,174,257,12,28,1,36,5,1,260,153,8.4
Andrew Wilson-Lamp,144788,CB,TOLEDO,6,1,0,100.0,0,0,316,0,0,60.1,64.2,76.6,,76.1,40.0,0,0,0,0,39.0,27.3,3,0,0,158.3,4,0,0,6,51,38,61,0,0,0,0,0,0,61,0,23,4,2,7,0,4,0,1,67,38,16.8
Hammond Russell IV,144793,DI,W VIRGINIA,9,5,0,,0,1,343,0,0,60.1,63.7,83.9,61.4,62.7,69.7,0,1,0,0,,13.3,2,0,0,0.0,0,2,0,0,0,1,226,226,137,88,0,1,0,0,103,122,0,7,8,0,0,3,0,0,0,
Edward Vesterinen,144794,DI,W VIRGINIA,12,9,0,,0,0,343,1,0,61.7,71.6,86.4,64.9,72.1,40.2,1,10,0,0,,20.0,7,0,0,0.0,0,3,0,0,0,2,553,552,221,317,2,12,0,1,315,236,0,18,19,4,0,14,0,0,0,
Cam Rice,144796,DI,MARYLAND,12,16,1,,0,0,215,0,0,57.3,71.4,51.5,77.0,67.4,56.4,2,23,0,0,,12.5,5,0,2,0.0,0,2,0,0,0,6,566,566,44,454,3,65,0,0,286,274,0,14,19,3,0,27,0,0,0,
Miles Scott,144809,S,ILLINOIS,12,8,0,56.3,0,0,187,0,0,73.9,78.8,44.8,77.9,88.4,76.1,0,0,0,3,20.0,10.9,7,5,1,56.8,9,1,0,126,7,448,731,9,0,0,9,0,540,722,6,277,49,9,49,2,16,1,1,102,26,11.3
Prince Green III,144812,S,GA SOUTHRN,7,2,0,57.1,0,0,174,0,0,38.4,37.2,80.5,56.2,37.9,34.1,0,2,0,0,18.0,30.4,7,1,0,72.3,4,0,0,41,0,68,131,4,0,0,4,0,71,127,4,59,15,3,14,0,7,2,0,38,37,9.5
Tyler Strain,144814,CB,ILLINOIS,7,3,0,50.0,0,0,187,0,0,60.8,60.5,81.0,59.6,58.4,53.9,0,0,0,0,17.0,18.2,2,1,0,98.3,5,0,0,9,74,71,126,1,0,0,1,0,13,125,1,54,29,1,6,0,10,0,1,51,39,10.2
Dylan Rosiek,144816,LB,ILLINOIS,10,10,1,72.0,0,1,187,0,0,74.7,73.6,83.6,65.0,67.8,72.2,0,1,0,1,19.0,9.8,6,1,0,89.8,18,1,0,373,0,209,391,3,0,0,3,0,0,388,13,169,15,14,45,3,25,2,1,186,109,10.3
DD Snyder,144817,S,UMASS,2,1,0,,0,0,216,0,0,77.7,72.1,76.4,,55.0,54.9,0,0,0,1,,20.0,1,0,0,0.0,0,0,0,35,0,43,66,0,0,0,0,0,29,66,0,23,2,0,3,0,0,0,0,0,0,
Kenenna Odeluga,144818,LB,ILLINOIS,12,4,0,100.0,0,0,187,0,0,50.1,59.0,80.4,44.8,70.5,69.3,0,1,0,0,24.0,11.1,2,0,0,105.4,10,0,0,122,1,60,162,20,0,0,20,0,0,142,8,94,19,8,12,1,10,1,0,93,71,9.3
Luke Zardzin,144819,LB,ILLINOIS,3,3,0,100.0,0,0,187,0,0,53.7,56.3,75.1,60.0,59.9,81.4,0,0,0,0,7.0,0.0,0,0,0,95.8,1,0,0,28,0,8,30,2,0,0,2,0,0,28,1,21,0,3,4,0,1,0,0,7,7,7.0
Sedarius McConnell,144822,DI,BOSTON COL,11,14,0,,0,1,121,0,0,63.5,64.2,27.7,53.7,72.2,64.7,0,6,0,0,,11.8,4,0,3,0.0,0,3,0,0,0,0,476,475,4,268,49,154,0,1,236,240,1,14,16,4,0,9,0,0,0,
Andrew Turvy,144844,ED,INDIANA,4,3,0,,0,0,190,0,0,63.3,65.4,77.3,62.4,62.4,79.4,1,1,0,0,,0.0,0,0,0,0.0,0,0,0,0,0,2,26,23,0,0,20,3,0,3,9,15,3,0,1,0,0,2,0,0,0,
Jaxon Rexroth,144864,LB,IOWA,12,5,0,90.9,0,0,192,0,0,70.1,68.7,86.9,59.1,66.8,73.6,1,3,0,1,20.0,8.7,2,0,0,60.6,10,0,0,47,5,82,230,94,0,0,93,1,0,136,25,123,84,7,16,2,11,4,0,84,61,8.4
Kelby Telander,144866,ED,IOWA,2,0,0,,0,0,192,0,0,,65.5,69.6,,63.7,74.3,0,0,0,0,,0.0,0,0,0,0.0,0,0,0,1,0,0,4,3,0,0,3,0,0,1,0,4,0,1,1,0,0,0,0,0,0,
Jaden Harrell,144871,LB,IOWA,9,12,0,91.7,0,2,192,0,0,55.8,62.8,81.2,59.2,68.2,44.4,1,5,0,0,25.0,19.6,10,0,1,120.5,11,1,0,275,1,130,299,1,0,0,1,0,0,298,25,144,22,15,29,1,12,7,1,75,54,6.8
Zach Twedt,144872,LB,IOWA,1,0,0,,0,0,192,0,0,60.0,82.7,67.2,64.2,68.7,73.6,0,1,0,0,,0.0,0,0,0,0.0,0,0,0,4,0,1,4,0,0,0,0,0,0,4,1,2,0,1,1,0,0,1,0,0,0,
Karson Sharar,144873,LB,IOWA,12,21,1,79.5,0,0,192,0,0,62.2,73.1,88.0,63.7,79.2,59.3,4,6,0,0,26.0,17.3,18,0,0,86.6,31,2,0,503,3,300,689,43,0,0,43,0,0,646,70,319,140,40,65,9,39,12,0,187,120,6.0
Max Llewellyn,144874,ED,IOWA,12,3,3,100.0,1,2,192,0,0,43.2,72.6,52.2,87.2,56.5,46.6,10,25,0,0,14.0,33.3,7,0,2,104.2,3,6,0,0,0,11,507,507,0,5,435,67,0,0,278,218,0,14,11,1,3,41,0,27,21,9.0
Jeremiah Pittman,144875,DI,IOWA,12,0,0,,0,0,192,0,0,,53.0,80.4,57.3,50.5,27.8,0,3,0,0,,50.0,1,0,0,0.0,0,0,0,0,0,0,125,125,13,110,0,2,0,0,63,62,0,1,1,0,0,3,0,0,0,
Branden Jennings,144903,ED,MISS STATE,12,15,0,62.5,1,0,227,0,0,68.4,62.0,15.8,53.1,66.7,72.0,1,10,0,0,21.0,13.0,6,1,3,81.8,5,0,0,149,0,73,435,281,0,2,260,19,0,154,143,219,5,17,25,0,8,11,0,53,17,10.6
Darrell Jackson Jr.,144910,DI,FLORIDA ST,12,20,0,,0,0,167,0,0,60.8,74.4,69.4,58.5,81.3,73.9,1,12,0,0,,7.7,4,0,1,0.0,0,1,0,1,0,5,522,520,159,327,1,33,0,2,252,265,0,24,28,1,0,14,0,0,0,
Zion Shockley,144911,DI,CHARLOTTE,11,6,0,,0,0,136,0,0,61.7,56.9,83.4,54.7,56.6,66.5,0,3,0,0,,7.7,1,0,0,0.0,0,0,0,1,0,1,311,309,38,251,7,13,0,2,167,143,0,3,6,2,0,3,0,0,0,
Peyton O'Leary,144921,WR,MICHIGAN,1,0,0,,0,0,222,0,0,,60.0,60.0,,60.0,,0,0,0,0,,,0,0,0,0.0,0,0,0,0,0,0,1,0,0,0,0,0,0,1,0,1,0,0,0,0,0,0,0,0,0,
Ja'den McBurrows,144931,CB,APP STATE,3,0,0,52.9,0,0,108,0,0,72.4,77.2,80.9,64.7,83.5,46.0,0,1,0,1,26.0,23.1,3,1,0,64.3,9,0,0,27,2,72,115,3,0,0,3,0,2,112,4,39,81,6,10,2,17,1,1,94,27,10.4
Rod Moore,144932,S,MICHIGAN,3,3,0,66.7,0,0,222,0,0,67.9,64.0,79.6,60.0,51.9,57.5,0,0,0,1,28.0,18.2,2,1,0,66.7,2,0,0,14,2,49,85,1,0,0,1,0,55,84,1,35,13,0,6,0,3,0,0,35,9,17.5
Rayshaun Benny,144933,DI,MICHIGAN,12,12,2,,0,0,222,1,0,60.5,79.3,62.0,68.5,83.5,61.2,3,12,0,0,,8.8,3,0,1,0.0,0,2,0,7,0,1,415,408,20,308,21,59,0,7,240,174,0,15,19,1,0,17,0,0,0,
Joe Taylor,144936,WR,MICHIGAN,1,0,0,,0,0,222,0,0,,60.0,60.0,,60.0,,0,0,0,0,,0.0,0,0,0,0.0,0,0,0,0,0,0,1,0,0,0,0,0,0,1,0,1,0,0,1,0,0,0,0,0,0,
T.J. Guy,144938,ED,MICHIGAN,11,3,0,71.4,1,0,222,0,0,58.4,68.1,35.1,74.7,65.2,37.2,2,13,0,1,11.0,26.1,6,0,2,41.1,5,2,0,3,0,44,325,311,0,1,308,2,0,14,138,143,11,10,14,1,7,17,0,32,19,6.4
Kechaun Bennett,144940,ED,UCLA,11,8,0,100.0,0,0,324,0,0,61.6,49.9,0.0,56.4,51.5,55.0,2,4,0,0,15.0,18.5,5,0,3,118.8,1,1,0,8,0,5,253,243,0,9,221,13,0,10,121,127,1,10,14,2,1,7,0,15,1,15.0
George Rooks,144941,DI,SYRACUSE,12,4,0,,0,0,304,0,0,60.0,51.6,55.5,53.8,52.0,79.0,0,2,0,0,,0.0,0,0,1,0.0,0,0,0,1,0,0,310,309,11,207,39,52,0,1,164,146,0,5,8,1,0,2,0,0,0,
Ike Iwunnah,144943,DI,MICHIGAN,7,1,0,,0,0,222,0,0,,69.7,75.3,59.6,72.1,70.2,0,1,0,0,,0.0,0,0,0,0.0,0,0,0,0,0,0,38,38,4,32,0,2,0,0,21,17,0,0,0,0,0,1,0,0,0,
Charles Brantley,144956,CB,MIAMI FL,3,1,0,100.0,1,0,220,0,0,68.0,68.2,74.6,,60.4,77.0,0,0,0,0,6.0,0.0,0,0,1,91.7,2,0,0,1,30,23,31,0,0,0,0,0,0,31,0,8,0,1,1,0,2,0,0,12,12,6.0
Michael Gravely Jr.,144959,S,BALL ST,10,16,0,73.3,0,0,117,0,0,36.6,43.0,84.7,58.1,54.5,43.3,0,0,0,1,42.0,24.6,16,0,1,123.1,11,0,0,314,2,242,492,0,0,0,0,0,91,492,2,248,85,11,33,1,15,0,2,173,42,15.7
Khalil Majeed,144961,CB,MICH STATE,6,2,0,50.0,1,0,223,0,0,56.4,47.4,0.0,54.2,30.2,29.0,0,0,0,0,24.0,40.0,2,0,1,97.1,5,0,0,6,0,52,86,2,0,0,2,0,1,84,5,29,77,0,1,0,10,0,1,48,27,9.6
Darius Green,144982,S,MINNESOTA,11,5,0,76.0,0,0,225,0,0,55.0,60.9,85.7,59.2,73.0,65.7,0,2,0,0,19.0,13.3,4,0,1,92.4,19,0,0,107,4,201,372,38,0,0,38,0,27,334,24,147,196,10,21,3,25,2,0,162,103,8.5
Devon Williams,144984,LB,MINNESOTA,11,16,0,75.0,0,0,225,0,0,60.2,65.2,86.5,53.1,70.3,61.5,3,6,0,0,24.0,17.5,17,1,0,92.4,27,2,0,501,2,285,594,35,0,0,35,0,0,559,48,261,56,37,64,3,36,11,0,240,164,8.9
Luther McCoy,144986,DI,HAWAII,11,5,0,,0,2,180,0,0,68.5,65.7,15.2,71.2,50.6,50.8,7,9,0,0,,15.0,3,0,2,0.0,0,2,0,11,0,2,224,212,4,103,46,59,0,12,134,88,0,10,12,1,0,18,0,0,0,
Jacob Schuster,144987,DI,OREGON ST,7,4,2,,0,0,265,0,0,59.8,65.2,44.9,60.1,68.4,52.0,0,1,0,0,,12.5,2,0,1,0.0,0,1,0,0,0,2,212,212,35,164,1,12,0,0,103,107,0,8,10,0,0,2,0,0,0,
Nate Becker,144988,DI,MINNESOTA,12,2,0,,0,0,225,0,0,60.0,62.7,84.3,57.6,64.0,39.9,0,4,0,0,,30.0,3,0,0,0.0,0,1,0,0,0,0,207,207,87,119,0,1,0,0,115,92,0,5,5,2,0,5,0,0,0,
Deven Eastern,144989,DI,MINNESOTA,12,9,1,,0,1,225,0,0,60.0,65.7,31.6,66.4,66.0,42.5,2,8,0,0,,17.9,7,0,3,0.0,0,3,0,0,0,0,456,456,248,204,2,2,0,0,241,215,0,20,23,3,0,13,0,0,0,
Marques Buford Jr.,145012,S,NEBRASKA,12,0,0,40.0,0,0,238,0,0,70.1,66.8,83.4,64.4,52.8,90.0,0,0,0,0,10.0,0.0,0,0,0,47.9,4,0,0,51,0,127,201,6,0,0,6,0,122,195,4,70,22,6,16,0,10,0,0,22,7,5.5
Mikai Gbayor,145013,LB,N CAROLINA,12,10,0,66.7,1,1,245,1,1,64.7,67.1,17.1,67.7,67.5,56.1,0,1,0,0,12.0,17.5,7,0,1,71.5,4,1,0,231,1,100,252,10,0,0,10,0,0,242,10,142,8,12,23,1,6,2,0,20,8,5.0
Wynden Ho'ohuli,145015,LB,HAWAII,11,4,0,42.9,0,0,180,0,0,57.6,49.0,0.0,50.5,51.7,43.4,0,0,0,0,7.0,21.1,4,0,3,50.3,3,0,0,136,0,74,167,18,0,0,18,0,0,149,17,76,12,7,11,2,7,0,0,11,8,3.7
Randolph Kpai,145018,LB,NEW MEXICO,2,1,0,,0,0,241,0,0,65.8,73.7,76.4,60.0,74.6,81.4,0,0,0,0,,0.0,0,0,0,0.0,0,0,0,30,0,11,35,1,0,0,1,0,0,34,1,23,4,3,6,0,0,0,0,0,0,
Derek Branch,145019,S,NEBRASKA,3,0,0,,0,0,238,0,0,60.0,63.3,68.5,,60.0,,0,0,0,0,,,0,0,0,0.0,0,0,0,4,0,1,8,0,0,0,0,0,0,8,0,7,3,0,0,0,0,0,0,0,0,
Michael Booker III,145023,LB,NEBRASKA,3,0,0,,0,0,238,0,0,63.4,67.9,71.9,60.0,67.6,56.0,0,0,0,0,,25.0,1,0,0,0.0,0,0,0,25,0,10,26,0,0,0,0,0,0,26,1,15,0,2,3,0,0,0,0,0,0,
Ru'Quan Buckley,145027,DI,MICH STATE,11,3,0,,0,0,223,0,0,,58.0,81.0,53.9,59.6,63.1,0,3,0,0,,16.7,3,0,0,0.0,0,2,0,0,0,0,191,190,12,169,2,7,0,1,82,109,0,9,12,0,0,5,0,0,0,
Theran Johnson,145045,CB,OREGON,11,1,0,58.1,0,1,264,1,0,48.4,54.3,83.1,73.9,72.6,68.5,0,0,0,0,50.0,12.5,2,2,0,112.4,18,1,0,31,297,179,342,8,0,0,8,0,0,334,3,160,6,4,13,0,31,1,2,301,62,16.7
Garner Wallace,145046,S,NWESTERN,12,13,0,78.6,0,0,256,0,0,53.2,55.5,86.8,48.8,60.7,63.7,0,2,0,0,48.0,18.0,11,1,0,134.2,22,0,0,263,0,306,580,5,0,0,5,0,265,575,1,273,47,6,37,0,28,2,2,294,111,13.4
Mac Uihlein,145047,LB,NWESTERN,12,20,0,67.9,0,1,256,0,0,68.6,69.6,83.4,61.5,68.8,49.9,2,6,0,4,52.0,19.1,21,0,0,53.7,19,0,0,579,2,341,686,5,1,0,4,0,0,681,21,324,99,39,69,6,28,8,0,233,131,12.3
Aidan Hubbard,145048,ED,NWESTERN,10,7,0,100.0,0,0,256,0,0,64.5,67.2,85.1,67.6,61.2,60.8,3,17,0,0,0.0,23.3,7,0,0,79.2,1,5,0,2,0,20,323,320,0,5,274,41,0,3,163,140,0,17,16,3,1,25,0,0,0,0.0
Najee Story,145049,DI,NWESTERN,12,12,1,,0,0,256,0,0,65.6,67.8,83.4,60.5,66.5,62.9,2,9,0,1,,10.7,3,0,0,0.0,0,1,0,2,0,2,372,370,14,329,1,26,0,2,180,190,0,11,13,0,0,12,0,0,0,
Carmine Bastone,145050,DI,NWESTERN,12,13,1,,0,0,256,0,0,56.6,68.2,84.1,63.9,69.0,26.6,1,16,0,0,,32.5,13,0,0,0.0,0,3,0,0,0,3,429,428,30,391,2,5,0,1,216,210,0,13,14,2,0,20,0,0,0,
Ore Adeyi,145051,CB,NWESTERN,10,3,0,50.0,0,0,256,0,0,61.8,60.0,84.5,60.0,48.9,42.2,0,0,0,1,35.0,23.8,5,3,0,57.8,12,0,0,12,263,182,309,25,0,0,25,0,0,284,1,126,8,0,13,0,24,0,0,181,22,15.1
Jayden Ballard,145054,WR,WISCONSIN,1,0,0,,0,0,349,0,0,60.0,62.4,60.0,,,,0,0,0,0,,,0,0,0,0.0,0,0,0,0,0,1,1,0,0,0,0,0,0,1,0,0,0,0,0,0,0,0,0,0,0,
Jantzen Dunn,145068,CB,KENTUCKY,8,2,0,42.9,0,0,202,0,0,59.2,59.7,80.2,60.7,60.3,66.2,0,1,0,0,14.0,11.1,1,0,0,53.3,3,0,0,14,6,74,108,1,0,0,1,0,5,107,5,29,80,3,6,1,7,1,0,26,12,8.7
Reid Carrico,145069,LB,W VIRGINIA,12,19,0,81.8,0,0,343,1,0,57.6,62.6,85.5,69.5,60.0,59.3,5,14,0,0,54.0,16.9,13,1,0,125.6,18,5,0,458,0,205,520,24,0,0,24,0,3,496,82,233,33,34,45,3,22,24,1,231,209,12.8
Andre Turrentine,145072,S,TENNESSEE,12,19,0,64.0,0,0,307,0,0,59.5,57.8,86.3,57.6,53.5,63.6,1,0,0,1,49.0,15.7,11,0,1,87.4,16,0,0,294,0,393,709,5,0,0,5,0,299,704,14,302,111,8,40,0,25,1,1,212,76,13.3
Jackson Kuwatch,145075,LB,MIAMI OH,12,18,0,61.5,0,0,221,0,0,65.3,78.5,86.6,67.0,81.9,67.3,2,7,0,0,17.0,11.3,9,1,0,80.0,8,5,0,486,0,214,559,57,0,0,56,1,0,502,109,236,16,34,53,4,13,14,0,83,30,10.4
Jordan van den Berg,145085,DI,GA TECH,12,3,0,,0,0,176,0,0,58.6,73.9,85.6,61.9,79.5,58.5,5,21,0,0,,17.2,5,0,0,0.0,0,3,0,3,0,0,514,510,133,345,3,29,0,4,291,223,0,18,21,9,0,29,0,0,0,
Liam Clifford,145089,WR,PENN STATE,1,0,0,,0,0,266,0,0,,60.0,60.0,,60.0,,0,0,0,0,,,0,0,1,0.0,0,0,0,0,0,0,1,0,0,0,0,0,0,1,0,1,0,0,0,0,0,0,0,0,0,
Davon Townley Jr.,145091,ED,MO STATE,12,6,4,0.0,1,0,230,0,0,68.2,63.3,0.0,60.8,67.6,59.1,0,12,0,1,,15.4,4,0,5,0.0,0,2,0,1,0,7,370,369,1,2,340,26,0,1,209,154,0,16,16,2,1,14,0,0,0,
Dominic DeLuca,145095,LB,PENN STATE,12,23,0,76.2,0,0,266,0,0,58.8,65.9,47.4,61.1,71.6,63.9,1,6,0,0,14.0,14.0,12,2,1,87.4,16,2,0,415,2,200,495,34,0,0,34,0,0,461,42,253,44,28,51,4,21,9,0,110,67,6.9
Zakee Wheatley,145099,S,PENN STATE,12,26,1,70.0,0,0,266,1,0,83.5,85.9,86.8,69.8,82.7,75.8,2,2,0,1,8.0,11.5,11,1,0,69.2,7,0,0,253,1,325,658,3,0,0,3,0,316,655,17,316,84,23,59,2,10,4,1,36,22,5.1
Rodney McGraw,145101,ED,W MICHIGAN,12,11,0,100.0,0,1,347,2,0,55.2,67.8,67.2,66.5,68.3,68.8,5,18,0,0,21.0,16.2,6,0,1,158.3,1,5,0,5,0,12,431,426,10,76,287,53,0,5,227,192,0,21,20,2,1,28,1,21,26,21.0
Yannis Karlaftis,145120,LB,NWESTERN,5,4,0,50.0,0,0,256,0,0,60.0,60.4,74.6,78.4,55.1,62.0,1,2,0,0,12.0,16.7,2,1,0,62.5,2,0,0,41,0,23,68,4,0,0,4,0,0,64,4,41,23,1,6,0,4,3,0,18,7,9.0
Rickey Smith,145122,CB,MIDDLE TN,5,2,0,76.9,0,0,224,0,0,42.9,48.9,81.2,51.2,71.2,51.9,0,0,0,0,36.0,20.0,2,0,0,143.1,10,0,0,7,0,48,106,2,0,0,2,0,1,104,7,51,95,2,6,0,13,0,1,160,29,16.0
Khordae Sydnor,145124,ED,VANDERBILT,12,11,1,100.0,0,0,333,1,0,61.0,71.9,88.9,64.6,76.3,45.8,6,25,0,0,16.0,29.7,11,0,0,118.8,1,3,0,9,0,28,551,542,0,44,463,35,0,9,326,197,0,17,15,4,1,34,0,16,0,16.0
Don Munnerlyn,145126,ED,UTSA,11,3,1,100.0,0,0,331,0,0,48.7,53.6,46.3,58.4,57.4,40.9,1,3,0,0,16.0,33.3,2,0,1,118.8,4,1,0,12,0,35,218,184,0,0,184,0,1,34,83,100,21,1,1,0,4,5,0,50,36,12.5
Al-Shadee Salaam,145129,CB,RUTGERS,7,3,0,75.0,1,0,278,0,0,50.3,52.6,0.0,55.4,75.7,71.8,0,0,0,0,25.0,9.1,1,1,2,105.2,9,0,0,3,122,76,133,5,0,0,5,0,0,128,1,56,3,0,7,0,12,0,0,117,25,13.0
Jordan Thompson,145140,DI,RUTGERS,12,9,0,,0,0,278,0,0,70.9,61.8,89.1,52.7,63.4,47.2,1,6,0,0,,18.2,6,0,0,0.0,0,1,0,1,0,8,353,352,215,54,77,6,0,1,178,167,0,10,18,2,0,8,0,0,0,
Austin Dean,145145,LB,RUTGERS,3,0,0,0.0,0,0,278,0,0,49.3,47.9,74.7,59.2,58.8,26.0,0,1,0,0,,0.0,0,0,0,39.6,0,0,0,11,0,3,15,4,0,0,4,0,0,11,1,11,0,0,1,0,1,1,0,0,0,
Zaire Angoy,145149,DI,RUTGERS,12,2,1,,0,0,278,0,0,62.4,62.8,31.9,60.1,64.0,26.4,1,2,0,0,,36.4,4,0,2,0.0,0,0,0,0,0,1,332,332,4,320,4,4,0,0,146,185,0,5,5,0,0,3,0,0,0,
Cam'Ron Stewart,145151,ED,TEMPLE,12,4,1,,0,1,306,0,0,63.8,88.0,31.4,90.4,77.8,58.0,5,30,0,0,,22.6,7,0,2,0.0,0,4,0,3,0,6,290,286,0,2,284,0,0,4,144,140,1,19,20,6,0,39,0,0,0,
Henry Hughes Jr.,145152,DI,RUTGERS,6,0,0,,0,0,278,1,0,,50.6,78.3,57.1,49.9,69.7,0,0,0,0,,0.0,0,0,0,0.0,0,0,0,0,0,0,35,35,13,22,0,0,0,0,10,25,0,0,1,0,0,0,0,0,0,
Keshon Griffin,145153,DI,RUTGERS,12,3,0,,0,0,278,0,0,61.1,63.4,59.6,64.9,61.6,42.6,1,9,0,0,,21.4,3,0,1,0.0,0,0,0,0,0,0,305,305,137,165,1,2,0,0,142,163,0,5,8,2,0,10,0,0,0,
Owen Arnett,145161,CB,WISCONSIN,1,0,0,0.0,0,0,349,0,0,50.7,49.8,73.1,,,,0,0,0,0,,,0,0,0,39.6,0,0,0,0,0,7,7,0,0,0,0,0,0,7,0,0,7,0,0,0,1,0,0,0,0,
T.J. Bollers,145165,DI,CAL,11,8,0,,0,0,130,0,0,60.0,62.8,83.5,61.6,61.3,58.8,2,6,0,0,,10.5,4,0,1,0.0,0,1,0,0,0,0,438,437,1,326,8,102,0,1,208,230,0,18,26,1,0,9,0,0,0,
Grover Bortolotti,145166,HB,WISCONSIN,2,0,0,,0,0,349,0,0,,60.0,60.0,60.0,60.0,,0,0,0,0,,,0,0,0,0.0,0,0,0,0,0,0,2,0,0,0,0,0,0,2,1,1,0,0,0,0,0,0,0,0,0,
Ricardo Hallman,145169,CB,WISCONSIN,12,1,0,67.4,0,0,349,0,0,72.4,71.0,85.8,,56.0,51.4,0,0,0,2,37.0,19.5,8,4,1,97.6,31,0,0,23,684,410,713,0,0,0,0,0,0,713,0,303,4,7,32,0,46,0,3,395,50,12.7
Mike Jarvis,145171,DI,LIBERTY,12,8,1,,1,0,206,0,0,58.6,56.8,48.8,56.3,58.6,48.6,2,10,0,0,,16.0,4,0,2,0.0,0,0,0,1,0,1,454,453,241,211,0,1,0,1,209,244,0,10,13,1,0,12,0,0,0,
Darryl Peterson,145175,ED,WISCONSIN,12,9,3,100.0,0,1,349,0,0,59.4,81.0,21.1,82.3,77.8,61.6,3,16,0,0,24.0,17.9,7,0,3,118.8,1,8,0,1,0,6,385,384,0,41,273,70,0,1,226,153,0,22,23,5,1,27,0,24,17,24.0
Garrison Solliday,145181,LB,WISCONSIN,1,0,0,,0,0,349,0,0,60.0,73.7,68.4,79.8,60.0,73.6,0,1,0,0,,,0,0,0,0.0,0,1,0,4,0,1,4,0,0,0,0,0,0,4,2,1,0,1,0,0,0,2,0,0,0,
Jayden Williams,145199,S,UCF,2,3,0,50.0,0,0,323,0,0,65.0,68.1,79.2,,72.1,47.2,0,0,0,0,4.0,30.0,3,0,0,56.3,1,0,0,31,1,45,84,0,0,0,0,0,18,84,0,39,34,3,4,0,2,0,0,4,5,4.0
Jacob Merrifield,145209,DI,USF,12,4,1,,0,0,327,0,0,63.6,62.2,82.1,62.1,58.2,44.8,0,4,0,0,,25.0,4,0,1,0.0,0,2,0,0,0,0,277,277,5,223,0,49,0,0,132,145,0,7,8,1,0,6,0,0,0,
Ross Fournet,145218,WR,FIU,2,0,0,,0,0,166,0,0,,60.0,60.0,60.0,60.0,,0,0,0,0,,,0,0,2,0.0,0,0,0,0,0,0,2,0,0,0,0,0,0,2,1,1,0,0,0,0,0,0,0,0,0,
Deuce Blades II,145225,CB,FIU,10,3,0,60.0,1,0,166,1,0,77.5,79.6,85.1,69.7,80.2,77.2,0,1,0,1,46.0,6.9,2,4,1,87.6,24,0,0,29,522,327,582,1,0,0,1,0,13,581,3,252,16,7,24,0,40,1,2,281,94,11.7
Demetrius Hill,145227,S,FIU,11,5,0,20.0,0,0,166,0,0,69.1,62.4,80.4,57.5,48.9,49.9,0,1,0,0,3.0,22.2,4,1,0,39.6,1,0,0,65,1,74,142,5,0,0,5,0,52,137,4,64,19,2,9,0,5,1,0,3,0,3.0
Keegan Davis,145234,ED,FIU,12,8,0,,2,0,166,0,0,60.3,58.0,61.0,61.0,54.7,55.7,3,26,0,0,,18.5,5,0,2,0.0,0,6,0,8,0,5,628,617,0,3,582,32,0,11,371,252,2,17,14,0,0,35,0,0,0,
Jordan Guerad,145236,DI,LOUISVILLE,12,10,4,,0,0,210,1,0,64.9,80.2,84.8,72.9,77.9,64.6,4,12,0,1,,6.9,2,0,0,0.0,0,3,0,0,0,0,456,456,81,333,5,37,0,0,264,192,0,18,17,2,0,19,0,0,0,
J'Dan Burnett,145260,ED,TULSA,12,6,1,,0,1,320,0,0,63.6,79.2,52.7,84.8,69.0,80.9,1,18,0,0,,4.3,1,0,2,0.0,0,7,0,1,0,1,526,525,0,15,385,125,0,1,251,274,0,19,16,4,0,26,0,0,0,
Chuck Montgomery,145265,WR,SO MISS,1,0,0,,0,0,296,0,0,60.0,62.6,73.9,,,,0,0,0,0,,,0,0,0,0.0,0,0,0,0,0,1,1,0,0,0,0,0,0,1,0,0,0,0,0,0,0,0,0,0,0,
Jaydyn Johnson,145286,LB,MARSHALL,3,0,0,100.0,0,0,214,0,0,74.2,78.3,72.3,55.4,72.9,78.7,0,1,0,0,7.0,0.0,0,0,0,95.8,1,0,0,18,0,5,18,0,0,0,0,0,0,18,3,10,0,3,4,0,1,1,0,7,10,7.0
Elijah Metcalf,145307,WR,SO MISS,1,0,0,,0,0,296,0,0,60.0,62.4,60.0,,,,0,0,0,0,,,0,0,1,0.0,0,0,0,0,0,1,1,0,0,0,0,0,0,1,0,0,0,0,0,0,0,0,0,0,0,
Jakobe Thomas,145309,S,MIAMI FL,13,11,0,61.5,0,2,220,2,0,88.5,84.2,86.6,87.3,62.1,48.1,1,8,1,4,65.0,22.9,16,4,2,59.1,24,3,0,220,2,321,603,24,0,0,24,0,277,579,33,249,79,18,43,1,39,12,2,264,103,11.0
Parker Hughes,145312,LB,MIDDLE TN,12,26,0,67.4,0,1,224,0,0,69.7,74.7,85.0,61.6,76.9,82.5,3,6,0,2,53.0,6.5,7,3,0,74.3,29,0,0,692,2,388,795,20,0,0,20,0,0,775,46,361,80,32,75,3,43,9,1,285,164,9.8
Damonte Smith,145315,DI,MIDDLE TN,12,0,1,,0,1,224,0,0,62.6,84.7,34.9,80.1,83.7,35.6,3,26,0,1,,25.6,11,0,3,0.0,0,4,0,1,0,0,576,574,14,461,5,94,0,2,288,288,0,30,32,8,0,33,0,0,0,
Dillion Williams,145331,S,FAU,11,9,0,57.1,0,0,165,0,0,55.1,59.5,44.5,60.3,67.1,70.3,0,2,0,0,56.0,15.1,11,2,2,107.7,8,0,0,216,3,275,586,10,0,0,10,0,317,576,9,302,40,18,53,2,14,2,1,115,75,14.4
Fatafehi Vailea II,145336,DI,N TEXAS,4,9,0,,0,1,251,0,0,60.0,61.8,81.3,54.4,63.3,79.8,0,1,0,0,,0.0,0,0,0,0.0,0,0,0,0,0,0,155,155,39,105,0,11,0,0,53,102,0,4,7,0,0,1,0,0,0,
Sifa Leota,145338,LB,LA TECH,12,10,3,90.9,0,0,208,0,0,63.1,82.8,18.3,88.7,76.3,59.3,6,25,0,1,22.0,15.7,8,1,2,71.2,10,2,0,537,0,211,569,30,0,0,30,0,0,539,132,226,2,27,33,8,11,33,0,112,55,11.2
Tahj Ra-El,145366,S,PURDUE,12,31,0,65.6,0,1,273,1,0,51.3,61.8,0.0,59.8,79.4,73.5,0,2,0,0,37.0,13.7,19,2,5,92.3,21,0,0,279,7,366,754,9,0,0,9,0,349,745,7,381,110,20,89,2,32,2,0,273,158,13.0
Amorie Morrison,145369,ED,UAB,10,5,1,,0,1,321,0,0,73.2,58.9,45.3,55.3,59.4,57.6,3,4,0,0,,14.7,5,0,2,0.0,0,0,0,1,0,9,426,425,0,67,272,86,0,1,172,245,0,14,24,4,0,7,0,0,0,
Jason Henderson,145379,LB,DOMINION,1,0,0,100.0,0,0,263,0,0,65.9,64.9,77.4,55.6,63.1,51.8,0,0,0,0,6.0,28.6,2,0,0,91.7,1,0,0,54,0,17,55,0,0,0,0,0,0,55,3,35,1,3,5,1,1,0,0,6,2,6.0
Kris Trinidad,145380,ED,DOMINION,12,11,4,,0,1,263,0,0,65.9,76.2,70.6,65.3,80.5,66.5,3,21,0,0,,13.5,5,0,1,0.0,0,3,0,0,0,2,539,538,0,36,399,103,0,1,318,219,0,16,21,4,0,27,0,0,0,
Denzel Lowry,145381,DI,LOUISVILLE,12,8,0,,0,0,210,1,0,60.9,68.7,83.8,58.8,72.0,61.8,1,7,0,0,,6.7,1,0,0,0.0,0,0,0,0,0,0,330,329,101,222,0,6,0,1,170,160,0,5,6,2,0,8,0,0,0,
Wayne Matthews III,145382,LB,MICH STATE,12,29,0,77.8,0,0,223,0,0,62.0,73.8,88.0,55.6,85.4,80.9,1,3,0,1,59.0,8.1,7,0,0,108.4,28,0,0,542,4,362,699,43,1,0,42,0,4,656,43,294,105,27,50,3,36,4,2,301,264,10.8
Alonzo Ford Jr.,145383,DI,PENN STATE,12,1,0,,0,0,266,0,0,64.6,55.9,56.6,58.0,53.2,40.4,0,3,0,1,,25.0,2,0,1,0.0,0,0,0,0,0,0,308,308,62,242,0,4,0,0,137,171,0,5,5,0,0,3,0,0,0,
Chazz Wallace,145384,DI,NC STATE,12,1,0,,0,0,248,0,0,60.0,69.6,80.5,67.0,67.2,76.5,0,8,0,0,,0.0,0,0,0,0.0,0,0,0,0,0,0,164,164,24,131,0,9,0,0,80,84,0,5,7,0,0,8,0,0,0,
Keyshawn Hunter,145385,DI,DELAWARE,12,6,0,,2,0,151,1,0,72.3,70.8,44.8,74.1,64.6,76.6,4,14,0,0,,4.0,1,0,3,0.0,0,3,0,1,0,1,400,399,293,102,0,4,0,1,232,167,0,18,18,4,0,21,0,0,0,
Peyton Stevenson,145394,S,RICE,12,10,0,73.9,0,0,275,0,0,59.2,59.7,88.3,57.5,59.6,68.6,0,1,0,1,43.0,13.0,6,1,0,118.3,17,0,0,178,3,281,541,17,0,0,17,0,185,524,11,249,157,11,30,3,23,1,3,183,93,10.8
Elroyal Morris III,145406,DI,RICE,8,2,0,,0,0,275,0,0,65.1,43.8,24.9,56.6,37.6,26.8,2,1,0,0,,33.3,2,0,1,0.0,0,0,0,0,0,0,114,114,76,38,0,0,0,0,58,56,0,0,2,0,0,3,0,0,0,
Marcus Williams,145407,S,RICE,12,10,0,68.1,0,1,275,0,0,63.1,72.9,48.1,56.3,91.7,77.6,0,0,0,0,84.0,10.8,9,2,1,127.8,32,0,0,166,1,351,635,3,0,0,3,0,235,632,3,281,230,22,64,4,47,0,4,458,316,14.3
Jalen Hargrove,145412,DI,UCLA,7,4,0,,0,0,324,0,0,,50.2,0.0,57.6,55.5,76.1,0,0,0,0,,0.0,0,0,1,0.0,0,0,0,0,0,0,37,37,11,25,1,0,0,0,9,28,0,2,2,0,0,0,0,0,0,
Brendan Toles,145431,CB,SO MISS,6,1,0,0.0,0,0,296,0,0,68.5,69.6,76.2,,66.8,76.6,0,0,0,0,,0.0,0,0,0,39.6,0,0,0,2,44,25,47,0,0,0,0,0,0,47,0,22,1,0,1,0,1,0,0,0,0,
T'sai McDaniel,145466,CB,UAB,12,2,0,58.1,0,0,321,0,0,59.3,61.1,84.4,57.9,64.5,54.0,0,0,0,1,41.0,18.4,7,0,1,94.6,18,0,0,67,70,157,353,6,0,0,6,0,0,347,2,194,210,13,29,0,31,0,2,268,119,14.9
Jimmori Robinson,145523,ED,W VIRGINIA,8,1,0,100.0,1,0,343,1,0,36.7,51.3,0.0,63.3,60.2,51.2,1,8,0,0,39.0,22.2,2,0,4,158.3,4,1,0,0,0,24,236,234,1,4,224,5,0,2,106,106,2,7,6,2,4,10,1,68,33,17.0
Ronald Triplette,145524,ED,GA TECH,10,3,0,,0,0,176,0,0,60.5,55.0,0.0,57.7,62.2,68.2,0,7,0,0,,14.3,2,0,4,0.0,0,1,0,0,0,1,217,215,0,24,168,23,0,2,114,102,0,7,9,2,0,8,0,0,0,
Trey Moore,145527,LB,TEXAS,12,11,3,86.4,0,0,311,1,0,50.6,65.7,60.3,71.5,73.2,68.1,6,18,0,0,27.0,15.4,6,0,1,119.5,19,3,0,230,1,181,486,203,0,0,203,0,0,283,120,185,52,17,22,3,22,27,1,199,82,10.5
BJ Wagner,145542,S,ARK STATE,1,0,0,100.0,0,0,113,0,0,32.1,38.3,67.7,,60.0,,0,0,0,0,31.0,,0,0,0,158.3,1,0,0,0,0,3,4,0,0,0,0,0,4,4,0,1,0,0,0,0,1,0,1,31,16,31.0
Cam Burden,145551,LB,MEMPHIS,3,1,0,,0,0,218,0,0,60.5,65.2,72.1,60.0,66.0,37.7,0,0,0,0,,33.3,1,0,0,0.0,0,0,0,7,0,3,13,3,0,0,3,0,0,10,1,9,3,1,1,0,0,0,0,0,0,
Migo Jackson,145560,DI,NWESTERN,3,1,0,,0,0,256,0,0,,69.0,75.2,64.8,67.3,42.9,0,2,0,0,,25.0,1,0,0,0.0,0,0,0,0,0,0,39,39,0,39,0,0,0,0,17,22,0,0,2,0,0,2,0,0,0,
Jairus Mack,145562,WR,W KENTUCKY,1,0,0,,0,0,346,0,0,60.0,62.4,60.0,,,,0,0,0,0,,,0,0,0,0.0,0,0,0,0,0,1,1,0,0,0,0,0,0,1,0,0,0,0,0,0,0,0,0,0,0,
Xavier Williams,145579,S,CINCINNATI,12,12,0,60.0,0,1,138,0,0,61.6,71.6,0.0,59.8,86.5,77.3,0,1,0,0,27.0,8.9,4,1,1,85.0,6,0,0,185,0,109,251,2,0,0,2,0,30,249,1,141,34,11,29,0,10,1,0,79,21,13.2
Dontae Pollard,145609,S,TEMPLE,10,5,0,75.0,0,0,306,0,0,56.4,63.7,83.9,69.6,71.8,55.5,1,1,0,0,24.0,21.7,10,0,0,135.4,9,0,0,187,2,172,369,0,0,0,0,0,130,369,10,187,50,8,31,0,12,2,3,90,51,10.0
Darrian Lewis,145611,S,W VIRGINIA,12,14,0,83.3,0,2,343,0,0,52.8,59.4,86.7,61.2,71.2,56.1,2,0,0,2,41.0,19.4,18,0,2,126.0,30,0,0,203,5,276,522,8,0,0,8,0,209,514,7,239,97,17,61,1,36,2,5,371,164,12.4
Drew Hughes,145617,DI,BALL ST,12,12,1,,0,0,117,0,0,61.2,66.9,66.9,58.8,70.6,57.5,1,4,0,0,,14.3,5,0,1,0.0,0,3,0,2,0,1,502,500,88,401,3,8,0,2,255,246,0,15,18,0,0,8,0,0,0,
Joey Stemler,145618,LB,BALL ST,11,11,0,81.8,0,1,117,1,0,75.0,67.2,25.6,51.8,63.0,64.6,1,3,0,0,46.0,12.1,7,1,1,102.8,18,0,0,304,0,178,380,11,0,0,11,0,2,369,33,169,63,23,40,1,22,4,0,191,88,10.6
Jack Beebe,145620,LB,BALL ST,12,9,0,90.0,0,0,117,0,0,47.7,54.6,0.0,60.8,64.5,46.9,2,0,0,0,29.0,19.1,9,0,2,107.9,9,1,0,307,0,136,349,8,0,0,8,0,0,341,17,196,34,14,29,1,10,3,0,99,69,11.0
Jackson Wiegold,145624,LB,BALL ST,8,6,0,50.0,0,0,117,0,0,65.9,56.3,80.5,52.2,46.8,62.0,0,1,0,0,22.0,16.7,4,3,0,62.1,5,0,0,150,0,86,186,9,0,0,9,0,0,177,12,88,27,5,14,1,10,1,0,44,39,8.8
Vaughn Pemberton,145628,LB,BOSTON COL,1,0,0,,0,0,121,0,0,,36.2,63.9,,60.0,,0,0,0,0,,,0,0,0,0.0,0,0,0,1,0,0,1,0,0,0,0,0,0,1,0,1,0,0,0,0,0,0,0,0,0,
Thai Baldwin,145629,CB,CHARLOTTE,12,0,1,72.4,1,0,136,1,0,46.1,51.1,84.0,73.0,66.7,51.8,0,0,0,0,60.0,20.0,5,3,2,149.0,21,0,0,46,323,196,387,18,0,0,18,0,0,369,2,189,0,2,20,0,29,0,4,327,119,15.6
Dierre Kelly,145652,DI,BOWL GREEN,12,8,0,,0,0,122,0,0,,64.8,66.0,61.1,65.8,59.4,0,11,0,0,,11.1,3,0,1,0.0,0,0,0,1,0,0,472,471,17,352,28,74,0,1,221,251,0,13,16,3,0,11,0,0,0,
Cashius Howell,145655,ED,TEXAS A&M,13,9,3,55.6,0,1,312,0,0,55.2,81.2,28.4,90.3,73.6,79.6,2,27,0,0,34.0,11.1,3,1,5,115.5,5,12,0,5,1,61,591,570,0,0,570,0,0,21,299,231,14,21,15,3,9,41,1,65,31,13.0
Victor Vazquez,145656,CB,BOWL GREEN,5,0,0,50.0,0,0,122,0,0,56.4,50.3,76.2,56.0,48.0,76.4,0,1,0,0,6.0,0.0,0,0,0,56.3,1,0,0,2,0,10,21,0,0,0,0,0,3,21,2,9,16,1,1,0,2,1,0,6,1,6.0
Denver Warren,145660,DI,UAB,12,10,0,,0,0,321,0,0,63.6,60.1,62.8,64.0,56.2,71.5,1,4,0,0,,10.3,3,0,1,0.0,0,3,0,1,0,0,424,423,9,360,11,43,0,1,181,243,0,12,16,2,0,8,0,0,0,
Lawai'a Brown,145704,LB,C MICHIGAN,12,12,0,72.7,0,0,134,1,0,50.1,63.1,82.6,58.5,75.4,76.9,2,12,0,0,57.0,10.3,4,0,0,145.8,8,2,0,287,0,147,368,55,0,0,55,0,1,313,72,149,25,15,23,1,11,16,2,115,80,14.4
Isaiah Rogers,145706,DI,CINCINNATI,12,11,0,,0,0,138,0,0,60.0,63.3,85.4,59.1,64.4,70.3,1,4,0,0,,0.0,0,0,1,0.0,0,1,0,1,0,1,330,329,244,72,1,12,0,1,195,134,0,8,12,0,0,6,0,0,0,
Jonah Pace,145712,DI,IOWA,12,7,1,,0,0,192,0,0,60.4,64.2,84.7,72.3,55.5,25.3,4,12,0,0,,34.6,9,0,0,0.0,0,0,0,0,0,0,388,388,29,353,0,6,0,0,197,191,0,7,10,1,0,16,0,0,0,
Jonathan Decker,145715,DI,C MICHIGAN,12,8,0,,0,0,134,1,0,60.5,61.6,85.7,59.3,60.6,62.8,2,12,0,0,,13.3,4,0,0,0.0,0,0,0,2,0,0,447,445,116,290,2,37,0,2,225,222,0,12,18,3,0,14,0,0,0,
Dakota Cochran,145721,LB,C MICHIGAN,12,20,0,61.3,0,2,134,2,1,66.3,71.8,86.0,63.9,75.7,68.9,1,13,1,1,32.0,14.0,12,2,0,72.0,19,2,0,414,1,274,621,96,0,0,96,0,2,525,84,263,108,37,54,3,31,16,1,160,104,8.4
DJ Stepney,145727,S,AKRON,4,3,0,100.0,0,0,102,0,0,46.1,55.3,75.4,60.0,70.3,41.8,0,0,0,0,39.0,28.6,2,0,0,118.8,1,0,0,28,0,18,42,1,0,0,1,0,7,41,1,23,5,0,2,0,1,0,0,39,35,39.0
Michael Heldman,145731,ED,C MICHIGAN,12,7,0,,1,2,134,0,0,58.5,92.9,37.6,92.9,86.7,73.1,5,36,0,0,,16.2,6,0,3,0.0,0,12,0,16,0,1,544,528,1,1,421,105,0,16,306,237,0,29,24,5,0,53,0,0,0,
Elijah Rikard,145739,S,C MICHIGAN,12,5,0,88.2,0,0,134,0,0,57.5,59.3,86.1,63.1,60.9,47.1,1,1,0,1,48.0,21.8,12,0,2,111.0,15,0,0,181,0,236,440,4,0,0,4,0,200,436,5,199,55,8,38,1,17,2,1,201,112,13.4
Fernando Sanchez III,145741,ED,C MICHIGAN,6,8,0,,0,0,134,1,0,72.5,63.3,43.5,62.6,61.1,40.7,1,5,0,0,,28.6,6,0,1,0.0,0,1,0,2,1,1,185,182,0,0,181,1,0,3,103,81,0,6,7,0,0,7,0,0,0,
Caleb Spann,145742,S,C MICHIGAN,12,13,0,46.7,0,0,134,0,0,79.8,74.1,0.0,60.0,65.2,66.9,0,0,0,1,55.0,14.3,7,2,3,57.4,7,0,0,264,4,288,483,5,0,0,5,0,157,478,1,194,52,10,29,1,15,0,1,79,70,11.3
Zach Mowchan,145751,LB,E MICHIGAN,9,6,1,62.5,0,0,160,0,0,41.1,53.1,25.8,68.3,61.9,59.1,0,2,0,0,19.0,18.0,9,0,1,94.3,5,0,0,275,4,107,304,4,0,0,4,0,0,300,17,180,21,15,35,2,8,2,0,77,44,15.4
Carter Evans,145757,ED,E MICHIGAN,12,8,1,,0,1,160,0,0,70.7,66.0,88.1,68.7,59.4,54.3,5,16,0,0,,15.9,7,0,0,0.0,0,1,0,23,0,12,569,541,0,13,498,30,0,28,223,334,5,21,29,5,0,22,0,0,0,
Quentavius Scandrett,145764,S,ARKANSAS,2,1,0,,0,0,111,0,0,63.4,66.9,73.0,,67.6,79.4,0,0,0,0,,0.0,0,0,0,0.0,0,0,0,5,0,10,23,0,0,0,0,0,15,23,0,13,3,0,1,0,0,0,0,0,0,
Cam Smith,145767,S,MARSHALL,12,10,0,54.8,0,1,214,0,0,63.2,68.5,56.6,66.5,74.4,64.4,1,6,0,0,57.0,16.7,14,5,2,123.8,17,2,0,374,2,383,732,47,0,0,47,0,208,685,33,316,101,22,60,4,31,9,4,271,146,15.9
Alex Branch,145781,S,AKRON,9,6,0,70.3,1,1,102,0,0,54.6,55.3,86.0,57.6,56.4,54.7,0,3,0,0,49.0,17.9,7,3,2,100.1,26,1,0,70,2,150,304,24,0,0,24,0,6,280,24,130,202,12,26,2,37,4,0,350,182,13.5
Macyo Williams,145794,DI,CHARLOTTE,4,1,0,,0,0,136,0,0,,60.0,78.2,58.3,60.6,43.8,0,2,0,0,,25.0,1,0,0,0.0,0,1,0,0,0,0,92,92,5,80,1,6,0,0,56,36,0,1,2,0,0,3,0,0,0,
Oscar McWood,145800,LB,MIAMI OH,12,8,0,71.4,0,0,221,0,0,44.9,59.0,81.0,65.1,71.1,57.9,2,4,0,0,24.0,17.9,5,0,0,89.9,10,2,0,210,1,118,253,19,0,0,19,0,0,234,35,100,23,6,15,1,14,8,0,95,71,9.5
Nasir Washington,145801,DI,MIAMI OH,9,3,0,,0,0,221,0,0,61.4,64.3,82.8,61.4,63.1,68.0,1,5,0,0,,10.0,1,0,0,0.0,0,3,0,0,0,1,330,330,0,330,0,0,0,0,182,147,0,7,6,2,0,9,0,0,0,
Corban Hondru,145803,LB,MIAMI OH,10,18,2,70.8,0,1,221,1,0,76.8,82.2,46.2,90.4,75.8,62.4,4,5,1,3,20.0,14.6,12,0,1,60.8,17,2,0,391,0,248,487,31,0,0,31,0,0,456,52,187,65,31,52,4,24,11,1,146,60,8.6
Eli Blakey,145820,S,MIAMI OH,12,24,0,51.4,0,0,221,1,0,87.1,82.1,4.3,54.9,80.3,77.5,1,3,0,2,50.0,11.1,12,7,4,42.8,18,0,0,251,0,454,764,42,0,0,42,0,317,722,12,298,154,36,72,4,35,4,0,182,50,10.1
Ty Myles,145837,CB,N ILLINOIS,8,6,0,69.6,0,0,254,0,0,57.7,63.3,85.8,61.7,74.3,66.6,0,5,0,0,57.0,17.1,6,1,0,101.2,16,0,0,103,0,215,431,24,0,0,24,0,3,407,8,208,301,9,23,1,23,5,0,227,129,14.2
Cyrus McGarrell,145844,S,N ILLINOIS,2,0,0,66.7,0,0,254,0,0,60.5,58.8,72.3,,55.8,75.1,0,0,0,0,7.0,0.0,0,0,0,74.3,2,0,0,9,0,14,24,0,0,0,0,0,0,24,0,10,15,0,1,0,3,0,0,12,11,6.0
Louis Frye,145850,S,TEMPLE,9,5,0,72.7,0,0,306,1,1,62.2,62.1,81.6,56.6,61.4,62.4,0,1,0,0,20.0,15.4,4,1,0,93.8,8,0,0,75,0,130,237,5,0,0,5,0,65,232,2,105,92,5,17,2,11,1,0,82,58,10.3
Muhammed Jammeh,145863,S,N ILLINOIS,12,10,0,78.3,0,0,254,0,0,54.6,60.7,86.3,66.6,69.1,72.7,0,1,0,2,56.0,13.1,8,2,1,93.5,18,0,0,347,1,306,621,0,0,0,0,0,181,621,5,310,92,11,43,1,23,1,1,268,86,14.9
George Gumbs Jr.,145870,ED,FLORIDA,9,7,0,80.0,0,3,163,1,0,49.1,66.0,88.9,68.2,69.2,63.2,5,5,0,0,15.0,12.5,4,0,0,105.4,8,3,0,5,1,63,345,332,0,1,330,1,0,13,136,146,7,18,21,3,10,13,0,93,58,11.6
Jalonnie Williams,145874,ED,N ILLINOIS,10,14,1,,0,0,254,1,0,70.2,59.6,68.6,56.9,59.3,74.6,1,11,0,0,,6.1,2,0,1,0.0,0,1,0,5,0,5,458,453,10,45,371,27,0,5,224,229,0,9,17,0,0,13,0,0,0,
Shay Taylor,145877,LB,CHARLOTTE,10,15,0,89.7,0,0,136,1,0,41.8,61.6,19.1,70.7,74.9,54.6,8,16,0,0,24.0,19.7,15,0,3,114.5,26,1,0,526,0,255,589,28,0,0,28,0,0,561,87,247,34,27,46,4,29,25,1,253,146,9.7
Bradley Weaver,145884,ED,RUTGERS,12,7,1,,1,0,278,0,0,60.0,61.1,23.3,59.7,65.4,51.3,6,12,0,0,,22.2,6,0,3,0.0,0,2,0,1,0,2,402,401,5,88,169,139,0,1,225,175,0,14,14,4,0,20,0,0,0,
Torrie Cox Jr.,145889,CB,ILLINOIS,12,6,0,71.4,0,0,187,0,0,59.0,57.8,85.6,45.1,51.9,58.8,0,1,0,1,41.0,16.9,10,3,3,98.9,45,0,0,19,584,390,637,0,0,0,0,0,5,637,3,244,29,15,43,1,63,1,2,504,170,11.2
Bralen Henderson,145897,DI,MISSOURI,11,0,0,,0,0,229,0,0,60.0,62.5,77.6,68.6,58.9,34.4,1,3,0,0,,33.3,1,0,0,0.0,0,0,0,0,0,0,72,72,4,65,0,3,0,0,40,32,0,0,2,0,0,4,0,0,0,
Doran Ray Jr.,145913,DI,TOLEDO,12,6,0,100.0,0,1,316,0,0,54.4,64.0,30.1,68.5,65.6,62.4,0,7,0,0,21.0,9.1,2,0,2,118.8,1,3,0,0,0,1,315,315,2,312,0,1,0,0,157,157,0,14,14,0,1,10,0,21,16,21.0
Esean Carter,145914,DI,TOLEDO,12,6,1,,0,0,316,0,0,57.1,74.6,48.2,74.7,73.5,58.6,3,15,0,0,,17.9,5,0,2,0.0,0,4,0,1,0,1,496,495,8,484,0,3,0,1,254,241,0,15,17,1,0,22,0,0,0,
Jeremiah Peters,145915,ED,TOLEDO,11,4,0,100.0,0,0,316,0,0,68.8,71.1,0.0,75.1,74.9,86.2,3,8,0,0,5.0,0.0,0,0,5,87.5,1,4,0,1,0,8,162,161,0,0,149,12,0,1,88,66,0,17,16,2,1,15,0,5,2,5.0
Mason Nelson,145927,DI,VANDERBILT,10,2,0,,0,0,333,0,0,60.1,69.0,79.2,64.0,70.0,57.2,0,4,0,0,,16.7,1,0,0,0.0,0,1,0,0,0,2,104,104,10,88,0,6,0,0,68,34,0,2,3,0,0,5,0,0,0,
Corey Walker,145937,ED,WISCONSIN,10,7,0,0.0,0,0,349,0,0,64.5,69.4,82.7,64.6,66.6,65.2,2,5,0,0,,11.8,2,0,0,39.6,0,0,0,0,0,4,177,177,0,14,149,14,0,0,76,97,0,6,8,0,1,7,0,0,0,
Blake Bosma,145938,TE,W MICHIGAN,1,0,0,,0,0,347,0,0,,60.0,60.0,,60.0,,0,0,0,0,,,0,0,2,0.0,0,0,0,0,0,0,1,0,0,0,0,0,0,1,0,1,0,0,0,0,0,0,0,0,0,
Tyson Lee,145943,ED,W MICHIGAN,12,3,0,0.0,0,0,347,0,0,63.1,54.3,85.3,58.6,45.7,59.1,0,9,0,0,,16.7,2,0,0,39.6,0,2,0,1,0,8,210,209,3,27,150,29,0,1,123,79,0,7,7,0,1,11,0,0,0,
Aaron Wofford,145950,CB,W MICHIGAN,12,4,0,74.3,1,0,347,0,0,60.8,61.4,84.4,49.8,65.1,70.3,0,1,0,1,56.0,13.5,5,4,4,97.6,26,0,0,10,452,257,465,0,0,0,0,0,1,465,1,207,2,5,28,1,35,1,1,302,61,11.6
Andrew Simpson,145978,LB,N CAROLINA,12,16,1,76.7,0,1,245,0,0,62.3,74.5,66.7,79.5,72.1,50.4,4,17,0,1,70.0,20.3,16,1,1,114.2,23,5,0,526,2,274,727,171,0,0,171,0,0,556,131,322,26,32,47,5,30,26,2,287,183,12.5
Zion Washington,145997,S,BOISE ST,10,11,0,64.7,0,0,120,0,0,62.6,62.3,84.7,73.8,57.9,61.5,2,2,0,1,32.0,18.2,12,1,0,80.6,22,1,0,290,7,273,544,4,0,0,4,0,151,540,6,265,91,24,43,2,34,5,1,221,120,10.0
Mukendi Wa-Kalonji,146012,ED,COLO STATE,3,4,0,,0,0,144,0,0,60.7,57.3,21.3,56.0,60.9,67.0,0,1,0,0,,10.0,1,0,1,0.0,0,0,0,0,0,0,110,110,0,18,43,49,0,0,53,57,0,4,5,0,0,1,0,0,0,
Langston Williams,146013,CB,DOMINION,3,0,0,100.0,0,0,263,0,0,64.9,65.9,73.7,,64.1,74.2,0,0,0,0,11.0,0.0,0,0,0,122.9,3,0,0,0,26,14,28,0,0,0,0,0,0,28,0,14,0,1,1,0,3,0,1,12,7,4.0
Grady Kelly,146014,DI,MICH STATE,11,3,2,,0,0,223,1,0,53.8,62.1,84.4,59.2,65.8,51.3,2,6,0,0,,18.2,4,0,0,0.0,0,2,0,3,0,6,394,390,55,305,7,23,0,4,238,150,0,11,15,3,0,10,0,0,0,
Phoenix Jackson,146040,LB,BAYLOR,3,3,0,100.0,0,0,118,0,0,50.1,56.5,79.0,57.2,64.0,61.2,0,3,0,0,28.0,21.4,3,0,1,118.8,2,0,0,58,1,21,68,5,0,0,5,0,0,63,10,37,4,5,8,0,2,3,0,37,12,18.5
Al'zillion Hamilton,146042,CB,FRESNO ST,12,7,0,52.3,1,0,169,0,0,78.1,77.4,52.2,58.4,72.8,74.2,0,0,0,4,54.0,10.0,4,4,5,55.6,23,0,0,44,642,402,724,22,0,0,22,0,6,702,3,319,9,12,29,4,44,0,3,265,90,11.5
Julian Neal,146043,CB,ARKANSAS,12,9,0,56.3,1,0,111,0,0,76.5,79.5,52.9,83.2,85.9,84.2,0,2,0,2,38.0,7.3,4,8,4,82.5,27,1,0,63,687,386,771,6,0,0,6,0,0,765,6,379,15,11,42,2,48,3,3,346,127,12.8
Rolan Fullwood,146051,T,FRESNO ST,1,0,0,,0,0,169,0,0,,59.8,60.0,,60.0,,0,0,0,0,,,0,0,3,0.0,0,0,0,0,0,0,2,0,0,0,0,0,0,2,0,2,0,0,0,0,0,0,0,0,0,
Tariq Jones,146073,ED,HAWAII,10,6,1,0.0,1,0,180,0,0,62.2,65.2,59.3,69.3,59.7,58.2,3,13,0,0,,16.7,4,0,1,39.6,0,2,0,9,0,14,313,304,0,1,271,32,0,9,153,146,0,8,14,1,1,18,0,0,0,
Drue Watts,146094,LB,MEMPHIS,12,19,1,74.4,0,1,218,1,0,53.1,58.0,43.6,60.3,62.8,40.8,12,19,0,0,52.0,24.7,24,1,2,94.6,29,2,0,402,0,306,764,169,0,0,169,0,5,595,94,364,186,36,54,6,39,33,0,286,179,9.9
Dion Washington,146096,DI,BOISE ST,11,9,0,,0,0,120,0,0,59.6,62.2,54.8,56.0,66.7,51.3,0,6,0,0,,15.0,3,0,1,0.0,0,1,0,0,0,2,289,288,36,232,0,20,0,1,145,142,0,7,8,2,0,7,0,0,0,
Richard Toney Jr.,146097,S,PURDUE,3,1,0,,0,0,273,0,0,63.0,65.0,72.7,58.9,65.7,79.5,0,0,0,0,,0.0,0,0,0,0.0,0,0,0,7,0,10,18,0,0,0,0,0,9,18,1,7,2,0,2,0,0,0,0,0,0,
Benji Johnson,146106,LB,LA TECH,3,2,0,100.0,0,0,208,0,0,58.9,59.7,74.8,54.9,63.4,82.7,0,1,0,0,7.0,0.0,0,0,0,95.8,1,0,0,26,0,11,37,6,0,0,6,0,0,31,10,16,5,3,6,0,1,1,0,7,0,7.0
Luke Wysong,146110,WR,ARIZONA,1,0,0,,0,0,109,0,0,,60.1,60.0,,60.0,,0,0,0,0,,,0,0,0,0.0,0,0,0,0,0,0,1,0,0,0,0,0,0,1,0,1,0,0,0,0,0,0,0,0,0,
AJ Odums,146129,CB,NEVADA,11,10,0,56.4,1,0,239,0,0,84.6,81.7,0.0,51.2,74.3,79.6,0,0,0,0,41.0,9.4,5,7,5,79.8,22,0,0,49,613,379,696,7,0,0,7,0,16,689,4,313,10,5,38,1,39,0,1,207,82,9.4
Alec Marenco,146136,LB,WAKE,6,0,0,100.0,0,0,339,0,0,75.5,64.1,76.1,56.9,48.4,64.0,0,0,0,0,8.0,16.7,1,0,0,84.7,3,0,0,38,0,23,51,7,0,0,7,0,0,44,2,26,5,5,5,0,3,0,0,13,16,4.3
Noah Avinger,146141,S,UTAH ST,12,17,1,50.8,0,1,329,1,0,86.7,78.4,87.4,57.5,54.3,58.1,1,2,0,3,66.0,17.9,17,6,0,69.5,33,1,0,295,349,494,897,17,0,0,17,0,138,880,15,388,97,21,61,3,65,4,4,371,92,11.2
Darrion Dalton,146142,DI,WASH STATE,12,5,0,,0,0,341,0,0,61.3,63.6,59.2,64.4,61.6,31.9,1,10,0,0,,24.0,6,0,1,0.0,0,2,0,0,0,0,363,363,8,326,5,24,0,0,190,173,0,9,14,1,0,13,0,0,0,
Dominic Oliver,146147,ED,W KENTUCKY,12,2,0,42.9,0,0,346,0,0,53.2,68.0,88.1,66.0,72.0,73.3,0,8,0,0,29.0,12.5,2,0,0,64.0,3,3,0,17,1,29,263,230,0,0,226,4,0,33,143,91,15,14,12,1,7,11,0,44,26,14.7
Brady Anderson,146150,LB,S DIEGO ST,11,4,0,75.0,0,0,284,0,0,69.8,73.9,0.0,62.5,78.7,87.4,1,0,0,0,14.0,0.0,0,0,2,87.5,3,0,0,72,1,39,91,1,0,0,1,0,0,90,4,48,16,7,14,0,4,1,0,22,19,7.3
Zyrus Fiaseu,146160,LB,ARIZONA ST,4,4,1,100.0,0,0,110,1,0,56.9,61.5,79.8,68.0,66.7,45.9,0,1,0,0,19.0,27.3,3,1,0,142.0,7,0,0,74,1,63,101,8,0,0,8,0,0,93,5,33,18,1,4,0,7,1,1,60,52,8.6
DJ Herman,146162,LB,S DIEGO ST,9,3,0,100.0,0,0,284,0,0,58.1,68.1,78.1,63.7,79.1,33.6,0,2,0,0,4.0,28.6,4,0,0,83.3,2,0,0,47,0,36,69,1,0,0,1,0,0,68,5,28,20,4,7,0,2,2,0,8,0,4.0
Jalen Apalit-Williams,146175,S,S JOSE ST,11,10,0,73.3,0,1,285,1,0,36.6,50.9,9.6,61.5,78.8,65.8,0,1,0,1,83.0,17.5,11,4,3,134.7,22,0,0,285,2,311,653,2,0,0,2,0,309,651,5,337,55,10,42,0,30,1,3,531,200,24.1
Jalen Bainer,146176,CB,S JOSE ST,12,0,0,63.2,1,0,285,0,0,66.1,67.4,84.3,60.0,69.1,56.4,0,1,0,3,68.0,14.3,7,4,2,94.5,36,1,0,100,597,334,702,1,0,0,1,0,1,701,6,362,3,14,42,0,57,2,4,524,161,14.6
Nate Lewis,146177,ED,S JOSE ST,6,1,0,,0,0,285,0,0,61.0,59.3,76.8,55.6,56.2,76.0,0,0,0,0,,0.0,0,0,0,0.0,0,0,0,0,0,0,44,44,0,1,24,19,0,0,22,22,0,2,3,0,0,0,0,0,0,
Tre Smith,146179,ED,ARIZONA,4,2,1,100.0,0,0,109,1,0,71.8,79.0,83.5,70.1,77.4,68.1,0,3,0,0,7.0,11.1,1,0,0,95.8,1,0,0,1,0,4,144,143,0,4,135,4,0,1,74,66,0,5,6,1,1,3,0,7,8,7.0
Bryun Parham,146184,LB,UCONN,12,23,0,88.6,0,2,146,2,0,70.7,81.4,85.0,82.1,78.5,87.1,1,10,0,1,27.0,7.9,10,1,0,86.3,31,12,0,519,1,256,739,92,0,0,92,0,4,647,127,356,123,58,94,7,35,23,0,265,169,8.5
Kilinahe Mendiola-Jensen,146198,S,HAWAII,12,3,0,47.6,0,0,180,0,0,71.8,73.7,89.6,,75.7,64.6,0,0,0,2,42.0,12.5,5,2,0,35.7,10,0,0,198,1,377,589,7,0,0,7,0,277,582,0,212,106,7,32,0,21,0,0,169,62,16.9
Marsel McDuffie,146212,LB,UNLV,12,26,1,65.8,0,0,325,2,0,57.2,68.9,86.6,69.5,73.8,80.5,2,4,0,2,84.0,8.7,8,2,0,94.5,25,2,0,623,0,359,684,9,0,0,9,0,5,675,44,281,44,30,58,3,38,8,3,303,229,12.1
Ike Larsen,146222,S,UTAH ST,7,5,2,60.0,0,0,329,0,0,65.9,69.6,37.2,83.3,73.0,53.6,0,2,0,0,43.0,14.8,8,2,1,103.9,15,0,0,208,3,296,505,7,0,0,7,0,193,498,5,204,92,16,41,2,25,2,2,151,73,10.1
Sione Moa,146226,LB,UCONN,1,0,0,,0,0,146,0,0,,64.3,66.1,,62.2,,0,0,0,0,,,0,0,0,0.0,0,0,0,3,0,0,3,0,0,0,0,0,0,3,0,3,0,0,0,0,0,0,0,0,0,
Bo Maile,146227,DI,UTAH ST,12,4,0,,0,0,329,0,0,56.3,52.2,80.7,53.0,56.3,77.7,0,2,0,0,,0.0,0,0,0,0.0,0,0,0,0,0,8,216,216,0,62,21,133,0,0,102,106,0,1,3,1,0,2,0,0,0,
Dalton Johnson,146252,S,ARIZONA,12,31,1,55.6,0,1,109,0,0,88.6,84.8,89.9,74.9,71.8,71.0,0,0,0,4,33.0,13.5,15,5,2,37.8,25,1,0,271,3,389,771,16,0,0,16,0,247,755,9,373,233,26,65,1,45,1,1,206,85,8.2
Isaiah Taylor,146255,CB,MIAMI FL,7,1,1,66.7,0,0,220,0,0,59.1,61.3,79.8,61.2,64.9,57.6,0,0,0,0,21.0,20.0,2,0,0,102.1,2,0,0,14,0,34,72,0,0,0,0,0,1,72,10,28,57,5,7,3,3,0,0,32,7,16.0
Evan Branch-Haynes,146264,DI,BOWL GREEN,12,10,2,,0,0,122,0,0,60.6,63.3,65.7,57.7,66.1,52.7,3,4,0,0,,15.8,6,0,1,0.0,0,1,0,1,0,0,467,466,104,339,12,11,0,1,237,230,0,18,22,1,0,8,0,0,0,
George Hart III,146269,HB,W KENTUCKY,1,0,0,,0,0,346,0,0,60.0,62.4,60.0,,,,0,0,0,0,,,0,0,0,0.0,0,0,0,0,0,1,1,0,0,0,0,0,0,1,0,0,0,0,0,0,0,0,0,0,0,
Ezra Dotson-Oyetade,146270,C,TEXAS ST,1,0,0,,0,0,314,0,0,,60.7,67.8,60.0,60.0,,0,0,0,0,,,0,0,0,0.0,0,0,0,0,0,0,2,2,2,0,0,0,0,0,1,1,0,0,0,0,0,0,0,0,0,
RJ Regan,146275,S,FRESNO ST,3,0,0,100.0,0,0,169,0,0,55.9,58.5,72.3,,62.1,77.4,0,0,0,0,9.0,0.0,0,0,0,104.2,1,0,0,4,0,9,14,0,0,0,0,0,8,14,0,5,2,0,2,0,1,0,0,9,4,9.0
Eric Gentry,146280,LB,USC,12,21,2,76.9,0,3,326,0,0,72.1,72.0,86.9,71.5,67.5,57.4,2,6,0,0,17.0,17.2,15,2,0,88.8,20,3,0,462,3,298,668,93,0,0,93,0,0,575,56,314,110,34,51,4,26,11,0,141,128,7.1
Gharin Stansbury,146281,ED,JVILLE ST,12,8,0,66.7,0,1,196,0,0,52.7,64.3,86.1,59.5,68.8,72.0,1,14,0,0,27.0,8.7,2,1,0,102.1,2,1,0,10,0,24,356,338,0,21,232,85,0,18,172,160,7,13,13,1,3,16,0,32,17,16.0
Hunter Barth,146299,LB,STANFORD,12,8,0,82.6,0,0,300,1,0,47.8,55.1,40.2,62.9,63.5,27.3,1,7,0,0,15.0,36.7,18,1,1,104.9,19,2,0,294,0,209,376,51,0,0,51,0,0,325,39,128,30,18,23,2,23,10,1,131,117,6.9
Kaleb Elarms-Orr,146306,LB,TCU,12,35,0,72.4,0,0,305,0,0,72.7,82.5,64.9,67.0,87.8,87.1,4,17,0,0,30.0,6.4,8,2,1,103.1,21,4,0,654,0,344,831,116,0,0,116,0,0,715,126,361,60,46,82,5,29,25,1,203,146,9.7
Myles Williams,146308,ED,NEVADA,9,0,0,0.0,0,0,239,0,0,52.3,67.1,82.9,63.6,70.2,51.6,0,1,0,0,,33.3,1,0,0,39.6,0,1,0,1,0,8,102,100,0,0,94,6,0,2,34,60,1,2,2,0,1,2,0,0,0,
Derek Wilkins,146310,DI,CAL,10,2,8,100.0,1,0,130,0,0,61.7,53.4,21.9,67.4,46.6,29.6,1,7,0,0,-4.0,37.5,6,0,2,79.2,1,0,0,0,0,0,253,253,1,190,13,49,0,0,120,133,0,6,8,0,1,8,0,-4,3,-4.0
Tyrin Taylor,146322,CB,JVILLE ST,12,5,0,43.6,1,0,196,0,0,62.7,62.4,51.3,54.8,63.3,48.1,0,2,0,0,39.0,22.2,8,3,6,80.6,17,0,0,43,641,417,743,3,0,0,3,0,14,740,11,315,41,5,23,0,39,2,2,235,72,13.8
Trevor Woods,146324,S,JVILLE ST,12,16,0,74.2,0,3,196,0,0,74.3,77.2,44.1,60.1,82.5,87.3,0,0,0,1,22.0,6.0,5,3,1,90.5,23,0,0,197,4,375,681,17,0,0,17,0,348,664,8,298,114,9,62,1,31,0,1,218,108,9.5
Ryan Williams,146328,DI,MO STATE,10,5,0,,0,0,230,0,0,,48.7,0.0,56.9,50.9,64.2,0,3,0,0,,6.7,1,0,4,0.0,0,1,0,0,0,0,314,314,8,293,0,13,0,0,185,129,0,7,9,0,0,4,0,0,0,
Tyas Martin,146330,DI,MARSHALL,12,3,0,,0,1,214,0,0,69.7,57.3,51.8,55.7,57.2,69.3,0,3,0,0,,7.7,1,0,1,0.0,0,1,0,0,0,1,251,251,145,60,9,37,0,0,135,115,0,8,9,1,0,4,0,0,0,
Trent Walker,146340,WR,OREGON ST,2,0,0,,0,0,265,0,0,60.0,55.2,60.0,,60.0,,0,0,0,0,,,0,0,0,0.0,0,0,0,0,0,1,2,0,0,0,0,0,0,2,0,1,0,0,0,0,0,0,0,0,0,
Gabe Milbourn,146345,TE,OREGON ST,1,0,0,,0,0,265,0,0,,60.0,60.0,,60.0,,0,0,0,0,,,0,0,0,0.0,0,0,0,0,0,0,1,0,0,0,0,0,0,1,0,1,0,0,0,0,0,0,0,0,0,
Skyler Thomas,146351,S,OREGON ST,12,10,0,36.0,0,0,265,0,0,62.2,65.3,85.7,65.0,67.2,60.2,0,4,0,1,20.0,17.4,16,2,0,31.4,9,1,0,434,5,344,666,7,0,0,7,0,140,659,16,306,79,21,66,1,25,5,0,96,50,10.7
Jack Kane,146353,S,RICE,10,13,0,64.3,1,0,275,0,0,61.0,59.8,85.3,65.3,54.8,54.7,0,0,0,1,19.0,20.8,11,2,1,85.1,9,0,0,142,3,223,404,3,0,0,3,0,159,401,4,177,97,7,29,0,14,0,3,66,27,7.3
David Kasemervisz,146367,WR,RICE,1,0,0,,0,0,275,0,0,,60.0,60.0,,60.0,,0,0,0,0,,,0,0,0,0.0,0,0,0,0,0,0,1,0,0,0,0,0,0,1,0,1,0,0,0,0,0,0,0,0,0,
Jimmy Wyrick,146370,S,UTSA,12,6,0,48.1,1,1,331,2,0,77.9,75.4,87.4,,66.6,71.6,0,0,0,0,41.0,13.6,9,7,4,85.1,13,0,0,223,20,358,636,2,0,0,2,0,300,634,0,278,91,13,51,0,27,0,1,198,45,15.2
Ese Dubre,146374,ED,STANFORD,10,3,0,100.0,0,1,300,1,0,62.0,86.3,83.1,71.9,90.7,81.2,1,10,0,0,4.0,10.0,1,0,0,83.3,1,2,0,2,0,4,122,119,0,27,87,5,0,3,73,45,0,4,6,0,1,13,0,4,2,4.0
Mitch Leigber,146375,S,STANFORD,11,7,0,73.9,0,0,300,0,0,51.5,54.7,30.8,63.0,64.0,59.6,1,0,0,0,75.0,18.8,9,3,1,144.7,17,0,0,164,2,310,529,3,0,0,3,0,300,526,8,211,59,8,32,3,23,1,2,299,111,17.6
Wilfredo Aybar,146378,ED,STANFORD,9,11,0,100.0,0,0,300,1,1,54.6,54.4,64.1,50.8,60.6,56.2,1,6,0,0,11.0,20.0,6,0,1,110.4,2,0,0,4,0,31,379,358,0,36,289,33,0,21,194,154,17,6,13,1,2,7,0,21,22,10.5
Anthony Franklin,146379,DI,STANFORD,12,3,1,,0,0,300,0,0,60.0,51.9,32.3,57.6,50.8,51.2,1,4,0,0,,20.0,2,0,2,0.0,0,1,0,1,0,0,324,323,77,207,1,38,0,1,186,138,0,3,5,1,0,6,0,0,0,
Zach Buckey,146383,DI,STANFORD,10,2,1,,0,0,300,0,0,56.6,56.8,81.8,57.8,56.5,27.5,1,4,0,0,,40.0,4,0,0,0.0,0,0,0,1,0,1,181,180,43,101,7,29,0,1,100,80,0,3,4,1,0,5,0,0,0,
Antoine Campbell Jr.,146404,ED,KENT STATE,12,4,1,,0,2,201,0,0,58.7,59.7,65.0,63.7,56.1,38.3,3,11,0,0,,28.0,7,0,1,0.0,0,3,0,0,0,11,401,401,0,12,307,82,0,0,190,200,0,12,14,1,0,17,0,0,0,
Tiaoalii Savea,146408,DI,ARIZONA,9,9,0,100.0,0,0,109,0,0,59.5,64.6,38.8,61.2,67.7,70.0,4,5,0,0,3.0,6.9,2,0,2,79.2,1,2,0,5,0,4,372,367,129,200,27,11,0,5,184,184,0,13,18,2,1,11,0,3,6,3.0
Michael Jackson III,146412,WR,PURDUE,1,0,0,,0,0,273,0,0,,60.1,60.0,,60.0,,0,0,0,0,,,0,0,1,0.0,0,0,0,0,0,0,1,0,0,0,0,0,0,1,0,1,0,0,0,0,0,0,0,0,0,
Joseph Manjack IV,146413,WR,TCU,1,0,0,,0,0,305,0,0,,60.0,60.0,,60.0,,0,0,0,0,,,0,0,3,0.0,0,0,0,0,0,0,1,0,0,0,0,0,0,1,0,1,0,0,0,0,0,0,0,0,0,
Anthony Beavers,146420,LB,USC,1,1,0,,0,0,326,0,0,64.3,67.3,70.2,,60.0,73.2,0,0,0,0,,0.0,0,0,0,0.0,0,0,0,6,0,6,7,0,0,0,0,0,0,7,0,1,1,0,0,0,0,0,0,0,0,
Xamarion Gordon,146425,S,COAST CAR,12,27,0,71.1,0,0,141,3,0,68.3,73.5,87.5,65.4,76.8,78.5,0,1,0,3,42.0,10.1,10,5,0,91.7,27,0,0,637,0,425,814,2,0,0,2,0,79,812,8,381,96,20,62,2,38,1,3,337,158,12.5
Raesjon Davis,146427,LB,OREGON ST,3,1,0,100.0,0,0,265,0,0,52.0,58.3,80.0,54.9,68.1,42.6,0,2,0,0,39.0,21.4,3,0,0,152.1,10,0,0,110,2,55,131,0,0,0,0,0,0,131,13,63,19,7,10,1,10,2,1,157,99,15.7
Darrien Stewart,146445,CB,UNLV,4,4,0,80.0,0,0,325,0,0,63.1,65.1,79.8,56.1,73.3,84.5,0,0,0,0,41.0,0.0,0,0,0,118.8,4,0,0,4,0,48,72,1,0,0,1,0,2,71,5,19,65,2,6,0,5,0,0,76,34,19.0
Trey Reynolds,146449,LB,UTAH,12,8,0,16.7,0,0,328,0,0,59.5,67.4,83.1,70.7,66.0,54.4,1,8,0,2,9.0,21.4,6,0,0,0.0,1,1,0,155,2,64,208,47,0,0,47,0,1,161,44,100,3,10,14,2,6,10,0,9,1,9.0
Simote Pepa,146457,DI,WASHINGTON,12,3,0,,0,0,340,0,0,60.0,68.4,80.6,57.8,71.7,77.5,0,1,0,0,,0.0,0,0,0,0.0,0,0,0,1,0,0,101,100,63,34,0,3,0,1,53,48,0,4,6,0,0,1,0,0,0,
Davon Banks,146477,S,BOISE ST,4,1,0,41.7,0,0,120,0,0,43.0,45.3,0.0,77.6,52.7,28.9,1,0,0,0,49.0,41.7,5,1,2,97.2,5,0,0,38,2,71,132,8,0,0,8,0,6,124,4,57,78,4,6,1,12,1,1,94,37,18.8
Milton Hopkins Jr.,146484,ED,WASHINGTON,1,0,0,,0,0,340,0,0,,67.5,69.5,66.7,60.0,,1,1,0,0,,,0,0,0,0.0,0,0,0,0,0,0,3,3,0,0,3,0,0,0,2,1,0,0,0,0,0,2,0,0,0,
Jernias Tafia,146499,DI,COLO STATE,12,13,1,,0,1,144,0,0,71.9,56.8,86.0,51.9,56.2,77.3,0,4,0,0,,3.0,1,0,0,0.0,0,0,0,3,0,1,421,416,239,163,5,9,0,5,182,238,0,16,19,1,0,4,0,0,0,
Raam Stevenson,146517,ED,WASH STATE,9,2,0,,0,0,341,1,0,78.3,66.3,84.2,60.6,61.8,29.2,2,9,0,0,,44.4,4,0,0,0.0,0,1,0,6,0,9,221,215,0,2,194,19,0,6,105,107,0,3,3,0,0,12,0,0,0,
Gavin Barthiel,146519,LB,WASH STATE,9,2,0,100.0,0,0,341,0,0,44.7,47.5,76.6,53.2,56.5,26.3,0,1,0,0,14.0,40.0,6,0,0,104.2,6,0,0,54,0,40,78,12,0,0,12,0,1,66,7,31,10,2,7,0,6,1,0,54,24,9.0
Giovanni Iovino,146522,LB,HAWAII,12,7,0,87.5,0,0,180,0,0,45.3,53.7,3.5,72.0,61.8,79.2,2,2,1,1,15.0,3.6,1,0,1,62.5,7,1,0,183,0,89,195,6,0,0,6,0,0,189,12,94,5,11,20,2,8,5,0,68,43,9.7
David Gusta,146524,DI,KENTUCKY,12,4,0,,0,0,202,0,0,68.0,76.3,45.1,69.7,77.8,29.3,2,12,0,0,,27.8,5,0,3,0.0,0,1,0,4,0,0,408,404,258,145,0,1,0,4,216,192,0,8,9,2,0,15,0,0,0,
Sam Carrell,146530,ED,RICE,9,3,1,,0,0,275,0,0,60.0,64.7,77.9,65.4,61.1,75.0,0,0,0,0,,0.0,0,0,0,0.0,0,0,0,1,0,0,83,82,0,16,19,47,0,1,39,44,0,0,0,0,0,0,0,0,0,
Avante Dickerson,146536,CB,ARK STATE,12,2,0,75.0,0,1,113,0,0,77.1,75.9,85.8,58.1,66.2,70.1,0,1,0,2,41.0,12.0,6,4,0,107.2,36,0,0,76,751,430,828,1,0,0,1,0,0,827,2,396,0,9,42,1,48,1,3,451,115,12.5
Brandon Buckner,146539,ED,MIDDLE TN,12,10,1,60.0,1,0,224,0,0,86.6,71.5,69.2,59.1,71.2,73.7,1,11,0,0,9.0,7.9,3,1,1,64.6,3,4,0,19,1,44,442,411,0,0,408,3,0,31,205,193,10,22,25,2,5,16,0,14,14,4.7
Jabril McNeill,146549,ED,TROY,4,1,0,,1,0,318,0,0,,60.8,0.0,65.6,61.8,76.6,0,4,0,0,,0.0,0,0,1,0.0,0,0,0,3,0,0,37,33,0,0,33,0,0,4,28,9,1,2,2,0,0,4,0,0,0,
Jaylin Davies,146551,CB,OKLA STATE,1,1,0,,0,0,262,0,0,62.6,65.5,70.3,,64.0,73.5,0,0,0,0,,0.0,0,0,0,0.0,0,0,0,2,8,3,10,0,0,0,0,0,0,10,0,7,0,0,0,0,0,0,0,0,0,
Keanu Williams,146556,DI,UCLA,12,17,1,,0,0,324,0,0,60.0,65.8,65.8,58.6,68.2,78.4,0,4,0,0,,2.2,1,0,1,0.0,0,0,0,0,0,0,458,457,59,356,1,41,0,1,202,256,0,14,28,0,0,4,0,0,0,
Terrell Tilmon,146564,ED,TEXAS TECH,11,1,0,100.0,0,0,315,0,0,76.0,64.9,86.3,57.0,62.5,61.0,2,3,0,0,2.0,12.5,1,0,0,79.2,2,1,0,1,0,19,191,190,0,0,190,0,0,1,94,78,0,5,6,1,2,6,0,0,1,0.0
Christian Leary,146589,WR,W MICHIGAN,1,0,0,,0,0,347,0,0,,60.0,60.0,,60.0,,0,0,0,0,,,0,0,1,0.0,0,0,0,0,0,0,1,0,0,0,0,0,0,1,0,1,0,0,0,0,0,0,0,0,0,
Keanu Koht,146605,ED,VANDERBILT,12,2,1,50.0,1,0,333,0,0,44.2,45.9,38.6,64.7,35.0,51.3,2,3,0,0,41.0,20.0,1,0,1,135.4,1,1,0,4,0,13,165,157,0,0,155,2,0,8,90,62,4,3,2,0,2,6,1,41,36,41.0
Brylan Lanier,146606,S,MISS STATE,12,9,0,63.4,0,0,227,0,0,60.2,59.7,85.0,68.1,55.9,57.9,0,0,0,3,62.0,16.7,12,1,1,75.5,26,1,0,299,15,321,609,4,0,0,4,0,128,605,9,279,163,16,51,1,41,1,2,342,120,13.2
DeVonta Smith,146607,CB,NOTRE DAME,8,2,0,57.7,0,0,258,1,0,72.2,72.4,86.6,47.6,72.5,75.6,0,1,0,0,20.0,9.1,2,3,2,71.0,15,0,0,25,26,179,287,21,0,0,21,0,8,266,4,104,207,8,18,1,26,1,0,130,53,8.7
Deontae Lawson,146608,LB,ALABAMA,13,20,1,83.3,0,2,103,2,0,70.2,78.3,86.5,58.0,85.3,60.7,0,11,0,0,37.0,16.1,15,2,0,115.8,25,1,0,514,0,264,591,55,0,0,55,0,5,536,91,236,17,38,58,4,30,12,2,194,131,7.8
Ian Jackson,146609,LB,UTSA,8,1,0,,0,0,331,0,0,65.2,59.0,75.4,55.0,55.5,83.0,0,1,0,0,,0.0,0,0,0,0.0,0,0,0,42,0,15,46,1,0,0,1,0,0,45,4,27,3,4,8,1,0,1,0,0,0,
Kendrick Blackshire,146610,LB,UTSA,11,11,0,77.3,0,0,331,0,0,35.4,54.3,80.7,55.4,71.6,58.7,1,9,1,1,36.0,19.4,13,0,0,106.1,17,1,0,342,0,164,393,2,0,0,2,0,0,391,30,199,49,21,43,1,22,11,1,229,140,13.5
Damon Payne,146611,DI,MICHIGAN,12,9,0,,1,0,222,0,0,,63.6,57.6,58.0,66.8,81.4,1,3,0,0,,0.0,0,0,1,0.0,0,0,0,2,0,0,316,314,87,204,6,17,0,2,163,153,0,10,13,1,0,4,0,0,0,
Colin Bryant,146613,LB,S CAROLINA,1,0,0,,0,0,289,0,0,,60.0,60.0,,60.0,,0,0,0,0,,,0,0,0,0.0,0,0,0,0,0,0,1,0,0,0,0,0,0,1,0,1,0,0,0,0,0,0,0,0,0,
Anquin Barnes Jr.,146615,DI,COLORADO,11,4,0,,0,0,143,0,0,60.0,59.8,0.0,66.5,64.9,67.3,1,4,0,0,,7.1,2,0,7,0.0,0,0,0,0,0,0,360,360,161,199,0,0,0,0,120,240,0,14,22,0,0,5,0,0,0,
Monkell Goodwine,146616,DI,S CAROLINA,12,14,1,100.0,0,1,289,0,0,66.1,64.4,66.6,60.3,64.0,63.8,3,10,0,0,2.0,8.9,4,0,1,79.2,1,0,0,1,0,2,508,507,49,428,3,27,0,1,261,245,0,21,27,2,1,13,0,2,5,2.0
Tim Keenan III,146617,DI,ALABAMA,10,5,1,,0,1,103,2,0,55.6,68.8,84.5,62.9,71.1,60.3,0,6,0,0,,20.0,3,0,0,0.0,0,3,0,3,0,1,319,316,153,161,1,1,0,3,169,149,0,7,7,0,0,9,0,0,0,
Keuan Parker,146636,CB,TULSA,2,0,0,100.0,0,0,320,0,0,31.1,31.6,69.4,,60.0,75.1,0,0,0,0,29.0,0.0,0,0,0,118.8,2,0,0,0,0,3,5,0,0,0,0,0,0,5,0,2,4,0,1,0,2,0,0,37,9,18.5
Cameron Ball,146644,DI,ARKANSAS,11,5,0,,0,0,111,0,0,72.1,70.6,85.7,64.4,68.8,57.3,3,18,0,0,,9.7,3,0,0,0.0,0,0,0,0,0,0,583,582,76,343,6,157,0,1,309,274,0,17,23,4,0,21,0,0,0,
Ahmari Harvey,146674,CB,GA TECH,9,4,0,40.6,1,0,176,0,0,80.2,75.5,0.0,65.8,58.5,73.4,1,0,0,0,36.0,12.5,4,5,2,53.6,13,1,0,43,381,234,442,6,0,0,6,0,2,436,8,200,10,12,24,2,32,2,0,136,22,10.5
Lee Hunter,146676,DI,TEXAS TECH,12,9,0,,1,0,315,0,0,71.4,80.0,26.4,74.3,81.6,63.6,4,19,0,0,,13.8,4,0,3,0.0,0,2,0,1,0,0,421,420,149,255,4,12,0,1,279,142,0,16,16,6,0,25,0,0,0,
Ian Mathews,146679,ED,GA STATE,9,2,2,,0,0,175,0,0,59.3,59.4,49.6,61.4,60.8,53.3,1,4,0,0,,12.5,2,0,1,0.0,0,0,0,0,0,0,231,231,1,29,141,60,0,0,113,118,0,4,12,2,0,5,0,0,0,
Scooby Williams,146701,LB,TEXAS A&M,7,5,0,33.3,0,1,312,0,0,73.2,78.9,81.4,87.3,69.7,56.2,0,3,0,1,6.0,15.0,3,0,0,2.8,2,1,0,127,2,74,165,20,0,0,20,0,0,145,19,72,16,10,12,3,6,4,0,3,8,1.5
Jordan Young,146705,CB,ARKANSAS,11,6,0,48.8,0,1,111,0,0,47.6,53.7,37.1,46.0,79.0,59.7,2,2,0,1,45.0,18.2,6,5,5,75.6,21,0,0,63,2,230,421,16,0,0,16,0,4,405,11,180,336,5,21,0,43,4,2,279,157,13.3
Chief Borders,146707,ED,UNLV,12,5,0,100.0,1,1,325,1,0,66.3,71.1,37.2,69.6,71.2,50.6,6,18,0,0,15.0,18.5,5,0,3,118.8,1,2,0,7,0,15,508,498,0,1,479,18,0,10,294,199,2,14,17,3,1,26,0,15,13,15.0
Chris Thomas,146708,DI,SYRACUSE,12,1,0,,0,0,304,0,0,59.6,56.6,79.3,60.1,54.7,76.1,1,2,0,0,,0.0,0,0,0,0.0,0,0,0,1,0,1,108,107,18,89,0,0,0,1,48,59,0,4,5,1,0,3,0,0,0,
Justus Boone,146709,ED,ARKANSAS,12,4,0,,0,1,111,0,0,35.8,54.5,45.8,55.8,61.6,57.9,3,8,0,0,,17.9,5,0,2,0.0,0,2,0,3,0,5,444,441,1,107,211,122,0,3,229,210,0,10,19,1,0,13,0,0,0,
Nyland Green,146720,CB,ARIZONA ST,5,1,0,75.0,0,0,110,0,0,61.1,60.9,76.0,69.9,53.1,38.8,1,0,0,0,32.0,33.3,1,0,0,115.6,3,0,0,8,50,28,59,1,0,0,1,0,0,58,2,29,0,0,1,0,4,1,0,49,26,16.3
David Daniel-Sisavanh,146723,S,TROY,12,12,0,55.6,1,0,318,0,0,52.0,51.9,0.0,80.6,57.6,29.4,0,0,0,0,46.0,32.2,19,2,4,97.8,15,1,0,169,2,334,671,3,0,0,3,0,278,668,0,337,218,7,28,2,27,1,1,240,34,16.0
Xavian Sorey Jr.,146724,LB,ARKANSAS,12,15,2,66.7,0,0,111,0,0,47.2,50.3,0.0,71.0,49.3,43.2,5,15,0,1,26.0,22.1,19,1,6,94.7,14,3,0,404,0,197,719,297,0,0,297,0,2,422,166,356,16,31,52,4,21,23,2,127,89,9.1
Marlin Dean,146729,ED,GA STATE,11,2,0,100.0,0,1,175,0,0,65.2,65.1,11.3,77.3,56.3,65.5,3,12,0,0,8.0,12.5,4,0,4,87.5,3,1,1,3,1,31,414,394,0,0,394,0,0,20,180,203,16,17,26,2,3,16,0,15,12,5.0
Devonte Ross,146735,WR,PENN STATE,1,0,0,,0,0,266,0,0,,60.0,60.0,,60.0,,0,0,0,0,,,0,0,0,0.0,0,0,0,0,0,0,1,0,0,0,0,0,0,1,0,1,0,0,0,0,0,0,0,0,0,
La'Vell Wright,146736,HB,W KENTUCKY,1,0,0,,0,0,346,0,0,,60.0,60.0,60.0,,,0,0,0,0,,,0,0,0,0.0,0,0,0,0,0,0,1,0,0,0,0,0,0,1,1,0,0,0,0,0,0,0,0,0,0,
Jordan Lovett,146745,S,KENTUCKY,9,6,0,78.9,0,0,202,0,0,52.2,55.9,85.7,46.2,64.8,52.9,0,3,0,2,55.0,21.2,11,0,0,110.2,15,0,0,165,1,247,481,4,0,0,4,0,252,477,8,226,59,11,35,3,19,3,2,219,90,14.6
Kahlil Saunders,146752,DI,KENTUCKY,12,9,0,,0,0,202,0,0,60.5,66.3,21.0,67.6,66.4,55.3,4,18,0,0,,16.7,5,0,3,0.0,0,3,0,3,0,0,392,389,36,223,13,117,0,3,205,187,0,14,16,2,0,25,0,0,0,
Jamarius Dinkins,146753,DI,PURDUE,6,2,0,,0,0,273,0,0,,54.5,77.3,59.1,52.5,45.1,0,2,0,0,,25.0,1,0,0,0.0,0,0,0,0,0,0,52,52,17,33,0,2,0,0,27,25,0,1,1,1,0,2,0,0,0,
Sage Ryan,146776,S,OLE MISS,13,8,0,71.9,0,0,226,0,0,63.5,62.5,45.8,66.2,59.5,54.0,0,2,0,0,18.0,20.5,8,4,2,125.4,23,1,0,125,0,337,588,4,0,0,4,0,243,584,5,246,216,12,23,0,32,3,4,183,78,8.0
Zavier Carter,146777,ED,GA STATE,7,3,0,100.0,0,0,175,0,0,63.4,65.1,84.3,64.4,62.0,82.8,0,1,0,0,9.0,0.0,0,0,0,104.2,1,0,0,3,0,10,116,107,0,0,107,0,0,9,44,62,4,3,7,2,1,1,0,9,6,9.0
Damarius McGhee,146778,CB,FAU,11,6,0,47.4,0,0,165,1,1,69.9,68.2,83.1,,59.0,51.4,0,0,0,0,14.0,20.9,9,4,1,72.3,9,0,0,36,371,202,412,2,0,0,2,0,1,410,0,210,2,8,28,0,19,0,1,60,28,6.7
Gabe Leonards,146793,LB,LSU,1,0,0,,0,0,211,0,0,60.2,73.3,67.5,63.3,,,0,0,0,0,,,0,0,0,0.0,0,0,0,3,0,2,3,0,0,0,0,0,0,3,1,0,0,0,0,0,0,0,0,0,0,
Bryce Langston,146795,DI,FAU,11,5,0,,0,0,165,0,0,58.4,61.0,61.2,59.5,62.5,32.5,5,14,0,0,,22.6,7,0,1,0.0,0,1,0,1,0,0,409,408,2,224,43,139,0,1,223,186,0,14,19,3,0,20,0,0,0,
Demarko Williams,146825,CB,W KENTUCKY,7,3,0,50.0,0,0,346,0,0,66.0,65.2,87.2,74.1,54.4,49.2,1,2,0,0,71.0,28.0,7,1,2,88.5,12,0,0,26,4,178,301,16,0,0,16,0,6,285,9,114,249,7,15,0,24,3,1,178,118,14.8
Kyndrich Breedlove,146827,CB,ARIZONA ST,12,7,0,75.0,0,1,110,0,0,65.4,67.4,86.8,66.6,70.1,54.3,0,1,0,0,90.0,18.2,8,4,0,115.4,30,0,0,104,2,332,554,7,0,0,7,0,9,547,12,210,432,14,29,3,40,1,1,408,269,13.6
Taleeq Robbins,146829,DI,TROY,12,8,1,,0,1,318,1,1,63.1,64.0,83.6,56.0,65.4,64.6,0,9,0,0,,8.6,3,0,0,0.0,0,1,0,2,0,1,381,379,7,285,23,64,0,2,182,198,0,15,24,3,0,10,0,0,0,
Demarcus Smith,146830,DI,UAB,5,1,0,,0,0,321,0,0,61.7,76.0,78.1,72.0,70.5,27.2,2,3,0,0,,33.3,2,0,0,0.0,0,0,0,0,0,0,89,89,2,66,5,16,0,0,46,43,0,2,3,0,0,5,0,0,0,
Tywone Malone Jr.,146832,DI,OHIO STATE,11,7,2,,0,0,260,0,0,58.1,68.0,49.6,58.1,76.0,59.5,0,6,0,0,,7.4,2,0,1,0.0,0,0,0,0,0,0,258,258,1,232,1,24,0,0,140,118,0,12,18,0,0,6,0,0,0,
JJ Hawkins,146833,ED,SO MISS,12,6,0,,0,2,296,0,0,63.6,67.3,31.0,69.7,65.0,45.1,5,13,0,0,,28.6,6,0,2,0.0,0,3,1,3,0,11,338,335,0,48,225,62,0,3,165,162,0,12,9,2,0,21,0,0,0,
John Lewis,146852,LB,W VIRGINIA,5,2,1,75.0,0,0,343,0,0,69.6,73.9,80.6,73.0,67.1,69.4,2,5,0,0,4.0,18.2,2,0,0,77.1,3,2,0,49,2,30,105,17,0,0,17,0,0,88,25,50,37,6,7,1,4,9,0,6,5,2.0
Nic Mitchell,146854,LB,MISS STATE,12,19,0,82.1,0,0,227,1,0,58.8,63.5,49.3,68.0,65.5,70.1,3,6,0,1,38.0,12.3,8,0,1,88.8,23,2,0,393,1,216,536,38,0,0,38,0,1,498,48,272,103,25,38,3,28,11,1,169,94,7.3
Ty Cooper,146856,ED,TULSA,12,10,1,100.0,0,0,320,0,0,79.2,66.4,66.1,63.7,61.5,56.6,1,6,0,0,4.0,13.0,3,0,1,83.3,2,3,0,15,4,16,386,365,0,3,360,2,0,21,172,198,2,9,10,3,2,10,0,8,19,4.0
Eldric Griffin,146859,S,LIBERTY,11,6,0,33.3,0,0,206,0,0,69.9,67.7,81.3,56.6,63.8,64.9,0,0,0,1,8.0,11.8,2,0,0,2.8,2,0,0,78,0,100,177,25,0,0,25,0,47,152,5,72,26,6,9,1,6,0,0,13,13,6.5
Deonte Anderson,146861,ED,MISS STATE,12,4,0,,0,0,227,0,0,65.6,58.0,15.5,59.8,57.8,41.9,1,6,0,0,,25.0,4,0,2,0.0,0,1,0,0,0,1,210,210,0,2,101,107,0,0,93,116,0,4,8,0,0,8,0,0,0,
Dameon Wilson,146884,LB,E CAROLINA,11,17,0,77.3,0,0,156,0,0,30.4,47.1,43.6,50.9,66.0,37.4,1,7,0,0,16.0,25.0,17,0,2,117.4,17,1,0,414,0,215,471,20,0,0,20,0,3,451,54,202,34,23,34,7,22,9,2,109,78,6.4
Daylan Carnell,146885,CB,MISSOURI,12,4,0,63.4,0,0,229,0,0,70.3,68.5,87.4,53.0,65.1,62.0,0,2,0,1,50.0,16.3,7,4,1,67.4,26,0,0,119,4,298,519,25,0,0,25,0,42,494,17,204,328,18,32,6,41,2,0,223,146,8.6
Travion Ford,146886,DI,TOLEDO,5,1,0,,0,0,316,0,0,,61.6,77.2,51.6,69.9,75.9,0,2,0,0,,0.0,0,0,0,0.0,0,0,0,0,0,0,59,59,2,47,8,2,0,0,38,21,0,4,4,1,0,2,0,0,0,
Zachary Lovett,146889,LB,IOWA STATE,11,3,0,50.0,0,0,193,0,0,60.7,67.1,80.6,57.7,74.0,65.4,0,1,0,0,21.0,11.1,1,0,0,71.9,2,0,0,66,0,47,110,25,0,0,25,0,0,85,13,50,19,3,5,0,4,1,0,27,15,13.5
Darius Jackson,146892,S,TEXAS ST,8,0,0,100.0,0,0,314,0,0,50.9,50.2,0.0,59.6,59.9,48.1,0,0,0,0,25.0,25.0,1,0,1,118.8,3,0,0,22,0,21,65,1,0,0,1,0,30,64,3,41,11,0,3,0,3,0,0,40,39,13.3
Arden Walker,146893,ED,COLORADO,11,12,1,,0,0,143,0,0,72.5,70.4,57.3,72.1,66.0,59.9,5,18,0,0,,12.5,6,0,2,0.0,0,4,1,1,0,8,560,559,0,14,524,21,0,1,230,322,0,23,30,2,0,27,0,0,0,
Jon Jones,146895,ED,UTSA,12,5,3,,0,1,331,0,0,,76.7,81.9,69.3,76.6,63.2,0,9,0,0,,13.3,2,0,0,0.0,0,1,0,1,1,0,240,238,0,67,68,103,0,2,122,118,0,9,8,6,0,10,0,0,0,
Eriq Rice,146910,WR,S CAROLINA,1,0,0,,0,0,289,0,0,,60.0,60.0,,60.0,,0,0,0,0,,,0,0,0,0.0,0,0,0,0,0,0,1,0,0,0,0,0,0,1,0,1,0,0,0,0,0,0,0,0,0,
Kolbe Fields,146919,LB,LA TECH,5,8,0,73.3,0,0,208,0,0,81.6,78.3,83.8,57.1,78.0,76.3,2,4,1,2,17.0,8.6,3,0,0,41.9,11,1,0,189,1,140,297,50,0,0,50,0,0,247,46,111,57,17,24,1,15,7,0,66,50,6.0
Ronnie Porter,146922,LB,APP STATE,6,2,0,66.7,0,0,108,0,0,32.8,46.6,77.2,64.5,69.1,56.5,0,1,0,0,37.0,18.2,2,1,0,96.5,6,0,0,74,0,42,78,1,0,0,1,0,0,77,5,31,3,6,7,1,9,1,0,84,44,14.0
Andrew Colasurdo,146924,LB,S CAROLINA,1,0,0,,0,0,289,0,0,,60.0,60.0,,60.0,,0,0,0,0,,,0,0,0,0.0,0,0,0,0,0,0,1,0,0,0,0,0,0,1,0,1,0,0,0,0,0,0,0,0,0,
Nick Barrett,146926,DI,S CAROLINA,12,6,1,,0,0,289,1,1,57.1,76.2,85.8,60.1,82.9,48.6,1,6,0,0,,16.7,8,0,0,0.0,0,2,0,0,0,3,507,506,70,426,0,10,0,1,250,254,0,28,34,2,0,9,0,0,0,
Christian Charles,146944,S,VIRGINIA,12,13,0,58.3,0,0,335,0,0,88.6,82.8,84.5,74.7,57.6,66.3,3,0,0,0,9.0,15.2,7,5,0,63.5,7,0,0,132,2,194,312,10,0,0,10,0,125,302,10,108,43,9,26,1,12,3,0,37,13,5.3
De'Shawn Rucker,146945,CB,USF,12,9,0,61.2,1,0,327,0,0,69.2,67.6,86.0,60.0,59.6,51.3,0,0,0,1,27.0,19.1,13,4,5,79.8,30,0,0,91,461,380,659,18,0,0,18,0,51,641,2,277,37,15,46,1,49,0,1,334,95,11.1
Jerrod Gentry,146947,S,BUFFALO,2,0,0,,0,0,126,0,0,,60.0,60.0,,60.0,,0,0,0,0,,,0,0,0,0.0,0,0,0,0,0,0,2,0,0,0,0,0,0,2,0,2,0,0,0,0,0,0,0,0,0,
Amari McNeill,146950,DI,COLORADO,9,3,0,,0,1,143,0,0,64.1,81.5,56.4,73.0,80.8,65.6,0,10,0,0,,11.1,3,0,1,0.0,0,1,0,1,0,0,327,326,1,281,2,42,0,1,162,165,0,19,21,3,0,11,0,0,0,
John Howse IV,146966,S,MIDDLE TN,4,2,0,100.0,0,0,224,0,0,65.5,62.0,80.7,76.6,51.4,47.6,1,0,0,0,19.0,23.5,4,0,0,158.3,5,1,0,105,2,103,229,7,0,0,7,0,63,222,3,123,52,7,11,1,5,2,1,64,18,12.8
Miles Capers,146967,ED,VANDERBILT,12,8,2,100.0,0,1,333,1,0,54.6,69.4,31.0,70.2,73.8,67.4,2,25,0,0,18.0,12.9,4,0,3,102.8,9,4,0,13,0,51,468,442,0,0,440,2,0,26,252,165,13,21,19,5,9,31,0,78,34,8.7
Marlen Sewell,146968,S,VANDERBILT,12,8,0,75.0,0,0,333,0,0,69.1,68.4,88.0,68.3,62.9,68.9,0,0,0,0,33.0,14.9,7,2,1,127.1,15,1,0,87,6,299,488,15,0,0,15,0,331,473,5,184,48,11,32,1,20,1,2,140,45,9.3
James Ziglor,146970,CB,KENNESAW,6,0,0,100.0,0,0,200,0,0,48.8,51.1,79.5,57.7,58.1,73.0,0,0,0,0,17.0,0.0,0,0,0,118.8,2,0,0,5,0,9,38,14,0,0,14,0,0,24,3,26,19,1,1,0,2,0,0,27,10,13.5
Devin Lee,146975,DI,USF,12,8,0,,0,0,327,1,0,60.0,72.4,26.6,63.9,78.4,51.6,1,9,0,0,,16.7,4,0,3,0.0,0,1,0,0,0,0,412,412,146,263,0,3,0,0,207,205,0,10,12,3,0,11,0,0,0,
Marcus Bradley,146977,ED,ARK STATE,9,4,0,100.0,0,0,113,0,0,60.1,62.2,80.7,57.0,64.7,69.8,0,0,0,0,18.0,11.1,1,0,0,154.2,2,1,0,2,0,12,81,75,0,2,65,8,0,6,30,39,4,2,4,0,2,1,1,23,21,11.5
Tunmise Adeleye,146982,ED,UNLV,11,7,2,100.0,2,0,325,0,0,70.3,70.5,0.0,77.3,67.0,71.6,3,25,0,0,6.0,8.6,3,0,7,91.7,1,5,0,2,0,6,458,454,5,54,315,80,0,4,278,174,0,22,25,1,1,33,0,6,8,6.0
Marcus Burris Jr.,146987,ED,MEMPHIS,8,0,0,,0,0,218,0,0,60.0,49.8,77.7,56.8,45.9,17.6,0,1,0,0,,100.0,1,0,0,0.0,0,0,0,0,0,1,56,56,0,9,28,19,0,0,32,23,0,0,0,0,0,1,0,0,0,
Tyreek Chappell,146989,CB,TEXAS A&M,13,4,1,67.3,0,0,312,0,0,61.3,63.2,90.7,75.2,63.1,62.6,0,2,0,0,36.0,16.2,6,3,3,92.0,33,1,0,32,9,337,553,47,0,0,47,0,5,506,10,206,460,12,27,1,49,3,1,317,188,9.6
Jardin Gilbert,146997,S,LSU,4,0,0,50.0,0,0,211,0,0,60.4,60.4,75.6,66.9,54.7,33.7,0,2,0,0,8.0,50.0,3,0,0,60.4,1,1,0,22,0,29,53,2,0,0,2,0,17,51,4,20,12,3,3,0,2,3,0,8,4,8.0
Deuce Harmon,146998,CB,SMU,12,5,0,60.5,0,0,287,0,0,75.5,76.2,87.0,58.3,74.5,84.2,1,0,0,0,62.0,5.7,2,6,2,97.3,26,0,0,43,555,444,720,6,0,0,6,0,8,714,7,269,106,2,28,0,43,1,1,383,130,14.7
Elijah Jeudy,147001,DI,NEBRASKA,12,5,0,,1,1,238,0,0,58.3,53.1,12.0,58.5,55.4,72.2,1,8,0,0,,5.6,1,0,4,0.0,0,1,0,1,0,6,419,418,115,265,1,37,0,1,189,224,0,10,12,0,0,10,0,0,0,
Drey Norwood,147007,CB,MISSOURI,12,3,0,46.7,0,0,229,0,0,79.7,80.3,84.1,,76.3,79.3,0,0,0,0,48.0,8.7,2,4,1,103.1,14,0,0,22,415,272,457,2,0,0,2,0,3,455,0,185,15,4,18,1,30,0,3,207,88,14.8
Albert Regis,147009,DI,TEXAS A&M,13,21,2,,0,0,312,0,0,60.9,72.2,28.7,58.0,82.2,58.1,0,12,0,0,,11.5,6,0,3,0.0,0,1,0,0,0,0,469,467,65,397,1,4,0,2,257,212,0,22,25,2,0,13,0,0,0,
Jordan Favors,147032,LB,APP STATE,9,4,0,81.8,0,0,108,0,0,63.6,67.1,11.5,72.7,73.7,70.8,0,2,0,0,19.0,13.0,3,1,1,94.3,9,0,0,96,2,112,210,5,0,0,5,0,2,205,7,91,105,7,16,1,11,2,0,73,46,8.1
Deshawn McKnight,147037,DI,ARIZONA,12,8,0,,0,0,109,0,0,55.5,78.5,86.8,65.4,84.3,60.7,2,10,0,0,,18.2,6,0,0,0.0,0,2,0,2,0,5,424,422,58,230,104,30,0,2,210,209,0,17,19,9,0,14,0,0,0,
Kyle Arnholt,147038,LB,APP STATE,12,12,0,77.8,0,1,108,2,0,37.5,57.1,82.8,54.4,74.2,66.4,1,4,0,0,38.0,12.3,8,0,0,102.8,21,1,0,466,1,236,486,4,0,0,4,0,0,482,23,227,15,24,45,1,27,6,0,234,183,11.1
Dennard Flowers,147062,ED,USF,11,3,0,,1,0,327,0,0,68.9,79.4,24.4,74.6,81.9,71.4,0,18,0,0,,10.5,2,0,3,0.0,0,2,0,0,0,4,394,393,7,68,239,79,0,1,239,151,1,13,14,2,0,20,0,0,0,
Ethan Hassler,147070,ED,ARK STATE,12,14,1,100.0,0,1,113,1,0,55.4,67.2,73.8,68.1,66.9,81.1,3,21,0,0,18.0,8.7,4,0,1,112.5,5,5,0,28,0,49,592,547,0,10,519,18,0,45,247,296,17,25,28,6,5,29,0,55,30,11.0
Tim Hardiman,147074,DI,TULSA,12,5,0,,1,0,320,0,0,61.0,80.4,43.7,74.9,80.6,72.6,4,9,0,0,,5.9,2,0,2,0.0,0,0,0,3,0,0,461,458,21,358,2,77,0,3,230,231,0,18,27,1,0,13,0,0,0,
Dre Pinckney,147095,S,COAST CAR,12,5,0,61.5,0,0,141,1,0,43.4,44.3,85.2,56.8,47.8,39.7,0,0,0,0,57.0,28.6,10,0,0,118.8,8,0,0,149,0,144,290,11,0,0,11,0,115,279,6,140,15,4,20,1,13,0,1,124,36,15.5
Joah Cash,147099,ED,TULSA,5,0,0,,0,0,320,0,0,,62.7,77.9,60.4,62.1,,0,1,0,0,,,0,0,0,0.0,0,0,0,0,0,0,26,26,0,0,26,0,0,0,9,17,0,0,0,0,0,1,0,0,0,
Travis Nesbitt,147103,ED,COAST CAR,12,4,0,,0,0,141,0,0,62.9,66.1,83.3,59.1,65.6,67.8,2,3,0,0,,6.3,1,0,0,0.0,0,0,0,0,0,0,213,213,6,11,155,41,0,0,94,119,0,9,11,1,0,5,0,0,0,
Isaac Walker,147125,ED,JVILLE ST,12,7,0,94.4,0,1,196,0,0,53.0,66.1,89.5,68.8,68.7,80.6,4,16,0,0,15.0,6.7,2,0,0,116.2,17,3,0,34,0,101,471,395,0,0,391,4,4,76,151,219,37,16,21,2,18,23,1,134,68,7.9
Justin Meyers,147126,S,GA SOUTHRN,12,18,0,71.9,0,0,174,0,0,47.7,53.0,48.6,53.5,62.7,90.1,1,3,0,0,74.0,7.2,7,3,2,131.9,23,0,0,320,8,319,649,17,0,0,17,0,259,632,20,310,44,18,72,1,32,4,2,377,168,16.4
Davion Rhodes,147130,ED,GA SOUTHRN,12,7,1,,1,1,174,1,0,69.8,69.1,68.1,60.0,71.1,65.8,2,9,0,0,,8.3,3,0,1,0.0,0,0,0,2,0,6,477,474,0,65,322,87,0,3,225,246,0,21,26,8,0,11,0,0,0,
Dre Washington,147143,HB,ALABAMA,1,0,0,,0,0,103,0,0,,63.1,60.0,,60.0,74.4,0,0,0,0,,0.0,0,0,0,0.0,0,0,0,0,0,0,1,0,0,0,0,0,0,1,0,1,0,1,1,0,0,0,0,0,0,
Terrence Williams,147144,LB,LA LAFAYET,12,16,0,86.2,0,1,207,0,0,56.0,54.0,32.2,46.5,58.2,66.6,1,3,0,0,39.0,12.2,12,0,2,125.9,25,0,0,542,3,268,698,79,0,0,79,0,1,619,61,369,72,32,70,3,29,4,1,332,283,13.3
Jalen Clark,147161,S,LA LAFAYET,12,14,1,44.4,0,0,207,0,0,53.9,52.8,86.0,60.2,50.3,34.9,0,3,0,1,14.0,29.1,16,2,0,30.6,8,0,0,210,2,259,569,6,0,0,6,0,288,563,15,295,62,11,25,1,18,3,0,63,55,7.9
Cameron Whitfield,147164,ED,LA LAFAYET,12,5,0,57.1,0,0,207,2,0,71.0,64.6,50.0,60.0,65.3,45.9,1,10,0,1,10.0,25.0,8,0,2,23.8,4,1,0,0,0,26,465,458,0,2,411,45,0,7,208,231,6,13,19,0,7,12,0,23,20,5.8
Jake St. Andre,147166,LB,LA LAFAYET,12,14,0,100.0,0,0,207,0,0,66.3,69.3,26.6,64.3,70.7,59.4,1,1,0,0,14.0,14.5,8,0,1,82.6,6,1,0,240,0,109,309,17,0,0,17,0,0,292,15,185,51,15,33,1,6,3,0,23,15,3.8
Justin Agu,147169,CB,LOUISVILLE,8,0,0,25.0,0,0,210,0,0,52.3,54.2,77.1,52.2,70.2,77.7,0,0,0,0,3.0,0.0,0,0,1,39.6,1,0,0,5,56,47,64,1,0,0,1,0,0,63,3,14,2,2,3,0,4,0,0,3,-1,3.0
Dalton Hughes,147217,LB,S ALABAMA,11,11,0,84.6,0,0,288,1,0,46.7,53.9,82.7,70.6,57.4,64.0,1,4,0,0,68.0,13.6,6,0,0,144.4,11,1,0,246,0,111,275,8,0,0,8,0,1,267,21,143,20,15,27,1,13,6,1,195,182,17.7
Ed Smith IV,147218,DI,S ALABAMA,12,4,0,,0,1,288,0,0,61.9,61.1,41.1,62.7,60.0,58.9,2,18,0,0,,15.6,5,0,2,0.0,0,0,0,2,0,0,413,411,51,261,20,79,0,2,220,193,0,17,23,3,0,20,0,0,0,
Cole Daniels,147220,DI,DOMINION,10,4,1,,0,0,263,0,0,60.0,61.5,83.4,61.6,59.5,78.7,0,1,0,0,,0.0,0,0,0,0.0,0,1,0,0,0,0,185,185,165,20,0,0,0,0,83,102,0,4,6,2,0,2,0,0,0,
Phillip Lee,147269,ED,ARKANSAS,10,6,0,60.0,1,0,111,0,0,66.4,65.2,33.1,67.1,62.4,83.5,2,11,0,0,2.0,3.8,1,0,2,64.6,3,3,0,7,0,30,313,299,0,0,299,0,0,14,148,135,5,12,19,2,5,16,0,-2,14,-0.7
Jordan Stringer,147271,LB,TROY,12,26,0,88.9,1,0,318,0,0,63.1,57.4,22.1,65.2,53.2,49.6,3,9,0,0,51.0,18.2,22,2,3,100.2,32,2,0,556,1,283,675,15,0,0,15,0,2,660,54,338,100,46,73,10,36,14,0,290,228,9.1
Julian Peterson,147274,DI,TROY,12,5,1,,0,0,318,0,0,63.5,70.7,31.7,60.6,76.0,76.8,0,5,0,0,,3.8,1,0,2,0.0,0,2,0,0,0,0,318,317,46,209,7,55,0,1,161,157,0,14,20,3,0,7,0,0,0,
Tylon Dunlap,147285,DI,KENNESAW,11,7,2,,0,0,200,2,0,65.2,78.3,65.4,76.1,73.1,73.3,2,22,0,0,,6.9,2,0,1,0.0,0,6,0,0,0,0,482,480,62,331,8,79,0,2,276,206,0,18,20,2,0,30,0,0,0,
Fuches Lewis II,147291,DI,GA STATE,12,12,1,,0,0,175,0,0,60.0,64.6,86.1,61.4,63.8,54.3,1,1,0,0,,11.8,4,0,0,0.0,0,1,0,0,0,0,479,479,258,205,1,15,0,0,215,264,0,14,18,0,0,3,0,0,0,
Will Jeffcoat,147322,G,ARMY,1,0,0,,0,0,114,0,0,,61.5,70.5,,60.0,,0,0,0,0,,,0,0,2,0.0,0,0,0,0,0,0,2,2,2,0,0,0,0,0,0,2,0,0,0,0,0,0,0,0,0,
Malcolm Bell,147394,CB,MICH STATE,12,10,0,57.9,0,0,223,0,0,83.7,79.1,20.3,64.5,61.7,61.2,0,3,0,0,75.0,17.2,10,5,5,103.9,22,2,0,66,541,382,716,9,0,0,9,0,0,707,17,317,99,17,38,3,38,5,3,249,118,11.3
Alfred Chea,147399,LB,BALL ST,12,10,0,64.0,0,1,117,0,0,61.1,71.1,84.0,60.1,78.2,82.1,0,1,0,0,23.0,8.1,5,4,0,101.4,16,0,0,463,1,255,527,9,0,0,9,0,3,518,29,243,51,22,47,2,25,1,2,116,68,7.3
Langston Hardy,147407,ED,WAKE,12,18,0,80.0,0,0,339,1,0,76.2,78.7,76.2,74.0,75.0,70.5,8,19,0,0,43.0,14.8,9,0,1,114.2,12,8,0,13,0,83,619,586,0,1,583,2,0,33,283,253,19,37,34,7,15,35,1,91,99,7.6
Pryce Yates,147408,ED,N CAROLINA,1,3,0,,0,0,245,0,0,62.8,66.5,78.7,63.8,64.1,46.5,0,1,0,0,,25.0,1,0,0,0.0,0,0,0,0,0,6,30,28,0,0,27,1,0,2,12,12,2,0,0,0,0,1,0,0,0,
Louce Julien,147436,ED,TOLEDO,12,8,0,,0,0,316,0,0,77.1,58.3,42.4,61.1,52.2,67.4,2,15,0,0,,13.0,3,0,2,0.0,0,1,0,3,0,11,375,371,0,2,354,15,0,4,173,191,1,7,12,4,0,18,0,0,0,
Aquan Robinson,147440,ED,UMASS,10,8,0,,0,0,216,0,0,61.2,55.9,27.4,57.5,56.3,38.0,2,3,0,0,,20.0,4,0,2,0.0,0,0,0,0,0,0,277,277,0,0,195,82,0,0,93,184,0,5,8,1,0,5,0,0,0,
Lorenzo Styles Jr.,147474,S,OHIO STATE,10,4,0,70.4,0,0,260,0,0,69.4,70.1,86.2,60.1,70.3,55.5,0,1,0,0,67.0,14.3,4,2,0,101.9,19,0,0,43,4,202,345,7,0,0,7,0,112,338,9,134,178,9,20,1,27,1,1,187,123,9.8
Ryan Barnes,147487,CB,UMASS,4,1,0,75.0,0,0,216,0,0,59.9,58.8,0.0,,62.0,84.0,0,0,0,0,20.0,0.0,0,0,1,124.0,9,0,0,11,151,66,163,1,0,0,1,0,0,162,0,97,0,4,9,1,12,0,1,91,48,10.1
JoJo Johnson,147488,CB,BOWL GREEN,10,6,0,41.7,0,0,122,1,0,73.7,74.9,82.6,55.9,75.9,62.8,0,0,0,1,39.0,13.0,3,8,1,49.0,15,0,0,17,283,170,308,0,0,0,0,0,5,308,3,135,3,4,14,0,36,0,0,205,41,13.7
Prince Kollie,147492,LB,VANDERBILT,6,1,0,90.9,0,0,333,0,0,51.6,54.1,77.8,52.3,64.5,62.9,1,1,0,0,20.0,16.7,2,0,0,100.4,10,0,0,77,0,57,95,9,0,0,9,0,0,86,13,25,8,6,9,1,11,2,0,89,47,8.9
Kahanu Kia,147494,LB,NOTRE DAME,4,2,0,100.0,0,0,258,0,0,63.9,66.5,0.0,63.4,73.1,79.7,0,0,0,0,8.0,0.0,0,0,1,83.3,2,0,0,24,0,9,33,3,0,0,3,0,0,30,5,19,5,3,5,0,2,0,0,8,5,4.0
Jason Onye,147496,DI,NOTRE DAME,12,11,1,,0,0,258,0,0,62.1,78.2,33.9,78.3,74.6,66.3,1,15,0,0,,9.1,3,0,2,0.0,0,1,0,1,0,0,354,352,5,296,5,46,0,2,183,171,0,13,19,0,0,17,0,0,0,
Gabriel Rubio,147499,DI,NOTRE DAME,6,6,1,,0,0,258,0,0,,73.0,80.5,60.7,76.7,80.1,0,5,0,0,,0.0,0,0,0,0.0,0,1,0,0,0,0,173,172,13,149,0,10,0,1,85,88,0,4,7,0,0,6,0,0,0,
Talan Alfrey,147503,S,BYU,9,3,0,83.3,0,0,128,0,0,69.7,71.9,77.6,,72.2,87.0,0,0,0,0,24.0,0.0,0,0,0,132.6,5,0,0,24,1,39,72,0,0,0,0,0,38,72,0,33,9,3,9,1,6,0,1,38,25,7.6
Maguire Anderson,147504,WR,FIU,2,0,0,,0,0,166,0,0,60.0,64.5,60.0,,61.6,70.3,0,0,0,0,,0.0,0,0,0,0.0,0,0,0,0,0,1,2,0,0,0,0,0,0,2,0,1,0,0,1,0,0,0,0,0,0,
Joshua Singh,147531,DI,VANDERBILT,11,2,1,,0,0,333,0,0,62.4,76.7,33.0,68.4,80.3,73.6,1,7,0,0,,4.8,1,0,2,0.0,0,1,0,0,0,1,335,335,40,282,1,12,0,0,187,147,0,15,18,5,0,9,0,0,0,
Tanner Wall,147534,S,BYU,12,11,0,71.4,0,0,128,0,0,86.8,80.8,88.4,,62.3,66.7,0,0,1,4,38.0,16.1,10,0,0,74.1,5,0,0,64,0,382,635,0,0,0,0,0,552,635,0,253,19,7,41,1,7,0,0,92,40,18.4
Chris Boti,147540,DI,ARK STATE,12,13,1,,0,0,113,0,0,64.5,56.7,83.3,59.7,50.4,66.6,1,5,0,0,,6.1,2,0,0,0.0,0,2,0,0,0,0,366,366,15,296,17,38,0,0,204,162,0,10,18,1,0,8,0,0,0,
Joseph Carter,147544,LB,LIBERTY,7,18,0,75.0,0,1,206,0,0,61.5,64.1,83.5,61.4,64.2,56.8,2,5,0,0,21.0,15.6,10,1,0,91.7,12,0,0,366,1,165,414,23,0,0,23,0,10,391,29,220,14,14,36,2,16,7,0,104,58,8.7
Khristian Zachary,147556,DI,BALL ST,3,0,0,,0,0,117,0,0,,63.2,76.9,64.5,59.0,,0,4,0,0,,100.0,1,0,0,0.0,0,0,0,0,0,0,55,55,11,43,0,1,0,0,35,20,0,0,0,0,0,4,0,0,0,
Dylan Simmons,147645,CB,MO STATE,2,0,0,100.0,0,0,230,0,0,62.8,63.6,70.9,,60.0,,0,0,0,0,0.0,,0,0,0,79.2,1,0,0,0,0,4,6,0,0,0,0,0,0,6,0,2,6,0,0,0,1,0,0,0,7,0.0
Charles Brown,147647,WR,NEVADA,1,0,0,,0,0,239,0,0,,60.0,60.0,,60.0,,0,0,0,0,,,0,0,0,0.0,0,0,0,0,0,0,1,0,0,0,0,0,0,1,0,1,0,0,0,0,0,0,0,0,0,
Deshawn Lynch,147813,ED,WASHINGTON,10,3,7,100.0,0,1,340,1,0,85.0,74.6,88.2,64.3,71.9,77.7,0,9,0,0,22.0,5.6,1,0,0,100.0,5,0,0,0,0,29,327,326,0,3,314,9,0,1,172,126,0,12,14,4,5,9,0,40,25,8.0
Dylan Flowers,147839,CB,W KENTUCKY,12,4,0,51.9,0,1,346,1,1,77.7,77.3,21.1,59.2,73.7,57.3,0,0,0,0,41.0,16.7,6,5,4,79.7,14,0,0,18,330,212,358,1,0,0,1,0,0,357,1,145,9,12,26,1,27,0,1,143,42,10.2
Jalon Rock,147859,CB,LIBERTY,6,0,0,66.7,0,0,206,0,0,64.6,66.6,80.3,60.0,70.7,81.6,0,0,0,0,44.0,0.0,0,2,0,104.2,4,0,0,3,6,35,55,1,0,0,1,0,3,54,1,19,40,1,5,0,6,0,0,67,17,16.8
Jack Kelly,147861,LB,BYU,11,10,0,85.7,0,2,128,0,0,54.8,68.2,87.1,79.7,68.7,57.6,6,14,0,0,37.0,21.9,14,1,0,117.1,24,8,0,432,8,262,587,113,0,0,113,0,0,474,87,238,34,29,40,2,28,28,1,259,157,10.8
Kaufusi Pakofe,147863,DI,BYU,5,0,0,,0,0,128,0,0,,57.1,73.7,57.7,57.8,,0,0,0,0,,,0,0,0,0.0,0,0,0,0,0,0,15,15,4,11,0,0,0,0,5,10,0,0,0,0,0,0,0,0,0,
Boogsie Silvera,147936,LB,USF,3,0,0,100.0,0,0,327,0,0,43.8,51.0,73.6,,60.4,76.0,1,0,0,0,17.0,0.0,0,0,0,118.8,1,0,0,13,0,6,25,6,0,0,6,0,2,19,0,19,4,0,2,0,1,1,0,17,11,17.0
Gabriel Benyard,147969,WR,KENNESAW,1,0,0,,0,0,200,0,0,62.9,61.7,63.1,,,76.2,0,0,0,0,,0.0,0,0,2,0.0,0,0,0,0,0,1,1,0,0,0,0,0,1,1,0,0,0,0,1,0,0,0,0,0,0,
Garland Benyard,147970,LB,KENNESAW,7,12,0,73.3,0,0,200,0,0,61.9,66.0,30.8,63.0,69.7,69.0,2,2,0,0,28.0,12.5,6,1,1,93.2,11,1,0,276,0,152,329,23,0,0,23,0,0,306,23,154,30,17,30,1,15,5,0,108,46,9.8
Chance Gamble,147978,CB,GA SOUTHRN,4,3,0,41.7,0,0,174,0,0,73.4,65.0,81.9,48.8,39.8,54.8,0,0,0,1,17.0,19.0,4,3,0,21.2,5,0,0,17,214,97,241,1,0,0,1,0,0,240,3,141,9,5,14,0,12,0,0,55,7,11.0
Adam Watkins,147984,DI,KENNESAW,12,10,0,,0,0,200,0,0,60.9,68.9,66.5,57.7,72.8,53.6,2,5,0,0,,13.2,5,0,1,0.0,0,0,0,0,0,0,436,434,189,244,0,1,0,2,197,239,0,14,23,4,0,7,0,0,0,
Maddix Blackwell,148092,S,C MICHIGAN,12,13,0,64.3,0,0,134,0,0,68.2,67.2,17.7,60.0,66.3,77.9,0,0,0,1,22.0,10.6,5,2,1,73.8,9,0,0,158,1,189,338,1,0,0,1,0,141,337,1,148,36,5,29,0,14,0,1,81,10,9.0
Lemondre Joe,148119,CB,COLO STATE,12,11,0,49.1,1,2,144,1,0,60.3,64.1,26.6,77.0,71.5,66.3,3,2,0,0,55.0,14.5,8,4,6,107.7,27,4,0,84,596,345,775,39,0,0,39,0,4,736,23,407,50,19,36,1,55,9,7,332,129,12.3
Udoka Ezeani,148120,ED,UTEP,12,9,0,80.0,1,2,330,0,0,36.3,45.3,0.0,68.9,43.7,44.1,4,17,0,0,45.0,24.0,12,1,6,126.7,16,5,0,99,0,104,571,420,0,0,418,2,0,151,214,253,51,20,29,6,20,26,1,208,125,13.0
Caleb Dietlin,148122,ED,MO STATE,12,3,0,100.0,0,0,230,0,0,52.3,60.2,65.1,68.3,52.9,77.4,4,11,0,0,14.0,7.1,1,0,1,118.8,1,4,0,0,0,17,373,372,0,4,353,15,0,1,190,166,0,10,10,1,1,19,0,14,4,14.0
Sterling Smithson,148124,DI,MO STATE,12,9,0,,0,0,230,0,0,62.2,66.1,37.6,58.6,70.4,74.9,0,6,0,0,,4.0,1,0,2,0.0,0,0,0,0,0,0,378,378,23,351,1,3,0,0,189,189,0,10,15,1,0,6,0,0,0,
Enock Sibomana,148168,LB,WYOMING,11,6,0,75.0,0,0,351,0,0,69.0,60.9,81.1,50.2,57.4,67.3,1,2,0,0,10.0,13.3,4,0,0,83.3,3,0,0,192,3,71,219,14,0,0,14,0,0,205,19,129,9,15,20,1,4,3,0,18,21,6.0
Kody Huisman,148174,DI,VA TECH,12,13,1,,0,0,337,0,0,61.0,77.7,42.1,82.9,71.2,75.2,6,13,0,0,,5.9,2,0,2,0.0,0,0,0,1,0,2,419,418,54,271,21,72,0,1,211,206,0,12,19,1,0,19,0,0,0,
Carter Hewitt,148189,DI,ILLINOIS,4,0,0,,0,0,187,0,0,,57.7,75.2,58.8,57.0,,0,4,0,0,,,0,0,0,0.0,0,0,0,0,0,0,27,27,9,11,1,6,0,0,20,7,0,0,0,0,0,4,0,0,0,
Shahid Barros,148211,CB,IOWA,2,0,0,0.0,0,0,192,0,0,54.2,56.3,73.1,,62.4,,0,0,0,0,,,0,0,0,39.6,0,0,0,2,17,7,20,1,0,0,1,0,0,19,0,13,0,0,0,0,1,0,0,0,0,
Earl Miller Jr.,148219,DI,FAU,9,2,0,,0,0,165,0,0,61.7,62.1,80.6,65.1,56.5,77.6,1,0,0,0,,0.0,0,0,0,0.0,0,1,0,0,0,0,101,101,62,38,1,0,0,0,43,58,0,4,5,0,0,2,0,0,0,
Matthew Durrance,148240,S,WASH STATE,12,15,0,58.3,0,1,341,0,0,70.6,70.5,86.5,60.0,67.6,71.5,0,0,0,0,68.0,12.1,7,1,0,141.0,7,0,0,181,5,224,420,1,0,0,1,0,218,419,1,195,14,10,36,2,12,0,2,146,79,20.9
Tucker Large,148243,S,WASH STATE,12,15,0,56.3,0,0,341,0,0,86.0,80.8,0.1,58.6,69.1,71.1,0,0,0,0,25.0,12.6,11,3,3,100.5,18,0,0,164,7,341,625,1,0,0,1,0,328,624,1,283,125,20,61,3,32,0,3,156,60,8.7
Caleb Curtain,148341,S,CHARLOTTE,11,17,0,82.4,0,0,136,1,0,53.8,52.9,85.2,84.0,46.0,46.2,1,0,0,0,70.0,22.6,12,0,0,158.0,14,0,0,129,1,215,388,7,0,0,7,0,169,381,4,169,81,5,24,2,17,1,2,214,154,15.3
Brandon Fique,148353,LB,JAMES MAD,6,3,0,0.0,0,0,197,0,0,52.6,69.2,71.5,59.6,77.3,82.4,0,0,0,0,,0.0,0,0,0,39.6,0,0,0,31,0,10,32,0,0,0,0,0,0,32,2,20,0,2,4,0,1,0,0,0,0,
Kye Holmes,148357,S,JAMES MAD,4,1,0,100.0,0,0,197,0,0,62.6,62.2,73.6,58.3,60.0,76.4,0,0,0,1,38.0,0.0,0,0,0,79.2,1,0,0,9,0,9,18,2,0,0,2,0,5,16,2,7,1,0,0,0,1,0,0,38,32,38.0
Shymell Davis,148384,DI,UMASS,11,8,0,,0,0,216,1,0,64.9,64.4,66.6,67.5,61.2,71.7,1,3,0,0,,4.2,1,0,1,0.0,0,0,0,0,0,1,412,412,171,241,0,0,0,0,161,250,0,8,15,0,0,4,0,0,0,
Xavier Holmes,148387,ED,JAMES MAD,13,3,4,60.0,0,0,197,1,0,70.9,72.0,89.4,71.4,63.2,58.7,5,21,0,1,25.0,16.7,4,0,0,48.3,3,5,0,29,0,31,387,356,0,6,349,1,0,31,222,134,1,16,17,1,5,31,0,43,23,14.3
Carsen Stocklinski,148415,DI,HAWAII,12,4,0,,0,0,180,0,0,,50.4,26.0,56.5,50.8,78.7,0,4,0,0,,0.0,0,0,2,0.0,0,1,0,0,0,0,262,262,121,139,0,2,0,0,128,134,0,6,7,0,0,5,0,0,0,
Mason Woods,148468,LB,KENT STATE,12,28,2,90.0,0,0,201,1,0,63.1,63.8,85.2,61.1,62.3,66.6,2,10,0,0,32.0,14.1,14,0,0,102.3,18,3,0,564,0,261,616,13,0,0,13,0,0,603,69,286,39,37,57,6,20,15,0,171,108,9.5
Chantz Harley,148479,CB,JAMES MAD,5,0,0,,0,0,197,0,0,66.6,67.0,74.6,,63.1,,0,0,0,0,,,0,0,0,0.0,0,0,0,2,21,8,25,0,0,0,0,0,0,25,0,17,0,0,0,0,0,0,0,0,0,
Ayden Garnes,148570,CB,ARIZONA,12,5,1,53.5,0,0,109,0,0,69.9,67.4,85.2,68.2,50.0,46.9,1,1,0,1,45.0,25.0,12,4,2,72.3,23,0,0,36,591,313,635,5,0,0,5,0,0,630,9,313,3,9,31,1,43,2,1,285,64,12.4
Tim Malo,148668,S,HAWAII,1,0,0,,0,0,180,0,0,61.0,60.5,67.4,,,,0,0,0,0,,,0,0,0,0.0,0,0,0,0,0,2,2,0,0,0,0,0,2,2,0,0,0,0,0,0,0,0,0,0,0,
Mike Bumpus,148670,DI,BOSTON COL,8,1,0,,0,0,121,0,0,60.0,62.3,78.7,56.9,63.8,74.8,0,1,0,0,,0.0,0,0,0,0.0,0,0,0,0,0,0,94,94,22,59,0,13,0,0,47,47,0,1,3,0,0,1,0,0,0,
Hayden McDonald,148735,S,NEVADA,12,18,0,75.0,0,0,239,1,0,54.4,53.5,87.1,56.9,51.1,46.4,0,0,0,0,75.0,23.1,12,0,0,156.0,12,0,0,85,3,275,496,5,0,0,5,0,370,491,3,218,33,5,22,1,16,0,3,199,95,16.6
Malin White,148771,ED,BUFFALO,12,13,0,66.7,0,1,126,0,0,56.3,70.9,89.9,67.8,70.3,51.3,3,19,0,0,16.0,17.0,9,0,0,92.4,2,4,0,6,0,32,678,671,1,32,523,115,0,7,314,332,0,27,31,5,3,26,0,25,10,12.5
Connor Henderson,148774,LB,BUFFALO,6,3,0,80.0,0,0,126,0,0,36.7,51.2,73.3,,72.1,77.6,0,0,0,0,16.0,0.0,0,0,0,97.5,4,0,0,24,0,14,35,7,0,0,7,0,0,28,0,21,2,0,0,0,5,0,0,37,19,9.3
Amon Williams,148785,DI,KENT STATE,11,8,0,,1,0,201,0,0,60.0,53.6,52.4,66.1,47.7,58.9,0,9,0,0,,12.5,3,0,1,0.0,0,1,0,0,0,0,263,263,72,190,0,1,0,0,117,146,0,8,13,1,0,10,0,0,0,
Trey Harris,148808,S,SM HOUSTON,10,3,0,100.0,0,1,281,1,0,50.9,52.3,82.2,51.6,56.7,50.5,0,2,0,0,19.0,20.7,6,0,0,130.7,8,0,0,120,1,110,220,19,0,0,19,0,53,201,12,98,27,11,20,2,8,2,1,47,32,5.9
Danny Cronin,148822,ED,N ILLINOIS,2,0,0,,0,0,254,0,0,,33.3,72.5,,42.3,,0,0,0,0,,,0,0,0,0.0,0,0,0,0,0,0,6,6,0,0,6,0,0,0,0,6,0,0,0,0,0,0,0,0,0,
Braden Mullen,148849,ED,CHARLOTTE,12,7,1,,0,0,136,0,0,64.5,65.0,86.0,63.3,62.1,63.3,0,6,0,0,,8.7,2,0,0,0.0,0,1,0,7,0,26,415,408,0,14,307,87,0,7,178,211,0,8,14,2,0,7,0,0,0,
Zachary Farris,148853,S,UMASS,8,2,0,88.9,0,0,216,1,0,55.1,57.0,81.4,53.0,60.1,52.1,0,0,0,0,27.0,25.0,6,0,0,104.2,8,0,0,95,0,65,204,11,0,0,11,0,54,193,4,135,43,5,16,1,9,0,0,81,52,10.1
Jordan Washington,148854,CB,STANFORD,8,0,0,57.1,1,0,300,0,0,52.7,53.5,80.1,55.4,61.8,61.4,0,0,0,0,41.0,14.3,2,1,1,83.9,8,0,0,7,147,90,155,0,0,0,0,0,1,155,2,63,0,3,12,0,14,0,0,115,29,14.4
Josiah Green,148866,DI,DUKE,12,15,3,,0,0,154,0,0,62.2,74.6,45.6,71.8,74.1,35.7,10,8,0,0,,21.2,7,0,2,0.0,0,4,0,0,0,0,464,463,14,447,0,2,0,1,240,224,0,11,11,2,0,22,0,0,0,
Mitchell Gonser,148904,LB,BUFFALO,12,25,0,80.0,0,0,126,0,0,73.9,74.7,82.9,66.2,71.5,70.8,0,7,0,2,31.0,11.7,9,1,0,52.7,16,1,0,353,0,183,434,13,0,0,13,0,0,421,26,225,67,23,43,3,20,8,0,123,64,7.7
Gavin Shipman,148908,CB,CHARLOTTE,10,1,0,44.8,0,0,136,0,0,55.6,58.2,82.5,64.3,67.4,45.9,0,1,0,1,43.0,25.0,4,3,0,65.2,13,0,0,20,288,168,311,3,0,0,3,0,0,308,1,142,0,3,11,1,29,1,1,199,117,15.3
Joshua Rudolph,149135,LB,UTEP,3,3,0,100.0,0,0,330,1,0,50.0,61.8,79.1,64.8,71.8,61.9,1,2,0,0,30.0,17.6,3,0,0,118.8,5,1,0,113,0,59,140,7,0,0,7,0,1,133,17,64,19,5,11,1,5,4,0,89,59,17.8
Marquis Cooper,149289,CB,BUFFALO,10,3,0,55.3,0,0,126,0,0,59.4,61.5,39.3,66.4,68.9,60.1,1,0,0,0,77.0,16.1,5,3,2,116.7,21,0,0,31,388,227,464,43,0,0,43,0,0,421,11,226,1,8,23,1,38,1,3,385,191,18.3
Andrew Taddeo,149293,DI,JAMES MAD,13,8,0,0.0,0,0,197,0,0,52.6,65.0,26.4,69.9,64.2,46.7,2,2,0,0,,15.0,3,0,2,39.6,0,2,0,0,0,4,273,273,72,199,0,2,0,0,152,117,0,8,9,2,1,6,0,0,0,
Kamren Watkins-Hunter,149345,CB,UMASS,4,3,0,76.9,0,0,216,0,0,62.0,61.6,80.9,60.0,58.2,65.8,0,0,0,0,20.0,11.1,2,0,0,102.7,10,0,0,7,180,96,190,1,0,0,1,0,0,189,1,93,2,6,13,0,13,0,0,114,31,11.4
Curtis Harris-Lopez,149421,S,JAMES MAD,11,5,0,55.6,0,0,197,0,0,66.1,68.5,81.6,58.1,72.7,62.2,0,0,0,0,13.0,15.4,2,1,0,60.9,5,0,0,47,0,90,147,7,0,0,7,0,71,140,4,53,20,2,6,0,9,0,0,26,22,5.2
Jake Jarmolowich,149428,S,COLO STATE,12,15,1,63.2,1,1,144,0,0,51.2,56.4,21.7,68.2,64.0,80.3,2,2,0,0,42.0,10.5,8,0,2,91.1,12,1,0,331,9,294,693,37,0,0,37,0,177,656,26,373,137,13,53,3,19,5,0,166,36,13.8
Doe Boyland,149553,HB,OHIO,1,0,0,,0,0,259,0,0,,60.0,60.0,,60.0,,0,0,0,0,,,0,0,0,0.0,0,0,0,0,0,0,1,0,0,0,0,0,0,1,0,1,0,0,0,0,0,0,0,0,0,
Finn Claypool,149576,ED,FRESNO ST,12,5,0,33.3,1,1,169,0,0,55.4,78.2,70.7,79.8,73.7,72.5,9,25,0,0,2.0,12.5,4,0,1,81.9,1,7,0,0,0,20,470,469,0,5,462,2,0,1,265,185,0,22,23,4,3,41,1,2,0,2.0
IBK Mafe,149815,ED,S ALABAMA,12,4,0,0.0,0,0,288,0,0,57.9,59.8,85.0,61.0,58.5,29.3,0,3,0,0,,33.3,4,0,0,39.6,0,1,0,14,0,17,125,108,0,0,108,0,0,17,42,66,3,4,4,1,1,4,0,0,0,
Josh Battle,149841,S,SO MISS,9,3,0,91.7,0,0,296,0,0,46.3,53.9,81.1,69.0,67.1,76.6,0,0,0,0,57.0,11.1,3,0,1,145.8,11,1,0,72,1,102,189,5,0,0,5,0,67,184,3,84,43,6,21,1,12,1,1,148,70,13.5
Mustafi Al-Garawi,149883,DI,W MICHIGAN,12,10,0,,0,0,347,0,0,56.6,51.3,37.7,63.6,48.2,39.2,2,4,0,0,,16.7,4,0,2,0.0,0,0,0,1,0,0,385,384,33,343,0,8,0,1,185,200,0,7,10,0,0,6,0,0,0,
Jamall Thompson Jr.,149959,ED,NEW MEX ST,12,16,0,81.8,0,0,242,2,0,78.1,69.2,89.5,74.7,55.1,65.6,5,19,0,2,20.0,10.5,6,1,0,46.4,9,5,0,19,0,73,572,551,0,6,527,18,0,21,240,259,2,30,35,4,11,29,0,51,21,5.7
Kobe Stewart,149961,ED,BUFFALO,12,10,3,100.0,0,0,126,1,0,29.6,58.1,59.2,72.8,59.3,56.9,10,20,0,0,20.0,16.7,8,0,2,112.5,3,3,0,2,0,13,662,659,1,28,412,218,0,3,327,322,0,24,30,4,3,33,0,33,10,11.0
Dramarian McNulty,150010,S,E MICHIGAN,4,2,0,100.0,0,0,160,0,0,57.3,56.9,77.1,,56.4,57.8,0,0,0,0,36.0,18.2,2,0,0,118.8,1,0,0,57,1,40,88,0,0,0,0,0,25,88,0,48,5,2,7,0,1,0,0,36,22,36.0
Micah Davey,150093,LB,UTEP,12,31,0,55.0,0,0,330,1,0,74.4,81.5,27.9,58.8,83.3,69.4,3,8,0,0,26.0,12.7,18,0,3,69.6,11,1,0,661,0,291,724,10,0,0,10,0,2,714,65,368,49,73,93,8,20,12,0,104,40,9.5
Jake Golday,150178,LB,CINCINNATI,12,31,0,71.4,0,1,138,0,0,77.5,82.4,89.1,61.1,90.6,83.1,5,9,0,0,34.0,9.0,10,3,0,106.5,25,4,0,314,1,286,681,117,0,0,117,0,1,564,80,315,248,43,70,4,35,18,2,217,121,8.7
Jayden Sheridan,150222,CB,NEW MEXICO,1,0,0,,0,0,241,0,0,63.9,65.0,73.2,,62.6,,0,0,0,0,,,0,0,0,0.0,0,0,0,3,17,7,21,1,0,0,1,0,0,20,0,14,0,0,0,0,0,0,0,0,0,
Kamren Washington,150283,DI,TEXAS ST,12,8,1,,0,0,314,0,0,62.5,69.6,59.6,69.9,65.9,62.8,0,14,0,0,,15.0,3,0,1,0.0,0,0,0,0,0,1,360,360,45,304,0,11,0,0,193,166,0,8,9,4,0,14,0,0,0,
Matthew Aribisala,150287,DI,RICE,9,1,0,,0,0,275,0,0,,52.3,80.5,63.7,48.0,74.7,0,1,0,0,,0.0,0,0,0,0.0,0,0,0,0,0,0,72,72,50,21,1,0,0,0,24,48,0,4,5,0,0,1,0,0,0,
David Fisher,150294,CB,N TEXAS,11,4,0,67.4,1,0,251,0,0,80.9,73.0,44.1,60.0,46.8,59.4,0,1,0,1,63.0,16.7,9,7,2,96.2,29,0,0,67,476,260,576,8,0,0,8,0,4,568,1,315,21,17,41,4,43,1,2,331,141,11.4
Caleb Weaver,150298,S,DUKE,12,21,0,81.3,0,0,154,0,0,64.1,61.4,50.1,79.3,51.4,54.7,2,1,0,1,75.0,19.0,19,1,1,107.8,26,2,0,154,5,357,651,18,0,0,18,0,297,633,12,282,177,25,60,3,32,5,2,256,167,9.8
Emon Allen,150299,CB,SM HOUSTON,12,10,0,64.3,0,1,281,1,0,63.2,63.7,85.4,52.5,64.3,50.4,0,0,1,3,53.0,19.4,12,3,3,91.4,36,0,0,45,648,381,702,1,0,0,1,0,2,701,4,317,6,14,40,5,56,0,3,541,142,15.0
Derek Carter Jr.,150315,S,W VIRGINIA,10,3,0,64.7,0,1,343,0,0,63.2,67.1,84.3,58.7,73.4,65.3,0,0,0,1,35.0,15.2,5,3,0,112.9,11,0,0,118,1,154,291,7,0,0,7,0,104,284,2,135,61,6,25,2,17,0,2,172,45,15.6
Canden Grogan,150353,CB,TEXAS ST,8,2,0,65.2,1,0,314,0,0,49.2,49.5,82.0,54.1,51.5,34.0,0,2,0,0,57.0,31.8,7,1,2,128.0,15,0,0,32,196,161,260,3,0,0,3,0,8,257,3,96,20,4,13,0,23,2,2,235,67,15.7
Breylon Charles,150369,ED,PURDUE,5,1,0,,0,0,273,0,0,60.9,55.1,0.0,61.8,55.8,58.0,0,1,0,0,,20.0,1,0,1,0.0,0,1,0,0,0,2,45,45,0,9,27,9,0,0,26,17,0,4,3,0,0,2,0,0,0,
Levontae Jacobs,150404,DI,LA MONROE,3,0,0,,0,0,209,0,0,,43.4,76.6,55.3,39.4,,0,0,0,0,,,0,0,0,0.0,0,0,0,0,0,0,44,44,13,27,0,4,0,0,25,19,0,0,0,0,0,0,0,0,0,
Pierre Royster,150423,S,UAB,7,10,0,66.7,0,0,321,0,0,56.9,58.9,83.0,56.2,61.8,54.1,1,0,0,2,63.0,20.0,8,0,0,109.7,6,0,0,106,0,115,271,8,0,0,8,0,128,263,6,150,29,5,22,0,9,1,2,155,61,25.8
Avarion Cole,150570,S,W KENTUCKY,10,3,0,33.3,0,0,346,0,0,68.6,73.3,81.8,,80.7,83.8,0,1,0,1,68.0,5.6,1,2,0,38.2,4,0,0,112,1,132,224,3,0,0,3,0,83,221,0,92,25,4,14,0,12,1,0,124,74,31.0
Tyquan King,150571,LB,UCONN,6,7,1,60.0,0,0,146,0,0,66.5,81.4,0.1,78.1,84.7,82.3,3,2,0,0,12.0,6.9,2,0,1,69.6,6,3,0,162,0,66,185,2,0,0,2,0,0,183,38,81,20,11,20,0,10,8,0,42,19,7.0
Wrook Brown,150691,CB,HOUSTON,12,14,0,74.2,0,1,182,0,0,79.6,82.4,86.9,64.0,84.6,90.2,0,7,0,2,48.0,2.3,1,1,0,61.4,23,3,0,72,2,233,456,19,0,0,19,0,6,437,40,183,357,21,28,5,31,10,0,181,95,7.9
Andrew Johnson,150695,S,WYOMING,11,14,0,61.9,0,0,351,1,0,60.7,66.1,83.7,61.4,71.3,82.4,1,1,0,0,27.0,7.7,5,2,0,85.6,13,1,0,319,12,258,584,7,0,0,7,0,150,577,8,318,96,13,46,1,21,3,0,161,68,12.4
Kolbey Taylor,150703,CB,VANDERBILT,12,1,0,58.3,1,0,333,1,0,73.9,70.2,0.0,,59.2,47.8,0,0,0,1,52.0,23.3,7,2,7,83.0,21,0,0,18,427,288,450,1,0,0,1,0,0,449,0,162,4,6,22,1,36,0,2,219,55,10.4
Tyce Westland,150707,ED,WYOMING,12,9,1,33.3,0,1,351,0,0,66.8,69.7,55.0,68.5,68.3,56.6,5,18,0,0,8.0,14.3,7,0,2,81.9,1,2,0,53,0,88,583,502,0,11,449,42,2,81,217,278,26,26,33,5,3,25,1,8,6,8.0
Eddie Walls III,150853,ED,HOUSTON,12,10,4,100.0,0,0,182,0,0,65.1,74.6,87.3,68.0,72.9,73.1,9,23,0,0,-4.0,7.7,4,0,0,79.2,1,6,0,4,0,8,725,721,0,106,358,257,0,4,401,316,0,26,38,4,1,38,0,-4,1,-4.0
Ebenezer Dibula,150855,DI,KENNESAW,6,1,1,,0,0,200,0,0,60.0,53.7,78.4,58.0,51.3,74.5,0,0,0,0,,0.0,0,0,0,0.0,0,0,0,0,0,0,69,69,29,35,0,5,0,0,36,33,0,2,3,0,0,0,0,0,0,
Jayden Loving,150856,DI,WAKE,12,10,1,,0,0,339,3,0,86.4,78.0,45.1,60.3,83.9,69.4,3,16,0,0,,7.9,3,0,2,0.0,0,1,0,0,0,0,440,440,154,230,4,52,0,0,236,204,0,22,25,6,0,20,0,0,0,
Carl Nesmith,150869,LB,UTAH ST,2,4,0,0.0,0,0,329,0,0,67.6,68.5,78.3,65.3,62.8,40.0,0,3,0,0,,22.2,2,1,0,39.6,0,0,0,6,0,5,28,12,0,0,12,0,0,16,11,12,10,1,3,0,1,3,0,0,0,
Johnny Chaney Jr.,150871,LB,FIU,12,31,0,78.0,0,3,166,2,0,63.1,68.6,84.7,67.4,69.7,69.4,1,4,0,0,76.0,12.9,16,2,0,139.2,32,2,0,612,0,353,710,18,0,0,18,0,2,692,38,319,77,45,77,5,41,7,4,394,283,12.3
Jaden Hardy,150904,DI,W KENTUCKY,11,4,0,,0,0,346,0,0,75.7,72.9,84.4,57.4,75.8,80.6,0,4,0,0,,0.0,0,1,0,0.0,0,0,0,0,0,0,321,321,160,159,0,2,0,0,157,164,0,12,14,1,0,4,0,0,0,
Jeremiah Brown,150923,LB,COLORADO,10,16,0,79.2,0,0,143,1,0,34.7,63.5,83.5,57.6,80.1,72.2,0,2,0,0,69.0,10.7,9,0,0,122.0,19,1,0,390,4,145,472,56,0,0,56,0,1,416,56,271,20,37,59,6,24,3,1,239,176,12.6
KaTron Evans,150926,DI,MARSHALL,12,5,0,,1,0,214,0,0,,63.6,24.1,67.2,63.3,47.2,1,5,0,0,,15.4,2,0,2,0.0,0,0,0,1,0,0,233,232,204,14,3,11,0,1,116,117,0,5,6,2,0,6,0,0,0,
Baron Hopson,150929,LB,KENNESAW,12,36,1,69.6,0,1,200,0,0,44.0,65.4,52.9,68.4,78.2,62.5,0,8,0,1,28.0,14.7,20,3,1,83.2,32,1,0,594,0,292,653,8,0,0,8,0,1,645,38,323,48,43,80,6,46,9,0,355,208,11.1
CJ Nunnally IV,150931,ED,PURDUE,12,13,0,66.7,0,2,273,0,0,54.5,69.7,89.1,66.7,71.8,84.4,4,15,0,1,12.0,8.3,4,0,0,37.5,4,4,0,20,0,64,563,541,0,0,519,22,0,22,208,291,2,26,31,6,6,23,0,28,14,7.0
Gentle Hunt,150996,DI,ILLINOIS,12,3,0,,0,0,187,0,0,65.9,62.6,83.4,58.2,61.8,74.4,0,3,0,0,,0.0,0,0,0,0.0,0,1,0,0,0,0,153,153,114,38,0,1,0,0,98,55,0,3,4,1,0,4,0,0,0,
Zion Wilson,151063,DI,E CAROLINA,12,9,1,,0,1,156,0,0,58.5,75.1,85.7,70.1,74.4,64.3,5,14,0,0,,15.2,5,0,0,0.0,0,6,0,3,0,1,412,408,207,183,6,12,0,4,248,163,0,20,19,4,0,25,0,0,0,
Bryce Carter,151075,DI,TEXAS ST,10,7,0,,0,0,314,0,0,59.3,62.0,55.3,61.4,62.9,73.1,2,6,0,0,,5.0,1,0,1,0.0,0,1,0,0,0,1,312,312,4,286,0,22,0,0,167,144,0,10,12,4,0,9,0,0,0,
Mike Diatta,151079,DI,OKLA STATE,11,6,0,,0,0,262,0,0,61.5,54.3,46.0,58.2,53.6,79.5,0,4,0,0,,0.0,0,0,1,0.0,0,0,0,0,0,1,213,213,88,98,0,27,0,0,100,112,0,3,6,0,0,4,0,0,0,
James Jackson,151086,LB,VIRGINIA,12,15,2,83.3,0,0,335,1,0,61.5,64.0,84.6,61.4,64.3,55.7,4,4,0,0,42.0,18.6,11,1,0,124.1,15,0,0,396,3,204,467,4,0,0,4,0,1,463,34,229,63,21,33,1,18,8,1,168,102,11.2
Langston Long,151091,LB,TOLEDO,11,11,0,71.4,0,1,316,0,0,66.0,66.2,27.1,54.5,67.4,64.1,0,0,0,0,12.0,12.8,5,0,1,123.2,5,0,2,277,2,122,297,10,0,0,10,0,0,287,7,168,8,19,23,4,7,0,1,37,18,7.4
Jacob Rodriguez,151095,LB,TEXAS TECH,12,21,2,82.1,0,7,315,2,1,92.7,93.3,85.1,62.2,95.3,64.9,1,2,0,4,56.0,14.3,17,3,0,82.7,46,1,0,565,2,381,631,20,0,0,20,0,3,611,32,218,40,58,81,8,56,4,2,455,287,9.9
West Weeks,151101,LB,LSU,11,20,0,80.8,0,0,211,0,0,54.7,59.1,16.3,64.0,63.3,65.8,1,9,0,0,31.0,14.3,11,0,3,97.4,21,3,0,529,1,253,564,11,0,0,11,0,0,553,56,255,23,33,46,5,26,13,0,192,124,9.1
Devin Aupiu,151116,ED,UCLA,10,7,0,100.0,0,1,324,1,0,58.6,57.7,57.7,61.5,55.9,85.1,1,5,0,0,7.0,0.0,0,0,1,95.8,1,1,0,4,0,4,289,283,0,14,242,27,0,6,117,168,2,10,13,0,1,7,0,7,4,7.0
Alvin Gulley Jr.,151143,DI,N ILLINOIS,11,2,1,,0,0,254,0,0,,60.2,55.8,66.6,56.6,59.0,3,4,0,0,,15.4,2,0,1,0.0,0,2,0,0,0,0,304,304,40,257,2,5,0,0,132,172,0,6,9,0,0,9,0,0,0,
Tamatoa McDonough,151151,ED,IOWA STATE,12,6,0,,0,1,193,0,0,55.6,52.1,86.4,54.0,50.9,46.3,2,14,0,0,,22.9,8,0,0,0.0,0,2,0,0,0,5,486,486,0,32,312,142,0,0,272,209,0,19,21,4,0,18,0,0,0,
Dean Shaffer,151157,LB,UMASS,4,2,0,50.0,0,0,216,0,0,35.9,49.9,81.2,53.5,70.0,48.6,1,1,0,0,11.0,25.0,2,0,0,96.9,2,0,0,80,0,41,87,0,0,0,0,0,0,87,3,43,6,2,4,0,4,2,1,13,8,6.5
Luke Dillingham,151172,LB,TEXAS TECH,2,0,0,,0,0,315,0,0,65.0,64.1,71.1,66.6,55.9,,0,2,0,0,,,0,0,0,0.0,0,0,0,14,0,12,24,3,0,0,3,0,0,21,3,9,6,0,0,0,0,2,0,0,0,
Breon Noel,151309,S,CHARLOTTE,3,0,0,,0,0,136,0,0,,45.7,72.4,60.0,44.4,27.8,0,0,0,0,,50.0,1,0,0,0.0,0,0,0,7,0,0,15,2,0,0,2,0,0,13,1,14,6,1,1,0,0,0,0,0,0,
Neil Campbell,151435,CB,UTEP,9,9,1,62.5,0,1,330,0,0,66.2,76.3,84.6,91.2,90.2,81.5,0,4,0,0,16.0,7.3,4,1,2,84.4,20,2,0,62,396,220,498,18,0,0,18,0,12,480,13,265,9,18,42,5,32,6,1,152,55,7.6
Chris Crouch,153213,S,GA SOUTHRN,10,1,0,100.0,0,0,174,1,0,62.6,56.6,0.0,58.2,52.5,54.2,0,2,0,0,26.0,20.0,2,0,1,118.8,2,0,0,37,1,48,85,1,0,0,1,0,42,84,7,30,4,2,7,0,2,2,0,30,7,15.0
Naejaun Barber,154018,DI,FAU,12,4,0,,0,0,165,0,0,60.0,69.3,62.5,56.2,74.7,69.9,0,7,0,0,,10.3,4,0,1,0.0,0,1,0,2,0,0,436,434,20,280,1,133,0,2,184,252,0,25,31,5,0,8,0,0,0,
Josh Burney,154086,DI,PURDUE,3,0,0,,0,0,273,0,0,,47.7,78.9,61.6,43.7,,0,0,0,0,,,0,0,0,0.0,0,0,0,0,0,0,57,57,33,24,0,0,0,0,20,37,0,0,0,0,0,0,0,0,0,
Jamere Jones,154315,S,TEMPLE,11,9,0,83.3,0,1,306,1,0,72.9,73.5,83.9,66.0,72.0,73.0,0,0,0,1,15.0,12.5,5,0,2,47.6,10,1,0,136,0,172,380,31,0,0,30,1,65,349,12,196,147,17,26,1,12,1,0,45,42,4.5
Gavin Ransaw,154474,DI,ARK STATE,9,4,0,,0,0,113,1,0,60.0,52.5,38.7,57.5,52.2,42.3,0,2,0,0,,23.1,3,0,1,0.0,0,0,0,1,0,0,176,175,46,125,0,4,0,1,75,101,0,4,6,0,0,2,0,0,0,
Kode Lowe,154588,S,UTEP,12,14,0,81.3,0,1,330,0,0,56.8,73.2,85.2,73.2,89.4,81.1,1,3,0,0,31.0,9.3,4,0,0,139.8,13,0,0,114,0,133,350,66,0,0,66,0,37,284,14,203,131,17,25,5,16,4,2,129,124,9.9
Pooda Walker,154594,DI,MEMPHIS,12,16,0,,0,0,218,1,0,60.0,71.6,87.5,64.4,71.8,54.4,2,7,0,0,,13.5,5,0,0,0.0,0,2,0,1,0,0,423,421,341,77,0,3,0,2,201,222,0,12,16,2,0,11,0,0,0,
Ben Finneseth,154599,S,COLORADO,7,4,0,100.0,0,1,143,1,0,79.8,73.5,82.0,66.4,61.8,80.2,2,1,0,0,13.0,8.0,2,0,0,118.8,1,0,0,111,3,110,275,8,0,0,8,0,127,267,5,160,25,1,19,0,1,3,0,13,4,13.0
William Davis,154624,LB,W VIRGINIA,1,0,0,,0,0,343,0,0,60.0,61.1,67.8,,60.0,,0,0,0,0,,,0,0,0,0.0,0,0,0,2,0,1,4,0,0,0,0,0,0,4,0,3,2,0,0,0,0,0,0,0,0,
Al-Ma'hi Ali,154696,S,W KENTUCKY,9,5,0,53.6,1,0,346,0,0,52.9,48.0,83.0,57.0,33.8,50.0,0,2,0,1,52.0,22.5,9,2,2,75.6,15,0,0,163,3,217,334,7,0,0,7,0,84,327,2,115,77,8,26,1,28,2,1,214,137,14.3
Tim Grant-Randall,154699,DI,UMASS,12,8,1,,0,0,216,0,0,60.0,59.2,85.9,59.6,57.1,62.5,2,7,0,0,,11.1,3,0,0,0.0,0,2,0,1,0,0,510,509,96,410,0,3,0,1,225,285,0,12,16,1,0,11,0,0,0,
Kaci Seegars,155197,ED,OHIO,3,1,0,100.0,0,0,259,0,0,49.2,62.5,79.6,59.4,71.7,78.0,0,1,0,0,16.0,0.0,0,0,0,158.3,1,0,0,2,0,8,49,41,0,0,37,4,6,8,13,28,0,4,4,1,1,1,1,16,0,16.0
Jakari Foster,155252,S,LA TECH,12,24,1,52.2,0,2,208,0,0,89.7,85.5,36.8,82.7,66.8,62.4,2,2,1,7,23.0,15.2,10,3,1,53.1,12,0,0,270,7,339,579,6,0,0,6,0,218,573,5,235,78,9,32,0,23,4,2,100,39,8.3
Tristan Marois,155288,ED,COLORADO,7,0,0,,0,0,143,0,0,60.0,52.0,0.0,68.9,51.3,24.4,0,0,0,0,,50.0,1,0,1,0.0,0,0,0,0,0,1,33,32,0,0,32,0,0,1,12,20,0,1,1,0,0,0,0,0,0,
Caden Biser,155289,LB,W VIRGINIA,3,3,0,,0,0,343,0,0,64.5,67.6,74.8,67.2,63.5,66.5,1,0,0,0,,14.3,1,0,0,0.0,0,0,0,38,0,6,39,0,0,0,0,0,0,39,4,29,1,2,3,1,0,1,0,0,0,
Donald Lee,155503,CB,UAB,7,0,0,70.0,0,1,321,0,0,47.6,46.4,80.7,,44.6,58.9,0,0,0,0,44.0,15.4,2,0,2,145.8,7,0,0,26,173,95,206,5,0,0,5,0,1,201,0,111,1,3,11,0,10,0,1,129,3,18.4
Dash Luke,155552,WR,MO STATE,1,0,0,,0,0,230,0,0,,60.0,60.0,,60.0,,0,0,0,0,,,0,0,3,0.0,0,0,0,0,0,0,1,0,0,0,0,0,0,1,0,1,0,0,0,0,0,0,0,0,0,
Blake Boenisch,155566,DI,RICE,12,12,1,,0,0,275,1,0,68.5,63.8,51.0,62.9,63.2,28.5,0,3,0,0,,24.4,11,0,2,0.0,0,1,0,1,0,0,473,472,286,171,6,9,0,1,256,217,0,19,22,4,0,4,0,0,0,
Elin Jones,155656,ED,W KENTUCKY,8,6,1,,0,0,346,2,0,60.5,62.9,83.0,63.0,59.3,68.7,2,9,0,0,,10.0,2,0,0,0.0,0,0,0,1,0,1,259,257,1,80,102,74,0,2,169,89,0,10,12,1,0,11,0,0,0,
Ty Davis,155756,LB,TEMPLE,12,5,0,76.9,0,0,306,0,0,63.8,60.2,84.8,59.8,54.8,32.7,1,1,0,1,17.0,33.3,6,1,1,54.0,10,0,0,54,1,64,191,74,0,0,74,0,0,117,14,113,61,4,7,1,13,2,0,62,65,6.2
Montrell Bandy,155781,S,TENNESSEE,3,2,0,,0,0,307,0,0,58.8,61.0,74.3,,65.6,77.7,0,0,0,0,,0.0,0,0,1,0.0,0,0,0,5,0,18,29,0,0,0,0,0,1,29,0,11,22,0,1,0,0,0,0,0,0,
Jalen McClendon,155787,CB,BOWL GREEN,12,5,0,59.4,1,0,122,0,0,53.7,54.4,50.0,75.7,57.1,51.8,0,0,0,0,75.0,17.7,11,5,7,115.9,38,1,0,45,645,376,719,1,0,0,1,0,11,718,2,341,17,8,46,0,64,1,5,588,145,15.5
Kyle Taylor,155840,LB,ARK STATE,10,23,0,82.8,0,0,113,0,0,49.3,65.6,27.7,60.0,79.8,76.0,1,1,0,0,34.0,7.6,6,0,1,98.4,24,0,0,383,0,200,415,0,0,0,0,0,2,415,19,196,30,22,50,1,29,2,0,221,168,9.2
Chris Victor,155855,ED,CAL,10,3,0,100.0,0,0,130,0,0,39.2,66.2,46.3,66.9,72.5,65.3,3,11,0,0,5.0,18.8,3,0,1,87.5,1,2,0,3,0,10,196,192,0,1,191,0,0,4,106,80,1,9,10,1,1,16,0,5,9,5.0
Lucas Banks,155860,DI,ARK STATE,6,0,0,,0,0,113,0,0,,47.4,0.0,62.7,46.7,22.1,0,2,0,0,,,0,0,1,0.0,0,0,0,0,0,0,53,53,7,44,1,1,0,0,26,27,0,0,0,0,0,2,0,0,0,
Zae Smith,155866,DI,CAL,6,2,0,,0,0,130,0,0,,55.8,77.1,67.2,45.4,45.4,0,5,0,0,,25.0,1,0,0,0.0,0,0,0,0,0,0,69,69,4,53,0,12,0,0,42,27,0,1,1,1,0,5,0,0,0,
Eric O'Neill,155869,ED,RUTGERS,12,5,1,0.0,0,0,278,0,0,57.5,74.5,68.7,71.6,73.8,51.3,10,27,0,0,,22.5,9,0,1,39.6,0,4,0,1,0,2,471,470,0,27,379,64,0,1,261,208,0,24,26,7,1,41,0,0,0,
Dru Polidore Jr.,155951,S,CAL,10,12,0,71.0,0,1,130,1,0,67.9,63.3,41.4,56.0,55.3,65.6,0,0,0,0,40.0,14.9,11,2,1,109.9,22,0,0,167,1,291,554,1,0,0,1,0,313,553,4,259,71,21,51,2,31,0,2,202,112,9.2
Parker Robertson,155978,S,OKLA STATE,12,20,0,66.7,0,1,262,0,0,74.8,72.7,86.0,65.6,66.5,50.7,1,1,0,2,42.0,21.2,21,4,0,93.4,18,1,0,321,3,252,586,31,0,0,31,0,151,555,22,312,80,30,58,7,27,3,2,272,110,15.1
Nadame Tucker,156169,ED,W MICHIGAN,12,7,0,0.0,0,4,347,0,0,67.9,90.6,24.2,92.7,73.2,62.4,3,36,0,0,,17.4,8,1,4,39.6,0,12,0,7,0,11,525,518,0,2,514,2,0,7,280,234,0,36,31,6,2,51,0,0,0,
Amipeleasi Langi Jr.,156172,DI,TEXAS ST,12,2,0,,0,0,314,0,0,,67.7,53.8,68.1,66.2,43.5,1,9,0,0,,23.5,4,0,1,0.0,0,1,0,1,0,0,277,276,63,212,0,1,0,1,135,142,0,10,11,6,0,11,0,0,0,
London Hall,156187,S,TEMPLE,9,0,1,75.0,0,0,306,0,0,82.5,81.6,77.7,91.2,58.0,80.2,0,1,0,0,4.0,0.0,0,2,0,77.1,3,0,0,23,0,30,68,11,0,0,11,0,0,57,5,33,34,3,5,0,4,1,0,10,11,3.3
Jhalyn Shuler,156212,LB,USF,12,19,2,74.5,0,2,327,2,1,58.6,62.6,30.2,68.9,64.3,54.6,5,8,0,1,51.0,18.6,21,4,2,92.4,41,2,0,584,1,363,734,63,0,0,63,0,5,671,81,290,81,45,73,5,55,15,1,392,311,9.6
Aamaris Brown,156213,S,UNLV,11,7,0,57.4,1,0,325,0,0,66.1,70.1,91.0,74.3,72.4,67.8,1,3,2,4,34.0,14.9,7,5,4,57.9,31,3,0,82,7,322,596,65,0,0,65,0,13,531,26,248,427,16,33,1,54,7,2,343,116,11.1
Tavin Ward,156214,S,USF,10,19,0,52.6,0,0,327,0,0,69.0,68.2,87.4,58.9,64.0,81.6,0,0,1,1,82.0,9.0,6,1,1,110.0,10,0,0,137,2,402,642,0,0,0,0,0,463,642,1,239,40,9,42,1,19,0,2,232,102,23.2
Amari Jackson,156221,CB,BOSTON COL,4,1,0,46.7,0,0,121,0,0,71.8,66.6,80.1,,43.7,52.2,0,0,0,0,19.0,12.5,1,2,1,81.5,7,0,0,9,129,77,149,0,0,0,0,0,0,149,0,72,11,4,6,0,15,0,1,66,43,9.4
Edwin Kolenge,156222,ED,BOSTON COL,12,9,0,100.0,0,0,121,0,0,70.7,66.4,69.2,64.4,63.4,84.4,3,13,0,0,16.0,3.1,1,0,1,102.1,2,1,0,3,0,20,443,430,0,2,399,29,0,13,192,231,10,17,22,0,2,17,0,17,12,8.5
Caden Story,156229,ED,CLEMSON,4,1,0,,0,0,140,0,0,63.5,65.0,77.9,65.9,57.6,75.2,0,2,0,0,,0.0,0,0,0,0.0,0,0,0,0,0,3,32,32,0,3,29,0,0,0,17,12,0,0,1,0,0,2,0,0,0,
Myles Oliver,156230,CB,CLEMSON,1,0,0,,0,0,140,0,0,,60.0,61.7,,60.0,,0,0,0,0,,,0,0,0,0.0,0,0,0,1,0,0,1,0,0,0,0,0,0,1,0,1,0,0,0,0,0,0,0,0,0,
Griffin Batt,156231,LB,CLEMSON,1,0,0,,0,0,140,0,0,,60.0,64.1,,60.0,,0,0,0,0,,,0,0,0,0.0,0,0,0,1,0,0,1,0,0,0,0,0,0,1,0,1,0,0,0,0,0,0,0,0,0,
Jahiem Lawson,156235,ED,CLEMSON,11,5,2,100.0,0,0,140,0,0,70.4,77.7,29.0,73.4,78.0,77.4,3,19,0,0,16.0,6.3,1,0,2,118.8,2,4,0,28,0,27,300,270,0,8,249,13,0,30,173,100,2,12,10,3,2,26,0,25,8,12.5
Wade Woodaz,156237,LB,CLEMSON,12,13,2,74.5,1,0,140,0,0,75.5,70.9,24.1,54.6,70.8,75.7,0,6,0,0,39.0,9.0,7,3,3,89.1,35,1,0,509,3,321,610,46,0,0,46,0,0,564,58,231,51,40,58,7,47,7,0,281,191,8.0
Kobe McCloud,156240,LB,CLEMSON,12,7,1,66.7,0,0,140,0,0,64.9,69.4,0.0,61.5,75.9,76.9,0,2,0,0,24.0,8.7,2,1,1,84.9,10,0,0,147,1,80,170,4,0,0,4,0,0,166,17,73,18,6,14,1,15,2,0,98,60,9.8
Caleb Nix,156242,S,JVILLE ST,12,13,0,56.0,0,0,196,3,1,68.0,69.0,43.6,58.3,71.2,67.4,0,0,1,4,32.0,12.3,7,0,2,32.0,14,0,0,182,4,325,590,1,0,0,1,0,334,589,6,259,67,8,37,4,25,0,0,137,55,9.8
TJ Dottery,156243,LB,OLE MISS,13,19,1,65.8,0,2,226,0,0,49.4,55.2,61.0,51.5,63.0,61.3,0,9,0,0,35.0,15.3,13,0,2,83.3,25,1,0,641,0,388,793,51,0,0,51,0,18,742,56,349,83,30,53,3,38,10,0,241,174,9.6
Kylon Griffin,156244,S,CLEMSON,7,2,0,0.0,0,1,140,1,0,81.6,80.1,78.6,55.5,70.5,85.6,0,0,0,0,,0.0,0,1,0,39.6,0,0,0,15,1,49,75,1,0,0,1,0,49,74,3,23,9,1,7,0,2,0,0,0,0,
Toriano Pride Jr.,156245,CB,MISSOURI,12,5,0,47.6,0,0,229,1,0,73.3,74.2,84.6,,74.0,84.2,1,0,1,2,49.0,3.6,1,1,2,57.0,20,0,0,37,414,316,511,3,0,0,3,0,4,508,0,195,52,9,22,2,42,1,2,194,38,9.7
Sherrod Covil Jr.,156246,CB,VA TECH,4,0,0,100.0,0,0,337,0,0,59.2,61.1,78.0,,65.0,27.8,0,0,0,0,31.0,50.0,1,0,0,103.3,5,0,0,12,0,28,57,0,0,0,0,0,0,57,0,29,45,0,1,0,5,0,0,44,62,8.8
Jeadyn Lukus,156247,CB,CLEMSON,8,3,0,66.7,0,0,140,0,0,54.7,55.9,80.4,55.4,62.7,74.7,0,1,0,0,74.0,6.7,1,0,1,149.3,8,0,0,17,173,120,194,0,0,0,0,0,0,194,1,73,4,4,11,0,12,1,2,159,91,19.9
Vincent Anthony Jr.,156256,ED,DUKE,12,5,2,100.0,4,1,154,0,0,82.7,57.6,0.0,64.2,54.8,41.9,7,16,0,0,17.0,29.6,8,0,10,149.3,3,7,0,1,0,27,544,542,0,3,522,17,0,2,291,226,0,17,14,4,3,30,1,31,10,10.3
Chandler Rivers,156257,CB,DUKE,12,11,1,72.7,0,1,154,0,0,80.4,79.2,55.5,70.1,67.6,63.0,0,6,0,2,56.0,19.0,12,6,1,87.3,40,0,0,61,530,439,788,21,0,0,21,0,27,767,20,329,147,13,40,3,55,6,1,445,227,11.1
Dante Anderson,156265,ED,FIU,12,3,0,,0,3,166,1,0,60.3,79.2,84.8,76.7,73.1,83.6,1,5,0,0,,0.0,0,0,0,0.0,0,3,0,1,0,1,156,154,0,1,146,7,0,2,84,71,0,9,8,2,0,9,0,0,0,
Daniel Lyons,156266,DI,FLORIDA ST,12,8,0,,0,1,167,0,0,62.6,69.0,63.6,58.4,73.0,56.4,0,12,0,0,,19.4,6,0,1,0.0,0,3,0,1,0,1,425,423,16,223,110,74,0,2,192,232,0,12,17,1,0,15,0,0,0,
Bishop Thomas,156268,DI,GA STATE,12,10,1,,0,0,175,0,0,77.0,76.6,83.8,72.0,70.8,62.2,5,9,0,0,,11.4,5,0,0,0.0,0,3,0,4,0,1,427,423,39,199,26,159,0,4,235,191,0,19,29,2,0,17,0,0,0,
Aaron Hester,156269,ED,LIBERTY,12,3,1,,0,0,206,0,0,42.7,69.1,83.8,76.6,62.0,64.1,1,15,0,0,,7.7,1,0,0,0.0,0,0,0,1,0,4,285,284,0,38,149,97,0,1,140,141,0,7,9,2,0,16,0,0,0,
AJ Cottrill,156273,LB,FLORIDA ST,8,6,0,100.0,0,0,167,0,0,65.1,74.9,78.1,76.8,73.9,66.0,0,4,0,0,35.0,13.3,2,0,0,118.8,1,3,0,70,0,43,98,14,0,0,14,0,0,84,15,40,14,7,7,1,1,7,0,35,29,35.0
Omar Graham Jr.,156275,LB,FLORIDA ST,12,8,0,75.0,0,0,167,0,0,65.6,67.6,83.2,54.6,69.8,61.0,0,4,0,0,21.0,15.6,7,0,0,87.5,9,0,0,233,1,126,318,54,0,0,54,0,0,264,33,159,29,23,30,0,12,4,0,66,52,7.3
Christian White,156276,S,FLORIDA ST,3,1,0,100.0,0,0,167,0,0,73.2,73.1,77.7,,67.8,70.9,0,0,0,0,10.0,14.3,1,0,0,102.1,2,0,0,21,0,32,51,1,0,0,1,0,11,50,0,19,18,2,5,0,2,0,0,17,13,8.5
Samuel McCall,156278,CB,GA STATE,8,1,0,57.1,0,0,175,0,0,47.2,53.2,79.6,58.7,74.5,75.6,0,0,0,0,47.0,9.1,1,1,0,137.5,8,0,0,9,114,48,128,1,0,0,1,0,0,127,2,78,2,1,9,0,14,0,2,162,49,20.3
Tae Woody,156288,DI,LA MONROE,10,3,0,,1,0,209,0,0,64.3,66.2,18.0,65.1,67.5,81.1,3,4,0,0,,0.0,0,0,2,0.0,0,1,0,2,0,1,219,217,88,80,9,40,0,2,113,105,0,10,13,3,0,8,0,0,0,
Rodney Shelley,156300,CB,GA TECH,10,6,0,79.3,0,0,176,0,0,66.3,65.6,26.7,57.9,64.9,78.5,0,1,0,1,57.0,7.9,3,3,4,125.9,23,0,0,39,338,224,395,4,0,0,4,0,1,391,4,167,11,5,29,2,29,1,2,352,110,15.3
K.J. Miles,156302,DI,TEMPLE,12,4,1,,0,0,306,0,0,59.3,59.0,84.7,58.5,58.4,81.0,3,5,0,0,,0.0,0,0,0,0.0,0,0,0,0,0,1,334,334,77,218,3,36,0,0,131,202,0,12,18,1,0,8,0,0,0,
Horace Lockett,156304,DI,UCF,4,0,2,,0,0,323,0,0,61.5,85.2,21.2,87.8,76.7,65.4,1,3,0,0,,9.1,1,0,1,0.0,0,1,0,0,0,0,113,113,13,98,0,2,0,0,58,55,0,10,10,1,0,5,0,0,0,
Clayton Powell-Lee,156305,S,GA TECH,12,24,1,71.4,0,1,176,0,0,32.1,48.3,48.5,74.2,76.5,61.3,1,4,0,0,39.0,16.9,14,1,2,122.7,25,0,0,168,4,352,637,2,0,0,2,0,375,635,9,276,87,17,45,0,35,5,2,353,116,14.1
Kyle Efford,156306,LB,GA TECH,12,19,0,70.8,0,1,176,0,0,55.9,64.6,83.5,65.2,69.4,58.1,2,4,0,0,73.0,17.0,16,2,0,149.3,17,2,0,418,0,243,536,38,0,0,38,0,0,498,30,263,79,24,59,0,24,8,3,280,143,16.5
D.J. Moore,156310,S,GA TECH,1,1,0,100.0,0,0,176,0,0,39.6,38.9,0.0,59.4,63.9,80.2,0,0,0,0,14.0,0.0,0,0,1,158.3,2,0,0,7,0,10,19,0,0,0,0,0,11,19,1,8,1,0,2,0,2,0,1,28,6,14.0
Tawfiq Thomas,156312,DI,COLORADO,4,2,0,,0,0,143,0,0,,81.3,78.1,81.2,74.7,65.4,0,4,0,0,,8.3,1,0,0,0.0,0,0,0,0,0,0,95,95,4,84,0,7,0,0,42,53,0,7,9,2,0,4,0,0,0,
Selah Brown,156314,DI,LOUISVILLE,3,0,0,,0,0,210,0,0,,51.8,72.9,57.4,52.7,,0,0,0,0,,,0,0,0,0.0,0,0,0,0,0,0,15,15,4,11,0,0,0,0,5,10,0,0,0,0,0,0,0,0,0,
Rock Caldwell,156315,S,UTAH,6,0,0,75.0,0,0,328,0,0,73.6,73.8,78.2,,69.6,67.0,0,0,0,0,6.0,12.5,1,1,0,79.2,3,0,0,7,33,36,76,0,0,0,0,0,30,76,0,40,6,3,7,1,4,0,0,14,1,4.7
D'Angelo Hutchinson,156316,S,LOUISVILLE,12,23,0,71.4,0,0,210,0,0,79.8,76.1,52.6,57.6,70.0,66.6,0,3,0,1,39.0,14.8,13,4,1,85.3,20,0,0,205,3,403,692,15,0,0,15,0,301,677,8,281,167,23,52,1,28,3,1,179,91,9.0
Popeye Williams,156317,ED,W MICHIGAN,7,1,0,,0,0,347,0,0,82.3,59.1,79.7,55.7,46.4,46.7,0,2,0,0,,33.3,1,0,0,0.0,0,0,0,1,0,1,44,43,0,0,43,0,0,1,22,21,0,1,1,0,0,2,0,0,0,
Antonio Watts,156327,S,LOUISVILLE,10,6,1,61.7,0,2,210,1,0,79.7,76.8,60.7,73.0,69.4,53.6,2,7,0,3,26.0,23.1,12,2,1,46.6,29,3,0,165,7,306,618,136,0,0,136,0,17,482,56,256,292,24,34,5,47,12,0,222,164,7.7
Nick Kelly,156333,S,MIAMI FL,2,0,0,100.0,0,0,220,0,0,64.6,65.7,70.0,,62.3,74.8,0,0,0,0,7.0,0.0,0,0,0,95.8,1,0,0,8,0,6,12,1,0,0,1,0,2,11,0,6,1,0,1,0,1,0,0,7,10,7.0
Myles Mooyoung,156335,CB,COAST CAR,10,7,0,51.5,0,1,141,0,0,55.7,51.0,32.0,,36.5,26.6,0,0,0,0,43.0,34.0,16,1,1,86.8,17,0,0,24,396,234,437,13,0,0,13,0,0,424,0,203,3,7,24,1,33,0,2,171,73,10.1
Nyjalik Kelly,156339,ED,UCF,12,11,2,66.7,1,2,323,0,0,68.7,76.2,10.6,81.6,72.4,62.2,3,20,0,1,14.0,14.5,8,1,5,34.7,2,3,0,6,0,42,492,486,0,10,466,10,0,6,214,236,0,26,36,5,3,26,0,12,14,6.0
Wesley Bissainthe,156341,LB,MIAMI FL,13,14,0,61.3,0,0,220,0,0,63.5,64.5,37.9,54.5,67.8,54.9,1,1,0,1,31.0,19.1,13,0,2,59.5,19,1,0,420,1,273,470,11,0,0,11,0,1,459,19,178,35,31,41,1,31,3,0,147,107,7.7
Jaleel Skinner,156343,TE,LOUISVILLE,1,0,0,,0,0,210,0,0,,60.0,60.0,,60.0,,0,0,0,0,,,0,0,3,0.0,0,0,0,0,0,0,1,0,0,0,0,0,0,1,0,1,0,0,0,0,0,0,0,0,0,
Travis Shaw,156345,DI,TEXAS,12,5,0,100.0,0,0,311,0,0,65.1,63.5,81.8,62.9,58.4,78.7,0,1,0,0,-5.0,0.0,0,0,0,79.2,1,0,0,0,0,0,167,167,59,107,0,1,0,0,91,76,0,5,7,2,1,1,0,-5,0,-5.0
Sebastian Cheeks,156346,ED,WISCONSIN,12,5,0,100.0,0,0,349,0,0,64.5,70.2,65.6,68.6,69.0,56.7,6,20,0,0,13.0,21.4,6,0,1,97.2,3,1,0,4,0,37,368,363,0,0,362,1,0,5,207,124,1,15,17,3,3,27,0,22,32,7.3
Beau Atkinson,156348,ED,OHIO STATE,11,4,0,100.0,0,0,260,0,0,37.0,51.8,19.2,54.9,61.9,31.7,3,12,0,0,22.0,33.3,4,0,2,118.8,1,1,0,1,0,8,209,208,0,25,164,19,0,1,124,77,0,4,4,1,1,16,0,22,20,22.0
Sean FitzSimmons,156358,DI,PITTSBURGH,9,13,0,,0,0,268,0,0,62.6,74.4,82.0,65.5,74.5,58.7,2,8,0,0,,14.3,4,0,0,0.0,0,1,0,0,0,0,309,309,7,287,1,14,0,0,150,159,0,12,11,1,0,11,0,0,0,
Ryland Gandy,156360,CB,INDIANA,8,0,0,66.7,0,0,190,0,0,72.4,70.5,79.3,,56.3,82.9,0,0,0,0,17.0,0.0,0,0,0,76.2,6,0,0,7,119,71,126,0,0,0,0,0,0,126,0,55,0,3,8,1,9,0,0,40,3,6.7
Samuel Okunlola,156361,ED,COLORADO,1,2,0,,0,0,143,0,0,,65.7,76.9,64.8,63.1,50.0,0,0,0,0,,33.3,1,0,0,0.0,0,0,0,0,0,0,33,33,0,0,33,0,0,0,11,22,0,0,0,0,0,0,0,0,0,
Robbie Engelberg,156378,S,VIRGINIA,2,1,0,,0,0,335,0,0,74.5,71.3,75.6,,57.3,79.7,0,0,0,0,,0.0,0,0,0,0.0,0,0,0,7,0,22,32,0,0,0,0,0,22,32,0,10,3,0,2,0,0,0,0,0,0,
Trey McDonald,156384,ED,VIRGINIA,3,0,0,100.0,0,0,335,0,0,63.8,56.5,75.2,56.3,54.8,73.0,0,0,0,0,2.0,0.0,0,0,0,79.2,1,0,0,2,0,4,14,11,0,0,11,0,0,3,6,4,1,0,1,0,1,0,0,2,8,2.0
Carlo Thompson,156385,S,GA SOUTHRN,1,1,0,100.0,0,0,174,0,0,65.6,65.6,75.0,59.8,60.5,74.3,0,0,0,0,5.0,0.0,0,0,0,87.5,1,0,0,5,0,9,17,1,0,0,1,0,3,16,1,7,8,0,0,0,1,0,0,5,7,5.0
Terrell Jones,156391,DI,VIRGINIA,3,0,0,,0,1,335,0,0,,79.8,77.2,60.9,86.6,74.3,1,1,0,0,,0.0,0,0,0,0.0,0,0,0,0,0,0,47,47,8,36,0,3,0,0,29,18,0,4,4,1,0,2,0,0,0,
Dasan McCullough,156403,ED,NEBRASKA,11,7,1,75.0,1,0,238,0,0,59.7,66.0,11.4,67.5,68.7,59.3,3,11,0,0,16.0,18.5,5,0,3,99.0,3,2,0,78,0,50,350,262,0,1,261,0,0,88,155,145,10,13,15,3,4,16,0,33,36,11.0
Kaiden Turner,156405,LB,INDIANA,8,3,0,40.0,0,0,190,0,0,42.2,57.9,75.1,66.9,74.1,54.6,0,0,0,1,20.0,33.3,4,0,0,16.7,2,0,0,57,0,31,61,4,0,0,4,0,0,57,3,27,0,2,5,0,5,0,0,25,11,12.5
Phillip Dunnam,156406,S,UCF,12,19,0,74.1,1,0,323,0,0,85.1,75.3,22.4,56.5,60.1,62.0,0,0,1,3,32.0,16.5,13,2,2,60.5,20,0,0,363,0,383,781,1,0,0,1,0,205,780,4,394,211,15,47,3,27,0,0,235,100,11.8
James Monds III,156407,CB,E MICHIGAN,7,4,0,60.0,0,0,160,0,0,52.9,51.7,81.6,55.1,49.6,46.6,0,1,0,0,49.0,23.1,3,0,1,126.3,6,0,0,7,135,63,176,0,0,0,0,0,0,176,3,110,34,0,6,0,10,1,1,98,23,16.3
Jamari Sharpe,156408,CB,INDIANA,12,5,0,62.2,0,4,190,1,0,80.3,78.7,85.3,65.3,60.3,69.3,0,0,0,0,43.0,11.1,4,5,2,83.7,23,0,0,21,588,388,612,2,0,0,2,0,0,610,2,222,0,8,27,3,37,0,0,265,93,11.5
Isaiah Jones,156409,LB,INDIANA,12,12,1,76.9,0,1,190,0,0,62.8,73.5,87.5,77.2,76.4,60.2,3,8,0,1,28.0,16.4,10,2,0,92.4,30,5,0,286,1,212,459,90,0,0,90,0,4,369,66,181,76,35,39,9,39,16,1,265,132,8.8
J'mari Monette,156412,DI,INDIANA,6,0,0,,0,0,190,0,0,,70.9,78.2,73.8,63.4,69.9,0,1,0,0,,0.0,0,0,0,0.0,0,0,0,0,0,0,39,39,22,17,0,0,0,0,20,19,0,1,2,0,0,1,0,0,0,
Nick James,156413,DI,PITTSBURGH,12,4,2,,0,0,268,0,0,60.0,70.3,47.3,67.1,71.8,55.8,5,16,0,0,,16.7,3,0,2,0.0,0,1,0,1,0,0,454,453,87,356,3,7,0,1,282,172,0,11,11,4,0,22,0,0,0,
Louis Moore,156415,S,INDIANA,12,17,0,63.0,0,0,190,0,0,77.1,76.3,87.2,63.9,70.8,72.2,0,0,0,5,18.0,13.2,10,2,0,36.7,17,1,0,148,1,364,576,0,0,0,0,0,349,576,5,207,78,18,49,2,27,1,0,141,43,8.3
Race Stewart,156417,DI,W MICHIGAN,12,6,0,,0,0,347,0,0,61.9,64.7,80.8,56.1,66.0,69.4,0,1,0,0,,6.3,1,0,0,0.0,0,1,0,0,0,0,199,199,5,193,0,1,0,0,86,113,0,7,9,1,0,2,0,0,0,
Kyson Van Vugt,156427,T,FRESNO ST,1,0,0,,0,0,169,0,0,,60.0,60.0,,60.0,,0,0,0,0,,,0,0,0,0.0,0,0,0,0,0,0,2,0,0,0,0,0,0,2,0,2,0,0,0,0,0,0,0,0,0,
Xavier Nwankpa,156431,S,IOWA,12,19,0,62.5,0,2,192,0,0,65.9,73.5,87.9,70.6,81.2,75.3,0,4,0,1,37.0,12.5,11,0,0,84.7,15,0,0,150,2,355,676,11,0,0,11,0,475,665,10,311,38,21,58,1,24,4,1,196,56,13.1
Kael Kolarik,156432,S,IOWA,5,2,0,50.0,0,0,192,0,0,57.5,65.6,76.5,,76.6,80.9,0,0,0,0,22.0,0.0,0,0,0,89.6,1,0,0,12,0,23,55,0,0,0,0,0,40,55,0,32,3,1,1,0,2,0,0,22,0,22.0
Landyn Van Kekerix,156434,LB,IOWA,9,1,0,66.7,0,0,192,0,0,55.1,64.9,78.0,60.0,76.2,76.4,0,0,0,0,13.0,0.0,0,0,0,92.4,2,0,0,16,0,15,32,7,0,0,7,0,0,25,1,16,9,1,1,0,3,0,0,25,8,12.5
Jayden Montgomery,156435,LB,IOWA,10,16,0,50.0,0,0,192,0,0,55.7,67.5,84.3,71.3,73.5,51.8,3,4,0,0,12.0,20.8,11,1,0,56.8,7,0,0,302,2,166,370,8,0,0,8,0,0,362,25,179,58,18,26,1,14,7,0,44,47,6.3
Koen Entringer,156437,S,IOWA,12,15,0,66.7,0,0,192,0,0,65.0,66.6,10.1,68.0,70.0,65.0,2,0,0,0,27.0,14.6,12,4,3,126.6,12,0,0,383,0,336,633,13,0,0,13,0,165,620,9,288,72,20,55,3,18,2,2,138,17,11.5
Luke Gaffney,156438,DI,IOWA,2,1,1,,0,0,192,0,0,,85.5,73.1,74.8,77.7,70.2,0,1,0,0,,0.0,0,0,0,0.0,0,0,0,0,0,0,18,18,2,16,0,0,0,0,9,9,0,0,0,0,0,1,0,0,0,
Dominic Wiseman,156439,DI,S ALABAMA,11,6,0,,0,0,288,0,0,,62.8,50.1,63.1,62.6,26.2,2,7,0,0,,28.6,8,0,1,0.0,0,1,0,0,0,0,241,241,96,143,0,2,0,0,110,131,0,10,14,2,0,10,0,0,0,
Will Hubert,156440,DI,IOWA,7,0,0,,0,0,192,0,0,,66.2,77.0,70.9,59.7,69.7,0,2,0,0,,0.0,0,0,0,0.0,0,0,0,0,0,0,50,50,9,41,0,0,0,0,24,26,0,1,1,0,0,2,0,0,0,
TJ Hall,156441,CB,IOWA,10,10,0,44.0,0,0,192,0,0,74.6,77.7,87.9,,84.4,87.9,0,0,0,1,29.0,2.3,1,7,2,51.3,22,0,1,15,467,290,537,50,0,0,50,0,0,487,0,247,5,6,32,1,50,0,0,251,40,11.4
Deshaun Lee,156442,CB,IOWA,12,2,0,62.5,0,0,192,0,0,74.8,75.2,84.4,53.1,74.2,64.9,0,1,0,2,49.0,15.9,7,3,3,88.7,30,0,0,37,523,326,572,4,0,0,4,0,0,568,2,244,8,13,35,1,48,1,2,438,156,14.6
Brian Allen Jr.,156444,ED,IOWA,12,6,1,,0,0,192,1,0,66.8,73.1,24.5,81.0,62.3,61.2,5,10,0,0,,16.7,3,0,2,0.0,0,2,0,2,0,2,252,250,0,41,153,56,0,2,138,112,0,10,9,0,0,17,0,0,0,
Aaron Graves,156445,DI,IOWA,12,7,1,,1,0,192,0,0,64.4,71.0,67.5,85.9,54.1,53.9,7,8,0,1,,12.5,4,0,1,0.0,0,5,0,1,0,1,557,556,35,518,0,3,0,1,298,258,0,17,21,1,0,20,0,0,0,
Jaishawn Barham,156452,ED,MICHIGAN,12,9,1,54.5,1,0,222,0,0,66.5,79.3,0.0,71.6,90.4,61.6,9,9,0,0,14.0,17.1,7,2,6,60.0,6,3,0,56,0,63,375,304,0,0,304,0,0,71,162,150,15,24,25,5,11,21,0,29,23,4.8
Gavin Gibson,156453,S,N CAROLINA,12,9,1,58.8,0,1,245,1,0,66.1,69.2,49.1,71.1,76.7,56.5,0,1,0,0,19.0,21.4,12,1,2,107.7,20,0,0,177,10,372,636,21,0,0,21,0,306,615,5,259,122,10,35,3,34,1,4,142,102,7.1
Caleb Wheatland,156454,LB,AUBURN,3,0,0,,0,0,115,0,0,62.1,65.3,71.8,,64.2,39.0,0,0,0,0,,50.0,1,0,0,0.0,0,0,0,16,0,5,19,1,0,0,1,0,0,18,0,14,2,1,1,0,0,0,0,0,0,
Ernest Hausmann,156458,LB,MICHIGAN,10,21,0,86.5,0,0,222,0,0,45.1,65.4,84.9,67.4,81.5,79.1,5,9,0,0,24.0,8.6,7,1,0,118.2,32,1,0,422,3,240,495,20,0,0,20,0,0,475,52,203,50,30,53,4,37,15,2,298,190,9.3
Jaeden Gould,156459,S,UCF,7,3,0,0.0,0,0,323,0,0,63.9,69.9,75.7,,75.6,82.2,0,0,0,0,,0.0,0,1,0,39.6,0,0,0,31,0,22,54,0,0,0,0,0,9,54,0,32,12,1,2,0,1,0,0,0,0,
Malcolm Hartzog,156462,S,NEBRASKA,2,0,0,50.0,0,0,238,0,0,76.0,70.1,80.7,56.3,45.3,74.3,0,1,0,1,12.0,0.0,0,1,1,27.1,2,0,0,8,1,42,74,0,0,0,0,0,6,74,3,29,59,0,1,0,4,1,0,22,0,11.0
Jalil Martin,156472,S,SYRACUSE,4,0,0,80.0,0,0,304,0,0,53.7,53.3,78.3,55.4,56.7,78.8,0,1,0,0,24.0,0.0,0,0,1,106.7,4,0,0,9,1,29,49,6,0,0,6,0,1,43,4,16,32,1,4,0,5,1,0,48,19,12.0
Javier Morton,156475,S,TEMPLE,9,5,0,75.0,0,0,306,0,0,73.9,74.2,84.1,52.7,73.3,64.2,0,0,0,0,26.0,15.6,7,2,0,121.9,9,0,0,204,2,180,394,1,0,0,1,0,115,393,9,205,72,13,33,3,12,0,2,51,25,5.7
Deshon Singleton Jr.,156476,S,NEBRASKA,12,14,1,55.2,0,0,238,1,0,65.9,72.2,85.9,88.2,74.1,81.5,3,2,0,2,16.0,9.1,7,2,2,35.4,16,1,0,289,3,306,644,11,0,0,11,0,209,633,15,323,132,25,56,2,29,6,0,112,52,7.0
C.J. Hicks,156483,ED,OHIO STATE,4,1,0,,0,0,260,0,0,61.4,79.7,80.9,78.2,72.9,61.5,0,6,0,0,,16.7,1,0,0,0.0,0,0,0,1,0,6,50,49,0,0,49,0,0,1,23,21,0,3,4,1,0,6,0,0,0,
Jyaire Brown,156484,CB,UCF,6,0,0,85.7,1,0,323,0,0,55.4,56.9,82.8,63.7,58.3,33.5,0,0,0,0,64.0,37.5,3,1,1,158.3,6,0,0,18,0,75,156,5,0,0,5,0,2,151,1,80,129,2,5,1,7,0,2,108,38,18.0
Ryan Turner,156485,CB,PURDUE,7,5,0,66.7,0,0,273,0,0,68.4,71.3,78.2,76.5,69.4,55.5,0,0,0,0,49.0,18.8,3,0,0,109.7,4,1,0,18,82,54,103,0,0,0,0,0,0,103,1,48,3,4,8,0,6,1,0,95,36,23.8
Gabe Powers,156486,LB,KANSAS ST,11,5,0,77.8,0,0,199,0,0,49.6,63.0,5.5,61.8,75.9,72.8,0,4,0,0,27.0,9.5,2,0,1,106.9,7,0,0,152,0,57,189,18,0,0,18,0,0,171,21,111,19,10,14,1,9,4,0,87,40,12.4
Kye Stokes,156487,CB,CINCINNATI,3,0,0,100.0,0,0,138,0,0,52.2,57.5,72.1,,66.1,28.1,0,0,0,0,10.0,50.0,1,0,0,108.3,1,0,0,4,13,4,18,1,0,0,1,0,0,17,0,14,0,1,1,0,1,0,0,10,7,10.0
Caden Curry,156488,ED,OHIO STATE,12,15,1,100.0,0,1,260,2,0,78.7,90.4,88.5,85.7,86.5,75.4,9,19,0,0,5.0,13.2,7,0,0,79.2,4,10,0,3,0,39,495,490,51,35,371,33,0,5,257,199,0,35,31,4,4,38,0,6,1,1.5
Joe Strickland,156496,DI,LIBERTY,12,1,0,,0,0,206,0,0,59.4,62.6,81.2,55.7,68.6,58.9,0,7,0,0,,28.6,2,0,0,0.0,0,1,0,1,0,1,148,147,48,79,1,19,0,1,90,57,0,4,4,0,0,8,0,0,0,
J.P. Deeter,156498,DI,TEXAS ST,11,1,0,,0,0,314,0,0,59.4,52.5,79.0,56.7,50.7,74.8,1,0,0,0,,0.0,0,0,1,0.0,0,0,0,0,0,1,111,111,9,97,0,5,0,0,59,51,0,3,3,1,0,1,0,0,0,
Moses Walker,156507,LB,RUTGERS,4,2,0,100.0,0,0,278,0,0,66.2,68.0,0.0,68.9,69.2,76.4,1,5,0,0,15.0,6.3,1,0,1,108.3,2,0,0,94,2,66,137,14,0,0,14,0,0,123,12,59,27,11,13,2,2,6,0,20,9,10.0
Q'yaeir Price,156508,ED,DELAWARE,3,2,0,,0,0,151,0,0,61.2,65.1,78.7,66.7,58.3,37.7,0,2,0,0,,40.0,2,0,0,0.0,0,2,0,2,0,1,44,42,0,0,33,9,0,2,25,18,0,2,1,0,0,4,0,0,0,
Timmy Ward,156511,S,RUTGERS,10,2,0,100.0,0,0,278,0,0,50.1,51.3,73.7,,55.2,48.5,0,0,0,0,3.0,25.0,1,0,0,79.2,1,0,0,38,0,13,47,2,0,0,2,0,1,45,0,34,6,0,1,0,1,0,0,3,7,3.0
Jaylen Wester,156530,LB,W KENTUCKY,12,19,0,87.5,1,1,346,0,0,52.1,67.5,20.2,64.8,78.9,57.9,2,5,0,0,28.0,16.8,18,0,2,112.8,28,1,0,561,4,293,611,7,0,0,7,0,0,604,59,259,37,46,70,5,32,8,1,274,182,9.8
Larry Preston,156538,CB,JVILLE ST,2,0,0,50.0,0,0,196,0,0,49.1,49.9,73.8,76.8,45.9,15.4,0,0,0,0,62.0,100.0,2,0,0,135.4,1,1,0,2,24,16,27,0,0,0,0,0,1,27,1,10,0,0,0,0,2,1,1,62,36,62.0
Antonio Patterson,156545,S,FIU,6,0,0,100.0,0,0,166,0,0,39.7,43.8,76.8,65.1,54.5,25.6,0,0,0,0,60.0,50.0,3,0,0,158.3,3,0,0,35,0,32,61,0,0,0,0,0,5,61,3,26,21,2,3,0,3,0,1,72,30,24.0
Hezekiah Masses,156555,CB,CAL,12,3,0,46.6,1,0,130,0,0,81.0,79.4,86.0,67.8,65.1,65.4,0,0,0,5,37.0,14.8,8,9,8,43.0,27,0,0,56,716,435,793,1,0,0,1,0,5,792,3,355,14,13,43,2,58,0,2,370,123,13.7
Percy Courtney Jr.,156556,LB,FIU,9,3,0,87.5,0,1,166,0,0,58.8,68.6,82.0,63.1,75.4,64.9,1,4,0,0,19.0,12.2,5,0,1,116.1,7,1,0,237,0,131,271,8,0,0,8,0,0,263,23,117,26,23,33,5,8,6,0,95,34,13.6
Steven Shannon,156560,ED,FIU,9,2,1,,0,0,166,0,0,60.0,66.3,82.8,65.8,62.8,59.2,0,3,0,0,,0.0,0,0,0,0.0,0,1,0,2,0,1,104,102,1,6,92,3,0,2,55,48,0,3,2,0,0,4,0,0,0,
DJ Riles,156596,WR,GA STATE,1,0,0,,0,0,175,0,0,,60.0,60.0,,60.0,,0,0,0,0,,,0,0,0,0.0,0,0,0,0,0,0,2,0,0,0,0,0,0,2,0,2,0,0,0,0,0,0,0,0,0,
Patrick Smith-Young,156616,S,N TEXAS,11,11,0,62.5,0,0,251,1,0,77.6,72.4,86.5,58.2,63.6,79.5,0,0,0,0,34.0,7.9,5,2,0,100.3,10,0,0,326,5,220,564,27,0,0,27,0,135,537,4,340,71,13,47,1,16,0,1,97,18,9.7
Mohammed Bility,156617,CB,RICE,2,0,0,50.0,0,0,275,0,0,51.6,48.1,0.0,,63.5,73.5,0,0,0,0,20.0,0.0,0,0,2,69.8,2,0,0,4,25,14,31,1,0,0,1,0,0,30,0,17,1,0,1,0,4,0,0,25,1,12.5
Ethan Wesloski,156620,LB,N TEXAS,12,18,0,66.7,0,2,251,0,1,87.2,90.4,88.5,68.5,88.6,79.5,5,9,0,1,16.0,10.2,10,1,0,48.6,12,2,0,447,2,219,649,151,0,0,151,0,0,498,70,360,49,45,70,9,18,16,0,61,43,5.1
Cameron Robertson,156623,ED,SMU,9,13,4,50.0,1,2,287,1,0,52.7,84.2,24.3,75.5,91.4,85.2,12,20,0,0,10.0,4.0,2,0,5,64.6,1,6,0,8,0,18,532,523,0,6,494,23,0,9,325,189,1,33,35,6,2,38,0,10,1,10.0
Ammo Robinson,156655,CB,APP STATE,1,0,0,,0,0,108,0,0,60.0,62.3,70.4,,60.0,,0,0,0,0,,,0,0,0,0.0,0,0,0,0,4,1,5,1,0,0,1,0,0,4,0,4,0,0,0,0,0,0,0,0,0,
Keyron Crawford,156660,ED,AUBURN,12,11,0,91.7,1,1,115,1,0,58.5,76.3,40.0,85.8,73.9,43.0,12,26,0,1,17.0,24.4,11,0,4,59.0,11,5,0,45,2,126,616,516,0,5,504,7,0,100,240,250,53,22,23,5,12,43,0,78,48,7.1
Javante Mackey,156661,LB,ARK STATE,5,8,0,83.3,0,0,113,0,0,61.3,63.1,80.3,62.3,62.5,53.4,1,2,0,0,60.0,17.2,5,0,0,158.3,5,0,0,132,0,55,153,10,0,0,10,0,0,143,14,84,11,4,16,3,6,3,1,90,71,18.0
Websley Etienne,156663,S,FIU,6,2,0,69.2,0,0,166,0,0,61.1,62.1,81.5,55.0,64.5,86.0,0,0,0,0,36.0,0.0,0,3,0,118.1,9,0,0,74,1,103,169,6,0,0,6,0,40,163,3,63,46,3,9,0,13,0,1,102,19,11.3
James Reed III,156665,S,ARK STATE,4,1,0,,0,0,113,0,0,62.1,63.1,75.2,,63.1,79.9,0,0,0,0,,0.0,0,0,0,0.0,0,0,0,18,0,20,37,0,0,0,0,0,18,37,0,17,1,0,1,0,0,0,0,0,0,
Josiah Robinson,156669,LB,GA STATE,12,28,0,80.8,0,0,175,1,0,62.9,68.6,85.7,61.6,69.7,87.0,1,11,0,0,35.0,6.7,7,0,0,133.2,21,2,0,721,0,343,800,12,0,0,12,0,4,788,54,403,63,42,69,5,26,14,2,255,186,12.1
Matthew McDoom,156676,CB,CINCINNATI,12,12,0,67.3,1,0,138,0,0,66.2,67.4,49.6,,73.3,71.4,0,0,1,1,93.0,13.3,8,4,7,117.3,35,0,0,93,591,384,694,4,0,0,4,0,0,690,0,310,6,14,40,1,52,0,5,438,159,12.5
Elijah Hopkins,156678,CB,LIBERTY,4,0,0,50.0,0,0,206,0,0,55.9,59.8,77.4,,75.4,79.6,0,0,0,0,19.0,0.0,0,0,0,67.7,2,0,0,9,74,45,86,0,0,0,0,0,0,86,0,41,3,1,4,0,4,0,0,23,7,11.5
Tray Brown,156681,LB,COAST CAR,12,11,0,75.0,0,0,141,2,1,62.1,62.9,9.7,54.9,67.8,67.8,2,7,0,0,36.0,10.2,5,0,3,110.4,6,3,0,469,2,164,494,16,0,0,16,0,0,478,81,249,7,29,33,6,8,12,0,88,67,14.7
Kyrie Samuel,156682,DI,FIU,4,0,0,,0,0,166,0,0,,57.0,75.5,54.4,60.6,72.2,0,1,0,0,,0.0,0,0,0,0.0,0,0,0,0,0,0,34,34,4,27,1,2,0,0,23,11,0,2,2,0,0,1,0,0,0,
JayT Jackson,156696,CB,LA TECH,5,1,0,66.7,0,0,208,0,0,39.2,41.0,74.0,,59.0,76.2,0,0,0,0,40.0,0.0,0,0,0,149.3,2,0,0,2,22,14,25,1,0,0,1,0,0,24,0,11,0,0,1,0,3,0,1,75,33,37.5
D-Icey Hopkins,156697,S,GA STATE,12,13,0,41.4,0,0,175,0,0,59.9,65.2,86.2,66.4,71.4,52.3,0,1,0,0,14.0,19.1,13,4,1,60.6,12,1,0,220,2,276,541,2,0,0,2,0,244,539,8,257,73,19,42,2,29,2,1,70,59,5.8
Izaiah Guy,156698,CB,USF,1,0,0,0.0,0,0,327,0,0,70.7,71.1,73.3,,61.2,73.5,0,0,0,0,,0.0,0,0,0,39.6,0,0,0,3,20,16,25,0,0,0,0,0,0,25,0,9,2,1,1,0,1,0,0,0,0,
JJ Johnson,156702,S,NC STATE,7,7,0,66.7,0,0,248,0,0,53.8,56.4,84.0,69.5,59.1,41.8,0,1,0,0,42.0,24.0,6,1,0,144.9,6,0,0,89,0,153,268,4,0,0,4,0,127,264,4,111,48,4,12,0,9,1,3,103,39,17.2
Jayden Mines,156708,WR,JAMES MAD,1,0,0,,0,0,197,0,0,60.0,62.6,73.9,,,,0,0,0,0,,,0,0,0,0.0,0,0,0,0,0,1,1,0,0,0,0,0,0,1,0,0,0,0,0,0,0,0,0,0,0,
Wayne Knight,156712,HB,JAMES MAD,3,0,0,,1,0,197,0,0,65.9,66.5,60.0,,,,0,0,0,0,,,0,0,1,0.0,0,0,0,0,0,3,3,0,0,0,0,0,0,3,0,0,0,0,0,0,0,0,0,0,0,
Amar Thomas,156719,ED,JAMES MAD,13,12,1,100.0,0,0,197,0,0,78.8,77.7,66.4,72.0,73.1,79.9,7,12,0,0,4.0,5.7,2,0,1,79.2,2,3,0,59,0,52,411,350,0,1,348,1,0,61,160,199,0,18,21,3,2,22,0,4,8,2.0
Chauncey Logan Jr.,156720,CB,MEMPHIS,4,5,0,71.4,0,0,218,0,0,67.9,66.8,79.9,59.8,60.9,74.0,0,0,0,1,16.0,10.0,2,0,2,53.0,10,0,0,16,139,74,160,3,0,0,3,0,1,157,1,85,1,5,13,1,14,0,0,71,45,7.1
Trent Hendrick,156721,LB,JAMES MAD,13,21,0,69.4,0,2,197,0,0,72.5,82.7,11.6,82.3,85.2,80.0,2,9,0,0,64.0,8.1,7,4,4,128.9,25,3,0,635,1,347,738,60,0,0,60,0,3,678,68,323,37,36,58,4,36,14,4,276,180,11.0
Jacob Thomas,156722,S,JAMES MAD,13,20,0,65.4,1,1,197,0,0,71.0,77.3,56.5,85.6,79.1,58.1,3,5,0,2,48.0,20.3,15,5,4,85.9,17,2,0,306,4,378,720,53,0,0,53,0,211,667,40,302,143,22,39,2,26,10,2,223,107,13.1
Brent Austin,156723,CB,CAL,12,6,0,42.9,1,2,130,1,0,87.4,85.9,86.0,55.2,70.5,76.9,0,0,0,0,38.0,8.7,4,11,4,70.7,18,0,0,38,690,412,753,0,0,0,0,0,5,753,3,338,19,11,36,1,42,0,1,252,61,14.0
Justin Eaglin,156724,CB,JAMES MAD,13,3,0,50.7,0,0,197,0,0,70.8,73.0,86.0,,78.5,62.2,0,0,1,5,98.0,15.0,6,5,1,66.9,35,0,0,12,603,375,631,2,0,0,2,0,0,629,0,256,11,11,31,0,69,0,3,634,276,18.1
Aiden Fisher,156725,LB,INDIANA,11,24,0,70.8,1,0,190,1,0,63.0,69.4,51.3,63.9,75.3,63.3,3,11,1,2,20.0,14.3,12,0,1,45.0,17,2,0,462,0,280,544,57,0,0,57,0,1,487,50,214,23,32,48,3,24,16,0,107,60,6.3
Tyrique Tucker,156729,DI,INDIANA,12,9,0,,1,0,190,0,0,73.0,79.0,65.7,70.5,78.7,70.5,3,13,0,0,,11.1,3,0,1,0.0,0,6,0,0,0,2,410,409,225,177,0,7,0,1,251,157,0,17,15,5,0,22,0,0,0,
Collin Jacob,156744,S,LA LAFAYET,5,9,0,80.0,0,0,207,0,0,73.4,75.1,80.1,77.1,70.4,78.1,0,1,0,1,9.0,9.7,3,1,0,79.2,4,1,0,54,0,50,146,2,0,0,2,0,73,144,3,93,17,10,19,1,5,2,1,14,13,3.5
Kailep Edwards,156745,LB,LA LAFAYET,3,0,0,,0,0,207,0,0,60.8,35.5,73.6,,32.2,27.6,0,0,0,0,,44.4,4,0,0,0.0,0,0,0,27,0,3,28,0,0,0,0,0,0,28,0,25,1,1,5,0,0,0,0,0,0,
Lorenzell Dubose,156747,CB,LA LAFAYET,4,1,0,57.1,0,0,207,0,0,49.4,54.3,77.4,,66.2,33.8,0,0,0,0,28.0,33.3,2,0,0,99.7,4,0,0,13,84,33,99,0,0,0,0,0,0,99,0,66,2,0,3,0,7,0,0,84,39,21.0
Maurion Eleam,156750,CB,LA LAFAYET,9,12,0,58.8,0,1,207,0,0,72.8,73.5,88.1,65.2,70.5,78.3,0,1,0,0,17.0,8.7,4,0,0,65.3,10,1,0,36,0,189,373,10,0,0,10,0,1,363,16,168,326,13,30,1,17,2,0,58,37,5.8
Markeegan Gray,156780,CB,LA MONROE,3,1,0,50.0,0,0,209,0,0,60.9,72.3,70.6,,77.3,79.7,0,0,0,0,4.0,0.0,0,0,0,56.3,1,0,0,4,0,5,14,0,0,0,0,0,0,14,0,9,10,2,3,0,2,0,0,4,5,4.0
Kenard Snyder,156781,ED,TEXAS ST,12,14,0,,0,0,314,0,0,67.4,71.9,62.9,62.4,76.8,70.0,2,6,0,0,,11.4,4,0,1,0.0,0,3,0,4,0,6,350,345,0,15,288,42,0,5,183,161,1,15,17,3,0,11,0,0,0,
Jacobie Henderson,156809,CB,RUTGERS,12,2,1,54.9,1,1,278,0,0,58.9,59.7,48.7,83.1,59.2,75.7,0,2,0,0,78.0,9.1,4,2,5,120.4,28,0,0,28,503,318,600,45,0,0,45,0,1,555,4,278,23,13,38,3,51,2,6,408,122,14.6
Leon Hart Jr.,156811,LB,FAU,11,36,0,74.4,0,1,165,0,0,45.1,53.3,82.9,66.8,57.4,74.7,0,7,0,0,43.0,10.6,11,1,1,105.3,29,2,0,517,0,277,638,4,0,0,4,0,0,634,42,319,117,32,57,3,39,9,1,306,224,10.6
AG McGhee,156812,S,ARK STATE,12,15,0,62.5,1,0,113,0,0,55.7,56.6,28.9,57.0,60.8,60.1,0,1,0,1,43.0,18.4,18,3,4,77.2,25,0,0,306,0,426,841,18,0,0,18,0,255,823,14,401,262,22,65,3,40,1,0,321,140,12.8
Dainsus Miller,156813,CB,WYOMING,11,8,0,50.0,0,1,351,0,0,76.9,77.2,49.6,,75.7,39.0,0,0,0,0,46.0,23.7,9,4,3,67.4,14,0,0,44,459,270,530,0,0,0,0,0,11,530,0,260,16,9,21,3,28,0,0,159,50,11.4
James Smyre,156816,ED,UAB,6,0,0,,0,0,321,0,0,60.0,62.3,0.9,60.2,66.5,80.2,1,1,0,0,,0.0,0,0,1,0.0,0,0,0,3,1,1,71,62,0,0,62,0,0,9,17,53,5,2,5,0,0,2,0,0,0,
Anthony Dunn Jr.,156819,ED,TOLEDO,12,9,0,,0,0,316,0,0,57.7,83.5,57.1,82.6,80.7,61.3,3,14,0,0,,10.7,3,0,1,0.0,0,2,0,3,0,12,281,278,1,1,252,24,0,3,144,125,0,16,16,1,0,19,0,0,0,
Mario Easterly,156823,S,DOMINION,12,21,0,62.5,0,0,263,1,0,68.7,65.6,85.8,65.5,58.2,66.1,2,3,0,1,31.0,14.5,10,3,0,65.9,10,1,0,375,2,343,636,6,0,0,6,0,193,630,12,281,60,15,38,2,16,6,0,145,53,14.5
Chris Spencer,156825,ED,DOMINION,12,3,0,,1,0,263,0,0,,62.6,16.4,57.4,69.0,51.0,0,2,0,0,,25.0,2,0,1,0.0,0,1,0,0,0,0,91,91,0,19,48,24,0,0,41,50,0,3,3,0,0,3,0,0,0,
Micheal Caraway Jr.,156841,S,FLORIDA,6,1,0,66.7,0,0,163,0,0,75.1,74.1,78.8,57.0,68.3,61.0,0,0,0,0,9.0,16.7,1,1,0,74.3,2,0,0,14,0,37,68,3,0,0,3,0,25,65,2,29,26,2,4,0,3,0,0,12,7,6.0
Brodarius Lewis,156845,DI,SO MISS,12,18,3,,0,0,296,0,0,55.6,79.2,70.8,68.8,84.5,56.1,2,22,0,0,,11.8,8,0,1,0.0,0,0,0,11,0,5,665,654,31,486,7,130,0,11,351,309,0,33,42,3,0,24,0,0,0,
Bernock Iya,156855,S,NEW MEX ST,12,10,2,75.0,0,1,242,1,1,70.9,74.2,85.8,84.8,73.5,69.1,2,2,0,4,38.0,12.3,8,3,0,57.7,24,0,0,185,2,304,581,1,0,0,1,0,148,580,15,262,245,17,47,3,32,4,0,251,171,10.5
Alonzo Edwards Jr.,156859,CB,SM HOUSTON,12,6,0,69.4,1,1,281,0,0,52.7,55.5,84.7,67.4,64.2,54.8,0,0,0,1,55.0,18.2,10,5,3,114.0,34,1,0,52,540,334,608,2,0,0,2,0,8,606,4,270,6,14,39,1,49,1,2,576,155,16.9
Blake Matthews,156872,LB,DELAWARE,11,12,1,80.6,0,0,151,0,0,64.2,66.2,88.6,48.7,75.3,64.0,1,13,0,0,43.0,15.4,8,2,0,98.8,29,0,0,237,0,265,596,242,0,0,242,0,3,354,93,238,114,17,32,3,36,14,0,278,179,9.6
Justin Powe,156873,S,TROY,11,12,0,54.8,0,0,318,1,0,37.4,49.5,87.2,65.7,71.6,62.9,1,1,0,1,49.0,16.1,10,2,0,85.1,17,0,0,266,5,320,603,0,0,0,0,0,245,603,2,281,86,12,40,0,31,2,1,298,89,17.5
Nasir Pogue,156874,CB,MISSOURI,1,0,0,,0,0,229,0,0,54.9,54.5,69.2,,60.0,73.5,0,0,0,0,,0.0,0,0,0,0.0,0,0,0,0,6,5,6,0,0,0,0,0,0,6,0,1,0,0,1,0,0,0,0,0,0,
Luke Hodge,156876,LB,TROY,12,15,1,88.2,0,1,318,0,0,69.5,69.4,80.2,67.1,66.4,49.3,1,6,0,0,16.0,20.0,11,1,0,110.5,15,0,0,308,1,155,375,11,0,0,11,0,0,364,27,193,54,19,29,3,17,7,1,99,99,6.6
Kiawan Murphy,156887,DI,AKRON,12,3,1,,0,0,102,0,0,,63.3,59.4,59.6,64.7,44.6,1,4,0,0,,18.8,3,0,2,0.0,0,0,0,2,0,0,333,330,120,167,4,39,0,3,129,204,0,9,10,0,0,5,0,0,0,
Bryan McCoy Jr.,156889,LB,OKLA STATE,12,26,0,70.8,1,0,262,1,0,43.6,60.6,1.2,49.5,79.4,68.3,3,9,0,0,51.0,14.0,13,1,4,129.3,17,0,0,586,2,259,666,31,0,0,31,0,1,635,85,322,46,27,54,1,24,12,2,233,169,13.7
DeJuan Echoles Jr.,156900,ED,BALL ST,11,10,3,100.0,0,2,117,0,0,50.2,78.2,56.5,89.7,68.8,51.5,2,9,0,0,20.0,23.1,6,0,1,118.8,4,4,0,35,0,32,288,250,0,1,248,1,0,38,139,117,3,12,10,2,4,15,0,53,41,13.3
Canaan Williams,156908,LB,KENT STATE,10,12,0,86.7,0,0,201,0,0,71.1,68.9,86.3,54.6,67.5,67.4,1,2,0,0,15.0,13.0,6,0,0,95.8,13,1,0,106,0,136,349,42,0,0,42,0,0,307,35,178,201,14,28,0,15,4,0,105,54,8.1
Josh Baka,156915,S,UAB,1,1,0,,0,0,321,0,0,60.0,77.1,69.4,60.0,80.5,78.7,0,1,0,0,,0.0,0,0,0,0.0,0,0,0,7,0,1,10,0,0,0,0,0,1,10,1,8,2,1,2,0,0,1,0,0,0,
Malachi McLean,156929,S,UCONN,10,26,0,46.2,0,1,146,0,0,74.7,74.7,50.7,72.1,70.8,38.5,0,3,0,1,26.0,23.5,23,1,1,28.4,6,1,0,227,0,316,638,33,0,0,33,0,323,605,11,311,55,15,49,0,13,4,0,62,47,10.3
Sterling Webb,156932,DI,MISSOURI,12,4,0,,0,0,229,0,0,60.0,73.2,83.4,72.7,70.5,48.6,2,15,0,0,,21.1,4,0,0,0.0,0,3,0,3,0,0,365,361,14,327,9,11,0,4,222,143,0,10,11,1,0,20,0,0,0,
Buddha Peleti Jr.,156933,ED,WASH STATE,12,5,0,66.7,0,0,341,0,0,68.7,72.2,87.2,70.2,67.1,49.1,3,20,0,0,12.0,23.1,6,0,0,75.7,2,3,0,13,0,10,388,375,0,2,345,28,0,13,205,173,0,16,15,5,3,26,0,13,12,6.5
Jonathan Brady,156940,WR,INDIANA,2,0,0,,0,0,190,0,0,60.0,55.6,60.0,,60.0,,0,0,0,0,,,0,0,0,0.0,0,0,0,0,0,1,2,0,0,0,0,0,0,2,0,1,0,0,0,0,0,0,0,0,0,
Keyshaun Elliott,156945,LB,ARIZONA ST,12,21,0,71.9,1,0,110,0,0,47.9,67.5,54.9,80.4,79.3,61.1,5,3,0,0,33.0,16.8,18,1,2,102.5,23,7,0,505,1,321,649,39,0,0,39,0,10,610,24,304,94,44,68,8,32,15,1,231,155,10.0
Gabe Peterson,156950,ED,NEW MEX ST,11,10,0,,0,0,242,0,0,57.5,66.4,69.2,67.3,64.2,65.6,7,19,0,0,,12.5,4,0,1,0.0,0,1,0,1,0,20,464,461,0,18,387,56,2,3,234,210,0,10,18,0,0,27,0,0,0,
Donovan Hinish,156961,DI,NOTRE DAME,11,1,0,,0,0,258,0,0,59.3,65.3,56.0,70.5,56.5,34.7,5,21,0,0,,20.0,3,0,1,0.0,0,1,0,1,0,2,310,309,39,260,0,10,0,1,229,79,0,9,11,1,0,27,0,0,0,
Jaden Mickey,156969,S,BOISE ST,10,3,0,61.9,0,2,120,1,0,73.9,64.8,7.9,51.8,53.2,30.0,1,6,0,0,79.0,33.3,14,4,3,90.9,26,1,0,134,8,232,451,32,0,0,32,0,13,419,26,193,263,15,25,6,42,8,1,295,260,11.3
Jaylen Sneed,156972,LB,NOTRE DAME,12,10,0,100.0,0,1,258,0,0,64.8,69.7,39.0,73.1,67.7,76.0,2,7,0,0,23.0,7.3,3,0,1,115.4,10,3,0,215,3,128,313,77,0,0,77,0,0,236,62,123,18,12,28,2,10,12,0,117,39,11.7
Aiden Gobaira,156974,ED,JAMES MAD,13,7,0,,0,0,197,0,0,61.3,76.9,29.0,69.7,84.0,69.1,3,17,0,0,,11.4,4,0,3,0.0,0,5,0,5,0,8,436,429,55,73,230,71,0,7,272,156,0,27,24,4,0,25,0,0,0,
Josh Burnham,156977,ED,NOTRE DAME,12,2,0,100.0,0,0,258,0,0,68.3,74.4,52.2,68.6,74.8,68.5,2,14,0,0,-5.0,20.0,3,0,1,79.2,1,3,0,0,0,15,235,234,0,5,200,29,0,1,113,107,1,12,10,2,1,19,0,-5,-1,-5.0
Tyson Ford,156978,DI,CAL,7,1,0,,0,0,130,0,0,,54.3,2.8,60.0,56.4,73.5,0,2,0,0,,0.0,0,0,1,0.0,0,0,0,0,0,0,75,75,0,18,4,53,0,0,27,48,0,0,1,0,0,2,0,0,0,
Junior Tuihalamaka,156982,ED,NOTRE DAME,12,5,1,100.0,0,0,258,0,0,62.8,71.7,58.8,67.7,73.6,74.0,1,17,0,0,13.0,15.4,2,0,1,85.4,2,1,0,3,0,15,286,282,0,5,267,10,0,4,157,114,1,5,6,2,2,19,0,9,5,4.5
Jayden Bellamy,156984,CB,UCF,12,5,0,50.0,0,0,323,0,0,77.8,76.4,86.3,68.8,62.9,81.3,0,1,0,1,46.0,7.9,3,8,0,63.8,31,0,0,43,590,324,666,12,0,0,12,0,2,654,4,338,18,14,30,0,62,1,1,318,143,10.3
Malachi Davis,156997,ED,TOLEDO,12,4,1,100.0,0,1,316,0,0,78.2,81.5,47.6,86.8,67.1,62.6,13,16,0,0,7.0,17.6,6,0,2,79.2,2,7,0,19,0,15,442,422,0,2,377,43,0,20,227,200,1,23,24,4,2,36,0,2,2,1.0
Avery Smith,157000,CB,TOLEDO,12,3,0,47.3,0,0,316,0,0,65.4,69.5,86.8,68.9,81.7,48.0,0,1,0,1,40.0,21.6,11,9,4,59.9,26,1,0,24,527,365,684,2,0,0,2,0,5,682,4,315,126,13,37,4,55,2,1,263,64,10.1
Jehiem Oatis,157002,DI,COLORADO,11,3,1,,0,0,143,0,0,60.6,64.2,83.8,63.2,62.3,75.5,0,6,0,0,,0.0,0,0,0,0.0,0,0,0,0,0,1,258,258,53,198,0,7,0,0,107,150,0,4,6,0,0,6,0,0,0,
Jeremiah Alexander,157005,LB,CLEMSON,10,5,1,62.5,0,0,140,1,0,69.6,66.8,77.6,63.6,61.6,67.0,1,1,0,0,14.0,8.0,2,1,0,76.6,5,1,0,133,0,54,170,15,0,0,15,0,0,155,33,83,22,12,18,1,8,3,0,43,55,8.6
Shawn Murphy,157006,LB,S CAROLINA,12,13,0,82.1,0,0,289,0,0,51.7,64.7,84.8,62.3,75.7,70.8,3,5,0,0,41.0,10.5,6,0,0,109.4,23,0,0,342,0,193,430,14,0,0,14,0,0,416,46,191,74,26,38,4,28,8,1,207,125,9.0
Khurtiss Perry,157007,DI,JVILLE ST,12,4,0,,1,0,196,1,0,61.5,65.4,0.0,67.4,69.4,67.4,1,11,0,0,,6.3,1,0,5,0.0,0,2,0,2,0,0,333,330,11,178,9,132,0,3,176,157,0,9,11,2,0,14,0,0,0,
Tre'Quon Fegans,157009,CB,JVILLE ST,11,7,1,30.6,1,0,196,0,0,73.8,70.1,33.3,78.4,46.9,78.8,0,3,0,1,75.0,6.7,2,5,3,48.1,11,0,0,30,517,280,571,6,0,0,6,0,1,565,7,284,16,6,21,0,36,3,1,198,110,18.0
Jaylen Lewis,157018,S,W KENTUCKY,12,11,0,60.9,0,0,346,1,0,89.1,80.0,53.0,58.8,61.1,62.5,0,0,0,2,25.0,15.0,12,3,1,51.4,14,0,0,427,3,418,719,14,0,0,14,0,153,705,2,299,120,26,57,3,23,0,1,112,75,8.0
Anthony Brown,157019,S,S ALABAMA,2,2,0,25.0,0,0,288,0,0,54.3,49.9,77.8,,45.2,41.1,0,0,0,0,27.0,28.6,2,1,0,55.2,1,0,0,36,0,23,61,0,0,0,0,0,15,61,0,38,10,0,3,0,4,0,0,27,3,27.0
Mani Powell,157027,LB,PURDUE,12,22,0,66.7,0,0,273,0,0,50.2,58.7,88.2,73.5,56.8,43.0,3,18,0,0,35.0,23.4,30,1,1,98.5,18,6,0,634,2,267,744,79,0,0,79,0,0,665,93,384,28,57,76,5,27,27,1,185,66,10.3
Jordan Crook,157032,LB,ARIZONA ST,12,38,0,62.5,0,0,110,0,0,75.0,85.6,85.9,68.6,87.3,69.0,2,2,0,1,33.0,11.5,13,1,1,79.7,20,2,0,570,3,324,650,11,0,0,11,0,9,639,33,293,57,40,62,5,32,6,2,136,95,6.8
JD Rhym,157039,CB,HOUSTON,1,0,0,,0,0,182,0,0,56.8,58.0,70.8,,61.2,26.9,0,0,0,0,,100.0,1,0,0,0.0,0,0,0,2,8,3,10,0,0,0,0,0,0,10,0,7,0,0,0,0,0,0,0,0,0,
Enyce Sledge,157044,DI,FAU,11,2,0,,0,0,165,0,0,,47.2,23.5,55.9,47.7,74.8,0,0,0,0,,0.0,0,0,1,0.0,0,0,0,0,0,0,112,112,57,54,0,1,0,0,44,68,0,2,2,0,0,0,0,0,0,
Robert Woodyard Jr.,157047,LB,AUBURN,12,19,0,89.5,0,0,115,0,0,61.6,78.1,40.7,73.8,86.6,79.0,6,9,0,0,21.0,7.6,6,1,1,100.4,17,1,0,375,3,183,432,20,0,0,19,1,1,412,34,215,33,32,54,5,19,16,0,154,79,9.1
Omari Kelly,157048,WR,MICH STATE,2,0,0,,0,0,223,0,0,,62.7,60.0,,62.4,70.3,0,0,0,0,,0.0,0,0,0,0.0,0,0,0,0,0,0,2,0,0,0,0,0,0,2,0,2,0,0,1,0,0,0,0,0,0,
Caleb Wooden,157051,S,ARKANSAS,12,11,0,78.9,0,0,111,0,0,53.5,56.7,51.2,65.3,61.9,60.2,1,2,0,0,64.0,18.4,14,1,2,153.8,15,0,0,188,3,330,670,17,0,0,17,0,378,653,6,334,83,12,51,3,19,3,2,281,165,18.7
Jeffrey M'ba,157055,DI,SMU,12,13,0,,0,0,287,0,0,60.0,72.9,47.8,73.6,70.2,56.8,2,12,0,0,,8.8,3,0,2,0.0,0,6,0,1,0,0,481,480,96,370,1,13,0,1,263,218,0,17,18,2,0,20,0,0,0,
CJ Madden,157062,ED,PURDUE,12,3,0,,0,0,273,0,0,62.0,64.9,86.1,57.5,67.9,28.8,0,8,0,0,,35.0,7,0,0,0.0,0,1,0,1,0,10,433,432,0,30,300,102,0,1,203,220,0,11,10,2,0,9,0,0,0,
Shone Washington,157063,DI,LSU,6,0,0,,0,0,211,0,0,60.0,60.6,75.7,55.2,64.5,72.4,0,0,0,0,,0.0,0,0,0,0.0,0,0,0,0,0,0,44,44,0,40,0,4,0,0,30,14,0,2,2,0,0,0,0,0,0,
Bear Alexander,157064,DI,OREGON,13,7,1,,0,0,264,2,0,58.9,73.7,85.3,69.2,73.1,65.1,5,10,0,0,,10.4,5,0,0,0.0,0,2,0,0,0,2,510,510,85,352,4,69,0,0,276,232,0,31,36,5,0,17,0,0,0,
Terrell Foster,157075,LB,GEORGIA,8,2,0,100.0,0,0,173,0,0,64.9,67.4,75.1,57.9,69.2,80.7,0,3,0,0,13.0,0.0,0,0,0,104.2,2,0,0,63,2,31,74,6,0,0,6,0,0,68,13,30,3,3,3,0,2,3,0,18,19,9.0
CJ Smith,157076,WR,MEMPHIS,1,0,0,,0,0,218,0,0,,60.0,73.9,,60.0,,0,0,0,0,,,0,0,0,0.0,0,0,0,0,0,0,1,0,0,0,0,0,0,1,0,1,0,0,0,0,0,0,0,0,0,
JaCorey Thomas,157078,S,GEORGIA,12,10,0,68.8,0,0,173,0,0,59.1,64.2,85.4,58.8,74.7,83.8,0,0,0,0,40.0,7.1,3,0,0,112.8,11,0,0,49,1,226,387,7,0,0,7,0,294,380,1,160,36,5,29,0,16,0,1,125,40,11.4
Daylen Everette,157079,CB,GEORGIA,11,11,0,57.4,0,0,173,0,0,63.4,67.1,84.6,44.2,85.4,78.5,0,2,0,0,75.0,8.5,4,4,4,95.9,31,0,0,70,513,363,620,2,0,0,2,0,0,618,4,253,35,14,32,1,54,2,3,356,170,11.5
Tomiwa Durojaiye,157096,DI,ILLINOIS,11,7,1,,0,1,187,0,0,59.6,75.8,31.6,67.3,81.9,82.3,0,13,0,0,,0.0,0,0,2,0.0,0,2,0,3,0,3,349,346,11,159,3,173,0,3,199,147,0,10,11,1,0,15,0,0,0,
Elijah Reed,157097,CB,AKRON,12,5,0,57.5,0,1,102,0,0,74.1,77.3,84.8,87.4,80.0,59.5,0,0,0,2,45.0,17.6,9,3,4,58.9,23,1,0,65,487,298,580,10,0,0,10,0,0,570,5,277,18,19,37,1,40,1,1,205,79,8.9
Kells Bush,157102,DI,JAMES MAD,7,1,0,,0,0,197,0,0,60.0,63.6,77.0,58.8,64.0,76.0,0,0,0,0,,0.0,0,0,0,0.0,0,0,0,0,0,1,56,56,13,42,0,1,0,0,25,30,0,2,5,0,0,0,0,0,0,
Quency Wiggins,157104,DI,COLORADO,11,6,0,,0,0,143,0,0,60.0,58.8,80.8,60.2,59.2,57.4,1,6,0,0,,9.1,1,0,0,0.0,0,0,0,0,0,0,173,173,0,122,32,19,0,0,89,84,0,4,4,1,0,7,0,0,0,
Fitzgerald West Jr.,157107,DI,LA LAFAYET,12,8,1,,0,0,207,0,0,57.0,62.7,85.9,55.7,65.6,81.1,2,4,0,0,,0.0,0,0,0,0.0,0,1,0,0,0,2,376,376,145,221,4,6,0,0,181,193,0,11,15,0,0,7,0,0,0,
Tygee Hill,157111,DI,OREGON ST,12,7,0,,0,0,265,0,0,,65.4,83.7,57.8,67.8,54.6,2,5,0,0,,14.8,4,0,0,0.0,0,0,0,0,0,0,347,345,66,264,3,12,0,2,170,177,0,11,16,3,0,7,0,0,0,
Jordan Allen,157114,S,HOUSTON,12,7,0,61.5,1,0,182,1,0,69.3,73.2,88.0,60.3,78.2,83.5,0,1,0,0,36.0,8.2,4,2,1,95.5,16,1,0,143,2,328,631,11,0,0,11,0,432,620,11,292,43,12,38,0,26,2,1,183,92,11.4
Laterrance Welch,157115,CB,UNLV,12,3,0,60.9,0,0,325,0,0,74.4,70.7,0.0,70.2,53.9,41.6,0,1,0,4,59.0,26.9,7,1,3,64.9,14,0,0,26,420,276,457,1,0,0,1,0,0,456,5,176,7,7,16,0,23,1,1,205,118,14.6
Jaelyn Davis-Robinson,157116,CB,SMU,8,1,0,61.8,0,0,287,0,0,71.5,70.4,82.5,58.3,60.2,44.9,0,0,0,2,70.0,25.0,7,3,1,117.0,21,0,0,17,270,178,295,1,0,0,1,0,3,294,1,116,3,4,20,0,34,0,6,395,166,18.8
Harold Perkins Jr.,157120,LB,LSU,12,10,1,80.6,0,1,211,1,0,51.7,62.4,86.0,72.6,69.0,53.5,5,11,0,3,33.0,21.0,13,0,0,73.5,29,3,0,366,10,340,707,77,0,0,77,0,4,630,79,288,250,27,39,5,36,19,1,279,170,9.6
Davison Igbinosun,157129,CB,OHIO STATE,12,11,0,41.0,0,0,260,0,0,79.9,79.8,39.2,60.8,78.3,71.1,0,2,0,1,28.0,11.4,5,5,5,43.4,16,0,0,59,445,303,534,0,0,0,0,0,1,534,6,225,28,3,28,0,39,2,0,167,39,10.4
Tavion Prather,157135,DI,OLE MISS,1,0,0,,0,0,226,0,0,,60.0,64.7,,60.0,,0,0,0,0,,,0,0,0,0.0,0,0,0,0,0,0,1,1,0,1,0,0,0,0,0,1,0,0,0,0,0,0,0,0,0,
Reginald Hughes,157136,LB,COLORADO,12,13,0,75.0,0,0,143,1,0,43.4,54.6,51.9,77.9,55.4,90.0,2,5,0,0,27.0,1.9,1,0,1,112.3,15,1,0,427,1,178,516,69,0,0,69,0,0,447,71,267,18,16,38,1,20,8,1,149,101,9.9
Jacarius Clayton,157139,DI,MARSHALL,7,0,0,,0,0,214,0,0,,56.0,77.6,56.9,55.7,73.1,0,2,0,0,,0.0,0,0,0,0.0,0,0,0,0,0,0,77,77,17,11,4,45,0,0,49,28,0,2,2,0,0,2,0,0,0,
Ja'Varis Bufford,157140,S,COAST CAR,2,0,0,,0,0,141,0,0,60.0,31.2,99.1,,26.6,28.1,0,0,0,0,,50.0,1,0,0,0.0,0,0,0,3,0,1,9,0,0,0,0,0,0,9,0,8,5,0,1,0,0,0,0,0,0,
DeCarlos Nicholson,157143,CB,USC,12,9,0,60.8,0,0,326,0,0,78.2,77.2,42.4,61.7,72.6,90.2,0,0,0,1,69.0,4.4,2,3,5,95.2,31,1,0,66,492,305,587,3,0,0,3,0,22,584,5,277,4,12,34,0,51,1,4,300,138,9.7
Marquis Gracial,157153,DI,MISSOURI,12,2,1,,0,1,229,0,0,60.0,79.4,81.9,58.0,86.2,79.5,0,2,0,0,,0.0,0,0,0,0.0,0,0,0,1,0,0,222,221,34,187,0,0,0,1,100,122,0,11,12,3,0,2,0,0,0,
DJ Wesolak,157154,ED,MO STATE,12,11,2,100.0,0,0,230,2,0,51.4,66.6,36.5,70.0,65.6,70.8,1,16,0,0,11.0,10.8,4,0,3,112.5,1,5,0,0,0,10,505,505,0,2,474,29,0,0,266,229,0,20,22,3,1,22,0,11,6,11.0
Jalen Marshall,157155,DI,MISSOURI,12,3,1,,0,0,229,0,0,,66.5,80.2,61.1,67.1,79.1,0,0,0,0,,0.0,0,0,0,0.0,0,2,0,1,0,0,162,161,3,154,1,3,0,1,77,85,0,8,8,0,0,2,0,0,0,
Ja'Marion Wayne,157164,CB,COAST CAR,11,10,0,60.0,1,2,141,0,0,57.0,65.0,85.3,64.7,90.3,56.6,0,1,0,1,73.0,16.7,11,6,1,118.4,30,0,0,33,460,271,515,18,0,0,18,0,0,497,2,242,3,20,45,1,50,1,7,421,153,14.0
Carmycah Glass,157169,LB,HOUSTON,12,12,0,54.5,0,1,182,0,0,62.6,60.0,85.5,57.0,58.1,73.3,4,1,0,0,30.0,7.4,2,0,0,70.3,6,1,0,276,1,124,325,24,0,0,24,0,0,301,50,151,24,7,13,0,11,6,0,60,67,10.0
Javen Jacobs,157190,HB,UTAH ST,1,0,0,,0,0,329,0,0,,60.1,60.0,,60.0,,0,0,0,0,,,0,0,0,0.0,0,0,0,0,0,0,1,0,0,0,0,0,0,1,0,1,0,0,0,0,0,0,0,0,0,
Robby Harrison,157195,DI,W KENTUCKY,11,6,0,,0,0,346,0,0,60.0,65.7,42.3,64.0,66.2,71.8,2,2,0,0,,5.9,1,0,1,0.0,0,1,0,0,0,0,180,180,87,91,0,2,0,0,87,93,0,9,10,1,0,5,0,0,0,
Braxton Fely,157202,DI,BOISE ST,12,8,0,,0,0,120,0,0,50.6,59.9,49.5,77.2,51.7,29.0,2,15,0,0,,39.1,9,0,2,0.0,0,6,0,1,0,8,517,515,37,428,1,49,0,2,253,256,0,11,6,1,0,23,0,0,0,
Jaseim Mitchell,157214,LB,COLO STATE,6,7,0,83.3,0,0,144,0,0,58.6,65.2,85.9,64.6,66.1,70.0,1,3,0,0,23.0,11.8,4,0,0,95.8,5,1,0,116,0,51,244,99,0,0,99,0,0,145,31,162,29,17,23,2,6,5,0,42,37,8.4
Nuer Gatkuoth,157215,ED,WAKE,11,4,0,83.3,1,1,339,0,0,79.5,74.2,66.2,77.5,60.1,45.9,6,20,0,1,13.0,25.9,7,0,1,40.3,5,6,0,7,0,38,390,382,0,3,366,13,0,8,187,165,0,19,16,1,6,32,0,19,14,3.8
Christian Ellis,157236,S,VA TECH,4,1,0,20.0,0,0,337,0,0,66.4,64.1,78.7,59.6,58.7,54.5,0,0,0,0,21.0,20.0,2,3,0,44.6,1,0,0,45,0,42,94,0,0,0,0,0,33,94,1,51,16,4,7,1,5,0,0,21,11,21.0
Devon Jackson,157253,LB,OREGON,11,9,0,73.3,0,0,264,0,0,57.6,65.3,82.4,67.7,69.6,67.8,2,3,0,0,32.0,10.8,4,0,1,92.9,11,0,0,253,2,143,323,24,0,0,24,0,0,299,32,148,44,13,24,0,15,5,0,107,65,9.7
Harrison Taggart,157254,LB,CAL,10,10,0,75.0,0,0,130,0,0,69.5,67.4,80.7,50.2,65.9,62.3,0,1,0,0,19.0,12.9,4,1,0,92.7,6,0,0,176,1,89,193,5,0,0,5,0,1,188,16,88,10,10,17,1,8,1,0,54,58,9.0
Anthony Jones Jr.,157255,ED,UCLA,11,8,0,66.7,0,0,324,0,0,50.2,59.1,70.1,55.9,63.9,61.5,4,10,0,0,18.0,16.7,4,1,1,95.1,2,3,0,32,0,17,490,456,0,33,390,33,0,34,244,229,1,10,12,1,3,17,0,27,27,13.5
Jahlil Florence,157256,CB,OREGON,1,0,0,,0,0,264,0,0,62.5,63.9,73.3,,62.4,,0,0,0,0,,,0,0,0,0.0,0,0,0,0,19,3,19,0,0,0,0,0,0,19,0,16,0,0,0,0,0,0,0,0,0,
David Bailey,157272,ED,TEXAS TECH,12,4,0,,0,1,315,1,0,85.5,92.4,1.4,93.3,76.4,79.4,18,42,0,0,,16.1,5,1,6,0.0,0,13,0,1,0,13,510,508,0,3,449,56,0,2,325,172,0,32,22,5,0,73,0,0,0,
Matt Rose,157275,LB,STANFORD,12,32,2,86.7,0,1,300,1,0,79.1,80.1,0.0,65.5,82.1,76.1,1,8,0,0,44.0,11.8,15,1,3,121.5,26,4,0,543,0,312,622,23,0,0,23,0,3,599,74,236,53,45,80,5,30,13,2,235,163,9.0
Collin Wright,157276,CB,STANFORD,9,5,0,56.8,0,0,300,0,0,73.5,74.9,34.8,57.8,81.5,80.8,0,1,1,1,37.0,7.7,3,4,2,86.5,25,0,0,27,436,291,473,4,0,0,4,0,2,469,2,180,4,12,31,1,44,1,3,251,75,10.0
Scotty Edwards,157277,S,STANFORD,11,7,0,69.6,0,0,300,0,0,53.0,53.8,86.2,59.9,53.7,48.6,0,2,0,0,29.0,24.5,13,2,0,115.5,16,2,0,139,3,254,435,19,0,0,19,0,167,416,24,157,106,13,33,0,23,4,1,226,52,14.1
Ernest Cooper,157278,ED,STANFORD,12,9,0,100.0,0,0,300,1,0,46.5,56.3,68.2,50.7,68.9,68.3,3,10,0,0,31.0,15.4,4,0,1,118.8,4,3,0,6,0,33,438,423,1,53,330,39,0,15,249,156,9,8,13,2,4,16,0,87,53,21.8
Jaxson Moi,157280,DI,TENNESSEE,9,3,0,,0,0,307,0,0,61.7,60.7,19.1,55.3,66.7,29.6,0,3,0,0,,26.7,4,0,2,0.0,0,2,0,0,0,0,237,237,44,150,1,42,0,0,128,109,0,7,8,1,0,5,0,0,0,
Tevarua Tafiti,157281,ED,STANFORD,11,6,1,78.6,0,0,300,0,0,52.8,65.3,75.6,61.1,73.4,53.7,9,26,0,0,18.0,23.8,10,1,1,118.2,11,2,0,16,0,81,599,546,0,0,545,1,0,53,286,232,37,20,26,5,14,37,1,93,80,8.5
Zach Rowell,157284,DI,STANFORD,12,6,0,,0,0,300,0,0,62.7,49.5,50.4,56.5,43.9,67.1,0,7,0,0,,7.7,1,0,1,0.0,0,0,0,1,0,0,260,259,24,176,10,49,0,1,161,99,0,5,6,0,0,7,0,0,0,
Namdi Obiazor,157288,LB,TCU,12,25,1,75.9,0,1,305,0,0,60.2,73.5,86.3,78.4,79.0,79.8,0,7,0,2,30.0,8.8,7,0,1,94.0,22,2,0,521,5,332,675,64,0,1,63,0,1,611,52,291,83,24,48,2,29,9,2,240,156,10.9
Damonic Williams,157291,DI,OKLAHOMA,12,8,0,,0,0,261,0,0,60.0,56.1,60.1,58.0,55.5,62.7,1,10,0,0,,4.3,1,0,1,0.0,0,2,0,2,0,1,372,370,86,229,10,45,0,2,209,162,0,13,14,2,0,13,0,0,0,
Connor Lingren,157293,DI,TCU,12,2,0,,0,0,305,0,0,,56.0,84.6,51.7,58.5,74.9,0,1,0,0,,0.0,0,0,0,0.0,0,0,0,1,0,0,217,216,89,127,0,0,0,1,109,108,0,2,5,0,0,1,0,0,0,
Paul Oyewale,157294,ED,TCU,12,4,0,,1,1,305,1,0,63.1,72.5,66.2,62.1,80.8,60.0,3,22,0,0,,16.7,5,0,1,0.0,0,2,0,0,0,11,441,440,0,12,303,125,0,1,267,163,0,17,21,6,0,27,0,0,0,
Champ Lewis,157299,CB,TULSA,11,2,0,66.7,0,0,320,0,0,66.1,68.0,81.7,60.0,74.3,75.7,0,0,0,0,42.0,6.3,1,3,1,129.6,12,0,0,14,211,143,235,1,0,0,1,0,4,234,1,91,4,4,13,0,18,0,2,151,16,12.6
Kyron Chambers,157300,CB,SMU,11,10,0,73.5,0,0,287,0,0,61.0,62.5,35.4,63.3,68.5,77.1,1,0,0,0,27.0,6.5,2,2,4,88.4,25,0,0,78,9,255,408,17,0,0,17,0,26,391,7,146,277,7,19,2,34,1,0,204,135,8.2
Chace Biddle,157301,S,UTEP,2,0,0,,0,0,330,0,0,54.9,55.7,71.5,,60.0,22.1,0,0,0,0,,100.0,1,0,0,0.0,0,0,0,3,0,10,12,0,0,0,0,0,8,12,0,2,1,0,0,0,0,0,0,0,0,
Justice Finkley,157306,ED,KANSAS,12,8,0,80.0,1,1,198,0,0,41.7,65.8,44.7,70.8,66.1,75.7,5,10,0,0,14.0,4.3,1,0,2,91.7,4,2,0,1,0,17,404,401,0,90,292,19,0,3,202,185,2,10,14,2,5,17,0,30,30,7.5
Jaylon Guilbeau,157307,CB,TEXAS,12,7,0,69.6,0,0,311,0,0,63.4,65.4,84.6,,71.9,54.3,0,1,0,1,67.0,19.6,9,2,2,118.1,32,0,0,37,490,335,548,0,0,0,0,0,7,548,0,213,14,10,30,1,46,1,4,421,152,13.2
Larry Turner-Gooden,157308,S,S JOSE ST,9,8,0,70.0,2,1,285,0,0,66.7,71.4,85.1,65.8,80.9,71.4,1,0,0,1,22.0,12.1,4,1,2,62.1,7,0,0,58,1,225,342,7,0,0,7,0,244,335,4,113,32,6,21,0,10,1,0,99,13,14.1
Aaron Bryant,157310,DI,VANDERBILT,11,0,0,,0,0,333,0,0,57.5,56.8,78.7,61.5,56.0,42.9,0,2,0,0,,25.0,1,0,0,0.0,0,0,0,1,0,1,103,102,12,86,1,3,0,1,58,44,0,2,3,1,0,2,0,0,0,
BJ Allen Jr.,157311,CB,N TEXAS,11,4,0,47.1,1,0,251,0,0,64.3,63.1,0.0,55.9,65.3,49.9,0,0,0,0,34.0,20.0,3,3,2,64.6,8,0,0,36,3,96,170,10,0,0,10,0,0,160,5,69,121,5,8,1,17,0,0,95,29,11.9
Jaray Bledsoe,157313,DI,MISS STATE,12,10,0,,0,0,227,0,0,58.3,57.1,58.7,64.6,51.4,34.8,3,10,0,0,,24.1,7,0,1,0.0,0,2,0,0,0,0,316,316,166,140,1,9,0,0,197,119,0,7,12,3,0,15,0,0,0,
Joseph Adedire,157323,ED,NC STATE,8,2,0,,0,0,248,0,0,60.5,77.9,81.3,67.3,78.4,48.0,0,2,0,0,,20.0,1,0,0,0.0,0,0,0,0,0,2,81,81,0,7,62,12,0,0,30,49,0,1,2,0,0,2,0,0,0,
Tre'Von McAlpine,157324,DI,TULANE,13,6,0,,0,0,319,1,0,75.6,66.0,65.1,59.4,66.6,78.3,2,4,0,0,,3.0,1,0,1,0.0,0,1,0,1,0,0,400,398,273,106,1,18,0,2,205,195,0,18,26,0,0,7,0,0,0,
Harvey Dyson III,157327,ED,TULANE,13,3,0,100.0,2,2,319,0,0,42.6,66.4,47.2,90.2,50.6,55.3,1,13,0,0,72.0,19.2,5,0,2,152.1,10,8,0,7,4,59,420,405,0,3,397,5,0,15,184,177,3,16,18,4,10,22,1,146,104,14.6
Wesley Smith,157329,LB,TEXAS TECH,3,0,0,50.0,0,0,315,0,0,79.8,80.7,72.0,56.5,71.0,80.1,0,0,0,0,4.0,0.0,0,0,0,56.3,1,0,0,23,0,10,25,0,0,0,0,0,1,25,3,12,1,1,4,0,2,0,0,4,8,4.0
Ben Roberts,157332,LB,TEXAS TECH,12,22,1,65.6,0,1,315,1,0,73.9,75.1,83.0,53.7,81.1,79.1,1,6,0,1,44.0,9.0,7,3,0,70.2,21,0,0,537,0,385,662,8,0,0,8,0,5,654,44,233,111,26,49,3,32,7,0,203,158,9.7
Coy Eakin,157337,WR,TEXAS TECH,1,0,0,,0,0,315,0,0,,60.0,60.0,,60.0,,0,0,0,0,,,0,0,1,0.0,0,0,0,0,0,0,1,0,0,0,0,0,0,1,0,1,0,0,0,0,0,0,0,0,0,
Tanner Allen,157340,DI,TEXAS TECH,2,0,0,,0,0,315,0,0,,60.2,72.2,64.5,56.6,72.2,0,1,0,0,,0.0,0,0,0,0.0,0,0,0,1,0,0,15,14,3,9,0,2,0,1,9,6,0,1,2,1,0,1,0,0,0,
Asani Redwood,157354,DI,W VIRGINIA,12,7,0,100.0,0,0,343,0,0,57.8,59.4,83.8,60.9,57.9,74.2,2,13,0,0,43.0,4.8,1,1,0,118.8,1,0,0,0,0,5,424,422,2,273,42,105,0,2,223,196,0,11,13,1,1,15,0,43,30,43.0
Hershey McLaurin,157356,S,PURDUE,5,4,0,75.0,0,2,273,0,0,63.1,63.6,0.0,70.7,64.5,54.7,0,0,0,0,25.0,17.9,5,1,1,138.5,3,1,0,112,0,95,219,3,0,0,3,0,87,216,2,122,17,5,19,0,4,1,1,33,7,11.0
Trey Lathan,157359,LB,KANSAS,12,27,0,69.4,0,1,198,2,0,80.3,74.5,85.4,70.1,63.8,87.3,6,10,0,1,58.0,6.3,6,2,0,97.8,25,2,0,652,1,316,713,3,0,0,3,0,1,710,59,338,56,35,63,5,36,18,2,267,201,10.7
Jarel Williams,157361,WR,W VIRGINIA,1,0,0,,0,0,343,0,0,,60.1,60.0,,60.0,,0,0,0,0,,,0,0,0,0.0,0,0,0,0,0,0,1,0,0,0,0,0,0,1,0,1,0,0,0,0,0,0,0,0,0,
Mumu Bin-Wahad,157368,CB,UNLV,10,5,0,59.3,0,1,325,1,0,60.8,67.9,0.0,70.1,90.3,78.0,4,5,0,0,45.0,8.3,2,1,3,93.4,16,0,0,55,88,159,325,16,0,0,16,0,21,309,15,151,142,10,17,1,27,9,1,192,71,12.0
Brylan Green,157386,S,LIBERTY,10,4,0,54.5,0,0,206,1,0,79.5,78.6,85.2,54.6,74.7,71.8,0,0,0,1,41.0,14.0,7,5,0,100.8,12,0,0,179,4,244,493,1,0,0,1,0,196,492,4,245,112,9,39,1,22,0,3,172,35,14.3
Dexter Ricks Jr.,157387,CB,LIBERTY,10,4,0,57.7,0,0,206,1,0,63.1,60.8,83.5,60.0,47.9,64.2,0,0,0,0,27.0,13.6,3,2,1,87.2,15,0,0,31,313,202,367,2,0,0,2,0,8,365,1,164,13,9,15,1,26,0,1,151,59,10.1
Jayden Sweeney,157389,S,FAU,11,11,1,62.5,0,0,165,0,0,53.3,59.0,85.8,74.4,66.1,56.9,2,3,0,0,46.0,19.6,11,1,0,114.8,15,0,0,197,5,272,515,10,0,0,10,0,225,505,9,234,78,7,34,1,24,5,2,189,121,12.6
A'Khori Jones,157391,S,LIBERTY,12,7,0,60.0,0,1,206,0,0,69.5,66.4,83.5,62.4,60.2,36.7,1,3,0,1,55.0,26.9,14,1,0,82.6,9,1,0,204,10,228,481,11,0,0,11,0,176,470,11,242,78,15,31,3,15,5,1,130,88,14.4
Elijah Auguste,157393,S,LIBERTY,12,7,0,69.2,0,0,206,0,0,67.6,65.3,30.2,53.3,64.4,71.3,0,1,0,0,32.0,12.5,5,0,1,88.6,9,0,0,150,6,196,404,2,0,0,2,0,155,402,8,200,89,8,28,1,13,1,0,90,32,10.0
Lawrence Brown Jr.,157394,CB,UTSA,7,2,0,75.0,0,0,331,0,0,66.7,61.2,77.9,,46.2,31.3,0,0,0,0,47.0,33.3,3,1,0,156.3,3,0,0,15,95,40,110,0,0,0,0,0,0,110,0,70,0,2,4,2,4,0,1,82,9,27.3
Dylan Mullins,157397,S,LIBERTY,1,0,0,,0,0,206,0,0,60.0,60.0,65.4,,60.0,,0,0,0,0,,,0,0,0,0.0,0,0,0,0,0,1,2,0,0,0,0,0,2,2,0,1,0,0,0,0,0,0,0,0,0,
Bryce Dixon,157403,DI,LIBERTY,11,4,1,,0,0,206,1,0,59.3,64.8,83.5,59.6,66.7,73.4,4,9,0,0,,5.6,1,0,0,0.0,0,2,0,1,0,3,373,372,36,224,1,111,0,1,198,172,0,10,13,0,0,15,0,0,0,
Jackson Vick,157406,CB,NC STATE,9,8,0,58.9,0,0,248,0,0,48.3,47.7,15.1,52.5,49.7,42.3,0,2,0,0,36.0,24.0,12,3,4,88.7,33,0,0,110,8,353,566,23,0,0,23,0,16,543,14,199,408,14,30,2,56,2,2,344,147,10.4
Brandon Cleveland,157411,DI,NC STATE,12,9,0,,0,0,248,0,0,60.0,72.2,85.4,62.1,75.4,67.4,2,9,0,0,,8.6,3,0,0,0.0,0,2,0,2,0,0,484,482,135,342,0,5,0,2,271,213,0,20,23,4,0,13,0,0,0,
Nick Campbell,157412,DI,APP STATE,11,5,0,,1,0,108,0,0,62.2,64.6,24.6,67.9,60.7,77.2,0,1,0,0,,0.0,0,0,1,0.0,0,0,0,0,0,0,125,125,17,102,1,5,0,0,65,60,0,2,3,1,0,1,0,0,0,
DJ Jackson,157413,DI,LIBERTY,7,4,0,,0,0,206,0,0,,64.6,79.5,63.6,62.7,64.1,0,2,0,0,,9.1,1,0,0,0.0,0,0,0,0,0,0,94,94,13,44,1,36,0,0,46,48,0,6,6,1,0,2,0,0,0,
Aisea Moa,157430,LB,MICH STATE,11,4,1,100.0,0,0,223,0,0,64.3,63.6,85.6,81.2,43.7,77.1,1,10,0,0,19.0,7.1,1,0,0,137.5,6,0,0,110,0,55,180,57,0,0,57,0,0,123,42,83,13,5,9,1,6,11,1,45,37,7.5
Logan Fano,157432,ED,UTAH,11,7,2,66.7,0,0,328,0,0,59.3,78.8,88.0,74.9,76.8,66.5,8,21,0,0,11.0,12.8,6,0,0,86.8,2,5,0,7,0,17,515,508,0,27,468,13,0,7,255,243,0,23,34,3,3,34,0,21,16,10.5
Michael Daley,157435,ED,RICE,4,3,2,100.0,0,0,275,0,0,53.5,68.2,35.3,71.1,67.1,44.6,2,6,0,0,29.0,28.6,4,0,1,118.8,1,3,0,4,0,8,157,145,0,0,144,1,0,12,72,77,8,7,7,0,1,11,0,29,24,29.0
Isaiah Glasker,157436,LB,BYU,12,17,1,73.3,0,1,128,1,0,48.1,59.6,67.6,79.4,58.3,48.3,2,11,0,2,25.0,22.9,16,1,1,80.3,22,3,0,342,7,290,676,253,0,0,253,0,0,423,115,271,74,20,37,6,30,16,1,243,194,11.0
J.D. Lampley,157442,DI,E CAROLINA,12,4,1,100.0,1,0,156,0,0,66.6,49.8,67.2,56.0,40.2,27.0,6,12,0,0,5.0,30.4,7,1,1,87.5,1,1,0,2,0,13,499,496,6,227,159,104,0,3,285,201,0,11,12,5,1,19,0,5,2,5.0
Samuel Dankah,157444,LB,E CAROLINA,12,10,0,68.6,0,0,156,0,0,55.1,57.1,85.5,64.6,54.8,42.0,3,7,0,0,45.0,23.9,16,3,0,119.6,24,1,0,336,0,222,481,87,0,0,87,0,5,394,66,193,53,25,41,5,35,11,3,267,158,11.1
Isaiah Brown-Murray,157447,CB,VA TECH,12,6,0,58.7,0,0,337,0,0,72.6,74.1,84.6,56.5,77.7,69.5,0,0,0,1,54.0,12.0,6,4,1,82.9,27,0,0,97,592,361,694,2,0,0,2,0,0,692,3,330,3,9,38,2,46,0,2,292,111,10.8
Zakye Barker,157449,LB,SMU,10,11,0,55.6,0,1,287,0,0,46.5,62.3,78.5,56.6,79.5,64.7,0,1,0,0,29.0,9.7,3,1,0,85.0,5,0,0,190,1,104,213,4,0,0,4,0,0,209,14,95,18,8,17,0,9,1,0,79,51,15.8
Joey Zelinsky,157453,ED,PITTSBURGH,11,6,0,100.0,0,0,268,0,0,55.1,68.4,53.7,65.8,71.2,67.2,2,12,0,0,13.0,15.0,3,0,1,118.8,1,3,0,0,0,5,239,239,3,20,211,5,0,0,147,87,0,9,11,2,1,17,0,13,7,13.0
Jason Marshall,157457,S,E MICHIGAN,12,13,0,80.0,0,0,160,0,0,60.6,59.6,85.6,,56.9,42.9,0,0,0,0,25.0,25.8,17,0,0,137.5,8,0,0,193,8,218,479,0,0,0,0,0,249,479,0,261,29,13,36,0,10,0,1,90,56,11.3
Joshua Scott,157470,CB,E MICHIGAN,12,5,0,50.0,0,0,160,0,0,68.6,63.0,0.0,53.9,46.1,29.3,0,0,0,1,34.0,31.4,11,2,5,82.7,13,0,0,11,414,241,504,2,0,0,2,0,1,502,3,260,76,3,19,0,26,0,2,183,34,14.1
Barry Manning,157476,LB,E MICHIGAN,12,14,0,81.3,0,1,160,0,0,60.1,60.1,81.0,55.4,60.1,42.3,0,4,0,1,27.0,21.1,19,1,0,104.2,26,1,0,539,10,260,661,4,0,0,4,0,12,657,27,374,96,29,57,3,32,5,2,228,123,8.8
Maverick Baranowski,157484,LB,MINNESOTA,12,31,0,68.0,0,1,225,0,0,70.6,75.1,81.4,58.7,77.7,73.0,1,5,0,0,22.0,11.2,11,1,0,108.3,17,2,0,576,0,289,610,1,0,0,1,0,0,609,48,273,33,34,56,7,25,8,2,137,83,8.1
Anthony Smith,157485,ED,MINNESOTA,12,6,1,100.0,0,0,225,0,0,58.0,68.1,72.6,68.3,65.1,59.5,7,20,0,0,6.0,26.9,7,0,1,79.2,2,12,0,7,0,6,610,602,0,28,453,121,0,8,358,246,1,19,13,4,2,39,0,3,5,1.5
Tariq Watson,157504,CB,UAB,8,3,0,41.2,0,0,321,0,0,58.4,58.5,82.0,,57.7,35.8,0,0,0,0,59.0,31.3,5,2,1,107.4,7,0,0,15,253,137,273,2,0,0,2,0,3,271,0,136,0,2,8,0,17,0,3,128,49,18.3
Tyler Stolsky,157505,LB,FAU,12,26,1,82.9,0,0,165,1,0,59.3,64.1,55.5,61.3,66.5,64.9,1,3,0,0,32.0,12.6,13,1,1,103.5,29,1,0,442,1,215,540,81,0,0,81,0,2,459,38,287,14,33,64,1,35,5,1,229,171,7.9
Joey Gerlach,157506,LB,MINNESOTA,9,1,0,100.0,0,0,225,0,0,62.5,70.8,79.5,67.6,75.4,81.7,0,2,0,0,10.0,0.0,0,0,0,95.8,2,0,0,25,0,27,63,29,0,0,29,0,0,34,14,22,9,3,5,0,2,2,0,14,0,7.0
Aidan Gousby,157507,S,MINNESOTA,10,7,0,61.5,0,0,225,0,0,63.3,58.9,83.7,65.6,44.1,50.4,0,1,0,0,71.0,21.9,7,1,0,134.6,8,0,0,112,43,216,365,0,0,0,0,0,151,365,3,146,59,6,18,0,13,1,2,130,88,16.3
Coleman Bryson,157509,S,N CAROLINA,12,2,0,63.6,0,0,245,0,0,59.1,60.0,83.2,56.6,61.1,43.5,0,0,0,0,23.0,28.6,6,2,0,106.3,7,0,0,61,3,97,225,18,0,0,18,0,107,207,7,121,33,4,13,0,11,0,1,55,32,7.9
Rayyan Buell,157513,DI,MEMPHIS,11,2,0,,0,0,218,0,0,63.2,66.3,81.4,62.1,64.0,47.9,1,4,0,0,,12.5,1,0,0,0.0,0,0,0,0,0,1,202,200,1,72,73,54,0,2,96,105,0,3,5,2,0,5,0,0,0,
Jamare Glasker,157528,CB,MARYLAND,10,7,0,48.0,0,0,215,0,0,62.8,65.1,85.1,75.0,68.4,62.9,0,0,1,4,49.0,15.9,7,4,2,75.8,24,1,0,46,530,322,616,0,0,0,0,0,8,616,1,293,32,12,30,6,50,1,8,329,91,13.7
Zamari Stevenson,157530,CB,WAKE,11,1,0,53.3,0,0,339,0,0,64.5,61.9,81.5,69.1,48.7,64.6,2,0,0,1,19.0,13.3,2,0,0,39.6,8,0,0,26,0,79,159,0,0,0,0,0,4,159,2,78,128,6,12,0,15,2,0,75,32,9.4
Elijah Hall,157533,ED,LIBERTY,11,4,2,100.0,1,0,206,0,0,50.6,58.6,16.8,69.6,55.2,28.0,1,4,0,0,18.0,35.7,5,0,2,118.8,1,4,0,0,0,9,222,222,0,45,99,78,0,0,127,86,0,8,5,1,1,9,0,18,2,18.0
Wesley Grimes,157534,WR,NC STATE,2,0,0,,0,0,248,0,0,60.0,61.3,61.8,,60.0,,0,0,0,0,,,0,0,2,0.0,0,0,0,0,0,1,2,0,0,0,0,0,1,2,0,1,0,0,0,0,0,0,0,0,0,
Kevin Abrams-Verwayne,157542,ED,APP STATE,12,8,1,0.0,0,2,108,0,0,60.9,81.5,51.0,79.6,81.7,65.9,6,15,0,0,,15.8,6,0,2,39.6,0,5,0,2,1,29,473,456,0,5,441,10,0,17,261,183,14,19,24,2,1,26,0,0,0,
Ethan Johnson,157549,CB,APP STATE,12,3,0,59.3,0,0,108,0,0,72.5,71.4,86.4,48.8,65.8,52.5,0,0,0,0,41.0,16.7,8,7,1,100.0,32,0,0,61,673,452,804,12,0,0,12,0,17,792,9,343,41,8,37,1,54,0,3,389,128,12.2
DJ Burks,157550,S,APP STATE,12,27,0,73.1,0,1,108,0,0,51.7,50.3,34.5,52.4,50.4,42.0,0,0,0,2,48.0,24.4,20,4,1,92.5,19,0,0,133,1,299,531,10,0,0,10,0,318,521,8,224,69,6,35,1,26,0,2,224,82,11.8
Santana Hopper,157551,DI,TULANE,13,8,0,,0,0,319,1,0,67.8,80.5,52.8,80.9,73.6,49.2,11,20,0,0,,17.1,6,0,2,0.0,0,2,0,4,0,1,612,607,43,136,42,386,0,5,359,252,0,19,21,6,0,33,0,0,0,
Derrell Farrar,157552,LB,LIBERTY,11,20,0,70.4,0,1,206,0,0,65.1,60.0,23.8,57.5,58.8,56.4,5,6,0,0,40.0,16.8,16,2,2,99.0,19,1,0,499,2,236,610,38,0,0,38,0,23,572,67,307,48,33,59,2,27,12,0,248,150,13.1
Markus Clark,157556,DI,LIBERTY,9,3,0,,0,0,206,0,0,60.0,66.4,81.6,57.9,68.9,43.3,0,4,0,0,,25.0,3,0,0,0.0,0,0,0,0,0,0,178,178,27,113,2,36,0,0,82,96,0,4,6,0,0,4,0,0,0,
Donovan Spellman,157558,ED,UNLV,12,2,1,,0,0,325,0,0,64.1,57.9,85.4,51.0,62.7,69.4,3,4,0,0,,9.1,1,0,0,0.0,0,0,0,5,0,9,202,195,0,0,189,6,0,7,111,82,1,6,8,2,0,7,0,0,0,
Caleb Bacon,157561,LB,IOWA STATE,12,16,0,72.7,0,1,193,0,0,58.4,69.9,88.7,71.4,74.1,54.9,7,6,0,0,24.0,18.7,14,3,2,109.3,16,3,0,393,1,262,652,134,0,0,134,0,0,518,110,280,124,29,45,5,22,16,1,166,86,10.4
Will McLaughlin,157562,LB,IOWA STATE,8,0,1,50.0,0,1,193,0,0,52.1,59.2,81.6,73.7,57.7,38.7,0,1,0,0,3.0,30.8,4,0,0,56.3,1,2,0,92,0,41,143,24,0,0,24,0,0,119,19,83,27,10,9,0,2,3,0,3,4,3.0
Jontez Williams,157583,CB,IOWA STATE,5,4,0,53.3,0,0,193,0,0,84.6,83.6,81.0,58.2,75.1,87.1,0,0,0,1,14.0,0.0,0,1,0,31.3,8,0,0,25,165,116,202,4,0,0,4,0,1,198,1,85,7,4,11,1,15,0,0,34,9,4.3
Jacob Ellis,157590,LB,COLO STATE,10,14,0,100.0,0,1,144,0,0,57.5,67.2,87.2,49.2,76.0,49.1,1,8,0,0,16.0,19.3,11,2,0,101.7,10,0,0,240,7,105,367,98,0,0,98,0,1,269,49,213,20,19,32,2,10,9,0,84,32,8.4
Ikenna Ezeogu,157591,ED,IOWA STATE,12,11,2,100.0,0,0,193,1,0,59.1,57.8,85.5,53.7,60.3,55.6,2,12,0,0,-3.0,15.4,4,0,0,79.2,1,0,0,0,0,3,566,566,2,127,235,202,0,0,306,257,0,9,11,2,1,14,0,-3,1,-3.0
Carson Willich,157592,LB,IOWA STATE,6,4,0,90.0,0,0,193,0,0,67.1,55.9,81.7,60.0,38.6,34.9,0,4,0,0,18.0,27.6,8,0,0,95.0,9,0,0,121,0,92,196,16,0,0,16,0,1,180,19,85,58,8,17,1,10,4,0,68,21,7.6
Blake Thompson,157593,S,HOUSTON,11,2,0,50.0,0,0,182,0,0,67.2,67.3,83.0,58.9,65.7,53.7,0,0,0,1,23.0,22.2,4,0,0,27.6,4,0,0,75,0,116,206,4,0,0,4,0,108,202,2,88,19,4,12,0,8,0,0,45,35,11.3
Treyveon McGee,157596,S,CHARLOTTE,10,11,0,81.8,0,0,136,0,0,58.5,57.0,87.0,61.9,51.1,43.6,1,2,0,0,26.0,18.8,6,1,0,134.1,18,0,0,96,0,205,392,56,0,0,56,0,3,336,14,173,236,8,15,2,22,3,4,147,94,8.2
John Klosterman,157597,LB,IOWA STATE,6,0,0,60.0,0,0,193,0,0,52.7,54.4,77.0,58.7,60.2,62.1,0,1,0,0,11.0,25.0,1,0,0,70.4,3,0,0,48,0,41,68,2,0,0,2,0,0,66,10,17,18,0,3,0,5,1,0,22,17,7.3
Domonique Orange,157602,DI,IOWA STATE,12,1,0,0.0,0,0,193,0,0,70.3,68.3,87.6,62.8,67.4,27.2,3,10,0,0,,25.0,7,1,0,39.6,0,0,0,4,0,6,547,543,412,92,12,27,0,4,317,224,0,16,20,1,1,13,0,0,0,
Myles Norwood,157603,CB,S CAROLINA,8,3,0,68.2,0,0,289,0,0,43.3,49.2,81.8,59.5,72.4,55.9,0,0,0,0,21.0,17.4,4,0,0,90.5,15,0,0,20,204,112,242,5,0,0,5,0,7,237,1,129,6,3,16,0,22,0,0,167,69,11.1
Trent Jones II,157604,DI,UCONN,7,8,0,,0,0,146,2,0,59.6,69.0,81.8,55.8,77.8,61.1,1,8,0,0,,13.0,3,0,0,0.0,0,2,0,1,0,4,260,259,6,140,36,77,0,1,141,115,0,6,12,1,0,11,0,0,0,
Jeremiah Cooper,157608,CB,IOWA STATE,4,0,0,35.7,0,0,193,0,0,74.0,73.3,80.6,60.0,66.6,51.7,0,1,0,1,26.0,20.0,2,3,1,45.2,5,0,0,19,162,102,191,2,0,0,2,0,0,189,1,88,8,5,8,2,14,1,1,65,41,13.0
Tyre West,157613,ED,TENNESSEE,11,6,1,,1,1,307,0,0,69.5,63.1,24.3,72.0,53.9,58.2,4,8,0,0,,17.4,4,0,2,0.0,0,4,0,0,0,1,251,250,0,10,199,41,0,1,132,118,1,13,13,3,0,16,0,0,0,
Elijah Herring,157614,LB,FLORIDA ST,12,14,0,90.0,0,0,167,0,0,34.9,60.1,82.3,61.8,83.2,62.0,0,4,0,1,42.0,14.0,7,0,0,124.6,18,2,0,333,2,170,375,13,0,0,13,0,0,362,37,168,27,18,29,2,20,6,4,188,91,10.4
Kaleb Webb,157616,WR,MARYLAND,1,0,0,,0,0,215,0,0,,63.1,60.0,,60.0,74.4,0,0,0,0,,0.0,0,0,1,0.0,0,0,0,0,0,0,1,0,0,0,0,0,0,1,0,1,0,1,1,0,0,0,0,0,0,
Cam Miller,157620,S,MEMPHIS,2,1,0,,0,0,218,0,0,61.0,66.3,71.5,,65.8,76.5,0,0,0,0,,0.0,0,0,0,0.0,0,0,0,2,0,2,9,1,0,0,1,0,5,8,0,7,1,0,1,0,0,0,0,0,0,
Max Alford,157627,LB,BYU,9,7,0,50.0,0,0,128,0,0,63.7,62.9,78.3,70.7,55.2,44.6,2,5,0,0,7.0,28.0,7,0,0,58.3,1,2,0,136,0,54,142,1,0,0,1,0,0,141,21,67,5,7,11,0,2,9,0,7,2,7.0
Bronson Olevao Jr.,157632,LB,UTAH ST,12,14,1,76.7,0,0,329,1,0,54.6,62.8,61.2,62.0,67.6,57.8,5,14,0,2,24.0,17.2,15,0,1,77.2,23,4,0,691,1,303,788,34,0,0,34,0,2,754,138,347,60,37,58,4,30,23,1,201,141,8.7
Paul Fitzgerald,157633,ED,UTAH,4,2,0,,0,0,328,0,0,62.7,78.1,81.2,69.5,77.4,64.8,0,2,0,0,,9.1,1,0,0,0.0,0,1,0,1,0,3,80,79,2,2,74,1,0,1,38,39,0,7,8,1,0,3,0,0,0,
Enoka Migao,157635,ED,UTAH ST,4,2,0,,0,0,329,0,0,,62.4,24.4,61.3,65.3,66.7,0,4,0,0,,11.1,1,0,1,0.0,0,0,0,0,0,0,116,116,0,6,92,18,0,0,64,52,0,5,6,1,0,4,0,0,0,
Tavian Coleman,157637,DI,COLORADO,5,4,0,,0,0,143,0,0,60.0,66.2,79.8,58.3,69.4,77.2,0,1,0,0,,0.0,0,0,0,0.0,0,0,0,0,0,0,124,124,19,103,0,2,0,0,71,53,0,4,5,1,0,1,0,0,0,
Malachi Madison,157649,DI,UMASS,8,4,0,,1,0,216,0,0,57.3,55.5,17.5,59.3,59.2,27.0,0,3,0,0,,35.7,5,0,2,0.0,0,1,0,2,0,1,228,226,9,212,0,5,0,2,94,133,0,5,5,0,0,4,0,0,0,
Mansoor Delane,157650,CB,LSU,11,8,1,40.0,0,0,211,0,0,90.7,90.5,85.3,66.4,74.4,76.4,1,2,0,2,29.0,10.6,5,7,0,31.3,14,0,0,55,516,357,623,8,0,0,8,0,5,615,6,260,39,10,34,0,35,3,0,165,96,11.8
Keyshawn Burgos,157654,ED,VA TECH,4,2,0,,0,0,337,0,0,61.7,57.9,0.0,71.3,59.2,28.7,0,3,0,0,,40.0,2,0,2,0.0,0,0,0,4,0,5,73,68,0,0,67,1,0,5,18,50,1,1,1,0,0,3,0,0,0,
Kevin Sjogren,157669,ED,WYOMING,10,1,0,,0,0,351,0,0,65.5,57.1,79.6,59.9,51.3,26.6,1,1,0,0,,50.0,3,0,0,0.0,0,0,0,14,0,13,89,71,0,3,59,9,0,18,24,52,4,2,2,0,0,2,0,0,0,
Isaac Sell,157670,CB,WYOMING,1,0,0,,0,0,351,0,0,,60.0,60.0,,60.0,,0,0,0,0,,,0,0,0,0.0,0,0,0,0,0,0,1,0,0,0,0,0,0,1,0,1,0,0,0,0,0,0,0,0,0,
Charlie Coenen,157678,WR,WYOMING,1,0,0,,0,0,351,0,0,,60.0,60.0,,60.0,,0,0,0,0,,,0,0,1,0.0,0,0,0,0,0,0,1,0,0,0,0,0,0,1,0,1,0,0,0,0,0,0,0,0,0,
Jaden Williams,157679,DI,KENTUCKY,9,2,0,,0,0,202,0,0,60.1,65.7,78.9,61.4,65.4,76.2,0,4,0,0,,0.0,0,0,0,0.0,0,0,0,0,0,0,112,112,3,75,2,32,0,0,61,51,0,1,3,0,0,4,0,0,0,
Caleb Merritt,157681,CB,WYOMING,5,0,0,66.7,0,0,351,0,0,57.6,55.7,75.6,,51.7,21.8,0,0,0,0,15.0,100.0,1,0,0,85.4,2,0,0,12,1,29,44,0,0,0,0,0,3,44,0,15,27,0,0,0,3,0,0,20,16,10.0
Brady Kopetz,157702,TE,COLORADO,1,0,0,,0,0,143,0,0,,60.0,60.0,60.0,,,0,0,0,0,,,0,0,0,0.0,0,0,0,0,0,0,1,0,0,0,0,0,0,1,1,0,0,0,0,0,0,0,0,0,0,
Simeon Harris,157706,CB,FRESNO ST,12,7,0,57.8,0,1,169,0,0,79.5,79.3,88.5,61.6,76.4,74.4,0,1,0,5,19.0,11.9,7,5,0,39.6,37,1,0,96,1,311,581,44,0,0,44,0,7,537,16,254,433,27,45,6,64,2,1,256,176,6.9
Xavier Smith,157707,S,UTEP,10,15,0,57.7,0,0,330,0,0,63.3,64.6,0.0,64.9,71.4,77.2,0,1,0,1,77.0,9.8,6,3,3,116.2,15,0,0,238,3,315,636,8,0,0,8,0,254,628,4,317,132,12,40,0,26,1,3,272,118,18.1
Jeremy Mack Jr.,157712,S,DOMINION,12,9,0,71.0,0,1,263,0,0,81.1,75.0,64.2,66.4,66.2,65.5,1,13,0,1,23.0,14.7,10,3,2,80.4,22,5,0,203,2,280,687,144,0,0,144,0,3,543,100,307,334,38,49,6,31,19,1,163,116,7.4
Braden Keith,157713,S,COLORADO,1,0,0,,0,0,143,0,0,60.0,63.0,69.4,,60.7,74.3,0,0,0,0,,0.0,0,0,0,0.0,0,0,0,0,0,1,5,0,0,0,0,0,5,5,0,4,0,0,1,0,0,0,0,0,0,
Shakaun Bowser,157715,ED,UTEP,12,6,0,,0,0,330,1,0,62.8,63.2,83.4,59.7,62.1,70.3,1,10,0,0,,9.1,2,0,0,0.0,0,2,0,1,0,5,323,322,0,41,126,155,0,1,167,151,0,9,14,1,0,13,0,0,0,
Mason Maddox,157721,DI,KENT STATE,12,5,0,,0,1,201,0,0,58.2,53.9,22.0,64.1,50.8,30.6,4,4,0,0,,22.2,4,0,3,0.0,0,1,0,1,0,1,385,384,74,293,0,17,0,1,202,182,0,8,9,0,0,9,0,0,0,
Dylan Dixson,157722,CB,MO STATE,12,7,0,76.5,0,0,230,0,0,60.5,54.1,0.0,67.2,39.0,31.2,0,2,0,1,32.0,23.3,14,3,4,85.0,39,1,0,114,2,330,603,25,0,0,25,0,0,578,11,262,461,18,39,3,51,3,0,335,211,8.6
Jamari Lyons,157729,DI,FLORIDA,12,9,0,100.0,0,0,163,0,0,57.3,60.4,82.6,53.9,65.3,80.8,0,3,0,0,23.0,0.0,0,0,0,118.8,1,0,0,2,0,1,250,248,55,168,1,24,0,2,105,144,0,5,8,1,1,3,0,23,10,23.0
Kamari Wilson,157735,S,MEMPHIS,12,23,0,64.3,0,2,218,1,0,79.1,76.3,61.6,58.0,73.5,61.1,1,3,0,2,42.0,17.1,14,5,1,53.3,18,0,0,267,0,357,745,121,0,0,121,0,291,624,33,355,65,14,45,3,28,4,0,184,50,10.2
Miguel Mitchell,157742,S,ARKANSAS,12,10,0,87.5,0,0,111,0,0,65.9,67.0,85.1,62.7,66.6,60.8,0,0,0,1,40.0,18.3,11,1,0,116.7,14,1,0,144,1,257,474,8,0,0,8,0,257,466,6,211,61,12,39,0,16,1,2,140,94,10.0
Chris McClellan,157743,DI,MISSOURI,12,10,2,,0,0,229,0,0,71.7,76.8,66.8,72.8,73.2,67.4,5,10,0,0,,7.9,3,0,1,0.0,0,5,0,2,0,0,507,504,33,450,2,19,0,3,290,217,0,24,25,3,0,20,0,0,0,
Cruz Rushing,157744,S,OREGON,1,0,0,,0,0,264,0,0,,74.1,67.6,,67.4,,0,0,0,0,,,0,0,0,0.0,0,0,0,3,0,0,3,0,0,0,0,0,0,3,0,3,0,0,0,0,0,0,0,0,0,
Jack Pyburn,157747,ED,LSU,12,15,0,77.8,0,0,211,1,0,46.9,72.9,74.4,62.9,85.3,46.6,2,29,0,0,19.0,19.3,11,0,1,98.6,7,3,0,9,0,29,560,543,0,6,520,17,0,17,303,228,8,23,31,5,9,34,0,69,37,9.9
Devin Moore,157751,CB,FLORIDA,11,7,0,56.7,0,1,163,0,0,81.5,83.0,84.0,71.6,81.8,78.5,0,0,0,2,28.0,10.0,4,3,0,70.0,17,1,0,84,446,268,556,2,0,0,2,0,5,554,7,281,19,13,29,1,30,1,2,189,78,11.1
Tyreak Sapp,157752,ED,FLORIDA,12,9,0,,0,0,163,0,0,63.8,65.0,42.2,59.4,68.8,59.4,2,14,0,0,,14.3,5,0,2,0.0,0,2,0,4,0,18,407,403,0,28,226,149,0,4,189,200,0,17,21,4,0,18,0,0,0,
Sterling Lockett,157758,WR,KANSAS ST,1,0,0,,0,0,199,0,0,,60.0,60.0,,60.0,,0,0,0,0,,,0,0,0,0.0,0,0,0,0,0,0,1,0,0,0,0,0,0,1,0,1,0,0,0,0,0,0,0,0,0,
Uso Seumalo,157775,DI,KANSAS ST,12,6,2,,0,0,199,0,0,60.0,65.9,84.0,55.3,69.9,36.7,0,4,0,0,,25.0,6,0,0,0.0,0,1,0,2,0,0,362,360,67,280,1,12,0,2,168,194,0,9,12,2,0,5,0,0,0,
Jet Dineen,157779,S,KANSAS ST,4,0,0,0.0,0,0,199,0,0,48.2,50.4,69.3,,60.0,,0,0,0,0,,,0,0,0,39.6,0,0,0,3,0,5,9,0,0,0,0,0,5,9,0,4,0,0,0,0,1,0,0,0,0,
VJ Payne,157780,S,KANSAS ST,12,13,0,47.2,0,1,199,0,0,74.1,73.3,87.7,51.3,70.5,75.6,2,1,0,1,27.0,10.7,8,3,2,57.4,17,0,0,386,8,374,722,29,0,0,29,0,176,693,9,339,123,16,54,2,36,3,1,158,108,9.3
Jordan Perry,157785,S,TROY,9,2,0,50.0,0,1,318,0,0,62.7,63.1,74.8,,62.1,58.9,0,0,0,0,26.0,16.7,1,0,0,95.8,1,0,0,14,0,15,38,0,0,0,0,0,5,38,0,23,19,1,3,0,2,0,0,26,28,26.0
Tobi Osunsanmi,157786,ED,KANSAS ST,6,7,0,100.0,0,0,199,1,0,73.5,67.7,86.6,70.6,54.5,59.3,2,8,0,0,17.0,15.0,3,0,0,118.8,1,4,0,10,0,15,251,239,0,0,237,2,0,12,126,110,2,9,10,1,1,14,0,17,6,17.0
Cameron Epps,157809,CB,OKLA STATE,1,0,0,,0,0,262,0,0,,60.0,63.8,,60.0,,0,0,0,0,,,0,0,0,0.0,0,0,0,0,0,0,1,0,0,0,0,0,0,1,0,1,1,0,0,0,0,0,0,0,0,
DeSean Brown,157821,ED,OKLA STATE,7,2,0,,0,0,262,0,0,60.0,67.2,80.5,55.4,73.5,58.4,0,2,0,0,,18.2,2,0,0,0.0,0,1,0,1,0,0,112,111,0,8,63,40,0,1,63,49,0,7,7,2,0,3,0,0,0,
Landon Dean,157822,ED,OKLA STATE,12,2,0,,0,0,262,0,0,60.0,61.6,37.6,49.1,72.6,53.6,0,1,0,0,,14.3,2,0,1,0.0,0,0,0,0,0,0,173,173,0,6,72,95,0,0,86,87,0,5,10,0,0,1,0,0,0,
Jaleel Johnson,157823,ED,OKLA STATE,4,4,0,,0,0,262,0,0,61.8,78.2,32.6,86.8,67.8,72.1,4,8,0,0,,6.7,1,0,1,0.0,0,0,0,0,0,3,150,150,4,3,97,46,0,0,67,80,0,6,10,3,0,12,0,0,0,
Ethan Powell,157838,LB,S JOSE ST,12,8,0,72.7,0,0,285,0,0,64.8,64.3,0.0,52.9,71.7,66.9,1,3,0,0,30.0,11.6,5,1,3,102.3,16,0,0,126,1,153,416,138,0,0,138,0,1,278,45,218,150,13,30,3,22,4,1,129,107,8.1
Jordan Pollard,157845,LB,S JOSE ST,12,28,1,77.8,1,2,285,1,0,36.7,61.0,15.4,65.8,77.8,44.3,4,4,1,1,54.0,20.1,27,2,4,110.1,35,3,0,642,1,345,802,48,0,0,48,0,2,754,55,402,109,48,79,3,45,11,2,409,219,11.7
Justin Stearns,157846,ED,S JOSE ST,12,7,0,,0,0,285,0,0,60.0,64.7,49.0,56.2,69.2,79.5,0,4,0,0,,3.7,1,0,1,0.0,0,3,0,0,0,1,232,232,1,59,110,62,0,0,90,141,0,16,19,1,0,7,0,0,0,
Justin Eklund,157848,LB,BOWL GREEN,7,1,0,100.0,0,0,122,1,0,50.8,63.7,77.9,58.7,72.6,79.7,0,0,0,0,31.0,0.0,0,0,0,118.8,2,0,0,34,0,19,57,21,0,0,21,0,0,36,3,35,2,3,3,0,2,0,0,49,18,24.5
Michael Dansby,157849,CB,ARIZONA,11,2,0,34.2,1,0,109,1,0,70.1,70.8,84.5,64.8,67.7,53.6,0,0,0,1,59.0,19.0,4,7,5,69.1,13,0,0,27,408,228,443,4,0,0,4,0,0,439,4,211,3,4,15,0,38,0,3,211,102,16.2
Dejon Roney,157853,ED,S JOSE ST,4,2,0,,0,0,285,0,0,,60.0,77.8,51.9,65.2,76.0,0,0,0,0,,0.0,0,0,0,0.0,0,0,0,0,0,0,55,55,1,5,34,15,0,0,24,31,0,1,2,0,0,0,0,0,0,
Chrystyile Caldwell,157866,LB,S ALABAMA,1,0,0,,0,0,288,0,0,,60.8,63.8,,60.0,,0,0,0,0,,,0,0,0,0.0,0,0,0,4,0,0,4,0,0,0,0,0,0,4,0,4,0,0,0,0,0,0,0,0,0,
Khalil Jacobs,157870,LB,MISSOURI,12,14,1,78.6,0,0,229,0,0,67.1,75.1,80.8,75.7,76.8,74.7,1,4,0,0,18.0,7.5,3,0,0,86.6,11,3,0,265,2,161,325,26,0,0,26,0,0,299,37,127,31,20,23,1,14,8,0,67,79,6.1
Blayne Myrick,157874,LB,S ALABAMA,11,27,0,78.4,0,0,288,0,0,54.4,62.0,21.9,54.4,72.0,71.0,1,8,0,0,70.0,12.9,13,3,2,124.4,29,0,0,495,0,270,599,16,0,0,16,0,1,583,48,281,87,33,61,4,37,9,2,353,225,12.2
Mo Westmoreland,157883,ED,TULANE,11,1,0,50.0,0,0,319,0,0,79.0,78.0,57.1,82.0,64.1,70.4,3,9,0,1,9.0,14.3,1,1,1,16.7,2,3,0,6,1,40,275,268,0,0,268,0,0,7,110,125,0,6,5,1,4,15,0,7,7,3.5
A'tiq Muhammad,157887,CB,KENT STATE,9,6,0,61.1,0,0,201,0,0,56.1,60.9,81.9,67.9,77.1,61.6,0,0,0,0,47.0,16.2,6,0,1,111.6,11,1,0,16,242,141,260,1,0,0,1,0,1,259,1,118,0,5,25,0,18,1,1,173,42,15.7
Payton Zdroik,157898,DI,AIR FORCE,12,11,1,,1,1,101,0,0,64.3,90.4,20.9,92.2,79.0,52.5,8,29,0,0,,10.5,4,0,4,0.0,0,1,0,1,0,1,515,513,123,343,11,36,0,2,284,230,0,19,23,3,0,38,0,0,0,
Jonathan Capo,157937,S,BUFFALO,5,1,0,,0,0,126,0,0,64.6,73.6,78.5,60.0,82.1,79.4,0,0,0,0,,0.0,0,0,0,0.0,0,0,1,13,0,13,28,2,0,0,2,0,5,26,1,14,6,2,3,1,0,0,0,0,0,
Devin Grant,157942,S,SYRACUSE,10,4,0,88.0,0,2,304,0,0,54.1,49.8,85.4,55.7,39.4,34.9,2,5,0,0,41.0,28.6,12,2,0,138.3,22,1,0,95,5,162,310,21,0,0,21,0,44,289,35,113,145,11,26,2,25,8,2,270,167,12.3
Red Murdock,157948,LB,BUFFALO,12,42,0,72.0,1,6,126,2,0,85.4,91.1,60.5,72.3,91.3,82.2,2,12,0,0,50.0,9.4,14,2,1,125.3,18,6,0,754,0,380,837,22,0,0,22,0,3,815,47,410,58,56,93,7,25,20,2,219,130,12.2
Kam Olds,157953,ED,KENTUCKY,11,6,0,66.7,0,0,202,0,0,44.9,71.1,87.8,82.1,66.7,53.0,1,22,0,0,27.0,20.0,4,0,0,98.6,4,1,0,10,0,36,230,203,0,1,201,1,0,27,107,87,17,6,10,1,6,24,0,59,28,14.8
Devin Morgan,157955,DI,BUFFALO,12,6,0,,0,0,126,0,0,51.0,63.5,83.0,67.3,62.3,63.0,4,5,0,0,,9.5,2,0,0,0.0,0,5,0,1,0,6,349,347,12,310,6,19,0,2,194,149,0,13,13,2,0,14,0,0,0,
Cornell Evans,157956,DI,BUFFALO,12,5,1,,0,0,126,0,0,54.9,50.7,83.6,61.2,47.0,38.2,1,8,0,0,,19.0,4,0,0,0.0,0,1,0,0,0,3,399,399,14,380,1,4,0,0,183,213,0,9,12,1,0,10,0,0,0,
Maguire Neal,157963,S,MO STATE,12,11,0,56.5,1,1,230,0,0,69.4,64.0,44.8,46.8,56.9,58.9,0,1,0,1,52.0,18.3,13,4,2,103.8,13,0,0,298,3,384,713,9,0,0,9,0,325,704,5,324,78,10,47,1,23,1,3,183,76,14.1
Reid Williford,157970,LB,CHARLOTTE,12,14,0,79.3,0,2,136,0,0,54.8,57.9,46.6,67.4,58.6,43.6,3,4,0,0,21.0,20.7,19,0,1,97.3,23,4,0,408,0,207,503,29,0,0,28,1,0,474,45,251,65,29,59,1,29,11,0,213,136,9.3
Aveon Grose,157977,S,MICH STATE,7,1,0,66.7,1,0,223,0,0,58.1,62.2,0.0,66.4,75.4,59.5,0,0,0,1,33.0,18.2,2,0,1,66.0,4,1,0,75,0,93,156,3,0,0,3,0,68,153,3,60,9,1,8,0,6,1,0,69,42,17.3
A.J. Odom,157991,LB,BOWL GREEN,8,1,1,100.0,0,0,122,0,0,48.3,61.5,11.4,67.7,69.9,69.2,0,0,0,0,33.0,11.1,1,0,1,118.8,2,0,0,12,0,21,94,75,0,0,75,0,0,19,6,67,7,6,7,2,2,0,0,39,9,19.5
Joshua White,157994,DI,MEMPHIS,1,0,0,,0,0,218,0,0,,47.6,72.7,59.5,49.3,,0,0,0,0,,,0,0,0,0.0,0,0,0,0,0,0,9,9,8,1,0,0,0,0,2,7,0,0,0,0,0,0,0,0,0,
Ladarian Paulk,157996,S,E CAROLINA,9,2,0,100.0,0,0,156,0,0,65.1,71.0,77.7,,79.0,62.6,0,0,0,0,9.0,0.0,0,1,0,104.2,1,0,0,13,0,32,53,1,0,0,1,0,38,52,0,21,1,1,1,0,1,0,0,9,10,9.0
Logan Neu,158009,ED,MIAMI OH,2,0,0,,0,0,221,0,0,,50.4,70.4,55.9,55.5,,0,0,0,0,,,0,0,0,0.0,0,0,0,0,0,0,8,8,0,0,4,4,0,0,5,3,0,0,0,0,0,0,0,0,0,
Adam Trick,158021,ED,MIAMI OH,12,15,3,,0,2,221,0,0,77.9,91.0,55.7,91.2,75.8,67.4,20,36,0,1,,11.8,6,0,2,0.0,0,8,0,6,0,4,616,610,5,39,149,417,0,6,373,239,0,32,30,4,0,64,0,0,0,
Grant Lyons,158024,ED,MIAMI OH,12,1,1,,0,1,221,0,0,54.1,67.8,80.3,79.5,51.9,36.3,3,6,0,0,,25.0,2,0,0,0.0,0,2,0,0,0,1,166,166,0,12,36,118,0,0,102,63,0,4,5,0,0,11,0,0,0,
Josh Lukusa,158025,ED,MIAMI OH,11,5,1,,0,0,221,0,0,60.0,63.0,78.7,61.9,64.0,49.7,2,12,0,0,,21.4,3,0,0,0.0,0,0,0,0,0,0,262,262,0,14,3,245,0,0,144,118,0,5,6,0,0,14,0,0,0,
Eli Coppess,158027,S,MIAMI OH,10,1,0,55.6,0,0,221,0,0,63.5,66.5,80.7,64.6,70.8,54.4,1,1,0,3,33.0,23.5,4,0,0,58.8,5,0,0,39,0,90,140,2,0,0,2,0,35,138,4,46,63,3,12,0,9,2,0,108,44,21.6
Roy Williams,158037,ED,N ILLINOIS,10,13,0,100.0,0,0,254,0,0,61.6,65.0,71.2,61.7,65.2,76.2,0,20,0,0,7.0,7.7,3,0,2,95.8,1,2,0,0,0,2,530,530,2,33,453,42,0,0,267,261,0,17,23,1,1,22,0,7,9,7.0
Jake Gassaway,158049,LB,N ILLINOIS,5,1,0,25.0,0,0,254,0,0,50.2,61.7,80.6,58.3,71.9,81.4,0,1,0,0,10.0,0.0,0,0,0,39.6,1,0,0,35,0,20,62,15,0,0,15,0,0,47,3,39,12,1,5,0,4,1,0,10,6,10.0
Malik Armstrong,158052,CB,N ILLINOIS,3,0,0,,0,0,254,0,0,65.3,61.7,74.0,,55.7,,0,0,0,0,,,0,0,0,0.0,0,0,0,9,0,13,27,0,0,0,0,0,17,27,0,14,1,0,0,0,0,0,0,0,0,
Zeke Williams,158055,CB,PURDUE,1,0,0,,0,0,273,0,0,50.9,45.4,71.1,,60.0,21.1,0,0,0,0,,100.0,1,0,0,0.0,0,0,0,1,0,4,6,0,0,0,0,0,2,6,0,2,3,0,0,0,0,0,0,0,0,
Andre Cobb,158056,CB,FRESNO ST,12,5,0,72.7,0,0,169,0,0,62.7,65.7,82.3,56.5,73.7,75.3,0,0,0,0,10.0,6.7,1,1,0,77.5,8,0,0,27,0,87,161,5,0,0,5,0,2,156,4,70,127,2,9,0,11,0,0,39,33,4.9
Amariyun Knighten,158059,CB,INDIANA,2,0,0,,0,0,190,0,0,64.0,67.2,73.2,,68.0,77.0,0,0,0,0,,0.0,0,0,0,0.0,0,0,0,0,20,6,20,0,0,0,0,0,0,20,0,14,0,0,2,0,0,0,0,0,0,
Jacob Finley,158063,CB,N ILLINOIS,11,16,0,58.6,2,0,254,0,0,61.8,64.1,49.3,67.3,70.4,77.0,2,2,0,0,48.0,9.0,6,6,8,79.6,34,0,0,111,544,324,674,17,0,0,17,0,0,657,7,343,2,13,45,1,58,4,1,319,164,9.4
Reggie Jean,158065,DI,N ILLINOIS,12,0,0,,0,0,254,0,0,63.0,56.3,81.7,64.8,48.5,41.3,0,3,0,0,,27.3,3,0,0,0.0,0,1,0,0,0,0,194,194,25,167,0,2,0,0,83,111,0,8,8,1,0,4,0,0,0,
Kip Lewis,158071,LB,OKLAHOMA,13,18,2,80.6,0,1,261,0,0,58.9,76.7,52.9,73.6,85.7,76.4,4,11,0,0,23.0,13.3,10,2,1,97.4,25,6,0,428,1,220,546,57,0,0,57,0,1,489,109,217,58,39,47,5,31,21,0,229,139,9.2
Robert Spears-Jennings,158074,S,OKLAHOMA,13,21,0,73.3,0,1,261,0,0,49.6,58.9,86.9,56.3,78.0,72.8,0,0,0,1,44.0,12.5,9,1,0,118.9,22,0,0,204,3,348,589,9,0,0,9,0,281,580,14,227,92,10,42,2,30,0,2,341,127,15.5
Alton Tarber IV,158075,DI,COLO STATE,12,7,0,,0,0,144,0,0,60.0,47.3,47.9,53.8,46.0,41.1,0,2,0,0,,7.7,1,0,1,0.0,0,0,0,3,0,0,217,214,131,72,3,8,0,3,108,109,0,3,5,0,0,2,0,0,0,
R Mason Thomas,158080,ED,OKLAHOMA,10,5,1,100.0,1,1,261,1,1,68.5,85.3,0.0,90.4,79.4,64.0,3,19,0,0,4.0,17.4,4,0,5,79.2,2,6,1,6,0,34,372,365,0,6,322,37,0,7,191,147,0,19,14,3,2,28,0,6,6,3.0
Gentry Williams,158084,CB,OKLAHOMA,6,3,0,54.5,0,0,261,0,0,66.3,63.8,0.0,58.3,58.9,61.2,0,0,0,0,38.0,14.3,2,1,1,68.4,6,0,0,8,168,99,178,2,0,0,2,0,0,176,1,78,0,3,9,1,11,0,0,55,43,9.2
Jovantae Barnes,158085,HB,OKLAHOMA,1,0,0,,0,0,261,0,0,,60.0,60.0,,60.0,,0,0,0,0,,,0,0,0,0.0,0,0,0,0,0,0,1,0,0,0,0,0,0,1,0,1,0,0,0,0,0,0,0,0,0,
Kobie McKinzie,158089,LB,OKLAHOMA,12,13,0,80.0,0,0,261,0,0,54.0,61.6,84.5,55.2,70.0,29.6,1,10,0,0,17.0,31.1,14,0,0,92.9,8,1,0,274,3,130,331,32,0,0,32,0,1,299,58,143,20,15,18,5,10,12,0,63,36,7.9
Fatutoa Henry,158091,ED,ALABAMA,4,2,0,,0,0,103,0,0,,67.9,75.7,58.3,71.3,74.9,0,1,0,0,,0.0,0,0,0,0.0,0,0,0,0,0,0,22,22,0,0,21,1,0,0,12,10,0,1,1,0,0,1,0,0,0,
Owen Heinecke,158098,LB,OKLAHOMA,13,22,3,62.1,0,1,261,0,0,67.0,76.1,45.2,73.2,78.8,50.6,3,8,0,0,16.0,20.5,16,1,1,70.2,18,4,0,385,0,212,468,32,0,0,32,0,0,436,80,176,51,31,40,9,29,15,0,114,99,6.3
Peyton Williams,158101,S,S CAROLINA,12,14,0,72.2,0,1,289,0,0,74.3,73.7,41.4,59.2,72.9,80.4,0,1,0,2,31.0,8.6,5,1,2,73.6,13,0,0,255,0,318,559,8,0,0,8,0,199,551,1,240,97,9,39,0,18,1,1,140,95,10.8
Zavier Short,158105,WR,MARSHALL,1,0,0,,0,0,214,0,0,,60.3,,,60.0,,0,0,0,0,,,0,0,1,0.0,0,0,0,0,0,0,1,0,0,0,0,0,0,1,0,1,0,0,0,0,0,0,0,0,0,
Felix Hixon,158107,DI,MIDDLE TN,12,4,0,,0,0,224,0,0,,59.5,80.6,55.1,61.4,63.5,0,1,0,0,,10.0,1,0,0,0.0,0,0,0,0,0,0,136,136,42,90,0,4,0,0,71,65,0,5,5,0,0,1,0,0,0,
Bryan Thomas Jr.,158108,ED,S CAROLINA,12,11,0,,0,3,289,0,0,76.2,73.7,44.0,72.4,70.2,70.6,11,20,0,0,,13.5,5,0,3,0.0,0,7,0,0,0,4,600,600,0,3,563,34,0,0,338,258,0,23,21,4,0,38,0,0,0,
DJ Black,158111,WR,UCF,1,0,0,,1,0,323,0,0,,60.0,60.0,,60.0,,0,0,0,0,,,0,0,4,0.0,0,0,0,0,0,0,1,0,0,0,0,0,0,1,0,1,0,0,0,0,0,0,0,0,0,
Donovan Westmoreland,158115,ED,KENNESAW,12,7,1,80.0,0,0,200,0,0,55.8,63.2,58.9,65.0,64.0,83.9,4,5,0,0,52.0,0.0,0,0,1,118.8,4,7,1,41,0,47,321,259,0,1,257,1,0,62,183,91,20,14,15,2,5,16,0,76,55,19.0
DQ Smith,158116,S,S CAROLINA,11,10,0,81.0,0,0,289,0,0,69.9,68.0,86.3,53.5,64.2,74.6,0,1,0,1,24.0,11.8,9,0,0,100.4,17,0,0,354,4,402,732,18,0,0,18,0,266,714,8,322,90,17,57,2,21,1,1,190,116,11.2
Jamaal Whyce Jr.,158124,DI,MARSHALL,11,5,0,,0,0,214,1,0,57.9,65.7,21.3,60.1,73.1,72.5,0,4,0,0,,8.0,2,0,3,0.0,0,4,0,0,0,2,412,412,53,99,59,201,0,0,210,200,0,15,18,2,0,8,0,0,0,
Kajuan Banks,158125,CB,USF,4,2,0,80.0,0,0,327,0,0,68.3,69.1,80.7,69.4,63.1,28.4,1,0,0,0,20.0,36.4,4,1,1,93.8,8,0,0,9,1,58,88,0,0,0,0,0,0,88,3,27,78,5,5,2,10,1,0,65,21,8.1
Emory Floyd,158127,CB,APP STATE,12,10,0,57.4,1,0,108,0,0,65.4,66.3,0.0,59.8,82.2,79.4,0,0,0,1,47.0,8.2,5,3,7,96.8,35,0,0,31,727,449,777,10,0,0,10,0,1,767,1,327,8,11,46,1,61,0,3,546,172,15.6
Fisher Camac,158132,ED,VIRGINIA,12,4,4,,0,1,335,1,0,63.9,77.5,85.3,70.5,77.0,56.5,3,8,0,0,,14.7,5,0,0,0.0,0,5,0,0,0,4,356,356,0,12,307,37,0,0,175,177,0,25,25,0,0,16,0,0,0,
Tatuo Martinson,158140,DI,S DIEGO ST,4,0,0,,0,0,284,0,0,,59.5,73.7,55.5,63.7,69.7,0,0,0,0,,0.0,0,0,0,0.0,0,0,0,0,0,0,24,24,0,24,0,0,0,0,19,5,0,1,1,0,0,0,0,0,0,
SaVeon Brown,158149,CB,BUFFALO,12,14,1,51.3,1,0,126,0,0,55.6,64.2,86.8,61.4,77.0,68.8,3,9,0,0,45.0,12.7,8,2,3,77.8,20,0,0,242,0,316,701,64,0,0,64,0,0,637,45,340,394,24,41,4,39,12,1,229,141,11.5
August Johanningsmeier,158150,DI,W MICHIGAN,2,1,0,,0,0,347,0,0,,51.8,75.6,54.6,52.4,74.8,0,0,0,0,,0.0,0,0,0,0.0,0,0,0,0,0,0,45,45,3,38,1,3,0,0,23,22,0,1,3,0,0,0,0,0,0,
Dillon Moore,158152,LB,W MICHIGAN,12,5,0,75.0,0,0,347,0,0,44.4,52.4,78.3,57.1,63.0,51.9,1,1,0,0,15.0,21.1,4,0,1,106.3,3,0,0,129,0,67,145,8,0,0,8,0,0,137,15,63,8,3,10,1,4,2,0,40,14,13.3
Malachi Finau,158173,DI,S DIEGO ST,12,4,0,,0,1,284,0,0,65.5,67.9,82.5,59.0,67.7,57.2,0,4,0,0,,13.3,2,0,1,0.0,0,0,0,0,0,0,326,326,8,315,0,3,0,0,161,165,0,9,9,0,0,4,0,0,0,
Peter Manuma,158178,S,HAWAII,12,26,0,50.0,0,0,180,0,0,68.5,66.9,84.7,59.8,62.7,61.2,1,4,0,0,64.0,16.7,14,2,0,135.4,12,0,0,352,3,419,720,8,0,0,8,0,283,712,7,294,74,19,44,1,24,5,5,316,133,26.3
Kona Moore,158180,S,HAWAII,6,1,0,50.0,0,0,180,0,0,75.3,76.4,76.7,,71.9,73.7,0,0,0,0,20.0,9.1,1,0,0,85.4,1,0,0,21,1,42,69,2,0,0,2,0,33,67,0,27,11,3,9,0,2,0,0,20,7,20.0
Jalen Smith,158187,LB,HAWAII,12,11,1,71.0,0,0,180,1,0,49.9,59.0,56.3,68.4,63.7,47.2,2,5,0,0,30.0,19.5,16,1,2,107.6,22,1,0,573,3,330,647,48,0,0,48,0,1,599,51,266,21,35,55,5,31,8,2,185,165,8.4
Matagi Thompson,158191,S,HAWAII,11,7,0,60.0,0,0,180,0,0,71.6,72.2,83.2,69.6,69.7,55.1,1,0,0,1,73.0,9.5,2,2,0,94.2,6,0,0,83,1,86,182,23,0,0,23,0,21,159,6,90,54,7,12,0,10,1,1,116,65,19.3
Jared Badie,158196,DI,S DIEGO ST,12,0,0,,0,0,284,0,0,60.0,59.0,27.1,59.5,62.5,36.3,2,10,0,0,,33.3,2,0,1,0.0,0,1,0,2,0,4,131,129,3,101,19,6,0,2,105,22,0,3,4,1,0,13,0,0,0,
Matthew Bailey,158197,S,ILLINOIS,12,11,0,65.6,0,2,187,1,0,69.6,72.9,85.6,78.4,75.5,73.6,1,0,0,0,60.0,12.2,11,2,0,109.5,21,1,0,297,22,405,693,40,0,0,40,0,225,653,12,276,109,27,68,3,32,2,2,245,146,11.7
Grayson Griffin,158206,CB,ILLINOIS,1,0,0,,0,0,187,0,0,60.0,60.3,63.5,,,,0,0,0,0,,,0,0,0,0.0,0,0,0,0,1,1,1,0,0,0,0,0,0,1,0,0,0,0,0,0,0,0,0,0,0,
Malachi Hood,158208,LB,ILLINOIS,12,5,0,78.3,0,1,187,1,0,53.7,54.7,29.3,53.7,60.6,67.4,0,1,0,0,18.0,9.5,4,1,1,109.6,18,0,0,279,0,188,330,17,0,0,17,0,0,313,27,115,34,18,33,2,23,1,1,157,62,8.7
Gabe Jacas,158210,ED,ILLINOIS,12,8,0,75.0,0,3,187,0,0,58.4,78.0,54.9,88.0,64.3,57.0,7,22,0,0,16.0,21.2,7,0,2,127.1,3,12,0,4,0,35,529,524,0,5,471,48,0,5,292,202,1,28,18,3,4,41,1,22,6,7.3
James Kreutz,158211,LB,ILLINOIS,11,8,1,71.4,0,0,187,0,0,50.5,61.6,81.3,58.3,74.6,52.7,0,1,0,0,26.0,17.1,6,2,0,98.5,10,0,0,213,1,124,225,3,0,0,3,0,0,222,10,91,8,12,21,2,14,1,0,124,85,12.4
Elijah Mc-Cantos,158216,S,APP STATE,12,6,0,73.3,0,0,108,0,0,58.2,59.6,0.0,55.2,68.9,75.1,0,0,0,2,38.0,11.9,7,2,5,91.5,44,0,0,208,2,414,705,25,0,0,25,0,191,680,6,285,279,14,46,1,60,0,2,448,250,10.2
Tyson Rooks,158225,CB,ILLINOIS,6,2,0,50.0,0,0,187,0,0,61.8,66.4,77.8,60.0,70.6,79.3,0,0,0,0,11.0,0.0,0,1,1,103.1,2,0,0,1,53,33,62,0,0,0,0,0,0,62,1,28,8,1,2,0,4,0,1,19,2,9.5
Xavier Scott,158226,CB,ILLINOIS,3,2,0,28.6,0,0,187,0,0,66.1,68.3,81.7,61.5,74.6,82.0,0,0,0,0,62.0,0.0,0,2,0,73.8,4,1,0,4,80,99,151,0,0,0,0,0,10,151,1,51,57,3,4,2,14,1,1,77,61,19.3
Stone Combs,158235,LB,NEVADA,12,21,0,79.3,0,0,239,0,0,54.9,63.5,46.9,53.1,72.8,59.8,2,5,0,0,39.0,15.4,14,0,1,100.3,23,0,0,452,1,241,521,16,0,0,16,0,1,505,32,248,51,31,56,4,29,7,0,234,114,10.2
Jonathan Maldonado,158241,ED,NEVADA,12,8,5,77.8,2,0,239,0,0,59.4,78.1,18.9,85.7,76.2,71.7,3,29,1,1,30.0,17.1,7,1,5,62.7,7,7,0,23,0,86,634,576,0,0,570,6,0,58,267,281,34,23,26,4,9,39,0,77,36,11.0
KK Meier,158243,CB,UTSA,10,2,0,60.7,0,0,331,0,0,60.0,58.6,25.1,44.2,60.0,40.3,0,0,0,0,42.0,24.1,7,3,2,121.1,17,0,0,26,373,232,399,0,0,0,0,0,0,399,2,165,0,9,20,0,28,0,4,194,54,11.4
Chris Smalley,158248,ED,NEVADA,6,0,0,100.0,0,0,239,0,0,50.8,58.2,74.4,58.1,67.0,75.8,0,0,0,0,12.0,0.0,0,0,0,116.7,1,0,0,0,0,2,16,14,0,0,14,0,0,2,2,12,1,2,3,0,1,0,0,12,9,12.0
Victor Snow,158249,WR,BUFFALO,2,0,0,,0,0,126,0,0,,44.2,60.0,,44.3,21.3,0,0,0,0,,100.0,1,0,1,0.0,0,0,0,0,0,0,2,0,0,0,0,0,0,2,0,2,0,0,0,0,0,0,0,0,0,
AJ Davis,158262,CB,WASH STATE,3,1,0,100.0,0,0,341,0,0,46.9,49.8,73.2,,64.2,76.2,0,0,0,0,9.0,0.0,0,0,0,95.8,2,0,0,1,18,9,20,0,0,0,0,0,1,20,0,11,0,0,1,0,2,0,0,14,11,7.0
Drenon Fite III,158266,ED,LA LAFAYET,12,3,0,100.0,0,0,207,0,0,55.7,67.0,83.3,60.5,70.2,63.9,0,5,0,0,13.0,14.3,2,0,0,118.8,1,1,0,0,0,6,167,163,0,2,152,9,0,4,58,103,4,5,9,0,1,6,0,13,8,13.0
Dylan Frazier,158267,DI,SM HOUSTON,11,10,2,,0,0,281,0,0,63.3,68.4,26.8,60.8,73.7,72.2,3,13,0,0,,7.9,3,0,3,0.0,0,2,0,0,0,0,458,458,126,57,7,268,0,0,253,205,0,20,25,2,0,18,0,0,0,
Ahmaad Moses,158276,S,SMU,12,21,1,68.3,0,0,287,2,0,60.0,67.1,59.0,67.1,80.8,71.8,0,4,1,5,38.0,14.4,14,1,2,88.6,28,1,0,174,3,500,842,14,0,0,14,0,436,828,21,321,213,24,62,4,41,5,5,291,138,10.4
Isaiah Smith,158282,ED,SMU,12,15,1,100.0,1,0,287,1,0,63.3,78.3,37.9,77.7,78.1,81.4,14,22,0,0,14.0,7.5,4,0,4,110.4,4,10,0,12,0,44,710,691,0,0,691,0,0,19,407,259,7,35,34,9,4,46,0,42,2,10.5
Mike Sandjo,158288,DI,WASH STATE,4,4,0,,0,0,341,0,0,60.0,65.0,78.9,64.5,62.3,28.1,2,2,0,0,,33.3,3,0,0,0.0,0,0,0,0,0,0,105,105,4,96,1,4,0,0,57,48,0,1,2,0,0,4,0,0,0,
Kadin Bailey,158291,LB,E MICHIGAN,1,0,0,100.0,0,0,160,0,0,52.8,43.4,67.5,60.0,44.0,22.5,0,0,0,0,21.0,50.0,2,0,0,118.8,2,0,0,14,0,8,16,0,0,0,0,0,0,16,1,7,2,0,2,0,2,0,0,31,37,15.5
Gregory Delaine Jr.,158296,CB,SYRACUSE,10,2,0,83.3,0,0,304,0,0,48.6,51.8,79.9,,64.7,65.6,0,0,0,0,27.0,11.1,1,0,1,114.6,5,0,0,9,104,59,120,2,0,0,2,0,0,118,0,61,4,2,6,0,6,0,0,69,10,13.8
Denis Jaquez Jr.,158300,ED,SYRACUSE,11,6,0,,0,0,304,0,0,60.6,54.8,85.8,59.9,48.6,38.2,1,10,0,0,,30.4,7,0,0,0.0,0,1,0,1,0,0,393,391,0,54,265,72,0,2,209,184,0,6,10,2,0,12,0,0,0,
Kevin Jobity Jr.,158301,DI,SYRACUSE,12,4,2,,0,0,304,0,0,71.0,66.8,84.7,68.6,58.2,53.9,1,18,0,0,,16.0,4,0,0,0.0,0,5,0,1,0,0,428,426,45,269,58,54,0,2,255,173,0,19,17,1,0,24,0,0,0,
Josh Kubala,158302,LB,SYRACUSE,1,0,0,,0,0,304,0,0,,60.0,60.0,,60.0,,0,0,0,0,,,0,0,0,0.0,0,0,0,0,0,0,1,0,0,0,0,0,0,1,0,1,0,0,0,0,0,0,0,0,0,
Mekhi Mason,158303,LB,LA TECH,12,18,2,68.6,0,0,208,0,0,49.8,66.7,11.5,58.6,88.4,81.5,4,15,0,0,50.0,10.4,7,1,5,108.0,24,3,0,422,0,269,679,143,0,0,143,0,0,536,131,279,114,31,42,10,35,22,2,250,161,10.4
Cornell Perry,158305,S,SYRACUSE,12,8,0,50.0,0,0,304,0,0,66.9,62.6,84.8,55.4,54.0,49.5,0,2,0,0,13.0,22.6,12,1,0,56.3,10,0,0,143,5,223,428,12,0,0,12,0,200,416,9,196,66,7,33,1,20,2,0,51,45,5.1
Jerry Wilson,158310,CB,FLORIDA ST,12,3,0,58.0,0,1,167,0,0,72.8,70.9,86.2,,56.2,35.3,0,0,0,3,47.0,22.6,12,3,1,71.7,29,0,0,38,661,364,712,8,0,0,8,0,1,704,0,348,3,15,38,1,50,0,2,396,172,13.7
Jeremiah Earby,158316,CB,BOISE ST,12,6,0,55.0,0,0,120,1,0,69.3,69.9,86.2,65.8,67.7,67.9,0,0,0,4,74.0,12.9,8,6,3,60.1,33,1,0,48,561,330,652,21,0,0,21,0,5,631,3,319,15,15,48,1,60,1,1,495,177,15.0
Cam Sidney,158329,S,CAL,10,7,0,57.7,0,1,130,1,0,70.0,69.6,84.7,59.7,67.5,58.7,0,2,0,1,80.0,20.4,10,1,1,68.1,15,1,0,151,4,240,469,3,0,0,3,0,69,466,19,210,241,14,32,3,26,3,0,212,118,14.1
Curlee Thomas IV,158332,DI,CAL,9,0,0,,0,0,130,0,0,,51.5,79.6,56.8,48.3,24.1,0,0,0,0,,50.0,1,0,0,0.0,0,0,0,0,0,0,89,89,0,25,35,29,0,0,48,41,0,1,1,0,0,0,0,0,0,
Moso'oipala Tuitele,158333,ED,COLO STATE,12,8,0,,0,0,144,0,0,71.2,48.9,61.0,52.9,45.6,52.1,1,2,0,0,,19.2,5,0,1,0.0,0,1,0,1,0,8,352,350,0,46,192,112,0,2,146,198,0,12,13,0,0,4,0,0,0,
Latrell Bullard,158340,DI,GA SOUTHRN,4,2,0,,2,0,174,0,0,,50.5,0.5,54.5,55.3,37.1,0,2,0,0,,37.5,3,0,2,0.0,0,0,0,0,0,0,147,147,32,114,0,1,0,0,72,75,0,3,3,1,0,2,0,0,0,
Da'Shawn Davis,158344,ED,GA SOUTHRN,4,0,2,,0,0,174,0,0,,47.6,77.8,63.3,34.8,24.5,0,2,0,0,,50.0,1,0,0,0.0,0,0,0,0,0,0,44,44,0,0,43,1,0,0,27,17,0,0,1,0,0,2,0,0,0,
Elhadj Fall,158346,ED,VA TECH,12,6,0,75.0,0,1,337,0,0,37.1,63.0,86.1,60.2,70.2,72.9,2,10,0,0,17.0,10.3,3,0,0,97.9,3,3,0,1,1,18,475,473,0,100,262,111,0,2,237,220,0,14,20,1,4,15,0,32,13,10.7
Jacob Hammonds,158349,LB,GA SOUTHRN,3,0,0,,0,0,174,0,0,60.0,72.1,72.3,,69.6,,0,0,0,0,,,0,0,0,0.0,0,0,0,3,0,1,9,6,0,0,6,0,0,3,0,8,0,0,0,0,0,0,0,0,0,
Tracy Hill Jr.,158350,CB,GA SOUTHRN,12,5,0,64.3,3,0,174,0,0,63.6,63.3,47.5,50.9,64.7,72.6,0,0,0,0,53.0,11.5,6,5,7,103.3,36,0,0,38,610,351,676,2,0,0,2,0,0,674,6,319,26,7,41,3,56,0,3,401,121,11.1
Zyere Horton,158351,LB,FAU,10,12,0,92.9,0,0,165,0,0,59.7,59.3,83.7,54.2,60.6,53.3,3,4,0,0,27.0,20.0,7,0,0,145.2,13,0,0,223,1,99,288,38,0,0,38,0,1,250,39,150,25,10,16,3,14,7,2,131,97,10.1
Marc Stampley II,158364,CB,HOUSTON,12,4,0,66.7,0,0,182,0,0,73.4,73.3,84.6,64.7,69.2,74.7,0,4,0,2,34.0,11.8,4,2,0,50.0,20,1,0,56,0,156,300,8,0,0,8,0,3,292,14,130,233,10,26,0,30,5,0,145,114,7.3
MJ Stroud,158366,ED,GA SOUTHRN,12,3,1,75.0,0,2,174,0,0,71.4,74.2,90.1,81.8,58.5,34.9,3,17,0,0,7.0,26.3,10,0,0,77.1,3,4,0,101,0,68,421,318,0,7,306,5,0,103,164,189,1,21,25,8,4,24,0,11,7,3.7
Ashton Whitner,158369,S,BALL ST,10,5,0,73.7,0,0,117,0,0,64.9,67.1,84.4,69.4,67.8,57.1,1,3,0,0,37.0,20.0,10,1,0,112.0,14,0,0,206,1,235,396,8,0,0,8,0,111,388,7,154,70,14,35,2,19,4,1,141,79,10.1
Chase Carter,158377,ED,MEMPHIS,1,0,0,,0,0,218,0,0,,39.9,71.2,46.3,49.3,21.2,0,1,0,0,,100.0,2,0,0,0.0,0,0,0,0,0,0,8,8,0,3,3,2,0,0,2,6,0,0,0,0,0,1,0,0,0,
Caleb Coley,158378,CB,E MICHIGAN,8,0,0,41.2,1,0,160,0,0,66.5,64.2,0.0,51.8,71.1,66.6,0,0,0,0,22.0,14.3,2,3,2,97.7,7,0,0,12,154,85,204,0,0,0,0,0,0,204,4,115,38,2,12,0,17,0,2,90,32,12.9
Jay Coyne,158379,FB,MICH STATE,1,0,0,,0,0,223,0,0,,60.0,60.0,,60.0,,0,0,0,0,,,0,0,0,0.0,0,0,0,0,0,0,1,0,0,0,0,0,0,1,0,1,0,0,0,0,0,0,0,0,0,
Tyrell Henry,158385,WR,WISCONSIN,1,0,0,,0,0,349,0,0,,60.0,60.0,,60.0,,0,0,0,0,,,0,0,0,0.0,0,0,0,0,0,0,1,0,0,0,0,0,0,1,0,1,0,0,0,0,0,0,0,0,0,
Malcolm Jones,158387,S,JVILLE ST,12,7,0,79.3,0,1,196,1,0,65.4,71.8,15.2,86.9,74.2,64.7,2,7,0,0,39.0,16.7,10,0,3,138.4,23,4,0,140,3,281,552,32,0,0,32,0,35,520,49,222,341,21,43,2,29,13,3,259,156,11.3
Jaden Mangham,158389,S,MICHIGAN,12,6,0,50.0,0,0,222,0,0,60.1,58.2,84.4,55.4,53.0,62.0,0,2,0,0,50.0,18.8,6,0,0,135.4,3,0,0,51,3,186,323,3,0,0,3,0,247,320,5,132,19,2,20,1,6,2,1,91,27,30.3
Ben Nelson,158393,DI,MICH STATE,2,0,0,,0,0,223,0,0,,60.0,69.1,,60.0,,0,0,0,0,,,0,0,0,0.0,0,0,0,0,0,0,3,3,1,2,0,0,0,0,0,3,0,0,0,0,0,0,0,0,0,
James Schott,158396,ED,MIAMI OH,12,3,1,,0,1,221,0,0,67.2,64.9,80.9,64.5,53.6,28.8,1,12,0,0,,30.8,4,0,0,0.0,0,4,0,0,0,2,229,229,0,112,7,110,0,0,160,67,0,9,6,0,0,17,0,0,0,
Malik Spencer,158397,S,MICH STATE,12,9,0,72.7,0,0,223,0,0,66.1,64.5,49.6,60.3,62.5,72.3,1,4,0,1,27.0,13.3,8,5,2,100.2,16,1,0,318,7,355,674,7,0,0,7,0,285,667,19,300,56,8,43,1,22,6,1,218,69,13.6
Dillon Tatum,158399,CB,NWESTERN,8,2,0,42.9,0,0,256,0,0,52.8,57.3,80.4,53.2,73.3,85.4,0,0,0,0,29.0,0.0,0,1,0,101.8,3,0,0,11,0,49,91,1,0,0,1,0,0,90,6,36,78,3,9,0,7,0,1,41,2,13.7
Alex VanSumeren,158400,DI,MICH STATE,12,17,1,,0,0,223,0,0,62.7,66.6,64.3,60.6,67.7,78.9,0,8,0,0,,2.1,1,0,1,0.0,0,2,0,0,0,0,476,476,25,415,0,36,0,0,229,247,0,22,30,0,0,10,0,0,0,
Ade Willie,158403,CB,MICH STATE,4,3,0,80.0,0,0,223,0,0,54.9,58.3,80.5,50.8,73.8,50.7,0,1,0,0,13.0,20.0,3,1,1,95.4,8,0,0,31,1,77,137,4,0,0,4,0,0,133,13,47,101,3,9,2,10,1,0,69,30,8.6
Zion Young,158404,ED,MISSOURI,12,6,1,,2,2,229,0,0,77.0,84.0,3.5,81.6,85.1,65.8,15,30,0,0,,18.2,6,0,6,0.0,0,8,0,1,0,5,511,509,0,19,457,33,0,2,294,212,0,27,21,7,0,53,0,0,0,
Maxie Baudoin IV,158406,DI,LA LAFAYET,11,4,0,,0,0,207,0,0,60.5,67.1,41.1,66.2,66.8,62.7,0,6,0,0,,10.0,1,0,1,0.0,0,1,0,0,0,1,187,187,43,122,1,21,0,0,98,88,0,3,5,0,0,7,0,0,0,
Kameron Hamilton,158415,ED,TULANE,13,6,2,100.0,0,0,319,0,0,49.2,72.9,84.1,71.9,70.8,79.9,4,20,0,0,8.0,3.7,1,0,0,100.0,1,3,0,0,0,7,427,426,28,60,109,229,0,1,252,168,0,14,20,2,1,27,0,8,11,8.0
Gerrod Henderson,158416,ED,TULANE,7,5,0,,0,0,319,0,0,61.8,64.0,0.0,64.7,69.8,60.8,0,1,0,0,,11.1,2,0,3,0.0,0,0,0,0,0,1,122,122,3,8,48,63,0,0,57,64,0,6,11,1,0,1,0,0,0,
Parker Petersen,158423,DI,WISCONSIN,12,8,0,,0,0,349,0,0,60.0,69.6,81.8,59.9,72.1,80.8,1,5,0,0,,0.0,0,0,0,0.0,0,0,0,0,0,0,227,227,27,193,1,6,0,0,119,108,0,8,11,1,0,6,0,0,0,
Rayshawn Pleasant,158424,CB,AUBURN,11,5,0,50.0,0,0,115,0,0,65.0,63.9,12.8,55.4,62.9,71.3,0,0,1,2,36.0,12.0,3,0,6,58.2,14,0,0,27,232,187,292,0,0,0,0,0,2,292,2,103,31,7,17,1,28,0,1,217,135,15.5
Kentrell Webb,158427,S,HOUSTON,12,13,0,72.2,0,0,182,0,0,63.2,63.9,87.9,58.9,63.0,64.3,0,0,0,1,35.0,14.9,13,3,0,92.7,26,0,0,267,1,415,758,3,0,0,3,0,366,755,2,341,121,22,61,3,36,0,1,283,174,10.9
TJ Bullard,158432,LB,UCF,3,1,0,100.0,0,0,323,0,0,34.4,32.7,72.6,,47.4,22.9,0,0,0,0,-1.0,60.0,3,0,0,79.2,1,0,0,21,0,8,22,0,0,0,0,0,0,22,0,14,0,1,1,0,1,0,0,-1,2,-1.0
Ja'Cari Henderson,158439,CB,UCF,6,0,0,100.0,0,0,323,0,0,72.3,70.5,78.4,59.3,63.8,67.1,0,0,0,0,3.0,16.7,1,0,0,79.2,2,0,0,4,82,29,91,0,0,0,0,0,1,91,1,61,2,2,5,0,2,0,0,5,6,2.5
Demari Henderson,158440,S,UCF,12,18,0,73.9,0,0,323,0,0,65.9,71.0,87.4,65.5,76.4,68.5,0,1,0,1,40.0,14.8,12,1,0,99.7,17,1,0,255,4,335,700,0,0,0,0,0,180,700,7,358,261,12,51,2,23,2,1,219,37,12.9
Jamaal Johnson,158444,ED,UCF,12,8,0,100.0,0,0,323,0,0,44.2,68.5,54.9,59.5,78.5,78.0,3,3,0,0,9.0,3.6,1,0,1,104.2,1,0,0,0,0,11,255,254,0,3,232,19,0,1,105,139,0,9,19,1,1,6,0,9,1,9.0
Nikai Martinez,158447,S,MICH STATE,4,3,0,83.3,0,0,223,0,0,63.6,61.6,0.0,63.7,59.3,71.8,0,0,0,0,40.0,10.7,3,0,1,158.3,5,0,0,46,13,103,197,1,0,0,1,0,100,196,1,93,37,6,22,0,6,0,1,84,18,16.8
Kam Moore,158450,LB,UCF,1,0,0,,0,0,323,0,0,,40.3,68.4,,43.1,,0,0,0,0,,,0,0,0,0.0,0,0,0,10,0,0,10,0,0,0,0,0,0,10,0,10,0,0,0,0,0,0,0,0,0,
Garrison Madden,158461,LB,USC,1,0,0,100.0,0,0,326,0,0,85.1,92.0,69.8,60.0,62.8,73.2,0,0,0,0,8.0,0.0,0,0,0,85.4,2,0,0,5,0,1,6,1,0,0,1,0,0,5,1,4,0,1,1,0,2,0,0,9,14,4.5
Roman Marchetti,158462,LB,USC,1,0,0,,0,0,326,0,0,60.0,54.6,66.1,,55.9,74.3,0,0,0,0,,0.0,0,0,0,0.0,0,0,0,5,0,1,5,0,0,0,0,0,0,5,0,4,0,0,1,0,0,0,0,0,0,
Garrett Pomerantz,158466,ED,USC,2,0,0,,0,0,326,0,0,65.9,59.5,77.0,56.7,52.4,72.2,0,0,0,1,,0.0,0,0,0,0.0,0,0,0,0,0,1,20,20,0,0,20,0,0,0,11,8,0,1,1,0,0,0,0,0,0,
Devan Thompkins,158470,DI,USC,12,11,1,,0,1,326,0,0,60.3,61.2,65.3,65.9,56.3,65.9,1,15,0,0,,12.1,4,0,1,0.0,0,6,0,2,0,10,494,492,55,253,47,137,0,2,275,209,0,19,18,2,0,22,0,0,0,
Ka'eo Akana,158472,ED,HAWAII,9,1,0,,0,0,180,0,0,64.9,63.8,34.4,63.3,63.4,81.1,2,5,0,0,,0.0,0,0,1,0.0,0,0,0,7,0,9,149,138,0,0,138,0,0,11,75,65,4,2,6,0,0,7,0,0,0,
Lander Barton,158473,LB,UTAH,12,17,0,61.5,0,0,328,1,0,65.0,62.4,54.1,62.1,59.9,59.1,0,17,0,1,19.0,19.4,12,1,1,67.8,8,2,0,427,8,214,603,125,1,0,124,0,1,478,100,289,42,17,33,2,13,19,1,65,66,8.1
Elijah Davis,158479,CB,UTAH,12,3,0,56.3,1,0,328,0,0,58.8,58.7,44.8,59.8,60.4,72.2,0,0,2,2,37.0,10.5,4,1,4,80.4,27,0,0,17,417,339,595,4,0,0,4,0,2,591,1,255,155,6,31,1,48,0,3,322,101,11.9
Jaylon Glover,158484,HB,UNLV,1,0,0,,0,0,325,0,0,,60.0,60.0,60.0,,,0,0,0,0,,,0,0,1,0.0,0,0,0,0,0,0,1,0,0,0,0,0,0,1,1,0,0,0,0,0,0,0,0,0,0,
Tao Johnson,158490,S,UTAH,12,11,0,38.1,0,0,328,0,0,74.8,69.5,87.1,54.0,61.8,45.2,1,4,0,2,21.0,20.3,13,4,3,23.8,8,0,0,239,14,397,761,43,0,0,43,0,364,718,16,348,101,13,40,3,21,5,1,69,19,8.6
Chase Kennedy,158491,ED,ARIZONA,12,8,0,50.0,0,2,109,1,0,66.4,68.4,64.8,68.3,63.9,52.4,4,16,0,0,6.0,21.4,9,0,1,56.3,2,4,0,187,0,50,484,285,0,0,285,0,0,199,206,228,12,23,25,3,4,24,0,9,8,4.5
Justin Medlock,158497,LB,SMU,7,10,1,72.7,0,0,287,0,0,79.8,72.2,80.7,61.8,54.5,68.6,0,4,1,1,13.0,10.0,2,0,0,45.3,8,1,0,172,1,132,207,11,0,0,11,0,2,196,26,49,20,3,8,0,11,5,0,54,46,6.8
Peter Eyabi,158510,ED,WYOMING,11,2,0,,0,1,351,1,0,61.5,69.5,36.7,67.7,69.3,61.2,2,9,0,0,,15.4,2,0,1,0.0,0,0,0,1,0,5,160,159,0,4,125,30,0,1,73,82,0,8,9,0,0,11,0,0,0,
Bryce Grays,158511,S,UTSA,10,2,0,71.4,1,1,331,0,0,58.9,61.2,0.3,60.4,69.8,64.4,0,2,0,0,19.0,15.0,3,0,1,82.4,10,1,0,14,0,66,146,40,0,0,40,0,1,106,13,67,91,12,15,2,14,3,0,70,75,7.0
Bryson Lamb,158514,DI,WASH STATE,11,6,2,,0,0,341,1,0,62.9,68.7,61.2,61.6,70.8,52.2,3,5,0,0,,14.8,4,0,1,0.0,0,1,0,0,0,1,400,400,16,330,4,50,0,0,205,194,0,16,17,2,0,9,0,0,0,
Javan Robinson,158522,CB,ARIZONA ST,12,3,0,67.2,0,0,110,1,0,67.9,70.5,85.8,53.7,82.1,84.4,0,2,0,0,58.0,4.5,2,5,2,116.9,39,0,0,35,604,376,659,11,0,0,11,0,0,648,6,277,9,8,39,2,58,2,4,498,134,12.8
Jakobus Seth,158524,DI,NEVADA,2,0,0,,0,0,239,0,0,,67.6,70.9,,65.9,,0,0,0,0,,,0,0,0,0.0,0,0,0,0,0,0,9,9,0,9,0,0,0,0,0,9,0,0,0,0,0,0,0,0,0,
Kody Jones,158538,S,KENNESAW,10,6,0,64.7,0,0,200,0,0,62.9,60.6,0.0,84.9,57.7,37.5,3,2,0,1,62.0,30.0,9,2,5,105.3,22,1,0,64,2,199,364,22,0,0,22,0,13,342,11,154,262,7,15,4,34,6,3,262,128,11.9
Derrick Moore,158543,ED,MICHIGAN,12,9,3,80.0,1,2,222,1,0,57.8,89.9,2.8,92.4,76.3,76.2,9,21,0,0,11.0,10.3,3,0,5,87.5,4,11,0,16,0,24,440,424,0,8,413,3,0,16,234,182,0,19,17,0,5,41,0,25,27,6.3
Keon Sabb,158546,S,ALABAMA,13,13,1,52.9,0,0,103,0,0,81.5,79.4,88.7,69.9,69.0,76.0,1,4,0,1,20.0,11.8,6,2,0,43.8,9,2,0,123,1,387,701,28,0,0,28,0,425,673,33,281,124,8,32,0,17,7,0,90,37,10.0
Alfonzo Allen Jr.,158549,S,FLORIDA,5,10,0,71.4,0,0,163,0,0,70.8,70.5,85.0,58.8,67.7,58.9,0,0,0,0,15.0,19.0,8,0,0,80.7,5,0,0,55,2,117,243,17,0,0,17,0,146,226,2,124,23,10,24,0,7,0,0,32,25,6.4
Devyn Bobby,158551,S,BAYLOR,12,19,0,69.6,0,0,118,0,0,66.0,64.7,54.8,59.7,62.1,71.1,0,0,0,0,16.0,11.7,11,2,2,124.1,16,0,0,299,4,390,802,7,0,0,7,0,426,795,1,411,66,25,64,1,23,0,3,135,60,8.4
Reggie Bush II,158552,CB,BAYLOR,10,2,0,50.0,1,0,118,0,0,69.7,66.9,82.3,52.0,55.3,46.6,0,0,0,0,28.0,22.2,4,1,2,89.9,7,0,0,28,300,154,331,0,0,0,0,0,0,331,4,173,3,3,12,0,14,0,1,75,23,10.7
Jeremy Evans,158556,LB,BAYLOR,9,1,0,100.0,0,0,118,0,0,68.6,53.7,76.4,54.4,38.5,63.3,0,1,0,0,25.0,12.5,1,0,0,158.3,2,0,0,30,0,22,47,7,0,0,7,0,0,40,4,21,10,3,6,0,2,1,1,27,14,13.5
Corey Gordon,158557,S,LOUISVILLE,10,10,0,87.0,0,0,210,0,0,59.8,63.0,84.1,62.6,68.7,71.4,0,0,0,0,26.0,11.6,5,1,2,112.9,20,0,0,99,3,186,325,13,0,0,13,0,84,312,7,132,126,11,28,2,23,0,1,175,82,8.8
Kyler Jordan,158561,ED,BAYLOR,12,4,1,,0,0,118,0,0,69.6,67.7,84.0,61.6,66.3,51.3,0,5,0,0,,21.1,4,0,0,0.0,0,1,0,0,0,5,191,189,0,0,169,20,0,2,77,109,2,11,11,2,0,6,0,0,0,
Jackie Marshall,158563,DI,BAYLOR,12,9,0,100.0,0,0,118,0,0,58.0,55.7,32.5,60.3,56.0,45.6,1,8,0,0,17.0,17.6,6,0,3,118.8,1,2,0,2,0,17,504,502,48,183,201,70,0,2,230,257,0,13,19,3,1,11,0,17,8,17.0
Kaian Roberts-Day,158569,DI,UTSA,12,3,0,,1,0,331,0,0,60.5,41.2,0.0,57.5,37.3,63.7,0,8,0,0,,10.0,1,0,3,0.0,0,0,0,18,0,0,187,169,3,127,20,19,0,18,116,71,0,5,6,0,0,8,0,0,0,
Devonte Tezino,158573,DI,BAYLOR,12,7,0,,0,1,118,0,0,66.2,63.3,84.8,53.4,65.2,28.2,1,11,0,0,,34.2,13,1,0,0.0,0,0,0,5,0,3,510,505,38,414,2,51,0,5,225,282,0,16,18,3,0,12,0,0,0,
Oumar Conde,158576,DI,C MICHIGAN,3,0,0,,0,0,134,0,0,,58.3,73.8,56.0,60.3,,0,0,0,0,,,0,0,0,0.0,0,0,0,0,0,0,25,25,0,24,0,1,0,0,12,13,0,0,0,0,0,0,0,0,0,
Ed Conoran,158577,S,C MICHIGAN,6,1,0,50.0,0,0,134,0,0,82.7,81.2,75.8,,67.9,82.5,0,0,0,0,3.0,0.0,0,1,0,56.3,1,0,0,33,0,24,51,1,0,0,1,0,11,50,0,27,5,2,4,0,2,0,0,3,9,3.0
Jayden Davis,158579,S,W MICHIGAN,8,1,0,100.0,0,0,347,0,0,41.3,41.8,78.8,59.4,49.1,45.2,0,0,0,0,35.0,25.0,2,0,0,118.8,7,0,0,44,1,63,100,2,0,0,2,0,40,98,1,36,13,0,5,0,7,0,0,133,43,19.0
Kade Kostus,158593,DI,C MICHIGAN,4,1,0,,0,0,134,0,0,60.0,46.1,17.1,59.5,42.2,73.8,0,1,0,0,,0.0,0,0,1,0.0,0,1,0,1,0,0,103,102,0,90,0,12,0,1,56,47,0,2,1,0,0,2,0,0,0,
Kyle Krebs,158594,CB,C MICHIGAN,5,1,0,75.0,0,0,134,0,0,70.9,69.1,78.3,,59.5,53.3,0,0,0,0,7.0,20.0,1,1,0,80.2,3,0,0,1,60,32,70,2,0,0,2,0,0,68,0,38,7,0,3,0,4,0,0,15,11,5.0
Jordan Kwiatkowski,158595,LB,C MICHIGAN,12,27,2,72.5,0,1,134,0,0,57.1,75.0,2.5,70.8,85.5,69.3,3,9,1,3,62.0,12.7,15,2,3,87.1,29,3,0,618,0,300,673,33,0,0,33,0,8,640,89,284,14,47,76,8,40,15,3,296,181,10.2
Donovan Branch,158608,ED,UCONN,12,5,0,83.3,0,0,146,0,0,45.9,54.7,71.4,63.2,53.1,45.3,3,15,0,0,13.0,24.2,8,1,1,92.0,10,3,0,95,0,87,547,435,0,1,419,15,1,112,215,245,16,17,20,3,12,21,0,73,41,7.3
D'Mon Brinson,158609,S,UCONN,12,17,0,71.2,0,0,146,0,0,64.5,60.7,89.8,58.9,49.0,45.3,0,0,0,1,40.0,23.4,18,7,0,91.2,52,0,0,173,2,453,863,5,0,0,5,0,285,858,2,408,397,13,42,4,73,0,1,542,213,10.4
Thaddeus Dixon,158614,CB,N CAROLINA,7,4,0,61.5,0,0,245,0,0,65.5,65.2,26.6,63.8,64.8,45.9,1,1,0,0,75.0,16.0,4,5,2,105.3,16,0,0,33,290,209,397,5,0,0,5,0,9,392,2,186,59,5,17,2,26,2,1,244,123,15.3
Kylish Hicks,158618,CB,UCONN,2,0,0,100.0,0,0,146,0,0,51.9,52.0,71.5,,60.0,73.5,0,0,0,0,24.0,0.0,0,0,0,118.8,1,0,0,0,11,8,11,0,0,0,0,0,0,11,0,3,0,0,1,0,1,0,0,24,4,24.0
Matt Hoffman,158619,ED,UCONN,12,1,1,,0,0,146,0,0,61.1,52.5,82.5,51.5,52.4,72.0,1,6,0,0,,11.8,2,0,0,0.0,0,0,0,0,0,5,283,282,1,104,82,95,0,1,132,146,0,8,14,1,0,7,0,0,0,
Lee Molette III,158623,S,UCONN,11,17,0,65.0,0,0,146,0,0,64.9,67.0,15.4,63.1,73.0,70.0,1,0,0,1,68.0,13.7,10,1,2,115.0,13,0,0,156,3,365,673,12,0,0,12,0,409,661,9,299,92,14,46,3,20,1,2,222,109,17.1
Tim Passmore Jr.,158626,DI,UMASS,12,7,0,,0,0,216,0,0,,53.3,31.4,52.5,56.1,56.5,0,0,0,0,,11.8,2,0,2,0.0,0,0,0,1,0,0,297,296,154,142,0,0,0,1,107,190,0,7,8,0,0,0,0,0,0,
Nathan Voorhis,158637,ED,BALL ST,12,11,0,,0,1,117,0,0,65.7,78.0,58.4,87.8,62.8,67.7,7,28,0,0,,17.1,7,0,2,0.0,0,11,0,8,0,3,595,587,0,11,513,63,0,8,320,272,0,29,23,4,0,46,0,0,0,
Bryce Anderson,158640,S,TEXAS A&M,4,6,0,100.0,0,0,312,0,0,59.3,58.0,80.9,53.6,56.6,53.3,1,0,0,0,43.0,23.5,4,0,0,118.8,3,0,0,50,2,76,138,4,0,0,4,0,58,134,6,56,24,3,7,0,3,1,0,56,34,18.7
Gabriel Brownlow-Dindy,158644,DI,S CAROLINA,12,8,0,,0,0,289,0,0,60.9,74.9,27.9,67.7,78.4,47.8,0,10,0,0,,19.2,5,0,2,0.0,0,0,0,0,0,0,300,300,29,250,0,21,0,0,156,144,0,11,13,1,0,10,0,0,0,
Marquis Groves-Killebrew,158649,CB,ARIZONA,6,2,0,45.5,0,0,109,0,0,54.3,59.5,79.9,,74.8,73.6,0,0,0,0,32.0,11.1,1,0,0,107.8,5,0,0,16,129,65,148,1,0,0,1,0,0,147,0,83,1,2,6,0,11,0,1,99,21,19.8
Denver Harris,158651,CB,UNLV,3,1,0,37.5,0,0,325,0,0,49.9,51.7,77.7,56.5,66.5,79.8,0,0,0,0,24.0,0.0,0,0,2,50.0,3,0,0,0,75,48,75,0,0,0,0,0,0,75,2,25,0,1,3,0,8,0,0,32,6,10.7
Jarred Kerr,158656,S,TEXAS A&M,4,0,0,100.0,0,0,312,0,0,72.4,75.2,76.7,,76.2,84.9,0,0,0,0,20.0,0.0,0,0,0,112.5,2,0,0,46,0,38,70,0,0,0,0,0,14,70,0,32,10,3,8,0,2,0,0,22,5,11.0
Anthony Lucas,158657,ED,USC,12,7,0,100.0,0,1,326,1,0,53.9,71.9,23.9,77.1,69.9,78.5,11,9,0,0,19.0,8.1,3,0,4,108.3,5,3,0,21,1,27,545,520,0,3,489,28,0,25,277,241,3,17,27,1,5,23,0,50,32,10.0
Jacoby Mathews,158660,S,AUBURN,1,0,0,,0,0,115,0,0,61.8,52.2,69.3,,48.8,,0,0,0,0,,,0,0,0,0.0,0,0,0,4,0,3,10,0,0,0,0,0,2,10,0,7,4,0,0,0,0,0,0,0,0,
LT Overton,158667,ED,ALABAMA,12,5,1,100.0,0,0,103,0,0,44.6,63.8,86.4,64.8,64.5,64.4,2,17,0,0,14.0,14.7,5,0,0,118.8,1,5,0,0,0,12,449,448,8,32,301,107,0,1,247,190,1,22,24,3,1,24,0,14,5,14.0
Kent Robinson,158669,CB,W KENTUCKY,10,3,0,52.9,0,0,346,0,0,66.5,64.7,0.0,63.3,63.3,45.6,0,2,0,0,32.0,23.1,6,2,3,80.5,9,0,0,21,327,209,369,3,0,0,3,0,1,366,5,155,16,4,17,0,17,2,0,140,23,15.6
Malick Sylla,158676,ED,MISS STATE,12,8,1,83.3,1,0,227,1,0,65.3,61.6,59.1,64.6,56.0,61.9,8,15,0,0,36.0,15.2,5,0,1,100.7,5,1,0,121,0,69,372,247,0,3,238,6,0,125,141,162,4,14,20,5,6,24,0,49,54,9.8
Enai White,158684,DI,PENN STATE,7,0,0,,0,0,266,0,0,,66.4,76.9,65.5,62.7,35.0,1,1,0,0,,66.7,2,0,0,0.0,0,1,0,0,0,0,47,47,3,31,9,4,0,0,29,18,0,2,1,0,0,3,0,0,0,
Austin Brown,158689,S,WISCONSIN,12,15,0,70.6,1,0,349,0,0,44.5,51.5,87.2,56.9,64.2,65.1,0,1,0,0,48.0,15.9,11,2,1,126.2,24,0,0,287,4,378,672,7,0,0,7,0,300,665,3,291,74,13,43,1,34,1,3,293,64,12.2
Charlie Jarvis,158698,S,WISCONSIN,2,0,0,,0,0,349,0,0,,66.0,60.0,60.0,61.1,72.2,0,0,0,0,,0.0,0,0,0,0.0,0,0,0,0,0,0,2,0,0,0,0,0,0,2,1,1,0,1,1,1,0,0,0,0,0,
Gabe Kirschke,158699,ED,WAKE,12,7,0,0.0,0,2,339,1,0,70.0,63.7,48.9,67.6,57.5,56.7,2,19,0,0,,18.8,6,0,2,39.6,0,3,0,1,0,7,464,463,0,17,338,108,0,1,251,206,0,17,19,4,1,24,0,0,0,
Curt Neal,158706,DI,ILLINOIS,12,5,1,,0,0,187,0,0,70.0,69.0,54.0,75.8,60.6,79.8,3,5,0,0,,0.0,0,0,1,0.0,0,1,0,1,0,0,242,241,208,32,1,0,0,1,127,115,0,9,9,0,0,9,0,0,0,
Aidan Vaughan,158711,LB,LIBERTY,9,6,0,91.7,0,0,206,0,0,47.6,50.8,81.4,51.9,58.6,72.5,0,2,0,0,31.0,9.1,3,0,0,118.8,11,0,0,218,1,96,227,6,0,0,6,0,0,221,30,101,2,11,24,1,12,2,0,154,82,14.0
Jai-Ayviauynn Celestine,158715,CB,FIU,11,2,0,50.0,0,0,166,1,0,74.6,73.1,84.2,57.8,61.4,80.5,0,0,0,1,40.0,6.3,1,4,0,62.1,14,0,0,24,367,234,413,9,0,0,9,0,9,404,2,177,4,5,13,1,28,0,1,143,27,10.2
Brandon Craddock,158718,LB,ARIZONA,1,0,0,,0,0,109,0,0,60.0,43.0,68.7,60.0,56.0,21.8,0,0,0,0,,100.0,1,0,0,0.0,0,0,0,1,0,1,3,1,0,0,1,0,0,2,1,1,1,0,0,0,0,0,0,0,0,
Tacario Davis,158719,CB,WASHINGTON,7,2,0,53.6,1,0,340,0,0,65.0,67.2,27.6,57.1,81.8,79.4,0,1,0,2,34.0,5.0,1,4,6,50.6,15,0,0,10,368,238,421,1,0,0,1,0,3,420,8,175,37,5,17,1,28,1,1,146,49,9.7
Devin Dunn,158721,S,ARIZONA,4,3,0,50.0,0,0,109,0,0,63.3,66.4,77.7,,70.1,81.5,0,0,0,0,11.0,0.0,0,1,0,66.7,1,0,0,7,1,21,42,1,0,0,1,0,8,41,0,21,25,1,2,0,2,0,0,11,2,11.0
Isaiah Johnson,158728,DI,N CAROLINA,12,21,0,,0,0,245,0,0,76.8,72.9,17.1,73.2,71.2,85.5,0,5,0,0,,0.0,0,0,3,0.0,0,2,0,0,0,0,330,330,172,158,0,0,0,0,154,176,0,19,25,1,0,7,0,0,0,
AJ Jones,158729,WR,MIDDLE TN,1,0,0,,0,0,224,0,0,,60.0,60.0,,60.0,,0,0,0,0,,,0,0,1,0.0,0,0,0,0,0,0,1,0,0,0,0,0,0,1,0,1,0,0,0,0,0,0,0,0,0,
Jacob Rich Kongaika,158730,DI,ARIZONA ST,12,8,2,,0,2,110,0,0,62.4,65.3,84.3,61.0,64.5,57.9,1,11,0,0,,11.1,3,0,0,0.0,0,1,0,2,0,0,460,458,33,406,2,17,0,2,234,226,0,15,16,1,0,13,0,0,0,
Sterling Lane II,158731,ED,BOISE ST,6,0,0,,0,0,120,0,0,,72.0,76.7,70.3,63.3,74.7,1,0,0,0,,0.0,0,0,0,0.0,0,1,0,0,0,0,28,28,0,0,28,0,0,0,22,6,0,1,1,0,0,2,0,0,0,
Jacob Manu,158733,LB,WASHINGTON,4,6,0,78.6,0,0,340,0,0,67.8,65.6,0.0,66.8,62.4,74.5,1,1,0,0,15.0,8.3,2,1,1,109.2,11,0,0,165,1,92,183,3,0,0,3,0,0,180,15,76,13,10,16,1,14,2,1,63,17,5.7
Tyler Martin,158734,LB,UMASS,12,28,0,71.4,0,0,216,0,0,72.5,70.6,55.0,63.4,68.1,76.8,2,4,1,1,23.0,10.5,11,2,1,98.3,15,0,0,647,0,255,690,20,0,0,20,0,0,670,25,410,23,37,66,3,21,6,2,125,74,8.3
Ephesians Prysock,158740,CB,WASHINGTON,12,10,0,57.4,0,0,340,0,0,75.8,77.2,53.4,58.8,82.2,74.7,0,0,0,1,36.0,10.5,6,4,7,88.1,39,0,0,46,651,461,781,4,0,0,4,0,12,777,6,314,66,14,41,1,68,0,5,324,105,8.3
Ta'ita'i Uiagalelei,158748,DI,WASHINGTON,12,11,0,,0,0,340,0,0,64.0,65.2,26.1,69.1,60.7,50.4,2,16,0,0,,16.0,4,0,3,0.0,0,2,0,0,0,0,449,448,2,351,10,85,0,1,278,171,0,7,10,2,0,20,0,0,0,
Isaiah Ward,158749,ED,WASHINGTON,7,2,0,50.0,0,0,340,0,0,57.8,61.2,55.1,69.6,49.2,36.1,1,13,0,0,13.0,30.8,4,0,1,70.8,1,2,0,10,0,22,258,248,0,0,246,2,0,10,160,76,0,7,7,1,2,16,0,13,2,13.0
Jermaine Wiggins Jr.,158751,ED,UMASS,8,3,0,0.0,0,0,216,0,0,62.3,48.4,21.7,58.8,46.4,79.8,0,1,0,0,,0.0,0,0,1,39.6,0,0,0,0,0,2,104,104,0,0,104,0,0,0,32,70,0,1,2,0,1,1,0,0,0,
Aaron Alexander,158753,LB,ARK STATE,11,16,1,75.7,0,1,113,0,0,78.0,77.1,81.6,61.5,76.2,74.8,0,3,0,1,76.0,9.5,9,0,0,95.6,28,1,0,449,0,269,570,11,0,0,11,0,0,559,32,269,110,45,70,2,37,4,1,290,253,10.4
Kofi Asare,158754,ED,FLORIDA,11,3,0,100.0,0,0,163,0,0,66.2,62.3,85.5,55.5,62.5,72.2,0,1,0,0,9.0,6.3,1,0,0,97.9,2,1,0,2,0,16,154,149,0,0,149,0,0,5,52,86,3,5,12,2,2,2,0,15,17,7.5
Derrieon Craig,158758,S,UMASS,11,15,0,82.1,0,0,216,1,0,60.5,62.5,60.8,65.8,63.2,68.7,2,5,0,0,87.0,14.1,12,1,1,124.8,32,0,0,227,1,239,633,146,0,0,146,0,32,487,48,346,227,27,58,2,39,7,2,384,253,12.0
Dallas Elliott,158760,WR,UMASS,1,0,0,,0,0,216,0,0,60.0,55.6,60.0,,,,0,0,0,0,,,0,0,0,0.0,0,0,0,0,0,1,1,0,0,0,0,0,0,1,0,0,0,0,0,0,0,0,0,0,0,
Jeremiah McGill,158766,S,UMASS,11,5,0,66.7,1,0,216,0,0,36.6,43.0,23.4,,59.8,57.4,0,0,0,1,25.0,19.5,8,1,3,110.5,14,0,0,163,3,188,377,2,0,0,2,0,110,375,0,189,99,4,28,0,21,0,4,167,47,11.9
Jalen Stewart,158770,LB,TEMPLE,1,0,0,0.0,0,0,306,0,0,50.0,25.3,67.2,,47.1,20.0,0,0,0,0,,100.0,1,0,0,39.6,0,0,0,3,0,2,3,0,0,0,0,0,0,3,0,1,0,0,0,0,1,0,0,0,0,
Eric Butler,158780,CB,S DIEGO ST,12,11,0,68.1,0,0,284,1,0,63.9,65.1,47.7,62.8,68.9,51.2,3,3,0,0,44.0,21.6,11,2,2,85.5,32,0,0,140,11,343,578,4,0,0,4,0,10,574,7,228,412,18,29,1,47,6,0,301,225,9.4
Max Garrison,158789,S,S DIEGO ST,5,2,0,50.0,0,0,284,0,0,48.9,54.6,73.3,,67.2,79.6,0,0,0,0,20.0,0.0,0,0,0,85.4,1,0,0,12,0,16,26,0,0,0,0,0,10,26,0,10,3,0,0,0,2,0,0,20,15,20.0
Ryan Henderson,158790,ED,S DIEGO ST,12,6,1,,0,0,284,0,0,61.3,71.9,64.4,73.9,64.8,69.1,5,18,0,0,,14.3,3,0,1,0.0,0,8,0,5,0,8,384,379,17,53,264,45,0,5,245,131,0,16,12,2,0,31,0,0,0,
Josh Hunter,158791,S,S DIEGO ST,9,4,0,100.0,0,0,284,0,0,63.8,68.1,80.5,,75.9,86.1,0,0,0,0,16.0,0.0,0,0,0,118.8,1,0,0,50,0,76,137,0,0,0,0,0,77,137,0,61,9,0,6,0,1,0,0,16,0,16.0
Chris Johnson,158794,CB,S DIEGO ST,11,7,0,41.9,0,1,284,0,0,92.4,91.6,47.4,86.6,67.1,80.3,2,1,2,4,33.0,5.6,3,5,2,16.1,18,1,0,44,561,349,634,8,0,0,8,0,0,626,9,276,20,14,44,2,43,4,0,185,79,10.3
Trey White,158810,ED,S DIEGO ST,12,5,1,100.0,0,0,284,0,0,70.3,83.4,90.5,78.1,80.1,76.8,10,28,0,0,-1.0,8.6,3,0,0,79.2,1,8,0,9,1,34,573,563,0,0,560,3,0,10,299,240,0,31,27,3,1,46,0,-1,7,-1.0
Camron Cooper,158814,ED,UTSA,1,0,0,100.0,0,0,331,0,0,50.2,53.2,75.9,67.4,56.9,21.4,0,1,0,0,15.0,100.0,1,0,0,118.8,1,0,0,0,0,4,15,14,0,0,14,0,0,1,9,2,1,0,0,0,1,1,0,15,17,15.0
Alpha Khan,158819,CB,UTSA,4,0,0,0.0,0,0,331,0,0,44.5,45.6,72.6,,54.2,27.2,0,0,0,0,,0.0,0,0,1,39.6,0,0,0,8,22,11,30,0,0,0,0,0,0,30,0,19,0,0,1,0,1,0,0,0,0,
Tai Leonard,158821,DI,UTSA,9,4,0,,0,0,331,0,0,62.1,68.5,80.5,64.6,66.3,62.3,1,6,0,0,,6.7,1,0,0,0.0,0,0,0,0,0,0,187,187,2,143,9,33,0,0,91,96,0,8,10,3,0,7,0,0,0,
Owen Pewee,158826,LB,UTSA,12,6,0,92.9,0,0,331,0,0,45.6,55.8,51.7,66.2,65.7,66.0,1,14,0,0,20.0,10.3,3,0,1,128.9,13,0,0,53,0,123,358,162,0,0,162,0,0,196,59,176,143,12,20,3,14,15,1,129,70,9.9
Travon Sylvester,158829,DI,UTSA,12,3,0,,0,0,331,0,0,,60.5,80.1,52.6,64.7,76.2,0,1,0,0,,0.0,0,0,0,0.0,0,0,0,1,0,0,152,151,0,114,13,24,0,1,76,76,0,0,3,0,0,1,0,0,0,
Kai Rapolla,158920,CB,WASH STATE,4,0,0,100.0,0,0,341,0,0,63.9,62.3,0.0,60.0,71.3,47.6,0,0,0,0,5.0,25.0,1,0,1,87.5,2,0,0,5,23,26,34,0,0,0,0,0,0,34,1,7,5,1,3,0,2,0,0,10,5,5.0
Don Saunders,158931,CB,UTAH,7,0,0,41.2,0,0,328,0,0,66.4,65.3,0.0,,66.4,44.5,0,0,0,0,26.0,33.3,2,1,1,58.9,7,0,0,1,130,92,139,0,0,0,0,0,0,139,0,47,8,0,4,0,17,0,0,92,33,13.1
Jay'Vion Cole,158932,CB,ARIZONA,10,4,0,55.6,1,1,109,0,0,87.6,84.5,82.5,70.8,59.2,56.2,0,0,1,4,25.0,15.4,4,2,2,56.3,15,1,0,25,305,173,334,1,0,0,1,0,0,333,6,155,3,9,18,2,27,1,2,148,48,9.9
Soni Finau,158938,DI,WASH STATE,12,2,0,,0,0,341,0,0,60.0,69.4,46.1,68.1,68.8,37.8,0,7,0,0,,35.7,5,0,1,0.0,0,3,0,1,0,0,226,225,19,203,0,3,0,1,109,117,0,8,7,0,0,10,0,0,0,
Jordan Sanders,158940,DI,TEXAS ST,12,4,0,,0,0,314,0,0,70.7,77.5,82.9,75.6,70.9,33.2,1,10,0,0,,22.7,5,0,0,0.0,0,0,0,0,0,0,336,336,2,285,11,38,0,0,172,164,0,11,13,2,0,11,0,0,0,
Jordan Dwyer,158967,WR,TCU,1,0,0,,0,0,305,0,0,,60.0,60.0,,60.0,,0,0,0,0,,,0,0,4,0.0,0,0,0,0,0,0,1,0,0,0,0,0,0,1,0,1,0,0,0,0,0,0,0,0,0,
Ormanie Arnold,158982,CB,CINCINNATI,10,7,0,64.7,1,0,138,0,0,52.2,56.4,79.8,,66.6,56.2,0,1,0,0,30.0,18.2,4,2,3,136.9,11,0,0,55,203,108,258,0,0,0,0,0,0,258,0,150,0,4,11,0,17,1,2,170,82,15.5
Xavier Slayton,158988,DI,NEW MEXICO,10,3,1,100.0,0,0,241,0,0,61.4,64.3,81.9,60.2,65.2,64.7,2,8,0,1,-3.0,11.1,2,0,0,39.6,1,2,0,1,0,8,246,245,3,210,15,17,0,1,169,69,0,12,13,2,1,12,0,-3,0,-3.0
Warren-Stevens Tayou,159022,DI,E MICHIGAN,12,7,1,,0,0,160,1,0,60.0,58.7,82.7,51.8,61.5,36.0,1,3,0,0,,20.0,4,0,0,0.0,0,0,0,0,0,0,334,334,36,248,7,43,0,0,141,193,0,5,9,0,0,4,0,0,0,
Elijah Gipson,159057,CB,HAWAII,8,1,0,75.0,0,0,180,0,0,67.1,67.3,78.3,60.0,65.1,83.9,0,0,0,0,10.0,0.0,0,0,0,93.8,3,0,0,7,96,57,107,0,0,0,0,0,0,107,1,49,3,1,8,0,4,0,0,28,0,9.3
Duhron Goodman,159058,S,WASH STATE,8,2,0,50.0,0,0,341,0,0,50.8,50.0,77.6,,51.9,60.7,0,0,0,0,35.0,16.7,1,0,0,135.4,1,0,0,9,0,25,44,1,0,0,1,0,20,43,0,19,14,0,3,0,2,0,1,35,7,35.0
Quincy Craig,159061,HB,ARIZONA,1,0,0,,0,0,109,0,0,,60.1,60.0,,60.0,,0,0,0,0,,,0,0,1,0.0,0,0,0,0,0,0,1,0,0,0,0,0,0,1,0,1,0,0,0,0,0,0,0,0,0,
Brandon Tyson,159102,LB,GA SOUTHRN,12,25,0,73.7,1,0,174,1,0,64.1,58.4,55.3,52.4,56.4,62.1,6,5,0,1,32.0,13.7,13,2,3,91.9,28,0,0,564,3,331,763,55,0,0,55,0,0,708,61,371,140,25,57,1,38,11,1,279,218,10.0
Chuck Nnaeto,159105,DI,BOSTON COL,3,0,0,,0,0,121,0,0,,63.3,78.5,53.8,67.5,49.3,0,1,0,0,,20.0,1,0,1,0.0,0,0,0,0,0,0,75,75,27,47,0,1,0,0,37,38,0,2,4,0,0,1,0,0,0,
Cazeem Moore,159108,ED,VIRGINIA,12,4,1,,0,0,335,0,0,59.1,61.7,48.0,63.2,60.5,59.0,3,8,0,0,,13.3,2,0,1,0.0,0,3,0,1,0,1,226,225,4,76,114,31,0,1,143,82,0,7,9,0,0,14,0,0,0,
Marco Patierno,159115,LB,E MICHIGAN,9,14,0,72.7,0,0,160,0,0,38.8,44.9,81.3,50.7,52.9,71.9,0,1,0,0,20.0,9.5,4,1,0,88.1,8,0,0,269,4,90,286,2,0,0,2,0,0,284,11,185,11,9,24,2,11,1,0,67,53,8.4
Trae Tomlinson,159180,CB,LA LAFAYET,8,7,0,88.9,0,0,207,0,0,59.3,57.1,8.8,65.0,50.5,40.9,1,4,0,0,55.0,23.3,7,1,1,148.6,16,1,0,28,31,104,242,4,0,0,4,0,0,238,21,117,178,5,16,0,18,6,2,194,166,12.1
Cooper Barkate,159333,WR,DUKE,1,0,0,,0,0,154,0,0,,60.1,60.0,,60.0,,0,0,0,0,,,0,0,2,0.0,0,0,0,0,0,0,1,0,0,0,0,0,0,1,0,1,0,0,0,0,0,0,0,0,0,
MJ Cannon,159355,CB,BOWL GREEN,12,8,0,60.0,0,0,122,1,0,72.4,74.3,58.7,64.0,79.7,75.4,0,3,0,2,44.0,12.5,7,1,4,71.5,27,2,0,121,42,371,752,35,0,0,35,0,43,717,21,360,511,19,41,5,45,5,2,250,104,9.3
Antoineo Harris Jr.,159396,ED,UCONN,12,2,1,,0,0,146,0,0,61.9,64.5,84.9,65.7,60.0,56.7,1,13,0,0,,21.2,7,0,0,0.0,0,2,0,1,0,10,374,372,1,13,254,104,1,2,168,196,0,15,24,0,0,16,0,0,0,
Dalesean Staley,159429,S,S DIEGO ST,12,18,0,55.8,0,1,284,0,0,66.0,68.9,51.5,50.8,74.4,69.7,0,1,0,1,34.0,13.6,11,4,1,73.7,24,0,0,380,8,414,736,1,0,0,1,0,281,735,5,317,65,24,52,1,43,1,1,279,121,11.6
Jahsiah Galvan,159431,LB,STANFORD,8,11,0,88.2,0,2,300,0,0,71.7,75.3,83.3,67.1,77.2,69.6,2,2,0,0,18.0,12.1,7,1,0,94.9,15,0,0,223,0,160,315,51,0,1,50,0,1,264,29,126,40,26,40,2,17,4,0,115,88,7.7
Aakeem Snell,159486,CB,C MICHIGAN,8,0,0,55.6,0,1,134,0,0,61.5,61.1,82.0,56.1,58.7,44.9,0,0,0,0,33.0,25.0,2,0,1,82.6,5,0,0,4,118,85,157,4,0,0,4,0,1,153,2,70,30,2,6,1,9,0,0,74,8,14.8
Mercury Swaim,159491,LB,NEW MEXICO,10,13,0,88.9,0,0,241,0,0,69.0,77.2,83.7,69.7,77.5,66.0,1,4,0,0,27.0,11.5,6,0,0,131.7,16,2,0,289,0,148,350,7,0,0,7,0,1,343,22,180,52,28,33,4,18,7,2,121,87,7.6
Nick Karika,159528,DI,DELAWARE,10,2,0,,0,1,151,0,0,72.5,71.7,82.8,63.0,69.8,48.3,0,6,0,0,,22.2,2,0,0,0.0,0,1,0,0,0,0,170,170,126,36,3,5,0,0,88,82,0,5,5,0,0,7,0,0,0,
Jorel Liverpool,159534,ED,CHARLOTTE,11,7,0,100.0,0,1,136,0,0,62.5,65.6,85.2,54.2,71.3,28.9,4,6,0,0,7.0,26.9,7,0,0,95.8,1,1,0,0,0,5,304,303,3,9,223,68,0,1,144,155,0,11,12,3,1,11,0,7,9,7.0
NiJhay Burt,159609,CB,MICH STATE,2,0,0,,0,0,223,0,0,65.1,65.5,71.0,,60.0,,0,0,0,0,,,0,0,0,0.0,0,0,0,0,10,9,11,0,0,0,0,0,0,11,0,2,1,0,0,0,0,0,0,0,0,
Joedrick Lewis,159624,CB,BALL ST,12,2,0,62.9,0,0,117,0,0,65.5,66.9,84.3,65.3,68.6,62.9,1,1,0,3,44.0,14.7,5,0,0,93.2,22,0,0,47,442,271,513,5,0,0,5,0,3,508,4,238,16,10,27,3,35,2,5,293,57,13.3
Bryce Phillips,159665,CB,S DIEGO ST,12,7,0,44.9,1,1,284,0,0,75.5,76.2,19.1,44.9,84.6,86.8,0,1,0,1,49.0,5.0,2,6,5,71.9,22,0,0,60,650,415,737,6,0,0,6,0,5,731,4,318,16,9,31,1,49,1,3,241,29,11.0
Dylan King,159667,S,SO MISS,9,2,0,87.5,0,0,296,0,0,61.9,59.5,0.0,60.0,58.7,55.7,0,0,0,0,12.0,19.2,5,1,2,93.8,7,0,0,57,1,113,208,1,0,0,1,0,116,207,1,94,33,2,19,0,8,0,0,52,14,7.4
Austin Yelder,159668,LB,MO STATE,3,1,0,,0,0,230,0,0,62.0,67.0,0.0,,77.9,80.4,0,0,0,0,,0.0,0,0,1,0.0,0,0,0,13,0,3,19,2,0,0,2,0,0,17,0,16,4,3,4,0,0,0,0,0,0,
Charles Perkins,159709,DI,WISCONSIN,8,2,0,,0,0,349,0,0,62.3,62.9,77.4,57.1,61.5,76.2,0,1,0,0,,0.0,0,0,0,0.0,0,0,0,0,0,0,73,73,1,67,1,4,0,0,35,38,0,4,4,2,0,1,0,0,0,
Roman Pearson,159729,CB,BALL ST,12,3,0,57.1,0,0,117,0,0,64.2,63.0,83.5,55.8,56.5,47.5,0,0,0,1,27.0,23.7,9,4,1,66.0,24,0,0,64,429,283,504,3,0,0,3,0,3,501,1,220,5,6,26,0,42,0,0,264,89,11.0
Tyree Morris,159759,DI,UTAH ST,12,18,1,,0,0,329,0,0,57.2,61.3,69.0,59.7,64.1,60.0,3,12,0,0,,11.6,5,0,2,0.0,0,3,0,0,0,21,605,604,7,177,93,327,0,1,308,276,0,17,20,0,0,18,0,0,0,
Alex Mitchell,159800,LB,MIDDLE TN,4,9,0,87.5,0,1,224,0,0,56.2,71.1,77.9,68.3,77.7,58.6,0,2,0,0,15.0,16.7,5,0,0,95.8,7,1,0,139,0,59,155,11,0,0,11,0,0,144,8,88,5,9,16,3,8,3,0,56,71,8.0
Chris Joines,159848,S,RUTGERS,5,3,0,,0,0,278,0,0,64.6,67.3,77.5,59.6,68.7,81.4,0,0,0,0,,0.0,0,0,0,0.0,0,0,0,17,0,16,38,5,0,0,5,0,11,33,1,21,5,1,1,0,0,0,0,0,0,
Arias Nash,159856,ED,VA TECH,3,0,0,,0,0,337,0,0,,48.3,71.3,57.5,51.9,,0,0,0,0,,,0,0,0,0.0,0,0,0,0,0,0,9,9,0,1,4,4,0,0,4,5,0,0,0,0,0,0,0,0,0,
Jason Chambers,159892,CB,W VIRGINIA,12,5,0,52.6,0,0,343,0,0,61.9,62.6,85.2,55.5,63.5,73.1,0,0,0,1,43.0,10.0,4,4,3,94.0,20,0,0,52,575,357,641,5,0,0,5,0,4,636,4,280,4,11,31,3,38,0,3,298,105,14.9
Kendrick DuJour,159893,ED,E CAROLINA,5,2,1,,0,1,156,1,0,69.6,74.2,0.0,74.5,77.5,66.9,0,2,0,0,,14.3,1,0,2,0.0,0,1,0,3,0,18,75,70,0,0,67,3,0,5,28,29,2,4,4,2,0,3,0,0,0,
Jordy Lowery,159961,CB,E CAROLINA,11,8,0,69.0,0,1,156,0,0,60.2,62.6,83.2,51.1,75.8,52.8,0,0,0,0,48.0,18.4,7,4,3,137.5,20,0,0,37,348,223,390,4,0,0,4,0,1,386,8,159,0,13,23,2,29,0,4,267,106,13.4
Brandon Smiley,159973,DI,WAKE,3,2,0,,0,0,339,0,0,60.0,51.7,73.5,55.0,52.2,72.2,0,0,0,0,,0.0,0,0,0,0.0,0,0,0,0,0,0,19,19,4,12,0,3,0,0,13,6,0,0,0,0,0,0,0,0,0,
Javis Mynatt,160007,S,TEXAS ST,12,8,0,50.0,0,0,314,1,0,67.2,71.5,84.2,63.8,76.1,67.7,0,0,0,0,4.0,16.2,6,0,0,95.8,4,1,0,140,0,185,396,11,0,0,11,0,189,385,10,201,55,10,23,0,8,1,2,11,10,2.8
Jalen Marshall,160011,LB,MARSHALL,4,1,0,50.0,0,0,214,0,0,73.0,69.4,79.3,53.6,64.2,78.8,1,0,0,0,12.0,0.0,0,1,0,68.8,1,0,0,35,0,26,63,20,0,0,20,0,1,43,10,27,7,2,3,0,2,1,0,12,6,12.0
Caleb Sims,160074,ED,LA TECH,12,4,0,,0,0,208,0,0,60.1,53.7,55.0,52.1,57.4,68.4,0,4,0,0,,10.0,1,0,1,0.0,0,0,0,0,0,0,277,277,0,33,131,113,0,0,168,109,0,5,5,1,0,4,0,0,0,
Jaden Rios,160106,CB,TEXAS ST,10,7,0,48.6,0,0,314,0,0,74.7,72.7,84.2,72.2,55.5,47.3,0,0,0,3,76.0,22.2,8,4,3,73.0,18,1,0,25,424,237,460,1,0,0,1,0,4,459,4,219,6,7,21,2,37,1,4,250,88,13.9
Brandon Tucker,160109,LB,UTSA,11,8,0,66.7,0,1,331,0,0,65.4,68.9,79.6,63.0,70.0,51.1,3,0,0,0,14.0,18.4,7,0,0,81.9,4,0,0,231,1,125,259,4,0,0,4,0,0,255,17,117,23,14,23,4,6,3,0,35,23,8.8
Ja'Quel Mack,160152,LB,E MICHIGAN,2,0,0,,0,0,160,0,0,,49.6,68.7,57.6,52.4,,0,0,0,0,,,0,0,0,0.0,0,0,0,9,0,0,11,1,0,0,1,0,0,10,2,9,1,0,0,0,0,0,0,0,0,
Rod Daniels,160252,ED,KENNESAW,12,11,0,100.0,0,0,200,0,0,69.0,66.6,89.6,59.1,66.3,68.9,1,5,0,0,21.0,10.3,3,1,0,118.8,1,2,0,6,0,59,467,436,0,1,413,22,0,31,159,249,24,10,15,1,1,8,0,21,5,21.0
Adrian Maddox,160267,S,GEORGIA,3,0,0,100.0,0,0,173,0,0,68.8,70.5,77.9,,70.5,56.3,0,0,0,0,1.0,33.3,1,0,0,79.2,1,0,0,14,0,38,64,0,0,0,0,0,44,64,0,26,6,1,2,0,1,0,0,1,2,1.0
Tyler Bailey,160286,S,SM HOUSTON,12,10,0,75.0,0,0,281,0,0,61.0,64.1,86.0,68.3,66.8,42.1,0,0,0,1,29.0,25.4,17,2,4,99.8,15,1,0,257,1,299,578,1,0,0,1,0,250,577,2,277,69,8,40,0,20,1,1,189,160,12.6
Jaidan Scott,160290,S,SM HOUSTON,11,11,0,69.2,0,2,281,0,0,46.1,56.7,83.6,,78.9,66.3,0,0,0,0,21.0,14.3,7,2,2,125.3,9,0,0,108,1,191,314,0,0,0,0,0,180,314,0,123,25,8,31,0,13,0,3,81,63,9.0
Ca'lub Holloway,160295,LB,SM HOUSTON,8,5,0,72.2,0,0,281,0,0,50.6,53.0,40.7,64.5,53.0,70.7,3,4,0,0,42.0,10.0,3,2,1,100.7,13,1,0,134,0,104,273,111,0,0,111,0,0,162,52,117,28,13,22,0,18,8,0,166,91,12.8
Justin Kirkland,160310,DI,BYU,4,1,0,,0,0,128,0,0,60.0,63.4,80.1,53.3,68.7,73.6,0,1,0,0,,0.0,0,0,0,0.0,0,0,0,0,0,0,97,97,34,62,0,1,0,0,51,46,0,1,2,0,0,1,0,0,0,
Paul Hutson III,160334,ED,MARSHALL,12,11,1,,0,0,214,0,0,62.3,68.7,48.3,67.4,68.2,66.9,4,12,1,2,,12.5,4,0,2,0.0,0,5,0,0,0,5,485,485,10,43,144,288,0,0,277,203,0,18,17,2,0,21,0,0,0,
Myles Rowser,160351,S,ARIZONA ST,12,17,0,79.4,0,0,110,1,0,70.6,68.9,0.0,60.7,72.6,69.4,0,4,0,0,75.0,14.1,14,2,6,119.5,27,0,0,422,10,443,763,10,0,0,10,0,170,753,14,306,151,34,68,4,34,4,2,271,153,10.0
Milon Jones,160381,S,KENNESAW,12,12,0,76.9,0,0,200,0,0,56.0,63.3,86.3,73.9,72.7,78.9,0,1,0,0,23.0,10.0,5,0,1,123.9,10,1,0,205,6,327,591,12,0,0,12,0,352,579,2,262,14,8,33,2,13,2,1,100,43,10.0
Eli Leiataua,160384,LB,KENNESAW,3,0,0,,0,0,200,0,0,43.2,47.3,66.7,68.4,60.0,,0,1,0,0,,,0,0,0,0.0,0,0,0,7,0,5,8,0,0,0,0,0,0,8,2,1,1,0,0,0,0,1,0,0,0,
Ugonna Nwoha,160387,ED,KENNESAW,12,6,0,,0,0,200,0,0,53.8,70.3,51.3,62.0,79.0,67.0,2,5,0,0,,10.5,2,0,1,0.0,0,1,0,0,0,1,248,248,0,27,145,76,0,0,133,114,0,10,11,2,0,8,0,0,0,
Jayven Williams,160395,CB,MISS STATE,12,2,0,61.5,1,2,227,0,0,66.6,63.7,82.8,62.5,47.7,31.3,0,2,0,1,88.0,23.8,5,1,3,113.0,8,0,0,28,267,158,313,3,0,0,3,0,5,310,4,151,10,2,14,1,13,2,2,193,85,24.1
Devon Marshall,160445,CB,NC STATE,12,6,0,45.0,0,1,248,0,0,85.0,86.1,86.2,64.1,80.4,79.5,1,1,0,2,44.0,7.1,3,11,1,58.2,27,0,0,24,605,408,652,6,0,0,6,0,2,646,3,241,15,12,33,0,60,2,2,308,89,11.4
Cole Kozlowski,160467,LB,UCF,12,28,1,82.4,0,1,323,0,0,70.6,75.6,83.0,61.0,75.3,66.8,1,7,0,0,24.0,11.8,11,1,0,110.0,14,2,0,503,0,175,531,14,0,0,14,0,0,517,49,307,14,26,54,5,17,10,1,97,71,6.9
Ben Bogle,160580,LB,W VIRGINIA,12,7,0,100.0,0,0,343,0,0,48.4,73.4,82.0,67.4,88.3,85.9,2,0,0,0,25.0,3.0,1,0,0,118.1,6,3,0,233,0,98,255,11,0,0,11,0,0,244,35,122,9,21,25,3,6,5,0,74,56,12.3
Desman Hearns,160586,CB,WYOMING,12,7,0,57.6,0,2,351,0,0,67.0,70.1,86.8,47.5,79.0,55.3,0,3,0,2,72.0,20.4,11,6,2,83.6,38,0,0,189,12,363,681,1,0,0,1,0,27,680,4,314,452,14,36,2,66,3,4,411,161,10.8
Tayvion Beasley,160755,CB,BYU,10,2,0,75.0,0,1,128,0,0,60.4,61.8,86.1,63.1,63.3,42.8,0,4,0,0,20.0,26.7,4,2,2,112.2,12,0,0,23,3,140,253,4,0,0,4,0,22,249,15,98,201,2,9,1,16,4,1,103,38,8.6
Kevin Coleman Jr.,160756,WR,MISSOURI,1,0,0,,0,0,229,0,0,,62.4,60.0,,61.6,70.3,0,0,0,0,,0.0,0,0,0,0.0,0,0,0,0,0,0,1,0,0,0,0,0,0,1,0,1,0,0,1,0,0,0,0,0,0,
Jelani Davis,160758,DI,KENT STATE,12,4,0,,0,0,201,0,0,60.0,69.6,0.0,78.7,66.2,56.3,5,9,0,0,,16.0,4,0,5,0.0,0,3,0,1,0,1,311,310,7,208,4,91,0,1,180,130,0,13,17,2,0,17,0,0,0,
Eli Ennis,160835,LB,UAB,4,3,0,100.0,0,0,321,0,0,46.2,47.8,79.2,63.5,51.1,66.6,0,1,0,0,18.0,20.0,2,0,0,118.8,2,2,0,74,0,35,87,6,0,0,6,0,0,81,7,45,7,5,5,1,2,3,0,34,18,17.0
Makhi Gilbert,160872,DI,E MICHIGAN,5,2,0,,0,0,160,0,0,60.0,63.6,37.3,60.9,65.3,66.0,0,1,0,0,,8.3,1,0,1,0.0,0,0,0,0,0,0,181,181,8,134,6,33,0,0,76,105,0,5,9,2,0,1,0,0,0,
Wendol Philord,160975,CB,FAU,9,4,0,53.8,0,0,165,0,0,70.2,72.7,83.1,57.2,81.3,71.8,0,0,0,0,20.0,13.3,2,3,1,65.2,7,0,0,16,27,91,169,4,0,0,4,0,2,165,11,67,120,4,9,1,13,0,0,57,54,8.1
Jaelin Willis,160995,LB,APP STATE,11,11,1,77.8,0,0,108,0,0,64.5,64.2,17.0,66.6,63.8,67.0,1,3,0,0,34.0,11.1,4,0,1,151.6,7,0,0,249,0,131,256,1,0,0,1,0,0,255,9,116,6,16,21,1,9,4,2,98,49,14.0
Jaylen George,161246,DI,NEBRASKA,7,1,0,,0,0,238,0,0,,66.1,77.2,59.8,66.5,32.9,0,0,0,0,,40.0,2,0,0,0.0,0,0,0,0,0,0,52,52,4,30,13,5,0,0,19,33,0,1,2,0,0,0,0,0,0,
Jayvon Henderson,161247,CB,S ALABAMA,12,6,0,52.9,0,0,288,2,0,76.1,75.3,85.0,,66.4,50.9,0,0,0,0,48.0,19.4,7,4,2,94.2,18,0,0,39,574,308,619,2,0,0,2,0,0,617,0,311,4,9,23,3,34,0,2,232,76,12.9
Syeed Gibbs,161375,CB,KANSAS,9,1,0,69.7,0,0,198,0,0,58.7,57.7,13.7,72.1,53.9,37.4,1,0,0,0,36.0,29.6,8,2,2,127.6,23,0,0,46,134,192,345,5,0,0,5,0,30,340,7,146,130,3,18,1,33,1,3,294,90,12.8
Rylen Su'a-Filo,161397,DI,W KENTUCKY,12,15,1,,0,0,346,0,0,66.4,67.4,25.6,56.9,74.9,76.1,0,6,0,0,,2.8,1,0,3,0.0,0,0,0,0,0,1,420,418,94,255,10,59,0,2,211,208,0,12,20,3,0,6,0,0,0,
Caleb Flagg,161406,S,MISSOURI,2,1,0,50.0,0,0,229,0,0,69.8,69.9,74.4,,64.8,76.5,0,0,0,0,4.0,0.0,0,1,0,56.3,1,0,0,6,0,15,33,0,0,0,0,0,8,33,0,18,19,0,1,0,2,0,0,4,10,4.0
Tre Bell,161488,CB,IOWA STATE,12,4,0,62.7,2,1,193,0,0,67.8,67.4,46.3,53.3,68.8,53.8,0,0,0,2,45.0,18.4,9,2,5,79.2,32,0,0,87,540,368,638,5,0,0,5,0,0,633,3,267,6,19,36,4,51,0,2,344,129,10.8
Nakian Jackson,161649,LB,NEVADA,11,11,0,79.2,0,0,239,0,0,55.5,62.6,38.8,63.4,69.7,59.3,0,4,1,1,62.0,15.5,9,1,1,95.3,19,0,0,336,0,192,402,22,0,0,22,0,3,380,27,183,41,22,38,0,24,4,0,265,202,13.9
Zelmar Vedder,161658,CB,HOUSTON,12,2,0,53.3,0,0,182,0,0,67.8,64.9,83.1,48.6,52.1,41.5,0,1,0,0,53.0,28.0,7,6,0,83.1,16,0,0,29,318,200,356,1,0,0,1,0,2,355,7,149,6,7,16,0,30,1,0,263,70,16.4
Gerald Kilgore,161671,S,S CAROLINA,12,1,0,57.1,0,0,289,0,0,68.5,66.6,84.6,56.6,61.0,50.7,0,1,1,2,25.0,25.0,4,1,0,44.6,4,0,0,93,1,108,214,3,0,0,3,0,77,211,2,104,39,4,11,1,7,1,0,58,10,14.5
Jamel Johnson,162115,CB,NC STATE,10,7,0,59.0,0,0,248,0,0,64.9,68.8,83.8,60.0,80.5,58.6,0,0,0,0,39.0,15.2,5,4,1,92.8,23,0,0,26,421,267,458,0,0,0,0,0,6,458,0,191,5,7,21,1,39,0,1,309,75,13.4
Bryce Llewellyn,162120,S,E MICHIGAN,12,33,0,71.4,2,0,160,1,0,71.3,71.7,52.0,57.1,71.9,62.4,0,2,0,2,34.0,18.3,22,1,2,56.3,15,0,0,381,17,293,716,7,0,0,7,0,262,709,20,403,49,30,65,6,21,2,0,173,112,11.5
Jaden Dugger,162137,LB,LA LAFAYET,12,31,0,92.3,0,1,207,0,0,58.1,63.3,34.8,69.3,65.3,79.6,2,5,0,1,30.0,9.9,13,1,2,100.1,48,3,0,745,2,354,833,17,0,0,17,0,1,816,54,425,67,52,87,9,52,10,1,437,270,9.1
Mateen Ibirogba,162142,DI,WAKE,12,6,0,,1,1,339,0,0,68.6,77.3,60.8,78.4,68.8,53.4,2,21,0,0,,12.5,3,0,1,0.0,0,3,0,2,0,0,395,393,15,286,14,78,0,2,237,158,0,13,15,3,0,26,0,0,0,
Jake Reichle,162441,FB,OREGON ST,2,0,0,,0,0,265,0,0,,51.4,60.0,50.2,60.0,22.5,0,0,0,0,,,0,0,0,0.0,0,0,0,0,0,0,2,0,0,0,0,0,0,2,1,1,0,0,0,0,0,0,0,0,0,
Joe Swen,162442,CB,SM HOUSTON,5,0,0,100.0,0,0,281,0,0,69.7,60.8,76.4,,31.9,58.0,0,0,0,0,43.0,16.7,1,0,0,157.3,4,0,0,4,52,26,58,0,0,0,0,0,0,58,0,32,2,4,5,2,4,0,1,49,11,12.3
Kord Shaw,162445,LB,OREGON ST,7,13,0,75.0,0,0,265,0,0,68.6,56.1,79.7,64.8,40.1,62.2,0,0,0,0,20.0,13.0,3,0,0,136.5,6,0,0,157,0,78,179,1,0,0,1,0,0,178,19,82,21,3,7,2,8,0,1,62,31,10.3
Mathias Malaki-Donaldson,162447,ED,MIDDLE TN,11,2,0,100.0,0,0,224,0,0,39.6,65.1,83.4,64.4,69.1,81.6,0,1,0,0,18.0,0.0,0,0,0,118.8,2,1,0,1,0,5,133,132,0,0,131,1,0,1,54,74,0,7,7,2,2,2,0,30,21,15.0
Melvin Jordan IV,162449,LB,GA TECH,8,9,0,66.7,0,0,176,0,0,74.8,76.6,79.3,69.2,71.2,56.2,1,4,0,0,6.0,17.4,4,1,0,74.3,2,1,0,116,0,72,148,5,0,0,5,0,0,143,7,69,27,7,10,0,3,6,0,12,6,6.0
Quincy Wright,162452,DI,ARK STATE,1,0,0,,0,0,113,0,0,,64.9,70.6,63.9,60.0,,0,1,0,0,,,0,0,0,0.0,0,0,0,0,0,0,8,8,0,8,0,0,0,0,7,1,0,0,0,0,0,1,0,0,0,
Takari Hickle,162453,ED,OREGON ST,12,7,0,,1,0,265,0,0,68.3,78.6,44.6,69.1,82.3,61.7,3,18,0,0,,15.6,5,0,2,0.0,0,2,0,1,0,6,408,406,0,30,284,92,0,2,207,195,0,22,20,4,0,23,0,0,0,
Tyree Blake,162455,LB,OREGON ST,5,6,1,91.7,0,0,265,1,0,34.6,48.9,80.1,56.6,65.5,36.1,0,1,0,0,40.0,28.1,9,0,0,117.4,11,0,0,131,0,68,177,7,0,0,7,0,0,170,11,98,35,10,17,2,12,1,0,146,95,13.3
Kamari Ramsey,162465,S,USC,9,10,0,63.3,1,0,326,0,0,77.0,72.5,41.2,54.9,65.1,89.7,1,1,0,0,42.0,3.2,1,3,1,99.3,19,0,0,104,7,253,483,28,0,0,28,0,93,455,21,209,251,5,20,2,30,2,2,160,108,8.4
Clint Stephens,162468,S,NEW MEXICO,6,1,0,100.0,0,0,241,0,0,55.8,61.5,77.5,64.2,68.4,82.4,0,0,0,0,28.0,0.0,0,0,0,118.8,1,1,0,17,0,23,46,3,0,0,3,0,22,43,1,22,4,1,2,0,1,1,0,28,10,28.0
Croix Stewart,162469,S,UCLA,1,0,0,,0,0,324,0,0,62.8,59.5,70.5,,58.5,76.2,0,0,0,0,,0.0,0,0,0,0.0,0,0,0,2,0,4,9,0,0,0,0,0,5,9,0,5,2,0,1,0,0,0,0,0,0,
Jalen Woods,162470,LB,UCLA,12,11,2,87.0,0,0,324,0,0,53.2,61.7,85.8,60.4,68.5,80.2,0,6,0,0,22.0,8.2,4,1,0,98.9,20,2,0,253,2,173,414,101,0,0,101,0,2,313,58,183,56,16,34,3,23,8,0,178,115,8.9
Tristan Dunn,162483,CB,CAL,1,0,0,100.0,0,0,130,0,0,52.2,51.5,69.9,,61.5,28.4,0,0,0,0,3.0,50.0,1,0,0,79.2,1,0,0,1,0,1,3,0,0,0,0,0,0,3,0,2,2,0,1,0,1,0,0,3,5,3.0
Jay Green,162486,S,STANFORD,10,8,0,63.8,1,0,300,2,1,76.2,76.5,89.2,65.0,73.9,77.8,0,4,0,0,55.0,8.7,4,7,1,103.5,30,1,0,124,7,397,631,12,0,0,12,0,88,619,22,212,400,16,34,3,47,5,3,304,177,10.1
Austin Harnetiaux,162488,LB,NEVADA,12,9,0,78.3,0,0,239,0,0,45.9,50.7,81.4,57.0,56.8,45.4,0,2,0,0,29.0,22.2,8,2,0,110.1,18,0,0,256,0,142,298,9,0,0,9,0,2,289,15,141,31,13,19,1,23,2,1,160,118,8.9
Lance Holtzclaw,162491,ED,UTAH,12,7,1,50.0,0,0,328,0,0,44.2,69.9,86.3,66.1,75.3,69.2,1,12,0,0,15.0,10.7,3,0,0,75.0,1,1,0,8,0,15,283,275,12,23,234,6,0,8,130,138,0,13,18,2,2,14,0,15,6,15.0
Griffin Miller,162494,LB,WASHINGTON,1,0,0,,0,0,340,0,0,60.0,65.8,66.0,,62.3,73.2,0,0,0,0,,0.0,0,0,0,0.0,0,0,0,2,0,1,2,0,0,0,0,0,0,2,0,1,0,1,1,0,0,0,0,0,0,
Jayvon Parker,162497,DI,WASHINGTON,1,0,0,,0,0,340,0,0,,57.9,67.9,,58.5,,0,0,0,0,,,0,0,0,0.0,0,0,0,0,0,0,4,4,0,3,0,1,0,0,0,4,0,0,0,0,0,0,0,0,0,
Armon Parker,162498,DI,WASHINGTON,8,2,0,,0,0,340,0,0,60.0,61.4,79.4,57.2,62.5,37.2,0,3,0,0,,27.3,3,0,0,0.0,0,1,0,4,0,0,112,108,10,92,0,6,0,4,56,56,0,6,6,0,0,4,0,0,0,
Tristan Warner,162502,S,WASHINGTON,1,0,0,,0,0,340,0,0,60.8,61.8,65.9,,60.0,,0,0,0,0,,,0,0,0,0.0,0,0,0,1,1,2,3,0,0,0,0,0,1,3,0,1,0,0,0,0,0,0,0,0,0,
A.J. Holmes Jr.,162510,DI,TEXAS TECH,12,8,4,,0,0,315,2,0,62.4,87.0,84.1,73.1,90.8,63.8,2,26,0,0,,12.9,4,0,0,0.0,0,4,0,1,0,0,455,454,33,272,11,138,0,1,290,165,0,18,19,4,0,32,0,0,0,
DJ Bell,162519,CB,UCF,11,5,0,54.5,0,0,323,0,0,69.9,68.2,83.0,45.6,62.4,64.6,0,1,0,0,20.0,16.7,4,3,2,82.8,12,0,0,17,286,150,314,3,0,0,3,0,0,311,2,162,7,3,15,0,22,1,1,106,43,8.8
Jamari Hawkins,162523,WR,MEMPHIS,1,0,0,,0,0,218,0,0,,60.0,60.0,,60.0,,0,0,0,0,,,0,0,2,0.0,0,0,0,0,0,0,1,0,0,0,0,0,0,1,0,1,0,0,0,0,0,0,0,0,0,
Donovan Mathena,162526,LB,MEMPHIS,7,2,0,,0,0,218,0,0,63.8,67.5,72.6,39.3,80.3,53.4,0,2,0,0,,28.6,2,0,0,0.0,0,0,0,24,0,12,31,1,0,0,1,0,0,30,2,17,5,2,3,1,0,2,0,0,0,
Sutton Smith,162530,HB,MEMPHIS,1,0,0,,0,0,218,0,0,,60.0,60.0,,60.0,,0,0,0,0,,,0,0,0,0.0,0,0,0,0,0,0,1,0,0,0,0,0,0,1,0,1,0,0,0,0,0,0,0,0,0,
Liam Barbee,162534,LB,NAVY,1,0,0,,0,0,237,0,0,60.0,50.1,66.3,,53.1,25.6,0,0,0,0,,100.0,1,0,0,0.0,0,0,0,2,0,1,3,0,0,0,0,0,0,3,0,2,1,0,0,0,0,0,0,0,0,
Andrew Duhart,162545,S,NAVY,11,1,0,80.0,0,0,237,0,0,52.5,55.1,83.8,50.9,66.9,46.8,0,0,0,0,34.0,25.0,4,0,0,122.8,12,0,0,74,21,149,261,7,0,0,7,0,57,254,11,101,102,5,11,0,15,0,1,122,40,10.2
Kenneth Hall,162552,CB,NAVY,1,0,0,,0,0,237,0,0,61.7,62.8,68.7,,60.0,,0,0,0,0,,,0,0,0,0.0,0,0,0,0,5,2,5,0,0,0,0,0,0,5,0,3,0,0,0,0,0,0,0,0,0,
Adam Klenk,162559,ED,NAVY,12,9,1,100.0,0,2,237,0,0,57.6,71.7,54.6,79.5,63.1,63.6,3,9,0,0,12.0,13.6,3,0,1,102.1,2,4,0,3,0,31,254,240,0,0,240,0,0,14,133,90,11,10,10,0,2,16,0,17,0,8.5
Chreign LaFond,162561,ED,NAVY,9,5,0,,0,0,237,0,0,60.0,58.8,80.2,53.0,62.4,56.9,0,3,0,0,,11.1,1,0,0,0.0,0,0,0,0,0,0,89,89,0,1,74,14,0,0,46,43,0,3,3,1,0,3,0,0,0,
Kenneth McShan,162567,CB,NAVY,12,3,2,75.0,0,0,237,0,0,61.8,68.3,87.2,79.5,66.3,55.5,2,3,0,0,30.0,16.7,5,0,0,134.0,9,0,0,36,0,78,234,97,0,0,97,0,0,137,34,122,101,14,22,3,12,5,1,120,98,13.3
Tyler Narayan,162571,ED,NAVY,1,0,0,,0,0,237,0,0,,60.9,69.1,60.0,60.0,,0,0,0,0,,,0,0,0,0.0,0,0,0,0,0,0,3,3,0,0,3,0,0,0,1,2,0,0,0,0,0,0,0,0,0,
Luke Pirris,162574,ED,NAVY,12,16,1,71.4,2,0,237,1,0,70.2,64.3,21.5,64.8,63.1,39.3,6,16,0,0,20.0,24.0,18,0,5,85.4,15,2,0,12,1,180,671,615,0,1,614,0,0,56,192,299,43,27,41,4,21,24,0,120,52,8.0
Ian Pourciau,162576,LB,NAVY,2,3,0,100.0,0,0,237,0,0,54.3,56.5,75.6,54.8,63.5,79.0,0,0,0,0,2.0,0.0,0,0,0,79.2,1,0,0,30,0,16,36,4,0,0,4,0,0,32,5,15,2,0,1,0,1,0,0,2,2,2.0
Landon Robinson,162580,DI,NAVY,12,15,1,,0,0,237,1,0,72.8,79.8,73.3,85.6,68.1,64.7,4,22,0,0,,9.8,5,0,1,0.0,0,8,0,2,0,0,665,663,190,387,4,82,0,2,352,313,0,32,31,4,0,34,0,0,0,
Kendall Whiteside,162594,DI,NAVY,11,1,0,,0,0,237,0,0,60.0,59.9,81.0,56.7,61.5,61.5,1,2,0,0,,16.7,1,0,0,0.0,0,1,0,0,0,0,196,196,1,148,7,40,0,0,118,78,0,3,4,0,0,4,0,0,0,
Eddie Kelly Jr.,162609,ED,W VIRGINIA,12,7,3,100.0,0,0,343,0,0,63.2,62.5,85.7,59.5,61.8,63.0,0,5,0,0,19.0,11.1,3,1,0,118.8,1,0,0,1,0,7,393,390,0,55,240,95,0,3,204,182,1,14,17,2,1,5,0,19,0,19.0
Michael Williams II,162616,ED,USF,5,2,0,100.0,0,0,327,0,0,56.8,62.5,6.1,66.1,65.6,44.4,0,4,0,0,11.0,14.3,2,0,2,112.5,1,0,0,0,0,11,158,158,2,17,98,41,0,0,88,59,0,7,10,1,1,4,0,11,7,11.0
Bryce Lambeth,162620,CB,C MICHIGAN,1,0,0,,0,0,134,0,0,61.6,62.5,67.0,,60.0,,0,0,0,0,,,0,0,0,0.0,0,0,0,0,3,2,3,0,0,0,0,0,0,3,0,1,0,0,0,0,0,0,0,0,0,
Antwone Santiago,162623,ED,VA TECH,9,4,0,100.0,0,0,337,0,0,57.7,54.1,84.1,57.0,52.7,69.5,0,1,0,0,12.0,9.1,1,0,0,116.7,1,0,0,29,0,16,114,77,0,0,77,0,0,37,28,70,8,3,6,1,1,1,0,12,0,12.0
NuNu Campbell,162626,CB,TULSA,11,1,0,40.0,0,0,320,0,0,67.3,62.3,0.0,,57.1,48.5,0,0,0,0,63.0,22.2,2,1,1,127.1,2,0,0,37,135,54,182,8,0,0,8,0,0,174,0,128,1,4,6,1,5,0,1,83,19,41.5
Vontroy Malone,162631,ED,IOWA STATE,8,1,0,,0,0,193,0,0,64.8,58.6,77.0,58.1,49.2,57.5,0,2,0,0,,16.7,1,0,0,0.0,0,0,0,0,0,0,54,54,0,3,27,24,0,0,28,26,0,3,4,1,0,2,0,0,0,
Tai Newhouse,162633,DI,TULSA,12,12,0,,0,0,320,0,0,55.5,71.6,84.8,61.2,74.7,73.4,1,2,0,0,,5.4,2,0,0,0.0,0,1,0,1,2,1,412,409,79,329,0,1,0,3,173,238,0,17,23,2,0,4,0,0,0,
Jackson Barker,162638,LB,E CAROLINA,12,6,0,70.0,0,0,156,1,0,67.2,66.0,79.3,54.8,65.8,69.4,0,0,0,0,26.0,12.5,2,0,0,102.5,7,1,0,156,0,85,179,7,0,0,7,0,4,172,25,69,11,7,8,1,10,1,0,101,66,14.4
Josh Benton,162639,S,E CAROLINA,9,5,0,87.5,0,0,156,0,0,60.3,69.2,82.2,78.8,72.6,61.7,1,2,0,0,34.0,14.3,2,0,0,108.9,7,1,0,8,0,35,74,17,0,0,17,0,1,57,9,30,48,6,7,1,8,4,0,81,55,11.6
Preston Carr,162640,DI,E CAROLINA,12,5,0,,0,0,156,1,0,67.8,75.3,85.4,66.9,74.3,83.4,1,14,0,0,,0.0,0,0,0,0.0,0,3,0,0,0,7,377,377,186,176,4,11,0,0,206,164,0,17,20,4,0,18,0,0,0,
CJ Mims,162651,DI,N CAROLINA,12,11,0,,0,0,245,0,0,67.2,69.7,85.2,66.2,66.9,53.6,3,9,0,0,,12.2,5,0,0,0.0,0,2,0,0,0,0,356,356,153,192,1,10,0,0,186,170,0,20,25,1,0,14,0,0,0,
CJ Clinkscales Jr.,162658,CB,CHARLOTTE,12,5,0,75.0,0,0,136,0,0,58.2,64.3,84.0,68.9,83.2,67.4,0,0,0,0,45.0,12.5,7,0,1,127.7,27,0,0,56,394,239,471,12,0,0,12,0,0,459,2,230,8,9,44,0,36,0,2,385,123,14.3
Bam Crouch,162660,LB,BOSTON COL,4,7,0,100.0,0,0,121,0,0,82.0,68.5,79.4,55.4,55.6,42.4,0,3,1,1,14.0,30.0,6,1,0,60.4,2,1,0,177,0,78,194,9,0,0,9,0,1,185,23,93,6,6,7,1,2,4,0,16,21,8.0
Isaiah Farris,162662,CB,BOSTON COL,12,4,0,58.1,1,0,121,1,0,70.1,68.6,85.1,54.5,57.4,62.8,0,1,0,0,48.0,16.7,7,5,4,93.1,25,0,0,26,506,306,555,9,0,0,9,0,2,546,1,248,11,12,31,1,43,1,1,359,119,14.4
Tim Hays,162669,LB,BOSTON COL,1,0,0,,0,0,121,0,0,60.0,71.4,69.4,63.0,60.0,,0,0,0,0,,,0,0,0,0.0,0,0,0,2,0,1,3,1,0,0,1,0,0,2,1,1,0,0,0,0,0,0,0,0,0,
Kwan Williams,162676,DI,BOSTON COL,10,8,0,,0,0,121,0,0,66.1,65.4,62.0,53.1,70.1,50.1,2,2,0,0,,13.8,4,0,1,0.0,0,0,0,0,0,0,378,377,135,228,2,12,0,1,168,210,0,16,17,4,0,4,0,0,0,
Clive Wilson Jr.,162677,DI,BOSTON COL,4,0,0,,0,0,121,0,0,60.0,80.8,76.6,85.7,65.5,73.6,2,3,0,0,,0.0,0,0,0,0.0,0,0,0,0,0,0,50,50,2,42,1,5,0,0,30,20,0,3,3,0,0,5,0,0,0,
Fletcher Cothran,162682,LB,CLEMSON,3,2,0,100.0,0,0,140,0,0,50.0,60.2,73.3,54.5,70.9,29.7,0,0,0,0,3.0,33.3,2,0,0,79.2,2,0,0,12,0,5,19,3,0,0,3,0,0,16,4,10,4,2,2,2,2,0,0,3,8,1.5
Michael Mankaka,162685,CB,CLEMSON,1,0,0,,0,0,140,0,0,,60.0,62.1,,60.0,,0,0,0,0,,,0,0,0,0.0,0,0,0,1,0,0,1,0,0,0,0,0,0,1,0,1,0,0,0,0,0,0,0,0,0,
Levi Matthews,162686,ED,CLEMSON,2,0,0,,0,0,140,0,0,,57.9,70.9,57.3,60.0,,0,0,0,0,,,0,0,0,0.0,0,0,0,0,0,0,4,4,0,0,4,0,0,0,3,1,0,0,0,0,0,0,0,0,0,
Dawson Andrew,162691,S,DUKE,6,1,0,100.0,0,0,154,0,0,66.0,66.0,71.9,,62.1,47.4,0,0,0,0,5.0,25.0,1,0,0,87.5,1,0,0,14,0,13,31,0,0,0,0,0,0,31,0,18,17,1,2,0,1,0,0,5,1,5.0
Travis Bates,162692,HB,DUKE,1,0,0,,0,0,154,0,0,,62.1,60.0,,60.6,74.4,0,0,0,0,,0.0,0,0,0,0.0,0,0,0,0,0,0,1,0,0,0,0,0,0,1,0,1,0,0,1,0,0,0,0,0,0,
Wesley Williams,162704,ED,DUKE,12,4,3,100.0,0,0,154,1,0,69.5,68.3,8.6,61.6,78.1,49.4,11,24,0,0,20.0,27.9,12,0,6,93.8,6,3,0,0,0,24,567,567,0,5,539,23,0,0,310,233,0,27,27,5,6,38,0,39,20,6.5
George Wright,162705,CB,DUKE,3,0,0,100.0,0,0,154,0,0,49.2,50.0,67.6,,60.0,76.2,0,0,0,0,18.0,0.0,0,0,0,118.8,1,0,0,0,0,4,6,0,0,0,0,0,2,6,0,2,3,0,1,0,1,0,0,18,0,18.0
Ben Hollerbach,162712,CB,GA TECH,1,0,0,,0,0,176,0,0,60.0,50.6,70.5,,45.2,21.8,0,0,0,0,,100.0,1,0,0,0.0,0,0,0,0,0,1,6,0,0,0,0,0,0,6,0,5,6,0,0,0,0,0,0,0,0,
Chris Graves Jr.,162733,CB,OLE MISS,13,5,0,56.0,0,1,226,0,0,60.4,60.7,84.1,53.8,61.2,29.4,0,0,0,0,50.0,27.6,8,1,2,91.6,14,0,0,68,516,345,590,0,0,0,0,0,1,590,3,242,5,5,16,0,25,0,0,257,109,18.4
Jaden Harris,162734,S,GEORGIA,4,1,0,100.0,0,0,173,0,0,57.5,60.6,78.8,59.7,72.0,57.9,0,0,0,0,18.0,16.7,1,0,0,106.3,4,0,0,9,0,44,56,2,0,0,2,0,21,54,1,11,24,1,4,0,4,0,0,38,13,9.5
Ahmad Moten Sr.,162737,DI,MIAMI FL,11,3,0,,0,0,220,0,0,70.7,76.9,84.9,75.6,70.1,54.7,1,19,0,0,,16.7,4,0,0,0.0,0,4,0,1,0,0,382,379,98,271,3,7,0,3,211,171,0,14,17,3,0,24,0,0,0,
Marcus Allen,162743,CB,N CAROLINA,12,4,0,60.0,1,0,245,0,0,62.1,64.1,85.4,82.3,66.2,52.6,0,2,0,0,36.0,19.1,9,7,8,97.6,39,1,0,54,622,414,722,1,0,0,1,0,0,721,1,307,42,16,34,1,65,3,3,470,200,12.1
Will Hardy,162751,S,N CAROLINA,12,20,0,64.7,0,0,245,0,0,66.5,65.6,85.5,55.2,63.4,57.7,0,0,0,0,45.0,14.9,10,0,0,108.2,11,0,0,185,3,272,520,25,0,0,25,0,252,495,10,238,52,14,37,1,17,0,1,133,60,12.1
Tayon Holloway,162754,CB,LOUISVILLE,12,8,0,55.6,1,0,210,0,0,70.1,72.2,52.0,69.1,79.1,69.7,1,1,0,2,39.0,13.7,7,4,4,57.4,25,1,0,82,561,420,728,6,0,0,6,0,0,722,9,299,78,10,36,3,45,3,0,297,120,11.9
Bryson Jennings,162756,ED,LIBERTY,6,0,0,,0,0,206,0,0,60.9,62.2,76.9,57.4,63.6,78.6,0,2,0,0,,0.0,0,0,0,0.0,0,0,0,0,0,1,29,27,0,0,25,2,0,2,14,14,0,2,4,1,0,2,0,0,0,
CJ Murphy,162761,ED,AKRON,2,0,0,,0,0,102,0,0,65.6,72.2,74.4,58.7,62.5,75.2,0,0,0,0,,0.0,0,0,0,0.0,0,0,0,0,0,0,11,11,0,0,11,0,0,0,3,8,0,2,2,1,0,0,0,0,0,
Kyle Louis,162770,LB,PITTSBURGH,11,22,0,78.3,1,1,268,2,0,72.3,73.1,33.8,70.2,75.3,74.7,4,11,0,2,56.0,10.9,10,3,2,99.2,47,3,0,319,0,290,668,105,0,0,104,1,0,563,86,292,244,30,60,7,60,18,3,429,391,9.1
Jimmy Scott,162774,ED,PITTSBURGH,12,6,2,,0,1,268,1,0,64.5,66.6,40.2,63.7,69.5,48.8,7,18,0,0,,23.8,5,0,3,0.0,0,6,0,2,0,6,531,529,0,3,516,10,0,2,305,220,0,15,10,3,0,31,0,0,0,
Venson Sneed,162783,ED,W KENTUCKY,12,3,2,,0,0,346,0,0,58.9,56.3,61.6,59.7,54.1,65.3,2,11,0,0,,6.7,1,0,1,0.0,0,0,0,1,0,4,368,365,1,101,183,80,0,3,198,166,1,7,11,1,0,13,0,0,0,
Perry Fisher,162792,CB,UAB,8,6,0,75.9,0,0,321,0,0,39.6,46.9,84.7,,68.4,61.5,0,0,0,0,61.0,17.4,4,1,3,138.3,22,0,0,48,62,166,334,5,0,0,5,0,7,329,0,168,212,7,13,0,29,0,2,348,184,15.8
Eli Mason,162799,FB,MARYLAND,1,0,0,,0,0,215,0,0,,60.0,60.0,,60.0,,0,0,0,0,,,0,0,0,0.0,0,0,0,0,0,0,1,0,0,0,0,0,0,1,0,1,0,0,0,0,0,0,0,0,0,
Daniel Owens,162801,DI,MARYLAND,4,1,0,,0,0,215,0,0,59.4,61.8,76.4,49.7,72.5,54.4,0,1,0,0,,16.7,1,0,1,0.0,0,0,0,0,0,1,56,56,0,45,1,10,0,0,30,25,0,4,4,0,0,1,0,0,0,
Lavain Scruggs,162803,S,MARYLAND,12,18,0,65.2,0,0,215,0,0,63.0,69.2,84.4,63.4,75.9,80.7,0,4,0,2,31.0,11.0,9,2,0,89.2,15,0,0,221,9,280,558,9,0,0,9,0,268,549,10,268,51,10,55,0,23,4,2,221,51,14.7
Lionell Whitaker,162806,CB,COAST CAR,12,3,0,63.9,0,0,141,0,0,58.2,60.4,84.8,56.8,67.6,67.8,0,0,0,0,34.0,13.8,4,4,2,120.4,23,0,0,30,401,218,448,15,0,0,15,0,0,433,2,228,2,8,22,0,36,0,3,322,86,14.0
Kellan Wyatt,162807,ED,INDIANA,7,6,1,77.8,0,0,190,0,0,53.3,68.7,85.3,68.5,76.3,66.9,2,2,0,0,15.0,14.3,4,1,0,124.1,7,3,0,3,0,59,243,235,0,9,215,11,0,8,88,96,4,13,18,4,9,7,1,44,33,6.3
Nico Andrighetto,162808,S,MICHIGAN,1,0,0,,0,0,222,0,0,60.0,74.9,69.0,64.5,62.5,74.3,0,0,0,0,,0.0,0,0,0,0.0,0,0,0,2,0,1,4,1,0,0,1,0,0,3,1,2,1,1,1,0,0,0,0,0,0,
Chibi Anwunah,162809,DI,MICHIGAN,4,0,0,,0,0,222,0,0,,74.3,73.1,71.4,67.4,,0,2,0,0,,,0,0,0,0.0,0,0,0,0,0,0,22,22,0,18,1,3,0,0,12,10,0,0,0,0,0,2,0,0,0,
Zeke Berry,162810,CB,MICHIGAN,10,2,0,58.0,0,0,222,0,0,70.5,69.6,85.1,66.7,57.5,51.1,1,0,0,1,35.0,20.0,7,11,0,78.0,29,0,0,22,471,278,510,5,0,0,5,0,0,505,2,230,12,4,26,0,50,1,1,351,94,12.1
Logan Forbes,162814,WR,MICHIGAN,1,0,0,,0,0,222,0,0,,60.0,60.0,,60.0,,0,0,0,0,,,0,0,0,0.0,0,0,0,0,0,0,1,0,0,0,0,0,0,1,0,1,0,0,0,0,0,0,0,0,0,
Micah Pollard,162824,LB,LIBERTY,6,5,0,66.7,0,1,206,0,0,60.6,71.1,81.0,79.7,71.9,63.6,0,3,0,0,20.0,20.0,6,1,1,86.1,4,0,0,147,1,65,156,4,0,0,4,0,0,152,8,83,4,12,19,0,6,3,0,41,22,10.3
Jimmy Rolder,162825,LB,MICHIGAN,11,20,0,77.4,0,0,222,1,0,65.4,74.8,84.6,62.3,80.1,87.6,3,8,0,1,31.0,4.9,4,2,0,80.0,24,2,0,402,4,202,481,28,0,0,28,0,0,453,64,215,47,29,57,3,31,13,0,200,133,8.3
Deuce Spurlock,162826,LB,LIBERTY,7,4,0,100.0,0,0,206,0,0,56.8,58.4,79.4,57.7,60.9,59.1,0,1,0,0,24.0,17.6,3,0,0,109.4,4,0,0,107,0,50,116,6,0,0,6,0,0,110,14,52,3,4,10,0,4,1,0,41,36,10.3
Roman Mangini,162833,WR,NEBRASKA,1,0,0,,0,0,238,0,0,,60.0,60.0,,60.0,,0,0,0,0,,,0,0,0,0.0,0,0,0,0,0,0,1,0,0,0,0,0,0,1,0,1,0,0,0,0,0,0,0,0,0,
Dylan Parrott,162834,DI,NEBRASKA,2,1,0,,0,0,238,0,0,,73.2,72.6,58.2,73.5,73.6,0,0,0,0,,0.0,0,0,0,0.0,0,0,0,0,0,0,15,15,2,13,0,0,0,0,5,10,0,1,2,0,0,0,0,0,0,
Braydon Brus,162836,LB,NWESTERN,12,21,0,79.2,0,2,256,1,0,48.1,59.1,84.3,73.9,64.2,50.9,4,4,0,0,33.0,18.3,17,1,1,96.0,38,2,0,546,2,324,686,17,0,0,17,0,1,669,38,324,119,31,55,2,48,10,0,338,159,8.9
Robert Fitzgerald,162839,S,NWESTERN,12,26,0,64.3,0,0,256,1,0,62.0,75.3,87.5,57.8,90.0,77.6,1,1,0,1,42.0,12.3,16,2,0,94.3,9,0,0,261,4,351,682,9,0,0,9,0,392,673,10,321,15,39,88,6,14,2,1,150,40,16.7
Brendan Flakes,162840,DI,NWESTERN,12,3,1,,0,0,256,1,0,,59.5,58.2,61.4,58.5,35.5,2,6,0,0,,22.7,5,0,1,0.0,0,0,0,0,0,0,353,352,5,339,1,7,0,1,167,186,0,7,14,0,0,8,0,0,0,
Jason Reynolds II,162849,ED,NWESTERN,1,0,0,,0,0,256,0,0,,62.7,72.1,60.0,61.7,,0,0,0,0,,,0,0,0,0.0,0,0,0,0,0,0,6,6,0,0,6,0,0,0,1,5,0,0,0,0,0,0,0,0,0,
Anto Saka,162850,ED,NWESTERN,11,0,0,100.0,0,2,256,1,0,60.9,72.7,62.1,84.1,54.5,63.8,7,19,0,0,9.0,12.5,1,0,1,104.2,1,4,0,0,0,17,347,346,0,0,302,44,0,1,196,134,1,7,7,1,1,30,0,9,0,9.0
Evan Smith,162851,CB,NWESTERN,5,1,0,60.0,0,0,256,0,0,71.0,70.1,0.0,,73.2,80.5,0,0,0,0,8.0,0.0,0,1,1,105.8,3,0,0,3,74,44,82,1,0,0,1,0,1,81,0,38,3,3,4,0,5,0,1,17,3,5.7
Kenny Soares Jr.,162852,LB,NC STATE,12,18,1,80.0,1,0,248,0,0,45.0,57.9,0.0,69.8,69.1,62.9,2,10,0,0,34.0,14.9,11,1,6,109.0,24,1,0,409,3,239,586,96,0,0,96,0,6,490,118,229,72,30,45,3,30,13,0,305,204,12.7
Braden Turner,162854,CB,NWESTERN,12,12,0,71.1,1,2,256,1,0,78.5,74.6,86.7,67.6,59.6,67.9,0,4,0,1,40.0,14.8,9,2,2,96.9,27,0,0,108,0,285,545,5,0,0,5,0,1,540,17,243,430,24,40,2,38,4,2,265,122,9.8
David Adolph,162858,WR,OHIO STATE,1,0,0,,0,0,260,0,0,,60.0,60.0,,60.0,,0,0,0,0,,,0,0,0,0.0,0,0,0,0,0,0,1,0,0,0,0,0,0,1,0,1,0,0,0,0,0,0,0,0,0,
Kenyatta Jackson Jr.,162868,ED,OHIO STATE,12,11,1,,1,0,260,0,0,68.2,74.4,29.4,68.1,78.8,51.0,9,21,0,0,,22.6,7,0,3,0.0,0,6,0,1,0,22,431,428,0,79,307,42,0,3,232,177,0,18,13,4,0,36,0,0,0,
Hero Kanu,162870,DI,TEXAS,12,7,1,,0,0,311,0,0,60.2,71.9,63.6,65.4,75.2,75.9,3,11,0,0,,3.3,1,0,1,0.0,0,3,0,1,0,8,435,434,31,255,54,94,0,1,245,182,0,20,22,3,0,17,0,0,0,
Sonny Styles,162876,LB,OHIO STATE,12,13,0,83.9,0,1,260,0,0,87.4,88.0,87.5,65.5,87.8,92.2,0,10,0,1,25.0,0.0,0,3,0,75.8,26,1,0,367,8,268,541,115,0,0,115,0,0,426,52,221,49,38,58,6,31,11,0,168,120,6.5
Hudson Miller,162887,LB,TOLEDO,11,4,0,100.0,0,0,316,0,0,54.8,73.0,77.6,69.4,85.5,69.9,0,2,0,0,54.0,18.2,2,0,0,118.8,4,1,0,87,1,37,92,0,0,0,0,0,0,92,9,46,4,4,5,0,4,3,0,81,80,20.3
Domanick Moon,162888,LB,W MICHIGAN,9,6,0,80.0,0,0,347,1,0,80.8,85.0,75.3,65.4,80.6,65.6,2,1,0,1,15.0,15.0,3,0,0,60.4,4,1,0,102,0,44,109,0,0,0,0,0,0,109,11,54,6,4,11,1,5,4,0,40,9,10.0
Roman Pitre,162890,ED,ARIZONA ST,10,0,0,,0,0,110,0,0,60.0,57.3,81.4,54.9,59.6,42.5,0,1,0,0,,0.0,0,0,0,0.0,0,0,0,0,0,2,108,108,0,0,104,4,0,0,65,41,0,1,2,0,0,1,0,0,0,
DJ Allen,162894,ED,RUTGERS,4,3,0,,0,0,278,0,0,,66.5,76.0,54.2,71.2,54.2,0,1,0,0,,16.7,1,0,0,0.0,0,0,0,0,0,0,39,39,0,0,25,14,0,0,16,23,0,1,2,0,0,1,0,0,0,
Dariel Djabome,162903,LB,RUTGERS,12,14,0,88.5,1,2,278,2,0,41.1,51.0,56.8,70.5,55.5,71.7,3,9,0,0,32.0,10.7,8,0,1,124.2,23,2,0,555,10,288,659,48,1,0,46,1,1,611,62,309,45,25,53,3,26,14,1,279,196,12.1
Timmy Hinspeter,162906,LB,UMASS,7,25,0,75.9,0,1,216,0,0,59.8,76.2,83.8,74.7,84.9,85.0,1,2,0,1,43.0,5.6,4,3,0,113.4,22,2,0,254,0,150,330,17,0,0,17,0,0,313,16,164,59,23,42,2,29,5,2,275,180,12.5
Sebastian Jusma,162907,S,RUTGERS,4,0,0,,0,0,278,0,0,62.4,43.4,77.2,,30.6,73.1,0,0,0,0,,0.0,0,0,0,0.0,0,0,0,5,0,4,27,3,0,0,3,0,0,24,0,23,19,0,1,0,0,0,0,0,0,
Fitzroy Ledgister,162908,CB,W MICHIGAN,3,0,0,100.0,0,0,347,0,0,44.3,44.3,70.4,,60.1,74.2,0,0,0,0,12.0,0.0,0,0,0,116.7,2,0,0,2,9,4,11,0,0,0,0,0,0,11,0,7,0,0,1,0,2,0,0,24,5,12.0
David Onuoha,162913,ED,UMASS,10,9,0,100.0,0,0,216,0,0,65.5,76.6,67.0,74.4,74.0,71.2,4,13,0,0,6.0,10.8,4,0,1,91.7,1,3,0,2,0,15,397,395,0,6,384,5,0,2,180,202,0,21,24,3,1,20,0,6,1,6.0
Jordan Walker,162919,ED,RUTGERS,11,10,0,75.0,0,0,278,1,0,82.4,67.1,4.2,63.8,67.9,87.8,5,5,0,0,4.0,6.7,2,1,4,77.1,3,1,0,2,0,20,337,334,0,4,324,6,0,3,182,135,1,15,18,3,4,11,0,4,8,1.3
Zilan Williams,162922,CB,RUTGERS,2,0,0,,0,0,278,0,0,60.0,64.0,72.3,,62.4,72.2,0,0,0,0,,0.0,0,0,0,0.0,0,0,0,1,3,1,7,3,0,0,3,0,0,4,0,6,0,0,1,0,0,0,0,0,0,
Micah Wing,162923,ED,BALL ST,9,3,1,,0,0,117,0,0,61.2,60.9,87.3,63.3,56.2,66.9,1,4,0,0,,14.3,2,0,0,0.0,0,0,0,25,0,15,227,191,0,0,191,0,0,36,99,113,11,7,9,0,0,5,0,0,0,
Alexander Kocher,162934,ED,FAU,2,0,0,,0,0,165,0,0,,69.3,70.7,60.0,65.9,71.1,0,0,0,0,,0.0,0,0,0,0.0,0,0,0,0,0,0,6,6,0,0,4,2,0,0,1,5,0,1,1,0,0,0,0,0,0,
Jamarrion Solomon,162949,DI,CHARLOTTE,11,1,0,,0,0,136,0,0,67.9,61.6,58.6,58.3,60.9,81.0,2,3,0,0,,0.0,0,0,1,0.0,0,0,0,0,0,0,353,353,39,292,3,19,0,0,195,158,0,13,18,4,0,5,0,0,0,
Joseph Auzenne,162951,DI,TEMPLE,12,9,0,,0,0,306,0,0,70.4,58.3,84.1,55.1,57.2,56.0,0,2,0,0,,10.5,2,0,0,0.0,0,0,0,0,0,0,282,282,109,158,0,15,0,0,115,167,0,6,8,2,0,2,0,0,0,
Joshua Cobbs,162955,S,LA TECH,12,3,0,55.6,0,0,208,0,0,61.6,60.1,82.4,,54.6,54.3,0,0,0,0,34.0,20.0,3,2,1,84.0,5,0,0,66,2,129,207,1,0,0,1,0,45,206,0,78,93,3,9,0,9,0,0,77,61,15.4
Zion Nason,162962,DI,LA TECH,12,4,1,,0,0,208,0,0,59.7,59.8,66.3,67.9,52.8,42.7,1,8,0,1,,21.1,4,0,1,0.0,0,1,0,0,0,3,401,401,369,29,0,3,0,0,222,176,0,10,11,1,0,10,0,0,0,
Jhamal Shelby Jr.,162966,CB,LA TECH,12,11,0,61.5,0,0,208,0,0,68.2,69.9,86.9,57.6,73.9,72.1,0,0,0,0,42.0,11.8,6,6,7,83.3,32,0,0,30,622,428,689,28,0,0,28,0,0,661,2,259,9,10,34,0,52,0,0,373,115,11.7
Muaaz Byard,162971,LB,MIDDLE TN,8,11,0,70.0,0,0,224,0,0,49.3,55.2,81.5,63.2,58.9,54.9,1,3,0,1,47.0,19.2,10,0,0,118.1,14,0,0,256,0,133,321,34,0,0,34,0,0,287,16,172,31,16,31,4,20,4,3,187,140,13.4
Trevon Ferrell,162973,CB,MIDDLE TN,1,1,0,,0,0,224,0,0,57.3,59.5,74.9,,65.1,73.1,0,0,0,0,,0.0,0,0,1,0.0,0,0,0,3,34,19,38,0,0,0,0,0,0,38,0,19,1,0,0,0,0,0,0,0,0,
Christian Edgar,162993,WR,RICE,1,0,0,,0,0,275,0,0,,62.5,60.0,,62.5,68.4,0,0,0,0,,0.0,0,0,0,0.0,0,0,0,0,0,0,1,0,0,0,0,0,0,1,0,1,0,0,1,0,0,0,0,0,0,
Tyson Flowers,162994,S,VA TECH,12,13,0,64.0,0,1,337,0,0,60.8,63.8,86.4,60.2,67.5,45.4,1,1,0,0,24.0,24.6,17,2,0,105.4,16,0,0,219,0,325,617,5,0,0,5,0,315,612,10,282,78,18,39,0,25,2,2,140,97,8.8
Demone Green,162997,ED,RICE,9,1,0,,1,0,275,0,0,60.0,37.7,0.0,56.5,38.0,54.4,0,0,0,0,,20.0,1,0,1,0.0,0,1,0,0,0,0,46,46,0,7,18,21,0,0,18,28,0,3,3,1,0,1,0,0,0,
Daveon Hook,163000,S,RICE,4,2,0,57.1,0,0,275,0,0,55.8,50.5,5.6,63.9,43.2,29.2,0,0,0,0,25.0,36.0,9,0,1,70.5,4,1,0,101,1,129,236,14,0,0,14,0,105,222,10,97,15,8,14,2,7,1,0,35,11,8.8
Chibby Nwajuaku,163005,ED,RICE,12,6,0,100.0,0,0,275,0,0,66.6,69.1,48.8,64.5,71.3,76.0,2,11,0,0,12.0,5.0,1,0,2,116.7,1,3,0,18,0,20,278,249,0,1,238,10,0,29,151,107,11,14,13,2,1,16,0,12,7,12.0
Lee Beebe Jr.,163009,HB,INDIANA,1,0,0,,0,0,190,0,0,,60.0,60.0,,60.0,,0,0,0,0,,,0,0,1,0.0,0,0,0,0,0,0,1,0,0,0,0,0,0,1,0,1,0,0,0,0,0,0,0,0,0,
AJ Brown,163011,S,UAB,11,14,0,66.7,0,0,321,1,0,55.9,53.4,83.3,54.7,50.8,56.5,1,0,0,0,33.0,17.3,9,0,0,107.6,6,0,0,155,1,138,350,3,0,0,3,0,156,347,10,202,35,4,29,0,9,1,0,108,56,18.0
Carl Fauntroy,163014,S,LA MONROE,9,8,0,83.3,0,0,209,0,0,40.5,46.8,83.6,65.0,61.4,58.3,1,0,0,0,29.0,20.0,7,0,1,155.1,15,0,0,153,3,214,334,0,0,0,0,0,115,334,1,119,63,6,20,1,18,1,3,211,84,14.1
Brandon Franklin,163015,LB,UAB,2,1,0,,0,0,321,0,0,60.0,64.0,70.1,,63.2,73.1,0,0,0,0,,0.0,0,0,0,0.0,0,0,0,8,0,1,8,0,0,0,0,0,0,8,0,7,0,0,0,0,0,0,0,0,0,
Amier Boyd,163030,CB,TEXAS TECH,11,2,0,48.8,0,0,315,0,0,68.6,70.0,83.4,50.7,76.2,67.7,0,0,0,2,24.0,13.0,3,2,0,48.1,20,0,0,27,350,242,394,1,0,0,1,0,3,393,4,148,11,5,18,0,41,0,1,173,44,8.7
Logologo Va'a,163036,DI,NEVADA,11,6,2,,0,0,239,1,0,60.0,69.1,22.8,76.5,65.0,36.7,0,11,0,0,,25.0,4,0,2,0.0,0,0,0,2,0,1,241,239,111,126,2,0,0,2,116,124,0,5,6,0,0,11,0,0,0,
Anthony Brackenridge,163039,LB,W KENTUCKY,12,19,2,74.1,0,1,346,0,0,43.7,56.0,0.0,65.8,72.4,56.4,2,5,0,0,37.0,17.7,14,1,6,107.2,20,0,0,388,2,242,513,46,0,0,46,0,0,467,50,221,76,23,46,4,27,7,0,281,161,14.1
Alexander Ford,163042,S,KENNESAW,10,5,0,80.0,0,0,200,0,0,78.2,71.1,0.0,59.5,59.5,73.0,0,0,0,1,17.0,12.0,3,0,3,57.9,4,0,0,134,0,178,278,3,0,0,3,0,121,275,1,99,20,3,17,0,5,0,0,37,29,9.3
Eli Jones,163047,LB,W KENTUCKY,1,0,0,,0,0,346,0,0,60.0,61.1,63.3,,60.0,,0,0,0,0,,,0,0,0,0.0,0,0,0,2,0,1,2,0,0,0,0,0,0,2,0,1,0,0,0,0,0,0,0,0,0,
Swipe Marshall,163049,S,W KENTUCKY,1,0,0,,0,0,346,0,0,61.0,61.2,68.8,,60.0,,0,0,0,0,,,0,0,0,0.0,0,0,0,1,0,2,5,0,0,0,0,0,4,5,0,3,0,0,0,0,0,0,0,0,0,
Deante McCray,163050,ED,FLORIDA ST,12,7,0,0.0,0,0,167,0,0,59.6,72.5,84.2,61.5,76.1,76.4,1,8,0,0,,4.5,1,0,0,39.6,0,1,0,2,0,3,297,294,24,76,147,47,0,3,130,164,0,12,14,3,1,10,0,0,0,
Marcus Patterson,163054,ED,KENNESAW,12,6,0,,0,1,200,1,0,64.8,67.1,24.0,66.0,68.3,56.4,4,23,0,0,,20.9,9,0,4,0.0,0,3,0,0,0,1,545,542,0,85,318,139,0,3,311,233,1,25,28,4,0,30,0,0,0,
Hosea Wheeler,163058,DI,INDIANA,12,9,0,,0,0,190,2,0,65.1,74.3,84.6,61.7,77.9,60.3,2,6,0,0,,11.5,3,0,0,0.0,0,0,0,0,0,2,339,339,120,206,4,9,0,0,194,143,0,10,14,2,0,8,0,0,0,
Antavious Fish,163069,LB,SM HOUSTON,12,25,0,86.4,0,0,281,0,0,43.8,60.7,87.5,46.5,77.1,62.7,1,7,0,0,32.0,13.5,12,1,0,124.8,19,1,0,725,1,341,762,9,0,0,9,0,1,753,74,347,26,26,52,4,22,9,1,227,136,11.9
Dakari Frazier,163081,DI,W MICHIGAN,10,2,0,,0,0,347,0,0,60.0,63.1,79.3,62.1,60.9,77.0,0,6,0,0,,0.0,0,0,0,0.0,0,2,0,0,0,0,118,118,3,107,4,4,0,0,74,44,0,3,3,0,0,8,0,0,0,
Caden Johnson,163086,LB,BALL ST,11,8,0,88.9,0,1,117,0,0,48.3,56.1,79.8,71.9,58.9,72.1,5,6,0,0,20.0,15.0,6,0,0,146.8,8,1,0,212,0,96,249,9,0,0,9,0,0,240,17,136,28,14,26,3,9,12,1,93,42,11.6
Jalon Jones,163087,CB,BALL ST,5,2,0,100.0,0,0,117,0,0,29.4,35.3,76.9,59.8,69.2,66.6,0,1,0,0,63.0,16.7,1,0,0,158.3,6,0,0,6,50,24,59,1,0,0,1,0,0,58,1,34,2,0,3,0,6,1,1,128,66,21.3
Myles Bradley,163103,ED,BOWL GREEN,12,4,0,100.0,0,3,122,0,0,55.5,85.3,63.5,91.5,63.3,61.9,4,19,0,0,11.0,23.5,4,0,1,112.5,1,5,0,18,0,11,349,331,0,2,322,7,0,18,186,152,0,13,9,0,1,28,0,11,11,11.0
Jalen Huskey,163106,S,MARYLAND,12,17,0,64.7,0,0,215,0,0,83.5,83.6,42.7,66.9,82.5,78.2,2,0,0,4,31.0,10.6,10,1,1,55.9,11,0,0,211,2,358,678,5,0,0,5,0,349,673,5,315,111,20,67,1,17,2,1,81,32,7.4
Darius Lorfils,163110,S,BOWL GREEN,9,4,0,78.6,0,1,122,0,0,58.2,61.1,82.7,55.7,66.2,40.7,0,2,0,0,44.0,28.2,11,1,0,150.0,11,0,0,182,5,221,423,10,0,0,10,0,158,413,6,196,68,7,24,2,14,2,3,147,36,13.4
Davonte Miles,163113,DI,S CAROLINA,11,2,0,,0,0,289,0,0,61.3,61.4,80.1,58.3,61.6,75.3,0,3,0,0,,0.0,0,0,0,0.0,0,0,0,1,0,2,142,141,6,98,18,19,0,1,78,62,0,2,3,0,0,3,0,0,0,
Joseph Sipp Jr.,163114,LB,KANSAS,3,0,0,100.0,0,0,198,0,0,48.9,47.0,72.0,,54.4,75.8,0,0,0,0,10.0,0.0,0,0,0,108.3,1,0,0,16,1,5,18,0,0,0,0,0,0,18,0,13,1,1,2,0,1,0,0,10,3,10.0
Oliver Billotte,163123,DI,RUTGERS,12,4,0,,0,0,278,0,0,,55.2,83.6,63.4,49.2,74.8,0,4,0,0,,0.0,0,0,0,0.0,0,0,0,0,0,0,206,206,67,138,0,1,0,0,99,107,0,0,1,0,0,4,0,0,0,
Stephen Daley,163126,ED,INDIANA,12,9,1,,0,2,190,0,0,60.8,75.7,85.6,63.4,83.4,56.0,2,30,0,0,,16.7,6,0,0,0.0,0,3,0,2,0,7,472,468,1,70,303,94,0,4,291,174,0,22,21,13,0,35,0,0,0,
Jahmad Harmon,163132,S,BALL ST,11,5,0,50.0,0,0,117,0,0,42.1,48.9,87.2,59.0,69.9,50.8,0,0,0,0,55.0,21.1,8,2,2,101.7,18,0,0,149,6,245,429,0,0,0,0,0,72,429,1,183,202,9,25,2,36,0,3,261,110,14.5
Rocco Nicholl,163143,LB,USF,3,0,0,100.0,0,0,327,0,0,71.8,67.0,73.1,59.3,56.1,75.8,0,1,0,0,1.0,0.0,0,0,0,79.2,1,0,0,12,0,7,16,1,0,0,1,0,0,15,1,8,3,1,2,0,1,1,0,1,2,1.0
Nasir Bowers,163152,CB,TOLEDO,12,3,0,57.1,0,0,316,1,0,70.3,70.7,88.0,57.9,70.4,45.0,1,1,0,2,43.0,23.3,7,4,3,49.6,20,0,0,62,29,273,473,4,0,0,4,0,19,469,15,185,358,9,20,2,35,2,0,199,116,10.0
Emmanuel McNeil-Warren,163155,S,TOLEDO,12,29,0,42.9,0,2,316,2,0,91.8,92.1,83.8,59.6,86.8,67.6,2,2,1,2,73.0,13.2,10,4,1,56.5,6,1,0,384,13,316,612,6,0,0,6,0,178,606,6,290,31,15,37,4,14,5,1,116,50,19.3
Junior Vandeross III,163156,WR,TOLEDO,1,0,0,,0,0,316,0,0,,60.0,60.0,,60.0,,0,0,0,0,,,0,0,1,0.0,0,0,0,0,0,0,1,0,0,0,0,0,0,1,0,1,0,0,0,0,0,0,0,0,0,
Will Gerig,163161,ED,W MICHIGAN,9,2,0,0.0,0,2,347,0,0,63.2,74.2,0.0,90.4,64.2,79.5,0,0,0,0,,0.0,0,0,1,39.6,0,2,0,11,0,8,58,42,0,0,42,0,0,16,15,35,4,3,1,0,1,2,0,0,0,
Kemari Copeland,163180,DI,VA TECH,12,10,0,100.0,0,0,337,0,0,58.6,75.3,64.5,73.0,73.9,67.6,2,13,0,1,7.0,9.5,4,0,1,56.3,1,5,0,1,0,3,471,470,2,309,34,125,0,1,241,227,0,22,28,4,1,20,0,7,3,7.0
Eric Ford,163188,ED,ARMY,12,18,1,80.0,0,2,114,2,0,53.8,64.1,77.1,77.9,56.4,57.3,1,17,0,0,23.0,15.1,8,0,1,107.5,8,5,0,1,2,103,636,625,0,0,625,0,4,11,208,325,4,20,27,1,10,23,0,98,43,12.3
Kalib Fortner,163190,LB,ARMY,12,19,0,77.8,0,2,114,1,0,41.4,54.0,84.2,70.6,57.6,54.4,2,13,0,0,34.0,17.6,16,1,0,113.5,28,1,0,668,0,291,751,38,0,0,38,0,5,713,76,384,39,30,56,6,36,16,1,325,198,11.6
Deshontez Gray,163193,DI,ARMY,11,3,1,,0,0,114,1,0,61.9,59.4,80.4,56.0,59.8,62.0,0,6,0,0,,15.0,3,0,0,0.0,0,0,0,0,0,1,174,174,9,42,16,107,0,0,99,74,0,7,14,0,0,6,0,0,0,
Casey Larkin,163198,S,ARMY,12,23,0,67.9,0,0,114,0,0,67.2,72.3,89.4,73.8,75.5,78.8,1,0,0,2,47.0,9.4,8,1,2,69.3,19,1,0,269,2,351,724,5,0,0,5,0,322,719,3,370,125,14,54,2,28,2,1,192,46,10.1
Jack Latore,163199,DI,ARMY,12,10,0,,0,0,114,0,0,67.9,63.5,82.7,51.9,65.9,79.0,2,4,0,0,,3.2,1,0,0,0.0,0,0,0,1,0,0,464,462,2,111,9,340,0,2,218,246,0,16,20,0,0,6,0,0,0,
Clev Lubin,163200,ED,LOUISVILLE,12,9,3,100.0,0,1,210,0,0,83.4,91.1,74.5,92.2,71.9,76.2,12,35,0,0,9.0,9.3,4,1,1,84.2,5,9,0,3,0,56,551,524,0,1,523,0,0,27,282,213,24,29,30,3,5,56,0,21,26,4.2
Collin Matteson,163203,S,ARMY,11,18,0,53.1,0,0,114,1,0,65.2,69.8,88.3,56.6,75.3,74.7,0,3,0,1,40.0,11.8,11,6,0,80.9,17,0,0,230,1,297,631,42,0,0,42,0,303,589,19,315,55,18,64,2,32,3,2,205,60,12.1
Donavon Platt,163211,CB,VIRGINIA,11,2,0,59.1,0,0,335,1,1,62.5,66.2,84.9,68.1,77.1,67.7,0,1,0,1,79.0,12.1,4,3,0,106.4,26,0,0,41,428,274,498,20,0,0,20,0,4,478,3,221,5,9,27,1,44,1,3,442,204,17.0
Gavin Shields,163219,S,ARMY,12,15,0,78.4,0,1,114,0,0,58.8,64.0,89.5,71.2,64.5,72.8,5,7,0,2,26.0,11.1,7,2,0,91.1,29,2,0,168,0,240,632,157,0,0,157,0,10,475,71,321,297,18,41,2,37,14,2,257,102,8.9
Andon Thomas,163225,LB,ARMY,12,24,0,63.9,0,1,114,0,0,52.5,56.1,87.7,63.0,57.5,47.7,1,14,0,0,23.0,17.4,25,5,0,81.1,23,0,0,718,0,319,752,15,0,1,14,0,7,737,50,383,11,59,95,5,36,15,0,223,93,9.7
Jacob Tuioti,163227,DI,ARMY,9,4,0,,0,0,114,0,0,48.3,47.2,85.1,56.2,45.7,29.6,1,2,0,0,,22.2,4,0,0,0.0,0,0,0,1,0,4,264,262,216,42,0,4,0,2,125,135,0,4,10,2,0,3,0,0,0,
Jabril Williams,163230,CB,ARMY,11,2,0,89.5,0,0,114,0,0,60.1,63.1,81.3,66.3,71.7,70.6,1,2,0,0,32.0,9.5,2,1,0,147.1,17,0,0,17,214,121,233,1,0,0,1,0,1,232,4,108,0,4,17,0,19,3,2,207,30,12.2
CJ Bazile Jr.,163232,ED,LIBERTY,11,8,0,100.0,0,1,206,1,0,66.4,73.9,63.5,70.1,73.5,61.1,2,12,0,0,3.0,19.2,5,0,1,79.2,1,4,0,7,0,29,347,331,0,1,330,0,0,16,166,152,9,14,13,3,1,18,0,3,1,3.0
Sone Aupiu,163236,LB,NEW MEX ST,11,17,0,79.3,0,2,242,0,0,69.0,69.0,84.4,79.2,61.8,48.8,3,6,0,1,20.0,21.4,18,3,0,86.8,23,1,0,357,1,238,483,26,0,0,26,0,0,457,31,214,99,27,49,5,29,10,1,160,73,7.0
Zion Allen,163243,CB,HAWAII,5,0,0,50.0,0,0,180,0,0,59.5,55.1,76.1,,47.1,27.9,0,0,0,0,7.0,50.0,1,0,0,58.3,1,0,0,2,46,14,49,0,0,0,0,0,0,49,0,35,1,0,1,0,2,0,0,7,2,7.0
Evan Johnson,163250,CB,BYU,12,4,0,47.5,0,0,128,0,0,75.0,76.0,86.9,55.1,76.1,60.7,0,2,1,4,47.0,17.4,8,4,2,40.3,29,1,0,20,568,389,682,7,0,0,7,0,3,675,10,283,84,13,34,0,61,3,1,300,170,10.3
Bodie Schoonover,163256,ED,BYU,12,7,3,,0,0,128,0,0,69.2,69.9,84.3,63.4,67.9,56.2,2,10,0,0,,15.6,5,0,0,0.0,0,2,0,1,0,2,345,344,0,107,170,67,0,1,177,166,0,18,20,4,0,14,0,0,0,
James Djonkam,163264,ED,VA TECH,3,6,0,,0,0,337,0,0,59.0,63.7,79.0,60.3,68.1,45.0,0,0,0,0,,20.0,2,0,0,0.0,0,0,0,0,0,0,78,78,0,14,40,24,0,0,30,48,0,2,2,0,0,0,0,0,0,
Blazen Lono-Wong,163270,DI,ARIZONA ST,12,3,0,,0,0,110,0,0,59.0,51.0,83.3,52.0,51.1,68.5,0,4,0,0,,6.3,1,0,0,0.0,0,0,0,0,0,1,298,298,21,265,3,9,0,0,153,144,0,9,12,1,0,4,0,0,0,
Jalil Rivera-Harvey,163275,DI,MARSHALL,9,4,0,,0,0,214,0,0,63.3,67.3,19.6,59.0,73.4,48.4,0,2,0,0,,13.3,2,0,2,0.0,0,0,0,0,0,0,227,227,107,27,17,76,0,0,124,103,0,7,9,0,0,2,0,0,0,
Bryce Boettcher,163288,LB,OREGON,13,27,0,72.2,0,1,264,0,0,73.3,73.5,84.5,66.2,70.0,78.7,3,6,0,1,38.0,9.8,11,3,0,69.3,26,2,0,555,3,290,655,34,0,0,34,0,2,621,54,311,61,36,74,4,36,11,0,161,122,6.2
Zach Grisham,163293,CB,OREGON,6,4,0,100.0,0,0,264,0,0,53.8,57.9,80.4,60.0,63.8,84.6,0,0,0,0,9.0,0.0,0,0,0,95.8,2,0,0,10,0,18,61,3,0,0,3,0,3,58,1,42,44,2,4,0,2,0,0,14,8,7.0
Sir Mells,163299,ED,GA STATE,1,0,0,,0,0,175,0,0,,44.3,73.6,57.3,46.7,19.3,0,0,0,0,,100.0,1,0,0,0.0,0,0,0,0,0,0,10,10,0,0,8,2,0,0,4,6,0,0,0,0,0,0,0,0,0,
Ben Roberts,163301,DI,MICH STATE,7,5,0,,0,0,223,0,0,59.9,69.9,81.0,59.5,73.3,54.9,0,2,0,0,,15.4,2,0,0,0.0,0,0,0,0,0,0,161,161,14,138,0,9,0,0,77,84,0,4,6,0,0,2,0,0,0,
Khamari Terrell,163306,CB,TEXAS ST,11,4,0,64.9,0,0,314,0,0,59.8,62.1,43.5,59.7,73.3,75.8,0,1,0,1,44.0,7.1,3,2,3,104.4,24,0,0,57,487,311,575,9,0,0,9,0,11,566,5,259,10,11,35,2,37,1,3,289,127,12.0
Emar'rion Winston,163310,ED,BAYLOR,12,7,0,75.0,1,0,118,0,0,53.4,65.9,74.3,67.1,65.2,67.9,2,14,0,0,15.0,14.7,5,0,1,84.4,3,3,0,0,0,39,586,582,0,15,522,45,0,4,251,296,4,16,22,2,4,19,0,19,8,6.3
Jace Bellah,163318,S,COLO STATE,10,13,0,65.2,0,2,144,0,0,48.7,58.7,83.6,65.2,71.2,57.8,2,0,0,4,68.0,18.8,13,0,0,83.2,15,0,0,224,14,209,443,2,0,0,2,0,170,441,9,225,31,14,43,0,23,2,1,286,87,19.1
DeAndre Gill Jr.,163322,ED,COLO STATE,11,2,0,100.0,1,0,144,0,0,57.0,49.2,36.1,59.6,46.8,27.8,3,3,0,0,23.0,40.0,6,0,1,156.3,2,1,0,17,0,9,166,146,0,6,133,7,0,20,46,111,3,6,7,1,2,7,1,24,17,12.0
MarShon Oxley,163332,ED,W VIRGINIA,11,3,0,100.0,0,0,343,0,0,58.7,57.2,0.6,72.1,51.9,47.2,1,6,0,0,8.0,18.8,3,0,2,100.0,1,2,0,4,0,17,147,139,0,2,136,1,0,8,52,78,3,7,10,2,1,9,0,8,8,8.0
Tyson Williams,163337,CB,COLO STATE,1,1,0,,0,0,144,0,0,,60.8,65.4,,60.0,76.2,0,0,0,0,,0.0,0,0,0,0.0,0,0,0,0,0,0,2,0,0,0,0,0,2,2,0,2,0,0,0,0,0,0,0,0,0,
A.J. Haulcy,163349,S,LSU,12,19,0,62.2,0,1,211,0,0,88.6,86.6,87.9,54.5,76.2,67.3,0,3,0,3,30.0,15.8,16,4,0,59.0,23,0,0,134,6,407,702,10,0,0,10,0,484,692,6,289,68,20,66,1,37,3,1,265,136,11.5
Jermarius Lewis,163354,S,UTSA,9,6,0,61.5,1,1,331,0,0,69.9,65.6,83.1,,52.9,42.4,0,0,0,1,53.0,26.7,8,3,3,99.4,8,0,0,66,0,146,231,2,0,0,2,0,139,229,0,85,24,9,16,1,13,0,2,120,70,15.0
Zach Morris,163355,LB,UTSA,5,1,1,77.8,1,0,331,0,0,46.9,48.7,78.9,83.3,47.4,57.7,1,0,0,0,42.0,20.0,2,0,2,155.8,7,0,0,9,97,64,108,0,0,0,0,0,1,108,4,40,1,0,7,0,9,1,1,125,16,17.9
David Murphy,163356,S,NEW MEXICO,10,6,0,76.9,0,0,241,0,0,61.0,66.8,77.5,54.5,79.7,72.3,0,0,0,1,18.0,9.5,2,0,0,55.9,10,0,0,103,0,100,163,4,0,0,4,0,0,159,9,54,56,7,13,1,13,0,0,68,39,6.8
Bryson Taylor,163360,S,UTAH ST,10,6,0,69.2,0,0,329,0,0,65.5,67.4,88.0,70.9,67.9,55.4,1,0,0,0,26.0,18.2,6,3,1,93.0,27,0,0,97,66,282,458,33,0,0,33,0,42,425,11,165,219,9,21,2,39,1,1,231,80,8.6
Landon Williams,163365,DI,NEW MEXICO,8,0,0,,0,0,241,0,0,60.0,51.7,76.8,59.4,45.8,73.8,0,2,0,0,,0.0,0,0,0,0.0,0,0,0,0,0,0,56,56,5,50,1,0,0,0,35,21,0,2,3,0,0,2,0,0,0,
Kalen Woods,163367,S,MIDDLE TN,10,10,0,71.4,0,2,224,0,0,60.7,62.7,20.4,52.8,71.6,83.2,1,1,0,1,30.0,7.3,3,1,1,109.5,10,0,0,124,1,246,414,13,0,0,13,0,219,401,10,158,56,3,28,0,14,2,2,128,41,12.8
Mason Jacobsen,163377,ED,BOISE ST,2,0,0,,0,0,120,0,0,,56.3,73.3,55.3,60.0,,0,0,0,0,,,0,0,0,0.0,0,0,0,0,0,0,12,12,0,0,11,1,0,0,9,3,0,0,0,0,0,0,0,0,0,
Jake Ripp,163387,LB,BOISE ST,11,9,0,66.7,0,0,120,0,0,60.5,64.2,81.7,71.2,61.4,61.3,6,4,0,0,24.0,15.6,7,0,1,79.9,6,0,0,330,1,122,388,44,0,0,44,0,0,344,48,218,12,19,29,3,9,10,0,48,60,8.0
Jayden Virgin-Morgan,163392,ED,BOISE ST,12,10,0,100.0,0,2,120,1,0,85.1,76.3,76.3,63.5,76.8,63.7,8,14,0,0,16.0,13.5,7,0,1,104.2,3,6,0,31,0,54,623,577,0,2,574,1,0,46,266,303,13,30,35,7,3,28,0,27,12,9.0
Jomarion Briggs,163396,CB,FRESNO ST,7,0,0,63.6,0,0,169,0,0,65.2,63.7,0.0,,70.3,66.4,0,0,0,0,20.0,14.3,2,0,3,84.7,7,0,0,8,138,69,148,1,0,0,1,0,1,147,0,79,0,4,12,0,11,0,0,78,24,11.1
Jayden Davis,163397,S,FRESNO ST,12,12,0,62.5,0,0,169,0,0,65.8,67.1,81.1,78.9,63.5,56.5,2,2,0,1,18.0,15.9,7,1,0,82.3,5,1,0,169,1,135,285,16,0,0,16,0,49,269,10,140,50,8,25,1,8,5,1,54,19,10.8
Josiah Freeman,163398,WR,FRESNO ST,1,0,0,,0,0,169,0,0,,60.0,60.0,,60.0,,0,0,0,0,,,0,0,2,0.0,0,0,0,0,0,0,1,0,0,0,0,0,0,1,0,1,0,0,0,0,0,0,0,0,0,
Julius Gandy,163399,DI,FRESNO ST,12,3,0,,0,0,169,0,0,61.4,53.8,81.2,56.9,50.7,52.7,0,2,0,0,,18.2,2,0,0,0.0,0,1,0,0,0,0,218,218,3,204,0,11,0,0,101,117,0,4,6,1,0,3,0,0,0,
Jacob Holmes,163401,DI,VIRGINIA,12,6,0,,0,0,335,0,0,61.6,69.4,58.2,65.9,69.7,59.0,5,15,0,0,,12.0,3,0,1,0.0,0,3,0,0,0,1,349,349,18,274,9,48,0,0,224,124,0,14,16,2,0,23,0,0,0,
Jahzon Jacks,163403,ED,FRESNO ST,12,6,1,,0,0,169,4,0,59.5,64.2,67.1,54.2,73.5,54.9,6,8,0,0,,19.2,5,0,1,0.0,0,1,0,3,0,11,446,441,1,87,316,37,0,5,238,197,0,10,15,3,0,15,0,0,0,
Sione Noa,163409,ED,FRESNO ST,4,1,0,,0,0,169,0,0,60.0,66.8,80.6,67.1,63.0,27.1,0,3,0,0,,40.0,2,0,0,0.0,0,1,0,0,0,1,84,84,0,1,83,0,0,0,37,46,0,3,2,1,0,4,0,0,0,
Seth Scheidt,163412,LB,FRESNO ST,1,0,0,,0,0,169,0,0,,51.1,63.6,,55.4,,0,0,0,0,,,0,0,0,0.0,0,0,0,3,0,0,3,0,0,0,0,0,0,3,0,3,0,0,0,0,0,0,0,0,0,
Tim Thomas,163417,LB,FRESNO ST,4,2,0,66.7,0,0,169,0,0,45.2,41.7,0.0,53.3,51.4,73.7,1,1,0,0,21.0,10.0,1,0,1,125.7,4,0,0,79,0,38,90,2,0,0,2,0,1,88,6,46,8,3,7,0,6,2,3,41,43,10.3
Ryan Wilson,163420,S,FRESNO ST,9,7,0,60.0,0,0,169,0,0,76.8,72.4,86.0,70.9,56.9,51.2,1,1,0,1,45.0,18.9,7,4,0,58.8,6,1,0,93,0,210,383,16,0,0,16,0,222,367,9,164,51,6,23,1,10,3,0,111,18,18.5
Merhauti Xepera,163422,ED,FRESNO ST,12,8,3,,1,1,169,0,0,63.1,67.8,63.2,57.0,73.4,66.5,0,9,0,0,,10.0,3,0,1,0.0,0,1,0,0,0,8,361,359,0,54,301,4,0,2,174,179,0,17,19,5,0,10,0,0,0,
JD Drew,163429,CB,TULSA,12,5,0,69.8,0,0,320,0,0,63.8,66.3,12.4,59.9,82.8,57.7,0,0,0,0,44.0,20.0,8,3,2,122.8,30,0,0,29,520,333,635,4,0,0,4,0,0,631,1,301,82,8,27,0,43,0,3,406,128,13.5
Adam Tomczyk,163444,ED,W VIRGINIA,6,1,0,,0,0,343,0,0,60.0,53.9,76.2,55.4,60.5,33.4,1,1,0,0,,25.0,1,0,0,0.0,0,0,0,0,0,0,40,40,0,2,21,17,0,0,16,24,0,2,2,1,0,2,0,0,0,
Chams Diagne,163487,CB,GA STATE,10,3,0,65.5,1,0,175,0,0,64.5,59.6,23.7,52.9,47.9,37.1,1,1,0,1,40.0,25.9,7,3,4,76.9,19,0,0,27,297,162,346,18,0,0,18,0,0,328,11,173,4,3,17,0,29,2,0,241,130,12.7
James Smith,163520,DI,LA MONROE,12,3,1,,0,0,209,0,0,,61.7,21.3,61.6,64.3,81.0,1,8,0,0,,0.0,0,0,2,0.0,0,1,0,1,0,0,254,253,0,117,18,118,0,1,135,119,0,7,10,0,0,10,0,0,0,
Jahleel Culbreath,163527,LB,DOMINION,12,22,0,86.7,0,0,263,0,0,65.8,66.0,90.7,66.9,60.9,51.7,5,9,0,0,11.0,18.9,14,0,0,89.7,13,4,0,349,0,218,572,167,0,0,167,0,2,405,104,250,53,23,38,4,15,18,0,83,72,6.4
Koa Naotala,163537,LB,DOMINION,1,0,0,,0,0,263,0,0,61.0,62.7,67.5,,,,0,0,0,0,,,0,0,0,0.0,0,0,0,3,0,3,3,0,0,0,0,0,0,3,0,0,0,0,0,0,0,0,0,0,0,
Jaylon White-McClain,163543,ED,CINCINNATI,12,3,0,,0,1,138,0,0,61.9,56.4,52.0,55.6,57.2,44.2,0,5,0,0,,23.1,3,0,1,0.0,0,0,0,0,0,1,263,263,2,63,108,90,0,0,130,132,0,4,7,1,0,5,0,0,0,
Ricky Fletcher,163547,CB,OLE MISS,11,0,0,40.0,0,0,226,0,0,65.7,65.4,81.5,,61.3,84.0,0,0,0,0,36.0,0.0,0,0,2,102.5,4,0,0,31,240,157,274,3,0,0,3,0,0,271,0,117,0,4,10,0,10,0,1,81,3,20.3
Christopher Wallace Jr.,163553,S,S ALABAMA,12,23,0,54.2,0,1,288,2,0,51.6,61.6,86.7,58.0,77.3,62.8,0,0,0,0,48.0,17.1,14,0,1,72.4,13,0,0,278,0,300,595,6,0,0,6,0,207,589,2,293,104,15,45,3,24,0,0,145,71,11.2
DJ Burgess,163557,ED,CHARLOTTE,1,0,0,,0,0,136,0,0,,70.7,78.0,63.6,72.1,73.3,3,1,0,0,,0.0,0,0,0,0.0,0,0,0,0,0,0,54,54,0,2,46,6,0,0,33,21,0,2,2,0,0,4,0,0,0,
JD Baird,163584,LB,ALABAMA,1,0,0,,0,0,103,0,0,,62.3,64.6,,60.5,,0,0,0,0,,,0,0,0,0.0,0,0,0,2,0,0,2,0,0,0,0,0,0,2,0,2,0,0,0,0,0,0,0,0,0,
Prince Butler,163587,CB,ALABAMA,1,0,0,,0,0,103,0,0,,60.9,69.4,,60.5,,0,0,0,0,,,0,0,0,0.0,0,0,0,2,0,0,5,0,0,0,0,0,2,5,0,5,1,0,0,0,0,0,0,0,0,
Isaiah Hastings,163594,DI,SYRACUSE,12,2,0,,0,0,304,0,0,,61.1,80.0,58.5,61.6,75.9,0,1,0,0,,0.0,0,0,0,0.0,0,0,0,3,0,0,126,123,15,94,0,14,0,3,64,62,0,3,4,0,0,1,0,0,0,
Antonio Kite,163598,CB,OLE MISS,10,3,0,64.9,0,0,226,0,0,75.5,74.7,83.7,55.4,69.9,72.7,0,1,0,0,57.0,11.8,4,3,0,102.0,24,0,0,102,476,331,585,4,0,0,4,0,1,581,1,253,2,10,27,0,37,1,2,247,97,10.3
Earl Little Jr.,163601,S,FLORIDA ST,12,19,0,66.7,0,2,167,0,0,71.6,69.1,49.3,60.0,64.3,60.1,0,2,0,4,44.0,17.4,15,0,1,83.1,14,0,0,226,0,342,674,7,0,0,7,0,376,667,10,322,65,15,52,0,21,2,2,168,86,12.0
Jake Pope,163608,S,UNLV,12,20,0,67.7,1,0,325,0,0,52.0,56.1,55.3,68.5,61.1,58.4,1,5,0,1,39.0,15.7,11,3,2,88.8,21,2,0,216,1,375,687,42,0,0,42,0,309,645,24,288,116,7,39,1,31,8,1,245,76,11.7
Landon Phipps,163641,CB,ARKANSAS,1,0,0,,0,0,111,0,0,,60.0,66.0,,60.0,,0,0,0,0,,,0,0,0,0.0,0,0,0,0,2,0,2,0,0,0,0,0,0,2,0,2,0,0,0,0,0,0,0,0,0,
Isaiah Sategna III,163642,WR,OKLAHOMA,1,0,0,,1,0,261,0,0,,60.0,60.0,,60.0,,0,0,0,0,,,0,0,3,0.0,0,0,0,0,0,0,1,0,0,0,0,0,0,1,0,1,0,0,0,0,0,0,0,0,0,
Keionte Scott,163644,CB,MIAMI FL,10,6,0,69.6,0,2,220,2,0,86.4,90.5,86.7,82.0,91.4,55.9,4,8,1,1,21.0,21.0,13,4,0,73.0,32,5,0,141,1,296,561,50,0,0,50,0,2,511,60,205,366,31,43,8,46,17,0,243,167,7.6
Tyler Banks,163648,LB,OLE MISS,5,5,0,100.0,0,0,226,0,0,38.6,60.9,76.7,78.0,79.4,57.6,1,3,0,0,40.0,18.2,2,0,0,118.8,4,0,0,74,0,39,81,1,0,0,1,0,0,80,10,32,6,2,4,1,4,4,0,80,25,20.0
Nick Cull,163652,S,OLE MISS,6,3,0,60.0,0,0,226,0,0,50.3,56.1,0.3,67.7,73.0,63.4,0,0,0,0,44.0,15.8,3,2,1,122.6,9,0,0,57,0,124,233,2,0,0,2,0,95,231,3,106,79,2,13,0,15,0,1,174,112,19.3
Zxavian Harris,163658,DI,OLE MISS,13,11,1,,1,0,226,0,0,61.7,73.8,68.7,62.6,77.9,68.9,3,15,0,1,,8.0,4,0,1,0.0,0,3,0,5,0,2,575,570,44,371,49,106,0,5,294,279,0,27,35,5,0,21,0,0,0,
Trip White,163670,LB,OKLA STATE,12,12,0,80.0,2,1,262,0,0,52.3,69.5,28.8,68.1,80.8,53.9,0,1,0,0,17.0,15.9,7,0,3,98.3,4,1,0,240,1,112,294,35,0,0,35,0,0,259,26,156,18,15,25,1,5,2,0,38,30,9.5
Jaron Willis,163671,LB,S CAROLINA,9,1,0,0.0,0,0,289,2,1,63.8,60.3,76.9,54.3,56.7,63.2,0,1,0,0,,12.5,1,0,0,39.6,0,0,0,49,0,31,74,2,0,0,2,0,0,72,6,37,23,5,6,0,2,1,0,0,0,
Audavion Collins,163676,CB,PENN STATE,12,12,0,69.7,0,0,266,0,0,68.2,69.3,37.6,55.8,74.4,63.5,0,0,0,0,57.0,16.9,10,1,2,107.5,23,0,0,46,429,249,502,11,0,0,11,0,5,491,2,251,11,11,37,2,33,0,1,295,83,12.8
Kalvin Dinkins,163680,DI,MISS STATE,12,3,0,,0,0,227,0,0,67.7,59.1,85.3,58.3,56.9,28.4,1,2,0,0,,21.7,5,0,0,0.0,0,1,0,0,0,1,363,363,198,163,1,1,0,0,175,187,0,13,15,1,0,4,0,0,0,
Tanner Johnson,163682,S,MISS STATE,7,1,0,71.4,0,1,227,0,0,89.8,76.8,78.1,48.8,49.7,26.3,0,1,0,0,8.0,46.7,7,1,0,74.1,5,0,0,48,0,36,90,0,0,0,0,0,28,90,0,54,14,2,7,0,7,1,0,19,21,3.8
Javae Gilmore,163683,LB,MARSHALL,12,12,2,83.3,0,1,214,0,0,51.5,66.7,12.0,75.8,72.4,47.2,4,17,0,0,24.0,19.1,13,0,3,99.1,15,2,0,316,0,166,535,165,0,0,165,0,1,370,134,235,53,33,43,10,18,23,0,140,121,9.3
Wesley Miller,163688,S,S ALABAMA,11,11,0,45.8,0,0,288,0,0,56.6,57.4,85.4,59.2,57.9,52.9,0,0,0,1,35.0,19.5,15,2,0,64.2,11,0,0,279,0,257,526,9,0,0,9,0,124,517,1,268,114,14,51,1,24,0,1,158,68,14.4
DonTerry Russell,163693,ED,TEXAS ST,12,4,0,83.3,1,2,314,0,0,52.3,67.1,0.0,76.7,67.8,52.2,0,11,0,0,23.0,27.3,6,1,3,101.4,5,6,0,61,0,49,275,214,0,0,204,10,0,61,104,122,0,14,12,2,6,17,0,50,42,10.0
Avery Sledge,163695,LB,SO MISS,12,4,0,100.0,1,1,296,1,0,60.3,65.3,0.0,55.2,79.1,68.6,1,1,0,0,54.0,11.8,2,0,2,118.8,4,0,0,72,0,39,115,31,0,0,31,0,0,84,17,59,11,4,11,1,4,2,0,71,71,17.8
Trevion Williams,163699,ED,MISS STATE,12,3,1,,0,2,227,0,0,52.9,61.2,54.6,58.8,66.0,69.7,1,6,0,0,,5.9,1,0,1,0.0,0,2,0,0,0,3,284,284,0,8,161,115,0,0,141,140,0,11,13,1,0,9,0,0,0,
Nathan Jackson,163702,DI,TEXAS A&M,1,0,0,,0,0,312,0,0,,60.2,68.3,58.6,60.0,,0,0,0,0,,,0,0,0,0.0,0,0,0,0,0,0,4,4,0,4,0,0,0,0,2,2,0,0,0,0,0,0,0,0,0,
Darren Agu,163703,ED,NEW MEXICO,10,4,0,50.0,0,1,241,0,0,55.5,78.9,86.1,74.4,79.1,63.9,4,17,0,0,8.0,11.5,3,1,0,60.4,1,2,0,7,1,9,354,344,1,50,253,40,0,10,195,150,2,16,19,1,2,23,0,8,12,8.0
Bryce Cowan,163707,LB,VANDERBILT,12,5,0,85.7,0,4,333,0,0,50.9,59.9,83.3,67.7,66.6,44.6,0,5,0,0,24.0,22.6,7,0,0,103.3,12,2,0,203,1,138,259,26,0,0,26,0,0,233,34,87,29,10,19,1,14,7,0,123,79,10.3
Mustafa Dannett,163708,CB,VANDERBILT,1,0,0,,0,0,333,0,0,65.6,65.1,71.4,59.1,,,0,0,0,0,,,0,0,0,0.0,0,0,0,0,11,10,11,0,0,0,0,0,0,11,1,0,0,0,0,0,0,0,0,0,0,
Bradley Mann,163718,DI,VANDERBILT,12,3,0,,1,0,333,0,0,60.3,47.2,31.8,56.3,45.2,50.8,2,4,0,0,,12.5,1,0,1,0.0,0,0,0,0,0,2,152,152,6,138,5,3,0,0,80,70,0,1,4,0,0,6,0,0,0,
Issa Ouattara,163722,DI,VANDERBILT,1,0,0,,0,0,333,0,0,,70.4,73.2,65.0,67.5,28.9,0,1,0,0,,50.0,1,0,0,0.0,0,0,0,0,0,0,15,15,1,11,2,1,0,0,8,7,0,1,1,0,0,1,0,0,0,
Jadais Richard,163724,CB,MIAMI FL,3,0,0,,0,0,220,0,0,53.4,38.6,0.0,70.7,47.6,27.3,0,1,0,0,,60.0,3,0,2,0.0,0,1,0,10,0,8,20,1,0,0,1,0,8,19,3,9,1,0,2,0,0,2,0,0,0,
Savion Riley,163725,S,GA TECH,2,0,0,100.0,0,0,176,0,0,56.1,49.0,73.3,59.0,60.0,49.7,0,0,0,0,8.0,25.0,1,0,0,100.0,1,0,0,0,0,9,12,0,0,0,0,0,9,12,1,2,3,0,3,0,1,0,0,8,9,8.0
Nick Rinaldi,163726,LB,VANDERBILT,12,6,0,74.1,0,0,333,0,0,55.7,64.8,87.7,76.6,59.1,57.1,7,11,0,0,21.0,15.4,6,1,0,118.3,20,5,0,235,2,156,369,93,0,0,93,0,0,276,92,121,39,23,27,2,27,23,2,193,110,9.7
Jeffrey Ugochukwu,163729,CB,COAST CAR,6,0,0,100.0,0,1,141,0,0,61.5,65.2,77.2,57.1,71.0,25.5,0,0,0,0,14.0,60.0,3,0,0,118.8,1,0,0,19,0,27,56,3,0,0,3,0,1,53,3,26,33,1,2,0,1,0,0,14,15,14.0
Linus Zunk,163732,ED,VANDERBILT,12,2,0,100.0,0,0,333,0,0,48.7,63.4,85.2,68.4,59.6,36.0,1,10,0,0,5.0,25.0,3,0,0,81.3,2,2,0,2,0,15,227,221,4,36,164,17,0,6,132,80,4,7,7,0,2,13,0,7,6,3.5
Julio Humphrey,163742,CB,TEXAS A&M,10,5,0,40.0,0,0,312,0,0,71.0,71.6,79.0,,68.6,83.6,0,0,0,0,14.0,0.0,0,0,0,58.8,2,0,0,8,113,62,124,0,0,0,0,0,0,124,0,62,3,2,4,2,5,0,0,28,16,14.0
Marvin Jones Jr.,163745,ED,OKLAHOMA,13,7,1,100.0,0,0,261,0,0,63.5,58.2,30.0,57.7,59.5,63.4,4,8,0,0,10.0,20.0,5,0,3,100.0,3,3,0,4,0,58,449,443,1,27,371,44,0,6,217,174,2,12,13,3,3,15,0,24,20,8.0
E.J. Lightsey,163746,LB,GA TECH,12,26,0,65.5,0,0,176,0,0,57.2,66.3,85.5,44.8,76.9,72.0,0,7,0,0,40.0,10.9,10,0,0,86.1,19,0,0,508,1,294,614,24,0,0,24,0,0,590,48,272,80,32,56,0,29,7,0,205,116,10.8
Christen Miller,163747,DI,GEORGIA,12,1,0,,0,0,173,0,0,,82.3,39.4,70.4,88.1,40.1,2,14,0,0,,22.7,5,0,2,0.0,0,0,0,1,0,0,378,377,103,254,2,18,0,1,208,170,0,12,16,2,0,16,0,0,0,
Jaheim Singletary,163751,CB,ARKANSAS,10,2,0,55.6,0,0,111,0,0,64.6,64.3,6.3,,66.6,73.8,0,0,0,0,15.0,7.1,1,1,2,74.3,5,0,0,22,220,118,251,1,0,0,1,0,0,250,0,133,7,3,11,0,9,0,0,56,19,11.2
Darris Smith,163752,ED,MISSOURI,12,3,0,,0,0,229,0,0,69.6,62.9,28.1,58.2,66.6,50.0,1,21,0,0,,26.7,4,1,2,0.0,0,4,0,57,0,36,311,254,0,0,248,6,0,57,171,104,0,11,8,2,0,26,0,0,0,
Shannon Blair,163758,CB,MEMPHIS,5,2,0,75.0,0,0,218,0,0,55.3,55.0,77.5,,55.1,79.6,0,0,0,0,15.0,0.0,0,0,1,104.2,3,0,0,4,67,42,73,1,0,0,1,0,0,72,0,31,1,0,2,0,4,0,0,38,10,12.7
Ben Bolton,163759,LB,TENNESSEE,10,6,0,87.5,1,0,307,0,0,66.1,66.7,78.5,75.6,59.1,44.4,1,1,0,0,13.0,21.1,4,0,1,90.1,7,0,0,108,0,65,127,5,0,0,5,0,0,122,10,52,14,3,9,0,8,2,0,45,28,6.4
Christian Harrison,163763,S,CINCINNATI,12,15,0,73.8,1,0,138,0,0,68.3,67.3,49.8,59.2,64.5,65.1,0,0,0,1,41.0,13.8,11,7,5,88.1,45,0,0,327,5,368,685,2,0,0,2,0,50,683,1,316,301,20,54,3,61,0,1,380,200,8.4
Jayson Jenkins,163767,ED,FLORIDA ST,12,2,0,,0,0,167,0,0,62.3,58.4,55.9,65.0,53.1,65.7,2,5,0,0,,8.3,1,0,1,0.0,0,2,0,1,0,4,275,274,2,23,205,44,0,1,124,147,0,5,9,1,0,9,0,0,0,
Joshua Josephs,163768,ED,TENNESSEE,11,6,2,33.3,0,3,307,2,1,60.4,87.1,64.2,90.6,77.0,50.9,4,23,0,0,8.0,23.5,8,0,1,42.4,1,5,0,10,0,33,365,350,0,1,345,4,0,15,184,148,5,20,20,2,3,32,0,8,16,8.0
Jordan Robinson,163791,CB,VIRGINIA,12,7,0,67.6,1,0,335,0,0,58.5,62.7,30.7,59.4,83.6,71.7,0,0,0,0,57.0,9.4,3,4,2,127.0,23,0,0,16,388,228,429,15,0,0,15,0,2,414,1,200,8,8,22,2,34,0,3,319,113,13.9
Alex Afari Jr.,163793,LB,KENTUCKY,10,15,0,57.7,0,0,202,0,0,44.5,63.1,84.0,68.8,73.9,65.4,3,5,0,0,59.0,13.7,10,0,0,95.2,15,3,0,461,0,222,503,4,0,0,4,0,1,499,31,250,37,27,48,4,26,11,1,201,153,13.4
Keaten Wade,163794,ED,COLORADO,12,9,0,50.0,0,1,143,2,0,58.8,65.0,72.2,64.0,64.2,65.4,3,10,0,0,19.0,15.6,7,1,1,83.3,1,3,0,3,0,11,518,514,0,10,494,10,0,4,232,275,0,19,29,7,2,16,0,19,7,19.0
Noah Matthews,163797,ED,DELAWARE,12,5,0,,0,0,151,0,0,67.0,64.6,65.7,67.2,57.5,41.7,5,20,0,0,,21.9,7,0,1,0.0,0,3,0,6,0,4,416,410,0,21,315,74,0,6,245,167,0,21,20,4,0,28,0,0,0,
Tyreese Fearbry,163800,ED,WISCONSIN,9,0,0,,0,0,349,0,0,63.9,78.2,81.6,66.8,81.2,81.2,0,2,0,0,,0.0,0,0,0,0.0,0,1,0,0,0,5,73,72,0,0,72,0,0,1,36,32,0,7,7,0,0,3,0,0,0,
Jalen Dye,163806,S,KANSAS,6,1,0,33.3,0,2,198,0,0,63.8,76.9,79.1,82.0,87.3,70.8,0,0,0,0,22.0,11.1,1,0,0,60.4,1,1,0,33,0,42,99,0,0,0,0,0,44,99,3,54,22,3,7,0,3,1,0,22,3,22.0
Mason Ellis,163807,S,KANSAS,8,2,0,88.9,0,0,198,0,0,60.2,55.9,80.5,59.0,45.9,55.2,0,0,0,0,28.0,21.1,4,0,0,147.2,8,0,0,51,2,94,168,0,0,0,0,0,56,168,1,73,59,5,13,1,9,0,1,94,26,11.8
Dean Miller,163813,ED,KANSAS,11,13,0,88.9,0,0,198,0,0,72.7,70.4,89.0,62.0,69.0,70.6,7,8,0,0,11.0,10.8,4,0,0,123.6,8,1,0,39,0,59,355,298,0,0,297,1,0,57,133,163,18,13,20,3,9,16,1,43,65,5.4
Isaac Koch,163821,WR,KANSAS ST,1,0,0,,0,0,199,0,0,,60.0,60.0,,60.0,,0,0,0,0,,,0,0,0,0.0,0,0,0,0,0,0,1,0,0,0,0,0,0,1,0,1,0,0,0,0,0,0,0,0,0,
Nickendre Stiger,163823,S,DOMINION,12,8,0,59.4,1,2,263,0,0,77.9,78.5,0.0,57.7,84.4,71.3,0,0,0,1,46.0,10.0,5,5,4,86.2,19,0,0,183,6,229,450,4,0,0,4,0,89,446,1,220,168,15,37,3,32,0,2,206,53,10.8
DJ McKinney,163824,CB,COLORADO,9,3,0,58.1,1,0,143,0,0,64.2,66.6,85.4,,72.4,54.3,0,0,0,1,32.0,20.0,9,4,3,92.5,18,0,0,50,505,287,597,12,0,0,12,0,1,585,0,310,29,7,33,1,31,0,2,253,81,14.1
Ethan Burke,163843,ED,TEXAS,12,9,1,,0,1,311,0,0,68.8,83.6,86.0,75.6,83.2,83.3,3,20,0,0,,5.1,2,0,0,0.0,0,3,0,1,0,19,378,377,16,51,271,39,0,1,224,135,0,25,28,5,0,26,0,0,0,
Graham Gillespie,163847,S,TEXAS,1,0,0,100.0,0,0,311,0,0,71.8,73.2,69.2,,60.0,75.1,0,0,0,0,1.0,0.0,0,0,0,79.2,1,0,0,0,0,5,6,0,0,0,0,0,0,6,0,1,6,1,1,0,1,0,0,1,1,1.0
Austin Jordan,163850,S,TCU,12,10,0,55.0,0,0,305,0,0,70.1,71.1,85.4,51.4,77.0,68.7,2,5,0,0,16.0,12.5,6,2,2,63.8,11,1,0,262,0,295,567,40,0,0,40,0,84,527,34,238,180,17,32,2,20,8,0,76,56,6.9
Zac Swanson,163862,DI,ARIZONA ST,2,1,0,,0,0,110,0,0,60.0,48.6,73.9,54.9,47.7,71.9,0,0,0,0,,0.0,0,0,0,0.0,0,0,0,0,0,0,27,27,1,24,1,1,0,0,17,10,0,1,1,0,0,0,0,0,0,
J'Mond Tapp,163863,ED,SO MISS,12,14,1,,1,0,296,0,0,76.2,89.2,40.6,90.7,77.2,71.9,15,30,0,0,,9.5,6,0,3,0.0,0,10,0,5,0,7,587,582,1,73,389,119,0,5,315,265,0,39,43,5,0,55,0,0,0,
Marc Pretto,163903,LB,N ILLINOIS,12,6,0,81.8,0,0,254,0,0,54.2,64.8,82.2,66.7,71.3,59.1,0,3,0,0,30.0,17.9,7,0,0,129.2,9,1,0,216,0,111,247,20,0,0,20,0,0,227,15,121,11,14,26,3,11,4,1,85,33,9.4
Jibreel Al-Amin,163936,LB,MARSHALL,12,10,0,77.1,0,1,214,0,0,52.0,63.6,58.7,67.7,70.9,62.8,2,9,0,0,55.0,14.0,8,3,1,133.5,27,4,0,302,0,211,517,162,0,0,162,0,1,355,77,229,52,27,39,3,35,15,2,404,310,15.0
Jumarion Larry,163959,ED,JVILLE ST,1,0,0,,0,0,196,0,0,,70.9,72.7,66.8,64.4,71.5,0,0,0,0,,,0,0,0,0.0,0,1,0,0,0,0,12,12,0,0,6,6,0,0,7,5,0,1,0,0,0,1,0,0,0,
Jabari Mack,163962,CB,LOUISVILLE,12,8,0,55.1,0,0,210,0,0,70.4,70.8,52.0,60.0,70.9,80.0,0,0,0,2,61.0,5.7,2,2,3,84.8,27,0,0,40,694,440,752,2,0,0,2,0,0,750,1,311,15,5,25,0,49,0,3,393,178,14.6
Ky'Won McCray,163967,LB,NEW MEXICO,11,14,1,63.2,0,1,241,1,0,52.2,65.0,85.8,65.6,79.1,69.9,1,4,0,0,25.0,12.8,6,1,2,101.2,12,1,0,129,1,139,330,53,0,0,53,0,1,277,25,166,145,16,27,3,19,6,1,132,63,11.0
Fred Perry,163971,S,W VIRGINIA,12,13,3,76.7,1,1,343,2,0,54.5,64.9,0.0,77.3,87.3,50.4,2,10,0,0,27.0,21.7,20,0,7,118.3,23,1,0,150,3,286,572,75,0,0,75,0,101,497,52,234,242,35,59,6,30,13,3,137,101,6.0
Darrell Prater,163972,DI,JVILLE ST,12,2,0,,0,0,196,0,0,66.9,60.9,85.4,57.8,59.5,58.2,0,7,0,0,,11.8,2,0,0,0.0,0,2,0,0,0,1,341,340,194,127,1,18,0,1,172,168,0,9,13,1,0,9,0,0,0,
Larry Worth III,163980,S,ARKANSAS,12,11,1,60.0,0,0,111,0,0,47.5,60.1,43.8,70.0,76.5,90.9,0,2,0,0,46.0,4.3,3,0,2,126.0,12,1,0,218,4,295,622,24,0,0,24,0,290,598,11,316,85,19,55,0,20,3,2,195,58,16.3
Jakeem Fletcher,163993,DI,W KENTUCKY,10,1,0,,0,0,346,0,0,61.8,65.3,80.4,51.8,72.1,77.2,0,2,0,0,,0.0,0,0,0,0.0,0,0,0,0,0,0,187,187,1,144,2,40,0,0,104,83,0,6,7,0,0,2,0,0,0,
Jaden Lyles,164028,S,W MICHIGAN,9,3,0,62.5,0,0,347,0,0,48.3,50.7,79.3,56.4,58.2,27.5,0,1,0,0,20.0,47.1,8,0,0,121.4,5,0,0,53,2,88,148,0,0,0,0,0,81,148,3,57,12,0,6,0,8,1,2,53,26,10.6
Sam Benjamin,164058,DI,S DIEGO ST,12,5,0,,0,0,284,0,0,60.0,67.0,83.3,61.7,67.5,56.4,0,10,0,0,,15.8,3,0,0,0.0,0,2,0,0,0,0,337,337,7,329,0,1,0,0,171,166,0,11,11,2,0,12,0,0,0,
Brandon Lane,164104,DI,WISCONSIN,12,6,0,,0,0,349,0,0,59.2,66.5,54.8,57.0,73.6,60.9,0,8,0,0,,12.5,2,0,1,0.0,0,1,0,0,0,1,306,306,6,284,0,16,0,0,166,139,0,8,8,2,0,9,0,0,0,
Austin Brawley,164120,S,NEW MEXICO,4,8,0,46.2,0,1,241,0,0,68.6,76.0,0.0,71.4,90.9,73.5,0,0,0,3,41.0,10.0,2,1,1,74.4,6,1,0,43,1,122,238,4,0,0,4,0,161,234,1,115,29,6,10,2,13,1,1,149,92,24.8
Michael Molnar,164125,LB,OHIO,8,10,0,75.0,0,0,259,0,0,72.7,80.3,84.4,73.0,80.6,76.9,4,7,0,0,27.0,9.8,6,2,0,88.0,18,3,0,327,0,190,396,12,0,0,12,0,0,384,36,170,57,27,45,3,24,14,0,135,95,7.5
Adonis Williams Jr.,164130,S,OHIO,12,12,0,64.7,0,0,259,0,0,54.9,57.6,56.0,67.9,60.9,66.4,2,0,0,0,46.0,14.1,12,2,1,99.1,22,0,0,219,1,374,720,49,0,0,49,0,354,671,16,330,97,19,61,4,34,2,2,192,62,8.7
Jonquis Hardaway,164132,CB,KENTUCKY,12,10,0,69.6,0,0,202,0,0,57.7,62.9,20.3,66.6,87.8,79.4,0,0,0,1,71.0,8.5,5,4,5,108.0,39,1,0,70,653,406,754,6,0,0,6,0,21,748,3,345,4,12,44,0,56,1,2,583,220,14.9
JoJo Bermudez,164134,WR,TEMPLE,2,0,0,,0,0,306,0,0,,63.9,60.0,,61.3,70.3,0,0,0,0,,0.0,0,0,0,0.0,0,0,0,0,0,0,2,0,0,0,0,0,0,2,0,2,0,0,1,0,0,0,0,0,0,
Oliver Bridges,164136,CB,BUFFALO,10,1,0,68.8,0,0,126,1,0,61.3,64.4,83.9,63.9,73.9,28.4,1,1,0,1,15.0,36.8,7,0,0,56.0,11,0,0,17,187,126,230,26,0,0,26,0,0,204,5,99,0,4,11,1,16,2,0,87,22,7.9
Kalen Carroll,164139,CB,C MICHIGAN,12,6,0,48.1,0,1,134,0,0,78.5,73.8,48.9,46.9,60.4,64.8,0,1,0,1,45.0,14.0,7,3,4,61.3,26,0,0,65,554,375,664,12,0,0,12,0,0,652,20,269,33,13,37,1,54,1,1,267,85,10.3
CJ Doggette Jr.,164141,DI,FAU,12,6,1,,0,0,165,0,0,52.3,63.4,59.7,63.4,65.6,63.7,1,10,0,0,,12.5,3,0,2,0.0,0,5,0,2,0,0,658,656,331,303,2,20,0,2,346,312,0,16,15,4,0,16,0,0,0,
Tyler Gillison,164143,ED,MICH STATE,4,2,0,,0,0,223,0,0,60.0,56.7,74.3,56.4,58.1,74.4,0,0,0,0,,0.0,0,0,0,0.0,0,0,0,0,0,1,11,11,0,0,11,0,0,0,4,6,0,0,0,0,0,0,0,0,0,
Cincear Lewis,164146,LB,CINCINNATI,4,1,0,100.0,0,0,138,0,0,67.7,72.2,72.7,56.1,73.7,69.7,0,0,0,0,5.0,14.3,1,0,0,87.5,1,0,0,15,0,7,31,0,0,0,0,0,0,31,3,21,16,3,5,0,1,0,0,5,3,5.0
Drew Logan,164147,ED,CINCINNATI,2,0,0,,0,0,138,0,0,,66.0,71.2,63.4,62.3,,0,0,0,0,,,0,0,0,0.0,0,0,0,0,0,0,10,10,0,5,2,3,0,0,7,3,0,0,0,0,0,0,0,0,0,
Antwan Peek Jr.,164150,S,CINCINNATI,12,15,0,42.9,0,2,138,1,0,71.1,81.7,83.8,81.4,89.6,78.7,1,0,0,0,8.0,11.8,6,1,1,50.3,3,1,0,174,0,164,360,0,0,0,0,0,167,360,0,196,19,11,30,0,7,2,0,19,7,6.3
Derrick Shepard Jr.,164154,DI,TULANE,13,2,1,,0,0,319,0,0,,58.2,51.9,63.8,54.9,53.5,2,6,0,0,,16.7,1,0,1,0.0,0,0,0,1,0,0,241,240,157,79,0,4,0,1,130,111,0,3,3,1,0,8,0,0,0,
Jonathan Thompson,164156,LB,CINCINNATI,12,20,0,88.0,0,1,138,1,0,64.6,70.4,88.3,65.9,73.8,62.0,1,6,0,0,25.0,14.6,12,0,0,94.2,22,1,0,313,3,242,546,85,0,0,85,0,4,461,48,256,141,27,50,7,25,8,0,165,148,7.5
Dani Dennis-Sutton,164163,ED,PENN STATE,12,9,1,100.0,0,2,266,0,0,73.2,79.3,10.6,79.3,77.1,46.6,13,26,0,0,32.0,23.9,11,0,6,118.8,1,6,0,6,0,19,582,573,0,3,537,33,0,9,283,280,1,26,26,3,1,45,0,32,13,32.0
Zane Durant,164166,DI,PENN STATE,12,8,2,,0,0,266,0,0,77.0,63.9,47.8,64.0,61.0,66.9,1,14,0,1,,7.7,2,0,2,0.0,0,4,0,3,0,0,476,473,43,410,13,7,0,3,241,235,0,15,16,2,0,19,0,0,0,
Mehki Flowers,164170,S,AKRON,10,10,0,84.6,0,1,102,0,0,60.5,67.1,84.4,64.4,75.5,78.8,0,0,0,1,60.0,8.9,4,1,0,126.3,11,0,0,163,0,143,286,11,0,0,11,0,76,275,8,135,34,14,31,0,13,0,2,244,105,22.2
Tyler Holzworth,164173,HB,PENN STATE,1,0,0,,0,0,266,0,0,,60.0,60.0,,60.0,,0,0,0,0,,,0,0,0,0.0,0,0,0,0,0,0,1,0,0,0,0,0,0,1,0,1,0,0,0,0,0,0,0,0,0,
Cam Miller,164178,CB,RUTGERS,12,11,0,75.0,1,0,278,0,0,62.3,56.8,60.1,57.2,40.9,77.8,0,1,0,1,39.0,9.3,5,5,3,109.4,45,1,0,35,17,346,660,100,0,0,99,1,1,560,11,303,507,12,38,1,60,2,3,506,252,11.2
Tyrece Mills,164179,S,UCONN,9,6,0,37.5,0,1,146,0,0,85.6,81.0,4.9,70.3,68.8,60.2,0,1,0,0,27.0,18.5,5,4,1,52.1,3,1,0,62,0,137,251,8,0,0,8,0,150,243,5,109,31,5,16,1,8,2,0,36,11,12.0
Sam Siafa,164187,DI,PENN STATE,2,0,0,,0,0,266,0,0,,55.9,70.9,63.1,57.4,,0,1,0,0,,,0,0,0,0.0,0,0,0,0,0,0,9,9,0,8,0,1,0,0,7,2,0,0,0,0,0,1,0,0,0,
Keon Wylie,164193,LB,PENN STATE,11,6,0,50.0,0,0,266,0,0,39.4,57.4,84.2,55.1,73.4,55.1,2,2,0,0,14.0,18.5,5,1,0,63.2,3,1,0,79,1,64,182,77,0,0,77,0,0,105,22,96,24,11,16,2,6,5,0,28,20,9.3
Corey Clark,164276,DI,MISS STATE,3,3,0,,0,0,227,0,0,60.0,45.7,0.0,55.1,65.4,73.7,0,0,0,0,,0.0,0,0,2,0.0,0,0,0,0,0,0,25,25,17,5,0,3,0,0,18,7,0,0,0,0,0,0,0,0,0,
Demarcus Lacey,164301,WR,MARSHALL,1,0,0,,0,0,214,0,0,,60.1,60.0,,60.0,,0,0,0,0,,,0,0,2,0.0,0,0,0,0,0,0,1,0,0,0,0,0,0,1,0,1,0,0,0,0,0,0,0,0,0,
Garrick Ponder,164307,ED,SO MISS,12,11,0,80.0,0,0,296,1,0,70.7,77.7,88.7,75.3,73.2,68.9,3,13,0,0,26.0,15.4,6,0,0,147.9,4,3,0,15,0,47,344,323,0,1,322,0,0,21,141,156,6,21,22,7,5,19,1,50,20,12.5
Ashaad Williams,164318,CB,WAKE,3,1,0,45.5,0,0,339,0,0,51.6,55.5,77.7,,72.3,81.1,0,0,0,0,14.0,0.0,0,0,0,55.5,5,0,0,5,71,45,77,1,0,0,1,0,0,76,0,32,0,2,5,0,11,0,0,41,0,8.2
Aamarii Notice,164336,DI,COAST CAR,12,8,0,,0,0,141,1,0,63.3,61.7,15.5,61.8,64.5,69.5,0,6,0,0,,4.3,1,0,3,0.0,0,0,0,0,0,0,299,299,242,44,1,12,0,0,151,148,0,11,14,1,0,6,0,0,0,
Murvin Kenion III,164351,S,NEVADA,12,19,0,59.1,1,2,239,0,0,78.3,76.1,53.4,79.9,68.9,58.4,0,1,0,5,28.0,16.4,12,1,3,64.8,13,2,0,271,8,386,730,6,0,0,6,0,331,724,16,328,114,14,42,4,22,3,2,120,36,9.2
Dwayne McDougle III,164427,S,S DIEGO ST,12,8,0,60.0,1,2,284,1,1,68.1,74.5,44.6,60.0,87.3,59.5,0,0,0,3,34.0,20.0,10,2,4,34.6,12,0,0,230,2,346,616,4,0,0,4,0,321,612,1,269,58,9,32,1,20,0,0,106,41,8.8
Edward Rhambo,164432,CB,NEVADA,9,5,0,57.5,0,0,239,0,0,69.5,70.6,84.8,,70.1,61.1,0,0,0,0,43.0,17.0,8,3,2,90.5,23,0,0,41,519,312,579,0,0,0,0,0,13,579,0,267,6,9,34,1,40,0,1,309,97,13.4
Melkart Abou Jaoude,164530,ED,N CAROLINA,12,8,0,50.0,0,2,245,1,0,71.4,79.0,46.3,79.4,73.8,76.8,7,23,0,0,4.0,11.1,4,0,3,56.3,1,12,0,10,0,33,646,620,0,4,606,10,0,26,338,275,14,28,24,1,2,42,0,4,6,4.0
Dominick Brogna,164532,DI,DELAWARE,12,13,0,,0,0,151,0,0,68.8,66.8,34.5,62.0,69.2,82.5,3,7,0,0,,3.6,1,0,2,0.0,0,0,0,2,0,0,312,310,249,54,1,6,0,2,176,136,0,10,14,3,0,10,0,0,0,
Sean Quick,164543,LB,DELAWARE,1,0,0,,0,0,151,0,0,60.7,61.4,66.1,,,,0,0,0,0,,,0,0,0,0.0,0,0,0,3,0,3,3,0,0,0,0,0,0,3,0,0,0,0,0,0,0,0,0,0,0,
Jayden Flaker,164760,LB,MEMPHIS,8,2,0,85.7,0,0,218,0,0,56.9,60.4,80.2,70.3,58.0,50.2,2,3,0,0,21.0,18.2,2,0,0,104.2,6,0,0,51,0,41,104,34,0,0,34,0,0,70,16,47,17,5,7,1,7,5,0,63,30,10.5
Connor Lair,164803,FB,MO STATE,1,0,0,,0,0,230,0,0,60.0,62.4,60.0,,,,0,0,0,0,,,0,0,0,0.0,0,0,0,0,0,1,1,0,0,0,0,0,0,1,0,0,0,0,0,0,0,0,0,0,0,
Jared Lloyd,164804,LB,MO STATE,12,27,1,77.3,0,1,230,0,0,49.7,66.2,41.4,71.1,78.6,71.8,1,3,0,0,73.0,12.2,11,1,1,123.3,17,1,0,394,0,222,473,0,0,0,0,0,0,473,11,240,78,28,52,2,22,5,1,220,175,12.9
J.J. O'Neal,164807,S,MO STATE,4,0,0,85.7,0,0,230,0,0,62.6,63.6,78.4,,64.9,59.4,0,0,0,1,18.0,16.7,2,0,0,74.1,6,0,0,28,1,59,86,0,0,0,0,0,42,86,0,27,15,1,10,0,7,0,0,79,54,13.2
Liam O'Reilly,164808,WR,MO STATE,1,0,0,,0,0,230,0,0,,60.0,60.0,60.0,,,0,0,0,0,,,0,0,0,0.0,0,0,0,0,0,0,1,0,0,0,0,0,0,1,1,0,0,0,0,0,0,0,0,0,0,
Gilles Tchio,164814,DI,MO STATE,1,0,0,,0,0,230,0,0,,60.0,64.4,60.0,,,0,0,0,0,,,0,0,0,0.0,0,0,0,0,0,0,1,1,0,1,0,0,0,0,1,0,0,0,0,0,0,0,0,0,0,
Gary Bryant III,164824,LB,SYRACUSE,12,13,0,82.6,0,0,304,0,0,29.8,49.1,86.1,60.8,64.8,75.8,0,8,0,0,29.0,9.0,6,1,1,146.5,19,1,0,367,2,194,437,33,0,0,33,0,1,404,44,199,33,27,48,5,23,9,5,222,112,11.7
Mi'Quise Humphrey-Grace,164831,ED,KENTUCKY,12,9,2,,0,1,202,0,0,68.6,72.9,67.4,64.3,74.4,76.5,5,17,0,0,,7.1,2,0,1,0.0,0,5,0,1,0,0,502,501,0,97,245,159,0,1,259,243,0,19,17,3,0,27,0,0,0,
Nehemiah Dukes,164901,DI,OHIO,12,9,2,,0,0,259,0,0,55.6,57.6,84.8,58.0,59.5,27.8,0,12,0,0,,29.7,11,1,0,0.0,0,2,0,0,0,18,514,514,31,453,11,19,0,0,269,227,0,13,17,1,0,14,0,0,0,
Tahjae Mullix,164950,DI,OREGON ST,5,1,0,,0,0,265,0,0,60.0,69.5,78.5,58.5,75.9,76.3,0,3,0,0,,0.0,0,0,0,0.0,0,0,0,0,1,1,88,87,6,81,0,0,0,1,53,34,0,4,5,2,0,3,0,0,0,
Chris Domercant,165058,WR,UCF,1,0,0,,1,0,323,0,0,,60.0,60.0,,60.0,,0,0,0,0,,,0,0,2,0.0,0,0,0,0,0,0,1,0,0,0,0,0,0,1,0,1,0,0,0,0,0,0,0,0,0,
Marje Mulumba,165095,LB,DELAWARE,11,10,0,77.8,0,1,151,0,0,71.0,70.7,38.7,57.5,70.3,60.5,1,8,0,0,93.0,12.5,6,1,1,155.8,7,1,0,339,0,143,383,39,0,4,35,0,0,344,54,186,5,21,32,7,9,10,1,130,96,18.6
Octavius Henderson,165144,CB,SM HOUSTON,8,1,0,66.7,0,0,281,0,0,66.1,56.8,79.3,,29.3,26.7,0,0,0,0,8.0,45.5,5,0,0,73.6,4,0,0,15,123,63,141,2,0,0,2,0,0,139,0,78,1,2,5,1,6,0,0,23,5,5.8
Boogie Trotter,165156,CB,MARSHALL,12,18,0,61.4,0,1,214,1,0,85.9,87.0,52.9,69.4,91.1,68.8,3,1,2,5,66.0,12.6,11,4,1,64.9,27,1,0,192,345,387,715,19,1,1,17,0,14,696,10,318,145,21,58,2,44,5,2,381,223,14.1
Caldra Williford,165205,CB,BAYLOR,11,2,0,69.6,1,0,118,0,0,71.5,68.1,0.0,53.5,61.6,67.7,0,0,0,0,48.0,15.4,4,3,5,98.5,16,0,0,9,324,167,339,0,0,0,0,0,0,339,2,170,6,6,20,1,23,0,0,212,94,13.3
T.J. Magee,165223,CB,UMASS,3,1,0,60.0,0,0,216,0,0,63.9,65.0,80.9,65.0,65.2,66.5,0,0,0,0,45.0,18.2,2,2,0,123.8,6,0,0,12,116,96,158,1,0,0,1,0,1,157,3,59,28,2,8,0,10,0,1,92,28,15.3
Chase Brown,165238,ED,AKRON,1,0,0,,0,0,102,0,0,60.0,61.4,74.2,57.3,62.0,,0,0,0,0,,,0,0,0,0.0,0,0,0,0,0,1,15,15,0,2,10,3,0,0,4,10,0,0,0,0,0,0,0,0,0,
Gideon ESPN Lampron,165250,LB,BOWL GREEN,12,23,0,87.0,0,2,122,0,0,69.7,86.6,86.3,81.8,85.0,77.0,7,9,0,0,18.0,11.3,15,0,0,97.6,20,3,0,702,3,321,753,24,0,0,24,0,0,729,72,360,24,65,95,17,23,19,0,171,119,8.6
Colin Chase,165302,WR,TEMPLE,1,0,0,,0,0,306,0,0,,60.0,60.0,,60.0,73.3,0,0,0,0,,0.0,0,0,1,0.0,0,0,0,0,0,0,1,0,0,0,0,0,0,1,0,1,0,0,1,0,0,0,0,0,0,
Ashaad Hall,165457,ED,UTEP,11,7,0,,0,0,330,0,0,61.3,62.9,85.0,55.5,66.6,62.5,3,15,0,0,,9.1,2,0,1,0.0,0,4,0,2,0,5,433,430,0,65,186,179,0,3,220,208,1,16,13,1,0,22,0,0,0,
C'Quan Jnopierre,165468,WR,FIU,1,0,0,,0,0,166,0,0,,60.0,60.0,,60.0,,0,0,0,0,,,0,0,0,0.0,0,0,0,0,0,0,1,0,0,0,0,0,0,1,0,1,0,0,0,0,0,0,0,0,0,
Caleb Walker,165560,CB,UTEP,2,0,0,,0,0,330,0,0,63.7,69.0,68.8,63.0,60.0,76.2,1,0,0,0,,0.0,0,0,0,0.0,0,0,0,2,0,3,8,0,0,0,0,0,5,8,1,4,0,0,1,0,0,1,0,0,0,
David Oke,165696,DI,ARKANSAS,3,2,0,,0,0,111,0,0,62.7,69.6,0.0,53.7,76.7,74.6,0,0,0,0,,0.0,0,0,1,0.0,0,0,0,0,0,0,62,62,17,32,0,13,0,0,30,32,0,2,2,0,0,0,0,0,0,
Mackavelli Malotumau,165722,DI,W KENTUCKY,12,9,0,,0,0,346,0,0,53.9,62.4,50.3,60.9,66.9,42.9,5,21,0,0,,20.0,5,0,2,0.0,0,1,0,1,0,5,524,522,51,407,13,51,0,2,326,193,0,12,11,3,0,27,0,0,0,
Jayden Madkins,165766,ED,LA TECH,12,7,1,,0,0,208,0,0,63.8,61.5,84.5,49.5,70.5,77.3,1,6,0,0,,4.2,1,0,0,0.0,0,0,0,2,0,0,458,456,9,89,201,157,0,2,277,181,0,12,16,2,0,7,0,0,0,
Blaise Tita,165778,LB,RICE,6,2,0,66.7,0,0,275,0,0,59.0,55.1,79.5,48.1,54.3,82.1,0,2,0,0,11.0,0.0,0,0,0,88.2,2,0,0,46,1,57,101,7,0,0,7,0,1,94,13,31,46,3,4,0,3,2,0,22,25,11.0
Darion White,165781,LB,UTSA,9,2,0,100.0,0,0,331,0,0,59.5,66.3,74.4,47.1,76.9,43.9,0,2,0,0,17.0,28.6,2,0,0,118.8,1,0,0,53,0,25,54,0,0,0,0,0,0,54,4,25,1,2,3,1,1,2,0,17,4,17.0
Anisi Purcell,165819,DI,BYU,8,1,0,,0,0,128,0,0,60.0,66.8,80.7,69.0,61.2,28.0,1,2,0,0,,30.8,4,0,0,0.0,0,2,0,0,0,0,141,141,40,90,1,10,0,0,77,64,0,6,8,1,0,5,0,0,0,
Jeremiah Lomax,166042,S,UCONN,2,0,0,,0,0,146,0,0,65.7,69.0,74.1,,68.1,77.1,0,0,0,0,,0.0,0,0,0,0.0,0,0,0,8,0,12,26,0,0,0,0,0,16,26,0,14,2,1,2,0,0,0,0,0,0,
Jamichael Rogers,166103,ED,UAB,7,3,0,,0,0,321,0,0,61.0,56.6,28.7,57.2,59.0,59.9,3,5,0,0,,20.0,3,0,1,0.0,0,1,0,0,0,1,155,155,0,2,150,3,0,0,85,69,0,5,9,1,0,9,0,0,0,
Tre Averhart,166392,WR,LA TECH,1,0,0,,0,0,208,0,0,,60.0,60.0,,60.0,,0,0,0,0,,,0,0,0,0.0,0,0,0,0,0,0,1,0,0,0,0,0,0,1,0,1,0,0,0,0,0,0,0,0,0,
Marcell Blocker,166661,CB,UTEP,9,3,0,50.0,1,0,330,0,0,64.2,62.6,13.4,57.4,59.1,42.6,0,0,0,0,25.0,26.9,7,4,3,71.5,10,0,0,13,272,173,300,5,0,0,5,0,4,295,2,125,6,4,16,0,20,0,0,133,28,13.3
Moussa Barry,166787,WR,W KENTUCKY,1,0,0,,0,0,346,0,0,,60.0,60.0,,60.0,,0,0,0,0,,,0,0,0,0.0,0,0,0,0,0,0,1,0,0,0,0,0,0,1,0,1,0,0,0,0,0,0,0,0,0,
Antonio Jones,167083,WR,TEMPLE,1,0,0,,0,0,306,0,0,,60.0,60.0,,60.0,,0,0,0,0,,,0,0,0,0.0,0,0,0,0,0,0,1,0,0,0,0,0,0,1,0,1,0,0,0,0,0,0,0,0,0,
Malik Charles,167377,ED,OKLA STATE,11,5,0,,0,0,262,0,0,71.4,67.5,84.5,64.2,64.6,61.1,3,5,0,0,,14.8,4,0,0,0.0,0,3,0,0,0,2,279,279,0,14,189,76,0,0,144,133,0,13,18,0,0,11,0,0,0,
Wydett Williams Jr.,167564,S,OLE MISS,13,17,0,51.2,0,0,226,1,0,70.2,70.0,87.7,59.2,66.8,70.2,0,0,0,3,47.0,14.1,10,8,2,53.8,21,0,0,154,0,379,649,6,0,0,6,0,415,643,2,268,74,11,44,0,41,0,2,229,128,10.9
Juan Salas,168120,S,E MICHIGAN,12,5,0,63.6,0,0,160,0,0,59.9,55.7,83.7,,47.6,39.7,0,0,0,1,75.0,26.3,10,0,0,91.9,7,0,0,89,1,154,322,0,0,0,0,0,203,322,0,168,29,7,23,0,11,0,1,117,90,16.7
Demetrie Morgan,168355,ED,N TEXAS,6,0,0,,0,0,251,0,0,60.0,47.8,78.0,61.6,38.7,,1,1,0,0,,,0,0,0,0.0,0,0,0,0,0,1,33,33,0,0,30,3,0,0,17,15,0,0,0,0,0,2,0,0,0,
Blake Cotton,168412,CB,UTAH,12,2,0,46.6,1,0,328,0,0,70.9,65.6,45.6,53.1,39.6,47.8,0,0,0,0,54.0,20.6,7,5,3,70.8,27,0,0,18,544,332,622,1,0,0,1,0,0,621,4,286,59,5,25,2,58,0,1,336,133,12.4
D'Yoni Hill,168425,CB,WISCONSIN,9,8,0,70.0,0,0,349,0,0,59.7,63.3,83.2,46.8,81.1,81.1,0,2,0,0,48.0,7.7,4,0,1,97.1,21,0,0,42,328,216,386,8,0,0,8,0,0,378,8,162,8,13,40,3,30,2,0,264,49,12.6
Malachi Bailey,168449,ED,ARIZONA,12,6,1,,0,0,109,0,0,74.5,65.5,57.6,63.4,62.4,67.5,2,11,0,0,,14.3,3,0,1,0.0,0,1,0,9,0,7,289,280,1,8,251,20,0,9,126,156,0,6,12,3,0,14,0,0,0,
Jonathan Jean,168457,CB,E CAROLINA,12,6,0,73.1,0,0,156,0,0,60.9,70.0,85.4,72.1,89.0,66.9,2,5,0,0,33.0,14.3,5,0,1,102.1,19,2,0,76,0,213,371,23,0,0,23,0,8,348,27,131,264,15,24,1,26,9,1,164,108,8.6
Donte Thompson,168458,S,UTEP,11,8,0,58.1,2,0,330,0,0,37.5,43.4,43.7,54.1,57.7,52.3,3,2,0,0,19.0,18.4,7,3,5,84.6,18,0,0,127,4,244,474,38,0,0,38,0,90,436,32,198,213,5,23,1,31,5,1,174,76,9.7
Trent Henry,168495,CB,TROY,3,0,0,100.0,0,0,318,0,0,40.3,37.4,75.9,,40.1,26.6,0,0,0,0,26.0,50.0,2,0,0,158.3,2,0,0,6,49,27,55,0,0,0,0,0,0,55,0,28,0,0,2,0,2,0,1,37,3,18.5
Mory Bamba,168565,CB,BYU,12,3,0,60.0,0,0,128,0,0,70.4,69.5,21.9,57.2,66.9,66.1,0,0,0,0,32.0,12.9,4,3,2,85.7,21,0,0,15,315,221,355,3,0,0,3,0,1,352,2,132,21,12,24,2,35,0,1,202,58,9.6
Jack McManus,168602,LB,MIAMI FL,1,0,0,,0,0,220,0,0,,61.4,64.4,,60.0,,0,0,0,0,,,0,0,0,0.0,0,0,0,2,0,0,2,0,0,0,0,0,0,2,0,2,0,0,0,0,0,0,0,0,0,
Nikhil Webb-Walker,169047,ED,COLORADO,3,0,0,,0,0,143,0,0,,66.0,72.0,59.3,65.4,,0,0,0,0,,,0,0,0,0.0,0,0,0,0,0,0,10,10,0,0,9,1,0,0,2,8,0,0,0,0,0,0,0,0,0,
William Alexander,169139,LB,TULSA,12,25,0,83.3,1,0,320,0,0,55.1,69.7,87.3,51.0,78.6,59.7,0,3,0,0,43.0,15.7,13,0,1,137.5,15,0,0,409,1,198,528,28,0,0,28,0,1,500,16,314,89,29,45,2,18,3,2,146,90,9.7
Keaton Thomas,169147,LB,BAYLOR,12,21,0,75.0,0,0,118,1,1,67.4,69.3,84.3,58.1,70.0,79.9,1,9,0,1,47.0,9.8,11,3,0,108.1,27,1,0,662,4,340,793,23,0,0,23,0,0,770,45,408,104,39,80,5,36,11,2,316,205,11.7
Max Harris,169223,LB,ARIZONA,11,18,0,68.2,0,1,109,0,0,66.8,72.3,52.5,58.8,77.7,67.2,6,3,0,0,28.0,14.3,13,1,1,78.0,15,0,0,421,0,208,551,62,0,0,62,0,0,489,75,268,68,32,60,5,22,9,0,101,81,6.7
Mason Andrade,169565,TE,WAKE,1,0,0,,0,0,339,0,0,,60.0,60.0,,60.0,,0,0,0,0,,,0,0,0,0.0,0,0,0,0,0,0,1,0,0,0,0,0,0,1,0,1,0,0,0,0,0,0,0,0,0,
Luke Myers,169598,LB,MIAMI OH,1,0,0,,0,0,221,0,0,60.0,44.2,71.0,,42.7,20.0,0,0,0,0,,100.0,1,0,0,0.0,0,0,0,4,0,1,8,2,0,0,2,0,0,6,0,7,2,0,0,0,0,0,0,0,0,
Ken Talley,169695,ED,ARKANSAS,3,1,0,,0,0,111,0,0,,72.8,76.2,60.2,74.3,76.4,0,0,0,0,,0.0,0,0,0,0.0,0,0,0,0,0,0,21,21,0,0,21,0,0,0,9,12,0,2,2,0,0,0,0,0,0,
Malik Benson,169698,WR,OREGON,1,0,0,,0,0,264,0,0,,60.0,60.0,,60.0,,0,0,0,0,,,0,0,1,0.0,0,0,0,0,0,0,1,0,0,0,0,0,0,1,0,1,0,0,0,0,0,0,0,0,0,
Kiemar Brown-Richardson,169918,DI,FAU,9,0,0,,0,0,165,0,0,,59.1,77.1,56.4,60.3,37.0,0,0,0,0,,20.0,1,0,0,0.0,0,0,0,0,0,0,72,72,0,43,2,27,0,0,32,40,0,1,4,0,0,0,0,0,0,
Antonio Smith,169925,S,MO STATE,7,1,0,75.0,0,0,230,0,0,66.1,67.0,80.3,60.0,67.3,88.5,0,0,0,0,41.0,0.0,0,0,0,156.3,3,0,0,40,0,96,144,0,0,0,0,0,83,144,1,47,20,4,13,0,4,0,1,50,14,16.7
Chris Tooley III,169928,CB,FAU,12,7,0,65.2,0,0,165,1,0,48.2,51.2,40.7,48.1,61.9,70.4,1,2,0,0,42.0,10.0,3,2,3,119.8,15,0,0,103,40,204,423,37,0,0,37,0,10,386,13,206,233,7,20,0,23,3,1,270,110,18.0
Jarra Anderson,169932,DI,ARIZONA,1,1,0,,0,0,109,0,0,,51.6,68.9,59.0,56.1,70.2,0,0,0,0,,0.0,0,0,0,0.0,0,0,0,0,0,0,4,4,0,3,1,0,0,0,2,2,0,0,0,0,0,0,0,0,0,
DeAgo Brumfield,169935,CB,MISS STATE,12,2,0,65.0,0,0,227,0,0,61.4,58.2,43.5,58.6,46.2,46.3,1,0,0,1,64.0,18.9,7,3,2,125.0,26,0,0,55,476,302,578,4,0,0,4,0,4,574,6,270,39,4,28,1,40,1,8,380,126,14.6
CJ Johnson,169947,LB,SM HOUSTON,12,19,0,84.2,0,0,281,1,0,56.5,57.6,81.5,54.2,59.4,30.0,0,1,0,0,38.0,27.9,19,1,0,135.5,16,1,0,320,0,189,433,47,0,0,47,0,0,386,44,200,66,16,30,0,19,2,2,154,130,9.6
Isaiah Thomison,169956,ED,BOWL GREEN,10,3,0,,0,0,122,2,0,,76.2,29.4,75.3,73.8,79.8,0,6,0,0,,0.0,0,0,1,0.0,0,0,0,0,0,0,132,132,0,10,105,17,0,0,67,65,0,7,7,3,0,6,0,0,0,
Traveon Wright,169958,CB,PURDUE,2,1,0,60.0,0,0,273,0,0,61.7,52.9,77.6,,29.3,23.7,0,0,0,0,49.0,33.3,3,2,0,104.2,3,0,0,13,77,41,92,0,0,0,0,0,2,92,0,51,0,1,5,0,5,0,0,76,36,25.3
Alexander Kilgore,169965,LB,SMU,10,16,0,76.9,0,0,287,0,0,60.1,67.8,38.8,58.6,77.3,66.9,0,6,1,1,23.0,11.8,8,1,1,95.2,30,1,0,371,4,209,411,15,0,0,15,0,2,396,31,171,19,18,44,3,39,7,2,212,126,7.1
Kevin Adams III,169970,S,TULANE,13,15,0,61.9,0,0,319,0,0,61.4,68.2,86.1,60.0,79.3,74.0,0,0,0,2,47.0,11.9,7,3,1,66.1,13,0,0,180,2,287,505,2,0,0,2,0,263,503,1,217,58,13,37,1,21,0,1,182,63,14.0
Dickson Agu,169971,LB,TULANE,5,11,0,64.3,0,0,319,1,0,46.1,35.0,81.7,51.1,30.0,46.1,0,1,0,0,14.0,18.9,7,0,0,78.9,9,0,0,189,0,98,212,14,0,0,14,0,1,198,17,97,7,7,19,1,14,1,0,78,50,8.7
Jean Claude Joseph III,169974,LB,TULANE,7,2,0,100.0,0,0,319,0,0,36.3,37.9,77.7,54.4,48.3,83.5,0,0,0,0,20.0,0.0,0,0,0,118.8,3,0,0,51,0,15,57,4,0,0,4,0,0,53,6,36,2,2,7,0,3,0,0,46,45,15.3
Jai Eugene Jr.,169976,S,W KENTUCKY,11,2,0,63.2,0,0,346,0,0,61.8,61.8,83.9,67.9,57.4,50.2,0,0,0,0,44.0,26.7,4,2,0,104.3,12,1,0,90,2,177,269,3,0,0,3,0,36,266,5,87,137,5,9,1,19,1,1,146,68,12.2
Matthew Fobbs-White,169977,ED,BAYLOR,12,9,0,100.0,0,0,118,0,0,59.0,68.3,43.6,72.2,65.0,55.8,3,29,0,0,5.0,22.6,7,0,2,83.3,2,1,0,1,0,29,387,386,0,8,364,14,0,1,197,161,0,14,15,1,2,33,0,8,4,4.0
Jah'rie Garner,169979,ED,TULANE,13,5,0,100.0,0,0,319,1,0,75.0,68.9,87.8,65.0,61.1,72.5,1,4,0,0,16.0,5.9,1,0,0,95.8,4,0,0,1,1,39,252,244,0,0,242,2,1,8,110,103,5,5,11,1,4,5,0,28,30,7.0
Joker Johnson,169982,CB,TULANE,13,12,0,64.1,1,1,319,0,0,75.1,76.6,53.7,63.2,81.8,48.6,0,2,0,3,65.0,21.4,12,8,3,87.7,41,0,0,79,654,428,770,14,0,0,14,0,6,756,15,327,16,14,32,1,64,2,4,475,195,11.6
Joshua Moore,169985,S,TULANE,13,4,0,81.8,0,1,319,0,0,69.6,65.8,83.6,,54.8,63.5,0,0,0,0,25.0,16.0,4,0,0,96.6,9,0,0,62,2,137,227,9,0,0,9,0,121,218,0,90,33,3,17,0,11,0,0,79,19,8.8
Makai Williams,169992,LB,TULANE,13,11,0,94.4,0,0,319,0,0,51.6,61.5,82.7,56.9,71.9,68.1,3,4,0,0,22.0,11.6,5,0,0,144.9,17,1,0,313,1,160,367,17,0,0,17,0,4,350,46,161,32,16,27,3,18,8,2,178,141,10.5
Jarvis Lee,169997,CB,USF,12,4,0,80.8,0,2,327,0,0,63.2,67.2,21.6,82.8,68.7,48.0,4,5,0,2,57.0,24.1,14,2,3,89.1,42,3,0,68,10,335,577,61,0,0,61,0,3,516,47,195,435,24,40,8,52,12,0,480,194,11.4
Jamal Anderson,170000,LB,CLEMSON,4,2,0,100.0,0,0,140,0,0,58.1,61.0,73.3,56.4,65.8,82.1,0,0,0,0,44.0,0.0,0,0,0,158.3,3,0,0,28,1,19,51,3,0,0,3,0,0,48,2,30,19,1,3,1,3,0,1,48,25,16.0
Khalil Barnes,170001,S,CLEMSON,10,7,0,69.7,0,0,140,0,0,68.6,64.9,86.1,67.8,50.2,63.6,1,2,0,0,43.0,16.3,8,1,0,122.8,23,0,0,136,2,345,522,8,0,0,8,0,291,514,10,167,85,13,34,1,33,3,3,256,96,11.1
Rob Billings IV,170002,S,CLEMSON,3,0,0,,0,0,140,0,0,68.0,68.5,74.1,,63.6,80.9,0,0,0,0,,0.0,0,0,0,0.0,0,0,0,5,0,19,29,0,0,0,0,0,23,29,0,10,1,1,3,0,0,0,0,0,0,
Vic Burley,170004,DI,CLEMSON,12,1,1,,0,0,140,0,0,61.0,63.9,79.8,64.7,58.0,75.8,0,4,0,0,,0.0,0,0,0,0.0,0,0,0,0,0,0,137,137,12,108,1,16,0,0,69,68,0,2,4,1,0,4,0,0,0,
Dee Crayton,170005,LB,CLEMSON,7,2,0,75.0,0,0,140,0,0,65.6,65.7,76.5,58.7,64.1,82.1,0,1,0,0,19.0,0.0,0,0,0,97.9,3,0,0,72,2,41,79,2,0,0,2,0,0,77,12,26,3,1,4,0,4,1,0,32,6,10.7
Markus Dixon,170006,ED,CLEMSON,2,0,0,,0,0,140,0,0,,58.2,73.1,57.9,59.4,,0,0,0,0,,,0,0,0,0.0,0,0,0,0,0,0,8,8,0,0,8,0,0,0,3,5,0,0,0,0,0,0,0,0,0,
Stephiylan Green,170008,DI,CLEMSON,10,7,0,,0,0,140,0,0,62.2,71.5,55.2,61.6,76.9,65.5,1,7,0,0,,11.8,2,0,1,0.0,0,2,0,1,0,0,291,289,42,218,2,27,0,2,177,114,0,8,8,1,0,10,0,0,0,
Ronan Hanafin,170009,S,CLEMSON,12,8,0,64.7,0,2,140,0,0,53.0,60.4,36.3,58.1,80.9,77.6,1,0,0,1,77.0,10.9,7,1,3,93.0,11,0,0,106,7,284,447,17,0,0,17,0,214,430,10,153,102,14,49,0,17,1,1,171,84,15.5
A.J. Hoffler,170011,ED,GA TECH,10,2,0,0.0,0,0,176,0,0,59.2,52.0,87.0,51.2,52.4,26.5,1,12,0,0,,39.1,9,0,0,39.6,0,1,0,2,0,10,405,402,0,25,343,34,0,3,208,187,1,8,12,2,1,14,0,0,0,
Misun Kelley,170014,CB,CLEMSON,11,5,0,84.6,0,0,140,0,0,50.7,49.9,87.0,56.9,45.6,80.4,1,2,0,0,27.0,5.0,1,1,0,119.6,22,0,0,25,4,166,267,12,0,0,12,0,5,255,11,90,221,1,14,0,26,3,1,250,163,11.4
Shelton Lewis,170015,CB,CLEMSON,3,1,1,85.7,0,0,140,0,0,53.9,59.9,79.9,75.4,64.4,72.5,1,0,0,0,59.0,11.1,1,0,0,118.8,6,0,0,4,0,25,49,7,0,0,7,0,3,42,6,18,35,4,7,0,7,1,0,93,60,15.5
T.J. Parker,170021,ED,CLEMSON,12,11,0,20.0,0,0,140,3,0,79.3,80.6,73.8,74.5,77.5,66.2,11,24,0,0,11.0,11.1,4,1,1,39.6,1,6,0,0,0,33,549,548,0,21,508,19,0,1,325,191,0,22,21,5,5,41,0,11,2,11.0
Branden Strozier,170028,CB,CLEMSON,11,1,0,57.1,0,0,140,0,0,69.8,66.1,6.4,60.0,45.4,28.9,0,0,0,0,53.0,33.3,6,5,2,98.5,12,0,0,15,237,193,261,1,0,0,1,0,2,260,1,67,6,5,11,0,21,0,1,166,44,13.8
Patrick Swygert,170030,DI,CLEMSON,1,0,0,,0,0,140,0,0,,60.0,64.4,,60.0,,0,0,0,0,,,0,0,0,0.0,0,0,0,0,0,0,1,1,0,1,0,0,0,0,0,1,0,0,0,0,0,0,0,0,0,
Avieon Terrell,170031,CB,CLEMSON,12,11,0,56.9,0,5,140,1,0,76.9,83.5,85.8,94.1,85.2,77.6,1,2,0,0,48.0,10.4,5,5,2,96.9,29,3,0,67,463,392,653,10,0,0,10,0,2,643,13,248,110,17,32,0,51,6,3,340,177,11.7
Peter Woods,170034,DI,CLEMSON,12,6,1,,0,0,140,0,0,61.2,72.3,85.2,65.4,73.9,55.4,2,9,0,0,,18.2,6,0,0,0.0,0,3,0,15,0,2,562,546,51,429,16,50,0,16,363,197,0,21,21,1,0,14,0,0,0,
Desmond Aladuge,170036,DI,DUKE,5,0,0,,0,0,154,0,0,,60.2,73.3,63.4,57.0,,0,0,0,0,,,0,0,0,0.0,0,0,0,0,0,0,17,17,0,17,0,0,0,0,8,9,0,0,0,0,0,0,0,0,0,
David Anderson,170037,DI,DUKE,12,3,0,,0,0,154,1,0,,65.9,80.7,53.2,73.1,78.2,1,2,0,0,,0.0,0,0,0,0.0,0,0,0,0,0,0,191,191,0,184,0,7,0,0,104,87,0,4,7,1,0,3,0,0,0,
Que'Sean Brown,170041,WR,DUKE,1,0,0,,0,0,154,0,0,,60.1,60.0,,60.0,,0,0,0,0,,,0,0,1,0.0,0,0,0,0,0,0,1,0,0,0,0,0,0,1,0,1,0,0,0,0,0,0,0,0,0,
Leon Griffin III,170047,S,DUKE,3,1,0,0.0,0,0,154,0,0,65.6,65.6,73.2,,60.7,76.4,0,0,0,0,,0.0,0,0,0,39.6,0,0,0,2,0,10,18,0,0,0,0,0,12,18,0,8,4,0,0,0,1,0,0,0,0,
Kendall Johnson,170050,LB,DUKE,8,4,0,77.8,1,0,154,0,0,28.6,51.8,24.4,62.5,81.9,42.9,5,4,0,0,21.0,23.7,9,1,1,100.7,14,1,0,249,5,127,287,17,0,0,17,0,1,270,32,128,15,16,25,3,18,10,0,147,118,10.5
Moussa Kane,170053,CB,DUKE,8,3,0,60.0,0,0,154,1,0,65.6,65.1,80.7,56.8,62.4,72.2,0,2,0,2,40.0,14.3,2,0,0,46.7,9,1,0,14,52,71,106,8,0,0,8,0,1,98,6,29,31,5,9,1,15,3,0,123,63,13.7
Luke Mergott,170056,LB,DUKE,12,17,1,79.3,0,0,154,2,0,60.9,65.0,87.2,51.6,70.0,72.3,2,12,0,0,27.0,10.3,8,2,0,118.2,23,1,0,598,1,289,637,16,0,0,16,0,2,621,76,272,19,32,53,6,29,15,1,279,168,12.1
Kevin O'Connor,170057,ED,DUKE,10,3,0,,0,0,154,0,0,59.8,70.5,27.3,72.6,68.7,62.2,2,6,0,0,,16.7,1,0,1,0.0,0,0,0,0,0,7,118,118,11,3,97,7,0,0,64,47,0,2,2,0,0,8,0,0,0,
Kimari Robinson,170058,CB,DUKE,10,7,0,51.6,0,0,154,1,0,60.4,60.3,84.0,49.8,60.2,63.6,0,0,0,0,33.0,11.6,5,2,4,88.4,16,0,0,48,400,274,477,1,0,0,1,0,6,476,4,199,21,6,31,2,31,0,1,242,56,15.1
Terry Simmons Jr.,170059,DI,DUKE,9,0,0,,0,0,154,0,0,,61.5,75.9,54.6,65.6,,0,1,0,0,,,0,0,0,0.0,0,0,0,0,0,0,48,48,2,46,0,0,0,0,25,23,0,0,0,0,0,1,0,0,0,
DaShawn Stone,170060,S,DUKE,12,15,1,64.3,0,1,154,0,0,38.0,48.1,51.4,82.5,65.5,71.1,0,4,0,2,64.0,13.1,11,0,1,98.0,27,0,0,173,5,377,667,23,0,0,23,0,315,644,8,282,150,18,58,1,42,4,2,467,179,17.3
Semaj Turner,170061,ED,DUKE,11,0,0,100.0,0,0,154,0,0,56.1,51.4,14.5,54.5,58.7,56.4,0,1,0,0,11.0,20.0,1,0,1,112.5,1,0,0,0,0,4,83,82,0,0,79,3,0,1,35,44,0,2,4,0,1,1,0,11,5,11.0
Jacob Cruz,170065,ED,JVILLE ST,11,3,0,75.0,0,0,196,0,0,59.7,58.0,87.3,50.1,62.3,39.0,1,4,0,1,26.0,29.4,5,0,0,53.1,6,0,0,15,0,61,236,172,0,0,170,2,0,64,77,98,48,5,9,0,8,5,0,54,30,9.0
Ashton Heflin,170070,LB,TEXAS ST,1,0,0,100.0,0,0,314,0,0,52.3,45.8,64.6,,60.0,21.8,0,0,0,0,34.0,100.0,1,0,0,118.8,1,0,0,1,0,1,2,0,0,0,0,0,0,2,0,1,1,0,0,0,1,0,0,34,18,34.0
Shymeik Jones,170071,DI,GA TECH,9,3,0,,0,0,176,0,0,60.0,52.4,80.1,52.5,53.0,74.8,0,1,0,0,,0.0,0,0,0,0.0,0,0,0,0,0,0,115,114,6,98,2,8,0,1,62,53,0,0,1,0,0,1,0,0,0,
Ezra Odinjor,170074,ED,UAB,12,4,0,100.0,2,0,321,0,0,45.5,62.3,53.2,62.6,64.2,47.5,2,13,0,0,13.0,22.2,6,0,3,110.4,2,0,0,1,0,10,492,491,0,7,457,27,0,1,187,295,0,7,17,0,2,15,0,21,9,10.5
Collins Acheampong,170080,ED,BOWL GREEN,11,3,1,,0,0,122,0,0,61.1,51.1,80.5,61.1,41.8,27.9,1,6,0,0,,28.6,2,0,0,0.0,0,0,0,2,0,2,122,120,0,30,64,26,0,2,65,55,0,2,2,1,0,7,0,0,0,
Rueben Bain Jr.,170082,ED,MIAMI FL,13,10,1,50.0,1,2,220,0,0,76.8,92.5,37.6,91.8,87.5,65.3,3,54,0,1,7.0,18.8,9,0,4,18.8,1,10,0,0,0,4,707,705,4,10,606,85,0,2,440,263,0,31,29,6,2,67,0,7,2,7.0
Malik Bryant,170083,ED,MIAMI FL,2,1,0,,0,0,220,0,0,60.9,65.6,78.2,62.5,62.8,77.0,0,0,0,0,,0.0,0,0,0,0.0,0,0,0,4,0,1,25,21,0,0,21,0,0,4,16,8,0,1,2,0,0,0,0,0,0,
Kaleb Spencer,170093,LB,VA TECH,12,18,0,78.3,0,0,337,0,0,40.1,58.4,34.0,63.1,76.2,53.3,0,5,0,0,62.0,18.8,15,1,1,117.8,18,1,0,303,0,179,373,16,0,0,16,0,3,357,31,163,51,28,47,9,23,6,0,282,219,15.7
Jayden Wayne,170098,ED,CAL,12,4,1,100.0,0,0,130,0,0,56.0,57.5,72.4,60.8,54.0,27.2,4,11,0,0,8.0,35.3,12,0,1,95.8,2,4,0,28,0,13,557,525,1,17,397,110,0,32,308,236,3,14,18,2,2,19,0,14,13,7.0
Riley Williams,170100,TE,OREGON ST,1,0,0,,0,0,265,0,0,,60.0,60.0,,60.0,,0,0,0,0,,,0,0,1,0.0,0,0,0,0,0,0,1,0,0,0,0,0,0,1,0,1,0,0,0,0,0,0,0,0,0,
Amare Campbell,170102,LB,PENN STATE,12,28,0,87.2,0,1,266,1,1,52.0,70.0,85.1,66.1,82.0,62.9,2,8,0,0,25.0,15.4,19,0,0,103.3,34,5,0,564,2,315,703,21,0,0,21,0,0,682,45,343,115,46,76,8,39,15,1,263,211,7.7
Michael Short,170110,LB,VA TECH,4,3,0,75.0,0,0,337,0,0,41.4,58.0,77.8,62.1,71.4,51.2,1,2,0,0,23.0,20.0,5,1,0,108.9,6,1,0,109,0,45,114,4,0,0,4,0,0,110,6,63,1,10,17,2,8,4,0,85,48,14.2
Tyler Thompson,170111,ED,N CAROLINA,12,4,1,100.0,0,2,245,0,0,42.0,81.5,87.9,80.8,82.9,69.9,2,11,0,0,23.0,13.6,3,0,0,118.8,2,7,0,3,0,23,291,287,0,1,285,1,0,4,158,110,1,16,15,1,2,20,0,42,29,21.0
Thomas Aden,170112,DI,KENT STATE,12,8,0,,0,0,201,0,0,59.4,67.7,60.7,60.8,72.2,72.2,3,6,0,0,,5.6,1,0,1,0.0,0,2,0,0,0,1,392,392,17,310,1,64,0,0,217,174,0,8,9,2,0,11,0,0,0,
Abe Ibrahim,170117,LB,PITTSBURGH,7,3,1,100.0,0,0,268,0,0,61.8,82.3,77.6,72.3,89.3,76.4,0,1,0,0,5.0,8.3,1,0,0,87.5,1,0,0,58,0,24,71,6,0,0,6,0,0,65,17,30,7,4,8,2,1,1,0,5,4,5.0
Braylan Lovelace,170119,LB,PITTSBURGH,12,23,1,76.0,1,0,268,0,0,65.3,73.1,7.8,57.1,80.8,52.5,6,13,1,2,26.0,18.0,18,2,4,67.1,19,0,0,779,0,309,790,6,0,0,6,0,1,784,150,331,4,40,59,5,25,19,0,210,112,11.1
Isaiah Neal,170121,ED,PITTSBURGH,12,11,2,75.0,0,0,268,0,0,72.4,63.2,35.1,61.6,63.2,60.2,8,9,0,0,3.0,14.3,5,0,3,77.1,3,4,0,15,0,16,501,486,29,73,376,8,0,15,286,199,0,19,19,4,4,21,0,2,12,0.7
Gabe Sneed,170138,ED,VIRGINIA,1,0,0,,0,0,335,0,0,,64.2,70.3,63.6,,,0,0,0,0,,,0,0,0,0.0,0,0,0,0,0,0,5,5,0,0,4,1,0,0,5,0,0,0,0,0,0,0,0,0,0,
Maddux Borcherding-Johnson,170144,DI,IOWA,2,1,0,,0,0,192,0,0,,66.7,72.4,59.9,66.0,74.2,0,0,0,0,,0.0,0,0,0,0.0,0,0,0,0,0,0,16,16,1,15,0,0,0,0,2,14,0,2,3,1,0,0,0,0,0,
Nolan DeLong,170148,LB,IOWA,3,0,0,,0,0,192,0,0,60.3,72.8,67.8,,70.7,76.0,0,0,0,0,,0.0,0,0,0,0.0,0,0,0,8,0,2,8,0,0,0,0,0,0,8,0,6,0,1,2,0,0,0,0,0,0,
Zach Lutmer,170162,CB,IOWA,12,16,0,58.3,0,0,192,1,0,85.7,84.0,90.4,66.4,77.9,64.4,0,4,1,3,40.0,16.7,14,6,1,56.3,35,1,0,119,112,335,661,74,0,0,74,0,11,587,27,299,345,30,54,5,60,5,1,301,138,8.6
Kenneth Merrieweather,170166,ED,IOWA,12,6,0,,0,0,192,0,0,62.9,58.9,13.7,57.1,63.4,68.7,2,3,0,0,,12.5,2,0,2,0.0,0,0,0,0,0,1,199,199,0,2,145,52,0,0,91,107,0,5,8,1,0,5,0,0,0,
Alex Mota,170167,CB,IOWA,3,0,0,,0,0,192,0,0,61.9,65.0,72.3,,65.0,73.5,0,0,0,0,,0.0,0,0,0,0.0,0,0,0,1,15,3,16,0,0,0,0,0,0,16,0,13,0,0,1,0,0,0,0,0,0,
John Nestor,170169,CB,MINNESOTA,10,7,0,63.0,0,0,225,1,0,78.0,79.1,85.5,51.8,79.8,62.1,0,1,1,5,29.0,15.8,9,5,3,63.7,34,0,0,32,483,305,538,11,0,0,11,0,1,527,4,229,11,18,41,6,54,1,4,298,76,8.8
Anterio Thompson,170176,DI,WASHINGTON,12,12,3,,0,0,340,0,0,62.6,74.2,83.9,67.5,73.4,58.2,0,9,0,0,,8.6,3,0,0,0.0,0,3,0,2,0,0,356,352,19,288,5,40,0,4,218,138,0,16,20,1,0,12,0,0,0,
Neeo Avery,170182,ED,MARYLAND,7,0,0,,0,0,215,0,0,44.8,43.6,83.9,57.4,39.9,58.2,1,3,0,0,,20.0,1,0,0,0.0,0,0,0,2,0,5,107,101,0,0,101,0,0,6,46,56,4,4,4,1,0,4,0,0,0,
Dior Boyd,170186,S,E MICHIGAN,1,0,0,,0,0,160,0,0,,60.0,65.3,,60.0,,0,0,0,0,,,0,0,0,0.0,0,0,0,0,1,0,2,0,0,0,0,0,1,2,0,2,0,0,0,0,0,0,0,0,0,
Tamarcus Cooley,170189,S,LSU,12,17,0,69.0,0,0,211,0,0,54.4,57.2,18.1,50.7,69.5,61.8,1,1,0,2,45.0,16.7,12,1,5,105.5,29,0,0,196,0,404,693,6,0,0,6,0,248,687,7,282,243,8,43,2,42,2,4,342,209,11.8
Dillan Fontus,170192,DI,MARYLAND,12,7,1,,0,0,215,0,0,58.4,64.7,84.4,57.3,68.8,45.3,1,8,0,0,,17.1,6,0,0,0.0,0,3,0,0,0,4,428,428,17,253,50,108,0,0,219,205,0,18,22,3,0,12,0,0,0,
Michael Harris,170194,LB,MARYLAND,9,2,0,,0,0,215,0,0,59.8,64.8,77.4,57.4,67.8,59.4,0,0,0,0,,16.7,2,0,0,0.0,0,0,0,57,0,23,67,7,0,0,7,0,0,60,2,42,3,3,8,0,0,0,0,0,0,
Lavon Johnson,170195,DI,TEXAS,6,2,0,,0,0,311,0,0,60.0,61.9,76.5,62.0,59.4,74.6,2,0,0,0,,0.0,0,0,0,0.0,0,0,0,0,0,0,60,60,3,44,1,12,0,0,38,22,0,2,2,1,0,2,0,0,0,
Alex Moore,170199,S,MARYLAND,2,0,0,,0,0,215,0,0,60.0,50.6,61.9,,60.0,,0,0,0,0,,,0,0,0,0.0,0,0,0,1,0,1,2,0,0,0,0,0,0,2,0,1,0,0,0,0,0,0,0,0,0,
Kevis Thomas,170207,CB,KENTUCKY,6,0,0,100.0,0,0,202,0,0,40.1,40.4,75.2,60.0,49.8,27.5,0,0,0,0,64.0,100.0,1,0,1,158.3,2,0,0,15,43,26,61,0,0,0,0,0,1,61,1,34,1,0,0,0,2,0,1,75,37,37.5
Daniel Wingate,170212,LB,MARYLAND,12,32,0,75.0,0,0,215,0,0,53.2,71.6,56.3,65.8,82.2,63.2,6,5,1,1,64.0,14.5,18,2,1,108.4,33,2,0,581,4,302,660,37,0,0,37,0,2,623,51,307,36,44,74,6,44,13,2,403,289,12.2
Dwight Bootle,170218,CB,CHARLOTTE,11,5,0,60.6,0,0,136,1,0,69.1,67.5,83.8,55.3,59.7,56.9,0,0,0,0,41.0,18.2,8,3,2,103.9,20,0,0,52,349,223,434,12,0,0,12,0,1,422,3,208,19,8,31,0,33,0,2,246,54,12.3
Vincent Carroll-Jackson,170219,DI,UCONN,11,11,0,,0,1,146,0,0,60.9,58.9,85.9,57.2,57.7,61.4,1,13,0,0,,9.4,3,0,0,0.0,0,0,0,1,0,12,494,492,192,251,8,41,0,2,236,246,0,15,18,1,0,14,0,0,0,
Jeremiah Charles,170220,CB,NEBRASKA,4,0,0,50.0,0,0,238,0,0,67.5,60.5,74.7,,43.1,52.5,0,0,0,0,4.0,33.3,1,0,0,56.3,1,0,0,2,35,14,38,0,0,0,0,0,0,38,0,24,0,0,2,0,2,0,0,4,0,4.0
Korver Demma,170222,ED,C MICHIGAN,12,2,1,50.0,0,1,134,1,0,74.8,67.9,47.3,65.2,66.1,57.1,0,11,0,0,10.0,24.0,6,1,2,64.6,1,5,0,25,0,18,429,404,0,0,403,1,0,25,227,184,0,18,17,4,2,16,0,10,8,10.0
Mason Goldman,170226,ED,NEBRASKA,3,0,0,,0,0,238,0,0,,60.5,75.2,57.4,61.3,,0,0,0,0,,,0,0,0,0.0,0,0,0,0,0,0,21,21,0,0,20,1,0,0,6,15,0,0,0,0,0,0,0,0,0,
Sua Lefotu,170231,DI,NEBRASKA,3,0,0,,0,0,238,0,0,,75.6,74.8,63.5,75.5,27.6,0,0,0,0,,100.0,1,0,0,0.0,0,1,0,0,0,0,27,27,5,22,0,0,0,0,11,16,0,0,0,0,0,1,0,0,0,
Cameron Lenhardt,170232,ED,NEBRASKA,12,7,1,0.0,0,0,238,0,0,58.6,53.9,83.8,53.9,54.0,58.7,3,10,0,0,,13.6,3,0,0,39.6,0,1,0,13,0,7,326,313,9,66,142,96,0,13,163,156,0,11,12,1,1,14,0,0,0,
Maverick Noonan,170236,ED,NEBRASKA,3,0,0,,0,0,238,1,0,,71.7,73.4,57.2,73.3,71.3,0,0,0,0,,0.0,0,0,0,0.0,0,0,0,0,0,0,15,15,0,0,13,2,0,0,5,10,0,0,1,0,0,0,0,0,0,
Dylan Rogers,170237,LB,NEBRASKA,7,2,0,,0,0,238,0,0,57.2,66.2,81.2,55.2,73.8,66.4,0,2,0,0,,9.1,1,0,0,0.0,0,0,0,35,0,19,94,48,0,0,48,0,0,46,25,50,10,3,8,0,0,2,0,0,0,
Rahmir Stewart,170243,S,NEBRASKA,2,0,0,,0,0,238,0,0,60.0,51.2,63.8,,57.5,26.3,0,0,0,0,,100.0,1,0,0,0.0,0,0,0,3,0,1,3,0,0,0,0,0,0,3,0,2,0,0,0,0,0,0,0,0,0,
Princewill Umanmielen,170245,ED,OLE MISS,13,9,0,100.0,1,0,226,0,0,57.8,76.2,43.6,76.5,74.7,52.7,5,30,0,1,13.0,27.3,9,0,2,47.9,3,10,1,8,0,25,394,379,0,0,379,0,0,15,224,145,7,23,15,6,3,45,0,15,14,5.0
Riley Van Poppel,170246,DI,NEBRASKA,12,5,0,,1,1,238,0,0,60.0,55.2,31.4,62.9,53.4,80.6,2,4,0,0,,0.0,0,0,2,0.0,0,1,0,0,0,1,316,315,84,178,11,42,0,1,120,195,0,7,9,0,0,7,0,0,0,
Malik Hartford,170252,S,OHIO STATE,2,0,0,0.0,0,0,260,0,0,59.9,64.7,77.0,,70.1,45.5,0,0,0,0,,50.0,1,0,0,39.6,0,0,0,5,0,17,38,1,0,0,1,0,29,37,0,21,3,0,1,0,1,0,0,0,0,
Brandon Inniss,170255,WR,OHIO STATE,2,0,0,,0,0,260,0,0,,44.1,60.0,,46.3,21.3,0,0,0,0,,100.0,1,0,1,0.0,0,0,0,0,0,0,2,0,0,0,0,0,0,2,0,2,0,0,0,0,0,0,0,0,0,
Jermaine Mathews Jr.,170257,CB,OHIO STATE,12,2,0,55.6,1,1,260,0,0,64.4,64.3,43.9,65.5,62.2,58.5,0,3,0,2,32.0,18.2,4,3,5,54.5,20,1,0,44,348,320,575,5,0,0,5,0,24,570,15,240,152,3,16,1,36,4,1,173,60,8.7
Kayden McDonald,170258,DI,OHIO STATE,12,12,0,,0,2,260,1,0,65.9,87.1,84.4,61.2,91.8,74.8,0,8,0,0,,4.2,2,0,0,0.0,0,2,0,0,0,0,342,340,128,198,0,14,0,2,180,162,0,26,34,4,0,10,0,0,0,
Joshua Mickens,170259,ED,OHIO STATE,8,0,0,,0,0,260,0,0,60.3,74.9,78.6,69.1,73.0,73.7,0,2,0,0,,0.0,0,0,0,0.0,0,0,0,0,0,2,44,44,0,2,41,1,0,0,10,32,0,1,2,0,0,2,0,0,0,
Jason Moore,170262,DI,OHIO STATE,6,2,0,,0,0,260,0,0,61.8,69.3,75.4,65.9,64.6,75.7,0,1,0,0,,0.0,0,0,0,0.0,0,0,0,0,0,0,43,43,1,39,0,3,0,0,14,29,0,3,4,1,0,1,0,0,0,
Arvell Reese,170264,LB,OHIO STATE,12,23,1,82.6,0,0,260,0,0,55.7,76.2,90.5,72.9,87.1,85.5,3,12,0,0,26.0,5.3,3,1,0,99.6,19,8,0,239,2,205,529,261,0,0,261,0,0,268,104,220,25,30,31,5,23,23,0,182,75,9.6
Calvin Simpson-Hunt,170270,CB,BAYLOR,3,0,0,,0,0,118,0,0,58.4,53.2,75.5,51.0,48.9,76.5,0,0,0,0,,0.0,0,0,1,0.0,0,0,0,5,43,19,49,0,0,0,0,0,1,49,4,26,0,1,2,0,0,0,0,0,0,
Will Smith Jr.,170271,DI,OHIO STATE,12,7,0,,0,0,260,0,0,60.0,72.3,83.2,62.3,74.0,63.1,1,4,0,0,,6.3,1,0,0,0.0,0,0,0,0,0,0,211,210,97,110,0,3,0,1,96,115,0,8,8,0,0,5,0,0,0,
Ty Blanding,170277,DI,PENN STATE,12,0,0,,0,0,266,0,0,59.7,62.1,81.3,60.8,62.4,56.8,0,7,0,0,,14.3,1,0,0,0.0,0,0,0,0,0,1,182,181,13,162,1,5,0,1,98,83,0,5,6,1,0,7,0,0,0,
Kolin Dinkins,170280,S,PENN STATE,4,0,0,66.7,0,0,266,0,0,46.8,53.4,75.4,59.0,69.8,45.9,0,0,0,0,33.0,25.0,2,0,1,109.7,2,0,0,4,0,20,37,0,0,0,0,0,13,37,1,16,19,3,6,2,3,0,0,40,28,20.0
King Mack,170287,S,PENN STATE,12,24,0,53.8,0,0,266,0,0,82.7,78.7,86.3,69.4,66.1,79.2,2,1,0,1,39.0,10.6,7,1,1,36.4,7,1,0,144,2,246,458,4,0,0,4,0,279,454,12,200,27,10,35,0,13,4,0,67,19,9.6
Joseph Mupoyi,170289,ED,N CAROLINA,11,1,0,,0,0,245,0,0,61.2,57.2,82.9,49.1,64.2,67.8,0,4,0,0,,11.1,1,0,0,0.0,0,0,0,0,0,1,124,124,0,6,98,20,0,0,64,59,0,5,7,1,0,4,0,0,0,
Da'Kaari Nelson,170290,LB,PENN STATE,2,0,0,,0,0,266,0,0,,61.0,61.8,,60.0,,0,0,0,0,,,0,0,0,0.0,0,0,0,1,0,0,2,0,0,0,0,0,0,2,0,2,0,0,0,0,0,0,0,0,0,
Lamont Payne,170292,S,PENN STATE,1,0,0,100.0,0,0,266,0,0,43.1,43.0,67.8,,,,0,0,0,0,9.0,,0,0,0,143.8,1,0,0,3,0,5,5,0,0,0,0,0,0,5,0,0,2,0,0,0,1,0,1,9,0,9.0
Ta'Mere Robinson,170295,LB,USC,10,2,0,83.3,0,0,326,0,0,28.3,31.1,76.2,60.7,56.4,22.4,0,1,0,0,28.0,37.5,3,0,0,118.8,5,0,0,52,0,29,59,2,0,0,2,0,0,57,7,23,5,2,3,1,6,1,0,77,86,15.4
Tony Rojas,170297,LB,PENN STATE,4,2,0,83.3,0,0,266,0,0,68.3,73.5,79.4,71.4,73.2,76.4,0,3,0,0,23.0,8.3,2,0,0,116.7,10,2,0,140,1,86,176,10,0,0,10,0,0,166,7,83,25,17,20,3,12,5,1,64,47,6.4
Zion Tracy,170301,S,PENN STATE,10,4,0,67.7,2,0,266,0,0,60.3,62.3,30.2,79.5,64.6,48.9,0,2,0,0,45.0,24.3,9,1,2,126.3,21,1,0,48,0,215,383,9,0,0,9,0,72,374,7,161,253,16,24,4,31,3,4,210,117,10.0
Elliot Washington II,170303,CB,PENN STATE,12,2,0,45.0,0,0,266,0,0,63.4,64.4,81.4,,65.9,70.7,0,0,0,1,57.0,11.8,2,3,0,83.5,9,0,0,27,221,136,256,2,0,0,2,0,2,254,0,120,3,4,13,0,20,0,1,231,41,25.7
Bo Mascoe,170313,CB,RUTGERS,12,10,0,65.9,0,2,278,0,0,83.1,77.2,46.7,,53.7,76.3,0,0,0,1,59.0,10.3,6,3,4,111.6,29,0,0,30,507,320,590,33,0,0,33,0,0,557,0,270,20,15,42,2,44,0,4,357,170,12.3
Jesse Ofurie,170314,S,RUTGERS,6,1,0,100.0,0,0,278,0,0,46.6,45.6,0.0,,58.2,80.7,0,0,0,0,44.0,0.0,0,0,1,118.8,1,0,0,25,0,9,35,4,0,0,4,0,6,31,0,26,0,0,2,0,1,0,0,44,23,44.0
Abram Wright,170320,LB,RUTGERS,11,18,1,89.5,0,2,278,0,0,61.3,59.0,82.9,50.2,59.8,61.6,1,6,0,0,24.0,16.0,12,0,0,140.1,17,0,0,382,2,203,463,28,0,1,27,0,1,435,47,213,50,18,45,1,19,7,2,175,105,10.3
Jace Arnold,170321,S,SM HOUSTON,11,8,0,68.0,1,1,281,0,0,54.3,56.1,29.6,54.7,63.1,40.8,0,0,0,0,35.0,25.6,10,1,2,118.4,17,0,0,101,2,191,355,19,0,0,19,0,18,336,8,156,215,6,21,1,25,0,2,198,112,11.6
Jonas Duclona,170322,CB,USF,12,4,1,52.4,0,0,327,0,0,81.9,77.9,84.6,90.1,45.9,63.7,0,1,0,1,39.0,15.0,6,2,1,61.0,11,1,0,48,429,293,504,12,0,0,12,0,3,492,8,203,12,11,30,2,21,2,1,97,27,8.8
Tyler Jansey,170323,LB,WISCONSIN,2,0,0,,0,0,349,0,0,,60.0,60.0,60.0,60.0,,0,0,0,0,,,0,0,0,0.0,0,0,0,0,0,0,2,0,0,0,0,0,0,2,1,1,0,0,0,0,0,0,0,0,0,
Braedyn Moore,170326,S,TOLEDO,7,3,0,25.0,0,0,316,0,0,44.7,50.5,77.5,59.0,65.9,47.1,0,0,0,0,32.0,25.0,2,0,0,60.4,1,0,0,40,1,51,90,0,0,0,0,0,38,90,1,38,10,0,3,0,4,0,0,32,4,32.0
Ashlynd Barker,170330,S,FLORIDA ST,11,10,0,50.0,0,0,167,0,0,69.5,71.8,40.2,86.6,69.0,75.0,1,0,0,0,50.0,13.7,7,2,3,66.0,10,4,0,240,5,247,488,21,0,0,21,0,127,467,12,229,95,12,34,1,20,5,0,107,66,10.7
Ashton Bracewell,170331,LB,FLORIDA ST,2,0,0,,0,0,167,0,0,62.3,61.9,73.3,58.9,60.3,75.7,0,0,0,0,,0.0,0,0,0,0.0,0,0,0,7,0,5,15,6,0,0,6,0,0,9,2,8,2,1,2,1,0,0,0,0,0,
Grant Fielder,170334,ED,FLORIDA ST,3,0,0,,0,0,167,0,0,60.0,65.3,76.1,58.0,68.3,72.2,0,0,0,0,,0.0,0,0,0,0.0,0,0,0,0,0,1,28,28,0,1,24,3,0,0,15,12,0,1,1,0,0,0,0,0,0,
Lamont Green Jr.,170337,ED,FIU,2,0,0,,0,0,166,0,0,60.0,61.9,74.3,68.5,53.4,23.9,0,3,0,0,,100.0,1,0,0,0.0,0,0,0,1,0,1,17,16,0,0,16,0,0,1,10,6,0,0,0,0,0,3,0,0,0,
Donny Hiebert,170338,S,FLORIDA ST,4,2,0,0.0,0,0,167,0,0,61.5,65.1,75.7,,70.3,79.8,0,0,0,0,,0.0,0,0,0,39.6,0,0,0,13,0,22,40,0,0,0,0,0,20,40,0,18,7,1,1,0,2,0,0,0,0,
Conrad Hussey,170340,CB,OREGON ST,3,1,0,60.0,0,0,265,0,0,62.8,64.6,77.7,,66.6,80.0,0,0,0,0,23.0,0.0,0,1,0,135.0,3,0,0,5,1,25,47,0,0,0,0,0,1,47,0,22,40,1,3,0,5,0,1,52,6,17.3
Quindarrius Jones,170342,CB,FLORIDA ST,4,2,0,62.5,0,0,167,0,0,62.4,61.4,0.0,,68.6,82.9,0,0,0,0,37.0,0.0,0,1,2,81.8,5,0,0,6,64,38,70,0,0,0,0,0,0,70,0,32,0,3,5,1,8,0,0,53,34,10.6
Jaden Jones,170343,ED,FLORIDA ST,12,1,0,,0,0,167,0,0,62.2,65.6,84.1,54.9,72.3,62.2,1,5,0,0,,14.3,1,0,0,0.0,0,0,0,0,0,3,171,170,0,2,155,13,0,1,85,83,0,4,5,1,0,6,0,0,0,
Edwin Joseph,170344,S,FLORIDA ST,12,12,0,64.3,1,1,167,0,0,65.1,68.6,88.6,54.2,76.3,73.2,0,0,0,3,34.0,10.0,4,5,2,90.8,27,0,0,175,1,313,621,30,0,0,30,0,75,591,10,298,339,13,24,4,42,0,5,255,157,9.4
K.J. Kirkland,170345,S,FLORIDA ST,12,4,0,83.3,0,0,167,0,0,41.2,52.2,83.0,56.6,73.0,81.6,0,2,0,0,75.0,10.0,3,0,0,146.5,10,1,0,122,0,115,240,10,0,0,10,0,48,230,12,113,59,6,23,2,12,3,1,201,142,20.1
Blake Nichelson,170350,LB,FLORIDA ST,12,15,1,78.6,0,0,167,1,0,53.8,66.8,84.6,58.5,79.7,79.5,0,8,0,0,36.0,8.7,4,0,0,109.2,11,0,0,292,0,185,420,49,0,0,49,0,1,371,35,200,77,17,27,5,14,8,0,143,112,13.0
Ja'Bril Rawls,170353,CB,FLORIDA ST,7,7,0,65.2,1,0,167,1,0,74.2,73.0,0.0,71.6,70.1,65.0,1,1,0,1,24.0,14.9,7,2,3,85.6,15,0,0,33,326,203,374,14,0,0,14,0,0,360,7,164,1,17,33,2,23,2,2,101,67,6.7
KJ Sampson,170354,DI,FLORIDA ST,10,3,0,,0,0,167,0,0,61.9,52.4,80.7,54.1,50.1,79.3,0,3,0,0,,0.0,0,0,0,0.0,0,0,0,0,0,0,163,163,40,106,5,12,0,0,85,78,0,5,10,2,0,3,0,0,0,
Brandon Torres,170358,LB,FLORIDA ST,1,0,0,,0,0,167,0,0,,60.1,61.7,,60.0,,0,0,0,0,,,0,0,0,0.0,0,0,0,1,0,0,1,0,0,0,0,0,0,1,0,1,0,0,0,0,0,0,0,0,0,
DeMarco Ward,170359,S,MEMPHIS,11,12,0,72.5,2,1,218,0,0,56.5,66.0,87.1,57.6,80.1,78.9,0,1,2,2,62.0,9.2,7,0,3,110.2,29,0,0,398,0,301,598,11,0,0,11,0,76,587,3,294,111,24,57,3,40,1,2,498,170,17.2
Kamal Bonner,170366,LB,MIAMI FL,4,2,0,100.0,0,0,220,0,0,59.3,66.6,73.3,,72.6,77.8,0,0,0,0,17.0,0.0,0,0,0,158.3,1,0,0,29,0,17,30,0,0,0,0,0,0,30,0,13,1,1,1,0,1,0,1,17,0,17.0
Foster Burt,170367,WR,NC STATE,1,0,0,,0,0,248,0,0,,60.0,60.0,60.0,,,0,0,0,0,,,0,0,0,0.0,0,0,0,0,0,0,1,0,0,0,0,0,0,1,1,0,0,0,0,0,0,0,0,0,0,
Brandon Cisse,170368,CB,S CAROLINA,12,4,0,47.4,0,0,289,0,0,71.2,75.2,85.1,57.2,89.2,67.9,2,0,0,1,76.0,14.3,5,7,3,78.9,18,0,0,32,408,269,492,10,0,0,10,0,6,482,7,216,35,13,26,3,38,2,1,361,163,20.1
Red Hibbler,170370,ED,MISS STATE,12,5,0,,1,0,227,0,0,64.8,72.0,52.7,64.2,74.8,59.2,0,12,0,0,,17.6,3,0,1,0.0,0,1,0,0,0,2,271,271,0,3,136,132,0,0,141,128,0,10,9,1,0,13,0,0,0,
Zack Myers,170376,S,NC STATE,2,0,0,100.0,0,0,248,0,0,74.5,74.2,71.0,,62.0,76.9,0,0,0,0,7.0,0.0,0,0,0,95.8,1,0,0,7,0,6,14,0,0,0,0,0,1,14,0,8,5,2,2,0,1,0,0,7,4,7.0
Isaiah Shirley,170380,DI,NC STATE,12,14,0,,0,0,248,0,0,69.2,59.2,82.3,52.8,50.6,62.3,2,5,1,1,,4.5,1,0,0,0.0,0,0,0,0,0,1,316,316,4,264,1,47,0,0,166,149,0,4,7,1,0,7,0,0,0,
David Omopariola,170386,ED,SYRACUSE,12,3,0,80.0,0,0,304,0,0,60.1,65.2,88.2,65.2,63.0,61.7,2,9,0,0,27.0,13.8,4,0,0,111.7,4,0,1,22,0,28,317,285,0,0,284,1,0,32,127,162,10,14,22,5,5,11,0,54,21,13.5
Brandon Hoyle,170393,DI,WAKE,1,0,0,,0,0,339,0,0,,61.7,69.4,59.7,60.7,,0,0,0,0,,,0,0,0,0.0,0,0,0,0,0,0,4,4,3,1,0,0,0,0,2,2,0,0,0,0,0,0,0,0,0,
Quaylen Hill,170401,DI,FIU,12,7,0,,0,0,166,1,0,60.0,61.4,68.2,55.6,64.7,70.0,0,7,0,0,,6.3,1,0,1,0.0,0,1,0,3,0,0,489,486,128,327,2,29,0,3,256,233,0,7,8,2,0,8,0,0,0,
Keith Christein,170412,CB,JVILLE ST,1,0,0,100.0,0,0,196,0,0,60.5,60.8,67.8,,60.0,73.4,0,0,0,0,3.0,0.0,0,0,0,79.2,2,0,0,0,0,2,3,0,0,0,0,0,0,3,0,1,3,1,1,1,2,0,0,0,6,0.0
Tae Floyd,170419,ED,JVILLE ST,6,0,0,,0,0,196,0,0,71.1,63.9,0.0,67.6,52.9,79.5,0,2,0,0,,0.0,0,0,1,0.0,0,1,0,25,0,19,67,38,0,0,38,0,0,29,25,23,4,3,4,0,0,3,0,0,0,
Travis Franklin Jr.,170420,S,JVILLE ST,10,9,0,70.6,0,1,196,0,0,68.2,66.1,83.3,66.7,57.7,65.2,0,2,0,0,40.0,17.6,6,2,0,131.5,12,0,0,106,3,165,303,3,0,0,3,0,142,300,4,134,49,9,19,0,17,2,2,128,22,10.7
Geimere Latimer II,170426,CB,WISCONSIN,12,7,0,80.0,1,1,349,0,0,62.6,59.8,33.5,52.7,52.8,57.0,0,3,0,0,75.0,17.1,6,0,1,143.6,28,0,0,58,1,267,422,2,0,0,2,0,8,420,10,145,353,8,22,0,35,3,3,406,273,14.5
Walker O'Steen,170430,LB,JVILLE ST,12,20,0,83.8,0,0,196,1,0,44.3,60.6,40.9,73.2,72.5,75.5,4,3,0,3,36.0,9.7,7,0,1,78.5,31,3,0,401,1,221,447,11,1,0,10,0,3,436,30,196,31,19,45,3,37,10,0,405,161,13.1
Shane Payton Hodges,170431,ED,JVILLE ST,7,1,0,100.0,0,0,196,0,0,56.9,69.3,81.4,64.8,72.0,80.7,1,4,0,0,34.0,0.0,0,0,0,118.8,1,0,0,0,0,8,82,80,0,0,79,1,0,2,30,44,2,2,4,0,1,5,0,34,2,34.0
Zechariah Poyser,170434,S,MIAMI FL,13,11,0,61.9,0,1,220,2,0,71.0,68.6,88.3,59.5,60.7,54.1,1,1,0,0,38.0,20.9,14,4,2,117.0,13,1,0,171,0,410,690,10,0,0,10,0,424,680,17,263,83,14,42,2,21,3,2,159,75,12.2
Kekoura Tarnue,170438,S,W VIRGINIA,11,10,0,84.8,1,0,343,0,0,57.5,60.6,38.7,59.8,69.9,50.0,0,0,0,0,68.0,22.8,13,2,3,158.3,28,0,0,169,3,261,479,4,0,0,4,0,155,475,2,216,145,10,34,4,33,0,4,460,228,16.4
Aidan Thompson,170440,LB,JVILLE ST,3,2,0,71.4,0,0,196,0,0,40.3,43.9,75.8,89.7,42.0,53.3,2,1,0,0,72.0,16.7,1,1,0,153.3,5,0,0,46,0,25,57,7,0,0,7,0,0,50,4,28,4,3,3,0,7,3,1,97,71,19.4
Jackson Veasy,170442,DI,JVILLE ST,7,0,0,,0,0,196,0,0,,56.6,75.9,54.5,59.4,27.0,0,0,0,0,,33.3,1,0,0,0.0,0,0,0,0,0,0,50,50,0,29,2,19,0,0,31,19,0,1,2,0,0,0,0,0,0,
Quinzavious Warren,170443,DI,SO MISS,9,1,0,,0,0,296,0,0,,67.9,77.2,66.5,64.9,70.1,0,2,0,0,,0.0,0,0,0,0.0,0,0,0,2,0,0,47,45,17,28,0,0,0,2,23,24,0,0,0,0,0,2,0,0,0,
David Blay Jr.,170449,DI,MIAMI FL,10,15,1,,0,0,220,0,0,60.0,70.0,10.1,66.3,74.7,59.0,1,8,0,0,,8.3,3,0,4,0.0,0,0,0,1,0,0,346,345,314,30,0,1,0,1,178,168,0,13,18,2,0,9,0,0,0,
Zeke Durham-Campbell,170456,ED,COAST CAR,12,9,2,,0,1,141,0,0,72.5,79.1,57.8,79.8,71.8,67.0,12,20,0,0,,14.3,5,1,2,0.0,0,5,0,1,0,0,569,568,0,18,506,44,0,1,314,255,0,15,21,1,0,37,0,0,0,
Jacob Fields,170457,S,LA TECH,12,15,0,60.0,0,0,208,0,0,80.2,72.8,54.3,54.5,59.0,38.9,2,2,2,3,41.0,24.4,29,5,3,88.1,15,0,0,203,1,457,775,7,0,0,7,0,464,768,18,300,100,21,75,3,25,4,4,216,57,14.4
Cam Hill,170461,S,LA TECH,2,0,0,,0,0,208,0,0,60.4,60.8,63.7,,60.0,,0,0,0,0,,,0,0,0,0.0,0,0,0,0,0,2,3,0,0,0,0,0,2,3,0,1,0,0,0,0,0,0,0,0,0,
Dedrick Latulas,170463,WR,LA TECH,1,0,0,,0,0,208,0,0,,60.0,60.0,,60.0,,0,0,0,0,,,0,0,0,0.0,0,0,0,0,0,0,1,0,0,0,0,0,0,1,0,1,0,0,0,0,0,0,0,0,0,
Obinna Okeke,170464,ED,NEW MEX ST,12,9,0,,0,0,242,0,0,60.8,59.3,54.4,61.7,57.5,70.7,1,10,0,0,,5.9,1,0,1,0.0,0,0,0,1,0,3,260,259,0,8,215,36,0,1,137,120,0,3,7,0,0,11,0,0,0,
Michael Richard,170466,S,LA TECH,12,7,0,65.0,0,0,208,0,0,63.4,67.4,86.7,60.0,78.0,58.1,0,0,0,3,75.0,17.3,9,2,2,83.8,39,0,0,197,13,365,603,2,0,0,2,0,46,601,1,237,344,23,36,5,60,0,4,377,225,9.7
Sam Brumfield,170479,LB,MEMPHIS,12,27,0,75.0,0,1,218,0,0,34.6,67.1,87.9,55.7,86.3,67.5,5,14,0,1,42.0,13.0,16,0,1,80.7,21,5,0,637,1,240,673,27,0,0,27,0,4,646,116,317,2,50,80,12,28,24,0,208,100,9.9
Anthony Bynum,170480,ED,MIDDLE TN,12,22,3,,1,1,224,0,0,72.3,75.3,19.7,67.3,80.4,76.6,6,31,0,0,,6.3,4,0,6,0.0,0,1,0,10,0,4,774,762,1,143,493,125,0,12,419,351,1,27,38,2,0,38,0,0,0,
Markel James,170484,ED,MIDDLE TN,2,0,0,,0,0,224,0,0,,42.8,73.1,59.8,48.7,,0,0,0,0,,,0,0,0,0.0,0,0,0,0,0,0,7,7,0,0,7,0,0,0,1,6,0,0,0,0,0,0,0,0,0,
Cam'ron Lacy,170486,WR,MIDDLE TN,1,0,0,,0,0,224,0,0,,62.4,60.0,,62.4,68.1,0,0,0,0,,0.0,0,0,2,0.0,0,0,0,0,0,0,1,0,0,0,0,0,0,1,0,1,0,0,1,0,0,0,0,0,0,
Jekail Middlebrook,170487,HB,MIDDLE TN,1,0,0,,0,0,224,0,0,,60.0,60.0,,60.0,,0,0,0,0,,,0,0,2,0.0,0,0,0,0,0,0,1,0,0,0,0,0,0,1,0,1,0,0,0,0,0,0,0,0,0,
Chayce Smith,170490,ED,MIDDLE TN,5,1,0,,0,0,224,0,0,73.0,74.1,78.3,59.5,71.1,77.5,0,2,0,0,,0.0,0,0,0,0.0,0,0,0,0,0,1,37,37,1,0,33,3,0,0,15,21,0,2,3,0,0,2,0,0,0,
Shakai Woods,170495,DI,MIDDLE TN,11,16,2,,0,0,224,0,0,,71.5,71.4,61.0,75.1,66.3,2,4,0,0,,12.1,7,0,1,0.0,0,3,0,2,0,0,608,605,205,400,0,0,0,3,293,315,0,24,35,5,0,9,0,0,0,
Da'Marcus Crosby II,170496,S,VIRGINIA,2,1,0,100.0,0,0,335,0,0,63.2,65.2,77.7,,66.8,55.0,0,0,0,0,8.0,20.0,1,0,0,100.0,1,0,0,9,0,25,39,0,0,0,0,0,24,39,0,14,6,0,3,0,1,0,0,8,0,8.0
Dakerric Hobbs,170500,CB,NEW MEX ST,4,0,0,66.7,1,0,242,0,0,69.3,64.0,10.6,,48.5,58.3,0,0,0,0,18.0,14.3,2,0,3,76.4,8,0,0,37,238,144,280,1,0,0,1,0,0,279,0,136,4,3,12,2,12,0,0,54,24,6.8
KD Johnson,170513,DI,UTEP,12,16,1,,0,1,330,0,0,65.7,73.5,86.7,60.6,76.5,49.7,5,18,0,0,,16.1,9,0,0,0.0,0,5,0,4,0,2,848,842,24,506,68,244,0,6,426,420,0,31,31,8,0,28,0,0,0,
Dimitri Madden,170514,DI,AKRON,4,2,0,,0,0,102,0,0,,51.9,73.2,66.9,48.3,74.2,0,0,0,0,,0.0,0,0,0,0.0,0,1,0,0,0,0,20,20,1,14,1,4,0,0,5,15,0,2,1,0,0,1,0,0,0,
Maddox Marcellus,170594,LB,VIRGINIA,12,11,0,70.6,0,0,335,0,0,72.1,73.8,82.2,66.0,71.5,62.5,1,7,0,1,14.0,14.6,6,2,0,54.5,12,3,0,230,7,147,287,10,0,0,10,0,0,277,28,112,40,21,24,0,17,11,0,74,45,6.2
Albert Nunes,170596,LB,NEW MEXICO,3,0,0,100.0,0,0,241,0,0,49.7,52.0,75.9,66.9,55.5,,0,1,0,0,14.0,,0,0,0,112.5,2,0,0,9,0,13,29,7,0,0,7,0,0,22,2,14,13,0,0,0,2,1,0,22,19,11.0
Derek Ganter Jr.,170679,S,BOISE ST,10,10,0,77.8,0,0,120,0,0,65.1,66.9,82.7,59.0,68.8,76.9,0,1,0,0,11.0,9.1,3,0,0,90.3,7,0,0,87,4,120,226,8,0,0,8,0,83,218,3,103,43,8,20,1,9,1,0,51,30,7.3
Jon Johnson,170699,CB,NEW MEXICO,12,8,0,63.5,1,0,241,1,0,74.1,73.8,52.8,60.0,70.6,63.6,0,0,0,1,35.0,14.5,9,6,4,85.3,33,0,0,34,638,411,709,32,0,0,32,0,4,677,1,297,0,13,45,0,52,0,1,399,56,12.1
Alex McLaughlin,170717,S,WASHINGTON,12,17,0,63.0,1,0,340,1,1,69.0,68.7,27.9,45.3,74.2,84.1,0,3,1,2,31.0,9.0,9,6,2,80.4,29,0,0,327,19,449,782,27,0,0,27,0,262,755,16,317,145,36,74,4,46,3,2,325,161,11.2
Michael Jordan Jr.,170734,DI,FRESNO ST,12,10,0,,0,0,169,0,0,59.4,63.4,53.4,63.2,63.6,74.3,0,4,0,0,,4.5,1,0,1,0.0,0,0,0,0,0,1,283,283,25,255,0,3,0,0,129,153,0,5,11,0,0,4,0,0,0,
Jaden DaCosta,170741,S,WYOMING,5,0,0,50.0,0,0,351,0,0,58.7,53.6,72.3,58.8,49.9,27.8,0,1,0,0,9.0,50.0,1,0,0,62.5,1,0,0,12,0,15,23,0,0,0,0,0,7,23,1,7,3,0,1,0,2,1,0,9,4,9.0
Mike Montgomery,170754,LB,SO MISS,11,29,0,78.3,0,1,296,0,0,67.2,76.8,86.5,59.5,78.8,82.2,0,3,0,2,72.0,7.3,6,1,0,77.0,18,2,0,578,2,276,601,5,0,0,5,0,1,596,35,290,15,26,47,0,23,5,0,257,178,14.3
Lucas Lambert-Pipkin,170827,DI,TOLEDO,8,1,1,,0,0,316,0,0,57.3,53.4,77.2,61.0,56.9,73.6,0,0,0,0,,0.0,0,0,0,0.0,0,0,0,0,0,0,65,65,0,65,0,0,0,0,32,33,0,0,2,0,0,0,0,0,0,
Matthew Traynor,170914,S,WISCONSIN,6,1,0,50.0,0,0,349,0,0,55.6,55.1,76.4,,55.9,56.8,0,0,0,0,5.0,20.0,1,0,0,56.3,1,0,0,12,0,23,36,0,0,0,0,0,16,36,0,13,8,1,3,0,2,0,0,5,0,5.0
TJ McGill,170943,S,JAMES MAD,10,1,0,0.0,0,0,197,0,0,66.2,70.9,78.6,,76.2,70.4,0,0,0,0,,12.5,1,0,0,39.6,0,0,0,33,0,42,86,3,0,0,3,0,27,83,0,44,23,3,6,0,1,0,0,0,0,
Isaiah Birl,170959,S,ARMY,1,0,0,0.0,0,0,114,0,0,62.1,60.7,73.0,57.2,,,0,0,0,0,,,0,0,0,39.6,0,0,0,0,0,4,7,7,0,0,7,0,0,0,3,0,0,0,0,0,1,0,0,0,0,
Mitch Bolden,170961,S,MIAMI OH,2,0,0,,0,0,221,0,0,50.4,47.8,68.6,,60.0,,0,0,0,0,,,0,0,0,0.0,0,0,0,2,0,3,6,0,0,0,0,0,0,6,0,3,3,0,0,0,0,0,0,0,0,
Jack Bousum,170962,ED,ARMY,12,4,2,,0,1,114,1,0,60.0,65.6,69.1,65.9,63.2,45.6,5,16,0,0,,26.9,7,0,1,0.0,0,4,0,0,0,0,596,594,4,24,154,412,1,2,283,313,0,14,15,4,0,25,0,0,0,
Jaxon Hammond,170978,CB,ARMY,10,2,0,71.4,0,0,114,0,0,66.9,65.8,80.2,46.9,63.6,63.1,0,1,0,0,27.0,16.7,2,2,1,117.9,10,0,0,18,181,100,201,1,0,0,1,0,0,200,1,100,1,2,8,0,14,1,1,109,40,10.9
Kody Harris-Miller,170980,DI,ARMY,6,3,0,,0,0,114,0,0,60.0,67.6,85.5,53.6,72.6,49.4,0,1,0,0,,15.4,2,0,0,0.0,0,0,0,1,0,1,285,284,246,38,0,0,0,1,120,164,0,6,8,0,0,1,0,0,0,
Tano Letuli,170988,LB,S DIEGO ST,6,9,1,70.0,0,0,284,0,0,91.2,90.5,81.1,68.4,79.3,47.8,3,2,1,1,9.0,22.2,8,1,0,33.3,7,0,0,170,2,105,209,11,0,0,11,0,0,198,14,90,26,10,19,1,10,5,0,27,22,3.9
Elo Modozie,170992,ED,GEORGIA,12,0,0,0.0,0,0,173,0,0,63.7,63.3,84.8,54.9,69.0,63.7,1,5,0,0,,14.3,1,0,0,39.6,0,0,0,5,0,14,118,104,0,0,103,1,0,14,58,46,9,6,6,1,1,6,0,0,0,
Baylor Newsom,170996,LB,ARMY,4,2,0,100.0,0,0,114,0,0,49.9,50.7,72.0,58.8,61.9,81.2,0,0,0,0,16.0,0.0,0,0,0,158.3,2,0,0,22,0,16,24,0,0,0,0,0,0,24,2,6,2,0,2,0,2,0,1,27,10,13.5
Noah Nixon,170997,ED,ARMY,12,1,0,75.0,0,0,114,0,0,42.7,48.4,85.3,55.4,51.8,35.0,0,2,0,0,21.0,25.0,2,0,0,105.2,3,0,0,0,0,22,118,115,0,0,115,0,0,3,36,60,2,3,5,0,4,2,0,39,23,13.0
Stephen Nnadozie,170998,S,ARMY,10,7,0,66.7,0,1,114,1,0,80.5,81.0,82.1,59.2,77.1,59.9,0,0,0,1,19.0,18.5,5,0,0,43.8,4,0,0,45,0,104,202,0,0,0,0,0,133,202,2,96,23,4,15,0,6,0,0,37,5,9.3
Jordan Owens,171001,LB,BUFFALO,2,0,0,,0,0,126,0,0,,60.0,60.0,,60.0,,0,0,0,0,,,0,0,0,0.0,0,0,0,0,0,0,2,0,0,0,0,0,0,2,0,2,0,0,0,0,0,0,0,0,0,
Dillon Stowers,171019,DI,ARMY,10,7,0,,0,0,114,0,0,60.2,61.2,80.3,58.5,61.4,81.3,1,3,0,0,,0.0,0,0,0,0.0,0,0,0,1,0,1,211,210,10,45,2,153,0,1,103,107,0,6,7,0,0,4,0,0,0,
Christopher Williams,171028,S,ARMY,2,0,0,,0,0,114,0,0,,60.0,67.2,,60.0,,0,0,0,0,,,0,0,0,0.0,0,0,0,1,0,0,3,0,0,0,0,0,2,3,0,3,0,0,0,0,0,0,0,0,0,
Christian Yousefzadeh,171032,ED,ARMY,3,0,0,,0,0,114,0,0,61.4,64.2,76.0,63.4,60.6,,0,0,0,0,,,0,0,0,0.0,0,0,0,0,0,4,17,17,0,0,17,0,0,0,6,7,0,0,0,0,0,0,0,0,0,
Cam Chadwick Jr.,171036,CB,UCONN,12,9,0,64.3,0,1,146,0,0,73.5,75.9,85.4,65.5,80.3,74.8,1,2,0,4,90.0,9.7,7,3,4,91.9,36,1,0,87,701,409,796,3,0,0,3,0,0,793,8,379,4,16,56,0,56,4,4,567,303,15.8
Cleto Chol,171038,DI,UCONN,9,0,0,,0,1,146,0,0,68.4,54.5,77.9,56.0,33.6,23.2,0,3,0,0,,66.7,2,0,0,0.0,0,1,0,1,0,2,75,74,5,40,12,17,0,1,43,30,0,1,1,0,0,4,0,0,0,
Oumar Diomande,171041,LB,UCONN,12,33,1,78.0,0,0,146,0,0,52.9,64.9,84.9,60.3,71.8,64.4,3,13,0,0,25.0,15.8,21,0,0,102.7,32,5,0,663,1,275,790,30,0,0,30,0,6,760,137,378,89,44,79,4,41,21,1,275,176,8.6
Jackson Harper,171048,WR,UCONN,1,1,0,,0,0,146,0,0,,62.3,60.0,,60.0,70.3,0,0,0,0,,0.0,0,0,0,0.0,0,0,0,0,0,0,1,0,0,0,0,0,0,1,0,1,0,0,0,0,0,0,0,0,0,
Brandon Kelley,171053,ED,UCONN,4,2,0,,0,0,146,0,0,60.4,57.5,77.7,68.3,45.7,60.9,0,3,0,0,,20.0,1,0,0,0.0,0,2,0,0,0,4,58,58,0,0,41,17,0,0,29,25,0,3,2,1,0,5,0,0,0,
Amir Renwick,171059,LB,UCONN,8,9,0,100.0,0,0,146,0,0,70.1,77.4,75.7,82.4,68.0,64.2,2,4,0,1,19.0,13.0,3,0,0,92.4,6,2,0,67,0,29,79,3,0,0,3,0,0,76,14,36,9,7,11,0,6,8,1,37,27,6.2
Gabriel Iniguez Jr.,171068,DI,UTAH ST,12,15,0,,0,0,329,0,0,63.5,67.0,88.2,65.7,63.9,54.9,2,25,0,0,,15.6,5,0,0,0.0,0,2,0,0,0,2,700,699,515,166,7,11,0,1,401,297,0,8,12,0,0,29,0,0,0,
Jaiden Ausberry,171075,LB,NOTRE DAME,12,13,0,76.5,0,1,258,0,0,59.2,64.2,43.8,66.9,66.2,67.3,3,8,0,0,28.0,17.2,10,0,2,90.1,13,2,0,341,7,192,437,37,0,0,37,0,1,400,71,174,50,24,35,2,17,13,0,99,81,7.6
Drayk Bowen,171077,LB,NOTRE DAME,12,15,1,66.7,0,0,258,0,0,59.2,70.7,85.2,69.1,75.7,63.4,2,9,0,0,33.0,16.4,12,2,0,96.9,24,6,0,490,12,285,585,30,0,0,30,0,2,555,90,210,50,28,46,1,36,17,1,259,122,10.8
Jordan Faison,171081,WR,NOTRE DAME,1,0,0,,0,0,258,0,0,,60.0,60.0,,60.0,,0,0,0,0,,,0,0,1,0.0,0,0,0,0,0,0,1,0,0,0,0,0,0,1,0,1,0,0,0,0,0,0,0,0,0,
Ben Minich,171092,CB,NOTRE DAME,3,0,0,100.0,0,0,258,0,0,52.3,56.3,78.3,,64.9,75.1,0,0,0,0,16.0,0.0,0,0,0,118.8,1,0,0,0,1,4,15,0,0,0,0,0,0,15,0,11,13,0,1,0,1,0,0,16,7,16.0
Armel Mukam,171093,DI,NOTRE DAME,9,0,0,,0,1,258,0,0,65.1,67.6,77.7,62.5,59.9,57.2,1,4,0,0,,16.7,1,0,0,0.0,0,0,0,0,0,0,69,68,8,58,1,1,0,1,33,36,0,4,5,2,0,5,0,0,0,
Kobi Onyiuke,171094,ED,NOTRE DAME,6,0,0,,0,0,258,0,0,60.0,62.4,78.4,53.3,69.4,71.5,0,0,0,0,,0.0,0,0,0,0.0,0,0,0,0,0,1,38,38,0,2,31,5,0,0,20,17,0,0,1,0,0,0,0,0,0,
Jerry Rullo,171097,LB,NOTRE DAME,1,0,0,,0,0,258,0,0,,65.0,63.9,,61.8,73.2,0,0,0,0,,0.0,0,0,0,0.0,0,0,0,1,0,0,1,0,0,0,0,0,0,1,0,1,0,0,1,0,0,0,0,0,0,
Adon Shuler,171098,S,NOTRE DAME,12,14,0,64.3,0,2,258,0,0,75.8,75.7,50.6,91.2,70.3,63.7,1,3,0,2,27.0,17.4,12,3,2,63.4,18,2,0,229,10,400,661,16,0,0,16,0,343,645,6,255,62,17,43,1,28,6,1,172,55,9.6
Luke Talich,171100,S,NOTRE DAME,12,4,0,42.1,0,0,258,0,0,78.7,78.6,79.6,,75.9,65.9,0,0,0,3,21.0,14.3,4,3,1,32.7,8,0,0,91,9,136,205,1,0,0,1,0,57,204,0,69,47,9,20,1,19,0,1,80,41,10.0
Boubacar Traore,171102,ED,NOTRE DAME,11,7,0,0.0,0,1,258,0,0,84.1,79.4,33.5,74.9,75.2,80.6,6,15,0,0,,12.5,4,0,3,39.6,0,10,0,0,0,18,470,468,0,0,464,4,0,2,294,158,2,26,21,2,1,31,0,0,0,
Preston Zinter,171105,ED,NOTRE DAME,3,1,0,,0,0,258,0,0,,59.1,76.4,65.7,53.6,53.3,0,1,0,0,,25.0,1,0,0,0.0,0,0,0,0,0,0,18,17,0,0,17,0,0,1,10,8,0,2,2,1,0,1,0,0,0,
Dion Crawford,171199,LB,BUFFALO,11,27,1,76.9,1,1,126,0,0,28.9,64.7,68.4,77.6,77.1,75.6,2,12,0,0,26.0,8.9,7,2,2,123.6,20,4,0,331,0,166,644,266,0,0,266,0,1,378,169,309,45,29,45,2,26,18,2,198,153,9.9
Charles McCartherens,171206,CB,BUFFALO,4,3,0,50.0,0,0,126,0,0,76.0,76.5,78.5,60.0,70.1,82.9,0,0,0,0,9.0,0.0,0,0,0,56.3,4,1,0,8,96,61,106,1,0,0,1,0,0,105,1,44,0,5,6,0,8,1,0,16,6,4.0
Junior Poyser,171210,DI,BUFFALO,12,6,0,,0,1,126,0,0,60.7,71.0,62.7,81.3,61.5,56.2,3,16,0,0,,11.5,3,0,1,0.0,0,5,0,0,0,2,423,422,13,407,0,2,0,1,202,219,0,22,17,1,0,24,0,0,0,
Lamar Sperling,171214,HB,BUFFALO,1,0,0,,0,0,126,0,0,,62.2,60.0,,61.3,71.5,0,0,0,0,,0.0,0,0,0,0.0,0,0,0,0,0,0,1,0,0,0,0,0,0,1,0,1,0,0,1,0,0,0,0,0,0,
Jamari Allen,171219,CB,C MICHIGAN,4,0,0,66.7,0,0,134,0,0,62.7,59.7,76.0,59.1,49.0,38.8,0,0,0,0,14.0,33.3,1,0,0,79.9,2,0,0,4,52,30,56,0,0,0,0,0,0,56,1,25,0,1,2,0,3,0,0,16,3,8.0
Jeremiah Alston,171220,LB,C MICHIGAN,1,0,0,,0,0,134,0,0,60.0,72.9,64.6,62.2,,,0,0,0,0,,,0,0,0,0.0,0,0,0,2,0,1,2,0,0,0,0,0,0,2,1,0,0,0,0,0,0,0,0,0,0,
Evan Boyd,171223,WR,MICH STATE,1,0,0,,0,0,223,0,0,,60.0,60.0,,60.0,,0,0,0,0,,,0,0,0,0.0,0,0,0,0,0,0,1,0,0,0,0,0,0,1,0,1,0,0,0,0,0,0,0,0,0,
Mark-Allen Gay,171229,S,C MICHIGAN,1,1,0,100.0,0,0,134,0,0,90.5,91.0,73.4,,67.9,82.1,0,0,0,0,1.0,0.0,0,0,0,79.2,1,0,0,5,0,6,14,0,0,0,0,0,6,14,0,8,3,4,4,1,1,0,0,1,0,1.0
Keshawn Hayden,171230,ED,C MICHIGAN,12,2,0,,0,1,134,0,0,60.1,65.9,50.7,75.5,53.2,47.5,3,8,0,0,,16.7,2,0,1,0.0,0,1,0,4,0,0,232,228,0,2,197,29,0,4,138,94,0,6,8,0,0,12,0,0,0,
Trey Liebhardt,171236,CB,C MICHIGAN,3,0,0,100.0,0,0,134,0,0,51.3,54.6,74.0,,69.0,76.2,0,0,0,0,26.0,0.0,0,0,0,158.3,2,0,0,0,25,17,25,0,0,0,0,0,0,25,0,8,0,1,2,0,2,0,1,41,-1,20.5
Nathan VanTimmeren,171245,TE,C MICHIGAN,3,0,0,,0,0,134,0,0,,53.7,79.0,52.3,58.3,24.8,0,1,0,0,,100.0,1,0,0,0.0,0,0,0,2,0,0,37,35,0,0,35,0,0,2,21,16,0,0,0,0,0,1,0,0,0,
Sayed Abuhamdeh,171249,LB,KENT STATE,12,9,0,75.0,1,0,201,0,0,56.7,56.3,83.5,57.9,55.8,51.4,0,4,0,0,38.0,20.4,10,1,1,135.4,15,0,0,237,1,122,327,14,0,0,14,0,0,313,25,180,75,14,30,2,20,4,2,180,84,12.0
Kaden Beatty,171250,DI,WASH STATE,7,0,0,,0,0,341,0,0,63.4,65.2,78.4,59.6,62.6,75.7,0,1,0,0,,0.0,0,1,0,0.0,0,1,0,0,0,0,111,111,2,100,1,8,0,0,54,57,0,2,5,0,0,2,0,0,0,
Joel Boamah,171252,CB,KENT STATE,9,1,1,14.3,0,0,201,0,0,69.4,70.0,80.5,75.1,64.0,37.0,0,1,0,1,6.0,33.3,5,1,2,0.0,1,0,0,19,136,71,162,7,0,0,7,0,0,155,2,89,0,2,9,2,7,1,0,6,3,6.0
Tevin Tucker,171266,S,KENT STATE,11,6,0,68.0,0,0,201,0,0,38.6,44.6,85.6,49.7,57.2,39.4,0,1,0,0,42.0,28.9,13,2,0,141.5,17,0,0,344,1,292,567,0,0,0,0,0,127,567,4,271,95,4,26,2,25,1,4,259,77,15.2
CJ Young,171269,LB,KENT STATE,11,20,3,83.8,0,1,201,0,0,59.2,74.3,50.8,77.8,81.3,90.7,2,6,0,1,32.0,5.6,5,1,1,98.3,31,5,0,437,5,253,563,26,0,0,26,0,1,537,67,243,94,43,64,5,37,13,1,301,169,9.7
Roosevelt Andrews III,171270,DI,MIAMI OH,11,7,0,,0,0,221,1,0,60.6,64.3,61.0,66.5,61.0,61.4,0,8,0,0,,12.5,2,0,1,0.0,0,1,0,0,0,0,396,396,0,396,0,0,0,0,209,187,0,7,7,2,0,9,0,0,0,
Tyler Dikos,171275,LB,MIAMI OH,6,2,0,100.0,0,0,221,0,0,67.9,73.0,73.9,60.0,69.2,84.2,0,1,0,0,19.0,0.0,0,0,0,118.8,2,0,0,31,0,22,43,1,0,0,1,0,0,42,0,21,10,1,7,0,2,1,0,25,2,12.5
Malcolm McCain,171282,LB,MIAMI OH,12,25,0,94.7,0,1,221,0,0,63.4,67.7,85.3,61.3,70.1,72.0,3,7,0,0,16.0,9.7,7,0,0,96.9,18,2,0,403,0,212,506,78,0,0,78,0,0,428,95,199,25,27,40,5,19,12,0,138,85,7.7
Christian McKinney,171284,LB,MIAMI OH,7,0,0,,0,0,221,0,0,64.4,69.0,78.9,61.0,69.9,79.8,0,0,0,0,,0.0,0,0,0,0.0,0,1,0,34,0,17,58,19,0,0,19,0,0,39,10,31,4,4,4,0,0,1,0,0,0,
Malik Ray,171288,LB,MIAMI OH,1,0,0,,0,0,221,0,0,32.1,26.9,68.7,,62.6,,0,0,0,0,,,0,0,0,0.0,0,0,0,6,0,3,6,0,0,0,0,0,0,6,0,3,0,0,0,0,0,0,0,0,0,
Raion Strader,171293,CB,AUBURN,11,0,0,66.7,0,0,115,0,0,62.1,62.7,80.8,60.0,63.6,68.3,0,0,0,0,30.0,10.0,1,2,1,123.3,8,0,0,13,155,94,179,0,0,0,0,0,3,179,1,84,8,4,9,0,12,0,1,109,14,13.6
Brock Uihlein,171294,LB,MIAMI OH,7,2,0,100.0,0,1,221,0,0,86.6,90.8,76.6,71.6,84.7,82.9,0,1,0,0,4.0,0.0,0,0,0,118.8,3,0,0,55,0,31,67,3,0,0,3,0,0,64,4,32,8,5,7,1,3,1,1,6,8,2.0
Mychal Yharbrough,171297,CB,MIAMI OH,12,5,0,46.3,0,0,221,1,0,60.7,61.3,86.4,60.0,60.9,62.0,0,0,0,0,47.0,14.3,6,3,3,62.6,25,0,0,41,407,315,527,33,0,0,33,0,23,494,1,211,22,10,31,2,54,0,0,284,92,11.4
Santana Banner,171300,S,MISSOURI,12,8,0,55.2,0,0,229,0,0,61.0,64.0,41.1,57.4,73.2,69.7,1,1,0,1,46.0,9.8,5,3,2,90.3,16,0,0,178,10,283,482,20,0,0,20,0,158,462,12,187,114,17,38,1,29,2,2,234,39,14.6
Skyler Gill-Howard,171308,DI,TEXAS TECH,7,3,1,,0,0,315,0,0,64.9,88.6,80.1,90.0,70.4,62.1,3,8,1,1,,13.3,2,0,0,0.0,0,1,0,0,0,0,165,165,4,69,8,84,0,0,104,61,0,8,10,2,0,12,0,0,0,
Mark Hensley,171311,DI,N ILLINOIS,12,4,0,,0,0,254,0,0,62.6,61.7,85.3,60.6,59.5,43.4,1,10,0,0,,19.0,8,0,0,0.0,0,1,0,0,0,0,566,566,32,500,11,23,0,0,271,295,0,20,30,5,0,12,0,0,0,
Filip Maciorowski,171319,LB,N ILLINOIS,12,31,0,72.0,0,0,254,0,0,61.3,64.6,87.1,68.5,63.0,57.5,2,7,0,0,25.0,14.9,14,1,0,120.1,18,1,0,457,1,243,611,70,0,0,70,0,1,541,40,328,82,26,49,3,25,10,2,188,126,10.4
Nevaeh Sanders,171329,LB,MISS STATE,11,4,0,100.0,0,0,227,0,0,60.0,70.2,82.8,59.1,78.7,81.1,2,4,0,0,10.0,0.0,0,0,0,89.6,2,0,0,32,0,25,82,50,0,0,50,0,0,32,24,33,0,2,3,0,2,6,0,11,13,5.5
Jay'shon Thomas,171332,ED,N ILLINOIS,12,2,0,100.0,0,0,254,0,0,54.6,60.1,86.5,64.9,55.1,70.6,2,13,0,0,11.0,17.6,3,0,0,112.5,1,3,0,1,0,3,392,391,0,3,355,33,0,1,186,203,0,11,12,0,1,18,0,11,15,11.0
Ethan Tierney,171334,S,FRESNO ST,10,5,0,50.0,0,0,169,0,0,69.8,65.2,84.2,62.9,51.4,34.0,0,3,0,1,29.0,28.6,8,0,0,34.7,3,0,0,31,2,139,266,11,0,0,11,0,197,255,11,116,25,2,15,0,6,3,0,44,0,14.7
Kendall Bannister,171338,CB,OHIO,10,1,0,71.4,0,0,259,0,0,73.8,74.1,83.3,,69.6,70.9,0,0,0,1,58.0,12.5,1,1,0,74.1,5,0,0,5,269,152,286,7,0,0,7,0,4,279,0,134,0,0,6,0,7,0,0,88,30,17.6
Jay Crable,171340,ED,OHIO,12,9,3,100.0,0,0,259,1,0,62.9,63.9,12.2,75.6,55.8,30.8,9,17,0,0,3.0,36.8,14,0,5,79.2,2,6,0,23,0,51,524,494,1,4,470,19,0,30,246,227,7,19,15,2,2,32,0,6,7,3.0
Khamani Debrow,171341,WR,OHIO,1,0,0,,0,0,259,0,0,,60.0,60.0,,60.0,,0,0,0,0,,,0,0,0,0.0,0,0,0,0,0,0,1,0,0,0,0,0,0,1,0,1,0,0,0,0,0,0,0,0,0,
Owen DiFranco,171342,DI,OHIO,2,1,0,,0,0,259,0,0,,63.7,70.1,65.0,59.6,69.7,0,1,0,0,,0.0,0,0,0,0.0,0,0,0,0,0,0,7,7,0,6,0,1,0,0,4,3,0,0,0,0,0,1,0,0,0,
Jack Fries,171345,LB,OHIO,7,12,0,55.6,0,0,259,0,0,74.9,62.7,81.9,55.8,51.3,47.7,2,5,0,1,12.0,20.0,11,3,0,60.9,10,1,0,266,0,140,353,6,0,0,6,0,0,347,28,185,81,22,32,2,18,8,1,74,50,7.4
Andrew Marshall,171354,LB,E MICHIGAN,10,14,0,88.2,0,0,160,0,0,59.0,53.9,83.2,67.2,50.3,42.6,1,4,0,0,28.0,20.3,14,0,0,137.6,15,1,0,268,1,91,295,21,0,0,21,0,0,274,13,191,5,27,41,2,17,6,3,128,70,8.5
Austin Mitchell,171355,DI,OHIO,11,3,0,,0,0,259,0,0,59.2,58.1,23.2,60.1,60.3,29.6,1,4,0,1,,26.7,4,0,2,0.0,0,0,0,0,0,3,259,259,9,246,1,3,0,0,122,134,0,4,8,1,0,5,0,0,0,
Tank Pearson,171357,CB,OHIO,12,9,1,67.1,1,1,259,0,0,60.8,61.9,53.2,90.4,61.5,61.6,0,1,0,2,54.0,15.2,10,8,3,115.2,47,0,0,42,660,399,734,27,0,0,27,0,4,707,1,334,1,14,47,0,70,1,6,680,214,14.5
Kadin Schmitz,171359,LB,CHARLOTTE,12,20,0,84.4,0,3,136,0,0,50.4,54.5,14.4,60.5,59.6,71.4,4,2,0,2,38.0,10.8,8,2,2,101.6,27,0,0,433,0,184,511,29,0,0,29,0,0,482,41,286,49,13,46,0,32,6,2,308,242,11.4
Jalen Thomeson,171363,S,OHIO,12,21,0,75.5,1,0,259,1,1,78.0,73.7,67.0,59.9,65.6,63.6,1,5,0,1,71.0,15.1,13,2,5,91.5,37,0,0,57,1,353,715,176,0,0,176,0,3,539,38,324,478,31,52,5,49,6,1,332,219,9.0
DJ Walker,171364,S,OHIO,12,10,0,80.0,0,0,259,0,0,61.1,61.2,89.5,74.6,57.5,47.6,1,0,0,1,68.0,22.2,16,1,0,137.5,16,0,0,133,0,397,735,15,0,0,15,0,471,720,3,335,116,15,46,5,20,1,3,265,172,16.6
Braden Awls,171370,S,TOLEDO,12,12,0,53.3,0,2,316,0,0,63.5,74.3,13.2,76.7,90.4,67.0,0,1,0,5,75.0,13.6,8,3,2,58.3,16,1,0,405,11,316,602,23,0,0,23,0,108,579,5,281,55,23,39,6,30,2,1,290,145,18.1
Chris D'Appolonia,171373,LB,TOLEDO,12,16,0,52.0,0,0,316,0,0,85.1,71.1,84.9,57.1,58.8,66.7,3,6,0,0,38.0,12.7,9,3,0,65.4,13,0,0,482,12,299,638,65,0,0,65,0,5,573,44,295,74,29,46,5,25,9,0,120,65,9.2
Sam Smith Jr.,171389,S,TOLEDO,1,0,0,,0,0,316,0,0,,61.2,66.1,,60.4,,0,0,0,0,,,0,0,0,0.0,0,0,0,2,0,0,3,1,0,0,1,0,0,2,0,3,0,0,0,0,0,0,0,0,0,
Nicholas Thompson,171391,S,TOLEDO,11,4,0,100.0,0,0,316,0,0,59.6,70.3,81.3,75.0,83.5,90.0,0,0,0,0,17.0,0.0,0,0,0,123.1,11,1,0,119,4,102,204,1,0,0,1,0,65,203,1,101,15,7,14,1,11,1,1,69,45,6.3
Connor Walendzak,171392,HB,TOLEDO,1,0,0,,0,0,316,0,0,,60.0,60.0,,60.0,23.5,0,0,0,0,,100.0,1,0,0,0.0,0,0,0,0,0,0,1,0,0,0,0,0,0,1,0,1,0,0,0,0,0,0,0,0,0,
Joshua Franklin,171395,CB,W MICHIGAN,12,7,0,61.2,1,0,347,0,0,57.3,58.9,9.8,78.7,61.1,40.8,2,0,0,0,33.0,26.5,13,6,5,97.7,30,1,0,39,93,298,549,9,0,0,9,0,2,540,18,233,406,11,29,3,49,3,3,285,148,9.5
Dalton Gustwiller,171396,DI,W MICHIGAN,12,2,1,,0,0,347,0,0,,49.0,78.4,61.6,42.5,72.4,0,1,0,0,,0.0,0,0,0,0.0,0,0,0,0,0,0,93,93,3,86,0,4,0,0,46,47,0,0,0,0,0,1,0,0,0,
Sid Kaba,171399,ED,MARSHALL,11,7,0,,0,0,214,0,0,62.0,72.3,79.5,54.1,79.9,74.2,0,2,0,0,,5.3,1,0,0,0.0,0,1,0,0,0,0,154,154,0,30,28,96,0,0,78,76,0,11,11,3,0,3,0,0,0,
Angelo Stockstill,171404,CB,KENT STATE,7,0,0,77.8,0,0,201,0,0,60.3,55.8,80.3,,33.0,45.3,0,0,0,0,26.0,25.0,2,0,0,150.0,7,0,0,6,165,87,171,0,0,0,0,0,0,171,0,84,0,2,6,0,9,0,1,100,43,14.3
Marcel Tyler,171406,DI,W MICHIGAN,12,7,3,,0,0,347,1,0,61.8,59.5,84.9,62.1,55.1,58.0,2,6,0,1,,11.5,3,0,0,0.0,0,1,0,0,0,0,483,483,19,430,8,26,0,0,247,236,0,15,16,4,0,9,0,0,0,
Tim Brantley Jr.,171445,DI,MO STATE,11,7,0,,0,0,230,0,0,64.4,68.9,13.0,69.3,69.1,57.4,3,9,0,0,,17.2,5,0,3,0.0,0,1,0,2,0,1,323,320,15,297,3,5,0,3,163,159,0,12,17,2,0,13,0,0,0,
Kaleno Levine,171451,CB,TROY,12,4,0,58.7,0,0,318,0,0,74.0,73.1,86.2,60.0,63.2,55.9,0,1,0,1,58.0,19.6,9,5,2,104.2,27,0,0,26,701,370,744,1,0,0,1,0,2,743,1,373,13,12,33,3,46,1,4,367,164,13.6
Andrew Link,171452,ED,MO STATE,4,0,0,,0,0,230,0,0,60.0,58.0,73.4,64.3,54.1,,0,1,0,0,,,0,0,0,0.0,0,0,0,0,0,1,19,19,0,6,9,4,0,0,7,11,0,0,0,0,0,1,0,0,0,
Cooper Roy,171455,LB,MO STATE,12,5,0,100.0,0,0,230,0,0,50.7,59.9,21.0,72.4,60.3,29.6,0,12,0,0,15.0,38.9,7,0,1,102.5,5,1,0,56,2,39,160,81,0,0,81,0,0,79,43,78,21,5,6,1,5,13,0,43,40,8.6
Mitchell Toney,171457,ED,MO STATE,10,3,1,100.0,0,1,230,0,0,58.1,75.7,31.7,77.5,73.8,69.4,2,16,0,0,16.0,10.5,2,0,2,118.8,1,3,0,0,0,7,291,290,28,23,230,9,0,1,173,111,0,14,14,2,1,21,0,16,9,16.0
Caden Wiest,171458,ED,MO STATE,9,6,1,,0,0,230,0,0,,68.1,83.2,62.9,68.3,82.4,0,3,0,0,,0.0,0,0,0,0.0,0,2,0,0,0,0,141,141,0,10,124,7,0,0,65,76,0,3,5,1,0,5,0,0,0,
Floyd Williams,171459,CB,MO STATE,3,1,0,100.0,0,0,230,0,0,47.4,49.7,76.1,,65.7,53.6,0,0,0,0,8.0,20.0,1,0,0,90.6,4,0,0,3,43,29,46,0,0,0,0,0,0,46,0,17,0,2,3,0,4,0,0,23,2,5.8
Dallas Winner-Johnson,171460,LB,TULANE,4,2,0,50.0,0,0,319,0,0,65.7,62.6,73.7,54.4,57.8,77.6,0,0,0,0,5.0,0.0,0,0,0,56.3,1,0,0,30,0,26,37,3,0,0,3,0,1,34,7,4,3,0,1,0,2,0,0,5,3,5.0
Kanye Young,171461,LB,MO STATE,12,19,2,83.8,1,1,230,1,0,55.4,58.4,31.0,76.5,57.7,42.2,3,5,0,1,30.0,20.0,18,3,2,113.6,31,1,0,522,2,347,706,52,0,0,52,0,2,654,48,311,127,28,53,2,37,9,2,357,217,11.5
Brad Vislisel,171484,ED,NEW MEX ST,12,4,0,100.0,0,0,242,1,0,40.3,66.1,63.5,73.9,63.1,53.3,3,12,0,0,22.0,19.4,6,0,1,158.3,4,0,0,0,0,12,369,369,2,16,309,42,0,0,194,163,0,16,21,3,4,15,2,57,24,14.3
Jamir Conn,171492,CB,NEBRASKA,9,1,0,55.6,0,0,238,0,0,74.5,77.5,80.8,,79.5,85.3,0,0,0,0,13.0,0.0,0,1,1,64.1,5,0,0,13,0,45,104,0,0,0,0,0,3,104,0,59,86,4,8,1,9,0,0,34,0,6.8
Elijah Gunn,171498,DI,CINCINNATI,4,1,0,,0,0,138,0,0,,61.8,0.0,70.5,63.7,72.4,0,1,0,0,,0.0,0,0,1,0.0,0,0,0,0,0,0,33,33,30,3,0,0,0,0,10,23,0,1,1,0,0,1,0,0,0,
Jamond Mathis,171503,ED,KENT STATE,12,8,1,66.7,0,0,201,0,0,66.1,84.5,89.3,81.9,78.5,58.1,4,25,0,0,30.0,21.4,6,1,0,149.3,2,6,0,3,0,23,453,450,0,4,442,4,0,3,247,183,0,17,14,2,3,35,1,43,30,21.5
Jaylen Castleberry,171518,CB,TEMPLE,11,9,0,45.5,0,0,306,0,0,60.7,62.6,84.2,65.2,65.5,67.6,0,2,0,0,69.0,13.0,7,5,2,89.5,20,0,0,80,450,281,560,11,0,0,11,0,4,549,1,278,15,12,38,1,44,2,2,363,151,18.2
Isaiah Crozier,171520,CB,UAB,8,0,0,69.2,1,0,321,0,0,48.9,49.1,0.0,,60.5,40.3,0,0,0,0,43.0,30.0,3,1,1,151.4,9,0,0,7,148,73,159,0,0,0,0,0,0,159,0,86,4,4,7,0,13,0,3,183,61,20.3
Andoni Fesenmaier,171546,ED,NEVADA,2,0,0,,0,0,239,0,0,,60.0,66.5,,60.0,,0,0,0,0,,,0,0,0,0.0,0,0,0,0,0,0,2,2,0,2,0,0,0,0,0,2,0,0,0,0,0,0,0,0,0,
Tanner Vaughan,171553,DI,NEVADA,12,3,0,,0,0,239,0,0,64.1,67.7,80.7,58.6,67.6,68.0,1,5,0,0,,7.1,1,0,0,0.0,0,0,0,1,0,0,158,157,8,111,7,31,0,1,80,78,0,8,10,1,0,6,0,0,0,
Jayden Kendricks,171571,LB,S DIEGO ST,1,0,0,,0,0,284,0,0,,50.1,65.9,,56.6,,0,0,0,0,,,0,0,0,0.0,0,0,0,2,0,0,3,0,0,0,0,0,0,3,0,3,1,0,0,0,0,0,0,0,0,
Jelani McLaughlin,171572,S,S DIEGO ST,9,0,0,,0,0,284,0,0,68.7,69.0,76.2,,66.7,72.2,0,0,0,0,,14.3,1,0,0,0.0,0,0,0,28,0,25,50,1,0,0,1,0,13,49,0,25,7,4,6,0,0,0,0,0,0,
Marcus Ratcliffe,171575,S,TEXAS A&M,13,11,0,77.8,0,0,312,0,0,81.7,80.3,86.2,49.7,79.2,74.9,1,2,0,0,21.0,11.3,8,3,0,84.7,7,0,0,322,9,393,685,4,0,0,4,0,273,681,17,275,75,18,52,2,9,3,0,39,34,5.6
Kamrin Canterbury,171584,S,LA MONROE,10,7,0,72.4,0,0,209,0,0,43.5,48.8,30.1,74.5,56.3,44.8,1,1,0,0,60.0,26.5,9,0,1,143.8,21,1,0,111,0,199,372,17,0,0,17,0,63,355,18,155,181,7,18,1,29,3,4,291,173,13.9
Fran Brown Jr.,171640,LS,SYRACUSE,1,0,0,,0,0,304,0,0,,60.0,60.0,,60.0,,0,0,0,0,,,0,0,0,0.0,0,0,0,0,0,0,1,0,0,0,0,0,0,1,0,1,0,0,0,0,0,0,0,0,0,
Paul Tangelo,171678,ED,COLO STATE,12,1,1,75.0,0,0,144,1,1,60.8,54.8,59.1,60.6,49.2,45.6,1,4,0,0,14.0,23.8,5,0,1,100.0,3,2,0,37,1,35,315,261,0,0,260,1,0,54,125,155,16,13,15,1,4,7,0,34,16,11.3
Eyan Thomas,171680,DI,MARYLAND,12,7,1,100.0,0,1,215,0,0,58.1,64.2,24.2,65.4,66.1,47.6,0,6,0,0,8.0,21.9,7,0,3,100.0,1,3,0,0,0,3,397,397,100,279,2,16,0,0,200,194,0,16,18,1,1,9,0,8,4,8.0
Najae Hallenbeck,171707,DI,SO MISS,11,2,0,,0,0,296,0,0,,57.5,0.0,67.3,57.5,74.6,0,5,0,0,,0.0,0,0,2,0.0,0,0,0,0,0,0,126,126,49,77,0,0,0,0,60,66,0,2,2,0,0,5,0,0,0,
Ethan Stuhlsatz,171775,LB,WYOMING,12,13,0,63.6,0,0,351,0,0,69.6,77.5,79.6,62.6,81.5,90.1,0,3,0,0,15.0,2.4,1,0,0,71.0,7,0,0,219,0,113,268,22,0,0,22,0,0,246,13,142,27,20,28,2,11,3,0,42,33,6.0
Jaylon Stone,171807,DI,VANDERBILT,12,15,0,,1,1,333,1,0,64.2,75.2,48.7,56.8,84.6,82.2,2,6,0,0,,0.0,0,1,1,0.0,0,1,0,1,0,1,241,240,35,198,2,5,0,1,143,97,0,4,11,1,0,9,0,0,0,
Eriq George,171816,ED,BOWL GREEN,12,6,0,,2,0,122,0,0,60.0,63.2,11.8,64.1,66.0,66.2,3,10,0,0,,12.5,3,0,4,0.0,0,4,0,0,0,0,407,407,10,96,248,53,0,0,213,194,0,16,15,0,0,17,0,0,0,
Taye Brown,171843,LB,ARIZONA,12,23,1,85.7,0,1,109,1,0,62.5,74.0,87.3,53.6,85.9,74.3,4,6,0,1,52.0,11.5,10,0,0,77.2,18,2,0,442,0,226,691,160,0,0,160,0,2,531,130,335,87,27,54,6,21,12,0,153,140,8.5
Bryce Echols,171847,DI,NEVADA,6,1,0,,0,0,239,0,0,,52.6,75.9,55.8,52.6,73.1,0,0,0,0,,0.0,0,0,0,0.0,0,0,0,0,0,0,46,46,1,27,0,18,0,0,21,25,0,0,1,0,0,0,0,0,0,
Dominic Hanger,171850,LB,ARIZONA,4,3,0,50.0,0,0,109,0,0,55.1,58.2,74.2,62.2,61.0,43.8,0,0,0,0,1.0,22.2,2,0,0,56.3,1,0,0,17,0,12,31,5,0,0,5,0,0,26,5,14,9,2,4,0,2,0,0,1,3,1.0
Gavin Hunter,171852,CB,ARIZONA,4,3,0,72.2,0,0,109,0,0,68.4,70.6,82.7,,75.1,74.5,0,0,0,1,26.0,7.7,1,1,2,59.5,13,0,0,34,5,111,174,0,0,0,0,0,9,174,0,63,126,7,9,2,18,0,0,88,45,6.8
Kamuela Ka'aihue,171855,LB,UNLV,12,5,1,75.0,0,0,325,0,0,66.5,63.9,79.3,83.1,52.6,40.8,0,2,0,0,21.0,21.7,5,0,0,127.1,3,1,0,166,0,87,173,1,0,0,1,0,0,172,8,78,6,10,13,2,4,3,1,22,16,7.3
Emmanuel Karnley,171856,CB,VIRGINIA,12,0,0,53.3,0,0,335,0,0,67.1,66.7,85.0,59.1,59.8,39.8,0,0,0,0,33.0,26.7,8,3,0,90.0,24,0,0,15,510,312,534,1,0,0,1,0,2,533,1,221,6,6,22,2,45,0,2,310,95,12.9
Ammon Kaufusi,171857,ED,ARIZONA,2,1,0,,0,0,109,0,0,60.0,66.3,73.0,56.7,68.6,73.3,0,1,0,0,,0.0,0,0,0,0.0,0,0,0,1,0,1,11,10,0,0,8,2,0,1,6,4,0,1,1,0,0,1,0,0,0,
Dominic Lolesio,171858,ED,ARIZONA,12,4,0,,0,0,109,0,0,63.6,60.3,28.7,58.2,64.0,76.7,2,7,0,0,,5.9,1,0,2,0.0,0,0,0,9,0,6,280,271,0,3,247,21,0,9,138,136,0,8,12,1,0,9,0,0,0,
Keanu Mailoto,171860,DI,BOISE ST,11,3,1,,0,0,120,0,0,60.9,67.6,78.5,61.1,67.5,74.7,0,3,0,0,,20.0,1,0,0,0.0,0,0,0,0,0,0,98,98,2,81,0,15,0,0,54,44,0,1,1,0,0,3,0,0,0,
Julian Savaiinaea,171867,DI,ARIZONA,12,2,0,100.0,0,0,109,1,0,55.2,61.3,82.2,64.6,64.9,80.7,1,4,0,0,33.0,0.0,0,0,0,118.8,1,1,0,3,0,13,198,195,32,103,29,31,0,3,89,96,0,10,12,1,1,6,0,33,34,33.0
Genesis Smith,171868,S,ARIZONA,12,15,1,69.6,0,3,109,2,0,87.9,80.0,88.1,59.0,63.0,56.3,0,6,0,1,75.0,19.8,18,6,0,91.4,16,0,0,220,0,382,771,7,0,0,7,0,451,764,16,373,92,25,58,2,23,6,1,193,133,12.1
Leviticus Su'a,171869,LB,ARIZONA,3,0,0,,0,0,109,0,0,55.0,56.6,72.7,55.3,63.4,26.3,0,0,0,0,,100.0,1,0,0,0.0,0,0,0,11,0,6,19,8,0,0,8,0,0,11,5,8,0,0,0,0,0,0,0,0,0,
Keith Abney II,171875,CB,ARIZONA ST,12,6,0,44.4,0,2,110,1,0,85.3,86.3,86.3,77.6,77.9,87.6,0,1,0,2,42.0,4.3,2,9,6,46.1,32,1,0,41,725,458,785,6,0,0,6,0,0,779,6,321,13,11,39,0,72,2,0,321,79,10.0
Keontez Bradley,171877,CB,BUFFALO,12,5,0,38.7,1,0,126,1,0,57.7,60.4,85.7,70.3,65.4,77.1,0,1,0,0,32.0,6.5,2,1,4,79.2,12,0,0,29,423,227,480,28,0,0,28,0,0,452,2,251,0,7,24,0,31,1,2,174,36,14.5
Josiah Cox,171878,CB,S DIEGO ST,10,5,0,66.7,0,0,284,0,0,51.0,57.6,0.0,60.9,77.5,67.4,1,0,0,0,17.0,12.5,3,0,1,77.6,10,0,0,39,1,92,182,4,0,0,4,0,2,178,8,82,136,9,16,2,15,1,0,72,33,7.2
C.J. Fite,171879,DI,ARIZONA ST,12,8,1,,0,0,110,1,0,66.4,68.2,67.7,55.2,73.2,57.2,1,9,0,0,,12.1,4,0,1,0.0,0,2,0,1,0,0,539,538,51,447,10,30,0,1,289,250,0,16,21,5,0,12,0,0,0,
Elijah O'Neal,171885,ED,ARIZONA ST,12,9,0,,0,0,110,0,0,69.1,64.1,68.2,54.2,70.4,79.1,5,10,0,0,,3.1,1,0,1,0.0,0,3,0,0,0,6,461,461,0,9,435,17,0,0,248,207,0,19,22,6,0,18,0,0,0,
Landen Thomas,171889,ED,UNLV,9,0,1,,0,0,325,0,0,65.5,62.1,44.4,60.0,61.8,68.6,1,4,0,0,,9.1,1,0,1,0.0,0,1,0,1,0,1,194,193,2,73,98,20,0,1,129,64,0,6,10,2,0,6,0,0,0,
K'vion Thunderbird,171890,LB,FRESNO ST,7,11,2,64.3,0,1,169,0,0,68.7,67.1,15.2,63.8,65.9,62.2,4,0,1,2,21.0,13.6,6,2,1,71.4,9,1,0,261,2,158,302,5,0,0,5,0,0,297,20,124,34,20,27,1,14,5,1,106,29,11.8
Montana Warren,171891,CB,ARIZONA ST,10,4,0,80.6,1,0,110,0,0,51.6,55.9,84.6,70.2,62.1,47.5,1,0,0,0,32.0,22.7,10,5,1,114.8,25,0,0,81,3,166,329,12,0,0,12,0,16,317,9,154,217,10,30,2,31,1,1,278,133,11.1
Ashley Williams,171892,ED,LA LAFAYET,12,4,0,50.0,0,0,207,2,0,47.2,51.8,84.2,51.3,55.8,61.8,2,5,0,0,23.0,11.8,2,0,0,91.7,1,0,0,0,0,9,212,209,0,3,175,31,0,3,88,115,3,7,11,1,2,7,0,23,7,23.0
Isaiah Hardge,171894,WR,COLORADO,3,0,0,70.0,0,0,143,1,0,34.7,33.3,79.8,,36.5,23.4,0,0,0,0,68.0,36.4,4,0,1,145.8,7,0,0,23,0,35,97,7,0,0,7,0,0,90,0,62,66,2,7,1,10,0,1,128,74,18.3
Kaleb Mathis,171898,WR,COLORADO,1,0,0,,0,0,143,0,0,60.0,62.4,60.0,,,,0,0,0,0,,,0,0,0,0.0,0,0,0,0,0,1,1,0,0,0,0,0,0,1,0,0,0,0,0,0,0,0,0,0,0,
Cormani McClain,171899,CB,FLORIDA,10,3,0,57.1,1,0,163,0,0,67.3,68.5,31.9,,74.3,79.4,0,0,0,1,38.0,5.0,1,0,1,108.5,12,0,0,30,424,233,460,0,0,0,0,0,1,460,0,227,5,3,16,1,21,0,3,197,45,16.4
Taje McCoy,171900,ED,OKLA STATE,10,8,1,100.0,0,0,262,1,0,59.5,70.2,85.3,65.7,70.1,73.2,1,6,0,0,5.0,8.7,2,0,0,87.5,1,0,0,0,0,8,185,184,0,1,172,11,0,1,70,107,1,8,13,1,1,7,0,5,0,5.0
Jaden Milliner-Jones,171902,S,SMU,10,5,0,68.8,0,0,287,0,0,60.4,63.8,83.4,61.1,73.9,73.2,0,0,0,0,31.0,11.1,2,1,0,136.7,11,0,0,30,1,137,201,7,0,0,7,0,74,194,6,58,89,2,11,0,16,0,2,145,70,13.2
Carter Stoutmire,171907,S,COLORADO,8,9,0,50.0,0,1,143,0,0,62.3,72.4,86.2,53.1,90.4,57.9,2,3,0,0,67.0,18.8,9,2,0,129.2,5,0,0,101,4,215,461,20,0,0,20,0,289,441,11,235,47,6,30,0,10,5,1,129,113,25.8
Deven Bryant,171914,LB,WASHINGTON,12,18,0,81.1,0,0,340,0,0,60.8,66.6,85.5,56.9,72.8,72.7,1,3,0,0,48.0,8.0,6,2,0,108.8,30,0,0,407,7,266,520,32,0,0,32,0,0,488,35,219,72,22,51,2,37,4,1,294,182,9.8
Leroy Bryant,171915,CB,WASHINGTON,10,2,0,76.7,0,0,340,0,0,39.5,42.6,84.1,,61.2,44.6,0,0,0,0,48.0,26.7,4,0,1,142.2,23,0,0,19,47,153,228,0,0,0,0,0,14,228,0,75,146,4,9,0,30,0,3,309,166,13.4
Elinneus Davis,171920,DI,WASHINGTON,12,5,1,,0,0,340,0,0,60.0,71.0,84.4,58.0,77.4,71.0,1,5,0,0,,6.3,2,0,0,0.0,0,0,0,0,0,0,399,397,86,299,1,11,0,2,230,169,0,18,25,0,0,6,0,0,0,
Zach Durfee,171921,ED,WASHINGTON,10,12,0,40.0,0,1,340,0,0,51.8,74.9,89.3,86.5,62.7,55.1,2,27,0,0,16.0,13.9,5,0,0,48.8,2,3,0,3,1,38,436,431,0,1,429,1,0,5,201,197,0,15,19,2,5,32,0,16,3,8.0
Vincent Holmes,171926,S,WASHINGTON,6,0,0,100.0,0,0,340,0,0,69.9,65.9,0.0,56.8,64.0,80.2,0,0,0,0,3.0,0.0,0,0,1,79.2,1,0,0,27,0,46,92,6,0,0,6,0,11,86,3,43,46,2,4,0,1,0,0,3,1,3.0
Jacob Lane,171930,ED,WASHINGTON,12,9,1,66.7,1,0,340,0,0,55.8,66.5,72.5,71.8,61.4,59.3,7,17,0,0,14.0,16.2,6,0,1,71.1,6,4,0,3,0,36,517,513,0,48,447,18,0,4,250,231,0,20,22,3,9,28,0,29,21,4.8
Caleb Presley,171937,CB,S JOSE ST,7,2,0,68.4,0,0,285,0,0,66.2,69.0,79.9,55.3,76.1,79.9,0,0,0,0,52.0,4.8,1,1,0,114.4,13,0,0,28,163,83,191,0,0,0,0,0,0,191,2,106,0,9,18,1,19,0,1,172,24,13.2
Gavin Willis,171971,LB,CHARLOTTE,12,11,0,62.5,0,0,136,0,0,67.4,71.5,82.3,61.8,71.0,43.5,1,4,0,0,13.0,21.2,14,1,0,78.1,5,0,0,287,2,97,342,31,0,0,31,0,0,311,31,214,22,22,41,4,8,5,0,46,28,9.2
Zeraun Daniel,172021,S,UMASS,9,17,0,66.7,0,2,216,1,0,60.9,65.0,84.8,60.0,67.7,65.8,0,0,0,0,67.0,16.3,14,2,0,137.5,8,0,0,373,1,192,524,2,0,0,2,0,78,522,1,331,70,16,55,2,12,0,1,166,76,20.8
Ashton Nawrocki,172108,ED,BALL ST,4,0,0,,0,0,117,0,0,,61.5,76.7,58.9,62.0,42.5,0,1,0,0,,33.3,1,0,0,0.0,0,0,0,0,0,0,37,37,0,0,31,6,0,0,19,18,0,2,2,0,0,1,0,0,0,
Cheick Kaba,172160,DI,CHARLOTTE,11,10,2,,1,0,136,0,0,60.0,41.5,49.7,58.8,35.6,23.6,0,2,0,0,,34.8,8,0,1,0.0,0,0,0,0,0,0,252,251,26,210,1,14,0,1,126,126,0,2,5,0,0,2,0,0,0,
Caleb Sandstrom,172174,ED,APP STATE,12,2,2,100.0,0,1,108,1,0,70.7,60.4,34.2,61.0,59.5,57.1,3,4,0,0,1.0,20.0,4,0,2,79.2,1,4,0,2,0,2,322,318,0,25,257,36,0,4,162,158,2,10,14,1,1,11,0,1,0,1.0
Brandon Greil,172190,S,ARK STATE,10,14,0,72.7,0,0,113,0,0,56.3,62.1,85.8,70.6,70.7,60.4,0,0,1,1,44.0,17.8,13,1,0,114.6,24,1,0,153,0,255,492,4,0,0,4,0,170,488,1,236,165,16,46,2,33,1,2,351,188,14.6
Ian Jeffries,172196,DI,PURDUE,12,7,0,,0,0,273,0,0,,66.0,84.3,65.8,63.3,44.2,2,10,0,0,,13.6,3,0,0,0.0,0,1,0,1,0,0,435,434,20,345,9,60,0,1,196,239,0,8,12,1,0,13,0,0,0,
Dontay Joyner,172197,CB,MARYLAND,12,9,0,63.3,0,0,215,0,0,74.1,73.7,22.1,51.9,78.4,60.2,0,3,1,2,46.0,17.5,10,5,4,86.6,31,0,0,58,388,380,726,14,0,0,14,0,5,712,14,332,261,12,38,1,49,3,3,334,141,10.8
Jordan Sample,172204,LB,ARK STATE,1,1,0,100.0,0,0,113,0,0,52.4,52.3,70.3,,61.2,74.3,0,0,0,0,6.0,0.0,0,0,0,91.7,1,0,0,10,0,7,10,0,0,0,0,0,0,10,0,3,0,0,0,0,1,0,0,6,1,6.0
Kameron Howard,172215,S,ALABAMA,1,0,0,,0,0,103,0,0,62.8,57.6,70.8,,53.0,29.6,0,0,0,0,,66.7,2,0,0,0.0,0,0,0,3,0,4,11,0,0,0,0,0,4,11,0,7,4,1,1,1,0,0,0,0,0,
Jaylen Jones,172228,S,GA STATE,12,13,0,92.9,0,0,175,1,0,64.2,73.2,87.1,57.1,84.3,87.8,1,4,0,1,26.0,6.8,5,1,1,102.1,13,0,1,255,4,246,563,30,0,0,30,0,202,533,22,295,70,17,56,5,14,5,2,86,57,6.6
Ricardo Williams Jr.,172237,ED,DOMINION,12,3,0,,0,0,263,1,0,60.0,59.8,51.8,57.5,61.9,47.8,0,9,0,0,,22.2,4,0,1,0.0,0,2,0,0,0,1,259,258,0,52,120,86,0,1,109,149,0,12,11,0,0,11,0,0,0,
Derrick Barksdale,172239,CB,JAMES MAD,13,8,0,60.0,1,0,197,0,0,74.8,73.2,24.2,55.4,71.5,59.1,0,1,0,2,69.0,17.5,7,7,6,89.4,33,0,0,63,90,398,714,9,0,0,9,0,4,705,15,301,545,12,25,2,55,1,4,372,237,11.3
Darold DeNgohe,172243,DI,RUTGERS,4,2,0,,0,0,278,0,0,,59.8,79.6,55.1,61.9,73.2,0,1,0,0,,12.5,1,0,0,0.0,0,0,0,0,0,0,49,49,22,27,0,0,0,0,24,25,0,3,5,0,0,1,0,0,0,
Yamir Knight,172250,WR,SMU,2,0,0,,0,0,287,0,0,,60.0,60.0,,60.0,,0,0,0,0,,,0,0,1,0.0,0,0,0,0,0,0,2,0,0,0,0,0,0,2,0,2,0,0,0,0,0,0,0,0,0,
Mychal McMullin,172254,DI,JAMES MAD,13,10,0,,0,0,197,0,0,57.2,71.2,26.7,66.6,75.3,63.9,1,3,0,0,,9.1,3,0,2,0.0,0,1,0,0,0,4,281,280,15,219,28,18,0,1,152,125,0,16,20,1,0,5,0,0,0,
D'Angelo Ponds,172259,CB,INDIANA,11,8,0,42.9,0,0,190,0,0,89.6,88.8,84.1,61.9,78.2,89.8,0,1,0,1,22.0,2.4,1,6,0,42.0,18,0,0,69,478,346,561,1,0,0,1,0,8,560,6,209,4,10,33,4,42,1,0,142,12,7.9
Jamari Somerville,172263,S,AKRON,5,1,0,40.0,0,0,102,0,0,48.1,56.0,78.8,60.0,67.9,69.9,0,0,0,0,13.0,13.3,2,1,0,91.7,2,1,0,90,0,76,146,1,0,0,1,0,30,145,2,68,22,5,12,1,5,1,1,20,0,10.0
Gannon Weathersby,172266,LB,JAMES MAD,12,13,0,88.9,0,0,197,0,0,60.1,67.5,81.3,58.5,73.6,73.4,1,8,0,0,15.0,11.5,7,0,0,112.0,16,2,0,466,1,211,517,26,1,0,25,0,1,491,70,236,22,29,41,3,18,11,1,116,77,7.3
Zion Frink,172279,CB,DOMINION,12,8,0,61.7,0,3,263,1,0,76.6,74.2,44.8,57.4,61.7,66.6,0,0,0,1,53.0,12.5,8,6,4,78.5,37,0,0,26,555,330,602,13,0,0,13,0,1,589,2,270,6,24,48,1,60,0,2,300,107,8.1
DeAndre Lynch,172289,DI,DOMINION,12,6,1,,0,0,263,0,0,65.2,60.3,42.8,66.0,56.7,52.2,1,6,0,0,,19.0,4,0,2,0.0,0,1,0,0,0,2,372,372,314,55,0,3,0,0,188,182,0,10,11,2,0,8,0,0,0,
Ryan Ramey,172292,S,DOMINION,9,2,0,20.0,0,0,263,0,0,73.8,69.6,80.4,68.1,55.0,25.1,1,0,0,1,10.0,33.3,4,1,0,0.0,1,0,0,78,1,73,144,3,0,0,3,0,51,141,2,69,10,0,6,0,5,1,0,10,6,10.0
Rasheed Reason,172293,CB,E CAROLINA,6,7,0,52.9,0,0,156,1,0,53.6,57.2,81.9,51.4,70.6,61.4,0,0,0,1,50.0,17.6,6,0,1,59.4,9,0,0,49,265,163,317,1,0,0,1,0,0,316,5,149,1,6,21,2,17,0,0,154,38,17.1
Devin Roche,172294,HB,DOMINION,2,0,0,,0,0,263,0,0,62.8,66.3,60.0,,60.0,70.3,0,0,0,0,,0.0,0,0,1,0.0,0,0,0,0,0,1,2,0,0,0,0,0,0,2,0,1,0,0,1,0,0,0,0,0,0,
Mario Thompson,172298,LB,DOMINION,4,2,0,66.7,0,0,263,0,0,73.8,67.8,81.1,59.6,56.3,52.0,1,0,0,0,7.0,12.5,1,1,0,72.9,2,0,0,22,0,31,80,18,0,0,18,0,0,62,13,36,40,2,5,0,3,1,0,11,2,5.5
Cole Blaylock,172302,S,S ALABAMA,10,3,0,42.9,0,0,288,0,0,54.9,60.8,82.6,58.8,73.1,53.8,0,0,0,1,52.0,23.5,4,1,0,84.8,3,0,0,98,0,99,187,5,0,0,5,0,43,182,3,85,41,1,10,0,7,0,2,79,11,26.3
Jordan Norman,172311,ED,TULANE,13,5,0,100.0,2,0,319,0,0,51.5,72.4,40.4,74.1,70.1,68.2,3,15,0,0,9.0,8.3,2,0,2,104.2,1,6,0,0,0,10,411,411,0,11,161,239,0,0,243,158,0,17,17,3,1,24,0,9,3,9.0
Kalil Alexander,172318,ED,TEXAS ST,12,13,0,83.3,1,0,314,0,0,61.1,66.6,4.2,83.2,55.9,33.8,8,23,0,0,14.0,29.1,16,1,6,99.3,5,5,0,35,0,61,568,533,0,2,527,4,0,35,262,245,0,25,26,6,6,36,0,47,31,9.4
Amarion Atwood,172319,CB,TEXAS ST,9,4,0,80.8,1,0,314,0,0,57.4,59.0,0.0,65.6,75.2,69.4,2,1,0,0,28.0,13.3,4,2,7,102.9,21,0,0,101,4,198,394,29,0,0,29,0,46,365,15,181,214,10,22,2,26,3,0,226,185,10.8
Bobby Crosby,172325,S,TEXAS ST,12,14,0,65.0,3,0,314,0,0,61.1,63.5,13.4,79.5,65.3,63.1,1,1,0,1,27.0,16.7,13,4,5,96.5,13,3,0,209,1,313,603,30,0,0,30,0,279,573,16,274,84,15,51,1,20,5,2,133,91,10.2
Jo'Laison Landry,172332,ED,TEXAS ST,1,0,0,,0,0,314,0,0,,58.8,73.7,56.4,60.7,,0,0,0,0,,,0,0,0,0.0,0,0,0,0,0,0,13,13,0,0,11,2,0,0,5,8,0,0,0,0,0,0,0,0,0,
Terry Webb,172339,DI,SMU,12,10,3,,0,1,287,0,0,65.0,73.6,67.8,61.1,80.0,76.1,2,13,0,0,,5.4,2,1,1,0.0,0,6,0,3,0,1,548,545,17,417,19,92,0,3,335,212,0,21,25,1,0,21,0,0,0,
Deshaun Batiste,172340,ED,FAU,11,6,0,100.0,0,1,165,0,0,68.3,65.6,61.9,75.1,53.9,40.2,6,15,0,0,10.0,25.0,7,0,1,95.8,2,5,0,3,0,6,390,387,0,47,171,169,0,3,196,188,0,14,15,1,2,26,0,14,14,7.0
KC Bradford,172342,S,TROY,1,0,0,,0,0,318,0,0,,60.0,62.1,,60.0,,0,0,0,0,,,0,0,0,0.0,0,0,0,1,0,0,1,0,0,0,0,0,0,1,0,1,0,0,0,0,0,0,0,0,0,
Keyshawn Campbell,172344,LB,TROY,5,0,0,100.0,0,0,318,0,0,71.0,57.2,68.4,,43.8,34.4,0,0,0,0,4.0,50.0,1,0,0,83.3,1,0,0,17,0,9,17,0,0,0,0,0,0,17,0,8,0,1,1,0,1,0,0,4,1,4.0
Steven Cattledge,172345,LB,TROY,12,18,0,90.9,0,0,318,0,0,54.2,61.8,14.6,64.6,68.6,88.6,0,2,0,0,23.0,2.6,1,0,1,139.4,10,1,0,229,0,106,288,6,0,0,6,0,0,282,17,165,53,12,20,1,11,3,1,112,64,11.2
LJ Green,172349,CB,TULANE,11,2,0,78.9,0,0,319,0,0,61.8,62.2,80.6,59.6,62.7,72.7,0,0,0,0,49.0,11.1,2,2,1,113.6,15,0,0,9,178,119,189,0,0,0,0,0,0,189,1,69,2,2,14,0,19,0,0,214,48,14.3
Dorion Jackson,172352,S,TULANE,1,1,0,,0,0,319,0,0,,54.4,69.4,,53.7,40.9,0,0,0,0,,33.3,1,0,0,0.0,0,0,0,2,0,0,5,0,0,0,0,0,3,5,0,5,0,0,1,0,0,0,0,0,0,
Chris Rodgers,172364,LB,TULANE,13,17,0,91.4,0,0,319,0,0,48.0,55.3,62.5,74.1,56.3,44.2,4,14,0,0,50.0,21.5,20,1,3,98.2,32,2,0,585,0,371,729,90,0,0,90,0,10,639,63,295,44,33,56,4,35,20,0,265,176,8.3
TJ Thompson,172369,LB,TROY,12,9,0,81.5,0,0,318,1,0,42.1,41.4,25.4,56.3,43.4,71.1,2,0,1,1,23.0,11.8,4,0,1,91.8,22,0,0,249,2,171,312,4,0,0,4,0,3,308,25,116,54,10,21,2,27,2,0,263,134,12.0
Caleb Downs,172375,S,OHIO STATE,12,8,0,62.9,0,0,260,0,0,87.0,83.7,12.1,64.9,82.6,81.7,2,2,0,2,30.0,10.3,6,1,2,46.5,22,1,0,185,9,308,560,30,0,0,30,0,212,530,20,232,122,29,44,4,35,5,0,133,72,6.0
Edric Hill,172380,DI,ALABAMA,13,4,0,,0,0,103,0,0,63.5,72.5,82.8,63.4,73.9,80.8,2,14,0,0,,5.9,1,0,0,0.0,0,1,0,0,0,2,294,294,2,165,66,61,0,0,169,123,0,11,12,1,0,17,0,0,0,
Jahlil Hurley,172383,CB,KANSAS,10,3,0,55.6,0,0,198,0,0,64.3,62.5,79.6,,53.7,43.9,0,0,0,0,18.0,22.2,2,2,0,73.8,5,0,0,9,135,67,145,0,0,0,0,0,0,145,0,78,1,1,4,1,9,0,0,55,10,11.0
Justin Jefferson,172384,LB,ALABAMA,13,21,0,67.3,0,1,103,0,0,72.2,68.2,81.3,59.6,65.2,76.1,2,2,0,1,22.0,10.9,10,5,1,74.3,33,3,0,476,1,310,546,25,0,0,25,0,4,521,36,200,40,30,61,4,49,7,0,289,143,8.8
Tony Mitchell,172389,S,MISS STATE,11,8,0,100.0,0,0,227,0,0,65.9,67.4,86.2,65.2,66.8,51.9,0,6,0,0,13.0,21.9,7,0,1,100.0,9,0,0,145,2,156,374,68,0,0,68,0,72,306,27,191,87,8,17,4,9,6,0,72,46,8.0
Hunter Osborne,172391,DI,VIRGINIA,12,4,0,,0,0,335,0,0,60.0,60.0,49.0,57.7,62.1,68.1,0,2,0,0,,8.3,1,0,1,0.0,0,1,0,0,0,0,243,243,23,200,4,16,0,0,112,131,0,5,7,1,0,3,0,0,0,
Jordan Renaud,172393,ED,ALABAMA,13,6,0,,0,0,103,0,0,71.9,53.1,50.7,53.2,49.9,53.9,0,5,0,0,,13.3,2,0,1,0.0,0,0,0,2,0,7,240,238,0,11,180,47,0,2,127,106,0,5,7,0,0,5,0,0,0,
Dezz Ricks,172394,CB,TEXAS A&M,13,0,0,44.1,0,0,312,0,0,63.5,59.9,0.0,,49.9,27.5,0,0,0,0,44.0,34.1,15,8,5,74.4,30,0,0,18,650,413,681,0,0,0,0,0,0,681,0,268,11,8,29,1,68,0,2,420,119,14.0
Qua Russaw,172395,ED,ALABAMA,7,4,0,100.0,0,0,103,0,0,63.5,71.1,85.6,63.0,74.8,75.0,0,4,0,0,12.0,8.3,1,0,0,102.1,2,1,0,31,0,36,158,109,0,0,109,0,0,49,39,83,18,6,7,0,2,5,0,17,9,8.5
James Smith,172396,DI,ALABAMA,13,6,1,,0,0,103,0,0,67.2,56.3,0.0,52.9,63.8,50.6,3,6,0,0,,19.4,6,0,5,0.0,0,1,0,6,0,1,343,337,14,191,71,61,0,6,187,155,0,15,19,4,0,10,0,0,0,
Peyton Yates,172397,CB,ALABAMA,1,0,0,,0,0,103,0,0,,63.2,68.0,,63.2,76.9,0,0,0,0,,,0,0,0,0.0,0,0,0,2,0,0,5,0,0,0,0,0,2,5,0,5,1,0,0,0,0,0,0,0,0,
Jaylon Braxton,172400,CB,OLE MISS,9,3,0,65.4,0,0,226,0,0,66.4,65.9,84.4,60.0,60.6,43.8,0,0,0,1,76.0,25.0,5,2,2,103.4,17,0,0,56,147,229,380,1,0,0,1,0,34,379,1,150,142,5,12,0,26,0,2,232,151,13.6
Christian Ford,172406,S,MO STATE,12,11,0,76.9,0,1,230,0,0,51.5,54.6,87.4,59.8,59.3,65.1,0,0,0,0,39.0,16.9,11,1,1,142.0,20,0,0,248,5,383,701,1,0,0,1,0,354,700,1,317,92,6,43,1,26,0,3,233,103,11.7
Ian Geffrard,172407,DI,ARKANSAS,12,5,0,,0,0,111,0,0,60.0,72.8,67.6,66.2,73.8,45.0,0,8,0,0,,14.8,4,0,1,0.0,0,0,0,0,0,0,462,461,214,245,0,2,0,1,202,260,0,13,18,3,0,8,0,0,0,
Kaleb James,172409,DI,ARKANSAS,3,1,0,,1,0,111,0,0,,57.9,0.0,56.9,69.6,72.4,0,0,0,0,,0.0,0,0,1,0.0,0,0,0,1,0,0,17,16,0,16,0,0,0,1,7,10,0,1,1,0,0,0,0,0,0,
RJ Johnson,172410,CB,COLORADO,4,0,0,44.4,0,0,143,0,0,66.2,63.5,78.7,,50.4,63.6,0,0,0,1,16.0,12.5,1,0,0,16.7,4,0,0,12,96,59,112,0,0,0,0,0,0,112,0,53,4,1,7,0,9,0,0,37,6,9.3
Maddox Lassiter,172412,FB,ARKANSAS,2,0,0,,0,0,111,0,0,,59.7,60.0,60.0,60.0,,0,0,0,0,,,0,0,0,0.0,0,0,0,0,0,0,2,0,0,0,0,0,0,2,1,1,0,0,0,0,0,0,0,0,0,
TJ Metcalf,172415,S,MICHIGAN,12,10,2,70.3,0,0,222,0,0,62.6,67.7,89.0,79.2,75.4,78.2,0,1,0,1,52.0,10.5,6,1,2,88.5,26,0,0,129,4,357,655,17,0,0,17,0,97,638,10,288,408,17,41,3,37,1,1,267,161,10.3
Anton Pierce,172420,S,ARKANSAS,1,0,0,,0,0,111,0,0,,60.0,67.5,,60.0,,0,0,0,0,,,0,0,0,0.0,0,0,0,1,0,0,3,0,0,0,0,0,2,3,0,3,0,0,0,0,0,0,0,0,0,
Quincy Rhodes Jr.,172422,ED,ARKANSAS,12,8,0,,0,1,111,0,0,67.6,71.3,29.4,77.4,62.6,59.9,5,23,0,0,,18.2,8,0,4,0.0,0,7,0,0,0,3,650,649,1,117,241,290,0,1,322,325,0,29,28,7,0,35,0,0,0,
Alex Sanford Jr.,172423,LB,PURDUE,12,15,0,85.7,0,0,273,1,0,37.8,54.1,80.2,59.5,65.3,84.0,1,5,0,0,28.0,4.3,2,1,0,100.6,18,0,0,246,2,115,362,42,0,0,42,0,0,320,27,220,72,14,29,3,21,6,0,171,117,9.5
Brad Spence,172428,ED,TEXAS,11,3,0,100.0,0,0,311,0,0,55.9,64.1,40.1,67.9,64.7,67.8,3,11,0,0,10.0,13.3,2,0,1,84.2,5,4,0,48,0,48,206,154,1,0,153,0,0,52,100,58,4,10,10,2,5,18,0,21,24,4.2
Braylon Watson,172432,S,ARKANSAS,1,0,0,,0,0,111,0,0,,61.1,64.7,,60.0,,0,0,0,0,,,0,0,0,0.0,0,0,0,2,0,0,3,0,0,0,0,0,1,3,0,3,0,0,0,0,0,0,0,0,0,
Donovan Whitten,172434,ED,ARKANSAS,2,0,0,,0,0,111,0,0,,59.2,67.4,58.8,60.0,,0,0,0,0,,,0,0,0,0.0,0,0,0,0,0,0,4,3,0,0,3,0,0,1,1,3,0,0,0,0,0,0,0,0,0,
Dallas Young,172436,S,S ALABAMA,11,4,0,78.6,0,0,288,0,0,70.8,68.2,84.5,56.1,58.5,53.5,0,2,0,0,23.0,22.2,6,1,0,92.3,11,0,0,83,3,167,294,2,0,0,2,0,9,292,4,123,197,6,17,1,14,2,0,86,42,7.8
Champ Anthony,172437,S,AUBURN,7,6,0,50.0,0,0,115,0,0,46.9,53.3,82.6,,72.4,45.3,0,0,0,0,33.0,24.0,6,1,0,104.2,6,0,0,58,0,122,196,4,0,0,4,0,85,192,0,74,49,2,13,0,12,0,1,94,29,15.7
Wilky Denaud,172445,ED,FAU,11,6,0,,0,1,165,0,0,63.7,74.9,83.9,62.3,78.4,53.2,1,6,0,0,,16.1,5,0,0,0.0,0,3,0,3,0,0,306,303,1,73,120,109,0,3,143,163,0,15,20,3,0,10,0,0,0,
Rod Elston,172446,S,JVILLE ST,8,1,0,75.0,0,0,196,0,0,44.8,50.0,80.5,57.0,64.8,74.2,0,0,0,0,23.0,9.1,1,0,0,92.2,6,0,0,20,0,49,103,3,0,0,3,0,38,100,3,51,41,0,9,0,8,0,0,53,26,8.8
Keldric Faulk,172447,ED,AUBURN,12,10,2,100.0,1,0,115,1,0,61.5,75.8,24.5,66.0,85.5,67.7,1,27,0,0,9.0,10.0,4,0,4,104.2,1,2,0,4,0,3,556,552,11,48,333,160,0,4,316,237,0,23,26,3,1,30,0,9,7,9.0
Coleman Granberry,172448,LB,AUBURN,2,1,0,,0,0,115,0,0,60.7,82.3,71.0,,82.6,78.0,0,1,0,0,,0.0,0,0,0,0.0,0,0,0,12,0,3,12,0,0,0,0,0,0,12,0,9,0,2,2,1,0,1,0,0,0,
JC Hart,172449,CB,UTAH,8,0,0,60.0,1,0,328,0,0,54.0,51.4,79.0,,43.5,48.2,0,0,0,0,23.0,25.0,1,0,2,87.9,3,0,0,0,81,42,88,0,0,0,0,0,0,88,0,46,7,0,3,0,5,0,0,43,13,14.3
Colton Hood,172450,CB,TENNESSEE,12,7,0,53.8,0,1,307,1,1,80.3,79.2,86.2,66.9,63.8,83.4,0,1,1,1,32.0,6.6,4,5,4,70.8,28,0,0,37,722,451,774,1,0,0,1,0,1,773,1,322,13,20,50,5,52,1,1,318,96,11.4
C.J. Johnson,172451,S,NEW MEXICO,2,0,0,,0,0,241,0,0,57.1,60.1,75.1,,64.7,28.5,0,0,0,0,,50.0,1,0,0,0.0,0,0,0,6,1,15,30,0,0,0,0,0,20,30,0,15,3,0,1,0,0,0,0,0,0,
Stephen Johnson,172452,DI,S ALABAMA,12,3,1,,0,0,288,0,0,,54.3,82.3,56.7,52.8,64.3,0,1,0,0,,10.0,1,0,0,0.0,0,0,0,0,0,0,201,201,83,118,0,0,0,0,86,115,0,5,6,1,0,1,0,0,0,
Kayin Lee,172455,CB,AUBURN,12,1,0,51.2,0,0,115,0,0,64.8,62.6,1.0,59.6,58.7,57.4,1,1,0,1,50.0,18.2,6,4,4,60.4,21,0,0,55,492,328,582,0,0,0,0,0,8,582,3,251,27,5,26,0,41,2,0,254,72,12.1
Terrance Love,172457,S,COLORADO,1,0,0,,0,0,143,0,0,61.4,62.8,71.9,,60.5,,0,0,0,0,,,0,0,0,0.0,0,0,0,3,0,3,8,1,0,0,1,0,2,7,0,5,2,0,0,0,0,0,0,0,0,
DJ Reed,172460,DI,MISS STATE,12,7,0,,0,0,227,0,0,57.7,55.0,82.7,56.1,55.0,50.7,7,15,0,0,,16.7,4,0,1,0.0,0,1,0,0,0,0,320,320,0,164,41,115,0,0,202,118,0,10,13,0,0,23,0,0,0,
Tyler Scott,172462,CB,GA STATE,1,2,0,100.0,0,0,175,0,0,67.9,69.9,73.0,,67.3,79.3,0,0,0,0,6.0,0.0,0,0,0,91.7,1,0,0,2,20,10,22,0,0,0,0,0,0,22,0,12,0,0,2,0,1,0,0,6,0,6.0
Sylvester Smith-Reed,172463,CB,AUBURN,12,5,0,70.8,0,0,115,1,0,65.5,68.7,8.8,70.5,76.6,66.1,0,3,0,0,31.0,14.7,5,3,3,105.2,17,0,0,48,7,150,290,16,0,0,16,0,10,274,17,123,209,17,24,2,24,3,1,174,72,10.2
Brenton Williams,172466,ED,LIBERTY,12,10,0,100.0,0,0,206,0,0,61.0,70.2,89.4,72.4,65.8,63.4,12,8,0,0,9.0,13.5,5,0,0,104.2,1,3,0,8,2,53,432,404,0,2,387,15,0,28,170,209,18,20,22,2,1,23,0,9,4,9.0
Christian Brathwaite,172470,LB,HOUSTON,1,1,0,50.0,0,0,182,0,0,55.3,66.2,68.4,63.1,68.7,79.2,0,0,0,0,6.0,0.0,0,0,0,56.3,1,0,0,8,0,6,10,0,0,0,0,0,0,10,1,3,2,1,2,0,2,0,0,6,5,6.0
Dylan Carpenter,172472,ED,LSU,9,2,0,,0,0,211,0,0,60.1,59.6,18.8,60.1,62.2,41.5,1,0,0,0,,28.6,2,0,1,0.0,0,1,0,1,0,2,97,96,0,0,86,10,0,1,52,43,0,4,3,0,0,2,0,0,0,
Jaxon Howard,172479,ED,MINNESOTA,12,13,0,100.0,0,0,225,0,0,48.6,56.8,89.2,55.5,60.0,71.9,1,2,0,0,14.0,7.7,2,0,0,118.8,1,4,0,26,0,31,392,365,0,1,364,0,0,27,175,186,1,9,11,1,1,7,0,14,14,14.0
Jeremiah Hughes,172480,CB,MICH STATE,3,1,0,66.7,0,0,223,0,0,53.8,54.1,75.9,54.7,63.3,33.1,1,0,0,0,26.0,33.3,2,0,0,132.6,4,0,0,2,1,21,29,2,0,0,2,0,0,27,4,4,24,2,3,0,6,1,1,51,30,12.8
Jake Ibieta,172481,LB,LSU,1,0,0,,0,0,211,0,0,60.1,70.6,64.8,63.3,,,0,1,0,0,,,0,0,0,0.0,0,0,0,3,0,2,3,0,0,0,0,0,0,3,1,0,0,0,0,0,0,1,0,0,0,
Kylin Jackson,172482,S,TCU,11,5,1,76.5,0,0,305,0,0,52.8,65.9,82.1,71.4,83.6,44.2,1,5,0,0,32.0,27.3,9,0,0,147.9,13,2,0,102,0,110,217,20,0,0,20,0,14,197,20,87,81,13,19,2,17,8,2,175,85,13.5
Ashton Stamps,172496,CB,LSU,1,1,0,0.0,0,0,211,0,0,77.2,77.5,72.9,,61.2,73.5,0,0,0,0,,0.0,0,1,0,39.6,0,0,0,1,17,9,18,0,0,0,0,0,0,18,0,9,0,0,0,0,1,0,0,0,0,
Javien Toviano,172497,S,LSU,9,0,0,33.3,0,0,211,0,0,35.4,38.4,77.6,,52.1,36.3,0,0,0,0,33.0,37.5,3,0,0,115.3,1,0,0,20,0,37,65,0,0,0,0,0,33,65,0,28,12,0,5,0,3,0,1,33,16,33.0
Whit Weeks,172498,LB,LSU,8,8,0,77.3,0,0,211,1,0,57.8,66.2,28.0,90.8,56.9,63.7,5,11,0,0,16.0,17.1,6,0,1,87.5,17,1,0,250,3,135,309,14,0,0,14,0,2,295,50,124,40,13,21,2,22,17,0,111,79,6.5
Da'Shawn Womack,172500,ED,OLE MISS,13,3,0,,0,1,226,0,0,67.7,67.5,26.0,59.5,74.9,71.6,3,13,0,0,,19.0,4,0,2,0.0,0,2,0,0,0,1,261,261,0,12,202,47,0,0,156,104,0,13,14,2,0,18,0,0,0,
Ryan Yaites,172501,S,TCU,3,1,0,,0,0,305,0,0,64.2,69.5,72.6,,71.6,77.7,0,0,0,0,,0.0,0,0,0,0.0,0,0,0,10,0,8,19,0,0,0,0,0,8,19,0,11,1,1,1,0,0,0,0,0,0,
AJ Brown Sr.,172507,CB,GA SOUTHRN,7,1,0,75.0,0,0,174,0,0,60.8,57.1,78.2,,44.0,33.2,0,0,0,0,11.0,33.3,2,0,0,87.5,3,0,0,5,80,40,86,1,0,0,1,0,0,85,0,46,0,1,3,0,4,0,0,22,15,7.3
Jamarious Brown,172508,DI,OLE MISS,13,6,0,,0,0,226,0,0,59.2,69.5,28.5,66.7,71.8,57.7,1,9,0,0,,11.1,2,0,2,0.0,0,2,0,0,0,1,296,296,70,221,0,5,0,0,130,165,0,9,10,1,0,12,0,0,0,
Chamberlain Campbell,172509,ED,TOLEDO,6,0,0,,0,0,316,0,0,60.4,65.5,79.3,60.1,66.8,40.8,0,4,0,0,,25.0,1,0,0,0.0,0,0,0,0,0,2,60,59,0,0,48,11,0,1,28,30,0,2,3,0,0,4,0,0,0,
DeeJay Holmes Jr.,172519,ED,OLE MISS,4,1,0,,0,0,226,0,0,65.7,66.7,81.1,61.4,64.7,62.9,0,2,0,0,,16.7,1,0,0,0.0,0,0,0,0,0,15,54,52,0,1,51,0,0,2,14,25,2,3,4,1,0,2,0,0,0,
Suntarine Perkins,172524,ED,OLE MISS,13,15,1,50.0,0,2,226,1,0,90.4,79.0,76.0,57.9,79.1,70.5,4,19,0,1,11.0,12.3,10,4,1,36.0,10,2,0,57,1,219,641,541,0,0,541,0,3,100,167,255,39,34,56,7,20,25,0,63,25,6.3
Mark Trigg Jr.,172530,LB,OLE MISS,1,0,0,,0,0,226,0,0,,60.0,61.7,,60.0,,0,0,0,0,,,0,0,0,0.0,0,0,0,1,0,0,1,0,0,0,0,0,0,1,0,1,0,0,0,0,0,0,0,0,0,
Luke Evans,172542,CB,MIAMI OH,9,2,0,63.6,0,0,221,0,0,50.1,50.8,80.8,,57.3,29.5,0,0,0,0,51.0,36.8,7,2,0,133.9,14,0,0,2,171,109,175,1,0,0,1,0,0,174,0,66,1,2,10,0,22,0,2,256,102,18.3
Joseph Head Jr.,172544,ED,MISS STATE,4,0,0,,0,0,227,0,0,56.7,68.4,75.5,65.4,78.1,28.4,0,1,0,0,,33.3,1,0,0,0.0,0,0,0,0,0,0,35,35,0,3,17,15,0,0,19,16,0,1,2,0,0,1,0,0,0,
Will James,172547,CB,HOUSTON,12,3,0,50.0,0,2,182,1,0,88.3,86.4,84.4,53.7,70.6,75.0,0,2,1,3,36.0,10.8,4,7,3,53.8,17,1,0,46,457,272,516,3,0,0,3,0,2,513,6,238,8,9,30,4,34,3,2,222,42,13.1
Gabe Moore,172550,DI,NEBRASKA,10,2,0,,0,0,238,0,0,,55.2,31.3,59.2,55.9,36.8,0,2,0,0,,20.0,2,0,1,0.0,0,0,0,0,0,0,141,141,64,74,0,3,0,0,48,93,0,5,6,1,0,2,0,0,0,
Brice Pollock,172553,CB,TEXAS TECH,12,7,0,47.5,0,0,315,1,0,81.8,81.9,47.2,60.3,78.9,76.9,0,0,0,5,38.0,8.5,4,4,5,27.9,29,0,0,44,602,424,660,2,0,0,2,0,5,658,5,231,6,11,36,4,61,0,0,298,90,10.3
Isaac Smith,172557,S,MISS STATE,10,15,0,40.0,0,1,227,1,0,75.5,75.7,86.3,60.1,75.8,77.9,0,3,0,1,27.0,8.0,4,4,0,26.8,6,1,0,147,3,217,420,61,0,0,61,0,139,359,21,182,70,13,31,0,15,4,0,69,56,11.5
Vic Sutton,172558,S,MISS STATE,1,0,0,,0,0,227,0,0,,60.8,71.6,,60.2,,0,0,0,0,,,0,0,0,0.0,0,0,0,2,0,0,6,0,0,0,0,0,2,6,0,6,2,0,0,0,0,0,0,0,0,
Zakari Tillman,172559,LB,MISS STATE,12,8,1,81.0,1,0,227,0,0,50.7,53.6,0.0,63.0,62.6,40.4,2,2,0,1,34.0,24.0,12,0,4,78.8,17,1,0,321,2,182,405,28,0,0,28,0,1,377,33,190,53,22,30,3,21,5,0,161,82,9.5
Marvin Burks Jr.,172561,S,MISSOURI,12,9,0,81.8,0,1,229,1,0,72.3,74.7,32.2,58.7,81.2,58.2,0,0,1,1,87.0,18.8,9,1,2,120.5,9,0,0,82,2,308,532,9,0,0,9,0,363,523,2,222,75,11,30,1,11,0,3,144,99,16.0
Jahkai Lang,172565,ED,SMU,12,9,0,,0,0,287,1,0,79.9,77.6,87.8,64.8,79.3,79.8,3,11,0,0,,4.0,1,0,0,0.0,0,0,0,0,0,10,381,380,0,3,351,26,0,1,206,165,1,10,15,1,0,14,0,0,0,
Brayshawn Littlejohn,172567,LB,APP STATE,12,9,1,83.3,0,0,108,1,0,44.0,59.3,33.8,75.9,70.0,68.8,7,9,0,0,70.0,14.3,6,0,1,136.3,15,2,0,295,0,180,351,20,0,0,20,0,4,331,43,128,32,18,27,1,18,18,1,221,178,14.7
Triston Newson,172569,LB,MISSOURI,12,11,0,68.8,0,0,229,0,0,59.5,63.8,79.3,62.3,66.1,61.6,1,2,0,0,21.0,10.5,4,1,0,112.0,11,1,0,208,0,105,228,5,0,0,5,0,0,223,15,108,14,11,23,1,16,4,1,122,57,11.1
Nana Boadi-Owusu,172571,ED,TEXAS A&M,2,0,1,,0,0,312,0,0,60.0,68.3,72.7,67.5,60.0,,0,1,0,0,,,0,0,0,0.0,0,0,0,0,0,1,6,5,0,0,5,0,0,1,3,2,1,0,0,0,0,1,0,0,0,
Aidan Herrera,172582,LB,TEXAS A&M,1,0,0,,0,0,312,0,0,60.8,65.9,67.8,,64.7,73.6,0,0,0,0,,0.0,0,0,0,0.0,0,0,0,11,0,3,11,0,0,0,0,0,0,11,0,8,0,0,1,0,0,0,0,0,0,
Daymion Sanford,172595,LB,TEXAS A&M,13,13,1,74.2,0,2,312,1,0,63.3,70.1,84.3,81.5,66.2,55.6,1,6,0,1,25.0,21.9,14,1,1,88.1,23,5,0,434,6,249,525,19,0,0,19,0,1,506,53,223,63,31,37,6,31,12,1,200,111,8.7
Jadon Scarlett,172596,DI,TEXAS A&M,1,1,0,,0,0,312,0,0,,77.2,69.4,66.4,68.9,69.7,1,0,0,0,,0.0,0,0,0,0.0,0,0,0,0,0,0,6,6,0,6,0,0,0,0,3,3,0,0,0,0,0,1,0,0,0,
Jayvon Thomas,172600,CB,TEXAS A&M,5,2,0,71.4,0,0,312,0,0,53.2,56.3,76.6,,67.6,80.0,0,0,0,0,36.0,0.0,0,0,0,151.8,5,0,0,5,56,32,66,0,0,0,0,0,1,66,0,34,4,1,2,0,7,0,1,85,2,17.0
Isaiah Willis,172603,CB,TEXAS A&M,1,0,0,,0,0,312,0,0,,60.0,66.4,,60.0,,0,0,0,0,,,0,0,0,0.0,0,0,0,2,0,0,3,0,0,0,0,0,1,3,0,3,0,0,0,0,0,0,0,0,0,
Taurean York,172604,LB,TEXAS A&M,13,19,0,80.0,0,0,312,1,0,90.8,83.7,56.6,64.0,74.0,70.5,4,5,0,0,80.0,12.8,11,1,1,101.4,28,2,0,595,1,368,693,30,0,0,30,0,3,663,48,277,63,44,56,7,35,11,1,212,209,7.6
Ethan Crisp,172608,ED,LIBERTY,12,7,0,75.0,0,0,206,0,0,75.3,70.8,86.6,53.7,69.0,85.5,0,1,0,0,8.0,0.0,0,1,0,77.1,3,0,0,12,0,30,189,149,0,0,149,0,0,40,20,139,26,6,6,2,4,1,0,12,16,4.0
Jalen Gilbert,172611,S,VANDERBILT,4,0,0,60.0,0,0,333,0,0,63.7,63.8,86.5,,60.0,79.7,0,0,0,0,15.0,0.0,0,2,0,73.8,3,0,0,11,1,41,43,0,0,0,0,0,24,43,0,2,6,1,3,0,5,0,0,26,14,8.7
Evan Herrmann,172614,ED,OHIO,12,4,0,,0,0,259,0,0,63.1,72.1,82.1,65.5,69.9,58.3,3,5,0,0,,13.3,2,0,0,0.0,0,1,0,0,0,1,149,149,0,3,125,21,0,0,73,75,0,6,9,1,0,9,0,0,0,
Martel Hight,172615,CB,VANDERBILT,12,8,0,57.1,0,0,333,0,0,71.2,68.2,20.8,58.0,56.6,57.5,0,0,0,3,54.0,17.9,7,3,3,68.2,20,0,0,26,299,218,351,3,0,0,3,0,6,348,2,131,16,8,24,0,35,0,2,295,73,14.8
Bryan Longwell,172620,LB,VANDERBILT,12,20,0,69.6,0,0,333,0,0,67.7,71.7,84.3,79.6,66.0,55.3,3,13,0,1,22.0,17.9,15,1,0,68.4,16,3,0,392,0,223,477,35,0,0,35,0,0,442,51,203,50,29,49,10,23,19,0,146,80,9.1
Jailen Ruth,172625,S,VANDERBILT,8,2,0,100.0,0,0,333,1,0,47.9,50.6,82.2,51.2,70.2,78.2,0,1,0,0,19.0,0.0,0,0,1,109.7,3,0,0,2,0,26,57,16,0,0,16,0,0,41,15,16,39,0,1,0,3,1,0,31,5,10.3
De'Marion Thomas,172631,DI,OKLA STATE,4,6,0,,1,0,262,0,0,,57.5,32.7,56.0,60.4,79.0,0,0,0,0,,0.0,0,0,1,0.0,0,0,0,0,0,0,148,148,36,108,1,3,0,0,64,84,0,3,8,1,0,0,0,0,0,
Jaylen Moson,172659,CB,UTAH,1,0,0,,0,0,328,0,0,,60.3,68.0,,60.0,,0,0,0,0,,,0,0,0,0.0,0,0,0,0,0,0,3,0,0,0,0,0,0,3,0,3,3,0,0,0,0,0,0,0,0,
Brayden Manley,172683,ED,GA TECH,12,3,0,100.0,0,1,176,0,0,54.6,66.8,63.0,69.6,64.1,29.8,3,26,0,0,17.0,34.5,10,0,1,105.6,3,3,0,2,0,22,347,343,0,14,309,20,0,4,196,129,2,13,16,0,3,32,0,28,-1,9.3
Anthony Richard Jr.,172789,CB,SO MISS,12,6,0,54.3,0,0,296,0,0,80.1,78.8,85.2,,63.5,41.2,0,0,0,2,82.0,24.4,10,7,2,78.9,19,0,0,28,468,269,516,4,0,0,4,0,1,512,0,247,15,9,25,0,35,0,2,305,170,16.1
Bradley Thomas,172851,CB,S ALABAMA,2,1,0,100.0,0,0,288,0,0,72.5,73.6,71.6,,61.2,74.2,0,0,0,0,4.0,0.0,0,0,0,83.3,1,0,0,1,13,4,14,0,0,0,0,0,0,14,0,10,0,0,0,0,1,0,0,4,8,4.0
Ethan Tookes,172852,CB,KENNESAW,8,1,0,88.9,0,0,200,0,0,58.3,56.6,0.0,59.1,58.4,77.2,0,0,0,0,34.0,8.3,1,0,2,158.3,8,0,0,5,122,82,140,2,0,1,1,0,0,138,2,56,11,1,10,0,9,0,3,114,10,14.3
Jerry Lawson,172925,DI,LOUISVILLE,12,1,0,,0,0,210,0,0,60.0,67.1,80.9,72.0,60.2,69.8,0,7,0,0,,7.1,1,0,0,0.0,0,2,0,0,0,0,201,200,18,139,1,42,0,1,99,102,0,9,12,1,0,9,0,0,0,
Trevon Gola-Callard,172978,S,CINCINNATI,12,25,0,44.4,0,0,138,0,0,68.4,66.2,45.9,64.4,61.7,55.0,0,1,0,0,19.0,19.5,17,0,1,57.9,8,0,0,399,3,354,628,3,0,0,3,0,150,625,2,272,73,16,45,1,18,1,0,81,59,10.1
Walker Harris,172980,ED,OREGON ST,8,2,0,100.0,0,0,265,0,0,32.2,41.9,82.9,63.2,39.3,35.1,0,1,0,0,15.0,33.3,2,0,0,118.8,2,1,0,2,0,3,95,91,0,0,83,8,0,4,37,55,1,3,2,0,2,2,0,28,11,14.0
Brevin Hamblin,173004,S,UTAH ST,12,25,1,64.2,0,1,329,1,0,54.2,60.5,58.9,80.6,64.7,63.2,0,4,1,1,43.0,16.3,17,5,3,93.8,34,2,0,420,7,457,858,31,0,0,31,0,255,827,24,377,144,18,62,0,53,6,2,427,186,12.6
Scooter Jackson,173006,CB,UCLA,12,12,0,51.4,1,1,324,0,0,62.4,69.2,44.8,75.7,83.1,64.4,1,4,0,2,23.0,15.8,9,3,5,38.9,19,0,0,88,6,254,493,38,0,0,38,0,36,455,21,218,325,16,36,1,37,5,0,147,97,7.7
Beau Sparks,173021,WR,TEXAS ST,1,0,0,,0,0,314,0,0,,60.0,60.0,,60.0,,0,0,0,0,,,0,0,2,0.0,0,0,0,0,0,0,1,0,0,0,0,0,0,1,0,1,0,0,0,0,0,0,0,0,0,
Brian Simms III,173034,LB,CINCINNATI,11,9,0,100.0,0,1,138,0,0,72.8,73.3,84.5,57.0,72.4,61.2,1,3,0,0,22.0,14.3,5,0,0,108.3,4,2,0,204,0,87,240,36,0,0,36,0,0,204,34,119,0,12,21,2,4,6,0,40,30,10.0
Justin Benton,173039,DI,E CAROLINA,12,6,0,,0,0,156,0,0,64.9,65.1,81.8,55.7,67.0,31.5,1,2,0,0,,31.3,5,0,0,0.0,0,1,0,0,0,1,219,219,24,141,24,30,0,0,126,92,0,3,5,0,0,4,0,0,0,
Dalton Carnes,173042,WR,N TEXAS,1,0,0,,0,0,251,0,0,,60.0,,,60.0,,0,0,0,0,,0.0,0,0,0,0.0,0,0,0,0,0,0,1,0,0,0,0,0,0,1,0,1,0,1,1,0,0,0,0,0,0,
Juwon Gaston,173045,S,MIDDLE TN,9,6,0,64.3,1,3,224,0,0,70.8,71.6,36.2,57.9,74.8,45.3,1,1,0,3,68.0,22.0,9,2,3,88.4,18,0,0,108,5,244,457,3,0,0,3,0,129,454,8,205,212,5,26,2,28,2,3,246,164,13.7
Mikal Harrison-Pilot,173046,CB,TEXAS TECH,1,0,0,,0,0,315,0,0,,60.0,60.0,,60.0,,0,0,0,0,,,0,0,0,0.0,0,0,0,0,0,0,1,0,0,0,0,0,0,1,0,1,0,0,0,0,0,0,0,0,0,
Latreveon McCutchin,173048,ED,HOUSTON,12,9,2,63.6,1,1,182,0,0,86.5,68.2,19.6,64.9,61.3,74.7,4,6,1,2,36.0,5.6,2,1,3,51.1,7,1,0,11,0,51,379,335,0,0,335,0,0,44,145,183,33,16,25,2,11,11,0,94,77,13.4
Chris Pearson,173051,LB,ARK STATE,1,0,0,,0,0,113,0,0,62.8,62.3,70.1,,,,0,0,0,0,,,0,0,0,0.0,0,0,0,0,0,4,4,0,0,0,0,0,4,4,0,0,0,0,0,0,0,0,0,0,0,
Jalyn Stanford,173059,S,SM HOUSTON,5,2,0,100.0,0,0,281,0,0,50.3,45.0,77.5,,42.0,28.8,0,0,0,0,32.0,37.5,6,0,0,118.8,1,0,0,43,0,23,80,3,0,0,3,0,25,77,0,57,9,0,8,0,1,0,0,32,11,32.0
Logan Brantley,173065,LB,KANSAS,5,0,0,100.0,0,0,198,0,0,65.1,64.3,76.8,69.8,56.4,51.0,0,2,0,0,-2.0,25.0,2,0,0,79.2,1,1,0,42,0,18,53,4,0,0,4,0,0,49,7,28,7,4,6,1,1,3,0,-2,1,-2.0
Marcus Calvin,173068,DI,KANSAS,12,5,1,,0,0,198,0,0,,64.3,80.5,65.6,61.6,79.9,1,1,0,0,,0.0,0,0,0,0.0,0,1,0,0,0,0,186,186,14,124,8,40,0,0,64,122,0,7,8,0,0,3,0,0,0,
Jameel Croft Jr.,173071,CB,KANSAS,1,0,0,,0,0,198,0,0,,62.9,69.2,,62.8,74.8,0,0,0,0,,0.0,0,0,0,0.0,0,0,0,0,0,0,2,0,0,0,0,0,0,2,0,2,2,0,1,0,0,0,0,0,0,
Taylor Davis,173072,S,KANSAS,12,9,0,73.1,0,0,198,0,0,52.5,55.2,86.7,60.0,59.6,49.0,0,0,0,1,50.0,21.8,12,0,0,132.7,19,0,0,185,0,301,591,1,0,0,1,0,326,590,1,289,79,6,34,0,26,0,3,295,118,15.5
Blake Herold,173075,DI,KANSAS,12,16,3,,0,1,198,1,0,68.7,72.7,84.2,64.1,68.3,60.5,7,6,0,0,,11.4,5,0,0,0.0,0,2,0,1,0,0,460,459,2,353,52,52,0,1,236,224,0,16,23,2,0,15,0,0,0,
Grady Seyfert,173084,DI,KANSAS,2,0,0,,0,0,198,0,0,,60.8,70.3,59.7,61.0,69.7,0,0,0,0,,0.0,0,0,0,0.0,0,0,0,0,0,0,7,7,1,6,0,0,0,0,1,6,0,1,1,0,0,0,0,0,0,
Ezra Vedral,173088,LB,KANSAS,2,1,0,100.0,0,0,198,0,0,30.3,42.0,72.0,59.2,65.3,79.5,0,0,0,0,45.0,0.0,0,0,0,158.3,2,0,0,29,0,13,31,0,0,0,0,0,0,31,2,16,2,2,3,0,2,0,1,51,43,25.5
Jordan Allen,173089,ED,KANSAS ST,11,3,0,100.0,0,0,199,0,0,71.5,59.0,62.3,57.0,56.7,85.2,1,6,0,0,6.0,0.0,0,1,1,91.7,1,2,0,6,0,21,335,327,1,3,321,2,0,8,189,125,2,8,13,2,1,9,0,6,0,6.0
Mikey Bergeron,173092,S,KANSAS ST,1,0,0,,0,0,199,0,0,,60.0,60.0,,60.0,,0,0,0,0,,,0,0,0,0.0,0,0,0,0,0,0,1,0,0,0,0,0,0,1,0,1,0,0,0,0,0,0,0,0,0,
Daniel Cobbs,173095,CB,KANSAS ST,11,8,0,70.0,0,0,199,0,0,64.4,69.7,83.7,61.3,81.8,47.1,1,2,0,3,21.0,21.7,13,1,0,51.5,21,0,0,139,19,221,415,11,0,0,11,0,5,404,18,176,241,22,39,4,30,3,1,141,116,6.7
Ryan Davis,173098,ED,KANSAS ST,9,3,3,66.7,1,1,199,1,0,62.9,56.0,0.0,62.9,55.9,53.2,2,10,0,0,25.0,37.5,6,1,5,109.7,2,4,0,19,2,27,351,327,0,0,325,2,0,24,191,133,3,8,7,2,3,16,0,39,30,19.5
Jack Fabris,173102,S,KANSAS ST,5,2,0,,0,0,199,0,0,66.6,67.7,74.9,56.8,67.6,79.5,0,0,0,0,,0.0,0,0,0,0.0,0,0,0,26,0,17,44,2,0,0,2,0,1,42,2,25,14,2,2,0,0,0,0,0,0,
Wesley Fair,173103,S,KANSAS ST,12,9,0,65.0,0,0,199,1,1,54.1,53.3,27.4,58.4,54.5,54.5,0,0,0,0,82.0,24.0,12,1,1,141.7,13,0,0,193,3,212,409,1,0,0,1,0,140,408,3,194,72,7,29,1,20,0,2,313,142,24.1
Garrett Harstad,173105,TE,KANSAS ST,1,0,0,,0,0,199,0,0,,60.0,60.0,,60.0,,0,0,0,0,,,0,0,0,0.0,0,0,0,0,0,0,1,0,0,0,0,0,0,1,0,1,0,0,0,0,0,0,0,0,0,
Justice Clemons,173107,CB,KANSAS ST,7,0,0,54.5,0,0,199,1,0,51.6,54.1,78.8,,64.3,47.4,0,0,0,0,30.0,28.6,2,0,1,112.3,6,0,0,15,126,68,141,0,0,0,0,0,0,141,0,73,0,1,5,0,11,0,1,91,17,15.2
Terry Kirksey Jr.,173109,LB,ARK STATE,3,5,0,70.0,0,1,113,0,0,60.5,63.0,79.3,52.9,67.7,89.0,0,0,0,1,22.0,0.0,0,0,0,95.0,7,1,0,130,0,76,161,6,0,0,6,0,0,155,13,72,25,8,15,0,10,1,2,83,53,11.9
Will Lee III,173110,CB,TEXAS A&M,13,4,0,55.2,1,0,312,0,0,68.5,66.5,85.8,59.2,52.6,61.2,0,0,0,0,54.0,16.1,9,8,6,108.4,32,1,0,54,646,436,732,1,0,0,1,0,1,731,4,292,28,16,43,1,58,1,4,520,109,16.3
Donovan McIntosh,173112,CB,KANSAS ST,11,2,0,50.0,1,0,199,0,0,65.3,67.0,84.1,,72.3,79.4,0,0,0,1,43.0,3.2,1,2,1,76.5,20,0,0,25,438,295,470,0,0,0,0,0,2,470,0,175,5,5,28,0,40,0,2,254,68,12.7
Asa Newsom,173114,LB,KANSAS ST,9,5,0,50.0,0,0,199,1,0,57.7,58.7,0.0,61.4,64.4,37.8,3,4,0,0,38.0,26.9,7,0,2,120.8,3,0,0,158,1,71,212,12,0,0,12,0,0,200,25,116,40,10,14,0,6,7,1,54,22,18.0
Chiddi Obiazor,173115,ED,KANSAS ST,12,7,1,,0,0,199,1,0,69.1,68.6,67.1,66.6,64.3,52.4,10,19,0,0,,18.2,6,0,1,0.0,0,1,0,1,0,2,497,496,0,181,222,93,0,1,280,215,0,18,20,2,0,30,0,0,0,
Austin Romaine,173117,LB,KANSAS ST,9,22,0,91.7,0,0,199,1,0,63.8,76.5,83.8,65.4,80.5,41.2,4,7,0,1,27.0,22.0,20,2,0,61.5,11,1,0,488,1,207,517,0,0,0,0,0,0,517,61,249,28,41,49,5,12,12,0,85,45,7.7
Kanijal Thomas,173120,CB,KANSAS ST,8,4,0,50.0,0,1,199,0,0,52.3,54.4,0.0,58.6,69.7,54.8,0,0,0,0,11.0,18.2,2,0,1,56.3,4,0,0,18,47,37,81,0,0,0,0,0,0,81,1,43,15,2,5,0,8,0,0,21,18,5.3
Rex Van Wyhe,173123,LB,KANSAS ST,12,12,0,40.0,0,0,199,1,0,48.2,65.3,79.9,48.7,85.8,72.3,1,3,0,0,27.0,9.4,3,0,0,68.8,2,0,0,152,0,72,169,1,0,1,0,0,0,168,19,78,16,7,17,1,5,4,0,40,19,20.0
Jonathan Bax,173128,ED,TCU,12,2,1,50.0,0,1,305,0,0,75.2,61.6,87.1,54.2,62.9,81.1,0,6,0,0,-1.0,0.0,0,0,0,56.3,1,1,0,34,0,18,237,197,0,3,191,3,0,40,147,72,6,6,5,1,2,7,0,-1,2,-1.0
Max Carroll,173130,LB,TCU,12,13,0,85.7,0,1,305,0,0,60.2,68.8,8.8,65.9,77.5,72.9,2,0,0,0,29.0,8.3,3,1,1,127.4,12,0,0,166,1,97,206,14,0,0,14,0,0,192,14,95,24,13,20,3,14,2,1,124,57,10.3
Avion Carter,173131,DI,N TEXAS,7,0,0,,0,0,251,0,0,,61.2,74.5,60.4,60.5,,0,0,0,0,,,0,0,0,0.0,0,0,0,0,0,0,28,28,3,25,0,0,0,0,16,12,0,0,0,0,0,0,0,0,0,
Zach Chapman,173132,ED,TCU,11,12,0,,1,1,305,1,0,62.9,68.7,68.7,61.4,72.9,71.3,3,22,0,0,,10.0,3,0,1,0.0,0,3,0,1,0,2,514,513,31,55,290,137,0,1,294,218,0,13,15,2,0,28,0,0,0,
Markis Deal,173134,DI,TCU,12,7,2,,0,0,305,0,0,67.4,63.8,87.8,60.4,62.0,67.6,0,5,0,0,,8.7,2,0,0,0.0,0,3,0,0,0,0,497,496,234,260,0,2,0,1,257,240,0,13,14,0,0,8,0,0,0,
Randon Fontenette,173136,CB,VANDERBILT,12,10,1,75.0,0,1,333,0,0,68.8,68.5,89.9,60.4,67.1,75.1,4,6,0,0,33.0,12.7,8,4,1,100.4,36,0,0,145,7,400,732,71,0,0,71,0,63,661,59,273,446,21,45,5,48,10,1,333,190,9.3
Vernon Glover Jr.,173137,CB,TCU,12,7,0,48.9,0,0,305,0,0,67.7,71.4,85.7,51.1,86.1,63.0,0,0,0,1,36.0,15.9,7,6,2,62.7,23,0,0,42,539,334,604,12,0,0,12,0,10,592,5,265,0,9,30,1,47,0,0,324,113,14.1
Hudson Hooper,173138,LB,TCU,2,1,0,,0,0,305,0,0,60.3,68.1,70.1,57.3,66.8,73.0,0,0,0,0,,0.0,0,0,0,0.0,0,0,0,5,0,2,7,1,0,0,1,0,0,6,2,3,0,0,0,0,0,0,0,0,0,
Keviyan Huddleston,173139,ED,N TEXAS,12,8,0,,0,0,251,1,0,,71.4,84.2,62.0,74.6,79.4,1,8,0,0,,4.3,1,0,0,0.0,0,6,0,1,0,0,322,321,0,30,176,115,0,1,156,166,0,13,14,2,0,15,0,0,0,
Jamel Johnson,173140,S,TCU,12,13,0,64.9,0,0,305,1,0,60.9,71.6,56.6,55.9,89.0,90.2,0,2,0,4,43.0,6.7,7,2,3,104.5,37,0,0,382,5,474,841,0,0,0,0,0,331,841,2,365,122,44,85,3,57,2,7,520,175,14.1
Jordan Lester,173142,S,TCU,8,3,0,65.0,0,0,305,0,0,54.0,56.5,82.3,,64.0,37.9,0,0,0,0,26.0,28.6,6,1,0,89.2,13,0,0,52,0,93,168,0,0,0,0,0,27,168,0,75,89,3,12,0,20,0,0,158,72,12.2
Kylan Salter,173149,LB,COLORADO,4,0,0,,0,0,143,0,0,60.4,69.5,69.0,60.0,69.7,75.8,0,0,0,0,,0.0,0,0,0,0.0,0,0,0,12,0,2,13,0,0,0,0,0,0,13,1,10,0,2,2,1,0,0,0,0,0,
Derion Gullette,173156,LB,MISS STATE,9,10,1,83.3,0,0,227,0,0,61.1,69.6,82.1,74.0,70.8,58.0,0,1,0,0,14.0,19.5,8,0,0,95.8,5,2,0,178,1,95,229,19,0,0,19,0,0,210,26,108,31,18,23,0,6,3,0,42,34,8.4
Anthony Hill Jr.,173158,LB,TEXAS,10,16,0,71.4,0,1,311,1,0,63.6,71.6,83.5,60.9,79.7,88.8,2,11,0,2,25.0,4.5,3,1,2,62.6,20,3,0,417,3,250,563,43,0,0,43,0,0,520,86,227,100,30,47,4,28,16,0,207,121,10.4
Liona Lefau,173161,LB,TEXAS,12,25,1,77.8,1,0,311,1,1,46.9,61.7,5.2,62.0,76.4,65.4,1,4,0,0,62.0,12.5,9,0,2,137.3,21,0,0,432,0,222,462,11,0,0,11,0,1,451,34,206,18,19,38,2,27,5,2,298,196,14.2
Malik Muhammad,173165,CB,TEXAS,11,2,0,60.0,1,0,311,0,0,69.8,70.8,43.4,67.5,73.5,66.2,0,1,0,2,30.0,13.9,5,2,3,57.8,21,1,0,53,521,366,593,1,0,0,1,0,3,592,4,223,15,13,29,1,35,2,1,168,87,8.0
Colton Vasek,173168,ED,TEXAS,10,1,0,,0,0,311,0,0,63.6,61.5,21.6,59.6,65.7,37.3,1,2,0,0,,40.0,2,0,1,0.0,0,0,0,0,0,3,103,103,0,5,96,2,0,0,69,31,0,1,2,0,0,3,0,0,0,
Ben Cutter,173173,LB,W VIRGINIA,12,9,0,72.2,0,0,343,1,0,84.0,68.7,18.9,58.9,55.1,52.6,2,2,0,2,18.0,18.4,7,1,1,39.4,13,1,0,257,0,127,311,19,0,0,19,0,1,292,47,137,33,14,22,2,18,5,0,72,64,5.5
Rodney Gallagher III,173178,WR,W VIRGINIA,1,0,0,,0,0,343,0,0,,60.1,60.0,,60.0,,0,0,0,0,,,0,0,2,0.0,0,0,0,0,0,0,1,0,0,0,0,0,0,1,0,1,0,0,0,0,0,0,0,0,0,
James Heard Jr.,173179,LB,SYRACUSE,11,5,0,71.4,0,0,304,0,0,53.6,55.2,79.5,52.1,60.1,50.8,0,2,0,0,19.0,20.0,4,0,1,84.2,5,0,0,118,1,56,142,10,0,0,10,0,0,132,14,72,13,5,11,2,7,2,0,38,35,7.6
Corey McIntyre Jr.,173187,DI,W VIRGINIA,9,4,0,,0,0,343,0,0,62.3,52.9,80.2,54.8,50.1,67.9,0,3,0,0,,9.1,1,0,0,0.0,0,2,0,0,0,0,175,175,1,134,9,31,0,0,85,90,0,7,6,1,0,5,0,0,0,
Josiah Trotter,173191,LB,MISSOURI,12,23,0,84.8,0,0,229,0,0,46.2,71.8,9.3,81.6,89.2,78.0,4,7,0,0,32.0,11.0,10,0,2,108.6,28,3,0,449,3,245,516,21,0,0,21,0,0,495,53,218,43,33,58,9,33,14,1,252,123,9.0
Chavez Brown,173197,LB,USF,4,0,0,,0,0,327,0,0,55.1,61.1,73.1,63.3,61.4,48.8,0,0,0,0,,33.3,1,0,0,0.0,0,0,0,14,0,8,17,2,0,0,2,0,0,15,1,8,1,2,2,0,0,0,0,0,0,
Harrison Dempsey,173200,S,N TEXAS,1,0,0,100.0,0,0,251,0,0,60.0,44.2,64.5,,60.0,,0,0,0,0,6.0,,0,0,0,91.7,1,0,0,1,0,1,2,0,0,0,0,0,0,2,0,1,1,0,0,0,1,0,0,6,5,6.0
Evan Jackson,173204,S,N TEXAS,12,6,0,77.8,0,0,251,0,0,61.7,66.7,84.0,57.0,76.2,61.3,0,2,0,1,64.0,15.0,6,0,0,129.2,14,0,0,247,0,213,379,3,0,0,3,0,81,376,4,162,48,14,28,0,18,2,3,199,117,14.2
Kollin Lewis,173206,CB,N TEXAS,11,0,0,37.5,0,0,251,1,0,75.3,74.4,82.7,56.5,67.9,74.9,0,0,0,2,21.0,6.7,1,1,1,27.3,6,0,0,39,295,186,356,2,0,0,2,0,0,354,2,168,20,5,14,1,16,0,1,49,16,8.2
Brian Nelson II,173211,CB,NC STATE,12,3,0,68.9,0,0,248,0,0,68.3,62.2,84.7,,28.7,50.9,0,0,0,0,84.0,20.6,7,4,1,129.1,31,0,0,26,525,336,569,2,0,0,2,0,3,567,0,233,12,7,24,0,45,0,4,432,141,13.9
Landon Sides,173213,WR,N TEXAS,1,0,0,,0,0,251,0,0,,60.0,60.0,,60.0,,0,0,0,0,,,0,0,3,0.0,0,0,0,0,0,0,1,0,0,0,0,0,0,1,0,1,0,0,0,0,0,0,0,0,0,
Ty Morris,173225,LB,RICE,12,24,1,73.1,1,2,275,1,0,68.4,69.6,84.3,66.5,67.8,81.1,1,12,0,0,60.0,8.5,7,1,1,124.0,19,3,0,658,5,358,765,45,0,0,45,0,6,720,59,348,51,29,51,4,26,16,1,301,207,15.8
Beau Barton,173226,LB,RICE,2,2,0,,0,0,275,0,0,67.9,63.8,72.6,,56.0,64.3,0,0,0,0,,16.7,1,0,0,0.0,0,0,0,21,0,6,21,0,0,0,0,0,0,21,0,15,0,0,3,0,0,0,0,0,0,
Christopher Clark-Jolivet,173231,DI,RICE,11,3,0,,1,0,275,0,0,60.0,50.2,0.0,58.5,51.8,42.8,2,3,0,0,,17.6,3,0,3,0.0,0,0,0,0,0,0,215,215,2,100,45,68,0,0,113,102,0,7,11,1,0,5,0,0,0,
Aquantis Clemmons,173232,DI,RICE,12,7,0,,0,0,275,0,0,60.4,66.0,84.0,55.3,71.8,71.4,1,6,0,0,,5.6,1,0,0,0.0,0,1,0,0,0,2,326,326,101,171,9,45,0,0,186,138,0,8,10,2,0,8,0,0,0,
Drayden Dickmann,173233,WR,RICE,1,0,0,,1,0,275,0,0,,60.0,60.0,,60.0,,0,0,0,0,,,0,0,1,0.0,0,0,0,0,0,0,1,0,0,0,0,0,0,1,0,1,0,0,0,0,0,0,0,0,0,
JaBari Ellison,173235,CB,RICE,1,0,0,,0,0,275,0,0,,60.0,60.0,,60.0,,0,0,0,0,,,0,0,0,0.0,0,0,0,0,0,0,1,0,0,0,0,0,0,1,0,1,0,0,0,0,0,0,0,0,0,
Cooper King,173244,LB,RICE,2,0,0,,0,0,275,0,0,72.7,74.7,73.3,71.9,61.6,82.2,0,0,0,0,,0.0,0,0,0,0.0,0,1,0,24,0,11,25,0,0,0,0,0,0,25,0,14,1,5,6,1,0,1,0,0,0,
Joseph Mutombo,173245,ED,RICE,11,1,0,,1,0,275,0,0,58.5,46.7,14.9,59.5,44.0,22.8,4,8,0,0,,63.6,7,0,2,0.0,0,0,0,2,0,1,208,206,0,25,100,81,0,2,111,96,0,1,3,0,0,12,0,0,0,
David Kpeglo,173276,LB,TEMPLE,2,0,0,,0,0,306,0,0,60.0,45.1,71.1,,46.7,,1,0,0,0,,,0,0,0,0.0,0,0,0,3,0,1,8,3,0,0,3,0,0,5,0,7,2,0,0,0,0,1,0,0,0,
Jordan Montgomery,173277,LB,TEMPLE,6,2,0,100.0,0,0,306,0,0,54.6,68.2,75.7,,75.1,79.9,0,0,0,0,7.0,0.0,0,0,0,95.8,1,0,0,44,0,12,49,0,0,0,0,0,0,49,0,37,5,2,3,0,1,0,0,7,7,7.0
Ben Osueke,173278,CB,TEMPLE,12,7,0,44.2,0,0,306,0,0,58.3,59.4,84.7,47.3,63.0,46.0,0,1,0,1,77.0,25.0,11,3,3,94.1,19,0,0,87,546,316,653,9,0,0,9,0,2,644,1,336,9,9,26,0,43,1,4,350,203,18.4
Zyil Powell,173279,S,TEMPLE,9,2,0,100.0,0,0,306,0,0,71.4,69.0,0.0,,70.0,83.8,0,0,0,0,4.0,0.0,0,0,1,83.3,1,0,0,44,0,22,74,1,0,0,1,0,10,73,0,52,17,2,7,0,1,0,0,4,0,4.0
Darrell Sweeting,173284,CB,MARSHALL,12,2,0,71.1,0,0,214,0,0,58.9,57.6,83.4,63.0,49.1,66.0,0,2,0,1,73.0,16.2,6,0,1,122.6,27,1,0,62,407,274,476,3,0,0,3,0,1,473,7,195,2,6,29,0,38,3,3,419,252,15.5
Tyrese Whitaker,173287,ED,TEMPLE,11,2,0,100.0,0,0,306,0,0,72.2,51.4,56.8,49.2,50.4,70.2,1,5,0,0,2.0,20.0,2,0,1,79.2,1,1,0,22,0,20,284,259,0,2,257,0,0,25,122,142,3,5,6,1,1,7,0,2,9,2.0
Reeves Baller,173290,ED,NEW MEX ST,3,1,0,,0,0,242,0,0,60.6,72.4,74.9,73.0,63.6,74.1,0,1,0,0,,0.0,0,0,0,0.0,0,0,0,0,0,1,16,15,0,1,14,0,1,1,5,10,0,0,1,0,0,1,0,0,0,
RJ Jackson Jr.,173301,DI,UCF,12,8,2,,0,0,323,0,0,59.9,69.3,45.0,61.1,73.7,56.3,1,5,0,0,,13.3,4,0,2,0.0,0,2,0,4,0,0,456,452,32,390,5,25,0,4,209,247,0,11,18,1,0,8,0,0,0,
Jair Murphy,173306,CB,USF,5,0,0,60.0,0,0,327,0,0,69.0,71.9,74.5,73.2,61.1,76.2,0,0,0,0,28.0,0.0,0,0,0,95.4,3,0,0,1,28,18,32,0,0,0,0,0,1,32,3,11,1,1,2,0,5,0,0,52,17,17.3
C.J. Turner,173318,LB,TULSA,8,6,0,50.0,0,0,320,0,0,65.9,72.5,79.0,56.5,77.1,85.5,0,3,0,0,15.0,0.0,0,0,0,75.0,1,0,0,67,0,27,93,8,0,0,8,0,0,85,13,53,17,3,5,0,2,3,0,15,5,15.0
Zane Woodham,173320,S,TULSA,9,3,0,100.0,0,0,320,0,0,66.2,63.9,86.5,54.8,61.5,63.8,0,2,0,0,10.0,18.8,3,0,0,84.7,3,0,0,22,0,24,105,45,0,0,45,0,0,60,3,78,37,7,10,1,3,2,0,13,14,4.3
Jonathan Allen,173322,DI,UAB,12,12,0,,0,0,321,0,0,60.0,62.4,60.7,62.5,61.7,53.2,1,10,0,0,,17.1,7,0,1,0.0,0,3,0,0,0,0,390,390,8,350,2,30,0,0,156,234,0,15,22,0,0,14,0,0,0,
Chris Bracy,173324,S,MEMPHIS,12,24,0,66.7,0,1,218,1,0,53.5,68.8,88.5,60.0,91.2,63.6,0,0,0,1,44.0,13.0,12,4,1,123.6,30,0,0,341,0,345,697,2,0,0,2,0,142,695,1,351,210,19,56,8,45,0,5,412,122,13.7
Jaylyn Ferguson,173327,CB,UAB,1,0,0,,0,0,321,0,0,,60.0,63.8,,60.0,,0,0,0,0,,,0,0,0,0.0,0,0,0,0,1,0,1,0,0,0,0,0,0,1,0,1,0,0,0,0,0,0,0,0,0,
Kyle McKinney,173334,S,UAB,1,0,0,,0,0,321,0,0,,60.0,64.7,,60.0,,0,0,0,0,,,0,0,0,0.0,0,0,0,1,0,0,2,0,0,0,0,0,1,2,0,2,0,0,0,0,0,0,0,0,0,
Everett Roussaw Jr.,173344,LB,MEMPHIS,11,16,1,78.9,0,1,218,1,0,62.4,61.9,90.8,56.5,61.9,60.0,6,12,0,1,25.0,16.7,12,1,0,77.9,15,2,0,218,0,255,732,413,0,0,413,0,2,319,133,344,98,24,44,4,19,20,0,151,82,10.1
Kam Shanks,173347,WR,ARKANSAS,2,0,0,,0,0,111,0,0,60.0,39.4,60.0,,60.0,,0,0,0,0,,,0,0,0,0.0,0,0,0,0,0,1,2,0,0,0,0,0,0,2,0,1,0,0,0,0,0,0,0,0,0,
Eamon Smalls,173348,DI,UAB,11,15,0,,0,0,321,0,0,60.0,65.0,42.8,65.5,64.7,69.6,1,10,0,0,,7.0,4,0,3,0.0,0,1,0,0,0,0,416,416,86,328,0,2,0,0,166,250,0,27,38,3,0,12,0,0,0,
Tyler Thomas,173350,ED,S ALABAMA,11,2,0,,1,0,288,0,0,70.7,65.7,57.1,68.3,58.2,73.6,2,11,0,0,,8.3,1,0,1,0.0,0,1,0,3,0,2,287,283,0,23,211,49,0,4,164,121,1,10,9,1,0,14,0,0,0,
Emmanuel Waller,173352,ED,S ALABAMA,12,4,0,,0,0,288,1,0,82.1,64.1,86.4,57.5,63.4,60.7,1,5,0,0,,13.3,2,0,0,0.0,0,1,0,5,0,1,310,305,0,20,210,75,0,5,151,158,0,8,9,2,0,7,0,0,0,
Bruno Dall,173356,ED,AKRON,12,10,4,66.7,0,1,102,0,0,70.6,79.3,60.7,81.5,74.9,63.3,4,25,0,1,26.0,17.3,9,2,2,100.7,4,4,0,14,0,95,628,589,0,0,584,5,0,39,232,301,24,29,33,4,6,33,1,62,32,15.5
Terence Thomas,173360,CB,AKRON,9,2,0,57.1,0,0,102,0,0,71.8,69.9,81.1,59.9,58.9,62.9,0,0,0,0,28.0,16.7,2,2,0,69.0,8,0,0,1,125,71,144,0,0,0,0,0,0,144,2,71,16,3,8,0,14,0,0,65,31,8.1
David Afogho,173363,ED,BOWL GREEN,12,10,1,,1,0,122,0,0,60.2,66.1,17.5,68.1,66.7,70.7,2,22,0,0,,14.3,5,0,4,0.0,0,3,0,41,0,17,481,439,0,2,437,0,0,42,242,222,1,17,20,1,0,27,0,0,0,
Jabari Mitchell,173373,LB,BOWL GREEN,2,0,0,,0,0,122,0,0,77.5,78.2,73.6,,63.0,76.1,0,0,0,0,,0.0,0,0,0,0.0,0,0,0,15,0,8,17,1,0,0,1,0,0,16,0,9,1,1,2,0,0,0,0,0,0,
Dayln White,173378,DI,BOWL GREEN,9,0,0,,0,0,122,0,0,59.4,51.4,81.2,52.9,52.1,70.1,0,1,0,0,,0.0,0,0,0,0.0,0,0,0,0,0,1,163,163,48,113,0,2,0,0,79,83,0,0,1,0,0,1,0,0,0,
Amare Ferrell,173381,S,INDIANA,12,5,0,50.0,0,0,190,0,0,86.3,83.9,87.1,47.8,75.0,53.0,0,1,0,4,59.0,22.2,10,7,1,61.1,15,0,0,179,6,394,621,3,0,0,3,0,328,618,0,227,104,19,30,2,30,1,2,250,85,16.7
Jeff Utzinger,173390,LB,INDIANA,5,3,0,80.0,0,0,190,0,0,41.4,57.0,77.8,62.9,76.2,82.9,0,1,0,0,21.0,0.0,0,0,0,105.0,4,0,0,33,0,22,48,9,0,0,9,0,0,39,5,21,6,5,6,0,5,1,0,46,16,11.5
Donovan Dyson,173395,LB,UMASS,9,10,0,66.7,0,0,216,0,0,49.3,55.9,83.3,62.4,59.0,51.5,0,2,0,0,19.0,21.9,7,0,0,133.3,2,0,0,140,0,41,189,35,0,0,35,0,0,154,14,134,14,5,15,1,3,2,1,26,18,13.0
Kerry Brown,173399,S,MINNESOTA,12,10,0,71.4,0,0,225,0,0,61.7,69.7,86.2,71.0,82.3,69.9,1,3,0,2,40.0,12.7,8,3,1,92.0,25,1,0,184,2,319,579,4,0,0,4,0,194,575,15,245,195,17,45,4,35,5,2,295,81,11.8
Za'Quan Bryan,173400,CB,MINNESOTA,10,7,0,63.6,0,1,225,0,0,64.7,61.4,84.2,51.8,43.8,68.5,0,1,0,0,51.0,12.8,5,2,0,110.7,21,0,0,20,410,248,440,2,0,0,2,0,1,438,3,189,7,8,27,2,33,1,2,280,53,13.3
Matt Kingsbury,173407,LB,MINNESOTA,11,7,1,88.9,0,0,225,2,1,42.9,62.2,86.2,77.2,67.7,50.0,2,4,0,0,23.0,23.3,7,0,0,136.6,8,4,0,118,1,80,259,103,0,0,103,0,0,156,51,128,37,12,16,2,9,10,1,71,39,8.9
Terrence McWilliams Jr.,173411,WR,LOUISVILLE,1,0,0,,0,0,210,0,0,,60.0,60.0,,60.0,,0,0,0,0,,,0,0,0,0.0,0,0,0,0,0,0,1,0,0,0,0,0,0,1,0,1,0,0,0,0,0,0,0,0,0,
Karter Menz,173412,ED,MINNESOTA,12,7,0,100.0,0,0,225,1,0,42.7,63.6,88.5,67.1,64.6,65.6,5,10,0,0,15.0,11.5,3,0,0,103.3,5,6,0,10,0,32,334,324,0,0,324,0,0,10,178,124,0,15,16,3,5,21,0,44,28,8.8
Garrison Monroe,173414,S,MINNESOTA,4,1,0,33.3,0,1,225,0,0,71.8,78.9,76.1,53.7,91.1,80.3,0,0,0,0,3.0,0.0,0,1,0,42.4,1,0,0,19,0,31,49,0,0,0,0,0,14,49,3,15,16,3,3,0,3,0,0,3,0,3.0
Martin Owusu,173416,DI,FRESNO ST,9,7,2,,0,0,169,1,0,62.1,64.4,53.4,55.8,68.5,67.1,0,3,0,0,,8.3,2,0,1,0.0,0,0,0,0,0,1,286,286,20,262,0,4,0,0,143,142,0,11,15,0,0,3,0,0,0,
Koron Hayward,173436,ED,W KENTUCKY,11,3,1,57.1,0,0,346,0,0,61.2,62.8,54.1,64.6,61.0,49.2,3,8,1,1,33.0,23.5,4,0,2,47.0,4,2,0,55,0,53,296,216,0,6,208,2,0,80,105,138,23,9,10,0,7,13,0,62,51,15.5
Joshua Mensah,173444,LB,W KENTUCKY,1,0,0,,0,0,346,0,0,60.0,71.7,65.9,,67.0,73.6,0,0,0,0,,0.0,0,0,0,0.0,0,0,0,2,0,1,3,0,0,0,0,0,0,3,0,2,1,1,1,0,0,0,0,0,0,
Nazir Ward,173447,CB,W KENTUCKY,12,13,0,60.5,0,0,346,0,0,64.6,64.1,85.8,74.2,54.0,49.4,0,0,0,1,36.0,22.0,11,4,7,79.4,26,1,0,45,616,393,694,5,0,0,5,0,1,689,7,294,26,7,26,2,43,1,1,298,89,11.5
A'Marion McCoy,173448,CB,BOISE ST,10,2,0,51.7,0,0,120,0,0,83.7,76.7,0.0,46.4,60.4,30.0,0,2,2,4,37.0,29.4,10,2,5,45.3,15,0,0,32,475,250,528,2,0,0,2,0,9,526,1,277,10,7,22,3,29,2,1,196,87,13.1
Max Stege,173456,ED,BOISE ST,12,7,0,,0,0,120,0,0,64.1,67.3,34.0,67.7,66.5,46.1,4,16,0,0,,17.9,5,0,3,0.0,0,1,0,0,0,8,522,521,0,22,413,86,0,1,247,267,0,13,16,3,0,21,0,0,0,
Jett Vincent,173468,LB,COLO STATE,9,1,0,,0,0,144,0,0,66.6,56.1,77.4,62.8,47.9,30.3,1,1,0,0,,30.8,4,0,0,0.0,0,0,0,58,1,19,73,9,0,0,9,0,0,64,10,44,5,5,8,3,0,2,0,0,0,
Dylan Phelps,173470,S,COLO STATE,9,2,0,62.5,0,0,144,0,0,66.5,66.2,85.6,59.7,63.9,67.1,1,6,0,0,43.0,15.4,2,1,0,101.0,5,0,0,67,9,133,264,26,0,0,26,0,12,238,30,101,150,3,9,0,8,7,0,90,47,18.0
Drew Rodriguez,173485,LB,COLO STATE,7,2,0,66.7,0,0,144,0,0,61.0,60.3,78.3,54.8,60.7,54.0,0,0,0,0,6.0,16.7,2,1,0,72.9,2,0,0,47,1,10,66,14,0,0,14,0,0,52,5,51,4,4,8,0,3,0,0,11,13,5.5
Buom Jock,173486,LB,CAL,3,0,0,,0,0,130,0,0,60.0,51.3,72.0,,51.1,21.4,0,0,0,0,,100.0,1,0,0,0.0,0,0,0,4,0,1,6,0,0,0,0,0,0,6,0,5,2,0,0,0,0,0,0,0,0,
Kenyon Agurs,173489,ED,COLO STATE,12,8,0,0.0,0,1,144,0,0,81.9,72.3,89.9,65.5,68.2,88.2,1,13,0,0,,0.0,0,0,0,39.6,0,0,0,43,4,21,474,423,0,18,384,21,0,51,210,243,3,11,21,1,1,14,0,0,0,
Andrew Laurich,173494,DI,COLO STATE,11,13,0,,0,0,144,3,0,74.6,51.4,63.9,53.2,49.7,52.5,1,2,0,0,,14.3,5,0,1,0.0,0,0,0,2,0,0,416,413,114,192,25,82,0,3,187,229,0,14,17,2,0,3,0,0,0,
Jaden Carrillo,173504,S,FRESNO ST,4,0,0,75.0,0,0,169,0,0,32.9,39.3,75.7,,61.7,50.3,0,0,0,0,28.0,25.0,1,0,0,116.7,3,0,0,1,0,9,23,0,0,0,0,0,17,23,0,14,4,0,3,0,4,0,0,54,37,18.0
Camryn Bracha,173509,S,FRESNO ST,12,15,2,59.1,0,1,169,0,0,70.6,67.5,85.4,71.1,58.3,52.6,1,4,0,2,36.0,17.2,10,2,0,86.0,13,0,0,271,2,267,506,24,0,0,24,0,112,482,14,225,94,15,33,1,22,5,3,174,55,13.4
RL Miller,173510,S,FRESNO ST,5,0,0,50.0,0,0,169,0,0,71.8,56.1,0.0,57.7,36.4,22.4,0,0,0,0,4.0,57.1,4,0,1,56.3,2,0,0,27,0,35,76,4,0,0,4,0,33,72,2,39,9,2,3,0,4,0,0,6,1,3.0
Justin Johnson,173513,LB,FRESNO ST,7,0,0,50.0,0,0,169,0,0,65.4,60.8,73.6,56.9,56.0,56.7,0,0,0,0,7.0,25.0,1,0,0,58.3,1,0,0,29,0,14,32,0,0,0,0,0,0,32,2,16,2,1,3,0,2,0,0,7,3,7.0
Jake Tarwater,173520,TE,FRESNO ST,1,0,0,,1,0,169,0,0,,60.0,60.0,,60.0,,0,0,0,0,,,0,0,3,0.0,0,0,0,0,0,0,1,0,0,0,0,0,0,1,0,1,0,0,0,0,0,0,0,0,0,
Isiah Chala,173522,ED,FRESNO ST,2,1,0,,0,0,169,0,0,,63.3,88.1,,61.7,71.1,0,0,0,0,,0.0,0,0,0,0.0,0,0,0,0,0,0,5,3,0,0,3,0,0,2,0,5,0,0,0,0,0,0,0,0,0,
Ezra Christensen,173523,DI,NEW MEX ST,11,9,2,,0,2,242,0,0,61.3,88.6,84.5,88.3,79.3,53.2,6,28,0,0,,18.4,9,1,0,0.0,0,6,0,0,0,0,494,494,6,401,33,54,0,0,284,210,0,29,31,6,0,40,0,0,0,
Mordecai Hines,173524,DI,FRESNO ST,5,0,0,,0,0,169,0,0,60.0,56.9,0.0,74.2,58.3,76.2,0,2,0,0,,0.0,0,0,3,0.0,0,1,0,0,0,0,73,73,0,70,0,3,0,0,37,36,0,5,4,1,0,3,0,0,0,
A.J. Harris,173534,CB,PENN STATE,11,8,0,92.0,2,0,266,1,0,58.5,60.7,36.8,57.3,71.7,76.6,0,0,0,0,33.0,9.8,4,0,4,141.0,23,0,0,52,411,247,493,6,0,0,6,0,4,487,3,243,18,8,29,0,25,0,2,286,120,12.4
Justyn Rhett,173535,S,NEBRASKA,7,3,0,66.7,0,0,238,0,0,58.1,57.4,77.1,60.0,56.5,46.7,0,0,0,0,16.0,25.0,2,0,0,100.7,2,0,0,37,0,29,72,1,0,0,1,0,23,71,1,42,11,1,3,0,3,0,0,31,18,15.5
Joenel Aguero,173536,S,GEORGIA,12,11,0,72.7,0,0,173,0,0,65.4,67.0,89.5,61.9,69.3,63.5,2,1,0,1,24.0,14.6,7,1,2,78.5,32,0,0,83,17,307,563,62,0,0,62,0,26,501,23,233,375,13,30,1,44,3,0,267,220,8.3
CJ Allen,173539,LB,GEORGIA,11,20,0,70.6,0,2,173,1,0,60.5,81.8,82.7,72.1,90.8,87.8,0,8,0,0,40.0,6.6,6,3,0,101.1,24,4,0,423,2,204,474,2,0,0,2,0,0,472,66,204,47,36,65,3,34,12,1,248,179,10.3
Raylen Wilson,173541,LB,GEORGIA,12,14,0,68.2,0,0,173,0,0,68.3,69.1,83.6,63.3,67.4,82.4,1,15,0,0,19.0,7.0,4,1,1,76.7,15,3,0,385,2,196,475,49,0,0,49,0,0,426,71,208,39,26,39,3,22,19,0,94,84,6.3
Damon Wilson II,173543,ED,MISSOURI,12,2,2,100.0,0,0,229,1,0,70.1,78.3,51.7,81.4,66.6,61.4,9,33,0,1,-7.0,30.0,3,0,2,39.6,1,8,0,2,0,6,461,457,0,1,455,1,0,4,290,165,1,11,5,0,1,50,0,-7,0,-7.0
Sam M'Pemba,173546,ED,TEXAS A&M,4,3,0,,0,1,312,1,0,60.5,87.6,78.7,88.3,72.8,77.1,1,0,0,0,,0.0,0,0,0,0.0,0,1,0,0,0,2,35,35,0,0,34,1,0,0,16,17,0,1,0,0,0,2,0,0,0,
Gabe Harris Jr.,173547,ED,GEORGIA,12,8,0,,0,0,173,0,0,61.5,66.7,87.5,64.2,65.2,64.1,4,14,0,0,,12.5,3,0,0,0.0,0,1,0,10,0,9,418,407,0,35,278,94,0,11,240,169,1,11,13,4,0,19,0,0,0,
Jordan Hall,173549,DI,GEORGIA,8,3,0,,0,0,173,0,0,61.1,59.4,79.5,56.9,58.8,78.4,0,3,0,0,,0.0,0,0,0,0.0,0,0,0,0,0,0,153,153,4,114,5,30,0,0,80,73,0,8,8,2,0,3,0,0,0,
Jamaal Jarrett,173551,DI,USC,5,1,0,,0,0,326,0,0,61.5,63.4,0.0,60.5,63.4,71.5,1,0,1,1,,0.0,0,0,1,0.0,0,0,0,0,0,0,43,43,31,11,1,0,0,0,26,17,0,1,2,1,0,1,0,0,0,
Jason Haggerty,173552,CB,MARSHALL,1,0,0,,0,0,214,0,0,,60.1,60.0,,60.0,,0,0,0,0,,,0,0,0,0.0,0,0,0,0,0,0,1,0,0,0,0,0,0,1,0,1,0,0,0,0,0,0,0,0,0,
Justin Haggerty,173553,WR,MARSHALL,1,0,0,,0,0,214,0,0,,60.1,60.0,,60.0,,0,0,0,0,,,0,0,0,0.0,0,0,0,0,0,0,1,0,0,0,0,0,0,1,0,1,0,0,0,0,0,0,0,0,0,
Caleb Clark-Glover,173555,S,MARSHALL,12,7,0,57.1,0,0,214,1,0,61.4,60.1,20.9,57.1,61.0,45.6,0,1,0,0,80.0,18.8,6,2,2,140.5,8,1,0,153,3,160,333,45,0,0,45,0,95,288,14,159,37,11,19,3,14,2,3,172,112,21.5
Jaden Yates,173560,LB,OLE MISS,13,12,0,76.9,0,0,226,0,0,63.9,60.5,81.9,60.1,55.7,71.8,0,0,0,0,57.0,11.4,5,0,0,138.3,10,1,0,289,0,165,332,6,0,0,6,0,0,326,24,143,37,9,27,0,13,1,1,145,97,14.5
Kshawn Cox Jr.,173607,CB,DELAWARE,10,2,0,72.1,0,0,151,0,0,64.0,63.8,41.1,52.2,66.3,55.1,0,0,0,0,68.0,16.2,6,1,2,127.9,31,0,0,39,487,322,541,12,0,0,12,0,0,529,7,212,3,5,29,1,43,0,4,358,216,11.5
Anthony Crenshaw Jr.,173608,LB,DELAWARE,6,7,0,70.0,0,0,151,0,0,57.4,52.0,79.8,49.0,48.7,80.1,0,2,0,0,22.0,4.8,1,1,0,94.6,7,0,0,66,0,66,142,19,0,0,19,0,0,123,17,59,57,4,13,1,10,2,0,82,58,11.7
Nyair Domnie,173609,CB,DELAWARE,4,1,0,33.3,0,0,151,0,0,44.9,44.1,78.2,54.1,48.4,18.8,0,0,0,0,71.0,57.1,4,0,1,121.5,1,0,0,5,88,53,96,0,0,0,0,0,0,96,3,40,3,1,2,0,3,0,1,71,42,71.0
Hasson Manning Jr.,173614,S,DELAWARE,11,1,0,66.7,0,0,151,0,0,55.9,53.0,84.7,57.8,44.7,26.6,0,0,0,0,48.0,38.9,7,3,0,115.5,16,0,0,89,3,136,254,3,0,0,3,0,40,251,2,116,119,3,10,2,24,0,1,253,63,15.8
Gavin Moul,173618,LB,DELAWARE,12,23,0,75.0,0,0,151,1,1,46.9,65.7,63.0,62.8,78.3,72.4,4,12,0,0,23.0,11.8,13,2,1,105.3,27,2,0,703,0,367,803,61,0,7,53,1,2,742,96,340,37,46,74,5,36,18,1,272,196,10.1
KT Seay,173621,S,DELAWARE,12,13,0,62.9,1,0,151,1,0,75.6,75.8,87.6,72.1,71.4,87.1,1,1,0,3,31.0,7.7,7,3,2,87.1,22,0,0,372,3,467,806,5,0,0,5,0,299,801,1,338,127,20,71,3,35,2,4,254,99,11.5
James Yelbert Jr.,173627,ED,DELAWARE,12,3,0,,0,0,151,0,0,,52.6,6.3,59.4,52.1,58.2,4,14,0,0,,23.1,3,0,3,0.0,0,3,0,3,0,0,264,261,0,29,166,66,0,3,169,95,0,8,7,1,0,21,0,0,0,
Jayden Cofield,173631,DI,TEXAS TECH,12,8,0,,0,0,315,0,0,64.7,74.7,82.8,57.6,82.5,75.2,0,3,0,0,,4.3,1,0,0,0.0,0,1,0,2,0,0,252,249,80,156,0,13,0,3,152,100,0,13,14,2,0,4,0,0,0,
John Curry,173634,CB,TEXAS TECH,12,13,0,74.5,0,0,315,2,1,78.8,78.0,88.4,60.9,79.8,81.9,1,3,0,0,21.0,8.1,5,1,0,97.2,35,0,0,172,3,353,606,82,0,0,82,0,34,524,41,212,314,28,44,2,47,4,2,213,154,6.1
Miquel Dingle Jr.,173635,LB,TEXAS TECH,1,0,0,,0,0,315,0,0,60.0,49.7,63.9,,,,0,0,0,0,,,0,0,0,0.0,0,0,0,0,0,1,1,0,0,0,0,0,0,1,0,0,1,0,0,0,0,0,0,0,0,
Chapman Lewis,173640,S,TEXAS TECH,2,0,0,0.0,0,0,315,0,0,60.0,42.4,67.4,,60.0,,0,0,0,0,,,0,0,0,39.6,0,0,0,4,0,1,5,0,0,0,0,0,1,5,0,4,0,0,0,0,1,0,0,0,0,
Ansel Nedore,173643,ED,TEXAS TECH,10,2,0,,0,0,315,0,0,60.0,67.6,79.1,66.7,63.6,74.8,1,4,0,0,,0.0,0,0,0,0.0,0,1,0,0,0,1,66,66,0,4,40,22,0,0,41,24,0,1,0,0,0,6,0,0,0,
Marcus Ramon-Edwards,173644,CB,TEXAS TECH,1,0,0,,0,0,315,0,0,60.0,61.2,67.0,,60.0,,0,0,0,0,,,0,0,0,0.0,0,0,0,0,0,1,3,0,0,0,0,0,0,3,0,2,3,0,0,0,0,0,0,0,0,
Braylon Rigsby,173645,DI,TEXAS TECH,11,3,1,,0,0,315,0,0,61.1,73.2,79.6,70.5,69.0,77.6,0,6,0,0,,12.5,1,0,0,0.0,0,0,0,0,0,1,133,132,5,57,21,49,0,1,84,48,0,4,4,0,0,6,0,0,0,
Jordan Sanford,173646,S,CAL,10,3,0,100.0,0,0,130,0,0,59.7,56.8,79.0,57.4,51.4,38.5,0,0,0,0,12.0,28.6,4,0,0,96.7,5,0,0,50,0,63,131,1,0,0,1,0,62,130,3,65,18,2,7,0,5,0,0,36,9,7.2
Dylan Spencer,173649,ED,TEXAS TECH,3,0,0,100.0,0,0,315,0,0,60.8,58.1,78.7,54.1,61.7,75.2,0,2,0,0,6.0,0.0,0,0,0,91.7,1,0,0,0,0,4,31,31,0,0,31,0,0,0,18,9,0,1,2,0,1,2,0,6,0,6.0
Macho Stevenson,173650,CB,TEXAS TECH,1,0,0,100.0,0,0,315,0,0,52.7,51.1,66.9,,60.0,74.2,0,0,0,0,11.0,0.0,0,0,0,112.5,1,0,0,0,3,2,3,0,0,0,0,0,0,3,0,1,0,0,1,0,1,0,0,11,6,11.0
Miles Thompson,173652,S,N ILLINOIS,2,0,0,,0,0,254,0,0,,64.3,67.4,,63.5,73.5,0,0,0,0,,0.0,0,0,0,0.0,0,0,0,3,4,0,7,0,0,0,0,0,0,7,0,7,0,0,1,0,0,0,0,0,0,
Kelby Valsin,173653,WR,TEXAS TECH,1,0,0,,0,0,315,0,0,,60.0,60.0,,60.0,,0,0,0,0,,,0,0,0,0.0,0,0,0,0,0,0,1,0,0,0,0,0,0,1,0,1,0,0,0,0,0,0,0,0,0,
Amier Washington,173654,DI,TEXAS TECH,10,4,0,,0,0,315,0,0,60.0,67.5,0.0,71.3,69.1,62.7,1,3,0,0,,11.1,1,0,2,0.0,0,0,0,2,0,0,87,85,0,46,0,39,0,2,50,37,0,3,4,1,0,4,0,0,0,
T.J. West,173655,WR,TEXAS TECH,1,0,0,,0,0,315,0,0,,60.0,60.0,,60.0,,0,0,0,0,,,0,0,0,0.0,0,0,0,0,0,0,1,0,0,0,0,0,0,1,0,1,0,0,0,0,0,0,0,0,0,
Kadarius Miller,173676,DI,LA LAFAYET,12,9,1,,0,0,207,0,0,60.1,65.0,86.7,72.1,57.4,37.7,0,10,0,0,,20.0,6,0,0,0.0,0,0,0,1,0,2,434,432,160,255,5,12,0,2,214,218,0,12,15,2,0,10,0,0,0,
Adepoju Adebawore,173683,ED,OKLAHOMA,13,3,0,50.0,0,0,261,0,0,52.5,63.9,56.5,62.6,68.7,48.9,3,5,0,0,12.0,22.2,4,0,1,63.5,2,2,0,7,0,27,283,275,0,10,232,33,0,8,137,119,1,10,11,3,4,10,0,19,15,9.5
Peyton Bowen,173687,S,OKLAHOMA,13,12,1,75.8,0,0,261,0,0,76.8,78.6,88.4,76.4,77.3,72.1,1,0,0,2,54.0,10.9,6,6,0,126.0,25,0,0,193,1,396,679,6,0,0,6,0,321,673,5,278,157,17,37,1,33,1,5,368,165,14.7
Lewis Carter,173689,LB,UCF,11,29,0,81.6,0,2,323,0,0,68.0,75.9,49.9,72.4,75.9,74.7,1,6,0,0,46.0,8.7,10,2,1,123.7,31,2,0,672,0,302,692,15,0,0,15,0,1,677,45,345,4,39,76,2,38,9,3,280,180,9.0
Kendel Dolby,173694,S,OKLAHOMA,4,1,0,83.3,0,0,261,0,0,62.7,64.2,77.9,62.5,65.4,83.4,0,1,0,0,12.0,0.0,0,0,0,136.1,5,0,0,13,24,38,64,3,0,0,3,0,4,61,7,19,20,4,7,2,6,1,1,43,20,8.6
Taylor Heim,173699,LB,OKLAHOMA,5,2,0,100.0,0,0,261,0,0,58.0,70.4,72.8,68.0,79.2,66.1,2,2,0,0,10.0,16.7,2,0,0,108.3,1,0,0,21,0,16,36,3,0,0,3,0,0,33,6,14,11,6,8,2,1,4,0,10,1,10.0
Jacobe Johnson,173703,CB,OKLAHOMA,11,0,0,46.2,0,0,261,0,0,71.2,70.6,80.2,60.0,57.5,31.9,0,1,0,2,24.0,33.3,5,0,1,25.6,6,0,0,20,152,111,175,0,0,0,0,0,0,175,0,64,2,5,10,0,13,1,0,77,24,12.8
Daeh McCullough,173707,S,LOUISVILLE,1,0,0,,0,0,210,0,0,64.2,61.0,73.1,,56.2,27.0,0,0,0,0,,50.0,1,0,0,0.0,0,0,0,6,1,9,21,0,0,0,0,0,12,21,0,12,2,1,1,0,0,0,0,0,0,
Sammy Omosigho,173714,LB,OKLAHOMA,13,8,2,65.0,0,0,261,0,0,57.0,72.1,27.9,67.7,86.6,90.1,0,5,0,0,25.0,2.5,1,1,1,81.0,13,3,0,228,1,129,297,32,0,0,32,0,3,265,44,124,33,22,31,2,20,8,0,119,86,9.2
Ashton Sanders,173718,DI,UCLA,1,0,0,,0,0,324,0,0,,59.1,68.7,58.5,60.0,,0,0,0,0,,,0,0,0,0.0,0,0,0,0,0,0,5,5,0,4,0,1,0,0,4,1,0,0,0,0,0,0,0,0,0,
Markus Strong,173720,DI,OKLAHOMA,11,2,0,,0,0,261,0,0,60.0,66.5,79.4,59.3,69.0,60.3,0,1,0,0,,12.5,1,0,0,0.0,0,1,1,1,0,0,106,105,19,70,4,12,0,1,62,44,0,5,5,1,0,2,0,0,0,
Makari Vickers,173721,CB,COLORADO,8,3,0,46.7,0,0,143,0,0,55.2,55.8,81.5,57.1,57.7,62.8,0,1,0,0,54.0,13.3,2,1,1,125.0,7,0,0,26,169,99,217,4,0,0,4,0,6,213,2,116,12,6,10,0,15,1,2,160,47,22.9
Jasiah Wagoner,173722,S,CAL,12,4,1,63.0,0,0,130,0,0,57.5,60.7,84.7,66.4,65.3,53.6,0,3,0,0,44.0,20.0,6,0,0,101.5,17,0,0,77,6,196,343,10,0,0,10,0,13,333,19,128,236,7,20,0,27,3,1,224,86,13.2
Taylor Wein,173723,ED,OKLAHOMA,13,8,0,66.7,0,1,261,0,0,73.0,78.0,87.2,75.4,70.9,64.5,5,24,0,1,4.0,13.2,5,0,0,30.6,2,7,0,6,0,39,504,496,1,19,386,90,0,8,256,209,1,26,25,8,3,36,0,3,4,1.5
Karson Boschma,173725,WR,OREGON ST,1,0,0,,0,0,265,0,0,,60.0,60.0,,60.0,,0,0,0,0,,,0,0,1,0.0,0,0,0,0,0,0,1,0,0,0,0,0,0,1,0,1,0,0,0,0,0,0,0,0,0,
Zack Card,173726,WR,OREGON ST,2,0,0,,0,0,265,0,0,60.0,57.2,73.0,,60.0,72.5,0,0,0,0,,0.0,0,0,0,0.0,0,0,0,0,0,1,2,0,0,0,0,0,0,2,0,1,0,0,1,0,0,0,0,0,0,
Thomas Collins,173728,DI,OREGON ST,12,8,1,,0,0,265,0,0,61.9,59.3,45.2,62.8,56.9,48.2,2,14,0,0,,13.3,4,0,2,0.0,0,0,0,1,0,0,475,473,2,365,17,89,0,2,250,225,0,13,18,3,0,16,0,0,0,
Kelze Howard,173731,ED,OREGON ST,1,0,0,,0,0,265,0,0,,62.7,69.5,,61.0,,0,0,0,0,,,0,0,0,0.0,0,0,0,1,0,0,4,3,0,0,2,1,0,1,0,4,0,0,0,0,0,0,0,0,0,
Nikko Taylor,173735,ED,OREGON ST,11,7,2,70.0,0,0,265,0,0,52.8,64.3,88.4,72.3,58.9,60.2,1,17,0,0,30.0,17.2,5,1,0,115.0,7,2,0,15,0,48,417,388,0,8,357,23,0,29,156,213,12,11,17,4,10,20,1,51,31,7.3
Travis Bates,173739,ED,KANSAS ST,12,6,2,,1,0,199,0,0,63.9,69.9,62.7,66.6,68.6,66.4,1,11,0,0,,10.0,2,0,1,0.0,0,3,0,0,0,2,390,390,0,148,178,64,0,0,201,187,0,10,12,0,0,15,0,0,0,
Garrett Hawkins,173754,LB,UTEP,3,2,0,66.7,0,0,330,0,0,65.4,56.3,75.1,53.5,49.3,46.5,1,1,0,0,8.0,22.2,2,0,0,74.3,2,0,0,57,0,31,67,4,0,0,4,0,0,63,7,29,6,4,5,0,3,2,0,12,18,6.0
Jevon McIver Jr.,173761,CB,TCU,12,0,0,66.7,0,0,305,0,0,59.2,59.3,83.2,60.0,58.1,63.1,0,0,0,0,29.0,13.6,3,2,2,114.8,16,0,0,16,284,177,318,6,0,0,6,0,8,312,1,140,3,5,19,1,24,0,2,169,49,10.6
Jaden McKinney,173762,DI,SO MISS,12,9,0,,0,0,296,0,0,61.6,73.8,53.1,65.1,76.6,57.9,3,8,0,0,,12.5,3,0,1,0.0,0,1,0,1,0,2,294,293,3,225,1,64,0,1,149,143,0,10,12,1,0,12,0,0,0,
Five Hamilton,173787,CB,KENNESAW,12,12,0,59.3,0,0,200,0,0,83.1,78.1,0.0,56.6,63.2,60.3,0,2,0,1,23.0,18.9,10,2,2,69.1,16,0,0,35,5,274,432,6,0,0,6,0,8,426,6,152,377,14,31,3,27,2,1,134,116,8.4
AJ Miller,173796,DI,KENNESAW,10,0,0,,0,0,200,0,0,60.0,72.2,78.4,74.1,65.2,60.7,0,3,0,0,,14.3,1,0,0,0.0,0,0,0,0,0,0,100,100,1,72,5,22,0,0,51,49,0,4,6,0,0,3,0,0,0,
Isaac Paul,173799,S,KENNESAW,11,16,0,73.9,0,0,200,0,0,69.0,67.8,87.5,55.0,63.3,63.0,0,1,0,1,31.0,16.4,12,1,0,105.2,17,0,0,223,4,357,645,7,0,0,7,0,304,638,4,284,105,11,45,0,23,1,2,169,85,9.9
JeRico Washington Jr.,173807,CB,KENNESAW,12,4,0,56.9,1,2,200,1,0,75.0,75.3,86.6,66.1,68.6,57.4,0,0,0,0,43.0,17.0,9,8,6,101.9,33,1,0,54,784,485,868,6,0,0,6,0,3,862,3,380,19,11,40,0,58,1,3,489,163,14.8
Josh Williamson,173809,WR,KENNESAW,1,0,0,100.0,0,0,200,0,0,60.0,38.5,66.0,60.0,,19.3,0,0,0,0,27.0,100.0,1,0,0,118.8,1,0,0,0,0,0,1,1,0,0,1,0,0,0,1,0,0,0,0,0,1,0,0,27,30,27.0
Jackson Adams,173842,ED,AIR FORCE,12,1,4,,0,0,101,0,0,57.1,63.9,63.6,67.7,58.2,52.7,6,11,0,0,,21.4,3,0,1,0.0,0,3,0,1,0,2,379,378,0,4,274,100,0,1,223,154,0,10,10,1,0,20,0,0,0,
Levi Brown,173846,CB,AIR FORCE,7,7,0,75.0,0,0,101,0,0,65.1,65.4,81.6,60.0,64.1,62.3,0,0,0,1,54.0,15.8,6,1,1,111.5,12,0,0,42,288,180,334,0,0,0,0,0,2,334,1,153,1,3,25,0,16,0,1,200,81,16.7
Chances Carter-Hill,173851,ED,AIR FORCE,4,0,0,,0,0,101,0,0,60.3,69.2,76.1,57.9,69.9,73.0,0,0,0,0,,0.0,0,0,0,0.0,0,0,0,0,0,2,17,17,0,0,17,0,0,0,2,13,0,1,1,0,0,0,0,0,0,
Jack Curtis,173856,ED,AIR FORCE,3,0,0,,0,0,101,0,0,,51.1,74.4,56.8,51.6,,0,0,0,0,,,0,0,0,0.0,0,0,0,0,0,0,21,21,0,1,16,4,0,0,4,17,0,0,0,0,0,0,0,0,0,
Jackson Garrett,173864,DI,AIR FORCE,3,0,0,,0,0,101,0,0,,54.0,73.3,57.0,54.7,70.2,0,0,0,0,,0.0,0,0,0,0.0,0,0,0,0,0,0,19,19,2,16,0,1,0,0,6,13,0,0,1,0,0,0,0,0,0,
Daniel Grobe,173866,ED,AIR FORCE,10,8,2,,0,0,101,0,0,63.2,70.2,57.8,62.7,72.7,61.8,2,5,0,0,,9.5,2,0,1,0.0,0,1,0,0,0,1,304,303,1,7,216,79,0,1,156,147,0,7,11,1,0,8,0,0,0,
Ty Hubert,173869,ED,AIR FORCE,1,0,0,,0,0,101,0,0,,62.1,64.0,,60.0,75.3,0,0,0,0,,0.0,0,0,0,0.0,0,0,0,1,0,0,1,0,0,0,0,0,0,1,0,1,0,1,1,0,0,0,0,0,0,
Zach Juckel,173870,ED,AIR FORCE,1,0,0,,0,0,101,0,0,,68.9,73.5,,67.2,73.1,0,0,0,0,,0.0,0,0,0,0.0,0,0,0,1,0,0,9,7,0,0,7,0,0,2,0,9,1,1,1,1,0,0,0,0,0,
Aidan Swartz,173884,DI,AIR FORCE,12,8,0,,0,0,101,0,0,67.1,57.2,83.9,56.9,54.2,82.2,0,8,0,0,,0.0,0,0,0,0.0,0,1,0,0,0,1,438,437,4,324,21,88,0,1,234,203,0,12,12,2,0,9,0,0,0,
Javon Robinson,173924,WR,GA STATE,1,0,0,,2,0,175,0,0,,60.0,60.0,,60.0,,0,0,0,0,,,0,0,3,0.0,0,0,0,0,0,0,2,0,0,0,0,0,0,2,0,2,0,0,0,0,0,0,0,0,0,
Micheal Garner,173927,ED,WISCONSIN,8,0,0,,0,0,349,0,0,60.6,53.8,77.1,57.3,52.1,32.9,1,2,0,0,,40.0,2,0,0,0.0,0,0,0,0,0,2,38,37,0,2,35,0,0,1,15,21,0,3,3,1,0,3,0,0,0,
Saint Farrior,173945,DI,APP STATE,12,1,0,,0,0,108,0,0,,66.9,48.4,65.8,66.9,78.5,0,7,0,0,,0.0,0,0,1,0.0,0,0,0,0,0,0,225,225,77,147,0,1,0,0,117,108,0,8,10,1,0,7,0,0,0,
Omar Ibrahim,173951,CB,TEMPLE,2,0,0,,0,0,306,0,0,61.6,58.9,70.3,,55.9,40.1,0,0,0,0,,50.0,1,0,0,0.0,0,0,0,3,10,2,13,0,0,0,0,0,0,13,0,11,0,0,1,0,0,0,0,0,0,
Terrell Washington,173964,DI,N TEXAS,12,5,0,,0,0,251,0,0,,49.1,10.1,52.7,53.0,79.7,1,4,0,0,,0.0,0,0,3,0.0,0,0,0,1,0,0,298,297,29,253,1,14,0,1,132,166,0,4,8,0,0,5,0,0,0,
Kanye Clark,173969,S,UCLA,8,3,0,87.5,1,0,324,0,0,65.5,64.1,82.0,55.4,59.5,51.5,1,1,0,0,32.0,23.8,5,2,2,149.5,14,0,0,41,80,101,207,5,0,0,5,0,2,202,4,102,79,3,13,1,16,2,2,166,99,11.9
Joshua Dixon,173971,S,UCLA,1,0,0,,0,0,324,0,0,60.0,59.9,64.1,,,,0,0,0,0,,,0,0,0,0.0,0,0,0,1,0,1,1,0,0,0,0,0,0,1,0,0,0,0,0,0,0,0,0,0,0,
A.J. Fuimaono,173974,DI,UCLA,12,6,0,,0,0,324,0,0,,56.8,81.5,54.0,58.2,79.7,0,1,0,0,,0.0,0,0,0,0.0,0,1,0,1,0,0,209,208,16,167,2,23,0,1,100,109,0,3,8,0,0,2,0,0,0,
Ty Lee,173978,LB,UCLA,1,0,0,,0,0,324,0,0,60.0,61.0,64.5,,,,0,0,0,0,,,0,0,0,0.0,0,0,0,0,0,1,1,0,0,0,0,0,0,1,0,0,1,0,0,0,0,0,0,0,0,
Wyatt Mosier,173984,LB,UCLA,3,0,0,,0,0,324,0,0,,71.6,71.2,60.3,60.2,,0,0,0,0,,,0,0,0,0.0,0,0,0,1,0,0,5,3,0,0,3,0,0,2,1,4,0,0,0,0,0,0,0,0,0,
Donavyn Pellot,173985,LB,UCLA,9,4,0,80.0,0,0,324,0,0,55.0,56.1,81.5,48.9,65.1,52.8,0,1,0,0,41.0,17.4,4,0,0,118.8,4,0,0,150,7,99,181,7,0,0,7,0,3,174,28,54,14,5,15,0,5,1,0,98,66,24.5
Michael Sullivan,173987,ED,UCLA,5,1,0,,0,0,324,0,0,,55.1,74.4,55.4,57.6,71.1,0,0,0,0,,0.0,0,0,0,0.0,0,0,0,0,0,0,16,16,0,0,16,0,0,0,8,8,0,0,0,0,0,0,0,0,0,
Ben Marsh,174000,ED,BALL ST,9,1,0,,0,0,117,0,0,,59.7,82.7,61.7,57.2,24.1,1,2,0,0,,50.0,4,0,0,0.0,0,1,0,0,0,0,109,109,0,0,95,14,0,0,44,65,0,4,3,1,0,4,0,0,0,
Carter Davis,174003,S,BOSTON COL,12,16,0,65.4,0,0,121,0,0,43.9,52.5,86.5,69.3,70.6,78.2,0,0,0,0,51.0,10.6,7,1,2,137.8,17,1,0,112,190,319,582,10,0,0,10,0,221,572,4,259,48,8,43,0,26,1,4,260,113,15.3
Josiah Griffin,174004,ED,BOSTON COL,6,0,1,,0,0,121,0,0,60.2,81.4,77.8,80.9,67.7,75.5,1,0,0,1,,0.0,0,0,0,0.0,0,0,0,0,0,2,40,39,4,11,20,4,0,1,30,8,1,1,2,0,0,1,0,0,0,
KP Price,174005,S,BOSTON COL,12,15,0,84.8,0,0,121,1,0,65.2,63.1,86.3,42.1,64.7,71.5,0,8,0,2,69.0,14.0,14,1,1,110.9,28,0,0,462,16,373,765,63,0,0,63,0,112,702,35,357,111,27,71,3,33,8,2,390,231,13.9
Jackie Johnson III,174013,ED,HAWAII,12,8,0,,0,0,180,2,0,53.2,78.9,35.0,84.7,69.7,48.1,8,27,0,0,,25.8,8,0,2,0.0,0,5,0,17,0,5,367,350,0,3,319,28,0,17,223,139,0,16,15,1,0,40,0,0,0,
Lesterlaisene Lagafuaina,174015,ED,HAWAII,12,7,1,60.0,1,0,180,0,0,60.3,64.2,66.8,60.1,67.7,62.8,4,10,0,0,19.0,12.5,4,0,1,88.8,3,4,0,47,1,44,433,379,0,1,377,1,0,54,208,181,6,16,21,5,5,18,0,44,33,14.7
Makana Meyer,174017,CB,HAWAII,4,1,0,100.0,0,0,180,0,0,44.0,43.9,75.7,,52.7,34.6,0,0,0,0,23.0,33.3,2,0,0,118.8,3,0,0,1,0,11,23,0,0,0,0,0,1,23,0,12,21,0,3,0,3,0,0,41,12,13.7
Malaki Te'o,174021,LB,COAST CAR,1,0,0,,0,0,141,0,0,,58.6,69.9,60.0,59.6,73.6,0,0,0,0,,0.0,0,0,0,0.0,0,0,0,8,0,0,8,0,0,0,0,0,0,8,1,7,0,1,1,0,0,0,0,0,0,
Jojo Hayden,174026,LB,ILLINOIS,11,7,0,75.0,0,0,187,1,0,50.0,60.8,83.5,63.4,75.0,63.5,0,2,0,0,15.0,15.6,5,0,0,86.1,18,0,0,176,0,143,239,18,0,0,18,0,0,221,18,78,45,11,20,1,24,2,0,124,47,6.9
Kaleb Patterson,174031,CB,ILLINOIS,9,3,0,70.8,0,0,187,2,0,56.4,58.6,81.6,59.6,70.8,51.6,0,0,0,0,36.0,20.0,4,1,1,121.2,17,0,0,5,174,121,197,2,0,0,2,0,1,195,1,75,15,4,13,0,24,0,1,266,104,15.6
Trey Smith,174032,ED,PURDUE,12,4,0,0.0,0,0,273,0,0,48.3,60.4,84.6,55.5,69.0,58.4,1,5,0,0,,26.7,4,0,0,39.6,0,2,0,13,0,21,196,183,0,0,172,11,0,13,85,90,0,3,7,0,1,8,0,0,0,
Zachary Tobe,174034,CB,GA TECH,12,6,0,62.5,0,0,176,1,0,64.1,65.0,84.0,53.1,67.7,73.0,0,0,0,0,39.0,9.1,3,2,1,109.1,20,0,0,25,350,222,404,3,0,0,3,0,8,401,5,177,18,6,24,0,32,0,2,262,98,13.1
Cam Calhoun,174037,CB,ALABAMA,5,3,0,50.0,0,0,103,0,0,70.1,58.2,0.0,,51.4,48.6,0,0,0,0,8.0,28.6,2,1,1,60.4,1,0,0,6,31,10,38,0,0,0,0,0,0,38,0,28,0,0,2,0,2,0,0,8,2,8.0
Jyaire Hill,174040,CB,MICHIGAN,12,9,0,51.1,0,1,222,0,0,77.4,78.7,86.4,69.4,75.1,46.1,0,0,0,1,29.0,23.3,10,6,3,68.8,23,1,0,47,525,348,649,15,0,0,15,0,0,634,5,296,62,10,24,2,45,1,2,201,75,8.7
Zack Marshall,174041,TE,MICHIGAN,1,0,0,,0,0,222,0,0,,60.0,60.0,,60.0,,0,0,0,0,,,0,0,0,0.0,0,0,0,0,0,0,1,0,0,0,0,0,0,1,0,1,0,0,0,0,0,0,0,0,0,
Semaj Morgan,174043,WR,MICHIGAN,1,0,0,,0,0,222,0,0,,60.0,60.0,,60.0,,0,0,0,0,,,0,0,1,0.0,0,0,0,0,0,0,1,0,0,0,0,0,0,1,0,1,0,0,0,0,0,0,0,0,0,
Keyshawn Blackstock,174044,DI,ARKANSAS,5,0,0,,0,0,111,0,0,,61.7,75.7,56.2,64.0,,0,0,0,0,,,0,0,0,0.0,0,0,0,0,0,0,34,34,5,29,0,0,0,0,16,18,0,0,0,0,0,0,0,0,0,
Andrew DePaepe,174046,ED,INDIANA,4,0,0,,0,0,190,0,0,61.3,59.5,75.4,56.4,53.8,75.0,0,3,0,0,,0.0,0,0,0,0.0,0,0,0,0,0,0,25,25,0,2,20,3,0,0,10,15,0,3,3,1,0,3,0,0,0,
Jordan Hall,174047,LB,MICH STATE,12,29,1,80.0,0,3,223,1,0,81.4,76.1,0.0,66.1,72.2,80.5,4,4,0,1,22.0,9.7,10,0,3,93.6,36,2,0,560,1,331,643,18,0,0,18,0,0,625,53,259,63,30,64,2,45,10,2,231,184,6.4
Bai Jobe,174048,ED,MIAMI OH,12,3,0,,0,0,221,1,0,61.0,63.6,24.2,69.2,57.0,68.6,6,13,0,0,,16.7,1,0,2,0.0,0,5,0,0,0,7,268,268,0,3,96,169,0,0,173,88,0,4,2,0,0,24,0,0,0,
Brennan Parachek,174050,TE,MICH STATE,1,0,0,,0,0,223,0,0,,60.0,60.0,,60.0,,0,0,0,0,,,0,0,0,0.0,0,0,0,0,0,0,1,0,0,0,0,0,0,1,0,1,0,0,0,0,0,0,0,0,0,
Chance Rucker,174052,CB,MICH STATE,7,1,0,45.5,0,0,223,0,0,61.3,63.3,78.1,58.3,71.2,82.8,0,1,0,0,26.0,0.0,0,2,0,87.3,5,0,0,7,68,54,77,0,0,0,0,0,0,77,1,22,1,0,7,0,11,1,1,45,36,9.0
Damon Walters,174058,S,NWESTERN,3,2,0,100.0,0,0,256,0,0,55.9,57.2,77.9,,60.4,48.2,0,0,0,0,26.0,25.0,1,0,0,116.7,2,0,0,18,0,31,50,0,0,0,0,0,32,50,0,19,0,0,1,0,2,0,0,24,34,12.0
Blesyng Alualu-Tuiolemotu,174061,LB,UNLV,11,11,0,90.9,0,1,325,0,0,65.1,62.8,41.9,53.8,63.6,54.5,0,5,0,0,36.0,17.5,10,2,1,150.9,20,0,0,331,4,216,416,33,0,0,33,0,1,383,41,159,45,22,36,6,22,5,3,236,224,11.8
Thomas Anderson,174062,CB,MO STATE,12,3,0,66.7,1,0,230,1,0,63.6,63.3,50.9,60.0,62.1,73.8,0,0,0,1,36.0,11.3,8,3,5,89.8,46,0,0,40,666,396,727,6,0,0,6,0,2,721,1,330,12,17,60,1,69,0,2,473,107,10.3
Lucas Conti,174067,DI,UNLV,10,6,0,,0,0,325,0,0,61.0,67.9,5.4,81.4,60.9,63.7,1,9,0,0,,9.1,2,0,4,0.0,0,3,0,0,0,0,374,373,3,338,3,29,0,1,200,174,0,11,14,1,0,13,0,0,0,
DeAngelo Irvin Jr.,174074,WR,UNLV,2,0,0,,0,0,325,0,0,63.0,65.0,60.0,,,,0,0,0,0,,,0,0,1,0.0,0,0,0,0,0,2,2,0,0,0,0,0,0,2,0,0,0,0,0,0,0,0,0,0,0,
Cameren Jenkins,174076,S,BAYLOR,3,1,0,,0,0,118,0,0,62.6,65.0,73.8,,65.5,74.8,0,0,0,0,,0.0,0,0,0,0.0,0,0,0,8,0,5,17,0,0,0,0,0,1,17,0,12,8,0,0,0,0,0,0,0,0,
Nnanna Anyanwu,174086,ED,UTSA,10,3,0,83.3,0,0,331,0,0,52.6,63.6,52.2,70.5,63.4,71.0,3,8,0,0,31.0,15.8,3,0,1,106.3,5,5,0,7,5,46,249,220,0,1,219,0,0,29,98,105,17,17,13,1,6,16,0,57,64,11.4
Tim Huff Jr.,174097,ED,UTSA,3,1,0,,0,0,331,0,0,60.0,61.6,71.9,56.7,62.2,73.3,0,1,0,0,,0.0,0,0,0,0.0,0,0,0,0,0,0,10,10,0,1,5,4,0,0,6,4,0,1,0,0,0,1,0,0,0,
Jakevian Rodgers,174107,CB,UTSA,9,3,0,66.7,0,0,331,0,0,57.9,59.5,82.9,,64.7,29.2,0,0,0,0,56.0,38.1,8,3,0,139.0,14,0,0,20,217,129,252,12,0,0,12,0,3,240,0,123,0,5,10,1,21,0,2,250,65,17.9
Johnny Bowens III,174114,DI,UTSA,12,2,1,100.0,0,0,331,0,0,64.9,60.3,81.5,57.7,58.7,62.3,0,7,0,0,33.0,11.1,1,0,0,118.8,1,0,0,8,0,1,227,219,0,162,17,40,0,8,121,105,0,4,6,0,1,7,0,33,5,33.0
Tevita Pome'e,174115,DI,OREGON ST,10,3,0,,0,0,265,0,0,,59.4,82.6,55.3,61.0,34.9,0,1,0,0,,25.0,2,0,0,0.0,0,0,0,1,0,0,210,208,74,132,0,2,0,2,116,94,0,2,3,1,0,1,0,0,0,
Jaeden Moore,174116,ED,PITTSBURGH,3,2,0,,1,0,268,0,0,61.1,49.5,0.0,57.7,52.9,74.6,0,1,0,0,,0.0,0,0,1,0.0,0,0,0,0,0,1,35,35,0,0,35,0,0,0,20,14,0,0,0,0,0,1,0,0,0,
Jerry Mixon,174117,LB,OREGON,13,11,0,67.6,0,0,264,0,0,78.9,71.1,45.7,58.6,64.4,62.9,6,7,1,2,24.0,15.3,9,3,1,80.1,25,0,0,342,2,233,486,28,0,0,28,0,0,458,39,214,114,26,39,1,37,13,2,233,184,9.3
Teitum Tuioti,174118,ED,OREGON,13,10,6,71.4,0,2,264,0,0,56.7,82.4,76.6,84.1,77.8,78.7,5,19,0,0,17.0,10.9,6,0,1,90.2,5,9,0,13,0,40,617,597,1,4,587,5,0,20,288,289,7,39,39,10,7,33,0,48,38,9.6
Will Straton,174119,LB,OREGON,6,1,0,,0,0,264,0,0,64.2,54.7,71.7,72.6,45.5,39.4,0,0,0,0,,28.6,2,0,0,0.0,0,1,0,21,0,5,27,1,0,0,1,0,0,26,0,22,3,3,4,0,0,1,0,0,0,
Kodi DeCambra,174120,S,UNLV,4,0,0,100.0,0,0,325,0,0,72.9,63.6,72.0,60.0,60.0,77.8,0,0,0,0,5.0,0.0,0,0,0,81.3,2,0,0,3,0,8,12,1,0,0,1,0,5,11,1,3,3,2,2,0,2,0,0,7,0,3.5
Solomon Davis,174121,S,OREGON,4,1,0,100.0,0,0,264,0,0,60.2,67.7,75.0,77.0,66.6,54.1,0,0,0,0,6.0,25.0,1,0,0,91.7,1,1,0,12,0,15,40,0,0,0,0,0,25,40,0,25,3,0,2,0,1,1,0,6,8,6.0
Cole Martin,174122,S,UCLA,12,20,0,76.5,1,0,324,0,0,59.4,60.6,86.9,49.8,62.8,50.2,2,3,0,1,42.0,20.3,16,3,2,113.8,26,0,0,285,10,368,750,31,0,0,31,0,299,719,12,370,124,12,43,4,34,5,3,252,99,9.7
Tyler Turner,174123,S,BAYLOR,12,10,0,81.8,0,0,118,0,0,67.1,64.4,13.4,,60.8,58.5,0,0,0,0,19.0,15.6,7,2,1,130.1,9,0,0,126,1,168,326,1,0,0,1,0,175,325,0,158,23,8,28,1,11,0,2,63,15,7.0
Matayo Uiagalelei,174124,ED,OREGON,13,11,3,100.0,0,1,264,0,0,73.0,81.5,88.7,80.9,72.0,37.3,7,35,0,0,9.0,31.6,12,1,1,97.9,2,5,0,9,0,7,638,629,0,15,490,124,0,9,338,293,0,17,15,4,2,47,0,15,13,7.5
Jayden Limar,174130,HB,OREGON,1,0,0,,0,0,264,0,0,,62.0,60.0,,60.0,73.9,0,0,0,0,,0.0,0,0,0,0.0,0,0,0,0,0,0,1,0,0,0,0,0,0,1,0,1,0,0,1,0,0,0,0,0,0,
Holden Trice,174145,LB,GA SOUTHRN,8,2,0,66.7,0,0,174,0,0,59.6,63.0,80.7,67.7,62.1,60.4,0,1,0,0,15.0,20.0,3,1,0,81.3,2,1,0,92,0,49,122,8,0,0,8,0,0,114,10,63,22,10,10,0,3,2,0,17,21,8.5
Derrick Maxey III,174146,S,GA STATE,7,3,0,61.1,0,0,175,0,0,61.1,58.3,6.3,60.0,54.8,53.8,0,0,0,0,35.0,21.7,5,4,2,120.6,11,0,0,53,4,140,284,1,0,0,1,0,11,283,1,143,215,3,15,0,18,0,2,132,119,12.0
Ayden Jackson,174147,S,GA SOUTHRN,12,22,0,45.8,0,1,174,0,0,66.8,61.2,0.0,59.1,57.6,64.0,0,2,0,3,62.0,15.2,14,2,4,62.3,11,0,0,236,1,334,700,22,0,0,22,0,328,678,21,345,112,16,56,4,24,2,2,195,96,17.7
Jamorri Colson,174155,CB,WASH STATE,12,3,0,46.2,1,0,341,0,0,69.3,69.0,84.5,58.1,64.4,42.5,0,0,0,0,37.0,28.6,8,2,4,54.6,12,0,0,22,419,240,470,3,0,0,3,0,1,467,1,229,25,7,17,1,26,0,0,88,49,7.3
Kapena Gushiken,174157,S,OLE MISS,13,9,0,53.5,0,0,226,1,0,70.9,74.3,88.5,57.4,81.3,77.7,0,1,0,0,47.0,11.9,7,3,1,71.4,23,0,0,152,1,390,659,3,0,0,3,0,226,656,9,260,277,9,43,1,43,1,0,255,144,11.1
Johnathan Hall,174160,LB,UTAH,12,14,1,81.0,0,1,328,0,0,57.4,70.3,55.9,75.4,70.1,69.1,2,17,0,1,32.0,13.0,10,2,1,93.8,17,3,0,542,1,207,611,55,0,0,55,0,1,556,99,305,12,34,53,4,21,22,1,157,115,9.2
Stephen Hall,174161,CB,MISSOURI,12,3,0,57.7,1,0,229,0,0,52.3,53.6,0.0,60.0,68.2,81.0,0,0,0,0,43.0,4.2,1,2,7,105.1,15,0,0,34,382,267,452,17,0,0,17,0,6,435,1,184,12,3,20,1,26,0,1,263,52,17.5
Carlos Hernandez,174167,WR,WAKE,2,0,0,,0,0,339,0,0,60.0,64.5,60.0,,61.6,70.3,0,0,0,0,,0.0,0,0,6,0.0,0,0,0,0,0,1,2,0,0,0,0,0,0,2,0,1,0,0,1,0,0,0,0,0,0,
Wyatt Gedeon,174169,LB,COAST CAR,3,2,0,80.0,0,0,141,0,0,64.8,65.8,82.6,53.7,68.1,51.6,0,1,0,0,15.0,20.0,2,0,0,96.7,4,0,0,22,0,31,85,19,0,0,19,0,0,66,11,43,44,3,6,0,5,1,0,36,21,9.0
Sam Greene,174171,ED,KENTUCKY,9,8,0,83.3,0,0,202,0,0,61.6,75.8,88.6,70.6,78.6,72.1,6,11,0,0,25.0,8.6,3,0,0,109.7,5,1,0,21,0,48,338,292,0,0,290,2,0,46,122,168,24,18,24,2,6,18,0,62,55,12.4
Christian Pierce,174174,S,USC,12,18,0,62.5,1,0,326,1,0,73.8,68.1,4.7,61.5,60.6,60.5,2,2,0,0,11.0,15.3,11,2,2,87.5,10,1,0,141,3,299,552,12,0,0,12,0,295,540,15,238,101,11,43,1,16,5,1,39,39,3.9
Tackett Curtis,174184,LB,WISCONSIN,9,10,1,84.2,0,0,349,0,0,47.2,63.3,81.3,63.8,78.4,61.7,0,5,0,0,20.0,14.7,5,0,0,97.8,16,1,0,299,1,162,321,1,0,0,1,0,0,320,22,137,19,12,19,0,19,6,0,142,121,8.9
Troy Pikes,174194,DI,S CAROLINA,12,3,1,,0,0,289,1,0,63.5,68.8,47.2,64.8,68.3,48.1,1,6,0,0,,16.7,3,0,1,0.0,0,0,0,0,0,2,243,243,9,213,4,17,0,0,151,90,0,9,12,1,0,7,0,0,0,
Ansel Din-Mbuh,174195,DI,TCU,11,4,0,,1,0,305,0,0,60.0,66.4,63.4,60.9,69.1,62.3,0,6,0,0,,13.0,3,0,1,0.0,0,3,0,0,0,0,441,440,25,253,20,142,0,1,232,209,0,15,16,4,0,9,0,0,0,
Kebba Secka,174196,ED,GA SOUTHRN,12,1,0,,1,0,174,0,0,55.2,51.5,64.5,57.8,47.7,28.2,2,18,0,0,,40.0,6,0,1,0.0,0,1,0,0,0,2,404,404,28,58,237,81,0,0,225,177,0,6,8,2,0,21,0,0,0,
Owen Chambliss,174198,LB,S DIEGO ST,12,22,1,67.5,0,1,284,1,0,84.8,86.3,86.2,75.1,84.0,84.2,6,5,0,1,32.0,7.9,9,4,0,76.4,27,3,0,482,4,373,731,27,0,0,27,0,1,704,42,316,217,56,83,4,40,14,1,193,122,7.1
Jordan Castell,174237,S,FLORIDA,10,11,0,83.3,0,0,163,0,0,46.4,55.3,46.8,74.1,71.5,74.1,1,0,0,2,67.0,10.2,6,0,1,97.9,20,0,0,181,1,302,605,18,0,0,18,0,340,587,6,297,65,10,42,0,24,1,1,331,171,16.6
Kelby Collins,174238,DI,ALABAMA,13,7,0,,0,0,103,0,0,57.3,69.6,80.2,58.6,78.4,57.2,0,7,0,0,,15.4,2,0,0,0.0,0,1,0,0,0,3,145,145,14,93,15,23,0,0,85,57,0,4,4,0,0,8,0,0,0,
Sharif Denson,174240,S,FLORIDA,12,5,1,90.6,1,0,163,0,0,53.1,60.4,47.1,58.7,77.6,78.2,0,4,0,0,42.0,8.5,5,0,3,116.8,29,0,0,78,0,229,508,46,0,0,46,0,57,462,34,245,327,20,49,2,32,4,1,305,183,10.5
Aaron Gates,174242,S,FLORIDA,4,1,0,62.5,0,0,163,0,0,53.6,58.5,79.7,56.9,72.9,82.3,0,0,0,0,18.0,0.0,0,0,0,84.4,5,0,0,12,0,40,77,2,0,0,2,0,15,75,2,35,48,0,5,0,8,0,0,58,26,11.6
Ja'Keem Jackson,174247,CB,LSU,7,0,0,75.0,0,0,211,0,0,78.3,77.5,77.1,55.8,66.8,66.4,0,0,0,0,6.0,16.7,1,0,0,77.1,3,0,0,4,58,37,63,0,0,0,0,0,0,63,1,25,1,4,5,0,4,0,0,8,8,2.7
Kamran James,174249,ED,FLORIDA,12,9,2,100.0,0,1,163,0,0,61.1,68.3,86.4,62.0,69.7,71.9,3,8,0,0,22.0,9.1,4,0,0,118.8,2,5,0,0,0,21,402,402,0,59,226,117,0,0,174,207,0,24,31,1,2,16,0,28,15,14.0
Dijon Johnson,174251,CB,FLORIDA,4,1,0,55.6,0,0,163,0,0,68.5,69.0,79.8,58.3,67.9,84.3,0,0,0,1,66.0,0.0,0,1,1,88.0,5,0,0,10,134,74,145,0,0,0,0,0,1,145,1,70,0,2,8,0,9,0,1,91,54,18.2
Jaden Robinson,174260,LB,FLORIDA,12,11,0,84.0,0,0,163,0,0,48.3,54.0,84.7,63.4,56.6,59.4,1,14,0,0,29.0,16.1,9,2,1,100.5,21,2,0,444,0,205,491,17,0,0,17,0,1,474,56,230,29,24,36,2,25,17,0,203,163,9.7
Sebastian Scott,174263,DI,FLORIDA,1,0,0,,0,0,163,0,0,,56.2,67.4,66.7,60.0,,0,0,0,0,,,0,0,0,0.0,0,0,0,0,0,0,3,3,0,3,0,0,0,0,2,1,0,0,0,0,0,0,0,0,0,
T.J. Searcy,174264,ED,TEXAS A&M,13,11,3,,0,0,312,0,0,67.9,71.9,65.3,57.1,77.6,78.4,0,8,0,0,,6.1,2,0,1,0.0,0,2,0,0,0,0,395,394,0,2,345,47,0,1,206,189,0,16,20,6,0,10,0,0,0,
Layne Swafford,174265,ED,FLORIDA,1,0,0,,0,0,163,0,0,,62.0,66.0,,60.1,,0,0,0,0,,,0,0,0,0.0,0,0,0,0,0,0,2,2,0,1,0,1,0,0,0,2,0,0,0,0,0,0,0,0,0,
Bryce Thornton,174266,S,FLORIDA,11,12,0,58.6,0,1,163,2,1,74.9,78.3,87.8,88.9,73.9,80.2,2,6,0,1,42.0,10.0,6,6,0,74.9,17,1,0,230,2,332,681,16,0,0,16,0,291,665,20,329,142,13,42,2,29,9,1,187,104,11.0
Ike Esonwune,174287,LB,OKLA STATE,12,12,0,91.7,0,0,262,1,0,59.4,55.5,85.6,45.3,57.5,50.0,0,7,0,0,26.0,23.5,8,1,0,128.8,11,1,0,186,1,121,338,84,0,0,84,0,0,254,48,169,67,9,14,0,12,8,1,99,89,9.0
Kam Franklin,174290,S,LA TECH,11,2,0,72.7,0,1,208,1,1,69.4,66.7,80.1,59.7,57.6,37.8,0,0,0,1,17.0,28.0,7,2,0,50.2,8,0,0,93,0,98,159,1,0,0,1,0,36,158,1,60,29,3,16,1,11,0,0,67,32,8.4
Cooper Lai,174296,CB,OKLA STATE,1,0,0,,0,0,262,0,0,,60.0,62.1,,60.0,,0,0,0,0,,,0,0,0,0.0,0,0,0,1,0,0,1,0,0,0,0,0,0,1,0,1,0,0,0,0,0,0,0,0,0,
Iman Oates,174301,DI,OKLA STATE,12,5,0,,1,1,262,0,0,55.7,56.2,25.6,56.4,60.5,81.2,2,3,0,0,,0.0,0,0,2,0.0,0,1,0,0,0,2,279,279,18,190,19,52,0,0,135,142,0,10,12,2,0,6,0,0,0,
Dylan Smith,174309,S,OKLA STATE,4,4,0,72.7,0,1,262,1,0,56.0,54.7,83.4,60.0,51.9,48.1,0,0,0,0,73.0,19.0,4,0,1,154.4,8,0,0,91,2,119,251,2,0,0,2,0,101,249,1,131,55,2,13,2,11,0,4,160,51,20.0
Poasa Utu,174312,ED,OKLA STATE,7,2,0,,0,0,262,0,0,63.6,67.2,80.4,58.9,70.6,77.7,0,1,0,0,,0.0,0,0,0,0.0,0,1,0,6,0,8,49,41,0,0,39,2,0,8,21,20,2,2,1,0,0,2,0,0,0,
Lardarius Webb Jr.,174314,CB,WAKE,12,8,0,57.4,0,0,339,0,0,75.0,76.0,84.6,69.3,72.2,80.9,0,0,0,0,66.0,7.1,3,6,4,85.3,27,1,0,37,518,317,562,2,0,0,2,0,0,560,1,244,4,10,31,2,47,1,1,319,98,11.8
Tywon Wray Jr.,174316,S,S ALABAMA,2,0,0,,0,0,288,0,0,60.0,60.0,65.2,,60.0,,0,0,0,0,,,0,0,0,0.0,0,0,0,2,0,1,2,0,0,0,0,0,0,2,0,1,0,0,0,0,0,0,0,0,0,
Judge Collier,174319,CB,S CAROLINA,9,1,0,66.7,0,0,289,0,0,55.7,56.1,83.5,49.8,60.1,72.4,0,0,0,0,27.0,12.1,4,0,3,108.1,20,0,0,19,334,213,371,5,0,0,5,0,9,366,4,154,4,6,28,1,30,0,2,203,68,10.2
Elijah Davis,174321,ED,TROY,12,12,0,,1,0,318,1,0,66.9,76.1,5.1,79.2,73.4,67.3,0,30,0,0,,10.9,5,0,5,0.0,0,2,0,4,0,5,436,431,3,12,338,78,0,5,223,208,1,24,29,5,0,32,0,0,0,
Grayson Howard,174322,LB,FLORIDA,3,2,0,100.0,0,0,163,0,0,57.9,62.0,76.3,59.2,66.9,79.8,0,0,0,0,17.0,0.0,0,0,0,114.6,2,0,0,33,0,18,36,2,0,0,2,0,0,34,1,17,1,0,3,0,2,0,0,23,21,11.5
Jalon Kilgore,174323,CB,S CAROLINA,11,18,0,52.3,0,1,289,2,0,65.3,69.7,54.8,75.6,80.6,74.8,1,2,0,2,43.0,12.7,9,9,3,68.1,34,0,0,157,4,380,694,27,0,0,27,0,9,667,10,304,497,13,44,1,65,3,2,390,244,11.5
Xzavier McLeod,174324,DI,GEORGIA,12,5,2,,0,0,173,0,0,62.1,66.3,82.9,53.9,70.9,58.0,0,1,0,0,,13.3,2,0,0,0.0,0,0,0,0,0,0,219,219,87,121,0,11,0,0,117,102,0,6,8,0,0,1,0,0,0,
Desmond Umeozulu,174327,ED,S CAROLINA,12,9,0,,0,0,289,0,0,59.9,64.9,86.5,59.7,66.6,78.4,3,11,0,0,,8.3,2,0,0,0.0,0,1,0,1,0,8,331,328,0,3,315,10,0,3,161,162,2,9,13,2,0,15,0,0,0,
Rion Roseborough,174337,DI,E CAROLINA,12,3,0,,0,0,156,0,0,60.9,60.7,82.9,57.7,61.4,44.0,0,6,0,0,,22.2,4,0,0,0.0,0,3,0,5,0,1,327,322,4,231,23,64,0,5,192,134,0,12,11,3,0,9,0,0,0,
Troy Ford,174347,LB,UCF,3,1,0,50.0,0,0,323,0,0,52.2,49.4,73.0,,53.2,75.8,0,0,0,0,6.0,0.0,0,0,0,56.3,1,0,0,16,0,6,21,3,0,0,3,0,0,18,0,15,0,0,1,0,2,0,0,6,4,6.0
Andrew Harris,174349,ED,ARKANSAS,2,1,0,,0,0,111,0,0,60.0,76.7,73.2,57.6,77.4,76.0,0,0,0,0,,0.0,0,0,0,0.0,0,0,0,4,0,1,9,5,0,0,5,0,0,4,2,6,0,1,1,0,0,0,0,0,0,
Derrick LeBlanc,174350,DI,UCF,9,0,1,,0,0,323,1,0,,68.9,79.8,59.7,72.0,65.8,0,1,0,0,,9.1,1,0,0,0.0,0,1,0,0,0,0,158,158,4,137,1,16,0,0,76,82,0,10,10,2,0,2,0,0,0,
Braeden Marshall,174351,CB,UCF,11,7,0,70.0,0,0,323,0,0,61.6,64.5,86.4,55.2,71.6,59.4,0,0,0,2,38.0,18.9,7,1,0,85.8,21,0,0,112,3,255,476,8,0,0,8,0,20,468,5,216,333,14,23,2,30,0,2,223,133,10.6
Isaiah Nixon,174354,ED,UCF,11,6,0,100.0,0,0,323,0,0,39.3,62.8,59.1,66.8,67.0,52.6,2,7,0,0,67.0,11.1,3,0,1,118.8,3,1,0,0,0,26,289,289,0,1,286,2,0,0,100,163,0,11,18,3,3,10,0,92,70,30.7
John Walker,174362,DI,UCF,12,10,0,,0,1,323,0,0,60.0,70.7,30.2,58.4,79.0,65.9,1,8,0,0,,9.4,3,0,3,0.0,0,1,0,3,0,0,495,492,50,410,4,28,0,3,245,250,0,16,19,1,0,10,0,0,0,
Tyrell Martin,174463,DI,E MICHIGAN,12,12,0,,0,0,160,0,0,63.5,67.6,85.6,61.9,67.0,54.9,1,7,0,0,,9.1,3,0,0,0.0,0,1,0,0,0,2,535,535,48,409,8,70,0,0,231,302,0,11,18,5,0,9,0,0,0,
Myles Parker,174574,DI,HOUSTON,11,2,0,,0,0,182,0,0,60.0,61.2,80.0,59.6,60.3,34.6,0,3,0,0,,22.2,2,0,0,0.0,0,0,0,0,0,1,97,97,51,45,0,1,0,0,49,47,0,1,5,1,0,3,0,0,0,
Cayman Spaulding,174579,LB,GA TECH,12,10,0,87.5,0,1,176,0,0,44.0,58.7,31.3,69.3,72.5,72.3,3,4,0,0,18.0,11.9,5,1,1,100.5,14,3,0,223,2,148,295,47,0,0,47,0,0,248,45,102,23,14,27,1,16,10,0,130,76,9.3
Brendan Bett,174627,DI,FLORIDA,12,14,0,0.0,0,0,163,0,0,57.4,66.6,30.9,59.1,72.9,58.1,0,6,0,0,,10.3,4,0,2,39.6,0,2,0,2,0,2,346,344,101,197,6,40,0,2,156,188,0,16,21,2,1,8,0,0,0,
DJ Coleman,174628,S,BAYLOR,12,5,1,62.5,0,1,118,0,0,71.2,70.0,57.5,71.3,64.5,71.7,1,3,0,2,16.0,10.2,5,3,3,46.5,20,0,0,82,2,279,593,102,0,0,102,0,45,491,27,287,362,18,39,7,32,4,0,141,98,7.1
Micah Gifford,174629,S,BAYLOR,11,3,0,75.0,0,0,118,0,0,56.0,59.1,80.5,67.8,59.9,53.8,0,0,0,1,26.0,23.5,4,0,0,113.5,3,1,0,49,0,46,104,5,0,0,5,0,36,99,3,55,14,6,10,0,4,1,1,47,6,15.7
Caden Jenkins,174630,CB,BAYLOR,7,2,0,62.5,0,0,118,0,0,66.2,69.4,79.9,47.4,84.2,85.7,0,0,0,0,39.0,0.0,0,2,1,133.9,5,0,0,10,140,75,155,0,0,0,0,0,0,155,5,75,5,4,10,0,8,0,1,77,34,15.4
DK Kalu,174631,DI,BAYLOR,8,8,0,,0,0,118,0,0,60.0,59.7,83.5,54.0,61.5,68.4,0,4,0,0,,6.7,1,0,0,0.0,0,0,0,0,0,0,281,281,67,214,0,0,0,0,124,157,0,4,6,0,0,4,0,0,0,
Corey Kelly,174632,ED,BAYLOR,1,0,0,,0,0,118,0,0,,64.1,71.1,57.3,63.1,,0,0,0,0,,,0,0,0,0.0,0,0,0,0,0,0,6,6,0,0,6,0,0,0,3,3,0,0,0,0,0,0,0,0,0,
Jacob Redding,174639,S,BAYLOR,11,12,0,66.7,0,0,118,0,0,69.8,75.2,85.6,55.5,81.4,80.0,0,0,1,3,61.0,9.8,6,2,0,76.6,16,0,0,218,2,220,468,5,0,0,5,0,199,463,4,244,44,16,43,1,24,0,1,257,78,16.1
Trent Thomas,174644,ED,BAYLOR,6,3,0,,0,0,118,0,0,60.0,51.3,77.2,59.8,48.6,38.8,0,2,0,0,,20.0,1,0,0,0.0,0,0,0,0,0,1,40,40,6,2,26,6,0,0,13,26,0,0,1,0,0,2,0,0,0,
LeVar Thornton Jr.,174646,CB,BAYLOR,11,6,0,46.5,0,0,118,0,0,70.2,64.5,37.8,50.6,48.6,79.8,1,1,0,1,75.0,8.3,3,9,3,79.6,20,0,0,46,449,239,522,0,0,0,0,0,9,522,9,274,18,10,27,1,43,2,2,340,121,17.0
Carl Williams IV,174651,S,BAYLOR,1,1,0,100.0,0,0,118,0,0,29.8,29.2,69.0,,60.0,74.8,0,0,0,0,75.0,0.0,0,0,0,158.3,1,0,0,2,0,4,5,0,0,0,0,0,2,5,0,1,1,0,0,0,1,0,1,75,39,75.0
Trey Wilson,174653,ED,SMU,7,1,1,100.0,0,0,287,0,0,62.6,57.0,80.4,56.3,55.9,37.3,1,3,0,0,6.0,40.0,2,0,0,91.7,1,0,0,0,0,2,74,74,0,8,60,6,0,0,53,19,0,0,2,0,1,4,0,6,11,6.0
Rylan Barnes,174655,LB,IOWA STATE,4,1,0,100.0,0,0,193,0,0,63.0,70.5,73.1,,74.9,43.4,0,0,0,0,8.0,28.6,2,0,0,100.0,1,0,0,25,0,15,26,0,0,0,0,0,0,26,0,11,1,1,4,0,1,0,0,8,2,8.0
Kooper Ebel,174665,LB,IOWA STATE,12,11,1,78.9,0,1,193,0,0,61.7,64.1,87.7,57.3,65.1,45.7,2,11,0,0,22.0,20.0,16,2,0,96.1,15,0,0,613,0,297,664,6,0,0,6,0,0,658,76,291,45,39,53,10,19,13,0,134,77,8.9
Zaimir Hawk,174670,DI,IOWA STATE,11,1,0,,0,0,193,1,0,60.0,48.1,51.9,58.4,44.8,39.1,0,3,0,0,,25.0,3,0,2,0.0,0,0,0,1,0,0,236,235,184,44,0,7,0,1,129,107,0,8,8,2,0,3,0,0,0,
Ta'Shawn James,174672,S,IOWA STATE,8,6,0,38.1,0,0,193,1,0,65.2,69.9,82.6,55.0,77.9,73.0,0,1,0,0,45.0,12.8,5,5,1,51.5,8,0,0,195,2,186,333,3,0,0,3,0,82,330,4,143,51,9,28,0,21,1,0,89,47,11.1
JJ Jean-Louis,174673,ED,N TEXAS,2,0,0,,0,0,251,0,0,60.3,61.7,70.7,,60.5,,0,0,0,0,,,0,0,0,0.0,0,0,0,1,0,2,5,3,0,0,3,0,0,2,0,3,1,0,0,0,0,0,0,0,0,
Caden Matson,174677,S,IOWA STATE,5,3,0,60.0,0,0,193,0,0,68.6,67.9,78.3,,61.6,66.1,0,0,0,0,12.0,15.4,2,0,0,71.3,3,0,0,25,0,49,72,0,0,0,0,0,19,72,0,23,28,1,8,0,5,0,0,23,10,7.7
Beni Ngoyi,174680,CB,IOWA STATE,5,0,0,25.0,0,0,193,0,0,75.3,75.3,73.0,,60.3,76.2,0,0,0,0,10.0,0.0,0,1,0,39.6,1,0,0,2,14,15,20,0,0,0,0,0,1,20,0,5,3,0,1,0,4,0,0,10,0,10.0
Jamison Patton,174683,S,IOWA STATE,9,14,0,69.0,0,0,193,0,0,52.0,58.3,86.2,55.9,71.7,68.7,0,0,0,2,82.0,12.5,7,2,0,107.9,29,0,0,196,4,258,497,3,0,0,3,0,96,494,2,237,198,14,35,1,42,0,3,447,198,15.4
Jack Sadowsky V,174685,LB,NWESTERN,9,1,0,100.0,0,0,256,0,0,37.9,44.0,74.9,,59.4,78.9,0,0,0,0,14.0,0.0,0,0,0,118.8,2,0,0,36,0,22,43,2,0,0,2,0,0,41,0,21,5,1,2,0,2,0,0,27,12,13.5
Cam Smith,174690,S,IOWA STATE,10,2,0,100.0,0,0,193,0,0,65.8,67.5,77.8,74.2,63.5,41.5,0,0,0,0,28.0,30.0,3,0,0,118.8,2,1,0,56,1,58,98,0,0,0,0,0,29,98,1,39,12,2,5,0,2,1,0,34,22,17.0
Drew Surges,174691,S,IOWA STATE,11,5,0,71.4,0,2,193,1,0,68.1,70.3,82.0,59.1,74.2,52.5,0,0,0,1,34.0,21.9,7,2,0,110.7,10,0,0,129,2,165,261,2,0,0,2,0,84,259,1,95,44,4,20,1,14,0,2,132,48,13.2
Micah Carter,174697,ED,LOUISVILLE,8,2,1,,0,0,210,0,0,60.5,73.2,79.5,69.6,70.0,77.0,0,2,0,0,,0.0,0,0,0,0.0,0,0,0,0,0,2,70,70,0,6,44,20,0,0,33,35,0,3,3,0,0,2,0,0,0,
Stanquan Clark,174698,LB,LOUISVILLE,4,5,0,66.7,1,0,210,0,0,57.1,62.1,0.0,53.5,72.5,72.4,0,2,0,0,20.0,9.5,2,0,1,78.5,6,0,0,93,0,54,138,27,0,0,27,0,1,111,13,71,17,10,14,2,9,2,0,45,39,7.5
Saadiq Clements,174700,DI,N TEXAS,11,8,0,,0,1,251,0,0,60.2,65.5,84.0,68.8,60.8,82.1,0,7,0,0,,0.0,0,0,0,0.0,0,2,0,1,0,1,302,301,82,209,0,10,0,1,136,165,0,11,15,4,0,9,0,0,0,
AJ Green,174704,ED,LOUISVILLE,12,9,0,100.0,0,0,210,1,1,68.5,78.7,60.3,81.4,68.0,66.5,3,28,0,0,4.0,12.0,3,0,1,83.3,2,4,0,2,0,18,308,297,0,1,290,6,0,11,174,116,8,13,13,0,2,35,0,8,7,4.0
Woo Spencer,174714,DI,SMU,12,1,0,,0,0,287,0,0,60.1,60.8,48.3,66.1,54.8,33.7,0,6,0,0,,30.0,3,0,1,0.0,0,0,0,2,0,0,247,245,2,206,7,30,0,2,160,87,0,5,6,1,0,6,0,0,0,
Aaron Williams,174716,S,UCLA,7,1,0,100.0,0,0,324,0,0,56.0,55.0,77.8,60.0,54.2,45.4,0,0,0,0,10.0,18.2,2,0,0,108.3,3,0,0,32,2,44,92,1,0,0,1,0,49,91,1,47,8,0,8,0,3,0,0,30,24,10.0
Chandavian Bradley,174718,ED,OKLA STATE,9,0,0,,0,0,262,0,0,61.6,54.8,78.5,54.3,55.7,,0,2,0,0,,,0,0,0,0.0,0,0,0,2,0,4,33,31,0,0,30,1,0,2,19,10,0,0,0,0,0,2,0,0,0,
Cristian Conyer,174720,CB,APP STATE,9,0,0,71.4,0,1,108,0,0,50.4,54.8,80.3,,83.9,26.6,0,0,0,0,20.0,44.4,4,0,1,130.4,10,0,0,5,143,103,151,1,0,0,1,0,0,150,0,48,2,1,5,1,14,0,1,151,66,15.1
Rickey Gibson III,174724,CB,TENNESSEE,1,0,0,,0,0,307,0,0,56.1,54.5,73.0,,55.2,76.6,0,0,0,0,,0.0,0,0,1,0.0,0,0,0,0,19,13,19,0,0,0,0,0,0,19,0,6,0,1,2,0,0,0,0,0,0,
Caleb Herring,174726,ED,TENNESSEE,12,2,1,100.0,1,0,307,0,0,52.0,53.7,15.2,66.8,47.2,43.4,1,11,0,0,24.0,31.3,5,1,3,118.8,1,5,0,6,0,23,319,306,0,2,301,3,0,13,161,135,7,12,9,2,1,17,0,24,20,24.0
Daevin Hobbs,174727,DI,TENNESSEE,7,5,2,,0,1,307,0,0,64.2,61.1,43.8,56.2,63.0,75.4,1,6,0,0,,4.5,1,0,1,0.0,0,2,0,0,0,0,219,219,12,158,8,41,0,0,138,81,0,9,16,1,0,9,0,0,0,
Jack Luttrell,174734,S,ARIZONA,3,0,0,,0,0,109,0,0,72.9,57.3,75.6,,35.1,27.4,0,0,0,1,,50.0,2,0,0,0.0,0,0,0,9,0,16,39,0,0,0,0,0,23,39,0,23,7,0,2,0,0,0,0,0,0,
Jordan Matthews,174735,CB,VANDERBILT,12,3,0,68.2,0,1,333,1,0,80.2,79.1,15.7,,71.9,61.7,0,0,0,0,15.0,16.0,4,2,1,95.3,15,0,0,21,290,205,320,0,0,0,0,0,0,320,0,115,8,3,18,0,22,0,1,112,56,7.5
Emmanuel Okoye,174736,ED,TENNESSEE,3,0,0,100.0,0,0,307,0,0,60.0,51.0,74.8,56.9,63.0,72.2,0,1,0,0,7.0,0.0,0,0,0,95.8,1,0,0,1,0,1,15,14,0,0,14,0,0,1,7,7,0,0,1,0,1,1,0,7,1,7.0
Nathan Robinson,174738,DI,TENNESSEE,12,6,1,100.0,0,1,307,0,0,73.1,60.8,84.1,61.9,55.2,79.4,1,3,0,0,-4.0,0.0,0,0,0,79.2,1,2,0,0,0,1,276,276,84,181,3,8,0,0,149,126,0,5,7,1,1,6,0,-4,0,-4.0
John Slaughter,174741,S,COLORADO,11,6,0,60.0,0,1,143,0,0,53.6,55.4,81.7,51.1,59.2,54.9,1,1,0,2,17.0,20.0,7,0,0,40.8,3,0,0,97,3,117,297,17,0,0,17,0,152,280,11,169,27,3,22,0,5,2,0,34,20,11.3
Jalen Smith,174742,LB,MISS STATE,12,15,0,82.6,0,0,227,0,0,62.8,64.6,79.9,55.1,67.7,54.3,3,2,0,0,37.0,19.2,10,0,0,111.6,19,0,0,233,0,149,310,8,0,0,8,0,0,302,31,130,69,13,27,1,23,5,1,168,168,8.8
Jeremiah Telander,174745,LB,TENNESSEE,12,15,0,80.8,0,0,307,0,0,51.0,65.5,82.4,56.4,78.0,74.2,1,6,0,1,37.0,10.0,7,0,1,97.9,21,2,0,395,2,180,474,12,0,0,12,0,0,462,62,232,65,29,48,3,26,9,1,215,152,10.2
Tyree Weathersby,174748,ED,TENNESSEE,11,7,0,,0,0,307,0,0,67.6,68.9,21.3,61.5,74.3,85.0,2,5,0,0,,0.0,0,0,2,0.0,0,2,0,1,0,1,229,228,0,4,189,35,0,1,124,104,0,11,14,1,0,9,0,0,0,
Zion Andreason,174752,ED,UTAH ST,2,0,0,50.0,0,0,329,0,0,64.3,58.0,77.7,54.1,54.9,29.5,0,0,0,0,6.0,33.3,1,0,0,56.3,1,0,0,1,0,7,24,21,0,0,21,0,0,3,4,13,2,1,2,0,2,0,0,6,8,6.0
Kahanu Davis,174757,WR,UTAH ST,1,0,0,,0,0,329,0,0,,60.1,60.0,,60.0,,0,0,0,0,,,0,0,0,0.0,0,0,0,0,0,0,1,0,0,0,0,0,0,1,0,1,0,0,0,0,0,0,0,0,0,
Devin Dye,174758,S,KANSAS,10,8,0,42.9,0,0,198,0,0,72.8,74.4,0.0,74.1,76.6,77.2,0,0,0,1,21.0,8.0,2,2,2,17.3,3,1,0,77,1,134,272,0,0,0,0,0,141,272,3,135,53,8,15,0,7,1,0,32,4,10.7
Cian Slone,174768,ED,NC STATE,12,16,0,57.1,0,0,248,1,0,89.3,77.3,75.9,65.8,74.1,49.8,10,23,0,1,13.0,22.4,13,1,2,22.6,4,2,0,26,0,73,603,553,0,4,547,2,0,50,310,220,24,26,29,4,7,35,0,18,6,4.5
Jason Abbey,174772,ED,VA TECH,11,7,0,,0,0,337,0,0,71.6,73.6,86.9,60.7,75.0,78.1,0,5,0,0,,6.7,1,0,0,0.0,0,1,0,5,0,15,196,183,0,0,183,0,0,13,66,115,8,7,7,0,0,6,0,0,0,
George Ballance,174775,LB,VA TECH,4,4,0,66.7,0,0,337,0,0,68.0,61.0,75.1,,55.0,84.1,0,0,0,0,12.0,0.0,0,1,0,84.0,2,0,0,42,0,13,43,0,0,0,0,0,0,43,0,30,1,1,6,0,3,0,0,19,15,9.5
Cam Fleming,174782,CB,APP STATE,10,3,0,62.5,0,0,108,0,0,48.8,53.8,81.0,61.0,64.1,68.4,0,0,0,0,42.0,16.7,3,0,0,119.0,10,0,0,55,1,95,183,7,0,0,7,0,2,176,7,81,118,4,12,1,16,0,1,169,98,16.9
Braylon Johnson,174790,S,WAKE,12,8,0,50.0,0,0,339,0,0,63.3,59.3,5.0,70.3,50.3,29.6,0,2,0,0,34.0,34.0,16,2,5,96.1,8,1,0,56,1,375,613,0,0,0,0,0,484,613,6,232,72,6,23,0,16,3,1,121,83,15.1
Dante Lovett,174793,CB,VA TECH,3,1,0,100.0,0,0,337,0,0,44.8,46.1,76.7,,53.8,48.6,0,0,0,0,25.0,28.6,2,0,0,118.8,3,0,0,7,56,24,63,0,0,0,0,0,0,63,0,39,0,0,4,0,3,0,0,54,14,18.0
Jonathan Pennix,174797,CB,SO MISS,12,2,0,60.0,0,0,296,0,0,77.7,77.4,84.0,59.9,69.1,43.5,0,1,0,2,23.0,26.9,7,2,2,45.3,18,0,0,20,371,220,404,4,0,0,4,0,0,400,1,183,9,4,17,0,30,1,0,151,69,8.4
Aycen Stevens,174799,ED,VA TECH,12,3,0,,0,0,337,0,0,70.5,60.6,84.4,52.6,61.8,51.4,0,3,0,0,,16.7,3,0,0,0.0,0,0,0,0,0,9,193,192,0,20,138,34,0,1,88,96,1,10,12,1,0,3,0,0,0,
Thomas Williams,174800,CB,VA TECH,12,8,0,54.3,1,0,337,1,0,72.3,71.6,6.1,54.9,74.2,61.9,0,0,0,0,34.0,14.6,6,2,2,92.8,19,0,0,43,517,300,561,1,0,0,1,0,0,560,2,259,0,4,27,0,35,0,2,222,63,11.7
Krystian Williams,174801,CB,VA TECH,5,1,0,40.0,0,0,337,0,0,48.7,55.5,77.0,,73.3,80.3,0,0,0,0,33.0,0.0,0,1,0,72.9,2,0,0,6,67,25,73,0,0,0,0,0,0,73,0,48,0,0,3,0,5,0,0,45,20,22.5
Caleb Woodson,174805,LB,VA TECH,9,17,1,81.3,0,0,337,0,0,53.7,60.1,35.7,74.4,62.5,69.9,0,2,0,0,32.0,10.1,7,0,1,139.1,13,0,0,325,0,151,378,18,0,0,18,0,0,360,27,200,35,24,45,3,16,2,2,126,114,9.7
Ian Bell,174807,CB,WYOMING,3,0,0,100.0,0,0,351,0,0,65.2,65.7,76.8,,64.4,77.0,0,0,0,0,39.0,0.0,0,0,0,158.3,4,0,0,7,71,55,79,0,0,0,0,0,1,79,0,24,0,0,2,0,4,0,1,63,49,15.8
Bricen Brantley,174808,WR,WYOMING,1,0,0,,0,0,351,0,0,,60.0,60.0,,60.0,,0,0,0,0,,,0,0,0,0.0,0,0,0,0,0,0,1,0,0,0,0,0,0,1,0,1,0,0,0,0,0,0,0,0,0,
Cody Crawford,174811,DI,WYOMING,2,0,0,,0,0,351,0,0,,61.2,72.6,68.5,56.7,69.7,0,1,0,0,,0.0,0,0,0,0.0,0,0,0,0,0,0,13,13,0,11,0,2,0,0,3,10,0,1,1,0,0,1,0,0,0,
Tyrecus Davis,174814,CB,COLORADO,3,0,0,,0,0,143,0,0,48.6,49.8,73.5,,61.1,,0,0,0,0,,,0,0,1,0.0,0,0,0,0,0,6,12,0,0,0,0,0,0,12,0,6,12,0,0,0,0,0,0,0,0,
Ethan Day,174815,ED,N TEXAS,12,16,0,100.0,0,0,251,1,0,59.6,76.0,71.8,72.3,75.5,77.3,3,18,0,0,13.0,7.5,3,0,2,118.8,1,4,0,1,0,14,541,537,0,23,478,36,0,4,246,281,3,18,21,1,1,25,0,13,0,13.0
Keany Parks,174825,CB,HOUSTON,4,0,0,66.7,0,0,182,0,0,44.4,47.3,75.7,,61.3,80.8,0,0,0,0,13.0,0.0,0,0,2,77.1,2,0,0,3,36,18,42,0,0,0,0,0,3,42,0,24,0,1,4,0,3,0,0,14,12,7.0
Lucas Samsula,174827,DI,WYOMING,12,5,0,,0,0,351,0,0,60.0,61.8,84.0,56.9,63.1,81.1,1,6,0,0,,0.0,0,0,0,0.0,0,2,0,0,0,0,344,344,71,224,2,47,0,0,167,177,0,9,11,0,0,9,0,0,0,
Jones Thomas,174829,S,WYOMING,12,16,0,65.4,0,0,351,0,0,44.1,51.5,86.1,55.4,63.2,55.5,1,0,1,2,78.0,16.7,13,1,1,116.2,17,0,0,177,6,301,634,3,0,0,3,0,369,631,8,325,79,7,49,0,26,1,4,328,91,19.3
Jayden Williams,174835,DI,WYOMING,11,13,0,,0,0,351,0,0,62.1,60.3,60.2,56.9,62.4,58.8,2,10,0,0,,10.0,3,0,1,0.0,0,0,0,2,0,2,366,364,48,247,7,62,0,2,177,187,0,10,14,2,0,12,0,0,0,
Gafa Faga,174862,DI,S JOSE ST,12,13,0,,0,0,285,1,0,60.4,78.4,69.2,78.3,74.4,78.1,6,19,0,0,,4.0,2,0,1,0.0,0,2,0,0,0,1,528,528,239,257,2,30,0,0,259,268,0,27,35,2,0,27,0,0,0,
Taniela Latu,174872,ED,S JOSE ST,12,17,2,77.3,0,1,285,0,0,64.6,71.8,73.8,62.9,78.5,68.6,2,4,0,1,17.0,12.2,9,0,1,70.5,17,2,0,222,1,233,780,419,0,0,419,0,0,361,139,408,138,31,48,4,22,8,0,121,70,7.1
Dylan Lee,174873,LB,S JOSE ST,2,1,0,,0,0,285,0,0,60.0,62.7,71.0,59.6,63.0,76.7,0,0,0,0,,0.0,0,0,0,0.0,0,0,0,15,0,1,16,0,0,0,0,0,0,16,1,14,1,0,1,0,0,0,0,0,0,
Quincy Likio,174875,DI,S JOSE ST,12,20,0,,0,0,285,0,0,60.0,58.8,85.0,56.6,58.8,45.5,3,13,0,0,,14.9,7,0,0,0.0,0,2,0,0,0,0,559,559,5,284,68,202,0,0,273,286,0,15,20,2,0,18,0,0,0,
Noah McNeal-Franklin,174877,LB,S JOSE ST,12,27,0,84.4,0,0,285,0,0,54.3,64.2,60.5,53.4,72.3,61.1,5,10,0,0,52.0,15.7,14,1,1,136.1,27,1,0,751,0,309,818,20,0,0,20,0,4,798,95,414,43,25,48,6,32,16,3,293,251,10.9
John Norwood,174878,ED,S JOSE ST,3,1,0,,0,0,285,0,0,72.6,73.1,76.8,56.3,69.9,53.4,0,0,0,0,,16.7,1,0,0,0.0,0,0,0,7,0,4,31,24,0,0,24,0,0,7,5,22,0,2,4,1,0,0,0,0,0,
Isiah Revis,174881,S,S JOSE ST,12,4,0,65.6,0,0,285,2,0,52.8,60.9,58.0,77.0,73.4,49.3,1,2,0,0,37.0,24.2,15,0,2,109.2,21,0,0,304,4,402,853,7,0,0,7,0,323,846,11,440,215,13,43,4,32,3,1,323,101,15.4
Tangata Tuitupou,174884,ED,S JOSE ST,4,0,0,,0,0,285,0,0,,61.2,75.1,54.6,70.4,71.3,0,0,0,0,,0.0,0,0,0,0.0,0,0,0,0,0,0,29,29,0,5,17,7,0,0,25,4,0,0,1,0,0,0,0,0,0,
Christian Bodnar,174922,CB,LIBERTY,12,7,0,63.6,1,1,206,0,0,68.6,71.8,89.8,76.9,72.4,77.1,1,2,0,0,30.0,10.2,5,3,2,86.3,28,2,0,59,15,305,581,39,0,0,39,0,10,542,23,253,458,16,37,0,44,5,1,249,137,8.9
TJ Bush Jr.,174925,ED,CAL,12,11,1,100.0,2,0,130,0,0,80.1,65.8,31.1,68.3,57.9,71.2,7,19,0,0,26.0,12.5,5,0,4,92.4,6,5,0,5,0,47,640,609,0,7,564,38,0,31,321,272,25,20,24,3,6,31,0,37,25,6.2
Donovan Dozier,174927,ED,LIBERTY,12,8,0,100.0,0,0,206,0,0,42.1,60.8,46.4,57.3,67.3,63.6,1,5,0,0,3.0,9.5,2,0,1,79.2,1,0,0,1,0,5,226,225,0,13,123,89,0,1,99,122,0,9,11,2,1,6,0,3,2,3.0
Larry Jones III,174933,ED,NEW MEX ST,2,0,0,,0,0,242,0,0,60.0,46.9,0.0,62.5,60.0,,0,0,0,0,,,0,0,1,0.0,0,0,0,1,0,1,7,6,0,0,6,0,0,1,5,1,0,0,0,0,0,0,0,0,0,
Jamal Miles,174934,CB,LIBERTY,2,1,0,,0,0,206,0,0,64.8,67.3,69.2,,63.2,76.6,0,0,0,0,,0.0,0,0,0,0.0,0,0,0,4,6,5,10,0,0,0,0,0,0,10,0,5,0,0,1,0,0,0,0,0,0,
Eliyt Nairne,174936,DI,TULANE,13,3,0,,0,0,319,1,0,63.0,62.8,80.2,58.1,62.5,67.8,0,4,0,0,,8.3,1,0,0,0.0,0,0,0,1,0,2,170,169,18,36,12,103,0,1,102,66,0,7,8,1,0,4,0,0,0,
Nathan Pirolli,174938,DI,LIBERTY,12,13,3,,0,0,206,0,0,62.3,69.0,57.3,59.7,73.0,74.9,1,5,0,0,,5.3,2,0,1,0.0,0,1,0,0,0,0,316,316,82,181,3,50,0,0,154,162,0,15,23,1,0,7,0,0,0,
Bryan Whitehead,174941,ED,ARK STATE,11,3,2,100.0,1,1,113,1,0,53.5,65.7,63.7,71.2,60.3,73.0,0,15,0,0,15.0,11.1,2,0,1,118.8,1,5,0,8,0,16,359,348,0,17,312,19,0,11,189,154,3,15,13,4,1,20,0,15,19,15.0
Botros Alisandro,174944,CB,DOMINION,8,6,0,64.0,0,0,263,0,0,70.9,70.5,84.8,58.8,66.1,60.8,0,0,0,0,65.0,18.9,7,3,0,110.4,16,0,0,22,318,172,367,22,0,0,22,0,0,345,6,189,5,7,24,0,25,0,2,170,109,10.6
Winston Berglund,174945,LB,PURDUE,7,1,0,100.0,0,0,273,0,0,39.3,42.0,75.6,68.8,45.9,68.2,0,2,0,0,16.0,14.3,1,0,0,115.6,4,0,0,40,0,15,73,15,0,0,15,0,0,58,4,54,17,3,5,0,4,2,0,47,30,11.8
Drake Carlson,174951,DI,PURDUE,1,0,0,,0,0,273,0,0,,38.9,69.0,59.7,52.7,,0,0,0,0,,,0,0,0,0.0,0,0,0,0,0,0,4,4,2,2,0,0,0,0,2,2,0,0,0,0,0,0,0,0,0,
Jamarrion Harkless,174958,DI,PURDUE,12,4,0,,0,0,273,0,0,59.3,62.9,86.3,62.5,61.1,60.0,3,4,0,0,,14.3,2,0,0,0.0,0,4,0,0,0,1,423,423,185,237,0,1,0,0,178,244,0,9,8,0,0,11,0,0,0,
Will Heldt,174960,ED,CLEMSON,12,8,3,100.0,0,1,140,0,0,76.0,82.7,54.9,81.0,75.7,74.6,7,23,0,0,21.0,8.8,3,0,2,79.2,6,10,0,2,0,24,514,512,0,9,485,18,0,2,318,172,0,24,23,7,6,40,0,13,19,2.2
Braxton Myers,174966,CB,W KENTUCKY,3,0,0,25.0,0,0,346,0,0,74.1,74.5,74.1,,65.1,38.3,0,0,0,0,12.0,33.3,1,1,0,39.6,1,0,0,1,26,17,28,0,0,0,0,0,0,28,0,11,0,1,2,0,4,0,0,12,0,12.0
Derrick Rogers,174967,CB,FAU,11,3,0,66.7,1,1,165,0,0,55.7,59.3,0.0,,77.1,74.0,0,0,0,0,73.0,11.8,2,2,2,137.5,8,0,0,19,196,99,225,1,0,0,1,0,0,224,0,126,9,2,12,1,12,0,1,161,100,20.1
Dillon Thieneman,174971,S,OREGON,13,20,0,57.7,0,0,264,0,0,90.3,89.7,86.6,81.0,69.3,86.2,2,2,0,2,42.0,8.6,7,4,1,66.2,15,0,0,357,5,374,691,7,0,0,7,0,217,684,5,312,104,18,54,2,26,4,2,140,36,9.3
Dimitri Johnson,174976,LB,NEW MEXICO,10,9,0,80.0,0,0,241,0,0,66.8,64.7,78.2,56.2,62.4,67.8,0,1,0,0,22.0,12.9,4,0,0,95.0,8,0,0,131,0,70,158,2,0,0,2,0,0,156,18,70,25,13,18,2,10,1,0,68,28,8.5
Trenton Alan Yowe,174979,CB,ARK STATE,12,9,0,65.8,1,1,113,1,0,69.8,67.5,52.9,85.8,52.8,46.9,3,1,0,0,35.0,21.4,12,3,7,82.7,25,1,0,95,637,396,751,17,0,0,17,0,1,734,7,348,1,16,35,0,38,5,0,235,70,9.4
Zyeir Gamble,174990,S,APP STATE,11,15,0,59.3,0,2,108,0,0,69.4,70.0,87.3,56.0,70.0,71.2,0,0,0,2,37.0,13.0,9,4,0,90.2,16,0,0,234,2,398,718,13,0,0,13,0,323,705,4,316,146,12,45,2,27,0,3,211,61,13.2
Nate Johnson,174993,ED,MISSOURI,9,0,0,100.0,0,0,229,0,0,64.1,79.9,5.4,68.5,84.3,80.2,1,3,0,0,3.0,0.0,0,0,1,79.2,1,0,0,0,0,1,86,85,0,2,80,3,0,1,45,40,1,6,7,1,1,4,0,3,9,3.0
Colton Phares,175001,LB,APP STATE,12,28,2,74.3,0,1,108,1,0,85.0,87.6,85.2,65.8,85.6,71.9,2,8,0,3,19.0,11.2,11,1,0,48.0,26,2,0,568,2,307,642,10,0,0,10,0,4,632,62,273,58,38,59,6,35,12,0,166,135,6.4
Jackson Bowers,175009,TE,OREGON ST,1,0,0,,0,0,265,0,0,,60.0,60.0,60.0,,,0,0,0,0,,,0,0,0,0.0,0,0,0,0,0,0,1,0,0,0,0,0,0,1,1,0,0,0,0,0,0,0,0,0,0,
Naseri Danielson,175014,LB,S JOSE ST,6,2,0,,0,0,285,0,0,63.1,61.9,71.0,,59.5,75.7,0,0,0,0,,0.0,0,0,0,0.0,0,0,0,28,0,8,30,1,0,0,1,0,0,29,0,22,1,0,0,0,0,0,0,0,0,
Kevin Doe,175015,CB,BYU,4,0,0,100.0,0,0,128,0,0,46.7,47.1,72.9,,60.0,74.2,0,0,0,0,11.0,0.0,0,0,1,112.5,1,0,0,0,14,9,15,0,0,0,0,0,0,15,0,6,1,0,1,0,1,0,0,11,6,11.0
Siale Esera,175020,LB,BYU,12,14,0,60.0,0,0,128,0,0,60.6,67.2,84.6,70.6,66.2,57.6,3,7,0,0,17.0,15.4,8,1,0,86.3,3,1,0,393,3,196,411,5,0,0,5,0,0,406,52,163,10,19,30,3,5,11,0,41,17,13.7
Miles Hall,175024,LB,BYU,7,4,0,100.0,0,0,128,0,0,45.1,59.2,76.9,53.4,74.4,58.5,0,1,0,0,9.0,14.3,2,0,0,100.0,3,0,0,45,1,19,54,6,0,0,6,0,0,48,6,29,2,4,8,1,3,1,0,24,20,8.0
John Henry Daley,175027,ED,UTAH,11,8,1,100.0,0,2,328,0,0,52.6,92.0,71.9,93.4,77.6,61.5,9,32,0,0,15.0,16.7,7,0,1,118.8,1,10,0,5,0,14,513,508,0,37,455,16,0,5,279,220,0,29,27,6,1,51,0,15,8,15.0
Ace Kaufusi,175031,LB,BYU,11,1,0,88.9,0,0,128,0,0,55.1,62.5,81.7,63.4,69.2,65.9,2,2,0,0,16.0,13.3,2,0,1,97.2,8,0,0,97,0,72,165,49,0,0,49,0,0,116,24,69,19,9,12,2,9,4,0,66,21,8.3
Maika Kaufusi,175032,LB,BYU,3,0,0,,0,0,128,0,0,60.3,54.3,72.3,59.9,54.4,,0,0,0,0,,,0,0,0,0.0,0,0,0,9,0,2,15,6,0,0,6,0,0,9,1,12,0,0,0,0,0,0,0,0,0,
David Latu,175034,DI,BOISE ST,10,3,0,,0,0,120,0,0,,73.3,81.0,63.4,75.5,77.7,0,2,0,0,,10.0,1,0,0,0.0,0,3,0,0,0,0,163,163,29,128,0,6,0,0,81,82,0,8,6,2,0,5,0,0,0,
Marcus McKenzie,175036,CB,BYU,3,0,0,100.0,0,0,128,0,0,42.6,41.7,70.6,,60.0,73.5,0,0,0,0,29.0,0.0,0,0,0,158.3,2,0,0,0,8,6,8,0,0,0,0,0,0,8,0,2,0,0,1,0,2,0,1,43,9,21.5
Solomon Bell,175041,S,E MICHIGAN,2,0,0,,0,0,160,0,0,,70.9,70.5,,70.1,76.3,0,0,0,0,,0.0,0,0,0,0.0,0,0,0,16,0,0,16,0,0,0,0,0,0,16,0,16,0,2,2,1,0,0,0,0,0,
Messiah Blair,175042,ED,E MICHIGAN,7,2,1,50.0,1,1,160,0,0,44.4,53.9,0.0,54.6,66.0,72.2,1,1,0,0,2.0,8.3,1,0,2,56.3,1,1,0,12,0,8,146,129,0,0,121,8,0,17,65,73,5,7,9,0,2,3,0,2,3,2.0
Bryce Eliuk,175049,LB,E MICHIGAN,12,7,0,87.5,0,0,160,0,0,46.3,59.0,79.0,66.1,67.5,55.0,1,1,0,0,20.0,20.0,5,0,0,153.1,7,0,0,160,0,58,164,1,0,0,1,0,0,163,3,103,3,10,13,0,8,2,1,90,60,12.9
Jaheim Jenkins,175053,CB,JVILLE ST,8,7,0,52.4,1,0,196,0,0,71.6,70.6,7.1,54.9,70.2,78.1,0,0,0,0,23.0,5.6,1,4,1,102.7,11,0,0,19,233,166,263,2,0,0,2,0,3,261,2,95,6,4,10,0,21,0,2,127,41,11.5
Jaivian Norman,175058,CB,E MICHIGAN,10,1,0,80.0,0,0,160,0,0,61.8,57.7,0.0,56.5,51.1,54.3,0,0,0,0,13.0,21.1,4,1,2,95.4,8,0,0,44,2,134,264,1,0,0,1,0,5,263,3,127,212,5,14,2,10,0,0,69,34,8.6
Daiquan White,175068,CB,GA TECH,11,3,0,57.1,0,0,176,0,0,63.3,64.2,82.0,50.1,69.9,70.8,0,1,0,0,33.0,9.5,2,3,0,117.8,12,0,0,20,238,149,268,2,0,0,2,0,3,266,6,113,5,6,16,2,21,1,2,183,23,15.3
Dallas Afalava,175070,DI,WAKE,12,4,1,,1,1,339,0,0,62.5,59.8,45.6,68.2,51.7,45.7,4,20,0,1,,20.8,5,0,2,0.0,0,3,0,2,0,0,480,477,3,289,47,138,0,3,265,215,0,11,15,3,0,27,0,0,0,
Xe'ree Alexander,175071,LB,WASHINGTON,12,27,0,76.9,0,0,340,0,0,55.1,63.4,50.1,59.0,72.0,71.1,0,5,0,0,27.0,10.4,8,0,1,90.5,20,0,0,341,3,222,471,81,0,1,80,0,0,390,43,206,44,29,42,5,26,5,0,152,94,7.6
Jaxton Eck,175078,LB,NEW MEXICO,12,39,0,88.2,0,0,241,1,0,66.1,81.8,85.1,65.2,90.2,77.5,1,12,0,0,39.0,10.3,15,1,0,107.1,30,2,1,622,0,367,736,31,0,0,31,0,3,705,59,310,79,54,91,6,34,15,0,330,181,11.0
Keyshawn James-Newby,175089,ED,NEW MEXICO,12,10,4,,0,3,241,0,0,59.2,89.8,13.8,92.7,72.3,39.4,9,48,0,0,,27.3,15,0,6,0.0,0,9,0,1,0,11,631,629,0,43,546,40,0,2,354,266,0,30,30,4,0,66,0,0,0,
Zach Johnson,175091,LB,STANFORD,11,6,0,81.8,0,0,300,1,0,48.7,62.0,81.9,77.1,66.1,42.8,2,1,0,0,42.0,19.2,5,1,0,144.3,9,2,0,159,0,93,200,23,0,0,23,0,2,177,31,76,16,9,15,0,11,5,1,125,79,13.9
Andrew Marshall,175097,CB,NEBRASKA,12,6,0,45.5,0,0,238,0,0,68.4,71.0,85.1,50.4,80.0,76.8,0,0,0,1,37.0,8.7,4,3,3,62.9,20,0,0,32,558,310,606,5,0,0,5,0,2,601,5,291,9,11,36,4,44,0,1,262,95,13.1
Nasir Addison,175132,CB,KENTUCKY,4,1,0,100.0,1,0,202,0,0,51.9,54.2,81.5,,64.0,57.4,0,0,0,0,17.0,17.6,3,0,2,101.0,12,0,0,7,158,90,175,5,0,0,5,0,2,170,0,85,2,0,13,0,12,0,0,99,23,8.3
Jayvant Brown,175139,LB,TEMPLE,11,2,0,70.0,0,0,306,0,0,47.9,55.3,81.5,56.4,65.5,69.9,1,4,0,0,36.0,10.0,2,0,1,95.4,7,1,0,191,2,101,209,5,0,0,5,0,0,204,13,95,11,10,16,1,10,6,0,84,36,12.0
Ty Bryant,175140,S,KENTUCKY,12,21,0,68.8,0,0,202,0,0,78.5,77.9,86.4,61.1,73.6,81.3,0,1,0,4,29.0,10.5,10,1,0,74.7,11,0,0,272,1,349,647,1,0,0,1,0,294,646,8,290,77,11,64,1,16,1,1,131,40,11.9
Hayden Dawahare,175144,LB,KENTUCKY,2,0,0,100.0,0,0,202,0,0,72.3,85.9,71.4,,71.9,76.0,0,0,0,0,3.0,0.0,0,0,0,79.2,1,0,0,9,0,3,9,0,0,0,0,0,0,9,0,6,0,2,2,0,1,0,0,3,2,3.0
Tavion Gadson,175146,DI,KENTUCKY,11,7,0,,1,0,202,0,0,60.2,80.4,58.3,81.5,74.7,82.7,3,14,0,0,,4.3,1,0,1,0.0,0,3,0,3,0,1,345,342,43,229,6,64,0,3,185,159,0,15,15,2,0,20,0,0,0,
Grant Godfrey,175148,LB,KENTUCKY,10,14,0,66.7,0,0,202,0,0,49.0,62.9,81.5,63.2,78.9,88.7,0,1,0,0,27.0,2.7,1,0,0,105.6,12,1,0,221,0,139,253,6,0,0,6,0,0,247,19,95,26,9,22,2,18,2,1,127,82,10.6
Adam Cole,175184,CB,E CAROLINA,1,0,0,,0,0,156,0,0,62.0,62.8,69.5,,60.0,,0,0,0,0,,,0,0,0,0.0,0,0,0,0,0,3,4,0,0,0,0,0,0,4,0,1,4,0,0,0,0,0,0,0,0,
Julien Davis,175186,ED,E CAROLINA,12,7,0,66.7,0,1,156,1,0,83.8,74.6,87.8,60.0,68.8,76.1,2,5,0,0,11.0,7.7,2,0,0,72.5,6,2,0,53,0,95,295,205,0,1,202,2,3,90,74,126,33,13,17,2,9,9,0,32,18,5.3
Kieran Davis,175187,ED,E CAROLINA,12,5,0,50.0,0,2,156,1,0,53.5,72.1,40.5,73.9,71.5,40.5,4,10,0,0,2.0,21.1,4,0,1,56.3,1,3,0,1,0,7,188,186,0,66,90,30,0,2,105,76,1,10,10,2,2,17,0,2,5,2.0
Antione Jackson,175191,CB,UCF,12,5,0,61.1,0,0,323,1,0,63.9,66.8,40.8,58.7,80.2,80.8,0,0,0,0,40.0,7.1,3,3,2,98.5,22,0,0,30,491,282,557,4,0,0,4,0,6,553,2,273,24,12,34,1,36,0,2,233,65,10.6
DJ Johnson Jr.,175193,LB,E CAROLINA,12,17,0,78.4,0,0,156,0,0,41.4,53.1,81.5,58.1,63.8,65.1,0,5,0,0,24.0,14.1,9,0,0,94.4,29,0,0,423,1,246,479,17,0,0,17,0,3,462,51,182,35,21,38,4,37,5,0,246,121,8.5
Kamaurri McKinley,175198,S,E CAROLINA,10,2,0,72.7,0,0,156,0,0,51.4,49.5,0.0,69.2,58.1,41.5,1,0,0,0,27.0,31.3,5,1,2,98.7,8,0,0,27,0,83,139,4,0,0,4,0,99,135,3,53,9,1,9,0,11,1,0,95,38,11.9
Timothy Patterson,175200,S,E CAROLINA,1,0,0,,0,0,156,0,0,62.4,62.5,69.4,,60.0,,0,0,0,0,,,0,0,0,0.0,0,0,0,6,0,4,8,0,0,0,0,0,1,8,0,4,1,0,0,0,0,0,0,0,0,
Tylon Nash,175213,LB,MEMPHIS,2,1,0,0.0,0,0,218,0,0,69.8,80.7,74.2,,62.4,75.1,0,0,0,0,,0.0,0,1,0,39.6,0,0,0,3,0,2,7,1,0,0,1,0,0,6,0,5,2,0,0,0,1,0,0,0,0,
Kush'i Abraham,175215,S,NAVY,6,0,0,85.7,0,0,237,1,0,48.4,51.9,76.6,,66.6,45.6,0,0,0,0,13.0,33.3,2,0,0,88.7,6,0,0,13,1,49,60,1,0,0,1,0,40,59,0,11,5,2,4,0,7,0,0,37,19,6.2
Bryce Allen,175216,CB,NAVY,6,1,0,76.5,1,0,237,0,0,59.6,58.4,80.8,53.8,52.3,51.0,0,0,0,0,44.0,20.0,3,1,1,137.5,13,0,0,6,171,113,178,0,0,0,0,0,0,178,3,62,1,1,11,0,17,0,1,238,48,18.3
Coleman Cauley,175224,LB,NAVY,12,20,0,84.6,0,1,237,1,0,70.7,75.3,84.6,70.1,72.2,54.8,3,10,0,1,23.0,20.0,16,0,0,67.6,11,1,0,398,0,190,458,24,0,0,24,0,0,434,50,218,36,28,44,2,13,14,0,103,72,9.4
Seth English,175230,S,NAVY,4,1,0,37.5,0,0,237,0,0,46.0,48.3,81.3,,53.6,51.6,0,1,0,0,26.0,21.1,4,0,0,93.8,3,0,0,104,1,100,194,2,0,0,2,0,73,192,0,94,14,6,14,0,8,1,1,40,8,13.3
Job Grant,175237,LB,NAVY,10,8,0,78.6,0,0,237,1,0,39.4,51.1,83.3,56.6,64.2,46.1,2,3,0,0,22.0,20.5,8,0,0,105.1,11,0,0,283,0,138,319,13,0,0,13,0,2,306,42,139,21,10,23,0,14,5,0,129,49,11.7
Nolan McCamy,175250,LB,NAVY,2,0,0,0.0,0,0,237,0,0,53.5,50.8,71.9,47.6,63.0,49.7,0,1,0,0,,33.3,1,0,0,39.6,0,0,0,19,0,9,20,0,0,0,0,0,0,20,3,8,1,1,2,0,1,1,0,0,0,
Irabonoise Oniha,175257,CB,NAVY,10,1,1,53.3,1,1,237,0,0,68.1,69.8,82.7,71.3,70.0,45.1,1,0,0,0,52.0,22.2,6,3,3,102.5,16,0,0,46,343,219,395,4,0,0,4,0,1,391,9,167,1,10,20,2,30,1,2,243,103,15.2
Matt Reyes,175261,DI,NAVY,3,0,0,,0,0,237,0,0,,52.0,69.7,57.9,55.0,,0,0,0,0,,,0,0,1,0.0,0,0,0,0,0,0,7,7,0,6,0,1,0,0,3,4,0,0,0,0,0,0,0,0,0,
Matthew Seliga,175263,S,NAVY,4,0,0,66.7,0,0,237,0,0,66.8,61.9,0.0,57.8,60.4,26.0,0,0,0,0,17.0,66.7,2,1,1,100.7,2,0,0,17,0,40,72,0,0,0,0,0,48,72,2,30,7,0,1,0,3,0,0,31,24,15.5
Giuseppe Sessi,175264,S,NAVY,12,20,0,72.4,0,0,237,1,0,60.0,62.0,53.1,54.9,66.4,69.8,0,0,0,0,68.0,13.2,12,0,1,103.5,21,0,0,347,0,409,757,2,0,0,2,0,322,755,5,343,86,11,59,0,29,0,0,286,132,13.6
Joshua Switzer,175270,S,NAVY,1,0,0,50.0,0,0,237,0,0,31.5,33.4,71.3,,60.0,,0,0,0,0,11.0,,0,0,0,66.7,1,0,0,1,0,7,8,0,0,0,0,0,7,8,0,1,0,0,0,0,2,0,0,11,0,11.0
Griffen Willis,175274,DI,NAVY,12,12,1,,0,0,237,0,0,64.0,59.5,84.9,57.9,56.9,61.3,2,8,0,0,,12.5,6,0,0,0.0,0,4,0,1,0,1,593,592,4,454,10,124,0,1,312,280,0,25,30,3,0,14,0,0,0,
Kevin Allen,175277,DI,SMU,11,2,0,,0,0,287,0,0,60.9,64.9,45.3,54.8,74.4,79.7,0,3,0,0,,0.0,0,0,1,0.0,0,1,0,0,0,0,220,220,13,183,7,17,0,0,139,81,0,10,11,2,0,4,0,0,0,
Brandon Miyazono,175288,LB,SMU,12,6,1,64.3,0,1,287,0,0,68.0,70.4,36.7,72.9,68.2,41.2,1,2,0,1,23.0,24.4,10,4,1,72.2,18,3,0,351,1,190,385,15,0,0,15,0,1,370,34,161,17,17,25,1,28,6,1,131,84,7.3
Adam Moore Jr.,175289,TE,SMU,2,0,0,,0,0,287,0,0,,59.9,60.0,,60.0,,0,0,0,0,,,0,0,0,0.0,0,0,0,0,0,0,2,0,0,0,0,0,0,2,0,2,0,0,0,0,0,0,0,0,0,
Abdul Muhammad,175290,S,SMU,8,0,0,66.7,0,0,287,0,0,63.7,60.3,0.0,61.3,55.2,78.3,0,1,0,0,5.0,10.0,1,0,1,70.1,2,0,0,22,1,83,120,2,0,0,2,0,70,118,2,35,23,1,9,0,3,1,0,8,4,4.0
Daemian Wimberly,175297,ED,UTSA,12,1,0,,0,0,331,0,0,60.0,62.5,81.7,70.5,50.4,80.2,2,8,0,0,,0.0,0,0,0,0.0,0,3,0,1,0,0,168,167,0,44,66,57,0,1,102,66,0,7,7,2,0,13,0,0,0,
Harold Lawson,175302,LB,TULANE,1,0,0,,0,0,319,0,0,60.0,75.0,66.1,,65.3,73.2,0,0,0,0,,0.0,0,0,0,0.0,0,0,0,2,0,1,2,0,0,0,0,0,0,2,0,1,0,1,1,1,0,0,0,0,0,
Tawfiq Byard,175309,S,COLORADO,12,15,2,70.4,1,2,143,0,0,78.9,75.0,16.6,68.7,72.2,69.3,1,4,0,1,28.0,13.0,12,2,2,71.2,19,0,0,310,12,255,595,49,0,0,49,0,130,546,32,308,94,36,65,7,27,5,0,168,97,8.8
Kahlil Ali,175331,S,DELAWARE,12,15,0,68.4,0,0,151,0,0,61.8,64.2,85.1,61.4,66.8,50.6,0,1,1,1,79.0,17.6,9,1,0,128.8,13,1,0,280,0,244,465,31,0,0,31,0,48,434,26,195,106,14,27,1,19,2,3,250,148,19.2
Palaie Faoa,175336,LB,BOSTON COL,1,1,0,,0,0,121,0,0,49.7,42.8,76.3,53.3,45.3,32.1,0,0,0,0,,33.3,1,0,0,0.0,0,0,0,34,0,14,43,6,0,0,6,0,0,37,6,23,3,1,1,0,0,0,0,0,0,
Max Tucker,175345,CB,BOSTON COL,12,4,0,63.9,0,0,121,0,0,59.1,56.2,83.9,46.1,45.7,62.0,0,1,0,1,40.0,16.1,5,1,0,88.1,23,0,0,36,353,202,412,8,0,0,8,0,0,404,2,208,15,5,22,0,36,1,1,303,120,13.2
Cade Adams,175355,DI,SM HOUSTON,2,0,0,,0,0,281,0,0,,41.1,0.0,58.5,50.6,,0,0,0,0,,,0,0,1,0.0,0,0,0,0,0,0,18,18,14,4,0,0,0,0,3,15,0,0,0,0,0,0,0,0,0,
Chris Elko,175360,WR,GA TECH,1,0,0,,0,0,176,0,0,,60.3,60.0,,60.0,,0,0,0,0,,,0,0,0,0.0,0,0,0,0,0,0,1,0,0,0,0,0,0,1,0,1,0,0,0,0,0,0,0,0,0,
Myles Forristall,175363,LB,GA TECH,1,0,0,,0,0,176,0,0,60.0,65.6,69.0,,63.7,,0,0,0,0,,,0,0,0,0.0,0,0,0,5,0,1,5,0,0,0,0,0,0,5,0,4,0,0,0,0,0,0,0,0,0,
Will Kiker,175365,CB,GA TECH,5,2,0,66.7,0,0,176,0,0,48.7,53.9,76.4,57.2,73.2,66.2,0,0,0,0,20.0,16.7,1,0,0,83.3,4,0,0,4,0,24,43,1,0,0,1,0,0,42,4,15,36,2,3,0,6,0,0,37,12,9.3
Popo Aguirre,175372,LB,MIAMI FL,13,10,0,79.2,0,0,220,0,0,48.5,64.2,0.0,51.5,90.1,68.4,0,2,0,0,27.0,10.5,4,1,2,89.2,19,0,0,245,0,152,275,2,0,0,2,0,0,273,14,109,28,14,24,1,24,2,0,130,99,6.8
Damari Brown,175373,CB,MIAMI FL,12,2,0,52.6,0,0,220,0,0,79.4,75.9,25.7,51.5,62.3,80.8,0,1,0,0,43.0,4.3,1,1,2,80.4,10,0,0,30,340,229,385,8,0,0,8,0,1,377,8,148,5,7,20,0,19,1,0,157,76,15.7
Demetrius Freeney Jr.,175375,CB,BOISE ST,9,0,0,33.3,0,1,120,0,0,70.0,70.8,78.5,,68.9,82.0,0,0,0,0,11.0,0.0,0,0,1,79.4,3,0,0,8,100,74,112,0,0,0,0,0,0,112,0,38,4,3,7,0,9,0,1,15,10,5.0
Josh Horton,175377,DI,GEORGIA,12,5,1,,0,0,173,0,0,61.7,60.3,79.9,52.7,64.8,38.1,1,2,0,0,,20.0,2,0,0,0.0,0,0,0,1,0,0,141,140,16,92,3,29,0,1,90,51,0,2,3,0,0,3,0,0,0,
Marcellius Pulliam,175385,LB,MICH STATE,4,5,0,0.0,0,0,223,0,0,58.4,73.9,76.3,67.6,80.5,83.1,0,0,0,0,,0.0,0,0,0,39.6,0,0,0,47,0,20,51,2,0,0,2,0,0,49,3,28,2,1,3,0,2,0,0,0,0,
Robert Stafford III,175386,CB,UCLA,9,3,0,58.8,0,0,324,0,0,50.8,52.5,11.5,60.0,62.2,60.4,0,0,0,0,62.0,15.0,3,2,3,142.3,10,0,0,43,221,122,273,3,0,0,3,0,0,270,1,150,5,5,14,0,17,0,2,212,71,21.2
Ty Adams,175389,CB,N CAROLINA,5,0,0,50.0,0,0,245,0,0,70.5,70.9,73.8,,61.5,,0,0,0,0,4.0,,0,0,0,56.3,1,0,0,1,24,14,26,0,0,0,0,0,0,26,0,12,1,0,0,0,2,0,0,4,10,4.0
Kaleb Cost,175392,CB,N CAROLINA,11,7,0,68.9,1,0,245,0,0,68.0,67.4,0.0,62.6,71.9,63.5,0,1,0,1,28.0,15.4,8,5,6,82.3,31,0,0,95,26,269,480,13,0,0,13,0,19,467,6,205,326,14,37,2,45,1,1,266,197,8.6
Ayden Duncanson,175394,S,E CAROLINA,12,4,0,40.0,0,0,156,0,0,66.1,65.8,0.0,,68.2,53.7,0,0,0,0,11.0,17.2,5,2,1,47.9,4,0,0,72,0,130,208,1,0,0,1,0,122,207,0,78,13,9,20,1,10,0,0,21,29,5.3
Rodney Lora,175400,DI,UCF,12,3,0,,0,0,323,1,1,,71.0,82.2,58.4,76.1,66.0,0,3,0,0,,9.5,2,0,0,0.0,0,2,0,0,0,0,289,289,1,269,1,18,0,0,148,141,0,12,16,3,0,5,0,0,0,
Reggie Love II,175402,CB,N CAROLINA,1,0,0,0.0,0,0,245,0,0,84.3,84.9,72.6,,61.2,,0,0,0,0,,,0,1,0,39.6,0,0,0,0,15,4,15,0,0,0,0,0,0,15,0,11,0,0,0,0,2,0,0,0,0,
Tre Miller,175403,CB,N CAROLINA,9,1,0,93.3,0,0,245,0,0,57.8,58.8,81.7,56.8,64.8,79.9,0,0,0,0,23.0,7.1,1,0,1,109.2,14,0,0,8,7,83,117,1,0,0,1,0,8,116,3,31,93,6,12,0,15,0,0,153,72,10.9
Joel Starlings,175405,DI,MARYLAND,11,3,0,,0,0,215,0,0,,54.4,79.8,67.2,46.0,28.8,2,3,0,0,,33.3,3,0,0,0.0,0,1,0,0,0,0,132,132,9,100,2,21,0,0,62,70,0,3,3,0,0,6,0,0,0,
Jordan Bass,175407,S,VA TECH,12,5,0,69.2,0,0,337,0,0,45.4,48.5,0.0,60.1,62.3,29.1,2,3,0,0,29.0,36.4,12,0,4,100.2,9,0,0,182,1,186,390,6,0,0,6,0,117,384,16,188,84,4,16,1,13,5,0,126,53,14.0
Rasheem Biles,175408,LB,PITTSBURGH,9,30,0,84.0,3,1,268,0,0,74.0,78.0,0.0,73.4,85.3,78.9,4,7,2,2,34.0,11.0,10,1,7,66.0,21,4,0,408,0,229,606,101,0,0,101,0,0,505,106,271,97,36,51,8,25,15,0,196,111,9.3
Cruce Brookins,175409,S,PITTSBURGH,9,12,0,65.2,0,0,268,0,0,76.8,81.5,86.1,60.0,86.7,84.1,0,0,0,2,33.0,7.4,4,2,0,90.8,15,0,0,200,1,270,460,3,0,0,3,0,207,457,1,189,49,16,38,1,23,0,4,171,56,11.4
Maverick Gracio,175415,ED,PITTSBURGH,7,1,0,,0,0,268,0,0,60.0,62.1,0.0,63.5,65.4,77.2,0,3,0,0,,0.0,0,0,1,0.0,0,1,0,0,0,1,49,49,0,0,48,1,0,0,25,23,0,3,2,1,0,4,0,0,0,
Shadarian Harrison,175416,CB,PITTSBURGH,11,3,0,51.7,1,1,268,0,0,61.7,64.3,35.3,59.3,79.2,53.1,0,0,0,1,21.0,20.0,6,2,4,67.5,15,0,0,34,448,285,486,2,0,0,2,0,0,484,1,200,2,6,21,0,29,0,1,175,47,11.7
Anthony Britton,175427,DI,VIRGINIA,12,11,0,,0,2,335,0,0,64.6,69.1,41.9,71.2,63.6,49.9,4,6,0,0,,15.0,3,0,1,0.0,0,1,0,0,0,0,199,199,25,167,0,7,0,0,92,107,0,6,6,0,0,11,0,0,0,
Mekhi Buchanan,175428,ED,VIRGINIA,1,0,1,,0,0,335,0,0,,66.2,70.8,65.6,60.0,,0,0,0,0,,,0,0,0,0.0,0,0,0,0,0,0,5,5,0,0,5,0,0,0,4,1,0,0,0,0,0,0,0,0,0,
Landon Danley,175431,LB,VIRGINIA,10,5,0,81.8,0,0,335,0,0,60.7,63.2,79.5,57.7,66.4,66.7,1,3,0,0,21.0,11.1,3,0,0,94.3,9,0,0,176,2,115,228,11,0,0,11,0,0,217,15,98,39,12,19,1,11,4,0,73,40,8.1
Jason Hammond,175434,DI,VIRGINIA,12,7,0,,0,1,335,0,0,60.0,68.9,82.7,62.2,70.2,47.0,1,13,0,0,,23.3,7,0,0,0.0,0,3,0,0,0,1,305,305,10,270,2,23,0,0,163,141,0,11,16,1,0,17,0,0,0,
Caleb Hardy,175435,LB,VIRGINIA,9,4,0,50.0,0,0,335,0,0,64.1,66.1,77.8,74.4,61.1,85.3,2,2,0,0,20.0,0.0,0,0,0,71.4,4,0,0,79,0,68,117,5,0,0,5,0,2,112,7,42,31,5,7,0,8,4,0,53,25,13.3
Kam Robinson,175441,LB,VIRGINIA,8,17,0,87.5,0,0,335,1,0,72.7,70.6,40.6,68.2,66.5,82.2,2,4,2,2,24.0,5.1,3,1,2,81.0,28,3,1,297,7,189,416,33,1,0,32,0,3,383,39,188,76,25,39,3,32,9,1,230,106,8.2
Ricardo Cooper Jr.,175447,CB,MARYLAND,3,0,0,0.0,0,0,215,0,0,92.2,91.9,70.4,,60.0,,0,0,0,1,,,0,0,0,0.0,0,0,0,0,10,4,11,0,0,0,0,0,0,11,0,7,0,0,0,0,1,0,0,0,0,
Darius Grimes,175450,ED,MARYLAND,2,1,0,,0,0,215,0,0,,63.3,72.8,58.0,64.1,72.2,0,0,0,0,,0.0,0,0,0,0.0,0,0,0,0,0,0,10,9,0,0,9,0,0,1,4,6,0,0,0,0,0,0,0,0,0,
Philipp Davis,175462,CB,MARSHALL,7,0,0,0.0,0,0,214,0,0,61.8,60.9,75.8,,57.4,,0,0,0,0,,,0,0,0,39.6,0,0,0,7,39,19,47,0,0,0,0,0,0,47,0,28,0,0,0,0,1,0,0,0,0,
Eddie Pleasant III,175468,CB,BUFFALO,3,0,0,100.0,0,0,126,0,0,57.4,57.9,73.0,,60.3,73.5,0,0,0,0,10.0,0.0,0,0,0,108.3,1,0,0,0,13,8,15,1,0,0,1,0,0,14,0,7,0,0,1,0,1,0,0,10,4,10.0
Jalen Thompson,175471,ED,MICH STATE,11,8,1,100.0,0,0,223,0,0,52.1,68.2,66.9,66.3,71.5,73.7,4,14,0,0,47.0,6.3,2,0,1,118.8,5,2,1,0,0,16,420,420,2,16,376,26,0,0,243,161,0,18,22,5,5,20,0,89,64,17.8
Jacob Bower,175477,LB,NEBRASKA,6,1,0,100.0,0,0,238,0,0,38.7,50.8,72.6,,63.6,71.6,0,0,0,0,43.0,22.2,2,0,1,118.8,2,0,0,38,0,14,44,0,0,0,0,0,0,44,0,30,5,4,6,0,2,0,0,46,47,23.0
Kai Wallin,175486,ED,OREGON ST,9,0,0,,0,0,265,0,0,63.9,69.2,25.7,67.7,71.3,60.5,3,10,0,0,,14.3,2,0,2,0.0,0,1,0,2,0,25,260,248,0,1,238,9,0,12,124,111,9,10,12,1,0,14,0,0,0,
Cooper Wilson,175487,CB,NEVADA,5,2,0,0.0,0,0,239,0,0,63.1,64.0,85.9,,63.3,58.8,0,0,0,0,,16.7,1,0,1,39.6,0,0,0,6,32,16,41,0,0,0,0,0,2,41,0,25,0,2,3,0,1,0,0,0,0,
Bobby Mears,175495,ED,PENN STATE,2,0,0,,0,0,266,0,0,60.0,64.5,74.1,62.1,61.3,,0,0,0,0,,,0,0,0,0.0,0,0,0,0,0,1,11,11,0,0,8,3,0,0,7,3,0,0,0,0,0,0,0,0,0,
Djibril Rahman,175501,ED,RUTGERS,10,1,0,0.0,1,0,278,0,0,75.4,64.0,34.4,61.7,62.7,28.0,0,6,0,0,,28.6,2,1,2,39.6,0,1,0,1,0,6,160,159,2,5,96,56,0,1,77,77,0,5,4,0,1,7,0,0,0,
Sage Clawges,175503,CB,RUTGERS,3,1,0,0.0,0,0,278,0,0,50.6,49.1,76.8,,54.5,59.2,0,0,0,0,,25.0,1,0,0,39.6,0,0,0,0,15,3,20,5,0,0,5,0,0,15,0,17,0,0,2,0,2,0,0,0,0,
JaSire Peterson,175512,DI,UAB,7,5,0,,1,0,321,0,0,60.0,38.9,0.0,70.7,37.0,28.6,2,0,0,0,,30.0,3,0,3,0.0,0,0,0,0,0,0,105,105,6,87,2,10,0,0,47,58,0,2,2,0,0,2,0,0,0,
Christian Alliegro,175520,LB,WISCONSIN,10,7,1,76.9,0,0,349,0,0,50.4,62.3,45.1,81.2,67.4,59.7,1,5,0,0,19.0,17.5,11,0,1,97.1,20,4,0,344,2,238,449,32,0,0,32,0,1,417,39,172,69,20,45,4,26,10,0,193,175,9.7
Jamel Howard,175526,DI,WISCONSIN,1,0,0,,0,0,349,0,0,,50.1,68.6,58.8,56.7,,0,0,0,0,,,0,0,0,0.0,0,0,0,0,0,0,4,4,0,4,0,0,0,0,2,2,0,0,0,0,0,0,0,0,0,
Justin Taylor,175532,S,WYOMING,12,1,0,40.0,0,0,351,1,0,59.8,60.4,11.7,68.1,62.9,52.1,0,1,0,1,19.0,21.1,4,1,1,10.4,4,0,0,78,3,166,276,1,0,0,1,0,131,275,2,108,62,5,14,1,10,1,0,35,3,8.8
Nolan Vils,175536,DI,WISCONSIN,8,1,0,,0,0,349,0,0,,62.8,74.7,55.5,65.6,69.7,0,0,0,0,,0.0,0,0,0,0.0,0,0,0,0,0,0,34,34,1,32,0,1,0,0,15,19,0,0,0,0,0,0,0,0,0,
Toddrick Brewton,175541,ED,FIU,7,0,0,,0,0,166,0,0,61.9,61.8,82.2,58.7,62.0,53.7,0,4,0,0,,25.0,1,0,0,0.0,0,0,0,0,0,3,79,77,0,0,76,1,0,2,42,34,2,2,3,0,0,4,0,0,0,
Mister Clark,175545,CB,FIU,12,10,0,70.0,0,1,166,0,0,67.3,66.4,88.2,60.8,62.8,57.3,1,1,0,3,29.0,16.5,13,9,2,83.7,49,0,0,203,11,441,776,47,0,0,47,0,5,729,8,327,509,24,56,5,70,2,3,452,213,9.2
Victor Evans III,175552,CB,FIU,12,1,0,63.3,0,1,166,0,0,67.8,66.0,84.8,66.8,51.5,61.3,0,1,0,1,38.0,17.3,9,3,2,87.7,31,0,0,29,382,295,481,2,0,0,2,0,15,479,2,184,50,12,42,1,49,1,2,327,103,10.5
Orlando Syph-Timmons,175572,LB,FIU,1,0,0,,0,0,166,0,0,,60.0,60.0,,60.0,,0,0,0,0,,,0,0,0,0.0,0,0,0,0,0,0,1,0,0,0,0,0,0,1,0,1,0,0,0,0,0,0,0,0,0,
Preston Thompson,175573,CB,FIU,8,1,0,60.0,0,0,166,0,0,54.8,57.0,85.0,58.6,68.3,61.5,0,0,0,0,28.0,14.3,1,0,1,103.7,3,0,0,4,50,40,63,0,0,0,0,0,3,63,1,22,4,0,5,0,5,0,0,62,23,20.7
Micah McCarroll,175584,CB,JVILLE ST,1,0,0,,0,0,196,0,0,61.5,62.4,67.3,,60.0,,0,0,0,0,,,0,0,0,0.0,0,0,0,0,3,2,3,0,0,0,0,0,0,3,0,1,0,0,0,0,0,0,0,0,0,
Judd Rouyea,175601,ED,LA TECH,2,0,0,,0,0,208,0,0,,65.8,74.8,54.6,70.9,73.8,0,0,0,0,,0.0,0,0,0,0.0,0,0,0,0,0,0,36,36,0,4,17,15,0,0,17,19,0,2,2,1,0,0,0,0,0,
Dax Horany,175616,LB,SM HOUSTON,1,0,0,,0,0,281,0,0,55.1,28.3,68.2,58.7,44.6,20.0,0,0,0,0,,100.0,1,0,0,0.0,0,0,0,5,0,2,5,0,0,0,0,0,0,5,1,2,0,0,0,0,0,0,0,0,0,
Eli Wallace,175628,LB,SM HOUSTON,3,0,0,,0,0,281,0,0,,28.9,67.3,,36.8,,0,0,0,0,,,0,0,0,0.0,0,0,0,4,0,0,4,0,0,0,0,0,0,4,0,4,0,0,0,0,0,0,0,0,0,
Jaime Guerrero,175637,S,UTEP,1,0,0,,0,0,330,0,0,62.0,61.9,69.6,,,,0,0,0,0,,,0,0,0,0.0,0,0,0,0,0,4,4,0,0,0,0,0,3,4,0,0,1,0,0,0,0,0,0,0,0,
Lantz Russell,175652,S,UTEP,12,7,2,91.7,0,0,330,0,0,65.5,67.4,82.0,87.7,62.6,66.7,1,0,0,0,66.0,13.3,4,1,0,144.4,11,0,0,80,2,112,223,11,0,0,11,0,54,212,8,103,74,9,19,1,12,1,1,144,53,13.1
Tayden Barnes,175662,S,CINCINNATI,10,7,0,69.6,0,0,138,0,0,38.7,45.3,81.5,,65.4,61.9,0,0,0,0,75.0,16.7,4,0,0,118.0,16,0,0,95,2,93,185,0,0,0,0,0,14,185,0,92,74,6,13,1,23,0,1,240,95,15.0
Josiah Charles,175665,CB,NEW MEX ST,12,2,0,65.0,0,0,242,0,0,49.6,49.8,83.8,66.2,47.7,48.7,0,1,0,1,48.0,20.0,6,3,2,113.4,26,0,0,50,422,264,474,0,0,0,0,0,0,474,5,205,2,6,22,0,40,1,4,329,87,12.7
Quincy Davis,175667,LB,NEW MEX ST,12,11,0,88.2,0,0,242,0,0,69.8,73.0,27.3,57.9,77.9,89.8,1,4,0,0,21.0,2.1,1,0,1,99.3,15,0,0,243,1,152,314,14,0,0,14,0,0,300,30,132,56,24,36,1,17,5,0,133,68,8.9
Gabe Jones,175675,DI,COLO STATE,1,0,0,,0,0,144,0,0,,62.9,74.3,59.9,62.9,35.2,0,1,0,0,,33.3,1,0,0,0.0,0,0,0,0,0,0,23,23,1,13,5,4,0,0,12,11,0,2,2,1,0,1,0,0,0,
Colt Mangino,175678,S,NEW MEX ST,1,0,0,,0,0,242,0,0,,50.8,68.0,,55.4,21.8,0,0,0,0,,100.0,1,0,0,0.0,0,0,0,1,0,0,3,0,0,0,0,0,1,3,0,3,1,0,0,0,0,0,0,0,0,
Tyler Martinez,175679,LB,NEW MEX ST,4,13,0,91.7,0,0,242,0,0,71.6,66.2,80.7,50.2,61.4,73.2,1,2,0,1,40.0,10.5,4,3,0,101.0,11,0,0,153,1,95,218,3,0,0,3,0,2,215,15,108,59,14,21,1,12,3,1,119,68,10.8
Naeten Mitchell,175681,S,NEW MEX ST,12,31,0,48.7,0,4,242,0,0,68.9,64.8,88.8,60.0,55.0,55.2,0,0,1,3,42.0,19.8,24,3,0,67.3,19,0,0,295,2,468,845,0,0,0,0,0,468,845,1,376,80,15,66,2,39,0,4,210,86,11.1
Jeremiah Vessel,175689,S,UAB,11,13,1,78.6,0,0,321,0,0,30.6,41.7,85.5,70.9,60.8,30.8,1,3,0,0,48.0,26.3,20,1,1,158.3,11,1,0,195,0,198,493,10,0,0,10,0,223,483,13,282,65,20,43,0,14,5,3,200,103,18.2
Deliyon Freeman,175696,CB,HAWAII,4,0,0,100.0,0,0,180,0,0,66.1,67.3,75.6,,64.3,75.5,0,0,0,0,7.0,0.0,0,0,0,95.8,1,0,0,0,0,12,20,0,0,0,0,0,0,20,0,8,20,0,1,0,1,0,0,7,6,7.0
Aiden McComber,175702,LB,HAWAII,11,0,0,,0,0,180,0,0,60.0,52.5,77.1,50.0,66.3,77.5,0,1,0,0,,0.0,0,0,0,0.0,0,1,0,41,0,1,43,2,1,0,1,0,0,41,31,11,0,3,2,0,0,2,0,0,0,
Jamih Otis,175705,LB,HAWAII,11,15,0,71.0,1,2,180,1,1,60.8,60.0,11.3,67.5,59.3,45.1,2,5,0,1,26.0,20.0,14,0,3,86.6,22,1,0,498,2,287,549,21,0,0,21,0,2,528,41,221,26,24,41,3,31,8,1,209,119,9.5
Elijah Palmer,175706,CB,HAWAII,12,12,0,64.7,0,1,180,1,0,79.5,78.2,89.4,46.5,69.3,54.7,0,1,1,2,50.0,21.9,14,7,0,75.5,44,0,0,40,1,373,603,2,0,0,2,0,9,601,5,225,551,14,38,5,68,1,1,438,205,10.0
Zoram Petelo,175707,ED,HAWAII,6,0,0,,0,0,180,0,0,,58.1,79.1,65.7,50.0,,0,0,0,0,,,0,0,0,0.0,0,0,0,0,0,0,30,29,0,0,29,0,0,1,17,13,0,0,0,0,0,0,0,0,0,
Josh Sagapolutele,175710,LB,HAWAII,3,0,0,,0,0,180,0,0,61.1,52.5,70.8,51.0,,25.7,0,0,0,0,,50.0,1,0,0,0.0,0,0,0,7,0,0,7,0,0,0,0,0,0,7,7,0,0,1,1,1,0,0,0,0,0,
Jaheim Wilson-Jones,175716,CB,HAWAII,12,6,0,53.3,0,0,180,0,0,62.9,60.0,84.8,,40.3,49.6,0,0,0,1,72.0,20.0,8,4,1,83.4,24,0,0,14,482,307,504,0,0,0,0,0,0,504,0,197,8,8,26,2,45,0,2,338,103,14.1
Michael Coats Jr.,175720,CB,W VIRGINIA,12,8,0,60.7,2,0,343,1,0,70.1,73.2,84.6,72.1,80.5,59.4,0,1,0,0,85.0,10.5,4,9,5,106.8,17,0,0,29,475,300,520,6,0,0,6,0,2,514,4,216,6,11,26,2,28,1,1,284,101,16.7
Bishop Turner,175729,S,NEVADA,12,3,0,75.0,0,0,239,1,0,70.9,70.3,28.4,63.5,69.4,66.3,0,1,0,1,48.0,16.7,4,2,1,67.7,6,0,0,52,1,167,306,3,0,0,3,0,216,303,4,135,34,3,17,0,8,1,0,82,18,13.7
Jayden Wilson,175744,LB,UTEP,12,27,0,83.3,0,3,330,1,0,63.1,74.5,58.5,61.6,80.8,66.2,6,4,0,1,21.0,14.1,14,0,1,95.4,25,1,0,562,1,279,697,49,0,0,49,0,1,648,71,347,82,33,58,6,30,11,1,227,156,9.1
Xavier Hamlett,175754,CB,S DIEGO ST,1,0,0,,0,0,284,0,0,,60.0,63.8,,60.0,,0,0,0,0,,,0,0,0,0.0,0,0,0,0,1,0,1,0,0,0,0,0,0,1,0,1,0,0,0,0,0,0,0,0,0,
Jordan Napier,175759,WR,S DIEGO ST,1,0,0,,0,0,284,0,0,,60.0,60.0,,60.0,,0,0,0,0,,,0,0,1,0.0,0,0,0,0,0,0,1,0,0,0,0,0,0,1,0,1,0,0,0,0,0,0,0,0,0,
Brady Nassar,175760,ED,S DIEGO ST,12,5,2,,0,0,284,0,0,68.6,70.3,86.4,63.5,70.1,60.1,4,14,0,0,,13.0,3,0,0,0.0,0,0,0,1,0,7,364,363,4,15,337,7,0,1,186,171,0,13,15,1,0,18,0,0,0,
Tymere Burton,175789,LB,UTAH ST,1,1,0,,0,0,329,0,0,75.7,75.1,75.7,65.5,60.1,78.6,0,0,0,0,,0.0,0,1,0,0.0,0,1,0,21,0,14,28,3,0,0,3,0,0,25,4,10,4,2,2,0,0,1,0,0,0,
Cameron Avery,175799,LB,COAST CAR,1,1,0,,0,0,141,0,0,60.0,55.4,70.5,,54.6,49.0,0,0,0,0,,33.3,1,0,0,0.0,0,0,0,8,0,1,8,0,0,0,0,0,0,8,0,7,0,0,1,0,0,0,0,0,0,
Bryson Graves,175806,WR,COAST CAR,1,0,0,,0,0,141,0,0,,60.1,60.0,,60.0,,0,0,0,0,,,0,0,2,0.0,0,0,0,0,0,0,1,0,0,0,0,0,0,1,0,1,0,0,0,0,0,0,0,0,0,
Darius Taylor,175823,LB,VA TECH,1,0,0,,0,0,337,0,0,60.0,62.0,66.1,,60.0,,0,0,0,0,,,0,0,0,0.0,0,0,0,2,0,1,2,0,0,0,0,0,0,2,0,1,0,0,0,0,0,0,0,0,0,
Jordan Saunders,175831,S,DOMINION,6,4,0,100.0,0,0,263,0,0,60.3,58.0,77.2,48.5,58.3,67.2,0,1,0,0,67.0,15.4,2,0,0,118.8,2,0,0,54,0,30,80,0,0,0,0,0,13,80,0,50,11,2,7,0,2,1,0,78,34,39.0
Gage Sawyers,175832,LB,DOMINION,4,0,0,,0,0,263,0,0,61.6,53.7,72.3,58.6,49.4,20.1,0,0,0,0,,100.0,1,0,0,0.0,0,0,0,7,0,5,14,2,0,0,2,0,0,12,1,8,3,0,0,0,0,0,0,0,0,
Brian Dillard,175836,CB,S ALABAMA,9,4,0,40.0,0,0,288,0,0,68.2,66.1,81.0,59.3,56.0,60.4,0,0,0,0,44.0,15.0,3,3,0,63.8,6,0,0,24,211,117,236,1,0,0,1,0,0,235,1,118,0,4,13,0,15,0,0,102,31,17.0
RJ Moss Jr.,175843,DI,S ALABAMA,12,10,1,,0,0,288,1,0,63.1,51.0,56.6,60.2,44.7,56.2,1,4,0,0,,11.1,3,0,1,0.0,0,1,0,0,0,0,322,322,31,226,6,59,0,0,166,156,0,8,14,0,0,6,0,0,0,
Noland Asberry,175856,ED,ARK STATE,7,1,0,,0,1,113,0,0,60.0,74.3,78.0,77.3,63.2,77.9,0,1,0,0,,0.0,0,0,0,0.0,0,2,0,0,0,1,34,31,0,0,29,2,0,3,17,16,3,2,2,0,0,3,0,0,0,
Bray Hubbard,175863,S,ALABAMA,13,21,0,70.3,0,3,103,0,0,82.7,82.9,86.3,60.9,88.1,76.4,1,7,0,4,26.0,10.8,9,4,1,65.0,26,1,0,317,3,386,693,31,0,0,31,0,170,662,31,276,172,27,53,2,37,9,2,230,115,8.8
Keon Keeley,175865,ED,ALABAMA,10,6,0,0.0,0,0,103,0,0,75.2,64.5,82.0,56.6,64.6,71.1,2,5,0,0,,18.2,2,1,0,39.6,0,2,0,0,0,3,131,130,0,12,102,16,0,1,81,47,0,3,3,0,1,9,0,0,0,
Kolby Peavy,175867,CB,ALABAMA,1,0,0,100.0,0,0,103,0,0,63.5,71.6,71.8,,74.0,76.9,0,0,0,0,5.0,0.0,0,0,0,87.5,1,0,0,2,1,3,13,0,0,0,0,0,0,13,0,10,10,1,2,1,1,0,0,5,0,5.0
Yhonzae Pierre,175869,ED,ALABAMA,13,9,0,90.0,0,3,103,0,0,58.5,66.7,52.3,65.9,69.6,49.0,1,34,0,0,21.0,24.1,13,0,2,100.0,9,7,0,96,0,102,542,436,0,0,434,2,1,106,224,216,9,30,32,4,10,42,0,80,43,8.9
Walter Sansing III,175872,CB,ALABAMA,1,0,0,,0,0,103,0,0,,60.8,68.7,,60.0,,0,0,0,0,,,0,0,0,0.0,0,0,0,3,3,0,6,0,0,0,0,0,0,6,0,6,0,0,0,0,0,0,0,0,0,
Lane Whisenhunt,175876,ED,ALABAMA,1,0,0,,0,0,103,0,0,,79.5,72.0,,74.6,75.7,0,0,0,0,,0.0,0,0,0,0.0,0,0,0,0,0,0,6,6,0,0,6,0,0,0,0,6,0,2,2,0,0,0,0,0,0,
Bobby Jamison-Travis,175881,DI,AUBURN,12,4,2,,0,0,115,0,0,57.4,78.2,85.0,63.4,84.6,78.9,1,7,0,0,,2.9,1,0,0,0.0,0,0,0,0,0,0,391,391,159,186,18,28,0,0,213,178,0,22,29,2,0,8,0,0,0,
Brayden Slade,175884,S,FLORIDA,3,0,0,0.0,0,0,163,0,0,64.4,58.8,75.1,,52.0,28.7,0,0,0,0,,50.0,1,0,0,39.6,0,0,0,4,0,10,26,0,0,0,0,0,22,26,0,16,0,0,1,0,1,0,0,0,0,
Kelley Jones,175896,CB,MISS STATE,12,5,0,28.9,0,0,227,0,0,75.1,75.0,85.1,48.5,72.0,72.9,0,0,0,2,34.0,9.7,3,9,4,54.7,11,0,0,47,545,337,624,3,0,0,3,0,5,621,6,281,24,6,23,0,38,0,3,212,50,19.3
Nick DeLoach Jr.,175900,CB,MISSOURI,4,0,0,25.0,0,0,229,0,0,67.3,68.5,75.6,,65.7,78.8,0,0,0,0,3.0,0.0,0,1,0,39.6,1,0,0,3,29,17,34,0,0,0,0,0,1,34,0,17,0,1,2,0,4,0,0,3,1,3.0
Shamar McNeil,175907,CB,MISSOURI,2,0,0,60.0,0,0,229,0,0,61.0,61.9,74.0,,62.5,77.0,0,0,0,0,14.0,0.0,0,0,0,72.9,3,0,0,1,26,14,27,0,0,0,0,0,0,27,0,13,0,0,2,0,5,0,0,25,0,8.3
Jamal Roberts,175912,HB,MISSOURI,1,0,0,,0,0,229,0,0,,60.0,60.0,,60.0,,0,0,0,0,,,0,0,1,0.0,0,0,0,0,0,0,1,0,0,0,0,0,0,1,0,1,0,0,0,0,0,0,0,0,0,
Serigne Tounkara,175914,ED,CAL,3,0,0,,0,0,130,0,0,,65.2,75.0,54.5,68.6,73.0,0,0,0,0,,0.0,0,0,0,0.0,0,0,0,0,0,0,13,13,0,0,13,0,0,0,7,6,0,1,1,0,0,0,0,0,0,
Sam Williams,175915,DI,MISSOURI,3,0,0,,0,0,229,0,0,,65.0,72.9,63.5,62.4,70.2,0,1,0,0,,0.0,0,0,0,0.0,0,0,0,0,0,0,17,17,0,17,0,0,0,0,10,7,0,1,1,0,0,1,0,0,0,
Jamian Risher Jr.,175925,LB,S CAROLINA,2,1,0,,0,0,289,0,0,66.8,65.7,73.0,68.0,56.1,79.2,0,0,0,0,,0.0,0,0,0,0.0,0,0,0,31,0,16,33,0,0,0,0,0,0,33,3,14,2,0,3,0,0,0,0,0,0,
Tyshawn Russell,175926,WR,SYRACUSE,1,0,0,,0,0,304,0,0,,60.0,60.0,,60.0,,0,0,0,0,,,0,0,0,0.0,0,0,0,0,0,0,1,0,0,0,0,0,0,1,0,1,0,0,0,0,0,0,0,0,0,
Vicari Swain,175930,CB,S CAROLINA,12,2,0,50.0,2,2,289,0,0,74.0,72.8,0.0,90.4,62.4,68.2,0,0,0,2,43.0,12.1,4,5,3,58.1,19,1,0,29,427,264,488,11,0,0,11,0,13,477,3,221,7,11,27,1,38,1,1,251,72,13.2
Dalton Brooks,175932,S,TEXAS A&M,12,10,0,80.0,0,1,312,2,0,70.9,64.5,87.7,71.9,44.9,37.7,2,7,0,1,29.0,28.9,22,1,0,108.7,12,4,0,278,1,349,631,27,0,0,27,0,256,604,36,246,67,19,44,2,15,13,2,109,73,9.1
DJ Hicks,175935,DI,TEXAS A&M,13,4,0,,0,0,312,0,0,64.2,65.7,60.9,66.0,62.5,35.7,1,10,0,0,,24.0,6,0,1,0.0,0,4,0,0,0,0,378,376,27,301,12,36,0,2,228,150,0,14,15,3,0,15,0,0,0,
Chantz Johnson,175936,LB,TEXAS ST,8,5,0,100.0,0,0,314,0,0,52.1,60.3,79.2,68.2,64.8,52.2,1,1,0,0,12.0,22.2,2,0,0,108.3,3,0,0,75,0,33,90,5,0,0,5,0,0,85,7,50,9,2,2,0,3,2,0,30,23,10.0
Rylan Kennedy,175937,ED,TEXAS A&M,13,4,0,50.0,0,0,312,0,0,72.1,68.1,87.2,66.2,56.6,71.7,0,11,0,0,9.0,8.3,1,0,0,59.4,2,3,0,51,0,44,176,118,0,0,118,0,0,58,72,60,7,7,7,1,4,14,0,15,25,7.5
Bravion Rogers,175941,CB,TEXAS A&M,3,1,0,75.0,0,0,312,0,0,64.6,66.2,80.4,57.7,69.0,80.9,0,1,0,0,15.0,0.0,0,0,0,93.8,3,0,0,3,5,36,65,4,0,0,4,0,0,61,2,27,53,1,4,1,4,1,0,28,14,9.3
Samu Taumanupepe,175943,DI,BAYLOR,7,1,1,,0,0,118,0,0,,49.2,75.8,63.8,46.1,36.2,0,0,0,0,,33.3,1,0,0,0.0,0,0,0,0,0,0,27,27,16,11,0,0,0,0,8,19,0,1,1,0,0,0,0,0,0,
Cliff Mosley,175948,DI,LA MONROE,12,6,1,,0,0,209,0,0,63.4,62.7,43.9,53.2,69.7,58.2,1,9,0,1,,11.5,3,0,2,0.0,0,0,0,1,0,2,468,467,19,216,38,194,0,1,247,219,0,13,17,4,0,10,0,0,0,
Justin Cryer,175949,LB,FLORIDA ST,12,10,0,65.0,0,0,167,0,0,41.5,56.1,84.5,59.1,68.0,61.8,0,7,0,0,16.0,14.0,6,1,0,94.8,13,1,0,274,0,144,381,54,0,0,54,0,0,327,38,199,52,15,27,3,20,8,1,105,63,8.1
Jeremiah Warren,175960,DI,ILLINOIS,11,0,0,,0,0,187,0,0,61.6,60.6,77.6,59.5,58.0,73.5,0,0,0,0,,0.0,0,0,0,0.0,0,0,0,0,0,3,97,97,2,37,0,58,0,0,47,47,0,2,2,0,0,0,0,0,0,
Pat Farrell,175961,DI,ILLINOIS,12,1,2,0.0,0,0,187,0,0,62.1,61.5,80.0,57.2,61.6,47.7,0,2,0,0,,20.0,2,1,0,39.6,0,2,0,0,0,2,190,190,3,53,3,131,0,0,105,83,0,4,7,0,1,4,0,0,0,
Mac Resetich,175962,S,ILLINOIS,11,6,0,50.0,0,0,187,0,0,52.6,53.3,83.0,55.3,55.9,29.5,1,1,0,0,11.0,34.6,9,0,0,62.5,3,0,0,29,1,116,197,3,0,0,3,0,136,194,1,80,28,2,11,0,6,2,0,27,4,9.0
Juice Clarke,175969,CB,ILLINOIS,8,9,0,53.7,1,0,187,1,0,61.9,61.2,0.4,50.2,66.9,57.7,0,0,0,0,18.0,17.1,7,5,3,79.6,29,0,0,28,464,317,522,0,0,0,0,0,1,522,3,202,29,8,25,1,54,0,2,264,127,9.1
Saboor Karriem,175970,S,ILLINOIS,7,4,0,100.0,0,0,187,0,0,67.2,67.1,80.6,53.8,67.7,77.4,0,2,0,0,16.0,9.5,2,0,0,107.5,5,0,0,45,1,84,153,11,0,0,11,0,81,142,6,63,15,3,15,0,5,2,0,49,21,9.8
Mason Muragin,175971,ED,ILLINOIS,1,0,0,,0,0,187,0,0,,48.8,69.3,56.9,60.0,,0,0,0,0,,,0,0,0,0.0,0,0,0,0,0,0,5,5,0,0,2,3,0,0,4,1,0,0,0,0,0,0,0,0,0,
Alex Bray,175973,ED,KANSAS,12,4,0,50.0,0,0,198,0,0,56.3,61.0,86.5,56.5,63.2,78.9,2,2,0,0,4.0,4.8,1,0,0,56.3,1,0,0,0,0,16,311,311,0,57,223,31,0,0,125,170,0,10,16,4,2,4,0,4,2,4.0
Ta'Derius Collins,175986,ED,TEXAS ST,10,3,1,,0,0,314,0,0,67.4,72.4,83.4,65.8,69.9,81.4,0,3,0,0,,0.0,0,0,0,0.0,0,0,0,3,0,3,145,142,3,8,112,19,0,3,68,74,0,7,8,3,0,3,0,0,0,
Clay Conner,175988,S,INDIANA,1,0,0,,0,0,190,0,0,,60.0,60.0,,60.0,,0,0,0,0,,,0,0,0,0.0,0,0,0,0,0,0,1,0,0,0,0,0,0,1,0,1,0,0,0,0,0,0,0,0,0,
Anthony Chung,175989,S,INDIANA,5,2,0,75.0,0,0,190,0,0,91.6,89.0,76.3,59.0,54.2,50.3,0,0,0,0,6.0,22.2,2,3,0,77.1,3,0,0,13,0,20,47,1,0,0,1,0,18,46,3,24,14,3,5,0,4,0,0,11,8,3.7
Jordan Shaw,175991,CB,TEXAS A&M,11,6,0,70.0,0,1,312,0,0,71.0,70.4,84.5,51.4,71.4,59.1,0,2,0,0,15.0,17.4,4,0,1,117.7,14,0,0,30,3,121,209,8,0,0,8,0,15,201,9,79,153,7,13,4,20,2,3,85,43,6.1
Kelvon McBride,176007,LB,NC STATE,3,0,0,,0,0,248,0,0,72.1,57.9,76.4,50.7,55.2,73.1,0,0,0,0,,0.0,0,0,0,0.0,0,0,0,12,0,2,23,11,0,0,11,0,0,12,15,6,0,1,1,0,0,0,0,0,0,
Michael Tate,176008,CB,NC STATE,3,0,0,100.0,0,0,248,0,0,52.9,54.6,73.6,,62.1,20.4,0,0,0,0,11.0,100.0,1,0,0,112.5,2,0,0,1,22,13,24,0,0,0,0,0,0,24,0,11,0,0,0,0,2,0,0,22,19,11.0
Daemon Fagan,176009,CB,NC STATE,1,0,0,100.0,0,0,248,0,0,72.4,73.6,72.0,,60.7,75.1,0,0,0,0,2.0,0.0,0,0,0,79.2,1,0,0,1,0,3,10,0,0,0,0,0,2,10,0,7,7,1,1,0,1,0,0,2,3,2.0
Bishop Fitzgerald,176010,S,USC,10,4,0,68.0,1,0,326,0,0,90.4,90.3,87.2,70.0,71.2,80.2,0,1,1,5,32.0,10.2,6,3,1,84.9,17,1,0,145,2,290,540,2,0,0,2,0,303,538,9,241,88,13,49,1,25,2,4,157,72,9.2
Blake Fann,176012,LB,N TEXAS,1,0,0,,0,0,251,0,0,,60.0,60.0,,60.0,,0,0,0,0,,,0,0,0,0.0,0,0,0,0,0,0,1,0,0,0,0,0,0,1,0,1,0,0,0,0,0,0,0,0,0,
Rashard Perry,176021,DI,SYRACUSE,5,2,0,,0,0,304,1,0,60.0,67.1,80.0,83.5,45.7,37.1,0,7,0,0,,33.3,2,0,0,0.0,0,1,0,0,0,0,117,117,38,76,0,3,0,0,75,42,0,2,2,0,0,8,0,0,0,
Berry Buxton III,176038,S,SYRACUSE,11,7,1,75.0,1,0,304,0,0,56.6,49.8,82.8,50.2,39.2,68.0,0,3,0,0,38.0,13.6,3,0,1,142.2,6,0,0,123,2,139,259,15,0,0,15,0,105,244,12,108,14,2,12,0,8,3,2,73,36,12.2
Zyian Moultrie-Goddard,176040,LB,SYRACUSE,8,2,0,33.3,0,0,304,0,0,62.0,64.4,79.0,59.8,64.6,52.5,0,1,0,0,23.0,16.7,2,0,0,61.8,1,0,0,68,0,25,81,7,0,0,7,0,0,74,7,49,6,5,8,1,3,1,0,23,2,23.0
Brandon Taylor,176041,S,TEMPLE,2,0,0,,0,0,306,0,0,,60.0,60.0,,60.0,,0,0,0,0,,,0,0,0,0.0,0,0,0,0,0,0,2,0,0,0,0,0,0,2,0,2,0,0,0,0,0,0,0,0,0,
Chris Marable Jr.,176052,DI,BOSTON COL,12,2,2,,0,0,121,0,0,62.4,59.7,64.3,58.7,59.1,74.2,0,6,0,0,,4.8,1,0,1,0.0,0,1,0,2,0,1,446,443,49,289,16,89,0,3,220,225,0,14,18,0,0,7,0,0,0,
Ka'Shawn Thomas,176053,DI,WAKE,3,0,0,,0,0,339,0,0,,54.3,73.3,61.5,51.8,,0,1,0,0,,,0,0,0,0.0,0,0,0,0,0,0,18,18,4,13,0,1,0,0,9,9,0,0,0,0,0,1,0,0,0,
Juju Tackie,176055,S,WAKE,3,0,0,100.0,0,0,339,0,0,61.2,64.2,75.3,,67.4,81.7,0,0,0,0,4.0,0.0,0,0,0,83.3,1,0,0,5,0,20,35,0,0,0,0,0,28,35,0,15,2,0,3,0,1,0,0,4,0,4.0
Brooks Yurachek,176057,LB,APP STATE,1,0,0,,0,0,108,0,0,,74.5,63.9,,61.2,73.2,0,0,0,0,,,0,0,0,0.0,0,0,0,1,0,0,1,0,0,0,0,0,0,1,0,1,0,0,0,0,0,0,0,0,0,
Kerrington Lee,176058,ED,WAKE,3,0,0,,0,0,339,0,0,60.5,48.7,76.3,62.0,43.9,31.8,0,1,0,0,,50.0,1,0,0,0.0,0,0,0,0,0,2,25,25,0,0,21,4,0,0,8,15,0,0,1,0,0,1,0,0,0,
Tyler Walton,176059,ED,WAKE,12,6,1,,0,0,339,0,0,68.1,68.9,82.7,63.7,66.4,81.4,2,5,0,0,,0.0,0,0,0,0.0,0,0,0,1,0,0,165,164,0,4,114,46,0,1,88,77,0,3,6,0,0,7,0,0,0,
Aiden Hall,176060,LB,WAKE,12,19,0,78.8,0,0,339,1,0,60.4,69.4,20.3,63.3,79.5,83.6,1,10,0,0,20.0,8.5,7,0,2,95.1,26,0,0,446,0,281,583,32,0,0,32,0,1,551,42,260,103,34,56,7,33,11,0,225,160,8.7
Davaughn Patterson,176061,S,WAKE,12,18,1,70.1,1,1,339,0,0,74.9,74.0,87.2,57.8,72.8,73.5,0,5,0,0,37.0,11.7,9,4,2,97.3,47,0,0,201,2,406,753,18,0,0,18,0,32,735,30,317,499,21,50,4,67,5,2,431,321,9.2
Rushaun Tongue,176062,S,WAKE,2,1,0,0.0,0,0,339,0,0,65.9,64.8,79.4,,59.3,56.2,0,0,0,0,,20.0,1,1,0,39.6,0,0,0,2,1,47,89,0,0,0,0,0,76,89,0,42,10,0,3,0,1,0,0,0,0,
Travon West,176063,CB,WAKE,12,9,0,60.7,1,0,339,0,0,67.4,65.0,0.0,,62.1,68.1,0,0,0,0,47.0,7.7,2,1,3,98.5,17,0,0,30,304,184,342,0,0,0,0,0,2,342,0,158,4,5,15,0,28,0,2,148,40,8.7
Antonio Robinson,176064,CB,FAU,3,0,0,,0,0,165,0,0,,61.1,66.1,,60.0,,0,0,0,0,,,0,0,0,0.0,0,0,0,4,2,0,6,0,0,0,0,0,0,6,0,6,0,0,0,0,0,0,0,0,0,
Darin Conley,176088,DI,BALL ST,12,6,1,,0,0,117,0,0,63.1,75.7,67.0,83.1,64.2,68.3,3,20,0,0,,8.3,2,0,1,0.0,0,2,0,2,0,0,533,531,7,434,30,60,0,2,289,244,0,14,16,4,0,25,0,0,0,
Grant Karczewski,176090,DI,VA TECH,1,0,0,,0,0,337,0,0,,60.0,64.7,,60.0,,0,0,0,0,,,0,0,0,0.0,0,0,0,0,0,0,1,1,0,1,0,0,0,0,0,1,0,0,0,0,0,0,0,0,0,
Derek Fields,176099,S,BALL ST,11,5,0,61.5,0,0,117,0,0,52.7,56.3,86.9,57.6,64.8,61.4,0,0,0,0,52.0,17.8,8,2,0,92.0,16,0,0,161,4,223,442,4,0,0,4,0,31,438,2,217,242,13,32,1,26,0,0,241,103,15.1
Bryson Hammer,176105,WR,TOLEDO,1,0,0,,0,0,316,0,0,,60.0,60.0,,60.0,,0,0,0,0,,,0,0,1,0.0,0,0,0,0,0,0,1,0,0,0,0,0,0,1,0,1,0,0,0,0,0,0,0,0,0,
Mohammed Hazime,176106,ED,KENT STATE,10,0,0,,0,0,201,0,0,60.0,52.7,78.5,56.4,51.7,75.4,0,0,0,0,,0.0,0,0,0,0.0,0,0,0,0,0,1,54,54,0,0,52,2,0,0,8,45,0,2,3,0,0,0,0,0,0,
Dylan Hohler,176110,S,TOLEDO,6,0,1,50.0,0,0,316,0,0,73.1,76.1,75.9,67.9,70.3,27.9,0,1,0,1,4.0,50.0,3,0,0,16.7,2,0,0,35,0,38,71,0,0,0,0,0,27,71,0,33,8,0,3,0,4,1,0,6,10,3.0
Tommy Huss,176111,ED,TOLEDO,2,0,0,,0,0,316,0,0,,61.7,71.9,61.1,60.0,,0,0,0,0,,,0,0,0,0.0,0,0,0,0,0,0,9,9,0,0,9,0,0,0,8,1,0,0,0,0,0,0,0,0,0,
Khari Johnson,176113,LB,C MICHIGAN,1,0,0,100.0,0,0,134,0,0,44.2,27.8,67.2,,,,0,0,0,0,15.0,,0,0,0,118.8,1,0,0,3,0,3,3,0,0,0,0,0,0,3,0,0,0,0,0,0,1,0,0,15,11,15.0
Joey Pope,176126,S,W MICHIGAN,11,15,0,63.2,0,0,347,0,0,60.1,62.5,84.9,70.2,64.1,54.2,0,0,0,2,28.0,20.0,11,1,0,47.1,12,1,0,182,1,215,378,2,0,0,2,0,152,376,2,161,41,9,29,2,19,1,0,146,41,12.2
Eric Williams,176140,S,TOLEDO,2,0,0,,0,0,316,0,0,,60.7,68.0,,60.0,,0,0,0,0,,,0,0,0,0.0,0,0,0,2,0,0,5,0,0,0,0,0,2,5,0,5,0,0,0,0,0,0,0,0,0,
Kamari Burns,176143,DI,CINCINNATI,11,3,0,,0,0,138,0,0,60.0,68.6,83.2,66.6,65.8,63.4,0,1,0,0,,18.2,2,0,0,0.0,0,1,0,0,0,0,174,174,135,33,2,4,0,0,85,89,0,4,6,0,0,2,0,0,0,
Jayden Davis,176145,S,GA SOUTHRN,1,3,0,100.0,0,0,174,0,0,63.4,57.0,0.0,60.0,57.0,85.8,0,0,0,0,17.0,0.0,0,0,1,118.8,1,0,0,26,0,21,52,0,0,0,0,0,20,52,1,30,6,0,6,0,1,0,0,17,14,17.0
Tausili Akana,176171,ED,BYU,12,1,0,100.0,0,0,128,0,0,62.5,67.1,85.1,63.7,70.0,52.0,5,6,0,0,5.0,20.0,3,0,1,87.5,2,1,0,2,0,35,152,150,1,5,140,4,0,2,90,27,0,10,11,3,2,12,0,10,11,5.0
S'Maje Burrell,176174,LB,N TEXAS,5,2,0,100.0,0,0,251,0,0,40.7,31.3,77.9,52.9,36.0,78.7,0,0,0,0,15.0,0.0,0,0,0,118.8,1,0,0,35,0,18,45,9,0,0,9,0,0,36,8,19,1,2,2,0,1,0,0,15,0,15.0
Jelani McDonald,176180,S,TEXAS,12,17,0,51.4,1,0,311,1,0,70.2,73.1,0.0,66.8,82.9,91.2,0,2,0,3,33.0,4.9,4,2,4,41.4,19,0,0,159,8,382,654,14,0,0,14,0,313,640,3,269,160,17,60,4,37,2,1,189,129,9.9
Warren Roberson,176184,CB,TEXAS,10,1,0,55.6,0,0,311,0,0,72.2,71.6,0.0,60.0,72.4,67.9,0,0,0,0,12.0,10.0,1,0,2,65.0,5,0,0,5,125,88,134,1,0,0,1,0,2,133,1,45,1,4,8,0,9,0,0,36,26,7.2
Brady Sarkisian,176185,LB,TEXAS,1,0,0,,0,0,311,0,0,43.7,46.8,70.0,59.6,65.7,73.2,0,0,0,0,,0.0,0,0,0,0.0,0,0,0,10,0,8,10,0,0,0,0,0,0,10,1,1,0,1,1,1,0,0,0,0,0,
Billy Walton III,176188,ED,SMU,7,1,0,0.0,0,0,287,0,0,60.8,60.3,80.7,62.3,55.1,45.3,1,0,0,0,,50.0,1,0,0,39.6,0,1,0,1,0,2,63,62,0,1,61,0,0,1,39,22,0,1,0,0,1,2,0,0,0,
Derek Williams Jr.,176189,S,TEXAS,11,9,0,84.6,0,0,311,0,0,57.9,57.2,81.9,,54.0,64.6,0,0,0,0,23.0,13.8,4,1,0,152.7,11,0,0,52,2,134,204,1,0,0,1,0,112,203,0,70,37,1,16,0,13,0,2,145,76,13.2
Quentin Hatch,176193,LB,UCF,1,0,0,,0,0,323,0,0,,59.8,65.7,59.4,,,0,0,0,0,,,0,0,0,0.0,0,0,0,0,0,0,1,1,0,0,1,0,0,0,1,0,0,0,0,0,0,0,0,0,0,
Jayden Bell,176197,CB,W VIRGINIA,1,0,0,,0,0,343,0,0,,60.1,60.0,,60.0,,0,0,0,0,,,0,0,0,0.0,0,0,0,0,0,0,1,0,0,0,0,0,0,1,0,1,0,0,0,0,0,0,0,0,0,
DJ Cotton Jr.,176201,DI,JAMES MAD,6,0,0,,0,0,197,0,0,,66.8,75.3,71.8,58.1,71.5,0,1,0,0,,,0,0,0,0.0,0,1,0,0,0,0,40,39,0,26,7,6,0,1,23,17,0,1,0,0,0,2,0,0,0,
Oryend Fisher,176203,ED,UTEP,2,0,0,,0,0,330,0,0,,60.4,69.7,60.0,60.9,,0,0,0,0,,,0,0,0,0.0,0,0,0,0,0,0,6,6,0,0,1,5,0,0,2,4,0,0,0,0,0,0,0,0,0,
Judah Price,176205,HB,MARSHALL,1,0,0,,0,0,214,0,0,,60.1,60.0,,60.0,,0,0,0,0,,,0,0,0,0.0,0,0,0,0,0,0,1,0,0,0,0,0,0,1,0,1,0,0,0,0,0,0,0,0,0,
Traylon Ray,176206,CB,OLE MISS,2,0,0,0.0,0,0,226,0,0,53.1,54.3,71.8,,61.1,77.6,0,0,0,0,,0.0,0,0,0,39.6,0,0,0,3,12,8,15,0,0,0,0,0,0,15,0,7,0,0,2,0,1,0,0,0,0,
DJ Waller Jr.,176213,CB,KENTUCKY,2,0,0,75.0,0,0,202,0,0,50.3,51.3,74.4,,61.2,73.5,0,0,0,0,23.0,0.0,0,0,0,109.4,3,0,0,0,29,18,29,0,0,0,0,0,0,29,0,11,0,1,1,0,4,0,0,43,12,14.3
Franklyn Johnson Jr.,176214,CB,BOISE ST,8,0,0,42.9,0,0,120,0,0,61.6,57.0,78.9,,38.6,26.0,0,0,0,0,45.0,50.0,3,0,0,118.5,3,0,0,4,71,47,80,1,0,0,1,0,1,79,0,33,2,1,3,0,7,0,1,69,22,23.0
Semaj Bridgeman,176215,LB,MICH STATE,9,0,0,50.0,0,1,223,0,0,64.9,64.4,80.2,59.1,62.1,54.4,0,0,0,0,3.0,25.0,1,0,0,56.3,1,0,0,14,0,16,51,22,0,0,22,0,0,29,1,34,14,2,3,1,2,0,0,3,0,3.0
Breeon Ishmail,176217,ED,PURDUE,12,4,0,,0,0,273,1,0,70.9,59.0,36.5,51.7,65.1,50.5,2,8,0,0,,22.2,6,0,2,0.0,0,1,0,3,0,8,339,336,0,15,263,58,0,3,157,174,0,12,17,1,0,11,0,0,0,
Jason Hewlett Jr.,176218,LB,BOSTON COL,5,0,0,71.4,0,0,121,0,0,51.9,53.1,78.0,54.4,58.3,83.1,0,0,0,0,22.0,0.0,0,0,0,93.8,5,0,0,66,0,37,85,12,0,0,12,0,1,73,8,40,6,3,9,0,7,0,0,54,47,10.8
Ty Benefield,176221,S,BOISE ST,12,23,0,65.4,0,1,120,0,0,69.0,67.6,51.3,61.4,64.6,56.3,1,1,0,2,23.0,19.3,22,3,4,68.4,17,0,0,309,2,355,710,7,0,0,7,0,265,703,6,349,126,26,69,5,26,2,2,114,45,6.7
Deakon Tonielli,176224,TE,MICHIGAN,1,1,0,,0,0,222,0,0,,64.2,60.0,,63.1,68.4,0,0,0,0,,0.0,0,0,0,0.0,0,0,0,0,0,0,1,0,0,0,0,0,0,1,0,1,0,0,0,0,0,0,0,0,0,
Kam Cheatom,176225,ED,AKRON,5,1,2,,0,0,102,0,0,60.8,70.2,79.4,62.6,72.5,73.0,0,2,0,0,,0.0,0,0,0,0.0,0,0,0,1,0,2,39,37,0,0,37,0,0,2,24,13,1,0,0,0,0,2,0,0,0,
Hayden Timosciek,176226,G,PURDUE,1,0,0,,0,0,273,0,0,,60.3,60.0,,60.0,,0,0,0,0,,,0,0,0,0.0,0,0,0,0,0,0,1,0,0,0,0,0,0,1,0,1,0,0,0,0,0,0,0,0,0,
Nick Hawthorne,176229,LB,UMASS,3,3,0,100.0,0,0,216,0,0,51.2,67.4,73.6,,77.1,82.6,0,0,0,0,17.0,0.0,0,0,0,114.6,2,0,0,16,0,8,33,6,0,0,6,0,0,27,0,25,11,3,3,0,2,0,0,23,14,11.5
Cedrick Hawkins Jr.,176233,S,USF,10,1,0,57.1,0,0,327,0,0,67.9,67.0,80.4,,62.0,29.6,0,0,0,0,19.0,37.5,6,1,0,116.7,4,0,0,34,1,91,154,0,0,0,0,0,104,154,0,63,14,0,9,0,7,0,1,46,41,11.5
Catrell White,176234,CB,AKRON,1,0,0,100.0,0,0,102,0,0,58.9,63.6,70.6,,66.5,78.5,0,0,0,0,8.0,0.0,0,0,0,81.3,2,0,0,0,9,5,9,0,0,0,0,0,0,9,0,4,0,2,3,1,2,0,0,7,4,3.5
Rashad Henry,176242,LB,UMASS,12,12,0,78.9,0,0,216,0,0,54.3,51.9,84.7,45.4,53.8,56.6,0,3,0,0,20.0,16.4,12,0,0,125.2,15,0,0,357,0,123,390,5,0,0,5,0,0,385,8,259,28,25,49,4,19,3,2,107,87,7.1
Gage Summers,176244,LB,AKRON,10,16,0,88.9,0,0,102,2,1,70.6,79.3,85.4,70.2,79.0,76.5,1,5,0,2,33.0,9.3,7,0,1,97.2,16,2,0,445,1,219,506,34,0,0,33,1,1,472,45,242,24,37,52,7,18,8,2,143,84,8.9
Cole Miller,176251,S,BOISE ST,5,0,0,50.0,0,0,120,0,0,56.2,53.2,75.6,,48.3,24.3,0,0,0,0,15.0,66.7,2,1,1,75.0,1,0,0,7,0,27,38,0,0,0,0,0,15,38,0,11,15,0,1,0,2,0,0,15,12,15.0
Jalen Hoffman,176255,TE,MICHIGAN,1,0,0,,1,0,222,0,0,,60.0,60.0,,60.0,,0,0,0,0,,,0,0,1,0.0,0,0,0,0,0,0,1,0,0,0,0,0,0,1,0,1,0,0,0,0,0,0,0,0,0,
Micah Davis,176258,S,W MICHIGAN,12,12,0,57.1,0,0,347,0,0,61.1,63.1,85.2,59.3,65.4,62.6,1,0,0,1,18.0,16.7,10,1,0,86.6,8,0,0,229,1,242,475,2,0,0,2,0,196,473,6,227,47,12,38,1,14,1,2,91,8,11.4
Nigel Glover,176259,LB,NWESTERN,1,0,0,,0,0,256,0,0,60.0,62.9,60.0,,,,0,0,0,0,,,0,0,0,0.0,0,0,0,0,0,1,1,0,0,0,0,0,0,1,0,0,0,0,0,0,0,0,0,0,0,
Boen Phelps,176265,LB,BOISE ST,12,8,0,75.0,0,0,120,1,0,77.9,66.7,55.1,63.7,58.1,48.6,1,17,1,1,40.0,18.6,13,0,1,83.3,12,0,0,429,2,187,538,79,0,0,78,1,0,459,81,270,26,30,49,2,16,18,1,92,79,7.7
Melvin Spriggs,176271,LB,AKRON,12,18,0,54.5,0,0,102,0,0,65.5,78.9,83.9,70.0,83.7,74.5,8,1,0,0,9.0,9.8,5,1,0,60.0,6,2,0,311,2,160,351,3,0,0,3,0,1,348,26,165,33,16,28,2,11,11,0,24,32,4.0
Austin Wondolowski,176272,S,AKRON,4,0,0,,0,0,102,0,0,60.0,64.1,70.2,60.0,65.0,59.9,0,0,0,0,,25.0,1,0,0,0.0,0,0,0,3,0,1,10,2,0,0,2,0,3,8,1,8,0,1,3,0,0,0,0,0,0,
Jace Henry,176275,CB,BOWL GREEN,2,0,0,,0,0,122,0,0,60.0,61.1,67.8,,60.0,,0,0,0,0,,,0,0,0,0.0,0,0,0,0,4,1,4,0,0,0,0,0,0,4,0,3,0,0,0,0,0,0,0,0,0,
Hayden Moore,176276,ED,WASHINGTON,4,1,1,,0,0,340,0,0,62.9,58.3,82.9,58.4,54.9,23.8,0,1,0,0,,66.7,2,0,0,0.0,0,0,0,0,0,5,22,20,0,0,20,0,0,2,10,7,0,0,0,0,0,1,0,0,0,
Brandyn Hillman,176277,S,MICHIGAN,11,16,0,60.0,0,1,222,0,0,74.8,70.8,41.5,47.3,67.1,61.5,0,3,0,1,26.0,17.9,12,3,1,84.4,9,0,0,128,2,273,522,15,0,0,15,0,326,507,12,237,51,16,39,2,15,3,3,74,23,8.2
Chase Martin,176285,LB,BOISE ST,1,0,0,,0,0,120,0,0,61.4,61.0,68.4,59.1,,,0,0,0,0,,,0,0,0,0.0,0,0,0,4,0,4,5,1,0,0,1,0,0,4,1,0,0,0,0,0,0,0,0,0,0,
Marcus Moore,176287,DI,PURDUE,3,2,0,,0,0,273,0,0,,69.1,76.8,58.6,72.0,73.0,0,1,0,0,,0.0,0,0,0,0.0,0,0,0,0,0,0,41,41,11,29,0,1,0,0,19,22,0,1,1,1,0,1,0,0,0,
Ian van der Merwe,176293,DI,BOWL GREEN,1,0,0,,0,0,122,0,0,,73.1,69.2,59.9,69.6,,0,0,0,0,,,0,0,0,0.0,0,0,0,0,0,0,5,5,0,5,0,0,0,0,1,4,0,0,0,0,0,0,0,0,0,
Jaden Wiggins,176294,DI,UMASS,5,3,0,,0,0,216,0,0,,40.4,77.6,59.0,40.0,46.9,0,0,0,0,,20.0,1,0,0,0.0,0,0,0,0,0,0,26,26,19,7,0,0,0,0,4,22,0,0,1,0,0,0,0,0,0,
John Weidenbach,176296,LB,MICHIGAN,1,0,0,,0,0,222,0,0,,60.0,64.1,,60.0,,0,0,0,0,,,0,0,0,0.0,0,0,0,1,0,0,1,0,0,0,0,0,0,1,0,1,0,0,0,0,0,0,0,0,0,
Aymeric Koumba,176303,ED,UCF,6,0,0,,0,0,323,0,0,60.0,70.7,77.3,54.3,76.1,76.1,0,0,0,0,,0.0,0,0,0,0.0,0,0,0,0,0,1,29,29,0,1,27,1,0,0,10,18,0,2,3,0,0,0,0,0,0,
Cam Brandt,176306,ED,MICHIGAN,12,9,0,100.0,1,0,222,0,0,59.8,59.9,20.5,62.1,61.6,73.5,5,9,0,0,12.0,8.7,2,0,3,116.7,1,1,0,11,0,21,363,352,0,36,299,17,0,11,191,151,0,7,12,2,1,15,0,12,7,12.0
Demanuel Brown,176311,ED,NEW MEX ST,8,1,0,,0,0,242,0,0,60.4,61.8,79.5,58.1,62.9,78.5,0,2,0,0,,0.0,0,0,0,0.0,0,0,0,0,0,2,63,63,0,6,50,7,0,0,29,32,0,4,4,0,0,2,0,0,0,
Trey Pierce,176315,DI,MICHIGAN,12,10,0,,1,0,222,0,0,66.8,72.5,54.3,55.9,78.7,74.7,2,8,0,0,,7.7,3,0,2,0.0,0,0,0,1,0,0,361,360,22,272,13,53,0,1,191,170,0,19,26,3,0,10,0,0,0,
Enow Etta,176318,DI,MICHIGAN,12,5,2,,0,0,222,0,0,,64.9,24.4,61.4,70.0,58.1,1,10,0,0,,14.3,3,0,2,0.0,0,1,0,1,0,0,272,271,3,218,7,43,0,1,164,108,0,11,13,3,0,12,0,0,0,
Jon'Trell Mixon,176319,DI,AKRON,12,3,0,,0,1,102,0,0,60.0,58.4,80.2,55.6,59.3,45.0,0,2,0,0,,23.1,3,0,0,0.0,0,1,0,0,0,0,170,170,3,123,3,41,0,0,79,91,0,4,7,2,0,3,0,0,0,
Michael Madrie,176325,DI,BOISE ST,12,5,0,,0,0,120,0,0,59.3,63.5,81.8,56.5,67.7,55.0,1,3,0,0,,15.4,2,0,0,0.0,0,0,0,0,0,1,259,259,1,223,3,32,0,0,138,120,0,6,6,0,0,4,0,0,0,
Troy Bowles,176329,LB,MICHIGAN,11,9,0,91.7,0,1,222,0,0,61.7,59.7,80.6,71.0,50.2,84.9,4,3,0,0,21.0,3.7,1,0,0,120.1,11,1,0,168,3,90,199,10,0,0,10,0,0,189,24,85,17,4,17,1,12,8,1,74,37,6.7
Kyron Jones,176331,S,GEORGIA,6,5,0,60.0,0,0,173,1,0,61.6,69.2,81.5,57.4,84.8,82.9,0,0,0,0,17.0,7.4,2,0,0,82.1,3,0,0,60,0,113,209,1,0,0,1,0,130,208,2,94,18,5,20,0,5,0,0,36,26,12.0
Mason Clinton,176342,DI,SO MISS,11,1,0,,0,0,296,0,0,72.9,58.2,40.8,60.0,54.8,68.5,0,4,0,0,,7.1,1,0,1,0.0,0,0,0,2,0,1,188,186,48,134,0,4,0,2,88,99,0,9,12,2,0,4,0,0,0,
Chase Edwards,176346,DI,LA LAFAYET,11,7,0,,0,0,207,0,0,,60.5,83.0,55.7,61.5,78.2,1,0,0,0,,0.0,0,0,0,0.0,0,0,0,0,0,0,192,191,53,124,1,13,0,1,68,124,0,4,9,1,0,1,0,0,0,
Kody Jackson,176350,S,LA LAFAYET,7,5,0,50.0,0,0,207,0,0,69.5,59.2,81.9,53.6,41.2,31.4,0,1,0,1,4.0,34.8,8,0,0,16.7,2,0,0,79,1,115,241,7,0,0,7,0,123,234,17,109,31,1,10,1,4,1,0,0,6,0.0
Lester Jones,176353,ED,LA LAFAYET,4,0,0,100.0,0,0,207,0,0,49.9,51.2,77.8,57.8,54.4,28.2,0,0,0,0,6.0,33.3,2,0,0,81.3,2,0,0,1,0,3,32,30,0,0,29,1,0,2,19,10,1,2,4,1,2,0,0,7,9,3.5
Lance Williams,176366,ED,LA LAFAYET,12,4,0,,0,0,207,0,0,58.3,58.1,82.4,54.8,60.0,68.6,0,1,0,0,,16.7,2,0,0,0.0,0,0,0,0,0,3,194,194,0,15,120,59,0,0,86,105,0,3,6,0,0,1,0,0,0,
Ahmere Foster,176372,S,SO MISS,12,12,0,61.1,0,0,296,0,0,79.9,76.1,87.7,47.2,68.2,67.6,0,2,0,3,39.0,15.2,7,2,1,90.7,11,0,0,231,6,391,754,7,0,0,7,0,401,747,6,357,109,7,27,1,18,2,2,174,89,15.8
Ian Foster,176373,S,SO MISS,12,16,0,77.6,0,1,296,1,0,88.0,86.3,62.0,75.5,81.4,60.5,1,3,2,3,26.0,16.7,15,7,1,80.3,45,1,0,154,8,397,788,69,0,0,69,0,27,719,25,366,530,31,59,3,58,5,2,330,276,7.3
Mathis Haygood,176375,LB,SO MISS,12,11,0,65.0,0,0,296,0,0,42.0,52.1,21.8,68.0,62.0,56.0,2,1,0,1,21.0,16.3,8,0,1,66.0,13,1,0,285,0,138,293,2,0,0,2,0,0,291,18,137,5,18,30,3,20,4,0,147,96,11.3
TaShawn Jeter,176377,CB,MARSHALL,11,2,0,50.0,0,0,214,0,0,67.2,66.8,7.6,55.0,70.6,40.2,0,0,0,0,47.0,27.3,3,0,1,115.1,12,0,0,21,235,175,260,2,0,0,2,0,0,258,2,83,2,2,6,1,24,0,3,183,64,15.3
Braydin Ward,176388,ED,MARSHALL,12,2,2,,0,4,214,1,0,60.0,80.0,83.3,79.5,69.4,83.7,0,9,0,0,,0.0,0,0,0,0.0,0,5,0,1,0,0,225,224,0,14,99,111,0,1,155,70,0,9,6,2,0,14,0,0,0,
Mikailin Warren,176389,DI,MARSHALL,8,6,0,,0,0,214,0,0,,65.4,81.9,57.1,67.6,65.4,0,1,0,0,,8.3,1,0,0,0.0,0,0,0,0,0,0,127,127,115,9,1,2,0,0,57,70,0,3,5,0,0,1,0,0,0,
Isaiah Chisom,176394,LB,UCLA,12,31,0,100.0,0,2,324,0,0,66.0,66.6,84.9,49.6,66.5,80.5,1,4,0,0,21.0,8.2,8,1,0,151.2,18,0,0,503,5,208,546,14,0,3,11,0,0,532,29,309,23,25,58,2,18,5,3,194,82,10.8
Milan Clark,176395,CB,OREGON ST,3,0,0,,0,0,265,0,0,60.0,41.0,70.3,,48.4,,0,0,0,0,,,0,0,0,0.0,0,0,0,5,4,1,10,0,0,0,0,0,0,10,0,9,0,0,0,0,0,0,0,0,0,
Harlem Howard,176400,S,OREGON ST,5,1,0,66.7,0,0,265,0,0,61.3,59.0,77.5,60.0,55.0,44.0,0,0,0,1,49.0,23.1,3,0,0,109.7,2,0,0,42,0,30,81,0,0,0,0,0,30,81,1,50,7,2,9,0,3,0,1,50,24,25.0
Jojo Johnson,176402,DI,OREGON ST,11,2,0,,1,0,265,0,0,66.3,65.0,18.4,63.9,63.4,27.5,3,9,0,1,,31.6,6,0,2,0.0,0,2,0,0,0,0,229,229,14,171,5,39,0,0,127,102,0,11,11,3,0,14,0,0,0,
Andre Jordan Jr.,176403,CB,UCLA,12,7,1,51.1,0,0,324,0,0,74.0,72.0,84.1,71.3,57.3,56.2,0,0,0,0,36.0,19.4,6,7,3,97.1,23,0,0,56,471,295,553,1,0,0,1,0,0,552,3,255,25,6,18,0,45,0,4,246,61,10.7
Zakaih Saez,176407,ED,OREGON ST,9,5,2,50.0,0,0,265,0,0,61.2,53.1,50.6,56.0,50.7,43.3,1,2,0,0,19.0,26.7,4,0,1,83.3,1,1,0,2,0,27,221,212,0,1,207,4,0,9,77,117,5,3,6,0,2,4,0,19,1,19.0
Tre'Mon Henry,176421,ED,S ALABAMA,11,4,0,0.0,1,0,288,0,0,69.9,55.5,0.0,70.6,50.1,39.3,1,6,0,0,,33.3,4,0,3,39.6,0,0,0,19,0,9,116,95,0,1,94,0,0,21,45,62,2,3,4,1,1,7,0,0,0,
Austin Ramsey,176448,DI,KENTUCKY,11,2,0,,0,0,202,0,0,68.0,54.8,83.4,60.5,48.9,55.7,0,3,0,0,,14.3,1,0,0,0.0,0,0,0,0,0,0,137,137,89,48,0,0,0,0,56,81,0,2,4,1,0,3,0,0,0,
T.J. Capers,176469,LB,LOUISVILLE,12,17,0,62.5,0,0,210,0,0,76.1,76.0,85.9,63.0,72.3,63.2,0,3,0,1,26.0,13.0,7,1,0,67.5,15,0,0,286,1,157,344,21,0,0,21,0,0,323,29,158,34,14,30,3,24,3,1,97,83,6.5
Titan Saxton,176471,S,UTAH ST,5,1,0,,0,0,329,0,0,66.8,63.1,74.4,59.9,56.2,49.6,0,0,0,0,,25.0,1,0,0,0.0,0,0,0,13,0,14,32,1,0,0,1,0,12,31,1,17,5,0,2,0,0,0,0,0,0,
Noah Flores,176473,CB,UTAH ST,10,4,0,53.3,0,0,329,0,0,72.7,73.1,83.7,49.6,73.5,64.2,0,1,0,1,46.0,16.0,4,2,0,86.4,16,0,0,37,293,176,348,13,0,0,13,0,1,335,6,166,3,3,17,0,30,1,2,227,66,14.2
Chase Davis,176474,S,TEXAS ST,9,3,0,50.0,0,0,314,0,0,60.4,66.3,79.1,69.5,71.6,62.9,0,1,0,0,27.0,15.8,3,0,0,124.0,2,1,0,43,0,68,128,0,0,0,0,0,74,128,6,54,10,5,13,0,4,2,1,39,16,19.5
Chris Bryson II,176487,CB,UTSA,8,0,0,100.0,0,0,331,0,0,80.7,82.6,82.7,59.6,78.1,80.6,0,1,0,0,-3.0,0.0,0,0,0,79.2,1,0,0,1,0,16,51,22,0,0,22,0,0,29,11,24,28,5,6,2,1,1,0,-3,0,-3.0
Jameian Buxton,176488,DI,UTSA,12,7,1,,0,0,331,0,0,59.0,62.0,26.6,61.2,65.0,57.8,0,2,0,0,,13.3,2,0,2,0.0,0,0,0,0,0,2,250,250,184,63,0,3,0,0,126,122,0,6,6,0,0,2,0,0,0,
Davin Martin,176493,CB,UTSA,11,5,0,51.5,0,0,331,0,0,61.6,61.0,83.7,51.7,58.1,52.1,0,0,0,1,73.0,18.2,6,2,3,56.0,17,0,0,45,388,248,437,0,0,0,0,0,2,437,6,183,2,7,22,1,33,0,0,187,74,11.0
Donald Quaite Jr.,176498,DI,UTSA,9,0,0,,0,0,331,0,0,,51.1,79.2,60.8,48.0,72.4,0,0,0,0,,33.3,1,0,0,0.0,0,0,0,0,0,0,71,71,47,24,0,0,0,0,18,53,0,1,2,0,0,0,0,0,0,
Vic Shaw,176502,ED,UTSA,11,3,1,100.0,0,0,331,0,0,68.1,57.6,89.7,60.5,44.1,34.4,1,5,0,0,29.0,25.0,6,0,0,96.4,8,0,0,11,1,80,349,301,0,0,301,0,0,48,125,144,36,10,15,0,8,6,0,57,27,7.1
James Walley Jr.,176503,LB,UTSA,11,2,0,60.0,0,0,331,0,0,60.6,69.0,0.0,66.5,78.6,74.8,0,1,0,0,20.0,6.3,1,1,2,69.6,3,1,0,91,5,36,139,30,0,0,30,0,0,109,17,86,13,11,13,2,5,2,0,21,11,7.0
Marcellus Wilkerson,176504,S,UTSA,12,7,0,66.7,0,1,331,0,0,67.0,67.2,26.8,60.5,69.2,77.2,1,2,0,0,16.0,7.4,2,1,1,84.0,8,1,0,34,2,134,263,64,0,0,64,0,1,199,26,103,162,9,18,2,12,4,0,76,48,9.5
Ricky Ahumaraeze,176505,WR,NWESTERN,1,0,0,,0,0,256,0,0,,60.0,60.0,60.0,,,0,0,0,0,,,0,0,0,0.0,0,0,0,0,0,0,1,0,0,0,0,0,0,1,1,0,0,0,0,0,0,0,0,0,0,
Josh Fussell,176509,CB,NWESTERN,10,5,0,57.8,1,0,256,0,0,65.5,63.1,34.7,58.6,56.6,60.2,0,0,0,0,67.0,17.1,6,6,5,97.2,26,0,0,57,380,240,461,11,0,0,11,0,1,450,6,215,11,7,24,2,45,0,2,347,114,13.3
Michael Kilbane,176512,ED,NWESTERN,12,11,1,100.0,0,0,256,0,0,63.5,81.2,86.4,79.9,73.7,76.6,10,25,0,0,4.0,5.4,2,0,0,83.3,1,5,0,0,0,5,465,464,4,54,351,55,0,1,241,219,0,24,24,3,1,40,0,4,3,4.0
Jalen Lewis,176515,S,NWESTERN,1,1,0,50.0,0,0,256,0,0,66.9,54.0,0.0,,60.0,77.8,0,0,0,0,3.0,0.0,0,0,1,56.3,1,0,0,2,0,7,10,0,0,0,0,0,0,10,0,3,8,1,1,0,2,0,0,3,5,3.0
Payton Roth,176519,LB,NWESTERN,5,0,0,,0,0,256,0,0,51.3,56.2,74.9,60.0,64.9,20.1,0,0,0,0,,100.0,1,0,0,0.0,0,0,0,13,0,9,22,6,0,0,6,0,1,16,1,12,1,0,0,0,0,0,0,0,0,
Jack Bal,176522,S,ARIZONA ST,3,2,0,100.0,0,0,110,0,0,65.7,62.1,72.3,,55.9,47.2,0,0,0,0,3.0,25.0,1,0,0,79.2,1,0,0,18,0,14,27,0,0,0,0,0,7,27,0,13,2,0,1,0,1,0,0,3,1,3.0
Kyran Bourda,176523,DI,TEXAS ST,3,1,0,,0,0,314,0,0,,56.5,73.1,67.1,52.9,71.9,0,0,0,0,,0.0,0,0,0,0.0,0,0,0,0,0,0,19,19,0,19,0,0,0,0,5,14,0,1,1,1,0,0,0,0,0,
Ryan McCulloch,176559,ED,CAL,4,2,1,100.0,0,0,130,1,0,51.9,75.4,86.6,83.8,64.8,50.8,6,12,0,0,17.0,25.0,3,0,0,136.3,5,2,0,10,0,21,210,193,0,0,191,2,0,17,106,83,7,6,7,1,5,20,1,36,17,7.2
Cade Uluave,176566,LB,CAL,11,22,1,67.6,0,0,130,0,0,53.3,56.5,13.6,87.9,53.0,52.7,7,5,0,0,33.0,16.8,16,1,2,105.3,25,3,0,549,1,297,602,14,0,0,14,0,5,588,35,270,33,36,57,8,37,15,2,257,110,10.3
Sailasa Vadrawale III,176567,CB,OREGON ST,12,6,0,55.8,0,0,265,0,0,76.4,71.3,88.1,49.5,50.9,63.7,0,1,0,1,38.0,14.7,5,5,1,70.3,24,0,0,68,51,325,579,3,0,0,3,0,6,576,13,241,450,9,23,1,43,1,1,244,101,10.2
Bo LaPenna,176580,LB,COLORADO,2,0,0,,0,0,143,0,0,60.0,48.9,68.5,60.0,56.1,,0,0,0,0,,,0,0,0,0.0,0,0,0,4,0,1,4,0,0,0,0,0,0,4,1,2,0,0,0,0,0,0,0,0,0,
Daylen Austin,176586,S,OREGON,12,2,0,37.5,0,0,264,0,0,76.1,71.4,83.5,55.5,52.2,71.6,0,0,0,1,11.0,12.5,1,1,0,19.8,6,0,0,13,5,82,142,5,0,0,5,0,23,137,3,57,95,4,5,1,16,0,0,40,19,6.7
Collin Gill,176591,S,CHARLOTTE,11,8,0,66.7,0,1,136,1,0,72.9,68.5,85.4,60.6,59.7,54.3,1,3,0,0,20.0,18.9,7,1,0,85.4,10,0,0,115,0,169,365,41,0,0,41,0,12,324,36,160,197,8,22,1,15,4,0,100,43,10.0
Terrance Green,176593,DI,OREGON,13,3,0,,0,0,264,0,0,57.3,62.2,83.2,58.9,64.0,68.0,0,2,0,0,,7.1,1,0,0,0.0,0,0,0,0,0,1,228,228,68,155,0,5,0,0,93,134,0,7,10,1,0,2,0,0,0,
Rodrick Pleasant,176596,CB,UCLA,10,6,0,50.0,1,0,324,1,0,73.7,72.2,84.9,53.2,64.3,60.0,0,0,0,0,22.0,17.6,9,7,6,75.3,25,0,0,64,508,307,609,8,0,0,8,0,3,601,3,299,25,11,36,2,50,0,2,218,135,8.7
Ashton Porter,176597,ED,OREGON,13,6,1,,0,0,264,0,0,60.0,67.5,83.7,57.8,71.8,84.3,2,5,0,0,,0.0,0,0,0,0.0,0,1,0,0,0,1,211,210,0,28,118,64,0,1,104,106,1,4,11,0,0,8,0,0,0,
Blake Purchase,176598,ED,OREGON,13,8,0,66.7,0,0,264,0,0,64.3,67.2,28.7,62.0,72.1,89.8,3,9,0,1,12.0,0.0,0,0,2,38.9,4,1,0,22,1,51,308,255,0,0,254,1,0,53,109,148,28,16,23,3,6,13,0,30,35,7.5
A'Mauri Washington,176603,DI,OREGON,13,9,7,,0,0,264,0,0,61.1,80.3,69.5,71.6,82.0,60.8,2,18,0,0,,12.8,5,0,1,0.0,0,2,0,4,0,2,588,584,38,448,13,85,0,4,321,265,0,22,25,3,0,22,0,0,0,
Gavin Geweniger,176613,ED,STANFORD,1,0,0,,0,0,300,0,0,60.0,60.2,74.1,57.9,60.6,,0,0,0,0,,,0,0,0,0.0,0,0,0,0,0,1,11,11,0,1,10,0,0,0,6,4,0,0,0,0,0,0,0,0,0,
Myles Libman,176621,WR,STANFORD,1,0,0,100.0,0,0,300,0,0,60.0,37.4,60.0,60.0,,,0,0,0,0,84.0,,0,0,1,158.3,1,0,0,0,0,0,1,0,0,0,0,0,0,1,1,0,0,0,0,0,1,0,1,84,76,84.0
Braden Marceau-Olayinka,176622,DI,STANFORD,12,5,0,100.0,0,0,300,0,0,48.2,67.1,10.6,63.7,75.6,69.8,2,10,0,0,0.0,6.3,1,0,3,79.2,1,0,0,1,0,1,276,275,131,135,0,9,0,1,158,117,0,9,10,1,1,12,0,0,6,0.0
Miles McGee,176623,LB,STANFORD,1,0,0,,0,0,300,0,0,,60.0,60.0,60.0,,,0,0,0,0,,,0,0,0,0.0,0,0,0,0,0,0,1,0,0,0,0,0,0,1,1,0,0,0,0,0,0,0,0,0,0,
Aaron Morris,176624,CB,STANFORD,3,0,0,53.3,0,0,300,0,0,63.2,62.9,79.5,60.0,57.8,70.9,0,0,0,0,19.0,14.3,1,0,2,110.3,8,0,0,3,119,100,124,0,0,0,0,0,0,124,1,23,2,0,6,0,15,0,2,87,15,10.9
Che Ojarikre,176625,CB,STANFORD,12,6,0,69.2,0,0,300,0,0,50.1,53.7,0.0,65.9,79.9,70.1,0,1,0,0,54.0,11.8,4,1,4,109.2,27,0,0,42,292,273,435,4,0,0,4,0,2,431,6,156,95,7,24,0,39,1,1,383,95,14.2
Omar Staples,176629,DI,STANFORD,12,2,0,,0,1,300,0,0,59.5,67.1,81.4,62.5,69.1,69.2,2,8,0,0,,7.7,1,0,0,0.0,0,1,0,4,0,0,220,216,10,132,12,62,0,4,143,77,0,8,10,2,0,11,0,0,0,
Tre Williams,176631,LB,STANFORD,5,0,0,,0,0,300,0,0,62.7,55.2,75.0,58.8,51.6,73.6,0,0,0,0,,0.0,0,0,0,0.0,0,0,0,23,0,8,32,9,0,0,9,0,0,23,2,22,0,0,1,0,0,0,0,0,0,
Elijah Hughes,176634,DI,NOTRE DAME,12,6,0,,0,0,258,0,0,59.4,75.5,82.0,71.1,74.4,60.5,1,8,0,0,,12.0,3,0,0,0.0,0,1,0,0,0,1,264,264,13,233,0,18,0,0,144,119,0,15,16,2,0,10,0,0,0,
Deijon Laffitte,176637,DI,FRESNO ST,10,6,2,,0,0,169,0,0,60.0,65.4,61.2,60.2,68.8,75.7,2,8,0,1,,15.4,4,0,1,0.0,0,3,0,2,0,5,400,398,0,373,0,25,0,2,222,173,0,16,16,3,0,13,0,0,0,
Ja'Kobi Lane,176638,WR,USC,1,0,0,,1,0,326,0,0,,60.0,64.7,,60.0,,0,0,0,0,,,0,0,5,0.0,0,0,0,0,0,0,1,0,0,0,0,0,1,1,0,1,0,0,0,0,0,0,0,0,0,
Duce Robinson,176642,WR,FLORIDA ST,1,0,0,,0,0,167,0,0,60.0,60.0,63.7,,,,0,0,0,0,,,0,1,4,0.0,0,0,0,0,0,1,1,0,0,0,0,0,1,1,0,0,0,0,0,0,0,0,0,0,0,
Braylan Shelby,176644,ED,USC,12,7,0,100.0,0,0,326,0,0,73.9,61.6,43.2,61.0,57.7,80.5,1,21,0,1,18.0,5.0,1,0,2,71.5,3,5,0,14,0,27,399,383,0,7,346,30,0,16,194,178,2,10,12,1,3,27,0,32,32,10.7
CJ Blocker,176649,CB,COLO STATE,12,1,0,52.2,1,0,144,0,0,62.0,53.3,24.7,43.5,37.2,55.2,0,4,0,1,23.0,17.4,4,3,4,79.1,12,0,0,40,261,140,348,14,0,0,14,0,1,334,15,193,30,4,18,0,23,4,2,125,68,10.4
Jonah Lea'ea,176654,DI,UTAH,12,4,1,,0,1,328,1,0,62.7,66.6,86.1,59.2,68.0,77.6,0,13,0,0,,3.6,1,0,0,0.0,0,3,0,5,0,0,590,585,51,518,4,12,0,5,311,279,0,19,23,2,0,16,0,0,0,
Smith Snowden,176662,CB,UTAH,12,4,0,47.2,0,0,328,0,0,72.8,68.3,87.5,55.8,46.2,37.7,0,2,0,2,88.0,28.3,13,5,4,68.1,25,0,0,32,261,312,594,0,0,0,0,0,20,594,2,280,281,14,29,3,53,2,2,380,177,15.2
Michael Hughes,176678,ED,WASH STATE,12,4,1,,0,0,341,0,0,63.6,77.6,82.0,71.7,72.4,68.4,1,8,0,0,,10.0,1,0,0,0.0,0,0,0,1,0,1,134,133,0,0,132,1,0,1,86,47,0,3,5,1,0,9,0,0,0,
Jack Janikowski,176679,ED,WASH STATE,12,1,0,,0,1,341,0,0,,75.9,82.3,73.0,71.8,65.4,0,3,0,0,,14.3,1,0,0,0.0,0,1,0,0,0,0,150,150,0,1,135,14,0,0,80,70,0,6,5,1,0,4,0,0,0,
Khalil Laufau,176681,DI,HOUSTON,11,11,1,,0,1,182,0,0,63.1,72.1,85.5,56.8,78.5,44.4,1,12,0,0,,21.4,9,0,0,0.0,0,2,0,5,0,2,649,644,38,504,8,94,0,5,335,312,0,18,22,0,0,15,0,0,0,
Ethan O'Connor,176686,CB,MIAMI FL,13,5,0,56.0,0,0,220,0,0,72.5,73.7,84.7,73.1,69.0,48.6,0,0,0,0,40.0,23.1,6,2,1,94.3,14,1,0,5,438,301,460,1,0,0,1,0,2,459,1,158,14,6,15,2,25,1,1,193,77,13.8
Isaac Terrell,176693,ED,WASH STATE,11,7,1,100.0,0,1,341,0,0,57.0,86.7,85.5,85.7,79.7,60.4,7,22,0,0,34.0,17.2,5,0,0,158.3,1,9,1,5,0,3,388,383,0,12,281,90,0,5,206,179,0,22,17,6,1,38,1,34,39,34.0
Adrian Wilson,176698,S,ARIZONA ST,12,19,0,55.6,0,1,110,1,0,68.7,66.3,87.7,66.1,58.2,64.1,1,1,0,1,35.0,15.7,11,3,0,100.5,10,0,0,136,2,368,652,6,0,0,6,0,466,646,2,282,42,9,40,1,18,2,2,165,47,16.5
Andrew Powdrell,176775,CB,UNLV,12,4,0,60.7,1,0,325,0,0,59.8,61.7,13.0,58.9,75.4,63.1,2,1,0,0,47.0,13.3,8,5,7,84.4,34,0,0,56,577,373,640,1,0,0,1,0,0,639,8,259,4,10,48,1,56,3,0,426,98,12.5
KJ Miniefield,176794,CB,MIDDLE TN,1,0,0,,0,0,224,0,0,61.9,66.6,71.6,,60.0,,0,0,0,0,,,0,0,0,0.0,0,0,0,0,0,3,5,0,0,0,0,0,0,5,0,2,5,0,0,0,0,0,0,0,0,
Joshua Pierce,176876,ED,N TEXAS,11,4,0,,0,1,251,0,0,,70.0,81.0,66.6,68.3,69.1,0,7,0,0,,10.0,1,0,0,0.0,0,2,0,0,0,0,153,153,1,6,91,55,0,0,72,81,0,5,5,0,0,9,0,0,0,
Rashawn Carr,176889,LB,MARSHALL,1,0,0,,0,0,214,0,0,61.1,56.3,71.7,,56.1,73.0,0,0,0,0,,0.0,0,0,0,0.0,0,0,0,4,0,3,6,2,0,0,2,0,0,4,0,3,0,0,1,0,0,0,0,0,0,
Malik Willis,176890,CB,TEXAS ST,11,4,0,92.3,0,0,314,0,0,55.6,53.7,82.2,57.3,47.7,29.6,0,0,0,0,14.0,30.4,7,0,0,119.6,12,0,0,56,26,125,238,5,0,0,5,0,16,233,3,110,134,6,12,0,13,0,1,85,70,7.1
Ja'Son Prevard,177049,CB,VIRGINIA,12,5,2,53.3,0,0,335,0,0,75.7,74.8,48.5,80.8,69.0,80.5,0,2,0,3,34.0,6.9,2,2,1,34.3,16,0,0,121,4,293,552,31,0,0,31,0,9,521,14,245,387,9,22,1,30,2,0,197,91,12.3
AJ Richardson,177067,LB,NC STATE,3,4,0,77.8,0,0,248,0,0,62.9,62.9,76.4,62.5,60.5,87.5,0,2,0,0,22.0,0.0,0,0,0,103.7,7,0,0,74,0,51,88,1,0,0,1,0,3,87,8,29,10,7,9,0,9,2,0,80,31,11.4
Jaylen Bowden,177087,CB,MINNESOTA,3,0,0,50.0,0,0,225,0,0,71.3,76.9,72.6,,74.1,78.8,0,0,0,0,3.0,0.0,0,0,0,56.3,2,0,0,2,18,10,21,0,0,0,0,0,0,21,0,11,1,3,3,0,4,0,0,4,3,2.0
Teon Parks,177128,CB,COLORADO,10,2,0,62.5,0,0,143,0,0,41.5,49.7,83.8,59.9,77.2,39.7,0,0,0,0,42.0,24.0,6,1,2,126.2,15,0,0,37,365,179,431,5,0,0,5,0,1,426,1,251,22,4,17,0,24,0,4,187,59,12.5
Avery Powell,177141,S,TEMPLE,12,7,0,75.0,0,0,306,3,0,43.2,44.4,32.9,60.0,50.9,44.5,0,0,0,1,40.0,23.9,16,1,4,108.8,21,0,0,175,4,254,456,3,0,0,3,0,145,453,1,201,129,9,44,1,28,0,1,317,99,15.1
Bryce Hawthorne,177214,DI,IOWA,12,7,0,,0,0,192,0,0,55.3,61.6,83.5,61.8,62.4,28.2,0,8,0,1,,31.8,7,0,0,0.0,0,0,0,1,0,0,276,275,37,237,0,1,0,1,141,135,0,8,8,1,0,8,0,0,0,
Janier Armstead,177270,ED,S ALABAMA,3,0,0,,0,0,288,0,0,,65.0,76.6,62.1,63.9,72.8,0,1,0,0,,0.0,0,0,0,0.0,0,0,0,0,0,0,26,26,0,2,18,6,0,0,15,11,0,2,2,1,0,1,0,0,0,
Nathaniel Chandler,177287,DI,TOLEDO,4,2,0,,0,0,316,0,0,,60.5,75.5,61.5,58.7,73.4,0,1,0,0,,0.0,0,0,0,0.0,0,0,0,0,0,0,41,41,0,40,0,1,0,0,22,19,0,1,1,0,0,1,0,0,0,
Sterling Smith,177397,CB,PURDUE,1,0,0,,0,0,273,0,0,,60.1,60.0,,60.0,,0,0,0,0,,,0,0,0,0.0,0,0,0,0,0,0,1,0,0,0,0,0,0,1,0,1,0,0,0,0,0,0,0,0,0,
Drew Spinogatti,177398,LB,JAMES MAD,13,13,0,60.0,0,0,197,0,0,89.6,78.2,82.0,58.6,68.6,61.6,2,5,0,0,20.0,17.0,8,2,0,70.7,9,2,0,352,0,148,393,25,0,0,25,0,0,368,73,172,15,15,26,6,15,9,0,67,28,7.4
Taylor Burton,177573,DI,MEMPHIS,11,2,2,,0,0,218,0,0,60.0,67.2,52.2,65.9,68.2,65.2,3,6,0,0,,10.0,1,0,1,0.0,0,0,0,0,0,0,264,263,43,130,41,49,0,1,129,135,0,7,7,1,0,9,0,0,0,
Noah Yeh,177766,ED,FRESNO ST,6,2,0,,0,0,169,0,0,57.2,63.7,79.9,68.7,60.5,27.6,3,1,0,0,,50.0,3,0,0,0.0,0,0,0,0,0,1,82,82,0,18,62,2,0,0,48,33,0,0,1,0,0,4,0,0,0,
Onye Nwosisi,177800,ED,BOSTON COL,3,1,0,100.0,0,0,121,0,0,49.7,65.1,0.0,76.5,70.6,78.5,1,1,0,0,3.0,0.0,0,0,2,118.8,1,0,0,0,0,4,49,48,0,3,45,0,0,1,29,16,1,3,4,0,1,2,1,3,0,3.0
C.J. Douglas,177865,S,HOUSTON,7,3,0,0.0,0,0,182,0,0,75.2,72.6,77.4,,63.8,66.6,0,0,0,1,,12.5,1,0,0,0.0,0,0,0,32,0,38,77,0,0,0,0,0,36,77,0,39,9,0,4,0,1,0,0,0,0,
Christian Davis,178014,DI,LA TECH,12,5,1,,0,0,208,0,0,68.9,70.0,86.3,64.7,68.9,53.8,0,6,0,0,,15.0,3,0,0,0.0,0,0,0,3,0,3,336,333,320,11,1,1,0,3,187,146,0,8,12,2,0,6,0,0,0,
Chancellor Owens,178024,DI,ARIZONA,2,0,0,,0,0,109,0,0,,75.3,75.2,66.1,74.1,37.1,0,1,0,0,,50.0,1,0,0,0.0,0,1,0,0,0,0,32,32,4,22,3,3,0,0,16,16,0,2,1,0,0,2,0,0,0,
Zach Kelly,178094,CB,BOSTON COL,1,0,0,0.0,0,0,121,0,0,60.9,61.8,71.1,,60.0,,0,0,0,0,,,0,0,0,39.6,0,0,0,0,0,2,3,0,0,0,0,0,0,3,0,1,3,0,0,0,1,0,0,0,0,
Nate Ray,178139,ED,DELAWARE,2,0,0,,0,0,151,0,0,,54.9,70.5,55.1,,,0,1,0,0,,,0,0,0,0.0,0,0,0,0,0,0,7,7,0,1,2,4,0,0,7,0,0,0,0,0,0,1,0,0,0,
Riis Weber,178257,S,HAWAII,1,0,0,,0,0,180,0,0,60.0,61.4,68.1,,60.0,,0,0,0,0,,,0,0,0,0.0,0,0,0,3,0,1,5,0,0,0,0,0,2,5,0,4,0,0,0,0,0,0,0,0,0,
Logan George,178270,ED,OHIO STATE,3,0,0,,0,0,260,0,0,60.0,59.7,74.3,63.6,57.2,75.1,0,1,0,0,,0.0,0,0,0,0.0,0,0,0,0,0,1,19,19,0,5,13,1,0,0,7,11,0,2,3,0,0,1,0,0,0,
Ronnel Johnson,178430,WR,MO STATE,1,0,0,,0,0,230,0,0,60.0,62.4,60.0,,,,0,0,0,0,,,0,0,1,0.0,0,0,0,0,0,1,1,0,0,0,0,0,0,1,0,0,0,0,0,0,0,0,0,0,0,
AJ Sargent,178468,DI,SM HOUSTON,12,1,0,,0,0,281,1,0,60.0,53.9,81.3,55.7,52.8,76.3,0,3,0,0,,0.0,0,0,0,0.0,0,0,0,1,0,0,143,142,77,30,0,35,0,1,61,82,0,4,5,0,0,3,0,0,0,
Jeffson Lafontant,178571,DI,UCF,9,3,0,,0,0,323,0,0,60.0,60.8,21.7,63.2,61.2,77.4,0,1,0,0,,0.0,0,0,1,0.0,0,2,0,0,0,0,115,115,5,110,0,0,0,0,50,65,0,4,4,1,0,3,0,0,0,
Robert Edmonson,178639,LB,COLO STATE,11,9,0,100.0,0,0,144,0,0,59.1,70.6,87.2,50.9,84.5,90.1,0,4,0,1,24.0,2.2,1,0,0,74.1,7,1,0,229,4,111,331,81,0,0,81,0,0,250,68,152,16,25,35,3,7,5,0,79,28,11.3
Amari Odom,178686,QB,KENNESAW,1,0,0,,0,0,200,0,0,,71.8,60.0,,60.0,71.5,0,0,0,0,,0.0,0,0,1,0.0,0,0,0,0,0,0,1,0,0,0,0,0,0,1,0,1,0,1,1,1,0,0,0,0,0,
Sefa Saipaia Jr.,178812,LB,W MICHIGAN,12,22,0,81.0,0,0,347,1,0,63.3,76.9,83.4,66.3,83.7,77.5,0,10,0,1,50.0,9.3,7,0,0,89.1,17,2,0,523,0,257,589,9,0,0,9,0,2,580,51,281,55,34,46,3,21,12,0,213,155,12.5
Lento Smith Jr.,178819,S,TULSA,12,25,0,65.9,0,1,320,0,0,61.1,69.5,88.7,,81.3,80.3,0,1,0,1,57.0,10.1,10,2,0,123.8,27,0,0,390,1,410,822,2,0,0,2,0,337,820,0,412,92,23,64,3,41,1,4,438,158,16.2
Kenyatta McNeese,179033,S,LA TECH,12,0,0,60.0,1,0,208,0,0,42.6,40.6,77.2,,42.6,71.5,0,0,0,0,35.0,14.3,1,0,1,101.3,3,0,0,19,0,42,69,0,0,0,0,0,42,69,0,27,8,1,6,0,5,0,0,59,19,19.7
Sedrick Smith,179071,DI,MARYLAND,12,1,0,,0,0,215,0,0,60.0,56.5,80.6,61.5,51.9,73.3,0,5,0,0,,0.0,0,0,0,0.0,0,0,0,1,0,0,121,120,26,88,0,6,0,1,57,64,0,3,4,0,0,5,0,0,0,
Darien Jackson,179179,DI,SM HOUSTON,9,2,1,,0,0,281,0,0,59.3,64.6,26.3,62.6,67.9,59.3,0,3,0,0,,13.3,2,0,2,0.0,0,1,0,0,0,1,251,251,203,48,0,0,0,0,118,132,0,10,11,1,0,4,0,0,0,
Cannon McClain,179447,S,SO MISS,1,0,0,,0,0,296,0,0,60.8,60.8,66.7,,60.0,,0,0,0,0,,,0,0,0,0.0,0,0,0,1,0,2,4,0,0,0,0,0,3,4,0,2,0,0,0,0,0,0,0,0,0,
Gavin Edwards,179622,S,MARYLAND,7,1,0,66.7,0,0,215,0,0,63.6,61.2,80.3,,53.4,28.0,0,0,0,0,12.0,40.0,4,0,0,83.3,4,0,0,33,0,73,129,1,0,0,1,0,67,128,0,56,28,1,5,0,6,0,0,37,17,9.3
D.J. Barnes,180133,S,KENT STATE,12,7,0,48.3,0,1,201,0,0,49.6,47.5,86.6,50.1,44.0,44.3,0,0,0,0,21.0,25.6,11,0,0,68.2,14,0,0,95,2,229,399,11,0,0,11,0,40,388,20,150,251,10,25,2,29,0,0,180,72,12.9
Ralph Ortiz,180176,LB,KANSAS ST,2,2,0,,0,0,199,1,1,60.7,63.8,69.3,60.0,64.0,78.0,0,0,0,0,,0.0,0,0,0,0.0,0,0,0,4,0,2,11,1,0,0,1,0,0,10,1,8,5,0,0,0,0,0,0,0,0,
DJ Jackson Jr.,180417,ED,TROY,12,4,1,,0,1,318,1,0,63.3,61.9,18.6,58.1,66.6,63.9,2,11,0,0,,8.3,2,0,3,0.0,0,1,0,0,0,1,335,335,1,7,247,80,0,0,169,165,0,15,18,5,0,14,0,0,0,
Jordan Chestnut,180504,CB,MIDDLE TN,1,0,0,,0,0,224,0,0,,60.0,60.0,,60.0,,0,0,0,0,,,0,0,0,0.0,0,0,0,0,0,0,1,0,0,0,0,0,0,1,0,1,0,0,0,0,0,0,0,0,0,
Joseph Bakhole,181145,ED,APP STATE,5,1,0,,0,0,108,0,0,62.3,74.8,82.1,69.6,73.0,80.4,0,7,0,0,,0.0,0,0,0,0.0,0,1,0,0,0,4,102,102,0,1,91,10,0,0,53,45,0,4,6,2,0,8,0,0,0,
Jyren Ester,181153,CB,LA MONROE,12,4,0,65.5,0,1,209,0,0,77.1,74.8,83.8,,57.9,61.3,0,0,0,0,21.0,16.0,4,2,2,87.7,19,0,0,27,266,188,347,3,0,0,3,0,1,344,0,159,50,9,17,3,29,0,1,136,63,7.2
Lynard Harris,181157,S,LA MONROE,8,6,0,55.6,0,0,209,0,0,62.2,58.4,82.0,55.9,51.7,56.0,1,1,0,1,9.0,18.5,5,2,1,59.7,5,0,0,126,1,106,231,1,0,0,1,0,58,230,5,120,45,4,16,0,9,2,1,30,16,6.0
Andre Mack,181162,S,LA MONROE,11,3,0,85.7,0,1,209,0,0,49.1,63.1,80.2,,83.6,64.4,0,0,0,0,34.0,16.0,4,0,0,158.3,6,0,0,144,1,100,214,0,0,0,0,0,29,214,0,114,40,6,18,1,7,0,1,97,43,16.2
Ali Abbasi,181208,DI,MARSHALL,1,0,0,,0,0,214,0,0,,62.0,66.6,60.0,60.0,,0,0,0,0,,,0,0,0,0.0,0,0,0,0,0,0,2,2,0,0,0,2,0,0,1,1,0,0,0,0,0,0,0,0,0,
TJ Holmes,181448,WR,MEMPHIS,1,0,0,,0,0,218,0,0,,60.0,60.0,,60.0,,0,0,0,0,,,0,0,0,0.0,0,0,0,0,0,0,1,0,0,0,0,0,0,1,0,1,0,0,0,0,0,0,0,0,0,
Daniel Harris,182310,CB,GEORGIA,5,1,0,62.5,0,0,173,0,0,55.5,57.1,80.0,,66.0,39.3,0,0,0,0,57.0,28.6,2,0,0,145.8,5,0,0,3,133,81,138,0,0,0,0,0,0,138,0,57,2,0,4,0,8,0,2,150,25,30.0
Clinton Barlow,182686,DI,GEORGIA,1,0,0,,0,0,173,0,0,,70.0,67.8,,65.8,70.2,0,0,0,0,,0.0,0,0,0,0.0,0,0,0,0,0,0,3,3,0,3,0,0,0,0,0,3,0,1,1,0,0,0,0,0,0,
Jaxon Panariello,182718,FB,LOUISVILLE,1,0,0,,0,0,210,0,0,,60.0,60.0,,60.0,,0,0,0,0,,,0,0,0,0.0,0,0,0,0,0,0,1,0,0,0,0,0,0,1,0,1,0,0,0,0,0,0,0,0,0,
Samuel Coufal,182779,DI,MIAMI FL,2,0,0,,0,0,220,0,0,,67.2,69.3,66.4,60.2,,0,0,0,0,,,0,0,0,0.0,0,0,0,0,0,0,5,5,1,4,0,0,0,0,3,2,0,0,0,0,0,0,0,0,0,
Chris Peal,182912,CB,SYRACUSE,12,9,0,64.4,0,1,304,0,0,87.0,85.1,85.0,57.3,76.0,85.1,1,2,0,0,37.0,5.6,3,5,1,98.0,38,0,0,81,514,372,655,9,0,0,9,0,7,646,7,276,43,12,42,3,59,3,3,358,205,9.4
Marvin Sims,182956,WR,W KENTUCKY,1,0,0,,0,0,346,0,0,60.0,62.6,73.9,,,,0,0,0,0,,,0,0,0,0.0,0,0,0,0,0,1,1,0,0,0,0,0,0,1,0,0,0,0,0,0,0,0,0,0,0,
Jacoby Davis,183056,CB,KANSAS,1,0,0,,0,0,198,0,0,,60.6,69.5,,60.0,,0,0,0,0,,,0,0,0,0.0,0,0,0,0,6,0,6,0,0,0,0,0,0,6,0,6,0,0,0,0,0,0,0,0,0,
Sammy Brown,183192,LB,CLEMSON,12,26,0,83.3,0,1,140,1,0,64.4,71.6,55.7,63.4,76.4,86.6,1,7,0,1,56.0,5.9,5,5,1,91.1,25,5,0,602,1,323,655,27,0,0,27,0,0,628,87,245,24,35,54,6,30,13,0,276,202,11.0
Noah Dixon,183195,CB,CLEMSON,2,0,0,60.0,0,0,140,0,0,47.6,45.3,75.8,59.5,55.1,75.1,0,0,0,0,19.0,0.0,0,0,0,120.0,3,0,0,2,0,12,17,1,0,0,1,0,0,16,1,4,14,1,1,0,5,0,1,34,12,11.3
Tavoy Feagin,183197,CB,OLE MISS,2,0,0,,0,0,226,0,0,60.8,61.8,69.5,,60.0,,0,0,0,0,,,0,0,0,0.0,0,0,0,1,3,2,5,0,0,0,0,0,0,5,0,3,1,0,0,0,0,0,0,0,0,
Corian Gipson,183198,CB,CLEMSON,8,0,0,61.5,0,0,140,0,0,65.0,61.7,0.0,63.4,52.0,39.7,1,2,0,0,23.0,33.3,3,3,1,78.7,8,0,0,20,21,101,167,5,0,0,5,0,3,162,13,53,118,2,6,0,13,3,0,79,31,9.9
Ricardo Jones,183200,S,CLEMSON,12,4,1,56.4,0,0,140,1,0,69.3,66.0,87.0,65.0,54.1,51.4,0,0,1,6,70.0,16.7,7,2,0,54.9,22,0,0,147,4,408,645,2,0,0,2,0,373,643,3,234,118,10,31,1,39,0,2,265,143,12.0
Champ Thompson,183203,DI,CLEMSON,7,0,0,,0,0,140,0,0,,62.3,76.3,57.3,64.5,71.9,0,0,0,0,,0.0,0,0,0,0.0,0,1,0,0,0,0,58,58,5,47,1,5,0,0,30,28,0,2,1,0,0,1,0,0,0,
Joe Wilkinson,183207,S,CLEMSON,2,0,0,,0,0,140,0,0,,60.0,65.8,,60.0,,0,0,0,0,,,0,0,0,0.0,0,0,0,0,0,0,2,0,0,0,0,0,2,2,0,2,0,0,0,0,0,0,0,0,0,
Jordan Boyd,183211,ED,GA TECH,11,2,0,66.7,0,0,176,1,0,28.9,49.7,84.4,55.2,57.2,57.6,2,4,0,0,16.0,22.2,2,0,0,92.4,2,1,0,1,0,10,176,175,0,6,163,6,0,1,91,75,0,3,5,1,3,7,0,25,22,12.5
Tah'j Butler,183212,LB,GA TECH,12,6,1,68.4,0,0,176,0,0,73.7,67.1,84.5,53.3,62.3,51.3,0,4,0,1,17.0,25.7,9,2,0,74.0,13,0,0,174,1,114,299,66,0,0,66,0,0,233,29,156,57,10,20,1,19,4,1,88,59,6.8
Anthony Carrie,183214,HB,FIU,2,0,0,,0,0,166,0,0,,60.0,60.0,60.0,60.0,,0,0,0,0,,,0,0,0,0.0,0,0,0,0,0,0,2,0,0,0,0,0,0,2,1,1,0,0,0,0,0,0,0,0,0,
Trelain Maddox,183219,HB,GA TECH,1,0,0,,0,0,176,0,0,,60.1,60.0,,60.0,,0,0,0,0,,,0,0,0,0.0,0,0,0,0,0,0,1,0,0,0,0,0,0,1,0,1,0,0,0,0,0,0,0,0,0,
Dylan Day,183229,S,MIAMI FL,8,1,0,60.0,0,0,220,0,0,68.3,52.4,0.0,53.8,28.3,29.6,0,1,0,0,12.0,40.0,4,1,1,110.8,3,1,0,30,0,63,111,3,0,0,3,0,42,108,8,40,36,2,5,0,5,2,1,23,16,7.7
Marquise Lightfoot,183233,ED,MIAMI FL,13,6,1,100.0,0,0,220,0,0,53.7,70.9,53.3,70.8,78.9,50.2,7,15,0,0,17.0,20.0,5,0,1,101.0,4,2,0,18,0,45,245,227,0,0,227,0,0,18,139,61,0,11,14,2,4,24,0,33,40,8.3
Cole McConathy II,183235,ED,MIAMI FL,2,0,0,,0,0,220,0,0,,52.1,72.6,56.6,55.1,,0,0,0,0,,,0,0,0,0.0,0,0,0,0,0,0,9,9,0,0,6,3,0,0,6,3,0,0,0,0,0,0,0,0,0,
Cam Pruitt,183239,LB,MIAMI FL,8,3,0,50.0,0,0,220,0,0,58.9,51.8,0.0,53.7,54.4,59.1,0,0,0,0,2.0,14.3,1,0,1,56.3,1,1,0,19,1,20,56,14,0,0,14,0,2,42,7,29,20,2,3,0,2,1,0,2,7,2.0
Isaiah Thomas,183244,S,KENNESAW,2,0,0,100.0,0,0,200,0,0,29.9,29.7,69.6,,60.1,,0,0,0,0,64.0,,0,0,0,118.8,1,0,0,7,0,6,10,0,0,0,0,0,1,10,0,4,2,0,0,0,1,0,0,64,47,64.0
Brandon Booker,183248,LB,SMU,12,17,1,80.0,0,0,287,0,0,71.9,70.6,83.0,69.9,64.9,86.6,4,9,0,0,47.0,5.9,4,2,0,106.9,24,1,0,515,4,359,615,8,0,0,8,0,4,607,55,201,84,30,47,4,30,14,0,290,190,12.1
Zach Smith,183255,LB,W KENTUCKY,6,1,0,100.0,0,0,346,0,0,51.1,41.3,77.6,58.4,35.7,26.4,0,1,0,0,6.0,42.9,3,0,0,88.9,3,0,0,64,0,26,74,4,0,0,4,0,0,70,10,38,6,1,3,0,3,1,0,16,22,5.3
Dayday Aupiu,183256,S,CAL,1,0,0,,0,0,130,0,0,,60.0,67.8,,60.0,,0,0,0,0,,,0,0,0,0.0,0,0,0,1,0,0,3,0,0,0,0,0,2,3,0,3,0,0,0,0,0,0,0,0,0,
BJ Canady,183257,ED,CAL,8,2,0,,0,0,130,0,0,60.0,57.3,80.4,62.1,54.2,64.7,0,2,0,0,,12.5,1,0,0,0.0,0,0,0,0,0,1,69,69,1,4,52,12,0,0,24,44,0,3,5,1,0,2,0,0,0,
Isaiah Crosby,183258,S,CAL,4,2,0,60.0,0,0,130,0,0,83.6,77.0,81.6,,54.5,78.9,0,0,0,0,14.0,7.7,2,1,0,64.6,9,0,0,61,1,124,197,1,0,0,1,0,101,196,0,73,33,8,22,1,15,0,0,41,19,4.6
Luke Ferrelli,183259,LB,CAL,12,19,0,94.4,0,0,130,0,0,86.2,69.7,27.5,64.2,55.4,55.3,4,0,0,1,23.0,17.2,16,0,2,88.1,34,1,0,614,0,349,695,25,0,0,25,0,9,670,33,313,46,31,58,4,36,5,0,285,124,8.4
Aaron Hampton,183260,LB,CAL,10,8,0,90.0,0,0,130,0,0,62.5,58.4,81.1,75.9,50.2,71.0,0,0,0,0,21.0,8.8,3,0,0,100.4,9,1,0,139,0,68,158,14,0,0,14,0,2,144,6,84,2,16,23,1,10,1,0,81,41,9.0
Eze Osondu,183263,LB,CAL,1,0,0,,0,0,130,0,0,,60.0,62.1,,60.0,,0,0,0,0,,,0,0,0,0.0,0,0,0,1,0,0,1,0,0,0,0,0,0,1,0,1,0,0,0,0,0,0,0,0,0,
Ja'ir Smith,183264,CB,CAL,6,2,0,60.0,0,0,130,0,0,67.2,66.4,76.4,,59.6,43.2,0,0,0,0,20.0,33.3,2,1,0,89.6,3,0,0,4,53,29,58,0,0,0,0,0,0,58,0,29,1,0,2,0,5,0,0,45,8,15.0
Francis Brewu,183267,DI,PITTSBURGH,12,14,0,,0,1,268,0,0,,78.0,65.2,73.7,76.8,66.9,3,15,0,0,,8.6,3,0,1,0.0,0,2,0,2,0,0,458,456,28,408,3,17,0,2,227,231,0,17,18,5,0,20,0,0,0,
Zach Crothers,183268,ED,PITTSBURGH,4,3,0,,0,0,268,0,0,60.6,78.8,0.0,81.2,76.4,82.1,3,5,0,0,,0.0,0,0,2,0.0,0,2,0,2,0,0,95,93,0,2,87,4,0,2,48,47,0,6,9,0,0,10,0,0,0,
Sincere Edwards,183270,ED,UCF,6,2,0,,0,0,323,0,0,62.0,65.7,27.9,67.2,65.1,80.9,1,4,0,0,,0.0,0,0,1,0.0,0,2,0,0,0,7,124,124,0,3,111,10,0,0,45,72,0,7,7,3,0,7,0,0,0,
Nigel Maynard,183273,CB,PITTSBURGH,2,0,0,,0,0,268,0,0,60.0,61.1,69.0,,60.0,,0,0,0,0,,,0,0,0,0.0,0,0,0,0,6,1,6,0,0,0,0,0,0,6,0,5,0,0,0,0,0,0,0,0,0,
Sam Mattingly,183277,LB,STANFORD,11,3,0,100.0,0,0,300,0,0,62.6,59.8,0.0,54.2,63.1,52.8,0,2,0,0,16.0,17.9,5,0,1,97.5,5,0,0,143,0,64,159,3,0,0,3,0,1,156,29,66,12,11,20,2,5,2,0,37,22,7.4
Cam Richardson,183279,CB,STANFORD,4,1,0,100.0,0,0,300,0,0,52.2,52.1,76.7,,53.7,39.4,0,0,0,0,46.0,27.3,3,0,0,118.8,3,0,0,6,55,28,63,1,0,0,1,0,0,62,0,35,1,1,7,0,3,0,0,75,8,25.0
Dylan Stephenson,183280,ED,STANFORD,8,0,0,100.0,0,0,300,0,0,37.2,50.0,83.2,51.8,61.9,28.6,0,0,0,0,28.0,50.0,5,0,0,118.8,1,0,0,1,0,11,90,86,0,0,86,0,0,4,42,37,3,4,5,0,1,0,0,28,26,28.0
Benedict Umeh,183281,ED,STANFORD,1,0,0,,0,0,300,0,0,,63.9,68.6,57.6,60.0,,0,0,0,0,,,0,0,0,0.0,0,0,0,0,0,0,6,6,0,2,0,4,0,0,5,1,0,0,0,0,0,0,0,0,0,
Keke Adams,183282,CB,VIRGINIA,2,0,0,75.0,0,0,335,0,0,61.4,53.8,75.4,59.9,38.9,27.8,0,0,0,0,6.0,50.0,1,0,0,80.2,3,0,0,4,2,17,26,0,0,0,0,0,0,26,1,8,20,0,1,0,4,0,0,15,19,5.0
Myles Brown,183283,LB,VIRGINIA,2,0,0,66.7,0,0,335,0,0,72.3,73.2,74.1,53.9,70.1,78.8,0,0,0,0,3.0,0.0,0,0,0,70.1,2,0,0,28,0,17,31,0,0,0,0,0,0,31,5,9,3,3,4,0,3,0,0,4,10,2.0
Kevin Chadwick Jr.,183284,S,VIRGINIA,1,0,0,,0,0,335,0,0,76.1,75.4,70.6,,,76.2,0,0,0,0,,0.0,0,0,0,0.0,0,0,0,1,0,7,7,0,0,0,0,0,4,7,0,0,2,1,1,0,0,0,0,0,0,
Kevon Gray,183287,CB,VIRGINIA,1,1,0,,0,0,335,1,0,65.2,69.0,71.2,,63.9,73.5,0,0,0,0,,0.0,0,0,0,0.0,0,0,0,0,8,5,10,0,0,0,0,0,0,10,0,5,2,0,0,0,0,0,0,0,0,
Jewett Hayes,183288,ED,VIRGINIA,4,0,0,0.0,0,0,335,0,0,60.0,73.2,76.7,67.4,70.6,74.4,2,2,0,0,,0.0,0,0,0,39.6,0,0,0,0,0,1,28,28,0,0,28,0,0,0,15,12,0,2,2,0,1,4,0,0,0,
Ethan Minter,183289,S,VIRGINIA,12,11,0,58.8,0,0,335,0,0,71.6,72.6,85.4,55.9,72.3,84.6,0,3,0,1,60.0,6.1,3,2,0,57.0,10,0,0,236,0,261,489,2,0,0,2,0,192,487,5,223,59,10,35,2,17,3,0,124,40,12.4
Chase Morrison,183290,DI,VIRGINIA,2,0,0,,0,0,335,0,0,,58.7,68.9,57.7,60.0,,0,0,0,0,,,0,0,0,0.0,0,0,0,0,0,0,5,5,0,5,0,0,0,0,4,1,0,0,0,0,0,0,0,0,0,
Cai Bates,183296,CB,FLORIDA ST,2,0,0,50.0,0,0,167,0,0,57.8,58.5,74.1,,61.0,41.8,0,0,0,0,5.0,50.0,1,0,0,56.3,1,0,0,0,26,15,26,0,0,0,0,0,0,26,0,11,0,0,1,0,2,0,0,5,0,5.0
Timir Hickman-Collins,183300,LB,N CAROLINA,6,2,0,50.0,0,0,245,0,0,58.5,57.7,75.4,64.7,55.6,80.3,1,0,0,0,9.0,0.0,0,0,0,62.5,1,0,0,55,0,21,60,3,0,0,3,0,0,57,3,36,2,0,3,0,2,1,0,9,11,9.0
Jamari Howard,183301,CB,FLORIDA ST,2,0,0,0.0,0,0,167,0,0,84.9,74.5,69.9,,46.4,27.5,0,0,0,0,,50.0,1,1,0,39.6,0,0,0,1,8,5,9,0,0,0,0,0,0,9,0,4,0,1,1,0,1,0,0,0,0,
Charles Lester III,183306,CB,FLORIDA ST,9,3,0,80.0,0,0,167,0,0,61.4,61.6,78.1,59.1,61.8,61.4,0,1,0,0,34.0,14.3,1,0,1,118.8,4,0,0,8,78,41,90,1,0,0,1,0,2,89,1,48,1,1,3,0,5,1,0,71,11,17.8
Jayden Parrish,183308,LB,FLORIDA ST,2,2,1,100.0,0,0,167,0,0,52.0,72.7,72.1,66.9,82.3,49.1,0,0,0,0,10.0,20.0,1,0,0,108.3,1,0,0,20,0,7,23,1,0,0,1,0,0,22,4,12,2,1,2,0,1,0,0,10,9,10.0
Trent Carter,183314,LB,LOUISVILLE,1,2,0,100.0,0,0,210,0,0,72.7,64.5,74.1,71.3,44.8,42.2,0,0,0,0,5.0,33.3,1,0,0,87.5,1,1,0,9,0,5,15,5,0,0,5,0,0,10,1,9,1,1,0,0,1,1,0,5,2,5.0
Maurice Davis,183316,ED,LOUISVILLE,4,1,0,100.0,0,0,210,0,0,54.5,72.0,75.8,66.9,75.3,79.6,1,0,0,0,38.0,0.0,0,0,0,158.3,1,0,0,0,0,2,14,13,0,0,13,0,0,1,3,9,1,3,5,1,1,1,1,38,19,38.0
Daniel Anderson,183323,ED,N CAROLINA,2,0,0,,0,0,245,0,0,,67.5,77.6,72.8,56.3,72.2,1,2,0,0,,0.0,0,0,0,0.0,0,0,0,0,0,0,21,20,0,0,20,0,0,1,12,9,0,0,1,0,0,3,0,0,0,
Khalil Conley,183325,CB,N CAROLINA,8,0,0,100.0,0,0,245,0,0,52.6,52.0,77.0,,52.6,37.7,0,0,0,0,21.0,33.3,1,0,0,118.8,3,0,0,4,45,20,51,0,0,0,0,0,0,51,0,31,1,1,2,0,3,0,0,39,2,13.0
Zion Ferguson,183326,CB,PITTSBURGH,5,0,0,100.0,0,0,268,0,0,43.6,45.0,73.4,,61.7,77.0,0,0,0,0,37.0,0.0,0,0,0,158.3,2,0,0,2,24,14,26,0,0,0,0,0,0,26,0,12,0,0,2,0,2,0,1,56,0,28.0
Jaiden Patterson,183336,CB,N CAROLINA,12,6,0,64.9,0,0,245,0,0,69.5,70.8,84.6,57.9,74.4,71.5,0,0,0,1,28.0,12.2,5,5,0,71.5,24,0,0,43,347,287,473,3,0,0,3,0,39,470,3,183,39,11,30,2,37,0,0,236,107,9.8
Curtis Simpson,183339,ED,CHARLOTTE,12,7,1,100.0,1,1,136,0,0,66.3,62.7,63.0,67.4,55.2,72.1,6,10,0,0,1.0,11.1,3,0,1,79.2,1,3,0,3,0,6,353,350,0,10,303,37,0,3,191,156,0,14,17,3,1,19,0,1,3,1.0
Tyrane Stewart,183340,CB,N TEXAS,4,2,0,0.0,0,0,251,0,0,62.8,68.7,74.7,59.6,81.2,80.7,0,0,0,0,,0.0,0,0,0,39.6,0,0,0,1,31,20,33,0,0,0,0,0,0,33,1,12,1,2,3,0,2,0,0,0,0,
Jalon Thompson,183342,CB,N CAROLINA,10,0,0,62.5,0,0,245,0,0,58.6,61.6,78.8,,70.1,82.1,0,0,0,0,25.0,0.0,0,2,1,87.0,5,0,0,7,101,50,112,0,0,0,0,0,0,112,0,62,3,2,6,0,8,0,0,63,20,12.6
Ty White,183344,CB,N CAROLINA,4,0,0,80.0,0,0,245,0,0,35.4,39.9,75.4,,65.3,75.4,0,0,0,0,31.0,0.0,0,0,0,105.8,4,0,0,5,15,19,36,0,0,0,0,0,0,36,0,17,16,0,2,0,5,0,0,47,21,11.8
Ashton Woods,183345,LB,W VIRGINIA,6,6,0,100.0,0,0,343,0,0,52.6,54.2,0.0,58.0,65.6,38.3,0,6,0,0,18.0,32.0,8,0,2,109.7,3,0,0,113,0,46,127,6,0,0,6,0,1,121,17,64,7,6,11,0,3,6,0,31,11,10.3
Malcolm Ziglar,183346,S,N CAROLINA,2,0,0,0.0,0,0,245,0,0,50.4,51.9,67.7,,60.0,,0,0,0,1,,,0,0,0,0.0,0,0,0,0,0,8,9,0,0,0,0,0,8,9,0,1,0,0,0,0,1,0,0,0,0,
Jivan Baly,183350,S,NC STATE,4,3,0,62.5,0,0,248,0,0,58.1,59.7,76.7,56.4,63.1,84.7,0,1,0,0,12.0,0.0,0,0,0,75.0,5,0,0,38,1,44,93,3,0,0,3,0,4,90,5,44,46,1,6,0,8,1,0,40,15,8.0
Brody Barnhardt,183351,S,NC STATE,5,3,0,87.5,0,0,248,0,0,54.8,58.6,12.8,64.5,69.7,75.2,0,1,0,0,70.0,8.0,2,0,1,118.8,7,0,0,64,0,132,209,2,0,0,2,0,114,207,1,76,28,5,20,1,8,1,0,149,77,21.3
Chase Bond,183353,ED,NC STATE,12,2,0,,0,0,248,0,0,66.9,65.2,84.4,62.4,62.8,81.3,1,2,0,0,,0.0,0,0,0,0.0,0,2,0,3,0,5,200,197,12,38,118,29,0,3,122,73,0,7,7,4,0,5,0,0,0,
Asaad Brown Jr.,183355,S,NC STATE,11,10,0,69.6,0,0,248,0,0,64.3,67.7,85.6,50.0,75.6,90.4,0,0,0,1,30.0,3.6,2,1,2,94.7,16,0,0,230,9,362,604,6,0,0,6,0,201,598,9,233,157,13,43,0,23,0,1,211,69,13.2
Logan Foust,183361,LB,NC STATE,1,0,0,,0,0,248,0,0,,60.0,60.0,60.0,,,0,0,0,0,,,0,0,0,0.0,0,0,0,0,0,0,1,0,0,0,0,0,0,1,1,0,0,0,0,0,0,0,0,0,0,
Cannon Lewis,183364,LB,MARSHALL,10,10,0,77.8,0,0,214,0,0,53.7,57.7,83.5,61.9,60.0,79.7,3,3,0,0,13.0,6.5,2,0,0,96.8,7,1,0,268,0,107,269,0,0,0,0,0,0,269,37,125,1,9,19,1,9,7,0,65,36,9.3
Zane Williams,183368,LB,NC STATE,5,1,0,100.0,0,0,248,0,0,47.3,56.3,73.6,58.4,66.8,83.3,0,1,0,0,14.0,0.0,0,0,1,118.8,1,0,0,36,0,15,41,1,0,0,1,0,0,40,3,23,4,3,8,2,1,1,0,14,8,14.0
Caden Brown,183371,ED,SYRACUSE,2,0,0,,0,0,304,0,0,,53.8,71.4,53.7,60.0,,0,1,0,0,,,0,0,0,0.0,0,0,0,0,0,0,9,8,0,0,7,1,0,1,7,2,0,0,0,0,0,1,0,0,0,
Ta'Ron Haile,183373,S,SYRACUSE,5,1,0,25.0,0,0,304,0,0,54.4,57.8,77.3,58.9,63.8,78.9,0,0,0,0,17.0,0.0,0,0,0,44.8,1,0,0,17,0,19,46,3,0,0,3,0,22,43,2,25,4,0,1,0,4,0,0,17,1,17.0
Jahide Lesaine Jr.,183375,ED,SYRACUSE,3,0,0,,0,0,304,1,0,60.6,48.4,77.0,55.3,42.4,73.6,0,0,0,0,,0.0,0,0,0,0.0,0,0,0,0,0,1,49,48,0,5,30,13,0,1,31,17,0,1,2,0,0,0,0,0,0,
Braheem Long Jr.,183376,S,SYRACUSE,12,9,0,68.4,0,0,304,0,0,63.1,61.1,36.7,81.9,52.5,52.7,0,2,0,1,19.0,22.0,13,2,1,87.0,13,2,0,104,5,279,479,6,0,0,6,0,305,473,6,194,59,13,37,0,19,4,1,147,96,11.3
Maraad Watson,183380,DI,TEXAS,11,8,0,,0,0,311,0,0,60.2,59.0,54.8,63.6,56.0,72.7,3,4,0,0,,5.0,1,0,1,0.0,0,0,0,0,0,0,298,298,44,218,2,34,0,0,157,141,0,8,11,0,0,7,0,0,0,
Devin Cook,183383,CB,WAKE,4,0,0,40.0,0,0,339,0,0,42.1,46.1,73.6,,69.3,77.1,0,0,0,0,17.0,0.0,0,0,0,52.1,2,0,0,1,25,18,27,0,0,0,0,0,0,27,0,9,0,1,2,1,5,0,0,20,6,10.0
Ameir Glenn,183385,DI,BALL ST,12,4,0,,0,0,117,0,0,62.4,58.3,50.8,67.6,51.2,52.3,2,6,0,0,,18.2,2,0,1,0.0,0,1,0,0,0,0,260,260,46,211,0,3,0,0,126,134,0,6,5,1,0,9,0,0,0,
Camden Hardy,183386,ED,WAKE,5,0,0,,0,0,339,0,0,60.0,63.1,78.4,69.3,52.4,,0,2,0,0,,,0,0,0,0.0,0,0,0,0,0,1,39,39,0,0,39,0,0,0,22,16,0,0,0,0,0,2,0,0,0,
Darius Jones,183391,LB,WAKE,2,0,0,100.0,0,0,339,0,0,42.6,46.2,71.2,,63.0,75.8,0,0,0,0,7.0,0.0,0,0,0,95.8,1,0,0,17,0,13,20,0,0,0,0,0,0,20,0,7,3,2,2,0,1,0,0,7,9,7.0
Sam Neely III,183394,CB,STANFORD,2,0,0,50.0,0,0,300,0,0,60.3,61.8,77.1,,65.7,29.2,0,0,0,0,31.0,50.0,2,2,0,78.5,3,0,0,1,41,24,44,0,0,0,0,0,0,44,0,20,1,0,2,0,6,0,0,50,10,16.7
Myles Turpin,183398,S,WAKE,10,1,0,50.0,0,0,339,0,0,72.7,68.2,79.9,,57.1,74.0,0,0,0,0,7.0,11.8,2,0,0,56.3,2,0,0,25,1,61,124,0,0,0,0,0,81,124,0,63,16,7,14,0,4,0,0,11,8,5.5
Gabriel Birnbaum,183399,DI,FAU,1,0,0,,0,0,165,0,0,,60.6,64.4,,60.0,,0,0,0,0,,,0,0,0,0.0,0,0,0,0,0,0,1,1,0,1,0,0,0,0,0,1,0,0,0,0,0,0,0,0,0,
Kyle Boylston,183400,S,FAU,2,0,0,,0,0,165,0,0,66.1,60.8,73.6,,51.7,28.9,0,0,0,0,,50.0,1,0,0,0.0,0,0,0,10,0,12,28,0,0,0,0,0,15,28,0,16,3,1,1,0,0,0,0,0,0,
Cameron Goggins,183403,CB,FAU,2,0,0,0.0,0,0,165,0,0,81.7,81.1,72.5,,61.9,,0,0,0,0,,,0,1,0,39.6,0,0,0,1,16,7,17,0,0,0,0,0,0,17,0,10,0,0,0,0,3,0,0,0,0,
CJ Heard,183405,S,VANDERBILT,12,5,1,91.7,1,0,333,1,0,62.4,68.2,89.8,75.5,71.0,57.9,3,6,0,1,62.0,18.9,14,0,3,133.9,22,1,0,116,1,349,631,40,0,0,40,0,420,591,37,245,54,23,55,2,24,10,3,259,210,11.8
Chisom Ifeanyi,183407,ED,WYOMING,10,3,0,0.0,1,1,351,1,0,48.3,66.7,31.6,67.2,71.4,59.6,2,9,0,0,,10.5,2,0,2,39.6,0,3,0,0,0,11,297,297,1,17,242,37,0,0,133,153,0,10,14,1,1,14,0,0,0,
Lawrence Johnson,183409,CB,FAU,6,2,0,28.6,0,0,165,0,0,78.2,78.7,80.2,,73.3,84.4,0,0,0,0,7.0,0.0,0,2,1,39.6,2,0,0,14,161,102,179,1,0,0,1,0,0,178,0,77,3,2,7,1,7,0,0,5,0,2.5
Jarvis Johnson,183410,LB,FAU,4,1,0,100.0,0,0,165,0,0,56.8,58.7,70.1,,63.0,82.1,0,0,0,0,19.0,0.0,0,0,0,105.6,3,0,0,11,0,7,14,0,0,0,0,0,0,14,0,7,3,3,4,0,3,0,0,28,27,9.3
Char'Quez Lee,183411,ED,FAU,4,0,0,,0,0,165,0,0,60.0,69.7,73.8,60.0,68.0,73.0,0,0,0,0,,0.0,0,0,0,0.0,0,0,0,4,0,1,10,6,0,0,6,0,0,4,1,8,0,1,1,1,0,0,0,0,0,
Gavench Marcelin,183412,ED,FAU,12,11,1,83.3,0,0,165,1,0,56.1,62.3,70.2,59.7,65.1,64.9,2,5,0,0,16.0,10.3,4,0,1,101.4,5,1,0,17,2,70,482,447,0,3,411,33,1,35,135,277,15,19,24,0,6,8,0,50,28,10.0
August Salvati,183418,ED,S DIEGO ST,11,1,0,,0,0,284,0,0,64.0,67.0,26.9,66.3,65.7,78.2,1,9,0,1,,0.0,0,0,1,0.0,0,4,0,0,0,8,118,118,0,3,111,4,0,0,92,18,0,5,2,0,0,14,0,0,0,
Thomas Sledge,183420,ED,FAU,1,0,0,,0,0,165,0,0,,60.0,68.5,,60.0,,0,0,0,0,,,0,0,0,0.0,0,0,0,0,0,0,2,2,0,0,2,0,0,0,0,2,0,0,0,0,0,0,0,0,0,
Mike Wright III,183425,S,FAU,7,3,0,100.0,0,0,165,0,0,34.5,53.8,78.5,,86.9,51.6,0,0,0,0,65.0,7.7,1,0,0,158.3,4,0,0,19,0,32,70,1,0,0,1,0,43,69,0,38,7,4,9,0,4,0,3,142,69,35.5
Jayden Lewis,183429,CB,TULANE,3,0,0,50.0,0,0,319,0,0,67.2,67.6,74.6,,62.1,74.2,0,0,0,0,6.0,0.0,0,0,0,56.3,1,0,0,2,27,18,30,1,0,0,1,0,0,29,0,12,0,1,1,0,2,0,0,6,0,6.0
Chenellson Exume,183437,DI,FAU,1,0,0,,0,0,165,0,0,,60.4,66.6,60.0,60.0,,0,0,0,0,,,0,0,0,0.0,0,0,0,0,0,0,2,2,0,2,0,0,0,0,1,1,0,0,0,0,0,0,0,0,0,
Zavier Hamilton,183439,LB,USF,10,10,0,84.6,0,0,327,0,0,56.3,64.1,80.0,69.0,67.7,36.7,0,2,0,0,55.0,20.9,9,0,0,144.2,11,0,0,159,0,85,193,13,0,0,13,0,0,180,25,83,21,13,24,4,13,2,1,162,165,14.7
Rodney Hill,183440,LB,USF,11,1,0,85.7,0,0,327,0,0,58.8,73.0,80.0,82.1,75.4,66.2,0,4,0,0,12.0,11.1,2,0,0,85.7,6,0,0,126,0,65,141,0,0,0,0,0,0,141,23,53,14,7,15,1,7,4,0,32,22,5.3
Ashton Mosley,183445,ED,USF,9,5,0,50.0,0,0,327,0,0,69.8,75.7,80.8,73.1,68.6,81.0,0,4,0,0,5.0,0.0,0,0,0,56.3,1,0,0,6,0,16,64,58,0,0,58,0,0,6,26,22,0,1,3,0,2,4,0,5,1,5.0
Joshua Porter,183447,WR,USF,1,0,0,,0,0,327,0,0,,60.0,60.0,,60.0,,0,0,0,0,,,0,0,0,0.0,0,0,0,0,0,0,1,0,0,0,0,0,0,1,0,1,0,0,0,0,0,0,0,0,0,
David Adedoyin,183451,ED,UTSA,2,0,0,,0,0,331,0,0,60.0,65.3,74.4,58.4,64.3,,0,0,0,0,,,0,0,0,0.0,0,0,0,0,0,1,11,11,0,0,11,0,0,0,4,6,0,0,0,0,0,0,0,0,0,
Errionn Brow,183452,CB,UTSA,2,0,0,,0,0,331,0,0,62.6,63.5,70.1,,60.1,,0,0,0,0,,,0,0,0,0.0,0,0,0,1,8,4,9,0,0,0,0,0,0,9,0,5,0,0,0,0,0,0,0,0,0,
Matthew Lambert,183461,ED,UTSA,2,0,0,100.0,0,0,331,0,0,68.3,76.3,74.5,64.7,60.0,75.1,0,0,0,0,2.0,0.0,0,0,0,79.2,1,0,0,0,0,1,9,6,0,0,6,0,0,3,4,4,3,1,1,0,1,0,0,2,1,2.0
Fred Lewis,183462,LB,UTSA,2,0,0,,0,0,331,0,0,82.5,83.6,70.7,60.0,63.1,77.7,0,1,0,0,,0.0,0,0,0,0.0,0,0,0,10,0,4,11,1,0,0,1,0,0,10,1,6,0,2,3,1,0,1,0,0,0,
Alan Pruneda,183465,S,UTSA,1,0,0,,0,0,331,0,0,,60.0,63.8,,60.0,,0,0,0,0,,,0,0,0,0.0,0,0,0,0,1,0,1,0,0,0,0,0,0,1,0,1,0,0,0,0,0,0,0,0,0,
Myles Cook,183485,DI,UAB,5,2,0,,0,0,321,0,0,59.9,48.0,75.4,54.5,53.7,74.3,0,1,0,0,,0.0,0,0,0,0.0,0,0,0,0,0,0,40,40,1,26,5,8,0,0,11,29,0,1,1,0,0,1,0,0,0,
Tylan McNichols,183489,LB,UAB,10,11,0,75.0,0,0,321,1,0,47.4,48.1,81.1,59.7,49.5,51.3,0,1,0,0,26.0,20.5,9,0,0,119.5,12,0,0,307,2,150,353,8,0,0,8,0,1,345,21,182,35,12,24,1,16,1,1,131,96,10.9
Kyle Mosley,183490,DI,UAB,11,2,0,,0,0,321,0,0,65.8,64.5,80.8,70.7,55.0,54.4,0,2,0,0,,16.7,2,0,0,0.0,0,1,0,0,0,0,159,159,35,124,0,0,0,0,58,101,0,5,8,0,0,3,0,0,0,
Eddy Toussom,183495,LB,UAB,11,10,0,90.0,0,1,321,0,0,66.6,69.2,86.5,78.8,63.1,62.6,1,5,0,0,41.0,14.9,7,0,0,98.8,9,2,0,181,3,95,284,86,0,0,86,0,0,198,23,166,14,17,30,4,10,8,0,77,72,8.6
Joe Barna,183498,ED,ILLINOIS,12,7,1,75.0,0,0,187,0,0,48.7,68.3,87.6,67.6,70.2,46.6,4,7,0,0,20.0,21.7,5,0,0,104.2,3,2,0,3,0,16,300,293,6,14,251,22,0,7,148,136,4,10,11,0,4,13,0,38,35,12.7
Daniel Brown,183500,ED,ILLINOIS,8,5,0,100.0,0,0,187,0,0,53.0,59.4,7.2,67.8,56.4,59.3,2,9,0,0,19.0,12.5,1,0,2,116.7,3,0,0,10,0,17,178,159,0,0,159,0,0,19,108,53,9,0,2,0,3,11,0,36,14,12.0
Chase Canada,183501,CB,N TEXAS,7,0,0,75.0,0,0,251,0,0,68.0,68.1,76.7,57.6,66.0,39.0,0,0,0,0,12.0,50.0,2,0,0,91.7,3,0,0,9,68,42,79,0,0,0,0,0,0,79,2,35,1,1,2,0,4,0,0,26,1,8.7
Tanner Heckel,183504,CB,ILLINOIS,12,4,0,68.3,0,1,187,0,0,61.6,65.7,87.7,78.0,72.4,43.8,1,2,0,1,39.0,24.4,10,2,0,117.1,28,1,0,51,21,296,479,1,0,0,1,0,82,478,12,171,324,7,27,2,41,4,5,282,159,10.1
Demetrius John,183506,DI,ILLINOIS,6,0,0,,0,0,187,0,0,,60.3,74.1,58.2,61.8,,0,1,0,0,,,0,0,0,0.0,0,0,0,2,0,0,20,18,4,8,1,5,0,2,15,5,0,0,0,0,0,1,0,0,0,
Angelo McCullom,183507,DI,ILLINOIS,12,9,1,,0,0,187,0,0,72.3,68.4,57.7,59.8,70.3,72.6,0,5,0,0,,9.1,2,0,1,0.0,0,2,0,0,0,0,280,280,217,60,0,3,0,0,150,130,0,11,11,1,0,7,0,0,0,
Lloyd Irvin III,183527,CB,MARYLAND,1,0,0,,0,0,215,0,0,,60.3,68.2,,60.0,,0,0,0,0,,,0,0,0,0.0,0,0,0,0,4,0,4,0,0,0,0,0,0,4,0,4,0,0,0,0,0,0,0,0,0,
Brandon Jacob Jr.,183528,S,UTSA,3,0,0,,0,0,331,0,0,63.9,68.0,72.7,,65.2,74.8,0,0,0,0,,0.0,0,0,0,0.0,0,0,0,11,0,9,19,0,0,0,0,0,7,19,0,10,1,1,1,0,0,0,0,0,0,
Braydon Lee,183530,CB,MARYLAND,11,5,0,60.0,0,0,215,0,0,64.8,64.3,82.9,,58.8,87.5,0,0,0,1,38.0,0.0,0,1,3,65.0,12,0,0,10,256,142,282,3,0,0,3,0,2,279,0,140,10,3,13,0,20,0,0,162,30,13.5
Mekhai White,183533,CB,MARYLAND,2,0,0,,0,0,215,0,0,60.0,61.8,71.1,,60.0,,0,0,0,0,,,0,0,0,0.0,0,0,0,0,0,1,2,0,0,0,0,0,1,2,0,1,0,0,0,0,0,0,0,0,0,
Dorian Davis,183535,CB,MICH STATE,1,0,0,66.7,0,0,223,0,0,56.0,55.7,70.0,,,76.2,0,0,0,0,12.0,0.0,0,0,0,70.1,2,0,0,0,7,7,7,0,0,0,0,0,0,7,0,0,0,1,2,1,3,0,0,9,1,4.5
Justin Denson Jr.,183536,S,MICH STATE,3,1,0,100.0,0,0,223,0,0,62.6,58.7,75.5,,47.3,78.3,0,0,0,0,5.0,0.0,0,0,0,87.5,1,0,0,11,0,38,45,0,0,0,0,0,27,45,0,7,7,0,1,0,1,0,0,5,3,5.0
Brady Pretzlaff,183543,LB,MICH STATE,3,2,0,62.5,0,0,223,0,0,42.9,51.0,73.6,54.6,78.8,80.8,0,1,0,0,19.0,0.0,0,0,0,119.3,5,0,0,24,0,19,29,2,0,0,2,0,0,27,3,7,3,2,4,1,8,1,1,49,33,9.8
Jacory Barney Jr.,183547,WR,NEBRASKA,2,0,0,,0,0,238,0,0,,62.6,60.0,,62.6,70.3,0,0,0,0,,0.0,0,0,0,0.0,0,0,0,0,0,0,2,0,0,0,0,0,0,2,0,2,0,0,1,0,0,0,0,0,0,
Caleb Benning,183549,S,NEBRASKA,4,2,0,100.0,0,0,238,0,0,74.4,70.1,77.2,,60.2,82.8,0,0,0,0,7.0,0.0,0,0,0,81.3,2,0,0,19,0,22,58,0,0,0,0,0,30,58,0,36,8,1,3,0,2,0,0,7,3,3.5
Mario Buford,183551,CB,NEBRASKA,1,0,0,,0,0,238,0,0,,61.5,70.0,,60.0,,0,0,0,0,,,0,0,0,0.0,0,0,0,1,0,0,4,0,0,0,0,0,0,4,0,4,3,0,0,0,0,0,0,0,0,
Landen Davidson,183554,DI,NEBRASKA,2,1,0,,0,0,238,0,0,,49.5,70.4,59.9,51.3,72.4,0,0,0,0,,0.0,0,0,0,0.0,0,0,0,0,0,0,8,8,0,8,0,0,0,0,1,7,0,1,1,0,0,0,0,0,0,
Ethan Duda,183556,ED,NEBRASKA,2,0,0,,0,0,238,0,0,,82.2,71.0,59.5,70.9,72.2,0,0,0,0,,0.0,0,0,0,0.0,0,0,0,0,0,0,4,4,0,0,4,0,0,0,1,3,0,1,1,0,0,0,0,0,0,
Roger Gradney,183560,S,NEBRASKA,2,0,0,,0,0,238,0,0,60.0,64.4,64.8,,62.0,73.1,0,0,0,0,,0.0,0,0,0,0.0,0,0,0,4,0,1,4,0,0,0,0,0,0,4,0,3,0,1,1,0,0,0,0,0,0,
Rex Guthrie,183561,S,NEBRASKA,12,23,0,75.0,0,0,238,0,0,54.8,61.8,85.8,62.7,70.6,81.4,1,0,0,0,43.0,9.1,7,1,1,124.1,21,0,0,227,2,245,502,19,0,0,19,0,182,483,5,252,71,19,47,3,28,1,2,240,67,11.4
Donovan Jones,183564,CB,NEBRASKA,12,11,0,69.7,0,0,238,0,0,72.6,72.8,84.6,57.9,71.9,62.2,0,1,0,1,50.0,15.3,9,4,2,102.3,23,0,0,102,452,289,600,18,0,0,18,0,3,582,13,298,24,16,39,0,33,1,2,274,162,11.9
Willis McGahee IV,183570,ED,NEBRASKA,4,2,0,,0,0,238,0,0,60.4,66.8,81.4,68.4,61.4,62.0,0,1,0,0,,16.7,1,0,0,0.0,0,0,0,2,0,2,67,65,0,0,65,0,0,2,31,34,0,2,3,2,0,1,0,0,0,
Isaiah McMorris,183571,WR,MO STATE,1,0,0,,0,0,230,0,0,,60.0,60.0,60.0,,,0,0,0,0,,,0,0,0,0.0,0,0,0,0,0,0,1,0,0,0,0,0,0,1,1,0,0,0,0,0,0,0,0,0,0,
Ashton Murphy,183572,DI,NEBRASKA,3,0,0,,0,0,238,0,0,,59.1,0.0,66.0,64.6,73.4,0,0,0,0,,0.0,0,0,1,0.0,0,1,0,0,0,0,17,17,4,13,0,0,0,0,6,11,0,2,2,0,0,1,0,0,0,
Jordan Ochoa,183574,ED,NEBRASKA,3,0,0,,0,0,238,0,0,,29.0,77.2,62.6,25.4,73.0,0,0,0,0,,,0,0,0,0.0,0,1,0,0,0,0,23,23,0,0,23,0,0,0,10,13,0,1,0,0,0,1,0,0,0,
Preston Okafor,183575,CB,NEBRASKA,1,0,0,,0,0,238,0,0,,60.0,63.5,,60.0,,0,0,0,0,,,0,0,0,0.0,0,0,0,0,1,0,1,0,0,0,0,0,0,1,0,1,0,0,0,0,0,0,0,0,0,
Kahmir Prescott,183578,CB,NEBRASKA,2,0,0,100.0,0,0,238,1,0,54.3,55.7,72.9,,61.2,77.9,0,0,0,0,9.0,0.0,0,0,0,104.2,1,0,0,2,10,4,14,1,0,0,1,0,1,13,0,10,0,0,2,0,1,0,0,9,0,9.0
Braylen Prude,183579,S,NEBRASKA,2,0,0,,0,0,238,0,0,,60.6,63.7,,60.0,,0,0,0,0,,,0,0,0,0.0,0,0,0,2,0,0,4,0,0,0,0,0,1,4,0,4,0,0,0,0,0,0,0,0,0,
Amare Sanders,183583,CB,NEBRASKA,2,0,0,,0,0,238,0,0,65.4,68.6,74.4,,69.2,73.1,0,0,0,0,,0.0,0,0,0,0.0,0,0,0,4,25,10,30,1,0,0,1,0,0,29,0,20,0,1,1,0,0,0,0,0,0,
Connor Schutt,183584,WR,NEBRASKA,1,0,0,,0,0,238,0,0,,60.0,66.0,,60.0,,0,0,0,0,,,0,0,0,0.0,0,0,0,0,0,0,1,1,0,0,1,0,0,0,0,1,0,0,0,0,0,0,0,0,0,
Vincent Shavers Jr.,183585,LB,NEBRASKA,12,15,0,72.2,0,1,238,0,0,65.1,70.1,85.3,62.1,71.3,66.3,1,6,0,0,31.0,12.9,9,0,1,89.6,13,0,0,391,3,170,480,52,0,0,52,0,1,428,56,254,32,22,46,6,18,7,0,118,46,9.1
Larry Tarver Jr.,183588,CB,NEBRASKA,2,1,0,,0,0,238,0,0,64.6,70.0,72.6,,72.2,74.2,0,0,0,0,,0.0,0,0,0,0.0,0,0,0,1,18,7,19,0,0,0,0,0,0,19,0,12,0,0,0,0,0,0,0,0,0,
Derek Wacker,183592,LB,NEBRASKA,3,0,0,,0,1,238,0,0,60.4,89.7,64.4,,90.5,73.6,0,0,0,0,,0.0,0,0,0,0.0,0,0,0,3,0,2,4,0,0,0,0,0,0,4,0,2,0,1,1,0,0,0,0,0,0,
Liam Andrews,183595,DI,PENN STATE,4,1,0,,0,0,266,0,0,60.0,62.7,73.6,54.9,67.1,70.2,0,1,0,0,,0.0,0,0,0,0.0,0,0,0,1,0,1,17,16,2,14,0,0,0,1,13,3,0,0,0,0,0,1,0,0,0,
Antoine Belgrave-Shorter,183596,S,PENN STATE,8,5,0,66.7,0,0,266,0,0,41.3,51.3,80.6,65.7,65.1,70.4,0,1,0,0,27.0,11.1,2,0,0,99.3,4,0,0,54,0,58,144,7,0,0,7,0,68,137,4,82,15,1,11,0,6,1,0,60,15,15.0
De'Andre Cook,183599,DI,PENN STATE,3,0,0,,0,0,266,0,0,,56.1,71.0,55.3,60.0,,0,0,0,0,,,0,0,0,0.0,0,0,0,0,0,0,9,9,0,8,0,1,0,0,8,1,0,0,0,0,0,0,0,0,0,
Xavier Gilliam,183605,DI,PENN STATE,12,2,0,,0,1,266,0,0,85.1,61.5,84.0,62.3,52.1,53.7,1,10,0,0,,12.5,2,0,0,0.0,0,1,0,3,0,1,379,375,54,292,4,25,0,4,179,199,0,11,12,2,0,12,0,0,0,
Jaylen Harvey,183607,ED,PENN STATE,10,1,0,100.0,0,0,266,0,0,63.0,59.8,82.8,62.4,53.2,63.5,0,8,0,0,4.0,16.7,1,0,0,83.3,1,0,0,0,0,7,144,143,0,1,137,5,0,1,82,55,1,3,4,1,1,8,0,4,3,4.0
Jon Mitchell,183610,CB,GA TECH,6,0,0,100.0,0,0,176,0,0,67.2,68.3,77.9,51.8,75.3,71.2,0,1,0,0,11.0,12.5,1,0,0,112.5,1,0,0,10,88,48,101,1,0,0,1,0,0,100,7,46,2,4,7,0,1,1,0,11,0,11.0
Vaboue Toure,183613,S,PENN STATE,4,0,0,50.0,0,0,266,0,0,48.7,53.5,77.5,59.6,70.0,71.9,0,0,0,0,14.0,14.3,1,0,0,106.3,2,0,0,12,0,41,59,0,0,0,0,0,39,59,1,17,8,2,6,0,4,0,1,22,4,11.0
Jide Abasiri,183614,DI,USC,12,11,0,,0,0,326,0,0,58.6,65.4,38.7,63.3,68.1,80.3,0,9,0,0,,3.3,1,0,2,0.0,0,5,0,1,0,6,393,392,11,243,38,100,0,1,189,198,0,15,18,0,0,14,0,0,0,
Jarvis Boatwright Jr.,183615,S,FLORIDA ST,2,1,0,,0,0,167,0,0,62.6,64.9,72.6,,64.4,76.4,0,0,0,0,,0.0,0,0,0,0.0,0,0,0,4,0,4,14,0,0,0,0,0,4,14,0,10,6,0,0,0,0,0,0,0,0,
Lorenzo Cowan,183616,ED,KENTUCKY,9,1,0,50.0,0,2,202,0,0,56.8,64.5,84.8,66.6,63.6,52.0,1,4,0,0,14.0,23.1,3,0,0,61.5,2,1,0,19,0,28,165,135,0,0,134,1,0,30,59,78,11,7,9,4,4,6,0,17,1,8.5
Kameryn Crawford,183618,ED,USC,12,3,0,75.0,2,0,326,1,0,62.5,66.2,23.8,68.4,66.2,73.6,2,11,0,0,5.0,6.9,2,0,4,116.7,3,5,0,11,0,39,531,520,0,11,484,25,0,11,251,241,0,22,24,5,4,18,2,10,4,3.3
Marquis Gallegos,183619,S,USC,3,2,0,33.3,0,0,326,0,0,68.8,72.1,76.0,60.0,74.7,84.0,0,0,0,0,-3.0,0.0,0,0,0,42.4,1,0,0,9,0,27,41,0,0,0,0,0,16,41,1,13,16,2,4,2,3,0,0,-3,0,-3.0
Elijah Newby,183624,LB,USC,2,0,0,100.0,0,0,326,0,0,71.8,74.7,75.4,55.5,73.0,79.0,0,0,0,0,4.0,0.0,0,0,0,83.3,1,0,0,18,0,16,24,4,0,0,4,0,0,20,3,5,2,2,4,0,1,0,0,4,3,4.0
Brandon Shepherd,183627,S,USC,1,0,0,,0,0,326,0,0,,60.0,62.8,,60.0,,0,0,0,0,,,0,0,0,0.0,0,0,0,1,0,0,1,0,0,0,0,0,0,1,0,1,0,0,0,0,0,0,0,0,0,
Desman Stephens II,183628,LB,USC,12,18,0,77.8,0,1,326,0,0,69.7,60.1,55.0,59.9,53.4,78.3,2,1,0,0,24.0,9.3,9,1,1,95.2,21,0,0,595,1,300,653,27,1,0,26,0,2,626,47,306,28,37,70,1,27,3,0,185,188,8.8
Marcelles Williams,183631,CB,USC,12,9,0,63.4,1,0,326,0,0,62.9,63.3,42.1,,66.4,63.6,0,0,0,0,44.0,14.6,7,4,4,98.2,26,0,0,31,549,305,589,1,0,0,1,0,1,588,0,284,7,7,32,0,41,0,1,346,155,13.3
Bryce Butler,183633,DI,WASHINGTON,12,5,0,,0,0,340,1,0,60.0,74.0,83.5,61.2,80.3,65.4,3,9,0,0,,9.5,2,0,0,0.0,0,2,0,0,0,0,305,304,60,226,1,17,0,1,186,119,0,13,14,1,0,14,0,0,0,
Rahshawn Clark,183634,CB,WASHINGTON,11,3,0,58.3,0,1,340,0,0,73.4,74.8,86.3,65.1,74.4,86.4,1,4,0,1,26.0,0.0,0,2,2,70.1,14,1,0,33,14,208,341,2,0,0,2,0,49,339,11,122,241,7,14,0,24,6,1,132,62,9.4
Khmori House,183638,LB,N CAROLINA,12,22,0,82.8,0,1,245,0,0,51.1,53.0,19.2,56.6,57.4,69.2,3,14,0,1,35.0,11.3,11,0,3,101.1,24,1,0,566,10,356,777,129,0,1,128,0,16,648,73,348,53,24,64,2,29,18,2,180,151,7.5
Elias Johnson,183640,CB,WASHINGTON,1,0,0,,0,0,340,0,0,,60.0,65.6,,60.0,,0,0,0,0,,,0,0,0,0.0,0,0,0,0,1,0,1,0,0,0,0,0,0,1,0,1,0,0,0,0,0,0,0,0,0,
Omar Khan,183641,DI,WASHINGTON,1,1,0,,0,0,340,0,0,,63.3,68.6,59.4,62.3,70.8,0,0,0,0,,0.0,0,0,0,0.0,0,0,0,0,0,0,4,4,0,3,0,1,0,0,2,2,0,0,0,0,0,0,0,0,0,
Paul Mencke Jr.,183643,S,WASHINGTON,1,0,0,,0,0,340,0,0,,60.0,60.0,60.0,,,0,0,0,0,,,0,0,0,0.0,0,0,0,0,0,0,1,0,0,0,0,0,0,1,1,0,0,0,0,0,0,0,0,0,0,
Peyton Waters,183646,S,N CAROLINA,4,1,0,,0,0,245,0,0,67.9,69.3,73.8,,66.2,83.2,0,0,0,0,,0.0,0,0,0,0.0,0,0,0,5,0,21,30,0,0,0,0,0,23,30,0,9,2,1,3,0,0,0,0,0,0,
Omillio Agard,183650,CB,WISCONSIN,10,3,0,62.5,1,0,349,0,0,65.7,63.6,82.4,72.9,50.2,54.2,0,0,0,1,43.0,18.5,5,2,2,93.9,15,1,0,36,255,163,304,10,0,0,10,0,0,294,2,139,3,7,19,0,24,1,2,169,78,11.3
Raphael Dunn,183655,CB,WISCONSIN,2,0,0,,0,0,349,0,0,63.0,62.6,68.7,60.0,60.0,,0,0,0,0,,,0,0,0,0.0,0,0,0,2,0,6,10,0,0,0,0,0,0,10,1,3,7,0,0,0,0,0,0,0,0,
Jay Harper,183658,CB,LA MONROE,7,1,0,50.0,0,0,209,0,0,49.7,48.8,78.7,59.3,48.1,52.7,0,0,0,0,53.0,25.0,1,0,2,129.9,3,0,0,13,97,49,117,2,0,0,2,0,2,115,1,67,3,0,2,0,6,0,1,67,25,22.3
Thomas Heiberger,183659,LB,WISCONSIN,8,3,0,75.0,0,0,349,0,0,61.9,65.5,81.3,73.2,64.7,41.6,1,1,0,0,12.0,18.2,2,0,0,81.8,6,0,0,48,0,41,95,5,0,0,5,0,0,90,5,49,40,3,6,0,8,2,0,33,32,5.5
Dillan Johnson,183663,DI,WISCONSIN,12,0,0,,0,0,349,0,0,,61.1,77.7,57.3,62.4,72.4,0,1,0,0,,0.0,0,0,0,0.0,0,0,0,0,0,0,71,71,8,62,0,1,0,0,35,36,0,1,2,0,0,1,0,0,0,
Anelu Lafaele,183665,ED,MICH STATE,5,1,0,,0,1,223,0,0,57.9,67.7,81.9,70.0,60.1,51.2,2,3,0,0,,25.0,2,0,0,0.0,0,2,0,2,0,10,68,66,0,0,65,1,0,2,50,8,0,5,5,0,0,7,0,0,0,
Xavier Lucas,183666,CB,MIAMI FL,13,12,0,57.8,0,1,220,0,0,78.0,76.1,85.5,53.1,62.3,64.7,1,0,0,1,20.0,13.3,6,4,1,64.3,26,0,0,35,424,335,523,7,0,0,7,0,3,516,8,180,53,10,27,0,45,1,0,252,130,9.7
Mario Landino,183678,DI,INDIANA,12,5,2,0.0,0,0,190,0,0,60.6,71.0,84.6,71.0,65.7,63.2,6,15,0,0,,10.5,2,0,0,39.6,0,6,0,0,0,3,372,371,59,247,27,38,0,1,219,150,0,12,12,1,1,27,0,0,0,
Daniel Ndukwe,183680,ED,INDIANA,6,4,0,33.3,0,0,190,0,0,54.4,64.8,81.7,72.2,65.5,65.9,1,4,0,0,10.0,0.0,0,0,1,43.8,1,0,0,2,0,23,89,87,0,2,83,2,0,2,25,41,0,3,3,1,3,5,0,10,14,10.0
Jeremiah Beasley,183682,LB,MISSOURI,5,2,0,50.0,0,1,229,0,0,90.6,83.8,74.3,56.4,64.7,83.4,0,0,0,0,7.0,0.0,0,0,0,58.3,1,0,0,58,0,32,65,0,0,0,0,0,0,65,2,31,6,4,8,0,2,0,0,7,5,7.0
Dom Nichols,183687,ED,MICHIGAN,11,4,0,100.0,0,0,222,0,0,66.3,75.1,86.2,69.2,74.7,84.9,2,6,0,0,6.0,0.0,0,0,0,91.7,1,1,0,2,0,20,167,156,0,0,156,0,0,11,78,69,9,8,12,3,1,9,0,6,6,6.0
Jacob Oden,183688,S,MICHIGAN,5,0,0,50.0,0,0,222,0,0,52.9,54.4,77.0,59.3,61.6,79.6,0,0,0,1,31.0,0.0,0,1,0,42.7,2,0,0,5,0,34,44,3,0,0,3,0,31,41,1,9,5,0,2,0,4,0,0,37,13,18.5
Cole Sullivan,183691,LB,MICHIGAN,10,8,0,87.0,1,0,222,0,0,49.6,61.7,25.4,67.8,72.2,71.1,0,1,0,3,27.0,14.6,6,0,1,61.5,20,2,0,229,1,126,281,26,0,0,26,0,0,255,31,124,25,15,27,3,23,3,0,190,169,9.5
Callen Campbell,183692,ED,NWESTERN,11,2,0,,0,0,256,0,0,60.7,52.3,82.2,58.2,45.8,26.5,2,5,0,0,,37.5,3,0,0,0.0,0,0,0,0,0,6,165,164,1,2,145,16,0,1,83,76,0,1,3,0,0,7,0,0,0,
Troy Regovich,183696,DI,NWESTERN,3,0,0,,0,0,256,0,0,,68.5,72.1,57.0,70.0,,0,0,0,0,,,0,0,0,0.0,0,0,0,0,0,0,14,14,0,14,0,0,0,0,7,7,0,0,0,0,0,0,0,0,0,
Eddrick Houston,183699,DI,OHIO STATE,11,4,0,,0,1,260,0,0,,59.4,0.0,67.3,61.2,52.8,1,2,0,0,,18.8,3,0,4,0.0,0,3,0,0,0,0,243,242,22,195,3,22,0,1,118,125,0,10,9,1,0,6,0,0,0,
Miles Lockhart,183701,CB,OHIO STATE,2,0,0,,0,0,260,0,0,61.8,62.4,67.9,,,,0,0,0,0,,,0,0,0,0.0,0,0,0,0,0,3,3,0,0,0,0,0,0,3,0,0,3,0,0,0,0,0,0,0,0,
Jaylen McClain,183702,S,OHIO STATE,12,8,0,60.0,0,0,260,0,0,74.8,75.3,88.7,57.1,74.3,82.7,0,0,0,0,14.0,8.3,4,2,0,66.8,15,0,0,135,5,332,586,10,0,0,10,0,379,576,8,246,54,9,36,0,25,0,0,88,82,5.9
Eric Mensah,183703,DI,OHIO STATE,1,1,0,,0,0,260,0,0,,79.5,72.8,64.2,73.6,72.2,0,1,0,0,,0.0,0,0,0,0.0,0,0,0,0,0,0,12,12,5,7,0,0,0,0,2,10,0,1,1,0,0,1,0,0,0,
Payton Pierce,183707,LB,OHIO STATE,12,15,0,88.9,0,0,260,0,0,74.9,77.1,81.2,50.5,76.3,86.2,0,0,0,1,22.0,4.3,2,0,0,63.2,8,0,0,227,1,98,247,6,0,0,6,0,0,241,13,136,12,14,30,2,9,0,0,78,47,9.8
Aaron Scott Jr.,183709,CB,OHIO STATE,8,1,0,66.7,0,0,260,0,0,69.4,64.8,0.0,59.7,59.3,81.3,0,0,0,0,7.0,0.0,0,1,1,109.7,4,0,0,11,82,41,106,3,0,0,3,0,0,103,1,64,9,1,5,1,6,0,1,11,6,2.8
Garrett Stover,183711,LB,OHIO STATE,5,2,0,0.0,0,0,260,0,0,41.7,40.4,71.9,,49.8,30.0,0,0,0,0,,33.3,2,0,0,39.6,0,0,0,21,0,5,23,1,0,0,1,0,0,22,0,18,0,1,2,0,1,0,0,0,0,
Bryce West,183712,CB,OHIO STATE,8,4,0,60.0,0,0,260,0,0,67.9,67.8,80.0,,66.0,72.2,0,0,0,0,7.0,8.3,1,0,0,64.6,3,0,0,5,23,33,91,0,0,0,0,0,4,91,0,58,58,2,7,0,5,0,0,13,20,4.3
Smiley Bradford,183716,CB,PURDUE,12,6,0,73.3,0,0,273,0,0,69.6,61.1,85.8,49.2,39.9,35.2,1,5,0,1,43.0,23.8,10,6,1,90.7,22,0,0,99,1,212,406,10,0,0,10,0,18,396,20,174,278,11,26,5,30,6,1,218,119,9.9
Demeco Kennedy,183720,DI,PURDUE,12,6,0,,0,0,273,0,0,60.0,55.2,43.9,55.4,57.0,61.0,1,12,0,0,,13.0,3,0,2,0.0,0,1,0,0,0,0,450,450,51,333,3,63,0,0,220,230,0,10,14,3,0,14,0,0,0,
Cyrus Durham,183728,ED,AKRON,12,5,1,100.0,0,0,102,2,0,64.8,64.7,16.9,70.1,62.3,62.7,7,18,0,0,4.0,15.2,5,0,6,83.3,1,3,0,4,0,32,699,693,0,58,548,87,0,6,336,331,1,22,23,5,1,28,0,4,0,4.0
Johno Price,183732,CB,ARIZONA,6,1,0,37.5,0,1,109,0,0,82.7,80.4,77.8,,60.4,60.6,0,0,0,0,12.0,14.3,1,2,0,45.8,3,0,0,2,76,44,80,0,0,0,0,0,0,80,0,36,2,2,5,1,8,0,0,16,2,5.3
Rodney Bimage Jr.,183737,CB,ARIZONA ST,9,1,0,41.7,1,0,110,0,0,73.0,73.7,0.0,69.0,74.9,51.8,1,0,0,0,9.0,21.4,3,0,2,77.1,5,0,0,10,161,107,177,3,0,0,3,0,1,174,2,68,2,6,10,1,12,1,1,22,11,4.4
Martell Hughes,183743,LB,ARIZONA ST,12,7,0,77.3,0,0,110,0,0,62.6,63.0,83.2,51.4,65.4,67.3,0,0,0,2,39.0,13.3,4,2,0,61.6,17,0,0,136,1,150,229,25,0,0,25,0,13,204,13,66,54,11,19,2,22,0,0,174,100,10.2
Kyan McDonald,183748,S,ARIZONA ST,5,5,0,33.3,0,0,110,0,0,67.8,68.8,77.1,,67.6,79.5,0,0,0,0,7.0,8.3,1,0,0,42.4,1,0,0,20,0,43,76,0,0,0,0,0,51,76,0,33,5,0,6,0,3,0,0,7,11,7.0
Tony-Louis Nkuba,183749,LB,ARIZONA ST,1,0,0,,0,0,110,0,0,60.2,60.8,65.0,,60.0,,0,0,0,0,,,0,0,0,0.0,0,0,0,4,0,2,4,0,0,0,0,0,0,4,0,2,0,0,0,0,0,0,0,0,0,
Albert Smith III,183752,ED,ARIZONA ST,3,0,1,,0,0,110,0,0,60.0,55.8,0.0,82.8,45.9,25.0,0,2,0,0,,100.0,1,0,2,0.0,0,1,0,0,0,1,21,21,0,0,21,0,0,0,15,5,0,1,0,0,0,3,0,0,0,
Ramar Williams,183756,DI,ARIZONA ST,11,2,1,,0,0,110,0,0,60.2,44.7,21.8,52.6,45.0,52.7,1,3,0,0,,16.7,1,0,1,0.0,0,0,0,0,0,2,121,121,1,95,4,21,0,0,69,50,0,2,3,0,0,4,0,0,0,
Therrian Alexander III,183757,CB,BYU,12,5,0,51.4,2,0,128,0,0,69.9,68.8,0.0,72.8,64.5,84.2,1,1,0,1,39.0,3.6,1,4,3,67.5,19,1,0,16,415,264,447,2,0,0,2,0,0,445,2,181,14,7,22,2,37,3,1,221,39,11.6
Ephraim Asiata,183758,LB,BYU,3,2,0,100.0,0,0,128,0,0,43.5,43.2,0.0,58.3,65.7,77.0,0,0,0,0,14.0,0.0,0,0,1,118.8,2,0,0,14,0,11,23,8,0,0,8,0,0,15,2,10,1,0,1,0,2,0,0,25,1,12.5
Orion Maile-Kaufusi,183777,ED,BYU,7,0,0,100.0,0,0,128,0,0,61.4,54.9,80.0,54.2,50.4,25.7,0,0,0,0,21.0,50.0,1,0,0,116.7,2,0,0,0,0,14,45,41,0,1,36,4,0,4,16,15,4,1,1,0,2,0,0,24,28,12.0
Viliami Po'uha,183779,ED,BYU,12,7,0,50.0,0,0,128,1,0,44.3,66.4,84.5,62.0,72.5,52.6,3,13,0,0,25.0,21.7,5,0,1,95.8,1,1,0,0,0,10,332,332,0,71,176,85,0,0,197,125,0,8,11,1,2,17,0,25,20,25.0
Tommy Prassas,183780,CB,BYU,4,3,0,66.7,0,0,128,0,0,64.0,64.9,83.3,63.8,63.9,59.3,1,0,0,0,26.0,20.0,2,0,0,93.4,8,0,0,12,1,81,135,1,0,0,1,0,6,134,3,51,115,2,5,0,12,1,0,103,23,12.9
Danny Saili,183781,DI,ARKANSAS,11,5,1,,1,0,111,0,0,61.0,68.6,56.5,55.8,74.5,33.2,1,7,0,0,,21.4,3,0,1,0.0,0,0,0,1,0,0,313,312,62,174,5,71,0,1,154,159,0,6,6,2,0,8,0,0,0,
John Taumoepeau,183783,DI,BYU,12,11,0,,0,0,128,1,0,60.8,73.1,66.3,59.4,79.9,60.1,0,15,0,0,,10.3,4,0,1,0.0,0,0,0,0,0,0,455,455,129,275,2,49,0,0,242,213,0,20,24,0,0,15,0,0,0,
Payton VanSteenkiste,183784,S,BYU,1,0,0,100.0,0,0,128,0,0,64.0,63.7,66.7,,60.0,74.8,0,0,0,0,5.0,0.0,0,0,0,87.5,1,0,0,1,0,2,3,0,0,0,0,0,2,3,0,1,0,0,1,0,1,0,0,5,0,5.0
Stanley Clyne,183788,CB,CINCINNATI,2,0,0,100.0,0,0,138,0,0,49.9,56.6,71.0,,68.2,73.1,0,0,0,0,3.0,0.0,0,0,0,79.2,1,0,0,13,0,2,15,0,0,0,0,0,0,15,0,13,2,1,1,0,1,0,0,3,4,3.0
Simeon Coleman,183790,LB,CINCINNATI,12,5,0,83.3,1,0,138,0,0,64.3,63.4,0.0,61.1,65.9,56.4,0,2,0,0,31.0,16.7,7,1,2,131.6,10,0,0,232,0,178,376,69,0,0,69,0,4,307,26,172,71,19,30,2,12,2,1,107,57,10.7
Willie Goodwyn,183793,S,CINCINNATI,1,0,0,,0,0,138,0,0,71.5,75.2,67.4,,61.0,73.5,0,0,0,0,,0.0,0,0,0,0.0,0,0,0,3,4,2,7,0,0,0,0,0,0,7,0,5,0,1,1,0,0,0,0,0,0,
Quan Sanks,183800,S,CINCINNATI,12,10,0,79.2,0,1,138,1,0,58.2,56.9,36.2,,55.8,74.1,0,0,0,0,44.0,12.5,7,3,4,154.7,19,0,0,242,1,297,506,0,0,0,0,0,207,506,0,209,56,10,39,2,24,0,3,279,116,14.7
Dakyus Brinkley,183804,ED,KANSAS,12,4,0,,0,0,198,0,0,63.1,74.9,38.9,71.3,76.7,71.4,1,5,0,0,,11.8,2,0,1,0.0,0,2,0,12,0,21,178,153,0,0,153,0,0,25,66,91,13,9,11,3,0,8,0,0,0,
Jalen Todd,183816,CB,KANSAS,11,11,0,67.7,0,1,198,0,0,71.3,70.7,86.0,86.3,60.3,63.4,1,1,0,0,24.0,16.4,9,5,2,94.0,21,2,0,113,267,318,611,8,0,0,8,0,19,603,7,286,204,14,35,0,31,4,1,184,100,8.8
Sterlin Brooks,183818,DI,TCU,3,1,0,,0,0,305,0,0,,64.6,76.0,58.0,65.0,73.1,0,0,0,0,,0.0,0,0,0,0.0,0,0,0,0,0,0,23,23,10,13,0,0,0,0,6,17,0,1,3,0,0,0,0,0,0,
Travis Jackson,183828,ED,TCU,4,1,0,,0,0,305,0,0,61.8,69.9,75.9,54.8,75.0,75.6,0,0,0,0,,0.0,0,0,0,0.0,0,0,0,5,0,3,23,17,0,1,14,2,0,6,8,12,1,1,1,0,0,0,0,0,0,
Tristan Johnson,183829,DI,TCU,12,7,0,,0,1,305,0,0,62.7,68.0,82.0,54.9,73.8,81.2,2,5,0,0,,6.7,1,0,0,0.0,0,2,0,0,0,0,288,288,4,171,11,102,0,0,155,133,0,8,7,0,0,9,0,0,0,
Julian Knox Sr.,183830,S,N TEXAS,5,0,0,50.0,0,0,251,0,0,66.9,65.7,72.5,,60.5,47.3,0,0,0,0,4.0,25.0,1,0,0,56.3,1,0,0,16,0,15,25,0,0,0,0,0,4,25,0,10,4,1,3,0,2,0,0,4,0,4.0
Kaden McFadden,183833,S,TCU,5,0,0,100.0,0,0,305,0,0,44.1,48.2,73.6,,60.6,74.3,0,0,0,0,39.0,0.0,0,0,0,118.8,1,0,0,6,0,4,12,0,0,0,0,0,5,12,0,8,0,0,1,0,1,0,0,39,0,39.0
Devondre McGee,183834,CB,TCU,3,1,0,80.0,0,0,305,0,0,51.1,53.2,75.8,,64.8,80.7,0,0,0,0,42.0,0.0,0,0,0,158.3,4,0,0,1,34,21,37,1,0,0,1,0,0,36,0,16,1,1,4,0,5,0,1,98,18,24.5
Jakob Gude,183848,S,UCF,1,1,0,,0,0,323,0,0,,50.0,70.1,,50.1,75.3,0,0,0,0,,0.0,0,0,0,0.0,0,0,0,3,0,0,7,0,0,0,0,0,2,7,0,7,2,0,0,0,0,0,0,0,0,
Chasen Johnson,183849,CB,USC,2,0,0,0.0,0,0,326,0,0,54.6,54.9,75.2,58.3,61.3,28.1,0,0,0,0,,50.0,1,0,1,39.6,0,0,0,0,34,23,34,0,0,0,0,0,0,34,1,10,0,0,1,0,1,0,0,0,0,
Christian Peterson,183850,S,UCF,4,1,0,0.0,0,0,323,0,0,66.7,64.2,76.4,,55.2,75.1,0,0,0,0,,0.0,0,0,0,39.6,0,0,0,6,0,15,30,3,0,0,3,0,1,27,0,15,19,0,0,0,1,0,0,0,0,
Bredell Richardson,183851,WR,UCF,1,0,0,,0,0,323,0,0,,60.0,60.0,,60.0,,0,0,0,0,,,0,0,0,0.0,0,0,0,0,0,0,1,0,0,0,0,0,0,1,0,1,0,0,0,0,0,0,0,0,0,
Kason Stokes,183852,WR,MIDDLE TN,1,0,0,,0,0,224,0,0,,60.0,60.0,,60.0,,0,0,0,0,,,0,0,0,0.0,0,0,0,0,0,0,1,0,0,0,0,0,0,1,0,1,0,0,0,0,0,0,0,0,0,
Jackson Bennee,183856,S,UTAH,12,15,2,64.7,0,0,328,0,0,83.1,74.6,50.4,58.0,61.6,51.3,4,10,1,4,42.0,22.5,18,4,1,59.2,22,0,0,193,11,315,634,12,0,0,12,0,144,622,44,275,274,15,47,2,34,14,1,269,81,12.2
Kana'i Lopes,183864,LB,UTAH,3,1,0,100.0,0,0,328,0,0,49.3,37.9,70.7,53.5,48.7,35.1,0,0,0,0,22.0,33.3,1,0,0,118.8,1,0,0,17,0,3,17,0,0,0,0,0,0,17,5,9,0,1,1,0,1,0,0,22,23,22.0
Vili Taufatofua,183869,ED,S JOSE ST,11,8,0,,0,2,285,0,0,70.4,71.8,85.7,71.9,65.8,59.2,2,11,0,0,,17.5,7,0,0,0.0,0,4,0,0,0,3,454,454,0,63,234,157,0,0,204,247,0,23,25,4,0,17,0,0,0,
Jackson Biser,183874,ED,W VIRGINIA,2,0,0,,0,0,343,0,0,60.8,62.9,75.8,64.3,57.6,75.2,0,0,0,0,,0.0,0,0,0,0.0,0,0,0,0,0,1,15,15,0,0,15,0,0,0,1,13,0,2,2,0,0,0,0,0,0,
Israel Boyce,183875,S,W VIRGINIA,12,12,0,66.7,0,1,343,0,0,56.6,60.1,83.0,63.9,65.0,49.3,0,0,0,0,22.0,20.9,9,1,1,110.1,8,0,0,121,6,145,255,6,0,0,6,0,79,249,4,106,41,8,22,0,12,0,1,71,48,8.9
Nate Gabriel,183878,DI,W VIRGINIA,12,6,1,,0,0,343,0,0,60.0,64.1,84.1,53.8,68.7,40.6,0,0,0,0,,23.5,4,0,0,0.0,0,0,0,0,0,1,287,286,134,152,0,0,0,1,144,142,0,5,7,0,0,0,0,0,0,
Zae Jennings,183879,CB,W VIRGINIA,2,1,0,100.0,0,0,343,0,0,57.0,57.6,71.2,,60.0,76.2,0,0,0,0,39.0,0.0,0,0,0,118.8,1,0,0,0,11,3,11,0,0,0,0,0,0,11,0,8,0,1,1,1,1,0,0,39,27,39.0
Elijah Kinsler,183880,ED,SO MISS,4,0,0,,0,0,296,0,0,,30.8,73.7,57.8,34.1,24.8,0,0,0,0,,100.0,1,0,0,0.0,0,0,0,2,0,0,11,9,0,0,8,1,0,2,3,8,0,0,0,0,0,0,0,0,0,
Obinna Onwuka,183881,ED,COAST CAR,1,0,0,,0,0,141,0,0,,60.0,65.6,60.0,,,0,0,0,0,,,0,0,0,0.0,0,0,0,0,0,0,1,1,0,0,1,0,0,0,1,0,0,0,0,0,0,0,0,0,0,
Brandon Davis-Swain,183883,DI,COLORADO,9,0,0,,0,1,143,0,0,,61.4,84.4,62.2,59.0,30.1,5,4,0,0,,28.6,4,0,0,0.0,0,1,0,0,0,0,352,352,53,245,6,48,0,0,163,189,0,8,10,1,0,10,0,0,0,
Xavier Stillman,183892,DI,HOUSTON,5,0,0,,0,0,182,0,0,,45.6,75.2,57.3,45.7,66.5,0,0,0,0,,0.0,0,0,0,0.0,0,0,0,0,0,0,20,20,13,7,0,0,0,0,5,15,0,1,1,0,0,0,0,0,0,
Landyn Cleveland,183906,S,OKLA STATE,12,8,0,81.0,0,0,262,0,0,54.4,57.6,13.4,57.6,68.8,37.3,1,0,0,0,45.0,27.7,13,2,1,150.5,17,0,0,94,1,158,288,1,0,0,1,0,62,287,2,128,130,10,26,2,21,1,2,263,150,15.5
Armstrong Nnodim,183918,DI,OKLA STATE,12,7,0,,0,0,262,0,0,58.6,66.7,83.2,66.4,64.4,72.3,2,5,0,0,,6.3,1,0,0,0.0,0,1,0,0,0,1,243,243,109,81,20,33,0,0,133,109,0,6,8,0,0,8,0,0,0,
Travion Barnes,183924,LB,BAYLOR,4,2,0,100.0,0,0,118,0,0,65.5,62.0,74.4,72.3,51.3,73.4,0,2,0,0,8.0,7.1,1,0,0,88.5,4,1,0,57,0,24,67,0,0,0,0,0,0,67,9,34,10,6,11,0,4,3,0,21,20,5.3
Germaine Carter,183927,DI,FIU,12,3,0,,0,1,166,1,0,62.5,59.6,62.4,62.0,55.4,55.4,0,16,0,0,,20.0,4,0,1,0.0,0,2,0,3,0,0,401,397,84,257,11,45,0,4,255,146,0,10,13,1,0,18,0,0,0,
Cole Gustafson,183929,DI,UTEP,12,6,1,,0,0,330,0,0,60.0,68.2,48.9,62.1,71.1,66.2,1,5,0,0,,5.3,1,0,1,0.0,0,2,0,1,0,0,259,256,40,112,5,99,0,3,127,132,0,12,12,2,0,8,0,0,0,
Dwight Nunoo,183930,LB,FIU,3,1,0,33.3,0,0,166,0,0,55.5,73.2,75.4,88.8,74.7,81.1,2,2,0,0,7.0,0.0,0,0,0,42.4,1,0,0,27,0,18,33,2,0,0,2,0,0,31,3,12,4,2,5,1,3,4,0,7,2,7.0
Raheim Sexil,183932,CB,UMASS,11,0,0,71.4,0,0,216,0,0,52.4,57.1,78.9,,69.5,51.3,0,0,0,0,15.0,25.0,2,0,1,126.8,5,0,0,16,121,49,141,0,0,0,0,0,1,141,0,92,2,1,6,0,7,0,3,43,3,8.6
Shamir Sterlin,183933,S,FIU,11,13,0,58.1,0,0,166,0,0,81.5,77.0,40.9,59.4,69.9,51.9,2,1,0,2,59.0,19.5,16,4,1,47.8,18,0,0,312,4,295,527,7,0,0,7,0,74,520,13,219,130,24,53,2,31,3,0,180,98,10.0
Josiah Taylor,183934,LB,FIU,12,13,2,80.0,0,0,166,1,0,68.6,70.7,82.9,74.4,67.9,84.8,1,10,0,0,65.0,5.5,4,0,0,128.2,20,3,0,530,1,337,621,9,0,0,9,0,0,612,29,255,80,36,56,4,25,14,2,209,145,10.5
Navarion Benson,183937,CB,LA MONROE,4,0,0,,0,0,209,0,0,63.1,59.9,72.3,,54.8,27.2,0,0,0,0,,100.0,1,0,0,0.0,0,0,0,5,9,6,16,0,0,0,0,0,0,16,0,10,2,0,0,0,0,0,0,0,0,
Trevell Vivians,183949,DI,LA TECH,9,1,2,,0,0,208,0,0,,72.8,79.2,71.4,68.3,49.9,0,0,0,0,,25.0,1,0,0,0.0,0,1,0,0,0,0,60,60,60,0,0,0,0,0,30,30,0,3,2,0,0,1,0,0,0,
Aidan Butts,183955,ED,MIDDLE TN,9,2,0,,0,0,224,0,0,60.5,48.4,79.0,51.5,47.2,51.2,0,2,0,0,,20.0,1,0,0,0.0,0,0,0,6,0,0,79,73,5,31,25,12,0,6,48,31,0,2,2,0,0,2,0,0,0,
Ashton Jones,183965,HB,MIDDLE TN,1,0,0,,0,0,224,0,0,,60.0,60.0,,60.0,,0,0,0,0,,,0,0,0,0.0,0,0,0,0,0,0,1,0,0,0,0,0,0,1,0,1,0,0,0,0,0,0,0,0,0,
Malik Love,183967,ED,MIDDLE TN,3,0,0,,0,0,224,0,0,60.8,54.2,78.0,56.1,53.3,27.1,0,0,0,0,,50.0,1,0,0,0.0,0,0,0,0,0,2,24,22,0,0,22,0,0,2,4,18,2,1,1,0,0,0,0,0,0,
Jackson Lowe,183968,CB,MIDDLE TN,11,1,0,67.5,0,0,224,0,0,53.8,60.6,85.6,69.4,84.0,69.1,2,2,0,1,58.0,11.4,5,1,2,130.7,27,0,0,41,481,291,591,6,0,0,6,0,1,585,9,291,62,13,38,2,40,4,8,415,137,15.4
Tiyyan Robinson,183972,ED,MIDDLE TN,1,0,0,,0,0,224,0,0,,72.5,71.3,65.8,64.7,71.5,0,1,0,0,,0.0,0,0,0,0.0,0,0,0,0,0,0,7,7,0,1,4,2,0,0,5,2,0,1,1,0,0,1,0,0,0,
Zeion Simpson-Smith,183973,DI,MIDDLE TN,12,11,0,,0,0,224,1,0,61.3,60.3,81.9,62.6,55.6,62.0,5,4,0,0,,12.5,3,0,0,0.0,0,3,0,6,0,0,260,254,2,216,3,33,0,6,145,115,0,10,10,0,0,12,0,0,0,
Henry Davis III,183975,DI,NEW MEX ST,12,3,1,,0,0,242,0,0,60.0,58.9,81.4,58.4,57.7,64.7,1,3,0,0,,10.0,1,0,0,0.0,0,1,0,0,0,0,228,228,9,190,5,24,0,0,126,102,0,6,6,0,0,5,0,0,0,
Malaki Ta'ase,183980,ED,WASH STATE,12,7,1,,0,1,341,0,0,62.7,68.2,52.8,68.3,64.2,66.9,3,9,0,0,,13.3,2,0,1,0.0,0,3,0,1,0,0,255,254,0,38,173,43,0,1,133,122,0,7,6,1,0,15,0,0,0,
Josiah Stephens,183992,ED,SM HOUSTON,4,1,0,,0,0,281,0,0,,61.9,77.2,59.9,61.6,73.9,0,2,0,0,,0.0,0,0,0,0.0,0,0,0,0,0,0,62,62,0,11,25,26,0,0,25,37,0,1,2,0,0,2,0,0,0,
Harper Holloman,184000,ED,W KENTUCKY,12,7,2,66.7,0,0,346,0,0,38.8,71.1,79.4,82.7,67.3,33.1,6,35,0,1,20.0,27.5,14,0,2,43.8,8,1,0,32,0,88,733,672,0,4,658,10,0,61,344,301,27,20,30,4,12,42,0,60,16,7.5
Cole Earlewine,184008,S,BALL ST,1,0,0,,0,0,117,0,0,,61.1,67.3,,60.0,,0,0,0,0,,,0,0,0,0.0,0,0,0,4,0,0,4,0,0,0,0,0,0,4,0,4,0,0,0,0,0,0,0,0,0,
Justin Thomas,184017,ED,BALL ST,12,2,0,,0,0,117,0,0,62.8,65.8,24.3,69.8,63.0,70.7,0,4,0,0,,10.0,1,0,1,0.0,0,0,0,2,0,3,116,113,0,0,106,7,0,3,49,64,1,6,7,1,0,4,0,0,0,
Jacari Bennett,184021,ED,BUFFALO,3,0,0,,0,0,126,0,0,60.0,35.6,74.2,55.7,32.0,74.3,0,1,0,0,,0.0,0,0,0,0.0,0,0,0,0,0,0,17,17,0,0,8,9,0,0,9,8,0,0,2,0,0,1,0,0,0,
Mathew Hilty,184026,LB,BUFFALO,1,0,0,,0,0,126,0,0,,60.1,60.0,,60.0,,0,0,0,0,,,0,0,0,0.0,0,0,0,0,0,0,1,0,0,0,0,0,0,1,0,1,0,0,0,0,0,0,0,0,0,
Xavier Leonard,184027,CB,BUFFALO,1,0,0,,0,0,126,0,0,61.6,68.7,65.7,63.0,,,1,0,0,0,,,0,0,0,0.0,0,0,0,1,0,2,3,0,0,0,0,0,0,3,1,0,2,0,0,0,0,1,0,0,0,
Ramari Taylor,184029,CB,BUFFALO,1,0,0,,0,0,126,0,0,,60.2,73.9,,60.0,,0,0,0,0,,,0,0,0,0.0,0,0,0,0,0,0,1,0,0,0,0,0,0,1,0,1,0,0,0,0,0,0,0,0,0,
Caleb Dobbs,184045,CB,E MICHIGAN,10,5,0,48.0,0,0,160,0,0,61.1,59.1,83.0,,49.3,56.8,0,0,0,1,47.0,20.0,4,2,2,61.2,12,0,0,13,223,139,286,0,0,0,0,0,2,286,0,147,48,3,11,0,25,0,0,215,98,17.9
Marvell Eggleston,184046,ED,E MICHIGAN,5,0,0,,0,0,160,0,0,60.0,60.7,74.8,55.4,62.5,74.7,0,0,0,0,,0.0,0,0,0,0.0,0,0,0,2,0,1,17,15,0,0,15,0,0,2,6,10,0,1,2,0,0,0,0,0,0,
Terrelle Elmore,184047,LB,E MICHIGAN,2,0,0,,0,0,160,0,0,,61.3,65.3,,60.5,,0,0,0,0,,,0,0,0,0.0,0,0,0,3,0,0,4,0,0,0,0,0,0,4,0,4,1,0,0,0,0,0,0,0,0,
Reggie Gardner,184050,DI,E MICHIGAN,3,1,0,,0,0,160,0,0,,61.6,70.3,,61.1,74.8,0,0,0,0,,0.0,0,0,0,0.0,0,0,0,0,0,0,9,9,0,5,0,4,0,0,0,9,0,0,3,0,0,0,0,0,0,
Ray Hester,184052,S,E MICHIGAN,7,1,0,,0,0,160,0,0,60.0,60.1,73.1,,59.5,78.9,0,0,0,0,,0.0,0,0,0,0.0,0,0,0,26,0,1,30,2,0,0,2,0,2,28,0,29,0,0,2,0,0,0,0,0,0,
Jaylyn Monds,184057,CB,E MICHIGAN,9,1,0,42.9,0,0,160,0,0,64.7,63.7,82.7,53.6,60.5,46.7,0,0,0,0,17.0,25.0,1,0,0,58.6,3,0,0,3,3,70,128,0,0,0,0,0,2,128,3,55,120,1,2,0,7,0,0,35,22,11.7
Noah Patterson,184058,DI,E MICHIGAN,10,3,0,,0,0,160,0,0,62.6,65.6,80.4,53.8,66.4,56.6,0,0,0,0,,7.7,1,0,0,0.0,0,0,0,0,0,0,128,128,41,84,3,0,0,0,46,82,0,6,9,0,0,0,0,0,0,
Javon Thomas,184065,DI,E MICHIGAN,10,0,0,,0,0,160,0,0,,48.8,80.5,56.2,46.0,53.9,0,3,0,0,,16.7,1,0,0,0.0,0,0,0,0,0,0,149,149,7,94,19,29,0,0,56,93,0,2,5,0,0,3,0,0,0,
Armhan Hale,184074,S,NEW MEX ST,12,10,0,87.5,1,2,242,0,0,65.0,67.9,44.1,54.3,77.0,67.5,0,2,0,0,45.0,14.6,7,2,4,135.6,21,0,0,119,1,273,515,16,0,0,16,0,65,499,9,233,314,12,31,3,24,2,2,237,147,11.3
Jayden Studio,184079,LB,JAMES MAD,3,0,0,100.0,0,0,197,0,0,69.5,77.1,73.3,69.3,73.5,51.3,0,0,0,0,3.0,25.0,1,0,0,79.2,2,1,0,42,0,24,43,0,0,0,0,0,0,43,7,12,1,4,3,1,2,1,0,-1,9,-0.5
Sam Williams,184087,ED,MIAMI OH,2,0,0,,0,0,221,0,0,,63.0,72.5,61.9,60.4,,0,1,0,0,,,0,0,0,0.0,0,0,0,0,0,0,9,9,0,0,9,0,0,0,6,3,0,0,0,0,0,1,0,0,0,
Cole Mullins,184100,DI,NOTRE DAME,6,1,1,,0,0,258,0,0,,68.6,76.9,64.0,68.5,74.7,0,5,0,0,,0.0,0,0,0,0.0,0,0,0,0,0,0,59,59,6,48,0,5,0,0,42,17,0,3,3,0,0,5,0,0,0,
Sean Sevillano Jr.,184102,DI,NOTRE DAME,4,0,0,,0,0,258,0,0,,67.9,73.7,65.4,64.7,,0,1,0,0,,,0,0,0,0.0,0,0,0,0,0,0,17,17,2,14,0,1,0,0,6,11,0,0,0,0,0,1,0,0,0,
Loghan Thomas,184103,ED,NOTRE DAME,7,1,0,,0,0,258,0,0,61.8,69.5,79.1,63.0,71.1,51.7,1,4,0,0,,25.0,1,0,0,0.0,0,0,0,0,0,2,39,38,0,0,38,0,0,1,25,12,0,1,2,0,0,5,0,0,0,
Kennedy Urlacher,184104,S,USC,6,5,0,68.4,0,0,326,0,0,55.0,57.1,82.5,72.1,58.1,69.1,1,0,0,1,33.0,12.5,4,0,1,108.0,13,1,0,72,3,123,220,1,0,0,1,0,92,219,3,94,52,2,23,0,19,2,2,163,48,12.5
Kyngstonn Viliamu-Asa,184105,LB,NOTRE DAME,11,13,0,76.9,1,0,258,1,0,83.3,89.7,24.2,65.4,94.0,72.5,1,18,0,1,17.0,13.2,7,2,2,55.0,10,4,0,240,3,156,435,151,0,3,148,0,0,284,114,165,40,25,33,4,13,23,0,65,93,6.5
Bryce Young,184110,ED,NOTRE DAME,12,5,1,0.0,0,0,258,0,0,81.1,72.8,58.7,64.0,76.2,70.0,8,18,0,0,,16.7,3,1,1,39.6,0,3,0,1,0,8,314,309,0,38,196,75,0,5,202,104,3,10,10,0,2,29,0,0,0,
Stellan Bowman,184112,LB,CHARLOTTE,2,0,0,,0,0,136,0,0,61.0,78.6,70.9,,76.4,79.9,0,0,0,0,,0.0,0,0,0,0.0,0,0,0,12,0,1,13,1,0,0,1,0,0,12,0,12,0,3,5,0,0,0,0,0,0,
Miles Cremascoli,184114,WR,OHIO,1,0,0,,0,0,259,0,0,,60.0,60.0,,60.0,,0,0,0,0,,,0,0,0,0.0,0,0,0,0,0,0,1,0,0,0,0,0,0,1,0,1,0,0,0,0,0,0,0,0,0,
Dom Dorwart,184115,WR,OHIO,1,0,0,,0,0,259,0,0,,60.0,60.0,,60.0,,0,0,0,0,,,0,0,2,0.0,0,0,0,0,0,0,1,0,0,0,0,0,0,1,0,1,0,0,0,0,0,0,0,0,0,
Blake Guffey,184117,WR,OHIO,1,0,0,,0,0,259,0,0,,60.0,60.0,,60.0,,0,0,0,0,,,0,0,0,0.0,0,0,0,0,0,0,1,0,0,0,0,0,0,1,0,1,0,0,0,0,0,0,0,0,0,
Max Rodarte,184120,WR,OHIO,1,0,0,,0,0,259,0,0,,62.4,60.0,,61.1,70.3,0,0,0,0,,0.0,0,0,0,0.0,0,0,0,0,0,0,1,0,0,0,0,0,0,1,0,1,0,0,1,0,0,0,0,0,0,
Owen Gibbs,184125,LB,TOLEDO,1,1,0,,0,0,316,0,0,,61.6,68.1,,61.1,73.2,0,0,0,0,,0.0,0,0,0,0.0,0,0,0,3,0,0,3,0,0,0,0,0,0,3,0,3,0,0,0,0,0,0,0,0,0,
Josh Lee,184128,ED,TOLEDO,2,0,0,,0,0,316,0,0,,60.0,69.4,59.6,60.0,,0,0,0,0,,,0,0,0,0.0,0,0,0,0,0,0,4,4,0,0,4,0,0,0,2,2,0,0,0,0,0,0,0,0,0,
Hyajah Miller,184131,CB,TOLEDO,3,1,0,100.0,0,0,316,0,0,48.6,51.6,72.8,59.1,64.7,77.0,0,0,0,0,11.0,0.0,0,0,0,112.5,1,0,0,1,18,8,20,0,0,0,0,0,0,20,1,11,1,0,1,0,1,0,0,11,0,11.0
Wayne Peart II,184133,DI,TOLEDO,1,0,0,,0,0,316,0,0,,62.7,64.7,,60.5,70.2,0,0,0,0,,0.0,0,0,0,0.0,0,0,0,0,0,0,1,1,0,1,0,0,0,0,0,1,0,0,1,0,0,0,0,0,0,
K'Von Sherman,184134,LB,TOLEDO,12,20,1,86.4,0,0,316,1,0,44.7,79.5,86.6,78.2,90.7,79.0,3,17,0,0,45.0,9.7,10,0,1,123.3,19,3,0,571,3,258,622,29,0,0,29,0,0,593,61,303,19,49,73,10,22,23,1,219,155,11.5
Joshua Lloyd,184138,ED,W MICHIGAN,3,0,0,,0,0,347,0,0,60.0,70.1,75.6,73.0,58.3,,1,0,0,0,,,0,0,0,0.0,0,0,0,1,0,1,14,13,0,0,13,0,0,1,8,5,0,0,0,0,0,1,0,0,0,
Isaiah Paul,184139,CB,W MICHIGAN,6,1,0,50.0,0,0,347,0,0,62.4,62.3,77.1,50.3,67.2,27.0,0,0,0,0,77.0,25.0,2,1,0,135.4,2,0,0,4,70,53,77,0,0,0,0,0,0,77,3,21,2,4,5,0,4,0,1,77,65,38.5
Rich Benenge,184140,LB,AKRON,5,4,0,100.0,0,0,102,0,0,53.0,51.9,77.0,64.6,52.0,29.7,0,1,0,0,3.0,28.6,2,0,0,79.2,1,0,0,38,0,11,43,0,0,0,0,0,0,43,4,28,3,0,1,0,1,1,0,3,4,3.0
Rodrick Hunter,184144,S,AKRON,11,6,0,77.8,0,0,102,0,0,64.9,60.5,84.0,66.3,48.5,49.9,0,3,0,0,15.0,21.2,7,1,1,92.6,7,0,0,145,0,161,292,13,0,0,13,0,115,279,8,123,19,3,20,0,9,3,0,56,24,8.0
TJ Nelson,184150,LB,BOWL GREEN,3,0,0,,0,0,122,0,0,60.0,63.6,69.2,,62.0,,0,0,0,0,,,0,0,0,0.0,0,0,0,5,0,1,5,0,0,0,0,0,0,5,0,4,0,0,0,0,0,0,0,0,0,
Kal-El Pascal,184151,S,BOWL GREEN,12,20,0,60.0,0,2,122,1,0,65.0,66.7,56.3,54.1,69.9,71.6,0,3,0,1,73.0,13.0,12,3,3,98.1,15,0,0,320,7,374,731,16,0,0,16,0,270,715,6,351,118,15,60,3,25,3,2,216,128,14.4
Dorian Pringle,184152,LB,BOWL GREEN,3,5,0,60.0,0,1,122,1,0,57.9,68.0,79.6,56.7,76.2,62.9,0,2,0,1,22.0,13.8,4,0,0,34.2,3,0,0,156,0,79,171,1,0,0,1,0,1,170,10,82,13,14,20,3,5,2,0,26,10,8.7
Brennen Bailey,184156,CB,UMASS,12,5,0,45.0,0,0,216,0,0,54.1,54.1,29.2,58.1,57.9,45.0,0,0,0,0,72.0,23.1,6,3,3,129.8,9,0,0,34,394,184,434,0,0,0,0,0,2,434,1,249,3,4,15,1,20,0,3,243,87,27.0
Ha'aheo Dela Cruz,184166,ED,HAWAII,6,3,0,,0,0,180,0,0,63.2,66.1,80.8,56.7,71.1,79.1,1,0,0,0,,0.0,0,0,0,0.0,0,0,0,5,0,4,71,66,0,0,61,5,0,5,37,30,0,0,2,0,0,1,0,0,0,
Junior Fiaui,184167,LB,HAWAII,1,0,0,100.0,0,0,180,0,0,53.8,52.2,69.4,,,27.3,0,0,0,0,11.0,50.0,1,0,0,104.2,2,0,0,5,0,7,7,0,0,0,0,0,0,7,0,0,2,1,1,0,2,0,0,18,9,9.0
Vaifanua Peko,184175,ED,HAWAII,2,0,0,,0,0,180,0,0,,61.9,70.5,,60.9,,0,0,0,0,,,0,0,0,0.0,0,0,0,0,0,0,4,4,0,0,4,0,0,0,0,4,0,0,0,0,0,0,0,0,0,
Kellen Robins-Beers,184177,S,HAWAII,2,0,0,0.0,0,0,180,0,0,47.9,42.5,70.3,,56.4,22.2,0,0,0,0,,100.0,1,0,0,39.6,0,0,0,2,0,8,11,0,0,0,0,0,8,11,0,3,1,0,0,0,1,0,0,0,0,
Ezekiel Rodrigues,184178,S,HAWAII,2,0,0,100.0,0,0,180,0,0,66.9,72.3,68.9,,69.8,80.8,0,0,0,0,7.0,0.0,0,0,0,95.8,1,0,0,10,0,6,12,0,0,0,0,0,2,12,0,6,0,1,4,0,1,0,0,7,10,7.0
Jackson Barton,184184,S,NEVADA,1,0,0,,0,0,239,0,0,63.0,63.1,70.8,,60.0,,0,0,0,0,,,0,0,0,0.0,0,0,0,1,0,7,11,0,0,0,0,0,10,11,0,4,0,0,0,0,0,0,0,0,0,
Jaden McGill,184189,HB,W KENTUCKY,1,0,0,,0,0,346,0,0,,60.0,60.0,60.0,,,0,0,0,0,,,0,0,0,0.0,0,0,0,0,0,0,1,0,0,0,0,0,0,1,1,0,0,0,0,0,0,0,0,0,0,
Nelson Ropati,184193,DI,NEVADA,12,8,0,,0,0,239,0,0,46.4,60.2,85.6,59.4,62.3,55.3,0,5,0,0,,15.6,5,0,0,0.0,0,2,0,3,0,0,467,464,87,318,5,54,0,3,230,237,0,16,19,3,0,7,0,0,0,
Isaiah Buxton,184197,CB,S DIEGO ST,7,0,0,50.0,0,0,284,0,0,60.8,63.4,76.1,,71.0,47.7,0,0,0,0,18.0,25.0,1,0,0,113.5,2,0,0,1,47,28,48,0,0,0,0,0,0,48,0,20,0,1,3,0,4,0,1,29,9,14.5
Tre Fulton,184206,S,UNLV,12,2,1,60.0,0,1,325,0,0,77.5,71.6,18.4,69.1,56.5,52.8,0,4,0,0,64.0,21.2,7,2,1,140.0,6,0,0,63,1,195,317,11,0,0,11,0,206,306,12,110,33,7,24,1,10,4,2,116,48,19.3
Frank Cusano,184216,LB,WAKE,11,6,0,73.7,0,0,339,0,0,50.3,61.2,27.6,80.1,67.8,44.0,3,5,0,0,21.0,25.6,11,1,1,92.2,14,1,0,238,0,165,302,25,0,0,25,0,1,277,31,106,37,18,26,1,19,9,0,131,119,9.4
Tony Freeman,184219,WR,WASH STATE,1,0,0,,0,0,341,0,0,60.0,62.4,60.0,,,,0,0,0,0,,,0,0,2,0.0,0,0,0,0,0,1,1,0,0,0,0,0,0,1,0,0,0,0,0,0,0,0,0,0,0,
Kenny Worthy,184225,CB,WASH STATE,12,7,0,51.9,0,0,341,0,0,68.0,69.0,84.2,76.2,64.8,50.7,0,0,0,0,59.0,21.4,6,1,2,109.8,14,0,0,19,303,223,384,10,0,0,10,0,0,374,4,157,51,8,15,1,27,0,3,178,76,12.7
Travis Anderson,184226,S,BOISE ST,7,1,0,50.0,0,0,120,0,0,68.9,65.8,77.9,60.0,54.6,27.8,0,0,0,0,0.0,45.5,5,0,0,56.3,1,0,0,25,1,49,76,4,0,0,4,0,9,72,1,26,37,4,5,0,2,0,0,0,0,0.0
Roman Caywood,184228,ED,BOISE ST,11,1,1,100.0,0,0,120,0,0,70.6,81.4,84.0,76.0,74.3,81.6,3,5,0,0,-1.0,0.0,0,0,0,79.2,1,1,0,3,0,2,117,112,0,1,110,1,0,5,58,57,2,5,6,2,1,9,0,-1,2,-1.0
Sire Gaines,184229,HB,BOISE ST,1,0,0,,0,0,120,0,0,,60.0,60.0,60.0,,,0,0,0,0,,,0,0,2,0.0,0,0,0,0,0,0,1,0,0,0,0,0,0,1,1,0,0,0,0,0,0,0,0,0,0,
Joseph Marsh,184231,ED,OHIO,12,3,0,100.0,0,0,259,0,0,62.9,64.3,83.1,62.1,62.8,69.4,0,4,0,0,7.0,12.5,1,0,0,91.7,2,2,0,5,0,8,144,135,0,2,120,13,0,9,61,75,4,6,4,1,2,6,0,12,0,6.0
Clay Martineau,184232,LB,BOISE ST,2,0,0,100.0,0,0,120,0,0,74.0,67.9,68.2,47.9,60.1,44.4,0,2,0,0,-1.0,50.0,1,0,0,79.2,1,0,0,5,0,6,10,0,0,0,0,0,0,10,2,2,4,1,1,1,1,2,0,-1,3,-1.0
Lopez Sanusi,184234,DI,BOISE ST,11,5,0,,0,0,120,0,0,59.8,59.0,82.5,57.3,59.0,51.7,0,5,0,0,,13.3,2,0,0,0.0,0,1,0,0,0,2,242,242,41,198,1,2,0,0,126,114,0,7,8,0,0,6,0,0,0,
Trey Tolmaire,184235,CB,BOISE ST,3,0,0,50.0,0,0,120,0,0,67.0,67.5,72.5,,60.0,,0,0,0,1,17.0,,0,0,0,79.2,1,0,0,0,14,13,15,0,0,0,0,0,0,15,0,2,1,0,0,0,2,0,1,17,0,17.0
Jakari Embry,184236,CB,FRESNO ST,11,4,0,46.7,0,0,169,0,0,55.0,55.7,47.8,68.3,59.9,71.2,1,1,1,1,38.0,12.9,4,6,6,87.5,21,0,0,20,594,357,642,14,0,0,14,0,6,628,4,281,7,3,23,0,45,2,4,283,93,13.5
Jordan Malau'ulu,184238,WR,FRESNO ST,1,0,0,,0,0,169,0,0,,60.0,60.0,,60.0,,0,0,0,0,,,0,0,1,0.0,0,0,0,0,0,0,1,0,0,0,0,0,0,1,0,1,0,0,0,0,0,0,0,0,0,
Zane Rix,184240,LB,FRESNO ST,1,0,0,,0,0,169,0,0,,64.4,67.7,,62.3,,0,0,0,0,,,0,0,0,0.0,0,0,0,3,0,0,3,0,0,0,0,0,0,3,0,3,0,0,0,0,0,0,0,0,0,
Luke Levengood,184246,DI,OREGON ST,3,0,0,,0,0,265,0,0,,49.1,71.7,59.8,50.0,16.2,0,0,0,0,,100.0,1,0,0,0.0,0,0,0,0,0,0,13,13,0,12,0,1,0,0,1,12,0,0,0,0,0,0,0,0,0,
Jaheim Patterson,184249,S,OREGON ST,12,11,0,47.4,0,0,265,0,0,63.1,66.8,86.1,63.8,70.7,59.5,0,1,0,2,55.0,16.9,13,2,0,82.6,9,0,0,329,1,341,639,5,0,0,5,0,209,634,10,288,93,23,53,1,19,1,4,187,72,20.8
Aiden Sullivan,184250,LB,OREGON ST,11,18,0,74.1,0,3,265,0,0,85.2,84.6,50.4,70.4,76.6,54.9,1,7,0,0,24.0,17.9,15,1,2,89.4,20,1,1,516,6,240,576,11,0,0,11,0,1,565,74,262,41,39,51,5,27,9,0,166,135,8.3
Drew Collins,184254,ED,ARK STATE,10,0,0,,0,0,113,0,0,55.7,70.9,81.4,77.9,57.7,47.5,1,2,0,0,,33.3,1,0,0,0.0,0,3,0,3,0,9,93,88,0,2,86,0,0,5,55,29,2,3,2,1,0,6,0,0,0,
Josh Stone,184256,CB,ARK STATE,1,0,0,100.0,0,0,113,0,0,63.7,64.5,67.4,,60.0,74.2,0,0,0,0,6.0,0.0,0,0,0,91.7,1,0,0,1,3,3,4,0,0,0,0,0,0,4,0,1,0,0,1,0,1,0,0,6,2,6.0
Cornell Allen,184258,S,CHARLOTTE,3,1,0,,0,0,136,0,0,60.9,57.2,70.6,,55.3,37.7,0,0,0,0,,33.3,1,0,0,0.0,0,0,0,8,0,2,18,0,0,0,0,0,6,18,0,16,4,0,1,0,0,0,0,0,0,
Cary Grant,184266,S,CHARLOTTE,12,5,0,76.5,0,0,136,0,0,51.6,53.7,31.3,71.3,58.2,45.1,0,0,0,0,29.0,23.1,12,0,2,125.6,13,0,0,120,0,226,431,9,0,0,9,0,224,422,4,201,78,8,35,2,17,0,1,164,90,12.6
Jaavan Mack,184268,CB,W KENTUCKY,11,7,0,50.0,1,1,346,0,0,67.1,69.2,13.9,39.7,84.9,78.0,0,0,0,1,30.0,3.4,1,2,3,72.3,14,0,0,24,264,171,297,2,0,0,2,0,0,295,0,126,5,8,21,2,28,0,2,132,30,9.4
DeQuinder Williams II,184274,LB,CHARLOTTE,2,0,0,,0,0,136,0,0,,60.0,66.0,,60.0,,0,0,0,0,,,0,0,0,0.0,0,0,0,2,0,0,3,1,0,0,1,0,0,2,0,3,0,0,0,0,0,0,0,0,0,
Eli Anders,184276,ED,GA SOUTHRN,7,1,0,,0,0,174,0,0,49.8,54.3,79.9,58.0,57.7,38.6,1,1,0,0,,40.0,2,0,0,0.0,0,0,0,7,0,4,50,42,0,8,31,3,0,8,22,24,1,2,2,0,0,2,0,0,0,
Jeremiah Holmes,184280,CB,GA SOUTHRN,1,0,0,50.0,0,0,174,0,0,39.9,39.1,73.4,,60.0,74.8,0,0,0,0,12.0,0.0,0,0,0,68.8,1,0,0,0,0,5,7,0,0,0,0,0,0,7,0,2,7,0,1,0,2,0,0,12,5,12.0
Jaden Martin-Burgess,184283,S,KENNESAW,1,0,0,,0,0,200,0,0,,60.0,66.0,60.0,,,0,0,0,0,,,0,0,0,0.0,0,0,0,0,0,0,1,1,0,0,1,0,0,0,1,0,0,0,0,0,0,0,0,0,0,
Dorrian Smith,184289,CB,GA SOUTHRN,12,6,0,70.2,1,4,174,0,0,66.8,69.1,89.5,53.1,76.4,56.5,0,1,0,0,75.0,18.5,10,4,3,107.8,40,0,0,118,75,373,728,22,0,0,22,0,51,706,17,338,461,16,38,6,57,1,3,406,230,10.2
Lane Wadle,184299,TE,GA STATE,1,2,0,,0,0,175,0,0,,68.3,60.0,,68.7,74.6,0,0,0,0,,0.0,0,0,1,0.0,0,0,0,0,0,0,2,0,0,0,0,0,0,2,0,2,0,0,0,0,0,0,0,0,0,
Damaine Wilson,184300,LB,GA STATE,3,7,1,80.0,0,0,175,0,0,52.7,45.7,74.3,66.8,38.1,28.1,0,1,0,0,20.0,31.6,6,0,0,97.1,8,0,0,111,0,55,127,3,0,0,3,0,0,124,9,63,13,3,6,0,10,1,0,73,47,9.1
KJ Flowe,184303,CB,JAMES MAD,9,1,0,28.6,0,0,197,0,0,77.4,72.7,82.3,55.2,52.1,37.2,0,0,1,1,9.0,33.3,1,0,0,0.0,2,0,0,4,4,54,91,4,0,0,4,0,1,87,4,33,76,1,1,0,7,0,0,9,3,4.5
Tyjai Hopper,184305,S,OREGON ST,3,0,0,,0,0,265,0,0,,73.5,68.2,,75.2,78.7,0,0,0,0,,0.0,0,0,0,0.0,0,0,0,7,0,0,10,0,0,0,0,0,1,10,0,10,1,2,2,0,0,0,0,0,0,
Chase Regan,184308,S,JAMES MAD,7,0,0,0.0,0,0,197,0,0,66.0,65.9,72.4,59.0,62.6,73.1,0,0,0,0,,0.0,0,0,0,39.6,0,0,0,5,0,13,22,1,0,0,1,0,10,21,2,7,4,0,1,0,1,0,0,0,0,
Davin Anderson,184311,ED,LA MONROE,12,4,0,100.0,0,0,209,0,0,65.1,63.7,40.2,54.5,69.6,55.0,0,4,0,0,14.0,21.4,3,0,1,118.8,1,0,0,1,0,0,186,185,0,0,100,85,0,1,82,104,0,5,7,0,1,4,0,14,19,14.0
Jaden Hamlin,184316,DI,LA MONROE,12,4,1,,0,0,209,1,0,70.7,59.3,48.2,57.7,60.1,43.4,2,5,0,0,,15.0,3,0,2,0.0,0,0,0,1,0,0,465,464,242,219,1,2,0,1,241,224,0,13,13,0,0,7,0,0,0,
Kelbee Holmes,184317,LB,LA MONROE,11,3,0,70.0,0,0,209,0,0,53.3,60.4,81.0,61.5,66.7,72.7,2,0,0,0,18.0,4.8,1,0,0,115.8,7,0,0,209,0,106,230,8,0,0,8,0,0,222,15,109,13,13,17,3,10,2,1,53,34,7.6
Daniel Knudsen,184318,ED,LA MONROE,9,2,0,0.0,0,0,209,0,0,63.4,69.3,80.6,61.9,68.7,80.0,0,1,0,0,,0.0,0,0,1,39.6,0,0,0,2,0,6,45,37,0,0,37,0,0,8,9,30,6,2,4,0,1,1,0,0,0,
Billy Pullen,184320,ED,LA MONROE,11,7,1,100.0,0,0,209,0,0,55.6,75.3,67.9,74.0,77.5,67.4,3,17,0,0,10.0,15.6,5,0,1,91.7,5,3,0,36,0,42,436,393,0,0,392,1,0,43,207,187,7,19,20,3,5,23,0,30,14,6.0
Kristopher Robinson,184321,S,LA MONROE,7,5,0,57.1,0,0,209,0,0,69.1,65.4,81.5,56.8,57.3,49.6,0,0,0,1,8.0,19.4,6,0,0,22.6,4,0,0,104,4,135,239,0,0,0,0,0,107,239,4,100,24,10,20,2,7,0,0,12,12,3.0
Stephen Saywahn,184322,S,LA MONROE,8,4,0,100.0,0,0,209,0,0,66.1,68.9,79.4,67.9,70.2,76.7,0,0,0,0,15.0,6.7,1,0,0,100.0,4,0,0,24,1,58,89,1,0,0,1,0,39,88,3,28,24,4,10,0,4,0,0,32,7,8.0
Kevontay Wells,184328,ED,LA MONROE,12,7,0,100.0,0,0,209,0,0,73.2,74.8,48.1,74.7,68.7,52.0,3,26,0,0,-1.0,21.3,10,0,2,79.2,1,3,0,1,0,4,478,474,0,6,289,179,0,4,253,221,3,22,30,3,1,32,0,-1,4,-1.0
Jerome Carter III,184331,S,DOMINION,12,12,0,75.8,0,0,263,0,0,64.0,70.0,49.9,57.3,80.8,75.9,2,0,0,4,49.0,12.0,9,1,1,70.6,25,0,0,334,5,343,645,26,0,0,26,0,227,619,14,288,53,23,54,2,33,2,1,276,133,11.0
Jahron Manning,184333,S,MISS STATE,12,20,0,58.5,0,0,227,0,0,51.5,59.8,38.1,64.8,73.7,75.4,1,2,0,1,60.0,9.8,8,1,3,78.1,24,0,0,265,9,297,574,15,0,0,15,0,158,559,6,271,127,25,54,3,41,3,0,368,226,15.3
Jalyn Durgan,184338,ED,N TEXAS,6,1,0,,0,0,251,0,0,,64.1,78.4,56.8,67.7,48.8,0,2,0,0,,33.3,1,0,0,0.0,0,1,0,0,0,0,67,67,0,2,49,16,0,0,30,37,0,2,1,0,0,3,0,0,0,
Amarion Fortenberry,184339,CB,KANSAS ST,9,0,0,66.7,1,0,199,0,0,56.1,58.6,80.6,58.3,69.7,56.6,0,0,0,0,60.0,21.4,3,2,2,104.9,10,0,0,11,154,87,171,2,0,0,2,0,0,169,1,83,3,5,11,1,15,0,0,170,43,17.0
Nathan Jennings,184345,DI,S ALABAMA,12,5,0,,0,0,288,0,0,60.0,55.9,52.2,56.7,56.5,58.3,0,5,0,0,,8.3,1,0,1,0.0,0,1,0,0,0,0,270,270,43,185,10,32,0,0,144,126,0,6,6,0,0,6,0,0,0,
Jordan Scruggs,184348,CB,W VIRGINIA,12,6,0,50.0,0,1,343,0,0,62.4,66.1,85.2,49.4,80.7,61.6,0,0,1,1,25.0,14.6,6,1,1,91.8,15,0,0,42,428,244,486,1,0,0,1,0,2,485,7,235,10,12,29,1,30,0,3,206,56,13.7
Achilles Woods,184352,DI,S ALABAMA,12,4,0,,0,0,288,0,0,62.3,54.6,35.3,58.0,52.6,78.7,0,3,0,0,,0.0,0,0,1,0.0,0,2,0,0,0,0,174,174,0,134,3,37,0,0,76,98,0,2,5,0,0,5,0,0,0,
Nick Johnson,184355,DI,TEXAS ST,1,0,0,,0,0,314,0,0,,61.0,68.9,,60.3,,0,0,0,0,,,0,0,0,0.0,0,0,0,0,0,0,3,3,0,1,2,0,0,0,0,3,0,0,0,0,0,0,0,0,0,
Ryan Nolan,184356,S,TEXAS ST,11,11,0,80.8,0,0,314,0,0,75.9,72.3,85.8,55.6,65.3,50.9,1,2,0,0,15.0,19.4,18,1,0,101.8,21,0,0,203,5,346,628,16,1,0,15,0,289,612,11,271,114,21,64,1,26,3,1,139,84,6.6
Rondell Carter,184364,S,TROY,10,2,0,66.7,0,0,318,0,0,47.3,50.5,81.1,60.0,60.1,49.3,0,0,0,0,33.0,25.0,3,0,1,136.1,4,0,0,48,0,74,139,0,0,0,0,0,61,139,1,64,30,1,7,1,6,0,1,56,54,14.0
Semaj James,184371,S,HAWAII,4,1,0,100.0,0,0,180,0,0,53.7,41.2,72.2,,30.5,25.4,0,0,0,0,24.0,50.0,3,0,0,118.8,1,0,0,9,17,10,27,0,0,0,0,0,0,27,0,17,1,1,2,0,1,0,0,24,3,24.0
Dylan Mann,184373,DI,TROY,1,0,0,,0,0,318,0,0,,60.4,66.6,59.8,60.0,,0,0,0,0,,,0,0,0,0.0,0,0,0,0,0,0,2,2,0,2,0,0,0,0,1,1,0,0,0,0,0,0,0,0,0,
Jaden Allen,184379,CB,ARKANSAS,1,0,0,,0,0,111,0,0,,62.9,67.8,,62.4,74.2,0,0,0,0,,0.0,0,0,0,0.0,0,0,0,0,4,0,4,0,0,0,0,0,0,4,0,4,0,0,1,0,0,0,0,0,0,
Selman Bridges,184381,CB,ARKANSAS,2,0,0,0.0,0,0,111,0,0,64.9,65.4,73.3,,61.4,,0,0,0,0,,,0,0,0,39.6,0,0,0,0,22,10,22,0,0,0,0,0,0,22,0,12,0,0,0,0,1,0,0,0,0,
CJ Brown,184382,WR,ARKANSAS,1,0,0,100.0,0,0,111,0,0,60.0,37.5,60.0,,,,0,0,0,0,40.0,,0,0,2,118.8,1,0,0,0,0,1,1,0,0,0,0,0,0,1,0,0,0,0,0,0,1,0,0,40,27,40.0
Charlie Collins,184383,ED,ARKANSAS,9,2,0,100.0,0,0,111,0,0,49.4,55.3,39.8,57.7,60.2,33.9,1,5,0,0,15.0,33.3,3,0,1,118.8,3,0,0,2,0,16,164,157,0,0,150,7,0,7,66,82,4,3,4,1,3,6,0,38,32,12.7
Kavion Henderson,184385,ED,ARKANSAS,2,0,0,,0,0,111,0,0,,69.6,74.7,68.3,65.3,42.5,0,0,0,0,,33.3,1,0,0,0.0,0,0,0,0,0,0,21,21,0,5,15,1,0,0,8,13,0,1,2,0,0,0,0,0,0,
Ahkhari Johnson,184387,CB,ARKANSAS,2,1,0,100.0,0,0,111,0,0,63.0,66.8,73.8,,67.6,79.2,0,0,0,0,2.0,0.0,0,0,0,79.2,1,0,0,2,0,5,13,0,0,0,0,0,1,13,0,8,10,0,1,0,1,0,0,2,3,2.0
Justin Logan,184389,LB,ARKANSAS,1,0,0,,0,0,111,0,0,,74.0,66.1,,69.9,73.1,0,0,0,0,,0.0,0,0,0,0.0,0,0,0,4,0,0,4,0,0,0,0,0,0,4,0,4,0,1,1,0,0,0,0,0,0,
Tevis Metcalf,184391,CB,MICHIGAN,2,0,0,100.0,0,1,222,0,0,68.3,67.6,75.0,58.3,60.0,77.7,0,1,0,0,29.0,0.0,0,0,0,158.3,2,0,0,1,0,14,17,0,0,0,0,0,0,17,1,2,16,0,2,0,2,1,1,36,10,18.0
Malik Blocton,184395,DI,AUBURN,12,2,0,,0,0,115,1,0,,64.5,84.1,67.2,58.6,22.1,1,10,0,0,,50.0,11,0,0,0.0,0,1,0,2,0,0,413,411,24,198,60,129,0,2,239,174,0,7,9,3,0,12,0,0,0,
Jalyn Crawford,184399,CB,AUBURN,11,3,0,57.6,0,0,115,0,0,70.1,71.7,85.5,71.3,71.5,52.4,0,0,0,1,27.0,23.1,6,3,3,102.7,19,1,0,34,508,330,580,2,0,0,2,0,9,578,3,247,27,6,17,0,33,1,4,203,121,10.7
Kaleb Harris,184402,S,AUBURN,12,15,0,68.4,0,0,115,0,0,62.9,67.0,88.8,58.9,74.2,82.5,0,3,0,1,58.0,9.0,6,1,0,106.8,13,1,0,241,12,358,649,64,0,0,64,0,233,585,23,268,99,10,46,1,19,4,1,273,141,21.0
TJ Lindsey,184404,DI,PURDUE,3,1,0,,0,0,273,0,0,61.7,65.8,77.2,55.4,68.5,56.0,1,4,0,0,,14.3,1,0,0,0.0,0,0,0,0,0,0,68,68,4,52,2,10,0,0,39,29,0,2,5,1,0,5,0,0,0,
Kensley Louidor-Faustin,184405,CB,AUBURN,11,2,0,64.0,0,0,115,0,0,47.2,50.6,10.6,55.1,72.0,51.8,0,2,0,1,32.0,21.7,5,2,3,90.3,16,1,0,44,2,150,257,4,0,0,4,0,19,253,15,92,188,9,16,2,25,3,2,149,68,9.3
De'marcus Riddick,184410,LB,AUBURN,10,6,0,58.3,0,0,115,0,0,47.1,51.9,86.4,63.7,53.0,56.8,0,8,0,0,27.0,21.1,4,3,0,88.5,7,1,0,127,1,113,246,103,0,0,103,0,0,143,29,104,15,3,9,0,12,9,0,109,41,15.6
Laquan Robinson,184411,CB,KANSAS,2,0,0,,0,0,198,0,0,,64.5,69.9,,64.7,74.8,0,0,0,0,,0.0,0,0,0,0.0,0,0,0,4,0,0,10,0,0,0,0,0,0,10,0,10,6,1,1,0,0,0,0,0,0,
Amaris Williams,184415,ED,AUBURN,11,5,0,,0,0,115,0,0,62.9,60.0,0.0,62.1,62.7,51.8,0,5,0,0,,25.0,5,0,3,0.0,0,2,0,1,0,0,210,209,3,42,106,58,0,1,135,75,0,10,10,4,0,7,0,0,0,
Michai Boireau,184418,DI,FLORIDA,9,9,0,,0,0,163,0,0,79.3,66.6,83.8,61.3,62.4,74.9,0,7,0,1,,4.5,1,0,0,0.0,0,2,0,0,0,3,296,296,117,169,1,9,0,0,143,150,0,11,12,0,0,9,0,0,0,
Teddy Foster,184421,CB,FLORIDA,1,0,0,33.3,0,0,163,0,0,68.6,72.8,71.9,,67.4,75.3,0,0,0,0,28.0,0.0,0,0,0,68.8,1,0,0,3,9,7,12,0,0,0,0,0,0,12,0,5,0,1,1,0,3,0,0,28,2,28.0
Myles Graham,184422,LB,FLORIDA,12,22,0,65.6,0,0,163,0,0,59.7,71.9,52.1,70.0,79.0,76.1,5,8,0,0,43.0,11.1,10,4,2,99.1,21,2,0,485,4,265,618,23,0,0,23,0,0,595,56,297,106,36,58,4,32,15,1,245,143,11.7
Jamroc Grimsley,184423,CB,FLORIDA,2,0,0,50.0,0,0,163,0,0,34.1,36.3,74.1,,61.8,28.1,0,0,0,0,48.0,50.0,1,0,0,95.8,2,0,0,3,21,12,25,0,0,0,0,0,0,25,0,13,1,0,1,0,4,0,0,62,10,31.0
LJ McCray,184427,ED,FLORIDA,1,0,0,,0,0,163,0,0,,60.5,69.8,59.2,60.0,,0,0,0,0,,,0,0,0,0.0,0,0,0,1,0,0,4,3,0,0,2,1,0,1,3,1,0,0,0,0,0,0,0,0,0,
D'Antre Robinson,184430,DI,N CAROLINA,12,9,0,,1,1,245,0,0,,67.7,35.7,62.2,71.5,75.3,1,7,0,0,,3.0,1,0,2,0.0,0,1,0,0,0,0,377,377,21,238,6,112,0,0,196,181,0,20,23,2,0,9,0,0,0,
Greg Smith,184431,S,N CAROLINA,11,6,0,57.1,0,0,245,0,0,82.9,79.3,82.3,64.1,68.3,78.4,1,0,0,1,12.0,7.4,2,0,0,34.8,8,0,0,101,6,163,273,7,0,0,7,0,102,266,5,105,57,7,19,0,14,1,0,50,26,6.3
Brien Taylor Jr.,184433,DI,FLORIDA,12,8,0,100.0,0,1,163,0,0,59.0,66.2,50.1,58.8,72.4,63.3,1,5,0,0,8.0,12.5,3,0,1,100.0,1,3,0,0,0,2,268,268,2,161,13,92,0,0,140,126,0,10,13,1,1,9,0,8,15,8.0
Xavier Atkins,184438,LB,AUBURN,12,16,0,73.0,1,2,115,1,0,64.8,72.3,0.0,90.8,65.3,62.3,4,11,0,1,23.0,13.4,13,1,5,86.9,27,10,0,567,6,316,712,81,0,0,81,0,0,631,98,298,58,51,68,9,37,25,0,313,164,11.6
Joey August,184439,DI,LSU,1,0,0,,0,0,211,0,0,,41.9,68.8,60.0,48.8,,0,0,0,0,,,0,0,0,0.0,0,0,0,0,0,0,5,5,0,5,0,0,0,0,1,4,0,0,0,0,0,0,0,0,0,
Ahmad Breaux,184441,DI,LSU,11,1,0,,0,0,211,0,0,61.0,61.0,82.4,58.1,60.8,78.5,1,7,0,0,,0.0,0,0,0,0.0,0,0,0,1,0,0,273,272,15,241,0,16,0,1,146,127,0,7,10,2,0,8,0,0,0,
Bernard Causey,184444,CB,GA STATE,10,1,0,45.8,1,1,175,0,0,68.9,67.4,23.9,60.0,57.6,37.8,0,1,0,0,50.0,27.3,6,2,5,104.7,11,0,0,10,374,200,388,0,0,0,0,0,0,388,0,188,4,5,15,2,24,1,2,211,128,19.2
Kolaj Cobbins,184445,ED,LSU,3,0,0,,0,0,211,0,0,60.8,58.0,74.8,58.3,57.5,35.1,0,0,0,0,,25.0,1,0,0,0.0,0,0,0,0,0,3,14,14,0,0,14,0,0,0,3,8,0,3,3,0,0,0,0,0,0,
Wallace Foster IV,184452,CB,LSU,1,0,0,,0,0,211,0,0,,60.0,63.5,,60.0,,0,0,0,0,,,0,0,0,0.0,0,0,0,0,1,0,1,0,0,0,0,0,0,1,0,1,0,0,0,0,0,0,0,0,0,
CJ Jackson,184456,ED,LSU,4,0,0,,0,0,211,0,0,,66.1,76.9,68.1,60.2,46.7,0,1,0,0,,50.0,1,0,0,0.0,0,1,0,0,0,0,21,21,0,0,21,0,0,0,9,12,0,1,1,1,0,2,0,0,0,
Davhon Keys,184459,LB,LSU,12,23,0,80.0,0,0,211,0,0,45.1,57.6,82.3,66.3,66.6,73.7,5,7,0,0,32.0,8.1,6,1,0,121.5,20,1,0,413,15,243,497,13,0,0,12,1,2,484,41,213,54,16,45,1,25,13,1,249,151,12.5
Dominick McKinley,184462,DI,LSU,12,1,1,,0,0,211,0,0,,63.2,56.4,58.3,67.4,78.3,2,5,0,0,,0.0,0,0,1,0.0,0,1,0,1,0,0,322,321,19,281,0,21,0,1,187,135,0,7,7,1,0,8,0,0,0,
Gabriel Reliford,184463,ED,LSU,4,2,0,100.0,0,0,211,0,0,56.2,74.6,82.6,73.5,71.5,82.4,2,2,0,0,6.0,0.0,0,0,0,91.7,1,0,0,0,0,4,85,84,0,1,83,0,0,1,53,28,1,4,7,1,1,4,0,6,0,6.0
Joel Rogers,184464,S,LSU,3,0,0,100.0,0,0,211,0,0,52.6,53.0,70.2,,,40.6,0,0,0,0,7.0,33.3,1,0,0,95.8,1,0,0,1,0,5,5,0,0,0,0,0,3,5,0,0,1,1,2,0,1,0,0,7,5,7.0
Tylen Singleton,184465,LB,LSU,7,2,0,75.0,0,0,211,0,0,43.2,50.5,73.5,64.1,63.9,42.2,0,2,0,0,14.0,25.0,1,0,1,130.2,3,0,0,55,1,34,63,1,0,0,1,0,0,62,4,25,6,0,1,0,4,2,1,25,18,8.3
Michael Turner Jr.,184467,CB,LSU,3,1,0,0.0,0,0,211,0,0,79.4,79.5,73.5,,64.7,28.3,0,0,0,0,,50.0,1,2,0,39.6,0,0,0,2,24,17,27,0,0,0,0,0,1,27,0,10,0,0,0,0,2,0,0,0,0,
PJ Woodland,184471,CB,LSU,12,5,0,50.0,0,0,211,0,0,72.7,71.7,40.6,54.7,69.4,76.7,0,3,0,2,53.0,9.1,3,5,5,57.4,20,1,0,34,347,316,527,9,0,0,9,0,16,518,11,200,121,10,25,0,40,4,0,331,113,16.6
Trajen Greco,184477,S,MISSOURI,11,2,0,50.0,0,0,229,0,0,53.4,57.3,80.3,59.4,68.9,72.3,0,0,0,0,6.0,14.3,1,0,1,95.8,4,0,0,25,1,87,131,2,0,0,2,0,87,129,1,43,16,1,4,0,8,0,1,13,19,3.3
Brian Huff,184478,LB,MISSOURI,2,0,0,,0,0,229,0,0,63.2,25.2,68.8,63.0,19.8,13.5,0,0,0,0,,50.0,1,0,0,0.0,0,0,0,6,0,3,6,0,0,0,0,0,0,6,1,2,0,0,1,0,0,0,0,0,0,
Cameron Keys,184480,CB,MISSOURI,4,1,0,0.0,0,0,229,1,0,73.0,73.1,76.3,,65.7,72.3,0,0,0,0,,0.0,0,1,0,39.6,0,0,0,2,47,26,51,0,0,0,0,0,0,51,0,25,1,0,0,0,3,0,0,0,0,
Fred Johnson,184487,LB,S CAROLINA,12,16,0,73.7,0,0,289,1,0,52.3,61.4,84.3,61.5,68.5,58.5,2,8,0,1,19.0,18.3,13,4,0,85.0,28,1,0,466,2,273,565,25,0,0,25,0,0,540,36,256,72,20,42,3,38,11,1,216,165,7.7
David Bucey,184489,S,S CAROLINA,11,0,0,33.3,0,0,289,0,0,64.7,64.1,79.4,,61.7,38.2,0,0,0,0,4.0,30.8,4,0,0,42.4,1,0,0,87,3,60,151,1,0,0,1,0,39,150,0,91,20,3,9,0,3,0,0,4,-1,4.0
Wendell Gregory,184492,ED,OKLA STATE,12,2,1,66.7,2,1,262,0,0,68.9,71.4,14.1,77.1,67.1,35.3,7,21,0,0,6.0,31.0,9,0,4,74.3,2,4,0,7,0,15,419,412,0,5,388,19,0,7,181,223,0,19,18,9,3,32,0,12,13,6.0
Kelvin Hunter,184493,CB,S CAROLINA,7,2,0,83.3,0,0,289,0,0,52.9,57.9,79.1,,70.0,63.3,0,0,0,0,17.0,0.0,0,0,0,104.2,5,0,0,9,0,27,57,1,0,0,1,0,2,56,0,30,45,3,4,0,6,0,0,54,22,10.8
Isaiah McClary,184496,CB,S CAROLINA,1,0,0,,0,0,289,0,0,,60.3,67.8,,60.0,,0,0,0,0,,,0,0,0,0.0,0,0,0,0,4,0,4,0,0,0,0,0,0,4,0,4,0,0,0,0,0,0,0,0,0,
Dylan Stewart,184500,ED,S CAROLINA,11,6,0,100.0,0,3,289,0,0,59.1,73.6,17.9,70.3,79.0,54.1,5,27,0,0,36.0,18.8,6,0,4,118.8,2,5,0,1,0,5,449,448,0,1,439,8,0,1,254,190,0,18,20,6,2,37,0,45,33,22.5
Kobe Black,184503,CB,TEXAS,9,2,0,66.7,0,0,311,0,0,64.1,62.3,80.2,54.6,53.6,75.9,0,0,0,1,55.0,6.7,1,1,0,111.4,10,0,0,12,161,102,175,0,0,0,0,0,1,175,2,71,1,2,12,0,15,0,2,151,48,15.1
Xavier Filsaime,184508,S,TEXAS,9,1,0,60.0,0,0,311,0,0,66.9,67.4,0.0,58.5,75.3,46.3,0,0,0,0,22.0,31.6,6,1,1,84.6,3,0,0,65,1,157,227,1,0,0,1,0,104,226,2,68,56,3,12,0,5,0,0,39,16,13.0
Alex January,184510,DI,TEXAS,9,1,1,,0,0,311,1,0,59.1,65.8,82.8,58.3,69.7,70.6,0,5,0,0,,7.1,1,0,0,0.0,0,1,0,0,0,2,310,310,18,194,23,75,0,0,170,138,0,11,12,0,0,6,0,0,0,
Jordon Johnson-Rubell,184511,S,TEXAS,3,1,0,50.0,0,0,311,0,0,72.4,71.6,76.5,,62.6,39.3,0,0,0,0,43.0,33.3,1,1,0,86.5,2,0,0,13,0,31,43,0,0,0,0,0,18,43,0,12,12,1,1,0,4,0,0,41,29,20.5
Wardell Mack,184513,CB,TEXAS,6,0,0,75.0,0,0,311,0,0,54.1,54.1,79.4,49.0,64.0,44.2,0,1,0,0,21.0,33.3,3,0,1,93.8,6,0,0,7,4,56,73,1,0,0,1,0,2,72,0,17,59,1,6,0,8,1,0,56,39,9.3
Colin Simmons,184515,ED,TEXAS,12,6,0,100.0,1,3,311,1,0,54.3,85.6,0.0,91.1,83.8,73.8,14,31,0,0,17.0,16.2,6,0,8,114.2,5,9,0,14,0,62,540,518,0,3,510,5,0,22,284,194,8,29,25,4,5,54,0,57,10,11.4
Ty'Anthony Smith,184516,LB,TEXAS,12,9,0,78.1,0,3,311,1,0,45.5,59.6,26.4,61.1,76.4,50.5,1,4,0,0,21.0,19.7,12,1,1,105.9,25,2,0,315,1,192,364,26,0,0,26,0,0,338,44,128,22,21,40,2,32,7,1,221,176,8.8
Zina Umeozulu,184517,ED,TEXAS,11,1,0,,0,0,311,0,0,62.1,60.3,82.4,62.2,54.6,59.0,1,7,0,0,,20.0,1,0,0,0.0,0,1,0,0,0,4,160,160,0,17,131,12,0,0,100,56,0,4,3,1,0,9,0,0,0,
Ziky Umeozulu,184518,S,TEXAS,1,0,0,0.0,0,0,311,0,0,62.2,62.4,68.7,,60.0,,0,0,0,0,,,0,0,0,39.6,0,0,0,0,0,4,5,0,0,0,0,0,2,5,0,1,3,0,0,0,1,0,0,0,0,
Dontae Carter,184523,S,VANDERBILT,12,13,0,80.0,0,0,333,0,0,65.9,66.8,84.9,55.2,68.6,62.3,0,0,0,0,39.0,14.6,6,1,0,113.3,8,0,0,41,0,181,263,4,0,0,4,0,188,259,4,78,30,6,22,0,10,0,0,112,77,14.0
Mason Carter,184524,ED,VANDERBILT,7,1,0,0.0,0,0,333,0,0,71.3,69.5,82.0,58.5,73.7,77.0,1,2,0,0,,0.0,0,0,0,39.6,0,0,0,2,0,11,61,56,0,0,56,0,0,5,42,8,3,0,2,0,2,3,0,0,0,
Alvin Williamson Jr.,184526,CB,HOUSTON,1,0,0,100.0,0,0,182,0,0,45.5,42.6,68.6,,60.0,,0,0,0,0,33.0,,0,0,0,158.3,1,0,0,0,0,3,4,0,0,0,0,0,0,4,0,1,4,0,0,0,1,0,1,33,28,33.0
Jeremiah Beaman,184527,DI,ALABAMA,1,0,0,,0,0,103,0,0,,66.7,75.2,58.4,67.1,,0,1,0,0,,,0,0,0,0.0,0,0,0,0,0,0,21,21,16,5,0,0,0,0,6,15,0,0,0,0,0,1,0,0,0,
Zabien Brown,184529,CB,ALABAMA,13,9,0,50.0,0,1,103,0,0,70.7,74.9,86.1,70.6,86.7,74.9,0,0,2,2,54.0,9.8,4,5,1,68.0,23,1,0,65,512,406,673,7,0,0,7,0,12,666,2,265,76,17,28,2,46,1,2,308,120,13.4
Isaia Faga,184533,DI,ALABAMA,13,2,0,,0,0,103,0,0,63.9,69.3,79.9,64.0,66.9,73.4,2,1,0,0,,0.0,0,0,0,0.0,0,0,0,0,0,0,112,112,42,68,0,2,0,0,52,60,0,1,2,0,0,3,0,0,0,
Cayden Jones,184538,LB,ALABAMA,3,4,0,100.0,0,0,103,1,0,37.6,62.7,73.8,67.1,77.2,33.5,0,1,0,0,15.0,30.8,4,0,0,111.1,3,0,0,47,0,13,48,1,0,0,1,0,0,47,3,32,0,4,5,0,3,1,0,32,24,10.7
Dre Kirkpatrick Jr.,184539,S,ALABAMA,7,1,1,0.0,0,1,103,0,0,80.3,72.9,0.0,73.5,60.5,82.4,0,0,0,0,,0.0,0,0,1,39.6,0,0,0,9,0,20,44,0,0,0,0,0,25,44,2,22,9,2,4,1,1,0,0,0,0,
Zavier Mincey,184541,S,ALABAMA,13,6,0,71.4,0,0,103,0,0,63.1,66.9,0.0,73.2,76.1,58.7,1,1,0,0,66.0,18.2,4,2,2,113.7,5,0,0,53,0,128,203,2,0,0,2,0,103,201,6,69,44,4,12,0,7,2,0,155,122,31.0
Red Morgan,184542,CB,ALABAMA,12,5,0,63.0,0,1,103,0,0,65.3,67.7,84.8,58.0,74.4,61.2,1,2,0,0,15.0,12.5,3,1,2,84.5,17,0,0,49,0,153,280,1,0,0,1,0,3,279,11,116,227,11,16,3,27,3,1,114,60,6.7
Justin Okoronkwo,184544,LB,S CAROLINA,12,18,0,90.0,0,0,289,0,0,52.2,66.6,50.8,69.5,76.2,50.4,3,8,0,1,37.0,16.7,14,1,1,110.2,18,0,0,505,4,265,599,12,0,0,12,0,0,587,56,278,78,27,52,4,20,11,1,229,166,12.7
KJ Bolden,184549,S,GEORGIA,12,25,0,60.7,0,0,173,1,0,73.5,78.7,36.0,59.7,90.9,92.1,0,0,0,2,38.0,1.5,1,2,2,51.5,17,0,0,181,1,350,596,2,0,0,2,0,312,594,1,245,100,12,39,1,28,0,0,192,136,11.3
Chris Cole,184554,LB,GEORGIA,12,9,0,84.6,1,0,173,0,0,88.4,82.0,85.0,68.4,72.4,70.1,2,11,0,0,12.0,9.8,4,2,1,82.4,11,3,0,203,7,139,338,92,0,0,92,0,0,246,89,110,36,20,28,2,13,16,0,49,39,4.5
Quintavius Johnson,184564,ED,GEORGIA,12,3,1,88.9,0,1,173,0,0,49.7,65.4,69.2,53.7,81.9,55.3,3,5,0,0,15.0,16.2,6,0,1,98.1,8,1,0,9,0,60,448,419,0,3,406,10,0,29,194,194,20,19,28,5,9,9,0,68,66,8.5
Joseph Jonah-Ajonye,184565,ED,GEORGIA,12,8,0,100.0,0,0,173,0,0,60.0,61.6,83.1,58.9,62.1,31.6,0,11,0,0,27.0,25.0,4,0,0,118.8,1,0,0,0,0,1,250,250,2,57,103,88,0,0,144,105,0,3,4,0,1,11,0,27,29,27.0
Demello Jones,184566,CB,GEORGIA,10,6,0,50.0,1,0,173,0,0,68.4,71.4,82.7,60.0,81.7,73.4,0,0,0,0,34.0,9.4,3,3,2,69.9,17,0,0,18,238,175,302,0,0,0,0,0,0,302,1,126,46,7,23,0,34,0,0,213,85,12.5
Kris Jones,184567,ED,GEORGIA,12,3,0,100.0,0,0,173,0,0,57.7,60.8,83.7,64.8,56.9,57.5,0,5,0,0,11.0,12.5,1,0,0,112.5,1,0,0,3,1,19,115,109,0,0,107,2,0,6,50,46,2,1,4,1,1,5,0,11,7,11.0
Nnamdi Ogboko,184569,DI,GEORGIA,11,3,0,,0,0,173,0,0,60.0,71.0,80.9,72.6,67.5,64.6,0,2,0,0,,10.0,1,0,0,0.0,0,1,0,1,0,0,109,108,56,52,0,0,0,1,58,51,0,5,6,0,0,3,0,0,0,
Jaden Reddell,184572,TE,GEORGIA,1,0,0,,0,0,173,0,0,60.0,60.0,63.1,,,,0,0,0,0,,,0,0,0,0.0,0,0,0,0,0,1,1,0,0,0,0,0,1,1,0,0,0,0,0,0,0,0,0,0,0,
Ellis Robinson IV,184574,CB,GEORGIA,12,6,0,40.7,1,0,173,0,0,67.3,68.2,26.1,,74.8,69.7,0,0,0,4,72.0,10.5,2,4,5,66.8,11,0,0,17,374,247,406,0,0,0,0,0,0,406,0,159,15,3,11,0,27,0,3,216,57,19.6
Jordan Thomas,184577,DI,GEORGIA,4,0,0,,0,0,173,0,0,60.0,62.6,74.6,64.1,64.6,44.4,0,0,0,0,,25.0,1,0,0,0.0,0,0,0,0,0,0,34,34,4,17,1,12,0,0,19,15,0,3,3,1,0,0,0,0,0,
Justin Williams,184584,LB,GEORGIA,12,10,0,92.9,0,0,173,0,0,69.2,72.0,79.2,47.1,79.3,57.6,0,4,0,0,19.0,14.3,6,0,0,95.5,13,0,0,186,0,97,208,2,0,0,2,0,0,206,30,81,20,16,26,5,14,4,0,97,90,7.5
Michael Boganowski,184588,S,OKLAHOMA,13,12,0,40.0,0,0,261,0,0,61.2,68.7,82.5,68.9,79.5,83.2,0,0,0,0,19.0,6.1,2,0,1,51.7,4,1,0,81,1,136,245,3,0,0,3,0,130,242,2,107,29,5,19,1,10,1,0,39,19,9.8
Eli Bowen,184589,CB,OKLAHOMA,9,5,0,55.6,0,0,261,0,0,73.0,73.4,84.9,59.0,71.3,58.0,0,0,1,2,37.0,18.2,6,2,2,60.1,20,0,0,38,399,271,462,12,0,0,12,0,2,450,1,190,10,7,22,0,36,0,1,221,71,11.1
Wyatt Gilmore,184593,ED,OKLAHOMA,4,0,0,,0,1,261,0,0,60.0,81.3,73.5,83.1,62.0,71.1,0,1,0,0,,,0,0,0,0.0,0,1,0,0,0,1,13,13,0,0,12,1,0,0,8,4,0,1,0,0,0,2,0,0,0,
Jaydan Hardy,184594,S,OKLAHOMA,12,0,0,62.5,0,0,261,0,0,59.9,58.5,82.2,60.0,51.7,35.5,0,1,0,1,29.0,36.4,4,0,1,60.9,5,0,0,38,0,108,163,1,0,0,1,0,88,162,1,54,35,2,7,0,8,1,0,89,24,17.8
Jayden Jackson,184596,DI,OKLAHOMA,12,8,0,,0,0,261,0,0,78.3,69.2,56.8,61.2,70.5,66.6,1,7,0,0,,8.0,2,0,1,0.0,0,3,0,2,0,0,308,305,71,202,11,21,0,3,175,133,0,15,15,1,0,11,0,0,0,
Jacob Jordan,184597,WR,OKLAHOMA,1,0,0,,0,0,261,0,0,,60.0,60.0,,60.0,,0,0,0,0,,,0,0,0,0.0,0,0,0,0,0,0,1,0,0,0,0,0,0,1,0,1,0,0,0,0,0,0,0,0,0,
James Nesta,184600,LB,OKLAHOMA,5,2,0,75.0,0,0,261,0,0,31.7,53.9,74.3,83.7,76.3,77.8,0,1,0,0,12.0,0.0,0,0,0,94.8,3,0,0,36,0,19,40,1,0,0,1,0,0,39,4,17,2,1,1,0,4,1,0,29,9,9.7
Danny Okoye,184601,ED,OKLAHOMA,11,2,0,,0,0,261,0,0,65.1,75.2,81.8,74.0,70.5,80.2,1,3,0,0,,0.0,0,0,0,0.0,0,2,0,2,0,19,107,105,0,3,96,6,0,2,49,39,0,6,4,0,0,6,0,0,0,
Reggie Powers III,184602,S,OKLAHOMA,13,9,1,81.8,1,1,261,0,0,65.9,67.4,0.0,69.6,73.8,66.1,1,2,0,0,40.0,15.8,6,0,2,105.1,18,1,0,82,2,187,333,32,0,0,32,0,55,301,29,117,161,14,23,1,22,4,0,203,113,11.3
Nigel Smith II,184604,DI,OKLAHOMA,3,0,0,,0,0,261,0,0,60.0,76.9,72.0,68.4,69.3,70.1,0,2,0,0,,0.0,0,0,0,0.0,0,0,0,0,0,0,13,13,1,11,1,0,0,0,8,5,0,0,1,0,0,2,0,0,0,
David Stone,184605,DI,OKLAHOMA,13,9,0,,0,0,261,0,0,67.8,76.4,27.6,68.1,80.7,70.1,4,20,0,0,,10.0,4,0,3,0.0,0,2,0,2,0,3,454,451,80,301,29,41,0,3,280,171,0,27,27,9,0,26,0,0,0,
Kaleb Neal,184615,S,APP STATE,1,0,0,,0,0,108,0,0,60.0,63.4,67.5,,60.4,,0,0,0,0,,,0,0,0,0.0,0,0,0,1,0,1,3,1,0,0,1,0,0,2,0,2,1,0,0,0,0,0,0,0,0,
Kevon Merrell Jr.,184625,CB,E CAROLINA,12,12,0,71.4,0,0,156,0,0,73.5,69.7,86.2,58.4,62.5,72.0,0,3,0,0,15.0,12.9,4,2,0,81.8,10,0,0,70,2,152,323,55,0,0,55,0,4,268,22,149,192,9,15,4,14,3,0,68,72,6.8
Jiquavious Marshall,184629,CB,LIBERTY,7,1,0,50.0,0,0,206,0,0,71.2,72.1,75.5,,68.1,78.2,0,0,0,1,11.0,0.0,0,0,0,27.1,1,0,0,4,40,21,48,0,0,0,0,0,1,48,0,27,2,0,2,0,2,0,0,11,7,11.0
Terhyon Nichols,184635,CB,KENTUCKY,7,6,0,51.9,0,0,202,0,0,63.9,67.5,83.6,56.7,80.6,73.3,1,0,0,0,62.0,12.5,3,3,1,96.1,14,0,0,18,290,177,330,9,0,0,9,0,7,321,2,151,6,7,15,1,27,1,1,249,99,17.8
Jason Patterson,184636,HB,KENTUCKY,1,0,0,,1,0,202,0,0,,60.1,60.0,,60.0,,0,0,0,0,,,0,0,1,0.0,0,0,0,0,0,0,1,0,0,0,0,0,0,1,0,1,0,0,0,0,0,0,0,0,0,
Antwan Smith,184640,LB,KENTUCKY,8,6,0,83.3,0,0,202,0,0,38.3,38.7,77.5,61.3,44.4,47.2,1,1,0,0,23.0,23.1,3,0,0,118.8,5,0,0,90,0,49,97,4,0,0,4,0,0,93,5,43,3,0,4,0,6,2,0,83,65,16.6
Jerod Smith II,184641,ED,KENTUCKY,12,5,0,,0,1,202,0,0,60.6,71.7,53.9,63.5,76.6,68.4,2,8,0,0,,11.1,3,0,1,0.0,0,1,0,4,0,0,283,278,0,48,131,99,0,5,165,118,0,14,19,3,0,11,0,0,0,
Steven Soles Jr.,184642,ED,KENTUCKY,11,1,2,100.0,0,2,202,0,0,48.7,78.1,0.0,90.0,72.7,52.8,2,13,0,0,19.0,30.8,4,0,3,104.2,3,6,0,7,0,17,184,171,0,0,171,0,0,13,110,57,6,12,8,1,3,21,0,27,25,9.0
Bobby Arnold,184644,S,UTAH ST,10,3,0,63.2,1,0,329,0,0,66.7,65.7,84.4,50.4,63.8,52.5,0,0,0,0,53.0,12.0,3,1,1,131.1,12,0,0,30,1,138,190,12,0,0,12,0,31,178,9,43,116,8,19,1,19,0,3,168,54,14.0
Isaiah Crumpler,184653,S,RUTGERS,1,0,0,,0,0,278,0,0,60.0,60.1,68.0,,60.0,,0,0,0,0,,,0,0,0,0.0,0,0,0,2,0,1,3,0,0,0,0,0,1,3,0,2,0,0,0,0,0,0,0,0,0,
Kevin Levy,184661,CB,RUTGERS,8,0,0,75.0,1,0,278,0,0,41.2,39.0,0.0,54.9,55.3,38.3,0,0,0,0,35.0,33.3,1,0,1,116.7,3,0,0,4,54,28,67,7,0,0,7,0,0,60,2,37,2,0,2,0,4,0,0,56,20,18.7
Kaj Sanders,184665,S,RUTGERS,12,13,0,75.8,0,0,278,0,0,38.3,45.6,86.8,59.8,58.5,68.1,1,1,0,0,56.0,13.3,10,0,2,154.8,25,0,0,373,8,323,620,31,0,0,30,1,121,589,14,283,87,12,52,0,33,2,6,396,247,15.8
D.J. Bennett,184669,DI,C MICHIGAN,12,3,2,,0,0,134,0,0,49.6,40.6,83.1,54.5,32.6,61.6,0,3,0,0,,22.2,2,0,0,0.0,0,0,0,6,0,8,271,265,86,151,2,26,0,6,156,107,0,3,4,0,0,3,0,0,0,
Jaion Jackson,184672,CB,C MICHIGAN,12,12,0,57.1,0,1,134,1,0,64.1,66.4,49.0,65.2,73.4,68.5,2,2,0,1,40.0,15.8,9,5,3,68.8,28,2,0,31,145,316,573,28,0,0,28,0,13,545,27,230,356,16,36,3,49,6,0,325,180,11.6
Pius Odjugo,184674,DI,OHIO,9,9,0,,0,0,259,1,0,58.7,69.7,53.4,70.2,68.9,74.9,4,13,0,0,,3.8,1,0,1,0.0,0,0,0,0,0,2,280,280,33,245,1,1,0,0,127,151,0,14,16,1,0,17,0,0,0,
Bryce Rowe,184675,CB,C MICHIGAN,5,1,0,77.8,0,0,134,0,0,73.2,69.8,83.6,55.3,58.4,66.9,0,1,0,0,36.0,11.1,1,0,0,98.6,7,0,0,1,1,38,88,8,0,0,8,0,1,80,3,47,77,4,7,1,9,1,0,69,17,9.9
Brock Townsend,184677,HB,C MICHIGAN,1,0,0,,0,0,134,0,0,,60.0,60.0,,60.0,,0,0,0,0,,,0,0,0,0.0,0,0,0,0,0,0,1,0,0,0,0,0,0,1,0,1,0,0,0,0,0,0,0,0,0,
Xavier White,184678,LB,C MICHIGAN,12,6,0,100.0,0,0,134,0,0,51.2,58.4,80.0,64.6,64.8,57.2,1,4,0,0,19.0,18.2,4,0,0,139.4,9,0,0,129,0,79,174,15,0,0,15,0,0,159,19,76,29,1,12,0,9,5,1,77,33,8.6
Chauncey Davis,184681,CB,COLO STATE,1,0,0,,0,0,144,0,0,,60.0,66.0,,60.0,,0,0,0,0,,,0,0,0,0.0,0,0,0,0,2,0,2,0,0,0,0,0,0,2,0,2,0,0,0,0,0,0,0,0,0,
Garrett Keeler,184682,ED,COLO STATE,1,0,0,,0,0,144,0,0,,60.0,65.6,,60.0,,0,0,0,0,,,0,0,0,0.0,0,0,0,0,2,0,2,0,0,0,0,0,0,2,0,2,0,0,0,0,0,0,0,0,0,
Devin Henderson,184688,S,LIBERTY,8,5,0,44.4,0,0,206,0,0,70.8,75.0,81.2,65.6,82.3,87.9,0,0,0,0,41.0,3.8,1,0,0,61.8,4,0,0,64,3,135,228,0,0,0,0,0,118,228,2,91,42,10,20,0,9,0,0,49,30,12.3
Ronald Moore Jr.,184694,S,LIBERTY,1,0,0,0.0,0,0,206,0,0,70.8,71.6,72.7,60.0,60.0,,0,0,0,0,,,0,1,0,39.6,0,0,0,1,1,5,9,1,0,0,1,0,1,8,1,3,5,0,0,0,1,0,0,0,0,
Caden Williams,184698,HB,LIBERTY,2,0,0,,0,0,206,0,0,,60.9,60.1,,60.0,,0,0,0,0,,,0,0,0,0.0,0,0,0,0,0,0,2,0,0,0,0,0,0,2,0,2,0,0,0,0,0,0,0,0,0,
Chason Clark,184699,LB,MARSHALL,7,2,0,50.0,0,0,214,0,0,58.0,55.3,78.7,55.9,55.3,81.8,0,0,0,0,7.0,0.0,0,0,0,58.3,1,0,0,38,0,18,68,22,0,4,16,2,0,46,20,30,8,3,5,1,2,0,0,7,0,7.0
Mond Cole,184709,DI,MEMPHIS,4,0,0,,0,0,218,1,0,59.8,64.5,74.7,60.9,64.8,70.1,0,2,0,0,,0.0,0,0,0,0.0,0,0,0,0,0,1,18,18,15,3,0,0,0,0,9,8,0,1,1,0,0,2,0,0,0,
Samson Israel,184712,CB,MEMPHIS,10,2,0,57.9,0,0,218,0,0,53.5,58.1,79.6,,74.5,76.9,0,0,0,1,39.0,5.6,1,1,0,83.2,11,0,0,32,164,102,197,1,0,0,1,0,0,196,0,95,0,1,15,1,19,0,1,170,31,15.5
Brett Karhu,184713,ED,NEW MEXICO,12,10,1,100.0,0,1,241,0,0,75.3,70.0,72.5,74.7,56.3,73.6,8,16,0,0,10.0,9.1,2,0,1,147.9,1,7,0,2,0,10,537,534,0,55,454,25,0,3,308,219,0,15,10,2,1,31,1,10,3,10.0
Nate Thomason,184720,LB,MEMPHIS,1,0,0,,0,0,218,0,0,,60.0,60.0,,60.0,,0,0,0,0,,,0,0,0,0.0,0,0,0,0,0,0,1,0,0,0,0,0,0,1,0,1,0,0,0,0,0,0,0,0,0,
Mike Gerald,184724,CB,MINNESOTA,5,3,0,71.4,0,0,225,0,0,48.7,47.1,79.5,,42.9,62.7,0,0,0,0,48.0,18.2,2,2,1,113.7,10,0,0,5,111,75,120,0,0,0,0,0,2,120,0,45,2,0,6,0,14,0,0,209,60,20.9
Cedrick Beavers,184734,CB,OLE MISS,6,1,0,66.7,0,0,226,0,0,68.4,67.7,79.2,,59.9,43.7,0,0,0,1,18.0,25.0,2,2,0,39.8,6,0,0,3,115,62,118,0,0,0,0,0,0,118,0,56,0,3,5,2,9,0,0,47,19,7.8
Raymond Collins,184738,LB,OLE MISS,3,0,0,,0,0,226,0,0,62.2,59.5,69.3,,56.0,77.5,0,0,0,0,,0.0,0,0,0,0.0,0,0,0,7,0,2,7,0,0,0,0,0,0,7,0,5,0,1,3,0,0,0,0,0,0,
Paris Evans,184739,ED,OLE MISS,1,0,0,,0,0,226,0,0,,60.0,65.2,,60.0,,0,0,0,0,,,0,0,0,0.0,0,0,0,0,0,0,1,1,0,0,1,0,0,0,0,1,0,0,0,0,0,0,0,0,0,
Kam Franklin,184741,ED,OLE MISS,13,11,1,,0,1,226,0,0,70.1,70.4,55.6,65.5,69.2,71.1,5,33,0,0,,9.1,5,1,2,0.0,0,4,0,2,0,2,596,594,4,160,323,107,0,2,321,273,0,31,39,3,0,42,0,0,0,
Andy Jaffe,184743,S,OLE MISS,3,0,0,,0,0,226,0,0,62.0,64.2,70.1,,63.4,73.1,0,0,0,0,,0.0,0,0,0,0.0,0,0,0,7,0,5,11,0,0,0,0,0,1,11,0,6,3,1,1,0,0,0,0,0,0,
Anthony Robinson III,184746,S,OLE MISS,3,0,0,50.0,0,0,226,0,0,40.3,32.4,75.4,,32.6,22.2,0,0,0,0,10.0,100.0,1,0,1,100.0,2,0,0,5,0,14,25,0,0,0,0,0,8,25,0,11,12,0,0,0,4,0,1,16,14,8.0
Jeffery Rush Jr.,184747,ED,OLE MISS,3,0,0,,0,0,226,0,0,,43.6,73.4,45.7,53.1,21.2,0,2,0,0,,100.0,2,0,0,0.0,0,0,0,0,0,0,15,15,0,4,9,2,0,0,8,7,0,0,0,0,0,2,0,0,0,
Stonka Burnside,184751,S,MISS STATE,1,0,0,100.0,0,0,227,0,0,48.6,49.9,72.1,,60.0,,0,0,0,0,7.0,,0,0,0,135.4,1,0,0,5,0,11,13,0,0,0,0,0,8,13,0,2,0,0,0,0,1,0,1,7,0,7.0
Elijah Cannon,184752,CB,MISS STATE,1,0,0,0.0,0,0,227,0,0,71.4,71.7,72.6,,61.2,,0,0,0,0,,,0,0,0,39.6,0,0,0,0,15,4,15,0,0,0,0,0,0,15,0,11,0,0,0,0,1,0,0,0,0,
Marcus Ross,184761,LB,LA MONROE,12,7,0,61.5,0,3,209,0,0,71.1,71.4,0.0,62.2,75.0,54.1,1,7,0,0,17.0,19.5,8,0,3,103.4,8,3,0,313,0,186,389,17,0,0,17,0,0,372,45,158,59,22,26,3,13,11,1,76,75,9.5
Ashun Shepphard,184762,DI,MISS STATE,2,1,0,,0,0,227,0,0,62.2,61.4,74.1,56.3,57.8,74.7,0,0,0,0,,0.0,0,0,0,0.0,0,0,0,0,0,0,26,26,0,20,2,4,0,0,15,11,0,3,3,0,0,0,0,0,0,
Tyler Woodard,184766,S,MISS STATE,2,0,0,100.0,0,0,227,0,0,61.2,66.7,77.2,60.0,72.6,46.9,0,0,0,0,3.0,25.0,1,0,0,79.2,1,0,0,15,0,22,42,6,0,0,6,0,8,36,1,19,13,2,3,0,1,0,0,3,6,3.0
Joseph Harper,184773,LB,SO MISS,12,10,2,73.3,0,0,296,0,0,47.4,65.1,24.5,61.1,79.8,80.7,1,4,0,0,27.0,5.1,2,0,1,94.3,11,0,0,191,0,82,248,38,0,0,37,1,0,210,37,129,18,16,27,0,15,5,0,112,52,10.2
Jameer Lewis,184776,ED,SO MISS,11,8,0,100.0,0,0,296,0,0,67.1,69.3,26.6,77.2,60.7,44.9,3,7,0,0,10.0,22.2,6,0,2,93.8,4,3,0,3,0,17,256,253,0,0,253,0,0,3,120,119,0,12,13,2,4,13,0,26,33,6.5
Caleb Moore,184780,DI,GA SOUTHRN,12,8,1,,1,0,174,1,0,70.4,59.2,48.9,58.8,58.4,82.0,1,6,0,0,,0.0,0,0,2,0.0,0,2,0,1,0,1,509,507,59,401,25,22,0,2,244,264,0,12,14,0,0,9,0,0,0,
Sekou Kromah,184788,ED,TEMPLE,7,2,1,,0,0,306,0,0,59.6,73.9,40.3,77.0,66.2,49.3,2,15,0,0,,25.0,3,0,1,0.0,0,3,0,15,0,2,199,184,5,35,81,63,0,15,125,72,0,9,7,1,0,20,0,0,0,
Eric Stuart,184793,LB,TEMPLE,11,11,0,83.3,0,0,306,1,0,62.6,53.8,19.1,63.5,47.4,82.1,0,1,0,0,22.0,4.7,2,0,1,98.3,10,0,0,258,0,133,279,1,0,0,1,0,0,278,14,132,20,18,30,2,12,1,0,91,92,9.1
Katin Surprenant,184794,LB,TEMPLE,10,12,0,100.0,0,4,306,0,0,43.2,68.0,81.3,57.9,82.3,54.3,0,1,0,0,32.0,15.7,8,0,0,118.8,8,1,0,270,0,96,290,0,0,0,0,0,0,290,13,181,19,17,31,2,8,2,0,110,95,13.8
Jesse Chukwu,184799,DI,TEXAS A&M,1,0,0,,0,0,312,0,0,,52.4,71.5,,55.0,,0,0,0,0,,,0,0,0,0.0,0,0,0,0,0,0,5,5,0,0,5,0,0,0,0,5,0,0,0,0,0,0,0,0,0,
Myles Davis,184800,S,TEXAS A&M,8,2,0,,0,0,312,0,0,68.2,66.4,78.4,47.2,67.6,56.4,0,0,0,0,,12.5,1,0,0,0.0,0,0,0,41,0,30,73,4,0,0,4,0,22,69,3,40,6,5,5,1,0,0,0,0,0,
Dashawn Fillmore,184801,S,TEXAS A&M,1,0,0,,0,0,312,0,0,60.7,60.9,67.1,,60.0,,0,0,0,0,,,0,0,0,0.0,0,0,0,2,0,2,3,0,0,0,0,0,1,3,0,1,0,0,0,0,0,0,0,0,0,
Kendall Jackson,184805,ED,TEXAS A&M,3,0,0,,0,0,312,0,0,,72.7,74.1,61.2,72.8,72.2,0,0,0,0,,0.0,0,0,0,0.0,0,0,0,0,0,0,13,13,0,0,12,1,0,0,9,4,0,1,1,1,0,0,0,0,0,
Tristan Jernigan,184806,LB,TEXAS A&M,1,0,0,,0,0,312,0,0,60.0,78.4,70.6,59.4,78.8,77.5,0,0,0,0,,0.0,0,0,0,0.0,0,0,0,10,0,1,10,0,0,0,0,0,0,10,1,8,0,2,3,1,0,0,0,0,0,
Jordan Lockhart,184808,LB,TEXAS A&M,10,6,0,87.5,0,0,312,0,0,67.4,67.8,0.0,74.8,65.3,74.4,0,0,0,0,13.0,7.7,1,0,1,79.2,7,2,0,96,0,59,122,4,0,0,4,0,0,118,4,59,21,5,6,2,8,2,0,16,40,2.3
Jordan Pride,184809,CB,TEXAS A&M,1,0,0,,0,0,312,0,0,60.0,60.7,67.6,,60.0,,0,0,0,0,,,0,0,0,0.0,0,0,0,3,0,1,5,0,0,0,0,0,2,5,0,4,0,0,0,0,0,0,0,0,0,
Solomon Williams,184814,ED,TEXAS A&M,4,1,0,,0,0,312,0,0,61.2,76.9,0.0,78.9,70.2,55.0,1,2,0,0,,20.0,1,0,1,0.0,0,0,0,0,0,0,35,35,0,3,31,1,0,0,14,21,0,3,3,3,0,3,0,0,0,
Kyland Reed,184819,LB,BAYLOR,12,12,0,75.0,0,1,118,1,0,65.8,58.7,24.1,58.4,55.6,52.8,1,8,0,0,18.0,17.5,11,1,2,87.1,21,0,0,463,5,218,606,50,0,0,50,0,0,556,72,316,88,20,40,1,28,9,0,151,142,7.2
Kris Wokomah,184823,S,BAYLOR,1,0,0,,0,0,118,0,0,60.0,60.1,67.7,,60.0,,0,0,0,0,,,0,0,0,0.0,0,0,0,0,0,1,3,0,0,0,0,0,3,3,0,2,0,0,0,0,0,0,0,0,0,
Wyatt Archer,184825,S,IOWA STATE,4,0,0,,0,0,193,0,0,60.6,59.9,77.3,58.0,60.7,70.8,0,2,0,0,,,0,0,0,0.0,0,1,0,0,1,2,31,30,0,2,26,2,0,1,25,4,0,1,0,0,0,3,0,0,0,
Cael Brezina,184827,LB,IOWA STATE,12,8,0,90.9,0,1,193,0,0,82.8,69.8,38.7,57.1,58.6,76.5,0,2,0,0,34.0,8.8,3,1,1,113.6,10,0,0,202,0,139,328,72,0,0,72,0,0,256,42,147,54,12,23,1,11,2,0,124,66,12.4
Danny Inglis,184831,LB,IOWA STATE,1,0,0,,0,0,193,0,0,60.0,73.2,66.1,,69.2,73.2,0,0,0,0,,0.0,0,0,0,0.0,0,0,0,3,0,1,3,0,0,0,0,0,0,3,0,2,0,1,1,0,0,0,0,0,0,
Mason Miller,184834,LB,IOWA STATE,1,0,0,0.0,0,0,193,0,0,60.0,69.3,67.6,,56.5,,0,0,0,0,,,0,0,0,39.6,0,0,0,3,0,1,3,0,0,0,0,0,0,3,0,2,0,0,0,0,1,0,0,0,0,
Nick Reinicke,184837,LB,IOWA STATE,3,1,0,,0,0,193,0,0,60.0,55.5,73.0,59.4,54.2,76.3,0,0,0,1,,0.0,0,0,0,0.0,0,0,0,0,0,1,6,2,0,0,2,0,0,4,1,4,4,1,1,0,0,0,0,0,0,
Quentin Taylor,184840,CB,IOWA STATE,10,3,0,61.8,1,0,193,0,0,74.1,72.3,27.6,57.2,67.0,68.4,0,0,0,0,21.0,12.5,3,4,3,89.0,21,0,0,64,330,222,404,4,0,0,4,0,0,400,3,179,6,3,18,1,34,0,1,209,41,10.0
Aydin Breland,184841,DI,OREGON,11,0,0,,0,0,264,0,0,,43.5,0.0,59.8,30.8,,0,8,0,0,,,0,0,1,0.0,0,0,0,0,0,0,56,56,2,36,4,14,0,0,45,11,0,0,0,0,0,8,0,0,0,
Dakoda Fields,184844,CB,OREGON,3,0,0,33.3,0,0,264,0,0,65.5,65.4,75.7,56.5,64.4,73.5,0,0,0,0,7.0,0.0,0,0,0,42.4,1,0,0,2,38,14,41,1,0,0,1,0,0,40,2,25,0,0,1,0,3,0,0,7,2,7.0
Aaron Flowers,184845,S,OREGON,13,25,0,66.7,0,1,264,0,0,67.2,70.2,86.7,54.3,74.0,64.7,0,1,0,1,47.0,15.3,11,0,0,120.4,12,0,0,262,4,331,620,3,0,0,3,0,287,617,6,283,64,10,36,1,18,1,4,200,107,16.7
Tionne Gray,184846,DI,OREGON,11,4,0,,0,0,264,0,0,60.0,63.4,41.6,57.9,68.1,55.2,0,1,0,0,,16.7,2,0,1,0.0,0,0,0,0,0,0,196,196,39,140,0,17,0,0,82,114,0,5,6,1,0,1,0,0,0,
Jericho Johnson,184851,DI,OREGON,7,0,0,,0,0,264,0,0,60.0,66.1,76.9,58.4,60.6,72.1,0,1,0,0,,0.0,0,1,0,0.0,0,0,0,0,0,0,51,51,18,32,0,1,0,0,26,25,0,2,2,0,0,1,0,0,0,
Sione Laulea,184853,CB,OREGON,6,0,0,33.3,0,0,264,0,0,76.7,77.0,78.9,,70.4,53.4,0,0,0,0,16.0,20.0,1,2,0,45.6,3,0,0,7,104,65,116,1,0,0,1,0,0,115,0,51,4,3,4,0,9,0,0,34,20,11.3
Kingston Lopa,184854,S,OREGON,11,4,0,80.0,0,0,264,0,0,62.8,61.3,80.9,,56.9,61.5,0,0,0,0,31.0,18.8,3,1,0,110.8,4,0,0,62,0,91,169,0,0,0,0,0,81,169,0,78,26,4,9,1,5,0,0,53,7,13.3
Jeremiah McClellan,184855,WR,OREGON,1,0,0,,0,0,264,0,0,,60.0,60.0,,60.0,,0,0,0,0,,,0,0,3,0.0,0,0,0,0,0,0,1,0,0,0,0,0,0,1,0,1,0,0,0,0,0,0,0,0,0,
Kamar Mothudi,184858,LB,OREGON,4,1,0,,0,0,264,0,0,64.4,59.1,74.0,56.6,55.8,77.6,0,0,0,0,,0.0,0,0,0,0.0,0,0,0,18,0,7,24,4,0,0,4,0,0,20,3,14,2,0,2,0,0,0,0,0,0,
Brayden Platt,184860,LB,OREGON,3,1,0,66.7,0,0,264,0,0,41.2,55.0,73.4,67.9,72.7,74.3,0,0,0,0,24.0,0.0,0,0,0,137.5,2,0,0,23,0,14,30,2,0,0,2,0,0,28,3,13,3,0,0,0,3,0,1,29,6,14.5
Elijah Rushing,184863,ED,OREGON,7,1,0,,0,0,264,0,0,60.0,51.0,80.1,53.5,50.7,75.4,0,1,0,0,,0.0,0,0,0,0.0,0,0,0,0,0,1,72,72,0,0,64,8,0,0,26,45,0,2,2,0,0,1,0,0,0,
Xadavien Sims,184865,DI,OREGON,2,1,0,,0,0,264,0,0,,43.2,71.3,,45.4,69.7,0,0,0,0,,0.0,0,0,0,0.0,0,0,0,0,0,0,10,10,0,9,0,1,0,0,0,10,0,0,0,0,0,0,0,0,0,
Malakai Hoeft,184873,LB,S JOSE ST,2,0,0,,0,0,285,0,0,60.5,61.2,71.0,60.0,60.0,,0,0,0,0,,,0,0,0,0.0,0,0,0,2,0,2,6,2,0,0,2,0,0,4,2,2,2,0,0,0,0,0,0,0,0,
Nassir Pitters,184876,LB,S JOSE ST,1,0,0,,0,0,285,0,0,60.0,61.0,64.5,,60.0,,0,0,0,0,,,0,0,0,0.0,0,0,0,1,0,1,2,0,0,0,0,0,0,2,0,1,1,0,0,0,0,0,0,0,0,
Kaleb Beasley,184880,S,TENNESSEE,10,3,0,57.1,0,0,307,1,1,64.9,65.7,85.4,64.6,64.4,50.4,0,1,0,0,41.0,20.8,5,1,0,136.3,4,0,0,111,0,169,284,1,0,0,1,0,129,283,4,111,42,3,16,0,7,1,1,79,12,19.8
Boo Carter,184881,CB,TENNESSEE,8,7,0,73.1,0,3,307,0,0,58.4,62.4,83.9,57.2,74.4,61.4,1,4,0,0,56.0,17.9,5,2,1,131.9,19,1,0,54,1,135,239,13,0,0,13,0,10,226,11,93,160,12,16,2,26,6,2,270,186,14.2
Edrees Farooq,184882,S,TENNESSEE,12,17,0,85.7,0,4,307,1,0,67.7,68.5,87.2,90.8,58.2,47.1,0,5,1,2,33.0,21.6,19,2,1,117.0,12,0,0,240,7,363,677,10,0,0,10,0,359,667,24,290,60,9,52,0,14,5,2,169,77,14.1
Marcus Goree Jr.,184884,CB,TENNESSEE,2,0,0,,0,0,307,0,0,65.3,66.0,70.4,,60.5,,0,0,0,0,,,0,0,0,0.0,0,0,0,2,10,9,12,0,0,0,0,0,0,12,0,3,0,0,0,0,0,0,0,0,0,
Kellen Lindstrom,184886,ED,TENNESSEE,3,0,0,100.0,0,0,307,0,0,50.3,54.7,78.6,58.3,60.1,,0,0,0,0,9.0,,0,0,0,104.2,1,0,0,0,0,4,37,35,0,0,35,0,0,2,20,13,2,0,0,0,1,0,0,9,6,9.0
Edwin Spillman,184892,LB,TENNESSEE,12,18,2,88.9,0,0,307,0,0,67.3,77.4,38.7,79.7,78.4,75.8,2,6,0,1,32.0,11.4,8,0,1,94.4,16,3,0,351,1,209,477,44,0,0,44,0,0,433,54,214,81,26,44,2,18,11,1,140,122,8.8
Devynn Cromwell,184896,S,MICH STATE,8,0,0,66.7,0,0,223,0,0,44.4,45.3,78.6,71.8,46.3,27.1,0,1,0,0,39.0,44.4,4,0,0,98.8,6,0,0,40,0,60,95,0,0,0,0,0,40,95,2,33,15,2,5,0,9,1,0,89,40,14.8
Kasen Long,184906,DI,TEXAS TECH,2,0,0,,0,0,315,0,0,,63.6,70.8,56.3,64.7,70.8,0,0,0,0,,0.0,0,0,0,0.0,0,0,0,0,0,0,10,10,1,5,0,4,0,0,8,2,0,1,1,0,0,0,0,0,0,
EJ Fisk,184915,LB,UTAH ST,1,0,0,,0,0,329,0,0,,60.0,64.0,,60.0,,0,0,0,0,,,0,0,0,0.0,0,0,0,3,0,0,3,0,0,0,0,0,0,3,0,3,0,0,0,0,0,0,0,0,0,
Will Holmes,184917,ED,UTAH ST,10,7,0,61.5,0,0,329,1,0,46.9,64.9,69.7,70.7,69.1,43.6,4,12,0,0,18.0,24.0,12,0,1,79.3,8,2,0,33,0,102,489,438,0,2,419,17,0,51,153,234,18,19,31,4,13,18,0,81,56,10.1
Courage Ugo,184921,CB,UTAH ST,2,0,0,66.7,0,0,329,0,0,54.8,54.9,80.0,52.8,59.1,27.9,0,0,0,0,72.0,57.1,4,0,0,143.3,6,0,0,9,111,69,126,3,0,0,3,0,0,123,3,54,3,1,3,0,9,0,1,105,43,17.5
Deric Dandy,184929,ED,VA TECH,3,0,0,,0,0,337,0,0,60.0,65.1,74.2,60.0,65.4,,0,0,0,0,,,0,0,0,0.0,0,0,0,0,0,1,17,17,0,5,9,3,0,0,10,6,0,0,0,0,0,0,0,0,0,
Noah Jenkins,184933,S,VA TECH,1,0,0,,0,0,337,0,0,60.7,61.4,67.9,,60.0,,0,0,0,0,,,0,0,0,0.0,0,0,0,4,0,2,6,0,0,0,0,0,2,6,0,4,0,0,0,0,0,0,0,0,0,
Gerard Johnson III,184934,DI,VA TECH,1,0,0,,0,0,337,0,0,,71.8,69.5,59.2,69.5,69.7,0,0,0,0,,0.0,0,0,0,0.0,0,0,0,0,0,0,6,6,0,6,0,0,0,0,2,4,0,1,1,0,0,0,0,0,0,
Emmett Laws,184935,DI,VA TECH,12,3,0,,0,0,337,0,0,68.0,72.3,81.2,74.1,64.2,60.6,0,4,0,0,,16.7,2,0,0,0.0,0,2,1,2,0,0,161,159,60,93,0,6,0,2,80,81,0,7,7,0,0,6,0,0,0,
Quentin Reddish,184938,S,VA TECH,3,1,0,0.0,0,0,337,0,0,77.4,73.5,78.8,,65.4,81.5,0,0,0,1,,7.1,1,0,0,0.0,0,0,0,51,0,44,110,1,0,0,1,0,40,109,0,66,18,2,12,0,1,0,0,0,0,
Gabe Williams,184941,LB,VA TECH,1,0,0,,0,0,337,0,0,60.0,72.5,66.0,,66.8,73.2,0,0,0,0,,0.0,0,0,0,0.0,0,0,0,1,0,1,2,0,0,0,0,0,0,2,0,1,1,1,1,0,0,0,0,0,0,
Tyrese Boss,184946,CB,WYOMING,12,6,0,57.4,1,0,351,0,0,64.8,62.9,46.4,60.0,55.6,67.1,0,0,0,0,23.0,14.3,7,4,2,71.0,27,0,0,53,552,321,643,1,0,0,1,0,15,642,1,321,22,6,36,0,47,0,0,237,58,8.8
Justin Erb,184951,TE,WYOMING,1,0,0,,0,0,351,0,0,,60.0,60.0,,60.0,,0,0,0,0,,,0,0,0,0.0,0,0,0,0,0,0,1,0,0,0,0,0,0,1,0,1,0,0,0,0,0,0,0,0,0,
Markie Grant,184952,CB,WYOMING,12,8,0,46.2,0,0,351,0,0,65.1,64.4,16.7,,64.8,50.0,0,0,0,1,40.0,20.0,6,1,4,60.4,12,0,0,32,263,153,316,3,0,0,3,0,1,313,0,163,17,5,16,0,26,0,1,144,73,12.0
David Leonard,184959,S,WYOMING,2,0,0,,0,0,351,0,0,,63.1,66.5,,61.1,,0,0,0,0,,,0,0,0,0.0,0,0,0,3,0,0,4,0,0,0,0,0,0,4,0,4,0,0,0,0,0,0,0,0,0,
Gary Rutherford,184968,LB,WYOMING,11,4,0,50.0,0,0,351,0,0,65.5,65.8,77.5,56.6,64.7,70.8,0,0,0,0,4.0,0.0,0,0,0,56.3,1,0,0,48,2,19,69,14,0,0,14,0,0,55,4,46,5,5,8,1,2,0,0,4,7,4.0
Tegen Seeds,184971,DI,WYOMING,7,1,0,,0,0,351,0,0,66.3,53.9,0.0,60.4,57.7,69.7,0,1,0,1,,0.0,0,0,2,0.0,0,0,0,0,0,0,47,47,9,34,0,4,0,0,19,28,0,0,0,0,0,1,0,0,0,
Jamir Benjamin,184976,CB,UCLA,8,1,0,40.0,0,0,324,0,0,50.4,55.7,75.5,,66.4,82.0,0,0,0,0,14.0,0.0,0,0,0,97.5,2,0,0,12,52,22,67,0,0,0,0,0,0,67,0,45,3,3,5,0,5,0,1,27,0,13.5
Khristian Dunbar-Hawkins,184978,CB,N CAROLINA,3,0,0,100.0,0,0,245,0,0,61.6,62.0,75.6,,60.8,,0,0,0,0,16.0,,0,0,0,118.8,1,0,0,0,10,20,28,0,0,0,0,0,0,28,0,8,18,0,0,0,1,0,0,16,0,16.0
Isaiah Patterson,184981,LB,UNLV,11,4,0,93.8,0,0,325,0,0,42.9,50.6,81.3,61.5,60.8,60.6,0,0,0,0,48.0,18.5,5,1,0,134.9,15,1,0,137,5,82,166,11,0,0,11,0,0,155,10,74,11,9,18,1,16,1,1,182,119,12.1
Zavien Abercrombie,185126,CB,NEVADA,3,0,0,100.0,0,0,239,0,0,43.2,44.7,73.2,,60.9,73.5,0,0,0,0,22.0,0.0,0,0,0,118.8,2,0,0,2,14,8,17,1,0,0,1,0,0,16,0,9,0,0,1,0,2,0,0,30,-1,15.0
Dylan Manuel,185156,DI,APP STATE,12,10,0,,1,0,108,0,0,62.7,71.4,12.9,69.8,73.1,68.0,4,12,0,1,,9.1,3,0,4,0.0,0,3,0,0,0,0,434,434,27,354,2,51,0,0,238,196,0,12,20,5,0,19,0,0,0,
Turner Schmidt,185205,ED,JAMES MAD,4,0,0,,0,0,197,0,0,60.0,58.2,76.9,60.9,53.9,71.5,0,1,0,0,,0.0,0,0,0,0.0,0,0,0,0,0,1,34,34,0,3,29,2,0,0,23,10,0,1,1,0,0,1,0,0,0,
Sanders Ellis,185222,LB,PURDUE,8,1,0,100.0,0,0,273,0,0,50.2,44.9,75.0,72.6,38.5,49.7,0,0,0,0,35.0,25.0,1,0,0,118.8,1,1,0,30,0,11,34,2,0,0,2,0,0,32,5,18,2,1,2,0,1,1,0,35,18,35.0
Caden Marshall,185228,LB,BOWL GREEN,7,13,0,83.3,0,0,122,0,0,64.2,60.6,79.8,70.8,53.3,73.3,1,3,0,0,42.0,10.0,4,3,0,125.2,15,1,0,281,0,160,324,5,0,0,5,0,0,319,13,151,38,15,23,3,18,5,1,173,98,11.5
Tyler Moore,185231,DI,COAST CAR,6,3,0,,0,0,141,0,0,,73.0,81.5,67.7,71.7,64.6,1,3,0,0,,10.0,1,0,0,0.0,0,0,0,0,0,0,112,112,106,5,0,1,0,0,51,61,0,4,6,0,0,4,0,0,0,
Meikhi Cuttino,185320,LB,DELAWARE,5,0,0,100.0,0,0,151,0,0,66.1,61.1,76.0,57.7,53.7,44.3,0,0,0,0,11.0,25.0,1,0,0,100.0,2,0,0,6,0,11,24,9,0,0,9,0,0,15,3,10,9,0,3,0,2,0,0,16,1,8.0
Colin Gallagher,185321,LB,DELAWARE,11,8,0,75.0,0,0,151,0,0,51.4,63.4,81.5,45.6,77.0,61.1,1,4,0,0,19.0,13.6,3,0,1,93.8,3,0,0,153,0,61,158,3,0,0,3,0,0,155,12,85,2,8,11,1,4,5,0,28,30,9.3
Alex Nash-Lally,185324,S,DELAWARE,1,0,0,,0,0,151,0,0,63.5,63.1,67.2,,60.0,76.2,0,0,0,0,,0.0,0,0,0,0.0,0,0,0,2,0,4,5,0,0,0,0,0,3,5,0,1,0,1,1,0,0,0,0,0,0,
Trace Scott III,185326,ED,DELAWARE,12,4,0,,0,0,151,0,0,60.2,66.4,3.8,63.9,72.4,44.8,2,6,0,0,,30.8,4,0,3,0.0,0,3,0,0,0,2,256,256,0,54,101,101,0,0,140,114,0,5,5,0,0,11,0,0,0,
Kaeden Singleton,185328,ED,DELAWARE,10,1,0,,0,0,151,0,0,61.0,60.0,80.2,53.7,64.7,76.4,0,2,0,0,,0.0,0,0,0,0.0,0,1,0,3,0,2,72,68,0,0,57,11,0,4,35,35,1,2,1,0,0,3,0,0,0,
Breylan Thompson,185444,CB,STANFORD,1,0,0,100.0,0,0,300,0,0,53.3,47.4,72.3,,48.4,77.9,0,0,0,0,18.0,0.0,0,0,0,118.8,1,0,0,4,0,4,13,1,0,0,1,0,0,12,0,9,8,0,2,0,1,0,0,18,1,18.0
Devin Rutherford,185506,CB,MO STATE,10,0,0,86.7,0,0,230,0,0,44.4,43.0,0.0,57.2,49.2,31.3,0,0,0,0,23.0,28.6,2,1,1,135.6,13,0,0,21,0,93,124,4,0,0,4,0,0,120,2,29,98,1,5,0,15,0,1,168,66,12.9
Jashawn Cooper,185518,LB,MO STATE,4,1,0,66.7,0,0,230,0,0,58.8,61.0,76.0,65.8,60.7,61.2,0,0,0,0,3.0,14.3,1,0,0,70.1,2,1,0,53,0,38,67,3,0,0,3,0,0,64,4,25,11,4,5,0,3,1,0,5,9,2.5
Trey Ridley,185549,S,WASH STATE,3,0,0,0.0,0,0,341,0,0,56.5,53.3,73.9,,51.9,37.5,0,0,0,0,,33.3,1,0,0,39.6,0,0,0,11,0,10,25,0,0,0,0,0,14,25,0,15,0,0,2,0,1,0,0,0,0,
Mekhi Rodgers,185758,CB,JAMES MAD,12,3,0,33.3,0,0,197,0,0,58.2,58.4,79.2,66.4,55.5,66.0,1,0,0,0,29.0,11.1,1,0,2,47.4,5,0,0,19,105,80,129,2,0,0,2,0,1,127,3,46,1,2,5,0,15,1,0,63,4,12.6
EJ Moore Jr.,185907,DI,MARYLAND,11,2,0,,0,0,215,0,0,60.0,56.7,81.1,54.7,59.6,43.9,1,1,0,0,,14.3,1,0,0,0.0,0,0,0,0,0,0,173,173,4,92,43,34,0,0,80,93,0,3,4,0,0,2,0,0,0,
Simeon Mitchell,186020,DI,ARK STATE,12,13,1,,0,0,113,0,0,65.7,58.9,67.3,54.6,60.2,78.3,1,6,0,0,,2.8,1,0,1,0.0,0,0,0,0,0,0,501,501,99,388,4,10,0,0,248,253,0,16,22,2,0,7,0,0,0,
Delvon Gulley,186052,CB,UAB,10,7,1,66.7,1,0,321,0,0,55.8,59.9,28.7,67.2,72.0,50.5,0,0,0,0,60.0,12.5,3,5,6,121.5,18,0,0,86,303,171,396,5,0,0,5,0,0,391,6,219,2,7,14,1,27,0,2,254,118,14.1
Brody Bujnoch,186407,LB,AIR FORCE,10,11,0,85.7,0,0,101,0,0,59.6,60.7,81.4,64.2,59.5,77.7,1,0,0,0,24.0,6.3,2,0,0,116.4,12,2,0,157,0,90,209,32,0,0,32,0,0,177,14,105,20,10,19,2,14,3,1,87,80,7.3
Dallas Daley,186414,LB,AIR FORCE,8,12,0,72.0,0,0,101,0,0,58.8,64.7,81.3,74.0,64.6,54.4,1,2,0,0,31.0,18.6,11,2,0,96.9,18,0,0,339,0,183,407,4,0,0,4,0,5,403,43,181,58,20,36,1,25,3,0,209,156,11.6
Luke Fisher,186418,LB,AIR FORCE,6,7,0,87.5,0,0,101,0,0,43.6,48.4,79.9,62.5,53.9,44.9,1,1,0,0,75.0,23.8,5,0,0,158.3,7,0,0,149,1,69,167,7,0,0,7,0,2,160,13,85,8,4,9,0,8,2,1,152,112,21.7
Blake Fletcher,186420,LB,AIR FORCE,12,32,0,83.3,1,0,101,0,0,52.3,63.4,5.6,67.6,71.4,79.5,6,5,0,0,59.0,8.0,9,2,3,111.0,30,0,0,613,1,314,702,29,0,0,29,0,7,673,71,317,51,32,72,1,36,11,0,383,375,12.8
Houston Hendrix,186424,S,AIR FORCE,3,1,0,85.7,0,1,101,0,0,33.1,46.7,78.8,,78.8,28.6,0,0,0,0,80.0,20.0,2,0,0,158.3,6,0,0,48,0,54,108,0,0,0,0,0,44,108,0,54,16,2,7,0,7,0,2,174,75,29.0
Isaac Hubert,186428,ED,AIR FORCE,12,5,1,100.0,0,0,101,0,0,66.1,77.3,90.6,74.6,73.6,75.5,6,25,0,0,9.0,9.1,3,0,0,79.2,6,5,1,30,1,38,564,520,0,0,519,1,1,44,272,254,11,22,25,7,6,36,0,10,14,1.7
Jayden Oquendo,186436,DI,AIR FORCE,5,0,0,,0,0,101,0,0,,63.2,75.6,59.5,63.6,70.2,0,1,0,0,,0.0,0,0,0,0.0,0,0,0,0,0,0,41,41,3,28,0,10,0,0,19,22,0,1,1,0,0,1,0,0,0,
Lukia Rawls Jr.,186440,DI,AIR FORCE,12,3,0,,0,0,101,0,0,60.0,55.0,81.9,63.2,47.6,38.7,0,4,0,0,,27.3,3,0,0,0.0,0,1,0,0,0,0,211,211,59,144,0,8,0,0,117,94,0,4,5,1,0,5,0,0,0,
David Santiago,186443,ED,MICH STATE,12,6,2,66.7,0,1,223,1,0,60.5,72.3,87.5,67.8,76.1,76.9,1,10,0,0,19.0,4.8,1,0,0,93.1,4,2,0,15,0,41,248,231,0,0,230,1,0,17,124,83,0,11,14,3,6,13,0,51,20,12.8
Grant Simmons,186445,WR,AIR FORCE,1,0,0,,0,0,101,0,0,61.4,62.1,66.0,,,,0,0,0,0,,,0,0,0,0.0,0,0,0,0,2,2,2,0,0,0,0,0,0,2,0,0,0,0,0,0,0,0,0,0,0,
Andrew Tillett,186450,DI,AIR FORCE,12,2,1,,0,0,101,0,0,60.0,54.6,81.3,59.7,50.0,56.1,0,4,0,0,,15.4,2,0,0,0.0,0,0,0,2,0,0,228,226,2,159,6,59,0,2,122,106,0,6,9,1,0,4,0,0,0,
Geajorm Akpaloo,186457,LB,COAST CAR,7,6,0,62.5,0,0,141,0,0,57.3,46.0,83.5,52.9,39.0,73.2,1,0,0,0,46.0,7.1,1,1,0,94.3,5,0,0,107,0,54,157,23,0,0,23,0,0,134,19,84,27,1,7,0,8,1,0,77,67,15.4
Jayden Bryant,186460,ED,COAST CAR,12,2,0,,0,0,141,0,0,57.2,63.4,51.6,68.7,60.1,49.2,6,3,0,0,,21.1,4,0,1,0.0,0,2,0,0,0,0,235,235,0,10,188,37,0,0,121,114,0,11,13,3,0,11,0,0,0,
Zach Cody,186462,CB,COAST CAR,4,0,0,40.0,0,0,141,0,0,71.0,63.3,78.5,,29.9,47.3,0,0,0,0,7.0,25.0,1,1,0,47.9,2,0,0,4,87,49,93,1,0,0,1,0,1,92,0,44,0,1,3,1,5,0,0,6,11,3.0
Kadon Crawford,186465,LB,COAST CAR,2,0,0,100.0,0,0,141,0,0,50.8,58.6,66.7,59.9,69.6,72.2,0,0,0,0,7.0,0.0,0,0,0,95.8,1,0,0,5,0,3,9,0,0,0,0,0,0,9,1,5,3,1,2,1,1,0,0,7,2,7.0
Ibrahim Diawara,186466,ED,COAST CAR,12,2,0,,0,2,141,0,0,62.6,79.2,30.3,85.9,66.3,53.7,6,15,0,0,,25.0,3,0,2,0.0,0,3,0,0,0,0,277,277,0,20,232,25,0,0,163,114,0,10,7,3,0,24,0,0,0,
Cohen Fuller,186467,DI,UNLV,12,6,0,,0,0,325,0,0,60.0,54.5,3.6,71.7,48.6,54.9,0,9,0,0,,10.0,2,0,3,0.0,0,1,0,1,0,0,255,253,21,206,5,21,0,2,129,126,0,10,12,2,0,10,0,0,0,
Jaitlin Hampton,186470,CB,LA TECH,7,0,0,50.0,0,0,208,0,0,72.5,72.6,76.2,,63.2,38.8,1,0,0,0,11.0,33.3,1,1,0,56.3,2,0,0,2,35,26,39,0,0,0,0,0,0,39,0,13,1,2,2,0,4,1,0,12,10,6.0
Chase Jackson,186474,CB,COAST CAR,2,0,0,0.0,0,0,141,0,0,53.5,55.7,73.3,,63.3,,0,0,0,0,,,0,0,0,39.6,0,0,0,4,22,10,29,0,0,0,0,0,1,29,0,19,2,0,0,0,1,0,0,0,0,
Se'Von McDowell,186481,LB,COAST CAR,10,9,0,82.6,0,1,141,0,0,64.7,63.2,14.0,62.8,62.4,55.7,2,8,0,0,16.0,20.3,13,0,2,88.8,19,2,0,288,1,213,507,45,0,0,45,0,2,462,61,233,171,17,42,3,23,12,0,122,86,6.4
Deondre Shepherd,186491,S,BALL ST,5,2,0,66.7,0,0,117,0,0,54.2,56.1,79.6,59.6,60.5,40.5,0,0,0,0,13.0,28.6,4,0,0,86.8,2,0,0,74,1,59,121,0,0,0,0,0,19,121,1,61,27,1,8,1,3,0,0,21,20,10.5
Xakery Wiedner,186497,WR,COAST CAR,1,0,0,,0,0,141,0,0,,60.2,73.9,,60.0,,0,0,0,0,,,0,0,0,0.0,0,0,0,0,0,0,1,0,0,0,0,0,0,1,0,1,0,0,0,0,0,0,0,0,0,
Myles Woods,186498,S,COAST CAR,12,9,0,44.4,1,0,141,0,0,63.5,67.7,46.8,60.0,77.9,69.3,0,0,0,3,75.0,13.0,7,4,2,66.4,16,0,0,233,1,335,632,0,0,0,0,0,202,632,1,296,196,11,38,1,36,0,4,216,146,13.5
Aiden Benton,186504,ED,APP STATE,12,10,0,100.0,0,2,108,0,0,59.1,73.3,47.4,74.6,69.8,66.1,1,27,0,0,13.0,11.8,4,0,2,118.8,1,5,0,4,0,4,444,440,0,80,322,38,0,4,243,197,0,16,20,1,1,33,0,13,6,13.0
Eric Willis III,186718,WR,UTEP,1,0,0,,0,0,330,0,0,,60.1,60.0,,60.0,,0,0,0,0,,,0,0,2,0.0,0,0,0,0,0,0,1,0,0,0,0,0,0,1,0,1,0,0,0,0,0,0,0,0,0,
Julien Laventure,186744,DI,AKRON,12,10,0,,1,0,102,1,0,60.8,76.1,71.3,78.4,68.7,31.4,9,24,0,0,,26.7,12,0,1,0.0,0,4,0,4,0,0,657,652,35,437,66,114,0,5,349,308,0,22,23,6,0,37,0,0,0,
Naquan Crowder,186758,ED,MARSHALL,12,9,0,,0,1,214,0,0,65.5,76.5,54.5,62.3,82.8,72.7,1,9,0,0,,10.7,3,1,1,0.0,0,2,0,2,0,1,317,315,26,48,37,204,0,2,172,144,0,9,16,2,0,12,0,0,0,
Rashan Murray,186770,CB,PITTSBURGH,2,0,0,0.0,0,0,268,0,0,57.7,59.1,76.1,,63.5,74.2,0,0,0,0,,0.0,0,1,2,39.6,0,0,0,0,44,20,44,0,0,0,0,0,0,44,0,24,0,0,1,0,1,0,0,0,0,
Charles Calhoun,186902,ED,TEMPLE,12,5,0,,0,0,306,0,0,74.2,61.1,15.4,66.0,56.5,48.6,4,4,0,0,,20.0,3,0,2,0.0,0,1,0,10,0,2,202,191,0,8,177,6,0,11,98,102,1,7,7,2,0,9,0,0,0,
Jordan Mack,187309,DI,COAST CAR,12,3,0,,0,1,141,0,0,60.0,73.1,82.7,79.7,62.2,46.8,3,11,0,0,,22.2,2,0,0,0.0,0,0,0,0,0,0,180,180,107,16,47,10,0,0,96,84,0,4,4,0,0,14,0,0,0,
Donte Harrison,187378,CB,N ILLINOIS,10,4,0,45.9,0,0,254,0,0,69.2,72.1,84.5,58.4,80.9,81.7,0,0,0,1,44.0,6.5,2,5,1,61.8,17,0,0,25,458,239,497,6,0,0,6,0,7,491,2,256,1,7,25,1,37,0,1,210,45,12.4
Miles Greer,187426,S,BUFFALO,12,14,0,61.5,0,0,126,1,0,71.9,75.2,88.2,64.6,77.8,80.9,1,2,0,0,16.0,8.6,6,3,2,87.2,16,2,0,243,3,306,631,27,0,0,27,0,174,604,14,311,181,22,50,1,26,5,1,131,55,8.2
Pooh Lawton,187529,S,TEMPLE,11,7,0,84.6,0,0,306,0,0,51.5,56.7,82.9,,63.6,81.0,0,0,0,1,35.0,6.7,2,0,0,121.0,11,0,0,167,1,115,311,0,0,0,0,0,65,311,0,196,78,4,21,1,13,0,3,146,64,13.3
Traevon Mitchell,187601,DI,USF,12,10,0,,0,0,327,0,0,49.8,80.2,66.7,76.7,82.3,60.6,2,28,0,0,,12.5,4,0,2,0.0,0,3,0,1,0,4,439,438,160,259,4,15,0,1,285,150,0,17,18,5,0,33,0,0,0,
Demarcus Hendricks,187816,ED,ARK STATE,12,16,1,100.0,0,1,113,1,0,65.1,76.4,67.6,74.6,72.9,65.8,4,15,0,0,12.0,13.0,6,0,1,104.2,2,8,0,3,0,11,465,461,0,12,353,96,0,4,210,244,1,27,24,5,2,27,0,18,0,9.0
Cody Sigler,188019,DI,ARK STATE,10,5,5,,0,0,113,1,1,61.1,82.1,84.1,75.8,79.7,55.1,0,24,0,0,,14.8,4,0,0,0.0,0,3,0,5,0,0,472,467,18,311,20,118,0,5,258,214,0,18,18,2,0,27,0,0,0,
Qua Moss,188077,S,KANSAS ST,12,5,0,59.5,0,1,199,0,0,74.9,68.2,84.7,69.8,47.9,75.9,1,0,0,2,52.0,11.8,6,2,1,49.9,22,2,0,164,55,286,513,12,0,0,12,0,1,501,14,213,281,21,40,5,37,3,0,185,130,8.4
Demetrius Ballard,188134,ED,BUFFALO,10,4,0,100.0,0,0,126,0,0,62.3,69.7,35.9,74.4,64.1,71.4,2,2,0,0,7.0,10.0,1,0,1,95.8,1,2,0,1,0,3,166,164,0,2,105,57,0,2,75,88,0,3,5,1,1,6,0,7,12,7.0
Kobi Blackwell,188135,CB,BUFFALO,11,3,0,53.6,1,0,126,0,0,79.9,74.0,85.2,,43.5,70.7,0,0,0,1,34.0,9.1,2,6,1,74.9,15,0,0,10,367,205,401,22,0,0,22,0,0,379,0,196,2,5,17,0,28,0,1,209,48,13.9
Will Clark,188137,ED,BUFFALO,4,0,0,,0,0,126,0,0,,59.2,71.9,56.2,61.0,29.2,0,0,0,0,,50.0,1,0,0,0.0,0,0,0,0,0,0,14,14,0,0,6,8,0,0,4,10,0,1,1,1,0,0,0,0,0,
Mikey Crawford,188140,CB,BUFFALO,3,0,0,0.0,0,0,126,0,0,54.1,52.8,74.6,,55.4,77.0,0,0,0,0,,0.0,0,0,1,39.6,0,0,0,0,16,10,18,2,0,0,2,0,0,16,0,8,0,0,2,0,1,0,0,0,0,
Ronnell Davis,188141,CB,BUFFALO,5,0,0,0.0,0,0,126,0,0,66.3,59.8,78.5,60.0,50.4,78.9,0,0,0,0,,0.0,0,0,0,39.6,0,0,0,7,0,12,32,7,0,0,7,0,0,25,1,19,16,1,3,0,1,0,0,0,0,
John Keough,188146,S,BUFFALO,8,2,0,0.0,0,0,126,0,0,67.5,72.2,77.0,,77.0,82.6,0,0,0,0,,0.0,0,0,0,39.6,0,0,0,22,0,32,58,2,0,0,2,0,25,56,0,26,7,1,3,0,1,0,0,0,0,
Shamar Riser-Pressley,188155,ED,BUFFALO,6,2,0,,0,0,126,0,0,,52.7,0.0,51.7,67.0,51.4,0,1,0,0,,25.0,1,0,1,0.0,0,0,0,0,0,0,31,31,0,0,16,15,0,0,14,17,0,0,1,0,0,1,0,0,0,
Tyrell Simmons Jr.,188160,WR,BUFFALO,1,0,0,,0,0,126,0,0,,60.0,60.0,,60.0,,0,0,0,0,,,0,0,0,0.0,0,0,0,0,0,0,1,0,0,0,0,0,0,1,0,1,0,0,0,0,0,0,0,0,0,
Brooklyn Cheek,188168,S,WYOMING,3,0,0,33.3,0,0,351,0,0,66.1,65.4,79.3,,60.4,67.7,0,0,0,0,9.0,12.5,1,0,0,42.4,2,0,0,18,0,64,91,0,0,0,0,0,60,91,0,27,12,2,7,0,6,0,0,15,7,7.5
Khamani Hudson,188171,CB,CAL,1,0,0,,0,0,130,0,0,,60.0,64.5,,60.0,,0,0,0,0,,,0,0,0,0.0,0,0,0,2,1,0,3,0,0,0,0,0,0,3,0,3,0,0,0,0,0,0,0,0,0,
Michael-Anthony Okwura,188178,DI,CAL,6,0,0,,0,0,130,0,0,,57.2,73.2,56.5,58.2,69.7,0,0,0,0,,0.0,0,0,0,0.0,0,0,0,0,0,0,25,25,0,18,0,7,0,0,7,18,0,1,1,0,0,0,0,0,0,
Lendric Barber,188185,ED,CINCINNATI,1,0,0,,0,0,138,0,0,,63.3,69.5,65.3,57.5,,0,1,0,0,,,0,0,0,0.0,0,0,0,0,0,0,7,7,0,1,1,5,0,0,2,5,0,0,0,0,0,1,0,0,0,
Daniel James,188190,CB,CINCINNATI,11,1,0,54.5,0,0,138,0,0,60.4,57.3,10.6,60.0,50.7,84.1,0,0,0,0,30.0,0.0,0,1,3,82.0,6,0,0,36,207,129,253,10,0,0,10,0,0,243,1,123,0,2,9,0,11,0,0,91,12,15.2
George Leibold,188193,LB,CINCINNATI,1,1,0,100.0,0,0,138,0,0,64.2,80.4,72.5,,69.2,78.0,0,0,0,0,1.0,0.0,0,0,0,79.2,1,0,0,8,0,1,11,3,0,0,3,0,0,8,0,10,0,2,2,0,1,0,0,1,3,1.0
Marquaze Parker,188195,ED,CINCINNATI,12,9,0,,0,0,138,0,0,67.9,55.3,61.0,57.1,52.3,59.1,1,13,0,0,,17.4,4,0,1,0.0,0,2,0,3,0,1,357,354,0,5,221,128,0,3,197,159,0,8,10,2,0,16,0,0,0,
Drew Robinson,188198,S,CINCINNATI,1,0,0,,0,0,138,0,0,60.0,60.0,65.4,,60.0,,0,0,0,0,,,0,0,0,0.0,0,0,0,2,0,1,2,0,0,0,0,0,0,2,0,1,0,0,0,0,0,0,0,0,0,
Marqavious Saboor,188199,S,CINCINNATI,1,3,0,0.0,0,0,138,0,0,69.2,74.2,72.2,,70.4,81.5,0,0,0,0,,0.0,0,0,0,39.6,0,0,0,18,0,2,19,0,0,0,0,0,1,19,0,17,0,1,1,0,1,0,0,0,0,
Montay Weedon,188203,LB,CINCINNATI,11,7,0,91.7,0,0,138,0,0,61.9,57.6,85.1,55.7,50.9,29.6,0,3,0,0,30.0,34.3,12,0,0,93.4,11,1,0,83,0,114,249,38,0,0,38,0,2,211,22,113,126,12,16,1,12,4,0,77,72,7.0
Antonio Bottiggi,188220,ED,KENT STATE,10,3,0,,0,0,201,0,0,61.3,63.1,81.3,63.7,60.3,43.6,0,2,0,0,,22.2,2,0,0,0.0,0,0,0,0,0,3,121,121,0,1,99,21,0,0,42,76,0,2,4,1,0,2,0,0,0,
Nylan Brown,188221,LB,KENT STATE,11,11,0,100.0,0,0,201,0,0,57.8,58.5,81.6,66.3,56.7,29.1,2,2,0,0,20.0,30.4,14,0,0,106.0,7,0,0,241,0,95,275,8,0,0,8,0,0,267,20,160,26,14,21,3,7,4,0,66,23,9.4
Martell Buchanan,188222,S,KENT STATE,1,0,0,,0,0,201,0,0,62.4,51.5,0.0,,60.0,,0,0,0,0,,,0,0,1,0.0,0,0,0,0,0,4,7,0,0,0,0,0,6,7,0,3,1,0,0,0,0,0,0,0,0,
Aiden Burgess,188223,DI,KENT STATE,10,4,0,,0,0,201,0,0,61.1,61.6,79.9,61.4,58.9,76.8,0,2,0,0,,11.1,1,0,0,0.0,0,0,0,0,0,0,121,121,24,86,0,11,0,0,47,74,0,2,4,0,0,2,0,0,0,
Josue Cordoba,188224,DI,KENT STATE,12,5,0,,0,0,201,0,0,,60.8,81.0,55.3,62.2,51.6,0,0,0,0,,17.6,3,0,1,0.0,0,0,0,0,0,0,150,150,46,100,0,4,0,0,57,93,0,5,9,1,0,0,0,0,0,
Jaire Rawlison,188236,CB,KENT STATE,12,7,0,57.4,1,0,201,0,0,65.6,66.1,18.3,71.0,69.3,85.5,2,1,0,0,65.0,3.4,2,8,7,116.7,35,1,0,70,597,360,692,16,0,0,16,0,3,676,7,325,6,12,49,2,61,4,8,399,82,11.4
Clinton Robinson,188238,S,KENT STATE,7,1,0,50.0,0,0,201,0,0,65.7,61.3,0.0,57.6,61.5,60.0,0,0,0,1,21.0,28.6,2,0,1,87.5,1,0,0,41,0,38,86,5,0,0,5,0,34,81,3,45,6,1,4,0,2,0,1,21,1,21.0
Jaihien Roy,188239,ED,KENT STATE,12,3,1,,0,0,201,0,0,71.4,62.5,87.0,61.3,57.5,52.0,2,10,0,0,,18.8,3,0,0,0.0,0,2,0,1,0,15,310,308,0,8,249,51,0,2,152,143,1,8,10,1,0,14,0,0,0,
Keyshawn Flowers,188247,LB,MARYLAND,10,6,0,87.5,0,0,215,0,0,65.3,56.1,82.7,58.4,48.1,62.4,0,1,0,0,15.0,14.7,5,0,0,96.4,7,1,0,197,1,90,217,13,0,0,13,0,0,204,20,107,6,14,23,1,8,2,0,57,41,8.1
Kevyn Humes,188251,CB,MARYLAND,11,3,0,79.3,0,0,215,0,0,65.3,61.4,23.8,56.6,46.8,29.3,1,1,0,0,26.0,37.9,11,1,1,102.4,23,0,0,13,39,198,330,7,0,0,7,0,0,323,10,122,271,7,15,0,29,2,1,169,115,7.3
Shamar McIntosh,188256,S,MARYLAND,1,0,0,,0,0,215,0,0,,62.4,66.9,,61.6,74.8,0,0,0,0,,0.0,0,0,0,0.0,0,0,0,2,0,0,4,0,0,0,0,0,2,4,0,4,0,0,1,0,0,0,0,0,0,
Josiah McLaurin,188257,HB,MARYLAND,1,0,0,,0,0,215,0,0,,60.0,60.0,,60.0,,0,0,0,0,,,0,0,0,0.0,0,0,0,0,0,0,1,0,0,0,0,0,0,1,0,1,0,0,0,0,0,0,0,0,0,
Trey Reddick,188261,LB,MARYLAND,11,6,0,93.3,0,0,215,0,0,64.9,56.6,0.0,72.3,52.0,35.7,0,11,0,0,18.0,23.4,15,2,5,96.4,14,1,0,364,0,183,445,73,0,0,73,0,4,372,63,199,4,25,43,3,15,12,0,107,95,7.6
La'khi Roland,188264,CB,MARYLAND,11,7,0,56.0,0,0,215,0,0,71.0,67.7,23.5,,55.6,58.4,0,0,1,3,45.0,16.0,4,0,3,52.0,14,0,0,33,329,193,376,3,0,0,3,0,1,373,0,183,10,5,14,0,25,0,1,177,138,12.6
Jermaine Agee,188269,S,MIAMI OH,4,0,0,100.0,0,1,221,1,1,75.7,67.8,77.0,,44.1,41.7,0,0,0,0,35.0,33.3,1,0,0,158.3,1,0,0,13,0,28,48,0,0,0,0,0,18,48,0,20,16,0,2,0,1,0,1,35,17,35.0
OJ Alexander,188270,DI,MIAMI OH,12,4,0,,0,0,221,0,0,60.0,58.8,80.9,63.4,54.2,57.0,0,2,0,0,,14.3,1,0,0,0.0,0,0,0,0,0,0,187,187,0,186,0,1,0,0,95,92,0,1,2,0,0,2,0,0,0,
Devin Bell,188271,ED,MIAMI OH,10,4,0,,0,0,221,0,0,59.3,63.4,80.4,58.2,69.1,56.5,5,11,0,0,,16.7,2,0,0,0.0,0,0,0,0,0,1,234,234,1,108,9,116,0,0,164,69,0,5,6,1,0,16,0,0,0,
Toney Coleman Jr.,188273,CB,MIAMI OH,11,2,0,72.0,1,1,221,0,0,41.1,43.8,82.3,,59.2,65.4,0,0,0,0,43.0,12.5,3,0,2,138.5,18,0,0,12,235,143,255,3,0,0,3,0,4,252,0,112,0,5,19,0,25,0,5,221,58,12.3
Leo Colombi,188274,S,MIAMI OH,5,2,0,50.0,0,0,221,0,0,69.5,71.2,76.1,,70.1,82.9,0,0,0,0,33.0,0.0,0,1,0,95.8,1,0,0,10,0,28,49,1,0,0,1,0,29,48,0,21,8,0,3,0,2,0,0,33,3,33.0
Donovan Davis,188275,DI,MIAMI OH,2,0,0,,0,0,221,0,0,,51.2,71.4,56.4,55.6,,0,0,0,0,,,0,0,0,0.0,0,0,0,0,0,0,11,11,0,11,0,0,0,0,8,3,0,0,0,0,0,0,0,0,0,
Jayden Fuller,188276,DI,MIAMI OH,10,1,0,,0,2,221,0,0,,73.2,76.6,91.4,41.0,76.8,1,0,0,0,,0.0,0,0,0,0.0,0,2,0,2,0,0,50,48,1,27,8,12,0,2,29,21,0,2,2,0,0,3,0,0,0,
William Goodvine III,188278,DI,MIAMI OH,12,2,0,100.0,0,0,221,0,0,62.2,53.5,77.7,54.4,50.0,74.3,0,0,0,0,-3.0,0.0,0,0,0,79.2,1,0,0,0,0,0,82,82,0,81,0,1,0,0,46,36,0,1,2,1,1,0,0,-3,-1,-3.0
Kaleb Martin,188286,CB,MIAMI OH,10,5,0,61.4,1,0,221,0,0,64.5,63.6,35.0,,60.1,55.6,0,0,0,0,49.0,18.2,8,4,2,115.2,27,0,0,22,460,299,487,1,0,0,1,0,3,486,0,188,1,6,31,0,44,0,4,335,49,12.4
Brach Rice,188289,DI,MIAMI OH,11,7,1,,0,0,221,0,0,60.0,58.3,51.6,64.4,54.9,62.7,3,3,0,0,,7.1,1,0,1,0.0,0,2,0,0,0,0,275,275,1,274,0,0,0,0,133,142,0,6,6,0,0,8,0,0,0,
Kash Dillon,188294,ED,UTAH,12,7,0,0.0,0,1,328,0,0,59.5,63.5,58.3,63.0,63.4,61.7,3,3,0,0,,13.3,4,0,1,39.6,0,4,0,6,0,13,294,288,12,20,239,17,0,6,141,140,0,13,19,1,1,10,0,0,0,
Elijah Elliss,188295,LB,UTAH,10,3,0,100.0,0,0,328,0,0,77.2,77.0,79.8,56.8,76.8,74.7,0,2,0,0,-1.0,9.1,1,0,0,79.2,1,1,0,63,2,24,87,20,0,0,20,0,0,67,20,43,2,6,7,1,1,3,0,-1,3,-1.0
Rabbit Evans,188296,S,UTAH,1,0,0,,0,0,328,0,0,61.7,50.3,68.5,,53.1,21.8,0,0,0,0,,100.0,1,0,0,0.0,0,0,0,3,0,3,6,0,0,0,0,0,2,6,0,3,1,0,0,0,0,0,0,0,0,
Quimari Shemwell,188301,S,CAL,3,1,0,100.0,0,0,130,0,0,59.7,62.5,77.0,,68.6,78.7,0,0,0,0,21.0,0.0,0,0,0,158.3,4,0,0,11,0,29,46,0,0,0,0,0,6,46,0,17,29,1,2,0,4,0,1,50,25,12.5
LaTristan Thompson,188303,CB,UTAH,4,1,0,28.6,0,0,328,0,0,46.1,47.4,79.2,,57.6,64.3,0,0,0,0,7.0,20.0,1,0,0,39.6,2,0,0,1,0,22,40,0,0,0,0,0,0,40,0,18,39,0,3,0,7,0,0,13,3,6.5
Dallas Vakalahi,188304,DI,UTAH,8,2,0,,0,0,328,0,0,56.9,53.9,12.9,59.2,58.6,53.9,0,2,0,0,,18.2,2,0,2,0.0,0,1,0,2,0,0,195,193,20,169,0,4,0,2,95,100,0,3,7,0,0,3,0,0,0,
Elijah Baldwin,188306,ED,UTEP,12,6,2,85.7,0,0,330,0,0,51.3,53.5,55.8,57.3,55.0,79.9,0,5,0,0,30.0,4.3,1,0,1,104.8,6,5,0,54,0,48,307,237,0,0,237,0,0,70,121,138,16,15,16,2,7,10,0,64,56,10.7
Ashton Coker,188308,DI,UTEP,11,8,0,,0,0,330,0,0,61.3,62.6,86.3,57.6,63.1,82.6,1,4,0,0,,0.0,0,0,0,0.0,0,0,0,1,0,2,395,393,298,94,0,1,0,2,181,212,0,10,17,4,0,5,0,0,0,
Justin Content,188309,CB,UTEP,12,11,0,57.9,1,0,330,0,0,61.3,61.4,86.1,60.7,58.7,64.4,1,1,0,1,52.0,15.2,10,7,5,96.7,33,0,0,61,686,380,774,9,0,0,9,0,8,765,13,381,9,20,45,5,57,2,5,335,86,10.2
Kyran Duhon,188312,ED,OKLA STATE,11,6,0,,0,0,262,0,0,60.0,70.1,82.9,61.9,72.6,83.0,0,2,0,0,,0.0,0,0,0,0.0,0,0,0,0,0,1,230,230,0,10,151,69,0,0,110,119,0,11,12,2,0,2,0,0,0,
Allan McCarter,188320,DI,UTEP,2,0,0,,0,0,330,0,0,,65.9,71.5,63.6,62.7,,0,1,0,0,,,0,0,0,0.0,0,0,0,0,0,0,14,14,0,9,0,5,0,0,9,5,0,0,0,0,0,1,0,0,0,
Josh Schuchts,188321,TE,UTEP,1,0,0,,0,0,330,0,0,,60.1,60.0,,60.0,,0,0,0,0,,,0,0,0,0.0,0,0,0,0,0,0,1,0,0,0,0,0,0,1,0,1,0,0,0,0,0,0,0,0,0,
Stratton Shufelt,188322,LB,UTEP,7,3,0,66.7,0,0,330,0,0,56.6,59.0,78.0,60.0,61.1,85.6,1,0,0,0,47.0,0.0,0,2,0,149.3,4,0,0,104,0,46,113,0,0,0,0,0,0,113,12,55,9,4,10,0,6,1,1,120,98,30.0
Ekow Taylor,188325,ED,UTEP,11,2,0,100.0,0,1,330,1,0,47.6,53.3,82.4,63.5,51.8,71.4,0,1,0,0,51.0,14.3,1,0,0,158.3,2,2,0,31,0,16,128,86,0,0,86,0,0,42,43,69,10,3,4,0,2,3,1,60,19,30.0
Brandon Barnes,188330,S,ARK STATE,12,22,0,75.0,0,0,113,0,0,43.2,50.5,88.7,83.8,60.4,54.6,1,0,0,1,54.0,17.7,14,0,0,133.3,18,0,0,294,3,412,793,10,0,0,10,0,423,783,2,379,63,11,43,1,24,1,4,268,139,14.9
Braden Jackson,188342,CB,ARK STATE,2,0,0,50.0,0,0,113,0,0,42.9,29.9,0.0,,,76.6,0,0,0,0,16.0,0.0,0,0,1,77.1,1,0,0,0,5,5,5,0,0,0,0,0,0,5,0,0,0,0,2,0,2,0,0,16,1,16.0
Kemari Nix,188350,LB,ARK STATE,1,0,0,,0,0,113,0,0,,70.2,61.7,,62.5,73.1,0,0,0,0,,0.0,0,0,0,0.0,0,0,0,1,0,0,1,0,0,0,0,0,0,1,0,1,0,1,1,0,0,0,0,0,0,
James Rexroat,188355,TE,MO STATE,1,0,0,,1,0,230,0,0,,60.0,60.0,60.0,,,0,0,0,0,,,0,0,2,0.0,0,0,0,0,0,0,1,0,0,0,0,0,0,1,1,0,0,0,0,0,0,0,0,0,0,
Kyle Williams,188366,CB,ARK STATE,8,2,0,66.7,0,0,113,0,0,64.7,65.8,78.6,59.3,67.6,44.7,0,0,0,0,21.0,27.3,3,1,0,87.3,6,0,0,15,94,59,119,1,0,0,1,0,2,118,1,59,7,4,6,0,9,0,0,64,18,10.7
CJ Allen Jr.,188368,LB,GA SOUTHRN,10,2,0,71.4,0,0,174,0,0,57.6,61.2,77.1,68.6,62.7,73.2,1,0,0,0,12.0,7.1,1,0,0,81.8,5,1,0,98,0,56,117,3,0,0,3,0,0,114,2,59,16,6,11,1,7,2,0,34,19,6.8
Jaylen Bentley,188371,S,GA SOUTHRN,8,1,0,50.0,0,0,174,0,0,28.2,29.8,76.8,59.2,69.3,80.7,0,0,0,0,61.0,0.0,0,0,0,135.4,3,0,0,39,1,35,72,2,0,0,2,0,23,70,1,36,7,0,3,0,6,0,1,99,65,33.0
Jaquari Brown,188372,CB,GA SOUTHRN,12,2,0,66.7,0,1,174,0,0,60.1,56.2,16.7,53.6,47.1,44.6,0,1,0,0,56.0,25.0,7,3,1,113.0,18,0,0,26,290,158,328,0,0,0,0,0,1,328,4,166,10,4,19,1,27,1,1,279,94,15.5
Devin Collier,188374,S,GA SOUTHRN,12,3,0,80.0,0,0,174,0,0,64.0,57.0,0.0,59.0,48.2,79.1,0,0,0,0,30.0,7.1,2,0,2,118.3,4,0,0,134,5,99,212,3,0,0,3,0,51,209,4,109,19,5,23,0,5,0,0,62,20,15.5
Phillip Gladney,188376,CB,GA SOUTHRN,8,1,0,75.0,0,0,174,1,0,68.6,68.5,81.4,55.0,68.0,34.6,0,1,0,0,14.0,42.9,3,1,0,83.9,6,0,0,13,0,41,97,4,0,0,4,0,9,93,0,56,71,1,3,0,8,1,0,37,18,6.2
Elijah McDowell,188380,CB,GA SOUTHRN,4,0,0,50.0,0,0,174,0,0,44.6,42.7,0.0,55.4,54.5,80.5,0,0,0,1,44.0,0.0,0,3,1,95.5,7,0,0,8,89,49,100,0,0,0,0,0,0,100,1,50,3,1,5,0,14,0,2,141,31,20.1
Nasir Smith,188384,DI,KENNESAW,5,0,0,,0,0,200,0,0,,60.3,75.4,58.0,62.6,74.9,0,0,0,0,,0.0,0,0,0,0.0,0,1,0,1,0,0,31,30,0,18,9,3,0,1,24,7,0,3,2,0,0,1,0,0,0,
Nazaiah Caravallo,188391,ED,HAWAII,7,0,0,,0,0,180,1,0,60.5,60.7,77.2,55.6,64.6,73.9,0,0,0,0,,0.0,0,0,0,0.0,0,0,0,3,0,1,37,34,0,2,31,1,0,3,23,13,0,2,2,0,0,0,0,0,0,
Noah Wily,188406,ED,HAWAII,6,0,0,,0,0,180,0,0,,56.3,76.3,61.1,52.3,29.9,1,1,0,0,,100.0,1,0,0,0.0,0,1,0,0,0,0,23,22,0,0,22,0,0,1,13,10,0,1,0,0,0,3,0,0,0,
Lance Ingold,188419,ED,N ILLINOIS,6,7,0,,0,1,254,0,0,60.2,46.4,84.0,65.9,35.1,61.0,1,10,0,0,,12.5,2,0,0,0.0,0,1,0,1,0,1,234,233,0,4,201,28,0,1,88,145,0,5,7,1,0,12,0,0,0,
KJ McRae,188425,LB,N ILLINOIS,1,0,0,,0,0,254,0,0,,65.7,65.2,,63.5,74.3,0,0,0,0,,,0,0,0,0.0,0,0,0,6,0,0,6,0,0,0,0,0,0,6,0,6,0,0,0,0,0,0,0,0,0,
Ivan Moore Jr.,188426,ED,N ILLINOIS,4,0,0,,0,0,254,0,0,,53.2,72.6,54.3,,,0,1,0,0,,,0,0,0,0.0,0,0,0,2,0,0,6,4,0,0,4,0,0,2,6,0,0,0,0,0,0,1,0,0,0,
Taylor Powell,188429,CB,N ILLINOIS,10,12,0,93.8,0,2,254,1,0,70.0,78.1,85.4,56.0,90.8,79.9,0,1,0,0,59.0,6.8,3,0,0,107.6,15,0,0,59,0,128,305,15,0,0,15,0,6,290,5,172,225,8,29,1,16,1,0,157,132,10.5
Dev'ion Reynolds,188430,CB,N ILLINOIS,12,1,0,43.8,0,0,254,0,0,55.0,50.7,81.9,58.7,34.8,70.3,0,0,0,0,45.0,11.8,2,2,2,70.3,7,0,0,30,286,148,316,0,0,0,0,0,0,316,1,167,0,3,14,0,16,0,0,122,21,17.4
Romelo Walker,188441,CB,N ILLINOIS,3,0,0,,0,0,254,0,0,67.8,63.5,77.8,,48.8,72.5,0,0,0,0,,0.0,0,0,0,0.0,0,0,0,4,24,21,47,1,0,0,1,0,2,46,0,26,16,0,1,0,0,0,0,0,0,
Nathan Hale,188455,DI,OHIO,12,6,0,,0,0,259,0,0,57.5,65.2,81.0,64.3,65.2,50.8,2,8,0,0,,15.8,3,0,0,0.0,0,0,0,0,0,1,199,199,5,189,1,4,0,0,100,98,0,7,10,1,0,10,0,0,0,
JT Haskins,188456,S,OHIO,5,1,0,50.0,0,0,259,0,0,66.8,69.9,75.2,,69.1,81.6,0,0,0,0,20.0,0.0,0,0,0,82.3,2,0,0,3,3,11,20,0,0,0,0,0,10,20,0,9,3,0,4,0,4,0,0,37,4,18.5
Jasen Kelly,188459,LB,OHIO,3,1,0,100.0,0,0,259,0,0,72.2,71.3,76.5,,59.9,49.4,0,0,0,0,3.0,33.3,1,0,0,79.2,2,0,0,6,0,14,21,4,0,0,4,0,0,17,0,7,10,1,1,0,2,0,0,6,2,3.0
DJ Morton,188468,S,OHIO,1,0,0,,0,0,259,0,0,,60.2,66.4,,60.0,,0,0,0,0,,,0,0,0,0.0,0,0,0,2,0,0,3,0,0,0,0,0,0,3,0,3,1,0,0,0,0,0,0,0,0,
Xavier Williams,188480,CB,OHIO,1,0,0,,0,0,259,0,0,,60.0,66.0,,60.0,,0,0,0,0,,,0,0,0,0.0,0,0,0,0,2,0,2,0,0,0,0,0,0,2,0,2,0,0,0,0,0,0,0,0,0,
Jaylen Allen,188481,CB,UNLV,5,0,0,100.0,0,0,325,0,0,70.1,70.1,75.4,,60.0,76.6,0,0,0,0,8.0,0.0,0,0,0,100.0,1,0,0,0,22,19,24,0,0,0,0,0,0,24,0,5,0,0,2,0,1,0,0,8,5,8.0
Charles Correa,188483,LB,PURDUE,12,11,0,84.0,0,0,273,0,0,54.0,48.2,27.0,67.2,44.9,53.5,2,7,0,0,40.0,17.1,14,1,2,99.0,21,2,0,654,2,292,699,12,0,0,12,0,0,687,42,365,31,31,57,7,25,11,0,194,183,9.2
Nijrell Eason II,188486,CB,UNLV,2,0,0,100.0,0,0,325,0,0,62.7,63.6,69.5,,60.0,,0,0,0,0,1.0,,0,0,0,79.2,1,0,0,0,6,3,6,0,0,0,0,0,0,6,0,3,0,0,0,0,1,0,0,1,3,1.0
Kayden McGee,188492,WR,UNLV,2,0,0,100.0,0,0,325,0,0,28.1,37.4,60.0,60.0,,71.8,0,0,0,0,30.0,0.0,0,0,0,118.8,1,0,0,0,0,1,2,0,0,0,0,0,0,2,1,0,0,0,1,0,1,0,0,30,17,30.0
Andre Porter,188496,ED,UNLV,9,0,0,,0,1,325,0,0,60.0,88.4,79.7,92.0,53.5,74.7,2,4,0,0,,0.0,0,0,0,0.0,0,2,0,1,0,1,75,72,0,6,64,2,0,3,49,25,1,2,1,0,0,8,0,0,0,
Brycen Coleman,188510,TE,VANDERBILT,1,0,0,,0,0,333,0,0,,60.0,60.0,60.0,,,0,0,0,0,,,0,0,0,0.0,0,0,0,0,0,0,1,0,0,0,0,0,0,1,1,0,0,0,0,0,0,0,0,0,0,
Jamison Curtis,188512,LB,VANDERBILT,3,2,0,75.0,0,0,333,0,0,34.7,42.7,71.0,62.3,63.2,82.8,0,1,0,0,19.0,0.0,0,0,0,102.1,3,0,0,21,0,16,25,0,0,0,0,0,0,25,1,8,4,2,5,0,4,1,0,36,15,12.0
Tate Hamby,188515,CB,VANDERBILT,2,0,0,100.0,0,0,333,0,0,64.7,65.2,72.9,,60.0,,0,0,0,0,13.0,,0,0,0,95.8,3,0,0,0,0,8,9,0,0,0,0,0,0,9,0,1,9,0,0,0,3,0,0,21,29,7.0
Jaylin Lackey,188517,CB,VANDERBILT,11,0,0,41.2,0,0,333,0,0,58.0,59.2,83.3,54.6,67.4,55.7,1,2,0,0,36.0,25.0,3,0,2,81.7,7,0,0,19,115,156,230,0,0,0,0,0,0,230,4,70,95,2,9,0,17,3,1,105,17,15.0
Brail Lipford,188519,S,VANDERBILT,1,0,0,100.0,0,0,333,0,0,34.7,37.2,71.3,,,,0,0,0,0,20.0,,0,0,0,158.3,2,0,0,1,0,11,11,0,0,0,0,0,10,11,0,0,0,0,0,0,2,0,1,29,1,14.5
Glenn Seabrooks III,188523,DI,VANDERBILT,12,5,1,,0,0,333,0,0,61.0,63.8,54.6,61.2,64.9,70.7,0,2,0,0,,6.3,1,0,1,0.0,0,0,0,2,0,3,294,292,37,249,1,5,0,2,148,143,0,7,10,0,0,2,0,0,0,
Charlie Becker,188661,WR,INDIANA,1,0,0,,0,0,190,0,0,,60.1,73.9,,60.0,,0,0,0,0,,,0,0,0,0.0,0,0,0,0,0,0,1,0,0,0,0,0,0,1,0,1,0,0,0,0,0,0,0,0,0,
Jah Jah Boyd,188662,S,INDIANA,5,2,0,100.0,0,1,190,0,0,89.8,89.6,77.5,,61.2,84.5,0,0,0,0,9.0,0.0,0,0,0,104.2,1,0,0,12,0,23,46,0,0,0,0,0,32,46,0,23,2,0,5,0,1,0,0,9,3,9.0
William DePaepe,188664,ED,INDIANA,1,1,0,,0,0,190,0,0,,63.6,71.6,74.8,53.1,73.7,0,1,0,0,,0.0,0,0,0,0.0,0,1,0,0,0,0,8,8,0,1,7,0,0,0,3,5,0,1,0,0,0,2,0,0,0,
Rolijah Hardy,188665,LB,INDIANA,12,20,0,78.6,0,1,190,0,0,42.2,71.2,88.5,81.3,88.3,85.4,6,7,0,0,55.0,6.7,5,2,0,121.0,33,7,0,389,5,270,548,119,0,0,119,0,1,429,70,208,33,36,50,6,42,20,2,388,264,11.8
Kaden McConnell,188672,LB,INDIANA,2,2,0,100.0,0,0,190,0,0,65.4,40.7,70.1,,29.6,77.9,0,0,0,0,5.0,0.0,0,0,0,87.5,1,0,0,7,0,2,8,0,0,0,0,0,0,8,0,6,1,0,0,0,1,0,0,5,7,5.0
Malcolm Alcorn-Crowder,188678,DI,KANSAS ST,11,4,0,,0,0,199,1,0,62.8,70.1,56.6,71.1,65.7,33.2,0,14,0,0,,25.0,6,0,1,0.0,0,3,0,0,0,0,337,337,7,278,1,51,0,0,171,166,0,13,14,2,0,17,0,0,0,
Holden Bass,188679,DI,KANSAS ST,4,0,0,,0,0,199,0,0,,61.5,70.7,59.4,61.1,,0,0,0,0,,,0,0,0,0.0,0,0,0,0,0,0,7,7,3,4,0,0,0,0,2,5,0,0,0,0,0,0,0,0,0,
Zashon Rich,188692,CB,KANSAS ST,12,5,0,65.2,2,0,199,1,0,67.3,68.6,56.4,63.1,73.0,72.5,0,0,0,1,85.0,10.4,7,10,4,115.2,45,1,0,77,727,442,837,14,0,0,14,0,5,823,7,388,14,17,55,2,69,1,6,593,248,13.2
Mason Carrier,188700,LB,MINNESOTA,4,0,0,,0,0,225,0,0,64.4,75.7,74.8,54.9,82.2,77.8,0,0,0,0,,0.0,0,0,0,0.0,0,0,0,15,0,6,21,3,0,0,3,0,0,18,4,11,3,2,3,2,0,0,0,0,0,
Jaylin Hicks,188706,DI,MINNESOTA,8,0,0,,0,0,225,0,0,,71.5,77.7,69.9,67.8,43.3,1,5,0,0,,25.0,1,0,0,0.0,0,0,0,0,0,0,80,80,1,69,6,4,0,0,39,41,0,3,3,0,0,6,0,0,0,
Adam Kissayi,188708,ED,MINNESOTA,7,1,0,,0,0,225,0,0,60.7,64.0,76.3,67.6,57.9,42.5,0,1,0,0,,25.0,1,0,0,0.0,0,0,0,0,0,0,33,33,0,0,27,6,0,0,11,22,0,2,2,1,0,1,0,0,0,
Koi Perich,188710,S,MINNESOTA,12,22,1,79.4,0,1,225,0,0,53.7,59.0,86.4,69.8,63.1,48.6,1,3,1,1,49.0,22.4,22,1,0,126.1,27,1,0,304,5,390,719,29,0,0,29,0,278,690,24,305,103,18,54,2,34,5,2,445,158,16.5
Zahir Rainer,188711,CB,MINNESOTA,1,0,0,,0,0,225,0,0,60.0,60.1,66.9,,60.0,,0,0,0,0,,,0,0,0,0.0,0,0,0,1,0,1,2,0,0,0,0,0,0,2,0,1,1,0,0,0,0,0,0,0,0,
Simon Seidl,188713,CB,MINNESOTA,1,0,0,,0,0,225,0,0,60.0,60.9,67.3,,60.0,,0,0,0,0,,,0,0,0,0.0,0,0,0,0,3,1,3,0,0,0,0,0,0,3,0,2,0,0,0,0,0,0,0,0,0,
Riley Sunram,188716,DI,MINNESOTA,8,1,0,,0,0,225,0,0,,65.3,77.7,61.1,65.1,72.4,0,0,0,0,,0.0,0,0,0,0.0,0,0,0,0,0,0,44,44,21,23,0,0,0,0,20,24,0,1,1,0,0,0,0,0,0,
Jonathan Agumadu,188718,LB,N CAROLINA,4,4,0,100.0,0,0,245,0,0,40.7,50.3,70.9,,63.3,83.5,0,0,0,0,20.0,0.0,0,0,0,117.7,4,0,0,42,0,24,49,2,0,0,2,0,0,47,0,25,5,1,5,0,4,0,0,49,7,12.3
LaDainian Fields,188721,CB,OKLA STATE,9,0,0,15.4,0,0,262,0,0,77.6,77.2,6.6,64.0,75.3,53.6,0,1,1,2,17.0,21.4,3,1,1,0.0,2,0,0,22,226,130,255,4,0,0,4,0,0,251,3,122,3,2,11,2,13,1,0,23,8,11.5
Jacobi Oliphant Jr.,188731,LB,OKLA STATE,12,5,0,80.0,0,0,262,0,0,46.8,55.7,81.1,74.2,61.5,87.3,1,2,0,0,50.0,0.0,0,1,0,118.8,8,2,0,69,0,71,135,27,0,0,27,0,1,108,15,49,38,3,8,0,10,5,0,146,72,18.3
Yamil Talib,188734,ED,CHARLOTTE,12,13,2,0.0,0,1,136,0,0,86.0,79.0,87.4,68.8,74.5,64.2,2,8,0,1,,10.3,3,0,0,0.0,0,2,0,11,0,26,374,361,0,6,325,30,0,13,174,174,2,12,13,2,1,12,0,0,0,
Luke Webb,188737,DI,OKLA STATE,6,2,0,,0,0,262,0,0,,66.1,78.9,66.1,63.9,75.6,0,2,0,0,,0.0,0,0,0,0.0,0,0,0,0,0,0,83,83,33,50,0,0,0,0,25,58,0,3,3,0,0,2,0,0,0,
Gunnar Wilson,188739,LB,OKLA STATE,1,0,0,,0,0,262,0,0,,60.0,66.3,,60.0,,0,0,0,0,,,0,0,0,0.0,0,0,0,2,0,0,2,0,0,0,0,0,0,2,0,2,0,0,0,0,0,0,0,0,0,
Xavion Griffin,188741,CB,W KENTUCKY,1,0,0,,0,0,346,0,0,61.3,76.8,69.7,,76.1,74.8,0,0,0,0,,0.0,0,0,0,0.0,0,0,0,1,0,2,5,0,0,0,0,0,0,5,0,3,4,1,1,0,0,0,0,0,0,
Cameron Flowers,188745,WR,W KENTUCKY,1,0,0,,1,0,346,0,0,60.0,62.4,60.0,,,,0,0,0,0,,,0,0,1,0.0,0,0,0,0,0,1,1,0,0,0,0,0,0,1,0,0,0,0,0,0,0,0,0,0,0,
Miller Malone,188748,LB,W KENTUCKY,11,6,0,82.4,0,0,346,0,0,67.7,64.8,82.4,49.6,64.5,57.0,1,6,0,0,19.0,16.2,6,0,0,114.7,14,0,0,270,1,142,342,29,0,0,29,0,0,313,30,170,41,15,25,6,17,7,1,116,106,8.3
Zsacari Minnis,188749,ED,W KENTUCKY,1,0,0,,0,0,346,0,0,,56.0,73.8,64.8,55.5,,0,1,0,0,,,0,0,0,0.0,0,0,0,0,0,0,9,9,0,0,9,0,0,0,5,4,0,0,0,0,0,1,0,0,0,
Chukwunedu Okeke,188750,DI,W KENTUCKY,1,0,0,,0,0,346,0,0,,66.8,71.5,65.1,62.9,28.0,0,1,0,0,,50.0,1,0,0,0.0,0,0,0,0,0,0,10,10,2,8,0,0,0,0,6,4,0,1,1,0,0,1,0,0,0,
Lataj Wright,188756,CB,W KENTUCKY,4,0,0,0.0,0,0,346,0,0,76.9,72.8,75.7,,48.4,28.3,0,0,0,0,,50.0,1,1,0,39.6,0,0,0,2,47,31,49,0,0,0,0,0,0,49,0,18,0,1,1,0,3,0,0,0,0,
Mysonne Pollard,188762,S,DELAWARE,12,15,0,59.5,0,1,151,0,0,73.5,71.6,87.9,57.4,63.4,54.7,0,0,0,4,49.0,17.8,13,1,3,61.3,25,0,0,189,5,376,621,5,0,0,5,0,98,616,2,243,324,16,45,3,42,0,3,256,140,10.2
Devon Jordan,188773,CB,OKLAHOMA,13,2,0,75.0,0,0,261,0,0,67.3,66.2,82.2,76.3,50.4,69.2,0,0,0,0,34.0,10.5,2,0,0,108.7,9,1,0,25,200,143,232,4,0,0,4,0,1,228,4,85,1,9,15,1,12,1,0,127,37,14.1
Bergin Kysar,188774,ED,OKLAHOMA,1,0,0,,0,0,261,0,0,,62.7,65.2,64.9,,,0,0,0,0,,,0,0,0,0.0,0,0,0,0,0,0,1,1,0,0,1,0,0,0,1,0,0,0,0,0,0,0,0,0,0,
Jeremiah Newcombe,188776,CB,OKLAHOMA,1,0,0,,0,0,261,0,0,63.4,55.5,72.9,,45.4,21.7,0,0,0,0,,100.0,1,0,0,0.0,0,0,0,1,9,6,15,0,0,0,0,0,0,15,0,9,5,0,0,0,0,0,0,0,0,
Krishna Clay,188811,DI,S DIEGO ST,12,5,1,,0,0,284,0,0,60.0,59.3,49.8,59.6,59.8,26.7,0,6,0,0,,30.0,6,0,2,0.0,0,0,0,0,0,0,263,263,2,260,1,0,0,0,129,134,0,5,9,0,0,6,0,0,0,
Kodi Cornelius,188812,DI,S DIEGO ST,1,0,0,,0,0,284,0,0,,63.5,67.8,,61.9,,0,0,0,0,,,0,0,0,0.0,0,0,0,0,0,0,3,3,0,3,0,0,0,0,0,3,0,0,0,0,0,0,0,0,0,
Prince Williams,188829,CB,S DIEGO ST,9,0,0,75.0,0,0,284,0,0,54.2,55.7,76.7,,64.8,80.5,0,0,0,0,35.0,0.0,0,1,1,149.5,6,0,0,6,50,39,57,0,0,0,0,0,0,57,0,18,0,2,5,0,8,0,3,87,4,14.5
Noa Siaosi,188848,DI,S JOSE ST,12,3,0,,0,0,285,0,0,61.4,52.1,5.3,61.1,51.5,24.9,3,3,0,0,,35.3,6,0,2,0.0,0,1,0,0,0,1,165,165,5,52,58,50,0,0,66,98,0,7,8,0,0,7,0,0,0,
Jaylen Thomas,188849,CB,S JOSE ST,12,6,0,54.5,1,0,285,1,0,61.4,65.0,85.6,66.5,74.1,75.8,0,0,0,0,42.0,10.0,6,4,5,89.5,30,0,0,107,680,391,794,0,0,0,0,0,1,794,7,396,6,21,48,0,55,0,3,314,73,10.5
David Tuihalangingie,188850,LB,S JOSE ST,3,1,0,,0,0,285,0,0,60.8,74.4,73.0,,75.6,79.2,0,0,0,0,,0.0,0,0,0,0.0,0,0,0,5,0,2,14,3,0,0,3,0,0,11,0,12,6,2,3,0,0,0,0,0,0,
Joe Asiain,188852,DI,STANFORD,5,2,1,,0,0,300,0,0,60.0,60.0,74.3,68.9,54.2,74.3,0,0,0,0,,0.0,0,0,0,0.0,0,0,0,0,0,0,30,30,1,20,2,7,0,0,9,21,0,0,1,0,0,0,0,0,0,
Connor Bachhuber,188853,DI,STANFORD,3,0,0,,0,0,300,0,0,,60.9,72.3,60.0,60.5,70.2,0,0,0,0,,0.0,0,0,0,0.0,0,0,0,0,0,0,14,14,0,11,1,2,0,0,1,13,0,1,1,0,0,0,0,0,0,
Aiden Black,188854,TE,STANFORD,1,0,0,,0,0,300,0,0,,60.0,60.0,60.0,,,0,0,0,0,,,0,0,0,0.0,0,0,0,0,0,0,1,0,0,0,0,0,0,1,1,0,0,0,0,0,0,0,0,0,0,
Darrius Davis,188860,S,STANFORD,10,4,0,70.6,0,0,300,1,1,55.5,61.7,84.1,39.2,82.2,54.8,0,2,0,0,53.0,20.0,7,2,0,132.6,12,0,0,100,2,194,311,2,0,0,2,0,146,309,7,110,60,9,24,1,17,2,1,220,50,18.3
Brendan Delaney,188862,DI,STANFORD,1,0,0,,0,0,300,0,0,,61.7,68.6,68.1,55.7,,0,1,0,0,,,0,0,0,0.0,0,0,0,0,0,0,6,6,0,3,0,3,0,0,2,4,0,0,0,0,0,1,0,0,0,
Charlie Eckhardt,188863,S,STANFORD,10,8,0,47.8,0,0,300,0,0,59.0,61.2,14.4,66.8,69.1,67.3,1,0,0,0,18.0,13.5,5,3,3,87.0,11,0,0,104,0,199,310,0,0,0,0,0,158,310,3,108,48,7,24,2,23,1,2,89,37,8.1
Jacobi Murray,188870,DI,STANFORD,9,1,0,,0,0,300,0,0,60.0,57.3,78.7,57.0,58.1,74.8,0,0,0,0,,0.0,0,0,0,0.0,0,0,0,0,0,1,60,60,48,12,0,0,0,0,16,43,0,2,3,0,0,0,0,0,0,
Brandon Nicholson,188871,CB,STANFORD,12,5,0,58.5,0,0,300,0,0,76.7,71.3,34.6,67.6,35.7,37.4,0,0,0,2,40.0,27.0,10,4,1,63.6,24,1,0,19,464,297,489,0,0,0,0,0,0,489,5,187,6,10,22,0,41,1,1,245,36,10.2
Jaylen'Dai Sumlin,188875,S,STANFORD,3,0,0,,0,0,300,0,0,65.8,70.8,73.7,59.2,72.1,78.0,0,0,0,0,,0.0,0,0,0,0.0,0,0,0,10,0,9,21,0,0,0,0,0,8,21,1,11,3,1,2,0,0,0,0,0,0,
Mike Bethea II,188879,ED,TENNESSEE,1,0,0,,0,0,307,0,0,60.0,62.2,69.8,60.0,60.0,,0,0,0,0,,,0,0,0,0.0,0,0,0,0,0,1,3,3,0,0,3,0,0,0,1,1,0,0,0,0,0,0,0,0,0,
Jordan Burns,188881,LB,TENNESSEE,5,1,0,100.0,0,0,307,0,0,50.8,49.4,74.8,56.5,53.8,59.4,0,1,0,0,9.0,14.3,1,0,0,104.2,1,0,0,28,0,17,37,0,0,0,0,0,0,37,3,17,9,0,5,0,1,1,0,9,4,9.0
Carson Gentle,188882,ED,TENNESSEE,4,1,0,,0,0,307,0,0,62.7,71.6,76.5,56.5,74.7,76.2,0,0,0,0,,0.0,0,0,0,0.0,0,0,0,0,0,0,40,39,0,3,25,11,0,1,27,13,0,3,3,1,0,0,0,0,0,
Herb Gray,188883,ED,TENNESSEE,2,0,0,,0,0,307,0,0,,63.8,71.9,56.2,64.5,71.1,0,0,0,0,,0.0,0,0,0,0.0,0,0,0,0,0,0,8,8,0,0,7,1,0,0,6,2,0,1,1,1,0,0,0,0,0,
Isaiah Inge,188886,DI,TENNESSEE,2,0,0,,0,0,307,0,0,,59.2,71.2,57.6,60.0,,0,0,0,0,,,0,0,0,0.0,0,0,0,0,0,0,8,8,3,5,0,0,0,0,6,2,0,0,0,0,0,0,0,0,0,
Jordan Ross,188890,ED,TENNESSEE,10,3,1,100.0,0,1,307,1,0,50.5,76.6,86.3,79.8,74.0,68.9,2,6,0,0,13.0,10.5,2,0,0,112.5,2,2,0,5,0,24,216,207,0,0,204,3,0,9,116,76,4,11,14,2,2,10,0,22,23,11.0
Ryan Scott,188891,LB,TENNESSEE,2,0,0,100.0,0,0,307,0,0,51.8,69.3,70.6,67.5,80.0,76.1,0,0,0,0,13.0,0.0,0,0,0,118.8,1,0,0,7,0,2,8,0,0,0,0,0,0,8,2,4,1,2,2,0,1,0,0,13,1,13.0
Grier Short,188892,LB,TENNESSEE,1,0,0,,0,0,307,0,0,60.2,61.0,69.1,59.5,60.0,,0,0,0,0,,,0,0,0,0.0,0,0,0,4,0,2,5,0,0,0,0,0,0,5,1,2,1,0,0,0,0,0,0,0,0,
Jamal Wallace,188893,DI,TENNESSEE,6,0,0,,0,0,307,0,0,60.0,59.1,78.6,64.4,53.9,74.6,1,1,0,0,,0.0,0,0,0,0.0,0,0,0,0,0,0,78,78,18,55,3,2,0,0,42,36,0,2,4,0,0,2,0,0,0,
Richard Kramer,189008,ED,GA STATE,11,3,0,,0,0,175,0,0,60.0,51.1,81.3,65.6,38.8,32.7,1,2,0,0,,25.0,3,0,0,0.0,0,2,0,0,0,1,155,155,0,7,71,77,0,0,84,70,0,4,6,0,0,5,0,0,0,
Josh Anglin,189024,LB,TULSA,11,12,0,68.8,0,2,320,0,0,59.4,64.4,83.6,52.6,69.9,77.7,1,1,0,0,20.0,7.5,3,0,0,83.9,11,0,0,194,0,112,243,11,0,0,11,0,0,232,11,120,38,11,25,1,16,2,0,94,56,8.5
Ayden Jones,189285,LB,TEXAS ST,11,11,0,86.4,0,0,314,0,0,44.5,59.8,41.1,56.6,75.5,64.0,4,3,0,0,30.0,14.0,8,0,1,118.8,19,0,0,358,0,199,429,23,0,0,23,0,2,406,27,203,46,19,38,2,22,7,1,195,109,10.3
Hevin Brown-Shuler,189362,DI,CLEMSON,2,0,0,,0,0,140,0,0,,56.0,74.3,60.0,54.0,70.2,0,0,0,0,,0.0,0,0,0,0.0,0,0,0,0,0,0,25,25,3,22,0,0,0,0,16,9,0,0,1,0,0,0,0,0,0,
Tyler Conner,189363,S,CLEMSON,1,0,0,,0,0,140,0,0,,60.0,62.1,,60.0,,0,0,0,0,,,0,0,0,0.0,0,0,0,1,0,0,1,0,0,0,0,0,0,1,0,1,0,0,0,0,0,0,0,0,0,
Ashton Hampton,189365,CB,CLEMSON,12,5,0,56.1,0,0,140,0,0,69.4,70.7,85.5,51.7,74.1,79.0,0,0,0,1,42.0,7.1,3,6,4,70.9,32,0,0,40,565,404,629,5,0,0,5,0,1,624,5,220,17,6,34,2,57,0,1,321,99,10.0
Aidan Hydrick,189366,ED,CLEMSON,1,0,0,,0,0,140,0,0,,60.0,64.7,,60.0,,0,0,0,0,,,0,0,0,0.0,0,0,0,0,0,0,1,1,0,1,0,0,0,0,0,1,0,0,0,0,0,0,0,0,0,
Darien Mayo,189368,ED,CLEMSON,6,1,0,,0,0,140,0,0,60.5,65.8,77.1,61.4,66.5,70.8,0,0,0,0,,0.0,0,0,0,0.0,0,0,0,0,0,2,43,42,0,1,33,8,0,1,24,17,0,0,0,0,0,0,0,0,0,
Drew Woodaz,189373,LB,CLEMSON,1,0,0,,0,0,140,0,0,,60.0,62.1,,60.0,,0,0,0,0,,,0,0,0,0.0,0,0,0,1,0,0,1,0,0,0,0,0,0,1,0,1,0,0,0,0,0,0,0,0,0,
Derrick Brown Jr.,189375,CB,DUKE,1,0,0,,0,0,154,0,0,,60.1,60.0,,60.0,,0,0,0,0,,,0,0,0,0.0,0,0,0,0,0,0,1,0,0,0,0,0,0,1,0,1,0,0,0,0,0,0,0,0,0,
Landan Callahan,189376,CB,DUKE,10,8,0,71.4,1,0,154,0,0,62.9,59.3,0.0,59.5,49.9,63.3,0,0,0,0,75.0,13.9,5,1,4,136.3,20,0,0,32,363,250,427,3,0,0,3,0,9,424,2,175,20,3,23,0,28,0,2,342,163,17.1
Jaylen Carl,189377,ED,DUKE,1,0,0,,0,0,154,0,0,,60.0,65.6,,60.0,,0,0,0,0,,,0,0,0,0.0,0,0,0,0,0,0,1,1,0,0,1,0,0,0,0,1,0,0,0,0,0,0,0,0,0,
Kyren Condoll,189378,CB,DUKE,5,0,0,,0,0,154,0,0,65.5,66.0,75.9,,62.7,,0,0,0,0,,,0,0,0,0.0,0,0,0,2,26,13,29,0,0,0,0,0,0,29,0,16,0,0,0,0,0,0,0,0,0,
Da'Vontae Floyd,189382,CB,DUKE,1,0,0,,0,0,154,0,0,,60.0,64.0,,60.0,,0,0,0,0,,,0,0,0,0.0,0,0,0,3,0,0,3,0,0,0,0,0,0,3,0,3,0,0,0,0,0,0,0,0,0,
Jayden Moore,189388,WR,DUKE,1,0,0,,0,0,154,0,0,,60.1,60.0,,60.0,,0,0,0,0,,,0,0,0,0.0,0,0,0,0,0,0,1,0,0,0,0,0,0,1,0,1,0,0,0,0,0,0,0,0,0,
Tyshon Reed Jr.,189390,ED,DUKE,12,2,0,100.0,0,0,154,0,0,42.2,58.1,83.0,68.1,56.6,61.5,1,6,0,0,29.0,18.2,2,0,0,118.8,3,1,0,0,0,15,167,166,0,0,164,2,0,1,81,71,0,5,7,0,3,8,0,52,40,17.3
Kobe Smith,189395,ED,DUKE,11,2,0,100.0,0,0,154,0,0,54.1,60.6,80.5,59.3,64.4,63.6,0,6,0,0,15.0,12.5,1,0,0,118.8,1,0,0,0,0,6,90,90,2,0,86,2,0,0,48,36,0,3,5,0,1,6,0,15,9,15.0
Chase Tyler,189398,WR,DUKE,1,0,0,,0,0,154,0,0,,60.1,60.0,,60.0,,0,0,0,0,,,0,0,1,0.0,0,0,0,0,0,0,1,0,0,0,0,0,0,1,0,1,0,0,0,0,0,0,0,0,0,
Preston Watson,189399,DI,DUKE,12,1,1,,0,0,154,0,0,,68.9,82.1,71.1,63.9,65.6,2,3,0,0,,15.4,2,0,0,0.0,0,0,0,0,0,0,265,264,4,259,0,1,0,1,130,135,0,6,10,1,0,5,0,0,0,
Eric Brantley Jr.,189401,ED,FAU,10,5,0,100.0,0,0,165,0,0,49.0,68.2,87.0,72.8,67.0,53.7,3,4,0,0,19.0,16.7,3,0,0,118.8,2,2,0,6,0,27,263,252,0,2,236,14,1,11,98,138,4,6,10,1,2,9,0,25,13,12.5
Amontrae Bradford,189411,ED,GA TECH,12,5,1,100.0,0,0,176,0,0,64.7,59.6,87.2,65.4,49.9,52.0,2,9,0,0,6.0,21.1,4,0,0,91.7,1,3,0,2,0,20,230,226,0,1,224,1,0,4,108,102,1,11,10,3,1,14,0,6,1,6.0
Nehemiah Chandler,189413,CB,S ALABAMA,11,2,0,52.0,1,0,288,0,0,75.8,71.6,85.1,54.0,47.0,41.2,0,0,0,2,45.0,27.8,10,8,4,98.2,26,0,0,38,565,319,608,2,0,0,2,0,1,606,4,285,2,9,24,2,50,0,6,358,69,13.8
Drew Cohen,189414,LB,GA TECH,1,0,0,,0,0,176,0,0,,59.5,67.6,59.4,60.0,,0,0,0,0,,,0,0,0,0.0,0,0,0,0,0,0,2,2,0,0,1,1,0,0,1,1,0,0,0,0,0,0,0,0,0,
Caleb Dozier,189415,LB,S ALABAMA,7,17,0,66.7,0,0,288,0,0,59.5,68.5,18.1,61.5,76.2,62.4,1,6,0,0,14.0,14.6,7,1,1,83.1,6,0,0,191,0,90,242,30,0,0,30,0,1,212,28,124,20,12,24,1,9,7,0,55,22,9.2
Uche Iloh,189419,DI,GA SOUTHRN,11,5,1,,0,0,174,0,0,60.5,54.4,45.9,60.0,51.0,70.0,2,4,0,0,,6.3,1,0,1,0.0,0,0,0,0,0,0,224,224,24,167,10,23,0,0,132,92,0,4,10,0,0,6,0,0,0,
Landen Marshall,189421,DI,GA TECH,4,1,0,,0,0,176,0,0,60.0,57.4,77.2,56.8,57.4,72.2,0,1,0,0,,0.0,0,0,0,0.0,0,0,0,0,0,0,65,65,8,57,0,0,0,0,36,29,0,0,1,0,0,1,0,0,0,
Christian Pritchett,189426,S,GA TECH,3,2,0,,0,0,176,0,0,40.6,46.4,74.9,59.6,64.7,80.8,0,0,0,0,,0.0,0,0,2,0.0,0,0,0,8,0,16,30,0,0,0,0,0,20,30,1,13,2,0,2,0,0,0,0,0,0,
Armondo Blount,189431,DI,MIAMI FL,12,7,1,,0,0,220,1,0,62.0,63.2,15.2,68.5,57.4,81.3,7,13,0,0,,6.7,1,0,3,0.0,0,4,0,1,0,0,328,327,23,208,45,51,0,1,249,79,0,5,7,0,0,24,0,0,0,
Romanas Frederique Jr.,189439,CB,MIAMI FL,8,1,0,56.0,0,0,220,0,0,61.7,61.5,82.4,53.8,59.5,59.5,0,0,0,0,59.0,15.0,3,3,0,104.4,14,0,0,23,226,181,282,3,0,0,3,0,3,279,2,99,25,2,16,1,25,0,1,254,73,18.1
Artavius Jones,189440,DI,MIAMI FL,2,0,0,,0,0,220,0,0,,75.0,73.5,59.4,67.3,,0,1,0,0,,,0,0,0,0.0,0,0,0,0,0,0,4,4,3,1,0,0,0,0,2,2,0,0,0,0,0,1,0,0,0,
Booker Pickett Jr.,189445,ED,MIAMI FL,7,2,0,,0,0,220,0,0,72.3,72.0,80.7,70.2,57.8,58.2,1,2,0,0,,25.0,1,0,0,0.0,0,1,0,0,2,7,47,45,0,0,45,0,0,2,27,13,0,2,1,0,0,4,0,0,0,
Casey Rizzi,189447,LB,MIAMI FL,1,0,0,,0,0,220,0,0,,61.3,63.9,,60.0,,0,0,0,0,,,0,0,0,0.0,0,0,0,1,0,0,1,0,0,0,0,0,0,1,0,1,0,0,0,0,0,0,0,0,0,
Elias Rudolph,189449,ED,UNLV,12,1,0,,0,0,325,0,0,60.0,70.1,82.1,66.3,69.0,77.8,0,4,0,0,,0.0,0,0,0,0.0,0,2,0,0,0,1,107,102,0,0,101,1,0,5,74,32,1,3,3,0,0,6,0,0,0,
Daylen Russell,189450,DI,MIAMI FL,5,0,0,,0,0,220,0,0,64.8,79.0,80.1,57.3,77.6,74.5,0,0,0,0,,0.0,0,0,0,0.0,0,0,0,0,0,0,29,29,28,1,0,0,0,0,13,16,0,4,5,1,0,0,0,0,0,
Justin Scott,189451,DI,MIAMI FL,13,6,1,,0,1,220,0,0,68.2,75.2,40.6,72.0,72.7,53.6,0,10,0,0,,16.1,5,0,2,0.0,0,2,0,1,0,0,371,368,84,267,3,14,0,3,219,152,0,20,20,6,0,12,0,0,0,
Xavyer Arrington,189464,DI,NAVY,11,1,0,,0,0,237,0,0,,55.4,80.7,56.6,54.3,74.5,0,1,0,0,,0.0,0,0,0,0.0,0,1,0,0,0,0,134,134,37,76,0,21,0,0,85,49,0,3,2,0,0,2,0,0,0,
Nick Bell,189470,CB,NAVY,3,1,0,70.0,0,0,237,0,0,46.5,50.7,79.2,,72.5,83.2,0,0,0,0,42.0,0.0,0,0,1,145.8,7,0,0,2,110,65,114,1,0,0,1,0,0,113,0,49,1,1,6,1,10,0,1,139,27,19.9
Phillip Hamilton,189490,S,NAVY,12,13,0,61.5,0,2,237,0,0,63.4,62.8,49.8,45.4,64.4,34.3,0,1,0,3,53.0,27.1,16,1,5,75.2,24,0,0,191,271,381,692,5,0,0,5,0,134,687,5,306,91,11,30,0,39,1,3,264,135,11.0
Chris Herock,189492,DI,NAVY,2,1,0,,0,0,237,0,0,,60.2,71.1,59.4,60.3,70.2,0,0,0,0,,0.0,0,0,0,0.0,0,0,0,0,0,0,7,7,1,6,0,0,0,0,2,5,0,0,0,0,0,0,0,0,0,
Aiden Lyczek,189500,ED,NAVY,2,0,0,,0,0,237,0,0,60.0,57.9,73.2,55.6,59.3,71.3,0,0,0,0,,0.0,0,0,0,0.0,0,0,0,0,0,0,13,13,0,1,8,4,0,0,6,7,0,0,1,0,0,0,0,0,0,
Julien Moutome,189508,ED,NAVY,12,12,3,,0,2,237,0,0,60.9,57.4,41.4,69.9,48.2,49.5,2,20,0,0,,21.1,8,0,3,0.0,0,4,0,0,0,0,573,573,0,14,479,80,0,0,284,289,0,14,18,1,0,26,0,0,0,
MarcAnthony Parker,189509,LB,NAVY,12,25,0,85.7,0,0,237,1,0,36.6,59.3,52.3,61.0,77.0,72.4,5,3,0,1,27.0,9.8,10,0,1,100.4,30,2,0,469,0,265,627,82,0,0,82,0,0,545,63,299,76,32,67,4,35,10,1,303,181,10.1
Justin Ross,189517,CB,NAVY,11,5,0,72.0,0,0,237,0,0,55.4,57.9,83.5,80.2,57.1,53.2,3,1,0,1,75.0,21.1,8,3,5,137.1,18,0,0,60,388,227,461,9,0,0,9,0,2,452,12,222,2,10,25,2,25,4,6,424,153,23.6
Maxwell Williams,189525,S,NAVY,3,0,0,50.0,0,0,237,0,0,72.1,69.0,76.6,,63.6,34.7,0,0,0,0,21.0,30.0,3,1,0,87.5,1,0,0,29,0,17,55,0,0,0,0,0,18,55,0,38,8,5,7,0,2,0,0,21,14,21.0
Davin Brewton,189530,LB,PITTSBURGH,5,0,0,100.0,1,0,268,0,0,50.3,52.1,0.0,52.6,74.7,77.6,0,1,0,0,22.0,0.0,0,0,1,118.8,2,0,0,23,0,14,35,6,0,0,6,0,0,29,7,14,6,2,3,1,2,1,0,37,13,18.5
Allen Bryant,189532,S,PITTSBURGH,6,2,0,77.8,0,0,268,0,0,48.3,50.1,78.6,,59.8,79.8,0,0,0,0,37.0,8.3,1,0,0,113.4,7,0,0,30,0,51,71,0,0,0,0,0,17,71,0,20,24,2,9,0,9,0,0,101,28,14.4
Cameron Lindsey,189537,LB,PITTSBURGH,11,7,0,77.8,0,1,268,0,0,64.3,74.0,21.6,57.9,91.5,79.1,1,4,0,0,24.0,10.7,3,1,1,114.8,14,2,0,135,0,96,230,37,0,0,37,0,0,193,49,85,58,11,18,1,18,7,1,128,86,9.1
Davion Pritchard,189538,CB,PITTSBURGH,1,0,0,,0,0,268,0,0,63.2,64.1,71.2,,60.3,,0,0,0,0,,,0,0,0,0.0,0,0,0,0,10,4,10,0,0,0,0,0,0,10,0,6,0,0,0,0,0,0,0,0,0,
Jahsear Whittington,189542,DI,PITTSBURGH,10,3,0,,0,0,268,1,0,67.5,70.6,82.0,69.5,64.7,65.3,3,9,0,0,,9.1,1,0,0,0.0,0,1,0,2,0,0,227,225,26,184,0,15,0,2,126,101,0,6,7,1,0,13,0,0,0,
Ty Yuhas,189543,DI,PITTSBURGH,2,0,0,,0,0,268,0,0,,61.6,71.6,57.1,63.0,,0,0,0,0,,,0,0,0,0.0,0,0,0,0,0,0,12,12,0,12,0,0,0,0,5,7,0,0,0,0,0,0,0,0,0,
Jaylen Moses,189555,S,SMU,8,3,0,80.0,0,0,287,0,0,61.5,63.1,0.0,71.2,70.6,86.8,0,0,0,0,44.0,0.0,0,0,1,118.8,4,0,0,15,19,48,75,0,0,0,0,0,29,75,2,25,10,1,7,0,5,0,0,76,43,19.0
William Nettles,189556,CB,SMU,12,4,0,60.7,0,0,287,0,0,59.8,63.3,83.1,75.2,73.4,62.4,0,0,0,1,36.0,15.0,6,3,1,104.9,17,1,0,36,358,259,410,0,0,0,0,0,2,410,2,149,12,8,30,0,28,1,2,291,63,17.1
Xavier Wright,189562,LB,SMU,2,0,0,100.0,0,0,287,0,0,53.7,54.0,71.6,59.2,61.7,,0,0,0,0,16.0,,0,0,0,108.3,2,0,0,9,0,8,12,0,0,0,0,0,0,12,1,3,3,0,0,0,2,0,0,20,3,10.0
Armani Cargo,189566,CB,TULANE,1,0,0,,0,0,319,0,0,60.0,61.1,66.0,,60.0,,0,0,0,0,,,0,0,0,0.0,0,0,0,0,2,1,2,0,0,0,0,0,0,2,0,1,0,0,0,0,0,0,0,0,0,
Chase Green,189574,S,TULANE,1,0,0,,0,0,319,0,0,,60.0,64.9,,60.0,,0,0,0,0,,,0,0,0,0.0,0,0,0,0,0,0,2,0,0,0,0,0,2,2,0,2,0,0,0,0,0,0,0,0,0,
Geordan Guidry,189575,DI,TULANE,13,5,0,,0,1,319,0,0,,84.0,80.2,60.2,90.6,80.4,0,3,0,0,,0.0,0,0,0,0.0,0,0,0,0,0,0,130,130,33,30,17,50,0,0,57,73,0,7,8,0,0,3,0,0,0,
Carson Klein,189578,S,TULANE,2,1,0,,0,0,319,0,0,63.0,69.5,71.5,,66.7,78.3,0,0,0,0,,0.0,0,0,0,0.0,0,0,0,4,0,5,8,0,0,0,0,0,3,8,0,3,1,1,1,0,0,0,0,0,0,
E'zaiah Shine,189584,CB,TULANE,13,2,0,67.3,2,0,319,2,0,63.0,60.7,0.0,46.1,62.1,62.8,0,1,0,0,55.0,15.1,8,6,7,119.4,37,0,0,49,587,376,652,4,0,0,4,0,1,648,3,273,11,12,43,2,55,1,4,489,170,13.2
Kellen Tasby,189587,WR,TULANE,1,0,0,,0,0,319,0,0,,60.0,60.0,,60.0,,0,0,0,0,,,0,0,0,0.0,0,0,0,0,0,0,1,0,0,0,0,0,0,1,0,1,0,0,0,0,0,0,0,0,0,
Javion White,189589,S,TULANE,13,3,0,70.4,0,0,319,1,0,79.4,71.3,28.4,57.6,54.0,64.8,0,3,0,3,53.0,12.2,6,6,5,80.2,38,0,0,45,11,348,598,131,0,0,131,0,9,467,25,225,402,12,40,3,54,3,2,392,199,10.3
George Brown IV,189593,S,USF,1,0,0,,0,0,327,0,0,,60.0,63.1,,60.0,,0,0,0,0,,,0,0,0,0.0,0,0,0,0,0,0,1,0,0,0,0,0,1,1,0,1,0,0,0,0,0,0,0,0,0,
James Chenault Jr.,189597,CB,USF,9,9,0,63.2,0,0,327,0,0,65.1,66.2,83.7,52.5,70.9,60.0,0,0,0,2,36.0,18.4,7,2,3,78.1,24,0,0,34,382,278,434,0,0,0,0,0,3,434,3,153,15,8,22,0,38,0,2,253,46,10.5
Jermaine Dalias,189600,LB,USF,3,3,0,100.0,0,0,327,0,0,49.9,56.7,73.3,,67.0,81.8,0,0,0,0,28.0,0.0,0,0,0,118.8,2,0,0,24,0,19,38,4,0,0,4,0,8,34,0,19,2,1,2,0,2,0,0,31,5,15.5
Fred Gaskin III,189604,S,USF,12,12,0,61.5,0,1,327,1,1,64.1,58.3,47.8,67.5,46.9,30.1,0,2,0,2,28.0,27.8,20,2,2,63.0,16,2,0,306,9,379,669,39,0,0,39,0,230,630,33,257,85,21,40,0,26,4,1,180,117,11.3
Jahari Grant,189606,DI,USF,9,1,0,,0,0,327,0,0,,62.4,79.9,59.9,62.3,69.9,0,2,0,0,,0.0,0,0,0,0.0,0,0,0,0,0,0,78,78,34,43,0,1,0,0,43,35,0,0,1,0,0,2,0,0,0,
Daron Jean,189608,CB,USF,1,0,0,,0,0,327,0,0,,60.0,63.5,,60.0,,0,0,0,0,,,0,0,0,0.0,0,0,0,0,1,0,1,0,0,0,0,0,0,1,0,1,0,0,0,0,0,0,0,0,0,
Ryan Jenkins,189609,DI,USF,10,3,0,,0,0,327,0,0,65.6,63.7,23.9,60.7,61.2,63.2,0,6,0,0,,12.5,1,0,1,0.0,0,1,0,0,0,0,119,119,6,58,28,27,0,0,70,49,0,5,4,0,0,7,0,0,0,
Ira Singleton IV,189617,ED,USF,12,3,0,80.0,0,0,327,2,0,49.0,66.2,63.1,81.6,49.6,26.6,6,16,0,0,10.0,45.0,9,0,1,90.0,4,4,0,11,0,56,334,319,0,7,294,18,0,15,184,94,3,6,8,0,5,26,0,28,10,7.0
Levi Smiley,189618,ED,USF,11,5,0,,0,0,327,0,0,61.1,63.5,37.6,60.8,66.3,80.7,1,3,0,0,,0.0,0,0,1,0.0,0,0,0,0,0,1,160,160,0,7,118,35,0,0,90,69,0,4,4,1,0,4,0,0,0,
Jabari Mann,189623,LB,ARIZONA,10,5,0,75.0,0,0,109,0,0,77.2,69.4,0.0,65.4,59.7,81.3,0,3,1,1,11.0,5.3,1,0,1,44.8,3,1,0,98,0,64,151,29,0,0,29,0,0,122,28,59,23,10,13,3,4,4,0,19,8,6.3
Eduwa Okundaye,189625,ED,ARIZONA,4,1,0,0.0,0,0,109,0,0,65.2,53.5,74.9,48.1,51.1,29.9,0,1,0,0,,50.0,1,1,0,39.6,0,0,0,0,0,2,20,19,0,0,19,0,0,1,8,10,0,0,0,0,1,1,0,0,0,
Quinn Olson,189626,CB,ARIZONA,1,0,0,,0,0,109,0,0,,60.1,60.0,,60.0,,0,0,0,0,,,0,0,0,0.0,0,0,0,0,0,0,1,0,0,0,0,0,0,1,0,1,0,0,0,0,0,0,0,0,0,
Prayer Young-Blackgoat,189641,LB,ARIZONA ST,2,0,0,100.0,0,0,110,0,0,68.5,70.5,69.4,,60.0,45.4,0,0,0,0,21.0,25.0,1,0,0,94.8,4,0,0,6,0,6,7,0,0,0,0,0,0,7,0,1,1,3,3,1,4,0,0,27,16,6.8
Kinilau Fonohema,189643,ED,BYU,6,1,0,,0,0,128,0,0,61.2,58.1,77.6,52.5,63.4,75.7,0,1,0,0,,0.0,0,0,0,0.0,0,0,0,0,0,3,49,49,0,16,23,10,0,0,31,15,0,2,2,0,0,1,0,0,0,
Jonathan Kabeya,189645,CB,BYU,4,1,0,50.0,0,0,128,0,0,46.4,52.7,82.9,,79.0,27.7,0,0,0,0,27.0,36.4,4,0,0,106.6,6,0,0,5,5,68,108,1,0,0,1,0,3,107,0,40,94,3,6,0,12,0,1,101,32,16.8
Jarinn Kalama,189646,S,BYU,3,1,0,,0,0,128,0,0,62.9,66.8,72.2,,66.2,79.4,0,0,0,0,,0.0,0,0,0,0.0,0,0,0,0,0,6,15,0,0,0,0,0,14,15,0,9,1,0,1,0,0,0,0,0,0,
Matthias Leach,189647,S,BYU,1,0,0,,0,0,128,0,0,60.0,60.3,67.0,,60.0,,0,0,0,0,,,0,0,0,0.0,0,0,0,0,0,1,3,0,0,0,0,0,3,3,0,2,0,0,0,0,0,0,0,0,0,
Iosefa Letuli,189648,DI,HAWAII,8,1,0,,0,0,180,0,0,60.0,70.7,74.9,64.5,69.1,73.6,0,1,0,0,,0.0,0,0,0,0.0,0,0,0,0,0,0,30,30,0,18,7,5,0,0,14,16,0,0,1,0,0,1,0,0,0,
Faletau Satuala,189653,S,BYU,12,12,1,66.7,0,2,128,0,0,83.8,80.9,84.1,73.7,71.3,88.0,0,0,1,3,75.0,6.8,5,1,0,69.3,18,1,1,193,14,292,512,6,0,0,6,0,184,506,4,216,115,23,56,6,27,1,1,252,117,14.0
Sani Tuala,189656,DI,BYU,1,0,0,,0,0,128,0,0,,68.1,67.5,60.0,63.0,,0,0,0,0,,,0,0,0,0.0,0,0,0,0,0,0,3,3,0,3,0,0,0,0,1,2,0,0,0,0,0,0,0,0,0,
Carson Tujague,189657,DI,UTAH ST,12,16,0,100.0,0,0,329,0,0,55.9,57.8,16.9,53.1,67.5,78.2,3,8,0,0,27.0,5.8,3,0,5,158.3,4,1,0,0,0,19,644,643,15,65,178,385,0,1,325,300,0,26,33,2,4,12,1,70,45,17.5
Joseph Anderson,189673,ED,IOWA,3,1,0,,0,0,192,0,0,,51.7,75.2,61.1,49.3,73.4,0,0,0,0,,0.0,0,0,0,0.0,0,0,0,0,0,0,28,28,0,0,21,7,0,0,8,20,0,0,1,0,0,0,0,0,0,
Cam Buffington,189674,LB,IOWA,3,1,0,0.0,0,0,192,0,0,90.3,85.1,74.3,,66.6,82.8,0,0,0,1,,0.0,0,1,0,0.0,0,0,0,24,0,8,28,0,0,0,0,0,0,28,0,20,4,3,6,0,1,0,0,0,0,
Drew Campbell,189677,ED,IOWA,1,0,0,,0,0,192,0,0,,67.9,70.0,60.0,64.5,,0,0,0,0,,,0,0,0,0.0,0,0,0,0,0,0,5,5,0,0,5,0,0,0,1,4,0,0,0,0,0,0,0,0,0,
Chima Chineke,189678,ED,IOWA,1,0,0,,0,0,192,0,0,,62.3,70.1,60.0,61.2,,0,0,0,0,,,0,0,0,0.0,0,0,0,0,0,0,5,5,0,0,2,3,0,0,1,4,0,0,0,0,0,0,0,0,0,
Kyler Gerardy,189682,S,IOWA,3,1,0,,0,0,192,0,0,62.8,66.3,73.9,,67.4,44.4,0,0,0,0,,50.0,1,0,0,0.0,0,0,0,19,0,7,29,0,0,0,0,0,9,29,0,22,1,0,0,0,0,0,0,0,0,
Rashad Godfrey Jr.,189684,CB,IOWA,6,3,0,66.7,1,1,192,0,0,57.4,69.7,78.0,,92.1,85.1,0,0,0,0,13.0,0.0,0,0,2,79.9,4,0,0,5,82,42,89,0,0,0,0,0,0,89,0,47,2,3,9,0,6,0,0,32,13,8.0
Devan Kennedy,189685,DI,IOWA,1,0,0,,0,0,192,0,0,,72.3,73.9,,70.1,70.2,0,0,0,0,,0.0,0,0,0,0.0,0,0,0,0,0,0,9,9,4,5,0,0,0,0,0,9,0,1,1,0,0,0,0,0,0,
Preston Ries,189693,LB,IOWA,3,2,0,,0,0,192,0,0,,71.8,73.2,,70.8,59.8,0,0,0,0,,16.7,1,0,0,0.0,0,0,0,10,0,0,13,3,0,0,3,0,0,10,0,13,0,2,3,1,0,0,0,0,0,
Jaylen Watson,189696,CB,IOWA,10,2,0,38.9,0,0,192,0,0,55.9,53.7,81.5,59.4,47.0,69.7,0,0,0,0,21.0,9.1,1,1,2,52.5,7,0,0,18,85,92,167,6,0,0,6,0,0,161,1,74,58,2,8,0,18,0,0,78,21,11.1
Derek Weisskopf,189697,LB,IOWA,3,1,0,,0,0,192,0,0,,55.2,74.0,60.0,55.2,76.5,0,0,0,0,,0.0,0,0,0,0.0,0,0,0,5,0,0,11,5,0,0,5,0,0,6,1,10,1,0,1,0,0,0,0,0,0,
Keona Davis,189699,DI,NEBRASKA,12,10,1,,0,0,238,0,0,65.3,63.5,58.8,56.8,65.9,85.0,1,6,0,0,,0.0,0,0,1,0.0,0,2,0,3,0,2,364,360,6,192,46,116,0,4,174,188,0,17,21,2,0,9,0,0,0,
David Hoffken,189701,DI,NEBRASKA,9,0,0,,0,0,238,0,0,,62.8,78.5,66.7,59.9,51.3,0,1,0,0,,20.0,1,0,0,0.0,0,0,0,0,0,0,73,73,15,39,19,0,0,0,17,56,0,2,4,0,0,1,0,0,0,
Joe Pitchford,189712,FB,TCU,1,0,0,,0,0,305,1,0,,60.0,60.0,,60.0,,0,0,0,0,,,0,0,1,0.0,0,0,0,0,0,0,1,0,0,0,0,0,0,1,0,1,0,0,0,0,0,0,0,0,0,
Billy Koudelka,189719,ED,VIRGINIA,10,2,0,,0,0,335,0,0,63.2,62.0,20.7,55.2,70.2,46.7,2,3,0,0,,22.2,2,0,1,0.0,0,1,0,1,0,2,99,98,0,1,89,8,0,1,52,45,0,6,5,0,0,6,0,0,0,
Annas Davis,189727,DI,WASHINGTON,1,0,0,,0,0,340,0,0,,48.5,68.9,59.6,60.0,,0,0,0,0,,,0,0,0,0.0,0,0,0,0,0,0,3,3,3,0,0,0,0,0,2,1,0,0,0,0,0,0,0,0,0,
Sam Feeney,189751,ED,BALL ST,4,1,0,,0,0,117,0,0,62.9,54.9,83.9,60.4,45.4,24.9,2,4,0,0,,50.0,3,0,0,0.0,0,0,0,21,0,21,95,74,0,0,74,0,0,21,41,33,0,1,2,0,0,6,0,0,0,
Scott Hudson,189754,DI,BALL ST,12,3,0,,0,0,117,0,0,,59.4,81.3,58.8,58.5,79.0,1,2,0,0,,0.0,0,0,0,0.0,0,1,0,0,0,0,234,234,2,191,9,32,0,0,105,129,0,5,8,0,0,4,0,0,0,
Eric McClain,189759,CB,BALL ST,10,2,0,62.5,0,3,117,0,0,64.3,62.9,1.9,44.7,68.1,40.8,0,1,0,2,49.0,25.9,7,2,2,94.0,10,0,0,28,194,86,230,4,0,0,4,0,2,226,4,140,2,5,18,1,16,1,3,153,52,15.3
Layton Starks,189764,ED,BALL ST,12,2,0,66.7,0,0,117,2,0,41.3,45.4,86.3,54.1,45.9,42.6,2,4,0,0,17.0,25.0,4,0,0,138.9,2,0,0,16,0,12,198,177,0,0,177,0,0,21,68,118,5,4,10,1,3,6,1,30,30,15.0
Jordan Suggs,189766,CB,BALL ST,1,0,0,,0,0,117,0,0,,61.3,69.8,,60.2,,0,0,0,0,,,0,0,0,0.0,0,0,0,2,7,0,9,0,0,0,0,0,0,9,0,9,0,0,0,0,0,0,0,0,0,
Will Yates,189769,CB,BALL ST,10,3,0,50.0,1,0,117,0,0,73.4,71.7,21.1,59.0,64.2,70.6,0,0,0,1,42.0,10.3,4,5,1,66.0,18,0,0,17,328,198,360,2,0,0,2,0,0,358,1,161,13,6,32,0,36,0,1,212,67,11.8
Tyrelle Deener,189771,CB,E MICHIGAN,9,3,0,65.8,0,0,160,0,0,54.5,57.3,84.5,62.4,66.6,73.1,1,0,0,1,23.0,9.7,3,3,3,90.9,25,0,0,12,310,185,403,4,0,0,4,0,0,399,5,213,77,9,25,0,38,1,2,250,111,10.0
Jason Morbitzer,189774,ED,E MICHIGAN,1,0,0,,0,0,160,0,0,,61.7,67.6,,60.4,,0,0,0,0,,,0,0,0,0.0,0,0,0,0,0,0,2,2,2,0,0,0,0,0,0,2,0,0,0,0,0,0,0,0,0,
Sadonnie Gay,189777,S,FIU,1,0,0,,0,0,166,0,0,60.9,60.7,68.4,59.5,60.0,,0,0,0,0,,,0,0,0,0.0,0,0,0,7,0,3,7,0,0,0,0,0,0,7,1,3,0,0,0,0,0,0,0,0,0,
Devonte Lyons,189778,HB,FIU,1,0,0,,0,0,166,0,0,,60.0,60.0,,60.0,,0,0,0,0,,,0,0,0,0.0,0,0,0,0,0,0,1,0,0,0,0,0,0,1,0,1,0,0,0,0,0,0,0,0,0,
Robert Williams,189782,ED,FIU,10,7,0,,0,0,166,0,0,60.8,66.7,84.4,57.3,70.7,83.6,0,2,0,0,,0.0,0,0,0,0.0,0,2,0,1,0,2,152,151,0,1,148,2,0,1,68,82,0,4,3,0,0,4,0,0,0,
Jawaun Campbell,189786,DI,JVILLE ST,9,9,0,,0,0,196,0,0,54.3,78.2,26.2,74.9,81.4,64.9,1,13,0,0,,6.9,2,0,2,0.0,0,0,0,0,0,1,295,295,20,153,4,118,0,0,171,123,0,12,18,3,0,14,0,0,0,
Talan Carter,189787,DI,JVILLE ST,12,9,1,,0,0,196,0,0,62.0,72.5,34.4,59.6,81.2,62.9,2,11,0,0,,11.4,5,0,3,0.0,0,2,0,1,0,1,518,517,238,224,6,49,0,1,281,236,0,27,30,1,0,15,0,0,0,
Thaxton Gallagher,189790,LB,JVILLE ST,9,10,0,60.0,0,0,196,1,0,40.6,54.9,80.3,54.3,68.6,72.6,0,2,0,0,14.0,7.9,3,1,0,77.5,6,0,0,252,0,124,300,23,0,0,23,0,0,277,28,148,25,14,25,1,10,2,0,61,46,10.2
Jayke Jones,189793,CB,JVILLE ST,3,1,0,0.0,0,0,196,0,0,72.4,74.3,74.8,,69.2,76.6,0,0,0,0,,0.0,0,0,0,39.6,0,0,0,1,32,25,33,0,0,0,0,0,0,33,0,8,0,1,1,0,2,0,0,0,0,
Brice McKenzie,189800,S,JVILLE ST,1,0,0,,0,0,196,0,0,61.0,60.9,66.9,,60.0,,0,0,0,0,,,0,0,0,0.0,0,0,0,3,0,2,3,0,0,0,0,0,0,3,0,1,0,0,0,0,0,0,0,0,0,
Justus Savage,189806,HB,JVILLE ST,1,0,0,,0,0,196,0,0,,60.1,60.0,,60.0,,0,0,0,0,,,0,0,0,0.0,0,0,0,0,0,0,1,0,0,0,0,0,0,1,0,1,0,0,0,0,0,0,0,0,0,
Marc Woods,189813,S,JVILLE ST,7,4,0,25.0,0,0,196,0,0,75.2,77.5,80.5,59.6,77.7,78.2,1,0,0,1,28.0,6.3,1,1,0,16.7,1,0,0,54,4,76,131,1,0,0,1,0,59,130,1,54,12,3,11,1,4,1,0,28,24,28.0
Jacob Bradford,189815,DI,LA TECH,11,1,0,,0,0,208,1,1,71.5,71.5,79.8,60.1,72.6,73.1,1,1,0,0,,0.0,0,0,0,0.0,0,0,0,1,0,3,68,67,64,3,0,0,0,1,44,21,0,2,2,0,0,2,0,0,0,
Jacoryian Crowe,189817,S,LA TECH,1,1,0,,0,0,208,0,0,60.6,68.8,65.3,,64.2,73.1,0,0,0,0,,0.0,0,0,0,0.0,0,0,0,2,0,2,3,0,0,0,0,0,0,3,0,1,1,0,0,0,0,0,0,0,0,
Amani Givens,189819,HB,LA TECH,1,0,0,,0,0,208,0,0,,60.0,60.0,,60.0,,0,0,0,0,,,0,0,0,0.0,0,0,0,0,0,0,1,0,0,0,0,0,0,1,0,1,0,0,0,0,0,0,0,0,0,
Alonzo Jackson Jr.,189822,LB,LA TECH,9,4,2,73.3,0,0,208,0,0,61.2,73.0,19.1,80.5,77.8,52.1,4,13,1,1,25.0,24.0,6,1,2,70.4,11,1,0,136,0,95,222,30,0,0,30,0,0,192,40,87,56,11,15,1,15,18,0,126,75,11.5
Jadon Mayfield,189823,LB,LA TECH,12,19,0,80.0,0,0,208,0,0,69.4,71.4,12.7,72.7,66.2,71.9,5,12,0,0,16.0,10.7,6,1,2,97.2,12,2,0,447,0,202,515,33,0,0,33,0,0,482,98,215,35,24,31,4,15,19,0,110,51,9.2
Cole Watson,189829,LB,LA TECH,2,0,0,,0,0,208,0,0,60.4,70.0,64.4,,69.2,73.6,0,0,0,0,,0.0,0,0,0,0.0,0,0,0,2,0,2,4,0,0,0,0,0,0,4,0,2,1,1,1,1,0,0,0,0,0,
Elijah Carney,189834,LB,MIDDLE TN,3,0,0,,0,0,224,0,0,,61.1,65.2,,60.0,,0,0,0,0,,,0,0,0,0.0,0,0,0,3,0,0,4,0,0,0,0,0,0,4,0,4,0,0,0,0,0,0,0,0,0,
Reggie Johnson,189840,ED,MIDDLE TN,12,10,1,33.3,0,0,224,0,0,63.7,75.0,89.1,73.2,71.0,61.3,8,17,0,0,1.0,15.6,5,0,0,42.4,1,3,0,2,0,27,490,485,2,5,470,8,0,5,233,230,2,16,17,5,3,28,0,1,2,1.0
Sawyer Lovvorn,189843,TE,MIDDLE TN,1,0,0,,0,0,224,0,0,,60.0,60.0,,60.0,,0,0,0,0,,,0,0,0,0.0,0,0,0,0,0,0,1,0,0,0,0,0,0,1,0,1,0,0,0,0,0,0,0,0,0,
Abdul Muhammad,189845,CB,MIDDLE TN,12,0,0,64.8,1,0,224,1,0,58.1,58.9,10.5,62.6,68.6,68.3,1,0,0,0,41.0,12.5,4,7,5,103.5,35,0,0,29,413,331,602,3,0,0,3,0,1,599,4,267,155,5,28,0,54,1,2,455,142,13.0
Korey Smith,189850,LB,MIDDLE TN,12,15,0,72.4,0,0,224,1,0,66.8,61.2,2.6,50.6,59.9,85.8,0,1,0,1,24.0,4.1,2,1,2,74.1,21,0,0,340,0,222,390,20,0,0,20,0,0,370,13,155,29,14,32,1,29,1,0,181,162,8.6
Jakobe Campbell,189856,S,NEW MEX ST,10,1,0,100.0,0,0,242,0,0,65.6,50.8,76.7,,27.3,27.3,0,0,0,1,15.0,50.0,2,0,0,79.2,1,0,0,27,0,32,62,0,0,0,0,0,29,62,0,30,6,0,1,0,1,0,0,15,0,15.0
Lanar Kelley,189862,CB,NEW MEX ST,1,0,0,0.0,0,0,242,0,0,70.7,72.2,70.9,,60.0,,0,0,0,0,,,0,0,0,39.6,0,0,0,0,9,4,9,0,0,0,0,0,0,9,0,5,0,0,0,0,1,0,0,0,0,
Zedekiah Rodriguez-Brown,189868,CB,NEW MEX ST,12,1,0,65.5,0,0,242,0,0,72.5,72.3,0.0,53.4,80.3,77.6,0,0,0,1,34.0,5.6,1,4,3,84.8,19,0,0,32,407,245,448,3,0,0,3,0,4,445,3,200,2,7,16,3,29,0,1,216,79,11.4
Cole Schnettgoecke,189869,DI,NEW MEX ST,12,14,1,,0,0,242,1,0,58.5,62.8,25.8,61.2,66.7,46.3,4,9,0,0,,18.4,7,0,3,0.0,0,0,0,0,0,0,433,433,63,354,1,15,0,0,228,205,0,15,17,0,0,13,0,0,0,
Enzo-Pierre Tayou,189870,DI,NEW MEX ST,9,3,0,,0,0,242,0,0,60.0,71.5,77.9,58.6,74.6,64.5,1,0,0,0,,9.1,1,0,0,0.0,0,0,0,0,0,0,88,88,1,77,0,10,0,0,38,50,0,4,7,0,0,1,0,0,0,
Ta'Avili Tuitama,189872,DI,NEW MEX ST,12,8,0,,0,0,242,0,0,68.7,61.1,67.1,62.7,57.0,67.9,3,12,0,0,,9.1,2,0,1,0.0,0,3,0,0,0,0,511,511,84,395,2,30,0,0,278,233,0,13,12,3,0,18,0,0,0,
Taebron Bennie-Powell,189876,S,NOTRE DAME,1,0,0,,0,0,258,0,0,61.5,56.8,70.6,,56.0,,0,0,0,0,,,0,0,0,0.0,0,0,0,6,0,3,13,0,0,0,0,0,7,13,0,10,0,0,0,0,0,0,0,0,0,
Karson Hobbs,189877,CB,NOTRE DAME,7,1,0,50.0,0,0,258,0,0,44.9,48.4,83.0,58.3,66.1,28.8,0,0,0,1,34.0,37.5,3,0,0,76.3,11,0,0,4,13,61,108,2,0,0,2,0,4,106,1,46,85,0,4,0,22,0,1,192,68,17.5
Matt Jeffery,189878,WR,NOTRE DAME,1,0,0,,0,0,258,0,0,,60.0,60.0,,60.0,,0,0,0,0,,,0,0,0,0.0,0,0,0,0,0,0,1,0,0,0,0,0,0,1,0,1,0,0,0,0,0,0,0,0,0,
Brauntae Johnson,189879,S,NOTRE DAME,10,6,0,72.2,0,0,258,0,0,84.0,82.8,42.6,59.7,79.3,91.0,0,0,1,4,31.0,3.8,2,3,1,58.6,13,0,0,113,9,374,573,2,0,0,2,0,397,571,1,198,52,7,44,1,18,0,0,155,109,11.9
Bodie Kahoun,189880,LB,NOTRE DAME,2,1,0,,0,0,258,0,0,,55.4,66.0,,57.3,,0,0,0,0,,0.0,0,0,0,0.0,0,0,0,2,0,0,3,0,0,0,0,0,0,3,0,3,0,0,0,0,0,0,0,0,0,
Leonard Moore,189882,CB,NOTRE DAME,10,5,0,54.2,1,1,258,0,0,92.5,91.8,85.5,53.2,69.6,54.1,0,1,1,5,27.0,17.9,7,7,4,45.9,26,0,0,51,493,399,632,2,0,0,2,0,1,630,3,230,84,13,27,0,48,1,3,201,97,7.7
Teddy Rezac,189886,LB,NOTRE DAME,3,0,0,,0,0,258,0,0,60.5,52.1,70.1,60.0,50.1,,0,0,0,0,,,0,0,0,0.0,0,0,0,12,0,3,17,2,0,0,2,0,0,15,1,13,2,0,0,0,0,0,0,0,0,
Railyn Adams,189890,S,SM HOUSTON,4,2,0,100.0,0,0,281,0,0,49.9,57.8,72.7,,69.2,59.9,0,0,0,0,35.0,16.7,1,0,0,158.3,2,0,0,12,0,9,25,0,0,0,0,0,10,25,0,16,3,0,3,0,2,0,1,41,31,20.5
Dean Ford,189895,LB,SM HOUSTON,8,12,0,92.3,0,0,281,1,0,54.9,62.6,81.7,69.7,63.9,62.0,2,2,0,0,30.0,15.6,7,0,0,111.9,12,3,0,253,0,122,361,56,0,0,56,0,0,305,47,192,52,18,26,3,13,7,0,141,105,11.8
Quardale Patt,189906,ED,SM HOUSTON,9,3,1,,0,0,281,0,0,60.2,55.0,80.2,63.4,48.5,78.4,0,2,0,0,,0.0,0,0,0,0.0,0,0,0,0,0,2,188,188,13,22,12,141,0,0,87,99,0,5,5,2,0,2,0,0,0,
Lyric Smith,189908,S,SM HOUSTON,5,2,0,66.7,0,0,281,0,0,44.0,65.0,73.3,,78.5,61.8,0,0,0,0,16.0,16.7,1,0,0,70.1,2,0,0,20,1,8,37,4,0,0,4,0,1,33,0,29,11,2,3,1,3,0,0,6,0,3.0
Dravon Wilson,189913,CB,SM HOUSTON,9,2,0,87.5,1,1,281,0,0,51.9,53.8,80.3,,60.7,76.6,0,0,0,1,27.0,8.0,2,0,1,84.9,14,0,0,21,175,100,200,0,0,0,0,0,1,200,0,100,3,4,21,1,16,0,0,170,38,12.1
Makai Byerson,189918,ED,BOSTON COL,9,1,0,,0,0,121,0,0,63.0,59.3,80.3,62.4,54.0,36.0,0,4,0,0,,22.2,2,0,0,0.0,0,0,0,0,0,1,84,84,0,18,57,9,0,0,46,37,0,5,6,0,0,4,0,0,0,
Greg Genross,189929,TE,W VIRGINIA,1,0,0,,0,0,343,0,0,,60.0,60.2,60.0,,,0,0,0,0,,,0,0,0,0.0,0,0,0,0,0,0,1,0,0,0,0,0,0,1,1,0,0,0,0,0,0,0,0,0,0,
Quintin Goins,189930,DI,W VIRGINIA,1,0,0,,0,0,343,0,0,,59.4,66.6,,59.5,71.3,0,0,0,0,,0.0,0,0,0,0.0,0,0,0,0,0,0,3,3,0,1,0,2,0,0,0,3,0,1,1,0,0,0,0,0,0,
Chris Henry,189932,S,COAST CAR,5,2,0,66.7,0,0,141,0,0,32.0,37.4,77.5,,49.3,65.8,0,0,0,0,32.0,12.5,1,0,1,149.3,2,0,0,24,0,19,57,2,0,0,2,0,19,55,0,38,11,0,5,0,3,0,1,53,5,26.5
Curtis Jones Jr.,189935,ED,W VIRGINIA,10,5,1,66.7,0,1,343,0,0,53.0,56.6,86.3,57.7,59.7,32.7,3,5,0,0,14.0,33.3,8,0,0,127.8,4,1,0,64,2,80,253,120,0,0,120,0,1,133,55,118,66,10,11,2,6,9,1,44,23,11.0
Keyshawn Robinson,189940,CB,W VIRGINIA,5,2,0,50.0,0,0,343,0,0,55.2,57.2,75.4,,61.4,64.6,0,0,0,0,14.0,12.5,1,0,0,100.0,2,0,0,7,48,18,56,0,0,0,0,0,0,56,0,38,0,1,5,0,4,0,1,16,7,8.0
Keyon Washington,189945,CB,BOWL GREEN,10,8,0,60.0,1,0,122,1,0,52.6,55.0,27.3,74.6,64.5,51.2,0,0,0,0,63.0,20.5,9,4,3,101.9,18,1,0,25,364,206,406,3,0,0,3,0,9,403,2,198,5,10,27,1,30,1,1,279,114,15.5
Rickey Williams,189947,LB,TOLEDO,9,1,1,,0,0,316,0,0,57.6,56.9,80.2,63.9,55.3,56.9,0,1,0,0,,14.3,1,0,0,0.0,0,0,0,41,1,21,85,41,0,0,41,0,0,44,6,58,2,4,5,1,0,1,0,0,0,
Jalen Jordan,189961,DI,GA STATE,1,0,0,,0,0,175,0,0,,61.6,71.7,58.4,61.9,,0,0,0,0,,,0,0,0,0.0,0,0,0,0,0,0,8,8,2,6,0,0,0,0,4,4,0,0,0,0,0,0,0,0,0,
Deuce Walker,189977,CB,GA STATE,11,5,0,56.5,0,1,175,1,0,63.3,66.9,86.2,40.6,79.7,68.3,0,1,0,0,74.0,8.8,3,1,2,129.5,13,0,0,118,288,247,509,7,0,0,7,0,72,502,8,254,22,9,26,2,23,1,4,225,129,17.3
Brent Washington,189978,LB,GA STATE,4,2,0,100.0,0,0,175,0,0,42.8,52.9,76.3,54.5,63.7,53.8,0,0,0,0,26.0,16.7,1,0,0,158.3,1,0,0,50,0,11,50,0,0,0,0,0,0,50,5,34,0,2,3,0,1,0,1,26,11,26.0
Antonio Wesley,189979,LB,GA STATE,1,0,0,,0,0,175,0,0,60.0,64.6,69.1,58.7,63.9,73.6,0,0,0,0,,0.0,0,0,0,0.0,0,0,0,4,0,1,4,0,0,0,0,0,0,4,1,2,0,0,1,0,0,0,0,0,0,
Tyler Brown,189982,S,JAMES MAD,13,15,0,55.6,1,0,197,0,0,68.5,69.5,51.7,52.1,73.5,84.4,0,1,0,1,45.0,8.9,7,4,4,74.5,15,0,0,250,7,369,666,14,0,0,14,0,254,652,14,283,139,20,57,3,27,1,1,189,53,12.6
Trashon Dye,189984,LB,JAMES MAD,2,0,0,,0,0,197,0,0,60.2,72.6,68.1,59.3,74.1,76.3,0,0,0,0,,0.0,0,0,0,0.0,0,0,0,6,0,2,7,0,0,0,0,0,0,7,2,3,0,1,2,0,0,0,0,0,0,
Immanuel Ezeogu,189985,ED,JAMES MAD,13,2,1,50.0,0,1,197,0,0,59.1,67.9,87.2,62.9,73.0,54.7,2,6,0,0,3.0,15.4,2,0,0,56.3,1,1,0,60,0,41,178,118,0,0,118,0,0,60,91,46,0,10,9,2,2,9,0,3,2,3.0
Sahir West,190001,ED,JAMES MAD,13,9,3,,0,0,197,0,0,63.2,73.3,34.9,70.1,74.2,76.5,5,16,0,0,,9.7,3,0,3,0.0,0,4,0,1,0,3,507,505,0,70,357,78,0,2,288,216,0,19,19,5,0,25,0,0,0,
Ameyr Adams,190002,S,LA MONROE,4,1,0,100.0,0,0,209,0,0,77.4,72.8,77.5,,63.8,84.5,0,0,0,0,6.0,0.0,0,0,0,91.7,1,0,0,40,0,23,64,0,0,0,0,0,14,64,0,41,10,2,7,0,1,0,0,6,5,6.0
Jaeden Calender,190007,ED,LA MONROE,12,5,1,75.0,0,0,209,0,0,76.4,73.2,50.4,74.0,63.4,55.7,3,7,0,0,15.0,20.0,4,1,1,90.6,3,1,0,28,0,43,252,204,0,0,203,1,0,48,101,108,20,9,11,1,4,11,0,25,11,8.3
Seidrion Langston,190017,LB,LA MONROE,11,8,0,90.9,0,0,209,0,0,55.5,58.5,81.5,57.6,61.2,71.8,1,4,0,0,29.0,13.2,5,0,0,106.4,10,0,0,268,0,148,351,44,0,0,44,0,0,307,40,163,39,16,25,3,11,5,0,105,101,10.5
Amarion Ware,190026,DI,LA MONROE,8,1,0,,0,0,209,0,0,,73.8,78.7,62.2,77.1,74.9,1,2,0,0,,0.0,0,0,0,0.0,0,0,0,0,0,0,91,91,29,27,0,35,0,0,46,45,0,3,3,0,0,3,0,0,0,
Nehemiah Burleson,190030,ED,NEVADA,1,1,0,,0,0,239,0,0,,68.7,65.6,,60.0,71.5,0,0,0,0,,0.0,0,0,0,0.0,0,0,0,0,0,0,1,1,0,0,1,0,0,0,0,1,0,0,0,0,0,0,0,0,0,
Dylan Labarbera,190044,ED,NEVADA,12,19,0,100.0,0,0,239,0,0,87.3,91.0,22.0,90.6,86.1,82.2,15,31,0,0,6.0,7.4,6,0,5,79.2,2,8,0,20,0,29,668,640,0,14,557,69,0,28,342,297,8,48,56,10,2,54,0,3,9,1.5
David Paine Jr.,190048,DI,NEVADA,8,4,0,,0,0,239,0,0,63.5,74.3,81.0,64.8,72.3,63.0,0,2,0,0,,10.0,1,0,1,0.0,0,0,0,0,0,0,122,122,57,52,0,13,0,0,48,74,0,3,5,0,0,2,0,0,0,
Na'eem Abdul-Rahim Gladding,190053,WR,DOMINION,1,0,0,,0,0,263,0,0,,60.0,60.0,,60.0,,0,0,0,0,,,0,0,1,0.0,0,0,0,0,0,0,1,0,0,0,0,0,0,1,0,1,0,0,0,0,0,0,0,0,0,
Chris Boykins,190056,CB,DOMINION,2,0,0,,0,0,263,0,0,,61.0,70.1,,60.7,,0,0,0,0,,,0,0,0,0.0,0,0,0,0,8,0,8,0,0,0,0,0,0,8,0,8,0,0,0,0,0,0,0,0,0,
Brandon Crutchfield,190058,CB,DOMINION,12,9,0,54.3,0,0,263,0,0,79.2,77.3,85.0,,60.8,55.4,0,0,0,1,52.0,20.6,7,3,0,97.1,19,0,0,16,435,257,461,5,0,0,5,0,0,456,0,204,3,3,18,0,35,0,3,278,99,14.6
Chris Forbes,190060,DI,DOMINION,12,4,0,,0,0,263,2,0,71.1,63.4,61.7,58.6,62.1,59.5,1,6,0,0,,9.5,2,0,1,0.0,0,2,0,0,0,0,369,369,49,79,158,83,0,0,184,185,0,15,15,4,0,9,0,0,0,
Ahmaad Foster,190061,ED,DOMINION,9,1,0,,0,0,263,0,0,61.0,70.8,78.0,66.7,65.6,56.8,0,4,0,0,,15.4,2,0,0,0.0,0,0,0,0,0,0,74,74,0,19,28,27,0,0,31,43,0,9,10,3,0,4,0,0,0,
Dirrick Goodman,190063,CB,DOMINION,7,1,0,75.0,0,0,263,0,0,66.5,60.2,81.9,53.6,56.3,39.0,0,2,0,0,10.0,37.5,3,1,0,85.4,3,0,0,22,0,16,87,16,0,0,16,0,0,71,15,56,47,4,4,1,4,2,0,20,31,6.7
Daevon Iles,190065,S,DOMINION,11,8,0,58.3,0,0,263,0,0,67.6,70.8,85.4,65.6,74.9,72.3,1,1,0,0,52.0,10.8,4,3,1,111.8,14,0,0,160,7,216,375,2,0,0,2,0,49,373,3,156,156,7,25,1,24,2,2,192,79,13.7
Lorenzo McFadden-Pressley,190067,DI,DOMINION,9,4,0,,1,0,263,0,0,60.0,58.5,27.3,64.1,58.0,57.0,0,3,0,0,,14.3,1,0,1,0.0,0,0,0,0,0,1,120,119,100,18,0,1,0,1,49,70,0,2,2,0,0,3,0,0,0,
Jed Olotu-Judah,190069,S,DOMINION,6,0,0,66.7,0,0,263,0,0,58.4,57.5,81.6,60.8,55.5,52.1,1,0,0,0,11.0,20.0,1,0,0,70.1,2,0,0,27,0,21,65,18,0,0,18,0,0,47,10,34,18,3,4,0,3,1,0,5,10,2.5
Tyler Carter,190077,ED,S ALABAMA,2,1,0,,0,0,288,0,0,,60.5,71.6,62.9,58.3,69.7,0,1,0,0,,0.0,0,0,0,0.0,0,0,0,0,0,0,15,15,0,11,0,4,0,0,6,9,0,0,0,0,0,1,0,0,0,
Damyrion Darby,190078,CB,S ALABAMA,8,0,0,60.0,0,0,288,0,0,54.2,54.0,79.4,,53.9,32.3,0,0,0,0,54.0,33.3,3,1,1,143.8,6,0,0,13,134,77,147,0,0,0,0,0,0,147,0,70,0,3,6,0,10,0,2,141,47,23.5
William Felton IV,190081,ED,S ALABAMA,10,0,0,100.0,0,0,288,0,0,66.4,64.5,82.0,60.3,61.1,77.4,1,2,0,0,5.0,0.0,0,0,0,87.5,1,0,0,6,0,13,62,52,0,0,52,0,0,10,27,22,4,2,3,0,1,3,0,5,5,5.0
Ty Goodwill,190083,S,S ALABAMA,10,13,0,68.8,0,0,288,0,0,86.3,81.2,84.4,,66.3,37.2,0,0,0,1,20.0,22.7,10,5,0,45.8,11,0,0,113,0,185,327,3,0,0,3,0,161,324,0,142,50,12,21,5,16,0,0,41,27,3.7
Jacob Porco,190096,LB,S ALABAMA,1,1,0,,0,0,288,0,0,,27.2,69.1,,27.6,25.2,0,0,0,0,,50.0,2,0,0,0.0,0,0,0,8,0,0,8,0,0,0,0,0,0,8,0,8,0,0,1,0,0,0,0,0,0,
Parker Shattuck,190099,LB,S ALABAMA,8,1,0,83.3,0,0,288,0,0,33.7,33.7,76.8,55.5,42.6,25.3,0,0,0,0,52.0,41.7,5,0,0,158.3,5,0,0,91,0,37,99,0,0,0,0,0,0,99,4,58,8,4,6,1,6,0,1,86,68,17.2
Tymere Jackson,190101,ED,TEXAS ST,10,1,1,,0,0,314,0,0,62.4,75.5,65.0,74.3,70.9,66.4,1,16,0,0,,15.4,4,0,1,0.0,0,3,0,3,0,0,374,371,1,10,345,15,0,3,215,159,0,16,21,6,0,20,0,0,0,
Jermy Jackson,190102,ED,TEXAS ST,5,2,0,0.0,0,0,314,0,0,62.8,63.8,82.1,71.7,53.6,58.1,3,2,0,0,,20.0,1,0,0,39.6,0,0,0,9,0,9,81,72,0,0,71,1,0,9,32,40,0,1,2,1,1,5,0,0,0,
Christopher Jones,190103,CB,TEXAS ST,9,3,0,71.4,1,0,314,0,0,71.8,67.9,0.0,,56.6,41.5,0,0,1,1,33.0,31.3,5,1,1,56.8,10,0,0,14,128,80,149,2,0,0,2,0,0,147,0,69,5,3,8,1,14,0,0,84,48,8.4
Will Mitchell II,190106,S,TEXAS ST,3,3,0,58.8,0,0,314,0,0,58.9,59.0,82.5,65.1,55.5,62.1,0,1,0,0,36.0,16.7,2,2,0,85.4,10,0,0,35,3,88,159,10,0,0,10,0,3,149,8,63,108,2,7,0,17,1,0,140,42,14.0
Tice Williams,190116,S,TEXAS ST,3,0,0,,0,0,314,0,0,59.3,63.4,72.3,,67.5,27.1,0,0,0,0,,50.0,2,0,0,0.0,0,0,0,8,0,14,23,0,0,0,0,0,13,23,0,9,2,2,2,1,0,0,0,0,0,
Carlos Hazelwood,190128,DI,TOLEDO,8,2,0,,1,0,316,1,0,60.6,78.6,0.0,87.2,70.6,58.5,2,6,0,0,,12.5,1,0,2,0.0,0,0,0,0,0,0,80,80,0,80,0,0,0,0,47,33,0,4,5,0,0,8,0,0,0,
Ty McKinstry,190134,CB,TOLEDO,8,2,0,71.4,0,0,316,0,0,56.9,60.2,80.9,59.0,71.1,71.6,0,0,0,0,23.0,14.3,1,0,0,143.5,5,0,0,7,11,57,113,0,0,0,0,0,2,113,1,55,92,2,4,0,7,0,1,71,39,14.2
Isaac Zay,190139,LB,TOLEDO,6,2,0,0.0,0,0,316,0,0,65.0,73.5,76.5,54.7,77.3,82.2,0,0,0,0,,0.0,0,0,0,39.6,0,0,0,36,0,14,48,8,0,1,7,0,0,40,4,30,3,2,5,0,1,0,0,0,0,
Noah Bishop,190143,ED,W MICHIGAN,3,0,0,,0,0,347,0,0,65.6,57.5,77.5,56.8,50.3,46.3,0,0,0,0,,20.0,1,0,0,0.0,0,0,0,0,0,0,24,24,0,0,24,0,0,0,7,17,0,4,4,1,0,0,0,0,0,
Ryan Brotherton,190144,TE,W MICHIGAN,1,0,0,,0,0,347,0,0,,60.0,60.0,,60.0,,0,0,0,0,,,0,0,0,0.0,0,0,0,0,0,0,1,0,0,0,0,0,0,1,0,1,0,0,0,0,0,0,0,0,0,
CJ Miles Jr.,190151,S,W MICHIGAN,2,1,0,,0,0,347,0,0,62.8,65.0,69.5,,63.1,73.1,0,0,0,0,,0.0,0,0,0,0.0,0,0,0,7,0,5,12,0,0,0,0,0,5,12,0,7,0,0,0,0,0,0,0,0,0,
Derek Pennington,190153,LB,W MICHIGAN,1,0,0,,0,0,347,0,0,,60.0,60.0,,60.0,,0,0,0,0,,,0,0,0,0.0,0,0,0,0,0,0,1,0,0,0,0,0,0,1,0,1,0,0,0,0,0,0,0,0,0,
Braden Steely,190160,S,W MICHIGAN,3,1,0,100.0,0,0,347,0,0,65.3,68.0,72.8,,65.7,80.3,0,0,0,0,3.0,0.0,0,0,0,79.2,1,0,0,9,0,5,13,0,0,0,0,0,3,13,0,8,0,0,2,0,1,0,0,3,3,3.0
Preston Davis,190166,LB,ARKANSAS,1,0,0,,0,0,111,0,0,,60.1,63.9,,60.0,,0,0,0,0,,,0,0,0,0.0,0,0,0,1,0,0,1,0,0,0,0,0,0,1,0,1,0,0,0,0,0,0,0,0,0,
Cade Fields,190168,CB,ARKANSAS,1,0,0,,0,0,111,0,0,,60.7,71.4,,60.3,,0,0,0,0,,,0,0,0,0.0,0,0,0,0,0,0,4,0,0,0,0,0,0,4,0,4,4,0,0,0,0,0,0,0,0,
Bradley Shaw,190175,LB,ARKANSAS,12,18,0,95.5,1,1,111,1,1,41.3,58.3,54.4,82.2,65.1,80.5,1,2,0,0,39.0,7.4,4,0,2,149.1,21,2,0,364,1,202,499,102,0,0,102,0,0,397,39,258,31,17,32,2,22,5,2,330,183,15.7
Wyatt Simmons,190176,LB,ARKANSAS,8,3,0,50.0,0,0,111,0,0,64.5,53.4,76.6,60.0,45.8,56.3,0,0,0,0,13.0,25.0,4,1,0,56.3,3,0,0,94,0,37,103,1,0,0,1,0,0,102,1,65,5,5,9,0,6,0,0,10,16,3.3
Zach Taylor,190177,WR,ARKANSAS,1,0,0,,0,0,111,0,0,60.0,62.4,60.0,,,,0,0,0,0,,,0,0,0,0.0,0,0,0,0,0,1,1,0,0,0,0,0,0,1,0,0,0,0,0,0,0,0,0,0,0,
Joseph Whitt,190179,LB,ARKANSAS,1,0,0,,0,0,111,0,0,,48.9,65.9,,54.8,,0,0,0,0,,,0,0,0,0.0,0,0,0,3,0,0,3,0,0,0,0,0,0,3,0,3,0,0,0,0,0,0,0,0,0,
Caden Bowling,190181,ED,BOSTON COL,1,0,0,,0,0,121,0,0,,66.8,69.9,66.7,60.0,,0,0,0,0,,,0,0,0,0.0,0,0,0,0,0,0,3,3,0,0,3,0,0,0,2,1,0,0,0,0,0,0,0,0,0,
Charlie Comella,190184,CB,BOSTON COL,7,4,0,85.7,0,0,121,0,0,66.2,62.4,81.8,69.2,49.4,63.1,1,0,0,0,15.0,11.1,2,0,0,95.2,12,0,0,23,0,58,128,3,0,0,3,0,5,125,3,67,96,2,12,0,14,1,0,96,88,8.0
Kemori Dixon,190189,LB,BOSTON COL,3,0,0,100.0,0,0,121,0,0,42.2,38.4,76.3,73.6,32.6,31.7,0,2,0,0,44.0,0.0,0,0,0,118.8,2,1,0,49,1,18,54,0,0,0,0,0,0,54,8,28,4,2,1,0,2,3,0,70,47,35.0
Jayzen Flint,190191,ED,BOSTON COL,6,5,0,,0,0,121,0,0,,76.5,77.7,68.3,74.6,79.4,0,2,0,0,,0.0,0,0,0,0.0,0,0,0,1,0,0,41,40,0,1,36,3,0,1,23,18,0,0,2,0,0,2,0,0,0,
Ashton McShane,190196,CB,BOSTON COL,3,0,0,100.0,0,0,121,0,0,52.7,55.6,75.0,60.0,66.4,77.5,0,0,0,0,12.0,0.0,0,0,0,116.7,1,0,0,6,34,19,43,1,0,0,1,0,0,42,1,23,2,0,1,0,1,0,0,12,2,12.0
Omar Thornton,190201,S,BOSTON COL,12,20,0,74.2,0,4,121,0,0,67.8,69.2,54.0,67.6,69.6,54.6,0,1,0,1,61.0,20.9,24,1,1,126.6,23,2,0,261,10,361,700,36,0,0,36,0,246,664,20,319,147,34,71,5,31,3,6,272,130,11.8
Syair Torrence,190202,CB,BOSTON COL,2,0,0,50.0,0,0,121,0,0,60.0,60.6,79.0,,62.0,26.7,0,0,0,0,41.0,50.0,3,3,1,117.1,5,0,0,4,84,54,98,0,0,0,0,0,1,98,0,44,9,2,3,0,10,0,1,96,30,19.2
Kenzel Kelly,190207,LB,LSU,1,0,0,,0,0,211,0,0,60.9,64.4,69.4,,62.4,,0,0,0,0,,,0,0,0,0.0,0,0,0,7,0,3,7,0,0,0,0,0,0,7,0,4,0,0,0,0,0,0,0,0,0,
Dashawn Spears,190208,S,LSU,12,1,0,60.0,0,0,211,0,0,90.8,90.6,82.5,59.2,79.7,76.5,0,1,1,2,30.0,7.1,1,1,1,35.0,9,1,0,62,2,107,168,14,0,0,14,0,30,154,16,45,60,7,12,1,15,2,0,81,43,9.0
Jay'Viar Suggs,190209,DI,WISCONSIN,12,2,1,,0,0,349,0,0,62.5,63.6,31.6,63.1,64.0,55.9,0,14,0,0,,16.7,2,0,2,0.0,0,2,0,0,0,0,334,334,2,304,10,18,0,0,209,125,0,8,8,0,0,16,0,0,0,
Justin Bodford,190210,DI,MISSOURI,2,0,0,,0,0,229,0,0,,65.1,68.9,57.8,61.3,,0,1,0,0,,,0,0,0,0.0,0,0,0,0,0,0,5,5,0,5,0,0,0,0,3,2,0,0,0,0,0,1,0,0,0,
Courtney Crutchfield,190213,WR,ARKANSAS,1,0,0,,0,0,111,0,0,60.0,62.4,60.0,,,,0,0,0,0,,,0,0,0,0.0,0,0,0,0,0,1,1,0,0,0,0,0,0,1,0,0,0,0,0,0,0,0,0,0,0,
Jadon Frick,190216,DI,MISSOURI,1,0,0,,0,0,229,0,0,,64.5,66.6,,62.1,70.2,0,0,0,0,,0.0,0,0,0,0.0,0,0,0,0,0,0,2,2,0,2,0,0,0,0,0,2,0,0,1,0,0,0,0,0,0,
Jackson Hancock,190219,S,MISSOURI,2,1,0,,0,0,229,0,0,63.8,63.1,72.2,60.0,60.2,55.5,0,0,0,0,,25.0,1,0,0,0.0,0,0,0,6,0,8,16,2,0,0,2,0,4,14,1,7,4,0,2,0,0,0,0,0,0,
Jude James,190220,TE,MISSOURI,1,0,0,,0,0,229,0,0,,60.0,60.0,,60.0,,0,0,0,0,,,0,0,0,0.0,0,0,0,0,0,0,1,0,0,0,0,0,0,1,0,1,0,0,0,0,0,0,0,0,0,
Williams Nwaneri,190224,ED,NEBRASKA,12,3,1,,2,0,238,2,1,76.3,64.6,47.0,63.2,61.3,53.9,2,22,0,0,,19.2,5,0,2,0.0,0,3,0,3,0,6,439,435,0,24,326,85,0,4,227,206,0,15,18,3,0,27,0,0,0,
Nicholas Rodriguez,190225,LB,MISSOURI,12,12,1,57.9,0,0,229,0,0,74.1,79.0,0.0,82.9,80.6,70.4,0,3,0,0,54.0,10.6,5,2,2,95.9,11,2,0,243,5,151,284,9,0,0,9,0,0,275,15,118,26,21,30,2,19,5,1,128,90,11.6
Elias Williams,190227,DI,MISSOURI,3,0,0,,0,0,229,0,0,,68.6,75.6,55.3,74.4,73.4,0,0,0,0,,0.0,0,0,0,0.0,0,0,0,0,0,0,44,44,0,43,0,1,0,0,22,22,0,2,3,1,0,0,0,0,0,
Chase Kibble,190232,DI,S CAROLINA,1,0,0,,0,0,289,0,0,,70.1,68.9,,66.4,70.1,0,0,0,0,,0.0,0,0,0,0.0,0,0,0,0,0,0,3,3,3,0,0,0,0,0,0,3,0,0,1,0,0,0,0,0,0,
Jalewis Solomon,190238,CB,S CAROLINA,3,0,0,0.0,0,0,289,0,0,67.3,63.2,75.7,,49.7,37.7,0,0,0,0,,33.3,1,0,0,39.6,0,0,0,4,23,18,30,1,0,0,1,0,1,29,0,12,0,0,2,0,2,0,0,0,0,
Eric Garza,190244,LB,TEXAS,1,0,0,,0,0,311,0,0,61.6,64.2,69.8,,60.0,,0,0,0,0,,,0,0,0,0.0,0,0,0,6,0,5,6,0,0,0,0,0,0,6,0,1,0,0,0,0,0,0,0,0,0,
Melvin Hills III,190245,DI,TEXAS,4,0,0,,0,0,311,0,0,,52.4,74.2,58.9,49.3,71.3,0,1,0,0,,0.0,0,0,0,0.0,0,0,0,0,0,0,28,28,1,24,0,3,0,0,21,7,0,1,1,0,0,1,0,0,0,
Santana Wilson,190250,CB,TEXAS,1,0,0,0.0,0,0,311,0,0,71.1,72.4,69.0,,,,0,0,0,0,,,0,0,0,39.6,0,0,0,0,6,6,6,0,0,0,0,0,0,6,0,0,0,0,0,0,1,0,0,0,0,
Kenyan Kelly,190258,S,UTSA,3,0,0,100.0,0,0,331,0,0,43.2,49.2,72.6,,64.4,78.3,0,0,0,0,23.0,0.0,0,0,0,118.8,1,0,0,5,0,10,18,0,0,0,0,0,8,18,0,8,5,0,2,0,1,0,0,23,2,23.0
Tyan Milton,190260,S,UTSA,12,6,0,48.4,0,1,331,0,0,54.0,61.7,87.2,60.2,75.9,55.7,1,1,0,2,65.0,18.2,10,1,0,82.1,15,0,0,193,7,292,565,6,0,0,6,0,220,559,8,265,139,13,39,2,31,2,4,201,127,13.4
Elijah Newell,190261,S,UTSA,9,4,0,77.8,0,0,331,0,0,46.6,57.0,81.3,,80.6,75.7,0,0,0,0,42.0,7.1,1,0,1,158.3,7,0,0,67,2,87,159,0,0,0,0,0,72,159,0,72,18,4,9,0,9,0,3,114,30,16.3
Chidera Otutu,190262,DI,UTSA,12,7,0,,0,0,331,0,0,,60.8,56.1,66.2,57.3,82.0,0,3,0,0,,0.0,0,0,1,0.0,0,4,0,1,0,0,287,286,160,108,5,13,0,1,142,145,0,13,11,0,0,7,0,0,0,
Kenny Ozowalu,190263,ED,UTSA,12,3,1,,1,0,331,0,0,69.0,74.5,30.9,75.3,67.6,58.8,4,16,0,0,,17.4,4,0,2,0.0,0,2,0,22,0,0,341,319,0,103,109,107,0,22,186,155,0,17,16,4,0,22,0,0,0,
Zechariah Robinson,190264,DI,UTSA,3,0,0,,1,0,331,0,0,,56.5,0.0,58.4,66.3,72.9,0,0,0,0,,0.0,0,0,1,0.0,0,0,0,1,0,0,19,18,0,14,0,4,0,1,5,14,0,2,2,1,0,0,0,0,0,
Tarvorise Brown,190266,DI,FLORIDA,3,1,0,,0,0,163,0,0,,57.9,75.4,57.2,58.4,74.8,0,0,0,0,,0.0,0,0,0,0.0,0,0,0,0,0,0,27,27,12,11,0,4,0,0,9,18,0,0,3,0,0,0,0,0,0,
Titus Bullard,190267,ED,FLORIDA,1,0,0,,0,0,163,0,0,60.0,73.1,69.5,59.7,63.3,73.0,0,0,0,0,,0.0,0,0,0,0.0,0,0,0,0,0,1,3,3,0,0,3,0,0,0,1,1,0,1,1,0,0,0,0,0,0,
Aaron Chiles,190268,LB,FLORIDA,12,16,0,56.3,1,0,163,1,0,60.0,60.9,47.5,59.7,61.9,71.3,2,2,0,0,33.0,11.1,6,1,1,73.2,9,1,0,413,2,180,472,42,0,0,42,0,1,430,37,255,14,16,32,2,16,5,0,93,55,10.3
Tywon Christopher,190286,LB,KENNESAW,11,24,0,71.0,0,1,200,0,0,42.8,65.3,84.5,67.1,83.4,68.1,0,7,0,1,59.0,11.6,10,2,0,108.9,22,1,0,356,0,208,460,26,0,0,26,0,1,434,51,201,75,30,52,4,31,8,2,295,139,13.4
Preston Clemmer,190287,QB,KENNESAW,1,0,0,,0,0,200,0,0,,60.0,66.0,60.0,,,0,0,0,0,,,0,0,0,0.0,0,0,0,0,0,0,1,1,0,0,1,0,0,0,1,0,0,0,0,0,0,0,0,0,0,
Jaiden Grimes,190294,DI,KENNESAW,12,6,0,,0,0,200,0,0,60.0,70.9,83.1,70.6,66.5,46.5,3,14,0,0,,20.0,6,0,0,0.0,0,1,0,2,0,0,341,339,30,225,9,75,0,2,188,153,0,17,18,0,0,18,0,0,0,
Devin Ross,190303,CB,KENNESAW,1,0,0,,0,0,200,0,0,,60.0,66.0,60.0,,,0,0,0,0,,,0,0,0,0.0,0,0,0,0,0,0,1,1,0,0,1,0,0,0,1,0,0,0,0,0,0,0,0,0,0,
Mikeshun Beeler,190308,DI,MICH STATE,2,0,0,,0,0,223,0,0,,68.4,69.8,67.0,60.0,,0,1,0,0,,,0,0,0,0.0,0,0,0,0,0,0,6,6,0,6,0,0,0,0,4,2,0,0,0,0,0,1,0,0,0,
Kekai Burnett,190312,ED,MICH STATE,9,0,0,,0,0,223,0,0,60.0,64.5,79.2,54.9,68.4,58.7,0,1,0,0,,14.3,1,0,0,0.0,0,0,0,0,0,0,70,70,0,5,58,7,0,0,27,43,0,4,6,0,0,1,0,0,0,
Jaylen Heyward,190333,S,UCF,2,0,0,100.0,0,0,323,0,0,57.3,59.6,73.8,,63.0,76.9,0,0,0,0,6.0,0.0,0,0,0,91.7,1,0,0,9,0,8,26,0,0,0,0,0,10,26,0,18,7,0,1,0,1,0,0,6,1,6.0
Tyreek'e Robinson,190344,DI,UCF,1,0,0,,0,0,323,0,0,,69.5,69.2,,66.6,,0,0,0,0,,,0,0,0,0.0,0,0,0,0,0,0,5,5,0,5,0,0,0,0,0,5,0,0,0,0,0,0,0,0,0,
Braylon Conley,190347,CB,USC,8,2,0,76.2,0,1,326,0,0,58.9,58.0,0.0,,60.2,65.3,0,0,0,0,61.0,12.5,2,0,1,143.2,16,0,0,10,183,130,201,0,0,0,0,0,3,201,0,71,5,7,12,3,21,0,2,231,88,14.4
Carlon Jones,190349,DI,USC,8,0,0,,0,0,326,0,0,60.0,59.9,79.0,64.0,59.0,48.0,0,2,0,0,,20.0,1,0,0,0.0,0,0,0,0,0,0,61,61,27,33,0,1,0,0,32,29,0,3,4,0,0,2,0,0,0,
Isaiah Rubin,190353,S,USC,1,0,0,,0,0,326,1,0,74.7,77.2,71.4,,63.5,,0,0,0,0,,,0,0,0,0.0,0,0,0,6,1,5,12,0,0,0,0,0,4,12,0,7,1,0,0,0,0,0,0,0,0,
Jadyn Walker,190359,LB,USC,12,6,0,71.4,0,0,326,0,0,49.8,49.6,82.2,69.3,46.5,55.1,3,0,0,0,21.0,19.4,7,0,0,97.0,10,2,0,217,3,109,251,18,0,0,18,0,1,233,24,118,12,15,23,2,14,5,0,119,47,11.9
Mackenzie Alleyne,190362,WR,WASH STATE,1,0,0,,0,0,341,0,0,60.0,62.6,73.9,,,,0,0,0,0,,,0,0,0,0.0,0,0,0,0,0,1,1,0,0,0,0,0,0,1,0,0,0,0,0,0,0,0,0,0,0,
Ben Beatty,190364,ED,WASH STATE,5,0,0,,0,0,341,0,0,,61.4,74.5,69.0,52.4,73.6,0,0,0,0,,0.0,0,0,0,0.0,0,1,0,0,0,0,22,22,0,0,17,5,0,0,12,10,0,1,1,0,0,1,0,0,0,
Jack Ellison,190371,LB,WASH STATE,6,2,0,100.0,0,0,341,0,0,35.4,40.3,79.6,68.2,53.9,28.4,0,1,0,0,45.0,35.3,6,1,0,146.5,12,0,0,82,0,58,101,2,0,0,2,0,3,99,3,40,14,6,9,2,12,1,1,166,85,13.8
Gage Jones,190375,LB,WASH STATE,7,4,0,83.3,0,0,341,0,0,64.8,66.2,77.5,60.0,66.5,52.8,0,0,0,0,13.0,21.4,3,0,0,94.4,5,0,0,11,1,29,51,1,0,0,1,0,1,50,1,21,37,5,7,1,6,0,0,40,23,8.0
Titus Miller,190378,ED,WASH STATE,2,0,0,,0,0,341,0,0,,56.5,70.6,56.0,60.0,,0,0,0,0,,,0,0,0,0.0,0,0,0,0,0,0,7,7,0,4,0,3,0,0,6,1,0,0,0,0,0,0,0,0,0,
Kayo Patu,190381,S,WASH STATE,2,0,0,0.0,0,0,341,0,0,92.1,88.4,61.9,,,,0,0,0,0,,,0,1,0,39.6,0,0,0,1,0,2,2,0,0,0,0,0,0,2,0,0,0,0,0,0,1,0,0,0,0,
Malachi Wrice,190386,ED,WASH STATE,4,1,0,,0,0,341,0,0,,70.8,75.6,70.4,63.2,29.8,1,1,0,0,,50.0,1,0,0,0.0,0,0,0,0,0,0,23,23,0,0,22,1,0,0,14,9,0,0,0,0,0,2,0,0,0,
Khamani Alexander,190388,HB,APP STATE,1,0,0,,0,0,108,0,0,,60.8,66.0,,60.1,,0,0,0,0,,,0,0,0,0.0,0,0,0,0,0,0,1,1,0,0,1,0,0,0,0,1,0,0,0,0,0,0,0,0,0,
DeNigel Cooper,190391,DI,APP STATE,12,4,1,,1,0,108,0,0,60.0,66.6,19.1,67.6,67.5,58.2,2,15,0,0,,14.3,3,0,3,0.0,0,1,0,1,0,0,362,361,46,279,7,29,0,1,218,144,0,9,14,1,0,18,0,0,0,
Bucci Farmer,190392,DI,APP STATE,7,4,0,,0,0,108,0,0,,66.1,78.9,63.4,65.0,56.5,0,2,0,0,,14.3,1,0,0,0.0,0,0,0,0,0,0,90,90,19,71,0,0,0,0,49,41,0,2,2,1,0,2,0,0,0,
Tyshawn Sanders,190400,CB,APP STATE,3,1,0,,0,0,108,0,0,65.6,66.1,71.7,,60.0,73.5,0,0,0,0,,0.0,0,0,0,0.0,0,0,0,0,13,11,13,0,0,0,0,0,0,13,0,2,0,0,0,0,0,0,0,0,0,
Nick Taylor,190401,CB,W VIRGINIA,11,5,0,77.8,0,0,343,0,0,36.9,43.6,81.1,56.7,60.4,42.2,0,0,0,1,40.0,26.1,6,0,1,116.0,7,0,0,69,1,68,147,0,0,0,0,0,21,147,2,77,56,4,12,0,9,0,1,112,41,16.0
Torin Brazell,190406,DI,E CAROLINA,10,2,0,,0,0,156,0,0,60.0,69.8,76.5,59.5,74.8,75.3,0,1,0,0,,0.0,0,0,0,0.0,0,0,0,0,0,0,43,43,11,25,6,1,0,0,31,12,0,3,3,2,0,1,0,0,0,
Eric Fletcher Jr.,190411,CB,OKLA STATE,10,4,0,52.6,0,0,262,0,0,58.3,64.8,81.7,52.3,85.5,86.8,0,0,0,0,83.0,0.0,0,2,1,115.5,10,0,0,37,222,133,271,2,0,0,2,0,1,269,2,136,9,3,11,2,19,0,2,157,85,15.7
Jurnee Lattimore,190417,CB,E CAROLINA,1,1,0,66.7,0,0,156,0,0,75.2,78.5,71.1,,69.4,37.8,0,0,0,0,11.0,33.3,1,0,0,78.5,2,0,0,2,8,7,14,0,0,0,0,0,0,14,0,7,4,1,1,0,3,0,0,15,10,7.5
Alex Moye,190419,CB,E CAROLINA,8,2,0,75.0,0,0,156,0,0,60.8,58.7,81.0,68.8,46.5,39.8,0,0,0,0,12.0,28.6,2,0,0,92.7,3,0,0,5,0,32,58,12,0,0,12,0,6,46,4,22,34,1,3,0,4,0,0,27,11,9.0
Jayden Olden,190420,LB,E CAROLINA,1,2,0,,0,0,156,0,0,61.3,73.0,68.6,,72.9,50.3,0,0,0,0,,33.3,1,0,0,0.0,0,0,0,8,0,4,8,0,0,0,0,0,0,8,0,4,0,0,0,0,0,0,0,0,0,
Ja'Marley Riddle,190422,S,E CAROLINA,12,24,0,65.0,0,0,156,1,0,63.3,68.9,87.9,55.2,76.4,51.3,0,0,0,3,40.0,20.6,20,3,1,73.1,26,0,0,281,0,419,727,5,0,0,5,0,364,722,4,304,76,24,53,5,40,0,2,302,105,11.6
Javon Williams,190430,DI,E CAROLINA,4,1,0,,0,0,156,0,0,,55.8,75.3,55.5,57.5,70.2,0,0,0,0,,0.0,0,0,0,0.0,0,0,0,0,0,0,25,25,14,11,0,0,0,0,14,11,0,0,0,0,0,0,0,0,0,
Cam Dooley,190435,S,KENTUCKY,12,4,0,60.0,0,2,202,1,0,70.9,69.0,84.5,56.8,63.6,58.0,0,1,0,1,37.0,17.9,7,0,0,45.8,6,0,0,134,3,212,413,1,0,0,1,0,211,412,4,197,62,8,28,1,10,1,0,80,56,13.3
Kenyatta Hardge,190437,DI,KENTUCKY,6,0,0,,0,0,202,0,0,,47.5,74.6,55.0,47.7,,0,1,0,0,,,0,0,0,0.0,0,0,0,0,0,0,28,27,2,15,2,8,0,1,9,19,0,0,0,0,0,1,0,0,0,
Dennious Jackson,190438,DI,COLO STATE,1,0,0,,0,0,144,0,0,,30.0,67.6,,43.3,70.1,0,0,0,0,,0.0,0,0,0,0.0,0,0,0,0,0,0,2,2,2,0,0,0,0,0,0,2,0,0,1,0,0,0,0,0,0,
Quintavion Norman,190446,LB,KENTUCKY,1,0,0,,0,0,202,0,0,60.0,73.2,66.2,,67.6,73.2,0,0,0,0,,0.0,0,0,0,0.0,0,0,0,3,0,1,3,0,0,0,0,0,0,3,0,2,0,1,1,0,0,0,0,0,0,
Caleb Redd,190447,ED,KANSAS,1,1,0,,0,0,198,0,0,,76.3,69.5,,69.8,73.0,0,0,0,0,,0.0,0,0,0,0.0,0,0,0,0,0,0,3,3,0,0,3,0,0,0,0,3,0,0,0,0,0,0,0,0,0,
Quay'sheed Scott,190449,CB,KENTUCKY,12,9,0,61.5,0,0,202,0,0,75.7,74.4,88.2,52.9,73.6,54.3,0,1,0,1,56.0,19.5,8,4,0,80.0,16,0,0,96,8,252,488,55,0,0,55,0,12,433,26,210,317,10,24,2,26,1,1,186,110,11.6
Jaden Smith,190450,CB,KENTUCKY,5,3,0,83.3,0,0,202,0,0,68.7,64.6,86.5,72.2,47.7,82.4,1,1,0,0,56.0,0.0,0,0,0,118.8,5,0,0,9,1,34,73,10,0,0,10,0,1,63,4,35,50,3,5,0,6,2,0,84,46,16.8
Rushaune Vilane,190452,ED,KENTUCKY,1,0,0,,0,0,202,0,0,,63.2,73.2,60.0,62.2,73.0,0,0,0,0,,0.0,0,0,0,0.0,0,0,0,0,0,0,7,7,0,0,7,0,0,0,1,6,0,0,1,0,0,0,0,0,0,
Elijah Brody,190457,ED,NEW MEXICO,6,1,0,,0,0,241,0,0,,54.5,81.2,58.1,51.9,73.5,0,2,0,0,,0.0,0,0,0,0.0,0,0,0,0,0,0,71,71,0,10,60,1,0,0,37,34,0,1,1,0,0,2,0,0,0,
Drew Speech,190471,S,NEW MEXICO,10,4,0,50.0,0,0,241,0,0,75.7,71.7,0.0,,67.6,54.4,0,0,0,0,19.0,15.4,2,6,2,88.4,7,0,0,50,2,193,287,7,0,0,7,0,179,280,0,94,49,0,7,0,14,0,1,70,34,10.0
Victor Villafuerte,190473,S,NEW MEXICO,2,0,0,,0,0,241,0,0,,67.2,69.5,63.7,60.0,,0,1,0,0,,,0,0,0,0.0,0,0,0,0,0,0,3,3,0,0,3,0,0,0,1,2,0,0,0,0,0,1,0,0,0,
Farell Gnago,190479,DI,RUTGERS,9,3,1,,0,1,278,0,0,67.8,76.0,79.4,61.5,74.0,78.9,1,6,0,1,,0.0,0,0,0,0.0,0,0,0,1,0,5,102,101,25,55,7,14,0,1,65,32,0,4,7,2,0,7,0,0,0,
Tyclean Luman,190482,ED,FAU,12,4,0,,0,0,165,0,0,,68.2,80.6,65.0,67.0,78.9,0,2,0,0,,0.0,0,0,0,0.0,0,1,0,2,0,0,134,132,0,30,63,39,0,2,61,73,0,5,4,1,0,3,0,0,0,
Tycoolhill Luman,190483,DI,FAU,10,1,0,,0,0,165,0,0,,65.7,0.0,81.7,52.0,23.8,2,8,0,0,,50.0,3,0,2,0.0,0,0,0,1,0,0,83,82,3,62,4,13,0,1,55,28,0,1,2,1,0,10,0,0,0,
Sam Robinson,190490,LB,RUTGERS,9,5,0,66.7,0,0,278,0,0,51.6,44.2,78.5,63.0,40.6,33.5,0,0,0,0,19.0,26.7,4,0,0,99.3,2,0,0,83,1,34,97,9,0,0,9,0,0,88,5,58,4,4,6,0,3,0,0,30,28,15.0
Nick Buchys,190501,DI,ARMY,4,0,0,,0,0,114,0,0,,60.7,77.2,55.8,63.2,,0,0,0,0,,,0,0,0,0.0,0,0,0,0,0,0,36,36,30,6,0,0,0,0,21,15,0,0,0,0,0,0,0,0,0,
Sean Donovan,190503,DI,ARMY,5,0,0,,0,0,114,0,0,,60.3,77.6,59.6,59.7,74.0,0,0,0,0,,0.0,0,0,0,0.0,0,1,0,0,0,0,45,45,32,13,0,0,0,0,25,20,0,3,3,1,0,1,0,0,0,
Matt Gemma,190508,DI,ARMY,6,2,0,,0,0,114,0,0,58.9,48.9,80.7,54.2,47.7,20.8,0,1,0,0,,50.0,2,0,0,0.0,0,0,0,1,0,1,92,91,75,15,0,1,0,1,47,44,0,0,0,0,0,1,0,0,0,
Chuck Johnson,190517,DI,ARMY,1,0,0,,0,0,114,0,0,,60.0,68.1,,60.0,,0,0,0,0,,,0,0,0,0.0,0,0,0,0,0,0,2,2,2,0,0,0,0,0,0,2,0,0,0,0,0,0,0,0,0,
Cael Newton,190534,DI,ARMY,4,0,0,,0,0,114,0,0,61.0,66.6,74.8,59.4,63.1,37.9,1,1,0,0,,25.0,1,0,0,0.0,0,1,0,0,0,0,37,37,2,14,0,21,0,0,27,10,0,3,3,1,0,3,0,0,0,
Larry Pickett Jr.,190538,S,ARMY,1,0,0,100.0,0,0,114,0,0,50.9,51.9,69.3,,,76.2,0,0,0,0,22.0,0.0,0,0,0,118.8,1,0,0,1,0,8,8,0,0,0,0,0,7,8,0,0,0,0,1,0,1,0,0,22,1,22.0
Cole Searight,190542,CB,ARMY,12,4,1,88.9,0,2,114,0,0,58.6,60.7,85.3,62.0,61.2,61.1,0,3,0,0,9.0,16.7,3,0,0,126.4,8,2,0,18,0,42,130,55,0,0,55,0,0,75,23,65,57,6,11,0,9,5,1,49,36,6.1
Javon Smith,190545,ED,ARMY,8,0,0,,0,0,114,0,0,,63.1,77.1,52.9,71.7,76.1,0,0,0,0,,0.0,0,0,0,0.0,0,0,0,0,0,0,75,75,0,3,18,54,0,0,45,30,0,3,4,0,0,0,0,0,0,
Ish Taylor,190550,CB,ARMY,1,0,0,,0,0,114,0,0,,60.0,64.2,,60.0,,0,0,0,0,,,0,0,0,0.0,0,0,0,1,1,0,2,0,0,0,0,0,0,2,0,2,0,0,0,0,0,0,0,0,0,
Elijah Walton,190556,LB,ARMY,3,0,0,,0,0,114,0,0,63.7,65.7,71.5,59.1,63.4,57.0,0,0,0,0,,25.0,1,0,0,0.0,0,0,0,12,0,5,13,1,0,0,1,0,0,12,2,6,0,1,3,0,0,0,0,0,0,
Caleb Williams,190559,S,ARMY,4,1,0,100.0,0,0,114,0,0,58.6,59.4,73.2,60.0,61.0,77.1,0,0,0,0,5.0,0.0,0,0,0,87.5,1,0,0,9,0,18,25,0,0,0,0,0,15,25,1,6,1,0,1,0,1,0,0,5,0,5.0
Jamorie Flagg,190567,DI,FLORIDA ST,2,0,0,,0,0,167,0,0,60.0,54.1,74.2,56.2,54.5,69.7,0,1,0,0,,0.0,0,0,0,0.0,0,0,0,0,0,1,22,22,7,13,0,2,0,0,11,10,0,1,1,0,0,1,0,0,0,
Gav Holman,190568,LB,FLORIDA ST,2,2,1,100.0,0,0,167,0,0,50.4,68.7,72.4,67.8,74.0,79.0,0,1,0,0,19.0,0.0,0,0,0,118.8,1,0,0,15,0,6,22,5,0,0,5,0,0,17,3,13,2,1,2,0,1,1,0,19,7,19.0
DD Holmes,190569,ED,MARYLAND,9,3,0,,0,0,215,1,0,61.7,65.4,50.3,68.3,61.8,71.3,3,5,0,0,,10.0,1,0,1,0.0,0,0,0,1,0,7,219,218,0,0,218,0,0,1,101,111,0,3,6,0,0,8,0,0,0,
Ricky Knight III,190572,CB,FLORIDA ST,2,0,0,100.0,0,0,167,0,0,52.7,56.2,73.6,,67.3,73.5,0,0,0,0,21.0,0.0,0,0,0,118.8,1,0,0,2,22,12,24,0,0,0,0,0,0,24,0,12,0,0,1,0,1,0,0,21,0,21.0
Amaree Williams,190580,ED,FLORIDA ST,10,4,0,,0,0,167,0,0,63.5,64.6,81.5,60.9,64.2,57.2,1,5,0,0,,20.0,3,0,0,0.0,0,2,0,0,0,8,124,124,0,0,119,5,0,0,77,39,0,6,8,1,0,8,0,0,0,
Rae'mon Mosby,190594,CB,LOUISVILLE,5,0,0,100.0,0,0,210,0,0,49.7,47.8,73.9,,50.7,27.5,0,0,0,0,21.0,50.0,1,0,1,118.8,1,0,0,1,30,18,32,0,0,0,0,0,0,32,0,14,0,0,1,0,1,0,0,21,15,21.0
Chris Gant Jr.,190610,S,NEW MEXICO,5,0,0,100.0,0,0,241,0,0,41.5,48.0,74.4,,61.9,54.1,0,0,0,0,5.0,20.0,1,0,0,87.5,1,0,0,13,0,17,36,0,0,0,0,0,20,36,0,19,3,2,4,0,1,0,0,5,1,5.0
Ashton Gray,190611,HB,N TEXAS,1,0,0,,0,0,251,0,0,,60.0,60.0,,60.0,,0,0,0,0,,,0,0,1,0.0,0,0,0,0,0,0,1,0,0,0,0,0,0,1,0,1,0,0,0,0,0,0,0,0,0,
Quinton Hammonds,190613,S,N TEXAS,11,11,0,56.8,0,1,251,0,0,61.9,66.7,84.2,68.3,71.2,80.8,0,5,0,2,68.0,8.2,5,1,0,71.8,21,1,0,217,22,233,536,37,0,0,37,0,1,499,21,282,259,22,45,4,37,6,2,239,101,11.4
Zhaiylen Scott,190623,ED,N TEXAS,5,3,0,100.0,0,0,251,1,0,59.4,69.7,27.1,72.3,68.1,72.9,1,9,0,0,8.0,9.1,1,0,1,89.6,2,2,0,0,0,9,124,123,0,0,110,13,0,1,51,64,1,7,7,0,2,12,0,11,9,5.5
Gabe Stroud,190626,CB,N TEXAS,5,0,0,75.0,1,0,251,0,0,46.6,51.0,74.6,,67.7,77.9,0,0,0,0,42.0,0.0,0,0,1,116.7,3,0,0,3,31,16,35,0,0,0,0,0,0,35,0,19,1,1,3,0,4,0,0,53,25,17.7
Baron Tipton,190627,WR,N TEXAS,2,0,0,,0,0,251,0,0,60.0,60.6,64.5,,60.0,,0,0,0,0,,,0,0,1,0.0,0,0,0,0,0,1,2,0,0,0,0,0,1,2,0,1,0,0,0,0,0,0,0,0,0,
Jayden Williams,190629,DI,N TEXAS,10,8,0,,0,0,251,0,0,60.9,54.1,83.1,61.3,48.2,80.7,2,3,0,0,,0.0,0,0,0,0.0,0,0,0,0,0,0,231,231,66,159,0,6,0,0,122,109,0,8,13,0,0,5,0,0,0,
Wyatt Young,190632,WR,N TEXAS,1,0,0,,0,0,251,0,0,60.0,60.0,64.7,,,,0,0,0,0,,,0,0,0,0.0,0,0,0,0,0,1,1,0,0,0,0,0,1,1,0,0,0,0,0,0,0,0,0,0,0,
Kaleb Blanton,190634,LB,RICE,1,0,0,,0,0,275,0,0,60.8,53.6,68.7,48.6,62.0,25.6,0,1,0,0,,100.0,1,0,0,0.0,0,0,0,6,0,3,6,0,0,0,0,0,0,6,0,3,0,0,0,0,0,1,0,0,0,
Ethan Brougham,190635,ED,RICE,3,0,0,,0,0,275,0,0,60.5,66.2,77.8,55.9,69.1,29.2,0,1,0,0,,33.3,1,0,0,0.0,0,0,0,2,0,2,24,20,0,0,20,0,0,4,8,14,2,2,2,2,0,1,0,0,0,
Ephraim Dotson,190640,CB,RICE,6,1,0,66.7,1,0,275,0,0,53.8,53.7,77.1,,54.8,56.9,0,0,0,0,25.0,20.0,2,0,2,93.8,4,0,0,14,68,55,86,1,0,0,1,0,1,85,0,31,1,3,7,0,6,0,0,52,28,13.0
Bailey Fletcher,190641,S,RICE,3,3,0,66.7,0,1,275,0,0,58.6,60.7,78.5,59.1,64.5,35.9,0,0,0,0,11.0,30.8,4,0,1,86.8,2,0,0,26,0,40,84,1,0,0,1,0,31,83,1,43,26,1,6,0,3,0,0,21,23,10.5
LaVonte Johnson,190644,CB,RICE,4,1,0,100.0,0,0,275,0,0,51.0,56.7,77.1,,75.1,43.7,0,0,0,0,26.0,25.0,2,0,0,152.1,4,0,0,12,61,38,76,1,0,0,1,0,0,75,0,38,2,2,5,0,4,0,2,44,6,11.0
Trei Kibbles,190645,HB,RICE,1,0,0,,0,0,275,0,0,,60.0,60.0,,60.0,,0,0,0,0,,,0,0,0,0.0,0,0,0,0,0,0,1,0,0,0,0,0,0,1,0,1,0,0,0,0,0,0,0,0,0,
Tyree Alualu,190653,LB,TEMPLE,11,8,0,75.0,0,0,306,0,0,52.6,48.2,79.0,53.1,47.3,77.8,0,2,0,0,17.0,4.8,1,0,0,99.0,3,0,0,149,0,73,173,10,0,0,10,0,0,163,9,91,13,6,12,0,4,2,0,33,16,11.0
Sultan Badmus,190654,ED,TEMPLE,10,0,1,,0,0,306,0,0,56.1,64.0,21.3,72.2,53.5,49.0,3,14,0,0,,28.6,2,0,1,0.0,0,1,0,4,0,5,109,105,0,21,71,13,0,4,76,28,0,6,5,0,0,18,0,0,0,
Wesley Brown,190656,LB,TEMPLE,7,2,0,,0,0,306,0,0,63.1,69.8,74.0,,70.1,81.9,0,0,0,0,,0.0,0,0,0,0.0,0,0,0,43,0,8,52,4,0,0,4,0,0,48,0,44,3,2,4,0,0,0,0,0,0,
Denzel Chavis,190657,CB,TEMPLE,12,1,0,68.4,0,0,306,0,0,38.1,37.3,0.0,60.0,43.2,55.4,0,0,0,0,75.0,21.4,3,1,2,145.9,13,0,0,25,165,93,198,3,0,0,3,0,0,195,1,104,4,2,10,0,19,0,2,236,62,18.2
Cameron Jones,190663,ED,TEMPLE,9,0,0,,0,0,306,0,0,,45.1,80.1,54.3,42.1,48.8,0,4,0,0,,25.0,1,0,0,0.0,0,0,0,0,0,0,123,123,0,6,65,52,0,0,48,75,0,3,3,0,0,4,0,0,0,
Adrian Laing,190664,CB,TEMPLE,9,1,0,50.0,0,0,306,1,0,86.1,86.0,77.7,,74.8,68.8,0,0,1,2,59.0,14.3,1,0,1,85.9,4,0,0,6,80,43,89,0,0,0,0,0,0,89,0,46,2,2,5,1,8,0,1,81,55,20.3
Khalil Poteat,190669,ED,TEMPLE,10,6,0,,0,2,306,0,0,59.2,72.1,84.3,59.8,76.3,57.6,0,5,0,0,,14.3,4,0,0,0.0,0,1,0,5,0,4,308,303,15,52,132,104,0,5,117,187,0,15,18,1,0,6,0,0,0,
Tyler Stewart,190671,WR,TEMPLE,1,0,0,,0,0,306,0,0,,60.0,60.0,,60.0,,0,0,0,0,,,0,0,0,0.0,0,0,0,0,0,0,1,0,0,0,0,0,0,1,0,1,0,0,0,0,0,0,0,0,0,
Russell Sykes IV,190672,ED,TEMPLE,12,4,0,100.0,0,0,306,1,0,54.0,51.2,38.4,54.0,54.1,51.5,1,2,0,0,23.0,14.3,2,0,1,118.8,1,1,0,0,0,6,180,180,0,17,84,79,0,0,66,108,0,6,8,1,1,4,0,23,16,23.0
Kam Curry,190683,DI,TROY,12,0,0,,0,0,318,0,0,58.2,61.1,50.9,62.2,61.2,78.0,1,6,0,0,,0.0,0,0,1,0.0,0,1,0,1,0,4,250,248,75,163,0,10,0,2,118,128,0,7,10,2,0,8,0,0,0,
Keion Dunlap,190684,LB,TROY,1,0,0,,0,0,318,0,0,60.0,75.2,66.3,,65.8,73.1,0,0,0,0,,0.0,0,0,0,0.0,0,0,0,2,0,1,2,0,0,0,0,0,0,2,0,1,0,1,1,1,0,0,0,0,0,
Jamel Fils-Aime,190685,DI,TROY,12,7,0,,0,1,318,0,0,60.0,59.5,31.2,60.8,61.6,60.2,0,10,0,0,,13.0,3,0,2,0.0,0,2,0,6,0,0,319,313,52,222,7,32,0,6,158,161,0,10,13,1,0,12,0,0,0,
ShuMond Johnson,190690,ED,TROY,1,0,0,,0,0,318,0,0,,59.6,66.3,59.8,60.0,,0,0,0,0,,,0,0,0,0.0,0,0,0,0,0,0,2,2,0,2,0,0,0,0,1,1,0,0,0,0,0,0,0,0,0,
Joe Lott,190691,S,TROY,11,4,0,54.5,0,0,318,0,0,67.2,57.8,84.2,60.0,37.8,29.4,0,1,1,2,40.0,36.0,9,1,0,35.6,6,0,0,96,0,127,259,0,0,0,0,0,132,259,1,131,31,3,12,0,11,1,0,73,37,12.2
Marlin Odom,190698,CB,TROY,3,0,0,33.3,0,0,318,0,0,63.9,64.3,72.7,,60.0,73.5,0,0,0,0,13.0,0.0,0,0,0,47.9,1,0,0,0,15,11,16,0,0,0,0,0,0,16,0,5,1,0,1,0,3,0,0,13,1,13.0
Jermaine Paramore,190699,ED,TROY,10,3,0,,0,0,318,0,0,61.5,65.6,79.1,58.5,66.0,57.4,1,0,0,0,,16.7,1,0,0,0.0,0,0,0,0,0,0,74,73,0,2,60,11,0,1,36,38,0,2,2,0,0,1,0,0,0,
Jabari Strait,190705,CB,TROY,8,0,0,20.0,0,0,318,0,0,70.1,70.4,78.5,,65.7,37.7,0,0,0,0,8.0,33.3,1,2,0,39.6,1,0,0,3,92,54,96,0,0,0,0,0,1,96,0,42,0,0,2,0,5,0,0,8,2,8.0
Shemar Welch,190710,CB,TROY,2,0,0,,0,0,318,0,0,74.6,68.6,73.7,,45.5,27.9,0,0,0,0,,50.0,1,0,0,0.0,0,0,0,2,23,14,25,0,0,0,0,0,0,25,0,11,0,0,1,0,0,0,0,0,0,
Dax Collins,190717,S,TULSA,7,5,0,100.0,0,0,320,0,0,58.8,65.7,82.2,65.9,70.5,35.8,1,0,0,0,8.0,27.3,3,1,0,89.6,2,1,0,39,1,26,57,4,0,0,4,0,2,53,9,22,10,3,3,0,2,2,0,11,4,5.5
Aquavious Dunbar,190721,LB,TULSA,1,0,0,,0,0,320,0,0,,60.0,60.0,,60.0,,0,0,0,0,,,0,0,0,0.0,0,0,0,0,0,0,1,0,0,0,0,0,0,1,0,1,0,0,0,0,0,0,0,0,0,
Mason Fleming,190725,DI,TULSA,2,0,0,,0,0,320,0,0,,63.8,68.4,60.0,62.2,,0,0,0,0,,,0,0,0,0.0,0,0,0,0,0,0,4,4,0,3,0,1,0,0,1,3,0,0,0,0,0,0,0,0,0,
Buddha Garrett,190727,S,TULSA,7,0,0,88.9,0,0,320,0,0,50.1,51.3,81.3,62.3,51.9,44.3,2,3,0,0,25.0,30.0,3,0,0,155.8,8,0,0,39,1,61,109,11,0,0,11,0,3,98,10,38,55,1,7,0,9,5,1,128,63,16.0
Elijah Green,190729,CB,TULSA,12,8,0,63.6,0,0,320,1,0,80.8,79.3,85.7,55.4,72.2,72.0,0,0,0,5,66.0,11.4,8,8,2,65.2,42,0,0,128,631,391,809,24,0,0,24,0,6,785,1,417,20,15,54,2,66,0,3,420,151,10.0
Joe Hjelle,190732,DI,TULSA,12,14,0,,0,0,320,0,0,62.2,79.3,39.0,68.5,82.0,79.8,1,7,0,0,,2.6,1,0,2,0.0,0,4,0,1,0,0,388,387,68,318,0,1,0,1,164,224,0,19,23,2,0,12,0,0,0,
Dedaunte Scott,190743,S,TULSA,2,1,0,,0,0,320,0,0,65.6,66.0,75.1,,61.2,76.2,0,0,0,0,,0.0,0,0,0,0.0,0,0,0,7,0,9,21,0,0,0,0,0,13,21,0,12,1,0,0,0,0,0,0,0,0,
Corey Smith,190745,WR,PURDUE,1,0,0,,0,0,273,0,0,,60.1,60.0,,60.0,,0,0,0,0,,,0,0,0,0.0,0,0,0,0,0,0,1,0,0,0,0,0,0,1,0,1,0,0,0,0,0,0,0,0,0,
Will Smith,190747,ED,N TEXAS,3,0,0,,0,0,251,0,0,60.2,39.6,78.8,59.2,29.7,,1,0,0,0,,,0,0,0,0.0,0,0,0,0,0,2,32,32,0,0,32,0,0,0,13,17,0,0,0,0,0,1,0,0,0,
Will Upshaw,190750,ED,TULSA,5,2,0,,0,0,320,0,0,,65.0,77.4,60.9,65.0,76.1,0,2,0,0,,0.0,0,0,0,0.0,0,0,0,0,0,0,51,51,0,5,38,8,0,0,21,30,0,2,2,1,0,2,0,0,0,
Ashton Williams,190754,S,TULSA,12,11,0,75.0,0,1,320,0,0,60.9,64.3,81.1,,67.8,66.9,0,0,0,0,18.0,14.7,5,0,0,126.0,3,0,0,107,0,78,188,1,0,0,1,0,70,187,0,110,10,6,18,0,4,0,1,21,13,7.0
Zach Williams,190755,S,TULSA,12,14,0,55.2,0,2,320,0,0,78.3,76.3,87.0,60.0,69.1,77.4,0,0,0,0,47.0,10.8,10,7,1,100.5,16,0,0,286,1,345,689,4,0,0,4,0,350,685,1,343,48,14,69,2,29,0,2,205,106,12.8
Tyderick Brown,190758,CB,FIU,1,0,0,,0,0,166,0,0,62.8,63.3,68.4,,,,0,0,0,0,,,0,0,0,0.0,0,0,0,0,5,5,5,0,0,0,0,0,0,5,0,0,0,0,0,0,0,0,0,0,0,
Chris Burge,190760,ED,UAB,12,13,0,100.0,0,0,321,0,0,72.6,61.1,31.7,58.8,62.4,58.6,2,11,0,0,8.0,15.2,5,0,2,89.6,2,4,0,16,0,5,308,292,1,8,264,19,0,16,155,148,0,12,15,1,2,17,0,11,15,5.5
Kelvin Hill,190765,CB,GA TECH,12,0,0,57.6,0,0,176,0,0,60.3,59.6,86.3,55.7,57.4,43.5,0,5,0,0,55.0,27.3,6,2,0,89.8,19,0,0,36,10,214,359,5,0,0,5,0,19,354,17,128,289,11,16,4,33,5,1,235,105,12.4
Nacari Johnson,190768,CB,KENNESAW,1,0,0,,0,0,200,0,0,60.0,60.8,63.8,,,,0,0,0,0,,,0,0,0,0.0,0,0,0,0,1,1,1,0,0,0,0,0,0,1,0,0,0,0,0,0,0,0,0,0,0,
Brayden Johnson,190769,TE,UAB,1,0,0,,0,0,321,0,0,,50.8,68.6,60.0,60.0,,0,0,0,0,,,0,0,0,0.0,0,0,0,0,0,0,2,2,1,1,0,0,0,0,1,1,0,0,0,0,0,0,0,0,0,
J'Quan Mason,190773,ED,UAB,9,1,0,,0,0,321,0,0,63.0,65.2,31.3,61.9,68.2,81.2,1,3,0,0,,0.0,0,0,1,0.0,0,1,0,4,0,3,140,136,0,1,134,1,0,4,70,67,0,7,7,0,0,5,0,0,0,
Roy Williams,190777,CB,UAB,8,3,0,87.5,0,0,321,0,0,43.8,53.8,80.8,,83.8,76.3,0,0,0,0,75.0,6.3,1,1,0,158.3,14,0,0,27,81,93,181,2,0,0,2,0,1,179,0,88,70,4,12,0,16,0,2,220,109,15.7
Gage Goldberg,190784,ED,COLORADO,1,0,0,,0,0,143,0,0,,60.0,64.1,,60.0,,0,0,0,0,,,0,0,0,0.0,0,0,0,1,0,0,1,0,0,0,0,0,0,1,0,1,0,0,0,0,0,0,0,0,0,
Kam Mikell,190789,HB,COLORADO,1,0,0,,0,0,143,0,0,60.0,62.6,73.9,,,,0,0,0,0,,,0,0,0,0.0,0,0,0,0,0,1,1,0,0,0,0,0,0,1,0,0,0,0,0,0,0,0,0,0,0,
Malakai Murphy,190791,CB,SO MISS,2,0,0,,0,0,296,0,0,60.0,63.3,69.8,,60.0,,0,0,0,0,,,0,0,0,0.0,0,0,0,3,0,1,4,0,0,0,0,0,0,4,0,3,0,0,0,0,0,0,0,0,0,
Nathanial Watson,190794,CB,COLORADO,2,0,0,100.0,0,0,143,0,0,29.6,28.9,99.9,,60.0,,0,0,0,0,25.0,,0,0,0,118.8,1,0,0,1,4,2,6,0,0,0,0,0,0,6,0,4,0,0,0,0,1,0,0,25,28,25.0
Zavian Tibbs,190820,DI,HOUSTON,8,2,1,,0,0,182,0,0,60.0,58.9,78.2,56.6,64.6,48.8,0,1,0,0,,12.5,1,0,0,0.0,0,0,0,0,0,0,96,96,0,74,5,17,0,0,50,46,0,4,5,0,0,1,0,0,0,
Darius Washington,190821,ED,HOUSTON,4,1,0,,0,0,182,0,0,60.0,58.3,76.2,59.6,57.5,53.7,0,2,0,0,,33.3,2,0,0,0.0,0,0,0,0,0,1,54,54,0,6,18,30,0,0,13,40,0,1,3,0,0,2,0,0,0,
Manuel Beigel,190825,DI,MICHIGAN,3,0,0,,0,0,222,1,0,60.0,71.4,76.3,57.4,72.7,28.6,0,1,0,0,,50.0,1,0,0,0.0,0,0,0,1,0,0,41,40,9,20,0,11,0,1,25,16,0,1,1,0,0,1,0,0,0,
Mason Curtis,190827,S,MICHIGAN,11,14,1,46.2,0,0,222,0,0,76.6,76.4,85.6,50.1,77.8,74.2,0,3,0,1,48.0,11.4,4,1,0,47.3,6,0,0,75,7,211,369,13,0,0,13,0,203,356,11,147,71,7,17,1,13,3,0,121,31,20.2
Jo'Ziah Edmond,190828,CB,MICHIGAN,2,1,0,100.0,0,0,222,0,0,42.4,44.2,73.7,,61.7,74.2,0,0,0,0,11.0,0.0,0,0,1,143.8,3,0,0,5,22,16,28,0,0,0,0,0,0,28,0,12,1,0,0,0,3,0,1,27,25,9.0
Lugard Edokpayi,190829,ED,MICHIGAN,4,0,0,,0,0,222,0,0,60.0,67.2,0.0,79.2,59.9,,1,4,0,0,,,0,0,1,0.0,0,0,0,0,0,1,23,23,0,0,23,0,0,0,13,9,0,0,0,0,0,5,0,0,0,
Ted Hammond,190832,DI,MICHIGAN,1,0,0,,0,0,222,0,0,,60.0,65.2,,60.0,,0,0,0,0,,,0,0,0,0.0,0,0,0,0,0,0,1,1,0,0,1,0,0,0,0,1,0,0,0,0,0,0,0,0,0,
Jeremiah Lowe,190835,CB,MICHIGAN,1,0,0,,0,0,222,0,0,60.0,60.1,65.9,,,,0,0,0,0,,,0,0,0,0.0,0,0,0,0,0,1,1,0,0,0,0,0,0,1,0,0,1,0,0,0,0,0,0,0,0,
Zach Ludwig,190836,LB,MICHIGAN,1,0,0,,0,0,222,0,0,,60.0,63.9,,60.0,,0,0,0,0,,,0,0,0,0.0,0,0,0,1,0,0,1,0,0,0,0,0,0,1,0,1,0,0,0,0,0,0,0,0,0,
Deyvid Palepale,190839,DI,MICHIGAN,1,1,0,,0,0,222,0,0,60.0,39.6,68.6,58.6,60.0,69.7,0,0,0,0,,0.0,0,0,0,0.0,0,0,0,0,0,0,4,4,1,3,0,0,0,0,3,1,0,0,0,0,0,0,0,0,0,
Owen Wafle,190843,DI,PENN STATE,8,1,0,,0,0,266,0,0,,66.7,78.2,64.8,64.8,72.4,1,5,0,0,,33.3,1,0,0,0.0,0,0,0,0,0,0,83,83,5,75,0,3,0,0,45,38,0,0,1,0,0,6,0,0,0,
Leroy Jackson,190850,DI,N CAROLINA,12,12,1,,0,0,245,0,0,67.3,69.0,58.4,56.6,73.9,75.6,1,2,0,0,,5.1,2,0,1,0.0,0,0,0,0,0,2,368,366,16,214,3,133,0,2,184,182,0,16,25,0,0,3,0,0,0,
Crews Law,190851,LB,MEMPHIS,9,3,0,90.0,0,1,218,0,0,50.3,67.1,78.7,74.9,73.3,59.0,2,0,0,0,20.0,17.4,4,1,0,102.9,9,1,0,133,0,56,139,6,0,0,6,0,0,133,15,68,0,10,16,1,10,3,0,87,20,9.7
Ronnie Royal III,190870,S,NC STATE,11,13,0,78.6,0,1,248,0,0,43.9,49.0,0.0,67.2,63.8,64.3,0,0,0,1,42.0,15.1,8,0,4,114.9,22,0,0,174,4,256,439,2,0,0,2,0,149,437,6,177,110,7,32,1,28,0,1,344,122,15.6
Tate Crane,190881,WR,NWESTERN,1,0,0,,0,0,256,0,0,,60.0,60.0,60.0,,,0,0,0,0,,,0,0,0,0.0,0,0,0,0,0,0,1,0,0,0,0,0,0,1,1,0,0,0,0,0,0,0,0,0,0,
Jack Trautmann,190895,ED,NWESTERN,4,0,0,,0,0,256,0,0,60.0,49.1,74.6,58.1,51.8,,0,2,0,0,,,0,0,0,0.0,0,0,0,0,0,1,19,19,0,0,17,2,0,0,13,5,0,0,0,0,0,2,0,0,0,
Drew Wagner,190897,WR,NWESTERN,2,0,0,,0,0,256,0,0,60.0,64.2,60.0,,60.0,,0,0,0,0,,,0,0,0,0.0,0,0,0,0,0,1,2,0,0,0,0,0,0,2,0,1,0,0,0,0,0,0,0,0,0,
Koy Beasley,190900,S,MIAMI OH,12,5,0,50.0,0,0,221,0,0,72.5,69.7,87.8,,58.8,40.8,0,1,0,1,19.0,25.6,10,3,0,76.9,11,0,0,78,2,374,572,2,0,0,2,0,304,570,0,198,186,5,24,1,22,1,3,55,22,5.0
Tarrion Grant,190903,CB,TEXAS TECH,4,0,0,42.9,0,0,315,0,0,42.2,44.2,74.5,,63.2,78.2,0,0,0,0,56.0,0.0,0,1,0,89.9,3,0,0,3,28,20,32,0,0,0,0,0,1,32,0,12,0,0,3,0,7,0,0,100,13,33.3
Reese Hill,190907,DI,BALL ST,2,0,0,,0,0,117,0,0,,56.0,72.8,58.6,56.3,,0,0,0,0,,,0,0,0,0.0,0,0,0,0,0,0,15,15,2,13,0,0,0,0,5,10,0,0,0,0,0,0,0,0,0,
Hudauri Hines,190908,CB,PURDUE,12,7,0,61.1,0,0,273,0,0,55.7,56.3,85.3,60.0,57.4,48.8,0,0,0,1,72.0,22.0,9,5,3,137.0,33,0,0,44,583,310,636,2,0,0,2,0,4,634,1,325,3,6,25,1,54,0,7,723,302,21.9
Caleb Irving,190910,DI,CHARLOTTE,12,6,0,,0,0,136,0,0,66.5,54.7,50.5,51.1,56.9,35.7,0,3,0,0,,22.2,4,0,1,0.0,0,0,0,0,0,0,249,249,35,200,2,12,0,0,111,138,0,6,8,0,0,3,0,0,0,
Earl Kulp,190916,CB,TEMPLE,7,1,0,33.3,0,0,306,0,0,43.6,44.3,0.0,60.0,60.1,80.9,0,0,0,0,18.0,0.0,0,0,2,54.9,1,0,0,7,61,17,69,1,0,0,0,1,0,68,1,51,0,0,4,0,3,0,0,18,7,18.0
Isaiah Needam,190918,S,PURDUE,1,0,0,,0,0,273,0,0,,60.1,60.0,,60.0,,0,0,0,0,,,0,0,0,0.0,0,0,0,0,0,0,1,0,0,0,0,0,0,1,0,1,0,0,0,0,0,0,0,0,0,
Ty Clark III,190943,HB,WAKE,1,0,0,,0,0,339,0,0,,60.0,60.0,,60.0,,0,0,0,0,,,0,0,0,0.0,0,0,0,0,0,0,1,0,0,0,0,0,0,1,0,1,0,0,0,0,0,0,0,0,0,
Jacob Cosby-Mosley,190944,S,WAKE,1,0,0,,0,0,339,0,0,60.6,60.3,66.0,,,,0,0,0,0,,,0,0,0,0.0,0,0,0,1,0,2,2,0,0,0,0,0,1,2,0,0,0,0,0,0,0,0,0,0,0,
Andrew Hines III,190951,LB,BOWL GREEN,8,6,0,88.9,0,1,122,1,0,53.6,66.9,80.3,85.3,68.3,58.3,2,1,0,0,23.0,20.0,4,0,0,144.9,8,1,0,229,0,98,237,4,0,0,4,0,0,233,17,122,4,8,10,3,9,4,1,89,30,11.1
Whittman Whaley,190959,LB,WAKE,2,0,0,100.0,0,0,339,0,0,52.7,47.4,71.8,59.7,49.4,22.4,0,0,0,0,3.0,66.7,2,0,0,79.2,1,0,0,18,0,10,19,0,0,0,0,0,0,19,1,8,1,1,1,0,1,0,0,3,2,3.0
Malcolm DeWalt IV,190966,CB,AKRON,12,7,1,54.8,0,1,102,0,0,76.0,79.5,84.8,80.2,84.4,90.8,2,1,1,2,45.0,2.0,1,6,0,78.6,23,0,0,57,515,300,589,3,0,0,3,0,0,586,6,283,11,15,41,2,42,3,3,271,51,11.8
Dahvon Frazier,190968,ED,AKRON,12,3,0,66.7,0,0,102,0,0,57.1,53.6,44.2,51.9,57.5,80.8,0,1,0,0,14.0,0.0,0,0,1,75.7,2,0,0,5,0,25,191,185,0,8,175,2,0,6,70,96,1,2,4,1,3,1,0,13,1,6.5
Jahvon Frazier,190969,ED,AKRON,12,2,0,,0,0,102,0,0,61.0,52.8,80.1,60.8,48.0,37.9,0,1,0,0,,25.0,2,0,0,0.0,0,0,0,0,0,3,101,101,0,17,66,18,0,0,38,60,0,4,4,0,0,1,0,0,0,
Jason Hocker,190972,LB,AKRON,5,1,0,100.0,0,0,102,0,0,46.2,59.6,76.1,67.3,66.0,64.0,0,1,0,0,13.0,20.0,1,0,0,118.8,1,0,0,34,0,9,40,6,0,0,6,0,0,34,3,28,0,1,3,0,1,1,0,13,9,13.0
Ronald Hull,190973,DI,AKRON,12,7,0,,0,1,102,0,0,59.2,65.0,69.5,60.7,66.8,50.4,3,13,0,0,,21.1,4,0,1,0.0,0,2,0,2,0,1,553,550,186,335,4,25,0,3,280,272,0,8,8,0,0,18,0,0,0,
Keyveon Johnson,190974,CB,AKRON,2,0,0,,0,0,102,0,0,62.4,64.1,68.7,,60.0,,0,0,0,0,,,0,0,0,0.0,0,0,0,0,6,2,7,0,0,0,0,0,0,7,0,5,0,0,0,0,0,0,0,0,0,
Danny Nittoli,190980,LB,AKRON,2,0,0,,0,0,102,0,0,,60.0,60.0,60.0,60.0,,0,0,0,0,,,0,0,0,0.0,0,0,0,0,0,0,2,0,0,0,0,0,0,2,1,1,0,0,0,0,0,0,0,0,0,
Sean Patrick,190981,HB,AKRON,2,0,0,,0,0,102,0,0,60.0,62.9,60.0,,60.0,,0,0,0,0,,,0,0,0,0.0,0,0,0,0,0,1,2,0,0,0,0,0,0,2,0,1,0,0,0,0,0,0,0,0,0,
Luke Reed,190982,FB,AKRON,1,0,0,,0,0,102,0,0,,60.0,60.0,60.0,,,0,0,0,0,,,0,0,0,0.0,0,0,0,0,0,0,1,0,0,0,0,0,0,1,1,0,0,0,0,0,0,0,0,0,0,
Khalil Witherspoon,190984,WR,AKRON,1,0,0,,0,0,102,0,0,,60.0,60.0,,60.0,,0,0,0,0,,,0,0,0,0.0,0,0,0,0,0,0,1,0,0,0,0,0,0,1,0,1,0,0,0,0,0,0,0,0,0,
Cam Bates,190986,WR,BOISE ST,2,0,0,,0,0,120,0,0,,60.0,60.0,60.0,,,0,0,0,0,,,0,0,0,0.0,0,0,0,0,0,0,2,0,0,0,0,0,0,2,2,0,0,0,0,0,0,0,0,0,0,
Josira Andrews,191001,CB,BOWL GREEN,2,0,0,50.0,0,0,122,0,0,63.9,64.6,74.9,,62.9,53.2,0,0,0,0,12.0,20.0,1,0,0,61.8,3,0,0,2,34,20,36,0,0,0,0,0,0,36,0,16,0,0,4,0,6,0,0,26,7,8.7
Malik Moses,191011,DI,BOWL GREEN,3,0,0,,0,0,122,0,0,,35.9,71.1,58.5,42.1,,0,0,0,0,,,0,0,0,0.0,0,0,0,0,0,0,8,8,2,6,0,0,0,0,3,5,0,0,0,0,0,0,0,0,0,
Quavion Bird,191023,DI,C MICHIGAN,11,5,0,,0,0,134,0,0,60.0,54.8,84.4,53.3,55.1,69.5,0,0,0,0,,5.6,1,0,1,0.0,0,0,0,2,0,0,201,199,90,108,0,1,0,2,92,109,0,6,12,0,0,0,0,0,0,
Tysen Campbell,191027,S,C MICHIGAN,1,0,0,,0,0,134,0,0,60.8,60.5,65.4,,,,0,0,0,0,,,0,0,0,0.0,0,0,0,2,0,2,2,0,0,0,0,0,0,2,0,0,0,0,0,0,0,0,0,0,0,
Victor Earl,191030,LB,C MICHIGAN,7,2,1,50.0,0,0,134,0,0,57.8,59.9,78.2,73.3,56.2,76.6,0,0,0,0,14.0,9.1,1,0,0,65.6,2,1,0,63,0,33,79,6,0,0,6,0,0,73,6,40,9,4,8,0,4,1,0,21,20,10.5
Keyton Jones,191033,CB,C MICHIGAN,3,1,0,0.0,0,0,134,0,0,57.3,66.2,74.7,,77.1,78.6,0,0,0,0,,0.0,0,0,0,39.6,0,0,0,3,3,7,22,0,0,0,0,0,0,22,0,15,16,1,1,0,1,0,0,0,0,
Adam Kaminski,191034,DI,C MICHIGAN,2,0,0,,0,0,134,0,0,,52.4,71.0,56.5,57.4,,0,0,0,0,,,0,0,0,0.0,0,0,0,0,0,0,10,10,0,10,0,0,0,0,8,2,0,0,0,0,0,0,0,0,0,
Landon Swanson,191047,ED,C MICHIGAN,6,1,0,,0,0,134,0,0,60.8,66.3,79.8,55.3,76.8,80.1,1,0,0,0,,0.0,0,0,0,0.0,0,1,0,2,0,3,47,44,0,1,43,0,0,3,29,15,0,3,4,0,0,2,0,0,0,
Chance Harrison Jr.,191057,S,COLO STATE,8,1,0,83.3,0,0,144,0,0,53.5,56.0,0.0,63.7,66.5,54.0,0,0,0,0,20.0,28.6,2,0,1,106.9,5,0,0,19,5,27,64,3,0,0,3,0,13,61,1,36,24,0,4,0,6,0,0,58,23,11.6
Chris Jackson,191059,CB,COLO STATE,5,1,0,66.7,0,0,144,0,0,70.7,71.0,75.8,71.8,60.7,60.3,0,0,0,0,5.0,14.3,1,0,0,70.1,2,0,0,14,0,16,40,3,0,0,3,0,0,37,4,20,23,4,5,0,3,0,0,8,9,4.0
Owen Long,191061,LB,COLO STATE,12,31,0,83.7,0,1,144,2,0,65.9,71.0,86.0,57.1,73.9,73.2,2,6,0,0,21.0,10.8,15,3,1,107.8,36,2,0,580,8,283,770,81,1,0,80,0,2,689,87,400,97,48,93,4,43,10,2,264,161,7.3
Jack Moran,191064,DI,COLO STATE,12,15,1,,0,0,144,0,0,68.3,47.2,83.8,52.8,42.7,66.7,0,3,0,0,,7.7,2,0,0,0.0,0,1,0,4,0,1,400,395,18,203,55,119,0,5,178,221,0,5,9,0,0,4,0,0,0,
Dagan Myers,191065,S,COLO STATE,6,3,0,100.0,0,0,144,0,0,61.6,58.8,0.0,57.0,63.3,55.4,0,0,0,0,45.0,22.2,2,0,1,158.3,1,0,0,39,2,31,80,0,0,0,0,0,32,80,3,46,6,0,4,0,1,0,1,45,1,45.0
AJ Noland,191066,S,COLO STATE,6,3,0,81.3,0,0,144,0,0,60.7,57.5,83.7,47.4,54.8,51.9,0,6,0,0,61.0,24.0,6,1,1,158.3,13,0,0,59,9,123,237,12,0,0,12,0,28,225,18,96,129,5,16,0,16,6,2,247,102,19.0
Keegan Shank,191069,DI,COLO STATE,10,2,0,,0,0,144,0,0,66.9,45.2,80.7,59.0,32.4,77.3,0,3,0,0,,0.0,0,0,0,0.0,0,1,0,0,0,0,154,154,22,73,28,31,0,0,80,74,0,1,4,0,0,4,0,0,0,
Auckland Asiata,191075,DI,FRESNO ST,3,0,0,,0,0,169,0,0,59.9,58.5,78.4,57.8,59.0,,0,4,0,0,,,0,0,0,0.0,0,0,0,0,0,1,100,100,2,90,0,8,0,0,56,43,0,0,0,0,0,4,0,0,0,
Cam Cole,191078,CB,FRESNO ST,2,0,0,,0,0,169,0,0,,63.6,70.9,,64.4,74.8,0,0,0,0,,0.0,0,0,0,0.0,0,0,0,0,0,0,6,0,0,0,0,0,0,6,0,6,6,0,1,0,0,0,0,0,0,
Kiontre Harris,191083,CB,FRESNO ST,5,0,0,,0,0,169,0,0,64.1,64.7,70.0,,60.9,,0,0,0,0,,,0,0,0,0.0,0,0,0,1,13,6,17,0,0,0,0,0,0,17,0,11,0,0,0,0,0,0,0,0,0,
Tytus Khajavi,191085,LB,FRESNO ST,12,7,1,50.0,0,0,169,0,0,64.1,60.6,79.9,67.7,54.6,57.7,1,2,0,1,20.0,18.4,7,1,0,39.0,10,1,0,278,0,149,328,6,0,0,6,0,0,322,14,165,42,16,24,1,20,4,0,77,29,7.7
Loyall Mouzon,191087,CB,FRESNO ST,5,0,0,100.0,0,0,169,0,0,62.8,63.6,74.3,,62.5,76.2,0,0,0,0,10.0,0.0,0,0,0,134.0,3,0,0,0,29,13,29,0,0,0,0,0,0,29,0,16,0,1,2,0,3,0,1,20,0,6.7
Jordan Pierro,191090,S,LA TECH,1,0,0,,0,0,208,0,0,60.0,60.1,63.8,,,,0,0,0,0,,,0,0,0,0.0,0,0,0,0,1,1,1,0,0,0,0,0,0,1,0,0,0,0,0,0,0,0,0,0,0,
Logan Studt,191092,LB,FRESNO ST,11,2,0,85.7,0,0,169,0,0,69.9,66.9,78.4,56.4,61.7,59.8,0,0,0,0,14.0,18.8,3,0,0,86.9,6,0,0,123,0,66,142,6,0,0,6,0,0,136,4,72,13,8,11,1,7,0,0,34,18,5.7
Dillano Glaud,191096,LB,LIBERTY,6,5,0,100.0,0,0,206,0,0,78.3,79.4,75.7,63.6,72.7,69.1,0,1,0,0,11.0,14.3,2,0,0,87.5,3,0,0,69,0,40,80,5,0,0,5,0,1,75,5,35,4,3,7,0,3,1,0,15,31,5.0
Jon Monteiro,191099,WR,LIBERTY,1,0,0,,0,0,206,0,0,,60.1,60.0,,60.0,,0,0,0,0,,,0,0,0,0.0,0,0,0,0,0,0,1,0,0,0,0,0,0,1,0,1,0,0,0,0,0,0,0,0,0,
Seneca Moore Jr.,191100,ED,LIBERTY,2,0,0,,0,0,206,0,0,,73.3,72.1,58.1,70.9,73.0,0,0,0,0,,0.0,0,0,0,0.0,0,0,0,0,0,0,6,6,0,0,6,0,0,0,2,4,0,1,1,1,0,0,0,0,0,
Clayton Shepler,191102,WR,LIBERTY,2,0,0,,0,0,206,0,0,,60.7,60.0,,60.0,,0,0,0,0,,,0,0,0,0.0,0,0,0,0,0,0,2,0,0,0,0,0,0,2,0,2,0,0,0,0,0,0,0,0,0,
Weston Woodard,191107,DI,LIBERTY,2,0,0,,0,0,206,0,0,,49.2,70.8,53.2,55.1,21.8,0,2,0,0,,100.0,1,0,0,0.0,0,0,0,0,0,0,10,10,0,10,0,0,0,0,6,4,0,0,0,0,0,2,0,0,0,
Kezion Dia-Johnson,191112,WR,UMASS,1,0,0,,0,0,216,0,0,60.0,55.6,60.0,,,,0,0,0,0,,,0,0,0,0.0,0,0,0,0,0,1,1,0,0,0,0,0,0,1,0,0,0,0,0,0,0,0,0,0,0,
Erik Hehl,191114,ED,UMASS,10,4,0,,0,0,216,0,0,,60.3,11.6,63.5,61.4,78.5,0,3,0,0,,0.0,0,0,1,0.0,0,0,0,0,0,0,80,80,1,42,31,6,0,0,29,51,0,5,6,0,0,3,0,0,0,
Kenyon Massey,191116,WR,UMASS,1,0,0,,0,0,216,0,0,58.4,57.6,60.0,,,70.3,0,0,0,0,,0.0,0,0,1,0.0,0,0,0,0,0,1,1,0,0,0,0,0,0,1,0,0,0,0,1,0,0,0,0,0,0,
Michael Pangaro,191118,S,UMASS,5,4,0,,0,0,216,0,0,62.6,71.0,76.0,67.3,71.3,61.1,1,1,0,0,,14.3,1,0,0,0.0,0,0,0,23,1,11,37,0,0,0,0,0,6,37,1,25,6,1,2,0,0,2,0,0,0,
Keith Sarkodieh,191120,S,UMASS,9,0,0,100.0,0,0,216,0,0,55.4,55.9,77.5,56.3,58.1,75.7,0,1,0,0,20.0,10.0,1,0,0,118.1,3,0,0,52,3,30,78,1,0,0,1,0,14,77,3,45,7,0,9,0,3,1,0,37,4,12.3
Jose Touron,191122,S,UMASS,2,0,0,,0,0,216,0,0,,60.0,66.7,,60.0,,0,0,0,0,,,0,0,0,0.0,0,0,0,2,0,0,3,0,0,0,0,0,1,3,0,3,0,0,0,0,0,0,0,0,0,
Noah Carter,191124,ED,ALABAMA,10,4,0,0.0,0,0,103,0,0,65.4,73.7,83.1,64.0,75.9,82.3,0,3,0,0,,0.0,0,0,0,39.6,0,1,0,14,0,20,83,66,0,0,65,1,0,17,30,33,3,5,5,1,1,4,0,0,0,
QB Reese,191138,LB,ALABAMA,3,0,0,0.0,0,1,103,1,0,71.1,76.7,72.5,60.0,72.8,79.0,0,0,0,0,,0.0,0,0,0,39.6,0,0,0,39,0,10,41,2,0,0,2,0,0,39,1,30,0,4,4,0,1,0,0,0,0,
Justin Greene,191148,ED,GEORGIA,5,3,0,,0,0,173,0,0,,62.8,78.0,55.8,67.7,76.0,1,1,0,0,,0.0,0,0,0,0.0,0,0,0,0,0,0,54,54,0,9,28,17,0,0,33,21,0,1,1,0,0,2,0,0,0,
Nasir Johnson,191152,DI,GEORGIA,2,0,0,,0,0,173,0,0,60.0,55.2,74.1,56.8,55.1,70.2,0,0,0,0,,0.0,0,0,0,0.0,0,0,0,0,0,0,18,18,9,9,0,0,0,0,10,8,0,1,1,0,0,0,0,0,0,
Austin Alexander,191161,CB,KANSAS,12,6,0,75.0,1,0,198,1,1,62.2,61.0,39.3,60.0,55.5,42.4,0,1,0,0,78.0,23.3,14,2,2,124.2,33,0,0,58,473,284,542,3,0,0,3,0,1,539,1,257,7,20,40,4,44,1,3,390,177,11.8
Jon Jon Kamara,191170,LB,KANSAS,12,5,0,77.8,0,0,198,0,0,57.9,58.2,20.1,63.7,59.1,69.1,2,0,0,0,26.0,5.9,1,0,1,147.2,7,1,0,142,1,93,239,71,0,0,71,0,0,168,29,117,25,5,11,2,9,3,1,94,28,13.4
Pickle Stewart,191175,LB,KANSAS,1,0,0,,0,0,198,0,0,,73.1,67.6,,66.8,,0,0,0,0,,,0,0,0,0.0,0,0,0,3,0,0,3,0,0,0,0,0,0,3,0,3,0,0,0,0,0,0,0,0,0,
DJ Warner,191178,ED,SMU,12,1,1,0.0,0,1,287,0,0,59.1,64.1,87.4,66.7,53.0,35.7,2,13,0,0,,50.0,3,0,0,39.6,0,3,0,31,0,24,207,175,0,0,175,0,0,32,147,36,1,2,2,0,1,18,0,0,0,
Kamron Beavers,191181,DI,OLE MISS,4,0,0,,0,0,226,0,0,,61.2,73.3,59.2,61.6,70.2,0,0,0,0,,0.0,0,0,0,0.0,0,0,0,0,0,0,20,20,0,15,1,4,0,0,12,8,0,1,1,0,0,0,0,0,0,
Pat Broomfield,191183,CB,OLE MISS,2,0,0,,0,0,226,0,0,60.0,60.1,65.9,,60.0,,0,0,0,0,,,0,0,0,0.0,0,0,0,1,1,1,2,0,0,0,0,0,0,2,0,1,0,0,0,0,0,0,0,0,0,
Will Echoles,191186,DI,OLE MISS,13,15,4,,0,0,226,0,0,66.2,79.1,70.5,66.9,82.4,54.5,1,27,0,0,,13.6,8,1,1,0.0,0,5,0,3,0,4,621,618,108,434,5,71,0,3,342,275,0,30,36,3,0,33,0,0,0,
Micah Stallworth,191193,CB,OLE MISS,1,0,0,,0,0,226,0,0,,60.0,64.7,,60.0,,0,0,0,0,,,0,0,0,0.0,0,0,0,0,0,0,1,0,0,0,0,0,1,1,0,1,0,0,0,0,0,0,0,0,0,
Fatt Forrest,191196,S,MISS STATE,2,1,0,,0,0,227,0,0,65.3,70.4,72.7,,70.6,75.6,0,0,0,0,,0.0,0,0,0,0.0,0,0,0,6,0,8,16,0,0,0,0,0,0,16,0,8,10,0,0,0,0,0,0,0,0,
Terrance Hibbler Jr.,191198,DI,MISS STATE,1,0,0,,0,0,227,0,0,,53.6,0.0,67.5,60.6,70.1,0,1,0,0,,0.0,0,0,1,0.0,0,0,0,0,0,0,11,11,10,1,0,0,0,0,3,8,0,1,1,0,0,1,0,0,0,
Josaiah Knight,191202,LB,W KENTUCKY,1,0,0,,0,0,346,0,0,,60.0,60.0,60.0,,,0,0,0,0,,,0,0,0,0.0,0,0,0,0,0,0,1,0,0,0,0,0,0,1,1,0,0,0,0,0,0,0,0,0,0,
Cyrus Reyes,191207,S,MISS STATE,3,0,0,50.0,0,0,227,0,0,55.4,56.9,73.3,,61.8,76.2,0,0,0,0,11.0,,0,1,1,66.7,1,0,0,17,0,22,36,0,0,0,0,0,11,36,0,14,8,0,0,0,2,0,0,11,10,11.0
Dexter Foster,191212,LB,OREGON ST,7,17,0,69.2,1,0,265,0,0,56.2,62.5,84.3,57.6,68.0,76.4,2,3,0,0,21.0,9.1,5,1,2,87.7,9,0,0,362,1,199,436,5,0,0,5,0,1,431,38,199,67,18,33,3,13,5,0,87,92,9.7
Will Haverland,191216,ED,OREGON ST,1,0,0,,0,0,265,0,0,,63.2,67.8,,61.0,71.5,0,0,0,0,,0.0,0,0,0,0.0,0,0,0,0,0,0,2,2,0,0,2,0,0,0,0,2,0,0,1,0,0,0,0,0,0,
Carson Kolb,191218,TE,OREGON ST,2,0,0,,0,0,265,0,0,,50.7,68.2,60.0,52.4,32.2,0,0,0,0,,33.3,1,0,0,0.0,0,0,0,6,0,0,7,0,0,0,0,0,0,7,1,6,0,1,2,0,0,0,0,0,0,
Shamar Meikle,191220,ED,OREGON ST,11,4,0,88.9,0,0,265,0,0,80.0,74.1,88.2,70.4,64.6,71.1,8,4,0,0,34.0,12.0,3,0,0,143.5,8,2,0,12,0,46,299,265,0,1,264,0,0,34,117,136,21,17,18,4,9,14,1,86,80,10.8
Chris Jones,191241,LB,SO MISS,12,36,0,73.3,0,1,296,0,0,49.6,68.7,84.2,67.0,77.4,61.5,0,9,0,1,34.0,16.7,22,1,0,91.0,22,5,0,546,2,254,657,41,0,0,41,0,0,616,76,327,68,48,74,3,30,14,0,300,144,13.6
Dealyn Evans,191253,DI,TEXAS A&M,13,1,0,,0,0,312,0,0,,59.2,79.3,64.6,54.4,28.5,0,6,0,0,,22.2,2,0,0,0.0,0,0,0,0,0,0,141,140,3,124,2,11,0,1,74,67,0,4,6,2,0,6,0,0,0,
Layne Gerke,191256,S,TEXAS A&M,1,0,0,,0,0,312,0,0,60.0,56.3,70.5,,55.2,28.5,0,0,0,0,,50.0,1,0,0,0.0,0,0,0,7,0,1,8,0,0,0,0,0,1,8,0,7,0,1,1,0,0,0,0,0,0,
Kevin Longstreet,191258,CB,USC,4,1,1,70.0,0,0,326,0,0,60.3,61.8,79.3,68.6,59.8,81.5,0,0,0,0,19.0,0.0,0,3,0,123.3,7,0,0,13,18,45,77,3,0,0,3,0,0,74,5,27,43,2,5,0,10,0,1,71,21,10.1
Ronnie Mageo,191292,DI,BAYLOR,4,1,0,,0,0,118,0,0,,61.2,76.5,58.6,61.6,28.1,0,1,0,0,,50.0,2,0,0,0.0,0,0,0,0,0,0,46,46,0,20,10,16,0,0,19,27,0,1,1,0,0,1,0,0,0,
Alijah Carnell,191295,DI,IOWA STATE,11,1,0,,0,0,193,0,0,59.2,62.4,80.0,63.6,61.4,40.2,1,2,0,0,,33.3,2,0,0,0.0,0,1,0,0,0,1,123,123,18,35,41,29,0,0,66,56,0,2,3,0,0,4,0,0,0,
David Coffey,191296,CB,IOWA STATE,6,1,0,71.4,0,0,193,0,0,66.7,65.3,79.2,57.8,56.7,73.6,0,0,0,0,19.0,7.1,1,2,0,89.9,10,0,0,15,109,90,143,0,0,0,0,0,2,143,1,52,17,2,12,0,14,0,0,95,20,9.5
Khijohnn Cummings-Coleman,191297,S,IOWA STATE,5,1,0,50.0,0,0,193,0,0,49.8,53.4,79.3,59.0,62.6,73.5,0,0,0,0,65.0,11.1,1,1,0,135.4,4,0,0,50,0,52,101,0,0,0,0,0,9,101,1,48,42,1,7,0,8,0,1,108,49,27.0
Beau Goodwin,191301,LB,IOWA STATE,6,3,0,100.0,0,0,193,0,0,53.4,62.8,76.8,77.4,70.6,36.4,0,0,0,0,29.0,33.3,4,0,1,118.8,3,0,0,67,0,54,100,5,0,0,5,0,0,95,7,39,28,1,5,0,3,0,0,39,39,13.0
Marcus Neal Jr.,191309,S,IOWA STATE,12,18,1,71.4,0,1,193,1,0,72.2,78.8,86.1,72.4,84.0,71.2,2,8,0,2,38.0,12.1,11,1,1,68.9,20,1,0,432,1,353,697,25,0,0,25,0,97,672,44,300,142,33,62,8,28,11,1,169,98,8.5
Carson Van Dinter,191316,S,IOWA STATE,10,4,0,70.0,0,0,193,0,0,50.1,50.1,82.8,,51.1,39.8,0,0,0,0,37.0,31.6,6,1,1,132.7,14,0,0,72,5,113,180,0,0,0,0,0,18,180,0,67,85,3,9,0,20,0,2,187,98,13.4
Connor Welsch,191317,S,IOWA STATE,3,0,0,100.0,0,0,193,0,0,59.6,60.5,72.1,,61.1,39.4,0,0,0,0,12.0,33.3,1,0,0,102.1,2,0,0,10,0,12,19,0,0,0,0,0,8,19,0,7,1,0,2,0,2,0,0,17,19,8.5
Ify Obidegwu,191324,CB,OREGON,13,3,0,46.2,0,0,264,0,0,62.4,64.9,82.4,54.8,74.6,65.8,0,0,0,1,35.0,13.6,3,4,6,74.5,12,0,0,32,303,183,345,1,0,0,1,0,2,344,2,160,6,4,16,0,26,0,2,152,60,12.7
Dylan Williams,191328,LB,OREGON,5,1,0,0.0,0,0,264,0,0,63.8,71.0,74.6,68.7,69.5,82.5,0,0,0,0,,0.0,0,0,0,39.6,0,1,0,31,0,15,40,3,0,0,3,0,0,37,2,23,6,3,5,1,1,1,0,0,0,
Peyton Woodyard,191329,S,OREGON,12,4,0,83.3,0,0,264,0,0,69.9,72.4,85.1,60.0,73.9,64.3,0,0,1,1,31.0,15.4,4,0,0,64.6,5,0,0,67,0,83,170,2,0,0,2,0,69,168,1,86,30,8,18,0,6,0,0,54,17,10.8
Tyler Armstead,191330,CB,PENN STATE,2,0,0,,0,0,266,0,0,64.2,65.1,71.6,,60.1,,0,0,0,0,,,0,0,0,0.0,0,0,0,1,11,8,12,0,0,0,0,0,0,12,0,4,0,0,0,0,0,0,0,0,0,
Dejuan Lane,191339,S,PENN STATE,11,7,0,88.9,0,0,266,0,0,66.6,70.4,0.0,72.9,75.1,81.4,0,2,0,0,29.0,6.7,2,0,1,135.6,8,1,0,88,1,103,224,4,0,0,4,0,115,220,5,116,16,8,21,1,9,3,1,69,24,8.6
Anthony Speca,191342,LB,PENN STATE,4,0,0,100.0,0,0,266,0,0,50.6,56.1,75.3,55.4,70.8,36.3,0,1,0,0,9.0,33.3,1,0,0,127.1,4,0,0,29,0,22,47,2,0,0,2,0,0,45,7,18,16,2,2,0,4,1,1,20,12,5.0
Mylachi Williams,191343,ED,PENN STATE,4,0,0,,0,0,266,0,0,61.3,67.9,77.4,68.7,58.8,29.6,1,2,0,0,,50.0,1,0,0,0.0,0,0,0,1,0,2,32,31,0,0,30,1,0,1,23,7,0,1,1,0,0,3,0,0,0,
Kenny Woseley Jr.,191344,CB,PENN STATE,10,0,0,64.3,0,0,266,0,0,66.4,61.4,85.7,57.7,44.1,51.6,1,1,0,0,32.0,20.0,3,0,0,82.1,9,0,0,20,11,117,224,14,0,0,14,0,39,210,9,98,140,6,12,1,14,2,0,89,54,9.9
Charles Anderson Jr.,191346,ED,TEXAS TECH,4,1,0,,0,0,315,0,0,,69.8,73.5,55.4,74.9,71.5,0,0,0,0,,0.0,0,0,0,0.0,0,0,0,0,0,0,17,17,0,0,9,8,0,0,10,7,0,0,0,0,0,0,0,0,0,
Malik Esquerra,191348,S,TEXAS TECH,10,1,0,50.0,0,0,315,0,0,61.1,66.2,80.7,60.0,75.4,73.7,0,0,0,0,6.0,12.5,1,0,0,95.8,2,0,0,35,1,81,137,0,0,0,0,0,82,137,1,55,19,2,6,0,4,0,1,12,11,6.0
Ashton Hampton,191349,CB,TEXAS TECH,8,0,0,12.5,0,0,315,0,0,86.2,82.7,79.0,,59.2,46.5,0,0,0,0,3.0,25.0,2,1,0,39.6,1,0,0,3,89,56,97,0,0,0,0,0,4,97,0,41,0,1,6,0,8,0,0,3,-1,3.0
Oliver Miles III,191351,S,TEXAS TECH,3,1,0,100.0,1,0,315,0,0,53.9,60.5,76.1,,73.4,80.5,0,0,0,0,26.0,0.0,0,0,1,158.3,2,0,0,16,0,24,42,0,0,0,0,0,15,42,0,18,10,2,2,0,2,0,2,42,20,21.0
Peyton Morgan,191352,S,TEXAS TECH,10,3,0,50.0,0,0,315,0,0,74.8,71.5,80.3,,58.2,57.5,0,0,0,0,18.0,20.0,2,3,0,78.1,2,0,0,33,0,64,113,0,0,0,0,0,60,113,0,49,20,1,5,0,4,0,0,33,7,16.5
Cheta Ofili,191355,ED,TEXAS TECH,9,1,0,100.0,0,0,315,0,0,50.8,58.6,81.8,63.6,57.9,73.0,0,3,0,0,4.0,0.0,0,0,0,79.2,2,0,0,0,0,7,69,69,0,0,69,0,0,0,31,31,0,0,0,0,2,3,0,3,-1,1.5
Eddy Smith,191356,ED,TEXAS TECH,3,0,0,,0,0,315,0,0,51.8,53.8,74.3,62.4,59.9,,0,1,0,0,,,0,0,0,0.0,0,0,0,0,0,1,16,16,0,0,8,8,0,0,11,4,0,0,0,0,0,1,0,0,0,
Keyshawn Williams,191360,DI,TEXAS TECH,3,1,0,,0,0,315,0,0,,42.6,0.0,56.2,60.7,69.7,0,1,0,0,,0.0,0,0,2,0.0,0,0,0,0,0,0,27,27,14,13,0,0,0,0,18,9,0,0,0,0,0,1,0,0,0,
Derrick Jameson,191363,HB,UTAH ST,1,0,0,,0,0,329,0,0,,60.1,60.0,,60.0,,0,0,0,0,,,0,0,0,0.0,0,0,0,0,0,0,1,0,0,0,0,0,0,1,0,1,0,0,0,0,0,0,0,0,0,
Gio Kafentzis,191365,S,UTAH ST,2,1,0,0.0,0,0,329,0,0,56.3,56.7,74.9,,58.8,42.1,0,0,0,0,,33.3,1,1,0,39.6,0,0,0,7,1,12,19,0,0,0,0,0,6,19,0,7,5,0,1,0,2,0,0,0,0,
Malik McConico,191369,S,ARK STATE,1,0,0,0.0,0,0,113,0,0,77.9,78.1,71.9,,65.1,78.8,0,0,0,0,,0.0,0,1,0,39.6,0,0,0,4,0,6,11,0,0,0,0,0,6,11,0,5,1,0,2,0,2,0,0,0,0,
Tanner Williams,191375,LB,S DIEGO ST,3,0,0,0.0,0,0,284,0,0,50.5,54.3,71.1,59.6,66.6,73.1,0,0,0,0,,0.0,0,0,0,39.6,0,0,0,9,0,5,11,0,0,0,0,0,0,11,2,4,2,0,1,0,1,0,0,0,0,
Peyton Garrett,191517,ED,COLO STATE,1,0,0,,0,0,144,0,0,,60.6,67.3,,60.0,,0,0,0,0,,,0,0,0,0.0,0,0,0,0,0,0,2,2,0,0,2,0,0,0,0,2,0,0,0,0,0,0,0,0,0,
Favor Bate,191613,ED,BOSTON COL,12,8,3,,2,0,121,1,0,67.7,61.9,31.9,63.8,60.0,72.9,0,3,0,0,,13.6,3,0,2,0.0,0,1,0,5,0,8,312,303,0,3,281,19,0,9,155,149,3,8,11,0,0,4,0,0,0,
Willy Love,191668,S,TEMPLE,3,0,0,,0,0,306,0,0,61.7,61.3,68.1,60.0,60.0,,0,0,0,0,,,0,0,0,0.0,0,0,0,0,0,4,7,0,0,0,0,0,3,7,1,2,3,0,0,0,0,0,0,0,0,
Hieko Malone,191782,LB,MO STATE,1,0,0,100.0,0,0,230,0,0,50.2,53.5,70.5,,66.0,26.5,0,0,0,0,17.0,50.0,1,0,0,118.8,1,0,0,9,0,5,9,0,0,0,0,0,0,9,0,4,0,1,1,0,1,0,0,17,16,17.0
Eric Etienne,191791,DI,W KENTUCKY,3,0,0,,0,0,346,0,0,,59.4,0.0,61.9,68.4,69.7,0,0,0,0,,0.0,0,0,1,0.0,0,0,0,0,0,0,16,16,2,10,1,3,0,0,8,8,0,0,1,0,0,0,0,0,0,
Fernando Lecuona,192031,ED,WASH STATE,4,0,0,,0,0,341,0,0,,59.3,73.0,55.7,62.2,,0,0,0,0,,,0,0,0,0.0,0,0,0,0,0,0,13,13,0,3,7,3,0,0,7,6,0,0,0,0,0,0,0,0,0,
Anthony Palano,192037,LB,WASH STATE,11,17,0,77.8,0,1,341,0,0,62.5,63.9,83.5,57.6,64.5,48.4,2,6,0,0,16.0,23.7,18,1,0,88.2,14,1,0,330,0,176,382,1,0,0,1,0,5,381,28,178,46,18,41,0,18,9,0,93,55,6.6
Carsten Reynolds,192040,LB,WASH STATE,1,0,0,,0,0,341,0,0,,60.0,60.0,60.0,,,0,0,0,0,,,0,0,0,0.0,0,0,0,0,0,0,1,0,0,0,0,0,0,1,1,0,0,0,0,0,0,0,0,0,0,
Leroy Harris III,192102,ED,KANSAS,12,2,7,100.0,0,0,198,0,0,80.2,75.2,89.1,74.6,64.1,47.9,6,9,0,0,12.0,25.0,7,0,0,94.2,5,5,0,21,0,46,384,343,0,10,315,18,0,41,151,187,20,19,19,2,5,20,0,33,22,6.6
Beni Mwamba,192110,CB,MEMPHIS,1,0,0,,0,0,218,0,0,,60.0,66.9,,60.0,,0,0,0,0,,,0,0,0,0.0,0,0,0,0,3,0,3,0,0,0,0,0,0,3,0,3,0,0,0,0,0,0,0,0,0,
Frankie Edwards III,192650,CB,NEW MEXICO,12,10,0,68.2,0,0,241,0,0,69.9,70.9,41.7,57.7,76.1,59.8,0,1,0,0,54.0,12.5,7,1,1,94.7,30,0,0,24,373,291,497,32,0,0,32,0,2,465,3,203,65,18,39,1,44,1,1,298,132,9.9
Cole Nilles,192761,LB,TEXAS ST,11,3,1,100.0,0,0,314,0,0,41.3,60.9,79.1,90.2,73.7,49.0,1,3,0,0,33.0,20.0,5,0,0,117.9,10,0,0,122,0,65,153,7,0,0,7,0,0,146,9,79,23,8,17,1,10,4,0,123,54,12.3
Darrell Gipson Jr.,192976,LB,CINCINNATI,1,1,0,,0,0,138,0,0,60.7,53.1,0.0,,64.2,77.6,0,0,0,0,,0.0,0,0,1,0.0,0,0,0,9,0,2,10,0,0,0,0,0,0,10,0,8,1,0,2,0,0,0,0,0,0,
Andrew Baker,193089,LB,W MICHIGAN,3,1,0,,0,0,347,0,0,63.6,68.7,69.7,,65.7,75.8,0,0,0,0,,0.0,0,0,0,0.0,0,0,0,9,0,4,10,0,0,0,0,0,0,10,0,6,0,0,1,0,0,0,0,0,0,
Rondo Porter,193093,DI,APP STATE,12,13,4,,3,0,108,0,0,60.0,80.2,31.7,76.5,80.7,68.4,2,22,0,0,,7.1,3,0,3,0.0,0,2,0,1,0,0,498,497,122,371,0,4,0,1,280,218,0,20,26,4,0,26,0,0,0,
Alex Cloward,193103,ED,UTAH,2,0,0,,0,0,328,0,0,60.0,59.6,75.3,54.4,63.8,,0,0,0,0,,,0,0,0,0.0,0,0,0,0,0,1,18,18,0,3,14,1,0,0,14,3,0,0,0,0,0,0,0,0,0,
Mike Tauteoli,193111,DI,UTAH,2,1,0,,0,0,328,0,0,,53.3,72.3,55.5,55.7,26.4,0,0,0,0,,33.3,1,0,0,0.0,0,0,0,0,0,0,14,14,0,13,0,1,0,0,9,5,0,1,1,0,0,0,0,0,0,
Alex Szczesniak,193117,TE,UTEP,1,1,0,,0,0,330,0,0,,67.6,60.0,,66.0,72.2,0,0,0,0,,0.0,0,0,1,0.0,0,0,0,0,0,0,1,0,0,0,0,0,0,1,0,1,0,0,0,0,0,0,0,0,0,
Kendal Brown,193122,ED,CHARLOTTE,1,0,0,,0,0,136,0,0,,60.4,74.4,59.6,60.4,29.6,0,0,0,0,,33.3,1,0,0,0.0,0,0,0,0,0,0,12,12,0,0,12,0,0,0,1,11,0,2,2,0,0,0,0,0,0,
Kainoa Davis,193127,DI,S DIEGO ST,7,0,0,,0,0,284,0,0,,67.0,75.5,63.2,66.0,71.9,0,2,0,0,,0.0,0,0,0,0.0,0,0,0,0,0,0,41,41,0,41,0,0,0,0,21,20,0,2,2,0,0,2,0,0,0,
Kameron Manley,193136,S,CHARLOTTE,1,0,0,,0,0,136,0,0,,60.0,62.1,,60.0,,0,0,0,0,,,0,0,0,0.0,0,0,0,1,0,0,1,0,0,0,0,0,0,1,0,1,0,0,0,0,0,0,0,0,0,
Eli Shereshovech IV,193148,DI,MIAMI OH,1,0,0,,0,0,221,0,0,,73.4,69.4,66.6,65.2,,0,1,0,0,,,0,0,0,0.0,0,0,0,0,0,0,6,6,0,6,0,0,0,0,3,3,0,0,0,0,0,1,0,0,0,
Chalil Cummings,193161,CB,PURDUE,5,0,0,33.3,0,0,273,0,0,68.3,68.6,74.8,,64.0,76.6,0,1,0,0,4.0,0.0,0,2,1,81.9,1,0,0,5,36,21,44,0,0,0,0,0,1,44,0,23,1,0,2,0,3,1,1,4,2,4.0
Kamore Harris,193164,DI,MEMPHIS,5,0,0,,0,0,218,0,0,,76.4,74.2,75.1,68.8,73.7,0,1,0,0,,0.0,0,0,0,0.0,0,0,0,0,0,0,21,21,5,13,3,0,0,0,9,12,0,1,2,0,0,1,0,0,0,
Keonde Henry,193165,WR,MEMPHIS,1,0,0,,0,0,218,0,0,,60.0,60.0,,60.0,,0,0,0,0,,,0,0,0,0.0,0,0,0,0,0,0,1,0,0,0,0,0,0,1,0,1,0,0,0,0,0,0,0,0,0,
Dominic Kirks,193183,DI,OHIO STATE,3,0,0,,0,0,260,0,0,,57.6,73.4,58.6,57.9,71.5,0,0,0,0,,0.0,0,0,0,0.0,0,0,0,0,0,0,17,17,0,8,4,5,0,0,2,15,0,1,1,0,0,0,0,0,0,
Nate Riegle,193188,ED,OHIO,5,1,0,,0,0,259,0,0,70.6,53.5,78.0,52.6,48.1,26.3,0,2,0,0,,50.0,2,0,0,0.0,0,0,0,0,0,1,39,38,0,0,36,2,0,1,20,18,0,1,1,0,0,2,0,0,0,
Leroy Roker III,193190,S,OHIO STATE,7,3,0,66.7,0,0,260,0,0,64.3,65.9,77.5,,66.5,51.9,0,0,0,0,7.0,22.2,2,1,0,112.5,2,0,0,11,0,35,78,0,0,0,0,0,63,78,0,43,3,0,4,0,3,0,1,11,6,5.5
David Kabongo,193199,S,OKLA STATE,4,3,0,100.0,0,0,262,1,0,52.5,56.3,78.7,,63.4,54.0,0,0,0,0,40.0,21.4,3,0,0,118.8,5,0,0,61,0,57,121,0,0,0,0,0,36,121,0,64,24,1,8,0,5,0,0,99,42,19.8
MaLik Caswell,193212,CB,SO MISS,7,1,0,66.7,0,0,296,0,0,67.0,68.3,76.9,56.6,69.8,79.5,0,0,0,1,22.0,0.0,0,0,0,70.1,2,0,0,7,1,20,39,1,0,0,1,0,0,38,4,15,29,1,4,0,3,0,0,41,10,20.5
Cam Chmura,193213,DI,MARSHALL,9,1,0,,0,0,214,0,0,60.0,55.8,0.0,60.8,57.2,72.1,0,1,0,0,,0.0,0,0,2,0.0,0,0,0,0,0,0,98,98,89,8,0,1,0,0,54,44,0,1,1,0,0,1,0,0,0,
Corey Myrick,193227,S,SO MISS,12,18,0,63.3,0,0,296,0,0,76.8,79.4,87.2,58.7,80.3,77.8,1,0,0,1,17.0,11.5,10,2,0,64.7,19,0,0,170,0,346,660,0,0,0,0,0,412,660,1,313,78,16,59,4,30,1,1,91,83,4.8
Guylijah Theodule,193231,CB,SO MISS,3,0,0,,0,0,296,0,0,60.0,63.3,74.5,,60.0,,0,0,0,0,,,0,0,0,0.0,0,0,0,2,5,1,9,0,0,0,0,0,1,9,0,8,0,0,0,0,0,0,0,0,0,
T.J. Banks,193233,S,OLE MISS,11,6,0,33.3,0,0,226,0,0,44.3,51.8,82.7,,66.8,40.9,0,0,0,0,21.0,27.3,6,0,0,45.1,3,0,0,68,0,112,231,1,0,0,1,0,133,230,0,119,29,3,10,0,9,0,0,33,27,11.0
Charlie Stewart,193237,ED,S DIEGO ST,1,0,0,,0,0,284,0,0,,55.8,69.6,56.0,,,0,0,0,0,,,0,0,0,0.0,0,0,0,0,0,0,3,3,0,0,3,0,0,0,3,0,0,0,0,0,0,0,0,0,0,
Dasean Dixon,193260,DI,N ILLINOIS,12,8,0,,0,0,254,1,0,60.0,60.3,62.6,63.3,57.9,26.8,1,8,0,0,,28.1,9,0,2,0.0,0,1,0,0,0,0,403,403,58,341,1,3,0,0,184,219,0,11,15,2,0,10,0,0,0,
Jason Gwan,193301,DI,NEW MEX ST,4,2,0,,0,0,242,0,0,60.0,65.7,74.4,61.6,64.4,73.6,0,2,0,0,,0.0,0,0,0,0.0,0,0,0,0,0,0,26,26,5,18,0,3,0,0,13,13,0,0,1,0,0,2,0,0,0,
Jaden Kelly,193307,LB,KENNESAW,4,4,0,25.0,0,0,200,0,0,55.0,58.4,78.3,54.6,65.0,34.9,0,0,0,0,16.0,27.8,5,1,0,43.8,1,0,0,90,0,62,107,11,0,0,11,0,0,96,11,34,6,7,9,2,4,0,0,16,11,16.0
Marcellus Barnes Jr.,193427,CB,SMU,11,4,0,52.5,0,1,287,1,0,66.3,66.7,84.1,59.9,64.8,71.2,0,0,0,1,36.0,12.9,4,6,0,71.7,21,0,0,27,432,303,470,1,0,0,1,0,2,469,1,166,8,10,23,2,40,0,1,268,64,12.8
Ahmad Poole,193784,DI,MO STATE,12,5,2,,1,0,230,2,0,64.1,57.6,20.8,63.3,54.9,51.8,0,9,0,0,,14.8,4,0,4,0.0,0,0,0,1,0,0,385,383,13,367,0,3,0,2,197,188,0,12,18,1,0,9,0,0,0,
Ben Kamara,194438,CB,AKRON,10,4,0,51.9,0,0,102,0,0,61.0,62.1,81.3,58.3,66.2,67.7,1,1,0,1,89.0,14.3,4,2,1,100.5,14,1,0,27,237,143,267,0,0,0,0,0,0,267,10,114,2,10,20,3,27,3,2,298,107,21.3
Mike Jones,194598,DI,KENNESAW,2,0,0,,0,0,200,0,0,,68.2,72.2,57.4,69.3,73.6,0,0,0,0,,0.0,0,0,0,0.0,0,0,0,0,0,0,12,12,4,8,0,0,0,0,6,6,0,3,3,0,0,0,0,0,0,
Keshawn Lyons,194993,CB,N ILLINOIS,2,1,0,100.0,0,0,254,0,0,45.8,43.8,73.2,,53.6,78.5,0,0,0,0,19.0,0.0,0,0,1,118.8,1,0,0,1,20,9,21,0,0,0,0,0,0,21,0,12,0,0,2,0,1,0,0,19,13,19.0
Korey Johnson,197021,CB,AIR FORCE,12,7,0,68.8,0,0,101,1,1,57.6,58.5,34.0,50.0,66.6,76.4,0,2,0,0,56.0,10.3,4,3,5,146.2,22,0,0,46,405,243,464,3,0,0,3,0,3,461,3,218,7,8,28,0,32,2,4,363,176,16.5
Brody Whitson,197022,DI,AIR FORCE,1,0,0,,0,0,101,0,0,,58.5,70.1,57.7,60.0,,0,0,0,0,,,0,0,0,0.0,0,0,0,0,0,0,6,6,0,6,0,0,0,0,5,1,0,0,0,0,0,0,0,0,0,
Nick Beckwith,197023,S,AIR FORCE,6,5,0,65.4,1,0,101,0,0,38.8,44.9,86.8,53.9,57.5,70.8,0,1,0,0,38.0,9.1,2,1,1,104.3,17,0,0,65,3,151,324,69,0,0,69,0,8,255,22,151,179,4,15,0,26,1,1,218,71,12.8
Noah Nelson,197032,DI,GA STATE,6,1,0,,0,0,175,0,0,,67.0,76.7,60.3,68.0,70.2,0,0,0,0,,0.0,0,0,0,0.0,0,0,0,0,0,0,60,60,2,32,2,24,0,0,23,37,0,0,0,0,0,0,0,0,0,
Jamie Tremble,197056,ED,SYRACUSE,11,3,0,100.0,0,0,304,0,0,53.3,53.9,15.6,61.3,54.5,65.1,3,5,0,0,21.0,15.0,3,0,2,147.9,4,3,0,48,0,53,246,186,0,0,186,0,0,60,85,108,12,12,14,1,4,11,1,40,28,10.0
Ibn McDaniels,197075,CB,SYRACUSE,8,1,0,90.9,0,0,304,0,0,57.1,58.9,82.5,67.5,61.1,29.0,0,1,0,0,18.0,50.0,2,0,0,97.7,10,0,0,14,1,63,109,8,0,0,8,0,6,101,2,44,80,1,1,0,11,1,0,82,58,8.2
Jaris McIntosh,197506,CB,AIR FORCE,1,0,0,,0,0,101,0,0,62.7,63.4,66.9,,,,0,0,0,0,,,0,0,0,0.0,0,0,0,0,3,3,3,0,0,0,0,0,0,3,0,0,0,0,0,0,0,0,0,0,0,
Fatim Diggs,197576,LB,SYRACUSE,2,2,1,,0,0,304,0,0,63.8,76.5,69.4,67.4,69.7,77.9,0,0,0,0,,0.0,0,0,0,0.0,0,0,0,11,0,4,12,1,0,0,1,0,0,11,2,6,0,0,1,0,0,0,0,0,0,
Azariah Levells,197599,CB,NEW MEXICO,9,4,0,75.0,0,0,241,1,0,57.8,59.5,79.3,59.6,68.5,69.8,0,0,0,0,23.0,8.3,1,1,1,93.2,12,0,0,10,87,84,125,0,0,0,0,0,1,125,1,40,27,2,7,0,16,0,0,110,56,9.2
Davien Kerr,197628,CB,SYRACUSE,12,2,0,67.5,1,0,304,0,0,46.0,46.5,85.6,66.3,45.7,46.8,0,3,0,3,61.0,28.0,7,0,3,94.2,27,1,0,22,54,200,302,5,0,0,5,0,5,297,9,93,215,4,16,0,40,4,3,404,175,15.0
Xavier Miles,197642,DI,CHARLOTTE,11,6,0,,0,0,136,2,0,58.1,46.3,50.8,58.4,43.7,57.2,0,3,0,0,,10.0,2,0,1,0.0,0,0,0,0,0,1,267,267,24,238,1,4,0,0,110,156,0,8,12,0,0,3,0,0,0,
Brendan Cho,197650,DI,USC,2,0,0,,0,0,326,0,0,,42.5,70.6,58.0,45.5,,0,0,0,0,,,0,0,0,0.0,0,0,0,0,0,0,10,10,0,8,0,2,0,0,4,6,0,0,0,0,0,0,0,0,0,
Shawn Sehra,197652,CB,USC,2,0,0,,0,0,326,0,0,,69.8,67.9,,71.9,76.6,0,0,0,0,,0.0,0,0,0,0.0,0,0,0,0,4,0,4,0,0,0,0,0,0,4,0,4,0,1,2,0,0,0,0,0,0,
D'Angelo Mayes,197743,CB,UTAH ST,8,3,0,76.0,0,0,329,0,0,61.9,61.8,82.3,62.6,57.6,62.1,0,1,0,2,48.0,11.1,3,1,0,123.8,19,0,0,19,282,196,309,0,0,0,0,0,3,309,5,108,4,5,21,0,25,1,3,346,59,18.2
Jonah Bowman,197775,LB,AIR FORCE,1,0,0,100.0,0,0,101,0,0,49.6,40.8,71.8,60.0,51.0,33.0,0,0,0,0,14.0,33.3,1,0,0,118.8,1,0,0,13,0,3,13,0,0,0,0,0,0,13,1,9,0,2,2,0,1,0,0,14,1,14.0
Conor McPherson,197816,LB,LA LAFAYET,2,0,0,,0,0,207,0,0,60.0,58.7,66.4,59.5,,,0,0,0,0,,,0,0,0,0.0,0,0,0,2,0,1,2,0,0,0,0,0,0,2,1,0,0,0,0,0,0,0,0,0,0,
AJ Ashworth,197828,LB,DOMINION,5,0,0,,0,0,263,0,0,54.6,66.0,75.6,53.9,77.0,29.8,1,1,0,0,,37.5,3,0,0,0.0,0,0,0,42,0,15,46,0,0,0,0,0,0,46,3,28,2,3,5,1,0,2,0,0,0,
Etu Finau,197860,ED,S JOSE ST,12,1,1,,0,0,285,0,0,65.5,47.8,41.7,51.5,46.2,36.2,0,7,0,0,,44.4,4,0,1,0.0,0,0,0,1,0,1,192,191,0,18,108,65,0,1,107,84,0,4,4,0,0,7,0,0,0,
Avery Demery,197862,CB,LA LAFAYET,8,1,0,50.0,0,0,207,0,0,69.6,68.4,79.5,,60.4,82.3,0,0,0,0,38.0,0.0,0,1,1,112.0,4,0,0,11,130,60,147,0,0,0,0,0,0,147,0,87,6,1,5,0,8,0,1,55,5,13.8
Priest Ashe,197864,ED,LA LAFAYET,8,1,1,,0,0,207,0,0,67.6,56.3,80.5,60.6,48.3,66.8,0,2,0,0,,10.0,1,0,0,0.0,0,0,0,0,0,1,108,108,1,8,77,22,0,0,45,62,0,4,8,0,0,2,0,0,0,
Ashton Wright,197865,DI,LA LAFAYET,9,3,0,,0,0,207,1,0,58.5,57.1,80.6,54.9,58.5,38.2,1,0,0,0,,20.0,2,0,0,0.0,0,0,0,0,0,0,103,103,39,63,1,0,0,0,42,61,0,3,5,0,0,1,0,0,0,
Jaylin Reese,197882,ED,AIR FORCE,12,2,1,0.0,0,0,101,0,0,68.3,65.3,85.3,62.0,62.4,73.7,0,4,0,1,,8.3,1,0,0,0.0,0,1,0,5,0,10,153,146,0,0,146,0,0,7,76,67,2,6,9,0,2,5,0,0,0,
Jace Gilbert,197912,ED,IOWA STATE,12,2,0,,0,1,193,1,0,63.7,59.1,50.2,66.6,50.1,49.5,2,12,0,0,,16.7,3,0,1,0.0,0,1,0,0,0,4,240,240,0,23,132,85,0,0,130,106,0,8,13,1,0,15,0,0,0,
Chaz Barnett,198042,DI,AIR FORCE,2,0,0,,0,0,101,0,0,,70.5,70.3,57.4,68.9,70.2,0,0,0,0,,0.0,0,0,0,0.0,0,0,0,0,0,0,7,7,0,7,0,0,0,0,5,2,0,1,1,0,0,0,0,0,0,
JT Tomescko,198047,S,AIR FORCE,3,1,0,100.0,0,0,101,0,0,54.6,50.8,75.0,,47.5,41.5,0,0,0,0,11.0,28.6,2,0,0,108.3,2,0,0,15,0,17,36,0,0,0,0,0,16,36,0,19,5,1,4,0,2,0,0,20,14,10.0
TJ Barker,198051,S,AIR FORCE,1,0,0,,0,0,101,0,0,61.6,61.7,68.4,,60.0,,0,0,0,0,,,0,0,0,0.0,0,0,0,2,0,4,6,0,0,0,0,0,4,6,0,2,0,0,0,0,0,0,0,0,0,
Kade Steadman,198054,DI,AIR FORCE,1,0,0,,0,0,101,0,0,,60.2,68.2,58.2,60.0,,0,0,0,0,,,0,0,0,0.0,0,0,0,0,0,0,4,4,0,3,0,1,0,0,3,1,0,0,0,0,0,0,0,0,0,
Antonio Menard,198057,ED,AIR FORCE,1,0,0,,0,0,101,0,0,,66.7,69.4,66.1,,,0,0,0,0,,,0,0,0,0.0,0,0,0,0,0,0,3,3,0,0,3,0,0,0,3,0,0,0,0,0,0,0,0,0,0,
Jake Kepler,198058,LB,AIR FORCE,1,0,0,,0,0,101,0,0,,71.8,69.9,70.7,,72.2,0,0,0,0,,,0,0,0,0.0,0,1,0,0,0,0,2,2,0,0,2,0,0,0,2,0,0,0,0,0,0,1,0,0,0,
Vinnie Canosa,198060,LB,AIR FORCE,2,2,0,100.0,0,0,101,0,0,65.3,65.6,0.0,,75.1,81.2,0,0,0,0,6.0,0.0,0,0,1,91.7,1,0,0,14,0,10,16,1,0,0,1,0,0,15,0,6,1,1,2,0,1,0,0,6,1,6.0
Mikhail Seiken,198062,CB,AIR FORCE,11,7,0,70.6,0,1,101,1,0,52.8,54.1,84.5,60.0,58.5,54.6,0,0,0,0,40.0,19.6,9,0,0,124.1,24,0,0,38,410,252,467,10,0,0,10,0,2,457,2,213,6,5,30,1,34,0,2,356,98,14.8
Grady Forsythe,198067,ED,AIR FORCE,3,0,0,,0,0,101,0,0,,70.4,73.2,69.3,60.0,73.9,0,0,0,0,,,0,0,0,0.0,0,2,0,0,0,0,10,10,0,0,9,1,0,0,7,3,0,2,0,0,0,2,0,0,0,
Roger Jones Jr.,198069,S,AIR FORCE,12,30,0,81.3,0,0,101,1,0,51.7,60.1,52.2,53.2,74.6,58.7,0,0,0,2,86.0,17.3,18,0,2,110.3,26,0,0,288,15,377,719,1,0,0,1,0,302,718,14,328,112,25,56,1,32,0,2,375,225,14.4
Steve Bolo Mboumoua,198075,DI,ALABAMA,3,0,0,,0,0,103,0,0,,57.7,74.2,67.2,55.0,44.2,0,0,0,0,,25.0,1,0,0,0.0,0,0,0,0,0,0,24,24,5,19,0,0,0,0,4,20,0,2,3,1,0,0,0,0,0,
Grant Johnson,198076,LB,ALABAMA,1,0,0,,0,0,103,0,0,,63.2,66.0,,60.9,,0,0,0,0,,,0,0,0,0.0,0,0,0,2,0,0,2,0,0,0,0,0,0,2,0,2,0,0,0,0,0,0,0,0,0,
Justin Hill,198081,ED,ALABAMA,13,3,0,100.0,0,0,103,0,0,64.1,65.3,85.8,57.5,65.7,41.8,0,0,0,0,33.0,28.6,2,1,0,118.8,2,0,0,28,0,31,152,103,0,0,103,0,0,49,22,99,20,2,2,1,2,0,0,38,30,19.0
Dijon Lee Jr.,198087,CB,ALABAMA,13,4,0,48.0,0,0,103,0,0,80.3,79.0,86.1,,63.1,66.1,0,0,0,2,64.0,9.4,3,4,1,53.3,12,0,0,27,501,323,535,2,0,0,2,0,1,533,0,212,3,9,25,4,25,0,1,187,63,15.6
Ivan Taylor,198088,S,ALABAMA,5,2,0,50.0,0,0,103,0,0,67.8,71.0,74.5,,71.2,82.7,0,0,0,0,8.0,0.0,0,0,0,60.4,1,0,0,8,0,12,41,0,0,0,0,0,27,41,0,29,5,1,3,0,2,0,0,8,3,8.0
Luke Metz,198089,LB,ALABAMA,2,1,0,0.0,0,0,103,0,0,80.1,80.4,74.9,57.2,70.8,79.0,0,0,0,0,,0.0,0,0,0,39.6,0,0,0,19,0,6,23,3,0,0,3,0,0,20,2,15,0,2,3,0,2,0,0,0,0,
Duke Johnson II,198091,LB,ALABAMA,1,0,0,,0,0,103,0,0,,63.0,68.1,60.0,62.8,33.0,0,0,0,0,,33.3,1,0,0,0.0,0,0,0,12,0,0,12,0,0,0,0,0,0,12,1,11,0,2,2,0,0,0,0,0,0,
Juan Berchal,198099,CB,APP STATE,8,1,0,44.4,0,0,108,0,0,69.0,70.4,79.5,,72.2,58.1,0,0,0,0,34.0,16.7,1,3,0,111.3,4,0,0,7,120,85,132,1,0,0,1,0,0,131,0,47,4,2,4,1,9,0,1,76,44,19.0
Kaden Ellis,198100,DI,APP STATE,1,0,0,,0,0,108,0,0,,61.5,67.4,,60.0,,0,0,0,0,,,0,0,0,0.0,0,0,0,0,0,0,3,3,0,3,0,0,0,0,0,3,0,0,0,0,0,0,0,0,0,
Leroy Palu,198104,DI,ARIZONA,12,7,2,,0,0,109,1,0,51.2,59.0,86.4,60.1,58.4,68.9,0,7,0,0,,8.0,2,0,0,0.0,0,1,0,4,0,6,451,447,153,238,44,12,0,4,218,227,0,11,16,2,0,8,0,0,0,
Dajon Hinton,198108,S,ARIZONA,1,0,0,,0,0,109,0,0,62.3,63.3,69.0,,60.0,,0,0,0,0,,,0,0,0,0.0,0,0,0,0,6,3,6,0,0,0,0,0,0,6,0,3,0,0,0,0,0,0,0,0,0,
Carter Jones,198111,LB,ARIZONA,1,0,0,,0,0,109,0,0,60.0,57.9,67.3,57.1,60.0,,0,0,0,0,,,0,0,0,0.0,0,0,0,4,0,1,4,0,0,0,0,0,0,4,2,1,0,0,0,0,0,0,0,0,0,
Joseph Smith,198115,CB,ARIZONA ST,1,0,0,,0,0,110,0,0,62.9,63.4,68.2,,,,0,0,0,0,,,0,0,0,0.0,0,0,0,0,4,4,4,0,0,0,0,0,0,4,0,0,0,0,0,0,0,0,0,0,0,
Nigel Nelson,198137,LB,ARK STATE,12,21,0,80.0,0,0,113,0,0,52.9,56.4,83.6,50.5,62.4,51.8,1,4,0,0,24.0,19.3,11,0,0,100.4,16,1,0,341,0,171,375,5,0,0,5,0,1,370,25,179,28,10,25,0,20,6,0,162,147,10.1
Jared Smith,198144,ED,AUBURN,9,0,0,100.0,0,1,115,0,0,70.1,75.4,82.2,74.8,64.9,50.6,0,4,0,0,2.0,40.0,2,0,0,79.2,4,2,0,5,0,13,110,99,0,3,92,4,0,11,53,44,6,5,3,2,4,6,0,-2,8,-0.5
AnQuon Fegans,198145,S,AUBURN,12,4,0,60.0,0,0,115,0,0,55.7,61.9,82.4,57.0,77.1,69.7,1,0,0,1,11.0,12.5,3,1,0,65.8,6,0,0,84,0,136,226,4,0,0,4,0,86,222,2,88,52,6,17,0,10,1,1,48,26,8.0
Blake Woodby,198148,CB,AUBURN,6,1,0,50.0,0,0,115,0,0,66.6,65.7,78.9,47.4,66.0,47.0,0,1,0,0,12.0,28.6,2,0,0,65.6,2,0,0,8,29,56,76,0,0,0,0,0,2,76,1,19,37,1,4,0,4,1,0,21,12,10.5
Malik Autry,198149,DI,AUBURN,9,1,0,,0,0,115,0,0,,63.7,78.7,56.1,66.2,78.6,0,0,0,0,,0.0,0,0,0,0.0,0,0,0,0,0,0,86,86,22,31,11,22,0,0,37,49,0,6,8,0,0,0,0,0,0,
Elijah Melendez,198152,LB,AUBURN,12,12,0,76.2,0,0,115,0,0,59.0,66.4,79.7,56.3,73.2,68.5,1,2,1,2,41.0,14.3,6,0,0,58.7,16,1,0,227,4,123,271,15,0,0,15,0,0,256,16,132,25,15,24,2,21,4,0,165,139,10.3
Darrion Smith,198153,DI,AUBURN,8,1,0,,0,0,115,0,0,,72.4,79.1,71.7,63.8,74.9,1,6,0,0,,0.0,0,0,0,0.0,0,0,0,0,0,0,86,86,7,39,23,17,0,0,68,18,0,2,2,0,0,7,0,0,0,
Eric Winters,198155,S,AUBURN,12,15,0,77.8,0,0,115,0,0,66.0,78.5,83.7,66.4,92.0,73.4,0,0,0,0,21.0,11.4,5,1,0,103.7,7,1,0,95,2,133,258,8,0,0,8,0,115,250,2,123,38,16,24,1,9,1,0,80,39,11.4
Donovan Starr,198157,CB,AUBURN,2,0,0,0.0,0,0,115,0,0,77.2,77.0,72.1,,62.2,,0,0,0,0,,,0,0,0,39.6,0,0,0,3,14,7,18,0,0,0,0,0,0,18,0,11,1,0,0,0,1,0,0,0,0,
J.J. Faulk,198162,ED,AUBURN,2,0,0,100.0,0,0,115,0,0,60.8,69.1,72.8,,71.3,81.5,0,0,0,0,10.0,0.0,0,0,0,108.3,1,0,0,4,0,4,13,6,0,0,6,0,0,7,0,9,3,3,4,0,1,0,0,10,2,10.0
Bryce Deas,198163,LB,AUBURN,9,5,0,71.4,0,0,115,0,0,77.2,74.3,84.9,58.8,71.2,55.2,3,5,0,0,29.0,21.1,4,1,0,93.8,5,0,0,89,0,72,185,82,0,0,82,0,1,103,26,87,13,7,10,2,7,8,0,54,43,10.8
Tobi Adewoyin,198165,S,BALL ST,8,1,0,75.0,0,0,117,0,0,53.6,61.7,78.2,,72.8,73.4,0,0,0,0,43.0,8.3,1,0,0,156.3,3,0,0,57,2,34,92,0,0,0,0,0,16,92,0,58,17,4,10,0,4,0,1,78,34,26.0
Dior Garner,198178,DI,BOWL GREEN,4,1,1,,0,0,122,0,0,,42.6,0.0,58.1,42.4,73.8,0,0,0,0,,0.0,0,0,1,0.0,0,0,0,0,0,0,62,62,15,45,0,2,0,0,31,31,0,1,2,1,0,0,0,0,0,
Preston EstoEsta,198179,S,BOWL GREEN,8,5,0,81.8,0,0,122,0,0,61.1,58.1,81.7,64.2,49.8,46.7,0,2,0,1,37.0,25.0,8,0,1,80.9,9,0,0,120,3,156,298,6,0,0,6,0,115,292,4,138,54,8,19,1,11,2,0,150,59,16.7
Jaimion Olverson,198181,DI,BOWL GREEN,4,0,0,,0,0,122,0,0,,53.9,75.7,64.7,47.5,72.2,0,2,0,0,,0.0,0,0,0,0.0,0,0,0,0,0,0,37,37,3,30,1,3,0,0,21,16,0,2,2,0,0,2,0,0,0,
Quentin Lewis,198183,ED,BOWL GREEN,2,0,0,,0,0,122,0,0,,62.3,72.7,57.8,63.3,73.0,0,0,0,0,,0.0,0,0,0,0.0,0,0,0,1,0,0,7,6,0,0,6,0,0,1,4,3,0,1,1,0,0,0,0,0,0,
DeVenchi Arnold II,198189,S,BOWL GREEN,1,0,0,,0,0,122,0,0,,38.3,63.6,,52.6,,0,0,0,0,,,0,0,0,0.0,0,0,0,3,0,0,3,0,0,0,0,0,0,3,0,3,0,0,0,0,0,0,0,0,0,
Jahai Johnson,198196,S,BOWL GREEN,1,0,0,,0,0,122,0,0,,60.9,64.9,,60.0,,0,0,0,0,,,0,0,0,0.0,0,0,0,2,0,0,3,0,0,0,0,0,1,3,0,3,0,0,0,0,0,0,0,0,0,
Hunter Clegg,198217,ED,BYU,12,2,0,,0,0,128,0,0,75.9,71.3,87.1,62.6,69.7,76.1,3,10,0,0,,6.7,1,0,0,0.0,0,0,0,3,0,29,244,236,0,18,213,5,0,8,120,95,5,6,12,0,0,13,0,0,0,
Cannon DeVries,198231,CB,BYU,6,1,0,75.0,0,0,128,0,0,55.3,60.3,74.8,,71.1,79.3,0,0,0,0,19.0,0.0,0,0,0,141.7,3,0,0,5,4,14,22,0,0,0,0,0,1,22,0,8,12,2,3,1,4,0,1,36,10,12.0
Odera Okaka,198234,ED,CAL,6,0,0,,0,0,130,0,0,60.8,36.3,0.0,51.2,36.3,77.5,1,0,0,0,,0.0,0,0,1,0.0,0,0,0,0,0,3,45,44,0,0,44,0,0,1,21,21,1,1,3,0,0,1,0,0,0,
Jae'on Young,198236,CB,CAL,2,0,0,,0,0,130,0,0,61.5,62.9,69.3,,60.0,,0,0,0,0,,,0,0,0,0.0,0,0,0,0,6,2,6,0,0,0,0,0,0,6,0,4,0,0,0,0,0,0,0,0,0,
Aiden Manutai,198240,S,CAL,10,7,0,71.4,0,0,130,0,0,65.5,65.3,84.9,47.6,65.6,59.1,0,1,0,1,31.0,19.6,10,1,1,75.7,15,0,0,241,4,311,553,5,0,0,5,0,205,548,4,238,98,9,34,2,21,1,0,171,47,11.4
Dylan Fisher,198243,DI,C MICHIGAN,7,1,0,,0,0,134,0,0,,56.5,33.1,66.2,51.8,56.5,0,2,0,0,,14.3,1,0,1,0.0,0,0,0,1,0,0,151,150,42,104,0,4,0,1,83,68,0,3,5,1,0,2,0,0,0,
Elijah Gordon,198244,S,C MICHIGAN,12,16,0,72.4,0,0,134,1,0,69.3,70.1,86.0,54.8,70.2,70.7,0,1,0,1,27.0,14.6,7,3,0,104.2,21,0,0,169,1,222,396,7,0,0,7,0,86,389,4,170,132,12,25,0,29,1,2,231,97,11.0
Andre Thomas Jr.,198248,LB,C MICHIGAN,6,4,0,50.0,0,0,134,0,0,60.4,59.3,74.4,66.2,55.9,67.0,0,0,0,0,20.0,16.7,1,0,0,85.4,1,1,0,68,0,26,76,4,0,0,4,0,0,72,5,45,3,2,1,0,2,1,0,20,3,20.0
JJ Douglas,198250,ED,C MICHIGAN,8,0,2,100.0,0,1,134,0,0,65.2,59.8,86.2,73.2,35.0,83.3,2,11,0,0,28.0,0.0,0,0,0,118.8,1,2,0,31,1,17,203,171,39,3,122,7,0,32,119,67,0,8,13,0,1,15,0,28,15,28.0
Nolan Anderson,198251,S,C MICHIGAN,2,0,0,0.0,0,0,134,0,0,71.3,62.5,72.7,,50.0,21.6,0,0,0,0,,100.0,1,0,0,39.6,0,0,0,10,0,5,15,0,0,0,0,0,1,15,0,10,4,0,0,0,1,0,0,0,0,
Jaylon Johnson,198255,ED,CHARLOTTE,10,8,0,50.0,0,1,136,0,0,30.4,50.6,87.1,56.8,54.1,43.3,1,8,0,0,38.0,21.1,4,0,0,128.1,2,1,0,5,0,23,326,320,0,3,260,57,0,6,133,170,0,4,7,0,4,10,1,43,22,21.5
Dy'Lon Womack,198257,S,CHARLOTTE,6,3,0,75.0,0,0,136,0,0,47.5,55.0,80.6,,77.8,41.1,0,0,0,0,29.0,29.4,5,0,0,104.7,6,0,0,15,0,56,104,1,0,0,1,0,55,103,0,48,32,4,9,0,8,0,0,77,32,12.8
Myles Harrison,198260,LB,CINCINNATI,1,1,0,,0,0,138,0,0,,59.5,71.1,,59.4,75.3,0,0,0,0,,0.0,0,0,0,0.0,0,0,0,7,0,0,8,1,0,0,1,0,0,7,0,8,0,1,1,0,0,0,0,0,0,
CJ Jones,198261,S,CINCINNATI,1,0,0,100.0,0,0,138,0,0,62.0,64.1,74.0,,64.0,,0,0,0,0,0.0,,0,0,0,79.2,1,0,0,11,0,3,19,0,0,0,0,0,0,19,0,16,8,0,0,0,1,0,0,0,0,0.0
Jamari Johnson,198262,CB,CINCINNATI,1,0,0,,0,0,138,0,0,61.8,63.4,69.8,,60.0,,0,0,0,0,,,0,0,0,0.0,0,0,0,0,7,2,7,0,0,0,0,0,0,7,0,5,0,0,0,0,0,0,0,0,0,
Tim Griffin,198263,ED,CINCINNATI,1,0,0,,0,0,138,0,0,,55.8,70.5,60.0,56.6,71.5,0,0,0,0,,0.0,0,0,0,0.0,0,0,0,0,0,0,8,8,0,0,3,5,0,0,1,7,0,0,1,0,0,0,0,0,0,
Patrick Williams,198266,CB,CINCINNATI,1,0,0,,0,0,138,0,0,60.0,61.6,67.8,,60.0,,0,0,0,0,,,0,0,0,0.0,0,0,0,0,4,1,4,0,0,0,0,0,0,4,0,3,0,0,0,0,0,0,0,0,0,
James Early,198267,DI,CINCINNATI,1,0,0,,0,0,138,0,0,,52.1,65.6,,60.0,,0,0,0,0,,,0,0,0,0.0,0,0,0,0,0,0,1,1,0,0,1,0,0,0,0,1,0,0,0,0,0,0,0,0,0,
Terrell Holcomb,198271,S,CINCINNATI,1,1,0,,0,0,138,0,0,61.1,67.0,69.6,,66.5,76.5,0,0,0,0,,0.0,0,0,0,0.0,0,0,0,5,0,2,11,0,0,0,0,0,0,11,0,9,6,0,1,0,0,0,0,0,0,
CD McFee,198274,DI,CINCINNATI,1,0,0,,0,0,138,0,0,,48.2,73.0,59.9,49.3,,0,0,0,0,,,0,0,0,0.0,0,0,0,0,0,0,11,11,10,1,0,0,0,0,2,9,0,0,0,0,0,0,0,0,0,
Kamron Neal,198276,ED,CINCINNATI,1,0,0,,0,0,138,0,0,,67.1,72.1,59.5,66.5,39.6,0,0,0,0,,20.0,1,0,0,0.0,0,0,0,0,0,0,14,14,0,0,3,11,0,0,3,11,0,3,4,0,0,0,0,0,0,
CJ Crite,198278,S,CINCINNATI,2,1,0,,0,0,138,0,0,52.0,63.1,75.1,,72.7,41.1,0,0,0,0,,25.0,1,0,0,0.0,0,0,0,18,0,5,34,0,0,0,0,0,15,34,0,29,1,1,2,0,0,0,0,0,0,
Walt Gray,198279,LB,COAST CAR,2,0,0,,0,0,141,0,0,64.5,79.4,75.7,91.9,55.1,75.2,0,0,0,0,,0.0,0,0,0,0.0,0,1,0,12,0,9,26,6,0,0,6,0,0,20,6,11,8,2,1,0,0,1,0,0,0,
Fredd Adams,198282,CB,COAST CAR,9,3,0,76.0,0,0,141,0,0,57.2,56.7,82.5,,53.1,39.7,0,0,0,0,42.0,26.9,7,2,0,121.4,19,0,0,23,263,149,292,6,0,0,6,0,0,286,0,143,0,6,16,0,25,0,1,256,109,13.5
Brandon Rose,198289,S,COAST CAR,1,0,0,,0,0,141,0,0,,60.1,60.0,,60.0,,0,0,0,0,,,0,0,0,0.0,0,0,0,0,0,0,1,0,0,0,0,0,0,1,0,1,0,0,0,0,0,0,0,0,0,
Jevon Edwards,198291,HB,COAST CAR,1,0,0,,0,0,141,0,0,,60.1,60.0,,60.0,,0,0,0,0,,,0,0,1,0.0,0,0,0,0,0,0,1,0,0,0,0,0,0,1,0,1,0,0,0,0,0,0,0,0,0,
Dominic Lee-Knicely,198293,HB,COAST CAR,1,0,0,,0,0,141,0,0,,60.1,60.0,,60.0,,0,0,0,0,,,0,0,0,0.0,0,0,0,0,0,0,1,0,0,0,0,0,0,1,0,1,0,0,0,0,0,0,0,0,0,
Nate Gregory,198294,LB,COAST CAR,1,0,0,,0,0,141,0,0,,73.9,68.6,,66.8,,0,0,0,0,,,0,0,0,0.0,0,0,0,4,0,0,4,0,0,0,0,0,0,4,0,4,0,0,0,0,0,0,0,0,0,
Zach Atkins,198297,TE,COLORADO,1,0,0,,0,0,143,0,0,,60.0,60.0,60.0,,,0,0,0,0,,,0,0,1,0.0,0,0,0,0,0,0,1,0,0,0,0,0,0,1,1,0,0,0,0,0,0,0,0,0,0,
Quanell Farrakhan Jr.,198299,WR,COLORADO,2,0,0,,0,0,143,0,0,65.6,66.1,60.0,,,70.3,0,0,0,0,,0.0,0,0,0,0.0,0,0,0,0,0,2,2,0,0,0,0,0,0,2,0,0,0,0,1,0,0,0,0,0,0,
London Merritt,198301,ED,COLORADO,12,9,0,,0,0,143,0,0,62.8,72.5,85.7,61.0,76.5,69.8,2,11,0,0,,10.3,3,0,0,0.0,0,1,0,3,0,3,323,320,1,13,295,11,0,3,146,174,0,15,17,6,0,14,0,0,0,
Mantrez Walker,198305,LB,COLORADO,1,0,0,,0,0,143,0,0,,62.8,64.4,,60.8,,0,0,0,0,,,0,0,0,0.0,0,0,0,2,0,0,2,0,0,0,0,0,0,2,0,2,0,0,0,0,0,0,0,0,0,
Alexander McPherson,198306,ED,COLORADO,9,1,0,,0,0,143,0,0,60.6,63.6,84.1,65.6,58.7,56.6,2,7,0,0,,21.4,3,0,0,0.0,0,1,0,0,0,1,211,210,0,7,199,4,0,1,103,107,0,8,10,0,0,10,0,0,0,
Christian Hudson,198307,DI,COLORADO,4,1,0,,0,0,143,0,0,,60.4,74.7,56.6,62.2,69.7,0,0,0,0,,0.0,0,0,0,0.0,0,0,0,0,0,0,18,18,6,12,0,0,0,0,9,9,0,0,0,0,0,0,0,0,0,
Devin Pringle,198314,CB,UCONN,11,14,0,71.1,0,0,146,0,0,68.1,66.6,49.0,75.0,58.3,42.8,0,2,0,1,75.0,20.6,13,3,3,114.5,32,0,0,76,610,342,693,3,0,0,3,0,0,690,4,347,3,8,36,2,45,2,4,354,128,11.1
Osiris Gilbert,198318,CB,UCONN,8,2,0,52.6,0,0,146,0,0,69.3,69.6,81.3,54.7,70.0,80.0,0,1,0,0,22.0,6.3,1,2,2,83.7,10,0,0,40,245,162,288,3,0,0,3,0,0,285,5,121,0,2,13,0,19,1,1,92,25,9.2
Saxton Suchanic,198320,CB,UCONN,1,0,0,,0,0,146,0,0,61.9,62.8,73.2,,60.0,,0,0,0,0,,,0,0,0,0.0,0,0,0,1,0,3,9,0,0,0,0,0,0,9,0,6,8,0,0,0,0,0,0,0,0,
Elliott Schaper,198325,LB,DUKE,6,7,0,75.0,0,0,154,0,0,54.1,54.3,79.0,82.7,37.9,85.7,0,1,0,1,19.0,0.0,0,0,0,56.3,3,4,0,82,0,53,93,2,0,0,2,0,1,91,7,33,8,4,4,0,4,5,0,30,5,10.0
Bradley Gompers,198326,LB,DUKE,7,4,0,71.4,0,0,154,1,0,64.6,65.6,0.0,74.1,66.3,85.0,0,1,0,0,20.0,0.0,0,0,1,125.0,5,0,0,76,1,49,93,6,0,0,6,0,0,87,9,35,10,4,8,1,7,1,1,40,13,8.0
Bryce Davis,198328,ED,DUKE,12,1,0,100.0,0,0,154,0,0,62.2,65.5,0.0,74.6,63.8,63.0,1,6,0,0,16.0,9.1,1,1,3,114.6,2,0,0,0,0,10,155,155,16,5,130,4,0,0,79,66,0,7,9,2,2,7,0,23,10,11.5
Bariate Kara,198329,DI,DUKE,1,0,0,,0,0,154,0,0,,61.9,67.8,,60.6,,0,0,0,0,,,0,0,0,0.0,0,0,0,0,0,0,3,3,0,3,0,0,0,0,0,3,0,0,0,0,0,0,0,0,0,
Julius Columbus,198330,DI,DUKE,1,0,0,,0,0,154,0,0,,32.2,67.4,,41.8,16.2,0,0,0,0,,100.0,1,0,0,0.0,0,0,0,0,0,0,3,3,0,3,0,0,0,0,0,3,0,0,0,0,0,0,0,0,0,
Kaleb Lanier,198331,CB,DUKE,3,0,0,,0,0,154,0,0,65.1,65.1,76.1,59.7,60.6,27.9,0,0,0,0,,50.0,1,0,0,0.0,0,0,0,2,27,35,42,0,0,0,0,0,0,42,1,6,12,0,1,0,0,0,0,0,0,
Ma'khi Jones,198336,S,DUKE,12,6,0,60.0,0,1,154,0,0,55.1,60.5,84.2,70.6,69.4,67.3,0,0,0,0,29.0,13.8,4,0,0,90.8,6,1,0,43,4,117,215,11,0,0,11,0,101,204,4,94,56,5,19,1,10,1,0,93,41,15.5
Key Crowell,198341,CB,E CAROLINA,10,3,0,57.1,0,0,156,0,0,66.7,64.1,80.5,59.9,48.4,26.5,0,0,0,0,14.0,44.4,4,1,1,74.7,4,0,0,8,171,112,181,1,0,0,1,0,0,180,1,68,0,2,2,0,7,0,0,42,27,10.5
Jacoby Martin,198344,DI,E CAROLINA,1,0,0,,0,0,156,0,0,,30.8,0.0,58.4,57.8,,0,0,0,0,,,0,0,1,0.0,0,0,0,0,0,0,5,5,0,3,2,0,0,0,3,2,0,0,0,0,0,0,0,0,0,
Angelo Ross,198347,CB,E CAROLINA,3,0,0,50.0,0,0,156,0,0,92.7,88.5,0.0,,62.5,76.6,0,0,0,1,9.0,0.0,0,0,2,22.9,1,0,0,2,23,12,25,0,0,0,0,0,0,25,0,13,0,0,2,0,2,0,0,9,2,9.0
Dominick Moody,198349,DI,E CAROLINA,2,0,0,,0,0,156,0,0,,68.7,72.4,57.3,69.7,70.1,0,0,0,0,,0.0,0,0,0,0.0,0,0,0,0,0,0,11,11,6,4,0,1,0,0,8,3,0,1,1,1,0,0,0,0,0,
Derrion Horsley,198355,CB,E CAROLINA,3,0,0,80.0,0,0,156,0,0,68.8,69.7,75.3,,65.1,81.7,0,0,0,0,4.0,0.0,0,0,0,79.2,4,0,0,2,39,27,41,0,0,0,0,0,0,41,0,14,0,3,6,0,5,0,0,13,8,3.3
Josiah Dwyer,198358,DI,E CAROLINA,1,0,0,,0,0,156,0,0,,59.9,67.5,60.0,60.0,,0,0,0,0,,,0,0,0,0.0,0,0,0,0,0,0,3,3,0,2,0,1,0,0,1,2,0,0,0,0,0,0,0,0,0,
Dylon Worthen,198359,ED,E CAROLINA,1,0,0,100.0,0,0,156,0,0,64.2,66.7,77.1,59.5,60.0,32.7,0,0,0,0,10.0,33.3,1,0,0,86.1,3,0,0,0,0,9,12,6,0,0,6,0,0,6,2,1,6,2,2,0,3,0,0,14,7,4.7
Landon Lewis,198360,ED,E CAROLINA,1,0,0,,0,1,156,0,0,61.2,97.7,70.8,59.8,97.7,76.4,0,0,0,0,,0.0,0,0,0,0.0,0,0,0,3,0,3,8,5,0,0,5,0,0,3,1,4,0,0,2,0,0,0,0,0,0,
Kendric Davis,198362,LB,E CAROLINA,1,0,0,,0,0,156,0,0,72.3,75.2,66.6,60.0,61.1,74.3,0,0,0,0,,0.0,0,0,0,0.0,0,0,0,8,0,3,8,0,0,0,0,0,0,8,1,4,0,1,1,0,0,0,0,0,0,
Jordan Miles,198364,LB,E CAROLINA,5,3,0,100.0,0,0,156,0,0,67.2,63.5,76.9,69.9,52.9,45.2,1,1,0,0,5.0,25.0,3,0,0,83.3,2,0,0,53,0,22,59,2,0,0,2,0,1,57,8,29,3,4,6,0,2,2,0,8,2,4.0
Duke Clayton,198368,ED,E MICHIGAN,4,1,0,,0,0,160,0,0,,67.0,77.1,55.7,70.7,76.5,1,0,0,0,,0.0,0,0,0,0.0,0,0,0,0,0,0,29,29,0,0,29,0,0,0,14,15,0,3,3,0,0,1,0,0,0,
Zavian Dilworth,198371,CB,E MICHIGAN,2,1,0,,0,0,160,0,0,64.1,65.0,69.1,,60.0,75.1,0,0,0,0,,0.0,0,0,0,0.0,0,0,0,0,5,3,6,0,0,0,0,0,0,6,0,3,1,0,0,0,0,0,0,0,0,
Tylan Boykin,198373,S,E MICHIGAN,3,1,0,,0,0,160,0,0,34.2,45.9,73.1,,63.2,57.9,0,0,0,0,,20.0,1,0,0,0.0,0,0,0,7,0,6,20,0,0,0,0,0,12,20,0,14,1,1,3,0,0,0,0,0,0,
Donmiel Rogers,198374,CB,E MICHIGAN,8,3,0,41.7,0,0,160,0,0,46.4,50.5,82.7,63.5,62.9,44.2,0,0,0,0,35.0,25.0,3,0,1,99.3,5,0,0,8,77,83,185,3,0,0,3,0,1,182,5,97,96,2,6,0,12,0,1,100,14,20.0
Quincy Byas,198375,ED,E MICHIGAN,11,6,0,50.0,0,0,160,0,0,62.0,66.2,85.6,74.6,56.2,51.2,4,8,0,0,15.0,23.1,6,0,0,75.0,1,3,0,22,0,10,287,262,0,2,254,6,0,25,126,151,3,14,14,2,2,15,0,15,17,15.0
Christian Kiptoo,198382,DI,E MICHIGAN,1,0,0,,0,0,160,0,0,,60.0,64.7,,60.0,,0,0,0,0,,,0,0,0,0.0,0,0,0,0,0,0,1,1,0,1,0,0,0,0,0,1,0,0,0,0,0,0,0,0,0,
Hector Gonzalez,198390,ED,E MICHIGAN,10,3,1,,0,0,160,0,0,60.0,58.3,84.3,55.6,58.4,29.7,0,3,0,0,,27.8,5,0,1,0.0,0,0,0,2,0,1,261,259,0,9,226,24,0,2,87,173,0,7,10,1,0,3,0,0,0,
Andre Brown,198391,WR,FIU,1,0,0,,0,0,166,0,0,,60.0,60.0,60.0,,,0,0,0,0,,,0,0,0,0.0,0,0,0,0,0,0,1,0,0,0,0,0,0,1,1,0,0,0,0,0,0,0,0,0,0,
Kenton Simmons,198393,ED,FIU,12,3,2,100.0,0,0,166,0,0,61.0,62.4,74.8,65.2,56.4,49.4,5,27,0,0,20.0,31.8,7,0,1,118.8,1,6,0,22,0,29,596,565,5,5,545,10,0,31,341,226,8,16,12,2,1,38,0,20,6,20.0
Ormond Wallace,198396,S,FIU,6,1,0,100.0,0,0,166,0,0,62.1,51.5,77.4,,33.4,29.2,0,0,0,0,12.0,40.0,2,0,0,116.7,1,0,0,18,1,24,47,3,0,0,3,0,14,44,0,23,11,0,2,0,1,0,0,12,1,12.0
Xion Chapman,198397,DI,FIU,11,9,1,,0,1,166,0,0,60.0,71.5,84.3,76.4,60.2,62.9,3,18,0,0,,11.1,2,0,0,0.0,0,2,0,0,0,0,294,293,56,205,4,28,0,1,189,105,0,5,7,0,0,23,0,0,0,
Jessiah McGrew,198400,S,FIU,12,19,0,60.0,0,2,166,0,0,82.5,72.5,88.1,72.9,47.2,53.4,0,2,0,4,61.0,18.9,18,5,1,85.8,18,0,0,264,1,449,769,8,0,0,8,0,375,761,7,313,120,13,58,1,30,2,3,288,117,16.0
Anthony Smith,198406,DI,FIU,4,0,0,,0,0,166,0,0,,53.4,76.0,54.3,54.8,,0,0,0,0,,,0,0,0,0.0,0,0,0,0,0,0,34,34,8,17,0,9,0,0,15,19,0,0,0,0,0,0,0,0,0,
King Massey,198407,DI,FIU,1,0,0,,0,0,166,0,0,,62.3,70.1,59.0,61.6,71.5,0,0,0,0,,0.0,0,0,0,0.0,0,0,0,0,0,0,4,4,0,0,4,0,0,0,2,2,0,0,1,0,0,0,0,0,0,
Tyson Carter,198409,WR,FIU,1,0,0,,0,0,166,0,0,,60.0,60.0,60.0,,,0,0,0,0,,,0,0,0,0.0,0,0,0,0,0,0,1,0,0,0,0,0,0,1,1,0,0,0,0,0,0,0,0,0,0,
Cam Davis,198415,LB,FIU,1,1,0,,0,0,166,0,0,60.8,65.3,68.0,60.0,64.6,73.2,0,0,0,0,,0.0,0,0,0,0.0,0,0,0,6,0,3,6,0,0,0,0,0,0,6,1,2,0,0,0,0,0,0,0,0,0,
Kani Smith,198417,LB,FIU,2,0,0,,0,0,166,0,0,,60.0,60.0,60.0,60.0,,0,0,0,0,,,0,0,0,0.0,0,0,0,0,0,0,2,0,0,0,0,0,0,2,1,1,0,0,0,0,0,0,0,0,0,
Tyeland Coleman,198422,DI,FLORIDA ST,3,0,0,,0,0,167,0,0,59.2,66.8,76.5,59.7,72.6,37.9,0,1,0,0,,0.0,0,0,0,0.0,0,1,0,0,0,2,44,44,7,19,11,7,0,0,24,18,0,2,1,0,0,2,0,0,0,
Antonio Cromartie Jr.,198424,S,FLORIDA ST,2,2,0,33.3,0,0,167,0,0,61.4,60.3,74.4,,57.6,79.5,0,0,0,0,24.0,0.0,0,0,0,63.2,1,0,0,16,0,14,28,0,0,0,0,0,3,28,0,14,9,0,1,0,3,0,0,24,1,24.0
Darryll Desir,198425,ED,FLORIDA ST,12,5,0,,0,0,167,0,0,61.8,66.3,85.0,68.5,60.2,64.9,5,15,0,0,,13.0,3,0,0,0.0,0,0,0,0,0,3,300,300,3,29,226,42,0,0,142,155,0,11,15,2,0,20,0,0,0,
Mandrell Desir,198426,DI,FLORIDA ST,12,4,0,100.0,0,1,167,0,0,56.9,57.4,58.0,69.5,48.3,40.9,3,15,0,0,15.0,25.0,7,0,1,118.8,1,6,0,0,0,4,339,339,12,213,47,67,0,0,187,148,0,18,17,1,1,24,0,15,0,15.0
Shamar Arnoux,198427,CB,FLORIDA ST,11,5,0,54.2,0,0,167,0,0,60.0,60.3,83.6,52.8,61.3,68.5,0,2,0,0,23.0,16.1,5,1,2,97.9,13,0,0,35,284,167,345,6,0,0,6,0,3,339,5,173,17,6,21,0,24,2,2,132,39,10.2
Zae Thomas,198428,CB,FLORIDA ST,2,0,0,,0,0,167,0,0,63.2,63.9,70.5,,60.0,,0,0,0,0,,,0,0,0,0.0,0,0,0,0,9,5,9,0,0,0,0,0,0,9,0,4,0,0,0,0,0,0,0,0,0,
Kevin Wynn,198431,DI,FLORIDA ST,4,1,1,,0,0,167,0,0,,49.3,0.0,60.5,52.1,72.9,0,0,0,0,,0.0,0,0,1,0.0,0,0,0,0,0,0,40,40,12,26,0,2,0,0,21,19,0,0,0,0,0,0,0,0,0,
L A Jessie Harrold,198432,ED,FLORIDA ST,1,0,0,,0,0,167,0,0,,67.3,68.5,66.9,,,0,1,0,0,,,0,0,0,0.0,0,0,0,0,0,0,3,3,0,0,3,0,0,0,3,0,0,0,0,0,0,1,0,0,0,
Max Redmon,198434,S,FLORIDA ST,2,0,0,,0,0,167,0,0,63.8,66.4,73.0,,65.7,76.4,0,0,0,0,,0.0,0,0,0,0.0,0,0,0,7,0,9,20,0,0,0,0,0,12,20,0,11,1,0,1,0,0,0,0,0,0,
Tylon Lee,198444,DI,FLORIDA ST,3,1,0,,0,0,167,0,0,,74.1,0.0,62.1,83.7,74.4,0,0,0,0,,0.0,0,0,1,0.0,0,0,0,0,0,0,20,20,0,11,4,5,0,0,11,9,0,1,1,0,0,0,0,0,0,
Logan Goodspeed,198450,DI,FRESNO ST,3,0,0,,0,0,169,0,0,,57.0,73.5,66.2,51.0,22.5,1,1,0,0,,50.0,1,0,0,0.0,0,0,0,0,0,0,21,21,0,19,0,2,0,0,12,9,0,1,1,0,0,2,0,0,0,
Bryson Harrington,198453,ED,FRESNO ST,1,0,0,,0,0,169,0,0,,61.3,66.5,,60.0,,0,0,0,0,,,0,0,0,0.0,0,0,0,0,0,0,2,2,0,2,0,0,0,0,0,2,0,0,0,0,0,0,0,0,0,
Dominick Kelly,198459,CB,GEORGIA,5,0,0,42.9,1,0,173,0,0,57.3,58.2,77.1,,63.2,76.6,0,0,0,0,38.0,0.0,0,3,3,120.8,3,0,0,1,57,40,61,0,0,0,0,0,0,61,0,21,3,0,2,0,7,0,1,73,5,24.3
Jontae Gilbert,198461,CB,GEORGIA,1,0,0,,0,0,173,0,0,62.6,63.5,68.5,,60.0,,0,0,0,0,,,0,0,0,0.0,0,0,0,1,5,3,6,0,0,0,0,0,0,6,0,3,0,0,0,0,0,0,0,0,0,
Chase Linton,198462,ED,GEORGIA,1,0,0,,0,0,173,0,0,60.0,58.9,71.1,58.8,60.0,,0,0,0,0,,,0,0,0,0.0,0,0,0,1,0,1,4,3,0,0,3,0,0,1,2,1,0,0,0,0,0,0,0,0,0,
AJ Kruah,198464,LB,GEORGIA,2,0,0,,0,0,173,0,0,60.0,63.7,67.2,,61.4,,0,0,0,0,,,0,0,0,0.0,0,0,0,4,0,1,4,0,0,0,0,0,0,4,0,3,0,0,0,0,0,0,0,0,0,
Jaylan Morgan,198472,S,GEORGIA,1,0,0,0.0,0,0,173,0,0,63.9,64.1,71.4,,60.0,,0,0,0,0,,,0,0,0,39.6,0,0,0,3,0,7,11,0,0,0,0,0,7,11,0,4,1,0,0,0,1,0,0,0,0,
Isaiah Gibson,198476,ED,GEORGIA,3,1,0,,0,0,173,0,0,60.0,61.6,76.4,59.0,62.1,73.0,0,1,0,0,,0.0,0,0,0,0.0,0,0,0,0,0,1,20,20,0,0,20,0,0,0,12,7,0,0,0,0,0,1,0,0,0,
Darren Ikinnagbon,198478,ED,GEORGIA,4,1,0,,0,0,173,0,0,64.0,62.6,78.8,52.8,66.8,49.1,0,0,0,0,,0.0,0,0,0,0.0,0,0,0,1,0,4,29,26,0,0,26,0,0,3,13,12,2,1,1,0,0,0,0,0,0,
Zayden Walker,198480,LB,GEORGIA,7,1,0,100.0,0,1,173,0,0,63.9,52.6,0.0,57.2,50.8,80.2,1,4,0,0,4.0,0.0,0,0,1,81.3,2,1,0,32,0,12,57,24,0,0,24,0,0,33,33,12,1,4,3,0,2,6,0,7,6,3.5
Elijah Griffin,198481,DI,GEORGIA,12,4,1,,0,0,173,0,0,60.0,69.3,54.5,66.0,70.2,50.9,3,8,0,0,,18.8,3,0,1,0.0,0,1,0,0,0,0,295,295,48,200,4,43,0,0,176,119,0,6,9,1,0,12,0,0,0,
Adrian Hill,198488,DI,FAU,1,0,0,,0,0,165,0,0,,60.0,67.8,,60.0,,0,0,0,0,,,0,0,0,0.0,0,0,0,0,0,0,2,2,2,0,0,0,0,0,0,2,0,0,0,0,0,0,0,0,0,
Julian Smith,198492,S,HAWAII,3,0,0,,0,0,180,0,0,63.4,50.0,0.0,,57.3,,0,0,0,0,,,0,0,1,0.0,0,0,0,6,0,9,14,0,0,0,0,0,5,14,0,5,3,0,0,0,0,0,0,0,0,
Kainoa Ontai,198493,CB,HAWAII,2,0,0,0.0,0,0,180,0,0,62.1,64.6,69.4,,61.7,74.2,0,0,0,0,,0.0,0,0,0,39.6,0,0,0,0,6,4,6,0,0,0,0,0,0,6,0,2,0,0,1,0,1,0,0,0,0,
Matteus Ioane,198495,LB,HAWAII,1,0,0,100.0,0,0,180,0,0,45.5,43.5,67.3,,60.0,73.1,0,0,0,0,20.0,0.0,0,0,0,118.8,1,0,0,8,0,7,8,0,0,0,0,0,0,8,0,1,0,0,1,0,1,0,0,20,4,20.0
Waipehe Winchester,198496,DI,HAWAII,3,0,0,,0,0,180,0,0,,69.8,70.5,58.2,69.1,69.7,0,0,0,0,,0.0,0,0,0,0.0,0,0,0,0,0,0,8,8,0,6,0,2,0,0,3,5,0,1,1,0,0,0,0,0,0,
Ismael Kante,198502,ED,ILLINOIS,9,2,0,100.0,0,0,187,0,0,74.7,63.8,79.8,52.0,54.8,79.8,1,1,0,0,5.0,0.0,0,1,0,87.5,1,0,0,29,0,18,52,20,0,0,20,0,0,32,11,23,3,2,3,0,1,2,0,5,2,5.0
Isaiah White,198504,DI,ILLINOIS,1,0,0,,0,0,187,0,0,,61.4,69.1,,60.5,,0,0,0,0,,,0,0,0,0.0,0,0,0,0,0,0,2,2,2,0,0,0,0,0,0,2,0,0,0,0,0,0,0,0,0,
Cameron Brooks,198505,DI,ILLINOIS,1,0,0,,0,0,187,0,0,,62.3,67.4,,61.2,,0,0,0,0,,,0,0,0,0.0,0,0,0,0,0,0,3,3,0,3,0,0,0,0,0,3,0,0,0,0,0,0,0,0,0,
Grant Beerman,198511,LB,ILLINOIS,4,0,0,0.0,0,0,187,0,0,61.8,70.1,74.1,66.9,66.1,,0,0,0,0,,,0,0,0,39.6,0,0,0,13,0,6,15,2,0,0,2,0,0,13,2,7,0,0,0,0,1,0,0,0,0,
Xanai Scott,198516,S,ILLINOIS,2,0,0,,0,0,187,0,0,,62.7,71.2,,62.4,,0,0,0,0,,,0,0,0,0.0,0,0,0,5,0,0,12,0,0,0,0,0,7,12,0,12,0,0,0,0,0,0,0,0,0,
Kyler Garcia,198524,DI,INDIANA,1,0,0,,0,0,190,0,0,,66.0,69.1,,64.3,,0,0,0,0,,,0,0,0,0.0,0,0,0,0,0,0,5,5,0,5,0,0,0,0,0,5,0,0,0,0,0,0,0,0,0,
Tyrone Burrus Jr.,198525,DI,INDIANA,1,0,0,,0,0,190,0,0,61.2,64.9,73.3,54.3,60.0,71.5,0,0,0,0,,0.0,0,0,0,0.0,0,0,0,0,0,0,12,12,0,0,11,1,0,0,11,1,0,1,1,0,0,0,0,0,0,
Garrett Reese,198529,S,INDIANA,1,0,0,,0,0,190,1,0,70.1,76.8,67.3,,60.0,,0,0,0,0,,,0,0,0,0.0,0,0,0,6,0,2,6,0,0,0,0,0,0,6,0,4,0,0,0,0,0,0,0,0,0,
Byron Baldwin Jr.,198533,CB,INDIANA,3,1,0,75.0,0,0,190,1,0,63.3,59.3,78.9,55.3,50.8,63.2,0,0,0,0,18.0,20.0,1,0,0,92.7,3,0,0,4,0,25,37,5,0,0,5,0,0,32,4,8,28,2,3,1,4,0,0,27,33,9.0
Jaylen Bell,198543,CB,INDIANA,6,0,0,,0,0,190,0,0,65.7,68.8,74.9,60.0,72.1,53.8,0,1,0,0,,25.0,1,0,0,0.0,0,0,0,11,23,27,51,0,0,0,0,0,0,51,1,23,16,0,3,0,0,1,0,0,0,
Joshua Patterson,198560,S,IOWA STATE,4,0,0,63.6,0,0,193,0,0,58.7,60.4,80.7,,64.0,44.2,0,0,0,1,15.0,33.3,2,2,0,40.3,7,0,0,31,1,58,114,0,0,0,0,0,30,114,0,56,52,0,4,0,11,0,0,61,46,8.7
Ka'Mori Moore,198569,DI,IOWA STATE,3,0,0,,0,0,193,0,0,,49.7,73.4,57.9,50.8,,0,0,0,0,,,0,0,0,0.0,0,0,0,0,0,0,13,13,10,3,0,0,0,0,3,10,0,0,0,0,0,0,0,0,0,
Myles Butler,198570,LB,JVILLE ST,11,8,0,55.6,0,0,196,1,0,75.4,65.1,81.3,65.0,50.4,50.1,1,5,0,1,17.0,19.4,6,1,0,69.0,5,0,0,229,0,121,259,13,0,0,13,0,0,246,32,106,16,8,17,0,9,6,1,50,11,10.0
Riggs Dunn,198571,S,JVILLE ST,3,1,0,,0,0,196,0,0,74.0,73.7,65.9,,60.0,74.8,0,0,0,0,,0.0,0,0,0,0.0,0,0,0,2,0,2,5,0,0,0,0,0,1,5,0,3,1,0,0,0,0,0,0,0,0,
Emmanuel Oyebadejo,198573,ED,JVILLE ST,12,8,6,100.0,0,2,196,0,0,66.6,79.7,52.7,72.6,78.6,57.8,5,19,0,0,8.0,15.4,6,0,2,100.0,1,5,0,1,0,9,570,569,1,68,257,243,0,1,318,243,0,23,25,2,1,29,0,8,4,8.0
RJ Rainer,198576,CB,JVILLE ST,8,1,0,87.5,0,0,196,0,0,58.6,60.5,79.7,,70.5,63.0,0,0,0,0,31.0,16.7,2,0,2,118.8,7,0,0,7,111,84,124,0,0,0,0,0,1,124,0,40,4,3,9,0,8,0,0,110,23,15.7
Temarion Foster,198577,CB,JVILLE ST,1,0,0,,0,0,196,0,0,61.5,62.3,66.9,,60.0,,0,0,0,0,,,0,0,0,0.0,0,0,0,0,3,2,3,0,0,0,0,0,0,3,0,1,0,0,0,0,0,0,0,0,0,
Adrian Holley,198592,DI,KANSAS,1,0,0,,0,0,198,0,0,,50.6,67.4,,55.5,,0,0,0,0,,,0,0,0,0.0,0,0,0,0,0,0,3,3,0,3,0,0,0,0,0,3,0,0,0,0,0,0,0,0,0,
Patrick Tackie,198594,DI,KANSAS ST,1,0,0,,0,0,199,0,0,,50.5,68.2,59.8,55.4,,0,0,0,0,,,0,0,0,0.0,0,0,0,0,0,0,4,4,0,4,0,0,0,0,1,3,0,0,0,0,0,0,0,0,0,
Weston Polk,198597,LB,KANSAS ST,1,0,0,,0,0,199,0,0,,60.0,60.0,,60.0,,0,0,0,0,,,0,0,0,0.0,0,0,0,0,0,0,1,0,0,0,0,0,0,1,0,1,0,0,0,0,0,0,0,0,0,
Logan Bartley,198599,S,KANSAS ST,11,4,0,71.4,0,0,199,0,0,73.8,68.0,0.0,59.0,60.7,73.9,0,0,0,0,27.0,9.1,2,1,1,94.3,5,0,0,79,1,79,154,3,0,0,3,0,47,151,2,73,24,7,16,1,7,0,0,55,14,11.0
Clayton Coppock Jr.,198608,WR,KENNESAW,1,0,0,,0,0,200,0,0,,60.0,65.7,60.0,,,0,0,0,0,,,0,0,2,0.0,0,0,0,0,0,0,1,1,0,0,1,0,0,0,1,0,0,0,0,0,0,0,0,0,0,
Jackson Cooper,198613,DI,KENNESAW,12,1,0,,0,0,200,0,0,60.0,47.3,82.2,55.2,42.6,48.8,0,1,0,0,,20.0,1,0,0,0.0,0,0,0,0,0,0,189,189,73,114,0,2,0,0,99,90,0,3,3,0,0,1,0,0,0,
Tay'vion Lawson,198615,CB,KENNESAW,8,2,0,25.0,0,0,200,0,0,59.3,59.4,78.7,,58.9,50.8,0,0,0,0,50.0,27.3,3,0,0,79.2,1,0,0,5,89,49,99,1,0,0,1,0,2,98,0,50,1,4,6,0,4,0,0,50,4,50.0
Elijah Hill,198617,ED,KENNESAW,12,1,0,100.0,0,0,200,0,0,49.4,70.7,54.2,88.3,36.2,27.9,3,22,0,0,6.0,58.3,7,0,1,131.3,1,9,0,2,0,2,263,261,0,18,209,34,0,2,194,67,0,10,4,2,1,34,1,6,5,6.0
Tanner Mintz,198628,LB,KENT STATE,1,0,0,,0,0,201,0,0,,61.3,64.6,,60.0,,0,0,0,0,,,0,0,0,0.0,0,0,0,2,0,0,2,0,0,0,0,0,0,2,0,2,0,0,0,0,0,0,0,0,0,
Derrick Jackson III,198634,S,KENT STATE,12,6,0,72.2,0,0,201,0,0,54.2,57.1,85.8,49.8,62.6,68.0,0,1,0,1,33.0,15.7,8,2,1,93.5,13,0,0,332,0,313,575,7,0,0,7,0,125,568,8,254,111,14,37,2,18,1,1,155,71,11.9
Joel Cordoba,198640,S,KENT STATE,12,11,1,57.1,0,0,201,0,0,43.0,50.3,0.0,84.2,64.7,77.2,1,0,0,0,50.0,11.0,8,2,3,114.9,16,0,0,255,1,293,552,0,0,0,0,0,254,552,3,256,42,17,54,2,28,1,2,278,105,17.4
Darian Blachewicz,198644,DI,KENT STATE,12,10,2,,0,1,201,0,0,60.0,69.2,44.1,73.1,64.7,60.6,1,9,0,0,,12.5,3,0,1,0.0,0,2,0,0,0,0,214,214,19,160,1,34,0,0,101,113,0,8,11,2,0,12,0,0,0,
Myke Gunn,198653,CB,LIBERTY,2,0,0,,0,0,206,0,0,63.8,64.5,71.0,,60.0,,0,0,0,0,,,0,0,0,0.0,0,0,0,0,10,6,10,0,0,0,0,0,0,10,0,4,0,0,0,0,0,0,0,0,0,
Gavin Askew,198659,DI,LIBERTY,1,0,0,,0,0,206,0,0,,50.9,66.6,60.0,60.0,,0,0,0,0,,,0,0,0,0.0,0,0,0,0,0,0,2,2,0,2,0,0,0,0,1,1,0,0,0,0,0,0,0,0,0,
Kam Cullins,198667,DI,LIBERTY,9,2,1,,0,0,206,0,0,,49.8,0.0,58.2,55.3,76.3,0,2,0,0,,0.0,0,0,2,0.0,0,0,0,0,0,0,80,80,40,39,0,1,0,0,40,40,0,2,5,0,0,2,0,0,0,
Samuel Cohen,198669,ED,LIBERTY,11,2,0,,0,0,206,0,0,60.2,57.2,79.3,62.8,52.1,76.3,0,4,0,0,,0.0,0,0,0,0.0,0,0,0,0,0,1,75,75,0,10,40,25,0,0,33,41,0,2,2,0,0,4,0,0,0,
Amari Butler,198676,CB,LA TECH,12,1,0,52.0,0,1,208,0,0,59.2,61.1,22.2,,74.5,51.5,0,0,0,0,51.0,19.2,5,2,1,98.1,13,0,0,31,286,216,351,4,0,0,4,0,0,347,0,135,30,8,20,1,25,0,1,236,97,18.2
Jordan McRae,198677,S,LA TECH,7,2,0,57.1,0,0,208,0,0,62.3,64.0,78.9,,66.8,79.0,0,0,0,0,15.0,0.0,0,1,0,71.1,4,0,0,16,1,34,61,0,0,0,0,0,9,61,0,27,34,1,1,0,7,0,0,36,12,9.0
Emmanuel Oguns,198680,ED,LA TECH,12,5,1,,0,0,208,0,0,60.0,58.0,85.8,58.5,57.7,31.0,1,7,0,0,,26.9,7,0,0,0.0,0,1,0,2,0,0,410,408,0,69,202,137,0,2,235,175,0,10,14,2,0,9,0,0,0,
Luke Watkins,198688,WR,LA TECH,1,0,0,,0,0,208,0,0,,60.0,60.0,,60.0,,0,0,0,0,,,0,0,0,0.0,0,0,0,0,0,0,1,0,0,0,0,0,0,1,0,1,0,0,0,0,0,0,0,0,0,
Zheric Hill,198693,LB,LA TECH,9,7,0,88.9,0,0,208,0,0,44.9,55.8,0.0,57.4,76.6,44.5,3,5,0,0,23.0,21.9,7,0,2,142.6,8,0,0,210,0,95,277,30,0,0,30,0,1,247,77,105,36,8,18,0,9,8,1,84,27,10.5
Cam White,198697,LB,LOUISVILLE,3,0,0,50.0,0,0,210,0,0,77.3,79.1,91.4,59.5,64.3,73.1,0,0,0,0,5.0,0.0,0,1,0,56.3,1,0,0,13,0,8,16,0,0,0,0,0,0,16,1,7,2,1,1,0,2,0,0,5,9,5.0
Bailey Abercrombie,198702,DI,LOUISVILLE,1,0,0,,0,0,210,0,0,,38.7,69.1,59.8,53.1,,0,0,0,0,,,0,0,0,0.0,0,0,0,0,0,0,4,4,2,2,0,0,0,0,2,2,0,0,0,0,0,0,0,0,0,
Eric Hazzard,198703,ED,LOUISVILLE,2,0,0,,0,0,210,0,0,61.2,68.2,72.3,58.3,65.2,75.2,0,0,0,0,,0.0,0,0,0,0.0,0,0,0,0,0,1,7,6,0,0,6,0,0,1,3,3,0,1,2,0,0,0,0,0,0,
Caleb Matelau,198709,LB,LOUISVILLE,1,0,0,100.0,0,0,210,0,0,30.0,25.8,66.1,,,20.1,0,0,0,0,29.0,100.0,1,0,0,118.8,2,0,0,2,0,2,2,0,0,0,0,0,0,2,0,0,0,0,0,0,2,0,0,43,11,21.5
Ben Turner,198713,WR,MARSHALL,1,0,0,,0,0,214,1,0,,55.5,60.0,,58.8,22.5,0,0,0,0,,100.0,1,0,0,0.0,0,0,0,0,0,0,1,0,0,0,0,0,0,1,0,1,0,0,0,0,0,0,0,0,0,
Louikenzy Jules,198714,S,MARSHALL,2,0,0,100.0,0,0,214,0,0,65.6,66.0,73.7,,60.0,74.8,0,0,0,0,5.0,0.0,0,0,0,87.5,1,0,0,1,0,7,9,0,0,0,0,0,1,9,0,2,7,1,1,0,1,0,0,5,5,5.0
Bryce Jenkins,198723,DI,MARYLAND,8,4,0,,1,0,215,0,0,60.0,63.0,0.0,58.7,74.2,63.0,0,2,0,0,,10.0,1,0,4,0.0,0,0,0,1,0,0,151,150,47,101,0,2,0,1,64,87,0,4,5,1,0,2,0,0,0,
Carlton Smith,198725,LB,MARYLAND,12,12,0,90.9,0,0,215,0,0,33.8,57.7,81.3,64.9,76.0,81.5,3,3,0,0,25.0,7.7,5,0,0,105.1,20,1,0,437,1,223,466,4,0,0,4,0,2,462,29,214,22,23,48,2,22,7,0,203,129,10.2
Messiah Delhomme,198728,S,MARYLAND,12,6,0,65.4,0,0,215,1,0,57.9,62.2,82.1,56.4,69.4,90.2,1,0,0,1,23.0,2.8,1,3,0,111.1,17,0,0,135,2,195,375,1,0,0,1,0,184,374,5,175,52,8,29,1,26,1,4,193,34,11.4
Nahsir Taylor,198730,ED,MARYLAND,11,5,0,100.0,1,0,215,0,0,60.4,65.7,9.2,78.5,56.2,28.7,3,6,0,0,19.0,32.0,8,0,3,118.8,1,3,0,1,0,6,270,267,0,0,265,2,0,3,135,129,2,10,12,1,1,12,0,19,10,19.0
Sidney Stewart,198731,ED,MARYLAND,12,9,2,100.0,1,1,215,0,0,47.5,63.3,24.1,74.9,60.8,50.0,7,29,0,0,14.0,26.5,9,0,4,139.6,4,5,1,50,0,63,585,519,0,0,518,1,0,66,252,270,16,16,16,3,4,41,1,32,24,8.0
Jeremiah Jordan,198733,CB,MEMPHIS,10,6,0,52.6,0,0,218,0,0,63.4,66.6,85.7,,73.5,82.8,0,0,0,0,31.0,4.2,1,3,5,87.6,10,0,0,101,33,197,343,1,0,0,1,0,13,342,0,146,195,4,17,2,19,0,1,110,18,11.0
Ian Williams,198743,S,MEMPHIS,4,0,0,100.0,0,0,218,0,0,72.2,77.9,68.8,,60.0,75.1,0,0,0,0,4.0,0.0,0,0,0,83.3,1,0,0,6,0,4,9,0,0,0,0,0,0,9,0,5,2,1,1,0,1,0,0,4,6,4.0
Anthony Ludington,198765,ED,MIAMI OH,1,0,0,,0,0,221,0,0,,58.3,67.2,58.2,,,0,0,0,0,,,0,0,0,0.0,0,0,0,0,0,0,2,2,0,0,1,1,0,0,2,0,0,0,0,0,0,0,0,0,0,
Jerome Smith,198767,S,MIAMI OH,1,0,0,,0,0,221,0,0,62.6,65.3,68.6,,63.3,74.3,0,0,0,0,,0.0,0,0,0,0.0,0,0,0,2,6,4,8,0,0,0,0,0,0,8,0,4,0,0,1,0,0,0,0,0,0,
Antwon Thomas,198770,WR,MIAMI OH,1,0,0,,0,0,221,0,0,,60.0,60.0,,60.0,,0,0,0,0,,,0,0,0,0.0,0,0,0,0,0,0,1,0,0,0,0,0,0,1,0,1,0,0,0,0,0,0,0,0,0,
Aariz Taylor,198771,DI,MIAMI OH,1,0,0,,0,0,221,0,0,,67.1,67.8,66.8,,,0,0,0,0,,,0,0,0,0.0,0,0,0,0,0,0,3,3,0,3,0,0,0,0,3,0,0,0,0,0,0,0,0,0,0,
Carmine Orozco,198779,DI,MIAMI OH,3,1,0,,0,0,221,0,0,,70.1,72.8,57.8,71.9,69.7,0,0,0,0,,0.0,0,0,0,0.0,0,0,0,0,0,0,17,17,1,16,0,0,0,0,9,8,0,0,0,0,0,0,0,0,0,
Khory Moss,198781,CB,MIAMI OH,2,0,0,0.0,0,0,221,0,0,70.8,71.5,72.0,,60.0,,0,0,0,0,,,0,0,0,39.6,0,0,0,0,14,8,14,0,0,0,0,0,0,14,0,6,0,0,0,0,1,0,0,0,0,
Adrian Walker Jr.,198789,CB,MIAMI OH,11,3,0,60.9,0,0,221,0,0,63.8,66.4,84.5,,75.7,66.2,0,0,0,1,26.0,13.6,3,1,3,63.7,14,0,0,13,213,162,255,0,0,0,0,0,6,255,0,93,22,2,16,0,23,0,0,160,64,11.4
Jordan Young,198792,S,MICHIGAN,9,4,0,75.0,0,0,222,0,0,56.3,60.6,80.4,,74.3,49.6,0,0,0,0,31.0,23.1,3,1,0,127.4,9,0,0,19,2,71,104,0,0,0,0,0,59,104,0,33,24,4,6,0,12,0,1,101,32,11.2
Travis Moten,198794,DI,MICHIGAN,1,0,0,,0,0,222,0,0,,60.0,65.8,,60.0,,0,0,0,0,,,0,0,0,0.0,0,0,0,0,0,0,1,1,1,0,0,0,0,0,0,1,0,0,0,0,0,0,0,0,0,
Nathaniel Owusu-Boateng,198797,LB,MICHIGAN,4,0,0,0.0,0,0,222,0,0,47.3,47.9,77.9,55.1,55.4,27.6,1,1,0,0,,50.0,2,0,0,39.6,0,0,0,53,0,23,61,5,0,0,5,0,0,56,12,26,3,1,2,0,1,2,0,0,0,
Chase Taylor,198799,LB,MICHIGAN,7,3,0,100.0,0,0,222,0,0,46.4,62.3,84.1,55.8,79.6,61.2,0,1,0,0,6.0,12.5,1,0,0,91.7,2,0,0,51,0,27,61,8,0,0,8,0,0,53,4,30,1,2,4,0,2,1,0,12,4,6.0
Shamari Earls,198801,CB,MICHIGAN,5,0,0,40.0,0,0,222,0,0,53.3,54.6,76.2,,62.5,,0,0,0,0,15.0,,0,0,2,52.9,2,0,0,10,46,43,60,0,0,0,0,0,0,60,0,17,4,0,0,0,5,0,0,21,2,10.5
Bobby Kanka,198805,DI,MICHIGAN,1,0,0,,0,0,222,0,0,,68.3,71.0,59.0,67.5,70.2,0,0,0,0,,0.0,0,0,0,0.0,0,0,0,0,0,0,9,9,0,8,0,1,0,0,2,7,0,1,1,1,0,0,0,0,0,
Aydan West,198809,CB,MICH STATE,11,5,0,72.0,0,0,223,0,0,63.9,62.7,84.1,51.0,57.7,66.1,0,2,0,0,48.0,12.0,3,0,1,141.8,18,0,0,20,344,230,381,11,0,0,11,0,0,370,6,145,6,5,17,0,25,2,3,241,76,13.4
Devan Carlisle,198816,CB,MIDDLE TN,9,0,0,83.3,1,1,224,1,0,52.1,56.2,0.0,60.0,89.0,51.7,0,0,0,0,64.0,20.0,2,0,3,146.5,10,0,0,8,143,93,159,1,0,0,1,0,0,158,1,65,6,2,8,0,12,0,1,200,57,20.0
Jaiyden Thompson,198824,LB,MIDDLE TN,4,2,0,,0,0,224,0,0,61.4,69.4,70.6,,69.6,75.8,0,0,0,0,,0.0,0,0,0,0.0,0,0,0,20,0,5,21,1,0,0,1,0,0,20,0,16,0,0,0,0,0,0,0,0,0,
Darnell Malpress,198833,ED,MIDDLE TN,1,0,0,,0,0,224,0,0,,59.9,70.5,59.8,60.0,,0,0,0,0,,,0,0,0,0.0,0,0,0,0,0,0,4,4,0,0,4,0,0,0,1,3,0,0,0,0,0,0,0,0,0,
Camari Hall,198836,CB,MIDDLE TN,4,1,0,50.0,0,0,224,0,0,60.0,61.7,77.7,,65.7,80.5,0,0,0,0,7.0,0.0,0,0,0,56.9,3,0,0,2,0,24,33,0,0,0,0,0,0,33,0,9,31,1,4,0,6,0,0,19,7,6.3
Christofer Noble,198845,S,MIDDLE TN,7,6,0,87.5,0,0,224,1,0,55.5,53.9,22.9,67.1,50.9,45.3,0,0,0,0,76.0,24.2,8,1,2,158.3,14,1,0,142,4,230,421,9,0,0,9,0,194,412,3,188,72,7,19,1,16,1,2,202,119,14.4
Locke Kennedy,198846,S,MIDDLE TN,2,0,0,,0,0,224,0,0,60.0,62.0,67.7,,60.0,,0,0,0,0,,,0,0,0,0.0,0,0,0,3,4,1,7,0,0,0,0,0,0,7,0,6,0,0,0,0,0,0,0,0,0,
Micah Smith,198853,LB,MIDDLE TN,1,0,0,,0,0,224,0,0,60.0,64.8,68.8,,63.0,,0,0,0,0,,,0,0,0,0.0,0,0,0,7,0,1,7,0,0,0,0,0,0,7,0,6,0,0,0,0,0,0,0,0,0,
Diesel Moye,198855,DI,MISS STATE,10,1,0,,0,0,227,0,0,,60.9,81.3,55.5,61.9,58.6,0,0,0,0,,12.5,1,0,0,0.0,0,0,0,0,0,0,128,128,60,68,0,0,0,0,42,86,0,3,6,0,0,0,0,0,0,
Montrell Chapman,198856,LB,MISS STATE,3,0,0,,0,0,227,0,0,55.9,51.9,72.0,,53.4,75.8,0,0,0,0,,0.0,0,0,0,0.0,0,0,0,8,0,10,14,0,0,0,0,0,0,14,0,4,6,1,1,0,0,0,0,0,0,
Jett Jefferson,198858,CB,MISS STATE,4,3,0,60.0,0,0,227,0,0,67.7,66.0,78.9,58.8,57.8,71.0,0,0,0,0,26.0,8.3,1,0,0,131.7,3,0,0,12,98,58,116,0,0,0,0,0,0,116,2,56,6,3,8,0,5,0,1,48,3,16.0
Dwight Lewis III,198859,CB,MISS STATE,4,1,0,50.0,0,0,227,1,0,57.5,61.6,76.4,,72.0,61.5,0,0,0,0,9.0,16.7,1,0,1,57.3,2,0,0,7,46,27,55,2,0,0,2,0,0,53,0,28,0,0,4,0,4,0,0,13,9,6.5
Ja'Bryis Stewart,198860,S,MISS STATE,2,1,0,,0,0,227,0,0,63.7,69.1,73.2,,70.6,78.7,0,0,0,0,,0.0,0,0,0,0.0,0,0,0,7,0,7,16,0,0,0,0,0,8,16,0,9,1,1,1,0,0,0,0,0,0,
LaKendrick James,198862,LB,MISS STATE,2,1,0,,0,0,227,0,0,73.5,78.5,78.0,61.0,74.9,79.7,0,1,0,0,,0.0,0,0,0,0.0,0,0,0,13,0,6,24,10,0,0,10,0,0,14,8,10,1,2,4,0,0,1,0,0,0,
AJ Rice,198866,LB,MISS STATE,1,1,0,,0,0,227,0,0,,71.5,63.8,,66.9,73.1,0,0,0,0,,0.0,0,0,0,0.0,0,0,0,3,0,0,3,0,0,0,0,0,0,3,0,3,0,0,0,0,0,0,0,0,0,
Tyler Lockhart,198871,LB,MISS STATE,11,8,0,83.3,0,0,227,0,0,53.8,51.6,0.0,56.2,56.7,84.0,0,3,0,0,21.0,3.3,1,0,2,100.0,5,0,0,171,0,90,216,18,0,0,18,0,0,198,18,108,27,11,21,0,6,3,0,48,35,9.6
Langden Kitchen,198874,ED,MISSOURI,11,3,1,,0,0,229,0,0,59.7,67.0,34.7,62.1,74.9,32.9,0,11,0,0,,36.4,4,0,1,0.0,0,0,0,0,0,0,145,145,0,6,132,7,0,0,91,54,0,3,4,0,0,11,0,0,0,
Dante McClellan,198877,LB,MISSOURI,3,3,0,50.0,0,0,229,0,0,91.4,91.9,75.0,89.0,71.3,79.9,0,0,1,1,24.0,0.0,0,1,0,43.8,2,0,0,41,0,19,43,1,0,0,1,0,0,42,2,22,1,1,2,0,4,0,0,38,12,19.0
CJ Bass III,198880,S,MISSOURI,2,1,0,50.0,0,0,229,0,0,58.4,64.1,76.9,,72.5,45.1,0,0,0,0,9.0,25.0,1,0,0,62.5,1,0,0,5,0,17,27,4,0,0,4,0,0,23,0,10,18,1,2,0,2,0,0,9,9,9.0
Jason King,198881,LB,MISSOURI,1,0,0,100.0,0,0,229,0,0,43.6,28.4,67.1,59.5,,,0,1,0,0,13.0,,0,0,0,118.8,1,0,0,4,0,3,4,0,0,0,0,0,0,4,1,0,0,0,0,0,1,1,0,13,1,13.0
Jason Dowell,198883,DI,MISSOURI,3,0,0,,0,0,229,0,0,,59.6,74.4,68.9,52.7,74.3,0,0,0,0,,0.0,0,0,0,0.0,0,0,0,0,0,0,31,31,0,31,0,0,0,0,16,15,0,0,3,0,0,0,0,0,0,
Javion Hilson,198884,ED,MISSOURI,3,0,0,,0,0,229,0,0,,62.8,76.8,57.5,64.6,71.5,0,1,0,0,,0.0,0,0,0,0.0,0,0,0,0,0,0,31,31,0,0,31,0,0,0,12,19,0,1,1,0,0,1,0,0,0,
Daeden Hopkins,198892,ED,MISSOURI,4,3,0,,0,0,229,0,0,,69.7,78.4,58.9,72.8,78.9,0,0,0,0,,0.0,0,0,0,0.0,0,1,0,0,0,0,52,52,0,0,52,0,0,0,23,29,0,5,4,1,0,1,0,0,0,
Tristian Gardner,198895,WR,MO STATE,1,0,0,,0,0,230,0,0,,60.0,60.0,60.0,,,0,0,0,0,,,0,0,0,0.0,0,0,0,0,0,0,1,0,0,0,0,0,0,1,1,0,0,0,0,0,0,0,0,0,0,
Jayden McGee,198902,ED,MO STATE,1,0,0,,0,0,230,0,0,,69.8,73.5,58.4,68.9,,0,0,0,0,,,0,0,0,0.0,0,0,0,0,0,0,11,11,0,0,11,0,0,0,6,5,0,0,0,0,0,0,0,0,0,
Dezmond Barnes,198903,DI,MO STATE,6,0,0,,0,0,230,0,0,,50.8,14.0,66.3,46.4,74.3,0,2,0,0,,0.0,0,0,1,0.0,0,1,0,0,0,0,90,90,10,80,0,0,0,0,43,47,0,3,2,0,0,3,0,0,0,
Breylon McCuller,198904,ED,MO STATE,1,0,0,,0,0,230,0,0,,43.8,72.3,59.0,48.5,,0,0,0,0,,,0,0,0,0.0,0,0,0,0,0,0,9,9,0,0,9,0,0,0,5,4,0,0,0,0,0,0,0,0,0,
Kheaton Kinney,198908,DI,MO STATE,1,0,0,,0,0,230,0,0,,62.0,70.0,58.5,61.9,,0,0,0,0,,,0,0,0,0.0,0,0,0,0,0,0,7,7,0,7,0,0,0,0,4,3,0,0,0,0,0,0,0,0,0,
Braxton Starnes,198909,LB,MO STATE,2,0,0,100.0,0,0,230,0,0,72.7,80.6,67.4,60.0,60.3,73.2,0,0,0,0,-2.0,0.0,0,0,0,79.2,1,0,0,5,0,3,6,0,0,0,0,0,0,6,1,2,0,1,1,1,1,0,0,-2,2,-2.0
Darryon Taylor,198914,CB,MO STATE,8,1,0,66.7,0,0,230,0,0,66.9,64.2,77.4,,48.4,48.5,0,0,0,0,14.0,28.6,2,1,0,95.1,2,0,0,4,75,55,80,0,0,0,0,0,0,80,0,25,0,1,4,0,3,0,0,27,2,13.5
Bryson Snelling,198916,CB,NEVADA,9,3,0,33.3,0,0,239,0,0,78.7,76.2,0.0,,66.0,67.4,0,0,0,1,20.0,11.8,2,3,1,45.8,3,0,0,15,182,116,206,0,0,0,0,0,7,206,0,90,1,2,12,0,9,0,1,40,8,13.3
EJ Smith,198917,LB,NEVADA,7,8,0,54.5,1,1,239,0,0,70.2,65.4,0.0,62.5,63.2,75.5,2,2,0,2,23.0,8.6,3,0,2,30.3,6,0,0,221,3,131,280,20,0,0,20,0,2,260,16,133,34,12,24,1,11,4,0,59,28,9.8
Zedekiah Anahu-Ambrosio,198919,WR,NEVADA,1,0,0,,0,0,239,0,0,,60.0,60.0,,60.0,,0,0,0,0,,,0,0,0,0.0,0,0,0,0,0,0,1,0,0,0,0,0,0,1,0,1,0,0,0,0,0,0,0,0,0,
Kameron Brown,198921,ED,NEVADA,4,0,0,,0,0,239,0,0,60.5,74.2,80.2,86.2,49.8,73.0,1,6,0,0,,0.0,0,0,0,0.0,0,0,0,2,0,2,53,51,0,1,48,2,0,2,31,20,0,0,1,0,0,7,0,0,0,
Tajean Stallworth,198925,S,NEVADA,2,0,0,,0,0,239,0,0,55.8,52.0,64.9,,60.0,27.3,0,0,0,0,,100.0,1,0,0,0.0,0,0,0,2,1,1,3,0,0,0,0,0,0,3,0,2,0,0,0,0,0,0,0,0,0,
Justin Wyatt Jr.,198926,S,NEVADA,1,0,0,,0,0,239,0,0,65.3,65.1,71.4,,60.0,76.2,0,0,0,0,,0.0,0,0,0,0.0,0,0,0,0,0,7,11,0,0,0,0,0,11,11,0,4,0,0,1,0,0,0,0,0,0,
Stilton McKelvey,198927,CB,NEW MEX ST,10,0,0,58.3,0,0,242,1,1,65.2,65.8,16.1,52.0,74.9,67.1,0,1,0,1,48.0,12.5,2,4,1,95.8,14,0,0,15,299,173,319,4,0,0,4,0,1,315,6,140,0,3,14,2,24,1,2,200,27,14.3
Tory Gethers,198935,LB,NEW MEX ST,12,23,0,70.7,0,1,242,0,0,57.6,65.3,86.9,67.1,69.1,79.8,2,7,0,0,25.0,6.9,6,1,0,93.6,29,3,0,489,1,328,687,53,0,0,53,0,0,634,50,309,144,31,58,2,41,12,1,241,137,8.3
Walter Owens,198936,S,NEW MEX ST,2,0,0,,0,0,242,0,0,60.8,65.4,71.0,,64.3,76.4,0,0,0,0,,0.0,0,0,0,0.0,0,0,0,8,0,2,13,0,0,0,0,0,5,13,0,11,0,0,1,0,0,0,0,0,0,
DJ Cloyd,198940,S,NEW MEX ST,5,2,0,85.7,0,0,242,0,0,32.6,43.0,76.8,58.3,63.0,64.8,0,0,0,0,15.0,12.5,1,0,0,131.8,6,0,0,22,1,13,41,4,0,0,4,0,3,37,2,26,11,0,5,0,7,0,1,43,43,7.2
Lorenzo Smith,198943,CB,NEW MEX ST,10,0,0,64.7,0,0,242,0,0,67.2,70.1,81.4,59.7,78.5,88.2,0,0,0,0,21.0,0.0,0,3,0,104.3,11,0,0,25,229,133,257,0,0,0,0,0,2,257,1,123,1,2,16,0,17,0,1,117,35,10.6
DJ Hill-Smith,198944,S,NEW MEX ST,2,1,0,,0,0,242,0,0,61.1,55.2,74.6,60.0,52.0,73.1,0,0,0,0,,0.0,0,0,0,0.0,0,0,0,2,0,2,11,1,0,0,1,0,1,10,1,8,7,0,0,0,0,0,0,0,0,
Raylon Carter,198945,DI,NEW MEX ST,1,0,0,,0,0,242,0,0,,59.1,67.5,,59.3,69.7,0,0,0,0,,0.0,0,0,0,0.0,0,0,0,0,0,0,3,3,0,3,0,0,0,0,0,3,0,1,1,0,0,0,0,0,0,
Zaiden Davis,198951,LB,NEW MEX ST,11,8,0,100.0,0,0,242,0,0,53.4,56.9,0.0,58.8,64.4,46.0,0,2,0,0,19.0,22.2,6,0,1,118.8,3,0,0,111,1,56,132,11,0,0,11,0,0,121,12,64,9,6,13,0,3,2,0,44,23,14.7
Adrian Farrow,198964,DI,NC STATE,4,0,0,,0,0,248,0,0,59.4,48.2,73.3,54.3,55.1,,0,0,0,0,,,0,0,0,0.0,0,0,0,1,0,1,15,14,4,10,0,0,0,1,11,3,0,0,0,0,0,0,0,0,0,
Josiah Victor,198969,DI,NC STATE,9,2,0,,0,0,248,0,0,68.0,66.8,79.5,57.4,66.7,75.9,0,0,0,0,,0.0,0,0,0,0.0,0,0,0,0,0,0,100,100,26,74,0,0,0,0,43,57,0,3,5,0,0,0,0,0,0,
Tristan Teasdell,198973,S,NC STATE,6,6,0,40.0,0,0,248,0,0,45.5,49.0,82.1,,55.9,42.9,0,0,0,1,18.0,26.9,7,0,2,51.3,4,0,0,122,2,182,300,0,0,0,0,0,135,300,0,118,41,3,13,0,10,0,1,53,11,13.3
Caden Gordon,198981,CB,NC STATE,2,1,0,0.0,0,0,248,0,0,40.0,40.0,71.8,,53.8,23.2,0,0,0,0,,66.7,2,0,0,39.6,0,0,0,2,12,8,16,0,0,0,0,0,1,16,0,8,1,0,0,0,1,0,0,0,0,
Kenton Allen,198985,LB,N TEXAS,6,1,0,100.0,0,0,251,0,0,57.7,62.0,79.5,56.1,65.6,83.7,0,1,0,0,11.0,9.1,1,0,0,110.4,2,0,0,53,0,25,67,11,0,0,11,0,0,56,3,39,3,5,9,0,2,1,0,21,15,10.5
Rudy Vargas Jr.,198988,DI,N TEXAS,9,2,0,,0,0,251,0,0,60.0,58.0,81.1,58.0,57.0,50.9,0,2,0,0,,16.7,1,0,0,0.0,0,0,0,0,0,0,97,97,36,61,0,0,0,0,38,59,0,1,3,0,0,2,0,0,0,
AJ Brown,198989,DI,N TEXAS,4,1,0,,0,0,251,0,0,,54.7,70.8,58.3,56.6,69.7,0,0,0,0,,0.0,0,0,0,0.0,0,0,0,0,0,0,9,9,0,9,0,0,0,0,6,3,0,0,0,0,0,0,0,0,0,
Brenden Reese,198994,LB,N TEXAS,2,0,0,,0,0,251,0,0,60.4,65.4,64.6,,60.0,,0,0,0,0,,,0,0,0,0.0,0,0,0,3,0,2,4,0,0,0,0,0,0,4,0,2,0,0,0,0,0,0,0,0,0,
Jaden Manning,198996,LB,N TEXAS,2,0,0,,0,0,251,0,0,62.2,58.4,70.4,,56.2,,0,0,0,0,,,0,0,0,0.0,0,0,0,5,0,4,8,1,0,0,1,0,0,7,0,4,1,0,0,0,0,0,0,0,0,
Brayden Knox,198997,ED,N TEXAS,6,3,0,,0,0,251,0,0,67.0,65.5,18.8,61.0,67.1,62.4,1,0,0,0,,13.3,2,0,1,0.0,0,1,0,0,0,10,97,97,0,0,95,2,0,0,32,55,0,8,10,1,0,2,0,0,0,
Bryce Garza,199003,LB,N TEXAS,1,1,0,0.0,0,0,251,0,0,40.3,43.3,67.1,,60.7,42.4,0,0,0,0,,50.0,1,0,0,39.6,0,0,0,7,0,5,8,0,0,0,0,0,0,8,0,3,1,0,0,0,1,0,0,0,0,
Alijah Jones,199007,S,NWESTERN,2,1,0,,0,0,256,0,0,67.5,69.0,73.2,,66.6,82.0,0,0,0,0,,0.0,0,0,0,0.0,0,0,0,16,0,19,28,0,0,0,0,0,12,28,0,9,0,1,3,0,0,0,0,0,0,
Jon Jon Stevens Jr.,199008,S,NWESTERN,8,0,0,80.0,0,0,256,0,0,54.2,53.9,79.5,60.0,54.6,54.1,0,0,0,0,27.0,20.0,2,0,0,110.0,4,0,0,24,3,44,87,0,0,0,0,0,51,87,1,42,8,1,8,1,5,0,0,52,3,13.0
Robby Preckel,199009,HB,NWESTERN,1,0,0,,0,0,256,0,0,,60.0,60.0,60.0,,,0,0,0,0,,,0,0,0,0.0,0,0,0,0,0,0,1,0,0,0,0,0,0,1,1,0,0,0,0,0,0,0,0,0,0,
Marquet Dorsey Jr.,199015,CB,NWESTERN,2,0,0,50.0,0,0,256,0,0,33.4,35.4,71.9,,60.4,82.4,0,0,0,0,10.0,0.0,0,0,0,64.6,1,0,0,1,14,10,16,0,0,0,0,0,0,16,0,6,0,0,2,0,2,0,0,10,1,10.0
Caden O'Rourke,199018,ED,NWESTERN,1,1,0,,0,0,256,0,0,,66.9,73.2,54.9,71.2,71.5,0,0,0,0,,0.0,0,0,0,0.0,0,0,0,0,0,0,13,13,0,0,8,5,0,0,7,6,0,0,0,0,0,0,0,0,0,
Mason Mayne,199022,DI,NWESTERN,3,0,0,,0,0,256,0,0,,52.2,0.0,54.8,62.1,73.6,0,1,0,0,,0.0,0,0,1,0.0,0,0,0,0,0,0,31,31,0,31,0,0,0,0,18,13,0,3,3,1,0,1,0,0,0,
Charlie Christopher,199028,LB,OHIO,9,19,1,70.0,0,1,259,1,0,90.5,91.6,83.0,71.0,90.7,87.4,1,3,0,0,9.0,4.8,3,0,0,75.4,7,2,0,276,0,145,328,12,0,0,12,0,2,316,26,157,38,24,41,2,10,6,0,36,23,5.1
Maliek Hawkins,199031,CB,OKLAHOMA,1,0,0,,0,0,261,0,0,60.8,61.4,67.3,,60.0,,0,0,0,0,,,0,0,0,0.0,0,0,0,0,3,2,3,0,0,0,0,0,0,3,0,1,0,0,0,0,0,0,0,0,0,
Courtland Guillory,199032,CB,OKLAHOMA,13,5,0,46.8,0,0,261,0,0,74.0,73.8,85.1,68.2,65.4,57.7,1,0,0,0,40.0,17.4,8,7,7,66.7,22,0,0,50,571,383,640,3,0,0,3,0,1,637,3,254,14,12,33,0,47,1,1,209,55,9.5
Omarion Robinson,199038,S,OKLAHOMA,5,1,0,100.0,0,0,261,0,0,73.9,73.2,76.2,,64.0,79.8,0,0,0,0,6.0,0.0,0,0,0,91.7,1,0,0,8,0,21,36,0,0,0,0,0,23,36,0,15,5,1,2,0,1,0,0,6,1,6.0
Trystan Haynes,199041,CB,OKLAHOMA,1,0,0,,0,0,261,0,0,60.8,61.3,65.6,,,,0,0,0,0,,,0,0,0,0.0,0,0,0,0,2,2,2,0,0,0,0,0,0,2,0,0,0,0,0,0,0,0,0,0,0,
Elijah Thomas,199044,WR,OKLAHOMA,1,0,0,,0,0,261,0,0,,60.0,60.0,,60.0,,0,0,0,0,,,0,0,0,0.0,0,0,0,0,0,0,1,0,0,0,0,0,0,1,0,1,0,0,0,0,0,0,0,0,0,
Brandon Rawls,199049,LB,OKLA STATE,12,14,0,86.4,0,0,262,0,0,64.0,72.4,86.1,56.6,78.3,73.9,3,3,0,0,34.0,11.1,8,0,0,128.6,19,1,0,392,2,209,499,60,0,0,60,0,0,439,40,250,45,37,50,3,22,7,2,167,141,8.8
Rashod Bradley,199050,ED,OKLA STATE,4,0,0,,0,0,262,0,0,,51.2,0.0,58.3,59.2,,0,0,0,0,,,0,0,1,0.0,0,0,0,0,0,0,29,29,0,2,15,12,0,0,17,12,0,0,0,0,0,0,0,0,0,
Kobi Foreman,199052,CB,OKLA STATE,3,0,0,,0,0,262,0,0,29.8,27.2,75.0,,34.1,21.7,0,0,0,0,,100.0,1,0,2,0.0,0,0,0,3,17,3,23,3,0,0,3,0,0,20,0,20,0,0,0,0,0,0,0,0,0,
Marco Tyson,199056,S,DOMINION,3,0,0,,0,0,263,0,0,61.2,67.8,71.2,,68.6,77.4,0,0,0,0,,0.0,0,0,0,0.0,0,0,0,12,0,2,16,0,0,0,0,0,4,16,0,14,0,1,2,0,0,0,0,0,0,
Tre' Brown,199057,WR,DOMINION,2,0,0,,0,0,263,0,0,,60.0,60.0,,60.0,,0,0,0,0,,,0,0,6,0.0,0,0,1,0,0,0,2,0,0,0,0,0,0,2,0,2,0,0,0,0,0,0,0,0,0,
T.J. Johnson,199058,WR,DOMINION,2,0,0,,0,0,263,0,0,,60.0,60.0,,60.0,,0,0,0,0,,,0,0,0,0.0,0,0,0,0,0,0,2,0,0,0,0,0,0,2,0,2,0,0,0,0,0,0,0,0,0,
Lucas Struck,199063,S,DOMINION,12,6,0,50.0,0,0,263,1,0,72.2,75.4,84.9,56.9,77.0,77.9,0,0,0,0,4.0,7.1,2,0,0,56.3,3,0,0,149,0,98,214,6,0,0,6,0,43,208,4,112,14,10,20,0,6,0,0,7,2,2.3
Keshawn Thomas,199064,LB,DOMINION,12,7,0,83.3,0,0,263,0,0,71.4,73.5,22.1,66.1,72.7,66.9,1,2,0,0,15.0,15.6,5,1,1,87.5,5,4,0,134,0,75,228,54,0,0,54,0,1,174,32,121,39,14,20,1,6,7,0,30,29,6.0
Jorian Haynes,199066,CB,DOMINION,9,3,0,44.4,0,1,263,1,0,62.7,59.3,0.0,59.3,63.4,29.4,0,0,0,0,39.0,28.6,4,0,2,67.4,4,0,0,10,134,80,149,2,0,0,2,0,0,147,1,68,3,3,7,0,9,0,0,61,30,15.3
Javen Gibson,199067,ED,DOMINION,12,3,0,100.0,0,0,263,0,0,63.8,64.0,0.0,59.6,71.8,65.9,0,14,0,0,1.0,13.3,2,0,4,79.2,1,4,0,1,0,1,293,292,1,59,143,89,0,1,166,126,0,14,10,1,1,18,0,1,2,1.0
LeDarrion Menter,199072,ED,DOMINION,7,0,0,,0,0,263,0,0,,52.9,73.8,62.2,45.7,71.3,0,1,0,0,,,0,0,0,0.0,0,1,0,0,0,0,21,21,0,4,11,6,0,0,15,6,0,0,0,0,0,2,0,0,0,
Hunter Malecki,199074,DI,DOMINION,12,1,0,,0,0,263,0,0,70.0,60.5,81.7,60.5,53.7,43.1,0,9,0,0,,50.0,3,0,0,0.0,0,3,0,0,0,1,165,165,56,72,26,11,0,0,122,42,0,4,2,0,0,12,0,0,0,
Jackson Forrest,199076,LB,DOMINION,11,9,0,75.0,0,3,263,1,0,83.3,88.5,83.5,87.8,69.0,55.8,1,7,0,0,21.0,17.1,7,0,1,90.1,6,5,0,268,1,99,273,0,0,0,0,0,1,273,49,125,2,20,25,3,8,13,0,49,37,8.2
Josh Guerrier,199078,S,PITTSBURGH,10,2,0,44.4,0,0,268,0,0,64.6,65.8,80.9,,66.5,44.8,0,0,0,0,30.0,21.4,3,3,0,97.9,4,0,0,52,0,92,135,2,0,0,2,0,55,133,0,43,26,5,9,0,9,0,1,47,12,11.8
Shawn Lee Jr.,199080,CB,PITTSBURGH,12,2,0,46.4,0,0,268,0,0,83.0,80.8,83.9,,60.9,61.4,0,0,1,1,25.0,14.3,5,3,0,62.2,13,0,0,18,381,223,404,4,0,0,4,0,0,400,0,181,1,11,28,3,28,0,2,62,17,4.8
JuJu Anderson,199082,ED,PITTSBURGH,1,0,0,,0,0,268,0,0,,76.9,67.8,,69.2,71.5,0,0,0,0,,0.0,0,0,0,0.0,0,0,0,0,0,0,2,2,0,0,2,0,0,0,0,2,0,1,1,0,0,0,0,0,0,
Emmanuel Taylor,199085,LB,PITTSBURGH,4,3,0,75.0,0,0,268,0,0,53.7,59.4,74.3,54.9,74.7,79.9,0,0,0,0,22.0,0.0,0,0,0,104.2,3,0,0,7,0,13,26,3,0,0,3,0,0,23,4,9,16,0,1,0,4,0,0,38,16,12.7
Justin Thompson,199086,LB,PITTSBURGH,1,0,0,,0,0,268,0,0,60.0,70.7,70.5,66.1,60.9,,0,1,0,0,,,0,0,0,0.0,0,0,0,7,0,1,7,0,0,0,0,0,0,7,3,3,0,0,0,0,0,1,0,0,0,
Vi'Naz Cobb,199097,S,PURDUE,5,2,0,75.0,0,0,273,0,0,42.1,39.7,77.5,,39.7,36.6,0,0,0,0,18.0,30.8,4,0,0,100.0,3,0,0,32,0,36,80,0,0,0,0,0,42,80,0,44,5,0,7,0,4,0,0,34,17,11.3
Dillan Botts,199102,DI,RICE,12,6,1,,0,0,275,0,0,60.0,69.1,82.6,61.5,70.7,65.5,0,6,0,0,,6.3,1,0,0,0.0,0,0,0,1,0,0,327,326,4,207,20,95,0,1,158,169,0,5,9,0,0,6,0,0,0,
Jo Chavez,199103,S,RICE,10,10,0,75.0,0,0,275,0,0,62.4,63.4,85.0,63.7,63.2,62.1,0,0,0,0,44.0,16.3,8,1,0,96.7,18,0,0,92,1,202,350,18,0,0,18,0,108,332,9,139,131,11,31,2,24,0,0,185,137,10.3
Jerrick Harper,199104,CB,RICE,10,5,0,62.5,0,0,275,0,0,53.9,49.9,82.9,60.0,32.8,39.6,0,0,0,0,74.0,21.7,5,2,1,144.1,20,0,0,46,332,208,384,4,0,0,4,0,0,380,1,175,2,4,13,0,32,0,5,387,156,19.4
Semaj Pierre,199107,WR,RICE,1,0,0,,0,0,275,0,0,,44.7,60.0,,60.0,16.8,0,0,0,0,,100.0,1,0,0,0.0,0,0,0,0,0,0,1,0,0,0,0,0,0,1,0,1,0,0,0,0,0,0,0,0,0,
Robert Rooks,199109,DI,RICE,3,2,0,,0,0,275,0,0,,51.8,74.9,63.3,48.2,25.9,0,2,0,0,,33.3,1,0,0,0.0,0,0,0,0,0,0,26,26,4,15,1,6,0,0,9,17,0,0,0,0,0,2,0,0,0,
Canaan Edwards,199112,DI,RUTGERS,1,0,0,,0,0,278,0,0,,60.0,66.0,59.8,,,0,0,0,0,,,0,0,0,0.0,0,0,0,0,0,0,1,1,0,0,1,0,0,0,1,0,0,0,0,0,0,0,0,0,0,
Jyon Simon,199114,DI,RUTGERS,2,0,0,,0,0,278,0,0,,44.0,78.0,60.0,45.1,21.4,0,0,0,0,,100.0,1,0,0,0.0,0,0,0,0,0,0,13,13,13,0,0,0,0,0,1,12,0,0,0,0,0,0,0,0,0,
Isaiah Deloatch,199115,LB,RUTGERS,1,0,0,,0,0,278,0,0,60.0,62.9,63.3,,60.0,,0,0,0,0,,,0,0,0,0.0,0,0,0,2,0,1,2,0,0,0,0,0,0,2,0,1,0,0,0,0,0,0,0,0,0,
DJ McClary,199119,LB,RUTGERS,4,0,0,100.0,0,0,278,0,0,60.7,66.4,75.9,60.0,67.7,78.1,0,0,0,0,2.0,0.0,0,0,0,79.2,1,0,0,19,0,6,26,5,0,0,5,0,0,21,1,19,2,2,3,1,1,0,0,2,7,2.0
Renick Dorilas,199123,CB,RUTGERS,1,0,0,,0,0,278,0,0,,60.0,63.5,,60.0,,0,0,0,0,,,0,0,0,0.0,0,0,0,0,1,0,1,0,0,0,0,0,0,1,0,1,0,0,0,0,0,0,0,0,0,
Raedyn Bruens,199132,ED,RUTGERS,1,0,0,,0,0,278,0,0,,38.6,66.3,,53.5,,0,0,0,0,,,0,0,0,0.0,0,0,0,0,0,0,2,2,0,2,0,0,0,0,0,2,0,0,0,0,0,0,0,0,0,
Runye Norton,199134,CB,S JOSE ST,7,0,0,100.0,0,0,285,0,0,56.9,58.2,75.1,,64.1,14.9,0,0,0,0,5.0,50.0,1,1,0,87.5,1,0,0,1,1,24,29,0,0,0,0,0,0,29,0,5,27,0,1,0,1,0,0,5,8,5.0
Charles Cox III,199136,S,S JOSE ST,3,0,0,0.0,0,0,285,0,0,30.7,35.0,75.3,57.9,58.5,56.6,0,0,0,0,,20.0,1,0,0,39.6,0,0,0,14,0,16,33,1,0,0,1,0,16,32,1,16,2,0,4,0,1,0,0,0,0,
Jireh Moe,199148,DI,S JOSE ST,11,6,0,,0,0,285,0,0,64.4,83.1,82.3,78.5,78.2,60.2,0,9,0,0,,13.3,4,0,0,0.0,0,2,0,0,0,1,213,213,78,116,7,12,0,0,95,117,0,13,20,0,0,11,0,0,0,
La'Modrick Spencer,199155,CB,SMU,3,2,0,50.0,0,0,287,0,0,62.5,66.1,82.9,71.3,71.3,60.1,0,0,0,0,31.0,14.3,1,0,1,82.3,2,0,0,7,3,66,110,6,0,0,6,0,2,104,3,41,92,1,4,1,4,0,0,37,8,18.5
Link Rhodes,199156,WR,SMU,2,0,0,,1,0,287,0,0,,45.8,57.1,,61.4,72.2,0,0,0,0,,,0,0,1,0.0,0,0,0,0,0,0,2,0,0,0,0,0,0,2,0,2,0,0,0,0,0,0,0,0,0,
Mark Iheanachor,199166,LB,SMU,3,1,0,,0,0,287,0,0,65.8,72.9,71.2,72.4,65.8,65.4,0,0,0,0,,20.0,1,0,0,0.0,0,1,0,14,0,10,18,0,0,0,0,0,0,18,1,7,4,3,3,0,0,1,0,0,0,
Javion Holiday,199168,CB,SMU,4,0,0,50.0,0,0,287,0,0,76.4,73.3,77.5,,48.4,80.9,0,0,0,0,29.0,0.0,0,1,0,71.5,3,0,0,2,47,36,52,0,0,0,0,0,0,52,0,16,2,2,5,0,6,0,0,40,17,13.3
Tyren Polley Jr.,199169,S,SMU,4,4,0,54.5,0,0,287,0,0,82.9,82.9,81.3,54.7,80.0,80.3,0,0,0,2,8.0,5.3,1,1,0,50.8,6,0,0,57,2,107,176,4,0,0,4,0,68,172,7,62,45,5,14,0,11,0,1,33,21,5.5
Jalen Shivers,199170,DI,SMU,2,0,0,,0,0,287,0,0,,41.9,0.0,70.1,55.1,,1,0,0,0,,,0,0,2,0.0,0,0,0,0,0,0,13,13,0,5,3,5,0,0,10,3,0,0,0,0,0,1,0,0,0,
Tyron Winslow,199176,DI,SMU,1,0,0,,0,0,287,0,0,,61.7,66.5,,60.5,,0,0,0,0,,,0,0,0,0.0,0,0,0,0,0,0,2,2,0,2,0,0,0,0,0,2,0,0,0,0,0,0,0,0,0,
Zadian Gentry,199177,CB,SMU,1,0,0,0.0,0,0,287,0,0,68.8,69.2,72.6,,60.0,,0,0,0,0,,,0,0,0,39.6,0,0,0,1,19,16,20,0,0,0,0,0,0,20,0,4,0,0,0,0,3,0,0,0,0,
Sael Reyes,199178,S,SMU,2,0,0,,0,0,287,0,0,74.2,77.1,71.5,,66.6,73.1,0,0,0,1,,0.0,0,0,0,0.0,0,0,0,1,0,10,13,0,0,0,0,0,5,13,0,3,7,1,1,0,0,0,0,0,0,
Tirrell Johnson,199184,ED,S ALABAMA,11,15,1,83.3,0,2,288,0,0,75.0,73.3,72.5,64.4,72.9,83.5,6,15,0,1,11.0,5.5,3,0,1,83.3,5,2,0,50,0,76,525,454,0,0,454,0,0,71,197,252,21,28,37,4,6,23,1,24,35,4.8
E'Mauri Smiley,199204,ED,S ALABAMA,12,3,0,,0,1,288,0,0,51.6,52.2,41.2,57.8,52.6,28.0,0,3,0,0,,35.7,5,0,1,0.0,0,2,0,0,0,1,180,180,0,14,131,35,0,0,86,93,0,6,6,0,0,5,0,0,0,
Zach Ruffin,199211,LB,SO MISS,1,0,0,,0,0,296,0,0,60.0,62.4,60.0,,,,0,0,0,0,,,0,0,0,0.0,0,0,0,0,0,1,1,0,0,0,0,0,0,1,0,0,0,0,0,0,0,0,0,0,0,
Khalil Foster,199214,S,SO MISS,2,0,0,0.0,0,0,296,0,0,46.6,43.0,0.0,,68.2,77.4,0,0,0,0,,0.0,0,0,1,39.6,0,0,0,2,0,2,8,0,0,0,0,0,6,8,0,6,0,2,2,0,1,0,0,0,0,
Eric Thomas,199219,DI,SYRACUSE,2,0,0,,0,0,304,0,0,,65.4,71.0,57.8,65.8,,0,0,0,0,,,0,0,0,0.0,0,0,0,0,0,0,9,9,2,7,0,0,0,0,5,4,0,0,0,0,0,0,0,0,0,
DeAngelo Thompson Jr.,199220,ED,SYRACUSE,2,0,0,,0,0,304,0,0,60.0,60.0,75.3,67.4,54.4,,0,0,0,0,,,0,0,0,0.0,0,0,0,0,0,1,14,14,0,0,14,0,0,0,4,9,0,0,0,0,0,0,0,0,0,
Kaylib Singleton,199221,CB,SYRACUSE,7,5,0,100.0,0,0,304,0,0,65.6,64.9,0.0,,69.4,76.2,0,0,0,0,23.0,6.3,1,0,1,112.5,6,0,0,11,88,38,105,0,0,0,0,0,0,105,0,67,6,3,10,0,6,0,0,66,36,11.0
Demetres Samuel Jr.,199223,CB,SYRACUSE,12,6,0,54.8,1,1,304,0,0,75.2,76.1,85.7,56.9,75.3,88.1,0,2,0,1,73.0,4.2,2,7,7,86.8,34,0,0,51,584,387,673,4,0,0,4,0,0,669,2,284,34,14,40,2,62,2,3,441,220,13.0
Jaylen Pray,199226,ED,SYRACUSE,1,0,0,,0,0,304,0,0,,61.5,70.2,59.7,60.9,,0,0,0,0,,,0,0,0,0.0,0,0,0,0,0,0,5,5,0,0,5,0,0,0,2,3,0,0,0,0,0,0,0,0,0,
Davion Kerr,199228,CB,SYRACUSE,1,0,0,100.0,0,0,304,0,0,61.6,55.6,88.5,60.0,48.1,76.2,0,0,0,0,23.0,0.0,0,0,0,158.3,2,0,0,4,15,13,22,1,0,0,1,0,1,21,1,8,0,1,2,0,2,0,1,25,4,12.5
Rayshon Andrews,199229,CB,SYRACUSE,2,0,0,,0,0,304,0,0,61.5,62.6,66.9,,60.0,,0,0,0,0,,,0,0,0,0.0,0,0,0,1,3,2,4,0,0,0,0,0,0,4,0,2,0,0,0,0,0,0,0,0,0,
Antoine Deslauriers,199230,LB,SYRACUSE,12,18,1,87.0,0,1,304,0,0,59.1,61.8,43.7,62.5,64.1,68.4,0,5,0,0,54.0,14.5,10,1,1,108.9,20,1,0,374,1,198,449,27,0,0,27,0,0,422,39,212,46,27,41,3,23,6,0,233,171,11.7
Nathan Nyandoro,199231,ED,SYRACUSE,6,2,0,,0,0,304,0,0,60.7,63.3,19.6,61.4,65.6,79.4,1,1,0,0,,11.1,1,0,1,0.0,0,0,0,0,0,0,97,97,0,2,79,16,0,0,43,54,0,1,6,1,0,2,0,0,0,
Perry Cole Jr.,199241,DI,TCU,7,7,0,,0,0,305,0,0,60.0,62.1,76.3,53.3,65.2,68.1,0,0,0,0,,9.1,1,0,0,0.0,0,0,0,1,0,0,57,56,0,31,0,25,0,1,23,34,0,3,3,0,0,0,0,0,0,
Kelten Mickell,199242,DI,TCU,3,0,0,,0,0,305,0,0,,61.4,71.9,57.7,62.4,,0,0,0,0,,,0,0,0,0.0,0,0,0,0,0,0,9,9,2,7,0,0,0,0,4,5,0,0,0,0,0,0,0,0,0,
CJ Woodfork,199249,ED,TCU,2,0,0,,0,0,305,0,0,,44.7,73.0,56.5,45.7,18.4,0,0,0,0,,100.0,1,0,0,0.0,0,0,0,0,0,0,16,16,0,0,9,7,0,0,5,11,0,0,0,0,0,0,0,0,0,
Gil Jackson Jr.,199261,CB,TCU,8,0,0,62.5,0,0,305,0,0,58.0,60.6,78.9,,71.4,82.1,0,0,0,0,14.0,0.0,0,0,1,117.2,5,0,0,6,94,58,104,2,0,0,2,0,1,102,0,46,0,2,6,0,8,0,1,45,17,9.0
Julius Simms,199267,S,TCU,7,2,0,100.0,0,0,305,0,0,66.8,72.1,78.2,67.8,75.8,62.7,0,0,0,1,23.0,15.4,2,0,0,79.2,2,1,0,37,0,39,97,0,0,0,0,0,9,97,5,53,50,4,9,1,2,1,0,27,40,13.5
Jon Denman,199271,HB,TCU,1,0,0,,0,0,305,0,0,,60.0,60.0,,60.0,,0,0,0,0,,,0,0,0,0.0,0,0,0,0,0,0,1,0,0,0,0,0,0,1,0,1,0,0,0,0,0,0,0,0,0,
Curly Ordonez,199275,LB,TEMPLE,12,19,0,57.7,1,0,306,0,0,61.1,68.2,21.1,57.5,75.9,81.6,3,10,0,0,34.0,10.6,9,1,2,76.0,15,1,0,449,4,250,571,45,0,0,45,0,0,526,44,277,73,29,57,5,26,14,0,161,149,10.7
Quaire Locks,199276,CB,TEMPLE,2,0,0,,0,0,306,0,0,,60.0,73.0,,60.0,,0,0,0,0,,,0,0,0,0.0,0,0,0,0,0,0,2,0,0,0,0,0,0,2,0,2,0,0,0,0,0,0,0,0,0,
Devontae Ward-Grant,199281,CB,TEMPLE,3,2,0,100.0,0,0,306,0,0,68.4,64.9,76.6,,55.6,61.2,0,0,0,0,14.0,16.7,1,0,0,108.3,2,0,0,8,50,17,62,0,0,0,0,0,0,62,0,45,3,1,3,0,2,0,0,20,17,10.0
Elijah Barnes,199285,LB,TEXAS,3,0,0,100.0,0,0,311,0,0,51.5,57.8,72.3,63.9,67.5,74.3,0,1,0,0,16.0,0.0,0,0,0,110.4,2,0,0,21,0,15,24,2,0,0,2,0,0,22,5,4,1,0,1,0,2,1,0,21,12,10.5
Jonathan Cunningham,199286,CB,TEXAS,2,0,0,0.0,0,0,311,0,0,58.9,59.3,74.4,,60.0,76.2,0,0,0,0,,0.0,0,0,0,39.6,0,0,0,2,0,12,16,0,0,0,0,0,2,16,0,4,12,1,1,0,1,0,0,0,0,
Smith Orogbo,199287,ED,TEXAS,2,0,0,,0,1,311,0,0,60.0,73.6,73.8,73.6,60.2,71.5,0,0,0,0,,,0,0,0,0.0,0,1,0,0,0,1,13,13,0,0,13,0,0,0,9,3,0,1,0,0,0,1,0,0,0,
Josiah Sharma,199291,DI,TEXAS,3,0,0,,0,0,311,0,0,,66.7,73.7,57.2,69.3,70.2,0,0,0,0,,0.0,0,0,0,0.0,0,0,0,0,0,0,19,19,6,13,0,0,0,0,11,8,0,1,1,0,0,0,0,0,0,
Zelus Hicks,199295,S,TEXAS,1,0,0,,0,0,311,0,0,63.0,62.9,70.7,,60.0,,0,0,0,0,,,0,0,0,0.0,0,0,0,1,0,5,6,0,0,0,0,0,4,6,0,1,1,0,0,0,0,0,0,0,0,
Graceson Littleton,199296,CB,TEXAS,12,9,0,69.6,0,2,311,0,0,67.1,68.8,45.1,56.2,78.6,58.5,0,1,0,2,60.0,19.2,10,2,2,75.8,39,0,0,51,24,360,541,2,0,0,2,0,22,539,7,174,442,13,33,2,56,1,0,411,228,10.5
Lance Jackson,199297,ED,TEXAS,12,2,0,100.0,0,0,311,0,0,54.6,60.9,47.9,59.0,67.2,50.5,3,10,0,0,13.0,28.6,4,0,1,118.8,1,2,0,0,0,6,210,210,2,23,175,10,0,0,134,70,0,8,8,0,1,15,0,13,19,13.0
Caleb Chester,199298,CB,TEXAS,1,0,0,,0,0,311,0,0,62.3,62.7,69.0,,60.0,,0,0,0,0,,,0,0,0,0.0,0,0,0,0,6,5,6,0,0,0,0,0,0,6,0,1,0,0,0,0,0,0,0,0,0,
Kade Phillips,199299,CB,TEXAS,8,3,0,53.8,0,0,311,0,0,75.1,74.1,80.4,,64.6,77.5,0,0,0,0,18.0,7.7,1,4,1,91.5,7,0,0,18,162,122,188,0,0,0,0,0,1,188,0,66,7,3,9,0,13,0,1,59,13,8.4
Jonah Williams,199300,S,TEXAS,5,0,0,0.0,0,0,311,0,0,69.8,69.4,76.8,,60.3,82.2,0,0,0,0,,0.0,0,0,0,39.6,0,0,0,5,0,41,46,1,0,0,1,0,36,45,0,5,4,0,3,0,1,0,0,0,0,
Myron Charles,199302,DI,TEXAS,2,1,0,,0,0,311,0,0,,65.7,70.5,58.0,60.3,70.2,0,0,0,0,,0.0,0,0,0,0.0,0,0,0,0,0,0,8,8,0,8,0,0,0,0,7,1,0,0,0,0,0,0,0,0,0,
Justus Terry,199306,DI,TEXAS,9,2,0,,0,0,311,0,0,,74.4,77.9,63.9,76.8,61.6,1,3,0,0,,12.5,1,0,0,0.0,0,0,0,0,0,0,73,73,0,36,17,20,0,0,43,30,0,4,5,2,0,4,0,0,0,
Brock Golwas,199311,LB,TEXAS TECH,10,1,0,0.0,0,0,315,0,0,74.7,67.0,75.8,49.6,55.9,83.8,0,3,0,0,,0.0,0,0,0,39.6,0,0,0,68,0,44,87,0,0,0,0,0,0,87,4,39,19,5,6,0,2,3,0,0,0,
Cam Gwinn,199319,DI,TOLEDO,2,1,0,,0,0,316,0,0,,56.8,70.2,53.1,62.0,27.6,0,0,0,0,,0.0,0,0,0,0.0,0,0,0,0,0,0,8,8,0,8,0,0,0,0,5,3,0,0,0,0,0,0,0,0,0,
Tyler Hackenbracht,199323,S,TOLEDO,2,0,0,0.0,0,0,316,0,0,64.1,64.3,73.6,,61.5,,0,0,0,0,,,0,0,0,39.6,0,0,0,6,1,8,19,0,0,0,0,0,6,19,0,11,6,0,0,0,1,0,0,0,0,
DJ Kelly,199325,CB,TOLEDO,7,2,0,37.5,0,0,316,0,0,73.6,75.0,80.7,69.0,69.7,64.3,0,0,0,1,32.0,14.3,1,1,0,16.1,3,1,0,1,120,82,135,0,0,0,0,0,0,135,2,51,13,2,4,0,8,1,0,43,15,14.3
Jordin Farrow,199326,DI,TOLEDO,1,0,0,,0,0,316,0,0,,46.4,70.2,59.4,49.7,,0,0,0,0,,,0,0,0,0.0,0,0,0,0,0,0,7,7,0,7,0,0,0,0,2,5,0,0,0,0,0,0,0,0,0,
Donnie Smith,199329,ED,TROY,12,8,1,,0,1,318,0,0,73.0,70.1,89.6,71.6,59.1,71.6,4,21,0,0,,12.5,4,0,0,0.0,0,9,0,47,0,29,403,340,0,0,340,0,0,63,203,171,15,21,20,1,0,34,0,0,0,
Jaquez White,199330,CB,TROY,12,5,0,57.9,0,0,318,0,0,85.2,86.3,15.9,72.9,87.5,64.9,1,1,1,2,34.0,15.6,12,10,5,84.0,33,1,0,64,668,379,748,4,0,0,4,0,2,744,12,357,9,29,60,3,57,3,4,340,92,10.3
TJ Smith,199350,CB,TULANE,12,2,0,75.0,0,0,319,0,0,59.6,60.8,87.6,72.2,57.2,62.8,1,1,0,0,30.0,13.0,3,0,1,91.1,12,1,0,21,2,140,253,42,0,0,42,0,1,211,12,101,186,7,18,2,16,3,0,102,18,8.5
PaLanding Drammeh,199354,DI,TULANE,4,0,0,,0,0,319,0,0,,68.5,72.2,67.7,62.9,,0,1,0,0,,100.0,1,0,0,0.0,0,0,0,0,0,0,10,10,6,3,0,1,0,0,3,7,0,0,0,0,0,1,0,0,0,
Warren Roberts Jr.,199360,ED,TULANE,1,0,0,,0,0,319,0,0,60.4,60.3,72.5,58.6,60.0,,0,1,0,0,,,0,0,0,0.0,0,0,0,0,0,2,8,8,0,0,7,1,0,0,4,2,0,0,0,0,0,1,0,0,0,
Grayson McPherson,199365,LB,TULANE,1,0,0,,0,0,319,0,0,,60.9,64.1,,60.0,,0,0,0,0,,,0,0,0,0.0,0,0,0,1,0,0,1,0,0,0,0,0,0,1,0,1,0,0,0,0,0,0,0,0,0,
Josh Lewis,199372,ED,TULANE,4,0,0,,0,0,319,0,0,,63.6,73.4,58.5,65.7,,0,0,0,0,,,0,0,0,0.0,0,0,0,0,0,0,18,18,0,0,8,10,0,0,14,4,0,0,0,0,0,0,0,0,0,
Hudson Ball,199378,ED,TULSA,12,10,0,0.0,0,0,320,1,0,54.2,68.0,89.8,57.2,74.1,67.2,3,6,0,0,,10.8,4,0,0,39.6,0,0,0,12,0,8,479,467,0,0,462,5,0,12,219,252,0,15,23,1,1,9,0,0,0,
Tony Williams Jr.,199388,S,UCF,1,2,0,,0,0,323,0,0,,57.3,69.0,,56.6,49.2,0,0,0,0,,25.0,1,0,0,0.0,0,0,0,5,0,0,7,0,0,0,0,0,2,7,0,7,0,0,1,0,0,0,0,0,0,
Carl Jenkins,199391,WR,UCF,1,0,0,,0,0,323,0,0,,60.1,73.9,,60.0,,0,0,0,0,,,0,0,2,0.0,0,0,0,0,0,0,1,0,0,0,0,0,0,1,0,1,0,0,0,0,0,0,0,0,0,
Rukeem Stroud,199392,CB,UCF,2,0,0,100.0,0,0,323,0,0,46.0,48.7,73.2,,62.2,,0,0,0,0,19.0,,0,0,0,118.8,1,0,0,0,20,4,20,0,0,0,0,0,0,20,0,16,0,0,0,0,1,0,0,19,17,19.0
Mohamed Altayeb,199396,DI,UNLV,6,0,0,,0,0,325,0,0,60.0,47.9,76.9,54.2,46.0,23.2,0,0,0,0,,50.0,1,0,0,0.0,0,0,0,0,0,1,64,64,0,55,2,7,0,0,35,28,0,1,1,0,0,0,0,0,0,
Quandarius Keyes,199397,CB,UNLV,12,0,0,48.3,0,0,325,0,0,78.0,76.8,83.1,56.7,64.2,76.1,0,0,1,2,32.0,6.3,1,4,1,51.7,14,0,0,20,319,218,350,0,0,0,0,0,0,350,2,130,9,4,15,1,29,0,1,185,116,13.2
Kenji Scanlan,199400,ED,UNLV,4,0,0,,0,0,325,0,0,60.2,68.7,78.5,69.7,60.4,78.1,1,0,0,0,,0.0,0,0,0,0.0,0,1,0,0,0,2,34,33,0,0,31,2,0,1,23,9,1,2,3,0,0,2,0,0,0,
Joshua Tuchek,199401,S,UNLV,1,0,0,,0,0,325,0,0,,60.8,68.2,,60.0,,0,0,0,0,,,0,0,0,0.0,0,0,0,1,0,0,3,0,0,0,0,0,0,3,0,3,2,0,0,0,0,0,0,0,0,
Eliah Logo,199404,DI,UNLV,4,1,0,,1,0,325,0,0,60.0,54.3,0.0,58.7,58.4,70.2,0,1,0,0,,0.0,0,0,1,0.0,0,0,0,0,0,0,47,47,27,18,0,2,0,0,37,10,0,1,1,0,0,1,0,0,0,
Trestin Castro,199408,CB,USC,2,0,0,33.3,0,0,326,0,0,59.4,60.2,73.6,,61.4,74.2,0,0,0,0,5.0,0.0,0,0,0,42.4,1,0,0,1,23,12,24,0,0,0,0,0,0,24,0,12,0,0,1,0,3,0,0,5,2,5.0
Steve Miller,199409,S,USC,1,0,0,,0,0,326,0,0,60.8,61.9,69.1,,60.0,,0,0,0,0,,,0,0,0,0.0,0,0,0,2,0,2,8,0,0,0,0,0,6,8,0,6,0,0,0,0,0,0,0,0,0,
James Johnson,199413,HB,USC,1,0,0,,0,0,326,0,0,,55.0,62.1,,60.0,,0,0,0,0,,,0,0,0,0.0,0,0,0,1,0,0,1,0,0,0,0,0,0,1,0,1,0,0,0,0,0,0,0,0,0,
Alex Graham,199414,CB,USC,4,1,0,80.0,0,0,326,0,0,65.7,67.6,81.3,61.1,72.0,81.8,0,1,0,0,10.0,0.0,0,0,0,90.8,4,0,0,8,0,61,91,3,0,0,3,0,5,88,7,23,75,3,4,0,5,1,0,29,23,7.3
Jahkeem Stewart,199417,DI,USC,11,5,0,,0,0,326,1,0,60.6,66.6,0.0,64.1,72.1,52.8,3,4,0,1,,15.0,3,0,3,0.0,0,1,0,0,0,2,231,231,33,120,18,60,0,0,126,103,0,11,12,6,0,8,0,0,0,
Floyd Boucard,199421,DI,USC,9,3,0,,0,0,326,0,0,62.1,60.0,80.1,65.8,47.6,76.1,4,6,0,0,,0.0,0,0,0,0.0,0,1,0,0,0,0,130,130,9,94,13,14,0,0,90,40,0,3,2,1,0,11,0,0,0,
Victor Zidor,199424,S,USF,3,0,0,0.0,0,0,327,0,0,76.0,76.9,74.4,59.1,61.7,74.3,0,0,0,0,,0.0,0,1,0,39.6,0,0,0,1,0,8,11,1,0,0,1,0,1,10,1,2,8,0,1,0,1,0,0,0,0,
Jabari Smith,199426,CB,USF,6,2,0,83.3,0,0,327,0,0,61.8,67.2,82.2,77.9,66.1,73.8,1,1,0,0,17.0,7.1,1,0,0,145.1,5,0,0,12,0,39,81,12,0,0,12,0,2,69,9,33,55,6,11,0,6,2,1,56,45,11.2
Eli Jones,199430,ED,USF,4,0,0,,0,0,327,0,0,,57.0,75.3,60.1,55.1,70.8,0,0,0,0,,0.0,0,0,0,0.0,0,0,0,0,0,0,23,23,1,8,8,6,0,0,14,9,0,1,1,0,0,0,0,0,0,
Gavin Leach,199433,LB,USF,5,3,0,100.0,0,0,327,0,0,51.7,65.3,72.8,59.4,75.6,81.0,0,0,0,0,12.0,0.0,0,0,0,100.0,2,0,0,19,0,6,21,0,0,0,0,0,0,21,1,14,1,3,3,0,2,0,0,16,6,8.0
Nate Tilmon,199446,S,UTAH,10,2,0,80.0,0,0,328,0,0,53.6,59.8,78.5,70.9,62.8,58.8,1,5,0,0,39.0,16.7,2,0,1,158.3,4,1,0,71,3,62,159,9,0,0,9,0,33,150,12,85,43,3,8,0,5,7,1,77,29,19.3
Sione Motuapuaka,199447,TE,UTAH,2,0,0,,0,0,328,0,0,,65.2,71.5,57.3,63.9,,0,0,0,0,,,0,0,0,0.0,0,0,0,0,0,0,8,8,2,6,0,0,0,0,5,3,0,0,0,0,0,0,0,0,0,
Cyrus Polu,199456,LB,UTAH,6,3,0,100.0,0,0,328,0,0,66.7,69.6,77.8,63.0,67.3,83.8,0,3,0,0,29.0,0.0,0,0,0,118.8,2,0,0,63,0,18,70,6,0,0,6,0,0,64,19,33,1,3,6,0,2,3,0,31,7,15.5
Karson Kaufusi,199461,DI,UTAH,11,0,0,,0,0,328,0,0,60.0,61.1,80.1,58.6,61.3,77.4,0,2,0,0,,0.0,0,0,0,0.0,0,1,0,1,0,0,156,155,15,134,3,3,0,1,84,72,0,6,8,0,0,3,0,0,0,
Jason Stokes Jr.,199462,CB,UTAH,1,0,0,0.0,0,0,328,0,0,74.9,75.7,71.5,,60.0,,0,0,0,0,,,0,1,0,39.6,0,0,0,0,13,10,13,0,0,0,0,0,0,13,0,3,0,0,0,0,1,0,0,0,0,
Solo Barnes,199465,S,UTEP,12,11,1,66.7,0,1,330,1,0,83.5,80.5,55.1,79.1,71.0,78.6,1,3,0,2,37.0,10.4,8,3,1,55.5,18,1,0,341,2,399,803,8,0,0,8,0,379,795,16,388,73,21,58,1,27,5,0,186,79,10.3
Toric Goins Jr.,199470,WR,UTEP,1,0,0,,0,0,330,0,0,,60.1,60.0,,60.0,,0,0,0,0,,,0,0,0,0.0,0,0,0,0,0,0,1,0,0,0,0,0,0,1,0,1,0,0,0,0,0,0,0,0,0,
Vashon Brunswick II,199472,LB,UTEP,4,1,0,100.0,0,0,330,0,0,65.7,69.7,77.1,59.0,71.2,81.8,0,1,0,0,6.0,0.0,0,0,0,91.7,1,1,0,51,0,24,64,2,0,0,2,0,0,62,10,30,11,4,5,1,1,2,0,6,0,6.0
TJ Tillman,199474,CB,UTEP,9,3,0,66.7,0,0,330,0,0,53.8,54.3,81.1,,56.9,46.6,0,0,0,0,19.0,23.1,3,0,1,100.1,14,0,0,12,198,116,212,0,0,0,0,0,0,212,0,96,2,0,7,0,21,0,1,134,69,9.6
Nik Henry,199475,WR,UTEP,1,0,0,,0,0,330,0,0,,60.0,60.0,60.0,,,0,0,0,0,,,0,0,0,0.0,0,0,0,0,0,0,1,0,0,0,0,0,0,1,1,0,0,0,0,0,0,0,0,0,0,
Armoni Rue,199486,CB,UTSA,4,1,0,100.0,0,1,331,0,0,64.8,65.4,73.4,,62.8,79.4,0,0,0,0,41.0,0.0,0,0,0,118.8,2,0,0,9,27,18,37,0,0,0,0,0,1,37,0,19,0,0,2,0,2,0,0,61,28,30.5
Jaylan Jones,199487,DI,UTSA,2,0,0,,0,0,331,0,0,,57.6,71.9,47.3,65.9,22.1,0,1,0,0,,100.0,1,0,0,0.0,0,0,0,0,0,0,11,11,4,7,0,0,0,0,6,5,0,0,0,0,0,1,0,0,0,
Cameron Upshaw Jr.,199489,S,UTSA,6,4,0,60.0,0,0,331,0,0,68.4,71.6,78.2,59.0,74.9,86.8,0,0,0,0,10.0,0.0,0,1,0,106.7,3,0,0,36,0,31,74,0,0,0,0,0,25,74,1,42,13,4,5,1,5,0,1,18,17,6.0
Mickel Williams,199491,ED,UTSA,8,0,0,,0,0,331,0,0,,38.9,0.0,55.8,43.1,,0,0,0,0,,,0,0,1,0.0,0,0,0,0,0,0,41,41,0,13,5,23,0,0,15,26,0,0,0,0,0,0,0,0,0,
Corey Walls,199497,DI,UTSA,3,0,0,,0,0,331,0,0,,74.9,72.6,62.8,74.1,72.9,0,0,0,0,,0.0,0,0,0,0.0,0,0,0,0,0,0,17,17,0,12,2,3,0,0,9,8,0,2,2,0,0,0,0,0,0,
Josiah Pratt,199499,DI,WAKE,1,0,0,,0,0,339,0,0,,54.9,72.4,64.1,51.7,,1,1,0,0,,,0,0,0,0.0,0,0,0,0,0,0,13,13,4,9,0,0,0,0,9,4,0,0,0,0,0,2,0,0,0,
Freddie Gillens,199502,CB,WAKE,2,0,0,100.0,0,0,339,0,0,60.9,61.3,72.7,,60.0,73.1,0,0,0,0,25.0,0.0,0,0,0,158.3,1,0,0,1,17,12,18,0,0,0,0,0,0,18,0,6,0,1,1,0,1,0,1,25,4,25.0
Kadear Dembele,199505,DI,WAKE,3,0,0,,0,0,339,0,0,,56.5,74.2,54.6,59.4,72.8,0,0,0,0,,0.0,0,0,0,0.0,0,0,0,0,0,0,31,31,0,19,0,12,0,0,18,13,0,1,2,0,0,0,0,0,0,
Rylon Dillard-Allen,199507,S,WASHINGTON,12,9,0,80.0,0,0,340,0,0,75.7,71.3,85.0,76.9,56.3,83.4,1,1,0,0,18.0,6.8,3,2,0,102.5,8,0,0,100,2,176,326,7,0,0,7,0,180,319,1,149,35,9,32,2,10,2,0,86,44,10.8
Zaydrius Rainey-Sale,199508,LB,WASHINGTON,7,6,0,62.5,0,0,340,0,0,72.4,72.1,81.1,57.5,70.1,66.1,1,1,0,1,27.0,13.0,3,3,1,57.6,10,1,0,183,2,111,228,15,0,0,15,0,0,213,17,100,28,11,14,0,16,3,0,113,49,11.3
Devin Hyde,199520,ED,WASHINGTON,7,2,0,,0,0,340,0,0,60.0,72.3,80.7,71.4,65.3,63.9,0,5,0,0,,16.7,1,0,0,0.0,0,1,0,0,0,1,64,62,0,3,56,3,0,2,41,22,0,3,3,0,0,6,0,0,0,
D'Aryhian Clemons,199521,CB,WASHINGTON,1,0,0,100.0,0,0,340,0,0,53.2,53.0,69.8,,60.1,76.2,0,0,0,0,20.0,0.0,0,0,0,118.8,1,0,0,1,2,3,7,0,0,0,0,0,0,7,0,4,4,0,1,0,1,0,0,20,6,20.0
Dylan Robinson,199528,CB,WASHINGTON,8,2,0,68.4,0,1,340,1,0,62.1,66.7,15.1,71.4,90.5,62.9,0,0,0,0,64.0,16.7,3,0,2,125.8,13,1,0,13,280,192,311,0,0,0,0,0,4,311,2,117,12,5,13,1,19,1,1,224,109,17.2
Dezmen Roebuck,199530,WR,WASHINGTON,1,0,0,,0,0,340,0,0,60.0,62.4,60.0,,,,0,0,0,0,,,0,0,1,0.0,0,0,0,0,0,1,1,0,0,0,0,0,0,1,0,0,0,0,0,0,0,0,0,0,0,
Ramonz Adams Jr.,199532,CB,WASHINGTON,2,0,0,0.0,0,0,340,0,0,55.4,56.0,72.3,,60.3,,0,0,0,0,,,0,0,0,39.6,0,0,0,1,10,8,13,0,0,0,0,0,0,13,0,5,2,0,0,0,1,0,0,0,0,
Kyle Peterson,199537,S,WASH STATE,12,0,0,40.0,0,0,341,1,0,46.0,48.0,79.9,,56.8,35.4,0,0,0,0,13.0,33.3,3,0,0,49.6,2,0,0,19,3,73,111,0,0,0,0,0,79,111,0,38,10,0,6,0,5,0,0,17,15,8.5
Jamarey Smith,199538,CB,WASH STATE,2,0,0,,0,0,341,0,0,61.5,60.9,65.4,60.0,,,0,0,0,0,,,0,0,0,0.0,0,0,0,0,3,3,4,0,0,0,0,0,0,4,1,0,0,0,0,0,0,0,0,0,0,
Tyrence Crutcher,199541,CB,W VIRGINIA,4,1,0,100.0,0,0,343,0,0,61.9,67.4,75.8,,76.8,78.5,0,0,0,0,6.0,0.0,0,0,0,91.7,1,0,0,3,45,17,48,0,0,0,0,0,0,48,0,31,0,1,2,0,1,0,0,6,1,6.0
Brandon Caesar,199542,ED,W VIRGINIA,1,0,0,,0,0,343,0,0,,60.1,67.2,,60.0,,0,0,0,0,,,0,0,0,0.0,0,0,0,0,0,0,2,2,0,0,1,1,0,0,0,2,0,0,0,0,0,0,0,0,0,
Mike Hastie,199544,LB,W VIRGINIA,1,0,0,,0,0,343,0,0,,27.7,67.6,,35.7,,0,0,0,0,,,0,0,0,0.0,0,0,0,3,0,0,3,0,0,0,0,0,0,3,0,3,0,0,0,0,0,0,0,0,0,
Wilnerson Telemaque,199545,ED,W VIRGINIA,1,0,0,,0,0,343,0,0,,60.5,64.7,,60.0,,0,0,0,0,,,0,0,0,0.0,0,0,0,0,0,0,1,1,0,1,0,0,0,0,0,1,0,0,0,0,0,0,0,0,0,
Chris Fileppo,199547,S,W VIRGINIA,9,3,0,100.0,0,0,343,0,0,53.6,51.1,81.3,59.8,47.7,49.6,0,2,0,0,50.0,23.1,3,0,0,118.8,4,0,0,32,0,46,104,14,0,0,14,0,24,90,7,51,34,5,7,1,4,2,0,79,18,19.8
Kennon Loftin,199549,LB,W KENTUCKY,1,0,0,,0,0,346,0,0,60.0,60.3,63.9,60.0,60.0,,0,0,0,0,,,0,0,0,0.0,0,0,0,2,0,1,3,0,0,0,0,0,0,3,1,1,0,0,0,0,0,0,0,0,0,
Sekou Peters,199553,DI,W KENTUCKY,3,0,0,,0,0,346,0,0,,60.6,74.7,56.3,62.9,69.7,0,0,0,0,,0.0,0,0,0,0.0,0,0,0,0,0,0,26,26,8,16,1,1,0,0,14,12,0,1,1,0,0,0,0,0,0,
Jordan Donald,199565,LB,W KENTUCKY,7,4,1,100.0,0,1,346,0,0,44.1,51.2,78.7,64.3,59.6,51.1,1,1,0,0,12.0,18.8,3,0,0,106.3,4,1,0,103,1,52,112,2,0,0,2,0,0,110,11,49,6,8,9,0,4,3,0,38,8,9.5
Matthew Jung,199566,S,WISCONSIN,12,18,0,75.0,0,0,349,0,0,62.2,64.2,86.4,58.6,66.6,67.8,0,1,0,0,33.0,14.9,10,0,0,134.8,15,0,0,305,1,352,628,2,0,0,2,0,201,626,2,274,119,9,39,1,20,1,2,177,73,11.8
Nicolas Clayton,199567,ED,WISCONSIN,6,0,0,,0,0,349,0,0,60.0,74.3,73.9,75.2,61.8,73.0,0,1,0,0,,0.0,0,0,0,0.0,0,0,0,0,0,1,15,13,0,0,13,0,0,2,9,5,0,0,1,0,0,1,0,0,0,
Cairo Skanes,199568,CB,WISCONSIN,8,0,0,70.0,0,0,349,0,0,57.9,55.0,78.0,47.9,49.3,60.9,0,1,0,0,13.0,14.3,1,0,0,83.3,7,0,0,11,55,49,80,0,0,0,0,0,3,80,3,28,9,1,6,0,10,1,0,55,16,7.9
Grant Dean,199576,S,WISCONSIN,1,0,0,,0,0,349,0,0,62.6,62.6,68.8,,60.0,,0,0,0,0,,,0,0,0,0.0,0,0,0,7,0,6,9,0,0,0,0,0,1,9,0,3,1,0,0,0,0,0,0,0,0,
Cooper Catalano,199577,LB,WISCONSIN,11,20,0,80.0,0,0,349,0,0,65.2,69.4,80.4,66.7,69.6,59.9,0,2,0,0,20.0,15.7,11,2,0,94.8,16,2,0,350,0,174,362,1,0,0,1,0,1,361,13,175,10,17,39,3,20,4,0,135,91,8.4
Aamii Branch,199583,CB,AKRON,11,4,0,61.9,0,0,102,0,0,54.8,58.6,85.4,58.2,69.6,57.3,2,4,0,0,43.0,19.0,4,0,0,99.9,13,0,0,57,1,152,294,5,0,0,5,0,10,289,28,114,221,6,13,1,21,6,1,153,133,11.8
Markus Boswell,199587,LB,AKRON,11,3,0,83.3,0,1,102,1,0,35.2,41.0,81.6,68.1,45.1,49.6,0,0,0,1,28.0,23.8,5,0,0,118.8,5,2,0,175,0,83,199,18,0,0,18,0,0,181,23,93,6,8,13,0,6,2,1,85,64,17.0
Sherrod Smith,199589,CB,BOISE ST,9,1,0,35.7,0,0,120,0,0,73.8,70.6,79.2,,53.7,51.8,0,0,0,1,22.0,27.3,3,2,1,38.7,5,0,0,16,123,86,145,0,0,0,0,0,3,145,0,59,3,1,7,0,14,0,1,43,19,8.6
Sam Brooks,199592,S,BOISE ST,3,0,0,80.0,0,0,120,0,0,65.3,72.2,73.8,63.0,75.2,82.8,0,0,0,0,13.0,0.0,0,0,0,85.8,4,0,0,17,2,15,26,2,0,0,2,0,4,24,4,7,1,3,7,0,5,0,0,23,25,5.8
Arthur de Boachie,199596,S,BOISE ST,1,1,0,0.0,0,0,120,0,0,44.1,45.1,67.6,,60.0,76.2,0,0,0,0,,0.0,0,0,0,39.6,0,0,0,2,0,3,5,0,0,0,0,0,1,5,0,2,2,0,0,0,1,0,0,0,0,
Mana Tuioti,199601,LB,BOISE ST,5,1,0,100.0,0,0,120,1,0,65.8,65.1,74.2,79.4,46.6,54.2,0,4,0,0,26.0,16.7,1,0,0,118.8,1,0,0,28,1,19,34,0,0,0,0,0,0,34,6,9,5,3,4,0,1,4,0,26,3,26.0
Njita Sinkala,199611,CB,BOSTON COL,1,0,0,,0,0,121,0,0,61.2,62.0,66.9,,60.0,,0,0,0,0,,,0,0,0,0.0,0,0,0,0,3,2,3,0,0,0,0,0,0,3,0,1,0,0,0,0,0,0,0,0,0,
Griffin Collins,199612,LB,BOSTON COL,6,2,0,100.0,0,0,121,0,0,78.7,50.4,75.3,60.4,34.6,77.5,0,1,0,0,2.0,7.1,1,0,0,79.2,2,0,0,69,0,17,72,1,0,0,1,0,0,71,7,48,2,3,11,1,2,1,0,1,8,0.5
TJ Green,199616,CB,BOSTON COL,9,6,0,76.5,0,1,121,0,0,61.8,62.5,88.3,63.7,61.0,66.5,0,1,0,0,44.0,12.9,4,2,0,107.8,26,1,0,48,1,196,334,15,0,0,15,0,1,319,12,126,268,12,21,0,34,2,1,263,158,10.1
Omarion Davis,199617,S,BOSTON COL,8,5,0,66.7,0,1,121,0,0,53.6,56.7,81.6,56.2,64.2,45.3,0,0,0,0,11.0,22.7,5,0,0,74.3,6,0,0,51,1,82,153,7,0,0,7,0,67,146,6,65,27,2,12,0,9,0,0,36,22,6.0
Ashton Cunningham,199618,CB,BOSTON COL,7,3,0,52.9,0,0,121,0,0,67.3,68.7,79.9,,71.3,69.8,0,0,0,0,38.0,10.0,1,4,1,119.5,9,0,0,11,126,90,142,0,0,0,0,0,0,142,0,52,5,1,6,0,17,0,2,139,38,15.4
Amare Adams,199625,DI,CLEMSON,10,3,0,,0,0,140,0,0,,55.7,78.9,54.7,57.0,75.2,0,4,0,0,,0.0,0,0,0,0.0,0,0,0,0,0,0,110,110,7,98,0,5,0,0,64,46,0,0,2,0,0,4,0,0,0,
Jakarrion Kenan,199627,S,CLEMSON,1,0,0,,0,0,140,0,0,49.5,50.8,73.0,,57.3,38.6,0,0,0,0,,33.3,1,0,0,0.0,0,0,0,3,0,9,17,0,0,0,0,0,12,17,0,8,2,1,2,1,0,0,0,0,0,
Ari Watford,199632,ED,CLEMSON,1,0,0,,0,0,140,0,0,,62.2,72.7,58.8,62.0,73.0,0,0,0,0,,0.0,0,0,0,0.0,0,0,0,0,0,0,7,7,0,0,7,0,0,0,2,5,0,0,1,0,0,0,0,0,0,
Jawarren Corbin,199643,LB,DELAWARE,2,0,0,100.0,0,0,151,0,0,65.1,72.0,73.4,68.7,64.7,77.8,0,0,0,0,9.0,0.0,0,0,0,104.2,1,1,0,20,0,16,20,0,0,0,0,0,0,20,2,2,0,3,2,0,1,1,0,9,1,9.0
Alex Adebayo,199645,CB,DELAWARE,1,0,0,,0,0,151,0,0,55.3,55.1,69.5,,60.0,74.2,0,0,0,0,,,0,0,0,0.0,0,0,0,0,7,6,7,0,0,0,0,0,0,7,0,1,0,0,0,0,0,0,0,0,0,
AJ Graham,199648,S,DELAWARE,2,0,0,,0,0,151,0,0,61.4,61.6,71.8,,60.0,,0,0,0,0,,,0,0,0,0.0,0,0,0,3,0,5,8,0,0,0,0,0,4,8,0,3,1,0,0,0,0,0,0,0,0,
Julius Puryear,199649,LB,DELAWARE,2,1,0,100.0,0,0,151,0,0,45.6,48.1,69.7,58.6,62.7,76.0,0,0,0,0,18.0,0.0,0,0,0,112.5,3,0,0,12,0,8,12,0,0,0,0,0,0,12,2,2,0,0,1,0,3,0,0,33,16,11.0
Khmari Johnson,199657,LB,FAU,12,13,1,86.4,0,0,165,1,0,50.0,65.2,42.7,85.6,66.9,44.9,7,10,0,0,40.0,23.8,15,0,2,104.4,19,1,0,328,0,161,394,58,0,0,58,0,0,336,46,187,8,18,35,3,22,18,0,199,167,10.5
Terez Reid,199659,CB,FAU,12,8,0,50.0,0,1,165,0,0,76.7,79.3,44.2,66.2,87.3,83.5,0,0,0,1,29.0,5.7,3,3,3,75.1,22,0,0,36,557,335,604,5,0,0,5,0,0,599,2,267,6,14,42,4,44,0,3,191,75,8.7
Josh Roberts,199661,ED,FAU,12,7,0,71.4,0,1,165,0,0,78.5,60.7,60.7,61.3,47.8,63.2,2,7,0,1,15.0,20.0,5,1,1,47.0,5,3,0,8,0,51,316,297,0,0,281,16,0,19,131,134,11,13,13,2,7,12,0,42,31,8.4
Nimari Brantley,199662,DI,FAU,1,0,0,,0,0,165,0,0,,61.3,67.4,60.0,60.0,,0,0,0,0,,,0,0,0,0.0,0,0,0,0,0,0,3,3,0,3,0,0,0,0,1,2,0,0,0,0,0,0,0,0,0,
Damon Allen,199672,CB,FAU,11,2,0,76.5,0,0,165,0,0,51.2,59.1,86.5,73.3,66.1,58.8,2,4,0,0,46.0,18.5,5,1,0,134.4,13,2,0,34,2,114,252,54,0,0,54,0,3,198,19,119,159,13,20,1,17,8,1,200,99,15.4
Zion Paret,199674,CB,FAU,11,1,0,68.8,0,0,165,0,0,59.5,58.7,9.4,63.8,58.5,58.7,1,1,0,0,46.0,17.4,4,1,1,148.7,11,0,0,22,247,136,275,0,0,0,0,0,0,275,4,135,6,5,18,0,16,2,3,191,34,17.4
Tae Harris,199685,S,GA TECH,8,3,0,50.0,0,1,176,0,0,82.4,77.6,81.2,60.0,61.5,50.6,0,0,0,0,20.0,23.8,5,2,0,70.8,2,0,0,40,0,95,163,2,0,0,2,0,99,161,1,67,21,4,13,0,4,0,0,26,7,13.0
Derry Norris Jr.,199686,DI,GA TECH,1,0,0,,0,0,176,0,0,,42.2,0.0,59.8,59.8,70.2,0,0,0,0,,0.0,0,0,1,0.0,0,0,0,0,0,0,6,6,0,6,0,0,0,0,1,5,0,1,1,0,0,0,0,0,0,
Blake Belin,199688,DI,GA TECH,1,0,0,,0,0,176,0,0,,73.1,69.6,59.8,70.5,,0,0,0,0,,,0,0,0,0.0,0,0,0,0,0,0,6,6,0,6,0,0,0,0,1,5,0,0,0,0,0,0,0,0,0,
Carrington Coombs,199689,ED,GA TECH,1,0,0,,0,0,176,0,0,,65.9,72.1,59.9,62.8,,0,0,0,0,,,0,0,0,0.0,0,0,0,0,0,0,6,6,0,0,6,0,0,0,1,5,0,0,0,0,0,0,0,0,0,
Dalen Penson,199690,CB,GA TECH,3,1,0,,0,0,176,0,0,58.2,58.9,75.8,,61.5,73.5,0,0,0,0,,0.0,0,0,1,0.0,0,0,0,1,27,18,29,0,0,0,0,0,0,29,0,11,0,0,0,0,0,0,0,0,0,
Christian Garrett,199691,ED,GA TECH,3,5,0,,0,0,176,0,0,,73.4,77.3,72.4,67.7,78.4,0,2,0,0,,0.0,0,0,0,0.0,0,2,0,0,0,0,48,48,0,4,41,3,0,0,23,25,0,2,0,0,0,4,0,0,0,
Andre Fuller Jr.,199692,ED,GA TECH,10,4,0,100.0,0,0,176,0,0,60.1,59.2,87.4,54.7,61.0,73.1,1,5,0,0,18.0,9.1,2,0,0,118.8,2,0,0,1,0,28,251,250,0,1,243,6,0,1,105,118,0,12,16,2,2,6,0,29,14,14.5
Elgin Sessions,199693,CB,GA TECH,3,0,0,100.0,0,0,176,0,0,62.3,63.1,75.4,,63.0,74.2,0,0,0,0,15.0,0.0,0,0,0,118.8,1,0,0,0,38,19,40,0,0,0,0,0,0,40,0,21,1,1,1,0,1,0,0,15,2,15.0
Fenix Felton,199696,S,GA TECH,1,2,0,100.0,0,0,176,0,0,58.7,62.6,76.5,,67.6,63.5,0,0,0,0,23.0,14.3,1,0,0,118.8,1,0,0,15,0,27,60,0,0,0,0,0,40,60,0,33,5,1,4,0,1,0,0,23,0,23.0
Chance Bryant,199704,ED,HOUSTON,8,1,0,100.0,0,0,182,0,0,64.0,66.3,81.7,56.0,67.0,77.8,0,0,0,0,5.0,0.0,0,0,0,87.5,1,0,0,4,0,6,62,50,0,0,50,0,0,12,7,49,8,1,1,0,1,0,0,5,5,5.0
Reshad Sterling,199708,ED,HOUSTON,1,0,0,,0,0,182,0,0,,61.8,73.1,55.1,66.4,74.9,0,0,0,0,,0.0,0,0,0,0.0,0,0,0,1,0,0,13,12,0,1,6,5,0,1,9,4,0,1,2,0,0,0,0,0,0,
DK Mays,199715,DI,HOUSTON,2,0,0,,0,0,182,0,0,,59.3,67.3,59.7,60.0,,0,0,0,0,,,0,0,0,0.0,0,0,0,0,0,0,2,2,0,0,2,0,0,0,1,1,0,0,0,0,0,0,0,0,0,
Richmond Ugochukwu,199720,LB,HOUSTON,1,0,0,,0,0,182,0,0,60.7,65.8,67.4,58.9,60.0,,0,0,0,0,,,0,0,0,0.0,0,0,0,4,0,3,5,0,0,0,0,0,0,5,1,1,1,0,0,0,0,0,0,0,0,
Travis Buhake,199721,ED,HOUSTON,3,0,0,,0,0,182,0,0,,52.4,74.4,57.6,52.3,74.8,0,0,0,0,,0.0,0,0,0,0.0,0,0,0,1,0,0,26,25,0,4,8,13,0,1,9,17,0,1,3,0,0,0,0,0,0,
Lake Bates,199726,S,LA LAFAYET,4,10,0,80.0,0,0,207,0,0,53.6,54.4,78.7,42.4,62.6,58.4,0,2,0,0,28.0,20.0,5,0,0,107.5,4,0,0,57,0,88,164,1,0,0,1,0,90,163,5,71,16,5,10,0,5,2,0,49,38,12.3
Zy Jackson,199733,S,LA MONROE,8,5,0,63.6,0,0,209,0,0,66.4,60.0,83.7,39.8,46.7,66.4,0,2,0,0,40.0,13.9,5,1,0,111.6,14,0,0,131,42,171,354,2,0,0,2,0,37,352,0,183,142,5,26,1,22,2,1,218,60,15.6
Jerome Simmons,199734,DI,LA MONROE,8,2,1,,0,0,209,0,0,60.0,59.4,81.5,60.9,57.3,62.7,1,2,0,0,,18.2,2,0,0,0.0,0,0,0,1,0,0,142,141,86,55,0,0,0,1,59,83,0,5,7,0,0,3,0,0,0,
Jabari Tiller,199736,S,LA MONROE,10,9,0,66.7,0,1,209,0,0,62.3,68.7,83.7,64.8,76.5,64.7,0,4,0,0,48.0,15.2,7,2,0,112.5,12,1,0,130,1,142,307,18,0,0,18,0,71,289,16,149,87,11,30,4,18,5,1,157,98,13.1
Jalen Foster,199737,S,LA MONROE,6,8,0,80.0,0,0,209,0,0,68.7,69.3,4.8,60.8,71.6,89.0,1,0,0,0,14.0,3.0,1,1,1,100.0,4,0,0,137,5,123,256,0,0,0,0,0,58,256,3,130,56,5,24,0,5,1,0,40,26,10.0
Ziggy Loa,199740,ED,LA MONROE,10,2,1,100.0,0,0,209,0,0,65.5,74.4,0.0,85.7,71.2,56.4,0,1,0,0,7.0,14.3,1,0,2,95.8,1,0,0,8,0,17,82,59,0,0,58,1,0,23,29,36,15,4,4,0,1,1,0,7,0,7.0
Noah Flemmings,199742,LB,LA MONROE,12,23,0,65.8,0,1,209,2,1,59.6,77.9,15.6,77.3,84.8,88.5,2,5,0,0,34.0,4.5,4,1,2,91.1,25,4,0,555,0,257,579,2,0,0,2,0,0,577,53,269,22,45,61,7,38,11,1,232,215,9.3
Zach Weeks,199752,LB,LSU,3,0,0,,0,0,211,0,0,53.1,50.2,74.5,56.0,54.2,20.7,0,1,0,0,,100.0,1,0,0,0.0,0,0,0,35,0,22,36,1,0,0,1,0,0,35,4,10,0,0,0,0,0,1,0,0,0,
DJ Pickett,199755,CB,LSU,12,1,0,48.4,0,0,211,0,0,76.1,79.0,83.7,68.0,83.7,67.3,1,3,0,3,58.0,16.1,5,1,1,38.8,15,2,0,35,382,263,441,2,0,0,2,0,1,439,12,166,21,11,25,0,31,6,1,188,70,12.5
Aidan Anding,199756,CB,LSU,1,0,0,,0,0,211,0,0,,60.0,63.8,,60.0,,0,0,0,0,,,0,0,0,0.0,0,0,0,0,1,0,1,0,0,0,0,0,0,1,0,1,0,0,0,0,0,0,0,0,0,
Jhase Thomas,199760,S,LSU,1,0,0,,0,0,211,0,0,,60.0,63.7,,60.0,,0,0,0,0,,,0,0,0,0.0,0,0,0,0,0,0,1,0,0,0,0,0,1,1,0,1,0,0,0,0,0,0,0,0,0,
Brandon Brown,199761,DI,LSU,2,1,0,,0,0,211,0,0,,53.1,73.2,58.1,53.6,70.8,0,0,0,0,,0.0,0,0,0,0.0,0,0,0,0,0,0,16,16,1,14,0,1,0,0,6,10,0,0,0,0,0,0,0,0,0,
Jaiden Braker,199763,LB,LSU,1,0,0,100.0,0,0,211,0,0,54.9,41.3,66.7,60.0,56.8,74.3,0,0,0,0,16.0,0.0,0,0,0,118.8,1,0,0,7,0,2,7,0,0,0,0,0,0,7,1,4,0,0,1,0,1,0,0,16,18,16.0
Jacob Bradford,199766,S,LSU,1,0,0,,0,0,211,0,0,,60.0,61.7,,60.0,,0,0,0,0,,,0,0,0,0.0,0,0,0,1,0,0,1,0,0,0,0,0,0,1,0,1,0,0,0,0,0,0,0,0,0,
Walter Mathis Jr.,199768,DI,LSU,11,3,1,,0,0,211,0,0,60.0,65.0,24.4,59.3,69.8,77.7,0,2,0,0,,0.0,0,0,1,0.0,0,0,0,0,0,0,119,119,5,109,0,5,0,0,63,56,0,5,7,0,0,2,0,0,0,
Damien Shanklin,199770,ED,LSU,2,0,0,,0,0,211,0,0,,66.1,72.0,72.7,60.0,74.7,0,0,0,0,,,0,0,0,0.0,0,2,0,0,0,0,6,6,0,1,5,0,0,0,5,1,0,2,0,0,0,2,0,0,0,
CJ Jimcoily,199771,S,LSU,4,1,0,100.0,0,0,211,0,0,47.3,40.2,69.8,60.0,49.0,76.9,0,0,0,0,30.0,0.0,0,0,0,118.8,1,0,0,9,0,8,15,1,0,0,1,0,0,14,1,6,5,0,0,0,1,0,0,30,15,30.0
Charles Ross II,199772,LB,LSU,1,0,0,,0,0,211,0,0,62.9,64.0,67.9,,61.7,,0,0,0,0,,,0,0,0,0.0,0,0,0,9,0,8,14,0,0,0,0,0,0,14,0,6,5,0,0,0,0,0,0,0,0,
Kendall Bournes,199773,S,UMASS,12,15,0,73.7,0,1,216,0,0,40.2,49.1,29.3,,65.6,40.0,0,0,0,0,36.0,19.7,13,0,3,114.8,14,0,0,242,2,206,524,2,0,0,2,0,129,522,0,318,148,12,38,2,19,0,1,154,64,11.0
JC Clark,199777,CB,UMASS,3,1,0,100.0,0,0,216,0,0,60.3,56.2,74.9,58.2,49.5,53.1,0,0,0,0,23.0,25.0,1,0,0,118.8,1,0,0,5,38,15,43,0,0,0,0,0,0,43,1,27,0,0,2,0,1,0,0,23,6,23.0
Elijah Faulkner,199784,HB,UMASS,1,0,0,,0,0,216,0,0,60.0,55.6,60.0,,,,0,0,0,0,,,0,0,1,0.0,0,0,0,0,0,1,1,0,0,0,0,0,0,1,0,0,0,0,0,0,0,0,0,0,0,
Naiim Parrish,199786,CB,MINNESOTA,3,0,0,0.0,0,0,225,0,0,64.8,58.3,73.4,,45.8,20.4,0,0,0,0,,50.0,1,0,0,39.6,0,0,0,3,17,10,23,0,0,0,0,0,0,23,0,13,3,0,1,0,1,0,0,0,0,
Emmanuel Karmo,199789,LB,MINNESOTA,12,3,1,71.4,0,0,225,1,0,62.9,60.7,84.2,62.5,52.1,38.0,1,6,0,0,16.0,31.3,5,1,0,129.2,5,2,0,81,0,67,143,57,0,0,57,0,1,86,36,40,4,7,8,0,7,9,1,47,7,9.4
Christian Jones,199797,LB,NEBRASKA,2,0,0,,0,0,238,0,0,,68.8,65.7,,66.0,74.3,0,0,0,0,,0.0,0,0,0,0.0,0,0,0,6,0,0,6,0,0,0,0,0,0,6,0,6,0,1,1,0,0,0,0,0,0,
Kade Pietrzak,199799,ED,NEBRASKA,12,3,1,,0,0,238,0,0,55.1,54.9,83.2,57.7,55.7,27.8,1,9,0,0,,33.3,6,0,0,0.0,0,1,1,1,0,1,246,245,0,58,136,51,0,1,122,123,0,7,9,4,0,11,0,0,0,
Dawson Merritt,199801,LB,NEBRASKA,8,4,0,66.7,0,0,238,0,0,53.7,63.2,76.5,52.7,71.9,54.6,0,1,0,0,14.0,18.2,2,0,0,93.8,2,0,0,99,0,37,106,0,0,0,0,0,0,106,5,64,7,3,5,0,3,1,0,26,27,13.0
Pierce Mooberry,199805,LB,NEBRASKA,2,1,0,,0,0,238,0,0,,65.2,66.1,,63.7,73.1,0,0,0,0,,0.0,0,0,0,0.0,0,0,0,3,0,0,4,0,0,0,0,0,0,4,0,4,1,0,0,0,0,0,0,0,0,
Bryson Webber,199807,DI,NEBRASKA,1,0,0,,0,0,238,0,0,,62.5,69.9,,60.0,,0,0,0,0,,,0,0,0,0.0,0,0,0,0,0,0,3,3,0,0,3,0,0,0,0,3,0,0,0,0,0,0,0,0,0,
Tanner Terch,199813,S,NEBRASKA,1,0,0,,0,0,238,0,0,,60.0,63.7,,60.0,,0,0,0,0,,,0,0,0,0.0,0,0,0,0,0,0,1,0,0,0,0,0,1,1,0,1,0,0,0,0,0,0,0,0,0,
Javion Butts,199819,S,N CAROLINA,4,1,0,100.0,0,0,245,0,0,59.4,52.8,77.2,56.7,38.3,65.5,0,0,0,0,19.0,12.5,1,0,0,118.8,1,0,0,10,0,36,51,1,0,0,1,0,33,50,3,12,7,0,6,0,1,0,0,19,1,19.0
Austin Alexander,199820,ED,N CAROLINA,1,1,0,,0,0,245,0,0,,64.3,74.2,58.5,64.3,75.7,0,0,0,0,,0.0,0,0,0,0.0,0,0,0,0,0,0,11,11,0,0,11,0,0,0,3,8,0,0,1,0,0,0,0,0,0,
Devin Ancrum,199822,DI,N CAROLINA,2,1,0,,0,0,245,0,0,,43.9,74.4,53.7,44.4,69.7,0,1,0,0,,0.0,0,0,0,0.0,0,0,0,0,0,0,22,22,6,16,0,0,0,0,15,7,0,0,0,0,0,1,0,0,0,
Demon June,199824,HB,N CAROLINA,1,0,0,,0,0,245,0,0,,60.0,60.0,,60.0,,0,0,0,0,,,0,0,0,0.0,0,0,0,0,0,0,1,0,0,0,0,0,0,1,0,1,0,0,0,0,0,0,0,0,0,
Xavier Lewis,199826,DI,N CAROLINA,12,2,0,,0,0,245,0,0,60.0,70.3,83.8,71.3,60.2,44.8,6,8,0,0,,22.2,2,0,0,0.0,0,1,0,1,0,0,167,164,76,80,0,8,0,3,130,37,0,4,5,0,0,15,0,0,0,
Broderick Windham,199829,S,N ILLINOIS,8,7,0,33.3,0,0,254,0,0,54.2,59.6,80.4,59.2,69.1,74.9,0,0,0,0,5.0,7.7,1,0,1,42.4,1,0,0,46,0,57,128,2,0,0,2,0,42,126,1,70,38,1,5,0,3,0,0,5,8,5.0
Jasper Beeler,199831,S,N ILLINOIS,12,18,0,52.2,0,0,254,0,0,71.2,76.3,88.0,75.6,78.2,75.1,0,1,0,3,42.0,13.3,11,2,2,67.5,12,2,0,310,0,367,771,0,0,0,0,0,342,771,5,399,119,21,54,1,23,3,3,121,60,10.1
Montrel Canion,199833,DI,N ILLINOIS,4,1,0,,0,0,254,0,0,,58.9,74.2,55.7,61.1,72.2,0,0,0,0,,0.0,0,0,0,0.0,0,0,0,0,0,0,29,29,1,25,0,3,0,0,15,14,0,1,1,0,0,0,0,0,0,
Jordan Bellamy,199834,DI,N ILLINOIS,1,0,0,,0,0,254,0,0,,51.5,72.8,57.3,54.5,,0,0,0,0,,,0,0,0,0.0,0,0,0,0,0,0,10,10,3,7,0,0,0,0,7,3,0,0,0,0,0,0,0,0,0,
Davion Dixon,199840,DI,NOTRE DAME,1,1,0,,0,0,258,0,0,,50.7,70.9,59.7,51.8,70.2,0,0,0,0,,0.0,0,0,0,0.0,0,0,0,0,0,0,9,9,0,9,0,0,0,0,2,7,0,0,0,0,0,0,0,0,0,
Ethan Long,199842,S,NOTRE DAME,2,0,0,,0,0,258,0,0,96.9,97.2,73.9,,64.1,53.9,0,0,0,1,,33.3,1,0,0,0.0,0,0,0,5,1,11,23,0,0,0,0,0,15,23,0,12,2,2,2,0,0,0,0,0,0,
Madden Faraimo,199843,LB,NOTRE DAME,8,4,0,60.0,0,0,258,0,0,77.7,70.8,0.0,68.5,61.5,64.7,0,3,0,0,8.0,15.8,3,1,1,67.9,3,2,0,131,0,54,144,1,0,0,1,0,0,143,12,78,11,7,12,0,5,5,0,19,14,6.3
JaDon Blair,199844,S,NOTRE DAME,1,2,0,,0,0,258,0,0,64.3,64.6,72.7,,62.0,78.6,0,0,0,0,,0.0,0,0,0,0.0,0,0,0,6,0,7,19,0,0,0,0,0,11,19,0,12,2,0,0,0,0,0,0,0,0,
Cree Thomas,199847,CB,NOTRE DAME,3,0,0,0.0,0,0,258,0,0,64.1,65.7,74.2,,65.4,73.5,0,0,0,0,,0.0,0,1,1,39.6,0,0,0,2,28,13,30,0,0,0,0,0,0,30,0,17,0,0,1,0,2,0,0,0,0,
Trajen Odom,199848,DI,OHIO STATE,3,0,0,,0,0,260,0,0,,59.8,71.9,58.9,60.3,,0,0,0,0,,,0,0,0,0.0,0,0,0,0,0,0,10,10,3,6,0,1,0,0,1,9,0,0,0,0,0,0,0,0,0,
Nate Roberts,199849,TE,OHIO STATE,1,0,0,,0,0,260,0,0,,60.0,60.0,,60.0,,0,0,0,0,,,0,0,1,0.0,0,0,0,0,0,0,1,0,0,0,0,0,0,1,0,1,0,0,0,0,0,0,0,0,0,
Quincy Porter,199850,WR,OHIO STATE,1,0,0,,0,0,260,0,0,,60.0,60.0,,60.0,,0,0,0,0,,,0,0,1,0.0,0,0,0,0,0,0,1,0,0,0,0,0,0,1,0,1,0,0,0,0,0,0,0,0,0,
Jarquez Carter,199851,DI,OHIO STATE,7,0,0,,0,0,260,0,0,,63.5,76.9,72.3,56.6,72.2,0,0,0,0,,0.0,0,0,0,0.0,0,0,0,0,0,0,51,51,10,37,0,4,0,0,21,30,0,2,2,0,0,0,0,0,0,
Zion Grady,199852,ED,OHIO STATE,9,2,0,,0,0,260,0,0,62.7,72.1,80.7,60.3,75.8,81.2,0,3,0,0,,0.0,0,0,0,0.0,0,1,0,1,0,4,98,97,0,21,66,10,0,1,47,47,0,8,9,1,0,4,0,0,0,
Tarvos Alford,199853,ED,OHIO STATE,7,1,0,50.0,0,0,260,0,0,61.8,56.6,81.1,53.4,56.7,49.5,0,3,0,0,-1.0,28.6,2,0,0,56.3,1,0,0,2,0,4,50,43,0,0,43,0,0,7,10,36,5,2,4,1,2,3,0,-1,1,-1.0
Faheem Delane,199856,S,OHIO STATE,8,2,0,100.0,0,0,260,0,0,53.5,66.4,75.6,,77.2,72.1,0,0,0,0,11.0,8.3,1,0,0,105.6,3,0,0,46,1,26,81,3,0,0,3,0,24,78,0,55,7,6,9,1,3,0,0,28,21,9.3
Eli Lee,199866,LB,OHIO STATE,1,1,0,,0,0,260,0,0,60.0,73.9,68.9,,71.1,73.2,0,0,0,0,,0.0,0,0,0,0.0,0,0,0,6,0,1,6,0,0,0,0,0,0,6,0,5,0,0,0,0,0,0,0,0,0,
Riley Pettijohn,199867,LB,OHIO STATE,8,3,0,0.0,0,1,260,1,1,59.3,66.6,79.4,64.5,68.5,45.6,1,0,0,0,,23.1,3,1,0,39.6,0,0,0,46,0,22,77,26,0,0,26,0,0,51,7,48,4,3,7,1,2,1,0,0,0,
Devin Sanchez,199868,CB,OHIO STATE,12,1,0,57.9,1,0,260,0,0,56.9,58.3,83.1,63.3,63.7,39.6,0,1,0,0,51.0,26.7,4,0,3,109.5,11,0,0,15,248,173,275,3,0,0,3,0,2,272,2,100,6,1,10,0,19,1,1,190,91,17.3
Gavin Nix,199869,LB,OREGON,5,1,0,,0,0,264,0,0,64.9,72.4,74.9,66.3,71.5,76.1,1,1,0,0,,0.0,0,0,0,0.0,0,0,0,42,0,19,45,1,0,0,1,0,0,44,4,22,2,1,1,0,0,2,0,0,0,
Brandon Finney Jr.,199871,CB,OREGON,13,8,0,37.5,0,1,264,0,0,76.3,76.0,84.4,65.9,70.4,78.9,0,1,1,1,51.0,6.1,2,3,3,45.8,15,0,0,58,504,318,578,2,0,0,2,0,2,576,4,256,11,9,23,1,40,1,0,220,93,14.7
Jordon Davison,199872,HB,OREGON,1,0,0,,0,0,264,0,0,,60.0,60.0,,60.0,,0,0,0,0,,,0,0,0,0.0,0,0,0,0,0,0,1,0,0,0,0,0,0,1,0,1,0,0,0,0,0,0,0,0,0,
Nasir Wyatt,199873,ED,OREGON,11,1,0,,0,0,264,0,0,60.9,88.5,77.0,87.2,62.7,78.3,3,1,0,0,,0.0,0,0,0,0.0,0,2,0,3,0,1,32,26,0,0,26,0,0,6,25,6,1,2,1,0,0,6,0,0,0,
Matthew Johnson,199874,DI,OREGON,5,1,0,,0,0,264,0,0,,41.4,75.9,64.0,33.6,73.4,0,1,0,0,,0.0,0,0,0,0.0,0,0,0,0,0,0,47,47,3,40,0,4,0,0,22,25,0,1,2,0,0,1,0,0,0,
Na'eem Offord,199879,CB,OREGON,11,2,0,50.0,0,0,264,0,0,54.3,60.4,81.8,73.6,76.4,86.9,2,0,0,0,40.0,0.0,0,0,2,83.7,6,0,0,21,208,114,234,2,0,0,2,0,0,232,3,117,1,0,13,0,12,2,0,115,20,19.2
Bleu Dantzler,199886,ED,OREGON ST,2,0,0,,0,0,265,0,0,,69.4,73.6,,67.3,72.2,0,0,0,0,,0.0,0,0,0,0.0,0,0,0,0,0,0,8,7,0,0,7,0,0,1,0,8,1,0,1,0,0,0,0,0,0,
Trey Glasper,199887,CB,OREGON ST,12,2,0,62.8,0,0,265,0,0,49.5,49.8,85.0,57.3,51.8,29.4,0,0,0,1,68.0,30.3,10,3,2,132.0,27,0,0,45,537,316,600,2,0,0,2,0,2,598,2,282,13,5,21,3,43,0,6,492,135,18.2
Zephen Walker,199889,CB,OREGON ST,2,0,0,,0,0,265,0,0,,61.8,68.2,,60.6,,0,0,0,0,,,0,0,0,0.0,0,0,0,4,0,0,7,0,0,0,0,0,0,7,0,7,3,0,0,0,0,0,0,0,0,
Cam Smith,199891,LB,PENN STATE,1,0,0,,0,0,266,0,0,,60.8,64.2,,60.0,,0,0,0,0,,,0,0,0,0.0,0,0,0,1,0,0,1,0,0,0,0,0,0,1,0,1,0,0,0,0,0,0,0,0,0,
Jahmir Joseph,199892,CB,PENN STATE,3,0,0,50.0,0,0,266,0,0,90.5,85.9,75.7,,47.1,27.3,0,0,1,1,4.0,50.0,1,0,0,16.7,1,0,0,7,35,31,48,1,0,0,1,0,1,47,0,17,4,1,1,0,2,0,0,4,0,4.0
Cortez Harris,199893,ED,PENN STATE,2,0,0,,0,0,266,0,0,60.0,62.4,75.7,59.7,62.2,,0,0,0,0,,,0,0,0,0.0,0,0,0,0,0,1,18,18,0,0,17,1,0,0,10,7,0,0,0,0,0,0,0,0,0,
Joshua Johnson,199894,CB,PENN STATE,1,0,0,0.0,0,0,266,0,0,54.8,54.7,70.4,,60.0,,0,0,0,0,,,0,0,0,39.6,0,0,0,0,7,7,8,0,0,0,0,0,1,8,0,1,0,0,0,0,2,0,0,0,0,
Alex Tatsch,199895,LB,PENN STATE,6,0,0,80.0,0,0,266,0,0,55.6,60.3,77.9,64.3,64.0,61.2,0,1,0,0,46.0,12.5,2,1,0,151.7,8,0,0,92,0,51,108,5,0,0,5,0,0,103,9,48,10,8,14,1,10,1,1,124,61,15.5
Yvan Kemajou,199898,ED,PENN STATE,10,6,1,,0,0,266,0,0,65.2,67.0,46.2,64.9,65.6,73.9,1,7,0,0,,6.3,1,0,1,0.0,0,1,0,1,0,1,197,196,0,0,187,9,0,1,91,105,0,10,9,4,0,9,0,0,0,
Daryus Dixson,199900,CB,PENN STATE,9,6,0,60.0,0,2,266,1,0,72.9,75.7,82.2,91.8,57.8,67.5,1,2,0,0,22.0,10.5,2,2,0,74.0,12,2,0,13,232,153,264,2,0,0,2,0,0,262,7,104,15,5,11,0,20,5,0,105,20,8.8
Chaz Coleman,199909,ED,PENN STATE,9,0,0,100.0,0,1,266,2,0,69.9,81.1,84.4,90.3,59.0,44.9,4,10,0,0,4.0,27.3,3,1,0,83.3,1,1,0,11,1,4,150,138,1,0,130,7,0,12,70,76,0,7,8,2,1,15,0,4,6,4.0
Randy Adirika,199914,DI,PENN STATE,2,0,0,,0,0,266,0,0,60.0,69.8,73.5,56.7,73.1,,0,1,0,0,,,0,0,0,0.0,0,0,0,1,0,1,19,18,1,16,0,1,0,1,9,9,0,0,0,0,0,1,0,0,0,
Chauncey Chidi,199917,ED,SM HOUSTON,11,9,0,100.0,0,0,281,0,0,53.4,56.0,62.1,55.6,59.4,73.7,3,5,0,0,43.0,8.8,3,0,1,118.8,4,3,0,72,0,59,406,322,0,2,254,66,0,84,152,195,12,17,22,1,4,11,0,71,46,17.8
JaMair Diaz,199919,ED,SM HOUSTON,4,2,0,75.0,0,0,281,1,1,73.2,85.0,84.1,81.5,77.0,55.0,3,8,0,0,12.0,21.4,3,0,0,83.3,3,1,0,26,0,22,155,124,0,0,124,0,0,31,81,52,5,7,9,0,4,12,0,18,15,6.0
She'Fon Boyd,199920,DI,SM HOUSTON,12,9,0,,0,0,281,0,0,60.0,57.9,84.9,55.9,57.5,70.0,1,2,0,0,,0.0,0,0,0,0.0,0,1,0,0,0,0,285,285,230,54,1,0,0,0,134,151,0,5,6,1,0,4,0,0,0,
Jacob Robinson,199923,LB,SM HOUSTON,2,0,0,100.0,0,0,281,0,0,61.9,58.2,71.8,57.4,57.3,77.9,0,0,0,0,-6.0,0.0,0,0,0,79.2,1,0,0,23,0,5,29,3,0,0,3,0,0,26,5,19,3,2,3,0,1,0,0,-6,-1,-6.0
Maurice Mathis,199925,CB,SM HOUSTON,1,0,0,,0,0,281,0,0,,49.4,66.0,,53.3,21.4,0,0,0,0,,100.0,1,0,0,0.0,0,0,0,0,2,0,2,0,0,0,0,0,0,2,0,2,0,0,0,0,0,0,0,0,0,
Bryen Spaulding,199926,ED,SM HOUSTON,4,0,0,,0,0,281,0,0,,54.1,74.4,56.9,54.7,71.1,0,0,0,0,,,0,0,0,0.0,0,1,0,0,0,0,21,21,0,1,14,6,0,0,16,5,0,0,0,0,0,1,0,0,0,
Tokyo Gordon,199927,LB,SM HOUSTON,11,4,0,83.3,0,1,281,0,0,53.8,51.1,82.4,68.2,46.4,29.3,1,2,0,0,32.0,32.1,9,0,0,158.3,5,1,0,112,0,55,155,37,0,0,37,0,0,118,11,89,6,11,15,0,6,4,1,85,34,17.0
Brody Henderson,199933,ED,SM HOUSTON,11,4,0,100.0,1,0,281,0,0,43.3,52.1,49.3,61.6,49.7,72.1,2,9,0,0,10.0,6.3,1,0,1,108.3,1,0,0,23,0,9,228,204,0,0,202,2,0,24,113,106,1,7,11,3,1,11,0,10,9,10.0
Jayveon Johnson,199939,LB,SM HOUSTON,1,0,0,,0,0,281,0,0,,54.6,66.2,,60.0,21.8,0,0,0,0,,100.0,1,0,0,0.0,0,0,0,2,0,0,2,0,0,0,0,0,0,2,0,2,0,0,0,0,0,0,0,0,0,
Zavion Hardy,199941,DI,S CAROLINA,1,1,0,,0,0,289,0,0,,69.7,68.8,,65.7,71.1,0,0,0,0,,0.0,0,0,0,0.0,0,0,0,0,0,0,4,4,0,0,3,1,0,0,0,4,0,0,0,0,0,0,0,0,0,
Jaquel Holman,199944,S,S CAROLINA,4,1,0,100.0,0,0,289,0,0,62.5,69.4,71.6,,71.6,78.0,0,0,0,0,6.0,0.0,0,0,0,91.7,1,0,0,9,0,5,16,0,0,0,0,0,0,16,0,11,7,1,1,1,1,0,0,6,8,6.0
Anthony Addison,199946,ED,S CAROLINA,4,0,0,,0,0,289,0,0,,57.4,75.6,54.9,60.7,73.0,0,0,0,0,,0.0,0,0,0,0.0,0,0,0,1,0,0,19,18,0,0,18,0,0,1,10,9,0,1,1,0,0,0,0,0,0,
Donovan Darden,199948,LB,S CAROLINA,1,0,0,,0,0,289,0,0,,61.3,60.0,,60.0,74.4,0,0,0,0,,0.0,0,0,0,0.0,0,0,0,0,0,0,1,0,0,0,0,0,0,1,0,1,0,0,1,0,0,0,0,0,0,
Kendall Daniels Jr.,199952,S,S CAROLINA,5,0,0,0.0,0,0,289,0,0,64.1,54.3,71.8,,42.8,23.1,0,0,0,0,,100.0,2,0,0,39.6,0,0,0,6,0,12,24,0,0,0,0,0,15,24,0,12,2,0,0,0,1,0,0,0,0,
Jaquavious Dodd,199953,ED,S CAROLINA,2,0,0,,0,0,289,0,0,,42.1,73.4,55.3,42.3,29.9,0,1,0,0,,100.0,1,0,0,0.0,0,1,0,0,0,0,14,14,0,0,13,1,0,0,7,7,0,1,0,0,0,2,0,0,0,
Damarcus Leach,199959,CB,S CAROLINA,7,0,0,50.0,0,0,289,0,0,60.8,59.6,78.1,,53.2,47.7,0,0,0,0,28.0,0.0,0,0,0,107.3,4,0,0,5,82,48,91,1,0,0,1,0,0,90,0,43,3,0,3,0,8,0,1,46,6,11.5
Josh Smith,199960,LB,S CAROLINA,1,0,0,,0,0,289,0,0,,64.7,68.5,,63.0,,0,0,0,0,,,0,0,0,0.0,0,0,0,4,0,0,4,0,0,0,0,0,0,4,0,4,0,0,0,0,0,0,0,0,0,
Brenden Anes,199965,LB,TENNESSEE,5,1,0,100.0,0,0,307,0,0,52.1,47.0,85.0,56.7,48.2,75.8,0,0,0,0,26.0,0.0,0,0,0,117.7,4,0,0,31,0,20,34,0,0,0,0,0,0,34,2,12,2,0,1,0,4,0,0,49,43,12.3
Tre Poteat III,199967,CB,TENNESSEE,3,0,0,61.5,0,0,307,0,0,55.8,53.6,76.1,,47.6,54.1,0,0,0,0,19.0,25.0,3,1,0,76.1,8,0,0,2,48,30,50,0,0,0,0,0,0,50,0,20,0,3,9,0,13,0,0,71,25,8.9
Jayden Loftin,199968,ED,TENNESSEE,1,0,0,,0,0,307,0,0,,59.7,69.0,59.2,60.0,,0,0,0,0,,,0,0,0,0.0,0,0,0,0,0,0,3,3,0,0,3,0,0,0,1,2,0,0,0,0,0,0,0,0,0,
Mariyon Dye,199969,ED,TENNESSEE,6,1,0,,0,0,307,0,0,61.2,70.7,80.2,66.7,68.6,58.5,1,3,0,0,,20.0,1,0,0,0.0,0,0,0,1,0,1,88,87,0,6,71,10,0,1,56,31,0,1,3,0,0,4,0,0,0,
Jadon Perlotte,199972,LB,TENNESSEE,9,3,0,66.7,1,0,307,2,0,63.3,64.7,0.0,80.5,61.4,51.2,2,8,0,0,19.0,26.7,4,0,2,82.6,6,0,0,125,1,82,158,6,0,0,6,0,0,152,20,56,26,5,8,1,9,10,0,54,38,9.0
Sidney Walton,199975,S,TENNESSEE,6,1,0,100.0,0,0,307,0,0,63.9,61.3,79.9,59.9,53.3,34.9,0,2,0,0,11.0,36.4,4,0,0,97.2,3,0,0,23,0,62,102,1,0,0,1,0,63,101,2,38,15,1,6,0,3,2,0,22,9,7.3
Jaedon Harmon,199976,LB,TENNESSEE,8,5,1,100.0,0,0,307,0,0,45.6,61.5,79.7,75.7,78.4,55.8,1,1,0,0,24.0,18.8,3,0,0,106.3,8,1,0,62,0,44,90,7,0,0,7,0,0,83,18,28,20,4,8,0,8,3,0,76,70,9.5
Justin Baker,199977,HB,TENNESSEE,1,0,0,,0,0,307,0,0,,60.0,60.0,,60.0,,0,0,0,0,,,0,0,0,0.0,0,0,0,0,0,0,1,0,0,0,0,0,0,1,0,1,0,0,0,0,0,0,0,0,0,
Jack Van Dorselaer,199978,TE,TENNESSEE,1,0,0,,0,0,307,0,0,,60.0,60.0,,60.0,,0,0,0,0,,,0,0,1,0.0,0,0,0,0,0,0,1,0,0,0,0,0,0,1,0,1,0,0,0,0,0,0,0,0,0,
Ty Redmond,199979,CB,TENNESSEE,12,9,0,62.9,0,0,307,1,0,78.2,76.4,85.2,69.9,61.1,52.4,0,1,0,3,45.0,18.9,10,8,2,90.1,44,0,0,66,633,417,726,0,0,0,0,0,4,726,2,307,23,13,34,1,70,1,5,499,218,11.3
Dylan Lewis,199980,S,TENNESSEE,2,1,0,,0,0,307,0,0,68.0,68.0,72.1,,61.7,79.4,0,0,0,0,,0.0,0,0,0,0.0,0,0,0,5,0,14,21,0,0,0,0,0,14,21,0,7,2,0,1,0,0,0,0,0,0,
Isaiah Campbell,199981,DI,TENNESSEE,7,0,0,,0,0,307,0,0,60.0,63.7,78.1,69.0,54.4,73.0,0,5,0,0,,0.0,0,0,0,0.0,0,0,0,0,0,0,85,85,5,60,7,13,0,0,54,31,0,1,1,0,0,5,0,0,0,
Christian Gass,199982,ED,TENNESSEE,1,2,0,,0,0,307,0,0,,61.8,74.4,55.6,65.1,76.1,0,0,0,0,,0.0,0,0,0,0.0,0,0,0,0,0,0,12,12,0,0,11,1,0,0,8,4,0,0,1,0,0,0,0,0,0,
Tim Merritt,199983,CB,TENNESSEE,4,0,0,100.0,0,0,307,0,0,46.4,48.2,76.8,,62.9,52.9,0,0,0,0,61.0,20.0,1,0,0,158.3,5,0,0,2,41,28,45,0,0,0,0,0,1,45,0,17,0,1,4,0,5,0,1,98,52,19.6
Ethan Utley,199986,DI,TENNESSEE,11,0,0,100.0,1,0,307,0,0,55.3,52.4,18.3,61.3,54.0,49.2,0,3,0,0,4.0,20.0,1,0,1,83.3,1,0,0,0,0,0,106,106,0,77,3,26,0,0,55,51,0,1,4,1,1,3,0,4,8,4.0
Tom Tom Johnson Jr.,199988,S,TEXAS A&M,1,0,0,,0,0,312,0,0,58.5,59.5,72.0,,60.3,76.2,0,0,0,0,,0.0,0,0,0,0.0,0,0,0,2,0,11,17,0,0,0,0,0,12,17,0,6,3,0,1,0,0,0,0,0,0,
Noah Mikhail,199989,LB,TEXAS A&M,12,4,0,75.0,0,0,312,0,0,59.8,73.2,80.7,66.9,81.7,86.2,0,0,0,0,28.0,0.0,0,0,1,105.2,3,0,0,73,0,47,102,20,0,0,20,0,0,82,3,52,9,10,12,2,4,0,0,39,13,13.0
Marco Jones,199990,ED,TEXAS A&M,13,4,0,,0,0,312,0,0,51.4,77.1,84.3,71.3,79.1,84.1,2,4,0,0,,0.0,0,0,0,0.0,0,2,0,0,0,5,133,131,0,0,127,4,0,2,68,60,1,10,9,1,0,8,0,0,0,
Adonyss Currie,199996,CB,TEXAS A&M,2,0,0,,0,0,312,0,0,65.4,65.9,73.2,,61.6,,0,0,0,0,,,0,0,0,0.0,0,0,0,3,23,14,26,0,0,0,0,0,0,26,0,12,0,0,0,0,0,0,0,0,0,
Deyjhon Pettaway,199999,CB,TEXAS A&M,1,0,0,,0,0,312,0,0,69.3,71.4,71.1,,61.3,,0,0,0,0,,,0,0,0,0.0,0,0,0,4,0,3,11,1,0,0,1,0,0,10,0,8,6,0,0,0,0,0,0,0,0,
Cobey Sellers,200000,CB,TEXAS A&M,1,0,0,0.0,0,0,312,0,0,70.8,71.4,72.0,,60.6,,0,0,0,0,,,0,0,0,39.6,0,0,0,0,14,5,14,0,0,0,0,0,0,14,0,9,0,0,0,0,2,0,0,0,0,
Devarrick Woods,200004,DI,TEXAS ST,10,2,0,,0,0,314,0,0,73.4,74.9,80.5,67.3,70.6,80.2,1,9,0,0,,0.0,0,0,0,0.0,0,1,0,0,0,0,156,156,22,121,7,6,0,0,88,68,0,14,14,1,0,11,0,0,0,
Craig Royal Jr.,200005,CB,TEXAS ST,12,3,0,75.0,0,0,314,0,0,73.0,72.7,9.5,53.8,75.5,65.9,0,1,0,1,20.0,11.8,2,0,3,48.6,9,0,0,24,241,139,273,2,0,0,2,0,4,271,2,132,2,7,12,1,12,1,0,54,35,6.0
Cordarian Powell,200006,CB,TEXAS ST,4,0,0,57.1,0,0,314,0,0,62.2,63.1,77.1,,64.7,78.8,0,0,0,0,35.0,0.0,0,2,1,121.4,4,0,0,5,62,43,69,1,0,0,1,0,1,68,0,26,0,2,3,0,7,0,1,54,12,13.5
D'Ante Keys,200008,DI,TEXAS ST,1,0,0,,0,0,314,0,0,,60.0,0.0,,60.0,,0,0,0,0,,,0,0,1,0.0,0,0,0,0,0,0,1,1,0,0,1,0,0,0,0,1,0,0,0,0,0,0,0,0,0,
Javarius Bell,200009,DI,TEXAS ST,2,0,0,,0,0,314,0,0,,60.7,73.2,56.4,63.1,69.7,0,0,0,0,,0.0,0,0,0,0.0,0,0,0,0,0,0,13,13,9,2,0,2,0,0,8,5,0,0,1,0,0,0,0,0,0,
Simeon Garner,200014,DI,TEXAS ST,1,0,0,,0,0,314,0,0,,57.0,66.6,,59.0,,0,0,0,0,,,0,0,0,0.0,0,0,0,0,0,0,2,2,0,2,0,0,0,0,0,2,0,0,0,0,0,0,0,0,0,
Greg Gipson Jr.,200018,S,TEXAS ST,3,1,0,100.0,0,0,314,0,0,51.4,41.3,78.6,59.3,29.0,54.8,0,0,0,0,22.0,20.0,1,0,0,118.8,3,0,0,7,0,23,44,3,0,0,3,0,12,41,2,19,22,0,3,0,3,0,0,43,5,14.3
TJ Burkhalter,200019,LB,TEXAS ST,1,0,0,,0,0,314,0,0,50.8,50.2,66.9,,60.0,20.4,0,0,0,0,,100.0,1,0,0,0.0,0,0,0,6,0,6,7,0,0,0,0,0,1,7,0,1,0,0,0,0,0,0,0,0,0,
Blake Isbell,200023,ED,TEXAS ST,3,0,0,,0,0,314,0,0,,60.8,73.0,60.6,59.9,,0,0,0,0,,,0,0,0,0.0,0,0,0,0,0,0,16,16,0,0,6,10,0,0,8,8,0,0,0,0,0,0,0,0,0,
Joe Reddish,200024,CB,VA TECH,8,2,0,100.0,0,0,337,0,0,60.4,60.8,80.1,58.9,61.3,50.7,0,0,0,0,50.0,11.8,2,0,0,144.9,15,0,0,13,1,43,86,1,0,0,1,0,1,85,1,42,70,4,13,2,15,0,2,139,76,9.3
Brett Clatterbaugh,200029,ED,VA TECH,3,1,0,,0,0,337,0,0,60.0,65.1,75.5,56.7,65.2,77.6,0,0,0,0,,0.0,0,0,0,0.0,0,0,0,1,0,0,16,15,0,0,15,0,0,1,4,12,0,1,2,1,0,0,0,0,0,
Jojo Crim,200030,CB,VA TECH,6,2,0,100.0,0,0,337,0,0,61.9,58.1,79.0,,43.1,45.4,0,0,0,0,17.0,30.0,3,0,0,139.6,6,0,0,24,125,74,149,0,0,0,0,0,0,149,0,75,0,1,5,0,6,0,1,48,17,8.0
Knahlij Harrell,200032,CB,VA TECH,2,1,0,100.0,0,0,337,0,0,30.9,34.5,75.6,,62.3,37.9,0,0,0,0,38.0,33.3,1,0,0,158.3,4,0,0,1,0,10,20,0,0,0,0,0,0,20,0,10,19,0,1,0,4,0,1,72,31,18.0
Zeke Chinwike,200033,ED,VA TECH,1,0,0,,0,0,337,0,0,,66.9,72.1,58.1,66.1,73.0,0,0,0,0,,0.0,0,0,0,0.0,0,0,0,0,0,0,6,6,0,0,6,0,0,0,2,4,0,1,1,0,0,0,0,0,0,
Jahmari DeLoatch,200034,CB,VA TECH,2,0,0,50.0,0,0,337,0,0,63.0,62.8,71.8,59.6,60.3,74.2,0,0,0,0,-4.0,0.0,0,0,0,56.3,1,0,0,1,14,7,15,0,0,0,0,0,0,15,1,7,0,1,1,1,2,0,0,-4,-1,-4.0
Christian Evans,200035,DI,VA TECH,2,0,0,,0,0,337,0,0,,50.9,72.0,59.2,51.7,,0,0,0,0,,,0,0,0,0.0,0,0,0,0,0,0,13,13,1,12,0,0,0,0,2,11,0,0,0,0,0,0,0,0,0,
Brayden Johnson,200049,LB,WYOMING,12,22,0,80.0,0,0,351,0,0,90.1,86.8,86.7,59.4,77.2,60.6,1,9,1,2,25.0,15.3,15,3,0,55.8,16,0,0,627,2,257,649,4,0,0,4,0,7,645,68,324,9,40,61,5,20,10,0,138,122,8.6
Esaia Bogar,200050,ED,WYOMING,10,4,0,100.0,0,0,351,0,0,54.4,67.7,44.0,66.8,72.0,69.1,1,7,0,0,9.0,7.7,1,0,1,104.2,1,1,0,7,0,21,200,188,0,0,157,31,0,12,94,85,5,7,8,1,1,9,0,9,10,9.0
Tyson Shamsid-Deen,200072,CB,WYOMING,5,0,0,50.0,0,0,351,0,0,65.2,67.7,76.3,,63.9,28.1,0,0,0,0,9.0,50.0,1,1,0,96.5,3,0,0,0,25,19,28,0,0,0,0,0,1,28,0,9,1,1,1,0,6,0,1,19,9,6.3
JJ Shelton,200077,LB,ARKANSAS,5,3,0,66.7,0,0,111,0,0,40.1,46.0,74.8,74.3,53.2,43.4,0,1,0,0,22.0,25.0,2,1,0,95.1,2,1,0,44,0,27,50,0,0,0,0,0,1,50,3,20,3,2,3,0,3,2,0,27,28,13.5
Nigel Pringle,200079,CB,ARKANSAS,4,0,0,66.7,0,0,111,0,0,65.2,59.4,74.6,,45.2,76.2,0,0,0,0,12.0,0.0,0,0,0,75.7,2,0,0,0,24,11,25,0,0,0,0,0,0,25,0,14,1,1,2,0,3,0,0,13,1,6.5
Taijh Overton,200082,S,ARKANSAS,1,0,0,,0,0,111,0,0,60.0,68.1,67.0,,64.4,73.1,0,0,0,0,,0.0,0,0,0,0.0,0,0,0,1,0,1,4,0,0,0,0,0,3,4,0,3,0,1,1,0,0,0,0,0,0,
Trent Sellers,200083,ED,ARKANSAS,1,0,0,,0,0,111,0,0,,60.0,68.7,59.9,60.0,,0,0,0,0,,,0,0,0,0.0,0,0,0,0,0,0,3,3,0,0,3,0,0,0,1,2,0,0,0,0,0,0,0,0,0,
Reginald Vaughn,200084,DI,ARKANSAS,3,0,0,,0,0,111,0,0,,69.5,72.2,58.0,69.6,71.9,0,0,0,0,,0.0,0,0,0,0.0,0,0,0,0,0,0,12,12,2,8,1,1,0,0,3,9,0,2,2,1,0,0,0,0,0,
Kevin Oatis,200085,DI,ARKANSAS,4,1,0,,0,0,111,0,0,,54.5,74.6,66.4,49.3,71.9,0,2,0,0,,0.0,0,0,0,0.0,0,0,0,0,0,0,31,31,3,25,0,3,0,0,12,19,0,1,1,0,0,2,0,0,0,
Frank Mulipola,200086,ED,ARKANSAS,5,2,0,,0,0,111,0,0,62.7,55.9,0.0,56.5,56.5,67.5,0,0,0,0,,11.1,1,0,1,0.0,0,0,0,0,0,0,37,37,0,8,13,16,0,0,10,27,0,2,6,0,0,0,0,0,0,
Keshawn Davila,200087,CB,ARKANSAS,7,1,0,40.0,0,0,111,0,0,63.5,59.3,0.0,,55.1,38.6,0,0,0,0,18.0,33.3,1,2,3,95.0,2,0,0,6,15,40,61,0,0,0,0,0,2,61,0,21,37,0,1,0,5,0,1,24,15,12.0
Caleb Bell,200088,DI,ARKANSAS,1,0,0,,0,0,111,0,0,,60.0,67.4,59.8,60.0,,0,1,0,0,,,0,0,0,0.0,0,0,0,0,0,0,3,3,0,3,0,0,0,0,1,2,0,0,0,0,0,1,0,0,0,
Cam Settles,200090,HB,ARKANSAS,1,0,0,,0,0,111,0,0,,60.0,60.0,,60.0,,0,0,0,0,,,0,0,0,0.0,0,0,0,0,0,0,1,0,0,0,0,0,0,1,0,1,0,0,0,0,0,0,0,0,0,
Keiundre Johnson,200098,ED,ARKANSAS,1,0,0,,0,0,111,0,0,,50.7,69.7,,55.2,,0,0,0,0,,,0,0,0,0.0,0,0,0,0,0,0,4,4,0,0,3,1,0,0,0,4,0,0,0,0,0,0,0,0,0,
Tavion Wallace,200101,LB,ARKANSAS,2,1,0,100.0,0,0,111,0,0,51.0,48.1,70.6,,56.0,78.0,0,0,0,0,7.0,0.0,0,0,0,95.8,1,0,0,11,0,2,11,0,0,0,0,0,0,11,0,9,0,0,2,0,1,0,0,7,3,7.0
Bo Onu,200103,S,BAYLOR,7,0,0,100.0,0,0,118,0,0,55.2,60.2,75.1,60.9,65.5,37.8,0,2,0,0,14.0,30.0,3,0,0,110.4,2,0,0,31,1,24,58,2,0,0,2,0,0,56,6,28,24,5,7,0,2,2,0,21,25,10.5
Kamauryn Morgan,200104,ED,BAYLOR,10,1,0,0.0,0,0,118,0,0,54.0,60.0,83.1,58.9,61.9,67.3,0,6,0,0,,11.1,1,0,0,39.6,0,0,0,0,0,4,125,125,0,4,113,8,0,0,67,54,0,3,7,0,1,6,0,0,0,
Jalen Wiggins,200119,ED,FLORIDA,3,0,0,0.0,0,0,163,0,0,61.2,71.1,74.5,63.0,70.5,70.8,0,1,0,0,,0.0,0,0,0,39.6,0,0,0,0,0,3,18,18,0,0,13,5,0,0,8,7,0,1,1,0,1,1,0,0,0,
Ty Jackson,200120,LB,FLORIDA,1,0,0,,0,0,163,0,0,61.1,55.5,65.8,,55.3,,0,0,0,0,,,0,0,0,0.0,0,0,0,6,0,3,7,0,0,0,0,0,0,7,0,4,1,0,0,0,0,0,0,0,0,
Drake Stubbs,200123,S,FLORIDA,2,0,0,100.0,0,0,163,0,0,56.8,57.9,78.3,65.0,57.5,56.5,0,0,0,0,27.0,25.0,1,0,0,118.8,2,0,0,13,0,31,60,2,0,0,2,0,40,58,2,27,5,0,3,0,2,0,0,37,25,18.5
Ben Hanks III,200133,CB,FLORIDA,3,3,0,63.6,0,0,163,0,0,62.6,64.2,80.2,58.3,70.5,57.3,0,0,0,1,47.0,15.4,2,2,0,86.6,7,0,0,9,138,78,148,0,0,0,0,0,0,148,1,69,1,1,8,0,11,0,1,103,29,14.7
Lagonza Hayward,200134,S,FLORIDA,8,5,0,70.0,0,0,163,0,0,65.3,64.6,83.8,71.0,52.4,48.7,1,1,0,0,20.0,25.0,4,0,0,81.7,7,1,0,10,0,64,128,9,0,0,9,0,6,119,12,52,103,5,7,1,10,3,0,51,27,7.3
Jayden Woods,200135,ED,FLORIDA,12,2,0,62.5,0,1,163,1,0,68.3,69.8,89.8,73.7,60.6,62.5,1,12,0,1,9.0,16.7,5,0,0,28.1,5,4,0,9,0,53,448,426,0,3,420,3,0,22,161,234,13,18,23,3,8,17,0,26,21,5.2
Martels Carter Jr.,200143,S,KENTUCKY,2,0,0,,0,0,202,0,0,63.6,58.8,75.9,,48.9,29.3,0,0,0,0,,37.5,3,0,0,0.0,0,0,0,32,0,28,52,0,0,0,0,0,7,52,0,24,12,0,5,0,0,0,0,0,0,
Demarcus Gardner,200144,CB,KENTUCKY,3,0,0,100.0,0,0,202,0,0,60.1,61.0,72.9,,61.3,77.0,0,0,0,0,9.0,0.0,0,0,0,97.9,2,0,0,2,18,9,21,0,0,0,0,0,1,21,0,12,0,1,2,0,2,0,0,15,4,7.5
Dyllon Williams,200147,S,KENTUCKY,3,0,0,0.0,0,0,202,0,0,71.1,63.8,0.0,,64.4,75.3,0,0,0,0,,0.0,0,0,1,39.6,0,0,0,8,0,16,25,0,0,0,0,0,12,25,0,9,5,1,1,0,1,0,0,0,0,
Kalen Edwards,200149,DI,KENTUCKY,5,1,0,,0,0,202,0,0,,66.6,77.3,56.5,69.6,69.9,0,0,0,0,,0.0,0,0,0,0.0,0,0,0,0,0,0,32,32,24,8,0,0,0,0,17,15,0,1,1,0,0,0,0,0,0,
Malachi Toney,200155,WR,MIAMI FL,1,0,0,,1,0,220,0,0,60.0,62.4,60.0,,,,0,0,0,0,,,0,0,4,0.0,0,0,0,0,0,1,1,0,0,0,0,0,0,1,0,0,0,0,0,0,0,0,0,0,0,
Herbert Scroggins III,200159,ED,MIAMI FL,9,1,0,,0,0,220,0,0,,64.4,78.6,63.5,62.1,74.8,3,0,0,0,,0.0,0,0,0,0.0,0,0,0,0,0,0,72,72,0,2,46,24,0,0,43,29,0,0,2,0,0,3,0,0,0,
Mykah Newton,200160,DI,MIAMI FL,1,0,0,,0,0,220,0,0,,62.6,67.8,,61.3,,0,0,0,0,,,0,0,0,0.0,0,0,0,0,0,0,3,3,0,3,0,0,0,0,0,3,0,0,0,0,0,0,0,0,0,
Kellen Wiley Jr.,200164,LB,MIAMI FL,3,0,0,100.0,0,0,220,0,0,29.8,54.9,70.1,75.9,81.9,29.2,0,3,0,0,28.0,36.4,4,0,0,112.5,5,0,0,13,0,7,17,1,0,0,1,0,0,16,3,7,3,3,7,0,5,3,0,55,53,11.0
Donta Simpson,200165,DI,MIAMI FL,10,2,0,,0,0,220,0,0,60.0,60.6,81.4,56.6,62.3,53.1,1,2,0,0,,16.7,1,0,0,0.0,0,0,0,0,0,0,105,105,51,53,0,1,0,0,64,41,0,3,3,2,0,3,0,0,0,
Chris Ewald Jr.,200171,CB,MIAMI FL,2,0,0,,0,0,220,0,0,64.3,64.9,73.3,,61.5,,0,0,0,0,,,0,0,0,0.0,0,0,0,0,20,8,20,0,0,0,0,0,0,20,0,12,0,0,0,0,0,0,0,0,0,
Ja'boree Antoine,200172,CB,MIAMI FL,6,1,0,66.7,0,0,220,0,0,61.1,58.5,76.9,,49.1,66.4,0,0,0,0,15.0,16.7,1,0,0,88.2,2,0,0,5,62,37,67,0,0,0,0,0,0,67,0,30,0,0,4,0,3,0,0,22,2,11.0
Niles King,200179,ED,S DIEGO ST,12,12,0,100.0,0,0,284,0,0,60.7,74.0,86.0,78.1,64.6,68.7,5,16,0,0,3.0,8.0,2,0,0,118.8,1,7,0,1,0,9,348,346,3,18,297,28,0,2,180,159,1,15,11,3,1,28,1,3,5,3.0
Zach Johnson,200211,ED,UAB,9,4,0,,0,0,321,0,0,65.8,69.6,84.4,63.8,66.8,70.2,1,8,0,0,,7.7,1,0,0,0.0,0,0,0,3,0,0,121,118,0,3,115,0,0,3,58,63,0,8,8,4,0,9,0,0,0,
James Steel,200218,DI,UAB,2,0,0,,0,0,321,0,0,,49.3,67.9,59.4,60.0,,0,1,0,0,,,0,0,0,0.0,0,0,0,0,0,0,4,4,0,3,0,1,0,0,2,2,0,0,0,0,0,1,0,0,0,
John Shepard,200227,CB,UTAH ST,1,0,0,,0,0,329,0,0,,60.1,60.0,,60.0,,0,0,0,0,,,0,0,0,0.0,0,0,0,0,0,0,1,0,0,0,0,0,0,1,0,1,0,0,0,0,0,0,0,0,0,
John Gayer,200236,ED,UTAH ST,2,0,0,,1,0,329,0,0,,44.7,0.0,55.6,54.4,72.2,0,1,0,0,,0.0,0,0,1,0.0,0,0,0,0,0,0,25,25,0,0,25,0,0,0,13,12,0,1,1,0,0,1,0,0,0,
Paxton Naegle,200238,ED,UTAH ST,1,0,0,,0,0,329,0,0,,59.3,66.0,58.8,,,0,0,0,0,,,0,0,0,0.0,0,0,0,0,0,0,1,1,0,0,1,0,0,0,1,0,0,0,0,0,0,0,0,0,0,
Charger Doty,200240,S,UTAH ST,3,0,0,75.0,0,0,329,0,0,65.0,61.6,77.2,55.6,52.9,28.4,0,1,0,0,24.0,40.0,2,1,0,111.5,3,0,0,25,1,30,45,0,0,0,0,0,0,45,11,4,19,2,3,0,4,1,0,45,28,15.0
Mataira Brown,200241,LB,UTAH ST,12,7,1,55.6,0,0,329,0,0,58.9,65.6,87.7,56.3,74.1,70.7,0,3,0,1,14.0,11.8,4,0,0,31.0,5,1,0,147,1,121,329,121,0,0,121,0,0,208,71,137,60,15,23,0,9,4,0,48,14,9.6
Kone Aumua-Uiagalelei,200249,DI,UTAH ST,3,0,0,,0,0,329,0,0,,56.0,76.7,55.7,56.9,70.1,0,0,0,0,,0.0,0,0,0,0.0,0,0,0,0,0,0,34,34,29,5,0,0,0,0,15,19,0,1,1,0,0,0,0,0,0,
Chris Joe,200251,LB,UTAH ST,12,10,0,58.8,0,0,329,0,0,63.1,66.1,65.7,69.5,64.2,55.6,5,7,0,0,14.0,21.3,10,1,1,64.6,10,4,0,123,2,168,548,271,0,0,271,0,0,277,119,261,151,21,27,2,17,16,0,55,43,5.5
Joshua Papu,200252,DI,UTAH ST,3,1,0,,0,0,329,0,0,,46.1,76.2,58.1,44.8,28.0,0,0,0,0,,50.0,1,0,0,0.0,0,0,0,0,0,0,30,30,24,6,0,0,0,0,11,19,0,0,0,0,0,0,0,0,0,
Noah White,200256,HB,UTAH ST,1,0,0,,0,0,329,0,0,,60.1,60.0,,60.0,,0,0,0,0,,,0,0,0,0.0,0,0,0,0,0,0,1,0,0,0,0,0,0,1,0,1,0,0,0,0,0,0,0,0,0,
Dakota Howell,200260,LB,UTAH ST,3,0,0,100.0,0,0,329,0,0,48.9,48.9,70.6,54.3,63.1,26.5,0,1,0,0,5.0,33.3,1,0,0,87.5,1,0,0,12,0,3,14,1,0,0,1,0,0,13,5,6,0,0,2,0,1,1,0,5,8,5.0
Nikhil Jefferson,200262,DI,VANDERBILT,1,0,0,,0,0,333,0,0,,56.4,73.0,55.2,60.2,,0,0,0,0,,,0,0,0,0.0,0,0,0,0,0,0,18,18,3,12,0,3,0,0,16,2,0,0,0,0,0,0,0,0,0,
Vanzale Hinton,200263,S,VANDERBILT,6,0,0,60.0,0,0,333,0,0,49.2,51.8,77.1,58.5,65.0,76.9,0,0,0,0,32.0,0.0,0,1,0,143.8,3,0,0,5,0,27,45,1,0,0,1,0,17,44,2,16,21,1,2,0,5,0,2,66,10,22.0
Carson Lawrence,200264,S,VANDERBILT,7,2,0,55.6,0,0,333,0,0,69.3,67.2,80.6,58.7,58.4,47.9,0,1,0,0,20.0,25.0,3,1,0,108.1,5,0,0,20,2,77,121,5,0,0,5,0,80,116,10,34,13,2,7,0,9,1,1,49,21,9.8
Cayden Daniels,200265,CB,VANDERBILT,3,1,0,50.0,0,0,333,0,0,75.0,76.0,76.1,,70.1,81.9,0,0,0,0,8.0,0.0,0,1,0,60.4,1,0,0,5,51,43,57,0,0,0,0,0,0,57,0,14,1,1,5,0,2,0,0,8,1,8.0
Sichan John,200268,DI,VIRGINIA,4,1,0,,0,0,335,0,0,,75.5,76.8,60.4,80.8,27.6,0,1,0,0,,50.0,1,0,0,0.0,0,0,0,0,0,0,54,54,6,47,0,1,0,0,32,22,0,0,0,0,0,1,0,0,0,
Corey Costner,200270,CB,VIRGINIA,11,2,0,50.0,0,0,335,0,0,65.5,67.1,81.4,57.6,69.5,57.0,0,0,0,1,30.0,18.8,3,2,0,44.9,7,0,0,39,1,93,169,4,0,0,4,0,2,165,2,74,123,6,11,1,14,0,0,104,35,14.9
Montino Williams,200278,S,VIRGINIA,2,1,0,0.0,0,0,335,0,0,59.3,64.1,73.7,,70.2,56.2,0,0,0,0,,20.0,1,1,0,39.6,0,0,0,9,0,11,22,0,0,0,0,0,6,22,0,11,7,0,3,0,1,0,0,0,0,
Josiah Persinger,200281,CB,VIRGINIA,3,0,0,57.1,0,0,335,0,0,64.6,65.7,76.3,,65.9,78.5,0,0,0,0,39.0,0.0,0,1,0,84.8,4,0,0,0,52,33,52,0,0,0,0,0,0,52,0,19,0,1,2,0,7,0,0,59,17,14.8
DJ Sanders,200290,DI,TEXAS A&M,4,3,0,,0,0,312,0,0,60.0,74.8,75.2,59.5,77.2,56.8,0,2,0,0,,14.3,1,0,0,0.0,0,0,0,0,0,0,39,38,0,37,1,0,0,1,19,20,0,2,3,0,0,2,0,0,0,
Kwon McGinney,200294,DI,GA SOUTHRN,5,0,0,,0,0,174,0,0,,38.5,78.2,49.9,37.4,28.1,0,2,0,0,,50.0,1,0,0,0.0,0,0,0,0,0,0,87,87,9,72,3,3,0,0,29,58,0,1,1,0,0,2,0,0,0,
Amory Hills,200305,G,MARYLAND,3,1,0,,0,0,215,0,0,,75.5,68.8,60.0,71.0,69.7,0,0,0,0,,0.0,0,0,0,0.0,0,0,0,0,0,0,5,5,0,5,0,0,0,0,1,4,0,0,0,0,0,0,0,0,0,
Zahir Mathis,200306,ED,MARYLAND,11,6,1,100.0,0,0,215,0,0,51.4,68.6,52.9,74.0,63.5,66.5,5,21,0,0,22.0,16.7,6,0,2,150.0,4,5,0,1,0,16,474,473,0,0,473,0,0,1,244,214,0,19,24,2,4,31,1,42,25,10.5
Jayden Shipps,200309,CB,MARYLAND,10,2,0,77.8,0,0,215,0,0,47.3,55.3,81.7,69.6,74.5,73.8,0,1,0,0,84.0,8.3,1,0,0,155.8,7,1,0,20,2,74,147,1,0,0,1,0,15,146,4,69,108,5,9,0,9,2,1,144,66,20.6
JT Taggart,200310,TE,MARYLAND,1,0,0,,0,0,215,0,0,,60.0,60.0,,60.0,,0,0,0,0,,,0,0,0,0.0,0,0,0,0,0,0,1,0,0,0,0,0,0,1,0,1,0,0,0,0,0,0,0,0,0,
Lonnie McAllister III,200317,CB,STANFORD,6,1,0,75.0,0,0,300,0,0,48.8,46.0,80.8,56.5,37.5,28.5,0,0,0,0,32.0,36.4,4,0,0,94.4,9,0,0,20,1,68,113,5,0,0,5,0,0,108,5,40,87,3,6,0,12,0,0,86,93,9.6
Chris Garland,200318,CB,STANFORD,2,0,0,100.0,0,0,300,0,0,54.7,55.5,75.5,,60.8,46.9,0,0,0,0,30.0,25.0,1,0,0,118.8,4,0,0,1,26,18,28,0,0,0,0,0,0,28,0,10,0,1,3,0,4,0,0,54,13,13.5
Adam Shovlin,200320,ED,STANFORD,1,0,0,,0,0,300,0,0,,61.6,67.8,60.0,60.4,,0,0,0,0,,,0,0,0,0.0,0,0,0,0,0,0,3,3,0,3,0,0,0,0,1,2,0,0,0,0,0,0,0,0,0,
Gabe Kaminski,200322,ED,STANFORD,4,1,0,100.0,0,0,300,0,0,71.6,79.9,80.7,68.5,78.0,78.9,1,3,0,0,5.0,0.0,0,0,0,87.5,1,0,0,2,0,8,54,51,0,0,51,0,0,3,25,21,1,1,3,0,1,4,0,5,1,5.0
Liam Thorpe,200323,WR,STANFORD,1,0,0,,0,0,300,0,0,55.9,53.4,60.0,,,26.5,0,0,0,0,,100.0,1,0,0,0.0,0,0,0,0,0,1,1,0,0,0,0,0,0,1,0,0,0,0,0,0,0,0,0,0,0,
Donte Utu,200328,S,STANFORD,1,0,0,,0,0,300,0,0,62.5,42.0,0.0,,60.0,,0,0,0,0,,,0,0,1,0.0,0,0,0,7,0,6,8,0,0,0,0,0,1,8,0,2,0,0,0,0,0,0,0,0,0,
Scott Taylor,200329,ED,UCLA,8,4,0,100.0,1,0,324,0,0,66.5,53.5,20.7,49.6,54.8,61.2,1,4,0,0,7.0,11.1,1,0,1,87.5,2,0,0,17,1,33,118,98,0,0,98,0,1,20,61,24,1,1,4,0,2,5,0,10,0,5.0
Jewelous Walls,200336,ED,UCLA,11,0,0,,0,0,324,0,0,63.2,64.0,84.8,62.3,61.0,30.9,0,8,0,0,,50.0,2,0,0,0.0,0,0,0,22,0,4,131,109,2,1,106,0,0,22,102,25,0,1,2,0,0,8,0,0,0,
Cole Cogshell,200337,ED,UCLA,6,2,0,,0,0,324,0,0,60.0,45.1,78.8,57.3,36.2,76.4,2,1,0,0,,0.0,0,0,0,0.0,0,1,0,1,0,1,55,54,0,3,47,4,0,1,34,20,0,1,1,0,0,4,0,0,0,
Dallas Golden,200343,CB,NOTRE DAME,10,7,0,71.4,0,0,258,0,0,52.5,52.8,85.9,61.5,52.6,56.6,0,2,0,1,45.0,19.2,5,2,1,119.6,20,0,0,31,34,214,311,4,0,0,4,0,11,307,5,92,230,5,14,0,28,2,3,250,75,12.5
Mark Zackery IV,200345,CB,NOTRE DAME,11,2,0,52.2,0,0,258,0,0,70.7,71.3,83.2,66.9,63.2,78.9,0,0,0,0,45.0,0.0,0,3,0,96.3,12,0,0,1,295,188,307,0,0,0,0,0,0,307,0,119,11,2,11,1,23,0,1,200,32,16.7
Christopher Burgess Jr.,200348,ED,NOTRE DAME,1,0,0,,0,0,258,0,0,,68.2,71.9,59.7,67.1,74.1,0,0,0,0,,0.0,0,0,0,0.0,0,0,0,0,0,0,9,9,0,2,7,0,0,0,2,7,0,1,2,0,0,0,0,0,0,
Gordy Sulfsted,200353,DI,NOTRE DAME,1,0,0,,0,0,258,0,0,,53.8,69.9,60.0,54.8,69.7,0,0,0,0,,0.0,0,0,0,0.0,0,0,0,0,0,0,7,7,0,7,0,0,0,0,1,6,0,1,1,0,0,0,0,0,0,
Joe Reiff,200354,ED,NOTRE DAME,1,0,0,,0,0,258,0,0,,61.5,72.7,59.6,61.2,,0,0,0,0,,,0,0,0,0.0,0,0,0,0,0,0,9,9,0,0,9,0,0,0,2,7,0,0,0,0,0,0,0,0,0,
Eddie Vega,203591,DI,AKRON,2,0,0,,0,0,102,0,0,,48.8,68.2,58.8,60.0,,0,0,0,0,,,0,0,0,0.0,0,0,0,0,0,0,3,3,0,1,0,2,0,0,2,1,0,0,0,0,0,0,0,0,0,
Nehemiah Musika,203952,DI,AKRON,8,1,0,,0,0,102,0,0,,44.7,12.1,54.8,46.4,31.9,0,1,0,0,,33.3,2,0,1,0.0,0,0,0,0,0,0,82,82,36,45,1,0,0,0,37,45,0,1,3,0,0,1,0,0,0,
Troy Hazuda,203955,WR,AKRON,1,0,0,,0,0,102,0,0,,60.0,60.0,60.0,,,0,0,0,0,,,0,0,0,0.0,0,0,0,0,0,0,1,0,0,0,0,0,0,1,1,0,0,0,0,0,0,0,0,0,0,
Tairan Davis Jr.,203958,S,AKRON,3,0,0,,0,0,102,0,0,39.7,33.1,68.6,60.0,61.0,,1,0,0,0,,,0,0,0,0.0,0,0,0,2,0,2,9,0,0,0,0,0,1,9,1,6,4,0,0,0,0,1,0,0,0,
Israel Duncan,203963,ED,AKRON,2,0,0,,0,0,102,0,0,,29.6,70.2,57.1,34.9,,0,0,0,0,,,0,0,0,0.0,0,0,0,0,0,0,8,8,0,4,1,3,0,0,4,4,0,0,0,0,0,0,0,0,0,
Jourdin Crawford,203972,DI,AUBURN,7,1,0,,0,0,115,0,0,,69.8,77.1,56.1,73.1,72.2,0,0,0,0,,0.0,0,0,0,0.0,0,0,0,0,0,0,40,40,25,13,0,2,0,0,16,24,0,1,1,0,0,0,0,0,0,
Bol Bol,203976,ED,BOISE ST,7,0,0,,0,0,120,0,0,61.5,59.9,80.9,68.8,44.7,73.0,0,1,0,0,,,0,0,0,0.0,0,1,0,1,0,3,54,51,0,0,51,0,0,3,32,19,2,1,0,0,0,2,0,0,0,
Syncere Brackett-Lambey,203982,LB,BOISE ST,5,2,0,100.0,0,0,120,0,0,61.6,68.0,74.3,64.2,67.6,29.9,0,1,0,0,1.0,50.0,2,0,0,79.2,1,0,0,25,0,12,26,1,0,0,1,0,0,25,4,10,0,0,0,0,1,1,0,1,1,1.0
Nusi Taumoepeau,203986,ED,BYU,7,0,0,,0,0,128,0,0,52.9,55.6,81.6,60.6,54.6,28.2,1,6,0,0,,50.0,4,0,0,0.0,0,1,0,9,1,16,72,60,0,2,56,2,0,12,33,23,2,4,4,0,0,8,0,0,0,
Kendal Wall,203988,DI,BYU,3,0,0,,0,0,128,0,0,60.0,52.4,74.1,65.8,42.6,70.2,0,1,0,0,,0.0,0,0,0,0.0,0,0,0,0,0,0,18,18,3,8,6,1,0,0,11,7,0,0,1,0,0,1,0,0,0,
Ulavai Fetuli,203989,DI,BYU,3,0,0,,0,0,128,0,0,,43.9,76.0,59.9,38.8,,0,1,0,0,,,0,0,0,0.0,0,0,0,1,0,0,34,33,11,19,1,2,0,1,16,18,0,0,0,0,0,1,0,0,0,
Jordyn Criss,203996,CB,BYU,2,0,0,,0,0,128,0,0,62.6,63.4,68.9,,60.0,,0,0,0,0,,,0,0,0,0.0,0,0,0,0,5,3,5,0,0,0,0,0,0,5,0,2,0,0,0,0,0,0,0,0,0,
Tommy Rupley,203998,ED,DUKE,1,0,0,,0,0,154,0,0,,64.0,68.5,,62.3,,0,0,0,0,,,0,0,0,0.0,0,0,0,0,0,0,3,3,0,0,3,0,0,0,0,3,0,0,0,0,0,0,0,0,0,
Will Felder Jr.,204001,LB,DUKE,1,0,0,,0,0,154,0,0,60.0,65.3,70.7,59.1,66.1,77.1,0,0,0,0,,0.0,0,0,0,0.0,0,0,0,5,0,1,9,1,0,0,1,0,0,8,1,7,3,2,2,0,0,0,0,0,0,
Asher Wasserman,204004,LB,DUKE,1,0,0,,0,0,154,0,0,,48.8,67.3,,51.2,76.5,0,0,0,0,,0.0,0,0,0,0.0,0,0,0,5,0,0,5,0,0,0,0,0,0,5,0,5,0,0,2,0,0,0,0,0,0,
Andrew Pellicciotta,204005,S,DUKE,12,2,0,81.8,0,0,154,0,0,63.9,64.1,82.0,59.1,63.4,60.8,0,0,0,1,26.0,16.7,4,1,0,116.9,9,0,0,55,1,132,196,4,0,0,4,0,95,192,3,61,40,4,18,0,11,0,2,128,64,14.2
Sampson Onuoha,204007,ED,DUKE,1,0,0,,0,0,154,0,0,,65.3,67.8,,62.9,73.9,0,0,0,0,,0.0,0,0,0,0.0,0,0,0,0,0,0,2,2,0,0,2,0,0,0,0,2,0,1,2,0,0,0,0,0,0,
Tyger Canales,204031,CB,FRESNO ST,1,0,0,,0,0,169,0,0,,60.0,60.0,,60.0,,0,0,0,0,,,0,0,0,0.0,0,0,0,0,0,0,1,0,0,0,0,0,0,1,0,1,0,0,0,0,0,0,0,0,0,
Falelua Moalele,204042,DI,HAWAII,3,0,0,,0,0,180,0,0,,39.4,72.5,54.6,60.0,,1,0,0,0,,,0,0,0,0.0,0,0,0,0,0,0,8,8,0,0,8,0,0,0,6,2,0,0,0,0,0,1,0,0,0,
Jordan Lynch,204044,DI,HAWAII,8,0,0,,0,0,180,0,0,,34.5,0.0,54.5,35.6,,0,0,0,0,,,0,0,1,0.0,0,0,0,0,0,0,57,56,26,30,0,0,0,1,24,33,0,0,0,0,0,0,0,0,0,
Qwyn Williams,204046,DI,HAWAII,12,8,0,,0,1,180,0,0,74.9,70.9,83.9,70.8,59.0,54.6,4,12,0,0,,16.0,4,0,0,0.0,0,3,0,0,0,0,385,385,69,252,10,54,0,0,211,174,0,10,13,0,0,19,0,0,0,
Iose Epenesa,204051,ED,IOWA,3,1,0,,0,0,192,0,0,,75.3,75.8,55.2,78.9,73.6,0,0,0,0,,0.0,0,0,0,0.0,0,0,0,0,0,0,28,28,0,0,15,13,0,0,8,20,0,1,1,1,0,0,0,0,0,
Jacob Wallace,204064,CB,IOWA,1,0,0,,0,0,192,0,0,64.6,66.4,73.5,,63.5,74.8,0,0,0,0,,0.0,0,0,0,0.0,0,0,0,2,0,9,14,0,0,0,0,0,0,14,0,5,12,0,1,0,0,0,0,0,0,
Hunter Sowell,204080,CB,IOWA STATE,1,0,0,0.0,0,0,193,0,0,63.3,63.9,68.4,,60.0,,0,0,0,0,,,0,0,0,39.6,0,0,0,0,5,4,5,0,0,0,0,0,0,5,0,1,0,0,0,0,1,0,0,0,0,
Garrett Martin,204086,ED,KANSAS,1,1,0,,0,0,198,0,0,,69.6,66.0,,61.5,72.2,0,0,0,0,,0.0,0,0,0,0.0,0,0,0,0,0,0,1,1,0,0,1,0,0,0,0,1,0,0,0,0,0,0,0,0,0,
Josiah Hammond,204089,DI,KANSAS,1,0,0,,0,0,198,0,0,,60.0,65.5,,60.0,,0,0,0,0,,,0,0,0,0.0,0,0,0,0,0,0,1,1,1,0,0,0,0,0,0,1,0,0,0,0,0,0,0,0,0,
Brent Gordon Jr.,204113,CB,LA LAFAYET,11,4,0,56.7,0,1,207,1,0,75.5,77.9,51.2,50.8,87.9,79.7,0,1,0,1,52.0,6.3,4,9,3,86.7,38,0,0,43,650,376,739,1,0,0,1,0,0,738,5,358,45,14,55,0,67,1,3,461,104,12.1
Steven Ranel II,204126,S,LA LAFAYET,1,2,0,0.0,0,0,207,1,0,63.4,58.4,77.2,59.4,51.2,29.5,0,0,0,0,,45.5,5,0,0,39.6,0,0,0,13,2,24,49,0,0,0,0,0,32,49,1,24,2,2,4,0,1,0,0,0,0,
Kainoa Winston,204138,LB,MICHIGAN,1,0,0,100.0,0,0,222,0,0,45.3,47.9,67.9,59.4,64.0,76.9,0,0,0,0,18.0,0.0,0,0,0,118.8,1,0,0,6,0,2,11,0,0,0,0,0,2,11,1,8,3,1,2,0,1,0,0,18,1,18.0
Benny Patterson III,204139,ED,MICHIGAN,1,1,0,,0,0,222,0,0,,68.3,73.1,60.0,66.5,73.0,0,0,0,0,,0.0,0,0,0,0.0,0,0,0,0,0,0,8,8,0,0,8,0,0,0,1,7,0,0,0,0,0,0,0,0,0,
Jayden Sanders,204141,CB,MICHIGAN,11,6,0,71.4,0,0,222,0,0,74.7,75.9,82.4,60.0,75.4,76.3,0,0,0,0,22.0,7.1,2,1,0,102.7,15,0,0,18,262,178,291,0,0,0,0,0,0,291,1,112,11,5,20,0,21,0,1,127,46,8.5
Elijah Dotson,204144,CB,MICHIGAN,8,5,0,50.0,0,0,222,0,0,62.0,64.1,86.4,,72.0,84.9,0,0,0,1,21.0,0.0,0,0,1,34.0,3,0,0,2,47,63,81,0,0,0,0,0,0,81,0,18,31,2,6,0,6,0,0,43,7,14.3
Nate Marshall,204145,ED,MICHIGAN,9,1,0,100.0,0,0,222,0,0,46.4,64.1,0.0,78.5,62.6,64.9,3,3,0,0,14.0,14.3,1,0,1,118.8,1,0,0,2,0,7,62,60,0,1,55,4,0,2,30,25,0,1,5,0,1,6,0,14,10,14.0
Zack Harden,204159,S,MINNESOTA,5,0,0,100.0,0,0,225,0,0,54.2,50.5,70.4,,51.9,40.0,0,0,0,0,9.0,0.0,0,0,0,104.2,1,0,0,9,0,7,14,0,0,0,0,0,3,14,0,7,2,1,2,0,1,0,0,9,3,9.0
LaCorian Hodge,204175,LB,NC STATE,4,1,0,,0,0,248,0,0,65.9,67.5,73.0,56.9,66.5,43.1,0,1,0,0,,25.0,1,0,0,0.0,0,0,0,41,0,15,41,0,0,0,0,0,0,41,2,24,0,1,2,0,0,1,0,0,0,
Ke'Von Carter,204176,ED,NC STATE,6,1,0,100.0,0,0,248,0,0,34.2,44.6,82.5,52.2,54.5,78.0,0,2,0,0,15.0,0.0,0,0,0,137.5,2,0,0,4,0,5,72,64,0,0,64,0,0,8,35,32,3,1,3,0,2,2,1,15,14,7.5
Draden Fullbright,204185,CB,OKLA STATE,2,0,0,100.0,0,0,262,0,0,53.0,50.7,70.2,,60.0,73.5,0,0,0,0,8.0,0.0,0,0,0,100.0,1,0,0,2,9,1,11,0,0,0,0,0,0,11,0,10,0,0,1,0,1,0,0,8,0,8.0
Carl'veon Young,204192,LB,OKLA STATE,1,0,0,,0,0,262,0,0,,60.0,66.0,,60.0,,0,0,0,0,,,0,0,0,0.0,0,0,0,2,0,0,2,0,0,0,0,0,0,2,0,2,0,0,0,0,0,0,0,0,0,
Fred Giles,204199,ED,DOMINION,12,2,0,,0,0,263,0,0,64.5,72.1,10.5,70.2,70.4,55.8,8,11,0,0,,25.0,4,0,2,0.0,0,2,0,2,0,0,171,169,0,5,129,35,0,2,113,58,0,8,10,1,0,21,0,0,0,
Justin Watts,204218,CB,DOMINION,6,0,0,42.9,1,0,263,0,0,60.1,59.2,0.0,,68.3,27.9,0,0,0,0,23.0,50.0,1,1,3,98.8,3,0,0,3,80,53,86,2,0,0,2,0,0,84,0,33,0,0,1,0,7,0,1,36,16,12.0
Trey Caver,204227,S,DOMINION,5,2,0,100.0,0,1,263,0,0,49.2,65.1,78.1,,90.9,81.2,0,0,0,0,11.0,0.0,0,0,0,110.4,2,0,0,17,0,17,43,0,0,0,0,0,8,43,0,26,18,1,3,0,2,0,0,21,3,10.5
Zach Hobson,204229,CB,DOMINION,2,0,0,,0,0,263,0,0,61.9,66.6,72.9,,66.8,,0,0,0,0,,,0,0,0,0.0,0,0,0,0,17,3,17,0,0,0,0,0,0,17,0,14,0,0,0,0,0,0,0,0,0,
Jaylen Hill,204250,DI,OREGON ST,4,2,1,,0,0,265,0,0,,62.7,0.0,68.6,63.5,74.1,0,0,0,0,,0.0,0,0,1,0.0,0,1,0,0,0,0,47,47,7,36,0,4,0,0,18,29,0,1,0,0,0,1,0,0,0,
Blake Thompson,204251,CB,OREGON ST,2,0,0,,0,0,265,0,0,62.3,52.1,69.3,,47.9,21.4,0,0,0,0,,100.0,1,0,0,0.0,0,0,0,3,7,4,10,0,0,0,0,0,0,10,0,6,0,0,0,0,0,0,0,0,0,
Niklas Fisher,204252,ED,OREGON ST,2,0,0,,0,0,265,0,0,,64.0,68.0,,61.7,,0,0,0,0,,,0,0,0,0.0,0,0,0,0,0,0,3,3,0,0,1,2,0,0,0,3,0,0,0,0,0,0,0,0,0,
Sean Craig,204253,S,OREGON ST,2,1,0,,0,0,265,0,0,61.1,75.0,72.7,,76.8,80.1,0,0,0,0,,0.0,0,0,0,0.0,0,0,0,7,0,2,11,0,0,0,0,0,4,11,0,9,0,2,2,1,0,0,0,0,0,
Skyler Jackson,204254,HB,OREGON ST,1,0,0,,0,0,265,0,0,60.0,38.7,60.0,,,,0,0,0,0,,,0,0,0,0.0,0,0,0,0,0,1,1,0,0,0,0,0,0,1,0,0,0,0,0,0,0,0,0,0,0,
David Madison,204255,CB,OREGON ST,1,0,0,,0,0,265,0,0,57.7,57.4,68.5,,60.0,,0,0,0,0,,,0,0,0,0.0,0,0,0,0,6,2,7,0,0,0,0,0,0,7,0,5,0,0,0,0,0,0,0,0,0,
Ben Kauffman,204258,DI,PITTSBURGH,1,0,0,,0,0,268,0,0,,60.0,65.2,,60.0,,0,0,0,0,,,0,0,0,0.0,0,0,0,0,0,0,1,1,0,0,1,0,0,0,0,1,0,0,0,0,0,0,0,0,0,
Torian Chester,204262,C,PITTSBURGH,1,0,0,,0,0,268,0,0,,59.7,66.6,60.0,60.0,,0,0,0,0,,,0,0,0,0.0,0,0,0,0,0,0,2,2,0,2,0,0,0,0,1,1,0,0,0,0,0,0,0,0,0,
Trevor Sommers,204265,DI,PITTSBURGH,3,0,0,,0,0,268,0,0,,43.5,72.9,56.3,44.4,,0,0,0,0,,,0,0,0,0.0,0,0,0,0,0,0,17,17,0,11,0,6,0,0,5,12,0,0,0,0,0,0,0,0,0,
Cole Woodson,204266,S,PITTSBURGH,1,1,0,100.0,0,0,268,0,0,30.0,29.1,71.6,,56.5,78.0,0,0,0,0,45.0,0.0,0,0,0,158.3,2,0,0,7,0,3,9,0,0,0,0,0,0,9,0,6,2,0,1,0,2,0,1,48,16,24.0
Ty Thames,204274,ED,RICE,6,1,0,,0,0,275,0,0,65.3,59.5,76.6,56.7,56.1,76.8,0,0,0,0,,0.0,0,0,0,0.0,0,0,0,11,0,4,32,18,0,0,18,0,0,14,5,23,2,0,1,0,0,0,0,0,0,
CJ Witten,204275,LB,RICE,1,1,0,,0,0,275,0,0,62.7,65.3,67.2,,,73.2,0,0,0,0,,0.0,0,0,0,0.0,0,0,0,3,0,3,3,0,0,0,0,0,0,3,0,0,0,0,0,0,0,0,0,0,0,
Braden Bays,204276,DI,RICE,4,2,0,,0,0,275,0,0,60.0,53.5,0.0,56.8,58.2,75.9,0,1,0,0,,0.0,0,0,1,0.0,0,0,0,0,0,0,54,54,4,3,24,23,0,0,24,30,0,2,2,0,0,1,0,0,0,
DeReyon Jenkins,204277,ED,RICE,1,0,0,,0,0,275,0,0,47.5,27.1,72.8,58.2,60.0,,0,0,0,0,,,0,0,0,0.0,0,0,0,0,0,2,5,3,0,0,3,0,0,2,2,1,2,0,0,0,0,0,0,0,0,
DD Oliver,204280,DI,RICE,1,0,0,,0,0,275,0,0,,66.1,73.9,64.4,62.2,,0,1,0,0,,,0,0,0,0.0,0,0,0,0,0,0,11,11,8,3,0,0,0,0,7,4,0,0,0,0,0,1,0,0,0,
Ahran Ogbor,204282,S,RICE,3,0,0,25.0,0,0,275,0,0,77.0,75.1,76.4,,63.8,,0,0,0,0,10.0,,0,1,0,39.6,1,0,0,18,0,17,35,1,0,0,1,0,6,34,0,18,9,0,0,0,4,0,0,10,13,10.0
Jordan Clark,204284,WR,RICE,1,0,0,,0,0,275,0,0,,60.0,60.0,,60.0,17.8,0,0,0,0,,100.0,1,0,0,0.0,0,0,0,0,0,0,1,0,0,0,0,0,0,1,0,1,0,0,0,0,0,0,0,0,0,
Luca Akirtava,204287,ED,RICE,4,0,0,,0,0,275,0,0,60.0,67.6,74.9,58.5,69.8,75.9,0,1,0,0,,0.0,0,0,0,0.0,0,0,0,0,0,0,28,28,0,7,8,13,0,0,15,13,0,4,4,2,0,1,0,0,0,
Tylik Hill,204299,HB,SYRACUSE,1,0,0,,0,0,304,0,0,,60.0,60.0,,60.0,,0,0,0,0,,,0,0,0,0.0,0,0,0,0,0,0,1,0,0,0,0,0,0,1,0,1,0,0,0,0,0,0,0,0,0,
Nissi Ogbebor,204300,DI,SYRACUSE,8,1,0,,0,0,304,0,0,,70.5,78.4,68.0,67.4,75.6,0,2,0,0,,0.0,0,0,0,0.0,0,0,0,0,0,0,90,90,5,67,6,12,0,0,53,37,0,2,4,0,0,2,0,0,0,
Elijah Crawford,204301,DI,SYRACUSE,1,0,0,,0,0,304,0,0,,42.1,68.9,59.8,49.5,,0,0,0,0,,,0,0,0,0.0,0,0,0,0,0,0,5,5,0,5,0,0,0,0,2,3,0,0,0,0,0,0,0,0,0,
Trey Dudley,204303,LB,SYRACUSE,1,0,0,,0,0,304,0,0,,60.0,64.1,,60.0,,0,0,0,0,,,0,0,0,0.0,0,0,0,1,0,0,1,0,0,0,0,0,0,1,0,1,0,0,0,0,0,0,0,0,0,
Javon Lawrence,204304,CB,SYRACUSE,1,0,0,,0,0,304,0,0,61.5,62.2,65.1,,60.0,,0,0,0,0,,,0,0,0,0.0,0,0,0,0,3,2,4,0,0,0,0,0,0,4,0,2,0,0,0,0,0,0,0,0,0,
Wyatt Bowman,204305,TE,SYRACUSE,1,0,0,,0,0,304,0,0,,60.0,60.0,,60.0,,0,0,0,0,,,0,0,0,0.0,0,0,0,0,0,0,1,0,0,0,0,0,0,1,0,1,0,0,0,0,0,0,0,0,0,
Ziyyon Bredell,204312,S,SYRACUSE,2,0,0,,0,0,304,0,0,64.1,62.8,70.8,,59.6,79.4,0,0,0,0,,0.0,0,0,0,0.0,0,0,0,2,0,6,12,0,0,0,0,0,10,12,0,6,0,1,2,0,0,0,0,0,0,
Quante Gillians,204315,ED,SYRACUSE,4,1,0,,0,0,304,0,0,,31.6,74.7,55.1,29.6,71.1,0,0,0,0,,0.0,0,0,0,0.0,0,0,0,0,0,0,22,22,0,3,16,3,0,0,10,12,0,0,0,0,0,0,0,0,0,
Gabe Daniels,204316,WR,SYRACUSE,1,0,0,,1,0,304,0,0,,60.0,60.0,,60.0,,0,0,0,0,,,0,0,1,0.0,0,0,0,0,0,0,1,0,0,0,0,0,0,1,0,1,0,0,0,0,0,0,0,0,0,
Troy Cunningham,204318,DI,TEMPLE,1,0,0,,0,0,306,0,0,,62.7,68.6,60.0,61.4,,0,0,0,0,,,0,0,0,0.0,0,0,0,0,0,0,4,4,0,3,0,1,0,0,1,3,0,0,0,0,0,0,0,0,0,
Jamarcus Pierre,204320,S,TEMPLE,3,1,0,100.0,0,0,306,0,0,53.2,67.1,75.8,,81.3,85.0,0,0,0,0,9.0,0.0,0,0,0,104.2,1,0,0,12,0,9,39,0,0,0,0,0,11,39,0,30,15,2,6,0,1,0,0,9,13,9.0
Landon Rink,204339,DI,TEXAS A&M,10,3,0,,0,0,312,0,0,,84.2,77.5,60.5,90.9,77.7,2,0,0,0,,0.0,0,0,0,0.0,0,0,0,0,0,0,75,75,1,68,2,4,0,0,41,34,0,5,6,1,0,2,0,0,0,
Nathan Mabon,204342,DI,TEXAS A&M,1,0,0,,0,0,312,0,0,,46.7,69.6,,49.6,,0,0,0,0,,,0,0,0,0.0,0,0,0,0,0,0,6,6,0,6,0,0,0,0,0,6,0,0,0,0,0,0,0,0,0,
Tristian Gentry,204356,WR,TEXAS TECH,1,0,0,,0,0,315,0,0,,60.0,60.0,,60.0,,0,0,0,0,,,0,0,0,0.0,0,0,0,0,0,0,1,0,0,0,0,0,0,1,0,1,0,0,0,0,0,0,0,0,0,
Trenton Turner,204384,DI,UCF,2,0,0,,0,0,323,0,0,,58.0,70.4,67.0,53.9,69.7,0,0,0,0,,0.0,0,0,0,0.0,0,0,0,0,0,0,8,8,0,8,0,0,0,0,3,5,0,1,1,0,0,0,0,0,0,
Donnell Johnson III,204391,LB,UCF,1,0,0,,0,0,323,0,0,65.3,83.1,67.5,,64.5,78.4,0,0,0,0,,0.0,0,0,0,0.0,0,0,0,2,0,1,3,0,0,0,0,0,0,3,0,2,1,2,2,0,0,0,0,0,0,
Logan Christensen,204394,S,UNLV,5,0,0,100.0,0,0,325,0,0,54.3,57.0,84.4,60.6,62.8,25.2,0,1,0,0,11.0,25.0,1,0,0,112.5,1,0,0,12,0,27,40,4,0,0,4,0,15,36,5,8,7,2,3,0,1,1,0,11,9,11.0
Pupu Sepulona,204408,DI,UTAH,10,2,1,,0,0,328,0,0,60.0,58.7,79.6,53.7,63.1,59.3,0,0,0,0,,17.6,3,0,0,0.0,0,0,0,1,0,0,126,125,8,109,0,8,0,1,60,66,0,9,12,0,0,0,0,0,0,
Brock Fonoimoana,204412,S,UTAH,3,1,0,0.0,0,0,328,0,0,51.2,60.7,74.3,65.6,68.2,82.3,0,0,0,0,,0.0,0,0,0,39.6,0,0,0,14,1,12,35,1,0,0,1,0,9,34,2,21,10,3,4,1,1,0,0,0,0,
Manny Fuller,204425,CB,UTAH,1,0,0,,0,0,328,0,0,62.2,63.1,69.5,,60.0,,0,0,0,0,,,0,0,0,0.0,0,0,0,0,0,3,6,0,0,0,0,0,0,6,0,3,6,0,0,0,0,0,0,0,0,
King Justice,204428,DI,UTSA,3,0,0,,0,0,331,0,0,,76.7,72.8,58.8,76.3,70.1,0,0,0,0,,0.0,0,0,0,0.0,0,0,0,0,0,0,13,13,6,7,0,0,0,0,5,8,0,1,1,0,0,0,0,0,0,
Mark Rayson III,204435,ED,UTSA,1,0,0,0.0,0,0,331,0,0,70.4,65.3,74.4,59.9,54.3,,0,0,0,0,,,0,0,0,39.6,0,0,0,0,0,3,8,6,0,0,6,0,0,2,1,4,2,0,0,0,1,0,0,0,0,
Ahamad Chapman,204437,CB,UTSA,4,1,0,82.4,0,1,331,1,0,53.8,54.2,80.5,,55.9,48.9,0,0,0,1,50.0,23.5,4,0,0,130.1,14,0,0,11,172,105,185,1,0,0,1,0,0,184,0,80,1,5,12,0,17,0,2,199,102,14.2
Koredell Bartley,204452,CB,WAKE,4,2,0,100.0,0,0,339,0,0,68.9,69.4,76.0,,64.3,78.0,0,0,0,0,7.0,0.0,0,0,0,89.6,2,0,0,8,0,22,35,0,0,0,0,0,0,35,0,13,26,1,1,0,2,0,0,11,1,5.5
Jerron Blackwell,204453,CB,WAKE,1,0,0,100.0,0,0,339,0,0,54.5,56.5,67.8,60.0,62.3,77.9,0,0,0,0,12.0,0.0,0,0,0,116.7,1,0,0,5,0,6,9,0,0,0,0,0,3,9,1,2,1,1,3,0,1,0,0,12,10,12.0
Blake Brisker,204462,S,ARKANSAS,1,0,0,,0,0,111,0,0,,60.0,60.0,60.0,,,0,0,0,0,,,0,0,0,0.0,0,0,0,0,0,0,1,0,0,0,0,0,0,1,1,0,0,0,0,0,0,0,0,0,0,
Kaleb Burns,204471,LB,BAYLOR,9,3,0,88.9,0,0,118,0,0,49.4,47.0,81.0,64.5,43.5,54.7,3,5,0,1,13.0,20.8,5,0,0,60.9,8,0,0,101,0,52,133,15,0,0,15,0,0,118,18,63,17,10,16,2,9,8,0,73,50,9.1
Myles Johnson,204480,LB,FLORIDA,2,2,0,,0,0,163,0,0,72.2,90.1,72.0,,86.3,79.0,0,0,0,0,,0.0,0,0,0,0.0,0,0,0,17,0,7,17,0,0,0,0,0,0,17,0,10,0,2,2,0,0,0,0,0,0,
Jeramiah McCloud,204481,DI,FLORIDA,11,7,1,,0,0,163,0,0,60.0,65.8,33.2,58.3,71.7,60.9,0,3,0,0,,7.1,1,0,1,0.0,0,0,0,0,0,0,159,159,9,97,6,47,0,0,82,77,0,5,6,0,0,3,0,0,0,
Joseph Mbatchou,204491,DI,FLORIDA,9,4,0,,0,0,163,0,0,,61.4,80.2,57.2,62.4,53.4,1,1,0,0,,16.7,2,0,0,0.0,0,0,0,0,0,0,134,134,37,83,1,13,0,0,58,76,0,3,6,1,0,2,0,0,0,
J'Vari Flowers,204493,CB,FLORIDA,8,2,0,57.9,0,0,163,0,0,58.6,60.3,82.8,51.3,69.0,73.4,0,1,0,0,46.0,10.0,2,4,0,131.7,11,0,0,19,274,143,298,1,0,0,1,0,0,297,5,150,4,3,16,1,19,1,2,211,34,19.2
Bryce Fitzgerald,204504,S,MIAMI FL,13,4,0,45.0,0,0,220,0,0,82.5,81.1,87.5,65.4,72.5,81.6,1,1,0,6,39.0,9.5,2,2,0,38.5,9,1,0,77,1,258,381,4,0,0,4,0,186,377,16,107,112,5,15,0,20,3,1,105,10,11.7
Amari Comier,204508,DI,S DIEGO ST,12,3,1,,0,0,284,0,0,60.0,68.8,82.0,61.6,70.0,56.5,0,6,0,0,,23.1,3,0,0,0.0,0,2,0,0,0,0,269,269,0,269,0,0,0,0,129,140,0,7,7,1,0,8,0,0,0,
Beau McGiven,204541,LB,UTAH ST,1,0,0,,0,0,329,0,0,,60.1,60.0,,60.0,,0,0,0,0,,,0,0,0,0.0,0,0,0,0,0,0,1,0,0,0,0,0,0,1,0,1,0,0,0,0,0,0,0,0,0,
Tevita Tuha,204543,ED,UTAH ST,7,1,0,100.0,0,0,329,0,0,47.2,56.5,81.4,49.9,69.1,46.8,0,5,0,0,10.0,27.3,3,0,0,108.3,1,0,0,0,0,9,140,139,0,4,71,64,0,1,73,58,1,2,7,1,1,5,0,10,0,10.0
DeSean Davis,204590,ED,AIR FORCE,2,0,0,,0,0,101,0,0,,63.9,73.7,55.9,66.6,,0,0,0,0,,,0,0,0,0.0,0,0,0,1,0,0,16,15,0,0,11,4,0,1,7,9,0,0,0,0,0,0,0,0,0,
Chuck McDonald III,204603,CB,ALABAMA,1,0,0,,0,0,103,0,0,62.3,68.4,71.7,,70.1,73.5,0,0,0,0,,0.0,0,0,0,0.0,0,0,0,3,13,3,17,0,0,0,0,0,1,17,0,14,0,1,1,0,0,0,0,0,0,
London Simmons,204605,DI,ALABAMA,13,4,1,,0,0,103,1,0,58.6,70.1,83.0,57.7,77.6,55.5,0,4,0,0,,18.8,3,0,0,0.0,0,2,0,1,0,0,225,224,105,119,0,0,0,1,131,94,0,8,9,0,0,6,0,0,0,
Caleb Pitts,204618,ED,APP STATE,8,2,0,,1,0,108,0,0,,56.9,20.0,58.1,60.0,77.1,0,2,0,0,,0.0,0,0,1,0.0,0,0,0,0,0,0,103,103,0,5,55,43,0,0,54,49,0,1,3,0,0,2,0,0,0,
Joe Drew,204633,S,ARK STATE,6,8,0,65.0,0,0,113,0,0,70.1,72.2,84.3,84.6,69.9,76.8,3,1,0,0,16.0,8.0,2,2,0,106.9,13,0,0,68,0,149,280,16,0,0,16,0,8,264,11,120,188,8,15,2,20,4,2,83,63,6.4
Malekhi Weedon,204643,S,ARK STATE,7,2,0,33.3,0,0,113,1,0,55.6,59.4,76.4,,67.2,85.2,0,0,0,0,14.0,0.0,0,1,0,49.3,1,0,0,31,0,44,68,0,0,0,0,0,32,68,0,24,5,0,6,0,3,0,0,14,15,14.0
Ryan Reese,204649,DI,ARK STATE,10,1,0,,0,0,113,0,0,60.0,53.4,79.1,57.5,50.4,39.6,0,3,0,0,,16.7,1,0,0,0.0,0,0,0,0,0,0,115,115,4,97,3,11,0,0,68,47,0,4,4,1,0,3,0,0,0,
Tony Carter,204652,ED,ARK STATE,11,2,0,,0,0,113,0,0,60.3,61.8,80.4,64.9,56.2,28.9,1,2,0,0,,37.5,3,0,0,0.0,0,0,0,0,0,1,102,101,0,4,77,20,0,1,53,48,1,2,3,0,0,3,0,0,0,
Jaylen Jones,204662,CB,ARMY,3,0,0,50.0,0,0,114,0,0,49.9,50.4,72.9,,60.0,73.5,0,0,0,0,15.0,0.0,0,0,0,69.8,2,0,0,3,20,17,23,0,0,0,0,0,0,23,0,6,0,0,1,0,4,0,0,25,0,12.5
Zane Tallman,204699,CB,ARMY,3,0,0,100.0,0,0,114,0,0,66.2,69.6,76.1,70.0,60.6,74.8,0,0,0,0,7.0,0.0,0,0,0,95.8,1,0,0,4,0,10,20,5,0,0,5,0,0,15,4,6,11,0,1,0,1,0,0,7,1,7.0
Nathan Adejokun,204706,CB,ARMY,2,0,0,,0,0,114,0,0,,59.2,67.3,60.0,60.0,,0,0,0,0,,,0,0,0,0.0,0,0,0,0,0,0,2,1,0,0,1,0,0,1,1,1,0,0,0,0,0,0,0,0,0,
Bryson Banks,204714,LB,ARMY,3,0,0,100.0,0,0,114,0,0,64.9,70.8,71.3,59.5,66.8,76.0,0,0,0,0,6.0,0.0,0,0,0,91.7,1,0,0,10,0,9,12,0,0,0,0,0,0,12,1,2,2,1,2,0,1,0,0,6,3,6.0
Spencer Vaka,204719,DI,BALL ST,8,0,0,,0,0,117,0,0,,39.7,75.8,55.4,35.1,,0,0,0,0,,,0,0,0,0.0,0,0,0,0,0,0,47,47,0,38,0,9,0,0,24,23,0,0,0,0,0,0,0,0,0,
Jamar Birden,204725,DI,BALL ST,1,0,0,,0,0,117,0,0,,62.2,71.2,,60.8,,0,0,0,0,,,0,0,0,0.0,0,0,0,0,0,0,4,4,0,0,4,0,0,0,0,4,0,0,0,0,0,0,0,0,0,
Mikeah Webster,204727,LB,BALL ST,2,0,0,100.0,0,0,117,0,0,60.0,74.2,70.7,,74.9,76.0,0,0,0,0,5.0,0.0,0,0,0,87.5,1,0,0,7,0,1,10,0,0,0,0,0,0,10,0,9,3,2,2,0,1,0,0,5,8,5.0
Christopher Climes,204734,DI,BUFFALO,2,0,0,,0,0,126,0,0,,60.9,72.0,57.8,60.8,,0,0,0,0,,,0,0,0,0.0,0,0,0,0,0,0,10,10,1,9,0,0,0,0,5,5,0,0,0,0,0,0,0,0,0,
Rex Stinchcomb,204741,DI,BUFFALO,1,0,0,,0,0,126,0,0,,58.0,68.2,57.9,,,0,0,0,0,,,0,0,0,0.0,0,0,0,0,0,0,4,4,0,4,0,0,0,0,4,0,0,0,0,0,0,0,0,0,0,
Collin Payne,204750,WR,C MICHIGAN,1,0,0,,0,0,134,0,0,,60.0,73.9,,60.0,,0,0,0,0,,,0,0,1,0.0,0,0,0,0,0,0,1,0,0,0,0,0,0,1,0,1,0,0,0,0,0,0,0,0,0,
Kendall Jones,204751,WR,C MICHIGAN,1,0,0,,0,0,134,0,0,,60.0,60.0,,60.0,,0,0,0,0,,,0,0,0,0.0,0,0,0,0,0,0,1,0,0,0,0,0,0,1,0,1,0,0,0,0,0,0,0,0,0,
Daniel Viramontes,204753,DI,C MICHIGAN,1,1,0,,0,0,134,0,0,60.0,60.1,68.2,,59.3,70.2,0,0,0,0,,0.0,0,0,0,0.0,0,0,0,0,0,1,3,3,0,2,1,0,0,0,0,2,0,0,0,0,0,0,0,0,0,
Joey VanWetzinga,204754,DI,C MICHIGAN,10,3,0,,0,0,134,0,0,,62.4,79.8,63.5,59.7,77.4,0,2,0,0,,0.0,0,0,0,0.0,0,0,0,1,0,0,156,155,10,115,1,29,0,1,73,83,0,2,5,0,0,2,0,0,0,
Jaylen Doss,204763,DI,CHARLOTTE,1,0,0,,0,0,136,0,0,,58.6,69.9,59.3,59.2,,0,0,0,0,,,0,0,0,0.0,0,0,0,0,0,0,7,7,0,6,0,1,0,0,2,5,0,0,0,0,0,0,0,0,0,
Jacob Robinson,204776,S,COAST CAR,11,4,0,33.3,0,0,141,0,0,69.6,69.9,83.3,,67.5,74.3,0,0,0,0,13.0,7.1,1,1,0,47.9,1,0,0,68,0,32,84,0,0,0,0,0,3,84,0,52,12,4,9,0,3,0,0,13,5,13.0
Jeremy Naborne-Owens,204790,ED,COLO STATE,12,16,0,100.0,0,0,144,0,0,54.9,55.3,23.6,66.1,53.1,62.2,2,9,0,0,25.0,13.6,6,0,2,118.8,3,2,0,67,3,34,299,210,0,0,209,1,0,89,82,183,17,14,22,2,3,13,0,59,62,19.7
Elijah Brown,204793,CB,COLO STATE,8,0,0,0.0,0,0,144,0,0,55.3,50.9,74.5,,48.9,73.0,0,0,0,0,,0.0,0,0,0,39.6,0,0,0,4,20,7,27,1,0,0,1,0,0,26,0,20,2,0,1,0,1,0,0,0,0,
Jackson Murray,204800,DI,COLO STATE,2,0,0,,0,0,144,0,0,,39.2,70.8,,43.7,,0,0,0,0,,,0,0,0,0.0,0,0,0,0,0,0,7,7,1,4,2,0,0,0,0,7,0,0,0,0,0,0,0,0,0,
D'Angelo Hagans Jr.,204804,S,COLO STATE,9,4,0,50.0,0,0,144,0,0,60.0,59.9,79.4,,59.0,58.2,0,0,0,0,16.0,15.0,3,1,1,67.4,3,0,0,48,4,62,130,0,0,0,0,0,47,130,0,68,31,2,13,0,6,0,0,34,15,11.3
Javion Kinnard,204805,HB,COLO STATE,1,0,0,,0,0,144,0,0,,60.0,60.0,,60.0,,0,0,0,0,,,0,0,1,0.0,0,0,0,0,0,0,1,0,0,0,0,0,0,1,0,1,0,0,0,0,0,0,0,0,0,
Brandon Gorham,204831,ED,DELAWARE,11,1,0,,0,0,151,0,0,60.6,72.1,5.2,72.1,68.9,78.8,0,8,0,0,,0.0,0,0,2,0.0,0,2,0,0,0,0,66,66,0,2,56,8,0,0,52,14,0,4,4,0,0,10,0,0,0,
Nasir Eatmon,204835,CB,DELAWARE,4,1,0,0.0,0,0,151,0,0,92.5,93.2,70.5,,60.0,74.2,0,0,0,2,,0.0,0,0,0,0.0,0,0,0,1,10,7,11,0,0,0,0,0,0,11,0,4,0,0,0,0,1,0,0,0,0,
Noah Jefferson,204837,S,DELAWARE,4,0,0,0.0,0,0,151,0,0,49.4,61.1,73.6,,74.9,81.5,0,0,0,0,,0.0,0,0,0,39.6,0,0,0,15,0,12,24,0,0,0,0,0,9,24,0,12,0,3,4,0,2,0,0,0,0,
Jamarion Kolagbodi,204840,CB,DELAWARE,12,3,0,55.2,0,1,151,0,0,76.7,75.7,84.2,51.9,67.0,78.6,0,0,0,1,40.0,6.5,2,4,3,62.6,16,0,0,17,377,226,405,8,0,0,8,0,0,397,4,175,3,11,26,1,29,0,0,201,61,12.6
Jalen Ross,204842,CB,DELAWARE,2,0,0,,0,0,151,0,0,64.1,64.8,72.0,,60.0,,0,0,0,0,,,0,0,0,0.0,0,0,0,1,14,8,15,0,0,0,0,0,0,15,0,7,0,0,0,0,0,0,0,0,0,
Evan Powell,204848,ED,E CAROLINA,2,0,0,,0,0,156,0,0,60.0,61.1,71.8,56.7,63.1,71.5,0,0,0,0,,0.0,0,0,0,0.0,0,0,0,0,0,1,11,11,0,3,5,3,0,0,7,3,0,0,1,0,0,0,0,0,0,
Ronn Hardin,204850,ED,E MICHIGAN,8,1,0,,0,0,160,0,0,61.9,71.0,81.8,65.5,69.7,63.4,0,4,0,0,,16.7,2,0,0,0.0,0,1,0,0,0,1,82,82,0,0,82,0,0,0,53,28,0,8,9,1,0,5,0,0,0,
JJ Hanne,204860,ED,GEORGIA,11,1,0,,0,0,173,0,0,,55.7,79.9,55.7,55.8,70.2,0,1,0,0,,0.0,0,0,0,0.0,0,0,0,0,0,0,115,115,1,36,38,40,0,0,64,51,0,0,0,0,0,1,0,0,0,
Rasean Dinkins,204861,CB,GEORGIA,6,1,0,100.0,0,0,173,0,0,55.0,60.2,81.9,67.8,72.0,66.9,0,1,0,0,44.0,11.1,1,0,1,111.7,10,0,0,5,0,40,73,5,0,0,5,0,3,68,2,31,60,3,7,0,10,1,0,108,46,10.8
Daniel Okonkwo,204866,S,GEORGIA,2,0,0,,0,0,173,0,0,85.6,81.9,69.3,,60.0,,0,0,0,1,,,0,0,0,0.0,0,0,0,1,0,3,7,0,0,0,0,0,6,7,0,4,0,0,0,0,0,0,0,0,0,
London Seymour,204869,DI,GEORGIA,1,0,0,,0,0,173,0,0,,51.4,67.4,,55.2,,0,0,0,0,,,0,0,0,0.0,0,0,0,0,0,0,3,3,0,3,0,0,0,0,0,3,0,0,0,0,0,0,0,0,0,
Coby Owens,204872,LB,GA STATE,8,6,0,85.7,0,0,175,0,0,51.8,47.6,82.3,55.1,45.6,75.5,1,2,0,0,48.0,7.1,2,0,0,118.8,12,0,0,232,1,113,289,16,0,0,16,0,1,273,29,147,37,11,20,1,14,3,0,203,164,16.9
Jaden Roper,204876,DI,GA STATE,3,0,0,,0,0,175,0,0,,50.2,0.0,57.5,60.8,,0,0,0,0,,,0,0,1,0.0,0,0,0,0,0,0,20,20,11,9,0,0,0,0,10,10,0,0,0,0,0,0,0,0,0,
Kedrick Walker,204878,LB,GA STATE,12,15,0,89.5,0,0,175,0,0,30.6,53.8,84.8,62.3,69.2,80.8,2,5,0,0,48.0,8.5,5,0,0,158.3,17,3,0,415,0,185,471,32,0,0,32,0,0,439,34,252,24,27,39,4,19,10,4,321,211,18.9
Jabriel Rhodes-Nelson,204880,ED,GA STATE,12,8,0,100.0,1,0,175,0,0,61.2,56.0,27.9,53.9,60.3,65.7,0,7,0,0,20.0,10.3,4,0,3,118.8,1,2,0,2,0,9,456,454,4,29,221,200,0,2,205,242,0,21,27,4,1,9,0,20,3,20.0
Kyle Veasley,204881,CB,GA STATE,1,0,0,0.0,0,0,175,0,0,62.7,63.8,72.2,,60.0,,0,0,0,0,,,0,0,0,39.6,0,0,0,0,0,3,7,1,0,0,1,0,0,6,0,4,6,0,0,0,1,0,0,0,0,
Deuce Fillmore,204882,CB,GA STATE,11,4,0,57.9,0,0,175,0,0,69.1,68.8,42.0,65.6,67.6,76.2,2,1,0,0,26.0,8.1,3,3,2,92.3,22,0,0,62,208,264,498,23,0,0,23,0,11,475,13,221,194,10,30,0,38,3,2,223,112,10.1
Demonte Gaston,204883,S,GA STATE,7,1,0,100.0,0,0,175,0,0,41.9,47.9,77.0,,68.8,84.3,0,0,0,0,28.0,0.0,0,0,1,158.3,8,0,0,18,26,35,70,3,0,0,3,0,2,67,0,35,21,2,8,0,8,0,1,109,45,13.6
Ty Snead,204885,S,GA STATE,1,0,0,,0,0,175,0,0,61.0,61.7,69.2,,60.0,,0,0,0,0,,,0,0,0,0.0,0,0,0,1,0,2,6,0,0,0,0,0,5,6,0,4,0,0,0,0,0,0,0,0,0,
Kelan Butler,204886,ED,GA STATE,12,5,1,100.0,0,0,175,0,0,70.4,63.0,65.9,52.1,65.6,55.4,0,4,0,0,12.0,18.5,5,0,1,87.5,4,0,0,13,0,41,394,349,0,0,349,0,0,45,132,221,32,11,17,1,4,4,0,20,17,5.0
Chandler Jordan,204889,CB,GA STATE,7,5,0,87.5,0,0,175,0,0,55.9,59.0,82.6,57.4,67.2,77.2,0,0,0,0,55.0,5.6,1,0,0,118.8,7,0,0,26,0,73,144,7,0,0,7,0,2,137,3,68,109,2,12,0,8,0,0,107,40,15.3
Cayden Adkins,204890,ED,GA STATE,9,3,0,100.0,0,0,175,0,0,44.1,54.0,83.6,52.9,60.3,36.1,0,1,0,0,35.0,27.3,3,0,0,118.8,2,0,0,1,0,8,104,97,0,0,97,0,0,7,26,70,4,1,5,1,2,1,0,49,38,24.5
Alex Mullings,204892,DI,GA STATE,9,0,0,,0,0,175,0,0,,62.2,78.9,60.5,61.6,75.6,0,0,0,0,,0.0,0,0,0,0.0,0,1,0,0,0,0,73,73,41,20,0,12,0,0,30,43,0,4,4,0,0,1,0,0,0,
Jartavius Flounoy,204898,DI,GA STATE,11,5,1,,0,0,175,0,0,,62.6,0.0,60.9,70.2,55.8,0,3,0,0,,14.3,3,0,5,0.0,0,5,0,0,0,0,294,294,191,102,0,1,0,0,131,163,0,15,13,2,0,8,0,0,0,
Chandler Covington,204908,LB,GA STATE,1,0,0,,0,0,175,0,0,,60.0,60.0,,60.0,,0,0,0,0,,,0,0,0,0.0,0,0,0,0,0,0,2,0,0,0,0,0,0,2,0,2,0,0,0,0,0,0,0,0,0,
Joseph Holt,204910,S,GA STATE,1,0,0,,0,0,175,0,0,61.3,50.9,0.0,,60.0,,0,0,0,0,,,0,0,1,0.0,0,0,0,5,0,3,6,0,0,0,0,0,1,6,0,3,0,0,0,0,0,0,0,0,0,
Tyson McCrary,204913,CB,GA STATE,5,2,0,65.0,0,0,175,0,0,63.0,65.7,81.5,64.0,72.8,63.1,0,1,0,0,39.0,15.8,3,3,1,130.8,13,1,0,21,206,108,233,3,0,0,3,0,0,230,5,120,1,4,14,0,20,2,2,198,56,15.2
Cianan Williams,204920,WR,JVILLE ST,1,0,0,,0,0,196,0,0,,61.1,60.0,,60.0,72.3,0,0,0,0,,,0,0,0,0.0,0,0,0,0,0,0,1,0,0,0,0,0,0,1,0,1,0,0,0,0,0,0,0,0,0,
Khari Bendolph,204921,LB,JVILLE ST,3,2,0,100.0,0,0,196,0,0,49.9,53.9,74.8,48.6,69.6,68.9,0,1,0,0,24.0,12.5,1,0,0,118.8,2,0,0,33,0,20,34,0,0,0,0,0,0,34,0,14,1,2,5,0,2,1,0,34,8,17.0
Manny Watkins,204925,S,JVILLE ST,1,0,0,,0,0,196,0,0,,60.1,60.0,,60.0,,0,0,0,0,,,0,0,0,0.0,0,0,0,0,0,0,1,0,0,0,0,0,0,1,0,1,0,0,0,0,0,0,0,0,0,
Ian Mitchell,204928,ED,JVILLE ST,4,0,0,100.0,0,0,196,0,0,49.1,52.1,77.0,55.4,67.7,74.7,0,0,0,0,64.0,0.0,0,0,0,158.3,2,0,0,6,0,7,29,22,0,0,22,0,0,7,9,13,1,2,2,0,2,0,1,77,51,38.5
Christopher Johnson,204938,DI,JVILLE ST,4,1,0,,0,0,196,0,0,,52.0,76.9,60.4,48.3,22.7,0,1,0,0,,50.0,1,0,0,0.0,0,0,0,0,0,0,41,41,18,23,0,0,0,0,22,19,0,0,0,0,0,1,0,0,0,
Mac Sanders,204942,LB,JVILLE ST,12,26,1,76.2,0,1,196,0,0,48.6,64.8,82.3,61.8,76.5,64.2,3,6,0,0,30.0,14.9,13,0,0,131.6,16,0,0,431,1,235,526,31,0,1,30,0,0,495,41,250,62,34,48,8,21,9,2,173,74,10.8
Quay Hood,204945,ED,JVILLE ST,10,2,0,,0,0,196,0,0,60.0,57.2,79.8,61.0,53.1,78.8,0,2,0,0,,0.0,0,0,0,0.0,0,1,0,0,0,0,126,126,16,48,22,40,0,0,64,62,0,5,6,0,0,3,0,0,0,
Lee Johnson,204956,LB,JAMES MAD,2,0,0,100.0,0,0,197,0,0,67.0,66.0,68.9,57.8,,76.0,0,0,0,0,8.0,0.0,0,0,0,93.8,2,0,0,6,0,6,11,2,0,0,2,0,0,9,5,0,1,1,2,0,2,0,0,13,18,6.5
Karson Moss,204965,LB,KENNESAW,3,1,0,,0,0,200,0,0,64.9,60.7,71.7,60.0,54.3,73.6,0,0,0,0,,0.0,0,0,0,0.0,0,0,0,9,0,6,11,1,0,1,0,0,0,10,1,4,1,0,0,0,0,0,0,0,0,
Andrew Purcell,204979,CB,KENTUCKY,2,0,0,,0,0,202,0,0,53.9,57.1,72.5,,66.5,76.2,0,0,0,0,,0.0,0,0,0,0.0,0,0,0,0,15,10,15,0,0,0,0,0,0,15,0,5,0,0,2,0,0,0,0,0,0,
Grant Grayton,204984,CB,KENTUCKY,9,1,0,56.7,0,0,202,0,0,49.6,50.9,82.5,,57.2,58.3,0,0,0,1,16.0,11.1,2,2,0,66.8,17,0,0,15,210,128,238,8,0,0,8,0,1,230,0,110,2,3,15,0,30,0,1,146,44,8.6
Cedric Works,204986,ED,KENTUCKY,12,4,0,50.0,0,0,202,0,0,29.5,61.3,87.9,59.1,80.9,84.8,0,3,0,0,32.0,0.0,0,0,0,120.8,3,0,0,26,1,29,172,113,0,0,113,0,0,59,37,106,30,8,11,3,6,3,2,54,17,18.0
Javeon Campbell,204988,ED,KENTUCKY,1,0,0,,0,0,202,0,0,,69.0,70.2,60.0,66.6,71.5,0,0,0,0,,0.0,0,0,0,0.0,0,0,0,0,0,0,7,7,0,0,3,4,0,0,1,6,0,1,1,0,0,0,0,0,0,
Kris Thompson,204993,LB,KENTUCKY,1,0,0,,0,0,202,0,0,60.0,64.5,69.9,,62.9,,0,0,0,0,,,0,0,0,0.0,0,0,0,7,0,1,7,0,0,0,0,0,0,7,0,6,0,0,0,0,0,0,0,0,0,
Kameron Carter,205001,CB,LA TECH,10,0,0,63.6,1,0,208,0,0,62.2,61.8,81.4,67.3,53.8,53.6,0,0,0,1,34.0,23.1,3,0,3,91.9,7,1,0,12,190,122,207,4,0,0,4,0,0,203,5,80,1,2,10,0,11,1,1,117,57,16.7
Lane Condry,205003,ED,LA TECH,4,0,0,,0,0,208,0,0,,56.9,77.6,51.6,64.6,71.3,1,0,0,0,,0.0,0,0,0,0.0,0,0,0,0,0,0,48,48,0,6,23,19,0,0,32,16,0,1,1,0,0,1,0,0,0,
David Pierro,205007,WR,LA TECH,1,0,0,,0,0,208,0,0,,60.0,60.0,,60.0,,0,0,0,0,,,0,0,1,0.0,0,0,0,0,0,0,1,0,0,0,0,0,0,1,0,1,0,0,0,0,0,0,0,0,0,
Sam Fongang,205008,S,LA TECH,11,4,0,42.9,0,0,208,0,0,72.2,78.7,79.6,66.9,87.3,71.3,0,0,0,0,20.0,10.0,2,2,0,56.3,3,0,0,63,2,80,142,0,0,0,0,0,39,142,2,60,38,8,14,1,7,0,0,31,17,10.3
Jojo Odom,205010,ED,LA TECH,12,0,0,,0,0,208,0,0,,47.8,37.2,57.6,40.2,31.2,0,6,0,0,,50.0,2,0,1,0.0,0,1,0,1,0,0,168,167,0,13,110,44,0,1,111,57,0,1,2,0,0,7,0,0,0,
Zah Jackson,205028,S,MARSHALL,1,0,0,,0,0,214,0,0,60.0,61.9,69.3,,60.0,,0,0,0,0,,,0,0,0,0.0,0,0,0,0,0,1,3,1,0,0,1,0,0,2,0,2,2,0,0,0,0,0,0,0,0,
David Timson,205040,LB,UMASS,3,0,0,,0,0,216,0,0,60.5,68.5,70.7,,67.1,73.6,0,0,0,0,,0.0,0,0,0,0.0,0,0,0,10,0,2,10,0,0,0,0,0,0,10,0,8,0,1,1,0,0,0,0,0,0,
Romando Johnson,205042,ED,UMASS,1,0,0,,0,0,216,0,0,,61.7,73.2,,60.9,,0,0,0,0,,,0,0,0,0.0,0,0,0,0,0,0,8,8,0,0,8,0,0,0,0,8,0,0,0,0,0,0,0,0,0,
Anthony Pinnace,205046,CB,MICH STATE,3,0,0,100.0,0,0,223,0,0,57.7,58.0,71.8,,60.0,73.5,0,0,0,0,17.0,0.0,0,0,0,118.8,1,0,0,0,6,7,10,0,0,0,0,0,0,10,0,3,4,0,1,0,1,0,0,17,21,17.0
Derrick Simmons,205050,DI,MICH STATE,4,0,0,,0,0,223,0,0,59.2,53.5,76.5,52.5,62.2,72.2,0,0,0,0,,0.0,0,0,0,0.0,0,0,0,1,0,1,44,43,8,27,0,8,0,1,38,5,0,0,2,0,0,0,0,0,0,
Jayden Savoury,205057,TE,MICH STATE,1,0,0,,0,0,223,0,0,,60.0,60.0,,60.0,,0,0,0,0,,,0,0,0,0.0,0,0,0,0,0,0,1,0,0,0,0,0,0,1,0,1,0,0,0,0,0,0,0,0,0,
Corey Amos,205070,ED,OLE MISS,1,0,0,,0,0,226,0,0,,60.0,65.7,,60.0,,0,0,0,0,,,0,0,0,0.0,0,0,0,0,0,0,1,1,0,0,1,0,0,0,0,1,0,0,0,0,0,0,0,0,0,
Cortez Thomas,205081,S,OLE MISS,1,0,0,,0,0,226,0,0,,60.0,62.1,,60.0,,0,0,0,0,,,0,0,0,0.0,0,0,0,1,0,0,1,0,0,0,0,0,0,1,0,1,0,0,0,0,0,0,0,0,0,
Keon Young,205082,S,OLE MISS,1,0,0,,0,0,226,0,0,,60.0,64.7,,60.0,,0,0,0,0,,,0,0,0,0.0,0,0,0,0,0,0,1,0,0,0,0,0,1,1,0,1,0,0,0,0,0,0,0,0,0,
Andrew Maddox,205083,DI,OLE MISS,5,2,0,,0,0,226,0,0,60.0,74.5,77.2,58.9,78.0,64.0,0,4,0,0,,16.7,2,0,0,0.0,0,0,0,0,0,0,69,69,7,57,0,5,0,0,32,37,0,6,8,3,0,4,0,0,0,
Talib Graham,205085,ED,OLE MISS,3,1,1,,0,0,226,0,0,60.0,82.4,76.2,75.6,74.1,76.6,0,1,0,0,,0.0,0,0,0,0.0,0,1,0,0,0,1,17,17,0,0,17,0,0,0,8,8,0,2,1,0,0,2,0,0,0,
Ladarian Clardy,205086,S,OLE MISS,1,2,0,0.0,0,0,226,0,0,70.0,76.3,71.2,,75.3,80.4,0,0,0,0,,0.0,0,0,0,39.6,0,0,0,14,0,6,22,0,0,0,0,0,1,22,0,16,7,0,2,0,1,0,0,0,0,
Kyle Johnson,205093,CB,MISS STATE,1,0,0,,0,0,227,0,0,,61.0,69.5,,60.4,,0,0,0,0,,,0,0,0,0.0,0,0,0,0,6,0,6,0,0,0,0,0,0,6,0,6,0,0,0,0,0,0,0,0,0,
Tyshun Willis,205099,LB,MISS STATE,1,0,0,,0,0,227,0,0,,37.6,70.4,60.0,46.6,19.3,0,0,0,0,,100.0,1,0,0,0.0,0,0,0,3,0,0,4,1,0,0,1,0,0,3,1,3,0,0,0,0,0,0,0,0,0,
Will Miller,205125,S,NAVY,2,2,1,50.0,0,0,237,0,0,54.0,66.0,71.6,60.0,70.5,78.6,0,0,0,0,9.0,0.0,0,0,0,102.1,1,0,0,9,0,7,12,0,0,0,0,0,0,12,1,4,3,1,1,0,2,0,1,9,0,9.0
Garrison Dibble,205157,DI,NAVY,1,0,0,,0,0,237,0,0,,58.8,67.7,58.0,60.0,,0,0,0,0,,,0,0,0,0.0,0,0,0,0,0,0,4,4,0,2,0,2,0,0,3,1,0,0,0,0,0,0,0,0,0,
Cam Robinson,205176,CB,NAVY,4,2,0,0.0,0,0,237,0,0,60.3,62.8,76.7,60.0,70.2,80.1,0,0,0,0,,0.0,0,1,0,39.6,0,0,0,17,73,53,90,0,0,0,0,0,0,90,1,36,0,0,3,0,7,0,0,0,0,
Isaiah Reed,205186,LB,NEVADA,1,0,0,,0,0,239,0,0,60.0,59.9,63.9,,,,0,0,0,0,,,0,0,0,0.0,0,0,0,1,0,1,1,0,0,0,0,0,0,1,0,0,0,0,0,0,0,0,0,0,0,
Jake Silverman,205187,LB,NEVADA,3,0,0,,0,0,239,0,0,,73.0,64.7,,71.6,68.4,0,0,0,0,,0.0,0,0,0,0.0,0,0,0,3,0,0,4,0,0,0,0,0,0,4,0,4,0,0,1,0,0,0,0,0,0,
Aiden Walker,205188,CB,NEVADA,11,2,0,93.8,0,0,239,0,0,61.2,63.7,84.6,56.5,71.7,77.1,0,0,0,0,53.0,7.4,2,0,1,136.7,15,0,0,46,84,211,362,0,0,0,0,0,14,362,4,147,218,7,23,1,16,0,1,189,108,12.6
Colson Kermode,205193,LB,NEVADA,1,0,0,,0,0,239,0,0,,61.2,64.9,,60.6,,0,0,0,0,,,0,0,0,0.0,0,0,0,4,0,0,5,0,0,0,0,0,0,5,0,5,1,0,0,0,0,0,0,0,0,
Cody Wells,205196,LB,NEVADA,1,0,0,,0,0,239,0,0,,63.0,67.5,,61.2,,0,0,0,0,,,0,0,0,0.0,0,0,0,3,0,0,3,0,0,0,0,0,0,3,0,3,0,0,0,0,0,0,0,0,0,
Isaiah Jordan,205197,S,NEVADA,2,0,0,,0,0,239,0,0,60.3,69.7,72.5,,72.0,78.8,0,0,0,0,,0.0,0,0,0,0.0,0,0,0,6,1,2,18,0,0,0,0,0,9,18,0,16,2,2,2,0,0,0,0,0,0,
Mykel Ford,205198,CB,NEVADA,1,0,0,100.0,0,0,239,0,0,32.6,32.6,73.1,,60.0,21.0,0,0,0,0,23.0,100.0,1,0,0,118.8,1,0,0,0,0,7,11,0,0,0,0,0,0,11,0,4,11,0,0,0,1,0,0,23,0,23.0
Jalen McIver,205206,DI,NEW MEXICO,11,3,1,,0,0,241,0,0,59.3,63.0,81.1,63.3,61.6,56.4,1,0,0,0,,11.1,1,0,0,0.0,0,3,0,0,0,1,190,190,23,165,0,2,0,0,83,106,0,7,5,1,0,4,0,0,0,
Jake DeVos,205209,ED,NEW MEXICO,1,0,0,,0,0,241,0,0,,49.4,69.3,58.4,60.0,,0,0,0,0,,,0,0,0,0.0,0,0,0,0,0,0,5,5,0,5,0,0,0,0,3,2,0,0,0,0,0,0,0,0,0,
Cody Thumlert,205213,ED,NEW MEXICO,4,0,0,,0,0,241,0,0,60.0,59.9,74.4,55.3,68.5,41.8,0,0,0,0,,33.3,1,0,0,0.0,0,0,0,0,0,0,22,22,0,7,13,2,0,0,10,12,0,0,2,0,0,0,0,0,0,
CJ McBean,205224,S,NEW MEXICO,11,11,0,64.3,0,0,241,0,0,61.7,66.7,86.4,60.0,78.3,67.9,0,0,0,1,34.0,11.9,5,0,0,98.2,9,0,0,88,3,298,474,5,0,0,5,0,320,469,1,175,57,7,26,1,14,0,3,110,48,12.2
Jahmir Torres,205226,CB,NEW MEXICO,6,1,0,50.0,0,0,241,0,0,48.9,52.3,77.1,,62.8,57.6,0,0,0,0,46.0,16.7,1,1,0,135.4,3,0,0,8,52,28,63,3,0,0,3,0,0,60,0,35,0,2,4,0,6,0,1,80,6,26.7
Trey Giddens,205240,DI,N CAROLINA,1,1,0,,0,0,245,0,0,,60.6,70.2,59.7,60.5,69.7,0,0,0,0,,0.0,0,0,0,0.0,0,0,0,0,0,0,8,8,0,8,0,0,0,0,2,6,0,0,0,0,0,0,0,0,0,
Jake Bauer,205241,LB,N CAROLINA,1,1,0,,0,0,245,0,0,61.9,68.5,69.3,,68.9,74.3,0,0,0,0,,0.0,0,0,0,0.0,0,0,0,9,0,4,15,0,0,0,0,0,0,15,0,11,6,0,0,0,0,0,0,0,0,
Nicco Maggio,205245,DI,N CAROLINA,2,0,0,,0,0,245,1,0,,72.7,74.3,57.0,74.4,72.4,0,0,0,0,,0.0,0,0,0,0.0,0,0,0,0,0,0,25,25,2,23,0,0,0,0,8,17,0,2,2,0,0,0,0,0,0,
Micah Cook,205267,ED,N ILLINOIS,3,0,1,,0,0,254,0,0,,53.5,79.3,56.3,52.4,25.6,1,4,0,0,,66.7,2,0,0,0.0,0,0,0,0,0,0,58,58,0,1,54,3,0,0,26,32,0,1,1,0,0,5,0,0,0,
Amari Washington,205271,DI,N ILLINOIS,3,0,0,,0,1,254,0,0,,65.1,0.0,75.9,55.4,74.2,0,3,0,0,,0.0,0,0,1,0.0,0,1,0,0,0,0,50,50,0,47,0,3,0,0,35,15,0,3,3,0,0,4,0,0,0,
Fawzy Omotoso,205273,ED,N ILLINOIS,1,0,0,,0,0,254,0,0,,64.6,74.3,54.5,70.6,,0,0,0,0,,,0,0,0,0.0,0,0,0,0,0,0,17,17,0,0,17,0,0,0,11,6,0,0,0,0,0,0,0,0,0,
Jashawn Nelson,205279,S,N ILLINOIS,3,0,0,66.7,0,0,254,0,0,65.6,68.6,76.0,77.6,55.2,80.5,0,0,0,0,10.0,0.0,0,0,0,78.5,2,0,0,6,0,11,19,6,0,0,6,0,0,13,3,5,7,1,4,0,3,0,0,15,5,7.5
James Finley IV,205280,S,N ILLINOIS,9,7,0,72.7,0,0,254,0,0,66.2,65.1,82.5,59.7,60.8,55.8,0,0,0,2,37.0,18.5,5,2,0,107.4,8,0,0,87,60,107,248,0,0,0,0,0,78,248,1,140,23,4,15,0,11,0,2,118,38,14.8
Amari Williams,205281,CB,N ILLINOIS,1,0,0,66.7,0,0,254,0,0,61.4,61.9,72.8,,60.9,76.2,0,0,0,0,13.0,0.0,0,0,0,85.4,2,0,0,0,17,11,17,0,0,0,0,0,0,17,0,6,0,0,2,0,3,0,0,20,8,10.0
James Little IV,205285,CB,N ILLINOIS,4,1,0,75.0,0,0,254,0,0,57.8,58.9,74.7,,62.8,76.6,0,0,0,0,19.0,0.0,0,0,0,104.2,3,0,0,2,34,18,36,0,0,0,0,0,0,36,0,18,0,0,1,0,4,0,0,38,6,12.7
Ko'o Kia,205291,LB,NOTRE DAME,1,0,0,,0,0,258,0,0,60.0,30.0,66.3,,60.0,,0,0,0,0,,,0,0,0,0.0,0,0,0,2,0,1,2,0,0,0,0,0,0,2,0,1,0,0,0,0,0,0,0,0,0,
Derek Reagans,205293,DI,OHIO,12,4,0,,0,0,259,0,0,61.1,51.8,5.7,57.0,50.5,77.0,1,4,0,0,,0.0,0,0,2,0.0,0,1,0,1,0,5,170,169,7,136,15,11,0,1,115,50,0,4,3,1,0,6,0,0,0,
Cameron Hollobaugh,205295,LB,OHIO,10,12,1,70.0,0,1,259,0,0,52.5,61.8,81.4,76.9,64.5,61.6,1,4,1,2,29.0,14.0,7,0,0,85.8,14,1,0,255,0,145,303,5,0,0,5,0,1,298,27,131,42,15,31,1,20,6,2,152,71,10.9
Makel Williams,205296,LB,OHIO,8,1,0,100.0,0,0,259,0,0,57.9,58.9,79.3,71.1,54.8,60.3,0,1,0,0,18.0,16.7,2,0,0,118.1,3,0,0,74,0,53,101,0,0,0,0,0,0,101,8,40,27,4,9,0,3,1,0,37,14,12.3
Ike Ackerman,205302,ED,OHIO,3,0,0,,0,0,259,0,0,,59.5,73.0,56.3,61.7,,0,0,0,0,,,0,0,0,0.0,0,0,0,0,0,0,11,11,0,0,11,0,0,0,6,5,0,0,0,0,0,0,0,0,0,
Bobby Miller,205306,CB,OHIO,1,0,0,,0,0,259,0,0,,60.0,63.8,,60.0,,0,0,0,0,,,0,0,0,0.0,0,0,0,0,1,0,1,0,0,0,0,0,0,1,0,1,0,0,0,0,0,0,0,0,0,
Ty Neubert,205308,DI,OHIO,4,3,0,,0,0,259,0,0,60.0,54.3,76.8,57.5,52.2,57.2,0,1,0,0,,14.3,1,0,0,0.0,0,0,0,0,0,0,58,58,2,56,0,0,0,0,28,30,0,3,3,0,0,1,0,0,0,
Tyson Long,205310,CB,OHIO,1,0,0,,0,0,259,0,0,,60.0,66.9,,60.0,,0,0,0,0,,,0,0,0,0.0,0,0,0,0,3,0,3,0,0,0,0,0,0,3,0,3,0,0,0,0,0,0,0,0,0,
Epi Sitanilei,205319,ED,OHIO STATE,4,0,0,,0,0,260,1,0,,60.7,74.7,58.4,60.9,17.6,0,0,0,0,,100.0,1,0,0,0.0,0,0,0,0,0,0,17,17,0,0,16,1,0,0,4,13,0,0,0,0,0,0,0,0,0,
Alex Shieldnight,205329,DI,OKLAHOMA,1,0,0,,0,0,261,0,0,,59.5,65.6,59.1,,,0,0,0,0,,,0,0,0,0.0,0,0,0,0,0,0,1,1,0,0,1,0,0,0,1,0,0,0,0,0,0,0,0,0,0,
Marcus James,205331,LB,OKLAHOMA,1,0,0,,0,0,261,0,0,60.0,60.4,63.3,,60.0,,0,0,0,0,,,0,0,0,0.0,0,0,0,2,0,1,2,0,0,0,0,0,0,2,0,1,0,0,0,0,0,0,0,0,0,
Trent Wilson,205333,DI,OKLAHOMA,3,1,0,,0,0,261,0,0,,64.7,75.4,55.4,68.8,70.2,0,1,0,0,,0.0,0,0,0,0.0,0,0,0,0,0,0,29,29,3,26,0,0,0,0,15,14,0,0,0,0,0,1,0,0,0,
Kamar Archie,205358,LB,RUTGERS,4,1,0,,0,0,278,0,0,60.0,58.8,73.5,60.0,58.1,78.2,0,0,0,0,,0.0,0,0,0,0.0,0,0,0,19,0,1,23,3,0,0,3,0,0,20,1,21,1,1,2,0,0,0,0,0,0,
RJ Johnson Jr.,205367,ED,RUTGERS,2,0,0,,0,0,278,0,0,,49.8,75.0,58.2,50.4,,1,0,0,0,,,0,0,0,0.0,0,0,0,0,0,0,17,17,0,0,17,0,0,0,2,15,0,0,0,0,0,1,0,0,0,
Wydeek Collier-Johnson,205368,ED,RUTGERS,2,0,0,,0,0,278,0,0,,66.6,69.5,65.6,60.0,,1,0,0,0,,,0,0,0,0.0,0,0,0,0,0,0,3,3,0,0,3,0,0,0,2,1,0,0,0,0,0,1,0,0,0,
Cedric Cisse,205377,S,S CAROLINA,1,0,0,,0,0,289,0,0,,47.5,68.2,,49.6,21.4,0,0,0,0,,100.0,1,0,0,0.0,0,0,0,0,4,0,4,0,0,0,0,0,0,4,0,4,0,0,0,0,0,0,0,0,0,
Tony Brown,205381,CB,S CAROLINA,1,0,0,,0,0,289,0,0,,60.0,70.1,,60.0,,0,0,0,0,,,0,0,0,0.0,0,0,0,0,0,0,4,0,0,0,0,0,4,4,0,4,0,0,0,0,0,0,0,0,0,
Christian Ingram,205384,DI,S CAROLINA,1,1,0,,0,0,289,0,0,,68.6,65.8,,60.8,68.7,0,0,0,0,,0.0,0,0,0,0.0,0,0,0,0,0,0,1,1,1,0,0,0,0,0,0,1,0,0,0,0,0,0,0,0,0,
Isaiah Coleman,205404,DI,TEXAS,1,0,0,,0,0,311,0,0,,70.6,66.3,69.5,60.0,69.7,0,0,0,0,,,0,0,0,0.0,0,1,0,0,0,0,2,2,0,2,0,0,0,0,1,1,0,0,0,0,0,1,0,0,0,
Tyrell Russell,205428,CB,TOLEDO,1,0,0,,0,0,316,0,0,,60.0,67.3,,60.0,,0,0,0,0,,,0,0,0,0.0,0,0,0,0,2,0,2,0,0,0,0,0,0,2,0,2,0,0,0,0,0,0,0,0,0,
Maddox Arnold,205430,LB,TOLEDO,1,0,0,,0,0,316,0,0,,32.0,71.4,,35.2,73.6,0,0,0,0,,0.0,0,0,0,0.0,0,0,0,7,0,0,8,1,0,0,1,0,0,7,0,8,0,0,1,0,0,0,0,0,0,
Josh Sims,205442,S,TULANE,1,0,0,,0,0,319,0,0,60.0,60.0,64.9,,60.0,,0,0,0,0,,,0,0,0,0.0,0,0,0,0,0,1,2,0,0,0,0,0,2,2,0,1,0,0,0,0,0,0,0,0,0,
Gus Cordova,205445,ED,USC,2,0,0,,0,0,326,0,0,,48.8,76.3,61.6,44.3,34.5,0,0,0,0,,50.0,1,0,0,0.0,0,0,0,0,0,0,24,24,0,1,19,4,0,0,12,12,0,1,1,0,0,0,0,0,0,
AJ Tuitele,205447,LB,USC,1,0,0,,0,0,326,0,0,62.0,73.7,71.5,59.6,74.8,,0,1,0,0,,,0,0,0,0.0,0,0,0,11,0,6,11,0,0,0,0,0,0,11,1,4,0,0,0,0,0,1,0,0,0,
Kendarius Reddick,205449,CB,USC,5,2,0,71.4,0,0,326,0,0,47.7,54.7,76.4,60.0,74.1,64.3,0,0,0,0,64.0,12.5,1,0,0,153.3,5,0,0,13,0,26,45,0,0,0,0,0,0,45,1,18,32,1,5,0,7,0,1,114,116,22.8
Matai Tagoa'i,205450,LB,USC,5,0,0,100.0,0,1,326,0,0,77.8,67.7,77.5,60.9,45.8,42.4,0,0,0,0,23.0,25.0,1,0,0,118.8,2,0,0,17,0,14,35,9,0,0,9,0,0,26,8,13,9,0,3,0,2,0,0,41,9,20.5
Jadyn Ramos,205455,ED,USC,2,0,0,,0,0,326,0,0,60.0,53.5,75.2,56.3,54.5,71.1,0,1,0,0,,0.0,0,0,0,0.0,0,0,0,1,0,1,15,14,0,0,13,1,0,1,5,9,0,1,1,0,0,1,0,0,0,
Machi Robinson,205456,DI,UTEP,1,0,0,,0,0,330,0,0,,63.2,69.8,,61.6,,0,0,0,0,,,0,0,0,0.0,0,0,0,0,0,0,4,4,4,0,0,0,0,0,0,4,0,0,0,0,0,0,0,0,0,
Darnell Williams,205465,S,UTEP,1,0,0,,0,0,330,0,0,60.3,64.1,73.2,63.0,60.6,40.6,1,0,0,0,,33.3,1,0,0,0.0,0,0,0,11,0,13,23,0,0,0,0,0,12,23,1,9,0,0,2,0,0,1,0,0,0,
Jimmy Leon,205469,DI,UTEP,1,0,0,,0,0,330,0,0,,46.3,67.3,59.1,57.8,23.1,0,0,0,0,,100.0,1,0,0,0.0,0,0,0,0,0,0,3,3,0,1,0,2,0,0,2,1,0,0,0,0,0,0,0,0,0,
Allen Gant,205472,S,UTEP,2,0,0,50.0,0,0,330,0,0,60.6,61.7,77.2,,62.9,79.5,0,0,0,0,6.0,0.0,0,0,1,56.3,1,0,0,9,0,24,45,0,0,0,0,0,27,45,0,21,9,0,3,0,2,0,0,6,1,6.0
Leander Parrish,205473,ED,UTEP,1,0,0,,0,0,330,0,0,,65.3,71.7,57.5,65.0,,0,0,0,0,,,0,0,0,0.0,0,0,0,0,0,0,9,9,0,0,6,3,0,0,4,5,0,0,0,0,0,0,0,0,0,
Erion Wilkins,205477,CB,UTEP,2,0,0,,0,0,330,0,0,60.0,45.2,73.0,60.0,60.0,17.9,0,0,0,0,,100.0,1,0,0,0.0,0,0,0,0,0,0,2,0,0,0,0,0,0,2,1,1,0,0,0,0,0,0,0,0,0,
Austin Howard,205490,LB,VANDERBILT,5,2,0,100.0,0,0,333,0,0,46.3,51.5,76.2,52.0,74.0,79.0,0,0,0,0,17.0,0.0,0,0,0,118.8,2,0,0,36,0,29,45,2,0,0,2,0,0,43,8,8,6,2,2,1,2,0,0,32,3,16.0
Jake Stanish,205491,ED,VANDERBILT,2,0,0,,0,0,333,0,0,,55.0,73.3,54.1,60.1,,0,0,0,0,,,0,0,0,0.0,0,0,0,0,0,0,16,16,0,1,9,6,0,0,14,2,0,0,0,0,0,0,0,0,0,
Josiah Broxton,205496,LB,VANDERBILT,1,0,0,,0,0,333,0,0,,60.0,60.0,60.0,,,0,0,0,0,,,0,0,0,0.0,0,0,0,0,0,0,1,0,0,0,0,0,0,1,1,0,0,0,0,0,0,0,0,0,0,
Sheldon Robinson,205499,S,VA TECH,9,8,0,66.7,0,0,337,0,0,53.6,58.2,80.3,59.8,65.1,73.6,0,0,0,0,31.0,9.1,2,0,0,146.2,8,0,0,188,0,137,279,4,0,0,4,0,28,275,9,133,59,2,12,1,12,0,2,141,41,17.6
Noah Chambers,205500,LB,VA TECH,8,10,1,72.2,0,0,337,0,0,57.7,53.5,20.5,61.5,51.9,72.0,1,4,0,0,16.0,11.6,5,1,1,119.0,13,1,0,276,0,133,283,5,0,0,5,0,0,278,23,127,2,15,28,0,18,6,2,85,43,6.5
Brennan Johnson,205506,S,VA TECH,8,2,0,66.7,0,1,337,0,0,45.0,58.2,79.8,54.7,79.3,43.0,0,1,0,0,15.0,23.1,3,0,0,88.2,2,0,0,35,0,45,120,0,0,0,0,0,72,120,3,72,13,3,8,0,3,1,0,22,9,11.0
Brody Miller,205512,S,WASH STATE,1,0,0,,0,0,341,0,0,60.0,62.8,,,,,0,0,0,0,,,0,0,0,0.0,0,0,0,0,0,1,1,0,0,0,0,0,0,1,0,0,0,0,0,0,0,0,0,0,0,
Damarius Russell,205513,S,WASH STATE,2,1,0,100.0,0,0,341,0,0,48.4,54.7,68.7,60.0,64.8,28.7,0,0,0,0,14.0,50.0,1,0,0,118.8,1,0,0,4,0,1,8,0,0,0,0,0,3,8,1,6,0,0,0,0,1,0,0,14,7,14.0
Trillion Sorrell,205521,CB,WASH STATE,2,0,0,100.0,0,0,341,0,0,52.4,48.8,75.5,,44.4,37.2,0,0,0,0,28.0,33.3,1,0,1,118.8,2,0,0,0,36,20,36,0,0,0,0,0,0,36,0,16,0,0,2,0,2,0,0,43,17,21.5
Connor Sullivan,205523,DI,WASH STATE,2,0,0,,0,0,341,0,0,,77.7,71.6,78.8,61.2,70.2,0,0,0,0,,,0,0,0,0.0,0,0,0,0,0,0,10,10,0,9,0,1,0,0,7,3,0,0,0,0,0,0,0,0,0,
Sullivan Schlimgen,205524,LB,WASH STATE,9,10,0,72.2,0,0,341,0,0,53.1,55.6,82.7,44.7,63.5,51.1,0,3,0,0,23.0,21.8,12,1,0,89.8,13,0,0,240,1,119,273,0,0,0,0,0,0,273,19,135,32,10,33,1,18,3,0,119,37,9.2
Donovan Fitzmaurice,205536,DI,WASH STATE,8,3,0,,0,0,341,0,0,,63.5,78.4,57.2,66.3,62.7,0,1,0,0,,12.5,1,0,0,0.0,0,0,0,0,0,0,107,107,2,92,0,13,0,0,61,46,0,4,4,1,0,1,0,0,0,
Gabe Welch,205543,LB,W MICHIGAN,5,1,0,,0,0,347,0,0,65.3,55.0,82.2,,47.8,38.4,0,0,0,0,,33.3,2,0,0,0.0,0,0,0,32,0,12,33,0,0,0,0,0,0,33,0,21,0,0,3,0,0,0,0,0,0,
DeShawn Robinson,205544,DI,W MICHIGAN,1,0,0,,0,0,347,0,0,,48.9,69.4,58.9,60.0,,0,0,0,0,,,0,0,0,0.0,0,0,0,0,0,0,5,5,1,4,0,0,0,0,4,1,0,0,0,0,0,0,0,0,0,
Amarian Louis,205546,S,W MICHIGAN,9,1,0,100.0,0,0,347,0,0,60.3,60.7,74.4,59.9,61.7,79.1,0,0,0,0,15.0,0.0,0,0,0,118.8,2,0,0,9,0,20,32,1,0,0,1,0,5,31,1,11,16,1,2,0,2,0,0,25,23,12.5
John Peters,205548,CB,W MICHIGAN,12,2,0,40.0,0,0,347,1,0,73.3,71.3,82.4,57.0,57.6,43.0,0,1,0,1,50.0,25.0,5,3,0,48.6,10,0,0,14,267,163,286,0,0,0,0,0,0,286,2,121,5,2,13,0,25,1,0,179,52,17.9
Tray Kinkle,206240,HB,USF,1,0,0,,0,0,327,0,0,,60.0,60.0,,60.0,,0,0,0,0,,,0,0,0,0.0,0,0,0,0,0,0,1,0,0,0,0,0,0,1,0,1,0,0,0,0,0,0,0,0,0,
Herlin Perry Jr.,206241,CB,USF,3,0,0,0.0,0,0,327,0,0,59.5,60.1,72.7,,60.6,28.3,0,0,0,0,,50.0,1,0,0,39.6,0,0,0,2,15,10,17,0,0,0,0,0,0,17,0,7,0,0,1,0,1,0,0,0,0,
Gavin Jenkins,206242,CB,USF,4,1,0,100.0,0,0,327,0,0,67.5,68.7,74.4,,64.9,78.8,0,0,0,0,17.0,0.0,0,0,0,118.8,1,0,0,1,25,15,27,1,0,0,1,0,0,26,0,12,0,1,2,0,1,0,0,17,0,17.0
Christian Smith,206246,ED,USF,1,0,0,,0,0,327,0,0,,61.5,70.4,58.5,61.5,71.1,0,0,0,0,,0.0,0,0,0,0.0,0,0,0,0,0,0,4,4,0,0,4,0,0,0,2,2,0,0,1,0,0,0,0,0,0,
Richard Scott III,206249,DI,USF,8,2,0,,0,0,327,0,0,60.0,50.4,6.1,54.6,53.1,47.7,1,2,0,0,,33.3,1,0,1,0.0,0,0,0,1,0,0,75,74,1,35,9,29,0,1,62,13,0,1,0,0,0,3,0,0,0,
Mason Posa,206315,LB,WISCONSIN,11,18,2,100.0,1,2,349,1,0,64.0,80.0,36.8,80.1,85.7,79.0,2,7,0,0,37.0,10.3,7,1,1,147.3,25,5,0,306,0,159,363,35,0,0,35,0,0,328,40,164,21,28,43,0,25,14,3,246,152,9.8
Eli Coenen,206460,DI,ILLINOIS,12,5,0,,0,0,187,0,0,60.6,62.0,39.2,66.9,57.1,79.3,3,6,0,0,,0.0,0,0,1,0.0,0,1,0,2,0,0,201,199,0,102,3,94,0,2,114,87,0,5,5,0,0,10,0,0,0,
Coleman Patmon,207797,S,ARIZONA,4,2,0,,0,0,109,0,0,68.0,68.7,77.7,58.8,67.5,83.4,0,0,0,0,,0.0,0,0,0,0.0,0,0,0,18,1,26,56,1,0,0,1,0,25,55,1,29,11,1,4,0,0,0,0,0,0,
Swayde Griffin,207798,CB,ARIZONA,2,1,0,50.0,0,0,109,0,0,62.4,63.2,74.0,,61.6,75.1,0,0,0,0,-5.0,0.0,0,0,0,56.3,1,0,0,1,0,6,14,0,0,0,0,0,1,14,0,8,12,0,0,0,2,0,0,-5,-2,-5.0
Aiden Miller,207804,CB,ARIZONA,2,0,0,100.0,0,0,109,0,0,53.9,53.5,69.5,,60.0,21.7,0,0,0,0,15.0,100.0,1,0,0,118.8,1,0,0,0,7,5,7,0,0,0,0,0,0,7,0,2,0,0,0,0,1,0,0,15,3,15.0
Myron Robinson,207805,LB,ARIZONA,6,6,0,75.0,0,0,109,0,0,58.7,77.4,76.8,59.2,91.0,87.6,0,1,0,0,14.0,0.0,0,0,0,95.8,3,1,0,60,0,32,83,11,0,0,11,0,0,72,11,40,11,10,12,3,4,2,0,30,13,10.0
Porter Patton,207806,ED,ARIZONA,1,0,0,,0,0,109,0,0,,59.5,68.5,59.2,60.0,,1,0,0,0,,,0,0,0,0.0,0,0,0,0,0,0,3,3,0,0,3,0,0,0,2,1,0,0,0,0,0,1,0,0,0,
Zacari Thomas,207808,LB,BOSTON COL,3,0,0,100.0,0,0,121,0,0,51.4,42.7,72.8,59.8,48.7,76.1,0,0,0,0,4.0,0.0,0,0,0,83.3,1,0,0,15,0,5,15,0,0,0,0,0,0,15,1,9,0,1,2,0,1,0,0,4,8,4.0
E'Lla Boykin,207810,ED,BOSTON COL,11,8,0,0.0,0,0,121,0,0,71.4,62.7,86.5,54.0,65.0,87.4,1,4,0,0,,4.2,1,0,0,39.6,0,1,0,8,1,12,241,226,0,2,222,2,0,15,120,109,6,9,15,1,1,6,0,0,0,
Will Straka,207816,LB,BOSTON COL,1,1,0,100.0,0,0,121,0,0,47.0,61.8,72.5,68.3,78.3,73.6,1,0,0,0,16.0,0.0,0,0,0,118.8,1,0,0,18,0,12,18,0,0,0,0,0,0,18,1,5,0,0,0,0,1,1,0,16,17,16.0
Marcus Upton,207817,S,BOSTON COL,7,3,0,40.0,0,0,121,0,0,53.6,53.9,80.5,60.0,55.1,62.5,0,0,0,0,38.0,15.4,2,1,0,78.8,2,0,0,38,0,68,134,2,0,0,2,0,78,132,1,65,16,2,8,0,5,0,0,52,44,26.0
Marcelous Townsend,207818,CB,BOSTON COL,3,1,0,60.0,0,0,121,0,0,61.4,66.5,79.1,66.1,72.7,82.1,0,0,0,0,29.0,0.0,0,0,0,92.9,3,0,0,6,36,40,82,0,0,0,0,0,0,82,1,41,40,2,6,0,5,0,0,49,10,16.3
Sterling Sanders,207825,DI,BOSTON COL,1,0,0,,0,0,121,0,0,,59.2,67.0,58.5,60.0,,0,0,0,0,,,0,0,0,0.0,0,0,0,0,0,0,3,3,0,2,0,1,0,0,2,1,0,0,0,0,0,0,0,0,0,
Jayden Fry,207826,ED,BOSTON COL,1,0,0,,0,0,121,0,0,,84.3,0.0,92.1,60.0,,0,1,0,0,,,0,0,1,0.0,0,0,0,0,0,0,5,5,0,0,5,0,0,0,4,1,0,0,0,0,0,1,0,0,0,
Micah Amedee,207830,DI,BOSTON COL,5,3,0,,0,0,121,0,0,,62.8,12.6,61.7,66.7,75.7,1,1,0,0,,0.0,0,0,1,0.0,0,1,0,0,0,0,90,90,4,69,1,16,0,0,55,35,0,2,1,0,0,3,0,0,0,
Bryce Lewis,207831,ED,BOSTON COL,1,0,0,,0,0,121,0,0,,56.4,71.3,56.1,60.0,,0,0,0,0,,,0,0,0,0.0,0,0,0,0,0,0,5,5,0,0,5,0,0,0,4,1,0,0,0,0,0,0,0,0,0,
Israel Oladipupo,207832,ED,BOSTON COL,7,1,0,100.0,0,0,121,0,0,56.3,58.4,80.9,65.2,54.1,53.5,0,3,0,0,2.0,25.0,1,0,0,79.2,1,0,0,0,0,1,71,71,0,1,66,4,0,0,39,31,0,2,2,0,1,3,0,2,5,2.0
Caleb Ellis,207847,ED,GA SOUTHRN,2,0,0,,0,0,174,0,0,60.0,61.4,76.0,56.0,70.3,49.8,0,0,0,0,,20.0,1,0,0,0.0,0,0,0,1,0,0,32,31,16,15,0,0,0,1,20,12,0,2,4,0,0,0,0,0,0,
Fabo Chaney,207849,CB,GA SOUTHRN,9,1,0,61.9,0,1,174,1,0,62.1,59.5,81.7,56.2,46.0,58.0,0,2,0,0,36.0,16.7,4,1,2,95.3,13,0,0,16,229,153,249,2,0,0,2,0,0,247,2,94,2,5,19,1,21,2,0,210,72,16.2
Elijah Fears,207850,DI,GA SOUTHRN,11,4,0,,0,0,174,0,0,70.7,58.7,54.6,58.5,56.0,63.4,1,6,0,1,,10.0,1,0,1,0.0,0,0,0,0,0,0,296,296,41,230,7,18,0,0,134,162,0,3,5,0,0,7,0,0,0,
Devan Lowe,207860,DI,GA SOUTHRN,11,6,0,,0,0,174,0,0,60.0,56.8,61.6,54.0,58.8,66.0,0,2,0,0,,9.1,2,0,1,0.0,0,1,0,3,0,1,372,368,131,234,1,2,0,4,179,192,0,10,14,0,0,3,0,0,0,
Trey Rubinstein,207864,LB,KENT STATE,5,4,0,80.0,0,0,201,1,0,50.2,56.8,77.1,60.0,63.7,46.2,0,0,0,0,12.0,18.2,2,0,0,93.3,4,0,0,33,0,18,71,7,0,0,7,0,0,64,1,52,31,1,5,0,5,0,0,32,27,8.0
Mays Pese,208039,ED,ARIZONA,12,9,0,,0,0,109,0,0,61.9,60.3,59.5,61.7,58.6,63.4,1,6,0,0,,13.6,3,0,1,0.0,0,1,0,11,0,5,322,310,25,50,192,43,0,12,153,164,1,6,10,1,0,8,0,0,0,
Josh Schell,208843,DI,TENNESSEE,3,1,0,,0,0,307,0,0,60.0,50.6,73.7,57.1,48.9,28.1,0,0,0,0,,50.0,1,0,0,0.0,0,0,0,0,0,0,21,21,3,17,1,0,0,0,14,7,0,0,0,0,0,0,0,0,0,
Charles House III,208847,DI,TENNESSEE,2,1,0,,0,0,307,0,0,,70.9,70.2,57.3,69.4,71.9,0,1,0,0,,0.0,0,0,0,0.0,0,0,0,0,0,0,8,8,0,8,0,0,0,0,6,2,0,1,1,0,0,1,0,0,0,
Kaleb Gray,208866,S,W VIRGINIA,2,0,0,100.0,0,0,343,0,0,49.6,50.8,70.1,,60.1,21.4,0,0,0,0,15.0,100.0,1,0,0,118.8,1,0,0,3,0,2,9,0,0,0,0,0,5,9,0,7,1,0,0,0,1,0,0,15,7,15.0
Julien Horton,208867,S,W VIRGINIA,1,0,0,,0,0,343,0,0,,63.1,65.6,,61.3,74.8,0,0,0,0,,0.0,0,0,0,0.0,0,0,0,3,0,0,3,0,0,0,0,0,0,3,0,3,0,0,1,0,0,0,0,0,0,
Taylor Brown,208869,ED,W VIRGINIA,1,0,0,,0,0,343,0,0,,60.0,65.5,,60.0,,0,0,0,0,,,0,0,0,0.0,0,0,0,0,0,0,1,1,1,0,0,0,0,0,0,1,0,0,0,0,0,0,0,0,0,
ChaMarryus Bomar,208870,CB,W VIRGINIA,2,1,0,,0,0,343,0,0,61.3,58.4,71.2,,55.3,73.5,0,0,0,0,,0.0,0,0,0,0.0,0,0,0,0,10,2,10,0,0,0,0,0,0,10,0,8,0,0,0,0,0,0,0,0,0,
Elijah Simmons,208871,DI,W VIRGINIA,2,0,0,,0,0,343,0,0,,62.3,73.2,58.6,62.5,,0,0,0,0,,,0,0,0,0.0,0,0,0,0,0,0,12,12,7,5,0,0,0,0,4,8,0,0,0,0,0,0,0,0,0,
Cam Torbor,208876,LB,W VIRGINIA,1,0,0,,0,0,343,0,0,,74.2,67.2,,70.0,73.2,0,0,0,0,,0.0,0,0,0,0.0,0,0,0,3,0,0,3,0,0,0,0,0,0,3,0,3,0,1,1,0,0,0,0,0,0,
RJ Reedus,210379,CB,AIR FORCE,2,1,0,33.3,0,0,101,0,0,72.6,71.2,77.2,,59.4,81.6,0,0,0,0,9.0,0.0,0,1,0,42.4,1,0,0,3,60,37,68,0,0,0,0,0,2,68,0,31,3,1,5,0,3,0,0,9,0,9.0
Jordan Elie-Stuart,210380,CB,AIR FORCE,3,3,0,63.6,0,0,101,0,0,38.9,40.2,78.7,60.0,57.3,84.7,0,0,0,0,74.0,0.0,0,0,0,146.8,7,0,0,2,81,59,88,2,0,0,2,0,0,86,1,28,3,1,8,0,11,0,2,138,63,19.7
Ehimen Oyamendan,210384,CB,AIR FORCE,2,0,0,,0,0,101,0,0,66.7,64.3,74.3,,53.9,,0,0,0,0,,,0,0,0,0.0,0,0,0,0,28,16,28,0,0,0,0,0,0,28,0,12,0,0,0,0,0,0,0,0,0,
Jayden Malbranche,210385,CB,AIR FORCE,1,0,0,100.0,0,0,101,0,0,64.9,65.7,69.3,,60.0,73.5,0,0,0,0,6.0,0.0,0,0,0,91.7,1,0,0,0,6,4,6,0,0,0,0,0,0,6,0,2,0,0,1,0,1,0,0,6,1,6.0
Max Mustell,210386,S,AIR FORCE,11,9,0,60.0,0,0,101,0,0,71.0,70.9,86.4,,67.7,59.5,0,0,0,3,42.0,17.1,13,2,0,39.8,15,0,0,253,12,329,588,0,0,0,0,0,248,588,0,259,74,13,54,2,25,0,0,164,71,10.9
Alexander Perez,210387,S,AIR FORCE,9,10,0,81.3,0,0,101,0,0,58.4,55.4,35.3,57.4,50.0,60.8,1,0,0,0,40.0,16.7,6,0,1,111.8,26,0,0,55,1,197,349,57,0,0,57,0,12,292,19,133,223,5,20,1,32,1,1,267,94,10.3
Kaleb Bilal-Jones,211178,DI,ARIZONA,1,0,0,,0,0,109,0,0,60.0,60.9,68.2,60.0,60.0,,0,0,0,0,,,0,0,0,0.0,0,0,0,0,0,1,3,3,1,2,0,0,0,0,1,1,0,0,0,0,0,0,0,0,0,
Zac Siulepa,211563,DI,ARIZONA,4,0,0,,0,0,109,0,0,,63.0,75.0,70.9,54.9,72.2,0,0,0,0,,0.0,0,0,0,0.0,0,1,0,0,0,0,19,19,10,9,0,0,0,0,10,9,0,2,1,1,0,1,0,0,0,
