team,side,position,depth_rank,name,class_year,jersey,ourlads_id
Air Force Falcons,offense,WR-X,1,Jonah Dawson,JR,8,176085
Air Force Falcons,offense,WR-X,2,Adam Hrynciw,SR,10,170717
Air Force Falcons,offense,WR-X,3,Grant Wayne,SR,19,170742
Air Force Falcons,offense,WR-X,4,Jet Wiley,SR,16,170743
Air Force Falcons,offense,WR-Z,1,Matt Long,JR,3,176075
Air Force Falcons,offense,WR-Z,2,Mason Hayes,JR,18,176063
Air Force Falcons,offense,WR-Z,3,Owen Chambers,SR,0,170745
Air Force Falcons,offense,WR-Z,4,Sylas Maiava-Alaimalo,SO,29,181052
Air Force Falcons,offense,LT,1,Nathan Elwood,SR,52,170708
Air Force Falcons,offense,LT,2,Brandon Nazworth,JR,73,176100
Air Force Falcons,offense,LT,3,Alex Boyd,SO,76,181031
Air Force Falcons,offense,LG,1,TJ Tarascio,SR,58,170737
Air Force Falcons,offense,LG,2,Alec Falk,SR,75,170709
Air Force Falcons,offense,LG,3,Henry Rickels,SR,50,170730
Air Force Falcons,offense,C,1,Rudy Varela,SR,51,170741
Air Force Falcons,offense,C,2,Johnique Thomas,JR,59,176109
Air Force Falcons,offense,C,3,Gary Lassley,SO,78,181048
Air Force Falcons,offense,C,4,Peyton Knoebel,JR,77,176096
Air Force Falcons,offense,RG,1,Jon Ashford,JR,72,176076
Air Force Falcons,offense,RG,2,Brody Smith,JR,57,176107
Air Force Falcons,offense,RG,3,Cole Anderson,SO,67,181077
Air Force Falcons,offense,RT,1,Luke Vonderhaar,SR,55,164452
Air Force Falcons,offense,RT,2,Marcus Roser,JR,71,176106
Air Force Falcons,offense,RT,3,Jake Sulzberger,SO,66,181067
Air Force Falcons,offense,TE,1,Simon Kibbee,SR,80,170719
Air Force Falcons,offense,TE,2,Griffin Stalfort,SR,53,170736
Air Force Falcons,offense,TE,3,Samuel Rhoades V,JR,84,176103
Air Force Falcons,offense,TE,4,Mitchell Blakeslee,SR,85,170699
Air Force Falcons,offense,QB,1,Liam Szarka,JR,9,176054
Air Force Falcons,offense,QB,2,Josh Johnson,SR,11,170749
Air Force Falcons,offense,QB,3,Evan Medders,SO,5,181056
Air Force Falcons,offense,QB,4,Kemper Hodges,SR,4,170716
Air Force Falcons,offense,RB,1,Rocco Conti,SR,44,170706
Air Force Falcons,offense,RB,2,Jalen Rashad Turner,SR,26,170740
Air Force Falcons,offense,RB,3,Keegan Sack,SO,20,181064
Air Force Falcons,offense,RB,4,Mason Lowe,JR,33,176068
Air Force Falcons,offense,FB,1,Owen Allen,SR,2,170698
Air Force Falcons,offense,FB,2,Gage LaDue,JR,28,176066
Air Force Falcons,offense,FB,3,Travis Wood,JR,43,176073
Air Force Falcons,offense,FB,4,Luke Rauh,JR,24,176070
Air Force Falcons,defense,DE,1,Jaylin Reese,JR,45,176102
Air Force Falcons,defense,DE,2,Antonio Menard,JR,48,176098
Air Force Falcons,defense,DE,3,Grady Forsythe,JR,50,176088
Air Force Falcons,defense,DE,4,DeSean Davis,JR,18,176084
Air Force Falcons,defense,NT,1,Bennett Williams,JR,97,176117
Air Force Falcons,defense,NT,2,Lukia Rawls Jr.,SR,91,170729
Air Force Falcons,defense,NT,3,Jayden Oquendo,SR,99,170726
Air Force Falcons,defense,NT,4,Christian Krietzer,SO,98,181046
Air Force Falcons,defense,DT,1,Chaz Barnett,JR,59,176077
Air Force Falcons,defense,DT,2,Andrew Tillett,SR,93,170738
Air Force Falcons,defense,DT,3,Charlie Gleason,SR,96,170712
Air Force Falcons,defense,DT,4,Noah Daniels,SO,95,181078
Air Force Falcons,defense,OLB,1,Isaac Hubert,SR,30,170718
Air Force Falcons,defense,OLB,2,Jake Kepler,JR,47,176095
Air Force Falcons,defense,OLB,3,Jalen Davis,JR,34,176114
Air Force Falcons,defense,OLB,4,Connor Vasek,SO,92,181071
Air Force Falcons,defense,WLB,1,Blake Fletcher,SR,6,170711
Air Force Falcons,defense,WLB,2,Luke Fisher,SR,0,170747
Air Force Falcons,defense,WLB,3,Jonah Bowman,JR,44,176078
Air Force Falcons,defense,WLB,4,Seth McFarland,SO,43,181054
Air Force Falcons,defense,MLB,1,Dallas Daley,SR,8,170707
Air Force Falcons,defense,MLB,2,Vinnie Canosa,JR,51,176081
Air Force Falcons,defense,MLB,3,Brodie Mitchell,JR,39,176099
Air Force Falcons,defense,MLB,4,Andrew Jurasek,SO,32,181044
Air Force Falcons,defense,LCB,1,Korey Johnson,JR,2,176074
Air Force Falcons,defense,LCB,2,Ehimen Oyamendan,SO,22,178768
Air Force Falcons,defense,LCB,3,RJ Reedus,SO,11,178705
Air Force Falcons,defense,LCB,4,Jerome Drain,SO,10,181038
Air Force Falcons,defense,SS,1,Kyle Chen,JR,3,170705
Air Force Falcons,defense,SS,2,Roger Jones Jr.,JR,5,176064
Air Force Falcons,defense,SS,3,Nick Beckwith,JR,7,176058
Air Force Falcons,defense,SS,4,Houston Hendrix,SR,19,170714
Air Force Falcons,defense,FS,1,Max Mustell,SO,36,178706
Air Force Falcons,defense,FS,2,Cade Paterson,SO,23,181060
Air Force Falcons,defense,FS,3,Joseph Kramlich,SO,13,181045
Air Force Falcons,defense,FS,4,JT Tomescko,JR,20,176072
Air Force Falcons,defense,RCB,1,Mikhail Seiken,JR,4,176071
Air Force Falcons,defense,RCB,2,Jaris McIntosh,SR,9,176069
Air Force Falcons,defense,RCB,3,Jordan Elie-Stuart,SO,24,178766
Air Force Falcons,defense,SPUR,1,Alexander Perez,SO,26,178769
Air Force Falcons,defense,SPUR,2,Jayden Malbranche,SO,31,178767
Air Force Falcons,defense,SPUR,3,Ethan Stannard,SO,27,181066
Air Force Falcons,defense,SPUR,4,Jax Gates,SO,12,181076
Air Force Falcons,special_teams,PT,1,Will Duncan,JR,94,176115
Air Force Falcons,special_teams,PT,2,Rip Perez,SR,91,170728
Air Force Falcons,special_teams,PK,1,Jacob Medina,JR,39,176097
Air Force Falcons,special_teams,PK,2,Carter Cremascoli,SO,90,181034
Air Force Falcons,special_teams,KO,1,Bryce Olson,SR,93,170725
Air Force Falcons,special_teams,LS,1,Jake Helms,JR,42,176091
Air Force Falcons,special_teams,LS,2,Griffin Stalfort,SR,53,170736
Air Force Falcons,special_teams,H,1,Rip Perez,SR,91,170728
Air Force Falcons,special_teams,H,2,Will Duncan,JR,94,176115
Akron Zips,offense,WR-X,1,Cameron Monteiro,RS-SO/TR,12,168564
Akron Zips,offense,WR-X,2,Miles Burris,JR/TR,4,169147
Akron Zips,offense,WR-X,3,Brandon Hills,RS-JR/TR,8,161045
Akron Zips,offense,WR-Z,1,Marcel Williams,RS-SO/TR,2,170248
Akron Zips,offense,WR-Z,2,Titus Myers,JR/TR,5,175598
Akron Zips,offense,WR-Z,3,Luke Sivon,RS-FR,81,177670
Akron Zips,offense,WR-SL,1,Kyan Mason,RS-SO,3,172924
Akron Zips,offense,WR-SL,2,Jean Louis III,RS-JR,9,167214
Akron Zips,offense,WR-SL,3,Gentz Hilburn,SO/TR,87,181086
Akron Zips,offense,LT,1,Ian Falkner,RS-SR/TR,57,181084
Akron Zips,offense,LT,2,Dayne Shor,RS-SR/TR,75,69980
Akron Zips,offense,LG,1,Amarie Archer,RS-SR/TR,55,173455
Akron Zips,offense,LG,2,Nate Hampton,SO/TR,52,181095
Akron Zips,offense,LG,3,Nick Stopiak,RS-SR,79,158783
Akron Zips,offense,C,1,Colin Lyons,GR,72,152420
Akron Zips,offense,C,2,Brandon Smith,RS-JR/TR,56,181093
Akron Zips,offense,C,3,Max Mobley,RS-JR,62,170503
Akron Zips,offense,RG,1,Carlos Slayden,RS-SR/TR,71,172258
Akron Zips,offense,RG,2,Melvin Puckett,RS-SO/TR,70,181089
Akron Zips,offense,RG,3,Alex Fox,RS-SR/TR,53,172915
Akron Zips,offense,RT,1,Allen Jones Jr.,RS-SR/TR,50,176024
Akron Zips,offense,RT,2,Jonas Mann,RS-JR,73,167215
Akron Zips,offense,TE,1,Conner Cravaack,RS-JR,85,167211
Akron Zips,offense,TE,2,Elijah Alexander,SO/TR,83,181080
Akron Zips,offense,TE,3,Wyatt Hook,RS-SO/TR,84,172021
Akron Zips,offense,QB,1,Reese Poffenbarger,GR/TR,7,69636
Akron Zips,offense,QB,2,Brayden Roggow,RS-SO,6,170504
Akron Zips,offense,QB,3,Cibastian Broughton,RS-FR,11,176018
Akron Zips,offense,QB,4,Semaj Beals,FR,10,181081
Akron Zips,offense,RB,1,Jordan Gant,RS-SR/TR,1,176019
Akron Zips,offense,RB,2,Sean Patrick,RS-SO,13,170507
Akron Zips,offense,RB,3,Marquese Williams,RS-JR/TR,24,78727
Akron Zips,offense,RB,4,Taven Curry,RS-SR/TR,26,79643
Akron Zips,defense,LDE,1,Cyrus Durham,RS-SR/TR,1,170564
Akron Zips,defense,LDE,2,Jahvon Frazier,RS-SO,50,172917
Akron Zips,defense,NT,1,Ronald Hull,JR,5,172921
Akron Zips,defense,NT,2,Elijah Davis,RS-SO,57,172934
Akron Zips,defense,DT,1,Vaughn Highland,RS-SR/TR,52,181085
Akron Zips,defense,DT,2,Jon'Trell Mixon,RS-JR,8,167217
Akron Zips,defense,RDE,1,Kurtis Waye,SR/TR,90,181091
Akron Zips,defense,RDE,2,Dahvon Frazier,RS-SO,16,172916
Akron Zips,defense,WLB,1,Dwight Nunoo,RS-SR/TR,18,169878
Akron Zips,defense,WLB,2,Jason Hocker,RS-SO,25,172920
Akron Zips,defense,MLB,1,Jeremiah Jones,JR/TR,7,181092
Akron Zips,defense,MLB,2,Jude Buchanan,RS-SR/TR,42,78370
Akron Zips,defense,LCB,1,Catrell White,RS-JR,21,167220
Akron Zips,defense,LCB,2,Zach Hobson,RS-SR/TR,4,178225
Akron Zips,defense,LCB,3,Caiden Newsome,JR/TR,17,181087
Akron Zips,defense,SS,1,Daymon David,GR/TR,2,69985
Akron Zips,defense,SS,2,Jamari Somerville,RS-JR/TR,6,165729
Akron Zips,defense,FS,1,Mehki Flowers,RS-SR/TR,20,152706
Akron Zips,defense,FS,2,Rodrick Hunter,RS-SO,13,170500
Akron Zips,defense,RCB,1,Terence Thomas,RS-SR,15,161379
Akron Zips,defense,RCB,2,Dawayne Galloway Jr.,RS-FR/TR,11,174523
Akron Zips,defense,NB,1,Alex Branch,RS-SR/TR,3,150246
Akron Zips,defense,NB,2,Aamii Branch,JR/TR,9,177658
Akron Zips,defense,NB,3,Tairan Davis Jr.,SO,29,177660
Akron Zips,special_teams,PT,1,Joseph Castle,SR,95,161380
Akron Zips,special_teams,PT,2,Aidan Stire,RS-FR/TR,37,176527
Akron Zips,special_teams,PK,1,Matthew Schramm,RS-SO,47,172931
Akron Zips,special_teams,PK,2,Aidan Stire,RS-FR/TR,37,176527
Akron Zips,special_teams,KO,1,Aidan Stire,RS-FR/TR,37,176527
Akron Zips,special_teams,LS,1,Stone Dean,JR/TR,41,181083
Akron Zips,special_teams,LS,2,Frank Miner,RS-SR/TR,49,166342
Akron Zips,special_teams,H,1,Joseph Castle,SR,95,161380
Akron Zips,special_teams,PR,1,Sean Patrick,RS-SO,13,170507
Akron Zips,special_teams,PR,2,Terence Thomas,RS-SR,15,161379
Akron Zips,special_teams,KR,1,Brandon Hills,RS-JR/TR,8,161045
Akron Zips,special_teams,KR,2,Terence Thomas,RS-SR,15,161379
Alabama Crimson Tide,offense,WR-X,1,Derek Meadows,SO,30,174021
Alabama Crimson Tide,offense,WR-X,2,Cederian Morgan,FR,8,178819
Alabama Crimson Tide,offense,WR-X,3,MJ Chirgwin,RS-SR,23,159533
Alabama Crimson Tide,offense,WR-Z,1,Ryan Coleman-Williams,JR,1,170008
Alabama Crimson Tide,offense,WR-Z,2,Tyler Henderson,JR/TR,14,180369
Alabama Crimson Tide,offense,WR-Z,3,Maurice Mathis Jr.,FR,21,178837
Alabama Crimson Tide,offense,WR-H,1,Lotzeir Brooks,SO,3,174013
Alabama Crimson Tide,offense,WR-H,2,Rico Scott,RS-SO,7,170093
Alabama Crimson Tide,offense,WR-H,3,Aubrey Walker,FR,26,178838
Alabama Crimson Tide,offense,WR-H,4,Amari Sabb,FR,24,180155
Alabama Crimson Tide,offense,LT,1,Jackson Lloyd,RS-FR,77,174018
Alabama Crimson Tide,offense,LT,2,Tyrell Miller,JR/TR,65,178832
Alabama Crimson Tide,offense,LT,3,Jared Graham,FR,66,182550
Alabama Crimson Tide,offense,LG,1,William Sanders,RS-SO,70,167944
Alabama Crimson Tide,offense,LG,2,Mal Waldrep Jr.,RS-FR,52,174028
Alabama Crimson Tide,offense,LG,3,Casey Poe,RS-SO,50,167942
Alabama Crimson Tide,offense,C,1,Racin Delgatty,RS-JR/TR,55,178811
Alabama Crimson Tide,offense,C,2,Kaden Strayhorn,RS-FR/TR,79,174070
Alabama Crimson Tide,offense,RG,1,Michael Carroll,SO,64,174029
Alabama Crimson Tide,offense,RG,2,Ethan Fields,RS-JR/TR,75,160132
Alabama Crimson Tide,offense,RG,3,Chris Booker,FR,73,178824
Alabama Crimson Tide,offense,RT,1,Jayvin James,RS-JR/TR,54,161382
Alabama Crimson Tide,offense,RT,2,Nick Brooks,SO/TR,71,175652
Alabama Crimson Tide,offense,RT,3,Ty Haywood,RS-FR/TR,72,176405
Alabama Crimson Tide,offense,TE,1,Kaleb Edwards,SO,81,174030
Alabama Crimson Tide,offense,TE,2,Josh Ford,JR/TR,40,169339
Alabama Crimson Tide,offense,TE,3,Marshall Pritchett,SO,9,174023
Alabama Crimson Tide,offense,TE,4,Danny Lewis Jr.,RS-SR,87,156789
Alabama Crimson Tide,offense,TE,5,Jay Lindsey,RS-SO,88,171063
Alabama Crimson Tide,offense,QB,1,Keelon Russell,RS-FR,12,174024
Alabama Crimson Tide,offense,QB,2,Austin Mack,RS-JR/TR,10,167947
Alabama Crimson Tide,offense,QB,3,Jett Thomalla,FR,15,178814
Alabama Crimson Tide,offense,QB,4,John Gazzaniga,RS-FR,13,177675
Alabama Crimson Tide,offense,QB,5,Tayden-Evan Kaawa,FR,11,180365
Alabama Crimson Tide,offense,RB,1,Daniel Hill,RS-SO,4,167933
Alabama Crimson Tide,offense,RB,2,Kevin Riley,RS-SO,6,170007
Alabama Crimson Tide,offense,RB,3,EJ Crowell,FR,13,178817
Alabama Crimson Tide,offense,RB,4,Trae'shawn Brown,FR,17,178828
Alabama Crimson Tide,defense,DE,1,Jah-Marien Latham,GR,20,140050
Alabama Crimson Tide,defense,DE,2,Desmond Umeozulu,SR/TR,9,161297
Alabama Crimson Tide,defense,DE,3,Fatutoa Henry,RS-SR/TR,14,72749
Alabama Crimson Tide,defense,NT,1,Kedrick Bingley-Jones,RS-SR/TR,22,78864
Alabama Crimson Tide,defense,NT,2,Terrance Green,RS-JR/TR,99,159939
Alabama Crimson Tide,defense,NT,3,Isaia Faga,RS-SO,88,167946
Alabama Crimson Tide,defense,DT,1,London Simmons,SO,90,174026
Alabama Crimson Tide,defense,DT,2,Devan Thompkins,RS-SR/TR,1,153232
Alabama Crimson Tide,defense,DT,3,Edric Hill,RS-JR,94,161399
Alabama Crimson Tide,defense,DT,4,Steve Bolo Mboumoua,RS-SO/TR,25,170096
Alabama Crimson Tide,defense,WOLF,1,Yhonzae Pierre,RS-JR,0,159846
Alabama Crimson Tide,defense,WOLF,2,Justin Hill,SO,8,174031
Alabama Crimson Tide,defense,WOLF,3,Xavier Griffin,FR,11,178815
Alabama Crimson Tide,defense,WOLF,4,Jamarion Matthews,FR,41,178822
Alabama Crimson Tide,defense,STING,1,Luke Metz,SO,4,174022
Alabama Crimson Tide,defense,STING,2,QB Reese,RS-SO,36,171066
Alabama Crimson Tide,defense,STING,3,Abduall Sanders Jr.,RS-FR,35,174025
Alabama Crimson Tide,defense,MLB,1,Caleb Woodson,SR/TR,7,160169
Alabama Crimson Tide,defense,MLB,2,Cayden Jones,JR,23,167935
Alabama Crimson Tide,defense,MLB,3,Duke Johnson II,SO,15,174032
Alabama Crimson Tide,defense,MLB,4,Zay Hall,FR,34,178831
Alabama Crimson Tide,defense,LCB,1,Zabien Brown,JR,2,167930
Alabama Crimson Tide,defense,LCB,2,Chuck McDonald III,RS-FR,19,174020
Alabama Crimson Tide,defense,LCB,3,Zyan Gibson,FR,17,178820
Alabama Crimson Tide,defense,LCB,4,Nick Sherman,JR/TR,29,178833
Alabama Crimson Tide,defense,SS,1,Bray Hubbard,SR,18,159849
Alabama Crimson Tide,defense,SS,2,Ivan Taylor,SO,13,174027
Alabama Crimson Tide,defense,FS,1,Keon Sabb,RS-SR/TR,3,80624
Alabama Crimson Tide,defense,FS,2,Dre Kirkpatrick Jr.,RS-SO,21,167936
Alabama Crimson Tide,defense,RCB,1,Dijon Lee Jr.,SO,5,174017
Alabama Crimson Tide,defense,RCB,2,Carmelo O'Neal,JR/TR,28,178812
Alabama Crimson Tide,defense,RCB,3,Jorden Edmonds,FR,16,178816
Alabama Crimson Tide,defense,HUSKY,1,Red Morgan,JR,6,167939
Alabama Crimson Tide,defense,HUSKY,2,Zavier Mincey,JR,12,167938
Alabama Crimson Tide,defense,HUSKY,3,Rihyael Kelley,FR,24,178826
Alabama Crimson Tide,special_teams,PT,1,Adam Watford,SR/TR,33,178813
Alabama Crimson Tide,special_teams,PT,2,Alex Asparuhov,RS-FR,32,174012
Alabama Crimson Tide,special_teams,PT,3,Anderson Green,RS-SO,95,171060
Alabama Crimson Tide,special_teams,PK,1,Lorcan Quinn,SO/TR,90,177397
Alabama Crimson Tide,special_teams,PK,2,Conor Talty,RS-JR,31,163452
Alabama Crimson Tide,special_teams,PK,3,Tucker Cornelius,RS-SO,98,171058
Alabama Crimson Tide,special_teams,KO,1,Lorcan Quinn,SO/TR,90,177397
Alabama Crimson Tide,special_teams,KO,2,Conor Talty,RS-JR,31,163452
Alabama Crimson Tide,special_teams,KO,3,Tucker Cornelius,RS-SO,98,171058
Alabama Crimson Tide,special_teams,LS,1,Alex Rozier,GR,55,157297
Alabama Crimson Tide,special_teams,LS,2,Ethan Stangle,RS-SR/TR,61,157403
Alabama Crimson Tide,special_teams,LS,3,Jay Williams,RS-SO,45,171069
Alabama Crimson Tide,special_teams,LS,4,Eli Deutsch,FR,47,182549
Alabama Crimson Tide,special_teams,H,1,Adam Watford,SR/TR,33,178813
Alabama Crimson Tide,special_teams,H,2,Alex Asparuhov,RS-FR,32,174012
Alabama Crimson Tide,special_teams,H,3,Anderson Green,RS-SO,95,171060
Alabama Crimson Tide,special_teams,PR,1,Dijon Lee Jr.,SO,5,174017
Alabama Crimson Tide,special_teams,PR,2,Ryan Coleman-Williams,JR,1,170008
Alabama Crimson Tide,special_teams,KR,1,Lotzeir Brooks,SO,3,174013
Alabama Crimson Tide,special_teams,KR,2,Rico Scott,RS-SO,7,170093
Appalachian State Mountaineers,offense,WR-X,1,Sam Mbake,RS-SR/TR,12,68268
Appalachian State Mountaineers,offense,WR-X,2,Nate Branch,RS-SO/TR,1,78128
Appalachian State Mountaineers,offense,WR-X,3,Zach Taylor,RS-SO/TR,89,171109
Appalachian State Mountaineers,offense,WR-Z,1,Alexander Sanchez,SO,16,175411
Appalachian State Mountaineers,offense,WR-Z,2,Daz James,RS-JR/TR,83,165248
Appalachian State Mountaineers,offense,WR-Z,3,Sam Pickett III,SO/TR,0,181124
Appalachian State Mountaineers,offense,WR-SL,1,Chris Lofton,RS-JR/TR,6,165718
Appalachian State Mountaineers,offense,WR-SL,2,Doopah Coleman,SO,80,175413
Appalachian State Mountaineers,offense,WR-SL,3,Semaj Fleming,RS-FR/TR,22,177493
Appalachian State Mountaineers,offense,WR-SL,4,Jackson Grier,RS-JR/TR,13,166385
Appalachian State Mountaineers,offense,LT,1,Devon Manuel,RS-SR/TR,57,167995
Appalachian State Mountaineers,offense,LT,2,Kamron Burris,RS-JR/TR,74,181104
Appalachian State Mountaineers,offense,LG,1,Cayden Sweatt,RS-JR,52,161420
Appalachian State Mountaineers,offense,LG,2,Danny Stevens,RS-JR,66,166817
Appalachian State Mountaineers,offense,C,1,Jayden Thomas,RS-SO/TR,56,181132
Appalachian State Mountaineers,offense,RG,1,Trent Ramsey,RS-SR/TR,67,157499
Appalachian State Mountaineers,offense,RG,2,Lance Williams,RS-JR/TR,68,160173
Appalachian State Mountaineers,offense,RT,1,Tyriq Poindexter,RS-SR/TR,78,175412
Appalachian State Mountaineers,offense,RT,2,Mac Walters,RS-SR/TR,65,157787
Appalachian State Mountaineers,offense,TE,1,Darrin Fugitt,RS-SR/TR,7,181110
Appalachian State Mountaineers,offense,TE,2,Dillon Galloway,SO,87,175405
Appalachian State Mountaineers,offense,TE,3,Luke Douglas,RS-SO/TR,85,171161
Appalachian State Mountaineers,offense,QB,1,Malachi Singleton,RS-JR/TR,3,160651
Appalachian State Mountaineers,offense,QB,2,Henry Hasselbeck,RS-SO/TR,8,169658
Appalachian State Mountaineers,offense,QB,3,Tommy Ulatowski,RS-SR/TR,17,158818
Appalachian State Mountaineers,offense,QB,4,Gregory Fee,RS-FR,10,178115
Appalachian State Mountaineers,offense,QB,5,Bronzden Chaffin,FR,15,181105
Appalachian State Mountaineers,offense,RB,1,Ja'Quez Cross,RS-SR/TR,11,154955
Appalachian State Mountaineers,offense,RB,2,Jaquari Lewis,SO,5,175408
Appalachian State Mountaineers,offense,RB,3,Kanye Roberts,RS-SR,2,153613
Appalachian State Mountaineers,offense,RB,4,J'Marion Burnette,JR/TR,48,170320
Appalachian State Mountaineers,offense,RB,5,Treyaun Webb,RS-JR/TR,39,162437
Appalachian State Mountaineers,defense,LDE,1,Aiden Benton,RS-JR/TR,33,178111
Appalachian State Mountaineers,defense,LDE,2,Caleb Pitts,SO,94,178120
Appalachian State Mountaineers,defense,NT,1,Jehchys Brown,RS-JR/TR,50,181103
Appalachian State Mountaineers,defense,NT,2,Ki'Shawn Harvey,RS-JR/TR,95,164085
Appalachian State Mountaineers,defense,DT,1,Nick Campbell,RS-SR/TR,45,156129
Appalachian State Mountaineers,defense,DT,2,Aaron Clark,RS-SO/TR,99,181106
Appalachian State Mountaineers,defense,DT,3,Kaden Ellis,RS-FR,88,175410
Appalachian State Mountaineers,defense,RDE,1,Caleb Sandstrom,RS-JR/TR,41,178123
Appalachian State Mountaineers,defense,RDE,2,Keaton Braddock,JR/TR,93,181102
Appalachian State Mountaineers,defense,WLB,1,Kevin Henderson,JR/TR,16,181135
Appalachian State Mountaineers,defense,WLB,2,Keshawn Thomas,SR/TR,13,175601
Appalachian State Mountaineers,defense,WLB,3,Carson Sloan,JR/TR,5,181127
Appalachian State Mountaineers,defense,WLB,4,BJ Junius,FR,22,181116
Appalachian State Mountaineers,defense,MLB,1,Colton Phares,RS-JR,10,161418
Appalachian State Mountaineers,defense,MLB,2,Alex Mitchell,RS-SR/TR,15,175081
Appalachian State Mountaineers,defense,MLB,3,Brooks Yurachek,RS-JR/TR,35,80680
Appalachian State Mountaineers,defense,MLB,4,Michael McClenton,FR,52,181119
Appalachian State Mountaineers,defense,LCB,1,Juan Berchal,SO,0,175403
Appalachian State Mountaineers,defense,LCB,2,Joe Reddish,RS-JR/TR,21,174469
Appalachian State Mountaineers,defense,LCB,3,Dre Walker,RS-JR/TR,8,165935
Appalachian State Mountaineers,defense,SS,1,Eric Adams,RS-JR/TR,20,181134
Appalachian State Mountaineers,defense,SS,2,Jakob Gude,RS-SO/TR,4,169359
Appalachian State Mountaineers,defense,FS,1,Kaleb Purdy,RS-SR/TR,25,157471
Appalachian State Mountaineers,defense,FS,2,Cary Grant,RS-SR/TR,12,169150
Appalachian State Mountaineers,defense,FS,3,Devin Henderson,RS-SO/TR,7,168438
Appalachian State Mountaineers,defense,RCB,1,Ja'Cari Henderson,RS-SR/TR,3,157607
Appalachian State Mountaineers,defense,RCB,2,Ammo Robinson,RS-SR/TR,9,75753
Appalachian State Mountaineers,defense,RCB,3,Khalil Conley,RS-SO/TR,6,168483
Appalachian State Mountaineers,defense,NB,1,Ja'Den McBurrows,RS-SR/TR,1,149989
Appalachian State Mountaineers,defense,NB,2,Cam Fleming,RS-JR/TR,27,160155
Appalachian State Mountaineers,defense,NB,3,Joshua Williams,RS-JR/TR,24,181133
Appalachian State Mountaineers,special_teams,PT,1,Jaxson Dunn,RS-SO/TR,40,172337
Appalachian State Mountaineers,special_teams,PT,2,Evan Mulcare,FR,43,182558
Appalachian State Mountaineers,special_teams,PK,1,James London,RS-JR/TR,83,174736
Appalachian State Mountaineers,special_teams,PK,2,Carter Everett,RS-SR,29,156353
Appalachian State Mountaineers,special_teams,PK,3,Andrew Cummings,FR,36,182556
Appalachian State Mountaineers,special_teams,KO,1,James London,RS-JR/TR,83,174736
Appalachian State Mountaineers,special_teams,KO,2,Carter Everett,RS-SR,29,156353
Appalachian State Mountaineers,special_teams,KO,3,Andrew Cummings,FR,36,182556
Appalachian State Mountaineers,special_teams,LS,1,Parker Stone,RS-SR/TR,34,169791
Appalachian State Mountaineers,special_teams,LS,2,Hardy Butler,FR,47,182555
Appalachian State Mountaineers,special_teams,LS,3,Cale Schiralli,FR,42,183582
Appalachian State Mountaineers,special_teams,H,1,Jaxson Dunn,RS-SO/TR,40,172337
Appalachian State Mountaineers,special_teams,H,2,Evan Mulcare,FR,43,182558
Appalachian State Mountaineers,special_teams,PR,1,Juan Berchal,SO,0,175403
Appalachian State Mountaineers,special_teams,PR,2,Jackson Grier,RS-JR/TR,13,166385
Appalachian State Mountaineers,special_teams,KR,1,Max Guest,RS-FR,26,175407
Appalachian State Mountaineers,special_teams,KR,2,Jackson Grier,RS-JR/TR,13,166385
Arizona Wildcats,offense,WR-X,1,Tré Spivey,RS-JR/TR,12,165159
Arizona Wildcats,offense,WR-X,2,Jordan Ross,JR/TR,10,173246
Arizona Wildcats,offense,WR-X,3,Brandon Phelps,RS-SO,18,168248
Arizona Wildcats,offense,WR-X,4,Jordan McCord III,RS-SO,89,171545
Arizona Wildcats,offense,WR-Z,1,Chris Hunter,RS-SR,11,159288
Arizona Wildcats,offense,WR-Z,2,DJ Jordan,RS-SO/TR,4,169478
Arizona Wildcats,offense,WR-Z,3,R.J. Mosley,FR,2,180482
Arizona Wildcats,offense,WR-SL,1,Giovanni Richardson,SO,5,176332
Arizona Wildcats,offense,WR-SL,2,Rodney Gallagher III,SR/TR,84,160192
Arizona Wildcats,offense,WR-SL,3,Isaiah Mizell,SO,17,176327
Arizona Wildcats,offense,WR-SL,4,Caleb Smith,FR,20,180487
Arizona Wildcats,offense,LT,1,Matthew Lado,RS-SO,73,168243
Arizona Wildcats,offense,LT,2,Jaxon Griffin,RS-FR,66,177012
Arizona Wildcats,offense,LG,1,Rhino Tapa'atoutai,RS-JR,59,161457
Arizona Wildcats,offense,LG,2,Jake Griffin,RS-JR/TR,77,162604
Arizona Wildcats,offense,LG,3,Javian Goo,RS-FR,62,177011
Arizona Wildcats,offense,C,1,Zach Henning,RS-JR/TR,58,160207
Arizona Wildcats,offense,C,2,Grayson Stovall,RS-SR,78,154399
Arizona Wildcats,offense,C,3,Keona Peat,RS-JR/TR,54,167132
Arizona Wildcats,offense,RG,1,Alexander Doost,RS-JR/TR,63,168242
Arizona Wildcats,offense,RG,2,Isaac Perez,SR/TR,79,174167
Arizona Wildcats,offense,RT,1,Tristan Bounds,RS-SR/TR,71,147876
Arizona Wildcats,offense,RT,2,Louis Akpa,RS-FR,72,177006
Arizona Wildcats,offense,RT,3,Nathan Hale,RS-JR/TR,55,166109
Arizona Wildcats,offense,TE,1,Cole Rusk,RS-SR/TR,14,72998
Arizona Wildcats,offense,TE,2,Tyler Powell,RS-SR,87,158575
Arizona Wildcats,offense,TE,3,Arthur Ban,RS-SO/TR,86,171177
Arizona Wildcats,offense,TE,4,Shane King,RS-FR/TR,80,176168
Arizona Wildcats,offense,QB,1,Noah Fifita,RS-SR,1,154393
Arizona Wildcats,offense,QB,2,Sawyer Anderson,RS-FR,7,176321
Arizona Wildcats,offense,QB,3,Luke Haugo,RS-FR,16,176323
Arizona Wildcats,offense,QB,4,Oscar Rios,FR,9,180484
Arizona Wildcats,offense,RB,1,Ismail Mahdi,SR/TR,21,160934
Arizona Wildcats,offense,RB,2,Kedrick Reescano,SR/TR,3,160137
Arizona Wildcats,offense,RB,3,Quincy Craig,RS-SR/TR,24,174166
Arizona Wildcats,offense,RB,4,Antwan Roberts,RS-SR/TR,44,167047
Arizona Wildcats,offense,RB,5,Wesley Yarbrough,SO,0,177025
Arizona Wildcats,defense,DE,1,Tre Smith,RS-SR/TR,3,61284
Arizona Wildcats,defense,DE,2,Dominic Lolesio,RS-JR,42,163929
Arizona Wildcats,defense,DE,3,Kevin Moorer Jr.,JR/TR,38,181096
Arizona Wildcats,defense,DE,4,Victory Johnson,RS-JR/TR,45,161156
Arizona Wildcats,defense,DE,5,Prince Williams,FR,44,180488
Arizona Wildcats,defense,NT,1,Leroy Palu,SR/TR,95,176328
Arizona Wildcats,defense,NT,2,Zac Siulepa,RS-JR/TR,96,178615
Arizona Wildcats,defense,NT,3,Keytrin Harris,FR,27,180479
Arizona Wildcats,defense,NT,4,Manoah Faupusa,FR,78,180476
Arizona Wildcats,defense,DT,1,Mays Pese,SO,99,177018
Arizona Wildcats,defense,DT,2,Julian Savaiinaea,RS-JR,41,161455
Arizona Wildcats,defense,DT,3,Ezra Funa,RS-JR/TR,92,178613
Arizona Wildcats,defense,DT,4,Kaisi Lafitaga,FR,51,180481
Arizona Wildcats,defense,WLB,1,Chase Kennedy,RS-SR/TR,7,156620
Arizona Wildcats,defense,WLB,2,Cooper Blomstrom,SR/TR,48,180474
Arizona Wildcats,defense,WLB,3,Dash Fifita,FR,0,180477
Arizona Wildcats,defense,MLB,1,Taye Brown,SR,6,163922
Arizona Wildcats,defense,MLB,2,Jabari Mann,RS-SO,11,171544
Arizona Wildcats,defense,MLB,3,Dominic Hanger,RS-JR,36,163927
Arizona Wildcats,defense,MLB,4,Leviticus Su'a,RS-JR,55,163935
Arizona Wildcats,defense,SLB,1,Max Harris,SR/TR,19,168526
Arizona Wildcats,defense,SLB,2,Everett Roussaw Jr.,SR/TR,16,163016
Arizona Wildcats,defense,SLB,3,Myron Robinson,SO,10,177020
Arizona Wildcats,defense,SLB,4,Coleman Patmon,SO,26,177016
Arizona Wildcats,defense,LCB,1,Dwight Bootle,RS-JR/TR,12,160032
Arizona Wildcats,defense,LCB,2,Tyrese Boss,RS-SO/TR,9,170107
Arizona Wildcats,defense,LCB,3,Swayde Griffin,RS-FR,28,177013
Arizona Wildcats,defense,LCB,4,Aiden Miller,RS-SO,31,178616
Arizona Wildcats,defense,SS,1,Lee Molette III,RS-SR/TR,17,159018
Arizona Wildcats,defense,SS,2,Matai Tagoa'i,SO/TR,4,174135
Arizona Wildcats,defense,SS,3,Quinn Olson,RS-SO,35,170566
Arizona Wildcats,defense,FS,1,Daylen Austin,RS-JR/TR,2,159911
Arizona Wildcats,defense,FS,2,Cam Chapa,JR/TR,13,180475
Arizona Wildcats,defense,FS,3,Johno Price,RS-JR/TR,21,170568
Arizona Wildcats,defense,FS,4,Hannibal Navies II,FR,14,180483
Arizona Wildcats,defense,RCB,1,Jay'Vion Cole,RS-SR/TR,8,162494
Arizona Wildcats,defense,RCB,2,Zuri Watson,RS-SO/TR,25,180486
Arizona Wildcats,defense,RCB,3,Xaier Hiler,FR,30,180480
Arizona Wildcats,defense,NB,1,Malcolm Hartzog,RS-SR/TR,15,152776
Arizona Wildcats,defense,NB,2,Gavin Hunter,RS-JR,23,161448
Arizona Wildcats,defense,NB,3,Dajon Hinton,RS-FR,20,176324
Arizona Wildcats,special_teams,PT,1,Chase Ridley,FR,37,179049
Arizona Wildcats,special_teams,PT,2,Carter Schwartz,RS-JR/TR,34,164530
Arizona Wildcats,special_teams,PK,1,Michael Salgado-Medina,JR,19,168251
Arizona Wildcats,special_teams,PK,2,Ian French,FR,98,180489
Arizona Wildcats,special_teams,KO,1,Ian French,FR,98,180489
Arizona Wildcats,special_teams,LS,1,Drew Nicolson,RS-JR/TR,43,161384
Arizona Wildcats,special_teams,H,1,Chase Ridley,FR,37,179049
Arizona Wildcats,special_teams,H,2,Carter Schwartz,RS-JR/TR,34,164530
Arizona Wildcats,special_teams,PR,1,Rodney Gallagher III,SR/TR,84,160192
Arizona Wildcats,special_teams,KR,1,Ismail Mahdi,SR/TR,21,160934
Arizona Wildcats,special_teams,KR,2,Quincy Craig,RS-SR/TR,24,174166
Arizona State Sun Devils,offense,WR-X,1,Reed Harris,RS-JR/TR,3,165854
Arizona State Sun Devils,offense,WR-X,2,Jalen Moss,RS-SR/TR,18,156720
Arizona State Sun Devils,offense,WR-X,3,Uriah Neloms,RS-FR,81,175469
Arizona State Sun Devils,offense,WR-X,4,Michael Tollefson,RS-FR,17,174113
Arizona State Sun Devils,offense,WR-Z,1,Omarion Miller,SR/TR,4,161182
Arizona State Sun Devils,offense,WR-Z,2,Jaren Hamilton,RS-JR/TR,16,161394
Arizona State Sun Devils,offense,WR-Z,3,Harry Hassmann,RS-FR,89,175466
Arizona State Sun Devils,offense,WR-F,1,Raiden Vines-Bright,SO/TR,7,174337
Arizona State Sun Devils,offense,WR-F,2,Derek Eusebio,RS-JR,5,167126
Arizona State Sun Devils,offense,WR-F,3,Cory Butler Jr.,RS-FR,9,175465
Arizona State Sun Devils,offense,LT,1,Champ Westbrooks,RS-SO,76,169109
Arizona State Sun Devils,offense,LT,2,Jarmaine Mitchell,JR/TR,75,180681
Arizona State Sun Devils,offense,LT,3,Xander Ruggeroli,RS-JR/TR,79,167765
Arizona State Sun Devils,offense,LG,1,Maki Stewart,SO,59,175472
Arizona State Sun Devils,offense,LG,2,Siosaia Lapuaho,JR/TR,74,180676
Arizona State Sun Devils,offense,LG,3,Terrell Kim,RS-SO,73,169099
Arizona State Sun Devils,offense,LG,4,Brent Helton,RS-SO/TR,69,171456
Arizona State Sun Devils,offense,C,1,Tana Alo-Tupuola,JR/TR,58,168722
Arizona State Sun Devils,offense,C,2,Marques Uini,FR,50,180685
Arizona State Sun Devils,offense,C,3,Makua Pule,RS-JR,71,167133
Arizona State Sun Devils,offense,RG,1,Wade Helton,RS-SO/TR,64,171457
Arizona State Sun Devils,offense,RG,2,Rob Lapuaho,RS-FR,53,177033
Arizona State Sun Devils,offense,RG,3,Manamo'ui Muti,RS-FR,52,175468
Arizona State Sun Devils,offense,RT,1,Jalen Klemm,RS-SR/TR,70,76210
Arizona State Sun Devils,offense,RT,2,Luke Baklenko,SR/TR,78,161216
Arizona State Sun Devils,offense,RT,3,Desean Bryant Jr.,RS-FR,54,175464
Arizona State Sun Devils,offense,TE,1,Khamari Anderson,SR/TR,15,159793
Arizona State Sun Devils,offense,TE,2,AJ Ia,SO,0,174115
Arizona State Sun Devils,offense,TE,3,Anthony Miller,RS-JR/TR,85,165795
Arizona State Sun Devils,offense,TE,4,Clayton Smith,GR/TR,10,160331
Arizona State Sun Devils,offense,QB,1,Cutter Boley,RS-SO/TR,8,168308
Arizona State Sun Devils,offense,QB,2,Mikey Keene,RS-SR/TR,12,161723
Arizona State Sun Devils,offense,QB,3,Jake Fette,FR,2,180672
Arizona State Sun Devils,offense,QB,4,Cameron Dyer,RS-FR,13,174116
Arizona State Sun Devils,offense,RB,1,Kyson Brown,SR,1,163652
Arizona State Sun Devils,offense,RB,2,Demarius Robinson,SO,23,175470
Arizona State Sun Devils,offense,RB,3,Marquis Gillis,RS-SR/TR,6,179368
Arizona State Sun Devils,offense,RB,4,Cardae Mack,FR,25,180677
Arizona State Sun Devils,offense,RB,5,Jason Brown Jr.,RS-SO,22,169092
Arizona State Sun Devils,defense,LDE,1,Roman Pitre,RS-SR/TR,5,80470
Arizona State Sun Devils,defense,LDE,2,Emar'rion Winston,RS-SR/TR,4,153660
Arizona State Sun Devils,defense,LDE,3,Kirt Vakalahi,JR/TR,44,180687
Arizona State Sun Devils,defense,LDT,1,C.J. Fite,SR,99,159776
Arizona State Sun Devils,defense,LDT,2,Zac Swanson,RS-SR/TR,92,157464
Arizona State Sun Devils,defense,LDT,3,Rashad McKenzie,RS-SR/TR,91,157556
Arizona State Sun Devils,defense,LDT,4,Ramar Williams,RS-SO,55,169110
Arizona State Sun Devils,defense,RDT,1,Blazen Lono-Wong,RS-SR,97,157527
Arizona State Sun Devils,defense,RDT,2,MyKeil Gardner,RS-JR/TR,93,159921
Arizona State Sun Devils,defense,RDT,3,Jeffrey Manns,JR/TR,95,180678
Arizona State Sun Devils,defense,RDE,1,Jalen Thompson,SR/TR,9,161115
Arizona State Sun Devils,defense,RDE,2,Albert Smith III,RS-SO,3,169106
Arizona State Sun Devils,defense,RDE,3,Julian Hugo,FR,98,180673
Arizona State Sun Devils,defense,WLB,1,Martell Hughes,JR,8,169096
Arizona State Sun Devils,defense,WLB,2,Zyrus Fiaseu,RS-SR/TR,30,79807
Arizona State Sun Devils,defense,WLB,3,Tristan Bacon,RS-FR,45,177030
Arizona State Sun Devils,defense,WLB,4,Mason Marden,FR,43,180679
Arizona State Sun Devils,defense,MLB,1,Owen Long,JR/TR,22,173234
Arizona State Sun Devils,defense,MLB,2,Prayer Young-Blackgoat,RS-SO,13,171592
Arizona State Sun Devils,defense,MLB,3,Isaiah Iosefa,SO,54,175467
Arizona State Sun Devils,defense,MLB,4,Ramere Davis,RS-SO/TR,18,180670
Arizona State Sun Devils,defense,LCB,1,Rodney Bimage Jr.,RS-SO,0,169091
Arizona State Sun Devils,defense,LCB,2,Caleb Chester,RS-FR/TR,25,175654
Arizona State Sun Devils,defense,LCB,3,Daquwan Dunn,RS-FR,19,180671
Arizona State Sun Devils,defense,SS,1,Lyrik Rawls,RS-SR/TR,2,147502
Arizona State Sun Devils,defense,SS,2,Antoine Belgrave-Shorter,RS-SO/TR,35,167654
Arizona State Sun Devils,defense,SS,3,Maurice Williams,JR/TR,20,168643
Arizona State Sun Devils,defense,FS,1,Adrian Wilson,RS-JR/TR,6,161059
Arizona State Sun Devils,defense,FS,2,Jessiah McGrew,SO/TR,23,176776
Arizona State Sun Devils,defense,FS,3,Kyan McDonald,JR,21,169102
Arizona State Sun Devils,defense,FS,4,Ben Alefaio-Lilii,SO,12,177029
Arizona State Sun Devils,defense,RCB,1,Ashton Stamps,RS-JR/TR,1,162939
Arizona State Sun Devils,defense,RCB,2,Joseph Smith,SO,15,175473
Arizona State Sun Devils,defense,RCB,3,Nigel Pringle,RS-FR/TR,16,176483
Arizona State Sun Devils,defense,NB,1,Montana Warren,RS-JR,7,159785
Arizona State Sun Devils,special_teams,PT,1,Nick McLarty,RS-SO/TR,35,170326
Arizona State Sun Devils,special_teams,PT,2,Kanyon Floyd,JR,31,169093
Arizona State Sun Devils,special_teams,PK,1,Carson Smith,RS-SR/TR,32,79338
Arizona State Sun Devils,special_teams,PK,2,Carston Kieffer,RS-JR,26,166639
Arizona State Sun Devils,special_teams,KO,1,Carson Smith,RS-SR/TR,32,79338
Arizona State Sun Devils,special_teams,KO,2,Carston Kieffer,RS-JR,26,166639
Arizona State Sun Devils,special_teams,LS,1,Grayson Curtis,RS-SR/TR,43,158714
Arizona State Sun Devils,special_teams,LS,2,Tyler Wigglesworth,RS-SR/TR,39,169111
Arizona State Sun Devils,special_teams,H,1,Nick McLarty,RS-SO/TR,35,170326
Arizona State Sun Devils,special_teams,H,2,Kanyon Floyd,JR,31,169093
Arizona State Sun Devils,special_teams,PR,1,Jaren Hamilton,RS-JR/TR,16,161394
Arizona State Sun Devils,special_teams,PR,2,Jalen Moss,RS-SR/TR,18,156720
Arizona State Sun Devils,special_teams,PR,3,Raiden Vines-Bright,SO/TR,7,174337
Arizona State Sun Devils,special_teams,KR,1,Jaren Hamilton,RS-JR/TR,16,161394
Arizona State Sun Devils,special_teams,KR,2,Jalen Moss,RS-SR/TR,18,156720
Arizona State Sun Devils,special_teams,KR,3,Raiden Vines-Bright,SO/TR,7,174337
Arkansas Razorbacks,offense,WR-X,1,Chris Marshall,RS-SR/TR,6,73190
Arkansas Razorbacks,offense,WR-X,2,Antonio Jordan,RS-FR,19,175851
Arkansas Razorbacks,offense,WR-X,3,Courtney Crutchfield,RS-SO/TR,1,171085
Arkansas Razorbacks,offense,WR-X,4,Jude Hall,FR,18,181327
Arkansas Razorbacks,offense,WR-Z,1,CJ Brown,JR,3,168075
Arkansas Razorbacks,offense,WR-Z,2,Donovan Faupel,SR/TR,8,166172
Arkansas Razorbacks,offense,WR-Z,3,Monte Harrison,RS-SO,11,28420
Arkansas Razorbacks,offense,WR-Z,4,Blair Irvin III,FR,88,181330
Arkansas Razorbacks,offense,WR-SL,1,Jamari Hawkins,RS-SR/TR,9,157630
Arkansas Razorbacks,offense,WR-SL,2,Ismael Cisse,RS-JR/TR,4,161218
Arkansas Razorbacks,offense,WR-SL,3,Jelani Watkins,RS-SO/TR,13,169015
Arkansas Razorbacks,offense,WR-SL,4,Dequane Prevo,FR,80,181334
Arkansas Razorbacks,offense,LT,1,Kavion Broussard,RS-SO/TR,75,167957
Arkansas Razorbacks,offense,LT,2,Josiah Clemons,RS-FR/TR,79,177644
Arkansas Razorbacks,offense,LT,3,Aaron Smith,RS-JR,65,165257
Arkansas Razorbacks,offense,LT,4,Ben Mubenga,FR,56,181333
Arkansas Razorbacks,offense,LG,1,Malachi Breland,RS-JR/TR,71,162062
Arkansas Razorbacks,offense,LG,2,Terence Roberson Jr.,RS-SO/TR,74,179457
Arkansas Razorbacks,offense,LG,3,Daniel Grein,RS-FR/TR,70,181325
Arkansas Razorbacks,offense,LG,4,Lucas Possenti,RS-SO/TR,78,171857
Arkansas Razorbacks,offense,C,1,Caden Kitler,RS-SR/TR,52,157611
Arkansas Razorbacks,offense,C,2,Kash Courtney,RS-FR,53,175299
Arkansas Razorbacks,offense,C,3,Alex Johnson,RS-SO,62,171108
Arkansas Razorbacks,offense,C,4,Kaden Bramlage,FR,61,181322
Arkansas Razorbacks,offense,C,5,Carey Clayton,FR,55,179448
Arkansas Razorbacks,offense,RG,1,Kobe Branham,RS-SO,50,168060
Arkansas Razorbacks,offense,RG,2,Brooks Edmonson,RS-SR,73,156765
Arkansas Razorbacks,offense,RG,3,Payton Parks-Smith,RS-SR/TR,66,175850
Arkansas Razorbacks,offense,RG,4,Tucker Young,FR,72,181338
Arkansas Razorbacks,offense,RT,1,Bryant Williams,RS-SR/TR,64,155898
Arkansas Razorbacks,offense,RT,2,Adam Hawkes,RS-SO/TR,54,173171
Arkansas Razorbacks,offense,RT,3,Jonas Nantze,RS-SO,60,171102
Arkansas Razorbacks,offense,RT,4,Hugh Smith,FR,63,181336
Arkansas Razorbacks,offense,TE,1,Jaden Platt,RS-JR/TR,83,160830
Arkansas Razorbacks,offense,TE,2,Ty Lockwood,RS-JR/TR,85,161395
Arkansas Razorbacks,offense,TE,3,Maddox Lassiter,RS-JR,47,165250
Arkansas Razorbacks,offense,TE,4,Matt Adcock,SR/TR,32,175978
Arkansas Razorbacks,offense,QB,1,KJ Jackson,RS-SO,7,168064
Arkansas Razorbacks,offense,QB,2,AJ Hill,RS-FR/TR,2,174645
Arkansas Razorbacks,offense,QB,3,Hank Hendrix,FR,14,181329
Arkansas Razorbacks,offense,QB,4,Cade Trotter,RS-FR/TR,10,174489
Arkansas Razorbacks,offense,QB,5,Braeden Fuller,RS-SR/TR,16,179450
Arkansas Razorbacks,offense,RB,1,Braylen Russell,JR,0,168071
Arkansas Razorbacks,offense,RB,2,Sutton Smith,RS-SR/TR,5,157644
Arkansas Razorbacks,offense,RB,3,Cam Settles,SO,27,175309
Arkansas Razorbacks,offense,RB,4,Jasper Parker,SO/TR,21,174067
Arkansas Razorbacks,offense,RB,5,Markeylin Batton,RS-FR,25,176479
Arkansas Razorbacks,defense,DE,1,Quincy Rhodes Jr.,SR,97,160666
Arkansas Razorbacks,defense,DE,2,Xadavien Sims,RS-SO/TR,88,169458
Arkansas Razorbacks,defense,DE,3,Caleb Bell,RS-FR,90,175297
Arkansas Razorbacks,defense,DE,4,Brian Alston,RS-JR/TR,41,163823
Arkansas Razorbacks,defense,NT,1,Hunter Osborne,RS-JR/TR,0,161397
Arkansas Razorbacks,defense,NT,2,David Oke,RS-SR/TR,92,173979
Arkansas Razorbacks,defense,NT,3,Danny Beale III,FR,99,181321
Arkansas Razorbacks,defense,NT,4,Antonio Sandel-Bascomb,RS-JR/TR,55,179464
Arkansas Razorbacks,defense,DT,1,Carlon Jones,RS-SO/TR,91,172696
Arkansas Razorbacks,defense,DT,2,Reginald Vaughn,RS-FR,94,173981
Arkansas Razorbacks,defense,DT,3,Trajen Odom,RS-FR/TR,28,173917
Arkansas Razorbacks,defense,DT,4,Keiundre Johnson,RS-FR,93,175305
Arkansas Razorbacks,defense,JACK,1,Steven Soles Jr.,JR/TR,35,168320
Arkansas Razorbacks,defense,JACK,2,Charlie Collins,JR,9,168062
Arkansas Razorbacks,defense,JACK,3,Jamonta Waller,RS-SO/TR,11,168100
Arkansas Razorbacks,defense,JACK,4,Trent Sellers,RS-FR,43,176486
Arkansas Razorbacks,defense,JACK,5,J'Lynn Allen,RS-SO/TR,30,181320
Arkansas Razorbacks,defense,WLB,1,Ja'Quavion Smith,JR/TR,25,179458
Arkansas Razorbacks,defense,WLB,2,Phoenix Jackson,RS-SR/TR,8,149966
Arkansas Razorbacks,defense,WLB,3,Jeremy Evans,RS-SR/TR,42,153579
Arkansas Razorbacks,defense,MLB,1,Bradley Shaw,JR,7,169854
Arkansas Razorbacks,defense,MLB,2,Ben Bogle,RS-SR/TR,44,176515
Arkansas Razorbacks,defense,MLB,3,Wyatt Simmons,RS-SO,10,171104
Arkansas Razorbacks,defense,LCB,1,La'khi Roland,JR/TR,4,167816
Arkansas Razorbacks,defense,LCB,2,Shelton Lewis,RS-JR/TR,2,160314
Arkansas Razorbacks,defense,LCB,3,Brandon Ford,FR,29,179463
Arkansas Razorbacks,defense,SS,1,Miguel Mitchell,RS-SR/TR,24,168056
Arkansas Razorbacks,defense,SS,2,Kyeaure Magloire,RS-SR/TR,14,179456
Arkansas Razorbacks,defense,SS,3,Nsongbeh Ginyui,SO/TR,15,179451
Arkansas Razorbacks,defense,SS,4,Ian Williams,SO/TR,23,175996
Arkansas Razorbacks,defense,FS,1,Christian Harrison,RS-SR/TR,1,156858
Arkansas Razorbacks,defense,FS,2,John Howse IV,RS-SR/TR,18,147465
Arkansas Razorbacks,defense,FS,3,Tay Lockett,FR,22,179455
Arkansas Razorbacks,defense,FS,4,LaMarcus Hicks II,RS-FR/TR,27,176967
Arkansas Razorbacks,defense,RCB,1,Joker Johnson,RS-JR/TR,20,163635
Arkansas Razorbacks,defense,RCB,2,DJ Hairston Jr.,SO/TR,17,179452
Arkansas Razorbacks,defense,RCB,3,Braydon Lee,RS-SO/TR,3,167807
Arkansas Razorbacks,defense,NB,1,Khmori House,JR/TR,6,168123
Arkansas Razorbacks,defense,NB,2,Carter Stoutmire,SR/TR,13,161186
Arkansas Razorbacks,defense,NB,3,Tyler Scott,RS-JR/TR,21,160126
Arkansas Razorbacks,special_teams,PT,1,Gavin Rush,RS-FR,37,175311
Arkansas Razorbacks,special_teams,PT,2,Jesse Ehrlich,RS-SR/TR,34,181323
Arkansas Razorbacks,special_teams,PK,1,Max Gilbert,RS-JR/TR,30,160799
Arkansas Razorbacks,special_teams,PK,2,Braeden McAlister,RS-SR/TR,39,164216
Arkansas Razorbacks,special_teams,PK,3,Charlie Von Der Meden,RS-SO,46,171105
Arkansas Razorbacks,special_teams,KO,1,Braeden McAlister,RS-SR/TR,39,164216
Arkansas Razorbacks,special_teams,KO,2,Max Gilbert,RS-JR/TR,30,160799
Arkansas Razorbacks,special_teams,KO,3,Charlie Von Der Meden,RS-SO,46,171105
Arkansas Razorbacks,special_teams,LS,1,Adam Johnston,RS-JR/TR,51,179454
Arkansas Razorbacks,special_teams,LS,2,Max Schmidly,RS-JR,59,165254
Arkansas Razorbacks,special_teams,H,1,Gavin Rush,RS-FR,37,175311
Arkansas Razorbacks,special_teams,H,2,Jesse Ehrlich,RS-SR/TR,34,181323
Arkansas Razorbacks,special_teams,PR,1,Sutton Smith,RS-SR/TR,5,157644
Arkansas Razorbacks,special_teams,KR,1,Sutton Smith,RS-SR/TR,5,157644
Arkansas Razorbacks,special_teams,KR,2,Jelani Watkins,RS-SO/TR,13,169015
Arkansas State Red Wolves,offense,WR-X,1,Jaylen Bonelli,SR/TR,10,177406
Arkansas State Red Wolves,offense,WR-X,2,Romel Stevens,RS-FR,18,177422
Arkansas State Red Wolves,offense,WR-X,3,Dallas Boozer,FR,81,182564
Arkansas State Red Wolves,offense,WR-Z,1,Hunter Summers,RS-JR/TR,3,163639
Arkansas State Red Wolves,offense,WR-Z,2,Deshaun Fedd,FR,21,182568
Arkansas State Red Wolves,offense,WR-SL,1,Chauncy Cobb,RS-JR,2,163827
Arkansas State Red Wolves,offense,WR-SL,2,Nana Burris,RS-SR/TR,0,169870
Arkansas State Red Wolves,offense,WR-SL,3,Kena Rego,FR,80,182582
Arkansas State Red Wolves,offense,LT,1,Sterling Wiggins,RS-JR/TR,72,182594
Arkansas State Red Wolves,offense,LT,2,Manasse Itete,RS-SO/TR,70,171166
Arkansas State Red Wolves,offense,LT,3,Cameron Ambrose,RS-SR,58,158003
Arkansas State Red Wolves,offense,LG,1,Tristian Smith,RS-SR/TR,68,158026
Arkansas State Red Wolves,offense,LG,2,Baker North,RS-SO,79,172351
Arkansas State Red Wolves,offense,LG,3,Cade Channell,RS-FR,51,175442
Arkansas State Red Wolves,offense,C,1,Mason Myers,RS-JR,52,163855
Arkansas State Red Wolves,offense,C,2,Talan Chandler,RS-SO/TR,53,168861
Arkansas State Red Wolves,offense,C,3,Gabe Fortson,RS-JR/TR,77,160895
Arkansas State Red Wolves,offense,RG,1,Wil Saxton,RS-SR/TR,50,154715
Arkansas State Red Wolves,offense,RG,2,Landry Cannon,RS-JR/TR,74,163628
Arkansas State Red Wolves,offense,RT,1,Aleric Watson,RS-SR,55,154947
Arkansas State Red Wolves,offense,RT,2,Tanner Welch,RS-JR/TR,71,162559
Arkansas State Red Wolves,offense,TE,1,Josh Burrell,RS-SR/TR,16,80518
Arkansas State Red Wolves,offense,TE,2,Tyler Little,RS-JR,11,163846
Arkansas State Red Wolves,offense,TE,3,Jabari Bush,RS-SO,17,172336
Arkansas State Red Wolves,offense,TE,4,Ezra Burgess,JR,82,172334
Arkansas State Red Wolves,offense,TE,5,Jaden Hamm,RS-JR/TR,19,161892
Arkansas State Red Wolves,offense,QB,1,Trey Owens,RS-SO/TR,9,169288
Arkansas State Red Wolves,offense,QB,2,Ethan Crawford,SR/TR,6,162563
Arkansas State Red Wolves,offense,QB,3,Drew Dickey,RS-SR/TR,7,157384
Arkansas State Red Wolves,offense,QB,4,Jérémy St-Hilaire,RS-SO/TR,12,171155
Arkansas State Red Wolves,offense,QB,5,Mason Schubert,RS-FR/TR,20,176869
Arkansas State Red Wolves,offense,RB,1,Kenyon Clay,RS-SR/TR,5,154707
Arkansas State Red Wolves,offense,RB,2,Devin Spencer,JR,4,172359
Arkansas State Red Wolves,offense,RB,3,Corey Reddick,RS-SR/TR,8,182581
Arkansas State Red Wolves,offense,RB,4,Ezell Jolly,RS-JR/TR,22,166022
Arkansas State Red Wolves,offense,RB,5,Nasir Allen,RS-FR,24,177403
Arkansas State Red Wolves,defense,DE,1,Donquarius Parker,RS-SR/TR,14,182580
Arkansas State Red Wolves,defense,DE,2,Sultan Badmus,JR/TR,11,170200
Arkansas State Red Wolves,defense,DE,3,AJ Thomas,RS-JR/TR,27,163641
Arkansas State Red Wolves,defense,NT,1,Elias Sherman,RS-JR/TR,92,182586
Arkansas State Red Wolves,defense,NT,2,Tyeland Coleman,RS-JR/TR,91,174243
Arkansas State Red Wolves,defense,NT,3,TJ Spann,JR/TR,99,182588
Arkansas State Red Wolves,defense,DT,1,Shakai Woods,RS-JR/TR,98,161088
Arkansas State Red Wolves,defense,DT,2,Ryan Reese,SO,54,177420
Arkansas State Red Wolves,defense,DT,3,Sam Hultz,RS-JR/TR,44,182573
Arkansas State Red Wolves,defense,JACK,1,Tony Carter,SO,10,177430
Arkansas State Red Wolves,defense,JACK,2,TJ Grant,JR/TR,20,182571
Arkansas State Red Wolves,defense,WLB,1,Robert Stevens III,RS-JR/TR,23,182590
Arkansas State Red Wolves,defense,WLB,2,Daniel Demery,RS-JR/TR,28,160131
Arkansas State Red Wolves,defense,WLB,3,Keoni Denny,RS-JR/TR,25,167304
Arkansas State Red Wolves,defense,WLB,4,Noah Hamlin,FR,38,182598
Arkansas State Red Wolves,defense,MLB,1,Nigel Nelson,SO,22,175454
Arkansas State Red Wolves,defense,MLB,2,Kam Moore,RS-SR/TR,9,157622
Arkansas State Red Wolves,defense,MLB,3,Joshua Ofor,RS-SO/TR,24,168223
Arkansas State Red Wolves,defense,LCB,1,Noah Flores,RS-JR/TR,3,165606
Arkansas State Red Wolves,defense,LCB,2,Braden Jackson,JR,1,172343
Arkansas State Red Wolves,defense,LCB,3,Jaylen Heyward,RS-SO/TR,2,169360
Arkansas State Red Wolves,defense,SS,1,AG McGhee,SR/TR,6,157144
Arkansas State Red Wolves,defense,SS,2,Malekhi Weedon,SO,18,177427
Arkansas State Red Wolves,defense,SS,3,James Reed III,RS-SR,19,154943
Arkansas State Red Wolves,defense,FS,1,Brandon Barnes,JR,8,172331
Arkansas State Red Wolves,defense,FS,2,Makai Shahid,RS-JR/TR,4,182585
Arkansas State Red Wolves,defense,RCB,1,Dontrae Henderson,RS-SO/TR,0,167877
Arkansas State Red Wolves,defense,RCB,2,Kyle Williams,RS-SO,13,172366
Arkansas State Red Wolves,defense,NB,1,Joe Drew,SO,16,177411
Arkansas State Red Wolves,defense,NB,2,Brandon Greil,SR,15,163831
Arkansas State Red Wolves,defense,NB,3,Five Hamilton,RS-JR/TR,5,170847
Arkansas State Red Wolves,special_teams,PT,1,Daniel Vuckovic,RS-JR/TR,90,167335
Arkansas State Red Wolves,special_teams,PT,2,Wells Stanley,FR,40,182589
Arkansas State Red Wolves,special_teams,PK,1,Clune Van Andel,SR,34,163842
Arkansas State Red Wolves,special_teams,PK,2,Clayton Amaya,JR,25,170034
Arkansas State Red Wolves,special_teams,KO,1,Clayton Amaya,JR,25,170034
Arkansas State Red Wolves,special_teams,KO,2,Clune Van Andel,SR,34,163842
Arkansas State Red Wolves,special_teams,LS,1,Riley Smith,JR/TR,88,182599
Arkansas State Red Wolves,special_teams,LS,2,Kyle Nill,RS-FR,42,177418
Arkansas State Red Wolves,special_teams,LS,3,Sam Boozer,FR,87,182565
Arkansas State Red Wolves,special_teams,H,1,Daniel Vuckovic,RS-JR/TR,90,167335
Arkansas State Red Wolves,special_teams,H,2,Wells Stanley,FR,40,182589
Arkansas State Red Wolves,special_teams,PR,1,Jaylen Bonelli,SR/TR,10,177406
Arkansas State Red Wolves,special_teams,KR,1,Chauncy Cobb,RS-JR,2,163827
Arkansas State Red Wolves,special_teams,KR,2,Reed Linder,SR,84,167066
Army Black Knights,offense,WR,1,Brady Anderson,JR,84,173030
Army Black Knights,offense,WR,2,Tobi Olawole,SR,11,164787
Army Black Knights,offense,LT,1,Henry Appleton,SR,58,164747
Army Black Knights,offense,LT,2,Xavier Archawski,JR,78,172965
Army Black Knights,offense,LG,1,Kyle Kloska,SR/TR,75,164743
Army Black Knights,offense,C,1,Brady Small,SR,51,164803
Army Black Knights,offense,RG,1,Paolo Gennarelli,SR,71,164768
Army Black Knights,offense,RT,1,Teddy Williams,SR,74,164819
Army Black Knights,offense,RT,2,Tyler Lee,SR,56,164822
Army Black Knights,offense,TE,1,Parker Poloskey,SR,44,164793
Army Black Knights,offense,TE,2,Tex Brannan,JR,86,172970
Army Black Knights,offense,TE,3,Brian Dyer,SR,80,164762
Army Black Knights,offense,QB,1,Cale Hellums,SR,3,164772
Army Black Knights,offense,QB,2,Ethan Washington,SO,4,173035
Army Black Knights,offense,RB-A,1,Jake Rendina,SR,33,164798
Army Black Knights,offense,RB-A,2,Carson Smith,SR,34,164766
Army Black Knights,offense,RB-B,1,Godspower Nwawuihe,SO,7,177796
Army Black Knights,offense,RB-B,2,Aden Self,JR,2,173013
Army Black Knights,offense,RB-B,3,Stroman Bridges,SO,25,177765
Army Black Knights,offense,SB,1,Samari Howard,SR,27,164775
Army Black Knights,offense,SB,2,David Clerk,SR,26,164759
Army Black Knights,defense,LDE,1,Javon Smith,JR,94,173034
Army Black Knights,defense,NT,1,Kody Harris-Miller,SR,52,164771
Army Black Knights,defense,NT,2,Sean Donovan,JR,91,172975
Army Black Knights,defense,RDE,1,Jack Bousum,JR,99,164754
Army Black Knights,defense,OLB,1,Noah Nixon,SR,47,164785
Army Black Knights,defense,WLB,1,Baylor Newsom,SR,21,164784
Army Black Knights,defense,WLB,2,Elijah Walton,JR,42,173025
Army Black Knights,defense,MLB,1,Bryson Banks,SO,48,177762
Army Black Knights,defense,LCB,1,Jaydan Mayes,SR,7,158222
Army Black Knights,defense,SS,1,Stephen Nnadozie,SR,3,164786
Army Black Knights,defense,FS,1,Caleb Williams,JR,13,173031
Army Black Knights,defense,FS,2,Christopher Williams,SR,32,164825
Army Black Knights,defense,RCB,1,Jaxon Hammond,SR,17,164769
Army Black Knights,defense,NB,1,Cole Searight,JR,10,173012
Army Black Knights,special_teams,PT,1,James Wagenseller,SR,46,164813
Army Black Knights,special_teams,PK,1,Dawson Jones,JR,95,172989
Army Black Knights,special_teams,KO,1,Dawson Jones,JR,95,172989
Army Black Knights,special_teams,LS,1,Owen Walter,SR,55,164814
Army Black Knights,special_teams,H,1,James Wagenseller,SR,46,164813
Army Black Knights,special_teams,PR,1,Lloyd Benson III,SR,23,164750
Army Black Knights,special_teams,PR,2,Jaydan Mayes,SR,7,158222
Army Black Knights,special_teams,KR,1,Lloyd Benson III,SR,23,164750
Army Black Knights,special_teams,KR,2,Jaydan Mayes,SR,7,158222
Auburn Tigers,offense,WR-X,1,Chas Nimrod,RS-SR/TR,5,154200
Auburn Tigers,offense,WR-X,2,Jeremiah Koger,SO/TR,4,174997
Auburn Tigers,offense,WR-X,3,Brian Williams Jr.,FR,15,178904
Auburn Tigers,offense,WR-X,4,Erick Smith,RS-FR,81,173875
Auburn Tigers,offense,WR-X,5,Jack Ellenburg,FR,86,182670
Auburn Tigers,offense,WR-Z,1,Keshaun Singleton,RS-JR/TR,11,164070
Auburn Tigers,offense,WR-Z,2,Kory Pettigrew,RS-FR/TR,13,175001
Auburn Tigers,offense,WR-Z,3,Sam Turner,RS-FR,18,173872
Auburn Tigers,offense,WR-Z,4,Brady Marchese,FR,12,178899
Auburn Tigers,offense,WR-H,1,Christian Neptune,SO/TR,8,176465
Auburn Tigers,offense,WR-H,2,DeShawn Spencer,FR,9,178900
Auburn Tigers,offense,WR-H,3,Bryce Cain,RS-SO,6,168088
Auburn Tigers,offense,WR-H,4,Will Upton,RS-JR,80,163770
Auburn Tigers,offense,WR-H,5,Jake White,RS-SO,89,172739
Auburn Tigers,offense,LT,1,Stanton Ramil,RS-JR/TR,65,161106
Auburn Tigers,offense,LT,2,Tai Buster,RS-FR,71,173853
Auburn Tigers,offense,LT,3,Jacob Strand,RS-SR/TR,69,158836
Auburn Tigers,offense,LT,4,Cade Barnett,RS-JR/TR,60,176982
Auburn Tigers,offense,LG,1,Deryc Plazz,RS-SO/TR,52,169245
Auburn Tigers,offense,LG,2,Jack Leyrer,RS-SR/TR,76,148356
Auburn Tigers,offense,LG,3,Kenneth McManus IV,SO/TR,55,176025
Auburn Tigers,offense,LG,4,Mason Mathis,FR,78,178907
Auburn Tigers,offense,C,1,Cole Best,RS-SR/TR,72,151400
Auburn Tigers,offense,C,2,Kail Ellis,SO,51,173878
Auburn Tigers,offense,C,3,Bear McWhorter,FR,75,178908
Auburn Tigers,offense,C,4,Harrison Clemmer,RS-JR,57,163764
Auburn Tigers,offense,RG,1,Cole Skinner,SR/TR,56,161712
Auburn Tigers,offense,RG,2,Jacobe' Ward,RS-FR,74,173877
Auburn Tigers,offense,RG,3,Parker Pritchett,FR,70,178901
Auburn Tigers,offense,RG,4,Mykall Lundy-Foster,FR,73,178913
Auburn Tigers,offense,RT,1,Jo Simmons,RS-SR/TR,79,158961
Auburn Tigers,offense,RT,2,Wilson Zierer,FR,77,178897
Auburn Tigers,offense,RT,3,TJ Hedrick,RS-FR/TR,50,173893
Auburn Tigers,offense,RT,4,John Henry Flatt,RS-SO,58,170916
Auburn Tigers,offense,TE,1,Jonathan Echols,RS-SO/TR,1,169839
Auburn Tigers,offense,TE,2,Jake Johnson,RS-SR/TR,19,168505
Auburn Tigers,offense,TE,3,Xavier Newsom,SO/TR,83,178893
Auburn Tigers,offense,TE,4,Arlis Boardingham,RS-SR/TR,82,156003
Auburn Tigers,offense,TE,5,Ryan Ghea,SO,84,173860
Auburn Tigers,offense,QB,1,Byrum Brown,RS-SR/TR,17,154625
Auburn Tigers,offense,QB,2,Tristan Ti'a,RS-FR/TR,10,174033
Auburn Tigers,offense,QB,3,Locklan Hewlett,RS-FR/TR,3,174996
Auburn Tigers,offense,QB,4,Rhys Brush,FR,19,178906
Auburn Tigers,offense,QB,5,John Colvin,RS-JR,16,163765
Auburn Tigers,offense,RB,1,Jeremiah Cobb,SR,23,163355
Auburn Tigers,offense,RB,2,Bryson Washington,RS-JR/TR,30,162411
Auburn Tigers,offense,RB,3,Omar Mabson II,SO,29,176979
Auburn Tigers,offense,RB,4,Nykahi Davenport,RS-SO/TR,24,171871
Auburn Tigers,offense,RB,5,Tae Meadows,RS-SR/TR,21,156553
Auburn Tigers,defense,DE,1,Da'Shawn Womack,SR/TR,15,160714
Auburn Tigers,defense,DE,2,Nate Johnson,SR/TR,90,161424
Auburn Tigers,defense,DE,3,Darrion Smith,SO,11,173866
Auburn Tigers,defense,DE,4,Joe Phillips,RS-SO,31,168107
Auburn Tigers,defense,NT,1,Dallas Walker IV,RS-SR/TR,35,161116
Auburn Tigers,defense,NT,2,Saint Farrior,RS-JR/TR,99,178114
Auburn Tigers,defense,NT,3,Jourdin Crawford,SO,95,173855
Auburn Tigers,defense,NT,4,Corey Wells,FR,98,178911
Auburn Tigers,defense,DT,1,Cody Sigler,RS-SR/TR,94,175459
Auburn Tigers,defense,DT,2,Malik Autry,SO,96,173852
Auburn Tigers,defense,DT,3,Walter Mathis Jr.,SO/TR,10,175265
Auburn Tigers,defense,DT,4,Tavian Branch,FR,91,178898
Auburn Tigers,defense,BUCK,1,Jared Smith,SO,41,173867
Auburn Tigers,defense,BUCK,2,Chris Murray,RS-SR/TR,13,164909
Auburn Tigers,defense,BUCK,3,J.J. Faulk,RS-FR,18,173858
Auburn Tigers,defense,BUCK,4,Jaquez Wilkes,FR,29,178895
Auburn Tigers,defense,BUCK,5,Chris Wells,FR,40,178914
Auburn Tigers,defense,WLB,1,Xavier Atkins,RS-SO/TR,17,168983
Auburn Tigers,defense,WLB,2,De'Marcus Riddick,JR,6,168098
Auburn Tigers,defense,WLB,3,Adam Balogoun-Ali,FR,44,178902
Auburn Tigers,defense,WLB,4,Coleman Granberry,RS-JR,42,163766
Auburn Tigers,defense,WLB,5,Antonio Melendez,JR,45,173863
Auburn Tigers,defense,MLB,1,Elijah Melendez,SO,9,173864
Auburn Tigers,defense,MLB,2,Bryce Deas,SO,16,173857
Auburn Tigers,defense,MLB,3,Michael Matthews-Canty,JR/TR,51,178892
Auburn Tigers,defense,MLB,4,Shadarius Toodle,FR,24,178896
Auburn Tigers,defense,MLB,5,William Grier McDuffie,RS-SO,52,170918
Auburn Tigers,defense,LCB,1,Rayshawn Pleasant,RS-SR/TR,4,156567
Auburn Tigers,defense,LCB,2,Gavin Jenkins,RS-FR/TR,21,176471
Auburn Tigers,defense,LCB,3,Shamar Arnoux,SO/TR,14,174240
Auburn Tigers,defense,LCB,4,Scrap Richardson,RS-FR/TR,19,175621
Auburn Tigers,defense,SS,1,Kaleb Harris,JR,8,168105
Auburn Tigers,defense,SS,2,Jacoby Mathews,RS-SR/TR,20,80759
Auburn Tigers,defense,SS,3,Shadrick Toodle Jr.,JR/TR,28,178909
Auburn Tigers,defense,FS,1,Eric Winters,SO,5,173874
Auburn Tigers,defense,FS,2,Champ Anthony,RS-SR/TR,1,165242
Auburn Tigers,defense,FS,3,Wayne Henry,FR,26,178905
Auburn Tigers,defense,FS,4,Damonte Tabb,FR,25,178912
Auburn Tigers,defense,RCB,1,Andre Jordan Jr.,SR/TR,22,160235
Auburn Tigers,defense,RCB,2,Blake Woodby,SO,12,173870
Auburn Tigers,defense,RCB,3,Kamari Todd,SO/TR,33,178894
Auburn Tigers,defense,RCB,4,Grey Reebals,RS-SO,46,172736
Auburn Tigers,defense,NB,1,Sylvester Smith-Reed,RS-JR,0,160124
Auburn Tigers,defense,NB,2,AnQuon Fegans,SO,3,173859
Auburn Tigers,defense,NB,3,Fred Gaskin III,JR/TR,23,171874
Auburn Tigers,defense,NB,4,Cade Carlson,RS-SO,32,170914
Auburn Tigers,special_teams,PT,1,Hudson Kaak,SR/TR,14,162361
Auburn Tigers,special_teams,PT,2,John McGuire,RS-FR,37,173871
Auburn Tigers,special_teams,PT,3,Max Bourke,FR,39,178915
Auburn Tigers,special_teams,PK,1,Alex McPherson,RS-SR,38,153173
Auburn Tigers,special_teams,PK,2,Connor Gibbs,SR/TR,41,162547
Auburn Tigers,special_teams,PK,3,Charley Schwinger,RS-JR,93,172737
Auburn Tigers,special_teams,KO,1,Connor Gibbs,SR/TR,41,162547
Auburn Tigers,special_teams,KO,2,Alex McPherson,RS-SR,38,153173
Auburn Tigers,special_teams,KO,3,Charley Schwinger,RS-JR,93,172737
Auburn Tigers,special_teams,LS,1,Hudson Powell,RS-SR/TR,49,158506
Auburn Tigers,special_teams,LS,2,Travis Wakefield,FR,47,178910
Auburn Tigers,special_teams,LS,3,Benton Cantey,RS-FR,64,176977
Auburn Tigers,special_teams,H,1,Hudson Kaak,SR/TR,14,162361
Auburn Tigers,special_teams,H,2,John McGuire,RS-FR,37,173871
Auburn Tigers,special_teams,H,3,Max Bourke,FR,39,178915
Auburn Tigers,special_teams,PR,1,Bryce Cain,RS-SO,6,168088
Auburn Tigers,special_teams,KR,1,Rayshawn Pleasant,RS-SR/TR,4,156567
Auburn Tigers,special_teams,KR,2,Bryce Cain,RS-SO,6,168088
Auburn Tigers,special_teams,KR,3,Omar Mabson II,SO,29,176979
Ball State Cardinals,offense,WR-X,1,Elisha Durham,SO,14,175931
Ball State Cardinals,offense,WR-X,2,Corey Thompson Jr.,RS-JR/TR,3,167241
Ball State Cardinals,offense,WR-X,3,DJ Young,JR/TR,17,180908
Ball State Cardinals,offense,WR-Z,1,Donovan Hamilton,RS-SO/TR,1,170342
Ball State Cardinals,offense,WR-Z,2,Isaiah Thacker,RS-JR,11,166488
Ball State Cardinals,offense,WR-Z,3,Jamarion McDougle,RS-JR/TR,10,170396
Ball State Cardinals,offense,WR-SL,1,Jabari Smith Jr.,RS-JR/TR,5,163977
Ball State Cardinals,offense,WR-SL,2,CJ Nelson,RS-SR/TR,7,156981
Ball State Cardinals,offense,WR-SL,3,Derion Talbert,RS-FR,80,176918
Ball State Cardinals,offense,LT,1,Chris Hood,RS-SR,66,158631
Ball State Cardinals,offense,LT,2,Brady Barrowman,RS-FR,71,175929
Ball State Cardinals,offense,LG,1,Zach Bandy,RS-SO,75,170393
Ball State Cardinals,offense,C,1,Maxwell Wentz,RS-SR/TR,63,180905
Ball State Cardinals,offense,C,2,Jackson Ruess,RS-JR,67,166485
Ball State Cardinals,offense,RG,1,Cole Mosier,RS-SR,73,158633
Ball State Cardinals,offense,RG,2,Grant Haworth,RS-SO,68,172944
Ball State Cardinals,offense,RT,1,Tristan Cook,RS-JR,70,161472
Ball State Cardinals,offense,RT,2,Luke Dalton,RS-SR/TR,61,79513
Ball State Cardinals,offense,TE,1,Tate Hoover,RS-JR/TR,24,176912
Ball State Cardinals,offense,TE,2,Sean Ward,RS-SR/TR,89,180907
Ball State Cardinals,offense,TE,3,Alex Scherle,RS-SR/TR,12,156299
Ball State Cardinals,offense,QB,1,Keldric Luster,RS-JR/TR,6,163956
Ball State Cardinals,offense,QB,2,Tyler Mizzell,RS-JR/TR,9,166364
Ball State Cardinals,offense,RB,1,TJ Horton,RS-JR,4,161474
Ball State Cardinals,offense,RB,2,Jalen Bonds,RS-FR,2,176910
Ball State Cardinals,offense,RB,3,Johnny Thompson Jr.,RS-JR/TR,20,163910
Ball State Cardinals,defense,DE,1,Austin Stief,SR/TR,10,180903
Ball State Cardinals,defense,DE,2,Maverick Gracio,RS-JR/TR,39,165872
Ball State Cardinals,defense,DE,3,Ben Marsh,RS-JR,7,161475
Ball State Cardinals,defense,NT,1,Kendrick Gilbert,RS-JR/TR,99,165290
Ball State Cardinals,defense,NT,2,Khristian Zachary,RS-SR/TR,74,75987
Ball State Cardinals,defense,NT,3,Keilan Smith,RS-JR/TR,58,167382
Ball State Cardinals,defense,DT,1,Ameir Glenn,RS-SO/TR,56,168578
Ball State Cardinals,defense,DT,2,Ka'Shawn Thomas,RS-JR/TR,94,160392
Ball State Cardinals,defense,DT,3,Spencer Vaka,RS-JR/TR,54,176920
Ball State Cardinals,defense,RUSH,1,Jared Badie,RS-SR/TR,31,152807
Ball State Cardinals,defense,RUSH,2,Layton Starks,RS-SO,11,172955
Ball State Cardinals,defense,RUSH,3,Justin Thomas,RS-SR/TR,9,170398
Ball State Cardinals,defense,RUSH,4,Sam Feeney,RS-SO,48,172941
Ball State Cardinals,defense,WLB,1,Cincear Lewis,RS-SR/TR,6,153630
Ball State Cardinals,defense,WLB,2,Kaleb Stewart,RS-SO/TR,16,170073
Ball State Cardinals,defense,WLB,3,Lucas Szymborski,RS-FR,26,176917
Ball State Cardinals,defense,MLB,1,Gavin Forsha,RS-SR/TR,27,76251
Ball State Cardinals,defense,MLB,2,Mikeah Webster,RS-FR,25,176922
Ball State Cardinals,defense,LCB,1,Will Yates,JR,4,172959
Ball State Cardinals,defense,LCB,2,Jordan Suggs,RS-SO,23,172957
Ball State Cardinals,defense,SS,1,Derek Fields,RS-JR,0,166473
Ball State Cardinals,defense,SS,2,Deondre Shepherd,RS-SO/TR,12,171722
Ball State Cardinals,defense,SS,3,Cole Earlewine,RS-JR,20,166470
Ball State Cardinals,defense,FS,1,Sterling Smith,RS-JR/TR,1,167848
Ball State Cardinals,defense,FS,2,Tobi Adewoyin,SO,2,175928
Ball State Cardinals,defense,RCB,1,Dianté Griffin,RS-SR/TR,21,157304
Ball State Cardinals,defense,RCB,2,Cedric Franklin II,RS-SO/TR,18,168727
Ball State Cardinals,defense,NB,1,Chris Jackson,RS-SR/TR,5,173247
Ball State Cardinals,defense,NB,2,Avery Stuart,RS-JR/TR,8,159806
Ball State Cardinals,special_teams,PT,1,Cole Stumbaugh,RS-SO,32,172956
Ball State Cardinals,special_teams,PT,2,Brody Boehm,RS-SO/TR,38,171083
Ball State Cardinals,special_teams,PK,1,Hudson Fiene,RS-JR/TR,37,164304
Ball State Cardinals,special_teams,PK,2,Brody Boehm,RS-SO/TR,38,171083
Ball State Cardinals,special_teams,KO,1,Hudson Fiene,RS-JR/TR,37,164304
Ball State Cardinals,special_teams,KO,2,Brody Boehm,RS-SO/TR,38,171083
Ball State Cardinals,special_teams,LS,1,Caden Britton,RS-SR,45,158605
Ball State Cardinals,special_teams,LS,2,Coby Tripp,RS-FR,34,176919
Ball State Cardinals,special_teams,H,1,Cole Stumbaugh,RS-SO,32,172956
Ball State Cardinals,special_teams,KR,1,TJ Horton,RS-JR,4,161474
Baylor Bears,offense,WR-X,1,Louis Brown IV,RS-SR/TR,4,79739
Baylor Bears,offense,WR-X,2,Ashton Jones,RS-FR,87,175953
Baylor Bears,offense,WR-X,3,London Smith,FR,16,180607
Baylor Bears,offense,WR-Z,1,Dre'lon Miller,JR/TR,1,169746
Baylor Bears,offense,WR-Z,2,Taz Williams Jr.,RS-FR,18,175950
Baylor Bears,offense,WR-SL,1,Gavin Freeman,RS-SR/TR,6,157428
Baylor Bears,offense,WR-SL,2,Jadon Porter,JR,3,169376
Baylor Bears,offense,LT,1,Logan Moore,RS-JR/TR,77,164615
Baylor Bears,offense,LT,2,Cole Rhett,RS-JR/TR,78,164336
Baylor Bears,offense,LG,1,Nate Kibble,RS-SO/TR,70,171326
Baylor Bears,offense,C,1,Koltin Sieracki,RS-SO,66,169379
Baylor Bears,offense,C,2,Harrison Cluff,RS-FR,56,175945
Baylor Bears,offense,RG,1,Asher Hale,JR/TR,72,172315
Baylor Bears,offense,RG,2,Lawson Petty,RS-JR/TR,76,180604
Baylor Bears,offense,RT,1,Kaden Sieracki,RS-SR,74,153590
Baylor Bears,offense,RT,2,Matthew Parker,RS-FR,71,175952
Baylor Bears,offense,TE,1,Tony Livingston,SR/TR,10,162425
Baylor Bears,offense,TE,2,Matthew Klopfenstein,SR,85,162402
Baylor Bears,offense,QB,1,DJ Lagway,JR/TR,2,168007
Baylor Bears,offense,QB,2,Nate Bennett,RS-SO,12,169382
Baylor Bears,offense,QB,3,Edward Griffin,RS-FR,14,175946
Baylor Bears,offense,RB,1,Dawson Pendergrass,RS-JR,35,165175
Baylor Bears,offense,RB,2,Caden Knighten,SO,11,175947
Baylor Bears,offense,RB,3,Michael Turner,SO,23,174966
Baylor Bears,offense,RB,4,Ryelan Morris,FR,25,180603
Baylor Bears,defense,DE,1,Jordan Mack,RS-SR/TR,97,176278
Baylor Bears,defense,DE,2,Zavion Hardy,RS-JR/TR,93,174540
Baylor Bears,defense,DE,3,Trent Thomas,RS-JR,92,165183
Baylor Bears,defense,NT,1,Hosea Wheeler,RS-SR/TR,0,157718
Baylor Bears,defense,NT,2,Devonte Tezino,RS-SR,59,153592
Baylor Bears,defense,DT,1,Kamren Washington,RS-SR/TR,96,159617
Baylor Bears,defense,DT,2,Jamaal Whyce Jr.,RS-SR/TR,99,153698
Baylor Bears,defense,JACK,1,Garrick Ponder,RS-SR/TR,13,176937
Baylor Bears,defense,JACK,2,Ryan Davis,RS-JR/TR,9,165165
Baylor Bears,defense,JACK,3,Kyler Jordan,RS-SR,40,153583
Baylor Bears,defense,WLB,1,Kyland Reed,JR,10,169377
Baylor Bears,defense,WLB,2,Kaleb Burns,SO,41,174967
Baylor Bears,defense,WLB,3,Anthony Crenshaw Jr.,RS-JR/TR,31,177124
Baylor Bears,defense,MLB,1,Travion Barnes,RS-SR/TR,5,169868
Baylor Bears,defense,MLB,2,Kedrick Walker,RS-SR/TR,36,177599
Baylor Bears,defense,LCB,1,LeVar Thornton Jr.,RS-JR,25,165180
Baylor Bears,defense,LCB,2,Calvin Simpson-Hunt,RS-JR/TR,28,161027
Baylor Bears,defense,LCB,3,Reggie Bush II,RS-SR,22,153575
Baylor Bears,defense,SS,1,Devin Turner,RS-SR/TR,11,156810
Baylor Bears,defense,SS,2,Colby McCalister,RS-SR/TR,15,155858
Baylor Bears,defense,SS,3,Austin Ausberry,RS-SR/TR,32,78883
Baylor Bears,defense,FS,1,Jacob Redding,RS-JR,8,165176
Baylor Bears,defense,FS,2,Tyler Turner,RS-JR/TR,17,159941
Baylor Bears,defense,FS,3,Micah Gifford,SR,24,162400
Baylor Bears,defense,RCB,1,Devon Jordan,JR/TR,7,171333
Baylor Bears,defense,RCB,2,Jayden Rowe,RS-SR/TR,27,153009
Baylor Bears,defense,NB,1,Bo Onu,SO,21,175948
Baylor Bears,defense,NB,2,Daniel Cobbs,RS-SR/TR,14,165147
Baylor Bears,special_teams,PT,1,Palmer Williams,SR,94,162409
Baylor Bears,special_teams,PK,1,Rhett Armstrong,SO,98,175943
Baylor Bears,special_teams,KO,1,Rhett Armstrong,SO,98,175943
Baylor Bears,special_teams,LS,1,Dylan Schaub,RS-JR,93,165177
Baylor Bears,special_teams,LS,2,Brady Hibbard,RS-SO/TR,60,180602
Baylor Bears,special_teams,H,1,Palmer Williams,SR,94,162409
Boise State Broncos,offense,WR-X,1,Rasean Jones,FR,19,180583
Boise State Broncos,offense,WR-X,2,Darren Morris,RS-SR/TR,13,180585
Boise State Broncos,offense,WR-X,3,Qumonte Williams Jr.,SO,83,176684
Boise State Broncos,offense,WR-Z,1,Cam Bates,JR,3,169516
Boise State Broncos,offense,WR-Z,2,Akeem Wright,SR/TR,21,180593
Boise State Broncos,offense,WR-Z,3,AJ Jones,RS-FR,17,176686
Boise State Broncos,offense,WR-F,1,Ben Ford,RS-SR,82,152140
Boise State Broncos,offense,WR-F,2,Quinton Brown,SO,25,176673
Boise State Broncos,offense,WR-F,3,Terrious Favors,FR,85,180579
Boise State Broncos,offense,LT,1,Tyler Ethridge,SR/TR,78,180578
Boise State Broncos,offense,LT,2,Kyle Cox,RS-JR,70,166397
Boise State Broncos,offense,LG,1,Jason Steele,RS-JR,67,163125
Boise State Broncos,offense,LG,2,Carson Rasmussen,RS-JR,64,166393
Boise State Broncos,offense,C,1,Stewart Taufa,RS-FR,52,174291
Boise State Broncos,offense,C,2,Zander Esty,RS-JR/TR,69,160230
Boise State Broncos,offense,RG,1,Roger Carreon,RS-SR,62,158305
Boise State Broncos,offense,RT,1,Daylon Metoyer,RS-SR/TR,75,169532
Boise State Broncos,offense,RT,2,Jacob Tracy,RS-FR,66,174292
Boise State Broncos,offense,RT,3,Alma Taleni,RS-SO/TR,74,170819
Boise State Broncos,offense,TE,1,Matt Wagner,RS-JR,88,166399
Boise State Broncos,offense,TE,2,Austin Terry,RS-SR,86,155116
Boise State Broncos,offense,TE,3,Troy Grizzle,RS-SO,45,169524
Boise State Broncos,offense,TE,4,Kaden Anderson,RS-SO,47,169538
Boise State Broncos,offense,QB,1,Maddux Madsen,RS-SR,4,155669
Boise State Broncos,offense,QB,2,Cash Herrera,FR,10,180581
Boise State Broncos,offense,QB,3,Max Cutforth,RS-JR,14,166382
Boise State Broncos,offense,QB,4,Jackson Taylor,FR,16,180596
Boise State Broncos,offense,RB,1,Dylan Riley,JR,0,169534
Boise State Broncos,offense,RB,2,Sire Gaines,RS-SO,26,169522
Boise State Broncos,offense,RB,3,Juelz Goff,RS-SO/TR,22,168560
Boise State Broncos,offense,RB,4,Harry Stewart III,RS-SO/TR,27,169348
Boise State Broncos,defense,DE,1,Max Stege,SR,95,163126
Boise State Broncos,defense,DE,2,Roman Caywood,RS-SO,51,169520
Boise State Broncos,defense,DE,3,Bol Bol,SO,91,176247
Boise State Broncos,defense,NT,1,David Latu,RS-SR/TR,92,161209
Boise State Broncos,defense,NT,2,Lopez Sanusi,RS-SO,96,169535
Boise State Broncos,defense,NT,3,Bethel Imasuen,RS-FR,98,176677
Boise State Broncos,defense,DT,1,Michael Madrie,RS-JR,99,166390
Boise State Broncos,defense,DT,2,Mikaio Edward,RS-JR/TR,97,180577
Boise State Broncos,defense,DT,3,Andrew Rheubottom Jr.,SR/TR,90,180587
Boise State Broncos,defense,STUD,1,Jayden Virgin-Morgan,RS-SR,5,158322
Boise State Broncos,defense,STUD,2,Sterling Lane II,RS-SR/TR,13,155320
Boise State Broncos,defense,STUD,3,Gustaf Henriks Ras,FR,57,180586
Boise State Broncos,defense,WLB,1,Boen Phelps,RS-JR,1,166392
Boise State Broncos,defense,WLB,2,Syncere Brackett-Lambey,SO,44,169519
Boise State Broncos,defense,WLB,3,Mana Tuioti,SO,55,174293
Boise State Broncos,defense,MLB,1,Jake Ripp,RS-SR,43,158317
Boise State Broncos,defense,MLB,2,Logan Brantley,RS-JR/TR,17,163896
Boise State Broncos,defense,MLB,3,Sam Brooks,SR/TR,18,174287
Boise State Broncos,defense,LCB,1,Jaden Mickey,RS-SR/TR,7,152985
Boise State Broncos,defense,LCB,2,Sherrod Smith,JR/TR,8,174297
Boise State Broncos,defense,LCB,3,Franklyn Johnson Jr.,RS-JR,16,166388
Boise State Broncos,defense,LCB,4,Cam Jamerson,RS-FR/TR,28,174610
Boise State Broncos,defense,SS,1,Derek Ganter Jr.,RS-JR/TR,9,176676
Boise State Broncos,defense,SS,2,Kyle Hall,JR/TR,20,180594
Boise State Broncos,defense,SS,3,Cole Miller,RS-JR,31,166398
Boise State Broncos,defense,FS,1,Travis Anderson,RS-SO,38,169514
Boise State Broncos,defense,FS,2,Josiah Alanis,RS-FR,33,176670
Boise State Broncos,defense,FS,3,Taebron Bennie-Powell,RS-SO/TR,32,170766
Boise State Broncos,defense,RCB,1,JeRico Washington Jr.,RS-JR/TR,15,170879
Boise State Broncos,defense,RCB,2,Demetrius Freeney Jr.,RS-SR/TR,14,165965
Boise State Broncos,defense,RCB,3,Trey Tolmaire,RS-SO,35,169536
Boise State Broncos,defense,NB,1,Roman Tillmon,RS-JR/TR,22,180592
Boise State Broncos,defense,NB,2,Arthur de Boachie,SO,29,174296
Boise State Broncos,special_teams,PT,1,Oscar Doyle,SR/TR,37,176675
Boise State Broncos,special_teams,PK,1,Colton Boomer,RS-SR/TR,35,154518
Boise State Broncos,special_teams,PK,2,Canaan Moore,RS-FR,48,178506
Boise State Broncos,special_teams,KO,1,Colton Boomer,RS-SR/TR,35,154518
Boise State Broncos,special_teams,KO,2,Canaan Moore,RS-FR,48,178506
Boise State Broncos,special_teams,LS,1,Caden Kellow,RS-SR/TR,61,77962
Boise State Broncos,special_teams,H,1,Oscar Doyle,SR/TR,37,176675
Boise State Broncos,special_teams,H,2,Cole Miller,RS-JR,31,166398
Boise State Broncos,special_teams,PR,1,Darren Morris,RS-SR/TR,13,180585
Boise State Broncos,special_teams,KR,1,Cam Bates,JR,3,169516
Boston College Eagles,offense,WR-X,1,Dawson Pough,SO,3,174774
Boston College Eagles,offense,WR-X,2,Reed Swanson,RS-JR/TR,80,178956
Boston College Eagles,offense,WR-X,3,Bryce Dopson,RS-JR/TR,81,77492
Boston College Eagles,offense,WR-X,4,DJ Biggins,FR,82,182442
Boston College Eagles,offense,WR-Z,1,Jaedn Skeete,RS-JR,1,164509
Boston College Eagles,offense,WR-Z,2,Johnathan Montague Jr.,RS-SO,8,172896
Boston College Eagles,offense,WR-Z,3,Nedrick Boldin Jr.,RS-FR,16,174765
Boston College Eagles,offense,WR-Z,4,Kelvin Brown Jr.,FR,19,182443
Boston College Eagles,offense,WR-SL,1,Javarius Green,RS-SO/TR,4,168488
Boston College Eagles,offense,WR-SL,2,VJ Wilkins,RS-SR/TR,6,174780
Boston College Eagles,offense,WR-SL,3,Jackson Wade,RS-JR/TR,5,165234
Boston College Eagles,offense,WR-SL,4,Landon Wright,RS-SO/TR,9,173163
Boston College Eagles,offense,LT,1,Pape Abdoulaye Sy,RS-SO,75,168516
Boston College Eagles,offense,LT,2,Reggie Jackson,RS-JR/TR,70,172134
Boston College Eagles,offense,LT,3,Marc Antunes Jr.,FR,74,182439
Boston College Eagles,offense,LG,1,Robert Smith IV,SO,55,174779
Boston College Eagles,offense,LG,2,Judah Pruitt,RS-SO,52,172897
Boston College Eagles,offense,LG,3,Amir Johnson,RS-JR/TR,51,174782
Boston College Eagles,offense,C,1,Michael Crounse,RS-JR,77,165849
Boston College Eagles,offense,C,2,Owen Snively,RS-SR/TR,50,161641
Boston College Eagles,offense,C,3,DJ Williams,RS-FR,57,177506
Boston College Eagles,offense,C,4,Dean Ruksnaitis,FR,54,182454
Boston College Eagles,offense,RG,1,Kristian Phillips,RS-SR/TR,71,78762
Boston College Eagles,offense,RG,2,Jani Norwood,RS-SO/TR,56,168492
Boston College Eagles,offense,RG,3,Marek Jin,FR,69,182449
Boston College Eagles,offense,RT,1,Veguer Jean-Jumeau,RS-SO/TR,63,178953
Boston College Eagles,offense,RT,2,Trevon Humphrey,RS-SR/TR,53,178952
Boston College Eagles,offense,RT,3,Bruno Werner,FR,72,182456
Boston College Eagles,offense,RT,4,Lawrence Iyalekhue,FR,73,182448
Boston College Eagles,offense,TE,1,Kaelan Chudzinski,SO,85,174766
Boston College Eagles,offense,TE,2,Zeke Moore,SR/TR,48,163970
Boston College Eagles,offense,TE,3,Cameron Kossmann,RS-FR/TR,87,175839
Boston College Eagles,offense,TE,4,Brady Clough,RS-SO,84,172879
Boston College Eagles,offense,TE,5,Danny Edgehille,RS-SO,86,172886
Boston College Eagles,offense,QB,1,Mason McKenzie,RS-JR/TR,10,178955
Boston College Eagles,offense,QB,2,Grayson Wilson,RS-FR/TR,15,173978
Boston College Eagles,offense,QB,3,Femi Babalola,FR,11,178947
Boston College Eagles,offense,QB,4,Anthony Coellner,FR,18,178949
Boston College Eagles,offense,RB,1,Evan Dickens,RS-JR/TR,23,160891
Boston College Eagles,offense,RB,2,Nolan Ray,RS-JR/TR,2,164468
Boston College Eagles,offense,RB,3,Bo MacCormack III,SO,24,177497
Boston College Eagles,offense,RB,4,Mekhi Dodd,RS-FR,29,177492
Boston College Eagles,offense,RB,5,Sedric Addison,FR,26,178946
Boston College Eagles,defense,DE,1,Onye Nwosisi,RS-SR/TR,8,174773
Boston College Eagles,defense,DE,2,Demetrius Ballard,RS-SO/TR,13,173088
Boston College Eagles,defense,DE,3,Favor Bate,JR/TR,41,174764
Boston College Eagles,defense,DE,4,Makai Byerson,RS-SO/TR,91,168463
Boston College Eagles,defense,DE,5,Mason Leak,FR,99,182451
Boston College Eagles,defense,NT,1,Chris Marable Jr.,RS-JR/TR,6,160388
Boston College Eagles,defense,NT,2,Christian Hudson,SO/TR,55,174421
Boston College Eagles,defense,NT,3,Chuck Nnaeto,RS-SR/TR,97,174772
Boston College Eagles,defense,NT,4,Cameron McGee,FR,88,178954
Boston College Eagles,defense,NT,5,Jackson Carlisle,FR,52,178948
Boston College Eagles,defense,DT,1,KJ Sampson,RS-JR/TR,90,163744
Boston College Eagles,defense,DT,2,Micah Amedee,SO,59,177486
Boston College Eagles,defense,DT,3,Josiah Griffin,RS-JR,9,162961
Boston College Eagles,defense,DT,4,Alex DeGrieck,RS-SR/TR,79,182444
Boston College Eagles,defense,DT,5,Mac Fitzgerald,FR,95,182445
Boston College Eagles,defense,JACK,1,Kris Jones,RS-SO/TR,4,167906
Boston College Eagles,defense,JACK,2,E'Lla Boykin,JR/TR,56,176945
Boston College Eagles,defense,JACK,3,Israel Oladipupo,SO,98,177498
Boston College Eagles,defense,JACK,4,Jayzen Flint,RS-SO,94,172888
Boston College Eagles,defense,JACK,5,Demeterius Thompson,FR,92,182455
Boston College Eagles,defense,WLB,1,Anthony Palano,RS-SO/TR,1,174888
Boston College Eagles,defense,WLB,2,Justin Medlock,RS-SR/TR,20,168399
Boston College Eagles,defense,WLB,3,Zacari Thomas,SO,28,176946
Boston College Eagles,defense,WLB,4,Juan Zabal,RS-SR,54,157899
Boston College Eagles,defense,MLB,1,Bodie Kahoun,RS-SO/TR,36,168281
Boston College Eagles,defense,MLB,2,Griffin Collins,SO,43,174767
Boston College Eagles,defense,MLB,3,Kemori Dixon,RS-SO,42,172885
Boston College Eagles,defense,MLB,4,Palaie Faoa,RS-JR,44,165851
Boston College Eagles,defense,MLB,5,Steve Klein,FR,51,182450
Boston College Eagles,defense,LCB,1,Max Tucker,SR,3,165857
Boston College Eagles,defense,LCB,2,Ashton Cunningham,SO,14,174768
Boston College Eagles,defense,LCB,3,Marcelous Townsend,RS-FR,19,177502
Boston College Eagles,defense,LCB,4,Njita Sinkala,RS-FR,26,174778
Boston College Eagles,defense,LCB,5,Xavier Myers,FR,30,182452
Boston College Eagles,defense,SS,1,KP Price,SR,2,162962
Boston College Eagles,defense,SS,2,Kameron Howard,RS-JR/TR,18,161558
Boston College Eagles,defense,SS,3,Rae Sykes Jr.,SO,11,177500
Boston College Eagles,defense,SS,4,Jordan Rodriguez,FR,27,178957
Boston College Eagles,defense,FS,1,Carter Davis,RS-JR,7,162966
Boston College Eagles,defense,FS,2,Marcus Upton,SO,5,177503
Boston College Eagles,defense,FS,3,Charlie Comella,RS-SO,32,172880
Boston College Eagles,defense,FS,4,Da'Jon Green,FR,17,178951
Boston College Eagles,defense,RCB,1,Syair Torrence,RS-SO,10,172901
Boston College Eagles,defense,RCB,2,Isaiah Farris,RS-SR,16,157900
Boston College Eagles,defense,RCB,3,Michael Mankaka,RS-SR/TR,23,156236
Boston College Eagles,defense,RCB,4,Gerald Green Jr.,FR,15,178950
Boston College Eagles,defense,RCB,5,Charleston Coldon,RS-FR,21,177489
Boston College Eagles,defense,NB,1,TJ Green,SO,0,174781
Boston College Eagles,defense,NB,2,Cameron Martinez,RS-SR/TR,29,168521
Boston College Eagles,defense,NB,3,Chandler Jordan,SO/TR,35,177574
Boston College Eagles,special_teams,PT,1,Bryce LaFollette,RS-SR/TR,96,159555
Boston College Eagles,special_teams,PT,2,Andy Quinn,SO,25,174775
Boston College Eagles,special_teams,PK,1,Luca Lombardo,RS-SR,99,167111
Boston College Eagles,special_teams,KO,1,Andy Quinn,SO,25,174775
Boston College Eagles,special_teams,LS,1,John Owens,GR/TR,45,182457
Boston College Eagles,special_teams,LS,2,Cooper Crook,RS-SO,49,172882
Boston College Eagles,special_teams,H,1,Bryce LaFollette,RS-SR/TR,96,159555
Boston College Eagles,special_teams,H,2,Andy Quinn,SO,25,174775
Boston College Eagles,special_teams,PR,1,Isaiah Farris,RS-SR,16,157900
Boston College Eagles,special_teams,PR,2,Charlie Comella,RS-SO,32,172880
Boston College Eagles,special_teams,KR,1,TJ Green,SO,0,174781
Boston College Eagles,special_teams,KR,2,Bo MacCormack III,SO,24,177497
Bowling Green Falcons,offense,WR-X,1,Brennan Ridley,JR/TR,5,175117
Bowling Green Falcons,offense,WR-X,2,Trey Johnson,RS-SR,3,158702
Bowling Green Falcons,offense,WR-X,3,Austin Clay,RS-SO/TR,11,172019
Bowling Green Falcons,offense,WR-X,4,Joseph Saffold,FR,19,182923
Bowling Green Falcons,offense,WR-Z,1,Winn Sharp,RS-SO,18,173057
Bowling Green Falcons,offense,WR-Z,2,Nick Sowell,RS-SR/TR,9,182926
Bowling Green Falcons,offense,WR-Z,3,Pauly Sadler,FR,14,182922
Bowling Green Falcons,offense,WR-SL,1,Isaiah Dawson,SO/TR,6,182895
Bowling Green Falcons,offense,WR-SL,2,Reddik Pillarelli,SO/TR,87,182919
Bowling Green Falcons,offense,WR-SL,3,Cade Brooks,FR,25,182891
Bowling Green Falcons,offense,LT,1,Alex Harris,RS-SO,70,173061
Bowling Green Falcons,offense,LT,2,Ethan Kraatz,RS-FR,58,178374
Bowling Green Falcons,offense,LT,3,Vincent Giordano,RS-FR,50,175108
Bowling Green Falcons,offense,LG,1,Alexis Sanchez,SR/TR,78,178385
Bowling Green Falcons,offense,LG,2,Masyn Zahursky,RS-FR,53,178387
Bowling Green Falcons,offense,C,1,Brody Bolyn,RS-JR,54,164353
Bowling Green Falcons,offense,RG,1,James Thomas Jr.,RS-JR,77,161496
Bowling Green Falcons,offense,RG,2,Caden Campbell,RS-SO,73,173046
Bowling Green Falcons,offense,RT,1,Gabe Funk,RS-SO/TR,65,172172
Bowling Green Falcons,offense,RT,2,Zane Panchula,RS-FR,66,178382
Bowling Green Falcons,offense,TE,1,Blane Cleaver,GR/TR,89,152342
Bowling Green Falcons,offense,TE,2,Jeremiah Scoby,SO,0,175119
Bowling Green Falcons,offense,TE,3,Eli Jacon-Duffy,RS-SO,8,173050
Bowling Green Falcons,offense,TE,4,Carsen Melvin,RS-FR,88,178380
Bowling Green Falcons,offense,TE,5,Kentrell White,FR,47,182928
Bowling Green Falcons,offense,QB,1,Austin Novosad,RS-JR/TR,16,159930
Bowling Green Falcons,offense,QB,2,Jay Kastantin,RS-JR/TR,17,182910
Bowling Green Falcons,offense,QB,3,Hunter Najm,RS-SO/TR,10,169547
Bowling Green Falcons,offense,QB,4,Jarin Mock,FR,12,182914
Bowling Green Falcons,offense,QB,5,Caleb Moyer,FR,13,182915
Bowling Green Falcons,offense,RB,1,Austyn Dendy,RS-SO/TR,1,171087
Bowling Green Falcons,offense,RB,2,Ke'Marion Baldwin,RS-JR/TR,4,165710
Bowling Green Falcons,offense,RB,3,Nakai Amachree,RS-SO,2,173042
Bowling Green Falcons,offense,RB,4,Tristin Blackmon,FR,33,182888
Bowling Green Falcons,offense,RB,5,Marceles Carey,FR,20,182892
Bowling Green Falcons,offense,FB,1,Leo Kemp,SR/TR,44,163353
Bowling Green Falcons,defense,DE,1,Eriq George,SR/TR,5,178372
Bowling Green Falcons,defense,DE,2,Kade Kostus,RS-SR/TR,4,158726
Bowling Green Falcons,defense,DE,3,Timothy Taylor Jr.,RS-FR/TR,55,177921
Bowling Green Falcons,defense,NT,1,Dayln White,RS-JR,57,164362
Bowling Green Falcons,defense,NT,2,Dior Garner,RS-FR,54,178371
Bowling Green Falcons,defense,NT,3,Brendon Rice,RS-FR,99,178383
Bowling Green Falcons,defense,DT,1,Selah Brown,GR/TR,88,155949
Bowling Green Falcons,defense,DT,2,Jaimion Olverson,RS-FR,17,178381
Bowling Green Falcons,defense,DT,3,MJ Dillard,RS-SO,43,170465
Bowling Green Falcons,defense,BUCK,1,Myles Bradley,RS-SR,23,158686
Bowling Green Falcons,defense,BUCK,2,John Baker IV,RS-FR/TR,56,174916
Bowling Green Falcons,defense,BUCK,3,Quentin Lewis,RS-FR,48,178376
Bowling Green Falcons,defense,WLB,1,Dorian Pringle,RS-SO,3,170471
Bowling Green Falcons,defense,WLB,2,AJ Odom,RS-SR/TR,44,154539
Bowling Green Falcons,defense,WLB,3,Jabari Mitchell,RS-JR,36,164358
Bowling Green Falcons,defense,MLB,1,Andrew Hines III,RS-SO/TR,10,172906
Bowling Green Falcons,defense,MLB,2,Sanders Ellis,JR/TR,6,176369
Bowling Green Falcons,defense,LCB,1,JoJo Johnson,GR/TR,2,165800
Bowling Green Falcons,defense,LCB,2,Josira Andrews,RS-SO,26,173043
Bowling Green Falcons,defense,SS,1,Kal-El Pascal,JR,0,170469
Bowling Green Falcons,defense,SS,2,Jahai Johnson,RS-FR,19,175109
Bowling Green Falcons,defense,FS,1,Preston EstoEsta,SO,9,175107
Bowling Green Falcons,defense,FS,2,Mike Wright III,JR/TR,7,169648
Bowling Green Falcons,defense,RCB,1,Drey Braxton,JR/TR,41,182889
Bowling Green Falcons,defense,RCB,2,Nick Sawyer,RS-SR/TR,18,170870
Bowling Green Falcons,defense,NB,1,Armahn Hale,RS-SR/TR,11,170539
Bowling Green Falcons,special_teams,PT,1,Ryan Kingston,RS-SR/TR,30,155781
Bowling Green Falcons,special_teams,PT,2,Alex Jenkins,FR,91,182909
Bowling Green Falcons,special_teams,PK,1,Travis Kenner,RS-JR,12,170467
Bowling Green Falcons,special_teams,KO,1,Ethan Warner,RS-SR,40,158700
Bowling Green Falcons,special_teams,LS,1,Quillan Jimenez,RS-JR/TR,56,167395
Bowling Green Falcons,special_teams,LS,2,Quinn Forsythe,RS-FR/TR,52,182900
Bowling Green Falcons,special_teams,H,1,Ryan Kingston,RS-SR/TR,30,155781
Bowling Green Falcons,special_teams,H,2,Alex Jenkins,FR,91,182909
Bowling Green Falcons,special_teams,PR,1,Brennan Ridley,JR/TR,5,175117
Bowling Green Falcons,special_teams,KR,1,Trey Johnson,RS-SR,3,158702
Buffalo Bulls,offense,WR-X,1,Chance Morrow,RS-SR/TR,6,165414
Buffalo Bulls,offense,WR-X,2,Tyrell Simmons Jr.,RS-SO,14,173110
Buffalo Bulls,offense,WR-X,3,Jaylen Andrews,JR/TR,2,182174
Buffalo Bulls,offense,WR-X,4,Shey Williams,RS-SO,28,173115
Buffalo Bulls,offense,WR-Z,1,Jasaiah Gathings,GR/TR,8,79295
Buffalo Bulls,offense,WR-Z,2,Dwayne Early Jr.,RS-FR,11,176028
Buffalo Bulls,offense,WR-Z,3,Jeremiah Watkins,RS-SO,17,173112
Buffalo Bulls,offense,WR-SL,1,Patrick Clacks III,RS-SO,3,173090
Buffalo Bulls,offense,WR-SL,2,Phillip Folmar,RS-FR,1,178479
Buffalo Bulls,offense,WR-SL,3,Mark-Anthony Scott Jr.,RS-SR,10,158541
Buffalo Bulls,offense,WR-SL,4,Terrell Richards,RS-JR,82,170376
Buffalo Bulls,offense,LT,1,Nathan Natoli,RS-SR/TR,76,182194
Buffalo Bulls,offense,LT,2,Gabriel Arena,RS-JR/TR,59,173087
Buffalo Bulls,offense,LG,1,Jackson Bellamy,RS-SO,69,170362
Buffalo Bulls,offense,LG,2,Paul Clark,RS-SO,62,173117
Buffalo Bulls,offense,C,1,Nino Francavilla,RS-SO/TR,74,169238
Buffalo Bulls,offense,C,2,Thomas Barr,RS-FR,55,178476
Buffalo Bulls,offense,RG,1,Joe Crocker,RS-JR/TR,78,164521
Buffalo Bulls,offense,RG,2,Ahmaan Thomas,RS-SO,75,173111
Buffalo Bulls,offense,RT,1,Tyrone Davis,RS-SO,51,173094
Buffalo Bulls,offense,RT,2,Jacob Merritt,RS-SR/TR,64,157329
Buffalo Bulls,offense,TE,1,Trevor Wilson,GR/TR,87,182218
Buffalo Bulls,offense,TE,2,Clint Walker,RS-SR/TR,5,182206
Buffalo Bulls,offense,TE,3,Michael Gelatko,RS-FR,86,178480
Buffalo Bulls,offense,TE,4,Nick Leonard,RS-SO,89,173099
Buffalo Bulls,offense,QB,1,Elijah Holmes,RS-JR/TR,16,182212
Buffalo Bulls,offense,QB,2,Jason Wright,RS-FR,7,176036
Buffalo Bulls,offense,QB,3,Mason Cumbie,RS-JR,15,161507
Buffalo Bulls,offense,QB,4,Qur'an McNeill,FR,12,182192
Buffalo Bulls,offense,QB,5,Jake Forburger,FR,18,182184
Buffalo Bulls,offense,RB,1,Terrance Shelton Jr.,JR,25,173109
Buffalo Bulls,offense,RB,2,Messiah Burch,RS-JR,4,165415
Buffalo Bulls,offense,RB,3,James McNeil Jr.,RS-SO,24,173102
Buffalo Bulls,offense,RB,4,Nino Hill,RS-FR,0,176031
Buffalo Bulls,offense,RB,5,Chase Enlow,FR,26,182180
Buffalo Bulls,defense,LDE,1,Will Clark,RS-SO,11,173118
Buffalo Bulls,defense,LDE,2,Logan Goodwin,JR/TR,17,182186
Buffalo Bulls,defense,LDT,1,Cornell Evans,GR,99,155349
Buffalo Bulls,defense,LDT,2,Mason Nickel,RS-SO/TR,55,172025
Buffalo Bulls,defense,RDT,1,Stantavious Smith,RS-JR/TR,95,164072
Buffalo Bulls,defense,RDT,2,Christopher Climes,RS-FR,97,178477
Buffalo Bulls,defense,RDT,3,Rex Stinchcomb,RS-FR,88,178487
Buffalo Bulls,defense,RDE,1,Caleb Oliver,JR/TR,16,182195
Buffalo Bulls,defense,RDE,2,Jacari Bennett,RS-SO,30,170363
Buffalo Bulls,defense,RDE,3,Sedrick Vessah,JR/TR,15,182205
Buffalo Bulls,defense,WLB,1,Zach Bergmann,GR/TR,44,182175
Buffalo Bulls,defense,WLB,2,Jordan Owens,RS-JR/TR,33,164789
Buffalo Bulls,defense,MLB,1,Joey Cheshire,GR/TR,13,182177
Buffalo Bulls,defense,MLB,2,Stevie Bracey,GR/TR,2,153861
Buffalo Bulls,defense,LCB,1,Kobi Blackwell,RS-SO,0,173089
Buffalo Bulls,defense,LCB,2,Drayson Crane,SO/TR,28,182179
Buffalo Bulls,defense,LCB,3,Mikey Crawford,RS-SO,5,173092
Buffalo Bulls,defense,SS,1,Miles Greer,SR/TR,6,176030
Buffalo Bulls,defense,SS,2,Xavier Leonard,RS-SO,23,170372
Buffalo Bulls,defense,FS,1,John Keough,JR,7,173097
Buffalo Bulls,defense,FS,2,Zae Jennings,JR/TR,26,168455
Buffalo Bulls,defense,RCB,1,Keontez Bradley,RS-JR/TR,9,159774
Buffalo Bulls,defense,RCB,2,Oliver Bridges,RS-SR/TR,3,79518
Buffalo Bulls,defense,RCB,3,Sayre Smothers,SO/TR,24,182202
Buffalo Bulls,defense,NB,1,SaVeon Brown,RS-SR/TR,1,80153
Buffalo Bulls,defense,NB,2,Ronnell Davis,RS-SO,4,173093
Buffalo Bulls,defense,NB,3,Davion Coffee,RS-SO,27,176027
Buffalo Bulls,special_teams,PT,1,Andrew VanSlyke,RS-JR/TR,93,171682
Buffalo Bulls,special_teams,PT,2,Ethan Stumpf,RS-SO/TR,90,173481
Buffalo Bulls,special_teams,PT,3,Evan Pfeifer,FR,95,182197
Buffalo Bulls,special_teams,PK,1,Oliver Hautanen,RS-FR,31,178481
Buffalo Bulls,special_teams,PK,2,Zach McGowan,RS-SR/TR,96,182191
Buffalo Bulls,special_teams,PK,3,Blake Sholder,FR,39,182201
Buffalo Bulls,special_teams,KO,1,Oliver Hautanen,RS-FR,31,178481
Buffalo Bulls,special_teams,KO,2,Zach McGowan,RS-SR/TR,96,182191
Buffalo Bulls,special_teams,KO,3,Blake Sholder,FR,39,182201
Buffalo Bulls,special_teams,LS,1,Joseph Stoever,RS-JR/TR,48,165640
Buffalo Bulls,special_teams,LS,2,Sam Stratton,JR/TR,42,182217
Buffalo Bulls,special_teams,H,1,Andrew VanSlyke,RS-JR/TR,93,171682
Buffalo Bulls,special_teams,H,2,Ethan Stumpf,RS-SO/TR,90,173481
Buffalo Bulls,special_teams,H,3,Evan Pfeifer,FR,95,182197
Buffalo Bulls,special_teams,KR,1,Terrance Shelton Jr.,JR,25,173109
Buffalo Bulls,special_teams,KR,2,Patrick Clacks III,RS-SO,3,173090
BYU Cougars,offense,WR-X,1,Kyler Kasper,RS-JR/TR,3,158757
BYU Cougars,offense,WR-X,2,Tei Nacua,RS-SO,0,170549
BYU Cougars,offense,WR-X,3,Terrance Saryon,FR,23,179531
BYU Cougars,offense,WR-Z,1,Jojo Phillips,RS-JR,13,161205
BYU Cougars,offense,WR-Z,2,Reggie Frischknecht,JR/TR,18,176577
BYU Cougars,offense,WR-SL,1,Tiger Bachmeier,SR/TR,19,161215
BYU Cougars,offense,WR-SL,2,Legend Glasker,FR,1,179518
BYU Cougars,offense,WR-SL,3,Jaron Pula,FR,5,179525
BYU Cougars,offense,LT,1,Paki Finau,RS-SO/TR,58,168122
BYU Cougars,offense,LT,2,Siosiua Latu-Finau,RS-FR,59,178519
BYU Cougars,offense,LT,3,Bott Mulitalo,FR,52,179523
BYU Cougars,offense,LG,1,Sonny Makasini,RS-SR,51,154449
BYU Cougars,offense,LG,2,Zak Yamauchi,SO/TR,56,78271
BYU Cougars,offense,C,1,Bruce Mitchell,RS-SR,63,154455
BYU Cougars,offense,C,2,Trevor Pay,RS-SO,67,171438
BYU Cougars,offense,RG,1,Kyle Sfarcioc,RS-SR/TR,64,174446
BYU Cougars,offense,RG,2,Joe Brown,RS-SO,72,169142
BYU Cougars,offense,RG,3,Trevin Ostler,RS-SR,74,156412
BYU Cougars,offense,RT,1,Andrew Gentry,RS-SR/TR,75,152735
BYU Cougars,offense,RT,2,Jr Sia,RS-JR/TR,62,162841
BYU Cougars,offense,RT,3,Ethan Thomason,RS-FR,78,175495
BYU Cougars,offense,TE,1,Walker Lyons,JR/TR,7,172697
BYU Cougars,offense,TE,2,Roger Saleapaga II,JR/TR,2,169457
BYU Cougars,offense,TE,3,Keayen Nead,RS-SR/TR,45,176578
BYU Cougars,offense,TE,4,Noah Moeaki,RS-SO,82,171436
BYU Cougars,offense,QB,1,Bear Bachmeier,SO,47,174785
BYU Cougars,offense,QB,2,Treyson Bourguet,RS-SR/TR,10,79743
BYU Cougars,offense,QB,3,Enoch Watson,FR,17,179535
BYU Cougars,offense,RB,1,LJ Martin,SR,4,161201
BYU Cougars,offense,RB,2,Sione Moa,RS-SO,30,169131
BYU Cougars,offense,RB,3,Preston Rex,RS-SR,12,156414
BYU Cougars,offense,RB,4,Devaughn Eka,FR,25,179516
BYU Cougars,defense,LDE,1,Bodie Schoonover,RS-SR,48,156416
BYU Cougars,defense,LDE,2,Viliami Po'uha,JR,45,169132
BYU Cougars,defense,LDE,3,Kinilau Fonohema,RS-SO,97,171432
BYU Cougars,defense,NT,1,Justin Kirkland,RS-SR/TR,96,162362
BYU Cougars,defense,NT,2,Anisi Purcell,RS-SR/TR,94,174445
BYU Cougars,defense,DT,1,Keanu Tanuvasa,RS-SR/TR,57,156617
BYU Cougars,defense,DT,2,Ulavai Fetuli,RS-FR,99,178516
BYU Cougars,defense,RDE,1,Nusi Taumoepeau,SO,5,174795
BYU Cougars,defense,RDE,2,Tausili Akana,RS-JR/TR,13,160416
BYU Cougars,defense,RDE,3,Hunter Clegg,SO,90,174444
BYU Cougars,defense,SLB,1,Isaiah Glasker,RS-SR,16,154427
BYU Cougars,defense,SLB,2,Ace Kaufusi,RS-JR,18,161211
BYU Cougars,defense,MLB,1,Siale Esera,RS-JR,54,161210
BYU Cougars,defense,MLB,2,Miles Hall,RS-JR,21,161212
BYU Cougars,defense,MLB,3,Pierson Watson,RS-FR,23,175496
BYU Cougars,defense,ROVER,1,Cade Uluave,SR/TR,4,163787
BYU Cougars,defense,ROVER,2,Jake Clifton,JR/TR,31,155854
BYU Cougars,defense,ROVER,3,Maika Kaufusi,RS-JR,33,161213
BYU Cougars,defense,LCB,1,Evan Johnson,RS-SR,0,156400
BYU Cougars,defense,LCB,2,Jordyn Criss,RS-FR,26,178515
BYU Cougars,defense,LCB,3,Kevin Doe,RS-JR,20,165135
BYU Cougars,defense,SS,1,Faletau Satuala,RS-SO,11,170551
BYU Cougars,defense,SS,2,Matthias Leach,RS-SO,27,171435
BYU Cougars,defense,FS,1,Raider Damuni,SR,3,161208
BYU Cougars,defense,FS,2,Jarinn Kalama,RS-SO,17,171434
BYU Cougars,defense,RCB,1,Therrian Alexander III,JR,1,169112
BYU Cougars,defense,RCB,2,Jayven Williams,RS-SR/TR,15,170881
BYU Cougars,defense,NB,1,Jonathan Kabeya,JR,2,171433
BYU Cougars,defense,NB,2,Tommy Prassas,JR,22,169133
BYU Cougars,defense,NB,3,Cannon DeVries,SO,32,175480
BYU Cougars,special_teams,PT,1,Fuller Shurtz,RS-FR,19,175490
BYU Cougars,special_teams,PK,1,Matthias Dunn,RS-JR,97,162613
BYU Cougars,special_teams,KO,1,Matthias Dunn,RS-JR,97,162613
BYU Cougars,special_teams,H,1,Fuller Shurtz,RS-FR,19,175490
BYU Cougars,special_teams,LS,1,Ty Smith,RS-SO/TR,88,171598
BYU Cougars,special_teams,PR,1,Tiger Bachmeier,SR/TR,19,161215
BYU Cougars,special_teams,PR,2,Cannon DeVries,SO,32,175480
BYU Cougars,special_teams,KR,1,Tiger Bachmeier,SR/TR,19,161215
BYU Cougars,special_teams,KR,2,Sione Moa,RS-SO,30,169131
California Golden Bears,offense,WR-X,1,Ian Strong,SR/TR,9,162490
California Golden Bears,offense,WR-X,2,Jordan King,RS-SR,4,157493
California Golden Bears,offense,WR-X,3,Kyion Grayes,RS-SR/TR,6,152721
California Golden Bears,offense,WR-Z,1,Chase Hendricks,SR/TR,7,164409
California Golden Bears,offense,WR-Z,2,Mark Hamper,RS-JR/TR,15,174301
California Golden Bears,offense,WR-Z,3,Trevor Rogers,RS-SO,19,170805
California Golden Bears,offense,WR-SL,1,Cooper Perry,SO/TR,10,174048
California Golden Bears,offense,WR-SL,2,QuaRon Adams,RS-SR/TR,5,78633
California Golden Bears,offense,WR-SL,3,Cole Boscia,RS-SR/TR,82,168710
California Golden Bears,offense,LT,1,Jacob Arop,RS-SO/TR,75,180349
California Golden Bears,offense,LT,2,Frederick Williams III,RS-JR,54,163789
California Golden Bears,offense,LG,1,Tyson Ruffins,RS-JR/TR,56,166882
California Golden Bears,offense,LG,2,Kahlee Tafai,RS-JR/TR,51,160215
California Golden Bears,offense,C,1,Bastian Swinney,RS-SR,76,147914
California Golden Bears,offense,C,2,Lamar Robinson,RS-SR/TR,78,161771
California Golden Bears,offense,RG,1,Sioape Vatikani,RS-SR,71,157506
California Golden Bears,offense,RG,2,Ashton Rivera,RS-SR/TR,58,156494
California Golden Bears,offense,RT,1,Jimothy Lewis Jr.,RS-SO/TR,77,169222
California Golden Bears,offense,RT,2,Mykeal Rabess,RS-JR/TR,70,160869
California Golden Bears,offense,TE,1,Dorian Thomas,RS-JR/TR,0,168241
California Golden Bears,offense,TE,2,Mason Mini,RS-JR/TR,85,174688
California Golden Bears,offense,TE,3,Rico Walker,SR/TR,8,168085
California Golden Bears,offense,TE,4,John Tofi Jr.,RS-FR,44,174693
California Golden Bears,offense,TE,5,Taimane Purcell,FR,22,180358
California Golden Bears,offense,QB,1,Jaron-Keawe Sagapolutele,SO,3,174050
California Golden Bears,offense,QB,2,Jackson Brousseau,RS-JR/TR,11,163691
California Golden Bears,offense,QB,3,EJ Caminong,RS-SO,2,168716
California Golden Bears,offense,RB,1,Adam Mohammed,JR/TR,24,168128
California Golden Bears,offense,RB,2,Ashten Emory,RS-SO/TR,20,172091
California Golden Bears,offense,RB,3,Carter Vargas,RS-SO/TR,1,180361
California Golden Bears,defense,LDE,1,Nate Burrell,RS-SR,98,157486
California Golden Bears,defense,LDE,2,Jayden Williams,JR/TR,51,170604
California Golden Bears,defense,LDE,3,BJ Canady,RS-SO,55,168698
California Golden Bears,defense,NT,1,Jericho Johnson,RS-SO/TR,44,169444
California Golden Bears,defense,NT,2,Stanley Saole-McKenzie,RS-SR,94,161524
California Golden Bears,defense,RDE,1,Derek Wilkins,RS-SR,96,151125
California Golden Bears,defense,RDE,2,Ashun Shepphard,RS-SR/TR,99,169228
California Golden Bears,defense,RDE,3,Legend Journey,RS-SO,56,170797
California Golden Bears,defense,LOLB,1,Jayden Wayne,SR/TR,10,162095
California Golden Bears,defense,LOLB,2,Justin Beadles,RS-SR/TR,4,64706
California Golden Bears,defense,LOLB,3,Odera Okaka,SR/TR,19,174690
California Golden Bears,defense,WLB,1,Tristan Jernigan,RS-SO/TR,32,168756
California Golden Bears,defense,WLB,2,Kamar Mothudi,RS-SO/TR,3,169451
California Golden Bears,defense,MLB,1,Aaron Hampton,JR,21,168701
California Golden Bears,defense,MLB,2,AJ Tuitele,RS-FR/TR,9,176406
California Golden Bears,defense,ROLB,1,Solomon Williams,RS-SO/TR,0,168762
California Golden Bears,defense,ROLB,2,Emmanuel Okoye,RS-SO/TR,6,165244
California Golden Bears,defense,ROLB,3,Joshua Pierce,RS-JR/TR,15,175144
California Golden Bears,defense,LCB,1,Daniel Harris,SR/TR,7,167919
California Golden Bears,defense,LCB,2,Marquis Groves-Killebrew,RS-SR/TR,5,73366
California Golden Bears,defense,LCB,3,Khamani Hudson,RS-SO,25,170795
California Golden Bears,defense,SS,1,Aiden Manutai,SO,14,174686
California Golden Bears,defense,SS,2,Cam Sidney,RS-SR,20,157502
California Golden Bears,defense,SS,3,Michael Hurst Jr.,RS-SR/TR,16,180353
California Golden Bears,defense,FS,1,Isaiah Crosby,RS-SR/TR,23,168699
California Golden Bears,defense,FS,2,Kingston Lopa,RS-SO/TR,2,169447
California Golden Bears,defense,FS,3,Jordan Sanford,SR/TR,17,161360
California Golden Bears,defense,RCB,1,Ricky Fletcher,RS-SR/TR,1,157861
California Golden Bears,defense,RCB,2,Jae'on Young,RS-FR,13,174695
California Golden Bears,defense,NB,1,Jasiah Wagoner,RS-JR/TR,8,160273
California Golden Bears,defense,NB,2,Quimari Shemwell,JR/TR,24,170818
California Golden Bears,special_teams,PT,1,Angus Davies,SR/TR,29,163990
California Golden Bears,special_teams,PT,2,Erik Peters,RS-FR,37,178080
California Golden Bears,special_teams,PK,1,Chase Meyer,RS-SR/TR,91,167651
California Golden Bears,special_teams,PK,2,Towns McGough,RS-SO/TR,33,168096
California Golden Bears,special_teams,KO,1,Towns McGough,RS-SO/TR,33,168096
California Golden Bears,special_teams,KO,2,Chase Meyer,RS-SR/TR,91,167651
California Golden Bears,special_teams,LS,1,David Bird,SR/TR,50,163778
California Golden Bears,special_teams,LS,2,Jordan Franke,RS-JR/TR,53,165662
California Golden Bears,special_teams,LS,3,Ewan Arechaederra,RS-SO,59,170789
California Golden Bears,special_teams,H,1,Angus Davies,SR/TR,29,163990
California Golden Bears,special_teams,H,2,Erik Peters,RS-FR,37,178080
California Golden Bears,special_teams,PR,1,Chase Hendricks,SR/TR,7,164409
California Golden Bears,special_teams,PR,2,QuaRon Adams,RS-SR/TR,5,78633
California Golden Bears,special_teams,KR,1,Adam Mohammed,JR/TR,24,168128
California Golden Bears,special_teams,KR,2,Carter Vargas,RS-SO/TR,1,180361
Central Florida Knights,offense,WR-X,1,Josh Derry,SR/TR,5,180435
Central Florida Knights,offense,WR-X,2,Jonathan Bibbs,RS-SO/TR,3,171302
Central Florida Knights,offense,WR-Z,1,Waden Charles,SO,9,174558
Central Florida Knights,offense,WR-Z,2,Tyren Hornes,FR,2,180440
Central Florida Knights,offense,WR-Z,3,Caleb Rollerson,RS-SO,13,173295
Central Florida Knights,offense,WR-SL,1,Duane Thomas Jr.,SR/TR,7,166624
Central Florida Knights,offense,WR-SL,2,Ric'Darious Farmer,RS-SO/TR,6,168460
Central Florida Knights,offense,WR-SL,3,Jordyn Bridgewater,RS-SO,82,169353
Central Florida Knights,offense,LT,1,Henry Tabansi,RS-JR/TR,73,165427
Central Florida Knights,offense,LT,2,LaParka Langston,RS-JR/TR,53,176335
Central Florida Knights,offense,LG,1,Owen Spell,SR/TR,61,176395
Central Florida Knights,offense,LG,2,Tyler Gibson,RS-SR/TR,75,79175
Central Florida Knights,offense,C,1,Connor Meadows,RS-SR/TR,58,78630
Central Florida Knights,offense,C,2,Cooper Terpstra,RS-JR/TR,54,165540
Central Florida Knights,offense,C,3,Jacob Maiava,RS-FR,55,174563
Central Florida Knights,offense,RG,1,Brady Wayburn,RS-SR/TR,66,159029
Central Florida Knights,offense,RG,2,Justin Royes,RS-JR/TR,76,174571
Central Florida Knights,offense,RT,1,Preston Cushman,RS-SR/TR,78,156819
Central Florida Knights,offense,RT,2,Kasiyah Charlton,FR,77,180434
Central Florida Knights,offense,TE,1,Dylan Wade,SR/TR,0,164471
Central Florida Knights,offense,TE,2,Grayson Brousseau,RS-SO/TR,88,171774
Central Florida Knights,offense,TE,3,Caden Piening,RS-FR,18,174566
Central Florida Knights,offense,TE,4,Thomas Wadsworth,RS-SR,84,157615
Central Florida Knights,offense,TE,5,Brooks Hall,FR,87,180438
Central Florida Knights,offense,QB,1,Alonza Barnett III,RS-SR/TR,14,158899
Central Florida Knights,offense,QB,2,Kaleb Annett,RS-SO/TR,10,169515
Central Florida Knights,offense,QB,3,Keyone Jenkins,SR/TR,12,160863
Central Florida Knights,offense,QB,4,Rocco Marriott,FR,8,180447
Central Florida Knights,offense,QB,5,Dante Carr,FR,16,180432
Central Florida Knights,offense,RB,1,Landen Chambers,RS-JR/TR,11,180433
Central Florida Knights,offense,RB,2,Duke Watson,JR/TR,26,170560
Central Florida Knights,offense,RB,3,Taevion Swint,RS-FR,4,174568
Central Florida Knights,offense,RB,4,Agyeman Addae,RS-FR,35,176333
Central Florida Knights,offense,RB,5,Kaj Baker,FR,20,180429
Central Florida Knights,defense,LDE,1,Sincere Edwards,JR/TR,10,168559
Central Florida Knights,defense,LDE,2,Bruno Dall,RS-JR/TR,41,161381
Central Florida Knights,defense,LDE,3,L A Jessie Harrold,RS-FR/TR,94,174247
Central Florida Knights,defense,LDT,1,Horace Lockett,RS-SR/TR,0,153976
Central Florida Knights,defense,LDT,2,Jeffson Lafontant,RS-JR/TR,92,176396
Central Florida Knights,defense,LDT,3,Brad Gurley Jr.,RS-SR/TR,93,180437
Central Florida Knights,defense,LDT,4,Josh Schell,RS-SR/TR,97,176532
Central Florida Knights,defense,RDT,1,RJ Jackson Jr.,SR/TR,95,164003
Central Florida Knights,defense,RDT,2,Thomas Collins,RS-JR/TR,99,160242
Central Florida Knights,defense,RDT,3,Artavius Jones,RS-SO/TR,42,172770
Central Florida Knights,defense,RDE,1,Isaiah Nixon,RS-JR,6,163946
Central Florida Knights,defense,RDE,2,Ken Talley,RS-SR/TR,11,159541
Central Florida Knights,defense,RDE,3,Aymeric Koumba,RS-JR/TR,12,159982
Central Florida Knights,defense,WLB,1,Lewis Carter,SR/TR,20,160254
Central Florida Knights,defense,WLB,2,Jahleel Culbreath,RS-SR/TR,34,158156
Central Florida Knights,defense,WLB,3,Rashad Henry,RS-JR/TR,19,166125
Central Florida Knights,defense,MLB,1,Cole Kozlowski,SR/TR,43,174572
Central Florida Knights,defense,MLB,2,Tackett Curtis,SR/TR,24,168745
Central Florida Knights,defense,MLB,3,Jayden Jennings,RS-SR/TR,38,149446
Central Florida Knights,defense,LCB,1,Antione Jackson,SR/TR,7,79539
Central Florida Knights,defense,LCB,2,Jailen Duffie,RS-JR/TR,17,180436
Central Florida Knights,defense,LCB,3,Rukeem Stroud,RS-FR,25,174567
Central Florida Knights,defense,SS,1,Demari Henderson,RS-SR,8,157606
Central Florida Knights,defense,SS,2,Caleb Flagg,RS-SR/TR,18,168864
Central Florida Knights,defense,SS,3,Kahmel Johnson,RS-SO/TR,14,180444
Central Florida Knights,defense,FS,1,Jayden Williams,RS-SR/TR,2,152173
Central Florida Knights,defense,FS,2,Ty Bartrum,RS-SR/TR,21,180430
Central Florida Knights,defense,FS,3,Antonio Branch Jr.,RS-FR/TR,16,174416
Central Florida Knights,defense,RCB,1,Jayden Bellamy,RS-SR/TR,1,162573
Central Florida Knights,defense,RCB,2,DJ Bell,RS-SR/TR,5,157641
Central Florida Knights,defense,NB,1,Braeden Marshall,SR,4,162989
Central Florida Knights,defense,NB,2,Matt Irwin,JR/TR,28,180442
Central Florida Knights,special_teams,PT,1,Atticus Bertrams,SR/TR,49,165690
Central Florida Knights,special_teams,PT,2,Mason Denaburg,RS-FR,97,177331
Central Florida Knights,special_teams,PK,1,Will Stone,RS-SR/TR,15,155937
Central Florida Knights,special_teams,PK,2,Noah McGough,RS-FR,31,177334
Central Florida Knights,special_teams,KO,1,Will Stone,RS-SR/TR,15,155937
Central Florida Knights,special_teams,KO,2,Noah McGough,RS-FR,31,177334
Central Florida Knights,special_teams,LS,1,Kyle Hicks,RS-SO/TR,44,180454
Central Florida Knights,special_teams,LS,2,Rocklyn Kelley,RS-FR,37,177333
Central Florida Knights,special_teams,H,1,Atticus Bertrams,SR/TR,49,165690
Central Florida Knights,special_teams,H,2,Mason Denaburg,RS-FR,97,177331
Central Florida Knights,special_teams,PR,1,Antione Jackson,SR/TR,7,79539
Central Florida Knights,special_teams,PR,2,Taevion Swint,RS-FR,4,174568
Central Florida Knights,special_teams,KR,1,Duane Thomas Jr.,SR/TR,7,166624
Central Florida Knights,special_teams,KR,2,Kaj Baker,FR,20,180429
Central Michigan Chippewas,offense,WR-X,1,Langston Lewis,RS-SR,20,158730
Central Michigan Chippewas,offense,WR-X,2,Collin Payne,RS-SR/TR,6,177634
Central Michigan Chippewas,offense,WR-X,3,Tayte Vanderleest,RS-JR,81,164387
Central Michigan Chippewas,offense,WR-Z,1,Nasir Williams,RS-SO,3,173284
Central Michigan Chippewas,offense,WR-Z,2,Dontae Robinson,RS-JR/TR,84,183150
Central Michigan Chippewas,offense,WR-SL,1,Justin Ruffin Jr.,SO,9,175207
Central Michigan Chippewas,offense,WR-SL,2,Shawn Foster II,RS-JR/TR,16,172032
Central Michigan Chippewas,offense,WR-SL,3,Camden Kruisenga,RS-SO,12,173271
Central Michigan Chippewas,offense,LT,1,Jacob Russell,RS-JR/TR,70,175209
Central Michigan Chippewas,offense,LT,2,Jacob Booth,RS-SR,69,164370
Central Michigan Chippewas,offense,LT,3,Trevor Swan,RS-SR/TR,72,183156
Central Michigan Chippewas,offense,LG,1,Brady Ploucha,RS-SR,59,158731
Central Michigan Chippewas,offense,LG,2,John Iannuzzi,RS-SR/TR,60,175205
Central Michigan Chippewas,offense,C,1,Losini Maka,RS-SR/TR,55,183138
Central Michigan Chippewas,offense,RG,1,Matthew Nehf,RS-JR,66,164382
Central Michigan Chippewas,offense,RG,2,Dasan Smith,RS-SO,73,173281
Central Michigan Chippewas,offense,RG,3,Talon Smith,RS-FR,78,177637
Central Michigan Chippewas,offense,RT,1,Martin Koivisto,RS-SR,76,155423
Central Michigan Chippewas,offense,RT,2,Nic DiSanto,SR/TR,56,183123
Central Michigan Chippewas,offense,RT,3,John Williams,RS-SR/TR,58,183167
Central Michigan Chippewas,offense,RT,4,Triston Pierre,RS-FR,54,177635
Central Michigan Chippewas,offense,TE,1,Jaden Allen,RS-SR/TR,88,183165
Central Michigan Chippewas,offense,TE,2,Myles Peters,SO/TR,85,183143
Central Michigan Chippewas,offense,TE,3,Gavin Spillers,RS-SO/TR,87,183152
Central Michigan Chippewas,offense,TE,4,Landon Swanson,RS-SO,42,173282
Central Michigan Chippewas,offense,QB,1,Angel Flores,RS-SR/TR,7,175203
Central Michigan Chippewas,offense,QB,2,Marcus Beamon,RS-SR/TR,10,175199
Central Michigan Chippewas,offense,QB,3,Jadyn Glasser,RS-SO,5,170481
Central Michigan Chippewas,offense,RB,1,Brock Townsend,RS-SO,2,170490
Central Michigan Chippewas,offense,RB,2,Vaughn Blue,RS-JR/TR,24,163058
Central Michigan Chippewas,offense,RB,3,Jayden Clerveaux,RS-JR/TR,31,183120
Central Michigan Chippewas,offense,RB,4,Trav Moore,FR,22,183169
Central Michigan Chippewas,offense,FB,1,Rusty VanWetzinga IV,RS-JR/TR,8,165508
Central Michigan Chippewas,defense,LDE,1,Korver Demma,RS-JR/TR,5,160035
Central Michigan Chippewas,defense,LDE,2,Nathan VanTimmeren,RS-JR,48,163181
Central Michigan Chippewas,defense,LDE,3,Hunter Zirkle,JR/TR,6,183164
Central Michigan Chippewas,defense,NT,1,Quavion Bird,RS-SO,96,173259
Central Michigan Chippewas,defense,NT,2,Dominique Maiava,RS-SR/TR,52,177631
Central Michigan Chippewas,defense,DT,1,D.J. Bennett,RS-SR/TR,0,170480
Central Michigan Chippewas,defense,DT,2,Max Van Fleet,RS-SR/TR,97,183158
Central Michigan Chippewas,defense,DT,3,Joey VanWetzinga,SO,95,177640
Central Michigan Chippewas,defense,RDE,1,JJ Douglas,SO,1,175201
Central Michigan Chippewas,defense,RDE,2,Donovan Brown,SO/TR,50,183166
Central Michigan Chippewas,defense,WLB,1,Victor Earl,RS-SO,8,173265
Central Michigan Chippewas,defense,WLB,2,Brett McCalla,RS-SR/TR,40,183140
Central Michigan Chippewas,defense,MLB,1,Xavier White,JR,11,170496
Central Michigan Chippewas,defense,MLB,2,Mayson Hitchens,SR/TR,35,183133
Central Michigan Chippewas,defense,MLB,3,Antonio Cherry Jr.,SO/TR,30,183118
Central Michigan Chippewas,defense,LCB,1,Donavan Philord,RS-SO/TR,12,183144
Central Michigan Chippewas,defense,LCB,2,Ty Williams,SR/TR,24,183168
Central Michigan Chippewas,defense,LCB,3,Jamari Allen,RS-JR,21,164368
Central Michigan Chippewas,defense,SS,1,Darrell Bryant Jr.,RS-SR/TR,19,183117
Central Michigan Chippewas,defense,SS,2,Ed Conoran,RS-SR,7,158713
Central Michigan Chippewas,defense,SS,3,Nolan Anderson,RS-FR,22,175197
Central Michigan Chippewas,defense,FS,1,Justin Taylor,RS-JR/TR,14,165700
Central Michigan Chippewas,defense,FS,2,Coen Ali,SO/TR,17,183113
Central Michigan Chippewas,defense,RCB,1,Matthew McKenzie,JR/TR,26,183141
Central Michigan Chippewas,defense,RCB,2,Kyle Krebs,RS-SR,23,158727
Central Michigan Chippewas,defense,RCB,3,Trey Liebhardt,RS-JR,25,164379
Central Michigan Chippewas,defense,NB,1,Jaion Jackson,JR,4,170484
Central Michigan Chippewas,defense,NB,2,Keyton Jones,RS-SO,41,173268
Central Michigan Chippewas,special_teams,PT,1,Declan Duley,RS-JR/TR,18,160757
Central Michigan Chippewas,special_teams,PT,2,Zac Chapeau,RS-SO,15,173264
Central Michigan Chippewas,special_teams,PK,1,Caden VanHuis,RS-FR,38,177639
Central Michigan Chippewas,special_teams,PK,2,Braxton Doak,FR,47,183124
Central Michigan Chippewas,special_teams,KO,1,Zac Chapeau,RS-SO,15,173264
Central Michigan Chippewas,special_teams,KO,2,Caden VanHuis,RS-FR,38,177639
Central Michigan Chippewas,special_teams,LS,1,Connor Ridderhoff,RS-SR/TR,57,183148
Central Michigan Chippewas,special_teams,LS,2,Zach Curtis,FR,51,183122
Central Michigan Chippewas,special_teams,H,1,Declan Duley,RS-JR/TR,18,160757
Central Michigan Chippewas,special_teams,PR,1,Justin Ruffin Jr.,SO,9,175207
Central Michigan Chippewas,special_teams,KR,1,Justin Ruffin Jr.,SO,9,175207
Charlotte 49ers,offense,WR-X,1,Jaden Barnes,SR/TR,1,175402
Charlotte 49ers,offense,WR-X,2,Tank Boston,RS-SO/TR,4,168211
Charlotte 49ers,offense,WR-X,3,Adam Hopkins IV,RS-JR/TR,14,173437
Charlotte 49ers,offense,WR-Z,1,Jaylen Hampton,RS-SO/TR,2,171996
Charlotte 49ers,offense,WR-Z,2,Zyheem Collick,RS-SO/TR,8,181668
Charlotte 49ers,offense,WR-Z,3,KD Hunter-Gibson,RS-JR/TR,11,175094
Charlotte 49ers,offense,WR-SL,1,Derrick Eley,RS-SO,89,173430
Charlotte 49ers,offense,WR-SL,2,Cam Pedro,RS-SR/TR,0,157149
Charlotte 49ers,offense,LT,1,J'Ven Williams,RS-JR/TR,74,159882
Charlotte 49ers,offense,LG,1,Luke Sandy,RS-SR/TR,57,154487
Charlotte 49ers,offense,LG,2,Dom Silvia,RS-SO,67,169160
Charlotte 49ers,offense,C,1,Nic Cruji,RS-SR/TR,65,181669
Charlotte 49ers,offense,C,2,Isaiah Bullerdick,RS-SR,76,157072
Charlotte 49ers,offense,RG,1,Reginhard Pierre-Nau,RS-JR/TR,61,181680
Charlotte 49ers,offense,RG,2,Rod Green,RS-SR/TR,50,167852
Charlotte 49ers,offense,RT,1,Kristos Fernandez,GR/TR,75,176756
Charlotte 49ers,offense,RT,2,Mathias Nielsen,SR/TR,55,181677
Charlotte 49ers,offense,TE,1,Gus McGee,GR/TR,17,163647
Charlotte 49ers,offense,TE,2,Logan Mauldin,RS-SR/TR,3,142880
Charlotte 49ers,offense,TE,3,Lane Wadle,JR/TR,88,170049
Charlotte 49ers,offense,TE,4,Brody Dawyot,FR,19,181670
Charlotte 49ers,offense,TE,5,Brady Rhoads,RS-SO,81,173443
Charlotte 49ers,offense,QB,1,Cole Gonzales,RS-SR/TR,9,174171
Charlotte 49ers,offense,QB,2,Conner Harrell,RS-SR/TR,15,153395
Charlotte 49ers,offense,QB,3,Grayson Loftis,RS-JR/TR,12,161625
Charlotte 49ers,offense,QB,4,Jaylen White,FR,10,181692
Charlotte 49ers,offense,QB,5,Luke McNulty,RS-FR,16,176757
Charlotte 49ers,offense,RB,1,Chance Williams,RS-SR/TR,7,169435
Charlotte 49ers,offense,RB,2,Jariel Cobb,SO,24,175312
Charlotte 49ers,offense,RB,3,Khamani Alexander,RS-SO/TR,5,172166
Charlotte 49ers,offense,RB,4,Henry Rutledge,GR,21,152009
Charlotte 49ers,offense,RB,5,D'Mariun Perteet,RS-JR/TR,6,176267
Charlotte 49ers,defense,LDE,1,DJ Burgess,RS-SR/TR,7,73203
Charlotte 49ers,defense,LDE,2,Curtis Simpson,RS-SO/TR,9,168496
Charlotte 49ers,defense,LDE,3,Darius Wallace,RS-SO,23,173445
Charlotte 49ers,defense,NT,1,Devin Ancrum,RS-FR/TR,95,174205
Charlotte 49ers,defense,NT,2,D'Nas White,RS-SO/TR,88,171172
Charlotte 49ers,defense,NT,3,Lewis Price-Law,RS-FR/TR,77,181681
Charlotte 49ers,defense,DT,1,Jamarrion Solomon,RS-SR/TR,51,156496
Charlotte 49ers,defense,DT,2,Caleb Irving,RS-SO/TR,85,170345
Charlotte 49ers,defense,DT,3,Ayo Tifase,RS-SR/TR,15,168744
Charlotte 49ers,defense,RDE,1,Jaylon Johnson,SR/TR,2,175104
Charlotte 49ers,defense,RDE,2,Shaku Sangarie,RS-JR/TR,55,181682
Charlotte 49ers,defense,WLB,1,Kadin Schmitz,SR/TR,19,162333
Charlotte 49ers,defense,WLB,2,Stellan Bowman,RS-SO/TR,30,170509
Charlotte 49ers,defense,MLB,1,Gavin Willis,SR/TR,13,175100
Charlotte 49ers,defense,MLB,2,Parker Startz,RS-SO/TR,36,170530
Charlotte 49ers,defense,MLB,3,Jerry Wall III,JR/TR,10,181688
Charlotte 49ers,defense,LCB,1,Jameel Croft Jr.,RS-JR/TR,1,165222
Charlotte 49ers,defense,LCB,2,DeQuinder Williams II,RS-SO,11,169161
Charlotte 49ers,defense,LCB,3,Chase Usher,FR,18,181687
Charlotte 49ers,defense,SS,1,Shamar McIntosh,RS-SO/TR,16,167809
Charlotte 49ers,defense,SS,2,Cornell Allen,RS-SO,28,169144
Charlotte 49ers,defense,FS,1,Dy'Lon Womack,SO,3,175101
Charlotte 49ers,defense,FS,2,Josh Hines,FR,24,181673
Charlotte 49ers,defense,RCB,1,CJ Clinkscales Jr.,RS-SR/TR,12,78766
Charlotte 49ers,defense,RCB,2,Nireek Sharpe,RS-JR/TR,6,181684
Charlotte 49ers,defense,RCB,3,Tradarius Smith,JR/TR,4,181685
Charlotte 49ers,defense,NB,1,Collin Gill,RS-JR/TR,0,159922
Charlotte 49ers,special_teams,PT,1,Bronson Long,RS-SR/TR,95,166625
Charlotte 49ers,special_teams,PT,2,Ian Kelly,RS-FR,44,176763
Charlotte 49ers,special_teams,PK,1,Aiden Bui,RS-FR,84,176754
Charlotte 49ers,special_teams,PK,2,Charlie Birtwistle,RS-SO/TR,99,168209
Charlotte 49ers,special_teams,KO,1,Charlie Birtwistle,RS-SO/TR,99,168209
Charlotte 49ers,special_teams,KO,2,Aiden Bui,RS-FR,84,176754
Charlotte 49ers,special_teams,LS,1,Henry Searcy,RS-FR/TR,33,176504
Charlotte 49ers,special_teams,H,1,Bronson Long,RS-SR/TR,95,166625
Charlotte 49ers,special_teams,H,2,Ian Kelly,RS-FR,44,176763
Charlotte 49ers,special_teams,PR,1,Jaden Barnes,SR/TR,1,175402
Charlotte 49ers,special_teams,PR,2,Henry Rutledge,GR,21,152009
Charlotte 49ers,special_teams,PR,3,Derrick Eley,RS-SO,89,173430
Charlotte 49ers,special_teams,KR,1,Derrick Eley,RS-SO,89,173430
Charlotte 49ers,special_teams,KR,2,Henry Rutledge,GR,21,152009
Charlotte 49ers,special_teams,KR,3,Jameel Croft Jr.,RS-JR/TR,1,165222
Charlotte 49ers,special_teams,KR,4,Jaden Barnes,SR/TR,1,175402
Cincinnati Bearcats,offense,WR-X,1,JV Gibson,RS-SR/TR,11,174180
Cincinnati Bearcats,offense,WR-X,2,Elijah Jones,RS-SO,14,171524
Cincinnati Bearcats,offense,WR-X,3,Flynn Schiele,RS-SR/TR,16,179410
Cincinnati Bearcats,offense,WR-Z,1,Malachi Henry,RS-JR/TR,9,180697
Cincinnati Bearcats,offense,WR-Z,2,Larenzo Fenner,RS-JR/TR,2,180692
Cincinnati Bearcats,offense,WR-Z,3,Giyahni Kontosis,RS-FR,18,174847
Cincinnati Bearcats,offense,WR-SL,1,Isaiah Johnson,JR/TR,0,176478
Cincinnati Bearcats,offense,WR-SL,2,Cade Wolford,RS-SO/TR,8,172405
Cincinnati Bearcats,offense,WR-SL,3,Pierce Ayers,SO/TR,89,180689
Cincinnati Bearcats,offense,LT,1,Joe Cotton,RS-SR/TR,74,176474
Cincinnati Bearcats,offense,LT,2,Judea Milon,RS-SR/TR,71,164546
Cincinnati Bearcats,offense,LG,1,Evan Tengesdahl,RS-JR,50,160492
Cincinnati Bearcats,offense,LG,2,Jake Wheelock,RS-SO,59,169434
Cincinnati Bearcats,offense,C,1,Xavier Lozowicki,RS-JR/TR,66,171513
Cincinnati Bearcats,offense,C,2,Grant Edgington,RS-JR,78,167375
Cincinnati Bearcats,offense,RG,1,Taran Tyo,RS-SR/TR,77,158624
Cincinnati Bearcats,offense,RG,2,Aiden Pastoriza,RS-SO,73,171516
Cincinnati Bearcats,offense,RT,1,Nolan Latulippe,RS-JR/TR,72,174848
Cincinnati Bearcats,offense,TE,1,Gavin Grover,JR,87,169425
Cincinnati Bearcats,offense,TE,2,Devyn Zahursky,RS-SO,83,169437
Cincinnati Bearcats,offense,QB,1,JC French IV,RS-SR/TR,4,161756
Cincinnati Bearcats,offense,QB,2,Liam O'Brien,RS-SR/TR,10,180707
Cincinnati Bearcats,offense,QB,3,Samaj Jones,RS-SO,5,169428
Cincinnati Bearcats,offense,RB,1,Zion Johnson,RS-FR,13,174858
Cincinnati Bearcats,offense,RB,2,Zylan Perry,RS-SR/TR,7,155895
Cincinnati Bearcats,offense,RB,3,Gi'Bran Payne,RS-SR/TR,6,155671
Cincinnati Bearcats,defense,DE,1,Marquaze Parker,JR,4,171515
Cincinnati Bearcats,defense,DE,2,Jaylon White-McClain,RS-SR/TR,16,164251
Cincinnati Bearcats,defense,DE,3,Drew Logan,RS-SR,91,157245
Cincinnati Bearcats,defense,DE,4,Kamron Neal,RS-FR,97,174852
Cincinnati Bearcats,defense,NT,1,Elijah Gunn,RS-JR/TR,92,176477
Cincinnati Bearcats,defense,NT,2,Chidera Otutu,JR/TR,11,173218
Cincinnati Bearcats,defense,DT,1,Cam Roetherford,RS-SR/TR,26,171518
Cincinnati Bearcats,defense,DT,2,Josh Hough,RS-SR/TR,95,64350
Cincinnati Bearcats,defense,DOG,1,Thomas Johnson,RS-SR/TR,54,180718
Cincinnati Bearcats,defense,DOG,2,Patrick Bauer,RS-JR/TR,10,180690
Cincinnati Bearcats,defense,DOG,3,Brian Simms III,RS-JR,17,160491
Cincinnati Bearcats,defense,DOG,4,Myles Harrison,RS-FR,34,174842
Cincinnati Bearcats,defense,DOG,5,Terrell Holcomb,RS-FR,24,174843
Cincinnati Bearcats,defense,WLB,1,Jonathan Thompson,RS-SR,22,153634
Cincinnati Bearcats,defense,WLB,2,Montay Weedon,JR,44,171523
Cincinnati Bearcats,defense,WLB,3,Damaine Wilson,RS-SO/TR,9,170050
Cincinnati Bearcats,defense,MLB,1,Filip Maciorowski,RS-JR/TR,12,167326
Cincinnati Bearcats,defense,MLB,2,Simeon Coleman,JR,31,169420
Cincinnati Bearcats,defense,MLB,3,Brian Simms III,RS-JR,17,160491
Cincinnati Bearcats,defense,CAT,1,Antwan Peek Jr.,RS-SR,3,157248
Cincinnati Bearcats,defense,CAT,2,Marqavious Saboor,JR,5,171519
Cincinnati Bearcats,defense,CAT,3,Jaidon Windom,FR,23,180716
Cincinnati Bearcats,defense,CAT,4,Jamari Johnson,RS-FR,15,174856
Cincinnati Bearcats,defense,CAT,5,Drew Robinson,RS-SO,35,171525
Cincinnati Bearcats,defense,LCB,1,Daniel James,RS-SO,25,171510
Cincinnati Bearcats,defense,LCB,2,Kenny Worthy,RS-SO/TR,8,169551
Cincinnati Bearcats,defense,LCB,3,Zay Johnson,RS-SO,6,169427
Cincinnati Bearcats,defense,SS,1,MJ Cannon,RS-SR/TR,2,178369
Cincinnati Bearcats,defense,SS,2,CJ Jones,RS-FR,19,174859
Cincinnati Bearcats,defense,FS,1,Jasper Beeler,SR/TR,18,176037
Cincinnati Bearcats,defense,FS,2,Ty Goodwill,JR/TR,7,172311
Cincinnati Bearcats,defense,FS,3,CJ Crite,RS-FR,20,174839
Cincinnati Bearcats,defense,RCB,1,Jacob Finley,RS-SR/TR,0,158653
Cincinnati Bearcats,defense,RCB,2,KK Meier,RS-SR/TR,14,158271
Cincinnati Bearcats,defense,RCB,3,Patrick Williams,RS-FR,13,174860
Cincinnati Bearcats,special_teams,PT,1,Max Fletcher,RS-SR/TR,31,153358
Cincinnati Bearcats,special_teams,PT,2,Dino Beslagic,RS-SR/TR,35,158438
Cincinnati Bearcats,special_teams,PK,1,Stephen Rusnak,RS-SR/TR,99,151209
Cincinnati Bearcats,special_teams,PK,2,Max Lemasters,RS-JR,93,169430
Cincinnati Bearcats,special_teams,KO,1,Stephen Rusnak,RS-SR/TR,99,151209
Cincinnati Bearcats,special_teams,KO,2,Max Lemasters,RS-JR,93,169430
Cincinnati Bearcats,special_teams,LS,1,Eli Stein,RS-SR/TR,48,153359
Cincinnati Bearcats,special_teams,H,1,Max Fletcher,RS-SR/TR,31,153358
Cincinnati Bearcats,special_teams,H,2,Dino Beslagic,RS-SR/TR,35,158438
Cincinnati Bearcats,special_teams,PR,1,Cade Wolford,RS-SO/TR,8,172405
Cincinnati Bearcats,special_teams,KR,1,Cade Wolford,RS-SO/TR,8,172405
Clemson Tigers,offense,WR-X,1,Bryant Wesco Jr.,JR,12,168191
Clemson Tigers,offense,WR-X,2,Connor Salmin,FR,13,180176
Clemson Tigers,offense,WR-X,3,Cole Turner,RS-SR,22,153159
Clemson Tigers,offense,WR-X,4,Jaylen Brown-Wallace,RS-JR/TR,86,180160
Clemson Tigers,offense,WR-Z,1,T.J. Moore,JR,1,168195
Clemson Tigers,offense,WR-Z,2,Tristan Smith,SR/TR,3,174488
Clemson Tigers,offense,WR-Z,3,Gordon Sellars III,FR,19,180178
Clemson Tigers,offense,WR-Z,4,Chase Byrd,RS-SO,29,168174
Clemson Tigers,offense,WR-SL,1,Naeem Burroughs,FR,0,180162
Clemson Tigers,offense,WR-SL,2,Tyler Brown,RS-JR,6,160312
Clemson Tigers,offense,WR-SL,3,Juju Preston,RS-FR,10,174486
Clemson Tigers,offense,WR-SL,4,Clark Sanderson,RS-SO,20,171208
Clemson Tigers,offense,LT,1,Brayden Jacobs,SO,74,174483
Clemson Tigers,offense,LT,2,Ian Reed,RS-JR,54,160316
Clemson Tigers,offense,LG,1,Elyjah Thurmon,RS-SO,52,168189
Clemson Tigers,offense,LG,2,Collin Sadler,RS-SR,50,153151
Clemson Tigers,offense,C,1,Harris Sewell,SR,55,160303
Clemson Tigers,offense,C,2,Chapman Pendergrass,RS-SR,65,156239
Clemson Tigers,offense,RG,1,Ronan O'Connell,RS-SO,77,168187
Clemson Tigers,offense,RG,2,Tucker Kattus,RS-FR,75,174484
Clemson Tigers,offense,RG,3,Gavin Blanchard,RS-FR,51,174475
Clemson Tigers,offense,RT,1,Easton Ware,RS-FR,63,174490
Clemson Tigers,offense,RT,2,Mason Wade,RS-SO,76,168190
Clemson Tigers,offense,TE,1,Christian Bentancur,RS-SO,87,168171
Clemson Tigers,offense,TE,2,Olsen Patt-Henry,SR,11,160296
Clemson Tigers,offense,TE,3,Logan Brooking,RS-FR,7,174476
Clemson Tigers,offense,QB,1,Christopher Vizzina,RS-JR,17,160307
Clemson Tigers,offense,QB,2,Tait Reynolds,FR,2,180175
Clemson Tigers,offense,QB,3,Trent Pearman,RS-SR,14,153148
Clemson Tigers,offense,RB,1,Gideon Davidson,SO,8,174479
Clemson Tigers,offense,RB,2,Chris Johnson Jr.,RS-JR/TR,16,160371
Clemson Tigers,offense,RB,3,David Eziomume,RS-SO,24,168177
Clemson Tigers,defense,LDE,1,Jahiem Lawson,RS-SR,15,153143
Clemson Tigers,defense,LDE,2,London Merritt,SO/TR,14,174425
Clemson Tigers,defense,LDE,3,C.J. Wesley,RS-SR/TR,23,180179
Clemson Tigers,defense,LDT,1,Andy Burburija,JR/TR,56,180161
Clemson Tigers,defense,LDT,2,Champ Thompson,RS-SO,29,168188
Clemson Tigers,defense,LDT,3,Devarrick Woods,RS-SR/TR,92,175967
Clemson Tigers,defense,RDT,1,Amare Adams,SO,95,174473
Clemson Tigers,defense,RDT,2,Markus Strong,RS-JR/TR,99,160271
Clemson Tigers,defense,RDE,1,Will Heldt,SR/TR,13,160068
Clemson Tigers,defense,RDE,2,Darien Mayo,RS-SO,49,168185
Clemson Tigers,defense,RDE,3,Ari Watford,RS-FR,17,174491
Clemson Tigers,defense,WLB,1,Jeremiah Alexander,RS-SR/TR,7,153072
Clemson Tigers,defense,WLB,2,Kobe McCloud,RS-SR,21,153145
Clemson Tigers,defense,WLB,3,Fletcher Cothran,RS-SR,50,156233
Clemson Tigers,defense,MLB,1,Sammy Brown,JR,47,168172
Clemson Tigers,defense,MLB,2,Drew Woodaz,RS-SO,9,168193
Clemson Tigers,defense,MLB,3,C.J. Kubah-Taylor,RS-SO,26,168184
Clemson Tigers,defense,LCB,1,Elliot Washington II,SR/TR,3,159881
Clemson Tigers,defense,LCB,2,Branden Strozier,RS-JR,1,160305
Clemson Tigers,defense,SS,1,Jerome Carter III,JR/TR,6,170303
Clemson Tigers,defense,SS,2,Ronan Hanafin,SR,5,160295
Clemson Tigers,defense,FS,1,Corey Myrick,JR/TR,22,170244
Clemson Tigers,defense,FS,2,Kylon Griffin,RS-SR,18,153139
Clemson Tigers,defense,FS,3,Polo Anderson,FR,11,180156
Clemson Tigers,defense,RCB,1,Ashton Hampton,JR,2,168180
Clemson Tigers,defense,RCB,2,Donovan Starr,SO/TR,0,173868
Clemson Tigers,defense,NB,1,Corian Gipson,RS-SO,8,168179
Clemson Tigers,defense,NB,2,Misun Kelley,RS-JR,10,160299
Clemson Tigers,defense,NB,3,Noah Dixon,RS-SO,27,168176
Clemson Tigers,special_teams,PT,1,Jack Smith,RS-SR,89,153158
Clemson Tigers,special_teams,PT,2,Robert Gunn III,RS-SR,38,153140
Clemson Tigers,special_teams,PK,1,Nolan Hauser,JR,81,168181
Clemson Tigers,special_teams,PK,2,Robert Gunn III,RS-SR,38,153140
Clemson Tigers,special_teams,KO,1,Robert Gunn III,RS-SR,38,153140
Clemson Tigers,special_teams,KO,2,Charlie Reed,RS-SO,48,176624
Clemson Tigers,special_teams,LS,1,Jackson Reach,FR,46,180173
Clemson Tigers,special_teams,LS,2,Brodey Conn,RS-JR,40,153136
Clemson Tigers,special_teams,LS,3,J.R. Buckner,RS-SO/TR,43,170913
Clemson Tigers,special_teams,H,1,Clay Swinney,RS-SR,88,153154
Clemson Tigers,special_teams,PR,1,Bryant Wesco Jr.,JR,12,168191
Clemson Tigers,special_teams,PR,2,T.J. Moore,JR,1,168195
Clemson Tigers,special_teams,PR,3,Chase Byrd,RS-SO,29,168174
Clemson Tigers,special_teams,KR,1,Tyler Brown,RS-JR,6,160312
Clemson Tigers,special_teams,KR,2,Gideon Davidson,SO,8,174479
Clemson Tigers,special_teams,KR,3,Chase Byrd,RS-SO,29,168174
Coastal Carolina Chanticleers,offense,WR-X,1,Karmello English,SR/TR,0,159975
Coastal Carolina Chanticleers,offense,WR-X,2,Krosse Johnson,RS-SO/TR,6,171101
Coastal Carolina Chanticleers,offense,WR-X,3,Colton Hinton,RS-JR/TR,14,176261
Coastal Carolina Chanticleers,offense,WR-X,4,Dwayne White,RS-FR,81,178173
Coastal Carolina Chanticleers,offense,WR-Z,1,Tristian Gardner,SO/TR,3,177242
Coastal Carolina Chanticleers,offense,WR-Z,2,Goldie Lawrence,RS-JR/TR,5,80522
Coastal Carolina Chanticleers,offense,WR-Z,3,Trishstin Glass,RS-FR,80,173969
Coastal Carolina Chanticleers,offense,WR-SL,1,Robby Washington,RS-JR/TR,1,162094
Coastal Carolina Chanticleers,offense,WR-SL,2,Clayton Coppock Jr.,SO/TR,8,175381
Coastal Carolina Chanticleers,offense,WR-SL,3,Nathan Schuessler,RS-JR,82,166801
Coastal Carolina Chanticleers,offense,LT,1,Cristian Loaiza,RS-SR/TR,76,177255
Coastal Carolina Chanticleers,offense,LT,2,Daniel Jones,RS-SO,70,171735
Coastal Carolina Chanticleers,offense,LT,3,Johnathan Ashley,RS-JR/TR,77,178163
Coastal Carolina Chanticleers,offense,LG,1,Mason Barton,JR/TR,68,183392
Coastal Carolina Chanticleers,offense,LG,2,Gavin McLaughlin,RS-SO,55,171716
Coastal Carolina Chanticleers,offense,C,1,Apisa Poumele,RS-SR/TR,58,175206
Coastal Carolina Chanticleers,offense,C,2,Kain McDonald,SO,66,176279
Coastal Carolina Chanticleers,offense,RG,1,Joshua Daniel,RS-JR/TR,65,183396
Coastal Carolina Chanticleers,offense,RG,2,Dominic Rijos,RS-FR,72,176268
Coastal Carolina Chanticleers,offense,RT,1,Daughtry Richardson,RS-SR/TR,78,78900
Coastal Carolina Chanticleers,offense,RT,2,Tray Franklin,RS-SR/TR,56,176258
Coastal Carolina Chanticleers,offense,TE,1,Zach Courtney,RS-SR/TR,33,166777
Coastal Carolina Chanticleers,offense,TE,2,Jackson Kohl,RS-FR/TR,88,177249
Coastal Carolina Chanticleers,offense,TE,3,Cyrus Ellison,RS-SR/TR,9,183398
Coastal Carolina Chanticleers,offense,TE,4,Brown Reaves,SO,44,178171
Coastal Carolina Chanticleers,offense,TE,5,Bryson Wood,JR/TR,86,183426
Coastal Carolina Chanticleers,offense,QB,1,Deuce Bailey,RS-FR/TR,2,177229
Coastal Carolina Chanticleers,offense,QB,2,Tre Guerra,RS-JR/TR,4,183400
Coastal Carolina Chanticleers,offense,QB,3,Trever Jackson,RS-SO/TR,7,168154
Coastal Carolina Chanticleers,offense,QB,4,Osiris Lopez,FR,12,183411
Coastal Carolina Chanticleers,offense,QB,5,Luke McBride,FR,15,183413
Coastal Carolina Chanticleers,offense,RB,1,Dominic Lee-Knicely,SO,23,176264
Coastal Carolina Chanticleers,offense,RB,2,Jevon Edwards,SO,20,176257
Coastal Carolina Chanticleers,offense,RB,3,Joe Ober,RS-FR,28,178176
Coastal Carolina Chanticleers,offense,RB,4,Daelen Alexander,RS-JR/TR,26,166825
Coastal Carolina Chanticleers,offense,RB,5,Jaden Allen-Hendrix,RS-SO/TR,25,171342
Coastal Carolina Chanticleers,defense,LDE,1,Mitchell Toney,RS-JR/TR,50,177282
Coastal Carolina Chanticleers,defense,LDE,2,DJ Wesolak,RS-SR/TR,7,78829
Coastal Carolina Chanticleers,defense,LDE,3,Donovan Grayson,RS-JR/TR,94,166982
Coastal Carolina Chanticleers,defense,NT,1,Dezmond Barnes,SO/TR,98,177230
Coastal Carolina Chanticleers,defense,NT,2,Reggie Jean,RS-SR/TR,90,158658
Coastal Carolina Chanticleers,defense,DT,1,Ahmad Poole,RS-SR/TR,92,177269
Coastal Carolina Chanticleers,defense,DT,2,Nolan Korzeniowski,RS-SR/TR,95,183407
Coastal Carolina Chanticleers,defense,DT,3,Xzavier Booker,JR/TR,35,183393
Coastal Carolina Chanticleers,defense,RDE,1,Ibrahim Diawara,RS-SR/TR,1,171700
Coastal Carolina Chanticleers,defense,RDE,2,Chandavian Bradley,RS-JR/TR,0,160794
Coastal Carolina Chanticleers,defense,RDE,3,Obinna Onwuka,RS-SO/TR,93,168457
Coastal Carolina Chanticleers,defense,WLB,1,Se'Von McDowell,JR,19,171713
Coastal Carolina Chanticleers,defense,WLB,2,Wyatt Gedeon,RS-JR,34,160553
Coastal Carolina Chanticleers,defense,WLB,3,Jordan Thompson,RS-JR/TR,18,161089
Coastal Carolina Chanticleers,defense,MLB,1,Tray Brown,RS-SR,55,157172
Coastal Carolina Chanticleers,defense,MLB,2,Marcellius Pulliam,RS-JR/TR,4,162148
Coastal Carolina Chanticleers,defense,LCB,1,Gabe White,RS-JR/TR,8,183432
Coastal Carolina Chanticleers,defense,LCB,2,Damill Bostic Jr.,RS-SO/TR,5,183394
Coastal Carolina Chanticleers,defense,LCB,3,Chase Jackson,RS-SO,26,171732
Coastal Carolina Chanticleers,defense,SS,1,Dre Pinckney,GR,12,149811
Coastal Carolina Chanticleers,defense,SS,2,Chris Henry,RS-SO/TR,17,168466
Coastal Carolina Chanticleers,defense,FS,1,Jalen Lee,RS-SR/TR,6,183430
Coastal Carolina Chanticleers,defense,FS,2,Mason Moore,RS-SR/TR,15,158516
Coastal Carolina Chanticleers,defense,RCB,1,Ja'Marion Wayne,GR/TR,2,154308
Coastal Carolina Chanticleers,defense,RCB,2,Ryan Grayson,RS-FR/TR,3,177243
Coastal Carolina Chanticleers,defense,RCB,3,King White,RS-JR/TR,21,183425
Coastal Carolina Chanticleers,defense,NB,1,Myles Woods,JR,14,171728
Coastal Carolina Chanticleers,defense,NB,2,Kadon Crawford,RS-SO,45,171699
Coastal Carolina Chanticleers,defense,NB,3,Jesse Powell II,RS-SR/TR,16,183421
Coastal Carolina Chanticleers,special_teams,PT,1,Roland Podesta,RS-FR/TR,42,174290
Coastal Carolina Chanticleers,special_teams,PT,2,Andrew Ginsberg,SO/TR,84,183399
Coastal Carolina Chanticleers,special_teams,PK,1,Nico Cavanillas Alti,SR/TR,30,183391
Coastal Carolina Chanticleers,special_teams,PK,2,Daniel Porto,SR/TR,90,183420
Coastal Carolina Chanticleers,special_teams,KO,1,Nico Cavanillas Alti,SR/TR,30,183391
Coastal Carolina Chanticleers,special_teams,KO,2,Daniel Porto,SR/TR,90,183420
Coastal Carolina Chanticleers,special_teams,LS,1,Mitch Weisenborn,SO/TR,41,177284
Coastal Carolina Chanticleers,special_teams,LS,2,Gavin Carrick,RS-FR,46,178166
Coastal Carolina Chanticleers,special_teams,H,1,Roland Podesta,RS-FR/TR,42,174290
Coastal Carolina Chanticleers,special_teams,H,2,Andrew Ginsberg,SO/TR,84,183399
Coastal Carolina Chanticleers,special_teams,PR,1,Goldie Lawrence,RS-JR/TR,5,80522
Coastal Carolina Chanticleers,special_teams,PR,2,Robby Washington,RS-JR/TR,1,162094
Coastal Carolina Chanticleers,special_teams,KR,1,Goldie Lawrence,RS-JR/TR,5,80522
Coastal Carolina Chanticleers,special_teams,KR,2,Dominic Lee-Knicely,SO,23,176264
Coastal Carolina Chanticleers,special_teams,KR,3,Jevon Edwards,SO,20,176257
Colorado Buffaloes,offense,WR-X,1,DeAndre Moore Jr.,SR/TR,3,160430
Colorado Buffaloes,offense,WR-X,2,Hykeem Williams,SR/TR,5,160411
Colorado Buffaloes,offense,WR-Z,1,Joseph Williams,JR/TR,8,169796
Colorado Buffaloes,offense,WR-Z,2,Kam Perry,RS-SR/TR,7,152912
Colorado Buffaloes,offense,WR-Z,3,Quanell Farrakhan Jr.,SO,14,174418
Colorado Buffaloes,offense,WR-SL,1,Danny Scudero,SR/TR,18,175678
Colorado Buffaloes,offense,WR-SL,2,Ernest Campbell,RS-SO/TR,4,168751
Colorado Buffaloes,offense,WR-SL,3,Quentin Gibson,SO,6,174429
Colorado Buffaloes,offense,LT,1,Bo Hughley,RS-JR/TR,55,166921
Colorado Buffaloes,offense,LT,2,Jayven Richardson,RS-SR/TR,75,168875
Colorado Buffaloes,offense,LT,3,Andre Roye Jr.,RS-SR/TR,52,152939
Colorado Buffaloes,offense,LG,1,Yahya Attia,RS-SO,59,171893
Colorado Buffaloes,offense,LG,2,Taj White,RS-SR/TR,54,152967
Colorado Buffaloes,offense,LG,3,Chauncey Gooden,RS-FR,51,174420
Colorado Buffaloes,offense,C,1,Demetrius Hunter,GR/TR,58,154417
Colorado Buffaloes,offense,C,2,Sean Kinney,JR/TR,62,180192
Colorado Buffaloes,offense,RG,1,Jayvon McFadden,RS-FR/TR,71,173915
Colorado Buffaloes,offense,RG,2,Jose Soto,RS-JR/TR,73,180199
Colorado Buffaloes,offense,RT,1,Larry Johnson III,RS-SR/TR,53,160802
Colorado Buffaloes,offense,RT,2,Leon Bell,GR/TR,57,165264
Colorado Buffaloes,offense,RT,3,Phillip Houston,RS-SR/TR,56,156483
Colorado Buffaloes,offense,TE,1,Zach Atkins,RS-SR/TR,85,174415
Colorado Buffaloes,offense,TE,2,Fisher Clements,GR/TR,89,180186
Colorado Buffaloes,offense,TE,3,Corbin Laisure,RS-FR,88,174422
Colorado Buffaloes,offense,QB,1,Julian Lewis,RS-FR,10,174423
Colorado Buffaloes,offense,QB,2,Isaac Wilson,RS-SO/TR,16,169508
Colorado Buffaloes,offense,RB,1,Richard Young,RS-JR/TR,9,163451
Colorado Buffaloes,offense,RB,2,Micah Welch,JR,29,169392
Colorado Buffaloes,offense,RB,3,DeKalon Taylor,RS-SR/TR,20,176388
Colorado Buffaloes,offense,RB,4,Damian Henderson II,RS-JR/TR,26,163300
Colorado Buffaloes,defense,LDE,1,Immanuel Ezeogu,RS-SO/TR,52,171661
Colorado Buffaloes,defense,LDE,2,Toby Anene,RS-SR/TR,53,180184
Colorado Buffaloes,defense,LDE,3,Lamont Lester Jr.,RS-SO/TR,56,180193
Colorado Buffaloes,defense,NT,1,Dylan Manuel,JR/TR,99,178118
Colorado Buffaloes,defense,NT,2,Tyler Moore,JR/TR,90,178175
Colorado Buffaloes,defense,NT,3,Samu Taumanupepe,RS-JR/TR,88,160835
Colorado Buffaloes,defense,DT,1,Santana Hopper,RS-SR/TR,97,156359
Colorado Buffaloes,defense,DT,2,Sedrick Smith,RS-JR/TR,91,176437
Colorado Buffaloes,defense,RDE,1,Vili Taufatofua,RS-SR/TR,45,167501
Colorado Buffaloes,defense,RDE,2,Balansama Kamara,RS-SR/TR,96,73710
Colorado Buffaloes,defense,RDE,3,Yamil Talib,RS-SO/TR,95,171356
Colorado Buffaloes,defense,WLB,1,Liona Lefau,SR/TR,17,160426
Colorado Buffaloes,defense,WLB,2,Carson Crawford,FR,51,180188
Colorado Buffaloes,defense,WLB,3,Colby Johnson,FR,40,180205
Colorado Buffaloes,defense,MLB,1,Gideon Lampron,RS-SR/TR,44,175112
Colorado Buffaloes,defense,MLB,2,Tyler Martinez,RS-SR/TR,35,164624
Colorado Buffaloes,defense,MLB,3,Rodney Colton Jr.,FR,50,180187
Colorado Buffaloes,defense,LCB,1,Cree Thomas,RS-FR/TR,20,175623
Colorado Buffaloes,defense,LCB,2,RJ Johnson,RS-JR/TR,5,160663
Colorado Buffaloes,defense,LCB,3,Jason Stokes Jr.,SO/TR,13,174830
Colorado Buffaloes,defense,LCB,4,Mojo Williams Jr.,FR,25,180203
Colorado Buffaloes,defense,SS,1,Randon Fontenette,SR/TR,7,168366
Colorado Buffaloes,defense,SS,2,Ben Finneseth,RS-SR,28,151151
Colorado Buffaloes,defense,FS,1,Naeten Mitchell,RS-JR/TR,4,166183
Colorado Buffaloes,defense,FS,2,Jaydan Hardy,JR/TR,9,169306
Colorado Buffaloes,defense,FS,3,Jah Jah Boyd,RS-SO/TR,15,171024
Colorado Buffaloes,defense,RCB,1,Justin Eaglin,RS-SR/TR,30,158913
Colorado Buffaloes,defense,RCB,2,Emory Floyd,RS-SR/TR,8,153682
Colorado Buffaloes,defense,RCB,3,Makari Vickers,RS-JR/TR,10,160272
Colorado Buffaloes,defense,RCB,4,Braylon Edwards,FR,26,180189
Colorado Buffaloes,defense,NB,1,Boo Carter,JR/TR,6,169166
Colorado Buffaloes,defense,NB,2,Paul Omodia,RS-JR/TR,18,180195
Colorado Buffaloes,special_teams,PT,1,Damon Greaves,SR/TR,35,163900
Colorado Buffaloes,special_teams,PT,2,Daniel Gerlach,RS-JR/TR,38,170299
Colorado Buffaloes,special_teams,PK,1,Elliot Arnold,RS-FR,46,176393
Colorado Buffaloes,special_teams,KO,1,Elliot Arnold,RS-FR,46,176393
Colorado Buffaloes,special_teams,LS,1,Trey Young,SO/TR,50,180204
Colorado Buffaloes,special_teams,LS,2,Aiden DeCorte,RS-JR/TR,61,166659
Colorado Buffaloes,special_teams,LS,3,Luke Whiting,RS-JR/TR,45,171765
Colorado Buffaloes,special_teams,H,1,Damon Greaves,SR/TR,35,163900
Colorado Buffaloes,special_teams,H,2,Daniel Gerlach,RS-JR/TR,38,170299
Colorado Buffaloes,special_teams,PR,1,Quanell Farrakhan Jr.,SO,14,174418
Colorado Buffaloes,special_teams,PR,2,Quentin Gibson,SO,6,174429
Colorado Buffaloes,special_teams,KR,1,Quentin Gibson,SO,6,174429
Colorado Buffaloes,special_teams,KR,2,Kaleb Mathis,RS-JR,13,161158
Colorado State Rams,offense,WR-X,1,Jordan Mosley,GR/TR,9,153259
Colorado State Rams,offense,WR-X,2,Kojo Antwi,RS-SR/TR,80,157298
Colorado State Rams,offense,WR-X,3,Troy Foster,FR,81,180804
Colorado State Rams,offense,WR-Z,1,RJ Vick,RS-SR/TR,0,173974
Colorado State Rams,offense,WR-Z,2,Lavon Brown,RS-JR,4,163692
Colorado State Rams,offense,WR-Z,3,Makih Johnson,RS-FR/TR,22,178689
Colorado State Rams,offense,WR-SL,1,Terrence Smith Jr.,RS-SO/TR,15,172286
Colorado State Rams,offense,WR-SL,2,Tommy Maher,JR,10,173235
Colorado State Rams,offense,WR-SL,3,Jackson Harper,RS-JR/TR,6,163107
Colorado State Rams,offense,LT,1,Payton Stewart,RS-SO/TR,74,172028
Colorado State Rams,offense,LT,2,Toriyan Johnson,RS-JR/TR,76,166587
Colorado State Rams,offense,LT,3,Kentez Allen,RS-FR,52,178263
Colorado State Rams,offense,LG,1,Jayden Tuia,RS-SO/TR,50,173179
Colorado State Rams,offense,LG,2,Zach Smith,RS-SO,71,173245
Colorado State Rams,offense,C,1,Phillip Ocon,RS-SO,65,173240
Colorado State Rams,offense,C,2,Braden Hales,RS-SO,73,173229
Colorado State Rams,offense,RG,1,Diego Rodriguez,RS-SO/TR,61,170078
Colorado State Rams,offense,RG,2,Berlin Lillard,RS-SO,70,173233
Colorado State Rams,offense,RT,1,Quinton Harris,RS-SR/TR,54,154017
Colorado State Rams,offense,RT,2,John Holthaus,RS-SO,63,173232
Colorado State Rams,offense,TE,1,Juice Vereen,RS-JR/TR,5,160583
Colorado State Rams,offense,TE,2,Dominic Toy,RS-SO/TR,30,172287
Colorado State Rams,offense,TE,3,Nader Chirchi,RS-JR/TR,88,166579
Colorado State Rams,offense,TE,4,Pearce Spurlin III,RS-SO/TR,18,160011
Colorado State Rams,offense,QB,1,Hauss Hejny,RS-SO/TR,8,169399
Colorado State Rams,offense,QB,2,K'saan Farrar,RS-FR/TR,2,175687
Colorado State Rams,offense,QB,3,Darius Curry,RS-SO,3,170103
Colorado State Rams,offense,RB,1,Mel Brown,RS-SR/TR,1,170077
Colorado State Rams,offense,RB,2,Oliver Lundberg,RS-SO/TR,44,170070
Colorado State Rams,offense,RB,3,Durell Robinson,RS-JR/TR,11,79138
Colorado State Rams,defense,DE,1,Stephon Wright,GR/TR,9,65690
Colorado State Rams,defense,DE,2,Brandon Kelley,RS-JR/TR,10,166589
Colorado State Rams,defense,DE,3,Mukendi Wa-Kalonji,GR,92,147702
Colorado State Rams,defense,NT,1,Robby Harrison,RS-SR/TR,93,163530
Colorado State Rams,defense,NT,2,Alton Tarber IV,RS-JR/TR,94,73141
Colorado State Rams,defense,NT,3,Keegan Shank,RS-SO,90,173241
Colorado State Rams,defense,DT,1,Jack Moran,RS-SO,77,173248
Colorado State Rams,defense,DT,2,Gabe Jones,RS-JR/TR,95,166178
Colorado State Rams,defense,DT,3,Cleto Chol,RS-JR/TR,52,166580
Colorado State Rams,defense,JACK,1,Kenyon Agurs,RS-JR,56,163689
Colorado State Rams,defense,JACK,2,Khamani Potts,RS-JR/TR,11,180815
Colorado State Rams,defense,JACK,3,Nykobi Brown,RS-FR/TR,19,175685
Colorado State Rams,defense,WLB,1,Jaseim Mitchell,GR,23,155160
Colorado State Rams,defense,WLB,2,Marc Pretto,RS-SR/TR,28,170431
Colorado State Rams,defense,WLB,3,Caleb Otlewski,RS-JR/TR,45,166005
Colorado State Rams,defense,MLB,1,Oumar Diomande,RS-JR/TR,2,166582
Colorado State Rams,defense,MLB,2,Antarron Turner,RS-SR/TR,8,174304
Colorado State Rams,defense,MLB,3,Jaylen King,FR,27,180830
Colorado State Rams,defense,LCB,1,Caleb Presley,RS-JR/TR,0,160211
Colorado State Rams,defense,LCB,2,Richard Mosley III,RS-JR/TR,1,180814
Colorado State Rams,defense,LCB,3,Elijah Brown,JR/TR,6,176331
Colorado State Rams,defense,SS,1,Jace Bellah,RS-SR,12,158330
Colorado State Rams,defense,SS,2,AJ Noland,RS-SO,18,173239
Colorado State Rams,defense,SS,3,Jermaine Santana-Diaz,FR,25,180818
Colorado State Rams,defense,FS,1,Elijah Mc-Cantos,RS-SR/TR,13,152820
Colorado State Rams,defense,FS,2,Tre'Shawn Moore,JR/TR,15,180813
Colorado State Rams,defense,FS,3,Dagan Myers,RS-SO,3,173238
Colorado State Rams,defense,RCB,1,Jordan Lessard,SR/TR,7,180808
Colorado State Rams,defense,RCB,2,CJ Blocker,RS-JR/TR,17,166292
Colorado State Rams,defense,NB,1,Dylan Phelps,RS-JR,4,163706
Colorado State Rams,defense,NB,2,D'Angelo Hagans Jr.,SO,5,178269
Colorado State Rams,special_teams,PT,1,Cavan Craig,RS-SO/TR,99,180799
Colorado State Rams,special_teams,PT,2,Nathan Sutcliffe,RS-SO,39,176125
Colorado State Rams,special_teams,PK,1,Kali Nguma,RS-JR/TR,40,166273
Colorado State Rams,special_teams,PK,2,Casey Carr,RS-FR,36,178265
Colorado State Rams,special_teams,KO,1,Kali Nguma,RS-JR/TR,40,166273
Colorado State Rams,special_teams,KO,2,Casey Carr,RS-FR,36,178265
Colorado State Rams,special_teams,LS,1,Walker Himebauch,SR/TR,56,165292
Colorado State Rams,special_teams,LS,2,Declan McKernan,FR,42,180811
Colorado State Rams,special_teams,H,1,Cavan Craig,RS-SO/TR,99,180799
Colorado State Rams,special_teams,H,2,Nathan Sutcliffe,RS-SO,39,176125
Colorado State Rams,special_teams,PR,1,Jackson Harper,RS-JR/TR,6,163107
Colorado State Rams,special_teams,KR,1,Mel Brown,RS-SR/TR,1,170077
Colorado State Rams,special_teams,KR,2,Terrence Smith Jr.,RS-SO/TR,15,172286
Connecticut Huskies,offense,WR-X,1,Shamar Porter,RS-JR/TR,5,167563
Connecticut Huskies,offense,WR-X,2,Zy'marion Lang,RS-SO/TR,8,170406
Connecticut Huskies,offense,WR-X,3,Javon Brown,RS-SO/TR,19,173121
Connecticut Huskies,offense,WR-X,4,Kamren Flowers,RS-FR/TR,16,178039
Connecticut Huskies,offense,WR-X,5,Logan Barnes,FR,81,182253
Connecticut Huskies,offense,WR-Z,1,Ryder Treadway,SO/TR,11,178050
Connecticut Huskies,offense,WR-Z,2,Cam Abshire,RS-SR/TR,14,176857
Connecticut Huskies,offense,WR-Z,3,Emanuel Ross,RS-SO/TR,18,172463
Connecticut Huskies,offense,WR-Z,4,Drew Kron,RS-JR,85,175691
Connecticut Huskies,offense,WR-SL,1,Ky Wilson,SR/TR,0,182264
Connecticut Huskies,offense,WR-SL,2,JD Willoughby,RS-JR/TR,2,164340
Connecticut Huskies,offense,WR-SL,3,Julian Allen,RS-JR/TR,9,164344
Connecticut Huskies,offense,WR-SL,4,Teddy Williams,RS-JR,17,163111
Connecticut Huskies,offense,WR-SL,5,Daniel Rose,RS-FR,25,178703
Connecticut Huskies,offense,LT,1,Hannes Hammer,RS-JR/TR,67,160158
Connecticut Huskies,offense,LT,2,Dominic Rivera,RS-JR/TR,76,165950
Connecticut Huskies,offense,LT,3,Isiah Switzer,RS-FR/TR,78,178048
Connecticut Huskies,offense,LG,1,Tamarus Walker,RS-JR/TR,56,164472
Connecticut Huskies,offense,LG,2,Fred Johnson,RS-SO/TR,55,170561
Connecticut Huskies,offense,LG,3,Hill Greenlee,RS-FR,75,175690
Connecticut Huskies,offense,C,1,Terrence Moore,RS-SR/TR,58,147485
Connecticut Huskies,offense,C,2,Deron McLaughlin,RS-SO,52,172284
Connecticut Huskies,offense,RG,1,Ty Chan,RS-SR/TR,69,155579
Connecticut Huskies,offense,RG,2,Raphael Greene-Nyarko,RS-FR/TR,73,174918
Connecticut Huskies,offense,RG,3,Ben Mulholland,RS-SO/TR,62,182258
Connecticut Huskies,offense,RT,1,Christian Richter,RS-SR/TR,79,170245
Connecticut Huskies,offense,RT,2,Nathan Pahanich,RS-FR/TR,74,173971
Connecticut Huskies,offense,RT,3,Joe McGann,RS-FR,51,175692
Connecticut Huskies,offense,TE,1,Matt Ragan,RS-SR/TR,86,153443
Connecticut Huskies,offense,TE,2,Alex Godavitarne,RS-SR/TR,80,182254
Connecticut Huskies,offense,TE,3,Mike Burton,RS-SR/TR,42,178684
Connecticut Huskies,offense,TE,4,Xavier Watson,RS-FR,83,175696
Connecticut Huskies,offense,TE,5,Clemens Richter,RS-SO,87,170072
Connecticut Huskies,offense,QB,1,Jake Merklinger,RS-SO/TR,4,169172
Connecticut Huskies,offense,QB,2,Kalieb Osborne,RS-SO/TR,7,170409
Connecticut Huskies,offense,QB,3,Tucker McDonald,RS-JR,12,163108
Connecticut Huskies,offense,QB,4,Tyler Smith,RS-FR,15,178704
Connecticut Huskies,offense,QB,5,Bo Polston,FR,13,182259
Connecticut Huskies,offense,RB,1,Kenji Christian,RS-SR/TR,3,75777
Connecticut Huskies,offense,RB,2,Cyncir Bowers,JR/TR,23,176517
Connecticut Huskies,offense,RB,3,Trey Cornist,RS-JR/TR,6,163629
Connecticut Huskies,offense,RB,4,Dashun Reeder,RS-SO/TR,24,167789
Connecticut Huskies,offense,RB,5,Jaden Hart,JR/TR,22,169256
Connecticut Huskies,defense,LDE,1,Avery Dunn,RS-SR/TR,11,139833
Connecticut Huskies,defense,LDE,2,Anas Luqman,RS-SR/TR,15,175910
Connecticut Huskies,defense,LDE,3,Shamar Riser-Pressley,RS-SO/TR,17,173105
Connecticut Huskies,defense,LDE,4,Odera Orizu,RS-JR/TR,25,166220
Connecticut Huskies,defense,LDT,1,Esean Carter,RS-SR/TR,3,151759
Connecticut Huskies,defense,LDT,2,Tahjae Mullix,RS-SR/TR,2,174034
Connecticut Huskies,defense,RDT,1,Melvin Hills III,RS-SO/TR,95,171325
Connecticut Huskies,defense,RDT,2,Andrew Laurich,RS-JR/TR,55,163700
Connecticut Huskies,defense,RDT,3,Desmond Aladuge,RS-JR/TR,14,161612
Connecticut Huskies,defense,RDE,1,Joshua Mickens,RS-JR/TR,52,161021
Connecticut Huskies,defense,RDE,2,Matt Hoffman,RS-SR,94,159015
Connecticut Huskies,defense,RDE,3,Zakaih Saez,RS-JR/TR,9,160238
Connecticut Huskies,defense,RDE,4,Chamberlain Campbell,RS-JR/TR,97,164486
Connecticut Huskies,defense,WLB,1,K'Von Sherman,SR/TR,0,170411
Connecticut Huskies,defense,WLB,2,Rickey Williams,RS-SO/TR,5,168474
Connecticut Huskies,defense,WLB,3,Kylish Hicks,RS-SR,18,159014
Connecticut Huskies,defense,MLB,1,John Lista,RS-SR/TR,44,182263
Connecticut Huskies,defense,MLB,2,Luke Murphy,RS-SR/TR,20,78431
Connecticut Huskies,defense,MLB,3,Ethan Hogg,RS-SO,19,172282
Connecticut Huskies,defense,LCB,1,Moussa Kane,RS-JR/TR,16,161624
Connecticut Huskies,defense,LCB,2,Ty McKinstry,JR/TR,7,170421
Connecticut Huskies,defense,SS,1,Jayden Davis,RS-SR/TR,10,156711
Connecticut Huskies,defense,SS,2,Jayden Price,RS-FR/TR,13,178043
Connecticut Huskies,defense,SS,3,Saxton Suchanic,RS-FR,12,175694
Connecticut Huskies,defense,FS,1,Braedyn Moore,RS-JR/TR,4,162421
Connecticut Huskies,defense,FS,2,Steve Miller,RS-FR/TR,23,175741
Connecticut Huskies,defense,FS,3,Axavier Bridges-Brooks,RS-FR,22,175684
Connecticut Huskies,defense,RCB,1,Zion Paret,SO/TR,24,174986
Connecticut Huskies,defense,RCB,2,Renick Dorilas,RS-FR/TR,6,175749
Connecticut Huskies,defense,NB,1,Tracy Revels,RS-JR/TR,21,164359
Connecticut Huskies,defense,NB,2,Jalil Martin,RS-SR/TR,22,163870
Connecticut Huskies,special_teams,PT,1,Tommy Warner,SO/TR,49,182260
Connecticut Huskies,special_teams,PT,2,Spencer Sullins,RS-SO/TR,35,171834
Connecticut Huskies,special_teams,PK,1,Mike Baker,RS-SO/TR,89,170694
Connecticut Huskies,special_teams,KO,1,Mike Baker,RS-SO/TR,89,170694
Connecticut Huskies,special_teams,LS,1,David LaGanga,RS-SR/TR,59,175015
Connecticut Huskies,special_teams,LS,2,Tashi Crofut,RS-SO/TR,24,176248
Connecticut Huskies,special_teams,H,1,Tommy Warner,SO/TR,49,182260
Connecticut Huskies,special_teams,H,2,Spencer Sullins,RS-SO/TR,35,171834
Connecticut Huskies,special_teams,PR,1,Julian Allen,RS-JR/TR,9,164344
Connecticut Huskies,special_teams,KR,1,Ky Wilson,SR/TR,0,182264
Connecticut Huskies,special_teams,KR,2,Zy'marion Lang,RS-SO/TR,8,170406
Delaware Fightin' Blue Hens,offense,WR-X,1,Da'Wain Lofton,GR/TR,5,80432
Delaware Fightin' Blue Hens,offense,WR-X,2,Donovan Lewis,RS-JR,14,177194
Delaware Fightin' Blue Hens,offense,WR-X,3,Calvin Thomas,RS-FR,83,177226
Delaware Fightin' Blue Hens,offense,WR-Z,1,Sean Wilson,RS-SO,18,177197
Delaware Fightin' Blue Hens,offense,WR-Z,2,Brandon Rehmann,RS-SO/TR,1,168469
Delaware Fightin' Blue Hens,offense,WR-SL,1,Bryson Graves,SR/TR,0,164640
Delaware Fightin' Blue Hens,offense,WR-SL,2,Nick Tyree,RS-SO,6,177182
Delaware Fightin' Blue Hens,offense,LT,1,Noah Rosahac,RS-SO/TR,75,169261
Delaware Fightin' Blue Hens,offense,LT,2,Dylan Stewart,RS-FR,55,177223
Delaware Fightin' Blue Hens,offense,LG,1,Mustafa Kanneh,RS-SR/TR,67,181286
Delaware Fightin' Blue Hens,offense,LG,2,Tyler Burnham,RS-SO,74,177115
Delaware Fightin' Blue Hens,offense,C,1,Steven Demboski,GR,61,177127
Delaware Fightin' Blue Hens,offense,C,2,Patrick Methlie,GR/TR,59,177213
Delaware Fightin' Blue Hens,offense,RG,1,Anthony Caccese,RS-JR,62,177116
Delaware Fightin' Blue Hens,offense,RG,2,Wahkeem Roman,GR/TR,65,177162
Delaware Fightin' Blue Hens,offense,RT,1,Jack Small,RS-SO/TR,77,170688
Delaware Fightin' Blue Hens,offense,RT,2,Carter Sareyka,RS-SO,60,177165
Delaware Fightin' Blue Hens,offense,TE,1,Elijah Sessoms,GR,88,177169
Delaware Fightin' Blue Hens,offense,TE,2,Scott Moore,SO,40,177214
Delaware Fightin' Blue Hens,offense,TE,3,Josh Humes,SR/TR,12,176263
Delaware Fightin' Blue Hens,offense,TE,4,Jackson Whitacre,RS-SO,85,177187
Delaware Fightin' Blue Hens,offense,QB,1,Nick Minicucci,SR,4,177148
Delaware Fightin' Blue Hens,offense,QB,2,Braden Streeter,RS-SO,16,177178
Delaware Fightin' Blue Hens,offense,QB,3,Riley Trujillo,RS-SO/TR,2,169368
Delaware Fightin' Blue Hens,offense,QB,4,EJ Archield Jr.,RS-FR,11,177199
Delaware Fightin' Blue Hens,offense,RB,1,Jo Silver,GR,27,177196
Delaware Fightin' Blue Hens,offense,RB,2,Viron Ellison Jr.,JR/TR,21,169768
Delaware Fightin' Blue Hens,offense,RB,3,Kaderris Roberts,RS-SR/TR,3,178384
Delaware Fightin' Blue Hens,offense,RB,4,Greg Spiller,RS-SO,26,177175
Delaware Fightin' Blue Hens,defense,LDE,1,Noah Matthews,GR/TR,13,153334
Delaware Fightin' Blue Hens,defense,LDE,2,Kaeden Singleton,RS-SO,44,177173
Delaware Fightin' Blue Hens,defense,LDE,3,Q'yaeir Price,GR/TR,0,80455
Delaware Fightin' Blue Hens,defense,NT,1,Dominick Brogna,GR,52,177113
Delaware Fightin' Blue Hens,defense,NT,2,Dylan Mann,RS-JR/TR,96,170264
Delaware Fightin' Blue Hens,defense,RDE,1,Brandon Gorham,SO,3,177205
Delaware Fightin' Blue Hens,defense,RDE,2,Trace Scott III,RS-SO,33,177166
Delaware Fightin' Blue Hens,defense,RDE,3,James Steel,RS-FR/TR,14,177110
Delaware Fightin' Blue Hens,defense,WLB,1,Colin Gallagher,RS-SO,9,177131
Delaware Fightin' Blue Hens,defense,WLB,2,Julius Puryear,RS-FR,46,177217
Delaware Fightin' Blue Hens,defense,MLB,1,Gavin Moul,SR,35,177149
Delaware Fightin' Blue Hens,defense,MLB,2,Jawarren Corbin,RS-JR/TR,11,177201
Delaware Fightin' Blue Hens,defense,SLB,1,Blake Matthews,GR/TR,10,79210
Delaware Fightin' Blue Hens,defense,SLB,2,Jalen Bell,JR/TR,20,181305
Delaware Fightin' Blue Hens,defense,LCB,1,Jamarion Kolagbodi,SO,18,177209
Delaware Fightin' Blue Hens,defense,LCB,2,Jaquise Alexander,RS-SR/TR,8,181280
Delaware Fightin' Blue Hens,defense,SS,1,Kahlil Ali,RS-JR/TR,2,165847
Delaware Fightin' Blue Hens,defense,SS,2,Nasir Eatmon,SO,36,177203
Delaware Fightin' Blue Hens,defense,FS,1,KT Seay,SR,7,177167
Delaware Fightin' Blue Hens,defense,FS,2,George Mullins,RS-FR/TR,29,174383
Delaware Fightin' Blue Hens,defense,RCB,1,Kshawn Cox Jr.,RS-JR,6,177123
Delaware Fightin' Blue Hens,defense,NB,1,Noah Jefferson,SO,16,177224
Delaware Fightin' Blue Hens,special_teams,PT,1,Josh Cupitt,GR/TR,39,177125
Delaware Fightin' Blue Hens,special_teams,PK,1,Tucker Smack,SR/TR,31,181299
Delaware Fightin' Blue Hens,special_teams,PK,2,Kason Mullis,FR,92,181294
Delaware Fightin' Blue Hens,special_teams,KO,1,Tucker Smack,SR/TR,31,181299
Delaware Fightin' Blue Hens,special_teams,KO,2,Kason Mullis,FR,92,181294
Delaware Fightin' Blue Hens,special_teams,LS,1,Maddox Sills,SO,49,177221
Delaware Fightin' Blue Hens,special_teams,H,1,Josh Cupitt,GR/TR,39,177125
Delaware Fightin' Blue Hens,special_teams,PR,1,Bryson Graves,SR/TR,0,164640
Delaware Fightin' Blue Hens,special_teams,KR,1,Kaderris Roberts,RS-SR/TR,3,178384
Delaware Fightin' Blue Hens,special_teams,KR,2,Brandon Rehmann,RS-SO/TR,1,168469
Duke Blue Devils,offense,WR-X,1,Jared Richardson,GR/TR,17,180318
Duke Blue Devils,offense,WR-X,2,Kavon Simmons,RS-FR,7,174280
Duke Blue Devils,offense,WR-X,3,Brody Keefe,FR,18,180309
Duke Blue Devils,offense,WR-Z,1,Jaivon Solomon,RS-FR,4,174281
Duke Blue Devils,offense,WR-Z,2,Jamien Little,RS-FR,1,174272
Duke Blue Devils,offense,WR-Z,3,Paxon Kettering,RS-SO,88,171268
Duke Blue Devils,offense,WR-SL,1,Javen Nicholas,GR/TR,5,155933
Duke Blue Devils,offense,WR-SL,2,Jayden Moore,RS-SO,8,169271
Duke Blue Devils,offense,WR-SL,3,Qeanu Johnson,RS-FR,21,174267
Duke Blue Devils,offense,LT,1,Nick Del Grande,GR/TR,56,154894
Duke Blue Devils,offense,LT,2,Caleb Dorris,RS-JR,66,161619
Duke Blue Devils,offense,LT,3,Roman Fina,RS-FR,79,174263
Duke Blue Devils,offense,LG,1,Jordan Larsen,RS-SR/TR,64,176874
Duke Blue Devils,offense,LG,2,Micah Sahakian,GR/TR,75,171275
Duke Blue Devils,offense,LG,3,Reagan McCranie,RS-JR,74,161626
Duke Blue Devils,offense,C,1,Matt Craycraft,RS-SR,72,156889
Duke Blue Devils,offense,C,2,Ryan Daly,RS-SO,55,171279
Duke Blue Devils,offense,C,3,Sean Stover,FR,60,180314
Duke Blue Devils,offense,RG,1,Bradley Smith,RS-SO,63,170689
Duke Blue Devils,offense,RG,2,Gemyel Allen,RS-SO,76,170685
Duke Blue Devils,offense,RT,1,Braden Miller,GR/TR,77,157330
Duke Blue Devils,offense,RT,2,Cole Allen,RS-FR,62,174284
Duke Blue Devils,offense,TE,1,Jeremiah Hasley,RS-SR,85,156890
Duke Blue Devils,offense,TE,2,Nate Kurisky,GR/TR,44,155957
Duke Blue Devils,offense,TE,3,Jake Taylor,RS-SR,15,156896
Duke Blue Devils,offense,QB,1,Walker Eget,GR/TR,2,151550
Duke Blue Devils,offense,QB,2,Dan Mahan,RS-FR,10,174273
Duke Blue Devils,offense,QB,3,Terry Walker III,FR,13,180316
Duke Blue Devils,offense,RB,1,Nate Sheppard,SO,20,174279
Duke Blue Devils,offense,RB,2,CJ Campbell,GR/TR,0,78902
Duke Blue Devils,offense,RB,3,Wilhelm Daal II,GR/TR,24,180317
Duke Blue Devils,offense,RB,4,CJ Givers,FR,26,180308
Duke Blue Devils,offense,RB,5,Jayvian Tanelus,FR,22,180315
Duke Blue Devils,defense,LDE,1,Kevin O'Connor,RS-JR,15,161628
Duke Blue Devils,defense,LDE,2,Bryce Davis,SO,12,174285
Duke Blue Devils,defense,LDE,3,Sampson Onuoha,RS-FR,93,174274
Duke Blue Devils,defense,LDT,1,Owen Wafle,RS-SO/TR,91,170987
Duke Blue Devils,defense,LDT,2,Dakota Quiñonez,GR/TR,99,180312
Duke Blue Devils,defense,LDT,3,Julius Columbus,RS-FR,55,174261
Duke Blue Devils,defense,RDT,1,Preston Watson,JR,95,169276
Duke Blue Devils,defense,RDT,2,David Anderson,RS-JR,44,161613
Duke Blue Devils,defense,RDT,3,Bariate Kara,RS-FR,88,174269
Duke Blue Devils,defense,RDE,1,Tyshon Reed Jr.,JR,10,169273
Duke Blue Devils,defense,RDE,2,Semaj Turner,RS-JR,43,161632
Duke Blue Devils,defense,RDE,3,Kobe Smith,RS-SO,18,170693
Duke Blue Devils,defense,WLB,1,Nick Morris Jr.,GR,7,146911
Duke Blue Devils,defense,WLB,2,Kendall Johnson,RS-JR,42,161636
Duke Blue Devils,defense,WLB,3,Will Felder Jr.,RS-FR,30,174262
Duke Blue Devils,defense,MLB,1,Luke Mergott,RS-JR,34,161627
Duke Blue Devils,defense,MLB,2,Bradley Gompers,SO,24,174264
Duke Blue Devils,defense,MLB,3,Elliott Schaper,SO,31,174277
Duke Blue Devils,defense,LCB,1,Kimari Robinson,RS-JR,5,161629
Duke Blue Devils,defense,LCB,2,Dylan Flowers,GR/TR,0,165136
Duke Blue Devils,defense,LCB,3,Evan Smith,GR/TR,4,156814
Duke Blue Devils,defense,SS,1,Andrew Pellicciotta,SO,35,174275
Duke Blue Devils,defense,SS,2,Patrick Smith-Young,GR/TR,2,79633
Duke Blue Devils,defense,FS,1,DaShawn Stone,RS-JR,8,161631
Duke Blue Devils,defense,FS,2,Leon Griffin III,RS-JR,6,161621
Duke Blue Devils,defense,RCB,1,Landan Callahan,RS-SO,3,169267
Duke Blue Devils,defense,RCB,2,Kyon Loud,RS-SO/TR,1,180310
Duke Blue Devils,defense,NB,1,Ché Ojarikre,RS-JR/TR,9,161226
Duke Blue Devils,defense,NB,2,Kaleb Lanier,RS-FR,28,174271
Duke Blue Devils,special_teams,PT,1,Kade Reynoldson,JR,41,169274
Duke Blue Devils,special_teams,PK,1,Cosme Salas,RS-SO,39,171276
Duke Blue Devils,special_teams,PK,2,Ashton Zamani,RS-FR,38,178577
Duke Blue Devils,special_teams,PK,3,Mika Levy,RS-FR/TR,31,181984
Duke Blue Devils,special_teams,KO,1,Cosme Salas,RS-SO,39,171276
Duke Blue Devils,special_teams,KO,2,Ashton Zamani,RS-FR,38,178577
Duke Blue Devils,special_teams,KO,3,Mika Levy,RS-FR/TR,31,181984
Duke Blue Devils,special_teams,LS,1,Jack Yates,RS-SR,27,157419
Duke Blue Devils,special_teams,LS,2,Jack Ronilo,RS-JR,49,166534
Duke Blue Devils,special_teams,LS,3,Jake Fitzgerald,GR/TR,52,177945
Duke Blue Devils,special_teams,H,1,Kade Reynoldson,JR,41,169274
Duke Blue Devils,special_teams,PR,1,Jayden Moore,RS-SO,8,169271
Duke Blue Devils,special_teams,PR,2,Javen Nicholas,GR/TR,5,155933
Duke Blue Devils,special_teams,KR,1,Jayden Moore,RS-SO,8,169271
Duke Blue Devils,special_teams,KR,2,Nate Sheppard,SO,20,174279
East Carolina Pirates,offense,WR-X,1,Landon Sides,SR/TR,7,166274
East Carolina Pirates,offense,WR-X,2,Tyler Johnson,RS-SR/TR,2,152715
East Carolina Pirates,offense,WR-X,3,Dillon Lorick,RS-SO,14,173470
East Carolina Pirates,offense,WR-Z,1,Brock Spalding,RS-SR,10,155528
East Carolina Pirates,offense,WR-Z,2,Jeremiah Melvin,RS-SO/TR,11,168583
East Carolina Pirates,offense,WR-Z,3,Ja'Keith Hamilton,RS-JR/TR,15,180953
East Carolina Pirates,offense,WR-SL,1,Ray Ray Joseph Jr.,RS-JR/TR,1,160372
East Carolina Pirates,offense,WR-SL,2,Jaquaize Pettaway,SR/TR,19,160267
East Carolina Pirates,offense,WR-SL,3,Kyler Pearson,RS-SR/TR,0,69497
East Carolina Pirates,offense,LT,1,Marleo Neolien,RS-JR,66,160966
East Carolina Pirates,offense,LT,2,Zach Caulder,RS-SR/TR,52,176840
East Carolina Pirates,offense,LG,1,Bryce Weaver,RS-JR,71,163357
East Carolina Pirates,offense,LG,2,Kendall Walton,RS-FR,69,176852
East Carolina Pirates,offense,LG,3,Tre Hardison,RS-SR,68,157660
East Carolina Pirates,offense,C,1,Brandon Best,RS-SR/TR,58,153968
East Carolina Pirates,offense,C,2,Jeremiah Williams,RS-JR/TR,74,176854
East Carolina Pirates,offense,RG,1,Ethan Kramer,RS-SR/TR,55,180956
East Carolina Pirates,offense,RT,1,Hayes Creel,RS-SR/TR,75,176158
East Carolina Pirates,offense,TE,1,Kanen Hamlett,RS-SR/TR,6,156356
East Carolina Pirates,offense,TE,2,Ismael Smith Flores,RS-JR/TR,8,162158
East Carolina Pirates,offense,TE,3,Mason Brown,RS-JR,45,166230
East Carolina Pirates,offense,QB,1,Mitch Griffis,RS-SR/TR,12,79496
East Carolina Pirates,offense,QB,2,Emory Williams,RS-JR/TR,9,162096
East Carolina Pirates,offense,QB,3,Cole Hodge,RS-FR,7,174949
East Carolina Pirates,offense,QB,4,Trey Burke,FR,13,180949
East Carolina Pirates,offense,RB,1,Ashton Gray,RS-SO/TR,3,170582
East Carolina Pirates,offense,RB,2,Michael Allen,RS-SR/TR,21,78486
East Carolina Pirates,offense,RB,3,TJ Engleman Jr.,RS-SO,4,168827
East Carolina Pirates,offense,RB,4,DeJuan Lacy,RS-SO/TR,5,174952
East Carolina Pirates,defense,DE,1,Jasiyah Robinson,RS-SR/TR,0,151393
East Carolina Pirates,defense,DE,2,Kieran Davis,RS-JR,5,163356
East Carolina Pirates,defense,DE,3,Evan Powell,RS-FR,50,176850
East Carolina Pirates,defense,DE,4,Jacoby Martin,RS-SO,97,173471
East Carolina Pirates,defense,NT,1,Preston Carr,RS-SR,44,157654
East Carolina Pirates,defense,NT,2,Javon Williams,RS-SO,94,173485
East Carolina Pirates,defense,NT,3,Dominick Moody,RS-FR,55,176849
East Carolina Pirates,defense,DT,1,Rion Roseborough,RS-JR/TR,88,174958
East Carolina Pirates,defense,DT,2,Torin Brazell,RS-SO,98,173459
East Carolina Pirates,defense,DT,3,Josiah Dwyer,RS-FR,90,174948
East Carolina Pirates,defense,RUSH,1,Julien Davis,RS-JR,42,163460
East Carolina Pirates,defense,RUSH,2,Kendrick DuJour,RS-SR/TR,9,170660
East Carolina Pirates,defense,RUSH,3,Landon Lewis,RS-FR,35,174953
East Carolina Pirates,defense,RUSH,4,Dylon Worthen,RS-FR,40,174963
East Carolina Pirates,defense,WLB,1,Crews Law,RS-SO/TR,10,171230
East Carolina Pirates,defense,WLB,2,Jordan Miles,SO,43,176848
East Carolina Pirates,defense,WLB,3,Cade Law,RS-SR/TR,20,165652
East Carolina Pirates,defense,MLB,1,DJ Johnson Jr.,RS-JR,11,163459
East Carolina Pirates,defense,MLB,2,Jackson Barker,RS-SR,1,157651
East Carolina Pirates,defense,MLB,3,Jayden Olden,RS-SO,41,173474
East Carolina Pirates,defense,LCB,1,Jaylen Bowden,SR/TR,2,174353
East Carolina Pirates,defense,LCB,2,Rae'mon Mosby,RS-SO/TR,17,170558
East Carolina Pirates,defense,LCB,3,Derrion Horsley,RS-FR,14,174951
East Carolina Pirates,defense,SS,1,Ayden Duncanson,RS-JR/TR,13,165647
East Carolina Pirates,defense,SS,2,Myles Pollard,RS-SR/TR,12,152749
East Carolina Pirates,defense,SS,3,Josh Benton,RS-SR,23,157653
East Carolina Pirates,defense,FS,1,Zyeir Gamble,RS-JR/TR,3,161410
East Carolina Pirates,defense,FS,2,Kamaurri McKinley,RS-JR,8,163509
East Carolina Pirates,defense,RCB,1,Ashton Levells-Mitchell,RS-SR/TR,7,169876
East Carolina Pirates,defense,RCB,2,Jonathan Akins,RS-JR/TR,21,164460
East Carolina Pirates,defense,RCB,3,Angelo Ross,RS-FR,22,176856
East Carolina Pirates,defense,NB,1,Christian Peterson,JR/TR,15,169364
East Carolina Pirates,defense,NB,2,Kevon Merrell,JR,4,168831
East Carolina Pirates,defense,NB,3,Alex Moye,RS-SO,26,173472
East Carolina Pirates,special_teams,PT,1,Tomas O'Halloran,RS-SO,48,173473
East Carolina Pirates,special_teams,PT,2,Elliot Huether,SR/TR,83,180955
East Carolina Pirates,special_teams,PK,1,Andrew Conrad,RS-SR,95,155520
East Carolina Pirates,special_teams,PK,2,Noah Perez,RS-SR/TR,43,158780
East Carolina Pirates,special_teams,PK,3,Everett Scott,JR,93,173477
East Carolina Pirates,special_teams,KO,1,Andrew Conrad,RS-SR,95,155520
East Carolina Pirates,special_teams,KO,2,Everett Scott,JR,93,173477
East Carolina Pirates,special_teams,KO,3,Noah Perez,RS-SR/TR,43,158780
East Carolina Pirates,special_teams,LS,1,Blake Shirley,RS-SR/TR,53,183914
East Carolina Pirates,special_teams,LS,2,Cole Walker,RS-SO,51,173482
East Carolina Pirates,special_teams,H,1,Tomas O'Halloran,RS-SO,48,173473
East Carolina Pirates,special_teams,H,2,Elliot Huether,SR/TR,83,180955
Eastern Michigan Eagles,offense,WR-X,1,Nick Devereaux,GR/TR,2,155395
Eastern Michigan Eagles,offense,WR-X,2,Dalin Wilkins,RS-SO,86,170460
Eastern Michigan Eagles,offense,WR-Z,1,Harold Mack,SO,5,175224
Eastern Michigan Eagles,offense,WR-Z,2,Antonio Floyd,RS-SO,11,170439
Eastern Michigan Eagles,offense,WR-Z,3,Kozy Isaac,RS-FR,85,174559
Eastern Michigan Eagles,offense,WR-H,1,Benson Prosper,RS-SR/TR,3,175228
Eastern Michigan Eagles,offense,WR-H,2,Carl Jean-Bart,FR,89,183205
Eastern Michigan Eagles,offense,LT,1,Tyler Brumfield,RS-SR/TR,71,174360
Eastern Michigan Eagles,offense,LT,2,Cole Powell,RS-FR,77,175227
Eastern Michigan Eagles,offense,LG,1,Guzzy Kayed,RS-JR/TR,55,183208
Eastern Michigan Eagles,offense,LG,2,Dennis Strey Jr.,GR,78,155790
Eastern Michigan Eagles,offense,C,1,Nicholas Gallegos,GR,65,155778
Eastern Michigan Eagles,offense,C,2,Richardo Wourman,RS-SO/TR,52,183232
Eastern Michigan Eagles,offense,C,3,Chad Troxler,SO/TR,56,183229
Eastern Michigan Eagles,offense,RG,1,Cole Dellinger,RS-JR/TR,72,161101
Eastern Michigan Eagles,offense,RG,2,Nily Taylor,FR,76,183227
Eastern Michigan Eagles,offense,RT,1,Tyler McMillan,GR/TR,68,176357
Eastern Michigan Eagles,offense,RT,2,Samuel Adjin,FR,70,183189
Eastern Michigan Eagles,offense,TE-Y,1,Joshua Long,JR/TR,9,178504
Eastern Michigan Eagles,offense,TE-Y,2,Tanner Lemaster,RS-JR/TR,88,159803
Eastern Michigan Eagles,offense,TE-Y,3,Armaad Sharp,FR,14,183223
Eastern Michigan Eagles,offense,QB,1,Noah Kim,GR/TR,1,78654
Eastern Michigan Eagles,offense,QB,2,Jace Stuckey,RS-SO,12,170455
Eastern Michigan Eagles,offense,QB,3,Brogan McCaughey,GR/TR,10,183213
Eastern Michigan Eagles,offense,RB,1,Joey Mattord,RS-JR,24,163269
Eastern Michigan Eagles,offense,RB,2,Amareon Blue,RS-FR,15,175212
Eastern Michigan Eagles,offense,RB,3,Braydon Bennett,GR/TR,28,142891
Eastern Michigan Eagles,defense,DE,1,Carter Evans,GR,33,147822
Eastern Michigan Eagles,defense,DE,2,Hector Gonzalez,SO,90,175221
Eastern Michigan Eagles,defense,NT,1,Peyton Christian,SR/TR,58,183194
Eastern Michigan Eagles,defense,NT,2,Warren-Stevens Tayou,GR/TR,99,175233
Eastern Michigan Eagles,defense,DT,1,Makhi Gilbert,RS-SR/TR,5,175220
Eastern Michigan Eagles,defense,DT,2,Javon Thomas,RS-SO,55,170463
Eastern Michigan Eagles,defense,MAXX,1,Quincy Byas,SO,54,175215
Eastern Michigan Eagles,defense,MAXX,2,Ronn Hardin,SR/TR,88,178501
Eastern Michigan Eagles,defense,MAXX,3,Marvell Eggleston,RS-SO,43,170437
Eastern Michigan Eagles,defense,WLB,1,Zach Mowchan,GR,11,150187
Eastern Michigan Eagles,defense,WLB,2,Bryce Eliuk,RS-JR,40,163266
Eastern Michigan Eagles,defense,MLB,1,Barry Manning,RS-SR,3,155784
Eastern Michigan Eagles,defense,MLB,2,Elgin McDuffey,JR/TR,51,183215
Eastern Michigan Eagles,defense,LCB,1,Caleb Coley,GR/TR,16,154062
Eastern Michigan Eagles,defense,LCB,2,Rayquan Adkins,RS-JR/TR,25,160483
Eastern Michigan Eagles,defense,SS,1,Bryce Llewellyn,GR/TR,6,170446
Eastern Michigan Eagles,defense,SS,2,Ray Hester,RS-SO,20,170443
Eastern Michigan Eagles,defense,FS,1,Jason Marshall,RS-SR,13,155796
Eastern Michigan Eagles,defense,FS,2,Juan Salas,RS-SR/TR,4,175230
Eastern Michigan Eagles,defense,RCB,1,Caleb Dobbs,RS-JR,17,78441
Eastern Michigan Eagles,defense,RCB,2,Jordan Toney,RS-JR,7,170457
Eastern Michigan Eagles,defense,NB,1,Jaivian Norman,RS-JR,8,161646
Eastern Michigan Eagles,defense,NB,2,Donmiel Rogers,SO,29,175229
Eastern Michigan Eagles,special_teams,PT,1,Daniel Hull,RS-JR/TR,39,173251
Eastern Michigan Eagles,special_teams,PT,2,Van Krisiloff,FR,38,183212
Eastern Michigan Eagles,special_teams,PK,1,Rudy Kessinger,RS-SO,46,170444
Eastern Michigan Eagles,special_teams,PK,2,Adam Samaha,RS-JR/TR,33,159987
Eastern Michigan Eagles,special_teams,KO,1,Nathan Dibert,RS-SR/TR,37,153132
Eastern Michigan Eagles,special_teams,KO,2,Adam Samaha,RS-JR/TR,33,159987
Eastern Michigan Eagles,special_teams,LS,1,Jack Kautz,RS-SR/TR,42,159091
Eastern Michigan Eagles,special_teams,LS,2,Reeves Taylor,RS-SR/TR,41,172029
Eastern Michigan Eagles,special_teams,H,1,Daniel Hull,RS-JR/TR,39,173251
Eastern Michigan Eagles,special_teams,H,2,Van Krisiloff,FR,38,183212
Eastern Michigan Eagles,special_teams,PR,1,Quinn Fracassi,RS-SR/TR,25,155777
Eastern Michigan Eagles,special_teams,PR,2,Harold Mack,SO,5,175224
Eastern Michigan Eagles,special_teams,KR,1,Nick Devereaux,GR/TR,2,155395
Eastern Michigan Eagles,special_teams,KR,2,Benson Prosper,RS-SR/TR,3,175228
Florida Gators,offense,WR-X,1,Dallas Wilson,RS-FR,6,174200
Florida Gators,offense,WR-X,2,Micah Mays Jr.,RS-JR/TR,5,166362
Florida Gators,offense,WR-Z,1,Eric Singleton Jr.,SR/TR,2,160905
Florida Gators,offense,WR-Z,2,TJ Abrams,RS-SO,4,167997
Florida Gators,offense,WR-Z,3,Justin Williams,FR,83,179557
Florida Gators,offense,WR-Y,1,Vernell Brown III,SO,1,174203
Florida Gators,offense,WR-Y,2,Bailey Stockton,RS-JR/TR,3,165639
Florida Gators,offense,WR-Y,3,Jaylen Lloyd,RS-JR/TR,19,160045
Florida Gators,offense,LT,1,Bryce Lovett,RS-JR,53,162433
Florida Gators,offense,LT,2,Eagan Boyer,RS-SO/TR,64,167655
Florida Gators,offense,LT,3,Fletcher Westphal,RS-SO,68,168017
Florida Gators,offense,LG,1,Knijeah Harris,SR,77,162430
Florida Gators,offense,LG,2,Roderick Kearney,RS-JR,71,160691
Florida Gators,offense,LG,3,Mark Faircloth,RS-SO,76,172748
Florida Gators,offense,C,1,Harrison Moore,JR/TR,52,168733
Florida Gators,offense,C,2,Jason Zandamela,RS-SO,50,169489
Florida Gators,offense,RG,1,TJ Shanahan Jr.,RS-JR/TR,67,160834
Florida Gators,offense,RG,2,Daniel Pierre Louis,RS-FR,73,175853
Florida Gators,offense,RT,1,Emeka Ugorji,SO/TR,66,174797
Florida Gators,offense,RT,2,Caden Jones,RS-JR,63,165229
Florida Gators,offense,RT,3,TJ Dice Jr.,RS-FR,55,175833
Florida Gators,offense,RT,4,Jahari Medlock,RS-FR,56,175841
Florida Gators,offense,TE,1,Luke Harpring,RS-SO/TR,15,170323
Florida Gators,offense,TE,2,Amir Jackson,RS-SO,7,172751
Florida Gators,offense,TE,3,Lacota Dippre,RS-JR/TR,17,161553
Florida Gators,offense,TE,4,Evan Chieca,RS-JR/TR,85,179537
Florida Gators,offense,TE,5,Micah Jones,RS-FR,84,175849
Florida Gators,offense,QB,1,Aaron Philo,RS-SO/TR,12,168734
Florida Gators,offense,QB,2,Tramell Jones Jr.,RS-FR,9,175838
Florida Gators,offense,QB,3,Will Griffin,FR,11,179546
Florida Gators,offense,QB,4,Aidan Warner,RS-JR/TR,16,168016
Florida Gators,offense,QB,5,Aaron Williams,RS-SO,10,175848
Florida Gators,offense,RB,1,Jadan Baugh,JR,13,167998
Florida Gators,offense,RB,2,Evan Pryor,RS-SR/TR,21,78701
Florida Gators,offense,RB,3,Duke Clark,RS-FR,20,175832
Florida Gators,offense,RB,4,London Montgomery,RS-JR/TR,24,161002
Florida Gators,offense,RB,5,Byron Louis,RS-FR,27,177478
Florida Gators,defense,DE,1,Kamran James,SR,24,162431
Florida Gators,defense,DE,2,LJ McCray,RS-SO,11,168008
Florida Gators,defense,DE,3,Emmanuel Oyebadejo,RS-SO/TR,99,172142
Florida Gators,defense,DE,4,Jalen Wiggins,RS-FR,49,175844
Florida Gators,defense,NT,1,Joseph Mbatchou,SO,97,177479
Florida Gators,defense,NT,2,DK Kalu,RS-JR/TR,93,165172
Florida Gators,defense,NT,3,Jamari Lyons,RS-SR,95,156014
Florida Gators,defense,DT,1,Brendan Bett,RS-JR/TR,90,165171
Florida Gators,defense,DT,2,Jeramiah McCloud,SO,91,175840
Florida Gators,defense,DT,3,Mason Clinton,RS-JR/TR,98,167180
Florida Gators,defense,JACK,1,Jayden Woods,SO,0,175845
Florida Gators,defense,JACK,2,KJ Ford,FR,14,179544
Florida Gators,defense,JACK,3,Kofi Asare,RS-SR/TR,22,155016
Florida Gators,defense,WLB,1,Myles Graham,JR,5,168019
Florida Gators,defense,WLB,2,Ty Jackson,SO,7,175847
Florida Gators,defense,MLB,1,Jaden Robinson,SR,29,162438
Florida Gators,defense,MLB,2,Myles Johnson,SO,44,175854
Florida Gators,defense,MLB,3,TJ Bullard,RS-SR/TR,16,157603
Florida Gators,defense,SLB,1,Aaron Chiles,JR,8,172746
Florida Gators,defense,SLB,2,Malik Morris,FR,50,179554
Florida Gators,defense,LCB,1,Cormani McClain,RS-JR/TR,25,161178
Florida Gators,defense,LCB,2,J'Vari Flowers,SO,6,177477
Florida Gators,defense,LCB,3,Jordy Lowery,RS-SR/TR,13,174954
Florida Gators,defense,SS,1,Bryce Thornton,SR,1,160695
Florida Gators,defense,SS,2,Drake Stubbs,SO,9,174204
Florida Gators,defense,SS,3,Lagonza Hayward,SO,2,175836
Florida Gators,defense,FS,1,DJ Coleman,SR/TR,33,165184
Florida Gators,defense,FS,2,Cam Dooley,JR/TR,10,168310
Florida Gators,defense,FS,3,Alfonzo Allen Jr.,RS-SR/TR,43,79373
Florida Gators,defense,FS,4,Brayden Slade,RS-JR,35,166210
Florida Gators,defense,RCB,1,Ben Hanks III,RS-FR,12,175835
Florida Gators,defense,RCB,2,Dijon Johnson,RS-JR,27,160694
Florida Gators,defense,RCB,3,Onis Konanbanny,RS-FR,3,175855
Florida Gators,defense,NB,1,Kanye Clark,RS-JR/TR,20,165671
Florida Gators,defense,NB,2,Elijah Owens,SO/TR,28,179555
Florida Gators,defense,NB,3,Dylan Purter,FR,30,179556
Florida Gators,special_teams,PT,1,Alec Clark,RS-JR/TR,38,167020
Florida Gators,special_teams,PT,2,Miller Fealy,JR/TR,47,179538
Florida Gators,special_teams,PT,3,Nicholas Inglis,RS-SO,48,172750
Florida Gators,special_teams,PK,1,Patrick Durkin,RS-SO/TR,91,171623
Florida Gators,special_teams,PK,2,Liam Padron,RS-SO/TR,41,172611
Florida Gators,special_teams,PK,3,Brandon Rabasco,RS-SO,40,172755
Florida Gators,special_teams,KO,1,Patrick Durkin,RS-SO/TR,91,171623
Florida Gators,special_teams,KO,2,Liam Padron,RS-SO/TR,41,172611
Florida Gators,special_teams,KO,3,Brandon Rabasco,RS-SO,40,172755
Florida Gators,special_teams,LS,1,Carter Milliron,RS-SR/TR,39,155892
Florida Gators,special_teams,LS,2,Hunter Solwold,RS-FR/TR,58,176403
Florida Gators,special_teams,LS,3,Lincoln Anderson,FR,54,183872
Florida Gators,special_teams,H,1,Alec Clark,RS-JR/TR,38,167020
Florida Gators,special_teams,H,2,Miller Fealy,JR/TR,47,179538
Florida Gators,special_teams,H,3,Nicholas Inglis,RS-SO,48,172750
Florida Gators,special_teams,PR,1,Vernell Brown III,SO,1,174203
Florida Gators,special_teams,PR,2,Jadan Baugh,JR,13,167998
Florida Gators,special_teams,KR,1,Vernell Brown III,SO,1,174203
Florida Gators,special_teams,KR,2,Jadan Baugh,JR,13,167998
Florida Atlantic Owls,offense,WR-X,1,Dominique Henry,RS-SR/TR,9,79522
Florida Atlantic Owls,offense,WR-X,2,RJ Garcia II,GR/TR,6,78624
Florida Atlantic Owls,offense,WR-Z,1,Branden Hoch,SO,0,174982
Florida Atlantic Owls,offense,WR-Z,2,Tucker Holloway,RS-SR/TR,3,154243
Florida Atlantic Owls,offense,WR-Y,1,Easton Messer,RS-SR/TR,8,157711
Florida Atlantic Owls,offense,WR-Y,2,Antojuan Woody,JR/TR,4,181212
Florida Atlantic Owls,offense,WR-H,1,Kelby Valsin,RS-JR/TR,2,161362
Florida Atlantic Owls,offense,WR-H,2,Jahmari Powell-Wonson,RS-SO/TR,13,167813
Florida Atlantic Owls,offense,LT,1,Ja'Kavion Nonar,RS-SR/TR,57,78800
Florida Atlantic Owls,offense,LT,2,Kortez Winslow,RS-JR/TR,73,181211
Florida Atlantic Owls,offense,LT,3,Keon Rohé,RS-SO,77,169641
Florida Atlantic Owls,offense,LG,1,Carson Osmus,RS-SO/TR,78,173156
Florida Atlantic Owls,offense,LG,2,Alejandro Schmitt,FR,67,181203
Florida Atlantic Owls,offense,C,1,Braden Cunningham,RS-SO,65,169623
Florida Atlantic Owls,offense,C,2,Aqil Meredith-Smith,SO/TR,60,181199
Florida Atlantic Owls,offense,RG,1,Vincent Fiacable,RS-SR/TR,62,146615
Florida Atlantic Owls,offense,RG,2,Ovie Dubre,RS-JR,72,163968
Florida Atlantic Owls,offense,RT,1,Ben Galloway,RS-JR/TR,74,160896
Florida Atlantic Owls,offense,RT,2,Mauricio Hinds,RS-SO,75,169629
Florida Atlantic Owls,offense,RT,3,Vincent Forney,RS-SO/TR,64,174980
Florida Atlantic Owls,offense,TE,1,Brooks Johnson,RS-SR/TR,11,157181
Florida Atlantic Owls,offense,TE,2,AJ Johnson,RS-SR/TR,1,181214
Florida Atlantic Owls,offense,TE,3,Marcus Vinson,RS-SR/TR,88,79352
Florida Atlantic Owls,offense,QB,1,Caden Veltkamp,GR/TR,10,167647
Florida Atlantic Owls,offense,QB,2,Jordan Magwood,RS-FR,7,174985
Florida Atlantic Owls,offense,QB,3,Jeremiah Daoud,FR,12,181187
Florida Atlantic Owls,offense,QB,4,Drew Devillier,RS-SO/TR,18,171794
Florida Atlantic Owls,offense,QB,5,Michael Valentino,RS-SO,15,171764
Florida Atlantic Owls,offense,RB,1,Kaden Shields-Dutton,JR,28,169643
Florida Atlantic Owls,offense,RB,2,Leonard Farrow,RS-SR/TR,5,181189
Florida Atlantic Owls,offense,RB,3,Ethan Ervin,RS-FR,21,174977
Florida Atlantic Owls,offense,RB,4,Joshua Harriott,RS-JR,20,167056
Florida Atlantic Owls,defense,DE,1,Deshaun Batiste,RS-SR/TR,5,168603
Florida Atlantic Owls,defense,DE,2,Gavench Marcelin,JR,11,169634
Florida Atlantic Owls,defense,DE,3,Tyclean Luman,RS-SO/TR,15,172682
Florida Atlantic Owls,defense,NT,1,CJ Doggette Jr.,GR/TR,1,79517
Florida Atlantic Owls,defense,NT,2,Enyce Sledge,RS-SR/TR,62,78815
Florida Atlantic Owls,defense,NT,3,Corey Clark,RS-SR/TR,94,171110
Florida Atlantic Owls,defense,NT,4,Earl Miller Jr.,GR/TR,13,177049
Florida Atlantic Owls,defense,DT,1,Blake Burris,GR/TR,98,168412
Florida Atlantic Owls,defense,DT,2,Wilky Denaud,RS-JR/TR,2,78811
Florida Atlantic Owls,defense,DT,3,Tycoolhill Luman,RS-SO/TR,14,172683
Florida Atlantic Owls,defense,RUSH,1,Josh Roberts,SO,10,174990
Florida Atlantic Owls,defense,RUSH,2,Jay Crable,RS-JR/TR,12,164397
Florida Atlantic Owls,defense,RUSH,3,Jonathan Bax,SR/TR,9,160608
Florida Atlantic Owls,defense,WLB,1,Leon Hart Jr.,RS-SR/TR,6,154682
Florida Atlantic Owls,defense,WLB,2,Khmari Johnson,SR/TR,7,177045
Florida Atlantic Owls,defense,WLB,3,Char'Quez Lee,RS-SO,17,169633
Florida Atlantic Owls,defense,MLB,1,Joseph Sipp Jr.,RS-SR/TR,18,158697
Florida Atlantic Owls,defense,MLB,2,Zyere Horton,RS-SR/TR,28,163961
Florida Atlantic Owls,defense,MLB,3,Nate Fischer,JR/TR,21,181190
Florida Atlantic Owls,defense,LCB,1,Damarius McGhee,GR/TR,4,161885
Florida Atlantic Owls,defense,LCB,2,Derrick Rogers,RS-JR/TR,3,165560
Florida Atlantic Owls,defense,LCB,3,Amar Reynolds,RS-SO/TR,26,168945
Florida Atlantic Owls,defense,SS,1,Jayden Sweeney,RS-SR/TR,22,154044
Florida Atlantic Owls,defense,SS,2,Bo Simpson-Nealy,RS-JR/TR,20,181204
Florida Atlantic Owls,defense,FS,1,Tyson Rooks,RS-SR/TR,19,152824
Florida Atlantic Owls,defense,RCB,1,JK Johnson,RS-SR/TR,23,160708
Florida Atlantic Owls,defense,RCB,2,Wallace Foster IV,RS-SO/TR,16,168999
Florida Atlantic Owls,defense,NB,1,Damon Allen,SO,0,174970
Florida Atlantic Owls,defense,NB,2,Chris Tooley III,RS-JR,8,163981
Florida Atlantic Owls,special_teams,PT,1,Reed Chandley,JR/TR,91,175609
Florida Atlantic Owls,special_teams,PT,2,Alex Grace,RS-SO/TR,49,177052
Florida Atlantic Owls,special_teams,PK,1,Collin Rogers,RS-SR/TR,41,156339
Florida Atlantic Owls,special_teams,PK,2,Lliam Peterson,FR,96,181200
Florida Atlantic Owls,special_teams,KO,1,Collin Rogers,RS-SR/TR,41,156339
Florida Atlantic Owls,special_teams,KO,2,Lliam Peterson,FR,96,181200
Florida Atlantic Owls,special_teams,LS,1,Walker Adkinson,GR/TR,45,174971
Florida Atlantic Owls,special_teams,LS,2,Blake Thomas,FR,46,181218
Florida Atlantic Owls,special_teams,H,1,Reed Chandley,JR/TR,91,175609
Florida Atlantic Owls,special_teams,H,2,Alex Grace,RS-SO/TR,49,177052
Florida Atlantic Owls,special_teams,PR,1,Easton Messer,RS-SR/TR,8,157711
Florida Atlantic Owls,special_teams,KR,1,Antojuan Woody,JR/TR,4,181212
Florida International Panthers,offense,WR-X,1,Maguire Anderson,RS-JR/TR,2,68725
Florida International Panthers,offense,WR-X,2,Tyson Carter,SO,13,176765
Florida International Panthers,offense,WR-X,3,Amari Isaac,RS-FR,12,176772
Florida International Panthers,offense,WR-Z,1,Greg Gaines III,RS-SR/TR,8,78637
Florida International Panthers,offense,WR-Z,2,Eric Nelson Jr.,RS-SO,6,172036
Florida International Panthers,offense,WR-Z,3,Kenny Williams,RS-FR,14,176792
Florida International Panthers,offense,WR-SL,1,Kyle McNeal,RS-JR,7,160867
Florida International Panthers,offense,WR-SL,2,Jojo Stone,RS-SO/TR,0,169713
Florida International Panthers,offense,WR-SL,3,Malik Penson,FR,83,182107
Florida International Panthers,offense,LT,1,Jeremy Smith,RS-FR,50,176791
Florida International Panthers,offense,LT,2,Nickolas Molina,RS-SR/TR,78,182104
Florida International Panthers,offense,LG,1,Zaire Flournoy,RS-SR/TR,54,142584
Florida International Panthers,offense,LG,2,Akeem Neal,RS-SO,52,173492
Florida International Panthers,offense,C,1,Daveion Harley,RS-JR/TR,55,164967
Florida International Panthers,offense,C,2,Jon Rodriguez,RS-SO,67,172038
Florida International Panthers,offense,RG,1,Antonio Tripp Jr.,RS-JR/TR,71,162092
Florida International Panthers,offense,RG,2,Spencer Webb,RS-JR/TR,73,175235
Florida International Panthers,offense,RT,1,Manasseh Ripert,RS-SR/TR,51,182108
Florida International Panthers,offense,RT,2,Oscar Colon,SR/TR,58,182092
Florida International Panthers,offense,TE,1,Jackson Verdugo,SO,9,176786
Florida International Panthers,offense,TE,2,Kevin Schaeffer,GR/TR,88,69744
Florida International Panthers,offense,TE,3,James Resar,RS-SO/TR,4,170621
Florida International Panthers,offense,TE,4,Sean Burke,RS-FR,89,176790
Florida International Panthers,offense,TE,5,Ayden Passley,FR,81,182106
Florida International Panthers,offense,QB,1,JJ Kohl,RS-JR/TR,17,160507
Florida International Panthers,offense,QB,2,Zach Marker,GR/TR,11,177143
Florida International Panthers,offense,QB,3,DJ Alexander,FR,5,182087
Florida International Panthers,offense,QB,4,Zachary Waters,RS-JR,16,166157
Florida International Panthers,offense,RB,1,Anthony Carrie,JR/TR,1,168726
Florida International Panthers,offense,RB,2,Devonte Lyons,RS-SO,3,172035
Florida International Panthers,offense,RB,3,Sterling Joseph,RS-FR,22,176773
Florida International Panthers,offense,RB,4,Jayden Ford,FR,10,182117
Florida International Panthers,offense,RB,5,Justin Compere,FR,36,182093
Florida International Panthers,defense,LDE,1,Kenton Simmons,SR/TR,5,176782
Florida International Panthers,defense,LDE,2,DeeJay Holmes Jr.,RS-JR/TR,33,163259
Florida International Panthers,defense,LDE,3,Lamont Green Jr.,RS-JR/TR,45,160402
Florida International Panthers,defense,LDE,4,King Massey,RS-FR,24,176775
Florida International Panthers,defense,NT,1,Germaine Carter,JR,99,169872
Florida International Panthers,defense,NT,2,Elijah Simmons,RS-SR/TR,88,77752
Florida International Panthers,defense,NT,3,Nathan Jennings,RS-SO/TR,15,170016
Florida International Panthers,defense,NT,4,Anthony Smith,RS-FR,95,176788
Florida International Panthers,defense,DT,1,RJ Moss Jr.,RS-JR/TR,12,167277
Florida International Panthers,defense,DT,2,Jamorie Flagg,RS-SO/TR,55,171163
Florida International Panthers,defense,DT,3,Anthony Cunningham,RS-JR/TR,90,160503
Florida International Panthers,defense,DT,4,Kyrie Samuel,RS-SR/TR,91,157185
Florida International Panthers,defense,RDE,1,Dante Anderson,RS-SR/TR,13,153407
Florida International Panthers,defense,RDE,2,Robert Williams,RS-SO,14,172039
Florida International Panthers,defense,RDE,3,Elisha Baldridge,RS-JR/TR,97,182089
Florida International Panthers,defense,RDE,4,Nick Watson,RS-SR/TR,16,166158
Florida International Panthers,defense,WLB,1,Josiah Taylor,RS-SO,9,169886
Florida International Panthers,defense,WLB,2,Kani Smith,RS-FR,17,176784
Florida International Panthers,defense,WLB,3,Pickle Stewart,RS-SO/TR,18,171402
Florida International Panthers,defense,MLB,1,Percy Courtney Jr.,RS-SR,11,156480
Florida International Panthers,defense,MLB,2,Brayshawn Littlejohn,RS-JR/TR,22,161321
Florida International Panthers,defense,MLB,3,Cam Davis,RS-FR,34,176789
Florida International Panthers,defense,LCB,1,Lawrence Johnson,JR/TR,6,169650
Florida International Panthers,defense,LCB,2,Tyderick Brown,RS-SO/TR,23,170924
Florida International Panthers,defense,SS,1,Shamir Sterlin,RS-SO,1,169884
Florida International Panthers,defense,SS,2,Ormond Wallace,SR/TR,10,176787
Florida International Panthers,defense,FS,1,Demetrius Hill,RS-SR/TR,3,165527
Florida International Panthers,defense,FS,2,Wesley Miller,RS-SR/TR,4,164194
Florida International Panthers,defense,FS,3,Eric Johnson,FR,27,182118
Florida International Panthers,defense,RCB,1,Ryan Gadson,JR/TR,8,182095
Florida International Panthers,defense,RCB,2,Jai-Ayviauynn Celestine,RS-SR/TR,7,154390
Florida International Panthers,defense,NB,1,Da'Vontae Floyd,RS-SO/TR,0,169269
Florida International Panthers,defense,NB,2,DeAndre Boykins,RS-SR/TR,2,147889
Florida International Panthers,special_teams,PT,1,Stone Springman,RS-JR/TR,41,167431
Florida International Panthers,special_teams,PK,1,Robert Czeremcha,RS-SO,48,173489
Florida International Panthers,special_teams,PK,2,Noah Sidan,FR,30,182110
Florida International Panthers,special_teams,KO,1,Robert Czeremcha,RS-SO,48,173489
Florida International Panthers,special_teams,KO,2,Noah Sidan,FR,30,182110
Florida International Panthers,special_teams,LS,1,Justin Wood,RS-JR/TR,47,167434
Florida International Panthers,special_teams,LS,2,Holden Harkins,FR,46,182097
Florida International Panthers,special_teams,LS,3,Rodrigo Marron,FR,86,182101
Florida International Panthers,special_teams,H,1,Stone Springman,RS-JR/TR,41,167431
Florida International Panthers,special_teams,PR,1,Maguire Anderson,RS-JR/TR,2,68725
Florida International Panthers,special_teams,KR,1,Andre Brown,RS-SO,18,173494
Florida International Panthers,special_teams,KR,2,Maguire Anderson,RS-JR/TR,2,68725
Florida State Seminoles,offense,WR-X,1,Duce Robinson,SR/TR,0,163249
Florida State Seminoles,offense,WR-X,2,Tae'Shaun Gelsey,RS-FR,13,174246
Florida State Seminoles,offense,WR-Z,1,Micahi Danzy,RS-SO,8,171160
Florida State Seminoles,offense,WR-Z,2,Devin Carter,FR,11,179627
Florida State Seminoles,offense,WR-Z,3,Teriq Mallory,RS-FR,82,176570
Florida State Seminoles,offense,WR-SL,1,Jayvan Boggs,SO,15,174241
Florida State Seminoles,offense,WR-SL,2,Jasen Lopez,FR,7,179615
Florida State Seminoles,offense,LT,1,Xavier Chaplin,RS-SR/TR,77,154233
Florida State Seminoles,offense,LT,2,Jonathan Daniels,RS-SO,74,171159
Florida State Seminoles,offense,LG,1,Paul Bowling,SO/TR,51,175544
Florida State Seminoles,offense,C,1,Bradyn Welch-Joiner,RS-JR/TR,55,160105
Florida State Seminoles,offense,C,2,Chavez Thompson,RS-FR,52,176576
Florida State Seminoles,offense,RG,1,André Otto,RS-JR,65,164507
Florida State Seminoles,offense,RG,2,Jayden Todd,RS-SO,78,168161
Florida State Seminoles,offense,RT,1,Nate Pabst,RS-SR/TR,71,150204
Florida State Seminoles,offense,RT,2,Chimdia Nwaiwu,RS-JR/TR,79,179618
Florida State Seminoles,offense,TE,1,Desirrio Riles,SR/TR,6,166228
Florida State Seminoles,offense,TE,2,Landen Thomas,JR,18,168162
Florida State Seminoles,offense,TE,3,Chase Loftin,RS-FR,23,174255
Florida State Seminoles,offense,QB,1,Ashton Daniels,RS-SR/TR,14,156382
Florida State Seminoles,offense,QB,2,Kevin Sperry,RS-FR,9,174253
Florida State Seminoles,offense,QB,3,Malachi Marshall,JR/TR,1,179634
Florida State Seminoles,offense,RB,1,Quintrevion Wisner,SR/TR,5,160439
Florida State Seminoles,offense,RB,2,Ousmane Kromah,SO,32,176569
Florida State Seminoles,offense,RB,3,Samuel Singleton Jr.,RS-JR,3,163745
Florida State Seminoles,defense,DE,1,Mandrell Desir,SO,3,174245
Florida State Seminoles,defense,DE,2,Darryll Desir,SO,1,174244
Florida State Seminoles,defense,DE,3,Deamontae Diggs,RS-SR/TR,13,171701
Florida State Seminoles,defense,NT,1,Kevin Wynn,RS-FR,55,174254
Florida State Seminoles,defense,NT,2,Jordan Sanders,RS-SR/TR,88,175969
Florida State Seminoles,defense,DT,1,Daniel Lyons,RS-SR,5,153416
Florida State Seminoles,defense,DT,2,Deante McCray,RS-SR/TR,8,157710
Florida State Seminoles,defense,DT,3,Tylon Lee,RS-FR,96,174249
Florida State Seminoles,defense,JACK,1,Rylan Kennedy,SR/TR,15,160828
Florida State Seminoles,defense,JACK,2,Jalen Anderson,JR/TR,32,179602
Florida State Seminoles,defense,WLB,1,Mikai Gbayor,RS-SR/TR,28,146547
Florida State Seminoles,defense,WLB,2,Blake Nichelson,SR,20,163741
Florida State Seminoles,defense,WLB,3,Caleb LaVallee,RS-JR/TR,29,165651
Florida State Seminoles,defense,WLB,4,Noah LaVallee,FR,45,179614
Florida State Seminoles,defense,MLB,1,Chris Jones,JR/TR,10,172224
Florida State Seminoles,defense,MLB,2,Omar Graham Jr.,RS-SR,9,153412
Florida State Seminoles,defense,MLB,3,Izayia Williams,FR,30,179626
Florida State Seminoles,defense,LCB,1,Nehemiah Chandler,RS-SO/TR,12,171284
Florida State Seminoles,defense,LCB,2,Charles Lester III,RS-SO,4,168156
Florida State Seminoles,defense,LCB,3,Ricky Knight III,RS-SO,26,171167
Florida State Seminoles,defense,SS,1,Ashlynd Barker,RS-SR/TR,7,163729
Florida State Seminoles,defense,SS,2,Tre Bell III,FR,37,179603
Florida State Seminoles,defense,SS,3,Max Redmon,RS-FR,21,174252
Florida State Seminoles,defense,FS,1,CJ Richard Jr.,RS-SO/TR,11,179623
Florida State Seminoles,defense,FS,2,K.J. Kirkland,RS-JR,24,160406
Florida State Seminoles,defense,FS,3,Donny Hiebert,SR,47,163735
Florida State Seminoles,defense,RCB,1,Ja'Bril Rawls,RS-JR,6,163743
Florida State Seminoles,defense,RCB,2,Quindarrius Jones,SR,0,160404
Florida State Seminoles,defense,RCB,3,Jamari Howard,RS-SO,18,168152
Florida State Seminoles,defense,NB,1,Ma'Khi Jones,SO/TR,14,174268
Florida State Seminoles,defense,NB,2,Karson Hobbs,JR/TR,16,168284
Florida State Seminoles,defense,NB,3,Jarvis Boatwright Jr.,RS-SO/TR,19,169472
Florida State Seminoles,special_teams,PT,1,Daniel Hughes,RS-JR/TR,36,178306
Florida State Seminoles,special_teams,PT,2,Carter Jula,RS-SO/TR,87,174701
Florida State Seminoles,special_teams,PT,3,Ethan Post,RS-FR,85,174257
Florida State Seminoles,special_teams,PK,1,Gabe Panikowski,RS-SR/TR,39,174366
Florida State Seminoles,special_teams,PK,2,Conor McAneney,SO/TR,93,179617
Florida State Seminoles,special_teams,KO,1,Conor McAneney,SO/TR,93,179617
Florida State Seminoles,special_teams,KO,2,Gabe Panikowski,RS-SR/TR,39,174366
Florida State Seminoles,special_teams,LS,1,Caleb Bowers,RS-SR/TR,48,179629
Florida State Seminoles,special_teams,LS,2,Alex Nocco,RS-FR,53,176572
Florida State Seminoles,special_teams,H,1,Daniel Hughes,RS-JR/TR,36,178306
Florida State Seminoles,special_teams,H,2,Carter Jula,RS-SO/TR,87,174701
Florida State Seminoles,special_teams,H,3,Ethan Post,RS-FR,85,174257
Florida State Seminoles,special_teams,KR,1,Samuel Singleton Jr.,RS-JR,3,163745
Fresno State Bulldogs,offense,WR-X,1,Josiah Freeman,RS-SR/TR,5,158703
Fresno State Bulldogs,offense,WR-X,2,Harold Duvall,SO,19,178251
Fresno State Bulldogs,offense,WR-Z,1,Ezekiel Avit,RS-JR/TR,0,164462
Fresno State Bulldogs,offense,WR-Z,2,Jayon Farrar,SR/TR,11,175510
Fresno State Bulldogs,offense,WR-Z,3,Xavier Owens,FR,81,180788
Fresno State Bulldogs,offense,WR-SL,1,Jahlil McClain,RS-JR/TR,1,160729
Fresno State Bulldogs,offense,WR-SL,2,Jordan Malau'ulu,RS-SO,10,170081
Fresno State Bulldogs,offense,WR-SL,3,Keynan Cotton,RS-FR,25,178247
Fresno State Bulldogs,offense,LT,1,Brayden Walton,SO,76,175516
Fresno State Bulldogs,offense,LT,2,Marsel Akins,RS-SO,73,172798
Fresno State Bulldogs,offense,LT,3,Bode Stoddard,SO/TR,67,180791
Fresno State Bulldogs,offense,LG,1,Edward Fonua,RS-SR/TR,72,161729
Fresno State Bulldogs,offense,LG,2,Gino Quinones,RS-SR/TR,66,136458
Fresno State Bulldogs,offense,C,1,Braylan Henderson,SR/TR,51,175513
Fresno State Bulldogs,offense,C,2,Ben Baker,RS-SO,56,172800
Fresno State Bulldogs,offense,C,3,Oscar Weigel,RS-SO/TR,69,180794
Fresno State Bulldogs,offense,RG,1,Marquise Thorpe-Taylor,RS-SO/TR,55,169655
Fresno State Bulldogs,offense,RG,2,Jonah Leaupepetele,RS-FR,65,178257
Fresno State Bulldogs,offense,RG,3,Pat Barnett,RS-SR/TR,50,141501
Fresno State Bulldogs,offense,RT,1,Rolan Fullwood,RS-SR,71,151540
Fresno State Bulldogs,offense,RT,2,Kyson Van Vugt,RS-SR/TR,75,154587
Fresno State Bulldogs,offense,TE,1,Brock Lium,RS-JR,89,163312
Fresno State Bulldogs,offense,TE,2,Jake Appleget,RS-SR/TR,87,79447
Fresno State Bulldogs,offense,TE,3,Dallas Gaius-Anyaegbu,FR,88,180783
Fresno State Bulldogs,offense,QB,1,Khristian Martin,RS-SO/TR,3,167808
Fresno State Bulldogs,offense,QB,2,Jayden Mandal,RS-JR,7,161731
Fresno State Bulldogs,offense,QB,3,Jonathan Craft,RS-FR,16,178248
Fresno State Bulldogs,offense,RB,1,Bryson Donelson,JR,6,172803
Fresno State Bulldogs,offense,RB,2,Rayshon Luke,RS-SR/TR,2,155668
Fresno State Bulldogs,offense,RB,3,Brandon Ramirez,RS-JR,31,163313
Fresno State Bulldogs,defense,LDE,1,Jahzon Jacks,RS-SR,6,156714
Fresno State Bulldogs,defense,LDE,2,Merhauti Xepera,RS-SR,9,156729
Fresno State Bulldogs,defense,LDE,3,Noah Yeh,RS-JR/TR,96,178261
Fresno State Bulldogs,defense,LDT,1,Deijon Laffitte,RS-JR/TR,0,160453
Fresno State Bulldogs,defense,LDT,2,Auckland Asiata,RS-JR,91,172799
Fresno State Bulldogs,defense,LDT,3,Jairus Satele,RS-SR/TR,56,79653
Fresno State Bulldogs,defense,RDT,1,Martin Owusu,RS-JR/TR,8,160534
Fresno State Bulldogs,defense,RDT,2,Mordecai Hines,RS-JR,89,163311
Fresno State Bulldogs,defense,RDT,3,Logan Goodspeed,RS-SO/TR,99,175511
Fresno State Bulldogs,defense,RDE,1,Sione Noa,RS-SR,54,156721
Fresno State Bulldogs,defense,RDE,2,Dylan Hampsten,RS-JR/TR,11,166110
Fresno State Bulldogs,defense,RDE,3,Micah Mosley,SO/TR,94,180787
Fresno State Bulldogs,defense,WLB,1,K'vion Thunderbird,RS-JR/TR,1,161432
Fresno State Bulldogs,defense,WLB,2,Logan Studt,RS-SO,18,172816
Fresno State Bulldogs,defense,WLB,3,Lucas Blumling,RS-FR,42,178243
Fresno State Bulldogs,defense,MLB,1,Tytus Khajavi,RS-SO,35,172809
Fresno State Bulldogs,defense,MLB,2,Justin Johnson,RS-JR,25,163315
Fresno State Bulldogs,defense,MLB,3,Tommy Nix,RS-SO,36,172812
Fresno State Bulldogs,defense,LCB,1,Jomarion Briggs,RS-SR,28,156710
Fresno State Bulldogs,defense,LCB,2,Andre Cobb,RS-SR/TR,2,158673
Fresno State Bulldogs,defense,LCB,3,Cam Cole,RS-SO,13,172818
Fresno State Bulldogs,defense,SS,1,Ryan Wilson,RS-SR/TR,37,158707
Fresno State Bulldogs,defense,SS,2,RJ Regan,RS-SR/TR,20,147123
Fresno State Bulldogs,defense,SS,3,Taylor Powell,RS-SO/TR,33,173422
Fresno State Bulldogs,defense,FS,1,Ethan Tierney,RS-JR/TR,4,167333
Fresno State Bulldogs,defense,FS,2,Croix Stewart,RS-SR/TR,24,153571
Fresno State Bulldogs,defense,FS,3,Jaden Carrillo,RS-JR,3,166676
Fresno State Bulldogs,defense,RCB,1,Kiontre Harris,RS-SO,31,172806
Fresno State Bulldogs,defense,RCB,2,Loyall Mouzon,RS-SO,7,172811
Fresno State Bulldogs,defense,RCB,3,Preston Okafor,RS-SO/TR,19,167760
Fresno State Bulldogs,defense,NB,1,Simeon Harris,RS-SR/TR,5,165600
Fresno State Bulldogs,defense,NB,2,Tyger Canales,RS-FR,32,178245
Fresno State Bulldogs,defense,NB,3,Isaiah Lucero,FR,38,180785
Fresno State Bulldogs,special_teams,PT,1,Nick Verdugo,RS-SR/TR,41,166674
Fresno State Bulldogs,special_teams,PT,2,Clay Lawrence,RS-SO,49,172810
Fresno State Bulldogs,special_teams,PK,1,Manaki Watanabe,SO/TR,38,180793
Fresno State Bulldogs,special_teams,PK,2,Connor Tripp,RS-SO,45,172817
Fresno State Bulldogs,special_teams,PK,3,Ryan Kobzeff,RS-FR,40,178256
Fresno State Bulldogs,special_teams,KO,1,Manaki Watanabe,SO/TR,38,180793
Fresno State Bulldogs,special_teams,KO,2,Connor Tripp,RS-SO,45,172817
Fresno State Bulldogs,special_teams,KO,3,Ryan Kobzeff,RS-FR,40,178256
Fresno State Bulldogs,special_teams,LS,1,Ethan Rossetti,JR/TR,52,180790
Fresno State Bulldogs,special_teams,LS,2,Jack Baldi,RS-FR,53,178241
Fresno State Bulldogs,special_teams,H,1,Nick Verdugo,RS-SR/TR,41,166674
Fresno State Bulldogs,special_teams,PR,1,Jordan Malau'ulu,RS-SO,10,170081
Fresno State Bulldogs,special_teams,PR,2,Rayshon Luke,RS-SR/TR,2,155668
Fresno State Bulldogs,special_teams,KR,1,Rayshon Luke,RS-SR/TR,2,155668
Fresno State Bulldogs,special_teams,KR,2,Jordan Malau'ulu,RS-SO,10,170081
Georgia Bulldogs,offense,WR-X,1,Isiah Canion,JR/TR,6,168725
Georgia Bulldogs,offense,WR-X,2,CJ Wiley,SO,4,174106
Georgia Bulldogs,offense,WR-X,3,Thomas Blackshear,RS-FR,2,176349
Georgia Bulldogs,offense,WR-Z,1,London Humphreys,SR/TR,16,167890
Georgia Bulldogs,offense,WR-Z,2,Talyn Taylor,RS-FR,1,174107
Georgia Bulldogs,offense,WR-Z,3,Landon Roldan,SO,8,175642
Georgia Bulldogs,offense,WR-Z,4,Craig Dandridge,FR,81,178969
Georgia Bulldogs,offense,WR-SL,1,Sacovie White-Helton,RS-SO,0,167918
Georgia Bulldogs,offense,WR-SL,2,Kaiden Prothro,FR,80,178990
Georgia Bulldogs,offense,WR-SL,3,Dallas Dickerson,FR,84,178972
Georgia Bulldogs,offense,WR-SL,4,Tyler J. Williams,RS-FR,13,175632
Georgia Bulldogs,offense,LT,1,Earnest Greene III,RS-SR,71,153084
Georgia Bulldogs,offense,LT,2,Ekene Ogboko,FR,72,178988
Georgia Bulldogs,offense,LT,3,Dennis Uzochukwu,RS-FR,65,175645
Georgia Bulldogs,offense,LG,1,Dontrell Glover,SO,63,176350
Georgia Bulldogs,offense,LG,2,Daniel Calhoun,RS-SO,70,167896
Georgia Bulldogs,offense,LG,3,Graham Houston,FR,69,178979
Georgia Bulldogs,offense,C,1,Drew Bobo,RS-SR,74,153081
Georgia Bulldogs,offense,C,2,Cortez Smith,RS-FR,50,175644
Georgia Bulldogs,offense,C,3,Malachi Toliver,RS-SO,51,167913
Georgia Bulldogs,offense,C,4,Waltclaire Flynn Jr.,RS-SO/TR,54,169356
Georgia Bulldogs,offense,RG,1,Zykie Helton,FR,55,178978
Georgia Bulldogs,offense,RG,2,Michael Uini,RS-SO,52,167916
Georgia Bulldogs,offense,RG,3,Marcus Harrison,RS-SO,76,170090
Georgia Bulldogs,offense,RT,1,Juan Gaston,SO,73,175633
Georgia Bulldogs,offense,RT,2,Jahzare Jackson,JR,64,171049
Georgia Bulldogs,offense,RT,3,TyQuez Richardson,RS-SO/TR,79,178964
Georgia Bulldogs,offense,TE,1,Lawson Luckie,SR,7,160004
Georgia Bulldogs,offense,TE,2,Jaden Reddell,RS-SO,23,167910
Georgia Bulldogs,offense,TE,3,Ethan Barbour,RS-FR,9,175627
Georgia Bulldogs,offense,TE,4,Elyiss Williams,SO,10,175631
Georgia Bulldogs,offense,QB,1,Gunner Stockton,RS-SR,14,153100
Georgia Bulldogs,offense,QB,2,Ryan Puglisi,RS-SO,12,167909
Georgia Bulldogs,offense,QB,3,Ryan Montgomery,RS-FR,15,175646
Georgia Bulldogs,offense,QB,4,Hezekiah Millender,RS-FR,19,175639
Georgia Bulldogs,offense,RB,1,Nate Frazier,JR,3,171045
Georgia Bulldogs,offense,RB,2,Chauncey Bowens,RS-SO,5,167895
Georgia Bulldogs,offense,RB,3,Dante Dowdell,SR/TR,22,167736
Georgia Bulldogs,offense,RB,4,Dwight Phillips Jr.,JR,20,171052
Georgia Bulldogs,defense,DE,1,Gabe Harris Jr.,SR,0,159999
Georgia Bulldogs,defense,DE,2,Joseph Jonah-Ajonye,RS-SO,99,167904
Georgia Bulldogs,defense,DE,3,JJ Hanne,SO,96,175636
Georgia Bulldogs,defense,NT,1,Jordan Hall,RS-JR,44,160016
Georgia Bulldogs,defense,NT,2,Xzavier McLeod,RS-JR/TR,94,167892
Georgia Bulldogs,defense,NT,3,Nnamdi Ogboko,RS-SO,95,167908
Georgia Bulldogs,defense,DT,1,Elijah Griffin,SO,90,175635
Georgia Bulldogs,defense,DT,2,Josh Horton,RS-JR/TR,81,165974
Georgia Bulldogs,defense,DT,3,London Seymour,RS-FR,55,176351
Georgia Bulldogs,defense,JACK,1,Quintavius Johnson,JR,3,167903
Georgia Bulldogs,defense,JACK,2,Amaris Williams,JR/TR,17,168103
Georgia Bulldogs,defense,JACK,3,Chase Linton,RS-FR,85,175638
Georgia Bulldogs,defense,MAC,1,Raylen Wilson,SR,5,160013
Georgia Bulldogs,defense,MAC,2,Justin Williams,JR,19,167920
Georgia Bulldogs,defense,MAC,3,AJ Kruah,RS-FR,13,175629
Georgia Bulldogs,defense,MONEY,1,Chris Cole,JR,9,167921
Georgia Bulldogs,defense,MONEY,2,Zayden Walker,SO,10,175630
Georgia Bulldogs,defense,MONEY,3,Terrell Foster,RS-SR,30,155567
Georgia Bulldogs,defense,LCB,1,Ellis Robinson IV,RS-SO,1,167912
Georgia Bulldogs,defense,LCB,2,Braylon Conley,RS-SO/TR,24,172694
Georgia Bulldogs,defense,LCB,3,Jontae Gilbert,RS-FR,25,175634
Georgia Bulldogs,defense,SS,1,Ja'Marley Riddle,JR/TR,12,173476
Georgia Bulldogs,defense,SS,2,Rasean Dinkins,SO,14,176352
Georgia Bulldogs,defense,SS,3,Daniel Okonkwo,RS-FR,36,176353
Georgia Bulldogs,defense,FS,1,KJ Bolden,JR,4,167894
Georgia Bulldogs,defense,FS,2,Zion Branch,RS-SR/TR,2,153227
Georgia Bulldogs,defense,FS,3,Todd Robinson,RS-FR,22,175641
Georgia Bulldogs,defense,RCB,1,Demello Jones,RS-SO,8,167905
Georgia Bulldogs,defense,RCB,2,Gentry Williams,RS-SR/TR,26,153016
Georgia Bulldogs,defense,RCB,3,Caden Harris,FR,18,178977
Georgia Bulldogs,defense,NB,1,Khalil Barnes,SR/TR,7,160288
Georgia Bulldogs,defense,NB,2,Kyron Jones,RS-JR,31,166910
Georgia Bulldogs,defense,NB,3,Tyriq Green,FR,23,178976
Georgia Bulldogs,special_teams,PT,1,Drew Miller,RS-SO,90,171054
Georgia Bulldogs,special_teams,PT,2,Carter Horton,RS-JR,93,177687
Georgia Bulldogs,special_teams,PT,3,Wade Register,FR,97,178991
Georgia Bulldogs,special_teams,PK,1,Peyton Woodring,SR,91,166915
Georgia Bulldogs,special_teams,PK,2,Connor Ferguson,RS-FR,98,177690
Georgia Bulldogs,special_teams,PK,3,Henry Bates,RS-SR,94,156737
Georgia Bulldogs,special_teams,PK,4,Harran Zureikat,FR,99,178995
Georgia Bulldogs,special_teams,KO,1,Peyton Woodring,SR,91,166915
Georgia Bulldogs,special_teams,KO,2,Connor Ferguson,RS-FR,98,177690
Georgia Bulldogs,special_teams,KO,3,Henry Bates,RS-SR,94,156737
Georgia Bulldogs,special_teams,KO,4,Harran Zureikat,FR,99,178995
Georgia Bulldogs,special_teams,LS,1,Will Snellings,RS-JR,51,162455
Georgia Bulldogs,special_teams,LS,2,Colton Dermer,FR,50,178971
Georgia Bulldogs,special_teams,H,1,Gunner Stockton,RS-SR,14,153100
Georgia Bulldogs,special_teams,H,2,Ryan Puglisi,RS-SO,12,167909
Georgia Bulldogs,special_teams,PR,1,Sacovie White-Helton,RS-SO,0,167918
Georgia Bulldogs,special_teams,PR,2,KJ Bolden,JR,4,167894
Georgia Bulldogs,special_teams,KR,1,Nate Frazier,JR,3,171045
Georgia Bulldogs,special_teams,KR,2,Sacovie White-Helton,RS-SO,0,167918
Georgia Southern Eagles,offense,WR-X,1,Ashton Hollins,RS-SR/TR,2,152813
Georgia Southern Eagles,offense,WR-X,2,King Phillips,JR/TR,13,183276
Georgia Southern Eagles,offense,WR-X,3,Alex Taylor,RS-SO/TR,5,168507
Georgia Southern Eagles,offense,WR-Z,1,Andre Greene Jr.,RS-SR/TR,4,168671
Georgia Southern Eagles,offense,WR-Z,2,Kam Mikell,RS-SO/TR,85,170298
Georgia Southern Eagles,offense,WR-SL,1,Josh Dallas,RS-SR,19,158128
Georgia Southern Eagles,offense,WR-SL,2,Taylor Bradshaw,RS-JR,15,166937
Georgia Southern Eagles,offense,WR-SL,3,Antavious Murphy,RS-SO,26,172524
Georgia Southern Eagles,offense,WR-SL,4,Peyton Plott,SO,24,178203
Georgia Southern Eagles,offense,LT,1,Caelan Williams,RS-SR,64,142763
Georgia Southern Eagles,offense,LT,2,Jaylen Slaughter,RS-SO,50,172526
Georgia Southern Eagles,offense,LG,1,Mo Clipper Jr.,RS-SR/TR,56,78628
Georgia Southern Eagles,offense,LG,2,Josh Raymond,RS-SO/TR,72,171152
Georgia Southern Eagles,offense,C,1,Cole Norred,SO/TR,65,183274
Georgia Southern Eagles,offense,C,2,Ethan Williams,RS-JR,55,166961
Georgia Southern Eagles,offense,RG,1,Ty Furnish,RS-SR/TR,53,150725
Georgia Southern Eagles,offense,RG,2,Kingtriton Samuela,RS-SO,75,172525
Georgia Southern Eagles,offense,RT,1,Matthew Williams,RS-JR,51,166962
Georgia Southern Eagles,offense,RT,2,Colin Alexander,RS-SO,63,172509
Georgia Southern Eagles,offense,TE,1,River Helms,RS-SR/TR,87,147287
Georgia Southern Eagles,offense,TE,2,JP Mikhael,RS-JR,84,166949
Georgia Southern Eagles,offense,TE,3,Jackson Long,RS-SR/TR,82,160912
Georgia Southern Eagles,offense,QB,1,Max Johnson,GR/TR,7,168506
Georgia Southern Eagles,offense,QB,2,Turner Helton,RS-SR/TR,14,157704
Georgia Southern Eagles,offense,QB,3,Weston Bryan,SO,9,178192
Georgia Southern Eagles,offense,RB,1,David Mbadinga,SR,6,166948
Georgia Southern Eagles,offense,RB,2,Terrance Gibbs,RS-SR,1,158133
Georgia Southern Eagles,offense,RB,3,Jamarian Samuel,RS-SR/TR,16,166953
Georgia Southern Eagles,offense,RB,4,Bryce Baker,RS-SO,33,172511
Georgia Southern Eagles,offense,RB,5,Taeo Todd,RS-SO,35,172527
Georgia Southern Eagles,defense,DE,1,Caleb Moore,JR/TR,93,169668
Georgia Southern Eagles,defense,DE,2,Uche Iloh,RS-SO/TR,98,171289
Georgia Southern Eagles,defense,NT,1,Latrell Bullard,RS-SR,57,158126
Georgia Southern Eagles,defense,NT,2,O'Marion Brown,JR/TR,90,183256
Georgia Southern Eagles,defense,DT,1,Elijah Fears,SO,94,178196
Georgia Southern Eagles,defense,DT,2,Kwon McGinney,SR/TR,95,175451
Georgia Southern Eagles,defense,LOLB,1,MJ Stroud,RS-SR,18,158145
Georgia Southern Eagles,defense,LOLB,2,Festus Davies,RS-SR/TR,9,183259
Georgia Southern Eagles,defense,WLB,1,Rashon Myles Jr.,RS-SR/TR,14,79427
Georgia Southern Eagles,defense,WLB,2,CJ Allen Jr.,RS-SO,30,172532
Georgia Southern Eagles,defense,WLB,3,AJ Brown Sr.,RS-JR/TR,16,160140
Georgia Southern Eagles,defense,MLB,1,Brandon Tyson,RS-SR/TR,1,175584
Georgia Southern Eagles,defense,MLB,2,Holden Trice,RS-JR,15,166955
Georgia Southern Eagles,defense,MLB,3,Diego Aviles,RS-JR/TR,5,183254
Georgia Southern Eagles,defense,ROLB,1,Anthony Bynum,RS-JR/TR,4,161077
Georgia Southern Eagles,defense,ROLB,2,Kebba Secka,RS-JR,11,166954
Georgia Southern Eagles,defense,ROLB,3,Eli Anders,RS-SO,97,170067
Georgia Southern Eagles,defense,LCB,1,Chance Gamble,RS-SR/TR,31,170054
Georgia Southern Eagles,defense,LCB,2,Fabo Chaney,SO,19,178194
Georgia Southern Eagles,defense,SS,1,Devin Collier,RS-SO,29,172515
Georgia Southern Eagles,defense,SS,2,Jaylen Bentley,RS-SO,32,172512
Georgia Southern Eagles,defense,FS,1,Aaron Sears,RS-SR/TR,2,183285
Georgia Southern Eagles,defense,FS,2,Carlo Thompson,RS-SR/TR,21,79573
Georgia Southern Eagles,defense,RCB,1,Tracy Hill Jr.,RS-SR/TR,12,154971
Georgia Southern Eagles,defense,RCB,2,Jaquari Brown,RS-SO,20,172514
Georgia Southern Eagles,defense,NB,1,Jakyri Jones,SR/TR,6,183270
Georgia Southern Eagles,defense,NB,2,Phillip Gladney,RS-SO,24,172518
Georgia Southern Eagles,special_teams,PT,1,Alex Smith,SR,25,161758
Georgia Southern Eagles,special_teams,PT,2,TJ Hartley III,RS-JR/TR,98,172519
Georgia Southern Eagles,special_teams,PK,1,Tripp Bryant,SO,95,178193
Georgia Southern Eagles,special_teams,PK,2,Blake Ford,RS-SR/TR,97,79665
Georgia Southern Eagles,special_teams,KO,1,Blake Ford,RS-SR/TR,97,79665
Georgia Southern Eagles,special_teams,KO,2,Tripp Bryant,SO,95,178193
Georgia Southern Eagles,special_teams,LS,1,Gavin Kurpis,RS-FR,46,178199
Georgia Southern Eagles,special_teams,LS,2,Chason Glenn,SO/TR,41,183264
Georgia Southern Eagles,special_teams,LS,3,Gaines Wood,RS-SR,93,158146
Georgia Southern Eagles,special_teams,H,1,Alex Smith,SR,25,161758
Georgia Southern Eagles,special_teams,H,2,Turner Helton,RS-SR/TR,14,157704
Georgia Southern Eagles,special_teams,PR,1,Peyton Plott,SO,24,178203
Georgia Southern Eagles,special_teams,PR,2,Josh Dallas,RS-SR,19,158128
Georgia Southern Eagles,special_teams,PR,3,Antavious Murphy,RS-SO,26,172524
Georgia Southern Eagles,special_teams,KR,1,Peyton Plott,SO,24,178203
Georgia Southern Eagles,special_teams,KR,2,Jamarian Samuel,RS-SR/TR,16,166953
Georgia Southern Eagles,special_teams,KR,3,Taeo Todd,RS-SO,35,172527
Georgia State Panthers,offense,WR-X,1,Kyle Washington,SO,4,175613
Georgia State Panthers,offense,WR-X,2,Jaylin Marshall,RS-SR/TR,16,175610
Georgia State Panthers,offense,WR-X,3,Rodshaun Dorsey,RS-JR/TR,83,179670
Georgia State Panthers,offense,WR-X,4,Ahmed Souare,RS-FR,80,177595
Georgia State Panthers,offense,WR-Z,1,Derrick Avery Jr.,SO,13,177557
Georgia State Panthers,offense,WR-Z,2,Owen Dupree,RS-JR/TR,7,179671
Georgia State Panthers,offense,WR-Z,3,Keron Milton,RS-SO,86,172421
Georgia State Panthers,offense,WR-SL,1,DJ Riles,RS-SR/TR,10,154755
Georgia State Panthers,offense,WR-SL,2,Isaiah Stone,RS-JR/TR,17,169013
Georgia State Panthers,offense,WR-SL,3,Austin McGee,RS-SO,87,172420
Georgia State Panthers,offense,LT,1,Jordan Brown,RS-SR/TR,76,160908
Georgia State Panthers,offense,LG,1,Donovan Funsch,JR,52,172414
Georgia State Panthers,offense,LG,2,Gage Stanaland,RS-JR/TR,55,165097
Georgia State Panthers,offense,LG,3,Aidan Andrews,RS-FR,71,177555
Georgia State Panthers,offense,C,1,Tyhler Williams,RS-SR/TR,54,155498
Georgia State Panthers,offense,C,2,Marcus Mascoll,RS-SO/TR,75,172754
Georgia State Panthers,offense,RG,1,Deandre Duffus,RS-JR/TR,56,161255
Georgia State Panthers,offense,RG,2,Pherleski Martin,RS-FR,74,177578
Georgia State Panthers,offense,RT,1,Kelton Smith,RS-JR/TR,72,166913
Georgia State Panthers,offense,RT,2,Deylin Hasert,RS-SR/TR,73,157105
Georgia State Panthers,offense,TE,1,Grant Hollier,SO,85,177571
Georgia State Panthers,offense,TE,2,Wesley Campbell VI,RS-SR/TR,6,171304
Georgia State Panthers,offense,TE,3,Avion McBride,RS-SR,81,158105
Georgia State Panthers,offense,TE,4,Matt Buron,RS-SR/TR,11,179668
Georgia State Panthers,offense,TE,5,Kyle Mullenix,RS-FR,44,177583
Georgia State Panthers,offense,QB,1,Cameran Brown,RS-SR/TR,8,168794
Georgia State Panthers,offense,QB,2,Ayden Pereira,RS-SR/TR,2,179681
Georgia State Panthers,offense,QB,3,TJ Stanley,RS-FR,14,177596
Georgia State Panthers,offense,QB,4,Gavin Nuckolls,FR,15,179702
Georgia State Panthers,offense,QB,5,Jadon Olafsson,RS-FR,12,177585
Georgia State Panthers,offense,RB,1,Savion Hart,RS-SO/TR,28,179674
Georgia State Panthers,offense,RB,2,Lanear McCrary Jr.,RS-JR/TR,5,179663
Georgia State Panthers,offense,RB,3,Dennis Murray Jr.,RS-SO,0,172423
Georgia State Panthers,offense,RB,4,Ladainnian Martin,RS-FR,32,177577
Georgia State Panthers,defense,DE,1,Jabriel Rhodes-Nelson,SR/TR,1,177591
Georgia State Panthers,defense,DE,2,Kelze Howard,RS-JR/TR,58,160233
Georgia State Panthers,defense,DE,3,Richard Kramer,JR/TR,95,177575
Georgia State Panthers,defense,NT,1,Alex Mullings,SO,52,177584
Georgia State Panthers,defense,NT,2,Samuel Chukwurah,JR/TR,98,182165
Georgia State Panthers,defense,DT,1,Mandjou Berte,SR/TR,99,179666
Georgia State Panthers,defense,DT,2,AJ Vaughns,RS-SR/TR,92,179684
Georgia State Panthers,defense,JACK,1,Kelan Butler,SO,45,177560
Georgia State Panthers,defense,JACK,2,Xavier Esquillien,SR/TR,4,179672
Georgia State Panthers,defense,JACK,3,Zion Lawson,RS-FR,43,177576
Georgia State Panthers,defense,JACK,4,Khalid Feliz,FR,35,179694
Georgia State Panthers,defense,WLB,1,Coby Owens,JR/TR,20,177586
Georgia State Panthers,defense,WLB,2,Eric Butler Jr.,JR/TR,9,179685
Georgia State Panthers,defense,WLB,3,Chandler Covington,SO,47,177562
Georgia State Panthers,defense,WLB,4,Tyler Moore,RS-FR,27,177600
Georgia State Panthers,defense,MLB,1,Jaydon Hood,RS-SR/TR,34,149987
Georgia State Panthers,defense,MLB,2,Ryan Green,RS-SR/TR,30,179662
Georgia State Panthers,defense,MLB,3,Jaden Kelly,RS-SR/TR,28,178029
Georgia State Panthers,defense,MLB,4,Zachary Davis,RS-FR,33,177563
Georgia State Panthers,defense,LCB,1,Deuce Walker,JR,7,172432
Georgia State Panthers,defense,LCB,2,Toby Bolton,SR/TR,11,179667
Georgia State Panthers,defense,SS,1,Deuce Lee,SR/TR,8,179678
Georgia State Panthers,defense,SS,2,Keenan Nelson,RS-SR/TR,16,153690
Georgia State Panthers,defense,SS,3,Joseph Holt,RS-FR,17,177572
Georgia State Panthers,defense,FS,1,Tre Mittman,JR/TR,15,179680
Georgia State Panthers,defense,FS,2,Donovan Faria,SO/TR,13,179673
Georgia State Panthers,defense,FS,3,Ty Snead,RS-FR,22,177602
Georgia State Panthers,defense,RCB,1,Darius Johnson Jr.,RS-SR/TR,12,179676
Georgia State Panthers,defense,RCB,2,Tyson McCrary,SO,32,177579
Georgia State Panthers,defense,NB,1,Derrick Maxey III,RS-JR/TR,21,79201
Georgia State Panthers,defense,NB,2,Demonte Gaston,RS-SR/TR,3,177570
Georgia State Panthers,special_teams,PT,1,Christian Teeter,RS-SR/TR,14,179682
Georgia State Panthers,special_teams,PK,1,Samer Layous,SO/TR,39,179677
Georgia State Panthers,special_teams,KO,1,Samer Layous,SO/TR,39,179677
Georgia State Panthers,special_teams,LS,1,Braxton Kitchens,SO/TR,36,182167
Georgia State Panthers,special_teams,LS,2,Jackson Tolley,SO/TR,60,182168
Georgia State Panthers,special_teams,H,1,Christian Teeter,RS-SR/TR,14,179682
Georgia State Panthers,special_teams,PR,1,DJ Riles,RS-SR/TR,10,154755
Georgia State Panthers,special_teams,KR,1,Kyle Washington,SO,4,175613
Georgia Tech Yellow Jackets,offense,WR-X,1,Isaiah Fuhrmann,JR/TR,13,180374
Georgia Tech Yellow Jackets,offense,WR-X,2,Jaiven Plummer,RS-SR/TR,16,157498
Georgia Tech Yellow Jackets,offense,WR-X,3,Cal Faulkner,RS-FR,81,173943
Georgia Tech Yellow Jackets,offense,WR-Z,1,Dalen Penson,SO,7,173951
Georgia Tech Yellow Jackets,offense,WR-Z,2,Debron Gatling,RS-SO/TR,6,168350
Georgia Tech Yellow Jackets,offense,WR-Z,3,Evan Haynes,RS-FR,84,174212
Georgia Tech Yellow Jackets,offense,WR-SL,1,Jordan Allen,SO,4,173957
Georgia Tech Yellow Jackets,offense,WR-SL,2,Chris Elko,RS-JR,89,165630
Georgia Tech Yellow Jackets,offense,WR-SL,3,Rahkeem Smith,RS-SR/TR,3,170474
Georgia Tech Yellow Jackets,offense,LT,1,Ethan Mackenny,RS-JR,78,160900
Georgia Tech Yellow Jackets,offense,LT,2,Josh Petty,SO,77,173952
Georgia Tech Yellow Jackets,offense,LT,3,Jordan Floyd,RS-SO,79,168738
Georgia Tech Yellow Jackets,offense,LG,1,Kevin Peay Jr.,RS-FR,52,173950
Georgia Tech Yellow Jackets,offense,LG,2,Courtlin Heard,FR,62,180376
Georgia Tech Yellow Jackets,offense,LG,3,Xavier Canales,RS-FR,55,173941
Georgia Tech Yellow Jackets,offense,C,1,Joseph Ionata,RS-SO/TR,69,167934
Georgia Tech Yellow Jackets,offense,C,2,Will Reed,RS-SR/TR,66,174522
Georgia Tech Yellow Jackets,offense,RG,1,Malachi Carney,RS-SR/TR,72,157858
Georgia Tech Yellow Jackets,offense,RG,2,Courtney Heard,FR,65,180377
Georgia Tech Yellow Jackets,offense,RG,3,Jimmy Bryson,RS-FR,58,173940
Georgia Tech Yellow Jackets,offense,RT,1,Jameson Riggs,RS-SO,70,168735
Georgia Tech Yellow Jackets,offense,RT,2,Markell Samuel,RS-SR/TR,71,142715
Georgia Tech Yellow Jackets,offense,RT,3,Favour Edwin,RS-SO/TR,73,168090
Georgia Tech Yellow Jackets,offense,TE,1,Gavin Harris,SR/TR,8,170483
Georgia Tech Yellow Jackets,offense,TE,2,Chris Corbo,RS-SR/TR,17,179419
Georgia Tech Yellow Jackets,offense,TE,3,Spencer Mermans,RS-JR/TR,42,180379
Georgia Tech Yellow Jackets,offense,TE,4,Kevin Roche Jr.,RS-FR,86,173954
Georgia Tech Yellow Jackets,offense,TE,5,Nate Agyemang,FR,88,180370
Georgia Tech Yellow Jackets,offense,QB,1,Alberto Mendoza,RS-SO/TR,15,171038
Georgia Tech Yellow Jackets,offense,QB,2,Grady Adamson,RS-FR,9,173936
Georgia Tech Yellow Jackets,offense,QB,3,Graham Knowles,RS-SO,14,168731
Georgia Tech Yellow Jackets,offense,QB,4,Cole Bergeron,FR,12,180371
Georgia Tech Yellow Jackets,offense,QB,5,Ben Guthrie,RS-JR,18,165634
Georgia Tech Yellow Jackets,offense,RB,1,Justice Haynes,SR/TR,22,159833
Georgia Tech Yellow Jackets,offense,RB,2,Malachi Hosley,SR/TR,0,173959
Georgia Tech Yellow Jackets,offense,RB,3,J.P. Powell,SO,20,173953
Georgia Tech Yellow Jackets,offense,RB,4,Shane Marshall,SO,24,173948
Georgia Tech Yellow Jackets,offense,RB,5,Chad Alexander,RS-JR,11,165644
Georgia Tech Yellow Jackets,defense,LDE,1,Jordan Walker,RS-SR/TR,10,157952
Georgia Tech Yellow Jackets,defense,LDE,2,Jordan Boyd,JR,8,168723
Georgia Tech Yellow Jackets,defense,LDE,3,Brayden Manley,SR/TR,11,173961
Georgia Tech Yellow Jackets,defense,LDE,4,Andre Fuller Jr.,SO,91,173945
Georgia Tech Yellow Jackets,defense,NT,1,Tawfiq Thomas,RS-SR/TR,95,155963
Georgia Tech Yellow Jackets,defense,NT,2,Christian Speakman,FR,92,180384
Georgia Tech Yellow Jackets,defense,NT,3,Vincent Carroll-Jackson,RS-JR/TR,99,160033
Georgia Tech Yellow Jackets,defense,DT,1,Christian Garrett,RS-FR,55,173946
Georgia Tech Yellow Jackets,defense,DT,2,Landen Marshall,RS-FR,97,171291
Georgia Tech Yellow Jackets,defense,DT,3,Tim Griffin,RS-FR/TR,56,174841
Georgia Tech Yellow Jackets,defense,DT,4,Shymeik Jones,RS-JR,96,160899
Georgia Tech Yellow Jackets,defense,RDE,1,Noah Carter,RS-SO/TR,24,171056
Georgia Tech Yellow Jackets,defense,RDE,2,A.J. Hoffler,SR/TR,88,160297
Georgia Tech Yellow Jackets,defense,RDE,3,Amontrae Bradford,JR,9,171282
Georgia Tech Yellow Jackets,defense,WLB,1,E.J. Lightsey,RS-SR/TR,2,168741
Georgia Tech Yellow Jackets,defense,WLB,2,Cayman Spaulding,SR/TR,1,173962
Georgia Tech Yellow Jackets,defense,WLB,3,Braylon Outlaw,FR,35,180383
Georgia Tech Yellow Jackets,defense,MLB,1,Kyle Efford,RS-SR,44,153971
Georgia Tech Yellow Jackets,defense,MLB,2,Melvin Jordan IV,RS-SR/TR,0,158829
Georgia Tech Yellow Jackets,defense,LCB,1,Jaylen Mbakwe,JR/TR,3,167937
Georgia Tech Yellow Jackets,defense,LCB,2,Zachary Tobe,SR/TR,5,160769
Georgia Tech Yellow Jackets,defense,LCB,3,Jon Mitchell,RS-SO/TR,12,167667
Georgia Tech Yellow Jackets,defense,SS,1,Fenix Felton,RS-FR,31,173944
Georgia Tech Yellow Jackets,defense,SS,2,Savion Riley,RS-SR/TR,13,79419
Georgia Tech Yellow Jackets,defense,SS,3,Jayden Barr,RS-FR,32,173937
Georgia Tech Yellow Jackets,defense,FS,1,Tae Harris,SO,27,173958
Georgia Tech Yellow Jackets,defense,FS,2,Kealan Jones,FR,18,180378
Georgia Tech Yellow Jackets,defense,RCB,1,Daiquan White,SR/TR,4,163275
Georgia Tech Yellow Jackets,defense,RCB,2,Jonas Duclona,RS-JR/TR,14,162418
Georgia Tech Yellow Jackets,defense,RCB,3,Elgin Sessions,SO,28,173956
Georgia Tech Yellow Jackets,defense,NB,1,Kelvin Hill,JR/TR,6,170932
Georgia Tech Yellow Jackets,defense,NB,2,Will Kiker,RS-JR,39,165635
Georgia Tech Yellow Jackets,special_teams,PT,1,Alex Bacchetta,RS-SR/TR,47,78716
Georgia Tech Yellow Jackets,special_teams,PT,2,Jonathan Genty,FR,46,181602
Georgia Tech Yellow Jackets,special_teams,PT,3,Joshua Taylor,RS-JR,40,165641
Georgia Tech Yellow Jackets,special_teams,PK,1,Aidan Birr,RS-SR,33,153969
Georgia Tech Yellow Jackets,special_teams,PK,2,Landon Shaffer,RS-FR,41,178421
Georgia Tech Yellow Jackets,special_teams,KO,1,Aidan Birr,RS-SR,33,153969
Georgia Tech Yellow Jackets,special_teams,KO,2,Landon Shaffer,RS-FR,41,178421
Georgia Tech Yellow Jackets,special_teams,LS,1,Ronnie Thomas III,RS-SR/TR,50,168743
Georgia Tech Yellow Jackets,special_teams,LS,2,Cal Keeler,RS-SO/TR,48,171476
Georgia Tech Yellow Jackets,special_teams,H,1,Alex Bacchetta,RS-SR/TR,47,78716
Georgia Tech Yellow Jackets,special_teams,H,2,Jonathan Genty,FR,46,181602
Georgia Tech Yellow Jackets,special_teams,H,3,Joshua Taylor,RS-JR,40,165641
Georgia Tech Yellow Jackets,special_teams,PR,1,Jaylen Mbakwe,JR/TR,3,167937
Georgia Tech Yellow Jackets,special_teams,KR,1,Rahkeem Smith,RS-SR/TR,3,170474
Georgia Tech Yellow Jackets,special_teams,KR,2,Shane Marshall,SO,24,173948
Georgia Tech Yellow Jackets,special_teams,KR,3,Chris Elko,RS-JR,89,165630
Hawaii Rainbow Warriors,offense,WR-X,1,Carson Brown,RS-SR/TR,3,157094
Hawaii Rainbow Warriors,offense,WR-X,2,Nick Delgadillo,RS-JR,17,166081
Hawaii Rainbow Warriors,offense,WR-X,3,Robert Haynes IV,FR,80,182828
Hawaii Rainbow Warriors,offense,WR-Z,1,Tre' Griffiths,RS-SO/TR,7,169325
Hawaii Rainbow Warriors,offense,WR-Z,2,Devin Alves,RS-SR/TR,11,154231
Hawaii Rainbow Warriors,offense,WR-Y,1,Audric Harris,JR/TR,2,170324
Hawaii Rainbow Warriors,offense,WR-Y,2,Blaze Kamoku,SR/TR,18,170170
Hawaii Rainbow Warriors,offense,WR-Y,3,Kainoa Carvalho,RS-FR,6,177305
Hawaii Rainbow Warriors,offense,WR-H,1,Tama Uiliata,RS-SO,8,170181
Hawaii Rainbow Warriors,offense,WR-H,2,Koa Eldredge,RS-JR/TR,13,161207
Hawaii Rainbow Warriors,offense,WR-H,3,Titan Lacaden,RS-FR,22,177311
Hawaii Rainbow Warriors,offense,LT,1,Boogie Henderson,RS-SO,56,172542
Hawaii Rainbow Warriors,offense,LT,2,Uluaki Taukiuvea,RS-FR,77,177316
Hawaii Rainbow Warriors,offense,LT,3,Eric McFall,RS-SO/TR,51,178770
Hawaii Rainbow Warriors,offense,LG,1,Denaris DeRosa Jr.,RS-SR/TR,58,156311
Hawaii Rainbow Warriors,offense,LG,2,Khalil Walker,RS-SR/TR,75,175003
Hawaii Rainbow Warriors,offense,C,1,Ethan Spencer,RS-SR,57,158469
Hawaii Rainbow Warriors,offense,C,2,Judah Kaio,RS-SR/TR,79,170169
Hawaii Rainbow Warriors,offense,C,3,Tu'i Muti,RS-SO,50,172547
Hawaii Rainbow Warriors,offense,RG,1,Lipe Moala,RS-JR/TR,73,159928
Hawaii Rainbow Warriors,offense,RG,2,Lautaimi Manuma,RS-SO,62,172545
Hawaii Rainbow Warriors,offense,RT,1,Dean Briski,RS-SR,52,158458
Hawaii Rainbow Warriors,offense,RT,2,Jay Tauala-Harris,RS-SO,55,172549
Hawaii Rainbow Warriors,offense,RT,3,Vake Hehea,JR/TR,65,182829
Hawaii Rainbow Warriors,offense,TE,1,Devon Tauaefa,RS-SR,9,158471
Hawaii Rainbow Warriors,offense,TE,2,Oakie Salave'a,RS-SR/TR,85,166079
Hawaii Rainbow Warriors,offense,QB,1,Micah Alejado,RS-SO,12,170163
Hawaii Rainbow Warriors,offense,QB,2,Bjorn Jurgensen,RS-FR/TR,10,174747
Hawaii Rainbow Warriors,offense,QB,3,Isaac Jaramilla-Phe,SR/TR,14,182832
Hawaii Rainbow Warriors,offense,QB,4,Hazyn Botelho,FR,16,182820
Hawaii Rainbow Warriors,offense,RB,1,Cam Barfield,RS-SR/TR,0,78768
Hawaii Rainbow Warriors,offense,RB,2,DeVon Rice,RS-SO/TR,1,168294
Hawaii Rainbow Warriors,offense,RB,3,Sitani Mikaele,RS-SO,26,172546
Hawaii Rainbow Warriors,offense,RB,4,TJ Fo'ilefutu,FR,28,182825
Hawaii Rainbow Warriors,defense,LDE,1,Lesterlaisene Lagafuaina,RS-JR,51,161788
Hawaii Rainbow Warriors,defense,LDE,2,Josh Sagapolutele,RS-JR,91,166096
Hawaii Rainbow Warriors,defense,LDE,3,Ha'aheo Dela Cruz,RS-SO,90,170167
Hawaii Rainbow Warriors,defense,NT,1,Elijah Williams,RS-JR/TR,88,79646
Hawaii Rainbow Warriors,defense,NT,2,Geoffrey Speight Jr.,SR/TR,95,182837
Hawaii Rainbow Warriors,defense,NT,3,Tonga Paea,JR/TR,98,182834
Hawaii Rainbow Warriors,defense,DT,1,Luther McCoy,GR/TR,52,146637
Hawaii Rainbow Warriors,defense,DT,2,Jordan Lynch,RS-SO/TR,97,177319
Hawaii Rainbow Warriors,defense,DT,3,Ozzy Pollard,SO/TR,99,182835
Hawaii Rainbow Warriors,defense,RDE,1,Ka'eo Akana,RS-SR/TR,10,156618
Hawaii Rainbow Warriors,defense,RDE,2,Spencer Elliott,SR/TR,56,182822
Hawaii Rainbow Warriors,defense,WLB,1,Jamih Otis,SR,11,166091
Hawaii Rainbow Warriors,defense,WLB,2,Julian Smith,RS-JR/TR,7,174587
Hawaii Rainbow Warriors,defense,WLB,3,Aisiah Paogofie,RS-FR,31,177314
Hawaii Rainbow Warriors,defense,MLB,1,Wynden Ho'ohuli,RS-SR/TR,12,155302
Hawaii Rainbow Warriors,defense,MLB,2,Matteus Ioane,SO,8,174579
Hawaii Rainbow Warriors,defense,LCB,1,Elijah Gipson,SR/TR,13,177308
Hawaii Rainbow Warriors,defense,LCB,2,Jaylon Edmond,RS-SO/TR,5,169542
Hawaii Rainbow Warriors,defense,SS,1,Joenel Figueroa,SR/TR,3,182824
Hawaii Rainbow Warriors,defense,SS,2,Kona Moore,RS-SR,2,158466
Hawaii Rainbow Warriors,defense,FS,1,Matagi Thompson,RS-SR,25,155297
Hawaii Rainbow Warriors,defense,FS,2,Kodi DeCambra,RS-JR/TR,24,159916
Hawaii Rainbow Warriors,defense,RCB,1,Jeremiah Hughes,JR/TR,0,162928
Hawaii Rainbow Warriors,defense,RCB,2,Zion Allen,RS-SR/TR,6,156401
Hawaii Rainbow Warriors,defense,NB,1,Elijah Palmer,SR,4,166092
Hawaii Rainbow Warriors,special_teams,PT,1,Gehrig Heil,RS-FR/TR,47,176621
Hawaii Rainbow Warriors,special_teams,PT,2,Gannon Miller,FR,43,182833
Hawaii Rainbow Warriors,special_teams,PK,1,Sean Olvera-Harle,JR/TR,98,177313
Hawaii Rainbow Warriors,special_teams,PK,2,Gehrig Heil,RS-FR/TR,47,176621
Hawaii Rainbow Warriors,special_teams,PK,3,Hudson Borsari,FR,16,182819
Hawaii Rainbow Warriors,special_teams,KO,1,Sean Olvera-Harle,JR/TR,98,177313
Hawaii Rainbow Warriors,special_teams,KO,2,Gehrig Heil,RS-FR/TR,47,176621
Hawaii Rainbow Warriors,special_teams,KO,3,Hudson Borsari,FR,16,182819
Hawaii Rainbow Warriors,special_teams,LS,1,Jack Mowrey,RS-JR/TR,33,165722
Hawaii Rainbow Warriors,special_teams,LS,2,Nick Pang,RS-JR/TR,45,170175
Hawaii Rainbow Warriors,special_teams,H,1,Gehrig Heil,RS-FR/TR,47,176621
Hawaii Rainbow Warriors,special_teams,H,2,Gannon Miller,FR,43,182833
Hawaii Rainbow Warriors,special_teams,PR,1,Tama Uiliata,RS-SO,8,170181
Hawaii Rainbow Warriors,special_teams,KR,1,Cam Barfield,RS-SR/TR,0,78768
Houston Cougars,offense,WR-X,1,Koby Young,RS-SO,2,170319
Houston Cougars,offense,WR-X,2,Harvey Broussard III,SR/TR,3,166853
Houston Cougars,offense,WR-X,3,Tyson Turner,RS-SO/TR,8,168810
Houston Cougars,offense,WR-Z,1,Trent Walker,RS-SR/TR,4,151233
Houston Cougars,offense,WR-Z,2,Muizz Tounkara,SO/TR,14,175852
Houston Cougars,offense,WR-SL,1,Amare Thomas,SR/TR,0,163018
Houston Cougars,offense,WR-SL,2,Jaquise Martin,SO,10,176607
Houston Cougars,offense,LT,1,Alvin Ebosele,RS-SR/TR,79,153577
Houston Cougars,offense,LT,2,Ronnell McLain,RS-SO,53,171421
Houston Cougars,offense,LG,1,Shadre Hurst,RS-SR/TR,56,156576
Houston Cougars,offense,LG,2,Larry Crawford,RS-JR/TR,70,168640
Houston Cougars,offense,C,1,Anthony Boswell,RS-SO/TR,52,171006
Houston Cougars,offense,RG,1,McKenzie Agnello,RS-SR/TR,66,170149
Houston Cougars,offense,RG,2,Hingano Hautau,GR/TR,67,171418
Houston Cougars,offense,RT,1,Drew Terrill,RS-SR/TR,73,158510
Houston Cougars,offense,RT,2,Hayden Wright,RS-FR/TR,57,175782
Houston Cougars,offense,TE,1,Patrick Overmyer,RS-JR/TR,9,166560
Houston Cougars,offense,TE,2,Traville Frederick Jr.,JR,85,171415
Houston Cougars,offense,TE,3,Kaleb Thomas,RS-SO,19,168648
Houston Cougars,offense,QB,1,Conner Weigman,RS-SR/TR,1,153052
Houston Cougars,offense,QB,2,Keisean Henderson,FR,5,180522
Houston Cougars,offense,QB,3,Luke Carney,RS-FR/TR,17,176181
Houston Cougars,offense,RB,1,Makhi Hughes,RS-SR/TR,21,156575
Houston Cougars,offense,RB,2,Re'Shaun Sanford II,RS-JR,6,163721
Houston Cougars,offense,RB,3,DJ Butler,JR,25,171413
Houston Cougars,defense,DE,1,Ashton Porter,RS-JR/TR,9,159932
Houston Cougars,defense,DE,2,Travis Buhake,RS-FR,92,176602
Houston Cougars,defense,DE,3,Darius Washington,RS-SO,49,171427
Houston Cougars,defense,NT,1,Ejiro Egodogbare,RS-SR/TR,50,180519
Houston Cougars,defense,NT,2,De'Marion Thomas,RS-JR/TR,90,160790
Houston Cougars,defense,NT,3,Myles Parker,JR/TR,98,176609
Houston Cougars,defense,DT,1,Khalil Laufau,SR/TR,18,161046
Houston Cougars,defense,DT,2,Quindario Lee,RS-SR/TR,99,168629
Houston Cougars,defense,JACK,1,Brandon Mack II,RS-SR/TR,4,165114
Houston Cougars,defense,JACK,2,Latreveon McCutchin,SR,10,165110
Houston Cougars,defense,JACK,3,Chance Bryant,SO,45,174863
Houston Cougars,defense,WLB,1,Jaden Yates,SR/TR,1,163040
Houston Cougars,defense,WLB,2,Miller Malone,JR/TR,19,171997
Houston Cougars,defense,WLB,3,Christian Brathwaite,RS-JR/TR,17,160713
Houston Cougars,defense,MLB,1,Sione Fotu,SR/TR,12,166288
Houston Cougars,defense,MLB,2,Carmycah Glass,RS-SR/TR,25,78828
Houston Cougars,defense,MLB,3,Richmond Ugochukwu,RS-FR,30,174871
Houston Cougars,defense,LCB,1,Will James,RS-JR/TR,5,78496
Houston Cougars,defense,LCB,2,JD Rhym,RS-SR/TR,3,153174
Houston Cougars,defense,SS,1,Kentrell Webb,RS-SR/TR,8,168635
Houston Cougars,defense,SS,2,C.J. Douglas,SR/TR,13,174866
Houston Cougars,defense,FS,1,Jordan Allen,RS-SR/TR,6,153130
Houston Cougars,defense,FS,2,Johnsley Barbas,RS-JR,33,161806
Houston Cougars,defense,RCB,1,Jalen Mayo,RS-SR/TR,2,180525
Houston Cougars,defense,RCB,2,Keany Parks,SR/TR,24,163156
Houston Cougars,defense,NB,1,Javion White,JR/TR,0,171643
Houston Cougars,defense,NB,2,Paris Melvin Jr.,FR,14,180526
Houston Cougars,defense,NB,3,Alvin Williamson Jr.,RS-SO/TR,23,168377
Houston Cougars,special_teams,PT,1,Liam Dougherty,JR,91,170316
Houston Cougars,special_teams,PT,2,Jack Raney,RS-JR/TR,62,171423
Houston Cougars,special_teams,PK,1,Evan Noel,RS-FR/TR,94,174201
Houston Cougars,special_teams,PK,2,Jonathan Dimas,RS-SO,49,171414
Houston Cougars,special_teams,KO,1,Zac Yoakam,RS-SR/TR,96,156188
Houston Cougars,special_teams,KO,2,Jonathan Dimas,RS-SO,49,171414
Houston Cougars,special_teams,LS,1,Jack Carson-Wentz,RS-SR/TR,64,172017
Houston Cougars,special_teams,LS,2,Weston Edwards,RS-SO/TR,69,171162
Houston Cougars,special_teams,LS,3,Anthony Saragusa,RS-SO/TR,47,173444
Houston Cougars,special_teams,H,1,Jake Sock,RS-SR,15,159682
Houston Cougars,special_teams,PR,1,Trent Walker,RS-SR/TR,4,151233
Houston Cougars,special_teams,PR,2,Paris Melvin Jr.,FR,14,180526
Houston Cougars,special_teams,PR,3,DJ Butler,JR,25,171413
Houston Cougars,special_teams,KR,1,Jaquise Martin,SO,10,176607
Houston Cougars,special_teams,KR,2,Paris Melvin Jr.,FR,14,180526
Houston Cougars,special_teams,KR,3,Keany Parks,SR/TR,24,163156
Illinois Fighting Illini,offense,WR-X,1,Collin Dixon,RS-JR,17,160756
Illinois Fighting Illini,offense,WR-X,2,Ty Robinson,RS-SR/TR,10,166494
Illinois Fighting Illini,offense,WR-X,3,Jershaun Newton,RS-FR,6,174404
Illinois Fighting Illini,offense,WR-X,4,Kenyon Alston,FR,3,179755
Illinois Fighting Illini,offense,WR-X,5,Jacob Harvey,FR,82,179766
Illinois Fighting Illini,offense,WR-Z,1,Jayshon Platt,RS-SR/TR,1,155804
Illinois Fighting Illini,offense,WR-Z,2,Alex Perry,RS-SR/TR,9,158483
Illinois Fighting Illini,offense,WR-Z,3,Nas Rankin,FR,0,179787
Illinois Fighting Illini,offense,WR-Z,4,Davon Grant,FR,8,179763
Illinois Fighting Illini,offense,WR-SL,1,Hudson Clement,RS-SR/TR,13,159637
Illinois Fighting Illini,offense,WR-SL,2,Brayden Trimble,RS-FR,11,174410
Illinois Fighting Illini,offense,WR-SL,3,Eddie Kasper,RS-SR/TR,80,181317
Illinois Fighting Illini,offense,WR-SL,4,Leslie Mosley Jr.,FR,81,179771
Illinois Fighting Illini,offense,LT,1,Christian Martin,RS-JR/TR,72,163713
Illinois Fighting Illini,offense,LT,2,Champ Smith,FR,52,179775
Illinois Fighting Illini,offense,LT,3,Alfred Washington,RS-JR/TR,51,179782
Illinois Fighting Illini,offense,LG,1,Maika Matelau,SO/TR,70,179769
Illinois Fighting Illini,offense,LG,2,Brandon Hansen,JR,66,168938
Illinois Fighting Illini,offense,LG,3,Dylan Frechette,RS-FR,76,174396
Illinois Fighting Illini,offense,C,1,Jake Renfro,RS-SR/TR,59,159857
Illinois Fighting Illini,offense,C,2,TJ McMillen,RS-JR,55,160764
Illinois Fighting Illini,offense,C,3,Michael McDonough,RS-FR,68,174403
Illinois Fighting Illini,offense,RG,1,Brandon Henderson,SR,75,160772
Illinois Fighting Illini,offense,RG,2,Eddie Tuerk,RS-SO,78,168948
Illinois Fighting Illini,offense,RG,3,Griffin Rousseau,RS-FR,54,174406
Illinois Fighting Illini,offense,RT,1,Nathan Knapik,RS-SO/TR,71,176356
Illinois Fighting Illini,offense,RT,2,TJ Taylor,JR/TR,79,179777
Illinois Fighting Illini,offense,RT,3,Zafir Stewart,RS-SO,74,168947
Illinois Fighting Illini,offense,TE,1,Christian Abney,SR/TR,86,166464
Illinois Fighting Illini,offense,TE,2,Kaden Feagin,SR,83,160760
Illinois Fighting Illini,offense,TE,3,Davin Stoffel,RS-JR/TR,88,174408
Illinois Fighting Illini,offense,TE,4,Maurice Smith Jr.,RS-SR/TR,14,179774
Illinois Fighting Illini,offense,TE,5,Will Vala III,FR,85,179780
Illinois Fighting Illini,offense,QB,1,Katin Houser,RS-SR/TR,4,168820
Illinois Fighting Illini,offense,QB,2,Carson Boyd,RS-FR,2,174392
Illinois Fighting Illini,offense,QB,3,Michael Clayton II,FR,7,179758
Illinois Fighting Illini,offense,QB,4,Dane Eisenmenger,FR,12,181316
Illinois Fighting Illini,offense,RB,1,Ca'Lil Valentine,JR,5,168949
Illinois Fighting Illini,offense,RB,2,Aidan Laughery,RS-SR,21,152817
Illinois Fighting Illini,offense,RB,3,Jordan Anderson,RS-SR,23,152826
Illinois Fighting Illini,offense,RB,4,Cedric Wyche II,RS-FR,22,174411
Illinois Fighting Illini,offense,RB,5,John Forster,RS-FR,20,174395
Illinois Fighting Illini,defense,DE,1,Joe Barna,JR,43,168933
Illinois Fighting Illini,defense,DE,2,Isaiah Thomison,RS-JR/TR,17,164025
Illinois Fighting Illini,defense,DE,3,Will Holmes,JR/TR,24,169736
Illinois Fighting Illini,defense,DE,4,Parker Crim,FR,51,179761
Illinois Fighting Illini,defense,NT,1,Darrell Prater,RS-SR/TR,96,164994
Illinois Fighting Illini,defense,NT,2,Demetrius John,RS-SO,54,168940
Illinois Fighting Illini,defense,NT,3,Isaiah White,RS-FR,95,174414
Illinois Fighting Illini,defense,DT,1,Pat Farrell,RS-JR,52,160759
Illinois Fighting Illini,defense,DT,2,Carter Janki,RS-SR/TR,90,179767
Illinois Fighting Illini,defense,DT,3,Connor Sullivan,RS-FR/TR,94,177552
Illinois Fighting Illini,defense,DT,4,Cameron Brooks,RS-FR,91,174393
Illinois Fighting Illini,defense,JACK,1,Daniel Brown,RS-SR/TR,4,168959
Illinois Fighting Illini,defense,JACK,2,Mason Muragin,RS-JR,18,160765
Illinois Fighting Illini,defense,JACK,3,Erik Gayle,RS-FR,34,174397
Illinois Fighting Illini,defense,WLB,1,Grant Beerman,SO,33,174391
Illinois Fighting Illini,defense,WLB,2,Ismael Kante,RS-SR/TR,26,174400
Illinois Fighting Illini,defense,WLB,3,Cameron Thomas,FR,8,179788
Illinois Fighting Illini,defense,MLB,1,James Kreutz,RS-SR,10,152816
Illinois Fighting Illini,defense,MLB,2,Robert Edmonson,RS-JR/TR,45,176119
Illinois Fighting Illini,defense,MLB,3,Jack Paris,RS-FR,38,174405
Illinois Fighting Illini,defense,MLB,4,Tony Williams,FR,30,179789
Illinois Fighting Illini,defense,LCB,1,Jakwon Morris,JR/TR,5,179770
Illinois Fighting Illini,defense,LCB,2,James Finley IV,SO/TR,29,178396
Illinois Fighting Illini,defense,LCB,3,RJ Jones III,RS-FR,2,174399
Illinois Fighting Illini,defense,LCB,4,Tywan Cox,RS-FR,32,174394
Illinois Fighting Illini,defense,SS,1,Matthew Bailey,RS-SR,7,152827
Illinois Fighting Illini,defense,SS,2,Xanai Scott,RS-FR,13,174407
Illinois Fighting Illini,defense,SS,3,Jacob Eberhart,FR,19,179762
Illinois Fighting Illini,defense,FS,1,Mac Resetich,SR,0,165525
Illinois Fighting Illini,defense,FS,2,Lavon Williams,RS-SR/TR,9,179784
Illinois Fighting Illini,defense,RCB,1,Juice Clarke,SR,6,160755
Illinois Fighting Illini,defense,RCB,2,Tanner Heckel,JR,16,171003
Illinois Fighting Illini,defense,RCB,3,Nick Hankins Jr.,FR,3,179765
Illinois Fighting Illini,defense,RCB,4,Almirian Thomas,FR,20,179779
Illinois Fighting Illini,defense,NB,1,Xavier Scott,RS-SR,1,155647
Illinois Fighting Illini,defense,NB,2,Deuce Fillmore,RS-SR/TR,22,177566
Illinois Fighting Illini,defense,NB,3,Andre Lovett Jr.,RS-FR,14,174402
Illinois Fighting Illini,special_teams,PT,1,Lars Rau,RS-SO/TR,81,172563
Illinois Fighting Illini,special_teams,PT,2,Jack Gray,FR,18,179764
Illinois Fighting Illini,special_teams,PK,1,Ethan Moczulski,RS-SR/TR,37,153043
Illinois Fighting Illini,special_teams,PK,2,Lucas Osada,RS-SO/TR,27,171235
Illinois Fighting Illini,special_teams,KO,1,Ethan Moczulski,RS-SR/TR,37,153043
Illinois Fighting Illini,special_teams,KO,2,Lucas Osada,RS-SO/TR,27,171235
Illinois Fighting Illini,special_teams,LS,1,Patrick Mahoney III,RS-JR,44,165523
Illinois Fighting Illini,special_teams,LS,2,Zach Haber,RS-JR/TR,49,80261
Illinois Fighting Illini,special_teams,H,1,Lars Rau,RS-SO/TR,81,172563
Illinois Fighting Illini,special_teams,H,2,Jack Gray,FR,18,179764
Illinois Fighting Illini,special_teams,PR,1,Eddie Kasper,RS-SR/TR,80,181317
Illinois Fighting Illini,special_teams,KR,1,Jayshon Platt,RS-SR/TR,1,155804
Illinois Fighting Illini,special_teams,KR,2,Ca'Lil Valentine,JR,5,168949
Indiana Hoosiers,offense,WR-X,1,Nick Marsh,JR/TR,11,168980
Indiana Hoosiers,offense,WR-X,2,Shazz Preston,RS-SR/TR,7,168606
Indiana Hoosiers,offense,WR-X,3,Myles Kendrick,RS-FR,82,175045
Indiana Hoosiers,offense,WR-Z,1,Charlie Becker,JR,80,171023
Indiana Hoosiers,offense,WR-Z,2,Davion Chandler,SO,4,175037
Indiana Hoosiers,offense,WR-SL,1,Tyler Morris,RS-SR/TR,8,152755
Indiana Hoosiers,offense,WR-SL,2,Lebron Bond,SO,6,174121
Indiana Hoosiers,offense,LT,1,Carter Smith,RS-SR,65,152914
Indiana Hoosiers,offense,LT,2,Baylor Wilkin,RS-FR,61,175051
Indiana Hoosiers,offense,LG,1,Drew Evans,RS-SR/TR,62,167547
Indiana Hoosiers,offense,LG,2,Evan Parker,RS-FR,66,175054
Indiana Hoosiers,offense,C,1,Bray Lynch,RS-SR,74,152905
Indiana Hoosiers,offense,C,2,Matt Marek,RS-FR,77,175046
Indiana Hoosiers,offense,RG,1,Adedamola Ajani,RS-SO,72,171022
Indiana Hoosiers,offense,RG,2,Sam Simpson,FR,75,178882
Indiana Hoosiers,offense,RT,1,Joe Brunner,RS-SR/TR,56,155648
Indiana Hoosiers,offense,RT,2,Austin Leibfried,RS-SO,70,171034
Indiana Hoosiers,offense,TE,1,Brock Schott,RS-FR/TR,88,174194
Indiana Hoosiers,offense,TE,2,Andrew Barker,RS-FR,85,175033
Indiana Hoosiers,offense,TE,3,Blake Thiry,RS-FR,84,175050
Indiana Hoosiers,offense,QB,1,Josh Hoover,RS-SR/TR,10,154018
Indiana Hoosiers,offense,QB,2,Grant Wilson,RS-SR/TR,2,160352
Indiana Hoosiers,offense,QB,3,Tyler Cherry,RS-FR,15,167876
Indiana Hoosiers,offense,QB,4,Jacob Bell,RS-FR,12,175052
Indiana Hoosiers,offense,RB,1,Turbo Richard,JR/TR,1,172898
Indiana Hoosiers,offense,RB,2,Khobie Martin,RS-SO,28,171035
Indiana Hoosiers,offense,RB,3,Lee Beebe Jr.,RS-SR/TR,29,157725
Indiana Hoosiers,offense,RB,4,Sean Cuono,RS-FR,20,175038
Indiana Hoosiers,offense,RB,5,Jayreon Campbell,FR,22,178885
Indiana Hoosiers,defense,DE,1,Chiddi Obiazor,RS-JR/TR,7,161861
Indiana Hoosiers,defense,DE,2,Josh Burnham,RS-SR/TR,8,152981
Indiana Hoosiers,defense,DE,3,Tyrone Burrus Jr.,RS-FR,99,175035
Indiana Hoosiers,defense,NT,1,Tyrique Tucker,RS-SR/TR,95,158967
Indiana Hoosiers,defense,NT,2,Jhrevious Hall,RS-FR,50,175042
Indiana Hoosiers,defense,DT,1,Mario Landino,JR,97,167880
Indiana Hoosiers,defense,DT,2,Joe Hjelle,RS-SR/TR,90,169774
Indiana Hoosiers,defense,DT,3,Kyler Garcia,RS-FR,94,175040
Indiana Hoosiers,defense,STUD,1,Tobi Osunsanmi,RS-SR/TR,12,155860
Indiana Hoosiers,defense,STUD,2,Daniel Ndukwe,JR,17,167881
Indiana Hoosiers,defense,STUD,3,Quentin Clark,RS-SO,40,171026
Indiana Hoosiers,defense,WLB,1,Rolijah Hardy,JR,5,171029
Indiana Hoosiers,defense,WLB,2,Jeff Utzinger,RS-SR,34,159349
Indiana Hoosiers,defense,WLB,3,Jacob Savage,FR,21,178880
Indiana Hoosiers,defense,WLB,4,Ja'Dyn Williams,FR,24,178871
Indiana Hoosiers,defense,WLB,5,Amari Kamara,RS-FR,44,175044
Indiana Hoosiers,defense,MLB,1,Isaiah Jones,RS-SR,46,152920
Indiana Hoosiers,defense,MLB,2,Kaiden Turner,RS-SR,14,152918
Indiana Hoosiers,defense,MLB,3,PJ Nelson,RS-FR,30,175047
Indiana Hoosiers,defense,MLB,4,Henry Ohlinger,FR,23,178878
Indiana Hoosiers,defense,MLB,5,Kaden McConnell,RS-SO,38,171036
Indiana Hoosiers,defense,LCB,1,Jamari Sharpe,RS-SR,22,152913
Indiana Hoosiers,defense,LCB,2,Ryland Gandy,RS-SR/TR,10,154225
Indiana Hoosiers,defense,LCB,3,Carson Williams,RS-SO/TR,0,178869
Indiana Hoosiers,defense,SS,1,Preston Zachman,GR/TR,6,140017
Indiana Hoosiers,defense,SS,2,Seaonta Stewart Jr.,RS-FR,9,174123
Indiana Hoosiers,defense,SS,3,Anthony Chung,RS-JR,31,165790
Indiana Hoosiers,defense,FS,1,Amare Ferrell,SR,1,160086
Indiana Hoosiers,defense,FS,2,Garrett Reese,RS-FR,33,175048
Indiana Hoosiers,defense,FS,3,Jamar Owens,FR,16,178881
Indiana Hoosiers,defense,RCB,1,A.J. Harris,SR/TR,4,167672
Indiana Hoosiers,defense,RCB,2,Jaylen Bell,SO,3,175034
Indiana Hoosiers,defense,NB,1,Byron Baldwin Jr.,SO,2,174122
Indiana Hoosiers,defense,NB,2,Quan Sanks,JR/TR,13,169433
Indiana Hoosiers,special_teams,PT,1,Billy Gowers,SO/TR,19,177309
Indiana Hoosiers,special_teams,PT,2,Quinn Warren,JR,93,171042
Indiana Hoosiers,special_teams,PK,1,Nico Radicic,RS-JR,15,163535
Indiana Hoosiers,special_teams,PK,2,Paddy McAteer,RS-SR/TR,35,173039
Indiana Hoosiers,special_teams,KO,1,Paddy McAteer,RS-SR/TR,35,173039
Indiana Hoosiers,special_teams,KO,2,Quinn Warren,JR,93,171042
Indiana Hoosiers,special_teams,LS,1,Drew Clausen,RS-SR/TR,49,168656
Indiana Hoosiers,special_teams,LS,2,Sam Lindsey,RS-JR/TR,45,167350
Indiana Hoosiers,special_teams,H,1,Billy Gowers,SO/TR,19,177309
Indiana Hoosiers,special_teams,PR,1,Tyler Morris,RS-SR/TR,8,152755
Indiana Hoosiers,special_teams,PR,2,Lebron Bond,SO,6,174121
Indiana Hoosiers,special_teams,KR,1,Turbo Richard,JR/TR,1,172898
Indiana Hoosiers,special_teams,KR,2,Shazz Preston,RS-SR/TR,7,168606
Iowa Hawkeyes,offense,WR-X,1,Reece Vander Zee,JR,2,170623
Iowa Hawkeyes,offense,WR-X,2,Dayton Howard,RS-JR,7,163321
Iowa Hawkeyes,offense,WR-Z,1,Tony Diaz,RS-SO/TR,14,179259
Iowa Hawkeyes,offense,WR-Z,2,Jarriett Buie,RS-JR,0,163320
Iowa Hawkeyes,offense,WR-SL,1,Evan James,SO/TR,8,179261
Iowa Hawkeyes,offense,WR-SL,2,KJ Parker,RS-SO,1,170620
Iowa Hawkeyes,offense,LT,1,Trevor Lauck,RS-JR,59,163282
Iowa Hawkeyes,offense,LT,2,Will Nolan,RS-SO,68,170619
Iowa Hawkeyes,offense,LG,1,Leighton Jones,RS-JR,64,163334
Iowa Hawkeyes,offense,LG,2,Cael Winter,RS-JR,61,165509
Iowa Hawkeyes,offense,C,1,Kade Pieper,RS-JR,58,163335
Iowa Hawkeyes,offense,C,2,Michael Myslinski,GR,53,150312
Iowa Hawkeyes,offense,RG,1,Trent Wilson,SO/TR,65,175421
Iowa Hawkeyes,offense,RG,2,Lucas Allgeyer,RS-FR,60,176407
Iowa Hawkeyes,offense,RT,1,Jack Dotzler,RS-SR,71,154568
Iowa Hawkeyes,offense,RT,2,Cannon Leonard,RS-JR,75,163323
Iowa Hawkeyes,offense,TE,1,DJ Vonnahme,RS-SO,81,170998
Iowa Hawkeyes,offense,TE,2,Addison Ostrenga,RS-SR,87,154583
Iowa Hawkeyes,offense,TE,3,Zach Ortwerth,SR,48,165504
Iowa Hawkeyes,offense,QB,1,Jeremy Hecklinski,RS-SO/TR,10,168580
Iowa Hawkeyes,offense,QB,2,Hank Brown,RS-JR/TR,9,160118
Iowa Hawkeyes,offense,QB,3,Jimmy Sullivan,RS-FR,3,174090
Iowa Hawkeyes,offense,RB,1,Kamari Moulton,RS-JR,28,163319
Iowa Hawkeyes,offense,RB,2,L.J. Phillips Jr.,RS-JR/TR,21,179271
Iowa Hawkeyes,offense,RB,3,Xavier Williams,RS-SO,26,170628
Iowa Hawkeyes,defense,LDE,1,Kenneth Merrieweather,RS-JR,44,163324
Iowa Hawkeyes,defense,LDE,2,Joseph Anderson,RS-SO,84,170625
Iowa Hawkeyes,defense,LDE,3,Lance Ingold,RS-SO/TR,95,173400
Iowa Hawkeyes,defense,LDT,1,Brice Stevenson,RS-JR/TR,92,179276
Iowa Hawkeyes,defense,LDT,2,Will Hubert,RS-SR,57,154576
Iowa Hawkeyes,defense,LDT,3,Luke Gaffney,RS-SR,51,154573
Iowa Hawkeyes,defense,RDT,1,Bryce Hawthorne,RS-JR/TR,96,174088
Iowa Hawkeyes,defense,RDT,2,Emmanuel Olagbaju,RS-JR/TR,88,179268
Iowa Hawkeyes,defense,RDT,3,Devan Kennedy,RS-SO,91,170617
Iowa Hawkeyes,defense,RDE,1,Iose Epenesa,RS-FR,97,176411
Iowa Hawkeyes,defense,RDE,2,Kahmari Brown,JR/TR,43,179258
Iowa Hawkeyes,defense,WLB,1,Landyn Van Kekerix,RS-SR/TR,23,154586
Iowa Hawkeyes,defense,WLB,2,Derek Weisskopf,RS-SO,22,170624
Iowa Hawkeyes,defense,MLB,1,Jayden Montgomery,RS-SR,36,154582
Iowa Hawkeyes,defense,MLB,2,Cam Buffington,RS-SO,33,170611
Iowa Hawkeyes,defense,CASH,1,Jacob Wallace,RS-FR,11,176419
Iowa Hawkeyes,defense,CASH,2,Preston Ries,RS-SO,46,170622
Iowa Hawkeyes,defense,LCB,1,Jaylen Watson,JR,3,170627
Iowa Hawkeyes,defense,LCB,2,Rashad Godfrey Jr.,RS-SO,7,170616
Iowa Hawkeyes,defense,SS,1,Anthony Hawkins,RS-SO/TR,5,179281
Iowa Hawkeyes,defense,SS,2,Ty Hudkins,RS-SO/TR,20,170344
Iowa Hawkeyes,defense,SS,3,Xavier Styles,RS-SO/TR,18,179278
Iowa Hawkeyes,defense,FS,1,Zach Lutmer,RS-JR,6,163332
Iowa Hawkeyes,defense,FS,2,Tyler Brown,JR/TR,2,171685
Iowa Hawkeyes,defense,FS,3,Cody Haddad,RS-FR/TR,0,173911
Iowa Hawkeyes,defense,RCB,1,Deshaun Lee,RS-SR,8,154580
Iowa Hawkeyes,defense,RCB,2,Alex Mota,RS-JR,14,163322
Iowa Hawkeyes,special_teams,PT,1,Tanner Philpott,JR/TR,35,179272
Iowa Hawkeyes,special_teams,PT,2,Boston Everitt,FR,49,179260
Iowa Hawkeyes,special_teams,PK,1,Eli Ozick,RS-JR/TR,25,179269
Iowa Hawkeyes,special_teams,PK,2,Caden Buhr,RS-FR,92,174086
Iowa Hawkeyes,special_teams,KO,1,Eli Ozick,RS-JR/TR,25,179269
Iowa Hawkeyes,special_teams,KO,2,Caden Buhr,RS-FR,92,174086
Iowa Hawkeyes,special_teams,LS,1,Ike Speltz,RS-SO,69,169701
Iowa Hawkeyes,special_teams,H,1,Tanner Philpott,JR/TR,35,179272
Iowa Hawkeyes,special_teams,H,2,Boston Everitt,FR,49,179260
Iowa Hawkeyes,special_teams,PR,1,Zach Lutmer,RS-JR,6,163332
Iowa Hawkeyes,special_teams,KR,1,Brevin Doll,RS-SO,23,170614
Iowa State Cyclones,offense,WR-X,1,Evan Boyd,RS-JR/TR,8,164371
Iowa State Cyclones,offense,WR-X,2,Carter Pabst,SO/TR,4,177540
Iowa State Cyclones,offense,WR-X,3,Trevor Fortenberry,RS-JR/TR,82,179239
Iowa State Cyclones,offense,WR-Z,1,Cody Jackson,RS-SR/TR,2,69795
Iowa State Cyclones,offense,WR-Z,2,Jordyn Bailey,RS-JR/TR,17,160607
Iowa State Cyclones,offense,WR-Z,3,Malcolm Watkins,FR,80,179253
Iowa State Cyclones,offense,WR-H,1,Dominic Overby,RS-SO,11,171461
Iowa State Cyclones,offense,WR-H,2,Omari Hayes,RS-SR/TR,9,157063
Iowa State Cyclones,offense,LT,1,Jake Taylor,RS-SR/TR,79,153014
Iowa State Cyclones,offense,LT,2,Austin Barrett,RS-JR/TR,72,165786
Iowa State Cyclones,offense,LT,3,Gabriel Greenlee,RS-SR,71,157103
Iowa State Cyclones,offense,LG,1,Caden Maas,RS-SR/TR,77,179256
Iowa State Cyclones,offense,LG,2,DeAndre Carter,RS-SO/TR,78,170632
Iowa State Cyclones,offense,C,1,Braden Smith,RS-SO/TR,63,179257
Iowa State Cyclones,offense,C,2,Gavin Broscious,RS-JR/TR,74,157324
Iowa State Cyclones,offense,RG,1,Colin Amick,RS-SO/TR,56,179234
Iowa State Cyclones,offense,RG,2,Cade Myer,RS-SR/TR,54,179247
Iowa State Cyclones,offense,RG,3,Trevor Bindel,RS-FR/TR,55,177522
Iowa State Cyclones,offense,RT,1,Garret Rutledge,RS-SO,65,171463
Iowa State Cyclones,offense,RT,2,Maasai King,RS-JR/TR,51,176022
Iowa State Cyclones,offense,RT,3,Gavin Proudfoot,RS-SR/TR,70,179248
Iowa State Cyclones,offense,TE,1,Tyler Fortenberry,RS-SR/TR,19,168376
Iowa State Cyclones,offense,TE,2,Christian Greenlaw,RS-JR/TR,88,179241
Iowa State Cyclones,offense,TE,3,Keaton Roskop,RS-SO,85,168660
Iowa State Cyclones,offense,QB,1,Jaylen Raynor,SR/TR,1,163839
Iowa State Cyclones,offense,QB,2,Zane Flores,RS-SO/TR,6,162358
Iowa State Cyclones,offense,QB,3,Connor Moberly,RS-SO,5,168658
Iowa State Cyclones,offense,QB,4,Wyatt Bohm,RS-JR,16,164556
Iowa State Cyclones,offense,QB,5,Hudson Kurland,FR,18,181805
Iowa State Cyclones,offense,RB,1,Cameron Pettaway,RS-SO/TR,0,173053
Iowa State Cyclones,offense,RB,2,Aiden Flora,RS-SO,21,171451
Iowa State Cyclones,offense,RB,3,Arnold Barnes III,SR/TR,3,161946
Iowa State Cyclones,offense,RB,4,Ryver Peppers,RS-FR,22,174098
Iowa State Cyclones,offense,RB,5,Caleb Francois,FR,20,181799
Iowa State Cyclones,defense,LDE,1,Isaac Terrell,SR/TR,88,161057
Iowa State Cyclones,defense,LDE,2,Malaki Ta'ase,JR/TR,98,169898
Iowa State Cyclones,defense,LDE,3,Jace Gilbert,RS-SO,55,171452
Iowa State Cyclones,defense,NT,1,Zaimir Hawk,RS-JR,0,164565
Iowa State Cyclones,defense,NT,2,Jareb Ramos,RS-SR/TR,90,179249
Iowa State Cyclones,defense,NT,3,Ka'Mori Moore,RS-FR,95,174096
Iowa State Cyclones,defense,DT,1,Bryson Lamb,RS-SR/TR,99,157554
Iowa State Cyclones,defense,DT,2,Max Baloun,RS-SR/TR,97,174874
Iowa State Cyclones,defense,DT,3,Donovan Fitzmaurice,SO/TR,89,177530
Iowa State Cyclones,defense,RDE,1,Caden Crawford,RS-SR/TR,92,154566
Iowa State Cyclones,defense,RDE,2,Jack Janikowski,RS-JR/TR,93,167256
Iowa State Cyclones,defense,RDE,3,Blake Hawkins,RS-SO/TR,91,179244
Iowa State Cyclones,defense,WLB,1,Montreze Smith Jr.,RS-SO/TR,31,170690
Iowa State Cyclones,defense,WLB,2,Willie Breland III,JR/TR,11,179235
Iowa State Cyclones,defense,MLB,1,Sullivan Schlimgen,SO/TR,7,177544
Iowa State Cyclones,defense,MLB,2,Tristan Exline,SR/TR,8,179238
Iowa State Cyclones,defense,MLB,3,Rylan Barnes,RS-JR,41,164553
Iowa State Cyclones,defense,SLB,1,Carson Willich,RS-SR,10,153314
Iowa State Cyclones,defense,SLB,2,Beau Goodwin,JR,34,171454
Iowa State Cyclones,defense,LCB,1,Jaheim Singletary,RS-SR/TR,9,163611
Iowa State Cyclones,defense,LCB,2,Beni Ngoyi,RS-JR,5,160509
Iowa State Cyclones,defense,LCB,3,Trillion Sorrell,RS-FR/TR,20,177545
Iowa State Cyclones,defense,SS,1,Drew Surges,RS-JR,6,164576
Iowa State Cyclones,defense,SS,2,Damarius Russell,RS-FR/TR,14,177543
Iowa State Cyclones,defense,FS,1,Micah Harper,RS-SR/TR,4,141333
Iowa State Cyclones,defense,FS,2,Duhron Goodman,RS-SR/TR,21,177531
Iowa State Cyclones,defense,RCB,1,Keyon Washington,RS-JR/TR,1,178386
Iowa State Cyclones,defense,RCB,2,Seth Johnson,RS-SO/TR,3,179245
Iowa State Cyclones,defense,NB,1,David Coffey,RS-SO,18,171447
Iowa State Cyclones,defense,NB,2,Malcolm Jones,RS-SR/TR,16,155707
Iowa State Cyclones,special_teams,PT,1,Ethan Gurney,FR,95,179242
Iowa State Cyclones,special_teams,PT,2,Jonah DuPont,RS-SO/TR,93,176964
Iowa State Cyclones,special_teams,PT,3,Adlai Lounsbury,RS-FR/TR,98,174900
Iowa State Cyclones,special_teams,PK,1,Kyle Konrardy,RS-JR,97,164568
Iowa State Cyclones,special_teams,PK,2,Chase Smith,SO,94,176976
Iowa State Cyclones,special_teams,KO,1,Kyle Konrardy,RS-JR,97,164568
Iowa State Cyclones,special_teams,KO,2,Chase Smith,SO,94,176976
Iowa State Cyclones,special_teams,LS,1,Caleb Schmidt,JR/TR,56,179251
Iowa State Cyclones,special_teams,LS,2,Gavin Schieler,RS-FR,57,176972
Iowa State Cyclones,special_teams,LS,3,Jacob Lyftogt,RS-JR,60,164569
Iowa State Cyclones,special_teams,H,1,Ethan Gurney,FR,95,179242
Iowa State Cyclones,special_teams,H,2,Jonah DuPont,RS-SO/TR,93,176964
Iowa State Cyclones,special_teams,H,3,Adlai Lounsbury,RS-FR/TR,98,174900
Iowa State Cyclones,special_teams,PR,1,Aiden Flora,RS-SO,21,171451
Iowa State Cyclones,special_teams,KR,1,Cameron Pettaway,RS-SO/TR,0,173053
Iowa State Cyclones,special_teams,KR,2,Aiden Flora,RS-SO,21,171451
Jacksonville State Gamecocks,offense,WR-X,1,Deondre Johnson,RS-JR/TR,11,165941
Jacksonville State Gamecocks,offense,WR-X,2,Jamill Williams,RS-SR/TR,17,181932
Jacksonville State Gamecocks,offense,WR-Z,1,Ronnel Johnson,SR/TR,9,177246
Jacksonville State Gamecocks,offense,WR-Z,2,Franklin Baret Jr.,RS-SO/TR,84,172167
Jacksonville State Gamecocks,offense,WR-Z,3,Cianan Williams,RS-SR/TR,80,177923
Jacksonville State Gamecocks,offense,WR-SL,1,Darius Cannon,RS-JR/TR,3,165286
Jacksonville State Gamecocks,offense,WR-SL,2,Dylan Gentry,RS-SO/TR,5,168091
Jacksonville State Gamecocks,offense,LT,1,Amarii Atchison,RS-JR/TR,74,181895
Jacksonville State Gamecocks,offense,LT,2,Jeremiah Orr,RS-SR/TR,70,77639
Jacksonville State Gamecocks,offense,LG,1,Hadine Diaby,RS-JR/TR,62,175728
Jacksonville State Gamecocks,offense,LG,2,Lance Johnson,SO,79,177913
Jacksonville State Gamecocks,offense,C,1,Lucas Mrachkovskiy,RS-SO,50,172140
Jacksonville State Gamecocks,offense,C,2,Britin Witt,JR/TR,65,181935
Jacksonville State Gamecocks,offense,RG,1,Ryan Walker,RS-JR/TR,55,181941
Jacksonville State Gamecocks,offense,RG,2,Caleb Holmes,RS-FR/TR,75,168569
Jacksonville State Gamecocks,offense,RT,1,Cam Stancil,RS-JR/TR,71,181925
Jacksonville State Gamecocks,offense,RT,2,Ryland Bragg,RS-SO,63,169970
Jacksonville State Gamecocks,offense,TE,1,David Alpers III,RS-SR/TR,83,181893
Jacksonville State Gamecocks,offense,TE,2,Luke Gilbert,SO,30,177907
Jacksonville State Gamecocks,offense,TE,3,Jameson Scissum,RS-FR,44,177919
Jacksonville State Gamecocks,offense,QB,1,Caden Creel,RS-JR,12,164955
Jacksonville State Gamecocks,offense,QB,2,Jack Moran,RS-FR,15,177926
Jacksonville State Gamecocks,offense,QB,3,Kadyn Palmer,RS-FR,2,183762
Jacksonville State Gamecocks,offense,RB,1,Jalen Likely,RS-SO,6,172135
Jacksonville State Gamecocks,offense,RB,2,Cedric Kouemi,FR,32,181912
Jacksonville State Gamecocks,defense,DE,1,Tae Floyd,RS-JR,15,164960
Jacksonville State Gamecocks,defense,DE,2,Angel Toombs,RS-JR/TR,14,162424
Jacksonville State Gamecocks,defense,DE,3,Marquis Hood,SR/TR,92,181909
Jacksonville State Gamecocks,defense,NT,1,Jawaun Campbell,JR,93,169971
Jacksonville State Gamecocks,defense,NT,2,Andrew Rumph,RS-JR/TR,99,163948
Jacksonville State Gamecocks,defense,NT,3,Christopher Johnson,RS-FR,28,177917
Jacksonville State Gamecocks,defense,NT,4,Marvin Stringfellow,RS-JR/TR,90,181926
Jacksonville State Gamecocks,defense,DT,1,Khurtiss Perry,RS-SR/TR,44,153601
Jacksonville State Gamecocks,defense,DT,2,Quay Hood,SO,16,177910
Jacksonville State Gamecocks,defense,DT,3,Nii Addy,RS-SO/TR,96,181890
Jacksonville State Gamecocks,defense,EDGE,1,Jacob Cruz,SR/TR,13,160890
Jacksonville State Gamecocks,defense,EDGE,2,Ian Mitchell,SO,53,177928
Jacksonville State Gamecocks,defense,EDGE,3,Mikey Rosa,RS-JR/TR,45,181922
Jacksonville State Gamecocks,defense,EDGE,4,Tristan Lyles,FR,31,181914
Jacksonville State Gamecocks,defense,WLB,1,Walker O'Steen,RS-SR,40,164989
Jacksonville State Gamecocks,defense,WLB,2,Morven Joseph,RS-SR/TR,2,154769
Jacksonville State Gamecocks,defense,WLB,3,Aidan Thompson,RS-JR,35,165006
Jacksonville State Gamecocks,defense,MLB,1,Mac Sanders,SO,59,177918
Jacksonville State Gamecocks,defense,MLB,2,Myles Butler,SR/TR,0,176306
Jacksonville State Gamecocks,defense,MLB,3,Jameson McCollough,FR,34,181916
Jacksonville State Gamecocks,defense,LCB,1,Jaheim Jenkins,RS-SR/TR,22,161645
Jacksonville State Gamecocks,defense,LCB,2,JQ Brooks,RS-FR,8,177903
Jacksonville State Gamecocks,defense,LCB,3,Rodarion Jones,FR,17,181911
Jacksonville State Gamecocks,defense,SS,1,Marc Woods,RS-SO,7,169987
Jacksonville State Gamecocks,defense,SS,2,Brennan Core,FR,12,181902
Jacksonville State Gamecocks,defense,FS,1,Caleb Nix,RS-SR/TR,1,153146
Jacksonville State Gamecocks,defense,FS,2,Rob Billings IV,RS-JR/TR,5,160289
Jacksonville State Gamecocks,defense,RCB,1,Tre'Quon Fegans,RS-SR/TR,3,163500
Jacksonville State Gamecocks,defense,RCB,2,Keiyon Turner,RS-SR/TR,18,181928
Jacksonville State Gamecocks,defense,RCB,3,Javan Allison,FR,29,181891
Jacksonville State Gamecocks,defense,NB,1,Jonavan Carr,RS-JR/TR,9,181899
Jacksonville State Gamecocks,defense,NB,2,Kaden Cook,RS-FR/TR,6,174677
Jacksonville State Gamecocks,special_teams,PT,1,Conor Donaghy,SO,87,178531
Jacksonville State Gamecocks,special_teams,PT,2,Cleat Forrest,RS-FR,97,178532
Jacksonville State Gamecocks,special_teams,PK,1,Garrison Rippa,RS-JR,37,164997
Jacksonville State Gamecocks,special_teams,PK,2,Conor Donaghy,SO,87,178531
Jacksonville State Gamecocks,special_teams,KO,1,Conor Donaghy,SO,87,178531
Jacksonville State Gamecocks,special_teams,KO,2,Garrison Rippa,RS-JR,37,164997
Jacksonville State Gamecocks,special_teams,LS,1,Dixon Musgrove,RS-JR/TR,45,181918
Jacksonville State Gamecocks,special_teams,LS,2,Rio Hay,RS-SO/TR,90,175893
Jacksonville State Gamecocks,special_teams,H,1,Caleb Nix,RS-SR/TR,1,153146
Jacksonville State Gamecocks,special_teams,H,2,Kadyn Palmer,RS-FR,2,183762
Jacksonville State Gamecocks,special_teams,PR,1,Caleb Nix,RS-SR/TR,1,153146
Jacksonville State Gamecocks,special_teams,PR,2,Dylan Gentry,RS-SO/TR,5,168091
Jacksonville State Gamecocks,special_teams,KR,1,Jamill Williams,RS-SR/TR,17,181932
Jacksonville State Gamecocks,special_teams,KR,2,Lucas Farrington,RS-FR,22,176302
James Madison Dukes,offense,WR-X,1,Jeremiah Harrison,SO/TR,8,181858
James Madison Dukes,offense,WR-X,2,Noah Grevious,RS-SO/TR,11,181856
James Madison Dukes,offense,WR-X,3,Kylan Billiot,RS-SO/TR,18,168985
James Madison Dukes,offense,WR-X,4,Micah Matthews,RS-FR/TR,28,174459
James Madison Dukes,offense,WR-Z,1,Corey Scott,RS-JR/TR,3,181873
James Madison Dukes,offense,WR-Z,2,Za'Ron Collins,RS-JR/TR,12,173842
James Madison Dukes,offense,WR-Z,3,Dylan Williams,RS-SO,88,169814
James Madison Dukes,offense,WR-SL,1,Braeden Wisloski,SR/TR,10,161262
James Madison Dukes,offense,WR-SL,2,Michael Scott,SO,17,175422
James Madison Dukes,offense,WR-SL,3,Davi Belfort,RS-SO/TR,9,171219
James Madison Dukes,offense,LT,1,DJ Fox,RS-SR/TR,77,181853
James Madison Dukes,offense,LT,2,Frankie Tinilau,RS-JR/TR,76,165973
James Madison Dukes,offense,LT,3,Griffin Hart,RS-JR,58,165715
James Madison Dukes,offense,LG,1,Tyler Brown,RS-SR/TR,56,161170
James Madison Dukes,offense,LG,2,Noel Portnjagin,RS-SO/TR,70,168010
James Madison Dukes,offense,C,1,Zach Greenberg,GR/TR,60,171228
James Madison Dukes,offense,RG,1,Evan Bushong,RS-SO,73,171659
James Madison Dukes,offense,RG,2,JaKobe Campbell,RS-SO,55,169799
James Madison Dukes,offense,RT,1,Deacon Rawls,RS-SO,71,171677
James Madison Dukes,offense,RT,2,Daniel Michel,RS-JR/TR,53,160868
James Madison Dukes,offense,TE,1,Cole Keller,RS-SR/TR,0,181863
James Madison Dukes,offense,TE,2,KD Mosley,JR/TR,13,181867
James Madison Dukes,offense,TE,3,Thatcher Miller,RS-SR/TR,82,181865
James Madison Dukes,offense,TE,4,Brian Hnat,RS-FR,84,175417
James Madison Dukes,offense,QB,1,Camden Coleman,RS-JR/TR,7,173840
James Madison Dukes,offense,QB,2,JC Evans,RS-SO,1,169803
James Madison Dukes,offense,QB,3,Arrington Maiden,RS-SO/TR,5,169825
James Madison Dukes,offense,QB,4,Tanner Vibabul,FR,14,181878
James Madison Dukes,offense,RB,1,George Pettaway,RS-SR/TR,6,78856
James Madison Dukes,offense,RB,2,Nick Herman,SO/TR,23,181882
James Madison Dukes,offense,RB,3,Seth Cromwell,RS-SR/TR,34,181849
James Madison Dukes,offense,RB,4,Jackson McCarter,RS-FR,21,175419
James Madison Dukes,offense,RB,5,Trashon Dye,RS-SO,22,171660
James Madison Dukes,defense,DE,1,Kei'Trone Simpson,SR/TR,9,181876
James Madison Dukes,defense,DE,2,Danny Royster,RS-SR/TR,17,158620
James Madison Dukes,defense,DE,3,Ernest Willor Jr.,RS-SO/TR,19,168930
James Madison Dukes,defense,NT,1,Rasheed Lovelace,RS-SR/TR,55,181864
James Madison Dukes,defense,NT,2,Kevin Roberts,JR/TR,5,181887
James Madison Dukes,defense,NT,3,Jakolbi Wilson,RS-SR/TR,91,181879
James Madison Dukes,defense,DT,1,Kells Bush,RS-SR/TR,88,163672
James Madison Dukes,defense,DT,2,Mychal McMullin,RS-JR,93,165720
James Madison Dukes,defense,DT,3,Cole Webster,RS-FR,99,175424
James Madison Dukes,defense,DT,4,Chukwunedu Okeke,RS-SO/TR,10,172000
James Madison Dukes,defense,JACK,1,Amar Thomas,RS-SR,8,158987
James Madison Dukes,defense,JACK,2,Mason Purham,RS-JR/TR,0,181869
James Madison Dukes,defense,JACK,3,Turner Schmidt,RS-SO/TR,98,176596
James Madison Dukes,defense,WLB,1,Gannon Weathersby,SR,3,165731
James Madison Dukes,defense,WLB,2,Jayden Studio,RS-SO/TR,26,170544
James Madison Dukes,defense,MLB,1,Nakian Jackson,RS-SR/TR,2,178543
James Madison Dukes,defense,MLB,2,JT Hooten,RS-SO/TR,15,181860
James Madison Dukes,defense,LCB,1,DJ Kelly,SO/TR,6,174920
James Madison Dukes,defense,LCB,2,Ken Willis,RS-SR/TR,23,153635
James Madison Dukes,defense,SS,1,Seth Gathers,RS-FR,31,178646
James Madison Dukes,defense,SS,2,Chase Regan,JR,22,169813
James Madison Dukes,defense,SS,3,Terrence Jones,JR/TR,25,181884
James Madison Dukes,defense,FS,1,Javis Mynatt,RS-SR/TR,7,175962
James Madison Dukes,defense,FS,2,TJ McGill,RS-JR/TR,16,173850
James Madison Dukes,defense,FS,3,Jayon Harvey,JR/TR,24,181859
James Madison Dukes,defense,RCB,1,Damier Minkah,RS-JR/TR,1,181866
James Madison Dukes,defense,RCB,2,Jamal Olford,RS-FR,27,178655
James Madison Dukes,defense,NB,1,KJ Flowe,JR,14,169804
James Madison Dukes,special_teams,PT,1,Patrick Rea,RS-SR/TR,11,154154
James Madison Dukes,special_teams,PT,2,Andrew Bennett,RS-SO/TR,84,173446
James Madison Dukes,special_teams,PK,1,Morgan Suarez,GR/TR,5,146212
James Madison Dukes,special_teams,PK,2,Baylen Woodman,SO/TR,95,175088
James Madison Dukes,special_teams,KO,1,Baylen Woodman,SO/TR,95,175088
James Madison Dukes,special_teams,KO,2,Morgan Suarez,GR/TR,5,146212
James Madison Dukes,special_teams,LS,1,Mitchell Dietzel,RS-JR/TR,47,166609
James Madison Dukes,special_teams,LS,2,Hayden Ross,RS-SO/TR,37,181872
James Madison Dukes,special_teams,H,1,Patrick Rea,RS-SR/TR,11,154154
James Madison Dukes,special_teams,H,2,Andrew Bennett,RS-SO/TR,84,173446
James Madison Dukes,special_teams,PR,1,Noah Grevious,RS-SO/TR,11,181856
James Madison Dukes,special_teams,PR,2,Michael Scott,SO,17,175422
James Madison Dukes,special_teams,KR,1,Braeden Wisloski,SR/TR,10,161262
James Madison Dukes,special_teams,KR,2,Nick Herman,SO/TR,23,181882
James Madison Dukes,special_teams,KR,3,George Pettaway,RS-SR/TR,6,78856
Kansas Jayhawks,offense,WR-X,1,Nik McMillan,RS-SR/TR,5,158538
Kansas Jayhawks,offense,WR-X,2,Bryson Hayes,RS-FR,12,175323
Kansas Jayhawks,offense,WR-Z,1,Nahzae Cox,SR/TR,0,175071
Kansas Jayhawks,offense,WR-Z,2,Keaton Kubecka,RS-JR,3,163902
Kansas Jayhawks,offense,WR-Z,3,Jackson Cook,RS-FR,89,175320
Kansas Jayhawks,offense,WR-SL,1,Cam Pickett,RS-SR/TR,7,158619
Kansas Jayhawks,offense,WR-SL,2,Tate Nagy,SO,11,175327
Kansas Jayhawks,offense,LT,1,Calvin Clements,RS-JR,75,161890
Kansas Jayhawks,offense,LT,2,Jack Tanner,RS-SO/TR,74,169783
Kansas Jayhawks,offense,LT,3,DeAndre Harper,RS-SO/TR,72,174836
Kansas Jayhawks,offense,LG,1,Amir Herring,RS-JR/TR,56,159978
Kansas Jayhawks,offense,LG,2,James Livingston,RS-SR,71,157970
Kansas Jayhawks,offense,LG,3,Eli Richmond,RS-SO,67,171401
Kansas Jayhawks,offense,C,1,Kasen Carpenter,RS-JR/TR,51,163988
Kansas Jayhawks,offense,C,2,Anderson Kopp,RS-FR,73,176997
Kansas Jayhawks,offense,RG,1,Connor Stroh,RS-JR/TR,79,160435
Kansas Jayhawks,offense,RG,2,Tavake Tuikolovatu,RS-JR/TR,54,159896
Kansas Jayhawks,offense,RG,3,Trezelle Jenkins Jr.,SO/TR,55,180464
Kansas Jayhawks,offense,RT,1,Nick Morrow,RS-JR/TR,52,161531
Kansas Jayhawks,offense,RT,2,Brandon Solis,RS-JR/TR,78,161327
Kansas Jayhawks,offense,RT,3,Antonio Wilson,RS-JR/TR,76,177003
Kansas Jayhawks,offense,TE,1,Carson Bruhn,RS-SO,44,171390
Kansas Jayhawks,offense,TE,2,Jailen Butler,RS-SR/TR,9,160339
Kansas Jayhawks,offense,TE,3,Leyton Cure,RS-SR/TR,87,171392
Kansas Jayhawks,offense,TE,4,Carter Moses,RS-SR/TR,85,180467
Kansas Jayhawks,offense,QB,1,Isaiah Marshall,RS-SO,8,169344
Kansas Jayhawks,offense,QB,2,Cole Ballard,RS-JR,15,163912
Kansas Jayhawks,offense,QB,3,Chase Jenkins,RS-JR/TR,10,162464
Kansas Jayhawks,offense,RB,1,Dylan Edwards,RS-JR/TR,1,161153
Kansas Jayhawks,offense,RB,2,Yasin Willis,JR/TR,6,169265
Kansas Jayhawks,offense,RB,3,Jalen Dupree,RS-SO/TR,4,173227
Kansas Jayhawks,defense,LDE,1,Alex Bray,SR/TR,91,160754
Kansas Jayhawks,defense,LDE,2,David Santiago,RS-JR/TR,44,170732
Kansas Jayhawks,defense,LDE,3,Adrian Holley,RS-FR,90,175324
Kansas Jayhawks,defense,NT,1,Eamon Smalls,RS-JR/TR,99,164605
Kansas Jayhawks,defense,NT,2,Jibriel Conde,RS-JR/TR,96,180458
Kansas Jayhawks,defense,DT,1,Blake Herold,RS-JR,94,163901
Kansas Jayhawks,defense,DT,2,Marcus Calvin,RS-JR,56,163898
Kansas Jayhawks,defense,DT,3,Kevin Oatis,RS-FR/TR,88,173980
Kansas Jayhawks,defense,RDE,1,Leroy Harris III,JR/TR,33,176994
Kansas Jayhawks,defense,RDE,2,Dakyus Brinkley,RS-SO,9,169340
Kansas Jayhawks,defense,RDE,3,Garrett Martin,RS-FR,45,176998
Kansas Jayhawks,defense,WLB,1,Bam Crouch,RS-SR/TR,7,153435
Kansas Jayhawks,defense,WLB,2,Jibreel Al-Amin,RS-SR/TR,25,164933
Kansas Jayhawks,defense,WLB,3,Malachi Curvey,SO,11,175321
Kansas Jayhawks,defense,MLB,1,Trey Lathan,RS-SR/TR,4,156026
Kansas Jayhawks,defense,MLB,2,Quincy Davis,RS-JR/TR,13,166170
Kansas Jayhawks,defense,MLB,3,Jaron Willis,RS-SR/TR,14,161284
Kansas Jayhawks,defense,LCB,1,Jalen Todd,JR,1,169349
Kansas Jayhawks,defense,LCB,2,Roman Pearson,RS-SR/TR,5,175935
Kansas Jayhawks,defense,LCB,3,Elijah Cannon,RS-SO/TR,10,169213
Kansas Jayhawks,defense,SS,1,Corey Gordon,RS-SR/TR,3,153580
Kansas Jayhawks,defense,SS,2,Christian Pritchett,RS-JR/TR,20,171295
Kansas Jayhawks,defense,FS,1,Taylor Davis,RS-JR,27,163913
Kansas Jayhawks,defense,FS,2,Jaden Harris,RS-SR/TR,12,157216
Kansas Jayhawks,defense,RCB,1,Austin Alexander,RS-SO,0,171388
Kansas Jayhawks,defense,RCB,2,Jahlil Hurley,RS-JR/TR,6,159851
Kansas Jayhawks,defense,NB,1,Khijohnn Cummings-Coleman,RS-SO/TR,22,171448
Kansas Jayhawks,defense,NB,2,Mason Ellis,RS-SR,23,157965
Kansas Jayhawks,defense,NB,3,Syeed Gibbs,RS-SR/TR,2,168728
Kansas Jayhawks,special_teams,PT,1,Matthew Gill,FR,99,180461
Kansas Jayhawks,special_teams,PT,2,Ben Shipley,FR,33,183111
Kansas Jayhawks,special_teams,PK,1,Martin Connington,RS-SO/TR,29,170296
Kansas Jayhawks,special_teams,PK,2,Dane Efird,RS-FR,98,176992
Kansas Jayhawks,special_teams,KO,1,Martin Connington,RS-SO/TR,29,170296
Kansas Jayhawks,special_teams,KO,2,Dane Efird,RS-FR,98,176992
Kansas Jayhawks,special_teams,LS,1,Rino Monteforte,RS-SR/TR,39,156181
Kansas Jayhawks,special_teams,LS,2,Hollis Moeller,RS-SO,49,171399
Kansas Jayhawks,special_teams,H,1,Matthew Gill,FR,99,180461
Kansas Jayhawks,special_teams,H,2,Ben Shipley,FR,33,183111
Kansas Jayhawks,special_teams,PR,1,Tate Nagy,SO,11,175327
Kansas Jayhawks,special_teams,PR,2,Keaton Kubecka,RS-JR,3,163902
Kansas Jayhawks,special_teams,KR,1,Dylan Edwards,RS-JR/TR,1,161153
Kansas Jayhawks,special_teams,KR,2,Tate Nagy,SO,11,175327
Kansas Jayhawks,special_teams,KR,3,Cam Pickett,RS-SR/TR,7,158619
Kansas State Wildcats,offense,WR-X,1,Jaron Tibbs,SR/TR,12,165564
Kansas State Wildcats,offense,WR-X,2,Adonis Moise,SO,17,174933
Kansas State Wildcats,offense,WR-X,3,Max Lovett,FR,14,179747
Kansas State Wildcats,offense,WR-X,4,Larry Porter IV,RS-FR,18,174938
Kansas State Wildcats,offense,WR-Z,1,Josh Manning,SR/TR,5,161322
Kansas State Wildcats,offense,WR-Z,2,Derrick Salley Jr.,JR/TR,15,179750
Kansas State Wildcats,offense,WR-Z,3,Isaac Koch,RS-SR,84,159114
Kansas State Wildcats,offense,WR-SL,1,Izaiah Williams,RS-SO/TR,1,168761
Kansas State Wildcats,offense,WR-SL,2,Brandon White,RS-SR/TR,8,153342
Kansas State Wildcats,offense,WR-SL,3,Sterling Lockett,RS-SR,6,155856
Kansas State Wildcats,offense,LT,1,Tyler Johnson,RS-JR/TR,65,160128
Kansas State Wildcats,offense,LG,1,Tanner Morley,RS-JR/TR,77,163703
Kansas State Wildcats,offense,LG,2,Chase Duarte,SO/TR,61,173820
Kansas State Wildcats,offense,LG,3,Navarro Schunke,RS-SO,74,171379
Kansas State Wildcats,offense,C,1,Delvin Morris,RS-JR/TR,57,164718
Kansas State Wildcats,offense,C,2,Kyle Rakers,RS-SO,55,168293
Kansas State Wildcats,offense,C,3,Michael Capria,RS-SR,66,157116
Kansas State Wildcats,offense,RG,1,Charlie Adams,JR/TR,79,179736
Kansas State Wildcats,offense,RG,2,Dylan Villarouel,RS-FR,71,174943
Kansas State Wildcats,offense,RG,3,Keiton Jones,RS-FR/TR,54,176204
Kansas State Wildcats,offense,RT,1,Gus Hawkins,RS-SO,70,171370
Kansas State Wildcats,offense,RT,2,George Fitzpatrick,RS-SR/TR,59,153732
Kansas State Wildcats,offense,TE,1,Garrett Oakley,RS-SR,86,155859
Kansas State Wildcats,offense,TE,2,Linkon Cure,SO,0,176949
Kansas State Wildcats,offense,TE,3,Will Anciaux,RS-JR,80,165143
Kansas State Wildcats,offense,QB,1,Avery Johnson,SR,2,161868
Kansas State Wildcats,offense,QB,2,Jacob Knuth,RS-SR/TR,7,165166
Kansas State Wildcats,offense,QB,3,Blake Barnett,RS-SO,3,168300
Kansas State Wildcats,offense,QB,4,Dillon Duff,RS-FR,10,174930
Kansas State Wildcats,offense,RB,1,Joe Jackson,RS-JR,4,163339
Kansas State Wildcats,offense,RB,2,Rodney Fields Jr.,RS-SO/TR,20,171345
Kansas State Wildcats,offense,RB,3,Jay Harris,RS-SR/TR,9,169459
Kansas State Wildcats,defense,LDE,1,Wendell Gregory,RS-SO/TR,1,168351
Kansas State Wildcats,defense,LDE,2,Travis Bates,SR/TR,39,168298
Kansas State Wildcats,defense,LDE,3,Jayden Bryant,RS-SO/TR,40,171693
Kansas State Wildcats,defense,LDE,4,Tucker Ashford,FR,98,179737
Kansas State Wildcats,defense,NT,1,Kamari Burns,RS-JR/TR,15,160485
Kansas State Wildcats,defense,NT,2,Holden Bass,RS-SO,75,171366
Kansas State Wildcats,defense,NT,3,Adrian Bekibele,FR,99,179739
Kansas State Wildcats,defense,DT,1,Austin Ramsey,RS-JR/TR,76,166208
Kansas State Wildcats,defense,DT,2,De'Arieun Hicks,RS-SO/TR,19,179744
Kansas State Wildcats,defense,DT,3,Patrick Tackie,RS-JR/TR,95,174942
Kansas State Wildcats,defense,RDE,1,Jordan Allen,RS-JR,91,163340
Kansas State Wildcats,defense,RDE,2,Elijah Hill,SO/TR,56,175399
Kansas State Wildcats,defense,RDE,3,Dalton Knapp,RS-FR,30,176953
Kansas State Wildcats,defense,RDE,4,Brad Stanyer,RS-FR,90,174941
Kansas State Wildcats,defense,WLB,1,Rex Van Wyhe,RS-SR/TR,28,161865
Kansas State Wildcats,defense,WLB,2,Darien Whitaker Jr.,RS-FR,6,174944
Kansas State Wildcats,defense,WLB,3,Asa Newsom,RS-JR,23,165157
Kansas State Wildcats,defense,MLB,1,Mekhi Mason,RS-SR/TR,4,79424
Kansas State Wildcats,defense,MLB,2,Gabe Powers,RS-SR/TR,35,152726
Kansas State Wildcats,defense,MLB,3,Jacobi Oliphant Jr.,RS-SO/TR,20,171354
Kansas State Wildcats,defense,LCB,1,Zashon Rich,JR,25,171378
Kansas State Wildcats,defense,LCB,2,Josiah Vilmael,FR,29,179751
Kansas State Wildcats,defense,LCB,3,JoJo Scott,RS-FR,21,176958
Kansas State Wildcats,defense,SS,1,Logan Bartley,SO,10,174928
Kansas State Wildcats,defense,SS,2,Ja'Son Prevard,SR/TR,3,174752
Kansas State Wildcats,defense,SS,3,Wesley Fair,RS-JR,18,161857
Kansas State Wildcats,defense,FS,1,Adrian Maddox,RS-SR/TR,2,169749
Kansas State Wildcats,defense,FS,2,Koy Beasley,RS-SO/TR,0,170341
Kansas State Wildcats,defense,FS,3,Jet Dineen,RS-SR,14,157117
Kansas State Wildcats,defense,RCB,1,Kaleb Patterson,RS-SR/TR,7,160774
Kansas State Wildcats,defense,RCB,2,Donovan McIntosh,RS-JR,9,165154
Kansas State Wildcats,defense,RCB,3,Garrick Dixon,FR,32,179742
Kansas State Wildcats,defense,NB,1,Micheal Graham Jr.,JR/TR,5,179743
Kansas State Wildcats,defense,NB,2,Jack Fabris,RS-JR,36,165150
Kansas State Wildcats,special_teams,PT,1,Simon McClannan,RS-JR,8,161860
Kansas State Wildcats,special_teams,PT,2,Dylan Davidson,RS-SO/TR,29,179741
Kansas State Wildcats,special_teams,PK,1,Luis Rodriguez,JR/TR,43,178329
Kansas State Wildcats,special_teams,PK,2,Robert Hammond III,RS-JR/TR,37,167055
Kansas State Wildcats,special_teams,KO,1,Simon McClannan,RS-JR,8,161860
Kansas State Wildcats,special_teams,LS,1,Andrew Johnson,RS-JR,33,173067
Kansas State Wildcats,special_teams,LS,2,Jaxson Duffield,RS-FR/TR,45,174364
Kansas State Wildcats,special_teams,H,1,Simon McClannan,RS-JR,8,161860
Kansas State Wildcats,special_teams,H,2,Dylan Davidson,RS-SO/TR,29,179741
Kansas State Wildcats,special_teams,PR,1,Sterling Lockett,RS-SR,6,155856
Kansas State Wildcats,special_teams,PR,2,Izaiah Williams,RS-SO/TR,1,168761
Kansas State Wildcats,special_teams,KR,1,Brandon White,RS-SR/TR,8,153342
Kansas State Wildcats,special_teams,KR,2,Monterrio Elston Jr.,RS-FR,31,174931
Kansas State Wildcats,special_teams,KR,3,Sterling Lockett,RS-SR,6,155856
Kennesaw State Owls,offense,WR-X,1,Javon Rogers,RS-SO,15,170906
Kennesaw State Owls,offense,WR-X,2,Dylan Gary,RS-SR/TR,13,156842
Kennesaw State Owls,offense,WR-X,3,Erik Ronning,SO,81,178032
Kennesaw State Owls,offense,WR-Z,1,Brayden Munroe,SR/TR,11,181751
Kennesaw State Owls,offense,WR-Z,2,Navelle Dean,RS-JR,7,170840
Kennesaw State Owls,offense,WR-Z,3,Keon Davis,JR/TR,0,181768
Kennesaw State Owls,offense,WR-SL,1,Davis Bryson,RS-SR,9,170831
Kennesaw State Owls,offense,WR-SL,2,Zion Booker,SR/TR,4,176301
Kennesaw State Owls,offense,WR-SL,3,Devaughn Slaughter,SO/TR,8,181759
Kennesaw State Owls,offense,LT,1,JaDarious Lee,RS-SR/TR,56,156489
Kennesaw State Owls,offense,LT,2,ZaMario Woodgett,RS-FR,71,175396
Kennesaw State Owls,offense,LG,1,Mike Wallace Jr.,SO/TR,51,181765
Kennesaw State Owls,offense,LG,2,Darius Neals,RS-SO/TR,62,181753
Kennesaw State Owls,offense,C,1,Mateo Guevara,RS-SR/TR,55,154750
Kennesaw State Owls,offense,C,2,Chase Stevens,RS-SO/TR,69,168014
Kennesaw State Owls,offense,RG,1,Precious Ekeh,RS-JR/TR,75,181744
Kennesaw State Owls,offense,RG,2,Luke Duska,RS-SR/TR,66,181743
Kennesaw State Owls,offense,RG,3,Havik Pettigrew,RS-SR,52,170868
Kennesaw State Owls,offense,RT,1,Nikola Milovac,RS-JR/TR,76,161710
Kennesaw State Owls,offense,RT,2,Jamiel Williams,RS-FR,59,175394
Kennesaw State Owls,offense,TE,1,Gerard Bullock Jr.,GR/TR,17,178027
Kennesaw State Owls,offense,TE,2,Reed Jesiolowski,JR/TR,19,172221
Kennesaw State Owls,offense,TE,3,Jamari Harrold,SO,88,175385
Kennesaw State Owls,offense,TE,4,Chase Tatum,FR,87,181762
Kennesaw State Owls,offense,TE,5,Darren Pinkard,FR,82,181755
Kennesaw State Owls,offense,QB,1,Rickie Collins,RS-JR/TR,1,161011
Kennesaw State Owls,offense,QB,2,Landon Varnes,SO/TR,2,181764
Kennesaw State Owls,offense,QB,3,Skyler Williams,RS-FR,3,175395
Kennesaw State Owls,offense,QB,4,Jamarcus Harrison,FR,5,181746
Kennesaw State Owls,offense,RB,1,Latrelle Murrell,RS-JR/TR,6,181752
Kennesaw State Owls,offense,RB,2,Triston Morgan,SR/TR,21,181750
Kennesaw State Owls,offense,RB,3,Boogie Woods III,RS-SO/TR,24,181767
Kennesaw State Owls,offense,RB,4,Devin Ingram,RS-SO/TR,26,178764
Kennesaw State Owls,offense,RB,5,Celley Davis,FR,20,181742
Kennesaw State Owls,defense,DE,1,Marcus Patterson,RS-SR/TR,6,157715
Kennesaw State Owls,defense,DE,2,Ugonna Nwoha,RS-SR,55,170864
Kennesaw State Owls,defense,DE,3,Nasir Smith,RS-SO/TR,99,172534
Kennesaw State Owls,defense,NT,1,Jackson Cooper,SO,92,175380
Kennesaw State Owls,defense,NT,2,Jaiden Crawford,SR/TR,97,181741
Kennesaw State Owls,defense,DT,1,Jaiden Grimes,JR,96,170901
Kennesaw State Owls,defense,DT,2,Devin Morgan,RS-SR/TR,15,155354
Kennesaw State Owls,defense,DT,3,AJ Miller,RS-JR,53,170886
Kennesaw State Owls,defense,RUSH,1,Donovan Westmoreland,RS-SR/TR,1,79015
Kennesaw State Owls,defense,RUSH,2,Corey Kelly,RS-JR/TR,8,165173
Kennesaw State Owls,defense,RUSH,3,Kai Russell,RS-SR/TR,31,181757
Kennesaw State Owls,defense,RUSH,4,Byron Jackson,RS-FR,41,175387
Kennesaw State Owls,defense,WLB,1,Tywon Christopher,RS-SO,11,170896
Kennesaw State Owls,defense,WLB,2,Josh Anglin,JR/TR,18,177077
Kennesaw State Owls,defense,WLB,3,Karson Moss,SO,28,178030
Kennesaw State Owls,defense,WLB,4,Montra Sanford,JR/TR,33,181758
Kennesaw State Owls,defense,MLB,1,Baron Hopson,GR/TR,44,170851
Kennesaw State Owls,defense,MLB,2,Alfred Thomas,JR/TR,16,181770
Kennesaw State Owls,defense,MLB,3,Jeremy Greaves Jr.,SR/TR,46,181745
Kennesaw State Owls,defense,LCB,1,Tay'vion Lawson,SO,5,175388
Kennesaw State Owls,defense,LCB,2,Ethan Tookes,RS-JR/TR,10,175392
Kennesaw State Owls,defense,LCB,3,Luke Evans,RS-JR/TR,7,162139
Kennesaw State Owls,defense,SS,1,Alexander Ford,RS-SR/TR,4,157721
Kennesaw State Owls,defense,SS,2,Perry Fisher,RS-SR/TR,0,152929
Kennesaw State Owls,defense,FS,1,Isaac Paul,RS-JR,9,170865
Kennesaw State Owls,defense,FS,2,Cam Miller,RS-SR/TR,13,164032
Kennesaw State Owls,defense,FS,3,Maliki Wright,RS-FR/TR,19,174283
Kennesaw State Owls,defense,RCB,1,Tyler Hallum,RS-SR/TR,20,170846
Kennesaw State Owls,defense,RCB,2,Kaleb Gray,RS-JR/TR,14,176521
Kennesaw State Owls,defense,RCB,3,Ja'Lyen Judson,RS-FR/TR,21,175147
Kennesaw State Owls,defense,NB,1,Kody Jones,GR/TR,12,152742
Kennesaw State Owls,defense,NB,2,Tony Williams Jr.,RS-FR/TR,2,174570
Kennesaw State Owls,defense,NB,3,Jecari Bryson,RS-SR/TR,3,181736
Kennesaw State Owls,special_teams,PT,1,Matt McKenzie,RS-SR/TR,34,177034
Kennesaw State Owls,special_teams,PK,1,Daniel Kinney,RS-FR,89,178034
Kennesaw State Owls,special_teams,KO,1,Daniel Kinney,RS-FR,89,178034
Kennesaw State Owls,special_teams,LS,1,Brock Walters,RS-JR/TR,45,160351
Kennesaw State Owls,special_teams,LS,2,Ben Blanton,RS-SO,43,172150
Kennesaw State Owls,special_teams,H,1,Matt McKenzie,RS-SR/TR,34,177034
Kennesaw State Owls,special_teams,PR,1,Zion Booker,SR/TR,4,176301
Kennesaw State Owls,special_teams,KR,1,Davis Bryson,RS-SR,9,170831
Kennesaw State Owls,special_teams,KR,2,Kody Jones,GR/TR,12,152742
Kent State Golden Flashes,offense,WR-X,1,Ardell Banks,RS-JR/TR,1,159795
Kent State Golden Flashes,offense,WR-X,2,Maurice Stephens,RS-FR,23,177620
Kent State Golden Flashes,offense,WR-X,3,Teaunn Hunter,RS-FR,80,176008
Kent State Golden Flashes,offense,WR-Z,1,Da'Realyst Clark,RS-SR/TR,8,176001
Kent State Golden Flashes,offense,WR-Z,2,Jay Jay Etheridge,JR,3,170538
Kent State Golden Flashes,offense,WR-SL,1,Wayne Harris,RS-SO,6,170540
Kent State Golden Flashes,offense,WR-SL,2,Jared Kelley,RS-JR,4,167117
Kent State Golden Flashes,offense,LT,1,Tyler Meadows,SO,78,177615
Kent State Golden Flashes,offense,LT,2,Cecil Wilson,RS-JR,72,164442
Kent State Golden Flashes,offense,LG,1,Dustyn Morell,RS-SR,54,158809
Kent State Golden Flashes,offense,LG,2,Boston Crowell,RS-FR,75,177606
Kent State Golden Flashes,offense,LG,3,Donovan Dark,RS-FR/TR,74,182131
Kent State Golden Flashes,offense,C,1,Ben Midea,JR/TR,50,182143
Kent State Golden Flashes,offense,C,2,Max Gembus,RS-FR,67,177609
Kent State Golden Flashes,offense,RG,1,Jaxon Dunn,RS-SO,55,172388
Kent State Golden Flashes,offense,RG,2,Mason Imbt,RS-SR/TR,62,182135
Kent State Golden Flashes,offense,RG,3,Rico Steele,RS-SO/TR,77,173060
Kent State Golden Flashes,offense,RT,1,Mofe Adewole,RS-SR/TR,76,182123
Kent State Golden Flashes,offense,RT,2,Hudson Chasko,RS-SR/TR,70,177604
Kent State Golden Flashes,offense,TE,1,Hunter Hopperton,RS-SR/TR,18,170541
Kent State Golden Flashes,offense,TE,2,Terik Mulder,RS-SR/TR,89,177617
Kent State Golden Flashes,offense,TE,3,Zy'aire Fletcher,RS-FR,11,177607
Kent State Golden Flashes,offense,TE,4,Garrett Long,RS-FR,83,177612
Kent State Golden Flashes,offense,TE,5,Dakota Taylor,RS-SO,13,172403
Kent State Golden Flashes,offense,QB,1,Dru DeShields,RS-JR,12,167113
Kent State Golden Flashes,offense,QB,2,Nolan Good,RS-FR,2,177610
Kent State Golden Flashes,offense,QB,3,Deante Ruffin,RS-FR,14,177619
Kent State Golden Flashes,offense,QB,4,Ethan Thanthanavong,SO/TR,10,182156
Kent State Golden Flashes,offense,RB,1,Mason King,GR/TR,0,179426
Kent State Golden Flashes,offense,RB,2,Jakorion Caffey,RS-SO/TR,5,171506
Kent State Golden Flashes,offense,RB,3,Brandon White,FR,22,182164
Kent State Golden Flashes,offense,RB,4,Donovan Delaney Jr.,RS-SR/TR,25,162477
Kent State Golden Flashes,offense,RB,5,Ayden Harris,RS-SO,33,170547
Kent State Golden Flashes,defense,LDE,1,Antonio Bottiggi,RS-SO,44,172382
Kent State Golden Flashes,defense,LDE,2,Mohammed Hazime,RS-SR,88,158803
Kent State Golden Flashes,defense,LDT,1,Thomas Aden,RS-SR/TR,5,159607
Kent State Golden Flashes,defense,LDT,2,Camdon Wilborn,RS-SO/TR,11,182158
Kent State Golden Flashes,defense,LDT,3,Aiden Burgess,RS-SO,52,172385
Kent State Golden Flashes,defense,RDT,1,Darian Blachewicz,SO,0,175999
Kent State Golden Flashes,defense,RDT,2,Josue Cordoba,RS-SO,8,172386
Kent State Golden Flashes,defense,RDE,1,Jaihien Roy,RS-SO,33,172402
Kent State Golden Flashes,defense,RDE,2,Garrett Dial,RS-SO,50,172387
Kent State Golden Flashes,defense,RDE,3,Bryce Griffin,RS-FR,90,177611
Kent State Golden Flashes,defense,WLB,1,Hayden Dawahare,RS-JR/TR,10,165288
Kent State Golden Flashes,defense,WLB,2,Sayed Abuhamdeh,RS-JR,15,164430
Kent State Golden Flashes,defense,WLB,3,Quan Rhodes-McKee,RS-SO/TR,13,182147
Kent State Golden Flashes,defense,MLB,1,Rocco Nicholl,RS-SR/TR,4,158811
Kent State Golden Flashes,defense,MLB,2,Nate Gregory,RS-FR/TR,35,176260
Kent State Golden Flashes,defense,SLB,1,Semaj Bridgeman,RS-JR/TR,17,159971
Kent State Golden Flashes,defense,SLB,2,Trey Rubinstein,SO,32,177618
Kent State Golden Flashes,defense,LCB,1,A'tiq Muhammad,RS-SR/TR,1,154737
Kent State Golden Flashes,defense,LCB,2,Lennox Lemon,FR,27,182140
Kent State Golden Flashes,defense,LCB,3,Lionel Burns III,RS-FR/TR,12,182129
Kent State Golden Flashes,defense,SS,1,Derrick Jackson III,SO,3,176009
Kent State Golden Flashes,defense,SS,2,Clinton Robinson,RS-SO,38,172401
Kent State Golden Flashes,defense,FS,1,Joel Cordoba,SO,2,176002
Kent State Golden Flashes,defense,FS,2,Norey Johnson,RS-SR/TR,18,182138
Kent State Golden Flashes,defense,FS,3,Martell Buchanan,RS-SO,25,172384
Kent State Golden Flashes,defense,RCB,1,Davion Pritchard,RS-SO/TR,22,172870
Kent State Golden Flashes,defense,RCB,2,Angelo Stockstill,RS-JR/TR,7,164317
Kent State Golden Flashes,defense,NB,1,DJ Barnes,SR/TR,19,175998
Kent State Golden Flashes,special_teams,PT,1,Jake Stoeckel,RS-FR,97,177621
Kent State Golden Flashes,special_teams,PT,2,Kolten Ford,SR/TR,42,182133
Kent State Golden Flashes,special_teams,PK,1,Sean Leonard,RS-FR,96,177627
Kent State Golden Flashes,special_teams,PK,2,Eli Tucker,RS-SO/TR,39,182157
Kent State Golden Flashes,special_teams,PK,3,Tommy Newcomb,RS-SO,49,172398
Kent State Golden Flashes,special_teams,KO,1,Eli Tucker,RS-SO/TR,39,182157
Kent State Golden Flashes,special_teams,KO,2,Sean Leonard,RS-FR,96,177627
Kent State Golden Flashes,special_teams,KO,3,Tommy Newcomb,RS-SO,49,172398
Kent State Golden Flashes,special_teams,LS,1,Gus Goodell,GR,41,150252
Kent State Golden Flashes,special_teams,LS,2,Chase Mantooth,FR,48,182141
Kent State Golden Flashes,special_teams,H,1,Jake Stoeckel,RS-FR,97,177621
Kent State Golden Flashes,special_teams,H,2,Kolten Ford,SR/TR,42,182133
Kent State Golden Flashes,special_teams,PR,1,Wayne Harris,RS-SO,6,170540
Kent State Golden Flashes,special_teams,PR,2,Da'Realyst Clark,RS-SR/TR,8,176001
Kent State Golden Flashes,special_teams,KR,1,Da'Realyst Clark,RS-SR/TR,8,176001
Kent State Golden Flashes,special_teams,KR,2,Maurice Stephens,RS-FR,23,177620
Kentucky Wildcats,offense,WR-X,1,DJ Miller,SO,7,175021
Kentucky Wildcats,offense,WR-X,2,Xavier Daisy,JR/TR,18,170927
Kentucky Wildcats,offense,WR-X,3,Brock Coffman,RS-FR/TR,12,176488
Kentucky Wildcats,offense,WR-Z,1,Ja'Kayden Ferguson,SO/TR,5,175301
Kentucky Wildcats,offense,WR-Z,2,Nic Anderson,RS-SR/TR,4,153028
Kentucky Wildcats,offense,WR-Z,3,Kenny Darby,FR,19,179171
Kentucky Wildcats,offense,WR-F,1,Shane Carr,JR/TR,6,179187
Kentucky Wildcats,offense,WR-F,2,Denairius Gray,FR,13,179173
Kentucky Wildcats,offense,WR-F,3,Prince Jean,FR,83,179175
Kentucky Wildcats,offense,LT,1,Lance Heard,SR/TR,53,79666
Kentucky Wildcats,offense,LT,2,Mark Robinson,JR/TR,67,175903
Kentucky Wildcats,offense,LT,3,Jermiel Atkins Jr.,RS-FR,74,175028
Kentucky Wildcats,offense,LG,1,Tegra Tshabola,RS-SR/TR,77,157316
Kentucky Wildcats,offense,LG,2,Aba Selm,RS-SO,55,168317
Kentucky Wildcats,offense,C,1,Coleton Price,RS-SR/TR,72,153587
Kentucky Wildcats,offense,C,2,Hayes Johnson,RS-SO,75,168312
Kentucky Wildcats,offense,RG,1,Olaus Alinen,RS-JR/TR,73,159838
Kentucky Wildcats,offense,RG,2,Jordan Knox,RS-JR/TR,57,161241
Kentucky Wildcats,offense,RG,3,Jay Clark,RS-FR,79,175029
Kentucky Wildcats,offense,RT,1,Malachi Wood,RS-JR,71,159807
Kentucky Wildcats,offense,RT,2,Max Anderson,RS-SO/TR,50,169164
Kentucky Wildcats,offense,RT,3,Cameron Jones,RS-JR/TR,78,165732
Kentucky Wildcats,offense,TE,1,Willie Rodriguez,JR,81,170784
Kentucky Wildcats,offense,TE,2,Henry Boyer,RS-SR/TR,87,152809
Kentucky Wildcats,offense,TE,3,Mikkel Skinner,RS-FR,8,175022
Kentucky Wildcats,offense,TE,4,Elijah Brown,RS-SR/TR,85,163959
Kentucky Wildcats,offense,TE,5,Justin Kattus,RS-SO,44,170780
Kentucky Wildcats,offense,QB,1,Kenny Minchey,RS-JR/TR,3,162303
Kentucky Wildcats,offense,QB,2,JacQai Long,RS-SO/TR,16,170242
Kentucky Wildcats,offense,QB,3,Matt Ponatoski,FR,9,179182
Kentucky Wildcats,offense,QB,4,Brennen Ward,RS-FR,14,175019
Kentucky Wildcats,offense,QB,5,Carson Cruver,RS-JR/TR,15,167053
Kentucky Wildcats,offense,RB,1,CJ Baxter,RS-JR/TR,1,160417
Kentucky Wildcats,offense,RB,2,Jovantae Barnes,RS-SR/TR,2,152998
Kentucky Wildcats,offense,RB,3,Jason Patterson,RS-SO,26,168316
Kentucky Wildcats,offense,RB,4,Martels Carter Jr.,RS-FR,0,173880
Kentucky Wildcats,offense,RB,5,Delvecchio Alston II,FR,22,179169
Kentucky Wildcats,defense,DE,1,Mi'Quise Humphrey-Grace,RS-SR/TR,90,173879
Kentucky Wildcats,defense,DE,2,Brian Robinson,RS-SO,23,168324
Kentucky Wildcats,defense,DE,3,Tyler Thomas,RS-JR/TR,97,164610
Kentucky Wildcats,defense,NT,1,Jamarrion Harkless,RS-JR/TR,7,160067
Kentucky Wildcats,defense,NT,2,Kalen Edwards,SO,93,175012
Kentucky Wildcats,defense,NT,3,Dominic Wiseman,RS-SR/TR,96,72460
Kentucky Wildcats,defense,DT,1,Tavion Gadson,RS-JR,94,159799
Kentucky Wildcats,defense,DT,2,Ahmad Breaux,JR/TR,6,168986
Kentucky Wildcats,defense,DT,3,Jaden Williams,RS-SR/TR,91,154497
Kentucky Wildcats,defense,JACK,1,Sam Greene,RS-JR/TR,2,160450
Kentucky Wildcats,defense,JACK,2,Lorenzo Cowan,RS-SO/TR,8,169473
Kentucky Wildcats,defense,JACK,3,Cedric Works,SO,15,175026
Kentucky Wildcats,defense,WLB,1,Antwan Smith,JR,4,168319
Kentucky Wildcats,defense,WLB,2,Elijah Barnes,RS-FR/TR,0,175651
Kentucky Wildcats,defense,WLB,3,Quintavion Norman,RS-SO,31,170783
Kentucky Wildcats,defense,MLB,1,Grant Godfrey,RS-JR,22,159800
Kentucky Wildcats,defense,MLB,2,Tavion Wallace,SO/TR,25,173982
Kentucky Wildcats,defense,MLB,3,Devin Smith,RS-SO,32,170788
Kentucky Wildcats,defense,LCB,1,Hasaan Sykes,JR/TR,12,179184
Kentucky Wildcats,defense,LCB,2,Grant Grayton,SO,30,175023
Kentucky Wildcats,defense,LCB,3,Demarcus Gardner,RS-FR,28,175013
Kentucky Wildcats,defense,SS,1,Ty Bryant,SR,14,159797
Kentucky Wildcats,defense,SS,2,Cyrus Reyes,JR/TR,13,169226
Kentucky Wildcats,defense,SS,3,Andrew Purcell,RS-FR,26,175024
Kentucky Wildcats,defense,FS,1,Jordan Castell,SR/TR,5,160696
Kentucky Wildcats,defense,FS,2,Jesse Anderson III,RS-JR/TR,16,165865
Kentucky Wildcats,defense,FS,3,Dyllon Williams,RS-FR,10,175020
Kentucky Wildcats,defense,RCB,1,Terhyon Nichols,JR,20,168315
Kentucky Wildcats,defense,RCB,2,Nasir Addison,SR,21,159792
Kentucky Wildcats,defense,RCB,3,Kevis Thomas,SR/TR,19,164470
Kentucky Wildcats,defense,NB,1,Aaron Gates,RS-JR/TR,3,162429
Kentucky Wildcats,defense,NB,2,Jaden Smith,RS-SO,24,170787
Kentucky Wildcats,special_teams,PT,1,Thomas O'Hara,JR/TR,48,179181
Kentucky Wildcats,special_teams,PT,2,Wilson Berry,RS-SR,93,148037
Kentucky Wildcats,special_teams,PK,1,Jacob Kauwe,RS-SO,91,170781
Kentucky Wildcats,special_teams,PK,2,Adam Zouagui,SR/TR,88,175005
Kentucky Wildcats,special_teams,KO,1,Jacob Kauwe,RS-SO,91,170781
Kentucky Wildcats,special_teams,KO,2,Adam Zouagui,SR/TR,88,175005
Kentucky Wildcats,special_teams,LS,1,Cole Marszalek,RS-JR/TR,40,166640
Kentucky Wildcats,special_teams,LS,2,Spencer Radnoti,RS-SO/TR,97,172426
Kentucky Wildcats,special_teams,LS,3,Jack Wheeler,FR,59,183745
Kentucky Wildcats,special_teams,H,1,Thomas O'Hara,JR/TR,48,179181
Kentucky Wildcats,special_teams,H,2,Wilson Berry,RS-SR,93,148037
Kentucky Wildcats,special_teams,PR,1,Ty Bryant,SR,14,159797
Kentucky Wildcats,special_teams,KR,1,Ja'Kayden Ferguson,SO/TR,5,175301
Kentucky Wildcats,special_teams,KR,2,Martels Carter Jr.,RS-FR,0,173880
Kentucky Wildcats,special_teams,KR,3,Jason Patterson,RS-SO,26,168316
Liberty Flames,offense,WR-X,1,Rashawn Cunningham,RS-SO/TR,12,180837
Liberty Flames,offense,WR-X,2,Jon Monteiro,RS-SO,10,171980
Liberty Flames,offense,WR-X,3,Nasir Newkirk,RS-FR,8,175875
Liberty Flames,offense,WR-Z,1,Jamari Person,RS-JR/TR,3,163705
Liberty Flames,offense,WR-Z,2,Refeno Vangates,RS-SR/TR,19,180855
Liberty Flames,offense,WR-Z,3,Bryce Randolph,RS-FR,9,175878
Liberty Flames,offense,WR-SL,1,Makai Jackson,RS-SR/TR,2,161412
Liberty Flames,offense,WR-SL,2,Darius Copeland,RS-JR,1,165623
Liberty Flames,offense,WR-SL,3,Eric Smith,RS-SO,16,171989
Liberty Flames,offense,LT,1,D.J. Geth,RS-JR/TR,51,162245
Liberty Flames,offense,LT,2,Jude Foster,RS-SO/TR,58,167960
Liberty Flames,offense,LT,3,Kevin Evehe,SO/TR,52,180840
Liberty Flames,offense,LG,1,Joep Engbers,RS-JR/TR,60,165518
Liberty Flames,offense,C,1,Aaron Fenimore,RS-JR,61,161933
Liberty Flames,offense,C,2,Gabe Smith,RS-FR,76,176990
Liberty Flames,offense,RG,1,Alex Birchmeier,RS-JR/TR,53,159872
Liberty Flames,offense,RG,2,Val Erickson,RS-SR/TR,72,168198
Liberty Flames,offense,RT,1,Christian Williams,RS-SR/TR,56,155628
Liberty Flames,offense,RT,2,Austin Anderson,RS-SR,70,165622
Liberty Flames,offense,RT,3,Erwil Anthony Jr.,RS-SR/TR,66,173976
Liberty Flames,offense,TE,1,Caleb Ryan,RS-SR,48,167467
Liberty Flames,offense,TE,2,LaKelsey Johnson Jr.,RS-SR/TR,87,153581
Liberty Flames,offense,TE,3,Zeke Wimbush,RS-JR/TR,88,165843
Liberty Flames,offense,QB,1,Jaylen Henderson,RS-SR/TR,13,165808
Liberty Flames,offense,QB,2,Deshawn Purdie,RS-SO/TR,5,169157
Liberty Flames,offense,QB,3,Ethan Vasko,RS-SR/TR,15,164246
Liberty Flames,offense,RB-A,1,Jaylon Coleman,SO,0,176985
Liberty Flames,offense,RB-A,2,Peyton Jones,RS-JR/TR,7,161637
Liberty Flames,offense,RB-A,3,Justin Marshall,RS-JR/TR,29,163299
Liberty Flames,offense,RB-B,1,Kanye Udoh,RS-JR/TR,6,164811
Liberty Flames,offense,RB-B,2,Kam Davis,RS-SO/TR,4,168165
Liberty Flames,offense,RB-B,3,Terron Kellman,RS-SR/TR,11,161565
Liberty Flames,defense,DE,1,Aaron Hester,RS-SR/TR,18,153425
Liberty Flames,defense,DE,2,Samuel Cohen,SO,56,175865
Liberty Flames,defense,DE,3,Michael Floyde,RS-SO/TR,91,180841
Liberty Flames,defense,NT,1,Mike Jarvis,RS-SR/TR,97,148690
Liberty Flames,defense,NT,2,Joe Strickland,RS-SR/TR,44,152884
Liberty Flames,defense,NT,3,Kam Cullins,SO,88,175866
Liberty Flames,defense,DT,1,Markus Clark,RS-SR/TR,15,156350
Liberty Flames,defense,DT,2,Nathan Pirolli,RS-JR,94,165618
Liberty Flames,defense,DT,3,Henry Hicks,JR/TR,55,180844
Liberty Flames,defense,JOKER,1,Brenton Williams,RS-JR/TR,8,160110
Liberty Flames,defense,JOKER,2,Ethan Crisp,RS-JR/TR,30,160787
Liberty Flames,defense,JOKER,3,Lorenzo Payne,JR/TR,11,180849
Liberty Flames,defense,WLB,1,Derrell Farrar,RS-SR/TR,1,153610
Liberty Flames,defense,WLB,2,Micah Pollard,RS-SR/TR,4,152748
Liberty Flames,defense,WLB,3,Kyle Ferm,RS-SO/TR,22,176831
Liberty Flames,defense,MLB,1,Aidan Vaughan,RS-SR/TR,33,168442
Liberty Flames,defense,MLB,2,Deuce Spurlock,RS-SR/TR,9,160684
Liberty Flames,defense,MLB,3,Dillano Glaud,RS-SO,6,171977
Liberty Flames,defense,LCB,1,Elijah Hopkins,RS-SR/TR,5,161937
Liberty Flames,defense,LCB,2,Ashton McShane,RS-SO/TR,21,172895
Liberty Flames,defense,LCB,3,Jamal Miles,RS-JR,28,165615
Liberty Flames,defense,SS,1,Jayden Davis,RS-JR/TR,17,160495
Liberty Flames,defense,SS,2,Ashton Whitner,RS-SR/TR,3,164252
Liberty Flames,defense,SS,3,Ronald Moore Jr.,RS-SO,10,168426
Liberty Flames,defense,FS,1,D-Icey Hopkins,RS-SR/TR,0,158100
Liberty Flames,defense,FS,2,Jeremiah Vessel,RS-JR/TR,13,79527
Liberty Flames,defense,FS,3,Jayden Whaley,RS-SO/TR,19,176991
Liberty Flames,defense,RCB,1,Jiquavious Marshall,RS-SO/TR,2,168313
Liberty Flames,defense,RCB,2,Prince Cottonham,JR/TR,12,180836
Liberty Flames,defense,RCB,3,Myke Gunn,RS-FR,23,175870
Liberty Flames,defense,NB,1,Elijah McKenzie,RS-JR/TR,14,180847
Liberty Flames,defense,NB,2,Izaiah Guy,RS-SR/TR,7,158096
Liberty Flames,defense,NB,3,Tyrell Gainey,RS-JR/TR,16,180842
Liberty Flames,special_teams,PT,1,Sam Crossan,RS-SO,49,171976
Liberty Flames,special_teams,PT,2,Chase Reeves,FR,42,180850
Liberty Flames,special_teams,PK,1,Tyler Black,RS-JR/TR,98,166359
Liberty Flames,special_teams,PK,2,Chase Reeves,FR,42,180850
Liberty Flames,special_teams,KO,1,Tyler Black,RS-JR/TR,98,166359
Liberty Flames,special_teams,KO,2,Chase Reeves,FR,42,180850
Liberty Flames,special_teams,LS,1,Greg Rivera,RS-SR/TR,41,180852
Liberty Flames,special_teams,LS,2,Cayden Comer,RS-FR,45,176986
Liberty Flames,special_teams,H,1,Sam Crossan,RS-SO,49,171976
Liberty Flames,special_teams,PR,1,Jaylon Coleman,SO,0,176985
Liberty Flames,special_teams,PR,2,Makai Jackson,RS-SR/TR,2,161412
Liberty Flames,special_teams,KR,1,Jon Monteiro,RS-SO,10,171980
Liberty Flames,special_teams,KR,2,Refeno Vangates,RS-SR/TR,19,180855
Louisiana Ragin' Cajuns,offense,WR-X,1,Shelton Sampson Jr.,RS-JR/TR,6,162936
Louisiana Ragin' Cajuns,offense,WR-X,2,KeDarius Wade,RS-JR,9,167203
Louisiana Ragin' Cajuns,offense,WR-X,3,Kristion Brooks,FR,87,182934
Louisiana Ragin' Cajuns,offense,WR-Z,1,Landon Strother,RS-SO,17,172504
Louisiana Ragin' Cajuns,offense,WR-Z,2,Rahji Dennis,RS-SO,2,170231
Louisiana Ragin' Cajuns,offense,WR-Z,3,Landon Baptiste,RS-JR,85,167171
Louisiana Ragin' Cajuns,offense,WR-Z,4,Jayden Lewis,FR,80,182959
Louisiana Ragin' Cajuns,offense,WR-H,1,Jaydon Johnson,RS-SR,8,155890
Louisiana Ragin' Cajuns,offense,WR-H,2,Trenton Chaney,RS-FR,4,178583
Louisiana Ragin' Cajuns,offense,WR-H,3,Russell Babineaux,RS-FR,10,178581
Louisiana Ragin' Cajuns,offense,LT,1,Ryder Bentley,RS-SO,52,172485
Louisiana Ragin' Cajuns,offense,LT,2,Zay Alexander,RS-JR/TR,57,165261
Louisiana Ragin' Cajuns,offense,LT,3,Baylynn Williams,RS-FR,55,178599
Louisiana Ragin' Cajuns,offense,LG,1,Kaden Moreau,RS-SR,75,155893
Louisiana Ragin' Cajuns,offense,LG,2,Jakoby Isom,SO,77,175973
Louisiana Ragin' Cajuns,offense,C,1,Cooper Fordham,RS-JR,50,161987
Louisiana Ragin' Cajuns,offense,C,2,Andrew Martinez,RS-JR,59,167192
Louisiana Ragin' Cajuns,offense,C,3,Jackson Hammond,RS-SO,60,172493
Louisiana Ragin' Cajuns,offense,RG,1,Matthew Broussard,RS-JR,76,167176
Louisiana Ragin' Cajuns,offense,RG,2,Jayden McAllister,RS-FR,73,178594
Louisiana Ragin' Cajuns,offense,RT,1,George Jackson,RS-SR,71,148868
Louisiana Ragin' Cajuns,offense,RT,2,J'Marion Gooch,RS-JR/TR,72,64395
Louisiana Ragin' Cajuns,offense,TE,1,Caden Jensen,RS-JR,88,167189
Louisiana Ragin' Cajuns,offense,TE,2,Brock Chappell,SR/TR,83,175972
Louisiana Ragin' Cajuns,offense,TE,3,Teddy Gawlik,RS-SO,44,170233
Louisiana Ragin' Cajuns,offense,TE,4,Quandre Coates,RS-FR,82,178584
Louisiana Ragin' Cajuns,offense,TE,5,Khristian Mackintrush,RS-FR,18,178592
Louisiana Ragin' Cajuns,offense,QB,1,Lunch Winfield,RS-JR,7,164699
Louisiana Ragin' Cajuns,offense,QB,2,Daniel Beale,RS-SO,11,172484
Louisiana Ragin' Cajuns,offense,QB,3,Coleman Carter,RS-FR,3,178582
Louisiana Ragin' Cajuns,offense,QB,4,Sam Altmann,RS-SO,16,172481
Louisiana Ragin' Cajuns,offense,QB,5,Alex Munoz,FR,13,182948
Louisiana Ragin' Cajuns,offense,RB,1,Steven Blanco,RS-SO,24,172487
Louisiana Ragin' Cajuns,offense,RB,2,Darrell Smith,RS-FR,0,175977
Louisiana Ragin' Cajuns,offense,RB,3,JJ Garner,RS-FR,20,178587
Louisiana Ragin' Cajuns,offense,RB,4,Anthony Reagan Jr.,JR/TR,22,182951
Louisiana Ragin' Cajuns,defense,DE,1,Tito Chikere,RS-SR/TR,17,71552
Louisiana Ragin' Cajuns,defense,DE,2,Lance Williams,RS-JR,9,167206
Louisiana Ragin' Cajuns,defense,DE,3,Priest Ashe,RS-SO,0,172482
Louisiana Ragin' Cajuns,defense,NT,1,Fitzgerald West Jr.,RS-SR/TR,68,80135
Louisiana Ragin' Cajuns,defense,NT,2,Brodrick Stewart,RS-JR/TR,93,182954
Louisiana Ragin' Cajuns,defense,NT,3,Ashton Wright,RS-SO,99,172508
Louisiana Ragin' Cajuns,defense,DT,1,Maxie Baudoin IV,RS-SR/TR,95,156568
Louisiana Ragin' Cajuns,defense,DT,2,Chase Edwards,RS-JR,41,167185
Louisiana Ragin' Cajuns,defense,JACK,1,Ashley Williams,RS-JR/TR,2,79607
Louisiana Ragin' Cajuns,defense,JACK,2,Princeton Malbrue,RS-SR/TR,4,154126
Louisiana Ragin' Cajuns,defense,JACK,3,Lester Jones,RS-JR,80,167191
Louisiana Ragin' Cajuns,defense,WLB,1,Kailep Edwards,RS-SR,16,154164
Louisiana Ragin' Cajuns,defense,WLB,2,Conor McPherson,RS-SO,6,172498
Louisiana Ragin' Cajuns,defense,MLB,1,Jake St. Andre,RS-SR,44,149839
Louisiana Ragin' Cajuns,defense,MLB,2,Micah Johnson,RS-JR,3,167190
Louisiana Ragin' Cajuns,defense,LCB,1,Avery Demery,RS-SO,10,172491
Louisiana Ragin' Cajuns,defense,LCB,2,Curley Reed III,RS-JR/TR,13,160212
Louisiana Ragin' Cajuns,defense,SS,1,Collin Jacob,RS-SR,35,155889
Louisiana Ragin' Cajuns,defense,SS,2,Lake Bates,RS-SO,24,172483
Louisiana Ragin' Cajuns,defense,FS,1,Kody Jackson,RS-JR,8,167188
Louisiana Ragin' Cajuns,defense,FS,2,Steven Ranel II,RS-FR,28,178595
Louisiana Ragin' Cajuns,defense,RCB,1,Brent Gordon Jr.,SO,11,178589
Louisiana Ragin' Cajuns,defense,RCB,2,Jeremiah Moses,RS-JR,23,161992
Louisiana Ragin' Cajuns,defense,NB,1,Maurion Eleam,RS-SR,21,155885
Louisiana Ragin' Cajuns,special_teams,PT,1,Mason Golding,FR,49,182937
Louisiana Ragin' Cajuns,special_teams,PT,2,Brek Schultz,RS-FR,25,178596
Louisiana Ragin' Cajuns,special_teams,PK,1,Tony Sterner,RS-SR/TR,95,167202
Louisiana Ragin' Cajuns,special_teams,PK,2,Logan Klotz,RS-SR/TR,40,148456
Louisiana Ragin' Cajuns,special_teams,KO,1,Logan Klotz,RS-SR/TR,40,148456
Louisiana Ragin' Cajuns,special_teams,KO,2,Brek Schultz,RS-FR,25,178596
Louisiana Ragin' Cajuns,special_teams,LS,1,Carson Kraft,RS-SO/TR,54,182944
Louisiana Ragin' Cajuns,special_teams,LS,2,Jackson Villaume,FR,48,182955
Louisiana Ragin' Cajuns,special_teams,H,1,Mason Golding,FR,49,182937
Louisiana Ragin' Cajuns,special_teams,PR,1,Landon Strother,RS-SO,17,172504
Louisiana Ragin' Cajuns,special_teams,PR,2,Darrell Smith,RS-FR,0,175977
Louisiana Ragin' Cajuns,special_teams,KR,1,Ja'Corian Norris,RS-SO,15,172501
Louisiana Ragin' Cajuns,special_teams,KR,2,Darrell Smith,RS-FR,0,175977
Louisiana Tech Bulldogs,offense,WR-X,1,Jalen Mickens,SO,11,176811
Louisiana Tech Bulldogs,offense,WR-X,2,Luke Watkins,SO,15,176827
Louisiana Tech Bulldogs,offense,WR-X,3,Dane Benedix,SR/TR,17,176795
Louisiana Tech Bulldogs,offense,WR-Z,1,Talyn Shettron,RS-SR/TR,86,153291
Louisiana Tech Bulldogs,offense,WR-Z,2,Jay Wilkerson,RS-SR/TR,47,166059
Louisiana Tech Bulldogs,offense,WR-H,1,Marcus Calwise Jr.,JR/TR,6,182048
Louisiana Tech Bulldogs,offense,WR-H,2,Dedrick Latulas,RS-JR,3,164116
Louisiana Tech Bulldogs,offense,WR-H,3,David Pierro,SR/TR,8,176816
Louisiana Tech Bulldogs,offense,LT,1,Hayden Christman,RS-JR,72,164109
Louisiana Tech Bulldogs,offense,LG,1,Ashanti Cole,RS-SR/TR,79,169903
Louisiana Tech Bulldogs,offense,LG,2,Will Hutchens,RS-JR/TR,66,166706
Louisiana Tech Bulldogs,offense,C,1,Roy Brackins III,RS-JR,60,164107
Louisiana Tech Bulldogs,offense,C,2,Andrew Richard,RS-SO,56,172077
Louisiana Tech Bulldogs,offense,RG,1,Austin Ellis,RS-SO,53,172070
Louisiana Tech Bulldogs,offense,RT,1,Troy Smith III,RS-JR,52,164120
Louisiana Tech Bulldogs,offense,TE,1,Eli Finley,SR,84,164113
Louisiana Tech Bulldogs,offense,TE,2,Brayden Bockler,JR/TR,87,176796
Louisiana Tech Bulldogs,offense,TE,3,Luke Seib,RS-SR/TR,82,156636
Louisiana Tech Bulldogs,offense,TE,4,Joshua Brantley,RS-FR/TR,9,177057
Louisiana Tech Bulldogs,offense,QB,1,Blake Baker,RS-JR,5,164104
Louisiana Tech Bulldogs,offense,QB,2,Trey Kukuk,SR/TR,2,176808
Louisiana Tech Bulldogs,offense,QB,3,Mason Welch,RS-JR/TR,19,172081
Louisiana Tech Bulldogs,offense,QB,4,Jackson Bradley,RS-FR,10,176798
Louisiana Tech Bulldogs,offense,QB,5,Brady Vodicka,FR,14,182076
Louisiana Tech Bulldogs,offense,RB,1,Jaden Miller,RS-JR/TR,0,182067
Louisiana Tech Bulldogs,offense,RB,2,Dylone Brooks,RS-FR,26,178629
Louisiana Tech Bulldogs,offense,RB,3,Kenny Thomas,FR,24,182086
Louisiana Tech Bulldogs,offense,RB,4,Harrison Williams,RS-FR/TR,28,182078
Louisiana Tech Bulldogs,offense,RB,5,Riley Small,RS-SO,36,172079
Louisiana Tech Bulldogs,defense,LDE,1,Donovan Rieman,RS-SR/TR,98,155864
Louisiana Tech Bulldogs,defense,LDE,2,Judd Rouyea,RS-JR,99,166070
Louisiana Tech Bulldogs,defense,NT,1,Jacob Bradford,RS-SO,93,172066
Louisiana Tech Bulldogs,defense,NT,2,Justice Williams,RS-SR/TR,97,182082
Louisiana Tech Bulldogs,defense,RDE,1,Emmanuel Oguns,RS-SR/TR,11,176813
Louisiana Tech Bulldogs,defense,RDE,2,Jojo Odom,SO,90,176812
Louisiana Tech Bulldogs,defense,RDE,3,Lane Condry,RS-SO/TR,92,176801
Louisiana Tech Bulldogs,defense,WLB,1,Jadon Mayfield,RS-SO,22,172076
Louisiana Tech Bulldogs,defense,WLB,2,Cole Watson,RS-SO,35,172080
Louisiana Tech Bulldogs,defense,MLB,1,Zheric Hill,SO,21,176806
Louisiana Tech Bulldogs,defense,MLB,2,Colton Deckard,RS-JR,25,164110
Louisiana Tech Bulldogs,defense,SLB,1,Kolbe Fields,GR/TR,10,162001
Louisiana Tech Bulldogs,defense,SLB,2,Alonzo Jackson Jr.,RS-SO,23,172074
Louisiana Tech Bulldogs,defense,LCB,1,Amari Butler,SR/TR,2,176799
Louisiana Tech Bulldogs,defense,LCB,2,Demario Bookhart,RS-SO/TR,17,182047
Louisiana Tech Bulldogs,defense,SS,1,Sam Fongang,SR/TR,1,176803
Louisiana Tech Bulldogs,defense,SS,2,Kam Franklin,RS-JR/TR,4,165102
Louisiana Tech Bulldogs,defense,SS,3,Ty Jones,SR/TR,20,182079
Louisiana Tech Bulldogs,defense,FS,1,MJ Moultrie II,RS-JR/TR,13,182069
Louisiana Tech Bulldogs,defense,FS,2,Janard Lockhardt,RS-JR/TR,7,182063
Louisiana Tech Bulldogs,defense,RCB,1,Kameron Carter,SR/TR,3,176800
Louisiana Tech Bulldogs,defense,RCB,2,Jaitlin Hampton,RS-JR/TR,18,171707
Louisiana Tech Bulldogs,defense,NB,1,Jordan McRae,JR/TR,0,176810
Louisiana Tech Bulldogs,defense,NB,2,Ahkhari Johnson,JR/TR,5,168065
Louisiana Tech Bulldogs,special_teams,PT,1,Lexington Matthews,RS-JR/TR,29,173851
Louisiana Tech Bulldogs,special_teams,PK,1,Kaegan Kent,RS-FR,38,176807
Louisiana Tech Bulldogs,special_teams,KO,1,Kaegan Kent,RS-FR,38,176807
Louisiana Tech Bulldogs,special_teams,LS,1,Ean Burch,RS-SR,41,155911
Louisiana Tech Bulldogs,special_teams,H,1,Lexington Matthews,RS-JR/TR,29,173851
Louisiana Tech Bulldogs,special_teams,PR,1,Dedrick Latulas,RS-JR,3,164116
Louisiana Tech Bulldogs,special_teams,KR,1,Jalen Mickens,SO,11,176811
Louisiana-Monroe Warhawks,offense,WR-X,1,Brandon Buckhaulter,RS-SR/TR,5,164592
Louisiana-Monroe Warhawks,offense,WR-X,2,Parker Fulghum,RS-SO/TR,13,171205
Louisiana-Monroe Warhawks,offense,WR-Z,1,Nic Trujillo,RS-JR/TR,7,166770
Louisiana-Monroe Warhawks,offense,WR-Z,2,Javon Campbell,RS-SR/TR,2,171319
Louisiana-Monroe Warhawks,offense,WR-Z,3,Demarcco Blanton,RS-JR/TR,6,175439
Louisiana-Monroe Warhawks,offense,WR-SL,1,JP Coulter,SR/TR,4,178058
Louisiana-Monroe Warhawks,offense,WR-SL,2,Marcellus Jackson,RS-JR/TR,1,183350
Louisiana-Monroe Warhawks,offense,WR-SL,3,LT Robinson,JR/TR,0,183376
Louisiana-Monroe Warhawks,offense,LT,1,David Applewhite,RS-SO,55,171301
Louisiana-Monroe Warhawks,offense,LT,2,Bright Fagbamiye,RS-JR/TR,69,183340
Louisiana-Monroe Warhawks,offense,LG,1,Kaliem Croswell,SR/TR,56,178059
Louisiana-Monroe Warhawks,offense,LG,2,Roscoe Tucker,RS-JR/TR,74,178075
Louisiana-Monroe Warhawks,offense,C,1,Sean Dugery,RS-JR/TR,72,177645
Louisiana-Monroe Warhawks,offense,C,2,Drew Hutchinson,RS-SR,64,158060
Louisiana-Monroe Warhawks,offense,RG,1,Reese Steele,RS-SR/TR,77,79794
Louisiana-Monroe Warhawks,offense,RG,2,Adameon Botley,RS-SR,62,158051
Louisiana-Monroe Warhawks,offense,RT,1,AJ Vinson,RS-JR/TR,67,178076
Louisiana-Monroe Warhawks,offense,RT,2,Quentis Griffin Jr.,RS-SR/TR,50,170271
Louisiana-Monroe Warhawks,offense,RT,3,John Curtis Goodman Jr.,RS-SR,70,158057
Louisiana-Monroe Warhawks,offense,TE,1,Bryce Anderson,RS-JR/TR,8,175994
Louisiana-Monroe Warhawks,offense,TE,2,Cade Callahan,JR/TR,89,183338
Louisiana-Monroe Warhawks,offense,TE,3,Dalen Huston,JR/TR,18,183349
Louisiana-Monroe Warhawks,offense,TE,4,Nate Green,RS-SO,85,171315
Louisiana-Monroe Warhawks,offense,TE,5,Jase Hoath,SR/TR,44,183348
Louisiana-Monroe Warhawks,offense,QB,1,Aidan Armenta,RS-JR/TR,10,80244
Louisiana-Monroe Warhawks,offense,QB,2,Austin Carlisle,RS-FR/TR,12,174864
Louisiana-Monroe Warhawks,offense,QB,3,Landon Graves,RS-JR,9,166745
Louisiana-Monroe Warhawks,offense,QB,4,Bryson Kimbrough,RS-FR,14,178068
Louisiana-Monroe Warhawks,offense,QB,5,Ty Purdy,RS-JR/TR,16,183375
Louisiana-Monroe Warhawks,offense,RB,1,Don Chaney,GR/TR,20,168025
Louisiana-Monroe Warhawks,offense,RB,2,Jaydon Wright,RS-SO/TR,22,167730
Louisiana-Monroe Warhawks,offense,RB,3,Derrick Jameson,RS-SR/TR,3,171776
Louisiana-Monroe Warhawks,offense,RB,4,Bryson Roland,SO/TR,25,183363
Louisiana-Monroe Warhawks,offense,RB,5,Trevon Kinchen,RS-JR/TR,26,167438
Louisiana-Monroe Warhawks,defense,DE,1,CJ Wilson,GR/TR,44,147816
Louisiana-Monroe Warhawks,defense,DE,2,Moses Madubuike,JR/TR,25,183353
Louisiana-Monroe Warhawks,defense,DE,3,Colton Vatne,RS-SR/TR,98,183366
Louisiana-Monroe Warhawks,defense,DE,4,Ethan Bailey,RS-FR,35,178055
Louisiana-Monroe Warhawks,defense,NT,1,Marvin Hall,RS-JR/TR,99,183372
Louisiana-Monroe Warhawks,defense,NT,2,Zyan Tremont,JR/TR,90,183364
Louisiana-Monroe Warhawks,defense,NT,3,Levontae Jacobs,GR/TR,95,178067
Louisiana-Monroe Warhawks,defense,DT,1,James Smith,RS-SR,92,158084
Louisiana-Monroe Warhawks,defense,DT,2,Derek Omoregie,RS-SR/TR,4,178071
Louisiana-Monroe Warhawks,defense,BAN,1,Jaeden Calender,JR,9,171303
Louisiana-Monroe Warhawks,defense,BAN,2,Le'Kell Mc'Gowan,RS-SO/TR,19,177651
Louisiana-Monroe Warhawks,defense,BAN,3,Fred Clark,RS-FR,22,178057
Louisiana-Monroe Warhawks,defense,WLB,1,Noah Flemmings,SR/TR,3,178060
Louisiana-Monroe Warhawks,defense,WLB,2,Jackson Parker,SR/TR,42,183357
Louisiana-Monroe Warhawks,defense,WLB,3,Kelbee Holmes,RS-SR/TR,0,170273
Louisiana-Monroe Warhawks,defense,MLB,1,Marcus Ross,RS-SR/TR,30,169227
Louisiana-Monroe Warhawks,defense,MLB,2,TJ Williams,SR/TR,15,183367
Louisiana-Monroe Warhawks,defense,MLB,3,LaZavier Amos,JR/TR,23,183334
Louisiana-Monroe Warhawks,defense,LCB,1,Jay Harper,RS-SO/TR,6,168931
Louisiana-Monroe Warhawks,defense,LCB,2,Armoni Rue,RS-JR/TR,13,175160
Louisiana-Monroe Warhawks,defense,LCB,3,Navarion Benson,RS-SR/TR,24,169901
Louisiana-Monroe Warhawks,defense,SS,1,Carl Fauntroy,RS-SR/TR,8,79642
Louisiana-Monroe Warhawks,defense,SS,2,Larell Howling,RS-JR/TR,28,176262
Louisiana-Monroe Warhawks,defense,FS,1,DJ Jester,RS-JR/TR,14,164717
Louisiana-Monroe Warhawks,defense,FS,2,Taijh Overton,RS-FR/TR,18,175308
Louisiana-Monroe Warhawks,defense,FS,3,Willie Wilson,SR/TR,26,183368
Louisiana-Monroe Warhawks,defense,RCB,1,Jayden Lewis,JR/TR,12,183371
Louisiana-Monroe Warhawks,defense,RCB,2,Zy Jackson,SR/TR,5,178066
Louisiana-Monroe Warhawks,defense,NB,1,Jabari Tiller,SR/TR,1,178074
Louisiana-Monroe Warhawks,defense,NB,2,Korian Wilson,RS-SR/TR,2,66395
Louisiana-Monroe Warhawks,defense,NB,3,Ameyr Adams,RS-SO,7,171300
Louisiana-Monroe Warhawks,special_teams,PT,1,Makenzie Ryan,JR,47,171311
Louisiana-Monroe Warhawks,special_teams,PK,1,Abram Murray,RS-SO/TR,27,169243
Louisiana-Monroe Warhawks,special_teams,PK,2,Max Larson,RS-SR/TR,99,80521
Louisiana-Monroe Warhawks,special_teams,PK,3,Gavin Polk,FR,34,183360
Louisiana-Monroe Warhawks,special_teams,KO,1,Abram Murray,RS-SO/TR,27,169243
Louisiana-Monroe Warhawks,special_teams,KO,2,Max Larson,RS-SR/TR,99,80521
Louisiana-Monroe Warhawks,special_teams,KO,3,Gavin Polk,FR,34,183360
Louisiana-Monroe Warhawks,special_teams,LS,1,Nolan Wilson,RS-SR/TR,48,171314
Louisiana-Monroe Warhawks,special_teams,LS,2,Matthew Feibush,RS-FR/TR,46,183341
Louisiana-Monroe Warhawks,special_teams,H,1,Makenzie Ryan,JR,47,171311
Louisville Cardinals,offense,WR-X,1,TreyShun Hurry,RS-SR/TR,2,169724
Louisville Cardinals,offense,WR-X,2,Terrence McWilliams Jr.,RS-JR/TR,18,160530
Louisville Cardinals,offense,WR-Z,1,Lawayne McCoy,JR/TR,7,168158
Louisville Cardinals,offense,WR-Z,2,Jakob Dixon,RS-JR/TR,81,77878
Louisville Cardinals,offense,WR-SL,1,Tre Richardson,SR/TR,0,176565
Louisville Cardinals,offense,WR-SL,2,Jackson Voth,RS-SO/TR,86,171382
Louisville Cardinals,offense,LT,1,Anwar O'neal,RS-JR/TR,70,177155
Louisville Cardinals,offense,LT,2,Jarvis Strickland,FR,74,180069
Louisville Cardinals,offense,LG,1,Eryx Daugherty,RS-JR/TR,56,165850
Louisville Cardinals,offense,LG,2,Jimmy Williams III,RS-SO,55,170562
Louisville Cardinals,offense,LG,3,Tyler Folmar,RS-FR,76,176489
Louisville Cardinals,offense,C,1,Lance Robinson,GR/TR,53,163393
Louisville Cardinals,offense,C,2,Evan Wibberley,RS-SR/TR,58,154666
Louisville Cardinals,offense,C,3,Sam Secrest,RS-SR/TR,72,155962
Louisville Cardinals,offense,RG,1,Johnnie Brown III,RS-SR/TR,66,166938
Louisville Cardinals,offense,RG,2,Naeer Jackson,RS-SR/TR,57,156486
Louisville Cardinals,offense,RT,1,Cason Henry,RS-SR/TR,71,153684
Louisville Cardinals,offense,RT,2,Cameron Gorin,RS-FR,75,176490
Louisville Cardinals,offense,TE,1,Brody Foley,RS-SR/TR,80,152903
Louisville Cardinals,offense,TE,2,Justyn Reid,SR/TR,85,162557
Louisville Cardinals,offense,TE,3,Jaleel Skinner,RS-SR/TR,88,168050
Louisville Cardinals,offense,TE,4,Dylan Mesman,RS-SO,87,170557
Louisville Cardinals,offense,TE,5,Julius Miles,FR,15,180065
Louisville Cardinals,offense,QB,1,Lincoln Kienholz,RS-JR/TR,3,161019
Louisville Cardinals,offense,QB,2,Davin Wydner,RS-SR/TR,11,80193
Louisville Cardinals,offense,QB,3,Briggs Cherry,FR,10,180056
Louisville Cardinals,offense,QB,4,Ryan Zimmerman,RS-SO,17,172797
Louisville Cardinals,offense,RB,1,Isaac Brown,JR,1,169705
Louisville Cardinals,offense,RB,2,Keyjuan Brown,RS-JR,5,160720
Louisville Cardinals,offense,RB,3,Marquise Davis,RS-FR/TR,24,175243
Louisville Cardinals,offense,RB,4,Braxton Jennings,RS-FR,32,178707
Louisville Cardinals,offense,RB,5,Lekhy Thompkins,FR,22,180070
Louisville Cardinals,defense,DE,1,AJ Green,RS-JR,17,160727
Louisville Cardinals,defense,DE,2,Jerod Smith II,JR/TR,99,168318
Louisville Cardinals,defense,DE,3,Micah Carter,RS-JR,19,160722
Louisville Cardinals,defense,DE,4,Eric Hazzard,RS-FR,40,174634
Louisville Cardinals,defense,NT,1,Demeco Kennedy,JR/TR,2,167841
Louisville Cardinals,defense,NT,2,Joshua Donald,RS-SR/TR,95,172170
Louisville Cardinals,defense,NT,3,Keon Webb,RS-SO/TR,91,181312
Louisville Cardinals,defense,DT,1,Daylen Russell,RS-SO/TR,90,172779
Louisville Cardinals,defense,DT,2,Bailey Abercrombie,RS-FR,93,176487
Louisville Cardinals,defense,DT,3,Dillon Smith,RS-FR,94,174641
Louisville Cardinals,defense,LEO,1,Clev Lubin,RS-SR/TR,50,77703
Louisville Cardinals,defense,LEO,2,Tyler Thompson,RS-JR/TR,3,162255
Louisville Cardinals,defense,LEO,3,Maurice Davis,RS-SO,97,169708
Louisville Cardinals,defense,WLB,1,T.J. Capers,RS-JR,11,165883
Louisville Cardinals,defense,WLB,2,Trent Carter,RS-SO,43,169707
Louisville Cardinals,defense,WLB,3,Jacob Smith,RS-SO/TR,36,168327
Louisville Cardinals,defense,MLB,1,Stanquan Clark,RS-JR,6,160723
Louisville Cardinals,defense,MLB,2,Cameron White,RS-FR,38,174644
Louisville Cardinals,defense,MLB,3,Caleb Matelau,RS-FR,41,174637
Louisville Cardinals,defense,STAR,1,Antonio Watts,RS-SR,9,155965
Louisville Cardinals,defense,STAR,2,Blake Ruffin,GR/TR,29,168047
Louisville Cardinals,defense,STAR,3,Benjamin Perry,RS-SR/TR,23,159714
Louisville Cardinals,defense,LCB,1,DJ Waller Jr.,RS-JR/TR,12,159989
Louisville Cardinals,defense,LCB,2,Brycen Scott,JR/TR,25,180068
Louisville Cardinals,defense,LCB,3,Antonio Harris,RS-FR,20,174643
Louisville Cardinals,defense,LCB,4,Jaydin Broadnax,FR,21,180054
Louisville Cardinals,defense,SS,1,Koen Entringer,RS-SR/TR,5,154569
Louisville Cardinals,defense,SS,2,Micah Rice,RS-FR,31,174640
Louisville Cardinals,defense,SS,3,Jordan Vann,FR,26,180074
Louisville Cardinals,defense,FS,1,Kaleb Beasley,JR/TR,10,169165
Louisville Cardinals,defense,FS,2,T.J. Banks,JR/TR,4,167953
Louisville Cardinals,defense,RCB,1,Tayon Holloway,RS-SR/TR,13,168030
Louisville Cardinals,defense,RCB,2,Myles Norwood,RS-SR/TR,27,79033
Louisville Cardinals,defense,RCB,3,Santana Wilson,RS-SO/TR,28,171328
Louisville Cardinals,special_teams,PT,1,Jacob Baker,RS-JR/TR,48,180052
Louisville Cardinals,special_teams,PT,2,Adam Winkenhofer,RS-SO,96,169715
Louisville Cardinals,special_teams,PK,1,Garth White,GR/TR,92,157228
Louisville Cardinals,special_teams,PK,2,Nick Keller,RS-SR,98,165207
Louisville Cardinals,special_teams,PK,3,Carson Hilbert,RS-FR,35,176491
Louisville Cardinals,special_teams,KO,1,Garth White,GR/TR,92,157228
Louisville Cardinals,special_teams,KO,2,Nick Keller,RS-SR,98,165207
Louisville Cardinals,special_teams,KO,3,Carson Hilbert,RS-FR,35,176491
Louisville Cardinals,special_teams,LS,1,Ryan Manis,RS-SO/TR,77,166608
Louisville Cardinals,special_teams,LS,2,Hayden Travelstead,RS-JR,51,165210
Louisville Cardinals,special_teams,H,1,Jacob Baker,RS-JR/TR,48,180052
Louisville Cardinals,special_teams,H,2,Adam Winkenhofer,RS-SO,96,169715
Louisville Cardinals,special_teams,PR,1,Jackson Voth,RS-SO/TR,86,171382
Louisville Cardinals,special_teams,PR,2,Lawayne McCoy,JR/TR,7,168158
Louisville Cardinals,special_teams,KR,1,Tre Richardson,SR/TR,0,176565
Louisville Cardinals,special_teams,KR,2,Keyjuan Brown,RS-JR,5,160720
LSU Tigers,offense,WR-X,1,Jayce Brown,SR/TR,1,161854
LSU Tigers,offense,WR-X,2,Malik Elzy,RS-JR/TR,88,160758
LSU Tigers,offense,WR-X,3,Roman Mothershed,RS-JR/TR,82,172234
LSU Tigers,offense,WR-X,4,Tyree Holloway,RS-JR/TR,84,179580
LSU Tigers,offense,WR-Z,1,Jackson Harris,RS-JR/TR,4,161236
LSU Tigers,offense,WR-Z,2,Tre' Brown,RS-JR/TR,2,175603
LSU Tigers,offense,WR-Z,3,Phillip Wright III,RS-FR,15,175271
LSU Tigers,offense,WR-SL,1,Winston Watkins Jr.,SO/TR,6,173900
LSU Tigers,offense,WR-SL,2,Eugene Wilson III,RS-JR/TR,3,160690
LSU Tigers,offense,WR-SL,3,Corey Barber Jr.,FR,83,179587
LSU Tigers,offense,LT,1,Jordan Seaton,JR/TR,77,169389
LSU Tigers,offense,LT,2,Sean Thompkins Jr.,RS-JR/TR,65,165179
LSU Tigers,offense,LT,3,JaKolby Jones,JR/TR,57,179594
LSU Tigers,offense,LG,1,Bo Bordelon,RS-SR,67,153124
LSU Tigers,offense,LG,2,Devin Harper,SO/TR,70,173902
LSU Tigers,offense,LG,3,Brett Bordelon,RS-FR,68,175261
LSU Tigers,offense,C,1,Braelin Moore,RS-SR/TR,61,154248
LSU Tigers,offense,C,2,William Satterwhite II,RS-SO/TR,50,169176
LSU Tigers,offense,C,3,Braden Augustus,RS-JR,74,165236
LSU Tigers,offense,RG,1,Aliou Bah,RS-SR/TR,55,167822
LSU Tigers,offense,RG,2,Ja'Quan Sprinkle,RS-JR/TR,52,179583
LSU Tigers,offense,RG,3,Solomon Thomas,RS-FR,66,175275
LSU Tigers,offense,RT,1,Weston Davis,RS-SO,75,168993
LSU Tigers,offense,RT,2,Darrin Strey,RS-FR/TR,69,175018
LSU Tigers,offense,RT,3,Brysten Martinez,FR,71,179597
LSU Tigers,offense,TE,1,Trey'Dez Green,JR,14,169000
LSU Tigers,offense,TE,2,Zach Grace,RS-JR/TR,44,165912
LSU Tigers,offense,TE,3,Malachi Thomas,JR/TR,12,172875
LSU Tigers,offense,TE,4,JD LaFleur,RS-FR,47,175263
LSU Tigers,offense,TE,5,JC Anderson,FR,87,179585
LSU Tigers,offense,QB,1,Sam Leavitt,RS-JR/TR,10,78650
LSU Tigers,offense,QB,2,Husan Longstreet,RS-FR/TR,8,174124
LSU Tigers,offense,QB,3,Landen Clark,RS-SO/TR,11,179579
LSU Tigers,offense,QB,4,Kaden Martin,RS-SR/TR,19,175079
LSU Tigers,offense,RB,1,Dilin Jones,RS-SO/TR,13,168923
LSU Tigers,offense,RB,2,Harlem Berry,SO,22,175260
LSU Tigers,offense,RB,3,Caden Durham,JR,29,168996
LSU Tigers,offense,RB,4,Rod Gainey Jr.,RS-SO/TR,25,173432
LSU Tigers,offense,RB,5,Stacy Gage,RS-SO/TR,23,169358
LSU Tigers,defense,LDE,1,Jordan Ross,JR/TR,29,170330
LSU Tigers,defense,LDE,2,Junior Tuihalamaka,SR/TR,,152992
LSU Tigers,defense,LDE,3,Lamar Brown,FR,55,179588
LSU Tigers,defense,LDE,4,Jaylen Brown,RS-SO/TR,93,171084
LSU Tigers,defense,LDT,1,Malik Blocton,JR/TR,47,168087
LSU Tigers,defense,LDT,2,Dominick McKinley,JR,96,169008
LSU Tigers,defense,LDT,3,Shone Washington,RS-SR/TR,95,75218
LSU Tigers,defense,RDT,1,Deuce Geralds,FR,99,179591
LSU Tigers,defense,RDT,2,Stephiylan Green,RS-JR/TR,90,160294
LSU Tigers,defense,RDT,3,Richard Anderson,FR,88,179586
LSU Tigers,defense,RDE,1,Princewill Umanmielen,SR/TR,1,160054
LSU Tigers,defense,RDE,2,Dylan Carpenter,RS-JR,97,162943
LSU Tigers,defense,RDE,3,Damien Shanklin,RS-FR,17,175268
LSU Tigers,defense,RDE,4,Kolaj Cobbins,RS-SO,48,168990
LSU Tigers,defense,WLB,1,Whit Weeks,SR,40,160712
LSU Tigers,defense,WLB,2,Davhon Keys,JR,42,169005
LSU Tigers,defense,WLB,3,Charles Ross II,SO,26,175267
LSU Tigers,defense,WLB,4,Keylan Moses,RS-FR,32,175266
LSU Tigers,defense,MLB,1,TJ Dottery,RS-SR/TR,6,167950
LSU Tigers,defense,MLB,2,Tylen Singleton,RS-SO,24,169011
LSU Tigers,defense,MLB,3,Zach Weeks,RS-FR,35,175270
LSU Tigers,defense,STAR,1,Dashawn Spears,JR,10,169007
LSU Tigers,defense,STAR,2,CJ Jimcoily,SO,31,174084
LSU Tigers,defense,LCB,1,DJ Pickett,SO,5,174085
LSU Tigers,defense,LCB,2,Ja'Keem Jackson,RS-JR/TR,8,160692
LSU Tigers,defense,LCB,3,Havon Finney Jr.,FR,22,179590
LSU Tigers,defense,SS,1,Tamarcus Cooley,RS-JR/TR,0,168231
LSU Tigers,defense,SS,2,Jhase Thomas,RS-FR,28,175269
LSU Tigers,defense,SS,3,Aiden Hall,FR,25,179592
LSU Tigers,defense,FS,1,Ty Benefield,SR/TR,2,166378
LSU Tigers,defense,FS,2,Faheem Delane,SO/TR,13,173909
LSU Tigers,defense,RCB,1,PJ Woodland,JR,11,169016
LSU Tigers,defense,RCB,2,Michael Turner Jr.,RS-SO,21,169018
LSU Tigers,defense,RCB,3,Dez Ellis,FR,27,179589
LSU Tigers,special_teams,PT,1,Grant Chadwick,JR/TR,90,169948
LSU Tigers,special_teams,PT,2,Hayden Craig,RS-FR/TR,99,174202
LSU Tigers,special_teams,PK,1,Scott Starzyk,SO/TR,80,173984
LSU Tigers,special_teams,PK,2,Sean Perret,RS-FR,45,176463
LSU Tigers,special_teams,PK,3,Gavin Higgins,FR,32,180875
LSU Tigers,special_teams,KO,1,Scott Starzyk,SO/TR,80,173984
LSU Tigers,special_teams,KO,2,Sean Perret,RS-FR,45,176463
LSU Tigers,special_teams,KO,3,Gavin Higgins,FR,32,180875
LSU Tigers,special_teams,LS,1,Silas Hall,SO,43,174082
LSU Tigers,special_teams,LS,2,Mack Mulhern,RS-FR/TR,39,177480
LSU Tigers,special_teams,H,1,Grant Chadwick,JR/TR,90,169948
LSU Tigers,special_teams,H,2,Hayden Craig,RS-FR/TR,99,174202
Marshall Thundering Herd,offense,WR-X,1,Adrian Norton,SR/TR,2,166887
Marshall Thundering Herd,offense,WR-X,2,Owen Sweeney,RS-SO/TR,20,182037
Marshall Thundering Herd,offense,WR-X,3,Nico Wiedmann,RS-SO,84,177400
Marshall Thundering Herd,offense,WR-Z,1,De'Andre Tamarez,RS-SR/TR,0,177399
Marshall Thundering Herd,offense,WR-Z,2,Christian Hamilton,RS-JR/TR,9,162247
Marshall Thundering Herd,offense,WR-SL,1,Chris Culliver,RS-JR/TR,3,163868
Marshall Thundering Herd,offense,WR-SL,2,Xayvion Turner-Bradshaw,RS-JR/TR,5,154254
Marshall Thundering Herd,offense,WR-SL,3,Tony Martin,RS-JR/TR,19,161670
Marshall Thundering Herd,offense,LT,1,Tariq Montgomery,RS-SR,76,157146
Marshall Thundering Herd,offense,LT,2,Jack Laird,RS-FR,67,177391
Marshall Thundering Herd,offense,LG,1,Robby Martin,RS-SO/TR,73,168221
Marshall Thundering Herd,offense,LG,2,Jaquez Joiner,RS-FR/TR,64,174561
Marshall Thundering Herd,offense,C,1,Logan Greer,RS-JR/TR,57,182024
Marshall Thundering Herd,offense,C,2,Evan Ferguson,RS-SR/TR,59,175529
Marshall Thundering Herd,offense,C,3,Andrew Dudley,RS-FR,56,175526
Marshall Thundering Herd,offense,RG,1,Jalen Slappy,RS-SR,70,157155
Marshall Thundering Herd,offense,RG,2,Eli Kaufman,RS-FR,66,175532
Marshall Thundering Herd,offense,RG,3,Isaac Clary,RS-JR,77,167021
Marshall Thundering Herd,offense,RT,1,J.T. Fagan,JR/TR,,182043
Marshall Thundering Herd,offense,RT,2,Xavier Bausley,RS-SR/TR,78,168446
Marshall Thundering Herd,offense,TE,1,Toby Payne,RS-SR,81,157148
Marshall Thundering Herd,offense,TE,2,Tracy Stephens,RS-JR,85,167038
Marshall Thundering Herd,offense,TE,3,Shawn Rouse,RS-JR,80,167035
Marshall Thundering Herd,offense,QB,1,Carlos Del Rio-Wilson,RS-SR/TR,7,157398
Marshall Thundering Herd,offense,QB,2,Zion Turner,RS-SR/TR,1,79837
Marshall Thundering Herd,offense,QB,3,Khalil Wilkins,RS-SO/TR,4,168473
Marshall Thundering Herd,offense,RB,1,Jo'Shon Barbie,RS-SR/TR,6,175521
Marshall Thundering Herd,offense,RB,2,TJ Lester,SO/TR,21,182030
Marshall Thundering Herd,offense,RB,3,Anthony Quinn Jr.,RS-FR,22,175536
Marshall Thundering Herd,defense,DE,1,Braydin Ward,RS-JR,58,167041
Marshall Thundering Herd,defense,DE,2,Cole Funderburk,RS-FR/TR,55,176632
Marshall Thundering Herd,defense,DE,3,Mickel Williams,RS-SR/TR,14,175164
Marshall Thundering Herd,defense,DE,4,Jacarius Clayton,RS-SR/TR,24,79387
Marshall Thundering Herd,defense,NT,1,Mikailin Warren,RS-JR,52,167042
Marshall Thundering Herd,defense,NT,2,B.J. Carter,RS-FR/TR,90,176962
Marshall Thundering Herd,defense,NT,3,Terry Nwabuisi-Ezeala,RS-FR/TR,98,175315
Marshall Thundering Herd,defense,DT,1,Cam Chmura,RS-SO,92,172190
Marshall Thundering Herd,defense,DT,2,Kenyatta Hardge,RS-SO/TR,44,171843
Marshall Thundering Herd,defense,DT,3,Simeon John,RS-JR/TR,99,182029
Marshall Thundering Herd,defense,DT,4,Mekhi Lockhart,RS-FR,49,177393
Marshall Thundering Herd,defense,EDGE,1,Kelvon McBride,RS-JR/TR,1,166219
Marshall Thundering Herd,defense,EDGE,2,Keydel Painter,RS-JR/TR,21,182034
Marshall Thundering Herd,defense,EDGE,3,Jaasai Simmons,RS-FR,30,177398
Marshall Thundering Herd,defense,WLB,1,Javae Gilmore,RS-SR/TR,5,157358
Marshall Thundering Herd,defense,WLB,2,Chason Clark,JR,10,170238
Marshall Thundering Herd,defense,WLB,3,Ryan Ayers,RS-SR/TR,40,182017
Marshall Thundering Herd,defense,MLB,1,Jalen Marshall,GR/TR,6,175541
Marshall Thundering Herd,defense,MLB,2,Cannon Lewis,RS-SO/TR,27,168219
Marshall Thundering Herd,defense,MLB,3,EahJay McAdams,RS-FR,47,177395
Marshall Thundering Herd,defense,LCB,1,Caleb Clark-Glover,RS-JR,0,163029
Marshall Thundering Herd,defense,LCB,2,Eddie Pleasant III,RS-JR/TR,8,165538
Marshall Thundering Herd,defense,SS,1,Terrente Hinton,RS-SR/TR,3,160573
Marshall Thundering Herd,defense,SS,2,Camron Nti,RS-FR,13,175535
Marshall Thundering Herd,defense,FS,1,Daytione Smith,RS-SR,17,142417
Marshall Thundering Herd,defense,FS,2,Kendell Anderson,RS-JR/TR,16,182016
Marshall Thundering Herd,defense,RCB,1,Charles McCartherens,RS-JR/TR,2,161513
Marshall Thundering Herd,defense,RCB,2,Brayden Hall,RS-SR/TR,9,171705
Marshall Thundering Herd,defense,NB,1,Josh Pierre-Louis,GR/TR,11,73981
Marshall Thundering Herd,defense,NB,2,Aumad Edwards,RS-FR/TR,28,178527
Marshall Thundering Herd,special_teams,PT,1,Cooper Heimbach,FR,91,182026
Marshall Thundering Herd,special_teams,PT,2,Ty Powell,RS-FR,96,177402
Marshall Thundering Herd,special_teams,PK,1,Jorge Diaz Nicolas,RS-FR/TR,41,176904
Marshall Thundering Herd,special_teams,PK,2,Ty Powell,RS-FR,96,177402
Marshall Thundering Herd,special_teams,KO,1,Jorge Diaz Nicolas,RS-FR/TR,41,176904
Marshall Thundering Herd,special_teams,KO,2,Ty Powell,RS-FR,96,177402
Marshall Thundering Herd,special_teams,LS,1,Chase Ortiz,SO/TR,43,182033
Marshall Thundering Herd,special_teams,LS,2,Riley Winkler,FR,35,182041
Marshall Thundering Herd,special_teams,H,1,Cooper Heimbach,FR,91,182026
Marshall Thundering Herd,special_teams,PR,1,Xayvion Turner-Bradshaw,RS-JR/TR,5,154254
Marshall Thundering Herd,special_teams,KR,1,Xayvion Turner-Bradshaw,RS-JR/TR,5,154254
Marshall Thundering Herd,special_teams,KR,2,Chris Culliver,RS-JR/TR,3,163868
Maryland Terrapins,offense,WR-X,1,Kaleb Webb,RS-SR/TR,84,154202
Maryland Terrapins,offense,WR-X,2,Jordan Scott,SR/TR,14,174256
Maryland Terrapins,offense,WR-X,3,Sean Williams,RS-JR,21,164477
Maryland Terrapins,offense,WR-Z,1,Na'eem Abdul-Rahim Gladding,JR/TR,1,172615
Maryland Terrapins,offense,WR-Z,2,Zymear Smith,RS-FR,10,174352
Maryland Terrapins,offense,WR-Z,3,Ejani Shakir,JR/TR,80,180012
Maryland Terrapins,offense,WR-SL,1,Chris Durr Jr.,JR/TR,13,170111
Maryland Terrapins,offense,WR-SL,2,Ryan Manning,RS-JR,11,161258
Maryland Terrapins,offense,LT,1,Rahtrel Perry,RS-SR/TR,76,174346
Maryland Terrapins,offense,LT,2,Davon Watkins,RS-SO,73,167818
Maryland Terrapins,offense,LT,3,Anthony Robsock,RS-SO,78,167815
Maryland Terrapins,offense,LG,1,Isaiah Wright,GR/TR,74,158550
Maryland Terrapins,offense,LG,2,Amory Hills,SO,77,176430
Maryland Terrapins,offense,C,1,Michael Hershey,JR,61,167800
Maryland Terrapins,offense,C,2,Trevor Szymanski,RS-SO,50,167817
Maryland Terrapins,offense,RG,1,Tellek Lockette,RS-SR/TR,66,168528
Maryland Terrapins,offense,RG,2,Ryan Howerton,RS-SO,71,167801
Maryland Terrapins,offense,RG,3,Logan Bennett,RS-SO,69,167797
Maryland Terrapins,offense,RT,1,Carlos Moore,RS-SR/TR,68,176433
Maryland Terrapins,offense,RT,2,Jaylen Gilchrist,RS-FR,70,174349
Maryland Terrapins,offense,TE,1,Dorian Fleming,RS-JR/TR,9,161768
Maryland Terrapins,offense,TE,2,Preston Howard,RS-SR/TR,8,152932
Maryland Terrapins,offense,TE,3,AJ Szymanski,SR,89,164469
Maryland Terrapins,offense,QB,1,Malik Washington,SO,7,174348
Maryland Terrapins,offense,QB,2,Devin Kargman,RS-SR/TR,,155463
Maryland Terrapins,offense,QB,3,Jackson Hamilton,RS-FR,15,175249
Maryland Terrapins,offense,RB,1,DeJuan Williams,RS-SO,0,167820
Maryland Terrapins,offense,RB,2,Harry Dalton III,RS-FR/TR,25,177346
Maryland Terrapins,offense,RB,3,Iverson Howard,SO,24,175245
Maryland Terrapins,defense,LDE,1,Sidney Stewart,SO,11,175247
Maryland Terrapins,defense,LDE,2,DD Holmes,RS-SO/TR,56,171165
Maryland Terrapins,defense,LDT,1,Eyan Thomas,RS-JR/TR,98,174347
Maryland Terrapins,defense,LDT,2,EJ Moore Jr.,JR/TR,50,176432
Maryland Terrapins,defense,LDT,3,Armon Parker,RS-SR/TR,95,153716
Maryland Terrapins,defense,RDT,1,Lavon Johnson,SR/TR,99,164464
Maryland Terrapins,defense,RDT,2,Derrick LeBlanc,RS-JR/TR,88,165119
Maryland Terrapins,defense,RDT,3,Jayvon Parker,RS-SR/TR,,153717
Maryland Terrapins,defense,RDE,1,Zahir Mathis,SO,9,176431
Maryland Terrapins,defense,RDE,2,Nahsir Taylor,SO,40,175248
Maryland Terrapins,defense,WLB,1,Trey Reddick,JR,3,170758
Maryland Terrapins,defense,WLB,2,Carlton Smith,SO,32,175250
Maryland Terrapins,defense,WLB,3,Darius Grimes,RS-JR,48,165575
Maryland Terrapins,defense,MLB,1,Daniel Wingate,SR,1,164473
Maryland Terrapins,defense,MLB,2,Keyshawn Flowers,JR,23,167799
Maryland Terrapins,defense,MLB,3,Keyari James,RS-SO,35,167805
Maryland Terrapins,defense,LCB,1,Jamare Glasker,RS-SR/TR,4,156656
Maryland Terrapins,defense,LCB,2,Lloyd Irvin III,RS-SO,15,167803
Maryland Terrapins,defense,SS,1,Lavain Scruggs,RS-SR,2,152941
Maryland Terrapins,defense,SS,2,Alex Moore,RS-JR,18,164474
Maryland Terrapins,defense,FS,1,Messiah Delhomme,SO,33,174350
Maryland Terrapins,defense,FS,2,Gavin Edwards,RS-JR/TR,7,176429
Maryland Terrapins,defense,RCB,1,Amari Jackson,RS-SR/TR,24,153441
Maryland Terrapins,defense,RCB,2,Ricardo Cooper Jr.,RS-JR,25,165572
Maryland Terrapins,defense,NB,1,Dontay Joyner,SR/TR,6,163836
Maryland Terrapins,defense,NB,2,Jayden Shipps,SO,12,176436
Maryland Terrapins,defense,NB,3,Judah Jenkins,RS-SO,21,167806
Maryland Terrapins,special_teams,PT,1,Bryce McFerson,RS-SR/TR,34,152996
Maryland Terrapins,special_teams,PT,2,Philip Noyes,RS-SO,43,170757
Maryland Terrapins,special_teams,PK,1,Sean O'Haire,RS-SO/TR,36,176434
Maryland Terrapins,special_teams,PK,2,Daniel Leahy,FR,98,180009
Maryland Terrapins,special_teams,KO,1,Philip Noyes,RS-SO,43,170757
Maryland Terrapins,special_teams,KO,2,Sean O'Haire,RS-SO/TR,36,176434
Maryland Terrapins,special_teams,LS,1,Luke O'Hare,RS-FR,97,176435
Maryland Terrapins,special_teams,H,1,Bryce McFerson,RS-SR/TR,34,152996
Maryland Terrapins,special_teams,H,2,Philip Noyes,RS-SO,43,170757
Maryland Terrapins,special_teams,PR,1,Ricardo Cooper Jr.,RS-JR,25,165572
Maryland Terrapins,special_teams,KR,1,Iverson Howard,SO,24,175245
Maryland Terrapins,special_teams,KR,2,Ricardo Cooper Jr.,RS-JR,25,165572
Massachusetts Minutemen,offense,WR-X,1,T.Y. Harding,RS-SR,2,155022
Massachusetts Minutemen,offense,WR-X,2,Dallas Elliott,RS-SR,17,159301
Massachusetts Minutemen,offense,WR-X,3,Jabari Lewis,SO/TR,19,182284
Massachusetts Minutemen,offense,WR-Z,1,Joseph Griffin Jr.,RS-SR/TR,1,153439
Massachusetts Minutemen,offense,WR-Z,2,Kezion Dia-Johnson,RS-SO,8,169199
Massachusetts Minutemen,offense,WR-SL,1,Devin Matthews,RS-JR/TR,9,182285
Massachusetts Minutemen,offense,WR-SL,2,Elijah Pedro,RS-FR,3,178186
Massachusetts Minutemen,offense,WR-SL,3,David Moore Jr.,FR,12,182291
Massachusetts Minutemen,offense,LT,1,Greg Knox,RS-SR/TR,66,182281
Massachusetts Minutemen,offense,LT,2,Zachary Franks,GR/TR,73,79886
Massachusetts Minutemen,offense,LT,3,Tanner Burlingame,RS-SO,75,169198
Massachusetts Minutemen,offense,LG,1,Nick Dalessandro,GR/TR,59,182271
Massachusetts Minutemen,offense,LG,2,Riley Bloch,RS-SO,76,172263
Massachusetts Minutemen,offense,C,1,Aitor Urionabarrenechea,RS-JR/TR,79,163711
Massachusetts Minutemen,offense,C,2,Peyton Miller,RS-JR,64,164269
Massachusetts Minutemen,offense,RG,1,Brock Taylor,RS-SO,69,169211
Massachusetts Minutemen,offense,RT,1,Jaxon King,RS-SR/TR,77,172277
Massachusetts Minutemen,offense,RT,2,Greg Klingensmith,RS-SR/TR,78,182280
Massachusetts Minutemen,offense,RT,3,Garrett Cooper,RS-FR,57,178179
Massachusetts Minutemen,offense,TE,1,Reece Adkins,GR/TR,83,169681
Massachusetts Minutemen,offense,TE,2,Max Dowling,RS-SR/TR,11,75726
Massachusetts Minutemen,offense,TE,3,Jax Markovich,SO,86,178185
Massachusetts Minutemen,offense,TE,4,Owen Anderson,RS-SR/TR,87,152806
Massachusetts Minutemen,offense,TE,5,Matt Ogunniyi,RS-SO/TR,18,169566
Massachusetts Minutemen,offense,QB,1,William Watson III,RS-JR/TR,5,160166
Massachusetts Minutemen,offense,QB,2,Logan Inagawa,SO/TR,16,182276
Massachusetts Minutemen,offense,QB,3,Will Perry,RS-SO,7,169207
Massachusetts Minutemen,offense,QB,4,Aedan McCarthy,FR,13,182286
Massachusetts Minutemen,offense,RB,1,Jordan Washington,RS-SO/TR,0,182306
Massachusetts Minutemen,offense,RB,2,Justin Williams-Thomas,RS-SR/TR,6,161527
Massachusetts Minutemen,offense,RB,3,Elijah Faulkner,SO,23,178183
Massachusetts Minutemen,offense,RB,4,Da'Marion Alberic,RS-SO,4,169195
Massachusetts Minutemen,defense,LDE,1,Andrew DePaepe,RS-JR/TR,42,161102
Massachusetts Minutemen,defense,LDE,2,Zachary Betts,JR/TR,17,182267
Massachusetts Minutemen,defense,LDE,3,Joshua Nobles,GR/TR,2,79740
Massachusetts Minutemen,defense,LDE,4,Jerry Washington,RS-FR,11,173837
Massachusetts Minutemen,defense,NT,1,Zakar Morris,RS-SO/TR,55,182293
Massachusetts Minutemen,defense,NT,2,Tim Passmore Jr.,RS-SR/TR,90,159021
Massachusetts Minutemen,defense,NT,3,Aubrey Melvin,RS-FR/TR,10,178693
Massachusetts Minutemen,defense,DT,1,Justin Krueger,RS-SO/TR,9,182282
Massachusetts Minutemen,defense,DT,2,Kamarion Thomas,RS-FR/TR,99,176749
Massachusetts Minutemen,defense,DT,3,Hollis Dirstine,GR/TR,95,182274
Massachusetts Minutemen,defense,RDE,1,William DePaepe,RS-SO/TR,98,171027
Massachusetts Minutemen,defense,RDE,2,Colin Reynolds,GR/TR,94,182308
Massachusetts Minutemen,defense,RDE,3,Romando Johnson,RS-FR,92,174511
Massachusetts Minutemen,defense,WLB,1,Tyler Martin,RS-SR/TR,5,163077
Massachusetts Minutemen,defense,WLB,2,Khari Bendolph,SO/TR,15,177901
Massachusetts Minutemen,defense,WLB,3,Joshua Iseah,SR/TR,6,182277
Massachusetts Minutemen,defense,MLB,1,Timmy Hinspeter,RS-SR/TR,44,157942
Massachusetts Minutemen,defense,MLB,2,Kendric Council,JR/TR,16,182270
Massachusetts Minutemen,defense,STAR,1,Michael Robinson,GR/TR,8,150426
Massachusetts Minutemen,defense,STAR,2,Jahmad Harmon,RS-SR/TR,22,166498
Massachusetts Minutemen,defense,LCB,1,Isaiah Reed,GR/TR,0,174573
Massachusetts Minutemen,defense,LCB,2,Raheim Sexil,RS-SO/TR,13,169881
Massachusetts Minutemen,defense,LCB,3,JC Clark,RS-FR,23,175698
Massachusetts Minutemen,defense,SS,1,Zeraun Daniel,SR/TR,38,175699
Massachusetts Minutemen,defense,SS,2,Keith Sarkodieh,RS-SO,20,169208
Massachusetts Minutemen,defense,SS,3,Michael Pangaro,RS-SO,27,172272
Massachusetts Minutemen,defense,FS,1,Kendall Bournes,SR/TR,3,175697
Massachusetts Minutemen,defense,FS,2,DD Snyder,GR/TR,1,161483
Massachusetts Minutemen,defense,RCB,1,TJ Magee,RS-SR/TR,7,175703
Massachusetts Minutemen,defense,RCB,2,Chris Stanley,JR/TR,4,182299
Massachusetts Minutemen,special_teams,PT,1,Edward Phillipson,RS-FR,43,178187
Massachusetts Minutemen,special_teams,PT,2,Michael Streeter,FR,46,182300
Massachusetts Minutemen,special_teams,PK,1,Derek Morris,JR/TR,99,170800
Massachusetts Minutemen,special_teams,PK,2,Seamus McIntyre,FR,33,182288
Massachusetts Minutemen,special_teams,KO,1,Derek Morris,JR/TR,99,170800
Massachusetts Minutemen,special_teams,KO,2,Seamus McIntyre,FR,33,182288
Massachusetts Minutemen,special_teams,LS,1,Grant Mills,RS-SO/TR,51,171233
Massachusetts Minutemen,special_teams,LS,2,James Horton,RS-SO,56,172266
Massachusetts Minutemen,special_teams,H,1,Edward Phillipson,RS-FR,43,178187
Massachusetts Minutemen,special_teams,H,2,Michael Streeter,FR,46,182300
Massachusetts Minutemen,special_teams,PR,1,T.Y. Harding,RS-SR,2,155022
Massachusetts Minutemen,special_teams,KR,1,T.Y. Harding,RS-SR,2,155022
Massachusetts Minutemen,special_teams,KR,2,Jordan Washington,RS-SO/TR,0,182306
Massachusetts Minutemen,special_teams,KR,3,Kezion Dia-Johnson,RS-SO,8,169199
Memphis Tigers,offense,WR-X,1,Terrell Timmons Jr.,RS-SR/TR,4,78616
Memphis Tigers,offense,WR-X,2,Jemyri Davis,RS-JR/TR,13,174929
Memphis Tigers,offense,WR-Z,1,Brady Kluse,JR,12,169824
Memphis Tigers,offense,WR-Z,2,Alante Brown,RS-SR/TR,17,163593
Memphis Tigers,offense,WR-SL,1,Tychaun Chapman,RS-SR/TR,1,78858
Memphis Tigers,offense,WR-SL,2,Jermane Hayes,SO/TR,11,176164
Memphis Tigers,offense,WR-SL,3,Bryce Dorsey,RS-SO,8,171824
Memphis Tigers,offense,LT,1,Carde Smith,RS-FR/TR,66,174426
Memphis Tigers,offense,LT,2,Xavier Allen,SR/TR,71,179466
Memphis Tigers,offense,LG,1,Skyler Grant,RS-SR/TR,75,152034
Memphis Tigers,offense,LG,2,Brian Grant,RS-SR/TR,77,154196
Memphis Tigers,offense,C,1,Koby Keenum,RS-JR/TR,50,159802
Memphis Tigers,offense,C,2,Phillip Gray,RS-SR/TR,73,179468
Memphis Tigers,offense,RG,1,Parker Mitchell,RS-SR/TR,76,174646
Memphis Tigers,offense,RG,2,Maarten Woudsma,RS-SR/TR,55,158171
Memphis Tigers,offense,RT,1,Aaron Karas,RS-SR/TR,59,158337
Memphis Tigers,offense,RT,2,Riley McGehee,JR/TR,78,172348
Memphis Tigers,offense,TE,1,Hunter Tipton,RS-SR/TR,0,169918
Memphis Tigers,offense,TE,2,TJ Johnson,RS-JR/TR,10,160190
Memphis Tigers,offense,TE,3,Aidan O'Callaghan,RS-SO/TR,14,181020
Memphis Tigers,offense,QB,1,Marcus Stokes,RS-JR/TR,2,179470
Memphis Tigers,offense,QB,2,Air Noland,RS-SO/TR,3,167683
Memphis Tigers,offense,QB,3,Denzel Gardner,RS-FR/TR,9,176161
Memphis Tigers,offense,RB,1,Dallan Hayden,RS-SR/TR,7,157305
Memphis Tigers,offense,RB,2,Jaylin Carter,SO/TR,6,176156
Memphis Tigers,offense,RB,3,Manny Covey,RS-JR/TR,28,160487
Memphis Tigers,defense,LDE,1,J'Mond Tapp,RS-SR/TR,14,157456
Memphis Tigers,defense,LDE,2,Jabari Ishmael,RS-SR/TR,93,167044
Memphis Tigers,defense,LDE,3,Justin Wallace,RS-SR/TR,10,179471
Memphis Tigers,defense,NT,1,J'Mari Monette,RS-SR/TR,94,152908
Memphis Tigers,defense,NT,2,Devan Lowe,SR/TR,99,178200
Memphis Tigers,defense,NT,3,KJ Miles,RS-SR/TR,56,164050
Memphis Tigers,defense,DT,1,Jaden McKinney,SR/TR,11,175897
Memphis Tigers,defense,DT,2,Taylor Burton,SR/TR,90,175981
Memphis Tigers,defense,DT,3,Xavier Miles,RS-SO/TR,18,172460
Memphis Tigers,defense,RDE,1,Joseph Head Jr.,RS-JR/TR,4,165267
Memphis Tigers,defense,RDE,2,Deangelo Thompson Jr.,RS-FR/TR,35,176193
Memphis Tigers,defense,RDE,3,Stone Chaney,RS-SO/TR,13,172018
Memphis Tigers,defense,WLB,1,Jayden Parrish,RS-SO/TR,23,168159
Memphis Tigers,defense,WLB,2,Trey McDonald,RS-SR/TR,40,153870
Memphis Tigers,defense,WLB,3,Wolf Walker,RS-FR,43,175995
Memphis Tigers,defense,MLB,1,Mike Montgomery,SR/TR,9,176169
Memphis Tigers,defense,MLB,2,Donovan Mathena,RS-SR,33,157632
Memphis Tigers,defense,MLB,3,Christian Thatcher,RS-FR/TR,42,174833
Memphis Tigers,defense,LCB,1,Ellis Ellis Jr.,RS-SR/TR,1,179467
Memphis Tigers,defense,LCB,2,Chauncey Logan Jr.,GR/TR,2,167583
Memphis Tigers,defense,SS,1,Dylan King,RS-SR/TR,6,176167
Memphis Tigers,defense,SS,2,Dylan Smith,RS-JR/TR,3,165101
Memphis Tigers,defense,FS,1,Ahmere Foster,SR/TR,5,166930
Memphis Tigers,defense,FS,2,Khalil Foster,RS-FR/TR,21,176159
Memphis Tigers,defense,RCB,1,Anthony Richard Jr.,RS-SR/TR,8,172202
Memphis Tigers,defense,RCB,2,Dilan Williamson,RS-SR/TR,32,179472
Memphis Tigers,defense,NB,1,Ian Foster,RS-JR/TR,0,167025
Memphis Tigers,defense,NB,2,Darius Malcolm Jr.,RS-SO/TR,7,179469
Memphis Tigers,special_teams,PT,1,Harrison Tuck,SR/TR,30,179465
Memphis Tigers,special_teams,PT,2,Jake Snyder,FR,32,179489
Memphis Tigers,special_teams,PK,1,Philippe Laforge,SO/TR,80,178170
Memphis Tigers,special_teams,PK,2,Tarik Ahmetbasic,RS-JR/TR,40,165532
Memphis Tigers,special_teams,PK,3,Oliver Castaneda,RS-SO,33,171819
Memphis Tigers,special_teams,KO,1,Philippe Laforge,SO/TR,80,178170
Memphis Tigers,special_teams,KO,2,Tarik Ahmetbasic,RS-JR/TR,40,165532
Memphis Tigers,special_teams,KO,3,Oliver Castaneda,RS-SO,33,171819
Memphis Tigers,special_teams,LS,1,Weston Simmons,RS-JR/TR,34,167381
Memphis Tigers,special_teams,LS,2,Ben Majors,FR,42,182757
Memphis Tigers,special_teams,H,1,Harrison Tuck,SR/TR,30,179465
Memphis Tigers,special_teams,H,2,Jake Snyder,FR,32,179489
Memphis Tigers,special_teams,PR,1,Manny Covey,RS-JR/TR,28,160487
Memphis Tigers,special_teams,KR,1,Alante Brown,RS-SR/TR,17,163593
Miami Hurricanes,offense,WR-X,1,Joshua Moore,SO,3,174191
Miami Hurricanes,offense,WR-X,2,Vandrevius Jacobs,RS-JR/TR,8,160403
Miami Hurricanes,offense,WR-Z,1,Cooper Barkate,GR/TR,18,174258
Miami Hurricanes,offense,WR-Z,2,Daylyn Upshaw,RS-FR,7,174193
Miami Hurricanes,offense,WR-SL,1,Malachi Toney,SO,1,174192
Miami Hurricanes,offense,WR-SL,2,Vance Spafford,FR,13,178853
Miami Hurricanes,offense,LT,1,Samson Okunlola,RS-JR,63,160362
Miami Hurricanes,offense,LT,2,Jaden Wilkerson,RS-FR,73,174196
Miami Hurricanes,offense,LT,3,Jacob Hawks,SO/TR,75,183662
Miami Hurricanes,offense,LG,1,Max Buchanan,SO,66,175278
Miami Hurricanes,offense,LG,2,Seuseu Alofaituli,SO,65,174195
Miami Hurricanes,offense,LG,3,Johnathan Cline,RS-JR/TR,56,162982
Miami Hurricanes,offense,C,1,Ryan Rodriguez,RS-SR,76,150760
Miami Hurricanes,offense,C,2,Rhys Woodrow,FR,57,178866
Miami Hurricanes,offense,RG,1,Jackson Cantwell,FR,79,178839
Miami Hurricanes,offense,RG,2,Ben Congdon,FR,58,178848
Miami Hurricanes,offense,RG,3,Jamal Meriweather,RS-JR/TR,71,166922
Miami Hurricanes,offense,RT,1,Matthew McCoy,RS-SR,78,158553
Miami Hurricanes,offense,RT,2,Juan Minaya,RS-SO,77,172773
Miami Hurricanes,offense,TE,1,Elija Lofton,JR,9,169241
Miami Hurricanes,offense,TE,2,Gavin Mueller,FR,87,178846
Miami Hurricanes,offense,TE,3,Luka Gilbert,SO,88,175282
Miami Hurricanes,offense,TE,4,Owen Ruskavich,RS-JR,44,167430
Miami Hurricanes,offense,QB,1,Darian Mensah,RS-JR/TR,10,163636
Miami Hurricanes,offense,QB,2,Luke Nickel,RS-FR,5,174189
Miami Hurricanes,offense,QB,3,Judd Anderson,RS-SO,15,169234
Miami Hurricanes,offense,RB,1,Mark Fletcher Jr.,SR,4,163244
Miami Hurricanes,offense,RB,2,CharMar Brown,RS-JR/TR,6,176348
Miami Hurricanes,offense,RB,3,Girard Pringle Jr.,SO,0,174190
Miami Hurricanes,offense,RB,4,Jordan Lyle,JR,2,170086
Miami Hurricanes,defense,LDE,1,Damon Wilson II,SR/TR,10,160012
Miami Hurricanes,defense,LDE,2,Armondo Blount,JR,18,169236
Miami Hurricanes,defense,NT,1,Justin Scott,JR,5,172788
Miami Hurricanes,defense,NT,2,Keona Davis,JR/TR,97,171005
Miami Hurricanes,defense,DT,1,Ahmad Moten Sr.,RS-SR,99,158554
Miami Hurricanes,defense,DT,2,Jarquez Carter,SO/TR,91,173908
Miami Hurricanes,defense,RDE,1,Marquise Lightfoot,JR,8,169240
Miami Hurricanes,defense,RDE,2,Herbert Scroggins III,SO,31,175287
Miami Hurricanes,defense,RDE,3,Booker Pickett Jr.,RS-SO,33,172774
Miami Hurricanes,defense,WLB,1,Chase Smith,RS-SR,9,146853
Miami Hurricanes,defense,WLB,2,Cam Pruitt,JR,4,169246
Miami Hurricanes,defense,MLB,1,Mohamed Toure,RS-SR/TR,1,135993
Miami Hurricanes,defense,MLB,2,Kamal Bonner,RS-JR/TR,11,160568
Miami Hurricanes,defense,MLB,3,Kellen Wiley Jr.,RS-FR,30,174198
Miami Hurricanes,defense,LCB,1,Romanas Frederique Jr.,JR,29,172768
Miami Hurricanes,defense,LCB,2,Damari Brown,RS-JR,2,160369
Miami Hurricanes,defense,LCB,3,Chris Ewald Jr.,RS-FR,20,175281
Miami Hurricanes,defense,SS,1,Bryce Fitzgerald,SO,3,174199
Miami Hurricanes,defense,SS,2,JJ Dunnigan,FR,25,178844
Miami Hurricanes,defense,FS,1,Zechariah Poyser,RS-JR/TR,7,164993
Miami Hurricanes,defense,FS,2,Dylan Day,JR,23,169237
Miami Hurricanes,defense,RCB,1,Xavier Lucas,JR/TR,6,168925
Miami Hurricanes,defense,RCB,2,Ethan O'Connor,RS-JR/TR,24,167266
Miami Hurricanes,defense,RCB,3,Ja'Boree Antoine,SO,16,175277
Miami Hurricanes,defense,NB,1,Omar Thornton,JR/TR,0,172900
Miami Hurricanes,defense,NB,2,Camdin Portis,FR,21,178845
Miami Hurricanes,defense,NB,3,Isaiah Taylor,GR/TR,28,79103
Miami Hurricanes,special_teams,PT,1,Dylan Joyce,SR,94,160370
Miami Hurricanes,special_teams,PT,2,Tucker Tevepaugh,RS-SO,96,172782
Miami Hurricanes,special_teams,PK,1,Jack Olsen,GR/TR,82,150397
Miami Hurricanes,special_teams,PK,2,Jake Weinberg,RS-SO/TR,22,171171
Miami Hurricanes,special_teams,PK,3,Will Rocha,RS-JR,97,167247
Miami Hurricanes,special_teams,KO,1,Jake Weinberg,RS-SO/TR,22,171171
Miami Hurricanes,special_teams,KO,2,Jack Olsen,GR/TR,82,150397
Miami Hurricanes,special_teams,KO,3,Will Rocha,RS-JR,97,167247
Miami Hurricanes,special_teams,LS,1,Adam Booker,RS-SR/TR,46,157070
Miami Hurricanes,special_teams,LS,2,Vance Diepenbrock,FR,59,183661
Miami Hurricanes,special_teams,H,1,Dylan Joyce,SR,94,160370
Miami Hurricanes,special_teams,H,2,Tucker Tevepaugh,RS-SO,96,172782
Miami Hurricanes,special_teams,PR,1,Malachi Toney,SO,1,174192
Miami Hurricanes,special_teams,KR,1,Girard Pringle Jr.,SO,0,174190
Miami Hurricanes,special_teams,KR,2,Jordan Lyle,JR,2,170086
Miami (Ohio) RedHawks,offense,WR-X,1,Maleek Huggins,RS-SR/TR,1,183463
Miami (Ohio) RedHawks,offense,WR-X,2,Damarion Witten,RS-SO/TR,8,167692
Miami (Ohio) RedHawks,offense,WR-X,3,Devin Hyatt,RS-JR/TR,4,163361
Miami (Ohio) RedHawks,offense,WR-Z,1,Braylon Isom,RS-SO,18,173314
Miami (Ohio) RedHawks,offense,WR-Z,2,Carl Jenkins,SO/TR,2,174560
Miami (Ohio) RedHawks,offense,WR-Z,3,Brady Simmons,RS-SR/TR,2,159453
Miami (Ohio) RedHawks,offense,WR-SL,1,Keith Reynolds,RS-JR/TR,5,160213
Miami (Ohio) RedHawks,offense,WR-SL,2,Lynel Billups-Williams,RS-JR,10,164275
Miami (Ohio) RedHawks,offense,WR-SL,3,Scoop Smith,FR,24,183476
Miami (Ohio) RedHawks,offense,LT,1,Eric Smith,RS-SR,51,158517
Miami (Ohio) RedHawks,offense,LT,2,Shaun Shahu,RS-SR/TR,77,183474
Miami (Ohio) RedHawks,offense,LG,1,Greg Smith Jr.,RS-JR,74,164290
Miami (Ohio) RedHawks,offense,LG,2,Brandon Lawhorn Moore,RS-SR,73,158499
Miami (Ohio) RedHawks,offense,LG,3,Devontae Armstrong,RS-SO/TR,78,167676
Miami (Ohio) RedHawks,offense,C,1,Kris Manu,RS-SO,72,173317
Miami (Ohio) RedHawks,offense,C,2,Mitchell Butler,RS-JR/TR,56,164140
Miami (Ohio) RedHawks,offense,C,3,Ayden Annarino,RS-FR,55,176224
Miami (Ohio) RedHawks,offense,RG,1,Jacob Schorsch,RS-SO,70,173323
Miami (Ohio) RedHawks,offense,RG,2,Brian Beidatsch,RS-SR/TR,76,183453
Miami (Ohio) RedHawks,offense,RT,1,Evan Malcore,RS-SR/TR,54,158661
Miami (Ohio) RedHawks,offense,RT,2,Andrew Lowry,RS-JR,61,162105
Miami (Ohio) RedHawks,offense,TE,1,Christian Ross,RS-JR/TR,15,164033
Miami (Ohio) RedHawks,offense,TE,2,Brendan Loftus,RS-FR,81,178343
Miami (Ohio) RedHawks,offense,TE,3,Trey Zvonar,RS-FR,85,176237
Miami (Ohio) RedHawks,offense,TE,4,Eric Karner,RS-SO/TR,83,168757
Miami (Ohio) RedHawks,offense,TE,5,Noam Butbul,RS-FR,44,178332
Miami (Ohio) RedHawks,offense,QB,1,Thomas Gotkowski,RS-SO,13,170380
Miami (Ohio) RedHawks,offense,QB,2,David McComb,RS-FR/TR,16,175326
Miami (Ohio) RedHawks,offense,QB,3,Caleb Heavner,RS-SR/TR,6,183461
Miami (Ohio) RedHawks,offense,QB,4,Drew Bellisari,FR,11,183454
Miami (Ohio) RedHawks,offense,QB,5,Luke Berry,FR,19,183484
Miami (Ohio) RedHawks,offense,RB,1,D'Shawntae Jones,RS-SO,9,173316
Miami (Ohio) RedHawks,offense,RB,2,Rodney Nelson,RS-JR/TR,0,183469
Miami (Ohio) RedHawks,offense,RB,3,Cade Yacamelli,RS-SR/TR,20,157243
Miami (Ohio) RedHawks,offense,RB,4,Lazaro Rogers,SO/TR,21,178413
Miami (Ohio) RedHawks,offense,RB,5,Chancellor Sparks,FR,22,183477
Miami (Ohio) RedHawks,defense,LDE,1,Grant Lyons,RS-SR,43,158501
Miami (Ohio) RedHawks,defense,LDE,2,Zhaiylen Scott,RS-SO/TR,20,170597
Miami (Ohio) RedHawks,defense,LDE,3,Devin Bell,RS-SO,5,173326
Miami (Ohio) RedHawks,defense,LDT,1,Brach Rice,RS-SO,4,173321
Miami (Ohio) RedHawks,defense,LDT,2,Marcus Moore,RS-JR/TR,52,164724
Miami (Ohio) RedHawks,defense,LDT,3,William Goodvine III,RS-SO,97,173311
Miami (Ohio) RedHawks,defense,LDT,4,Carmine Orozco,RS-FR,96,176229
Miami (Ohio) RedHawks,defense,RDT,1,Roosevelt Andrews III,RS-JR,92,164274
Miami (Ohio) RedHawks,defense,RDT,2,OJ Alexander,RS-SO,99,173303
Miami (Ohio) RedHawks,defense,RDT,3,Logan Howell,RS-FR,93,178342
Miami (Ohio) RedHawks,defense,RDE,1,Bai Jobe,RS-JR/TR,22,161104
Miami (Ohio) RedHawks,defense,RDE,2,James Schott,RS-SR/TR,32,157333
Miami (Ohio) RedHawks,defense,RDE,3,Javon Hammonds,RS-SO,9,170381
Miami (Ohio) RedHawks,defense,WLB,1,Brock Uihlein,RS-JR,11,164291
Miami (Ohio) RedHawks,defense,WLB,2,CJ Young,RS-JR/TR,8,161919
Miami (Ohio) RedHawks,defense,WLB,3,Christian McKinney,RS-JR,16,164284
Miami (Ohio) RedHawks,defense,MLB,1,Malcolm McCain,RS-JR,3,164282
Miami (Ohio) RedHawks,defense,MLB,2,Blayne Myrick,RS-SR/TR,15,157871
Miami (Ohio) RedHawks,defense,LCB,1,Kaleb Martin,JR,12,173318
Miami (Ohio) RedHawks,defense,LCB,2,Amariyun Knighten,RS-SR/TR,0,158660
Miami (Ohio) RedHawks,defense,LCB,3,Jerome Smith,RS-FR,19,178344
Miami (Ohio) RedHawks,defense,SS,1,Ben Minich,RS-JR/TR,17,162304
Miami (Ohio) RedHawks,defense,SS,2,Josh Ringer,RS-SO,30,170384
Miami (Ohio) RedHawks,defense,SS,3,Desmon Yharbrough,RS-FR,13,176236
Miami (Ohio) RedHawks,defense,FS,1,Eli Coppess,RS-SR,26,158495
Miami (Ohio) RedHawks,defense,FS,2,Leo Colombi,RS-SO,28,173306
Miami (Ohio) RedHawks,defense,FS,3,Jackson Pons,RS-SO,2,170383
Miami (Ohio) RedHawks,defense,RCB,1,Mychal Yharbrough,SR,24,164292
Miami (Ohio) RedHawks,defense,RCB,2,Toney Coleman Jr.,JR,21,173305
Miami (Ohio) RedHawks,defense,RCB,3,Isaiah Rollins,RS-FR,18,176232
Miami (Ohio) RedHawks,defense,NB,1,Dillon Tatum,RS-SR/TR,1,154068
Miami (Ohio) RedHawks,defense,NB,2,Jermaine Agee,RS-SO,6,173302
Miami (Ohio) RedHawks,special_teams,PT,1,Pierse Stainton,RS-SR/TR,34,157689
Miami (Ohio) RedHawks,special_teams,PT,2,Carter Holden,RS-SO,36,173312
Miami (Ohio) RedHawks,special_teams,PT,3,Brady Stidham,FR,31,183479
Miami (Ohio) RedHawks,special_teams,PK,1,Kellan McLaughlin,RS-JR,38,164285
Miami (Ohio) RedHawks,special_teams,PK,2,Carter Holden,RS-SO,36,173312
Miami (Ohio) RedHawks,special_teams,PK,3,Brady Stidham,FR,31,183479
Miami (Ohio) RedHawks,special_teams,KO,1,Kellan McLaughlin,RS-JR,38,164285
Miami (Ohio) RedHawks,special_teams,KO,2,Carter Holden,RS-SO,36,173312
Miami (Ohio) RedHawks,special_teams,KO,3,Brady Stidham,FR,31,183479
Miami (Ohio) RedHawks,special_teams,LS,1,Trey Wallman,RS-SR/TR,60,183482
Miami (Ohio) RedHawks,special_teams,LS,2,Nick Brady,FR,64,183455
Miami (Ohio) RedHawks,special_teams,H,1,Pierse Stainton,RS-SR/TR,34,157689
Miami (Ohio) RedHawks,special_teams,H,2,Carter Holden,RS-SO,36,173312
Miami (Ohio) RedHawks,special_teams,PR,1,Lynel Billups-Williams,RS-JR,10,164275
Miami (Ohio) RedHawks,special_teams,PR,2,Keith Reynolds,RS-JR/TR,5,160213
Miami (Ohio) RedHawks,special_teams,KR,1,Keith Reynolds,RS-JR/TR,5,160213
Miami (Ohio) RedHawks,special_teams,KR,2,Lynel Billups-Williams,RS-JR,10,164275
Michigan Wolverines,offense,WR-X,1,Andrew Marsh,SO,3,174078
Michigan Wolverines,offense,WR-X,2,Jamar Browder,SO,81,174057
Michigan Wolverines,offense,WR-X,3,Travis Johnson,FR,13,179646
Michigan Wolverines,offense,WR-X,4,Jacob Washington,RS-FR,84,174073
Michigan Wolverines,offense,WR-Z,1,Jaime Ffrench,RS-FR/TR,10,174118
Michigan Wolverines,offense,WR-Z,2,Salesi Moa,FR,12,179659
Michigan Wolverines,offense,WR-Z,3,Kendrick Bell,RS-JR,0,159970
Michigan Wolverines,offense,WR-Z,4,Jaylen Pile,FR,20,179652
Michigan Wolverines,offense,WR-SL,1,JJ Buchanan,SO/TR,6,176715
Michigan Wolverines,offense,WR-SL,2,Channing Goodwin,RS-SO,9,170974
Michigan Wolverines,offense,WR-SL,3,I'Marion Stewart,RS-SO,28,167705
Michigan Wolverines,offense,WR-SL,4,C.J. Charleston,GR/TR,82,170354
Michigan Wolverines,offense,LT,1,Blake Frazier,RS-SO,77,169182
Michigan Wolverines,offense,LT,2,Andrew Babalola,RS-FR,65,174056
Michigan Wolverines,offense,LT,3,Marky Walbridge,FR,78,179657
Michigan Wolverines,offense,LG,1,Evan Link,RS-JR,71,159983
Michigan Wolverines,offense,LG,2,Luke Hamilton,RS-SO,50,170977
Michigan Wolverines,offense,C,1,Jake Guarnera,RS-SO,53,169183
Michigan Wolverines,offense,C,2,Houston Ka'aha'aina-Torres,RS-FR/TR,67,174144
Michigan Wolverines,offense,RG,1,Nathan Efobi,RS-JR,55,159974
Michigan Wolverines,offense,RG,2,Brady Norton,RS-JR/TR,70,174079
Michigan Wolverines,offense,RG,3,Ace Hamilton,FR,52,179648
Michigan Wolverines,offense,RT,1,Andrew Sprague,RS-SO,54,170976
Michigan Wolverines,offense,RT,2,Malakai Lee,FR,58,179650
Michigan Wolverines,offense,RT,3,Avery Gach,RS-FR,74,174060
Michigan Wolverines,offense,TE,1,Zack Marshall,RS-JR,83,159984
Michigan Wolverines,offense,TE,2,Hogan Hansen,RS-SO,80,169184
Michigan Wolverines,offense,TE,3,Deakon Tonielli,RS-JR,88,159988
Michigan Wolverines,offense,TE,4,Jalen Hoffman,RS-JR,42,165772
Michigan Wolverines,offense,TE,5,Eli Owens,RS-FR,44,174076
Michigan Wolverines,offense,QB,1,Bryce Underwood,SO,19,174072
Michigan Wolverines,offense,QB,2,Brayden Fowler-Nicolosi,RS-SR/TR,16,155151
Michigan Wolverines,offense,QB,3,Tommy Carr,FR,14,179640
Michigan Wolverines,offense,QB,4,Chase Herbstreit,RS-FR,15,174061
Michigan Wolverines,offense,QB,5,Brady Smigiel,FR,17,179654
Michigan Wolverines,offense,RB,1,Jordan Marshall,RS-SO,23,170989
Michigan Wolverines,offense,RB,2,Savion Hiter,FR,5,179649
Michigan Wolverines,offense,RB,3,Bryson Kuzdzal,RS-JR,24,165775
Michigan Wolverines,offense,RB,4,Micah Ka'apana,RS-SO,25,170984
Michigan Wolverines,offense,RB,5,Jonathan Brown,FR,29,179635
Michigan Wolverines,defense,LDE,1,Cameron Brandt,SR,9,165766
Michigan Wolverines,defense,LDE,2,Dominic Nichols,RS-SO,8,169185
Michigan Wolverines,defense,LDE,3,Lugard Edokpayi,RS-SO,88,170982
Michigan Wolverines,defense,LDE,4,Julius Holly,RS-FR,37,174062
Michigan Wolverines,defense,LDT,1,Trey Pierce,SR,95,159986
Michigan Wolverines,defense,LDT,2,Deyvid Palepale,RS-SO,54,170986
Michigan Wolverines,defense,LDT,3,Chibi Anwunah,RS-SR,97,157921
Michigan Wolverines,defense,LDT,4,Alister Vallejo,FR,56,179655
Michigan Wolverines,defense,LDT,5,Ted Hammond,RS-SO,92,170983
Michigan Wolverines,defense,RDT,1,Enow Etta,RS-JR,17,159976
Michigan Wolverines,defense,RDT,2,Jonah Lea'ea,RS-JR/TR,91,166297
Michigan Wolverines,defense,RDT,3,Bobby Kanka,RS-FR,99,174063
Michigan Wolverines,defense,RDT,4,Travis Moten,RS-FR,57,174065
Michigan Wolverines,defense,RDT,5,Titan Davis,FR,97,179643
Michigan Wolverines,defense,RDE,1,John Henry Daley,RS-JR/TR,90,79523
Michigan Wolverines,defense,RDE,2,Nate Marshall,SO,94,174064
Michigan Wolverines,defense,RDE,3,Benny Patterson III,RS-FR,93,174068
Michigan Wolverines,defense,RDE,4,Carter Meadows,FR,14,179651
Michigan Wolverines,defense,WLB,1,Nathaniel Owusu-Boateng,SO,12,174066
Michigan Wolverines,defense,WLB,2,Nathaniel Staehling,RS-SR/TR,44,179660
Michigan Wolverines,defense,WLB,3,Aisea Moa,RS-SR/TR,13,152690
Michigan Wolverines,defense,MLB,1,Troy Bowles,RS-JR/TR,18,165976
Michigan Wolverines,defense,MLB,2,Chase Taylor,SO,29,174071
Michigan Wolverines,defense,MLB,3,Max Alford,RS-SR/TR,30,155543
Michigan Wolverines,defense,MLB,4,Markel Dabney,FR,23,179642
Michigan Wolverines,defense,LCB,1,Zeke Berry,RS-SR,10,152736
Michigan Wolverines,defense,LCB,2,Shamari Earls,SO,2,174059
Michigan Wolverines,defense,LCB,3,Jamarion Vincent,FR,24,179656
Michigan Wolverines,defense,SS,1,Chris Bracy,RS-JR/TR,7,164594
Michigan Wolverines,defense,SS,2,Mason Curtis,JR,25,170980
Michigan Wolverines,defense,SS,3,Kainoa Winston,RS-FR,28,174074
Michigan Wolverines,defense,SS,4,Taylor Tatum,RS-SO/TR,26,170763
Michigan Wolverines,defense,FS,1,Rod Moore,RS-SR,1,149992
Michigan Wolverines,defense,FS,2,Jordan Young,SO,6,174075
Michigan Wolverines,defense,FS,3,Jacob Oden,RS-SO,5,169186
Michigan Wolverines,defense,FS,4,Jordan Deck,FR,22,179644
Michigan Wolverines,defense,RCB,1,Jyaire Hill,RS-JR,0,159980
Michigan Wolverines,defense,RCB,2,Jo'Ziah Edmond,RS-SO,16,170981
Michigan Wolverines,defense,RCB,3,Joshua Nichols,RS-SR,36,157929
Michigan Wolverines,defense,NB,1,Smith Snowden,SR/TR,3,166304
Michigan Wolverines,defense,NB,2,Jamarion Vincent,FR,24,179656
Michigan Wolverines,defense,NB,3,Jeremiah Lowe,RS-SO,20,170988
Michigan Wolverines,special_teams,PT,1,Cam Brown,SO/TR,33,174710
Michigan Wolverines,special_teams,PT,2,Hudson Hollenbeck,RS-SR/TR,90,165764
Michigan Wolverines,special_teams,PT,3,Hunter Robertson,RS-JR/TR,93,177344
Michigan Wolverines,special_teams,PK,1,Trey Butkowski,SO/TR,99,176497
Michigan Wolverines,special_teams,PK,2,Stuart Blake,RS-SO,35,171769
Michigan Wolverines,special_teams,PK,3,Jacob Baggett,FR,30,179636
Michigan Wolverines,special_teams,KO,1,Trey Butkowski,SO/TR,99,176497
Michigan Wolverines,special_teams,KO,2,Stuart Blake,RS-SO,35,171769
Michigan Wolverines,special_teams,KO,3,Jacob Baggett,FR,30,179636
Michigan Wolverines,special_teams,LS,1,Nico Crawford,RS-SR/TR,49,168548
Michigan Wolverines,special_teams,LS,2,Gavin Magorien,SO/TR,46,177394
Michigan Wolverines,special_teams,LS,3,Trent Middleton,RS-JR/TR,67,165676
Michigan Wolverines,special_teams,H,1,Cam Brown,SO/TR,33,174710
Michigan Wolverines,special_teams,H,2,Hudson Hollenbeck,RS-SR/TR,90,165764
Michigan Wolverines,special_teams,H,3,Hunter Robertson,RS-JR/TR,93,177344
Michigan Wolverines,special_teams,PR,1,I'Marion Stewart,RS-SO,28,167705
Michigan Wolverines,special_teams,PR,2,Andrew Marsh,SO,3,174078
Michigan Wolverines,special_teams,KR,1,Micah Ka'apana,RS-SO,25,170984
Michigan Wolverines,special_teams,KR,2,Andrew Marsh,SO,3,174078
Michigan State Spartans,offense,WR-X,1,Fredrick Moore,RS-JR/TR,6,159990
Michigan State Spartans,offense,WR-X,2,Bryson Williams,RS-FR,14,178673
Michigan State Spartans,offense,WR-X,3,Samson Gash,FR,5,183084
Michigan State Spartans,offense,WR-Z,1,Charles Taplin,RS-FR,19,174385
Michigan State Spartans,offense,WR-Z,2,KK Smith,RS-JR/TR,8,164151
Michigan State Spartans,offense,WR-SL,1,Rodney Bullard Jr.,RS-SR/TR,3,174374
Michigan State Spartans,offense,WR-SL,2,Chrishon McCray,RS-SR/TR,13,158807
Michigan State Spartans,offense,WR-SL,3,Braylon Collier,RS-FR,17,174378
Michigan State Spartans,offense,LT,1,Ben Murawski,RS-SR/TR,75,159019
Michigan State Spartans,offense,LT,2,Rustin Young,RS-SO,73,172031
Michigan State Spartans,offense,LG,1,Conner Moore,RS-SR/TR,58,174390
Michigan State Spartans,offense,LG,2,Andrew Dennis,RS-SO/TR,77,168936
Michigan State Spartans,offense,C,1,Trent Fraley,RS-SR/TR,63,157136
Michigan State Spartans,offense,C,2,Drew Nichols,RS-FR,76,178672
Michigan State Spartans,offense,RG,1,Nick Sharpe,RS-SR/TR,52,147474
Michigan State Spartans,offense,RG,2,Luka Vincic,RS-SR/TR,70,158841
Michigan State Spartans,offense,RT,1,Rakeem Johnson,RS-SO,55,172022
Michigan State Spartans,offense,RT,2,Robert Wright Jr.,RS-JR/TR,71,166963
Michigan State Spartans,offense,TE,1,Jayden Savoury,RS-FR,31,178665
Michigan State Spartans,offense,TE,2,Brennan Parachek,RS-JR,82,161105
Michigan State Spartans,offense,TE,3,Kai Rios,RS-SR/TR,88,178663
Michigan State Spartans,offense,TE,4,Carson Gulker,RS-SR/TR,12,180124
Michigan State Spartans,offense,QB,1,Alessio Milivojevic,RS-SO,11,168975
Michigan State Spartans,offense,QB,2,Cam Fancher,RS-SR/TR,2,79183
Michigan State Spartans,offense,QB,3,Leo Hannan,RS-FR,15,174381
Michigan State Spartans,offense,RB,1,Cam Edwards,RS-SR/TR,0,159012
Michigan State Spartans,offense,RB,2,Jaziun Patterson,RS-SR/TR,4,154584
Michigan State Spartans,offense,RB,3,Brandon Tullis,JR,7,168979
Michigan State Spartans,offense,RB,4,Marvis Parrish,SO/TR,21,177898
Michigan State Spartans,offense,FB,1,Jay Coyne,RS-SR,44,157325
Michigan State Spartans,defense,LDE,1,Isaac Smith,RS-SR/TR,13,151013
Michigan State Spartans,defense,LDE,2,Kekai Burnett,RS-SO,51,172015
Michigan State Spartans,defense,LDE,3,Keahnist Thompson,RS-SR/TR,9,75910
Michigan State Spartans,defense,LDT,1,Eli Coenen,RS-JR/TR,96,178710
Michigan State Spartans,defense,LDT,2,Carlos Hazelwood,RS-SO/TR,25,173125
Michigan State Spartans,defense,LDT,3,Mikeshun Beeler,RS-SO,52,172011
Michigan State Spartans,defense,RDT,1,Ben Roberts,RS-SR/TR,55,153657
Michigan State Spartans,defense,RDT,2,Derrick Simmons,RS-FR,98,174384
Michigan State Spartans,defense,RDE,1,Kenny Soares Jr.,RS-SR/TR,1,156808
Michigan State Spartans,defense,RDE,2,Anelu Lafaele,RS-SO/TR,11,168924
Michigan State Spartans,defense,RDE,3,Trey Lisle,RS-SO/TR,8,180125
Michigan State Spartans,defense,WLB,1,Caleb Wheatland,RS-SR/TR,44,152943
Michigan State Spartans,defense,WLB,2,Cam Stodghill,SR/TR,12,180128
Michigan State Spartans,defense,WLB,3,Brady Pretzlaff,RS-SO,45,168976
Michigan State Spartans,defense,MLB,1,Jordan Hall,SR,5,161110
Michigan State Spartans,defense,MLB,2,Dion Crawford,SR/TR,18,161506
Michigan State Spartans,defense,MLB,3,Adam Shaw,FR,16,180127
Michigan State Spartans,defense,LCB,1,Tre Bell,RS-SR/TR,3,174104
Michigan State Spartans,defense,LCB,2,NiJhay Burt,RS-SR/TR,0,174375
Michigan State Spartans,defense,SS,1,Devin Vaught,RS-JR/TR,2,180130
Michigan State Spartans,defense,SS,2,Aveon Grose,RS-SR/TR,30,77783
Michigan State Spartans,defense,FS,1,Nikai Martinez,RS-SR/TR,21,154523
Michigan State Spartans,defense,FS,2,Trevaughn Martinez,RS-JR/TR,26,180126
Michigan State Spartans,defense,RCB,1,Charles Brantley,RS-SR/TR,4,167598
Michigan State Spartans,defense,RCB,2,Tyran Chappell,RS-SO/TR,22,180117
Michigan State Spartans,defense,NB,1,Michael Richard,SR/TR,7,162015
Michigan State Spartans,defense,NB,2,Khalil Majeed,RS-SR,34,150338
Michigan State Spartans,special_teams,PT,1,Rhys Dakin,JR/TR,9,167709
Michigan State Spartans,special_teams,PT,2,Alex Weeks,RS-FR/TR,49,180132
Michigan State Spartans,special_teams,PK,1,Liam Boyd,RS-SR/TR,37,165656
Michigan State Spartans,special_teams,KO,1,Liam Boyd,RS-SR/TR,37,165656
Michigan State Spartans,special_teams,LS,1,Nick Duzansky,RS-JR/TR,50,159920
Michigan State Spartans,special_teams,H,1,Rhys Dakin,JR/TR,9,167709
Michigan State Spartans,special_teams,H,2,Alex Weeks,RS-FR/TR,49,180132
Michigan State Spartans,special_teams,PR,1,Braylon Collier,RS-FR,17,174378
Michigan State Spartans,special_teams,KR,1,Kenneth Williams,RS-JR/TR,32,167440
Michigan State Spartans,special_teams,KR,2,Chrishon McCray,RS-SR/TR,13,158807
Middle Tennessee Blue Raiders,offense,WR-X,1,Markus Allen,GR/TR,1,72554
Middle Tennessee Blue Raiders,offense,WR-X,2,Tyree Patterson,RS-JR/TR,4,163947
Middle Tennessee Blue Raiders,offense,WR-X,3,Kason Stokes,RS-SO/TR,19,169367
Middle Tennessee Blue Raiders,offense,WR-Z,1,AJ Jones,RS-SR/TR,6,154402
Middle Tennessee Blue Raiders,offense,WR-Z,2,Landon Collins,SO,89,177976
Middle Tennessee Blue Raiders,offense,WR-SL,1,Cam'ron Lacy,RS-JR,3,161081
Middle Tennessee Blue Raiders,offense,WR-SL,2,Hogan Wasson,RS-SR/TR,7,181843
Middle Tennessee Blue Raiders,offense,WR-SL,3,Zaidyn Moore,RS-SO,80,177970
Middle Tennessee Blue Raiders,offense,LT,1,Reese Tripp,RS-JR/TR,75,160539
Middle Tennessee Blue Raiders,offense,LT,2,Tim Jacobs,JR/TR,62,181825
Middle Tennessee Blue Raiders,offense,LT,3,Kyle Larkin,RS-FR,78,175077
Middle Tennessee Blue Raiders,offense,LG,1,Adrian Crespin,RS-JR/TR,55,181819
Middle Tennessee Blue Raiders,offense,LG,2,Chris Moreno,RS-JR/TR,50,181833
Middle Tennessee Blue Raiders,offense,C,1,Otto Janse Van Rensburg,SO,61,175087
Middle Tennessee Blue Raiders,offense,C,2,Quentin Butler,RS-JR/TR,71,175065
Middle Tennessee Blue Raiders,offense,RG,1,Alex Gale,RS-SO,63,169954
Middle Tennessee Blue Raiders,offense,RG,2,Trevaris Edwards,JR/TR,58,181820
Middle Tennessee Blue Raiders,offense,RT,1,Brennan Smith,GR/TR,65,169935
Middle Tennessee Blue Raiders,offense,RT,2,Diego Blattler,RS-SR/TR,77,175064
Middle Tennessee Blue Raiders,offense,TE,1,Tayvion Galloway,RS-SO/TR,88,167839
Middle Tennessee Blue Raiders,offense,TE,2,Evan Poticher,JR,39,172123
Middle Tennessee Blue Raiders,offense,TE,3,Jadin Hambrick,JR/TR,84,181823
Middle Tennessee Blue Raiders,offense,QB,1,Roman Gagliano,RS-SO,16,169953
Middle Tennessee Blue Raiders,offense,QB,2,Peter Costelli,GR/TR,11,66729
Middle Tennessee Blue Raiders,offense,QB,3,Stanley Anderson-Lofton,RS-FR,18,175062
Middle Tennessee Blue Raiders,offense,QB,4,Rocco Williams,FR,15,181844
Middle Tennessee Blue Raiders,offense,RB,1,Antonio Martin,RS-SR/TR,8,176954
Middle Tennessee Blue Raiders,offense,RB,2,Terrence Brown,RS-SR/TR,9,181817
Middle Tennessee Blue Raiders,offense,RB,3,DJ Taylor,SO,29,175091
Middle Tennessee Blue Raiders,offense,RB,4,Austin Clemons,RS-SO,31,169950
Middle Tennessee Blue Raiders,defense,DE,1,Aidan Butts,JR,93,169947
Middle Tennessee Blue Raiders,defense,DE,2,Tiyyan Robinson,RS-SO,49,169962
Middle Tennessee Blue Raiders,defense,DE,3,Matthew Blomquist,RS-SO,75,177962
Middle Tennessee Blue Raiders,defense,NT,1,Felix Hixon,RS-SR/TR,91,79013
Middle Tennessee Blue Raiders,defense,NT,2,Emmanuel Gyamfi,JR/TR,98,169956
Middle Tennessee Blue Raiders,defense,NT,3,Archie Roseman V,RS-FR,99,175084
Middle Tennessee Blue Raiders,defense,DT,1,Zeion Simpson-Smith,RS-SO,95,169963
Middle Tennessee Blue Raiders,defense,DT,2,Justin Bodford,RS-SO/TR,90,171082
Middle Tennessee Blue Raiders,defense,EDGE,1,Reggie Johnson,RS-SR/TR,46,172127
Middle Tennessee Blue Raiders,defense,EDGE,2,Mathias Malaki-Donaldson,RS-SR/TR,31,153703
Middle Tennessee Blue Raiders,defense,EDGE,3,Kaven Call,RS-JR/TR,44,162981
Middle Tennessee Blue Raiders,defense,WLB,1,Ashton Taylor,RS-SR/TR,13,181840
Middle Tennessee Blue Raiders,defense,WLB,2,Jaiyden Thompson,SR/TR,16,175085
Middle Tennessee Blue Raiders,defense,WLB,3,Micah Smith,RS-FR,52,175090
Middle Tennessee Blue Raiders,defense,MLB,1,Korey Smith,JR,26,172130
Middle Tennessee Blue Raiders,defense,MLB,2,Jayson Lowe,RS-JR/TR,17,169959
Middle Tennessee Blue Raiders,defense,LCB,1,Jason Hardy,RS-SR/TR,21,181824
Middle Tennessee Blue Raiders,defense,LCB,2,Aidan Singleton,SR/TR,19,181838
Middle Tennessee Blue Raiders,defense,LCB,3,Devan Carlisle,RS-JR/TR,15,175067
Middle Tennessee Blue Raiders,defense,SS,1,Christofer Noble,SO,7,175082
Middle Tennessee Blue Raiders,defense,SS,2,James Johnson,SO/TR,11,175740
Middle Tennessee Blue Raiders,defense,SS,3,Locke Kennedy,SO,38,175076
Middle Tennessee Blue Raiders,defense,SS,4,Justis Haggard,FR,37,181822
Middle Tennessee Blue Raiders,defense,FS,1,Kalen Woods,RS-SR/TR,0,74995
Middle Tennessee Blue Raiders,defense,FS,2,Jordan Chestnut,RS-SR/TR,10,175069
Middle Tennessee Blue Raiders,defense,FS,3,Bryce Williams,FR,30,181845
Middle Tennessee Blue Raiders,defense,RCB,1,Jackson Lowe,RS-SO,2,169965
Middle Tennessee Blue Raiders,defense,RCB,2,Ricky Lee,RS-JR/TR,12,163011
Middle Tennessee Blue Raiders,defense,RCB,3,Camari Hall,SO,24,175072
Middle Tennessee Blue Raiders,defense,NB,1,Dyson McCutcheon,GR/TR,5,167605
Middle Tennessee Blue Raiders,defense,NB,2,Gumbo Gaskins,RS-SR/TR,22,153378
Middle Tennessee Blue Raiders,defense,NB,3,KJ Miniefield,RS-JR/TR,23,175080
Middle Tennessee Blue Raiders,special_teams,PT,1,Ashton Logan,RS-SR/TR,92,165078
Middle Tennessee Blue Raiders,special_teams,PT,2,Aden Caine,RS-JR/TR,97,175066
Middle Tennessee Blue Raiders,special_teams,PK,1,Dominic Bourgeois,SR/TR,91,181816
Middle Tennessee Blue Raiders,special_teams,PK,2,Wyatt Joyce,RS-JR,96,173345
Middle Tennessee Blue Raiders,special_teams,KO,1,Dominic Bourgeois,SR/TR,91,181816
Middle Tennessee Blue Raiders,special_teams,KO,2,Wyatt Joyce,RS-JR,96,173345
Middle Tennessee Blue Raiders,special_teams,LS,1,Connor Dougherty,RS-SR,54,157740
Middle Tennessee Blue Raiders,special_teams,H,1,Ashton Logan,RS-SR/TR,92,165078
Middle Tennessee Blue Raiders,special_teams,H,2,Aden Caine,RS-JR/TR,97,175066
Middle Tennessee Blue Raiders,special_teams,PR,1,Terrence Brown,RS-SR/TR,9,181817
Middle Tennessee Blue Raiders,special_teams,PR,2,Cam'ron Lacy,RS-JR,3,161081
Middle Tennessee Blue Raiders,special_teams,KR,1,DJ Taylor,SO,29,175091
Middle Tennessee Blue Raiders,special_teams,KR,2,Cam'ron Lacy,RS-JR,3,161081
Minnesota Golden Gophers,offense,WR-X,1,Jalen Smith,RS-SO,8,170963
Minnesota Golden Gophers,offense,WR-X,2,Hayden Moore,FR,84,180154
Minnesota Golden Gophers,offense,WR-X,3,Donielle Hayes,RS-JR,18,160525
Minnesota Golden Gophers,offense,WR-X,4,Bradley Martino,RS-FR,7,176448
Minnesota Golden Gophers,offense,WR-Z,1,Noah Jennings,SR/TR,13,174844
Minnesota Golden Gophers,offense,WR-Z,2,Quayd Hendryx,FR,89,183725
Minnesota Golden Gophers,offense,WR-Z,3,Perry Thompson,JR/TR,3,170630
Minnesota Golden Gophers,offense,WR-SL,1,Javon Tracy,RS-SR/TR,11,158511
Minnesota Golden Gophers,offense,WR-SL,2,Zion Steptoe,RS-SR/TR,25,79466
Minnesota Golden Gophers,offense,LT,1,Nathan Roy,RS-SO,50,167732
Minnesota Golden Gophers,offense,LT,2,Kaveon Lee,RS-FR,60,176445
Minnesota Golden Gophers,offense,LG,1,Greg Johnson,SR,65,160548
Minnesota Golden Gophers,offense,LG,2,Jerome Williams,RS-JR,55,160545
Minnesota Golden Gophers,offense,C,1,Ashton Beers,RS-SR,78,154135
Minnesota Golden Gophers,offense,C,2,Brett Carroll,RS-SO,56,167735
Minnesota Golden Gophers,offense,RG,1,Tony Nelson,RS-SR,59,152854
Minnesota Golden Gophers,offense,RG,2,Jaden Ball,RS-SO/TR,58,167835
Minnesota Golden Gophers,offense,RT,1,Daniel Shipp,RS-FR,51,175060
Minnesota Golden Gophers,offense,RT,2,Bennett Warren,RS-SO/TR,68,170329
Minnesota Golden Gophers,offense,TE,1,Julian Johnson,RS-SO,82,167723
Minnesota Golden Gophers,offense,TE,2,Pierce Walsh,RS-JR,19,160541
Minnesota Golden Gophers,offense,TE,3,Kaden Helms,RS-SR/TR,87,153002
Minnesota Golden Gophers,offense,TE,4,Jacob Simpson,RS-SO,88,167733
Minnesota Golden Gophers,offense,TE,5,Roman Voss,FR,4,183731
Minnesota Golden Gophers,offense,QB,1,Drake Lindsey,RS-SO,5,167724
Minnesota Golden Gophers,offense,QB,2,Max Shikenjanski,RS-JR,6,160537
Minnesota Golden Gophers,offense,QB,3,Dylan Wittke,RS-JR/TR,14,160168
Minnesota Golden Gophers,offense,QB,4,Michael Merdinger,RS-SO/TR,12,168491
Minnesota Golden Gophers,offense,RB,1,Darius Taylor,SR,1,160538
Minnesota Golden Gophers,offense,RB,2,TJ Thomas,JR/TR,23,180151
Minnesota Golden Gophers,offense,RB,3,Ryan Estrada,FR,20,183723
Minnesota Golden Gophers,offense,RB,4,A.J. Turner,RS-SR/TR,2,154696
Minnesota Golden Gophers,offense,RB,5,Zeke Bates,FR,26,180136
Minnesota Golden Gophers,defense,DE,1,Anthony Smith,RS-SR,0,152861
Minnesota Golden Gophers,defense,DE,2,Jaxon Howard,RS-JR/TR,1,162927
Minnesota Golden Gophers,defense,DE,3,Adam Kissayi,RS-SO/TR,98,168183
Minnesota Golden Gophers,defense,NT,1,Riley Sunram,RS-SO,93,170962
Minnesota Golden Gophers,defense,NT,2,Naquan Crowder,RS-JR/TR,70,175525
Minnesota Golden Gophers,defense,NT,3,Howie Johnson,FR,91,183726
Minnesota Golden Gophers,defense,DT,1,Theorin Randle,RS-JR,99,160535
Minnesota Golden Gophers,defense,DT,2,Xion Chapman,RS-JR/TR,90,176767
Minnesota Golden Gophers,defense,DT,3,Sid Kaba,RS-JR/TR,92,164315
Minnesota Golden Gophers,defense,DT,4,Jaylin Hicks,RS-SO,55,170955
Minnesota Golden Gophers,defense,RUSH,1,Karter Menz,RS-JR,11,160531
Minnesota Golden Gophers,defense,RUSH,2,TJ Bush Jr.,SR/TR,3,163060
Minnesota Golden Gophers,defense,WLB,1,Matt Kingsbury,RS-JR,49,160527
Minnesota Golden Gophers,defense,WLB,2,Emmanuel Karmo,SO,2,174357
Minnesota Golden Gophers,defense,WLB,3,Nate Cleveland,SO,35,176442
Minnesota Golden Gophers,defense,WLB,4,Mason Carrier,RS-SO,46,170950
Minnesota Golden Gophers,defense,MLB,1,Maverick Baranowski,RS-SR,6,152836
Minnesota Golden Gophers,defense,MLB,2,Joey Gerlach,RS-SR,19,152843
Minnesota Golden Gophers,defense,MLB,3,Andrew Marshall,RS-JR/TR,29,164421
Minnesota Golden Gophers,defense,LCB,1,John Nestor,SR/TR,17,163327
Minnesota Golden Gophers,defense,LCB,2,Mike Gerald,RS-SO,8,167721
Minnesota Golden Gophers,defense,SS,1,Kerry Brown,RS-JR,14,160519
Minnesota Golden Gophers,defense,SS,2,Zahir Rainer,RS-SO,13,170958
Minnesota Golden Gophers,defense,FS,1,Mekhai Smith,JR/TR,22,180149
Minnesota Golden Gophers,defense,FS,2,Zack Harden,SO,4,176444
Minnesota Golden Gophers,defense,RCB,1,Aydan West,SO/TR,5,174388
Minnesota Golden Gophers,defense,RCB,2,Naiim Parrish,SO,21,175059
Minnesota Golden Gophers,defense,NB,1,Aidan Gousby,RS-SR,7,152844
Minnesota Golden Gophers,defense,NB,2,Garrison Monroe,RS-JR,9,160533
Minnesota Golden Gophers,special_teams,PT,1,Tom Weston,RS-JR/TR,42,176454
Minnesota Golden Gophers,special_teams,PT,2,Zachary Robbins,SO/TR,37,176704
Minnesota Golden Gophers,special_teams,PK,1,Luke Drzewiecki,RS-SR/TR,,155078
Minnesota Golden Gophers,special_teams,PK,2,Beckham Sunderland,RS-SR/TR,92,172568
Minnesota Golden Gophers,special_teams,PK,3,Daniel Jackson,RS-FR,36,176455
Minnesota Golden Gophers,special_teams,KO,1,Luke Drzewiecki,RS-SR/TR,,155078
Minnesota Golden Gophers,special_teams,KO,2,Beckham Sunderland,RS-SR/TR,92,172568
Minnesota Golden Gophers,special_teams,KO,3,Daniel Jackson,RS-FR,36,176455
Minnesota Golden Gophers,special_teams,LS,1,Alan Soukup,JR,80,170961
Minnesota Golden Gophers,special_teams,LS,2,Jakob Lutz,RS-FR,43,176446
Minnesota Golden Gophers,special_teams,H,1,Tom Weston,RS-JR/TR,42,176454
Minnesota Golden Gophers,special_teams,H,2,Zachary Robbins,SO/TR,37,176704
Minnesota Golden Gophers,special_teams,PR,1,Noah Jennings,SR/TR,13,174844
Minnesota Golden Gophers,special_teams,PR,2,Javon Tracy,RS-SR/TR,11,158511
Minnesota Golden Gophers,special_teams,PR,3,Jalen Smith,RS-SO,8,170963
Minnesota Golden Gophers,special_teams,PR,4,Quayd Hendryx,FR,89,183725
Minnesota Golden Gophers,special_teams,KR,1,TJ Thomas,JR/TR,23,180151
Mississippi Rebels,offense,WR-X,1,Deuce Alexander,RS-JR/TR,1,160383
Mississippi Rebels,offense,WR-X,2,Horatio Fields,RS-SR/TR,11,149363
Mississippi Rebels,offense,WR-X,3,Isaiah Spencer,SR/TR,85,176899
Mississippi Rebels,offense,WR-Z,1,Darrell Gill Jr.,SR/TR,15,165895
Mississippi Rebels,offense,WR-Z,2,Caleb Cunningham,RS-FR,3,173890
Mississippi Rebels,offense,WR-Z,3,Samari Reed,RS-FR,81,173898
Mississippi Rebels,offense,WR-SL,1,Johntay Cook II,SR/TR,0,160421
Mississippi Rebels,offense,WR-SL,2,Cameron Miller,SO/TR,22,175030
Mississippi Rebels,offense,WR-SL,3,Dillon Alfred,RS-FR,84,173884
Mississippi Rebels,offense,WR-SL,4,Traylon Ray,RS-JR/TR,7,166975
Mississippi Rebels,offense,LT,1,Terez Davis,RS-SO/TR,55,167798
Mississippi Rebels,offense,LT,2,Enoch Wangoy,RS-SO/TR,77,172757
Mississippi Rebels,offense,LG,1,Delano Townsend,RS-JR/TR,51,164606
Mississippi Rebels,offense,LG,2,Troy Everett,RS-SR/TR,50,163543
Mississippi Rebels,offense,C,1,Brycen Sanders,RS-JR,62,160138
Mississippi Rebels,offense,C,2,Joe Koury,RS-SO,69,171075
Mississippi Rebels,offense,C,3,John Wayne Oliver,RS-SO,76,167963
Mississippi Rebels,offense,RG,1,Patrick Kutas,RS-SR/TR,75,156757
Mississippi Rebels,offense,RG,2,Connor Howes,SO,65,173895
Mississippi Rebels,offense,RT,1,Tommy Kinsler IV,RS-JR/TR,61,162147
Mississippi Rebels,offense,RT,2,Carius Curne,SO/TR,57,174081
Mississippi Rebels,offense,TE,1,Luke Hasz,SR/TR,9,160649
Mississippi Rebels,offense,TE,2,Caleb Odom,JR/TR,4,167940
Mississippi Rebels,offense,TE,3,Brady Prieskorn,RS-SO/TR,86,169187
Mississippi Rebels,offense,TE,4,Michael Smith,RS-SO/TR,82,171137
Mississippi Rebels,offense,QB,1,Trinidad Chambliss,RS-SR/TR,6,176154
Mississippi Rebels,offense,QB,2,Deuce Knight,RS-FR/TR,2,173862
Mississippi Rebels,offense,QB,3,AJ Maddox,RS-SO,8,167971
Mississippi Rebels,offense,QB,4,Walker Howard,RS-SR/TR,14,160142
Mississippi Rebels,offense,RB,1,Kewan Lacy,JR/TR,5,171093
Mississippi Rebels,offense,RB,2,Makhi Frazier,JR/TR,25,170295
Mississippi Rebels,offense,RB,3,Joshua Dye,RS-JR/TR,28,166018
Mississippi Rebels,defense,DE,1,Kam Franklin,JR,5,167968
Mississippi Rebels,defense,DE,2,Jonathan Maldonado,RS-SR/TR,17,158269
Mississippi Rebels,defense,DE,3,Jordan Renaud,RS-JR/TR,1,159844
Mississippi Rebels,defense,NT,1,Michai Boireau,JR/TR,88,167999
Mississippi Rebels,defense,NT,2,Jehiem Oatis,RS-SR/TR,9,153070
Mississippi Rebels,defense,NT,3,Andrew Maddox,SO,95,173903
Mississippi Rebels,defense,DT,1,Will Echoles,JR,52,167959
Mississippi Rebels,defense,DT,2,Jamarious Brown,RS-JR,96,160129
Mississippi Rebels,defense,DT,3,Kamron Beavers,RS-SO,97,167955
Mississippi Rebels,defense,BUCK,1,Suntarine Perkins,SR,4,160136
Mississippi Rebels,defense,BUCK,2,Blake Purchase,RS-JR/TR,3,159933
Mississippi Rebels,defense,BUCK,3,Talib Graham,RS-FR,45,173892
Mississippi Rebels,defense,WLB,1,Keaton Thomas,RS-SR/TR,11,77342
Mississippi Rebels,defense,WLB,2,Jarcoby Hopson,RS-FR,23,173894
Mississippi Rebels,defense,WLB,3,Tony Mitchell,SR/TR,44,159850
Mississippi Rebels,defense,MLB,1,Luke Ferrelli,RS-SO/TR,12,168700
Mississippi Rebels,defense,MLB,2,Tah'j Butler,JR/TR,49,168724
Mississippi Rebels,defense,MLB,3,Ant Davis Jr.,FR,26,179716
Mississippi Rebels,defense,MLB,4,Raymond Collins,RS-SR/TR,22,167970
Mississippi Rebels,defense,LCB,1,Jalyn Crawford,JR/TR,0,168089
Mississippi Rebels,defense,LCB,2,Jaylon Braxton,SR/TR,2,160656
Mississippi Rebels,defense,LCB,3,Tavoy Feagin,RS-SO/TR,21,168178
Mississippi Rebels,defense,SS,1,Edwin Joseph,RS-JR/TR,14,163737
Mississippi Rebels,defense,SS,2,Andy Jaffe,RS-SO,24,167962
Mississippi Rebels,defense,SS,3,Cortez Thomas,RS-FR,37,173899
Mississippi Rebels,defense,FS,1,Joenel Aguero,SR/TR,6,159994
Mississippi Rebels,defense,FS,2,Nick Cull,RS-SR,29,156818
Mississippi Rebels,defense,FS,3,Keon Young,RS-FR,36,173901
Mississippi Rebels,defense,RCB,1,Antonio Kite,RS-SR/TR,8,168082
Mississippi Rebels,defense,RCB,2,Dorian Barney,FR,16,179713
Mississippi Rebels,defense,RCB,3,Cedrick Beavers,RS-SR/TR,13,167954
Mississippi Rebels,defense,NB,1,Sharif Denson,SR/TR,7,160693
Mississippi Rebels,defense,NB,2,Ladarian Clardy,SO,31,173888
Mississippi Rebels,defense,NB,3,Anthony Robinson III,RS-SO,20,167964
Mississippi Rebels,special_teams,PT,1,Oscar Bird,SO,33,174673
Mississippi Rebels,special_teams,PT,2,Stephon Weise,FR,47,181179
Mississippi Rebels,special_teams,PK,1,Lucas Carneiro,RS-SR/TR,17,159069
Mississippi Rebels,special_teams,KO,1,Lucas Carneiro,RS-SR/TR,17,159069
Mississippi Rebels,special_teams,LS,1,Caleb Blankenship,RS-SO,44,170695
Mississippi Rebels,special_teams,LS,2,Sean Judge,RS-SO,83,171074
Mississippi Rebels,special_teams,H,1,Oscar Bird,SO,33,174673
Mississippi Rebels,special_teams,H,2,Stephon Weise,FR,47,181179
Mississippi Rebels,special_teams,PR,1,Izaiah Hartrup,RS-SR/TR,12,171073
Mississippi Rebels,special_teams,KR,1,Izaiah Hartrup,RS-SR/TR,12,171073
Mississippi State Bulldogs,offense,WR-X,1,Marquis Johnson,SR/TR,2,161330
Mississippi State Bulldogs,offense,WR-X,2,Sanfrisco Magee,RS-SO,13,171119
Mississippi State Bulldogs,offense,WR-X,3,Matt Mayfield,JR/TR,12,179195
Mississippi State Bulldogs,offense,WR-Z,1,Ayden Williams,SR/TR,11,160139
Mississippi State Bulldogs,offense,WR-Z,2,Zion Ragins,RS-SO/TR,7,171339
Mississippi State Bulldogs,offense,WR-SL,1,Anthony Evans III,SR/TR,3,159997
Mississippi State Bulldogs,offense,WR-SL,2,Gracen Harris,RS-FR,0,174656
Mississippi State Bulldogs,offense,LT,1,Jakheem Shumpert-Perkins,RS-JR/TR,55,174666
Mississippi State Bulldogs,offense,LT,2,Tyler Miller,RS-FR/TR,59,175274
Mississippi State Bulldogs,offense,LT,3,Ja'Elyne Matthews,RS-FR/TR,66,175756
Mississippi State Bulldogs,offense,LG,1,DJ Chester,RS-JR/TR,78,162924
Mississippi State Bulldogs,offense,LG,2,TJ Lockhart,RS-SO,77,171117
Mississippi State Bulldogs,offense,LG,3,Jamari Freeman,RS-SR/TR,,181348
Mississippi State Bulldogs,offense,C,1,Canon Boone,GR,72,154056
Mississippi State Bulldogs,offense,C,2,Mario Nash,RS-FR/TR,63,174250
Mississippi State Bulldogs,offense,C,3,Wesley Davis,RS-SR,56,157354
Mississippi State Bulldogs,offense,RG,1,LJ Prudhomme,RS-FR/TR,50,176484
Mississippi State Bulldogs,offense,RG,2,Miles McVay,RS-JR/TR,58,159839
Mississippi State Bulldogs,offense,RT,1,Blake Steen,RS-JR/TR,54,153871
Mississippi State Bulldogs,offense,RT,2,Saquon Miles,RS-JR/TR,71,174663
Mississippi State Bulldogs,offense,RT,3,Isaiah Dent,RS-SO/TR,75,169299
Mississippi State Bulldogs,offense,TE,1,Sam West,RS-JR/TR,87,160092
Mississippi State Bulldogs,offense,TE,2,Riley Williams,RS-JR/TR,18,162097
Mississippi State Bulldogs,offense,TE,3,Zayion Cotton,FR,4,179190
Mississippi State Bulldogs,offense,TE,4,Joeseph Skipworth,RS-FR,88,176545
Mississippi State Bulldogs,offense,QB,1,Kamario Taylor,SO,1,174669
Mississippi State Bulldogs,offense,QB,2,AJ Swann,RS-SR/TR,17,79418
Mississippi State Bulldogs,offense,QB,3,Jaden Rashada,RS-JR/TR,8,161431
Mississippi State Bulldogs,offense,QB,4,Brodie McWhorter,FR,14,179196
Mississippi State Bulldogs,offense,QB,5,Parker Puckett,RS-FR,15,176543
Mississippi State Bulldogs,offense,RB,1,Fluff Bothwell,JR/TR,24,172304
Mississippi State Bulldogs,offense,RB,2,Xavier Gayten,JR,5,171112
Mississippi State Bulldogs,offense,RB,3,Kolin Wilson,RS-FR,6,174670
Mississippi State Bulldogs,offense,RB,4,J.J. Hill,FR,21,179194
Mississippi State Bulldogs,offense,RB,5,Cooper Crosby,FR,25,179192
Mississippi State Bulldogs,defense,DE,1,Will Whitson,GR/TR,43,164646
Mississippi State Bulldogs,defense,DE,2,Trevion Williams,RS-JR,23,157376
Mississippi State Bulldogs,defense,DE,3,Jayson Jenkins,RS-SR/TR,97,154212
Mississippi State Bulldogs,defense,NT,1,Jaray Bledsoe,RS-SR/TR,9,153994
Mississippi State Bulldogs,defense,NT,2,Kalvin Dinkins,RS-SR,35,157356
Mississippi State Bulldogs,defense,NT,3,Diesel Moye,RS-SR/TR,99,174664
Mississippi State Bulldogs,defense,DT,1,Dealyn Evans,RS-SO/TR,14,168752
Mississippi State Bulldogs,defense,DT,2,DJ Reed,RS-JR/TR,42,160123
Mississippi State Bulldogs,defense,DT,3,Colin Coates,RS-JR/TR,55,167301
Mississippi State Bulldogs,defense,JACK,1,Amaree Williams,JR/TR,4,171173
Mississippi State Bulldogs,defense,JACK,2,Derion Gullette,RS-JR/TR,16,160423
Mississippi State Bulldogs,defense,JACK,3,Tyshun Willis,RS-FR,41,174671
Mississippi State Bulldogs,defense,WLB,1,Tyler Lockhart,SO,11,174662
Mississippi State Bulldogs,defense,WLB,2,Jalen Smith,RS-JR/TR,10,160814
Mississippi State Bulldogs,defense,WLB,3,LaKendrick James,RS-JR/TR,13,174658
Mississippi State Bulldogs,defense,MLB,1,Zakari Tillman,SR,7,162135
Mississippi State Bulldogs,defense,MLB,2,Fatt Forrest,RS-SO,0,171111
Mississippi State Bulldogs,defense,MLB,3,AJ Rice,RS-FR,32,174665
Mississippi State Bulldogs,defense,MLB,4,Gav Holman,RS-SO/TR,44,171164
Mississippi State Bulldogs,defense,LCB,1,Kelley Jones,RS-JR,1,165270
Mississippi State Bulldogs,defense,LCB,2,Kaylib Singleton,RS-FR/TR,8,176192
Mississippi State Bulldogs,defense,LCB,3,Kyle Johnson,RS-FR,17,174672
Mississippi State Bulldogs,defense,SS,1,Jardin Gilbert,GR/TR,5,78667
Mississippi State Bulldogs,defense,SS,2,Tanner Johnson,RS-SR,28,157362
Mississippi State Bulldogs,defense,SS,3,Ja'Bryis Stewart,RS-JR/TR,12,174668
Mississippi State Bulldogs,defense,FS,1,Marcus Williams,RS-SR/TR,15,149747
Mississippi State Bulldogs,defense,FS,2,Bralan Womack,FR,6,179204
Mississippi State Bulldogs,defense,FS,3,Dre Riley,JR/TR,21,179208
Mississippi State Bulldogs,defense,RCB,1,Quentin Taylor,RS-SO/TR,24,168661
Mississippi State Bulldogs,defense,RCB,2,Jett Jefferson,RS-JR/TR,20,174659
Mississippi State Bulldogs,defense,RCB,3,Jamroc Grimsley,RS-SO/TR,26,168003
Mississippi State Bulldogs,defense,NB,1,Isaac Smith,SR,2,162137
Mississippi State Bulldogs,defense,NB,2,Kendel Dolby,GR/TR,3,160255
Mississippi State Bulldogs,special_teams,PT,1,Ethan Pulliam,RS-JR,88,169225
Mississippi State Bulldogs,special_teams,PT,2,Oisin Flynn,FR,,181347
Mississippi State Bulldogs,special_teams,PK,1,Kyle Ferrie,SR,80,165266
Mississippi State Bulldogs,special_teams,PK,2,William Wilkinson,RS-SO,47,171121
Mississippi State Bulldogs,special_teams,PK,3,Hayden Chambers,FR,48,181344
Mississippi State Bulldogs,special_teams,KO,1,Kyle Ferrie,SR,80,165266
Mississippi State Bulldogs,special_teams,KO,2,William Wilkinson,RS-SO,47,171121
Mississippi State Bulldogs,special_teams,KO,3,Hayden Chambers,FR,48,181344
Mississippi State Bulldogs,special_teams,LS,1,Kallen Cosper,RS-FR,39,176538
Mississippi State Bulldogs,special_teams,LS,2,Kyle Rushing,FR,46,179201
Mississippi State Bulldogs,special_teams,H,1,Ethan Pulliam,RS-JR,88,169225
Mississippi State Bulldogs,special_teams,H,2,Oisin Flynn,FR,,181347
Mississippi State Bulldogs,special_teams,PR,1,Anthony Evans III,SR/TR,3,159997
Mississippi State Bulldogs,special_teams,PR,2,Kolin Wilson,RS-FR,6,174670
Mississippi State Bulldogs,special_teams,KR,1,Marquis Johnson,SR/TR,2,161330
Mississippi State Bulldogs,special_teams,KR,2,Anthony Evans III,SR/TR,3,159997
Missouri Tigers,offense,WR-X,1,Donovan Olugbode,SO,1,174235
Missouri Tigers,offense,WR-X,2,Kenric Lanier II,RS-JR/TR,17,160528
Missouri Tigers,offense,WR-Z,1,Caleb Goodie,SR/TR,2,163697
Missouri Tigers,offense,WR-Z,2,Naeshaun Montgomery,RS-FR/TR,0,175842
Missouri Tigers,offense,WR-Z,3,Jabari Brady,FR,11,179903
Missouri Tigers,offense,WR-H,1,Cayden Lee,SR/TR,19,160133
Missouri Tigers,offense,WR-H,2,Shaun Terry II,RS-FR,4,174236
Missouri Tigers,offense,WR-H,3,DaMarion Fowlkes,SO,3,174237
Missouri Tigers,offense,LT,1,Cayden Green,SR/TR,70,168852
Missouri Tigers,offense,LT,2,Jack Lange,RS-FR,75,176205
Missouri Tigers,offense,LT,3,DJ Jones,FR,78,181319
Missouri Tigers,offense,LG,1,Zach Owens,RS-JR/TR,52,160301
Missouri Tigers,offense,LG,2,Ryan Jostes,RS-SO,71,168867
Missouri Tigers,offense,C,1,Dominick Giudice,RS-SR/TR,56,149986
Missouri Tigers,offense,C,2,Tristan Wilson,RS-SR,73,156079
Missouri Tigers,offense,C,3,Colin Sorensen,JR/TR,72,179914
Missouri Tigers,offense,RG,1,Curtis Peagler,RS-SR,77,156074
Missouri Tigers,offense,RG,2,Khalief Canty Jr.,FR,58,179905
Missouri Tigers,offense,RT,1,Logan Reichert,RS-JR,66,161326
Missouri Tigers,offense,RT,2,Luke Work,JR/TR,51,169232
Missouri Tigers,offense,RT,3,Whit Hafer,RS-SO,74,171090
Missouri Tigers,offense,TE,1,Brett Norfleet,SR,87,161325
Missouri Tigers,offense,TE,2,Jordon Harris,SR,86,161318
Missouri Tigers,offense,TE,3,Jude James,RS-SO,89,171092
Missouri Tigers,offense,TE,4,Gavin Hoffman,RS-SO/TR,88,167707
Missouri Tigers,offense,TE,5,Isaac Jensen,FR,18,179910
Missouri Tigers,offense,QB,1,Austin Simmons,RS-JR/TR,13,165823
Missouri Tigers,offense,QB,2,Matt Zollers,SO,5,175242
Missouri Tigers,offense,QB,3,Nick Evers,RS-SR/TR,10,159854
Missouri Tigers,offense,QB,4,Brett Brown,RS-SR,14,80781
Missouri Tigers,offense,QB,5,Gavin Sidwar,FR,7,179913
Missouri Tigers,offense,RB,1,Jamal Roberts,RS-JR,20,161331
Missouri Tigers,offense,RB,2,Xai'Shaun Edwards,RS-SO/TR,24,179906
Missouri Tigers,offense,RB,3,Malae Fonoti,RS-SO/TR,21,179908
Missouri Tigers,offense,RB,4,Max Warner,FR,22,179916
Missouri Tigers,defense,DE,1,Langden Kitchen,SR/TR,11,174239
Missouri Tigers,defense,DE,2,Jaden Jones,RS-SR/TR,13,160413
Missouri Tigers,defense,DE,3,Demarcus Johnson,JR/TR,52,179919
Missouri Tigers,defense,DE,4,Kamauryn Morgan,SO/TR,29,174968
Missouri Tigers,defense,NT,1,Jalen Marshall,RS-SR,95,156071
Missouri Tigers,defense,NT,2,Donta Simpson,SO/TR,8,175288
Missouri Tigers,defense,NT,3,Sam Williams,RS-JR,94,161329
Missouri Tigers,defense,DT,1,Marquis Gracial,RS-SR,3,156064
Missouri Tigers,defense,DT,2,Jason Dowell,RS-FR,92,176201
Missouri Tigers,defense,DT,3,Tajh Overton,FR,98,179912
Missouri Tigers,defense,DT,4,Mark Hensley,RS-JR/TR,57,159820
Missouri Tigers,defense,JACK,1,Darris Smith,RS-SR/TR,19,168856
Missouri Tigers,defense,JACK,2,Malik Bryant,RS-JR/TR,12,162089
Missouri Tigers,defense,JACK,3,Daeden Hopkins,RS-FR,10,176203
Missouri Tigers,defense,JACK,4,CJ May,RS-FR/TR,97,174638
Missouri Tigers,defense,WLB,1,Robert Woodyard Jr.,RS-SR/TR,0,153179
Missouri Tigers,defense,WLB,2,Dante McClellan,SO,9,175240
Missouri Tigers,defense,WLB,3,Bobby Washington,RS-JR/TR,16,162093
Missouri Tigers,defense,WLB,4,Brian Huff,RS-SO,17,169695
Missouri Tigers,defense,MLB,1,Nicholas Rodriguez,JR,5,168880
Missouri Tigers,defense,MLB,2,Jeremiah Beasley,JR/TR,6,169180
Missouri Tigers,defense,MLB,3,JJ Bush,FR,33,179904
Missouri Tigers,defense,LCB,1,Jahlil Florence,RS-SR/TR,21,153664
Missouri Tigers,defense,LCB,2,Sione Laulea,RS-SR/TR,2,169446
Missouri Tigers,defense,LCB,3,Cameron Keys,RS-SO,20,168868
Missouri Tigers,defense,SS,1,Santana Banner,RS-JR/TR,15,159815
Missouri Tigers,defense,SS,2,Jackson Hancock,RS-SO,34,171091
Missouri Tigers,defense,SS,3,Jayden McGregory,FR,28,179911
Missouri Tigers,defense,FS,1,Trajen Greco,JR,4,168866
Missouri Tigers,defense,FS,2,Kensley Louidor-Faustin,JR/TR,7,168094
Missouri Tigers,defense,FS,3,Brody Jones,FR,32,179917
Missouri Tigers,defense,FS,4,Carter Stewart,FR,30,179915
Missouri Tigers,defense,RCB,1,Chris Graves Jr.,RS-SR/TR,1,167015
Missouri Tigers,defense,RCB,2,Nick DeLoach Jr.,RS-JR,24,161317
Missouri Tigers,defense,RCB,3,Jaxson Gates,FR,26,179909
Missouri Tigers,defense,NB,1,Elijah Dotson,SO/TR,22,174058
Missouri Tigers,defense,NB,2,JaDon Blair,RS-FR/TR,18,174110
Missouri Tigers,defense,NB,3,CJ Bass III,RS-FR,14,175237
Missouri Tigers,special_teams,PT,1,Brunno Reus,RS-FR/TR,40,176574
Missouri Tigers,special_teams,PT,2,Mark Shenouda,RS-JR/TR,34,166510
Missouri Tigers,special_teams,PT,3,John Butcher,RS-JR/TR,43,176534
Missouri Tigers,special_teams,PK,1,Blake Craig,RS-JR,19,161316
Missouri Tigers,special_teams,PK,2,Oliver Robbins,JR/TR,48,178715
Missouri Tigers,special_teams,KO,1,Brunno Reus,RS-FR/TR,40,176574
Missouri Tigers,special_teams,KO,2,Oliver Robbins,JR/TR,48,178715
Missouri Tigers,special_teams,KO,3,Blake Craig,RS-JR,19,161316
Missouri Tigers,special_teams,LS,1,Brett Le Blanc,SR,49,162145
Missouri Tigers,special_teams,LS,2,Henry Crosby,SO,38,176535
Missouri Tigers,special_teams,LS,3,Sean Gross,RS-FR,36,178717
Missouri Tigers,special_teams,H,1,Brunno Reus,RS-FR/TR,40,176574
Missouri Tigers,special_teams,H,2,Mark Shenouda,RS-JR/TR,34,166510
Missouri Tigers,special_teams,H,3,John Butcher,RS-JR/TR,43,176534
Missouri Tigers,special_teams,PR,1,DaMarion Fowlkes,SO,3,174237
Missouri Tigers,special_teams,PR,2,Shaun Terry II,RS-FR,4,174236
Missouri Tigers,special_teams,KR,1,DaMarion Fowlkes,SO,3,174237
Missouri Tigers,special_teams,KR,2,Cayden Lee,SR/TR,19,160133
Missouri State Bears,offense,WR-X,1,Mekhi Miller,RS-SR/TR,6,153189
Missouri State Bears,offense,WR-X,2,Brendon McQueen,RS-SO,17,177263
Missouri State Bears,offense,WR-X,3,Antonio Robinson,RS-SR/TR,84,154694
Missouri State Bears,offense,WR-Z,1,Makai Cope,RS-SR/TR,11,79068
Missouri State Bears,offense,WR-Z,2,Isaiah Myers,RS-SR/TR,3,169156
Missouri State Bears,offense,WR-SL,1,Jmariyae Robinson,RS-SR,0,177272
Missouri State Bears,offense,WR-SL,2,Isaiah McMorris,RS-SO/TR,8,167757
Missouri State Bears,offense,WR-SL,3,Witt Edwards,RS-SO/TR,87,168383
Missouri State Bears,offense,LT,1,King Large,RS-SO/TR,71,168404
Missouri State Bears,offense,LT,2,Brayden Thompson,RS-FR,78,177281
Missouri State Bears,offense,LG,1,Makhete Gueye,RS-SR/TR,66,155952
Missouri State Bears,offense,LG,2,Myles Ewell,RS-SO/TR,73,171393
Missouri State Bears,offense,C,1,Isaiah Villanueva,RS-SR/TR,72,73029
Missouri State Bears,offense,C,2,Ryan Mitchell,RS-SO,55,177295
Missouri State Bears,offense,RG,1,Matthew Greene,RS-JR/TR,54,167232
Missouri State Bears,offense,RG,2,Logan Scrivner,RS-SO,75,177275
Missouri State Bears,offense,RT,1,William Dixon III,RS-SR/TR,70,182714
Missouri State Bears,offense,RT,2,Sebastian Espinoza,RS-JR/TR,77,182718
Missouri State Bears,offense,TE,1,Jeron Askren,RS-SO,88,177228
Missouri State Bears,offense,TE,2,Dillon Hipp,RS-SO/TR,85,167961
Missouri State Bears,offense,TE,3,Michael Osei-Bonsu,SR/TR,80,182730
Missouri State Bears,offense,TE,4,James Rexroat,RS-SO/TR,86,172355
Missouri State Bears,offense,QB,1,Skyler Locklear,RS-SR/TR,9,169928
Missouri State Bears,offense,QB,2,Henry Belin IV,RS-SR/TR,2,156888
Missouri State Bears,offense,RB,1,Ramone Green Jr.,RS-JR,22,177244
Missouri State Bears,offense,RB,2,Breezy Dubar,RS-JR/TR,1,166383
Missouri State Bears,offense,RB,3,King Davis,RS-FR,10,177293
Missouri State Bears,defense,LDE,1,Kellen Lindstrom,RS-SO/TR,5,169171
Missouri State Bears,defense,LDE,2,Caden Wiest,RS-JR,30,177287
Missouri State Bears,defense,LDE,3,Dylan Brooks,RS-SR/TR,49,163510
Missouri State Bears,defense,NT,1,Markell Chapman,RS-JR/TR,99,176963
Missouri State Bears,defense,NT,2,Blessing Igbinedion,JR/TR,96,182721
Missouri State Bears,defense,NT,3,Gilles Tchio,RS-SR,57,177280
Missouri State Bears,defense,NT,4,Joshua Davis,JR/TR,97,182739
Missouri State Bears,defense,DT,1,Tim Brantley Jr.,SR,11,177234
Missouri State Bears,defense,DT,2,Kaden Jones,RS-JR/TR,52,169328
Missouri State Bears,defense,DT,3,Malachi Madison,RS-SR/TR,44,154245
Missouri State Bears,defense,RDE,1,Josh Lukusa,RS-SR/TR,92,158500
Missouri State Bears,defense,RDE,2,Jalile Elliott,SO/TR,10,182717
Missouri State Bears,defense,RDE,3,Grayson Cutchlow,RS-SO/TR,22,168862
Missouri State Bears,defense,WLB,1,Jashawn Cooper,RS-SO,21,177237
Missouri State Bears,defense,WLB,2,Caleb Olabode,RS-FR,24,177268
Missouri State Bears,defense,WLB,3,Cooper Roy,RS-JR,31,177273
Missouri State Bears,defense,MLB,1,Jared Lloyd,RS-SR,0,177254
Missouri State Bears,defense,MLB,2,Stratton Shufelt,JR/TR,38,172102
Missouri State Bears,defense,MLB,3,Martavis Blackmon,RS-JR/TR,15,175979
Missouri State Bears,defense,LCB,1,Joel Kpassou,SR/TR,8,182724
Missouri State Bears,defense,LCB,2,Malik Ganaway,RS-SR/TR,7,156857
Missouri State Bears,defense,LCB,3,Darryon Taylor,SR/TR,26,177279
Missouri State Bears,defense,LCB,4,Floyd Williams,RS-JR,20,177288
Missouri State Bears,defense,SS,1,J.J. O'Neal,RS-SR,16,177266
Missouri State Bears,defense,SS,2,Antonio Smith,RS-JR/TR,2,163978
Missouri State Bears,defense,SS,3,Khalil Anderson,RS-SR/TR,3,72892
Missouri State Bears,defense,FS,1,Christian Ford,RS-JR/TR,29,160672
Missouri State Bears,defense,FS,2,Xavian Michel,SO/TR,19,182728
Missouri State Bears,defense,RCB,1,Joel Boamah,RS-JR/TR,12,78539
Missouri State Bears,defense,RCB,2,Gionni McBride,RS-FR,23,177259
Missouri State Bears,defense,RCB,3,Navonn Barrett,RS-JR/TR,6,177231
Missouri State Bears,defense,RCB,4,Camron Williams,RS-SO,25,177296
Missouri State Bears,defense,NB,1,Dylan Dixson,RS-SR/TR,9,75724
Missouri State Bears,defense,NB,2,Devin Rutherford,RS-SO,27,177274
Missouri State Bears,special_teams,PT,1,Stewart McDonald,RS-SO,25,177261
Missouri State Bears,special_teams,PK,1,Yousef Obeid,RS-JR/TR,36,165537
Missouri State Bears,special_teams,PK,2,Josh Deal,RS-JR,37,177238
Missouri State Bears,special_teams,KO,1,Yousef Obeid,RS-JR/TR,36,165537
Missouri State Bears,special_teams,KO,2,Stewart McDonald,RS-SO,25,177261
Missouri State Bears,special_teams,LS,1,Andrew Kallas,RS-JR/TR,47,177247
Missouri State Bears,special_teams,LS,2,Tim Coleman,SO/TR,50,182740
Missouri State Bears,special_teams,LS,3,Malakai Lewis,FR,65,182725
Missouri State Bears,special_teams,H,1,Stewart McDonald,RS-SO,25,177261
Missouri State Bears,special_teams,PR,1,Jmariyae Robinson,RS-SR,0,177272
Missouri State Bears,special_teams,PR,2,Isaiah McMorris,RS-SO/TR,8,167757
Missouri State Bears,special_teams,KR,1,Jmariyae Robinson,RS-SR,0,177272
Missouri State Bears,special_teams,KR,2,Isaiah McMorris,RS-SO/TR,8,167757
Navy Midshipmen,offense,WR-X,1,Luke Hutchison,SR,89,165401
Navy Midshipmen,offense,WR-X,2,Joshua Guerin,SR,86,165358
Navy Midshipmen,offense,WR-X,3,Casey Smith,SR,81,165385
Navy Midshipmen,offense,LT,1,Sean Crowley,JR,73,171924
Navy Midshipmen,offense,LT,2,Connor Heater,JR,65,171935
Navy Midshipmen,offense,LT,3,Hansen Collie,JR,75,171923
Navy Midshipmen,offense,LG,1,Jake Polito,JR,70,171956
Navy Midshipmen,offense,LG,2,Will Hampton,SO,66,177836
Navy Midshipmen,offense,LG,3,Isaac Bunker,SR,71,165345
Navy Midshipmen,offense,C,1,Cam Nichols,SR,69,165372
Navy Midshipmen,offense,C,2,Toran Smith,JR,63,171964
Navy Midshipmen,offense,C,3,Hunter Fay,SO,54,177849
Navy Midshipmen,offense,RG,1,Hoke Smith II,SR,68,165386
Navy Midshipmen,offense,RG,2,Matt Tomaszewski,SO,67,177881
Navy Midshipmen,offense,RG,3,Jace Williams,SO,64,177822
Navy Midshipmen,offense,RT,1,Malcolm Johnson,SO,77,177866
Navy Midshipmen,offense,RT,2,Zarian Simms,SR,60,165383
Navy Midshipmen,offense,RT,3,Logan Wegman,SO,79,177884
Navy Midshipmen,offense,TE,1,Jake Norris,SR,85,165397
Navy Midshipmen,offense,TE,2,Jordan Collins,SO,84,177840
Navy Midshipmen,offense,TE,3,Theo Elwell,JR,87,171928
Navy Midshipmen,offense,QB,1,Braxton Woodson,SR,5,165395
Navy Midshipmen,offense,QB,2,Jackson Gutierrez,JR,8,171933
Navy Midshipmen,offense,QB,3,Ryan Brass,SO,10,177830
Navy Midshipmen,offense,SB-A,1,Isaiah Bryant,SR,25,165343
Navy Midshipmen,offense,SB-A,2,Michael Barrow,JR,26,171913
Navy Midshipmen,offense,SB-A,3,Andre Gilbert Jr.,JR,36,171932
Navy Midshipmen,offense,SB-Z,1,Charles Robinson,JR,23,171969
Navy Midshipmen,offense,SB-Z,2,Robert Jones III,JR,2,171938
Navy Midshipmen,offense,SB-Z,3,Braeden George,SO,24,177855
Navy Midshipmen,offense,RB,1,Vic Listorti,SR,40,165366
Navy Midshipmen,offense,RB,2,Quinton Ezzard,JR,35,171929
Navy Midshipmen,offense,RB,3,Christian Cromer,SO,42,177841
Navy Midshipmen,defense,DE,1,Aiden Lyczek,JR,65,171944
Navy Midshipmen,defense,DE,2,Ikenna Ozurumba,SR,90,165375
Navy Midshipmen,defense,DE,3,Benjamin Franklin,JR,0,171931
Navy Midshipmen,defense,NT,1,Xavyer Arrington,JR,94,171910
Navy Midshipmen,defense,NT,2,Chris Herock,JR,99,171936
Navy Midshipmen,defense,NT,3,Connor Young,SO,77,177887
Navy Midshipmen,defense,DT,1,Griffen Willis,SR,95,165392
Navy Midshipmen,defense,DT,2,Matt Reyes,SR,97,165379
Navy Midshipmen,defense,DT,3,Clinton Anyagafu,SO,79,177823
Navy Midshipmen,defense,LOLB,1,Christian Johnson,SO,45,177851
Navy Midshipmen,defense,LOLB,2,Job Grant,SR,39,165357
Navy Midshipmen,defense,LOLB,3,Daveon Jones,JR,38,171939
Navy Midshipmen,defense,LILB,1,MarcAnthony Parker,JR,56,171953
Navy Midshipmen,defense,LILB,2,Nolan McCamy,SR,52,165369
Navy Midshipmen,defense,LILB,3,Brady O'Connor,SO,42,177870
Navy Midshipmen,defense,RILB,1,Coleman Cauley,SR,58,165346
Navy Midshipmen,defense,RILB,2,Marcus Bleazard,SR,53,70975
Navy Midshipmen,defense,RILB,3,Noah Beck,JR,46,171915
Navy Midshipmen,defense,ROLB,1,Will Miller,SO,18,177869
Navy Midshipmen,defense,ROLB,2,Trent Gillis,SO,14,177826
Navy Midshipmen,defense,ROLB,3,Seth English,SR,1,165350
Navy Midshipmen,defense,FCB,1,Nick Bell,JR,10,171974
Navy Midshipmen,defense,FCB,2,Bryce Allen,SR,28,165340
Navy Midshipmen,defense,FCB,3,Xavier Le Jeune,JR,15,171943
Navy Midshipmen,defense,SS,1,Giuseppe Sessi,SR,16,78552
Navy Midshipmen,defense,SS,2,Matthew Seliga,SR,5,165381
Navy Midshipmen,defense,SS,3,Maxwell Williams,JR,22,171966
Navy Midshipmen,defense,FS,1,Phillip Hamilton,JR,6,171934
Navy Midshipmen,defense,FS,2,Aaron Rose,JR,8,171959
Navy Midshipmen,defense,FS,3,Kush'i Abraham,SR,7,165339
Navy Midshipmen,defense,BCB,1,Irabonoise Oniha,SR,3,165374
Navy Midshipmen,defense,BCB,2,Cam Robinson,SO,13,177878
Navy Midshipmen,defense,BCB,3,Collin Seals,SO,4,177877
Navy Midshipmen,special_teams,PT,1,Jacob Carlson,JR,11,171919
Navy Midshipmen,special_teams,PT,2,Lance Gossett,SR,99,165356
Navy Midshipmen,special_teams,PK,1,Justin Welch,SO,95,177885
Navy Midshipmen,special_teams,PK,2,Lance Gossett,SR,99,165356
Navy Midshipmen,special_teams,KO,1,Lance Gossett,SR,99,165356
Navy Midshipmen,special_teams,KO,2,Justin Welch,SO,95,177885
Navy Midshipmen,special_teams,LS,1,Rayne Fry,SR,92,165354
Navy Midshipmen,special_teams,LS,2,Jaxon Endres,SO,94,177846
Navy Midshipmen,special_teams,H,1,Jacob Carlson,JR,11,171919
Navy Midshipmen,special_teams,H,2,Luke Hutchison,SR,89,165401
Navy Midshipmen,special_teams,PR,1,Charles Robinson,JR,23,171969
Navy Midshipmen,special_teams,PR,2,Isaiah Bryant,SR,25,165343
Navy Midshipmen,special_teams,KR,1,Isaiah Bryant,SR,25,165343
Navy Midshipmen,special_teams,KR,2,Vic Listorti,SR,40,165366
Nebraska Cornhuskers,offense,WR-X,1,Nyziah Hunter,RS-JR/TR,13,163219
Nebraska Cornhuskers,offense,WR-X,2,Quinn Clark,RS-SO,18,167743
Nebraska Cornhuskers,offense,WR-X,3,Jeremiah Jones,RS-FR,80,174160
Nebraska Cornhuskers,offense,WR-X,4,Nalin Scott,FR,24,179108
Nebraska Cornhuskers,offense,WR-Z,1,Kwazi Gilmer,JR/TR,11,169659
Nebraska Cornhuskers,offense,WR-Z,2,Cortez Mills Jr.,SO,19,174148
Nebraska Cornhuskers,offense,WR-Z,3,Larry Miles,FR,17,179102
Nebraska Cornhuskers,offense,WR-SL,1,Jacory Barney Jr.,JR,2,167739
Nebraska Cornhuskers,offense,WR-SL,2,Janiran Bonner,RS-SR,4,152770
Nebraska Cornhuskers,offense,WR-SL,3,Keelan Smith,RS-SO,15,167769
Nebraska Cornhuskers,offense,LT,1,Elijah Pritchett,RS-SR/TR,57,155597
Nebraska Cornhuskers,offense,LT,2,Gunnar Gottula,RS-JR,77,160041
Nebraska Cornhuskers,offense,LT,3,Preston Taumua,RS-SO,68,167772
Nebraska Cornhuskers,offense,LG,1,Paul Mubenga,RS-JR/TR,65,162932
Nebraska Cornhuskers,offense,LG,2,Grant Brix,RS-SO,66,167741
Nebraska Cornhuskers,offense,LG,3,Brock Knutson,RS-JR,74,160043
Nebraska Cornhuskers,offense,C,1,Justin Evans,RS-SR,51,152774
Nebraska Cornhuskers,offense,C,2,Jake Peters,RS-SO,58,167779
Nebraska Cornhuskers,offense,RG,1,Brendan Black,SR/TR,54,164555
Nebraska Cornhuskers,offense,RG,2,Sam Sledge,RS-JR,62,160051
Nebraska Cornhuskers,offense,RT,1,Tree Babalade,RS-JR/TR,55,165660
Nebraska Cornhuskers,offense,RT,2,Tyler Knaak,RS-SR/TR,75,165738
Nebraska Cornhuskers,offense,RT,3,Shawn Hammerbeck,RS-FR,79,174143
Nebraska Cornhuskers,offense,TE,1,Luke Lindenmeyer,RS-SR,44,152782
Nebraska Cornhuskers,offense,TE,2,Carter Nelson,JR,29,167759
Nebraska Cornhuskers,offense,TE,3,Cayden Echternach,RS-JR,48,160037
Nebraska Cornhuskers,offense,TE,4,Luke Sorensen,FR,41,179110
Nebraska Cornhuskers,offense,QB,1,Anthony Colandrea,SR/TR,10,162906
Nebraska Cornhuskers,offense,QB,2,TJ Lateef,SO,14,174145
Nebraska Cornhuskers,offense,QB,3,Daniel Kaelin,RS-SO/TR,12,167754
Nebraska Cornhuskers,offense,QB,4,Bode Soukup,RS-SO,16,167770
Nebraska Cornhuskers,offense,RB,1,Isaiah Mozee,SO,22,174150
Nebraska Cornhuskers,offense,RB,2,Mekhi Nelson,RS-SO,35,172479
Nebraska Cornhuskers,offense,RB,3,Jamal Rule,FR,25,179106
Nebraska Cornhuskers,offense,RB,4,Kwinten Ives,RS-JR,21,160042
Nebraska Cornhuskers,offense,RB,5,Conor Booth,RS-FR,23,174138
Nebraska Cornhuskers,defense,LDE,1,Cameron Lenhardt,SR,11,160044
Nebraska Cornhuskers,defense,LDE,2,Kade Pietrzak,SO,93,174152
Nebraska Cornhuskers,defense,LDE,3,Dylan Rogers,RS-JR,45,160057
Nebraska Cornhuskers,defense,LDE,4,Jordan Ochoa,RS-SO,94,170336
Nebraska Cornhuskers,defense,NT,1,Riley Van Poppel,RS-JR,5,160055
Nebraska Cornhuskers,defense,NT,2,Sua Lefotu,RS-JR,92,162160
Nebraska Cornhuskers,defense,NT,3,Tyson Terry,RS-FR,71,174156
Nebraska Cornhuskers,defense,NT,4,Gabe Moore,RS-JR/TR,95,165272
Nebraska Cornhuskers,defense,NT,5,Dylan Berymon,FR,90,179100
Nebraska Cornhuskers,defense,DT,1,Owen Stoudmire,RS-SR/TR,34,150825
Nebraska Cornhuskers,defense,DT,2,Jahsear Whittington,RS-SO/TR,44,172873
Nebraska Cornhuskers,defense,DT,3,Malcolm Simpson,RS-FR,49,174153
Nebraska Cornhuskers,defense,DT,4,David Hoffken,RS-SO,39,172476
Nebraska Cornhuskers,defense,DT,5,Dylan Parrott,RS-SR,99,156787
Nebraska Cornhuskers,defense,RDE,1,Williams Nwaneri,RS-SO/TR,96,168879
Nebraska Cornhuskers,defense,RDE,2,Anthony Jones Jr.,RS-SR/TR,15,76271
Nebraska Cornhuskers,defense,RDE,3,Willis McGahee IV,JR,17,167756
Nebraska Cornhuskers,defense,RDE,4,Mac Markway,RS-JR/TR,97,160698
Nebraska Cornhuskers,defense,WLB,1,Owen Chambliss,RS-JR/TR,33,79070
Nebraska Cornhuskers,defense,WLB,2,Dawson Merritt,SO,40,174147
Nebraska Cornhuskers,defense,WLB,3,Will Hawthorne,RS-FR/TR,43,176966
Nebraska Cornhuskers,defense,WLB,4,Derek Wacker,RS-SO,42,167775
Nebraska Cornhuskers,defense,MLB,1,Vincent Shavers Jr.,JR,9,167768
Nebraska Cornhuskers,defense,MLB,2,Dexter Foster,JR/TR,24,173167
Nebraska Cornhuskers,defense,MLB,3,Pierce Mooberry,RS-FR,56,174149
Nebraska Cornhuskers,defense,MLB,4,Christian Jones,RS-FR,35,174159
Nebraska Cornhuskers,defense,LCB,1,Jeremiah Charles,RS-JR,25,162157
Nebraska Cornhuskers,defense,LCB,2,Danny Odem III,FR,16,179104
Nebraska Cornhuskers,defense,LCB,3,Amare Sanders,RS-SO,14,167766
Nebraska Cornhuskers,defense,SS,1,Jamir Conn,SR/TR,13,174140
Nebraska Cornhuskers,defense,SS,2,Rex Guthrie,RS-SO,21,167750
Nebraska Cornhuskers,defense,SS,3,Jasin Shiggs,JR/TR,30,179109
Nebraska Cornhuskers,defense,FS,1,Dwayne McDougle III,RS-SR/TR,26,173827
Nebraska Cornhuskers,defense,FS,2,Caleb Benning,RS-SO,28,167740
Nebraska Cornhuskers,defense,FS,3,Justyn Rhett,RS-JR/TR,12,160008
Nebraska Cornhuskers,defense,RCB,1,Andrew Marshall,SR/TR,10,174161
Nebraska Cornhuskers,defense,RCB,2,Victor Evans III,SR/TR,22,160860
Nebraska Cornhuskers,defense,NB,1,Donovan Jones,RS-SO,37,167778
Nebraska Cornhuskers,defense,NB,2,Mario Buford,RS-SO,31,167742
Nebraska Cornhuskers,special_teams,PT,1,Archie Wilson,SO,83,176376
Nebraska Cornhuskers,special_teams,PT,2,Kamdyn Koch,RS-SO,37,167755
Nebraska Cornhuskers,special_teams,PK,1,Kyle Cunanan,RS-JR/TR,91,164584
Nebraska Cornhuskers,special_teams,PK,2,John Hohl,RS-JR/TR,90,172477
Nebraska Cornhuskers,special_teams,PK,3,Michael Sarikizis,FR,84,179107
Nebraska Cornhuskers,special_teams,KO,1,John Hohl,RS-JR/TR,90,172477
Nebraska Cornhuskers,special_teams,KO,2,Kyle Cunanan,RS-JR/TR,91,164584
Nebraska Cornhuskers,special_teams,KO,3,Michael Sarikizis,FR,84,179107
Nebraska Cornhuskers,special_teams,LS,1,Jack Wills,SO/TR,87,178669
Nebraska Cornhuskers,special_teams,H,1,Kamdyn Koch,RS-SO,37,167755
Nebraska Cornhuskers,special_teams,H,2,Archie Wilson,SO,83,176376
Nebraska Cornhuskers,special_teams,PR,1,Jacory Barney Jr.,JR,2,167739
Nebraska Cornhuskers,special_teams,PR,2,Isaiah Mozee,SO,22,174150
Nebraska Cornhuskers,special_teams,KR,1,Jacory Barney Jr.,JR,2,167739
Nebraska Cornhuskers,special_teams,KR,2,Isaiah Mozee,SO,22,174150
Nebraska Cornhuskers,special_teams,KR,3,Mekhi Nelson,RS-SO,35,172479
Nevada Wolf Pack,offense,WR-X,1,Marshaun Brown,RS-JR,9,166869
Nevada Wolf Pack,offense,WR-X,2,Donnie Cheers,RS-JR/TR,85,182353
Nevada Wolf Pack,offense,WR-Z,1,Gary Givens III,JR/TR,7,176043
Nevada Wolf Pack,offense,WR-Z,2,Jaceon Doss,RS-SR/TR,3,166679
Nevada Wolf Pack,offense,WR-SL,1,Damien Morgan,RS-SR/TR,11,182370
Nevada Wolf Pack,offense,WR-SL,2,Daijon Calimon,RS-SO,8,172636
Nevada Wolf Pack,offense,LT,1,Jack Foster,RS-SR/TR,55,175731
Nevada Wolf Pack,offense,LG,1,Ethan Newman,RS-JR/TR,72,170863
Nevada Wolf Pack,offense,LG,2,Elias Justice,JR/TR,52,182366
Nevada Wolf Pack,offense,C,1,Jacob Norcross,JR/TR,59,170905
Nevada Wolf Pack,offense,C,2,Ethan Lowell,RS-SO,58,172650
Nevada Wolf Pack,offense,RG,1,Snoop Leota-Amaama,RS-SR/TR,70,79575
Nevada Wolf Pack,offense,RG,2,Tyler Miller,RS-SO,73,170005
Nevada Wolf Pack,offense,RT,1,Zach Cochnauer,RS-SR/TR,76,178537
Nevada Wolf Pack,offense,RT,2,Henry Sellards,RS-SO,66,172654
Nevada Wolf Pack,offense,TE,1,DJ Asiasi,RS-FR,16,178535
Nevada Wolf Pack,offense,TE,2,Jayden O'Rourke,SR,82,162184
Nevada Wolf Pack,offense,TE,3,Carter Eck,RS-SO,83,172641
Nevada Wolf Pack,offense,QB,1,Carter Jones,SO,6,176882
Nevada Wolf Pack,offense,QB,2,Luke Duncan,RS-JR/TR,12,159900
Nevada Wolf Pack,offense,QB,3,AJ Bianco,RS-SR,10,158261
Nevada Wolf Pack,offense,RB,1,Herschel Turner,JR/TR,1,171786
Nevada Wolf Pack,offense,RB,2,Dominic Kelley,SO,0,178556
Nevada Wolf Pack,offense,RB,3,Janerious Jackson,JR/TR,2,182363
Nevada Wolf Pack,offense,RB,4,Ky Woods,RS-SR/TR,25,157465
Nevada Wolf Pack,offense,RB,5,Carter Jackson,RS-FR,4,176878
Nevada Wolf Pack,defense,LDE,1,Myles Williams,RS-SR/TR,92,151126
Nevada Wolf Pack,defense,LDE,2,Brandon Amaniampong,RS-JR/TR,4,182350
Nevada Wolf Pack,defense,LDE,3,Keegan Perea,RS-FR,88,176879
Nevada Wolf Pack,defense,NT,1,Logologo Va'a,RS-SR/TR,10,157736
Nevada Wolf Pack,defense,NT,2,James Gillespie,RS-SR/TR,91,77453
Nevada Wolf Pack,defense,NT,3,Jakobus Seth,RS-SR/TR,99,79612
Nevada Wolf Pack,defense,DT,1,David Paine Jr.,RS-SO,98,172652
Nevada Wolf Pack,defense,DT,2,Tanner Vaughan,RS-SR/TR,96,162187
Nevada Wolf Pack,defense,DT,3,Bryce Echols,RS-JR/TR,56,163924
Nevada Wolf Pack,defense,RDE,1,Dylan LaBarbera,SR/TR,32,172648
Nevada Wolf Pack,defense,RDE,2,Kameron Brown,RS-FR,3,176283
Nevada Wolf Pack,defense,WLB,1,Jeremy Naborne-Owens,SR/TR,1,178276
Nevada Wolf Pack,defense,WLB,2,Poasa Utu,RS-JR/TR,11,165098
Nevada Wolf Pack,defense,MLB,1,EJ Smith,SR/TR,2,176284
Nevada Wolf Pack,defense,MLB,2,Jake Silverman,SO,30,178551
Nevada Wolf Pack,defense,LCB,1,Bryson Snelling,JR/TR,12,175734
Nevada Wolf Pack,defense,LCB,2,Selman Bridges,RS-SO/TR,7,168061
Nevada Wolf Pack,defense,LCB,3,Zavien Abercrombie,RS-SO/TR,17,175730
Nevada Wolf Pack,defense,SS,1,Jaylen Webb,RS-JR/TR,22,174294
Nevada Wolf Pack,defense,SS,2,Isaiah Jordan,RS-FR,26,178545
Nevada Wolf Pack,defense,SS,3,Tajean Stallworth,RS-FR,13,176880
Nevada Wolf Pack,defense,FS,1,Bishop Turner,RS-JR,15,166884
Nevada Wolf Pack,defense,FS,2,Larry Turner-Gooden,RS-SR/TR,8,78728
Nevada Wolf Pack,defense,FS,3,Justin Wyatt Jr.,RS-FR,24,176881
Nevada Wolf Pack,defense,RCB,1,Aiden Walker,SO,18,178553
Nevada Wolf Pack,defense,RCB,2,Cooper Wilson,RS-JR/TR,6,165752
Nevada Wolf Pack,defense,NB,1,Joshua Scott,GR/TR,0,155399
Nevada Wolf Pack,defense,NB,2,Zion Jones,RS-JR/TR,5,182388
Nevada Wolf Pack,defense,NB,3,Mykel Ford,RS-FR,28,178540
Nevada Wolf Pack,special_teams,PT,1,Ewan Baulch,FR,95,182351
Nevada Wolf Pack,special_teams,PK,1,Joe McFadden,RS-SR/TR,84,79840
Nevada Wolf Pack,special_teams,PK,2,Kyle Nelson,FR,98,182372
Nevada Wolf Pack,special_teams,PK,3,Jacob Fernandez,FR,99,182355
Nevada Wolf Pack,special_teams,KO,1,Joe McFadden,RS-SR/TR,84,79840
Nevada Wolf Pack,special_teams,KO,2,Kyle Nelson,FR,98,182372
Nevada Wolf Pack,special_teams,KO,3,Jacob Fernandez,FR,99,182355
Nevada Wolf Pack,special_teams,LS,1,Cian Stack,SO,51,178552
Nevada Wolf Pack,special_teams,H,1,Ewan Baulch,FR,95,182351
Nevada Wolf Pack,special_teams,PR,1,Gerick Robinson,RS-SR/TR,14,162174
Nevada Wolf Pack,special_teams,KR,1,Ky Woods,RS-SR/TR,25,157465
Nevada Wolf Pack,special_teams,KR,2,Dominic Kelley,SO,0,178556
New Mexico Lobos,offense,WR-X,1,Troy Omeire,RS-SR/TR,5,159764
New Mexico Lobos,offense,WR-X,2,Shawn Miller,RS-SR/TR,1,78740
New Mexico Lobos,offense,WR-X,3,Abraham Williams,RS-SR/TR,87,173620
New Mexico Lobos,offense,WR-Z,1,Miles Williams,RS-SR/TR,0,181665
New Mexico Lobos,offense,WR-Z,2,Massiah Mingo,FR,11,181650
New Mexico Lobos,offense,WR-Z,3,Kader Diop,RS-SR/TR,9,172582
New Mexico Lobos,offense,WR-SL,1,Zhaiel Smith,SO,6,178319
New Mexico Lobos,offense,WR-SL,2,Evan Wysong,RS-JR,18,166773
New Mexico Lobos,offense,LT,1,Cole Millward,RS-JR/TR,79,181649
New Mexico Lobos,offense,LT,2,Markus Fetcho,SO/TR,66,181639
New Mexico Lobos,offense,LG,1,Malik Aliane,RS-SR/TR,51,170150
New Mexico Lobos,offense,C,1,Kaden Robnett,RS-JR/TR,59,176144
New Mexico Lobos,offense,C,2,JoJo Matautia,RS-FR,54,178310
New Mexico Lobos,offense,RG,1,Jaymar Tasi,SO,58,178321
New Mexico Lobos,offense,RT,1,Tyler Lawrence,JR/TR,68,170721
New Mexico Lobos,offense,RT,2,Tevin Shaw,RS-SR/TR,77,156984
New Mexico Lobos,offense,TE,1,Cade Keith,RS-SO/TR,88,171477
New Mexico Lobos,offense,TE,2,Simon Mapa,SR/TR,85,174687
New Mexico Lobos,offense,TE,3,Tripp Walsh,RS-JR/TR,7,164578
New Mexico Lobos,offense,TE,4,Max Leeper,FR,80,181645
New Mexico Lobos,offense,QB,1,Luke Moga,RS-SO/TR,10,169450
New Mexico Lobos,offense,QB,2,Toa Fa'avae,RS-FR,13,176152
New Mexico Lobos,offense,QB,3,James Laubstein,RS-SR/TR,12,172588
New Mexico Lobos,offense,RB,1,Scottre Humphrey,SR/TR,22,176137
New Mexico Lobos,offense,RB,2,Cameron Mathews,RS-FR/TR,23,177650
New Mexico Lobos,offense,RB,3,Kiefer Sibley,JR/TR,21,169591
New Mexico Lobos,offense,RB,4,Deshaun Buchanan,RS-JR/TR,8,176133
New Mexico Lobos,offense,RB,5,Darrion Bowers,RS-FR,20,178300
New Mexico Lobos,defense,LDE,1,Darren Agu,RS-SR/TR,10,153368
New Mexico Lobos,defense,LDE,2,Jalen Charles,RS-SO/TR,22,171821
New Mexico Lobos,defense,LDE,3,Brayden Ellis,JR/TR,91,181638
New Mexico Lobos,defense,NT,1,Brian Booker,RS-SR/TR,92,176131
New Mexico Lobos,defense,NT,2,Jalen McIver,JR/TR,94,178312
New Mexico Lobos,defense,DT,1,Xavier Slayton,RS-SR/TR,15,176147
New Mexico Lobos,defense,DT,2,AJ Robinson,RS-JR/TR,88,80313
New Mexico Lobos,defense,DT,3,Deven Dyer,RS-SR/TR,93,156092
New Mexico Lobos,defense,RDE,1,Albert Tuakalau,JR/TR,36,181661
New Mexico Lobos,defense,RDE,2,Elijah Brody,JR,19,172579
New Mexico Lobos,defense,RDE,3,Cody Thumlert,RS-FR,97,178322
New Mexico Lobos,defense,WLB,1,Mercury Swaim,RS-SR/TR,2,178320
New Mexico Lobos,defense,WLB,2,C.J. Johnson,RS-JR/TR,11,160127
New Mexico Lobos,defense,MLB,1,Jaxton Eck,SR/TR,6,176134
New Mexico Lobos,defense,MLB,2,Clay Martineau,RS-SO/TR,18,169530
New Mexico Lobos,defense,LCB,1,Ormanie Arnold,RS-SR/TR,8,169417
New Mexico Lobos,defense,LCB,2,Jahmir Torres,SO,1,178323
New Mexico Lobos,defense,LCB,3,Jayden Sheridan,RS-SR/TR,4,176146
New Mexico Lobos,defense,SS,1,Tavian Combs,RS-SR,7,141959
New Mexico Lobos,defense,SS,2,Will Hicks,RS-JR/TR,17,181643
New Mexico Lobos,defense,SS,3,Chris Gant Jr.,RS-SO/TR,13,170581
New Mexico Lobos,defense,FS,1,Austin Brawley,SR/TR,0,156191
New Mexico Lobos,defense,FS,2,CJ McBean,SO,3,178311
New Mexico Lobos,defense,RCB,1,Frankie Edwards III,JR/TR,5,176135
New Mexico Lobos,defense,RCB,2,Eric McClain,JR/TR,9,172949
New Mexico Lobos,defense,NB,1,Drew Speech,RS-SR/TR,12,172595
New Mexico Lobos,defense,NB,2,Kevin Longstreet,RS-JR/TR,20,164527
New Mexico Lobos,special_teams,PT,1,Michael Kern,JR/TR,19,169296
New Mexico Lobos,special_teams,PT,2,Charles Steinkamp,RS-SR,35,158424
New Mexico Lobos,special_teams,PK,1,Nick Romero,SO/TR,41,181657
New Mexico Lobos,special_teams,PK,2,Konner Olson,RS-JR/TR,95,177897
New Mexico Lobos,special_teams,PK,3,Grant Glasgow,RS-SR/TR,31,76129
New Mexico Lobos,special_teams,KO,1,Grant Glasgow,RS-SR/TR,31,76129
New Mexico Lobos,special_teams,KO,2,Charles Steinkamp,RS-SR,35,158424
New Mexico Lobos,special_teams,LS,1,Lincoln Epstein,RS-SO/TR,50,173266
New Mexico Lobos,special_teams,LS,2,Caden Beck,RS-FR,53,178325
New Mexico Lobos,special_teams,H,1,Charles Steinkamp,RS-SR,35,158424
New Mexico Lobos,special_teams,H,2,Michael Kern,JR/TR,19,169296
New Mexico Lobos,special_teams,PR,1,Austin Brawley,SR/TR,0,156191
New Mexico Lobos,special_teams,KR,1,Abraham Williams,RS-SR/TR,87,173620
New Mexico Lobos,special_teams,KR,2,Deshaun Buchanan,RS-JR/TR,8,176133
New Mexico State Aggies,offense,WR-X,1,AJ Williams III,RS-JR/TR,11,175351
New Mexico State Aggies,offense,WR-X,2,Brodie Malone-Bradford,SO,6,175343
New Mexico State Aggies,offense,WR-Z,1,TK King,RS-SR/TR,1,78933
New Mexico State Aggies,offense,WR-Z,2,Lyndon Ravare,SR/TR,10,172815
New Mexico State Aggies,offense,WR-SL,1,Myles Libman,RS-JR/TR,5,166726
New Mexico State Aggies,offense,WR-SL,2,TJ Pride,JR,7,172053
New Mexico State Aggies,offense,LT,1,Ma'Kyi Lee,GR/TR,55,80205
New Mexico State Aggies,offense,LT,2,Gavin Jones,RS-FR,77,175341
New Mexico State Aggies,offense,LG,1,Luke Moise,JR/TR,50,182487
New Mexico State Aggies,offense,LG,2,Mateo Rodriguez,RS-SO,70,172054
New Mexico State Aggies,offense,C,1,James Williams,JR/TR,69,175902
New Mexico State Aggies,offense,C,2,Mark Chapman,GR/TR,56,182503
New Mexico State Aggies,offense,RG,1,Tyler Keinath,GR/TR,54,166389
New Mexico State Aggies,offense,RG,2,Evan Blaettler,RS-SO/TR,71,178012
New Mexico State Aggies,offense,RT,1,Caleb Pyfrom,RS-SO/TR,66,168874
New Mexico State Aggies,offense,RT,2,Armond Owens,JR/TR,78,182488
New Mexico State Aggies,offense,TE,1,Jerry Lydiatt,RS-JR,86,166180
New Mexico State Aggies,offense,TE,2,Carson Su'esu'e,RS-FR/TR,88,176870
New Mexico State Aggies,offense,QB,1,Trey Hedden,JR/TR,3,182481
New Mexico State Aggies,offense,QB,2,Adam Damante,RS-JR/TR,14,170563
New Mexico State Aggies,offense,RB,1,James Jones,RS-SR/TR,2,171316
New Mexico State Aggies,offense,RB,2,Dijon Stanley,SR/TR,8,166305
New Mexico State Aggies,offense,RB,3,TJ Washington Jr.,RS-JR/TR,0,160954
New Mexico State Aggies,defense,LDE,1,Gabe Peterson,RS-SR/TR,16,156103
New Mexico State Aggies,defense,LDE,2,Reeves Baller,RS-JR/TR,99,163987
New Mexico State Aggies,defense,LDT,1,Kaian Roberts-Day,RS-SR/TR,13,153589
New Mexico State Aggies,defense,LDT,2,Jason Gwan,RS-JR/TR,98,178017
New Mexico State Aggies,defense,RDT,1,Henry Davis III,SR/TR,97,169893
New Mexico State Aggies,defense,RDT,2,Enzo-Pierre Tayou,RS-SR/TR,44,172057
New Mexico State Aggies,defense,RDE,1,Brad Vislisel,RS-JR/TR,8,175349
New Mexico State Aggies,defense,RDE,2,Obinna Okeke,RS-JR/TR,15,164117
New Mexico State Aggies,defense,WLB,1,Sone Aupiu,RS-SR,14,158180
New Mexico State Aggies,defense,WLB,2,Chance Barron,RS-JR/TR,10,175332
New Mexico State Aggies,defense,MLB,1,Tory Gethers,SR/TR,6,178015
New Mexico State Aggies,defense,MLB,2,Zaiden Davis,SO,34,175336
New Mexico State Aggies,defense,LCB,1,Josiah Charles,SR,1,166168
New Mexico State Aggies,defense,LCB,2,Izzy Clark-White,RS-JR/TR,23,182474
New Mexico State Aggies,defense,SS,1,Nick Session,GR/TR,5,79027
New Mexico State Aggies,defense,SS,2,Javon Gillespie,RS-JR/TR,2,166791
New Mexico State Aggies,defense,FS,1,Lorenzo Smith,SR/TR,0,175435
New Mexico State Aggies,defense,FS,2,RJ Chapman,RS-SR/TR,22,182473
New Mexico State Aggies,defense,RCB,1,De'Marcus Peters,RS-SR/TR,4,182490
New Mexico State Aggies,defense,RCB,2,Amaurey Brooks,RS-SO/TR,12,182470
New Mexico State Aggies,defense,NB,1,Jakobe Campbell,RS-SO,26,172061
New Mexico State Aggies,defense,NB,2,Garrett Stennett,FR,19,182494
New Mexico State Aggies,special_teams,PT,1,Brody Richter,RS-SR/TR,91,171550
New Mexico State Aggies,special_teams,PT,2,David Barker,RS-FR,92,175331
New Mexico State Aggies,special_teams,PK,1,Ilya Uvaydov,RS-SR/TR,17,182500
New Mexico State Aggies,special_teams,PK,2,David Barker,RS-FR,92,175331
New Mexico State Aggies,special_teams,KO,1,Ilya Uvaydov,RS-SR/TR,17,182500
New Mexico State Aggies,special_teams,KO,2,David Barker,RS-FR,92,175331
New Mexico State Aggies,special_teams,LS,1,Braydyn Sage,RS-FR,41,175348
New Mexico State Aggies,special_teams,LS,2,Rocky Stallworth,RS-FR,45,178437
New Mexico State Aggies,special_teams,H,1,Brody Richter,RS-SR/TR,91,171550
New Mexico State Aggies,special_teams,PR,1,TK King,RS-SR/TR,1,78933
New Mexico State Aggies,special_teams,PR,2,TJ Pride,JR,7,172053
New Mexico State Aggies,special_teams,KR,1,TK King,RS-SR/TR,1,78933
New Mexico State Aggies,special_teams,KR,2,Dijon Stanley,SR/TR,8,166305
North Carolina Tar Heels,offense,WR-X,1,Jordan Shipp,JR,1,168495
North Carolina Tar Heels,offense,WR-X,2,Madrid Tucker,RS-FR,86,176751
North Carolina Tar Heels,offense,WR-X,3,Kymistrii Young,FR,81,180103
North Carolina Tar Heels,offense,WR-Z,1,Mason Humphrey,SR/TR,4,180089
North Carolina Tar Heels,offense,WR-Z,2,Nathan Leacock,RS-JR/TR,11,160805
North Carolina Tar Heels,offense,WR-Z,3,Carnell Warren,FR,83,180101
North Carolina Tar Heels,offense,WR-SL,1,Trech Kekahuna,RS-JR/TR,2,165697
North Carolina Tar Heels,offense,WR-SL,2,Dayton Sneed,RS-JR/TR,6,162659
North Carolina Tar Heels,offense,WR-SL,3,C.J. Sadler,FR,14,180097
North Carolina Tar Heels,offense,LT,1,Jordan Hall,RS-JR/TR,66,164609
North Carolina Tar Heels,offense,LT,2,Eidan Buchanan,SO,72,176736
North Carolina Tar Heels,offense,LG,1,Aidan Banfield,JR,68,168482
North Carolina Tar Heels,offense,LG,2,Jonah Rodriguez,RS-JR/TR,54,166006
North Carolina Tar Heels,offense,LG,3,Trey Blue,RS-FR,77,174206
North Carolina Tar Heels,offense,C,1,Christo Kelly,GR/TR,56,174216
North Carolina Tar Heels,offense,RG,1,Andrew Threatt,SR/TR,75,180111
North Carolina Tar Heels,offense,RG,2,Rowan Byrne,RS-FR/TR,52,174477
North Carolina Tar Heels,offense,RG,3,Byron Nelson,RS-FR,70,174211
North Carolina Tar Heels,offense,RT,1,Jacqawn McRoy,RS-SO/TR,71,169449
North Carolina Tar Heels,offense,RT,2,Brandon Homady,RS-FR/TR,55,174510
North Carolina Tar Heels,offense,TE,1,Jaxxon Warren,RS-SO/TR,19,76359
North Carolina Tar Heels,offense,TE,2,Shamar Easter,RS-JR/TR,84,163483
North Carolina Tar Heels,offense,TE,3,Jelani Thurman,RS-JR/TR,45,161030
North Carolina Tar Heels,offense,TE,4,Jordan Washington,RS-SO/TR,80,169294
North Carolina Tar Heels,offense,QB,1,Billy Edwards Jr.,GR/TR,9,155973
North Carolina Tar Heels,offense,QB,2,Miles O'Neill,RS-SO/TR,8,168759
North Carolina Tar Heels,offense,QB,3,Au'Tori Newkirk,RS-FR,10,176743
North Carolina Tar Heels,offense,QB,4,Travis Burgess,FR,3,180076
North Carolina Tar Heels,offense,RB,1,Demon June,SO,0,174209
North Carolina Tar Heels,offense,RB,2,Benjamin Hall,RS-JR/TR,7,159977
North Carolina Tar Heels,offense,RB,3,Kaleb Jackson,RS-JR/TR,5,162929
North Carolina Tar Heels,offense,RB,4,Jaylen McGill,SO,27,176741
North Carolina Tar Heels,defense,LDE,1,Jaylen Harvey,RS-SO/TR,11,167665
North Carolina Tar Heels,defense,LDE,2,Donovan Hoilette Jr.,GR/TR,5,180088
North Carolina Tar Heels,defense,LDE,3,Zavion Griffin-Haynes,FR,29,180085
North Carolina Tar Heels,defense,NT,1,Isaiah Johnson,RS-SR/TR,0,158573
North Carolina Tar Heels,defense,NT,2,Xavier Lewis,SO,90,175317
North Carolina Tar Heels,defense,NT,3,Vodney Cleveland,FR,88,180078
North Carolina Tar Heels,defense,DT,1,Leroy Jackson,RS-SO,91,171229
North Carolina Tar Heels,defense,DT,2,Tarvorise Brown,RS-JR/TR,14,172744
North Carolina Tar Heels,defense,DT,3,Nicco Maggio,RS-FR,96,176740
North Carolina Tar Heels,defense,RDE,1,Melkart Abou Jaoude,RS-SR/TR,9,174217
North Carolina Tar Heels,defense,RDE,2,Joseph Mupoyi,RS-JR/TR,25,161003
North Carolina Tar Heels,defense,RDE,3,David Jackson III,FR,94,180109
North Carolina Tar Heels,defense,WLB,1,Peyton Seelmann,JR/TR,10,180098
North Carolina Tar Heels,defense,WLB,2,Jonathan Agumadu,RS-SO/TR,8,171341
North Carolina Tar Heels,defense,WLB,3,Jake Bauer,RS-FR,44,176735
North Carolina Tar Heels,defense,WLB,4,DQ Forkpa,FR,26,180082
North Carolina Tar Heels,defense,MLB,1,Derek McDonald,GR/TR,15,150795
North Carolina Tar Heels,defense,MLB,2,Timir Hickman-Collins,RS-SO/TR,54,168151
North Carolina Tar Heels,defense,MLB,3,Daniel Anderson,RS-SO,95,168481
North Carolina Tar Heels,defense,LCB,1,Jaiden Patterson,JR,18,168493
North Carolina Tar Heels,defense,LCB,2,Jalon Thompson,JR,4,168498
North Carolina Tar Heels,defense,LCB,3,Kenton Dopson III,FR,21,180081
North Carolina Tar Heels,defense,SS,1,Greg Smith,RS-SO/TR,1,168013
North Carolina Tar Heels,defense,SS,2,Javion Butts,RS-FR,24,174207
North Carolina Tar Heels,defense,FS,1,Coleman Bryson,RS-SR/TR,16,152841
North Carolina Tar Heels,defense,FS,2,Peyton Waters,RS-SO/TR,7,168131
North Carolina Tar Heels,defense,FS,3,Jakob Weatherspoon,FR,17,180102
North Carolina Tar Heels,defense,RCB,1,Ade Willie,RS-SR/TR,3,154070
North Carolina Tar Heels,defense,RCB,2,Reggie Love II,RS-JR,19,165657
North Carolina Tar Heels,defense,RCB,3,Jaziel Hart,FR,30,180086
North Carolina Tar Heels,defense,NB,1,Kaleb Cost,SR,2,164506
North Carolina Tar Heels,defense,NB,2,Tre Miller,RS-JR,6,165658
North Carolina Tar Heels,special_teams,PT,1,Jacob Horvath,RS-JR/TR,93,176223
North Carolina Tar Heels,special_teams,PT,2,Adam McCann-Gibbs,FR,91,180093
North Carolina Tar Heels,special_teams,PK,1,Aeron Burrell,JR/TR,92,168987
North Carolina Tar Heels,special_teams,PK,2,David Green,FR,97,180108
North Carolina Tar Heels,special_teams,KO,1,Aeron Burrell,JR/TR,92,168987
North Carolina Tar Heels,special_teams,KO,2,David Green,FR,97,180108
North Carolina Tar Heels,special_teams,LS,1,Gannon Burt,RS-JR/TR,48,165224
North Carolina Tar Heels,special_teams,H,1,Jacob Horvath,RS-JR/TR,93,176223
North Carolina Tar Heels,special_teams,H,2,Adam McCann-Gibbs,FR,91,180093
North Carolina Tar Heels,special_teams,PR,1,Kaleb Cost,SR,2,164506
North Carolina Tar Heels,special_teams,KR,1,Jaylen McGill,SO,27,176741
North Carolina Tar Heels,special_teams,KR,2,Benjamin Hall,RS-JR/TR,7,159977
North Carolina State Wolfpack,offense,WR-X,1,Keenan Jackson,JR,8,168216
North Carolina State Wolfpack,offense,WR-X,2,Chance Robinson,RS-SO/TR,82,172777
North Carolina State Wolfpack,offense,WR-X,3,Tyran Warren,SR/TR,13,180274
North Carolina State Wolfpack,offense,WR-Z,1,Joshisa Trader,JR/TR,2,169247
North Carolina State Wolfpack,offense,WR-Z,2,Davion Dozier,RS-JR/TR,5,160659
North Carolina State Wolfpack,offense,WR-Z,3,Ethan Dowdy,RS-JR/TR,80,176588
North Carolina State Wolfpack,offense,WR-SL,1,Victor Snow,RS-SR/TR,0,166737
North Carolina State Wolfpack,offense,WR-SL,2,Je'rel Bolder,RS-FR,21,174218
North Carolina State Wolfpack,offense,LT,1,Teague Andersen,RS-SR/TR,54,158384
North Carolina State Wolfpack,offense,LG,1,Kamen Smith,RS-JR,79,166222
North Carolina State Wolfpack,offense,LG,2,Rico Jackson,RS-JR,64,160574
North Carolina State Wolfpack,offense,C,1,Spike Sowells Jr.,SO,72,174229
North Carolina State Wolfpack,offense,RG,1,Yousef Mugharbil,RS-SR/TR,71,166212
North Carolina State Wolfpack,offense,RG,2,Daniel Cruz,RS-SO/TR,50,169280
North Carolina State Wolfpack,offense,RT,1,Jimarion McCrimon,RS-JR/TR,62,166237
North Carolina State Wolfpack,offense,RT,2,TK Whitset,RS-FR,70,176594
North Carolina State Wolfpack,offense,TE,1,Hunter Provience,RS-JR/TR,86,180263
North Carolina State Wolfpack,offense,TE,2,Preston Douglas,SO,19,176587
North Carolina State Wolfpack,offense,TE,3,Vander Ploog,RS-FR/TR,4,174049
North Carolina State Wolfpack,offense,QB,1,CJ Bailey,JR,11,168206
North Carolina State Wolfpack,offense,QB,2,Will Wilson,SO,10,174234
North Carolina State Wolfpack,offense,QB,3,Tad Hudson,RS-JR/TR,12,162249
North Carolina State Wolfpack,offense,RB,1,Jayden Scott,RS-SO,1,168224
North Carolina State Wolfpack,offense,RB,2,Davion Gause,JR/TR,7,168486
North Carolina State Wolfpack,offense,RB,3,Jonathan Paylor,RS-SO,14,168232
North Carolina State Wolfpack,defense,DE,1,Joseph Adedire,RS-SR/TR,13,154268
North Carolina State Wolfpack,defense,DE,2,Chase Bond,RS-SO,92,168210
North Carolina State Wolfpack,defense,DE,3,Adrian Farrow,SO,47,176590
North Carolina State Wolfpack,defense,NT,1,Josiah Victor,SO,90,174233
North Carolina State Wolfpack,defense,NT,2,KaTron Evans,GR/TR,55,64394
North Carolina State Wolfpack,defense,NT,3,Omarian Abraham,RS-FR,56,176581
North Carolina State Wolfpack,defense,DT,1,Isaiah Shirley,RS-JR,88,160581
North Carolina State Wolfpack,defense,DT,2,AJ Prim,RS-JR/TR,99,174226
North Carolina State Wolfpack,defense,DT,3,Fabian Kimbrough,RS-JR/TR,98,180255
North Carolina State Wolfpack,defense,JACK,1,Harvey Dyson III,RS-SR/TR,5,156510
North Carolina State Wolfpack,defense,JACK,2,Sterling Dixon,RS-SO/TR,25,167931
North Carolina State Wolfpack,defense,JACK,3,Ke'Von Carter,SO,42,176582
North Carolina State Wolfpack,defense,WLB,1,Da'Kaari Nelson,RS-JR/TR,8,161004
North Carolina State Wolfpack,defense,WLB,2,LaCorian Hodge,SO,35,176591
North Carolina State Wolfpack,defense,WLB,3,Bailey Benson,RS-FR,31,173964
North Carolina State Wolfpack,defense,MLB,1,Popo Aguirre,SR/TR,0,165963
North Carolina State Wolfpack,defense,MLB,2,AJ Richardson,RS-JR/TR,15,174227
North Carolina State Wolfpack,defense,MLB,3,Zane Williams,RS-SO,30,168229
North Carolina State Wolfpack,defense,LCB,1,Jamel Johnson,SR/TR,21,170227
North Carolina State Wolfpack,defense,LCB,2,Ty White,RS-SO/TR,10,168502
North Carolina State Wolfpack,defense,LCB,3,Michael Tate,RS-JR,24,166227
North Carolina State Wolfpack,defense,SS,1,Ronnie Royal III,RS-SO,2,168235
North Carolina State Wolfpack,defense,SS,2,Tristan Teasdell,SO,3,174232
North Carolina State Wolfpack,defense,FS,1,King Mack,SR/TR,4,161001
North Carolina State Wolfpack,defense,FS,2,Brody Barnhardt,RS-SO,29,168208
North Carolina State Wolfpack,defense,RCB,1,Brian Nelson II,RS-JR/TR,7,166272
North Carolina State Wolfpack,defense,RCB,2,Ondre Evans,RS-SO/TR,20,167900
North Carolina State Wolfpack,defense,RCB,3,Caden Gordon,SO,12,174221
North Carolina State Wolfpack,defense,NB,1,Jackson Vick,RS-SR,22,153523
North Carolina State Wolfpack,defense,NB,2,Asaad Brown Jr.,RS-SO,6,168212
North Carolina State Wolfpack,special_teams,PT,1,Jackson Waller,RS-SO/TR,96,171609
North Carolina State Wolfpack,special_teams,PT,2,Cristian Harthan,RS-FR,97,174223
North Carolina State Wolfpack,special_teams,PK,1,Kanoah Vinesett,RS-SR,94,156144
North Carolina State Wolfpack,special_teams,PK,2,Nick Konieczynski,RS-SO,91,171210
North Carolina State Wolfpack,special_teams,KO,1,Nick Konieczynski,RS-SO,91,171210
North Carolina State Wolfpack,special_teams,KO,2,Kanoah Vinesett,RS-SR,94,156144
North Carolina State Wolfpack,special_teams,LS,1,Aiden Arias,RS-JR,92,166213
North Carolina State Wolfpack,special_teams,LS,2,Taylon Tranel,FR,60,180271
North Carolina State Wolfpack,special_teams,H,1,Jackson Waller,RS-SO/TR,96,171609
North Carolina State Wolfpack,special_teams,H,2,Cristian Harthan,RS-FR,97,174223
North Carolina State Wolfpack,special_teams,PR,1,Victor Snow,RS-SR/TR,0,166737
North Carolina State Wolfpack,special_teams,KR,1,Jayden Scott,RS-SO,1,168224
North Dakota State Bison,offense,WR-X,1,Mekhi Collins,RS-SR,15,181506
North Dakota State Bison,offense,WR-X,2,Logan Conklin,RS-SO,84,181507
North Dakota State Bison,offense,WR-Z,1,Isiah St. Romain,RS-SO,17,181557
North Dakota State Bison,offense,WR-Z,2,Chris Kiel,RS-FR,21,181528
North Dakota State Bison,offense,WR-F,1,Jackson Williams,JR,18,181581
North Dakota State Bison,offense,WR-F,2,Jeremiah Patterson,RS-SR/TR,3,170567
North Dakota State Bison,offense,LT,1,Ryan Babatz,SO,76,181499
North Dakota State Bison,offense,LT,2,Nate Tastad,RS-SO,71,181563
North Dakota State Bison,offense,LG,1,Griffin Empey,RS-JR,62,181515
North Dakota State Bison,offense,LG,2,Nate Schneckloth,RS-JR,72,181553
North Dakota State Bison,offense,C,1,Gage Schmidt,RS-SO,61,181552
North Dakota State Bison,offense,C,2,Jack Liwienski,RS-JR,66,181533
North Dakota State Bison,offense,RG,1,Josh Magin,RS-SR,75,181535
North Dakota State Bison,offense,RG,2,Coy Okeson,RS-SO,68,181544
North Dakota State Bison,offense,RT,1,Kene Anene,RS-SO/TR,55,171389
North Dakota State Bison,offense,RT,2,Noah Stommes,RS-SO,78,181560
North Dakota State Bison,offense,TE,1,Kaden Zenzen,RS-SR,40,181579
North Dakota State Bison,offense,TE,2,Reis Kessel,RS-SO,81,181527
North Dakota State Bison,offense,QB,1,Nathan Hayes,RS-SR,2,181523
North Dakota State Bison,offense,QB,2,Trey Drake,RS-JR,10,181512
North Dakota State Bison,offense,QB,3,Preston Brown,SO,0,181494
North Dakota State Bison,offense,RB,1,DJ Scott,RS-JR/TR,7,170872
North Dakota State Bison,offense,RB,2,Myles Mitchell,RS-FR,5,181538
North Dakota State Bison,offense,RB,3,Nyeoti Punni,RS-SR/TR,4,183777
North Dakota State Bison,offense,FB,1,Luke Kokat,RS-SR,44,181531
North Dakota State Bison,offense,FB,2,Abraham Myers,RS-JR,96,181540
North Dakota State Bison,offense,FB,3,Jett Zabel,RS-SO,85,181578
North Dakota State Bison,defense,LDE,1,Kelton McCaslin,RS-SR,9,181536
North Dakota State Bison,defense,LDE,2,Anthony Okes,RS-JR/TR,93,181543
North Dakota State Bison,defense,NT,1,Keenan Wilson,RS-JR,8,181575
North Dakota State Bison,defense,NT,2,Alijah Wayne,SO,54,181574
North Dakota State Bison,defense,DT,1,Logan Larson,RS-SR,94,181585
North Dakota State Bison,defense,DT,2,Zach Vanderpool,RS-SO,95,181566
North Dakota State Bison,defense,RDE,1,Matthew Stenbroten,RS-SO,11,181559
North Dakota State Bison,defense,RDE,2,Victor Isele,RS-JR,0,181525
North Dakota State Bison,defense,WLB,1,Gavin Sell,RS-FR,3,181555
North Dakota State Bison,defense,WLB,2,Peder Haugo,RS-SO,41,181522
North Dakota State Bison,defense,WLB,3,Noah Taylor,RS-JR,21,181586
North Dakota State Bison,defense,MLB,1,Donovan Woolen,JR,1,181576
North Dakota State Bison,defense,MLB,2,Keith Williams,JR/TR,52,181587
North Dakota State Bison,defense,MLB,3,Oliver Lucht,RS-JR,55,181534
North Dakota State Bison,defense,SLB,1,Ray James Jr.,RS-SO,25,181526
North Dakota State Bison,defense,SLB,2,Alex Elliott,RS-JR/TR,42,160524
North Dakota State Bison,defense,LCB,1,Marion Moore,RS-FR,16,181539
North Dakota State Bison,defense,LCB,2,Najee Nelson,RS-JR,4,181542
North Dakota State Bison,defense,SS,1,Darius Givance,RS-SR,29,181518
North Dakota State Bison,defense,SS,2,Jaylen Archibald,RS-FR,30,181497
North Dakota State Bison,defense,FS,1,Taylen Eady,RS-SO,14,181513
North Dakota State Bison,defense,FS,2,Jaylin Crumby,RS-JR,6,181508
North Dakota State Bison,defense,RCB,1,DJ Voltz,RS-SR/TR,12,181568
North Dakota State Bison,defense,RCB,2,Kendrick Carter,RS-FR,28,181583
North Dakota State Bison,special_teams,PT,1,Aaron Bickerton,RS-SR/TR,39,181500
North Dakota State Bison,special_teams,PT,2,Caleb McGrath,RS-JR/TR,51,160529
North Dakota State Bison,special_teams,PK,1,Drew Klein,RS-SR,37,181530
North Dakota State Bison,special_teams,PK,2,Jayden Onuonga,FR,38,183776
North Dakota State Bison,special_teams,KO,1,Drew Klein,RS-SR,37,181530
North Dakota State Bison,special_teams,KO,2,Jayden Onuonga,FR,38,183776
North Dakota State Bison,special_teams,LS,1,CJ Anderson,RS-SR/TR,48,181495
North Dakota State Bison,special_teams,LS,2,Gabe Vernetti,FR,57,181588
North Dakota State Bison,special_teams,H,1,Aaron Bickerton,RS-SR/TR,39,181500
North Dakota State Bison,special_teams,PR,1,Jackson Williams,JR,18,181581
North Dakota State Bison,special_teams,KR,1,Jackson Williams,JR,18,181581
North Dakota State Bison,special_teams,KR,2,Jeremiah Patterson,RS-SR/TR,3,170567
North Texas Mean Green,offense,WR-X,1,Baron Tipton,RS-SO,80,170601
North Texas Mean Green,offense,WR-X,2,TJ Chukwurah,RS-SR/TR,3,180994
North Texas Mean Green,offense,WR-X,3,Andy Jean,RS-JR/TR,15,162440
North Texas Mean Green,offense,WR-Z,1,Corri Milliner,RS-JR/TR,0,164599
North Texas Mean Green,offense,WR-Z,2,Justin Stevenson,RS-JR/TR,13,163159
North Texas Mean Green,offense,WR-Z,3,Josiah Martin,RS-SO/TR,6,168703
North Texas Mean Green,offense,WR-SL,1,James Tyre,RS-JR/TR,16,181002
North Texas Mean Green,offense,WR-SL,2,Dalton Carnes,RS-SR/TR,11,78964
North Texas Mean Green,offense,WR-SL,3,Grayson O'Bara,RS-SR/TR,19,180998
North Texas Mean Green,offense,LT,1,Johnny Williams IV,RS-JR/TR,71,160188
North Texas Mean Green,offense,LG,1,Dylan Shaw,RS-JR/TR,53,161366
North Texas Mean Green,offense,LG,2,Keon Johnson,RS-JR,68,166284
North Texas Mean Green,offense,C,1,Chandler Strong,RS-SR/TR,57,154988
North Texas Mean Green,offense,C,2,Drew Cunningham,RS-SO/TR,61,173448
North Texas Mean Green,offense,C,3,Amarion Berry,RS-SO,62,170605
North Texas Mean Green,offense,RG,1,Henry Fenuku,RS-FR/TR,54,175238
North Texas Mean Green,offense,RG,2,Willie Goodacre,RS-SO/TR,66,172451
North Texas Mean Green,offense,RT,1,Neto Umeozulu,RS-SR/TR,72,157458
North Texas Mean Green,offense,RT,2,Jahzari Priester,RS-JR/TR,50,174470
North Texas Mean Green,offense,TE,1,Max Reese,RS-SR/TR,7,155789
North Texas Mean Green,offense,TE,2,Brec Long,SR/TR,17,175431
North Texas Mean Green,offense,TE,3,Drew Clemens,RS-FR/TR,85,174814
North Texas Mean Green,offense,QB,1,Tayven Jackson,RS-SR/TR,2,160075
North Texas Mean Green,offense,QB,2,Chaston Ditta,RS-FR/TR,9,174947
North Texas Mean Green,offense,QB,3,Chris Jimerson Jr.,RS-FR,12,175138
North Texas Mean Green,offense,RB,1,Jahiem White,RS-JR/TR,1,160187
North Texas Mean Green,offense,RB,2,Brendon Haygood,RS-FR/TR,29,176202
North Texas Mean Green,offense,RB,3,Nick Osho,RS-SR/TR,4,181000
North Texas Mean Green,offense,RB,4,Colin Page,RS-SR/TR,22,157449
North Texas Mean Green,defense,LDE,1,David Onuoha,RS-SR/TR,10,157947
North Texas Mean Green,defense,LDE,2,Steven Curtis,RS-JR/TR,11,174354
North Texas Mean Green,defense,LDE,3,Udoka Ezeani,RS-SR/TR,6,169521
North Texas Mean Green,defense,LDT,1,Justin Benton,RS-JR/TR,15,161807
North Texas Mean Green,defense,LDT,2,Christian Lorenzo,RS-SR/TR,23,153745
North Texas Mean Green,defense,LDT,3,Rudy Vargas Jr.,SR/TR,95,177750
North Texas Mean Green,defense,RDT,1,Terrell Washington,JR/TR,93,177753
North Texas Mean Green,defense,RDT,2,Wesley Hudson,RS-JR/TR,88,180997
North Texas Mean Green,defense,RDT,3,AJ Brown,RS-FR,96,177751
North Texas Mean Green,defense,RDE,1,Curlee Thomas IV,RS-SR/TR,98,157504
North Texas Mean Green,defense,RDE,2,Davion Rhodes,RS-SR/TR,91,149904
North Texas Mean Green,defense,RDE,3,Brayden Knox,SO,42,177743
North Texas Mean Green,defense,WLB,1,Zakye Barker,RS-SR/TR,3,155517
North Texas Mean Green,defense,WLB,2,Cedric Roberts,JR/TR,17,181006
North Texas Mean Green,defense,MLB,1,Aaron Alexander,RS-SR/TR,7,161094
North Texas Mean Green,defense,MLB,2,Chantz Johnson,RS-JR/TR,30,160827
North Texas Mean Green,defense,LCB,1,Caden Jenkins,SR/TR,8,162401
North Texas Mean Green,defense,LCB,2,Zach Johnson,SR/TR,27,181004
North Texas Mean Green,defense,LCB,3,Taylor Starling,RS-JR,20,163471
North Texas Mean Green,defense,SS,1,Brandon Jones,SO/TR,0,181005
North Texas Mean Green,defense,SS,2,Bryce Garza,RS-FR,14,177738
North Texas Mean Green,defense,SS,3,Cameren Jenkins,RS-JR/TR,9,79257
North Texas Mean Green,defense,FS,1,Taye Seymore,RS-JR/TR,2,160904
North Texas Mean Green,defense,FS,2,Tyson Wilson,JR/TR,12,181007
North Texas Mean Green,defense,FS,3,Graham Gillespie,RS-SR/TR,13,157441
North Texas Mean Green,defense,RCB,1,Peyton Taylor,RS-JR/TR,24,181001
North Texas Mean Green,defense,RCB,2,Chase Canada,SR/TR,5,168935
North Texas Mean Green,defense,RCB,3,Jaden Allen,RS-SO/TR,19,168073
North Texas Mean Green,defense,NB,1,Keshawn Davila,SR/TR,1,173983
North Texas Mean Green,defense,NB,2,CJ Coombes,RS-JR/TR,4,181008
North Texas Mean Green,defense,NB,3,BJ Allen Jr.,SR/TR,16,169574
North Texas Mean Green,special_teams,PT,1,Ian Ratliff,RS-JR/TR,37,165051
North Texas Mean Green,special_teams,PK,1,Dominic De Freitas,SO/TR,90,175415
North Texas Mean Green,special_teams,KO,1,Dominic De Freitas,SO/TR,90,175415
North Texas Mean Green,special_teams,LS,1,Jacob Poff,SO/TR,47,178121
North Texas Mean Green,special_teams,LS,2,Brodie Scoggins,RS-FR,49,177749
North Texas Mean Green,special_teams,H,1,Ian Ratliff,RS-JR/TR,37,165051
North Texas Mean Green,special_teams,PR,1,James Tyre,RS-JR/TR,16,181002
North Texas Mean Green,special_teams,PR,2,Baron Tipton,RS-SO,80,170601
North Texas Mean Green,special_teams,KR,1,James Tyre,RS-JR/TR,16,181002
North Texas Mean Green,special_teams,KR,2,Baron Tipton,RS-SO,80,170601
North Texas Mean Green,special_teams,KR,3,Dalton Carnes,RS-SR/TR,11,78964
Northern Illinois Huskies,offense,WR-X,1,Cam Thompson,RS-SR/TR,7,167332
Northern Illinois Huskies,offense,WR-X,2,La'Don Bryant,RS-SO,0,173392
Northern Illinois Huskies,offense,WR-X,3,Kevin Holmes Jr.,RS-JR/TR,13,182685
Northern Illinois Huskies,offense,WR-Z,1,George Dimopoulos,JR,9,173395
Northern Illinois Huskies,offense,WR-Z,2,Kenji Lewis,RS-SR/TR,4,170426
Northern Illinois Huskies,offense,WR-Z,3,Tavaris Coles,JR/TR,12,182677
Northern Illinois Huskies,offense,WR-SL,1,DeAree Rogers,RS-SR/TR,1,176051
Northern Illinois Huskies,offense,WR-SL,2,Rickey Taylor Jr.,RS-SO,3,173414
Northern Illinois Huskies,offense,WR-SL,3,Afy Ibekwe,RS-FR,6,178401
Northern Illinois Huskies,offense,LT,1,Ross Liegel,RS-SO,58,173402
Northern Illinois Huskies,offense,LT,2,Ben Gustafson,RS-SO,61,173398
Northern Illinois Huskies,offense,LG,1,Tyler Chambers,RS-FR,76,178390
Northern Illinois Huskies,offense,LG,2,Luke Skartvedt,RS-JR,53,159828
Northern Illinois Huskies,offense,C,1,Landon Hron,RS-JR,63,167321
Northern Illinois Huskies,offense,C,2,Ty Mead,SR/TR,55,182705
Northern Illinois Huskies,offense,C,3,Logan Gross,RS-SO,69,176044
Northern Illinois Huskies,offense,RG,1,Jacob Welch,RS-JR,78,159830
Northern Illinois Huskies,offense,RG,2,Samir Senenat,RS-SO,68,173413
Northern Illinois Huskies,offense,RT,1,Lane Mahnesmith,RS-SO,66,173403
Northern Illinois Huskies,offense,RT,2,Erik Murray,RS-FR,74,178404
Northern Illinois Huskies,offense,TE,1,Jason Fowler,RS-SO,83,173396
Northern Illinois Huskies,offense,TE,2,Liam Russo,RS-FR,87,178415
Northern Illinois Huskies,offense,TE,3,Glen Weber,JR/TR,84,182704
Northern Illinois Huskies,offense,TE,4,Caleb Haack,RS-FR,82,178397
Northern Illinois Huskies,offense,TE,5,Devin Habermehl,SO,49,178398
Northern Illinois Huskies,offense,QB,1,Taron Dickens,RS-JR/TR,5,183553
Northern Illinois Huskies,offense,QB,2,Jalen Macon,RS-SR/TR,14,170428
Northern Illinois Huskies,offense,QB,3,Brady Davidson,SO,2,176041
Northern Illinois Huskies,offense,QB,4,Ean Hamric,RS-SR/TR,15,182682
Northern Illinois Huskies,offense,QB,5,Bryshawn Brown,FR,10,182676
Northern Illinois Huskies,offense,RB,1,Telly Johnson Jr.,JR,45,173401
Northern Illinois Huskies,offense,RB,2,Elijah Porter,RS-SO,24,173409
Northern Illinois Huskies,offense,RB,3,Romelo Ware,RS-SO,11,173419
Northern Illinois Huskies,offense,RB,4,Triston White,RS-FR,8,178419
Northern Illinois Huskies,offense,RB,5,Reginald Craig,RS-FR,32,178392
Northern Illinois Huskies,defense,LDE,1,Kole Sneed,RS-JR/TR,90,182699
Northern Illinois Huskies,defense,LDE,2,James Bradley,RS-JR/TR,19,182675
Northern Illinois Huskies,defense,LDT,1,Montrel Canion,RS-FR,0,176039
Northern Illinois Huskies,defense,LDT,2,Matthew Scarlett,RS-JR/TR,50,182697
Northern Illinois Huskies,defense,RDT,1,Amari Washington,RS-FR,11,178408
Northern Illinois Huskies,defense,RDT,2,Jordan Bellamy,RS-FR,55,176038
Northern Illinois Huskies,defense,RDT,3,Christopher Allen,RS-SR/TR,58,182710
Northern Illinois Huskies,defense,RDE,1,Jay'shon Thomas,RS-JR,18,159829
Northern Illinois Huskies,defense,RDE,2,Micah Cook,RS-FR,87,178391
Northern Illinois Huskies,defense,WLB,1,Broderick Windham,SR/TR,15,176052
Northern Illinois Huskies,defense,WLB,2,Jashawn Nelson,RS-FR,6,178405
Northern Illinois Huskies,defense,MLB,1,Jack Murray,FR,44,182709
Northern Illinois Huskies,defense,MLB,2,Cooper Mau,JR/TR,8,182691
Northern Illinois Huskies,defense,LCB,1,Dev'ion Reynolds,RS-SO,9,173410
Northern Illinois Huskies,defense,LCB,2,Marshall Washington,JR/TR,20,182703
Northern Illinois Huskies,defense,LCB,3,James Little IV,SO,4,178402
Northern Illinois Huskies,defense,SS,1,Justin Harris,RS-JR/TR,7,182707
Northern Illinois Huskies,defense,SS,2,Kyon Conyers,JR/TR,16,182678
Northern Illinois Huskies,defense,SS,3,Andruw Ellis,RS-FR,30,178393
Northern Illinois Huskies,defense,FS,1,Malik Armstrong,RS-SR,14,158647
Northern Illinois Huskies,defense,FS,2,Tyrese Stanley,RS-JR/TR,26,182700
Northern Illinois Huskies,defense,FS,3,Keagan Ruane-Martino,RS-FR,22,178414
Northern Illinois Huskies,defense,RCB,1,Liam Lindo,RS-SR/TR,3,70287
Northern Illinois Huskies,defense,RCB,2,Yassine Falke,JR/TR,5,182680
Northern Illinois Huskies,defense,RCB,3,Romelo Walker,RS-SO,29,173418
Northern Illinois Huskies,defense,NB,1,Aaron Warren,RS-SR/TR,12,182702
Northern Illinois Huskies,defense,NB,2,Avery Jones,SR/TR,2,182708
Northern Illinois Huskies,defense,NB,3,Austin Tillman,RS-FR,21,178418
Northern Illinois Huskies,defense,NB,4,Justus Donahoo,FR,17,182679
Northern Illinois Huskies,special_teams,PT,1,Jake Ference,SO,36,178395
Northern Illinois Huskies,special_teams,PK,1,Ryan Short,RS-SR/TR,39,182711
Northern Illinois Huskies,special_teams,PK,2,JJ Schlenhardt,RS-FR,33,178416
Northern Illinois Huskies,special_teams,KO,1,Ryan Short,RS-SR/TR,39,182711
Northern Illinois Huskies,special_teams,KO,2,JJ Schlenhardt,RS-FR,33,178416
Northern Illinois Huskies,special_teams,LS,1,Jason Evans,JR/TR,43,182706
Northern Illinois Huskies,special_teams,H,1,Jake Ference,SO,36,178395
Northern Illinois Huskies,special_teams,PR,1,DeAree Rogers,RS-SR/TR,1,176051
Northern Illinois Huskies,special_teams,PR,2,Dev'ion Reynolds,RS-SO,9,173410
Northern Illinois Huskies,special_teams,KR,1,Dev'ion Reynolds,RS-SO,9,173410
Northern Illinois Huskies,special_teams,KR,2,Elijah Porter,RS-SO,24,173409
Northwestern Wildcats,offense,WR-X,1,Hayden Eligon II,JR,8,167783
Northwestern Wildcats,offense,WR-X,2,Ricky Ahumaraeze,RS-JR,10,163571
Northwestern Wildcats,offense,WR-X,3,Carson Grove,RS-SO,87,167784
Northwestern Wildcats,offense,WR-Z,1,Griffin Wilde,SR/TR,17,174527
Northwestern Wildcats,offense,WR-Z,2,Frank Covey IV,RS-JR,3,161240
Northwestern Wildcats,offense,WR-Z,3,Jaden McDuffie,FR,82,179964
Northwestern Wildcats,offense,WR-SL,1,Drew Wagner,JR,19,172732
Northwestern Wildcats,offense,WR-SL,2,Carson Grove,RS-SO,87,167784
Northwestern Wildcats,offense,WR-SL,3,Chase Farrell,RS-SO/TR,20,171560
Northwestern Wildcats,offense,LT,1,Grant Seagren,RS-JR/TR,74,160050
Northwestern Wildcats,offense,LT,2,Arkel Anugwom,RS-JR/TR,75,166465
Northwestern Wildcats,offense,LT,3,Leighton Burbach,FR,70,179952
Northwestern Wildcats,offense,LG,1,Ezomo Oratokhai,RS-SO,62,167787
Northwestern Wildcats,offense,LG,2,Dennis Rahouski,RS-SO,71,167788
Northwestern Wildcats,offense,LG,3,Idrys Cotton,RS-SO,77,167781
Northwestern Wildcats,offense,C,1,Jackson Carsello,GR,65,150402
Northwestern Wildcats,offense,RG,1,Anthony Birsa,RS-JR,64,163572
Northwestern Wildcats,offense,RG,2,Jace Borcherding,RS-SO,67,172723
Northwestern Wildcats,offense,RG,3,Owen Fors,FR,50,179958
Northwestern Wildcats,offense,RT,1,Deuce McGuire,RS-SR,73,156803
Northwestern Wildcats,offense,RT,2,David Anchondo,RS-JR/TR,61,179948
Northwestern Wildcats,offense,RT,3,Jack Fuchs,FR,72,179959
Northwestern Wildcats,offense,TE,1,Luke Dehnicke,RS-SO/TR,84,179949
Northwestern Wildcats,offense,TE,2,Alex Honig,GR/TR,86,166605
Northwestern Wildcats,offense,TE,3,Blake Van Buren,GR,83,156811
Northwestern Wildcats,offense,QB,1,Aidan Chiles,SR/TR,0,78619
Northwestern Wildcats,offense,QB,2,Nicco Marchiol,RS-SR/TR,4,153468
Northwestern Wildcats,offense,QB,3,Ryan Boe,RS-SO,2,167795
Northwestern Wildcats,offense,RB,1,Caleb Komolafe,RS-JR,5,163582
Northwestern Wildcats,offense,RB,2,Gavin Sawchuk,GR/TR,27,153010
Northwestern Wildcats,offense,RB,3,Joseph Himon II,GR,6,156801
Northwestern Wildcats,defense,LDE,1,Michael Kilbane,RS-JR,47,163581
Northwestern Wildcats,defense,LDE,2,Dominic Kirks,RS-SO/TR,5,170966
Northwestern Wildcats,defense,LDT,1,Brendan Flakes,RS-SR,15,156798
Northwestern Wildcats,defense,LDT,2,Glory Stephen-Wangboje,RS-JR/TR,93,179951
Northwestern Wildcats,defense,LDT,3,Mason Mayne,RS-FR,95,175775
Northwestern Wildcats,defense,RDT,1,Migo Jackson,GR/TR,88,79134
Northwestern Wildcats,defense,RDT,2,Tyler Gant,RS-JR,54,163577
Northwestern Wildcats,defense,RDT,3,Troy Regovich,RS-SO,99,167790
Northwestern Wildcats,defense,RDE,1,Jamaal Johnson,GR/TR,24,157610
Northwestern Wildcats,defense,RDE,2,Callen Campbell,RS-SO,44,167780
Northwestern Wildcats,defense,WLB,1,Braydon Brus,RS-SR,33,156793
Northwestern Wildcats,defense,WLB,2,Jack Sadowsky V,SR/TR,45,160510
Northwestern Wildcats,defense,WLB,3,Payton Roth,RS-JR,34,166974
Northwestern Wildcats,defense,MLB,1,Kobie McKinzie,GR/TR,2,153007
Northwestern Wildcats,defense,MLB,2,Nigel Glover,RS-JR/TR,42,166965
Northwestern Wildcats,defense,LCB,1,Ore Adeyi,GR,7,150399
Northwestern Wildcats,defense,LCB,2,Brenden Deasfernandes,GR/TR,3,78656
Northwestern Wildcats,defense,LCB,3,Marquet Dorsey Jr.,SO,25,175768
Northwestern Wildcats,defense,SS,1,Damon Walters,RS-JR,21,161244
Northwestern Wildcats,defense,SS,2,Alijah Jones,SO,0,175771
Northwestern Wildcats,defense,FS,1,Robert Fitzgerald,RS-SR,31,156797
Northwestern Wildcats,defense,FS,2,Jon Jon Stevens Jr.,SO,29,175780
Northwestern Wildcats,defense,RCB,1,Josh Fussell,RS-JR,13,163576
Northwestern Wildcats,defense,RCB,2,Montae Pate,RS-SR/TR,4,179950
Northwestern Wildcats,defense,NB,1,Braden Turner,RS-SR,9,156809
Northwestern Wildcats,special_teams,PT,1,Nikola Dugandzic,RS-FR,92,174530
Northwestern Wildcats,special_teams,PT,2,Marko Dubak,RS-SR/TR,95,180929
Northwestern Wildcats,special_teams,PK,1,Jackson Kleather,SR/TR,90,164357
Northwestern Wildcats,special_teams,PK,2,Noah Sur,FR,98,179971
Northwestern Wildcats,special_teams,PK,3,Henry Helms,RS-JR,94,166970
Northwestern Wildcats,special_teams,KO,1,Nikola Dugandzic,RS-FR,92,174530
Northwestern Wildcats,special_teams,KO,2,Noah Sur,FR,98,179971
Northwestern Wildcats,special_teams,KO,3,Henry Helms,RS-JR,94,166970
Northwestern Wildcats,special_teams,LS,1,Jack Florentine,RS-SO,59,172726
Northwestern Wildcats,special_teams,LS,2,Evan Boutorwick,GR/TR,60,157922
Northwestern Wildcats,special_teams,H,1,Henry Helms,RS-JR,94,166970
Northwestern Wildcats,special_teams,H,2,Marko Dubak,RS-SR/TR,95,180929
Northwestern Wildcats,special_teams,PR,1,Griffin Wilde,SR/TR,17,174527
Northwestern Wildcats,special_teams,PR,2,Drew Wagner,JR,19,172732
Northwestern Wildcats,special_teams,KR,1,Robby Preckel,SO,41,175778
Northwestern Wildcats,special_teams,KR,2,Chase Farrell,RS-SO/TR,20,171560
Notre Dame Fighting Irish,offense,WR-X,1,Jordan Faison,SR,6,164146
Notre Dame Fighting Irish,offense,WR-X,2,Cam Williams,RS-SO,5,168274
Notre Dame Fighting Irish,offense,WR-X,3,Elijah Burress,RS-FR,17,175616
Notre Dame Fighting Irish,offense,WR-X,4,Jerome Bettis Jr.,RS-FR,8,175615
Notre Dame Fighting Irish,offense,WR-Z,1,Quincy Porter,RS-FR/TR,0,173919
Notre Dame Fighting Irish,offense,WR-Z,2,Micah Gilbert,RS-SO,14,168259
Notre Dame Fighting Irish,offense,WR-Z,3,Devin Fitzgerald,FR,11,179216
Notre Dame Fighting Irish,offense,WR-SL,1,Mylan Graham,RS-SO/TR,3,167677
Notre Dame Fighting Irish,offense,WR-SL,2,Jaden Greathouse,RS-JR,1,160637
Notre Dame Fighting Irish,offense,WR-SL,3,Logan Saldate,RS-SO,19,170772
Notre Dame Fighting Irish,offense,LT,1,Will Black,RS-FR,74,174108
Notre Dame Fighting Irish,offense,LT,2,Styles Prescod,RS-SO,71,168266
Notre Dame Fighting Irish,offense,LG,1,Anthonie Knapp,JR,54,168262
Notre Dame Fighting Irish,offense,LG,2,Devan Houstan,RS-JR,52,162302
Notre Dame Fighting Irish,offense,LG,3,Chris Terek,RS-JR,55,163255
Notre Dame Fighting Irish,offense,C,1,Ashton Craig,RS-SR,70,155578
Notre Dame Fighting Irish,offense,C,2,Joe Otting,RS-JR,64,163349
Notre Dame Fighting Irish,offense,C,3,Cam Herron,RS-FR,57,175619
Notre Dame Fighting Irish,offense,RG,1,Charles Jagusah,RS-JR,56,163350
Notre Dame Fighting Irish,offense,RG,2,Sullivan Absher,RS-JR,75,163256
Notre Dame Fighting Irish,offense,RG,3,Peter Jones,RS-SO,77,168261
Notre Dame Fighting Irish,offense,RT,1,Guerby Lambert,RS-SO,76,168278
Notre Dame Fighting Irish,offense,RT,2,Matty Augustine,RS-FR,58,175614
Notre Dame Fighting Irish,offense,RT,3,Owen Strebig,RS-FR,78,175622
Notre Dame Fighting Irish,offense,TE,1,Cooper Flanagan,SR,87,160640
Notre Dame Fighting Irish,offense,TE,2,James Flanigan,RS-FR,88,177930
Notre Dame Fighting Irish,offense,TE,3,Ty Washington,RS-SR/TR,7,153908
Notre Dame Fighting Irish,offense,TE,4,Ian Premer,FR,24,182009
Notre Dame Fighting Irish,offense,QB,1,CJ Carr,RS-SO,13,168258
Notre Dame Fighting Irish,offense,QB,2,Blake Hebert,RS-FR,12,175618
Notre Dame Fighting Irish,offense,QB,3,Noah Grubbs,FR,10,179221
Notre Dame Fighting Irish,offense,QB,4,Teddy Jarrard,FR,9,182006
Notre Dame Fighting Irish,offense,RB,1,Aneyas Williams,JR,22,168272
Notre Dame Fighting Irish,offense,RB,2,Nolan James Jr.,RS-FR,2,175620
Notre Dame Fighting Irish,offense,RB,3,Kedren Young,RS-SO,21,168273
Notre Dame Fighting Irish,offense,RB,4,Javian Osborne,FR,26,179226
Notre Dame Fighting Irish,offense,RB,5,Jonaz Walton,FR,20,179232
Notre Dame Fighting Irish,defense,LDE,1,Bryce Young,JR,95,168276
Notre Dame Fighting Irish,defense,LDE,2,Keon Keeley,RS-JR/TR,11,159853
Notre Dame Fighting Irish,defense,LDE,3,Christopher Burgess Jr.,RS-FR,6,175625
Notre Dame Fighting Irish,defense,LDT,1,Jason Onye,RS-SR,47,149305
Notre Dame Fighting Irish,defense,LDT,2,Tionne Gray,RS-SO/TR,0,169441
Notre Dame Fighting Irish,defense,LDT,3,Elijah Hughes,SR/TR,56,160451
Notre Dame Fighting Irish,defense,RDT,1,Francis Brewu,JR/TR,7,168556
Notre Dame Fighting Irish,defense,RDT,2,Armel Mukam,RS-JR,88,163381
Notre Dame Fighting Irish,defense,RDT,3,Cole Mullins,RS-SO,42,168264
Notre Dame Fighting Irish,defense,RDE,1,Boubacar Traore,RS-JR,5,163382
Notre Dame Fighting Irish,defense,RDE,2,Rodney Dunham,FR,44,179212
Notre Dame Fighting Irish,defense,RDE,3,Loghan Thomas,RS-SO,10,168268
Notre Dame Fighting Irish,defense,WLB,1,Jaiden Ausberry,RS-JR,4,162299
Notre Dame Fighting Irish,defense,WLB,2,Jaylen Sneed,RS-SR,3,152990
Notre Dame Fighting Irish,defense,WLB,3,Kahanu Kia,RS-JR,43,168254
Notre Dame Fighting Irish,defense,MLB,1,Drayk Bowen,SR,34,162300
Notre Dame Fighting Irish,defense,MLB,2,Kyngstonn Viliamu-Asa,JR,27,168270
Notre Dame Fighting Irish,defense,MLB,3,Madden Faraimo,SO,19,174109
Notre Dame Fighting Irish,defense,FCB,1,DJ McKinney,RS-SR/TR,2,79661
Notre Dame Fighting Irish,defense,FCB,2,Mark Zackery IV,SO,24,175626
Notre Dame Fighting Irish,defense,FCB,3,Khary Adams,FR,21,179209
Notre Dame Fighting Irish,defense,FS,1,Brauntae Johnson,RS-SO,9,168282
Notre Dame Fighting Irish,defense,FS,2,Ethan Long,RS-FR,22,175624
Notre Dame Fighting Irish,defense,FS,3,Joey O'Brien,FR,20,179225
Notre Dame Fighting Irish,defense,BS,1,Adon Shuler,RS-JR,8,162308
Notre Dame Fighting Irish,defense,BS,2,Luke Talich,SR,28,164152
Notre Dame Fighting Irish,defense,BCB,1,Leonard Moore,JR,15,168283
Notre Dame Fighting Irish,defense,BCB,2,Jayden Sanders,SO/TR,12,174069
Notre Dame Fighting Irish,defense,NB,1,Christian Gray,SR,29,160647
Notre Dame Fighting Irish,defense,NB,2,Dallas Golden,SO,1,174111
Notre Dame Fighting Irish,special_teams,PT,1,Erik Schmidt,SO,18,174112
Notre Dame Fighting Irish,special_teams,PT,2,Jasper Scaife,FR,39,179230
Notre Dame Fighting Irish,special_teams,PK,1,Spencer Porath,JR/TR,35,170349
Notre Dame Fighting Irish,special_teams,PK,2,Erik Schmidt,SO,18,174112
Notre Dame Fighting Irish,special_teams,PK,3,Micah Drescher,FR,36,182005
Notre Dame Fighting Irish,special_teams,KO,1,Erik Schmidt,SO,18,174112
Notre Dame Fighting Irish,special_teams,KO,2,Spencer Porath,JR/TR,35,170349
Notre Dame Fighting Irish,special_teams,KO,3,Micah Drescher,FR,36,182005
Notre Dame Fighting Irish,special_teams,LS,1,Joseph Vinci,JR,96,168271
Notre Dame Fighting Irish,special_teams,LS,2,Andrew Kros,RS-JR,49,164148
Notre Dame Fighting Irish,special_teams,H,1,Erik Schmidt,SO,18,174112
Notre Dame Fighting Irish,special_teams,H,2,Jasper Scaife,FR,39,179230
Notre Dame Fighting Irish,special_teams,PR,1,Jordan Faison,SR,6,164146
Notre Dame Fighting Irish,special_teams,KR,1,Aneyas Williams,JR,22,168272
Notre Dame Fighting Irish,special_teams,KR,2,Nolan James Jr.,RS-FR,2,175620
Ohio Bobcats,offense,WR-X,1,Eian Pugh,RS-SR/TR,12,152823
Ohio Bobcats,offense,WR-X,2,Max Rodarte,GR/TR,3,170520
Ohio Bobcats,offense,WR-Z,1,Dom Dorwart,RS-SO,3,170514
Ohio Bobcats,offense,WR-Z,2,Delaney Crawford,RS-SR/TR,0,153862
Ohio Bobcats,offense,WR-SL,1,Preston Bowman,RS-FR/TR,2,175011
Ohio Bobcats,offense,WR-SL,2,Riley Neer,RS-SO,15,173336
Ohio Bobcats,offense,WR-SL,3,Ian Ver Steeg,GR/TR,10,156661
Ohio Bobcats,offense,LT,1,Jarian Shelby,RS-SR,75,156202
Ohio Bobcats,offense,LT,2,Trumain Lawson,SO/TR,72,183502
Ohio Bobcats,offense,LG,1,Cassius Hulbert,GR/TR,71,183498
Ohio Bobcats,offense,LG,2,Josh Waite,GR/TR,65,175912
Ohio Bobcats,offense,C,1,Bryce Parson,RS-SO,76,170529
Ohio Bobcats,offense,RG,1,CJ Dawson II,RS-SR/TR,55,183493
Ohio Bobcats,offense,RG,2,Seth Anstead,RS-SO,63,170523
Ohio Bobcats,offense,RT,1,Tigana Cisse,GR/TR,74,170512
Ohio Bobcats,offense,RT,2,Sandro Malicevic,SR/TR,77,183503
Ohio Bobcats,offense,TE,1,Riley Palmeter,RS-SR/TR,85,183511
Ohio Bobcats,offense,TE,2,Andrew Metzger,RS-JR/TR,86,165155
Ohio Bobcats,offense,TE,3,Jake Furtney,RS-SO/TR,33,172712
Ohio Bobcats,offense,TE,4,AJ Miller,RS-SO,84,170522
Ohio Bobcats,offense,QB,1,Nick Poulos,GR/TR,8,173340
Ohio Bobcats,offense,QB,2,Matt Vezza,RS-JR/TR,9,183519
Ohio Bobcats,offense,QB,3,Levi Davis,FR,7,183492
Ohio Bobcats,offense,QB,4,Hype Grand,RS-FR,5,178458
Ohio Bobcats,offense,QB,5,Matthew Papas,RS-SO,16,173339
Ohio Bobcats,offense,RB,1,Duncan Brune,JR,6,170510
Ohio Bobcats,offense,RB,2,Victor Rosa,GR/TR,4,159024
Ohio Bobcats,offense,RB,3,Mike Taylor Jr.,RS-FR,22,175911
Ohio Bobcats,offense,RB,4,Irving Brown,RS-FR,24,175905
Ohio Bobcats,offense,RB,5,James Kelly,FR,23,183524
Ohio Bobcats,defense,LDE,1,Evan Herrmann,RS-JR/TR,11,165312
Ohio Bobcats,defense,LDE,2,Joseph Marsh,RS-JR/TR,23,169529
Ohio Bobcats,defense,LDE,3,Ike Ackerman,RS-FR,14,178451
Ohio Bobcats,defense,LDT,1,Austin Mitchell,RS-JR,97,164420
Ohio Bobcats,defense,LDT,2,Derek Reagans,SR/TR,98,178468
Ohio Bobcats,defense,LDT,3,Owen DiFranco,RS-JR,50,164398
Ohio Bobcats,defense,RDT,1,Nehemiah Dukes,RS-SR/TR,0,175907
Ohio Bobcats,defense,RDT,2,Nathan Hale,GR/TR,57,170534
Ohio Bobcats,defense,RDT,3,Ty Neubert,RS-FR,99,178466
Ohio Bobcats,defense,RDE,1,Tyler Gillison,GR/TR,9,153627
Ohio Bobcats,defense,RDE,2,Isaiah Street,RS-SR/TR,51,158599
Ohio Bobcats,defense,WLB,1,Jack Fries,RS-SR,27,159465
Ohio Bobcats,defense,WLB,2,William Marzolf,SO/TR,15,183504
Ohio Bobcats,defense,MLB,1,Charlie Christopher,SO,30,175906
Ohio Bobcats,defense,MLB,2,Michael Molnar,RS-SR,25,156199
Ohio Bobcats,defense,LCB,1,Kendall Bannister,RS-JR,20,162316
Ohio Bobcats,defense,LCB,2,Barry Dillon,RS-SO/TR,8,183494
Ohio Bobcats,defense,SS,1,Darren James-Hamilton,RS-JR/TR,4,183500
Ohio Bobcats,defense,SS,2,DJ Morton,RS-SO,13,170528
Ohio Bobcats,defense,FS,1,DJ Walker,RS-JR,2,164417
Ohio Bobcats,defense,FS,2,JT Haskins,RS-SO,3,170526
Ohio Bobcats,defense,RCB,1,KJ Sejour,SO/TR,5,183514
Ohio Bobcats,defense,RCB,2,Cam Cope,RS-SR/TR,24,183490
Ohio Bobcats,defense,RCB,3,Ronald Jackson Jr.,GR/TR,21,73066
Ohio Bobcats,defense,NB,1,Eli Thompson,RS-JR/TR,7,183517
Ohio Bobcats,defense,NB,2,Tony Mathis,RS-SO,6,170531
Ohio Bobcats,special_teams,PT,1,Magnus Haines,GR/TR,42,158040
Ohio Bobcats,special_teams,PT,2,Kolten Bartels,RS-FR,90,175913
Ohio Bobcats,special_teams,PT,3,Owen Schaadt,FR,93,183513
Ohio Bobcats,special_teams,PK,1,Will Hryszko,GR/TR,47,158804
Ohio Bobcats,special_teams,PK,2,Brack Peacock,RS-JR/TR,43,178731
Ohio Bobcats,special_teams,PK,3,Owen Schaadt,FR,93,183513
Ohio Bobcats,special_teams,KO,1,Will Hryszko,GR/TR,47,158804
Ohio Bobcats,special_teams,KO,2,Brack Peacock,RS-JR/TR,43,178731
Ohio Bobcats,special_teams,KO,3,Owen Schaadt,FR,93,183513
Ohio Bobcats,special_teams,LS,1,Nick Hemer,RS-SR/TR,46,158533
Ohio Bobcats,special_teams,LS,2,Ethan Najm,FR,83,183507
Ohio Bobcats,special_teams,H,1,Magnus Haines,GR/TR,42,158040
Ohio Bobcats,special_teams,H,2,Kolten Bartels,RS-FR,90,175913
Ohio Bobcats,special_teams,PR,1,Max Rodarte,GR/TR,3,170520
Ohio Bobcats,special_teams,PR,2,Darren James-Hamilton,RS-JR/TR,4,183500
Ohio Bobcats,special_teams,KR,1,Duncan Brune,JR,6,170510
Ohio Bobcats,special_teams,KR,2,Darren James-Hamilton,RS-JR/TR,4,183500
Ohio State Buckeyes,offense,WR-X,1,Chris Henry Jr.,FR,15,178928
Ohio State Buckeyes,offense,WR-X,2,Brock Boyd,FR,11,178920
Ohio State Buckeyes,offense,WR-X,3,Phillip Bell,RS-FR,7,173907
Ohio State Buckeyes,offense,WR-X,4,David Adolph,RS-SR,82,157300
Ohio State Buckeyes,offense,WR-Z,1,Jeremiah Smith,JR,4,167694
Ohio State Buckeyes,offense,WR-Z,2,Devin McCuin,SR/TR,3,166559
Ohio State Buckeyes,offense,WR-Z,3,Jerquaden Guilford,FR,6,178927
Ohio State Buckeyes,offense,WR-SL,1,Brandon Inniss,SR,1,159952
Ohio State Buckeyes,offense,WR-SL,2,Kyle Parker,RS-JR/TR,5,162933
Ohio State Buckeyes,offense,WR-SL,3,De'Zie Jones,RS-FR,8,173912
Ohio State Buckeyes,offense,LT,1,Ian Moore,RS-SO,69,167693
Ohio State Buckeyes,offense,LT,2,Sam Greer,FR,77,178926
Ohio State Buckeyes,offense,LG,1,Luke Montgomery,SR,51,159953
Ohio State Buckeyes,offense,LG,2,Jake Cook,RS-FR,76,173929
Ohio State Buckeyes,offense,C,1,Carson Hinzman,RS-SR,75,152722
Ohio State Buckeyes,offense,C,2,Joshua Padilla,RS-JR,62,161022
Ohio State Buckeyes,offense,RG,1,Austin Siereveld,RS-JR,67,161026
Ohio State Buckeyes,offense,RG,2,Gabe VanSickle,RS-SO,58,167689
Ohio State Buckeyes,offense,RT,1,Phillip Daniels,RS-JR/TR,70,160523
Ohio State Buckeyes,offense,RT,2,Carter Lowe,RS-FR,74,173914
Ohio State Buckeyes,offense,RT,3,Deontae Armstrong,RS-SO,72,167675
Ohio State Buckeyes,offense,TE,1,Nate Roberts,SO,83,173920
Ohio State Buckeyes,offense,TE,2,Hunter Welcing,GR/TR,84,139899
Ohio State Buckeyes,offense,TE,3,Mason Williams,RS-JR/TR,86,164419
Ohio State Buckeyes,offense,TE,4,Bennett Christian,RS-SR,85,153728
Ohio State Buckeyes,offense,QB,1,Julian Sayin,RS-SO,10,167700
Ohio State Buckeyes,offense,QB,2,Tavien St. Clair,RS-FR,9,173925
Ohio State Buckeyes,offense,QB,3,Justyn Martin,RS-SR/TR,16,153569
Ohio State Buckeyes,offense,QB,4,Luke Fahey,FR,13,178924
Ohio State Buckeyes,offense,RB,1,Bo Jackson,SO,25,173930
Ohio State Buckeyes,offense,RB,2,Isaiah West,SO,32,173928
Ohio State Buckeyes,offense,RB,3,Ja'Kobi Jackson,RS-SR/TR,24,165228
Ohio State Buckeyes,offense,RB,4,Legend Bey,FR,2,178918
Ohio State Buckeyes,defense,LDE,1,Kenyatta Jackson Jr.,RS-SR,2,157307
Ohio State Buckeyes,defense,LDE,2,Zion Grady,SO,9,173910
Ohio State Buckeyes,defense,LDE,3,Khary Wilder,FR,34,178944
Ohio State Buckeyes,defense,NT,1,John Walker,RS-JR/TR,55,162993
Ohio State Buckeyes,defense,NT,2,Will Smith Jr.,RS-JR,53,161028
Ohio State Buckeyes,defense,NT,3,Jason Moore,RS-JR,94,161032
Ohio State Buckeyes,defense,DT,1,James Smith,SR/TR,3,159843
Ohio State Buckeyes,defense,DT,2,Eddrick Houston,JR,96,167678
Ohio State Buckeyes,defense,RDE,1,Beau Atkinson,RS-SR/TR,12,153386
Ohio State Buckeyes,defense,RDE,2,Qua Russaw,RS-JR/TR,4,159847
Ohio State Buckeyes,defense,RDE,3,Epi Sitanilei,RS-FR,44,173924
Ohio State Buckeyes,defense,WLB,1,Christian Alliegro,SR/TR,14,165691
Ohio State Buckeyes,defense,WLB,2,Riley Pettijohn,SO,5,173918
Ohio State Buckeyes,defense,WLB,3,Cincere Johnson,FR,20,178929
Ohio State Buckeyes,defense,WLB,4,Braxton Rembert,FR,41,178935
Ohio State Buckeyes,defense,MLB,1,Payton Pierce,JR,26,167685
Ohio State Buckeyes,defense,MLB,2,Tarvos Alford,SO,17,173906
Ohio State Buckeyes,defense,MLB,3,Garrett Stover,JR,23,167688
Ohio State Buckeyes,defense,MLB,4,Eli Lee,RS-FR,33,173931
Ohio State Buckeyes,defense,LCB,1,Jermaine Mathews Jr.,SR,7,159958
Ohio State Buckeyes,defense,LCB,2,Cam Calhoun,RS-JR/TR,18,80170
Ohio State Buckeyes,defense,LCB,3,Jay Timmons,FR,25,178943
Ohio State Buckeyes,defense,SS,1,Jaylen McClain,JR,8,167681
Ohio State Buckeyes,defense,SS,2,Blaine Bradford,FR,16,178921
Ohio State Buckeyes,defense,FS,1,Terry Moore,RS-SR/TR,11,153959
Ohio State Buckeyes,defense,FS,2,Leroy Roker III,RS-SO,10,172295
Ohio State Buckeyes,defense,FS,3,Khmari Bing,FR,30,178919
Ohio State Buckeyes,defense,RCB,1,Devin Sanchez,SO,6,173923
Ohio State Buckeyes,defense,RCB,2,Dominick Kelly,SO/TR,24,175637
Ohio State Buckeyes,defense,RCB,3,Jordan Thomas,FR,15,178942
Ohio State Buckeyes,defense,NB,1,Earl Little Jr.,RS-SR/TR,1,168169
Ohio State Buckeyes,defense,NB,2,Miles Lockhart,RS-SO,13,167680
Ohio State Buckeyes,special_teams,PT,1,Joe McGuire,RS-JR,42,166966
Ohio State Buckeyes,special_teams,PT,2,Brady Young,RS-SR/TR,93,148415
Ohio State Buckeyes,special_teams,PK,1,Connor Hawkins,RS-SO/TR,96,173079
Ohio State Buckeyes,special_teams,PK,2,Cooper Peterson,FR,92,178933
Ohio State Buckeyes,special_teams,KO,1,Connor Hawkins,RS-SO/TR,96,173079
Ohio State Buckeyes,special_teams,KO,2,Cooper Peterson,FR,92,178933
Ohio State Buckeyes,special_teams,LS,1,Dalton Riggs,RS-SR/TR,48,154447
Ohio State Buckeyes,special_teams,LS,2,Landon Beal,RS-SO/TR,61,181141
Ohio State Buckeyes,special_teams,H,1,Joe McGuire,RS-JR,42,166966
Ohio State Buckeyes,special_teams,H,2,Brady Young,RS-SR/TR,93,148415
Ohio State Buckeyes,special_teams,PR,1,Brandon Inniss,SR,1,159952
Ohio State Buckeyes,special_teams,KR,1,Brandon Inniss,SR,1,159952
Oklahoma Sooners,offense,WR-X,1,Trell Harris,RS-SR/TR,11,168689
Oklahoma Sooners,offense,WR-X,2,Elijah Thomas,SO,14,174181
Oklahoma Sooners,offense,WR-X,3,Jer'Michael Carter,RS-JR/TR,5,176536
Oklahoma Sooners,offense,WR-X,4,Ivan Carreon,JR,82,169303
Oklahoma Sooners,offense,WR-Z,1,Parker Livingstone,RS-SO/TR,3,169286
Oklahoma Sooners,offense,WR-Z,2,Mackenzie Alleyne,RS-SO/TR,17,173140
Oklahoma Sooners,offense,WR-Z,3,Manny Choice,SO,0,174182
Oklahoma Sooners,offense,WR-H,1,Isaiah Sategna III,RS-SR/TR,1,153351
Oklahoma Sooners,offense,WR-H,2,Jacob Jordan,JR,7,169308
Oklahoma Sooners,offense,WR-H,3,Jahsiear Rogers,FR,2,179864
Oklahoma Sooners,offense,LT,1,Michael Fasusi,SO,56,174183
Oklahoma Sooners,offense,LT,2,Peyton Joseph,SO/TR,71,173947
Oklahoma Sooners,offense,LG,1,Eddy Pierre-Louis,RS-SO,55,170762
Oklahoma Sooners,offense,LG,2,Daniel Akinkunmi,RS-SO,75,169298
Oklahoma Sooners,offense,C,1,Ryan Fodje,SO,70,174184
Oklahoma Sooners,offense,C,2,Caleb Nitta,RS-JR/TR,60,163236
Oklahoma Sooners,offense,RG,1,Heath Ozaeta,RS-JR,77,160266
Oklahoma Sooners,offense,RG,2,Noah Best,FR,52,179847
Oklahoma Sooners,offense,RT,1,E'Marion Harris,RS-SR/TR,76,153355
Oklahoma Sooners,offense,RT,2,Fred Hinton,JR/TR,72,179817
Oklahoma Sooners,offense,TE,1,Hayden Hansen,RS-SR/TR,89,156009
Oklahoma Sooners,offense,TE,2,Rocky Beers,RS-SR/TR,81,166137
Oklahoma Sooners,offense,TE,3,Jack Van Dorselaer,SO/TR,88,175799
Oklahoma Sooners,offense,QB,1,John Mateer,RS-SR/TR,10,156673
Oklahoma Sooners,offense,QB,2,Whitt Newbauer,JR/TR,16,177472
Oklahoma Sooners,offense,QB,3,Bowe Bentley,FR,8,179846
Oklahoma Sooners,offense,RB,1,Xavier Robinson,JR,21,169314
Oklahoma Sooners,offense,RB,2,Tory Blaylock,SO,6,175709
Oklahoma Sooners,offense,RB,3,Lloyd Avant,JR/TR,9,169760
Oklahoma Sooners,offense,RB,4,Jonathan Hatton Jr.,FR,20,179852
Oklahoma Sooners,offense,RB,5,DeZephen Walker,FR,28,179868
Oklahoma Sooners,defense,LDE,1,Taylor Wein,RS-JR,44,160274
Oklahoma Sooners,defense,LDE,2,Kenny Ozowalu,RS-SO/TR,94,173219
Oklahoma Sooners,defense,LDE,3,Wyatt Gilmore,RS-SO,42,169305
Oklahoma Sooners,defense,NT,1,Jayden Jackson,JR,65,169319
Oklahoma Sooners,defense,NT,2,Trent Wilson,RS-FR,90,175718
Oklahoma Sooners,defense,DT,1,David Stone,JR,0,169317
Oklahoma Sooners,defense,DT,2,Bishop Thomas,RS-SR/TR,8,163518
Oklahoma Sooners,defense,DT,3,Nigel Smith II,RS-SO,6,169316
Oklahoma Sooners,defense,RDE,1,Adepoju Adebawore,SR,34,160250
Oklahoma Sooners,defense,RDE,2,Danny Okoye,RS-SO,16,169312
Oklahoma Sooners,defense,RDE,3,Jake Kreul,FR,98,179856
Oklahoma Sooners,defense,WLB,1,Kip Lewis,RS-SR,10,153005
Oklahoma Sooners,defense,WLB,2,Cole Sullivan,RS-SO/TR,18,169190
Oklahoma Sooners,defense,WLB,3,Taylor Heim,RS-JR,7,165069
Oklahoma Sooners,defense,MLB,1,Owen Heinecke,RS-SR/TR,38,157430
Oklahoma Sooners,defense,MLB,2,James Nesta,RS-SO,47,169311
Oklahoma Sooners,defense,MLB,3,Marcus James,RS-FR,28,177471
Oklahoma Sooners,defense,CHEET,1,Reggie Powers III,JR,3,169313
Oklahoma Sooners,defense,CHEET,2,Jeremiah Newcombe,RS-SO,21,171336
Oklahoma Sooners,defense,LCB,1,Courtland Guillory,SO,4,174186
Oklahoma Sooners,defense,LCB,2,Jacobe Johnson,SR,24,160259
Oklahoma Sooners,defense,LCB,3,Dakoda Fields,RS-SO/TR,9,169439
Oklahoma Sooners,defense,SS,1,Peyton Bowen,SR,22,160253
Oklahoma Sooners,defense,SS,2,Omarion Robinson,SO,2,175714
Oklahoma Sooners,defense,FS,1,Michael Boganowski,JR,25,169300
Oklahoma Sooners,defense,FS,2,Markel Ford,FR,5,179850
Oklahoma Sooners,defense,RCB,1,Eli Bowen,JR,23,169301
Oklahoma Sooners,defense,RCB,2,Trystan Haynes,RS-FR,14,174188
Oklahoma Sooners,defense,RCB,3,Prince Ijioma,JR/TR,37,179818
Oklahoma Sooners,special_teams,PT,1,Grayson Miller,RS-SR/TR,43,175720
Oklahoma Sooners,special_teams,PT,2,Jacob Ulrich,RS-JR/TR,87,170876
Oklahoma Sooners,special_teams,PK,1,Tate Sandell,RS-SR/TR,29,157774
Oklahoma Sooners,special_teams,PK,2,Liam Evans,RS-SO,35,169304
Oklahoma Sooners,special_teams,PK,3,Preston Tarpley,RS-FR,33,177473
Oklahoma Sooners,special_teams,KO,1,Tate Sandell,RS-SR/TR,29,157774
Oklahoma Sooners,special_teams,KO,2,Liam Evans,RS-SO,35,169304
Oklahoma Sooners,special_teams,KO,3,Preston Tarpley,RS-FR,33,177473
Oklahoma Sooners,special_teams,LS,1,Ben Anderson,RS-SR,49,157425
Oklahoma Sooners,special_teams,LS,2,Seth Freeman,RS-FR,50,174185
Oklahoma Sooners,special_teams,H,1,Jacob Ulrich,RS-JR/TR,87,170876
Oklahoma Sooners,special_teams,H,2,John Mateer,RS-SR/TR,10,156673
Oklahoma Sooners,special_teams,H,3,Grayson Miller,RS-SR/TR,43,175720
Oklahoma Sooners,special_teams,PR,1,Isaiah Sategna III,RS-SR/TR,1,153351
Oklahoma Sooners,special_teams,PR,2,Jahsiear Rogers,FR,2,179864
Oklahoma Sooners,special_teams,PR,3,Peyton Bowen,SR,22,160253
Oklahoma Sooners,special_teams,PR,4,Jacob Jordan,JR,7,169308
Oklahoma Sooners,special_teams,KR,1,Lloyd Avant,JR/TR,9,169760
Oklahoma Sooners,special_teams,KR,2,Jahsiear Rogers,FR,2,179864
Oklahoma State Cowboys,offense,WR-X,1,Justin Bowick,RS-SR/TR,0,170394
Oklahoma State Cowboys,offense,WR-X,2,Terrence Lewis,SO/TR,18,177756
Oklahoma State Cowboys,offense,WR-X,3,Rodney Harris II,RS-SR/TR,11,156195
Oklahoma State Cowboys,offense,WR-Z,1,Wyatt Young,JR/TR,10,170603
Oklahoma State Cowboys,offense,WR-Z,2,Dayvon Standard,FR,19,183717
Oklahoma State Cowboys,offense,WR-Z,3,Israel Polk,RS-JR/TR,5,162040
Oklahoma State Cowboys,offense,WR-SL,1,Chris Barnes,RS-SO/TR,2,173164
Oklahoma State Cowboys,offense,WR-SL,2,Miles Coleman,JR/TR,1,170575
Oklahoma State Cowboys,offense,WR-SL,3,Janí Weir,RS-JR/TR,80,180664
Oklahoma State Cowboys,offense,LT,1,Jacob Sexton,RS-SR/TR,79,153011
Oklahoma State Cowboys,offense,LT,2,Braydon Nelson,JR/TR,67,170591
Oklahoma State Cowboys,offense,LG,1,Joseph Hanson,SR/TR,68,166792
Oklahoma State Cowboys,offense,LG,2,Desmond Magiya,RS-JR/TR,76,166269
Oklahoma State Cowboys,offense,C,1,Tyler Mercer,RS-SO/TR,56,169588
Oklahoma State Cowboys,offense,C,2,Jakobe Sanders,RS-JR,75,162365
Oklahoma State Cowboys,offense,RG,1,Johnny Dickson III,RS-SR/TR,54,80433
Oklahoma State Cowboys,offense,RG,2,Louie Canepa,RS-SR/TR,66,156089
Oklahoma State Cowboys,offense,RT,1,Shaun Torgeson,RS-SO/TR,70,180661
Oklahoma State Cowboys,offense,RT,2,Ashton Lepo,RS-SR/TR,77,157327
Oklahoma State Cowboys,offense,RT,3,Kai Holec,RS-SO/TR,78,171187
Oklahoma State Cowboys,offense,TE,1,Carson Kolb,RS-SO/TR,44,173172
Oklahoma State Cowboys,offense,TE,2,Donovan Green,RS-SR/TR,81,153035
Oklahoma State Cowboys,offense,TE,3,Oscar Hammond,RS-SR/TR,23,169582
Oklahoma State Cowboys,offense,QB,1,Drew Mestemaker,RS-SO/TR,17,170590
Oklahoma State Cowboys,offense,QB,2,Grant Jordan,RS-SR/TR,9,175705
Oklahoma State Cowboys,offense,QB,3,Broderick Vehrs,FR,8,180662
Oklahoma State Cowboys,offense,RB,1,Caleb Hawkins,SO/TR,24,177754
Oklahoma State Cowboys,offense,RB,2,Ayo Adeyi,RS-SR/TR,25,80293
Oklahoma State Cowboys,offense,RB,3,Tre Page III,RS-SO/TR,6,180652
Oklahoma State Cowboys,defense,LDE,1,Jaleel Johnson,RS-SR,95,156230
Oklahoma State Cowboys,defense,LDE,2,Malik Charles,RS-SR/TR,0,174362
Oklahoma State Cowboys,defense,LDE,3,DeSean Brown,RS-SR,87,156210
Oklahoma State Cowboys,defense,LDE,4,Carl'veon Young,RS-FR,38,176873
Oklahoma State Cowboys,defense,NT,1,Saadiq Clements,RS-JR/TR,5,160725
Oklahoma State Cowboys,defense,NT,2,Iman Oates,RS-SR/TR,99,162364
Oklahoma State Cowboys,defense,NT,3,Fatafehi Vailea II,RS-SR/TR,15,148944
Oklahoma State Cowboys,defense,NT,4,Dominic Macon,RS-FR/TR,93,174327
Oklahoma State Cowboys,defense,DT,1,Jerry Lawson,SR/TR,92,174636
Oklahoma State Cowboys,defense,DT,2,Savion Barthelemy,FR,90,183708
Oklahoma State Cowboys,defense,DT,3,Enai White,RS-SR/TR,45,153053
Oklahoma State Cowboys,defense,DT,4,Braylon Rigsby,RS-JR/TR,94,161359
Oklahoma State Cowboys,defense,RDE,1,James Williams,RS-SR/TR,10,165750
Oklahoma State Cowboys,defense,RDE,2,Keviyan Huddleston,RS-JR/TR,11,160619
Oklahoma State Cowboys,defense,RDE,3,Billy Walton III,RS-JR/TR,31,160437
Oklahoma State Cowboys,defense,WLB,1,Ethan Wesloski,RS-SR/TR,32,156176
Oklahoma State Cowboys,defense,WLB,2,Tate Romney,RS-SR/TR,3,160324
Oklahoma State Cowboys,defense,WLB,3,Jack Puckett,RS-SR/TR,33,180655
Oklahoma State Cowboys,defense,MLB,1,Isaiah Chisom,RS-JR/TR,2,160229
Oklahoma State Cowboys,defense,MLB,2,Dallas Winner-Johnson,RS-JR/TR,16,174915
Oklahoma State Cowboys,defense,MLB,3,Trip White,RS-SR/TR,30,153215
Oklahoma State Cowboys,defense,LCB,1,LaDainian Fields,RS-SO,9,171346
Oklahoma State Cowboys,defense,LCB,2,Kollin Lewis,RS-JR/TR,8,166267
Oklahoma State Cowboys,defense,LCB,3,Trudell Berry,RS-SR/TR,13,153377
Oklahoma State Cowboys,defense,SS,1,Evan Jackson,SR/TR,1,166282
Oklahoma State Cowboys,defense,SS,2,Cameron Epps,RS-SR,12,156212
Oklahoma State Cowboys,defense,SS,3,Harrison Dempsey,RS-SR/TR,47,166253
Oklahoma State Cowboys,defense,FS,1,Quinton Hammonds,JR/TR,7,170585
Oklahoma State Cowboys,defense,FS,2,Mose Phillips III,SR/TR,18,160164
Oklahoma State Cowboys,defense,RCB,1,Mo Horn,RS-SR/TR,4,156516
Oklahoma State Cowboys,defense,RCB,2,Kobi Foreman,SO,22,174365
Oklahoma State Cowboys,defense,RCB,3,Jeremiah Piper,RS-SR/TR,39,79748
Oklahoma State Cowboys,defense,NB,1,Christian Bodnar,RS-JR/TR,6,165612
Oklahoma State Cowboys,defense,NB,2,Vincent Holmes,RS-JR/TR,27,168113
Oklahoma State Cowboys,special_teams,PT,1,Lachie Pozzobon,SO/TR,37,180653
Oklahoma State Cowboys,special_teams,PT,2,Nate Ost,RS-SR/TR,85,180651
Oklahoma State Cowboys,special_teams,PK,1,Sam Keltner,RS-SO/TR,16,171607
Oklahoma State Cowboys,special_teams,PK,2,Joseph Kim,RS-JR/TR,49,167396
Oklahoma State Cowboys,special_teams,KO,1,Sam Keltner,RS-SO/TR,16,171607
Oklahoma State Cowboys,special_teams,KO,2,Joseph Kim,RS-JR/TR,49,167396
Oklahoma State Cowboys,special_teams,LS,1,Caden Yates,RS-JR/TR,42,166281
Oklahoma State Cowboys,special_teams,LS,2,Nolan Akins,RS-FR/TR,48,176238
Oklahoma State Cowboys,special_teams,H,1,Nate Ost,RS-SR/TR,85,180651
Oklahoma State Cowboys,special_teams,H,2,Lachie Pozzobon,SO/TR,37,180653
Oklahoma State Cowboys,special_teams,PR,1,Miles Coleman,JR/TR,1,170575
Oklahoma State Cowboys,special_teams,PR,2,Chris Barnes,RS-SO/TR,2,173164
Oklahoma State Cowboys,special_teams,PR,3,Kobi Foreman,SO,22,174365
Oklahoma State Cowboys,special_teams,KR,1,Chris Barnes,RS-SO/TR,2,173164
Oklahoma State Cowboys,special_teams,KR,2,Miles Coleman,JR/TR,1,170575
Oklahoma State Cowboys,special_teams,KR,3,Kobi Foreman,SO,22,174365
Old Dominion Monarchs,offense,WR-X,1,Sidney Mbanasor,RS-SR/TR,17,156622
Old Dominion Monarchs,offense,WR-X,2,JJ Harrell,RS-SO/TR,1,169217
Old Dominion Monarchs,offense,WR-X,3,Zialis Blackmon,FR,14,183048
Old Dominion Monarchs,offense,WR-Z,1,Kendall Harris,RS-JR/TR,7,183057
Old Dominion Monarchs,offense,WR-Z,2,TJ Johnson,SR/TR,11,175604
Old Dominion Monarchs,offense,WR-SL,1,Zion Agnew,RS-JR/TR,0,79323
Old Dominion Monarchs,offense,WR-SL,2,BJ Bedgood,FR,12,183045
Old Dominion Monarchs,offense,LT,1,Raykwon Goldthwaite,RS-SR/TR,79,183053
Old Dominion Monarchs,offense,LG,1,Bubba Craig,JR/TR,76,175300
Old Dominion Monarchs,offense,LG,2,Omar Bender,JR/TR,56,183046
Old Dominion Monarchs,offense,C,1,Brayden Walker,RS-SO/TR,50,183074
Old Dominion Monarchs,offense,C,2,Khi'Len Gates,RS-JR/TR,70,183052
Old Dominion Monarchs,offense,RG,1,Logan Cox,RS-JR/TR,69,171386
Old Dominion Monarchs,offense,RG,2,Connor Drake,RS-JR,73,160356
Old Dominion Monarchs,offense,RT,1,Kendrick Hall,JR/TR,72,183056
Old Dominion Monarchs,offense,TE,1,Leon Haughton Jr.,RS-SR/TR,86,152931
Old Dominion Monarchs,offense,TE,2,Lonnie Johnson,RS-JR/TR,13,162518
Old Dominion Monarchs,offense,TE,3,Karl Peterson,RS-JR/TR,88,178230
Old Dominion Monarchs,offense,TE,4,Chris Warren,RS-FR,80,175607
Old Dominion Monarchs,offense,TE,5,Nathan Hartman,RS-JR/TR,89,173385
Old Dominion Monarchs,offense,QB,1,Quinn Henicle,JR,10,170312
Old Dominion Monarchs,offense,QB,2,Jaxon Potter,RS-JR/TR,2,161051
Old Dominion Monarchs,offense,QB,3,Ryan Huff,RS-FR,4,175606
Old Dominion Monarchs,offense,RB,1,Devin Roche,RS-JR,3,160360
Old Dominion Monarchs,offense,RB,2,Maurki James,RS-SO,5,172626
Old Dominion Monarchs,offense,RB,3,Trey Hall,RS-JR/TR,6,173882
Old Dominion Monarchs,offense,RB,4,CJ Jackson III,FR,20,183060
Old Dominion Monarchs,offense,RB,5,Ja'Varien Salter,SR/TR,26,183071
Old Dominion Monarchs,defense,LDE,1,Javen Gibson,SR/TR,4,175589
Old Dominion Monarchs,defense,LDE,2,LeDarrion Menter,RS-FR,97,175595
Old Dominion Monarchs,defense,NT,1,DeAndre Lynch,RS-JR,9,164732
Old Dominion Monarchs,defense,NT,2,Bucci Farmer,RS-SO/TR,44,172171
Old Dominion Monarchs,defense,RDE,1,Chris Forbes,RS-SO,90,172630
Old Dominion Monarchs,defense,WLB,1,Mario Thompson,SR,0,160361
Old Dominion Monarchs,defense,MLB,1,Koa Naotala,RS-SR,10,158166
Old Dominion Monarchs,defense,SLB,1,Jackson Forrest,SO,18,175588
Old Dominion Monarchs,defense,LCB,1,Brandon Crutchfield,JR,5,172620
Old Dominion Monarchs,defense,LCB,2,Jivan Baly,RS-SO/TR,20,168207
Old Dominion Monarchs,defense,SS,1,Mario Easterly,RS-SR,3,156255
Old Dominion Monarchs,defense,FS,1,Lucas Struck,RS-JR/TR,19,175599
Old Dominion Monarchs,defense,FS,2,Ryan Ramey,RS-JR,7,164258
Old Dominion Monarchs,defense,RCB,1,Zion Frink,RS-JR,1,160344
Old Dominion Monarchs,defense,RCB,2,Jorian Haynes,JR/TR,23,175591
Old Dominion Monarchs,defense,NB,1,Daevon Iles,JR,2,172625
Old Dominion Monarchs,special_teams,PT,1,Ian Brandt,RS-JR,96,166630
Old Dominion Monarchs,special_teams,PT,2,Mikhail Iakovlev,JR/TR,97,178226
Old Dominion Monarchs,special_teams,PK,1,Nathanial Eichner,RS-SR/TR,93,164729
Old Dominion Monarchs,special_teams,KO,1,Nathanial Eichner,RS-SR/TR,93,164729
Old Dominion Monarchs,special_teams,LS,1,Brendan Durkin,RS-SR/TR,30,162201
Old Dominion Monarchs,special_teams,LS,2,Ashten Dunman,RS-FR,47,178219
Old Dominion Monarchs,special_teams,H,1,Ian Brandt,RS-JR,96,166630
Old Dominion Monarchs,special_teams,PR,1,Devin Roche,RS-JR,3,160360
Old Dominion Monarchs,special_teams,KR,1,Maurki James,RS-SO,5,172626
Old Dominion Monarchs,special_teams,KR,2,Mario Easterly,RS-SR,3,156255
Oregon Ducks,offense,WR-X,1,Jeremiah McClellan,RS-SO,3,169448
Oregon Ducks,offense,WR-X,2,Jalen Lott,FR,10,179140
Oregon Ducks,offense,WR-X,3,Gatlin Bair,FR,13,179148
Oregon Ducks,offense,WR-Z,1,Dakorien Moore,SO,1,174045
Oregon Ducks,offense,WR-Z,2,Dillon Gresham,RS-SO,80,169442
Oregon Ducks,offense,WR-Z,3,Messiah Hampton,FR,15,179129
Oregon Ducks,offense,WR-SL,1,Evan Stewart,RS-SR/TR,7,79389
Oregon Ducks,offense,WR-SL,2,Iverson Hooks,RS-SR/TR,2,160718
Oregon Ducks,offense,WR-SL,3,Jack Ressler,RS-SO,88,169455
Oregon Ducks,offense,LT,1,Fox Crader,RS-SO,59,171538
Oregon Ducks,offense,LT,2,Immanuel Iheanacho,FR,79,179133
Oregon Ducks,offense,LT,3,Zac Stascausky,RS-FR,57,174052
Oregon Ducks,offense,LG,1,Kawika Rogers,RS-SR,73,153656
Oregon Ducks,offense,LG,2,Douglas Utu,RS-FR,55,174053
Oregon Ducks,offense,LG,3,Trent Ferguson,RS-SO,56,170293
Oregon Ducks,offense,C,1,Iapani Laloulu,SR,72,159923
Oregon Ducks,offense,C,2,Devin Brooks,RS-SO,53,171536
Oregon Ducks,offense,C,3,Koloi Keli,FR,70,179137
Oregon Ducks,offense,C,4,Bryce Boulton,RS-JR,66,159912
Oregon Ducks,offense,RG,1,Dave Iuli,RS-SR,74,153655
Oregon Ducks,offense,RG,2,Tommy Tofi,FR,77,179145
Oregon Ducks,offense,RG,3,Demetri Manning,RS-FR,50,174043
Oregon Ducks,offense,RT,1,Gernorris Wilson,RS-JR,78,159938
Oregon Ducks,offense,RT,2,Ziyare Addison,RS-FR,58,174036
Oregon Ducks,offense,RT,3,Michael Bennett III,RS-SR/TR,75,179112
Oregon Ducks,offense,TE,1,Jamari Johnson,RS-JR/TR,9,160735
Oregon Ducks,offense,TE,2,Markus Dixon,RS-JR/TR,17,160292
Oregon Ducks,offense,TE,3,Kendre Harrison,FR,18,179130
Oregon Ducks,offense,TE,4,Andrew Olesh,RS-FR/TR,19,174003
Oregon Ducks,offense,TE,5,A.J. Pugliano,RS-SO,87,169454
Oregon Ducks,offense,QB,1,Dante Moore,RS-JR/TR,5,78993
Oregon Ducks,offense,QB,2,Dylan Raiola,JR/TR,8,167764
Oregon Ducks,offense,QB,3,Brock Thomas,RS-JR,12,165916
Oregon Ducks,offense,QB,4,Akili Smith Jr.,RS-FR,11,174051
Oregon Ducks,offense,RB,1,Jordon Davison,SO,0,174038
Oregon Ducks,offense,RB,2,Dierre Hill Jr.,SO,6,174041
Oregon Ducks,offense,RB,3,Simeon Price,RS-SR/TR,22,78456
Oregon Ducks,offense,RB,4,Da'Jaun Riggs,RS-SO,21,171540
Oregon Ducks,offense,RB,5,Brandon Smith,FR,26,179143
Oregon Ducks,defense,DE,1,Matayo Uiagalelei,SR,10,159936
Oregon Ducks,defense,DE,2,Elijah Rushing,RS-SO,47,169456
Oregon Ducks,defense,DE,3,Anthony Jones Jr.,FR,28,179136
Oregon Ducks,defense,NT,1,Bear Alexander,RS-SR/TR,1,163557
Oregon Ducks,defense,NT,2,D'Antre Robinson,JR/TR,0,168011
Oregon Ducks,defense,NT,3,Jerome Simmons,RS-SR/TR,99,171133
Oregon Ducks,defense,DT,1,A'Mauri Washington,SR,52,159937
Oregon Ducks,defense,DT,2,Matthew Johnson,RS-FR,55,174055
Oregon Ducks,defense,DT,3,Aydin Breland,RS-SO,42,169438
Oregon Ducks,defense,DT,4,Derrick Brown Jr.,RS-SR/TR,91,179149
Oregon Ducks,defense,JACK,1,Teitum Tuioti,SR,44,159935
Oregon Ducks,defense,JACK,2,Nasir Wyatt,SO,31,174054
Oregon Ducks,defense,JACK,3,Bleu Dantzler,RS-FR/TR,27,175857
Oregon Ducks,defense,JACK,4,Dutch Horisk,FR,41,179132
Oregon Ducks,defense,MAC,1,Jerry Mixon,SR,6,159927
Oregon Ducks,defense,MAC,2,Dylan Williams,RS-SO,11,171541
Oregon Ducks,defense,MAC,3,Brayden Platt,RS-SO,23,169453
Oregon Ducks,defense,MONEY,1,Devon Jackson,RS-SR,9,153662
Oregon Ducks,defense,MONEY,2,Gavin Nix,SO,13,174046
Oregon Ducks,defense,LCB,1,Ify Obidegwu,RS-SO,7,171539
Oregon Ducks,defense,LCB,2,Aaron Scott Jr.,RS-SO/TR,14,167687
Oregon Ducks,defense,LCB,3,Tre Watson,JR/TR,17,179147
Oregon Ducks,defense,SS,1,Koi Perich,JR/TR,3,170332
Oregon Ducks,defense,SS,2,Jett Washington,FR,24,179146
Oregon Ducks,defense,SS,3,Trey McNutt,RS-FR,8,174044
Oregon Ducks,defense,FS,1,Aaron Flowers,RS-SO,21,169440
Oregon Ducks,defense,FS,2,Peyton Woodyard,JR,12,167945
Oregon Ducks,defense,FS,3,Devin Jackson,FR,22,179134
Oregon Ducks,defense,RCB,1,Brandon Finney Jr.,SO,4,174039
Oregon Ducks,defense,RCB,2,Na'eem Offord,SO,2,174047
Oregon Ducks,defense,RCB,3,Dorian Brew,RS-FR,18,174037
Oregon Ducks,defense,NB,1,Carl Williams IV,RS-JR/TR,15,162408
Oregon Ducks,defense,NB,2,Davon Benjamin,FR,5,179127
Oregon Ducks,special_teams,PT,1,Bailey Ettridge,SO/TR,39,176285
Oregon Ducks,special_teams,PK,1,Gage Hurych,RS-SO,97,170294
Oregon Ducks,special_teams,PK,2,Keaton Emmett,JR/TR,35,175732
Oregon Ducks,special_teams,PK,3,Rocco Graziano,RS-FR,25,178428
Oregon Ducks,special_teams,KO,1,Gage Hurych,RS-SO,97,170294
Oregon Ducks,special_teams,KO,2,Keaton Emmett,JR/TR,35,175732
Oregon Ducks,special_teams,KO,3,Rocco Graziano,RS-FR,25,178428
Oregon Ducks,special_teams,LS,1,RJ Todd,RS-SR/TR,71,158600
Oregon Ducks,special_teams,LS,2,Thomas Donkerbrook,FR,64,181138
Oregon Ducks,special_teams,H,1,Bailey Ettridge,SO/TR,39,176285
Oregon Ducks,special_teams,PR,1,Dakorien Moore,SO,1,174045
Oregon Ducks,special_teams,KR,1,Dierre Hill Jr.,SO,6,174041
Oregon Ducks,special_teams,KR,2,Jordon Davison,SO,0,174038
Oregon State Beavers,offense,WR-X,1,Eddie Freauff,RS-SO,14,173168
Oregon State Beavers,offense,WR-X,2,Karson Boschma,RS-SR/TR,5,162378
Oregon State Beavers,offense,WR-X,3,Cynai Thomas,FR,16,180566
Oregon State Beavers,offense,WR-Z,1,Xayvion Noland,RS-JR/TR,4,166653
Oregon State Beavers,offense,WR-Z,2,Jesse Legree,FR,12,180557
Oregon State Beavers,offense,WR-Z,3,Malachi Durant,RS-SO,17,170089
Oregon State Beavers,offense,WR-SL,1,Aaron Butler,RS-SO/TR,0,169278
Oregon State Beavers,offense,WR-SL,2,Aeryn Hampton,RS-SO/TR,7,167932
Oregon State Beavers,offense,WR-SL,3,Jameson Powell,FR,15,180563
Oregon State Beavers,offense,LT,1,Kwan Johnson,RS-SO/TR,69,180554
Oregon State Beavers,offense,LT,2,Jacob Anderson,RS-JR,74,160241
Oregon State Beavers,offense,LG,1,Carter Guillaume,RS-SO/TR,56,174633
Oregon State Beavers,offense,LG,2,Ben Hartman,RS-JR/TR,76,166348
Oregon State Beavers,offense,C,1,Nathan Elu,RS-SR,78,158826
Oregon State Beavers,offense,C,2,Jake Normoyle,RS-FR,61,175859
Oregon State Beavers,offense,RG,1,Tyler Voltin,RS-SR,79,152545
Oregon State Beavers,offense,RG,2,Will Larkins,RS-JR/TR,75,160087
Oregon State Beavers,offense,RT,1,Josiah Timoteo,RS-JR/TR,71,166883
Oregon State Beavers,offense,RT,2,Teko Shoats,JR/TR,50,180565
Oregon State Beavers,offense,TE,1,Eric Olsen,RS-SR/TR,80,180562
Oregon State Beavers,offense,TE,2,DeCorion Temple,RS-SR/TR,8,158737
Oregon State Beavers,offense,TE,3,Gabe Milbourn,RS-SR,82,151226
Oregon State Beavers,offense,TE,4,Jackson Bowers,RS-JR/TR,87,162631
Oregon State Beavers,offense,QB,1,Braden Atkinson,SO/TR,2,180551
Oregon State Beavers,offense,QB,2,Maalik Murphy,RS-SR/TR,6,79089
Oregon State Beavers,offense,QB,3,Brady Jones,SR/TR,10,175926
Oregon State Beavers,offense,QB,4,Isaiah Arriaza,FR,19,180550
Oregon State Beavers,offense,RB,1,Cornell Hatcher Jr.,RS-SO,3,170087
Oregon State Beavers,offense,RB,2,AJ Newberry,RS-JR/TR,23,165317
Oregon State Beavers,offense,RB,3,Kourdey Glass,RS-FR,25,177510
Oregon State Beavers,defense,LDE,1,Takari Hickle,RS-SR,44,158828
Oregon State Beavers,defense,LDE,2,Niklas Fisher,RS-FR,99,177509
Oregon State Beavers,defense,LDE,3,Logan Knapp,RS-FR,10,177512
Oregon State Beavers,defense,NT,1,Tygee Hill,RS-SR/TR,95,79366
Oregon State Beavers,defense,NT,2,Tevita Pome'e,RS-JR/TR,59,79048
Oregon State Beavers,defense,NT,3,Tyler Bailey,JR/TR,97,180569
Oregon State Beavers,defense,DT,1,Jacob Schuster,RS-SR/TR,62,166335
Oregon State Beavers,defense,DT,2,Daniel Matagi,SR/TR,90,180558
Oregon State Beavers,defense,DT,3,Jaylen Hill,RS-FR,91,177519
Oregon State Beavers,defense,RDE,1,Ish Findlayter,RS-JR/TR,17,160153
Oregon State Beavers,defense,RDE,2,Will Haverland,RS-SO,50,173170
Oregon State Beavers,defense,WLB,1,Dylan Layne,RS-SR/TR,1,180556
Oregon State Beavers,defense,WLB,2,Raesjon Davis,RS-SR/TR,9,149196
Oregon State Beavers,defense,WLB,3,Tyree Blake,RS-SR,47,158824
Oregon State Beavers,defense,MLB,1,Aiden Sullivan,RS-SR/TR,2,169465
Oregon State Beavers,defense,MLB,2,Jabari Odoemenem,SR/TR,6,180561
Oregon State Beavers,defense,MLB,3,Kord Shaw,RS-SR,14,158835
Oregon State Beavers,defense,LCB,1,TJ Crandall,RS-JR/TR,4,168449
Oregon State Beavers,defense,LCB,2,Exodus Ayers,RS-SO,23,169461
Oregon State Beavers,defense,LCB,3,Blake Thompson,RS-FR,28,177517
Oregon State Beavers,defense,LCB,4,David Madison,RS-FR,20,177513
Oregon State Beavers,defense,SS,1,RJ Whitten,SO/TR,15,180568
Oregon State Beavers,defense,SS,2,Sean Craig,RS-FR,33,177508
Oregon State Beavers,defense,SS,3,Tyjai Hopper,RS-SO/TR,24,169806
Oregon State Beavers,defense,FS,1,Harlem Howard,RS-JR/TR,0,160232
Oregon State Beavers,defense,FS,2,Kahanu Kalahiki,SO/TR,7,180555
Oregon State Beavers,defense,RCB,1,Trey Glasper,SO,19,174035
Oregon State Beavers,defense,RCB,2,Drake Vickers,RS-SR,36,166345
Oregon State Beavers,defense,RCB,3,Isaiah Houi,JR/TR,22,180553
Oregon State Beavers,defense,NB,1,Sailasa Vadrawale III,RS-JR/TR,8,79694
Oregon State Beavers,defense,NB,2,Noble Thomas Jr.,RS-SR,21,158838
Oregon State Beavers,special_teams,PT,1,AJ Winsor,RS-JR,38,166347
Oregon State Beavers,special_teams,PK,1,Jadyn Oh,RS-JR/TR,98,165901
Oregon State Beavers,special_teams,PK,2,Caleb Ojeda,RS-SR/TR,28,173175
Oregon State Beavers,special_teams,PK,3,Cameron Smith,RS-SO/TR,37,178797
Oregon State Beavers,special_teams,KO,1,Jadyn Oh,RS-JR/TR,98,165901
Oregon State Beavers,special_teams,KO,2,Caleb Ojeda,RS-SR/TR,28,173175
Oregon State Beavers,special_teams,KO,3,Cameron Smith,RS-SO/TR,37,178797
Oregon State Beavers,special_teams,LS,1,Jonathan Zarut,RS-SO/TR,40,171837
Oregon State Beavers,special_teams,LS,2,Tug Sanford,RS-SR/TR,47,180564
Oregon State Beavers,special_teams,H,1,AJ Winsor,RS-JR,38,166347
Oregon State Beavers,special_teams,KR,1,Xayvion Noland,RS-JR/TR,4,166653
Oregon State Beavers,special_teams,KR,2,Cornell Hatcher Jr.,RS-SO,3,170087
Penn State Nittany Lions,offense,WR-X,1,Chase Sowell,RS-SR/TR,0,163819
Penn State Nittany Lions,offense,WR-X,2,Karon Brookins,RS-FR/TR,8,176961
Penn State Nittany Lions,offense,WR-X,3,Peter Gonzalez,RS-SO,7,170644
Penn State Nittany Lions,offense,WR-Z,1,Brett Eskildsen,JR/TR,4,171450
Penn State Nittany Lions,offense,WR-Z,2,Lyrick Samuel,RS-FR,11,174005
Penn State Nittany Lions,offense,WR-Z,3,Amarion Jackson,FR,19,179159
Penn State Nittany Lions,offense,WR-F,1,Koby Howard,SO,6,173997
Penn State Nittany Lions,offense,WR-F,2,Zay Robinson,RS-FR/TR,2,176970
Penn State Nittany Lions,offense,WR-F,3,Keith Jones Jr.,RS-SO/TR,15,179168
Penn State Nittany Lions,offense,LT,1,Malachi Goodman,RS-FR,78,173993
Penn State Nittany Lions,offense,LT,2,Owen Aliciene,RS-FR,77,173986
Penn State Nittany Lions,offense,LT,3,Kuol Kuol II,RS-FR/TR,74,174093
Penn State Nittany Lions,offense,LG,1,Trevor Buhr,RS-JR/TR,70,164557
Penn State Nittany Lions,offense,LG,2,Chimdy Onoh,RS-JR,55,161005
Penn State Nittany Lions,offense,LG,3,Donnie Harbour,RS-SO,79,170645
Penn State Nittany Lions,offense,C,1,Brock Riker,RS-SO/TR,51,172564
Penn State Nittany Lions,offense,C,2,Vaea Ikakoula,RS-FR/TR,54,176968
Penn State Nittany Lions,offense,C,3,Dominic Rulli,RS-SR,52,159048
Penn State Nittany Lions,offense,RG,1,Cooper Cousins,JR,50,167658
Penn State Nittany Lions,offense,RG,2,Will Tompkins,RS-FR/TR,66,174100
Penn State Nittany Lions,offense,RT,1,Anthony Donkoh,RS-JR,68,159873
Penn State Nittany Lions,offense,RT,2,Garrett Sexton,RS-SO,71,167669
Penn State Nittany Lions,offense,TE,1,Andrew Rappleyea,RS-JR,87,161006
Penn State Nittany Lions,offense,TE,2,Benjamin Brahmer,SR/TR,18,163528
Penn State Nittany Lions,offense,TE,3,Gabe Burkle,RS-SR/TR,84,157095
Penn State Nittany Lions,offense,TE,4,Cooper Alexander,RS-SO/TR,80,168652
Penn State Nittany Lions,offense,TE,5,Finn Furmanek,RS-JR,89,165757
Penn State Nittany Lions,offense,QB,1,Rocco Becht,RS-SR/TR,3,153297
Penn State Nittany Lions,offense,QB,2,Alex Manske,RS-FR/TR,7,174095
Penn State Nittany Lions,offense,QB,3,Connor Barry,RS-SR/TR,10,76381
Penn State Nittany Lions,offense,QB,4,Kase Evans,FR,12,179156
Penn State Nittany Lions,offense,RB,1,Carson Hansen,SR/TR,21,164564
Penn State Nittany Lions,offense,RB,2,James Peoples,JR/TR,1,167684
Penn State Nittany Lions,offense,RB,3,Quinton Martin Jr.,RS-SO,25,167666
Penn State Nittany Lions,offense,RB,4,Cam Wallace,RS-JR,26,161009
Penn State Nittany Lions,offense,RB,5,D'Antae Sheffey,FR,29,179162
Penn State Nittany Lions,defense,LDE,1,Yvan Kemajou,SO,19,173999
Penn State Nittany Lions,defense,LDE,2,Ikenna Ezeogu,RS-SR/TR,1,157102
Penn State Nittany Lions,defense,LDE,3,Dayshaun Burnett,RS-FR,43,173988
Penn State Nittany Lions,defense,LDT,1,Armstrong Nnodim,RS-SO/TR,91,169333
Penn State Nittany Lions,defense,LDT,2,Alijah Carnell,RS-SO/TR,56,171446
Penn State Nittany Lions,defense,LDT,3,Dallas Vakalahi,JR/TR,98,71758
Penn State Nittany Lions,defense,LDT,4,Liam Andrews,RS-SO,90,167653
Penn State Nittany Lions,defense,RDT,1,Keanu Williams,RS-SR/TR,99,160976
Penn State Nittany Lions,defense,RDT,2,Siale Taupaki,RS-SR/TR,92,138737
Penn State Nittany Lions,defense,RDT,3,Ty Blanding,RS-JR,39,160998
Penn State Nittany Lions,defense,RDE,1,Max Granville,RS-SO,18,172663
Penn State Nittany Lions,defense,RDE,2,Alexander McPherson,SO/TR,33,174424
Penn State Nittany Lions,defense,RDE,3,LaVar Arrington II,SO,11,173987
Penn State Nittany Lions,defense,WLB,1,Tony Rojas,RS-JR,13,159877
Penn State Nittany Lions,defense,WLB,2,Alex Tatsch,SO,25,174006
Penn State Nittany Lions,defense,WLB,3,Cam Smith,RS-FR,26,174011
Penn State Nittany Lions,defense,MLB,1,Kooper Ebel,SR/TR,8,164560
Penn State Nittany Lions,defense,MLB,2,Caleb Bacon,RS-SR/TR,10,153296
Penn State Nittany Lions,defense,MLB,3,Cael Brezina,JR/TR,9,168653
Penn State Nittany Lions,defense,MLB,4,John Klosterman,RS-SR/TR,32,157107
Penn State Nittany Lions,defense,LCB,1,Daryus Dixson,SO,5,173991
Penn State Nittany Lions,defense,LCB,2,Joshua Johnson,RS-FR,15,174010
Penn State Nittany Lions,defense,LCB,3,Hunter Sowell,RS-FR/TR,29,176973
Penn State Nittany Lions,defense,SS,1,Marcus Neal Jr.,JR/TR,31,171470
Penn State Nittany Lions,defense,SS,2,Vaboue Toure,RS-SO,21,167670
Penn State Nittany Lions,defense,SS,3,Omarion Davis,SO/TR,27,174769
Penn State Nittany Lions,defense,FS,1,Jeremiah Cooper,RS-SR/TR,4,157098
Penn State Nittany Lions,defense,FS,2,Jamison Patton,SR/TR,3,164573
Penn State Nittany Lions,defense,RCB,1,Audavion Collins,RS-SR/TR,2,163481
Penn State Nittany Lions,defense,RCB,2,Jahmir Joseph,RS-FR,23,173998
Penn State Nittany Lions,defense,NB,1,Zion Tracy,SR,7,159880
Penn State Nittany Lions,defense,NB,2,Ibn McDaniels,RS-SO/TR,24,172459
Penn State Nittany Lions,defense,NB,3,Xxavier Thomas,RS-FR,12,174008
Penn State Nittany Lions,special_teams,PT,1,Nathan Tiyce,SO/TR,38,176546
Penn State Nittany Lions,special_teams,PT,2,Lucas Tenbrock,FR,96,179163
Penn State Nittany Lions,special_teams,PK,1,Ryan Barker,RS-JR,94,165753
Penn State Nittany Lions,special_teams,PK,2,Cristiano Rosa,RS-SR/TR,95,171679
Penn State Nittany Lions,special_teams,PK,3,Matthew Parker,RS-FR,98,175031
Penn State Nittany Lions,special_teams,KO,1,Cristiano Rosa,RS-SR/TR,95,171679
Penn State Nittany Lions,special_teams,KO,2,Ryan Barker,RS-JR,94,165753
Penn State Nittany Lions,special_teams,KO,3,Matthew Parker,RS-FR,98,175031
Penn State Nittany Lions,special_teams,LS,1,Blaise Sokach-Minnick,RS-SR,35,159051
Penn State Nittany Lions,special_teams,LS,2,Andrew Dufault,RS-SO,92,167662
Penn State Nittany Lions,special_teams,H,1,Nathan Tiyce,SO/TR,38,176546
Penn State Nittany Lions,special_teams,H,2,Lucas Tenbrock,FR,96,179163
Penn State Nittany Lions,special_teams,PR,1,Koby Howard,SO,6,173997
Penn State Nittany Lions,special_teams,PR,2,Xxavier Thomas,RS-FR,12,174008
Penn State Nittany Lions,special_teams,KR,1,Cam Wallace,RS-JR,26,161009
Penn State Nittany Lions,special_teams,KR,2,Zay Robinson,RS-FR/TR,2,176970
Pittsburgh Panthers,offense,WR-X,1,Malik Knight,RS-SR/TR,18,180288
Pittsburgh Panthers,offense,WR-X,2,Tony Kinsler,SO,17,174733
Pittsburgh Panthers,offense,WR-Z,1,Cataurus Hicks,RS-JR/TR,3,160728
Pittsburgh Panthers,offense,WR-Z,2,Censere Lee,RS-SR/TR,10,168561
Pittsburgh Panthers,offense,WR-SL,1,Bryce Yates,SO,80,174734
Pittsburgh Panthers,offense,WR-SL,2,Cam Sapp,RS-FR,84,176292
Pittsburgh Panthers,offense,LT,1,Kendall Stanley,RS-SR/TR,53,154849
Pittsburgh Panthers,offense,LT,2,Netinho Olivieri,RS-SR/TR,74,180293
Pittsburgh Panthers,offense,LG,1,Keylen Davis,RS-SR/TR,56,158773
Pittsburgh Panthers,offense,LG,2,Keith Gouveia,RS-SR/TR,66,174735
Pittsburgh Panthers,offense,C,1,Ryan Carretta,RS-JR,71,165870
Pittsburgh Panthers,offense,C,2,Isaiah Montgomery,RS-SR,72,157254
Pittsburgh Panthers,offense,RG,1,BJ Williams,SR,55,162046
Pittsburgh Panthers,offense,RG,2,Torian Chester,RS-FR,68,176498
Pittsburgh Panthers,offense,RT,1,Ryan Baer,RS-SR,70,154217
Pittsburgh Panthers,offense,RT,2,Jiavani Cooley,RS-SO,51,172867
Pittsburgh Panthers,offense,RT,3,Akram Elnagmi,RS-FR,60,176288
Pittsburgh Panthers,offense,TE,1,Carson Kent,RS-SR/TR,85,170857
Pittsburgh Panthers,offense,TE,2,Elijah Lagg,SR/TR,82,175148
Pittsburgh Panthers,offense,TE,3,Max Hunt,RS-FR,86,176290
Pittsburgh Panthers,offense,QB,1,Mason Heintschel,SO,6,174732
Pittsburgh Panthers,offense,QB,2,Holden Geriner,RS-SR/TR,11,153168
Pittsburgh Panthers,offense,QB,3,Corey Dailey,FR,5,180282
Pittsburgh Panthers,offense,RB,1,Ja'Kyrian Turner,SO,25,176294
Pittsburgh Panthers,offense,RB,2,La'Vell Wright,GR/TR,29,148045
Pittsburgh Panthers,offense,RB,3,Damon Ferguson Jr.,FR,26,180303
Pittsburgh Panthers,defense,LDE,1,Isaiah Neal,RS-JR,2,162039
Pittsburgh Panthers,defense,LDE,2,Jaeden Moore,RS-JR/TR,56,159929
Pittsburgh Panthers,defense,LDE,3,Reston Lehman,FR,58,180289
Pittsburgh Panthers,defense,NT,1,Nick James,RS-SR/TR,11,168568
Pittsburgh Panthers,defense,NT,2,Jeremiah Warren,RS-JR/TR,45,160770
Pittsburgh Panthers,defense,DT,1,Sean FitzSimmons,RS-SR,55,154223
Pittsburgh Panthers,defense,DT,2,Eliyt Nairne,RS-JR/TR,95,163065
Pittsburgh Panthers,defense,RDE,1,Jimmy Scott,RS-SR,44,157253
Pittsburgh Panthers,defense,RDE,2,Zach Crothers,RS-SO,5,168557
Pittsburgh Panthers,defense,MONEY,1,Alex Sanford Jr.,SR/TR,10,160667
Pittsburgh Panthers,defense,MONEY,2,DeMarco Ward,RS-JR/TR,31,160410
Pittsburgh Panthers,defense,MLB,1,Braylan Lovelace,SR,0,162037
Pittsburgh Panthers,defense,MLB,2,Jeremiah Marcelin,RS-SO,32,168562
Pittsburgh Panthers,defense,MLB,3,Abe Ibrahim,RS-SR,52,159608
Pittsburgh Panthers,defense,STAR,1,Cameron Lindsey,RS-SO,24,168571
Pittsburgh Panthers,defense,STAR,2,Emmanuel Taylor,SO,38,176293
Pittsburgh Panthers,defense,STAR,3,Jayden Bonsu,RS-JR/TR,19,161016
Pittsburgh Panthers,defense,LCB,1,Shadarian Harrison,RS-JR,21,165873
Pittsburgh Panthers,defense,LCB,2,Kanye Thompson,RS-SR/TR,23,180299
Pittsburgh Panthers,defense,LCB,3,D'Angelo Stocker,RS-SR/TR,39,180298
Pittsburgh Panthers,defense,SS,1,Josh Guerrier,SO,14,176289
Pittsburgh Panthers,defense,SS,2,Allen Bryant,RS-SO,26,168573
Pittsburgh Panthers,defense,FS,1,Cruce Brookins,RS-JR,12,165868
Pittsburgh Panthers,defense,FS,2,Cole Woodson,RS-FR,17,176512
Pittsburgh Panthers,defense,RCB,1,Raion Strader,SR/TR,16,162106
Pittsburgh Panthers,defense,RCB,2,Shawn Lee Jr.,SO,28,176291
Pittsburgh Panthers,defense,RCB,3,Rashan Murray,RS-SR/TR,18,174737
Pittsburgh Panthers,special_teams,PT,1,Gabe Russo,RS-JR/TR,98,163769
Pittsburgh Panthers,special_teams,PT,2,Kaemon Tijerina,RS-FR,92,176509
Pittsburgh Panthers,special_teams,PK,1,Sam Hunsaker,JR/TR,91,180286
Pittsburgh Panthers,special_teams,PK,2,Antonio Chadha,RS-SR/TR,93,74182
Pittsburgh Panthers,special_teams,KO,1,Sam Hunsaker,JR/TR,91,180286
Pittsburgh Panthers,special_teams,KO,2,Antonio Chadha,RS-SR/TR,93,74182
Pittsburgh Panthers,special_teams,LS,1,Justin Schmidt,RS-FR/TR,59,176367
Pittsburgh Panthers,special_teams,H,1,Gabe Russo,RS-JR/TR,98,163769
Pittsburgh Panthers,special_teams,H,2,Kaemon Tijerina,RS-FR,92,176509
Pittsburgh Panthers,special_teams,KR,1,Cataurus Hicks,RS-JR/TR,3,160728
Purdue Boilermakers,offense,WR-X,1,Ricky Sampson,JR/TR,13,179934
Purdue Boilermakers,offense,WR-X,2,Jaylan Hornsby,RS-SO/TR,0,172454
Purdue Boilermakers,offense,WR-X,3,Jalil Hall,RS-FR,9,177376
Purdue Boilermakers,offense,WR-X,4,Jojo Johnson,FR,88,179946
Purdue Boilermakers,offense,WR-Z,1,Bisi Owens,RS-SR/TR,17,179933
Purdue Boilermakers,offense,WR-Z,2,Corey Smith,JR/TR,12,169795
Purdue Boilermakers,offense,WR-Z,3,Brandon Kinsey,FR,80,179930
Purdue Boilermakers,offense,WR-Z,4,Chauncey Magwood,RS-SR/TR,5,162974
Purdue Boilermakers,offense,WR-SL,1,Asaad Waseem,RS-JR/TR,19,161169
Purdue Boilermakers,offense,WR-SL,2,Xavier Townsend,RS-SR/TR,3,157614
Purdue Boilermakers,offense,WR-SL,3,Jesse Watson,RS-SO,10,167850
Purdue Boilermakers,offense,WR-SL,4,De'Nylon Morrissette,RS-SR/TR,8,167830
Purdue Boilermakers,offense,LT,1,Joey Tanona,RS-SR/TR,79,167833
Purdue Boilermakers,offense,LT,2,Jude McCoskey,SR/TR,72,174907
Purdue Boilermakers,offense,LT,3,Terrell Berryhill Jr.,FR,71,179921
Purdue Boilermakers,offense,LG,1,Marques Easley,RS-SO/TR,56,167899
Purdue Boilermakers,offense,LG,2,Mason Vicari,JR/TR,51,172837
Purdue Boilermakers,offense,LG,3,Max Parrott,RS-SO,70,170347
Purdue Boilermakers,offense,C,1,Boaz Stanley,RS-SR/TR,50,162713
Purdue Boilermakers,offense,C,2,Makai Saina,RS-SO/TR,73,172701
Purdue Boilermakers,offense,RG,1,Micah Banuelos,RS-JR/TR,59,160445
Purdue Boilermakers,offense,RG,2,Ethan Trent,RS-JR,76,165565
Purdue Boilermakers,offense,RT,1,Nuku Mafi,RS-SO/TR,68,171353
Purdue Boilermakers,offense,RT,2,Jatavius Shivers,RS-JR/TR,77,165668
Purdue Boilermakers,offense,TE,1,George Burhenn,RS-JR,81,165553
Purdue Boilermakers,offense,TE,2,Kylan Fox,JR/TR,16,169357
Purdue Boilermakers,offense,TE,3,Luca Puccinelli,RS-SO/TR,85,172909
Purdue Boilermakers,offense,TE,4,Jon Grimmett,RS-FR,41,174433
Purdue Boilermakers,offense,TE,5,Ar'Mari Towns,FR,6,179941
Purdue Boilermakers,offense,QB,1,Ryan Browne,RS-JR,15,160063
Purdue Boilermakers,offense,QB,2,Evans Chuba,RS-SO/TR,1,169539
Purdue Boilermakers,offense,QB,3,Bennett Meredith,RS-SR/TR,18,163602
Purdue Boilermakers,offense,QB,4,Garyt Odom,RS-FR,7,174437
Purdue Boilermakers,offense,QB,5,Corin Berry,FR,14,179920
Purdue Boilermakers,offense,RB,1,Fame Ijeboi,RS-SO/TR,2,167722
Purdue Boilermakers,offense,RB,2,Jerrick Gibson,RS-SO/TR,4,169283
Purdue Boilermakers,offense,RB,3,Antonio Harris,JR,22,171011
Purdue Boilermakers,offense,RB,4,Izaiah Wright,FR,24,179944
Purdue Boilermakers,offense,RB,5,Travis Terrell Jr.,JR/TR,20,179940
Purdue Boilermakers,defense,LDE,1,CJ Madden,RS-SR/TR,8,167857
Purdue Boilermakers,defense,LDE,2,Elo Modozie,SR/TR,18,164781
Purdue Boilermakers,defense,LDE,3,Breeon Ishmail,RS-JR/TR,58,159981
Purdue Boilermakers,defense,NT,1,Curt Neal,RS-SR/TR,92,152731
Purdue Boilermakers,defense,NT,2,Wisdom Simms,RS-SR/TR,97,179936
Purdue Boilermakers,defense,NT,3,Josiah Hope,FR,99,179929
Purdue Boilermakers,defense,NT,4,Elijah St. John,RS-JR/TR,90,177380
Purdue Boilermakers,defense,DT,1,Ian Jeffries,RS-JR/TR,40,163835
Purdue Boilermakers,defense,DT,2,TJ Lindsey,RS-SO/TR,9,168093
Purdue Boilermakers,defense,DT,3,Rodney Lora,RS-JR/TR,94,165653
Purdue Boilermakers,defense,DT,4,Drake Carlson,RS-JR,98,165554
Purdue Boilermakers,defense,RDE,1,Jeremy Lewis,JR/TR,33,179947
Purdue Boilermakers,defense,RDE,2,Trey Smith,RS-JR/TR,23,160775
Purdue Boilermakers,defense,RDE,3,Keyshawn Burgos,RS-SR/TR,11,154232
Purdue Boilermakers,defense,WLB,1,Charles Correa,JR/TR,5,172821
Purdue Boilermakers,defense,WLB,2,Anthony Speca,JR/TR,16,169745
Purdue Boilermakers,defense,WLB,3,Hudson Miller,RS-SR/TR,25,157340
Purdue Boilermakers,defense,MLB,1,Jojo Hayden,RS-JR/TR,0,160762
Purdue Boilermakers,defense,MLB,2,Tre Moore,RS-SR/TR,34,179945
Purdue Boilermakers,defense,MLB,3,Winston Berglund,RS-JR,20,165551
Purdue Boilermakers,defense,LCB,1,Ryan Turner,RS-SR/TR,12,168513
Purdue Boilermakers,defense,LCB,2,Dee Newsome,RS-JR/TR,29,164988
Purdue Boilermakers,defense,LCB,3,Traveon Wright,RS-JR/TR,17,79155
Purdue Boilermakers,defense,SS,1,John Slaughter,SR/TR,13,160809
Purdue Boilermakers,defense,SS,2,Vi'Naz Cobb,SO,15,174432
Purdue Boilermakers,defense,FS,1,Jaden Mangham,RS-SR/TR,2,152800
Purdue Boilermakers,defense,FS,2,Justin Denson Jr.,RS-SO/TR,21,168970
Purdue Boilermakers,defense,RCB,1,Hudauri Hines,JR,4,170343
Purdue Boilermakers,defense,RCB,2,Don Saunders,RS-SR/TR,7,168770
Purdue Boilermakers,defense,NB,1,Mister Clark,RS-JR/TR,6,160857
Purdue Boilermakers,defense,NB,2,Smiley Bradford,JR,1,167837
Purdue Boilermakers,special_teams,PT,1,Dylan Drennan,RS-SO/TR,42,170378
Purdue Boilermakers,special_teams,PT,2,Sam Dubwig,RS-SO/TR,95,169193
Purdue Boilermakers,special_teams,PK,1,Jacobo Echeverria Lozano,FR,92,179931
Purdue Boilermakers,special_teams,PK,2,Jack Weeter,RS-SO,26,176363
Purdue Boilermakers,special_teams,KO,1,Seth Turner,RS-JR/TR,45,166598
Purdue Boilermakers,special_teams,LS,1,Luke Raab,RS-SO/TR,46,171053
Purdue Boilermakers,special_teams,LS,2,Luke Klare,RS-SO,89,171015
Purdue Boilermakers,special_teams,H,1,Dylan Drennan,RS-SO/TR,42,170378
Purdue Boilermakers,special_teams,H,2,Sam Dubwig,RS-SO/TR,95,169193
Purdue Boilermakers,special_teams,PR,1,Xavier Townsend,RS-SR/TR,3,157614
Purdue Boilermakers,special_teams,PR,2,Asaad Waseem,RS-JR/TR,19,161169
Purdue Boilermakers,special_teams,KR,1,Antonio Harris,JR,22,171011
Purdue Boilermakers,special_teams,KR,2,Asaad Waseem,RS-JR/TR,19,161169
Rice Owls,offense,WR-X,1,Payton Matthews,SO,0,175130
Rice Owls,offense,WR-X,2,Barry Jackson Jr.,RS-JR/TR,7,160489
Rice Owls,offense,WR-Z,1,Ben Grice,RS-SO/TR,6,172904
Rice Owls,offense,WR-Z,2,Jordan Clark,RS-FR,19,177734
Rice Owls,offense,WR-Z,3,Michael Sifford,FR,22,180939
Rice Owls,offense,WR-SL,1,Davis Lane,RS-SR/TR,5,153869
Rice Owls,offense,WR-SL,2,Colin Leahey,RS-FR,8,177727
Rice Owls,offense,WR-SL,3,Max Mosey,RS-SR/TR,13,183444
Rice Owls,offense,LT,1,Justin Michaelis,RS-FR,73,177728
Rice Owls,offense,LT,2,Peyton Farmer,RS-JR,58,162462
Rice Owls,offense,LG,1,Patrick Valent,RS-JR,50,166848
Rice Owls,offense,LG,2,Clay Mitchell,FR,74,180936
Rice Owls,offense,C,1,Nate Bledsoe,RS-JR,56,166827
Rice Owls,offense,C,2,Scott Becker,RS-SR/TR,68,180944
Rice Owls,offense,RG,1,Cole Principe,SO,71,177731
Rice Owls,offense,RG,2,Leo Bluhm,RS-SR/TR,60,180945
Rice Owls,offense,RT,1,Luke Miller,RS-SO,53,171808
Rice Owls,offense,RT,2,Luke Needham,RS-JR,67,166844
Rice Owls,offense,TE,1,Preston Zinter,RS-JR/TR,9,162310
Rice Owls,offense,TE,2,Jake Renda,RS-SR/TR,17,147486
Rice Owls,offense,QB,1,Jacurri Brown,RS-SR/TR,11,154339
Rice Owls,offense,QB,2,Gael Ochoa,RS-SO/TR,4,170193
Rice Owls,offense,RB,1,Quinton Jackson,RS-SR,10,156290
Rice Owls,offense,RB,2,D'Andre Hardeman Jr.,SO,28,175128
Rice Owls,offense,RB,3,Tyvonn Byars,SO,26,175126
Rice Owls,defense,DE,1,Joseph Mutombo,RS-JR,8,166842
Rice Owls,defense,DE,2,Braden Bays,RS-FR,94,177722
Rice Owls,defense,NT,1,Aquantis Clemmons,RS-JR,57,166831
Rice Owls,defense,NT,2,Matthew Aribisala,RS-SR/TR,15,164830
Rice Owls,defense,DT,1,Dillan Botts,SR/TR,96,175125
Rice Owls,defense,DT,2,Christopher Clark-Jolivet,RS-JR,11,166830
Rice Owls,defense,RUSH,1,Chibby Nwajuaku,RS-SR,16,156296
Rice Owls,defense,RUSH,2,Tariq May,RS-SR/TR,13,180946
Rice Owls,defense,WLB,1,Austin Harnetiaux,RS-SR/TR,54,79736
Rice Owls,defense,WLB,2,Beau Barton,RS-JR,14,166826
Rice Owls,defense,MLB,1,Stone Combs,RS-SR/TR,33,158263
Rice Owls,defense,MLB,2,Micah Barnett,RS-SR,31,156276
Rice Owls,defense,VIPER,1,AJ Brown,RS-SR/TR,7,156606
Rice Owls,defense,VIPER,2,Jo Chavez,JR/TR,2,175127
Rice Owls,defense,LCB,1,Zach Cody,RS-SO/TR,1,171696
Rice Owls,defense,LCB,2,Bailey Fletcher,RS-SO,20,171796
Rice Owls,defense,LCB,3,Jerrick Harper,SR/TR,5,175129
Rice Owls,defense,SS,1,Daveon Hook,GR,0,156288
Rice Owls,defense,SS,2,Ahran Ogbor,SO,18,177729
Rice Owls,defense,FS,1,Koa Akui,RS-SR/TR,3,180947
Rice Owls,defense,FS,2,Caden VerMaas,RS-FR/TR,25,174157
Rice Owls,defense,RCB,1,Jamir Benjamin,RS-SO/TR,12,170649
Rice Owls,defense,RCB,2,Kyren Condoll,RS-SO/TR,10,169268
Rice Owls,special_teams,PT,1,Charlie Durkin,RS-SR/TR,29,158798
Rice Owls,special_teams,PT,2,Tommy Bauchiero,FR,49,183433
Rice Owls,special_teams,PK,1,Enock Gota,RS-SR,28,156283
Rice Owls,special_teams,PK,2,Tommy Bauchiero,FR,49,183433
Rice Owls,special_teams,KO,1,Enock Gota,RS-SR,28,156283
Rice Owls,special_teams,KO,2,Tommy Bauchiero,FR,49,183433
Rice Owls,special_teams,LS,1,Phoenix Derichsweiler,RS-FR/TR,51,177058
Rice Owls,special_teams,LS,2,Morrow Evans,RS-SO/TR,52,167702
Rice Owls,special_teams,H,1,Charlie Durkin,RS-SR/TR,29,158798
Rice Owls,special_teams,H,2,Tommy Bauchiero,FR,49,183433
Rice Owls,special_teams,PR,1,Max Mosey,RS-SR/TR,13,183444
Rice Owls,special_teams,KR,1,Quinton Jackson,RS-SR,10,156290
Rutgers Scarlet Knights,offense,WR-X,1,KJ Duff,JR,8,169558
Rutgers Scarlet Knights,offense,WR-X,2,Michael Thomas III,RS-FR,80,175762
Rutgers Scarlet Knights,offense,WR-X,3,Sah'nye Degraffenreidt,RS-FR,14,175747
Rutgers Scarlet Knights,offense,WR-Z,1,Ben Black,JR,2,169556
Rutgers Scarlet Knights,offense,WR-Z,2,Vernon Allen III,RS-FR,5,175743
Rutgers Scarlet Knights,offense,WR-Z,3,Famah Toure,RS-JR,1,165953
Rutgers Scarlet Knights,offense,WR-SL,1,Jourdin Houston,RS-FR,4,175752
Rutgers Scarlet Knights,offense,WR-SL,2,Dyzier Carter,FR,0,179983
Rutgers Scarlet Knights,offense,LT,1,Moshood Giwa,RS-JR/TR,74,176359
Rutgers Scarlet Knights,offense,LT,2,Ryder Langsdale,RS-SR/TR,68,176374
Rutgers Scarlet Knights,offense,LT,3,Kenny Jones,RS-SO,77,169573
Rutgers Scarlet Knights,offense,LG,1,Dantae Chin,RS-SR,76,152957
Rutgers Scarlet Knights,offense,LG,2,Nick Oliveira,RS-JR,55,162484
Rutgers Scarlet Knights,offense,C,1,Terrence Salami,RS-SR,73,150429
Rutgers Scarlet Knights,offense,C,2,Hank Zilinskas,RS-JR/TR,53,161189
Rutgers Scarlet Knights,offense,RG,1,Kwabena Asamoah,RS-SR,69,152954
Rutgers Scarlet Knights,offense,RG,2,Isaiah Cook,RS-SR/TR,57,179974
Rutgers Scarlet Knights,offense,RT,1,Tyler Needham,RS-SR,56,148801
Rutgers Scarlet Knights,offense,RT,2,Everett Small,RS-SO/TR,54,170462
Rutgers Scarlet Knights,offense,RT,3,Chris Vigna,RS-FR,67,175763
Rutgers Scarlet Knights,offense,TE,1,Logan Blake,RS-JR,11,162473
Rutgers Scarlet Knights,offense,TE,2,Kameron Anthony,RS-SO/TR,85,172935
Rutgers Scarlet Knights,offense,QB,1,Dylan Lonergan,RS-JR/TR,12,159835
Rutgers Scarlet Knights,offense,QB,2,AJ Surace,RS-SO,10,169569
Rutgers Scarlet Knights,offense,QB,3,Sean Ashenfelder,RS-FR,6,175744
Rutgers Scarlet Knights,offense,RB,1,Antwan Raymond,JR,3,171000
Rutgers Scarlet Knights,offense,RB,2,Clay Thevenin,RS-JR/TR,9,176823
Rutgers Scarlet Knights,offense,RB,3,Ja'shon Benjamin,SR,20,162472
Rutgers Scarlet Knights,defense,LDE,1,Malachi Davis,RS-SR/TR,11,155366
Rutgers Scarlet Knights,defense,LDE,2,Farell Gnago,RS-SO,90,172680
Rutgers Scarlet Knights,defense,LDE,3,RJ Johnson Jr.,RS-FR,14,177360
Rutgers Scarlet Knights,defense,NT,1,Doug Blue-Eli,RS-SR/TR,0,164053
Rutgers Scarlet Knights,defense,NT,2,Rondo Porter,RS-SR/TR,99,171130
Rutgers Scarlet Knights,defense,NT,3,Keshon Griffin,RS-SR,96,148796
Rutgers Scarlet Knights,defense,DT,1,Zaire Angoy,RS-SR,55,150415
Rutgers Scarlet Knights,defense,DT,2,Jaedin Lee,JR/TR,91,179977
Rutgers Scarlet Knights,defense,DT,3,Henry Hughes Jr.,RS-SR,95,148797
Rutgers Scarlet Knights,defense,RDE,1,J'Dan Burnett,RS-SR/TR,94,148441
Rutgers Scarlet Knights,defense,RDE,2,DJ Allen,RS-SR,42,152952
Rutgers Scarlet Knights,defense,RDE,3,Wydeek Collier-Johnson,RS-FR,8,178473
Rutgers Scarlet Knights,defense,WLB,1,Sean Allison,RS-SR/TR,41,181024
Rutgers Scarlet Knights,defense,WLB,2,Abram Wright,RS-JR,6,162488
Rutgers Scarlet Knights,defense,WLB,3,DJ McClary,SO,13,175757
Rutgers Scarlet Knights,defense,MLB,1,Ty Morris,SR/TR,10,166841
Rutgers Scarlet Knights,defense,MLB,2,Moses Walker,RS-SR,2,152966
Rutgers Scarlet Knights,defense,MLB,3,Kamar Archie,SO,36,176361
Rutgers Scarlet Knights,defense,STUD,1,DK Gilley,RS-SO,9,169559
Rutgers Scarlet Knights,defense,STUD,2,Jesse Ofurie,RS-JR,16,162483
Rutgers Scarlet Knights,defense,STUD,3,Sebastian Jusma,RS-SR,29,157943
Rutgers Scarlet Knights,defense,LCB,1,Mikey Munn,JR/TR,35,179978
Rutgers Scarlet Knights,defense,LCB,2,Kevyn Humes,JR/TR,4,167802
Rutgers Scarlet Knights,defense,LCB,3,Zahmir Dawud,RS-JR/TR,12,179975
Rutgers Scarlet Knights,defense,SS,1,Kaj Sanders,JR,1,169568
Rutgers Scarlet Knights,defense,SS,2,Davoun Fuse,RS-JR,19,162480
Rutgers Scarlet Knights,defense,FS,1,Chris Joines,SR/TR,20,176358
Rutgers Scarlet Knights,defense,FS,2,Tariq Hayer,RS-FR,44,176360
Rutgers Scarlet Knights,defense,RCB,1,Kevin Levy,RS-SO,7,169563
Rutgers Scarlet Knights,defense,RCB,2,Bradlee Jones,SR/TR,5,179976
Rutgers Scarlet Knights,defense,RCB,3,Sage Clawges,RS-JR,27,165938
Rutgers Scarlet Knights,special_teams,PT,1,Jakob Anderson,JR,94,170999
Rutgers Scarlet Knights,special_teams,PK,1,Jai Patel,RS-SR,44,152962
Rutgers Scarlet Knights,special_teams,PK,2,Dane Pizzaro,RS-SO,29,172687
Rutgers Scarlet Knights,special_teams,KO,1,Jack Scullion,JR,93,172690
Rutgers Scarlet Knights,special_teams,KO,2,Dane Pizzaro,RS-SO,29,172687
Rutgers Scarlet Knights,special_teams,LS,1,Michael O'Connor,RS-SR,58,150434
Rutgers Scarlet Knights,special_teams,LS,2,Sammy El Hadidi,RS-SR,46,157940
Rutgers Scarlet Knights,special_teams,LS,3,Matthew Murri,RS-JR,68,178475
Rutgers Scarlet Knights,special_teams,H,1,Jakob Anderson,JR,94,170999
Rutgers Scarlet Knights,special_teams,PR,1,KJ Duff,JR,8,169558
Rutgers Scarlet Knights,special_teams,KR,1,Ben Black,JR,2,169556
Rutgers Scarlet Knights,special_teams,KR,2,Ja'shon Benjamin,SR,20,162472
Sacramento State Hornets,offense,WR-X,1,Onterrio Smith Jr.,RS-JR,12,181480
Sacramento State Hornets,offense,WR-X,2,Kenyon Shabazz,JR/TR,4,181475
Sacramento State Hornets,offense,WR-Z,1,Raiden Brown,RS-JR/TR,5,181422
Sacramento State Hornets,offense,WR-Z,2,Jace Wilson,RS-SR/TR,10,156649
Sacramento State Hornets,offense,WR-H,1,Matt Coleman,RS-SR/TR,2,158449
Sacramento State Hornets,offense,WR-H,2,Khai Taylor,RS-JR/TR,7,166395
Sacramento State Hornets,offense,LT,1,Shontrail Key,RS-SR/TR,54,73142
Sacramento State Hornets,offense,LT,2,Jamin Guilbert,JR/TR,63,181434
Sacramento State Hornets,offense,LG,1,Brandon Sousa,RS-SR,64,181481
Sacramento State Hornets,offense,LG,2,Jaxon Moore,RS-FR,70,181462
Sacramento State Hornets,offense,LG,3,Shaan Lathan,JR/TR,72,181448
Sacramento State Hornets,offense,C,1,Bryson Summers,RS-SR/TR,71,79203
Sacramento State Hornets,offense,C,2,Jeremiah Ponce,FR,56,181468
Sacramento State Hornets,offense,RG,1,Vae Soifua,RS-SR/TR,74,76256
Sacramento State Hornets,offense,RG,2,Alex Kenward,RS-SO/TR,76,181444
Sacramento State Hornets,offense,RT,1,Jeremiah Stallworth,SO,77,181482
Sacramento State Hornets,offense,RT,2,Garrison Blank,RS-FR/TR,55,176377
Sacramento State Hornets,offense,TE,1,Jordan Williams,RS-SR/TR,16,158349
Sacramento State Hornets,offense,TE,2,Cedric Anton,RS-JR/TR,88,161643
Sacramento State Hornets,offense,QB,1,Carson Conklin,JR/TR,17,178246
Sacramento State Hornets,offense,QB,2,Jackson Sharman,RS-JR/TR,8,181476
Sacramento State Hornets,offense,RB,1,Jamar Curtis,RS-SR/TR,1,181427
Sacramento State Hornets,offense,RB,2,Elias Brown,RS-JR/TR,23,181421
Sacramento State Hornets,defense,DE,1,Xavier Williams,RS-SR,45,181490
Sacramento State Hornets,defense,DE,2,Austin Chambers,RS-SO/TR,90,170921
Sacramento State Hornets,defense,DE,3,Isiah Chala,RS-JR/TR,52,163309
Sacramento State Hornets,defense,NT,1,Jamel Howard,RS-JR/TR,58,165696
Sacramento State Hornets,defense,NT,2,Malik Tullis,SR/TR,9,163272
Sacramento State Hornets,defense,DT,1,Nick Dimitris,RS-SR/TR,5,150003
Sacramento State Hornets,defense,DT,2,Miles Bailey,RS-SR/TR,55,75862
Sacramento State Hornets,defense,WLB,1,Tim Thomas,RS-SR/TR,26,156727
Sacramento State Hornets,defense,WLB,2,Ivan Moore Jr.,RS-SO/TR,11,173407
Sacramento State Hornets,defense,MLB,1,Derek Houston,RS-JR,10,181440
Sacramento State Hornets,defense,MLB,2,Leki Holani,FR,16,181439
Sacramento State Hornets,defense,MLB,3,Alex Rocha,RS-SR,33,181472
Sacramento State Hornets,defense,SLB,1,Darson Jeanty,SR/TR,8,181442
Sacramento State Hornets,defense,SLB,2,Jiah Walls,FR,28,181487
Sacramento State Hornets,defense,LCB,1,Dionte Thornton,RS-SR/TR,2,158321
Sacramento State Hornets,defense,LCB,2,Malikai Nichols,RS-SO/TR,12,181464
Sacramento State Hornets,defense,SS,1,Warren Smith Jr.,RS-JR/TR,6,161056
Sacramento State Hornets,defense,SS,2,Diesel Gordon,RS-JR/TR,13,160205
Sacramento State Hornets,defense,FS,1,Boogsie Silvera,RS-SR/TR,1,175002
Sacramento State Hornets,defense,FS,2,Donovan Turner,RS-SR/TR,0,155028
Sacramento State Hornets,defense,RCB,1,Elias Mullican,RS-SR,22,181463
Sacramento State Hornets,defense,RCB,2,Caleb Reese,RS-FR,29,181470
Sacramento State Hornets,defense,NB,1,Amari Wallace,RS-FR/TR,3,175289
Sacramento State Hornets,defense,NB,2,Naytel Mitchell,RS-FR,25,181461
Sacramento State Hornets,special_teams,PT,1,Hamish Adams,RS-FR,37,181412
Sacramento State Hornets,special_teams,PT,2,Jay Brockhaus,JR/TR,35,181420
Sacramento State Hornets,special_teams,PK,1,Grant Meadors,RS-JR/TR,49,159926
Sacramento State Hornets,special_teams,PK,2,Saul Marks,FR,9,181451
Sacramento State Hornets,special_teams,KO,1,Grant Meadors,RS-JR/TR,49,159926
Sacramento State Hornets,special_teams,KO,2,Saul Marks,FR,9,181451
Sacramento State Hornets,special_teams,LS,1,Kellan Sutton,JR/TR,48,181483
Sacramento State Hornets,special_teams,LS,2,Caden Sim,FR,47,181478
Sacramento State Hornets,special_teams,H,1,Hamish Adams,RS-FR,37,181412
Sacramento State Hornets,special_teams,H,2,Jay Brockhaus,JR/TR,35,181420
Sacramento State Hornets,special_teams,PR,1,Matt Coleman,RS-SR/TR,2,158449
Sacramento State Hornets,special_teams,PR,2,Jamar Curtis,RS-SR/TR,1,181427
Sacramento State Hornets,special_teams,KR,1,Isaiah Ene,FR,22,181491
Sacramento State Hornets,special_teams,KR,2,Jamar Curtis,RS-SR/TR,1,181427
Sam Houston Bearkats,offense,WR-X,1,Tim Burns Jr.,SR/TR,3,177940
Sam Houston Bearkats,offense,WR-X,2,Alijah Cason,JR/TR,4,181945
Sam Houston Bearkats,offense,WR-X,3,Christian Zachary,RS-SO/TR,18,168227
Sam Houston Bearkats,offense,WR-X,4,Kamari Maxwell,SO/TR,12,181961
Sam Houston Bearkats,offense,WR-Z,1,Chris Reed,RS-SR/TR,2,76004
Sam Houston Bearkats,offense,WR-Z,2,Kyan Berry-Johnson,RS-SO/TR,5,168910
Sam Houston Bearkats,offense,WR-Z,3,Kaleb Mitchell,RS-FR/TR,11,176700
Sam Houston Bearkats,offense,WR-SL,1,Grady O'Neill,RS-SR/TR,7,159451
Sam Houston Bearkats,offense,WR-SL,2,Aviyon Smith-Mack,RS-JR/TR,1,176346
Sam Houston Bearkats,offense,WR-SL,3,Darrick Bledsoe III,RS-JR,0,167450
Sam Houston Bearkats,offense,WR-SL,4,Ty Sexton,FR,13,181969
Sam Houston Bearkats,offense,LT,1,Denell Nix Jr.,SO/TR,71,178119
Sam Houston Bearkats,offense,LT,2,Joe Warren,JR/TR,63,181973
Sam Houston Bearkats,offense,LG,1,Brock Stukes,RS-JR/TR,54,174231
Sam Houston Bearkats,offense,LG,2,Logan Cahill,RS-FR,68,174308
Sam Houston Bearkats,offense,C,1,Josiah Chenault,RS-JR/TR,73,175378
Sam Houston Bearkats,offense,C,2,Cam Todd,RS-SR/TR,52,168203
Sam Houston Bearkats,offense,RG,1,Elijah Collins,JR/TR,75,181977
Sam Houston Bearkats,offense,RG,2,Zo'Maryon Bryan,RS-JR/TR,57,176340
Sam Houston Bearkats,offense,RT,1,Carter Kadow,RS-SO/TR,58,169561
Sam Houston Bearkats,offense,RT,2,Isaac Sohn,RS-JR/TR,67,166276
Sam Houston Bearkats,offense,TE,1,Max Whisner,RS-SR/TR,87,78551
Sam Houston Bearkats,offense,TE,2,Matt Smith,GR/TR,80,166054
Sam Houston Bearkats,offense,TE,3,Brock Kuhl,RS-FR/TR,89,177047
Sam Houston Bearkats,offense,TE,4,London Deyon,RS-FR,14,177943
Sam Houston Bearkats,offense,QB,1,Landyn Locke,SO,8,176342
Sam Houston Bearkats,offense,QB,2,DJ Bailey,RS-SO,15,170657
Sam Houston Bearkats,offense,QB,3,Mason Holtzclaw,FR,16,181954
Sam Houston Bearkats,offense,QB,4,Brett Holloway,FR,9,181953
Sam Houston Bearkats,offense,RB,1,Landan Brown,RS-JR,10,164914
Sam Houston Bearkats,offense,RB,2,Alton McCaskill,GR/TR,22,163512
Sam Houston Bearkats,offense,RB,3,Jerrian Parker Jr.,JR/TR,6,176344
Sam Houston Bearkats,offense,RB,4,Kaden Winkfield,FR,24,181976
Sam Houston Bearkats,defense,LDE,1,Josh Alexander-Felton,RS-SO/TR,15,170355
Sam Houston Bearkats,defense,LDE,2,Brody Henderson,SO,16,176341
Sam Houston Bearkats,defense,LDE,3,Bryen Spaulding,SR/TR,14,177959
Sam Houston Bearkats,defense,NT,1,Darien Jackson,RS-JR/TR,10,177951
Sam Houston Bearkats,defense,NT,2,She'Fon Boyd,JR/TR,95,177938
Sam Houston Bearkats,defense,NT,3,Justin Terrell,RS-SO/TR,98,170359
Sam Houston Bearkats,defense,DT,1,Dylan Frazier,RS-SR/TR,97,79086
Sam Houston Bearkats,defense,DT,2,Jarra Anderson,RS-JR/TR,92,164011
Sam Houston Bearkats,defense,DT,3,Dimitry Nicolas,RS-SO/TR,99,167812
Sam Houston Bearkats,defense,DT,4,Uzziah Warmate,FR,90,181972
Sam Houston Bearkats,defense,RDE,1,Chauncey Chidi,RS-SR/TR,48,177941
Sam Houston Bearkats,defense,RDE,2,Jayden Fry,RS-FR/TR,19,174771
Sam Houston Bearkats,defense,RDE,3,Zion Taylor,RS-SO/TR,28,168644
Sam Houston Bearkats,defense,WLB,1,Brian Bates Jr.,RS-JR/TR,33,79131
Sam Houston Bearkats,defense,WLB,2,Stacy Bey,RS-SO/TR,18,171542
Sam Houston Bearkats,defense,WLB,3,Tokyo Gordon,SR/TR,26,177948
Sam Houston Bearkats,defense,MLB,1,Dean Ford,RS-SO,21,170679
Sam Houston Bearkats,defense,MLB,2,Mike King,RS-SO/TR,23,181958
Sam Houston Bearkats,defense,MLB,3,Ca'lub Holloway,RS-SR,42,164866
Sam Houston Bearkats,defense,MLB,4,Elijah Groves,RS-SO/TR,12,168233
Sam Houston Bearkats,defense,LCB,1,Ishmel Atkins,RS-SR/TR,4,181942
Sam Houston Bearkats,defense,LCB,2,Joey Hunter,GR/TR,3,161378
Sam Houston Bearkats,defense,SS,1,Tyler Bailey,RS-SR,8,164902
Sam Houston Bearkats,defense,SS,2,Jalyn Stanford,RS-JR/TR,5,161811
Sam Houston Bearkats,defense,FS,1,Jaylon Jones,JR/TR,6,181978
Sam Houston Bearkats,defense,FS,2,Dravon Wilson,RS-SO,20,170676
Sam Houston Bearkats,defense,RCB,1,Caesar Magee,GR/TR,7,181959
Sam Houston Bearkats,defense,RCB,2,Octavius Henderson,RS-SR/TR,17,177950
Sam Houston Bearkats,defense,NB,1,Jace Arnold,RS-JR/TR,9,162417
Sam Houston Bearkats,special_teams,PT,1,Cal Joseph,SO/TR,31,178578
Sam Houston Bearkats,special_teams,PK,1,Sam Carpenter,RS-JR/TR,94,164513
Sam Houston Bearkats,special_teams,PK,2,Tate Ryan,RS-SO,83,177956
Sam Houston Bearkats,special_teams,KO,1,Sam Carpenter,RS-JR/TR,94,164513
Sam Houston Bearkats,special_teams,KO,2,Nico Ottomanelli,RS-SO/TR,81,167761
Sam Houston Bearkats,special_teams,LS,1,Carson Whitington,RS-SR/TR,46,166718
Sam Houston Bearkats,special_teams,LS,2,Cameron McCulloch,RS-SO/TR,49,172632
Sam Houston Bearkats,special_teams,LS,3,Victor Gamboa,FR,47,181951
Sam Houston Bearkats,special_teams,H,1,Nico Ottomanelli,RS-SO/TR,81,167761
Sam Houston Bearkats,special_teams,H,2,Tim Burns Jr.,SR/TR,3,177940
Sam Houston Bearkats,special_teams,PR,1,Tim Burns Jr.,SR/TR,3,177940
Sam Houston Bearkats,special_teams,KR,1,Tim Burns Jr.,SR/TR,3,177940
Sam Houston Bearkats,special_teams,KR,2,Grady O'Neill,RS-SR/TR,7,159451
San Diego State Aztecs,offense,WR-X,1,Jacob Bostick,RS-SR/TR,17,154565
San Diego State Aztecs,offense,WR-X,2,Aldrich Doe,JR/TR,30,180736
San Diego State Aztecs,offense,WR-X,3,Will Cianfrini,RS-SO,16,171178
San Diego State Aztecs,offense,WR-X,4,Ayo Shotomide-King,RS-SR/TR,93,171355
San Diego State Aztecs,offense,WR-Z,1,Justius Lowe,RS-SR/TR,85,153652
San Diego State Aztecs,offense,WR-Z,2,Bert Emanuel Jr.,RS-SR/TR,5,158717
San Diego State Aztecs,offense,WR-Z,3,Donovan Brown,SR/TR,14,153504
San Diego State Aztecs,offense,WR-SL,1,Jordan Napier,RS-JR,2,166003
San Diego State Aztecs,offense,WR-SL,2,Nathan Acevedo,RS-SR/TR,13,156707
San Diego State Aztecs,offense,WR-SL,3,Jaylon Hawkins,RS-FR,12,173822
San Diego State Aztecs,offense,WR-SL,4,Daishaun Davis,FR,18,180734
San Diego State Aztecs,offense,LT,1,Joseph Borjon,RS-SR/TR,78,154388
San Diego State Aztecs,offense,LT,2,Mercer Luniewski,RS-SO/TR,70,168974
San Diego State Aztecs,offense,LT,3,Delon Craft Jr.,RS-FR,75,173819
San Diego State Aztecs,offense,LT,4,Cam May,RS-SR/TR,77,173826
San Diego State Aztecs,offense,LG,1,Kalan Ellis,RS-SR/TR,76,150786
San Diego State Aztecs,offense,LG,2,Evan Lawrence,RS-SO/TR,71,171033
San Diego State Aztecs,offense,LG,3,Harlem Nellum,FR,79,180747
San Diego State Aztecs,offense,C,1,Isaac Lucas,RS-JR/TR,56,166476
San Diego State Aztecs,offense,C,2,Justice Turner,RS-SO/TR,66,173201
San Diego State Aztecs,offense,RG,1,Michael Levelle Watkins,RS-SO/TR,55,170325
San Diego State Aztecs,offense,RG,2,Ikbahl Kassim,SO,58,173823
San Diego State Aztecs,offense,RG,3,Charlton Luniewski,RS-SO/TR,67,168973
San Diego State Aztecs,offense,RT,1,Dennis Jones,RS-SR/TR,72,180739
San Diego State Aztecs,offense,RT,2,Ashdon Wnetrzak,RS-FR,74,173838
San Diego State Aztecs,offense,RT,3,Jarvis Williams,FR,62,180757
San Diego State Aztecs,offense,TE,1,Jackson Ford,RS-SO/TR,15,169793
San Diego State Aztecs,offense,TE,2,Ryan Wolfer,RS-SO,88,171201
San Diego State Aztecs,offense,TE,3,Kime Fangupo,SO/TR,47,182872
San Diego State Aztecs,offense,QB,1,Jayden Denegal,RS-SR/TR,4,152738
San Diego State Aztecs,offense,QB,2,Stone Saunders,RS-FR/TR,12,175017
San Diego State Aztecs,offense,QB,3,Draiden Trudeau,RS-FR,16,178496
San Diego State Aztecs,offense,QB,4,Brady Campbell,FR,14,182870
San Diego State Aztecs,offense,RB,1,Lucky Sutton,RS-SR,7,158374
San Diego State Aztecs,offense,RB,2,Christian Washington,RS-SR/TR,20,78557
San Diego State Aztecs,offense,RB,3,Javion Kinnard,SO/TR,21,178272
San Diego State Aztecs,defense,LDE,1,Brady Nassar,SR,33,166004
San Diego State Aztecs,defense,LDE,2,Djibril Rahman,RS-JR/TR,59,165949
San Diego State Aztecs,defense,LDE,3,Brian Townsend Jr.,RS-FR,99,173834
San Diego State Aztecs,defense,LDE,4,Charlie Stewart,RS-SR,40,173225
San Diego State Aztecs,defense,NT,1,Gavriel Lightfoot,RS-SR/TR,95,156717
San Diego State Aztecs,defense,NT,2,Tuaoa Tauili'ili,RS-SR/TR,94,180754
San Diego State Aztecs,defense,DT,1,Malachi Finau,RS-SR/TR,6,158461
San Diego State Aztecs,defense,DT,2,Krishna Clay,SR/TR,11,171179
San Diego State Aztecs,defense,DT,3,Amari Comier,SR/TR,91,178494
San Diego State Aztecs,defense,DT,4,Kainoa Davis,RS-SO/TR,88,173429
San Diego State Aztecs,defense,RDE,1,Kai Wallin,RS-SR/TR,18,160056
San Diego State Aztecs,defense,RDE,2,Nate Henrich,JR/TR,44,180738
San Diego State Aztecs,defense,RDE,3,Lucan Amituanai,RS-FR,10,178492
San Diego State Aztecs,defense,WLB,1,Sione Hala,RS-SR/TR,56,153448
San Diego State Aztecs,defense,WLB,2,Cameron Cooper,JR/TR,42,180755
San Diego State Aztecs,defense,WLB,3,Alijah Lash,FR,41,180740
San Diego State Aztecs,defense,WLB,4,Oberhiri Eyafe,RS-SO/TR,15,170951
San Diego State Aztecs,defense,MLB,1,Tano Letuli,SR/TR,21,79842
San Diego State Aztecs,defense,MLB,2,Jeramiah Lewis,SO/TR,31,180742
San Diego State Aztecs,defense,MLB,3,Dean Harrington,RS-SO,34,171185
San Diego State Aztecs,defense,LCB,1,Caleb Ricks,SO/TR,32,180749
San Diego State Aztecs,defense,LCB,2,Jason Oliver,RS-SR/TR,37,75993
San Diego State Aztecs,defense,LCB,3,Jelani Whitmore,RS-SR,16,141785
San Diego State Aztecs,defense,LCB,4,Dareon Edmonds,FR,46,182871
San Diego State Aztecs,defense,SS,1,Dalesean Staley,RS-SR/TR,9,170146
San Diego State Aztecs,defense,SS,2,Jelani McLaughlin,RS-JR,20,161962
San Diego State Aztecs,defense,SS,3,Max Garrison,RS-SR,22,158362
San Diego State Aztecs,defense,SS,4,Josh Hunter,RS-JR,29,158363
San Diego State Aztecs,defense,FS,1,Isaiah Green,RS-JR/TR,14,180756
San Diego State Aztecs,defense,FS,2,Solomon Davis,RS-JR/TR,26,159915
San Diego State Aztecs,defense,FS,3,Kaimana Tufaga,RS-FR,17,173835
San Diego State Aztecs,defense,RCB,1,Mike Lindsay,SO/TR,27,180743
San Diego State Aztecs,defense,RCB,2,Jamison Starks,SO/TR,19,180752
San Diego State Aztecs,defense,RCB,3,Braylon Cardwell,RS-FR,43,173818
San Diego State Aztecs,defense,NB,1,Josiah Cox,SR/TR,24,79697
San Diego State Aztecs,defense,NB,2,Jalen Thomeson,SR/TR,30,164403
San Diego State Aztecs,defense,NB,3,Prince Williams,RS-SO,13,171200
San Diego State Aztecs,special_teams,PT,1,Tashi Dorje,RS-JR/TR,89,176252
San Diego State Aztecs,special_teams,PT,2,Camden Cowgill,JR/TR,93,180733
San Diego State Aztecs,special_teams,PK,1,Noah Serna,RS-SR/TR,86,182880
San Diego State Aztecs,special_teams,PK,2,Cooper DiLeva,RS-JR/TR,96,178036
San Diego State Aztecs,special_teams,PK,3,Lane Garner,JR/TR,38,180737
San Diego State Aztecs,special_teams,PK,4,Tyler Prasuhn,RS-FR/TR,80,177019
San Diego State Aztecs,special_teams,KO,1,Noah Serna,RS-SR/TR,86,182880
San Diego State Aztecs,special_teams,KO,2,Cooper DiLeva,RS-JR/TR,96,178036
San Diego State Aztecs,special_teams,KO,3,Lane Garner,JR/TR,38,180737
San Diego State Aztecs,special_teams,KO,4,Tyler Prasuhn,RS-FR/TR,80,177019
San Diego State Aztecs,special_teams,LS,1,Connor Poulson,RS-SO,64,171193
San Diego State Aztecs,special_teams,LS,2,Chase Schubert,SO/TR,61,182879
San Diego State Aztecs,special_teams,H,1,Tashi Dorje,RS-JR/TR,89,176252
San Diego State Aztecs,special_teams,H,2,Camden Cowgill,JR/TR,93,180733
San Diego State Aztecs,special_teams,PR,1,Jordan Napier,RS-JR,2,166003
San Diego State Aztecs,special_teams,PR,2,Donovan Brown,SR/TR,14,153504
San Diego State Aztecs,special_teams,PR,3,Nathan Acevedo,RS-SR/TR,13,156707
San Diego State Aztecs,special_teams,KR,1,Jordan Napier,RS-JR,2,166003
San Diego State Aztecs,special_teams,KR,2,Donovan Brown,SR/TR,14,153504
San Diego State Aztecs,special_teams,KR,3,Christian Washington,RS-SR/TR,20,78557
San Jose State Spartans,offense,WR-X,1,Cooper Hoch,RS-JR,13,166114
San Jose State Spartans,offense,WR-X,2,Dominique McKenzie,RS-SO/TR,4,169130
San Jose State Spartans,offense,WR-Z,1,Jordan Anderson,RS-SO/TR,0,169467
San Jose State Spartans,offense,WR-Z,2,Jerry McClure,RS-JR/TR,2,79528
San Jose State Spartans,offense,WR-SL,1,Anthony Ivey,RS-SR/TR,10,152708
San Jose State Spartans,offense,WR-SL,2,Jase Nix,RS-FR,9,178292
San Jose State Spartans,offense,LT,1,Daniel Moleni,RS-SR/TR,54,173193
San Jose State Spartans,offense,LT,2,Ikinasio Tupou,RS-SO/TR,70,171443
San Jose State Spartans,offense,LG,1,Simeon Afalava,SR/TR,56,175669
San Jose State Spartans,offense,LG,2,Lavaka Taukeiaho,RS-SR/TR,72,174369
San Jose State Spartans,offense,C,1,Joseph Harbert,RS-SR,75,158441
San Jose State Spartans,offense,C,2,Daniel Tuliau,RS-FR,77,178294
San Jose State Spartans,offense,RG,1,Tyler Chen,RS-JR/TR,62,173184
San Jose State Spartans,offense,RG,2,Nathan Balestrieri,RS-JR,64,166104
San Jose State Spartans,offense,RT,1,Manuel Serna,RS-SO,76,173197
San Jose State Spartans,offense,RT,2,Brian Tapu,RS-FR/TR,63,174154
San Jose State Spartans,offense,TE,1,Kamaehu Kopa-Kaawalauole,RS-JR,83,166115
San Jose State Spartans,offense,TE,2,Ryan Boultwood,RS-JR/TR,88,172876
San Jose State Spartans,offense,QB,1,Luke Weaver,RS-SR/TR,3,174590
San Jose State Spartans,offense,QB,2,Robert McDaniel,RS-FR,8,178296
San Jose State Spartans,offense,QB,3,Daniel Rolovich,FR,5,182804
San Jose State Spartans,offense,RB,1,Jabari Bates,RS-SR,6,158437
San Jose State Spartans,offense,RB,2,Isaiah Carlson,RS-JR/TR,21,159899
San Jose State Spartans,offense,RB,3,Viliami Teu,RS-JR,20,162493
San Jose State Spartans,defense,LDE,1,Dejon Roney,RS-SR,48,158444
San Jose State Spartans,defense,LDE,2,Jayland McGlothen,JR/TR,90,182797
San Jose State Spartans,defense,NT,1,Solomone Langi,SR/TR,51,178290
San Jose State Spartans,defense,NT,2,Noa Siaosi,JR,92,173199
San Jose State Spartans,defense,RDE,1,Justin Stearns,RS-SR,57,156319
San Jose State Spartans,defense,RDE,2,Jeremiah Tuiileila,RS-FR/TR,45,173836
San Jose State Spartans,defense,LOLB,1,Aizik Mahuka,JR/TR,7,182796
San Jose State Spartans,defense,LOLB,2,John Norwood,RS-SR,97,159180
San Jose State Spartans,defense,LLB,1,Dylan Lee,RS-JR,4,166124
San Jose State Spartans,defense,LLB,2,Brady Van Bennekum,RS-JR,53,166122
San Jose State Spartans,defense,RLB,1,Naseri Danielson,RS-JR/TR,3,165134
San Jose State Spartans,defense,RLB,2,Cayden Woolwine,RS-SO/TR,19,175683
San Jose State Spartans,defense,ROLB,1,Ethan Powell,RS-SR,6,158443
San Jose State Spartans,defense,ROLB,2,Malakai Hoeft,RS-SR/TR,24,169723
San Jose State Spartans,defense,LCB,1,Isaiah Buxton,RS-SO/TR,0,170137
San Jose State Spartans,defense,LCB,2,Runye Norton,SR/TR,8,175677
San Jose State Spartans,defense,SS,1,Brian Dukes Jr.,RS-SR/TR,1,182784
San Jose State Spartans,defense,SS,2,Charles Cox III,SR/TR,21,175674
San Jose State Spartans,defense,FS,1,Tuli Tagovailoa-Amosa,SO,39,175680
San Jose State Spartans,defense,FS,2,Pierce Walker,RS-SO/TR,13,182811
San Jose State Spartans,defense,RCB,1,Caleb Womack,RS-SR,32,159181
San Jose State Spartans,defense,RCB,2,Jayden Robertson,JR/TR,14,182803
San Jose State Spartans,special_teams,PT,1,Trent Carrizosa,RS-SR/TR,49,157509
San Jose State Spartans,special_teams,PK,1,Trajan Sinatra,JR/TR,36,182806
San Jose State Spartans,special_teams,PK,2,Mathias Brown,JR,99,169716
San Jose State Spartans,special_teams,KO,1,Mathias Brown,JR,99,169716
San Jose State Spartans,special_teams,LS,1,Dylan Aguilera,RS-SR/TR,44,182780
San Jose State Spartans,special_teams,H,1,Trent Carrizosa,RS-SR/TR,49,157509
San Jose State Spartans,special_teams,PR,1,Anthony Ivey,RS-SR/TR,10,152708
San Jose State Spartans,special_teams,KR,1,Dominique McKenzie,RS-SO/TR,4,169130
San Jose State Spartans,special_teams,KR,2,Isaiah Carlson,RS-JR/TR,21,159899
SMU Mustangs,offense,WR-X,1,Jalen Cooper,SO,10,174496
SMU Mustangs,offense,WR-X,2,Link Rhodes,SR/TR,24,174499
SMU Mustangs,offense,WR-X,3,Daylon Singleton,SO,13,174495
SMU Mustangs,offense,WR-Z,1,Yannick Smith,JR/TR,3,173480
SMU Mustangs,offense,WR-Z,2,Carterrious Brown,RS-FR,11,176828
SMU Mustangs,offense,WR-SL,1,Yamir Knight,SR/TR,8,165716
SMU Mustangs,offense,WR-SL,2,Jalen Hale,RS-JR/TR,2,159842
SMU Mustangs,offense,WR-SL,3,Derrick McFall,RS-SO,0,168405
SMU Mustangs,offense,LT,1,PJ Williams,RS-SR/TR,59,161134
SMU Mustangs,offense,LT,2,Dramodd Odoms,RS-FR,75,174494
SMU Mustangs,offense,LT,3,Sam Utu,FR,55,180227
SMU Mustangs,offense,LG,1,Alex Woods,RS-JR,77,167168
SMU Mustangs,offense,LG,2,Abel Hoopii,SO,58,176833
SMU Mustangs,offense,C,1,Joshua Bates,RS-JR/TR,64,160252
SMU Mustangs,offense,C,2,Graham Uter,RS-SO,50,168410
SMU Mustangs,offense,C,3,Hunter Ryan,RS-SR,66,162520
SMU Mustangs,offense,RG,1,Addison Nichols,RS-SR/TR,63,168076
SMU Mustangs,offense,RG,2,Drew Evers,FR,78,180214
SMU Mustangs,offense,RG,3,Sione Ma'u,RS-JR/TR,79,176241
SMU Mustangs,offense,RT,1,Andrew Chamblee,RS-SR/TR,74,153352
SMU Mustangs,offense,RT,2,Evan Goodwin,FR,60,180216
SMU Mustangs,offense,TE,1,Theo Melin Ohrstrom,RS-SR/TR,18,153055
SMU Mustangs,offense,TE,2,Randy Pittman Jr.,SR/TR,5,162991
SMU Mustangs,offense,TE,3,Trey Jackson,RS-SO/TR,88,168803
SMU Mustangs,offense,TE,4,Zack Turner,FR,9,180226
SMU Mustangs,offense,QB,1,Kevin Jennings,RS-SR,7,156326
SMU Mustangs,offense,QB,2,Ty Hawkins,RS-FR,1,176244
SMU Mustangs,offense,QB,3,Charlie Fiser,RS-SR,14,157574
SMU Mustangs,offense,RB,1,Kendrick Raphael,SR/TR,6,160579
SMU Mustangs,offense,RB,2,Dramekco Green,RS-FR,4,174497
SMU Mustangs,offense,RB,3,Christian Rhodes,FR,21,180225
SMU Mustangs,offense,RB,4,EJ Kelly,FR,20,180220
SMU Mustangs,defense,LDE,1,Ira Singleton IV,JR/TR,9,171886
SMU Mustangs,defense,LDE,2,Jahkai Lang,RS-JR/TR,52,161320
SMU Mustangs,defense,LDE,3,Jalen Shivers,RS-FR,90,176243
SMU Mustangs,defense,LDT,1,Malcolm Alcorn-Crowder,RS-SR/TR,5,171365
SMU Mustangs,defense,LDT,2,Tavion Atkinson,JR/TR,6,180209
SMU Mustangs,defense,LDT,3,Kevin Allen,RS-JR,93,167145
SMU Mustangs,defense,RDT,1,Christian Davis,RS-JR/TR,97,169921
SMU Mustangs,defense,RDT,2,Woo Spencer,RS-JR/TR,55,164529
SMU Mustangs,defense,RDT,3,Jonathan Jefferson,GR/TR,94,168397
SMU Mustangs,defense,RDE,1,Aakil Washington,GR/TR,58,78492
SMU Mustangs,defense,RDE,2,Marques White,GR/TR,16,178189
SMU Mustangs,defense,RDE,3,Trey Wilson,SR/TR,14,162410
SMU Mustangs,defense,WLB,1,Alexander Kilgore,SR,54,162510
SMU Mustangs,defense,WLB,2,Jamal Anderson,RS-JR/TR,32,160311
SMU Mustangs,defense,WLB,3,Kenneth Goodwin III,FR,30,180217
SMU Mustangs,defense,MLB,1,Brandon Booker,JR,28,168402
SMU Mustangs,defense,MLB,2,Brandon Miyazono,SR,29,167157
SMU Mustangs,defense,MLB,3,Caden Marshall,RS-SO/TR,12,178377
SMU Mustangs,defense,LCB,1,Jayvon Thomas,SR/TR,4,160837
SMU Mustangs,defense,LCB,2,Jaelyn Davis-Robinson,RS-SR/TR,13,162517
SMU Mustangs,defense,LCB,3,Zadian Gentry,RS-FR,2,176832
SMU Mustangs,defense,SS,1,Tyren Polley Jr.,SO,10,176242
SMU Mustangs,defense,SS,2,Sael Reyes,SO,22,176835
SMU Mustangs,defense,SS,3,Jaylen Moses,RS-SO,26,168406
SMU Mustangs,defense,FS,1,Jimmy Wyrick,GR/TR,21,148367
SMU Mustangs,defense,FS,2,Abdul Muhammad,RS-JR,27,167159
SMU Mustangs,defense,FS,3,Jaden Milliner-Jones,RS-JR/TR,11,161159
SMU Mustangs,defense,RCB,1,Marcellus Barnes Jr.,RS-SO/TR,8,169252
SMU Mustangs,defense,RCB,2,William Nettles,RS-SO,0,168407
SMU Mustangs,defense,RCB,3,Javion Holiday,SO,3,176239
SMU Mustangs,defense,NB,1,Jarvis Lee,SR/TR,1,161715
SMU Mustangs,defense,NB,2,La'Modrick Spencer,SR/TR,15,174498
SMU Mustangs,special_teams,PT,1,Wade McSparron,RS-SO,43,172633
SMU Mustangs,special_teams,PK,1,Nick Reed,RS-JR/TR,99,166731
SMU Mustangs,special_teams,PK,2,Michael Slaba,RS-SR/TR,95,162739
SMU Mustangs,special_teams,PK,3,Wiley Olson,FR,96,183384
SMU Mustangs,special_teams,KO,1,Nick Reed,RS-JR/TR,99,166731
SMU Mustangs,special_teams,KO,2,Michael Slaba,RS-SR/TR,95,162739
SMU Mustangs,special_teams,KO,3,Wiley Olson,FR,96,183384
SMU Mustangs,special_teams,LS,1,Morgan Tribbett,RS-JR/TR,48,165489
SMU Mustangs,special_teams,LS,2,Cody Williford,FR,47,183385
SMU Mustangs,special_teams,H,1,Wade McSparron,RS-SO,43,172633
SMU Mustangs,special_teams,PR,1,Yamir Knight,SR/TR,8,165716
SMU Mustangs,special_teams,PR,2,Jalen Cooper,SO,10,174496
SMU Mustangs,special_teams,KR,1,Daylon Singleton,SO,13,174495
SMU Mustangs,special_teams,KR,2,Link Rhodes,SR/TR,24,174499
South Alabama Jaguars,offense,WR-X,1,Micah Woods,RS-SR/TR,6,165428
South Alabama Jaguars,offense,WR-X,2,Dominic White,FR,23,183000
South Alabama Jaguars,offense,WR-X,3,Noah Toster,RS-JR/TR,8,170021
South Alabama Jaguars,offense,WR-Z,1,Brendan Jenkins,SR/TR,12,175429
South Alabama Jaguars,offense,WR-Z,2,Khatori Marion,FR,10,182988
South Alabama Jaguars,offense,WR-Z,3,Jerrian Graham,RS-SO,19,172312
South Alabama Jaguars,offense,WR-SL,1,Anthony Eager,RS-JR,1,164185
South Alabama Jaguars,offense,WR-SL,2,Jeremiah Jones-Thomas,SO,2,178132
South Alabama Jaguars,offense,WR-SL,3,Trae Stevenson,RS-FR,11,178141
South Alabama Jaguars,offense,LT,1,Reese Osei-Wusu,RS-JR/TR,68,178139
South Alabama Jaguars,offense,LT,2,Kyle Greak,FR,62,182975
South Alabama Jaguars,offense,LG,1,Jamal Siler,RS-SO/TR,64,169984
South Alabama Jaguars,offense,LG,2,Devin White,RS-FR,66,178144
South Alabama Jaguars,offense,C,1,Kenton Jerido,RS-SR,69,154911
South Alabama Jaguars,offense,C,2,Devon Waller,RS-JR/TR,60,182997
South Alabama Jaguars,offense,RG,1,Shalik Hubbard,RS-SR/TR,57,182979
South Alabama Jaguars,offense,RG,2,Diego Camboia,RS-SR/TR,51,171055
South Alabama Jaguars,offense,RT,1,Ethan Hubbard,RS-JR/TR,72,161623
South Alabama Jaguars,offense,RT,2,Jaylen Booker,RS-SO/TR,71,178128
South Alabama Jaguars,offense,TE,1,Rod Gibbs,SR/TR,9,172310
South Alabama Jaguars,offense,TE,2,Everett Hunter,RS-SR/TR,83,162203
South Alabama Jaguars,offense,TE,3,Jordan Morris,SR/TR,87,183006
South Alabama Jaguars,offense,TE,4,Nate Forystek,RS-SR/TR,84,178130
South Alabama Jaguars,offense,TE,5,Julius Mathis,FR,82,182989
South Alabama Jaguars,offense,QB,1,Bishop Davenport,RS-SR/TR,4,164192
South Alabama Jaguars,offense,QB,2,Jared Hollins,RS-SO,7,170015
South Alabama Jaguars,offense,QB,3,Taylor Jacobs Jr.,FR,15,182982
South Alabama Jaguars,offense,QB,4,Aaden Shamburger,FR,16,182994
South Alabama Jaguars,offense,QB,5,Jerry Horne,SO/TR,18,177416
South Alabama Jaguars,offense,RB,1,Keenan Phillips,JR/TR,3,175433
South Alabama Jaguars,offense,RB,2,PJ Martin,RS-JR,0,164187
South Alabama Jaguars,offense,RB,3,Trae'von Dunbar,RS-SO/TR,21,168465
South Alabama Jaguars,offense,RB,4,Julyon Jordan,RS-FR,24,178133
South Alabama Jaguars,offense,RB,5,Lavonte Cole,FR,20,182970
South Alabama Jaguars,defense,DE,1,Emmanuel Waller,SR/TR,9,164607
South Alabama Jaguars,defense,DE,2,E'Mauri Smiley,SO,90,175434
South Alabama Jaguars,defense,NT,1,Stephen Johnson,RS-JR/TR,56,78816
South Alabama Jaguars,defense,NT,2,Tyler Carter,RS-SO,41,172329
South Alabama Jaguars,defense,NT,3,Rodney Hunter,JR/TR,39,182980
South Alabama Jaguars,defense,DT,1,Mase Lewis,RS-SR/TR,18,182986
South Alabama Jaguars,defense,DT,2,Andrew Washburn,RS-SR/TR,85,80536
South Alabama Jaguars,defense,DT,3,Andrew Hines,SO/TR,11,183003
South Alabama Jaguars,defense,EDGE,1,Dylan Chiedo,RS-SR/TR,42,182969
South Alabama Jaguars,defense,EDGE,2,Tre'Mon Henry,RS-JR/TR,25,162551
South Alabama Jaguars,defense,EDGE,3,Christian Ross,RS-SR/TR,17,183007
South Alabama Jaguars,defense,EDGE,4,Jordan Williams,RS-JR,48,167292
South Alabama Jaguars,defense,EDGE,5,Xavious Anderson Jr.,FR,26,182964
South Alabama Jaguars,defense,WLB,1,Parker Shattuck,JR,0,172327
South Alabama Jaguars,defense,WLB,2,William Felton IV,RS-SO,10,172309
South Alabama Jaguars,defense,WLB,3,Jacob Porco,RS-SO,43,172324
South Alabama Jaguars,defense,MLB,1,Seidrion Langston,SR/TR,16,171308
South Alabama Jaguars,defense,MLB,2,Terry Kirksey Jr.,RS-SR/TR,46,161858
South Alabama Jaguars,defense,MLB,3,Kaydon Degraffenreid,JR/TR,6,182974
South Alabama Jaguars,defense,FCB,1,Jaylen Moson,RS-JR/TR,12,176723
South Alabama Jaguars,defense,FCB,2,Cube Gurley,RS-SO,23,172314
South Alabama Jaguars,defense,FCB,3,Deuce Vance,RS-FR,7,175437
South Alabama Jaguars,defense,SS,1,DJ Moore,RS-SR/TR,1,153990
South Alabama Jaguars,defense,SS,2,Kam Robinson,SR/TR,13,183004
South Alabama Jaguars,defense,SS,3,Kaleb Jackson,RS-SO,29,170023
South Alabama Jaguars,defense,FS,1,Cole Blaylock,RS-JR,14,164183
South Alabama Jaguars,defense,FS,2,Kohl Bradley,RS-FR,4,175426
South Alabama Jaguars,defense,BCB,1,Damyrion Darby,JR,24,172306
South Alabama Jaguars,defense,BCB,2,Tre Webb III,RS-JR/TR,3,182999
South Alabama Jaguars,defense,BCB,3,Colby Williams,RS-JR/TR,15,173520
South Alabama Jaguars,defense,NB,1,Jayvon Henderson,RS-SR/TR,2,175428
South Alabama Jaguars,defense,NB,2,Dallas Young,RS-JR/TR,8,160670
South Alabama Jaguars,defense,NB,3,Deon Callins,FR,21,182966
South Alabama Jaguars,special_teams,PT,1,Aleksi Pulkkinen,SR,40,166613
South Alabama Jaguars,special_teams,PT,2,Max Roth,JR/TR,97,182993
South Alabama Jaguars,special_teams,PT,3,Christopher Aikman,FR,98,182962
South Alabama Jaguars,special_teams,PK,1,Dylan Freebury,RS-FR/TR,37,176120
South Alabama Jaguars,special_teams,PK,2,Davis Little,RS-SO,35,170024
South Alabama Jaguars,special_teams,KO,1,Peyton Argent,RS-JR/TR,38,165659
South Alabama Jaguars,special_teams,KO,2,Davis Little,RS-SO,35,170024
South Alabama Jaguars,special_teams,LS,1,Baxter Turner,RS-JR,44,167283
South Alabama Jaguars,special_teams,LS,2,Grant Rountree,RS-JR/TR,47,172325
South Alabama Jaguars,special_teams,H,1,Aleksi Pulkkinen,SR,40,166613
South Alabama Jaguars,special_teams,PR,1,Jeremiah Jones-Thomas,SO,2,178132
South Alabama Jaguars,special_teams,PR,2,Keenan Phillips,JR/TR,3,175433
South Alabama Jaguars,special_teams,KR,1,Keenan Phillips,JR/TR,3,175433
South Alabama Jaguars,special_teams,KR,2,Micah Woods,RS-SR/TR,6,165428
South Carolina Gamecocks,offense,WR-X,1,Nitro Tuggle,JR/TR,1,167915
South Carolina Gamecocks,offense,WR-X,2,Donovan Murph,SO,6,174555
South Carolina Gamecocks,offense,WR-X,3,Malik Clark,RS-FR,13,174554
South Carolina Gamecocks,offense,WR-Z,1,Nyck Harbor,SR,8,161302
South Carolina Gamecocks,offense,WR-Z,2,DJ Black,RS-SR/TR,83,77397
South Carolina Gamecocks,offense,WR-Z,3,Jordon Gidron,RS-FR,7,174539
South Carolina Gamecocks,offense,WR-SL,1,Mazeo Bennett Jr.,JR,3,168347
South Carolina Gamecocks,offense,WR-SL,2,Charly Mullaly,RS-JR/TR,84,179506
South Carolina Gamecocks,offense,WR-SL,3,Sequel Patterson,FR,23,179512
South Carolina Gamecocks,offense,LT,1,Jacarrius Peak,RS-SR/TR,65,156137
South Carolina Gamecocks,offense,LT,2,Armando Nieves,RS-SR/TR,79,175344
South Carolina Gamecocks,offense,LT,3,Seth Smith,RS-SR/TR,78,179386
South Carolina Gamecocks,offense,LG,1,Hank Purvis,JR/TR,52,172832
South Carolina Gamecocks,offense,LG,2,Ebubedike Nnabugwu,RS-JR/TR,51,177265
South Carolina Gamecocks,offense,LG,3,Darius Gray,FR,77,179511
South Carolina Gamecocks,offense,C,1,Carter Miller,RS-SR/TR,50,79112
South Carolina Gamecocks,offense,C,2,Nolan Hay,RS-SR/TR,62,177340
South Carolina Gamecocks,offense,RG,1,Emmanuel Kojo Poku,RS-SR/TR,69,157668
South Carolina Gamecocks,offense,RG,2,Adedamola Ajidahun,RS-FR,55,174532
South Carolina Gamecocks,offense,RG,3,Markee Anderson,RS-JR,58,161286
South Carolina Gamecocks,offense,RT,1,Shed Sarratt Jr.,SO,72,174549
South Carolina Gamecocks,offense,RT,2,Dayne Arnett,RS-SR/TR,75,179495
South Carolina Gamecocks,offense,RT,3,Zyon Guiles,FR,76,179503
South Carolina Gamecocks,offense,TE,1,Brady Hunt,GR/TR,87,168339
South Carolina Gamecocks,offense,TE,2,Mike Tyler,SO,5,174556
South Carolina Gamecocks,offense,TE,3,Max Drag,RS-JR/TR,80,161408
South Carolina Gamecocks,offense,TE,4,Maurice Brown II,SR,44,161287
South Carolina Gamecocks,offense,QB,1,LaNorris Sellers,RS-JR,16,161296
South Carolina Gamecocks,offense,QB,2,Cutter Woods,RS-FR,12,174551
South Carolina Gamecocks,offense,QB,3,Lucian Anderson III,RS-JR/TR,15,161490
South Carolina Gamecocks,offense,QB,4,Landon Duckworth,FR,11,179501
South Carolina Gamecocks,offense,RB,1,Matt Fuller,RS-SO,28,171125
South Carolina Gamecocks,offense,RB,2,Christian Clark,RS-SO/TR,10,169279
South Carolina Gamecocks,offense,RB,3,Jawarn Howell,RS-JR/TR,22,168352
South Carolina Gamecocks,offense,RB,4,Isaiah Augustave,RS-JR/TR,4,160654
South Carolina Gamecocks,defense,LDE,1,Dylan Stewart,JR,6,168362
South Carolina Gamecocks,defense,LDE,2,Drew Collins,RS-SO/TR,27,170037
South Carolina Gamecocks,defense,LDE,3,George Wilson Jr.,GR/TR,10,73175
South Carolina Gamecocks,defense,LDE,4,Jaquavious Dodd,RS-FR,22,174537
South Carolina Gamecocks,defense,LDT,1,Gabriel Brownlow-Dindy,RS-SR/TR,99,153032
South Carolina Gamecocks,defense,LDT,2,Kelby Collins,SR/TR,97,162427
South Carolina Gamecocks,defense,LDT,3,Noah Clark,FR,65,179499
South Carolina Gamecocks,defense,LDT,4,Christian Ingram,RS-FR,95,174544
South Carolina Gamecocks,defense,RDT,1,Troy Pikes,RS-JR/TR,33,166951
South Carolina Gamecocks,defense,RDT,2,Tomiwa Durojaiye,RS-SR/TR,13,168166
South Carolina Gamecocks,defense,RDT,3,Jordan Thomas,RS-SO/TR,11,167923
South Carolina Gamecocks,defense,RDE,1,Anthony Addison,RS-FR,40,174531
South Carolina Gamecocks,defense,RDE,2,Caleb Herring,SR/TR,39,160816
South Carolina Gamecocks,defense,RDE,3,Julian Walker,FR,55,179508
South Carolina Gamecocks,defense,RDE,4,Kobby Sakyi-Prah,RS-FR,41,174548
South Carolina Gamecocks,defense,WLB,1,Justin Okoronkwo,JR/TR,17,167941
South Carolina Gamecocks,defense,WLB,2,A.J. Holloway,RS-FR,32,174542
South Carolina Gamecocks,defense,WLB,3,Jamian Risher Jr.,RS-SR,34,165664
South Carolina Gamecocks,defense,MLB,1,Fred Johnson,JR,0,168354
South Carolina Gamecocks,defense,MLB,2,Shawn Murphy,RS-SR/TR,7,168144
South Carolina Gamecocks,defense,MLB,3,Donovan Darden,SO,15,174536
South Carolina Gamecocks,defense,MLB,4,Josh Smith,RS-FR,20,174552
South Carolina Gamecocks,defense,LCB,1,Vicari Swain,RS-JR,4,162971
South Carolina Gamecocks,defense,LCB,2,Damarcus Leach,SO,19,174546
South Carolina Gamecocks,defense,LCB,3,Jalewis Solomon,RS-SO,16,171134
South Carolina Gamecocks,defense,SS,1,David Bucey,JR,9,168348
South Carolina Gamecocks,defense,SS,2,J'Zavien Currence,FR,14,179500
South Carolina Gamecocks,defense,SS,3,Kelvin Hunter,RS-SO,3,168353
South Carolina Gamecocks,defense,FS,1,Peyton Williams,RS-SR,31,153699
South Carolina Gamecocks,defense,FS,2,Kendall Daniels Jr.,SO,5,174535
South Carolina Gamecocks,defense,RCB,1,Judge Collier,SR,8,161288
South Carolina Gamecocks,defense,RCB,2,Kosci Barnes,FR,28,179496
South Carolina Gamecocks,defense,NB,1,Quay'sheed Scott,JR/TR,12,168329
South Carolina Gamecocks,defense,NB,2,Gerald Kilgore,RS-SR/TR,1,168355
South Carolina Gamecocks,defense,NB,3,Jaquel Holman,SO,18,174543
South Carolina Gamecocks,special_teams,PT,1,Mason Love,RS-SO,24,168357
South Carolina Gamecocks,special_teams,PT,2,Max Kelley,SO,14,174545
South Carolina Gamecocks,special_teams,PK,1,Upton Bellenfant,RS-SR/TR,27,157270
South Carolina Gamecocks,special_teams,PK,2,Mason Love,RS-SO,24,168357
South Carolina Gamecocks,special_teams,KO,1,Max Kelley,SO,14,174545
South Carolina Gamecocks,special_teams,KO,2,Mason Love,RS-SO,24,168357
South Carolina Gamecocks,special_teams,LS,1,Emmet Rhoades,RS-JR/TR,57,172930
South Carolina Gamecocks,special_teams,LS,2,Kyler Farrow,RS-FR,57,174538
South Carolina Gamecocks,special_teams,LS,3,Gunnar Yocum,RS-SO,29,171135
South Carolina Gamecocks,special_teams,H,1,Mason Love,RS-SO,24,168357
South Carolina Gamecocks,special_teams,H,2,Max Kelley,SO,14,174545
South Carolina Gamecocks,special_teams,PR,1,Vicari Swain,RS-JR,4,162971
South Carolina Gamecocks,special_teams,KR,1,Nyck Harbor,SR,8,161302
South Carolina Gamecocks,special_teams,KR,2,Jaquel Holman,SO,18,174543
South Florida Bulls,offense,WR-X,1,Jaron Glover,RS-SR/TR,7,167614
South Florida Bulls,offense,WR-X,2,Bryson Rodgers,RS-JR/TR,1,167699
South Florida Bulls,offense,WR-X,3,JeyQuan Smith,RS-JR,19,164071
South Florida Bulls,offense,WR-Z,1,Arhmad Branch,RS-JR/TR,4,165552
South Florida Bulls,offense,WR-Z,2,Cameron Seldon,SR/TR,0,160808
South Florida Bulls,offense,WR-Z,3,Armani Winfield,RS-SR/TR,9,153593
South Florida Bulls,offense,WR-SL,1,Mudia Reuben,RS-SR/TR,6,153724
South Florida Bulls,offense,WR-SL,2,Kenny Odom,RS-SR/TR,18,169931
South Florida Bulls,offense,WR-SL,3,Joshua Porter,JR,80,169849
South Florida Bulls,offense,LT,1,Michael Wooten,RS-SR/TR,77,153654
South Florida Bulls,offense,LT,2,Kahari Finley,SR/TR,71,180915
South Florida Bulls,offense,LT,3,TJ Lawrence,RS-SO,58,78368
South Florida Bulls,offense,LG,1,Thomas Shrader,GR/TR,67,78896
South Florida Bulls,offense,LG,2,Devin Davis,GR/TR,59,175103
South Florida Bulls,offense,C,1,Cash Hudson,RS-SR/TR,72,177245
South Florida Bulls,offense,C,2,Khalil Collins,RS-FR,60,174992
South Florida Bulls,offense,RG,1,Caleb Cook,GR/TR,78,147624
South Florida Bulls,offense,RG,2,Julius Tate,RS-SO/TR,61,171724
South Florida Bulls,offense,RT,1,Ethan Green,RS-SR/TR,79,153636
South Florida Bulls,offense,RT,2,Braden Carter,RS-SO,54,171866
South Florida Bulls,offense,RT,3,Caleb Harris,RS-FR,73,176466
South Florida Bulls,offense,TE,1,Wyatt Sullivan,RS-SR/TR,8,155807
South Florida Bulls,offense,TE,2,Evan Dangler,RS-SR,47,159695
South Florida Bulls,offense,TE,3,Luke Clyburn,GR/TR,87,180909
South Florida Bulls,offense,TE,4,Kade Caton,RS-SO/TR,85,171537
South Florida Bulls,offense,QB,1,Michael Van Buren Jr.,JR/TR,3,169230
South Florida Bulls,offense,QB,2,Luke Kromenhoek,RS-SO/TR,17,168155
South Florida Bulls,offense,QB,3,KJ Cooper,RS-SR/TR,10,180911
South Florida Bulls,offense,QB,4,Jayden Bradford,RS-SO/TR,16,168430
South Florida Bulls,offense,RB,1,D.J. Crowther,RS-SR/TR,5,180913
South Florida Bulls,offense,RB,2,Jason Collins Jr.,RS-JR/TR,2,180910
South Florida Bulls,offense,RB,3,Alvon Isaac,RS-SO,15,169845
South Florida Bulls,offense,RB,4,Chase Garnett,RS-FR,22,178424
South Florida Bulls,offense,RB,5,Tray Kinkle,RS-FR,24,178425
South Florida Bulls,defense,DE,1,C.J. Hicks,GR/TR,1,152725
South Florida Bulls,defense,DE,2,Michael Williams II,RS-SR,4,157692
South Florida Bulls,defense,DE,3,Terrell Jones,RS-SR/TR,90,153868
South Florida Bulls,defense,NT,1,Terry Simmons Jr.,RS-JR/TR,56,161630
South Florida Bulls,defense,NT,2,Jahari Grant,JR,99,171876
South Florida Bulls,defense,NT,3,Iverson Garcia-Ponce,FR,95,180917
South Florida Bulls,defense,DT,1,Asani Redwood,RS-SR/TR,11,156030
South Florida Bulls,defense,DT,2,Major Dillard,SR/TR,77,180914
South Florida Bulls,defense,DT,3,Ryan Jenkins,JR,28,171890
South Florida Bulls,defense,JACK,1,Shamar Meikle,JR/TR,10,173174
South Florida Bulls,defense,JACK,2,Marshon Oxley,RS-SR/TR,45,158343
South Florida Bulls,defense,JACK,3,Ashton Mosley,RS-SO,33,169847
South Florida Bulls,defense,WLB,1,Zavier Hamilton,RS-SO,25,169843
South Florida Bulls,defense,WLB,2,Sam Robinson,RS-SO/TR,7,172689
South Florida Bulls,defense,WLB,3,Gavin Leach,SO,53,174999
South Florida Bulls,defense,MLB,1,Grayson Howard,RS-JR/TR,0,167994
South Florida Bulls,defense,MLB,2,Michael Harris,SR/TR,54,164475
South Florida Bulls,defense,MLB,3,Rodney Hill,JR,6,169853
South Florida Bulls,defense,LCB,1,Za'Quan Bryan,RS-JR/TR,3,160520
South Florida Bulls,defense,LCB,2,Teddy Foster,RS-SO/TR,16,168002
South Florida Bulls,defense,LCB,3,Herlin Perry Jr.,RS-FR,35,176470
South Florida Bulls,defense,SS,1,A'Mon Lane-Ganus,RS-SO/TR,20,170633
South Florida Bulls,defense,SS,2,Israel Boyce,JR/TR,9,168452
South Florida Bulls,defense,SS,3,Malcolm Ziglar,JR/TR,13,168500
South Florida Bulls,defense,FS,1,Tavin Ward,RS-SR,2,154631
South Florida Bulls,defense,FS,2,Cedrick Hawkins Jr.,RS-JR/TR,23,161018
South Florida Bulls,defense,FS,3,Victor Zidor,RS-SR/TR,21,173551
South Florida Bulls,defense,RCB,1,Amarion Fortenberry,JR/TR,8,170012
South Florida Bulls,defense,RCB,2,Deylen Platt,RS-SO,29,171885
South Florida Bulls,defense,NB,1,Ayden Jackson,SR/TR,5,166956
South Florida Bulls,defense,NB,2,Tayvion Beasley,RS-SR/TR,15,163644
South Florida Bulls,defense,NB,3,Jabari Smith,SO,12,175008
South Florida Bulls,defense,NB,4,George Brown IV,RS-SO,41,171864
South Florida Bulls,special_teams,PT,1,Luke Goater,RS-FR,39,174994
South Florida Bulls,special_teams,PK,1,Nico Gramatica,JR,7,169842
South Florida Bulls,special_teams,PK,2,Lawson Thorn,RS-JR/TR,37,180925
South Florida Bulls,special_teams,PK,3,Gaston Gramatica,FR,10,180919
South Florida Bulls,special_teams,KO,1,Lawson Thorn,RS-JR/TR,37,180925
South Florida Bulls,special_teams,KO,2,Nico Gramatica,JR,7,169842
South Florida Bulls,special_teams,KO,3,Gaston Gramatica,FR,10,180919
South Florida Bulls,special_teams,LS,1,Turner McLaughlin,RS-SO/TR,48,175000
South Florida Bulls,special_teams,LS,2,Easton Bonnett,RS-SO,49,171863
South Florida Bulls,special_teams,H,1,Luke Goater,RS-FR,39,174994
South Florida Bulls,special_teams,PR,1,Joshua Porter,JR,80,169849
South Florida Bulls,special_teams,PR,2,Alvon Isaac,RS-SO,15,169845
South Florida Bulls,special_teams,KR,1,Alvon Isaac,RS-SO,15,169845
South Florida Bulls,special_teams,KR,2,JeyQuan Smith,RS-JR,19,164071
Southern Miss Golden Eagles,offense,WR-X,1,Davis Dalton,RS-SR,11,157814
Southern Miss Golden Eagles,offense,WR-X,2,AJ Little,RS-JR/TR,8,183305
Southern Miss Golden Eagles,offense,WR-X,3,King David Aboya,FR,80,183286
Southern Miss Golden Eagles,offense,WR-Z,1,Mario Sanders,RS-SR/TR,1,168946
Southern Miss Golden Eagles,offense,WR-Z,2,Grant Page,RS-SR/TR,13,165588
Southern Miss Golden Eagles,offense,WR-Z,3,Trey Horne,RS-JR/TR,23,168730
Southern Miss Golden Eagles,offense,WR-SL,1,Kaden Saunders,RS-SR/TR,7,152697
Southern Miss Golden Eagles,offense,WR-SL,2,Jaylen Himes,SO/TR,9,183299
Southern Miss Golden Eagles,offense,WR-SL,3,Eelijah Singleton,RS-JR/TR,0,183316
Southern Miss Golden Eagles,offense,LT,1,Greg Nunnery,GR/TR,58,169669
Southern Miss Golden Eagles,offense,LT,2,Larry Edwards,RS-SO,76,171138
Southern Miss Golden Eagles,offense,LG,1,Toby Mealer,RS-FR/TR,53,178633
Southern Miss Golden Eagles,offense,LG,2,Zerian Hudson,RS-SR/TR,55,170256
Southern Miss Golden Eagles,offense,LG,3,Casey Jean-Baptiste,JR/TR,75,183302
Southern Miss Golden Eagles,offense,C,1,Broderick Roman,GR/TR,67,133881
Southern Miss Golden Eagles,offense,C,2,Luke Rogers,RS-JR,74,162558
Southern Miss Golden Eagles,offense,C,3,Joe Rounds,RS-SR/TR,50,183314
Southern Miss Golden Eagles,offense,RG,1,Aloali'i Maui,GR/TR,62,165585
Southern Miss Golden Eagles,offense,RG,2,Brayden Warner,JR/TR,56,183323
Southern Miss Golden Eagles,offense,RG,3,Liam Cassidy,JR/TR,79,176928
Southern Miss Golden Eagles,offense,RT,1,Christian Young,RS-SR/TR,78,183333
Southern Miss Golden Eagles,offense,RT,2,Braden Cain,RS-SO/TR,70,183290
Southern Miss Golden Eagles,offense,TE,1,Preston Kilgore,RS-JR/TR,81,183303
Southern Miss Golden Eagles,offense,TE,2,Jeremiah Beck Jr.,RS-JR/TR,88,175296
Southern Miss Golden Eagles,offense,QB,1,Ethan Hampton,RS-SR/TR,5,148583
Southern Miss Golden Eagles,offense,QB,2,Landry Lyddy,RS-SR/TR,18,163024
Southern Miss Golden Eagles,offense,QB,3,John White,RS-SO,12,169678
Southern Miss Golden Eagles,offense,RB,1,Robert Briggs,RS-SR/TR,2,156629
Southern Miss Golden Eagles,offense,RB,2,Steven Robinson,RS-JR/TR,14,183313
Southern Miss Golden Eagles,offense,RB,3,Jamarice Wilder,RS-FR/TR,6,174642
Southern Miss Golden Eagles,offense,RB,4,Robert Henderson,RS-FR,20,176932
Southern Miss Golden Eagles,offense,RB,5,Brandon Hood,RS-SO/TR,26,171897
Southern Miss Golden Eagles,defense,LDE,1,Jeffery Rush Jr.,RS-SO/TR,15,167965
Southern Miss Golden Eagles,defense,LDE,2,A'mari Wilson,RS-JR/TR,11,183327
Southern Miss Golden Eagles,defense,LDE,3,Kameron Cyprien,JR/TR,7,183292
Southern Miss Golden Eagles,defense,LDT,1,Xavier McIver,RS-SR/TR,52,79345
Southern Miss Golden Eagles,defense,LDT,2,Josh Johnson,RS-JR/TR,95,183329
Southern Miss Golden Eagles,defense,LDT,3,Ari Slocum,FR,97,183317
Southern Miss Golden Eagles,defense,RDT,1,Nasim Cairo,RS-SR/TR,5,183291
Southern Miss Golden Eagles,defense,RDT,2,JR Stegall,JR/TR,90,183318
Southern Miss Golden Eagles,defense,RDE,1,Jameer Lewis,GR/TR,32,77394
Southern Miss Golden Eagles,defense,RDE,2,Will Smith,RS-SO/TR,41,169792
Southern Miss Golden Eagles,defense,RDE,3,Ramon Pernas,RS-SO/TR,17,173063
Southern Miss Golden Eagles,defense,WLB,1,Mathis Haygood,RS-JR/TR,13,167027
Southern Miss Golden Eagles,defense,WLB,2,Andrew Martin,SR/TR,6,183330
Southern Miss Golden Eagles,defense,WLB,3,Marrio Williams Jr.,JR/TR,34,183326
Southern Miss Golden Eagles,defense,MLB,1,Tyler Lassiter,RS-SO/TR,2,183332
Southern Miss Golden Eagles,defense,MLB,2,Avery Sledge,RS-SR/TR,33,157371
Southern Miss Golden Eagles,defense,LCB,1,Champ Lewis,RS-SR/TR,1,154029
Southern Miss Golden Eagles,defense,LCB,2,Ishmael Ibraheem,RS-SR/TR,8,163045
Southern Miss Golden Eagles,defense,LCB,3,Hiroshi Carr,RS-JR/TR,23,170704
Southern Miss Golden Eagles,defense,SS,1,Michael Robinson III,RS-JR/TR,24,178696
Southern Miss Golden Eagles,defense,SS,2,Baron Taylor,JR/TR,26,183320
Southern Miss Golden Eagles,defense,SS,3,Jordan Pride,RS-SO/TR,14,168760
Southern Miss Golden Eagles,defense,FS,1,Laquan Robinson,RS-SR/TR,12,168099
Southern Miss Golden Eagles,defense,FS,2,Landon Sylvie,JR/TR,25,183319
Southern Miss Golden Eagles,defense,FS,3,Kobi Albert,RS-SR/TR,22,162140
Southern Miss Golden Eagles,defense,RCB,1,Kelby Hampton,SO/TR,28,183297
Southern Miss Golden Eagles,defense,RCB,2,Jonah Martinez,RS-JR/TR,16,174613
Southern Miss Golden Eagles,defense,NB,1,Sammy Anderson Jr.,RS-SR/TR,21,79515
Southern Miss Golden Eagles,defense,NB,2,Jyaire Brown,RS-SR/TR,3,78696
Southern Miss Golden Eagles,defense,NB,3,MaLik Caswell,RS-SO/TR,18,172189
Southern Miss Golden Eagles,special_teams,PT,1,Dusty Zimmer,SO,36,174339
Southern Miss Golden Eagles,special_teams,PT,2,Reed Harradine,RS-JR/TR,96,165195
Southern Miss Golden Eagles,special_teams,PK,1,Creighton Wilbanks,SO,40,176940
Southern Miss Golden Eagles,special_teams,PK,2,Reed Harradine,RS-JR/TR,96,165195
Southern Miss Golden Eagles,special_teams,KO,1,Reed Harradine,RS-JR/TR,96,165195
Southern Miss Golden Eagles,special_teams,KO,2,Creighton Wilbanks,SO,40,176940
Southern Miss Golden Eagles,special_teams,LS,1,Luke Beard,RS-JR/TR,46,165263
Southern Miss Golden Eagles,special_teams,LS,2,Andrew Tate,RS-JR/TR,30,176173
Southern Miss Golden Eagles,special_teams,H,1,Dusty Zimmer,SO,36,174339
Southern Miss Golden Eagles,special_teams,H,2,Reed Harradine,RS-JR/TR,96,165195
Southern Miss Golden Eagles,special_teams,PR,1,AJ Little,RS-JR/TR,8,183305
Southern Miss Golden Eagles,special_teams,PR,2,Kaden Saunders,RS-SR/TR,7,152697
Southern Miss Golden Eagles,special_teams,KR,1,Eelijah Singleton,RS-JR/TR,0,183316
Southern Miss Golden Eagles,special_teams,KR,2,Mario Sanders,RS-SR/TR,1,168946
Stanford Cardinal,offense,WR-X,1,Carter Shaw,RS-JR/TR,15,165679
Stanford Cardinal,offense,WR-X,2,Jordan Onovughe,RS-JR/TR,4,161183
Stanford Cardinal,offense,WR-X,3,David Pantelis,RS-SR/TR,19,174806
Stanford Cardinal,offense,WR-Z,1,JonAnthony Hall,RS-FR,11,174790
Stanford Cardinal,offense,WR-Z,2,Zion Robinson,FR,2,181019
Stanford Cardinal,offense,WR-Z,3,Liam Thorpe,SO,13,174796
Stanford Cardinal,offense,WR-SL,1,Nico Brown,RS-SR/TR,23,181018
Stanford Cardinal,offense,WR-SL,2,Marcus Brown,RS-SO,3,171577
Stanford Cardinal,offense,LT,1,Niki Prongos,RS-SR/TR,66,157915
Stanford Cardinal,offense,LT,2,Charlie Symonds,RS-JR,73,161230
Stanford Cardinal,offense,LG,1,Josh Williams,SO,62,174801
Stanford Cardinal,offense,C,1,Aidan Kilstrom,RS-SR/TR,52,183244
Stanford Cardinal,offense,C,2,Fisher Anderson,RS-SR,74,156378
Stanford Cardinal,offense,C,3,Carson Caplan,RS-SO,63,171556
Stanford Cardinal,offense,RG,1,Simione Pale,RS-JR,55,161227
Stanford Cardinal,offense,RG,2,Ziron Brown,RS-SO,51,171555
Stanford Cardinal,offense,RT,1,Kahlil House,JR,58,171564
Stanford Cardinal,offense,TE,1,Benji Blackburn,JR,88,171554
Stanford Cardinal,offense,TE,2,Chico Holt,RS-JR/TR,84,166721
Stanford Cardinal,offense,TE,3,Reiman Zebert,RS-FR,83,174800
Stanford Cardinal,offense,QB,1,Davis Warren,GR/TR,8,151182
Stanford Cardinal,offense,QB,2,Dylan Rizk,RS-JR/TR,10,163943
Stanford Cardinal,offense,QB,3,Michael Mitchell Jr.,FR,9,181016
Stanford Cardinal,offense,QB,4,Charlie Mirer,RS-SR,17,156390
Stanford Cardinal,offense,RB,1,Micah Ford,JR,20,171576
Stanford Cardinal,offense,RB,2,Sedrick Irvin,SR,26,161223
Stanford Cardinal,offense,RB,3,Tuna Altahir,RS-SR/TR,6,174807
Stanford Cardinal,defense,LDE,1,Omar Staples,RS-JR,45,161229
Stanford Cardinal,defense,LDE,2,Joe Asiain,RS-SO,55,171551
Stanford Cardinal,defense,NT,1,Braden Marceau-Olayinka,RS-JR,75,161225
Stanford Cardinal,defense,NT,2,Jacobi Murray,RS-SO,42,171566
Stanford Cardinal,defense,RDE,1,Zach Rowell,RS-SR,97,156393
Stanford Cardinal,defense,RDE,2,Connor Bachhuber,RS-SO,96,171552
Stanford Cardinal,defense,LOLB,1,Tevarua Tafiti,RS-SR,11,155667
Stanford Cardinal,defense,LOLB,2,Gabe Kaminski,RS-FR,49,174791
Stanford Cardinal,defense,LOLB,3,Tre Williams,RS-JR,36,161233
Stanford Cardinal,defense,LILB,1,Matt Rose,RS-SR,35,156392
Stanford Cardinal,defense,LILB,2,Sam Mattingly,JR,10,169491
Stanford Cardinal,defense,RILB,1,Jahsiah Galvan,RS-SR/TR,0,80758
Stanford Cardinal,defense,RILB,2,Zach Johnson,RS-JR/TR,38,174804
Stanford Cardinal,defense,ROLB,1,Ernest Cooper,RS-SR,44,155666
Stanford Cardinal,defense,ROLB,2,Dylan Stephenson,RS-SO,2,169493
Stanford Cardinal,defense,LCB,1,Aaron Morris,RS-JR,31,161237
Stanford Cardinal,defense,LCB,2,Leroy Bryant,RS-JR/TR,4,160200
Stanford Cardinal,defense,LCB,3,Sam Neely III,RS-SO/TR,28,168584
Stanford Cardinal,defense,LCB,4,Dre Pollard,FR,14,181017
Stanford Cardinal,defense,SS,1,Scotty Edwards,RS-SR,21,156377
Stanford Cardinal,defense,SS,2,Charlie Eckhardt,RS-SO,39,171559
Stanford Cardinal,defense,FS,1,Darrius Davis,JR,6,171557
Stanford Cardinal,defense,FS,2,Jaylen'Dai Sumlin,RS-SO,3,171573
Stanford Cardinal,defense,RCB,1,Brandon Nicholson,JR,9,171567
Stanford Cardinal,defense,RCB,2,Cam Richardson,RS-SO,8,169495
Stanford Cardinal,defense,RCB,3,Chris Garland,RS-FR,26,174802
Stanford Cardinal,defense,NB,1,Jay Green,RS-SR/TR,5,79737
Stanford Cardinal,defense,NB,2,Lonnie McAllister III,RS-FR,24,174792
Stanford Cardinal,defense,NB,3,Breylan Thompson,JR/TR,27,176580
Stanford Cardinal,special_teams,PT,1,Aidan Flintoft,SR,37,161219
Stanford Cardinal,special_teams,PK,1,Emmet Kenney,RS-SR,13,148354
Stanford Cardinal,special_teams,PK,2,AJ Seidler,RS-SO,92,171571
Stanford Cardinal,special_teams,PK,3,London Bironas,RS-FR,19,174786
Stanford Cardinal,special_teams,KO,1,Emmet Kenney,RS-SR,13,148354
Stanford Cardinal,special_teams,KO,2,London Bironas,RS-FR,19,174786
Stanford Cardinal,special_teams,KO,3,AJ Seidler,RS-SO,92,171571
Stanford Cardinal,special_teams,LS,1,Peyton Warford,RS-SR/TR,93,166730
Stanford Cardinal,special_teams,LS,2,Alejandro Chavez,RS-SR,47,156381
Stanford Cardinal,special_teams,H,1,Aidan Flintoft,SR,37,161219
Stanford Cardinal,special_teams,PR,1,Liam Thorpe,SO,13,174796
Stanford Cardinal,special_teams,KR,1,Liam Thorpe,SO,13,174796
Stanford Cardinal,special_teams,KR,2,Sedrick Irvin,SR,26,161223
Syracuse Orange,offense,WR-X,1,Umari Hatcher,RS-SR,2,150790
Syracuse Orange,offense,WR-X,2,Cole Weaver,RS-JR/TR,11,164296
Syracuse Orange,offense,WR-X,3,Matthew Outten,RS-FR/TR,13,174004
Syracuse Orange,offense,WR-Z,1,Justus Ross-Simmons,SR/TR,86,158345
Syracuse Orange,offense,WR-Z,2,Zamondre Merriweather,RS-SR/TR,14,155185
Syracuse Orange,offense,WR-Z,3,Elijah Moore,RS-SO/TR,17,171175
Syracuse Orange,offense,WR-SL,1,Tyshawn Russell,RS-JR/TR,8,165665
Syracuse Orange,offense,WR-SL,2,Darien Williams,SO,7,177469
Syracuse Orange,offense,WR-SL,3,Darius Johnson,RS-FR,6,176199
Syracuse Orange,offense,LT,1,Trevion Mack,RS-JR,75,165898
Syracuse Orange,offense,LT,2,Naquil Betrand,RS-JR/TR,60,167925
Syracuse Orange,offense,LT,3,Vito Shevchenko,RS-SO,73,172464
Syracuse Orange,offense,LG,1,Oluwafunto Akinshilo,RS-SR/TR,69,157090
Syracuse Orange,offense,LG,2,Jayden Mann,RS-FR,71,177462
Syracuse Orange,offense,C,1,Joe Cruz,RS-SR,78,153505
Syracuse Orange,offense,C,2,Kahlil Stewart,RS-FR,50,177467
Syracuse Orange,offense,C,3,Matthew Hawn,RS-FR,74,177459
Syracuse Orange,offense,RG,1,Byron Washington,SO,76,176174
Syracuse Orange,offense,RG,2,Zach Rice,RS-SR/TR,55,153400
Syracuse Orange,offense,RG,3,Travis Brown-Miller,RS-SO,79,172447
Syracuse Orange,offense,RT,1,Kam Pringle,RS-SO/TR,77,168359
Syracuse Orange,offense,RT,2,David Ndukwe,RS-SR/TR,58,165104
Syracuse Orange,offense,RT,3,Kardiear Shepherd,RS-FR,70,177466
Syracuse Orange,offense,TE,1,David Clement,SR,0,162579
Syracuse Orange,offense,TE,2,Noah Meyers,RS-JR/TR,81,164092
Syracuse Orange,offense,TE,3,Daunte Bacheyie,SO,19,177449
Syracuse Orange,offense,QB,1,Steve Angeli,RS-SR/TR,9,152978
Syracuse Orange,offense,QB,2,Amari Odom,RS-JR/TR,12,175390
Syracuse Orange,offense,QB,3,Danny Lauter,RS-SR/TR,21,180536
Syracuse Orange,offense,RB,1,Ahmad Miller,RS-JR/TR,22,180547
Syracuse Orange,offense,RB,2,Ju'Juan Johnson,JR/TR,4,169004
Syracuse Orange,offense,RB,3,Tylik Hill,SO,20,177460
Syracuse Orange,defense,DE,1,Tunmise Adeleye,RS-SR/TR,30,168522
Syracuse Orange,defense,DE,2,Nathan Nyandoro,RS-FR,15,176189
Syracuse Orange,defense,NT,1,Rashard Perry,SR,92,165904
Syracuse Orange,defense,NT,2,Jartavius Flounoy,SO/TR,98,177567
Syracuse Orange,defense,DT,1,Dillan Fontus,SR/TR,95,161256
Syracuse Orange,defense,DT,2,Isaiah Hastings,RS-SR/TR,99,78787
Syracuse Orange,defense,DT,3,Nissi Ogbebor,SO,11,177464
Syracuse Orange,defense,JACK,1,Keyshawn Johnson,SR/TR,14,180546
Syracuse Orange,defense,JACK,2,David Omopariola,RS-JR,18,162581
Syracuse Orange,defense,JACK,3,Jamie Tremble,JR,82,172467
Syracuse Orange,defense,WLB,1,Chris D'Appolonia,RS-JR/TR,6,164331
Syracuse Orange,defense,WLB,2,Gary Bryant III,RS-SR/TR,10,177452
Syracuse Orange,defense,MLB,1,Antoine Deslauriers,SO,5,176182
Syracuse Orange,defense,MLB,2,Zyian Moultrie-Goddard,RS-JR,2,165899
Syracuse Orange,defense,LCB,1,Demetres Samuel Jr.,SO,1,174300
Syracuse Orange,defense,LCB,2,Nazir Ward,RS-JR/TR,7,164095
Syracuse Orange,defense,LCB,3,Ziyyon Bredell,RS-FR,22,177451
Syracuse Orange,defense,SS,1,Cornell Perry,RS-SR,19,153513
Syracuse Orange,defense,SS,2,Amare Snowden,RS-JR/TR,13,163389
Syracuse Orange,defense,FS,1,Braheem Long Jr.,JR,0,169258
Syracuse Orange,defense,FS,2,Tedarius Hughes,FR,8,180535
Syracuse Orange,defense,FS,3,Rayshon Andrews,SO,20,176178
Syracuse Orange,defense,RCB,1,Chris Peal,RS-JR/TR,12,166911
Syracuse Orange,defense,RCB,2,Javon Lawrence,RS-FR,27,177461
Syracuse Orange,defense,NB,1,Davien Kerr,JR,3,172458
Syracuse Orange,defense,NB,2,Jai Eugene Jr.,RS-JR/TR,9,163630
Syracuse Orange,special_teams,PT,1,Jimmy Gregg,FR,41,180533
Syracuse Orange,special_teams,PT,2,Mateja Pavlovich,RS-FR,46,178638
Syracuse Orange,special_teams,PK,1,Tripp Woody,RS-SO/TR,47,168389
Syracuse Orange,special_teams,PK,2,Shay Barker,FR,40,180549
Syracuse Orange,special_teams,KO,1,Tripp Woody,RS-SO/TR,47,168389
Syracuse Orange,special_teams,KO,2,Shay Barker,FR,40,180549
Syracuse Orange,special_teams,LS,1,Fran Brown Jr.,RS-JR/TR,21,174299
Syracuse Orange,special_teams,H,1,Jimmy Gregg,FR,41,180533
Syracuse Orange,special_teams,H,2,Mateja Pavlovich,RS-FR,46,178638
Syracuse Orange,special_teams,PR,1,Demetres Samuel Jr.,SO,1,174300
Syracuse Orange,special_teams,PR,2,Davien Kerr,JR,3,172458
Syracuse Orange,special_teams,KR,1,Davion Kerr,RS-FR,3,176187
Syracuse Orange,special_teams,KR,2,Tylik Hill,SO,20,177460
TCU Horned Frogs,offense,WR-X,1,Jordan Dwyer,RS-SR/TR,7,174605
TCU Horned Frogs,offense,WR-X,2,Terry Shelton,RS-FR,15,174621
TCU Horned Frogs,offense,WR-Z,1,Jeremy Scott,RS-SO/TR,6,172326
TCU Horned Frogs,offense,WR-Z,2,Dozie Ezukanma,RS-SO,0,169397
TCU Horned Frogs,offense,WR-Z,3,James Scott,FR,13,180504
TCU Horned Frogs,offense,WR-SL,1,Ed Small,SO,18,174630
TCU Horned Frogs,offense,WR-SL,2,Major Everhart,RS-SR,3,154016
TCU Horned Frogs,offense,WR-SL,3,Dane Jones,RS-FR,17,174611
TCU Horned Frogs,offense,LT,1,Ben Taylor-Whitfield,SR,56,160630
TCU Horned Frogs,offense,LT,2,Wesley Harvey,RS-SO,66,169398
TCU Horned Frogs,offense,LG,1,Cade Bennett,GR/TR,60,154094
TCU Horned Frogs,offense,LG,2,Logan Schram,RS-FR,65,174620
TCU Horned Frogs,offense,LG,3,Dylan Kinney,RS-SR/TR,61,176689
TCU Horned Frogs,offense,C,1,Cooper Powers,RS-JR,77,160624
TCU Horned Frogs,offense,C,2,Jaheim Buchanon,RS-JR/TR,59,160855
TCU Horned Frogs,offense,C,3,Gannon Gaubert,RS-SR,69,159123
TCU Horned Frogs,offense,RG,1,Noah McKinney,RS-SR/TR,58,162370
TCU Horned Frogs,offense,RG,2,Kilian Registe,RS-FR,73,174616
TCU Horned Frogs,offense,RT,1,Witten Van Hoy,SO,50,174624
TCU Horned Frogs,offense,RT,2,Ryan Hughes,RS-SO,70,169402
TCU Horned Frogs,offense,RT,3,Tobias Steppes,RS-SO,53,169413
TCU Horned Frogs,offense,TE,1,Ka'Morreun Pimpton,RS-JR/TR,88,160699
TCU Horned Frogs,offense,TE,2,Lafayette Kaiuway,RS-JR,12,160621
TCU Horned Frogs,offense,TE,3,Kari Ashley,RS-JR/TR,81,160887
TCU Horned Frogs,offense,QB,1,Jaden Craig,GR/TR,1,180494
TCU Horned Frogs,offense,QB,2,Adam Schobel,RS-FR,11,174618
TCU Horned Frogs,offense,QB,3,Jack Daulton,FR,9,180495
TCU Horned Frogs,offense,RB,1,Jeremy Payne,JR,26,169410
TCU Horned Frogs,offense,RB,2,Landon Walker,GR/TR,27,180509
TCU Horned Frogs,offense,RB,3,Jon Denman,SO,2,174604
TCU Horned Frogs,offense,RB,4,G'Ivori Graham,FR,20,182507
TCU Horned Frogs,offense,RB,5,Amante Martin,FR,23,182510
TCU Horned Frogs,defense,LDE,1,Paul Oyewale,RS-SR,97,154023
TCU Horned Frogs,defense,LDE,2,Koron Hayward,RS-JR/TR,16,164086
TCU Horned Frogs,defense,LDE,3,Cheta Ofili,RS-SO/TR,36,171493
TCU Horned Frogs,defense,NT,1,Markis Deal,RS-JR,95,160613
TCU Horned Frogs,defense,NT,2,Floyd Guidry,RS-FR,91,174606
TCU Horned Frogs,defense,DT,1,Ansel Din-Mbuh,SR/TR,92,161038
TCU Horned Frogs,defense,DT,2,Tristan Johnson,RS-SO,35,169403
TCU Horned Frogs,defense,DT,3,Perry Cole Jr.,JR/TR,34,174600
TCU Horned Frogs,defense,RDE,1,Zach Chapman,RS-JR,0,160611
TCU Horned Frogs,defense,RDE,2,John Schobel,RS-FR,14,174619
TCU Horned Frogs,defense,WLB,1,Max Carroll,RS-JR,3,160610
TCU Horned Frogs,defense,WLB,2,Michael Teason Jr.,RS-JR/TR,27,176692
TCU Horned Frogs,defense,WLB,3,Anthony Williams,RS-FR,20,174631
TCU Horned Frogs,defense,MLB,1,Michael Short,RS-JR/TR,11,162253
TCU Horned Frogs,defense,MLB,2,Hudson Hooper,RS-JR,37,165218
TCU Horned Frogs,defense,MLB,3,Sam Haley,RS-FR,44,174607
TCU Horned Frogs,defense,LCB,1,Gil Jackson Jr.,SO,4,174627
TCU Horned Frogs,defense,LCB,2,Kalen Carroll,RS-SR/TR,12,153621
TCU Horned Frogs,defense,LCB,3,Teon Parks,SR/TR,21,177435
TCU Horned Frogs,defense,SS,1,Jamel Johnson,SR,2,160620
TCU Horned Frogs,defense,SS,2,Kaden McFadden,JR,18,169406
TCU Horned Frogs,defense,FS,1,Jordan Lester,RS-JR,22,160622
TCU Horned Frogs,defense,FS,2,Ryan Yaites,SR/TR,13,160715
TCU Horned Frogs,defense,RCB,1,Vernon Glover Jr.,RS-JR,1,160618
TCU Horned Frogs,defense,RCB,2,Devondre McGee,JR,17,169407
TCU Horned Frogs,defense,NB,1,Julius Simms,SO,7,174622
TCU Horned Frogs,defense,NB,2,Kylin Jackson,RS-JR/TR,6,160717
TCU Horned Frogs,special_teams,PT,1,John Hoyet Chance,RS-SO/TR,48,172073
TCU Horned Frogs,special_teams,PT,2,Easton Black,RS-SR,97,159120
TCU Horned Frogs,special_teams,PK,1,Kyle Lemmermann,RS-SO,34,169405
TCU Horned Frogs,special_teams,PK,2,Nate McCashland,RS-JR,99,165219
TCU Horned Frogs,special_teams,KO,1,John Hoyet Chance,RS-SO/TR,48,172073
TCU Horned Frogs,special_teams,KO,2,Nate McCashland,RS-JR,99,165219
TCU Horned Frogs,special_teams,LS,1,Will Terry,FR,43,180505
TCU Horned Frogs,special_teams,LS,2,Aaron Bowers,RS-JR/TR,47,178709
TCU Horned Frogs,special_teams,H,1,Easton Black,RS-SR,97,159120
TCU Horned Frogs,special_teams,H,2,John Hoyet Chance,RS-SO/TR,48,172073
TCU Horned Frogs,special_teams,PR,1,Jordan Dwyer,RS-SR/TR,7,174605
TCU Horned Frogs,special_teams,PR,2,Ed Small,SO,18,174630
TCU Horned Frogs,special_teams,KR,1,Major Everhart,RS-SR,3,154016
TCU Horned Frogs,special_teams,KR,2,Ace Theus,FR,4,180506
TCU Horned Frogs,special_teams,KR,3,Jon Denman,SO,2,174604
Temple Owls,offense,WR-X,1,Colin Chase,RS-SR/TR,1,178677
Temple Owls,offense,WR-X,2,Rameir Hardy,SO,85,178679
Temple Owls,offense,WR-Z,1,Jayce Freeman,RS-SR/TR,10,181222
Temple Owls,offense,WR-Z,2,Demonte Greene,RS-JR/TR,12,181224
Temple Owls,offense,WR-SL,1,JoJo Bermudez,RS-SR/TR,17,72605
Temple Owls,offense,WR-SL,2,Reis Stocksdale,RS-SR/TR,86,150286
Temple Owls,offense,WR-SL,3,Hunter Watson,FR,80,181243
Temple Owls,offense,LT,1,Giakoby Hills,RS-SO,71,170207
Temple Owls,offense,LT,2,Kevin Terry,RS-JR,55,164049
Temple Owls,offense,LG,1,Eric King,RS-JR,52,164042
Temple Owls,offense,LG,2,Mausa Palu,RS-SR/TR,51,170215
Temple Owls,offense,C,1,Grayson Mains,RS-SR/TR,57,79006
Temple Owls,offense,C,2,John Stone,RS-JR/TR,76,162487
Temple Owls,offense,RG,1,Jackson Pruitt,RS-SR,54,156442
Temple Owls,offense,RG,2,C.J. Van Buren,GR/TR,56,178750
Temple Owls,offense,RG,3,Davray Venu,RS-SO,74,170221
Temple Owls,offense,RT,1,Luke Watson,RS-JR,75,164047
Temple Owls,offense,RT,2,Zach Aamland,RS-JR/TR,70,160753
Temple Owls,offense,RT,3,Ransom McDermott,RS-SO/TR,77,169709
Temple Owls,offense,TE,1,Ryder Kusch,SO,33,176211
Temple Owls,offense,TE,2,Peter Clarke,SR,88,162642
Temple Owls,offense,TE,3,Daniel Evert,JR,84,170205
Temple Owls,offense,TE,4,Joey Schlaffer,RS-JR/TR,18,159878
Temple Owls,offense,QB,1,Jaxon Smolik,RS-JR/TR,14,159879
Temple Owls,offense,QB,2,Ajani Sheppard,RS-JR/TR,13,162486
Temple Owls,offense,QB,3,Camren Boykin,RS-FR,11,178740
Temple Owls,offense,QB,4,Brady Palmer,FR,16,181241
Temple Owls,offense,QB,5,Brody Norman,FR,15,181234
Temple Owls,offense,RB,1,Hunter Smith,GR/TR,29,152465
Temple Owls,offense,RB,2,Sam Brown V,RS-SR/TR,27,152955
Temple Owls,offense,RB,3,Keveun Mason,SO,26,178746
Temple Owls,offense,RB,4,De'Carlos Young,RS-FR,21,176219
Temple Owls,offense,RB,5,R.J. Blount,FR,20,181220
Temple Owls,defense,DE,1,Quante Gillians,RS-FR/TR,94,177457
Temple Owls,defense,DE,2,Davier Bishop,RS-JR/TR,97,181219
Temple Owls,defense,DE,3,Cameron Jones,RS-SO,99,170225
Temple Owls,defense,DE,4,Lamar Fairfax,RS-FR/TR,88,177646
Temple Owls,defense,NT,1,Joseph Auzenne,RS-SR/TR,98,74790
Temple Owls,defense,NT,2,Kaleb Artis,RS-SR/TR,58,152701
Temple Owls,defense,NT,3,Troy Cunningham,RS-FR,95,178744
Temple Owls,defense,NT,4,Semi Odedele,RS-JR,96,173571
Temple Owls,defense,DT,1,Russell Sykes IV,RS-SO,52,170218
Temple Owls,defense,DT,2,Kevin Hornbeak,RS-SR/TR,93,181226
Temple Owls,defense,DT,3,Deshon Dodson,SO/TR,59,181221
Temple Owls,defense,DT,4,Jude Okeleke,FR,92,181235
Temple Owls,defense,RUSH,1,Jaylon Joseph,SR/TR,10,181228
Temple Owls,defense,RUSH,2,JaMair Diaz,RS-JR/TR,56,174313
Temple Owls,defense,RUSH,3,Josh Nengite,FR,54,181233
Temple Owls,defense,WLB,1,Curly Ordonez,SR/TR,33,176213
Temple Owls,defense,WLB,2,Tyree Alualu,JR,44,170199
Temple Owls,defense,WLB,3,Wesley Brown,RS-SO,36,170226
Temple Owls,defense,WLB,4,Willy Love,JR/TR,12,176212
Temple Owls,defense,MLB,1,Eric Stuart,GR/TR,22,170217
Temple Owls,defense,MLB,2,Jayvant Brown,RS-JR/TR,30,159796
Temple Owls,defense,MLB,3,Jordan Montgomery,RS-JR,15,164043
Temple Owls,defense,LCB,1,Denzel Chavis,RS-SO,13,170202
Temple Owls,defense,LCB,2,Earl Kulp,RS-SO/TR,11,170346
Temple Owls,defense,LCB,3,Nakeel Lawrence,RS-JR/TR,14,181229
Temple Owls,defense,LCB,4,Bryson Goodwin,RS-SO,31,170206
Temple Owls,defense,SS,1,Pooh Lawton,RS-SR/TR,16,178680
Temple Owls,defense,SS,2,Jaeden Gould,RS-SR/TR,17,162575
Temple Owls,defense,SS,3,Jamarcus Pierre,RS-FR,42,178681
Temple Owls,defense,FS,1,Avery Powell,RS-SR/TR,29,176214
Temple Owls,defense,FS,2,Saboor Karriem,SR/TR,24,160763
Temple Owls,defense,FS,3,Josiah Jackson,RS-SO/TR,19,160185
Temple Owls,defense,RCB,1,Adrian Laing,RS-SO,32,170211
Temple Owls,defense,RCB,2,Devontae Ward-Grant,RS-FR,27,176215
Temple Owls,defense,RCB,3,Asa Locks,RS-JR/TR,21,181230
Temple Owls,defense,NB,1,Zyil Powell,RS-JR,23,164044
Temple Owls,defense,NB,2,Kolin Dinkins,RS-SR/TR,18,159328
Temple Owls,defense,NB,3,Orel Gray,RS-JR/TR,25,181223
Temple Owls,special_teams,PT,1,Dante Atton,SR,7,162639
Temple Owls,special_teams,PT,2,Darren Wu,RS-JR/TR,32,176218
Temple Owls,special_teams,PK,1,Carl Hardin,RS-JR,98,166617
Temple Owls,special_teams,PK,2,Darren Wu,RS-JR/TR,32,176218
Temple Owls,special_teams,KO,1,Carl Hardin,RS-JR,98,166617
Temple Owls,special_teams,KO,2,Darren Wu,RS-JR/TR,32,176218
Temple Owls,special_teams,LS,1,Sam Wolfenden,RS-SO/TR,97,172838
Temple Owls,special_teams,H,1,Dante Atton,SR,7,162639
Temple Owls,special_teams,H,2,Darren Wu,RS-JR/TR,32,176218
Temple Owls,special_teams,PR,1,JoJo Bermudez,RS-SR/TR,17,72605
Temple Owls,special_teams,PR,2,Colin Chase,RS-SR/TR,1,178677
Temple Owls,special_teams,KR,1,JoJo Bermudez,RS-SR/TR,17,72605
Temple Owls,special_teams,KR,2,Hunter Smith,GR/TR,29,152465
Tennessee Volunteers,offense,WR-X,1,Mike Matthews,JR,4,169179
Tennessee Volunteers,offense,WR-X,2,Travis Smith Jr.,SO,1,173932
Tennessee Volunteers,offense,WR-X,3,Tyreek King,FR,19,179889
Tennessee Volunteers,offense,WR-Z,1,Radarious Jackson,SO,3,173934
Tennessee Volunteers,offense,WR-Z,2,TK Keys,FR,5,179888
Tennessee Volunteers,offense,WR-SL,1,Braylon Staley,RS-SO,14,169178
Tennessee Volunteers,offense,WR-SL,2,Joakim Dodson,RS-FR,9,173935
Tennessee Volunteers,offense,WR-SL,3,Ian Duarte,RS-JR/TR,81,179869
Tennessee Volunteers,offense,LT,1,David Sanders Jr.,SO,70,173933
Tennessee Volunteers,offense,LT,2,Gabriel Osenda,FR,79,179891
Tennessee Volunteers,offense,LG,1,Wendell Moe Jr.,RS-SR/TR,75,158566
Tennessee Volunteers,offense,LG,2,Shamurad Umarov,RS-JR,74,160812
Tennessee Volunteers,offense,LG,3,Antoni Ogumoro,SO,55,175793
Tennessee Volunteers,offense,C,1,Sam Pendleton,RS-JR/TR,56,162306
Tennessee Volunteers,offense,C,2,Nic Moore,RS-FR,58,175801
Tennessee Volunteers,offense,RG,1,Jesse Perry,RS-SO,72,169174
Tennessee Volunteers,offense,RG,2,Donovan Haslam,RS-SR/TR,69,176522
Tennessee Volunteers,offense,RT,1,Ory Williams,RS-SO/TR,77,169017
Tennessee Volunteers,offense,RT,2,Jeremias Heard,RS-SO,51,171747
Tennessee Volunteers,offense,TE,1,Ethan Davis,RS-JR,0,160817
Tennessee Volunteers,offense,TE,2,DaSaahn Brame,SO,7,175502
Tennessee Volunteers,offense,TE,3,Trent Thomas,RS-JR/TR,82,164196
Tennessee Volunteers,offense,TE,4,Cole Harrison,RS-SO,80,170328
Tennessee Volunteers,offense,QB,1,Faizon Brandon,FR,11,179875
Tennessee Volunteers,offense,QB,2,George MacIntyre,RS-FR,12,175790
Tennessee Volunteers,offense,QB,3,Ryan Staub,RS-JR/TR,8,161168
Tennessee Volunteers,offense,QB,4,Mason Phillips,RS-FR,13,177682
Tennessee Volunteers,offense,RB,1,DeSean Bishop,RS-JR,18,162658
Tennessee Volunteers,offense,RB,2,Daune Morris,SO,17,175792
Tennessee Volunteers,offense,RB,3,Javin Gordon,SO/TR,6,174905
Tennessee Volunteers,offense,RB,4,Justin Baker,SO,2,175802
Tennessee Volunteers,defense,DE,1,Tyree Weathersby,RS-JR,18,160813
Tennessee Volunteers,defense,DE,2,Mariyon Dye,SO,9,175785
Tennessee Volunteers,defense,DE,3,Carson Gentle,RS-SO,35,171744
Tennessee Volunteers,defense,DE,4,Carter Gooden,FR,36,179885
Tennessee Volunteers,defense,NT,1,Xavier Gilliam,RS-SO/TR,2,167663
Tennessee Volunteers,defense,NT,2,Nathan Robinson,RS-JR,19,160807
Tennessee Volunteers,defense,NT,3,Ethan Utley,SO,17,175798
Tennessee Volunteers,defense,NT,4,JJ Finch,FR,26,179881
Tennessee Volunteers,defense,DT,1,Daevin Hobbs,SR,5,160800
Tennessee Volunteers,defense,DT,2,Isaiah Campbell,SO,47,175503
Tennessee Volunteers,defense,DT,3,Darryl Rivers,FR,39,179893
Tennessee Volunteers,defense,DT,4,Charles House III,RS-FR,99,177680
Tennessee Volunteers,defense,LEO,1,Jordan Norman,RS-JR/TR,33,164188
Tennessee Volunteers,defense,LEO,2,Christian Gass,RS-FR,44,175786
Tennessee Volunteers,defense,LEO,3,Kedric Golston II,FR,37,179884
Tennessee Volunteers,defense,WLB,1,Arion Carter,SR,7,160815
Tennessee Volunteers,defense,WLB,2,Jadon Perlotte,SO,27,175794
Tennessee Volunteers,defense,WLB,3,Jaedon Harmon,SO,12,175788
Tennessee Volunteers,defense,WLB,4,Brayden Rouse,FR,28,179894
Tennessee Volunteers,defense,MLB,1,Amare Campbell,SR/TR,0,162244
Tennessee Volunteers,defense,MLB,2,Edwin Spillman,RS-SO,13,169177
Tennessee Volunteers,defense,MLB,3,Jeremiah Telander,SR,22,160811
Tennessee Volunteers,defense,MLB,4,TJ White,FR,51,179899
Tennessee Volunteers,defense,LCB,1,Kayin Lee,SR/TR,14,160106
Tennessee Volunteers,defense,LCB,2,Tre Poteat III,SO,3,175796
Tennessee Volunteers,defense,LCB,3,Timothy Merritt,SO,25,175791
Tennessee Volunteers,defense,SS,1,Edrees Farooq,JR,15,169167
Tennessee Volunteers,defense,SS,2,Dejuan Lane,JR/TR,10,170646
Tennessee Volunteers,defense,SS,3,DJ Burks,RS-SR/TR,42,156349
Tennessee Volunteers,defense,FS,1,TJ Metcalf,SR/TR,1,160664
Tennessee Volunteers,defense,FS,2,Dylan Lewis,SO,24,175803
Tennessee Volunteers,defense,FS,3,Sidney Walton,SO,23,175800
Tennessee Volunteers,defense,FS,4,Joel Wyatt,FR,31,179901
Tennessee Volunteers,defense,RCB,1,Ty Redmond,SO,4,175797
Tennessee Volunteers,defense,RCB,2,Jadais Richard,RS-SR/TR,8,165971
Tennessee Volunteers,defense,RCB,3,Zay Anderson,FR,34,179872
Tennessee Volunteers,defense,NB,1,Qua Moss,SR/TR,6,174934
Tennessee Volunteers,defense,NB,2,Isaiah Hardge,RS-JR/TR,29,161179
Tennessee Volunteers,defense,NB,3,Tevis Metcalf,RS-SO/TR,20,168069
Tennessee Volunteers,special_teams,PT,1,Jackson Ross,RS-SR,98,159085
Tennessee Volunteers,special_teams,PT,2,Josh Turbyville,RS-SR,94,156867
Tennessee Volunteers,special_teams,PT,3,Logan Foley,FR,99,179882
Tennessee Volunteers,special_teams,PK,1,Cooper Ranvier,RS-SO/TR,28,169710
Tennessee Volunteers,special_teams,PK,2,Josh Turbyville,RS-SR,94,156867
Tennessee Volunteers,special_teams,PK,3,Grady Dangerfield,RS-FR,93,177679
Tennessee Volunteers,special_teams,KO,1,Josh Turbyville,RS-SR,94,156867
Tennessee Volunteers,special_teams,KO,2,Grady Dangerfield,RS-FR,93,177679
Tennessee Volunteers,special_teams,LS,1,Bennett Brady,RS-SR,48,156855
Tennessee Volunteers,special_teams,LS,2,Blake Howard,RS-JR/TR,53,179870
Tennessee Volunteers,special_teams,H,1,Jackson Ross,RS-SR,98,159085
Tennessee Volunteers,special_teams,H,2,Josh Turbyville,RS-SR,94,156867
Tennessee Volunteers,special_teams,H,3,Logan Foley,FR,99,179882
Tennessee Volunteers,special_teams,PR,1,Daune Morris,SO,17,175792
Tennessee Volunteers,special_teams,PR,2,Ian Duarte,RS-JR/TR,81,179869
Tennessee Volunteers,special_teams,KR,1,Joakim Dodson,RS-FR,9,173935
Tennessee Volunteers,special_teams,KR,2,Daune Morris,SO,17,175792
Texas Longhorns,offense,WR-X,1,Cam Coleman,JR/TR,8,168104
Texas Longhorns,offense,WR-X,2,Sterling Berkhalter,RS-SR/TR,18,160484
Texas Longhorns,offense,WR-X,3,Kohen Brown,FR,13,179054
Texas Longhorns,offense,WR-Z,1,Ryan Wingo,JR,1,169293
Texas Longhorns,offense,WR-Z,2,Jermaine Bishop Jr.,FR,4,179053
Texas Longhorns,offense,WR-Z,3,Kaliq Lockett,RS-FR,7,174117
Texas Longhorns,offense,WR-H,1,Emmett Mosley V,JR/TR,3,169492
Texas Longhorns,offense,WR-H,2,Daylan McCutcheon,SO,17,175660
Texas Longhorns,offense,WR-H,3,Ryan Niblett,RS-JR,21,160432
Texas Longhorns,offense,LT,1,Trevor Goosby,RS-JR,74,160422
Texas Longhorns,offense,LT,2,Jordan Coleman,RS-FR,78,176623
Texas Longhorns,offense,LT,3,John Turntine III,FR,51,179071
Texas Longhorns,offense,LG,1,Laurence Seymore III,RS-SR/TR,50,78550
Texas Longhorns,offense,LG,2,Jaydon Chatman,RS-JR,75,160419
Texas Longhorns,offense,LG,3,Cole Hutson,RS-SR,54,153998
Texas Longhorns,offense,C,1,Connor Robertson,RS-SR,62,157452
Texas Longhorns,offense,C,2,Jackson Christian,RS-FR,76,175655
Texas Longhorns,offense,C,3,Nicolas Robertson,FR,72,179068
Texas Longhorns,offense,RG,1,Brandon Baker,JR,73,169295
Texas Longhorns,offense,RG,2,Paris Patterson,RS-JR/TR,68,160665
Texas Longhorns,offense,RG,3,Dylan Sikorski,RS-SO/TR,56,173178
Texas Longhorns,offense,RG,4,Devin Coleman,RS-FR,58,176618
Texas Longhorns,offense,RT,1,Melvin Siani,RS-JR/TR,71,162649
Texas Longhorns,offense,RT,2,Andre Cojoe,RS-JR,77,160420
Texas Longhorns,offense,RT,3,Jonte Newman,RS-FR/TR,79,175817
Texas Longhorns,offense,TE-Y,1,Spencer Shannon,RS-JR,83,160434
Texas Longhorns,offense,TE-Y,2,Michael Masunas,RS-SR/TR,15,157328
Texas Longhorns,offense,TE-Y,3,Charlie Jilek,FR,88,179062
Texas Longhorns,offense,TE-H,1,Nick Townsend,SO,81,176622
Texas Longhorns,offense,TE-H,2,Emaree Winston,SO,85,175667
Texas Longhorns,offense,TE-H,3,Will Randle,RS-JR,87,160433
Texas Longhorns,offense,QB,1,Arch Manning,RS-JR,16,160427
Texas Longhorns,offense,QB,2,Karle Lacey Jr.,RS-FR,9,174119
Texas Longhorns,offense,QB,3,Dia Bell,FR,6,179052
Texas Longhorns,offense,QB,4,MJ Morris,RS-SR/TR,19,167821
Texas Longhorns,offense,RB,1,Hollywood Smothers,RS-JR/TR,2,168230
Texas Longhorns,offense,RB,2,Raleek Brown,RS-SR/TR,0,79058
Texas Longhorns,offense,RB,3,Derrek Cooper,FR,5,179058
Texas Longhorns,offense,RB,4,James Simon,RS-FR,31,175664
Texas Longhorns,offense,RB,5,Michael Terry III,RS-FR,11,175666
Texas Longhorns,defense,DE,1,Lance Jackson,SO,40,175658
Texas Longhorns,defense,DE,2,Zina Umeozulu,RS-SO,19,169292
Texas Longhorns,defense,DE,3,Jamarion Carlton,FR,94,179056
Texas Longhorns,defense,NT,1,Ian Geffrard,RS-JR/TR,95,160660
Texas Longhorns,defense,NT,2,Maraad Watson,JR/TR,88,169263
Texas Longhorns,defense,NT,3,Zion Williams,RS-FR/TR,96,175276
Texas Longhorns,defense,NT,4,Josiah Sharma,RS-FR,90,175663
Texas Longhorns,defense,DT,1,Hero Kanu,RS-SR/TR,93,157309
Texas Longhorns,defense,DT,2,Justus Terry,SO,15,174120
Texas Longhorns,defense,DT,3,Alex January,JR,97,169284
Texas Longhorns,defense,DT,4,Myron Charles,RS-FR,33,175653
Texas Longhorns,defense,JACK,1,Colin Simmons,JR,1,169289
Texas Longhorns,defense,JACK,2,Colton Vasek,RS-JR,92,160436
Texas Longhorns,defense,JACK,3,Richard Wesley,FR,99,179073
Texas Longhorns,defense,JACK,4,Smith Orogbo,RS-FR,46,175661
Texas Longhorns,defense,WLB,1,Rasheem Biles,SR/TR,3,165867
Texas Longhorns,defense,WLB,2,Darius Snow,RS-SR/TR,45,139816
Texas Longhorns,defense,WLB,3,Tyler Atkinson,FR,16,179051
Texas Longhorns,defense,MLB,1,Justin Cryer,SR/TR,28,166431
Texas Longhorns,defense,MLB,2,Rocky Cummings,FR,30,179059
Texas Longhorns,defense,MLB,3,Jordon Johnson-Rubell,JR,23,169285
Texas Longhorns,defense,SLB,1,Brad Spence,SR/TR,14,160668
Texas Longhorns,defense,SLB,2,Markus Boswell,SO/TR,44,176017
Texas Longhorns,defense,SLB,3,Kosi Okpala,FR,18,179066
Texas Longhorns,defense,LCB,1,Bo Mascoe,RS-JR/TR,5,162482
Texas Longhorns,defense,LCB,2,Warren Roberson,RS-JR,24,163202
Texas Longhorns,defense,LCB,3,John Meredith III,FR,0,183653
Texas Longhorns,defense,SS,1,Jelani McDonald,SR,4,160428
Texas Longhorns,defense,SS,2,Jonah Williams,SO,9,175668
Texas Longhorns,defense,SS,3,Kobe Black,JR,6,169277
Texas Longhorns,defense,FS,1,Derek Williams Jr.,RS-JR,2,160438
Texas Longhorns,defense,FS,2,Xavier Filsaime,RS-SO,17,169282
Texas Longhorns,defense,FS,3,Zelus Hicks,RS-FR,13,175657
Texas Longhorns,defense,RCB,1,Kade Phillips,SO,8,175662
Texas Longhorns,defense,RCB,2,Hayward Howard Jr.,FR,21,179061
Texas Longhorns,defense,RCB,3,Samari Matthews,FR,11,179064
Texas Longhorns,defense,NB,1,Graceson Littleton,SO,29,175659
Texas Longhorns,defense,NB,2,Wardell Mack,RS-SO,27,169287
Texas Longhorns,defense,NB,3,Jonathan Cunningham,RS-FR,37,175656
Texas Longhorns,special_teams,PT,1,Mac Chiumento,RS-SR/TR,43,155816
Texas Longhorns,special_teams,PT,2,Mikey Bukauskas,FR,45,179055
Texas Longhorns,special_teams,PK,1,Gianni Spetic,SR/TR,44,164414
Texas Longhorns,special_teams,PK,2,Jake Collett,FR,49,179057
Texas Longhorns,special_teams,PK,3,Spencer Barnett,RS-SO,46,171321
Texas Longhorns,special_teams,KO,1,Gianni Spetic,SR/TR,44,164414
Texas Longhorns,special_teams,KO,2,Jake Collett,FR,49,179057
Texas Longhorns,special_teams,KO,3,Spencer Barnett,RS-SO,46,171321
Texas Longhorns,special_teams,LS,1,Trey Dubuc,RS-JR/TR,47,164064
Texas Longhorns,special_teams,LS,2,Trott O'Neal,FR,42,179065
Texas Longhorns,special_teams,H,1,Mac Chiumento,RS-SR/TR,43,155816
Texas Longhorns,special_teams,H,2,Mikey Bukauskas,FR,45,179055
Texas Longhorns,special_teams,PR,1,Ryan Niblett,RS-JR,21,160432
Texas Longhorns,special_teams,PR,2,Raleek Brown,RS-SR/TR,0,79058
Texas Longhorns,special_teams,KR,1,Raleek Brown,RS-SR/TR,0,79058
Texas Longhorns,special_teams,KR,2,Hollywood Smothers,RS-JR/TR,2,168230
Texas Longhorns,special_teams,KR,3,Ryan Niblett,RS-JR,21,160432
Texas A&M Aggies,offense,WR-X,1,Isaiah Horton,RS-SR/TR,7,157217
Texas A&M Aggies,offense,WR-X,2,TK Norman,RS-FR,18,175818
Texas A&M Aggies,offense,WR-X,3,Aaron Gregory,FR,3,179799
Texas A&M Aggies,offense,WR-Z,1,Ashton Bethel-Roman,RS-SO,8,168748
Texas A&M Aggies,offense,WR-Z,2,Jerome Myles,RS-FR,80,175830
Texas A&M Aggies,offense,WR-Z,3,Madden Williams,FR,17,179815
Texas A&M Aggies,offense,WR-SL,1,Mario Craver,JR/TR,1,169215
Texas A&M Aggies,offense,WR-SL,2,Terry Bussey,JR,6,168750
Texas A&M Aggies,offense,WR-SL,3,Kelshaun Johnson,RS-FR,11,175811
Texas A&M Aggies,offense,LT,1,Tyree Adams,RS-JR/TR,71,162923
Texas A&M Aggies,offense,LT,2,Lamont Rogers,RS-FR,79,175823
Texas A&M Aggies,offense,LG,1,Coen Echols,RS-SO/TR,78,168998
Texas A&M Aggies,offense,LG,2,Blake Ivy,RS-SO,52,168754
Texas A&M Aggies,offense,LG,3,Isendre Ahfua,RS-SO,50,172600
Texas A&M Aggies,offense,C,1,Mark Nabou Jr.,RS-SR,54,157800
Texas A&M Aggies,offense,C,2,Ashton Funk,RS-SO,73,168753
Texas A&M Aggies,offense,RG,1,Trovon Baugh,SR/TR,76,165661
Texas A&M Aggies,offense,RG,2,Tyler Thomas,RS-FR,77,175827
Texas A&M Aggies,offense,RT,1,Wilkin Formby,RS-JR/TR,75,161393
Texas A&M Aggies,offense,RT,2,Robert Bourdon,RS-SO,70,168749
Texas A&M Aggies,offense,TE,1,Micah Riley,RS-SR/TR,88,153175
Texas A&M Aggies,offense,TE,2,Houston Thomas,RS-SR/TR,87,156648
Texas A&M Aggies,offense,TE,3,Richie Anderson,RS-JR/TR,84,163306
Texas A&M Aggies,offense,TE,4,Kiotti Armstrong,RS-FR,9,175804
Texas A&M Aggies,offense,QB,1,Marcel Reed,RS-JR,10,160831
Texas A&M Aggies,offense,QB,2,Brady Hart,RS-FR,13,175809
Texas A&M Aggies,offense,QB,3,Helaman Casuga,FR,16,179795
Texas A&M Aggies,offense,RB,1,Rueben Owens II,RS-JR,4,160829
Texas A&M Aggies,offense,RB,2,Jamarion Morrow,SO,2,175815
Texas A&M Aggies,offense,RB,3,Tiger Riden Jr.,RS-FR,5,175820
Texas A&M Aggies,offense,RB,4,KJ Edwards,FR,0,179797
Texas A&M Aggies,offense,RB,5,Carsyn Baker,FR,22,179792
Texas A&M Aggies,defense,DE,1,Anto Saka,RS-SR/TR,14,156807
Texas A&M Aggies,defense,DE,2,T.J. Searcy,SR/TR,18,162435
Texas A&M Aggies,defense,DE,3,Ryan Henderson,RS-SR/TR,17,158379
Texas A&M Aggies,defense,NT,1,CJ Mims,RS-SR/TR,92,157667
Texas A&M Aggies,defense,NT,2,Angelo McCullom,JR/TR,94,168941
Texas A&M Aggies,defense,NT,3,Brandon Davis-Swain,RS-SO/TR,11,169387
Texas A&M Aggies,defense,DT,1,DJ Hicks,SR,5,160826
Texas A&M Aggies,defense,DT,2,Landon Rink,SO,99,175822
Texas A&M Aggies,defense,DT,3,DJ Sanders,RS-FR,88,175824
Texas A&M Aggies,defense,JACK,1,Marco Jones,SO,10,175828
Texas A&M Aggies,defense,JACK,2,Sam M'Pemba,RS-JR/TR,15,160005
Texas A&M Aggies,defense,JACK,3,Bryce Perry-Wright,FR,16,179809
Texas A&M Aggies,defense,WLB,1,Daymion Sanford,SR,27,160833
Texas A&M Aggies,defense,WLB,2,Noah Mikhail,SO,0,175813
Texas A&M Aggies,defense,WLB,3,TJ Smith,JR/TR,30,179790
Texas A&M Aggies,defense,MLB,1,Ray Coney,SR/TR,21,176297
Texas A&M Aggies,defense,MLB,2,Jordan Lockhart,JR,54,168758
Texas A&M Aggies,defense,LCB,1,Dezz Ricks,RS-JR/TR,2,168765
Texas A&M Aggies,defense,LCB,2,Adonyss Currie,RS-FR,20,175807
Texas A&M Aggies,defense,SS,1,Dalton Brooks,SR,7,160825
Texas A&M Aggies,defense,SS,2,Tawfiq Byard,RS-JR/TR,4,164061
Texas A&M Aggies,defense,FS,1,Marcus Ratcliffe,SR/TR,3,168769
Texas A&M Aggies,defense,FS,2,Myles Davis,JR,13,168763
Texas A&M Aggies,defense,FS,3,Tom Tom Johnson Jr.,RS-FR,22,175810
Texas A&M Aggies,defense,RCB,1,Julio Humphrey,RS-SR/TR,6,167889
Texas A&M Aggies,defense,RCB,2,Rickey Gibson III,RS-JR/TR,9,160798
Texas A&M Aggies,defense,NB,1,Jordan Shaw,RS-JR/TR,8,168117
Texas A&M Aggies,defense,NB,2,Bryce Anderson,RS-JR,1,153030
Texas A&M Aggies,defense,NB,3,Bravion Rogers,SR,19,160832
Texas A&M Aggies,special_teams,PT,1,Tyler White,RS-JR,37,160840
Texas A&M Aggies,special_teams,PT,2,Jared White,RS-JR/TR,38,78939
Texas A&M Aggies,special_teams,PT,3,Alex Abbott,RS-SO/TR,95,171407
Texas A&M Aggies,special_teams,PK,1,David Olano,SR/TR,24,160766
Texas A&M Aggies,special_teams,PK,2,Colton Chmelar,RS-FR,83,177694
Texas A&M Aggies,special_teams,KO,1,David Olano,SR/TR,24,160766
Texas A&M Aggies,special_teams,KO,2,Colton Chmelar,RS-FR,83,177694
Texas A&M Aggies,special_teams,LS,1,Shea Freibaum,RS-JR/TR,31,162359
Texas A&M Aggies,special_teams,LS,2,Boomer Graham,RS-SO,42,172608
Texas A&M Aggies,special_teams,H,1,Tyler White,RS-JR,37,160840
Texas A&M Aggies,special_teams,H,2,Jared White,RS-JR/TR,38,78939
Texas A&M Aggies,special_teams,H,3,Alex Abbott,RS-SO/TR,95,171407
Texas A&M Aggies,special_teams,PR,1,Terry Bussey,JR,6,168750
Texas A&M Aggies,special_teams,KR,1,Terry Bussey,JR,6,168750
Texas A&M Aggies,special_teams,KR,2,Jamarion Morrow,SO,2,175815
Texas A&M Aggies,special_teams,KR,3,Rueben Owens II,RS-JR,4,160829
Texas State Bobcats,offense,WR-X,1,Beau Sparks,SR/TR,11,168535
Texas State Bobcats,offense,WR-X,2,Jordan Martin,RS-SO,14,172573
Texas State Bobcats,offense,WR-Z,1,Chris Dawn Jr.,SR,1,164233
Texas State Bobcats,offense,WR-Z,2,Tucker Cusano,RS-FR,13,178089
Texas State Bobcats,offense,WR-SL,1,Kylen Evans,RS-SO,2,168532
Texas State Bobcats,offense,WR-SL,2,Zechariah Sample,RS-SO/TR,3,169105
Texas State Bobcats,offense,LT,1,William Boone,RS-JR/TR,71,174215
Texas State Bobcats,offense,LT,2,Bamidele Badusi,RS-JR,77,164230
Texas State Bobcats,offense,LT,3,Alan Grimme,RS-JR/TR,79,175958
Texas State Bobcats,offense,LG,1,Jaylen Early,RS-SR/TR,50,155818
Texas State Bobcats,offense,LG,2,Tyler Norris,RS-SO,54,172575
Texas State Bobcats,offense,C,1,Ameer Ross,RS-FR,70,178101
Texas State Bobcats,offense,C,2,Etueni Ropati,RS-JR/TR,55,178100
Texas State Bobcats,offense,RG,1,Justin DeLeon,RS-JR,66,164234
Texas State Bobcats,offense,RG,2,Rasheed Jackson,RS-JR/TR,75,174609
Texas State Bobcats,offense,RG,3,Aidin Rhodes,RS-JR,58,166655
Texas State Bobcats,offense,RT,1,Sully Burns,RS-SR/TR,68,154459
Texas State Bobcats,offense,RT,2,Cameron Schultz,RS-JR/TR,53,175966
Texas State Bobcats,offense,RT,3,Amari Smith,RS-JR/TR,78,165280
Texas State Bobcats,offense,TE,1,Blake Smith,RS-SR/TR,16,168546
Texas State Bobcats,offense,TE,2,Ty Stamey,RS-JR/TR,18,167201
Texas State Bobcats,offense,TE,3,Jake Simpson,RS-JR,88,164244
Texas State Bobcats,offense,QB,1,Brad Jackson,RS-SO,8,168533
Texas State Bobcats,offense,QB,2,Shaker Reisig,RS-FR/TR,10,174776
Texas State Bobcats,offense,RB,1,Greg Burrell,JR/TR,9,170186
Texas State Bobcats,offense,RB,2,Torrance Burgess Jr.,RS-SR/TR,4,168523
Texas State Bobcats,offense,RB,3,Jaylen Jenkins,RS-SR/TR,5,168527
Texas State Bobcats,defense,LDE,1,Phillip Bradford,RS-SR/TR,44,180722
Texas State Bobcats,defense,LDE,2,Ta'Derius Collins,RS-JR/TR,13,164458
Texas State Bobcats,defense,LDE,3,Mekhi Buchanan,RS-JR/TR,38,165922
Texas State Bobcats,defense,LDT,1,Kaleb James,RS-JR/TR,99,160662
Texas State Bobcats,defense,LDT,2,Chancellor Owens,RS-JR/TR,90,174162
Texas State Bobcats,defense,LDT,3,J.P. Deeter,RS-SR/TR,91,79463
Texas State Bobcats,defense,RDT,1,Bryce Carter,RS-SR/TR,96,150717
Texas State Bobcats,defense,RDT,2,Tae Woody,RS-SR/TR,4,163984
Texas State Bobcats,defense,RDE,1,DonTerry Russell,RS-SR/TR,5,157369
Texas State Bobcats,defense,RDE,2,Jo'Laison Landry,RS-JR,6,164238
Texas State Bobcats,defense,RDE,3,Jason Patterson,SR/TR,30,180731
Texas State Bobcats,defense,WLB,1,Ayden Jones,RS-JR/TR,15,175968
Texas State Bobcats,defense,WLB,2,Javante Mackey,RS-SR/TR,12,79215
Texas State Bobcats,defense,WLB,3,Tice Williams,RS-SO,28,172570
Texas State Bobcats,defense,MLB,1,Terrence Cooks II,RS-SR/TR,16,154013
Texas State Bobcats,defense,MLB,2,Cole Nilles,JR/TR,10,175963
Texas State Bobcats,defense,MLB,3,Jordan Sample,RS-JR/TR,21,163840
Texas State Bobcats,defense,LCB,1,Craig Royal Jr.,SR/TR,3,175965
Texas State Bobcats,defense,LCB,2,Jayden Lawton,RS-SR/TR,0,72765
Texas State Bobcats,defense,LCB,3,Trez Moore,RS-SR/TR,2,168537
Texas State Bobcats,defense,SS,1,Will Mitchell II,RS-SO,22,172574
Texas State Bobcats,defense,SS,2,Amarion Atwood,RS-JR,1,164229
Texas State Bobcats,defense,FS,1,Ryan Nolan,SR/TR,7,168545
Texas State Bobcats,defense,FS,2,Chase Davis,RS-JR/TR,26,165605
Texas State Bobcats,defense,RCB,1,Dexter Ricks Jr.,RS-SR/TR,24,154040
Texas State Bobcats,defense,RCB,2,Christopher Jones,RS-SO,17,172572
Texas State Bobcats,defense,RCB,3,Cordarian Powell,RS-FR,8,178098
Texas State Bobcats,defense,NB,1,Michael Patterson,RS-JR/TR,,165111
Texas State Bobcats,defense,NB,2,Malik Willis,RS-JR/TR,20,175970
Texas State Bobcats,defense,NB,3,Greg Gipson Jr.,RS-FR,29,178092
Texas State Bobcats,special_teams,PT,1,Thomas Flintoff,FR,,180725
Texas State Bobcats,special_teams,PK,1,Dylan Cunanan,JR/TR,41,173122
Texas State Bobcats,special_teams,PK,2,Michael James,RS-SR/TR,43,71876
Texas State Bobcats,special_teams,PK,3,Jacob Bonilla,RS-SO/TR,38,178086
Texas State Bobcats,special_teams,KO,1,Michael James,RS-SR/TR,43,71876
Texas State Bobcats,special_teams,KO,2,Jacob Bonilla,RS-SO/TR,38,178086
Texas State Bobcats,special_teams,LS,1,Darian Snell,RS-SO,51,172567
Texas State Bobcats,special_teams,H,1,Thomas Flintoff,FR,,180725
Texas State Bobcats,special_teams,PR,1,Beau Sparks,SR/TR,11,168535
Texas State Bobcats,special_teams,KR,1,Jaylen Jenkins,RS-SR/TR,5,168527
Texas Tech Red Raiders,offense,WR-X,1,Micah Hudson,JR,1,168802
Texas Tech Red Raiders,offense,WR-X,2,Donte Lee Jr.,RS-SR/TR,9,168424
Texas Tech Red Raiders,offense,WR-X,3,Leyton Stone,SO,17,174724
Texas Tech Red Raiders,offense,WR-Z,1,Kenny Johnson,SR/TR,4,164516
Texas Tech Red Raiders,offense,WR-Z,2,Malcolm Simmons,JR/TR,11,170631
Texas Tech Red Raiders,offense,WR-Z,3,Bryson Jones,SO,14,174719
Texas Tech Red Raiders,offense,WR-SL,1,Coy Eakin,RS-SR,3,156511
Texas Tech Red Raiders,offense,WR-SL,2,Jalen Jones,RS-JR/TR,6,180632
Texas Tech Red Raiders,offense,WR-SL,3,Tristian Gentry,SO,21,174712
Texas Tech Red Raiders,offense,LT,1,Howard Sampson,RS-SR/TR,79,168480
Texas Tech Red Raiders,offense,LT,2,Felix Ojo,FR,51,180625
Texas Tech Red Raiders,offense,LT,3,Elias Gillen,RS-FR,77,174713
Texas Tech Red Raiders,offense,LG,1,Hunter Zambrano,RS-SR/TR,57,173607
Texas Tech Red Raiders,offense,LG,2,D'Anthis Upshaw Jr.,RS-SO,65,171496
Texas Tech Red Raiders,offense,LG,3,Connor Carty,RS-FR,61,174711
Texas Tech Red Raiders,offense,C,1,Sheridan Wilson,RS-SR,72,156525
Texas Tech Red Raiders,offense,C,2,Cash Cleveland,JR/TR,52,169385
Texas Tech Red Raiders,offense,C,3,Patrick McMath,RS-FR,50,174723
Texas Tech Red Raiders,offense,RG,1,Jordan Church,RS-JR/TR,54,160878
Texas Tech Red Raiders,offense,RG,2,Holton Hendrix,RS-SO,53,168800
Texas Tech Red Raiders,offense,RG,3,Daniel Sill,RS-JR,74,161367
Texas Tech Red Raiders,offense,RT,1,Jacob Ponton,RS-SO,70,168808
Texas Tech Red Raiders,offense,RT,2,Ellis Davis,RS-SO,78,171492
Texas Tech Red Raiders,offense,RT,3,Bryce Gilmore,FR,71,180616
Texas Tech Red Raiders,offense,TE,1,Terrance Carter Jr.,RS-SR/TR,7,155881
Texas Tech Red Raiders,offense,TE,2,Jett Carpenter,RS-SR/TR,85,175733
Texas Tech Red Raiders,offense,TE,3,Jason Llewellyn,RS-SR/TR,89,168789
Texas Tech Red Raiders,offense,QB,1,Will Hammond,RS-SO,15,168799
Texas Tech Red Raiders,offense,QB,2,Tommy Castellanos,SR/TR,,163453
Texas Tech Red Raiders,offense,QB,3,Lloyd Jones III,RS-FR,10,174718
Texas Tech Red Raiders,offense,QB,4,Kirk Francis,RS-JR/TR,18,163992
Texas Tech Red Raiders,offense,RB,1,Cameron Dickey,JR,8,168798
Texas Tech Red Raiders,offense,RB,2,J'Koby Williams,JR,20,171497
Texas Tech Red Raiders,offense,RB,3,Quinten Joyner,RS-JR/TR,0,160452
Texas Tech Red Raiders,defense,LDE,1,Trey White,RS-SR/TR,2,158376
Texas Tech Red Raiders,defense,LDE,2,Ansel Nedore,RS-JR,33,161357
Texas Tech Red Raiders,defense,LDE,3,Charles Anderson Jr.,RS-SO,97,171491
Texas Tech Red Raiders,defense,NT,1,Bryce Butler,RS-SR/TR,92,168135
Texas Tech Red Raiders,defense,NT,2,A.J. Holmes Jr.,RS-SR/TR,10,156977
Texas Tech Red Raiders,defense,NT,3,Keyshawn Williams,RS-SO,96,171498
Texas Tech Red Raiders,defense,DT,1,Mateen Ibirogba,RS-SR/TR,98,168582
Texas Tech Red Raiders,defense,DT,2,Julien Laventure,RS-SR/TR,1,177666
Texas Tech Red Raiders,defense,DT,3,Jojo Johnson,RS-JR/TR,99,160243
Texas Tech Red Raiders,defense,RDE,1,Adam Trick,RS-SR/TR,20,158512
Texas Tech Red Raiders,defense,RDE,2,Jamond Mathis,RS-JR/TR,8,176012
Texas Tech Red Raiders,defense,WLB,1,Austin Romaine,SR/TR,15,161862
Texas Tech Red Raiders,defense,WLB,2,Corey Platt Jr.,RS-SR/TR,9,168633
Texas Tech Red Raiders,defense,WLB,3,Wesley Smith,RS-SR,40,156524
Texas Tech Red Raiders,defense,MLB,1,Ben Roberts,RS-SR,13,156526
Texas Tech Red Raiders,defense,MLB,2,Brock Golwas,SO,11,174714
Texas Tech Red Raiders,defense,MLB,3,Adam Hill,RS-SO,35,171500
Texas Tech Red Raiders,defense,STAR,1,John Curry,RS-JR,6,161348
Texas Tech Red Raiders,defense,STAR,2,Marcus Ramon-Edwards,RS-JR,22,161358
Texas Tech Red Raiders,defense,STAR,3,Miquel Dingle Jr.,RS-JR,21,161350
Texas Tech Red Raiders,defense,LCB,1,Brice Pollock,SR/TR,14,165273
Texas Tech Red Raiders,defense,LCB,2,Ashton Hampton,RS-SO,16,171499
Texas Tech Red Raiders,defense,LCB,3,Tarrion Grant,RS-SO/TR,12,171009
Texas Tech Red Raiders,defense,SS,1,Malik Esquerra,RS-SO,24,170479
Texas Tech Red Raiders,defense,SS,2,Oliver Miles III,RS-SO,5,170478
Texas Tech Red Raiders,defense,FS,1,Brenden Jordan,SR,7,161353
Texas Tech Red Raiders,defense,FS,2,Peyton Morgan,RS-SO,3,170477
Texas Tech Red Raiders,defense,RCB,1,Amier Boyd,RS-SR/TR,27,157730
Texas Tech Red Raiders,defense,RCB,2,Davin Martin,RS-JR/TR,4,166558
Texas Tech Red Raiders,special_teams,PT,1,Will Karoll,SR/TR,49,166858
Texas Tech Red Raiders,special_teams,PT,2,Ian Hershey,RS-SR/TR,37,166638
Texas Tech Red Raiders,special_teams,PK,1,Stone Harrington,RS-SR,48,167490
Texas Tech Red Raiders,special_teams,PK,2,Jacob Hand,RS-JR/TR,39,180617
Texas Tech Red Raiders,special_teams,PK,3,Ian Hershey,RS-SR/TR,37,166638
Texas Tech Red Raiders,special_teams,KO,1,Stone Harrington,RS-SR,48,167490
Texas Tech Red Raiders,special_teams,KO,2,Jacob Hand,RS-JR/TR,39,180617
Texas Tech Red Raiders,special_teams,KO,3,Ian Hershey,RS-SR/TR,37,166638
Texas Tech Red Raiders,special_teams,LS,1,Rylan Vagana,RS-SO,47,168811
Texas Tech Red Raiders,special_teams,LS,2,Jason Llewellyn,RS-SR/TR,89,168789
Texas Tech Red Raiders,special_teams,H,1,Will Karoll,SR/TR,49,166858
Texas Tech Red Raiders,special_teams,H,2,Ian Hershey,RS-SR/TR,37,166638
Texas Tech Red Raiders,special_teams,PR,1,Kenny Johnson,SR/TR,4,164516
Texas Tech Red Raiders,special_teams,PR,2,Malcolm Simmons,JR/TR,11,170631
Texas Tech Red Raiders,special_teams,PR,3,J'Koby Williams,JR,20,171497
Texas Tech Red Raiders,special_teams,KR,1,J'Koby Williams,JR,20,171497
Texas Tech Red Raiders,special_teams,KR,2,Kenny Johnson,SR/TR,4,164516
Texas Tech Red Raiders,special_teams,KR,3,Micah Hudson,JR,1,168802
Toledo Rockets,offense,WR-X,1,Adjatay Dabbs,RS-JR/TR,3,182224
Toledo Rockets,offense,WR-X,2,Terrell Crosby Jr.,RS-SR/TR,5,78635
Toledo Rockets,offense,WR-X,3,Tashi Braceful,RS-SO,14,170400
Toledo Rockets,offense,WR-X,4,Daryl Barnett Jr.,RS-SO,19,173120
Toledo Rockets,offense,WR-Z,1,Anthony Simpson,RS-SR/TR,85,163082
Toledo Rockets,offense,WR-Z,2,Kalvin Gilbert Jr.,JR/TR,9,182227
Toledo Rockets,offense,WR-Z,3,Thomas Zsiros,RS-SR,84,151757
Toledo Rockets,offense,WR-Z,4,Omar Mims Jr.,RS-FR,83,178042
Toledo Rockets,offense,WR-SL,1,Rico Bond,RS-SO/TR,1,182220
Toledo Rockets,offense,WR-SL,2,Trenton Jones,RS-FR/TR,2,182230
Toledo Rockets,offense,WR-SL,3,Cooper Rusk,RS-SR,13,159280
Toledo Rockets,offense,WR-SL,4,Bryson Hammer,RS-JR,12,166995
Toledo Rockets,offense,LT,1,Stephen Gales,RS-SR,65,159274
Toledo Rockets,offense,LT,2,Dylan Senda,RS-JR/TR,78,165624
Toledo Rockets,offense,LG,1,Nick Thomas,RS-SR/TR,70,150832
Toledo Rockets,offense,LG,2,Jonathan Harder,RS-SR/TR,73,153629
Toledo Rockets,offense,LG,3,Christian Medlock,RS-JR/TR,62,167327
Toledo Rockets,offense,C,1,Luke Rector,RS-JR/TR,50,182239
Toledo Rockets,offense,C,2,Dominic Johnson,RS-SO/TR,69,172444
Toledo Rockets,offense,RG,1,Ahmad Carwise,RS-SO/TR,74,182222
Toledo Rockets,offense,RG,2,Grant Zimmerly,RS-JR,63,164341
Toledo Rockets,offense,RG,3,Jacob Kropchak,RS-SO,56,173128
Toledo Rockets,offense,RT,1,Ibrahim Traore,RS-SR/TR,55,79732
Toledo Rockets,offense,RT,2,Matt Hofer,RS-SO,71,170404
Toledo Rockets,offense,TE,1,Jacob Newell,RS-SR/TR,88,164706
Toledo Rockets,offense,TE,2,Peyton Strickland,SR/TR,80,182244
Toledo Rockets,offense,TE,3,Ethan Malafa,RS-SR/TR,81,182231
Toledo Rockets,offense,TE,4,Sam Lee,RS-SR/TR,43,170414
Toledo Rockets,offense,QB,1,John Alan Richter,RS-SR,6,155373
Toledo Rockets,offense,QB,2,Khamoni Robinson,RS-JR/TR,7,182240
Toledo Rockets,offense,QB,3,Walter Moses,RS-FR,11,174921
Toledo Rockets,offense,QB,4,Jake DeHaan,RS-JR,13,166992
Toledo Rockets,offense,RB,1,CJ Miller,RS-SR/TR,22,182250
Toledo Rockets,offense,RB,2,Corey Smith,RS-SO/TR,20,170648
Toledo Rockets,offense,RB,3,Connor Walendzak,SR,24,162690
Toledo Rockets,offense,RB,4,Autavius Ison,RS-JR/TR,4,182229
Toledo Rockets,offense,RB,5,Noah Sanders,RS-FR,23,178047
Toledo Rockets,defense,LDE,1,Andrew Zock,JR/TR,0,182248
Toledo Rockets,defense,LDE,2,Zach Johnson,SO/TR,90,175155
Toledo Rockets,defense,LDE,3,Brian Stovall Jr.,FR,97,182243
Toledo Rockets,defense,LDE,4,Josh Lee,RS-SR/TR,85,170413
Toledo Rockets,defense,LDT,1,Caden Camese,RS-SR/TR,99,182221
Toledo Rockets,defense,LDT,2,Lucas Lambert-Pipkin,JR/TR,52,178041
Toledo Rockets,defense,LDT,3,Jordin Farrow,RS-FR,48,174917
Toledo Rockets,defense,LDT,4,Laith Shamma,RS-JR,91,164337
Toledo Rockets,defense,RDT,1,Nathaniel Chandler,RS-JR/TR,96,178038
Toledo Rockets,defense,RDT,2,Leonard Sharp,RS-SR/TR,93,182242
Toledo Rockets,defense,RDT,3,Cam Gwinn,RS-FR,41,170420
Toledo Rockets,defense,RDT,4,Wayne Peart II,RS-SO,95,170410
Toledo Rockets,defense,RDE,1,Ezra Odinjor,RS-JR/TR,2,79308
Toledo Rockets,defense,RDE,2,Ben Sahakian,RS-SR/TR,21,182251
Toledo Rockets,defense,RDE,3,Tommy Huss,RS-JR,92,166997
Toledo Rockets,defense,WLB,1,Isaac Prince,RS-SR/TR,19,182237
Toledo Rockets,defense,WLB,2,Kari Jackson,RS-SO/TR,13,167673
Toledo Rockets,defense,WLB,3,Damon Ollison II,RS-SR,5,151748
Toledo Rockets,defense,WLB,4,Maddox Arnold,RS-FR,31,178037
Toledo Rockets,defense,MLB,1,Langston Long,RS-SR/TR,6,79569
Toledo Rockets,defense,MLB,2,Julian Fox,RS-JR/TR,10,182226
Toledo Rockets,defense,MLB,3,Isaac Zay,RS-SO,44,173132
Toledo Rockets,defense,MLB,4,Sam Smith Jr.,RS-JR,28,162689
Toledo Rockets,defense,LCB,1,Cam Jones,JR/TR,1,182249
Toledo Rockets,defense,LCB,2,LaDavion Osborn,SR/TR,21,182234
Toledo Rockets,defense,LCB,3,Tyrell Russell,RS-FR,25,178046
Toledo Rockets,defense,SS,1,Kaleb Hutchinson,RS-SR/TR,17,79200
Toledo Rockets,defense,SS,2,Armorion Smith,RS-SR/TR,7,165546
Toledo Rockets,defense,SS,3,Tyler Hackenbracht,RS-FR,26,174919
Toledo Rockets,defense,FS,1,Nicholas Thompson,RS-JR,22,164339
Toledo Rockets,defense,FS,2,Dylan Hohler,RS-JR,39,166996
Toledo Rockets,defense,RCB,1,KJ Thomas,SO/TR,8,182245
Toledo Rockets,defense,RCB,2,Israel Petite,RS-SO/TR,23,182236
Toledo Rockets,defense,RCB,3,Hyajah Miller,RS-SO,11,170408
Toledo Rockets,defense,NB,1,Donovan Watkins,JR/TR,4,182247
Toledo Rockets,defense,NB,2,Mo Conteh,RS-SR/TR,12,182223
Toledo Rockets,special_teams,PT,1,Emilio Duran,SR,36,164333
Toledo Rockets,special_teams,PT,2,Anthony Ruggles,RS-FR,39,178045
Toledo Rockets,special_teams,PT,3,Markus Meincke,RS-SO/TR,47,182232
Toledo Rockets,special_teams,PK,1,Reice Griffith,SR/TR,93,182228
Toledo Rockets,special_teams,PK,2,Anthony Ruggles,RS-FR,39,178045
Toledo Rockets,special_teams,KO,1,Reice Griffith,SR/TR,93,182228
Toledo Rockets,special_teams,KO,2,Anthony Ruggles,RS-FR,39,178045
Toledo Rockets,special_teams,LS,1,Max Allen,RS-FR/TR,49,182219
Toledo Rockets,special_teams,H,1,Emilio Duran,SR,36,164333
Toledo Rockets,special_teams,PR,1,Bryson Hammer,RS-JR,12,166995
Toledo Rockets,special_teams,PR,2,Rico Bond,RS-SO/TR,1,182220
Toledo Rockets,special_teams,KR,1,Bryson Hammer,RS-JR,12,166995
Toledo Rockets,special_teams,KR,2,Corey Smith,RS-SO/TR,20,170648
Troy Trojans,offense,WR-X,1,Noreel White,RS-SO/TR,4,167966
Troy Trojans,offense,WR-X,2,Kristian Tate,RS-JR/TR,7,175550
Troy Trojans,offense,WR-X,3,Ky McNulty,RS-SO,13,170261
Troy Trojans,offense,WR-Z,1,Howard Kinchen,SR/TR,18,183027
Troy Trojans,offense,WR-Z,2,TK Keyes,RS-SO/TR,8,172222
Troy Trojans,offense,WR-H,1,Mojo Dortch,RS-SR/TR,5,163781
Troy Trojans,offense,WR-H,2,Jywon Boyd,RS-SO,2,172227
Troy Trojans,offense,LT,1,Darion Rivers,RS-JR/TR,77,160580
Troy Trojans,offense,LT,2,Tra'jon Townsend,JR/TR,74,178158
Troy Trojans,offense,LG,1,Elijah Prather,RS-JR,58,164170
Troy Trojans,offense,LG,2,Patrick Screws Jr.,RS-JR/TR,72,160903
Troy Trojans,offense,C,1,Tyler Cappi,RS-SR,65,157852
Troy Trojans,offense,C,2,Tyler Bell,RS-JR,73,164178
Troy Trojans,offense,RG,1,Luke Petit,RS-SR/TR,51,183041
Troy Trojans,offense,RT,1,Jordon Jones,RS-SR/TR,55,156196
Troy Trojans,offense,RT,2,Caleb Ash,RS-SO,54,172260
Troy Trojans,offense,TE,1,Jackson Worley,RS-JR,88,164176
Troy Trojans,offense,TE,2,Fabian Rogosch,RS-SR,85,79212
Troy Trojans,offense,QB,1,Goose Crowder,RS-SR/TR,9,162704
Troy Trojans,offense,QB,2,Tucker Kilcrease,RS-SR,10,156551
Troy Trojans,offense,QB,3,Rodge Waldrop,RS-SO/TR,11,172431
Troy Trojans,offense,RB,1,Jordan Lovett,RS-JR,1,164177
Troy Trojans,offense,RB,2,Gavin Griffin,JR/TR,0,183022
Troy Trojans,offense,RB,3,Jaheim Merriweather,JR/TR,3,167845
Troy Trojans,offense,RB,4,Bryce Burgess,JR/TR,22,183013
Troy Trojans,offense,RB,5,Dennis Palmer,RS-SO/TR,25,178153
Troy Trojans,defense,DE,1,Kavion Henderson,RS-SO/TR,25,168063
Troy Trojans,defense,DE,2,Makel Green,RS-FR,41,175546
Troy Trojans,defense,NT,1,Ty Clemons,RS-SR/TR,11,150831
Troy Trojans,defense,NT,2,RaKeem Davis,JR/TR,93,183016
Troy Trojans,defense,NT,3,Miquon Merriweather,SR/TR,95,164598
Troy Trojans,defense,DT,1,Kam Curry,SR/TR,0,172249
Troy Trojans,defense,DT,2,Will Norman,RS-SR/TR,88,78680
Troy Trojans,defense,DT,3,Jermaine Paramore,RS-SO,69,172255
Troy Trojans,defense,BAN,1,Donnie Smith,SR/TR,22,175549
Troy Trojans,defense,BAN,2,Lonnie Smith,JR/TR,5,183042
Troy Trojans,defense,WLB,1,Luke Hodge,RS-SR,44,156548
Troy Trojans,defense,WLB,2,Keno Jones,SR/TR,15,183025
Troy Trojans,defense,WLB,3,Keyshawn Campbell,RS-JR,20,80419
Troy Trojans,defense,MLB,1,Bryce Steele,RS-SR/TR,2,148321
Troy Trojans,defense,MLB,2,TJ Thompson,RS-SR/TR,4,162714
Troy Trojans,defense,SPEAR,1,Doug Nelson,JR/TR,3,183030
Troy Trojans,defense,SPEAR,2,Jordan Perry,RS-SR/TR,18,79035
Troy Trojans,defense,SPEAR,3,DayDay Nelson,RS-SR/TR,13,183029
Troy Trojans,defense,SPEAR,4,KD Reynolds,FR,35,183033
Troy Trojans,defense,LCB,1,Jordan Turner,JR/TR,7,183043
Troy Trojans,defense,LCB,2,Jabari Strait,SR/TR,1,172240
Troy Trojans,defense,LCB,3,Jonathan Pennix,RS-JR/TR,14,160163
Troy Trojans,defense,SS,1,Justin Powe,RS-SR,6,156555
Troy Trojans,defense,SS,2,Knai Cook,JR/TR,10,183015
Troy Trojans,defense,SS,3,Jon Bocchino,RS-FR,19,178147
Troy Trojans,defense,FS,1,Marcus Goree Jr.,RS-SO/TR,8,169169
Troy Trojans,defense,FS,2,Joe Lott,RS-SO,29,172233
Troy Trojans,defense,RCB,1,Shemar Welch,RS-SO,12,172242
Troy Trojans,defense,RCB,2,Marlin Odom,RS-SO,17,172237
Troy Trojans,special_teams,PT,1,Evan Crenshaw,RS-SR/TR,28,79197
Troy Trojans,special_teams,PT,2,Austin Lewis,RS-FR,49,178161
Troy Trojans,special_teams,PK,1,Ethan Head,JR/TR,33,171631
Troy Trojans,special_teams,PK,2,Jalen Ballard,RS-SR/TR,16,177692
Troy Trojans,special_teams,PK,3,Hayden Wolfe,JR/TR,38,183039
Troy Trojans,special_teams,KO,1,Ethan Head,JR/TR,33,171631
Troy Trojans,special_teams,KO,2,Jalen Ballard,RS-SR/TR,16,177692
Troy Trojans,special_teams,KO,3,Hayden Wolfe,JR/TR,38,183039
Troy Trojans,special_teams,LS,1,Colton Walls,RS-JR,87,164182
Troy Trojans,special_teams,LS,2,Kinnick Manley,RS-SR/TR,24,169877
Troy Trojans,special_teams,H,1,Evan Crenshaw,RS-SR/TR,28,79197
Troy Trojans,special_teams,PR,1,Mojo Dortch,RS-SR/TR,5,163781
Troy Trojans,special_teams,PR,2,Noreel White,RS-SO/TR,4,167966
Troy Trojans,special_teams,KR,1,Jordan Lovett,RS-JR,1,164177
Troy Trojans,special_teams,KR,2,Noreel White,RS-SO/TR,4,167966
Tulane Green Wave,offense,WR-X,1,Destyn Hill,RS-JR/TR,2,163736
Tulane Green Wave,offense,WR-X,2,Bredell Richardson,RS-SO/TR,8,169366
Tulane Green Wave,offense,WR-X,3,Antwaun Parham,RS-FR,15,174910
Tulane Green Wave,offense,WR-Z,1,Anthony Brown-Stephens,RS-SR/TR,5,159810
Tulane Green Wave,offense,WR-Z,2,Garrett Mmahat,RS-SR,16,157596
Tulane Green Wave,offense,WR-H,1,Zycarl Lewis Jr.,RS-SO,1,171633
Tulane Green Wave,offense,WR-H,2,Oliver Mitchell Jr.,SO,17,174908
Tulane Green Wave,offense,WR-H,3,Gabe Daniels,SO/TR,85,177456
Tulane Green Wave,offense,LT,1,Dominic Steward,RS-SO,55,168614
Tulane Green Wave,offense,LT,2,Tristen Fortenberry,RS-SO,52,171625
Tulane Green Wave,offense,LG,1,Elijah Baker,RS-SO,73,171615
Tulane Green Wave,offense,LG,2,Gresham Perry,RS-FR,76,177069
Tulane Green Wave,offense,LG,3,Riley Rushing,JR/TR,71,180868
Tulane Green Wave,offense,C,1,John Bock II,RS-SR/TR,51,156477
Tulane Green Wave,offense,C,2,Gavin Marks,SO/TR,60,180866
Tulane Green Wave,offense,C,3,Colin O'Carroll,RS-SO,75,171637
Tulane Green Wave,offense,RG,1,Reese Baker,RS-SO,78,171616
Tulane Green Wave,offense,RG,2,Tylan George,FR,67,180862
Tulane Green Wave,offense,RT,1,Ryan Mickow,RS-JR/TR,58,165856
Tulane Green Wave,offense,RT,2,Darion Reed,RS-JR,77,163638
Tulane Green Wave,offense,TE,1,Gabe Lovorn,SO,86,177065
Tulane Green Wave,offense,TE,2,Ty Thompson,RS-SR/TR,13,168617
Tulane Green Wave,offense,TE,3,Dawson Johnson,RS-SO/TR,19,172752
Tulane Green Wave,offense,TE,4,Vance Bolyard,RS-JR/TR,80,161615
Tulane Green Wave,offense,TE,5,Cameron Roberts,RS-FR,87,177075
Tulane Green Wave,offense,QB,1,Zeon Chriss-Gremillion,RS-SR/TR,9,168626
Tulane Green Wave,offense,QB,2,Kadin Semonza,RS-JR/TR,3,161477
Tulane Green Wave,offense,RB,1,Jaylin Lucas,RS-SR/TR,12,168143
Tulane Green Wave,offense,RB,2,Jamauri McClure,RS-SO,25,171635
Tulane Green Wave,offense,RB,3,Maurice Turner,RS-SR/TR,0,155964
Tulane Green Wave,offense,RB,4,Johnnie Daniels,RS-SR/TR,6,169216
Tulane Green Wave,offense,RB,5,Jake Randle,FR,24,181621
Tulane Green Wave,defense,DE,1,Josh Lewis,RS-FR,99,177064
Tulane Green Wave,defense,DE,2,Reshad Sterling,RS-FR/TR,51,174869
Tulane Green Wave,defense,DE,3,Geordan Guidry,RS-SO,96,171629
Tulane Green Wave,defense,NT,1,Derrick Shepard Jr.,RS-SR/TR,94,153633
Tulane Green Wave,defense,NT,2,PaLanding Drammeh,RS-FR,98,174903
Tulane Green Wave,defense,DT,1,Ed Smith IV,RS-SR/TR,45,148475
Tulane Green Wave,defense,DT,2,Armondous Cooley,RS-SR/TR,92,154721
Tulane Green Wave,defense,DT,3,Jordyn Crites,FR,90,181613
Tulane Green Wave,defense,BAN,1,Jah'rie Garner,RS-JR,48,163633
Tulane Green Wave,defense,BAN,2,Gerrod Henderson,RS-SR,10,156574
Tulane Green Wave,defense,BAN,3,Warren Roberts Jr.,RS-FR,40,177070
Tulane Green Wave,defense,BAN,4,Nikolas Alston,RS-FR,97,174901
Tulane Green Wave,defense,WLB,1,Chris Rodgers,SR/TR,4,168608
Tulane Green Wave,defense,WLB,2,Dalton Hughes,RS-SR/TR,11,148471
Tulane Green Wave,defense,WLB,3,Jean Claude Joseph III,RS-JR,44,161948
Tulane Green Wave,defense,MLB,1,Dickson Agu,RS-JR,2,163626
Tulane Green Wave,defense,MLB,2,Makai Williams,SR,42,163640
Tulane Green Wave,defense,MLB,3,Grayson McPherson,RS-FR,43,177066
Tulane Green Wave,defense,SPEAR,1,TJ Smith,RS-SR/TR,3,174912
Tulane Green Wave,defense,SPEAR,2,Kajuan Banks,RS-SR/TR,13,79014
Tulane Green Wave,defense,SPEAR,3,Dorion Jackson,RS-JR/TR,26,164163
Tulane Green Wave,defense,SPEAR,4,Michael Igbinoghene,RS-FR,24,177063
Tulane Green Wave,defense,FCB,1,Anthony Rogers,RS-SO/TR,12,180871
Tulane Green Wave,defense,FCB,2,LJ Green,RS-JR/TR,22,164161
Tulane Green Wave,defense,FCB,3,Justin Agu,GR/TR,22,149820
Tulane Green Wave,defense,SS,1,Kevin Adams III,RS-JR,7,163625
Tulane Green Wave,defense,SS,2,Chase Green,RS-SO,27,171628
Tulane Green Wave,defense,SS,3,Josh Sims,RS-FR,6,177073
Tulane Green Wave,defense,FS,1,Jack Tchienchou,RS-JR/TR,1,168616
Tulane Green Wave,defense,FS,2,Joshua Moore,RS-JR,30,163642
Tulane Green Wave,defense,BCB,1,E'zaiah Shine,RS-SO,5,171638
Tulane Green Wave,defense,BCB,2,Macho Stevenson,RS-JR/TR,21,161369
Tulane Green Wave,defense,BCB,3,Shaun Nicholas,JR,0,168613
Tulane Green Wave,special_teams,PT,1,William Hudlow,RS-JR,34,166857
Tulane Green Wave,special_teams,PT,2,Brooks Moore,FR,33,180872
Tulane Green Wave,special_teams,PT,3,John Allen,FR,38,181609
Tulane Green Wave,special_teams,PK,1,Jackson Courville,RS-JR/TR,96,166468
Tulane Green Wave,special_teams,PK,2,Cooper Helmke,RS-FR,35,177062
Tulane Green Wave,special_teams,PK,3,Zach Marini,RS-SO,46,171634
Tulane Green Wave,special_teams,KO,1,Jackson Courville,RS-JR/TR,96,166468
Tulane Green Wave,special_teams,KO,2,Cooper Helmke,RS-FR,35,177062
Tulane Green Wave,special_teams,KO,3,Zach Marini,RS-SO,46,171634
Tulane Green Wave,special_teams,LS,1,Jason Arredondo,SO,57,174902
Tulane Green Wave,special_teams,LS,2,Graham Coady,FR,63,181611
Tulane Green Wave,special_teams,H,1,William Hudlow,RS-JR,34,166857
Tulane Green Wave,special_teams,H,2,Brooks Moore,FR,33,180872
Tulane Green Wave,special_teams,H,3,John Allen,FR,38,181609
Tulane Green Wave,special_teams,PR,1,Oliver Mitchell Jr.,SO,17,174908
Tulane Green Wave,special_teams,KR,1,TJ Smith,RS-SR/TR,3,174912
Tulane Green Wave,special_teams,KR,2,Anthony Brown-Stephens,RS-SR/TR,5,159810
Tulsa Golden Hurricane,offense,WR-X,1,Jimmy Calloway,GR/TR,7,160732
Tulsa Golden Hurricane,offense,WR-X,2,Donnell Gee Jr.,SO,0,177080
Tulsa Golden Hurricane,offense,WR-X,3,Micah Tease,RS-JR/TR,3,160836
Tulsa Golden Hurricane,offense,WR-Z,1,David Wells Jr.,RS-JR/TR,1,160240
Tulsa Golden Hurricane,offense,WR-Z,2,Josh Smith,RS-SO,15,169790
Tulsa Golden Hurricane,offense,WR-SL,1,Grayson Tempest,SR,19,163999
Tulsa Golden Hurricane,offense,WR-SL,2,Oran Singleton Jr.,RS-SR/TR,2,70144
Tulsa Golden Hurricane,offense,WR-SL,3,Javon Ross,JR/TR,9,181278
Tulsa Golden Hurricane,offense,LT,1,Cam East,RS-SR/TR,73,153205
Tulsa Golden Hurricane,offense,LT,2,Colten Christian,RS-SO,56,169763
Tulsa Golden Hurricane,offense,LT,3,Jack Hood,RS-SO/TR,53,176298
Tulsa Golden Hurricane,offense,LG,1,Ian Mayes,SO,52,177083
Tulsa Golden Hurricane,offense,LG,2,Ross Johnston,JR/TR,54,169777
Tulsa Golden Hurricane,offense,LG,3,Josh Love,RS-SO,76,171816
Tulsa Golden Hurricane,offense,C,1,Malachi Preciado,RS-SR/TR,50,79464
Tulsa Golden Hurricane,offense,C,2,Will Morris,RS-JR,66,163995
Tulsa Golden Hurricane,offense,RG,1,Hunter Erb,RS-SR/TR,60,153034
Tulsa Golden Hurricane,offense,RG,2,Alan Pond,JR/TR,70,181272
Tulsa Golden Hurricane,offense,RG,3,Evan McClure,RS-SO/TR,75,171335
Tulsa Golden Hurricane,offense,RT,1,Brody Duffel,JR,77,169766
Tulsa Golden Hurricane,offense,RT,2,Davis Dotson,RS-SR/TR,78,156211
Tulsa Golden Hurricane,offense,TE,1,Jewlyen Roberts,RS-SO,84,169780
Tulsa Golden Hurricane,offense,TE,2,Grant McAtee,JR/TR,11,181268
Tulsa Golden Hurricane,offense,QB,1,Baylor Hayes,RS-SO/TR,10,177081
Tulsa Golden Hurricane,offense,QB,2,Dexter Williams II,GR/TR,5,79484
Tulsa Golden Hurricane,offense,QB,3,Andrew Alford,RS-FR,16,177076
Tulsa Golden Hurricane,offense,QB,4,Kyden Barker,FR,8,181245
Tulsa Golden Hurricane,offense,RB,1,Damari Alston,RS-SR/TR,6,153164
Tulsa Golden Hurricane,offense,RB,2,Seth Davis,RS-JR/TR,23,162126
Tulsa Golden Hurricane,offense,RB,3,DJ McKinney,RS-JR/TR,4,166709
Tulsa Golden Hurricane,offense,RB,4,Trequan Jones,SR/TR,20,178227
Tulsa Golden Hurricane,defense,LDE,1,Kyran Duhon,JR/TR,0,172090
Tulsa Golden Hurricane,defense,LDE,2,Jayden Madkins,RS-SR/TR,90,176809
Tulsa Golden Hurricane,defense,LDE,3,Will Upshaw,RS-SO,41,169784
Tulsa Golden Hurricane,defense,NT,1,Tai Newhouse,RS-SR,99,158865
Tulsa Golden Hurricane,defense,NT,2,Tyler Rich,RS-JR,58,164004
Tulsa Golden Hurricane,defense,DT,1,Jaylen George,RS-SR/TR,11,174142
Tulsa Golden Hurricane,defense,DT,2,Arias Nash,RS-SR/TR,10,174468
Tulsa Golden Hurricane,defense,DT,3,Dailen Howard,SR/TR,88,181261
Tulsa Golden Hurricane,defense,RDE,1,Thomas Davis,RS-SR/TR,15,164128
Tulsa Golden Hurricane,defense,RDE,2,Hudson Ball,SO,32,176389
Tulsa Golden Hurricane,defense,WLB,1,William Alexander,RS-SR,33,159210
Tulsa Golden Hurricane,defense,WLB,2,C.J. Turner,RS-JR,35,164000
Tulsa Golden Hurricane,defense,WLB,3,Dax Collins,JR,9,169764
Tulsa Golden Hurricane,defense,MLB,1,Devin Hightower,GR/TR,24,64747
Tulsa Golden Hurricane,defense,MLB,2,Chris Thompson Jr.,GR/TR,6,64667
Tulsa Golden Hurricane,defense,STAR,1,Devin Robinson,RS-JR,2,164005
Tulsa Golden Hurricane,defense,STAR,2,Zane Woodham,RS-SR/TR,27,162743
Tulsa Golden Hurricane,defense,STAR,3,Ty Williams,RS-SR/TR,22,147504
Tulsa Golden Hurricane,defense,LCB,1,Caldra Williford,RS-SR/TR,16,177447
Tulsa Golden Hurricane,defense,LCB,2,NuNu Campbell,RS-SR,13,158859
Tulsa Golden Hurricane,defense,LCB,3,Willie Goodwyn,RS-SO/TR,23,169424
Tulsa Golden Hurricane,defense,SS,1,Zach Williams,JR,1,169797
Tulsa Golden Hurricane,defense,SS,2,Ashton Williams,JR,5,169787
Tulsa Golden Hurricane,defense,FS,1,Rylan Leathers,RS-SO/TR,19,181264
Tulsa Golden Hurricane,defense,FS,2,Tyson Williams,SR/TR,4,181279
Tulsa Golden Hurricane,defense,FS,3,Dedaunte Scott,RS-SO,12,169782
Tulsa Golden Hurricane,defense,RCB,1,Elijah Green,JR,7,169789
Tulsa Golden Hurricane,defense,RCB,2,JD Drew,RS-SR/TR,3,158389
Tulsa Golden Hurricane,defense,RCB,3,Korbyn Green,RS-SR/TR,8,74209
Tulsa Golden Hurricane,special_teams,PT,1,Max Tulen,RS-JR/TR,29,181275
Tulsa Golden Hurricane,special_teams,PT,2,Henry Simon,RS-SO,44,171814
Tulsa Golden Hurricane,special_teams,PK,1,Marlon Hauck,RS-SR/TR,18,157359
Tulsa Golden Hurricane,special_teams,PK,2,Evan Guenthner,RS-JR,95,169772
Tulsa Golden Hurricane,special_teams,PK,3,Owen Carey,FR,10,181251
Tulsa Golden Hurricane,special_teams,KO,1,Marlon Hauck,RS-SR/TR,18,157359
Tulsa Golden Hurricane,special_teams,KO,2,Evan Guenthner,RS-JR,95,169772
Tulsa Golden Hurricane,special_teams,KO,3,Owen Carey,FR,10,181251
Tulsa Golden Hurricane,special_teams,LS,1,Aidan Fedigan,RS-SR/TR,42,157604
Tulsa Golden Hurricane,special_teams,LS,2,Joel Bazinet,FR,41,181247
Tulsa Golden Hurricane,special_teams,H,1,Max Tulen,RS-JR/TR,29,181275
Tulsa Golden Hurricane,special_teams,H,2,Henry Simon,RS-SO,44,171814
Tulsa Golden Hurricane,special_teams,PR,1,Tyson Williams,SR/TR,4,181279
Tulsa Golden Hurricane,special_teams,PR,2,Grayson Tempest,SR,19,163999
Tulsa Golden Hurricane,special_teams,KR,1,Javon Ross,JR/TR,9,181278
Tulsa Golden Hurricane,special_teams,KR,2,Kelvin Washington,RS-FR,22,177089
UAB Blazers,offense,WR-X,1,Kaleb Brown,RS-SR/TR,8,163559
UAB Blazers,offense,WR-X,2,EJ Reid,RS-SO/TR,4,168585
UAB Blazers,offense,WR-Z,1,CJ Smith,RS-SR/TR,1,167855
UAB Blazers,offense,WR-Z,2,Jaylen Elder,SO,12,177100
UAB Blazers,offense,WR-Z,3,AJ Johnson,GR/TR,9,175154
UAB Blazers,offense,WR-SL,1,Ty Mims,RS-SR/TR,0,157820
UAB Blazers,offense,WR-SL,2,KJ Daniels,RS-SO/TR,6,171331
UAB Blazers,offense,WR-SL,3,Brogan McNab,FR,17,181165
UAB Blazers,offense,LT,1,Payton Kirkland,RS-JR/TR,51,160425
UAB Blazers,offense,LT,2,Keyon Cox,RS-JR/TR,77,162983
UAB Blazers,offense,LG,1,Calib Perez,RS-SR/TR,75,140449
UAB Blazers,offense,LG,2,Nelson Ramirez,RS-JR/TR,78,177108
UAB Blazers,offense,C,1,Adam Lepkowski,GR,68,151650
UAB Blazers,offense,C,2,Jaden Ligon,RS-SO,59,170939
UAB Blazers,offense,RG,1,Barry Walker,RS-SO,74,169756
UAB Blazers,offense,RG,2,Cooper Young,RS-JR/TR,64,165044
UAB Blazers,offense,RT,1,Kyrik Mason,GR/TR,71,170046
UAB Blazers,offense,RT,2,Ryan Gunter,RS-SR,58,156591
UAB Blazers,offense,TE,1,Antonio Ferguson,RS-JR/TR,85,166235
UAB Blazers,offense,TE,2,Sean Persson,RS-SO/TR,87,174922
UAB Blazers,offense,TE,3,Scott Isacks,RS-SR/TR,44,156011
UAB Blazers,offense,QB,1,Ryder Burton,RS-JR/TR,5,162608
UAB Blazers,offense,QB,2,Adrian Posse,RS-SO,11,169754
UAB Blazers,offense,QB,3,Adrian Posse,RS-SO,11,169754
UAB Blazers,offense,QB,4,Cam Jennings,RS-SO,18,170934
UAB Blazers,offense,RB,1,Rod Robinson II,RS-JR/TR,2,160009
UAB Blazers,offense,RB,2,Bam McReynolds,RS-SR/TR,3,157868
UAB Blazers,offense,RB,3,Ja'Vin Simpkins,RS-JR/TR,7,166802
UAB Blazers,offense,RB,4,Marquise Collins,RS-JR/TR,10,161617
UAB Blazers,defense,LDE,1,Noah Nelson,RS-SR/TR,9,177601
UAB Blazers,defense,LDE,2,Chris Burge,RS-SO,59,170926
UAB Blazers,defense,LDE,3,Tylin Jackson,RS-JR/TR,17,181162
UAB Blazers,defense,NT,1,Cam Cunningham,RS-SR/TR,29,181157
UAB Blazers,defense,NT,2,Raymond Macias,RS-SO/TR,99,181163
UAB Blazers,defense,NT,3,Sterling Sanders,RS-FR/TR,52,174777
UAB Blazers,defense,DT,1,Chris Spencer,RS-SR/TR,90,156258
UAB Blazers,defense,DT,2,Kyle Mosley,RS-SO,54,169753
UAB Blazers,defense,DT,3,Elijah Hall,RS-SR/TR,15,168437
UAB Blazers,defense,RDE,1,Blanche Gold,RS-SR/TR,7,181158
UAB Blazers,defense,RDE,2,Marlin Dean,GR/TR,4,71861
UAB Blazers,defense,RDE,3,J'Quan Mason,RS-SO,58,170941
UAB Blazers,defense,WLB,1,Ike Esonwune,RS-JR/TR,3,165084
UAB Blazers,defense,WLB,2,Colby Archie,JR/TR,32,181155
UAB Blazers,defense,WLB,3,Mantrez Walker,RS-FR/TR,14,174427
UAB Blazers,defense,MLB,1,Muaaz Byard,RS-SR/TR,35,159223
UAB Blazers,defense,MLB,2,Braden Sullivan,SR/TR,33,181171
UAB Blazers,defense,LCB,1,Delvon Gulley,JR/TR,5,177102
UAB Blazers,defense,LCB,2,Que Billingsley,RS-JR/TR,6,170828
UAB Blazers,defense,LCB,3,Isaiah Crozier,RS-JR/TR,16,177097
UAB Blazers,defense,SS,1,Jeremiah Jordan,RS-SR/TR,13,175988
UAB Blazers,defense,SS,2,Diezel Wilkinson,JR/TR,24,181174
UAB Blazers,defense,FS,1,Jotavian Pierce,RS-FR/TR,0,176867
UAB Blazers,defense,FS,2,Jaylen Thompson,RS-SO/TR,25,168978
UAB Blazers,defense,RCB,1,Darrell Sweeting,RS-JR/TR,1,164046
UAB Blazers,defense,RCB,2,Courage Ugochukwu,RS-SR/TR,22,169741
UAB Blazers,defense,RCB,3,Guylijah Theodule,JR/TR,2,172204
UAB Blazers,defense,NB,1,Anta'Veon McKenzie,RS-JR/TR,11,181164
UAB Blazers,special_teams,PT,1,Badger Hargett,RS-JR/TR,20,166249
UAB Blazers,special_teams,PK,1,Jonah Delange,SR,39,164596
UAB Blazers,special_teams,PK,2,Owen Simpson,SO,35,177109
UAB Blazers,special_teams,KO,1,Owen Simpson,SO,35,177109
UAB Blazers,special_teams,KO,2,Jonah Delange,SR,39,164596
UAB Blazers,special_teams,LS,1,Evan Bishop,RS-JR/TR,46,78084
UAB Blazers,special_teams,H,1,Badger Hargett,RS-JR/TR,20,166249
UAB Blazers,special_teams,PR,1,Ty Mims,RS-SR/TR,0,157820
UAB Blazers,special_teams,PR,2,Kaleb Brown,RS-SR/TR,8,163559
UAB Blazers,special_teams,KR,1,Ty Mims,RS-SR/TR,0,157820
UAB Blazers,special_teams,KR,2,Amari Brundidge,RS-SO,30,170925
UCLA Bruins,offense,WR-X,1,Leland Smith,SR/TR,0,77505
UCLA Bruins,offense,WR-X,2,Aidan Mizell,RS-JR/TR,1,161190
UCLA Bruins,offense,WR-X,3,Marcus Harris,RS-FR/TR,15,174340
UCLA Bruins,offense,WR-Z,1,Landon Ellis,SR/TR,11,173841
UCLA Bruins,offense,WR-Z,2,Brian Rowe Jr.,SO/TR,2,174547
UCLA Bruins,offense,WR-SL,1,Mikey Matthews,SR/TR,7,168695
UCLA Bruins,offense,WR-SL,2,Semaj Morgan,SR/TR,4,159985
UCLA Bruins,offense,WR-SL,3,Jackson Meehan,RS-SR/TR,23,177326
UCLA Bruins,offense,LT,1,Jordan Davis,RS-SR/TR,68,162531
UCLA Bruins,offense,LT,2,Mack Indestad,RS-SR/TR,76,155779
UCLA Bruins,offense,LT,3,Jensen Somerville,RS-SO,66,169656
UCLA Bruins,offense,LG,1,Eugene Brooks,RS-SO/TR,55,169302
UCLA Bruins,offense,LG,2,Sean Na'a,RS-JR/TR,71,161430
UCLA Bruins,offense,LG,3,Nehemiah Johnson,RS-FR,75,176901
UCLA Bruins,offense,C,1,Riley Robell,RS-JR/TR,51,165727
UCLA Bruins,offense,C,2,Sam Yoon,RS-SR,64,153547
UCLA Bruins,offense,RG,1,Carter Sweazie,RS-SR/TR,52,158962
UCLA Bruins,offense,RG,2,Derek Osman,RS-SR/TR,54,179559
UCLA Bruins,offense,RG,3,Julian Armella,RS-SR/TR,74,155815
UCLA Bruins,offense,RT,1,Hall Schmidt,RS-SR/TR,65,158318
UCLA Bruins,offense,RT,2,Michael McDonald,SO/TR,78,179571
UCLA Bruins,offense,TE,1,Josh Phifer,RS-JR/TR,89,165725
UCLA Bruins,offense,TE,2,Brayden Loftin,RS-SR/TR,85,155857
UCLA Bruins,offense,TE,3,Harry Lodge,RS-SR/TR,19,156659
UCLA Bruins,offense,QB,1,Nico Iamaleava,RS-JR/TR,9,160801
UCLA Bruins,offense,QB,2,Madden Iamaleava,RS-FR,10,175304
UCLA Bruins,offense,QB,3,Colton Gumino,RS-FR,17,176380
UCLA Bruins,offense,RB,1,Wayne Knight,RS-SR/TR,3,78536
UCLA Bruins,offense,RB,2,Anthony Woods,RS-SR/TR,6,169509
UCLA Bruins,offense,RB,3,Jaivian Thomas,SR/TR,21,163773
UCLA Bruins,defense,LDE,1,Sahir West,RS-SO/TR,15,171683
UCLA Bruins,defense,LDE,2,Amier Washington,RS-JR/TR,90,161363
UCLA Bruins,defense,LDE,3,Lucien Holland,RS-FR,17,177322
UCLA Bruins,defense,LDT,1,Maxwell Roy,RS-FR/TR,99,173922
UCLA Bruins,defense,LDT,2,A.J. Fuimaono,RS-JR,55,159897
UCLA Bruins,defense,LDT,3,Gavin Blum,SO/TR,59,179561
UCLA Bruins,defense,RDT,1,Tyson Ford,RS-JR/TR,95,152982
UCLA Bruins,defense,RDT,2,Darold DeNgohe,RS-JR/TR,92,165714
UCLA Bruins,defense,RDT,3,Ashton Sanders,RS-JR/TR,44,160269
UCLA Bruins,defense,RDE,1,Aiden Gobaira,RS-SR/TR,97,152983
UCLA Bruins,defense,RDE,2,Ryan McCulloch,RS-JR/TR,19,163785
UCLA Bruins,defense,RDE,3,Jewelous Walls,SO,41,176383
UCLA Bruins,defense,WLB,1,Jalen Woods,RS-SR,9,153552
UCLA Bruins,defense,WLB,2,Donavyn Pellot,RS-JR,0,159905
UCLA Bruins,defense,WLB,3,Scott Taylor,SO,20,176387
UCLA Bruins,defense,MLB,1,Sammy Omosigho,SR/TR,10,160265
UCLA Bruins,defense,MLB,2,Drew Spinogatti,SR/TR,56,176599
UCLA Bruins,defense,MLB,3,Anthony Sacca,RS-FR/TR,39,177933
UCLA Bruins,defense,LCB,1,Scooter Jackson,SR/TR,1,174372
UCLA Bruins,defense,LCB,2,Dante Lovett,RS-JR/TR,21,160161
UCLA Bruins,defense,LCB,3,Jhase McMillan,RS-SO/TR,23,179558
UCLA Bruins,defense,SS,1,Cole Martin,RS-JR/TR,4,79695
UCLA Bruins,defense,SS,2,Ta'Shawn James,RS-JR/TR,27,164567
UCLA Bruins,defense,FS,1,Tao Johnson,RS-SR/TR,6,156619
UCLA Bruins,defense,FS,2,Malik Hartford,RS-JR/TR,12,161017
UCLA Bruins,defense,FS,3,Aaron Williams,RS-JR/TR,7,160739
UCLA Bruins,defense,RCB,1,Rodrick Pleasant,RS-JR/TR,2,163375
UCLA Bruins,defense,RCB,2,Robert Stafford III,RS-JR/TR,3,162149
UCLA Bruins,defense,RCB,3,Jamier Johnson,RS-SR/TR,45,160076
UCLA Bruins,defense,NB,1,Derrick Barksdale,SR/TR,32,160984
UCLA Bruins,special_teams,PT,1,Chase Barry,RS-SR/TR,45,153558
UCLA Bruins,special_teams,PT,2,Curtis Gerrand,SO/TR,35,177947
UCLA Bruins,special_teams,PT,3,Lennox Miller,RS-FR,19,176902
UCLA Bruins,special_teams,PK,1,Mateen Bhaghani,SR/TR,15,78980
UCLA Bruins,special_teams,PK,2,Mateo Orosco,FR,31,181023
UCLA Bruins,special_teams,KO,1,Mateen Bhaghani,SR/TR,15,78980
UCLA Bruins,special_teams,KO,2,Mateo Orosco,FR,31,181023
UCLA Bruins,special_teams,LS,1,Salem Abdul-Wahab,RS-SR/TR,50,165682
UCLA Bruins,special_teams,LS,2,Halakilangi Muagututi'a,RS-FR,30,174373
UCLA Bruins,special_teams,LS,3,Giancarlo Cereghino,FR,44,179564
UCLA Bruins,special_teams,H,1,Chase Barry,RS-SR/TR,45,153558
UCLA Bruins,special_teams,H,2,Curtis Gerrand,SO/TR,35,177947
UCLA Bruins,special_teams,H,3,Lennox Miller,RS-FR,19,176902
UCLA Bruins,special_teams,PR,1,Mikey Matthews,SR/TR,7,168695
UCLA Bruins,special_teams,KR,1,Wayne Knight,RS-SR/TR,3,78536
UCLA Bruins,special_teams,KR,2,Cole Martin,RS-JR/TR,4,79695
UNLV Rebels,offense,WR-X,1,Amorion Walker,RS-SR/TR,17,167976
UNLV Rebels,offense,WR-X,2,Taz Reddicks,RS-JR/TR,2,160237
UNLV Rebels,offense,WR-X,3,Tavian McNair,RS-FR,5,174704
UNLV Rebels,offense,WR-X,4,Vincent Carner,FR,81,182316
UNLV Rebels,offense,WR-Z,1,Taeshaun Lyons,RS-JR/TR,8,79526
UNLV Rebels,offense,WR-Z,2,Kayden McGee,RS-SO,6,172828
UNLV Rebels,offense,WR-Z,3,Cassidee Miles,RS-FR,83,176893
UNLV Rebels,offense,WR-Z,4,Tatum Bell Jr.,FR,15,182312
UNLV Rebels,offense,WR-SL,1,DeAngelo Irvin Jr.,SR,4,167235
UNLV Rebels,offense,WR-SL,2,Troy Stellato,RS-SR/TR,10,146782
UNLV Rebels,offense,WR-SL,3,Peyton Zachary,FR,82,182346
UNLV Rebels,offense,WR-SL,4,David Titone-Perez,RS-SO,86,172835
UNLV Rebels,offense,LT,1,Will Thomas,RS-SR/TR,72,163803
UNLV Rebels,offense,LT,2,Jesus Garcia II,FR,73,182319
UNLV Rebels,offense,LT,3,Ed Haynes,RS-JR,71,167245
UNLV Rebels,offense,LG,1,Griffin Scroggs,RS-SR/TR,55,163542
UNLV Rebels,offense,LG,2,Colton Thomasson,RS-JR/TR,77,160838
UNLV Rebels,offense,LG,3,Eli Sanchez,FR,62,182336
UNLV Rebels,offense,C,1,Austin Boyd,SR,79,166611
UNLV Rebels,offense,C,2,Amare Taase,RS-SO,74,172834
UNLV Rebels,offense,RG,1,BJ Tolo,RS-JR/TR,66,166189
UNLV Rebels,offense,RG,2,Joe Metzger,RS-SR/TR,64,182349
UNLV Rebels,offense,RG,3,Chrysanthos Fetokakis,RS-FR,76,176890
UNLV Rebels,offense,RT,1,Jackson Brown,RS-SR/TR,78,165864
UNLV Rebels,offense,RT,2,Mateo Bilaver,FR,75,182314
UNLV Rebels,offense,RT,3,Malik White,FR,67,182344
UNLV Rebels,offense,TE,1,Keyan Burnett,RS-SR/TR,84,168236
UNLV Rebels,offense,TE,2,Matt Byrnes,RS-SR/TR,85,149633
UNLV Rebels,offense,TE,3,Jae Beasley II,JR,43,170185
UNLV Rebels,offense,TE,4,Velltray Jefferson,RS-SR/TR,88,70475
UNLV Rebels,offense,TE,5,Andreas Diaz-Nicolaidis,FR,89,182317
UNLV Rebels,offense,QB,1,Jackson Arnold,SR/TR,11,160251
UNLV Rebels,offense,QB,2,Alex Orji,RS-SR/TR,1,152747
UNLV Rebels,offense,QB,3,Derek Garcia,FR,14,182320
UNLV Rebels,offense,QB,4,Sebastian Circo,RS-FR,13,176888
UNLV Rebels,offense,RB,1,Jai'Den Thomas,SR,9,166610
UNLV Rebels,offense,RB,2,Jaylon Glover,RS-SR/TR,0,154357
UNLV Rebels,offense,RB,3,Darrien Jones,RS-JR,24,167237
UNLV Rebels,offense,RB,4,Kamran Williams,RS-FR,23,174709
UNLV Rebels,offense,RB,5,Skylar Vann,FR,22,182342
UNLV Rebels,defense,LDE,1,Landen Thomas,RS-JR/TR,9,159784
UNLV Rebels,defense,LDE,2,Andre Porter,RS-SO,42,172840
UNLV Rebels,defense,LDE,3,Prin Fox,FR,96,182318
UNLV Rebels,defense,LDE,4,Jordan Covington,RS-FR,99,174698
UNLV Rebels,defense,LDT,1,Herb Gray,RS-SO/TR,92,171745
UNLV Rebels,defense,LDT,2,Eliah Logo,RS-FR,90,174703
UNLV Rebels,defense,LDT,3,Poe Purcell,FR,54,182334
UNLV Rebels,defense,LDT,4,Bryce Waters,FR,95,182343
UNLV Rebels,defense,RDT,1,Lucas Conti,RS-JR,94,167231
UNLV Rebels,defense,RDT,2,Mo Abbasher,RS-SO/TR,88,176883
UNLV Rebels,defense,RDT,3,Mohamed Altayeb,RS-SR/TR,16,174697
UNLV Rebels,defense,RDT,4,Bryce Robinson,FR,97,182347
UNLV Rebels,defense,RDE,1,Elias Rudolph,RS-SO/TR,91,172778
UNLV Rebels,defense,RDE,2,Kenji Scanlan,RS-FR,32,174707
UNLV Rebels,defense,RDE,3,Cole Albrecht,FR,45,182310
UNLV Rebels,defense,WLB,1,Blesyng Alualu-Tuiolemotu,RS-JR,15,162754
UNLV Rebels,defense,WLB,2,Dee Crayton,RS-JR/TR,3,160291
UNLV Rebels,defense,WLB,3,Mark Iheanachor,RS-FR/TR,11,176240
UNLV Rebels,defense,MLB,1,Cam Santee,SR/TR,23,182337
UNLV Rebels,defense,MLB,2,Kamuela Ka'aihue,SR/TR,8,161449
UNLV Rebels,defense,MLB,3,Justin Flowe,RS-SR/TR,36,161439
UNLV Rebels,defense,LCB,1,Quandarius Keyes,SR/TR,5,174702
UNLV Rebels,defense,LCB,2,Tony-Louis Nkuba,RS-SO/TR,4,169103
UNLV Rebels,defense,LCB,3,Jaylen Allen,RS-SO,13,172819
UNLV Rebels,defense,SS,1,Jake Pope,RS-SR/TR,7,167922
UNLV Rebels,defense,SS,2,Landyn Cleveland,JR/TR,20,169322
UNLV Rebels,defense,FS,1,Tre Fulton,RS-SO,10,170188
UNLV Rebels,defense,FS,2,Logan Christensen,SO,14,176887
UNLV Rebels,defense,RCB,1,Avery Helm,RS-SR/TR,24,160605
UNLV Rebels,defense,RCB,2,Denver Harris,RS-SR/TR,2,73125
UNLV Rebels,defense,NB,1,Mumu Bin-Wahad,RS-SR/TR,1,72559
UNLV Rebels,defense,NB,2,Joshua Tuchek,RS-FR,21,174708
UNLV Rebels,special_teams,PT,1,Matt Choules,RS-FR/TR,26,175379
UNLV Rebels,special_teams,PT,2,Ethan Schwartz,SO/TR,39,182338
UNLV Rebels,special_teams,PK,1,Ramon Villela,RS-JR,32,167242
UNLV Rebels,special_teams,PK,2,Noah Randazzo,FR,49,182335
UNLV Rebels,special_teams,PK,3,Brayden Baker,FR,35,182311
UNLV Rebels,special_teams,KO,1,Ramon Villela,RS-JR,32,167242
UNLV Rebels,special_teams,KO,2,Noah Randazzo,FR,49,182335
UNLV Rebels,special_teams,KO,3,Brayden Baker,FR,35,182311
UNLV Rebels,special_teams,LS,1,Tyson Jacobson,RS-SR/TR,47,182324
UNLV Rebels,special_teams,LS,2,Andrew O'Reilly,RS-FR,56,176895
UNLV Rebels,special_teams,LS,3,Mason Senzaki,FR,46,182339
UNLV Rebels,special_teams,H,1,Matt Choules,RS-FR/TR,26,175379
UNLV Rebels,special_teams,H,2,Ethan Schwartz,SO/TR,39,182338
UNLV Rebels,special_teams,PR,1,DeAngelo Irvin Jr.,SR,4,167235
UNLV Rebels,special_teams,PR,2,Taz Reddicks,RS-JR/TR,2,160237
UNLV Rebels,special_teams,PR,3,Kayden McGee,RS-SO,6,172828
UNLV Rebels,special_teams,KR,1,Jaylon Glover,RS-SR/TR,0,154357
UNLV Rebels,special_teams,KR,2,Jai'Den Thomas,SR,9,166610
UNLV Rebels,special_teams,KR,3,Kayden McGee,RS-SO,6,172828
USC Trojans,offense,WR-X,1,Corey Simms,SO,10,174131
USC Trojans,offense,WR-X,2,Tanook Hines,SO,16,174130
USC Trojans,offense,WR-X,3,Tron Baker,FR,85,180018
USC Trojans,offense,WR-Z,1,Kayden Dixon-Wyatt,FR,17,180023
USC Trojans,offense,WR-Z,2,Ethan Feaster,FR,1,180026
USC Trojans,offense,WR-SL,1,Trent Mosley,FR,4,180038
USC Trojans,offense,WR-SL,2,Zacharyus Williams,RS-SO/TR,0,170821
USC Trojans,offense,LT,1,Elijah Paige,RS-JR,72,160457
USC Trojans,offense,LT,2,Vlad Dyakonov,FR,51,180024
USC Trojans,offense,LG,1,Hayden Treter,RS-SO,68,172705
USC Trojans,offense,LG,2,Breck Kolojay,FR,66,180036
USC Trojans,offense,C,1,Tobias Raymond,RS-JR,73,160461
USC Trojans,offense,C,2,Willi Wascher,RS-FR,52,175738
USC Trojans,offense,RG,1,Alani Noa,SR,77,160456
USC Trojans,offense,RG,2,Kaylon Miller,RS-SO,60,169480
USC Trojans,offense,RT,1,Justin Tauanuu,RS-SO,74,169487
USC Trojans,offense,RT,2,Aaron Dunn,RS-FR,70,174134
USC Trojans,offense,TE,1,Mark Bowman,FR,19,180019
USC Trojans,offense,TE,2,Tucker Ashcraft,RS-JR/TR,84,165692
USC Trojans,offense,TE,3,Carson Tabaracci,RS-SR/TR,24,157220
USC Trojans,offense,TE,4,Taniela Tupou,RS-FR,88,175742
USC Trojans,offense,QB,1,Jayden Maiava,RS-SR/TR,14,79660
USC Trojans,offense,QB,2,Sam Huard,RS-SR/TR,7,73600
USC Trojans,offense,QB,3,Jonas Williams,FR,15,180050
USC Trojans,offense,RB,1,Waymond Jordan,SR/TR,2,174125
USC Trojans,offense,RB,2,King Miller,RS-SO,8,173510
USC Trojans,offense,RB,3,Riley Wormley,RS-FR,27,175739
USC Trojans,offense,RB,4,Shahn Alston,FR,22,180017
USC Trojans,offense,RB,5,Deshonne Redeaux,FR,6,180040
USC Trojans,defense,LDE,1,Luke Wafle,FR,94,180047
USC Trojans,defense,LDE,2,Zuriah Fisher,RS-SR/TR,18,139948
USC Trojans,defense,NT,1,Alex VanSumeren,RS-SR/TR,91,154069
USC Trojans,defense,NT,2,Floyd Boucard,SO,88,175735
USC Trojans,defense,DT,1,Jide Abasiri,JR,97,169471
USC Trojans,defense,DT,2,Tomuhini Topui Jr.,FR,52,180046
USC Trojans,defense,RDE,1,Kameryn Crawford,JR,1,169475
USC Trojans,defense,RDE,2,Jadyn Ramos,RS-FR,95,177348
USC Trojans,defense,WLB,1,Jadyn Walker,RS-SO,15,172706
USC Trojans,defense,WLB,2,Deven Bryant,RS-JR/TR,17,160199
USC Trojans,defense,MLB,1,Desman Stephens II,JR,8,169485
USC Trojans,defense,MLB,2,Ta'Mere Robinson,RS-JR/TR,14,159876
USC Trojans,defense,MLB,3,Talanoa Ili,FR,22,180030
USC Trojans,defense,LCB,1,Jontez Williams,RS-SR/TR,0,157112
USC Trojans,defense,LCB,2,Marcelles Williams,RS-SO,25,169488
USC Trojans,defense,LCB,3,RJ Sermons,RS-FR,21,177350
USC Trojans,defense,SS,1,Christian Pierce,SR,6,160460
USC Trojans,defense,SS,2,Kendarius Reddick,SO,23,174136
USC Trojans,defense,FS,1,Prophet Brown,RS-SR,16,151077
USC Trojans,defense,FS,2,Madden Riordan,FR,31,180041
USC Trojans,defense,RCB,1,Chasen Johnson,RS-SO/TR,27,169361
USC Trojans,defense,RCB,2,Elbert Hill IV,FR,2,180028
USC Trojans,defense,NB,1,Alex Graham,RS-FR,7,174127
USC Trojans,defense,NB,2,Kennedy Urlacher,JR/TR,9,168269
USC Trojans,defense,NB,3,Isaiah Rubin,RS-SO,38,172700
USC Trojans,special_teams,PT,1,Lachlan Carrigan,SO/TR,35,175982
USC Trojans,special_teams,PT,2,Ryon Sayeri,RS-SO,48,172703
USC Trojans,special_teams,PK,1,Caden Chittenden,RS-SO/TR,45,170187
USC Trojans,special_teams,PK,2,Ryon Sayeri,RS-SO,48,172703
USC Trojans,special_teams,KO,1,Ryon Sayeri,RS-SO,48,172703
USC Trojans,special_teams,KO,2,Caden Chittenden,RS-SO/TR,45,170187
USC Trojans,special_teams,LS,1,Dylan Black,RS-SR/TR,46,137300
USC Trojans,special_teams,LS,2,Luke Brown,RS-FR,53,177351
USC Trojans,special_teams,H,1,Lachlan Carrigan,SO/TR,35,175982
USC Trojans,special_teams,H,2,Nate Hillenburg,RS-SR/TR,39,183794
USC Trojans,special_teams,PR,1,Trent Mosley,FR,4,180038
USC Trojans,special_teams,PR,2,Zacharyus Williams,RS-SO/TR,0,170821
USC Trojans,special_teams,PR,3,Terrell Anderson,JR/TR,9,168205
USC Trojans,special_teams,KR,1,Deshonne Redeaux,FR,6,180040
USC Trojans,special_teams,KR,2,Shahn Alston,FR,22,180017
USC Trojans,special_teams,KR,3,Riley Wormley,RS-FR,27,175739
Utah Utes,offense,WR-X,1,Larry Simmons,RS-SR/TR,12,80192
Utah Utes,offense,WR-X,2,Tobias Merriweather,RS-SR/TR,18,168696
Utah Utes,offense,WR-X,3,Daidren Zipperer,RS-JR,6,166310
Utah Utes,offense,WR-Z,1,Braden Pegan,RS-SR/TR,7,153570
Utah Utes,offense,WR-Z,2,Ricky Johnson,RS-SO/TR,11,171122
Utah Utes,offense,WR-SL,1,Kyri Shoels,RS-SR/TR,0,173198
Utah Utes,offense,WR-SL,2,Creed Whittemore,RS-JR/TR,2,162136
Utah Utes,offense,LT,1,Zereoue Williams,GR,76,151144
Utah Utes,offense,LT,2,Kelvin Obot,FR,55,180419
Utah Utes,offense,LG,1,Solatoa Moea'i,SR,62,162797
Utah Utes,offense,LG,2,Reece Parmenter,RS-SO,64,169506
Utah Utes,offense,C,1,Alex Harrison,GR,79,140899
Utah Utes,offense,C,2,Isaiah Kema,RS-FR/TR,56,178445
Utah Utes,offense,RG,1,Keith Olson,RS-SR,74,156623
Utah Utes,offense,RG,2,Roger Alderman,RS-JR,75,166290
Utah Utes,offense,RT,1,Cedric Jefferson,RS-JR/TR,73,180416
Utah Utes,offense,RT,2,Isaiah Garcia,RS-SO,72,169510
Utah Utes,offense,TE,1,Hunter Andrews,RS-SO,10,169511
Utah Utes,offense,TE,2,Noah Bennee,RS-SR/TR,89,154351
Utah Utes,offense,TE,3,Will Monney,RS-JR/TR,86,162829
Utah Utes,offense,TE,4,Semi Taulanga,RS-FR,99,176730
Utah Utes,offense,TE,5,Sione Motuapuaka,RS-FR,44,174824
Utah Utes,offense,QB,1,Devon Dampier,SR/TR,4,162200
Utah Utes,offense,QB,2,Byrd Ficklin,SO,15,174819
Utah Utes,offense,RB,1,Wayshawn Parker,JR/TR,1,169548
Utah Utes,offense,RB,2,Daniel Bray,SO,5,174811
Utah Utes,offense,RB,3,Steve Chavez-Soto,SO/TR,25,178286
Utah Utes,offense,RB,4,LaMarcus Bell,FR,21,180409
Utah Utes,defense,LDE,1,Lance Holtzclaw,RS-SR/TR,15,153712
Utah Utes,defense,LDE,2,Paul Fitzgerald,RS-SR/TR,40,155545
Utah Utes,defense,LDT,1,Karson Kaufusi,SO,51,174823
Utah Utes,defense,LDT,2,Jireh Moe,SO/TR,90,178291
Utah Utes,defense,LDT,3,Jamal Wallace,RS-SR/TR,99,170331
Utah Utes,defense,RDT,1,Pupu Sepulona,SO,45,176727
Utah Utes,defense,RDT,2,Lucas Samsula,RS-JR/TR,97,163158
Utah Utes,defense,RDT,3,Mike Tauteoli,RS-SO,94,172851
Utah Utes,defense,RDE,1,Ethan Day,RS-SR/TR,8,163145
Utah Utes,defense,RDE,2,Kash Dillon,RS-SO,93,170810
Utah Utes,defense,RDE,3,Alex Cloward,RS-SO,48,172844
Utah Utes,defense,ROVER,1,Cyrus Polu,SO,0,174826
Utah Utes,defense,ROVER,2,Trey Reynolds,SR,10,68694
Utah Utes,defense,ROVER,3,Brock Fonoimoana,SO,36,176718
Utah Utes,defense,MAC,1,Johnathan Hall,SR,7,162794
Utah Utes,defense,MAC,2,Elijah Elliss,RS-SO,83,170811
Utah Utes,defense,MAC,3,Tayson Reid,SO/TR,42,180423
Utah Utes,defense,LCB,1,Elijah Davis,RS-SR,9,156625
Utah Utes,defense,LCB,2,JC Hart,RS-JR/TR,4,160119
Utah Utes,defense,SS,1,Jackson Bennee,RS-SO,23,169497
Utah Utes,defense,SS,2,Nate Tilmon,SO,21,174834
Utah Utes,defense,FS,1,Nate Ritchie,SR,6,162784
Utah Utes,defense,FS,2,Rabbit Evans,RS-SR/TR,1,170812
Utah Utes,defense,FS,3,Marcus Wimberly,RS-FR/TR,24,175717
Utah Utes,defense,RCB,1,Elijah Reed,RS-SR/TR,11,78831
Utah Utes,defense,RCB,2,James Chenault,JR/TR,5,171867
Utah Utes,defense,NB,1,Rock Caldwell,RS-SR/TR,2,174812
Utah Utes,special_teams,PT,1,Orion Phillips,RS-JR/TR,92,168873
Utah Utes,special_teams,PK,1,Dillon Curtis,SO,17,174818
Utah Utes,special_teams,PK,2,Tanner Cragun,RS-JR/TR,88,166287
Utah Utes,special_teams,KO,1,Dillon Curtis,SO,17,174818
Utah Utes,special_teams,KO,2,Tanner Cragun,RS-JR/TR,88,166287
Utah Utes,special_teams,LS,1,Logan Castor,RS-SR,65,154354
Utah Utes,special_teams,LS,2,Charlie King,RS-FR,47,176731
Utah Utes,special_teams,H,1,Orion Phillips,RS-JR/TR,92,168873
Utah Utes,special_teams,PR,1,Mana Carvalho,SO,8,174813
Utah Utes,special_teams,KR,1,Daniel Bray,SO,5,174811
Utah State Aggies,offense,WR-X,1,Anthony Garcia,RS-JR/TR,10,162492
Utah State Aggies,offense,WR-X,2,Eli Wood,GR/TR,,156886
Utah State Aggies,offense,WR-X,3,Rex Haynes,RS-SR/TR,,158562
Utah State Aggies,offense,WR-Z,1,Demick Starling,GR/TR,6,78528
Utah State Aggies,offense,WR-Z,2,Ty Olsen,RS-FR,15,176701
Utah State Aggies,offense,WR-SL,1,Javon Robinson,SR/TR,,175612
Utah State Aggies,offense,WR-SL,2,LJ Johnson Jr.,RS-SO/TR,,168804
Utah State Aggies,offense,WR-SL,3,Nikko Boncore,RS-FR,81,176693
Utah State Aggies,offense,LT,1,John Randle Jr.,RS-SO/TR,,167853
Utah State Aggies,offense,LT,2,Chewy Wade,RS-SO/TR,,75144
Utah State Aggies,offense,LT,3,Jared Smith,RS-FR,77,176711
Utah State Aggies,offense,LG,1,George Maile,RS-SR/TR,72,79372
Utah State Aggies,offense,LG,2,Kadin Lynch,RS-SR/TR,,180777
Utah State Aggies,offense,LG,3,Kauasi Hansen,RS-FR,51,175364
Utah State Aggies,offense,C,1,Jimmy Liston,RS-JR/TR,55,160069
Utah State Aggies,offense,RG,1,Tavo Motu'apuaka,RS-SR,65,158394
Utah State Aggies,offense,RG,2,K'leyone Iosua,RS-JR,61,162825
Utah State Aggies,offense,RT,1,Seth Wilfred,RS-JR/TR,,168102
Utah State Aggies,offense,RT,2,Jackson Nelson,RS-SO/TR,54,171437
Utah State Aggies,offense,TE,1,Kache Kaio,JR/TR,18,175366
Utah State Aggies,offense,TE,2,Preston McDaniel,FR,,180768
Utah State Aggies,offense,TE,3,Jude Nelson,FR,,180769
Utah State Aggies,offense,QB,1,McCae Hillstead,RS-JR/TR,,162824
Utah State Aggies,offense,QB,2,Kaleb Maryland,FR,,180767
Utah State Aggies,offense,QB,3,Grady Brosterhous,GR/TR,19,156874
Utah State Aggies,offense,RB,1,Javen Jacobs,RS-SR/TR,8,79602
Utah State Aggies,offense,RB,2,Sesi Vailahi,RS-JR/TR,,163473
Utah State Aggies,offense,RB,3,Noah White,SO,23,175376
Utah State Aggies,offense,FB,1,Collin Remenowksy,SR/TR,,180773
Utah State Aggies,offense,FB,2,Stockton Pyne,RS-SO,91,175371
Utah State Aggies,defense,DE,1,Carson Tujague,RS-SO/TR,28,171442
Utah State Aggies,defense,DE,2,Kasen Long,RS-SO/TR,,168805
Utah State Aggies,defense,NT,1,Ta'avili Tuitama,RS-SR/TR,,172059
Utah State Aggies,defense,NT,2,Quincy Wright,RS-SR/TR,,158843
Utah State Aggies,defense,DT,1,Tyree Morris,RS-SR/TR,9,175369
Utah State Aggies,defense,DT,2,Ronnie Mageo,RS-SR/TR,,173082
Utah State Aggies,defense,LOLB,1,Jeremiah Holmes,SR/TR,,180776
Utah State Aggies,defense,LOLB,2,Adonis Jackson,SR/TR,,180766
Utah State Aggies,defense,LOLB,3,Tevita Tuha,SR/TR,55,177705
Utah State Aggies,defense,LILB,1,Bronson Olevao Jr.,RS-SR,14,155539
Utah State Aggies,defense,LILB,2,Asher Cunningham,RS-JR/TR,,180761
Utah State Aggies,defense,LILB,3,Dakota Howell,SO,31,175365
Utah State Aggies,defense,RILB,1,Harrison Taggart,RS-SR/TR,,163757
Utah State Aggies,defense,RILB,2,Mataira Brown,JR/TR,17,175356
Utah State Aggies,defense,ROLB,1,Chris Joe,SO,25,176698
Utah State Aggies,defense,ROLB,2,James Jennette,GR/TR,,165844
Utah State Aggies,defense,ROLB,3,Jordan Pendleton,RS-SR/TR,,180771
Utah State Aggies,defense,LCB,1,Antonio Bluiett,RS-SR/TR,,180759
Utah State Aggies,defense,LCB,2,Marcus McKenzie,RS-JR/TR,,161204
Utah State Aggies,defense,LCB,3,Markie Grant,RS-SO/TR,,170112
Utah State Aggies,defense,SS,1,Brevin Hamblin,SR/TR,4,175363
Utah State Aggies,defense,SS,2,Charger Doty,SO,32,176695
Utah State Aggies,defense,FS,1,Chapman Lewis,RS-JR/TR,,161354
Utah State Aggies,defense,FS,2,David Kabongo,RS-SO/TR,,169329
Utah State Aggies,defense,RCB,1,D'Angelo Mayes,JR/TR,15,172590
Utah State Aggies,defense,RCB,2,Kye Stokes,RS-SR/TR,,78703
Utah State Aggies,defense,RCB,3,John Shepard,RS-JR/TR,38,176706
Utah State Aggies,defense,NB,1,Bryson Taylor,GR/TR,11,158425
Utah State Aggies,defense,NB,2,Bobby Arnold,RS-SR/TR,12,170151
Utah State Aggies,special_teams,PT,1,Landon Rehkow,RS-JR/TR,19,162622
Utah State Aggies,special_teams,PT,2,Kenny Odhran,SO/TR,,180770
Utah State Aggies,special_teams,PT,3,Dylan Sprague,RS-JR/TR,37,175374
Utah State Aggies,special_teams,PK,1,Kian Afrookhteh,RS-SR/TR,,172634
Utah State Aggies,special_teams,PK,2,Tyler Haley,SO/TR,,180764
Utah State Aggies,special_teams,KO,1,Kian Afrookhteh,RS-SR/TR,,172634
Utah State Aggies,special_teams,KO,2,Tyler Haley,SO/TR,,180764
Utah State Aggies,special_teams,LS,1,Hyrum Hatch,RS-JR/TR,13,172586
Utah State Aggies,special_teams,LS,2,Owen Edwards,RS-SO/TR,43,175360
Utah State Aggies,special_teams,H,1,Landon Rehkow,RS-JR/TR,19,162622
Utah State Aggies,special_teams,H,2,Kenny Odhran,SO/TR,,180770
Utah State Aggies,special_teams,H,3,Dylan Sprague,RS-JR/TR,37,175374
Utah State Aggies,special_teams,PR,1,Javen Jacobs,RS-SR/TR,8,79602
Utah State Aggies,special_teams,PR,2,Javon Robinson,SR/TR,,175612
Utah State Aggies,special_teams,KR,1,Javen Jacobs,RS-SR/TR,8,79602
Utah State Aggies,special_teams,KR,2,Noah White,SO,23,175376
UTEP Miners,offense,WR-X,1,Carver Cheeks,SR/TR,5,182393
UTEP Miners,offense,WR-X,2,Jeremiah Nash,JR/TR,81,182416
UTEP Miners,offense,WR-X,3,Mason Ferguson,RS-SO/TR,16,169579
UTEP Miners,offense,WR-X,4,CJ Simon,RS-FR,24,177995
UTEP Miners,offense,WR-Z,1,Jaylan Brown,RS-SO/TR,7,172013
UTEP Miners,offense,WR-Z,2,Rafeald Campbell,RS-SO,18,172087
UTEP Miners,offense,WR-Z,3,Carmelo Taylor,RS-JR/TR,17,161008
UTEP Miners,offense,WR-SL,1,Jaden Smith,RS-SR/TR,3,169938
UTEP Miners,offense,WR-SL,2,Royal Capell,SO/TR,11,174361
UTEP Miners,offense,WR-SL,3,Marcus Torres,RS-SO,14,172106
UTEP Miners,offense,WR-SL,4,Nik Henry,SO,13,175894
UTEP Miners,offense,LT,1,Jaymon Lamb,RS-JR/TR,54,175139
UTEP Miners,offense,LT,2,Isaiah Maumalanga,RS-SR/TR,50,182411
UTEP Miners,offense,LG,1,Jackson Bradley,RS-SR/TR,52,182431
UTEP Miners,offense,LG,2,Rashad Smith,JR/TR,58,182436
UTEP Miners,offense,C,1,Brian Williams Jr.,RS-SO/TR,56,182433
UTEP Miners,offense,C,2,Jayden Trapp,RS-SO/TR,67,182425
UTEP Miners,offense,RG,1,Omoruyi Aliu-Otokiti,JR/TR,55,182389
UTEP Miners,offense,RG,2,Diego De La Cruz,RS-FR,76,177982
UTEP Miners,offense,RT,1,Tyler Roberts,RS-FR,73,178009
UTEP Miners,offense,RT,2,Juan Camacho Jr.,RS-SR,75,149691
UTEP Miners,offense,TE,1,Judah Ezinwa,RS-SR/TR,82,162852
UTEP Miners,offense,TE,2,Cash Cheeks,RS-JR/TR,4,175885
UTEP Miners,offense,TE,3,Chance Bell,JR/TR,87,182430
UTEP Miners,offense,TE,4,Benny Okwura,FR,88,182417
UTEP Miners,offense,QB,1,EJ Colson,RS-SO/TR,1,169354
UTEP Miners,offense,QB,2,Raymond Moore III,RS-SO/TR,12,182415
UTEP Miners,offense,QB,3,Chad Warner,RS-FR,10,175900
UTEP Miners,offense,QB,4,Bodey Weaver,FR,9,182428
UTEP Miners,offense,RB,1,Tavorus Jones,RS-SR/TR,0,156067
UTEP Miners,offense,RB,2,Kam Thomas,RS-SR/TR,8,169939
UTEP Miners,offense,RB,3,Elijah McCoy,SO,6,177991
UTEP Miners,offense,RB,4,Lamar Sperling,RS-JR/TR,32,165424
UTEP Miners,defense,DE,1,Shakaun Bowser,RS-SR/TR,3,75981
UTEP Miners,defense,DE,2,Leander Parrish,RS-FR,55,177992
UTEP Miners,defense,DE,3,Jaxon Smith,SO,40,178010
UTEP Miners,defense,NT,1,Ashton Coker,JR,90,169941
UTEP Miners,defense,NT,2,Jerrell Brasher,JR/TR,93,182391
UTEP Miners,defense,DT,1,Preston Hickey,RS-SR/TR,98,162921
UTEP Miners,defense,DT,2,Elijah Fields,SR/TR,99,182397
UTEP Miners,defense,BAN,1,Sterling Miles,RS-SR/TR,19,155793
UTEP Miners,defense,BAN,2,Ekow Taylor,JR,6,172104
UTEP Miners,defense,WLB,1,Jayden Wilson,SR/TR,10,166772
UTEP Miners,defense,WLB,2,Vashon Brunswick II,SO,41,175884
UTEP Miners,defense,MLB,1,Isaiah Bogerty,RS-SR/TR,13,182390
UTEP Miners,defense,MLB,2,Shay Smith,RS-SO,8,169940
UTEP Miners,defense,SPUR,1,LaTristan Thompson,RS-SO/TR,27,170820
UTEP Miners,defense,SPUR,2,Dylan Brown-Turner,RS-JR/TR,29,78904
UTEP Miners,defense,SPUR,3,Grant Stewart,RS-FR,20,175904
UTEP Miners,defense,LCB,1,Justin Content,JR,0,172088
UTEP Miners,defense,LCB,2,Kaleb Miles,JR/TR,23,182414
UTEP Miners,defense,LCB,3,Decorian Thompson,FR,18,182423
UTEP Miners,defense,SS,1,Kode Lowe,RS-SR/TR,7,175896
UTEP Miners,defense,SS,2,Esteban Guillory,SR/TR,16,182398
UTEP Miners,defense,SS,3,Darnell Williams,SO,17,177999
UTEP Miners,defense,SS,4,Jaime Guerrero,RS-SR,24,166020
UTEP Miners,defense,FS,1,Xavier Smith,RS-SR/TR,2,76012
UTEP Miners,defense,FS,2,Donavan Howard,RS-SR/TR,12,182402
UTEP Miners,defense,FS,3,Allen Gant,RS-FR,30,178005
UTEP Miners,defense,FS,4,Chace Biddle,RS-SR/TR,14,79317
UTEP Miners,defense,RCB,1,TJ Tillman,SO,5,175899
UTEP Miners,defense,RCB,2,Darien Fantroy,RS-FR,26,177983
UTEP Miners,special_teams,PT,1,Brady Braun,RS-SR/TR,47,77819
UTEP Miners,special_teams,PT,2,Parker Cushing,SO/TR,33,182394
UTEP Miners,special_teams,PK,1,Carlos Arreola,SR/TR,91,175882
UTEP Miners,special_teams,PK,2,Cade Hechter,SR/TR,48,182399
UTEP Miners,special_teams,KO,1,Carlos Arreola,SR/TR,91,175882
UTEP Miners,special_teams,KO,2,Cade Hechter,SR/TR,48,182399
UTEP Miners,special_teams,LS,1,Carson Loeb,SO/TR,46,182409
UTEP Miners,special_teams,LS,2,Ian Hall,RS-FR,49,178006
UTEP Miners,special_teams,H,1,Brady Braun,RS-SR/TR,47,77819
UTEP Miners,special_teams,H,2,Parker Cushing,SO/TR,33,182394
UTEP Miners,special_teams,PR,1,Nik Henry,SO,13,175894
UTEP Miners,special_teams,PR,2,Marcus Torres,RS-SO,14,172106
UTEP Miners,special_teams,KR,1,Nik Henry,SO,13,175894
UTEP Miners,special_teams,KR,2,Marcus Torres,RS-SO,14,172106
UTSA Roadrunners,offense,WR-X,1,AJ Wilson,RS-SR/TR,84,175165
UTSA Roadrunners,offense,WR-X,2,Jamel Hardy Jr.,RS-JR,13,166555
UTSA Roadrunners,offense,WR-Z,1,TJ West,RS-JR/TR,19,161364
UTSA Roadrunners,offense,WR-Z,2,James Madison II,RS-SO/TR,17,171094
UTSA Roadrunners,offense,WR-F,1,David Amador II,RS-JR,18,161830
UTSA Roadrunners,offense,WR-F,2,DJ Allen Jr.,RS-SR/TR,15,79314
UTSA Roadrunners,offense,WR-F,3,Mekhi Anderson,RS-SO,14,173209
UTSA Roadrunners,offense,LT,1,Jonah Miller,RS-SR/TR,75,69573
UTSA Roadrunners,offense,LT,2,A'marion Breland,RS-FR,73,177707
UTSA Roadrunners,offense,LG,1,Devron Williams Jr.,RS-SO/TR,77,170236
UTSA Roadrunners,offense,LG,2,MJ Senegal,RS-JR/TR,55,176124
UTSA Roadrunners,offense,C,1,Ben Rios,RS-SR,57,156646
UTSA Roadrunners,offense,C,2,Luke Lapeze,RS-SR,76,149779
UTSA Roadrunners,offense,RG,1,Darrell Jones,RS-SR/TR,74,175158
UTSA Roadrunners,offense,RG,2,Davion Hurth,RS-SO,66,173213
UTSA Roadrunners,offense,RT,1,Deandre Marshall,RS-SR,70,156644
UTSA Roadrunners,offense,RT,2,Jaylen Garth,RS-SR/TR,71,72201
UTSA Roadrunners,offense,TE-Y,1,Brandon Young Jr.,JR/TR,89,169596
UTSA Roadrunners,offense,TE-Y,2,Miles Campbell,RS-SR/TR,81,72878
UTSA Roadrunners,offense,TE-Y,3,Isaiah Butler-Tanner,RS-FR,86,177709
UTSA Roadrunners,offense,QB,1,Owen McCown,RS-SR/TR,13,161826
UTSA Roadrunners,offense,QB,2,Brandon Tennison,RS-JR,11,162876
UTSA Roadrunners,offense,QB,3,Max Gerlich,RS-FR,12,176311
UTSA Roadrunners,offense,QB,4,Maguire Gasperson,FR,16,180975
UTSA Roadrunners,offense,RB,1,Will Henderson III,RS-SO,11,173211
UTSA Roadrunners,offense,RB,2,Brandon High Jr.,RS-JR/TR,10,162885
UTSA Roadrunners,offense,RB,3,A'Marion Peterson,RS-JR/TR,28,160459
UTSA Roadrunners,offense,RB,4,Bryson Donnell,RS-SR/TR,22,156509
UTSA Roadrunners,defense,DE,1,Jeremiah Bailey,RS-SR/TR,44,180968
UTSA Roadrunners,defense,DE,2,Drenon Fite III,RS-SR/TR,95,178586
UTSA Roadrunners,defense,DE,3,Eddy Smith,RS-SO/TR,94,171494
UTSA Roadrunners,defense,DE,4,Collins Acheampong,RS-SO/TR,89,79654
UTSA Roadrunners,defense,NT,1,Jameian Buxton,SR,98,166552
UTSA Roadrunners,defense,NT,2,Jusiah Sampleton,SR/TR,91,180985
UTSA Roadrunners,defense,NT,3,Donald Quaite Jr.,RS-JR,90,166562
UTSA Roadrunners,defense,DT,1,Tai Leonard,RS-SR,99,156643
UTSA Roadrunners,defense,DT,2,Johnny Bowens III,RS-JR/TR,19,159913
UTSA Roadrunners,defense,WLB,1,Elijah Baldwin,RS-SO/TR,32,172086
UTSA Roadrunners,defense,WLB,2,Dylan Spencer,RS-JR/TR,31,161368
UTSA Roadrunners,defense,WLB,3,Camron Cooper,RS-SR,12,156642
UTSA Roadrunners,defense,WLB,4,Caleb Barrow,FR,46,182759
UTSA Roadrunners,defense,JACK,1,Owen Pewee,RS-SR,13,156645
UTSA Roadrunners,defense,JACK,2,James Walley Jr.,RS-JR,34,166567
UTSA Roadrunners,defense,MLB,1,Brandon Tucker,RS-SR/TR,23,175161
UTSA Roadrunners,defense,MLB,2,Darion White,RS-SR/TR,44,175163
UTSA Roadrunners,defense,MLB,3,Eze Osondu,RS-SO/TR,33,168704
UTSA Roadrunners,defense,MONEY,1,Archie Chambers,JR/TR,10,180972
UTSA Roadrunners,defense,MONEY,2,Bryce Grays,RS-SR/TR,26,166548
UTSA Roadrunners,defense,MONEY,3,Chris Bryson II,RS-JR,16,166551
UTSA Roadrunners,defense,MONEY,4,Nathaniel Ortega,SO/TR,41,182769
UTSA Roadrunners,defense,LCB,1,Ahamad Chapman,RS-SO/TR,18,178562
UTSA Roadrunners,defense,LCB,2,Jakevian Rodgers,RS-JR,27,162891
UTSA Roadrunners,defense,LCB,3,Zach Morris,RS-SR/TR,20,79792
UTSA Roadrunners,defense,SS,1,Xavier Walton,RS-SR/TR,29,180989
UTSA Roadrunners,defense,SS,2,Marcellus Wilkerson,RS-SR/TR,12,166568
UTSA Roadrunners,defense,FS,1,Nate Robinson Jr.,JR/TR,25,180983
UTSA Roadrunners,defense,FS,2,Elijah Newell,RS-SO,22,173217
UTSA Roadrunners,defense,FS,3,Joel Rogers,RS-SO/TR,14,169010
UTSA Roadrunners,defense,RCB,1,Asaad Chapman,RS-SO/TR,17,180973
UTSA Roadrunners,defense,RCB,2,Lawrence Brown Jr.,RS-JR/TR,39,177708
UTSA Roadrunners,special_teams,PT,1,Caile Hogan,RS-JR,20,169607
UTSA Roadrunners,special_teams,PK,1,Michael Petro,RS-JR,92,166561
UTSA Roadrunners,special_teams,PK,2,Jesse Perez,RS-FR,98,178563
UTSA Roadrunners,special_teams,KO,1,Michael Petro,RS-JR,92,166561
UTSA Roadrunners,special_teams,KO,2,Jesse Perez,RS-FR,98,178563
UTSA Roadrunners,special_teams,LS,1,William Hodges,JR/TR,43,180977
UTSA Roadrunners,special_teams,LS,2,Jon Stephens III,RS-FR,47,177717
UTSA Roadrunners,special_teams,H,1,Caile Hogan,RS-JR,20,169607
UTSA Roadrunners,special_teams,PR,1,David Amador II,RS-JR,18,161830
UTSA Roadrunners,special_teams,KR,1,Mekhi Anderson,RS-SO,14,173209
UTSA Roadrunners,special_teams,KR,2,Will Henderson III,RS-SO,11,173211
Vanderbilt Commodores,offense,WR-X,1,Brycen Coleman,RS-SO,9,171145
Vanderbilt Commodores,offense,WR-X,2,Ja'Cory Thomas,SR/TR,6,175600
Vanderbilt Commodores,offense,WR-X,3,Cameran Dickson,RS-FR,89,176555
Vanderbilt Commodores,offense,WR-X,4,Owen Cabell,FR,84,179078
Vanderbilt Commodores,offense,WR-Z,1,Junior Sherrill,SR,0,160782
Vanderbilt Commodores,offense,WR-Z,2,Joseph McVay,RS-SO,15,170290
Vanderbilt Commodores,offense,WR-Z,3,Kahden Smith,FR,81,179092
Vanderbilt Commodores,offense,WR-SL,1,Cole Adams,RS-JR/TR,7,161392
Vanderbilt Commodores,offense,WR-SL,2,Tristen Brown,JR,5,170291
Vanderbilt Commodores,offense,WR-SL,3,Kayleb Barnett,SO,13,174809
Vanderbilt Commodores,offense,QT,1,Beau Johnson,RS-JR/TR,75,179097
Vanderbilt Commodores,offense,QT,2,Mitchell Smith,FR,72,179094
Vanderbilt Commodores,offense,QG,1,Cade McConnell,RS-SR/TR,70,152853
Vanderbilt Commodores,offense,QG,2,Gunner Givens,RS-SR/TR,50,154241
Vanderbilt Commodores,offense,QG,3,Michael Smith,JR/TR,77,179093
Vanderbilt Commodores,offense,C,1,Lyndon Cooper,RS-SR/TR,56,168547
Vanderbilt Commodores,offense,C,2,Keegan Wechsler,RS-JR,78,165322
Vanderbilt Commodores,offense,SG,1,Micah DeBose,RS-FR/TR,65,174014
Vanderbilt Commodores,offense,SG,2,Kevo Wesley,GR,52,168369
Vanderbilt Commodores,offense,ST,1,Orion Irving,RS-SR/TR,58,164870
Vanderbilt Commodores,offense,ST,2,Clinton Azubuike,RS-SO/TR,51,176550
Vanderbilt Commodores,offense,TE,1,Cole Spence,GR,16,153364
Vanderbilt Commodores,offense,TE,2,Jayvontay Conner,RS-JR/TR,8,160130
Vanderbilt Commodores,offense,TE,3,Maurice Veney,RS-JR/TR,19,179075
Vanderbilt Commodores,offense,TE,4,Walter Taylor,RS-SR/TR,12,79417
Vanderbilt Commodores,offense,TE,5,Gabe Fisher,RS-JR,44,165308
Vanderbilt Commodores,offense,QB,1,Blaze Berlowitz,RS-JR/TR,1,168364
Vanderbilt Commodores,offense,QB,2,Jared Curtis,FR,2,179080
Vanderbilt Commodores,offense,QB,3,Whit Muschamp,RS-SO,10,171151
Vanderbilt Commodores,offense,RB,1,Sedrick Alexander,SR,28,160779
Vanderbilt Commodores,offense,RB,2,Makhilyn Young,RS-JR/TR,22,156110
Vanderbilt Commodores,offense,RB,3,Jamezell Lassiter,RS-SO,3,171149
Vanderbilt Commodores,offense,RB,4,Evan Hampton,FR,23,179084
Vanderbilt Commodores,offense,RB,5,Gabe Fields,RS-FR,24,176557
Vanderbilt Commodores,defense,LDE,1,Brian Allen Jr.,GR/TR,10,154591
Vanderbilt Commodores,defense,LDE,2,Jake Stanish,RS-FR,90,176562
Vanderbilt Commodores,defense,LDE,3,CJ Jackson,RS-SO/TR,19,169002
Vanderbilt Commodores,defense,LDE,4,Hayden Bray,GR/TR,97,150866
Vanderbilt Commodores,defense,NT,1,Issa Ouattara,GR,5,153370
Vanderbilt Commodores,defense,NT,2,Talan Carter,JR/TR,99,169972
Vanderbilt Commodores,defense,NT,3,Mike Diatta,GR/TR,15,150722
Vanderbilt Commodores,defense,DT,1,Glenn Seabrooks III,JR,53,171154
Vanderbilt Commodores,defense,DT,2,Jaylon Stone,RS-JR/TR,92,176563
Vanderbilt Commodores,defense,DT,3,Bradley Mann,GR,94,153371
Vanderbilt Commodores,defense,DT,4,Aaron Bryant,RS-SR/TR,55,154002
Vanderbilt Commodores,defense,RDE,1,Miles Capers,GR,29,149414
Vanderbilt Commodores,defense,RDE,2,Edwin Kolenge,GR/TR,17,153442
Vanderbilt Commodores,defense,RDE,3,Mason Carter,RS-SO,32,168375
Vanderbilt Commodores,defense,RDE,4,Jace McCallum,FR,95,179088
Vanderbilt Commodores,defense,WLB,1,Bryan Longwell,SR,11,162900
Vanderbilt Commodores,defense,WLB,2,Bryce Cowan,RS-SR,22,153375
Vanderbilt Commodores,defense,WLB,3,Jailen Ruth,RS-JR,14,160786
Vanderbilt Commodores,defense,MLB,1,Nick Rinaldi,GR,24,157394
Vanderbilt Commodores,defense,MLB,2,Jamison Curtis,RS-SO,20,170292
Vanderbilt Commodores,defense,MLB,3,Austin Howard,SO,30,176559
Vanderbilt Commodores,defense,LCB,1,Jordan Matthews,RS-JR/TR,6,160818
Vanderbilt Commodores,defense,LCB,2,Cayden Daniels,RS-FR,26,175290
Vanderbilt Commodores,defense,LCB,3,Jaylin Davies,GR/TR,16,153845
Vanderbilt Commodores,defense,SS,1,Ricardo Jones,JR/TR,7,168182
Vanderbilt Commodores,defense,SS,2,Jalen Gilbert,RS-JR,9,165309
Vanderbilt Commodores,defense,FS,1,Dontae Carter,JR,1,168374
Vanderbilt Commodores,defense,FS,2,Carson Lawrence,SO,3,175293
Vanderbilt Commodores,defense,RCB,1,Martel Hight,SR,4,165313
Vanderbilt Commodores,defense,RCB,2,Cobey Sellers,RS-FR/TR,0,175825
Vanderbilt Commodores,defense,NB,1,CJ Heard,JR/TR,8,169627
Vanderbilt Commodores,defense,NB,2,Jaylin Lackey,JR,2,171148
Vanderbilt Commodores,special_teams,PT,1,Tyler Ebel,RS-SR/TR,37,179074
Vanderbilt Commodores,special_teams,PT,2,Conor Weasler,RS-JR,79,165321
Vanderbilt Commodores,special_teams,PK,1,Brock Taylor,RS-JR,88,160788
Vanderbilt Commodores,special_teams,PK,2,Justin Dewers,RS-FR,47,176554
Vanderbilt Commodores,special_teams,KO,1,Brock Taylor,RS-JR,88,160788
Vanderbilt Commodores,special_teams,KO,2,Justin Dewers,RS-FR,47,176554
Vanderbilt Commodores,special_teams,LS,1,Kaden Schickel,GR/TR,54,79116
Vanderbilt Commodores,special_teams,LS,2,Stone Owens,RS-FR,53,176561
Vanderbilt Commodores,special_teams,H,1,Tyler Ebel,RS-SR/TR,37,179074
Vanderbilt Commodores,special_teams,H,2,Conor Weasler,RS-JR,79,165321
Vanderbilt Commodores,special_teams,PR,1,Martel Hight,SR,4,165313
Vanderbilt Commodores,special_teams,PR,2,Tristen Brown,JR,5,170291
Vanderbilt Commodores,special_teams,KR,1,Kayleb Barnett,SO,13,174809
Vanderbilt Commodores,special_teams,KR,2,Dontae Carter,JR,1,168374
Virginia Cavaliers,offense,WR-X,1,Ty'Lyric Coleman,RS-JR,8,165923
Virginia Cavaliers,offense,WR-X,2,Dylan Cope,FR,19,180394
Virginia Cavaliers,offense,WR-Z,1,Jacquon Gibson,GR/TR,4,155021
Virginia Cavaliers,offense,WR-Z,2,Da'Shawn Martin,JR/TR,18,172396
Virginia Cavaliers,offense,WR-Z,3,Jack Rhodes,FR,26,180400
Virginia Cavaliers,offense,WR-SL,1,Kameron Courtney,JR,5,168677
Virginia Cavaliers,offense,WR-SL,2,Josiah Abdullah,RS-FR,13,174739
Virginia Cavaliers,offense,WR-SL,3,Tyson Davis,GR/TR,22,152058
Virginia Cavaliers,offense,LT,1,McKale Boley,GR,52,153860
Virginia Cavaliers,offense,LT,2,Ben York,RS-SO,72,168687
Virginia Cavaliers,offense,LT,3,Alex Payne,RS-FR/TR,76,174133
Virginia Cavaliers,offense,LG,1,Noah Josey,GR,77,150728
Virginia Cavaliers,offense,LG,2,Cole Surber,RS-JR,64,165932
Virginia Cavaliers,offense,C,1,Drake Metcalf,GR/TR,60,168672
Virginia Cavaliers,offense,C,2,Ryan Brubaker,GR/TR,69,153679
Virginia Cavaliers,offense,C,3,Grayson Reid,RS-FR,51,174754
Virginia Cavaliers,offense,RG,1,Makilan Thomas,GR/TR,54,148089
Virginia Cavaliers,offense,RG,2,Dane Wleklinski,RS-SO,70,168686
Virginia Cavaliers,offense,RT,1,Monroe Mills,GR/TR,71,168035
Virginia Cavaliers,offense,RT,2,Jon Adair,RS-FR,79,174740
Virginia Cavaliers,offense,TE,1,Dakota Twitty,GR,9,153872
Virginia Cavaliers,offense,TE,2,John Rogers,RS-SO,89,168692
Virginia Cavaliers,offense,TE,3,Connor Cox,SR/TR,88,161289
Virginia Cavaliers,offense,QB,1,Beau Pribula,GR/TR,7,152696
Virginia Cavaliers,offense,QB,2,Eli Holstein,RS-JR/TR,10,168549
Virginia Cavaliers,offense,QB,3,Cole Geer,RS-FR,6,174744
Virginia Cavaliers,offense,RB,1,Jekail Middlebrook,RS-JR/TR,21,161082
Virginia Cavaliers,offense,RB,2,Peyton Lewis,JR/TR,2,169170
Virginia Cavaliers,offense,RB,3,Xay Davis,RS-FR,25,174742
Virginia Cavaliers,offense,RB,4,Xavier Brown,GR,0,153873
Virginia Cavaliers,offense,RB,5,Noah Vaughn,RS-JR,3,165933
Virginia Cavaliers,defense,DE,1,Fisher Camac,RS-SR/TR,14,158286
Virginia Cavaliers,defense,DE,2,Nnanna Anyanwu,GR/TR,33,162878
Virginia Cavaliers,defense,DE,3,Billy Koudelka,RS-SO,93,171256
Virginia Cavaliers,defense,NT,1,Anthony Britton,RS-JR,55,165921
Virginia Cavaliers,defense,NT,2,Sichan John,RS-FR,51,174746
Virginia Cavaliers,defense,DT,1,Jason Hammond,RS-JR,91,165927
Virginia Cavaliers,defense,DT,2,Darrion Henry-Young,GR/TR,44,154593
Virginia Cavaliers,defense,DT,3,Kervins Choute,GR/TR,88,78867
Virginia Cavaliers,defense,BAN,1,Matthew Fobbs-White,SR/TR,16,163631
Virginia Cavaliers,defense,BAN,2,Devon Baxter,RS-SO/TR,99,170978
Virginia Cavaliers,defense,BAN,3,Jewett Hayes,RS-SO,85,168680
Virginia Cavaliers,defense,WLB,1,Maddox Marcellus,SR/TR,11,174748
Virginia Cavaliers,defense,WLB,2,Caleb Hardy,SR,26,165928
Virginia Cavaliers,defense,MLB,1,Kam Robinson,SR,5,163384
Virginia Cavaliers,defense,MLB,2,Landon Danley,RS-JR,32,165924
Virginia Cavaliers,defense,LCB,1,Omillio Agard,RS-SO/TR,20,168909
Virginia Cavaliers,defense,LCB,2,Jam Jackson,GR/TR,9,168690
Virginia Cavaliers,defense,SS,1,Brandyn Hillman,SR/TR,6,165771
Virginia Cavaliers,defense,SS,2,Montino Williams,SO,1,174759
Virginia Cavaliers,defense,FS,1,Ethan Minter,RS-SO,30,168681
Virginia Cavaliers,defense,FS,2,Christian Ellis,GR/TR,8,79790
Virginia Cavaliers,defense,FS,3,Keke Adams,RS-SO,21,168676
Virginia Cavaliers,defense,RCB,1,Jacobie Henderson,GR/TR,10,154683
Virginia Cavaliers,defense,RCB,2,Justin Ross,JR/TR,17,171960
Virginia Cavaliers,defense,RCB,3,Josiah Persinger,SO,7,174751
Virginia Cavaliers,defense,SPUR,1,Donavon Platt,GR/TR,2,158230
Virginia Cavaliers,defense,SPUR,2,Jaylen Jones,RS-JR/TR,23,164212
Virginia Cavaliers,defense,SPUR,3,Corey Costner,SO,4,174741
Virginia Cavaliers,special_teams,PT,1,Daniel Sparks,GR/TR,38,155995
Virginia Cavaliers,special_teams,PT,2,Elijah Slibeck,RS-JR,99,164541
Virginia Cavaliers,special_teams,PK,1,Will Bettridge,GR,41,153859
Virginia Cavaliers,special_teams,PK,2,Chris Messmore,SR,43,183755
Virginia Cavaliers,special_teams,KO,1,Elijah Slibeck,RS-JR,99,164541
Virginia Cavaliers,special_teams,KO,2,Will Bettridge,GR,41,153859
Virginia Cavaliers,special_teams,LS,1,Wyatt Rubinoff,JR/TR,50,180402
Virginia Cavaliers,special_teams,LS,2,Zach Christinat,GR/TR,39,163101
Virginia Cavaliers,special_teams,H,1,Daniel Sparks,GR/TR,38,155995
Virginia Cavaliers,special_teams,H,2,Elijah Slibeck,RS-JR,99,164541
Virginia Cavaliers,special_teams,PR,1,Josiah Abdullah,RS-FR,13,174739
Virginia Cavaliers,special_teams,PR,2,Jacquon Gibson,GR/TR,4,155021
Virginia Cavaliers,special_teams,KR,1,Jacquon Gibson,GR/TR,4,155021
Virginia Cavaliers,special_teams,KR,2,Noah Vaughn,RS-JR,3,165933
Virginia Tech Hokies,offense,WR-X,1,Que'Sean Brown,RS-JR/TR,3,161634
Virginia Tech Hokies,offense,WR-X,2,Marlion Jackson,RS-SR/TR,5,157986
Virginia Tech Hokies,offense,WR-X,3,Keylen Adams,RS-SO,6,169683
Virginia Tech Hokies,offense,WR-X,4,Luke Stuewe,RS-FR,83,174466
Virginia Tech Hokies,offense,WR-Z,1,Ayden Greene,SR,0,160157
Virginia Tech Hokies,offense,WR-Z,2,Chanz Wiggins,RS-SO,7,169692
Virginia Tech Hokies,offense,WR-Z,3,Shamarius Peterkin,SO,15,174461
Virginia Tech Hokies,offense,WR-Z,4,Davion Brown,FR,11,182458
Virginia Tech Hokies,offense,WR-SL,1,Takye Heath,RS-JR,2,160159
Virginia Tech Hokies,offense,WR-SL,2,Tyseer Denmark,RS-SO/TR,19,170972
Virginia Tech Hokies,offense,LT,1,Logan Howland,RS-JR/TR,70,160258
Virginia Tech Hokies,offense,LT,2,Justin Terry,RS-SO/TR,72,168471
Virginia Tech Hokies,offense,LG,1,Layth Ghannam,RS-JR,56,160156
Virginia Tech Hokies,offense,LG,2,Benjamin Eziuka,FR,75,180233
Virginia Tech Hokies,offense,LG,3,Gavin Crawford,RS-FR,71,174504
Virginia Tech Hokies,offense,C,1,Kyle Altuner,RS-SO/TR,62,168461
Virginia Tech Hokies,offense,C,2,Michael Troutman III,RS-FR/TR,54,174009
Virginia Tech Hokies,offense,C,3,Tommy Ricard,RS-SO,53,171224
Virginia Tech Hokies,offense,RG,1,Montavious Cunningham,GR/TR,66,79228
Virginia Tech Hokies,offense,RG,2,Brody Meadows,RS-SR,77,154247
Virginia Tech Hokies,offense,RG,3,Lucas Austin,RS-SO/TR,57,168462
Virginia Tech Hokies,offense,RT,1,Aidan Lynch,RS-SO,76,171223
Virginia Tech Hokies,offense,RT,2,Johnny Garrett,RS-SR,79,154240
Virginia Tech Hokies,offense,TE,1,Luke Reynolds,JR/TR,85,167668
Virginia Tech Hokies,offense,TE,2,Benji Gosnell,RS-SR,82,154242
Virginia Tech Hokies,offense,TE,3,Ja'Ricous Hairston,RS-JR,13,167479
Virginia Tech Hokies,offense,TE,4,Harrison Saint Germain,RS-SR,87,154252
Virginia Tech Hokies,offense,QB,1,Ethan Grunkemeyer,RS-SO/TR,17,167664
Virginia Tech Hokies,offense,QB,2,Bryce Baker,RS-FR/TR,22,174213
Virginia Tech Hokies,offense,QB,3,Kelden Ryan,RS-FR,12,174463
Virginia Tech Hokies,offense,RB,1,Marcellous Hawkins,RS-SR/TR,27,174471
Virginia Tech Hokies,offense,RB,2,Jeffrey Overton Jr.,RS-FR,16,174460
Virginia Tech Hokies,offense,RB,3,Bill Davis,RS-JR/TR,32,167205
Virginia Tech Hokies,offense,RB,4,Messiah Mickens,FR,26,180239
Virginia Tech Hokies,offense,RB,5,Tyler Mason,RS-SO,23,169690
Virginia Tech Hokies,defense,LDE,1,Javion Hilson,RS-FR/TR,40,174238
Virginia Tech Hokies,defense,LDE,2,Mylachi Williams,RS-SO/TR,37,170647
Virginia Tech Hokies,defense,LDE,3,Samuel Okunlola,RS-SR/TR,51,79493
Virginia Tech Hokies,defense,LDE,4,Deric Dandy,RS-SO,32,169686
Virginia Tech Hokies,defense,LDT,1,Elhadj Fall,RS-SR/TR,94,158131
Virginia Tech Hokies,defense,LDT,2,Randy Adirika,RS-FR/TR,36,173985
Virginia Tech Hokies,defense,RDT,1,Kemari Copeland,RS-SR/TR,13,74358
Virginia Tech Hokies,defense,RDT,2,Eric Mensah,RS-SO/TR,45,167682
Virginia Tech Hokies,defense,RDE,1,Aycen Stevens,RS-JR,42,160165
Virginia Tech Hokies,defense,RDE,2,Jason Abbey,RS-JR,31,160146
Virginia Tech Hokies,defense,RDE,3,Cortez Harris,RS-FR/TR,34,173994
Virginia Tech Hokies,defense,WLB,1,Keon Wylie,RS-SR/TR,33,152714
Virginia Tech Hokies,defense,WLB,2,Antwone Santiago,RS-SR/TR,26,156443
Virginia Tech Hokies,defense,MLB,1,Noah Chambers,SO,16,174450
Virginia Tech Hokies,defense,MLB,2,Curtis Jones Jr.,JR/TR,30,168468
Virginia Tech Hokies,defense,SLB,1,Kaleb Spencer,SR/TR,3,162091
Virginia Tech Hokies,defense,LCB,1,Jaquez White,SR/TR,2,175551
Virginia Tech Hokies,defense,LCB,2,Thomas Williams,RS-JR,23,160174
Virginia Tech Hokies,defense,LCB,3,Jojo Crim,SO,35,174453
Virginia Tech Hokies,defense,SS,1,Quentin Reddish,RS-SO,0,169691
Virginia Tech Hokies,defense,SS,2,Sheldon Robinson,SO,14,174462
Virginia Tech Hokies,defense,SS,3,Sherrod Covil Jr.,RS-SR/TR,7,153137
Virginia Tech Hokies,defense,FS,1,Tyson Flowers,RS-SR/TR,11,156281
Virginia Tech Hokies,defense,FS,2,Jordan Bass,SR/TR,6,165866
Virginia Tech Hokies,defense,FS,3,Brennan Johnson,SO,15,174458
Virginia Tech Hokies,defense,RCB,1,Joshua Clarke,RS-SO,5,169685
Virginia Tech Hokies,defense,RCB,2,Cam Chadwick Jr.,RS-JR/TR,20,164298
Virginia Tech Hokies,defense,RCB,3,Amauri Polydor,FR,18,180242
Virginia Tech Hokies,defense,NB,1,Isaiah Brown-Murray,RS-SR/TR,9,155518
Virginia Tech Hokies,defense,NB,2,Kenny Woseley Jr.,RS-SO/TR,22,170973
Virginia Tech Hokies,defense,NB,3,Knahlij Harrell,SO,28,174456
Virginia Tech Hokies,special_teams,PT,1,Nathan Totten,RS-JR/TR,95,166932
Virginia Tech Hokies,special_teams,PT,2,Luke Jones,FR,97,182468
Virginia Tech Hokies,special_teams,PK,1,John Love,RS-SR,17,154258
Virginia Tech Hokies,special_teams,PK,2,Will Love,FR,98,180240
Virginia Tech Hokies,special_teams,PK,3,Aiden Daugherty,RS-SO,92,172858
Virginia Tech Hokies,special_teams,KO,1,Nathan Totten,RS-JR/TR,95,166932
Virginia Tech Hokies,special_teams,KO,2,John Love,RS-SR,17,154258
Virginia Tech Hokies,special_teams,LS,1,Christian Epling,RS-SR,96,154238
Virginia Tech Hokies,special_teams,LS,2,Deed Capper,RS-SO/TR,49,172667
Virginia Tech Hokies,special_teams,H,1,Nathan Totten,RS-JR/TR,95,166932
Virginia Tech Hokies,special_teams,H,2,Luke Jones,FR,97,182468
Virginia Tech Hokies,special_teams,PR,1,Que'Sean Brown,RS-JR/TR,3,161634
Virginia Tech Hokies,special_teams,PR,2,Tyseer Denmark,RS-SO/TR,19,170972
Virginia Tech Hokies,special_teams,KR,1,Thomas Williams,RS-JR,23,160174
Virginia Tech Hokies,special_teams,KR,2,Tyler Mason,RS-SO,23,169690
Wake Forest Demon Deacons,offense,WR-X,1,Antonio Meeks,RS-SR/TR,14,168044
Wake Forest Demon Deacons,offense,WR-X,2,Wondame Davis Jr.,RS-SO/TR,7,172089
Wake Forest Demon Deacons,offense,WR-X,3,Jack Foley,RS-FR,10,173966
Wake Forest Demon Deacons,offense,WR-Z,1,Carlos Hernandez,SR/TR,8,161044
Wake Forest Demon Deacons,offense,WR-Z,2,Ny Carr,RS-SO/TR,11,169249
Wake Forest Demon Deacons,offense,WR-Z,3,Chase Tyler,RS-SO/TR,9,170691
Wake Forest Demon Deacons,offense,WR-SL,1,Kam Shanks,RS-JR/TR,5,164604
Wake Forest Demon Deacons,offense,WR-SL,2,Drayden Dickmann,RS-JR/TR,18,166833
Wake Forest Demon Deacons,offense,LT,1,Tolu Olajide,RS-SR/TR,55,180338
Wake Forest Demon Deacons,offense,LT,2,Elliot Demaine,RS-FR,67,176631
Wake Forest Demon Deacons,offense,LT,3,Ethan Calloway,RS-SO/TR,56,168988
Wake Forest Demon Deacons,offense,LG,1,Clinton Richard,RS-SO,65,168586
Wake Forest Demon Deacons,offense,LG,2,Ja'Marion Kennedy,RS-JR/TR,50,164115
Wake Forest Demon Deacons,offense,C,1,Will Way,RS-JR/TR,70,180348
Wake Forest Demon Deacons,offense,C,2,John Ohnegian,RS-SR/TR,74,180337
Wake Forest Demon Deacons,offense,C,3,Devin McRae,RS-JR,51,166363
Wake Forest Demon Deacons,offense,RG,1,Ryan Berger,RS-JR/TR,64,166336
Wake Forest Demon Deacons,offense,RG,2,Jack Hines,RS-SO,78,168581
Wake Forest Demon Deacons,offense,RT,1,Aidan Martin,RS-FR,72,176645
Wake Forest Demon Deacons,offense,RT,2,George Steih,RS-JR,73,166367
Wake Forest Demon Deacons,offense,TE,1,Kamrean Johnson,SR/TR,12,160789
Wake Forest Demon Deacons,offense,TE,2,Landon Morris,RS-SR/TR,81,162634
Wake Forest Demon Deacons,offense,TE,3,Will Loerzel,RS-SO/TR,85,172319
Wake Forest Demon Deacons,offense,QB,1,Gio Lopez,RS-JR/TR,3,162526
Wake Forest Demon Deacons,offense,QB,2,Steele Pizzella,RS-FR,6,173972
Wake Forest Demon Deacons,offense,RB,1,Ty Clark III,JR,4,172902
Wake Forest Demon Deacons,offense,RB,2,KD Daniels,RS-SO/TR,1,168000
Wake Forest Demon Deacons,offense,RB,3,Sawyer Seidl,RS-JR/TR,24,180343
Wake Forest Demon Deacons,offense,RB,4,Deuce Lawrence,FR,22,180334
Wake Forest Demon Deacons,defense,DE,1,Gabe Kirschke,RS-SR/TR,10,157239
Wake Forest Demon Deacons,defense,DE,2,Tyler Walton,RS-JR,14,166373
Wake Forest Demon Deacons,defense,DE,3,D.J. Johnson,RS-SO/TR,18,180347
Wake Forest Demon Deacons,defense,NT,1,Zach Lohavichan,RS-SR,94,150747
Wake Forest Demon Deacons,defense,NT,2,Sydir Mitchell,RS-JR/TR,90,160429
Wake Forest Demon Deacons,defense,NT,3,Brandon Smiley,RS-SR/TR,95,176646
Wake Forest Demon Deacons,defense,DT,1,Dallas Afalava,SR/TR,52,173963
Wake Forest Demon Deacons,defense,DT,2,Matt Herron,RS-SR/TR,97,180328
Wake Forest Demon Deacons,defense,DT,3,Kadear Dembele,RS-FR,55,173965
Wake Forest Demon Deacons,defense,RUSH,1,Langston Hardy,RS-SR/TR,11,149929
Wake Forest Demon Deacons,defense,RUSH,2,Camden Hardy,RS-SO,9,168579
Wake Forest Demon Deacons,defense,RUSH,3,Kerrington Lee,RS-JR,20,160387
Wake Forest Demon Deacons,defense,WLB,1,Frank Cusano,RS-SO/TR,43,169540
Wake Forest Demon Deacons,defense,WLB,2,Vincent Firenze,RS-JR/TR,23,180327
Wake Forest Demon Deacons,defense,WLB,3,Tylan McNichols,JR/TR,12,169752
Wake Forest Demon Deacons,defense,MLB,1,Aiden Hall,SR,21,160386
Wake Forest Demon Deacons,defense,MLB,2,Buom Jock,RS-JR/TR,7,163699
Wake Forest Demon Deacons,defense,MLB,3,Whittman Whaley,RS-SO,40,172910
Wake Forest Demon Deacons,defense,LCB,1,Deuce Blades II,RS-SR/TR,2,152311
Wake Forest Demon Deacons,defense,LCB,2,Travon West,RS-JR,27,166371
Wake Forest Demon Deacons,defense,LCB,3,Devin Cook,RS-SO,15,168591
Wake Forest Demon Deacons,defense,SS,1,Davaughn Patterson,RS-JR,5,160389
Wake Forest Demon Deacons,defense,SS,2,Joshua Patterson,RS-FR/TR,25,174097
Wake Forest Demon Deacons,defense,SS,3,Jerron Blackwell,RS-FR,30,176627
Wake Forest Demon Deacons,defense,FS,1,Rushaun Tongue,RS-JR,6,166369
Wake Forest Demon Deacons,defense,FS,2,Myles Turpin,JR,22,168588
Wake Forest Demon Deacons,defense,RCB,1,Bernard Causey,RS-SO/TR,3,168989
Wake Forest Demon Deacons,defense,RCB,2,Ashaad Williams,RS-SR/TR,13,176643
Wake Forest Demon Deacons,defense,RCB,3,Sascha Garcia,RS-JR/TR,4,173967
Wake Forest Demon Deacons,defense,NB,1,Braylon Johnson,RS-JR/TR,8,160160
Wake Forest Demon Deacons,defense,NB,2,Zamari Stevenson,RS-SR,17,156660
Wake Forest Demon Deacons,defense,NB,3,Koredell Bartley,SO,35,176626
Wake Forest Demon Deacons,special_teams,PT,1,Jack Ploszay,RS-SO,96,171249
Wake Forest Demon Deacons,special_teams,PT,2,Ethan Hyams,FR,45,180331
Wake Forest Demon Deacons,special_teams,PK,1,Connor Calvert,RS-SO/TR,90,173142
Wake Forest Demon Deacons,special_teams,PK,2,Caleb Carlson,RS-SR,97,156653
Wake Forest Demon Deacons,special_teams,KO,1,Caleb Carlson,RS-SR,97,156653
Wake Forest Demon Deacons,special_teams,KO,2,Connor Calvert,RS-SO/TR,90,173142
Wake Forest Demon Deacons,special_teams,LS,1,Wyatt Freeman,SR/TR,39,162463
Wake Forest Demon Deacons,special_teams,LS,2,Eli Gilmour,RS-SO/TR,49,172645
Wake Forest Demon Deacons,special_teams,H,1,Jack Ploszay,RS-SO,96,171249
Wake Forest Demon Deacons,special_teams,H,2,Ethan Hyams,FR,45,180331
Wake Forest Demon Deacons,special_teams,PR,1,Carlos Hernandez,SR/TR,8,161044
Wake Forest Demon Deacons,special_teams,PR,2,Jamar Searcy,RS-FR,29,176639
Wake Forest Demon Deacons,special_teams,KR,1,Koredell Bartley,SO,35,176626
Wake Forest Demon Deacons,special_teams,KR,2,Jamar Searcy,RS-FR,29,176639
Wake Forest Demon Deacons,special_teams,KR,3,Ryan Henley,RS-SO,27,171246
Washington Huskies,offense,WR-X,1,Christian Moss,RS-SR/TR,5,78031
Washington Huskies,offense,WR-X,2,Chris Lawson,SO,8,174341
Washington Huskies,offense,WR-X,3,Trez Davis,FR,12,179328
Washington Huskies,offense,WR-X,4,Bodpegn Miller,RS-FR/TR,18,173916
Washington Huskies,offense,WR-Z,1,Rashid Williams,RS-JR,3,160217
Washington Huskies,offense,WR-Z,2,Jordan Clay,FR,11,179326
Washington Huskies,offense,WR-Z,3,Justice Williams,RS-SO,16,168138
Washington Huskies,offense,WR-Z,4,Deji Ajose,RS-FR,82,174316
Washington Huskies,offense,WR-SL,1,Dezmen Roebuck,SO,2,174334
Washington Huskies,offense,WR-SL,2,Mason James,FR,6,179336
Washington Huskies,offense,WR-SL,3,Jace Burton,RS-SO,35,171527
Washington Huskies,offense,WR-SL,4,Asa Thompson,FR,81,179343
Washington Huskies,offense,LT,1,Kodi Greene,FR,76,179333
Washington Huskies,offense,LT,2,Kolt Dieterich,RS-JR/TR,55,166702
Washington Huskies,offense,LT,3,Elishah Jackett,RS-JR,77,160209
Washington Huskies,offense,LG,1,John Mills,SO,72,174330
Washington Huskies,offense,LG,2,Jack Shaffer,RS-FR,65,174335
Washington Huskies,offense,LG,3,Aidan Anderson,RS-JR,67,166449
Washington Huskies,offense,C,1,Landen Hatchett,SR,66,168112
Washington Huskies,offense,C,2,Jake Flores,RS-FR,78,174323
Washington Huskies,offense,C,3,Parker Cross,RS-JR,54,166453
Washington Huskies,offense,RG,1,Champ Taulealea,RS-FR,73,174336
Washington Huskies,offense,RG,2,Geirean Hatchett,RS-SR/TR,56,79914
Washington Huskies,offense,RG,3,Lowen Colman-Brusa,RS-FR,75,174320
Washington Huskies,offense,RT,1,Drew Azzopardi,RS-SR/TR,74,168109
Washington Huskies,offense,RT,2,Soane Faasolo,RS-JR,68,160204
Washington Huskies,offense,RT,3,Justin Hylkema,RS-SO,70,168124
Washington Huskies,offense,RT,4,Dominic Harris,FR,79,179334
Washington Huskies,offense,TE,1,Decker DeGraaf,JR,86,168121
Washington Huskies,offense,TE,2,Kade Eldridge,RS-JR/TR,44,160449
Washington Huskies,offense,TE,3,Baron Naone,RS-FR,85,174331
Washington Huskies,offense,TE,4,Austin Simmons,RS-FR,45,174343
Washington Huskies,offense,TE,5,Charlie Crowell,RS-SO,89,171528
Washington Huskies,offense,QB,1,Demond Williams Jr.,JR,1,168132
Washington Huskies,offense,QB,2,Elijah Brown,RS-SO/TR,7,169496
Washington Huskies,offense,QB,3,Treston McMillan,RS-FR,10,174329
Washington Huskies,offense,QB,4,Derek Zammit,FR,15,179350
Washington Huskies,offense,QB,5,Dash Beierly,RS-FR,9,174317
Washington Huskies,offense,RB,1,Jayden Limar,SR/TR,17,159924
Washington Huskies,offense,RB,2,Trey Cooley,RS-SR/TR,22,160917
Washington Huskies,offense,RB,3,Quaid Carr,RS-FR,21,174318
Washington Huskies,offense,RB,4,Brian Bonner Jr.,FR,34,179325
Washington Huskies,offense,RB,5,Ansu Sanoe,FR,30,179341
Washington Huskies,defense,LDE,1,Jacob Lane,SR,48,160210
Washington Huskies,defense,LDE,2,Logan George,RS-JR/TR,12,173905
Washington Huskies,defense,LDE,3,Devin Hyde,SO,52,174325
Washington Huskies,defense,LDE,4,Victor Sanchez Hernandez,RS-FR,55,174324
Washington Huskies,defense,LDT,1,Elinneus Davis,RS-JR,90,160202
Washington Huskies,defense,LDT,2,Darin Conley,RS-JR/TR,33,166467
Washington Huskies,defense,LDT,3,Omar Khan,RS-SO,98,168126
Washington Huskies,defense,LDT,4,Tufanua Ionatana Umu-Cais,FR,64,179345
Washington Huskies,defense,RDT,1,Derek Colman-Brusa,FR,5,179327
Washington Huskies,defense,RDT,2,DeSean Watts,RS-JR/TR,58,179348
Washington Huskies,defense,RDT,3,Kai McClendon,RS-SO/TR,18,169223
Washington Huskies,defense,RDE,1,Isaiah Ward,RS-SR/TR,91,168137
Washington Huskies,defense,RDE,2,Russell Davis II,RS-SR/TR,99,168111
Washington Huskies,defense,RDE,3,Ramzak Fruean,FR,11,179332
Washington Huskies,defense,RDE,4,Hayden Moore,RS-JR/TR,44,159991
Washington Huskies,defense,WLB,1,Xe'ree Alexander,SR/TR,10,169370
Washington Huskies,defense,WLB,2,Zaydrius Rainey-Sale,SO,23,174332
Washington Huskies,defense,WLB,3,Donovan Robinson Jr.,RS-FR,25,174333
Washington Huskies,defense,MLB,1,Jacob Manu,RS-SR/TR,9,158564
Washington Huskies,defense,MLB,2,Taariq Al-Uqdah,RS-SR/TR,0,156669
Washington Huskies,defense,MLB,3,Ezaya Tokio,FR,40,179344
Washington Huskies,defense,LCB,1,Emmanuel Karnley,RS-JR/TR,3,163928
Washington Huskies,defense,LCB,2,Elias Johnson,RS-SO,26,168125
Washington Huskies,defense,LCB,3,Elijah Durr,FR,17,179331
Washington Huskies,defense,SS,1,Alex McLaughlin,SR/TR,7,174342
Washington Huskies,defense,SS,2,Paul Mencke Jr.,RS-SO,31,168127
Washington Huskies,defense,SS,3,Gavin Day,FR,21,179329
Washington Huskies,defense,FS,1,Rylon Dillard-Allen,SO,4,174321
Washington Huskies,defense,FS,2,Rahim Wright II,RS-SO,15,168133
Washington Huskies,defense,RCB,1,Dylan Robinson,SO,6,174345
Washington Huskies,defense,RCB,2,Jeron Jones,FR,24,179338
Washington Huskies,defense,RCB,3,Kayden Greene,RS-SO,30,171531
Washington Huskies,defense,NB,1,Rahshawn Clark,RS-SO,2,168119
Washington Huskies,defense,NB,2,Ramonz Adams Jr.,RS-FR,8,174315
Washington Huskies,defense,NB,3,Ksani Jiles,FR,28,179337
Washington Huskies,defense,NB,4,Rahsjon Duncan,FR,13,179330
Washington Huskies,special_teams,PT,1,Hunter Green,SR/TR,93,173839
Washington Huskies,special_teams,PT,2,Luke Dunne,RS-JR/TR,45,159919
Washington Huskies,special_teams,PK,1,Tyler Robles,RS-JR/TR,95,163556
Washington Huskies,special_teams,PK,2,C.J. Wallace,FR,36,179347
Washington Huskies,special_teams,PK,3,Hunter McKee,SO/TR,38,181313
Washington Huskies,special_teams,KO,1,Tyler Robles,RS-JR/TR,95,163556
Washington Huskies,special_teams,KO,2,C.J. Wallace,FR,36,179347
Washington Huskies,special_teams,KO,3,Hunter McKee,SO/TR,38,181313
Washington Huskies,special_teams,LS,1,Ryan Kean,RS-SR/TR,33,174326
Washington Huskies,special_teams,H,1,Hunter Green,SR/TR,93,173839
Washington Huskies,special_teams,H,2,Luke Dunne,RS-JR/TR,45,159919
Washington Huskies,special_teams,PR,1,Dezmen Roebuck,SO,2,174334
Washington Huskies,special_teams,PR,2,Rahshawn Clark,RS-SO,2,168119
Washington Huskies,special_teams,KR,1,Xe'ree Alexander,SR/TR,10,169370
Washington State Cougars,offense,WR-X,1,Darrius Clemons,RS-SR/TR,4,79735
Washington State Cougars,offense,WR-X,2,Branden Ganashamoorthy,RS-JR,8,167254
Washington State Cougars,offense,WR-X,3,Jordan Dees,RS-SO/TR,88,179308
Washington State Cougars,offense,WR-Z,1,Tank Hawkins,JR/TR,10,168005
Washington State Cougars,offense,WR-Z,2,Ryan McKendry,SO/TR,13,179312
Washington State Cougars,offense,WR-SL,1,Tony Freeman,SR/TR,0,169543
Washington State Cougars,offense,WR-SL,2,Daniel Blood,SR/TR,1,161314
Washington State Cougars,offense,LT,1,Ashton Tripp,RS-JR,71,161058
Washington State Cougars,offense,LT,2,Maximus McCree,RS-SR/TR,74,74233
Washington State Cougars,offense,LT,3,Chris Lino,RS-SO,68,173166
Washington State Cougars,offense,LG,1,Jonny Lester,RS-SR,67,157555
Washington State Cougars,offense,LG,2,Sone Falealo,RS-SO/TR,50,176371
Washington State Cougars,offense,C,1,Kyle Martin,RS-JR,69,167265
Washington State Cougars,offense,C,2,Arion Williams,RS-FR,55,177550
Washington State Cougars,offense,RG,1,Noah Dunham,RS-JR,75,161039
Washington State Cougars,offense,RG,2,Nick Bakken,RS-SO/TR,77,174873
Washington State Cougars,offense,RT,1,Jaylin Caldwell,RS-SR/TR,64,177523
Washington State Cougars,offense,RT,2,Kalolo Ta'aga,RS-SO/TR,51,169486
Washington State Cougars,offense,RT,3,Xavier Thorpe,RS-SO,54,173159
Washington State Cougars,offense,TE,1,Jack Pedersen,RS-SR/TR,28,153545
Washington State Cougars,offense,TE,2,Trey Leckner,RS-JR,23,161047
Washington State Cougars,offense,TE,3,Beau Baker,RS-SO/TR,86,174872
Washington State Cougars,offense,QB,1,Caden Pinnick,RS-SO/TR,12,179317
Washington State Cougars,offense,QB,2,Julian Dugger,RS-SO/TR,2,168558
Washington State Cougars,offense,QB,3,Owen Eshelman,RS-FR,17,177529
Washington State Cougars,offense,RB,1,Kirby Vorhees,RS-JR/TR,9,174895
Washington State Cougars,offense,RB,2,Leo Pulalasi,RS-JR,20,161053
Washington State Cougars,offense,RB,3,Maxwell Woods,RS-SO/TR,3,174897
Washington State Cougars,defense,LDE,1,Linus Zunk,RS-SR/TR,6,153372
Washington State Cougars,defense,LDE,2,Eduwa Okundaye,RS-SO/TR,94,171546
Washington State Cougars,defense,LDE,3,Malachi Wrice,RS-SO,84,173162
Washington State Cougars,defense,NT,1,Jirah Leaupepetele,RS-JR/TR,98,179310
Washington State Cougars,defense,NT,2,Balaam Miller,RS-JR/TR,95,179314
Washington State Cougars,defense,NT,3,Akio Martinson,RS-JR/TR,90,166118
Washington State Cougars,defense,DT,1,Kaden Beatty,RS-JR/TR,52,164431
Washington State Cougars,defense,DT,2,Paul Hutson III,RS-SR/TR,99,175530
Washington State Cougars,defense,DT,3,Damarjhe Lewis,RS-SR/TR,34,148886
Washington State Cougars,defense,RDE,1,Matyus McLain,RS-JR/TR,9,179313
Washington State Cougars,defense,RDE,2,Michael Hughes,RS-JR,5,167263
Washington State Cougars,defense,RDE,3,Ben Beatty,RS-SO,51,173141
Washington State Cougars,defense,WLB,1,Keith Brown,GR/TR,21,75747
Washington State Cougars,defense,WLB,2,Carsten Reynolds,RS-SO/TR,12,174891
Washington State Cougars,defense,WLB,3,Isaiah Hung,RS-FR,16,174883
Washington State Cougars,defense,MLB,1,Nylan Brown,JR/TR,8,172383
Washington State Cougars,defense,MLB,2,DJ Warner,JR/TR,15,171405
Washington State Cougars,defense,MLB,3,Gage Jones,RS-SO,33,173151
Washington State Cougars,defense,LCB,1,Khamari Terrell,RS-SR/TR,13,153666
Washington State Cougars,defense,LCB,2,Elmo Wartson,RS-JR/TR,24,179322
Washington State Cougars,defense,SS,1,Jeremiah Bernard,JR/TR,1,179307
Washington State Cougars,defense,SS,2,Jshawn Frausto-Ramos,RS-JR/TR,17,161220
Washington State Cougars,defense,SS,3,Jack Bal,RS-JR/TR,25,167142
Washington State Cougars,defense,FS,1,Kyle Peterson,SO,28,174899
Washington State Cougars,defense,FS,2,Trey Ridley,RS-SO/TR,31,174892
Washington State Cougars,defense,FS,3,Kayo Patu,RS-SO,19,173157
Washington State Cougars,defense,RCB,1,Jalil Tucker,RS-SR/TR,22,75748
Washington State Cougars,defense,RCB,2,Jamarey Smith,RS-FR,2,174893
Washington State Cougars,defense,RCB,3,Kai Rapolla,RS-SR/TR,4,174889
Washington State Cougars,defense,NB,1,Jaylen Thomas,RS-SO/TR,3,173204
Washington State Cougars,defense,NB,2,CJ Solis-Lumar,SO/TR,0,179320
Washington State Cougars,defense,NB,3,Ishmael Gibbs,RS-FR,23,174881
Washington State Cougars,special_teams,PT,1,Max Dean,RS-SO/TR,32,172044
Washington State Cougars,special_teams,PT,2,Josh Lijesen,RS-SO/TR,48,179311
Washington State Cougars,special_teams,PK,1,Jack Stevens,RS-SO/TR,38,174894
Washington State Cougars,special_teams,PK,2,Miguel Arenas,RS-SO/TR,46,170573
Washington State Cougars,special_teams,KO,1,Miguel Arenas,RS-SO/TR,46,170573
Washington State Cougars,special_teams,KO,2,Jack Stevens,RS-SO/TR,38,174894
Washington State Cougars,special_teams,LS,1,Jeremy Sousa,JR/TR,47,179321
Washington State Cougars,special_teams,LS,2,Sean Bures,RS-JR,41,167250
Washington State Cougars,special_teams,H,1,Max Dean,RS-SO/TR,32,172044
Washington State Cougars,special_teams,H,2,Josh Lijesen,RS-SO/TR,48,179311
Washington State Cougars,special_teams,PR,1,Tony Freeman,SR/TR,0,169543
Washington State Cougars,special_teams,KR,1,Kirby Vorhees,RS-JR/TR,9,174895
West Virginia Mountaineers,offense,WR-X,1,Prince Strachan,RS-JR/TR,17,163128
West Virginia Mountaineers,offense,WR-X,2,Taron Francis,RS-FR/TR,11,174083
West Virginia Mountaineers,offense,WR-X,3,Landon Drumm,FR,24,179041
West Virginia Mountaineers,offense,WR-X,4,Malachi Thompson,FR,23,179025
West Virginia Mountaineers,offense,WR-Z,1,Jaden Bray,RS-SR/TR,5,168447
West Virginia Mountaineers,offense,WR-Z,2,John Neider,RS-JR/TR,80,166592
West Virginia Mountaineers,offense,WR-Z,3,Cyrus Traugh,RS-JR/TR,86,174516
West Virginia Mountaineers,offense,WR-Z,4,Keon Hutchins,JR/TR,14,179009
West Virginia Mountaineers,offense,WR-Z,5,Robert Oliver,FR,85,179017
West Virginia Mountaineers,offense,WR-Y,1,DJ Epps,RS-SR/TR,2,156542
West Virginia Mountaineers,offense,WR-Y,2,Armoni Weaver-Bomar,RS-FR,25,176529
West Virginia Mountaineers,offense,WR-Y,3,Kedrick Triplett,RS-SO/TR,13,179026
West Virginia Mountaineers,offense,WR-Y,4,Charlie Hanafin,FR,89,179006
West Virginia Mountaineers,offense,WR-Y,5,Greg Wilfred,FR,87,179027
West Virginia Mountaineers,offense,LT,1,Kevin Brown,FR,74,179031
West Virginia Mountaineers,offense,LT,2,Malik Agbo,RS-SR/TR,65,157434
West Virginia Mountaineers,offense,LT,3,Jonas Muya,FR,60,179045
West Virginia Mountaineers,offense,LG,1,Nick Krahe,RS-JR,52,165040
West Virginia Mountaineers,offense,LG,2,Cam Griffin,SR/TR,72,165026
West Virginia Mountaineers,offense,LG,3,Rhett Morris,FR,64,179016
West Virginia Mountaineers,offense,LG,4,Raymond Kovalesky,RS-SO,51,173537
West Virginia Mountaineers,offense,C,1,Wes King,RS-SR/TR,78,154483
West Virginia Mountaineers,offense,C,2,Josh Aisosa,RS-SO/TR,59,169297
West Virginia Mountaineers,offense,C,3,Landen Livingston,RS-SR,67,156027
West Virginia Mountaineers,offense,C,4,Lamarcus Dillard,FR,56,179000
West Virginia Mountaineers,offense,RG,1,Amare Grayson,JR/TR,54,169974
West Virginia Mountaineers,offense,RG,2,Devin Vass,RS-JR/TR,69,165163
West Virginia Mountaineers,offense,RG,3,Camden Goforth,FR,68,179004
West Virginia Mountaineers,offense,RG,4,Trevor Bigelow,RS-FR,61,176514
West Virginia Mountaineers,offense,RT,1,Carsten Casady,RS-JR/TR,79,163100
West Virginia Mountaineers,offense,RT,2,Deshawn Woods,RS-SR/TR,76,75933
West Virginia Mountaineers,offense,RT,3,Aidan Woods,FR,55,179029
West Virginia Mountaineers,offense,RT,4,Andreas Hunter,RS-SO,73,173536
West Virginia Mountaineers,offense,TE,1,Josh Sapp,RS-SR/TR,0,153152
West Virginia Mountaineers,offense,TE,2,Ryan Ward,JR/TR,84,168501
West Virginia Mountaineers,offense,TE,3,Cam Ball,RS-SR/TR,10,79785
West Virginia Mountaineers,offense,TE,4,Kade Bush,FR,81,178998
West Virginia Mountaineers,offense,TE,5,Sam Hamilton,FR,88,179005
West Virginia Mountaineers,offense,QB,1,Michael Hawkins Jr.,RS-SO/TR,3,169307
West Virginia Mountaineers,offense,QB,2,Scotty Fox Jr.,SO,15,174508
West Virginia Mountaineers,offense,QB,3,Max Brown,RS-SR/TR,6,78690
West Virginia Mountaineers,offense,QB,4,Jyron Hughley,FR,8,179008
West Virginia Mountaineers,offense,QB,5,Max Anderson,RS-FR,19,176531
West Virginia Mountaineers,offense,RB,1,Cam Cook,SR/TR,4,160612
West Virginia Mountaineers,offense,RB,2,Amari Latimer,FR,1,179012
West Virginia Mountaineers,offense,RB,3,Chris Talley,FR,22,179024
West Virginia Mountaineers,offense,RB,4,Martavious Boswell,JR/TR,20,179036
West Virginia Mountaineers,offense,RB,5,Lawrence Autry,FR,28,179038
West Virginia Mountaineers,offense,FB,1,Kayden Luke,JR/TR,33,170565
West Virginia Mountaineers,defense,DE,1,Zeke Durham-Campbell,RS-SR/TR,18,162009
West Virginia Mountaineers,defense,DE,2,Darius Wiley,RS-SO/TR,91,179035
West Virginia Mountaineers,defense,DE,3,Wilnerson Telemaque,RS-FR,47,174515
West Virginia Mountaineers,defense,DE,4,Emerson Joy,JR/TR,92,183664
West Virginia Mountaineers,defense,DE,5,Brandon Caesar,RS-FR,98,174502
West Virginia Mountaineers,defense,NT,1,Nate Gabriel,JR,93,168453
West Virginia Mountaineers,defense,NT,2,Jaylen Thomas,JR/TR,72,179030
West Virginia Mountaineers,defense,NT,3,Will LeBlanc,RS-SO/TR,97,179013
West Virginia Mountaineers,defense,NT,4,Cam Mallory,FR,94,179015
West Virginia Mountaineers,defense,DT,1,Corey McIntyre Jr.,RS-JR,52,165041
West Virginia Mountaineers,defense,DT,2,KJ Henson,RS-JR/TR,43,179007
West Virginia Mountaineers,defense,DT,3,Taylor Brown,RS-FR,51,174525
West Virginia Mountaineers,defense,DT,4,Yendor Mack,FR,55,179014
West Virginia Mountaineers,defense,DT,5,Gabe Ryan,RS-JR,60,178621
West Virginia Mountaineers,defense,BAN,1,Harper Holloman,JR/TR,50,169858
West Virginia Mountaineers,defense,BAN,2,Tobi Haastrup,RS-FR/TR,95,174040
West Virginia Mountaineers,defense,BAN,3,Jeremiah Johnson,RS-JR/TR,10,179034
West Virginia Mountaineers,defense,BAN,4,David Afogho,RS-JR/TR,99,164352
West Virginia Mountaineers,defense,BAN,5,Noah Tishendorf,FR,41,179047
West Virginia Mountaineers,defense,WLB,1,Cam Torbor,RS-FR,13,176528
West Virginia Mountaineers,defense,WLB,2,Malachi Hood,RS-SR/TR,45,152814
West Virginia Mountaineers,defense,WLB,3,Ben Cutter,SR,15,160183
West Virginia Mountaineers,defense,WLB,4,Cameron Dwyer,FR,35,179002
West Virginia Mountaineers,defense,WLB,5,Jason Hall Jr.,RS-JR/TR,40,179032
West Virginia Mountaineers,defense,MLB,1,Tyler Stolsky,RS-SR/TR,14,152858
West Virginia Mountaineers,defense,MLB,2,Ashton Woods,JR/TR,33,168499
West Virginia Mountaineers,defense,MLB,3,Isaiah Patterson,RS-SO/TR,16,170651
West Virginia Mountaineers,defense,MLB,4,Troy Fischer,RS-SR/TR,48,178618
West Virginia Mountaineers,defense,LCB,1,Nick Taylor,JR/TR,19,172181
West Virginia Mountaineers,defense,LCB,2,Da'Mun Allen,JR/TR,4,178996
West Virginia Mountaineers,defense,LCB,3,Keyshawn Robinson,JR,20,168470
West Virginia Mountaineers,defense,LCB,4,Vincent Smith,FR,11,179046
West Virginia Mountaineers,defense,LCB,5,Makhi Boone,FR,26,178997
West Virginia Mountaineers,defense,SS,1,Kamari Wilson,RS-SR/TR,8,78693
West Virginia Mountaineers,defense,SS,2,Kameron Reddic,JR/TR,29,179019
West Virginia Mountaineers,defense,SS,3,Da'Mare Williams,RS-SO/TR,6,179028
West Virginia Mountaineers,defense,SS,4,Rickey Giles,FR,28,179003
West Virginia Mountaineers,defense,SS,5,Alex Adebayo,RS-SO/TR,42,177111
West Virginia Mountaineers,defense,FS,1,Andrew Powdrell,SR/TR,0,174706
West Virginia Mountaineers,defense,FS,2,Matt Sieg,FR,3,179022
West Virginia Mountaineers,defense,FS,3,Jacob Bradford,RS-FR/TR,12,175272
West Virginia Mountaineers,defense,FS,4,Tim Roberson,RS-JR/TR,34,164171
West Virginia Mountaineers,defense,FS,5,Shane Cornali,RS-FR/TR,31,178999
West Virginia Mountaineers,defense,RCB,1,Chams Diagne,RS-SR/TR,7,74618
West Virginia Mountaineers,defense,RCB,2,Jaire Rawlison,RS-SO/TR,22,172399
West Virginia Mountaineers,defense,RCB,3,ChaMarryus Bomar,RS-FR,27,176516
West Virginia Mountaineers,defense,RCB,4,Rayshawn Reynolds Jr.,RS-JR/TR,24,179020
West Virginia Mountaineers,defense,RCB,5,Simaj Hill,FR,32,179043
West Virginia Mountaineers,defense,NB,1,Geimere Latimer II,SR/TR,1,164977
West Virginia Mountaineers,defense,NB,2,Maliek Hawkins,RS-FR/TR,37,174187
West Virginia Mountaineers,defense,NB,3,Miles Khatri,FR,17,179011
West Virginia Mountaineers,defense,NB,4,Emory Snyder,FR,23,179023
West Virginia Mountaineers,defense,NB,5,Jayden Ballard,FR,25,179048
West Virginia Mountaineers,special_teams,PT,1,Bryan Hansen,RS-SR/TR,83,158335
West Virginia Mountaineers,special_teams,PK,1,Jack Cassidy,RS-SR/TR,42,177890
West Virginia Mountaineers,special_teams,PK,2,Peter Notaro,RS-FR/TR,39,177677
West Virginia Mountaineers,special_teams,KO,1,Nate Flower,RS-JR,48,166981
West Virginia Mountaineers,special_teams,LS,1,Macguire Moss,RS-SR,38,159647
West Virginia Mountaineers,special_teams,LS,2,Kaden Seller,RS-SO,53,173540
West Virginia Mountaineers,special_teams,H,1,Bryan Hansen,RS-SR/TR,83,158335
West Virginia Mountaineers,special_teams,KR,1,DJ Epps,RS-SR/TR,2,156542
Western Kentucky Hilltoppers,offense,WR-X,1,Cameron Flowers,RS-SO,4,171994
Western Kentucky Hilltoppers,offense,WR-X,2,Quincy Burroughs,RS-SR/TR,12,159867
Western Kentucky Hilltoppers,offense,WR-X,3,Nigel Johnson,SR/TR,21,181733
Western Kentucky Hilltoppers,offense,WR-Z,1,Qua'Vez Humphreys,RS-SR/TR,83,164869
Western Kentucky Hilltoppers,offense,WR-Z,2,Jyziah Rockwell,RS-SR/TR,13,181718
Western Kentucky Hilltoppers,offense,WR-SL,1,K.D. Hutchinson,RS-SR,2,157705
Western Kentucky Hilltoppers,offense,WR-SL,2,Zion Taylor,RS-JR/TR,17,160906
Western Kentucky Hilltoppers,offense,WR-SL,3,Jeremiah Carroll,SR/TR,84,181698
Western Kentucky Hilltoppers,offense,LT,1,Zach Clayton,JR/TR,72,169949
Western Kentucky Hilltoppers,offense,LT,2,Alex Lopez,RS-SO/TR,59,171118
Western Kentucky Hilltoppers,offense,LT,3,Tai Ray,RS-JR/TR,67,165877
Western Kentucky Hilltoppers,offense,LG,1,Nonso Omezi,RS-SR/TR,73,181714
Western Kentucky Hilltoppers,offense,LG,2,Tyreek Major,RS-SO/TR,78,171881
Western Kentucky Hilltoppers,offense,C,1,Alec Johnson,RS-SR/TR,50,158102
Western Kentucky Hilltoppers,offense,C,2,Roq Montgomery,RS-JR/TR,55,161396
Western Kentucky Hilltoppers,offense,RG,1,Rhett Larson,RS-SR/TR,70,166720
Western Kentucky Hilltoppers,offense,RG,2,Isiah Stoudemire,RS-FR,52,175190
Western Kentucky Hilltoppers,offense,RT,1,Karsten Upchurch,RS-SR/TR,74,169229
Western Kentucky Hilltoppers,offense,RT,2,Brody Riffe,RS-JR/TR,75,165878
Western Kentucky Hilltoppers,offense,TE,1,CC Ezirim,SR/TR,20,162686
Western Kentucky Hilltoppers,offense,TE,2,Coleson Arends,RS-JR/TR,87,167123
Western Kentucky Hilltoppers,offense,TE,3,Griffin Reimer,RS-SO/TR,44,163872
Western Kentucky Hilltoppers,offense,TE,4,Lofton Howard,RS-JR,19,164087
Western Kentucky Hilltoppers,offense,QB,1,Rodney Tisdale Jr.,RS-SO,16,172005
Western Kentucky Hilltoppers,offense,QB,2,Brock Glenn,RS-JR/TR,11,160401
Western Kentucky Hilltoppers,offense,QB,3,Caleb McMickle,RS-JR/TR,10,163723
Western Kentucky Hilltoppers,offense,QB,4,Cam O'Hara,FR,15,181713
Western Kentucky Hilltoppers,offense,RB,1,Ajay Allen,RS-SR/TR,3,165958
Western Kentucky Hilltoppers,offense,RB,2,Kalib Hicks,RS-JR/TR,9,160257
Western Kentucky Hilltoppers,offense,RB,3,Jaden McGill,RS-SR/TR,25,169999
Western Kentucky Hilltoppers,offense,RB,4,Sincere Baines,SR/TR,23,181694
Western Kentucky Hilltoppers,offense,RB,5,Le'Kamren Meadows,FR,22,181710
Western Kentucky Hilltoppers,defense,LDE,1,Venson Sneed,RS-SR/TR,55,152915
Western Kentucky Hilltoppers,defense,LDE,2,Zeiqui Lawton,RS-SR/TR,33,153454
Western Kentucky Hilltoppers,defense,LDE,3,Darius Hampton,RS-SR/TR,16,181732
Western Kentucky Hilltoppers,defense,NT,1,Kiawan Murphy,RS-SR/TR,56,155497
Western Kentucky Hilltoppers,defense,NT,2,Sekou Peters,RS-FR,54,175186
Western Kentucky Hilltoppers,defense,NT,3,Eric Etienne,RS-SO/TR,99,175180
Western Kentucky Hilltoppers,defense,DT,1,Jakeem Fletcher,RS-SR/TR,52,175181
Western Kentucky Hilltoppers,defense,DT,2,Javin Griffin,RS-SR/TR,92,181706
Western Kentucky Hilltoppers,defense,RDE,1,Elin Jones,RS-SR/TR,50,177894
Western Kentucky Hilltoppers,defense,RDE,2,Nathan Gonzales,SR/TR,98,181705
Western Kentucky Hilltoppers,defense,WLB,1,Zach Smith,RS-SO/TR,20,168416
Western Kentucky Hilltoppers,defense,WLB,2,Geajorm Akpaloo,JR/TR,18,171689
Western Kentucky Hilltoppers,defense,WLB,3,Zsacari Minnis,RS-SO,48,171999
Western Kentucky Hilltoppers,defense,MLB,1,Jordan Donald,SO,22,175195
Western Kentucky Hilltoppers,defense,MLB,2,Garrison Madden,RS-SR/TR,15,153230
Western Kentucky Hilltoppers,defense,MLB,3,LaTrevion Thompson,RS-SR/TR,13,181725
Western Kentucky Hilltoppers,defense,LCB,1,Braxton Myers,RS-JR/TR,14,77315
Western Kentucky Hilltoppers,defense,SS,1,Jaylen Lewis,RS-SR/TR,7,79393
Western Kentucky Hilltoppers,defense,FS,1,Dave Herard,RS-SR/TR,17,79574
Western Kentucky Hilltoppers,defense,FS,2,BJ Carey,SR/TR,12,181697
Western Kentucky Hilltoppers,defense,RCB,1,Lataj Wright,RS-SR/TR,24,172007
Western Kentucky Hilltoppers,defense,NB,1,Christian White,RS-SR/TR,10,155830
Western Kentucky Hilltoppers,defense,NB,2,Canyon Moses,RS-JR/TR,11,79104
Western Kentucky Hilltoppers,special_teams,PT,1,Daniel Wall,FR,35,181727
Western Kentucky Hilltoppers,special_teams,PK,1,Michael Buck,RS-SO,58,172008
Western Kentucky Hilltoppers,special_teams,PK,2,Karl Campbell,FR,99,181696
Western Kentucky Hilltoppers,special_teams,KO,1,Michael Smith,RS-JR/TR,33,181730
Western Kentucky Hilltoppers,special_teams,KO,2,Jackson Smith,RS-SR/TR,43,153341
Western Kentucky Hilltoppers,special_teams,LS,1,Carson Perusse,JR/TR,40,181716
Western Kentucky Hilltoppers,special_teams,LS,2,Bailey Sanders,RS-SO/TR,44,173107
Western Kentucky Hilltoppers,special_teams,H,1,Daniel Wall,FR,35,181727
Western Kentucky Hilltoppers,special_teams,PR,1,K.D. Hutchinson,RS-SR,2,157705
Western Kentucky Hilltoppers,special_teams,KR,1,Cameron Flowers,RS-SO,4,171994
Western Michigan Broncos,offense,WR-X,1,Aveion Chenault,SO,2,178349
Western Michigan Broncos,offense,WR-X,2,Egypt Nelson,RS-JR/TR,8,178358
Western Michigan Broncos,offense,WR-X,3,Kordell Gouldsby,RS-JR/TR,5,181400
Western Michigan Broncos,offense,WR-Z,1,Baylin Brooks,RS-JR/TR,7,165979
Western Michigan Broncos,offense,WR-Z,2,Terence Marshall,RS-SO,11,173364
Western Michigan Broncos,offense,WR-F,1,Emazon Littlejohn,RS-SO/TR,1,171129
Western Michigan Broncos,offense,WR-F,2,Keivin Boone-Nelson II,SR/TR,3,175915
Western Michigan Broncos,offense,LT,1,Brandon Smith,RS-SR/TR,60,79746
Western Michigan Broncos,offense,LT,2,Spencer Beckeman,RS-FR,75,178346
Western Michigan Broncos,offense,LG,1,Hunter Whitenack,RS-SR/TR,77,152825
Western Michigan Broncos,offense,LG,2,Jacob Krause,RS-SO,61,173362
Western Michigan Broncos,offense,C,1,Jeremy Schleicher,RS-SO,65,173371
Western Michigan Broncos,offense,C,2,Liam Vaughan,RS-FR,58,175922
Western Michigan Broncos,offense,C,3,Alex Poholik,RS-SO/TR,54,183183
Western Michigan Broncos,offense,RG,1,Gavin Dabo,RS-SO,72,173356
Western Michigan Broncos,offense,RG,2,Ben Roebuck,RS-SO/TR,73,170975
Western Michigan Broncos,offense,RG,3,Jake Chellman,RS-SO,57,173355
Western Michigan Broncos,offense,RT,1,Chad Schuster,RS-SR/TR,76,161678
Western Michigan Broncos,offense,RT,2,Jacob Bailey,RS-FR/TR,55,178659
Western Michigan Broncos,offense,TE,1,Adam Parks,RS-JR/TR,15,166199
Western Michigan Broncos,offense,TE,2,Nate Levicki,RS-SR/TR,88,181404
Western Michigan Broncos,offense,TE,3,Enese Tonga,SO/TR,35,181409
Western Michigan Broncos,offense,QB,1,Broc Lowry,RS-JR/TR,12,160088
Western Michigan Broncos,offense,QB,2,Trey Petty,RS-SO/TR,10,168944
Western Michigan Broncos,offense,QB,3,Mason Reynolds,RS-SO,13,173370
Western Michigan Broncos,offense,QB,4,Jaxson Dosh,FR,16,181397
Western Michigan Broncos,offense,RB,1,Jalen Buckley,RS-SR,6,158584
Western Michigan Broncos,offense,RB,2,Ofa Mataele,SR/TR,24,175920
Western Michigan Broncos,offense,RB,3,AJ Green Jr.,GR/TR,0,79401
Western Michigan Broncos,offense,RB,4,Cole Cabana,RS-JR/TR,4,159972
Western Michigan Broncos,offense,RB,5,Donovan Triplett,FR,22,181410
Western Michigan Broncos,defense,LDE,1,Scoop Gardner Jr.,JR/TR,2,181399
Western Michigan Broncos,defense,LDE,2,Austin Alexander,SO/TR,4,174214
Western Michigan Broncos,defense,LDE,3,Noah Bishop,RS-SO,97,173352
Western Michigan Broncos,defense,LDT,1,Zavian Tibbs,SR/TR,41,171426
Western Michigan Broncos,defense,LDT,2,August Johanningsmeier,RS-SR,88,158591
Western Michigan Broncos,defense,LDT,3,Jori Benson,GR/TR,90,167502
Western Michigan Broncos,defense,LDT,4,Dakari Frazier,RS-SR/TR,98,158609
Western Michigan Broncos,defense,RDT,1,Ahmed Tounkara,RS-SO/TR,94,172297
Western Michigan Broncos,defense,RDT,2,Blair Alexander,GR/TR,55,156128
Western Michigan Broncos,defense,RDT,3,Dalton Gustwiller,RS-JR,96,164314
Western Michigan Broncos,defense,RDE,1,DeJuan Echoles Jr.,RS-SR/TR,31,155307
Western Michigan Broncos,defense,RDE,2,KJ Burley,RS-SO/TR,15,181394
Western Michigan Broncos,defense,RDE,3,Will Gerig,RS-SR,9,158589
Western Michigan Broncos,defense,WLB,1,Domanick Moon,RS-SR/TR,47,79461
Western Michigan Broncos,defense,WLB,2,Gabe Welch,RS-JR/TR,42,178365
Western Michigan Broncos,defense,WLB,3,Jermar McCarter,RS-JR/TR,11,181405
Western Michigan Broncos,defense,WLB,4,Teegan Haines,JR/TR,10,181402
Western Michigan Broncos,defense,MLB,1,Dillon Moore,RS-SR,12,154089
Western Michigan Broncos,defense,MLB,2,Brenden Anes,SO/TR,0,175501
Western Michigan Broncos,defense,MLB,3,Justyce Betts,RS-SO/TR,5,181393
Western Michigan Broncos,defense,LCB,1,Jarvarius Sims,RS-SR/TR,8,158735
Western Michigan Broncos,defense,LCB,2,Cam'ron Barber,SO/TR,17,181392
Western Michigan Broncos,defense,SS,1,Joey Pope,RS-JR,6,166693
Western Michigan Broncos,defense,SS,2,Tahj Owens,GR/TR,23,181407
Western Michigan Broncos,defense,SS,3,Kouri Crump,GR/TR,26,181396
Western Michigan Broncos,defense,FS,1,Micah Davis,RS-JR/TR,18,165779
Western Michigan Broncos,defense,FS,2,Daeh McCullough,RS-JR/TR,14,168032
Western Michigan Broncos,defense,RCB,1,Willard Ferrell,SR/TR,20,181398
Western Michigan Broncos,defense,RCB,2,Jordon Thomas,RS-SR/TR,13,175927
Western Michigan Broncos,defense,NB,1,Joshua Franklin,SR,1,166688
Western Michigan Broncos,defense,NB,2,Amarian Louis,RS-JR/TR,22,178354
Western Michigan Broncos,special_teams,PT,1,Ryan Millmore,RS-JR/TR,25,160508
Western Michigan Broncos,special_teams,PT,2,Tanner Holt,FR,34,183177
Western Michigan Broncos,special_teams,PK,1,Palmer Domschke,RS-SR,20,158588
Western Michigan Broncos,special_teams,PK,2,Dieter Kelly,JR/TR,32,183178
Western Michigan Broncos,special_teams,PK,3,Zak Zeman,FR,33,183186
Western Michigan Broncos,special_teams,KO,1,Palmer Domschke,RS-SR,20,158588
Western Michigan Broncos,special_teams,KO,2,Dieter Kelly,JR/TR,32,183178
Western Michigan Broncos,special_teams,KO,3,Zak Zeman,FR,33,183186
Western Michigan Broncos,special_teams,LS,1,Drew Doyle,RS-SO/TR,46,171449
Western Michigan Broncos,special_teams,LS,2,Will Peterson,RS-FR,28,178360
Western Michigan Broncos,special_teams,H,1,Ryan Millmore,RS-JR/TR,25,160508
Western Michigan Broncos,special_teams,H,2,Tanner Holt,FR,34,183177
Western Michigan Broncos,special_teams,PR,1,Keivin Boone-Nelson II,SR/TR,3,175915
Western Michigan Broncos,special_teams,PR,2,Joshua Franklin,SR,1,166688
Western Michigan Broncos,special_teams,KR,1,Ofa Mataele,SR/TR,24,175920
Western Michigan Broncos,special_teams,KR,2,Joshua Franklin,SR,1,166688
Western Michigan Broncos,special_teams,KR,3,Keivin Boone-Nelson II,SR/TR,3,175915
Wisconsin Badgers,offense,WR-X,1,Eugene Hilton Jr.,SO,13,175560
Wisconsin Badgers,offense,WR-X,2,Jaylon Domingeaux,SR/TR,9,179288
Wisconsin Badgers,offense,WR-X,3,Malachi Coleman,RS-JR/TR,16,160034
Wisconsin Badgers,offense,WR-Z,1,Chris Brooks Jr.,RS-SR,2,157233
Wisconsin Badgers,offense,WR-Z,2,Shamar Rigby,JR/TR,7,170350
Wisconsin Badgers,offense,WR-Z,3,Kash Brock,FR,11,179286
Wisconsin Badgers,offense,WR-SL,1,Tyrell Henry,RS-SR/TR,0,167712
Wisconsin Badgers,offense,WR-SL,2,Zion Kearney,JR/TR,12,169309
Wisconsin Badgers,offense,WR-SL,3,Eli Adams,RS-SO/TR,26,172796
Wisconsin Badgers,offense,LT,1,PJ Wilkins,RS-JR/TR,71,167309
Wisconsin Badgers,offense,LT,2,Lucas Simmons-Johansson,RS-JR/TR,72,160409
Wisconsin Badgers,offense,LG,1,Colin Cubberly,RS-SO,78,168913
Wisconsin Badgers,offense,LG,2,Stylz Blackmon,JR/TR,76,179285
Wisconsin Badgers,offense,C,1,Austin Kawecki,GR/TR,51,156218
Wisconsin Badgers,offense,C,2,Ryan Cory,RS-SO,50,168912
Wisconsin Badgers,offense,RG,1,Emerson Mandell,RS-SO,75,168926
Wisconsin Badgers,offense,RG,2,Blake Cherry,SO/TR,73,175298
Wisconsin Badgers,offense,RG,3,Nolan Davenport,RS-FR,60,175556
Wisconsin Badgers,offense,RT,1,Kevin Heywood,RS-SO,55,168918
Wisconsin Badgers,offense,RT,2,Barrett Nelson,RS-SR,70,155274
Wisconsin Badgers,offense,TE,1,Jacob Harris,RS-JR/TR,89,164366
Wisconsin Badgers,offense,TE,2,Nizyi Davis,RS-FR,17,175557
Wisconsin Badgers,offense,TE,3,Grant Stec,RS-SO,85,168928
Wisconsin Badgers,offense,TE,4,Emmett Bork,RS-FR,82,175553
Wisconsin Badgers,offense,TE,5,Ryan Schwendeman,GR/TR,84,179297
Wisconsin Badgers,offense,QB,1,Colton Joseph,RS-JR/TR,1,164265
Wisconsin Badgers,offense,QB,2,Ryan Hopkins,FR,10,179293
Wisconsin Badgers,offense,QB,3,Deuce Adams,RS-SO/TR,8,170554
Wisconsin Badgers,offense,QB,4,Danny O'Neil,JR/TR,18,170142
Wisconsin Badgers,offense,QB,5,Carter Smith,RS-FR,5,175573
Wisconsin Badgers,offense,RB,1,Abu Sama III,SR/TR,3,163527
Wisconsin Badgers,offense,RB,2,Darrion Dupree,JR,6,168915
Wisconsin Badgers,offense,RB,3,Bryan Jackson II,JR/TR,21,169490
Wisconsin Badgers,offense,RB,4,Nate Palmer,RS-SO/TR,15,169409
Wisconsin Badgers,offense,RB,5,Juju Pope,RS-SO/TR,20,168070
Wisconsin Badgers,offense,FB,1,Tyler Jansey,RS-JR,42,162419
Wisconsin Badgers,offense,FB,2,McCoy Smith,FR,41,183705
Wisconsin Badgers,defense,LOLB,1,Sebastian Cheeks,GR/TR,15,167717
Wisconsin Badgers,defense,LOLB,2,Justus Boone,RS-SR/TR,0,147440
Wisconsin Badgers,defense,LOLB,3,Liam Danitz,RS-SR/TR,14,179287
Wisconsin Badgers,defense,LOLB,4,Micheal Garner,SR/TR,51,174303
Wisconsin Badgers,defense,LOLB,5,Jaylen Williams,RS-FR,22,175576
Wisconsin Badgers,defense,NT,1,Hammond Russell IV,RS-SR/TR,91,149516
Wisconsin Badgers,defense,NT,2,Jacob Anderson,GR/TR,95,179306
Wisconsin Badgers,defense,NT,3,Dillan Johnson,JR,76,168922
Wisconsin Badgers,defense,NT,4,Xavier Ukponu,RS-FR,94,175570
Wisconsin Badgers,defense,NT,5,Arthur Scott III,FR,96,179298
Wisconsin Badgers,defense,DT,1,Junior Poyser,RS-JR/TR,97,165423
Wisconsin Badgers,defense,DT,2,Charles Perkins,RS-SR/TR,30,174302
Wisconsin Badgers,defense,DT,3,DeNigel Cooper,RS-SO/TR,93,172169
Wisconsin Badgers,defense,DT,4,Nolan Vils,RS-JR,92,165703
Wisconsin Badgers,defense,DT,5,Djidjou Bah,FR,90,179283
Wisconsin Badgers,defense,ROLB,1,Nicolas Clayton,SO,12,175555
Wisconsin Badgers,defense,ROLB,2,Tyreese Fearbry,RS-SR/TR,7,153328
Wisconsin Badgers,defense,ROLB,3,Jayden Loftin,RS-FR/TR,39,175789
Wisconsin Badgers,defense,ROLB,4,Sam Lateju,RS-FR,50,175562
Wisconsin Badgers,defense,WLB,1,Mason Posa,SO,8,175566
Wisconsin Badgers,defense,WLB,2,Aaron Witt,GR,59,140024
Wisconsin Badgers,defense,WLB,3,Drew Braam,RS-SO,55,172666
Wisconsin Badgers,defense,MLB,1,Cooper Catalano,SO,44,175554
Wisconsin Badgers,defense,MLB,2,Taylor Schaefer,JR/TR,43,179296
Wisconsin Badgers,defense,MLB,3,Landon Gauthier,RS-SO,23,168916
Wisconsin Badgers,defense,SLB,1,Jon Jon Kamara,RS-SO/TR,28,171396
Wisconsin Badgers,defense,SLB,2,Thomas Heiberger,RS-SO,19,168917
Wisconsin Badgers,defense,SLB,3,Ben Wenzel,FR,49,179304
Wisconsin Badgers,defense,LCB,1,Javan Robinson,RS-SR/TR,2,79611
Wisconsin Badgers,defense,LCB,2,Jai'mier Scott,RS-FR,24,175568
Wisconsin Badgers,defense,SS,1,Matthew Jung,RS-SR/TR,29,175561
Wisconsin Badgers,defense,SS,2,Grant Dean,SO,16,175558
Wisconsin Badgers,defense,SS,3,Luke Emmerich,RS-FR,20,175559
Wisconsin Badgers,defense,FS,1,Marvin Burks Jr.,SR/TR,4,161315
Wisconsin Badgers,defense,FS,2,Carson Van Dinter,RS-SO/TR,11,171467
Wisconsin Badgers,defense,FS,3,Cairo Skanes,SO,21,175569
Wisconsin Badgers,defense,RCB,1,Eric Fletcher Jr.,RS-SO/TR,1,173464
Wisconsin Badgers,defense,RCB,2,Cai Bates,RS-SO/TR,3,168147
Wisconsin Badgers,defense,NB,1,Bryce West,RS-SO/TR,5,167690
Wisconsin Badgers,defense,NB,2,Raphael Dunn,RS-SO,27,168914
Wisconsin Badgers,special_teams,PT,1,Sean West,RS-SO,91,172674
Wisconsin Badgers,special_teams,PT,2,Ethan Tranel,RS-JR/TR,98,179302
Wisconsin Badgers,special_teams,PT,3,Will Kelly,FR,90,183702
Wisconsin Badgers,special_teams,PK,1,Gavin Lahm,GR,97,155663
Wisconsin Badgers,special_teams,PK,2,Brady Melum,FR,94,183703
Wisconsin Badgers,special_teams,KO,1,Gavin Lahm,GR,97,155663
Wisconsin Badgers,special_teams,KO,2,Brady Melum,FR,94,183703
Wisconsin Badgers,special_teams,LS,1,Andrew Goodman,RS-SR/TR,48,171627
Wisconsin Badgers,special_teams,LS,2,James Roe,JR/TR,46,173130
Wisconsin Badgers,special_teams,H,1,Sean West,RS-SO,91,172674
Wisconsin Badgers,special_teams,H,2,Ethan Tranel,RS-JR/TR,98,179302
Wisconsin Badgers,special_teams,H,3,Will Kelly,FR,90,183702
Wisconsin Badgers,special_teams,PR,1,Tyrell Henry,RS-SR/TR,0,167712
Wisconsin Badgers,special_teams,KR,1,Tyrell Henry,RS-SR/TR,0,167712
Wyoming Cowboys,offense,WR-X,1,Eric Richardson,RS-SR/TR,2,175179
Wyoming Cowboys,offense,WR-X,2,Bricen Brantley,RS-JR,12,163138
Wyoming Cowboys,offense,WR-X,3,Ke'Lyn Washom,RS-FR,4,176668
Wyoming Cowboys,offense,WR-Z,1,Jackson Holman,RS-JR/TR,9,161447
Wyoming Cowboys,offense,WR-Z,2,Justin Popovich,RS-JR/TR,5,181381
Wyoming Cowboys,offense,WR-SL,1,Deion DeBlanc,SO,3,175168
Wyoming Cowboys,offense,WR-SL,2,Charlie Coenen,RS-SR,19,154477
Wyoming Cowboys,offense,WR-SL,3,Jayden Williams,FR,98,181358
Wyoming Cowboys,offense,LT,1,Rex Johnsen,RS-SR,70,154482
Wyoming Cowboys,offense,LT,2,Josiah Petaia,RS-SO/TR,77,175172
Wyoming Cowboys,offense,LG,1,Chandler Donaway,RS-SR/TR,52,181365
Wyoming Cowboys,offense,LG,2,Quinn Grovesteen-Matchey,RS-JR,76,163150
Wyoming Cowboys,offense,C,1,Jason Maciejczak,RS-JR/TR,51,160046
Wyoming Cowboys,offense,C,2,Tariq Miller,RS-FR,74,176663
Wyoming Cowboys,offense,RG,1,Giovanni Panozzo,RS-SO,50,170123
Wyoming Cowboys,offense,RG,2,Caleb Hall,RS-SO,73,170131
Wyoming Cowboys,offense,RT,1,Braylon Jenkins,RS-SO,63,170115
Wyoming Cowboys,offense,RT,2,Jake Davies,RS-JR,71,163142
Wyoming Cowboys,offense,TE-Y,1,Jake Wilson,RS-SO,89,170128
Wyoming Cowboys,offense,TE-Y,2,Kyle Frendt,RS-FR,83,176653
Wyoming Cowboys,offense,TE-Y,3,Landon Pace,RS-FR,88,176664
Wyoming Cowboys,offense,TE-Y,4,Gage Brook,RS-JR,82,165495
Wyoming Cowboys,offense,TE-Y,5,Isaac Schoenfeld,RS-SR,87,158995
Wyoming Cowboys,offense,QB,1,Tyler Hughes,RS-SR/TR,6,181391
Wyoming Cowboys,offense,QB,2,Mason Drube,RS-FR,7,175169
Wyoming Cowboys,offense,QB,3,Landon Sims,RS-JR/TR,14,175177
Wyoming Cowboys,offense,QB,4,Taylor Hasselbeck,FR,15,181371
Wyoming Cowboys,offense,RB,1,Samuel Harris,SO,1,176655
Wyoming Cowboys,offense,RB,2,Markell Holman,SR/TR,8,181373
Wyoming Cowboys,offense,RB,3,Nico Hamilton,RS-SO,21,170776
Wyoming Cowboys,offense,RB,4,Diore Hubbard,RS-SO/TR,22,168467
Wyoming Cowboys,defense,LDE,1,Jack Dunkley,SR/TR,21,181366
Wyoming Cowboys,defense,LDE,2,Kevin Sjogren,RS-SR,55,154492
Wyoming Cowboys,defense,LDE,3,Donnie Wingate,RS-SR/TR,99,71544
Wyoming Cowboys,defense,LDT,1,Dante Drake,RS-JR,92,163146
Wyoming Cowboys,defense,LDT,2,Tegen Seeds,RS-SO,53,170127
Wyoming Cowboys,defense,LDT,3,Ja'Quan Redfern,RS-JR/TR,44,181382
Wyoming Cowboys,defense,RDT,1,Jayden Williams,RS-JR,98,163168
Wyoming Cowboys,defense,RDT,2,Caleb Robinson,GR,95,141772
Wyoming Cowboys,defense,RDT,3,Alex Haswell,RS-SO,97,170114
Wyoming Cowboys,defense,RDE,1,Esaia Bogar,SR/TR,11,175166
Wyoming Cowboys,defense,RDE,2,Thaddeus Gianaris,RS-SR/TR,51,181370
Wyoming Cowboys,defense,WLB,1,Gary Rutherford,RS-SO,26,170125
Wyoming Cowboys,defense,WLB,2,Anthony Beavers,RS-SR/TR,2,148661
Wyoming Cowboys,defense,WLB,3,Parker Moore,RS-FR,33,176669
Wyoming Cowboys,defense,MLB,1,Ethan Stuhlsatz,GR/TR,42,175174
Wyoming Cowboys,defense,MLB,2,Dash Bauman,RS-SO,46,170105
Wyoming Cowboys,defense,MLB,3,Steven Perez,RS-FR,34,176665
Wyoming Cowboys,defense,MLB,4,Karson Butts,SO/TR,16,181362
Wyoming Cowboys,defense,LCB,1,Ian Bell,SR,3,163167
Wyoming Cowboys,defense,LCB,2,Junus McGraw,JR/TR,7,181377
Wyoming Cowboys,defense,LCB,3,BJ Inmon,RS-JR/TR,9,175171
Wyoming Cowboys,defense,SS,1,Brooklyn Cheek,RS-SO/TR,5,170792
Wyoming Cowboys,defense,SS,2,Jaden DaCosta,RS-JR/TR,22,175167
Wyoming Cowboys,defense,SS,3,Da'Marion Brownlee,RS-SO/TR,18,181360
Wyoming Cowboys,defense,FS,1,Jones Thomas,RS-JR,23,163160
Wyoming Cowboys,defense,FS,2,Jett Vincent,RS-JR/TR,4,163712
Wyoming Cowboys,defense,RCB,1,Logan Mackey,RS-JR/TR,8,181376
Wyoming Cowboys,defense,RCB,2,Tyson Shamsid-Deen,SO,0,176652
Wyoming Cowboys,defense,RCB,3,Kendall Griffin,FR,12,181390
Wyoming Cowboys,defense,NB,1,Desman Hearns,RS-SR/TR,1,175170
Wyoming Cowboys,defense,NB,2,Travis Franklin Jr.,SR/TR,2,164961
Wyoming Cowboys,defense,NB,3,Therman Williams,FR,25,181385
Wyoming Cowboys,special_teams,PT,1,Bart Edmiston,SR/TR,18,169663
Wyoming Cowboys,special_teams,PT,2,Gavyn Helm,RS-SO,43,170777
Wyoming Cowboys,special_teams,PK,1,Erik Sandvik,RS-JR,47,166202
Wyoming Cowboys,special_teams,PK,2,Keelan Anderson,RS-SO,99,170129
Wyoming Cowboys,special_teams,KO,1,Bart Edmiston,SR/TR,18,169663
Wyoming Cowboys,special_teams,KO,2,Erik Sandvik,RS-JR,47,166202
Wyoming Cowboys,special_teams,LS,1,Nathan Curry,SR/TR,49,181388
Wyoming Cowboys,special_teams,LS,2,Charlie Houston,RS-FR,45,176656
Wyoming Cowboys,special_teams,H,1,Gavyn Helm,RS-SO,43,170777
Wyoming Cowboys,special_teams,H,2,Bart Edmiston,SR/TR,18,169663
Wyoming Cowboys,special_teams,PR,1,Charlie Coenen,RS-SR,19,154477
Wyoming Cowboys,special_teams,PR,2,Deion DeBlanc,SO,3,175168
Wyoming Cowboys,special_teams,KR,1,Deion DeBlanc,SO,3,175168
Wyoming Cowboys,special_teams,KR,2,Bricen Brantley,RS-JR,12,163138
