player,player_id,position,team_name,player_game_count,avg_depth_of_target,avoided_tackles,caught_percent,contested_catch_rate,contested_receptions,contested_targets,declined_penalties,drop_rate,drops,epa,first_downs,franchise_id,fumbles,grades_hands_drop,grades_hands_fumble,grades_offense,grades_pass_block,grades_pass_route,inline_rate,inline_snaps,interceptions,longest,pass_block_rate,pass_blocks,pass_plays,penalties,positive_epa_percent,receptions,route_rate,routes,slot_rate,slot_snaps,targeted_qb_rating,targets,touchdowns,wide_rate,wide_snaps,yards,yards_after_catch,yards_after_catch_per_reception,yards_per_reception,yprr
Danny Scudero,170781,WR,S JOSE ST,12,12.6,18,56.4,39.1,9,23,0,11.1,11,-0.03,45,285,2,58.7,44.8,74.3,,75.0,0.0,0,5,72,0.0,0,535,0,43.4,88,94.8,507,89.5,479,91.8,156,10,8.8,47,1299,479,5.4,14.8,2.56
Jacob De Jesus,174068,WR,CAL,12,7.7,12,69.0,41.2,7,17,0,7.5,8,0.03,44,130,1,72.2,64.8,71.0,61.9,74.0,1.3,6,4,38,0.2,1,480,0,44.4,98,94.0,451,56.9,273,85.8,142,5,37.7,181,893,434,4.4,9.1,1.98
Skyler Bell,145163,WR,UCONN,12,8.3,15,72.3,65.0,13,20,0,3.8,4,0.34,50,146,2,87.0,44.9,81.8,,85.2,0.0,0,1,80,0.0,0,432,4,53.2,102,94.4,408,36.6,158,128.0,141,13,60.9,263,1282,835,8.2,12.6,3.14
Easton Messer,163051,WR,FAU,12,6.6,21,77.2,68.8,11,16,0,5.4,6,0.13,50,165,2,80.8,57.1,75.4,78.7,75.4,0.0,0,3,55,0.4,2,553,0,47.8,105,93.7,518,93.5,517,104.4,136,6,5.2,29,1059,558,5.3,10.1,2.04
Ted Hurst,187922,WR,GA STATE,12,12.6,18,57.3,59.3,16,27,0,9.0,7,-0.01,49,175,0,67.1,75.5,82.0,,82.1,0.0,0,7,70,0.0,0,442,0,43.8,71,93.4,413,16.3,72,76.0,124,6,83.7,370,999,374,5.3,14.1,2.42
Corey Rucker,121539,WR,ARK STATE,12,12.1,18,58.8,43.3,13,30,0,9.5,7,0.04,41,113,1,59.7,54.2,63.9,,65.9,0.0,0,3,55,0.0,0,543,2,47.2,67,94.5,513,16.9,92,80.4,114,3,83.1,451,863,335,5.0,12.9,1.68
Malachi Toney,200155,WR,MIAMI FL,13,6.4,27,79.5,66.7,6,9,1,0.0,0,0.27,49,220,1,95.5,74.8,88.5,79.8,89.7,1.7,7,3,61,0.5,2,404,4,52.6,89,92.6,374,81.9,331,116.2,112,8,12.6,51,992,649,7.3,11.1,2.65
Lewis Bond,143817,WR,BOSTON COL,12,8.1,16,79.3,80.0,8,10,1,3.3,3,-0.02,50,121,0,87.9,58.6,74.5,0.0,77.0,0.0,0,2,54,0.2,1,494,2,44.8,88,96.0,474,62.6,309,99.4,111,1,36.6,181,993,423,4.8,11.3,2.09
Iverson Hooks,163020,WR,UAB,12,11.8,16,66.1,58.8,10,17,0,6.5,5,0.1,46,321,1,75.1,62.1,82.3,,82.9,0.0,0,1,51,0.0,0,381,1,49.2,72,93.4,356,65.1,248,110.1,109,7,34.6,132,927,301,4.2,12.9,2.6
Makai Lemon,174150,WR,USC,12,10.3,21,73.1,71.4,10,14,0,2.5,2,0.37,50,326,1,90.0,71.0,90.8,61.9,91.4,0.5,2,4,74,0.2,1,401,1,53.6,79,92.0,369,70.6,283,126.2,108,11,27.9,112,1156,502,6.4,14.6,3.13
Trent Walker,146340,WR,OREGON ST,12,10.7,14,63.0,40.9,9,22,0,8.1,6,-0.11,40,265,2,69.2,56.9,69.4,,70.9,0.0,0,4,43,0.0,0,443,0,43.9,68,94.6,419,51.0,226,77.1,108,2,49.0,217,824,257,3.8,12.1,1.97
Junior Vandeross III,163156,WR,TOLEDO,12,9.3,14,71.0,63.6,7,11,0,9.5,8,0.16,43,316,0,64.7,76.0,81.6,,84.4,1.4,5,2,71,0.0,0,368,1,50.6,76,95.1,350,81.0,298,124.6,107,11,17.7,65,947,475,6.3,12.5,2.71
Eric McAlister,145976,WR,TCU,12,12.6,26,58.9,39.3,11,28,2,6.0,4,0.23,45,305,3,76.0,22.7,76.8,61.9,78.4,0.0,0,6,85,0.2,1,429,6,51.2,63,94.9,407,23.1,99,101.9,107,10,76.9,330,1104,519,8.2,17.5,2.71
Chris Bell,156321,WR,LOUISVILLE,11,9.4,9,67.9,50.0,12,24,0,4.0,3,0.0,45,210,0,83.7,75.8,81.8,,83.3,0.0,0,1,64,0.0,0,375,6,45.0,72,96.0,360,14.7,55,109.7,106,6,85.3,320,917,372,5.2,12.7,2.55
Chase Hendricks,171348,WR,OHIO,12,12.9,7,65.0,54.2,13,24,0,5.6,4,0.08,46,259,2,77.8,52.2,80.6,,84.2,0.0,0,5,67,0.0,0,391,2,48.6,67,93.6,366,89.8,351,97.4,103,7,10.2,40,955,290,4.3,14.3,2.61
Isaiah Sategna III,163642,WR,OKLAHOMA,13,9.0,22,64.7,46.2,6,13,1,8.3,6,0.02,39,261,2,67.9,53.0,70.5,62.1,70.8,0.0,0,1,87,0.2,1,462,3,43.6,66,95.0,439,92.9,429,117.3,102,8,6.7,31,960,524,7.9,14.5,2.19
Josh Cameron,144513,WR,BAYLOR,12,9.9,15,67.6,59.3,16,27,0,1.4,1,-0.01,41,118,2,91.6,55.5,72.4,,71.9,0.0,0,1,48,0.0,0,555,0,46.1,69,92.3,512,7.2,40,119.4,102,9,92.8,515,872,334,4.8,12.6,1.7
Devin Voisin,97427,WR,S ALABAMA,12,9.7,7,65.7,41.7,5,12,1,5.6,4,-0.06,35,288,0,78.1,82.9,71.8,66.1,75.5,0.3,1,2,65,0.3,1,354,4,43.3,67,91.8,325,37.3,132,93.4,102,4,61.6,218,775,330,4.9,11.6,2.38
Beau Sparks,173021,WR,TEXAS ST,12,11.3,12,79.2,71.4,10,14,0,2.4,2,0.27,41,314,1,90.1,67.5,79.2,,79.0,0.0,0,0,73,0.0,0,424,2,51.4,80,95.0,403,41.0,174,142.5,101,9,58.7,249,1119,484,6.1,14.0,2.78
Camden Brown,157049,WR,GA SOUTHRN,12,15.2,11,63.4,77.8,21,27,0,3.0,2,0.14,49,174,0,86.5,75.0,77.4,,80.8,0.0,0,2,73,0.0,0,476,3,47.3,64,96.0,457,18.9,90,129.9,101,14,81.1,386,1058,293,4.6,16.5,2.32
KC Concepcion,170362,WR,TEXAS A&M,13,12.3,14,60.4,66.7,10,15,0,10.3,7,0.18,48,312,0,61.0,86.7,78.4,,79.9,0.3,1,2,48,0.0,0,395,1,49.5,61,94.7,374,34.4,136,111.8,101,9,65.3,258,919,440,7.2,15.1,2.46
Kenny Odom,164032,WR,UTEP,11,8.7,16,62.0,50.0,8,16,0,10.1,7,-0.13,21,330,1,62.5,56.6,67.0,62.2,65.7,1.4,5,4,74,0.3,1,352,1,36.4,62,94.9,334,59.9,211,81.5,100,6,36.9,130,586,413,6.7,9.5,1.75
Pofele Ashlock,158166,WR,HAWAII,12,10.4,12,62.0,54.5,6,11,0,13.9,10,0.09,39,180,0,49.5,74.8,62.8,,62.3,0.0,0,3,47,0.0,0,502,2,43.0,62,95.0,477,90.4,454,90.6,100,6,9.6,48,704,154,2.5,11.4,1.48
Donovan Faupel,175668,WR,NEW MEX ST,12,11.1,4,62.2,45.0,9,20,0,6.2,4,-0.02,37,242,1,76.6,51.8,71.6,,71.7,0.0,0,5,55,0.0,0,432,2,42.3,61,92.4,399,5.6,24,84.2,98,7,94.2,407,651,205,3.4,10.7,1.63
Nick Marsh,183541,WR,MICH STATE,12,11.0,28,59.8,27.3,3,11,0,9.4,6,0.04,29,223,1,64.2,50.5,67.5,,68.5,0.0,0,2,48,0.0,0,408,2,43.5,58,94.6,386,7.6,31,92.4,97,6,92.4,377,662,276,4.8,11.4,1.72
Nik McMillan,157951,WR,BUFFALO,12,15.2,8,63.9,63.0,17,27,0,8.8,6,-0.06,40,126,1,66.5,74.8,71.6,,72.5,0.2,1,4,55,0.0,0,474,2,40.5,62,95.8,454,15.0,71,90.7,97,3,84.8,402,983,243,3.9,15.9,2.17
Jordyn Tyson,157690,WR,ARIZONA ST,9,11.7,6,62.9,43.8,7,16,1,1.6,1,0.06,37,110,1,90.8,52.7,82.9,,85.3,0.0,0,1,57,0.0,0,324,2,43.9,61,92.6,300,25.0,81,108.2,97,8,74.7,242,711,263,4.3,11.7,2.37
Duce Robinson,176642,WR,FLORIDA ST,12,17.0,11,58.9,52.9,18,34,0,3.4,2,0.27,43,167,2,84.0,27.7,79.5,,80.3,0.0,0,2,82,0.0,0,375,4,47.6,56,95.2,357,19.5,73,110.9,95,6,80.5,302,1081,304,5.4,19.3,3.03
Jacquon Gibson,158762,WR,UMASS,10,9.3,11,66.3,76.9,10,13,0,8.7,6,-0.2,29,216,0,66.6,79.2,71.0,,71.0,0.3,1,1,50,0.0,0,307,1,37.2,63,96.1,295,16.6,51,80.0,95,0,83.1,255,616,210,3.3,9.8,2.09
Cooper Barkate,159333,WR,DUKE,12,13.5,8,67.0,50.0,9,18,0,7.4,5,0.28,44,154,0,72.0,76.4,76.4,,77.0,0.0,0,1,77,0.0,0,418,2,48.8,63,93.1,389,15.8,66,117.6,94,6,84.2,352,965,378,6.0,15.3,2.48
Anthony Smith,122885,WR,E CAROLINA,12,15.0,5,63.8,40.9,9,22,0,7.7,5,0.19,36,156,1,69.8,50.0,69.7,,71.5,0.3,1,3,66,0.0,0,381,4,51.4,60,93.4,356,8.9,34,99.5,94,5,90.8,346,897,296,4.9,15.0,2.52
Braden Pegan,162463,WR,UTAH ST,12,14.7,4,63.8,55.0,11,20,0,3.2,2,0.14,38,329,0,85.7,75.7,73.7,,75.0,0.0,0,1,54,0.0,0,472,3,44.2,60,92.6,437,13.3,63,109.4,94,5,86.7,409,920,256,4.3,15.3,2.11
Griffin Wilde,177231,WR,NWESTERN,12,13.1,6,65.6,48.0,12,25,0,6.2,4,0.0,44,256,1,66.3,52.2,79.1,,79.4,0.0,0,6,49,0.0,0,359,1,43.1,61,93.0,334,43.2,155,86.4,93,6,56.8,204,783,163,2.7,12.8,2.34
Demarcus Lacey,164301,WR,MARSHALL,12,6.1,19,69.9,61.5,8,13,0,5.8,4,0.07,37,214,1,72.3,59.7,79.6,,79.4,0.0,0,2,68,0.0,0,295,2,44.1,65,94.6,279,95.3,281,104.0,93,5,4.1,12,774,532,8.2,11.9,2.77
CJ Williams,158471,WR,STANFORD,12,10.8,7,64.1,59.3,16,27,0,3.3,2,-0.17,41,300,0,84.9,74.6,76.5,62.1,77.2,0.0,0,2,36,0.2,1,425,3,41.1,59,94.8,403,11.8,50,102.1,92,6,88.2,375,749,185,3.1,12.7,1.86
Braylon Staley,184893,WR,TENNESSEE,12,8.5,5,69.6,30.8,4,13,0,5.9,4,0.34,35,307,0,72.4,76.1,71.9,,73.6,0.0,0,1,73,0.0,0,412,4,52.8,64,92.5,381,89.3,368,114.0,92,6,10.2,42,812,383,6.0,12.7,2.13
Jeremiah Smith,183710,WR,OHIO STATE,11,10.3,13,80.9,46.7,7,15,3,2.7,2,0.52,43,260,0,88.2,76.5,89.6,,89.5,0.0,0,1,87,0.0,0,299,5,63.0,72,96.7,289,19.1,57,145.7,89,11,80.9,242,942,326,4.5,13.1,3.26
Devin McCuin,176494,WR,UTSA,11,8.7,15,67.0,66.7,6,9,0,4.8,3,-0.03,32,331,0,80.5,77.3,75.8,62.1,76.9,0.0,0,2,52,0.3,1,328,4,46.6,59,92.7,304,27.4,90,105.9,88,7,72.6,238,653,326,5.5,11.1,2.15
Amare Thomas,173349,WR,HOUSTON,12,9.7,13,67.0,56.3,9,16,0,4.8,3,0.09,43,182,0,79.6,75.0,79.3,,80.0,0.0,0,4,64,0.0,0,389,0,46.8,59,92.0,358,71.7,279,119.8,88,10,28.0,109,906,437,7.4,15.4,2.53
Kyri Shoels,188847,WR,S JOSE ST,12,14.0,9,68.2,50.0,7,14,0,6.3,4,0.0,35,285,1,75.1,49.8,63.9,,64.8,0.0,0,4,43,0.0,0,499,3,43.8,60,94.8,473,5.2,26,84.7,88,2,94.8,473,785,117,2.0,13.1,1.66
Victor Snow,158249,WR,BUFFALO,12,10.2,15,70.5,47.1,8,17,0,3.1,2,-0.06,38,126,0,86.1,86.8,74.9,,74.4,0.0,0,3,75,0.0,0,468,1,41.3,62,95.7,448,93.4,437,115.8,88,8,6.4,30,821,288,4.6,13.2,1.83
Cam Coleman,184398,WR,AUBURN,12,13.4,11,64.4,59.1,13,22,0,6.7,4,0.07,31,115,2,73.5,27.7,69.4,,69.5,0.0,0,0,46,0.0,0,442,0,44.8,56,94.3,417,6.8,30,108.8,87,5,93.2,412,708,118,2.1,12.6,1.7
Ryan Wingo,184520,WR,TEXAS,12,13.2,10,57.5,30.8,4,13,0,12.3,7,0.14,28,311,0,54.4,75.7,70.2,,71.3,0.0,0,2,75,0.0,0,352,2,41.8,50,94.6,333,25.9,91,104.1,87,7,73.9,260,770,410,8.2,15.4,2.31
Asaad Waseem,171909,WR,FAU,12,6.8,11,74.7,60.0,6,10,0,5.8,4,0.08,30,165,1,77.4,32.6,67.3,62.1,68.6,0.0,0,3,44,0.2,1,405,0,44.5,65,93.8,380,91.1,369,102.0,87,5,8.9,36,687,390,6.0,10.6,1.81
Sean Wilson,185332,WR,DELAWARE,12,11.3,14,69.0,56.5,13,23,0,3.2,2,0.14,31,151,1,80.5,50.1,76.7,55.0,77.0,0.0,0,0,51,0.3,1,392,0,48.5,60,92.9,364,9.2,36,105.3,87,2,90.8,356,796,233,3.9,13.3,2.19
Gabriel Benyard,147969,WR,KENNESAW,12,14.8,9,62.1,31.6,6,19,0,3.6,2,0.16,35,200,0,84.0,71.2,82.1,61.9,82.8,1.1,4,4,54,0.3,1,371,2,43.4,54,93.8,348,59.8,222,111.1,87,9,38.0,141,877,237,4.4,16.2,2.52
KJ Duff,184654,WR,RUTGERS,12,17.3,4,69.0,61.1,22,36,1,4.8,3,0.15,50,278,0,80.5,75.1,83.4,,84.5,0.0,0,1,72,0.0,0,461,2,50.2,60,95.0,438,11.3,52,133.5,87,7,88.7,409,1084,192,3.2,18.1,2.47
Kris Hutson,131713,WR,ARIZONA,11,13.7,3,65.5,71.4,15,21,0,5.0,3,0.23,42,109,1,73.6,49.6,77.3,,79.4,0.0,0,0,40,0.0,0,333,2,48.7,57,94.3,314,17.7,59,107.4,87,4,82.3,274,740,153,2.7,13.0,2.36
Chauncy Cobb,172187,WR,ARK STATE,12,6.5,17,78.2,50.0,3,6,0,5.6,4,0.05,34,113,2,78.0,59.6,67.1,,68.5,0.2,1,3,51,0.0,0,473,3,48.2,68,93.9,444,90.1,426,88.9,87,0,9.5,45,764,461,6.8,11.2,1.72
Jaden Barnes,173738,WR,APP STATE,10,9.6,16,63.2,61.5,8,13,0,12.7,8,0.08,29,108,1,53.3,63.5,72.0,,71.8,0.0,0,1,59,0.0,0,322,0,43.2,55,94.1,303,79.5,256,105.8,87,7,19.9,64,605,239,4.3,11.0,2.0
Kyre Duplessis,147082,WR,DELAWARE,12,12.0,5,63.2,43.8,7,16,0,5.2,3,0.12,33,151,1,79.0,61.4,73.6,,72.6,0.4,2,1,68,0.0,0,452,1,49.1,55,93.1,421,9.1,41,105.3,87,5,90.5,409,755,269,4.9,13.7,1.79
O'Mega Blake,146913,WR,ARKANSAS,12,11.6,11,66.7,63.2,12,19,0,4.9,3,0.18,41,111,1,79.8,49.4,74.5,,75.0,0.0,0,6,36,0.0,0,439,2,49.4,58,94.5,415,8.9,39,84.8,87,5,91.1,400,768,254,4.4,13.2,1.85
Germie Bernard,158374,WR,ALABAMA,12,11.2,13,62.8,41.7,5,12,0,1.8,1,0.2,37,103,0,78.7,77.6,71.0,69.5,70.7,0.0,0,0,43,0.4,2,457,3,49.4,54,93.7,428,36.1,165,113.5,86,6,60.6,277,740,340,6.3,13.7,1.73
Chris Brazzell II,158409,WR,TENNESSEE,12,15.7,8,70.9,41.2,7,17,0,3.2,2,0.29,42,307,0,86.4,74.9,79.4,,80.6,0.0,0,2,72,0.0,0,424,2,52.0,61,92.5,392,5.7,24,135.1,86,9,94.3,400,1006,244,4.0,16.5,2.57
Denzel Boston,162481,WR,WASHINGTON,11,14.0,7,65.1,75.0,9,12,0,1.8,1,0.22,44,340,0,89.2,79.9,87.7,,86.6,0.3,1,4,48,0.0,0,340,0,53.3,56,97.9,333,18.2,62,112.3,86,10,80.9,275,755,246,4.4,13.5,2.27
Anthony Evans III,173530,WR,MISS STATE,12,8.4,9,73.3,50.0,7,14,0,6.0,4,0.08,32,227,2,76.2,53.6,63.8,,66.3,3.5,15,2,57,0.0,0,432,3,42.9,63,94.4,408,83.3,360,104.8,86,4,11.6,50,741,342,5.4,11.8,1.82
Deion Burks,145107,WR,OKLAHOMA,13,8.6,10,67.4,52.9,9,17,0,4.9,3,0.04,30,261,0,80.1,75.8,64.1,,65.8,0.0,0,2,45,0.0,0,448,2,45.3,58,95.1,426,22.1,99,94.0,86,4,77.9,349,617,304,5.2,10.6,1.45
Mario Craver,184754,WR,TEXAS A&M,12,7.8,22,69.4,50.0,3,6,0,6.3,4,0.09,34,312,0,74.8,77.1,81.4,,82.7,0.0,0,4,86,0.0,0,294,1,48.2,59,95.9,282,83.0,244,101.0,85,4,16.7,49,917,575,9.7,15.5,3.25
Eli Stowers,147013,TE,VANDERBILT,12,8.2,9,72.9,41.2,7,17,0,6.1,4,0.48,40,333,0,76.2,75.1,81.6,71.5,85.3,24.9,83,3,67,3.6,12,333,1,57.8,62,90.4,301,66.4,221,101.5,85,4,8.4,28,769,377,6.1,12.4,2.55
Jordan Dwyer,158967,WR,TCU,12,12.5,7,64.7,56.5,13,23,0,6.8,4,0.22,36,305,0,74.4,81.4,71.1,,73.7,0.0,0,2,69,0.0,0,462,4,51.1,55,94.8,438,19.7,91,109.8,85,7,80.1,370,738,190,3.5,13.4,1.68
Michael Trigg,146410,TE,BAYLOR,11,11.3,17,58.8,41.2,7,17,1,12.3,7,0.09,31,118,0,54.2,73.8,72.5,62.3,77.3,27.2,104,2,42,8.9,34,382,4,48.6,50,83.5,319,69.4,265,98.8,85,6,2.9,11,694,224,4.5,13.9,2.18
Ashtyn Hawkins,147222,WR,BAYLOR,12,10.7,11,63.1,45.0,9,20,1,3.6,2,0.05,27,118,1,83.0,47.0,62.1,,62.3,0.0,0,4,41,0.0,0,497,1,47.2,53,92.2,458,12.9,64,65.6,84,0,86.9,432,621,237,4.5,11.7,1.36
Caleb Douglas,157740,WR,TEXAS TECH,12,12.6,7,63.1,40.0,6,15,2,10.2,6,0.25,32,315,0,62.4,74.2,70.6,,72.4,0.0,0,1,61,0.0,0,420,3,48.3,53,95.7,402,16.7,70,118.3,84,7,83.3,350,823,283,5.3,15.5,2.05
Javen Nicholas,157109,WR,CHARLOTTE,12,9.4,19,71.4,40.0,6,15,0,1.6,1,-0.15,33,136,1,90.4,68.1,74.8,,75.9,0.3,1,2,64,0.0,0,390,2,39.1,60,95.6,373,82.3,321,108.5,84,5,16.7,65,746,369,6.2,12.4,2.0
Alex Perry,158184,WR,FIU,12,14.8,6,63.1,56.0,14,25,0,5.4,3,0.08,36,166,0,77.1,74.0,76.2,,78.0,0.0,0,1,64,0.0,0,373,2,48.2,53,95.2,355,15.3,57,125.9,84,9,84.7,316,816,259,4.9,15.4,2.3
Keagan Johnson,144848,WR,NEW MEXICO,11,11.8,4,66.7,42.1,8,19,0,6.7,4,0.06,35,241,0,74.0,74.9,72.8,,73.0,0.0,0,2,80,0.0,0,368,1,44.6,56,91.3,336,15.2,56,95.6,84,3,84.8,312,726,192,3.4,13.0,2.16
Kwazi Gilmer,184979,WR,UCLA,12,11.4,2,59.5,63.2,12,19,0,9.1,5,-0.01,32,324,0,65.9,73.9,61.0,,62.9,0.2,1,3,43,0.0,0,448,7,45.6,50,96.0,430,8.3,37,79.2,84,4,91.5,410,535,117,2.3,10.7,1.24
Parker Kingston,163251,WR,BYU,12,9.6,4,68.7,25.0,2,8,0,8.1,5,0.13,31,128,0,69.4,54.5,72.3,,74.4,0.0,0,1,75,0.0,0,317,5,47.1,57,91.5,290,61.5,195,114.7,83,5,37.9,120,804,396,6.9,14.1,2.77
Tanner Koziol,156895,TE,HOUSTON,12,6.8,2,78.3,73.9,17,23,0,3.0,2,0.08,34,182,0,86.5,75.0,75.1,55.6,83.1,36.7,142,2,50,18.6,72,387,1,46.1,65,75.5,292,51.2,198,109.4,83,5,7.2,28,651,268,4.1,10.0,2.23
Javon Robinson,173924,WR,GA STATE,12,5.9,18,69.9,11.1,1,9,2,6.5,4,-0.01,25,175,2,69.4,48.7,63.7,,64.9,3.8,16,1,46,0.0,0,422,3,42.4,58,94.5,399,85.5,361,101.5,83,4,10.7,45,600,405,7.0,10.3,1.5
Jordan Hudson,157298,WR,SMU,10,9.9,16,70.7,50.0,7,14,0,4.9,3,0.19,33,287,1,79.5,49.0,74.1,,76.8,0.0,0,3,70,0.0,0,352,3,47.7,58,94.6,333,17.6,62,109.2,82,6,82.4,290,768,381,6.6,13.2,2.31
Jaden Bradley,144016,WR,UNLV,12,16.2,9,62.2,42.1,8,19,0,8.9,5,0.3,37,325,0,60.2,74.3,74.2,63.9,75.9,0.3,1,0,56,0.3,1,340,6,53.3,51,92.6,315,25.0,85,112.6,82,4,74.7,254,834,209,4.1,16.4,2.65
Cortez Braham Jr.,157366,WR,MEMPHIS,12,13.0,12,76.8,72.2,13,18,0,7.4,5,0.17,42,218,0,71.3,74.8,79.1,,80.0,0.0,0,2,73,0.0,0,387,1,50.8,63,94.1,364,4.9,19,133.6,82,8,95.1,368,889,284,4.5,14.1,2.44
Ian Strong,170319,WR,RUTGERS,10,12.2,11,63.4,54.8,17,31,0,1.9,1,0.12,39,278,0,88.2,73.9,78.9,,80.0,0.0,0,3,45,0.0,0,377,1,49.7,52,94.4,356,0.3,1,98.7,82,5,99.7,376,762,181,3.5,14.7,2.14
Brady Boyd,127298,WR,UTAH ST,12,14.2,4,51.9,31.8,7,22,0,12.5,6,0.16,33,329,1,55.3,43.8,67.9,61.9,67.4,0.0,0,1,53,0.2,1,478,1,45.0,42,92.3,441,72.2,345,101.6,81,7,27.8,133,635,201,4.8,15.1,1.44
Hank Beatty,158198,WR,ILLINOIS,12,7.9,13,77.8,44.4,4,9,0,0.0,0,0.25,34,187,0,93.3,82.8,83.5,62.1,81.8,0.3,1,4,62,0.3,1,332,0,52.1,63,93.4,310,81.6,271,100.8,81,3,15.7,52,823,418,6.6,13.1,2.65
Brenen Thompson,163865,WR,MISS STATE,12,17.9,7,65.4,30.0,3,10,1,8.6,5,0.14,38,227,0,67.1,75.1,77.4,61.0,78.1,0.0,0,2,58,0.3,1,373,2,44.2,53,94.9,354,13.4,50,119.8,81,6,86.6,323,948,232,4.4,17.9,2.68
Jordan Shipp,183338,WR,N CAROLINA,12,8.9,9,75.0,53.3,8,15,0,4.8,3,-0.06,35,245,0,76.1,75.4,73.1,,75.5,0.0,0,1,55,0.0,0,409,2,45.1,60,92.4,378,68.9,282,119.3,80,6,30.8,126,671,226,3.8,11.2,1.78
Leland Smith,190924,WR,S JOSE ST,12,16.2,9,53.8,36.8,7,19,0,4.4,2,-0.04,29,285,0,73.1,73.3,62.3,,62.4,0.2,1,4,45,0.0,0,554,1,42.9,43,94.8,525,18.2,101,73.9,80,3,81.6,452,678,235,5.5,15.8,1.29
Jalil Farooq,144623,WR,MARYLAND,12,5.6,16,72.5,37.5,3,8,1,10.8,7,0.03,31,215,2,59.3,36.3,64.6,64.9,64.1,1.5,6,1,29,0.5,2,388,1,43.0,58,97.2,377,89.4,347,102.3,80,4,8.5,33,545,394,6.8,9.4,1.45
Barion Brown,163779,WR,LSU,12,9.0,9,65.0,53.3,8,15,1,10.3,6,0.07,25,211,0,61.2,76.8,67.9,,66.2,0.0,0,2,41,0.0,0,312,4,44.0,52,93.3,291,11.5,36,75.8,80,1,88.5,276,495,263,5.1,9.5,1.7
Eric Singleton Jr.,170078,WR,AUBURN,12,6.1,15,72.5,53.3,8,15,0,4.9,3,0.02,26,115,1,73.9,56.3,64.5,,66.0,0.0,0,0,48,0.0,0,367,3,45.4,58,94.0,345,70.6,259,102.8,80,3,29.2,107,534,288,5.0,9.2,1.55
Kevin Coleman Jr.,160756,WR,MISSOURI,12,8.0,18,78.8,81.8,9,11,0,3.1,2,-0.02,35,229,0,86.2,86.7,79.8,62.1,80.9,0.9,3,2,50,0.3,1,321,0,42.0,63,94.7,304,88.5,284,97.7,80,1,9.0,29,715,370,5.9,11.3,2.35
Sam Roush,157270,TE,STANFORD,12,6.3,3,61.3,40.0,4,10,1,12.5,7,-0.16,20,300,1,53.6,44.7,57.1,68.8,56.6,65.6,297,4,69,9.5,43,453,2,41.3,49,86.3,391,29.1,132,69.0,80,2,5.1,23,545,319,6.5,11.1,1.39
Jaron Tibbs,174972,WR,KANSAS ST,12,13.1,6,58.8,57.9,11,19,0,9.6,5,0.01,30,199,1,64.9,45.2,68.5,,68.3,0.0,0,2,38,0.0,0,346,1,43.2,47,97.1,336,24.6,85,84.1,80,3,75.4,261,595,117,2.5,12.7,1.77
Harrison Wallace III,145090,WR,OLE MISS,13,13.0,5,60.8,38.5,5,13,0,4.0,2,0.4,34,226,0,70.5,84.6,70.3,,74.2,1.1,4,1,55,0.0,0,365,3,54.2,48,93.7,342,17.8,65,99.0,79,3,80.0,292,738,277,5.8,15.4,2.16
Wyatt Young,190632,WR,N TEXAS,12,10.4,27,78.5,66.7,2,3,0,3.1,2,0.54,44,251,0,86.3,75.6,91.8,64.4,92.4,1.7,5,0,84,0.3,1,289,0,56.3,62,93.8,271,92.0,266,158.3,79,10,4.5,13,1203,709,11.4,19.4,4.44
Shaleak Knotts,162798,WR,MARYLAND,12,15.3,6,55.7,25.0,4,16,0,12.0,6,0.05,27,215,0,55.5,73.3,65.6,,65.9,0.0,0,1,62,0.0,0,427,1,44.0,44,97.9,418,9.6,41,106.4,79,6,90.4,386,717,199,4.5,16.3,1.72
Michael Jackson III,146412,WR,PURDUE,12,6.2,9,80.8,58.3,7,12,0,4.5,3,-0.07,33,273,2,81.4,39.3,65.1,64.5,67.2,0.5,2,2,31,0.2,1,405,1,43.0,63,93.6,379,86.9,352,90.7,78,1,11.4,46,570,241,3.8,9.0,1.5
Myles Butler,150199,WR,MIDDLE TN,12,7.7,4,66.7,62.5,10,16,0,8.8,5,0.03,29,224,2,66.5,27.3,66.8,,68.3,0.0,0,4,52,0.0,0,366,1,46.1,52,94.3,345,91.8,336,72.5,78,2,8.2,30,518,238,4.6,10.0,1.5
Dalen Cobb,158341,WR,GA SOUTHRN,11,6.3,9,66.7,41.7,5,12,0,11.9,7,0.02,23,174,2,55.5,37.8,62.4,64.4,63.0,1.4,4,4,43,0.3,1,288,0,44.5,52,94.4,272,77.8,224,74.3,78,3,19.1,55,471,365,7.0,9.1,1.73
Jayshon Platt,156522,WR,FAU,12,13.2,6,59.0,69.2,9,13,0,8.0,4,0.11,30,165,0,63.1,37.1,64.4,61.9,64.1,0.0,0,6,48,0.2,1,533,0,47.0,46,93.6,499,4.9,26,78.7,78,5,94.9,506,715,141,3.1,15.5,1.43
Zachariah Branch,174142,WR,GEORGIA,12,3.3,17,87.2,62.5,5,8,0,2.9,2,0.26,33,173,0,87.6,84.9,80.4,,81.0,1.0,3,0,47,0.0,0,290,0,48.9,68,93.1,270,78.3,227,120.7,78,4,20.0,58,691,533,7.8,10.2,2.56
Matthew Henry,192936,WR,W KENTUCKY,12,13.1,4,61.5,66.7,8,12,0,4.0,2,0.09,35,346,0,75.0,74.5,72.5,,74.1,0.0,0,2,55,0.0,0,395,4,47.6,48,95.7,378,16.7,66,109.0,78,6,83.3,329,762,228,4.8,15.9,2.02
Reggie Virgil,158022,WR,TEXAS TECH,12,13.6,10,60.3,55.0,11,20,1,7.8,4,0.25,25,315,0,69.3,74.2,68.6,,67.5,0.0,0,1,42,0.0,0,417,2,48.1,47,95.2,397,15.1,63,104.1,78,6,84.9,354,590,149,3.2,12.6,1.49
Josiah Freeman,163398,WR,FRESNO ST,11,11.6,8,57.7,40.9,9,22,0,6.3,3,-0.18,22,169,0,74.5,74.9,69.9,,68.6,0.0,0,7,37,0.0,0,313,2,42.3,45,95.8,300,18.8,59,64.9,78,6,81.2,254,496,173,3.8,11.0,1.65
Na'eem Abdul-Rahim Gladding,190053,WR,DOMINION,12,13.9,4,60.3,61.9,13,21,0,0.0,0,0.18,33,263,0,91.9,76.2,75.8,62.9,78.2,0.6,2,3,46,0.6,2,332,1,47.8,47,93.1,309,78.3,260,94.4,78,6,20.2,67,609,205,4.4,13.0,1.97
Omarion Miller,171901,WR,COLORADO,11,14.2,9,58.4,61.1,11,18,0,11.8,6,-0.01,26,143,1,56.8,43.2,67.9,,71.5,0.0,0,6,70,0.0,0,324,6,39.9,45,96.6,313,14.2,46,96.5,77,8,85.8,278,805,289,6.4,17.9,2.57
Chris Dawn Jr.,172326,WR,TEXAS ST,11,12.0,17,71.4,37.5,3,8,1,5.2,3,0.33,32,314,0,78.3,74.5,73.9,,75.0,0.0,0,2,82,0.0,0,345,5,51.2,55,94.5,326,27.0,93,110.1,77,2,73.0,252,937,466,8.5,17.0,2.87
Trell Harris,163133,WR,VIRGINIA,12,10.4,13,72.7,50.0,6,12,0,3.4,2,0.15,34,335,0,79.1,74.6,77.2,,77.4,0.0,0,1,75,0.0,0,370,1,49.3,56,96.5,357,21.4,79,122.7,77,5,78.6,291,809,362,6.5,14.4,2.27
Kole Wilson,168441,WR,BAYLOR,12,14.3,11,57.9,35.7,5,14,0,2.2,1,0.01,30,118,0,79.4,39.0,66.0,,68.4,0.0,0,2,64,0.0,0,373,0,46.4,44,92.5,345,89.5,334,93.7,76,5,9.4,35,591,304,6.9,13.4,1.71
K.D. Hutchinson,163045,WR,W KENTUCKY,12,4.7,6,77.6,50.0,2,4,0,7.8,5,0.07,30,346,1,70.3,64.4,77.6,,76.1,0.0,0,5,78,0.0,0,263,0,47.4,59,96.2,253,88.2,232,85.1,76,3,10.3,27,596,431,7.3,10.1,2.36
Joshua Meredith,146507,WR,WASH STATE,12,9.8,6,64.5,54.5,6,11,0,5.8,3,-0.07,28,341,0,76.3,74.1,70.9,,74.1,0.0,0,2,48,0.0,0,340,3,41.0,49,93.2,317,61.2,208,93.0,76,3,38.2,130,639,214,4.4,13.0,2.02
Jasaiah Gathings,145586,WR,BUFFALO,11,13.5,2,47.4,50.0,9,18,0,5.3,2,-0.07,17,126,1,76.8,38.1,60.9,,60.4,0.0,0,6,39,0.0,0,396,1,41.2,36,95.7,379,4.8,19,43.5,76,3,95.2,377,396,112,3.1,11.0,1.04
Latrell Caples,128119,WR,BOISE ST,12,9.9,5,57.3,61.5,8,13,0,12.2,6,0.08,28,120,1,54.8,42.4,60.4,66.0,61.9,0.0,0,2,34,0.8,3,376,5,46.2,43,92.6,348,73.7,277,80.8,75,3,26.3,99,517,193,4.5,12.0,1.49
Que'Sean Brown,170041,WR,DUKE,12,11.1,11,69.3,53.8,7,13,0,1.9,1,0.2,31,154,0,88.7,79.9,71.7,,74.4,0.0,0,1,44,0.0,0,359,1,46.1,52,93.0,334,82.2,295,104.6,75,3,17.5,63,665,281,5.4,12.8,1.99
Omar Cooper Jr.,156395,WR,INDIANA,12,9.2,24,77.3,58.3,7,12,0,4.9,3,0.44,37,190,0,79.4,75.2,87.8,,85.9,0.6,2,1,58,0.0,0,318,0,59.7,58,94.3,300,83.3,265,145.2,75,11,16.0,51,804,414,7.1,13.9,2.68
Ryan Davis,97321,WR,UTAH,11,9.3,12,76.0,50.0,5,10,0,3.4,2,0.31,30,328,1,84.1,48.3,74.5,54.4,75.7,0.0,0,0,56,0.4,1,281,1,51.3,57,93.2,262,39.9,112,119.8,75,4,60.1,169,658,203,3.6,11.5,2.51
Kam Perry,156397,WR,MIAMI OH,12,18.9,3,45.3,50.0,6,12,0,10.5,4,-0.04,27,221,0,62.0,72.4,76.9,,77.1,0.3,1,4,66,0.0,0,316,1,41.9,34,95.9,303,62.0,196,91.7,75,6,37.7,119,854,207,6.1,25.1,2.82
Chase Roberts,147528,WR,BYU,11,14.6,5,58.7,50.0,8,16,0,15.4,8,0.11,35,128,0,46.3,73.4,74.9,,76.7,0.0,0,1,85,0.0,0,307,2,45.5,44,93.8,288,26.1,80,107.2,75,5,73.9,227,713,231,5.3,16.2,2.48
DT Sheffield,174143,WR,RUTGERS,12,12.0,2,58.7,56.3,9,16,0,10.2,5,0.13,27,278,0,62.3,78.9,61.8,,61.8,0.0,0,2,54,0.0,0,440,0,49.9,44,95.2,419,98.6,434,94.1,75,5,1.4,6,577,132,3.0,13.1,1.38
Octavian Smith Jr.,162805,WR,MARYLAND,12,9.8,7,56.8,40.0,4,10,1,12.5,6,-0.01,23,215,1,53.9,48.8,55.3,,56.5,0.4,2,2,53,0.0,0,470,1,41.6,42,97.9,460,41.5,195,67.5,74,0,58.1,273,522,225,5.4,12.4,1.13
Ja'Kobi Lane,176638,WR,USC,11,12.5,11,66.2,43.5,10,23,1,7.5,4,0.37,37,326,0,65.4,73.9,77.6,,81.8,0.0,0,2,59,0.0,0,335,5,51.3,49,92.5,310,19.1,64,106.3,74,4,80.9,271,750,236,4.8,15.3,2.42
Raphael Williams Jr.,149997,WR,PITTSBURGH,12,13.0,5,60.8,25.0,1,4,0,8.2,4,0.08,28,268,0,68.1,76.1,61.4,,62.0,1.3,6,4,67,0.0,0,462,2,43.5,45,93.9,434,85.3,394,93.4,74,6,12.3,57,642,164,3.6,14.3,1.48
Trond Grizzell,146290,WR,CAL,12,14.2,3,64.4,57.1,16,28,0,6.0,3,0.04,32,130,0,76.3,73.9,67.7,,67.3,0.0,0,0,35,0.0,0,482,1,44.0,47,94.8,457,14.1,68,99.7,73,1,85.9,414,690,119,2.5,14.7,1.51
Jackson Harris,176616,WR,HAWAII,11,15.7,10,67.1,72.7,16,22,0,5.8,3,0.28,39,180,0,76.4,73.9,83.9,,84.6,0.0,0,1,78,0.0,0,360,0,48.1,49,95.8,345,8.3,30,144.0,73,12,91.7,330,963,358,7.3,19.7,2.79
T.J. Moore,189369,WR,CLEMSON,12,12.2,6,63.0,29.4,5,17,0,4.2,2,0.16,35,140,1,80.2,44.9,70.4,38.9,71.3,0.0,0,1,75,0.0,0,377,3,47.5,46,96.0,362,8.0,30,110.2,73,4,92.0,347,754,353,7.7,16.4,2.08
Hunter Summers,169989,WR,ARK STATE,12,12.5,1,60.3,33.3,6,18,0,4.3,2,0.11,24,113,0,80.3,73.4,62.5,,62.7,0.0,0,3,43,0.0,0,433,3,49.5,44,93.3,404,14.5,63,80.2,73,4,85.5,370,468,94,2.1,10.6,1.16
Caullin Lacy,121426,WR,LOUISVILLE,12,4.8,15,74.0,33.3,2,6,0,6.9,4,-0.04,21,210,0,72.8,84.9,63.1,7.5,64.0,0.3,1,2,48,0.5,2,388,1,44.5,54,94.8,368,79.6,309,92.7,73,2,18.0,70,547,409,7.6,10.1,1.49
Johntay Cook II,131255,WR,SYRACUSE,12,10.0,3,63.0,33.3,4,12,1,9.8,5,-0.26,23,304,3,62.3,19.7,62.2,,63.1,0.0,0,2,59,0.0,0,366,3,37.5,46,92.9,340,72.7,266,83.7,73,2,26.8,98,550,204,4.4,12.0,1.62
Dorian Thomas,171871,TE,NEW MEXICO,12,6.4,5,72.6,27.3,3,11,0,0.0,0,0.12,26,241,2,92.6,27.3,68.7,58.5,76.6,49.7,171,2,34,7.8,27,344,2,45.6,53,85.8,295,39.0,134,100.5,73,4,10.2,35,545,328,6.2,10.3,1.85
Antonio Williams,156241,WR,CLEMSON,10,7.7,8,76.4,46.2,6,13,0,1.8,1,0.32,30,140,1,84.7,80.7,80.3,61.1,79.6,0.0,0,0,64,0.4,1,285,0,50.0,55,94.4,269,93.0,265,119.6,72,4,6.7,19,611,320,5.8,11.1,2.27
Duane Thomas Jr.,175797,WR,UCF,12,6.3,9,73.6,14.3,1,7,0,0.0,0,0.0,18,323,0,92.5,77.9,69.0,71.6,69.0,1.0,3,3,41,0.7,2,307,1,46.1,53,95.1,292,86.6,266,76.6,72,0,10.4,32,528,354,6.7,10.0,1.81
Omari Kelly,157048,WR,MICH STATE,12,11.7,5,65.3,46.7,7,15,0,2.1,1,0.02,26,223,0,87.4,48.8,66.8,,67.7,0.0,0,0,75,0.0,0,426,0,44.7,47,94.6,403,18.5,79,102.0,72,2,81.5,347,626,208,4.4,13.3,1.55
Reed Harris,175339,WR,BOSTON COL,12,18.1,5,54.2,52.0,13,25,0,0.0,0,-0.08,28,121,0,90.8,73.3,65.6,66.3,66.2,0.4,2,3,57,0.4,2,499,3,43.8,39,95.6,477,26.5,132,92.0,72,5,72.9,364,673,208,5.3,17.3,1.41
Kenny Johnson,175419,WR,PITTSBURGH,12,10.0,10,66.7,36.4,4,11,0,7.7,4,0.11,30,268,0,63.9,83.6,72.5,,71.5,0.5,2,1,42,0.0,0,393,1,44.4,48,95.2,374,17.0,67,115.2,72,5,82.2,323,695,280,5.8,14.5,1.86
Nahzae Cox,198818,WR,MIDDLE TN,11,12.9,6,56.3,46.9,15,32,1,4.8,2,0.0,19,224,0,78.1,73.0,62.1,,63.2,0.0,0,1,43,0.0,0,383,3,43.4,40,95.6,366,3.9,15,94.4,71,5,96.1,368,473,131,3.3,11.8,1.29
Marcus Sanders Jr.,158361,WR,GA SOUTHRN,12,12.4,11,63.4,46.2,6,13,0,6.3,3,0.16,31,174,1,73.7,43.4,67.1,77.6,65.2,0.0,0,1,52,1.1,5,448,2,47.3,45,95.1,426,13.8,62,110.4,71,4,85.9,385,725,315,7.0,16.1,1.7
Cam Vaughn,170441,WR,W VIRGINIA,12,15.7,10,49.3,57.1,8,14,0,7.9,3,-0.15,21,343,1,68.0,39.1,66.7,,66.6,0.0,0,5,46,0.0,0,326,1,38.7,35,95.4,311,12.6,41,63.8,71,4,87.4,285,532,194,5.5,15.2,1.71
David Wells Jr.,176410,WR,OREGON ST,11,10.7,6,63.4,47.1,8,17,0,4.3,2,-0.1,21,265,1,80.0,24.3,62.5,62.1,64.3,0.0,0,1,56,0.3,1,346,1,43.2,45,96.0,332,21.4,74,95.5,71,4,78.6,272,472,206,4.6,10.5,1.42
Jeremiah Franklin,156225,TE,BOSTON COL,12,8.2,8,70.0,30.0,3,10,0,5.8,3,-0.01,26,121,1,75.4,45.4,65.7,64.5,64.4,47.4,201,1,30,18.6,79,424,0,45.9,49,78.5,333,38.4,163,93.6,70,2,11.3,48,497,162,3.3,10.1,1.49
Keshaun Singleton,175325,WR,USF,12,15.2,17,71.4,45.0,9,20,0,7.4,4,0.32,32,327,0,65.4,74.0,74.0,,75.4,0.8,3,2,66,0.0,0,365,4,52.8,50,94.0,343,10.1,37,139.9,70,8,87.9,321,881,304,6.1,17.6,2.57
Nitro Tuggle,184580,WR,PURDUE,12,14.0,10,48.6,53.8,7,13,0,17.1,7,-0.06,24,273,0,34.2,72.2,56.7,61.9,56.0,0.2,1,3,36,0.2,1,424,0,42.9,34,93.2,395,18.6,79,73.5,70,4,81.1,344,500,116,3.4,14.7,1.27
Marcel Williams,184707,WR,AKRON,12,11.7,5,62.9,30.4,7,23,0,8.3,4,-0.01,32,102,0,67.7,73.5,75.1,,75.9,0.0,0,1,46,0.0,0,319,2,40.1,44,94.7,302,15.7,50,96.0,70,2,84.3,269,638,193,4.4,14.5,2.11
Eli Heidenreich,162554,FB,NAVY,12,13.1,7,66.7,81.3,13,16,0,2.1,1,0.38,34,237,0,86.5,84.5,93.0,53.6,94.8,8.0,16,3,82,2.5,5,200,1,45.5,46,93.0,186,23.5,47,115.8,69,5,45.5,91,877,338,7.3,19.1,4.72
Mike Matthews,184887,WR,TENNESSEE,12,13.8,9,72.5,37.5,3,8,0,10.7,6,0.31,35,307,0,59.5,74.3,66.8,,67.9,0.0,0,1,62,0.0,0,426,1,53.2,50,92.7,395,5.6,24,122.3,69,4,94.4,402,770,341,6.8,15.4,1.95
Elijah Metcalf,145307,WR,SO MISS,12,9.4,12,75.4,62.5,5,8,0,3.7,2,0.05,27,296,0,83.1,82.6,70.8,,73.5,0.0,0,2,76,0.0,0,336,1,45.1,52,91.7,308,94.3,317,103.4,69,2,4.8,16,677,368,7.1,13.0,2.2
Gavin Freeman,158078,WR,OKLA STATE,12,4.6,11,76.8,55.6,5,9,0,7.0,4,-0.19,24,262,2,71.8,55.0,66.0,,66.1,0.0,0,3,33,0.0,0,277,3,39.0,53,96.0,266,93.9,260,96.3,69,4,5.4,15,481,363,6.8,9.1,1.81
Emmanuel Henderson Jr.,163595,WR,KANSAS,12,15.0,3,66.2,75.0,6,8,0,8.2,4,0.14,27,198,0,67.5,76.9,70.9,,70.8,0.3,1,1,93,0.0,0,344,1,49.1,45,96.5,332,32.0,110,122.5,68,5,67.2,231,766,314,7.0,17.0,2.31
Dallen Bentley,176648,TE,UTAH,12,10.8,9,61.8,23.1,3,13,1,0.0,0,0.31,27,328,1,91.2,41.7,73.0,62.0,78.2,56.6,188,1,44,13.3,44,332,3,49.7,42,82.5,274,30.4,101,103.4,68,5,10.5,35,514,220,5.2,12.2,1.88
Chris Durr Jr.,184950,WR,WYOMING,11,6.7,14,66.2,40.0,4,10,0,6.3,3,-0.12,18,351,0,73.6,73.9,67.9,,68.8,0.0,0,2,49,0.0,0,239,1,42.3,45,92.9,222,87.9,210,93.3,68,4,12.1,29,469,297,6.6,10.4,2.11
Jayce Brown,173093,WR,KANSAS ST,10,14.4,4,60.3,50.0,6,12,1,10.9,5,0.01,22,199,1,59.1,46.4,75.0,,72.4,0.0,0,0,78,0.0,0,250,1,42.0,41,97.2,243,70.4,176,120.5,68,5,28.8,72,712,208,5.1,17.4,2.93
Justin Joly,158620,TE,NC STATE,11,7.6,6,70.1,57.1,8,14,0,2.1,1,0.19,27,248,0,81.4,73.7,77.7,73.6,81.4,44.7,139,5,59,12.5,39,311,1,49.0,47,83.6,260,47.9,149,93.4,67,7,6.8,21,468,175,3.7,10.0,1.8
Darrell Gill Jr.,176036,WR,SYRACUSE,12,16.7,5,47.8,33.3,4,12,0,8.6,3,-0.18,23,304,1,66.6,35.4,58.7,,59.3,0.0,0,5,43,0.0,0,438,1,39.1,32,94.1,412,14.2,62,66.9,67,5,85.6,375,502,100,3.1,15.7,1.22
Cam Pickett,163093,WR,KANSAS,12,7.0,5,67.2,40.0,2,5,0,15.1,8,0.07,26,198,1,46.2,74.0,67.1,,67.8,0.0,0,5,38,0.0,0,246,1,47.0,45,95.1,234,83.3,205,71.5,67,3,13.8,34,476,286,6.4,10.6,2.03
Tony Freeman,184219,WR,WASH STATE,12,7.4,11,76.1,45.5,5,11,0,3.8,2,-0.02,29,341,1,76.7,68.8,77.7,64.5,79.0,2.7,7,1,48,0.4,1,263,2,41.4,51,94.3,248,79.8,210,108.9,67,3,17.1,45,557,298,5.8,10.9,2.25
Cyrus Allen,156582,WR,CINCINNATI,12,11.0,8,70.1,20.0,1,5,0,2.1,1,0.24,28,138,1,87.1,49.0,74.4,62.1,75.6,0.0,0,4,88,0.4,1,278,0,47.1,47,93.9,261,92.8,258,115.8,67,11,7.2,20,652,262,5.6,13.9,2.5
Jordan Napier,175759,WR,S DIEGO ST,10,8.5,10,71.2,44.4,4,9,0,7.8,4,-0.03,29,284,0,63.8,71.8,77.4,,83.5,0.5,1,2,80,0.0,0,199,1,41.9,47,93.0,185,79.4,158,98.3,66,2,19.1,38,624,315,6.7,13.3,3.37
Dominique Henry,163249,WR,FAU,12,13.8,12,60.6,61.5,8,13,0,2.4,1,0.08,25,165,1,85.2,42.1,61.2,64.1,62.1,0.0,0,4,90,0.2,1,495,0,46.6,40,93.9,465,5.7,28,83.3,66,4,93.9,465,567,216,5.4,14.2,1.22
Romello Brinson,143936,WR,SMU,12,10.4,11,65.2,37.5,3,8,0,10.4,5,0.13,25,287,1,61.2,42.4,59.0,61.0,60.9,0.2,1,1,75,0.2,1,410,7,46.3,43,94.4,387,12.0,49,105.4,66,3,87.8,360,636,315,7.3,14.8,1.64
Donaven McCulley,144829,WR,MICHIGAN,12,13.7,6,53.8,58.3,7,12,0,5.4,2,0.07,28,222,0,75.2,73.1,68.2,,69.3,0.0,0,3,44,0.0,0,337,1,46.7,35,95.5,322,8.6,29,77.3,65,3,91.4,308,534,171,4.9,15.3,1.66
TK King,157338,WR,NEW MEX ST,8,14.0,2,63.1,47.1,8,17,0,6.8,3,-0.07,27,242,0,71.7,80.5,73.0,,74.4,0.0,0,3,64,0.0,0,264,1,43.2,41,94.7,250,20.1,53,88.9,65,3,79.2,209,594,123,3.0,14.5,2.38
Elijah Sarratt,159499,WR,INDIANA,10,9.6,9,72.3,35.0,7,20,0,6.0,3,0.43,37,190,0,74.6,73.5,85.0,,85.4,0.0,0,1,49,0.0,0,258,0,60.5,47,94.2,243,13.6,35,136.8,65,11,86.4,223,644,271,5.8,13.7,2.65
Le'Meke Brockington,144969,WR,MINNESOTA,12,9.2,5,70.8,61.5,8,13,0,0.0,0,-0.1,25,225,0,91.7,74.3,71.3,61.9,71.7,0.6,2,1,24,0.3,1,327,0,38.7,46,94.5,309,40.4,132,106.2,65,4,58.4,191,484,161,3.5,10.5,1.57
Yamir Knight,172250,WR,SMU,12,7.9,10,73.8,57.1,4,7,0,4.0,2,0.13,23,287,0,81.2,85.3,71.0,,73.0,0.0,0,1,61,0.0,0,290,1,44.0,48,94.8,275,88.6,257,117.1,65,5,11.4,33,534,324,6.8,11.1,1.94
Dorian Fleming,172225,TE,MARYLAND,12,4.7,8,63.1,66.7,8,12,0,12.8,6,-0.03,20,215,0,53.0,73.0,52.3,60.9,56.9,57.1,228,0,48,15.3,61,399,3,42.5,41,82.7,330,34.6,138,93.0,65,3,5.5,22,358,241,5.9,8.7,1.08
Ja'Cory Thomas,199065,WR,DOMINION,11,16.1,10,57.8,52.9,9,17,0,7.5,3,0.21,29,263,1,62.5,38.4,75.1,,74.7,0.4,1,3,55,0.0,0,278,1,48.7,37,93.9,261,8.3,23,100.5,64,5,91.4,254,672,230,6.2,18.2,2.57
Brandon White,163781,WR,HAWAII,11,14.3,9,57.8,22.2,2,9,2,7.5,3,0.01,12,180,0,69.9,74.3,60.7,,59.3,0.0,0,3,46,0.0,0,318,4,42.1,37,95.0,302,9.4,30,60.8,64,1,90.6,288,382,145,3.9,10.3,1.26
Nyziah Hunter,176556,WR,NEBRASKA,12,10.7,10,67.2,33.3,3,9,1,6.5,3,0.1,26,238,0,72.6,73.5,69.0,63.6,67.3,0.0,0,1,64,0.3,1,347,3,48.1,43,96.3,334,5.2,18,117.8,64,5,94.8,329,617,337,7.8,14.3,1.85
Ryan Coleman-Williams,191142,WR,ALABAMA,12,11.8,8,64.1,50.0,4,8,0,18.0,9,0.11,25,103,0,36.0,43.6,66.3,,66.1,0.6,2,1,75,0.0,0,322,0,46.6,41,95.3,307,54.7,176,109.0,64,4,44.1,142,603,250,6.1,14.7,1.96
Gavin Harris,177032,TE,NEW MEX ST,12,9.9,4,57.8,47.1,8,17,0,9.8,4,-0.12,25,242,0,62.5,72.6,62.0,54.2,63.9,34.5,178,0,35,14.7,76,516,1,40.3,37,79.8,412,55.6,287,90.7,64,1,0.8,4,541,197,5.3,14.6,1.31
Kendrick Law,157004,WR,KENTUCKY,12,3.4,14,82.8,100.0,2,2,1,1.9,1,-0.05,22,202,0,89.2,79.5,71.6,63.9,73.0,0.6,2,3,71,0.3,1,313,4,42.7,53,93.6,293,77.3,242,97.9,64,3,19.8,62,540,505,9.5,10.2,1.84
Junior Sherrill,172627,WR,VANDERBILT,12,10.6,8,71.9,50.0,6,12,2,8.0,4,0.44,33,333,1,69.8,47.5,71.9,,72.1,0.0,0,1,40,0.0,0,367,4,58.0,46,94.0,345,9.3,34,134.4,64,7,90.7,333,652,266,5.8,14.2,1.89
Carlos Hernandez,174167,WR,WAKE,12,9.3,3,53.1,33.3,1,3,0,12.8,5,0.18,17,339,0,54.1,83.3,59.0,,64.8,0.0,0,3,93,0.0,0,259,6,45.1,34,95.0,246,49.8,129,77.5,64,3,50.2,130,538,351,10.3,15.8,2.19
Cam Ross,97105,WR,VIRGINIA,11,7.9,5,67.2,57.1,4,7,0,8.5,4,0.19,20,335,0,67.0,84.7,68.6,,69.3,3.1,8,1,46,0.0,0,258,1,50.0,43,96.9,250,84.9,219,91.9,64,2,11.6,30,459,217,5.0,10.7,1.84
Colin Chase,165302,WR,TEMPLE,12,10.1,3,63.5,33.3,4,12,0,2.4,1,0.17,26,306,1,84.7,56.1,64.9,,64.3,1.8,7,0,42,0.0,0,388,1,45.9,40,96.6,375,26.0,101,103.5,63,4,71.6,278,414,186,4.7,10.4,1.1
DeJuan Williams,183534,HB,MARYLAND,12,0.9,8,71.4,100.0,1,1,0,11.8,6,0.04,18,215,1,56.1,78.9,68.9,45.0,60.3,0.0,0,0,55,23.3,84,360,1,43.3,45,75.6,272,5.6,20,95.1,63,1,8.9,32,426,432,9.6,9.5,1.57
DeAree Rogers,199830,WR,N ILLINOIS,12,8.0,10,73.0,71.4,10,14,0,0.0,0,-0.26,25,254,0,91.7,82.2,77.3,,76.8,0.0,0,2,50,0.0,0,277,1,35.9,46,94.6,262,81.6,226,99.0,63,3,18.4,51,506,292,6.3,11.0,1.93
Ayden Greene,174784,WR,VA TECH,11,16.7,4,49.2,26.7,4,15,0,3.1,1,-0.09,20,337,0,81.4,72.0,63.2,,66.2,0.0,0,3,67,0.0,0,344,1,40.6,31,94.5,325,3.5,12,73.3,63,3,96.5,332,517,138,4.5,16.7,1.59
Shelton Sampson Jr.,172494,WR,LA LAFAYET,9,18.5,1,46.0,47.1,8,17,0,9.4,3,-0.04,19,207,0,65.1,71.9,71.1,61.9,72.6,0.0,0,1,45,0.4,1,246,1,39.3,29,90.7,223,15.4,38,93.0,63,5,84.6,208,495,76,2.6,17.1,2.22
Jordan Faison,171081,WR,NOTRE DAME,12,9.3,19,77.8,50.0,5,10,0,3.9,2,0.48,36,258,0,81.4,83.3,75.7,64.6,77.0,1.0,3,1,54,0.3,1,300,1,56.1,49,93.0,279,10.3,31,123.5,63,4,88.0,264,640,269,5.5,13.1,2.29
Aaron Turner,147371,WR,RICE,12,2.2,16,84.1,100.0,4,4,2,1.9,1,-0.11,22,275,0,89.1,66.2,72.4,41.3,76.8,17.7,38,1,55,5.6,12,215,4,39.1,53,91.2,196,55.8,120,101.4,63,3,25.6,55,385,409,7.7,7.3,1.96
Brandon Hawkins Jr.,131439,WR,UAB,12,10.6,8,66.7,57.1,4,7,0,6.7,3,0.15,25,321,0,72.6,73.5,66.6,54.4,69.2,0.0,0,4,68,0.3,1,332,3,47.6,42,95.2,316,38.0,126,93.6,63,5,62.0,206,544,218,5.2,13.0,1.72
Grady O'Neill,170328,WR,SM HOUSTON,11,7.8,4,61.3,33.3,3,9,0,11.6,5,-0.29,21,281,0,59.2,73.5,63.3,,64.2,0.0,0,2,29,0.0,0,301,1,36.8,38,94.7,285,99.3,299,71.4,62,1,0.0,0,392,128,3.4,10.3,1.38
Malachi Fields,151069,WR,NOTRE DAME,12,16.4,6,58.1,47.8,11,23,0,2.7,1,0.35,27,258,1,84.2,38.8,75.8,66.6,76.2,1.3,4,1,66,0.6,2,309,1,54.2,36,92.6,286,9.7,30,113.0,62,5,88.7,274,630,192,5.3,17.5,2.2
Cole Weaver,171295,WR,MIAMI OH,12,13.4,4,64.5,52.9,9,17,0,2.4,1,0.03,28,221,0,84.5,72.9,70.0,,70.8,0.0,0,1,33,0.0,0,342,3,44.6,40,95.6,327,19.0,65,85.0,62,0,81.0,277,534,97,2.4,13.4,1.63
Jahmal Edrine,145196,WR,VIRGINIA,12,11.0,7,62.9,41.2,7,17,1,2.5,1,0.18,25,335,0,84.7,72.9,67.0,62.1,66.9,0.0,0,2,37,0.3,1,370,4,49.0,39,96.2,356,5.1,19,79.0,62,1,94.9,351,484,134,3.4,12.4,1.36
Israel Polk,170122,WR,AKRON,12,13.9,1,53.2,36.4,4,11,0,17.5,7,0.0,25,102,1,39.0,35.4,62.9,,62.5,0.0,0,1,75,0.0,0,351,1,40.0,33,94.0,330,13.1,46,114.6,62,8,86.9,305,525,127,3.8,15.9,1.59
Anthony Brown-Stephens,175138,WR,TULANE,13,12.3,7,64.5,66.7,4,6,0,9.1,4,0.19,27,319,1,66.6,52.5,66.8,,67.7,0.0,0,0,54,0.0,0,287,3,49.6,40,94.8,272,30.0,86,100.3,62,2,69.7,200,501,172,4.3,12.5,1.84
Brock Spalding,157443,WR,E CAROLINA,12,10.0,4,66.1,45.5,5,11,0,4.7,2,0.3,24,156,1,84.9,44.0,71.7,,71.7,0.4,1,1,55,0.0,0,274,1,53.7,41,94.5,259,76.6,210,103.8,62,3,21.5,59,554,215,5.2,13.5,2.14
Carl Chester,162627,WR,SO MISS,12,17.6,0,49.2,50.0,11,22,0,3.2,1,0.16,22,296,0,80.5,72.0,63.8,,62.5,0.0,0,4,52,0.0,0,390,1,46.7,30,92.8,362,11.0,43,86.2,61,6,89.0,347,551,109,3.6,18.4,1.52
Zion Booker,177939,WR,TULSA,8,4.9,9,75.4,60.0,3,5,0,6.1,3,0.09,20,320,0,74.1,63.8,68.3,63.9,68.0,0.0,0,1,40,0.4,1,256,1,44.4,46,92.6,237,91.8,235,97.6,61,2,8.2,21,418,258,5.6,9.1,1.76
Raylen Sharpe,144255,WR,ARKANSAS,12,9.1,7,67.2,53.8,7,13,0,4.7,2,0.09,23,111,1,79.4,26.9,67.5,,67.0,0.3,1,2,58,0.0,0,338,0,47.2,41,93.5,316,92.9,314,101.3,61,3,6.8,23,592,258,6.3,14.4,1.87
Deuce Alexander,176077,WR,OLE MISS,13,11.9,8,67.2,66.7,10,15,1,4.7,2,0.28,24,226,0,78.1,77.3,75.2,,75.6,0.0,0,1,88,0.0,0,285,2,55.4,41,94.7,270,12.6,36,107.5,61,2,87.4,249,664,266,6.5,16.2,2.46
Terrance Carter Jr.,156742,TE,TEXAS TECH,11,6.5,21,71.7,50.0,6,12,0,8.5,4,0.24,24,315,0,66.6,73.8,81.9,63.9,82.2,35.4,102,2,50,13.2,38,288,3,47.3,43,84.0,242,51.4,148,112.5,60,5,10.1,29,530,319,7.4,12.3,2.19
Jekail Middlebrook,170487,HB,MIDDLE TN,11,3.2,5,66.7,12.5,1,8,0,4.8,2,-0.03,19,224,0,78.1,75.3,79.1,59.8,64.4,0.0,0,1,48,14.4,59,409,2,42.1,40,80.9,331,11.2,46,96.0,60,3,6.4,26,412,314,7.9,10.3,1.24
Tre' Brown,199057,WR,DOMINION,12,16.7,3,61.7,70.0,7,10,0,5.1,2,0.2,26,263,0,76.3,72.6,72.3,,76.0,0.0,0,2,98,0.0,0,285,6,48.1,37,94.0,268,7.0,20,113.9,60,4,93.0,265,751,218,5.9,20.3,2.8
Keelan Marion,147370,WR,MIAMI FL,13,9.5,9,73.3,36.4,4,11,0,8.3,4,0.29,28,220,0,67.5,76.4,69.3,,69.4,0.0,0,1,61,0.0,0,301,2,55.2,44,95.7,288,5.6,17,102.8,60,1,94.4,284,590,277,6.3,13.4,2.05
RaRa Thomas,146850,WR,TROY,12,13.3,4,54.2,61.5,8,13,0,13.5,5,-0.05,21,318,1,52.5,38.5,68.9,,71.9,0.8,2,2,75,0.0,0,251,1,39.0,32,97.6,245,12.4,31,95.5,59,5,86.9,218,483,162,5.1,15.1,1.97
Tre Richardson,200360,WR,VANDERBILT,12,14.6,7,67.8,25.0,2,8,0,7.0,3,0.4,24,333,0,70.9,77.0,75.1,,73.0,0.0,0,3,71,0.0,0,317,1,56.2,40,94.3,299,28.4,90,119.2,59,6,71.3,226,679,347,8.7,17.0,2.27
DJ Epps,163572,WR,TROY,12,9.9,4,69.5,58.3,7,12,0,2.4,1,-0.01,20,318,0,85.5,56.4,71.4,,70.0,0.0,0,4,48,0.0,0,313,1,42.4,41,96.5,302,16.3,51,91.3,59,5,83.7,262,444,187,4.6,10.8,1.47
Trebor Pena,123051,WR,PENN STATE,12,6.2,7,74.6,20.0,2,10,0,6.4,3,0.07,28,266,1,73.7,58.7,73.6,61.9,70.4,2.2,6,0,43,0.4,1,267,1,46.4,44,97.4,260,55.1,147,101.8,59,1,42.7,114,452,243,5.5,10.3,1.74
Terrill Davis,200355,WR,OKLA STATE,12,13.4,5,49.2,36.8,7,19,0,9.4,3,-0.2,18,262,0,64.3,71.7,62.1,89.7,60.4,0.0,0,1,41,0.6,2,346,1,38.8,29,94.8,328,13.6,47,62.3,59,0,85.8,297,373,144,5.0,12.9,1.14
Drayden Dickmann,173233,WR,RICE,12,8.9,5,62.7,41.7,5,12,1,5.1,2,-0.1,17,275,1,76.7,29.9,61.5,50.9,69.8,19.8,43,2,46,0.9,2,217,1,40.8,37,96.3,209,35.0,76,79.8,59,3,44.7,97,320,176,4.8,8.6,1.53
Wayne Harris,184076,WR,KENT STATE,12,9.8,10,61.0,25.0,2,8,1,5.3,2,-0.02,18,201,0,75.8,82.4,66.7,,69.5,0.0,0,0,42,0.0,0,267,1,37.4,36,96.3,257,79.8,213,86.2,59,1,19.9,53,391,142,3.9,10.9,1.52
David Amador II,174085,WR,UTSA,11,5.7,12,78.0,83.3,10,12,0,6.1,3,0.04,24,331,0,68.8,61.4,71.4,,71.4,0.7,2,1,45,0.0,0,295,1,47.6,46,91.5,270,63.1,186,113.7,59,4,35.9,106,446,265,5.8,9.7,1.65
Chase Sowell,157700,WR,IOWA STATE,12,14.2,12,54.2,63.6,7,11,0,15.8,6,0.03,23,193,0,44.5,72.0,65.6,62.1,66.5,0.0,0,2,52,0.4,1,280,5,44.5,32,94.3,264,35.7,100,79.8,59,2,64.3,180,501,139,4.3,15.7,1.9
Moussa Barry,166787,WR,W KENTUCKY,12,15.1,5,55.9,26.7,4,15,0,8.3,3,-0.06,18,346,2,67.1,21.8,59.7,,58.0,0.0,0,1,48,0.0,0,325,0,46.1,33,95.4,310,11.1,36,80.5,59,1,88.9,289,471,129,3.9,14.3,1.52
Dylan Wade,170208,TE,UCF,11,7.7,3,72.9,50.0,2,4,0,2.3,1,-0.02,23,323,0,85.5,73.2,68.5,49.4,78.0,54.1,152,1,83,10.3,29,281,3,45.1,43,87.5,246,36.7,103,120.9,59,5,7.5,21,523,323,7.5,12.2,2.13
Dane Key,157100,WR,NEBRASKA,12,12.4,5,59.3,53.8,7,13,0,7.9,3,0.17,24,238,0,68.7,72.6,66.0,,65.0,0.0,0,1,40,0.0,0,329,1,49.4,35,96.7,318,36.5,120,102.6,59,5,63.5,209,424,120,3.4,12.1,1.33
Miles Coleman,190604,WR,N TEXAS,10,8.3,6,69.0,66.7,2,3,0,7.0,3,0.22,22,251,0,71.5,80.2,76.6,,79.3,0.5,1,1,54,0.0,0,193,1,49.2,40,93.8,181,94.8,183,87.8,58,1,3.1,6,413,212,5.3,10.3,2.28
Vernell Brown III,200125,WR,FLORIDA,10,8.6,7,69.0,66.7,4,6,0,14.9,7,-0.19,22,163,1,46.4,63.9,65.1,,64.7,0.4,1,3,60,0.0,0,258,1,42.9,40,95.7,247,57.8,149,74.7,58,0,40.7,105,511,277,6.9,12.8,2.07
Christian Moss,144095,WR,KENNESAW,12,12.9,6,63.8,33.3,3,9,1,11.9,5,0.19,25,200,0,55.8,72.6,64.4,62.1,65.4,0.0,0,2,70,0.3,1,365,4,45.1,37,93.7,342,11.0,40,94.5,58,2,88.8,324,587,199,5.4,15.9,1.72
Dash Luke,155552,WR,MO STATE,11,10.8,2,62.1,53.8,7,13,0,5.3,2,0.08,23,230,0,76.2,82.7,68.3,74.2,69.5,0.3,1,4,44,0.6,2,352,3,45.2,36,93.2,328,93.5,329,76.1,58,3,5.7,20,471,174,4.8,13.1,1.44
Garrett Oakley,157772,TE,KANSAS ST,11,6.2,2,65.5,75.0,6,8,0,13.6,6,0.08,21,199,1,52.2,39.5,72.2,52.6,73.4,40.1,109,2,35,11.0,30,272,1,46.0,38,85.7,233,50.0,136,104.7,58,6,6.6,18,389,215,5.7,10.2,1.67
Joshua Long,204851,TE,E MICHIGAN,12,7.3,4,63.8,45.5,5,11,0,5.1,2,0.08,19,160,0,78.2,73.0,61.6,70.0,63.1,30.0,121,1,27,11.2,45,403,0,45.3,37,83.4,336,68.2,275,90.9,58,3,1.2,5,357,151,4.1,9.6,1.06
Nick Devereaux,157469,WR,E MICHIGAN,12,15.0,7,60.3,42.9,6,14,0,7.9,3,0.06,23,160,0,68.0,72.3,67.0,,67.5,0.0,0,3,45,0.0,0,334,1,44.3,35,92.5,309,5.4,18,107.0,58,7,94.6,316,510,104,3.0,14.6,1.65
Malik McClain,143886,WR,ARIZONA ST,12,15.5,3,37.9,33.3,5,15,1,21.4,6,0.03,15,110,0,32.4,70.7,50.9,63.9,51.4,0.0,0,2,36,0.2,1,449,5,42.5,22,94.2,423,8.2,37,46.5,58,0,91.5,411,378,116,5.3,17.2,0.89
Dezmen Roebuck,199530,WR,WASHINGTON,12,11.5,8,70.7,42.9,3,7,0,2.4,1,0.27,29,340,0,85.5,54.7,71.0,73.1,72.1,0.0,0,3,59,0.9,3,343,1,54.1,41,96.2,330,26.8,92,113.7,58,6,73.2,251,554,238,5.8,13.5,1.68
Dalton Stroman,147022,WR,APP STATE,12,16.1,3,55.2,47.4,9,19,0,15.8,6,-0.03,25,108,1,46.8,36.1,62.3,,63.1,0.0,0,1,72,0.0,0,389,1,42.9,32,95.4,371,8.0,31,105.0,58,4,92.0,358,572,159,5.0,17.9,1.54
Javon Tracy,158028,WR,MINNESOTA,12,12.4,12,60.3,33.3,6,18,0,5.4,2,0.03,18,225,0,75.1,72.7,70.0,,68.3,0.3,1,0,45,0.0,0,310,1,42.0,35,94.5,293,16.5,51,118.4,58,6,83.2,258,439,164,4.7,12.5,1.5
Tommy Maher,191062,WR,COLO STATE,12,8.9,5,56.1,36.4,4,11,0,11.1,4,-0.13,20,144,0,59.4,48.6,54.4,,57.7,0.0,0,5,35,0.0,0,367,0,40.7,32,95.1,349,91.6,336,38.5,57,0,8.2,30,358,135,4.2,11.2,1.03
Tailique Williams,123867,WR,W MICHIGAN,12,9.5,17,61.4,20.0,1,5,0,2.8,1,-0.12,15,347,0,82.7,75.6,69.4,,68.9,0.0,0,2,71,0.0,0,216,0,38.2,35,94.4,204,85.6,185,85.3,57,2,13.0,28,478,257,7.3,13.7,2.34
Cam'ron Lacy,170486,WR,MIDDLE TN,12,11.2,15,66.7,83.3,5,6,0,11.6,5,0.05,21,224,1,57.4,44.1,73.4,,73.6,0.4,1,1,68,0.0,0,227,2,42.4,38,92.5,210,93.4,212,108.0,57,3,6.2,14,549,265,7.0,14.4,2.61
Kyan Mason,190975,WR,AKRON,12,12.4,6,61.4,52.6,10,19,1,14.6,6,0.13,21,102,0,48.5,72.6,73.6,,75.2,0.0,0,1,62,0.0,0,198,1,43.5,35,96.5,191,97.0,192,111.8,57,5,3.0,6,501,167,4.8,14.3,2.62
Jyrin Johnson,141965,TE,BOWL GREEN,12,6.6,8,64.9,61.5,8,13,0,7.5,3,-0.05,23,122,0,69.1,72.6,67.9,71.3,69.8,28.3,79,1,38,1.8,5,279,2,41.3,37,94.6,264,55.6,155,94.6,57,2,16.1,45,466,271,7.3,12.6,1.77
Kobe Paysour,143974,WR,N CAROLINA,12,12.9,10,63.2,40.0,4,10,0,0.0,0,-0.04,22,245,1,90.8,31.8,65.9,,68.1,0.3,1,0,44,0.0,0,332,1,44.3,36,92.5,307,15.4,51,92.9,57,1,84.3,280,443,162,4.5,12.3,1.44
Yannick Smith,190425,WR,E CAROLINA,11,10.8,3,77.2,64.7,11,17,0,4.3,2,0.27,30,156,0,73.1,73.3,66.3,,66.6,0.3,1,0,59,0.0,0,356,3,51.2,44,93.8,334,5.1,18,138.3,57,5,94.7,337,583,155,3.5,13.3,1.75
Chris Barnes,190363,WR,WAKE,11,7.4,5,70.2,20.0,1,5,1,2.4,1,-0.01,17,339,1,85.2,30.5,76.9,,78.2,0.0,0,2,70,0.0,0,203,1,41.9,40,94.1,191,72.4,147,103.8,57,3,26.6,54,552,352,8.8,13.8,2.89
Eric Rivers,144279,WR,GA TECH,12,12.8,7,71.9,50.0,3,6,0,4.7,2,0.25,27,176,0,78.5,80.7,72.8,,72.2,0.0,0,1,68,0.0,0,293,1,53.2,41,96.2,282,27.0,79,100.5,57,1,73.0,214,547,208,5.1,13.3,1.94
Jaren Kanak,158070,TE,OKLAHOMA,13,7.5,8,77.2,60.0,3,5,3,2.2,1,-0.02,21,261,1,85.9,42.4,64.1,61.1,71.2,41.0,151,2,48,12.5,46,368,6,44.9,44,83.2,306,44.6,164,90.5,57,0,9.2,34,530,270,6.1,12.0,1.73
De'Zhaun Stribling,146508,WR,OLE MISS,13,8.3,10,75.4,46.2,6,13,1,2.3,1,0.29,26,226,0,85.9,73.3,74.7,61.0,73.4,0.9,3,0,75,0.3,1,338,3,55.2,43,92.9,314,16.3,55,144.8,57,6,82.5,279,612,335,7.8,14.2,1.95
Coy Eakin,157337,WR,TEXAS TECH,12,7.0,12,77.2,55.6,5,9,0,12.0,6,0.21,22,315,0,55.6,82.4,67.4,67.1,66.9,1.4,5,2,42,0.8,3,353,1,48.2,44,95.2,336,92.4,326,116.1,57,4,5.9,21,560,273,6.2,12.7,1.67
Ronnel Johnson,178430,WR,MO STATE,12,12.3,5,56.1,15.4,2,13,0,11.1,4,0.13,20,230,3,58.3,15.9,58.7,61.9,59.2,0.0,0,2,35,0.3,1,311,1,44.5,32,96.5,300,63.3,197,78.0,57,2,36.7,114,438,111,3.5,13.7,1.46
Caden High,196883,WR,STANFORD,12,8.9,9,66.1,25.0,1,4,0,0.0,0,-0.12,18,300,0,90.7,76.5,68.1,,69.8,1.1,3,1,34,0.0,0,269,3,40.9,37,95.5,257,88.5,238,86.5,56,1,10.4,28,414,169,4.6,11.2,1.61
Jacory Barney Jr.,183547,WR,NEBRASKA,12,7.7,6,76.8,50.0,2,4,0,6.5,3,0.1,23,238,1,73.2,50.3,68.8,,68.0,0.3,1,1,52,0.0,0,296,0,47.2,43,96.6,286,88.2,261,116.9,56,4,11.5,34,463,217,5.0,10.8,1.62
Anthony Eager,172306,WR,S ALABAMA,12,3.0,9,73.2,33.3,2,6,0,6.8,3,0.0,18,288,1,73.6,45.1,63.4,,62.6,0.0,0,2,48,0.0,0,293,0,43.7,41,89.8,263,63.1,185,79.6,56,1,35.8,105,342,336,8.2,8.3,1.3
Chris Reed,158502,WR,SM HOUSTON,12,15.4,3,53.6,53.3,8,15,0,11.8,4,-0.3,18,281,0,57.4,71.9,64.0,62.1,64.1,0.0,0,2,54,0.4,1,257,1,35.1,30,93.8,241,1.6,4,95.2,56,5,98.4,253,451,142,4.7,15.0,1.87
Kajiya Hollawayne,146386,WR,TEMPLE,12,11.3,1,69.6,63.6,7,11,0,4.9,2,0.16,25,306,1,77.3,39.5,63.1,,63.4,0.0,0,0,46,0.0,0,355,3,46.4,39,96.6,343,5.9,21,132.4,56,6,93.8,333,491,70,1.8,12.6,1.43
Zavion Thomas,163697,WR,LSU,12,7.7,7,71.4,40.0,4,10,0,4.8,2,0.05,22,211,0,78.5,71.5,66.3,66.8,68.3,0.0,0,1,62,0.6,2,329,2,44.3,40,91.8,302,19.8,65,113.5,56,4,78.4,258,478,259,6.5,12.0,1.58
Joseph Manjack IV,146413,WR,TCU,11,7.8,15,73.2,55.6,5,9,0,8.9,4,0.27,28,305,3,65.1,27.1,70.5,,74.3,0.8,2,0,51,0.0,0,245,3,54.5,41,94.3,231,81.6,200,121.8,56,3,17.6,43,549,286,7.0,13.4,2.38
Javin Whatley,149832,WR,ARIZONA,12,11.5,9,69.1,33.3,2,6,0,7.3,3,0.05,16,109,0,70.0,75.9,65.6,,66.9,0.4,1,1,85,0.0,0,256,1,44.4,38,93.8,240,93.4,239,109.9,55,4,5.1,13,443,216,5.7,11.7,1.85
Dan Villari,129602,TE,SYRACUSE,12,6.9,4,70.9,62.5,5,8,3,0.0,0,-0.18,17,304,0,91.0,77.7,63.1,55.2,63.6,39.4,192,3,35,20.9,102,487,6,38.8,39,74.5,363,56.9,277,69.2,55,0,2.1,10,406,169,4.3,10.4,1.12
Joseph Williams,190753,WR,COLORADO,10,11.0,4,67.3,27.3,3,11,0,2.6,1,-0.05,23,143,1,83.4,37.9,67.7,66.8,70.1,4.5,14,2,47,0.3,1,311,5,40.7,37,95.8,298,70.7,220,104.3,55,4,24.8,77,489,157,4.2,13.2,1.64
Jeff Caldwell,154188,WR,CINCINNATI,12,14.8,11,58.2,38.5,5,13,0,8.6,3,0.26,25,138,0,65.7,72.0,72.2,,73.3,0.0,0,0,40,0.0,0,214,1,48.0,32,95.3,204,7.9,17,123.1,55,6,92.1,197,478,119,3.7,14.9,2.34
Jmariyae Robinson,164812,WR,MO STATE,11,10.7,14,72.7,57.1,8,14,0,9.1,4,0.04,22,230,0,65.9,75.4,65.4,,69.7,0.0,0,1,52,0.0,0,367,5,43.4,40,92.6,340,57.8,212,132.1,55,6,42.2,155,536,196,4.9,13.4,1.58
Shazz Preston,163610,WR,TULANE,13,11.3,5,76.4,77.8,7,9,0,6.7,3,0.28,28,319,0,72.0,73.2,71.9,,73.4,0.0,0,0,69,0.0,0,303,1,50.0,42,95.0,288,8.6,26,142.0,55,4,91.4,277,719,261,6.2,17.1,2.5
Emmett Johnson,156473,HB,NEBRASKA,12,1.0,21,85.2,50.0,2,4,0,2.1,1,0.09,16,238,0,86.5,88.6,85.6,42.6,68.5,0.0,0,0,56,13.8,48,349,1,46.9,46,83.4,291,12.6,44,113.7,54,3,5.4,19,370,349,7.6,8.0,1.27
Kenyon Sadiq,174132,TE,OREGON,12,9.2,8,77.8,55.6,5,9,0,12.5,6,0.29,26,264,1,54.1,43.6,74.4,76.2,72.1,30.1,98,0,30,12.6,41,326,2,51.6,42,83.1,271,55.5,181,145.5,54,8,11.7,38,509,214,5.1,12.1,1.88
Max Klare,162884,TE,OHIO STATE,12,7.1,5,77.4,66.7,4,6,0,4.7,2,0.44,21,260,1,78.1,40.2,72.3,49.2,69.8,42.3,115,2,39,7.0,19,272,1,61.7,41,90.1,245,41.2,112,96.4,53,2,14.0,38,420,201,4.9,10.2,1.71
JoJo Bermudez,164134,WR,TEMPLE,12,10.5,7,71.7,62.5,5,8,0,7.3,3,0.11,26,306,1,70.5,60.0,68.5,,70.0,0.7,2,1,38,0.0,0,302,0,46.0,38,96.4,291,86.8,262,118.4,53,4,12.3,37,500,173,4.6,13.2,1.72
Carnell Tate,170273,WR,OHIO STATE,9,14.8,6,83.0,85.7,12,14,0,0.0,0,0.57,29,260,0,91.4,73.7,90.3,,90.2,0.9,2,1,57,0.0,0,232,0,64.0,44,97.0,225,9.9,23,150.5,53,8,89.2,207,793,198,4.5,18.0,3.52
Hayden Eligon II,183694,WR,NWESTERN,11,13.8,1,64.2,63.2,12,19,0,2.9,1,0.07,23,256,0,76.3,72.6,74.6,62.1,74.0,0.0,0,1,38,0.4,1,282,2,44.6,34,91.8,259,9.9,28,104.0,53,3,90.1,254,476,100,2.9,14.0,1.84
Andrew Marsh,198804,WR,MICHIGAN,12,11.2,3,79.2,54.5,6,11,0,0.0,0,0.06,28,222,0,91.3,33.5,79.1,,81.5,0.0,0,1,69,0.0,0,247,3,47.5,42,95.5,236,36.4,90,128.1,53,3,63.2,156,641,253,6.0,15.3,2.72
Isaiah Horton,162735,WR,ALABAMA,13,11.6,3,73.6,50.0,5,10,0,7.1,3,0.28,26,103,0,70.9,72.9,66.3,,67.9,1.0,3,2,37,0.0,0,304,2,52.7,39,96.7,294,11.5,35,125.2,53,8,87.2,265,483,89,2.3,12.4,1.64
Taz Reddicks,173734,WR,OREGON ST,10,10.3,9,56.6,50.0,7,14,0,11.8,4,-0.13,19,265,0,50.2,72.3,66.6,,69.5,0.5,1,1,37,0.0,0,213,0,42.9,30,95.3,203,79.8,170,72.1,53,0,19.2,41,391,169,5.6,13.0,1.93
Sean Brown,111094,WR,CHARLOTTE,12,15.8,2,69.2,55.6,5,9,0,2.7,1,-0.16,22,136,0,83.4,72.6,78.0,,78.3,0.0,0,1,46,0.0,0,236,1,40.2,36,97.0,229,9.3,22,98.9,52,1,90.7,214,508,83,2.3,14.1,2.22
Jackson Canaan,128321,TE,S JOSE ST,12,7.5,5,63.5,28.6,2,7,0,10.8,4,-0.12,18,285,0,59.4,72.1,51.9,72.2,53.1,15.8,58,3,44,5.2,19,367,0,41.5,33,89.4,328,81.5,299,56.2,52,0,2.5,9,315,89,2.7,9.5,0.96
Terrell Anderson,183348,WR,NC STATE,12,10.6,9,73.1,57.1,4,7,0,9.5,4,0.3,27,248,0,63.9,79.0,74.3,61.9,76.0,0.0,0,0,75,0.4,1,272,1,50.4,38,95.2,259,23.9,65,145.8,52,5,76.1,207,633,241,6.3,16.7,2.44
Hudson Clement,173172,WR,ILLINOIS,12,11.4,1,63.5,36.4,4,11,0,5.7,2,0.27,25,187,1,74.5,35.9,68.5,60.9,68.4,0.0,0,0,27,0.4,1,273,0,51.0,33,94.5,258,34.1,93,106.7,52,3,65.9,180,406,106,3.2,12.3,1.57
Cade Harris,157896,WR,AIR FORCE,12,11.6,3,67.3,83.3,5,6,0,2.8,1,0.28,21,101,0,82.7,87.3,74.5,68.5,86.3,27.5,47,2,74,1.2,2,171,2,49.7,35,94.2,161,21.6,37,101.8,52,2,21.6,37,584,263,7.5,16.7,3.63
Nic Trujillo,175742,WR,LA MONROE,8,21.3,0,44.2,26.7,4,15,0,11.5,3,-0.21,15,209,0,58.8,75.0,62.7,,64.0,0.0,0,4,52,0.0,0,216,0,33.5,23,92.6,200,11.6,25,62.0,52,4,88.4,191,368,17,0.7,16.0,1.84
Trayvon Rudolph,130577,WR,TOLEDO,12,10.8,5,73.1,85.7,6,7,0,11.6,5,0.17,23,316,0,56.9,76.3,65.9,,66.6,1.5,4,3,58,0.0,0,271,1,52.9,38,94.1,255,23.6,64,85.7,52,2,74.9,203,423,124,3.3,11.1,1.66
Nyck Harbor,175923,WR,S CAROLINA,11,17.0,4,57.7,40.0,4,10,0,9.1,3,-0.1,22,289,1,56.4,43.6,67.8,63.8,66.8,0.3,1,3,80,0.3,1,318,1,39.5,30,92.8,295,21.7,69,114.1,52,6,77.4,246,618,174,5.8,20.6,2.09
Donte Lee Jr.,184692,WR,LIBERTY,12,16.2,8,59.6,50.0,3,6,0,0.0,0,0.03,26,206,0,90.0,72.1,80.2,,81.0,0.0,0,2,62,0.0,0,241,0,43.6,31,94.2,227,18.3,44,113.1,52,5,81.7,197,566,147,4.7,18.3,2.49
Landon Ellis,170902,WR,JAMES MAD,12,13.9,6,67.3,66.7,8,12,0,7.9,3,0.23,30,197,0,68.0,72.3,80.0,69.5,80.1,0.0,0,1,62,0.8,2,262,2,47.6,35,95.4,250,30.5,80,131.5,52,5,69.5,182,615,182,5.2,17.6,2.46
Mikey Matthews,174168,WR,UCLA,12,9.7,5,63.5,25.0,1,4,0,8.3,3,-0.02,17,324,1,74.8,57.4,58.0,,61.0,1.3,4,1,37,0.0,0,304,2,46.2,33,95.7,291,92.1,280,87.7,52,2,6.3,19,348,127,3.8,10.5,1.2
Caleb Coombs,145277,WR,JVILLE ST,12,5.6,4,69.2,20.0,1,5,0,10.0,4,0.15,17,196,0,63.3,73.0,62.1,,62.1,2.3,6,1,21,0.0,0,263,0,48.6,36,93.9,247,94.3,248,73.6,52,0,3.4,9,272,181,5.0,7.6,1.1
Benjamin Brahmer,174660,TE,IOWA STATE,12,9.9,5,72.5,42.9,3,7,0,5.1,2,0.12,25,193,0,74.5,73.2,65.7,65.9,73.3,43.4,151,4,27,7.8,27,348,4,44.9,37,85.6,298,34.5,120,105.5,51,6,19.3,67,446,155,4.2,12.1,1.5
Waden Charles,199385,WR,UCF,12,11.4,2,51.0,27.3,3,11,0,10.3,3,-0.09,15,323,0,62.4,71.9,59.1,,57.5,0.0,0,3,30,0.0,0,294,0,43.5,26,96.3,283,23.5,69,43.8,51,0,76.5,225,290,109,4.2,11.2,1.02
Collin Dixon,175954,WR,ILLINOIS,12,13.6,6,64.7,55.6,5,9,0,8.3,3,0.29,23,187,0,59.2,72.8,68.8,63.1,67.3,0.3,1,1,61,0.3,1,304,0,54.2,33,93.1,283,15.1,46,124.5,51,5,84.2,256,538,185,5.6,16.3,1.9
Caleb Goodie Sr.,173459,WR,CINCINNATI,11,15.6,4,56.9,36.4,4,11,0,9.4,3,0.27,19,138,1,65.7,33.2,64.8,64.4,64.5,0.3,1,1,82,0.3,1,300,0,47.5,29,94.3,283,14.3,43,93.6,51,2,85.3,256,480,176,6.1,16.6,1.7
Donovan Brown,158293,WR,S DIEGO ST,12,15.5,6,58.8,50.0,6,12,0,0.0,0,-0.18,18,284,0,89.8,73.3,64.9,,65.6,0.0,0,2,52,0.0,0,292,3,39.2,30,93.5,273,12.0,35,87.0,51,2,88.0,257,479,94,3.1,16.0,1.75
Cameron Dorner,187361,WR,N TEXAS,12,11.7,9,86.3,62.5,5,8,0,0.0,0,0.57,35,251,0,91.4,73.6,83.1,,83.9,0.3,1,0,77,0.0,0,300,0,55.7,44,93.3,280,9.3,28,158.0,51,6,89.7,269,769,261,5.9,17.5,2.75
Josh Manning,124519,WR,MISSOURI,12,8.9,9,56.9,50.0,4,8,0,3.3,1,-0.08,20,229,0,80.0,72.0,63.3,,62.0,0.7,2,3,34,0.0,0,304,1,42.1,29,95.4,290,28.6,87,64.0,51,2,70.7,215,318,150,5.2,11.0,1.1
De'Andre Tamarez,166545,WR,MARSHALL,12,11.4,7,62.7,60.0,9,15,0,3.0,1,0.11,22,214,0,74.0,72.1,62.3,,64.2,0.0,0,0,44,0.0,0,364,2,45.0,32,94.0,342,8.2,30,99.7,51,2,91.8,334,395,140,4.4,12.3,1.15
Donnie Gray,145035,WR,UMASS,12,11.5,4,52.9,33.3,5,15,0,10.0,3,-0.27,15,216,0,63.3,73.2,57.5,,55.8,0.0,0,4,41,0.0,0,351,1,35.8,27,95.4,335,32.2,113,34.8,51,0,67.8,238,260,51,1.9,9.6,0.78
EJ Horton Jr.,121734,WR,PURDUE,11,15.2,0,54.0,37.5,3,8,0,10.0,3,-0.06,17,273,0,62.5,72.3,62.3,,59.8,0.0,0,2,28,0.0,0,268,1,44.4,27,92.5,248,18.7,50,61.2,50,1,81.3,218,289,80,3.0,10.7,1.17
Chamon Metayer,144230,TE,ARIZONA ST,12,5.3,6,76.0,70.0,7,10,0,5.0,2,-0.01,20,110,1,78.1,41.2,56.3,64.6,63.0,40.3,147,1,27,20.8,76,365,3,41.8,38,74.8,273,45.8,167,115.0,50,4,9.9,36,375,227,6.0,9.9,1.37
Bryson Graves,175806,WR,COAST CAR,12,7.3,7,54.0,33.3,3,9,0,12.9,4,-0.15,9,141,1,55.8,61.0,58.5,,60.3,2.0,5,2,24,0.0,0,244,2,35.5,27,91.8,224,95.1,232,61.4,50,2,2.0,5,212,163,6.0,7.9,0.95
J. Michael Sturdivant,146288,WR,FLORIDA,12,14.2,4,54.0,62.5,5,8,0,3.6,1,-0.03,20,163,0,79.6,72.1,62.7,,62.8,0.0,0,4,57,0.0,0,327,0,42.6,27,95.4,312,39.8,130,68.0,50,3,60.2,197,411,132,4.9,15.2,1.32
Wondame Davis Jr.,188310,WR,UTEP,11,19.0,4,50.0,42.9,3,7,0,16.7,5,-0.13,18,330,0,44.5,72.6,62.8,,65.2,0.0,0,6,75,0.0,0,343,2,38.2,25,93.9,322,11.1,38,94.2,50,6,88.9,305,606,170,6.8,24.2,1.88
Brody Foley,156394,TE,TULSA,11,8.6,7,74.0,30.8,4,13,1,5.1,2,0.05,24,320,0,76.2,74.2,72.5,62.4,76.8,50.6,176,1,72,18.1,63,348,4,41.2,37,76.4,266,41.1,143,139.4,50,7,5.2,18,533,304,8.2,14.4,2.0
Sahmir Hagans,143854,WR,DUKE,12,12.4,3,70.0,50.0,3,6,0,0.0,0,0.25,19,154,2,90.6,27.4,60.7,,61.3,0.3,1,1,33,0.0,0,368,0,47.4,35,92.9,342,19.8,73,127.1,50,6,79.1,291,425,136,3.9,12.1,1.24
Brett Eskildsen,191299,WR,IOWA STATE,12,14.1,0,60.0,50.0,6,12,0,6.3,2,0.06,20,193,0,73.4,72.0,66.6,61.9,67.2,0.0,0,1,75,0.4,1,275,1,44.7,30,95.6,263,18.2,50,120.9,50,5,81.8,225,526,139,4.6,17.5,2.0
Cayden Lee,172521,WR,OLE MISS,13,11.2,2,70.0,66.7,4,6,0,5.4,2,0.28,22,226,1,76.3,38.4,70.5,,72.1,1.0,3,2,62,0.0,0,291,0,55.0,35,95.5,278,80.4,234,109.3,50,3,17.2,50,546,217,6.2,15.6,1.96
Malik Benson,169698,WR,OREGON,13,14.4,3,72.0,62.5,5,8,0,2.7,1,0.29,24,264,0,83.2,78.8,73.5,,76.1,0.0,0,1,64,0.0,0,241,1,50.4,36,95.4,230,22.0,53,145.4,50,6,77.6,187,645,168,4.7,17.9,2.8
Bryce Bohanon,144404,WR,TULANE,10,9.4,5,63.3,50.0,1,2,0,13.9,5,0.29,21,319,0,50.3,73.0,68.1,,68.5,0.0,0,0,42,0.0,0,207,1,50.0,31,93.7,194,85.5,177,103.9,49,2,12.1,25,417,197,6.4,13.5,2.15
Jake Thaw,129600,WR,DELAWARE,10,9.3,4,63.3,46.7,7,15,0,0.0,0,0.11,16,151,1,89.8,45.6,62.6,,64.2,0.8,2,2,51,0.0,0,244,0,49.3,31,93.9,229,90.6,221,88.7,49,3,6.6,16,359,169,5.5,11.6,1.57
Aaron Anderson,157010,WR,LSU,9,7.0,6,67.3,57.1,4,7,0,10.8,4,0.08,21,211,0,61.1,72.7,72.8,,72.8,1.1,2,0,39,0.0,0,176,0,42.1,33,93.2,164,87.5,154,92.0,49,0,11.4,20,398,225,6.8,12.1,2.43
Noah Rogers,170266,WR,NC STATE,12,10.7,5,63.3,63.6,7,11,0,13.9,5,0.13,21,248,0,50.2,71.9,63.7,61.9,63.9,0.0,0,1,48,0.3,1,312,2,47.3,31,94.6,295,8.3,26,94.3,49,2,91.7,286,404,146,4.7,13.0,1.37
DeAndre Moore Jr.,173164,WR,TEXAS,11,11.6,8,77.6,66.7,2,3,0,7.3,3,0.21,25,311,0,69.9,73.6,71.7,,73.3,0.0,0,2,46,0.0,0,274,2,44.5,38,96.0,263,78.8,216,122.1,49,4,20.8,57,532,184,4.8,14.0,2.02
J'Mari Taylor,150482,HB,VIRGINIA,12,0.2,12,79.6,60.0,3,5,0,9.3,4,0.1,11,335,0,63.8,86.1,76.8,51.4,63.7,0.0,0,1,25,16.2,50,308,1,48.5,39,81.5,251,5.8,18,76.6,49,0,6.5,20,217,250,6.4,5.6,0.86
Lance Mason,127157,TE,WISCONSIN,12,8.3,1,61.2,25.0,2,8,0,9.1,3,-0.41,20,349,0,64.1,72.1,67.1,71.4,74.2,52.9,128,1,45,9.9,24,242,0,36.3,30,87.2,211,35.1,85,105.7,49,4,7.0,17,398,169,5.6,13.3,1.89
Dae'Quan Wright,157645,TE,OLE MISS,13,7.2,7,69.4,0.0,0,2,1,2.9,1,0.27,26,226,1,82.2,37.2,68.1,62.8,78.7,44.0,159,1,64,27.1,98,361,4,51.5,34,69.5,251,36.3,131,125.6,49,4,6.6,24,553,372,10.9,16.3,2.2
Hunter Tipton,183948,TE,MIDDLE TN,12,5.2,6,79.6,80.0,4,5,0,9.3,4,0.0,21,224,2,67.5,25.0,62.1,76.8,63.2,32.2,137,0,37,9.9,42,426,4,44.8,39,85.2,363,56.1,239,115.2,49,2,9.6,41,411,225,5.8,10.5,1.13
Vinny Anthony II,158687,WR,WISCONSIN,12,10.3,8,63.3,50.0,5,10,0,8.8,3,-0.35,19,349,0,65.1,76.0,67.7,45.4,67.8,0.0,0,3,67,0.4,1,268,0,37.6,31,95.9,257,24.3,65,69.3,49,1,75.4,202,391,195,6.3,12.6,1.52
CJ Daniels,123874,WR,MIAMI FL,10,10.3,3,77.1,80.0,8,10,0,5.1,2,0.22,20,220,0,76.7,72.7,74.0,,75.3,0.0,0,3,47,0.0,0,230,1,53.2,37,96.5,222,14.3,33,116.3,48,7,85.7,197,420,136,3.7,11.4,1.89
Jett Carpenter,141520,TE,NEVADA,12,6.5,6,72.9,66.7,4,6,0,5.4,2,-0.27,16,239,0,76.2,72.6,69.8,60.4,66.7,39.2,118,3,44,14.0,42,301,5,37.1,35,81.7,246,44.9,135,83.2,48,2,15.0,45,374,205,5.9,10.7,1.52
Marquis Johnson,175906,WR,MISSOURI,12,12.8,3,60.4,41.7,5,12,0,6.5,2,0.06,17,229,0,72.9,72.5,62.3,,63.1,0.4,1,1,49,0.0,0,285,1,46.9,29,96.5,275,10.2,29,88.2,48,2,89.5,255,352,118,4.1,12.1,1.28
Da'Shawn Martin,188233,WR,KENT STATE,11,12.2,6,68.8,75.0,3,4,0,0.0,0,-0.04,22,201,2,90.1,36.1,72.1,,73.4,0.0,0,0,75,0.0,0,241,1,38.3,33,95.4,230,15.8,38,131.2,48,4,84.2,203,507,180,5.5,15.4,2.2
Eric Willis III,186718,WR,UTEP,11,9.6,6,56.3,44.4,4,9,0,10.0,3,-0.1,13,330,0,53.5,61.2,53.3,,55.4,0.6,2,2,43,0.0,0,311,2,38.6,27,94.2,293,38.3,119,70.4,48,2,59.5,185,287,122,4.5,10.6,0.98
Hardley Gilmore,184632,WR,KENTUCKY,12,13.6,7,58.3,54.5,6,11,0,6.7,2,-0.08,17,202,1,70.7,32.1,64.7,,64.4,0.4,1,0,45,0.0,0,257,2,40.4,28,93.4,240,9.3,24,84.8,48,1,89.9,231,313,116,4.1,11.2,1.3
Kyron Hudson,146411,WR,PENN STATE,12,15.3,0,47.9,28.6,2,7,1,4.2,1,0.05,16,266,0,76.5,70.7,58.6,61.9,59.9,0.0,0,1,31,0.4,1,271,2,45.4,23,96.3,261,18.8,51,72.2,48,2,81.2,220,288,21,0.9,12.5,1.1
Lake McRee,146418,TE,USC,12,8.5,2,62.5,63.6,7,11,0,6.3,2,0.39,21,326,1,72.1,31.2,69.0,72.8,72.0,55.3,224,0,64,22.0,89,405,0,54.0,30,72.6,294,33.8,137,120.6,48,4,8.4,34,445,185,6.2,14.8,1.51
Chris Marshall,158659,WR,BOISE ST,9,13.6,3,50.0,50.0,2,4,0,25.0,8,0.16,22,120,1,25.1,28.6,60.4,,59.4,0.0,0,1,46,0.0,0,275,1,46.9,24,93.8,258,9.5,26,89.5,48,2,90.5,249,467,168,7.0,19.5,1.81
Vandrevius Jacobs,170341,WR,S CAROLINA,12,15.1,4,66.7,58.3,7,12,0,3.0,1,-0.08,19,289,0,81.4,72.0,66.9,,66.9,0.0,0,0,74,0.0,0,315,1,38.6,32,93.7,295,4.4,14,133.0,48,4,95.6,301,548,168,5.3,17.1,1.86
Mudia Reuben,157258,WR,USF,11,4.6,10,75.0,16.7,1,6,0,7.7,3,0.33,17,327,2,70.1,23.1,70.8,58.5,71.9,2.4,5,1,60,1.4,3,212,0,53.1,36,91.0,193,87.7,186,133.6,48,5,8.5,18,495,351,9.8,13.8,2.56
Marcus Bellon,104082,WR,NEVADA,10,9.1,4,52.1,80.0,4,5,0,13.8,4,-0.29,13,239,1,51.2,58.4,59.7,,58.4,0.5,1,5,43,0.0,0,206,0,35.5,25,94.7,195,82.5,170,33.9,48,1,17.0,35,242,100,4.0,9.7,1.24
Wayne Knight,156712,HB,JAMES MAD,13,0.7,9,79.2,40.0,2,5,1,5.0,2,0.13,15,197,0,77.3,89.3,80.1,62.8,75.2,0.0,0,1,57,19.9,52,261,1,42.8,38,74.3,194,12.6,33,97.9,48,1,8.8,23,380,376,9.9,10.0,1.96
Seydou Traore,147046,TE,MISS STATE,12,7.7,6,72.3,40.0,2,5,0,2.9,1,0.05,20,227,0,75.1,72.3,61.0,67.5,63.1,35.0,131,3,57,11.2,42,374,2,42.3,34,84.5,316,48.7,182,103.4,47,5,12.8,48,363,215,6.3,10.7,1.15
AJ Wilson,161436,WR,UTSA,12,12.2,4,59.6,23.1,3,13,0,3.4,1,0.21,18,331,0,80.9,71.9,67.0,,69.3,0.0,0,1,77,0.0,0,231,4,52.9,28,95.7,221,8.2,19,115.9,47,4,91.3,211,504,262,9.4,18.0,2.28
Qian Magwood,130339,WR,BALL ST,12,13.2,6,40.4,22.2,2,9,0,5.0,1,-0.22,14,117,0,73.6,73.3,59.4,72.0,58.1,0.0,0,3,53,0.6,2,327,1,33.9,19,94.8,310,27.2,89,44.6,47,1,72.8,238,320,143,7.5,16.8,1.03
Omari Hayes,156520,WR,TULANE,13,8.0,8,74.5,75.0,3,4,0,7.9,3,0.17,26,319,0,67.8,83.6,84.1,,87.2,0.0,0,2,42,0.0,0,162,2,49.7,35,95.1,154,67.9,110,96.2,47,1,31.5,51,482,213,6.1,13.8,3.13
Keith Reynolds,171939,WR,MIAMI OH,12,7.8,3,72.3,40.0,2,5,0,0.0,0,0.05,14,221,0,90.4,59.0,65.1,63.9,64.3,1.7,5,0,69,2.8,8,290,1,44.0,34,92.8,269,74.1,215,100.5,47,1,16.2,47,350,248,7.3,10.3,1.3
Hayden Hansen,157727,TE,FLORIDA,12,6.7,1,63.8,50.0,1,2,0,9.1,3,-0.13,12,163,1,65.1,32.2,52.7,56.4,52.6,64.3,268,1,28,25.9,108,417,3,41.7,30,71.0,296,20.1,84,82.6,47,2,14.4,60,248,97,3.2,8.3,0.84
Brock Rechsteiner,150309,WR,JVILLE ST,11,8.6,6,70.2,61.5,8,13,0,8.3,3,0.04,17,196,0,59.3,73.2,63.7,,63.9,2.4,7,0,56,0.0,0,294,1,45.5,33,93.5,275,28.9,85,120.5,47,4,68.7,202,356,246,7.5,10.8,1.29
Langston Lewis,158597,WR,C MICHIGAN,12,10.9,11,74.5,66.7,4,6,0,2.8,1,0.2,17,134,0,83.1,74.7,71.6,,74.4,0.9,2,3,77,0.0,0,229,0,50.2,35,93.0,213,40.6,93,104.3,47,3,58.5,134,513,234,6.7,14.7,2.41
AJ Jones,158729,WR,MIDDLE TN,12,8.7,1,59.6,45.5,5,11,0,12.5,4,0.01,13,224,0,54.6,71.5,53.5,61.9,52.7,0.0,0,0,27,0.3,1,333,1,40.8,28,93.7,312,26.7,89,106.3,47,5,73.3,244,216,43,1.5,7.7,0.69
Mason Mini,175102,TE,CAL,11,7.3,7,74.5,50.0,4,8,1,7.9,3,-0.05,18,130,0,68.5,73.2,57.4,55.2,66.8,44.7,166,1,51,21.3,79,371,4,44.2,35,73.9,274,46.4,172,118.0,47,4,6.7,25,387,155,4.4,11.1,1.41
Isiah Canion,183213,WR,GA TECH,12,13.7,4,71.7,33.3,3,9,0,5.7,2,0.25,20,176,1,74.5,36.1,66.8,,66.0,0.0,0,0,42,0.0,0,297,2,53.4,33,95.3,283,10.1,30,134.3,46,4,89.9,267,480,162,4.9,14.5,1.7
Carsen Ryan,162467,TE,BYU,12,6.7,9,76.1,16.7,1,6,0,5.4,2,0.14,21,128,0,75.6,72.8,80.7,69.2,77.1,54.6,200,2,43,27.0,99,366,3,47.2,35,68.3,250,32.2,118,111.9,46,3,11.5,42,472,240,6.9,13.5,1.89
Jamari Hawkins,162523,WR,MEMPHIS,12,14.7,13,76.1,50.0,4,8,0,0.0,0,0.19,24,218,0,90.3,73.0,68.1,74.3,68.5,1.1,4,3,57,0.6,2,358,2,51.9,35,93.6,335,95.5,342,97.6,46,1,3.1,11,597,230,6.6,17.1,1.78
Toby Payne,156805,TE,MARSHALL,12,7.4,3,80.4,57.1,4,7,0,5.1,2,0.09,19,214,0,76.7,73.0,65.8,65.5,64.3,36.5,142,2,48,19.5,76,389,2,44.7,37,76.3,297,58.6,228,105.9,46,3,3.3,13,393,117,3.2,10.6,1.32
Lotzeir Brooks,198090,WR,ALABAMA,12,12.3,8,69.6,66.7,4,6,0,5.9,2,0.36,20,103,0,73.4,75.9,71.4,,73.1,0.0,0,0,53,0.0,0,221,0,50.7,32,94.6,209,92.3,204,114.5,46,2,6.3,14,441,161,5.0,13.8,2.11
Christian Neptune,206238,WR,USF,10,6.5,2,60.9,0.0,0,3,0,15.2,5,0.22,10,327,0,46.8,79.3,63.6,65.5,60.8,6.1,11,0,32,0.6,1,179,1,47.3,28,93.3,167,87.2,156,79.8,46,1,6.1,11,218,120,4.3,7.8,1.31
Kyle McNeal,175559,WR,FIU,11,11.0,5,63.0,16.7,1,6,0,6.5,2,0.05,16,166,0,71.4,72.0,62.8,,62.6,0.0,0,2,30,0.0,0,264,2,47.4,29,95.8,253,44.7,118,62.4,46,0,55.3,146,286,152,5.2,9.9,1.13
Trey'Dez Green,184453,TE,LSU,10,9.5,4,63.0,55.6,10,18,0,14.7,5,-0.11,21,211,0,50.2,71.9,70.7,71.8,72.7,29.3,85,1,30,8.6,25,290,4,41.0,29,84.5,245,57.6,167,113.8,46,5,11.4,33,353,161,5.6,12.2,1.44
Landon Sides,173213,WR,N TEXAS,11,11.1,11,63.0,50.0,6,12,0,6.5,2,0.35,20,251,1,71.4,49.7,58.1,,60.0,0.0,0,2,60,0.0,0,295,3,51.3,29,94.6,279,3.7,11,78.8,46,1,96.3,284,387,178,6.1,13.3,1.39
CJ Brown,184382,WR,ARKANSAS,12,10.4,4,60.9,50.0,5,10,0,3.4,1,0.17,19,111,0,79.5,71.5,59.6,,59.0,0.0,0,1,26,0.0,0,389,2,48.1,28,94.6,368,43.2,168,94.4,46,3,56.8,221,319,120,4.3,11.4,0.87
Cataurus Hicks,174705,WR,PITTSBURGH,12,16.3,8,52.2,25.0,3,12,0,11.1,3,0.11,14,268,0,60.8,73.5,56.7,,59.9,0.0,0,3,84,0.0,0,367,5,42.0,24,93.5,343,24.3,89,85.6,46,4,74.9,275,422,152,6.3,17.6,1.23
Houston Thomas,158831,TE,UTSA,12,7.4,4,73.9,50.0,3,6,0,10.5,4,0.04,16,331,0,60.8,72.3,62.8,67.5,68.3,44.7,126,1,32,22.0,62,282,2,46.8,34,73.0,206,48.9,138,100.5,46,2,5.0,14,347,144,4.2,10.2,1.68
Raleek Brown,158458,HB,ARIZONA ST,12,-0.9,12,71.7,,0,0,0,10.8,4,0.04,10,110,0,60.3,76.8,80.7,48.2,58.1,0.3,1,1,33,21.5,79,367,0,42.9,33,74.4,273,5.4,20,88.9,46,2,9.8,36,239,300,9.1,7.2,0.88
Devin Gandy,147781,WR,LA TECH,12,13.8,8,47.8,45.5,5,11,0,15.4,4,-0.1,17,208,1,48.5,42.6,63.1,60.9,63.2,0.0,0,2,42,0.4,1,272,2,44.1,22,93.0,253,2.6,7,71.7,46,2,97.4,265,369,95,4.3,16.8,1.46
Josh Cuevas,147570,TE,ALABAMA,11,5.4,7,71.7,50.0,3,6,0,8.3,3,0.2,23,103,0,67.3,72.2,71.1,76.8,72.3,53.9,185,1,32,9.9,34,343,1,49.5,33,86.3,296,29.4,101,115.9,46,4,12.5,43,376,240,7.3,11.4,1.27
Jeremiah Koger,199425,WR,USF,12,13.3,3,73.9,63.6,7,11,0,2.9,1,0.32,22,327,1,82.2,35.0,73.0,61.1,74.5,0.0,0,0,63,0.4,1,224,1,54.7,34,94.2,211,7.6,17,151.5,46,7,92.4,207,533,139,4.1,15.7,2.53
PJ Johnson III,147450,WR,NEW MEX ST,12,8.3,8,58.7,40.0,2,5,0,15.6,5,-0.13,16,242,0,45.8,72.6,58.3,66.1,58.2,0.0,0,3,40,0.7,2,304,0,40.6,27,94.1,286,51.3,156,74.0,46,3,48.7,148,314,175,6.5,11.6,1.1
Ashton Bethel-Roman,191246,WR,TEXAS A&M,13,14.5,3,53.3,85.7,6,7,0,20.0,6,0.13,17,312,1,35.4,28.6,59.4,63.9,57.3,0.0,0,1,76,0.3,1,346,1,48.9,24,94.8,328,6.1,21,119.7,45,5,93.9,325,490,156,6.5,20.4,1.49
Dakorien Moore,199882,WR,OREGON,9,14.5,10,64.4,75.0,6,8,0,6.5,2,0.3,18,264,0,72.2,76.7,75.8,,74.3,0.0,0,2,65,0.0,0,198,0,49.2,29,95.5,189,19.7,39,101.0,45,3,78.8,156,448,132,4.6,15.4,2.37
Izayah Cummings,124055,TE,APP STATE,8,3.8,10,82.2,100.0,2,2,1,7.5,3,0.06,19,108,0,69.7,72.7,81.8,58.0,89.5,61.9,117,2,30,14.3,27,189,1,49.2,37,82.5,156,30.7,58,90.2,45,1,5.3,10,374,261,7.1,10.1,2.4
Jalen Smith,188714,WR,MINNESOTA,12,12.9,5,48.9,30.0,3,10,0,0.0,0,-0.07,15,225,0,75.9,70.6,60.4,,61.2,0.5,1,1,78,0.0,0,210,1,40.2,22,94.8,199,26.7,56,81.3,45,2,72.9,153,355,179,8.1,16.1,1.78
Boden Groen,71325,TE,KANSAS,12,6.8,2,80.0,0.0,0,3,0,0.0,0,0.06,21,198,1,90.4,36.6,63.1,56.6,72.4,48.8,145,0,46,16.8,50,297,2,47.4,36,79.8,237,36.0,107,145.4,45,5,10.1,30,450,225,6.3,12.5,1.9
RJ Garcia II,144591,WR,BOWL GREEN,12,8.8,10,60.0,50.0,4,8,0,6.9,2,-0.25,15,122,0,71.6,72.4,66.9,,64.3,0.0,0,2,28,0.0,0,233,2,39.4,27,94.4,220,25.3,59,59.8,45,0,74.7,174,283,117,4.3,10.5,1.29
Micahi Danzy,190564,WR,FLORIDA ST,12,17.6,4,60.0,33.3,3,9,0,12.9,4,0.24,17,167,0,55.5,75.9,70.1,61.9,66.2,0.0,0,2,66,0.3,1,292,0,47.7,27,94.5,276,43.5,127,107.9,45,3,56.2,164,571,195,7.2,21.1,2.07
DJ Black,158111,WR,UCF,12,13.8,1,51.1,20.0,2,10,1,17.9,5,-0.04,8,323,1,34.0,28.1,47.9,,48.7,0.6,2,0,82,0.0,0,316,4,43.8,23,96.2,304,10.1,32,86.3,45,2,88.9,281,289,107,4.7,12.6,0.95
Eli Finley,170458,TE,LA TECH,12,7.5,5,80.0,61.5,8,13,0,0.0,0,-0.12,17,208,0,90.4,72.6,74.7,69.5,75.6,81.2,268,1,72,31.2,103,330,1,41.4,36,66.1,218,15.8,52,98.2,45,0,1.5,5,441,221,6.1,12.3,2.02
Davion Dozier,172404,WR,APP STATE,9,18.2,1,44.4,38.5,5,13,0,4.8,1,0.02,19,108,0,75.2,70.4,62.6,49.9,64.2,0.0,0,0,68,0.0,0,314,2,42.1,20,94.6,297,28.0,88,117.6,45,5,72.0,226,448,85,4.3,22.4,1.51
Jamari Person,173472,WR,LIBERTY,12,11.3,2,64.4,50.0,3,6,1,3.3,1,0.06,14,206,0,80.0,71.6,66.6,,67.5,0.0,0,2,23,0.0,0,220,1,44.8,29,96.4,212,5.9,13,68.6,45,0,94.1,207,338,60,2.1,11.7,1.59
Nick DeGennaro,129503,WR,JAMES MAD,13,15.7,5,57.8,25.0,2,8,0,3.7,1,0.2,18,197,0,79.5,72.2,64.4,,64.3,0.3,1,2,76,0.0,0,341,2,45.5,26,93.0,317,21.1,72,112.8,45,5,78.3,267,476,203,7.8,18.3,1.5
Trech Kekahuna,175527,WR,WISCONSIN,12,5.6,3,59.1,14.3,1,7,0,0.0,0,-0.21,8,349,0,88.0,46.4,63.8,,63.8,0.6,1,4,45,0.0,0,179,1,39.0,26,96.1,172,82.7,148,33.4,44,0,12.8,23,211,181,7.0,8.1,1.23
Brett Norfleet,175909,TE,MISSOURI,11,4.7,4,70.5,28.6,2,7,0,11.4,4,0.01,14,229,0,57.5,72.3,55.1,70.3,58.8,55.9,170,1,27,13.8,42,304,1,45.9,31,83.6,254,31.9,97,113.3,44,5,9.5,29,254,156,5.0,8.2,1.0
Chris Hunter,166993,WR,ARIZONA,11,14.1,0,56.8,27.3,3,11,0,13.8,4,0.15,18,109,0,51.2,71.1,61.1,,62.2,0.0,0,0,35,0.0,0,244,1,48.0,25,92.2,225,11.5,28,97.8,44,2,88.5,216,351,62,2.5,14.0,1.56
Keenan Jackson,183362,WR,NC STATE,12,10.0,0,61.4,33.3,4,12,0,6.9,2,0.18,13,248,0,70.3,71.3,54.3,84.2,55.7,0.3,1,2,33,0.9,3,333,1,47.9,27,93.7,312,90.1,300,73.9,44,2,9.3,31,258,72,2.7,9.6,0.83
Tay Lanier,78216,WR,COLO STATE,12,8.1,2,79.5,60.0,6,10,0,5.4,2,-0.15,14,144,1,76.3,72.6,60.4,61.9,60.4,0.0,0,1,39,0.4,1,268,0,40.7,35,93.7,251,5.2,14,102.0,44,2,94.8,254,313,140,4.0,8.9,1.25
Sterling Berkhalter,54221,WR,WAKE,12,14.0,1,56.8,66.7,6,9,0,13.8,4,-0.06,15,339,0,51.2,71.1,55.8,,58.7,0.0,0,1,51,0.0,0,309,3,40.4,25,92.9,287,16.2,50,91.3,44,2,83.8,259,382,112,4.5,15.3,1.33
Bryce Farrell,131758,WR,STANFORD,12,13.8,3,65.9,60.0,6,10,0,6.5,2,-0.09,16,300,0,71.6,74.4,62.0,,60.2,0.6,2,2,68,0.0,0,343,1,41.2,29,95.6,328,9.9,34,96.3,44,2,89.5,307,455,128,4.4,15.7,1.39
Peyton Higgins,147247,WR,TROY,12,9.1,4,72.7,83.3,5,6,0,0.0,0,0.19,19,318,0,89.8,83.6,65.2,61.0,67.6,0.0,0,1,21,0.5,1,200,1,43.5,32,96.5,193,91.5,183,84.8,44,1,7.5,15,253,75,2.3,7.9,1.31
Jack Velling,162439,TE,MICH STATE,12,7.1,6,81.8,66.7,4,6,0,5.3,2,0.01,19,223,0,75.6,72.4,63.2,68.0,67.9,48.1,180,0,28,16.6,62,374,0,45.4,36,80.2,300,43.9,164,123.4,44,3,7.8,29,359,157,4.4,10.0,1.2
E.J. Williams Jr.,122164,WR,INDIANA,11,11.7,1,75.0,71.4,5,7,0,2.9,1,0.42,18,190,0,81.8,72.1,65.2,,64.8,0.0,0,3,62,0.0,0,270,0,58.6,33,94.8,256,13.0,35,112.3,44,5,87.0,235,404,83,2.5,12.2,1.58
Richie Anderson III,173519,TE,FRESNO ST,12,7.4,3,65.9,100.0,5,5,0,19.4,7,0.01,13,169,0,35.4,71.7,55.2,67.9,53.6,60.1,188,1,24,16.6,52,313,6,48.0,29,80.5,252,35.8,112,88.5,44,2,3.2,10,273,126,4.3,9.4,1.08
Ja'Carree Kelly,173611,WR,DELAWARE,11,5.6,5,72.7,75.0,3,4,0,3.0,1,-0.03,12,151,1,82.2,44.4,64.8,63.9,64.0,0.9,2,4,67,0.5,1,215,1,42.4,32,91.6,197,94.4,203,61.4,44,1,4.2,9,306,187,5.8,9.6,1.55
Eli Raridon,156970,TE,NOTRE DAME,12,8.1,6,72.7,66.7,4,6,0,8.6,3,0.39,20,258,0,66.4,72.1,67.6,62.4,70.9,46.6,144,1,65,25.2,78,309,2,56.4,32,69.9,216,47.9,148,98.9,44,0,3.6,11,482,184,5.8,15.1,2.23
Matt Lauter,145992,TE,BOISE ST,11,6.1,2,68.2,60.0,3,5,0,14.3,5,0.13,14,120,0,49.1,72.0,51.0,55.1,56.5,52.1,165,2,20,13.6,43,317,2,47.8,30,81.4,258,34.1,108,74.6,44,1,12.6,40,286,150,5.0,9.5,1.11
Gemari Sands,169923,HB,FAU,12,-1.3,21,90.9,,0,0,0,4.8,2,0.12,11,165,0,78.1,87.9,76.2,82.6,78.6,0.4,1,0,18,34.1,91,267,1,48.6,40,62.5,167,3.4,9,87.8,44,0,2.6,7,223,270,6.8,5.6,1.34
Bryant Wesco Jr.,183206,WR,CLEMSON,7,13.5,3,70.5,33.3,3,9,0,13.9,5,0.14,25,140,0,52.2,79.4,74.8,,74.9,0.0,0,0,73,0.0,0,215,1,47.3,31,95.3,205,10.2,22,151.2,44,6,89.8,193,537,203,6.5,17.3,2.62
Karsyn Pupunu,146069,WR,HAWAII,12,8.8,4,68.2,60.0,3,5,1,3.2,1,0.11,13,180,0,80.9,71.9,51.9,,52.7,0.0,0,1,20,0.0,0,381,2,43.2,30,96.6,368,8.7,33,73.7,44,0,91.3,348,256,79,2.6,8.5,0.7
E. Jai Mason,177868,WR,CHARLOTTE,11,11.2,5,70.5,37.5,3,8,0,6.1,2,-0.22,19,136,0,72.7,72.3,64.7,,65.9,1.3,4,3,62,0.0,0,304,0,36.1,31,94.7,288,18.4,56,102.7,44,4,78.9,240,423,175,5.6,13.6,1.47
Emmett Mosley V,183278,WR,TEXAS,8,14.7,2,53.5,33.3,2,6,0,0.0,0,0.26,18,311,0,87.0,70.7,70.2,,71.6,0.0,0,1,40,0.0,0,204,1,45.3,23,94.1,192,23.5,48,94.8,43,3,76.5,156,357,133,5.8,15.5,1.86
Noah Short,163220,HB,ARMY,12,13.2,4,58.1,66.7,6,9,0,0.0,0,0.17,12,114,0,87.7,86.8,74.2,73.7,76.6,10.0,17,1,44,1.2,2,170,3,40.8,25,90.0,153,34.7,59,80.6,43,1,31.2,53,330,116,4.6,13.2,2.16
Javen Jacobs,157190,HB,UTAH ST,12,0.5,5,86.0,50.0,1,2,0,0.0,0,0.14,15,329,0,90.7,75.1,71.4,66.3,69.4,0.3,1,0,30,22.3,67,301,0,44.9,37,72.8,219,31.6,95,114.4,43,2,12.0,36,333,341,9.2,9.0,1.52
Jeremiah McClellan,184855,WR,OREGON,13,11.7,6,69.8,33.3,2,6,0,9.1,3,0.27,24,264,0,64.3,71.7,70.9,,72.7,0.0,0,1,51,0.0,0,235,3,47.8,30,95.3,224,21.7,51,119.0,43,3,77.9,183,467,159,5.3,15.6,2.08
Jai'Den Thomas,174080,HB,UNLV,11,-0.6,14,81.4,100.0,1,1,0,5.4,2,0.24,12,325,0,75.2,89.2,91.0,28.1,80.2,0.0,0,1,27,26.5,56,211,0,52.6,35,68.2,144,5.7,12,85.2,43,1,4.7,10,211,295,8.4,6.0,1.47
Tristian Gardner,198895,WR,MO STATE,12,13.3,3,69.8,53.8,7,13,0,3.2,1,0.07,18,230,0,80.9,71.9,76.1,,76.1,0.0,0,1,42,0.0,0,231,0,42.7,30,94.4,218,2.2,5,135.2,43,6,97.8,226,465,99,3.3,15.5,2.13
Adam Randall,156252,HB,CLEMSON,12,3.0,8,72.1,33.3,1,3,0,16.2,6,0.09,9,140,0,45.6,72.9,72.4,41.5,47.2,0.6,2,2,35,24.9,87,349,0,44.5,31,72.5,253,7.4,26,89.5,43,3,4.0,14,242,245,7.9,7.8,0.96
Rodney Gallagher III,173178,WR,W VIRGINIA,12,5.7,6,66.7,14.3,1,7,0,3.4,1,-0.25,11,343,0,80.0,79.3,58.6,,56.3,0.0,0,1,26,0.0,0,256,2,36.5,28,95.3,244,99.2,254,71.8,42,0,0.8,2,243,130,4.6,8.7,1.0
Peter Clarke,173261,TE,TEMPLE,12,9.9,8,71.4,66.7,6,9,0,3.2,1,0.14,24,306,0,81.1,71.7,90.5,71.9,87.5,62.5,177,1,50,22.6,64,283,2,44.2,30,74.2,210,32.9,93,139.2,42,6,3.9,11,483,213,7.1,16.1,2.3
Shamar Rigby,190922,WR,OKLA STATE,12,14.3,2,59.5,44.4,4,9,0,0.0,0,-0.17,14,262,0,87.7,71.1,63.7,40.1,63.2,0.0,0,3,48,0.8,2,261,1,40.2,25,96.2,251,8.8,23,64.7,42,1,90.8,237,351,90,3.6,14.0,1.4
JJ Buchanan,204415,WR,UTAH,12,14.7,3,52.4,50.0,8,16,0,4.3,1,0.32,14,328,0,75.9,70.6,63.1,21.6,64.3,1.9,5,2,60,1.1,3,262,2,50.8,22,92.7,243,58.8,154,92.5,42,4,38.9,102,351,120,5.5,16.0,1.44
Cameron Wright,144289,WR,COAST CAR,12,8.9,2,57.1,9.1,1,11,0,14.3,4,-0.07,15,141,0,52.4,71.2,59.0,,59.3,0.0,0,0,44,0.0,0,198,0,36.7,24,94.9,188,6.6,13,84.8,42,1,93.4,185,274,128,5.3,11.4,1.46
Dakota Thomas,123467,WR,NEVADA,11,11.0,4,61.9,83.3,5,6,0,3.7,1,-0.36,13,239,0,78.9,71.3,66.0,,65.3,0.0,0,3,25,0.0,0,212,0,35.0,26,92.9,197,15.6,33,58.5,42,1,84.4,179,269,71,2.7,10.3,1.37
Titus Mokiao-Atimalala,144464,WR,UCLA,12,12.2,2,61.9,40.0,4,10,0,3.7,1,-0.02,20,324,0,79.5,72.6,62.4,,64.5,0.3,1,0,34,0.0,0,305,2,46.3,26,96.4,294,44.6,136,109.8,42,3,54.8,167,326,94,3.6,12.5,1.11
Miles Kitselman,163599,TE,TENNESSEE,10,6.0,0,63.4,25.0,2,8,0,16.1,5,0.23,15,307,0,45.6,71.8,64.4,70.8,65.4,51.8,144,4,23,30.6,85,278,0,50.4,26,64.0,178,32.4,90,58.1,41,2,2.5,7,261,139,5.3,10.0,1.47
Reymello Murphy,90224,WR,UCONN,12,9.6,7,75.6,0.0,0,1,0,3.1,1,0.36,21,146,0,82.2,72.2,66.4,,67.3,1.3,4,0,61,0.0,0,299,1,52.3,31,94.0,281,84.3,252,128.9,41,3,14.4,43,388,204,6.6,12.5,1.38
Willie Rodriguez,190448,TE,KENTUCKY,12,11.2,3,56.1,33.3,3,9,1,0.0,0,0.0,15,202,1,87.4,28.1,65.8,68.4,64.0,36.3,105,2,53,16.6,48,289,2,44.1,23,77.9,225,56.4,163,69.1,41,1,6.9,20,319,163,7.1,13.9,1.42
Landan Brown,175609,HB,SM HOUSTON,12,-1.2,7,90.2,100.0,1,1,0,5.1,2,-0.25,15,281,0,76.8,72.3,76.6,71.3,78.7,0.0,0,0,24,31.8,82,258,0,36.7,37,65.5,169,9.7,25,91.4,41,0,0.4,1,243,301,8.1,6.6,1.44
Jameson Geers,144979,TE,MINNESOTA,12,8.5,0,63.4,50.0,5,10,0,7.1,2,-0.12,16,225,1,69.2,31.6,62.7,61.4,66.2,72.4,176,2,25,15.6,38,243,1,39.0,26,80.2,195,23.5,57,88.1,41,4,3.7,9,206,63,2.4,7.9,1.06
Porter Rooks,122883,WR,E MICHIGAN,12,9.6,1,63.4,55.6,5,9,1,7.1,2,0.01,9,160,0,70.7,76.9,52.8,,53.8,0.0,0,1,25,0.0,0,287,1,44.0,26,93.4,268,29.6,85,67.2,41,0,70.4,202,221,56,2.2,8.5,0.82
Deondre Johnson,175506,WR,JVILLE ST,12,19.6,1,48.8,60.0,9,15,0,20.0,5,0.13,18,196,0,37.2,70.7,60.2,,61.9,0.0,0,2,77,0.0,0,315,3,46.9,20,92.7,292,7.9,25,114.1,41,6,92.1,290,564,155,7.8,28.2,1.93
Adrian Norton,176301,WR,MARSHALL,12,11.8,9,65.9,57.1,4,7,0,3.6,1,0.17,18,214,0,79.5,71.5,66.3,,65.7,0.0,0,0,41,0.0,0,305,1,47.5,27,92.8,283,3.9,12,133.4,41,5,96.1,293,363,151,5.6,13.4,1.28
Bryce Caufield,146348,TE,OREGON ST,9,4.7,0,70.7,40.0,2,5,0,6.5,2,-0.11,10,265,2,71.6,21.7,53.1,74.8,47.7,59.9,190,2,30,24.6,78,317,2,45.2,29,71.9,228,31.9,101,71.1,41,1,6.0,19,219,110,3.8,7.6,0.96
Will Pauling,144234,WR,NOTRE DAME,12,14.0,8,63.4,50.0,5,10,0,7.1,2,0.42,19,258,0,70.0,72.0,67.9,32.3,70.9,1.0,2,0,44,1.4,3,209,1,55.7,26,90.4,189,93.8,196,133.2,41,6,4.3,9,381,131,5.0,14.7,2.02
Justus Ross-Simmons,163334,WR,SYRACUSE,9,13.2,2,48.8,46.2,6,13,0,4.8,1,0.04,13,304,0,75.9,70.6,68.6,,68.7,0.0,0,1,53,0.0,0,178,1,44.8,20,91.6,163,7.9,14,103.9,41,5,92.1,164,312,138,6.9,15.6,1.91
Micah Mays Jr.,176078,WR,WAKE,10,13.9,4,43.9,25.0,2,8,0,10.0,2,-0.08,12,339,0,61.3,69.9,56.2,,57.4,0.0,0,2,52,0.0,0,258,3,39.6,18,95.0,245,26.0,67,65.3,41,2,74.0,191,302,102,5.7,16.8,1.23
Kendrick Raphael,170378,HB,CAL,12,0.9,12,75.6,66.7,2,3,0,11.4,4,0.02,11,130,0,58.4,63.5,74.2,49.9,58.8,0.2,1,1,42,24.1,99,410,0,44.4,31,71.7,294,7.1,29,86.5,41,1,5.4,22,231,225,7.3,7.5,0.79
Desirrio Riles,175202,TE,E CAROLINA,12,7.8,6,68.3,71.4,5,7,0,9.7,3,0.08,18,156,0,62.4,71.5,66.2,66.8,69.8,32.0,87,1,42,26.1,71,272,3,48.6,28,70.2,191,47.8,130,101.9,41,2,3.7,10,362,179,6.4,12.9,1.9
Jeff Weimer,158146,WR,W VIRGINIA,11,12.3,3,51.2,40.0,4,10,0,8.7,2,-0.15,14,343,0,64.7,71.9,65.7,,65.3,0.0,0,1,75,0.0,0,231,0,36.8,21,95.2,220,8.7,20,89.8,41,2,91.3,211,383,130,6.2,18.2,1.74
Eric Weatherly,156259,WR,BALL ST,12,7.7,4,68.3,33.3,1,3,0,6.7,2,-0.29,10,117,0,63.3,54.1,63.1,62.1,59.0,1.3,3,1,35,0.4,1,228,2,31.2,28,93.9,214,89.5,204,81.4,41,1,9.2,21,240,149,5.3,8.6,1.12
Jaylan Sanchez,160451,WR,JAMES MAD,13,8.9,6,68.3,50.0,2,4,0,3.4,1,0.21,14,197,1,79.5,29.7,66.1,,65.5,0.0,0,1,80,0.0,0,253,2,43.1,28,94.5,239,68.8,174,96.7,41,1,30.4,77,391,223,8.0,14.0,1.64
Micah Davis,125264,WR,SO MISS,12,11.6,3,70.0,33.3,2,6,1,3.4,1,0.08,15,296,1,67.6,52.0,62.2,,61.3,0.0,0,0,98,0.0,0,275,2,42.6,28,93.1,256,11.6,32,140.4,40,5,88.4,243,388,236,8.4,13.9,1.52
Jonathan Bibbs,190005,WR,LA MONROE,12,11.5,14,65.0,28.6,2,7,1,7.1,2,0.12,14,209,1,70.9,39.6,70.3,61.9,71.3,0.0,0,1,68,0.5,1,184,3,42.1,26,92.4,170,44.6,82,111.4,40,3,53.8,99,389,322,12.4,15.0,2.29
Tommy McIntosh,158704,WR,C MICHIGAN,12,9.9,6,67.5,62.5,5,8,0,6.9,2,0.16,14,134,0,61.5,71.3,66.2,,65.4,0.0,0,0,47,0.0,0,206,2,49.0,27,96.1,198,7.8,16,125.1,40,3,92.2,190,401,155,5.7,14.9,2.03
Kaelan Chudzinski,207814,TE,BOSTON COL,12,10.4,0,60.0,46.2,6,13,0,0.0,0,-0.14,13,121,0,87.4,70.9,73.1,68.6,70.6,17.5,27,1,45,3.2,5,154,5,41.0,24,90.3,139,63.6,98,107.6,40,4,18.2,28,313,94,3.9,13.0,2.25
Turbo Richard,190199,HB,BOSTON COL,11,0.4,12,75.0,33.3,1,3,0,6.3,2,-0.06,8,121,1,72.9,70.2,72.5,36.5,55.0,0.0,0,0,49,17.5,55,315,1,44.2,30,79.7,251,2.9,9,103.3,40,2,9.2,29,212,224,7.5,7.1,0.84
Wesley Grimes,157534,WR,NC STATE,11,12.9,2,65.0,27.3,3,11,0,0.0,0,0.2,16,248,1,88.0,39.4,64.5,65.5,64.3,0.0,0,0,48,0.4,1,248,2,50.2,26,96.0,238,10.5,26,112.7,40,2,89.1,221,382,135,5.2,14.7,1.61
Bralon Brown,146819,WR,SO MISS,12,13.0,1,65.0,11.1,1,9,1,0.0,0,0.08,17,296,0,88.3,71.6,61.7,,61.6,0.0,0,0,40,0.0,0,269,2,44.5,26,91.8,247,8.6,23,104.7,40,2,91.4,246,305,35,1.3,11.7,1.23
DaeDae Reynolds,146697,WR,UNLV,12,12.5,1,72.5,100.0,5,5,0,6.5,2,0.23,19,325,0,72.1,71.7,66.3,,67.2,0.0,0,2,86,0.0,0,223,2,49.5,29,93.3,208,9.4,21,126.1,40,5,90.6,202,431,140,4.8,14.9,2.07
Lincoln Pare,121537,HB,TEXAS ST,12,0.6,6,90.0,,0,0,1,5.3,2,0.31,12,314,1,75.6,91.0,80.3,61.0,62.3,0.3,1,1,32,20.4,60,294,2,53.8,36,75.5,222,8.2,24,101.8,40,2,4.8,14,277,269,7.5,7.7,1.25
Malik Rutherford,143929,WR,GA TECH,10,2.8,8,95.0,100.0,1,1,0,2.6,1,0.19,19,176,0,84.2,74.9,75.8,,80.3,1.1,2,0,71,0.0,0,177,0,52.4,38,94.9,168,85.3,151,135.2,40,3,9.6,17,418,311,8.2,11.0,2.49
Myles Walker,145587,WR,AKRON,9,12.9,3,50.0,66.7,2,3,0,9.1,2,-0.19,12,102,0,53.7,70.8,56.6,,57.4,0.0,0,1,24,0.0,0,227,1,35.5,20,96.9,220,99.1,225,55.1,40,0,0.9,2,209,78,3.9,10.5,0.95
Matthew Hibner,129581,TE,SMU,12,8.7,1,72.5,54.5,6,11,0,3.3,1,0.16,16,287,0,80.5,71.7,62.9,82.8,61.9,26.5,108,3,37,23.1,94,407,2,47.2,29,72.5,295,48.6,198,101.1,40,4,2.2,9,351,152,5.2,12.1,1.19
Jadan Baugh,184417,HB,FLORIDA,12,-0.1,11,82.5,50.0,2,4,0,0.0,0,-0.19,8,163,0,90.4,91.4,87.7,65.8,69.9,0.0,0,1,33,18.0,61,339,0,40.2,33,78.2,265,5.3,18,94.8,40,2,8.8,30,210,227,6.9,6.4,0.79
Jack Endries,158317,TE,TEXAS,12,8.7,2,70.0,60.0,3,5,0,0.0,0,0.22,12,311,0,89.2,71.7,69.5,65.1,64.9,64.4,239,0,54,18.9,70,371,0,44.3,28,77.9,289,25.9,96,109.5,40,2,9.4,35,311,146,5.2,11.1,1.08
Hollywood Smothers,173719,HB,NC STATE,11,-0.6,16,92.5,100.0,1,1,0,0.0,0,0.12,7,248,0,90.6,90.4,78.7,41.0,77.1,0.0,0,0,24,28.9,81,280,0,46.8,37,68.2,191,6.1,17,94.7,40,1,2.1,6,189,268,7.2,5.1,0.99
Kaleb Webb,157616,WR,MARYLAND,12,14.9,2,55.0,50.0,1,2,0,8.3,2,-0.02,17,215,0,65.7,70.6,63.5,,64.0,0.0,0,3,29,0.0,0,228,1,41.8,22,98.7,225,11.4,26,66.5,40,2,88.6,202,318,87,4.0,14.5,1.41
Maguire Anderson,147504,WR,FIU,12,10.2,3,56.4,50.0,1,2,0,4.3,1,0.03,15,166,0,65.7,76.9,60.8,,60.7,0.0,0,3,46,0.0,0,257,0,46.1,22,93.8,241,59.1,152,52.4,39,1,40.5,104,251,131,6.0,11.4,1.04
Jamal Haynes,143918,HB,GA TECH,12,-1.0,9,82.1,100.0,1,1,0,8.6,3,0.2,12,176,0,65.7,77.6,65.6,31.7,58.2,0.0,0,0,34,13.3,28,211,0,55.7,32,82.9,175,23.7,50,93.6,39,0,11.4,24,252,306,9.6,7.9,1.44
Tyler Fortenberry,184525,TE,ARK STATE,12,7.1,9,79.5,33.3,2,6,0,6.1,2,0.07,21,113,0,74.2,72.1,59.1,63.5,63.3,72.6,307,2,28,15.4,65,423,3,50.1,31,80.4,340,25.3,107,92.2,39,2,1.9,8,279,126,4.1,9.0,0.82
Marvis Parrish,199564,HB,W KENTUCKY,12,-1.8,9,92.3,0.0,0,1,0,2.7,1,-0.12,9,346,1,83.1,74.4,71.4,33.8,62.5,0.5,1,0,22,19.6,43,219,0,43.8,36,76.3,167,10.0,22,96.6,39,1,7.3,16,200,294,8.2,5.6,1.2
Jaylen Sargent,150700,WR,WYOMING,12,12.7,2,51.3,33.3,2,6,1,13.0,3,-0.26,13,351,1,28.2,26.3,50.0,,51.1,0.0,0,1,29,0.0,0,272,2,40.4,20,91.9,250,11.8,32,59.6,39,0,88.2,240,238,66,3.3,11.9,0.95
Tanook Hines,205454,WR,USC,12,12.4,1,74.4,57.1,4,7,0,3.3,1,0.3,17,326,0,80.5,72.6,69.5,61.9,70.0,0.0,0,0,51,0.4,1,230,1,48.6,29,93.5,215,11.7,27,124.6,39,2,87.8,202,407,175,6.0,14.0,1.89
Sam Mbake,163638,WR,APP STATE,8,9.1,1,59.0,42.9,3,7,0,11.5,3,0.03,11,108,0,57.3,70.7,57.0,61.0,56.6,0.0,0,1,24,0.6,1,172,0,44.9,23,96.5,166,45.3,78,69.5,39,1,54.7,94,191,66,2.9,8.3,1.15
Malcolm Simmons,191278,WR,AUBURN,11,10.2,8,64.1,40.0,2,5,0,3.8,1,0.04,15,115,0,78.4,83.7,71.2,,68.4,1.7,4,0,91,0.0,0,232,0,41.2,25,95.3,221,59.9,139,121.4,39,2,38.4,89,457,292,11.7,18.3,2.07
Zion Steptoe,156494,WR,TULSA,10,17.2,2,53.8,25.0,1,4,0,0.0,0,-0.03,13,320,0,87.4,73.8,61.1,63.9,59.0,0.0,0,2,42,0.3,1,328,1,40.3,21,91.2,299,16.2,53,54.6,39,0,83.8,275,272,54,2.6,13.0,0.91
Patrick Overmyer,176495,TE,UTSA,12,8.3,1,64.1,57.1,4,7,0,13.8,4,0.1,14,331,0,51.6,76.9,77.0,66.8,65.1,43.1,109,2,45,22.1,56,253,1,47.3,25,73.5,186,50.6,128,99.7,39,4,4.7,12,294,140,5.6,11.8,1.58
Rayshon Luke,158732,HB,FRESNO ST,12,-0.8,6,94.9,,0,0,0,0.0,0,-0.09,11,169,1,90.6,77.7,85.1,12.5,79.1,3.1,5,0,23,9.9,16,161,0,48.7,37,87.0,140,7.5,12,108.1,39,2,12.4,20,228,259,7.0,6.2,1.63
Noah Jennings,178610,WR,CINCINNATI,12,12.8,9,56.4,0.0,0,7,0,12.0,3,0.19,19,138,0,57.3,71.0,68.5,,68.2,0.0,0,0,36,0.0,0,216,0,46.3,22,94.0,203,6.9,15,83.1,39,0,93.1,201,318,113,5.1,14.5,1.57
Kenyon Clay,156837,HB,ARK STATE,12,-0.4,3,92.3,100.0,2,2,0,0.0,0,0.08,10,113,1,90.4,46.4,63.6,72.1,65.6,0.0,0,0,27,17.2,51,296,1,50.7,36,76.4,226,4.1,12,113.0,39,3,5.1,15,194,216,6.0,5.4,0.86
Rocky Beers,156005,TE,COLO STATE,12,7.8,5,79.5,100.0,4,4,0,0.0,0,-0.12,19,144,0,90.1,72.8,69.7,62.7,73.0,37.9,128,0,48,11.2,38,338,4,41.3,31,83.7,283,59.2,200,147.7,39,7,2.4,8,388,176,5.7,12.5,1.37
Roman Mothershed,190694,WR,TROY,11,11.1,6,66.7,75.0,3,4,2,10.3,3,0.07,14,318,1,60.8,29.0,57.2,,59.4,0.4,1,1,29,0.0,0,256,3,43.8,26,94.5,242,12.9,33,83.3,39,1,86.7,222,260,103,4.0,10.0,1.07
Devonte Ross,146735,WR,PENN STATE,12,14.0,6,71.8,50.0,2,4,0,3.4,1,0.08,20,266,0,79.5,79.2,70.3,,71.6,0.0,0,1,75,0.0,0,228,0,48.6,28,95.6,218,34.2,78,135.4,39,5,65.8,150,417,202,7.2,14.9,1.91
Zycarl Lewis Jr.,189579,WR,TULANE,13,10.7,1,56.4,27.3,3,11,0,8.3,2,0.0,15,319,0,56.1,70.6,68.6,,69.7,0.0,0,3,63,0.0,0,150,1,43.4,22,96.7,145,45.3,68,66.2,39,2,54.0,81,300,115,5.2,13.6,2.07
RJ Maryland,127250,TE,SMU,12,7.8,2,71.1,16.7,1,6,0,6.9,2,0.16,16,287,0,70.1,71.3,62.4,74.6,67.5,21.6,46,0,49,4.2,9,213,3,49.5,27,92.5,197,64.8,138,113.9,38,2,8.0,17,320,164,6.1,11.9,1.62
Jeremiah Hasley,162696,TE,DUKE,12,6.7,9,81.6,57.1,4,7,0,6.1,2,0.26,15,154,0,73.5,72.0,73.2,70.5,65.3,55.2,222,0,56,28.9,116,402,4,46.3,31,65.7,264,28.6,115,135.2,38,3,6.2,25,385,233,7.5,12.4,1.46
DJ Rogers,144696,TE,TCU,12,5.6,10,84.2,66.7,4,6,0,5.9,2,0.08,17,305,0,74.5,72.2,72.9,71.5,73.8,56.7,164,0,39,23.2,67,289,1,49.1,32,72.7,210,34.9,101,117.1,38,2,6.9,20,300,153,4.8,9.4,1.43
Corri Milliner,173337,WR,UAB,5,13.1,5,63.2,37.5,3,8,0,11.1,3,0.13,20,321,0,58.4,70.9,68.9,,69.3,0.0,0,2,49,0.0,0,169,0,50.6,24,94.7,160,24.3,41,96.5,38,3,75.7,128,341,98,4.1,14.2,2.13
Aveion Chenault,205552,WR,W MICHIGAN,12,14.6,1,52.6,57.1,4,7,0,9.1,2,-0.17,14,347,0,64.7,71.4,63.3,,62.7,0.0,0,2,45,0.0,0,231,1,36.2,20,94.4,218,12.6,29,68.9,38,2,87.4,202,249,78,3.9,12.5,1.14
Landon Sims,146065,HB,HAWAII,12,0.0,10,89.5,,0,0,0,5.6,2,0.15,12,180,0,75.2,65.0,75.0,64.9,74.1,0.0,0,0,28,53.4,203,380,0,45.4,34,43.4,165,6.3,24,112.2,38,2,0.0,0,255,270,7.9,7.5,1.55
Parker Livingstone,184512,WR,TEXAS,12,15.6,3,68.4,30.0,3,10,0,3.7,1,0.1,20,311,0,78.9,71.9,69.2,,70.4,0.0,0,1,83,0.0,0,285,1,43.8,26,95.1,271,22.1,63,139.8,38,6,77.9,222,491,145,5.6,18.9,1.81
Jo Silver,164549,HB,DELAWARE,10,2.6,1,73.7,0.0,0,3,0,9.7,3,0.19,13,151,1,62.5,75.3,71.7,46.0,56.4,0.9,3,0,36,31.9,105,329,0,51.0,28,63.5,209,5.2,17,96.9,38,1,0.6,2,225,194,6.9,8.0,1.08
Chas Nimrod,157617,WR,USF,6,15.5,4,60.5,25.0,2,8,0,11.5,3,0.09,15,327,0,59.7,71.1,68.8,62.1,70.5,0.0,0,1,55,0.5,1,185,0,45.7,23,94.1,174,13.0,24,119.0,38,3,87.0,161,466,158,6.9,20.3,2.68
Gabe Burkle,157578,TE,IOWA STATE,9,6.5,2,68.4,28.6,2,7,0,7.1,2,0.02,15,193,0,69.2,43.3,58.9,61.9,66.4,57.8,148,1,44,20.3,52,256,1,44.8,26,76.2,195,26.6,68,89.9,38,1,7.8,20,301,149,5.7,11.6,1.54
Demond Claiborne,157523,HB,WAKE,12,-2.2,8,73.7,100.0,1,1,0,17.6,6,-0.11,6,339,1,28.6,47.8,68.7,29.9,41.1,0.0,0,0,21,16.2,42,260,1,37.2,28,80.0,208,3.8,10,78.5,38,0,8.1,21,137,228,8.1,4.9,0.66
Malik Phillips,170505,WR,SM HOUSTON,12,7.3,2,47.4,33.3,2,6,0,14.3,3,-0.2,8,281,0,51.0,74.4,51.6,77.0,53.2,0.4,1,3,26,1.2,3,258,1,37.6,18,94.2,243,99.6,257,36.5,38,1,0.0,0,174,78,4.3,9.7,0.72
Takye Heath,174787,WR,VA TECH,9,7.2,3,57.9,0.0,0,3,0,12.0,3,-0.3,8,337,0,58.4,71.4,60.4,,61.2,0.0,0,3,44,0.0,0,179,1,32.5,22,94.4,169,98.9,177,65.7,38,3,1.1,2,200,85,3.9,9.1,1.18
Jeremy Scott,190098,WR,S ALABAMA,12,15.5,0,63.2,62.5,5,8,0,7.7,2,0.05,14,288,0,68.6,71.1,60.5,,62.6,0.0,0,2,74,0.0,0,261,3,46.0,24,90.0,235,13.0,34,113.6,38,4,87.0,227,417,136,5.7,17.4,1.77
Solomon Beebe,190756,HB,UAB,12,1.4,13,81.6,50.0,2,4,0,8.8,3,-0.02,13,321,0,64.9,55.9,77.3,66.0,73.9,1.7,3,0,43,10.1,18,178,0,45.2,31,85.4,152,22.5,40,97.8,38,0,18.5,33,284,290,9.4,9.2,1.87
Decker DeGraaf,183635,TE,WASHINGTON,12,5.0,3,81.6,60.0,3,5,0,8.8,3,0.27,17,340,0,64.9,72.1,57.3,51.1,62.7,67.4,267,1,30,21.5,85,396,6,53.8,31,76.0,301,22.2,88,112.0,38,2,9.6,38,353,200,6.5,11.4,1.17
Braeden Wisloski,170213,WR,JAMES MAD,11,8.1,10,63.2,66.7,2,3,0,7.7,2,0.27,9,197,1,59.7,22.4,65.6,62.1,66.1,0.0,0,0,68,0.6,1,155,1,46.9,24,91.6,142,79.4,123,116.9,38,3,19.4,30,327,171,7.1,13.6,2.3
Ezekiel Avit,170183,WR,FRESNO ST,11,8.9,4,65.8,40.0,2,5,0,10.7,3,-0.02,12,169,1,61.5,31.0,60.0,,59.8,0.0,0,2,41,0.0,0,200,1,45.3,25,95.0,190,22.5,45,59.8,38,0,77.5,155,226,96,3.8,9.0,1.19
Dontae McMillan,103994,HB,E MICHIGAN,12,-0.3,13,86.8,100.0,2,2,0,8.3,3,0.04,12,160,0,66.4,83.7,78.5,61.4,69.2,0.0,0,0,50,19.1,57,298,0,44.8,33,75.8,226,8.4,25,134.1,38,3,4.0,12,375,390,11.8,11.4,1.66
Donovan Hamilton,190904,WR,BALL ST,12,9.2,2,52.6,38.5,5,13,0,9.1,2,-0.12,10,117,0,64.7,70.4,61.4,60.9,60.6,0.0,0,2,47,0.4,1,229,1,37.6,20,94.8,217,3.9,9,51.2,38,0,96.1,220,248,98,4.9,12.4,1.14
Darius Taylor,173422,HB,MINNESOTA,9,-0.7,10,81.1,100.0,1,1,0,9.1,3,-0.01,11,225,0,65.2,88.8,76.6,72.2,78.1,0.0,0,0,40,26.3,50,190,0,40.0,30,71.1,135,4.7,9,91.7,37,0,2.6,5,222,237,7.9,7.4,1.64
Pearson Baldwin,150307,TE,JVILLE ST,12,7.1,5,67.6,40.0,2,5,0,7.4,2,0.12,12,196,0,68.7,71.1,56.7,67.2,56.7,39.3,129,0,52,14.6,48,328,2,46.4,25,79.9,262,40.9,134,109.3,37,2,18.9,62,292,136,5.4,11.7,1.11
Jacob Gill,145036,WR,IOWA,12,9.3,1,59.5,75.0,6,8,1,15.4,4,-0.17,13,192,0,47.4,70.6,58.6,62.1,60.3,0.0,0,2,44,0.5,1,201,1,41.4,22,94.5,190,83.6,168,67.4,37,1,16.4,33,260,66,3.0,11.8,1.37
Sincere Brown,123276,WR,COLORADO,12,17.5,3,59.5,33.3,3,9,1,0.0,0,-0.05,12,143,1,76.5,27.7,54.6,,53.8,0.0,0,1,71,0.0,0,387,3,38.4,22,96.1,372,4.4,17,100.7,37,2,95.6,370,376,208,9.5,17.1,1.01
Kenny Fletcher Jr.,156506,TE,RUTGERS,11,3.3,5,70.3,0.0,0,1,0,13.3,4,0.21,13,278,0,53.5,71.3,76.0,69.7,69.6,87.7,221,0,39,19.8,50,252,1,50.6,26,75.0,189,11.9,30,87.2,37,0,0.4,1,236,212,8.2,9.1,1.25
Marlion Jackson,162957,WR,LA TECH,12,10.1,5,45.9,100.0,4,4,0,15.0,3,-0.04,11,208,1,49.0,27.3,55.1,,57.0,1.4,3,4,42,0.0,0,207,3,42.1,17,94.2,195,69.1,143,41.7,37,1,29.0,60,283,136,8.0,16.6,1.45
Lawayne McCoy,183307,WR,FLORIDA ST,10,13.6,3,73.0,50.0,2,4,0,0.0,0,0.22,21,167,0,88.6,72.8,70.0,62.1,70.0,0.0,0,1,34,0.4,1,279,3,46.6,27,95.0,265,48.4,135,123.3,37,3,51.6,144,396,100,3.7,14.7,1.49
Eugene Wilson III,175886,WR,FLORIDA,8,7.4,4,73.0,66.7,2,3,0,10.0,3,-0.21,9,163,0,61.8,73.2,57.0,,58.1,0.0,0,1,40,0.0,0,199,1,38.8,27,94.5,188,51.8,103,105.9,37,3,46.2,92,242,132,4.9,9.0,1.29
Chrishon McCray,163139,WR,MICH STATE,11,12.0,5,62.2,60.0,3,5,0,0.0,0,-0.05,14,223,0,87.0,73.2,64.9,,64.1,0.0,0,0,45,0.0,0,285,0,43.3,23,94.0,268,93.3,266,118.0,37,3,6.7,19,329,125,5.4,14.3,1.23
Brodie Malone-Bradford,198946,WR,NEW MEX ST,12,11.9,3,59.5,56.3,9,16,0,0.0,0,-0.19,11,242,0,86.7,70.6,63.7,,65.2,0.0,0,2,41,0.0,0,207,2,41.7,22,92.8,192,2.4,5,74.4,37,2,97.1,201,242,66,3.0,11.0,1.26
Rodney Harris II,133616,WR,OHIO,12,11.7,6,73.0,50.0,4,8,1,6.9,2,0.08,20,259,0,70.7,71.7,61.7,70.7,61.9,0.3,1,1,49,0.5,2,367,3,49.0,27,93.2,342,6.3,23,113.3,37,2,93.2,342,388,107,4.0,14.4,1.13
Cam Cook,173133,HB,JVILLE ST,12,-0.6,11,70.3,0.0,0,1,0,10.3,3,0.1,10,196,0,62.4,70.3,85.7,74.2,58.2,0.3,1,0,54,13.4,45,336,0,45.9,26,81.3,273,12.5,42,90.8,37,0,6.0,20,268,347,13.3,10.3,0.98
Rico Flores Jr.,171083,WR,UCLA,8,8.3,2,70.3,60.0,3,5,1,7.1,2,0.09,14,324,0,69.4,71.2,63.0,,62.5,0.4,1,1,51,0.0,0,236,1,46.5,26,95.8,226,36.0,85,80.2,37,0,63.6,150,274,92,3.5,10.5,1.21
Terry Lockett Jr.,129625,WR,E MICHIGAN,5,12.1,2,51.4,50.0,3,6,0,0.0,0,0.08,11,160,0,85.5,70.1,64.9,,65.1,0.0,0,1,64,0.0,0,172,0,49.4,19,94.8,163,19.2,33,72.2,37,1,80.8,139,263,67,3.5,13.8,1.61
Brandon Inniss,170255,WR,OHIO STATE,12,4.8,9,83.8,71.4,5,7,0,0.0,0,0.48,16,260,0,89.8,53.6,62.2,70.3,65.1,0.9,2,1,29,0.9,2,235,1,60.3,31,94.5,222,80.9,190,108.6,37,3,17.4,41,232,146,4.7,7.5,1.05
Gary Givens III,189126,WR,N ILLINOIS,12,15.8,0,32.4,37.5,3,8,1,0.0,0,-0.33,7,254,0,82.2,68.5,52.4,,52.5,0.0,0,2,31,0.0,0,266,2,33.3,12,94.7,252,9.8,26,31.9,37,1,90.2,240,145,34,2.8,12.1,0.58
Lyndon Ravare,191091,WR,KENNESAW,9,10.7,0,55.6,66.7,4,6,0,9.1,2,0.12,10,200,1,63.8,26.3,53.0,66.6,55.3,0.4,1,1,38,0.8,2,247,2,41.8,20,95.1,235,12.1,30,72.7,36,1,87.0,215,230,51,2.6,11.5,0.98
Rashod Dubinion,157020,HB,APP STATE,12,0.8,9,75.0,100.0,1,1,0,12.9,4,-0.1,10,108,0,53.7,64.9,76.0,47.6,55.1,0.3,1,1,25,20.1,63,313,0,41.0,27,77.0,241,4.2,13,72.7,36,0,7.0,22,170,181,6.7,6.3,0.71
Ethan Conner,172347,TE,TROY,12,6.4,7,72.2,0.0,0,3,0,10.3,3,-0.02,17,318,0,60.5,71.6,61.7,66.2,62.8,62.9,232,0,39,18.4,68,369,4,42.2,26,78.3,289,32.5,120,131.9,36,3,3.3,12,362,215,8.3,13.9,1.25
Dean Connors,156624,HB,HOUSTON,12,1.7,6,86.1,,0,0,0,3.1,1,0.15,13,182,0,81.4,83.9,74.1,36.6,75.1,0.0,0,1,33,24.2,69,285,0,48.8,31,70.2,200,2.5,7,110.9,36,3,2.8,8,242,217,7.0,7.8,1.21
Hunter Welcing,129738,TE,NWESTERN,12,7.6,1,75.0,33.3,1,3,0,6.9,2,-0.01,17,256,0,70.0,71.8,63.8,59.0,69.2,44.3,93,1,36,7.6,16,210,1,42.1,27,86.2,181,46.7,98,104.3,36,2,7.1,15,283,134,5.0,10.5,1.56
Mike Washington Jr.,145672,HB,ARKANSAS,12,0.0,3,77.8,0.0,0,2,0,3.4,1,0.13,8,111,0,79.5,64.2,78.3,28.4,65.6,0.3,1,0,35,25.2,81,322,0,47.9,28,71.1,229,1.6,5,102.1,36,1,5.3,17,226,243,8.7,8.1,0.99
Will Nixon,129707,HB,SYRACUSE,12,1.1,3,72.2,,0,0,0,7.1,2,-0.17,8,304,0,70.7,75.6,62.7,20.0,63.8,0.0,0,0,21,27.3,78,286,0,38.7,26,67.5,193,11.2,32,83.9,36,0,4.2,12,187,167,6.4,7.2,0.97
Winston Watkins Jr.,199790,WR,OLE MISS,13,12.4,4,66.7,66.7,2,3,0,7.7,2,0.31,18,226,0,67.7,31.3,69.7,,72.0,1.8,3,1,43,0.0,0,168,0,52.6,24,92.9,156,82.7,139,97.3,36,1,14.3,24,363,127,5.3,15.1,2.33
Greg Desrosiers Jr.,158759,HB,MEMPHIS,10,-0.9,13,91.7,,0,0,0,0.0,0,0.26,9,218,0,90.1,75.5,75.6,29.7,79.9,0.0,0,0,24,28.1,73,260,0,52.0,33,68.1,177,3.8,10,102.8,36,1,2.3,6,232,268,8.1,7.0,1.31
Noah Meyers,173445,TE,W KENTUCKY,10,5.5,2,83.3,66.7,2,3,0,3.2,1,0.0,17,346,0,80.9,71.9,62.2,69.4,67.3,47.4,147,0,39,16.5,51,310,1,47.1,30,80.0,248,48.4,150,128.8,36,3,4.2,13,297,115,3.8,9.9,1.2
Andrel Anthony,144916,WR,DUKE,10,12.9,2,72.2,77.8,7,9,0,3.7,1,0.28,14,154,0,78.9,71.3,68.1,62.1,67.5,0.0,0,0,35,0.5,1,205,0,48.2,26,93.7,192,14.6,30,130.3,36,5,84.9,174,246,76,2.9,9.5,1.28
Robby Washington,170096,WR,COAST CAR,12,3.1,13,69.4,,0,0,0,13.8,4,-0.18,12,141,0,51.0,73.1,61.6,,64.1,1.3,2,2,39,0.0,0,151,2,36.4,25,92.1,139,94.7,143,83.1,36,2,4.0,6,240,203,8.1,9.6,1.73
Tama Uiliata,184180,WR,HAWAII,12,5.7,2,77.8,40.0,2,5,0,0.0,0,-0.06,12,180,0,88.6,84.4,60.8,,60.8,0.0,0,0,30,0.0,0,250,3,39.5,28,94.4,236,92.4,231,93.4,36,0,7.6,19,231,121,4.3,8.3,0.98
Luke Lindenmeyer,156460,TE,NEBRASKA,12,5.8,8,80.0,66.7,2,3,1,3.4,1,0.14,15,238,0,80.5,71.7,66.9,69.2,68.0,63.1,229,1,26,26.7,97,363,2,47.9,28,71.3,259,23.7,86,110.2,35,2,13.2,48,306,177,6.3,10.9,1.18
Marcello Bussey,169936,WR,MEMPHIS,12,11.9,5,68.6,75.0,6,8,0,4.0,1,0.22,10,218,0,77.2,70.9,59.7,64.5,59.6,0.8,2,1,40,0.4,1,256,0,53.5,24,93.8,240,14.5,37,77.4,35,0,84.8,217,253,62,2.6,10.5,1.05
Kyle Parker,172489,WR,LSU,12,8.7,5,68.6,66.7,2,3,0,11.1,3,0.01,13,211,0,58.6,71.4,60.4,71.9,62.6,0.4,1,1,43,0.8,2,237,0,46.8,24,92.8,220,71.7,170,107.1,35,3,27.8,66,262,125,5.2,10.9,1.19
Randy Pittman Jr.,176195,TE,FLORIDA ST,9,9.0,0,65.7,66.7,2,3,0,4.2,1,0.19,10,167,0,68.4,73.8,62.2,56.4,59.9,30.5,102,1,35,24.6,82,334,3,45.7,23,70.4,235,49.1,164,88.7,35,2,13.5,45,208,62,2.7,9.0,0.89
Robert Williams,147155,WR,LA LAFAYET,11,14.5,2,60.0,60.0,3,5,1,16.0,4,-0.07,12,207,0,46.0,81.2,55.7,,55.2,0.0,0,0,44,0.0,0,248,1,38.5,21,91.1,226,24.2,60,86.1,35,0,75.8,188,286,97,4.6,13.6,1.27
Michael Fitzgerald II,147418,WR,WYOMING,12,16.5,1,45.7,41.7,5,12,0,5.9,1,-0.2,11,351,1,72.8,25.3,57.8,,60.5,0.0,0,2,35,0.0,0,218,1,40.2,16,93.6,204,6.9,15,72.1,35,3,93.1,203,228,17,1.1,14.3,1.12
Chase Penry,86538,WR,BOISE ST,12,9.1,2,68.6,62.5,5,8,0,4.0,1,-0.12,13,120,0,77.2,70.9,66.9,70.3,67.2,0.5,1,1,21,1.1,2,185,2,42.7,24,95.1,176,34.1,63,88.6,35,1,65.4,121,267,72,3.0,11.1,1.52
Caden Jensen,176351,TE,LA LAFAYET,11,3.8,1,71.4,60.0,3,5,0,10.7,3,-0.17,4,207,0,60.7,71.2,54.1,74.1,44.1,71.2,185,3,27,16.2,42,260,0,40.3,25,75.0,195,19.2,50,54.3,35,1,9.2,24,159,76,3.0,6.4,0.82
Tray Taylor,186494,WR,TROY,12,11.8,6,74.3,50.0,1,2,0,7.1,2,0.02,14,318,1,69.2,41.4,73.1,,73.1,1.2,2,2,60,0.0,0,168,0,41.7,26,97.0,163,80.4,135,120.8,35,3,14.9,25,460,220,8.5,17.7,2.82
Kobe Prentice,163609,WR,BAYLOR,11,9.4,6,74.3,0.0,0,1,0,7.1,2,0.08,11,118,0,69.2,71.2,72.3,,73.1,0.0,0,1,73,0.0,0,175,0,42.9,26,92.0,161,95.4,167,136.9,35,6,4.6,8,380,195,7.5,14.6,2.36
Nate Sheppard,198337,HB,DUKE,12,-0.3,11,85.7,100.0,2,2,0,6.3,2,0.27,11,154,0,72.7,90.5,86.0,53.8,71.9,0.0,0,0,20,22.8,61,267,0,51.2,30,71.2,190,8.2,22,104.2,35,1,1.1,3,235,254,8.5,7.8,1.24
Semaj Morgan,174043,WR,MICHIGAN,10,5.3,9,54.3,,0,0,0,29.6,8,0.05,11,222,1,19.2,31.4,57.0,64.5,57.0,0.6,1,0,32,0.6,1,162,1,48.1,19,96.3,156,81.5,132,82.3,35,1,17.3,28,214,175,9.2,11.3,1.37
John Michael Gyllenborg,150698,TE,WYOMING,9,6.6,3,68.6,33.3,2,6,0,11.1,3,-0.21,11,351,0,58.4,70.9,54.1,64.6,64.0,56.4,124,2,24,14.5,32,220,0,39.4,24,81.4,179,40.9,90,70.1,35,1,1.4,3,211,118,4.9,8.8,1.18
Donovan Olugbode,198878,WR,MISSOURI,12,12.7,4,68.6,60.0,6,10,0,0.0,0,0.02,17,229,0,87.4,70.9,74.8,,74.7,0.0,0,1,34,0.0,0,192,0,41.7,24,93.8,180,13.5,26,106.8,35,2,86.5,166,340,127,5.3,14.2,1.89
Dillon Bell,163734,WR,GEORGIA,12,11.1,2,65.7,57.1,4,7,0,8.0,2,0.17,13,173,0,66.7,42.4,57.6,,58.4,0.4,1,1,36,0.0,0,239,1,50.2,23,92.1,220,21.8,52,82.3,35,1,77.8,186,234,121,5.3,10.2,1.06
John Neider,171057,WR,UCONN,12,13.1,4,70.6,60.0,6,10,0,4.0,1,0.47,16,146,0,77.8,71.1,69.1,,69.9,0.0,0,0,45,0.0,0,228,1,54.6,24,94.7,216,21.5,49,128.9,34,2,78.5,179,395,118,4.9,16.5,1.83
Kameron Courtney,183285,WR,VIRGINIA,12,4.8,3,67.6,0.0,0,2,0,17.9,5,-0.02,9,335,0,40.2,75.6,63.5,,62.4,4.4,6,1,34,0.0,0,135,0,44.6,23,96.3,130,83.7,113,74.1,34,0,11.9,16,228,157,6.8,9.9,1.75
Reese Smith,123432,WR,LIBERTY,12,8.2,1,67.6,60.0,3,5,0,8.0,2,-0.04,10,206,2,66.7,32.6,59.3,,59.7,0.0,0,4,23,0.0,0,211,2,40.2,23,94.3,199,98.6,208,54.3,34,1,1.4,3,209,85,3.7,9.1,1.05
Jamarien Wheeler,175067,WR,E MICHIGAN,11,12.0,3,67.6,33.3,3,9,0,8.0,2,0.08,16,160,1,67.6,28.1,64.0,,62.9,0.0,0,1,43,0.0,0,211,1,44.9,23,92.9,196,4.7,10,102.7,34,2,95.3,201,301,102,4.4,13.1,1.54
Anthony Garcia,174863,WR,UTAH ST,12,14.6,1,55.9,66.7,4,6,0,26.9,7,0.14,14,329,0,23.1,74.3,63.4,,55.6,0.4,1,1,74,0.0,0,244,1,43.9,19,88.1,215,13.5,33,97.4,34,2,84.0,205,338,75,3.9,17.8,1.57
J'Koby Williams,191359,HB,TEXAS TECH,12,-0.4,18,85.3,0.0,0,1,0,3.3,1,0.18,14,315,0,81.4,90.0,89.3,18.5,91.5,0.0,0,0,73,30.9,63,204,1,45.4,29,66.7,136,10.3,21,132.0,34,2,6.9,14,373,434,15.0,12.9,2.74
Teddy Hoffmann,198966,WR,NC STATE,12,13.3,1,70.6,71.4,5,7,0,4.0,1,0.25,12,248,0,67.6,78.3,70.2,,68.4,0.0,0,1,55,0.0,0,163,0,51.0,24,92.6,151,71.2,116,106.6,34,2,28.8,47,313,75,3.1,13.0,2.07
Jayvontay Conner,172510,TE,E CAROLINA,12,8.6,6,67.6,33.3,1,3,0,8.0,2,0.25,16,156,1,66.7,29.0,69.8,70.6,72.6,37.2,92,0,79,36.0,89,247,1,52.8,23,59.5,147,42.5,105,130.3,34,3,1.6,4,346,200,8.7,15.0,2.35
Tre Spivey,173119,WR,ARIZONA,12,11.2,7,61.8,66.7,6,9,0,12.5,3,0.17,14,109,0,64.7,71.2,64.3,74.3,63.1,0.0,0,2,70,0.7,2,276,2,46.7,21,93.1,257,13.0,36,112.6,34,6,87.0,240,359,198,9.4,17.1,1.4
Jacob Petersen,149424,TE,TOLEDO,12,9.5,1,64.7,20.0,1,5,0,8.3,2,0.12,11,316,0,65.9,70.6,50.9,70.5,52.4,66.7,240,2,28,21.9,79,360,3,50.0,22,73.9,266,32.2,116,84.8,34,2,1.1,4,275,106,4.8,12.5,1.03
Grayson Tempest,127630,WR,TULSA,8,13.1,2,64.7,50.0,4,8,0,8.3,2,0.0,10,320,0,66.8,76.7,62.2,,62.8,0.0,0,1,51,0.0,0,208,2,41.1,22,91.3,190,56.3,117,86.9,34,1,43.8,91,272,92,4.2,12.4,1.43
Jeremiyah Love,171090,HB,NOTRE DAME,12,2.4,8,79.4,0.0,0,2,0,3.6,1,0.34,13,258,0,70.7,85.0,93.1,55.5,72.6,0.0,0,0,36,27.4,62,226,1,52.8,27,67.7,153,6.6,15,130.4,34,3,4.0,9,280,268,9.9,10.4,1.83
Cam Barfield,162657,HB,HAWAII,12,-1.6,3,73.5,0.0,0,1,0,13.8,4,0.12,9,180,0,51.4,86.1,72.1,54.0,67.0,0.0,0,1,59,29.5,51,173,1,40.8,25,68.8,119,15.0,26,109.1,34,3,0.0,0,233,289,11.6,9.3,1.96
Derek Eusebio,176528,WR,ARIZONA ST,11,8.6,2,61.8,40.0,2,5,0,8.7,2,0.06,11,110,0,64.9,71.9,56.9,62.1,57.5,0.0,0,0,68,0.4,1,253,1,39.9,21,95.7,242,95.3,241,110.3,34,2,4.7,12,303,146,7.0,14.4,1.25
Levi Wentz,145365,WR,KANSAS,12,15.1,2,47.1,0.0,0,6,0,15.8,3,0.11,12,198,0,49.0,69.7,61.1,,59.0,0.0,0,0,50,0.0,0,227,0,44.9,16,95.2,216,14.5,33,92.5,34,2,85.5,194,258,110,6.9,16.1,1.19
JV Gibson,193295,WR,OKLAHOMA,9,10.5,3,55.9,71.4,5,7,0,5.0,1,-0.03,10,261,0,74.4,70.3,57.1,,56.9,0.0,0,2,38,0.0,0,236,1,40.5,19,92.8,219,11.0,26,58.9,34,1,89.0,210,204,62,3.3,10.7,0.93
Cade Wolford,188243,WR,KENT STATE,12,14.4,3,55.9,100.0,1,1,0,5.0,1,-0.03,12,201,0,74.6,76.0,80.3,67.5,77.8,0.0,0,0,79,0.6,1,155,1,38.2,19,92.3,143,77.4,120,140.3,34,7,9.7,15,509,241,12.7,26.8,3.56
Anthony Hankerson,157691,HB,OREGON ST,12,-0.7,8,66.7,100.0,1,1,0,12.0,3,-0.15,4,265,0,56.1,88.5,73.7,87.5,47.7,1.0,4,0,14,29.3,113,386,2,44.2,22,68.9,266,3.4,13,73.2,33,0,4.9,19,123,137,6.2,5.6,0.46
Justin Holmes,156914,TE,PITTSBURGH,11,7.4,2,66.7,0.0,0,4,0,4.3,1,-0.06,11,268,2,76.5,17.7,51.1,57.0,52.8,58.8,164,1,22,17.9,50,279,2,42.6,22,77.4,216,18.6,52,110.0,33,4,16.8,47,201,98,4.5,9.1,0.93
Perry Thompson,191279,WR,AUBURN,12,10.8,1,51.5,28.6,2,7,1,10.5,2,-0.05,8,115,0,60.0,69.7,52.6,,53.2,0.0,0,2,34,0.0,0,239,4,41.6,17,94.6,226,13.8,33,39.2,33,0,86.2,206,154,40,2.4,9.1,0.68
Lavon Brown,173467,WR,COLO STATE,12,9.7,6,66.7,66.7,4,6,1,12.0,3,-0.02,14,144,0,56.1,71.9,56.9,63.6,58.3,0.0,0,1,31,0.4,1,227,2,42.5,22,93.8,213,42.3,96,75.8,33,0,57.7,131,244,93,4.2,11.1,1.15
Kylen Evans,184353,WR,TEXAS ST,11,13.5,3,45.5,0.0,0,4,0,21.1,4,0.26,11,314,0,34.5,69.6,52.6,,52.6,0.0,0,2,45,0.0,0,254,4,52.1,15,95.3,242,45.7,116,51.5,33,1,54.3,138,211,89,5.9,14.1,0.87
Tristan Smith,192874,WR,CLEMSON,12,8.6,7,66.7,66.7,6,9,0,15.4,4,0.13,11,140,1,47.1,70.9,63.6,,62.9,0.0,0,0,23,0.0,0,150,0,49.0,22,95.3,143,6.7,10,96.7,33,1,93.3,140,229,82,3.7,10.4,1.6
Joe Royer,52545,TE,CINCINNATI,12,6.2,4,87.9,75.0,3,4,0,0.0,0,0.27,16,138,0,88.9,71.8,60.4,72.4,65.5,46.1,160,0,73,17.0,59,347,3,48.6,29,78.1,271,48.7,169,158.3,33,4,2.0,7,416,257,8.9,14.3,1.54
Luke Reynolds,183611,TE,PENN STATE,12,6.0,3,72.7,57.1,4,7,0,11.1,3,0.09,10,266,1,58.6,29.4,62.5,69.3,55.6,34.6,74,2,22,7.9,17,214,0,48.5,24,89.7,192,49.5,106,66.4,33,0,14.5,31,229,126,5.3,9.5,1.19
Keontez Lewis,146387,WR,OKLAHOMA,9,12.7,3,63.6,57.1,4,7,0,0.0,0,0.02,15,261,1,86.3,26.8,60.6,60.9,61.7,0.0,0,2,28,0.5,1,215,1,46.7,21,97.2,209,6.0,13,80.7,33,2,94.0,202,243,45,2.1,11.6,1.16
Jonah Coleman,158717,HB,WASHINGTON,11,-1.0,8,90.9,,0,0,0,0.0,0,0.29,12,340,0,89.5,90.1,81.7,57.1,78.2,0.0,0,0,45,23.8,62,260,0,56.3,30,73.8,192,3.1,8,130.3,33,2,7.3,19,344,379,12.6,11.5,1.79
Grant Hollier,204912,TE,GA STATE,12,10.2,4,63.6,20.0,1,5,0,16.0,4,0.06,17,175,0,47.4,70.6,59.3,70.5,64.8,44.4,107,0,52,3.3,8,241,1,44.2,21,89.6,216,46.1,111,131.1,33,4,9.5,23,288,115,5.5,13.7,1.33
Rodney Fields Jr.,188722,HB,OKLA STATE,9,1.5,11,84.8,100.0,2,2,0,3.4,1,-0.16,12,262,0,79.5,88.9,75.4,56.0,69.3,0.0,0,0,63,17.1,37,216,0,40.3,28,80.6,174,13.4,29,111.6,33,1,4.2,9,276,227,8.1,9.9,1.59
Marlin Klein,162818,TE,MICHIGAN,10,7.7,1,60.6,33.3,1,3,0,13.0,3,0.17,7,222,0,53.5,70.2,61.1,73.9,61.8,58.4,108,0,27,22.7,42,185,2,49.7,20,75.1,139,34.6,64,89.1,33,1,7.0,13,209,122,6.1,10.5,1.5
Clay Thevenin,198671,HB,LA TECH,12,-1.3,17,87.9,0.0,0,1,2,0.0,0,-0.1,13,208,1,89.2,67.5,78.0,43.8,75.4,0.0,0,1,30,23.7,44,186,4,41.5,29,73.7,137,18.3,34,84.8,33,0,1.1,2,244,312,10.8,8.4,1.78
Jake McConnachie,123016,WR,UMASS,11,10.7,2,50.0,22.2,2,9,0,15.8,3,-0.39,6,216,0,49.2,69.7,56.1,,55.3,0.0,0,2,21,0.0,0,182,0,34.7,16,95.1,173,6.6,12,36.1,32,0,93.4,170,141,19,1.2,8.8,0.82
Drew Wagner,190897,WR,NWESTERN,9,8.0,6,68.8,66.7,2,3,0,4.3,1,-0.06,6,256,0,76.7,81.4,64.8,,64.4,0.0,0,0,40,0.0,0,121,0,38.6,22,93.4,113,82.6,100,102.6,32,2,16.5,20,172,119,5.4,7.8,1.52
Troy Omeire,123124,WR,UNLV,12,14.6,2,81.3,42.9,3,7,1,3.7,1,0.37,18,325,0,78.9,71.3,71.1,,71.4,0.0,0,1,68,0.0,0,209,2,55.8,26,95.2,199,7.7,16,145.3,32,4,92.3,193,472,134,5.2,18.2,2.37
Jordon Simmons,129634,HB,GA STATE,11,1.7,1,84.4,,0,0,0,12.9,4,-0.14,9,175,0,54.4,87.0,70.1,50.1,57.6,0.0,0,0,32,17.7,40,226,0,41.6,27,78.8,178,3.1,7,102.1,32,1,2.2,5,192,161,6.0,7.1,1.08
Donovan Lewis,178135,WR,DELAWARE,8,13.5,2,62.5,70.0,7,10,0,9.1,2,0.25,11,151,0,63.6,71.3,70.0,,68.7,0.7,1,1,30,0.0,0,146,0,55.9,20,93.2,136,8.2,12,80.1,32,1,90.4,132,219,45,2.3,11.0,1.61
Tre Williams III,186580,TE,N TEXAS,12,7.6,7,78.1,25.0,1,4,0,7.4,2,0.48,14,251,0,69.2,71.2,57.1,58.8,56.1,42.9,146,0,56,28.2,96,340,2,54.1,25,67.9,231,44.7,152,147.8,32,4,0.9,3,319,162,6.5,12.8,1.38
Cam Bates,190986,WR,BOISE ST,12,15.8,1,43.8,33.3,2,6,0,26.3,5,0.0,10,120,0,28.2,76.4,57.6,,54.6,0.0,0,1,42,0.0,0,232,0,43.1,14,92.7,215,30.2,70,56.4,32,0,69.8,162,237,45,3.2,16.9,1.1
Malick Meiga,129791,WR,COAST CAR,10,10.3,0,56.3,60.0,3,5,0,10.0,2,-0.26,8,141,0,61.5,69.9,57.1,,56.6,0.0,0,1,21,0.0,0,164,0,31.0,18,94.5,155,5.5,9,68.5,32,1,93.9,154,170,68,3.8,9.4,1.1
Dre'lon Miller,190790,HB,COLORADO,11,7.1,4,65.6,100.0,1,1,0,19.2,5,-0.08,6,143,0,37.0,61.5,53.4,40.8,48.6,0.9,2,0,32,7.5,17,228,0,38.5,21,89.9,205,63.2,144,88.8,32,1,1.8,4,166,122,5.8,7.9,0.81
Jordan King,158320,WR,CAL,11,9.9,2,68.8,50.0,4,8,0,4.3,1,-0.03,15,130,0,76.1,70.6,63.9,70.4,65.5,2.4,5,0,38,1.0,2,208,2,42.0,22,95.2,198,70.7,147,115.1,32,2,26.0,54,268,67,3.0,12.2,1.35
Juice Vereen,170383,TE,UCONN,9,10.4,1,68.8,60.0,3,5,0,8.3,2,0.37,12,146,0,65.7,70.6,63.9,55.4,66.1,36.7,61,0,50,9.0,15,166,0,51.9,22,87.3,145,46.4,77,139.3,32,5,13.9,23,310,129,5.9,14.1,2.14
Ramone Green Jr.,171449,HB,MO STATE,12,3.9,8,78.1,50.0,1,2,0,0.0,0,0.14,13,230,0,87.7,81.8,81.3,62.6,89.4,0.0,0,0,76,24.7,44,178,0,39.9,25,72.5,129,1.1,2,139.6,32,2,5.6,10,403,331,13.2,16.1,3.12
Jaden Platt,172591,TE,ARKANSAS,12,8.9,1,62.5,20.0,1,5,0,13.0,3,0.17,15,111,0,53.7,70.2,59.7,67.5,66.0,91.0,242,0,34,16.5,44,266,4,50.4,20,78.6,209,6.0,16,111.7,32,2,3.0,8,282,124,6.2,14.1,1.35
Baylin Brooks,175749,WR,W MICHIGAN,12,13.1,4,74.2,50.0,4,8,2,4.2,1,0.01,16,347,0,76.5,71.0,66.9,,67.6,0.0,0,0,42,0.0,0,224,2,42.8,23,96.0,215,15.6,35,107.5,31,0,83.5,187,324,85,3.7,14.1,1.51
Donavon Greene,97813,WR,VA TECH,9,11.1,1,51.6,30.0,3,10,0,20.0,4,-0.07,10,337,0,36.9,69.5,59.0,,56.8,0.0,0,0,37,0.0,0,244,2,41.9,16,93.9,229,4.5,11,103.4,31,2,95.5,233,274,105,6.6,17.1,1.2
Jordan Brown,122548,WR,NEVADA,8,10.7,3,51.6,33.3,2,6,0,15.8,3,-0.3,10,239,1,49.0,24.7,57.4,,55.7,0.0,0,3,28,0.0,0,159,1,39.1,16,95.0,151,28.9,46,30.0,31,0,71.1,113,182,95,5.9,11.4,1.21
Brian Rowe Jr.,199945,WR,S CAROLINA,11,7.7,1,61.3,0.0,0,1,0,5.0,1,-0.02,5,289,0,63.6,73.1,60.7,,60.0,0.0,0,0,24,0.0,0,193,1,38.8,19,91.7,177,90.2,174,83.9,31,1,9.8,19,149,79,4.2,7.8,0.84
JP Coulter,199731,WR,LA MONROE,12,11.5,4,67.7,20.0,1,5,0,8.7,2,-0.14,13,209,1,56.3,27.3,58.5,61.0,58.0,0.0,0,1,39,0.5,1,218,1,35.6,21,92.2,201,29.8,65,76.1,31,0,70.2,153,231,91,4.3,11.0,1.15
Caleb Hawkins,199001,HB,N TEXAS,11,-2.7,13,90.3,50.0,1,2,0,3.4,1,0.58,17,251,0,79.5,84.6,93.4,49.0,76.0,0.0,0,0,68,16.6,39,235,0,58.6,28,81.3,191,9.4,22,143.8,31,3,3.4,8,334,415,14.8,11.9,1.75
Clayton Coppock Jr.,198608,WR,KENNESAW,9,10.8,1,77.4,66.7,2,3,0,0.0,0,0.43,14,200,0,88.0,75.7,72.6,,74.0,0.6,1,1,55,0.0,0,173,2,52.5,24,92.5,160,88.4,153,132.5,31,5,8.1,14,296,100,4.2,12.3,1.85
James BlackStrain,143905,WR,MO STATE,10,9.0,3,64.5,33.3,1,3,0,9.1,2,0.09,13,230,0,63.6,70.2,61.1,,60.3,0.0,0,1,32,0.0,0,204,0,43.4,20,92.6,189,3.4,7,82.9,31,1,96.6,197,221,85,4.3,11.1,1.17
Kewan Lacy,190221,HB,OLE MISS,13,-3.5,9,83.9,,0,0,0,13.3,4,0.3,6,226,0,52.4,90.0,88.0,60.4,53.6,0.0,0,0,22,34.6,138,399,0,53.2,26,62.4,249,7.0,28,88.3,31,0,3.0,12,161,258,9.9,6.2,0.65
DJ Vonnahme,189695,TE,IOWA,11,8.7,2,71.0,83.3,5,6,0,8.3,2,-0.12,13,192,0,65.7,70.6,59.8,45.1,73.6,53.7,94,0,43,27.4,48,175,0,39.4,22,69.7,122,39.4,69,121.4,31,2,4.0,7,288,157,7.1,13.1,2.36
Ben Ford,145989,WR,BOISE ST,7,11.7,1,67.7,60.0,3,5,1,16.0,4,0.27,17,120,0,48.6,70.7,72.0,,70.8,0.0,0,1,60,0.0,0,168,1,50.0,21,94.0,158,28.0,47,128.4,31,5,72.0,121,325,86,4.1,15.5,2.06
Damon Bankston,147854,HB,NEW MEXICO,12,4.7,6,83.9,100.0,1,1,0,3.7,1,0.06,11,241,0,78.5,52.9,71.6,53.8,72.9,0.0,0,0,84,18.0,35,194,0,43.7,26,77.3,150,12.9,25,149.2,31,3,5.2,10,374,300,11.5,14.4,2.49
Bauer Sharp,150160,TE,LSU,12,4.9,2,77.4,60.0,3,5,0,7.7,2,0.01,8,211,2,67.6,18.0,47.0,72.7,48.4,56.5,170,1,65,25.9,78,301,5,45.3,24,69.8,210,37.2,112,108.0,31,2,4.0,12,248,145,6.0,10.3,1.18
LJ Martin,175035,HB,BYU,12,-0.3,7,93.5,50.0,1,2,0,0.0,0,0.18,9,128,0,88.9,91.3,86.7,58.8,76.5,0.0,0,0,26,34.9,107,307,1,50.0,29,61.2,188,8.8,27,96.8,31,0,2.0,6,224,262,9.0,7.7,1.19
Keaton Kubecka,173077,WR,KANSAS,12,9.3,1,54.8,50.0,3,6,0,10.5,2,0.11,8,198,0,60.2,73.6,59.3,,57.9,0.0,0,1,18,0.0,0,145,1,53.2,17,97.2,141,15.2,22,66.2,31,1,84.8,123,157,53,3.1,9.2,1.11
Armani Winfield,158574,WR,COLO STATE,12,9.6,4,71.0,100.0,5,5,0,0.0,0,-0.15,13,144,0,86.7,70.6,61.2,,61.0,0.0,0,0,49,0.0,0,237,0,36.7,22,95.4,226,3.4,8,119.8,31,2,96.6,229,276,142,6.5,12.5,1.22
Ayden Williams,172531,WR,MISS STATE,12,10.0,1,61.3,83.3,5,6,0,13.6,3,0.0,8,227,0,52.1,70.1,51.7,,51.4,0.0,0,0,49,0.0,0,295,0,42.8,19,93.6,276,9.8,29,83.0,31,0,90.2,266,222,77,4.1,11.7,0.8
Justin Bowick,159603,WR,ILLINOIS,11,15.0,0,61.3,42.9,3,7,0,0.0,0,0.3,15,187,0,85.5,70.1,69.4,,69.3,0.0,0,1,25,0.0,0,151,1,54.7,19,92.1,139,6.6,10,110.8,31,4,93.4,141,234,41,2.2,12.3,1.68
Max Dowling,163805,TE,UMASS,12,6.9,1,64.5,75.0,3,4,0,9.1,2,-0.16,12,216,0,63.6,70.2,55.0,57.9,54.7,39.3,116,0,77,8.8,26,295,0,39.1,20,87.5,258,56.6,167,115.3,31,3,3.1,9,202,95,4.8,10.1,0.78
Giovanni Richardson,198110,WR,ARIZONA,11,12.1,0,63.3,33.3,1,3,0,9.5,2,-0.09,10,109,0,53.5,70.8,70.1,,71.6,1.1,1,1,60,0.0,0,92,0,43.4,19,90.2,83,87.0,80,100.8,30,2,12.0,11,271,129,6.8,14.3,3.27
Jake Godfrey,175734,WR,LA MONROE,11,13.0,4,53.3,57.1,4,7,0,5.9,1,-0.26,9,209,0,71.1,80.7,61.1,,61.3,0.0,0,1,37,0.0,0,167,3,31.2,16,92.2,154,86.8,145,81.4,30,2,12.0,20,191,25,1.6,11.9,1.24
Jairus Mack,145562,WR,W KENTUCKY,8,7.4,3,70.0,50.0,2,4,0,0.0,0,-0.06,12,346,0,86.3,81.6,65.4,,64.4,0.0,0,2,32,0.0,0,170,0,45.4,21,95.9,163,92.4,157,70.7,30,1,7.6,13,194,88,4.2,9.2,1.19
Trevon Tate,186678,WR,UTEP,11,7.7,3,70.0,50.0,3,6,0,0.0,0,-0.31,7,330,1,86.3,28.1,57.6,63.9,58.9,0.0,0,1,73,0.5,1,188,0,34.9,21,92.6,174,91.5,172,89.4,30,1,8.0,15,229,118,5.6,10.9,1.32
Jaylen Bonelli,171689,WR,ARK STATE,12,11.2,0,66.7,50.0,3,6,0,4.8,1,-0.08,9,113,0,74.4,73.3,60.7,,60.1,0.5,1,1,34,0.0,0,187,2,45.8,20,94.7,177,12.8,24,89.9,30,2,86.6,162,172,54,2.7,8.6,0.97
Jaquari Lewis,198096,HB,APP STATE,12,-0.6,6,90.0,66.7,2,3,0,3.6,1,0.1,10,108,0,79.6,89.0,71.6,33.6,66.8,0.9,2,0,23,17.8,41,230,1,46.8,27,79.6,183,4.8,11,88.5,30,0,5.2,12,157,176,6.5,5.8,0.86
Bruin Fleischmann,173861,TE,AIR FORCE,12,10.5,2,70.0,100.0,3,3,0,0.0,0,0.37,17,101,0,86.3,70.4,72.2,50.9,83.1,47.2,84,1,68,11.2,20,178,3,51.5,21,86.0,153,16.3,29,137.5,30,6,27.5,49,370,187,8.9,17.6,2.42
Jay Ducker,130550,HB,TEMPLE,12,2.0,2,80.0,0.0,0,1,0,0.0,0,0.17,4,306,0,87.4,90.3,83.0,54.8,65.0,0.0,0,0,15,30.7,69,225,0,44.7,24,66.7,150,8.0,18,103.6,30,2,0.4,1,106,88,3.7,4.4,0.71
Jeremiah Noga,146338,WR,WASH STATE,12,11.4,0,60.0,80.0,4,5,0,0.0,0,-0.08,9,341,0,85.5,70.1,56.4,34.7,57.4,0.0,0,2,35,0.4,1,250,0,39.7,18,93.2,233,8.8,22,60.7,30,1,91.2,228,182,18,1.0,10.1,0.78
Patrick Clacks III,188136,WR,BUFFALO,12,11.6,0,40.0,40.0,2,5,0,14.3,2,-0.07,2,126,0,52.0,69.4,48.7,,49.7,4.4,8,0,11,0.0,0,181,2,36.4,12,95.6,173,72.9,132,70.1,30,2,22.7,41,68,9,0.8,5.7,0.39
Devin Spencer,188360,HB,ARK STATE,12,0.2,3,73.3,50.0,1,2,0,8.3,2,-0.07,6,113,0,65.7,74.5,73.3,87.7,54.3,0.0,0,0,13,14.8,38,256,1,42.4,22,81.3,208,2.3,6,79.6,30,0,3.1,8,118,137,6.2,5.4,0.57
Kadarius Calloway,172271,HB,NEW MEX ST,12,-0.8,7,86.7,,0,0,0,7.1,2,-0.05,6,242,0,70.0,76.7,67.7,42.4,66.1,0.0,0,0,27,28.9,65,225,0,42.5,26,67.6,152,4.0,9,91.0,30,0,0.9,2,175,198,7.6,6.7,1.15
Matt Wagner,176320,TE,BOISE ST,12,3.9,6,73.3,57.1,4,7,0,4.3,1,-0.01,11,120,0,75.9,70.6,58.3,66.0,71.2,71.0,152,0,28,22.4,48,214,3,43.0,22,73.4,157,21.5,46,107.5,30,1,6.5,14,239,165,7.5,10.9,1.52
Dallas Payne,156630,TE,FIU,11,4.8,7,83.3,100.0,1,1,0,3.8,1,0.18,15,166,0,78.9,71.3,68.9,76.4,70.7,50.4,125,1,42,22.2,55,248,4,50.2,25,71.8,178,32.3,80,123.1,30,3,15.3,38,266,161,6.4,10.6,1.49
Cameron Flowers,188745,WR,W KENTUCKY,12,9.8,3,63.3,0.0,0,7,1,0.0,0,0.06,12,346,0,85.5,74.7,63.2,,64.0,0.0,0,1,30,0.0,0,178,1,44.6,19,91.6,163,52.2,93,80.4,30,1,47.2,84,204,106,5.6,10.7,1.25
David Larkins,133685,TE,APP STATE,12,7.5,3,73.3,50.0,3,6,1,0.0,0,0.02,12,108,0,86.7,70.6,67.7,55.6,66.7,70.4,183,2,40,31.9,83,260,3,45.4,22,65.8,171,24.6,64,86.0,30,2,3.1,8,204,108,4.9,9.3,1.19
Aidan Mizell,174257,WR,FLORIDA,8,9.6,2,63.3,60.0,3,5,0,5.0,1,-0.02,13,163,0,73.6,70.1,68.6,,69.3,0.0,0,4,23,0.0,0,128,0,42.4,19,97.7,125,25.0,32,51.0,30,1,73.4,94,177,69,3.6,9.3,1.42
Micah Tease,172599,WR,TULSA,7,15.7,5,43.3,33.3,3,9,0,13.3,2,0.18,9,320,1,53.9,69.5,57.2,,57.7,0.0,0,3,34,0.0,0,186,0,48.6,13,95.2,177,15.1,28,37.5,30,1,84.9,158,200,61,4.7,15.4,1.13
Theo Melin Ohrstrom,158662,TE,TEXAS A&M,13,6.9,1,63.3,100.0,1,1,0,5.0,1,0.07,11,312,0,73.8,70.1,57.7,76.6,59.0,67.9,178,3,28,21.8,57,262,0,47.8,19,73.3,192,24.4,64,49.7,30,1,6.5,17,168,88,4.6,8.8,0.88
Corey Smith,190745,WR,PURDUE,12,12.9,0,46.7,20.0,1,5,0,22.2,4,-0.02,8,273,2,32.3,22.8,55.7,,54.2,0.0,0,1,60,0.0,0,169,0,42.9,14,95.3,161,11.8,20,70.0,30,1,88.2,149,229,55,3.9,16.4,1.42
Jojo Stone,183321,WR,FIU,11,11.5,1,63.3,25.0,1,4,0,0.0,0,0.19,12,166,0,85.9,73.0,81.8,,83.9,0.0,0,1,49,0.0,0,104,0,48.0,19,95.2,99,77.9,81,97.1,30,2,21.2,22,244,80,4.2,12.8,2.46
Tim Burns Jr.,199928,WR,SM HOUSTON,12,20.4,3,40.0,11.1,1,9,0,25.0,4,-0.26,8,281,0,28.1,38.7,49.4,,51.2,0.0,0,1,59,0.0,0,299,0,35.4,12,93.3,279,0.3,1,64.3,30,1,99.7,298,228,118,9.8,19.0,0.82
Dominic Richardson,122985,HB,TULSA,11,1.9,4,63.3,100.0,1,1,0,9.5,2,0.02,8,320,0,63.6,85.9,79.7,28.9,52.3,0.0,0,0,22,27.6,83,301,1,39.9,19,67.4,203,2.3,7,72.9,30,0,6.0,18,130,106,5.6,6.8,0.64
Al-Jay Henderson,145676,HB,BUFFALO,12,-0.6,6,83.3,100.0,1,1,2,10.7,3,-0.03,9,126,0,60.5,65.5,66.8,45.2,58.1,0.0,0,0,22,33.3,97,291,2,42.3,25,62.9,183,1.7,5,102.9,30,1,0.3,1,181,186,7.4,7.2,0.99
Mason Williams,171367,TE,OHIO,12,5.0,6,80.0,25.0,1,4,1,0.0,0,0.05,15,259,0,87.7,72.0,74.2,72.9,74.0,22.9,46,1,30,16.9,34,201,1,48.2,24,79.1,159,52.2,105,122.8,30,3,7.0,14,264,189,7.9,11.0,1.66
Kaderris Roberts,149713,HB,BOWL GREEN,9,3.2,3,73.3,25.0,1,4,0,0.0,0,-0.1,5,122,0,86.7,45.9,62.8,74.6,67.5,0.0,0,2,27,4.9,4,82,0,42.0,22,93.9,77,31.7,26,66.1,30,1,7.3,6,141,118,5.4,6.4,1.83
Zach Atkins,198297,TE,COLORADO,12,4.3,4,66.7,66.7,4,6,0,4.8,1,-0.06,6,143,0,74.4,70.2,53.5,62.9,53.9,63.8,180,0,22,24.8,70,282,1,38.3,20,73.8,208,35.5,100,78.3,30,0,0.7,2,149,101,5.1,7.5,0.72
Conner Cravaack,176312,TE,AKRON,12,5.4,1,62.1,0.0,0,3,0,10.0,2,0.0,9,102,0,61.3,69.9,56.0,60.6,51.2,65.8,187,1,27,20.1,57,284,0,42.5,18,75.7,215,16.2,46,83.5,29,2,16.2,46,147,88,4.9,8.2,0.68
Karmello English,176212,WR,COAST CAR,12,7.8,2,65.5,0.0,0,2,0,5.0,1,-0.27,11,141,0,74.6,70.2,58.9,61.9,58.0,0.0,0,2,42,0.5,1,215,0,34.2,19,93.5,201,4.7,10,88.0,29,3,95.3,205,178,95,5.0,9.4,0.89
Jaleel Skinner,156343,TE,LOUISVILLE,12,8.3,4,69.0,66.7,2,3,0,4.8,1,-0.06,11,210,0,75.2,70.7,55.6,68.3,64.8,51.8,117,2,33,22.1,50,226,3,42.8,20,73.0,165,42.5,96,82.4,29,2,1.8,4,199,107,5.4,10.0,1.21
Kaden Wetjen,156448,WR,IOWA,12,3.6,8,75.9,0.0,0,2,0,4.3,1,-0.02,7,192,1,76.5,69.0,65.7,,62.0,0.0,0,2,28,0.0,0,104,0,43.0,22,96.2,100,31.7,33,70.8,29,1,66.3,69,158,179,8.1,7.2,1.58
Chris Domercant,165058,WR,UCF,11,10.2,3,72.4,50.0,2,4,1,4.5,1,-0.03,7,323,1,75.9,71.6,68.9,,68.1,1.5,2,1,40,0.0,0,136,2,44.7,21,97.1,132,77.9,106,101.5,29,2,19.9,27,212,110,5.2,10.1,1.61
Ethan Davis,174722,TE,TENNESSEE,8,7.0,5,72.4,75.0,3,4,0,4.5,1,0.26,12,307,0,75.2,70.4,66.5,54.2,77.8,36.5,62,1,40,24.1,41,170,4,54.6,21,72.9,124,44.1,75,108.0,29,2,3.5,6,257,144,6.9,12.2,2.07
Richie Hoskins,163715,WR,VANDERBILT,12,9.0,5,89.7,83.3,5,6,0,3.7,1,0.56,18,333,0,78.9,71.8,68.5,,67.0,0.0,0,0,53,0.0,0,244,0,59.7,26,94.7,231,83.6,204,145.0,29,3,16.4,40,305,107,4.1,11.7,1.32
Sage Ennis,122147,TE,VIRGINIA,11,9.5,1,62.1,40.0,2,5,0,0.0,0,0.06,10,335,1,85.1,30.8,63.3,56.9,61.8,58.6,156,1,25,24.4,65,266,1,45.7,18,74.4,198,38.3,102,104.7,29,5,1.5,4,179,77,4.3,9.9,0.9
Jalen Cooper,199179,WR,SMU,12,12.0,1,51.7,33.3,3,9,0,16.7,3,0.17,9,287,0,49.4,70.6,60.9,,58.9,0.0,0,2,75,0.0,0,165,0,46.8,15,94.5,156,6.7,11,78.2,29,2,93.3,154,270,79,5.3,18.0,1.73
Marques Singleton Jr.,198679,WR,LA TECH,10,4.3,6,79.3,66.7,2,3,0,8.0,2,-0.08,7,208,0,66.7,72.9,62.2,,62.7,0.0,0,0,15,0.0,0,149,0,42.9,23,94.0,140,14.8,22,100.4,29,1,85.2,127,155,98,4.3,6.7,1.11
Justyn Reid,176430,TE,TULANE,13,6.3,2,58.6,50.0,1,2,1,15.0,3,0.23,10,319,0,49.0,69.7,51.8,60.8,56.2,59.3,143,0,33,29.0,70,241,3,52.0,17,67.6,163,24.5,59,114.2,29,3,9.5,23,200,134,7.9,11.8,1.23
Harold Mack,198380,WR,E MICHIGAN,6,12.6,7,69.0,66.7,6,9,0,9.1,2,0.12,13,160,0,63.6,71.3,69.4,,73.0,0.0,0,3,51,0.0,0,167,1,45.1,20,91.6,153,98.8,165,90.8,29,2,1.2,2,333,91,4.6,16.7,2.18
Grayson Barnes,171301,TE,W VIRGINIA,12,10.1,3,72.4,50.0,3,6,0,4.5,1,-0.14,10,343,1,75.2,26.8,50.6,37.6,59.4,49.8,126,1,34,29.6,75,253,1,37.9,21,69.2,175,44.7,113,103.8,29,2,4.0,10,228,73,3.5,10.9,1.3
Tychaun Chapman,162741,WR,SO MISS,12,17.8,4,72.4,50.0,2,4,0,12.5,3,0.26,12,296,0,54.9,70.9,66.4,,67.4,0.0,0,1,50,0.0,0,170,0,42.0,21,95.3,162,88.2,150,123.1,29,2,11.2,19,393,124,5.9,18.7,2.43
Colbie Young,162739,WR,GEORGIA,7,11.6,10,79.3,50.0,1,2,0,8.0,2,0.26,17,173,0,67.6,70.9,74.9,,75.3,0.0,0,1,45,0.0,0,160,1,51.0,23,91.9,147,7.5,12,112.1,29,1,92.5,148,336,153,6.7,14.6,2.29
Broc Lane,128386,TE,UTAH ST,11,13.0,2,65.5,100.0,2,2,0,9.5,2,0.13,7,329,0,62.9,70.1,53.5,57.6,55.3,43.3,117,0,52,17.4,47,270,4,44.4,19,76.7,207,52.6,142,111.0,29,2,4.1,11,218,38,2.0,11.5,1.05
Terry Bussey,191251,WR,TEXAS A&M,13,8.8,5,62.1,66.7,2,3,0,21.7,5,0.24,11,312,0,31.4,78.6,52.8,,53.5,0.0,0,4,34,0.0,0,229,1,50.9,18,93.9,215,16.2,37,53.7,29,1,83.8,192,195,99,5.5,10.8,0.91
Elija Lofton,183234,TE,MIAMI FL,13,5.0,5,75.9,50.0,1,2,0,8.3,2,0.26,10,220,0,65.7,72.0,62.9,67.3,62.5,54.1,118,1,29,19.3,42,218,3,48.3,22,77.1,168,33.5,73,114.6,29,3,5.0,11,203,127,5.8,9.2,1.21
Nick Cenacle,169053,WR,HAWAII,7,7.4,0,69.0,100.0,3,3,0,16.7,4,0.22,11,180,0,44.0,70.2,50.8,,52.5,0.0,0,1,26,0.0,0,221,2,46.3,20,96.8,214,93.2,206,80.2,29,1,6.8,15,164,34,1.7,8.2,0.77
Nicholas Singleton,164188,HB,PENN STATE,12,0.2,7,82.8,50.0,1,2,0,4.0,1,0.24,9,266,0,77.4,89.1,77.6,53.2,75.5,3.3,6,0,50,19.1,35,183,0,49.4,24,78.7,144,14.8,27,109.6,29,1,4.9,9,219,243,10.1,9.1,1.52
Bailey Stockton,175368,WR,GA TECH,10,7.4,3,71.4,100.0,1,1,0,4.8,1,0.06,11,176,0,74.4,81.8,67.6,,67.8,0.0,0,2,33,0.0,0,116,2,49.1,20,93.1,108,93.1,108,65.0,28,0,6.0,7,223,118,5.9,11.2,2.06
Jacob Harris,173370,TE,BOWL GREEN,12,8.3,2,67.9,85.7,6,7,0,0.0,0,-0.17,10,122,0,85.5,70.1,74.1,61.8,75.4,59.1,101,1,38,11.1,19,171,1,43.0,19,85.4,146,33.9,58,110.4,28,5,7.0,12,182,52,2.7,9.6,1.25
Gary Bryant Jr.,131819,WR,OREGON,10,4.6,3,89.3,66.7,2,3,0,0.0,0,0.25,13,264,1,88.0,39.0,61.9,66.7,61.3,0.0,0,1,49,0.5,1,187,1,49.2,25,94.1,176,71.1,133,135.6,28,4,28.3,53,297,186,7.4,11.9,1.69
Tim Grear Jr.,173507,WR,AKRON,11,13.3,1,50.0,50.0,4,8,0,6.7,1,0.03,9,102,0,68.7,69.0,65.9,,65.7,0.0,0,0,37,0.0,0,136,1,41.5,14,95.6,130,5.1,7,82.1,28,1,94.9,129,178,46,3.3,12.7,1.37
Eddie Freauff,191213,WR,OREGON ST,12,11.6,3,42.9,50.0,3,6,0,14.3,2,-0.16,6,265,0,51.7,68.5,57.0,,55.6,0.0,0,2,30,0.0,0,178,0,44.4,12,94.9,169,11.2,20,41.4,28,1,88.8,158,144,51,4.3,12.0,0.85
Nick Laboy,148767,WR,DELAWARE,12,17.5,4,35.7,44.4,4,9,0,16.7,2,0.03,7,151,0,47.7,68.4,59.8,,58.7,0.0,0,0,35,0.0,0,156,0,42.1,10,92.9,145,9.6,15,79.8,28,2,90.4,141,162,37,3.7,16.2,1.12
Jackson Holman,171851,WR,WYOMING,11,11.0,3,46.4,14.3,1,7,0,0.0,0,-0.28,4,351,0,82.7,68.7,55.6,61.0,54.2,0.7,1,4,44,0.7,1,145,0,36.4,13,95.9,139,14.5,21,22.8,28,0,84.8,123,145,40,3.1,11.2,1.04
Trey Leckner,176682,TE,WASH STATE,12,4.5,3,78.6,50.0,1,2,1,0.0,0,-0.07,9,341,1,86.7,27.3,59.2,55.5,70.3,72.9,129,2,19,25.4,45,177,8,43.3,22,68.9,122,18.1,32,92.7,28,3,4.5,8,135,83,3.8,6.1,1.11
Marshaun Brown,175717,WR,NEVADA,10,12.9,1,57.1,44.4,4,9,0,5.9,1,-0.14,11,239,0,71.9,69.7,64.1,63.9,61.7,0.0,0,1,22,0.5,1,188,0,40.4,16,94.1,177,32.4,61,71.1,28,1,67.6,127,164,21,1.3,10.3,0.93
Dawson Pough,207820,WR,BOSTON COL,11,12.2,4,46.4,33.3,2,6,0,13.3,2,-0.07,6,121,0,57.6,69.2,53.4,,53.0,0.0,0,1,52,0.0,0,264,1,40.2,13,97.0,256,26.5,70,67.1,28,1,73.5,194,197,80,6.2,15.2,0.77
Shamar Porter,175159,WR,UCONN,12,9.6,2,64.3,0.0,0,5,1,14.3,3,0.3,10,146,0,50.6,69.9,51.4,63.9,54.0,0.0,0,0,56,0.4,1,233,4,52.7,18,94.8,221,11.6,27,104.2,28,1,88.4,206,246,134,7.4,13.7,1.11
Jayden Sellers,199954,WR,S CAROLINA,6,7.0,9,78.6,33.3,1,3,0,0.0,0,0.04,9,289,0,76.1,72.4,70.6,,71.0,1.4,2,0,75,0.0,0,144,0,44.0,22,92.4,133,83.3,120,128.7,28,1,14.6,21,337,209,9.5,15.3,2.53
Nate Kurisky,156319,TE,LOUISVILLE,10,6.0,0,71.4,60.0,3,5,1,4.8,1,0.04,8,210,0,74.4,70.2,60.7,60.9,64.6,43.4,86,1,37,20.2,40,198,5,45.3,20,76.8,152,37.4,74,93.9,28,2,2.5,5,157,59,3.0,7.9,1.03
Elijah Sessoms,164548,TE,DELAWARE,12,7.4,0,78.6,57.1,4,7,0,8.3,2,0.14,10,151,1,66.8,27.7,50.3,62.2,49.9,52.8,200,0,21,23.2,88,379,0,50.4,22,72.3,274,41.7,158,118.8,28,2,4.2,16,190,61,2.8,8.6,0.69
Miles Burris,184261,WR,CHARLOTTE,12,12.0,2,46.4,66.7,2,3,0,0.0,0,-0.26,6,136,0,82.7,68.7,55.6,61.0,54.6,0.5,1,3,18,0.5,1,208,1,36.3,13,92.3,192,10.1,21,20.4,28,0,89.4,186,129,38,2.9,9.9,0.67
Jamari Johnson,174706,TE,OREGON,13,6.8,5,85.7,100.0,1,1,0,4.0,1,0.35,16,264,0,77.2,70.9,75.4,69.0,82.4,49.3,107,1,56,26.7,58,217,5,48.0,24,70.5,153,38.2,83,127.7,28,2,9.2,20,361,218,9.1,15.0,2.36
Quintrevion Wisner,176190,HB,TEXAS,9,0.6,8,81.5,0.0,0,1,0,12.0,3,0.21,7,311,0,58.6,89.8,77.3,68.1,58.2,0.0,0,0,19,21.5,53,247,0,43.3,22,74.5,184,3.6,9,101.5,27,1,3.6,9,146,154,7.0,6.6,0.79
Carson Hansen,174669,HB,IOWA STATE,11,-1.2,7,70.4,0.0,0,1,0,9.5,2,0.22,8,193,0,64.0,84.1,77.9,42.3,57.6,0.0,0,1,22,16.8,37,220,1,47.9,19,81.4,179,6.8,15,66.0,27,0,6.8,15,134,183,9.6,7.1,0.75
Matt Coleman,157831,WR,S JOSE ST,10,6.6,0,74.1,33.3,1,3,0,9.1,2,0.16,7,285,0,63.6,71.9,57.3,,56.9,0.7,1,1,13,0.0,0,146,0,50.4,20,95.2,139,77.4,113,80.9,27,1,21.9,32,131,37,1.9,6.6,0.94
DeAngelo Irvin Jr.,174074,WR,UNLV,12,7.1,4,66.7,16.7,1,6,0,10.0,2,0.18,7,325,0,61.3,82.9,56.2,70.2,56.1,0.0,0,0,60,0.5,1,194,1,51.1,18,93.3,181,94.3,183,99.0,27,1,4.6,9,188,126,7.0,10.4,1.04
Charlie Becker,188661,WR,INDIANA,12,17.5,4,74.1,85.7,6,7,0,0.0,0,0.45,15,190,0,86.3,70.4,78.6,,78.7,0.0,0,0,53,0.0,0,145,0,57.5,20,92.4,134,19.3,28,140.6,27,2,80.7,117,389,114,5.7,19.5,2.9
Dacari Collins,144111,WR,LOUISVILLE,12,17.1,6,48.1,25.0,1,4,1,0.0,0,-0.16,9,210,0,84.2,69.5,64.9,,67.3,0.0,0,0,36,0.0,0,157,2,37.5,13,96.8,152,8.9,14,88.3,27,1,91.1,143,219,29,2.2,16.8,1.44
Lloyd Avant,190713,HB,COLO STATE,12,-1.2,11,88.9,0.0,0,1,0,7.7,2,-0.05,11,144,0,67.6,73.7,73.5,43.8,69.7,0.0,0,0,41,31.9,79,248,0,39.9,24,65.7,163,4.0,10,119.6,27,1,1.6,4,263,287,12.0,11.0,1.61
Jake Johnson,158655,TE,N CAROLINA,12,9.1,2,59.3,66.7,4,6,1,0.0,0,-0.17,11,245,0,84.2,69.5,57.3,59.3,57.8,36.3,85,0,19,5.1,12,234,1,44.0,16,88.0,206,53.4,125,86.0,27,1,10.3,24,144,40,2.5,9.0,0.7
Malik Sherrod,128189,HB,BOISE ST,12,0.9,5,88.9,100.0,1,1,0,4.0,1,0.14,4,120,1,77.4,79.7,71.1,58.8,56.3,0.0,0,0,24,26.7,47,176,0,49.1,24,69.9,123,6.8,12,106.5,27,1,10.2,18,178,167,7.0,7.4,1.45
Joseph Himon II,162843,HB,NWESTERN,10,1.0,3,77.8,0.0,0,1,0,4.5,1,0.0,5,256,0,75.2,87.6,78.7,21.7,65.8,0.0,0,1,16,13.8,19,138,0,45.7,21,80.4,111,9.4,13,69.4,27,0,4.3,6,118,153,7.3,5.6,1.06
Ja'Kyrian Turner,199087,HB,PITTSBURGH,11,0.4,5,85.2,,0,0,0,8.0,2,0.02,5,268,0,67.6,88.8,77.2,20.1,59.7,1.6,3,0,28,14.7,27,184,1,40.5,23,77.2,142,12.0,22,88.6,27,0,6.0,11,142,139,6.0,6.2,1.0
Raiden Vines-Bright,199523,WR,WASHINGTON,11,8.1,4,85.2,0.0,0,1,0,0.0,0,0.29,8,340,0,87.0,71.2,62.6,71.2,59.8,0.4,1,0,45,1.2,3,258,0,56.5,23,97.7,252,81.8,211,102.9,27,0,17.8,46,235,149,6.5,10.2,0.93
Elijah Lagg,200217,TE,UAB,12,7.6,1,74.1,50.0,1,2,0,4.8,1,0.03,7,321,1,74.4,26.3,46.9,70.5,46.7,71.1,209,1,17,26.5,78,294,2,46.5,20,69.0,203,19.4,57,73.2,27,0,8.2,24,161,73,3.7,8.1,0.79
Larry Simmons,163666,WR,UTAH,12,17.6,0,51.9,62.5,5,8,0,6.7,1,0.33,12,328,0,68.7,69.7,66.8,61.9,67.4,0.0,0,0,48,0.6,1,168,1,48.7,14,93.5,157,23.2,39,126.7,27,6,76.8,129,271,20,1.4,19.4,1.73
Javion Kinnard,204805,HB,COLO STATE,10,3.9,9,70.4,,0,0,0,13.6,3,0.0,6,144,0,53.5,79.5,68.2,70.2,68.5,4.5,4,2,79,1.1,1,89,1,45.1,19,91.0,81,38.2,34,78.2,27,1,10.1,9,233,251,13.2,12.3,2.88
Josh Kattus,163777,TE,KENTUCKY,11,10.0,1,63.0,42.9,3,7,0,5.6,1,-0.06,10,202,0,72.8,70.2,71.0,77.5,65.2,51.7,108,0,34,16.7,35,209,2,41.3,17,78.9,165,41.1,86,109.3,27,2,6.2,13,195,103,6.1,11.5,1.18
Hudson Habermehl,100658,TE,UCLA,12,4.2,0,76.9,100.0,3,3,0,4.8,1,0.0,4,324,1,74.4,26.3,45.5,69.9,45.3,57.7,158,1,26,16.8,46,274,0,43.9,20,80.7,221,25.9,71,72.3,26,0,13.5,37,138,79,4.0,6.9,0.62
Dijon Stanley,176663,HB,NEW MEX ST,11,-1.8,2,92.3,100.0,1,1,0,7.7,2,-0.12,6,242,0,67.6,71.0,60.9,39.0,56.0,0.0,0,0,16,24.4,57,234,1,38.6,24,70.9,166,7.3,17,88.3,26,0,1.3,3,135,177,7.4,5.6,0.81
Cameron Seldon,174740,WR,VA TECH,11,5.1,6,88.5,80.0,4,5,0,4.2,1,-0.02,8,337,0,76.5,74.3,61.1,,63.8,0.0,0,0,22,0.0,0,122,2,39.3,23,95.9,117,98.4,120,118.8,26,2,1.6,2,165,79,3.4,7.2,1.41
Walker Lyons,190350,TE,USC,12,8.6,1,76.9,100.0,3,3,0,4.8,1,0.42,15,326,0,64.7,70.4,69.3,67.3,67.6,51.4,107,2,26,18.3,38,208,0,56.1,20,74.5,155,34.1,71,95.5,26,2,12.5,26,223,115,5.8,11.2,1.44
Gabe Milbourn,146345,TE,OREGON ST,11,6.7,5,65.4,66.7,2,3,0,5.6,1,-0.06,10,265,0,71.9,69.7,59.7,49.7,66.7,74.3,139,2,26,28.9,54,187,0,46.4,17,67.9,127,22.5,42,67.0,26,1,0.0,0,185,95,5.6,10.9,1.46
Desmond Reid,159936,HB,PITTSBURGH,7,4.8,5,88.5,100.0,1,1,0,0.0,0,0.18,14,268,0,87.0,84.9,80.1,38.0,91.4,1.9,3,0,50,18.4,29,158,1,46.0,23,77.2,122,18.4,29,142.0,26,2,7.6,12,310,233,10.1,13.5,2.54
Mark Hamper,175085,WR,CAL,9,13.2,1,65.4,50.0,4,8,0,15.0,3,0.05,10,130,0,49.2,69.7,59.4,,60.5,0.0,0,0,35,0.0,0,159,0,45.7,17,95.0,151,19.5,31,88.9,26,0,80.5,128,202,62,3.6,11.9,1.34
Riley Nowakowski,129928,TE,INDIANA,12,5.4,6,88.5,60.0,3,5,0,0.0,0,0.33,11,190,0,87.7,71.5,81.0,68.5,75.4,68.7,200,0,43,40.2,117,291,1,59.0,23,55.7,162,21.0,61,139.7,26,2,8.6,25,296,188,8.2,12.9,1.83
Jabari Smith Jr.,169926,WR,FAU,11,12.8,4,57.7,37.5,3,8,0,6.3,1,-0.01,9,165,0,57.1,69.6,61.7,,61.4,0.0,0,2,37,0.0,0,141,0,40.7,15,95.7,135,98.6,139,83.2,26,3,1.4,2,166,57,3.8,11.1,1.23
DJ Riles,156596,WR,GA STATE,12,7.7,3,57.7,33.3,1,3,0,16.7,3,-0.07,9,175,0,45.4,69.3,68.0,,69.0,0.0,0,1,32,0.0,0,84,0,44.3,15,92.9,78,84.5,71,74.8,26,1,15.5,13,174,87,5.8,11.6,2.23
Kyirin Heath,163659,TE,SO MISS,11,8.7,6,73.1,66.7,4,6,0,0.0,0,0.14,7,296,0,85.9,70.2,65.5,59.5,67.9,52.5,115,1,34,13.7,30,219,3,45.3,19,81.3,178,38.4,84,122.0,26,3,7.3,16,228,101,5.3,12.0,1.28
Miles Davis,122056,HB,UTAH ST,12,0.8,1,96.2,,0,0,0,0.0,0,0.16,12,329,1,87.7,67.9,76.1,51.6,72.0,0.4,1,0,30,31.7,77,243,1,47.2,25,65.4,159,11.5,28,131.7,26,3,6.2,15,166,181,7.2,6.6,1.04
Qua Ashley,160363,HB,BALL ST,10,-0.8,5,80.8,,0,0,0,8.7,2,-0.22,7,117,0,65.7,77.7,62.9,47.2,63.5,0.0,0,0,27,53.5,122,228,0,32.1,21,44.7,102,5.3,12,109.5,26,2,3.5,8,107,134,6.4,5.1,1.05
Seth McGowan,122936,HB,KENTUCKY,11,1.3,0,69.2,100.0,1,1,2,21.7,5,-0.01,5,202,0,33.6,72.2,70.1,27.0,43.4,0.0,0,0,17,17.6,39,221,2,42.6,18,78.3,173,5.0,11,79.2,26,0,5.4,12,121,125,6.9,6.7,0.7
Chip Trayanum,131631,HB,TOLEDO,10,0.1,3,73.1,0.0,0,1,0,5.0,1,0.24,10,316,0,73.6,72.9,78.3,59.4,61.6,2.1,5,0,57,26.4,64,242,0,50.9,19,68.6,166,2.9,7,121.8,26,2,3.3,8,207,217,11.4,10.9,1.25
Sawyer Racanelli,131910,WR,WAKE,11,10.1,4,65.4,50.0,2,4,0,10.5,2,0.11,13,339,0,61.3,70.5,68.7,49.0,72.0,0.0,0,1,62,1.4,2,148,0,45.6,17,90.5,134,69.6,103,99.8,26,1,29.7,44,290,128,7.5,17.1,2.16
Toric Goins Jr.,199470,WR,UTEP,10,15.2,2,50.0,50.0,3,6,0,23.5,4,-0.13,7,330,0,29.7,68.7,57.3,,56.3,0.0,0,3,49,0.0,0,149,0,37.9,13,97.3,145,5.4,8,50.0,26,1,94.6,141,206,83,6.4,15.8,1.42
Tyson Davis,145702,WR,C MICHIGAN,11,10.8,2,76.9,66.7,2,3,0,4.8,1,0.09,12,134,0,74.6,71.8,72.9,62.1,72.5,0.0,0,1,36,0.7,1,138,0,49.6,20,94.2,130,90.6,125,119.1,26,2,9.4,13,270,73,3.7,13.5,2.08
Brady Hunt,145631,TE,S CAROLINA,12,3.6,0,80.8,50.0,2,4,0,4.5,1,-0.07,6,289,0,75.2,72.1,46.5,54.2,51.9,57.5,142,0,20,21.5,53,247,2,40.2,21,74.5,184,32.0,79,93.6,26,0,2.4,6,168,113,5.4,8.0,0.91
Qua'Vez Humphreys,170501,WR,SM HOUSTON,11,12.7,3,50.0,28.6,2,7,1,7.1,1,-0.31,9,281,0,70.9,69.5,60.1,,59.4,0.0,0,1,38,0.0,0,209,1,36.9,13,93.3,195,0.0,0,61.7,26,1,100.0,209,132,45,3.5,10.2,0.68
Jalen Mickens,198689,WR,LA TECH,12,6.2,3,84.6,66.7,2,3,0,4.3,1,-0.03,8,208,1,75.9,27.9,58.1,70.7,56.9,0.5,1,0,40,1.0,2,198,0,44.0,22,95.5,189,50.0,99,109.0,26,1,49.0,97,184,86,3.9,8.4,0.97
Gerard Bullock Jr.,164014,TE,KENNESAW,12,3.7,2,88.5,80.0,4,5,0,4.2,1,0.12,7,200,1,76.5,27.7,48.9,57.8,54.5,37.8,132,0,19,33.8,118,349,4,42.9,23,63.0,220,40.1,140,105.0,26,1,6.3,22,159,85,3.7,6.9,0.72
Tyree Kelly,175318,WR,UMASS,9,9.3,1,50.0,50.0,5,10,1,0.0,0,-0.22,6,216,0,82.7,68.7,57.4,,58.6,0.0,0,0,18,0.0,0,128,3,41.1,13,96.9,124,5.5,7,61.9,26,0,94.5,121,113,19,1.5,8.7,0.91
Jesse Watson,183727,WR,PURDUE,12,14.3,0,30.8,28.6,2,7,0,38.5,5,-0.01,5,273,0,17.0,67.5,52.2,,53.1,0.0,0,1,24,0.0,0,144,0,40.8,8,90.3,130,94.4,136,50.2,26,2,5.6,8,80,2,0.3,10.0,0.62
Jeffery Pittman,172552,HB,SO MISS,10,-2.2,5,88.5,0.0,0,1,0,0.0,0,0.07,2,296,0,87.0,70.4,79.3,58.4,67.6,0.0,0,1,37,26.1,47,180,1,42.3,23,67.8,122,2.2,4,65.1,26,0,2.2,4,90,166,7.2,3.9,0.74
Deion Colzie,147473,WR,MIAMI OH,9,18.1,0,34.6,20.0,1,5,0,30.8,4,-0.03,7,221,0,24.8,67.9,53.6,,52.5,0.0,0,3,44,0.0,0,196,2,46.7,9,92.9,182,32.1,63,28.7,26,1,67.9,133,153,9,1.0,17.0,0.84
Joe Jackson,173106,HB,KANSAS ST,12,0.5,0,84.6,100.0,1,1,0,4.3,1,0.1,5,199,0,75.9,82.5,67.2,28.2,55.9,0.0,0,1,19,19.4,54,278,0,42.9,22,78.1,217,12.9,36,82.5,26,1,12.6,35,119,113,5.1,5.4,0.55
Louis Hansen,144929,TE,UCONN,12,5.0,1,76.9,,0,0,0,4.8,1,0.26,9,146,0,74.6,70.2,63.2,64.0,64.5,44.4,80,0,19,22.2,40,180,2,51.7,20,75.6,136,38.3,69,97.3,26,0,9.4,17,194,121,6.1,9.7,1.43
Makai Cope,146430,WR,MO STATE,11,10.9,2,69.2,60.0,3,5,0,0.0,0,0.23,11,230,0,85.1,69.9,68.9,62.1,68.8,0.0,0,0,27,0.5,1,188,2,48.3,18,95.2,179,6.9,13,100.8,26,0,93.1,175,256,66,3.7,14.2,1.43
Arhmad Branch,174948,WR,PURDUE,9,16.5,2,56.0,33.3,1,3,0,6.7,1,0.16,10,273,0,69.9,69.2,70.5,,71.4,0.0,0,2,49,0.0,0,106,0,48.5,14,91.5,97,8.5,9,77.4,25,2,91.5,97,212,71,5.1,15.1,2.19
Marcus Burke,146699,WR,UCF,9,13.1,0,48.0,50.0,4,8,0,7.7,1,0.07,9,323,0,66.4,69.2,61.5,,62.9,0.0,0,0,30,0.0,0,150,0,47.9,12,97.3,146,18.7,28,69.4,25,0,81.3,122,164,37,3.1,13.7,1.12
Viron Ellison Jr.,190723,HB,DELAWARE,12,0.9,7,80.0,66.7,2,3,0,9.1,2,0.12,8,151,0,64.7,63.2,69.6,58.6,63.7,2.3,5,0,43,35.9,79,220,0,48.1,20,61.4,135,5.0,11,124.5,25,2,0.0,0,187,172,8.6,9.4,1.39
Ahmon Green,123857,TE,GA SOUTHRN,12,6.4,0,64.0,33.3,1,3,1,5.9,1,0.21,9,174,0,70.9,69.8,44.2,71.3,45.7,57.6,223,0,29,27.4,106,387,4,48.4,16,69.3,268,34.4,133,83.1,25,0,6.2,24,166,91,5.7,10.4,0.62
Quin Smith,173880,WR,AIR FORCE,10,18.8,1,60.0,50.0,2,4,1,0.0,0,0.21,15,101,0,83.8,69.3,80.1,,87.2,3.0,3,2,52,0.0,0,101,2,47.9,15,93.1,94,5.9,6,110.4,25,4,89.1,90,358,71,4.7,23.9,3.81
Brady Kluse,184714,WR,MEMPHIS,12,11.4,1,84.0,66.7,2,3,0,4.5,1,0.12,14,218,0,75.2,70.8,64.4,62.1,64.4,0.5,1,0,25,0.5,1,221,1,46.9,21,93.7,207,7.2,16,131.7,25,2,92.3,204,230,55,2.6,11.0,1.11
Terrell Crosby Jr.,157607,WR,TOLEDO,12,12.2,3,64.0,75.0,3,4,0,11.1,2,0.24,7,316,0,61.3,70.4,67.9,,67.7,0.8,1,0,24,0.0,0,129,0,52.4,16,97.7,126,4.7,6,101.1,25,1,94.6,122,194,64,4.0,12.1,1.54
Eni Falayi,147417,TE,WAKE,11,6.6,1,76.0,66.7,2,3,0,5.0,1,0.08,13,339,0,73.8,70.1,54.3,69.2,62.0,67.8,213,0,42,28.0,88,314,2,42.9,19,67.2,211,25.2,79,128.4,25,2,6.1,19,218,103,5.4,11.5,1.03
Charles Robertson,156740,WR,LA LAFAYET,12,13.6,1,56.0,66.7,4,6,0,6.7,1,-0.04,11,207,1,68.7,24.1,55.2,63.9,54.8,0.4,1,3,45,0.4,1,231,1,39.0,14,91.8,212,60.2,139,58.8,25,1,39.4,91,218,31,2.2,15.6,1.03
Colin Weber,145578,TE,RUTGERS,12,2.1,0,68.0,33.3,1,3,0,15.0,3,0.25,3,278,1,49.4,24.7,41.1,60.5,35.9,91.4,170,1,12,22.6,42,186,1,56.0,17,73.7,137,8.6,16,59.1,25,0,0.0,0,102,74,4.4,6.0,0.74
Anthony Woods,158969,HB,UCLA,11,-1.2,12,96.0,,0,0,0,4.0,1,-0.01,9,324,0,77.8,84.0,72.0,47.7,78.3,0.6,1,0,45,24.9,42,169,0,43.5,24,71.6,121,3.6,6,128.5,25,2,1.2,2,211,247,10.3,8.8,1.74
Lacota Dippre,172212,TE,JAMES MAD,13,7.3,4,68.0,60.0,3,5,0,10.5,2,0.26,11,197,0,61.9,71.7,76.4,69.2,68.6,59.5,113,0,36,20.0,38,190,1,48.3,17,75.3,143,27.4,52,131.2,25,3,11.6,22,197,105,6.2,11.6,1.38
Rohan Jones,159125,TE,ARKANSAS,12,14.0,2,80.0,66.7,2,3,1,0.0,0,0.39,18,111,0,87.0,71.7,90.3,56.9,92.7,70.3,83,1,62,3.4,4,118,1,50.0,20,89.8,106,21.2,25,141.7,25,4,4.2,5,533,229,11.5,26.7,5.03
Camden Overton-Howard,159794,TE,GA STATE,6,6.8,2,60.0,50.0,3,6,1,11.8,2,0.02,7,175,0,60.0,24.7,56.2,71.2,60.8,59.7,108,1,20,17.7,32,181,8,43.3,15,77.9,141,30.4,55,84.1,25,2,8.3,15,132,53,3.5,8.8,0.94
Cameron Dickey,184897,HB,TEXAS TECH,12,0.3,4,76.0,33.3,1,3,0,13.6,3,0.3,7,315,0,53.7,65.4,77.0,36.8,55.5,0.0,0,0,69,30.4,78,257,0,51.0,19,67.7,174,4.3,11,123.6,25,2,6.2,16,189,190,10.0,9.9,1.09
Jalen Brown,172471,WR,ARKANSAS,5,12.8,1,48.0,16.7,1,6,0,14.3,2,0.3,8,111,1,51.7,21.4,56.7,,57.1,0.0,0,1,42,0.0,0,145,0,51.4,12,95.2,138,24.1,35,79.9,25,2,75.9,110,167,66,5.5,13.9,1.21
Bryson Washington,174649,HB,BAYLOR,11,-2.2,4,72.0,33.3,1,3,0,5.3,1,0.05,4,118,0,72.8,50.1,70.3,44.6,56.0,0.4,1,0,12,27.8,76,273,1,45.4,18,66.3,181,7.0,19,90.9,25,1,0.7,2,93,157,8.7,5.2,0.51
Xavier Daisy,190761,WR,UAB,11,10.7,0,72.0,50.0,1,2,0,0.0,0,0.12,10,321,0,85.5,70.1,56.6,67.1,57.9,0.4,1,0,21,1.3,3,224,0,46.0,18,92.9,208,26.8,60,104.9,25,1,72.8,163,177,43,2.4,9.8,0.85
Ricky Ahumaraeze,176505,WR,NWESTERN,12,15.2,1,36.0,33.3,3,9,0,10.0,1,-0.07,7,256,0,61.4,67.5,63.1,79.9,61.9,0.0,0,1,32,2.1,3,140,0,45.6,9,95.0,133,13.6,19,42.9,25,0,85.7,120,165,43,4.8,18.3,1.24
Max Patterson,145128,WR,DELAWARE,12,10.4,1,72.0,62.5,5,8,0,10.0,2,0.23,11,151,0,61.3,69.9,68.6,,68.2,0.8,1,0,40,0.0,0,128,1,51.6,18,96.9,124,76.6,98,145.0,25,3,21.1,27,260,72,4.0,14.4,2.1
Landon Collins,198835,WR,MIDDLE TN,5,13.0,2,64.0,62.5,5,8,0,0.0,0,0.13,9,224,0,84.2,69.5,66.2,,66.5,0.0,0,0,48,0.0,0,107,0,43.1,16,95.3,102,1.9,2,98.9,25,1,98.1,105,181,26,1.6,11.3,1.77
Terik Mulder,162265,TE,KENT STATE,10,7.7,0,76.0,100.0,2,2,0,9.5,2,-0.11,10,201,0,63.6,70.2,71.5,54.8,76.3,75.9,123,2,50,21.0,34,162,1,36.4,19,74.1,120,15.4,25,104.7,25,4,8.6,14,198,100,5.3,10.4,1.65
Benson Prosper,198369,WR,E MICHIGAN,12,6.5,4,84.0,100.0,4,4,0,12.5,3,0.01,10,160,0,54.9,74.2,57.6,,59.7,0.0,0,0,22,0.0,0,177,2,44.6,21,94.9,168,98.3,174,96.2,25,0,1.7,3,177,65,3.1,8.4,1.05
Cole Turner,156239,WR,CLEMSON,12,10.3,3,64.0,57.1,4,7,0,5.9,1,-0.02,7,140,0,71.1,70.1,57.2,,57.3,0.0,0,1,23,0.0,0,182,1,43.0,16,94.5,172,11.0,20,62.8,25,0,89.0,162,144,100,6.3,9.0,0.84
Blake Bosma,145938,TE,W MICHIGAN,12,5.8,1,80.0,100.0,4,4,0,0.0,0,0.09,9,347,0,86.3,78.1,64.6,70.2,62.8,49.8,121,0,24,16.9,41,243,2,42.9,20,78.6,191,39.5,96,98.5,25,0,7.4,18,191,113,5.7,9.6,1.0
Luke Wysong,146110,WR,ARIZONA,12,7.9,3,84.0,50.0,1,2,0,8.7,2,0.21,12,109,0,64.7,82.6,63.1,,65.5,0.0,0,0,47,0.0,0,142,0,47.4,21,95.1,135,94.4,134,139.0,25,2,5.6,8,274,139,6.6,13.0,2.03
Noah Thomas,158678,WR,GEORGIA,12,13.3,4,64.0,50.0,4,8,1,5.9,1,0.19,12,173,0,71.9,69.7,59.8,,60.0,0.0,0,1,64,0.0,0,222,2,49.0,16,93.7,208,6.8,15,120.7,25,4,93.2,207,254,130,8.1,15.9,1.22
Taylor Bradshaw,174176,WR,GA SOUTHRN,12,4.7,3,66.7,33.3,1,3,0,11.1,2,0.22,8,174,0,58.8,69.5,55.9,70.5,56.5,2.7,5,1,22,2.7,5,184,0,49.4,16,94.0,173,85.9,158,76.9,24,1,10.3,19,131,115,7.2,8.2,0.76
London Humphreys,172616,WR,GEORGIA,12,14.8,2,75.0,50.0,2,4,0,10.0,2,0.23,14,173,1,61.3,26.0,65.2,,62.9,0.0,0,1,36,0.0,0,179,1,51.2,18,92.7,166,21.2,38,134.7,24,3,78.8,141,276,91,5.1,15.3,1.66
Derrick McFall,183252,HB,SMU,12,1.2,5,75.0,,0,0,0,14.3,3,0.19,5,287,0,50.6,80.0,69.2,81.2,59.8,0.0,0,0,27,19.7,23,117,0,42.6,18,74.4,87,14.5,17,120.7,24,2,13.7,16,163,163,9.1,9.1,1.87
Robert Henry Jr.,174094,HB,UTSA,11,-0.9,4,70.8,,0,0,0,10.5,2,-0.05,6,331,0,61.5,70.9,74.2,47.7,57.8,0.0,0,0,74,19.8,51,258,2,42.9,17,75.6,195,3.9,10,108.3,24,2,8.1,21,112,142,8.4,6.6,0.57
Lawson Luckie,173544,TE,GEORGIA,12,10.9,1,54.2,33.3,1,3,2,13.3,2,0.29,11,173,0,53.7,68.7,61.2,77.8,56.4,34.5,71,2,29,17.5,36,206,2,53.2,13,73.3,151,52.4,108,72.9,24,4,11.7,24,120,31,2.4,9.2,0.79
Stephon Johnson,157794,WR,HOUSTON,6,15.5,4,54.2,14.3,1,7,0,7.1,1,0.1,8,182,0,68.7,69.0,62.9,,64.7,0.0,0,0,74,0.0,0,178,2,42.1,13,92.1,164,20.8,37,122.7,24,2,79.2,141,275,104,8.0,21.2,1.68
Sam Phillips,149833,WR,IOWA,12,15.1,0,66.7,50.0,1,2,0,5.9,1,-0.11,14,192,0,70.9,70.4,62.5,,63.0,0.0,0,1,45,0.0,0,186,0,40.8,16,96.2,179,8.6,16,85.6,24,0,91.4,170,261,43,2.7,16.3,1.46
Isaiah Spencer,172908,WR,VA TECH,12,12.7,1,58.3,40.0,2,5,1,0.0,0,-0.18,9,337,0,83.8,80.0,58.9,,59.2,0.0,0,1,38,0.0,0,204,1,37.8,14,96.1,196,47.5,97,69.1,24,0,52.5,107,206,94,6.7,14.7,1.05
Josh Schuchts,188321,TE,UTEP,8,5.4,6,87.5,33.3,1,3,0,0.0,0,0.0,10,330,0,87.4,70.9,66.2,64.7,71.6,26.4,68,0,64,28.7,74,258,0,40.7,21,66.3,171,52.7,136,146.5,24,3,3.1,8,232,113,5.4,11.0,1.36
Ryder Kusch,199283,TE,TEMPLE,11,7.0,0,54.2,0.0,0,5,0,0.0,0,0.26,6,306,0,83.3,69.0,55.5,59.2,56.9,54.0,101,0,19,12.3,23,187,0,45.7,13,86.6,162,31.0,58,99.3,24,3,11.8,22,60,37,2.8,4.6,0.37
Ja'Mori Maclin,124211,WR,KENTUCKY,10,14.8,5,58.3,0.0,0,3,0,12.5,2,-0.16,11,202,1,57.6,27.9,61.1,65.4,61.2,0.6,1,2,44,0.6,1,173,2,38.1,14,91.9,159,15.6,27,51.6,24,0,83.8,145,205,55,3.9,14.6,1.29
Oscar Delp,157080,TE,GEORGIA,12,8.6,0,70.8,33.3,1,3,0,5.6,1,0.23,11,173,0,72.1,69.7,65.7,75.1,62.1,72.4,194,0,36,33.2,89,268,1,52.6,17,63.1,169,25.4,68,115.8,24,1,0.7,2,235,135,7.9,13.8,1.39
Fred Farrier II,145441,WR,KENTUCKY,11,13.4,4,45.8,25.0,1,4,0,8.3,1,-0.17,7,202,1,64.6,26.6,54.6,,55.3,0.0,0,1,33,0.0,0,150,0,35.7,11,95.3,143,34.7,52,59.0,24,1,65.3,98,128,66,6.0,11.6,0.9
Casey Cain,144727,WR,LIBERTY,12,13.8,1,41.7,0.0,0,2,0,9.1,1,0.02,7,206,0,64.9,68.2,56.9,,57.6,0.0,0,1,17,0.0,0,142,3,36.6,10,92.3,131,6.3,9,39.8,24,0,93.7,133,117,21,2.1,11.7,0.89
Kaden Shields-Dutton,189406,HB,FAU,11,1.5,6,70.8,50.0,1,2,0,0.0,0,0.0,6,165,0,85.5,86.0,75.8,85.8,64.4,0.0,0,0,18,24.2,47,194,0,40.6,17,71.1,138,4.6,9,93.8,24,1,0.5,1,108,94,5.5,6.4,0.78
Kirby Vorhees,177229,HB,WASH STATE,12,1.0,2,79.2,50.0,1,2,0,0.0,0,0.02,6,341,0,85.5,58.5,72.4,55.9,66.0,0.5,1,0,25,29.4,60,204,0,46.4,19,67.6,138,6.9,14,88.4,24,0,1.5,3,125,106,5.6,6.6,0.91
Koby Young,190823,WR,HOUSTON,12,20.0,1,41.7,25.0,2,8,0,0.0,0,-0.05,8,182,0,80.9,68.7,54.6,,53.3,0.0,0,2,43,0.0,0,256,0,43.8,10,91.8,235,14.1,36,29.7,24,0,85.9,220,159,38,3.8,15.9,0.68
Quentin Gibson,198298,WR,COLORADO,11,4.7,6,62.5,33.3,1,3,0,16.7,3,-0.35,3,143,0,45.4,77.7,55.4,,56.8,4.8,5,1,12,0.0,0,105,0,34.7,15,96.2,101,87.6,92,49.3,24,0,7.6,8,71,75,5.0,4.7,0.7
Antwan Raymond,190489,HB,RUTGERS,12,4.7,8,75.0,0.0,0,2,0,5.3,1,0.25,7,278,0,72.8,80.4,89.0,75.8,69.7,0.0,0,0,48,46.0,149,324,0,51.8,18,52.8,171,0.3,1,131.3,24,2,0.0,0,224,144,8.0,12.4,1.31
Brandon Chatman,162541,HB,NAVY,12,8.4,3,66.7,80.0,4,5,2,20.0,4,0.4,5,237,0,36.7,86.6,61.0,75.1,48.1,7.9,16,1,27,10.3,21,203,4,45.4,16,85.2,173,45.8,93,67.7,24,0,7.4,15,158,73,4.6,9.9,0.91
Xavier Townsend,158455,WR,IOWA STATE,10,8.2,4,75.0,50.0,2,4,0,5.3,1,0.13,10,193,0,73.0,77.7,69.5,,70.8,1.0,1,0,44,0.0,0,100,1,48.4,18,93.0,93,62.0,62,106.8,24,0,34.0,34,243,84,4.7,13.5,2.61
Tyler Brown,170003,WR,CLEMSON,12,4.6,3,79.2,50.0,2,4,0,5.0,1,-0.28,9,140,0,62.7,72.9,57.3,44.9,55.4,1.2,2,0,23,0.0,0,173,1,41.2,19,95.4,165,96.0,166,94.4,24,0,1.7,3,160,101,5.3,8.4,0.97
Coleman Bennett,142986,HB,KENNESAW,12,-1.9,13,75.0,,0,0,0,5.3,1,0.25,8,200,0,74.4,89.7,81.3,76.2,76.0,1.7,4,0,76,38.3,88,230,0,48.4,18,58.3,134,10.4,24,150.5,24,3,1.3,3,267,304,16.9,14.8,1.99
Kenyon Massey,191116,WR,UMASS,9,7.4,0,70.8,,0,0,0,0.0,0,-0.24,6,216,0,85.1,76.6,54.3,,55.5,0.0,0,0,22,0.0,0,177,1,36.5,17,96.0,170,96.0,170,79.2,24,0,4.0,7,104,31,1.8,6.1,0.61
Jameson Tucker,147090,WR,COAST CAR,12,17.5,1,45.8,0.0,0,1,1,15.4,2,-0.15,6,141,1,49.5,20.5,55.1,,56.7,0.0,0,2,75,0.0,0,124,2,34.5,11,93.5,116,4.8,6,69.3,24,2,95.2,118,207,76,6.9,18.8,1.78
Caleb Odom,184543,TE,OLE MISS,12,5.5,4,70.8,33.3,1,3,0,10.5,2,0.37,11,226,0,38.9,69.7,66.4,69.4,66.2,20.2,21,1,40,4.8,5,104,0,57.1,17,89.4,93,57.7,60,104.3,24,2,16.3,17,189,122,7.2,11.1,2.03
Cameron Monteiro,183274,WR,AKRON,12,11.6,0,37.5,42.9,3,7,0,35.7,5,-0.09,7,102,0,17.1,67.5,51.0,61.1,51.4,0.0,0,0,18,0.8,1,131,0,41.1,9,97.7,128,19.1,25,52.8,24,0,80.9,106,112,16,1.8,12.4,0.88
Shomari Lawrence,141839,HB,MO STATE,12,0.6,1,73.9,100.0,1,1,0,15.0,3,0.12,6,230,0,49.2,65.8,76.2,61.7,49.5,0.0,0,0,13,28.7,83,289,0,46.5,17,67.8,196,4.2,12,82.0,23,0,1.4,4,101,102,6.0,5.9,0.52
Elijah Tau-Tolliver,147785,HB,MICH STATE,12,0.3,2,78.3,0.0,0,1,0,5.3,1,0.06,7,223,0,72.8,85.3,74.0,42.8,72.8,0.0,0,1,32,17.5,24,137,2,49.6,18,78.8,108,4.4,6,73.7,23,0,3.6,5,139,150,8.3,7.7,1.29
Jordan Ross,191068,WR,COLO STATE,7,13.1,0,47.8,0.0,0,3,0,0.0,0,-0.16,3,144,0,82.2,69.2,54.4,,54.0,0.0,0,0,14,0.0,0,151,1,40.8,11,94.0,142,7.3,11,57.2,23,0,92.7,140,84,45,4.1,7.6,0.59
Cole Rusk,145753,TE,ILLINOIS,12,9.0,3,82.6,57.1,4,7,0,0.0,0,-0.03,10,187,0,86.3,70.4,79.3,67.1,82.0,54.8,74,0,27,13.3,18,135,1,45.3,19,82.2,111,41.5,56,120.5,23,1,3.7,5,217,60,3.2,11.4,1.95
Dom Dorwart,184115,WR,OHIO,9,16.8,1,43.5,66.7,4,6,0,0.0,0,0.01,4,259,0,81.5,68.2,52.5,,52.5,0.0,0,0,35,0.0,0,212,2,50.2,10,94.8,201,7.5,16,58.1,23,0,92.5,196,109,23,2.3,10.9,0.54
Simeon Evans,147304,WR,N TEXAS,8,8.0,6,65.2,50.0,1,2,0,21.1,4,0.11,6,251,1,34.9,41.0,54.1,,53.3,0.0,0,0,30,0.0,0,113,2,47.7,15,96.5,109,8.0,9,79.1,23,0,92.0,104,125,52,3.5,8.3,1.15
Ed Small,199243,WR,TCU,6,7.0,4,69.6,40.0,2,5,0,15.8,3,0.21,8,305,0,47.2,74.0,64.2,,64.3,4.4,4,0,41,0.0,0,91,0,50.6,16,95.6,87,82.4,75,122.7,23,2,12.1,11,186,115,7.2,11.6,2.14
Rahsul Faison,176482,HB,S CAROLINA,12,-0.5,6,82.6,,0,0,0,5.0,1,-0.15,6,289,0,73.6,73.2,68.8,50.7,59.9,7.0,17,1,33,22.1,54,244,0,38.3,19,73.8,180,2.5,6,69.9,23,0,1.2,3,118,150,7.9,6.2,0.66
Drew Biber,145117,TE,MINNESOTA,12,6.0,2,78.3,50.0,4,8,0,0.0,0,0.03,5,225,0,85.1,69.9,61.9,71.9,58.1,40.3,79,1,21,7.1,14,196,0,43.3,18,89.3,175,39.3,77,73.2,23,0,18.9,37,136,47,2.6,7.6,0.78
Telly Johnson Jr.,188420,HB,N ILLINOIS,12,2.0,5,69.6,,0,0,0,11.1,2,-0.35,2,254,0,60.2,65.5,71.6,38.2,55.4,0.0,0,0,17,21.0,30,143,0,34.3,16,73.4,105,9.1,13,77.6,23,0,2.1,3,97,109,6.8,6.1,0.92
Kaytron Allen,164158,HB,PENN STATE,12,-1.7,5,78.3,0.0,0,2,0,5.3,1,0.01,3,266,1,72.8,85.5,89.7,67.1,51.0,0.5,1,1,11,28.3,58,205,1,47.7,18,69.3,142,7.3,15,61.1,23,0,4.9,10,68,109,6.1,3.8,0.48
Alex Honig,144681,TE,UCONN,12,7.9,1,56.5,50.0,2,4,0,18.8,3,0.36,8,146,0,43.3,69.7,69.1,71.6,64.7,72.3,159,0,40,45.0,99,220,0,55.8,13,51.4,113,22.3,49,118.1,23,3,4.5,10,162,94,7.2,12.5,1.43
Alex Bauman,158407,TE,MIAMI FL,13,5.4,1,65.2,50.0,1,2,0,6.3,1,0.28,6,220,0,71.1,69.5,52.3,76.3,52.4,54.0,128,0,33,23.2,55,237,1,52.2,15,73.8,175,35.0,83,95.0,23,1,3.8,9,133,110,7.3,8.9,0.76
Jevon Jackson,149110,HB,UAB,12,-0.1,2,82.6,0.0,0,1,0,0.0,0,0.15,6,321,0,85.5,90.5,81.0,26.1,69.5,0.5,1,0,27,28.1,54,192,0,50.0,19,70.3,135,2.6,5,102.0,23,1,3.6,7,115,132,6.9,6.1,0.85
Sebastian Brown,129607,WR,KENT STATE,12,12.6,1,52.2,40.0,2,5,0,7.7,1,-0.17,6,201,0,66.4,68.6,55.9,,56.9,0.0,0,1,36,0.0,0,177,0,33.5,12,93.8,166,6.2,11,68.8,23,1,93.2,165,148,48,4.0,12.3,0.89
Myles Montgomery,144232,HB,UCF,11,-0.8,3,73.9,,0,0,0,5.6,1,0.0,5,323,0,71.9,90.1,76.9,28.5,56.7,0.0,0,0,64,22.0,53,241,0,45.3,17,76.3,184,6.6,16,96.6,23,0,5.0,12,182,226,13.3,10.7,0.99
Will Henderson III,190255,HB,UTSA,12,-1.6,2,78.3,0.0,0,2,1,14.3,3,0.12,7,331,0,52.1,88.4,83.4,29.5,65.2,0.5,1,0,16,19.4,38,196,1,52.2,18,76.0,149,8.7,17,97.8,23,1,4.1,8,92,144,8.0,5.1,0.62
Jaylan Brown,190310,WR,UTEP,9,12.7,0,43.5,28.6,2,7,0,9.1,1,-0.08,5,330,0,66.4,68.5,58.5,,58.1,0.7,1,1,34,0.0,0,144,0,38.1,10,87.5,126,16.7,24,38.9,23,0,82.6,119,103,19,1.9,10.3,0.82
Brady Anderson,190493,WR,ARMY,11,23.9,0,60.9,50.0,2,4,0,6.7,1,0.24,14,114,0,68.7,69.7,78.9,74.4,85.5,29.2,35,3,68,5.8,7,120,0,42.3,14,87.5,105,10.0,12,94.3,23,2,60.8,73,381,82,5.9,27.2,3.63
Julian Gray,143994,HB,LIBERTY,8,2.9,4,78.3,0.0,0,2,0,10.0,2,0.05,7,206,0,62.7,78.1,66.9,39.8,71.0,0.0,0,0,72,15.4,14,91,0,46.6,18,81.3,74,36.3,33,120.7,23,1,16.5,15,218,193,10.7,12.1,2.95
Christian Ross,169953,TE,MEMPHIS,11,6.5,8,73.9,50.0,1,2,0,0.0,0,0.13,8,218,0,85.1,70.5,62.4,69.8,63.3,65.9,137,1,37,15.4,32,208,2,50.0,17,78.4,163,33.2,69,91.6,23,1,1.0,2,174,111,6.5,10.2,1.07
Bryson Canty,148731,WR,KANSAS,11,15.3,0,47.8,66.7,2,3,0,8.3,1,0.03,9,198,0,66.4,68.5,64.2,,64.2,0.0,0,0,31,0.0,0,108,1,40.4,11,96.3,104,26.9,29,84.7,23,1,73.1,79,156,37,3.4,14.2,1.5
George Dimopoulos,188413,WR,N ILLINOIS,8,7.4,0,50.0,33.3,1,3,0,0.0,0,-0.29,4,254,1,82.2,22.0,53.5,,55.5,0.0,0,1,19,0.0,0,146,0,30.4,11,94.5,138,42.5,62,37.3,22,0,57.5,84,58,17,1.5,5.3,0.42
Jahlil McClain,176467,WR,FRESNO ST,12,11.0,3,59.1,100.0,1,1,0,0.0,0,-0.19,8,169,0,82.7,68.7,56.1,,56.9,0.0,0,0,43,0.0,0,193,0,41.9,13,96.4,186,68.4,132,98.5,22,1,31.6,61,169,50,3.8,13.0,0.91
Julian Nixon,146942,TE,LA MONROE,12,7.0,0,68.2,50.0,2,4,0,11.8,2,-0.07,10,209,0,57.3,71.1,62.5,62.2,70.1,59.5,103,1,24,39.3,68,173,2,38.1,15,57.2,99,26.6,46,83.7,22,1,1.7,3,151,84,5.6,10.1,1.53
Jeron Askren,185519,TE,MO STATE,12,7.9,0,72.7,50.0,1,2,1,5.9,1,0.21,10,230,0,70.9,69.5,57.9,71.0,61.6,84.5,201,1,75,26.1,62,238,2,47.1,16,70.6,168,9.7,23,123.9,22,5,4.6,11,214,112,7.0,13.4,1.27
Tobias Merriweather,156980,WR,UTAH,7,18.6,2,36.4,33.3,1,3,0,20.0,2,0.29,5,328,0,30.0,67.5,53.5,,57.1,0.0,0,1,36,0.0,0,113,2,48.1,8,92.0,104,11.5,13,34.3,22,0,88.5,100,110,31,3.9,13.8,1.06
Amorion Walker,158547,WR,MIDDLE TN,10,9.7,4,68.2,100.0,1,1,0,11.8,2,-0.04,7,224,0,57.1,69.2,52.6,,53.4,0.0,0,0,41,0.0,0,222,2,45.2,15,93.7,208,15.3,34,111.2,22,1,84.7,188,196,94,6.3,13.1,0.94
DeCorion Temple,163121,TE,C MICHIGAN,12,7.2,2,68.2,66.7,2,3,0,0.0,0,0.16,8,134,0,69.9,69.2,55.0,64.2,57.0,73.5,164,1,19,30.9,69,223,4,48.8,15,65.5,146,9.9,22,95.1,22,2,14.8,33,131,52,3.5,8.7,0.9
Eric Holley III,163154,WR,TOLEDO,12,11.0,1,63.6,0.0,0,3,0,22.2,4,0.11,8,316,0,26.9,69.2,54.8,,53.5,1.9,3,1,26,0.0,0,160,3,46.8,14,96.3,154,21.3,34,86.6,22,1,76.9,123,186,56,4.0,13.3,1.21
Antonio Meeks,168551,WR,LOUISVILLE,12,11.9,4,63.6,16.7,1,6,0,6.7,1,-0.09,9,210,0,69.9,70.3,62.3,,61.4,0.0,0,1,23,0.0,0,164,0,47.1,14,95.7,157,3.7,6,67.0,22,0,96.3,158,163,59,4.2,11.6,1.04
Javarius Green,183330,WR,N CAROLINA,9,16.4,0,54.5,25.0,1,4,0,0.0,0,-0.05,7,245,0,82.7,77.5,57.8,,59.7,0.0,0,1,39,0.0,0,162,4,45.3,12,92.6,150,22.2,36,56.1,22,0,77.8,126,145,61,5.1,12.1,0.97
Cam Edwards,158615,HB,UCONN,12,1.0,5,86.4,,0,0,0,5.0,1,0.4,8,146,0,73.6,91.1,82.4,69.3,62.2,0.0,0,0,34,28.2,85,301,0,53.5,19,69.1,208,2.3,7,117.2,22,1,5.6,17,187,167,8.8,9.8,0.9
Channing Goodwin,190830,WR,MICHIGAN,12,11.3,2,50.0,50.0,1,2,0,26.7,4,0.06,7,222,0,26.4,68.7,52.3,62.1,51.8,0.0,0,0,39,0.7,1,143,0,44.4,11,98.6,141,36.4,52,71.2,22,0,62.2,89,145,80,7.3,13.2,1.03
Braylin Presley,157793,HB,TULSA,11,3.5,1,81.8,,0,0,0,14.3,3,0.18,7,320,0,52.1,80.4,76.3,79.9,69.5,2.8,2,0,22,9.7,7,72,0,54.3,18,88.9,64,25.0,18,103.6,22,1,20.8,15,115,96,5.3,6.4,1.8
Noah Whittington,123472,HB,OREGON,11,1.5,0,77.3,0.0,0,1,0,10.5,2,0.12,4,264,0,52.1,88.7,86.1,76.4,54.1,0.0,0,0,12,24.8,38,153,0,45.1,17,69.9,107,12.4,19,98.3,22,1,8.5,13,88,65,3.8,5.2,0.82
Wyatt Sullivan,156534,TE,USF,12,4.6,3,77.3,0.0,0,1,1,5.6,1,0.43,9,327,0,72.8,69.9,59.2,61.8,65.6,41.0,77,0,30,30.3,57,188,1,54.2,17,66.0,124,34.0,64,130.3,22,2,5.9,11,177,126,7.4,10.4,1.43
Jam Miller,157003,HB,ALABAMA,10,-0.2,1,81.8,,0,0,0,14.3,3,0.31,8,103,0,52.1,78.2,66.5,42.4,54.5,9.8,19,0,14,23.7,46,194,1,49.2,18,73.7,143,5.7,11,87.1,22,0,11.3,22,108,120,6.7,6.0,0.76
JoJo Earle,146588,WR,UNLV,12,8.0,5,72.7,50.0,1,2,0,11.1,2,0.06,8,325,1,58.8,31.3,62.1,,59.4,0.0,0,0,37,0.0,0,131,1,45.1,16,93.1,122,91.6,120,95.5,22,0,8.4,11,173,94,5.9,10.8,1.42
Jordan Allen,199699,WR,GA TECH,8,3.4,6,90.9,100.0,1,1,0,4.8,1,0.64,9,176,0,74.4,73.0,82.2,,80.1,0.0,0,0,78,0.0,0,69,0,63.6,20,95.7,66,92.8,64,118.8,22,0,5.8,4,316,275,13.8,15.8,4.79
Eric Richardson,200047,WR,WYOMING,12,9.8,1,45.5,0.0,0,4,0,28.6,4,-0.15,6,351,0,24.6,68.7,54.2,,53.2,0.0,0,1,41,0.0,0,136,0,42.5,10,93.4,127,25.0,34,57.4,22,1,75.0,102,112,42,4.2,11.2,0.88
Jalen Moss,163408,WR,ARIZONA ST,8,9.0,5,50.0,0.0,0,4,0,8.3,1,0.0,7,110,0,51.7,68.5,58.3,,60.1,0.0,0,0,38,0.0,0,156,0,39.6,11,95.5,149,39.7,62,71.0,22,0,60.3,94,144,69,6.3,13.1,0.97
Tavierre Dunlap,132720,HB,E MICHIGAN,11,-0.1,4,90.9,100.0,3,3,0,4.8,1,-0.03,4,160,0,74.4,87.7,74.0,62.3,74.3,0.0,0,1,39,28.7,45,157,0,44.1,20,68.8,108,2.5,4,70.1,22,0,1.9,3,118,132,6.6,5.9,1.09
Nate Boerkircher,129676,TE,TEXAS A&M,13,6.6,1,86.4,75.0,3,4,0,5.0,1,0.3,13,312,0,73.6,71.6,74.6,64.7,67.5,69.0,169,0,28,24.9,61,245,0,53.8,19,72.2,177,22.9,56,143.8,22,3,6.5,16,198,76,4.0,10.4,1.12
Cade Keith,189710,TE,NEW MEXICO,12,6.8,1,90.9,100.0,1,1,0,0.0,0,0.13,10,241,0,86.3,70.4,71.3,66.2,78.0,65.4,102,2,45,17.9,28,156,0,45.8,20,75.6,118,23.7,37,116.3,22,3,10.3,16,253,129,6.5,12.7,2.14
Jamal Roberts,175912,HB,MISSOURI,12,1.0,4,77.3,100.0,1,1,0,5.6,1,-0.03,6,229,0,71.9,88.4,76.5,26.3,58.7,0.0,0,0,39,33.7,82,243,1,41.6,17,63.8,155,3.3,8,108.0,22,1,4.9,12,139,130,7.6,8.2,0.9
Olsen Patt-Henry,170022,TE,CLEMSON,11,6.9,0,72.7,85.7,6,7,0,20.0,4,0.18,7,140,0,36.9,69.5,54.2,71.3,51.5,45.2,99,1,25,24.2,53,219,0,49.3,16,73.1,160,47.0,103,67.6,22,0,5.9,13,126,40,2.5,7.9,0.79
Ty Robinson,146317,WR,BALL ST,10,12.5,0,50.0,57.1,4,7,0,15.4,2,-0.3,6,117,0,49.5,68.4,58.2,,55.9,0.0,0,0,21,0.0,0,136,0,29.5,11,92.6,126,8.8,12,65.2,22,0,91.2,124,113,10,0.9,10.3,0.9
Sam Jackson V,144682,QB,OKLA STATE,12,7.7,0,45.5,20.0,1,5,0,9.1,1,-0.25,6,262,1,67.5,43.7,52.1,,61.7,0.0,0,1,26,0.0,0,219,4,33.2,10,56.2,123,58.4,128,37.3,22,0,3.2,7,86,29,2.9,8.6,0.7
Marcus Brown,188856,WR,STANFORD,10,5.5,2,54.5,33.3,1,3,0,14.3,2,-0.53,6,300,0,52.0,68.5,61.1,,61.5,3.7,3,0,21,0.0,0,81,0,28.6,12,95.1,77,91.4,74,79.0,22,1,4.9,4,86,43,3.6,7.2,1.12
Kenji Christian,144072,HB,TOLEDO,12,4.6,5,76.2,,0,0,0,11.1,2,0.11,8,316,0,58.6,73.5,74.0,33.4,62.6,0.0,0,1,42,21.8,22,101,0,49.5,16,77.2,78,9.9,10,97.9,21,1,5.0,5,183,124,7.8,11.4,2.35
Jason Patterson,184636,HB,KENTUCKY,11,-0.7,4,81.0,33.3,1,3,1,5.6,1,-0.11,5,202,0,71.9,83.3,72.7,26.6,72.4,0.0,0,0,19,12.1,12,99,1,45.1,17,83.8,83,2.0,2,99.4,21,1,15.2,15,85,108,6.4,5.0,1.02
Finn Hogan,145726,WR,BOWL GREEN,12,14.6,1,61.9,50.0,2,4,0,0.0,0,-0.29,9,122,0,83.3,69.0,61.1,,61.6,0.0,0,2,24,0.0,0,204,1,38.0,13,94.1,192,2.5,5,50.4,21,0,97.5,199,183,48,3.7,14.1,0.95
Khalil Dinkins,145087,TE,PENN STATE,12,7.8,1,66.7,66.7,2,3,1,6.7,1,0.21,6,266,0,68.7,69.0,56.2,69.6,50.1,61.5,131,1,40,27.7,59,213,3,48.5,14,70.0,149,26.3,56,102.7,21,2,10.3,22,167,69,4.9,11.9,1.12
La'Don Bryant,188410,WR,N ILLINOIS,12,13.4,0,28.6,50.0,1,2,0,14.3,1,-0.36,2,254,0,56.4,66.7,48.5,,48.1,0.0,0,1,13,0.0,0,165,0,34.0,6,94.5,156,8.5,14,19.7,21,0,91.5,151,40,11,1.8,6.7,0.26
Omari Arnold,158336,HB,GA SOUTHRN,11,-1.3,3,76.2,100.0,1,1,0,15.8,3,0.16,6,174,0,47.5,67.3,84.9,76.2,60.0,1.7,4,0,41,22.8,53,232,0,44.7,16,70.7,164,9.5,22,120.3,21,1,7.3,17,196,234,14.6,12.3,1.2
Christian Bentancur,189360,TE,CLEMSON,12,8.6,3,85.7,50.0,2,4,0,0.0,0,0.18,7,140,0,85.1,70.2,62.2,71.0,62.7,39.2,62,1,45,14.6,23,158,2,45.9,18,79.1,125,53.2,84,123.3,21,3,5.1,8,186,93,5.2,10.3,1.49
Jerand Bradley,144761,WR,KANSAS ST,9,12.5,1,61.9,0.0,0,2,0,7.1,1,0.0,9,199,0,67.5,68.7,66.3,,66.3,0.0,0,1,65,0.0,0,104,0,45.6,13,99.0,103,17.3,18,102.1,21,2,82.7,86,184,67,5.2,14.2,1.79
Michael Masunas,158390,TE,MICH STATE,12,8.3,3,90.5,50.0,1,2,0,5.0,1,0.2,13,223,0,73.6,70.1,76.8,72.8,88.1,93.9,184,0,28,43.4,85,196,1,48.9,19,53.6,105,2.6,5,152.3,21,3,2.6,5,232,81,4.3,12.2,2.21
Michael Kirch,133696,TE,FAU,11,5.9,0,71.4,60.0,3,5,0,6.3,1,0.13,9,165,0,57.1,69.2,58.8,66.2,63.5,59.9,136,1,41,36.1,82,227,3,45.3,15,59.5,135,27.3,62,112.9,21,3,7.9,18,159,79,5.3,10.6,1.18
Donovan Murph,205382,WR,S CAROLINA,12,12.0,1,66.7,0.0,0,1,0,6.7,1,0.15,11,289,0,68.7,69.0,61.0,62.1,61.8,0.0,0,0,38,0.6,1,180,0,44.0,14,96.7,174,15.6,28,112.6,21,1,84.4,152,197,56,4.0,14.1,1.13
Rico Scott,191140,WR,ALABAMA,13,11.8,4,52.4,50.0,2,4,0,8.3,1,0.11,7,103,0,64.6,69.5,56.3,61.1,57.6,0.0,0,0,25,0.7,1,152,1,45.2,11,95.4,145,32.2,49,96.9,21,2,67.8,103,98,58,5.3,8.9,0.68
Caleb Ramseur,172143,HB,NEVADA,12,1.7,6,85.7,100.0,1,1,0,0.0,0,-0.24,11,239,0,85.5,79.6,72.3,51.0,64.9,1.6,4,0,41,35.7,87,244,0,37.7,18,61.1,149,4.5,11,144.1,21,3,11.9,29,191,163,9.1,10.6,1.28
TJ Harden,162457,HB,SMU,12,-2.8,5,90.5,,0,0,0,9.5,2,0.03,4,287,0,62.5,81.8,76.2,50.1,59.3,0.0,0,0,30,28.6,73,255,0,45.9,19,68.2,174,2.7,7,102.2,21,1,3.9,10,99,153,8.1,5.2,0.57
Tre Shackelford,149111,WR,TULANE,12,10.1,3,61.9,66.7,2,3,0,13.3,2,0.05,9,319,0,53.7,68.7,63.7,,64.1,0.0,0,1,30,0.0,0,113,1,51.4,13,96.5,109,3.5,4,88.0,21,1,96.5,109,193,64,4.9,14.8,1.77
Sam Olson,128333,TE,ARIZONA,12,5.6,1,66.7,100.0,1,1,0,17.6,3,0.2,5,109,0,45.4,69.2,45.1,73.8,48.0,53.9,131,1,16,18.1,44,243,1,45.7,14,77.8,189,41.2,100,90.0,21,2,3.7,9,103,48,3.4,7.4,0.54
Preston Howard,162794,TE,AUBURN,12,5.2,0,47.6,20.0,1,5,0,33.3,5,0.03,2,115,0,19.2,67.9,40.0,77.0,35.0,53.2,150,0,19,25.2,71,282,2,44.7,10,69.9,197,39.7,112,58.4,21,0,5.7,16,84,33,3.3,8.4,0.43
Logan Kyle,124353,TE,JAMES MAD,13,9.1,2,57.1,40.0,2,5,0,7.7,1,0.1,6,197,0,68.7,69.0,53.4,34.7,59.0,51.6,96,1,23,8.6,16,186,2,45.9,12,84.4,157,27.4,51,73.3,21,1,19.9,37,139,69,5.8,11.6,0.89
Dallas Wilson,200129,WR,FLORIDA,4,11.5,2,57.1,0.0,0,2,0,0.0,0,-0.15,8,163,1,82.2,21.4,67.8,,69.2,0.0,0,0,55,0.0,0,94,2,40.4,12,94.7,89,18.1,17,123.8,21,3,81.9,77,174,82,6.8,14.5,1.96
Joshua Moore,200153,WR,MIAMI FL,13,12.6,2,71.4,28.6,2,7,0,6.3,1,0.3,8,220,0,70.9,69.5,66.8,,65.6,0.0,0,0,39,0.0,0,121,0,49.1,15,94.2,114,2.5,3,132.6,21,2,97.5,118,198,59,3.9,13.2,1.74
Adam Mohammed,183644,HB,WASHINGTON,12,-1.5,7,80.0,,0,0,0,0.0,0,0.2,8,340,0,84.2,88.1,86.6,49.1,76.5,0.6,1,0,33,24.6,41,167,0,50.3,16,73.7,123,1.2,2,96.7,20,0,3.6,6,144,169,10.6,9.0,1.17
DJ Miller,200142,WR,KENTUCKY,7,11.3,2,65.0,60.0,3,5,0,7.1,1,-0.12,8,202,0,67.5,68.7,64.9,,65.3,0.0,0,1,56,0.0,0,121,0,42.9,13,92.6,112,20.7,25,105.2,20,2,79.3,96,175,70,5.4,13.5,1.56
Caleb Gossett,149528,WR,OHIO,12,13.1,0,60.0,50.0,3,6,0,7.7,1,0.1,8,259,1,53.7,68.7,63.8,,63.2,0.0,0,1,35,0.0,0,133,0,46.7,12,91.7,122,91.7,122,65.0,20,0,8.3,11,162,38,3.2,13.5,1.33
DJ Allen Jr.,157297,WR,UTSA,11,5.2,8,85.0,100.0,4,4,1,5.6,1,0.1,6,331,0,72.8,69.9,60.3,,60.5,0.6,1,0,43,0.0,0,157,1,43.8,17,93.0,146,40.8,64,138.5,20,3,58.6,92,155,126,7.4,9.1,1.06
Zhaiel Smith,205216,WR,NEW MEXICO,12,14.0,0,45.0,0.0,0,3,1,10.0,1,-0.02,5,241,0,45.0,68.5,51.2,,49.4,0.0,0,1,43,0.0,0,257,2,40.9,9,92.2,237,59.5,153,43.1,20,0,40.5,104,117,54,6.0,13.0,0.49
Nahree Biggins,145711,HB,C MICHIGAN,12,-1.2,1,95.0,,0,0,0,0.0,0,0.18,6,134,0,85.5,76.5,76.1,75.2,73.2,0.0,0,1,88,31.1,38,122,0,46.6,19,68.0,83,8.2,10,101.0,20,1,0.0,0,185,209,11.0,9.7,2.23
Shawn Miller,158219,WR,NEW MEXICO,11,14.8,1,70.0,50.0,1,2,0,12.5,2,0.13,11,241,0,58.6,74.9,53.2,62.1,53.7,0.0,0,0,42,0.3,1,311,1,43.7,14,91.6,285,24.4,76,117.3,20,1,75.6,235,193,26,1.9,13.8,0.68
Joshisa Trader,183245,WR,MIAMI FL,9,16.2,2,55.0,50.0,2,4,0,15.4,2,0.19,6,220,0,49.5,68.2,59.4,,60.3,0.0,0,1,44,0.0,0,113,0,49.1,11,93.8,106,15.9,18,78.8,20,1,84.1,95,168,43,3.9,15.3,1.58
Davon Booth,174754,HB,MISS STATE,12,-0.8,4,75.0,100.0,1,1,1,21.1,4,0.19,6,227,0,37.1,90.0,76.3,34.5,53.5,0.4,1,0,62,32.4,79,244,1,45.0,15,63.1,154,3.7,9,132.3,20,2,1.6,4,165,193,12.9,11.0,1.07
Ju'Juan Johnson,184458,HB,LSU,12,-2.9,5,90.0,,0,0,0,5.3,1,0.11,3,211,0,74.4,35.5,60.2,43.1,59.6,0.0,0,0,14,17.6,30,170,0,49.4,18,74.1,126,20.0,34,81.0,20,0,8.2,14,69,127,7.1,3.8,0.55
Ardell Banks,175136,WR,KENT STATE,11,15.2,1,60.0,83.3,5,6,1,14.3,2,0.29,9,201,0,51.7,68.5,64.4,,68.6,0.0,0,0,38,0.0,0,106,2,44.7,12,97.2,103,4.7,5,128.1,20,2,95.3,101,205,28,2.3,17.1,1.99
Keyvone Lee,129790,HB,UNLV,12,-0.3,3,90.0,100.0,1,1,0,0.0,0,0.3,8,325,1,85.5,72.2,73.9,80.8,58.2,0.0,0,0,25,23.2,32,138,2,53.5,18,72.5,100,6.5,9,95.2,20,0,13.8,19,137,149,8.3,7.6,1.37
Kanen Hamlett,157546,TE,APP STATE,12,6.9,1,60.0,50.0,1,2,0,20.0,3,-0.04,6,108,0,38.6,68.5,43.5,36.2,54.9,67.6,115,1,35,18.8,32,170,2,40.1,12,77.1,131,25.9,44,93.1,20,2,6.5,11,137,65,5.4,11.4,1.05
Deion DeBlanc,200073,WR,WYOMING,10,3.6,3,85.0,50.0,1,2,0,5.6,1,-0.33,7,351,0,71.9,79.9,65.5,,63.3,0.0,0,0,20,0.0,0,103,0,34.7,17,95.1,98,90.3,93,85.4,20,0,7.8,8,90,87,5.1,5.3,0.92
Jaedn Skeete,175343,WR,BOSTON COL,4,8.6,2,65.0,0.0,0,3,0,0.0,0,0.19,8,121,1,82.7,22.1,57.9,,57.3,0.0,0,1,22,0.0,0,168,0,52.5,13,96.4,162,35.7,60,104.2,20,3,64.3,108,140,50,3.8,10.8,0.86
Isaiah Johnson,185903,WR,CINCINNATI,12,7.2,9,60.0,,0,0,0,7.7,1,0.45,10,138,0,67.5,70.7,69.0,,70.3,0.0,0,0,42,0.0,0,98,1,48.9,12,93.9,92,98.0,96,133.5,20,3,1.0,1,201,152,12.7,16.8,2.18
Tawee Walker,158097,HB,CINCINNATI,12,-1.9,9,90.0,100.0,1,1,0,0.0,0,0.2,3,138,0,85.1,88.9,85.0,79.1,61.0,0.0,0,0,13,27.8,52,187,0,46.3,18,69.0,129,2.7,5,99.4,20,1,9.6,18,77,142,7.9,4.3,0.6
Gus McGee,146140,TE,CHARLOTTE,12,5.1,3,70.0,40.0,2,5,0,0.0,0,-0.26,6,136,0,84.2,69.5,58.7,59.4,59.7,49.6,130,1,25,22.5,59,262,2,36.2,14,73.3,192,29.4,77,82.7,20,1,8.0,21,127,63,4.5,9.1,0.66
Jacob Jenkins,125365,TE,LIBERTY,12,7.9,2,70.0,20.0,1,5,0,6.7,1,0.05,9,206,0,68.7,69.0,67.2,50.7,70.2,64.2,102,0,43,28.3,45,159,0,45.4,14,68.6,109,28.3,45,133.5,20,2,6.3,10,191,86,6.1,13.6,1.75
Nic Anderson,158090,WR,LSU,9,10.0,1,60.0,0.0,0,3,0,7.7,1,-0.05,7,211,0,66.1,68.5,60.1,,63.0,0.8,1,0,21,0.0,0,123,0,42.9,12,91.1,112,16.3,20,107.5,20,2,82.9,102,106,26,2.2,8.8,0.95
Kaleb Brown,162861,WR,UAB,10,7.9,1,80.0,100.0,2,2,0,0.0,0,0.06,9,321,1,84.7,29.2,65.9,,65.3,0.0,0,1,61,0.0,0,107,4,45.5,16,92.5,99,28.0,30,131.3,20,2,71.0,76,251,139,8.7,15.7,2.54
Brooks Johnson,156670,TE,COAST CAR,10,5.8,0,55.0,40.0,2,5,0,8.3,1,-0.21,6,141,0,64.6,68.2,47.7,68.2,58.6,54.9,90,0,22,22.0,36,164,3,32.1,11,74.4,122,43.9,72,82.7,20,1,1.2,2,87,44,4.0,7.9,0.71
Kylan Fox,183847,TE,UCF,11,4.9,0,80.0,,0,0,0,5.9,1,0.1,6,323,1,70.9,24.1,53.7,75.0,50.6,64.7,86,0,22,19.5,26,133,0,47.6,16,76.7,102,30.8,41,111.9,20,1,1.5,2,137,78,4.9,8.6,1.34
Kevin Riley,191139,HB,ALABAMA,9,1.3,5,95.0,100.0,1,1,0,0.0,0,0.45,10,103,0,85.5,83.3,74.9,51.1,82.4,2.3,2,0,27,16.1,14,87,0,62.2,19,81.6,71,3.4,3,120.0,20,1,11.5,10,176,152,8.0,9.3,2.48
Davion Gause,183328,HB,N CAROLINA,12,1.6,6,80.0,0.0,0,1,0,0.0,0,0.06,6,245,1,84.7,83.6,73.1,67.8,82.1,0.0,0,0,20,29.3,43,147,1,45.6,16,66.7,98,4.1,6,127.5,20,2,5.4,8,132,122,7.6,8.3,1.35
Sutton Smith,162530,HB,MEMPHIS,12,-1.4,4,95.0,,0,0,0,0.0,0,0.15,4,218,0,85.9,81.0,73.6,48.3,63.7,0.0,0,1,39,23.5,38,162,0,51.0,19,74.1,120,16.7,27,67.5,20,0,2.5,4,104,154,8.1,5.5,0.87
Tyler Griffin,158436,WR,LA MONROE,10,12.3,3,65.0,33.3,1,3,0,7.1,1,0.06,9,209,0,68.7,69.0,73.0,,74.7,0.0,0,1,48,0.0,0,83,1,43.8,13,96.4,80,6.0,5,103.8,20,2,94.0,78,168,67,5.2,12.9,2.1
Cody Hagen,189644,WR,BYU,11,10.7,3,60.0,0.0,0,2,0,0.0,0,0.23,4,128,0,82.2,76.0,56.7,,52.7,0.0,0,0,24,0.0,0,201,0,48.7,12,93.0,187,36.3,73,72.3,20,0,63.7,128,97,66,5.5,8.1,0.52
Harvey Broussard III,176337,WR,HOUSTON,12,17.2,1,40.0,50.0,2,4,0,11.1,1,0.13,5,182,0,58.9,67.1,50.7,,49.6,0.0,0,0,29,0.0,0,211,0,47.2,8,93.4,197,13.3,28,75.8,20,1,86.7,183,114,13,1.6,14.3,0.58
Isaiah Jacobs,129518,HB,UAB,12,-0.1,2,75.0,100.0,1,1,0,6.3,1,-0.05,5,321,0,69.9,70.6,63.0,28.8,60.7,2.9,6,0,23,28.2,59,209,0,40.5,15,67.9,142,3.3,7,98.3,20,1,4.8,10,82,99,6.6,5.5,0.58
Kejon Owens,123640,HB,FIU,12,-1.4,0,80.0,,0,0,0,0.0,0,0.15,3,166,0,84.2,85.3,81.4,45.7,61.1,0.0,0,0,14,26.7,62,232,1,54.5,16,71.1,165,3.0,7,79.2,20,0,1.7,4,58,98,6.1,3.6,0.35
Jaden Nixon,144652,HB,UCF,12,-0.9,1,85.0,100.0,1,1,0,5.6,1,-0.22,4,323,0,71.9,44.5,69.9,61.1,64.7,0.0,0,0,27,19.2,32,167,0,43.4,17,76.6,128,8.4,14,87.1,20,0,4.8,8,98,151,8.9,5.8,0.77
Cam Davis,72376,HB,MINNESOTA,9,-1.6,3,90.0,,0,0,0,5.3,1,-0.05,6,225,0,72.8,79.8,63.9,40.6,70.1,0.0,0,0,21,16.5,18,109,0,42.1,18,81.7,89,0.0,0,91.5,20,0,2.8,3,119,147,8.2,6.6,1.34
Deuce Spann,129427,WR,PITTSBURGH,12,8.2,4,65.0,66.7,2,3,0,7.1,1,-0.01,7,268,0,68.7,74.0,59.4,,58.4,0.6,1,1,30,0.0,0,168,0,46.8,13,94.0,158,22.6,38,81.7,20,1,76.8,129,142,72,5.5,10.9,0.9
Jeremy Payne,183837,HB,TCU,10,0.4,8,80.0,100.0,1,1,0,0.0,0,0.3,7,305,0,84.2,73.3,74.5,26.5,61.8,0.6,1,0,44,15.1,27,179,0,50.6,16,81.0,145,9.5,17,116.0,20,1,13.4,24,157,173,10.8,9.8,1.08
TreyShun Hurry,159085,WR,LOUISVILLE,12,9.4,0,60.0,25.0,1,4,0,14.3,2,0.06,4,210,0,52.0,68.5,50.0,,50.4,0.0,0,1,17,0.0,0,157,2,49.7,12,93.6,147,14.0,22,50.8,20,0,86.0,135,94,26,2.2,7.8,0.64
Caden Durham,184449,HB,LSU,11,-0.2,2,80.0,100.0,1,1,0,5.9,1,0.05,5,211,0,70.9,87.9,76.0,48.5,62.3,0.0,0,1,22,27.6,54,196,0,44.1,16,69.4,136,9.7,19,64.8,20,0,3.6,7,91,105,6.6,5.7,0.67
Zack Marshall,174041,TE,MICHIGAN,12,8.9,2,78.9,100.0,1,1,0,0.0,0,-0.03,10,222,0,83.8,69.2,66.2,57.6,70.9,34.6,47,0,37,11.8,16,136,0,43.4,15,83.8,114,50.0,68,127.0,19,1,15.4,21,195,102,6.8,13.0,1.71
Devin Mockobee,145111,HB,PURDUE,8,-1.1,5,94.7,100.0,1,1,0,5.3,1,0.01,10,273,1,73.6,66.1,73.7,59.2,63.9,0.0,0,0,29,30.6,64,209,0,50.5,18,64.6,135,1.0,2,131.4,19,1,9.1,19,215,235,13.1,11.9,1.59
Chris Johnson Jr.,175378,HB,SMU,11,0.6,5,84.2,0.0,0,1,0,5.9,1,0.31,6,287,0,70.9,84.0,72.0,68.0,71.0,0.0,0,0,42,17.0,18,106,0,49.5,16,81.1,86,8.5,9,122.8,19,1,2.8,3,176,163,10.2,11.0,2.05
Jacob Bostick,156423,WR,S DIEGO ST,6,15.9,0,57.9,50.0,3,6,0,21.4,3,0.16,7,284,0,38.9,68.5,57.1,,56.5,0.0,0,0,35,0.0,0,148,1,47.1,11,94.6,140,23.6,35,124.3,19,3,75.0,111,157,34,3.1,14.3,1.12
Demon June,199824,HB,N CAROLINA,11,-2.8,7,89.5,0.0,0,1,0,5.6,1,0.09,4,245,1,60.0,75.9,69.8,28.9,55.7,0.0,0,0,72,17.5,24,137,0,48.5,17,78.8,108,8.8,12,119.1,19,1,10.2,14,159,216,12.7,9.4,1.47
Jojo Phillips,175038,WR,BYU,6,10.2,1,52.6,50.0,1,2,0,28.6,4,0.08,6,128,0,24.8,67.9,51.3,,52.0,0.0,0,0,21,0.0,0,148,0,51.4,10,95.9,142,16.9,25,69.6,19,0,83.1,123,108,25,2.5,10.8,0.76
Tyson Mobley,122350,WR,LIBERTY,10,18.4,0,36.8,40.0,2,5,0,0.0,0,0.06,6,206,0,78.5,66.7,64.0,,61.4,0.0,0,1,40,0.0,0,103,0,38.1,7,94.2,97,26.2,27,38.9,19,0,73.8,76,128,11,1.6,18.3,1.32
Kadinn Morris,145931,TE,SO MISS,11,9.1,0,73.7,66.7,2,3,0,0.0,0,0.04,9,296,0,83.3,69.0,65.5,77.6,66.1,49.5,95,0,30,16.7,32,192,3,43.6,14,78.1,150,42.7,82,137.2,19,2,6.8,13,176,39,2.8,12.6,1.17
Samuel Harris,200065,HB,WYOMING,11,2.8,2,84.2,0.0,0,1,0,0.0,0,-0.18,8,351,0,84.7,74.1,74.0,21.1,77.1,0.0,0,0,52,17.3,26,150,0,42.6,16,78.0,117,3.3,5,107.0,19,0,0.0,0,184,163,10.2,11.5,1.57
Daniel Hill,184536,HB,ALABAMA,12,1.0,3,84.2,100.0,2,2,0,5.9,1,-0.15,5,103,1,70.9,66.9,66.6,38.0,57.6,5.0,9,0,41,22.7,41,181,0,39.4,16,72.9,132,5.5,10,115.1,19,1,8.3,15,141,125,7.8,8.8,1.07
Antonio Harris,190906,HB,PURDUE,11,-1.4,2,89.5,,0,0,0,0.0,0,-0.03,7,273,0,84.7,84.6,74.9,26.8,74.7,0.0,0,0,22,26.0,33,127,0,38.8,17,68.5,87,3.1,4,96.7,19,0,7.9,10,137,158,9.3,8.1,1.57
Omari Evans,164168,WR,WASHINGTON,10,13.0,0,73.7,50.0,1,2,1,0.0,0,0.3,7,340,1,83.3,24.6,60.0,,59.7,0.7,1,0,59,0.0,0,148,2,52.5,14,95.3,141,27.0,40,130.4,19,1,72.3,107,225,73,5.2,16.1,1.6
Leo Blackburn,143904,WR,GA STATE,7,11.6,2,68.4,0.0,0,2,0,13.3,2,0.05,8,175,0,47.5,69.5,50.2,,51.6,0.0,0,0,21,0.0,0,241,2,45.8,13,93.4,225,13.3,32,122.0,19,2,86.7,209,127,12,0.9,9.8,0.56
Bryson Donelson,191080,HB,FRESNO ST,12,-2.9,3,89.5,100.0,1,1,0,10.5,2,-0.18,5,169,0,60.0,67.6,71.0,48.9,54.8,0.0,0,0,39,15.7,25,159,0,45.9,17,78.6,125,3.1,5,90.1,19,0,10.1,16,107,159,9.4,6.3,0.86
Seth Anderson,147931,WR,IOWA,7,10.2,0,47.4,33.3,1,3,0,18.2,2,-0.19,2,192,0,44.7,67.5,49.5,,47.2,0.0,0,1,20,0.0,0,110,0,37.1,9,95.5,105,31.8,35,67.2,19,2,68.2,75,50,21,2.3,5.6,0.48
Rod Gainey Jr.,193130,HB,CHARLOTTE,11,-2.3,1,84.2,,0,0,0,11.1,2,-0.19,1,136,1,58.6,52.6,63.5,76.9,42.1,0.0,0,0,14,40.6,58,143,0,40.7,16,56.6,81,0.0,0,79.2,19,0,0.0,0,38,77,4.8,2.4,0.47
Ty Clark III,190943,HB,WAKE,12,0.5,8,73.7,,0,0,0,0.0,0,0.26,7,339,0,83.8,83.5,71.7,76.7,67.0,0.0,0,0,22,17.6,31,176,0,48.8,14,78.4,138,6.8,12,93.3,19,0,13.1,23,136,138,9.9,9.7,0.99
Dylan Riley,190996,HB,BOISE ST,12,-1.1,6,73.7,50.0,1,2,0,12.5,2,0.19,5,120,0,57.6,90.4,80.0,67.3,54.4,0.0,0,0,75,21.9,35,160,1,45.2,14,71.9,115,3.8,6,111.7,19,1,7.5,12,140,158,11.3,10.0,1.22
Jaylan Hornsby,197643,WR,SYRACUSE,10,11.4,1,42.1,0.0,0,3,0,33.3,4,-0.05,5,304,0,20.9,67.1,49.2,,50.3,0.0,0,0,25,0.0,0,160,0,40.9,8,96.3,154,5.0,8,77.3,19,1,95.0,152,103,24,3.0,12.9,0.67
King Miller,197654,HB,USC,12,-1.0,1,78.9,,0,0,0,11.8,2,0.3,4,326,0,57.1,78.3,79.8,71.7,55.7,0.0,0,0,20,21.0,44,210,0,49.0,15,74.3,156,2.9,6,87.7,19,0,12.9,27,96,123,8.2,6.4,0.62
Benji Gosnell,157639,TE,VA TECH,12,7.3,1,63.2,75.0,3,4,0,7.7,1,-0.19,4,337,0,67.5,68.7,50.0,68.4,51.4,49.6,115,1,18,33.2,77,232,0,39.8,12,63.4,147,50.4,117,51.6,19,0,0.0,0,86,22,1.8,7.2,0.59
Ashten Emory,188313,HB,UTEP,12,-0.2,7,84.2,,0,0,1,5.9,1,-0.17,6,330,0,70.9,88.8,71.5,75.8,55.2,0.0,0,0,21,36.6,90,246,1,35.9,16,60.6,149,10.2,25,124.3,19,2,6.9,17,103,118,7.4,6.4,0.69
Cash Jones,155211,HB,GEORGIA,12,-0.5,8,78.9,0.0,0,3,0,0.0,0,0.27,4,173,0,71.1,73.4,65.9,70.8,72.5,0.0,0,0,18,28.1,38,135,1,47.1,15,64.4,87,5.2,7,111.6,19,1,6.7,9,125,145,9.7,8.3,1.44
Carter Pabst,205532,WR,WASH STATE,9,21.3,1,47.4,50.0,5,10,0,0.0,0,0.04,6,341,0,80.1,67.5,65.1,,65.3,0.0,0,1,43,0.0,0,107,0,44.1,9,95.3,102,17.8,19,74.0,19,1,81.3,87,168,40,4.4,18.7,1.65
Mekhi Miller,157163,WR,TULSA,4,16.2,0,47.4,0.0,0,4,0,10.0,1,-0.02,2,320,0,62.9,67.9,51.9,,52.6,0.0,0,1,8,0.0,0,131,1,44.6,9,92.4,121,24.4,32,32.3,19,0,75.6,99,58,6,0.7,6.4,0.48
Cameron Barmore,186590,TE,ARIZONA,11,5.9,1,73.7,100.0,6,6,0,6.7,1,0.08,6,109,0,68.7,69.0,58.8,64.0,55.5,51.0,98,0,19,22.4,43,192,1,49.7,14,69.3,133,46.9,90,109.1,19,1,0.5,1,128,62,4.4,9.1,0.96
Koby Gross,86477,TE,BALL ST,11,10.6,1,52.6,50.0,2,4,0,16.7,2,-0.21,6,117,1,49.8,20.5,54.2,61.2,55.3,38.4,63,1,42,6.1,10,164,0,34.4,10,89.6,147,56.1,92,72.5,19,1,4.3,7,141,45,4.5,14.1,0.96
TJ Abrams,184416,WR,FLORIDA,10,10.4,0,73.7,50.0,1,2,0,6.7,1,-0.36,8,163,0,55.5,69.0,64.1,,65.0,1.0,1,0,47,0.0,0,96,0,36.7,14,93.8,90,32.3,31,107.8,19,0,66.7,64,202,74,5.3,14.4,2.24
Shanard Clower,205247,WR,N CAROLINA,10,5.4,5,63.2,0.0,0,1,0,7.7,1,-0.33,5,245,1,66.1,25.6,62.6,,62.8,0.0,0,1,31,0.0,0,62,0,37.9,12,93.5,58,91.9,57,53.8,19,0,8.1,5,96,83,6.9,8.0,1.66
Victor Rosa,158629,HB,UCONN,12,-0.9,1,78.9,,0,0,0,11.8,2,0.3,3,146,0,58.6,53.5,66.0,56.6,62.3,0.0,0,0,65,15.8,19,120,0,54.4,15,80.0,96,9.2,11,116.4,19,1,12.5,15,147,151,10.1,9.8,1.53
Malachi Hosley,177483,HB,GA TECH,12,-0.6,3,73.7,100.0,1,1,0,6.7,1,0.24,3,176,0,71.9,86.0,77.5,29.6,64.2,0.0,0,0,35,13.9,23,166,0,45.9,14,81.9,136,21.7,36,86.5,19,0,9.0,15,105,119,8.5,7.5,0.77
Cam Abshire,204197,WR,OKLA STATE,12,10.0,0,52.6,50.0,3,6,0,9.1,1,-0.34,3,262,0,63.3,67.9,51.2,,50.8,0.0,0,2,35,0.0,0,149,0,36.4,10,94.0,140,10.7,16,26.5,19,0,89.3,133,92,14,1.4,9.2,0.66
Trey Miller,204132,TE,LA LAFAYET,12,3.3,0,63.2,0.0,0,1,0,14.3,2,-0.01,6,207,0,53.7,68.7,54.1,42.0,56.4,67.2,80,0,16,19.3,23,119,1,42.1,12,73.9,88,16.0,19,74.0,19,0,16.8,20,88,73,6.1,7.3,1.0
Malcolm Gillie,173996,WR,COAST CAR,11,20.2,4,36.8,28.6,2,7,0,30.0,3,-0.24,6,141,0,27.6,73.9,57.1,,57.4,0.0,0,1,69,0.0,0,143,0,35.6,7,92.3,132,2.8,4,81.0,19,2,97.2,139,160,106,15.1,22.9,1.21
Jordan Dingle,146743,TE,S CAROLINA,12,5.5,0,52.6,0.0,0,4,0,9.1,1,0.01,6,289,0,64.6,68.2,50.9,62.7,54.5,55.4,92,0,33,19.9,33,166,4,40.1,10,75.3,125,33.1,55,75.8,19,0,4.2,7,136,82,8.2,13.6,1.09
Kentrel Bullock,124129,HB,S ALABAMA,12,-3.5,2,73.7,0.0,0,1,0,0.0,0,0.11,3,288,0,83.3,86.2,90.3,51.4,61.5,0.0,0,0,17,27.2,49,180,0,45.5,14,68.9,124,1.7,3,95.5,19,1,0.6,1,66,123,8.8,4.7,0.53
Jaylin Carter,199210,HB,SO MISS,6,-1.7,14,94.7,,0,0,0,0.0,0,0.17,5,296,0,85.1,79.5,72.1,52.3,80.9,0.0,0,0,14,24.1,21,87,0,43.2,18,73.6,64,10.3,9,90.6,19,0,0.0,0,109,143,7.9,6.1,1.7
TJ Horton,173999,HB,BALL ST,10,-4.5,4,89.5,,0,0,0,5.6,1,-0.22,6,117,0,71.9,83.9,67.1,28.2,74.5,0.0,0,0,19,36.5,42,115,1,41.1,17,63.5,73,15.7,18,100.2,19,1,15.7,18,73,146,8.6,4.3,1.0
Bo Jackson,199864,HB,OHIO STATE,11,0.3,3,94.4,,0,0,0,0.0,0,0.46,11,260,0,84.7,80.5,86.8,52.7,79.6,0.0,0,0,23,17.4,24,138,0,62.5,17,81.2,112,8.0,11,128.5,18,1,1.4,2,187,186,10.9,11.0,1.67
Brandon Hood,190785,HB,UMASS,12,4.3,4,61.1,0.0,0,1,0,26.7,4,-0.1,4,216,0,26.4,58.7,57.3,34.9,40.8,0.0,0,0,21,31.2,54,173,1,41.6,11,67.6,117,4.6,8,73.4,18,0,6.4,11,88,78,7.1,8.0,0.75
Sedrick Alexander,172605,HB,VANDERBILT,12,5.9,2,88.9,100.0,2,2,0,0.0,0,0.39,11,333,0,84.2,60.9,75.4,70.1,66.7,0.0,0,1,26,24.6,70,285,0,56.2,16,70.5,201,10.9,31,124.3,18,4,3.5,10,178,105,6.6,11.1,0.89
Dominic Overby,191310,WR,IOWA STATE,10,15.8,0,38.9,25.0,2,8,0,22.2,2,0.17,3,193,0,41.2,67.1,57.7,,56.4,0.0,0,0,27,0.0,0,78,0,43.2,7,94.9,74,34.6,27,91.7,18,2,65.4,51,87,8,1.1,12.4,1.18
Christian Leary,146589,WR,W MICHIGAN,12,2.6,5,83.3,0.0,0,1,0,0.0,0,-0.06,7,347,0,83.8,73.7,72.0,,73.1,0.0,0,0,17,0.0,0,60,1,39.7,15,96.7,58,81.7,49,93.8,18,0,15.0,9,117,101,6.7,7.8,2.02
Jonathan Echols,183435,TE,USF,10,8.0,2,50.0,0.0,0,5,0,10.0,1,0.14,6,327,0,61.4,67.5,58.1,76.3,60.1,39.5,68,2,24,35.5,61,172,0,48.1,9,59.3,102,35.5,61,69.0,18,3,3.5,6,109,47,5.2,12.1,1.07
Maxwell Woods,192051,HB,WASH STATE,11,2.0,5,83.3,100.0,3,3,0,6.3,1,-0.1,6,341,0,69.9,78.8,67.7,13.7,72.0,0.0,0,0,20,18.6,16,86,0,42.0,15,75.6,65,18.6,16,90.5,18,0,7.0,6,103,74,4.9,6.9,1.58
Eli Aragon-Cruz,192915,WR,COAST CAR,10,9.9,3,55.6,0.0,0,1,0,0.0,0,-0.32,5,141,0,80.9,67.9,58.1,,59.4,0.0,0,1,40,0.0,0,102,0,27.1,10,94.1,96,99.0,101,50.5,18,0,0.0,0,109,57,5.7,10.9,1.14
Fluff Bothwell,190075,HB,MISS STATE,10,-0.3,3,72.2,,0,0,1,13.3,2,-0.09,4,227,0,55.5,77.7,75.8,43.6,64.0,0.6,1,1,39,19.9,35,176,2,41.1,13,76.1,134,5.1,9,62.0,18,0,2.3,4,99,110,8.5,7.6,0.74
Jack Pedersen,162462,TE,UCLA,11,6.5,0,61.1,0.0,0,2,0,8.3,1,-0.07,4,324,0,66.1,26.6,45.9,58.4,50.1,67.1,100,0,15,20.1,30,149,2,47.9,11,77.2,115,23.5,35,70.1,18,0,8.7,13,74,45,4.1,6.7,0.64
Jayon Farrar,198455,WR,FRESNO ST,9,11.8,1,66.7,,0,0,0,7.7,1,0.35,10,169,0,67.5,69.5,68.7,,67.3,0.0,0,0,15,0.0,0,99,0,61.5,12,97.0,96,11.1,11,86.3,18,0,88.9,88,124,47,3.9,10.3,1.29
Tory Blaylock,199034,HB,OKLAHOMA,13,0.2,2,72.2,0.0,0,2,0,13.3,2,-0.02,4,261,0,53.7,88.7,67.3,64.2,43.5,3.0,7,0,16,21.3,49,230,0,43.4,13,74.8,172,13.5,31,80.1,18,0,3.0,7,77,83,6.4,5.9,0.45
Payton Mangrum,124248,WR,E CAROLINA,11,12.9,1,50.0,50.0,2,4,0,0.0,0,0.24,7,156,0,80.1,75.0,62.1,83.3,62.6,0.9,1,0,46,1.7,2,115,2,50.5,9,93.0,107,90.4,104,104.4,18,1,6.1,7,182,54,6.0,20.2,1.7
Javian Hester,124207,WR,KENTUCKY,11,15.7,3,44.4,50.0,1,2,1,20.0,2,0.04,7,202,0,49.5,68.2,58.0,,57.8,0.0,0,2,41,0.0,0,136,1,42.4,8,91.9,125,9.6,13,66.2,18,4,90.4,123,117,78,9.8,14.6,0.94
Cameron Miller,204983,WR,KENTUCKY,8,9.5,2,72.2,40.0,2,5,0,0.0,0,-0.05,10,202,0,82.7,68.7,74.0,,72.9,0.0,0,1,20,0.0,0,94,0,50.0,13,93.6,88,74.5,70,71.8,18,0,25.5,24,141,42,3.2,10.8,1.6
Sieh Bangura,145886,HB,OHIO,12,2.6,3,72.2,60.0,3,5,0,7.1,1,-0.06,3,259,1,67.5,86.5,82.4,43.0,56.2,0.0,0,0,11,36.2,104,287,1,46.6,13,61.0,175,0.7,2,79.9,18,0,1.4,4,76,45,3.5,5.8,0.43
Xavier Robinson,184603,HB,OKLAHOMA,11,1.9,6,88.9,,0,0,0,5.9,1,-0.02,7,261,0,71.9,70.7,71.9,63.2,65.9,1.0,2,0,21,27.4,55,201,1,42.6,16,69.2,139,9.5,19,110.9,18,1,1.0,2,111,110,6.9,6.9,0.8
Jaren Hamilton,172378,WR,ARIZONA ST,11,29.3,0,33.3,33.3,3,9,0,25.0,2,0.01,4,110,0,33.4,72.9,54.6,61.9,56.8,0.0,0,2,49,1.1,1,95,0,39.1,6,90.5,86,34.7,33,28.2,18,0,65.3,62,164,14,2.3,27.3,1.91
Caden Knighten,200116,HB,BAYLOR,12,0.0,2,61.1,0.0,0,1,0,15.4,2,-0.07,6,118,1,49.8,74.7,68.3,25.4,50.6,0.0,0,0,36,29.3,55,188,1,43.2,11,68.1,128,3.2,6,101.9,18,1,2.1,4,131,113,10.3,11.9,1.02
Kamari Moulton,170168,HB,IOWA,10,-0.6,2,83.3,,0,0,0,0.0,0,0.02,6,192,0,83.8,90.3,80.7,53.0,67.6,0.0,0,0,16,17.8,24,135,0,45.3,15,77.8,105,3.0,4,88.7,18,0,1.5,2,95,104,6.9,6.3,0.9
Anderson Castle,122234,HB,DUKE,12,0.4,3,94.4,100.0,1,1,0,5.6,1,0.32,6,154,0,72.1,86.8,74.8,38.3,66.9,0.0,0,0,17,24.1,41,170,0,46.8,17,71.2,121,2.4,4,92.4,18,0,1.2,2,111,106,6.2,6.5,0.92
Reece Adkins,121620,TE,UMASS,8,11.3,0,50.0,0.0,0,1,0,10.0,1,-0.26,5,216,0,62.4,67.5,55.2,60.4,56.4,57.3,86,0,51,15.3,23,150,2,36.6,9,82.0,123,39.3,59,93.1,18,1,2.7,4,133,45,5.0,14.8,1.08
Evan Svoboda,157664,TE,WYOMING,12,5.3,4,55.6,75.0,3,4,0,28.6,4,-0.25,4,351,0,24.8,71.4,47.2,46.4,48.3,71.1,143,0,27,17.9,36,201,4,40.1,10,74.6,150,25.9,52,87.0,18,1,2.5,5,87,45,4.5,8.7,0.58
Dakota Twitty,156366,TE,VIRGINIA,5,6.7,2,61.1,,0,0,0,8.3,1,0.37,5,335,0,66.1,68.5,54.5,53.5,61.7,43.7,59,0,26,17.8,24,135,1,55.7,11,80.0,108,53.3,72,82.9,18,0,2.2,3,129,65,5.9,11.7,1.19
Zion Fowler-El,175413,WR,PITTSBURGH,7,7.6,0,38.9,20.0,1,5,0,0.0,0,-0.06,2,268,0,78.5,66.7,56.6,,54.9,0.0,0,3,18,0.0,0,77,1,43.7,7,92.2,71,11.7,9,27.3,18,1,88.3,68,60,16,2.3,8.6,0.85
Jeremiah Cobb,172443,HB,AUBURN,12,1.1,2,61.1,,0,0,1,15.4,2,0.02,5,115,0,49.8,90.6,73.2,28.2,44.1,2.9,10,1,16,23.6,81,343,1,44.0,11,72.3,248,14.6,50,49.1,18,0,5.0,17,83,97,8.8,7.5,0.33
Mikey Welsh,158809,WR,S DIEGO ST,10,8.5,2,70.6,100.0,2,2,0,14.3,2,-0.6,4,284,0,52.2,80.0,66.5,,64.8,0.0,0,1,44,0.0,0,49,0,31.9,12,95.9,47,81.6,40,68.0,17,0,18.4,9,129,67,5.6,10.8,2.74
Micah Welch,183887,HB,COLORADO,12,-1.0,4,64.7,0.0,0,1,0,0.0,0,-0.07,2,143,0,81.5,59.3,62.4,35.2,61.2,0.0,0,1,25,37.5,60,160,0,39.2,11,61.3,98,3.8,6,44.0,17,0,3.8,6,37,71,6.5,3.4,0.38
Emanuel Ross,193426,WR,SYRACUSE,6,12.5,2,58.8,50.0,3,6,0,0.0,0,-0.36,8,304,0,80.9,67.9,66.8,,67.6,0.9,1,0,20,0.0,0,107,0,34.0,10,93.5,100,19.6,21,97.7,17,1,79.4,85,110,39,3.9,11.0,1.1
Branden Hoch,199670,WR,FAU,10,10.5,2,70.6,80.0,4,5,0,7.7,1,0.15,9,165,0,66.4,68.9,65.7,,67.2,0.9,1,0,33,0.0,0,113,1,43.7,12,91.2,103,23.9,27,104.3,17,0,75.2,85,177,53,4.4,14.8,1.72
Cameron Harpole,146163,TE,ARIZONA ST,12,6.5,1,58.8,33.3,1,3,0,0.0,0,0.18,4,110,0,81.5,68.7,49.0,61.7,53.7,23.9,47,0,21,17.8,35,197,2,45.6,10,75.6,149,63.5,125,89.6,17,1,9.1,18,77,37,3.7,7.7,0.52
Brett Seither,98371,TE,GA TECH,11,9.9,5,64.7,,0,0,0,8.3,1,0.22,9,176,0,64.6,68.2,62.1,63.1,64.5,60.1,86,1,30,14.7,21,143,1,50.0,11,82.5,118,29.4,42,83.5,17,0,7.7,11,212,107,9.7,19.3,1.8
Antonio Ferguson,175189,TE,UAB,9,8.8,3,58.8,,0,0,0,16.7,2,0.1,7,321,0,47.4,68.4,58.2,50.3,62.8,77.4,120,1,21,35.5,55,155,7,47.7,10,63.2,98,14.2,22,54.8,17,0,6.5,10,115,72,7.2,11.5,1.17
Jordan McDonald,158449,HB,BOSTON COL,12,0.2,5,76.5,,0,0,0,7.1,1,0.04,7,121,0,67.5,86.8,70.0,53.5,60.2,0.0,0,2,16,24.7,36,146,0,47.6,13,73.3,107,2.7,4,86.0,17,2,7.5,11,84,86,6.6,6.5,0.79
Evan McCray,200215,WR,UAB,10,5.9,1,64.7,0.0,0,2,0,8.3,1,-0.18,4,321,0,64.6,68.2,60.6,,60.1,0.0,0,2,14,0.0,0,75,0,42.7,11,100.0,75,40.0,30,36.3,17,0,60.0,45,81,16,1.5,7.4,1.08
Jaylin Lucas,156396,HB,FLORIDA ST,11,-1.2,0,70.6,,0,0,0,14.3,2,-0.09,3,167,0,51.7,80.0,67.7,69.6,60.8,0.0,0,0,64,2.6,1,39,0,38.5,12,97.4,38,46.2,18,83.7,17,0,17.9,7,93,125,10.4,7.8,2.45
Javin Gordon,199370,HB,TULANE,13,0.5,5,70.6,50.0,1,2,0,7.7,1,0.3,4,319,1,53.9,64.5,73.4,57.2,43.5,0.0,0,0,21,22.1,48,217,0,53.4,12,74.2,161,5.1,11,102.1,17,1,2.8,6,88,101,8.4,7.3,0.55
Josh Sapp,156238,TE,CLEMSON,12,8.6,3,52.9,0.0,0,3,0,0.0,0,-0.03,5,140,0,80.1,67.5,57.2,75.8,56.5,31.0,48,1,32,8.4,13,155,0,42.2,9,87.1,135,54.2,84,56.0,17,0,12.3,19,140,81,9.0,15.6,1.04
Gavin Sawchuk,158088,HB,FLORIDA ST,12,-1.4,3,76.5,,0,0,0,13.3,2,0.36,4,167,0,53.9,75.1,74.8,55.4,52.9,0.0,0,0,53,38.9,95,244,1,48.7,13,57.4,140,3.3,8,115.1,17,1,2.9,7,121,132,10.2,9.3,0.86
Jean Louis III,176304,WR,AKRON,7,13.9,0,29.4,0.0,0,2,0,16.7,1,-0.04,4,102,0,53.4,66.2,53.7,,53.9,0.0,0,2,24,0.0,0,100,0,39.1,5,92.0,92,96.0,96,3.2,17,0,4.0,4,64,23,4.6,12.8,0.7
Landen Lucas,170828,TE,TULSA,12,5.6,0,76.5,50.0,2,4,0,0.0,0,-0.05,6,320,0,83.3,71.1,62.3,66.2,60.5,51.3,80,0,15,25.0,39,156,1,40.6,13,67.3,105,39.1,61,84.4,17,0,3.8,6,76,27,2.1,5.8,0.72
Jailen Butler,172270,TE,DOMINION,12,8.5,0,52.9,50.0,2,4,0,25.0,3,0.22,3,263,0,30.0,67.5,48.7,55.6,44.9,11.2,24,0,18,27.6,59,214,1,50.7,9,69.6,149,41.6,89,81.5,17,1,7.0,15,64,15,1.7,7.1,0.43
Shawn Brown,198931,WR,NEW MEX ST,12,10.0,0,35.3,20.0,1,5,0,33.3,3,0.11,4,242,0,22.9,66.2,49.8,,50.2,0.6,1,0,26,0.0,0,161,0,43.8,6,89.4,144,94.4,152,50.6,17,0,5.0,8,78,19,3.2,13.0,0.54
CharMar Brown,174409,HB,MIAMI FL,12,-1.5,3,94.1,,0,0,0,0.0,0,0.22,6,220,1,84.2,74.0,78.4,79.8,66.6,0.0,0,0,22,22.7,29,128,0,54.1,16,74.2,95,14.8,19,134.1,17,2,3.1,4,115,145,9.1,7.2,1.21
Xavier Terrell,169927,HB,FAU,5,-1.2,6,76.5,,0,0,0,7.1,1,0.19,3,165,0,67.8,82.9,62.3,55.9,52.7,0.8,1,0,32,21.6,27,125,0,48.3,13,76.8,96,8.0,10,107.2,17,1,2.4,3,89,105,8.1,6.8,0.93
Taeshaun Lyons,171933,WR,UNLV,12,15.5,2,58.8,66.7,2,3,0,0.0,0,0.23,8,325,0,64.6,68.2,60.6,,61.6,0.0,0,0,72,0.0,0,93,0,50.0,10,96.8,90,36.6,34,136.5,17,3,63.4,59,187,82,8.2,18.7,2.08
Chance Morrow,156320,WR,BUFFALO,8,20.4,1,47.1,0.0,0,4,0,11.1,1,0.1,8,126,0,58.9,67.1,66.6,,67.6,0.0,0,0,26,0.0,0,70,1,44.9,8,98.6,69,8.6,6,112.1,17,2,91.4,64,129,30,3.8,16.1,1.87
Quaron Adams,157566,WR,CAL,10,8.5,2,82.4,0.0,0,1,0,0.0,0,0.28,10,130,0,83.3,71.8,72.4,,71.9,0.0,0,0,39,0.0,0,90,0,52.9,14,94.4,85,78.9,71,138.4,17,1,20.0,18,218,114,8.1,15.6,2.56
Johnny Pascuzzi,144863,TE,TULANE,13,8.2,1,70.6,50.0,1,2,1,7.7,1,0.33,7,319,0,67.5,68.7,60.9,71.6,62.5,62.4,126,0,29,34.7,70,202,1,54.1,12,61.9,125,25.2,51,116.8,17,1,5.0,10,148,52,4.3,12.3,1.18
Allen Middleton,171504,WR,BOWL GREEN,12,7.7,0,47.1,100.0,1,1,0,11.1,1,-0.22,1,122,0,58.9,73.1,48.7,,47.5,0.0,0,2,21,0.0,0,179,0,37.3,8,94.4,169,69.3,124,14.5,17,0,30.2,54,52,35,4.4,6.5,0.31
Matt Jones,146805,HB,SO MISS,12,2.8,1,70.6,,0,0,0,14.3,2,-0.03,3,296,0,51.7,85.4,70.5,89.7,52.3,0.0,0,1,27,31.6,43,136,0,42.6,12,65.4,89,3.7,5,57.5,17,0,1.5,2,86,82,6.8,7.2,0.97
Juelz Goff,183271,HB,PITTSBURGH,12,2.1,3,70.6,33.3,1,3,0,7.7,1,0.13,5,268,1,66.1,67.5,68.9,25.7,60.9,0.0,0,1,15,15.1,26,172,0,45.7,12,81.4,140,9.9,17,59.2,17,0,5.8,10,93,91,7.6,7.8,0.66
Ryder Treadway,205432,WR,TOLEDO,10,13.0,0,70.6,100.0,2,2,0,14.3,2,0.06,10,316,0,52.0,68.5,59.5,,60.5,0.0,0,0,24,0.0,0,153,2,51.4,12,94.1,144,7.2,11,138.7,17,3,92.8,142,156,26,2.2,13.0,1.08
Malachi Thomas,189541,TE,PITTSBURGH,11,7.4,3,64.7,66.7,2,3,0,15.4,2,0.37,8,268,0,53.7,69.6,69.1,75.1,68.6,46.4,58,0,34,9.6,12,125,1,45.2,11,84.8,106,26.4,33,133.5,17,2,20.8,26,156,91,8.3,14.2,1.47
Miller McCrumby,156653,TE,S ALABAMA,12,2.4,2,94.1,50.0,1,2,1,0.0,0,0.25,5,288,0,84.7,70.0,57.0,66.8,55.5,55.6,95,0,32,21.6,37,171,2,48.7,16,67.8,116,33.3,57,99.0,17,0,10.5,18,132,96,6.0,8.3,1.14
Christian Fitzpatrick,122707,WR,OKLA STATE,8,13.8,4,47.1,33.3,1,3,0,33.3,4,-0.14,2,262,0,22.7,67.5,51.6,,49.8,0.0,0,0,35,0.0,0,87,0,33.3,8,93.1,81,6.9,6,62.9,17,0,93.1,81,88,23,2.9,11.0,1.09
Nolan Ray,170203,HB,MARYLAND,12,0.4,3,64.7,0.0,0,1,0,15.4,2,-0.06,1,215,0,49.5,84.4,72.0,52.8,53.8,0.0,0,1,9,27.5,38,138,1,42.2,11,71.0,98,3.6,5,44.0,17,0,8.0,11,50,48,4.4,4.5,0.51
Nathan Acevedo,163393,WR,S DIEGO ST,11,9.4,4,70.6,100.0,3,3,0,14.3,2,-0.39,4,284,0,53.9,68.7,53.4,,55.0,0.0,0,0,26,0.0,0,115,4,37.1,12,91.3,105,46.1,53,92.5,17,0,53.9,62,129,62,5.2,10.8,1.23
Elijah Green,122836,HB,SM HOUSTON,8,-1.6,5,88.2,0.0,0,1,0,6.3,1,-0.3,6,281,0,69.9,83.0,76.7,46.5,69.4,0.0,0,0,35,24.2,29,120,0,36.1,15,69.2,83,9.2,11,118.9,17,1,0.0,0,133,167,11.1,8.9,1.6
London Montgomery,170288,HB,E CAROLINA,12,-2.2,4,82.4,100.0,1,1,0,6.7,1,0.27,6,156,0,71.9,90.4,73.3,24.7,58.8,0.0,0,0,21,25.1,54,215,0,52.5,14,69.8,150,10.7,23,86.5,17,0,3.3,7,81,125,8.9,5.8,0.54
Brock Chappell,172640,TE,LA LAFAYET,12,7.8,0,70.6,33.3,1,3,0,0.0,0,0.2,6,207,0,82.7,69.2,72.2,67.1,76.3,85.6,83,0,35,23.7,23,97,1,48.4,12,71.1,69,10.3,10,106.7,17,1,4.1,4,107,54,4.5,8.9,1.55
Ja'Vin Simpkins,175816,HB,COAST CAR,12,-2.6,0,82.4,0.0,0,1,0,12.5,2,-0.01,2,141,1,55.5,38.7,68.0,53.7,40.9,0.0,0,0,21,33.9,62,183,0,36.6,14,64.5,118,6.0,11,79.2,17,0,0.5,1,49,88,6.3,3.5,0.42
Robert Briggs,163425,HB,SO MISS,10,1.5,1,75.0,,0,0,0,0.0,0,0.33,5,296,0,82.7,63.6,63.1,22.5,71.9,1.0,1,0,22,17.7,17,96,0,51.2,12,75.0,72,1.0,1,110.2,16,1,2.1,2,95,103,8.6,7.9,1.32
Brandon Frazier,123985,TE,AUBURN,11,3.1,1,81.3,0.0,0,2,0,7.1,1,0.01,5,115,0,68.7,69.0,65.4,72.0,56.5,64.3,153,0,19,32.4,77,238,0,45.1,13,63.9,152,29.0,69,91.9,16,0,2.9,7,97,69,5.3,7.5,0.64
Koy Moore,124104,WR,UNLV,10,5.6,4,75.0,20.0,1,5,0,0.0,0,0.46,6,325,0,82.2,69.9,61.1,,62.1,0.0,0,1,22,0.0,0,128,1,57.4,12,95.3,122,86.7,111,69.8,16,0,11.7,15,120,54,4.5,10.0,0.98
Jordan Brown,128172,WR,FRESNO ST,10,6.8,0,62.5,50.0,2,4,0,9.1,1,-0.21,4,169,0,64.6,68.2,54.0,,53.4,0.0,0,1,18,0.0,0,126,0,45.8,10,95.2,120,96.8,122,70.3,16,1,3.2,4,82,53,5.3,8.2,0.68
Jordan Mosley,145033,WR,MISS STATE,12,14.6,0,50.0,0.0,0,3,0,27.3,3,-0.04,5,227,0,27.8,67.1,49.9,,51.5,0.0,0,0,75,0.0,0,166,1,38.6,8,95.2,158,12.0,20,108.3,16,1,88.0,146,168,52,6.5,21.0,1.06
Brian Shane,145796,TE,MIAMI OH,12,7.9,0,68.8,50.0,1,2,1,0.0,0,0.03,8,221,0,81.5,68.2,77.5,69.3,79.4,70.7,106,1,20,47.3,71,150,6,45.1,11,49.3,74,17.3,26,102.1,16,2,0.7,1,112,43,3.9,10.2,1.51
Malique Dieudonne,145947,WR,W MICHIGAN,12,13.9,0,43.8,0.0,0,1,0,0.0,0,-0.07,4,347,0,78.5,66.7,59.1,61.0,60.2,0.0,0,0,52,1.1,1,94,1,44.4,7,94.7,89,8.5,8,65.1,16,0,91.5,86,102,21,3.0,14.6,1.15
Landen King,146664,TE,DUKE,11,14.3,0,81.3,100.0,2,2,0,0.0,0,0.5,10,154,0,53.9,68.7,70.2,70.9,72.5,55.5,71,0,33,13.3,17,128,0,60.0,13,80.5,103,33.6,43,153.6,16,4,6.3,8,182,40,3.1,14.0,1.77
Ajay Allen,156470,HB,TULSA,12,4.3,2,62.5,50.0,1,2,0,0.0,0,0.03,5,320,0,80.9,58.5,72.5,29.5,60.4,0.0,0,1,21,31.8,48,151,0,40.7,10,63.6,96,6.6,10,53.6,16,0,6.6,10,98,94,9.4,9.8,1.02
Zylan Perry,156734,HB,LA LAFAYET,11,0.8,1,81.3,0.0,0,1,0,0.0,0,0.01,4,207,0,82.7,66.6,74.4,61.4,63.0,0.0,0,0,16,23.4,45,192,0,42.1,13,72.4,139,7.3,14,88.5,16,0,7.3,14,84,74,5.7,6.5,0.6
Quincy Craig,159061,HB,ARIZONA,10,-1.1,5,93.8,,0,0,0,6.3,1,0.08,6,109,0,69.9,46.3,64.8,34.7,55.5,0.0,0,0,24,22.7,39,172,1,45.7,15,73.8,127,10.5,18,117.4,16,1,8.7,15,115,135,9.0,7.7,0.91
Jordan Gant,159654,HB,AKRON,12,4.4,1,56.3,0.0,0,1,0,0.0,0,-0.04,1,102,0,80.1,85.5,75.7,43.4,52.6,0.0,0,2,16,42.9,155,361,0,40.9,9,53.7,194,0.3,1,42.7,16,1,0.0,0,48,23,2.6,5.3,0.25
Alex Tecza,162587,HB,NAVY,12,5.1,5,75.0,,0,0,0,7.7,1,0.41,8,237,0,67.5,79.4,75.7,42.5,81.3,0.0,0,0,29,48.8,81,166,2,45.6,12,48.2,80,3.0,5,117.4,16,1,0.0,0,123,101,8.4,10.3,1.54
Cole Spence,163727,TE,VANDERBILT,12,8.3,1,81.3,100.0,1,1,0,0.0,0,0.37,10,333,0,82.7,68.7,68.6,68.3,81.1,75.5,154,0,33,43.6,89,204,1,60.2,13,52.5,107,24.5,50,158.3,16,2,0.0,0,202,109,8.4,15.5,1.89
Squirrel White,163776,WR,FLORIDA ST,10,19.1,0,31.3,0.0,0,4,0,28.6,2,0.13,1,167,0,29.3,82.9,51.0,,50.6,0.0,0,3,40,0.0,0,102,0,42.3,5,93.1,95,37.3,38,2.1,16,0,62.7,64,52,11,2.2,10.4,0.55
Andrew Rappleyea,170294,TE,PENN STATE,12,2.6,2,93.8,,0,0,0,0.0,0,0.28,10,266,0,83.8,69.6,63.4,72.0,65.8,36.3,49,0,53,11.9,16,135,0,55.4,15,86.7,117,49.6,67,148.4,16,2,9.6,13,162,129,8.6,10.8,1.38
Samari Howard,170984,FB,ARMY,12,8.8,0,68.8,100.0,1,1,0,15.4,2,0.28,5,114,0,50.1,74.5,57.8,60.1,57.3,32.8,45,0,41,18.2,25,137,2,43.1,11,78.8,108,14.6,20,112.8,16,1,15.3,21,125,27,2.5,11.4,1.16
Justice Haynes,172379,HB,MICHIGAN,7,-2.8,8,81.3,100.0,1,1,0,7.1,1,0.14,4,222,0,67.5,77.1,81.1,53.3,57.8,0.0,0,0,16,29.2,42,144,0,50.0,13,69.4,100,5.6,8,79.7,16,0,0.7,1,50,93,7.2,3.8,0.5
Creed Whittemore,172560,WR,UTAH,4,9.1,3,75.0,50.0,1,2,0,7.7,1,0.12,6,328,0,67.8,68.7,72.4,,72.6,0.0,0,0,11,0.0,0,49,0,38.3,12,95.9,47,22.4,11,109.4,16,1,75.5,37,92,36,3.0,7.7,1.96
Kam Shanks,173347,WR,ARKANSAS,12,8.4,1,56.3,50.0,1,2,0,18.2,2,0.36,4,111,0,44.3,82.3,55.5,,54.8,0.0,0,0,25,0.0,0,125,0,53.4,9,94.4,118,92.8,116,96.1,16,1,6.4,8,101,56,6.2,11.2,0.86
Jaquaize Pettaway,173716,WR,E CAROLINA,10,0.8,0,87.5,33.3,1,3,0,6.7,1,0.19,2,156,0,57.3,71.1,50.7,,52.1,1.2,1,0,11,0.0,0,85,1,43.4,14,89.4,76,92.9,79,79.2,16,0,2.4,2,33,37,2.6,2.4,0.43
Zack Card,173726,WR,OREGON ST,12,13.8,3,62.5,0.0,0,3,0,16.7,2,0.08,5,265,0,47.1,68.7,53.4,,53.4,0.0,0,0,19,0.0,0,130,0,46.3,10,94.6,123,11.5,15,75.8,16,0,88.5,115,83,66,6.6,8.3,0.67
DeSean Bishop,174717,HB,TENNESSEE,12,-0.1,4,75.0,100.0,1,1,1,14.3,2,0.12,7,307,0,41.1,81.8,87.1,45.2,53.2,0.0,0,0,23,34.2,78,228,1,47.6,12,61.8,141,0.9,2,97.7,16,0,0.0,0,127,135,11.3,10.6,0.9
Mark Fletcher Jr.,175374,HB,MIAMI FL,11,0.1,5,87.5,,0,0,0,12.5,2,0.3,5,220,0,55.5,90.3,85.4,61.0,53.7,0.0,0,0,20,27.5,65,236,3,52.2,14,69.9,165,8.9,21,115.4,16,1,0.8,2,107,112,8.0,7.6,0.65
Ja'Ricous Hairston,175499,TE,VA TECH,11,10.6,1,75.0,33.3,1,3,0,7.7,1,-0.08,9,337,0,66.1,68.9,62.0,64.0,67.1,51.5,70,0,33,19.9,27,136,0,37.7,12,77.2,105,43.4,59,133.3,16,3,1.5,2,112,35,2.9,9.3,1.07
D.J. McKinney,175620,HB,NEW MEXICO,12,1.6,1,87.5,100.0,1,1,1,12.5,2,0.51,7,241,0,55.5,88.8,69.8,31.0,59.4,0.0,0,0,39,14.3,21,147,1,52.3,14,72.8,107,17.7,26,107.3,16,0,8.8,13,156,124,8.9,11.1,1.46
Jamel Hardy Jr.,176490,WR,UTSA,8,6.5,1,68.8,60.0,3,5,1,8.3,1,-0.01,4,331,0,64.6,68.2,57.0,,57.9,0.0,0,0,16,0.0,0,114,2,48.6,11,92.1,105,6.1,7,100.5,16,1,93.9,107,78,43,3.9,7.1,0.74
Jayden Scott,183347,HB,NC STATE,12,0.1,9,93.8,100.0,2,2,1,0.0,0,0.31,5,248,0,84.2,86.5,80.3,61.3,78.0,0.0,0,0,28,27.1,46,170,1,52.2,15,71.2,121,5.9,10,101.0,16,0,1.2,2,132,132,8.8,8.8,1.09
Yasin Willis,183381,HB,SYRACUSE,9,-0.9,0,50.0,,0,0,0,33.3,4,-0.23,3,304,0,20.7,77.9,66.6,29.9,42.8,0.0,0,0,11,36.5,65,178,2,39.2,8,60.7,108,10.1,18,56.3,16,0,3.4,6,41,47,5.9,5.1,0.38
Brandon Tullis,183545,HB,MICH STATE,12,3.2,0,68.8,100.0,1,1,0,0.0,0,-0.02,3,223,0,81.5,84.5,66.5,24.2,64.9,0.0,0,1,24,31.1,55,177,0,43.0,11,67.8,120,1.1,2,54.7,16,0,2.3,4,82,71,6.5,7.5,0.68
Mazeo Bennett Jr.,184488,WR,S CAROLINA,11,4.6,3,56.3,40.0,2,5,0,18.2,2,-0.39,1,289,0,47.7,67.9,56.9,,54.6,0.0,0,0,11,0.0,0,101,1,33.0,9,96.0,97,67.3,68,64.1,16,0,32.7,33,58,52,5.8,6.4,0.6
Ben Black III,184652,WR,RUTGERS,11,13.4,3,50.0,0.0,0,2,0,11.1,1,0.05,5,278,0,58.9,47.5,57.7,,56.1,0.0,0,0,37,0.0,0,123,0,44.9,8,95.9,118,0.0,0,95.6,16,1,100.0,123,119,37,4.6,14.9,1.01
Fame Ijeboi,184725,HB,MINNESOTA,11,-1.2,1,75.0,0.0,0,2,0,14.3,2,-0.06,3,225,0,51.7,87.1,75.5,19.8,55.2,0.0,0,1,22,19.5,22,113,0,43.4,12,76.1,86,1.8,2,73.4,16,1,0.0,0,54,85,7.1,4.5,0.63
Jabari Bush,188335,TE,ARK STATE,6,8.1,0,68.8,50.0,1,2,0,0.0,0,-0.07,4,113,0,81.5,68.2,58.5,33.3,61.8,58.2,57,0,28,8.2,8,98,1,36.0,11,83.7,82,40.8,40,79.2,16,0,1.0,1,76,23,2.1,6.9,0.93
Rickey Taylor Jr.,188437,WR,N ILLINOIS,5,14.0,2,56.3,100.0,1,1,0,10.0,1,0.09,6,254,0,61.0,67.5,67.0,,66.5,0.0,0,0,41,0.0,0,83,0,43.4,9,91.6,76,49.4,41,104.7,16,1,50.6,42,134,60,6.7,14.9,1.76
Luke Harpring,189418,TE,GA TECH,12,5.8,2,81.3,0.0,0,1,0,0.0,0,0.08,8,176,0,82.7,69.2,66.2,58.0,69.9,56.1,74,1,27,11.4,15,132,1,45.4,13,87.1,115,36.4,48,81.8,16,0,6.1,8,158,103,7.9,12.2,1.37
Diore Hubbard,189933,HB,W VIRGINIA,7,-0.3,3,100.0,,0,0,0,0.0,0,-0.04,2,343,0,84.2,86.9,71.4,61.9,64.9,0.8,1,0,69,23.8,30,126,0,40.2,16,74.6,94,14.3,18,107.3,16,0,15.9,20,156,160,10.0,9.8,1.66
Makhi Frazier,190321,HB,MICH STATE,9,-2.9,2,81.3,0.0,0,1,0,0.0,0,0.04,1,223,0,83.8,88.7,74.8,37.2,61.1,0.0,0,0,12,26.5,39,147,1,44.1,13,67.3,99,4.8,7,79.2,16,0,3.4,5,25,80,6.2,1.9,0.25
Jacob Emmers,190724,WR,TULSA,11,5.1,5,81.3,0.0,0,1,0,0.0,0,0.14,6,320,0,82.7,70.5,73.1,,74.7,2.1,1,0,40,0.0,0,48,0,43.5,13,95.8,46,93.8,45,99.0,16,0,2.1,1,124,116,8.9,9.5,2.7
Josh Smith,190746,WR,TULSA,8,22.4,1,56.3,37.5,3,8,0,0.0,0,-0.01,7,320,1,80.1,18.7,61.9,,64.3,0.0,0,0,43,0.0,0,120,1,39.1,9,91.7,110,5.0,6,120.8,16,1,95.0,114,196,31,3.4,21.8,1.78
Kezion Dia-Johnson,191112,WR,UMASS,8,18.2,1,37.5,50.0,2,4,0,33.3,3,-0.21,3,216,0,22.9,71.0,55.0,,54.0,0.0,0,0,27,0.0,0,93,0,36.7,6,96.8,90,7.5,7,73.2,16,1,91.4,85,73,9,1.5,12.2,0.81
Bryce Anderson,198735,TE,MEMPHIS,12,4.9,1,68.8,33.3,1,3,0,8.3,1,0.15,5,218,0,64.6,68.2,57.7,68.9,55.5,69.6,94,0,13,13.3,18,135,1,48.5,11,85.2,115,28.1,38,81.8,16,0,1.5,2,86,49,4.5,7.8,0.75
Jonah Dawson,204591,WR,AIR FORCE,8,18.3,2,75.0,66.7,2,3,0,0.0,0,0.48,11,101,0,82.2,68.5,80.7,,84.8,5.9,4,0,53,0.0,0,68,1,54.5,12,97.1,66,1.5,1,137.5,16,1,92.6,63,260,44,3.7,21.7,3.94
Braylon Isom,188281,WR,MIAMI OH,10,16.2,0,66.7,66.7,4,6,0,0.0,0,0.05,8,221,0,80.9,67.9,64.7,,64.7,0.0,0,0,27,0.0,0,125,1,42.1,10,96.8,121,23.2,29,136.4,15,3,76.8,96,141,16,1.6,14.1,1.17
Makhilyn Young,156935,HB,VANDERBILT,12,1.3,6,93.3,,0,0,0,0.0,0,0.57,7,333,0,83.3,59.7,80.0,40.8,76.3,0.0,0,0,24,32.7,34,104,0,62.6,14,65.4,68,9.6,10,103.6,15,0,2.9,3,133,142,10.1,9.5,1.96
Anthony Frias II,157762,HB,UCLA,10,-1.1,7,86.7,,0,0,0,7.1,1,-0.16,3,324,0,67.5,78.8,70.2,59.8,63.2,1.0,1,0,22,22.9,24,105,0,43.9,13,71.4,75,12.4,13,110.6,15,1,2.9,3,78,96,7.4,6.0,1.04
Alexander Sanchez,198098,WR,APP STATE,11,13.0,2,53.3,20.0,1,5,0,11.1,1,0.09,6,108,0,58.9,67.1,54.7,,54.7,0.0,0,0,18,0.0,0,133,0,50.8,8,97.7,130,15.8,21,91.5,15,1,84.2,112,82,17,2.1,10.3,0.63
Jackson Verdugo,198398,TE,FIU,12,7.6,0,66.7,33.3,1,3,0,0.0,0,-0.02,5,166,0,81.5,68.2,56.8,47.2,60.5,49.7,72,1,21,26.9,39,145,1,47.1,10,69.7,101,24.8,36,80.1,15,1,20.7,30,101,37,3.7,10.1,1.0
Michael Allen,157405,HB,MARSHALL,8,3.3,3,80.0,,0,0,0,7.7,1,0.27,6,214,0,66.1,69.3,75.8,62.6,70.1,0.0,0,0,49,39.6,44,111,0,49.5,12,58.6,65,11.7,13,127.5,15,1,3.6,4,139,127,10.6,11.6,2.14
Tyler Johnson,164176,WR,E CAROLINA,9,7.9,2,46.7,0.0,0,3,0,22.2,2,0.04,2,156,0,38.0,66.7,57.6,,57.1,0.0,0,0,14,0.0,0,83,0,45.7,7,97.6,81,4.8,4,61.0,15,0,95.2,79,72,21,3.0,10.3,0.89
Chauncey Bowens,184550,HB,GEORGIA,10,-0.8,5,93.3,0.0,0,1,0,0.0,0,0.19,5,173,0,83.8,86.8,78.5,85.5,68.7,0.0,0,0,12,19.2,24,125,0,50.8,14,79.2,99,1.6,2,90.0,15,0,1.6,2,84,113,8.1,6.0,0.85
Tony Livingston,174255,TE,FLORIDA,10,6.7,1,73.3,,0,0,0,8.3,1,0.12,7,163,0,67.5,68.7,76.2,69.9,85.1,70.0,56,0,38,21.3,17,80,2,48.1,11,75.0,60,13.8,11,135.8,15,2,12.5,10,119,105,9.5,10.8,1.98
Evan Pryor,145057,HB,CINCINNATI,10,1.1,3,66.7,,0,0,0,23.1,3,0.42,6,138,0,35.9,69.7,73.8,52.3,50.1,0.0,0,0,26,21.1,38,180,0,51.8,10,73.3,132,1.7,3,109.6,15,1,8.3,15,107,85,8.5,10.7,0.81
Matthew Klopfenstein,174633,TE,BAYLOR,12,9.4,0,53.3,50.0,2,4,0,11.1,1,-0.02,5,118,0,58.9,67.1,50.7,57.4,52.6,47.5,84,2,20,17.5,31,177,1,44.4,8,77.4,137,49.2,87,49.4,15,1,2.8,5,73,19,2.4,9.1,0.53
Tanner Arkin,146008,TE,ILLINOIS,12,6.1,2,73.3,0.0,0,3,0,8.3,1,0.42,8,187,0,64.9,68.2,67.1,53.8,54.3,79.2,221,0,28,40.9,114,279,1,56.8,11,54.5,152,16.1,45,128.1,15,2,3.6,10,91,38,3.5,8.3,0.6
Kaden Feagin,174024,HB,ILLINOIS,12,0.3,6,100.0,,0,0,0,0.0,0,0.24,6,187,1,84.2,76.4,77.6,32.5,66.9,0.0,0,0,64,43.2,104,241,0,51.1,15,52.7,127,2.1,5,155.7,15,2,2.9,7,178,173,11.5,11.9,1.4
Horatio Fields,144188,WR,AUBURN,4,8.6,1,80.0,100.0,2,2,0,7.7,1,0.1,6,115,0,66.1,68.5,62.0,55.0,62.6,0.0,0,0,14,0.0,0,87,0,52.4,12,96.6,84,9.2,8,118.3,15,1,90.8,79,106,25,2.1,8.8,1.26
Terrence Lewis,198999,WR,N TEXAS,11,12.5,1,66.7,,0,0,0,16.7,2,0.67,10,251,1,47.1,20.0,59.4,,61.5,0.0,0,0,37,0.0,0,103,1,58.9,10,92.2,95,5.8,6,144.7,15,3,94.2,97,171,83,8.3,17.1,1.8
Benjamin Hall,174038,HB,N CAROLINA,10,-1.5,3,53.3,0.0,0,2,0,27.3,3,-0.24,1,245,0,32.9,84.9,69.3,48.2,49.1,0.0,0,0,14,16.9,14,83,0,38.7,8,77.1,64,15.7,13,59.0,15,0,8.4,7,34,56,7.0,4.3,0.53
Javon Rogers,190302,WR,KENNESAW,5,15.1,2,33.3,0.0,0,3,0,44.4,4,0.11,4,200,1,13.1,14.1,50.2,,50.0,0.0,0,0,66,0.0,0,45,0,36.6,5,91.1,41,6.7,3,63.7,15,0,93.3,42,122,34,6.8,24.4,2.98
Michael Scott,198579,WR,JAMES MAD,12,8.7,1,53.3,50.0,1,2,0,11.1,1,-0.35,3,197,1,58.9,23.2,57.5,,54.3,0.0,0,0,32,0.0,0,64,1,37.3,8,92.2,59,87.5,56,92.4,15,1,12.5,8,85,27,3.4,10.6,1.44
P.J. Prioleau,144099,HB,VA TECH,7,-0.9,9,86.7,100.0,1,1,0,7.1,1,0.09,4,337,0,67.5,77.8,66.6,11.3,82.9,0.0,0,0,24,24.4,11,45,0,47.7,13,75.6,34,6.7,3,91.7,15,0,0.0,0,90,99,7.6,6.9,2.65
Bam McReynolds,157876,HB,LA MONROE,11,-4.5,4,93.3,,0,0,0,6.7,1,-0.05,5,209,0,68.7,89.2,87.6,76.7,73.8,0.0,0,0,13,40.4,38,94,0,36.0,14,56.4,53,9.6,9,107.2,15,1,0.0,0,66,130,9.3,4.7,1.25
Connor Witthoft,128287,TE,DELAWARE,8,9.1,1,60.0,50.0,1,2,1,0.0,0,0.08,3,151,0,80.1,67.5,51.1,42.7,52.1,49.6,67,0,16,21.5,29,135,3,44.0,9,74.1,100,43.0,58,70.4,15,0,3.7,5,66,20,2.2,7.3,0.66
Jax Markovich,199781,TE,UMASS,10,6.3,0,46.7,50.0,2,4,0,22.2,2,-0.4,2,216,0,37.6,69.0,44.4,72.8,45.7,51.2,62,1,16,7.4,9,121,0,34.8,7,88.4,107,47.1,57,25.7,15,0,1.7,2,38,16,2.3,5.4,0.36
Chris Brooks Jr.,158688,WR,WISCONSIN,12,10.0,0,73.3,,0,0,0,0.0,0,-0.13,8,349,0,82.2,68.5,61.1,76.7,62.7,2.1,3,1,18,1.4,2,141,1,44.4,11,92.9,131,10.6,15,69.9,15,0,86.5,122,124,43,3.9,11.3,0.95
Rueben Owens II,172590,HB,TEXAS A&M,12,3.6,3,86.7,0.0,0,1,0,0.0,0,0.22,7,312,0,83.8,88.7,76.6,47.5,66.3,0.0,0,0,24,24.0,55,229,1,53.0,13,71.2,163,3.1,7,102.8,15,0,2.6,6,130,106,8.2,10.0,0.8
Chase Curtis,123069,TE,TCU,12,9.3,1,80.0,25.0,1,4,0,0.0,0,0.42,10,305,1,82.2,28.5,60.7,61.4,64.3,59.3,112,1,27,22.2,42,189,2,53.7,12,74.1,140,28.0,53,122.6,15,2,11.1,21,159,47,3.9,13.3,1.14
Leo Pulalasi,176689,HB,WASH STATE,11,-0.1,7,73.3,0.0,0,1,0,15.4,2,0.12,4,341,0,49.5,79.3,68.6,64.6,60.7,1.1,1,0,18,27.8,25,90,0,42.4,11,68.9,62,5.6,5,82.1,15,0,2.2,2,68,82,7.5,6.2,1.1
Jaxxon Warren,191072,TE,COLO STATE,2,11.5,0,46.7,25.0,1,4,0,12.5,1,-0.1,4,144,0,56.4,66.7,59.9,58.6,60.6,29.2,19,1,27,10.8,7,65,1,37.7,7,84.6,55,50.8,33,61.8,15,1,20.0,13,95,39,5.6,13.6,1.73
Jalen Buckley,163158,HB,W MICHIGAN,11,-1.5,1,80.0,,0,0,0,20.0,3,-0.02,3,347,0,38.6,80.1,75.5,35.2,57.6,0.0,0,0,34,29.5,41,139,0,40.2,12,66.9,93,4.3,6,112.5,15,1,1.4,2,85,117,9.8,7.1,0.91
Nick Elksnis,146698,TE,UNLV,12,9.0,1,60.0,50.0,1,2,1,0.0,0,0.16,4,325,0,80.9,67.9,63.7,69.4,62.8,82.1,170,3,23,42.5,88,207,2,49.5,9,54.1,112,12.1,25,79.9,15,2,4.8,10,100,42,4.7,11.1,0.89
Jayvan Boggs,198437,WR,FLORIDA ST,8,16.0,0,60.0,50.0,1,2,0,10.0,1,0.18,7,167,0,62.9,67.9,64.2,,63.4,0.0,0,0,31,0.0,0,93,0,48.4,9,97.8,91,63.4,59,102.9,15,1,36.6,34,103,15,1.7,11.4,1.13
Kelby Williams,172300,WR,W KENTUCKY,9,12.3,1,73.3,50.0,1,2,0,0.0,0,0.18,8,346,0,64.6,68.2,62.1,,62.0,0.0,0,0,45,0.0,0,110,0,47.2,11,96.4,106,10.0,11,109.0,15,0,90.0,99,165,54,4.9,15.0,1.56
TJ Lott,172287,WR,DOMINION,7,12.1,0,53.3,0.0,0,1,0,0.0,0,0.02,3,263,0,79.3,67.1,69.4,,70.0,0.0,0,0,34,0.0,0,55,0,46.3,8,98.2,54,94.5,52,92.1,15,1,5.5,3,84,40,5.0,10.5,1.56
Xayvion Turner-Bradshaw,157644,WR,MARSHALL,10,12.3,0,60.0,50.0,1,2,0,10.0,1,0.36,7,214,0,61.0,76.2,63.4,,65.3,0.0,0,0,44,0.0,0,57,0,52.8,9,93.0,53,98.2,56,87.9,15,0,1.8,1,129,45,5.0,14.3,2.43
Rashad Amos,124224,HB,GA STATE,10,1.0,6,66.7,50.0,1,2,0,16.7,2,0.42,1,175,0,47.1,47.1,63.0,86.1,53.2,0.0,0,0,13,25.3,24,95,1,55.6,10,63.2,60,0.0,0,77.1,15,0,0.0,0,70,61,6.1,7.0,1.17
Tae Meadows,156865,HB,TROY,11,-0.7,1,66.7,100.0,1,1,0,23.1,3,0.08,4,318,0,32.9,70.1,72.2,74.7,45.0,0.0,0,0,12,34.9,87,249,0,45.0,10,63.1,157,1.2,3,74.0,15,0,1.6,4,59,63,6.3,5.9,0.38
JeyQuan Smith,175327,WR,USF,12,12.8,0,46.7,,0,0,0,36.4,4,0.43,6,327,0,18.4,70.2,56.4,,54.1,1.1,1,0,42,0.0,0,95,0,47.7,7,92.6,88,6.3,6,70.1,15,0,90.5,86,105,57,8.1,15.0,1.19
Tykeem Wallace,147986,WR,KENNESAW,7,13.9,2,53.3,0.0,0,3,0,0.0,0,0.21,5,200,1,79.3,11.9,52.0,,57.1,1.9,1,0,22,0.0,0,52,0,42.9,8,94.2,49,98.1,51,69.6,15,0,0.0,0,83,37,4.6,10.4,1.69
Oscar Adaway III,100835,HB,S CAROLINA,11,3.9,5,57.1,,0,0,0,20.0,2,0.0,3,289,0,41.2,81.1,58.7,16.9,51.2,6.2,7,2,19,11.5,13,113,0,43.0,8,85.0,96,2.7,3,31.5,14,0,1.8,2,72,81,10.1,9.0,0.75
Donnell Gee Jr.,204370,WR,TULSA,6,18.1,1,35.7,28.6,2,7,0,0.0,0,0.02,4,320,0,76.3,67.0,59.1,64.4,60.0,0.0,0,0,50,1.0,1,105,1,37.2,5,88.6,93,23.8,25,68.8,14,0,76.2,80,124,32,6.4,24.8,1.33
Cortez Mills Jr.,199803,WR,NEBRASKA,11,15.1,0,64.3,,0,0,0,0.0,0,0.15,6,238,0,80.1,67.5,70.0,,68.5,0.0,0,2,62,0.0,0,69,0,49.3,9,97.1,67,20.3,14,83.6,14,1,79.7,55,147,29,3.2,16.3,2.19
Austin Henderson,130268,TE,LIBERTY,12,12.9,0,57.1,25.0,1,4,0,11.1,1,0.17,6,206,0,58.9,67.1,52.5,42.6,55.2,28.2,35,0,26,11.3,14,124,0,42.7,8,83.9,104,63.7,79,76.8,14,0,8.1,10,91,17,2.1,11.4,0.88
Cameren Smith,161150,HB,CHARLOTTE,10,0.0,1,78.6,,0,0,0,0.0,0,-0.18,2,136,0,81.5,46.4,66.0,26.4,63.5,0.0,0,0,17,31.3,40,128,0,40.7,11,65.6,84,0.8,1,83.6,14,0,2.3,3,57,59,5.4,5.2,0.68
Jadon Porter,184818,WR,BAYLOR,8,9.1,1,64.3,25.0,1,4,0,10.0,1,0.13,4,118,0,61.0,67.5,58.4,,57.7,0.0,0,0,22,0.0,0,84,0,48.7,9,92.9,78,4.8,4,104.8,14,1,95.2,80,85,31,3.4,9.4,1.09
William Fowles,174702,WR,APP STATE,8,12.1,0,42.9,0.0,0,2,0,25.0,2,-0.14,5,108,0,33.8,66.2,50.5,,51.9,0.0,0,1,19,0.0,0,128,0,43.0,6,94.5,121,28.1,36,33.6,14,0,71.9,92,86,26,4.3,14.3,0.71
Roman Hemby,144891,HB,INDIANA,12,-1.2,9,92.9,50.0,1,2,0,0.0,0,0.35,7,190,0,82.7,82.2,82.7,33.8,69.3,0.0,0,0,26,28.9,58,201,0,58.6,13,69.2,139,3.5,7,112.2,14,0,1.0,2,153,172,13.2,11.8,1.1
Jaden Richardson,183626,WR,USC,11,12.0,1,64.3,42.9,3,7,0,0.0,0,0.52,6,326,0,80.1,67.5,67.2,65.5,66.9,2.6,2,0,43,1.3,1,76,0,65.3,9,93.4,71,11.8,9,87.8,14,0,85.5,65,108,18,2.0,12.0,1.52
Leon Neal Jr.,146496,WR,WASH STATE,12,6.9,0,85.7,50.0,1,2,0,0.0,0,0.07,5,341,0,82.2,68.5,69.4,,70.5,1.3,1,1,18,0.0,0,75,0,42.9,12,93.3,70,62.7,47,91.4,14,1,36.0,27,103,42,3.5,8.6,1.47
Dierre Hill Jr.,199870,HB,OREGON,12,-1.9,9,78.6,,0,0,0,0.0,0,0.22,4,264,0,81.5,84.1,90.7,67.7,71.1,0.0,0,0,40,1.8,1,57,0,52.7,11,94.7,54,42.1,24,122.9,14,1,12.3,7,109,151,13.7,9.9,2.02
Justin Smith-Brown,142775,WR,W VIRGINIA,11,10.2,1,50.0,33.3,1,3,0,0.0,0,-0.31,4,343,0,78.5,17.7,56.5,,58.4,0.0,0,1,56,0.0,0,111,0,33.0,7,95.5,106,8.1,9,48.8,14,0,91.9,102,117,92,13.1,16.7,1.1
Rico Powers Jr.,124250,WR,LA MONROE,4,26.5,0,35.7,0.0,0,4,0,0.0,0,-0.17,3,209,1,49.8,13.7,51.9,,52.0,0.0,0,1,21,0.0,0,69,2,28.1,5,92.8,64,10.1,7,17.9,14,0,89.9,62,53,-3,-0.6,10.6,0.83
Tiger Bachmeier,174177,WR,BYU,12,11.9,0,50.0,0.0,0,2,1,0.0,0,0.25,3,128,1,78.5,28.2,57.3,,53.5,0.0,0,0,17,0.0,0,99,1,53.1,7,97.0,96,37.4,37,61.3,14,0,62.6,62,59,39,5.6,8.4,0.61
Isaac Brown,183312,HB,LOUISVILLE,8,-1.6,2,78.6,,0,0,0,8.3,1,-0.11,0,210,0,64.6,58.1,79.8,22.0,56.0,0.0,0,0,12,32.4,47,145,0,46.4,11,64.8,94,7.6,11,79.2,14,0,0.7,1,42,62,5.6,3.8,0.45
Chris Hilton Jr.,146762,WR,LSU,12,16.9,0,50.0,0.0,0,4,0,12.5,1,0.01,3,211,1,56.4,16.5,47.4,61.0,47.9,0.0,0,0,11,0.7,1,140,1,46.6,7,92.9,130,14.3,20,59.8,14,0,85.7,120,54,20,2.9,7.7,0.42
Jake Bruno,151266,TE,OHIO,12,4.7,2,64.3,100.0,3,3,0,18.2,2,0.14,6,259,0,44.3,68.9,60.1,53.4,58.8,37.0,44,0,16,24.4,29,119,1,50.9,9,70.6,84,37.8,45,121.1,14,2,6.7,8,87,56,6.2,9.7,1.04
Jayden Ballard,145054,WR,WISCONSIN,12,19.6,0,50.0,20.0,1,5,0,0.0,0,-0.44,6,349,0,78.5,74.5,59.3,,58.9,0.0,0,0,58,0.0,0,135,0,35.3,7,98.5,133,4.4,6,128.0,14,2,95.6,129,150,61,8.7,21.4,1.13
Darrick Bledsoe III,183985,WR,SM HOUSTON,7,12.0,0,50.0,0.0,0,1,0,12.5,1,-0.13,4,281,0,58.9,67.1,54.6,,53.3,0.0,0,1,24,0.0,0,147,0,42.4,7,94.6,139,1.4,2,39.6,14,0,98.6,145,86,12,1.7,12.3,0.62
Dennis Murray Jr.,189969,HB,GA STATE,9,0.8,3,100.0,,0,0,0,0.0,0,0.13,4,175,0,83.8,75.4,63.6,21.4,72.5,1.1,1,0,52,8.0,7,88,0,47.0,14,86.4,76,6.8,6,120.5,14,1,9.1,8,101,90,6.4,7.2,1.33
Keenan Phillips,199183,HB,S ALABAMA,12,-2.9,6,78.6,,0,0,0,8.3,1,0.02,2,288,0,66.1,89.5,84.3,74.4,56.8,0.0,0,0,14,17.6,25,142,0,46.5,11,75.4,107,2.8,4,83.9,14,0,4.2,6,58,105,9.5,5.3,0.54
Louis Brown IV,163319,WR,BAYLOR,4,16.8,1,42.9,25.0,1,4,0,14.3,1,-0.02,3,118,0,53.4,66.2,60.2,,62.0,0.0,0,0,28,0.0,0,53,1,40.0,6,94.3,50,0.0,0,86.6,14,1,100.0,53,84,30,5.0,14.0,1.68
Austin Smith,146318,TE,SM HOUSTON,12,7.7,0,50.0,60.0,3,5,2,0.0,0,-0.26,2,281,0,78.5,66.7,50.6,57.1,53.6,45.3,81,0,27,32.4,58,179,2,34.7,7,64.8,116,53.1,95,63.1,14,0,0.0,0,65,24,3.4,9.3,0.56
Logan Loya,131801,WR,MINNESOTA,10,6.1,1,71.4,33.3,1,3,0,0.0,0,0.15,3,225,0,80.9,72.0,55.3,,55.7,0.0,0,0,10,0.0,0,96,0,45.6,10,93.8,90,90.6,87,79.8,14,0,9.4,9,61,43,4.3,6.1,0.68
Myles Libman,176621,WR,STANFORD,12,10.4,0,50.0,0.0,0,3,0,12.5,1,-0.29,4,300,0,56.4,66.7,54.2,67.1,52.6,2.1,2,2,20,1.1,1,95,1,42.4,7,95.8,91,16.8,16,53.0,14,1,80.0,76,84,25,3.6,12.0,0.92
Sam Scott,150701,HB,WYOMING,12,-0.1,3,78.6,100.0,2,2,0,8.3,1,-0.1,5,351,0,68.7,86.4,75.2,66.9,68.0,0.0,0,0,36,30.4,48,158,0,40.8,11,65.8,104,0.0,0,124.1,14,1,1.9,3,113,108,9.8,10.3,1.09
Mavin Anderson,71443,WR,TEXAS ST,11,8.1,2,64.3,0.0,0,3,0,0.0,0,0.25,8,314,0,80.1,69.1,52.7,68.3,55.2,0.5,1,2,48,0.5,1,197,1,51.6,9,94.9,187,64.5,127,86.0,14,1,35.0,69,155,69,7.7,17.2,0.83
Reece Vander Zee,189694,WR,IOWA,7,14.1,0,78.6,100.0,5,5,0,0.0,0,0.08,8,192,0,81.5,68.3,79.2,68.0,77.9,0.0,0,0,29,2.3,2,87,0,45.1,11,90.8,79,6.9,6,142.6,14,1,93.1,81,186,27,2.5,16.9,2.35
Matt Adcock,198738,TE,MEMPHIS,12,4.9,2,85.7,100.0,2,2,0,0.0,0,0.28,5,218,0,82.7,69.6,63.2,57.9,60.8,75.7,109,0,10,25.0,36,144,2,50.4,12,71.5,103,22.2,32,127.1,14,3,0.7,1,70,22,1.8,5.8,0.68
Johncarlos Miller II,148343,TE,TEXAS TECH,12,9.6,0,64.3,60.0,3,5,2,0.0,0,0.16,4,315,0,80.1,68.5,52.7,73.2,48.7,57.5,126,1,17,31.1,68,219,3,48.3,9,66.2,145,33.8,74,48.8,14,0,6.4,14,77,30,3.3,8.6,0.53
Jer'Michael Carter,172737,WR,OKLAHOMA,13,10.6,0,64.3,66.7,2,3,0,0.0,0,-0.15,5,261,0,80.1,67.5,60.9,,59.0,0.0,0,1,22,0.0,0,98,0,37.9,9,96.9,95,18.4,18,56.0,14,0,81.6,80,101,23,2.6,11.2,1.06
Jordan Washington,184519,TE,TEXAS,10,5.9,0,57.1,,0,0,0,33.3,4,-0.16,5,311,0,20.9,67.8,47.6,36.8,51.5,79.1,87,1,32,32.7,36,110,3,35.5,8,65.5,72,12.7,14,75.9,14,1,8.2,9,108,80,10.0,13.5,1.5
Jackson Owens,198939,WR,NEW MEX ST,9,10.4,1,57.1,25.0,1,4,0,11.1,1,-0.18,4,242,0,58.9,67.1,57.0,,59.5,0.0,0,0,20,0.0,0,77,1,35.3,8,88.3,68,3.9,3,73.8,14,0,96.1,74,81,18,2.3,10.1,1.19
Marcellous Hawkins,200025,HB,VA TECH,11,-2.1,3,78.6,,0,0,0,15.4,2,-0.12,5,337,0,51.7,88.7,86.0,72.3,58.4,0.0,0,0,19,34.7,67,193,1,37.6,11,61.7,119,11.4,22,114.0,14,1,0.0,0,79,105,9.5,7.2,0.66
Jalen Dupree,191053,HB,COLO STATE,9,1.9,1,85.7,,0,0,0,7.7,1,-0.11,3,144,1,67.5,74.0,71.7,73.0,47.3,0.0,0,0,33,28.1,48,171,1,39.8,12,66.1,113,1.8,3,91.4,14,0,0.6,1,83,63,5.3,6.9,0.73
Micah Ford,188865,HB,STANFORD,9,-1.1,6,78.6,100.0,1,1,0,8.3,1,-0.12,4,300,0,66.1,68.9,81.8,68.9,59.7,0.0,0,0,54,29.1,44,151,0,44.1,11,64.9,98,0.7,1,102.1,14,0,4.0,6,119,129,11.7,10.8,1.21
Bricen Brantley,174808,WR,WYOMING,9,17.0,1,35.7,0.0,0,5,0,16.7,1,-0.38,1,351,0,49.8,70.7,53.4,,52.5,0.0,0,0,20,0.0,0,49,0,38.8,5,100.0,49,8.2,4,44.3,14,0,91.8,45,33,19,3.8,6.6,0.67
Kris Hughes,182676,WR,LOUISVILLE,10,13.8,0,57.1,0.0,0,2,0,27.3,3,-0.27,5,210,0,27.8,67.1,62.4,,61.2,0.0,0,1,33,0.0,0,58,0,38.6,8,98.3,57,100.0,58,76.2,14,1,0.0,0,109,38,4.8,13.6,1.91
Var'keyes Gumms,145319,TE,UNLV,10,13.4,2,78.6,50.0,1,2,0,8.3,1,0.42,9,325,0,66.1,68.5,71.2,76.4,78.6,81.1,107,0,27,27.3,36,132,0,55.2,11,68.9,91,12.9,17,156.3,14,3,6.1,8,168,63,5.7,15.3,1.85
Nate Sullivan Jr.,138317,TE,LA MONROE,12,4.2,0,46.2,0.0,0,1,1,25.0,2,-0.35,4,209,0,33.4,67.7,43.8,48.2,50.0,50.0,69,1,14,30.4,42,138,6,33.1,6,65.9,91,34.8,48,23.9,13,0,4.3,6,48,27,4.5,8.0,0.53
Bill Davis,176332,HB,LA LAFAYET,12,0.1,0,76.9,0.0,0,1,0,9.1,1,-0.11,3,207,0,62.9,90.1,77.9,58.4,54.0,0.0,0,0,26,30.0,48,160,0,38.7,10,65.0,104,4.4,7,91.5,13,0,5.6,9,79,81,8.1,7.9,0.76
DeKalon Taylor,168419,HB,COLORADO,4,2.8,4,76.9,,0,0,0,9.1,1,0.52,6,143,0,62.9,48.2,65.6,57.3,77.8,0.0,0,0,22,11.1,7,63,0,54.1,10,85.7,54,14.3,9,139.7,13,2,11.1,7,106,79,7.9,10.6,1.96
Eli Wood,156382,WR,VIRGINIA,11,11.9,3,69.2,50.0,2,4,0,0.0,0,0.22,6,335,0,80.1,67.5,70.2,,71.2,0.0,0,0,38,0.0,0,67,0,47.0,9,98.5,66,38.8,26,118.8,13,1,61.2,41,104,30,3.3,11.6,1.58
Kevorian Barnes,145514,HB,TCU,7,-1.5,1,76.9,,0,0,0,9.1,1,0.3,2,305,0,62.9,87.1,77.3,68.4,60.2,0.0,0,1,12,28.9,39,135,0,57.7,10,68.9,93,5.2,7,49.5,13,0,13.3,18,48,67,6.7,4.8,0.52
Tyshawn Russell,175926,WR,SYRACUSE,3,6.3,1,69.2,0.0,0,1,0,18.2,2,0.08,4,304,0,44.7,69.4,59.3,,60.0,0.0,0,1,28,0.0,0,54,0,52.0,9,92.6,50,72.2,39,54.3,13,0,27.8,15,83,41,4.6,9.2,1.66
Ben Turner,198713,WR,MARSHALL,10,5.0,0,69.2,0.0,0,1,0,10.0,1,-0.33,4,214,0,61.0,68.9,62.4,,64.0,0.0,0,0,17,0.0,0,51,0,32.7,9,96.1,49,100.0,51,77.7,13,0,0.0,0,56,53,5.9,6.2,1.14
Micah Gilbert,184095,WR,NOTRE DAME,8,13.9,2,69.2,0.0,0,3,0,0.0,0,0.42,8,258,0,80.1,67.5,76.6,,78.5,2.2,1,1,26,0.0,0,45,0,54.5,9,97.8,44,6.7,3,83.2,13,1,91.1,41,93,32,3.6,10.3,2.11
Dawson Johnson,190274,TE,DOMINION,12,6.9,1,76.9,100.0,2,2,0,0.0,0,0.09,5,263,0,81.5,68.2,53.1,57.2,56.5,13.2,21,0,17,24.5,39,159,0,42.3,10,72.3,115,47.8,76,123.6,13,1,6.9,11,99,52,5.2,9.9,0.86
Malachi Thomas,144107,HB,PURDUE,12,1.1,1,84.6,0.0,0,1,0,0.0,0,-0.08,7,273,0,82.2,82.7,70.3,80.9,76.4,0.0,0,0,44,24.0,29,121,0,41.2,11,71.9,87,1.7,2,138.0,13,2,5.0,6,99,89,8.1,9.0,1.14
Sire Gaines,184229,HB,BOISE ST,12,0.2,2,76.9,,0,0,0,9.1,1,-0.05,3,120,0,63.3,48.3,83.6,48.9,57.1,0.0,0,0,20,37.0,57,154,2,44.0,10,62.3,96,1.9,3,113.3,13,1,3.2,5,67,77,7.7,6.7,0.7
Lane Wadle,184299,TE,GA STATE,12,5.7,0,69.2,50.0,1,2,0,0.0,0,0.04,5,175,1,80.1,18.7,48.6,54.1,53.5,62.9,105,1,17,27.5,46,167,1,44.1,9,67.1,112,29.9,50,56.3,13,0,5.4,9,89,60,6.7,9.9,0.79
Keyjuan Brown,174695,HB,LOUISVILLE,9,0.6,1,84.6,,0,0,0,0.0,0,-0.07,2,210,0,82.2,86.2,88.6,18.6,64.7,0.0,0,0,38,17.0,24,141,0,40.7,11,79.4,112,4.3,6,104.5,13,0,3.5,5,118,122,11.1,10.7,1.05
Rico Walker,170209,TE,PURDUE,10,6.2,2,69.2,66.7,2,3,2,10.0,1,-0.03,4,273,0,61.4,67.5,51.0,49.5,62.8,61.1,66,1,30,21.3,23,108,3,44.4,9,73.1,79,29.6,32,59.8,13,0,9.3,10,100,54,6.0,11.1,1.27
Jarod Bowie,170410,WR,W VIRGINIA,10,6.0,2,69.2,0.0,0,1,0,10.0,1,0.07,5,343,0,61.0,72.8,61.5,,58.6,0.0,0,0,18,0.0,0,68,0,40.9,9,97.1,66,100.0,68,86.1,13,0,0.0,0,82,69,7.7,9.1,1.24
Jonathan Brady,156940,WR,INDIANA,12,5.5,1,92.3,100.0,1,1,0,0.0,0,0.73,8,190,0,82.7,85.2,71.9,64.5,72.6,1.5,1,0,16,1.5,1,65,0,63.9,12,92.3,60,87.7,57,136.7,13,3,10.8,7,95,56,4.7,7.9,1.58
Joshua Porter,183447,WR,USF,12,7.0,2,84.6,,0,0,0,0.0,0,0.26,4,327,0,81.5,78.8,61.1,,59.3,2.2,2,0,26,0.0,0,90,0,54.1,11,94.4,85,76.7,69,120.2,13,1,21.1,19,87,36,3.3,7.9,1.02
Derrick Avery Jr.,204904,WR,GA STATE,12,20.0,0,30.8,33.3,1,3,0,33.3,2,-0.1,3,175,0,26.0,65.0,48.9,,49.5,0.0,0,0,20,0.0,0,146,0,37.2,4,93.8,137,13.7,20,68.1,13,1,86.3,126,46,23,5.8,11.5,0.34
Micah Woods,171218,WR,S ALABAMA,9,3.3,3,84.6,33.3,1,3,0,0.0,0,0.37,6,288,0,81.5,71.9,64.0,,69.3,0.0,0,0,33,0.0,0,46,1,54.8,11,91.3,42,32.6,15,128.5,13,1,67.4,31,113,109,9.9,10.3,2.69
Sean Patrick,190981,HB,AKRON,10,3.5,2,84.6,,0,0,0,0.0,0,0.08,8,102,0,82.2,87.1,67.1,29.3,73.9,0.0,0,0,22,18.0,22,122,0,39.5,11,77.0,94,5.7,7,110.3,13,0,1.6,2,136,107,9.7,12.4,1.45
Lynel Billups-Williams,171271,WR,MIAMI OH,12,8.5,1,46.2,0.0,0,1,0,14.3,1,0.0,2,221,0,53.4,86.1,52.8,,51.0,1.0,1,0,15,0.0,0,101,0,45.5,6,97.0,98,67.3,68,56.9,13,0,25.7,26,51,34,5.7,8.5,0.52
Rickey Hunt Jr.,171350,HB,MIDDLE TN,8,-1.8,3,100.0,,0,0,0,0.0,0,-0.11,4,224,0,83.3,79.9,65.8,36.6,59.0,0.0,0,0,34,16.3,22,135,0,40.2,13,82.2,111,12.6,17,98.4,13,0,6.7,9,99,122,9.4,7.6,0.89
Jacob Barrick,163938,TE,W VIRGINIA,10,3.9,3,69.2,,0,0,0,18.2,2,-0.24,3,343,1,44.7,18.7,55.2,70.9,50.1,55.2,53,0,15,27.1,26,96,0,38.7,9,71.9,69,41.7,40,81.9,13,0,2.1,2,69,54,6.0,7.7,1.0
Dale Martin,147140,WR,LA LAFAYET,8,14.2,0,46.2,33.3,1,3,0,14.3,1,0.03,5,207,0,53.8,66.2,65.0,,65.0,0.0,0,1,69,0.0,0,63,0,45.8,6,93.7,59,33.3,21,91.0,13,2,66.7,42,134,66,11.0,22.3,2.27
Dorian Lewis,171559,HB,LA MONROE,12,-2.8,3,84.6,0.0,0,1,0,0.0,0,-0.27,2,209,0,82.7,78.8,66.0,59.0,67.5,0.0,0,0,15,42.0,42,100,0,28.7,11,51.0,51,13.0,13,86.5,13,0,1.0,1,62,120,10.9,5.6,1.22
Aviyon Smith-Mack,171609,WR,SM HOUSTON,4,7.5,2,61.5,,0,0,0,0.0,0,-0.29,3,281,0,80.1,67.5,55.3,,58.7,0.0,0,0,12,0.0,0,72,1,38.5,8,90.3,65,100.0,72,69.1,13,0,0.0,0,49,21,2.6,6.1,0.75
Dominic Lee-Knicely,198293,HB,COAST CAR,12,1.7,0,69.2,,0,0,0,10.0,1,-0.35,2,141,0,62.9,67.3,68.7,22.5,56.4,0.8,1,0,25,23.3,28,120,0,33.9,9,70.8,85,7.5,9,83.5,13,0,3.3,4,74,70,7.8,8.2,0.87
Cameron Pettaway,191013,HB,BOWL GREEN,9,3.1,6,61.5,0.0,0,1,0,11.1,1,0.06,5,122,0,58.9,85.1,72.8,25.2,60.7,0.0,0,1,73,19.8,21,106,0,43.6,8,78.3,83,10.4,11,105.4,13,2,2.8,3,139,122,15.3,17.4,1.67
Chris Culliver,175393,WR,N CAROLINA,6,17.4,0,38.5,0.0,0,2,0,37.5,3,-0.2,4,245,0,20.0,69.0,51.4,,51.9,0.0,0,0,51,0.0,0,84,1,46.3,5,95.2,80,15.5,13,91.8,13,1,84.5,71,100,6,1.2,20.0,1.25
Ismail Mahdi,161419,HB,ARIZONA,12,-1.2,3,100.0,100.0,1,1,0,0.0,0,-0.02,4,109,0,83.8,66.3,74.0,36.3,57.4,0.5,1,0,27,21.1,39,185,0,43.7,13,74.1,137,10.8,20,123.1,13,1,9.2,17,96,112,8.6,7.4,0.7
Brock Townsend,184677,HB,C MICHIGAN,11,2.2,3,92.3,100.0,3,3,0,0.0,0,0.19,7,134,0,82.7,85.2,74.3,52.6,81.1,0.0,0,0,51,44.6,50,112,0,48.5,12,53.6,60,10.7,12,151.8,13,3,0.9,1,142,107,8.9,11.8,2.37
Anthony Carrie,183214,HB,FIU,12,-0.8,0,84.6,0.0,0,1,0,8.3,1,0.08,5,166,0,64.6,73.0,65.8,45.2,60.7,0.0,0,0,15,26.4,42,159,0,45.3,11,68.6,109,4.4,7,85.6,13,0,3.8,6,59,75,6.8,5.4,0.54
Ky Woods,163868,HB,NEVADA,11,2.4,7,76.9,,0,0,0,9.1,1,0.18,5,239,0,64.6,48.7,65.0,73.8,86.1,5.7,2,1,47,14.3,5,35,0,45.5,10,80.0,28,25.7,9,93.1,13,1,8.6,3,104,116,11.6,10.4,3.71
Jordan Lovett,172356,HB,TROY,11,2.2,1,76.9,0.0,0,1,0,9.1,1,-0.14,5,318,0,63.3,85.4,62.8,50.2,68.5,0.0,0,0,26,28.8,45,156,0,40.4,10,69.9,109,2.6,4,91.5,13,0,11.5,18,79,51,5.1,7.9,0.72
Titus Lyons,156861,TE,TEXAS ST,12,3.8,0,92.3,,0,0,1,7.7,1,0.26,7,314,0,68.3,26.1,57.0,60.6,54.3,51.7,123,0,24,29.0,69,238,1,50.4,12,66.8,159,36.6,87,136.4,13,3,8.8,21,94,53,4.4,7.8,0.59
Cooper Perry,199876,WR,OREGON,11,4.1,1,76.9,100.0,2,2,0,0.0,0,-0.04,1,264,1,80.9,19.7,48.1,,46.8,2.2,2,1,8,0.0,0,91,0,41.4,10,95.6,87,83.5,76,46.6,13,0,13.2,12,25,9,0.9,2.5,0.29
Smith Snowden,176662,CB,UTAH,5,-2.2,5,100.0,,0,0,0,0.0,0,0.06,3,328,0,82.7,73.9,70.8,,66.3,0.0,0,0,11,0.0,0,38,4,57.9,13,100.0,38,47.4,18,84.9,13,0,31.6,12,57,85,6.5,4.4,1.5
Brayden Loftin,157773,TE,KANSAS ST,12,8.2,1,46.2,25.0,1,4,0,33.3,3,0.02,3,199,0,22.7,66.2,50.5,71.3,46.6,44.8,43,0,18,11.5,11,96,1,39.8,6,86.5,83,46.9,45,58.2,13,0,7.3,7,55,24,4.0,9.2,0.66
Zion Taylor,170079,WR,GA TECH,12,9.5,0,84.6,,0,0,0,0.0,0,0.34,5,176,0,81.5,68.2,65.1,,66.9,0.0,0,0,45,0.0,0,68,0,53.1,11,94.1,64,30.9,21,133.7,13,1,69.1,47,129,42,3.8,11.7,2.02
Kamrean Johnson,172617,TE,WAKE,12,1.6,1,69.2,100.0,1,1,1,18.2,2,-0.02,5,339,1,44.3,18.7,50.7,73.2,51.1,59.9,94,0,25,26.1,41,157,2,44.3,9,70.7,111,31.8,50,91.2,13,0,8.3,13,98,72,8.0,10.9,0.88
TJ Pride,189866,WR,NEW MEX ST,12,10.3,1,61.5,,0,0,0,11.1,1,-0.05,3,242,0,58.9,81.5,47.4,,49.6,0.0,0,0,34,0.0,0,174,0,39.6,8,94.3,164,94.8,165,112.0,13,1,5.2,9,103,36,4.5,12.9,0.63
Jalen Berger,129914,HB,UCLA,12,-0.2,3,84.6,,0,0,0,0.0,0,0.02,4,324,0,82.2,54.0,74.2,30.3,67.9,0.8,1,0,15,28.8,38,132,0,45.3,11,70.5,93,6.8,9,130.9,13,2,3.0,4,77,80,7.3,7.0,0.83
Jackson Ford,190726,TE,S DIEGO ST,12,7.7,0,61.5,50.0,1,2,0,0.0,0,-0.23,4,284,0,80.1,67.5,56.3,69.8,60.1,69.2,110,0,18,30.8,49,159,7,33.6,8,64.2,102,23.9,38,75.2,13,0,3.8,6,68,37,4.6,8.5,0.67
Cyncir Bowers,199540,HB,W VIRGINIA,9,2.0,5,61.5,0.0,0,2,0,20.0,2,-0.31,2,343,0,41.2,47.0,55.3,33.0,49.4,2.8,3,0,90,20.8,22,106,0,27.7,8,75.5,80,14.2,15,122.0,13,1,20.8,22,134,152,19.0,16.8,1.68
CJ Baxter,173153,HB,TEXAS,7,0.4,0,92.3,100.0,1,1,0,7.7,1,0.09,1,311,0,66.1,63.2,61.1,39.9,56.2,0.0,0,0,6,24.2,24,99,0,43.3,12,74.7,74,2.0,2,105.4,13,1,4.0,4,41,38,3.2,3.4,0.55
Jadon Thompson,123583,WR,MEMPHIS,12,11.5,0,53.8,50.0,1,2,0,30.0,3,0.02,2,218,0,27.6,72.4,52.9,,52.4,1.2,1,0,40,0.0,0,86,0,46.9,7,94.2,81,89.5,77,72.6,13,0,9.3,8,80,11,1.6,11.4,0.99
Caleb Komolafe,176513,HB,NWESTERN,11,2.1,2,69.2,0.0,0,1,0,10.0,1,0.1,2,256,0,61.0,73.2,76.1,64.4,53.6,0.0,0,0,18,31.1,56,180,0,46.7,9,64.4,116,6.1,11,101.8,13,1,2.8,5,51,60,6.7,5.7,0.44
Jaydon Johnson,156741,WR,LA LAFAYET,11,12.4,2,46.2,50.0,1,2,0,14.3,1,-0.3,2,207,0,53.4,66.2,51.8,,49.9,0.0,0,1,14,0.0,0,124,0,33.9,6,90.3,112,83.1,103,24.8,13,0,16.9,21,51,17,2.8,8.5,0.46
Michael Buckley,156001,WR,NEW MEXICO,5,16.4,2,46.2,25.0,1,4,0,14.3,1,0.05,4,241,0,58.9,74.4,61.3,,57.0,0.0,0,2,25,0.0,0,152,0,45.9,6,86.2,131,76.3,116,25.3,13,0,23.7,36,76,13,2.2,12.7,0.58
KeDarius Wade,176365,WR,LA LAFAYET,8,20.2,0,15.4,25.0,1,4,0,33.3,1,-0.42,2,207,0,31.6,62.9,50.5,,49.5,0.0,0,2,19,0.0,0,43,1,30.8,2,90.7,39,9.3,4,0.0,13,0,90.7,39,25,3,1.5,12.5,0.64
Kahanu Davis,174757,WR,UTAH ST,12,17.0,1,50.0,0.0,0,2,0,0.0,0,0.12,5,329,0,77.5,78.6,58.2,,58.3,0.0,0,1,45,0.0,0,135,0,43.5,6,91.9,124,13.3,18,88.9,12,1,86.7,117,160,24,4.0,26.7,1.29
Greg Burrell,184204,HB,TEXAS ST,11,-2.1,4,100.0,,0,0,0,0.0,0,-0.05,4,314,0,82.2,71.8,84.1,44.0,69.2,0.0,0,0,23,25.0,25,100,0,40.6,12,72.0,72,9.0,9,106.6,12,0,10.0,10,115,140,11.7,9.6,1.6
Alexander Diggs,160375,HB,KENNESAW,11,0.2,0,83.3,100.0,2,2,0,0.0,0,0.07,4,200,0,80.9,46.6,67.2,54.2,63.7,0.0,0,0,14,36.9,41,111,0,42.5,10,62.2,69,18.9,21,83.7,12,0,0.9,1,49,53,5.3,4.9,0.71
Trent Battle,144683,HB,TCU,11,-0.3,1,75.0,,0,0,0,10.0,1,-0.06,1,305,0,61.0,84.1,72.8,56.2,47.6,0.8,1,0,13,21.8,29,133,1,44.4,9,74.4,99,12.0,16,81.9,12,0,11.3,15,50,57,6.3,5.6,0.51
Eli Green,148152,WR,IOWA STATE,12,8.6,2,91.7,75.0,3,4,0,0.0,0,0.2,5,193,0,81.5,68.2,62.6,,61.9,0.0,0,0,21,0.0,0,93,1,49.4,11,93.5,87,39.8,37,109.4,12,0,60.2,56,123,32,2.9,11.2,1.41
Nate Frazier,191146,HB,GEORGIA,12,-1.8,0,91.7,,0,0,0,0.0,0,0.29,5,173,0,81.5,69.0,90.1,68.8,67.9,0.0,0,0,11,17.6,22,125,0,58.6,11,75.2,94,2.4,3,117.4,12,1,0.0,0,66,87,7.9,6.0,0.7
Tayvion Galloway,183718,TE,MIDDLE TN,12,5.8,0,16.7,0.0,0,1,0,66.7,4,-0.02,1,224,0,2.1,62.9,43.3,76.6,36.9,35.6,57,0,20,15.6,25,160,0,37.0,2,81.9,131,50.6,81,39.6,12,0,10.0,16,22,16,8.0,11.0,0.17
Omiri Wiggins,183950,HB,LA TECH,12,-3.8,3,91.7,,0,0,0,8.3,1,-0.07,4,208,0,64.6,87.0,80.4,64.2,59.8,0.0,0,0,17,34.7,41,118,0,49.6,11,63.6,75,10.2,12,115.6,12,1,1.7,2,61,103,9.4,5.5,0.81
Darien Williams,204310,WR,SYRACUSE,7,8.1,2,66.7,100.0,2,2,0,20.0,2,-0.03,4,304,0,41.2,68.2,58.9,,59.6,0.0,0,0,35,0.0,0,76,1,41.7,8,94.7,72,90.8,69,120.5,12,1,9.2,7,101,71,8.9,12.6,1.4
Waymond Jordan,199407,HB,USC,6,-0.8,5,58.3,0.0,0,1,0,22.2,2,0.59,3,326,0,38.0,55.4,81.6,84.3,42.2,0.0,0,0,20,20.8,21,101,1,63.5,7,74.3,75,4.0,4,69.8,12,0,4.0,4,55,93,13.3,7.9,0.73
Quincy Burroughs,164137,WR,W KENTUCKY,11,7.9,1,66.7,100.0,1,1,0,20.0,2,0.09,4,346,0,44.3,67.5,54.9,,53.4,0.0,0,0,20,0.0,0,105,1,46.9,8,93.3,98,8.6,9,112.2,12,1,91.4,96,77,35,4.4,9.6,0.79
Blake Smith,124341,TE,TEXAS ST,8,7.0,1,83.3,100.0,1,1,0,0.0,0,0.36,5,314,0,63.3,68.0,57.5,47.2,57.2,34.9,59,0,11,14.8,25,169,0,53.1,10,80.5,136,42.0,71,97.9,12,0,21.3,36,90,33,3.3,9.0,0.66
Alvon Isaac,183442,HB,USF,12,0.1,3,91.7,0.0,0,1,0,8.3,1,0.67,3,327,0,64.9,56.5,62.4,61.9,67.8,0.0,0,1,29,39.7,48,121,0,60.9,11,56.2,68,3.3,4,63.5,12,0,4.1,5,91,96,8.7,8.3,1.34
Royal Capell,199055,WR,OKLA STATE,11,3.9,2,83.3,75.0,3,4,0,0.0,0,-0.26,4,262,1,80.9,25.8,54.9,62.1,52.4,0.0,0,0,13,1.3,1,80,0,43.6,10,96.3,77,95.0,76,83.0,12,0,5.0,4,47,36,3.6,4.7,0.61
J.C. Sivley,163028,TE,UAB,9,4.8,0,50.0,100.0,1,1,0,0.0,0,0.04,2,321,0,78.5,66.7,48.8,64.3,55.9,76.1,124,1,21,32.5,53,163,1,47.7,6,64.4,105,17.2,28,29.5,12,0,4.9,8,59,36,6.0,9.8,0.56
Jacob Newell,163273,TE,AKRON,6,4.0,1,33.3,0.0,0,1,0,33.3,2,-0.02,0,102,0,26.0,65.0,43.7,60.3,41.0,59.5,75,0,5,21.4,27,126,2,39.0,4,73.0,92,17.5,22,42.4,12,0,23.0,29,14,9,2.3,3.5,0.15
Brendan Jenkins,177870,WR,S ALABAMA,9,8.9,0,75.0,50.0,2,4,0,0.0,0,-0.04,6,288,0,80.1,67.5,61.6,,62.4,0.0,0,0,30,0.0,0,100,2,43.5,9,92.0,92,13.0,13,133.0,12,1,87.0,87,117,36,4.0,13.0,1.27
Jake Young,162766,TE,CHARLOTTE,12,7.2,2,33.3,,0,0,0,33.3,2,0.01,2,136,0,33.4,66.2,51.2,69.7,49.7,53.4,78,1,12,21.9,32,146,0,39.1,4,74.0,108,30.1,44,7.6,12,0,4.8,7,30,11,2.8,7.5,0.28
Mojo Dortch,163681,WR,TROY,4,12.8,0,58.3,0.0,0,1,0,12.5,1,-0.15,3,318,0,58.9,69.0,61.8,,63.6,0.0,0,0,19,0.0,0,74,0,37.5,7,97.3,72,24.3,18,72.6,12,0,75.7,56,63,22,3.1,9.0,0.88
Clay Ash,183873,HB,W VIRGINIA,8,-1.2,1,83.3,,0,0,0,0.0,0,-0.14,2,343,0,80.9,81.3,60.8,60.3,59.8,1.1,1,0,15,34.1,31,91,0,40.0,10,63.7,58,9.9,9,87.2,12,0,13.2,12,59,78,7.8,5.9,1.02
Mylan Graham,193180,WR,OHIO STATE,11,14.3,2,50.0,0.0,0,3,0,14.3,1,0.15,5,260,0,53.8,66.2,66.1,,64.5,0.0,0,0,23,0.0,0,60,0,51.7,6,96.7,58,10.0,6,76.0,12,0,90.0,54,93,45,7.5,15.5,1.6
Jordon Davison,199872,HB,OREGON,13,0.5,1,91.7,100.0,1,1,0,8.3,1,0.36,2,264,0,64.6,73.4,89.3,82.5,52.1,1.8,2,0,14,24.8,28,113,0,50.0,11,73.5,83,5.3,6,83.3,12,0,8.8,10,48,45,4.1,4.4,0.58
Devon Tauaefa,158190,TE,HAWAII,11,3.7,0,91.7,50.0,1,2,0,0.0,0,0.29,4,180,0,81.5,68.2,59.1,64.5,57.9,48.8,40,0,34,15.9,13,82,3,52.5,11,82.9,68,48.8,40,97.9,12,0,1.2,1,90,51,4.6,8.2,1.32
Vaughn Blue,174921,HB,LIBERTY,10,7.2,0,66.7,,0,0,0,11.1,1,-0.07,4,206,0,58.9,82.0,65.3,37.3,61.8,0.0,0,1,59,34.4,31,90,1,41.2,8,62.2,56,8.9,8,92.0,12,1,5.6,5,119,70,8.8,14.9,2.13
Dean Patterson,145224,WR,GA TECH,12,12.7,2,50.0,50.0,1,2,0,14.3,1,0.26,2,176,0,56.4,66.7,56.0,,54.9,0.0,0,1,84,0.0,0,115,0,46.8,6,96.5,111,13.9,16,94.1,12,2,86.1,99,131,139,23.2,21.8,1.18
Jordan Malau'ulu,184238,WR,FRESNO ST,12,10.3,1,66.7,100.0,1,1,0,0.0,0,-0.07,4,169,0,79.3,86.2,59.8,,58.6,0.0,0,0,18,0.0,0,111,1,53.3,8,94.6,105,19.8,22,87.2,12,0,80.2,89,85,14,1.8,10.6,0.81
Isaiah Alston,121550,WR,JAMES MAD,12,11.3,2,58.3,75.0,3,4,0,12.5,1,0.24,5,197,0,59.3,67.3,64.5,,64.7,0.0,0,1,20,0.0,0,77,3,47.7,7,83.1,64,24.7,19,83.7,12,2,75.3,58,81,15,2.1,11.6,1.27
Kam Anthony,189743,TE,BALL ST,12,8.2,1,58.3,,0,0,0,22.2,2,-0.26,5,117,0,29.0,66.7,45.7,60.9,56.2,84.3,166,1,40,47.7,94,197,2,34.8,7,51.3,101,12.2,24,96.2,12,2,2.0,4,117,64,9.1,16.7,1.16
Michael Brescia,149295,TE,W MICHIGAN,11,4.3,0,83.3,100.0,1,1,0,0.0,0,-0.12,5,347,0,80.9,69.3,72.5,72.1,82.8,68.1,47,0,19,18.8,13,69,0,46.2,10,73.9,51,15.9,11,130.9,12,2,2.9,2,71,45,4.5,7.1,1.39
Max Rodarte,184120,WR,OHIO,4,10.7,1,58.3,66.7,2,3,0,12.5,1,0.17,5,259,0,56.4,72.9,60.9,,59.6,0.0,0,1,24,0.0,0,103,0,45.9,7,95.1,98,8.7,9,45.8,12,0,91.3,94,86,29,4.1,12.3,0.88
Star'Corius Thomas,156926,HB,TENNESSEE,12,0.7,5,83.3,100.0,1,1,0,16.7,2,0.38,6,307,0,47.1,86.9,81.2,53.4,59.2,0.0,0,0,21,21.8,29,133,0,56.3,10,75.9,101,1.5,2,140.3,12,2,0.0,0,98,96,9.6,9.8,0.97
Major Everhart,157295,WR,TCU,7,3.7,3,83.3,,0,0,0,0.0,0,-0.05,5,305,0,80.9,73.7,62.4,,65.1,2.4,2,1,26,0.0,0,83,0,45.6,10,95.2,79,71.1,59,70.5,12,0,24.1,20,111,109,10.9,11.1,1.41
Sesi Vailahi,174313,HB,OKLA STATE,9,-1.3,2,66.7,,0,0,0,20.0,2,-0.21,2,262,0,41.2,32.7,57.8,56.4,47.0,1.4,1,0,16,16.7,12,72,0,37.7,8,80.6,58,6.9,5,76.4,12,0,6.9,5,54,67,8.4,6.8,0.93
Nathaneal Floyd,123138,WR,NEVADA,7,15.3,0,33.3,0.0,0,3,1,33.3,2,-0.22,1,239,0,26.2,66.7,50.6,,50.6,0.0,0,0,15,0.0,0,59,1,35.2,4,91.5,54,61.0,36,42.4,12,0,39.0,23,36,1,0.3,9.0,0.67
Isaiah Rudison,175684,HB,NEW MEX ST,11,1.1,2,75.0,100.0,1,1,0,10.0,1,-0.15,2,242,0,61.0,57.1,65.0,81.8,56.0,0.0,0,1,14,42.0,47,112,0,43.0,9,52.7,59,2.7,3,45.1,12,0,1.8,2,44,43,4.8,4.9,0.75
Jordan Marshall,190837,HB,MICHIGAN,11,-1.1,4,75.0,,0,0,0,18.2,2,-0.06,4,222,0,44.3,90.2,87.8,65.7,55.6,0.7,1,0,25,30.3,43,142,0,41.8,9,65.5,93,4.9,7,96.5,12,0,2.1,3,92,99,11.0,10.2,0.99
Tuli Tagovailoa-Amosa,199152,WR,S JOSE ST,9,7.2,0,66.7,66.7,2,3,0,11.1,1,0.13,1,285,0,61.0,68.1,54.7,,54.5,0.0,0,0,29,0.0,0,79,1,35.1,8,93.7,74,98.7,78,80.9,12,0,1.3,1,67,6,0.8,8.4,0.91
Justin Marshall,173460,HB,COLO STATE,10,-1.3,8,66.7,,0,0,0,20.0,2,-0.3,3,144,0,41.6,60.1,73.1,22.6,58.1,0.0,0,0,27,12.3,9,73,0,34.8,8,83.6,61,12.3,9,83.3,12,0,2.7,2,74,75,9.4,9.3,1.21
Wayshawn Parker,184224,HB,UTAH,12,0.8,6,83.3,,0,0,0,9.1,1,0.35,5,328,0,62.9,55.2,78.7,68.4,51.1,0.0,0,0,52,29.0,56,193,2,49.4,10,66.3,128,10.9,21,152.1,12,3,15.5,30,132,134,13.4,13.2,1.03
Bryce Yates,199090,WR,PITTSBURGH,9,8.8,3,75.0,0.0,0,2,0,0.0,0,0.28,5,268,0,80.9,68.0,70.8,,75.1,4.3,3,0,68,0.0,0,69,2,43.8,9,91.3,63,84.1,58,144.4,12,1,11.6,8,190,118,13.1,21.1,3.02
Antwan Roberts,145178,HB,MARSHALL,10,2.8,3,58.3,100.0,1,1,0,12.5,1,0.01,3,214,0,56.4,86.7,69.4,54.9,54.0,0.0,0,1,14,36.4,47,129,1,47.0,7,60.5,78,11.6,15,35.4,12,0,3.9,5,56,77,11.0,8.0,0.72
Judah Ezinwa,170510,TE,UTEP,5,10.1,2,33.3,50.0,1,2,0,20.0,1,-0.01,3,330,0,45.4,65.0,58.7,57.1,56.3,34.8,39,3,33,31.3,35,112,0,40.6,4,64.3,72,40.2,45,16.7,12,0,4.5,5,76,47,11.8,19.0,1.06
Kamron Beachem,146047,TE,FRESNO ST,12,9.1,0,58.3,50.0,1,2,0,22.2,2,-0.49,4,169,0,37.6,68.0,52.8,75.8,51.5,52.6,51,2,64,10.3,10,97,4,35.6,7,82.5,80,39.2,38,57.3,12,0,8.2,8,133,80,11.4,19.0,1.66
Jaivian Thomas,176564,HB,UCLA,10,-0.1,2,90.9,,0,0,0,0.0,0,0.12,2,324,0,80.9,85.9,72.9,20.0,63.3,0.0,0,0,12,12.5,10,80,0,55.0,10,87.5,70,12.5,10,90.9,11,0,1.3,1,64,65,6.5,6.4,0.91
Will Anciaux,173090,TE,KANSAS ST,12,9.2,0,54.5,60.0,3,5,0,14.3,1,0.18,2,199,0,53.4,67.7,55.8,45.4,51.6,69.2,90,1,25,28.5,37,130,1,47.2,6,68.5,89,20.0,26,57.0,11,1,9.2,12,45,13,2.2,7.5,0.51
Tyson Thompson,121708,TE,RICE,10,6.4,2,72.7,,0,0,0,11.1,1,-0.01,4,275,0,59.3,84.1,57.9,70.6,69.5,30.9,17,0,37,7.3,4,55,0,39.6,8,89.1,49,45.5,25,142.0,11,2,23.6,13,105,50,6.3,13.1,2.14
Eugene Hilton Jr.,199574,WR,WISCONSIN,12,9.9,1,72.7,100.0,2,2,0,0.0,0,-0.37,3,349,0,79.3,67.1,59.3,,58.3,0.0,0,0,42,0.0,0,80,0,34.2,8,95.0,76,21.3,17,97.2,11,0,78.8,63,91,23,2.9,11.4,1.2
AJ Szymanski,170206,TE,MARYLAND,12,7.4,0,45.5,0.0,0,2,0,16.7,1,0.08,2,215,0,50.3,67.3,38.9,56.3,55.1,77.8,49,0,21,31.7,20,63,0,43.3,5,65.1,41,9.5,6,82.8,11,1,1.6,1,32,13,2.6,6.4,0.78
Jake Overman,131748,TE,PITTSBURGH,10,2.5,1,81.8,,0,0,0,0.0,0,0.03,4,268,0,80.1,68.1,52.6,45.6,57.3,56.3,67,0,14,16.0,19,119,3,44.6,9,79.0,94,19.3,23,123.9,11,1,17.6,21,71,53,5.9,7.9,0.76
Joey Bearns III,144893,TE,CHARLOTTE,9,1.1,1,81.8,0.0,0,1,0,0.0,0,0.05,4,136,0,80.9,68.7,70.3,58.2,77.6,50.0,27,0,15,33.3,18,54,0,41.7,9,59.3,32,22.2,12,113.6,11,1,1.9,1,44,41,4.6,4.9,1.38
DeShawn Hanika,122515,TE,KANSAS,5,7.6,1,90.9,100.0,1,1,0,9.1,1,0.42,7,198,0,62.9,67.9,78.6,55.0,78.0,48.2,27,0,24,21.4,12,56,0,53.7,10,76.8,43,39.3,22,143.0,11,3,10.7,6,97,20,2.0,9.7,2.26
Gabe Glover,204935,WR,JVILLE ST,11,8.1,1,36.4,0.0,0,2,0,33.3,2,0.13,1,196,0,25.7,75.6,54.7,43.6,49.6,2.1,1,1,11,4.2,2,48,0,43.5,4,89.6,43,20.8,10,7.0,11,0,75.0,36,28,32,8.0,7.0,0.65
Gamarion Carter,146964,WR,MIDDLE TN,9,23.2,0,27.3,25.0,1,4,1,0.0,0,-0.05,1,224,0,39.5,64.1,48.4,,49.0,0.0,0,0,15,0.0,0,104,1,45.4,3,93.3,97,22.1,23,39.6,11,0,76.9,80,32,3,1.0,10.7,0.33
Parker Poloskey,171004,TE,ARMY,12,13.3,3,36.4,50.0,1,2,1,20.0,1,0.17,4,114,0,45.4,65.0,62.1,62.3,56.3,66.7,100,1,26,29.3,44,150,5,40.3,4,65.3,98,2.0,3,45.3,11,1,16.0,24,54,15,3.8,13.5,0.55
Josh Sterzer,128399,TE,UTAH ST,12,7.3,0,63.6,50.0,1,2,0,12.5,1,-0.01,2,329,0,56.4,67.4,48.0,65.9,42.7,65.9,176,0,18,41.6,111,267,1,41.1,7,52.1,139,31.1,83,106.6,11,1,1.9,5,56,17,2.4,8.0,0.4
Hayden Large,170156,TE,IOWA,10,6.6,0,72.7,0.0,0,2,0,11.1,1,-0.06,5,192,0,59.3,67.1,75.6,71.0,67.5,81.0,102,0,17,60.3,76,126,1,43.9,8,39.7,50,11.1,14,82.4,11,0,4.0,5,52,40,5.0,6.5,1.04
Tony Johnson,145189,WR,MIAMI FL,7,12.8,7,63.6,50.0,1,2,0,0.0,0,0.39,6,220,0,78.5,66.7,80.5,,76.0,3.7,2,1,51,0.0,0,54,0,60.4,7,98.1,53,53.7,29,69.3,11,0,42.6,23,162,87,12.4,23.1,3.06
Ross Fournet,145218,WR,FIU,11,6.1,1,72.7,100.0,2,2,0,20.0,2,0.16,4,166,0,44.3,70.8,51.0,79.1,53.5,0.0,0,0,20,2.5,2,79,2,53.3,8,92.4,73,43.0,34,86.9,11,0,55.7,44,64,25,3.1,8.0,0.88
Kyle Washington,204905,WR,GA STATE,12,10.9,0,54.5,,0,0,0,14.3,1,-0.11,4,175,0,53.4,71.9,52.7,,53.2,0.0,0,0,23,0.0,0,134,0,40.7,6,91.8,123,13.4,18,75.9,11,0,86.6,116,75,29,4.8,12.5,0.61
Jayden Moore,189388,WR,DUKE,10,7.3,2,63.6,0.0,0,2,0,0.0,0,0.17,3,154,0,78.5,69.0,64.0,,63.6,0.0,0,1,15,0.0,0,53,0,50.0,7,94.3,50,86.8,46,33.1,11,0,13.2,7,42,44,6.3,6.0,0.84
Kaleb Edwards,204602,TE,ALABAMA,13,7.2,1,72.7,33.3,1,3,0,11.1,1,0.08,6,103,0,58.9,67.8,50.0,47.8,52.1,64.2,122,0,30,20.5,39,190,0,49.5,8,75.8,144,19.5,37,133.9,11,1,14.2,27,108,60,7.5,13.5,0.75
Alton McCaskill,144253,HB,SM HOUSTON,8,-2.5,0,81.8,100.0,1,1,0,10.0,1,-0.11,3,281,0,61.0,86.5,72.2,60.7,57.3,0.0,0,0,15,28.5,35,123,0,42.6,9,68.3,84,8.1,10,122.0,11,1,0.8,1,66,83,9.2,7.3,0.79
Dilin Jones,183664,HB,WISCONSIN,7,-2.5,4,81.8,,0,0,0,10.0,1,-0.21,1,349,0,61.0,85.4,70.1,37.9,53.0,0.0,0,1,6,37.6,32,85,0,43.4,9,62.4,53,4.7,4,41.3,11,0,1.2,1,21,43,4.8,2.3,0.4
Henry Dryden,204752,TE,C MICHIGAN,12,4.0,0,63.6,0.0,0,4,0,12.5,1,0.19,3,134,0,59.3,67.8,55.3,43.5,62.2,82.2,83,0,23,32.7,33,101,1,47.9,7,64.4,65,3.0,3,79.4,11,0,5.9,6,64,31,4.4,9.1,0.98
Javon Brown,190119,WR,TOLEDO,10,16.7,1,72.7,100.0,1,1,0,11.1,1,0.52,7,316,0,58.9,67.1,70.2,,69.4,0.0,0,1,46,0.0,0,59,0,51.8,8,94.9,56,11.9,7,107.2,11,1,88.1,52,156,55,6.9,19.5,2.79
DaSaahn Brame,199966,TE,TENNESSEE,8,3.6,0,54.5,0.0,0,1,0,25.0,2,0.04,3,307,0,33.4,66.2,56.7,71.3,58.9,7.1,3,0,19,4.8,2,42,0,48.6,6,85.7,36,71.4,30,71.4,11,0,7.1,3,63,38,6.3,10.5,1.75
KJ Parker,189691,WR,IOWA,8,8.5,1,27.3,0.0,0,1,0,50.0,3,-0.23,1,192,0,16.7,65.0,52.0,,48.3,0.0,0,0,10,0.0,0,50,0,38.3,3,94.0,47,4.0,2,69.9,11,1,96.0,48,18,6,2.0,6.0,0.38
Jariel Cobb,204765,HB,CHARLOTTE,7,-2.0,2,72.7,,0,0,0,0.0,0,-0.16,2,136,0,79.3,60.5,59.5,19.6,66.3,0.0,0,0,13,36.5,38,104,0,38.2,8,61.5,64,0.0,0,81.3,11,0,0.0,0,49,67,8.4,6.1,0.77
Blaze Kamoku,184169,WR,HAWAII,9,6.0,2,81.8,50.0,1,2,0,10.0,1,0.38,4,180,0,61.0,67.5,61.5,,62.2,0.0,0,0,19,0.0,0,93,0,49.4,9,91.4,85,94.6,88,130.3,11,1,5.4,5,88,37,4.1,9.8,1.04
Derrick Eley,193128,WR,CHARLOTTE,10,18.5,3,54.5,0.0,0,1,0,25.0,2,-0.4,6,136,0,38.0,77.0,71.6,,70.6,0.0,0,1,32,0.0,0,57,0,36.4,6,96.5,55,61.4,35,78.6,11,1,38.6,22,102,11,1.8,17.0,1.85
James Peoples,183706,HB,OHIO STATE,12,-1.8,0,90.9,100.0,1,1,0,0.0,0,0.51,4,260,0,80.9,83.8,76.9,31.0,64.7,0.0,0,0,12,17.5,17,97,0,64.9,10,80.4,78,6.2,6,85.6,11,0,3.1,3,50,70,7.0,5.0,0.64
George Hart III,146269,HB,W KENTUCKY,12,3.2,3,72.7,,0,0,0,0.0,0,0.16,1,346,0,79.3,84.1,67.3,80.7,50.2,0.0,0,0,5,27.6,54,196,0,47.9,8,69.4,136,6.1,12,105.5,11,1,4.6,9,18,27,3.4,2.3,0.13
Devonte Lyons,189778,HB,FIU,10,2.5,1,81.8,0.0,0,1,0,10.0,1,-0.27,2,166,1,62.9,29.8,58.4,26.1,53.9,0.0,0,0,14,13.7,10,73,0,33.3,9,80.8,59,4.1,3,84.5,11,0,0.0,0,47,47,5.2,5.2,0.8
Isaiah Mozee,199811,HB,NEBRASKA,12,0.0,8,90.9,,0,0,0,0.0,0,0.01,6,238,0,80.9,78.2,70.1,78.6,73.8,0.0,0,0,39,6.3,3,48,0,43.5,10,89.6,43,52.1,25,107.2,11,0,2.1,1,107,120,12.0,10.7,2.49
Ousmane Kromah,198443,HB,FLORIDA ST,12,5.1,3,81.8,,0,0,0,18.2,2,0.32,4,167,0,44.3,68.1,79.7,52.6,71.4,0.0,0,0,43,33.8,23,68,1,50.0,9,64.7,44,0.0,0,149.1,11,1,8.8,6,147,115,12.8,16.3,3.34
Chris Lawson,199517,WR,WASHINGTON,8,12.4,1,81.8,100.0,2,2,0,0.0,0,0.21,4,340,1,80.1,19.1,65.3,,63.5,0.0,0,0,42,0.0,0,41,0,55.0,9,97.6,40,39.0,16,103.4,11,0,61.0,25,97,40,4.4,10.8,2.43
La'Vell Wright,146736,HB,W KENTUCKY,12,-0.6,1,81.8,,0,0,0,10.0,1,-0.02,5,346,0,61.0,85.9,80.0,89.0,63.0,0.0,0,0,22,32.1,34,106,0,47.1,9,66.0,70,5.7,6,126.9,11,1,2.8,3,79,89,9.9,8.8,1.13
Kade Frew,173863,FB,AIR FORCE,12,0.5,3,63.6,,0,0,0,12.5,1,0.42,4,101,0,58.9,83.7,69.6,68.6,51.0,19.7,24,1,15,23.0,28,122,0,52.1,7,73.8,90,12.3,15,36.9,11,0,13.9,17,52,54,7.7,7.4,0.58
Dan Dishman,123308,TE,UTSA,10,6.4,0,90.9,100.0,1,1,1,0.0,0,0.05,5,331,0,80.9,67.9,61.0,64.1,61.0,66.2,90,0,26,36.8,50,136,2,46.9,10,60.3,82,30.9,42,134.8,11,1,2.2,3,100,49,4.9,10.0,1.22
Benji Blackburn,193238,TE,STANFORD,12,10.1,0,81.8,50.0,1,2,0,0.0,0,0.11,6,300,0,80.1,67.5,60.7,71.1,67.5,77.1,81,0,26,18.1,19,105,1,52.1,9,73.3,77,21.0,22,138.3,11,1,1.9,2,109,35,3.9,12.1,1.42
Martel Hight,172615,CB,VANDERBILT,9,9.5,1,63.6,50.0,1,2,0,12.5,1,0.47,3,333,0,58.9,83.4,61.1,,62.3,0.0,0,0,18,0.0,0,55,3,57.7,7,94.5,52,10.9,6,79.4,11,0,89.1,49,64,44,6.3,9.1,1.23
Amari Niblack,163606,TE,TEXAS A&M,12,14.5,3,45.5,50.0,1,2,0,0.0,0,0.11,3,312,0,76.3,65.7,54.6,69.8,57.5,35.1,27,0,23,6.5,5,77,2,47.4,5,92.2,71,39.0,30,66.1,11,0,26.0,20,69,31,6.2,13.8,0.97
Rod Gibbs,190082,TE,S ALABAMA,12,2.6,1,54.5,,0,0,0,14.3,1,-0.22,4,288,0,33.4,66.2,57.8,73.4,55.3,79.1,106,0,15,47.0,63,134,2,39.1,6,50.0,67,15.7,21,97.5,11,1,4.5,6,52,42,7.0,8.7,0.78
Micah Hudson,184902,WR,TEXAS TECH,7,11.5,0,72.7,50.0,1,2,0,0.0,0,0.4,6,315,0,79.3,70.7,78.0,,78.1,0.0,0,0,30,0.0,0,55,0,54.0,8,90.9,50,16.4,9,144.7,11,2,83.6,46,112,31,3.9,14.0,2.24
Rocko Griffin,124350,HB,UMASS,9,1.4,5,90.9,100.0,1,1,1,0.0,0,-0.39,2,216,0,80.9,61.7,61.2,7.4,59.7,0.0,0,0,18,28.1,36,128,1,33.9,10,68.0,87,7.8,10,89.8,11,0,6.3,8,61,58,5.8,6.1,0.7
Kenny Tracy,130531,HB,MIAMI OH,5,0.3,2,100.0,,0,0,0,0.0,0,0.01,5,221,0,82.2,60.5,73.7,73.6,76.6,0.0,0,0,29,64.9,61,94,0,52.3,11,34.0,32,5.3,5,152.1,11,2,8.5,8,121,118,10.7,11.0,3.78
T.J. Johnson,199058,WR,DOMINION,11,15.3,0,36.4,66.7,2,3,0,20.0,1,-0.27,3,263,0,45.4,65.0,54.5,,57.2,0.0,0,2,36,0.0,0,83,0,32.9,4,95.2,79,42.2,35,48.9,11,1,57.8,48,68,4,1.0,17.0,0.86
Lawson Albright,145044,TE,NWESTERN,12,6.9,0,63.6,100.0,3,3,0,12.5,1,0.08,1,256,0,56.8,71.6,50.9,74.4,43.6,68.0,138,0,17,25.6,52,203,0,46.5,7,68.5,139,21.2,43,74.4,11,0,5.9,12,51,30,4.3,7.3,0.37
Marcus Velez,104901,TE,BUFFALO,12,5.3,0,54.5,,0,0,0,14.3,1,-0.28,2,126,0,56.4,66.7,57.8,64.7,50.7,51.5,88,1,19,27.5,47,171,0,38.7,6,68.4,117,36.8,63,24.8,11,0,8.2,14,40,8,1.3,6.7,0.34
Dayton Howard,170151,WR,IOWA,9,13.7,0,63.6,100.0,4,4,0,0.0,0,0.02,6,192,0,78.5,66.7,60.1,,59.8,0.0,0,1,42,0.0,0,108,0,44.7,7,95.4,103,15.7,17,79.7,11,1,84.3,91,85,20,2.9,12.1,0.83
Ger-Cari Caldwell,124228,WR,MEMPHIS,9,17.9,0,18.2,0.0,0,3,0,50.0,2,-0.12,1,218,0,17.0,62.9,47.2,,46.5,0.0,0,0,9,0.0,0,50,0,36.2,2,94.0,47,2.0,1,39.6,11,0,98.0,49,12,5,2.5,6.0,0.26
LJ Johnson Jr.,147003,HB,CAL,7,1.5,0,36.4,0.0,0,1,0,50.0,4,-0.33,0,130,0,10.0,80.2,58.6,78.4,29.0,0.0,0,1,14,20.6,14,68,0,38.5,4,76.5,52,1.5,1,7.0,11,0,5.9,4,18,6,1.5,4.5,0.35
Jared Brown,147081,WR,S CAROLINA,8,13.9,0,54.5,60.0,3,5,0,0.0,0,0.17,5,289,1,77.5,19.8,60.8,,59.8,0.0,0,1,32,0.0,0,66,0,48.4,6,93.9,62,1.5,1,48.3,11,0,97.0,64,102,31,5.2,17.0,1.65
Kayleb Barnett,205487,WR,VANDERBILT,11,5.6,2,54.5,,0,0,0,14.3,1,0.76,4,333,0,53.4,71.4,71.3,,68.3,0.0,0,0,13,0.0,0,42,0,65.8,6,90.5,38,78.6,33,97.9,11,1,19.0,8,53,80,13.3,8.8,1.39
George Burhenn,174950,TE,PURDUE,4,5.3,1,81.8,100.0,2,2,0,10.0,1,0.12,5,273,0,61.0,67.5,67.3,57.7,71.9,67.4,64,1,21,30.5,29,95,0,52.3,9,64.2,61,18.9,18,64.4,11,0,9.5,9,94,63,7.0,10.4,1.54
Parker Jenkins,173047,HB,E CAROLINA,9,-1.5,1,81.8,,0,0,0,10.0,1,0.45,3,156,0,61.0,84.7,70.1,35.3,58.7,0.0,0,0,22,20.6,21,102,0,54.8,9,73.5,75,13.7,14,95.8,11,0,4.9,5,77,97,10.8,8.6,1.03
Stacy Sneed,123680,HB,HOUSTON,9,0.3,1,60.0,,0,0,0,25.0,2,-0.1,2,182,0,41.6,80.2,61.1,15.8,55.0,0.0,0,0,14,17.5,10,57,0,37.0,6,78.9,45,8.8,5,68.8,10,0,5.3,3,40,59,9.8,6.7,0.89
Cooper Hoch,174870,WR,S JOSE ST,10,17.2,1,50.0,0.0,0,1,0,0.0,0,0.09,3,285,0,76.3,65.7,56.2,,55.9,0.0,0,0,13,0.0,0,82,1,44.3,5,96.3,79,2.4,2,61.7,10,0,97.6,80,43,12,2.4,8.6,0.54
Khamari Anderson,175134,TE,ARIZONA ST,12,10.9,0,40.0,0.0,0,2,0,20.0,1,-0.01,1,110,0,50.3,68.5,53.8,70.6,48.4,15.5,18,1,8,3.4,4,116,0,42.5,4,89.7,104,74.1,86,8.3,10,0,10.3,12,16,11,2.8,4.0,0.15
Carson Bruhn,191163,TE,KANSAS,8,11.9,0,50.0,,0,0,0,28.6,2,0.57,3,198,0,29.1,67.7,62.2,67.3,56.2,67.0,65,0,16,37.1,36,97,2,60.4,5,61.9,60,21.6,21,66.7,10,0,8.2,8,55,13,2.6,11.0,0.92
Rahji Dennis,184358,WR,LA LAFAYET,9,12.1,1,40.0,0.0,0,1,0,20.0,1,-0.15,3,207,0,45.4,65.0,56.7,,57.0,0.0,0,2,16,0.0,0,53,0,39.6,4,90.6,48,41.5,22,8.3,10,0,58.5,31,24,16,4.0,6.0,0.5
Jaylon Hawkins,204520,WR,S DIEGO ST,2,15.6,0,60.0,100.0,1,1,0,0.0,0,-0.95,1,284,0,77.5,69.3,65.8,,64.0,0.0,0,0,35,0.0,0,25,0,20.0,6,100.0,25,12.0,3,73.3,10,0,88.0,22,51,14,2.3,8.5,2.04
Jackson Acker,145157,FB,WISCONSIN,12,0.8,1,80.0,100.0,1,1,0,0.0,0,-0.19,5,349,0,79.3,75.4,67.3,69.3,77.5,34.0,35,0,24,38.8,40,103,0,38.8,8,57.3,59,10.7,11,127.5,10,1,1.0,1,66,60,7.5,8.3,1.12
Kojo Antwi,162859,WR,COLO STATE,8,5.1,0,80.0,0.0,0,1,0,0.0,0,-0.04,2,144,0,79.3,67.1,55.6,,55.3,0.0,0,0,15,0.0,0,89,0,42.4,8,95.5,85,3.4,3,86.7,10,0,96.6,86,48,21,2.6,6.0,0.56
Chris Parker,145725,WR,UCONN,11,17.1,1,50.0,0.0,0,2,0,28.6,2,0.18,4,146,0,29.1,65.7,57.2,61.9,58.8,0.0,0,0,45,1.6,1,62,2,45.0,5,95.2,59,16.1,10,88.8,10,0,83.9,52,108,21,4.2,21.6,1.83
Jeremiah Melvin,183392,WR,WAKE,10,18.5,0,30.0,0.0,0,4,0,0.0,0,0.11,1,339,0,73.1,64.1,54.8,,53.0,0.0,0,0,27,0.0,0,49,0,38.3,3,95.9,47,20.4,10,76.7,10,1,79.6,39,39,1,0.3,13.0,0.83
Taeo Todd,188385,HB,GA SOUTHRN,5,-3.5,3,100.0,,0,0,0,0.0,0,0.16,3,174,0,80.9,78.5,75.0,73.8,84.0,3.8,2,0,11,9.4,5,53,0,42.3,10,88.7,47,7.5,4,93.3,10,0,5.7,3,64,99,9.9,6.4,1.36
Heinrich Haarberg,144993,TE,NEBRASKA,12,4.2,0,80.0,50.0,1,2,0,0.0,0,0.19,5,238,0,79.3,26.9,65.6,74.8,65.7,69.4,68,0,13,21.4,21,98,0,50.0,8,74.5,73,17.3,17,121.7,10,1,13.3,13,52,31,3.9,6.5,0.71
Nathan Kent,162558,WR,NAVY,12,21.3,0,40.0,66.7,2,3,0,20.0,1,0.4,3,237,0,49.8,65.7,57.0,64.5,57.6,1.3,1,0,36,1.3,1,76,0,44.4,4,93.4,71,0.0,0,63.8,10,0,98.7,75,68,10,2.5,17.0,0.96
Jaylon Coleman,204998,HB,LIBERTY,6,0.5,2,100.0,,0,0,0,0.0,0,-0.49,5,206,0,80.9,74.1,77.3,41.9,91.7,0.0,0,0,31,3.8,1,26,0,42.3,10,96.2,25,26.9,7,108.3,10,0,15.4,4,100,95,9.5,10.0,4.0
David Pierro,205007,WR,LA TECH,10,6.1,4,80.0,50.0,2,4,0,0.0,0,-0.22,1,208,0,79.3,67.1,54.1,67.7,56.4,3.0,2,0,32,6.1,4,66,1,44.3,8,86.4,57,77.3,51,93.8,10,0,18.2,12,65,24,3.0,8.1,1.14
Madrid Tucker,205246,WR,N CAROLINA,3,8.6,0,90.0,50.0,1,2,1,0.0,0,0.05,2,245,0,80.1,67.5,53.3,,55.6,0.0,0,1,9,0.0,0,66,1,41.9,9,93.9,62,43.9,29,45.8,10,0,56.1,37,45,2,0.2,5.0,0.73
Davis Bryson,160369,WR,KENNESAW,8,13.6,1,50.0,,0,0,0,0.0,0,0.02,2,200,0,76.3,72.4,54.5,,55.5,0.0,0,0,40,0.0,0,52,0,39.2,5,98.1,51,55.8,29,70.4,10,0,44.2,23,64,37,7.4,12.8,1.25
Tre Roberson,182290,WR,AIR FORCE,4,19.3,1,50.0,100.0,1,1,0,16.7,1,0.37,5,101,0,49.8,65.9,64.6,63.0,67.1,0.0,0,1,29,2.4,1,42,2,59.0,5,90.5,38,14.3,6,49.6,10,0,83.3,35,109,19,3.8,21.8,2.87
Za'Ron Collins,181612,WR,JAMES MAD,10,13.5,1,70.0,66.7,4,6,0,0.0,0,0.21,5,197,0,78.5,66.7,68.8,,68.0,0.0,0,0,20,0.0,0,71,1,48.5,7,93.0,66,12.7,9,124.2,10,1,87.3,62,73,24,3.4,10.4,1.11
Max Ware,163277,WR,HAWAII,9,19.4,0,30.0,50.0,1,2,0,25.0,1,-0.26,1,180,0,39.5,64.1,52.8,,52.3,0.0,0,2,23,0.0,0,86,0,33.3,3,90.7,78,4.7,4,1.2,10,0,95.3,82,33,1,0.3,11.0,0.42
Jace Henry,148818,TE,NEVADA,12,2.9,1,70.0,,0,0,1,12.5,1,-0.34,1,239,0,56.4,66.7,52.6,57.1,42.2,72.1,132,0,32,41.5,76,183,4,38.4,7,55.2,101,16.9,31,78.3,10,0,7.1,13,43,43,6.1,6.1,0.43
Lucky Sutton,158807,HB,S DIEGO ST,12,0.4,1,50.0,,0,0,0,44.4,4,-0.16,0,284,0,13.1,91.6,86.0,79.3,30.3,0.0,0,1,3,37.8,82,217,1,41.2,5,59.9,130,3.2,7,16.7,10,0,3.7,8,-2,16,3.2,-0.4,-0.02
Eric Nelson Jr.,189779,WR,FIU,10,13.5,0,80.0,50.0,2,4,0,0.0,0,0.01,7,166,0,79.3,67.1,67.0,41.3,67.6,0.0,0,2,34,0.0,0,88,0,46.8,8,89.8,79,13.6,12,112.5,10,1,86.4,76,125,31,3.9,15.6,1.58
Will Kacmarek,145896,TE,OHIO STATE,12,7.4,0,90.0,100.0,1,1,0,0.0,0,0.51,6,260,0,80.1,67.5,76.8,72.7,69.1,75.7,128,0,47,46.2,78,169,1,62.6,9,52.7,89,11.2,19,156.3,10,2,4.7,8,120,55,6.1,13.3,1.35
Gideon Davidson,199633,HB,CLEMSON,11,-2.9,1,100.0,,0,0,0,0.0,0,0.49,3,140,0,80.9,83.2,71.7,55.4,71.2,0.0,0,0,15,26.9,28,104,0,62.8,10,68.3,71,11.5,12,100.0,10,0,3.8,4,80,109,10.9,8.0,1.13
Hahsaun Wilson,145580,HB,UTEP,11,-1.1,2,70.0,,0,0,0,12.5,1,-0.15,1,330,0,61.0,82.1,61.1,49.0,50.1,0.0,0,0,24,31.0,52,168,0,38.2,7,65.5,110,10.7,18,77.5,10,0,3.6,6,41,54,7.7,5.9,0.37
Chase Belcher,164410,HB,KENNESAW,11,8.1,3,80.0,100.0,1,1,0,20.0,2,0.2,8,200,0,41.2,86.6,76.5,75.0,59.0,0.8,1,0,53,23.3,28,120,0,37.9,8,75.0,90,15.0,18,158.3,10,2,0.8,1,164,93,11.6,20.5,1.82
Evan King,165418,TE,BUFFALO,11,8.0,1,90.0,100.0,1,1,0,0.0,0,-0.11,4,126,0,80.1,67.5,55.4,56.3,59.9,55.3,73,0,16,37.1,49,132,2,42.9,9,60.6,80,34.8,46,95.0,10,0,8.3,11,68,21,2.3,7.6,0.85
Daniel Bray,199445,HB,UTAH,8,1.4,5,80.0,0.0,0,1,0,0.0,0,-0.05,4,328,0,79.3,81.0,68.1,66.9,57.0,1.4,1,1,21,5.6,4,72,1,42.0,8,90.3,65,33.3,24,55.0,10,0,33.3,24,67,77,9.6,8.4,1.03
Hunter Smith,155556,HB,TEMPLE,12,4.1,1,60.0,0.0,0,1,0,0.0,0,0.14,4,306,0,77.5,84.0,74.2,38.7,64.5,0.0,0,0,21,25.3,19,75,0,47.9,6,70.7,53,8.0,6,74.6,10,0,2.7,2,54,33,5.5,9.0,1.02
George Pettaway,156351,HB,JAMES MAD,11,12.3,1,80.0,33.3,1,3,0,0.0,0,0.07,2,197,0,79.3,79.9,65.5,56.5,59.7,0.0,0,0,24,15.6,12,77,0,46.6,8,79.2,61,14.3,11,125.0,10,1,14.3,11,60,19,2.4,7.5,0.98
Josh Dallas,158343,WR,GA SOUTHRN,2,3.8,0,70.0,0.0,0,1,0,12.5,1,-0.27,3,174,0,56.4,71.2,60.8,,60.0,0.0,0,0,17,0.0,0,39,0,33.3,7,92.3,36,79.5,31,85.0,10,0,17.9,7,59,50,7.1,8.4,1.64
Semaj Pierre,199107,WR,RICE,11,3.8,4,70.0,0.0,0,1,0,12.5,1,-0.08,1,275,0,56.8,70.4,47.3,66.8,49.6,25.0,13,0,17,1.9,1,52,0,40.0,7,94.2,49,50.0,26,75.8,10,0,25.0,13,37,58,8.3,5.3,0.76
Hunter Andrews,183855,TE,UTAH,4,0.0,1,100.0,100.0,2,2,0,0.0,0,0.37,4,328,0,80.9,74.8,85.1,75.9,83.5,50.0,19,0,14,28.9,11,38,0,54.1,10,71.1,27,23.7,9,93.8,10,0,2.6,1,65,65,6.5,6.5,2.41
Anthony Miller,175984,TE,TULANE,13,8.4,0,50.0,66.7,2,3,0,16.7,1,0.24,5,319,0,49.8,65.7,53.1,56.8,63.6,76.0,95,1,18,44.8,56,125,0,55.0,5,51.2,64,12.8,16,62.5,10,1,8.0,10,60,30,6.0,12.0,0.94
Malik Elzy,175952,WR,ILLINOIS,4,10.4,2,70.0,33.3,1,3,0,0.0,0,0.27,5,187,0,78.5,66.7,69.8,,69.5,0.0,0,0,25,0.0,0,35,0,58.1,7,88.6,31,5.7,2,95.4,10,0,94.3,33,84,24,3.4,12.0,2.71
Jake Appleget,156468,TE,N ILLINOIS,10,8.2,1,70.0,0.0,0,1,0,0.0,0,-0.36,4,254,0,78.5,66.7,50.0,76.8,49.5,54.4,117,0,17,22.8,49,215,1,33.2,7,74.0,159,42.3,91,117.5,10,1,2.3,5,57,25,3.6,8.1,0.36
Landon Morris,144060,TE,CAL,11,11.2,0,60.0,33.3,1,3,0,14.3,1,-0.04,5,130,0,53.4,66.2,54.2,65.3,55.9,44.0,40,0,26,13.2,12,91,0,38.5,6,86.8,79,47.3,43,122.5,10,2,6.6,6,74,16,2.7,12.3,0.94
Lebron Bond,198538,WR,INDIANA,9,13.4,0,50.0,0.0,0,1,0,0.0,0,0.74,3,190,0,76.3,65.7,65.4,,63.8,0.0,0,1,14,0.0,0,32,1,69.0,5,90.6,29,15.6,5,24.6,10,0,84.4,27,49,20,4.0,9.8,1.69
Elyiss Williams,198475,TE,GEORGIA,9,14.7,1,70.0,0.0,0,1,0,12.5,1,0.17,6,173,0,56.4,66.7,78.1,68.4,89.9,72.3,34,0,27,34.0,16,47,0,54.3,7,63.8,30,23.4,11,142.5,10,1,2.1,1,117,50,7.1,16.7,3.9
Jayden Limar,174130,HB,OREGON,7,-0.2,1,100.0,100.0,1,1,0,0.0,0,0.54,2,264,0,81.5,81.4,72.9,68.6,59.4,0.0,0,0,11,18.4,16,87,0,54.8,10,78.2,68,10.3,9,86.7,10,0,16.1,14,48,50,5.0,4.8,0.71
Dante Dowdell,174131,HB,KENTUCKY,12,-1.8,2,70.0,,0,0,0,0.0,0,-0.11,0,202,0,78.5,88.6,72.3,64.6,56.7,0.0,0,1,9,28.4,40,141,0,39.4,7,67.4,95,0.0,0,33.3,10,0,3.5,5,30,48,6.9,4.3,0.32
Luke McLaughlin,143833,WR,BOSTON COL,9,6.6,0,50.0,,0,0,0,16.7,1,0.13,2,121,0,49.8,65.7,60.4,,60.2,0.0,0,0,39,0.0,0,34,0,38.2,5,100.0,34,76.5,26,73.8,10,0,23.5,8,72,31,6.2,14.4,2.12
Holden Staes,156971,TE,INDIANA,12,5.5,1,70.0,,0,0,0,0.0,0,0.76,3,190,0,78.5,66.7,60.5,74.4,60.1,62.1,72,0,18,33.6,39,116,3,64.0,7,62.9,73,24.1,28,125.8,10,2,12.9,15,62,35,5.0,8.9,0.85
Carson Brown,157579,WR,IOWA STATE,11,10.2,0,70.0,50.0,1,2,0,12.5,1,0.47,4,193,0,37.6,66.7,64.0,,63.8,0.0,0,0,31,0.0,0,53,0,59.2,7,92.5,49,20.8,11,95.0,10,0,77.4,41,83,11,1.6,11.9,1.69
Da'Realyst Clark,198624,WR,KENT STATE,10,15.9,0,33.3,0.0,0,1,0,0.0,0,-0.1,2,201,0,73.1,74.5,67.0,,66.3,0.0,0,0,89,0.0,0,53,0,32.7,3,88.7,47,17.0,9,116.9,9,1,81.1,43,108,80,26.7,36.0,2.3
Malachi Coleman,170221,WR,MINNESOTA,8,22.6,0,55.6,33.3,1,3,0,0.0,0,-0.17,2,225,1,76.3,13.7,54.3,,52.6,0.0,0,1,52,0.0,0,88,0,33.7,5,97.7,86,12.5,11,47.2,9,0,87.5,77,83,12,2.4,16.6,0.97
Peyton Lewis,184885,HB,TENNESSEE,10,2.0,0,44.4,,0,0,0,33.3,2,0.3,1,307,0,25.7,85.1,76.0,47.2,42.9,0.0,0,0,15,34.1,29,85,0,52.0,4,61.2,52,1.2,1,58.6,9,0,1.2,1,42,24,6.0,10.5,0.81
Rylan Green,155885,TE,LA MONROE,11,11.1,0,44.4,0.0,0,2,0,0.0,0,-0.03,3,209,0,74.9,66.9,47.0,68.3,67.6,89.1,115,1,23,61.2,79,129,2,38.1,4,35.7,46,5.4,7,59.7,9,1,0.0,0,50,23,5.8,12.5,1.09
Jakolbe Baldwin,143984,WR,MARSHALL,9,15.0,1,44.4,0.0,0,2,0,0.0,0,0.04,1,214,0,74.9,65.0,52.9,60.5,51.8,0.0,0,1,24,1.4,1,70,0,44.6,4,91.4,64,2.9,2,15.3,9,0,95.7,67,34,2,0.5,8.5,0.53
Elijah Canion,123978,WR,LIBERTY,7,13.9,0,44.4,0.0,0,3,0,0.0,0,-0.15,3,206,0,76.3,65.7,70.1,,71.6,0.0,0,0,22,0.0,0,51,0,42.9,4,96.1,49,84.3,43,65.5,9,0,15.7,8,57,36,9.0,14.3,1.16
Bryce Dorsey,193162,WR,MEMPHIS,5,1.3,1,77.8,,0,0,0,22.2,2,0.42,1,218,0,37.6,66.7,61.7,,61.6,5.3,1,0,49,0.0,0,19,0,44.4,7,94.7,18,94.7,18,97.7,9,0,0.0,0,67,87,12.4,9.6,3.72
Agyeman Addae,199393,HB,UCF,5,5.4,1,77.8,,0,0,0,12.5,1,0.03,3,323,0,56.4,74.6,60.1,78.3,61.0,0.0,0,0,20,14.3,5,35,0,45.7,7,82.9,29,2.9,1,136.1,9,1,8.6,3,70,56,8.0,10.0,2.41
Tyler Moore,144546,TE,IOWA STATE,12,6.9,2,77.8,50.0,1,2,1,0.0,0,0.23,5,193,0,79.3,67.1,65.5,73.6,72.0,56.9,66,0,31,31.9,37,116,2,49.5,7,62.9,73,14.7,17,118.8,9,0,12.9,15,118,61,8.7,16.9,1.62
Jaylen McGill,205251,HB,N CAROLINA,7,2.4,3,77.8,,0,0,0,22.2,2,-0.27,2,245,0,41.2,73.7,53.9,72.5,56.0,3.1,1,0,15,3.1,1,32,1,40.0,7,90.6,29,15.6,5,89.4,9,0,40.6,13,49,57,8.1,7.0,1.69
Jaden Bray,127787,WR,W VIRGINIA,2,9.9,0,77.8,66.7,2,3,0,0.0,0,0.04,3,343,0,78.5,66.7,68.9,,68.3,0.0,0,0,45,0.0,0,32,0,53.1,7,100.0,32,3.1,1,110.6,9,0,96.9,31,95,25,3.6,13.6,2.97
Garrett Mmahat,158421,WR,TULANE,5,7.2,1,77.8,100.0,1,1,0,0.0,0,-0.22,6,319,0,78.5,66.7,74.7,,74.2,0.0,0,1,18,0.0,0,40,0,52.6,7,95.0,38,70.0,28,66.4,9,0,30.0,12,85,35,5.0,12.1,2.24
Frank Covey IV,174054,WR,NWESTERN,10,12.0,0,22.2,0.0,0,3,0,60.0,3,-0.55,2,256,0,8.4,63.7,48.8,,46.3,0.0,0,2,11,0.0,0,92,0,40.0,2,91.3,84,10.9,10,0.0,9,0,89.1,82,22,3,1.5,11.0,0.26
Jordyn Bailey,173127,WR,TCU,4,9.3,1,44.4,0.0,0,1,0,0.0,0,0.2,0,305,1,74.9,20.2,46.2,,46.2,0.0,0,1,8,0.0,0,36,0,42.9,4,97.2,35,75.0,27,12.0,9,0,25.0,9,20,28,7.0,5.0,0.57
Jyron Waiters,184628,WR,E CAROLINA,5,6.1,0,44.4,0.0,0,1,0,42.9,3,0.37,2,156,0,16.7,65.0,47.6,,48.6,0.0,0,0,17,0.0,0,54,1,60.4,4,88.9,48,48.1,26,61.3,9,0,51.9,28,48,20,5.0,12.0,1.0
Dalton Carnes,173042,WR,N TEXAS,6,10.0,2,77.8,,0,0,0,0.0,0,0.27,3,251,1,79.3,19.0,68.1,,67.4,0.0,0,1,21,0.0,0,28,0,59.3,7,96.4,27,89.3,25,64.1,9,0,7.1,2,80,30,4.3,11.4,2.96
Jaquise Martin,199725,WR,HOUSTON,9,15.1,0,55.6,33.3,1,3,0,0.0,0,0.0,3,182,0,76.3,67.3,60.6,,59.2,0.0,0,1,26,0.0,0,56,0,45.1,5,91.1,51,5.4,3,40.7,9,0,94.6,53,69,33,6.6,13.8,1.35
Harlem Berry,199769,HB,LSU,11,-2.9,2,88.9,,0,0,0,11.1,1,-0.23,1,211,0,61.0,60.0,68.4,43.1,52.3,0.0,0,0,13,16.8,18,107,2,36.7,8,76.6,82,14.0,15,81.5,9,0,2.8,3,32,59,7.4,4.0,0.39
Dallas Elliott,158760,WR,UMASS,9,15.4,0,33.3,0.0,0,1,0,40.0,2,-0.3,1,216,0,25.7,65.0,51.7,61.9,51.3,0.0,0,0,14,1.4,1,69,0,31.3,3,91.3,63,40.6,28,44.7,9,0,58.0,40,32,1,0.3,10.7,0.51
Radarious Jackson,199974,WR,TENNESSEE,7,11.8,2,77.8,100.0,1,1,0,0.0,0,0.17,5,307,0,78.5,66.7,77.3,,77.1,0.0,0,1,19,0.0,0,32,0,58.1,7,96.9,31,0.0,0,60.4,9,0,100.0,32,72,21,3.0,10.3,2.32
Tyler Little,172200,TE,ARK STATE,4,10.0,0,66.7,100.0,2,2,0,0.0,0,0.14,4,113,0,77.5,66.2,63.3,73.0,61.9,73.8,45,0,28,23.0,14,61,0,57.6,6,75.4,46,19.7,12,127.5,9,1,6.6,4,71,23,3.8,11.8,1.54
Trent Howland,144833,HB,OKLA STATE,10,-0.9,4,66.7,,0,0,0,0.0,0,-0.33,1,262,0,77.5,29.2,64.9,57.5,56.6,0.9,1,0,11,33.0,35,106,1,38.0,6,62.3,66,8.5,9,74.8,9,0,3.8,4,37,39,6.5,6.2,0.56
Justius Lowe,157248,WR,OREGON,8,8.1,1,66.7,,0,0,0,14.3,1,0.11,3,264,0,56.8,66.7,57.3,,57.9,0.0,0,1,14,0.0,0,65,0,50.0,6,95.4,62,24.6,16,44.0,9,0,75.4,49,56,27,4.5,9.3,0.9
Cornell Hatcher Jr.,191215,HB,OREGON ST,12,-2.6,1,55.6,,0,0,0,28.6,2,0.1,1,265,0,29.1,39.2,63.3,40.5,43.0,0.0,0,0,15,31.2,24,77,0,41.7,5,67.5,52,7.8,6,97.9,9,1,1.3,1,17,26,5.2,3.4,0.33
Daniel Hishaw Jr.,122562,HB,KANSAS,10,2.3,1,66.7,,0,0,0,14.3,1,0.06,1,198,0,53.4,89.3,74.8,41.0,44.1,1.8,4,0,16,25.3,55,217,2,46.7,6,73.3,159,6.0,13,72.9,9,0,7.8,17,33,37,6.2,5.5,0.21
Gavin Garcia,156916,HB,KENT STATE,12,0.4,0,44.4,,0,0,0,0.0,0,-0.04,1,201,0,74.9,79.7,77.1,46.8,55.6,0.0,0,2,38,25.0,36,144,1,37.4,4,73.6,106,0.0,0,17.1,9,0,2.8,4,38,57,14.3,9.5,0.36
Nate Burleson II,175718,WR,NEVADA,11,20.9,0,33.3,0.0,0,2,0,0.0,0,-0.19,2,239,0,73.1,64.1,55.3,,53.4,0.0,0,1,45,0.0,0,105,0,43.1,3,97.1,102,18.1,19,17.1,9,0,81.9,86,58,6,2.0,19.3,0.57
Thai Chiaokhiao-Bowman,157755,WR,UCONN,4,10.1,1,66.7,100.0,3,3,0,0.0,0,0.43,2,146,0,77.5,68.5,57.5,67.7,56.8,0.0,0,0,22,1.9,1,53,0,51.9,6,96.2,51,54.7,29,83.1,9,0,43.4,23,55,18,3.0,9.2,1.08
Zach Courtney,157704,TE,COAST CAR,8,9.6,0,55.6,0.0,0,1,0,0.0,0,0.02,3,141,1,76.3,13.7,51.7,69.9,49.8,49.6,60,0,23,21.5,26,121,1,43.0,5,73.6,89,48.8,59,77.5,9,0,1.7,2,63,35,7.0,12.6,0.71
Zach Ortwerth,128793,TE,IOWA,12,1.7,0,88.9,,0,0,0,11.1,1,0.16,4,192,0,58.9,67.1,42.5,59.6,55.3,66.7,74,0,24,29.7,33,111,2,48.6,8,67.6,75,26.1,29,98.6,9,0,4.5,5,69,61,7.6,8.6,0.92
Jaylen Hampton,188746,WR,CHARLOTTE,7,13.3,0,33.3,0.0,0,2,0,25.0,1,0.03,2,136,0,39.5,64.1,55.4,,55.0,0.0,0,1,11,0.0,0,29,1,46.4,3,96.6,28,3.4,1,2.8,9,0,96.6,28,27,12,4.0,9.0,0.96
Chubba Purdy,122412,QB,NEVADA,12,-2.1,1,100.0,,0,0,0,0.0,0,-0.3,5,239,1,80.9,62.6,61.6,,72.5,0.0,0,0,13,0.0,0,158,0,37.8,9,22.2,35,9.5,15,131.0,9,1,12.7,20,59,78,8.7,6.6,1.69
Brandon Phelps,183731,WR,ARIZONA,5,10.8,0,66.7,100.0,1,1,0,14.3,1,-0.15,2,109,0,53.4,66.2,55.7,,55.1,0.0,0,1,42,0.0,0,54,0,38.8,6,90.7,49,13.0,7,93.1,9,1,87.0,47,82,11,1.8,13.7,1.67
John Rogers,183291,TE,VIRGINIA,9,7.8,2,77.8,50.0,1,2,0,0.0,0,0.02,5,335,0,78.5,67.4,49.7,21.9,63.7,48.8,40,0,26,13.4,11,82,2,45.7,7,85.4,70,43.9,36,145.8,9,1,2.4,2,91,47,6.7,13.0,1.3
Sacovie White-Helton,184583,WR,GEORGIA,9,3.3,1,66.7,0.0,0,1,0,25.0,2,-0.4,2,173,0,33.4,75.9,56.7,,57.8,0.0,0,0,17,0.0,0,48,0,38.6,6,91.7,44,89.6,43,79.9,9,0,10.4,5,48,45,7.5,8.0,1.09
Shamarius Peterkin,205507,WR,VA TECH,7,22.0,0,22.2,0.0,0,2,0,33.3,1,-0.09,1,337,0,31.6,62.9,54.1,,54.5,0.0,0,0,57,0.0,0,66,1,28.6,2,95.5,63,0.0,0,92.8,9,1,100.0,66,62,53,26.5,31.0,0.98
Dillon Newton-Short,200284,WR,VIRGINIA,10,15.6,0,33.3,50.0,2,4,0,0.0,0,-0.51,3,335,0,73.1,64.1,60.7,,62.1,0.0,0,1,16,0.0,0,51,0,36.0,3,98.0,50,7.8,4,8.3,9,0,92.2,47,39,2,0.7,13.0,0.78
Jaylen Poe,171324,HB,N ILLINOIS,4,0.2,0,77.8,100.0,1,1,0,22.2,2,-0.38,2,254,0,37.6,72.6,62.4,12.3,60.6,0.0,0,0,9,9.5,2,21,0,25.0,7,90.5,19,33.3,7,82.4,9,0,4.8,1,34,37,5.3,4.9,1.79
Justin Ruffin Jr.,198249,WR,C MICHIGAN,7,6.9,0,77.8,66.7,2,3,0,0.0,0,0.28,3,134,0,78.5,71.2,63.1,,64.3,0.0,0,0,21,0.0,0,41,0,38.5,7,95.1,39,95.1,39,95.8,9,0,4.9,2,63,11,1.6,9.0,1.62
Elisha Durham,198166,WR,BALL ST,7,21.6,0,44.4,33.3,1,3,0,0.0,0,-0.61,2,117,0,74.9,65.0,60.5,,59.9,0.0,0,0,12,0.0,0,28,0,22.2,4,96.4,27,14.3,4,54.9,9,0,85.7,24,34,3,0.8,8.5,1.26
KK Smith,171099,WR,NOTRE DAME,10,17.2,2,88.9,50.0,1,2,0,0.0,0,0.25,5,258,0,79.3,67.1,73.3,,73.4,0.0,0,0,34,0.0,0,54,0,52.0,8,92.6,50,7.4,4,158.3,9,2,92.6,50,123,21,2.6,15.4,2.46
Leon Haughton Jr.,162793,TE,MARYLAND,7,9.9,0,44.4,100.0,1,1,0,33.3,2,-0.08,2,215,0,25.7,65.0,48.1,30.0,48.3,56.0,42,0,21,10.7,8,75,0,39.2,4,89.3,67,24.0,18,96.1,9,1,17.3,13,43,5,1.3,10.8,0.64
Josh Ford,183909,TE,OKLA STATE,4,7.4,0,33.3,25.0,1,4,0,40.0,2,0.01,3,262,0,21.7,64.1,54.7,67.2,47.9,49.0,47,0,26,31.3,30,96,2,38.2,3,64.6,62,47.9,46,87.7,9,1,1.0,1,45,8,2.7,15.0,0.73
Jackson West,143900,TE,W KENTUCKY,8,8.1,0,77.8,100.0,1,1,0,0.0,0,-0.04,3,346,0,78.5,67.4,68.7,76.8,59.8,57.6,57,0,17,26.3,26,99,4,47.9,7,71.7,71,35.4,35,135.2,9,1,4.0,4,68,24,3.4,9.7,0.96
Jackson Harper,171048,WR,UCONN,9,0.6,3,88.9,,0,0,0,0.0,0,0.34,2,146,0,79.3,84.0,63.3,,61.6,0.0,0,0,19,0.0,0,42,0,52.4,8,100.0,42,76.2,32,127.3,9,1,23.8,10,51,58,7.3,6.4,1.21
Ca'Lil Valentine,183515,HB,ILLINOIS,12,-2.0,2,77.8,,0,0,0,22.2,2,0.18,2,187,0,41.2,65.7,66.7,47.7,45.9,0.0,0,0,12,22.1,19,86,1,49.4,7,72.1,62,5.8,5,79.2,9,0,4.7,4,27,50,7.1,3.9,0.44
Terrance Shelton Jr.,188159,HB,BUFFALO,9,-1.3,2,88.9,,0,0,0,0.0,0,-0.06,3,126,0,79.3,84.1,64.5,68.0,59.3,1.9,3,0,11,36.8,57,155,0,41.6,8,61.9,96,1.9,3,86.1,9,0,0.0,0,42,52,6.5,5.3,0.44
CJ Donaldson,157372,HB,OHIO STATE,11,2.3,0,88.9,100.0,1,1,0,0.0,0,0.61,3,260,0,79.3,71.3,71.5,60.3,60.6,0.0,0,0,14,23.7,27,114,0,61.3,8,72.8,83,8.8,10,129.6,9,1,4.4,5,56,38,4.8,7.0,0.67
Cade Conley,145709,TE,W MICHIGAN,11,8.2,0,88.9,100.0,1,1,0,0.0,0,-0.37,5,347,1,79.3,19.0,60.2,43.0,61.2,50.0,43,1,15,14.0,12,86,0,34.1,8,81.4,70,43.0,37,89.6,9,1,4.7,4,55,8,1.0,6.9,0.79
Dylan Burk,204289,TE,SM HOUSTON,12,8.9,1,66.7,66.7,2,3,0,14.3,1,-0.39,4,281,0,53.4,66.2,45.5,64.2,53.6,47.0,62,0,15,26.5,35,132,2,33.9,6,65.9,87,52.3,69,83.1,9,0,0.0,0,55,31,5.2,9.2,0.63
Rodney Bullard Jr.,187890,WR,MICH STATE,12,16.1,0,55.6,66.7,2,3,0,0.0,0,0.14,3,223,0,76.3,68.1,65.9,,63.8,1.3,1,0,71,0.0,0,75,0,44.6,5,98.7,74,65.3,49,137.5,9,1,33.3,25,119,55,11.0,23.8,1.61
Braylen Walker,163008,WR,RICE,3,15.8,0,66.7,0.0,0,1,0,14.3,1,-0.67,3,275,0,53.4,66.2,63.6,,63.4,0.0,0,0,14,0.0,0,29,1,33.3,6,93.1,27,0.0,0,80.3,9,0,100.0,29,49,13,2.2,8.2,1.81
Darrion Dupree,183656,HB,WISCONSIN,10,2.3,0,77.8,,0,0,0,0.0,0,-0.36,3,349,0,78.5,69.8,61.2,40.8,58.6,0.0,0,0,12,22.7,30,132,0,41.7,7,75.0,99,6.8,9,79.6,9,0,2.3,3,28,33,4.7,4.0,0.28
Trae Swartz,184377,TE,TROY,12,7.9,0,44.4,0.0,0,2,0,20.0,1,-0.01,3,318,0,45.4,65.0,52.7,61.6,50.0,90.4,123,0,31,39.0,53,136,0,43.9,4,60.3,82,8.1,11,99.8,9,1,0.7,1,51,15,3.8,12.8,0.62
Grant Stec,183669,TE,WISCONSIN,12,11.7,0,55.6,,0,0,0,0.0,0,0.0,3,349,0,76.3,65.7,62.7,55.0,70.8,79.1,72,0,22,40.7,37,91,1,48.3,5,57.1,52,9.9,9,72.5,9,0,5.5,5,52,15,3.0,10.4,1.0
Hykeem Williams,170360,WR,COLORADO,6,2.7,0,100.0,100.0,1,1,0,0.0,0,0.05,4,143,0,80.1,67.5,59.8,,59.2,0.0,0,0,12,0.0,0,95,0,39.8,9,97.9,93,14.7,14,104.2,9,0,85.3,81,81,57,6.3,9.0,0.87
Winn Sharp,191017,WR,BOWL GREEN,9,9.4,0,55.6,0.0,0,1,0,0.0,0,0.15,2,122,0,76.3,65.7,54.7,,55.5,0.0,0,1,20,0.0,0,46,1,50.0,5,95.7,44,4.3,2,30.1,9,0,95.7,44,46,23,4.6,9.2,1.05
Landon Strother,197048,WR,LA LAFAYET,11,5.4,0,77.8,100.0,1,1,1,0.0,0,0.09,4,207,0,79.3,68.7,57.4,,58.0,0.0,0,0,14,0.0,0,76,1,49.3,7,86.8,66,38.2,29,94.4,9,0,61.8,47,60,28,4.0,8.6,0.91
Semaj Demps,175550,WR,FIU,4,7.6,0,66.7,,0,0,0,14.3,1,0.13,2,166,0,53.4,66.2,61.2,,60.9,0.0,0,0,26,0.0,0,41,0,48.7,6,95.1,39,75.6,31,82.2,9,0,22.0,9,53,26,4.3,8.8,1.36
DJ Taylor,198842,HB,MIDDLE TN,6,-0.4,2,77.8,,0,0,0,12.5,1,0.07,4,224,0,37.6,28.5,68.9,74.4,58.7,0.0,0,0,19,5.5,3,55,0,49.1,7,90.9,50,12.7,7,128.7,9,1,5.5,3,54,64,9.1,7.7,1.08
Landon Ransom-Goelz,126402,WR,RICE,6,9.7,2,66.7,0.0,0,1,0,0.0,0,0.04,4,275,0,77.5,70.8,60.7,71.0,60.9,13.0,9,0,34,5.8,4,69,0,48.5,6,91.3,63,21.7,15,123.8,9,1,62.3,43,63,42,7.0,10.5,1.0
Jayden Dixon-Veal,71698,WR,CAL,9,11.2,1,44.4,100.0,1,1,0,0.0,0,-0.3,3,130,0,74.9,66.0,60.7,,59.3,0.0,0,1,24,0.0,0,67,1,43.8,4,95.5,64,23.9,16,58.3,9,1,76.1,51,47,5,1.3,11.8,0.73
Aidan Laughery,158212,HB,ILLINOIS,8,-0.8,1,100.0,,0,0,0,0.0,0,0.34,1,187,0,80.9,83.7,70.2,23.5,64.9,0.0,0,0,17,31.8,27,85,0,57.0,9,62.4,53,2.4,2,91.7,9,0,1.2,1,54,61,6.8,6.0,1.02
Josh Ringer,184085,HB,MIAMI OH,9,4.0,0,55.6,,0,0,0,16.7,1,-0.09,2,221,0,50.3,77.0,63.2,82.8,52.4,2.6,3,1,11,60.7,71,117,0,36.8,5,39.3,46,1.7,2,58.3,9,1,2.6,3,21,21,4.2,4.2,0.46
Chavon Wright,205258,HB,N ILLINOIS,12,-0.8,4,88.9,,0,0,0,0.0,0,-0.32,0,254,0,79.3,84.3,84.6,82.2,54.5,0.0,0,0,5,34.9,58,166,0,32.9,8,60.8,101,3.6,6,79.2,9,0,0.6,1,16,22,2.8,2.0,0.16
Ryan Niblett,176181,WR,TEXAS,10,-2.9,2,88.9,0.0,0,1,0,0.0,0,-0.29,3,311,0,80.1,85.2,63.8,67.8,67.0,0.0,0,0,39,2.7,1,37,0,31.4,8,91.9,34,64.9,24,94.4,9,0,24.3,9,60,97,12.1,7.5,1.76
Nathan Leacock,174732,WR,N CAROLINA,9,9.6,1,55.6,0.0,0,1,1,16.7,1,-0.06,2,245,1,49.8,15.6,44.6,,48.4,0.0,0,0,18,0.0,0,78,3,46.5,5,91.0,71,10.3,8,70.1,9,0,89.7,70,47,32,6.4,9.4,0.66
Xavier Brown,156371,HB,VIRGINIA,7,4.7,0,55.6,,0,0,0,16.7,1,0.3,2,335,0,49.8,82.4,72.9,26.9,55.3,0.0,0,0,15,11.9,7,59,0,50.9,5,84.7,50,3.4,2,102.1,9,1,6.8,4,36,21,4.2,7.2,0.72
Deakon Tonielli,176224,TE,MICHIGAN,7,7.2,0,66.7,66.7,2,3,0,14.3,1,0.08,2,222,0,53.8,66.2,57.7,64.5,56.8,30.6,19,1,28,1.6,1,62,0,48.3,6,91.9,57,53.2,33,42.1,9,0,14.5,9,52,19,3.2,8.7,0.91
Luke Hutchison,175242,WR,NAVY,8,19.9,0,44.4,50.0,1,2,0,0.0,0,0.13,3,237,0,74.9,65.3,71.3,,66.2,0.0,0,0,63,0.0,0,45,2,46.5,4,93.3,42,4.4,2,126.9,9,2,95.6,43,104,37,9.3,26.0,2.48
Oran Singleton Jr.,145589,WR,W VIRGINIA,4,10.3,0,50.0,,0,0,0,20.0,1,-0.14,0,343,0,45.4,19.2,47.0,,49.7,0.0,0,1,9,0.0,0,48,0,39.1,4,95.8,46,100.0,48,16.7,8,0,0.0,0,22,19,4.8,5.5,0.48
Michael Phoenix II,183990,WR,SM HOUSTON,5,8.4,2,50.0,0.0,0,2,0,0.0,0,-0.03,3,281,0,76.3,65.7,60.0,,60.7,0.0,0,0,12,0.0,0,74,0,44.3,4,94.6,70,0.0,0,64.6,8,0,100.0,74,40,12,3.0,10.0,0.57
TJ Engleman Jr.,184620,HB,E CAROLINA,7,-2.3,2,87.5,,0,0,0,0.0,0,-0.13,2,156,0,78.5,61.5,81.3,83.0,68.1,0.0,0,1,20,37.0,20,54,0,44.2,7,61.1,33,3.7,2,46.4,8,0,1.9,1,37,60,8.6,5.3,1.12
Scott Moore,204827,TE,DELAWARE,8,8.3,0,75.0,50.0,1,2,0,14.3,1,0.18,2,151,0,53.4,66.2,42.7,73.7,46.9,41.3,43,0,20,12.5,13,104,2,50.5,6,81.7,85,49.0,51,128.1,8,1,5.8,6,46,15,2.5,7.7,0.54
Duncan Brune,184113,HB,OHIO,12,3.6,1,62.5,,0,0,0,0.0,0,0.41,3,259,1,76.3,62.2,65.2,57.4,46.9,0.0,0,1,32,20.5,23,112,0,53.7,5,76.8,86,0.9,1,44.3,8,0,0.9,1,57,30,6.0,11.4,0.66
Gabe Daniels,204316,WR,SYRACUSE,6,20.6,0,25.0,25.0,1,4,1,0.0,0,0.04,2,304,0,70.7,62.9,57.6,,60.7,0.0,0,2,17,0.0,0,47,1,51.1,2,95.7,45,6.4,3,42.2,8,1,93.6,44,29,0,0.0,14.5,0.64
Trequan Jones,204200,HB,DOMINION,12,1.9,0,75.0,,0,0,0,14.3,1,0.2,1,263,0,53.4,58.1,85.5,70.3,58.4,0.0,0,0,7,55.4,56,101,0,46.4,6,43.6,44,5.0,5,77.1,8,0,0.0,0,20,22,3.7,3.3,0.45
CJ Stokes,162827,HB,CHARLOTTE,5,-1.6,0,62.5,,0,0,0,28.6,2,-0.07,1,136,0,29.1,24.9,51.8,58.5,41.3,0.0,0,0,11,31.4,22,70,0,32.8,5,61.4,43,1.4,1,73.4,8,0,1.4,1,37,44,8.8,7.4,0.86
Jaden Greathouse,171085,WR,NOTRE DAME,4,12.6,0,50.0,50.0,1,2,0,0.0,0,0.22,3,258,0,74.9,65.0,57.8,,61.6,0.0,0,0,34,0.0,0,65,1,49.2,4,93.8,61,84.6,55,81.8,8,0,15.4,10,73,13,3.3,18.3,1.2
Doopah Coleman,200291,WR,APP STATE,5,9.0,0,25.0,0.0,0,3,0,50.0,2,-0.62,0,108,0,17.0,62.9,44.4,,44.4,0.0,0,0,5,0.0,0,36,0,26.5,2,94.4,34,86.1,31,39.6,8,0,13.9,5,3,4,2.0,1.5,0.09
Devin Miles,200045,HB,W MICHIGAN,10,-4.5,1,50.0,,0,0,0,33.3,2,0.03,1,347,0,26.0,71.8,69.8,86.3,40.8,0.0,0,0,15,41.0,34,83,0,44.3,4,54.2,45,2.4,2,56.3,8,0,6.0,5,21,40,10.0,5.3,0.47
Hunter Hopperton,161377,TE,KENT STATE,12,2.6,0,62.5,,0,0,0,0.0,0,0.23,2,201,0,76.3,65.7,59.5,54.0,60.2,93.8,150,0,14,58.1,93,160,3,45.4,5,39.4,63,2.5,4,74.0,8,0,3.1,5,38,25,5.0,7.6,0.6
Jamarion Morrow,199997,HB,TEXAS A&M,11,3.3,1,75.0,,0,0,0,0.0,0,0.0,3,312,0,77.5,58.4,69.4,53.6,67.1,0.0,0,0,24,18.9,14,74,0,43.5,6,75.7,56,16.2,12,145.8,8,2,2.7,2,80,50,8.3,13.3,1.43
Jackson Worley,172372,TE,TROY,12,4.4,0,62.5,50.0,1,2,1,16.7,1,0.08,4,318,1,49.8,14.1,46.7,49.0,47.2,73.1,98,0,13,42.5,57,134,3,45.0,5,56.0,75,22.4,30,119.3,8,1,0.0,0,49,24,4.8,9.8,0.65
Quinton Stewart,122993,TE,OKLA STATE,7,1.8,0,50.0,0.0,0,2,2,0.0,0,-0.11,2,262,0,74.9,66.5,53.6,62.8,55.6,65.7,88,0,30,45.5,61,134,4,37.0,4,50.7,68,27.6,37,76.0,8,0,0.0,0,62,60,15.0,15.5,0.91
Ethan Ervin,199664,HB,FAU,4,-0.4,1,62.5,,0,0,0,16.7,1,0.11,1,165,0,50.3,72.4,66.8,44.4,61.3,3.0,1,0,19,21.2,7,33,0,41.9,5,75.8,25,3.0,1,66.7,8,0,0.0,0,23,30,6.0,4.6,0.92
Quinton Brown,199606,WR,BOISE ST,12,18.3,0,62.5,50.0,1,2,0,0.0,0,0.23,3,120,0,76.3,67.0,71.2,,73.2,0.0,0,0,66,0.0,0,42,1,51.4,5,88.1,37,90.5,38,145.8,8,2,9.5,4,117,46,9.2,23.4,3.16
Sidney Mbanasor,158496,WR,DOMINION,8,12.4,0,75.0,50.0,1,2,0,0.0,0,0.17,4,263,0,77.5,66.2,61.2,,60.1,0.0,0,0,18,0.0,0,65,0,40.0,6,92.3,60,3.1,2,100.0,8,0,96.9,63,68,19,3.2,11.3,1.13
Darius Johnson,199224,WR,SYRACUSE,4,7.6,0,75.0,50.0,1,2,0,14.3,1,-0.87,2,304,0,53.8,66.2,64.1,,65.4,0.0,0,1,25,0.0,0,62,0,26.3,6,91.9,57,91.9,57,50.0,8,0,8.1,5,48,7,1.2,8.0,0.84
Jaiven Plummer,158326,WR,CAL,11,24.5,0,25.0,25.0,1,4,0,0.0,0,0.02,2,130,0,70.7,62.9,54.9,,58.4,0.0,0,1,51,0.0,0,57,2,45.5,2,96.5,55,14.0,8,71.9,8,1,86.0,49,86,7,3.5,43.0,1.56
Jimmy Calloway,124274,WR,TULANE,13,21.9,0,37.5,33.3,1,3,0,25.0,1,0.14,2,319,0,39.5,68.7,54.9,,52.2,0.0,0,1,41,0.0,0,81,1,49.3,3,87.7,71,18.5,15,20.8,8,0,80.2,65,52,4,1.3,17.3,0.73
Jake Tarwater,173520,TE,FRESNO ST,12,5.4,2,62.5,100.0,1,1,1,16.7,1,-0.14,5,169,0,49.8,67.0,64.8,59.7,52.1,77.2,88,0,14,14.9,17,114,3,46.3,5,80.7,92,16.7,19,81.3,8,0,6.1,7,52,38,7.6,10.4,0.57
Christian Berry,165211,TE,KENT STATE,12,7.1,2,75.0,0.0,0,1,0,0.0,0,-0.14,6,201,0,77.5,69.2,69.4,62.0,78.8,79.5,62,0,21,25.6,20,78,3,37.0,6,70.5,55,19.2,15,113.0,8,0,1.3,1,93,54,9.0,15.5,1.69
Cole Boscia,157703,WR,CAL,5,8.4,2,75.0,50.0,2,4,0,0.0,0,0.29,4,130,0,77.5,66.2,64.5,63.7,69.3,3.8,2,0,23,1.9,1,53,0,57.1,6,90.6,48,73.6,39,142.2,8,1,20.8,11,73,27,4.5,12.2,1.52
Charlie Coenen,157678,WR,WYOMING,11,14.5,1,62.5,0.0,0,2,0,0.0,0,0.14,3,351,0,76.3,81.0,66.7,,65.8,0.0,0,0,45,0.0,0,54,1,56.3,5,88.9,48,13.0,7,145.3,8,1,87.0,47,99,49,9.8,19.8,2.06
Censere Lee,166543,WR,PITTSBURGH,3,13.1,0,50.0,100.0,2,2,0,33.3,2,-0.05,2,268,0,25.7,65.0,57.7,62.1,57.2,0.0,0,0,31,2.0,1,49,0,40.5,4,83.7,41,16.3,8,85.4,8,0,83.7,41,80,21,5.3,20.0,1.95
Jevon Edwards,198291,HB,COAST CAR,12,-1.0,2,75.0,100.0,1,1,0,25.0,2,-0.47,0,141,0,33.4,63.7,60.9,42.5,41.1,0.0,0,0,5,32.5,26,80,1,28.8,6,65.0,52,3.8,3,77.1,8,0,1.3,1,15,21,3.5,2.5,0.29
Isaiah Mizell,198107,WR,ARIZONA,10,9.1,2,50.0,66.7,2,3,0,0.0,0,-0.41,0,109,0,74.9,65.0,51.3,,53.1,0.0,0,0,19,0.0,0,86,2,41.6,4,89.5,77,11.6,10,64.1,8,0,88.4,76,39,8,2.0,9.8,0.51
Abu Sama III,174686,HB,IOWA STATE,12,6.0,0,62.5,,0,0,0,28.6,2,-0.04,0,193,0,29.3,79.1,80.0,40.3,41.1,0.0,0,0,5,22.2,28,126,0,43.6,5,71.4,90,5.6,7,66.7,8,0,10.3,13,19,21,4.2,3.8,0.21
Grayson Brousseau,191362,TE,OKLA STATE,8,1.8,1,87.5,50.0,1,2,1,0.0,0,-0.3,1,262,0,78.5,66.7,52.4,58.9,50.0,61.8,76,0,25,32.5,40,123,2,40.2,7,66.7,82,26.8,33,90.1,8,0,4.1,5,45,37,5.3,6.4,0.55
Lukas Ungar,131785,TE,NEW MEX ST,8,9.1,0,37.5,33.3,1,3,0,0.0,0,-0.67,1,242,0,73.1,64.1,55.4,62.7,54.7,64.1,50,1,5,43.6,34,78,0,28.8,3,51.3,40,17.9,14,6.3,8,0,1.3,1,14,0,0.0,4.7,0.35
Mar'Kel Porter,191014,HB,BOWL GREEN,12,-2.6,4,87.5,,0,0,0,12.5,1,-0.22,5,122,0,56.4,79.6,62.1,26.4,67.8,0.0,0,0,22,36.0,31,86,0,38.3,7,61.6,53,4.7,4,103.1,8,0,0.0,0,70,90,12.9,10.0,1.32
Michael Pettway,142023,WR,JVILLE ST,7,6.6,1,62.5,,0,0,0,0.0,0,-0.11,3,196,0,76.3,77.5,60.0,,58.1,0.0,0,0,18,0.0,0,66,0,35.4,5,98.5,65,31.8,21,77.1,8,0,68.2,45,44,37,7.4,8.8,0.68
Lonnie Adkism,175610,WR,SM HOUSTON,4,7.4,0,37.5,33.3,1,3,0,25.0,1,-0.24,2,281,0,45.4,66.0,58.5,,60.3,0.0,0,0,13,0.0,0,34,1,27.3,3,97.1,33,0.0,0,85.9,8,1,100.0,34,25,23,7.7,8.3,0.76
Caleb Hood,143964,HB,N CAROLINA,4,4.1,1,75.0,0.0,0,1,0,0.0,0,-0.49,2,245,0,77.5,75.6,61.8,82.4,67.6,1.9,1,1,15,16.7,9,54,0,39.2,6,81.5,44,1.9,1,40.1,8,0,11.1,6,29,32,5.3,4.8,0.66
DJay Braswell,175920,HB,GA STATE,8,-3.0,4,87.5,100.0,1,1,0,0.0,0,-0.5,0,175,0,78.5,78.9,65.5,29.3,59.6,0.0,0,0,15,23.0,14,61,1,24.6,7,75.4,46,4.9,3,79.2,8,0,1.6,1,17,36,5.1,2.4,0.37
Duke Watson,190596,HB,LOUISVILLE,7,3.5,1,75.0,100.0,1,1,0,0.0,0,0.44,1,210,0,78.5,36.8,64.5,31.2,62.1,0.0,0,0,30,24.7,19,77,0,50.0,6,71.4,55,3.9,3,129.7,8,1,3.9,3,49,28,4.7,8.2,0.89
Jude James,190220,TE,MISSOURI,8,5.1,0,75.0,50.0,1,2,0,0.0,0,0.0,4,229,0,77.5,66.2,73.8,74.2,74.6,58.5,31,0,40,13.2,7,53,0,40.0,6,81.1,43,34.0,18,146.4,8,2,7.5,4,81,46,7.7,13.5,1.88
Ty Stamey,176363,TE,TEXAS ST,10,7.4,0,62.5,0.0,0,1,0,0.0,0,0.06,1,314,1,76.3,66.6,56.2,65.7,49.0,48.7,56,0,13,21.7,25,115,0,46.8,5,73.9,85,34.8,40,72.9,8,0,15.7,18,36,11,2.2,7.2,0.42
Maurki James,190066,HB,DOMINION,9,1.3,1,75.0,,0,0,0,0.0,0,0.08,1,263,1,77.5,46.6,69.7,81.6,47.8,1.2,1,0,17,52.9,45,85,0,50.6,6,45.9,39,3.5,3,84.9,8,0,1.2,1,39,37,6.2,6.5,1.0
Eli Sanders,144541,HB,USC,6,-3.1,2,100.0,,0,0,0,0.0,0,0.49,4,326,0,79.3,82.0,68.9,57.8,65.4,0.0,0,0,73,16.7,12,72,0,52.9,8,79.2,57,2.8,2,158.3,8,1,22.2,16,126,151,18.9,15.8,2.21
Kyson Brown,176525,HB,ARIZONA ST,4,-0.8,3,100.0,,0,0,0,0.0,0,0.25,4,110,0,79.3,76.6,74.4,31.7,84.3,0.0,0,0,22,10.0,4,40,0,54.1,8,82.5,33,7.5,3,104.2,8,0,12.5,5,72,78,9.8,9.0,2.18
Brandon Rehmann,189939,WR,DELAWARE,4,16.6,0,37.5,100.0,1,1,1,25.0,1,0.1,2,151,0,39.5,20.4,53.1,,55.9,0.0,0,0,17,0.0,0,32,1,37.9,3,90.6,29,0.0,0,49.5,8,0,100.0,32,31,6,2.0,10.3,1.07
Justin Cayenne,148960,TE,FIU,8,6.0,0,87.5,,0,0,0,0.0,0,-0.03,2,166,0,56.4,66.7,68.1,74.7,50.3,67.2,92,0,15,35.0,48,137,0,47.4,7,63.5,87,21.2,29,98.4,8,0,10.2,14,61,18,2.6,8.7,0.7
Bryson Rodgers,170265,WR,OHIO STATE,6,14.3,0,75.0,0.0,0,1,0,0.0,0,0.38,6,260,0,77.5,68.1,62.6,,60.9,0.0,0,0,21,0.0,0,75,0,56.3,6,94.7,71,21.3,16,145.3,8,1,78.7,59,79,12,2.0,13.2,1.11
Brennan Ridley,189014,WR,BOWL GREEN,11,5.9,0,50.0,0.0,0,1,0,0.0,0,-0.15,2,122,0,74.9,49.7,58.7,,58.9,0.0,0,0,87,0.0,0,54,0,28.8,4,96.3,52,25.9,14,135.4,8,1,74.1,40,110,105,26.3,27.5,2.12
Jelani Thurman,170274,TE,OHIO STATE,9,6.6,1,87.5,100.0,1,1,0,0.0,0,0.58,5,260,0,78.5,66.7,84.2,74.1,86.7,82.9,29,0,26,28.6,10,35,0,66.7,7,65.7,23,14.3,5,150.0,8,1,0.0,0,84,39,5.6,12.0,3.65
Angel Johnson,148226,HB,WASH STATE,12,0.3,2,75.0,100.0,1,1,0,14.3,1,-0.25,1,341,0,53.8,66.7,65.9,33.1,54.7,0.0,0,0,31,24.5,25,102,0,30.4,6,65.7,67,4.9,5,90.1,8,0,2.9,3,49,44,7.3,8.2,0.73
Juwaun Price,97204,HB,UMASS,11,1.8,1,62.5,0.0,0,1,0,28.6,2,-0.14,1,216,0,29.3,79.1,57.2,37.3,41.8,0.0,0,0,10,34.9,30,86,0,31.7,5,62.8,54,0.0,0,66.7,8,0,3.5,3,23,14,2.8,4.6,0.43
Ryan Ward,183343,TE,W VIRGINIA,12,6.3,1,75.0,100.0,1,1,0,14.3,1,-0.34,4,343,0,53.8,67.0,57.5,62.4,64.0,70.6,48,0,16,42.6,29,68,1,32.8,6,55.9,38,25.0,17,125.5,8,1,0.0,0,41,16,2.7,6.8,1.08
Marcus Torres,188326,WR,UTEP,7,6.0,1,50.0,,0,0,0,0.0,0,-0.43,1,330,0,74.9,65.0,51.6,,53.8,0.0,0,0,8,0.0,0,36,0,30.3,4,91.7,33,100.0,36,56.3,8,0,0.0,0,22,2,0.5,5.5,0.67
Audric Harris,183637,WR,WASHINGTON,6,20.0,1,62.5,50.0,1,2,0,0.0,0,0.02,3,340,0,76.3,65.7,63.1,63.9,62.4,0.0,0,0,61,1.8,1,55,0,39.2,5,90.9,50,78.2,43,145.3,8,1,21.8,12,99,32,6.4,19.8,1.98
Cooper Alexander,184824,TE,IOWA STATE,11,4.9,0,62.5,33.3,1,3,0,16.7,1,-0.04,3,193,0,49.8,65.7,46.9,46.1,54.5,42.9,33,0,18,16.9,13,77,3,44.3,5,75.3,58,37.7,29,78.6,8,0,13.0,10,47,27,5.4,9.4,0.81
Izaiah Williams,184813,WR,TEXAS A&M,6,6.6,1,87.5,,0,0,0,0.0,0,-0.17,2,312,0,78.5,71.0,62.5,,62.0,0.0,0,0,27,0.0,0,46,0,42.2,7,97.8,45,39.1,18,139.6,8,1,60.9,28,64,24,3.4,9.1,1.42
VJ Wilkins,160356,WR,BOSTON COL,9,25.1,0,57.1,,0,0,0,0.0,0,0.03,2,121,0,74.9,66.9,64.4,,64.0,0.0,0,1,56,0.0,0,52,0,46.2,4,100.0,52,32.7,17,62.2,7,0,67.3,35,113,35,8.8,28.3,2.17
Sam West,173392,TE,MISS STATE,11,9.4,2,57.1,0.0,0,1,0,0.0,0,0.25,2,227,0,74.9,66.5,63.5,66.1,62.8,61.6,45,0,13,20.5,15,73,2,49.3,4,71.2,52,32.9,24,110.1,7,1,4.1,3,35,19,4.8,8.8,0.67
PJ Martin,172310,HB,S ALABAMA,8,-1.4,3,71.4,,0,0,0,0.0,0,-0.35,3,288,0,76.3,64.3,80.5,46.0,75.7,0.0,0,0,35,18.8,12,64,0,39.0,5,75.0,48,3.1,2,90.8,7,0,3.1,2,49,51,10.2,9.8,1.02
Jack Van Dorselaer,199978,TE,TENNESSEE,10,1.1,0,71.4,0.0,0,1,0,16.7,1,0.13,2,307,0,49.8,65.7,48.3,68.0,49.2,45.1,32,0,7,26.8,19,71,1,56.7,5,69.0,49,23.9,17,114.9,7,1,0.0,0,23,26,5.2,4.6,0.47
Elijah Gilliam,73621,HB,FRESNO ST,11,1.6,1,100.0,,0,0,0,0.0,0,0.07,3,169,0,78.5,80.0,78.5,36.3,70.9,0.0,0,0,14,24.0,12,50,0,40.4,7,70.0,35,10.0,5,98.2,7,0,6.0,3,53,42,6.0,7.6,1.51
Will Swanson,122620,TE,KANSAS ST,12,2.4,0,71.4,0.0,0,1,0,16.7,1,0.2,4,199,0,49.8,65.7,63.4,74.8,58.8,61.8,47,0,38,36.8,28,76,1,47.9,5,63.2,48,22.4,17,110.4,7,0,3.9,3,82,71,14.2,16.4,1.71
Terrance Gibbs,158348,HB,GA SOUTHRN,7,0.4,0,85.7,0.0,0,1,0,0.0,0,0.2,3,174,0,77.5,26.5,61.3,75.3,70.8,4.8,2,0,17,7.1,3,42,0,58.5,6,90.5,38,9.5,4,101.2,7,0,4.8,2,58,60,10.0,9.7,1.53
Trace Bruckler,146130,TE,OLE MISS,12,6.9,0,71.4,0.0,0,1,0,16.7,1,0.76,3,226,0,49.8,65.7,63.8,69.8,73.4,68.7,46,0,23,53.7,36,67,1,66.2,5,46.3,31,20.9,14,139.3,7,1,3.0,2,64,25,5.0,12.8,2.06
Luke McGary,173303,TE,HOUSTON,6,10.1,0,42.9,0.0,0,1,0,0.0,0,-0.17,0,182,0,73.1,64.1,49.5,75.2,51.6,60.5,52,0,8,31.4,27,86,2,37.7,3,62.8,54,27.9,24,50.3,7,0,9.3,8,13,9,3.0,4.3,0.24
Christian Clark,184505,HB,TEXAS,6,-1.1,2,57.1,0.0,0,1,0,0.0,0,0.03,2,311,0,74.9,80.3,67.1,53.1,66.5,0.0,0,0,23,20.3,13,64,0,38.7,4,76.6,49,3.1,2,83.6,7,0,3.1,2,57,73,18.3,14.3,1.16
Jay Jay Etheridge,184073,WR,KENT STATE,8,5.6,1,42.9,0.0,0,1,0,40.0,2,-0.15,1,201,0,21.7,64.1,47.5,,49.5,0.0,0,1,9,0.0,0,63,0,31.1,3,96.8,61,17.5,11,11.3,7,0,82.5,52,22,5,1.7,7.3,0.36
Jadarian Price,156985,HB,NOTRE DAME,12,-2.1,4,85.7,,0,0,0,0.0,0,0.41,4,258,0,77.5,52.0,78.6,26.0,66.9,0.0,0,1,35,34.2,39,114,1,58.1,6,62.3,71,2.6,3,118.5,7,2,0.0,0,87,106,17.7,14.5,1.23
Daylan McCutcheon,199304,WR,TEXAS,11,1.4,1,85.7,,0,0,1,14.3,1,0.12,4,311,0,56.4,68.4,56.0,,59.7,0.0,0,0,26,0.0,0,61,1,43.1,6,95.1,58,47.5,29,108.3,7,0,52.5,32,70,57,9.5,11.7,1.21
Mekhi Mews,155982,WR,HOUSTON,8,1.0,2,85.7,0.0,0,1,0,0.0,0,0.04,3,182,0,77.5,87.5,61.4,,62.0,0.0,0,0,16,0.0,0,36,0,33.3,6,91.7,33,69.4,25,81.0,7,0,30.6,11,24,41,6.8,4.0,0.73
Ivan Carreon,184591,WR,OKLAHOMA,6,12.4,0,28.6,0.0,0,1,0,0.0,0,0.19,1,261,0,70.7,64.6,58.4,,55.9,0.0,0,0,32,0.0,0,38,0,45.9,2,97.4,37,5.3,2,47.9,7,0,94.7,36,35,15,7.5,17.5,0.95
Brandon Buckhaulter,146820,WR,LA MONROE,4,15.4,0,42.9,,0,0,0,0.0,0,-0.09,2,209,0,74.9,66.5,70.2,,70.2,0.0,0,0,14,0.0,0,35,0,39.4,3,94.3,33,20.0,7,100.0,7,1,80.0,28,38,20,6.7,12.7,1.15
Ahmad Hardy,190013,HB,MISSOURI,12,-1.1,5,85.7,,0,0,0,14.3,1,0.03,2,229,0,53.4,72.3,91.9,77.2,49.0,0.0,0,0,11,21.1,34,161,1,45.8,6,76.4,123,4.3,7,79.8,7,0,4.3,7,22,30,5.0,3.7,0.18
Keveun Mason,204323,HB,TEMPLE,7,2.6,0,85.7,,0,0,0,0.0,0,0.21,1,306,0,77.5,78.2,81.2,21.6,77.8,0.0,0,0,14,31.7,13,41,0,55.0,6,65.9,27,7.3,3,84.5,7,0,0.0,0,30,13,2.2,5.0,1.11
Ke'Travion Hargrove,146841,HB,DOMINION,11,7.0,3,85.7,100.0,1,1,0,14.3,1,-0.08,5,263,0,53.4,65.0,67.3,62.1,65.7,0.0,0,0,80,52.8,38,72,1,38.8,6,44.4,32,8.3,6,158.3,7,2,2.8,2,192,152,25.3,32.0,6.0
Lander Barton,158473,LB,UTAH,10,5.6,1,85.7,100.0,1,1,0,0.0,0,0.1,2,328,0,77.5,66.2,55.9,36.7,58.0,49.2,31,0,17,9.5,6,63,1,46.7,6,87.3,55,33.3,21,132.4,7,1,17.5,11,44,22,3.7,7.3,0.8
Sedrick Irvin,176618,HB,STANFORD,11,3.4,0,28.6,,0,0,0,33.3,1,-0.14,1,300,0,31.6,81.3,63.9,58.6,45.6,0.0,0,0,8,50.8,66,130,0,37.3,2,47.7,62,0.8,1,39.6,7,0,3.8,5,13,10,5.0,6.5,0.21
Jaylon Glover,158484,HB,UNLV,12,-0.7,0,85.7,,0,0,0,0.0,0,0.33,1,325,0,77.5,84.6,74.3,68.1,53.0,0.0,0,0,19,31.4,27,86,1,49.4,6,67.4,58,8.1,7,97.0,7,0,8.1,7,51,62,10.3,8.5,0.88
Micah Barnett,162988,TE,RICE,12,14.3,0,28.6,100.0,1,1,0,0.0,0,-0.17,1,275,0,31.6,62.9,59.6,67.3,43.3,72.6,114,0,28,43.3,68,157,1,36.4,2,53.5,84,4.5,7,46.7,7,0,6.4,10,33,12,6.0,16.5,0.39
Ademola Faleye,150393,TE,WASH STATE,12,7.3,0,57.1,,0,0,0,20.0,1,0.12,2,341,0,45.4,65.0,59.3,74.1,50.1,89.5,145,1,10,62.3,101,162,5,48.7,4,35.2,57,7.4,12,63.4,7,1,2.5,4,23,10,2.5,5.8,0.4
Dallan Hayden,162865,HB,COLORADO,10,-1.0,0,57.1,,0,0,0,20.0,1,0.04,2,143,0,49.8,84.8,66.2,41.0,51.9,0.0,0,0,11,38.7,46,119,0,40.5,4,57.1,68,4.2,5,62.2,7,0,0.0,0,15,29,7.3,3.8,0.22
Tyson Carter,198409,WR,FIU,7,18.0,0,28.6,,0,0,0,0.0,0,-0.34,1,166,0,70.7,62.9,60.1,,59.8,0.0,0,0,24,0.0,0,34,0,28.1,2,94.1,32,35.3,12,44.3,7,0,64.7,22,29,12,6.0,14.5,0.91
Terron Kellman,158048,HB,WYOMING,10,-2.7,1,71.4,,0,0,0,0.0,0,-0.26,3,351,0,49.8,84.3,72.9,47.0,59.7,0.0,0,0,28,33.3,26,78,1,37.5,5,60.3,47,0.0,0,92.6,7,0,0.0,0,52,60,12.0,10.4,1.11
Linkon Cure,204094,WR,KANSAS ST,9,4.4,0,85.7,66.7,2,3,0,14.3,1,0.1,3,199,0,53.8,66.4,52.0,,54.4,2.7,2,0,13,0.0,0,73,1,38.6,6,94.5,69,16.4,12,88.7,7,0,80.8,59,37,12,2.0,6.2,0.54
Liam Clifford,145089,WR,PENN STATE,8,13.4,0,42.9,66.7,2,3,0,25.0,1,0.08,2,266,0,39.5,65.0,50.4,,54.3,0.0,0,1,13,0.0,0,46,1,40.0,3,93.5,43,30.4,14,13.1,7,0,69.6,32,25,0,0.0,8.3,0.58
DJ Butler,190803,HB,HOUSTON,10,-1.4,2,100.0,,0,0,0,0.0,0,-0.18,1,182,0,78.5,83.6,75.5,30.9,73.7,0.0,0,0,12,33.8,23,68,0,41.0,7,63.2,43,1.5,1,97.0,7,0,5.9,4,51,61,8.7,7.3,1.19
Cole Adams,134273,WR,ALABAMA,4,4.6,1,71.4,,0,0,0,0.0,0,0.72,5,103,0,76.3,86.6,73.6,,76.5,0.0,0,0,25,0.0,0,23,0,72.7,5,95.7,22,100.0,23,143.5,7,1,0.0,0,71,56,11.2,14.2,3.23
Doug Emilien,129648,WR,KANSAS,10,5.0,2,42.9,0.0,0,1,0,0.0,0,-0.07,1,198,0,73.1,64.1,58.9,,56.2,0.0,0,0,14,0.0,0,53,0,42.3,3,98.1,52,92.5,49,53.3,7,0,7.5,4,26,29,9.7,8.7,0.5
Adonis Moise,198606,WR,KANSAS ST,9,6.3,1,85.7,0.0,0,1,0,0.0,0,-0.11,3,199,0,77.5,68.5,56.4,,54.8,0.0,0,0,18,0.0,0,91,0,42.0,6,96.7,88,16.5,15,100.0,7,0,83.5,76,56,25,4.2,9.3,0.64
Terrez Worthy,190679,HB,TEMPLE,4,2.3,2,85.7,,0,0,0,0.0,0,0.08,3,306,0,78.5,78.0,68.4,70.8,64.2,0.0,0,0,23,20.6,13,63,0,34.4,6,77.8,49,23.8,15,150.3,7,1,3.2,2,74,58,9.7,12.3,1.51
Joseph Young,183426,WR,FAU,8,13.7,2,42.9,0.0,0,1,0,25.0,1,0.3,2,165,0,39.5,64.1,54.4,,54.8,0.0,0,0,27,0.0,0,72,0,41.2,3,94.4,68,4.2,3,67.0,7,0,95.8,69,49,20,6.7,16.3,0.72
Kyion Grayes,156480,WR,CAL,5,15.4,0,14.3,50.0,1,2,0,50.0,1,-0.37,1,130,0,24.5,65.3,51.1,,51.2,0.0,0,1,10,0.0,0,42,0,45.2,1,100.0,42,2.4,1,0.0,7,0,97.6,41,10,0,0.0,10.0,0.24
Evan Boyd,171223,WR,MICH STATE,11,17.3,1,42.9,0.0,0,1,0,25.0,1,-0.06,3,223,0,39.5,64.1,59.3,67.4,56.1,1.7,1,1,22,1.7,1,60,0,55.0,3,98.3,59,6.7,4,30.4,7,0,91.7,55,54,10,3.3,18.0,0.92
Jahzae Kimbrough,171260,HB,KENT STATE,8,0.0,2,57.1,,0,0,0,20.0,1,0.02,1,201,0,45.4,80.9,60.5,33.5,52.5,0.0,0,0,13,24.2,15,62,0,37.7,4,74.2,46,0.0,0,66.4,7,0,4.8,3,28,36,9.0,7.0,0.61
Tucker Holloway,157640,WR,VA TECH,4,11.9,1,71.4,0.0,0,2,0,16.7,1,-0.1,3,337,0,49.8,77.1,66.2,,66.3,0.0,0,0,33,0.0,0,29,0,42.3,5,89.7,26,17.2,5,110.4,7,0,82.8,24,82,17,3.4,16.4,3.15
Leshon Williams,129487,HB,KANSAS,11,4.3,0,71.4,,0,0,0,16.7,1,0.33,3,198,0,49.8,87.3,79.0,75.3,50.3,0.0,0,0,39,17.4,24,138,0,55.4,5,77.5,107,5.8,8,144.6,7,2,5.1,7,73,41,8.2,14.6,0.68
Noah White,200256,HB,UTAH ST,12,3.0,6,100.0,,0,0,0,0.0,0,0.38,4,329,0,78.5,79.2,72.5,29.6,81.2,0.0,0,0,62,12.7,7,55,0,56.9,7,81.8,45,32.7,18,118.8,7,0,18.2,10,153,132,18.9,21.9,3.4
Daylyn Upshaw,200158,WR,MIAMI FL,6,2.9,2,100.0,100.0,1,1,0,0.0,0,0.56,5,220,0,78.5,66.7,63.1,,62.8,0.0,0,0,41,0.0,0,70,0,58.2,7,95.7,67,31.4,22,118.8,7,0,67.1,47,105,85,12.1,15.0,1.57
Marlon Gunn Jr.,162642,HB,E CAROLINA,11,2.3,1,85.7,0.0,0,1,0,0.0,0,0.01,1,156,0,77.5,86.9,81.2,65.5,58.2,0.0,0,0,8,24.2,23,95,0,44.9,6,71.6,68,6.3,6,83.9,7,0,4.2,4,29,36,6.0,4.8,0.43
Tristen Brown,188507,WR,VANDERBILT,12,10.6,2,100.0,,0,0,0,0.0,0,0.5,6,333,0,78.5,69.3,67.1,61.0,67.6,0.0,0,0,28,1.2,1,85,1,59.3,7,94.1,80,42.4,36,118.8,7,0,57.6,49,122,48,6.9,17.4,1.53
Terrione Graves,198937,WR,NEW MEX ST,6,14.0,1,28.6,,0,0,0,0.0,0,-0.67,1,242,0,70.7,62.9,60.7,,58.5,0.0,0,1,14,0.0,0,24,0,31.8,2,91.7,22,16.7,4,0.0,7,0,83.3,20,14,9,4.5,7.0,0.64
Michael Turner,204473,HB,BAYLOR,8,-3.9,0,85.7,,0,0,0,0.0,0,0.26,1,118,0,78.5,84.2,68.3,50.2,58.7,0.0,0,0,10,21.3,20,94,0,56.5,6,72.3,68,4.3,4,79.2,7,0,1.1,1,21,41,6.8,3.5,0.31
Franklin Baret Jr.,190389,WR,JVILLE ST,10,11.0,0,71.4,66.7,2,3,0,0.0,0,-0.19,3,196,0,76.3,65.7,59.3,,64.1,0.0,0,1,19,0.0,0,43,1,37.2,5,100.0,43,9.3,4,58.9,7,0,90.7,39,62,21,4.2,12.4,1.44
Landon Wright,190387,WR,WASH STATE,9,15.4,0,85.7,,0,0,0,0.0,0,0.17,3,341,0,38.0,66.7,57.1,,58.3,0.0,0,0,34,0.0,0,52,1,37.8,6,86.5,45,11.5,6,155.1,7,1,88.5,46,82,12,2.0,13.7,1.82
Collin Payne,204750,WR,C MICHIGAN,8,9.7,1,57.1,50.0,1,2,0,0.0,0,0.13,2,134,0,74.9,65.0,61.7,,66.1,0.0,0,0,63,0.0,0,33,1,38.7,4,93.9,31,27.3,9,101.5,7,0,72.7,24,87,45,11.3,21.8,2.81
Henry Boyer,158199,TE,KENTUCKY,12,9.3,0,71.4,66.7,2,3,0,0.0,0,0.17,4,202,0,76.3,65.7,56.5,57.1,59.9,71.1,54,0,19,25.0,19,76,1,54.9,5,71.1,54,28.9,22,98.5,7,0,0.0,0,62,23,4.6,12.4,1.15
Cody Howard,162556,TE,NAVY,5,9.4,1,57.1,,0,0,0,0.0,0,0.85,3,237,0,74.9,65.0,86.9,68.4,72.1,57.4,35,0,65,34.4,21,61,0,52.5,4,63.9,39,6.6,4,141.4,7,1,16.4,10,128,107,26.8,32.0,3.28
Marshall Pritchett,198085,TE,ALABAMA,3,3.4,1,85.7,,0,0,0,14.3,1,0.27,3,103,0,53.4,66.2,60.4,68.9,62.6,51.4,18,0,11,11.4,4,35,0,50.0,6,85.7,30,37.1,13,93.5,7,0,11.4,4,45,26,4.3,7.5,1.5
Amir Jackson,190273,TE,FLORIDA,11,11.7,0,42.9,0.0,0,2,0,0.0,0,0.09,3,163,0,73.1,64.1,59.3,72.3,55.7,62.3,43,0,18,17.4,12,69,0,49.2,3,76.8,53,23.2,16,94.6,7,1,11.6,8,29,1,0.3,9.7,0.55
Josh Beetham,129407,TE,GA TECH,12,6.3,0,71.4,,0,0,0,28.6,2,0.8,5,176,0,29.1,66.6,63.0,60.0,71.1,71.4,45,0,49,42.9,27,63,0,51.7,5,57.1,36,17.5,11,153.3,7,2,3.2,2,131,85,17.0,26.2,3.64
Jaquez Moore,143866,HB,DUKE,9,1.0,5,57.1,,0,0,0,20.0,1,0.24,2,154,0,45.9,80.7,69.5,82.8,59.1,0.0,0,0,24,17.6,9,51,0,46.9,4,78.4,40,3.9,2,75.9,7,0,2.0,1,44,40,10.0,11.0,1.1
Jayden Thomas,147485,WR,VIRGINIA,9,8.6,0,42.9,50.0,1,2,0,25.0,1,-0.46,0,335,0,39.5,76.6,48.4,62.1,48.0,6.5,3,0,6,2.2,1,46,0,29.5,3,93.5,43,30.4,14,50.3,7,0,63.0,29,9,2,0.7,3.0,0.21
Connor Lair,164803,FB,MO STATE,9,3.6,1,85.7,100.0,1,1,0,0.0,0,0.63,4,230,0,77.5,23.1,65.9,76.7,90.6,0.0,0,0,33,29.4,5,17,0,56.3,6,64.7,11,11.8,2,143.2,7,1,0.0,0,62,56,9.3,10.3,5.64
Rashid Williams,171943,WR,WASHINGTON,2,5.9,0,71.4,0.0,0,1,0,0.0,0,0.05,2,340,0,76.3,65.7,68.5,,68.2,0.0,0,0,27,0.0,0,24,0,50.0,5,100.0,24,37.5,9,93.8,7,0,62.5,15,54,36,7.2,10.8,2.25
Payton Matthews,199106,WR,RICE,9,16.0,0,42.9,50.0,1,2,0,25.0,1,-0.08,3,275,0,39.5,64.1,56.8,,54.0,0.0,0,0,16,0.0,0,73,0,39.4,3,97.3,71,1.4,1,61.0,7,0,98.6,72,39,2,0.7,13.0,0.55
Terion Stewart,130386,HB,VA TECH,10,-0.6,0,57.1,,0,0,1,33.3,2,-0.26,0,337,0,25.7,69.5,73.9,80.0,38.4,0.0,0,0,8,35.1,26,74,2,40.5,4,64.9,48,6.8,5,62.2,7,0,0.0,0,19,19,4.8,4.8,0.4
Jackson Bennee,183856,S,UTAH,7,23.1,0,28.6,0.0,0,3,0,33.3,1,0.14,1,328,0,45.4,67.8,66.5,63.8,64.1,0.0,0,0,17,3.1,1,32,1,36.7,2,90.6,29,46.9,15,39.6,7,0,50.0,16,20,11,5.5,10.0,0.69
Matt Fuller,190231,HB,S CAROLINA,9,-2.6,2,85.7,,0,0,0,14.3,1,0.28,1,289,0,53.4,84.8,68.2,39.3,61.6,0.0,0,0,8,15.8,12,76,0,54.9,6,82.9,63,11.8,9,85.7,7,0,2.6,2,32,50,8.3,5.3,0.51
Maurice Brown II,174318,TE,S CAROLINA,12,7.7,1,28.6,0.0,0,1,0,33.3,1,-0.28,1,289,0,31.6,65.3,42.9,76.0,45.1,27.8,15,2,14,25.9,14,54,1,41.2,2,74.1,40,44.4,24,1.8,7,0,7.4,4,24,22,11.0,12.0,0.6
Chase Farrell,188864,WR,NWESTERN,4,8.7,0,42.9,,0,0,0,0.0,0,-0.03,0,256,1,73.1,19.9,49.7,,45.9,0.0,0,0,8,0.0,0,23,0,56.5,3,100.0,23,78.3,18,50.3,7,0,21.7,5,12,24,8.0,4.0,0.52
Josh Phifer,172258,TE,JAMES MAD,12,9.6,0,57.1,25.0,1,4,0,0.0,0,0.27,2,197,0,74.9,65.0,68.7,66.8,64.0,76.0,73,1,20,57.3,55,96,2,48.4,4,40.6,39,10.4,10,73.5,7,1,2.1,2,40,16,4.0,10.0,1.03
Devin Ellison,141790,WR,WASH STATE,2,26.2,0,50.0,0.0,0,1,0,0.0,0,0.59,3,341,0,73.1,64.1,79.4,,77.4,0.0,0,0,26,0.0,0,14,0,69.2,3,92.9,13,50.0,7,119.4,6,1,50.0,7,52,3,1.0,17.3,4.0
Carson Grove,190884,WR,NWESTERN,7,11.2,0,16.7,0.0,0,2,0,50.0,1,0.3,0,256,0,24.5,61.0,47.5,,47.2,0.0,0,0,7,0.0,0,52,0,54.0,1,96.2,50,78.8,41,39.6,6,0,21.2,11,7,0,0.0,7.0,0.14
Trent Hudson,175674,WR,VANDERBILT,6,14.7,0,33.3,0.0,0,1,0,50.0,2,0.53,2,333,0,17.5,62.9,52.1,,51.6,0.0,0,0,19,0.0,0,44,0,57.9,2,86.4,38,4.5,2,52.1,6,0,95.5,42,32,6,3.0,16.0,0.84
Nick Delgadillo,175695,WR,HAWAII,9,16.7,0,50.0,50.0,1,2,0,0.0,0,0.03,3,180,0,74.9,65.0,60.3,,59.6,0.0,0,0,11,0.0,0,48,0,44.7,3,97.9,47,2.1,1,66.0,6,0,97.9,47,32,4,1.3,10.7,0.68
Demarius Robinson,198120,HB,ARIZONA ST,8,-4.0,0,100.0,,0,0,0,0.0,0,-0.13,1,110,2,77.5,16.6,52.5,79.4,29.4,0.0,0,0,16,21.9,7,32,0,31.3,6,78.1,25,12.5,4,79.9,6,0,6.3,2,19,43,7.2,3.2,0.76
Kaden Helms,158072,TE,OKLAHOMA,9,4.3,0,83.3,100.0,1,1,0,0.0,0,-0.04,3,261,0,76.3,65.7,52.0,66.4,54.7,53.1,52,0,16,34.7,34,98,1,37.0,5,60.2,59,31.6,31,130.6,6,1,6.1,6,35,15,3.0,7.0,0.59
Nathan McNeil,198550,HB,IOWA,6,-3.2,0,100.0,,0,0,0,0.0,0,-0.03,2,192,0,77.5,80.3,77.1,12.2,65.7,0.0,0,0,32,9.4,3,32,0,33.3,6,84.4,27,9.4,3,100.0,6,0,6.3,2,48,67,11.2,8.0,1.78
Daniel Blood,175899,WR,MISSOURI,11,7.2,0,66.7,,0,0,0,0.0,0,0.04,3,229,0,74.9,65.0,65.9,61.1,63.3,2.4,1,2,26,2.4,1,42,0,41.0,4,90.5,38,85.7,36,43.8,6,0,9.5,4,37,21,5.3,9.3,0.97
Jay Fair,127145,WR,USC,6,12.7,0,16.7,0.0,0,1,0,0.0,0,0.3,0,326,0,66.7,61.0,48.8,,51.9,0.0,0,0,0,0.0,0,25,1,48.0,1,100.0,25,100.0,25,39.6,6,0,0.0,0,0,1,1.0,0.0,0.0
Karate Brenson,126530,WR,WAKE,8,18.0,0,50.0,50.0,1,2,0,0.0,0,0.17,3,339,0,73.1,64.1,70.3,,66.1,0.0,0,0,41,0.0,0,45,0,41.9,3,95.6,43,28.9,13,135.4,6,1,71.1,32,83,14,4.7,27.7,1.93
Karson Boschma,173725,WR,OREGON ST,5,9.7,1,66.7,,0,0,0,20.0,1,0.32,4,265,0,53.8,66.2,65.6,,67.2,0.0,0,1,28,0.0,0,37,1,50.0,4,86.5,32,94.6,35,109.7,6,1,5.4,2,89,55,13.8,22.3,2.78
Caleb Rollerson,190345,WR,UCF,7,10.3,0,50.0,,0,0,1,25.0,1,-0.53,3,323,0,21.7,66.0,57.7,,56.3,0.0,0,0,39,0.0,0,39,1,42.1,3,97.4,38,15.4,6,90.3,6,0,84.6,33,67,36,12.0,22.3,1.76
Byron Cardwell Jr.,86353,HB,S DIEGO ST,9,-0.2,4,83.3,,0,0,0,0.0,0,0.09,3,284,0,76.3,82.2,79.8,86.0,77.9,0.0,0,0,54,24.2,8,33,0,31.0,5,66.7,22,9.1,3,158.3,6,1,3.0,1,108,104,20.8,21.6,4.91
Isaiah Thacker,176138,WR,BALL ST,5,8.3,1,66.7,0.0,0,1,0,20.0,1,-0.29,2,117,0,45.4,65.0,64.6,,64.0,0.0,0,0,11,0.0,0,15,0,26.7,4,100.0,15,80.0,12,112.5,6,1,20.0,3,22,35,8.8,5.5,1.47
Eian Pugh,158224,WR,OHIO,5,12.0,0,100.0,100.0,1,1,0,0.0,0,0.12,2,259,0,78.5,66.7,63.0,,62.5,0.0,0,0,25,0.0,0,72,0,46.2,6,90.3,65,5.6,4,118.8,6,0,94.4,68,75,3,0.5,12.5,1.15
Lofton Howard,173439,TE,W KENTUCKY,6,2.5,1,50.0,,0,0,0,25.0,1,0.23,0,346,0,40.2,64.1,44.2,71.8,44.1,49.2,29,0,5,13.6,8,59,0,47.2,3,78.0,46,45.8,27,56.3,6,0,5.1,3,10,0,0.0,3.3,0.22
Bryson Kuzdzal,176252,HB,MICHIGAN,5,-2.2,0,50.0,,0,0,0,40.0,2,0.06,0,222,0,21.7,82.9,72.4,13.5,37.4,0.0,0,0,8,12.1,7,58,0,44.6,3,86.2,50,3.4,2,56.3,6,0,3.4,2,13,17,5.7,4.3,0.26
Caleb Ryan,176261,TE,LIBERTY,12,17.5,0,66.7,0.0,0,1,0,0.0,0,0.3,3,206,0,74.9,65.0,60.2,63.9,62.3,67.8,61,0,56,38.9,35,90,2,46.5,4,57.8,52,25.6,23,109.7,6,0,6.7,6,87,37,9.3,21.8,1.67
Terence Marshall,190150,WR,W MICHIGAN,9,14.0,0,50.0,,0,0,0,0.0,0,-0.25,1,347,0,73.1,64.1,53.3,,53.6,0.0,0,0,13,0.0,0,54,0,34.6,3,96.3,52,9.3,5,56.3,6,0,88.9,48,17,12,4.0,5.7,0.33
Jaylan Bean,184945,WR,WYOMING,8,10.5,0,83.3,66.7,2,3,0,0.0,0,-0.18,4,351,0,77.5,66.2,67.2,,65.5,0.0,0,0,22,0.0,0,42,0,35.9,5,92.9,39,14.3,6,107.6,6,0,85.7,36,59,12,2.4,11.8,1.51
Daijon Calimon,190031,WR,NEVADA,5,7.3,1,66.7,50.0,1,2,0,0.0,0,0.05,1,239,0,74.9,65.0,58.5,,63.0,0.0,0,0,20,0.0,0,22,0,40.9,4,100.0,22,40.9,9,84.0,6,0,59.1,13,38,15,3.8,9.5,1.73
Tyrell Henry,158385,WR,WISCONSIN,8,3.7,0,83.3,,0,0,0,0.0,0,-0.49,3,349,0,76.3,83.8,62.6,,66.1,0.0,0,1,16,0.0,0,35,0,45.5,5,91.4,32,62.9,22,86.8,6,1,28.6,10,29,10,2.0,5.8,0.91
Makenzie McGill,173209,HB,N TEXAS,7,-1.7,2,66.7,,0,0,0,0.0,0,0.26,0,251,0,74.9,67.5,71.0,57.2,51.2,0.0,0,0,7,23.0,28,122,1,48.7,4,71.3,87,5.7,7,70.1,6,0,3.3,4,14,19,4.8,3.5,0.16
Preston Fox,123418,WR,W VIRGINIA,8,14.3,0,50.0,,0,0,0,0.0,0,-0.4,3,343,0,74.9,83.2,64.1,,63.4,0.0,0,1,20,0.0,0,51,0,37.5,3,94.1,48,7.8,4,36.1,6,0,92.2,47,46,7,2.3,15.3,0.96
Keron Milton,189967,WR,GA STATE,10,14.0,0,33.3,0.0,0,3,0,33.3,1,-0.02,1,175,0,32.3,62.9,46.5,,49.8,0.0,0,0,8,0.0,0,62,0,39.0,2,95.2,59,17.7,11,42.4,6,0,82.3,51,11,9,4.5,5.5,0.19
Cade Yacamelli,158712,HB,WISCONSIN,8,4.2,1,33.3,,0,0,0,50.0,2,-0.45,1,349,0,17.2,80.7,64.6,69.7,38.5,1.6,1,1,14,41.0,25,61,0,32.8,2,59.0,36,4.9,3,8.3,6,0,6.6,4,26,25,12.5,13.0,0.72
T.Y. Harding,158763,WR,UMASS,3,3.8,3,66.7,100.0,2,2,0,20.0,1,-0.18,2,216,0,45.4,68.6,57.5,,57.7,0.0,0,0,10,0.0,0,33,0,34.4,4,97.0,32,93.9,31,78.5,6,0,6.1,2,30,19,4.8,7.5,0.94
Elijah Burress,199836,WR,NOTRE DAME,4,15.2,0,50.0,0.0,0,2,0,25.0,1,0.13,1,258,0,39.5,64.1,55.5,,54.9,0.0,0,0,12,0.0,0,21,0,42.9,3,100.0,21,0.0,0,58.3,6,0,100.0,21,21,4,1.3,7.0,1.0
Branden Ganashamoorthy,176674,WR,WASH STATE,12,13.3,0,50.0,50.0,1,2,0,0.0,0,-0.13,2,341,0,73.1,64.1,53.6,49.9,53.1,0.0,0,0,19,0.0,0,111,0,41.0,3,94.6,105,6.3,7,63.2,6,0,93.7,104,28,4,1.3,9.3,0.27
Kaleb Jackson,172483,HB,LSU,4,0.5,1,83.3,,0,0,0,16.7,1,0.12,2,211,0,49.8,71.9,58.6,78.3,65.1,4.0,1,0,13,28.0,7,25,2,43.5,5,68.0,17,8.0,2,89.6,6,0,8.0,2,33,32,6.4,6.6,1.94
Scottre Humphrey,176767,HB,NEW MEXICO,11,1.3,0,50.0,0.0,0,1,0,25.0,1,0.01,1,241,1,45.9,51.8,63.1,42.1,34.1,0.0,0,0,8,23.9,16,67,1,41.7,3,68.7,46,9.0,6,98.6,6,1,10.4,7,22,23,7.7,7.3,0.48
Sam Franklin,149248,HB,USF,12,-0.8,1,66.7,,0,0,0,0.0,0,0.16,0,327,0,74.9,84.6,73.4,65.3,54.3,0.0,0,0,7,51.8,58,112,0,49.1,4,46.4,52,6.3,7,72.9,6,0,2.7,3,22,29,7.3,5.5,0.42
Mekhi Nelson,189704,HB,NEBRASKA,10,-2.7,5,83.3,,0,0,0,0.0,0,0.56,1,238,0,76.3,75.4,79.3,81.2,75.2,0.0,0,0,41,27.0,10,37,0,64.9,5,73.0,27,8.1,3,104.2,6,0,0.0,0,54,67,13.4,10.8,2.0
Xavier Williams,189698,HB,IOWA,9,-2.0,2,100.0,,0,0,0,0.0,0,-0.25,3,192,0,77.5,81.3,65.8,28.2,68.3,0.0,0,0,20,30.1,22,73,0,35.7,6,68.5,50,0.0,0,94.4,6,0,0.0,0,40,52,8.7,6.7,0.8
Zach Palmer-Smith,159550,HB,LA MONROE,12,-3.2,2,100.0,,0,0,0,0.0,0,-0.15,2,209,0,77.5,88.8,83.6,76.9,66.2,0.0,0,0,13,56.1,74,132,1,39.8,6,40.9,54,1.5,2,93.1,6,0,0.8,1,38,57,9.5,6.3,0.7
Kelshaun Johnson,199993,WR,TEXAS A&M,3,4.5,1,66.7,,0,0,0,20.0,1,-0.35,1,312,0,45.4,65.0,56.7,,56.6,0.0,0,0,25,0.0,0,21,0,33.3,4,100.0,21,90.5,19,76.4,6,0,9.5,2,27,16,4.0,6.8,1.29
Evan Dickens,170066,HB,LIBERTY,11,4.2,0,83.3,,0,0,0,0.0,0,0.01,3,206,0,77.5,86.8,84.9,49.7,58.3,0.0,0,1,24,36.4,83,228,1,44.2,5,59.6,136,5.7,13,109.0,6,1,4.8,11,61,60,12.0,12.2,0.45
Jaylin Marshall,181465,WR,GA STATE,8,13.5,0,66.7,100.0,1,1,0,0.0,0,0.01,3,175,0,74.9,65.0,59.5,,60.4,0.0,0,0,24,0.0,0,64,0,41.7,4,93.8,60,12.5,8,104.2,6,0,87.5,56,67,31,7.8,16.8,1.12
Dylan Gary,163785,WR,GA SOUTHRN,9,9.3,0,83.3,66.7,2,3,0,0.0,0,0.25,3,174,0,76.3,65.7,60.6,,64.2,0.0,0,0,16,0.0,0,36,0,41.2,5,94.4,34,19.4,7,138.2,6,1,80.6,29,46,9,1.8,9.2,1.35
TK Norman,199998,WR,TEXAS A&M,3,11.7,2,50.0,,0,0,0,0.0,0,-0.46,1,312,0,73.1,66.0,60.8,,61.7,3.6,1,0,29,0.0,0,28,0,29.6,3,96.4,27,14.3,4,70.8,6,0,82.1,23,39,45,15.0,13.0,1.44
Kason Stokes,183852,WR,MIDDLE TN,9,9.0,0,50.0,33.3,1,3,0,25.0,1,-0.53,0,224,0,40.2,66.0,51.1,,49.6,0.0,0,0,11,0.0,0,36,0,25.7,3,97.2,35,5.6,2,59.0,6,0,94.4,34,22,19,6.3,7.3,0.63
Ofa Mataele,200038,HB,W MICHIGAN,10,-2.3,0,83.3,,0,0,0,16.7,1,-0.1,0,347,0,49.8,82.1,66.7,21.0,47.2,0.0,0,0,3,22.4,19,85,1,40.7,5,75.3,64,4.7,4,79.2,6,0,3.5,3,8,25,5.0,1.6,0.13
Will Cianfrini,188810,WR,S DIEGO ST,7,12.7,1,33.3,0.0,0,2,0,0.0,0,-0.35,1,284,0,70.7,62.9,52.5,,51.8,0.0,0,1,5,0.0,0,43,0,32.4,2,86.0,37,16.3,7,2.8,6,0,83.7,36,10,6,3.0,5.0,0.27
Jordan Onovughe,171903,WR,STANFORD,4,7.3,0,33.3,0.0,0,1,0,0.0,0,-0.89,1,300,0,70.7,62.9,57.9,,57.4,3.3,1,1,12,0.0,0,30,1,31.0,2,96.7,29,16.7,5,2.8,6,0,80.0,24,17,4,2.0,8.5,0.59
Landen Thomas,183310,TE,FLORIDA ST,10,11.5,0,50.0,50.0,1,2,0,0.0,0,0.3,2,167,0,73.1,64.1,59.7,40.8,62.1,23.1,9,0,25,25.6,10,39,0,56.4,3,74.4,29,48.7,19,107.6,6,2,7.7,3,35,7,2.3,11.7,1.21
Dillon Hipp,184742,TE,MO STATE,11,8.2,0,66.7,100.0,1,1,0,0.0,0,0.35,1,230,0,74.9,65.0,36.3,47.5,56.5,93.4,71,0,9,38.2,29,76,1,50.7,4,60.5,46,6.6,5,75.7,6,0,0.0,0,26,11,2.8,6.5,0.57
Travis Smith Jr.,200185,WR,TENNESSEE,6,11.2,0,50.0,50.0,1,2,0,0.0,0,0.34,1,307,0,73.1,64.1,54.1,,54.3,0.0,0,0,13,0.0,0,45,1,56.8,3,97.8,44,0.0,0,63.9,6,0,100.0,45,29,13,4.3,9.7,0.66
Alex Taylor,183341,WR,N CAROLINA,6,11.5,0,50.0,0.0,0,2,0,0.0,0,-0.16,1,245,0,73.1,64.1,51.1,,50.1,0.0,0,1,15,0.0,0,65,0,37.7,3,93.8,61,32.3,21,22.9,6,0,66.2,43,27,15,5.0,9.0,0.44
Harry Stewart III,183815,HB,KANSAS,9,-2.3,0,83.3,0.0,0,1,0,0.0,0,-0.06,2,198,0,76.3,77.3,64.7,36.3,69.5,0.0,0,0,10,33.3,13,39,0,39.5,5,66.7,26,0.0,0,86.8,6,0,5.1,2,29,46,9.2,5.8,1.12
Jaylen Elder,200221,WR,UAB,7,27.3,0,16.7,50.0,1,2,0,0.0,0,-0.12,1,321,0,70.7,65.3,53.7,,53.2,0.0,0,2,9,0.0,0,62,0,45.5,1,88.7,55,14.5,9,0.0,6,0,85.5,53,9,0,0.0,9.0,0.16
Connor Walendzak,171392,HB,TOLEDO,8,4.0,0,66.7,0.0,0,1,0,20.0,1,-0.12,0,316,0,49.8,79.6,61.6,86.7,46.7,0.0,0,0,8,29.4,20,68,0,47.8,4,69.1,47,2.9,2,72.2,6,0,7.4,5,21,11,2.8,5.3,0.45
Dozie Ezukanma,183821,WR,TCU,5,14.0,0,33.3,,0,0,0,0.0,0,-0.21,2,305,0,70.7,62.9,55.9,,56.9,0.0,0,1,17,0.0,0,48,0,42.2,2,93.8,45,33.3,16,9.7,6,0,64.6,31,28,13,6.5,14.0,0.62
Dante Daniels,183360,TE,NC STATE,12,5.7,1,100.0,100.0,1,1,0,0.0,0,0.13,5,248,0,77.5,66.2,77.0,72.5,72.7,78.4,58,0,15,37.8,28,74,1,47.0,6,58.1,43,17.6,13,142.4,6,1,4.1,3,52,21,3.5,8.7,1.21
Julian Allen,171369,WR,TOLEDO,6,13.8,0,50.0,0.0,0,1,0,0.0,0,-0.02,1,316,0,73.1,68.8,58.1,,57.5,0.0,0,0,12,0.0,0,25,0,47.8,3,92.0,23,80.0,20,56.3,6,0,20.0,5,15,19,6.3,5.0,0.65
Jake Taylor,162702,TE,DUKE,10,6.8,0,33.3,0.0,0,1,1,33.3,1,0.06,2,154,0,31.6,62.9,51.1,71.3,52.2,49.0,25,0,16,15.7,8,51,1,46.8,2,80.4,41,37.3,19,43.8,6,0,9.8,5,20,3,1.5,10.0,0.49
Jordan Owens,164222,TE,N CAROLINA,11,5.5,0,100.0,,0,0,0,0.0,0,0.02,2,245,0,77.5,66.2,45.1,63.0,57.3,78.5,84,0,19,51.4,55,107,1,46.4,6,43.9,47,16.8,18,133.3,6,1,3.7,4,39,11,1.8,6.5,0.83
Jordan Scott,200308,WR,MARYLAND,6,28.2,0,16.7,0.0,0,3,0,50.0,1,-0.87,1,215,0,24.5,61.0,53.8,,53.4,0.0,0,1,10,0.0,0,18,0,6.3,1,88.9,16,16.7,3,0.0,6,0,83.3,15,10,4,4.0,10.0,0.63
Branson Robinson,163749,HB,GA STATE,12,0.7,0,83.3,,0,0,0,16.7,1,0.17,0,175,0,49.8,81.9,60.5,17.8,47.5,0.0,0,0,7,20.8,16,77,1,46.6,5,77.9,60,1.3,1,81.9,6,0,1.3,1,22,17,3.4,4.4,0.37
Nader Chirchi,171037,TE,UCONN,12,10.3,0,50.0,100.0,1,1,0,40.0,2,0.61,3,146,0,21.7,65.4,49.7,66.8,47.7,70.6,36,0,23,31.4,16,51,0,53.1,3,66.7,34,25.5,13,75.0,6,0,2.0,1,45,12,4.0,15.0,1.32
Elliott Brow,183453,WR,UTSA,4,-0.3,2,83.3,,0,0,0,0.0,0,-0.21,1,331,0,76.3,78.2,62.0,,62.1,0.0,0,0,17,0.0,0,16,0,53.3,5,93.8,15,100.0,16,90.3,6,0,0.0,0,34,31,6.2,6.8,2.27
Terrence Smith Jr.,188214,WR,UCONN,10,-2.3,3,83.3,,0,0,0,16.7,1,0.2,2,146,0,53.4,76.1,61.9,,63.3,0.0,0,0,16,0.0,0,31,0,53.6,5,87.1,27,58.1,18,95.1,6,0,32.3,10,41,51,10.2,8.2,1.52
Harold Duvall,204026,WR,FRESNO ST,6,22.2,0,50.0,100.0,1,1,0,0.0,0,0.08,3,169,0,73.1,64.1,71.0,,70.9,0.0,0,0,25,0.0,0,31,0,39.3,3,90.3,28,12.9,4,125.0,6,1,87.1,27,60,12,4.0,20.0,2.14
Quinn Clark,183552,WR,NEBRASKA,12,12.2,1,66.7,0.0,0,1,1,0.0,0,0.31,3,238,0,74.9,65.0,66.8,,60.7,0.0,0,0,43,0.0,0,65,1,49.2,4,96.9,63,12.3,8,149.3,6,1,87.7,57,101,55,13.8,25.3,1.6
Bryson Jones,204357,WR,TEXAS TECH,5,16.0,0,83.3,0.0,0,1,0,0.0,0,0.48,4,315,0,76.3,65.7,67.8,,69.2,0.0,0,1,38,0.0,0,29,1,50.0,5,89.7,26,10.3,3,118.8,6,2,89.7,26,76,25,5.0,15.2,2.92
Tanner Lemaster,175154,TE,E MICHIGAN,5,7.2,0,83.3,100.0,1,1,0,0.0,0,0.11,4,160,0,76.3,65.7,74.4,35.7,83.4,63.0,17,0,33,33.3,9,27,0,52.0,5,63.0,17,37.0,10,114.6,6,0,0.0,0,69,38,7.6,13.8,4.06
Joshua Guerin,175238,WR,NAVY,12,18.0,1,50.0,33.3,1,3,0,0.0,0,0.55,2,237,0,73.1,66.9,57.8,,55.9,0.0,0,0,35,0.0,0,84,0,47.6,3,97.6,82,1.2,1,85.4,6,0,98.8,83,60,4,1.3,20.0,0.73
Ricky Johnson,191200,WR,MISS STATE,12,7.3,1,50.0,0.0,0,1,0,25.0,1,0.18,1,227,0,39.5,66.0,52.2,,51.5,0.0,0,0,12,0.0,0,59,0,39.6,3,89.8,53,47.5,28,56.3,6,0,50.8,30,17,14,4.7,5.7,0.32
Deshaun Buchanan,175075,HB,NEW MEXICO,9,3.3,0,100.0,100.0,1,1,0,0.0,0,-0.05,2,241,0,77.5,24.8,61.3,80.1,63.5,0.0,0,0,30,23.9,11,46,0,47.6,6,69.6,32,8.7,4,105.6,6,0,23.9,11,56,36,6.0,9.3,1.75
Malachi Durant,191211,WR,OREGON ST,10,13.0,0,50.0,,0,0,2,25.0,1,-0.02,2,265,0,39.5,64.1,54.3,,52.2,0.0,0,0,11,0.0,0,68,2,41.8,3,98.5,67,11.8,8,102.1,6,1,88.2,60,27,10,3.3,9.0,0.4
Ryan Manning,170198,WR,MARYLAND,4,6.7,0,50.0,0.0,0,2,0,25.0,1,-0.09,1,215,0,39.5,64.1,55.6,,53.6,0.0,0,0,13,0.0,0,27,0,41.7,3,88.9,24,40.7,11,61.1,6,0,59.3,16,25,9,3.0,8.3,1.04
Reis Stocksdale,73860,WR,BOWL GREEN,10,0.7,0,66.7,,0,0,0,20.0,1,-0.21,1,122,0,45.4,70.5,51.9,,51.4,0.0,0,0,17,0.0,0,57,0,35.2,4,94.7,54,87.7,50,73.6,6,0,12.3,7,23,28,7.0,5.8,0.43
Ty Washington,157029,TE,NOTRE DAME,11,5.8,0,83.3,50.0,1,2,0,0.0,0,0.34,3,258,0,76.3,65.7,47.0,40.5,60.4,68.5,61,0,14,37.1,33,89,2,53.6,5,58.4,52,23.6,21,129.9,6,1,2.2,2,34,13,2.6,6.8,0.65
C'Quan Jnopierre,165468,WR,FIU,3,10.5,1,83.3,0.0,0,1,0,0.0,0,0.87,4,166,0,76.3,83.2,80.3,,83.5,0.0,0,0,64,0.0,0,17,0,66.7,5,88.2,15,82.4,14,118.8,6,0,17.6,3,126,68,13.6,25.2,8.4
Kaelon Black,138448,HB,INDIANA,12,2.7,2,66.7,0.0,0,2,0,0.0,0,0.43,1,190,0,74.9,64.6,77.2,49.0,54.8,0.0,0,0,10,26.1,37,142,1,57.6,4,70.4,100,2.8,4,79.2,6,0,2.8,4,31,24,6.0,7.8,0.31
Mike Wright Jr.,124366,QB,E CAROLINA,8,-1.6,1,100.0,,0,0,0,0.0,0,-0.08,1,156,0,76.3,77.2,69.8,,63.3,0.0,0,0,20,0.0,0,23,0,39.1,5,69.6,16,26.1,6,95.8,5,0,30.4,7,35,43,8.6,7.0,2.19
Bryan Robinson,122413,WR,MARSHALL,6,7.4,1,60.0,50.0,2,4,0,0.0,0,-0.35,1,214,0,73.1,65.4,56.6,,55.5,0.0,0,0,19,0.0,0,37,0,35.1,3,100.0,37,5.4,2,77.1,5,0,94.6,35,30,11,3.7,10.0,0.81
Isaiah Hardge,171894,WR,COLORADO,5,0.6,1,100.0,100.0,1,1,0,0.0,0,0.19,2,143,0,76.3,67.0,53.5,,56.2,0.0,0,0,11,0.0,0,45,1,57.1,5,93.3,42,95.6,43,97.5,5,0,4.4,2,37,34,6.8,7.4,0.88
Cam Settles,200090,HB,ARKANSAS,3,4.6,1,40.0,,0,0,0,50.0,2,0.27,1,111,0,17.0,70.9,59.3,45.6,31.7,0.0,0,0,11,26.7,8,30,0,44.4,2,70.0,21,3.3,1,48.8,5,0,3.3,1,16,10,5.0,8.0,0.76
Brycen Coleman,188510,TE,VANDERBILT,12,18.8,0,60.0,100.0,1,1,0,0.0,0,0.56,2,333,0,73.1,66.0,56.0,64.5,54.7,25.0,10,0,54,2.5,1,40,0,55.0,3,97.5,39,55.0,22,143.8,5,1,20.0,8,67,20,6.7,22.3,1.72
Frank Peasant,121817,HB,MEMPHIS,10,-3.0,0,100.0,,0,0,0,0.0,0,-0.32,0,218,0,76.3,82.7,81.0,68.8,59.4,0.0,0,0,5,30.2,19,63,0,29.8,5,65.1,41,1.6,1,79.2,5,0,0.0,0,2,17,3.4,0.4,0.05
Owen Anderson,158195,TE,UMASS,6,8.2,1,60.0,,0,0,0,0.0,0,-0.14,2,216,0,73.1,64.1,57.2,70.5,66.9,36.1,13,0,12,16.7,6,36,0,34.3,3,80.6,29,61.1,22,117.5,5,1,0.0,0,31,16,5.3,10.3,1.07
Jordan Nubin,144983,HB,KENT STATE,8,-1.0,0,60.0,,0,0,0,0.0,0,0.14,0,201,0,73.1,85.4,67.5,59.7,54.5,0.0,0,0,13,28.6,26,91,0,43.4,3,64.8,59,0.0,0,64.6,5,0,1.1,1,12,13,4.3,4.0,0.2
DJ Jordan,183622,WR,USC,4,1.6,1,100.0,,0,0,0,0.0,0,-0.05,1,326,1,76.3,13.7,64.5,,64.2,0.0,0,0,14,0.0,0,22,0,45.0,5,90.9,20,31.8,7,98.3,5,0,68.2,15,38,30,6.0,7.6,1.9
Elijah Moore,190573,WR,FLORIDA ST,5,19.8,0,60.0,,0,0,0,0.0,0,0.45,3,167,0,73.1,64.1,69.7,,67.2,0.0,0,0,19,0.0,0,24,0,56.5,3,95.8,23,20.8,5,95.4,5,0,79.2,19,52,6,2.0,17.3,2.26
Braylen Russell,184393,HB,ARKANSAS,9,-0.8,1,80.0,,0,0,0,20.0,1,0.24,1,111,0,49.8,62.1,75.0,29.2,50.2,0.0,0,0,14,31.5,28,89,0,51.2,4,61.8,55,1.1,1,89.2,5,0,5.6,5,27,24,6.0,6.8,0.49
Girard Pringle Jr.,200163,HB,MIAMI FL,7,5.8,1,80.0,,0,0,0,0.0,0,0.61,3,220,0,74.9,83.4,74.3,55.0,68.0,0.0,0,0,19,26.2,16,61,0,59.6,4,67.2,41,4.9,3,150.4,5,1,0.0,0,53,41,10.3,13.3,1.29
Dedrick Latulas,170463,WR,LA TECH,7,10.6,1,80.0,50.0,1,2,0,0.0,0,-0.21,2,208,0,74.9,86.3,53.0,63.1,58.5,0.0,0,0,25,1.8,1,56,0,41.5,4,92.9,52,92.9,52,115.8,5,0,7.1,4,59,32,8.0,14.8,1.13
Ta'ir Brooks,156919,WR,CHARLOTTE,3,14.8,0,20.0,0.0,0,1,0,0.0,0,0.13,0,136,0,66.7,61.0,51.2,,52.2,0.0,0,0,9,0.0,0,33,1,46.7,1,90.9,30,9.1,3,39.6,5,0,90.9,30,9,0,0.0,9.0,0.3
Sterling Lockett,157758,WR,KANSAS ST,9,10.4,0,60.0,0.0,0,1,0,0.0,0,0.01,2,199,0,73.1,82.4,55.6,,54.8,0.0,0,0,19,0.0,0,66,0,45.5,3,100.0,66,57.6,38,84.6,5,0,37.9,25,39,5,1.7,13.0,0.59
Connor Cox,174320,TE,N CAROLINA,10,1.4,1,100.0,,0,0,0,0.0,0,0.17,2,245,0,76.3,65.7,68.7,69.6,50.2,72.2,70,0,9,32.0,31,97,0,44.0,5,63.9,62,23.7,23,84.2,5,0,3.1,3,21,14,2.8,4.2,0.34
Davis Dalton,163558,WR,SO MISS,8,19.6,0,80.0,100.0,1,1,0,0.0,0,0.52,4,296,0,74.9,66.0,63.4,,62.9,0.0,0,0,34,0.0,0,50,0,52.4,4,84.0,42,50.0,25,158.3,5,1,50.0,25,82,1,0.3,20.5,1.95
EJ Smith,131782,HB,TEXAS A&M,9,-3.2,1,80.0,,0,0,0,20.0,1,0.24,2,312,0,45.4,81.4,74.2,80.0,52.1,2.6,2,0,7,47.4,36,76,0,48.0,4,52.6,40,2.6,2,81.7,5,0,0.0,0,18,34,8.5,4.5,0.45
Bryce Baker,188370,HB,GA SOUTHRN,5,-3.0,1,100.0,,0,0,0,0.0,0,0.1,1,174,0,76.3,75.1,60.5,80.5,59.6,2.1,1,0,13,25.5,12,47,0,37.8,5,72.3,34,6.4,3,84.2,5,0,10.6,5,21,36,7.2,4.2,0.62
Luca Puccinelli,190956,TE,PURDUE,1,11.6,0,60.0,100.0,1,1,0,0.0,0,0.15,1,273,0,73.1,64.1,58.9,65.4,62.3,70.6,12,0,17,5.9,1,17,0,50.0,3,88.2,15,11.8,2,72.1,5,0,17.6,3,24,7,2.3,8.0,1.6
Devin Alves,157652,WR,VA TECH,10,16.8,1,60.0,50.0,1,2,0,0.0,0,-0.3,3,337,0,73.1,64.1,59.3,,60.8,0.0,0,0,19,0.0,0,47,0,30.4,3,97.9,46,2.1,1,129.2,5,1,97.9,46,45,10,3.3,15.0,0.98
Marquez Taylor,173772,HB,UTEP,7,-0.8,0,60.0,,0,0,0,25.0,1,-0.37,1,330,0,39.5,75.8,55.9,83.5,45.1,0.0,0,0,7,33.3,13,39,0,36.1,3,61.5,24,23.1,9,64.6,5,0,5.1,2,13,15,5.0,4.3,0.54
Justin Erb,184951,TE,WYOMING,10,2.0,0,60.0,0.0,0,1,0,40.0,2,-0.12,1,351,0,22.0,64.1,41.4,52.4,47.7,89.1,41,0,9,30.4,14,46,0,44.2,3,63.0,29,8.7,4,110.8,5,1,2.2,1,23,20,6.7,7.7,0.79
Leyton Cure,191165,TE,KANSAS,11,12.2,2,80.0,,0,0,0,0.0,0,-0.25,4,198,0,74.9,66.0,61.5,32.2,68.2,54.2,32,1,27,35.6,21,59,1,39.3,4,62.7,37,32.2,19,118.8,5,1,5.1,3,63,14,3.5,15.8,1.7
Josh Altsman,162768,TE,PITTSBURGH,5,4.8,0,100.0,,0,0,0,0.0,0,0.32,3,268,0,76.3,65.7,70.7,65.6,75.7,41.4,12,0,13,31.0,9,29,0,44.4,5,65.5,19,31.0,9,132.1,5,1,6.9,2,31,7,1.4,6.2,1.63
Hogan Hansen,183686,TE,MICHIGAN,3,13.8,0,60.0,100.0,1,1,0,0.0,0,0.0,3,222,0,74.9,65.0,71.7,,72.5,43.6,17,1,26,0.0,0,39,0,43.2,3,94.9,37,46.2,18,48.3,5,0,10.3,4,43,10,3.3,14.3,1.16
Darius Copeland,174926,WR,LIBERTY,9,17.6,1,20.0,0.0,0,1,0,0.0,0,-0.07,1,206,0,66.7,61.0,56.4,,56.0,0.0,0,1,2,0.0,0,30,0,43.3,1,100.0,30,93.3,28,0.0,5,0,6.7,2,-1,3,3.0,-1.0,-0.03
Dane Benedix,198674,WR,LA TECH,6,9.4,0,60.0,100.0,1,1,0,0.0,0,-0.22,1,208,0,73.1,64.1,54.1,,55.5,0.0,0,0,10,0.0,0,44,0,42.9,3,95.5,42,2.3,1,67.9,5,0,97.7,43,19,2,0.7,6.3,0.45
Bennett Christian,156482,TE,OHIO STATE,11,3.2,0,100.0,,0,0,0,0.0,0,0.47,2,260,0,76.3,65.7,47.2,50.8,56.5,67.2,41,0,6,41.0,25,61,1,50.9,5,52.5,32,21.3,13,119.6,5,1,4.9,3,16,9,1.8,3.2,0.5
Manny Covey,173029,HB,CINCINNATI,6,11.4,0,60.0,100.0,1,1,0,25.0,1,0.17,2,138,0,40.2,62.8,62.9,45.4,71.8,0.0,0,0,37,16.7,3,18,0,50.0,3,83.3,15,0.0,0,97.1,5,0,5.6,1,54,18,6.0,18.0,3.6
Leyton Smithson,158525,WR,WASH STATE,6,15.6,0,40.0,,0,0,0,0.0,0,-0.32,1,341,0,70.7,70.7,46.3,,47.6,0.0,0,1,7,0.0,0,54,0,33.3,2,94.4,51,5.6,3,8.3,5,0,94.4,51,9,4,2.0,4.5,0.18
Will Monney,174765,TE,OKLA STATE,4,5.8,0,60.0,0.0,0,1,0,0.0,0,-0.48,3,262,0,73.1,64.1,55.0,70.6,64.4,35.1,13,0,23,13.5,5,37,0,38.9,3,86.5,32,54.1,20,84.6,5,0,2.7,1,39,19,6.3,13.0,1.22
Quentin Moore,146475,TE,WASHINGTON,11,0.0,0,80.0,,0,0,0,0.0,0,0.2,3,340,0,74.9,65.0,72.4,74.4,65.6,91.6,98,0,19,61.7,66,107,0,50.5,4,38.3,41,7.5,8,109.2,5,0,0.0,0,51,54,13.5,12.8,1.24
LaKelsey Johnson Jr.,158559,TE,BAYLOR,7,9.2,0,60.0,,0,0,0,0.0,0,0.04,2,118,0,73.1,66.4,59.3,52.9,61.6,51.1,23,0,15,28.9,13,45,1,47.7,3,71.1,32,48.9,22,79.6,5,0,0.0,0,33,12,4.0,11.0,1.03
Xavier Irvin,173272,WR,TEMPLE,4,2.8,1,100.0,100.0,2,2,0,0.0,0,0.86,4,306,0,77.5,67.4,73.1,,73.9,0.0,0,0,46,0.0,0,31,0,70.4,5,87.1,27,32.3,10,158.3,5,1,67.7,21,85,73,14.6,17.0,3.15
Jaren Randle,123327,WR,UTSA,9,6.4,1,100.0,100.0,1,1,0,0.0,0,0.26,4,331,0,76.3,66.6,65.4,,64.9,0.0,0,0,28,0.0,0,55,0,49.1,5,96.4,53,30.9,17,157.9,5,1,69.1,38,62,30,6.0,12.4,1.17
TJ Washington Jr.,170178,HB,IOWA,7,-4.0,0,80.0,,0,0,0,0.0,0,-0.43,1,192,0,74.9,78.7,67.2,69.0,62.0,0.0,0,0,16,21.7,10,46,0,34.8,4,76.1,35,10.9,5,81.7,5,0,13.0,6,18,38,9.5,4.5,0.51
Nana Burris,149719,WR,ARK STATE,4,12.4,0,60.0,,0,0,0,0.0,0,-0.37,2,113,0,73.1,64.1,60.0,,58.2,0.0,0,0,15,0.0,0,43,0,30.0,3,93.0,40,25.6,11,80.4,5,0,74.4,32,34,23,7.7,11.3,0.85
Nasir Williams,191050,WR,C MICHIGAN,7,12.4,0,80.0,50.0,1,2,0,20.0,1,0.25,3,134,0,45.4,65.0,69.7,,68.5,0.0,0,0,27,0.0,0,30,0,39.3,4,93.3,28,6.7,2,158.3,5,1,93.3,28,76,28,7.0,19.0,2.71
Drew Cassens,130544,TE,BALL ST,11,6.0,1,100.0,,0,0,0,0.0,0,0.04,3,117,0,76.3,66.6,66.6,68.1,66.4,70.1,47,0,37,31.3,21,67,2,49.2,5,64.2,43,26.9,18,152.1,5,1,1.5,1,55,31,6.2,11.0,1.28
J.T. Byrne,146347,TE,GA TECH,12,7.6,0,80.0,,0,0,1,0.0,0,0.26,2,176,0,74.9,65.0,55.2,58.5,57.2,75.2,85,0,21,55.8,63,113,1,57.1,4,44.2,50,12.4,14,132.9,5,1,2.7,3,32,16,4.0,8.0,0.64
Nate Roberts,199849,TE,OHIO STATE,10,6.8,0,80.0,,0,0,0,20.0,1,0.26,3,260,0,45.4,67.8,54.8,75.5,56.0,39.3,11,0,15,17.9,5,28,1,60.0,4,71.4,20,28.6,8,91.7,5,0,3.6,1,30,3,0.8,7.5,1.5
Cody Hardy,159122,TE,NC STATE,12,11.6,0,100.0,,0,0,0,0.0,0,0.34,3,248,0,76.3,67.0,79.7,76.3,64.1,84.4,76,0,37,37.8,34,90,3,53.0,5,58.9,53,12.2,11,158.3,5,2,3.3,3,79,24,4.8,15.8,1.49
Omar Mabson II,203971,HB,AUBURN,7,2.8,1,80.0,,0,0,0,20.0,1,-0.35,3,115,0,45.4,75.7,62.4,31.3,56.9,2.6,1,1,13,28.2,11,39,0,34.2,4,69.2,27,5.1,2,62.1,5,0,5.1,2,42,31,7.8,10.5,1.56
Brandon Young Jr.,183483,TE,N TEXAS,11,8.2,0,40.0,,0,0,0,0.0,0,0.37,2,251,0,73.1,67.2,59.9,74.8,57.3,44.2,19,0,8,27.9,12,43,0,51.2,2,67.4,29,37.2,16,87.5,5,1,9.3,4,10,10,5.0,5.0,0.34
Chris Lawson Jr.,174995,WR,APP STATE,4,9.0,0,60.0,0.0,0,1,1,0.0,0,-0.02,2,108,0,73.1,64.1,62.5,,59.7,0.0,0,1,18,0.0,0,27,1,40.0,3,92.6,25,3.7,1,47.5,5,0,96.3,26,42,23,7.7,14.0,1.68
Muizz Tounkara,204484,WR,FLORIDA,7,9.2,0,40.0,0.0,0,1,0,0.0,0,-0.42,0,163,0,70.7,62.9,49.4,,48.2,0.0,0,0,8,0.0,0,42,0,38.1,2,100.0,42,19.0,8,47.9,5,0,81.0,34,12,10,5.0,6.0,0.29
Kam Thomas,149138,HB,UTEP,1,6.8,0,80.0,,0,0,0,20.0,1,-0.01,1,330,0,45.9,79.6,56.8,65.3,49.7,0.0,0,0,13,18.2,8,44,0,30.0,4,72.7,32,63.6,28,88.3,5,0,2.3,1,26,19,4.8,6.5,0.81
Zion Kearney,184598,WR,OKLAHOMA,5,14.4,0,40.0,0.0,0,1,0,33.3,1,-0.49,2,261,0,31.6,62.9,56.9,,60.5,0.0,0,0,16,0.0,0,19,1,26.3,2,100.0,19,78.9,15,61.3,5,0,21.1,4,31,15,7.5,15.5,1.63
Avion McBride,156691,TE,GA STATE,10,8.4,0,40.0,0.0,0,2,0,0.0,0,-0.05,0,175,0,70.7,62.9,55.5,63.9,49.3,78.3,47,0,8,43.3,26,60,1,48.1,2,50.0,30,21.7,13,47.9,5,0,0.0,0,13,12,6.0,6.5,0.43
Makai Jackson,159480,WR,INDIANA,3,10.4,0,60.0,,0,0,0,25.0,1,0.36,1,190,0,39.5,66.8,54.3,,50.7,0.0,0,0,6,0.0,0,11,0,63.6,3,100.0,11,0.0,0,64.6,5,0,100.0,11,15,0,0.0,5.0,1.36
Mel Brown,169178,HB,UCONN,4,-2.6,1,80.0,100.0,1,1,0,0.0,0,0.65,1,146,0,74.9,79.0,70.7,71.7,61.7,0.0,0,0,6,8.0,2,25,0,58.3,4,88.0,22,12.0,3,79.2,5,0,12.0,3,12,24,6.0,3.0,0.55
Koby Howard,199913,WR,PENN STATE,8,17.0,0,100.0,100.0,1,1,0,0.0,0,0.31,4,266,0,76.3,65.7,65.9,,63.5,0.0,0,0,31,0.0,0,57,0,51.9,5,91.2,52,3.5,2,118.8,5,0,96.5,55,99,14,2.8,19.8,1.9
Jamai East,176396,WR,OREGON ST,2,9.4,0,100.0,100.0,2,2,0,0.0,0,0.22,3,265,0,76.3,65.7,80.0,,80.1,0.0,0,0,28,0.0,0,16,0,71.4,5,87.5,14,0.0,0,113.3,5,0,100.0,16,56,9,1.8,11.2,4.0
Carterrious Brown,199175,WR,SMU,3,7.4,1,60.0,0.0,0,1,0,0.0,0,-0.25,1,287,0,73.1,64.1,59.1,,59.1,0.0,0,0,12,0.0,0,25,0,45.8,3,96.0,24,16.0,4,72.9,5,0,84.0,21,25,8,2.7,8.3,1.04
Link Rhodes,199156,WR,SMU,10,15.2,1,60.0,0.0,0,1,1,0.0,0,0.08,2,287,0,73.1,71.7,58.8,,57.8,0.0,0,0,12,0.0,0,47,1,45.7,3,97.9,46,10.6,5,77.1,5,0,89.4,42,30,22,7.3,10.0,0.65
Ja'Quez Cross,145108,HB,ARK STATE,1,-2.8,0,100.0,100.0,1,1,0,0.0,0,0.9,3,113,0,76.3,73.9,70.8,79.2,83.5,0.0,0,0,13,22.7,5,22,0,63.6,5,77.3,17,0.0,0,132.9,5,1,0.0,0,32,49,9.8,6.4,1.88
Chase Tyler,189398,WR,DUKE,9,19.6,0,80.0,100.0,2,2,0,0.0,0,0.13,3,154,0,74.9,65.0,71.0,,69.2,0.0,0,0,62,0.0,0,33,1,53.1,4,97.0,32,21.2,7,118.8,5,0,78.8,26,120,63,15.8,30.0,3.75
Jo'Shon Barbie,160174,HB,MARSHALL,9,-1.0,0,100.0,,0,0,0,0.0,0,0.22,2,214,0,76.3,83.1,69.5,88.0,51.4,0.0,0,0,12,36.2,38,105,0,45.0,5,61.0,64,10.5,11,91.7,5,0,1.9,2,30,35,7.0,6.0,0.47
Simeon Price,146843,HB,COLORADO,4,-0.4,0,80.0,,0,0,0,0.0,0,0.05,1,143,0,74.9,77.0,69.7,45.7,60.5,0.0,0,0,11,33.3,19,57,0,30.2,4,64.9,37,5.3,3,79.2,5,0,1.8,1,10,18,4.5,2.5,0.27
Max Drag,174988,TE,UCF,10,7.8,0,60.0,66.7,2,3,0,0.0,0,-0.16,1,323,0,73.1,64.1,50.7,73.0,54.0,78.2,68,1,11,54.0,47,87,3,43.5,3,46.0,40,13.8,12,28.3,5,0,3.4,3,19,4,1.3,6.3,0.48
Trent Thomas,172314,TE,S ALABAMA,12,2.6,0,80.0,50.0,1,2,0,0.0,0,-0.03,2,288,0,76.3,65.7,48.4,64.3,56.3,86.4,114,0,16,58.3,77,132,1,47.9,4,37.1,49,11.4,15,95.0,5,0,2.3,3,34,22,5.5,8.5,0.69
Alex Lines,128361,TE,NWESTERN,8,3.4,0,80.0,,0,0,0,20.0,1,0.1,1,256,1,45.4,12.0,41.4,70.6,33.5,67.2,39,0,7,15.5,9,58,0,42.9,4,82.8,48,29.3,17,79.2,5,0,3.4,2,14,9,2.3,3.5,0.29
Kyler Kasper,163298,WR,OREGON,4,13.2,0,40.0,,0,0,0,0.0,0,0.37,2,264,0,70.7,62.9,67.5,,63.8,0.0,0,0,40,0.0,0,26,1,47.8,2,88.5,23,7.7,2,77.9,5,0,92.3,24,51,4,2.0,25.5,2.22
Bryce Cain,184396,WR,AUBURN,5,3.6,1,80.0,0.0,0,1,0,20.0,1,-0.06,1,115,0,45.4,69.1,50.0,,49.9,0.0,0,0,17,0.0,0,33,0,42.4,4,100.0,33,93.9,31,87.5,5,0,6.1,2,25,11,2.8,6.3,0.76
Quanell Farrakhan Jr.,198299,WR,COLORADO,9,12.0,3,20.0,,0,0,0,50.0,1,-0.23,1,143,0,24.9,78.1,50.7,,50.1,0.0,0,0,17,0.0,0,72,0,34.8,1,95.8,69,9.7,7,41.3,5,0,90.3,65,17,9,9.0,17.0,0.25
Peyton Jones,170051,HB,DUKE,3,4.2,0,60.0,,0,0,0,25.0,1,-0.05,1,154,0,39.5,74.0,60.0,53.1,49.0,0.0,0,0,13,12.5,3,24,0,41.7,3,87.5,21,4.2,1,71.3,5,0,0.0,0,23,25,8.3,7.7,1.1
Sione Moa,183773,HB,BYU,3,3.4,0,100.0,100.0,1,1,0,0.0,0,0.09,2,128,0,76.3,76.3,83.5,45.8,81.5,0.0,0,0,17,37.5,9,24,0,47.8,5,62.5,15,16.7,4,95.0,5,0,8.3,2,34,17,3.4,6.8,2.27
Preston Rex,163255,HB,BYU,5,-2.6,1,60.0,0.0,0,1,0,0.0,0,0.33,2,128,0,73.1,74.9,61.1,68.4,63.8,0.0,0,0,32,28.9,13,45,0,40.9,3,68.9,31,6.7,3,93.8,5,0,6.7,3,50,66,22.0,16.7,1.61
Maurice Turner,156329,HB,TULANE,8,1.2,1,20.0,,0,0,0,66.7,2,0.21,0,319,0,10.9,46.2,55.3,9.4,31.3,0.0,0,0,4,18.9,10,53,1,45.1,1,81.1,43,3.8,2,39.6,5,0,5.7,3,4,5,5.0,4.0,0.09
Carson Kent,160382,TE,OKLAHOMA,10,6.2,0,60.0,100.0,1,1,1,0.0,0,-0.03,2,261,0,73.1,64.1,61.5,72.8,62.7,68.8,33,0,13,35.4,17,48,2,50.0,3,62.5,30,25.0,12,73.8,5,0,6.3,3,26,2,0.7,8.7,0.87
Kenric Lanier II,173408,WR,MINNESOTA,8,23.4,0,60.0,,0,0,0,25.0,1,0.07,2,225,0,45.4,65.0,59.4,,60.3,0.0,0,0,52,0.0,0,46,0,48.9,3,97.8,45,21.7,10,104.2,5,0,78.3,36,79,16,5.3,26.3,1.76
Daunte Bacheyie,204295,WR,SYRACUSE,5,5.6,0,100.0,100.0,2,2,0,0.0,0,0.07,3,304,0,76.3,65.7,66.9,,66.5,0.0,0,0,15,0.0,0,27,0,44.4,5,100.0,27,3.7,1,101.7,5,0,96.3,26,42,14,2.8,8.4,1.56
Tommy Winton III,161259,WR,TENNESSEE,2,9.8,1,60.0,0.0,0,1,0,0.0,0,0.2,2,307,0,73.1,64.1,74.8,,70.4,0.0,0,0,12,0.0,0,10,0,70.0,3,100.0,10,70.0,7,73.8,5,0,30.0,3,26,16,5.3,8.7,2.6
Sean Wilson Jr.,156381,WR,FAU,4,6.4,0,20.0,0.0,0,2,0,0.0,0,-0.08,0,165,0,66.7,61.0,52.4,,52.1,0.0,0,1,4,0.0,0,27,0,42.3,1,96.3,26,3.7,1,0.0,5,0,96.3,26,4,0,0.0,4.0,0.15
Lamar Radcliffe,188843,HB,S JOSE ST,8,-6.0,0,80.0,,0,0,0,20.0,1,-0.11,1,285,1,46.6,30.6,70.8,74.5,34.9,0.0,0,0,15,76.2,112,147,0,40.6,4,23.1,34,2.0,3,126.3,5,1,0.7,1,24,50,12.5,6.0,0.71
Brandon Ramirez,173514,FB,FRESNO ST,11,-2.4,0,80.0,,0,0,0,20.0,1,-0.05,3,169,0,45.4,82.3,80.0,28.2,57.1,0.0,0,0,32,19.5,8,41,0,46.2,4,75.6,31,2.4,1,110.0,5,0,2.4,1,52,59,14.8,13.0,1.68
David Mbadinga,174136,HB,GA SOUTHRN,7,-4.8,3,100.0,,0,0,0,0.0,0,0.06,2,174,0,76.3,82.4,71.0,56.6,57.6,0.0,0,0,9,30.8,33,107,0,51.0,5,67.3,72,3.7,4,81.7,5,0,4.7,5,18,42,8.4,3.6,0.25
Quinton Jackson,163001,HB,RICE,12,7.2,3,80.0,,0,0,0,0.0,0,-0.09,1,275,0,74.9,90.5,72.0,48.2,57.6,0.0,0,0,75,50.8,66,130,0,40.3,4,46.9,61,7.7,10,158.3,5,1,0.8,1,74,64,16.0,18.5,1.21
Isaac Koch,163821,WR,KANSAS ST,5,8.0,0,50.0,0.0,0,1,0,0.0,0,0.09,1,199,0,70.7,62.9,56.6,,54.0,0.0,0,0,11,0.0,0,46,0,47.7,2,95.7,44,17.4,8,61.5,4,0,82.6,38,17,1,0.5,8.5,0.39
Christian Washington,163362,HB,S DIEGO ST,11,-0.3,1,75.0,,0,0,1,25.0,1,-0.38,2,284,0,39.5,71.3,72.2,64.2,47.6,2.9,2,0,11,21.4,15,70,1,39.1,3,71.4,50,14.3,10,122.9,4,1,8.6,6,18,22,7.3,6.0,0.36
Ja'shon Benjamin,170306,HB,RUTGERS,10,1.5,0,100.0,,0,0,0,0.0,0,-0.11,1,278,0,74.9,84.5,73.4,50.6,56.6,0.0,0,0,6,33.0,30,91,0,41.0,4,60.4,55,0.0,0,86.5,4,0,0.0,0,19,13,3.3,4.8,0.35
Hayden Reed,163213,HB,ARMY,11,6.3,0,50.0,,0,0,0,50.0,2,-0.11,0,114,1,17.0,31.1,55.3,47.7,26.9,2.4,2,0,3,63.5,54,85,0,34.2,2,31.8,27,3.5,3,56.3,4,0,2.4,2,2,2,1.0,1.0,0.07
Maximus Webster,163100,TE,BALL ST,12,0.8,1,100.0,,0,0,0,0.0,0,-0.56,3,117,0,74.9,67.3,65.9,,65.0,34.2,13,0,19,0.0,0,38,0,22.2,4,94.7,36,63.2,24,105.2,4,0,2.6,1,37,34,8.5,9.3,1.03
Tobi Olawole,170999,WR,ARMY,8,6.8,0,75.0,,0,0,0,0.0,0,-0.04,1,114,0,73.1,64.1,55.8,68.6,57.2,26.3,10,0,9,5.3,2,38,0,35.3,3,84.2,32,2.6,1,86.5,4,0,71.1,27,21,3,1.0,7.0,0.66
David Adolph,162858,WR,OHIO STATE,6,7.3,0,75.0,,0,0,0,25.0,1,0.53,2,260,0,39.5,64.1,59.6,,56.1,0.0,0,0,14,0.0,0,34,0,63.6,3,97.1,33,5.9,2,96.9,4,0,94.1,32,31,16,5.3,10.3,0.94
Messiah Burch,171198,HB,BUFFALO,6,-3.8,0,100.0,100.0,1,1,0,0.0,0,-0.04,0,126,0,74.9,73.3,67.1,67.9,58.1,0.0,0,0,4,6.3,1,16,0,25.0,4,93.8,15,43.8,7,79.2,4,0,6.3,1,-1,14,3.5,-0.3,-0.07
Tayte Vanderleest,171244,WR,C MICHIGAN,5,17.0,0,50.0,50.0,2,4,0,0.0,0,0.01,0,134,0,70.7,62.9,55.2,,54.4,0.0,0,0,11,0.0,0,23,0,42.9,2,91.3,21,4.3,1,63.5,4,0,95.7,22,19,0,0.0,9.5,0.9
Seth Adams,160362,TE,S DIEGO ST,12,6.0,0,75.0,0.0,0,1,1,0.0,0,-0.19,2,284,0,73.1,64.1,61.5,72.4,52.8,60.7,68,1,16,43.8,49,112,5,46.2,3,53.6,60,23.2,26,59.4,4,0,7.1,8,33,11,3.7,11.0,0.55
NaQuari Rogers,160350,HB,UTAH,12,2.8,0,75.0,,0,0,0,0.0,0,0.23,1,328,0,73.1,87.1,69.6,59.7,51.8,0.8,1,0,32,52.5,64,122,0,49.6,3,44.3,54,6.6,8,109.4,4,0,10.7,13,43,44,14.7,14.3,0.8
Shamar Easter,172405,TE,N CAROLINA,7,21.0,0,50.0,100.0,1,1,0,0.0,0,-0.07,1,245,1,70.7,9.0,46.5,67.4,48.3,16.3,8,0,15,2.0,1,49,0,48.9,2,93.9,46,73.5,36,63.5,4,0,8.2,4,19,0,0.0,9.5,0.41
Keyan Burnett,158714,TE,ARIZONA,4,11.3,1,50.0,,0,0,0,0.0,0,-0.07,0,109,0,70.7,62.9,39.5,54.3,48.8,54.4,31,1,6,17.5,10,57,1,48.1,2,75.4,43,43.9,25,16.7,4,0,1.8,1,11,1,0.5,5.5,0.26
Le'Veon Moss,158664,HB,TEXAS A&M,7,-0.3,3,50.0,,0,0,0,33.3,1,0.14,0,312,0,31.6,85.5,76.1,24.0,44.0,0.0,0,0,5,16.0,13,81,0,50.6,2,81.5,66,4.9,4,56.3,4,0,2.5,2,3,8,4.0,1.5,0.05
Thomas Wadsworth,158456,TE,UCF,3,10.3,0,75.0,,0,0,0,0.0,0,-0.01,3,323,0,73.1,64.1,66.4,67.3,66.7,64.3,9,0,12,21.4,3,14,0,42.9,3,78.6,11,35.7,5,92.7,4,0,0.0,0,27,11,3.7,9.0,2.45
Marquese Williams,173426,HB,AKRON,4,-1.5,0,75.0,,0,0,0,25.0,1,-0.64,1,102,0,39.5,77.0,60.1,0.9,48.9,0.0,0,0,15,23.8,5,21,0,33.3,3,76.2,16,9.5,2,77.1,4,0,0.0,0,12,23,7.7,4.0,0.75
Jaydn Ott,158325,HB,OKLAHOMA,7,-4.8,1,50.0,,0,0,0,33.3,1,0.18,0,261,0,31.6,77.2,53.1,23.9,41.9,0.0,0,0,14,21.1,8,38,0,41.7,2,76.3,29,13.2,5,56.3,4,0,7.9,3,10,20,10.0,5.0,0.34
Ashton Hollins,158207,WR,ILLINOIS,7,15.0,2,75.0,,0,0,0,25.0,1,-0.25,3,187,0,39.5,64.1,70.8,,70.2,0.0,0,0,49,0.0,0,23,0,38.1,3,91.3,21,8.7,2,156.3,4,1,91.3,21,90,41,13.7,30.0,4.29
JP Mikhael,174199,TE,GA SOUTHRN,9,4.8,0,50.0,,0,0,0,0.0,0,0.09,0,174,0,70.7,62.9,55.6,74.3,47.1,61.4,62,0,4,38.6,39,101,0,46.4,2,59.4,60,23.8,24,56.3,4,0,10.9,11,7,5,2.5,3.5,0.12
Ja'Kobi Jackson,174248,HB,FLORIDA,4,-3.3,3,100.0,,0,0,0,0.0,0,0.32,1,163,0,74.9,47.0,67.0,78.7,58.3,0.0,0,0,26,10.8,4,37,0,52.8,4,86.5,32,5.4,2,94.8,4,0,13.5,5,27,40,10.0,6.8,0.84
Harrison Saint Germain,157647,TE,VA TECH,7,3.5,0,100.0,,0,0,0,0.0,0,-0.04,2,337,0,74.9,65.0,66.9,62.1,64.9,27.6,8,0,9,3.4,1,29,0,37.0,4,93.1,27,72.4,21,95.8,4,0,0.0,0,28,14,3.5,7.0,1.04
Justin Williams-Thomas,157610,HB,MARSHALL,9,1.8,3,75.0,,0,0,0,0.0,0,-0.16,2,214,0,73.1,80.0,69.1,55.2,68.5,0.0,0,0,30,28.8,17,59,1,36.8,3,71.2,42,10.2,6,146.9,4,1,3.4,2,41,37,12.3,13.7,0.98
Jeremiah Coney,174777,HB,VA TECH,5,-0.8,1,75.0,,0,0,0,25.0,1,-0.43,0,337,0,40.2,72.8,58.1,19.3,39.5,0.0,0,0,9,46.2,12,26,1,39.1,3,50.0,13,0.0,0,80.2,4,0,0.0,0,15,14,4.7,5.0,1.15
Frank Bierman,157486,TE,MINNESOTA,11,0.5,0,75.0,0.0,0,1,0,0.0,0,0.02,0,225,0,73.1,64.1,59.9,80.0,50.8,43.5,20,0,5,30.4,14,46,1,53.7,3,63.0,29,15.2,7,77.1,4,0,6.5,3,12,10,3.3,4.0,0.41
Zeke Wimbush,174803,TE,VA TECH,8,5.8,0,0.0,0.0,0,3,0,,0,-0.16,0,337,0,,,43.2,53.3,46.8,34.4,11,0,0,12.5,4,32,2,36.7,0,81.3,26,65.6,21,39.6,4,0,0.0,0,0,0,,,0.0
Terrell Timmons Jr.,157423,WR,COLORADO,4,5.5,4,75.0,0.0,0,1,0,0.0,0,-0.03,3,143,0,74.9,65.0,66.6,,70.8,0.0,0,0,28,0.0,0,41,1,40.5,3,90.2,37,14.6,6,116.7,4,0,85.4,35,58,39,13.0,19.3,1.57
Joey Mattord,175055,HB,E MICHIGAN,10,2.8,0,100.0,,0,0,0,0.0,0,0.49,1,160,0,74.9,72.7,67.9,29.1,55.0,0.0,0,0,22,14.9,7,47,0,51.2,4,76.6,36,19.1,9,101.0,4,0,8.5,4,33,22,5.5,8.3,0.92
Max Whisner,157175,TE,AKRON,5,7.3,0,100.0,,0,0,0,0.0,0,0.32,2,102,0,77.5,66.2,92.0,69.6,92.9,77.8,14,0,23,33.3,6,18,0,53.3,4,50.0,9,11.1,2,143.8,4,1,0.0,0,36,14,3.5,9.0,4.0
Damari Alston,157037,HB,AUBURN,4,1.8,1,100.0,,0,0,0,0.0,0,0.01,2,115,0,74.9,79.6,66.5,54.2,61.0,1.3,1,0,12,45.3,34,75,0,47.9,4,54.7,41,5.3,4,96.9,4,0,5.3,4,29,22,5.5,7.3,0.71
Ray Ray Joseph Jr.,175379,WR,MIAMI FL,3,15.5,0,50.0,,0,0,0,0.0,0,0.06,1,220,0,70.7,66.2,60.7,,58.2,0.0,0,0,18,0.0,0,21,1,47.6,2,100.0,21,100.0,21,69.8,4,0,0.0,0,25,27,13.5,12.5,1.19
Braiden Staten,175571,TE,FIU,7,3.3,0,75.0,0.0,0,1,0,0.0,0,0.07,1,166,0,73.1,64.1,50.4,31.4,59.3,53.5,23,0,18,39.5,17,43,0,56.1,3,58.1,25,20.9,9,91.7,4,0,18.6,8,26,20,6.7,8.7,1.04
Ray Lotten,175897,TE,SM HOUSTON,8,7.5,0,75.0,,0,0,0,25.0,1,-0.07,2,281,0,39.5,64.1,50.7,74.5,49.6,25.4,15,0,36,11.9,7,59,1,34.5,3,83.1,49,67.8,40,116.7,4,0,1.7,1,54,31,10.3,18.0,1.1
Jordon Harris,175904,TE,MISSOURI,11,2.5,0,75.0,,0,0,0,25.0,1,-0.04,1,229,0,39.5,64.1,66.2,71.2,49.4,77.0,87,0,20,43.4,49,113,1,45.7,3,52.2,59,16.8,19,101.0,4,0,4.4,5,35,27,9.0,11.7,0.59
Bryson Hammer,176105,WR,TOLEDO,8,11.0,3,50.0,,0,0,0,0.0,0,0.4,1,316,0,70.7,89.0,59.5,,63.4,0.0,0,0,13,0.0,0,21,1,61.9,2,100.0,21,61.9,13,64.6,4,0,38.1,8,20,4,2.0,10.0,0.95
Jackson Grier,176322,WR,APP STATE,5,9.0,0,25.0,0.0,0,1,0,50.0,1,-0.4,1,108,0,24.5,73.0,52.3,,52.3,0.0,0,0,19,0.0,0,25,1,26.1,1,92.0,23,80.0,20,46.9,4,0,20.0,5,19,5,5.0,19.0,0.83
Jordan McIntyre,148671,WR,COLO STATE,10,7.0,1,75.0,100.0,1,1,0,0.0,0,-0.05,1,144,0,73.1,64.1,54.4,,54.2,0.0,0,0,9,0.0,0,38,0,40.6,3,84.2,32,71.1,27,88.5,4,0,28.9,11,23,5,1.7,7.7,0.72
Jawarn Howell,179059,HB,S CAROLINA,4,-4.3,1,100.0,,0,0,0,0.0,0,0.1,2,289,0,74.9,75.3,78.3,83.0,75.0,4.7,2,0,36,30.2,13,43,0,36.6,4,67.4,29,2.3,1,118.8,4,0,0.0,0,61,78,19.5,15.3,2.1
Marvin Sims,182956,WR,W KENTUCKY,4,11.3,1,50.0,,0,0,0,0.0,0,0.12,1,346,0,70.7,65.3,72.4,,69.3,0.0,0,0,11,0.0,0,13,0,50.0,2,92.3,12,92.3,12,103.1,4,1,7.7,1,19,16,8.0,9.5,1.58
David Eziomume,183196,HB,CLEMSON,8,1.0,2,75.0,,0,0,0,25.0,1,-0.42,0,140,0,39.5,75.6,52.4,14.2,44.3,0.0,0,0,4,21.6,8,37,0,33.3,3,75.7,28,2.7,1,77.1,4,0,2.7,1,10,20,6.7,3.3,0.36
Ny Carr,183228,WR,MIAMI FL,3,14.3,1,75.0,0.0,0,1,0,0.0,0,0.04,2,220,0,73.1,64.1,79.1,,74.9,0.0,0,0,25,0.0,0,11,0,45.5,3,100.0,11,18.2,2,111.5,4,0,81.8,9,45,23,7.7,15.0,4.09
Logan Diggs,147475,HB,OLE MISS,12,-1.5,2,100.0,,0,0,0,0.0,0,0.48,3,226,0,74.9,79.2,71.0,51.2,67.3,0.0,0,0,14,39.1,34,87,1,62.4,4,59.8,52,4.6,4,105.2,4,0,3.4,3,37,43,10.8,9.3,0.71
Blane Cleaver,147342,TE,BOWL GREEN,12,0.3,0,75.0,,0,0,0,0.0,0,-0.41,1,122,0,73.1,66.0,72.9,67.5,54.0,79.1,72,0,7,47.3,43,91,2,30.7,3,50.5,46,7.7,7,116.7,4,1,2.2,2,11,13,4.3,3.7,0.24
Hunter Herring,147138,QB,LA MONROE,10,-3.3,0,100.0,,0,0,0,0.0,0,0.16,1,209,0,74.9,41.1,58.9,76.1,58.9,2.7,1,0,15,5.4,2,37,1,40.0,4,67.6,25,40.5,15,84.4,4,0,18.9,7,17,30,7.5,4.3,0.68
Jaden Hart,183374,HB,SYRACUSE,5,-0.5,0,75.0,,0,0,0,0.0,0,0.48,0,304,0,73.1,75.5,58.4,55.2,60.7,0.0,0,0,4,44.7,17,38,0,58.3,3,52.6,20,2.6,1,77.1,4,0,0.0,0,8,8,2.7,2.7,0.4
Kiefer Sibley,183481,HB,N TEXAS,7,-0.5,1,75.0,,0,0,0,0.0,0,0.59,1,251,0,73.1,80.5,74.8,24.4,59.7,0.0,0,0,20,32.1,18,56,0,52.8,3,66.1,37,8.9,5,100.0,4,0,3.6,2,34,46,15.3,11.3,0.92
Keelan Smith,183586,WR,NEBRASKA,8,18.3,0,50.0,,0,0,0,0.0,0,0.24,1,238,0,70.7,62.9,54.2,,58.6,0.0,0,0,15,0.0,0,21,1,60.0,2,95.2,20,47.6,10,62.5,4,0,52.4,11,18,7,3.5,9.0,0.9
Gavin Grover,183794,TE,CINCINNATI,11,2.5,0,75.0,,0,0,0,0.0,0,0.29,1,138,0,74.9,68.2,59.3,72.4,54.0,54.4,31,0,33,21.1,12,57,0,50.0,3,77.2,44,45.6,26,113.5,4,0,0.0,0,47,38,12.7,15.7,1.07
DeVon Rice,183902,HB,KANSAS ST,8,-2.3,1,75.0,,0,0,0,0.0,0,0.41,1,199,0,73.1,78.2,65.5,33.7,58.9,0.0,0,0,27,5.9,2,34,0,55.9,3,94.1,32,14.7,5,99.0,4,0,35.3,12,33,38,12.7,11.0,1.03
Jamarion McDougle,184011,WR,BALL ST,9,24.3,0,50.0,,0,0,0,0.0,0,-0.37,3,117,0,70.7,62.9,72.2,,70.3,0.0,0,0,30,0.0,0,29,0,25.0,2,96.6,28,72.4,21,95.8,4,0,27.6,8,73,30,15.0,36.5,2.61
Jack Larsen,184098,TE,NOTRE DAME,5,4.0,1,75.0,,0,0,0,0.0,0,0.55,1,258,0,73.1,64.1,66.5,73.3,72.3,56.5,13,0,24,30.4,7,23,0,54.5,3,65.2,15,26.1,6,95.8,4,0,0.0,0,30,13,4.3,10.0,2.0
Connor Adair,184257,TE,CHARLOTTE,7,8.3,0,50.0,,0,0,0,33.3,1,-0.18,0,136,0,32.3,66.9,48.1,26.4,44.6,46.4,13,0,5,21.4,6,28,0,42.9,2,78.6,22,35.7,10,56.3,4,0,7.1,2,6,0,0.0,3.0,0.27
Jeffrey Johnson,146300,TE,CAL,12,10.0,0,75.0,0.0,0,1,0,0.0,0,0.17,2,130,0,74.9,65.0,61.1,76.2,56.9,63.4,52,0,20,41.5,34,82,2,48.1,3,53.7,44,25.6,21,95.8,4,0,6.1,5,30,9,3.0,10.0,0.68
Aaron Butler,184504,WR,TEXAS,2,19.5,0,25.0,0.0,0,1,0,0.0,0,0.04,1,311,0,66.7,61.0,60.3,,62.9,0.0,0,0,17,0.0,0,10,1,30.0,1,100.0,10,30.0,3,44.8,4,0,70.0,7,17,6,6.0,17.0,1.7
Connor Jones,145905,TE,TOLEDO,12,6.5,0,50.0,,0,0,0,0.0,0,0.32,2,316,0,70.7,65.3,54.6,46.0,68.5,74.3,26,0,5,48.6,17,35,1,57.1,2,51.4,18,11.4,4,95.8,4,1,8.6,3,8,3,1.5,4.0,0.44
Matt Ogunniyi,184663,TE,UMASS,4,22.0,0,25.0,,0,0,0,0.0,0,0.2,0,216,0,66.7,65.1,56.2,64.5,53.8,35.7,5,0,3,7.1,1,14,0,50.0,1,78.6,11,57.1,8,39.6,4,0,7.1,1,3,3,3.0,3.0,0.27
Jay Harris,184848,HB,OREGON,6,0.3,3,75.0,,0,0,0,0.0,0,0.22,1,264,0,73.1,78.7,66.5,30.0,66.1,0.0,0,0,50,19.2,5,26,0,56.0,3,76.9,20,7.7,2,116.7,4,0,3.8,1,57,55,18.3,19.0,2.85
Roger Saleapaga II,184864,TE,OREGON,12,10.3,0,50.0,,0,0,0,0.0,0,0.48,1,264,0,73.1,69.2,58.9,64.4,61.8,37.0,17,0,18,26.1,12,46,2,56.4,2,63.0,29,43.5,20,69.8,4,0,10.9,5,25,5,2.5,12.5,0.86
Jacob Stewart,184878,TE,LOUISVILLE,9,8.8,0,100.0,,0,0,0,0.0,0,0.31,3,210,0,74.9,65.0,61.9,73.3,64.0,53.1,26,0,43,20.4,10,49,0,44.7,4,75.5,37,44.9,22,158.3,4,1,0.0,0,70,35,8.8,17.5,1.89
Elijah Jones,188191,WR,CINCINNATI,9,16.8,1,50.0,0.0,0,1,1,0.0,0,0.59,0,138,0,70.7,62.9,49.5,,48.5,0.0,0,0,11,0.0,0,46,1,54.5,2,95.7,44,19.6,9,61.5,4,0,80.4,37,17,3,1.5,8.5,0.39
Zacharyus Williams,188305,WR,USC,4,12.5,1,75.0,,0,0,0,0.0,0,0.6,3,326,0,73.1,70.3,60.4,,60.0,0.0,0,0,61,0.0,0,34,0,59.4,3,94.1,32,11.8,4,116.7,4,0,88.2,30,80,42,14.0,26.7,2.5
Calvin Johnson II,145043,WR,TULSA,7,9.8,0,75.0,0.0,0,1,0,0.0,0,0.04,2,320,0,73.1,70.4,63.4,,59.5,0.0,0,0,18,0.0,0,35,0,37.5,3,88.6,31,51.4,18,149.0,4,1,48.6,17,43,10,3.3,14.3,1.39
Antavious Murphy,188381,WR,GA SOUTHRN,6,-1.8,0,50.0,0.0,0,1,0,0.0,0,0.13,1,174,0,70.7,62.9,57.3,,57.1,0.0,0,0,11,0.0,0,31,0,30.0,2,96.8,30,83.9,26,56.3,4,0,12.9,4,11,16,8.0,5.5,0.37
Jamezell Lassiter,188518,HB,VANDERBILT,7,-2.0,4,100.0,,0,0,0,0.0,0,0.78,3,333,0,74.9,73.3,84.8,22.5,86.0,0.0,0,0,26,22.2,4,18,0,75.0,4,66.7,12,0.0,0,118.8,4,0,5.6,1,57,65,16.3,14.3,4.75
Cole Tabb,188876,HB,STANFORD,11,0.5,1,75.0,,0,0,0,0.0,0,-0.18,0,300,0,73.1,88.9,72.6,17.2,53.9,0.0,0,0,12,24.8,27,109,0,40.6,3,68.8,75,3.7,4,85.4,4,0,3.7,4,20,20,6.7,6.7,0.27
Jordan Lyle,189441,HB,MIAMI FL,6,-0.3,0,75.0,,0,0,0,25.0,1,0.21,0,220,0,39.5,80.0,61.0,41.0,47.8,0.0,0,0,9,26.2,11,42,0,51.3,3,66.7,28,7.1,3,87.5,4,0,0.0,0,22,22,7.3,7.3,0.79
Theo Elwell,189483,TE,NAVY,8,10.8,0,0.0,0.0,0,1,0,,0,-0.14,0,237,0,,,47.1,40.0,50.6,71.4,40,1,0,37.5,21,56,1,32.1,0,58.9,33,8.9,5,0.0,4,0,12.5,7,0,0,,,0.0
Khristian Lando,189795,HB,JVILLE ST,12,-1.8,2,25.0,,0,0,0,50.0,1,-0.46,1,196,0,24.9,81.2,60.1,18.0,46.4,3.5,2,0,16,15.8,9,57,0,35.7,1,84.2,48,8.8,5,43.8,4,0,1.8,1,16,15,15.0,16.0,0.33
Petey Tucker,189974,WR,COLO STATE,3,24.8,0,25.0,,0,0,0,0.0,0,0.57,1,144,0,66.7,61.0,58.1,,57.6,0.0,0,0,24,0.0,0,21,0,52.4,1,100.0,21,0.0,0,52.1,4,0,100.0,21,24,6,6.0,24.0,1.14
Austyn Dendy,190215,HB,BOWL GREEN,5,-2.3,4,100.0,,0,0,0,0.0,0,-0.27,4,122,0,74.9,87.9,80.6,78.3,82.1,0.0,0,0,27,27.6,8,29,0,27.6,4,72.4,21,3.4,1,158.3,4,1,3.4,1,64,73,18.3,16.0,3.05
Mekhi Anderson,190253,WR,UTSA,4,3.8,2,100.0,,0,0,0,0.0,0,0.66,2,331,0,74.9,27.0,61.6,,73.0,0.0,0,0,19,0.0,0,13,0,61.5,4,100.0,13,69.2,9,154.2,4,1,30.8,4,46,31,7.8,11.5,3.54
Baron Tipton,190627,WR,N TEXAS,5,12.8,1,50.0,0.0,0,1,0,0.0,0,0.56,1,251,0,70.7,65.8,51.7,,52.1,0.0,0,0,15,0.0,0,44,1,62.8,2,97.7,43,11.4,5,56.3,4,0,88.6,39,12,-3,-1.5,6.0,0.28
Jewlyen Roberts,190741,TE,TULSA,11,4.8,0,75.0,,0,0,0,25.0,1,-0.23,1,320,0,39.5,65.4,49.4,59.0,44.5,65.1,54,0,9,33.7,28,83,0,34.2,3,60.2,50,27.7,23,119.8,4,1,6.0,5,15,9,3.0,5.0,0.3
Joakim Dodson,208848,WR,TENNESSEE,3,15.0,0,50.0,,0,0,0,33.3,1,0.17,2,307,0,31.6,62.9,55.7,,57.9,0.0,0,0,27,0.0,0,22,0,45.5,2,100.0,22,100.0,22,83.3,4,0,0.0,0,38,3,1.5,19.0,1.73
Kam Mikell,190789,HB,COLORADO,4,-1.5,0,75.0,,0,0,0,0.0,0,0.07,0,143,0,73.1,77.0,67.1,12.3,57.2,0.0,0,0,6,26.9,7,26,0,50.0,3,73.1,19,11.5,3,77.1,4,0,19.2,5,6,9,3.0,2.0,0.32
Roy Alexander,142206,WR,TEXAS TECH,3,4.8,2,75.0,,0,0,0,0.0,0,0.38,2,315,0,73.1,68.8,63.8,,66.9,0.0,0,0,15,0.0,0,17,0,64.3,3,82.4,14,88.2,15,96.9,4,0,11.8,2,31,16,5.3,10.3,2.21
Izaiah Hartrup,134761,WR,OLE MISS,3,3.5,0,75.0,,0,0,0,0.0,0,-0.15,1,226,0,73.1,75.3,59.0,,58.5,0.0,0,1,13,0.0,0,21,0,42.9,3,100.0,21,19.0,4,86.5,4,1,81.0,17,21,10,3.3,7.0,1.0
Eli Jacon-Duffy,191009,TE,BOWL GREEN,12,17.0,0,25.0,100.0,1,1,0,0.0,0,-0.03,1,122,0,66.7,65.1,69.6,55.2,55.7,79.1,34,0,22,32.6,14,43,0,38.1,1,65.1,28,11.6,5,50.0,4,0,0.0,0,22,1,1.0,22.0,0.79
Sanfrisco Magee,191205,WR,MISS STATE,5,4.3,1,75.0,,0,0,0,0.0,0,-0.04,1,227,0,73.1,64.1,66.4,,64.6,0.0,0,1,18,0.0,0,21,0,57.1,3,100.0,21,4.8,1,59.4,4,0,95.2,20,33,22,7.3,11.0,1.57
Salahadin Allah,191210,HB,OREGON ST,7,-2.0,1,75.0,,0,0,0,0.0,0,0.23,2,265,0,73.1,76.8,68.9,78.5,62.6,0.0,0,0,20,15.2,5,33,0,51.6,3,81.8,27,6.1,2,91.7,4,0,9.1,3,26,32,10.7,8.7,0.96
Jalen John,131577,HB,COAST CAR,10,-1.3,4,100.0,,0,0,0,0.0,0,-0.38,4,141,0,74.9,82.7,64.0,24.3,75.7,0.0,0,0,21,37.3,19,51,0,31.9,4,62.7,32,9.8,5,118.8,4,0,0.0,0,54,59,14.8,13.5,1.69
Jayden Becks,131443,HB,N TEXAS,4,-4.5,0,75.0,,0,0,0,25.0,1,0.23,0,251,0,40.2,77.0,64.3,76.8,45.7,0.0,0,0,8,14.3,4,28,0,53.8,3,78.6,22,14.3,4,82.3,4,0,7.1,2,17,29,9.7,5.7,0.77
Harrison Waylee,130584,HB,VIRGINIA,11,-3.3,0,100.0,,0,0,0,0.0,0,-0.05,0,335,0,74.9,71.1,65.2,60.6,54.8,0.0,0,0,7,25.6,20,78,0,42.5,4,71.8,56,7.7,6,86.5,4,0,1.3,1,19,32,8.0,4.8,0.34
Aiden Flora,191300,HB,IOWA STATE,7,12.0,1,50.0,,0,0,0,33.3,1,0.18,2,193,0,31.6,82.3,71.0,70.0,50.6,0.0,0,0,13,5.3,1,19,0,55.6,2,89.5,17,15.8,3,69.8,4,0,26.3,5,25,10,5.0,12.5,1.47
Herschel Turner,191372,HB,NEVADA,10,-2.8,0,75.0,100.0,1,1,1,0.0,0,-0.51,1,239,0,73.1,48.0,70.0,43.2,53.9,0.0,0,0,5,34.2,26,76,2,41.9,3,64.5,49,9.2,7,77.1,4,0,18.4,14,6,14,4.7,2.0,0.12
CJ Wiley,198465,WR,GEORGIA,6,5.8,0,75.0,,0,0,0,25.0,1,-0.24,1,173,0,39.5,64.1,58.8,,58.3,0.0,0,0,12,0.0,0,25,0,44.0,3,100.0,25,4.0,1,85.4,4,0,96.0,24,20,6,2.0,6.7,0.8
Talyn Taylor,198477,WR,GEORGIA,3,19.0,0,50.0,,0,0,0,33.3,1,0.23,2,173,0,31.6,62.9,60.8,,60.5,0.0,0,0,19,0.0,0,15,0,40.0,2,100.0,15,33.3,5,72.9,4,0,66.7,10,28,24,12.0,14.0,1.87
Luke Watkins,198688,WR,LA TECH,7,19.0,1,50.0,0.0,0,1,0,0.0,0,0.2,2,208,0,70.7,63.7,57.9,,56.2,0.0,0,1,20,0.0,0,49,0,44.7,2,93.9,46,0.0,0,44.8,4,0,100.0,49,39,7,3.5,19.5,0.85
Luke Hasz,125950,TE,OLE MISS,7,7.8,0,50.0,,0,0,0,0.0,0,0.04,2,226,0,70.7,62.9,53.9,69.1,61.3,53.5,23,0,16,39.5,17,43,1,52.4,2,58.1,25,32.6,14,69.8,4,0,2.3,1,25,17,8.5,12.5,1.0
Shandon King,198982,WR,N TEXAS,4,7.8,1,75.0,,0,0,0,0.0,0,0.49,2,251,0,73.1,64.1,57.7,,59.7,0.0,0,0,8,0.0,0,32,1,61.3,3,96.9,31,6.3,2,85.4,4,0,93.8,30,20,2,0.7,6.7,0.65
Steve Chavez-Soto,199149,HB,S JOSE ST,8,-5.5,1,75.0,,0,0,0,25.0,1,-0.09,1,285,0,39.5,86.2,81.4,84.3,47.0,0.0,0,0,17,76.5,143,187,0,43.5,3,23.5,44,6.4,12,80.2,4,0,0.5,1,15,32,10.7,5.0,0.34
Brec Long,199187,TE,S ALABAMA,10,-1.0,0,100.0,100.0,1,1,0,0.0,0,0.11,0,288,0,76.3,66.6,64.3,73.5,61.1,53.8,35,0,8,30.8,20,65,1,49.2,4,64.6,42,33.8,22,87.5,4,0,10.8,7,20,24,6.0,5.0,0.48
Kaliq Lockett,199301,WR,TEXAS,3,11.5,0,75.0,,0,0,0,0.0,0,-0.13,1,311,0,73.1,64.1,59.7,,62.9,0.0,0,0,17,0.0,0,11,1,30.0,3,90.9,10,18.2,2,77.1,4,0,81.8,9,12,7,2.3,4.0,1.2
Leyton Stone,199310,WR,TEXAS TECH,6,10.3,0,75.0,100.0,2,2,0,0.0,0,0.49,3,315,0,73.1,64.1,69.9,,69.1,0.0,0,0,19,0.0,0,20,0,64.7,3,85.0,17,10.0,2,147.9,4,1,90.0,18,42,7,2.3,14.0,2.47
Carl Jenkins,199391,WR,UCF,12,8.0,0,75.0,,0,0,0,0.0,0,-0.12,2,323,0,73.1,64.1,50.4,,50.8,0.0,0,1,17,0.0,0,112,2,44.4,3,96.4,108,4.5,5,58.3,4,0,94.6,106,32,3,1.0,10.7,0.3
Kory Pettigrew,199436,WR,USF,4,5.0,0,75.0,,0,0,0,0.0,0,0.48,3,327,0,73.1,64.1,67.8,65.5,68.0,9.5,2,0,14,4.8,1,21,0,50.0,3,90.5,19,4.8,1,93.8,4,0,85.7,18,28,13,4.3,9.3,1.47
Ian Schieffelin,199623,TE,CLEMSON,4,6.8,0,50.0,0.0,0,1,0,0.0,0,0.06,1,140,0,70.7,62.9,68.9,,62.9,0.0,0,0,11,0.0,0,11,0,20.0,2,90.9,10,54.5,6,56.3,4,0,45.5,5,10,8,4.0,5.0,1.0
Quincy Porter,199850,WR,OHIO STATE,4,6.0,0,100.0,,0,0,0,0.0,0,0.62,3,260,0,74.9,65.0,70.8,,73.6,0.0,0,0,22,0.0,0,18,1,58.8,4,94.4,17,5.6,1,118.8,4,0,94.4,17,59,35,8.8,14.8,3.47
Will Huggins,122563,TE,OKLAHOMA,5,6.8,0,75.0,,0,0,0,0.0,0,0.14,2,261,0,73.1,64.1,49.6,38.4,63.1,54.5,18,1,15,15.2,5,33,0,53.3,3,78.8,26,39.4,13,46.9,4,0,3.0,1,21,11,3.7,7.0,0.81
Jeffrey Overton Jr.,200026,HB,VA TECH,4,4.0,0,25.0,0.0,0,1,0,0.0,0,-0.12,1,337,0,66.7,78.2,73.5,68.6,71.7,0.0,0,1,36,45.7,21,46,0,29.5,1,52.2,24,17.4,8,25.0,4,0,0.0,0,36,40,40.0,36.0,1.5
Tyson Shamsid-Deen,200072,CB,WYOMING,3,9.0,0,75.0,,0,0,0,0.0,0,-0.65,0,351,0,73.1,64.1,58.9,,58.7,0.0,0,0,6,0.0,0,7,0,14.3,3,100.0,7,71.4,5,77.1,4,0,28.6,2,3,15,5.0,1.0,0.43
Duke Clark,200128,HB,FLORIDA,4,-0.8,0,50.0,,0,0,0,50.0,2,0.07,1,163,0,17.0,75.2,72.4,75.1,30.4,0.0,0,0,11,10.5,2,19,0,38.9,2,89.5,17,0.0,0,58.3,4,0,15.8,3,14,16,8.0,7.0,0.82
Qumonte Williams Jr.,203984,WR,BOISE ST,11,17.0,0,0.0,0.0,0,1,0,100.0,1,-0.46,0,120,0,16.4,,47.3,,46.9,0.0,0,0,0,0.0,0,34,0,41.2,0,100.0,34,5.9,2,39.6,4,0,94.1,32,0,0,,,0.0
Tristian Gentry,204356,WR,TEXAS TECH,3,8.3,1,100.0,100.0,1,1,0,0.0,0,0.67,3,315,0,74.9,78.3,83.3,,80.0,0.0,0,0,21,0.0,0,8,0,50.0,4,100.0,8,100.0,8,113.5,4,0,0.0,0,45,12,3.0,11.3,5.63
Justin Olson,99695,WR,CHARLOTTE,2,18.8,0,50.0,0.0,0,1,0,0.0,0,0.12,1,136,0,70.7,63.7,63.1,,61.4,0.0,0,0,47,0.0,0,31,0,40.0,2,96.8,30,9.7,3,95.8,4,0,90.3,28,56,17,8.5,28.0,1.87
Enoch Nawahine,97303,HB,BYU,7,0.8,0,75.0,,0,0,0,0.0,0,0.42,0,128,0,73.1,75.6,55.2,71.1,53.5,0.0,0,0,8,32.7,16,49,0,53.2,3,63.3,31,10.2,5,79.2,4,0,4.1,2,14,11,3.7,4.7,0.45
Cooper Rusk,169108,WR,TOLEDO,10,15.3,0,50.0,0.0,0,2,0,0.0,0,0.17,2,316,0,73.1,66.0,58.5,,59.2,0.0,0,0,11,0.0,0,54,0,50.0,2,96.3,52,31.5,17,65.6,4,0,68.5,37,21,6,3.0,10.5,0.4
Zeke Moore,169916,TE,BOSTON COL,12,-0.3,0,50.0,100.0,1,1,0,0.0,0,0.03,0,121,0,70.7,65.8,65.1,71.1,48.7,78.7,48,0,4,50.8,31,61,0,48.3,2,49.2,30,8.2,5,56.3,4,0,1.6,1,7,6,3.0,3.5,0.23
Arnold Barnes III,169972,HB,TULANE,12,-1.5,1,50.0,,0,0,0,50.0,2,-0.03,1,319,0,17.2,58.3,66.1,77.0,44.2,0.0,0,0,12,35.4,29,82,0,46.1,2,58.5,48,1.2,1,60.4,4,0,1.2,1,16,19,9.5,8.0,0.33
Tank Boston,183354,WR,NC STATE,1,8.3,0,66.7,,0,0,0,0.0,0,-1.02,1,248,0,70.7,62.9,56.9,,56.9,0.0,0,0,6,0.0,0,9,0,22.2,2,100.0,9,11.1,1,72.9,3,0,88.9,8,11,3,1.5,5.5,1.22
Simon Mapa,205203,TE,NEW MEXICO,11,6.7,0,100.0,,0,0,1,0.0,0,0.25,3,241,0,73.1,64.1,51.8,61.6,86.2,90.2,46,0,22,78.4,40,51,2,47.6,3,19.6,10,2.0,1,158.3,3,2,5.9,3,42,27,9.0,14.0,4.2
Zy'aire Fletcher,198639,TE,KENT STATE,4,15.7,0,66.7,,0,0,0,0.0,0,0.32,1,201,0,73.1,64.1,89.4,70.0,82.8,66.7,14,0,27,14.3,3,21,1,45.0,2,81.0,17,19.0,4,109.7,3,0,9.5,2,47,18,9.0,23.5,2.76
Tucker Ashcraft,175521,TE,WISCONSIN,4,4.7,0,66.7,,0,0,1,0.0,0,-0.52,0,349,0,70.7,62.9,55.4,66.7,52.3,82.4,28,1,6,41.2,14,34,2,38.2,2,58.8,20,11.8,4,31.9,3,0,2.9,1,10,7,3.5,5.0,0.5
Trey Kukuk,198675,QB,LA TECH,9,-4.7,3,66.7,,0,0,1,33.3,1,-0.15,3,208,0,31.6,83.2,72.3,,83.3,0.0,0,0,26,0.0,0,114,3,40.4,2,2.6,3,1.8,2,109.7,3,0,0.0,0,55,65,32.5,27.5,18.33
Freddie Brock IV,142276,HB,OKLA STATE,3,-4.0,2,100.0,,0,0,0,0.0,0,-0.93,0,262,0,73.1,74.5,63.5,76.5,59.0,0.0,0,0,5,20.8,5,24,0,18.2,3,75.0,18,12.5,3,79.2,3,0,0.0,0,4,16,5.3,1.3,0.22
Navelle Dean,173781,WR,KENNESAW,4,6.7,0,66.7,,0,0,0,0.0,0,0.28,2,200,0,70.7,62.9,66.3,,65.6,0.0,0,0,13,0.0,0,17,0,47.1,2,100.0,17,0.0,0,91.0,3,0,100.0,17,24,17,8.5,12.0,1.41
Iverson Howard,198726,HB,MARYLAND,10,-0.3,0,66.7,,0,0,0,33.3,1,-0.44,0,215,0,31.6,66.0,64.4,36.0,44.0,0.0,0,0,2,34.1,14,41,0,23.7,2,61.0,25,2.4,1,70.1,3,0,7.3,3,3,4,2.0,1.5,0.12
Jordan Anderson,158194,TE,ILLINOIS,7,0.0,0,100.0,100.0,1,1,0,0.0,0,-0.1,0,187,0,73.1,71.9,72.3,79.4,60.6,9.1,2,0,6,40.9,9,22,0,42.1,3,50.0,11,13.6,3,83.3,3,0,0.0,0,12,12,4.0,4.0,1.09
Kendrick Bell,125137,WR,MICHIGAN,8,24.0,0,33.3,,0,0,1,50.0,1,0.34,1,222,0,24.5,63.6,56.7,,56.9,0.0,0,1,30,0.0,0,26,1,50.0,1,92.3,24,3.8,1,31.9,3,0,96.2,25,30,15,15.0,30.0,1.25
Ty'Lyric Coleman,175430,WR,VIRGINIA,2,12.0,1,66.7,,0,0,0,33.3,1,0.1,1,335,0,31.6,62.9,58.0,,58.5,0.0,0,0,23,0.0,0,18,0,44.4,2,100.0,18,22.2,4,97.9,3,0,77.8,14,29,6,3.0,14.5,1.61
T.J. West,173655,WR,TEXAS TECH,4,0.3,1,100.0,,0,0,0,0.0,0,0.4,1,315,0,73.1,64.1,62.1,,64.1,0.0,0,0,9,0.0,0,21,0,60.0,3,95.2,20,14.3,3,100.0,3,0,85.7,18,24,23,7.7,8.0,1.2
Ethan Dowdy,198963,WR,NC STATE,2,5.7,1,100.0,,0,0,0,0.0,0,0.17,2,248,0,73.1,64.1,61.6,,61.4,0.0,0,0,11,0.0,0,16,0,60.0,3,93.8,15,0.0,0,101.4,3,0,100.0,16,25,8,2.7,8.3,1.67
Kelby Valsin,173653,WR,TEXAS TECH,7,2.0,2,100.0,,0,0,0,0.0,0,0.39,2,315,0,73.1,66.8,64.5,,62.5,0.0,0,0,18,0.0,0,35,0,53.1,3,91.4,32,85.7,30,115.3,3,0,14.3,5,35,29,9.7,11.7,1.09
Jalen Likely,189796,HB,JVILLE ST,4,-1.0,0,100.0,100.0,1,1,0,0.0,0,-0.54,0,196,0,73.1,72.2,74.7,,63.6,0.0,0,0,7,0.0,0,10,0,20.0,3,100.0,10,10.0,1,79.2,3,0,0.0,0,6,9,3.0,2.0,0.6
Elijah Thomas,199044,WR,OKLAHOMA,4,16.7,0,33.3,,0,0,0,0.0,0,-0.26,1,261,0,66.7,61.0,61.6,,55.3,0.0,0,0,5,0.0,0,12,0,30.0,1,83.3,10,8.3,1,42.4,3,0,91.7,11,5,9,9.0,5.0,0.5
Ryan McConnell,173481,TE,COLO STATE,9,13.7,0,66.7,,0,0,0,0.0,0,0.28,1,144,0,70.7,62.9,59.3,79.5,58.0,54.0,34,0,16,39.7,25,63,0,47.5,2,58.7,37,38.1,24,88.2,3,0,3.2,2,22,2,1.0,11.0,0.59
Kwinten Ives,170228,HB,NEBRASKA,5,3.0,2,100.0,,0,0,0,0.0,0,1.65,3,238,0,73.1,75.9,72.3,74.7,89.2,0.0,0,0,21,14.3,2,14,0,84.6,3,78.6,11,0.0,0,118.8,3,0,0.0,0,43,34,11.3,14.3,3.91
Justin Cook,199077,HB,PITTSBURGH,2,2.7,0,66.7,,0,0,0,0.0,0,-0.59,0,268,0,70.7,65.3,56.2,26.4,65.8,0.0,0,0,9,10.0,1,10,0,40.0,2,90.0,9,20.0,2,77.1,3,0,0.0,0,14,9,4.5,7.0,1.56
Chad Alexander,175356,HB,GA TECH,3,6.0,0,66.7,,0,0,0,0.0,0,-0.47,0,176,0,70.7,66.9,59.8,72.7,61.4,0.0,0,0,-1,16.7,1,6,0,16.7,2,83.3,5,33.3,2,70.1,3,0,0.0,0,-2,8,4.0,-1.0,-0.4
Pierce Walsh,173425,TE,MINNESOTA,12,6.0,0,66.7,,0,0,0,0.0,0,0.06,1,225,0,70.7,62.9,65.8,73.0,48.1,75.7,56,0,10,13.5,10,74,0,45.8,2,83.8,62,16.2,12,81.3,3,0,8.1,6,17,3,1.5,8.5,0.27
Sah'nye Degraffenreidt,199120,WR,RUTGERS,2,18.3,0,0.0,0.0,0,1,0,100.0,1,0.22,0,278,0,16.4,,46.3,,45.8,0.0,0,0,0,0.0,0,7,0,28.6,0,100.0,7,0.0,0,39.6,3,0,100.0,7,0,0,,,0.0
Tavorus Jones,157157,HB,MISSOURI,4,7.3,0,100.0,100.0,1,1,0,0.0,0,0.46,1,229,0,73.1,73.3,63.6,76.4,72.8,0.0,0,0,20,18.2,2,11,0,60.0,3,72.7,8,0.0,0,102.8,3,0,18.2,2,26,4,1.3,8.7,3.25
Kam Davis,183297,HB,FLORIDA ST,2,9.3,0,100.0,,0,0,0,0.0,0,-0.07,1,167,0,73.1,72.2,70.1,71.7,66.6,0.0,0,0,32,14.3,2,14,0,53.8,3,85.7,12,14.3,2,118.8,3,0,0.0,0,46,18,6.0,15.3,3.83
Isaiah Myers,133796,WR,W KENTUCKY,5,11.0,1,66.7,,0,0,1,33.3,1,0.33,2,346,0,31.6,62.9,63.8,,64.3,0.0,0,0,22,0.0,0,18,1,52.9,2,94.4,17,5.6,1,109.7,3,0,94.4,17,43,23,11.5,21.5,2.53
Jet Thompson,158368,WR,UTEP,4,27.7,0,0.0,0.0,0,1,0,,0,-0.33,0,330,0,,66.6,49.2,,48.6,0.0,0,0,0,0.0,0,23,0,27.3,0,95.7,22,0.0,0,39.6,3,0,100.0,23,0,0,,,0.0
Carter Nelson,183573,TE,NEBRASKA,8,7.0,0,66.7,,0,0,0,0.0,0,0.44,0,238,0,70.7,64.6,55.9,72.1,49.5,23.9,11,0,8,13.0,6,46,0,54.3,2,87.0,40,65.2,30,72.9,3,0,10.9,5,11,8,4.0,5.5,0.28
Alex Adams,124085,WR,AKRON,2,25.3,0,0.0,0.0,0,1,0,,0,-0.29,0,102,0,,,53.0,,46.8,0.0,0,0,0,0.0,0,27,0,37.0,0,100.0,27,11.1,3,39.6,3,0,88.9,24,0,0,,,0.0
Jordan Smart,152307,WR,ARK STATE,8,5.0,0,33.3,,0,0,1,0.0,0,-0.2,0,113,0,70.7,62.9,53.3,,55.2,0.0,0,0,3,0.0,0,32,1,29.0,1,96.9,31,93.8,30,42.4,3,0,6.3,2,3,5,5.0,3.0,0.1
Da'Marion Alberic,191108,HB,UMASS,4,2.7,0,66.7,0.0,0,1,0,0.0,0,-0.6,1,216,0,70.7,72.1,60.6,27.8,62.2,0.0,0,0,15,28.6,8,28,0,34.6,2,67.9,19,3.6,1,81.3,3,0,3.6,1,17,14,7.0,8.5,0.89
Caleb Groce,190011,WR,LA MONROE,3,36.0,0,0.0,0.0,0,1,0,100.0,1,0.33,0,209,0,16.4,,45.1,,46.6,0.0,0,0,0,0.0,0,13,1,38.5,0,100.0,13,0.0,0,39.6,3,0,100.0,13,0,0,,,0.0
Emaree Winston,199293,TE,TEXAS,5,15.0,1,66.7,,0,0,0,0.0,0,0.06,2,311,0,70.7,62.9,69.4,81.4,82.6,63.6,7,0,33,18.2,2,11,1,36.4,2,81.8,9,9.1,1,109.7,3,0,18.2,2,47,26,13.0,23.5,5.22
Jay Lindsey,191133,TE,ALABAMA,9,1.3,0,66.7,,0,0,0,0.0,0,0.48,0,103,0,70.7,62.9,51.6,38.7,51.9,65.5,19,0,8,44.8,13,29,0,53.6,2,51.7,15,24.1,7,70.1,3,0,0.0,0,7,2,1.0,3.5,0.47
Oliver Mitchell Jr.,199359,WR,TULANE,5,5.7,0,66.7,0.0,0,1,0,33.3,1,-0.13,0,319,0,32.3,70.1,49.3,,49.9,0.0,0,0,5,0.0,0,14,0,38.5,2,92.9,13,50.0,7,70.1,3,0,50.0,7,7,14,7.0,3.5,0.54
Roydell Williams,123939,HB,FLORIDA ST,6,5.7,0,66.7,,0,0,0,0.0,0,0.13,0,167,0,70.7,75.5,64.9,65.0,55.6,0.0,0,0,10,51.0,26,51,0,41.3,2,49.0,25,5.9,3,84.0,3,0,0.0,0,19,20,10.0,9.5,0.76
Christian Hamilton,170105,WR,W VIRGINIA,4,7.7,0,66.7,0.0,0,1,0,0.0,0,0.0,1,343,0,70.7,62.9,60.4,,57.5,0.0,0,0,15,0.0,0,27,0,36.0,2,92.6,25,18.5,5,92.4,3,0,81.5,22,25,7,3.5,12.5,1.0
James Falk,173236,TE,RICE,12,8.0,0,100.0,,0,0,0,0.0,0,-0.03,2,275,1,73.1,12.5,53.2,77.5,49.1,72.6,53,0,20,38.4,28,73,2,39.1,3,56.2,41,9.6,7,108.3,3,0,8.2,6,30,6,2.0,10.0,0.73
Jayden McGowan,157184,WR,CHARLOTTE,1,25.3,1,33.3,0.0,0,1,0,0.0,0,-0.08,1,136,0,66.7,61.0,65.4,,62.2,0.0,0,0,7,0.0,0,14,0,33.3,1,85.7,12,100.0,14,42.4,3,0,0.0,0,7,4,4.0,7.0,0.58
Max Bredeson,144930,TE,MICHIGAN,11,0.7,0,66.7,,0,0,0,33.3,1,0.45,1,222,0,31.6,62.9,76.2,78.1,43.2,62.1,54,0,7,54.0,47,87,2,54.3,2,42.5,37,21.8,19,72.9,3,0,2.3,2,11,14,7.0,5.5,0.3
Jahiem White,173192,HB,W VIRGINIA,2,-5.0,1,100.0,,0,0,0,0.0,0,0.24,0,343,0,73.1,78.0,74.0,52.5,59.9,0.0,0,0,13,20.8,5,24,0,65.2,3,79.2,19,12.5,3,87.5,3,0,4.2,1,15,30,10.0,5.0,0.79
Kyle Miller,190068,WR,UCLA,3,0.3,1,66.7,,0,0,0,0.0,0,-0.41,0,324,0,70.7,66.7,56.4,,56.7,0.0,0,0,5,0.0,0,13,0,50.0,2,92.3,12,38.5,5,70.1,3,0,61.5,8,9,13,6.5,4.5,0.75
Jordan Jackson,188067,WR,KENNESAW,10,19.3,0,66.7,,0,0,0,0.0,0,-0.11,1,200,0,70.7,62.9,60.1,67.9,58.3,2.6,1,0,29,2.6,1,39,0,31.6,2,94.9,37,12.8,5,144.4,3,1,82.1,32,34,12,6.0,17.0,0.92
Xavier Gayten,191197,HB,MISS STATE,6,-1.0,1,100.0,100.0,1,1,0,0.0,0,0.22,0,227,0,73.1,42.4,66.9,31.6,55.4,0.0,0,0,5,25.0,10,40,0,43.2,3,72.5,29,10.0,4,79.2,3,0,10.0,4,2,5,1.7,0.7,0.07
Koi Perich,188710,S,MINNESOTA,5,17.0,0,100.0,,0,0,0,0.0,0,0.0,3,225,0,73.1,84.9,74.3,,75.8,0.0,0,0,24,0.0,0,12,0,50.0,3,91.7,11,25.0,3,118.8,3,0,75.0,9,55,4,1.3,18.3,5.0
Lafayette Kaiuway,173141,TE,TCU,7,8.3,0,100.0,,0,0,0,0.0,0,0.3,2,305,0,73.1,64.1,77.4,72.2,71.8,76.3,29,0,14,36.8,14,38,2,52.8,3,60.5,23,18.4,7,152.1,3,1,5.3,2,33,15,5.0,11.0,1.43
Demetric Whitlock,199591,WR,BOISE ST,7,7.0,0,66.7,0.0,0,1,0,0.0,0,0.07,2,120,0,70.7,62.9,66.4,,65.9,0.0,0,0,14,0.0,0,16,0,43.8,2,100.0,16,0.0,0,93.8,3,0,100.0,16,26,13,6.5,13.0,1.63
Landon Baptiste,176334,WR,LA LAFAYET,6,7.0,0,66.7,,0,0,0,33.3,1,0.82,1,207,0,31.6,62.9,57.9,,55.5,0.0,0,0,10,0.0,0,16,0,57.1,2,87.5,14,6.3,1,118.1,3,1,93.8,15,15,0,0.0,7.5,1.07
Shaadie Clayton-Johnson,131674,HB,SMU,5,-0.3,2,100.0,,0,0,0,0.0,0,0.07,0,287,0,73.1,73.7,79.6,78.0,68.2,0.0,0,0,14,23.1,3,13,0,50.0,3,69.2,9,7.7,1,94.4,3,0,0.0,0,20,21,7.0,6.7,2.22
Nick Tyree,199644,WR,DELAWARE,5,2.0,0,100.0,,0,0,0,0.0,0,0.23,2,151,0,73.1,70.3,59.1,,63.5,0.0,0,0,16,0.0,0,12,0,58.3,3,100.0,12,91.7,11,106.9,3,0,0.0,0,29,23,7.7,9.7,2.42
Colton Hinton,172651,WR,COAST CAR,4,-3.0,1,100.0,,0,0,0,0.0,0,-0.34,0,141,0,73.1,64.1,49.9,,55.4,0.0,0,0,4,0.0,0,23,1,27.3,3,95.7,22,91.3,21,79.2,3,0,8.7,2,8,17,5.7,2.7,0.36
Chuck Montgomery,145265,WR,SO MISS,5,-0.7,1,100.0,,0,0,0,0.0,0,0.36,1,296,0,73.1,65.4,56.4,,56.3,0.0,0,0,11,0.0,0,31,0,40.0,3,80.6,25,80.6,25,87.5,3,0,19.4,6,15,17,5.7,5.0,0.6
AJ Newberry,172623,HB,VANDERBILT,10,0.3,0,66.7,,0,0,0,0.0,0,0.51,1,333,0,70.7,76.2,62.4,43.9,54.7,0.0,0,0,12,27.6,16,58,0,59.3,2,65.5,38,17.2,10,82.6,3,0,5.2,3,18,20,10.0,9.0,0.47
Elijah Pedro,199780,WR,UMASS,3,16.0,0,66.7,,0,0,0,0.0,0,-0.24,1,216,0,70.7,62.9,55.5,,56.6,0.0,0,0,9,0.0,0,52,0,36.5,2,100.0,52,90.4,47,122.2,3,1,9.6,5,18,4,2.0,9.0,0.35
Elijah Faulkner,199784,HB,UMASS,11,-1.0,0,33.3,0.0,0,1,0,50.0,1,-0.32,0,216,0,24.5,81.1,63.5,60.0,42.2,0.0,0,1,5,24.7,22,89,1,36.4,1,74.2,66,6.7,6,2.8,3,0,4.5,4,5,8,8.0,5.0,0.08
Jeremiah Jones-Thomas,205374,WR,S ALABAMA,8,-0.3,0,66.7,,0,0,0,33.3,1,-0.49,0,288,0,31.6,62.9,50.6,,49.8,0.0,0,0,4,0.0,0,16,0,42.9,2,87.5,14,81.3,13,70.1,3,0,18.8,3,1,7,3.5,0.5,0.07
Rodney Tisdale Jr.,188754,QB,W KENTUCKY,7,-1.0,0,33.3,,0,0,0,50.0,1,0.04,0,346,1,24.5,68.0,65.9,,30.6,0.0,0,0,2,0.0,0,238,1,48.4,1,1.3,3,0.0,0,42.4,3,0,0.0,0,2,2,2.0,2.0,0.67
Jackson McGohan,172487,TE,WISCONSIN,8,7.0,1,100.0,100.0,1,1,0,0.0,0,0.44,2,349,0,73.1,64.1,75.1,67.3,76.6,69.2,9,0,15,7.7,1,13,0,69.2,3,92.3,12,30.8,4,115.3,3,0,0.0,0,35,14,4.7,11.7,2.92
Ty Lockwood,172385,TE,BOSTON COL,6,8.0,0,66.7,,0,0,0,0.0,0,-0.26,2,121,0,70.7,62.9,54.9,,67.9,47.1,8,0,16,0.0,0,17,0,52.9,2,100.0,17,41.2,7,99.3,3,0,11.8,2,30,10,5.0,15.0,1.76
Christian Moore,122608,TE,PURDUE,11,3.0,0,66.7,0.0,0,1,0,0.0,0,0.01,0,273,0,70.7,67.9,50.6,72.6,46.7,80.2,65,0,6,51.9,42,81,0,42.5,2,43.2,35,13.6,11,70.1,3,0,1.2,1,8,5,2.5,4.0,0.23
Keynan Higgins,174869,WR,COLO STATE,4,23.0,0,33.3,,0,0,0,0.0,0,-0.17,0,144,0,66.7,61.0,55.2,,55.7,0.0,0,2,5,0.0,0,13,0,60.0,1,76.9,10,0.0,0,2.8,3,0,100.0,13,5,5,5.0,5.0,0.5
Malik Clark,199957,WR,S CAROLINA,4,25.0,0,33.3,100.0,1,1,0,0.0,0,0.1,1,289,0,66.7,61.0,58.1,,57.6,0.0,0,2,9,0.0,0,23,0,61.9,1,91.3,21,0.0,0,2.8,3,0,100.0,23,9,0,0.0,9.0,0.43
Marquis Crosby,145241,HB,OREGON ST,3,-4.3,0,66.7,,0,0,0,33.3,1,-1.11,1,265,0,31.6,68.2,54.2,77.7,49.1,0.0,0,0,6,42.9,3,7,0,28.6,2,57.1,4,14.3,1,112.5,3,1,14.3,1,11,21,10.5,5.5,2.75
Chase Byrd,183193,WR,CLEMSON,3,14.0,0,66.7,0.0,0,1,0,0.0,0,0.2,0,140,0,70.7,66.2,56.6,,63.3,0.0,0,0,9,0.0,0,11,0,45.5,2,100.0,11,18.2,2,81.3,3,0,81.8,9,17,1,0.5,8.5,1.55
MJ Chirgwin,172374,WR,ALABAMA,2,13.7,1,66.7,,0,0,0,0.0,0,0.76,1,103,0,70.7,62.9,73.0,,72.1,0.0,0,0,20,0.0,0,7,0,66.7,2,85.7,6,14.3,1,140.3,3,1,85.7,6,31,8,4.0,15.5,5.17
Devin Roche,172294,HB,DOMINION,10,-3.0,2,100.0,,0,0,0,0.0,0,0.24,1,263,0,73.1,64.5,74.0,88.5,54.3,0.0,0,0,14,59.0,69,117,1,47.3,3,39.3,46,11.1,13,94.4,3,0,0.0,0,20,29,9.7,6.7,0.43
Jerrian Parker Jr.,185595,HB,SM HOUSTON,4,-1.3,0,66.7,,0,0,0,0.0,0,-0.65,0,281,0,70.7,70.9,60.7,51.0,62.1,0.0,0,0,5,36.4,4,11,0,27.3,2,63.6,7,9.1,1,70.1,3,0,0.0,0,6,4,2.0,3.0,0.86
Cam Porter,129732,HB,NWESTERN,2,-0.3,0,100.0,,0,0,0,0.0,0,-0.46,0,256,0,73.1,76.8,74.3,54.0,62.5,0.0,0,0,12,27.8,10,36,0,31.4,3,69.4,25,2.8,1,98.6,3,0,2.8,1,23,24,8.0,7.7,0.92
Kyle Frendt,200066,TE,WYOMING,6,5.3,0,66.7,0.0,0,1,0,0.0,0,0.1,2,351,0,70.7,62.9,56.2,72.8,60.2,68.4,26,0,13,13.2,5,38,1,47.2,2,81.6,31,26.3,10,92.4,3,0,2.6,1,25,19,9.5,12.5,0.81
Troy Stellato,144139,WR,KENTUCKY,4,3.0,0,33.3,,0,0,0,50.0,1,-0.93,0,202,0,24.9,68.0,48.0,,48.4,0.0,0,1,4,0.0,0,26,0,15.4,1,100.0,26,84.6,22,2.8,3,0,15.4,4,4,0,0.0,4.0,0.15
Josh McCray,144799,HB,GEORGIA,10,1.3,0,66.7,0.0,0,1,0,0.0,0,0.14,1,173,0,70.7,82.4,69.4,79.1,57.7,0.0,0,0,7,25.7,9,35,0,44.1,2,71.4,25,0.0,0,70.1,3,0,0.0,0,9,6,3.0,4.5,0.36
Dylan Edwards,171893,HB,KANSAS ST,3,-1.7,0,100.0,,0,0,0,0.0,0,-0.01,1,199,0,73.1,80.5,69.9,38.2,62.5,0.0,0,0,13,4.8,2,42,0,50.0,3,95.2,40,11.9,5,90.3,3,0,11.9,5,17,22,7.3,5.7,0.43
Markeston Douglas,122398,TE,FLORIDA ST,12,4.7,0,66.7,,0,0,0,0.0,0,0.21,1,167,0,70.7,62.9,56.9,63.8,55.3,64.3,63,0,13,44.9,44,98,2,44.6,2,50.0,49,21.4,21,91.0,3,0,5.1,5,24,26,13.0,12.0,0.49
Braydon Bennett,122318,HB,VA TECH,4,3.0,1,33.3,,0,0,0,0.0,0,-0.33,0,337,0,66.7,68.9,61.7,81.8,56.6,0.0,0,0,2,27.3,6,22,0,31.8,1,72.7,16,13.6,3,42.4,3,0,0.0,0,2,4,4.0,2.0,0.13
Naeshaun Montgomery,200138,WR,FLORIDA,4,3.3,2,100.0,100.0,1,1,0,0.0,0,-0.12,1,163,0,73.1,64.1,56.6,,58.9,0.0,0,0,12,0.0,0,22,0,52.4,3,95.5,21,72.7,16,102.8,3,0,27.3,6,26,16,5.3,8.7,1.24
Jaziun Patterson,156421,HB,IOWA,7,-1.0,0,100.0,,0,0,0,0.0,0,0.31,1,192,0,73.1,83.4,79.0,45.0,71.9,0.0,0,0,5,27.8,10,36,0,55.9,3,69.4,25,2.8,1,79.2,3,0,0.0,0,9,12,4.0,3.0,0.36
River Helms,145539,TE,GA SOUTHRN,1,12.0,0,33.3,,0,0,0,0.0,0,0.32,1,174,0,66.7,61.0,51.0,69.6,62.3,66.7,12,0,4,33.3,6,18,0,44.4,1,66.7,12,27.8,5,81.9,3,1,5.6,1,4,5,5.0,4.0,0.33
Mackenzie Alleyne,190362,WR,WASH STATE,8,23.7,0,33.3,,0,0,0,0.0,0,0.16,1,341,0,66.7,61.0,57.3,64.4,54.7,0.0,0,0,9,2.8,1,36,0,51.4,1,94.4,34,47.2,17,42.4,3,0,52.8,19,9,10,10.0,9.0,0.26
Luka Gilbert,200169,TE,MIAMI FL,4,7.7,0,66.7,0.0,0,1,0,0.0,0,0.46,2,220,0,70.7,62.9,71.4,68.3,63.2,44.4,8,0,20,16.7,3,18,0,72.2,2,83.3,15,50.0,9,109.0,3,0,0.0,0,37,18,9.0,18.5,2.47
Clark Sanderson,189371,WR,CLEMSON,2,17.7,0,33.3,100.0,1,1,0,0.0,0,0.19,1,140,0,66.7,61.0,73.6,,72.8,0.0,0,0,31,0.0,0,8,0,37.5,1,100.0,8,100.0,8,72.9,3,0,0.0,0,31,0,0.0,31.0,3.88
Rafeald Campbell,188307,WR,UTEP,2,8.3,0,66.7,,0,0,0,33.3,1,-0.7,1,330,0,31.6,62.9,54.9,,54.9,0.0,0,0,21,0.0,0,17,0,23.5,2,100.0,17,88.2,15,95.1,3,0,5.9,1,27,5,2.5,13.5,1.59
Ty Olsen,200229,WR,UTAH ST,1,18.7,0,33.3,,0,0,0,0.0,0,0.97,1,329,0,70.7,62.9,78.0,,75.9,0.0,0,0,14,0.0,0,6,0,60.0,1,83.3,5,0.0,0,49.3,3,0,100.0,6,14,7,7.0,14.0,2.8
CC Ezirim,171376,TE,TOLEDO,4,3.3,0,66.7,,0,0,0,0.0,0,0.37,2,316,0,70.7,62.9,63.1,71.5,63.8,81.5,22,0,6,29.6,8,27,0,56.0,2,70.4,19,14.8,4,109.7,3,1,0.0,0,8,2,1.0,4.0,0.42
Josiah Abdullah,200272,WR,VIRGINIA,3,-2.0,0,66.7,,0,0,0,33.3,1,-0.88,1,335,0,31.6,66.2,55.0,,54.7,0.0,0,0,11,0.0,0,16,0,37.5,2,100.0,16,81.3,13,70.1,3,0,18.8,3,9,17,8.5,4.5,0.56
Isaiah Robinson,200282,WR,VIRGINIA,4,14.7,0,66.7,,0,0,0,0.0,0,-0.48,1,335,0,70.7,62.9,59.7,,67.1,6.7,1,0,15,0.0,0,15,1,40.0,2,100.0,15,6.7,1,91.0,3,0,86.7,13,24,10,5.0,12.0,1.6
Jett Coolman,183401,WR,FAU,4,13.7,0,0.0,,0,0,0,,0,-0.88,0,165,0,,,52.5,,52.5,0.0,0,0,0,0.0,0,16,0,6.7,0,93.8,15,62.5,10,39.6,3,0,37.5,6,0,0,,,0.0
Jose Leon,190397,WR,APP STATE,1,0.7,2,100.0,,0,0,0,0.0,0,-0.89,0,108,0,73.1,64.1,61.4,,61.1,0.0,0,0,7,0.0,0,5,0,0.0,3,100.0,5,80.0,4,83.3,3,0,20.0,1,12,10,3.3,4.0,2.4
Lamar Sperling,171214,HB,BUFFALO,9,-0.3,2,100.0,100.0,1,1,0,0.0,0,-0.34,1,126,0,73.1,80.7,75.7,20.0,71.0,0.0,0,0,8,26.2,11,42,0,34.1,3,71.4,30,0.0,0,83.3,3,0,2.4,1,12,13,4.3,4.0,0.4
AK Dear,198093,HB,ALABAMA,3,-0.7,0,100.0,,0,0,0,0.0,0,0.48,0,103,0,73.1,75.9,83.6,67.8,62.2,0.0,0,0,10,7.1,1,14,0,61.5,3,85.7,12,7.1,1,91.7,3,0,0.0,0,18,20,6.7,6.0,1.5
Dillon Galloway,198103,TE,APP STATE,5,8.0,0,66.7,,0,0,0,33.3,1,0.04,1,108,0,39.5,64.1,54.5,71.5,58.1,71.0,22,0,9,25.8,8,31,0,48.1,2,67.7,21,22.6,7,77.1,3,0,6.5,2,14,14,7.0,7.0,0.67
Brody Dalton,145465,TE,ALABAMA,4,2.0,0,100.0,,0,0,0,0.0,0,0.21,2,103,0,73.1,64.1,75.1,29.9,73.5,54.5,6,0,10,9.1,1,11,0,70.0,3,81.8,9,27.3,3,97.2,3,0,18.2,2,22,16,5.3,7.3,2.44
Braxton Jennings,204133,HB,LOUISVILLE,4,-2.7,0,66.7,,0,0,0,0.0,0,-0.08,0,210,0,70.7,28.6,72.7,75.8,56.7,0.0,0,0,6,17.9,5,28,0,40.7,2,82.1,23,3.6,1,70.1,3,0,3.6,1,6,10,5.0,3.0,0.26
Ryan Guillo,162998,WR,RICE,6,7.0,0,66.7,,0,0,0,0.0,0,0.14,1,275,0,70.7,62.9,54.2,,53.7,0.0,0,0,9,0.0,0,36,0,44.4,2,100.0,36,5.6,2,78.5,3,0,94.4,34,15,6,3.0,7.5,0.42
Jovesa Damuni,183763,HB,BYU,3,-4.3,2,100.0,,0,0,0,0.0,0,-0.2,0,128,1,73.1,28.0,61.9,67.5,41.7,0.0,0,0,13,10.0,1,10,0,50.0,3,90.0,9,40.0,4,91.7,3,0,0.0,0,18,31,10.3,6.0,2.0
Da'Wain Lofton,144089,WR,OKLA STATE,1,13.3,0,33.3,,0,0,0,0.0,0,-0.01,1,262,0,66.7,61.0,64.4,,63.7,0.0,0,0,10,0.0,0,8,0,50.0,1,100.0,8,12.5,1,43.8,3,0,87.5,7,10,1,1.0,10.0,1.25
Isaac Schoenfeld,157665,TE,WYOMING,8,5.3,0,66.7,50.0,1,2,0,0.0,0,-0.55,1,351,0,70.7,62.9,47.8,71.6,50.5,64.7,22,0,8,17.6,6,34,2,37.5,2,76.5,26,35.3,12,75.7,3,0,0.0,0,13,1,0.5,6.5,0.5
Jackson Gutierrez,189488,HB,NAVY,7,6.3,0,66.7,0.0,0,1,0,0.0,0,0.66,1,237,0,70.7,78.2,79.2,61.6,70.0,0.0,0,0,8,51.6,16,31,0,56.7,2,35.5,11,0.0,0,74.3,3,0,0.0,0,12,2,1.0,6.0,1.09
Willie McCoy III,174103,WR,UTSA,4,15.7,0,0.0,0.0,0,2,0,,0,0.18,0,331,0,,65.6,53.3,,50.0,0.0,0,0,0,0.0,0,34,0,42.4,0,97.1,33,14.7,5,39.6,3,0,85.3,29,0,0,,,0.0
Jalen Bonds,204731,HB,BALL ST,3,-1.0,3,66.7,0.0,0,1,0,0.0,0,-0.18,1,117,0,70.7,78.4,71.6,74.9,66.5,0.0,0,0,54,51.5,17,33,0,35.5,2,45.5,15,3.0,1,109.7,3,0,6.1,2,52,55,27.5,26.0,3.47
Amaree Williams,190580,ED,FLORIDA ST,3,9.7,2,66.7,,0,0,0,0.0,0,0.74,2,167,0,70.7,64.6,70.2,70.1,76.3,47.4,9,0,35,15.8,3,19,0,73.7,2,84.2,16,42.1,8,149.3,3,1,0.0,0,51,46,23.0,25.5,3.19
David Clement,170384,TE,SYRACUSE,12,7.7,0,100.0,100.0,1,1,0,0.0,0,0.1,2,304,0,73.1,64.1,58.2,76.2,66.1,82.9,63,0,18,72.4,55,76,1,46.5,3,26.3,20,15.8,12,108.3,3,0,0.0,0,30,7,2.3,10.0,1.5
Trey Johnson,163108,WR,BOWL GREEN,10,14.7,0,33.3,0.0,0,2,0,50.0,1,0.15,1,122,0,24.5,66.2,52.5,,50.7,0.0,0,0,8,0.0,0,41,0,47.5,1,97.6,40,9.8,4,42.4,3,0,90.2,37,8,2,2.0,8.0,0.2
Alexander Capka-Jones,175953,WR,ILLINOIS,8,8.3,0,66.7,,0,0,0,0.0,0,-0.64,2,187,0,70.7,62.9,63.0,,63.0,0.0,0,0,19,0.0,0,25,0,40.9,2,88.0,22,28.0,7,100.7,3,0,72.0,18,31,11,5.5,15.5,1.41
Malichi Greaves,204823,HB,UCONN,4,6.0,0,66.7,,0,0,0,0.0,0,-0.72,0,146,0,70.7,68.2,59.9,,55.7,0.0,0,0,1,0.0,0,8,0,25.0,2,100.0,8,37.5,3,70.1,3,0,0.0,0,1,10,5.0,0.5,0.13
Carmelo Mays,184284,WR,GA SOUTHRN,1,15.0,0,33.3,0.0,0,1,0,50.0,1,-0.4,1,174,0,24.9,61.0,56.8,,57.0,0.0,0,0,5,0.0,0,7,0,16.7,1,85.7,6,0.0,0,42.4,3,0,100.0,7,5,2,2.0,5.0,0.83
Christian Earls,174069,TE,PURDUE,12,7.3,0,33.3,,0,0,0,0.0,0,-0.08,0,273,0,66.7,63.6,42.6,63.7,41.5,67.1,102,0,7,31.6,48,152,0,43.8,1,65.1,99,22.4,34,42.4,3,0,6.6,10,7,1,1.0,7.0,0.07
Dylan Gentry,184401,WR,JVILLE ST,8,1.0,0,66.7,,0,0,0,0.0,0,-0.56,1,196,0,70.7,62.9,59.6,,59.5,0.0,0,0,12,0.0,0,21,0,27.8,2,85.7,18,95.2,20,75.7,3,0,4.8,1,13,17,8.5,6.5,0.72
Jamauri McClure,189581,HB,TULANE,8,-5.3,0,66.7,,0,0,0,33.3,1,0.44,0,319,0,31.6,43.7,74.9,55.6,43.2,0.0,0,0,-1,25.4,15,59,0,57.9,2,72.9,43,3.4,2,70.1,3,0,1.7,1,-4,6,3.0,-2.0,-0.09
KD Daniels,184419,HB,FLORIDA,8,-3.0,0,100.0,,0,0,0,0.0,0,0.09,1,163,0,74.9,45.2,66.1,54.2,62.7,0.0,0,0,11,26.8,11,41,0,50.0,3,70.7,29,4.9,2,90.3,3,0,2.4,1,17,26,8.7,5.7,0.59
Tank Hawkins,184424,WR,FLORIDA,4,12.3,0,66.7,,0,0,0,0.0,0,-0.19,1,163,0,70.7,62.9,56.4,,58.6,0.0,0,0,14,0.0,0,22,0,28.6,2,95.5,21,59.1,13,79.9,3,0,40.9,9,16,4,2.0,8.0,0.76
Jelani Watkins,184469,WR,LSU,4,12.0,0,66.7,0.0,0,1,0,0.0,0,0.09,1,211,0,70.7,65.8,66.8,,63.2,0.0,0,0,15,0.0,0,11,0,50.0,2,90.9,10,27.3,3,86.8,3,0,72.7,8,21,27,13.5,10.5,2.1
Johnathan Arceneaux,146053,HB,FRESNO ST,7,6.7,0,66.7,0.0,0,1,0,0.0,0,0.15,1,169,0,70.7,79.6,75.4,73.7,55.6,0.0,0,0,12,5.4,2,37,1,51.4,2,94.6,35,10.8,4,79.9,3,0,10.8,4,16,12,6.0,8.0,0.46
Clay Nanke,146022,WR,WYOMING,6,6.0,0,33.3,0.0,0,1,0,0.0,0,-0.63,1,351,0,66.7,61.0,58.8,,58.5,0.0,0,0,6,0.0,0,18,0,52.9,1,94.4,17,100.0,18,42.4,3,0,0.0,0,6,3,3.0,6.0,0.35
Jaylen Mbakwe,184540,WR,ALABAMA,2,12.3,0,100.0,,0,0,0,0.0,0,1.16,3,103,0,74.9,69.9,75.8,,77.3,0.0,0,0,26,0.0,0,16,0,76.9,3,81.3,13,18.8,3,118.8,3,0,81.3,13,55,18,6.0,18.3,4.23
Sam Lee,184129,TE,TOLEDO,10,17.3,0,66.7,100.0,1,1,0,0.0,0,0.2,2,316,0,70.7,62.9,55.8,71.6,67.6,81.1,30,0,20,18.9,7,37,0,54.1,2,81.1,30,16.2,6,109.7,3,0,2.7,1,40,1,0.5,20.0,1.33
Tashi Braceful,184123,WR,TOLEDO,4,22.3,0,33.3,50.0,1,2,0,0.0,0,-0.1,1,316,0,66.7,61.0,68.1,,68.3,0.0,0,0,36,0.0,0,10,0,37.5,1,80.0,8,10.0,1,79.9,3,0,90.0,9,36,8,8.0,36.0,4.5
Luke Voorhees,145975,TE,BOISE ST,10,5.7,0,33.3,50.0,1,2,0,0.0,0,0.43,1,120,0,66.7,65.1,40.6,72.6,60.2,80.6,25,1,7,35.5,11,31,0,51.6,1,64.5,20,12.9,4,2.8,3,0,3.2,1,7,1,1.0,7.0,0.35
Nykahi Davenport,189601,HB,USF,10,-0.7,2,100.0,,0,0,0,0.0,0,0.3,2,327,1,73.1,75.8,85.2,69.3,47.6,0.0,0,0,15,46.7,70,150,0,54.0,3,50.0,75,6.0,9,106.9,3,0,1.3,2,29,31,10.3,9.7,0.39
Tyler Stewart,190671,WR,TEMPLE,5,6.7,0,33.3,50.0,1,2,0,0.0,0,-0.15,0,306,0,66.7,74.4,53.6,,53.3,0.0,0,0,4,0.0,0,23,0,31.8,1,95.7,22,87.0,20,42.4,3,0,13.0,3,4,1,1.0,4.0,0.18
Tre Averhart,166392,WR,LA TECH,9,20.3,0,33.3,0.0,0,1,0,0.0,0,-0.17,1,208,0,66.7,61.0,54.5,,52.4,0.0,0,0,6,0.0,0,53,0,42.0,1,94.3,50,75.5,40,81.9,3,1,24.5,13,6,0,0.0,6.0,0.12
Bo Walker,198466,HB,GEORGIA,3,-3.3,0,66.7,,0,0,0,33.3,1,-0.18,0,173,0,31.6,77.3,77.2,71.5,38.7,0.0,0,0,2,6.7,1,15,0,53.3,2,93.3,14,0.0,0,70.1,3,0,0.0,0,2,7,3.5,1.0,0.14
Antonio Floyd,184048,WR,E MICHIGAN,2,11.3,0,33.3,,0,0,0,0.0,0,0.7,0,160,0,66.7,61.0,54.2,,54.3,0.0,0,0,6,0.0,0,16,0,68.8,1,100.0,16,12.5,2,42.4,3,0,87.5,14,6,0,0.0,6.0,0.38
Bryan Jackson II,183621,HB,USC,8,-5.0,2,66.7,0.0,0,1,0,0.0,0,0.18,1,326,0,70.7,80.3,63.4,58.9,55.2,1.4,1,0,17,29.0,20,69,0,53.1,2,69.6,48,1.4,1,81.3,3,0,13.0,9,17,30,15.0,8.5,0.35
Noah Moeaki,189649,TE,BYU,3,8.7,0,66.7,0.0,0,1,0,0.0,0,0.45,2,128,0,70.7,62.9,75.8,32.3,77.5,75.0,12,0,11,37.5,6,16,0,68.8,2,62.5,10,6.3,1,119.4,3,1,12.5,2,16,0,0.0,8.0,1.6
Martavious Collins,183994,TE,FAU,7,5.7,1,100.0,100.0,1,1,1,0.0,0,-0.01,1,165,0,73.1,64.1,49.8,57.7,59.6,81.6,31,0,11,50.0,19,38,1,41.7,3,50.0,19,15.8,6,93.1,3,0,2.6,1,19,2,0.7,6.3,1.0
Andreas Paaske,145747,TE,ARKANSAS,5,6.3,0,100.0,,0,0,0,0.0,0,0.7,2,111,0,74.9,65.0,88.4,70.3,91.3,93.3,14,0,14,26.7,4,15,0,76.9,3,60.0,9,6.7,1,143.8,3,1,0.0,0,27,14,4.7,9.0,3.0
Thomas Blackshear,204870,WR,GEORGIA,2,9.3,1,66.7,100.0,1,1,0,0.0,0,-0.11,1,173,0,70.7,62.9,73.7,,73.9,0.0,0,0,14,0.0,0,7,0,42.9,2,100.0,7,0.0,0,89.6,3,0,100.0,7,23,11,5.5,11.5,3.29
Jamario Clements,148567,HB,WAKE,6,-1.3,0,66.7,,0,0,0,33.3,1,0.24,0,339,0,31.6,76.7,56.5,54.8,44.9,0.0,0,0,7,32.4,12,37,0,51.5,2,62.2,23,8.1,3,70.1,3,0,2.7,1,7,8,4.0,3.5,0.3
Landon Bell,184679,WR,COLO STATE,2,9.3,1,66.7,,0,0,0,0.0,0,0.08,2,144,0,70.7,62.9,71.9,,70.2,0.0,0,0,17,0.0,0,11,0,55.6,2,81.8,9,0.0,0,96.5,3,0,100.0,11,28,10,5.0,14.0,3.11
Landon Roldan,198479,WR,GEORGIA,5,21.7,0,33.3,,0,0,0,0.0,0,-0.47,0,173,0,66.7,64.3,54.6,,53.6,0.0,0,1,6,0.0,0,17,0,47.1,1,100.0,17,23.5,4,2.8,3,0,76.5,13,6,10,10.0,6.0,0.35
Zuberi Mobley,145187,HB,TULANE,10,-2.7,1,100.0,,0,0,0,0.0,0,-0.1,1,319,0,73.1,80.8,70.1,77.6,59.2,0.0,0,0,13,7.0,4,57,0,44.4,3,87.7,50,7.0,4,93.1,3,0,1.8,1,19,27,9.0,6.3,0.38
Johnnie Daniels,184755,HB,MISS STATE,2,0.7,0,100.0,,0,0,0,0.0,0,-0.6,1,227,0,73.1,73.0,69.3,23.2,66.0,0.0,0,0,9,28.6,4,14,0,21.4,3,71.4,10,0.0,0,93.1,3,0,7.1,1,19,17,5.7,6.3,1.9
Jordan Collins,205152,TE,NAVY,4,9.7,0,33.3,,0,0,0,0.0,0,0.21,0,237,0,66.7,61.0,64.9,72.6,57.0,60.7,17,0,3,25.0,7,28,1,36.0,1,64.3,18,3.6,1,42.4,3,0,14.3,4,3,7,7.0,3.0,0.17
Dekel Crowdus,146733,WR,WISCONSIN,7,16.3,0,33.3,,0,0,0,0.0,0,-0.89,0,349,0,66.7,67.8,60.2,,56.4,0.0,0,0,0,0.0,0,11,0,27.3,1,100.0,11,54.5,6,42.4,3,0,45.5,5,0,5,5.0,0.0,0.0
Nate Palmer,183835,HB,TCU,6,1.7,1,33.3,,0,0,0,50.0,1,0.16,0,305,0,24.5,78.9,70.1,27.2,42.5,0.0,0,0,1,25.9,7,27,0,50.0,1,70.4,19,0.0,0,42.4,3,0,0.0,0,1,7,7.0,1.0,0.05
Rameir Hardy,204325,WR,TEMPLE,4,7.0,0,50.0,0.0,0,1,0,0.0,0,-0.46,0,306,0,66.7,61.0,62.7,,62.3,0.0,0,0,9,0.0,0,12,0,25.0,1,100.0,12,16.7,2,62.5,2,0,83.3,10,9,0,0.0,9.0,0.75
Kedrick Reescano,172525,HB,ARIZONA,9,0.5,0,100.0,,0,0,1,0.0,0,0.43,1,109,0,70.7,86.0,75.9,66.6,50.1,0.0,0,0,9,24.8,31,125,1,55.3,2,68.0,85,8.0,10,85.4,2,0,3.2,4,9,8,4.0,4.5,0.11
KD Hunter-Gibson,198256,WR,CHARLOTTE,3,14.0,0,100.0,100.0,1,1,0,0.0,0,0.75,2,136,0,70.7,62.9,76.3,,76.0,0.0,0,0,16,0.0,0,11,0,63.6,2,100.0,11,9.1,1,158.3,2,1,90.9,10,30,11,5.5,15.0,2.73
Tyseer Denmark,191333,WR,PENN STATE,4,3.0,0,100.0,100.0,1,1,0,0.0,0,0.51,0,266,0,70.7,67.7,58.6,,55.7,7.7,1,0,11,0.0,0,13,0,69.2,2,100.0,13,69.2,9,102.1,2,0,23.1,3,17,11,5.5,8.5,1.31
Jack Layne,158966,QB,NEW MEXICO,12,-7.5,0,50.0,,0,0,0,0.0,0,0.08,0,241,2,,65.5,76.2,,31.1,0.0,0,0,2,0.0,0,406,2,44.1,1,1.2,5,0.2,1,56.3,2,0,0.0,0,2,10,10.0,2.0,0.4
Dakota Taylor,188240,TE,KENT STATE,5,7.5,0,50.0,,0,0,0,0.0,0,-0.55,0,201,0,66.7,61.0,48.7,68.3,53.2,87.5,14,0,6,12.5,2,16,0,26.7,1,81.3,13,12.5,2,56.3,2,0,0.0,0,6,1,1.0,6.0,0.46
Ryan Wolfer,188830,TE,S DIEGO ST,11,12.0,0,100.0,,0,0,0,0.0,0,-0.16,2,284,0,70.7,62.9,54.9,64.9,57.7,49.0,24,0,19,18.4,9,49,0,43.2,2,71.4,35,38.8,19,118.8,2,0,8.2,4,37,13,6.5,18.5,1.06
Amari Daniels,146991,HB,TEXAS A&M,11,-0.5,0,100.0,,0,0,0,0.0,0,-0.15,1,312,0,70.7,81.2,72.0,30.0,58.9,0.0,0,0,14,40.0,24,60,0,37.5,2,56.7,34,3.3,2,110.4,2,0,1.7,1,21,22,11.0,10.5,0.62
Josiah McLaurin,188257,HB,MARYLAND,3,8.0,0,50.0,,0,0,0,0.0,0,-1.05,0,215,0,66.7,75.0,54.0,,54.1,0.0,0,0,10,0.0,0,15,0,15.4,1,86.7,13,100.0,15,64.6,2,0,0.0,0,10,0,0.0,10.0,0.77
Isaiah West,199862,HB,OHIO STATE,8,0.5,0,100.0,,0,0,0,0.0,0,0.36,1,260,0,70.7,83.2,76.9,45.2,62.6,0.0,0,0,12,18.9,7,37,0,51.4,2,75.7,28,0.0,0,91.7,2,0,0.0,0,12,11,5.5,6.0,0.43
Zion Johnson,198264,HB,CINCINNATI,2,1.5,0,100.0,,0,0,0,0.0,0,0.2,2,138,0,70.7,75.2,70.5,45.3,82.3,0.0,0,0,12,22.2,2,9,0,33.3,2,77.8,7,0.0,0,110.4,2,0,0.0,0,21,18,9.0,10.5,3.0
Kai Rios,159367,TE,MICH STATE,4,5.5,0,50.0,,0,0,0,50.0,1,0.66,1,223,0,24.5,61.0,49.5,46.6,55.6,100.0,9,0,1,66.7,6,9,0,55.6,1,33.3,3,0.0,0,95.8,2,1,0.0,0,1,0,0.0,1.0,0.33
Jahmari Powell-Wonson,188260,WR,MARYLAND,1,2.0,0,100.0,,0,0,0,0.0,0,-1.3,0,215,1,70.7,9.0,48.6,,50.9,0.0,0,0,9,0.0,0,2,0,0.0,2,100.0,2,100.0,2,95.8,2,0,0.0,0,14,10,5.0,7.0,7.0
Brendon McQueen,191783,WR,MO STATE,3,7.0,0,50.0,,0,0,0,0.0,0,-0.37,0,230,0,66.7,61.0,50.8,,50.3,0.0,0,0,5,0.0,0,9,0,44.4,1,100.0,9,44.4,4,56.3,2,0,55.6,5,5,0,0.0,5.0,0.56
Michael Smith,190237,TE,S CAROLINA,4,5.0,0,100.0,,0,0,0,0.0,0,0.22,1,289,0,70.7,62.9,54.8,75.4,57.8,60.0,21,0,13,20.0,7,35,0,50.0,2,74.3,26,22.9,8,108.3,2,0,5.7,2,20,10,5.0,10.0,0.77
Jemyri Davis,198593,WR,KANSAS ST,4,5.0,0,100.0,,0,0,0,0.0,0,-0.09,0,199,0,70.7,62.9,51.9,,56.3,0.0,0,0,5,0.0,0,12,1,41.7,2,100.0,12,8.3,1,83.3,2,0,91.7,11,8,-2,-1.0,4.0,0.67
Ryan Browne,174949,QB,PURDUE,12,-4.5,0,100.0,,0,0,0,0.0,0,-0.05,1,273,5,66.7,58.8,69.1,,90.9,0.0,0,0,14,0.0,0,421,1,43.2,2,0.7,3,0.0,0,129.2,2,1,0.0,0,11,20,10.0,5.5,3.67
Kiael Kelly,145634,QB,BALL ST,12,10.0,1,50.0,,0,0,0,0.0,0,-0.2,1,117,10,66.7,27.7,58.6,,90.5,0.0,0,0,19,0.0,0,397,3,34.8,1,1.0,4,0.0,0,122.9,2,1,0.0,0,19,7,7.0,19.0,4.75
A'Marion Peterson,174165,HB,UTSA,9,-2.5,1,100.0,,0,0,0,0.0,0,0.62,0,331,0,70.7,54.1,65.0,29.4,58.7,0.0,0,0,7,36.4,12,33,0,57.6,2,63.6,21,3.0,1,81.3,2,0,15.2,5,7,12,6.0,3.5,0.33
Ashton Locklear,157428,WR,NC STATE,2,8.0,0,50.0,,0,0,0,0.0,0,-0.63,0,248,0,66.7,61.0,49.6,,54.5,0.0,0,0,4,0.0,0,12,1,33.3,1,100.0,12,33.3,4,56.3,2,0,66.7,8,4,-1,-1.0,4.0,0.33
Semi Taulanga,204411,TE,UTAH,7,-3.5,2,100.0,,0,0,0,0.0,0,0.47,1,328,0,70.7,62.9,63.9,58.9,70.8,63.2,12,0,10,78.9,15,19,1,47.4,2,21.1,4,15.8,3,79.2,2,0,0.0,0,3,10,5.0,1.5,0.75
Tahj Bullock,144070,QB,COLO STATE,5,6.5,0,100.0,100.0,1,1,0,0.0,0,-0.39,1,144,0,70.7,77.0,70.4,63.9,66.2,0.0,0,0,16,8.3,1,12,0,30.0,2,58.3,7,33.3,4,97.9,2,0,0.0,0,15,2,1.0,7.5,2.14
Daune Morris,199973,HB,TENNESSEE,5,-2.0,0,50.0,,0,0,0,50.0,1,0.7,0,307,0,24.5,82.8,81.8,28.3,39.3,0.0,0,0,4,33.3,10,30,0,76.7,1,66.7,20,3.3,1,56.3,2,0,0.0,0,4,7,7.0,4.0,0.2
AJ Hairston Jr.,184157,QB,UMASS,10,-4.0,0,100.0,,0,0,0,0.0,0,-0.24,0,216,2,66.7,50.8,56.3,,57.4,0.0,0,0,5,0.0,0,270,4,35.3,2,0.4,1,0.0,0,79.2,2,0,0.0,0,-8,0,0.0,-4.0,-8.0
Max Reese,157462,TE,MISS STATE,3,0.5,0,100.0,,0,0,0,0.0,0,0.22,0,227,0,70.7,62.9,60.7,38.0,54.0,47.8,11,0,5,21.7,5,23,0,47.8,2,78.3,18,52.2,12,79.2,2,0,0.0,0,1,0,0.0,0.5,0.06
Patrick Gurd,129747,TE,CINCINNATI,12,0.0,1,100.0,,0,0,0,0.0,0,0.36,1,138,0,70.7,62.9,57.8,55.7,63.7,65.5,36,0,17,63.6,35,55,1,56.9,2,32.7,18,21.8,12,114.6,2,0,0.0,0,23,23,11.5,11.5,1.28
Addison Ostrenga,156430,TE,IOWA,2,10.0,0,50.0,0.0,0,1,0,0.0,0,-0.22,0,192,0,66.7,61.0,57.2,67.1,52.2,58.8,10,0,8,17.6,3,17,0,23.5,1,82.4,14,17.6,3,60.4,2,0,17.6,3,8,9,9.0,8.0,0.57
Caden Creel,170414,QB,JVILLE ST,12,-5.5,0,50.0,,0,0,0,0.0,0,0.13,0,196,1,,48.2,65.8,62.2,52.2,0.4,1,0,4,0.4,1,254,5,47.7,1,2.0,5,1.2,3,56.3,2,0,1.2,3,4,12,12.0,4.0,0.8
Andrew Burnette,205005,HB,LA TECH,8,-1.5,0,50.0,,0,0,0,50.0,1,-0.78,1,208,0,24.5,68.0,76.2,82.2,42.1,0.0,0,0,4,33.3,10,30,0,19.2,1,60.0,18,0.0,0,56.3,2,0,0.0,0,4,3,3.0,4.0,0.22
Cartevious Norton,157582,HB,USF,5,-6.0,4,100.0,,0,0,0,0.0,0,-0.03,1,327,1,70.7,47.7,74.4,80.1,44.8,0.0,0,0,24,48.6,35,72,0,35.7,2,50.0,36,1.4,1,118.8,2,0,5.6,4,27,39,19.5,13.5,0.75
Noah Fox-Flores,204537,TE,UCLA,9,8.0,0,50.0,,0,0,0,0.0,0,0.2,1,324,0,66.7,61.0,50.3,70.7,53.7,50.0,22,0,4,18.2,8,44,1,48.8,1,77.3,34,34.1,15,95.8,2,1,15.9,7,4,1,1.0,4.0,0.12
Tylor Latham,182289,WR,AIR FORCE,7,5.0,0,50.0,,0,0,0,0.0,0,0.15,0,101,0,24.5,65.7,60.7,,44.0,29.4,5,0,5,0.0,0,17,0,46.7,1,88.2,15,17.6,3,56.3,2,0,29.4,5,5,0,0.0,5.0,0.33
Keivin Boone-Nelson II,200040,WR,W MICHIGAN,3,0.0,0,100.0,,0,0,0,0.0,0,-0.12,1,347,0,70.7,81.8,61.4,,66.3,0.0,0,0,5,0.0,0,9,1,33.3,2,100.0,9,55.6,5,79.2,2,0,44.4,4,0,0,0.0,0.0,0.0
Braylon Harmon,193240,WR,TENNESSEE,1,26.0,0,50.0,100.0,1,1,0,50.0,1,0.7,1,307,0,24.9,65.3,72.3,,69.6,0.0,0,0,41,0.0,0,2,0,50.0,1,100.0,2,100.0,2,95.8,2,0,0.0,0,41,3,3.0,41.0,20.5
Brandon High Jr.,174095,HB,CAL,4,-1.0,0,50.0,0.0,0,1,0,0.0,0,0.37,0,130,0,66.7,37.4,54.0,75.4,53.4,0.0,0,0,5,12.9,4,31,0,60.0,1,83.9,26,3.2,1,56.3,2,0,16.1,5,5,8,8.0,5.0,0.19
Kaleb Mathis,171898,WR,COLORADO,5,7.0,0,100.0,,0,0,0,0.0,0,0.11,1,143,0,70.7,67.5,53.1,,54.1,5.8,3,0,12,0.0,0,52,0,43.1,2,98.1,51,92.3,48,102.1,2,0,1.9,1,17,3,1.5,8.5,0.33
Willy Suarez,190577,WR,FLORIDA ST,4,1.0,0,50.0,,0,0,0,0.0,0,-0.07,0,167,0,66.7,61.0,55.7,,54.4,0.0,0,0,5,0.0,0,13,0,58.3,1,92.3,12,53.8,7,56.3,2,0,46.2,6,5,1,1.0,5.0,0.42
Tate Hoover,204720,TE,BALL ST,12,1.0,1,50.0,,0,0,0,0.0,0,0.0,0,117,0,66.7,61.0,65.0,66.6,51.2,72.4,76,0,9,62.9,66,105,1,41.7,1,37.1,39,15.2,16,62.5,2,0,0.0,0,9,6,6.0,9.0,0.23
Samari Collier,144801,QB,COAST CAR,6,1.5,2,50.0,,0,0,0,50.0,1,0.01,0,141,1,24.5,57.2,64.9,,47.3,0.0,0,0,7,0.0,0,103,1,36.5,1,3.9,4,0.0,0,58.3,2,0,0.0,0,7,13,13.0,7.0,1.75
Anthony League,207842,HB,CAL,3,0.0,0,100.0,,0,0,0,0.0,0,-0.3,0,130,0,70.7,71.5,65.0,76.4,62.4,0.0,0,0,7,37.5,3,8,0,25.0,2,62.5,5,12.5,1,89.6,2,0,12.5,1,11,11,5.5,5.5,2.2
Tayven Jackson,157615,QB,UCF,11,4.5,0,50.0,,0,0,0,0.0,0,-0.06,1,323,4,66.7,49.2,59.4,,68.1,0.0,0,1,4,0.0,0,360,6,44.7,1,0.6,2,0.0,0,56.3,2,1,0.0,0,4,3,3.0,4.0,2.0
Davin Stoffel,177226,TE,ILLINOIS,11,15.0,0,50.0,,0,0,0,0.0,0,0.47,1,187,0,66.7,61.0,62.5,73.7,52.7,51.1,23,0,24,17.8,8,45,1,56.1,1,75.6,34,35.6,16,93.8,2,0,11.1,5,24,17,17.0,24.0,0.71
Tyson Turner,184911,WR,TEXAS TECH,5,-2.0,0,50.0,,0,0,0,0.0,0,0.82,0,315,0,66.7,61.0,64.3,,61.0,0.0,0,0,8,0.0,0,13,0,66.7,1,92.3,12,0.0,0,60.4,2,0,100.0,13,8,11,11.0,8.0,0.67
Elijah McCoy,205466,HB,UTEP,6,-1.5,0,50.0,,0,0,0,50.0,1,0.1,0,330,0,24.5,75.2,58.8,54.8,43.9,0.0,0,0,3,22.9,8,35,0,39.4,1,77.1,27,17.1,6,56.3,2,0,8.6,3,3,8,8.0,3.0,0.11
Harrison Hamsley,147114,TE,JVILLE ST,9,2.5,0,50.0,,0,0,0,50.0,1,-0.26,0,196,0,24.5,61.0,46.9,72.2,44.5,47.9,23,0,2,27.1,13,48,2,38.6,1,68.8,33,31.3,15,56.3,2,0,12.5,6,2,3,3.0,2.0,0.06
Leo Scheidler,156983,WR,NOTRE DAME,1,5.0,0,100.0,100.0,1,1,0,0.0,0,1.12,1,258,0,70.7,62.9,75.4,,73.2,0.0,0,0,6,0.0,0,2,0,100.0,2,100.0,2,0.0,0,91.7,2,0,100.0,2,12,2,1.0,6.0,6.0
Cole Cabana,174036,HB,W MICHIGAN,2,0.0,0,100.0,,0,0,0,0.0,0,-0.75,0,347,0,73.1,72.2,61.4,72.7,65.9,0.0,0,0,2,25.0,1,4,0,0.0,2,50.0,2,25.0,1,79.2,2,0,0.0,0,2,2,1.0,1.0,1.0
Jacorey Watson,200109,WR,BAYLOR,1,-1.5,0,100.0,,0,0,0,0.0,0,-0.53,0,118,0,70.7,62.9,58.0,,58.0,0.0,0,0,4,0.0,0,6,0,33.3,2,100.0,6,83.3,5,79.2,2,0,16.7,1,6,9,4.5,3.0,1.0
Justin Wolf,142695,TE,W KENTUCKY,8,8.5,0,100.0,100.0,1,1,0,0.0,0,0.06,1,346,0,70.7,64.6,51.9,51.2,54.3,63.9,39,0,16,27.9,17,61,1,44.6,2,67.2,41,34.4,21,106.3,2,0,1.6,1,19,2,1.0,9.5,0.46
J'Marion Burnette,190802,HB,HOUSTON,4,0.0,1,50.0,0.0,0,1,0,0.0,0,0.34,1,182,0,66.7,78.9,72.8,46.8,69.0,4.5,1,0,39,36.4,8,22,0,42.9,1,59.1,13,0.0,0,135.4,2,1,4.5,1,39,39,39.0,39.0,3.0
Taz Williams Jr.,200110,WR,BAYLOR,4,11.0,0,50.0,,0,0,0,0.0,0,-0.09,1,118,0,66.7,61.0,57.9,,57.7,0.0,0,0,11,0.0,0,22,0,45.0,1,90.9,20,0.0,0,66.7,2,0,100.0,22,11,0,0.0,11.0,0.55
Malachi Riley,171866,WR,S JOSE ST,1,3.0,0,100.0,,0,0,0,0.0,0,-0.55,1,285,0,70.7,62.9,59.0,,58.9,0.0,0,0,9,0.0,0,21,0,35.0,2,95.2,20,14.3,3,87.5,2,0,85.7,18,10,4,2.0,5.0,0.5
Charles Robinson,189515,FB,NAVY,8,4.0,0,50.0,0.0,0,1,0,0.0,0,0.64,1,237,1,66.7,24.7,50.2,,42.9,18.2,2,0,10,0.0,0,11,0,54.5,1,100.0,11,45.5,5,64.6,2,0,18.2,2,10,8,8.0,10.0,0.91
Devon Akers,188408,WR,N ILLINOIS,3,6.5,0,50.0,50.0,1,2,0,0.0,0,-2.34,1,254,0,66.7,61.0,76.9,,78.1,0.0,0,0,7,0.0,0,4,0,25.0,1,100.0,4,25.0,1,97.9,2,1,75.0,3,7,0,0.0,7.0,1.75
Caleb Williams,170126,HB,PITTSBURGH,2,0.0,0,100.0,,0,0,0,0.0,0,-0.52,0,268,0,70.7,70.1,65.6,72.7,60.9,0.0,0,0,0,10.0,1,10,0,10.0,2,90.0,9,10.0,1,79.2,2,0,10.0,1,-1,-1,-0.5,-0.5,-0.11
Joshua Harriott,169910,HB,FAU,1,1.0,0,0.0,,0,0,0,,0,-0.11,0,165,0,,67.3,61.9,70.2,56.7,0.0,0,0,0,16.7,1,6,0,20.0,0,83.3,5,0.0,0,39.6,2,0,0.0,0,0,0,,,0.0
Ashton Nickelberry,173764,WR,UTEP,4,1.5,0,100.0,,0,0,0,0.0,0,0.88,1,330,0,70.7,62.9,65.8,,65.7,0.0,0,0,11,0.0,0,8,0,50.0,2,100.0,8,0.0,0,93.8,2,0,100.0,8,13,10,5.0,6.5,1.63
Jovantae Barnes,158085,HB,OKLAHOMA,4,1.0,0,50.0,,0,0,0,50.0,1,0.21,1,261,0,24.9,76.5,63.2,62.9,44.8,2.3,1,0,16,34.9,15,43,0,50.0,1,62.8,27,11.6,5,77.1,2,0,2.3,1,16,16,16.0,16.0,0.59
Zymear Smith,198732,WR,MARYLAND,2,-3.5,1,100.0,,0,0,0,0.0,0,-0.85,0,215,0,70.7,62.9,57.1,,56.8,0.0,0,0,-3,0.0,0,9,1,12.5,2,88.9,8,11.1,1,79.2,2,0,88.9,8,-6,1,0.5,-3.0,-0.75
Jaelen Smith,175469,WR,UTSA,3,7.0,0,0.0,,0,0,0,100.0,1,-0.3,0,331,0,16.4,,42.2,,45.9,0.0,0,0,0,0.0,0,9,0,44.4,0,100.0,9,44.4,4,39.6,2,0,55.6,5,0,0,,,0.0
Antonio Robinson,156789,WR,MO STATE,3,6.0,0,0.0,,0,0,0,100.0,1,-0.28,0,230,0,16.4,,46.9,,47.0,0.0,0,0,0,0.0,0,11,0,36.4,0,100.0,11,0.0,0,39.6,2,0,100.0,11,0,0,,,0.0
Jamar Browder,198798,WR,MICHIGAN,3,13.0,0,0.0,0.0,0,1,0,100.0,1,-0.01,0,222,0,16.4,,46.7,,46.5,0.0,0,0,0,0.0,0,11,0,45.5,0,100.0,11,9.1,1,39.6,2,0,90.9,10,0,0,,,0.0
Dre Washington,147143,HB,ALABAMA,5,-1.5,0,50.0,,0,0,0,0.0,0,0.79,1,103,0,66.7,75.2,68.4,72.4,60.8,0.0,0,0,15,17.6,3,17,0,70.6,1,82.4,14,0.0,0,75.0,2,0,11.8,2,15,18,18.0,15.0,1.07
Aziah Johnson,175464,WR,N CAROLINA,1,-2.5,0,50.0,,0,0,0,50.0,1,-0.28,0,245,0,24.5,61.0,45.2,,48.0,0.0,0,0,6,0.0,0,3,0,33.3,1,100.0,3,33.3,1,56.3,2,0,66.7,2,6,8,8.0,6.0,2.0
Danny Lewis Jr.,163600,TE,ALABAMA,4,5.0,0,100.0,,0,0,0,0.0,0,0.3,1,103,0,70.7,62.9,66.1,71.5,63.3,61.9,13,0,11,33.3,7,21,0,55.0,2,61.9,13,23.8,5,102.1,2,0,9.5,2,17,7,3.5,8.5,1.31
Devin Hyatt,171853,WR,ARIZONA,2,4.5,0,50.0,,0,0,0,0.0,0,-0.85,1,109,0,66.7,61.0,55.0,,54.9,0.0,0,0,10,0.0,0,13,0,20.0,1,76.9,10,0.0,0,64.6,2,0,100.0,13,10,5,5.0,10.0,1.0
Markus Allen,145160,WR,MISS STATE,4,6.5,0,50.0,100.0,1,1,0,50.0,1,-0.16,0,227,0,24.5,61.0,46.6,,48.5,0.0,0,0,7,0.0,0,13,0,33.3,1,92.3,12,0.0,0,58.3,2,0,100.0,13,7,0,0.0,7.0,0.58
Gracen Harris,198864,WR,MISS STATE,2,19.5,0,50.0,,0,0,0,0.0,0,-0.54,0,227,0,66.7,61.0,57.8,,56.8,0.0,0,0,4,0.0,0,5,0,20.0,1,100.0,5,80.0,4,56.3,2,0,0.0,0,4,8,8.0,4.0,0.8
Suderian Harrison,175436,WR,VIRGINIA,3,-4.0,1,100.0,,0,0,0,0.0,0,0.02,1,335,0,70.7,63.7,70.1,,76.1,0.0,0,0,56,0.0,0,6,0,33.3,2,83.3,5,83.3,5,118.8,2,0,16.7,1,62,70,35.0,31.0,12.4
Jake Woods,141663,TE,TEMPLE,5,0.0,0,100.0,,0,0,0,0.0,0,0.87,1,306,0,70.7,62.9,66.0,63.9,84.6,57.1,4,0,18,14.3,1,7,1,71.4,2,85.7,6,42.9,3,118.8,2,0,0.0,0,30,30,15.0,15.0,5.0
Andrew Paul,124736,HB,JVILLE ST,7,-1.0,1,100.0,,0,0,0,0.0,0,-0.6,2,196,0,70.7,77.8,63.5,77.5,70.1,0.0,0,0,17,21.1,4,19,0,26.3,2,78.9,15,0.0,0,118.8,2,0,5.3,1,29,31,15.5,14.5,1.93
Zedekiah Anahu-Ambrosio,198919,WR,NEVADA,2,16.0,0,0.0,,0,0,0,,0,0.27,0,239,0,,,50.0,,50.5,0.0,0,0,0,0.0,0,37,0,52.8,0,97.3,36,100.0,37,39.6,2,0,0.0,0,0,0,,,0.0
Reggie Branch II,150071,HB,MO STATE,4,5.0,0,50.0,0.0,0,1,0,0.0,0,-0.08,0,230,0,66.7,69.9,62.0,37.3,61.0,0.0,0,1,5,27.3,3,11,0,33.3,1,54.5,6,9.1,1,16.7,2,0,0.0,0,5,3,3.0,5.0,0.83
Breyahn Townsend,204775,HB,COAST CAR,3,0.0,0,50.0,0.0,0,1,0,0.0,0,-0.29,0,141,0,66.7,24.5,63.6,,72.0,0.0,0,0,9,0.0,0,8,0,42.9,1,87.5,7,25.0,2,62.5,2,0,12.5,1,9,10,10.0,9.0,1.29
Nick Townsend,205406,TE,TEXAS,9,-2.0,0,50.0,,0,0,0,50.0,1,0.05,0,311,0,24.9,66.7,51.6,76.2,40.4,72.7,24,0,0,36.4,12,33,1,40.0,1,60.6,20,12.1,4,56.3,2,0,0.0,0,0,4,4.0,0.0,0.0
Jason Fowler,188414,TE,N ILLINOIS,5,2.5,0,100.0,,0,0,0,0.0,0,-0.21,2,254,0,70.7,62.9,73.0,70.2,83.0,76.9,10,0,7,38.5,5,13,0,50.0,2,53.8,7,23.1,3,95.8,2,0,0.0,0,14,9,4.5,7.0,2.0
Hayden Hagler,121732,TE,MO STATE,3,5.0,0,100.0,,0,0,0,0.0,0,0.0,1,230,0,70.7,62.9,50.4,46.1,61.7,92.3,36,0,15,43.6,17,39,0,42.9,2,48.7,19,0.0,0,100.0,2,0,2.6,1,16,6,3.0,8.0,0.84
Jaden Reddell,184572,TE,GEORGIA,10,3.5,0,50.0,,0,0,0,50.0,1,0.06,0,173,0,24.5,61.0,56.1,66.3,47.4,48.1,25,0,9,28.8,15,52,0,50.0,1,69.2,36,48.1,25,62.5,2,0,3.8,2,9,7,7.0,9.0,0.25
Kelan Robinson,144571,WR,E CAROLINA,7,17.5,0,50.0,0.0,0,1,0,0.0,0,-0.05,0,156,0,66.7,61.0,52.2,,52.5,0.0,0,0,7,0.0,0,21,0,35.0,1,95.2,20,9.5,2,58.3,2,0,85.7,18,7,2,2.0,7.0,0.35
Jesse Anderson III,175406,WR,PITTSBURGH,1,13.5,0,0.0,0.0,0,1,0,100.0,1,-0.45,0,268,0,16.4,,41.8,,45.2,0.0,0,0,0,0.0,0,5,0,20.0,0,100.0,5,80.0,4,39.6,2,0,20.0,1,0,0,,,0.0
Jayden O'Rourke,171550,TE,NEVADA,5,7.0,0,100.0,,0,0,0,0.0,0,0.31,1,239,0,70.7,62.9,63.9,31.1,66.0,42.9,6,0,17,35.7,5,14,0,50.0,2,50.0,7,14.3,2,118.8,2,0,35.7,5,25,11,5.5,12.5,3.57
Fredrick Robertson,189826,HB,LA TECH,4,0.0,0,100.0,,0,0,0,0.0,0,-0.83,0,208,0,70.7,69.4,57.6,76.2,59.1,0.0,0,0,5,35.3,6,17,0,26.7,2,58.8,10,17.6,3,83.3,2,0,0.0,0,8,8,4.0,4.0,0.8
Dino Kaliakmanis,144978,WR,RUTGERS,1,15.0,0,50.0,50.0,1,2,0,0.0,0,0.76,1,278,0,66.7,61.0,61.4,,66.6,0.0,0,0,9,0.0,0,6,1,40.0,1,83.3,5,0.0,0,102.1,2,1,100.0,6,9,0,0.0,9.0,1.8
Robby Preckel,199009,HB,NWESTERN,6,-1.0,0,50.0,,0,0,0,0.0,0,-0.14,0,256,0,70.7,50.6,67.1,64.9,67.4,0.0,0,0,4,30.9,17,55,0,40.0,1,65.5,36,1.8,1,56.3,2,0,0.0,0,4,2,2.0,4.0,0.11
Evan Poticher,189847,TE,MIDDLE TN,12,4.0,0,50.0,0.0,0,1,0,0.0,0,-0.08,0,224,0,66.7,61.0,53.0,60.1,47.6,85.9,61,0,5,62.0,44,71,1,39.4,1,35.2,25,9.9,7,56.3,2,0,1.4,1,5,2,2.0,5.0,0.2
Brock Schott,200168,TE,MIAMI FL,1,-0.5,2,100.0,,0,0,0,0.0,0,0.85,2,220,0,70.7,62.9,92.1,,89.7,80.0,4,0,14,0.0,0,5,0,80.0,2,100.0,5,20.0,1,116.7,2,0,0.0,0,24,25,12.5,12.0,4.8
Brock Lium,173515,TE,FRESNO ST,2,-2.0,1,100.0,,0,0,0,0.0,0,0.08,0,169,0,70.7,62.9,73.2,66.7,78.9,80.0,4,0,8,40.0,2,5,0,60.0,2,60.0,3,0.0,0,87.5,2,0,20.0,1,10,14,7.0,5.0,3.33
Artis Cole,173511,WR,RICE,3,5.5,0,50.0,,0,0,0,0.0,0,-0.82,0,275,0,66.7,61.0,50.4,,52.7,0.0,0,0,4,0.0,0,27,1,22.2,1,100.0,27,14.8,4,56.3,2,0,85.2,23,4,5,5.0,4.0,0.15
Elijah Porter,188428,HB,N ILLINOIS,6,10.0,0,50.0,,0,0,0,0.0,0,0.71,1,254,0,66.7,75.3,72.2,82.7,65.1,7.7,2,0,67,26.9,7,26,0,56.5,1,65.4,17,3.8,1,135.4,2,1,0.0,0,67,50,50.0,67.0,3.94
Matt Jeffery,189878,WR,NOTRE DAME,4,14.0,0,50.0,,0,0,0,0.0,0,-0.24,1,258,0,66.7,63.6,76.8,,78.7,20.0,1,1,37,0.0,0,5,0,40.0,1,100.0,5,80.0,4,56.3,2,0,0.0,0,37,9,9.0,37.0,7.4
Adam Hrynciw,186427,WR,AIR FORCE,6,20.0,0,0.0,,0,0,0,,0,-0.52,0,101,0,,,57.6,61.9,52.9,7.1,1,0,0,7.1,1,14,0,23.1,0,85.7,12,14.3,2,39.6,2,0,78.6,11,0,0,,,0.0
Joseph Griffin Jr.,162664,WR,WISCONSIN,3,19.0,0,50.0,,0,0,0,0.0,0,-0.08,0,349,0,66.7,61.0,54.8,,55.0,0.0,0,0,5,0.0,0,10,0,30.0,1,100.0,10,0.0,0,56.3,2,0,100.0,10,5,1,1.0,5.0,0.5
Aneyas Williams,184108,HB,NOTRE DAME,6,8.0,0,100.0,,0,0,0,0.0,0,0.49,2,258,0,70.7,78.1,79.7,79.2,82.0,0.0,0,0,25,42.9,9,21,0,57.1,2,57.1,12,0.0,0,118.8,2,0,0.0,0,40,24,12.0,20.0,3.33
Cam Sapp,199079,WR,PITTSBURGH,2,0.0,0,50.0,0.0,0,1,0,0.0,0,0.31,0,268,0,66.7,61.0,55.2,,55.5,0.0,0,0,7,0.0,0,9,0,22.2,1,100.0,9,33.3,3,58.3,2,0,66.7,6,7,12,12.0,7.0,0.78
Max Hunt,199083,TE,PITTSBURGH,1,14.5,0,50.0,,0,0,0,0.0,0,0.73,1,268,0,66.7,61.0,80.0,64.5,89.1,66.7,2,0,20,33.3,1,3,0,66.7,1,66.7,2,0.0,0,85.4,2,0,0.0,0,20,3,3.0,20.0,10.0
Tony Kinsler,199084,WR,PITTSBURGH,5,14.0,0,50.0,,0,0,0,0.0,0,0.33,1,268,0,66.7,61.0,57.8,,55.9,0.0,0,0,4,0.0,0,30,0,33.3,1,90.0,27,13.3,4,56.3,2,0,86.7,26,4,8,8.0,4.0,0.15
Justin Jones,121492,HB,AUBURN,4,-3.5,1,100.0,,0,0,0,0.0,0,0.53,1,115,0,70.7,25.2,62.3,,59.8,0.0,0,0,3,0.0,0,18,0,41.2,2,94.4,17,27.8,5,79.2,2,0,5.6,1,6,13,6.5,3.0,0.35
Bo MacCormack III,207813,HB,BOSTON COL,5,-1.5,1,100.0,,0,0,0,0.0,0,-0.12,1,121,0,70.7,76.5,61.3,53.3,63.8,0.0,0,0,12,32.4,11,34,0,33.3,2,64.7,22,0.0,0,95.8,2,0,0.0,0,14,17,8.5,7.0,0.64
D'Andre Hardeman Jr.,199105,HB,RICE,9,-7.5,0,50.0,,0,0,0,0.0,0,-0.26,0,275,1,66.7,52.1,66.7,38.1,29.8,0.0,0,0,3,55.4,31,56,0,38.2,1,42.9,24,0.0,0,56.3,2,0,3.6,2,3,7,7.0,3.0,0.13
CJ Smith,157076,WR,MEMPHIS,11,7.5,0,0.0,,0,0,0,100.0,1,-0.05,0,218,0,16.8,63.7,43.7,,46.8,0.0,0,0,0,0.0,0,53,0,42.0,0,92.5,49,18.9,10,39.6,2,0,81.1,43,0,0,,,0.0
Cam Williams,184107,WR,NOTRE DAME,4,17.0,0,50.0,,0,0,0,0.0,0,0.36,0,258,0,66.7,61.0,56.3,,54.3,0.0,0,0,6,0.0,0,16,0,64.3,1,87.5,14,18.8,3,56.3,2,0,81.3,13,6,0,0.0,6.0,0.43
Tyler Mason,184937,HB,VA TECH,2,-2.5,0,100.0,,0,0,0,0.0,0,0.57,1,337,0,70.7,69.7,71.1,78.2,65.2,0.0,0,0,3,30.0,3,10,0,37.5,2,60.0,6,10.0,1,118.8,2,1,10.0,1,-4,1,0.5,-2.0,-0.67
Curtis Jones Jr.,189935,ED,W VIRGINIA,2,-4.5,0,50.0,,0,0,0,0.0,0,-1.19,1,343,0,66.7,74.4,69.1,79.2,67.0,0.0,0,0,3,40.0,6,15,0,13.3,1,60.0,9,6.7,1,56.3,2,0,0.0,0,3,8,8.0,3.0,0.33
Jacob Jordan,184597,WR,OKLAHOMA,7,15.0,0,100.0,,0,0,0,0.0,0,0.38,2,261,0,70.7,68.7,65.9,,69.2,0.0,0,0,27,0.0,0,13,0,41.7,2,92.3,12,92.3,12,118.8,2,0,7.7,1,43,13,6.5,21.5,3.58
Kade Eldridge,176636,TE,WASHINGTON,6,9.0,0,50.0,,0,0,0,0.0,0,0.04,1,340,0,66.7,64.3,73.4,67.7,53.1,66.7,10,0,6,20.0,3,15,0,53.3,1,80.0,12,6.7,1,56.3,2,0,0.0,0,6,6,6.0,6.0,0.5
Sir Autry,199143,HB,S JOSE ST,3,-6.0,1,100.0,,0,0,0,0.0,0,-1.38,1,285,0,70.7,62.9,64.8,,69.3,0.0,0,0,6,0.0,0,4,0,25.0,2,100.0,4,50.0,2,83.3,2,0,0.0,0,8,20,10.0,4.0,2.0
Kache Kaio,200243,TE,UTAH ST,10,3.5,0,50.0,,0,0,0,0.0,0,-0.26,0,329,0,66.7,61.0,55.4,59.6,52.1,55.2,16,0,6,24.1,7,29,1,33.3,1,65.5,19,27.6,8,56.3,2,0,10.3,3,6,4,4.0,6.0,0.32
Xavier Loyd,144596,WR,MISSOURI,11,9.0,0,50.0,0.0,0,1,0,0.0,0,0.1,1,229,0,66.7,61.0,54.7,,53.7,0.0,0,0,15,0.0,0,43,0,48.8,1,95.3,41,4.7,2,75.0,2,0,95.3,41,15,6,6.0,15.0,0.37
Jackson Wasserstrom,173391,WR,INDIANA,4,8.0,0,100.0,,0,0,0,0.0,0,0.76,1,190,0,70.7,62.9,77.3,,67.9,0.0,0,0,17,0.0,0,5,0,100.0,2,100.0,5,40.0,2,110.4,2,0,60.0,3,21,5,2.5,10.5,4.2
Tra'Mar Harris,183719,WR,PURDUE,1,-1.0,0,100.0,,0,0,0,0.0,0,-1.57,0,273,0,70.7,62.9,61.5,,58.0,0.0,0,0,3,0.0,0,7,0,0.0,2,57.1,4,0.0,0,79.2,2,0,100.0,7,2,4,2.0,1.0,0.5
MJ Flowers,134081,HB,UCONN,5,0.5,0,50.0,,0,0,0,50.0,1,-0.04,0,146,0,24.5,74.8,58.4,16.9,38.1,0.0,0,0,2,13.6,3,22,0,40.9,1,86.4,19,9.1,2,56.3,2,0,0.0,0,2,0,0.0,2.0,0.11
David Kasemervisz,146367,WR,RICE,6,-1.5,0,100.0,,0,0,0,0.0,0,0.18,1,275,0,70.7,64.6,58.0,,54.2,5.6,1,0,5,0.0,0,18,0,47.1,2,94.4,17,5.6,1,79.2,2,0,88.9,16,6,9,4.5,3.0,0.35
Price Morgan,184907,WR,TEXAS TECH,2,9.5,0,50.0,,0,0,0,0.0,0,0.49,1,315,0,66.7,61.0,60.0,,59.6,0.0,0,0,12,0.0,0,6,0,80.0,1,83.3,5,100.0,6,68.8,2,0,0.0,0,12,5,5.0,12.0,2.4
Daniel Evert,184787,TE,TEMPLE,4,2.5,1,100.0,,0,0,0,0.0,0,0.1,1,306,0,73.1,64.1,62.5,69.3,63.4,58.8,10,0,10,17.6,3,17,1,46.7,2,70.6,12,29.4,5,97.9,2,0,11.8,2,15,10,5.0,7.5,1.25
Bryson Barnes,131845,QB,UTAH ST,12,3.0,0,100.0,,0,0,0,0.0,0,0.13,1,329,5,70.7,51.2,78.7,62.2,64.6,0.0,0,0,5,0.2,1,461,2,44.6,2,1.3,6,0.4,2,120.8,2,1,0.4,2,7,1,0.5,3.5,1.17
Tate Nagy,198590,WR,KANSAS,1,7.5,0,100.0,,0,0,0,0.0,0,0.34,2,198,0,70.7,85.2,76.8,,75.6,0.0,0,0,12,0.0,0,6,0,66.7,2,100.0,6,100.0,6,108.3,2,0,0.0,0,20,5,2.5,10.0,3.33
Grant Norberg,131805,TE,S JOSE ST,4,4.5,0,50.0,,0,0,0,0.0,0,-0.35,0,285,0,66.7,61.0,59.4,69.3,55.5,38.5,5,0,4,23.1,3,13,0,15.4,1,76.9,10,61.5,8,56.3,2,0,0.0,0,4,0,0.0,4.0,0.4
Otto Tia,146224,TE,UTAH,8,6.0,0,100.0,,0,0,0,0.0,0,0.17,1,328,0,70.7,62.9,56.2,11.1,59.3,42.1,8,0,32,0.0,0,19,0,52.6,2,100.0,19,31.6,6,118.8,2,0,26.3,5,38,26,13.0,19.0,2.0
Jay Coyne,158379,FB,MICH STATE,9,2.0,0,100.0,,0,0,0,0.0,0,0.05,1,223,0,70.7,62.9,61.4,89.4,71.1,0.0,0,0,6,37.5,6,16,0,75.0,2,62.5,10,0.0,0,129.2,2,1,0.0,0,11,7,3.5,5.5,1.1
Davion Kerr,199228,CB,SYRACUSE,2,-4.5,0,100.0,,0,0,0,0.0,0,0.44,0,304,0,70.7,72.0,55.6,,69.2,0.0,0,0,9,0.0,0,2,0,50.0,2,100.0,2,50.0,1,93.8,2,0,0.0,0,13,22,11.0,6.5,6.5
Carson Beck,124010,QB,MIAMI FL,13,-5.5,0,50.0,,0,0,0,0.0,0,0.28,1,220,1,66.7,72.9,76.3,,59.6,0.0,0,0,14,0.0,0,440,2,52.6,1,2.0,9,0.0,0,112.5,2,1,0.9,4,14,22,22.0,14.0,1.56
Terry Shelton,199244,WR,TCU,4,12.5,0,50.0,,0,0,0,0.0,0,-0.02,0,305,0,66.7,61.0,56.6,,55.9,0.0,0,1,2,0.0,0,12,0,58.3,1,100.0,12,25.0,3,16.7,2,0,75.0,9,2,0,0.0,2.0,0.17
Destyn Hill,170339,WR,LSU,6,2.0,0,100.0,,0,0,0,0.0,0,-0.17,1,211,0,70.7,62.9,55.0,,56.4,0.0,0,0,12,0.0,0,29,0,37.0,2,93.1,27,17.2,5,112.5,2,0,82.8,24,22,18,9.0,11.0,0.81
Dillon Lorick,190418,WR,E CAROLINA,4,7.0,2,100.0,100.0,1,1,0,0.0,0,-0.26,2,156,0,70.7,62.9,64.8,,64.4,0.0,0,0,12,0.0,0,20,0,42.1,2,95.0,19,5.0,1,154.2,2,1,95.0,19,23,12,6.0,11.5,1.21
James Simon,199289,HB,TEXAS,2,-6.0,0,100.0,,0,0,0,0.0,0,0.11,0,311,0,73.1,78.7,68.0,73.5,65.5,0.0,0,0,8,14.3,2,14,0,58.3,2,71.4,10,0.0,0,79.2,2,0,0.0,0,2,14,7.0,1.0,0.2
Liam Thorpe,200323,WR,STANFORD,4,22.0,0,0.0,0.0,0,1,0,,0,-0.51,0,300,0,,80.6,54.1,,53.9,0.0,0,0,0,0.0,0,12,0,33.3,0,100.0,12,50.0,6,39.6,2,0,50.0,6,0,0,,,0.0
Bryce Duke,157656,HB,UTAH,5,2.0,0,100.0,,0,0,0,0.0,0,1.45,1,328,0,70.7,75.5,71.2,17.0,67.4,0.0,0,0,4,36.4,4,11,0,72.7,2,63.6,7,0.0,0,118.8,2,1,18.2,2,6,3,1.5,3.0,0.86
Floyd Chalk,167095,HB,S JOSE ST,4,-6.5,0,100.0,,0,0,1,0.0,0,-0.05,0,285,0,70.7,51.4,75.0,73.0,56.9,0.0,0,0,1,73.5,61,83,3,39.5,2,26.5,22,1.2,1,79.2,2,0,1.2,1,0,13,6.5,0.0,0.0
Jake Norris,175255,TE,NAVY,10,10.0,0,50.0,0.0,0,1,0,0.0,0,0.5,1,237,0,66.7,61.0,68.0,79.6,54.4,67.7,44,1,23,33.8,22,65,2,55.4,1,66.2,43,9.2,6,52.1,2,0,9.2,6,23,17,17.0,23.0,0.53
Cam Ball,157957,TE,MISS STATE,11,3.0,0,100.0,100.0,1,1,0,0.0,0,0.05,0,227,0,70.7,62.9,56.5,52.8,56.3,65.0,26,0,9,27.5,11,40,1,44.7,2,70.0,28,12.5,5,91.7,2,0,22.5,9,12,6,3.0,6.0,0.43
AJ Johnson,168341,WR,UAB,6,15.0,1,50.0,100.0,1,1,0,0.0,0,-0.35,1,321,0,66.7,61.0,59.4,,59.1,5.0,1,0,21,0.0,0,20,0,35.0,1,100.0,20,70.0,14,87.5,2,0,25.0,5,21,11,11.0,21.0,1.05
Gavin Wimsatt,155757,QB,JVILLE ST,11,6.5,0,100.0,,0,0,0,0.0,0,0.01,0,196,2,70.7,55.0,74.7,62.2,58.4,0.0,0,0,18,0.7,1,140,2,40.7,2,7.9,11,4.3,6,116.7,2,0,0.7,1,24,11,5.5,12.0,2.18
Dominic Deluca,183384,TE,WAKE,4,10.5,0,50.0,100.0,1,1,0,0.0,0,0.15,0,339,0,66.7,61.0,44.4,35.1,56.0,60.0,9,0,7,40.0,6,15,0,35.7,1,53.3,8,33.3,5,58.3,2,0,6.7,1,7,0,0.0,7.0,0.88
Malik Leverett,175194,WR,E CAROLINA,2,8.5,0,50.0,,0,0,0,0.0,0,0.32,0,156,0,66.7,61.0,50.2,,49.5,0.0,0,0,8,0.0,0,9,0,55.6,1,100.0,9,0.0,0,60.4,2,0,88.9,8,8,3,3.0,8.0,0.89
Kanye Udoh,171024,HB,ARIZONA ST,10,0.0,0,50.0,,0,0,0,50.0,1,-0.19,0,110,0,24.5,83.4,65.4,73.4,41.0,0.0,0,0,6,25.0,12,48,0,31.8,1,70.8,34,2.1,1,56.3,2,0,6.3,3,6,7,7.0,6.0,0.18
Coleson Fields,176000,HB,NC STATE,2,2.0,0,100.0,,0,0,0,0.0,0,0.31,1,248,0,70.7,73.9,61.3,73.1,69.2,0.0,0,0,12,11.1,1,9,0,55.6,2,88.9,8,0.0,0,108.3,2,0,11.1,1,20,16,8.0,10.0,2.5
Ezavier Staples,146389,WR,UCLA,6,9.0,0,100.0,100.0,1,1,0,0.0,0,-0.08,1,324,0,70.7,62.9,61.4,,60.8,0.0,0,0,12,0.0,0,17,0,58.8,2,100.0,17,23.5,4,104.2,2,0,76.5,13,18,0,0.0,9.0,1.06
Makhi Hughes,158417,HB,OREGON,4,0.5,1,100.0,,0,0,0,0.0,0,0.58,1,264,0,73.1,75.9,70.6,67.7,63.4,0.0,0,0,20,4.2,1,24,0,50.0,2,87.5,21,16.7,4,116.7,2,0,4.2,1,24,23,11.5,12.0,1.14
Miller Moss,70727,QB,LOUISVILLE,11,-6.0,3,100.0,,0,0,0,0.0,0,0.02,1,210,5,,38.4,68.4,,57.6,0.0,0,0,19,0.0,0,410,3,45.3,2,0.2,1,0.0,0,97.9,2,0,0.0,0,15,27,13.5,7.5,15.0
Joseph McVay,188520,WR,VANDERBILT,7,8.0,0,50.0,0.0,0,1,1,0.0,0,0.28,0,333,0,66.7,61.0,48.7,,54.2,0.0,0,0,5,0.0,0,18,2,47.1,1,94.4,17,0.0,0,56.3,2,0,100.0,18,5,0,0.0,5.0,0.29
TJ Peyton,204900,HB,GA STATE,4,3.5,0,50.0,,0,0,0,0.0,0,-0.02,1,175,0,66.7,45.8,54.1,24.8,60.4,0.0,0,0,15,28.6,6,21,0,33.3,1,71.4,15,4.8,1,75.0,2,0,9.5,2,15,12,12.0,15.0,1.0
Tracy Stephens,176385,TE,MARSHALL,6,7.0,0,100.0,100.0,1,1,0,0.0,0,1.28,2,214,0,70.7,62.9,71.2,75.9,89.4,100.0,16,0,14,62.5,10,16,1,54.5,2,18.8,3,0.0,0,143.8,2,1,0.0,0,18,4,2.0,9.0,6.0
Riley Williams,170100,TE,OREGON ST,2,2.0,1,50.0,0.0,0,1,0,50.0,1,0.48,0,265,0,24.5,63.6,50.5,49.8,50.1,76.9,20,0,15,38.5,10,26,1,62.5,1,53.8,14,19.2,5,75.0,2,0,0.0,0,15,11,11.0,15.0,1.07
Zane Flores,174288,QB,OKLA STATE,9,-8.0,2,100.0,,0,0,0,0.0,0,-0.21,0,262,3,70.7,53.5,58.6,89.8,65.3,0.0,0,0,4,1.2,4,323,0,40.4,2,2.2,7,0.0,0,79.2,2,0,0.3,1,-3,13,6.5,-1.5,-0.43
Trenton Chaney,204116,WR,LA LAFAYET,3,3.5,0,100.0,100.0,1,1,0,0.0,0,-0.53,0,207,0,70.7,62.9,52.0,,56.7,0.0,0,0,13,0.0,0,11,1,45.5,2,100.0,11,72.7,8,95.8,2,0,27.3,3,14,7,3.5,7.0,1.27
Jacob Clark,101628,QB,MO STATE,11,-3.0,0,50.0,,0,0,0,0.0,0,0.14,1,230,2,66.7,73.1,76.7,,81.4,0.0,0,0,29,0.0,0,440,2,45.8,1,0.5,2,0.0,0,95.8,2,0,0.0,0,29,28,28.0,29.0,14.5
Chase Loftin,198440,WR,FLORIDA ST,2,13.0,0,50.0,,0,0,0,0.0,0,0.7,0,167,0,66.7,61.0,56.7,,56.7,0.0,0,0,6,0.0,0,7,0,71.4,1,100.0,7,42.9,3,56.3,2,0,57.1,4,6,1,1.0,6.0,0.86
TJ Johnson,173181,TE,SO MISS,6,9.5,0,50.0,,0,0,0,0.0,0,-1.23,1,296,0,24.5,61.0,51.3,9.3,51.5,31.3,5,0,7,12.5,2,16,0,28.6,1,75.0,12,56.3,9,97.9,2,1,6.3,1,7,0,0.0,7.0,0.58
Brayden Fowler-Nicolosi,157207,QB,COLO STATE,3,13.0,0,50.0,,0,0,0,0.0,0,-0.16,0,144,1,66.7,52.8,50.7,,56.2,0.0,0,0,9,0.0,0,101,0,35.1,1,2.0,2,0.0,0,62.5,2,0,0.0,0,9,2,2.0,9.0,4.5
AJ Ia,198128,TE,ARIZONA ST,2,8.5,0,50.0,,0,0,0,0.0,0,-0.17,1,110,0,66.7,61.0,62.2,67.4,62.8,18.2,2,0,10,9.1,1,11,0,36.4,1,90.9,10,54.5,6,64.6,2,0,27.3,3,10,3,3.0,10.0,1.0
Sam Turner,198147,WR,AUBURN,3,5.0,0,0.0,,0,0,0,,0,0.08,0,115,0,,,55.3,,52.8,0.0,0,0,0,0.0,0,16,0,43.8,0,100.0,16,0.0,0,39.6,2,0,100.0,16,0,0,,,0.0
Gideon Ituka,183661,HB,WISCONSIN,4,11.5,0,50.0,,0,0,0,0.0,0,-0.33,0,349,0,70.7,63.4,74.3,33.5,55.2,0.0,0,0,0,31.3,15,48,3,27.9,1,62.5,30,4.2,2,56.3,2,0,4.2,2,0,6,6.0,0.0,0.0
Antonio Harmon,146849,WR,MARSHALL,6,20.0,0,50.0,100.0,1,1,0,0.0,0,-0.11,1,214,0,66.7,61.0,62.1,,61.4,0.0,0,0,34,0.0,0,24,0,26.1,1,95.8,23,0.0,0,95.8,2,0,100.0,24,34,4,4.0,34.0,1.48
Ryan Ghea,198156,TE,AUBURN,5,5.0,0,100.0,,0,0,0,0.0,0,-0.37,1,115,1,70.7,9.0,47.8,70.8,44.0,84.2,16,0,13,47.4,9,19,0,31.3,2,47.4,9,15.8,3,108.3,2,0,0.0,0,20,10,5.0,10.0,2.22
Justice Williams,183647,WR,WASHINGTON,1,8.5,0,100.0,,0,0,0,0.0,0,0.95,2,340,0,70.7,62.9,79.0,,76.7,0.0,0,0,14,0.0,0,5,0,80.0,2,100.0,5,0.0,0,118.8,2,0,100.0,5,28,11,5.5,14.0,5.6
Kourdey Glass,204246,HB,OREGON ST,2,-2.5,1,100.0,,0,0,0,0.0,0,1.96,0,265,0,70.7,66.9,68.7,70.0,79.8,0.0,0,0,7,25.0,1,4,0,75.0,2,75.0,3,0.0,0,87.5,2,0,0.0,0,10,15,7.5,5.0,3.33
Jackson Wade,174267,WR,FLORIDA,2,23.5,1,50.0,0.0,0,1,0,0.0,0,0.14,1,163,0,66.7,65.1,61.6,,61.8,0.0,0,0,10,0.0,0,11,0,40.0,1,90.9,10,9.1,1,64.6,2,0,90.9,10,10,4,4.0,10.0,1.0
Andrew Bond,205259,WR,N ILLINOIS,2,34.5,0,0.0,,0,0,0,,0,-0.88,0,254,0,,,56.7,,57.9,0.0,0,0,0,0.0,0,2,0,0.0,0,100.0,2,50.0,1,39.6,2,0,50.0,1,0,0,,,0.0
Mario Sanders,183512,WR,ILLINOIS,3,5.5,0,100.0,,0,0,0,0.0,0,1.18,2,187,0,70.7,64.6,85.4,,80.8,0.0,0,0,18,0.0,0,3,0,66.7,2,100.0,3,100.0,3,118.8,2,0,0.0,0,32,21,10.5,16.0,10.67
Chris McMillian,198175,HB,BOWL GREEN,8,-2.0,0,100.0,,0,0,0,0.0,0,-0.58,0,122,0,70.7,86.1,69.0,82.5,54.8,0.0,0,0,5,29.3,12,41,0,28.2,2,70.7,29,7.3,3,79.2,2,0,2.4,1,6,10,5.0,3.0,0.21
Jared Porter,204843,HB,DELAWARE,2,1.5,2,100.0,,0,0,0,0.0,0,0.54,1,151,0,70.7,71.5,68.3,79.2,69.5,0.0,0,0,12,38.5,5,13,0,53.8,2,61.5,8,7.7,1,97.9,2,0,0.0,0,15,12,6.0,7.5,1.88
Jaedon Wilson,131244,WR,UCLA,3,9.5,0,100.0,,0,0,0,0.0,0,0.42,1,324,0,70.7,62.9,65.2,,68.5,0.0,0,0,11,0.0,0,13,0,54.5,2,84.6,11,38.5,5,108.3,2,0,61.5,8,20,1,0.5,10.0,1.82
Jade Card,199673,WR,FAU,3,3.0,0,100.0,,0,0,0,0.0,0,-0.62,1,165,0,70.7,62.9,56.0,,56.2,0.0,0,0,5,0.0,0,11,0,30.0,2,90.9,10,0.0,0,79.2,2,0,100.0,11,5,-1,-0.5,2.5,0.5
Joseph Dodds,191286,HB,BAYLOR,5,1.5,0,100.0,,0,0,0,0.0,0,-0.18,0,118,0,70.7,78.4,69.6,30.2,55.9,0.0,0,0,6,38.1,16,42,0,43.9,2,59.5,25,7.1,3,89.6,2,0,0.0,0,11,8,4.0,5.5,0.44
Krosse Johnson,190171,WR,ARKANSAS,5,19.0,0,50.0,,0,0,0,0.0,0,-0.04,0,111,0,66.7,61.0,63.2,,62.7,0.0,0,0,9,0.0,0,12,0,41.7,1,100.0,12,100.0,12,62.5,2,0,0.0,0,9,2,2.0,9.0,0.75
Donovan Green,158648,TE,LSU,8,14.5,0,100.0,,0,0,0,0.0,0,0.16,2,211,0,70.7,62.9,62.1,72.3,63.3,44.1,15,0,25,38.2,13,34,1,56.3,2,55.9,19,50.0,17,118.8,2,0,5.9,2,40,11,5.5,20.0,2.11
Christian Vaughn,184181,HB,HAWAII,8,0.5,0,50.0,,0,0,0,50.0,1,0.01,0,180,0,24.5,76.2,70.1,19.6,35.2,0.0,0,0,5,42.9,9,21,0,50.0,1,57.1,12,4.8,1,56.3,2,0,0.0,0,5,1,1.0,5.0,0.42
David Cordero,146071,HB,HAWAII,4,-2.5,0,100.0,,0,0,0,0.0,0,-0.34,1,180,0,70.7,75.0,64.0,38.7,69.5,0.0,0,0,10,58.6,17,29,0,35.7,2,41.4,12,0.0,0,100.0,2,0,0.0,0,16,21,10.5,8.0,1.33
Chauncey Magwood,146734,WR,PURDUE,2,5.5,0,100.0,,0,0,0,0.0,0,-0.2,1,273,0,70.7,62.9,58.9,,58.8,0.0,0,0,15,0.0,0,22,0,45.5,2,100.0,22,36.4,8,102.1,2,0,63.6,14,17,6,3.0,8.5,0.77
Gabe Fisher,172610,TE,VANDERBILT,11,-1.0,0,100.0,,0,0,0,0.0,0,0.4,1,333,0,70.7,62.9,67.7,58.6,57.4,64.5,20,0,5,58.1,18,31,1,70.0,2,41.9,13,9.7,3,79.2,2,0,9.7,3,6,8,4.0,3.0,0.46
Jacob Fields,170457,S,LA TECH,2,13.5,0,50.0,,0,0,0,0.0,0,-0.38,0,208,0,66.7,64.3,56.3,,57.5,0.0,0,0,3,0.0,0,5,3,25.0,1,80.0,4,60.0,3,56.3,2,0,40.0,2,3,5,5.0,3.0,0.75
Rusty VanWetzinga IV,170177,TE,C MICHIGAN,10,0.5,0,0.0,,0,0,0,,0,0.01,0,134,0,,61.9,45.3,75.7,47.6,64.3,18,0,0,50.0,14,28,0,40.9,0,35.7,10,3.6,1,39.6,2,0,3.6,1,0,0,,,0.0
Conor Booth,199798,HB,NEBRASKA,2,3.5,0,100.0,,0,0,0,0.0,0,0.12,0,238,0,70.7,68.2,60.0,,67.5,0.0,0,0,6,0.0,0,4,0,50.0,2,100.0,4,0.0,0,89.6,2,0,0.0,0,11,4,2.0,5.5,2.75
Pierce Oppong,130570,TE,N ILLINOIS,12,4.5,0,50.0,,0,0,0,0.0,0,-0.5,0,254,0,66.7,61.0,45.6,58.3,46.3,96.1,49,0,2,41.2,21,51,1,36.2,1,52.9,27,2.0,1,56.3,2,0,2.0,1,2,4,4.0,2.0,0.07
Luke Talich,171100,S,NOTRE DAME,2,8.0,1,100.0,,0,0,0,0.0,0,7.2,1,258,0,66.7,65.3,99.9,63.8,95.0,0.0,0,0,84,50.0,1,2,1,100.0,1,50.0,1,0.0,0,158.3,1,1,0.0,0,84,76,76.0,84.0,84.0
Bear Bachmeier,203434,QB,BYU,12,-3.0,1,100.0,,0,0,0,0.0,0,0.16,0,128,4,,48.2,80.2,,44.2,0.0,0,0,3,0.0,0,395,0,48.1,1,1.3,5,0.0,0,79.2,1,0,0.0,0,3,6,6.0,3.0,0.6
Brendan Doyle,169941,TE,STANFORD,12,1.0,0,100.0,,0,0,0,0.0,0,-0.13,0,300,0,66.7,63.6,59.2,78.4,48.3,67.6,23,0,3,32.4,11,34,0,41.9,1,61.8,21,11.8,4,79.2,1,0,8.8,3,3,2,2.0,3.0,0.14
Reggie Frischknecht,203997,WR,BYU,4,5.0,0,100.0,,0,0,0,0.0,0,0.34,1,128,0,66.7,61.0,65.1,,62.3,0.0,0,0,7,0.0,0,10,0,40.0,1,100.0,10,40.0,4,95.8,1,0,60.0,6,7,2,2.0,7.0,0.7
Carson Smith,171016,HB,ARMY,9,12.0,0,0.0,,0,0,0,100.0,1,0.16,0,114,0,16.8,81.8,62.9,46.1,30.1,2.7,1,0,0,75.7,28,37,0,45.7,0,24.3,9,0.0,0,39.6,1,0,0.0,0,0,0,,,0.0
Zay Robinson,204074,WR,IOWA STATE,2,-4.0,1,100.0,,0,0,0,0.0,0,0.19,0,193,0,66.7,67.8,59.6,,59.6,0.0,0,0,0,0.0,0,2,0,50.0,1,100.0,2,0.0,0,79.2,1,0,100.0,2,0,4,4.0,0.0,0.0
Kavon Pointer,171003,WR,ARMY,2,30.0,0,0.0,,0,0,0,100.0,1,0.51,0,114,0,16.4,,54.2,65.4,42.9,40.0,2,0,0,20.0,1,5,0,40.0,0,80.0,4,0.0,0,39.6,1,0,60.0,3,0,0,,,0.0
Matrail Lopez,204189,WR,OKLA STATE,2,34.0,0,0.0,,0,0,0,,0,-0.59,0,262,0,,,57.2,,58.3,0.0,0,0,0,0.0,0,2,0,0.0,0,100.0,2,50.0,1,39.6,1,0,50.0,1,0,0,,,0.0
Christian Helms,101126,WR,USF,2,-2.0,0,100.0,,0,0,0,0.0,0,0.32,1,327,0,66.7,63.6,64.9,,65.3,0.0,0,0,3,0.0,0,6,0,40.0,1,83.3,5,33.3,2,118.8,1,1,66.7,4,3,5,5.0,3.0,0.6
Brady Mott,170995,HB,ARMY,2,15.0,0,100.0,,0,0,0,0.0,0,-0.42,1,114,0,70.7,62.9,72.9,67.9,87.1,50.0,4,0,15,12.5,1,8,0,33.3,1,62.5,5,12.5,1,118.8,1,0,25.0,2,15,0,0.0,15.0,3.0
Keenan Arcega-Whiteside,204273,WR,RICE,2,4.0,0,100.0,,0,0,0,0.0,0,0.44,1,275,0,66.7,61.0,70.7,,69.1,0.0,0,0,8,0.0,0,4,0,50.0,1,100.0,4,25.0,1,100.0,1,0,75.0,3,8,4,4.0,8.0,2.0
Jalil Hall,205342,WR,PURDUE,1,6.0,0,100.0,,0,0,0,0.0,0,1.24,1,273,0,66.7,61.0,86.7,,74.9,0.0,0,0,7,0.0,0,1,0,100.0,1,100.0,1,0.0,0,95.8,1,0,100.0,1,7,1,1.0,7.0,7.0
Lee Beebe Jr.,163009,HB,INDIANA,3,3.0,0,100.0,,0,0,0,0.0,0,1.35,0,190,0,66.7,42.3,72.1,17.4,59.4,0.0,0,0,7,21.4,3,14,1,84.6,1,78.6,11,0.0,0,95.8,1,0,0.0,0,7,4,4.0,7.0,0.64
Torrance Burgess Jr.,163031,HB,TEXAS ST,4,-2.0,2,100.0,,0,0,0,0.0,0,1.04,1,314,0,66.7,77.0,78.1,42.7,61.7,0.0,0,0,10,29.6,8,27,0,64.0,1,66.7,18,0.0,0,108.3,1,0,7.4,2,10,12,12.0,10.0,0.56
Evan Dangler,169995,TE,USF,7,8.0,0,100.0,,0,0,0,0.0,0,0.24,1,327,0,66.7,61.0,68.7,79.5,66.8,50.0,11,0,1,63.6,14,22,1,45.0,1,31.8,7,22.7,5,118.8,1,1,0.0,0,1,0,0.0,1.0,0.14
Blake Baker,170448,QB,LA TECH,8,-6.0,0,100.0,,0,0,0,0.0,0,0.05,0,208,2,66.7,60.4,73.9,,61.2,0.0,0,0,-5,0.0,0,199,0,46.2,1,0.5,1,0.0,0,79.2,1,0,0.0,0,-5,1,1.0,-5.0,-5.0
Chris Gacayan II,204360,TE,TULSA,1,17.0,0,0.0,,0,0,0,,0,-0.15,0,320,0,,,55.0,,56.8,0.0,0,0,0,0.0,0,2,0,50.0,0,100.0,2,100.0,2,39.6,1,0,0.0,0,0,0,,,0.0
Dahya Patel,163092,WR,BALL ST,7,7.0,0,100.0,,0,0,0,0.0,0,-0.02,1,117,0,66.7,61.0,61.4,,61.6,0.0,0,0,11,0.0,0,22,0,45.5,1,100.0,22,31.8,7,152.1,1,1,68.2,15,11,4,4.0,11.0,0.5
Dallan Coleman,204390,TE,UCF,1,7.0,0,0.0,,0,0,0,,0,-2.17,0,323,0,,,49.1,,55.4,33.3,1,1,0,0.0,0,3,0,33.3,0,100.0,3,66.7,2,0.0,1,0,0.0,0,0,0,,,0.0
Garrison Rippa,170436,K,JVILLE ST,2,2.0,0,100.0,,0,0,0,0.0,0,4.9,0,196,0,66.7,61.0,58.1,,58.1,0.0,0,0,5,0.0,0,2,0,100.0,1,50.0,1,0.0,0,87.5,1,0,50.0,1,5,3,3.0,5.0,5.0
Colton Pitchford,170433,WR,JVILLE ST,1,-2.0,0,100.0,,0,0,0,0.0,0,0.17,0,196,0,66.7,61.0,58.5,,58.5,0.0,0,0,3,0.0,0,3,0,33.3,1,100.0,3,66.7,2,79.2,1,0,33.3,1,3,5,5.0,3.0,1.0
Aghogho Eyafe,170418,WR,JVILLE ST,1,10.0,0,0.0,,0,0,0,,0,-0.8,0,196,0,,,41.8,,53.5,0.0,0,0,0,0.0,0,1,0,0.0,0,100.0,1,0.0,0,39.6,1,0,100.0,1,0,0,,,0.0
Wesley Yarbrough,212059,HB,ARIZONA,4,-1.0,0,100.0,100.0,1,1,0,0.0,0,-0.63,0,109,0,66.7,77.3,64.1,19.3,59.1,0.0,0,0,1,36.8,7,19,0,31.3,1,52.6,10,0.0,0,79.2,1,0,0.0,0,1,2,2.0,1.0,0.1
Keyone Jenkins,170403,QB,FIU,9,10.0,0,0.0,,0,0,0,,0,0.07,0,166,4,,38.8,59.3,,60.0,0.0,0,0,0,0.0,0,302,3,48.6,0,0.3,1,0.0,0,39.6,1,0,0.0,0,0,0,,,0.0
Phillip Folmar,204738,WR,BUFFALO,1,5.0,0,0.0,,0,0,0,,0,-1.76,0,126,0,,,58.5,,59.0,0.0,0,0,0,0.0,0,2,0,0.0,0,100.0,2,100.0,2,39.6,1,0,0.0,0,0,0,,,0.0
Kevin Check,170390,TE,WAKE,1,3.0,0,0.0,,0,0,0,,0,-3.34,0,339,0,,,57.3,,58.7,100.0,1,1,0,0.0,0,1,0,0.0,0,100.0,1,0.0,0,0.0,1,0,0.0,0,0,0,,,0.0
Jordan McCants,163966,WR,W VIRGINIA,1,11.0,0,0.0,,0,0,0,100.0,1,-2.04,0,343,0,16.4,,39.4,,43.6,0.0,0,0,0,0.0,0,2,0,0.0,0,100.0,2,50.0,1,39.6,1,0,50.0,1,0,0,,,0.0
Dylan Williams,184310,WR,JAMES MAD,1,31.0,0,0.0,,0,0,0,,0,-0.49,0,197,0,,,58.5,,59.3,0.0,0,0,0,0.0,0,1,0,0.0,0,100.0,1,0.0,0,39.6,1,0,100.0,1,0,0,,,0.0
Samuel Singleton Jr.,170356,HB,FLORIDA ST,7,-6.0,1,100.0,,0,0,0,0.0,0,-0.51,1,167,0,66.7,82.6,85.1,61.1,61.2,0.0,0,0,16,30.4,7,23,0,43.5,1,69.6,16,8.7,2,118.8,1,0,0.0,0,16,22,22.0,16.0,1.0
Cam King,184403,WR,AUBURN,2,4.0,0,100.0,,0,0,0,0.0,0,-0.02,1,115,0,66.7,61.0,69.5,,68.6,0.0,0,0,6,0.0,0,4,0,25.0,1,100.0,4,0.0,0,91.7,1,0,100.0,4,6,2,2.0,6.0,1.5
Anthony Simpson,146244,WR,MICHIGAN,2,-4.0,0,0.0,0.0,0,1,0,,0,0.36,0,222,0,,62.5,60.1,,57.3,0.0,0,0,0,0.0,0,3,0,66.7,0,100.0,3,33.3,1,39.6,1,0,66.7,2,0,0,,,0.0
Walker Eget,146170,QB,S JOSE ST,11,-6.0,0,100.0,,0,0,0,0.0,0,0.08,0,285,4,,64.8,67.5,,56.7,0.0,0,0,0,0.0,0,442,1,45.0,1,0.2,1,0.0,0,79.2,1,0,0.0,0,0,6,6.0,0.0,0.0
Jaden McGill,184189,HB,W KENTUCKY,2,5.0,0,100.0,,0,0,0,0.0,0,1.11,0,346,0,66.7,75.8,80.7,77.6,59.3,0.0,0,0,12,36.4,4,11,0,75.0,1,45.5,5,9.1,1,116.7,1,0,0.0,0,12,7,7.0,12.0,2.4
Micah Alejado,184162,QB,HAWAII,10,9.0,0,0.0,,0,0,0,,0,0.16,0,180,2,,68.6,75.8,,50.9,0.0,0,0,0,0.0,0,459,2,46.0,0,0.4,2,0.0,0,39.6,1,0,0.0,0,0,0,,,0.0
Tar'varish Dawson,146659,WR,FIU,1,14.0,0,0.0,,0,0,0,,0,-0.47,0,166,0,,,45.5,,48.7,0.0,0,0,0,0.0,0,3,0,50.0,0,66.7,2,33.3,1,39.6,1,0,66.7,2,0,0,,,0.0
Davon Mitchell,184599,TE,LOUISVILLE,1,4.0,0,100.0,,0,0,0,0.0,0,0.03,0,210,0,66.7,61.0,75.9,68.4,88.2,80.0,4,0,8,60.0,3,5,0,80.0,1,40.0,2,0.0,0,100.0,1,0,0.0,0,8,4,4.0,8.0,4.0
Mareyohn Hrabowski,145923,TE,W MICHIGAN,12,1.0,0,0.0,,0,0,0,,0,-0.11,0,347,0,,,44.9,60.1,46.3,81.7,58,0,0,54.9,39,71,0,44.9,0,45.1,32,5.6,4,39.6,1,0,1.4,1,0,0,,,0.0
Ayden Harris,184075,HB,KENT STATE,2,-4.0,0,0.0,,0,0,0,,0,-0.16,0,201,0,,67.3,63.1,,57.5,0.0,0,0,0,0.0,0,3,0,33.3,0,100.0,3,0.0,0,39.6,1,0,0.0,0,0,0,,,0.0
Michael Johnson Jr.,97796,QB,AKRON,8,12.0,0,0.0,,0,0,0,,0,-0.34,0,102,0,,48.0,60.3,,56.6,0.0,0,0,0,0.0,0,39,1,38.9,0,7.7,3,0.0,0,39.6,1,0,7.7,3,0,0,,,0.0
Jaleel Walker,184004,WR,W KENTUCKY,1,8.0,0,100.0,,0,0,0,0.0,0,1.43,1,346,0,66.7,61.0,67.3,,66.4,0.0,0,0,20,0.0,0,6,0,100.0,1,50.0,3,0.0,0,118.8,1,0,100.0,6,20,12,12.0,20.0,6.67
Austin Clemons,183958,HB,MIDDLE TN,3,-6.0,0,100.0,,0,0,0,0.0,0,1.12,0,224,0,66.7,67.8,64.7,72.9,56.5,0.0,0,0,3,13.3,2,15,0,53.8,1,73.3,11,20.0,3,79.2,1,0,6.7,1,3,9,9.0,3.0,0.27
Carlos Del Rio-Wilson,146687,QB,MARSHALL,11,-10.0,0,100.0,,0,0,0,0.0,0,0.19,0,214,1,,74.4,74.1,,51.6,0.0,0,0,2,0.0,0,319,1,47.3,1,0.3,1,0.0,0,79.2,1,0,0.0,0,-6,4,4.0,-6.0,-6.0
Jalen Kitna,146688,QB,UAB,10,9.0,0,100.0,,0,0,0,0.0,0,0.04,1,321,2,66.7,66.2,64.6,,87.5,0.0,0,0,17,0.0,0,385,2,45.6,1,0.5,2,0.0,0,118.8,1,0,0.0,0,17,8,8.0,17.0,8.5
Chase Garnett,206251,HB,USF,1,-5.0,1,100.0,,0,0,0,0.0,0,-0.96,0,327,0,66.7,72.6,78.8,,65.8,0.0,0,0,0,0.0,0,1,0,0.0,1,100.0,1,0.0,0,79.2,1,0,0.0,0,0,5,5.0,0.0,0.0
Jacob Simpson,184730,TE,MINNESOTA,1,1.0,0,0.0,,0,0,0,,0,0.23,0,225,0,,,62.4,65.1,54.1,57.1,4,0,0,14.3,1,7,0,50.0,0,85.7,6,28.6,2,39.6,1,0,14.3,1,0,0,,,0.0
Jack Sammarco,183882,TE,ALABAMA,1,-1.0,0,0.0,,0,0,0,100.0,1,-0.63,0,103,0,16.4,,42.8,,30.4,100.0,1,0,0,0.0,0,1,0,0.0,0,100.0,1,0.0,0,39.6,1,0,0.0,0,0,0,,,0.0
Jordyn Bridgewater,183844,WR,UCF,3,-3.0,0,0.0,,0,0,0,100.0,1,-0.49,0,323,0,16.4,,48.5,,45.4,0.0,0,0,0,0.0,0,9,0,33.3,0,100.0,9,100.0,9,39.6,1,0,0.0,0,0,0,,,0.0
Michael Van Buren Jr.,184764,QB,LSU,6,-7.0,1,100.0,,0,0,0,0.0,0,-0.09,0,211,2,,55.4,64.2,81.4,80.2,0.0,0,0,10,1.2,2,162,1,42.1,1,1.2,2,0.0,0,108.3,1,0,0.0,0,10,17,17.0,10.0,5.0
Dominique McKenzie,183778,WR,BYU,1,43.0,0,0.0,0.0,0,1,0,,0,-0.38,0,128,0,,62.5,67.2,,49.7,0.0,0,0,0,0.0,0,2,0,50.0,0,100.0,2,0.0,0,39.6,1,0,100.0,2,0,0,,,0.0
Dylan Lee,184832,HB,IOWA STATE,6,-6.0,0,100.0,,0,0,0,0.0,0,0.07,0,193,0,66.7,78.0,77.0,47.8,55.7,0.0,0,0,0,33.3,9,27,0,41.7,1,59.3,16,3.7,1,79.2,1,0,0.0,0,0,6,6.0,0.0,0.0
Keaton Roskop,184839,TE,IOWA STATE,6,4.0,0,0.0,,0,0,0,,0,0.26,0,193,0,,61.9,55.1,70.4,52.9,52.9,9,0,0,41.2,7,17,0,50.0,0,52.9,9,29.4,5,39.6,1,0,11.8,2,0,0,,,0.0
Tylik Hill,204299,HB,SYRACUSE,5,-6.0,0,100.0,,0,0,0,0.0,0,-0.49,0,304,0,66.7,78.9,76.6,26.8,56.6,0.0,0,0,4,54.5,12,22,0,28.6,1,45.5,10,13.6,3,83.3,1,0,4.5,1,4,10,10.0,4.0,0.4
Trevin Ostler,163253,G,BYU,4,6.0,0,0.0,,0,0,0,,0,-0.02,0,128,0,,,63.8,77.0,58.1,50.0,7,0,0,92.9,13,14,1,42.9,0,7.1,1,0.0,0,39.6,1,0,0.0,0,0,0,,,0.0
Zechariah Sample,183751,WR,ARIZONA ST,2,53.0,0,0.0,0.0,0,1,0,,0,0.02,0,110,0,,80.6,53.6,,54.0,0.0,0,0,0,0.0,0,12,0,30.0,0,83.3,10,75.0,9,39.6,1,0,16.7,2,0,0,,,0.0
Anthony Wilhite,183736,HB,ARIZONA,1,0.0,2,100.0,,0,0,0,0.0,0,0.62,1,109,0,66.7,69.9,73.8,67.9,89.4,0.0,0,0,22,50.0,1,2,0,50.0,1,50.0,1,0.0,0,118.8,1,0,0.0,0,22,22,22.0,22.0,22.0
Cameran Brown,184894,QB,GA STATE,10,-6.0,0,100.0,,0,0,0,0.0,0,0.19,0,175,2,,51.3,79.1,,,0.0,0,0,0,0.0,0,227,4,48.3,1,0.0,0,0.0,0,79.2,1,0,0.0,0,0,6,6.0,0.0,
Ayo Adeyi,145320,HB,JAMES MAD,5,25.0,0,0.0,0.0,0,1,0,,0,0.02,0,197,0,,77.8,68.5,65.0,53.6,0.0,0,1,0,50.0,8,16,0,60.0,0,50.0,8,6.3,1,0.0,1,0,18.8,3,0,0,,,0.0
Luke Altmyer,146802,QB,ILLINOIS,12,8.0,0,100.0,,0,0,0,0.0,0,0.26,0,187,4,66.7,41.1,78.6,62.2,88.8,0.0,0,0,3,0.2,1,414,2,52.3,1,0.5,2,0.0,0,118.8,1,1,0.0,0,3,0,0.0,3.0,1.5
Rocco Conti,186412,FB,AIR FORCE,8,4.0,0,100.0,,0,0,0,0.0,0,0.98,0,101,0,66.7,70.3,56.5,39.0,54.8,29.2,7,0,4,37.5,9,24,0,62.5,1,62.5,15,0.0,0,83.3,1,0,12.5,3,4,0,0.0,4.0,0.27
Joey Olsen,183625,TE,USC,1,5.0,0,0.0,,0,0,0,,0,-0.2,0,326,0,,,47.6,,54.7,50.0,2,0,0,0.0,0,4,0,25.0,0,100.0,4,50.0,2,39.6,1,0,0.0,0,0,0,,,0.0
Kenneth Williams,183594,HB,NEBRASKA,3,7.0,0,100.0,,0,0,0,0.0,0,-0.09,1,238,0,66.7,73.3,67.3,,75.2,0.0,0,0,20,0.0,0,4,0,25.0,1,100.0,4,0.0,0,118.8,1,0,0.0,0,20,13,13.0,20.0,5.0
Grover Bortolotti,145166,HB,WISCONSIN,4,1.0,0,0.0,,0,0,0,100.0,1,0.4,0,349,0,16.4,,55.2,86.8,28.2,0.0,0,0,0,57.1,4,7,0,57.1,0,42.9,3,0.0,0,39.6,1,0,0.0,0,0,0,,,0.0
Logan Ramper,187514,WR,W VIRGINIA,1,4.0,0,100.0,,0,0,0,0.0,0,0.57,1,343,0,66.7,61.0,77.8,,74.0,0.0,0,0,8,0.0,0,1,0,100.0,1,100.0,1,0.0,0,100.0,1,0,100.0,1,8,4,4.0,8.0,8.0
Tyler Wrenn,187638,HB,UCF,1,-5.0,0,100.0,,0,0,0,0.0,0,0.06,1,323,0,66.7,64.3,79.9,,77.3,0.0,0,0,11,0.0,0,2,0,50.0,1,100.0,2,0.0,0,112.5,1,0,50.0,1,11,16,16.0,11.0,5.5
Isaiah McMorris,183571,WR,MO STATE,4,13.0,0,100.0,,0,0,0,0.0,0,0.49,1,230,0,66.7,11.3,58.8,,58.8,0.0,0,0,13,0.0,0,22,0,42.9,1,95.5,21,100.0,22,118.8,1,0,0.0,0,13,0,0.0,13.0,0.62
Rowan Reay,72336,WR,BYU,1,7.0,0,100.0,,0,0,0,0.0,0,-0.38,0,128,0,66.7,61.0,60.2,,60.3,0.0,0,0,8,0.0,0,2,0,50.0,1,100.0,2,50.0,1,100.0,1,0,50.0,1,8,1,1.0,8.0,4.0
Darian Mensah,169984,QB,DUKE,12,-11.0,0,100.0,,0,0,0,0.0,0,0.27,0,154,4,,53.4,85.6,,55.0,0.0,0,0,-11,0.0,0,503,4,48.5,1,0.4,2,0.0,0,79.2,1,0,0.0,0,-11,0,0.0,-11.0,-5.5
Mason Ferguson,183472,WR,UTEP,3,31.0,0,0.0,,0,0,0,,0,0.01,0,330,0,,,49.6,,52.0,0.0,0,0,0,0.0,0,27,0,26.1,0,85.2,23,14.8,4,39.6,1,0,85.2,23,0,0,,,0.0
Devarius Mitchell,183415,WR,FAU,3,9.0,0,0.0,,0,0,0,,0,-0.25,0,165,0,,,51.9,,52.0,0.0,0,0,0,0.0,0,17,0,25.0,0,94.1,16,100.0,17,39.6,1,0,0.0,0,0,0,,,0.0
Rayshawn Glover,188297,WR,UTAH,1,6.0,0,0.0,,0,0,0,,0,-1.44,0,328,0,,79.0,57.9,,59.4,0.0,0,0,0,0.0,0,1,0,0.0,0,100.0,1,100.0,1,39.6,1,0,0.0,0,0,0,,,0.0
Logan Blake,170307,TE,RUTGERS,5,5.0,0,100.0,,0,0,0,0.0,0,0.26,0,278,0,66.7,61.0,47.6,66.9,47.7,96.2,25,0,6,7.7,2,26,0,36.0,1,88.5,23,3.8,1,91.7,1,0,0.0,0,6,1,1.0,6.0,0.26
Erik Ronning,204967,WR,KENNESAW,1,4.0,0,100.0,,0,0,0,0.0,0,0.18,0,200,0,66.7,61.0,60.9,,60.5,0.0,0,0,4,0.0,0,1,0,100.0,1,100.0,1,0.0,0,83.3,1,0,100.0,1,4,0,0.0,4.0,4.0
Ezra Burgess,188333,TE,ARK STATE,8,1.0,0,0.0,,0,0,0,,0,-0.31,0,113,0,,61.9,58.6,71.8,45.7,93.5,29,0,0,32.3,10,31,0,32.1,0,61.3,19,3.2,1,39.6,1,0,3.2,1,0,0,,,0.0
Mekhi Dodd,207809,HB,BOSTON COL,2,2.0,0,100.0,,0,0,0,0.0,0,0.36,0,121,0,66.7,71.4,49.5,,64.9,0.0,0,0,3,0.0,0,2,0,100.0,1,100.0,2,0.0,0,79.2,1,0,0.0,0,3,1,1.0,3.0,1.5
Henry Lutovsky,145003,G,NEBRASKA,12,-12.0,0,100.0,,0,0,1,0.0,0,0.1,0,238,0,70.1,60.9,66.3,79.3,65.1,0.0,0,0,-12,100.0,405,405,5,47.2,1,0.0,0,0.0,0,79.2,1,0,0.0,0,-12,0,0.0,-12.0,
TJ Starks,188361,WR,ARK STATE,1,4.0,0,0.0,,0,0,0,,0,-0.67,0,113,0,,,56.6,,56.4,0.0,0,0,0,0.0,0,3,0,33.3,0,100.0,3,0.0,0,39.6,1,0,100.0,3,0,0,,,0.0
CJ Bailey,183349,QB,NC STATE,12,-5.0,0,100.0,,0,0,1,0.0,0,0.21,0,248,2,66.7,63.4,69.3,,50.9,0.0,0,0,-4,0.0,0,451,2,49.4,1,0.7,3,0.0,0,79.2,1,0,0.0,0,-4,1,1.0,-4.0,-1.33
Cam Wallace,170302,HB,PENN STATE,2,-3.0,1,100.0,,0,0,0,0.0,0,0.5,1,266,0,66.7,71.0,69.8,75.8,72.9,0.0,0,0,12,37.5,3,8,0,62.5,1,62.5,5,0.0,0,116.7,1,0,0.0,0,12,15,15.0,12.0,2.4
Jarris Williams,147249,HB,TROY,9,-4.0,0,0.0,,0,0,0,100.0,1,0.02,0,318,0,16.4,76.4,51.8,40.3,40.0,0.0,0,0,0,41.3,26,63,0,36.1,0,54.0,34,4.8,3,39.6,1,0,3.2,2,0,0,,,0.0
Kayden McGee,188492,WR,UNLV,7,32.0,0,0.0,,0,0,0,,0,0.8,0,325,0,,68.6,78.9,,53.6,0.0,0,0,0,0.0,0,12,0,66.7,0,100.0,12,41.7,5,39.6,1,0,41.7,5,0,0,,,0.0
Damien Taylor,147252,HB,OLE MISS,6,-5.0,0,100.0,,0,0,0,0.0,0,-0.15,0,226,0,66.7,43.4,78.8,79.5,59.9,0.0,0,0,-3,44.4,8,18,0,47.1,1,50.0,9,0.0,0,79.2,1,0,0.0,0,-3,2,2.0,-3.0,-0.33
Witt Edwards,188513,TE,VANDERBILT,1,5.0,0,0.0,,0,0,0,100.0,1,1.04,0,333,0,16.4,,38.8,67.7,44.2,33.3,2,0,0,33.3,2,6,0,66.7,0,66.7,4,66.7,4,39.6,1,0,0.0,0,0,0,,,0.0
Joey Schlaffer,170298,TE,PENN STATE,2,17.0,0,100.0,,0,0,0,0.0,0,1.01,1,266,0,66.7,61.0,79.8,,73.5,33.3,1,0,19,0.0,0,3,0,50.0,1,66.7,2,33.3,1,158.3,1,1,33.3,1,19,2,2.0,19.0,9.5
Khobie Martin,188671,HB,INDIANA,6,-5.0,0,100.0,,0,0,0,0.0,0,1.04,1,190,0,66.7,84.6,90.1,80.1,62.0,0.0,0,0,14,23.1,6,26,0,76.0,1,73.1,19,0.0,0,118.8,1,0,0.0,0,14,19,19.0,14.0,0.74
Nick Harris,147410,TE,E MICHIGAN,8,11.0,0,100.0,,0,0,0,0.0,0,0.25,1,160,0,66.7,61.0,53.8,69.9,58.3,45.8,11,0,12,16.7,4,24,1,50.0,1,83.3,20,54.2,13,116.7,1,0,0.0,0,12,1,1.0,12.0,0.6
Julian Dugger,183269,QB,WASH STATE,5,3.0,0,100.0,,0,0,0,0.0,0,-0.3,1,341,0,66.7,28.2,56.3,,71.7,0.0,0,0,8,0.0,0,12,0,16.7,1,25.0,3,8.3,1,100.0,1,0,8.3,1,8,5,5.0,8.0,2.67
Ayo Shotomide-King,188733,WR,OKLA STATE,6,6.0,0,0.0,,0,0,0,,0,0.06,0,262,0,,,55.3,64.8,52.9,22.2,4,0,0,11.1,2,18,0,44.4,0,88.9,16,16.7,3,39.6,1,0,61.1,11,0,0,,,0.0
Weston Wolff,144889,TE,USF,7,2.0,0,100.0,,0,0,0,0.0,0,0.21,0,327,0,66.7,61.0,42.6,79.0,48.2,26.8,15,0,7,26.8,15,56,0,45.3,1,67.9,38,44.6,25,95.8,1,0,5.4,3,7,5,5.0,7.0,0.18
Isaac Torres,183265,WR,CAL,2,4.0,1,100.0,,0,0,0,0.0,0,0.68,1,130,0,66.7,61.0,67.1,,66.0,0.0,0,0,9,0.0,0,6,0,83.3,1,100.0,6,16.7,1,104.2,1,0,83.3,5,9,5,5.0,9.0,1.5
Josiah Martin,183262,WR,OKLAHOMA,2,13.0,0,0.0,0.0,0,1,0,,0,-0.6,0,261,0,,,56.8,,56.4,0.0,0,0,0,0.0,0,4,0,33.3,0,75.0,3,0.0,0,39.6,1,0,100.0,4,0,0,,,0.0
Charles Brown,147647,WR,NEVADA,5,-4.0,0,100.0,,0,0,0,0.0,0,0.67,0,239,0,66.7,61.0,56.1,,57.0,0.0,0,0,-7,0.0,0,6,0,66.7,1,100.0,6,0.0,0,79.2,1,0,100.0,6,-7,-3,-3.0,-7.0,-1.17
Max White,144851,HB,WYOMING,7,3.0,0,100.0,,0,0,0,0.0,0,-0.53,0,351,0,66.7,77.5,57.8,35.0,55.9,0.0,0,0,5,22.6,7,31,0,41.4,1,71.0,22,0.0,0,87.5,1,0,3.2,1,5,2,2.0,5.0,0.23
Owen Ruskavich,183241,TE,MIAMI FL,3,4.0,0,0.0,0.0,0,1,0,,0,-0.49,0,220,0,,,64.2,67.9,54.9,71.4,5,0,0,28.6,2,7,0,14.3,0,71.4,5,28.6,2,39.6,1,0,0.0,0,0,0,,,0.0
Trelain Maddox,183219,HB,GA TECH,4,0.0,0,100.0,,0,0,0,0.0,0,0.95,0,176,0,66.7,23.6,50.7,8.2,55.6,0.0,0,0,7,13.3,2,15,0,80.0,1,86.7,13,13.3,2,95.8,1,0,6.7,1,7,7,7.0,7.0,0.54
Cole Harrison,188884,TE,TENNESSEE,3,0.0,0,100.0,,0,0,0,0.0,0,0.18,1,307,1,66.7,15.6,40.4,71.8,28.8,16.7,2,0,8,41.7,5,12,0,66.7,1,58.3,7,41.7,5,100.0,1,0,0.0,0,8,8,8.0,8.0,1.14
Jaden Alexis,144719,WR,USF,3,8.0,0,0.0,,0,0,0,100.0,1,-0.06,0,327,0,16.8,64.2,44.1,,46.8,0.0,0,0,0,0.0,0,12,0,33.3,0,100.0,12,25.0,3,39.6,1,0,75.0,9,0,0,,,0.0
Cooper Eldridge,181152,TE,LA MONROE,2,1.0,0,100.0,,0,0,0,0.0,0,0.15,1,209,0,66.7,61.0,67.0,66.6,79.9,66.7,2,0,11,66.7,2,3,0,66.7,1,33.3,1,0.0,0,112.5,1,0,0.0,0,11,10,10.0,11.0,11.0
Trinidad Chambliss,178723,QB,OLE MISS,12,-7.0,1,100.0,,0,0,0,0.0,0,0.37,1,226,1,,68.4,84.3,,53.2,0.0,0,0,8,0.0,0,427,2,54.6,1,0.7,3,0.0,0,100.0,1,0,0.5,2,8,15,15.0,8.0,2.67
Quincy Brown,144698,WR,FAU,4,8.0,1,100.0,100.0,1,1,0,0.0,0,0.07,1,165,0,66.7,61.0,48.9,,54.4,0.0,0,0,10,0.0,0,37,0,37.1,1,94.6,35,8.1,3,108.3,1,0,91.9,34,10,2,2.0,10.0,0.29
Lazaro Rogers,205284,HB,N ILLINOIS,6,-1.0,0,100.0,,0,0,0,0.0,0,-0.46,0,254,0,66.7,79.7,70.3,72.9,57.6,0.0,0,0,2,13.3,2,15,0,26.7,1,86.7,13,6.7,1,79.2,1,0,0.0,0,2,3,3.0,2.0,0.15
Gavin Magorien,205032,LS,MARSHALL,1,12.0,0,100.0,,0,0,0,0.0,0,2.99,1,214,0,66.7,61.0,69.6,,87.7,0.0,0,0,12,0.0,0,1,0,100.0,1,100.0,1,0.0,0,116.7,1,0,0.0,0,12,0,0.0,12.0,12.0
Wesley Campbell VI,178477,TE,GA STATE,1,4.0,0,100.0,,0,0,0,0.0,0,-0.57,0,175,0,66.7,61.0,55.0,69.4,55.9,45.5,5,0,6,27.3,3,11,0,30.0,1,63.6,7,45.5,5,91.7,1,0,9.1,1,6,2,2.0,6.0,0.86
Kellen Tasby,189587,WR,TULANE,1,13.0,0,0.0,0.0,0,1,0,,0,-0.73,0,319,0,,,58.0,,59.3,0.0,0,0,0,0.0,0,1,0,0.0,0,100.0,1,0.0,0,39.6,1,0,100.0,1,0,0,,,0.0
Shane Porter,144592,HB,SM HOUSTON,3,-3.0,0,100.0,,0,0,0,0.0,0,-0.02,0,281,0,70.7,68.4,56.6,70.0,60.0,0.0,0,0,7,6.3,1,16,0,33.3,1,87.5,14,6.3,1,95.8,1,0,0.0,0,7,10,10.0,7.0,0.5
Emmanuel Adebi,148768,TE,VANDERBILT,9,1.0,0,100.0,,0,0,0,0.0,0,0.23,0,333,0,66.7,61.0,72.3,71.2,51.6,80.0,20,0,7,56.0,14,25,0,56.5,1,44.0,11,16.0,4,95.8,1,0,0.0,0,7,6,6.0,7.0,0.64
Nick Marinaro,148848,C,OHIO,12,-4.0,0,100.0,100.0,1,1,1,0.0,0,0.07,0,259,0,70.1,,69.8,64.8,60.8,0.0,0,0,-4,100.0,396,396,6,48.5,1,0.0,0,0.0,0,79.2,1,0,0.0,0,-4,0,0.0,-4.0,
DJ Singleton Jr.,189705,WR,NEBRASKA,1,-4.0,0,100.0,,0,0,0,0.0,0,-0.46,0,238,0,66.7,61.0,59.8,,59.7,0.0,0,0,-4,0.0,0,2,0,0.0,1,100.0,2,100.0,2,79.2,1,0,0.0,0,-4,0,0.0,-4.0,-2.0
Mack Moeller,144563,WR,KANSAS,1,7.0,0,100.0,,0,0,0,0.0,0,0.92,0,198,0,66.7,61.0,58.2,,58.1,0.0,0,0,8,0.0,0,4,0,100.0,1,100.0,4,0.0,0,100.0,1,0,100.0,4,8,1,1.0,8.0,2.0
Jalen Alexander,189742,HB,BALL ST,2,-7.0,0,100.0,,0,0,0,0.0,0,0.8,0,117,0,66.7,67.8,58.3,75.8,57.5,0.0,0,0,2,25.0,3,12,0,50.0,1,75.0,9,0.0,0,79.2,1,0,16.7,2,2,9,9.0,2.0,0.22
Luke Leighton,176683,TE,WASH STATE,6,22.0,0,0.0,,0,0,0,,0,0.03,0,341,0,,,53.2,67.8,51.9,81.8,9,1,0,27.3,3,11,0,36.4,0,72.7,8,9.1,1,0.0,1,0,9.1,1,0,0,,,0.0
Jordan Fuller,149418,HB,JAMES MAD,7,-4.0,0,100.0,,0,0,0,0.0,0,0.45,0,197,0,66.7,86.1,84.7,87.5,54.7,0.0,0,0,4,54.9,28,51,1,46.8,1,43.1,22,3.9,2,83.3,1,0,3.9,2,4,8,8.0,4.0,0.18
Bryson Williams,205056,HB,MICH STATE,4,-1.0,0,100.0,,0,0,0,0.0,0,0.4,0,223,0,66.7,66.3,70.1,,66.1,0.0,0,0,8,0.0,0,9,0,55.6,1,100.0,9,33.3,3,100.0,1,0,33.3,3,8,9,9.0,8.0,0.89
Jay Simon,189827,WR,LA TECH,2,34.0,0,0.0,0.0,0,1,0,,0,-0.65,0,208,0,,,56.3,,57.3,0.0,0,0,0,0.0,0,2,0,0.0,0,50.0,1,0.0,0,39.6,1,0,100.0,2,0,0,,,0.0
Damashja Harris,150338,HB,WYOMING,3,-1.0,0,100.0,100.0,1,1,0,0.0,0,-0.31,0,351,0,66.7,74.4,68.5,84.0,56.8,0.0,0,0,-1,38.7,12,31,0,41.4,1,58.1,18,0.0,0,79.2,1,0,0.0,0,-1,0,0.0,-1.0,-0.06
Logan Saldate,189887,WR,NOTRE DAME,4,2.0,0,100.0,,0,0,0,0.0,0,0.38,0,258,0,66.7,61.0,53.5,,54.4,0.0,0,0,2,0.0,0,13,0,69.2,1,100.0,13,100.0,13,79.2,1,0,0.0,0,2,0,0.0,2.0,0.15
Kevin Green Jr.,70721,WR,WASHINGTON,7,1.0,0,0.0,,0,0,0,100.0,1,0.77,0,340,0,16.4,,46.6,,46.7,0.0,0,0,0,0.0,0,16,0,62.5,0,100.0,16,75.0,12,39.6,1,0,25.0,4,0,0,,,0.0
Chico Holt,176617,TE,STANFORD,2,3.0,0,100.0,,0,0,0,0.0,0,1.11,1,300,0,66.7,61.0,88.7,67.1,86.1,50.0,1,0,36,50.0,1,2,0,50.0,1,50.0,1,0.0,0,118.8,1,0,50.0,1,36,33,33.0,36.0,36.0
Champ Hampton,176615,HB,STANFORD,4,3.0,2,100.0,,0,0,0,0.0,0,-0.25,1,300,0,66.7,73.8,68.9,73.2,60.9,0.0,0,0,12,53.5,23,43,0,42.5,1,41.9,18,2.3,1,116.7,1,0,2.3,1,12,9,9.0,12.0,0.67
Jayden Savoury,205057,TE,MICH STATE,3,12.0,0,100.0,,0,0,0,0.0,0,0.69,1,223,0,66.7,61.0,75.0,,83.9,40.0,2,0,16,0.0,0,5,0,60.0,1,100.0,5,40.0,2,118.8,1,0,20.0,1,16,4,4.0,16.0,3.2
Javon Campbell,190008,WR,LA MONROE,1,37.0,0,0.0,,0,0,0,,0,-0.63,0,209,0,,,57.8,,58.0,0.0,0,0,0,0.0,0,2,0,0.0,0,100.0,2,0.0,0,39.6,1,0,100.0,2,0,0,,,0.0
Jordan Andrus,205475,TE,UTEP,4,5.0,0,100.0,,0,0,0,0.0,0,-0.85,1,330,0,66.7,61.0,62.6,80.1,69.2,27.3,3,0,9,36.4,4,11,0,18.2,1,63.6,7,36.4,4,104.2,1,0,0.0,0,9,4,4.0,9.0,1.29
Velltray Jefferson,156099,TE,UNLV,6,2.0,0,0.0,,0,0,0,,0,0.29,0,325,0,,,49.0,68.3,54.7,77.8,7,0,0,33.3,3,9,0,55.6,0,66.7,6,0.0,0,39.6,1,0,22.2,2,0,0,,,0.0
Dylan Goffney,144361,WR,SMU,2,6.0,0,100.0,,0,0,0,0.0,0,0.79,1,287,0,66.7,61.0,69.3,,68.6,0.0,0,0,16,0.0,0,4,0,50.0,1,100.0,4,75.0,3,118.8,1,0,25.0,1,16,10,10.0,16.0,4.0
Carson Tabaracci,156138,TE,USC,4,15.0,0,100.0,,0,0,0,0.0,0,0.2,1,326,0,66.7,61.0,55.2,72.6,62.4,50.0,6,0,9,8.3,1,12,1,54.5,1,83.3,10,33.3,4,143.8,1,1,8.3,1,9,0,0.0,9.0,0.9
Stone Eby,144358,TE,SMU,12,-3.0,0,0.0,,0,0,0,,0,-0.01,0,287,0,,64.2,53.8,57.3,50.0,20.0,10,0,0,56.0,28,50,1,45.5,0,40.0,20,22.0,11,39.6,1,0,0.0,0,0,0,,,0.0
Daryl Barnett Jr.,190117,WR,TOLEDO,2,4.0,0,100.0,,0,0,0,0.0,0,-0.19,1,316,0,66.7,61.0,65.7,,66.4,0.0,0,0,13,0.0,0,5,0,33.3,1,60.0,3,20.0,1,118.8,1,0,80.0,4,13,9,9.0,13.0,4.33
Cade Roberts,156211,WR,USF,1,-1.0,0,0.0,,0,0,0,100.0,1,-0.51,0,327,0,16.4,,38.8,,43.8,0.0,0,0,0,0.0,0,2,0,0.0,0,50.0,1,100.0,2,39.6,1,0,0.0,0,0,0,,,0.0
Monte Harrison,190169,WR,ARKANSAS,2,18.0,0,100.0,,0,0,0,0.0,0,0.49,1,111,0,66.7,61.0,62.4,,59.6,0.0,0,0,29,0.0,0,27,0,61.5,1,96.3,26,25.9,7,118.8,1,0,74.1,20,29,11,11.0,29.0,1.12
Brady Clough,190183,TE,BOSTON COL,1,2.0,0,100.0,,0,0,0,0.0,0,2.25,1,121,0,66.7,61.0,60.3,70.0,85.4,66.7,2,0,5,33.3,1,3,0,100.0,1,66.7,2,0.0,0,87.5,1,0,0.0,0,5,3,3.0,5.0,2.5
Collin Sadler,156251,G,CLEMSON,9,-3.0,0,100.0,,0,0,2,0.0,0,0.09,0,140,0,70.1,60.9,56.7,49.1,65.1,0.3,1,0,2,100.0,360,360,4,45.0,1,0.0,0,0.0,0,79.2,1,0,0.0,0,2,5,5.0,2.0,
Courtney Crutchfield,190213,WR,ARKANSAS,5,23.0,0,100.0,,0,0,0,0.0,0,0.63,1,111,0,66.7,61.0,57.5,,58.0,0.0,0,0,26,0.0,0,39,0,55.9,1,87.2,34,15.4,6,118.8,1,0,84.6,33,26,3,3.0,26.0,0.76
Caleb Cunningham,205066,WR,OLE MISS,1,3.0,2,100.0,,0,0,0,0.0,0,1.25,1,226,0,66.7,61.0,87.1,,82.9,0.0,0,0,19,0.0,0,2,1,100.0,1,100.0,2,0.0,0,118.8,1,0,100.0,2,19,16,16.0,19.0,9.5
Rodney Hill,156290,HB,ARKANSAS,6,-2.0,0,100.0,,0,0,0,0.0,0,0.52,0,111,0,66.7,74.6,60.9,29.3,58.5,0.0,0,0,9,10.5,2,19,0,66.7,1,89.5,17,0.0,0,104.2,1,0,36.8,7,9,11,11.0,9.0,0.53
Matt Byrnes,144244,TE,UNLV,12,8.0,0,100.0,,0,0,0,0.0,0,0.48,1,325,0,66.7,61.0,56.0,72.4,51.6,78.9,56,0,24,45.1,32,71,1,62.5,1,47.9,34,12.7,9,118.8,1,0,7.0,5,24,16,16.0,24.0,0.71
Jalen Hoffman,176255,TE,MICHIGAN,9,2.0,0,0.0,,0,0,1,,0,-0.14,0,222,0,,61.9,67.4,32.8,50.9,33.3,7,0,0,23.8,5,21,1,40.0,0,71.4,15,42.9,9,39.6,1,0,19.0,4,0,0,,,0.0
Dillon Alfred,205076,WR,OLE MISS,2,13.0,0,100.0,,0,0,0,0.0,0,1.09,1,226,0,66.7,61.0,70.2,,71.6,0.0,0,0,26,0.0,0,4,0,50.0,1,100.0,4,25.0,1,118.8,1,0,50.0,2,26,13,13.0,26.0,6.5
Rett Andersen,176172,WR,TEXAS,2,7.0,0,100.0,100.0,1,1,0,0.0,0,0.65,0,311,0,66.7,61.0,54.7,,59.6,0.0,0,0,7,0.0,0,2,1,50.0,1,100.0,2,100.0,2,95.8,1,0,0.0,0,7,0,0.0,7.0,3.5
Marques Hicks,176108,HB,KENT STATE,3,9.0,0,0.0,,0,0,0,,0,0.21,0,201,0,66.7,69.9,57.9,76.9,60.2,0.0,0,0,0,30.8,4,13,0,33.3,0,61.5,8,0.0,0,39.6,1,0,0.0,0,0,0,,,0.0
Christian Abney,176079,TE,ILLINOIS,11,3.0,0,100.0,,0,0,0,0.0,0,0.46,1,187,0,66.7,61.0,73.0,78.7,58.8,93.0,40,0,12,60.5,26,43,1,63.2,1,34.9,15,7.0,3,116.7,1,0,0.0,0,12,9,9.0,12.0,0.8
Delaney Crawford,156386,WR,OHIO,1,41.0,0,0.0,0.0,0,1,0,,0,-0.86,0,259,0,,,60.0,,59.3,0.0,0,0,0,0.0,0,1,0,0.0,0,100.0,1,0.0,0,39.6,1,0,100.0,1,0,0,,,0.0
Semaj Fleming,207827,WR,BOSTON COL,2,15.0,0,0.0,,0,0,0,,0,0.38,0,121,0,,,53.5,,53.8,0.0,0,0,0,0.0,0,9,0,33.3,0,100.0,9,100.0,9,39.6,1,0,0.0,0,0,0,,,0.0
Stacy Gage,190337,HB,UCF,4,0.0,0,100.0,,0,0,0,0.0,0,0.45,0,323,0,66.7,74.4,67.6,16.3,55.1,0.0,0,0,5,15.0,3,20,0,50.0,1,80.0,16,10.0,2,87.5,1,0,10.0,2,5,5,5.0,5.0,0.31
Banks Pope,144134,TE,CLEMSON,2,-1.0,1,100.0,,0,0,0,0.0,0,0.03,0,140,0,66.7,61.0,60.7,24.3,60.6,66.7,2,0,5,33.3,1,3,0,33.3,1,66.7,2,0.0,0,87.5,1,0,33.3,1,5,6,6.0,5.0,2.5
Zach Jackson,144120,WR,CLEMSON,1,-4.0,0,100.0,,0,0,0,0.0,0,-0.5,0,140,0,66.7,61.0,59.1,,59.2,0.0,0,0,-3,0.0,0,3,0,0.0,1,100.0,3,33.3,1,79.2,1,0,66.7,2,-3,1,1.0,-3.0,-1.0
Bryce Cohoon,176037,WR,KANSAS,1,18.0,0,0.0,,0,0,0,,0,-0.05,0,198,0,,,59.7,,55.2,0.0,0,0,0,0.0,0,6,0,50.0,0,100.0,6,0.0,0,39.6,1,0,100.0,6,0,0,,,0.0
Alex Eichmann,156429,WR,IOWA,1,-3.0,0,100.0,,0,0,0,0.0,0,-1.7,0,192,0,66.7,61.0,57.4,,60.7,0.0,0,0,2,0.0,0,1,0,0.0,1,100.0,1,100.0,1,79.2,1,0,0.0,0,2,5,5.0,2.0,2.0
Griffin Reimer,176002,TE,NC STATE,1,7.0,0,100.0,100.0,1,1,0,0.0,0,0.02,1,248,0,66.7,61.0,75.2,,81.0,50.0,1,0,7,0.0,0,2,0,50.0,1,100.0,2,50.0,1,95.8,1,0,0.0,0,7,0,0.0,7.0,3.5
James Laubstein,190465,QB,NEW MEXICO,6,-2.0,1,100.0,,0,0,0,0.0,0,0.82,1,241,0,66.7,59.2,87.8,65.5,89.7,0.0,0,0,13,5.3,1,19,0,66.7,1,5.3,1,0.0,0,118.8,1,0,0.0,0,13,15,15.0,13.0,13.0
Jackson Gister,190478,TE,RUTGERS,1,2.0,0,100.0,,0,0,0,0.0,0,0.41,1,278,0,66.7,61.0,81.8,,88.2,100.0,1,0,11,0.0,0,1,0,100.0,1,100.0,1,0.0,0,112.5,1,0,0.0,0,11,9,9.0,11.0,11.0
Jared Gibble,144077,TE,APP STATE,2,2.0,0,100.0,,0,0,0,0.0,0,-0.24,0,108,0,66.7,61.0,75.4,73.8,59.2,50.0,2,0,2,50.0,2,4,0,25.0,1,50.0,2,25.0,1,79.2,1,0,0.0,0,2,0,0.0,2.0,1.0
Tex Brannan,190498,TE,ARMY,5,20.0,0,0.0,0.0,0,1,0,,0,0.13,0,114,0,66.7,61.0,57.5,72.8,60.8,44.4,4,0,0,11.1,1,9,0,37.5,0,77.8,7,11.1,1,39.6,1,0,22.2,2,0,0,,,0.0
Shaun Boykins Jr.,190584,HB,LOUISVILLE,4,2.0,0,100.0,,0,0,0,0.0,0,-0.12,0,210,0,66.7,80.7,74.3,18.9,57.1,0.0,0,0,5,14.3,3,21,0,60.0,1,81.0,17,0.0,0,87.5,1,0,0.0,0,5,3,3.0,5.0,0.29
Janiran Bonner,156471,WR,NEBRASKA,1,1.0,0,100.0,,0,0,0,0.0,0,-0.96,0,238,0,66.7,11.5,33.5,,58.7,25.0,1,0,4,0.0,0,4,0,25.0,1,100.0,4,50.0,2,83.3,1,0,25.0,1,4,3,3.0,4.0,1.0
Kyle Koch,190614,WR,N TEXAS,3,9.0,0,0.0,0.0,0,1,0,,0,-0.19,0,251,0,,,54.2,,48.4,0.0,0,0,0,0.0,0,4,0,33.3,0,75.0,3,75.0,3,39.6,1,0,25.0,1,0,0,,,0.0
Braydon Nelson,190617,T,N TEXAS,12,-7.0,0,0.0,,0,0,0,,0,0.45,0,251,0,,,75.0,72.5,,0.5,2,0,0,100.0,437,437,6,53.8,0,0.0,0,0.0,0,39.6,1,0,0.0,0,0,0,,,
Bull Mitchell,205098,WR,MISS STATE,1,10.0,0,0.0,,0,0,1,,0,-2.03,0,227,0,,,68.2,,60.0,0.0,0,0,0,0.0,0,1,2,0.0,0,100.0,1,100.0,1,39.6,1,0,0.0,0,0,0,,,0.0
Terrence Enos Jr.,144020,T,KANSAS ST,8,-4.0,0,100.0,,0,0,0,0.0,0,0.45,0,199,0,70.1,60.9,70.6,53.7,65.1,0.0,0,0,-3,100.0,55,55,1,53.8,1,0.0,0,0.0,0,79.2,1,0,0.0,0,-3,1,1.0,-3.0,
Gabarri Johnson,175905,QB,OREGON ST,9,16.0,0,100.0,,0,0,0,0.0,0,-0.32,1,265,1,66.7,45.7,49.1,,79.9,0.0,0,0,17,0.0,0,124,0,37.9,1,0.8,1,0.0,0,118.8,1,0,0.0,0,17,1,1.0,17.0,17.0
Caden Veltkamp,156642,QB,FAU,12,6.0,0,100.0,,0,0,0,0.0,0,0.08,0,165,2,66.7,56.9,73.2,,77.9,0.0,0,0,7,0.0,0,593,0,45.9,1,0.5,3,0.0,0,95.8,1,0,0.0,0,7,1,1.0,7.0,2.33
Richard Young,175877,HB,ALABAMA,4,4.0,0,100.0,,0,0,0,0.0,0,1.03,0,103,0,66.7,77.5,64.6,41.9,57.3,3.2,1,0,6,58.1,18,31,0,82.8,1,38.7,12,3.2,1,91.7,1,0,0.0,0,6,2,2.0,6.0,0.5
Gavin Blackwell,143958,WR,FLORIDA ST,5,4.0,0,0.0,,0,0,0,100.0,1,0.62,0,167,0,16.4,,48.9,,45.9,0.0,0,0,0,0.0,0,8,0,62.5,0,100.0,8,12.5,1,39.6,1,0,87.5,7,0,0,,,0.0
Daylon Gordon,143915,HB,GA TECH,2,-6.0,0,100.0,,0,0,0,0.0,0,0.12,0,176,0,66.7,69.5,81.3,63.8,58.5,0.0,0,0,4,11.1,1,9,0,33.3,1,88.9,8,11.1,1,83.3,1,0,11.1,1,4,10,10.0,4.0,0.5
DJ Asiasi,205189,TE,NEVADA,3,3.0,0,100.0,,0,0,0,0.0,0,0.69,0,239,0,66.7,61.0,49.3,50.7,57.4,44.4,4,0,5,44.4,4,9,0,55.6,1,55.6,5,44.4,4,87.5,1,0,11.1,1,5,2,2.0,5.0,1.0
Adam Parks,175683,TE,NEW MEX ST,12,7.0,0,100.0,100.0,1,1,0,0.0,0,-0.09,0,242,0,66.7,61.0,55.4,62.4,49.1,89.8,53,0,7,72.9,43,59,0,46.3,1,25.4,15,8.5,5,95.8,1,0,0.0,0,7,0,0.0,7.0,0.47
Dailan Goodman,175670,HB,NEW MEX ST,1,3.0,0,100.0,,0,0,0,0.0,0,0.34,1,242,0,66.7,66.3,60.8,67.5,76.8,0.0,0,0,9,25.0,1,4,0,50.0,1,75.0,3,0.0,0,104.2,1,0,0.0,0,9,6,6.0,9.0,3.0
Lamar White,190776,WR,UAB,2,28.0,0,0.0,,0,0,0,,0,0.2,0,321,0,,,57.6,,57.5,0.0,0,0,0,0.0,0,3,0,33.3,0,100.0,3,66.7,2,39.6,1,0,33.3,1,0,0,,,0.0
Alante Brown,97171,WR,MICH STATE,2,4.0,0,0.0,,0,0,0,,0,-3.3,0,223,0,,66.6,55.0,,56.4,0.0,0,1,0,0.0,0,3,0,0.0,0,100.0,3,100.0,3,0.0,1,0,0.0,0,0,0,,,0.0
Charleston French,190846,HB,N CAROLINA,2,-2.0,0,100.0,,0,0,0,0.0,0,0.01,0,245,0,66.7,64.3,55.9,26.4,64.8,0.0,0,0,1,33.3,1,3,0,33.3,1,66.7,2,0.0,0,79.2,1,0,0.0,0,1,3,3.0,1.0,0.5
Noah Vaughn,175443,HB,VIRGINIA,3,-1.0,0,0.0,,0,0,0,100.0,1,0.02,0,335,0,16.4,77.5,75.3,72.7,31.9,0.0,0,0,0,12.5,1,8,0,50.0,0,87.5,7,25.0,2,39.6,1,0,0.0,0,0,0,,,0.0
Larenzo McMillan,138489,HB,NEW MEX ST,1,0.0,1,100.0,,0,0,0,0.0,0,0.47,0,242,0,66.7,68.9,63.6,72.9,64.7,0.0,0,0,12,25.0,2,8,0,71.4,1,75.0,6,12.5,1,116.7,1,0,12.5,1,12,12,12.0,12.0,2.0
James Jointer,157021,HB,E MICHIGAN,4,-6.0,2,100.0,,0,0,0,0.0,0,0.36,0,160,0,66.7,69.9,61.6,67.9,59.6,0.0,0,0,-4,11.1,1,9,0,44.4,1,88.9,8,11.1,1,79.2,1,0,0.0,0,-4,2,2.0,-4.0,-0.5
Mark Gronowski,138303,QB,IOWA,12,5.0,0,100.0,,0,0,0,0.0,0,-0.09,1,192,3,66.7,48.1,80.5,,88.8,0.0,0,0,5,0.0,0,299,2,41.8,1,0.7,2,0.0,0,127.1,1,1,0.0,0,5,0,0.0,5.0,2.5
Micah Riley,157053,TE,TEXAS A&M,11,11.0,0,0.0,,0,0,0,,0,-0.08,0,312,0,,61.9,39.2,54.9,49.6,75.6,31,0,0,53.7,22,41,0,39.5,0,46.3,19,14.6,6,39.6,1,0,4.9,2,0,0,,,0.0
Luke Reed,190982,FB,AKRON,1,-5.0,0,100.0,,0,0,0,0.0,0,-0.17,0,102,0,66.7,65.7,60.7,,64.8,0.0,0,0,7,0.0,0,2,0,50.0,1,100.0,2,0.0,0,95.8,1,0,0.0,0,7,12,12.0,7.0,3.5
Blazen Lono-Wong,163270,DI,ARIZONA ST,2,12.0,0,100.0,,0,0,0,0.0,0,3.95,1,110,0,66.7,61.0,82.7,63.8,87.7,0.0,0,0,19,50.0,1,2,0,100.0,1,50.0,1,0.0,0,118.8,1,0,0.0,0,19,7,7.0,19.0,19.0
Troy Grizzle,190989,FB,BOISE ST,2,7.0,0,100.0,,0,0,0,0.0,0,1.12,1,120,0,66.7,61.0,63.0,,89.5,0.0,0,0,10,0.0,0,2,1,50.0,1,100.0,2,0.0,0,147.9,1,1,0.0,0,10,3,3.0,10.0,5.0
Will Kiker,175365,CB,GA TECH,1,5.0,0,100.0,,0,0,0,0.0,0,-2.66,0,176,0,66.7,61.0,59.5,,59.4,0.0,0,0,5,0.0,0,1,0,0.0,1,100.0,1,0.0,0,87.5,1,0,0.0,0,5,0,0.0,5.0,5.0
Camden Etheredge,157054,TE,AUBURN,2,8.0,0,100.0,,0,0,0,0.0,0,0.3,1,115,0,66.7,61.0,84.3,64.5,76.4,66.7,2,0,14,33.3,1,3,0,33.3,1,66.7,2,33.3,1,118.8,1,0,0.0,0,14,6,6.0,14.0,7.0
Camden Kruisenga,191036,WR,C MICHIGAN,3,13.0,1,100.0,,0,0,0,0.0,0,-0.5,1,134,0,66.7,61.0,66.5,,65.7,0.0,0,0,26,0.0,0,8,0,37.5,1,100.0,8,12.5,1,118.8,1,0,87.5,7,26,13,13.0,26.0,3.25
Jason Philpot-Dixon,191041,HB,C MICHIGAN,1,-1.0,0,0.0,,0,0,0,100.0,1,-0.91,0,134,0,16.4,68.6,56.6,,28.1,0.0,0,0,0,0.0,0,1,0,0.0,0,100.0,1,0.0,0,39.6,1,0,0.0,0,0,0,,,0.0
Kadenn Rose,191042,HB,C MICHIGAN,2,-3.0,1,100.0,,0,0,0,0.0,0,-1.78,0,134,1,66.7,10.1,34.6,0.0,25.3,0.0,0,0,8,0.0,0,3,0,33.3,1,100.0,3,0.0,0,100.0,1,0,0.0,0,8,11,11.0,8.0,2.67
Ja'Marion Wayne,157164,CB,COAST CAR,1,1.0,0,100.0,,0,0,1,0.0,0,-2.51,0,141,0,66.7,63.6,57.0,,58.8,0.0,0,0,2,0.0,0,1,1,0.0,1,100.0,1,0.0,0,79.2,1,0,0.0,0,2,1,1.0,2.0,2.0
Kory Hall,191056,WR,COLO STATE,1,14.0,0,100.0,,0,0,0,0.0,0,0.78,1,144,0,66.7,61.0,69.6,,67.6,0.0,0,0,12,0.0,0,5,0,50.0,1,80.0,4,0.0,0,156.3,1,1,100.0,5,12,0,0.0,12.0,3.0
Braxton Woodson,175276,QB,NAVY,6,-4.0,0,100.0,,0,0,0,0.0,0,0.08,1,237,1,66.7,57.4,92.3,,71.2,0.0,0,0,10,0.0,0,28,0,40.7,1,7.1,2,10.7,3,108.3,1,0,0.0,0,10,14,14.0,10.0,5.0
Jon Monteiro,191099,WR,LIBERTY,4,35.0,0,100.0,100.0,1,1,0,0.0,0,-0.04,1,206,0,66.7,70.5,68.7,,67.8,0.0,0,0,40,0.0,0,12,0,41.7,1,100.0,12,0.0,0,118.8,1,0,100.0,12,40,5,5.0,40.0,3.33
Eric Smith,191103,WR,LIBERTY,5,1.0,0,0.0,0.0,0,1,0,,0,0.46,0,206,0,,71.9,60.2,,56.2,0.0,0,0,0,0.0,0,5,1,60.0,0,100.0,5,60.0,3,39.6,1,0,40.0,2,0,0,,,0.0
Ryken Moon,208855,HB,WASHINGTON,2,2.0,0,0.0,,0,0,0,100.0,1,-0.15,0,340,0,16.8,69.7,57.2,72.2,28.9,0.0,0,0,0,16.7,1,6,0,50.0,0,83.3,5,0.0,0,39.6,1,0,0.0,0,0,0,,,0.0
Kendall Evans,175232,WR,NAVY,4,6.0,0,100.0,,0,0,0,0.0,0,0.35,1,237,0,66.7,61.0,64.2,63.9,68.1,20.0,1,0,3,20.0,1,5,1,50.0,1,80.0,4,0.0,0,118.8,1,1,80.0,4,3,0,0.0,3.0,0.75
Jeremy Bell,191144,WR,GEORGIA,1,-4.0,2,100.0,,0,0,0,0.0,0,1.18,1,173,0,66.7,64.3,86.3,,74.8,0.0,0,0,12,0.0,0,1,0,100.0,1,100.0,1,100.0,1,116.7,1,0,0.0,0,12,16,16.0,12.0,12.0
Kieran Davis,175187,ED,E CAROLINA,1,4.0,0,100.0,,0,0,0,0.0,0,3.12,1,156,0,66.7,65.1,70.8,,87.7,0.0,0,0,17,0.0,0,1,1,100.0,1,100.0,1,0.0,0,118.8,1,0,0.0,0,17,13,13.0,17.0,17.0
Dwight Phillips Jr.,191156,HB,GEORGIA,7,-6.0,0,100.0,,0,0,0,0.0,0,0.0,0,173,0,66.7,50.4,73.9,77.7,60.4,0.0,0,0,-6,42.9,6,14,0,38.5,1,57.1,8,0.0,0,79.2,1,0,0.0,0,-6,0,0.0,-6.0,-0.75
AJ Swann,157186,QB,APP STATE,7,-1.0,0,100.0,,0,0,0,0.0,0,-0.05,0,108,2,,45.9,65.3,,,0.0,0,0,2,0.0,0,250,2,42.6,1,0.0,0,0.0,0,79.2,1,0,0.0,0,2,3,3.0,2.0,
Austin Terry,157198,TE,BOISE ST,7,20.0,0,0.0,,0,0,0,,0,0.19,0,120,0,,,57.5,67.7,53.0,66.7,10,0,0,26.7,4,15,0,46.2,0,60.0,9,20.0,3,39.6,1,0,13.3,2,0,0,,,0.0
Mekhi Fox,163321,WR,E MICHIGAN,1,29.0,0,100.0,,0,0,0,0.0,0,3.33,1,160,0,66.7,61.0,92.4,,85.4,0.0,0,0,51,0.0,0,1,0,100.0,1,100.0,1,0.0,0,118.8,1,0,100.0,1,51,22,22.0,51.0,51.0
DJ Samuels,170205,FB,MARYLAND,4,0.0,0,100.0,,0,0,0,0.0,0,0.1,0,215,0,66.7,63.6,61.2,75.4,63.6,0.0,0,0,1,33.3,2,6,0,33.3,1,66.7,4,0.0,0,79.2,1,0,0.0,0,1,1,1.0,1.0,0.25
Haydon Wiginton,157318,WR,TEXAS TECH,4,-3.0,1,100.0,,0,0,0,0.0,0,1.11,0,315,0,66.7,61.0,57.0,,56.0,0.0,0,0,3,0.0,0,7,0,85.7,1,100.0,7,14.3,1,79.2,1,0,85.7,6,3,6,6.0,3.0,0.43
Brendon Lewis,131687,QB,MEMPHIS,12,-6.0,0,100.0,,0,0,0,0.0,0,0.16,1,218,5,66.7,54.3,85.2,,85.0,0.0,0,0,14,0.0,0,445,1,49.3,1,0.4,2,0.0,0,118.8,1,0,0.0,0,14,20,20.0,14.0,7.0
Hudson Cedarland,157347,TE,WASH STATE,7,4.0,0,100.0,,0,0,0,0.0,0,0.26,0,341,0,66.7,61.0,58.3,70.6,53.4,89.5,17,0,4,57.9,11,19,0,77.8,1,42.1,8,5.3,1,83.3,1,0,5.3,1,4,0,0.0,4.0,0.5
Chad Staley,165355,C,FIU,8,6.0,0,100.0,,0,0,0,0.0,0,0.07,1,166,0,66.7,61.0,89.0,82.5,86.6,58.1,18,0,1,96.8,30,31,0,46.4,1,3.2,1,0.0,0,118.8,1,1,0.0,0,1,0,0.0,1.0,1.0
Mason Dossett,191287,WR,BAYLOR,1,11.0,0,100.0,,0,0,0,0.0,0,1.36,1,118,0,66.7,61.0,82.3,,74.8,0.0,0,0,11,0.0,0,1,0,100.0,1,100.0,1,100.0,1,112.5,1,0,0.0,0,11,0,0.0,11.0,11.0
Cameron Ambrose,163450,T,ARK STATE,3,9.0,0,100.0,,0,0,0,0.0,0,0.9,1,113,0,66.7,61.0,78.0,67.4,88.8,100.0,4,0,2,75.0,3,4,0,66.7,1,25.0,1,0.0,0,118.8,1,1,0.0,0,2,0,0.0,2.0,2.0
Jalen Saint Paul,191327,WR,UCLA,1,13.0,0,0.0,,0,0,0,,0,-2.11,0,324,0,,,57.7,,58.0,0.0,0,1,0,0.0,0,3,0,33.3,0,100.0,3,100.0,3,0.0,1,0,0.0,0,0,0,,,0.0
Adam Hill,191350,HB,TEXAS TECH,6,-6.0,0,100.0,,0,0,0,0.0,0,0.71,0,315,0,66.7,56.0,71.1,31.3,52.9,0.0,0,0,1,28.6,12,42,0,62.5,1,69.0,29,2.4,1,79.2,1,0,7.1,3,1,7,7.0,1.0,0.03
Oliver Miles III,191351,S,TEXAS TECH,2,-8.0,0,100.0,,0,0,1,0.0,0,-1.19,0,315,0,66.7,73.6,67.8,67.8,60.1,0.0,0,0,-7,20.0,1,5,1,0.0,1,40.0,2,20.0,1,79.2,1,0,0.0,0,-7,1,1.0,-7.0,-3.5
Colton Phares,175001,LB,APP STATE,2,11.0,0,100.0,,0,0,0,0.0,0,1.13,1,108,0,66.7,61.0,82.0,63.8,87.7,0.0,0,0,23,50.0,1,2,0,50.0,1,50.0,1,0.0,0,118.8,1,0,0.0,0,23,12,12.0,23.0,23.0
Elijah Jackson,174961,HB,BALL ST,3,-4.0,1,100.0,,0,0,0,0.0,0,-0.18,1,117,0,70.7,23.3,58.1,74.8,77.3,0.0,0,0,37,30.0,3,10,0,12.5,1,50.0,5,30.0,3,118.8,1,0,20.0,2,37,41,41.0,37.0,7.4
Joshua Acord,165789,TE,APP STATE,1,3.0,0,0.0,,0,0,0,100.0,1,0.27,0,108,0,16.4,,47.3,67.4,38.0,50.0,3,0,0,50.0,3,6,0,60.0,0,33.3,2,50.0,3,39.6,1,0,0.0,0,0,0,,,0.0
Beau Baker,192023,TE,WASH STATE,11,5.0,0,100.0,,0,0,0,0.0,0,0.08,1,341,0,66.7,61.0,57.7,68.6,63.8,86.2,25,0,12,58.6,17,29,0,40.7,1,37.9,11,13.8,4,156.3,1,1,0.0,0,12,7,7.0,12.0,1.09
Ethan Day,174815,ED,N TEXAS,3,9.0,0,100.0,,0,0,0,0.0,0,-0.63,1,251,0,66.7,61.0,77.6,67.2,88.8,100.0,4,0,2,75.0,3,4,2,50.0,1,25.0,1,0.0,0,118.8,1,1,0.0,0,2,0,0.0,2.0,2.0
Alex Szczesniak,193117,TE,UTEP,3,1.0,0,0.0,,0,0,0,100.0,1,-1.28,0,330,0,16.4,,35.6,72.3,28.0,25.0,1,0,0,75.0,3,4,1,25.0,0,25.0,1,0.0,0,39.6,1,0,0.0,0,0,0,,,0.0
Trey Weary,174747,WR,TENNESSEE,3,6.0,0,100.0,,0,0,0,0.0,0,-0.22,1,307,0,66.7,61.0,54.2,,53.5,0.0,0,0,6,0.0,0,19,0,47.4,1,100.0,19,5.3,1,91.7,1,0,94.7,18,6,0,0.0,6.0,0.32
Cace Reed,193228,WR,SO MISS,1,-4.0,0,100.0,,0,0,0,0.0,0,-1.57,0,296,0,66.7,61.0,61.3,,60.8,0.0,0,0,-1,0.0,0,1,0,0.0,1,100.0,1,100.0,1,79.2,1,0,0.0,0,-1,3,3.0,-1.0,-1.0
LJ Johnson Jr.,205408,WR,TEXAS ST,1,13.0,0,0.0,,0,0,0,100.0,1,-0.73,0,314,0,16.4,,36.7,,45.6,0.0,0,0,0,0.0,0,1,0,0.0,0,100.0,1,100.0,1,39.6,1,0,0.0,0,0,0,,,0.0
Jaedon King,174707,WR,LOUISVILLE,1,-4.0,0,100.0,,0,0,0,0.0,0,-0.81,0,210,0,66.7,61.0,60.0,,59.7,0.0,0,0,-3,0.0,0,3,0,0.0,1,33.3,1,33.3,1,79.2,1,0,66.7,2,-3,1,1.0,-3.0,-3.0
RJ Vick,194627,WR,WAKE,4,25.0,0,0.0,,0,0,0,,0,-0.04,0,339,0,,,54.1,,54.3,0.0,0,0,0,0.0,0,7,0,42.9,0,100.0,7,14.3,1,39.6,1,0,85.7,6,0,0,,,0.0
Ian Stewart,129638,WR,TEMPLE,10,5.0,0,0.0,0.0,0,1,0,,0,-0.17,0,306,0,,,50.8,,49.9,0.0,0,0,0,0.0,0,44,0,30.8,0,88.6,39,11.4,5,39.6,1,0,88.6,39,0,0,,,0.0
Jamie Tremble,197056,ED,SYRACUSE,1,1.0,0,100.0,,0,0,0,0.0,0,-0.59,0,304,0,66.7,61.0,62.4,,66.1,0.0,0,0,1,0.0,0,1,2,0.0,1,100.0,1,0.0,0,79.2,1,0,0.0,0,1,0,0.0,1.0,1.0
Elijah Washington-Baker,197629,TE,SYRACUSE,6,21.0,0,100.0,,0,0,0,0.0,0,0.45,1,304,0,66.7,61.0,58.4,70.3,66.0,56.3,9,0,17,43.8,7,16,1,66.7,1,50.0,8,37.5,6,158.3,1,1,0.0,0,17,0,0.0,17.0,2.13
Noah Kim,129623,QB,E MICHIGAN,12,19.0,0,0.0,0.0,0,1,0,,0,0.07,0,160,3,,46.8,67.6,,60.0,0.0,0,0,0,0.0,0,468,1,45.5,0,0.2,1,0.0,0,39.6,1,0,0.0,0,0,0,,,0.0
Tripp Walsh,174693,TE,IOWA STATE,1,5.0,1,100.0,,0,0,0,0.0,0,0.79,0,193,0,66.7,63.6,88.4,65.6,83.3,100.0,4,0,9,25.0,1,4,0,75.0,1,75.0,3,0.0,0,104.2,1,0,0.0,0,9,4,4.0,9.0,3.0
Steven Blanco,197913,HB,LA LAFAYET,8,-4.0,0,100.0,,0,0,0,0.0,0,-0.07,1,207,0,66.7,78.6,78.4,78.7,64.2,0.0,0,0,29,25.0,9,36,0,41.2,1,69.4,25,5.6,2,118.8,1,0,11.1,4,29,33,33.0,29.0,1.16
Matt Long,198041,WR,AIR FORCE,8,3.0,0,0.0,,0,0,0,,0,0.26,0,101,0,,70.1,68.8,45.7,50.2,33.3,7,0,0,4.8,1,21,0,50.0,0,90.5,19,9.5,2,39.6,1,0,19.0,4,0,0,,,0.0
Derek Meadows,198079,WR,ALABAMA,8,9.0,0,0.0,,0,0,0,,0,0.32,0,103,0,,,43.6,,50.3,0.0,0,0,0,0.0,0,30,1,48.1,0,90.0,27,10.0,3,39.6,1,0,90.0,27,0,0,,,0.0
Chris Lewis,174600,WR,N TEXAS,1,14.0,0,0.0,0.0,0,1,0,100.0,1,-0.11,0,251,0,16.4,,45.2,,44.8,0.0,0,0,0,0.0,0,3,0,33.3,0,100.0,3,0.0,0,39.6,1,0,100.0,3,0,0,,,0.0
Blake Buntyn,128935,WR,TEXAS A&M,1,8.0,0,100.0,,0,0,0,0.0,0,0.74,1,312,0,66.7,61.0,62.0,,70.1,0.0,0,0,13,0.0,0,3,1,66.7,1,100.0,3,0.0,0,118.8,1,0,100.0,3,13,5,5.0,13.0,4.33
LaNorris Sellers,174326,QB,S CAROLINA,12,12.0,0,100.0,,0,0,0,0.0,0,0.0,1,289,1,66.7,52.1,73.4,,79.0,0.0,0,0,21,0.0,0,412,5,40.4,1,0.5,2,0.0,0,118.8,1,0,0.0,0,21,9,9.0,21.0,10.5
Reid Mikeska,174325,TE,FAU,7,3.0,0,100.0,100.0,1,1,0,0.0,0,0.11,0,165,0,66.7,61.0,42.5,73.5,53.2,72.0,18,0,3,56.0,14,25,0,50.0,1,32.0,8,20.0,5,79.2,1,0,0.0,0,3,0,0.0,3.0,0.38
Taylor Spierto,128916,WR,FLORIDA,2,14.0,0,100.0,,0,0,0,0.0,0,0.21,1,163,0,66.7,61.0,63.8,,64.2,0.0,0,0,11,0.0,0,9,0,37.5,1,88.9,8,33.3,3,152.1,1,1,66.7,6,11,0,0.0,11.0,1.38
Jeremiah Scoby,198198,WR,BOWL GREEN,3,1.0,0,100.0,,0,0,0,0.0,0,-0.21,0,122,0,66.7,64.3,65.4,67.3,56.1,66.7,6,0,9,11.1,1,9,0,25.0,1,77.8,7,11.1,1,104.2,1,0,22.2,2,9,8,8.0,9.0,1.29
Andy Jean,174250,WR,ARKANSAS,3,17.0,1,100.0,,0,0,0,0.0,0,-0.27,0,111,0,66.7,61.0,54.8,,55.4,0.0,0,0,21,0.0,0,14,0,58.3,1,85.7,12,0.0,0,118.8,1,0,100.0,14,21,4,4.0,21.0,1.75
Grant Page,157692,WR,SO MISS,6,11.0,0,0.0,0.0,0,1,0,,0,0.36,0,296,0,,,48.6,,48.5,0.0,0,0,0,0.0,0,20,0,40.0,0,75.0,15,20.0,4,39.6,1,0,80.0,16,0,0,,,0.0
Gernorris Wilson,174127,T,OREGON,7,5.0,0,100.0,,0,0,0,0.0,0,0.26,1,264,0,66.7,61.0,56.4,56.5,79.2,7.4,4,0,1,96.3,52,54,1,40.4,1,3.7,2,1.9,1,118.8,1,1,0.0,0,1,0,0.0,1.0,0.5
Corbin Laisure,198308,TE,COLORADO,1,5.0,0,0.0,,0,0,0,,0,-0.56,0,143,0,,,56.2,67.4,57.5,50.0,2,0,0,25.0,1,4,0,0.0,0,75.0,3,50.0,2,39.6,1,0,0.0,0,0,0,,,0.0
Zyell Griffin,128355,WR,E MICHIGAN,1,11.0,0,0.0,,0,0,0,,0,0.16,0,160,0,,,54.0,,54.7,0.0,0,0,0,0.0,0,9,0,44.4,0,100.0,9,0.0,0,39.6,1,0,100.0,9,0,0,,,0.0
Jabari Bates,157835,HB,S JOSE ST,3,-7.0,1,100.0,,0,0,0,0.0,0,0.24,1,285,0,66.7,79.0,80.5,67.5,63.8,0.0,0,0,12,73.3,44,60,0,47.3,1,25.0,15,0.0,0,116.7,1,0,0.0,0,12,19,19.0,12.0,0.8
Andre Brown,198391,WR,FIU,1,-1.0,0,100.0,,0,0,0,0.0,0,-0.57,0,166,0,66.7,67.1,61.4,,60.8,0.0,0,0,6,0.0,0,1,0,0.0,1,100.0,1,100.0,1,91.7,1,0,0.0,0,6,7,7.0,6.0,6.0
Mark-Anthony Scott Jr.,157945,WR,BUFFALO,2,5.0,0,0.0,,0,0,0,100.0,1,-0.76,0,126,0,16.4,,39.2,,44.5,0.0,0,0,0,0.0,0,3,0,0.0,0,100.0,3,100.0,3,39.6,1,0,0.0,0,0,0,,,0.0
Kenny Williams,198403,WR,FIU,1,-4.0,1,100.0,,0,0,0,0.0,0,-1.04,0,166,0,66.7,61.0,61.4,,61.1,0.0,0,0,8,0.0,0,1,0,0.0,1,100.0,1,100.0,1,100.0,1,0,0.0,0,8,12,12.0,8.0,8.0
Christian Langford,198412,QB,FIU,1,-5.0,0,100.0,,0,0,0,0.0,0,-0.74,0,166,0,66.7,64.3,59.9,,60.7,0.0,0,0,1,0.0,0,1,0,0.0,1,100.0,1,0.0,0,79.2,1,0,100.0,1,1,6,6.0,1.0,1.0
Greyson Labiad,198423,TE,FLORIDA ST,3,-4.0,0,100.0,,0,0,0,0.0,0,-0.07,0,167,0,66.7,61.0,56.1,72.1,54.9,46.2,6,0,6,38.5,5,13,0,58.3,1,53.8,7,23.1,3,91.7,1,0,7.7,1,6,10,10.0,6.0,0.86
Brennan Parachek,174050,TE,MICH STATE,4,-5.0,0,0.0,,0,0,0,,0,-0.04,0,223,0,,,39.8,68.8,54.3,87.5,7,0,0,37.5,3,8,0,50.0,0,37.5,3,12.5,1,39.6,1,0,0.0,0,0,0,,,0.0
Teriq Mallory,198445,WR,FLORIDA ST,4,-1.0,0,100.0,,0,0,0,0.0,0,-0.05,1,167,0,66.7,61.0,58.9,,61.3,0.0,0,0,14,0.0,0,12,0,41.7,1,100.0,12,16.7,2,118.8,1,0,83.3,10,14,15,15.0,14.0,1.17
Chase Becker,158026,TE,MIAMI OH,6,2.0,0,0.0,0.0,0,1,0,,0,-0.35,0,221,0,,,52.2,70.2,51.3,88.9,8,0,0,44.4,4,9,1,25.0,0,55.6,5,0.0,0,39.6,1,0,0.0,0,0,0,,,0.0
Tyler J. Williams,198467,WR,GEORGIA,1,-3.0,0,100.0,,0,0,0,0.0,0,-0.42,0,173,0,66.7,61.0,59.1,,58.8,0.0,0,0,7,0.0,0,3,0,33.3,1,100.0,3,100.0,3,95.8,1,0,0.0,0,7,10,10.0,7.0,2.33
Fredrick Moore,174042,WR,MICHIGAN,1,10.0,0,0.0,,0,0,0,100.0,1,0.13,0,222,0,16.4,,45.9,,45.7,0.0,0,0,0,0.0,0,5,0,40.0,0,100.0,5,20.0,1,39.6,1,0,80.0,4,0,0,,,0.0
Hayden Rollison,170136,TE,VIRGINIA,1,13.0,0,0.0,,0,0,0,100.0,1,-0.01,0,335,0,16.4,,31.3,,38.2,66.7,4,0,0,0.0,0,6,0,50.0,0,100.0,6,16.7,1,39.6,1,0,16.7,1,0,0,,,0.0
Frank Abreu,198499,TE,HAWAII,1,4.0,0,100.0,,0,0,0,0.0,0,0.45,1,180,0,66.7,61.0,73.6,,70.8,0.0,0,0,13,0.0,0,3,0,66.7,1,100.0,3,100.0,3,118.8,1,0,0.0,0,13,9,9.0,13.0,4.33
Davion Chandler,198526,WR,INDIANA,4,5.0,1,100.0,100.0,1,1,0,0.0,0,1.39,1,190,0,66.7,61.0,70.9,,68.5,0.0,0,0,65,0.0,0,10,0,90.0,1,100.0,10,30.0,3,158.3,1,1,70.0,7,65,60,60.0,65.0,6.5
Ryver Peppers,198565,HB,IOWA STATE,1,-7.0,0,100.0,,0,0,0,0.0,0,-1.81,0,193,0,66.7,61.0,61.5,,65.8,0.0,0,0,-5,0.0,0,1,0,0.0,1,100.0,1,0.0,0,79.2,1,0,0.0,0,-5,2,2.0,-5.0,-5.0
Bryson Rouillier,198572,WR,JVILLE ST,1,11.0,0,0.0,,0,0,0,100.0,1,-1.24,0,196,0,16.4,,37.7,,44.0,0.0,0,0,0,0.0,0,2,0,0.0,0,100.0,2,100.0,2,39.6,1,0,0.0,0,0,0,,,0.0
Lucas Farrington,198574,HB,JVILLE ST,2,-2.0,0,100.0,,0,0,0,0.0,0,0.05,1,196,0,66.7,61.0,62.6,54.4,76.1,0.0,0,0,11,25.0,1,4,0,25.0,1,75.0,3,25.0,1,112.5,1,0,0.0,0,11,13,13.0,11.0,3.67
Jerry McClure,173981,WR,S DIEGO ST,5,6.0,0,100.0,,0,0,0,0.0,0,-1.19,0,284,0,66.7,61.0,63.9,,63.4,0.0,0,0,8,0.0,0,11,0,22.2,1,81.8,9,9.1,1,100.0,1,0,90.9,10,8,2,2.0,8.0,0.89
Jason Llewellyn,158096,TE,TEXAS TECH,7,10.0,0,0.0,0.0,0,1,0,,0,0.44,0,315,0,,,51.5,61.5,50.5,51.7,15,0,0,31.0,9,29,1,44.0,0,55.2,16,41.4,12,39.6,1,0,6.9,2,0,0,,,0.0
Owen Allen,127306,HB,AIR FORCE,12,15.0,0,0.0,,0,0,0,100.0,1,0.05,0,101,0,16.4,89.6,73.3,66.9,31.5,0.0,0,0,0,76.3,58,76,0,46.6,0,22.4,17,0.0,0,39.6,1,0,0.0,0,0,0,,,0.0
Jamari Harrold,198610,TE,KENNESAW,4,9.0,0,0.0,,0,0,0,,0,-1.0,0,200,0,66.7,61.0,68.2,43.5,73.0,50.0,8,1,0,43.8,7,16,0,38.5,0,50.0,8,37.5,6,0.0,1,0,6.3,1,0,0,,,0.0
Iverson Young,173889,HB,MO STATE,2,-5.0,1,100.0,,0,0,0,0.0,0,0.02,1,230,0,66.7,68.9,68.9,,77.7,0.0,0,0,8,0.0,0,2,0,50.0,1,100.0,2,0.0,0,100.0,1,0,0.0,0,8,13,13.0,8.0,4.0
Teaunn Hunter,198630,WR,KENT STATE,2,33.0,0,0.0,,0,0,0,100.0,1,0.84,0,201,0,16.4,,45.7,,46.2,0.0,0,0,0,0.0,0,9,0,50.0,0,88.9,8,11.1,1,39.6,1,0,88.9,8,0,0,,,0.0
Matthew Maxey,198638,WR,KENT STATE,1,10.0,0,100.0,,0,0,0,0.0,0,-0.32,0,201,0,66.7,61.0,59.9,,60.0,0.0,0,0,10,0.0,0,3,0,66.7,1,100.0,3,100.0,3,108.3,1,0,0.0,0,10,0,0.0,10.0,3.33
Bryce Randolph,198661,WR,LIBERTY,1,6.0,1,100.0,,0,0,0,0.0,0,1.64,1,206,0,66.7,61.0,72.4,,70.8,0.0,0,0,18,0.0,0,3,0,66.7,1,100.0,3,33.3,1,118.8,1,0,66.7,2,18,12,12.0,18.0,6.0
Preston Landis,127173,HB,TEXAS A&M,1,-3.0,1,100.0,,0,0,0,0.0,0,1.45,0,312,0,66.7,68.9,70.0,,79.7,0.0,0,0,14,0.0,0,1,0,100.0,1,100.0,1,0.0,0,118.8,1,0,0.0,0,14,17,17.0,14.0,14.0
Zavier Short,158105,WR,MARSHALL,3,0.0,0,0.0,,0,0,0,,0,-1.16,0,214,0,,,49.8,,55.1,0.0,0,0,0,0.0,0,9,1,0.0,0,100.0,9,0.0,0,39.6,1,0,100.0,9,0,0,,,0.0
Brayden Bockler,198678,TE,LA TECH,10,-2.0,0,100.0,,0,0,0,0.0,0,-0.26,0,208,0,66.7,61.0,60.7,74.6,48.1,85.4,41,0,5,60.4,29,48,0,35.0,1,37.5,18,4.2,2,87.5,1,0,0.0,0,5,7,7.0,5.0,0.28
Kaden Cloud,173852,FB,AIR FORCE,1,5.0,0,0.0,,0,0,0,100.0,1,-0.13,0,101,0,16.8,68.1,61.2,,37.0,50.0,2,0,0,0.0,0,4,0,0.0,0,100.0,4,25.0,1,39.6,1,0,25.0,1,0,0,,,0.0
Scotty Brennan,210406,WR,ARIZONA,1,8.0,0,0.0,,0,0,0,,0,0.62,0,109,0,,,58.1,,57.9,0.0,0,0,0,0.0,0,2,0,50.0,0,100.0,2,0.0,0,39.6,1,0,100.0,2,0,0,,,0.0
Jhae Drummer,173729,WR,OREGON ST,1,4.0,0,100.0,100.0,1,1,0,0.0,0,1.48,1,265,0,66.7,61.0,79.2,,74.0,0.0,0,0,4,0.0,0,1,0,100.0,1,100.0,1,0.0,0,83.3,1,0,100.0,1,4,0,0.0,4.0,4.0
Charles Taplin,198812,WR,MICH STATE,3,-2.0,0,100.0,,0,0,0,0.0,0,0.22,0,223,0,66.7,61.0,52.4,,58.2,0.0,0,0,8,0.0,0,5,0,60.0,1,100.0,5,40.0,2,100.0,1,0,60.0,3,8,10,10.0,8.0,1.6
Aidan Chiles,173727,QB,MICH STATE,8,-3.0,0,0.0,,0,0,0,,0,0.05,0,223,5,,29.7,63.4,,27.1,0.0,0,0,0,0.0,0,263,2,46.0,0,0.8,2,0.0,0,39.6,1,0,0.0,0,0,0,,,0.0
Logan Muckey,124972,WR,MISSOURI,3,6.0,0,0.0,,0,0,0,,0,0.23,0,229,0,,,61.8,,56.4,0.0,0,0,0,0.0,0,3,0,33.3,0,100.0,3,33.3,1,39.6,1,0,66.7,2,0,0,,,0.0
Shaun Terry II,198889,WR,MISSOURI,2,-4.0,0,100.0,,0,0,0,0.0,0,0.16,1,229,0,66.7,61.0,68.4,,72.8,0.0,0,0,9,0.0,0,2,0,50.0,1,100.0,2,100.0,2,104.2,1,0,0.0,0,9,13,13.0,9.0,4.5
Carter Jackson,198922,FB,NEVADA,4,-3.0,0,100.0,,0,0,0,0.0,0,-0.26,0,239,0,66.7,72.0,68.1,76.5,57.6,8.3,1,0,3,33.3,4,12,0,25.0,1,66.7,8,8.3,1,79.2,1,0,8.3,1,3,6,6.0,3.0,0.38
Briggs Bartosh,124595,HB,ARMY,7,-3.0,0,100.0,,0,0,0,0.0,0,0.53,0,114,0,66.7,81.5,58.7,15.3,61.9,0.0,0,0,8,66.7,12,18,0,50.0,1,33.3,6,0.0,0,100.0,1,0,0.0,0,8,11,11.0,8.0,1.33
Jalynn Williams,76606,HB,PITTSBURGH,3,1.0,0,100.0,,0,0,0,0.0,0,0.0,0,268,0,66.7,68.9,58.7,47.2,64.1,0.0,0,0,9,25.0,3,12,0,36.4,1,66.7,8,16.7,2,104.2,1,0,0.0,0,9,8,8.0,9.0,1.13
Preston Douglas,198976,TE,NC STATE,3,7.0,0,0.0,,0,0,0,,0,-0.46,0,248,0,,62.5,52.8,70.2,53.5,60.0,6,1,0,30.0,3,10,1,40.0,0,70.0,7,40.0,4,0.0,1,0,0.0,0,0,0,,,0.0
Peter Knudson,164482,TE,ALABAMA,2,4.0,0,0.0,,0,0,0,,0,0.32,0,103,0,,,49.7,,51.8,57.1,4,0,0,0.0,0,7,0,66.7,0,85.7,6,28.6,2,39.6,1,0,14.3,1,0,0,,,0.0
Rod Robinson II,173542,HB,GEORGIA,1,1.0,2,100.0,,0,0,0,0.0,0,-0.07,1,173,0,66.7,70.7,65.6,72.4,73.4,0.0,0,0,12,33.3,2,6,0,50.0,1,66.7,4,0.0,0,116.7,1,0,0.0,0,12,11,11.0,12.0,3.0
AJ Bianco,158232,QB,NEVADA,6,9.0,0,0.0,,0,0,0,,0,-0.29,0,239,1,,43.9,57.3,,54.3,0.0,0,0,0,0.0,0,61,1,29.3,0,1.6,1,0.0,0,39.6,1,0,0.0,0,0,0,,,0.0
Devin Price,124339,WR,OLE MISS,1,25.0,0,100.0,,0,0,0,0.0,0,0.27,1,226,0,66.7,61.0,84.7,,79.3,0.0,0,0,35,0.0,0,3,0,66.7,1,100.0,3,0.0,0,118.8,1,0,100.0,3,35,10,10.0,35.0,11.67
Keaton Cheves,158260,WR,SMU,1,-4.0,0,100.0,,0,0,0,0.0,0,-0.01,0,287,0,66.7,61.0,61.3,,60.8,0.0,0,0,4,0.0,0,1,0,0.0,1,100.0,1,100.0,1,83.3,1,0,0.0,0,4,8,8.0,4.0,4.0
Titus Myers,199059,WR,DOMINION,2,31.0,0,0.0,,0,0,0,,0,-1.14,0,263,0,,,51.6,,53.7,0.0,0,0,0,0.0,0,13,0,18.2,0,84.6,11,0.0,0,39.6,1,0,100.0,13,0,0,,,0.0
LeDarrion Menter,199072,ED,DOMINION,1,-3.0,0,0.0,,0,0,0,,0,-2.55,0,263,0,,,57.3,,59.5,0.0,0,0,0,0.0,0,1,0,0.0,0,100.0,1,0.0,0,39.6,1,0,0.0,0,0,0,,,0.0
Kevin Jennings,158272,QB,SMU,12,4.0,0,0.0,,0,0,0,,0,0.14,0,287,3,,63.0,80.7,,52.1,0.0,0,0,0,0.0,0,499,1,46.6,0,0.4,2,0.0,0,39.6,1,0,0.0,0,0,0,,,0.0
Ashton Hayes,158319,HB,NEVADA,2,2.0,0,100.0,,0,0,0,0.0,0,-0.11,0,239,0,66.7,67.8,68.0,67.8,62.0,0.0,0,0,1,20.0,1,5,0,20.0,1,80.0,4,0.0,0,79.2,1,0,20.0,1,1,-1,-1.0,1.0,0.25
Prince Strachan,173451,WR,USC,1,2.0,1,100.0,,0,0,0,0.0,0,1.1,1,326,0,66.7,61.0,80.1,,76.6,0.0,0,0,25,0.0,0,4,0,100.0,1,75.0,3,0.0,0,118.8,1,0,100.0,4,25,23,23.0,25.0,8.33
Tyvonn Byars,199110,HB,RICE,6,1.0,0,100.0,,0,0,0,0.0,0,0.43,1,275,0,66.7,79.1,82.5,56.3,83.7,0.0,0,0,43,80.0,16,20,0,52.6,1,20.0,4,0.0,0,118.8,1,0,0.0,0,43,42,42.0,43.0,10.75
Vernon Allen III,199113,WR,RUTGERS,1,16.0,1,100.0,,0,0,0,0.0,0,0.43,1,278,0,66.7,61.0,71.9,,69.7,0.0,0,0,18,0.0,0,4,0,33.3,1,75.0,3,0.0,0,118.8,1,0,100.0,4,18,2,2.0,18.0,6.0
Michael Thomas III,199131,WR,RUTGERS,1,32.0,0,100.0,100.0,1,1,0,0.0,0,0.86,1,278,0,66.7,61.0,76.2,,74.0,0.0,0,0,25,0.0,0,6,0,33.3,1,100.0,6,0.0,0,158.3,1,1,100.0,6,25,0,0.0,25.0,4.17
Kenji Lewis,167016,WR,N ILLINOIS,1,7.0,0,100.0,,0,0,0,0.0,0,-0.31,0,254,0,66.7,61.0,61.7,,60.9,0.0,0,0,7,0.0,0,1,0,0.0,1,100.0,1,0.0,0,95.8,1,0,100.0,1,7,0,0.0,7.0,7.0
Terrence McWilliams Jr.,173411,WR,LOUISVILLE,2,9.0,0,0.0,,0,0,0,100.0,1,-0.32,0,210,0,16.4,,48.5,,46.9,0.0,0,0,0,0.0,0,15,0,46.2,0,86.7,13,13.3,2,39.6,1,0,86.7,13,0,0,,,0.0
Dramekco Green,199159,HB,SMU,4,-2.0,0,100.0,,0,0,0,0.0,0,0.27,0,287,0,66.7,76.5,57.0,77.8,57.1,0.0,0,0,-2,20.0,4,20,0,52.6,1,80.0,16,5.0,1,79.2,1,0,0.0,0,-2,0,0.0,-2.0,-0.13
Daylon Singleton,199160,WR,SMU,1,-4.0,0,100.0,,0,0,0,0.0,0,-1.46,0,287,0,66.7,67.8,60.1,,60.1,0.0,0,0,-1,0.0,0,1,0,0.0,1,100.0,1,100.0,1,79.2,1,0,0.0,0,-1,3,3.0,-1.0,-1.0
Brady Simmons,173387,WR,MIAMI OH,6,6.0,0,100.0,,0,0,0,0.0,0,0.19,0,221,0,66.7,61.0,56.8,,58.1,0.0,0,0,9,0.0,0,22,0,42.1,1,86.4,19,50.0,11,104.2,1,0,50.0,11,9,3,3.0,9.0,0.47
Mike Tyler,205378,TE,S CAROLINA,2,8.0,1,100.0,,0,0,0,0.0,0,0.03,1,289,0,66.7,61.0,69.9,66.9,69.0,55.6,5,0,13,22.2,2,9,0,75.0,1,77.8,7,44.4,4,118.8,1,0,0.0,0,13,5,5.0,13.0,1.86
Antonio Jones,167083,WR,TEMPLE,5,5.0,0,100.0,,0,0,0,0.0,0,0.25,1,306,0,66.7,61.0,59.0,,59.1,0.0,0,0,5,0.0,0,15,0,41.7,1,80.0,12,80.0,12,87.5,1,0,20.0,3,5,0,0.0,5.0,0.42
Jermane Hayes,199212,WR,SO MISS,3,-5.0,0,100.0,,0,0,0,0.0,0,-0.9,1,296,0,66.7,61.0,67.0,,66.6,0.0,0,0,11,0.0,0,5,0,33.3,1,60.0,3,80.0,4,112.5,1,0,20.0,1,11,16,16.0,11.0,3.67
Demetres Samuel Jr.,199223,CB,SYRACUSE,4,10.0,0,100.0,,0,0,1,0.0,0,0.21,1,304,0,66.7,76.1,65.4,,64.7,0.0,0,0,10,0.0,0,8,7,37.5,1,100.0,8,0.0,0,108.3,1,0,100.0,8,10,0,0.0,10.0,1.25
Jon Denman,199271,HB,TCU,7,-8.0,0,100.0,,0,0,0,0.0,0,0.21,0,305,0,66.7,81.7,70.2,43.7,54.7,0.0,0,0,2,15.0,3,20,0,52.6,1,80.0,16,10.0,2,79.2,1,0,10.0,2,2,10,10.0,2.0,0.13
Jeremiah Wright,124008,G,AUBURN,12,-9.0,0,100.0,,0,0,1,0.0,0,0.03,0,115,0,70.1,60.9,68.4,67.1,65.1,0.0,0,0,0,100.0,449,449,3,44.3,1,0.0,0,0.0,0,79.2,1,0,0.0,0,0,9,9.0,0.0,
Jaime Ffrench,199292,WR,TEXAS,2,6.0,0,100.0,100.0,1,1,0,0.0,0,-0.14,1,311,0,66.7,61.0,68.1,,67.3,0.0,0,0,6,0.0,0,5,0,40.0,1,100.0,5,20.0,1,91.7,1,0,80.0,4,6,0,0.0,6.0,1.2
Joquez Smith,173281,HB,TEMPLE,3,13.0,0,100.0,,0,0,0,0.0,0,0.49,1,306,0,66.7,72.0,58.4,74.5,73.5,0.0,0,0,12,15.4,2,13,0,69.2,1,84.6,11,0.0,0,156.3,1,1,0.0,0,12,0,0.0,12.0,1.09
Michael Dever,199308,WR,TEXAS TECH,2,0.0,1,100.0,,0,0,0,0.0,0,1.27,0,315,0,66.7,61.0,51.5,,58.8,0.0,0,0,7,0.0,0,3,1,100.0,1,100.0,3,0.0,0,95.8,1,0,100.0,3,7,7,7.0,7.0,2.33
Donnie Smith,199329,ED,TROY,1,-1.0,0,100.0,,0,0,0,0.0,0,1.37,1,318,0,66.7,61.0,79.6,,87.7,0.0,0,0,11,0.0,0,1,0,100.0,1,100.0,1,0.0,0,112.5,1,0,0.0,0,11,12,12.0,11.0,11.0
Jaron Glover,158382,WR,MISS STATE,5,32.0,0,0.0,,0,0,0,,0,-0.36,0,227,0,,,54.6,,53.5,0.0,0,0,0,0.0,0,13,0,25.0,0,92.3,12,7.7,1,39.6,1,0,92.3,12,0,0,,,0.0
James Johnson,199413,HB,USC,3,-2.0,0,100.0,,0,0,0,0.0,0,-0.7,1,326,0,66.7,61.0,67.8,,66.7,0.0,0,0,10,0.0,0,6,0,25.0,1,66.7,4,50.0,3,108.3,1,0,50.0,3,10,12,12.0,10.0,2.5
Riley Wormley,199415,HB,USC,1,14.0,0,100.0,,0,0,0,0.0,0,1.18,1,326,0,66.7,66.3,70.2,76.5,69.7,0.0,0,0,17,40.0,2,5,0,100.0,1,60.0,3,0.0,0,118.8,1,0,20.0,1,17,3,3.0,17.0,5.67
Corey Simms,199420,WR,USC,4,6.0,0,100.0,,0,0,0,0.0,0,-0.21,0,326,0,66.7,61.0,48.2,,55.2,0.0,0,0,6,0.0,0,9,1,33.3,1,100.0,9,0.0,0,91.7,1,0,88.9,8,6,0,0.0,6.0,0.67
Chase Mitchell,123886,G,VANDERBILT,12,-5.0,0,100.0,,0,0,0,0.0,0,0.46,0,333,0,70.1,60.9,52.5,56.5,65.1,0.0,0,0,-5,100.0,419,419,2,58.4,1,0.0,0,0.0,0,79.2,1,0,0.0,0,-5,0,0.0,-5.0,
Colin McBee,173186,TE,W VIRGINIA,1,14.0,0,0.0,,0,0,0,,0,-2.04,0,343,0,,,57.0,64.0,57.7,100.0,2,0,0,50.0,1,2,0,0.0,0,50.0,1,0.0,0,39.6,1,0,0.0,0,0,0,,,0.0
Jack Foley,199500,WR,WAKE,4,22.0,0,0.0,,0,0,1,,0,-0.45,0,339,0,,,49.1,61.0,54.5,0.0,0,0,0,7.7,1,13,1,27.3,0,76.9,10,7.7,1,39.6,1,0,92.3,12,0,0,,,0.0
Quaid Carr,199514,HB,WASHINGTON,1,-2.0,0,100.0,,0,0,0,0.0,0,-0.19,0,340,0,66.7,64.3,65.9,,65.2,0.0,0,0,5,0.0,0,2,0,50.0,1,100.0,2,0.0,0,87.5,1,0,0.0,0,5,7,7.0,5.0,2.5
Arch Manning,173162,QB,TEXAS,12,6.0,0,100.0,,0,0,0,0.0,0,0.14,1,311,2,66.7,63.2,86.1,,78.4,0.0,0,0,4,0.0,0,447,3,42.7,1,0.7,3,0.0,0,122.9,1,1,0.0,0,4,0,0.0,4.0,1.33
De'Arre McDonald,123572,CB,MIDDLE TN,2,-4.0,0,0.0,,0,0,0,,0,0.21,0,224,0,,,57.5,66.7,55.3,0.0,0,0,0,50.0,1,2,3,50.0,0,50.0,1,0.0,0,39.6,1,0,0.0,0,0,0,,,0.0
Nate Johnson,158489,WR,UTAH,8,-2.0,0,100.0,,0,0,0,0.0,0,0.66,1,328,0,66.7,37.4,75.4,61.1,57.2,0.0,0,0,16,4.0,1,25,0,66.7,1,92.0,23,28.0,7,118.8,1,0,72.0,18,16,18,18.0,16.0,0.7
Jaylen Jenkins,158512,HB,TEXAS ST,5,-5.0,0,100.0,,0,0,0,0.0,0,0.37,0,314,0,66.7,56.6,64.7,70.0,54.2,0.0,0,0,5,5.3,1,19,0,50.0,1,89.5,17,5.3,1,87.5,1,0,15.8,3,5,10,10.0,5.0,0.29
Barry Jackson Jr.,173031,WR,CINCINNATI,4,6.0,0,0.0,,0,0,1,,0,0.37,0,138,0,,,47.6,,53.4,0.0,0,0,0,0.0,0,20,1,47.4,0,95.0,19,35.0,7,39.6,1,0,65.0,13,0,0,,,0.0
Dom Rezac,163723,HB,VANDERBILT,2,-2.0,1,100.0,,0,0,0,0.0,0,-0.03,1,333,0,66.7,64.3,63.2,68.3,81.5,0.0,0,0,35,16.7,1,6,0,50.0,1,83.3,5,0.0,0,118.8,1,0,0.0,0,35,37,37.0,35.0,7.0
Juju Preston,199631,WR,CLEMSON,1,-3.0,0,100.0,,0,0,0,0.0,0,-0.62,0,140,0,66.7,68.0,61.6,,61.0,0.0,0,0,4,0.0,0,1,0,0.0,1,100.0,1,100.0,1,83.3,1,0,0.0,0,4,7,7.0,4.0,4.0
Jayden Denegal,158533,QB,S DIEGO ST,12,33.0,0,0.0,,0,0,0,,0,-0.18,0,284,2,,59.7,66.5,,54.3,0.0,0,0,0,0.0,0,297,0,39.7,0,0.3,1,0.0,0,39.6,1,0,0.0,0,0,0,,,0.0
Logan Brooking,199635,TE,CLEMSON,1,-2.0,0,100.0,,0,0,0,0.0,0,-0.27,1,140,0,66.7,61.0,56.9,67.9,63.3,9.1,1,0,4,9.1,1,11,1,36.4,1,90.9,10,63.6,7,122.9,1,1,18.2,2,4,6,6.0,4.0,0.4
Mitch Griffis,123386,QB,TEXAS TECH,5,-10.0,0,100.0,,0,0,0,0.0,0,0.25,0,315,1,,43.8,83.2,,,0.0,0,0,9,0.0,0,51,0,51.2,1,0.0,0,0.0,0,104.2,1,0,0.0,0,9,19,19.0,9.0,
Jordan Brunson,123342,HB,MIAMI OH,8,-2.0,0,100.0,,0,0,0,0.0,0,0.38,0,221,0,66.7,79.2,78.5,74.6,55.1,0.0,0,0,5,71.9,69,96,0,54.9,1,28.1,27,0.0,0,87.5,1,0,0.0,0,5,7,7.0,5.0,0.19
Cody Mladenka,158565,TE,BAYLOR,2,12.0,0,0.0,0.0,0,1,0,,0,-0.64,0,118,0,,,57.6,66.0,54.2,40.0,4,0,0,20.0,2,10,0,22.2,0,80.0,8,60.0,6,39.6,1,0,0.0,0,0,0,,,0.0
Phillip Wright III,199753,WR,LSU,1,-1.0,0,100.0,,0,0,0,0.0,0,-0.81,0,211,0,66.7,61.0,60.6,,60.3,0.0,0,0,2,0.0,0,1,0,0.0,1,100.0,1,100.0,1,79.2,1,0,0.0,0,2,3,3.0,2.0,2.0
Johnny Ryder,172593,WR,TEXAS A&M,2,5.0,0,0.0,,0,0,0,,0,-0.09,0,312,0,,,55.9,,55.2,0.0,0,0,0,0.0,0,7,0,42.9,0,100.0,7,0.0,0,39.6,1,0,100.0,7,0,0,,,0.0
Jeremiah Jones,199800,WR,NEBRASKA,1,6.0,0,100.0,,0,0,0,0.0,0,-0.46,0,238,0,66.7,61.0,59.7,,59.6,0.0,0,0,6,0.0,0,2,0,0.0,1,100.0,2,0.0,0,91.7,1,0,100.0,2,6,0,0.0,6.0,3.0
Jayden York,123162,TE,HOUSTON,2,24.0,0,0.0,0.0,0,1,0,,0,-0.86,0,182,0,,,81.2,69.9,57.2,40.0,2,0,0,40.0,2,5,0,0.0,0,60.0,3,40.0,2,39.6,1,0,0.0,0,0,0,,,0.0
Magnus Von Saldern,158772,TE,UMASS,4,5.0,0,100.0,,0,0,0,0.0,0,-0.22,1,216,0,66.7,61.0,62.9,61.6,86.7,77.8,7,0,1,88.9,8,9,0,50.0,1,11.1,1,0.0,0,118.8,1,1,0.0,0,1,0,0.0,1.0,1.0
Jerome Bettis Jr.,199846,WR,NOTRE DAME,1,6.0,0,100.0,,0,0,0,0.0,0,1.28,1,258,0,66.7,61.0,72.7,,71.3,0.0,0,0,6,0.0,0,3,0,100.0,1,66.7,2,0.0,0,91.7,1,0,100.0,3,6,0,0.0,6.0,3.0
Ka'Morreun Pimpton,172490,TE,TCU,3,11.0,0,100.0,100.0,1,1,0,0.0,0,-0.3,1,305,0,66.7,61.0,65.2,70.4,64.6,50.0,6,0,3,25.0,3,12,0,45.5,1,75.0,9,33.3,4,118.8,1,1,16.7,2,3,0,0.0,3.0,0.33
Tristan Martinez,170016,WR,CLEMSON,1,-4.0,0,100.0,,0,0,0,0.0,0,-0.16,0,140,0,66.7,61.0,60.3,,60.2,0.0,0,0,2,0.0,0,2,0,0.0,1,100.0,2,100.0,2,79.2,1,0,0.0,0,2,6,6.0,2.0,1.0
Phillip Bell,199859,WR,OHIO STATE,3,7.0,0,0.0,0.0,0,1,0,,0,0.39,0,260,0,,63.8,52.5,,54.3,0.0,0,0,0,0.0,0,5,0,60.0,0,100.0,5,100.0,5,39.6,1,0,0.0,0,0,0,,,0.0
Maddox Lassiter,172412,FB,ARKANSAS,9,2.0,0,100.0,,0,0,0,0.0,0,0.0,0,111,0,66.7,64.3,59.4,73.9,57.4,23.1,3,0,2,23.1,3,13,0,53.8,1,76.9,10,0.0,0,79.2,1,0,0.0,0,2,0,0.0,2.0,0.2
Isaiah Augustave,172398,TE,S CAROLINA,3,5.0,1,100.0,,0,0,0,0.0,0,-1.2,0,289,1,66.7,11.5,40.6,,27.6,40.0,2,0,11,0.0,0,5,0,20.0,1,100.0,5,0.0,0,112.5,1,0,0.0,0,11,6,6.0,11.0,2.2
Dylan Lonergan,172386,QB,BOSTON COL,10,-6.0,0,100.0,,0,0,0,0.0,0,-0.02,0,121,2,,60.3,70.8,,,0.0,0,0,-1,0.0,0,330,0,46.5,1,0.0,0,0.0,0,79.2,1,0,0.0,0,-1,5,5.0,-1.0,
Jaron Thomas,205344,HB,PURDUE,1,-5.0,0,100.0,,0,0,0,0.0,0,-0.22,0,273,0,66.7,66.3,66.7,67.0,60.2,0.0,0,0,-3,50.0,8,16,0,37.5,1,50.0,8,0.0,0,79.2,1,0,0.0,0,-3,2,2.0,-3.0,-0.38
Trey Cornist,169975,HB,C MICHIGAN,10,2.0,0,0.0,,0,0,0,,0,0.28,0,134,0,,86.9,73.0,74.0,53.3,0.0,0,0,0,41.3,19,46,0,54.5,0,58.7,27,6.5,3,39.6,1,0,0.0,0,0,0,,,0.0
Jordon Gidron,199955,WR,S CAROLINA,2,31.0,0,0.0,,0,0,0,,0,-0.84,0,289,0,,,44.8,,48.8,0.0,0,0,0,0.0,0,2,0,0.0,0,50.0,1,0.0,0,39.6,1,0,100.0,2,0,0,,,0.0
Cam Thompson,159604,WR,MISS STATE,3,5.0,0,0.0,,0,0,0,100.0,1,-0.64,0,227,0,16.4,,49.7,,45.9,0.0,0,0,0,0.0,0,5,1,20.0,0,100.0,5,0.0,0,39.6,1,0,100.0,5,0,0,,,0.0
Jalen Hale,172377,WR,ALABAMA,4,13.0,0,0.0,,0,0,0,,0,0.31,0,103,0,,,49.1,,51.8,0.0,0,0,0,0.0,0,24,1,54.2,0,100.0,24,4.2,1,39.6,1,0,95.8,23,0,0,,,0.0
Wilkin Formby,172376,T,ALABAMA,13,-2.0,0,100.0,,0,0,0,0.0,0,0.18,0,103,0,70.1,60.9,68.4,80.3,65.1,0.0,0,0,2,100.0,432,432,1,49.0,1,0.0,0,0.0,0,79.2,1,0,0.0,0,2,4,4.0,2.0,
Kiotti Armstrong,199987,TE,TEXAS A&M,2,6.0,0,0.0,0.0,0,1,0,,0,-0.19,0,312,0,,,54.2,70.0,53.8,90.0,9,0,0,50.0,5,10,0,44.4,0,50.0,5,0.0,0,39.6,1,0,10.0,1,0,0,,,0.0
Trey Lancaster,172286,TE,DOMINION,4,5.0,0,0.0,,0,0,0,,0,-0.96,0,263,0,,,53.2,0.0,56.2,0.0,0,0,0,16.7,1,6,0,20.0,0,66.7,4,33.3,2,39.6,1,0,33.3,2,0,0,,,0.0
Colton Joseph,172283,QB,DOMINION,12,-4.0,1,100.0,,0,0,0,0.0,0,0.17,0,263,3,66.7,37.3,78.9,,89.1,0.0,0,0,5,0.0,0,356,2,47.2,1,0.3,1,0.0,0,87.5,1,0,0.0,0,5,9,9.0,5.0,5.0
Connor Meadows,163769,G,UCF,8,13.0,0,0.0,,0,0,0,,0,-0.18,0,323,0,,,51.3,56.8,59.8,11.2,17,0,0,99.3,151,152,1,46.3,0,0.7,1,0.0,0,39.6,1,0,0.0,0,0,0,,,0.0
Cedric Hawkins,172192,HB,ARK STATE,4,2.0,0,100.0,,0,0,0,0.0,0,0.07,0,113,0,66.7,70.3,49.2,0.2,57.5,0.0,0,0,3,0.0,0,9,1,55.6,1,100.0,9,11.1,1,79.2,1,0,11.1,1,3,1,1.0,3.0,0.33
Jake Reichle,162441,FB,OREGON ST,8,0.0,0,100.0,,0,0,0,0.0,0,0.13,1,265,0,66.7,69.5,77.9,74.3,63.4,23.1,3,0,4,38.5,5,13,0,40.0,1,53.8,7,7.7,1,122.9,1,1,0.0,0,4,4,4.0,4.0,0.57
Parker Brailsford,162482,C,ALABAMA,12,-2.0,0,100.0,,0,0,0,0.0,0,0.21,0,103,0,70.1,,66.0,76.7,60.8,0.0,0,0,2,100.0,489,489,5,49.6,1,0.0,0,0.0,0,79.2,1,0,0.0,0,2,4,4.0,2.0,
Drew Allar,164157,QB,PENN STATE,6,-7.0,2,100.0,,0,0,0,0.0,0,0.13,0,266,0,,75.7,72.4,,60.0,0.0,0,0,5,0.0,0,192,0,49.7,1,0.5,1,0.0,0,87.5,1,0,0.0,0,5,12,12.0,5.0,5.0
Adam Hopkins IV,171895,WR,CHARLOTTE,3,23.0,0,100.0,,0,0,0,0.0,0,-0.04,1,136,0,66.7,61.0,67.3,,67.1,0.0,0,0,23,0.0,0,13,0,53.8,1,100.0,13,23.1,3,118.8,1,0,76.9,10,23,0,0.0,23.0,1.77
Ja'Kayden Ferguson,200078,WR,ARKANSAS,2,7.0,0,0.0,,0,0,0,,0,0.41,0,111,0,66.7,61.0,55.0,,55.1,0.0,0,0,0,0.0,0,11,0,50.0,0,90.9,10,0.0,0,39.6,1,0,100.0,11,0,0,,,0.0
Jeremiah Beck Jr.,200081,TE,ARKANSAS,1,2.0,0,0.0,0.0,0,1,0,,0,-0.37,0,111,0,,,52.9,,54.1,100.0,4,0,0,0.0,0,4,0,25.0,0,100.0,4,0.0,0,39.6,1,0,0.0,0,0,0,,,0.0
Montavin Quisenberry,200148,WR,KENTUCKY,2,1.0,0,100.0,,0,0,0,0.0,0,-0.44,0,202,0,66.7,61.0,55.7,,56.7,0.0,0,0,4,0.0,0,7,0,33.3,1,85.7,6,100.0,7,83.3,1,0,0.0,0,4,3,3.0,4.0,0.67
Shane Reynolds,162579,HB,NAVY,4,3.0,0,100.0,,0,0,0,0.0,0,-0.49,0,237,0,66.7,74.4,47.1,8.3,63.2,0.0,0,0,3,71.4,10,14,0,15.4,1,28.6,4,0.0,0,79.2,1,0,0.0,0,3,0,0.0,3.0,0.75
Marcus Ratcliffe,171575,S,TEXAS A&M,1,17.0,0,0.0,0.0,0,1,0,,0,-3.2,0,312,0,,,57.1,,55.3,0.0,0,0,0,0.0,0,1,0,0.0,0,100.0,1,0.0,0,39.6,1,0,0.0,0,0,0,,,0.0
Chapman Pendergrass,162688,C,CLEMSON,3,5.0,0,0.0,,0,0,0,,0,0.32,0,140,0,,,62.8,78.0,60.3,0.0,0,0,0,90.0,9,10,0,30.0,0,10.0,1,0.0,0,39.6,1,0,0.0,0,0,0,,,0.0
Tre' Hartwell,171397,HB,W MICHIGAN,3,2.0,0,0.0,,0,0,0,,0,-1.11,0,347,0,,74.0,58.7,71.5,47.6,0.0,0,0,0,28.6,2,7,0,42.9,0,71.4,5,14.3,1,39.6,1,0,0.0,0,0,0,,,0.0
Andre Greene Jr.,162748,WR,VIRGINIA,3,5.0,0,100.0,,0,0,0,0.0,0,0.98,0,335,0,66.7,61.0,54.6,,53.9,0.0,0,0,7,0.0,0,15,0,73.3,1,100.0,15,0.0,0,95.8,1,0,100.0,15,7,2,2.0,7.0,0.47
Nathan VanTimmeren,171245,TE,C MICHIGAN,6,2.0,0,100.0,,0,0,0,0.0,0,-0.12,0,134,0,66.7,61.0,51.3,61.8,51.1,66.7,26,0,7,33.3,13,39,0,37.1,1,56.4,22,12.8,5,95.8,1,0,10.3,4,7,5,5.0,7.0,0.32
JT Taggart,200310,TE,MARYLAND,5,2.0,0,0.0,0.0,0,1,0,100.0,1,-0.9,0,215,0,16.4,,40.4,68.5,38.7,70.0,14,0,0,20.0,4,20,0,5.6,0,75.0,15,25.0,5,39.6,1,0,5.0,1,0,0,,,0.0
Myles Kitt-Denton,121392,WR,S DIEGO ST,3,-3.0,0,100.0,,0,0,0,0.0,0,-0.59,0,284,0,66.7,61.0,58.5,,57.6,0.0,0,0,-3,0.0,0,7,0,33.3,1,85.7,6,28.6,2,79.2,1,0,71.4,5,-3,0,0.0,-3.0,-0.5
