Team,SP,TAN,HFACW,TEAM_ID,Team Total,HC,OC,DC,rank_TAN,rank_SP,rank_HFACW,NetRP,OffAdj,DefAdj,RPOffense,RPDefense,rank_TARP,rank_OffAdj,rank_DefAdj,SPP,Tempo,SPP_RANK_SHEET,rank_SPP,rank_Tempo,TAN_CONF,TAN_WIN,SP._WIN,rank_TAN_WIN,rank_SP_WIN,TR,SPplus_name,CFBD,SSA,CFBStats,ESPN,SIS,TEAM_ID_XW,Season,Conference,Offense Plays,Offense Drives,Offense Ppa,Offense TotalPPA,Offense SuccessRate,Offense Explosiveness,Offense PowerSuccess,Offense StuffRate,Offense LineYards,Offense LineYardsTotal,Offense SecondLevelYards,Offense SecondLevelYardsTotal,Offense OpenFieldYards,Offense OpenFieldYardsTotal,Offense TotalOpportunies,Offense PointsPerOpportunity,Offense FieldPosition AverageStart,Offense FieldPosition AveragePredictedPoints,Offense Havoc Total,Offense Havoc FrontSeven,Offense Havoc Db,Offense StandardDowns Rate,Offense StandardDowns Ppa,Offense StandardDowns SuccessRate,Offense StandardDowns Explosiveness,Offense PassingDowns Rate,Offense PassingDowns Ppa,Offense PassingDowns SuccessRate,Offense PassingDowns Explosiveness,Offense RushingPlays Rate,Offense RushingPlays Ppa,Offense RushingPlays TotalPPA,Offense RushingPlays SuccessRate,Offense RushingPlays Explosiveness,Offense PassingPlays Rate,Offense PassingPlays Ppa,Offense PassingPlays TotalPPA,Offense PassingPlays SuccessRate,Offense PassingPlays Explosiveness,Defense Plays,Defense Drives,Defense Ppa,Defense TotalPPA,Defense SuccessRate,Defense Explosiveness,Defense PowerSuccess,Defense StuffRate,Defense LineYards,Defense LineYardsTotal,Defense SecondLevelYards,Defense SecondLevelYardsTotal,Defense OpenFieldYards,Defense OpenFieldYardsTotal,Defense TotalOpportunies,Defense PointsPerOpportunity,Defense FieldPosition AverageStart,Defense FieldPosition AveragePredictedPoints,Defense Havoc Total,Defense Havoc FrontSeven,Defense Havoc Db,Defense StandardDowns Rate,Defense StandardDowns Ppa,Defense StandardDowns SuccessRate,Defense StandardDowns Explosiveness,Defense PassingDowns Rate,Defense PassingDowns Ppa,Defense PassingDowns TotalPPA,Defense PassingDowns SuccessRate,Defense PassingDowns Explosiveness,Defense RushingPlays Rate,Defense RushingPlays Ppa,Defense RushingPlays TotalPPA,Defense RushingPlays SuccessRate,Defense RushingPlays Explosiveness,Defense PassingPlays Rate,Defense PassingPlays Ppa,Defense PassingPlays TotalPPA,Defense PassingPlays SuccessRate,Defense PassingPlays Explosiveness,,Rank,offense.ppa,offense.totalPPA,offense.successRate,offense.explosiveness,offense.powerSuccess,offense.stuffRate,offense.lineYards,offense.lineYardsTotal,offense.secondLevelYards,offense.secondLevelYardsTotal,offense.openFieldYards,offense.openFieldYardsTotal,offense.totalOpportunies,offense.pointsPerOpportunity,offense.fieldPosition.averageStart,offense.fieldPosition.averagePredictedPoints,offense.havoc.total,offense.havoc.frontSeven,offense.havoc.db,offense.standardDowns.rate,offense.standardDowns.ppa,offense.standardDowns.successRate,offense.standardDowns.explosiveness,offense.passingDowns.rate,offense.passingDowns.ppa,offense.passingDowns.successRate,offense.passingDowns.explosiveness,offense.rushingPlays.rate,offense.rushingPlays.ppa,offense.rushingPlays.totalPPA,offense.rushingPlays.successRate,offense.rushingPlays.explosiveness,offense.passingPlays.rate,offense.passingPlays.ppa,offense.passingPlays.totalPPA,offense.passingPlays.successRate,offense.passingPlays.explosiveness,defense.plays,defense.drives,defense.ppa,defense.totalPPA,defense.successRate,defense.explosiveness,defense.powerSuccess,defense.stuffRate,defense.lineYards,defense.lineYardsTotal,defense.secondLevelYards,defense.secondLevelYardsTotal,defense.openFieldYards,defense.openFieldYardsTotal,defense.totalOpportunies,defense.pointsPerOpportunity,defense.fieldPosition.averageStart,defense.fieldPosition.averagePredictedPoints,defense.havoc.total,defense.havoc.frontSeven,defense.havoc.db,defense.standardDowns.rate,defense.standardDowns.ppa,defense.standardDowns.successRate,defense.standardDowns.explosiveness,defense.passingDowns.rate,defense.passingDowns.ppa,defense.passingDowns.totalPPA,defense.passingDowns.successRate,defense.passingDowns.explosiveness,defense.rushingPlays.rate,defense.rushingPlays.ppa,defense.rushingPlays.totalPPA,defense.rushingPlays.successRate,defense.rushingPlays.explosiveness,defense.passingPlays.rate,defense.passingPlays.ppa,defense.passingPlays.successRate,defense.passingPlays.explosiveness,rank_Offense_plays,rank_Offense_drives,rank_Offense_ppa,rank_Offense_totalPPA,rank_Offense_successRate,rank_Offense_explosiveness,rank_Offense_powerSuccess,rank_Offense_lineYards,rank_Offense_lineYardsTotal,rank_Offense_secondLevelYards,rank_Offense_secondLevelYardsTotal,rank_Offense_openFieldYards,rank_Offense_openFieldYardsTotal,rank_Offense_totalOpportunies,rank_Offense_pointsPerOpportunity,rank_Offense_stuffRate,rank_Offense_fieldPosition_averageStart,rank_Offense_fieldPosition_averagePredictedPoints,rank_Offense_havoc_total,rank_Offense_havoc_frontSeven,rank_Offense_havoc_db,rank_Offense_standardDowns_rate,rank_Offense_standardDowns_ppa,rank_Offense_standardDowns_successRate,rank_Offense_standardDowns_explosiveness,rank_Offense_passingDowns_rate,rank_Offense_passingDowns_ppa,rank_Offense_passingDowns_successRate,rank_Offense_passingDowns_explosiveness,rank_Offense_rushingPlays_rate,rank_Offense_rushingPlays_ppa,rank_Offense_rushingPlays_totalPPA,rank_Offense_rushingPlays_successRate,rank_Offense_rushingPlays_explosiveness,rank_Offense_passingPlays_rate,rank_Offense_passingPlays_ppa,rank_Offense_passingPlays_totalPPA,rank_Offense_passingPlays_successRate,rank_Offense_passingPlays_explosiveness,rank_defense_plays,rank_defense_drives,rank_defense_ppa,rank_defense_totalPPA,rank_defense_successRate,rank_defense_explosiveness,rank_defense_powerSuccess,rank_defense_lineYards,rank_defense_lineYardsTotal,rank_defense_secondLevelYards,rank_defense_secondLevelYardsTotal,rank_defense_openFieldYards,rank_defense_openFieldYardsTotal,rank_defense_totalOpportunies,rank_defense_pointsPerOpportunity,rank_defense_stuffRate,rank_defense_fieldPosition_averageStart,rank_defense_fieldPosition_averagePredictedPoints,rank_defense_havoc_total,rank_defense_havoc_frontSeven,rank_defense_havoc_db,rank_defense_standardDowns_rate,rank_defense_standardDowns_ppa,rank_defense_standardDowns_successRate,rank_defense_standardDowns_explosiveness,rank_defense_passingDowns_rate,rank_defense_passingDowns_ppa,rank_defense_passingDowns_totalPPA,rank_defense_passingDowns_successRate,rank_defense_passingDowns_explosiveness,rank_defense_rushingPlays_rate,rank_defense_rushingPlays_ppa,rank_defense_rushingPlays_totalPPA,rank_defense_rushingPlays_successRate,rank_defense_rushingPlays_explosiveness,rank_defense_passingPlays_rate,rank_defense_passingPlays_ppa,rank_defense_passingPlays_totalPPA,rank_defense_passingPlays_successRate,rank_defense_passingPlays_explosiveness,Nat_Bet365,Nat_BetMGM,Nat_Caesars,Nat_DraftKings,Nat_FanDuel,Nat_RiversCasino,Conf_Bet365,Conf_BetMGM,Conf_Caesars,Conf_DraftKings,Conf_FanDuel,Conf_RiversCasino,Win_BetMGM_Line,Win_BetMGM_Odds,Win_BetMGM_OverUnder,Win_BetMGM_TotalLine,Win_Caesars_Line,Win_Caesars_Odds,Win_Caesars_OverUnder,Win_Caesars_TotalLine,Win_DraftKings_Line,Win_DraftKings_Odds,Win_DraftKings_OverUnder,Win_DraftKings_TotalLine,Win_FanDuel_Line,Win_FanDuel_Odds,Win_FanDuel_OverUnder,Win_FanDuel_TotalLine,Win_RiversCasino_Line,Win_RiversCasino_Odds,Win_RiversCasino_OverUnder,Win_RiversCasino_TotalLine,logo,Mascot,team_slug,TR_win_win_loss_record,TR_win_win_loss_record_W,TR_win_win_loss_record_L,TR_win_win_loss_record_T,TR_win_win_pct,TR_win_mov,TR_win_ats_plus_minus,TR_ats_ats_record,TR_ats_ats_record_W,TR_ats_ats_record_L,TR_ats_ats_record_T,TR_ats_cover_pct,TR_ats_mov,TR_ats_ats_plus_minus,TR_ou_over_record,TR_ou_over_record_W,TR_ou_over_record_L,TR_ou_over_record_T,TR_ou_over_pct,TR_ou_under_pct,TR_ou_total_plus_minus,X2022_ATS_Percent,X2022_OU_Percent,Rank_2022_ATS_Percent,Rank_2022_OU_Percent
Ohio State,30.3,92,3.322,364,35.0330872,Ryan Day,Keenan Bailey / Arthur Smith,Matt Patricia / Tim Walton,1.0,2.0,4.0,10.5,6,4.5,0.89,0.74,10.5,10.5,19.0,27.62390671,68.6,107,73.0,47.0,8.03,10.34,10.38,5.0,12.0,Ohio State,Ohio St.,Ohio State,Ohio St.,Ohio State,Ohio State Buckeyes,Ohio State,364,2026,Big Ten,346,56,0.3602095,124.632487,0.51734104,1.32294253,0.79310345,0.17142857,3.14057143,550,1.02857143,180,0.85142857,149,33,4.90909091,68.1,1.549,0.118,0.072,0.046,0.75144509,0.34862989,0.56923077,1.15904759,0.24855491,0.39521764,0.36046512,2.10540865,0.50578035,0.1192954,20.8766941,0.45714286,0.92587257,0.47687861,0.68059097,112.29751,0.59393939,1.65455372,323,57,-0.081826,-26.429804,0.3622291,1.19033559,0.7,0.20138889,2.64930556,382,1.10416667,159,0.59722222,0,21,3,75.4,-0.98,0.201,0.102,0.099,0.63467492,-0.204334,0.4097561,0.8820022,0.36532508,0.13100561,-13.447254,0.27966102,1.97518421,0.44582043,-0.0731325,-10.531081,0.42361111,0.92484485,0.52631579,-0.0791015,16,0.31176471,1.4932152,,Ohio State,5,6,10,25,35,68,64,51,91,72,104,92,45,13,28,26,28,31,47,13,5,10,12,126,43,34,50,74,69,69,60,79,60,2,2,2,43,80,70,17,17,36,54,63,61,40,38,100,68,28,1,22,40,12,10,20,65,6,117,7,32,27,22,56,13,65,65,25,34,32,90,69,115,16,13,7,38.0,72.5,5.0,6.0,10.0,25.0,35.5,64.0,51.5,91.0,72.0,104.5,94.0,48.0,13.0,68.0,28.0,26.0,28.5,32.0,49.0,13.0,5.0,10.0,12.0,13.0,43.0,34.5,50.0,74.0,69.0,69.0,60.0,79.0,60.0,2.0,2.0,2.0,43.0,81.0,75.5,17.0,17.0,36.0,54.0,64.0,40.0,38.5,100.0,68.5,28.0,69.5,25.0,44.0,61.0,12.5,129.0,20.5,65.0,6.5,22.0,7.0,32.0,27.0,22.0,56.0,13.0,65.0,65.0,25.0,34.0,32.0,90.5,69.0,115.0,16.0,16.0,7.0,58.0,175,+450,+425,+550,+420,+450,-120,-115,-120,+170,-115,-121,9.5,-235,Over,o9.5,,,,,,,,,9.5,-245,Over,o9.5,9.5,-250,Over,o9.5,http://a.espncdn.com/i/teamlogos/ncaa/500/194.png,Buckeyes,ohio-state-buckeyes,4-1-0,4,1,0,0.8,29.6,1.7,4-1-0,4,1,0,0.8,29.6,1.7,3-2-0,3,2,0,0.6,0.4,1.9,0.909,0.333,2,123.5
Georgia,31.7,91.5,2.32,289,32.1561466,Kirby Smart,Mike Bobo,Glenn Schumann / Travaris Robinson,2.0,1.0,95.0,7.5,2.5,5,0.75,0.83,20.5,42.0,8.0,29.77152318,60.4,123,115.0,118.5,7.71,10.71,11.37,3.0,1.0,Georgia,Georgia,Georgia,Georgia,Georgia,Georgia Bulldogs,Georgia,289,2026,SEC,311,62,0.43563847,135.483566,0.54340836,1.26597865,0.83333333,0.11949686,3.59559748,572,1.32704403,211,2.38993711,380,35,5.74285714,66.2,1.655,0.103,0.061,0.042,0.76527331,0.43871141,0.60084034,1.10934442,0.23472669,0.42561985,0.35616438,2.12746691,0.51125402,0.29750287,47.3029569,0.52201258,0.98784592,0.45337621,0.60104205,84.7469289,0.56737589,1.53258565,316,62,-0.0959573,-30.322493,0.33227848,1.1855325,0.61538462,0.20863309,2.18848921,304,0.51798561,72,0.73381295,0,19,2.89473684,72.2,-1.155,0.187,0.123,0.063,0.61075949,-0.1785195,0.41968912,0.82876142,0.38924051,0.03359169,17.4422174,0.19512195,2.38963489,0.43987342,-0.3500456,-48.656343,0.28057554,0.57798113,0.5443038,0.10140824,56,0.37209302,1.56441278,,Georgia,2,3,3,55,15,12,12,41,22,41,6,10,23,1,11,13,14,19,33,6,2,4,30,133,34,42,47,65,8,18,10,62,83,4,6,5,74,69,108,13,13,13,51,27,50,9,16,2,3,36,1,13,33,61,48,27,28,58,129,12,39,12,10,29,60,7,130,21,1,1,5,6,122,56,60,44,88.0,18.5,2.0,3.0,3.0,55.0,16.0,12.0,41.0,22.0,41.5,6.0,10.0,29.0,1.0,12.0,11.0,13.0,14.0,19.5,35.0,6.0,2.0,4.0,30.0,6.0,34.0,42.0,47.0,65.0,8.0,18.0,10.0,62.0,83.0,4.0,6.0,5.0,74.0,69.0,114.0,13.0,13.0,13.0,51.0,27.0,9.0,16.0,2.0,4.0,36.0,69.5,15.5,33.0,50.0,62.0,91.0,27.5,28.0,59.5,10.0,12.0,39.0,12.0,10.0,29.0,60.0,7.0,130.0,21.0,1.0,1.0,5.0,6.0,122.0,56.0,56.0,44.0,84.0,1000,+550,+500,+720,+500,+500,+160,+165,+145,+250,+195,+180,10.5,-145,Over,o10.5,,,,,10.5,130,Over,o10.5,10.5,-142,Over,o10.5,10.5,-143,Over,o10.5,http://a.espncdn.com/i/teamlogos/ncaa/500/61.png,Bulldogs,georgia-bulldogs,5-0-0,5,0,0,1,38,7.7,4-1-0,4,1,0,0.8,38,7.7,5-0-0,5,0,0,1,0,12.9,0.417,0.417,94,99.5
Texas,22.7,91,2.572,311,26.98145766,Steve Sarkisian,Kyle Flood / Steve Sarkisian,Will Muschamp / Johnny Nansen,3.0,8.0,60.0,10.5,6,4.5,0.92,0.75,10.5,10.5,19.0,26.53846154,71.5,31,49.0,20.5,7.31,9.83,8.87,11.0,26.0,Texas,Texas,Texas,Texas,Texas,Texas Longhorns,Texas,311,2026,SEC,290,44,0.11041319,32.0198237,0.45517241,1.143306,0.75,0.18300654,2.81764706,431,1.16993464,179,0.58169935,89,28,4.25,67.9,1.604,0.171,0.13,0.041,0.67586207,0.03841698,0.5,0.91956419,0.32413793,0.26053293,0.36170213,1.78820887,0.52758621,0.04674793,7.15243404,0.45751634,0.79035909,0.45517241,0.27953443,36.8985451,0.46212121,1.56210482,260,46,-0.0556422,-14.466984,0.35,1.0937902,0.73333333,0.1984127,2.55396825,322,0.93650794,118,0.88888889,0,21,2.19047619,72.7,-1.184,0.206,0.141,0.065,0.68846154,-0.135993,0.39664804,0.85186083,0.31153846,0.12192307,-4.2183078,0.24691358,1.95263945,0.48461538,-0.0741986,-9.3490205,0.36507937,0.79135028,0.48846154,-0.033215,21,0.33070866,1.43208208,,Texas,83,86,50,113,60,83,107,102,54,73,121,121,80,51,25,19,116,130,32,101,96,59,115,38,69,33,114,53,99,97,59,118,80,57,60,48,63,14,13,25,30,26,22,78,63,27,22,54,27,54,1,22,7,53,55,16,15,52,49,21,22,21,90,52,21,39,59,59,33,35,36,24,83,21,21,16,107.5,131.0,83.0,86.0,50.0,113.0,66.0,107.0,102.0,54.0,73.0,121.0,121.0,88.0,51.5,83.0,26.0,19.0,116.0,130.0,32.0,101.0,96.0,59.5,115.0,101.0,69.0,33.0,114.0,53.0,99.0,97.0,59.0,118.0,80.0,57.0,60.0,48.0,63.0,14.5,14.5,25.0,30.0,26.0,22.0,79.0,27.0,22.0,54.0,28.0,54.0,69.5,25.0,7.0,63.0,55.0,84.0,16.0,15.0,53.5,90.0,21.0,22.0,21.0,90.0,52.0,21.0,39.0,59.0,59.0,33.0,35.0,36.0,24.0,83.0,21.0,21.0,16.0,33.0,40000,+600,+600,+650,+650,+725,+260,+250,+280,+300,+260,+260,10.5,120,Over,o10.5,,,,,,,,,10.5,114,Over,o10.5,10.5,105,Over,o10.5,http://a.espncdn.com/i/teamlogos/ncaa/500/251.png,Longhorns,texas-longhorns,4-0-0,4,0,0,1,20,3.5,1-3-0,1,3,0,0.25,20,3.5,1-3-0,1,3,0,0.25,0.75,-9.75,0.364,0.417,111,99.5
Notre Dame,27.8,89,3.732,259,28.89333638,Marcus Freeman,Mike Denbrock,Chris Ash / Aaron Henry,4.0,4.0,1.0,5,0,5,0.65,0.91,33.0,68.5,8.0,30.04307692,65,135,120.0,86.5,0,11.24,11.2,1.0,2.0,Notre Dame,Notre Dame,Notre Dame,Notre Dame,Notre Dame,Notre Dame Fighting Irish,Notre Dame,259,2026,FBS Independents,336,51,0.31925759,107.270551,0.52380952,1.08955946,0.77777778,0.13736264,3.19725275,582,0.85714286,156,0.59340659,108,35,5.22857143,69.8,1.431,0.125,0.045,0.08,0.78571429,0.36981564,0.60606061,1.00699536,0.21428571,0.13387809,0.22222222,1.91520051,0.54166667,0.16550832,30.1225134,0.5,0.78742105,0.42559524,0.52817295,75.5287323,0.55944056,1.45158423,276,51,-0.0655417,-18.0895,0.34782609,1.20171445,0.73333333,0.23134328,2.45223881,329,0.62686567,84,0.20149254,0,20,2.35,73.2,-1.136,0.283,0.167,0.116,0.64130435,-0.1615318,0.38983051,0.88812825,0.35869565,0.10607701,7.63233271,0.27272727,2.0031014,0.48550725,-0.1885263,-25.262529,0.29104478,0.86151202,0.48913043,0.0565358,44,0.4,1.42327008,,Notre Dame,16,13,6,128,46,30,56,36,125,96,120,118,23,6,55,49,33,5,127,2,4,3,82,137,96,126,91,41,52,48,16,119,102,7,15,8,103,24,31,22,21,25,64,78,26,22,24,7,8,1,1,19,12,46,41,1,5,2,109,17,18,29,30,47,42,59,72,60,10,12,9,49,85,44,42,67,53.0,102.0,16.0,13.0,6.0,128.0,48.0,56.0,36.0,125.0,96.5,120.0,118.0,29.0,6.0,30.0,56.5,49.0,33.0,5.0,127.0,2.0,4.0,3.0,82.0,2.0,96.0,126.0,91.0,41.0,52.0,48.0,17.0,119.0,102.0,7.0,15.0,8.0,103.0,24.5,34.5,22.0,21.0,25.0,64.0,79.0,22.0,24.0,7.0,8.0,1.0,69.5,20.0,12.0,26.0,46.5,98.0,1.0,5.0,2.0,30.0,17.0,18.0,29.0,30.0,47.0,42.0,59.0,72.0,60.0,10.0,12.0,9.0,49.0,85.0,44.0,44.0,67.5,32.0,900,+600,+575,+610,+550,+575,,,,,,,11.5,140,Over,o11.5,,,,,,,,,11.5,106,Over,o11.5,11.5,132,Over,o11.5,http://a.espncdn.com/i/teamlogos/ncaa/500/87.png,Fighting Irish,notre-dame-fighting-irish,5-0-0,5,0,0,1,29.4,0.9,3-2-0,3,2,0,0.6,29.4,0.9,3-2-0,3,2,0,0.6,0.4,2.1,0.5,0.583,65.5,34.5
Indiana,29.3,88,2.832,306,32.19758468,Curt Cignetti,Mike Shanahan,Bryant Haines,5.0,3.0,27.0,7,4.5,2.5,0.84,0.66,23.5,24.0,33.5,29.69131833,62.2,92,114.0,108.5,7.67,10.67,10.91,4.0,5.0,Indiana,Indiana,Indiana,Indiana,Indiana,Indiana Hoosiers,Indiana,306,2026,Big Ten,316,54,0.44461901,140.499606,0.51898734,1.37132927,0.72413793,0.12105263,3.59578947,683,1.40526316,267,2.39473684,455,38,5.26315789,67.6,1.614,0.101,0.076,0.025,0.75316456,0.40437899,0.56302521,1.18375611,0.24683544,0.56740265,0.38461538,2.20915606,0.60126582,0.29076933,55.246173,0.48421053,1.05400694,0.37658228,0.6694544,79.6650734,0.57142857,1.78542829,294,55,-0.0919166,-27.023467,0.29591837,1.46722129,0.42105263,0.25531915,2.16099291,305,0.70921986,100,0.63120567,0,15,3.13333333,75,-0.99,0.194,0.163,0.031,0.61904762,-0.2360612,0.32967033,1.16478326,0.38095238,0.14231842,2.0903412,0.24107143,2.1393058,0.47959184,-0.1592477,-22.453919,0.26241135,1.11031854,0.4829932,0.01472071,30,0.35211268,1.73132932,,Indiana,1,2,7,16,81,14,11,15,7,9,5,2,11,5,22,18,12,39,5,12,3,12,7,127,9,17,32,12,10,8,36,33,124,3,10,4,15,40,56,15,16,3,135,4,12,8,17,15,16,29,1,3,51,17,11,23,6,135,124,4,1,126,15,63,30,31,102,55,13,15,2,115,79,30,30,31,83.5,82.0,1.0,2.0,7.0,16.0,81.0,11.0,15.0,7.0,9.0,5.0,2.0,11.5,5.0,14.0,22.5,18.0,12.5,40.0,5.5,12.0,3.0,12.0,7.0,12.0,9.0,17.0,32.0,12.0,10.0,8.0,36.0,33.0,124.0,3.0,10.0,4.0,15.0,40.0,58.5,15.0,16.0,3.0,135.0,4.0,8.0,17.5,15.0,16.0,29.0,69.5,4.0,51.0,12.0,17.0,128.0,23.5,6.5,135.0,15.0,4.0,1.0,126.0,15.0,63.0,30.0,31.0,102.0,55.0,13.0,15.0,2.0,115.0,79.0,30.0,30.0,31.0,113.0,500,+1000,+1000,+950,+900,+1000,+250,+300,+250,+255,+240,+265,10.5,-130,Over,o10.5,,,,,,,,,10.5,-136,Over,o10.5,10.5,-139,Over,o10.5,http://a.espncdn.com/i/teamlogos/ncaa/500/84.png,Hoosiers,indiana-hoosiers,5-0-0,5,0,0,1,33.4,-3.8,1-4-0,1,4,0,0.2,33.4,-3.8,3-2-0,3,2,0,0.6,0.4,-2.7,0.583,0.583,44.5,34.5
Miami,27.2,87.5,2.438,374,37.54517377,Mario Cristobal,Shannon Dawson,Corey Hetherman,6.0,5.0,81.5,3,2.5,0.5,0.75,0.58,44.0,42.0,61.0,28.65976331,67.6,67,101.0,56.5,8.62,10.98,11.07,2.0,3.0,Miami (FL),Miami,Miami,Miami (FL),Miami (FL),Miami Hurricanes,Miami FL,374,2026,ACC,343,58,0.4240534,145.450317,0.56268222,1.2604765,0.78947368,0.10982659,3.90520231,676,1.4566474,252,2.0867052,361,41,4.80487805,70.8,1.39,0.082,0.047,0.035,0.77842566,0.46956605,0.61797753,1.20372561,0.22157434,0.26416029,0.36842105,1.59490135,0.50437318,0.15234163,26.355102,0.52023121,0.93708124,0.46355685,0.74483073,118.428087,0.62264151,1.49952353,303,56,-0.0559408,-16.950073,0.34323432,1.19310116,0.58333333,0.24489796,2.2877551,224,0.60204082,59,0.31632653,0,20,2.15,75.7,-0.931,0.158,0.106,0.053,0.64356436,-0.0886784,0.38974359,0.96764493,0.35643564,0.00316873,4.01308626,0.25925926,1.80505379,0.32343234,-0.1476397,-14.468692,0.2755102,0.82213901,0.65676568,0.02016626,32,0.38190955,1.32753171,,Miami,3,1,2,58,39,7,2,16,4,14,12,13,3,18,68,57,3,6,15,4,1,1,5,135,66,25,131,76,59,54,12,75,70,1,1,1,89,49,62,24,24,19,56,18,19,13,2,5,2,9,1,19,6,9,7,74,54,90,107,38,17,59,32,21,36,49,29,1,17,24,3,33,138,32,36,52,42.0,57.0,3.0,1.0,2.0,58.0,41.0,2.0,16.0,4.0,14.0,12.0,13.0,4.0,18.0,7.0,69.0,57.5,3.0,6.0,15.5,4.0,1.0,1.0,5.0,4.0,66.0,25.5,131.0,76.0,59.0,54.0,12.0,75.0,70.0,1.0,1.0,1.0,89.0,50.5,65.5,24.0,24.0,19.0,56.0,19.0,13.0,2.5,5.0,2.0,9.0,69.5,20.0,6.0,19.0,9.5,132.0,74.5,56.0,91.5,32.0,38.0,17.0,59.0,32.0,21.0,36.0,49.0,29.0,1.0,17.0,24.0,3.0,33.0,138.0,32.0,32.0,52.0,14.0,7500,+750,+700,+900,+800,+750,-450,-400,-500,-182,-390,-400,11.5,230,Over,o11.5,,,,,,,,,11.5,240,Over,o11.5,10.5,-315,Over,o10.5,http://a.espncdn.com/i/teamlogos/ncaa/500/2390.png,Hurricanes,miami-hurricanes,5-0-0,5,0,0,1,39.8,8,4-1-0,4,1,0,0.8,39.8,8,4-1-0,4,1,0,0.8,0.2,5.5,0.583,0.417,44.5,99.5
Oregon,21.5,87,2.706,505,35.47384564,Dan Lanning,Drew Mehringer,Chris Hampton,7.0,10.0,45.0,11,6,5,0.89,0.83,4.5,10.5,8.0,25.89084507,71,14,40.0,27.5,7.27,10.16,9.08,8.0,19.0,Oregon,Oregon,Oregon,Oregon,Oregon,Oregon Ducks,Oregon,505,2026,Big Ten,289,49,0.32829738,94.8779414,0.47750865,1.41443419,0.80952381,0.1221374,3.35954198,440,1.04580153,137,0.87022901,114,35,5.02857143,68.2,1.516,0.107,0.069,0.038,0.70588235,0.26273306,0.51470588,1.23594287,0.29411765,0.48565174,0.38823529,1.98236114,0.4532872,0.2252674,29.5100288,0.47328244,1.00065818,0.52595156,0.41432368,62.9771997,0.48026316,1.7774162,268,51,-0.0033033,-0.8852835,0.37313433,1.23913641,0.75,0.18487395,2.68487395,320,0.68907563,82,0.90756303,0,24,3.33333333,72.1,-1.248,0.157,0.049,0.108,0.68283582,-0.0518187,0.40983607,0.99181991,0.31716418,0.10114752,5.0165773,0.29411765,1.98108592,0.44402985,0.04105228,4.88522081,0.37815126,0.90094185,0.52238806,0.03583269,38,0.37857143,1.53973384,,Oregon,11,20,36,10,28,15,32,97,86,113,101,116,23,8,29,31,15,23,23,52,14,45,3,87,22,14,76,113,27,49,41,55,19,27,28,33,17,17,31,48,48,48,75,86,80,49,21,11,7,59,1,39,69,64,63,76,138,5,56,47,33,72,83,46,37,78,67,24,66,62,47,63,111,38,37,47,110.0,112.0,11.0,20.0,36.0,10.0,29.5,32.0,97.0,86.0,114.0,101.0,116.0,29.0,8.0,15.0,29.0,31.0,15.5,23.5,23.5,52.0,14.0,45.0,3.0,52.0,22.0,14.0,76.0,113.0,27.0,49.0,41.5,55.0,19.0,27.0,28.0,33.0,17.0,17.5,34.5,48.0,48.0,48.0,75.0,90.5,49.0,21.0,11.0,7.0,59.0,69.5,43.5,69.0,80.0,65.5,75.5,77.5,138.0,5.0,83.0,47.0,33.0,72.0,83.0,46.0,37.0,78.0,67.0,24.0,66.0,62.0,47.0,63.0,111.0,38.0,38.0,47.0,73.0,1100,+2200,+2000,+950,+2000,+1800,+450,+450,+450,+280,+490,+475,9.5,130,Over,o9.5,,,,,,,,,9.5,122,Over,o9.5,9.5,120,Over,o9.5,http://a.espncdn.com/i/teamlogos/ncaa/500/2483.png,Ducks,oregon-ducks,3-1-0,3,1,0,0.75,24.25,-3.75,2-2-0,2,2,0,0.5,24.25,-3.75,4-0-0,4,0,0,1,0,10.25,0.667,0.5,23,67
Alabama,26.7,86.5,3.272,328,30.16721997,Kalen DeBoer,Ryan Grubb,Kane Wommack,8.0,6.0,6.0,-2,-4,2,0.4,0.65,91.5,118.0,39.0,30.7804878,65.6,133,126.0,77.5,6.59,9.48,10.16,13.0,14.0,Alabama,Alabama,Alabama,Alabama,Alabama,Alabama Crimson Tide,Alabama,328,2026,SEC,329,58,0.35188771,115.771058,0.51367781,1.30787832,0.78947368,0.17777778,3.19444444,575,1.25555556,226,1.45555556,262,35,5.68571429,66.5,1.642,0.149,0.1,0.049,0.73860182,0.27979314,0.55967078,1.06430493,0.26139818,0.55559679,0.38372093,2.31169593,0.54711246,0.24295041,43.7310735,0.52777778,1.0300337,0.43768997,0.5209315,75.0141359,0.5,1.69374114,320,62,-0.1127447,-36.07829,0.34375,1.36558354,0.57142857,0.26027397,2.03493151,297,0.71917808,105,0.7260274,0,21,3.9047619,74.1,-1.02,0.2,0.119,0.081,0.646875,-0.1638062,0.39613527,1.08633344,0.353125,-0.0192071,2.61686215,0.24778761,2.18338739,0.45625,-0.2348362,-34.286088,0.29452055,0.86834246,0.509375,0.01605437,31,0.3803681,1.73742277,,Alabama,6,10,11,36,39,78,57,38,36,27,50,42,23,2,12,15,76,94,59,20,10,13,50,119,10,18,17,37,22,22,9,42,94,8,16,25,31,72,108,9,7,20,116,13,9,4,14,16,18,35,1,22,106,25,18,22,32,18,105,16,20,112,34,19,31,41,108,32,3,3,10,52,100,31,31,50,66.0,57.0,6.0,10.0,11.0,36.0,41.0,57.0,38.5,36.0,27.5,50.0,42.0,29.0,2.0,78.0,12.0,15.0,77.5,95.0,60.0,20.0,10.0,13.0,50.0,20.0,10.0,18.0,17.0,37.0,22.0,22.0,9.0,42.0,94.0,8.0,16.0,25.5,31.0,73.5,114.0,9.0,7.0,20.0,116.0,13.5,4.0,14.0,16.0,18.0,35.0,69.5,25.0,106.0,9.0,26.5,121.0,22.0,32.5,19.0,34.0,16.0,20.0,112.0,34.0,19.0,31.0,41.0,108.0,32.0,3.0,3.0,10.0,52.0,100.0,31.0,31.0,50.0,116.0,1400,+1100,+1000,+2500,+900,+1100,+350,+275,+350,+850,+290,+350,9.5,-185,Over,o9.5,,,,,,,,,10.5,-100,Over,o10.5,9.5,-200,Over,o9.5,http://a.espncdn.com/i/teamlogos/ncaa/500/333.png,Crimson Tide,alabama-crimson-tide,5-0-0,5,0,0,1,28.8,14.1,4-1-0,4,1,0,0.8,28.8,14.1,5-0-0,5,0,0,1,0,16.9,0.727,0.417,11,99.5
LSU,24.4,86,2.596,348,38.33240267,Lane Kiffin,Charlie Weis Jr.,Blake Baker,9.0,7.0,55.0,10.5,6,4.5,0.94,0.75,10.5,10.5,19.0,24.31325301,83,33,14.0,1.0,6.62,9.62,10.19,12.0,13.0,LSU,LSU,LSU,LSU¬†,LSU,LSU Tigers,LSU,348,2026,SEC,420,64,0.28097358,118.008905,0.5047619,1.23814989,0.72972973,0.13973799,3.20262009,733,1.23144105,282,1.31441048,301,43,4.41860465,66,1.678,0.157,0.081,0.076,0.73571429,0.25388265,0.55016181,1.03434675,0.26428571,0.35638888,0.37837838,2.06306733,0.5452381,0.2221113,50.8634888,0.49781659,0.93928449,0.43571429,0.37721525,69.0303914,0.50273224,1.64314854,289,66,-0.1606056,-46.415033,0.29411765,1.21617139,0.72727273,0.2519685,2.08661417,265,0.77952756,99,0.76377953,0,14,3.85714286,74,-1.062,0.242,0.156,0.087,0.61245675,-0.1449761,0.33898305,0.98166402,0.38754325,-0.1853059,-28.172006,0.22321429,1.7789891,0.43944637,-0.1298156,-16.486586,0.30708661,0.86187967,0.53287197,-0.1829351,3,0.28571429,1.51638317,,LSU,25,9,15,71,79,34,54,7,39,3,61,25,1,36,9,10,93,48,119,21,16,20,68,118,51,20,61,38,28,12,19,74,96,32,22,24,47,36,137,4,3,2,67,75,14,6,8,24,15,42,1,1,103,29,23,5,9,12,128,19,4,68,11,4,3,17,24,20,19,22,13,50,118,3,3,2,2.0,8.5,25.0,9.0,15.0,71.0,79.0,54.0,7.0,39.0,3.0,61.0,25.0,1.5,36.0,34.0,9.0,10.0,94.0,48.5,120.0,21.0,16.0,20.0,68.0,21.0,51.0,20.0,61.0,38.0,28.0,12.0,19.0,74.0,96.0,32.0,22.0,24.0,47.0,36.0,137.5,4.0,3.0,2.0,67.0,76.0,6.0,8.0,24.0,15.0,42.0,69.5,1.5,103.5,14.0,31.0,116.0,5.0,9.0,12.5,11.0,19.0,4.0,68.0,11.0,4.0,3.0,17.0,24.0,20.0,19.0,22.0,13.0,50.0,118.0,3.0,3.0,2.0,65.0,,+1600,+1300,+1100,+1900,+1500,+800,+900,+800,+600,+1000,+850,9.5,155,Over,o9.5,,,,,,,,,8.5,-158,Over,o8.5,9.5,155,Over,o9.5,http://a.espncdn.com/i/teamlogos/ncaa/500/99.png,Tigers,louisiana-state-tigers,4-1-0,4,1,0,0.8,28.4,6.3,2-3-0,2,3,0,0.4,28.4,6.3,3-2-0,3,2,0,0.6,0.4,3.5,0.333,0.25,121,132
Florida,14.1,82,2.314,371,32.21567536,Jon Sumrall,Buster Faulkner,Brad White,10.0,20.5,96.0,10.5,5.5,5,0.87,0.79,10.5,22.0,8.0,28.62608696,69,102,98.5,43.0,5.33,8.03,6.9,30.0,63.0,Florida,Florida,Florida,Florida,Florida,Florida Gators,Florida,371,2026,SEC,350,57,0.34520062,120.820216,0.48571429,1.30683884,0.85714286,0.15897436,3.04,593,1.06153846,207,1.93333333,377,34,5.35294118,68.9,1.52,0.114,0.074,0.04,0.72285714,0.33052459,0.55335968,1.10032876,0.27714286,0.38347932,0.30927835,2.27055253,0.55714286,0.25541861,49.8066288,0.45641026,1.11340026,0.42285714,0.5176299,76.609225,0.53378378,1.54626971,357,62,0.04648264,16.5943029,0.41456583,1.23575854,0.76190476,0.14482759,2.80344828,407,0.8137931,118,1.25517241,0,29,4.10344828,73.5,-1.077,0.193,0.112,0.081,0.70868347,-0.004167,0.45849802,1.02334024,0.29131653,0.16969775,42.6714379,0.30769231,2.00577487,0.40616246,0.00281979,0.40886991,0.37241379,1.05572451,0.55742297,0.21442934,93,0.45728643,1.36656124,,Florida,8,8,31,37,7,54,76,35,82,49,17,11,36,4,35,30,20,34,29,35,6,16,34,104,46,74,24,32,16,14,61,17,103,9,12,12,70,117,108,66,66,88,73,97,122,65,47,29,27,92,1,85,115,41,25,25,42,18,28,65,75,86,111,73,113,96,73,7,46,45,43,105,129,93,113,113,32.5,66.5,8.0,8.0,31.0,37.0,7.0,76.0,35.0,82.0,49.5,17.0,11.0,40.0,4.0,54.0,35.5,30.0,20.5,34.5,30.0,35.0,6.0,16.0,34.0,35.0,46.0,74.0,24.0,32.0,16.0,14.0,61.0,17.0,103.0,9.0,12.0,12.0,70.0,118.0,114.0,66.0,66.0,88.5,73.0,98.0,65.0,47.5,29.0,28.0,92.0,69.5,89.5,115.0,122.0,42.0,114.0,25.0,42.0,19.0,111.0,65.0,75.0,86.0,111.0,73.0,113.0,96.0,73.0,7.0,46.0,45.0,43.0,105.0,129.0,93.0,93.0,113.0,21.0,,+3500,+3500,+7000,+3500,+3000,+1600,+2000,+1600,+2700,+2200,+2100,8.5,105,Over,o8.5,,,,,,,,,8.5,116,Over,o8.5,8.5,100,Over,o8.5,http://a.espncdn.com/i/teamlogos/ncaa/500/57.png,Gators,florida-gators,4-1-0,4,1,0,0.8,19,1.1,3-2-0,3,2,0,0.6,19,1.1,4-1-0,4,1,0,0.8,0.2,14.1,0.417,0.417,94,99.5
Ole Miss,11,81,2.562,519,31.75275111,Pete Golding,John David Baker,Pete Golding,11.0,36.0,64.0,4,-1,5,0.57,0.92,37.0,84.0,8.0,23.23703704,67.5,111,6.0,58.0,4.77,7.44,5.67,39.5,86.0,Mississippi,Ole Miss,Ole Miss,Mississippi,Ole Miss,Ole Miss Rebels,Ole Miss,519,2026,SEC,276,45,0.25167168,69.4613841,0.51811594,1.16221573,0.76,0.1754386,2.93508772,335,1.07894737,123,0.57894737,66,28,4.75,72.7,1.164,0.127,0.072,0.054,0.74637681,0.18194335,0.56796117,0.9450506,0.25362319,0.45687221,0.37142857,2.13945878,0.41304348,0.15378806,17.5318384,0.51754386,0.89417445,0.55072464,0.43530348,66.1661285,0.52631579,1.39972887,276,45,0.22450047,61.9621295,0.47101449,1.14453323,0.81818182,0.2173913,2.9,467,0.97515528,157,1.36645963,0,27,4,68,-1.543,0.13,0.087,0.043,0.7173913,0.21926362,0.54040404,0.93735132,0.2826087,0.237794,33.5103799,0.29487179,2.10837952,0.58333333,0.17668366,28.4460694,0.47826087,0.95247804,0.40217391,0.30189531,114,0.45045045,1.4796702,,Ole Miss,33,49,9,101,58,72,96,130,77,125,122,133,80,20,99,113,36,31,69,14,42,11,110,125,25,22,44,130,58,75,13,87,14,20,25,14,115,24,9,126,121,127,34,116,38,75,76,72,66,102,1,66,109,125,124,112,90,115,19,130,134,44,120,90,97,79,91,130,119,119,124,79,15,114,97,108,119.5,128.0,33.0,49.0,9.0,101.0,58.5,96.0,130.0,77.0,125.0,122.0,133.0,88.0,20.0,72.5,100.5,113.0,36.0,32.0,69.5,14.0,42.0,11.0,110.0,14.0,25.0,22.0,44.0,130.0,58.0,75.0,13.0,87.0,14.0,20.0,25.0,14.0,115.0,24.5,10.5,126.0,121.0,127.0,34.0,116.5,75.0,77.0,72.0,66.5,102.0,69.5,70.0,109.0,38.0,125.5,14.0,112.5,91.5,115.0,120.0,130.0,134.0,44.0,120.0,90.0,97.0,79.5,91.0,130.0,119.0,119.0,124.5,79.0,15.0,114.0,114.0,108.0,53.0,2000,+3500,+2500,+2700,+3000,+2500,+1400,+2000,+1800,+1300,+1600,+1600,8.5,115,Over,o8.5,,,,,,,,,8.5,122,Over,o8.5,8.5,115,Over,o8.5,http://a.espncdn.com/i/teamlogos/ncaa/500/145.png,Rebels,mississippi-rebels,3-1-0,3,1,0,0.75,4.75,-6.125,1-3-0,1,3,0,0.25,4.75,-6.125,2-2-0,2,2,0,0.5,0.5,8.25,0.583,0.5,44.5,67
Oklahoma,12.8,80,2.616,345,21.43960216,Brent Venables,Ben Arbuckle,Brent Venables / Todd Bates,13.0,23.0,53.0,8,6,2,0.98,0.65,18.0,10.5,39.0,28.80161943,61.75,134,103.0,112.0,4.5,7.1,6.05,50.0,76.0,Oklahoma,Oklahoma,Oklahoma,Oklahoma,Oklahoma,Oklahoma Sooners,Oklahoma,345,2026,SEC,255,47,-0.045229,-11.533405,0.39215686,1.11177207,0.46153846,0.22307692,2.60307692,338,0.8,104,0.93076923,121,18,3.38888889,72.4,1.264,0.157,0.118,0.039,0.69019608,-0.0984579,0.43181818,0.93427206,0.30980392,0.07335671,0.30379747,1.67385544,0.50980392,-0.2601833,-33.823834,0.36153846,0.54196238,0.45490196,0.29276458,33.9606912,0.43103448,1.71406014,227,48,-0.1821721,-41.353074,0.30396476,1.23531588,0.58333333,0.19379845,2.36356589,305,0.75968992,98,1.20930233,0,24,2.08333333,66.1,-1.617,0.216,0.145,0.07,0.66079295,-0.2255246,0.33333333,0.95839818,0.33920705,-0.0977193,-14.910375,0.24675325,1.96404667,0.56828194,-0.1044431,-13.47316,0.28682171,1.17098513,0.40528634,-0.1620693,5,0.33695652,1.32164188,,Oklahoma,128,125,111,121,136,124,126,129,131,133,95,113,137,98,93,88,93,123,25,81,130,122,111,58,112,79,125,68,138,137,126,138,81,53,66,76,28,4,21,1,4,4,72,18,72,19,17,22,14,87,1,39,4,137,136,12,13,40,83,5,2,54,56,11,10,38,61,120,25,28,8,126,17,5,10,22,132.0,120.5,128.0,125.0,111.0,121.0,136.0,126.0,129.0,131.0,133.0,95.0,113.0,137.5,98.0,124.5,95.0,88.0,94.0,123.0,26.5,81.0,130.0,122.0,111.0,81.0,112.0,79.0,125.0,68.0,138.0,137.0,126.0,138.0,81.0,53.0,66.0,76.0,28.0,4.0,22.5,1.0,4.0,4.0,72.0,19.0,19.0,17.5,22.0,14.0,87.0,69.5,43.5,4.0,72.0,137.0,3.0,12.5,13.0,41.5,56.0,5.0,2.5,54.0,56.0,11.0,10.0,38.0,61.0,120.0,25.0,28.0,8.0,126.0,17.0,5.0,5.0,22.0,12.0,2800,+25000,+20000,+2800,+8000,+12500,+7500,+6000,+7500,+950,+4000,+6000,5.5,-155,Over,o5.5,,,,,,,,,6.5,112,Over,o6.5,5.5,-180,Over,o5.5,http://a.espncdn.com/i/teamlogos/ncaa/500/201.png,Sooners,oklahoma-sooners,2-2-0,2,2,0,0.5,6,-8,1-3-0,1,3,0,0.25,6,-8,1-3-0,1,3,0,0.25,0.75,-8.25,0.546,0.167,54,135
Tennessee,18.3,80,2.218,307,29.99465834,Josh Heupel,Joey Halzle / Josh Heupel,Jim Knowles,13.0,13.5,101.0,4.5,-0.5,5,0.61,0.77,35.0,77.5,8.0,26.20857143,70,59,45.0,36.5,5.24,8.15,8.81,26.0,27.0,Tennessee,Tennessee,Tennessee,Tennessee,Tennessee,Tennessee Volunteers,Tennessee,307,2026,SEC,354,61,0.19822221,70.1706613,0.4519774,1.17350879,0.84615385,0.13333333,3.54666667,745,1.33333333,280,1.69047619,355,33,4.6969697,69.8,1.474,0.158,0.116,0.042,0.7259887,0.23310498,0.52140078,1.0491509,0.2740113,0.10580085,0.26804124,1.81443019,0.59322034,0.30378916,63.795724,0.48571429,1.05397567,0.38700565,0.08699845,11.9187877,0.40875912,1.35385335,323,61,-0.0927746,-29.966184,0.36532508,1.09705042,0.6875,0.18881119,3.12937063,448,1.32167832,189,1.25174825,0,28,2.25,73,-1.179,0.217,0.146,0.071,0.63157895,-0.1877278,0.41666667,0.83406815,0.36842105,0.07000246,-31.382408,0.27731092,1.77442897,0.44272446,0.09738384,13.9258895,0.37762238,1.14103188,0.52321981,-0.1856947,2,0.37869822,1.05994105,,Tennessee,53,47,54,96,9,24,15,6,21,4,26,14,45,21,55,41,96,120,33,28,22,41,59,111,101,106,110,16,7,4,34,34,120,108,106,90,121,80,100,14,15,39,24,57,77,106,68,128,113,91,1,75,9,49,53,11,12,36,120,10,38,14,19,39,2,63,23,23,95,91,46,124,113,2,2,48,26.5,27.0,53.0,47.0,54.0,96.0,9.5,15.0,6.0,21.0,4.0,26.0,14.0,48.0,21.0,24.5,56.5,41.0,97.0,121.0,35.0,28.0,22.0,41.0,59.0,28.0,101.0,106.0,110.0,16.0,7.0,4.0,34.0,34.0,120.0,108.0,106.0,90.0,121.0,81.0,103.5,14.0,15.0,39.0,24.0,58.0,106.0,68.0,128.0,113.0,91.0,69.5,79.5,9.0,77.0,49.0,85.5,11.0,12.0,37.5,19.0,10.0,38.0,14.0,19.0,39.0,2.0,63.0,23.0,23.0,95.0,91.0,46.0,124.0,113.0,2.0,2.0,48.0,1.0,100000,+8000,+7500,+6500,+7500,+6000,+3500,+3500,+4000,+1700,+3500,+3300,8.5,125,Over,o8.5,,,,,,,,,8.5,124,Over,o8.5,8.5,120,Over,o8.5,http://a.espncdn.com/i/teamlogos/ncaa/500/2633.png,Volunteers,tennessee-volunteers,4-1-0,4,1,0,0.8,21.6,1.9,3-2-0,3,2,0,0.6,21.6,1.9,1-4-0,1,4,0,0.2,0.8,-6.5,0.417,0.667,94,13
Utah,21.6,80,3.134,504,34.14225066,Morgan Scalley,Kevin McGiven,Colton Swan,13.0,9.0,12.0,2.5,1.5,1,0.72,0.6,49.5,53.0,55.5,27.82656827,67.75,94,75.0,55.0,7.24,10.23,10.47,7.0,10.0,Utah,Utah,Utah,Utah,Utah,Utah Utes,Utah,504,2026,Big 12,274,47,0.32828208,89.9492888,0.50729927,1.32131838,0.73913043,0.19463087,3.47919463,518,1.40268456,209,1.69798658,253,32,4.96875,65.5,1.751,0.128,0.088,0.04,0.75912409,0.27278758,0.53365385,1.15656159,0.24087591,0.50317382,0.42424242,1.97446137,0.54379562,0.28472795,42.4244647,0.48993289,1.1670912,0.44160584,0.39669626,48.0002479,0.52892562,1.51656608,270,46,-0.0735851,-19.867984,0.31851852,1.33655303,0.5,0.2037037,2.63240741,284,0.89814815,97,0.4537037,0,18,2.27777778,74.8,-1.018,0.204,0.085,0.119,0.56666667,-0.2851286,0.33986928,0.87547915,0.43333333,0.20304866,-12.899468,0.29059829,2.04172484,0.4,-0.0923567,-9.9745252,0.32407407,0.94415787,0.57407407,-0.0832224,14,0.30967742,1.60559208,,Utah,12,26,14,27,74,99,19,67,8,47,23,45,52,9,7,6,37,68,29,7,13,30,13,132,19,8,78,40,13,24,29,10,89,30,48,13,80,19,13,19,20,8,109,7,56,38,11,41,11,17,1,10,10,19,16,17,95,1,138,1,5,26,1,82,14,74,78,6,29,33,19,77,134,14,14,6,121.0,120.5,12.0,26.0,14.0,27.0,74.0,19.0,67.0,8.0,47.5,23.0,45.5,57.0,9.0,99.0,7.0,6.0,37.0,68.5,30.0,7.0,13.0,30.0,13.0,7.0,19.0,8.0,78.0,40.0,13.0,24.0,29.0,10.0,89.0,30.0,48.0,13.0,80.0,19.0,14.5,19.0,20.0,8.0,109.0,8.0,38.0,11.0,41.0,12.0,17.0,69.5,11.0,10.0,56.5,19.5,122.5,17.0,95.0,1.0,1.0,1.0,5.0,26.0,1.0,82.0,14.0,74.0,78.0,6.0,29.0,33.0,19.0,77.0,134.0,14.0,14.0,6.0,94.0,7500,+8000,+6000,+10000,+7000,+10000,+275,+275,+225,+245,+260,+225,10.5,105,Over,o10.5,,,,,,,,,10.5,110,Over,o10.5,10.5,105,Over,o10.5,http://a.espncdn.com/i/teamlogos/ncaa/500/254.png,Utes,utah-utes,4-0-0,4,0,0,1,33,11.875,4-0-0,4,0,0,1,33,11.875,2-2-0,2,2,0,0.5,0.5,-0.75,0.667,0.667,23,13
Texas Tech,20.7,79.5,3.342,312,29.49833742,Joey McGuire,Mack Leftwich,Shiel Wood / Rob Greene,15.0,11.0,3.0,11,6,5,0.94,0.86,4.5,10.5,8.0,25.26706231,67.4,34,24.0,59.5,7.24,10.12,10.69,9.0,8.0,Texas Tech,Texas Tech,Texas Tech,Texas Tech,Texas Tech,Texas Tech Red Raiders,Texas Tech,312,2026,Big 12,341,62,0.1784846,60.8632483,0.46627566,1.1489108,0.71428571,0.20441989,2.96132597,536,1.20441989,218,1.17679558,213,34,4.32352941,69.3,1.489,0.188,0.111,0.076,0.70967742,0.04177623,0.51239669,0.82494288,0.29032258,0.5126606,0.35353535,2.29668286,0.53079179,0.14184277,25.6735414,0.49171271,0.86955269,0.4340176,0.35606477,52.6975858,0.46621622,1.49301679,358,63,-0.0380662,-13.627683,0.36312849,1.29730862,0.625,0.20895522,2.77238806,372,0.95522388,128,0.40298507,0,26,2.34615385,74.9,-1.054,0.168,0.087,0.081,0.65363128,-0.0791467,0.38461538,1.01946347,0.34636872,0.03945683,11.3081351,0.32258065,1.92246019,0.37430168,-0.0893863,-11.977758,0.3358209,0.85097143,0.59776536,0.05284175,43,0.39719626,1.53360477,,Texas Tech,60,60,42,108,85,109,88,57,49,32,74,64,36,48,41,36,125,116,119,51,95,47,133,88,16,43,20,49,61,57,28,100,98,39,36,46,92,120,121,34,32,37,94,28,49,62,32,63,38,12,1,58,11,18,21,58,90,18,94,41,12,85,45,30,47,106,51,2,30,30,22,44,137,43,47,64,46.0,18.5,60.0,60.0,42.0,108.0,87.0,88.0,57.0,49.0,33.0,74.0,64.0,40.0,48.0,109.0,41.5,36.0,125.0,116.5,120.0,51.0,95.0,47.0,133.0,51.0,16.0,43.0,20.0,49.0,61.0,57.0,28.0,100.0,98.0,39.0,36.0,46.0,92.0,120.5,123.0,34.0,32.0,37.0,94.0,29.5,62.0,32.5,63.0,38.5,12.0,69.5,61.5,11.0,49.0,18.0,118.0,58.5,91.5,19.0,45.0,41.0,12.5,85.0,45.0,30.0,47.0,106.5,51.0,2.0,30.0,30.0,22.0,44.0,137.0,43.0,43.0,64.0,70.0,1200,+6600,+6500,+2200,+7500,+5000,+225,+200,+250,+240,+260,+225,10.5,100,Over,o10.5,,,,,10.5,-200,Over,o10.5,10.5,108,Over,o10.5,10.5,-106,Over,o10.5,http://a.espncdn.com/i/teamlogos/ncaa/500/2641.png,Red Raiders,texas-tech-red-raiders,5-0-0,5,0,0,1,18.6,-6.5,2-3-0,2,3,0,0.4,18.6,-6.5,3-2-0,3,2,0,0.6,0.4,-3.5,0.917,0.417,1,99.5
Texas A&M,10.8,78,1.96,526,23.98802005,Mike Elko,Holmon Wiggins,Lyle Hemphill / Mike Elko,16.0,38.5,117.0,8,3,5,0.77,0.85,18.0,34.0,8.0,28.77030812,71.4,74,102.0,23.5,4.16,6.93,6.2,54.5,73.0,Texas A&M,Texas A&M,Texas A&M,Texas A&M,Texas A&M,Texas A&M Aggies,Texas A&M,526,2026,SEC,369,58,0.07193851,26.5453112,0.43631436,1.07703213,0.82758621,0.16494845,3.1628866,614,1.1443299,222,1.01030928,196,32,4.46875,67.3,1.587,0.141,0.07,0.07,0.69647696,0.00483128,0.47081712,0.90799049,0.30352304,0.22592565,0.35714286,1.58838308,0.52574526,0.12478359,24.2080158,0.48453608,0.88076271,0.43902439,0.04842318,7.84455565,0.38271605,1.37356909,273,58,-0.0082928,-2.2639242,0.37728938,1.27313786,0.6875,0.1875,2.81597222,406,0.91666667,132,0.90277778,0,23,2.82608696,72.1,-1.208,0.183,0.117,0.066,0.7032967,-0.1051119,0.4375,1.04630731,0.2967033,0.22120455,16.1859718,0.2345679,2.27596767,0.52747253,-0.0990795,-14.267447,0.36111111,0.85230541,0.45421245,0.13053203,63,0.39516129,1.73454233,,Texas A&M,105,96,73,130,18,63,59,30,60,29,87,71,52,33,18,21,64,25,109,66,107,90,119,73,80,39,133,55,67,61,35,96,90,113,111,109,118,22,82,45,45,52,87,57,79,68,46,48,43,57,1,33,28,64,59,32,35,51,34,27,52,97,105,87,59,25,121,90,27,25,34,46,57,63,59,60,13.0,57.0,105.0,96.0,73.0,130.0,18.0,59.0,30.5,60.0,29.0,87.0,72.0,57.0,33.0,63.5,18.5,21.0,65.0,26.0,109.0,66.0,107.0,90.0,119.0,66.0,80.0,40.0,133.0,55.0,67.0,61.0,35.0,96.0,90.0,113.0,111.0,109.0,118.0,22.0,84.5,45.0,45.0,52.0,87.0,58.0,68.0,46.0,48.0,43.0,57.0,69.5,35.5,28.0,79.0,65.5,80.0,33.0,35.0,51.0,105.0,27.0,52.0,97.0,105.0,87.0,59.0,25.0,121.0,90.0,27.0,25.0,34.0,46.0,57.0,63.0,63.0,60.0,114.0,700,+25000,+17500,+2500,+22500,+10000,+20000,+20000,+20000,+1400,+22500,+20000,6.5,110,Over,o6.5,,,,,8.5,115,Over,o8.5,6.5,120,Over,o6.5,6.5,120,Over,o6.5,http://a.espncdn.com/i/teamlogos/ncaa/500/245.png,Aggies,texas-am-aggies,3-2-0,3,2,0,0.6,13.2,-1.8,3-2-0,3,2,0,0.6,13.2,-1.8,2-3-0,2,3,0,0.4,0.6,-0.9,0.417,0.667,94,13
USC,15,77,1.916,320,29.98893585,Lincoln Riley,Luke Huard / Lincoln Riley,Gary Patterson,17.0,17.0,119.0,6,2,4,0.73,0.72,27.5,48.5,25.0,28.38625592,70.33333333,90,90.0,31.0,4.53,7.49,7.52,38.0,44.0,USC,USC,USC,Southern California,USC,USC Trojans,USC,320,2026,Big Ten,432,60,0.28822535,124.513353,0.51851852,1.18881052,0.78378378,0.17840376,3.14600939,670,1.14084507,243,0.69953052,149,41,4.53658537,70.7,1.345,0.093,0.051,0.042,0.74537037,0.17860282,0.54347826,0.91200026,0.25462963,0.6091204,0.44545455,2.17741858,0.49305556,0.07994073,17.0273761,0.4741784,0.82142535,0.48148148,0.53286199,110.835295,0.56730769,1.50837247,354,62,0.19800744,70.0946333,0.4180791,1.36161359,0.77272727,0.16766467,2.75449102,460,0.91017964,152,1,0,31,4.22580645,75.2,-1.018,0.121,0.082,0.04,0.66666667,0.09663398,0.45338983,1.08011051,0.33333333,0.40075435,68.1647656,0.34745763,2.09626796,0.47175141,0.10332447,17.2551869,0.41317365,0.94096786,0.48870056,0.39401599,128,0.44508671,1.75579053,,USC,22,7,8,93,45,79,63,18,62,19,117,92,3,29,67,71,9,8,33,15,43,23,118,124,5,4,37,82,83,76,38,111,57,6,3,6,84,114,108,120,126,91,115,106,99,55,73,45,62,70,1,97,119,15,16,125,102,120,76,104,71,109,60,124,134,121,88,44,98,103,80,76,84,128,134,104,1.0,38.0,22.0,7.0,8.0,93.0,45.0,63.0,18.0,62.0,19.5,117.0,94.0,4.0,29.0,79.0,67.0,71.5,9.0,8.5,35.0,15.0,43.0,23.0,118.0,15.0,5.0,4.0,37.0,82.0,83.0,76.0,38.0,111.0,57.0,6.0,3.0,6.0,84.0,115.0,114.0,120.0,126.0,91.0,115.0,106.0,55.0,73.0,45.0,62.0,70.5,69.5,101.5,119.5,99.0,15.0,122.5,125.0,102.5,121.0,61.5,104.0,71.0,109.0,61.5,124.0,134.0,121.0,88.0,44.0,98.0,103.0,80.0,76.0,84.0,128.0,128.0,104.0,119.0,,+12500,+10000,+3500,+17500,+5000,+4000,+4000,+4500,+1300,+6500,+4000,7.5,-175,Over,o7.5,,,,,,,,,7.5,-142,Over,o7.5,7.5,-155,Over,o7.5,http://a.espncdn.com/i/teamlogos/ncaa/500/30.png,Trojans,usc-trojans,5-1-0,5,1,0,0.8333,11.833333333333334,-7.25,1-5-0,1,5,0,0.1667,11.833333333333334,-7.25,4-2-0,4,2,0,0.6667,0.3333,4.666666666666667,0.417,0.5,94,67
Penn State,11.9,76,3.172,280,25.96600428,Matt Campbell,Taylor Mouser,D'Anton Lynn,18.0,30.0,10.0,11,6,5,0.97,0.84,4.5,10.5,8.0,27.57926829,65.6,79,71.0,77.5,6.61,9.08,8.66,16.0,31.5,Penn State,Penn St.,Penn State,Penn St.,Penn State,Penn State Nittany Lions,Penn State,280,2026,Big Ten,340,61,0.17937084,60.9860854,0.42352941,1.23967015,0.76,0.15428571,2.76685714,484,0.94285714,165,0.85142857,149,33,4.03030303,67.4,1.585,0.135,0.056,0.079,0.73529412,0.13247602,0.476,1.0497951,0.26470588,0.30963423,0.27777778,2.14347537,0.51470588,0.07722354,13.5141197,0.40571429,0.90420653,0.45294118,0.36057803,55.529017,0.44805195,1.61315117,311,62,-0.0243572,-7.5750827,0.36977492,1.17506883,0.66666667,0.21637427,2.86666667,490,1.0994152,188,1.54385965,0,19,3.89473684,75.4,-0.995,0.18,0.109,0.071,0.67845659,-0.102435,0.43601896,0.91835074,0.32154341,0.14038697,-23.427775,0.23,2.20194118,0.54983923,0.15177393,25.9533428,0.41520468,1.20059837,0.41800643,-0.1802137,4,0.31538462,1.12632271,,Penn State,59,58,86,69,58,47,113,79,111,87,104,92,45,64,20,22,51,13,126,22,57,87,58,117,57,101,43,60,85,85,103,84,84,37,35,63,50,64,108,38,38,44,47,37,39,72,92,98,111,115,1,13,105,12,12,40,46,36,61,32,50,39,78,62,5,20,111,111,115,114,82,131,24,4,5,9,47.5,27.0,59.0,58.0,86.0,69.0,58.5,113.0,80.0,111.5,87.5,104.5,94.0,48.0,64.0,47.0,20.0,22.0,51.5,13.0,126.0,22.0,57.0,87.0,58.0,22.0,57.0,101.0,43.0,60.0,85.0,85.0,103.0,84.0,84.0,37.0,35.0,63.0,50.0,64.0,114.0,38.0,38.0,44.0,47.0,42.0,72.0,92.0,98.0,111.5,115.0,69.5,15.5,105.0,39.0,12.5,126.5,41.5,47.5,37.5,78.0,32.0,50.0,39.0,78.0,62.0,5.0,20.0,111.0,111.0,115.0,114.0,82.0,131.0,24.0,4.0,4.0,9.0,2.0,,+100000,+100000,+5000,+125000,+12500,+50000,+50000,+40000,+1700,+40000,+40000,7.5,-120,Over,o7.5,,,,,9.5,105,Over,o9.5,7.5,-120,Over,o7.5,7.5,-148,Over,o7.5,http://a.espncdn.com/i/teamlogos/ncaa/500/213.png,Nittany Lions,penn-state-nittany-lions,3-2-0,3,2,0,0.6,16,-4,2-3-0,2,3,0,0.4,16,-4,3-2-0,3,2,0,0.6,0.4,-0.3,0.333,0.667,121,13
Mississippi State,12.3,75.5,2.532,331,34.85371964,Jeff Lebby,Jeff Lebby,Zach Arnett / Matt Brock,20.0,27.0,66.5,-0.5,0,-0.5,0.63,0.51,74.0,68.5,81.5,23.24719101,71.2,104,7.0,26.0,3.64,6.21,6.41,73.0,70.0,Miss State,Miss. St.,Mississippi State,Mississippi St.,Mississippi State,Mississippi State Bulldogs,Mississippi State,331,2026,SEC,360,60,0.27523307,99.0839042,0.48055556,1.31822073,0.77272727,0.22159091,3.03295455,534,1.22159091,215,1.57386364,277,35,4.6,71.3,1.311,0.143,0.085,0.058,0.70555556,0.20184845,0.51968504,1.06186456,0.29444444,0.45107922,0.38679245,2.14356255,0.48888889,0.20014647,35.2257793,0.49431818,0.98737821,0.49166667,0.42924831,75.9769502,0.48587571,1.65291026,354,57,0.09561977,33.8494,0.41242938,1.16332332,0.625,0.13157895,3.16710526,481,0.84868421,129,0.55263158,0,31,4.03225806,71,-1.273,0.172,0.088,0.085,0.72033898,0.08466682,0.4745098,0.96466416,0.27966102,0.12383193,31.6093274,0.25252525,2.12483366,0.42937853,0.05047761,7.67259655,0.42105263,0.73302078,0.54519774,0.1637789,77,0.40932642,1.53619115,,Mississippi State,28,17,32,29,51,123,77,58,43,36,39,35,23,25,76,79,69,60,79,54,34,42,52,85,26,15,42,83,36,33,21,63,49,21,14,30,45,114,70,85,84,82,43,28,130,112,89,32,40,24,1,97,111,83,74,54,84,15,15,101,93,57,124,53,95,45,96,17,73,72,87,17,123,77,95,77,20.0,38.0,28.0,17.0,32.0,29.0,51.0,77.0,58.5,43.0,36.5,39.0,35.5,29.0,25.5,123.0,77.5,79.0,69.0,62.0,83.0,54.0,34.0,42.0,52.0,54.0,26.0,15.0,42.0,83.0,36.0,33.0,21.0,63.0,49.0,21.0,14.0,30.0,45.0,115.0,75.5,85.0,84.0,82.0,43.0,29.5,112.0,89.0,32.0,41.0,24.0,69.5,101.5,111.0,130.0,84.5,65.0,54.5,86.5,15.0,124.0,101.0,93.0,57.0,124.0,53.0,95.0,45.0,96.0,17.0,73.0,72.0,87.5,17.0,123.0,77.0,77.0,77.0,72.0,,+25000,+22500,+75000,+17500,+9000,+10000,+12500,+9000,+20000,+10000,+10000,7.5,120,Over,o7.5,,,,,7.5,-105,Over,o7.5,7.5,-100,Over,o7.5,7.5,120,Over,o7.5,http://a.espncdn.com/i/teamlogos/ncaa/500/344.png,Bulldogs,mississippi-state-bulldogs,4-1-0,4,1,0,0.8,11,6.1,4-1-0,4,1,0,0.8,11,6.1,3-2-0,3,2,0,0.6,0.4,9.1,0.667,0.5,23,67
Nebraska,19.1,75.5,2.03,527,33.57908827,Matt Rhule,Dana Holgorsen,Rob Aurich,20.0,12.0,111.0,11,6,5,1,0.95,4.5,10.5,8.0,27.59322034,70.8,75,72.0,29.0,4.79,7.79,9,34.0,21.5,Nebraska,Nebraska,Nebraska,Nebraska,Nebraska,Nebraska Cornhuskers,Nebraska,527,2026,Big Ten,358,55,0.36832727,131.861162,0.49441341,1.38123613,0.73076923,0.14583333,3.45416667,663,1.39583333,268,1.828125,351,34,5.20588235,69.1,1.443,0.117,0.075,0.042,0.7122905,0.23090539,0.52156863,1.13902309,0.2877095,0.70854648,0.42718447,2.11338009,0.53631285,0.3599703,69.1142976,0.48958333,1.27436402,0.44413408,0.37585278,59.7605916,0.49685535,1.50686287,305,60,-0.0544224,-16.59884,0.35081967,1.30252538,0.8,0.16551724,2.97103448,431,0.96551724,140,0.86896552,0,25,2.24,71.6,-1.262,0.187,0.125,0.062,0.61967213,0.01046176,0.44444444,1.07373649,0.38032787,-0.1601389,-31.513397,0.19827586,2.1381022,0.47540984,0.05670777,8.22262712,0.35862069,1.11953983,0.49508197,-0.208698,1,0.32450331,1.41209926,,Nebraska,4,4,21,14,77,40,23,21,11,7,20,16,36,7,39,45,27,36,33,44,24,40,18,95,1,7,49,42,4,2,31,5,87,33,31,27,85,54,93,26,25,28,98,108,101,87,57,67,51,51,1,49,8,74,69,27,24,62,123,67,59,107,16,6,1,10,100,50,77,75,33,119,88,1,1,12,23.0,77.0,4.0,4.0,21.0,14.0,77.5,23.0,21.0,11.0,7.5,20.0,16.0,40.0,7.0,40.0,39.0,45.5,27.0,37.0,35.0,44.0,24.0,40.0,18.0,44.0,1.0,7.0,49.0,42.0,4.0,2.0,31.0,5.0,87.0,33.0,31.0,27.0,85.0,54.5,96.0,26.0,25.0,28.0,98.0,109.0,87.0,57.0,67.5,51.0,51.0,69.5,53.0,8.0,101.0,74.0,69.0,27.5,24.5,63.0,16.0,67.0,60.0,107.0,16.0,6.0,1.0,10.0,100.0,50.0,77.0,75.0,33.0,119.0,88.0,1.0,1.0,12.0,28.0,,+30000,+22000,+60000,+12500,+40000,+5000,+4000,+4000,+14500,+3000,+5000,8.5,125,Over,o8.5,,,,,6.5,-110,Over,o6.5,8.5,104,Over,o8.5,7.5,-250,Over,o7.5,http://a.espncdn.com/i/teamlogos/ncaa/500/158.png,Cornhuskers,nebraska-cornhuskers,5-0-0,5,0,0,1,29.4,8.8,4-1-0,4,1,0,0.8,29.4,8.8,3-2-0,3,2,0,0.6,0.4,6.9,0.364,0.75,111,3
Wisconsin,9.8,75.5,2.388,992,24.64751692,Luke Fickell,Jeff Grimes,Mike Tressel,20.0,44.0,90.0,11,6,5,1,0.78,4.5,10.5,8.0,28.15737705,61,25,86.0,114.5,6.6,8.27,7.47,23.0,46.0,Wisconsin,Wisconsin,Wisconsin,Wisconsin,Wisconsin,Wisconsin Badgers,Wisconsin,992,2026,Big Ten,310,53,0.16741979,51.9001343,0.4,1.46742092,0.63157895,0.13836478,3.04465409,484,0.85534591,136,1.21383648,193,28,3.46428571,69.4,1.441,0.148,0.071,0.077,0.6483871,0.09680776,0.45273632,1.21384912,0.3516129,0.29763096,0.30275229,2.16666437,0.51290323,0.19478814,30.9713148,0.34591195,1.32862525,0.46129032,0.21097536,30.1694768,0.47552448,1.58921765,338,55,-0.1158877,-39.170042,0.34615385,0.96388662,0.70833333,0.10857143,2.90571429,509,0.70285714,123,0.24,0,23,3,74.5,-1.046,0.157,0.068,0.089,0.68639053,-0.031291,0.42672414,0.83700833,0.31360947,-0.3010427,-23.551158,0.16981132,1.66171721,0.51775148,0.02849233,4.98615778,0.36571429,0.80432672,0.43786982,-0.1591294,6,0.35135135,1.13006456,,Wisconsin,66,69,109,4,116,31,74,79,126,116,70,75,80,93,43,47,73,28,122,126,78,111,4,13,58,81,40,62,40,43,130,3,73,72,75,38,54,103,56,7,5,22,2,67,137,78,100,13,34,3,1,33,40,21,20,76,125,9,51,50,44,16,88,2,4,2,12,83,61,63,37,27,42,6,4,29,89.0,87.0,66.0,69.0,109.0,4.0,117.0,74.0,80.0,126.0,116.0,70.0,75.0,88.0,93.0,31.0,44.5,47.5,74.0,29.0,122.5,126.0,78.0,111.0,4.0,126.0,58.0,81.0,40.0,62.0,40.0,43.0,130.0,3.0,73.0,72.0,75.0,38.0,54.0,103.0,58.5,7.0,5.0,22.0,2.0,68.0,78.0,100.0,13.0,35.0,3.0,69.5,35.5,44.0,137.0,21.5,119.0,77.5,126.0,9.0,88.0,50.0,44.0,16.0,88.0,2.0,4.0,2.0,12.0,83.0,61.0,63.0,37.0,27.0,42.0,6.0,6.0,29.0,3.0,,+75000,+43000,+100000,+40000,+75000,+3000,+3000,+3000,+12000,+3500,+3000,8.5,110,Over,o8.5,,,,,8.5,110,Over,o8.5,8.5,124,Over,o8.5,8.5,115,Over,o8.5,http://a.espncdn.com/i/teamlogos/ncaa/500/275.png,Badgers,wisconsin-badgers,4-1-0,4,1,0,0.8,15,6.2,3-2-0,3,2,0,0.6,15,6.2,3-2-0,3,2,0,0.6,0.4,2.3,0.5,0.167,65.5,135
Auburn,11,75,2.452,352,29.02457938,Alex Golesh,Kodi Burns / Alex Golesh,D.J. Durkin,22.5,36.0,79.0,7,6,1,1,0.6,23.5,10.5,55.5,22.60571429,70,105,2.0,36.5,3.49,5.99,6.09,81.5,75.0,Auburn,Auburn,Auburn,Auburn,Auburn,Auburn Tigers,Auburn,352,2026,SEC,351,58,0.07405837,25.9944894,0.42165242,1.25849329,0.78947368,0.15662651,3.32108434,551,1.28313253,213,1.6686747,277,31,3.77419355,73.3,1.183,0.162,0.105,0.057,0.66666667,-0.0174726,0.45299145,0.94944109,0.33333333,0.25712024,0.35897436,2.03848218,0.47293447,0.18325642,30.420565,0.45783133,1.0765624,0.50997151,0.043338,7.75750224,0.39664804,1.45538146,384,60,0.00811546,3.11633627,0.38541667,1.17525869,0.73333333,0.17010309,2.79123711,542,0.72680412,141,0.80927835,0,29,3.24137931,71.2,-1.357,0.167,0.115,0.052,0.7109375,-0.028524,0.43956044,0.9129234,0.2890625,0.09822882,11.4789005,0.25225225,2.29955276,0.50520833,0.04769463,9.25275813,0.38659794,0.89658109,0.45052083,0.06635203,46,0.39884393,1.47643404,,Auburn,102,99,89,61,39,51,36,49,29,38,31,35,63,76,111,107,101,103,77,113,114,110,108,26,71,37,65,99,44,45,57,27,32,116,112,98,101,134,93,53,53,59,48,78,94,64,112,17,52,44,1,85,59,81,93,60,36,94,25,53,54,34,114,44,48,44,123,77,72,79,52,61,55,46,48,66,30.0,57.0,102.0,99.0,89.0,61.0,41.0,36.0,49.5,29.0,38.5,31.0,35.5,65.0,76.0,51.0,113.0,107.0,102.0,104.5,77.5,113.0,114.0,110.0,108.0,113.0,71.0,37.0,65.0,99.0,44.0,45.0,57.0,27.0,32.0,116.0,112.0,98.0,101.0,134.5,96.0,53.0,53.0,59.0,48.0,79.0,64.0,112.0,17.0,52.5,44.0,69.5,89.5,59.0,94.5,81.5,46.0,61.0,37.5,95.0,114.0,53.0,54.0,34.0,114.0,44.0,48.0,44.0,123.0,77.0,72.0,79.0,52.0,61.0,55.0,46.0,46.0,66.0,51.0,,+75000,+75000,+9000,+125000,+25000,+40000,+50000,+40000,+5500,+40000,+40000,6.5,200,Over,o6.5,,,,,,,,,5.5,-178,Over,o5.5,6.5,162,Over,o6.5,http://a.espncdn.com/i/teamlogos/ncaa/500/2.png,Tigers,auburn-tigers,3-2-0,3,2,0,0.6,5.4,-2.7,1-4-0,1,4,0,0.2,5.4,-2.7,1-4-0,1,4,0,0.2,0.8,-7.3,0.364,0.333,111,123.5
Louisville,11.8,75,1.892,509,32.65791901,Jeff Brohm,Brian Brohm,Steve Ellis / Mark Ivey,22.5,31.5,121.0,0,-1,1,0.58,0.61,68.0,84.0,55.5,26.82662539,64.6,49,53.0,90.5,6.48,8.32,8.32,22.0,36.0,Louisville,Louisville,Louisville,Louisville,Louisville,Louisville Cardinals,Louisville,509,2026,ACC,324,62,0.32666993,105.841058,0.49691358,1.37743518,0.63636364,0.20481928,2.8686747,476,1.26506024,210,2.59036145,430,33,4.36363636,70.5,1.36,0.167,0.123,0.043,0.72839506,0.28567933,0.55932203,1.18106425,0.27160494,0.43659927,0.32954545,2.27126149,0.51234568,0.18307624,30.3906557,0.48795181,1.11829282,0.47530864,0.46131543,71.0425761,0.50649351,1.61106658,369,62,0.14887531,54.9349881,0.40108401,1.28526141,0.57575758,0.10695187,3.0342246,567,0.88770053,166,0.65240642,0,35,3.54285714,71.7,-1.241,0.136,0.068,0.068,0.68563686,0.03060425,0.43083004,1.00801718,0.31436314,0.40682857,76.049894,0.3362069,2.0601235,0.50677507,-0.0344899,-6.4496144,0.39572193,0.66816882,0.45528455,0.45267794,133,0.41666667,1.96063591,,Louisville,14,15,18,15,112,110,104,84,32,43,3,6,45,40,65,67,109,127,38,25,8,14,9,114,30,61,23,63,45,46,32,16,62,18,21,23,51,128,108,102,114,71,93,15,138,95,121,40,77,31,1,126,80,73,62,105,125,47,52,77,47,79,87,127,136,113,81,78,42,38,59,9,58,133,136,87,73.0,18.5,14.0,15.0,18.0,15.0,113.5,104.0,84.5,32.0,44.5,3.0,6.0,48.0,40.5,110.0,65.0,67.0,109.0,127.0,38.0,25.0,8.0,14.0,9.0,25.0,30.0,61.0,23.0,63.0,45.0,46.0,32.0,16.0,62.0,18.0,21.0,23.0,51.0,129.0,114.0,102.0,114.0,71.0,93.0,15.0,95.0,121.0,40.0,78.0,31.0,69.5,127.5,80.0,138.0,73.0,77.0,105.5,126.0,47.5,87.0,77.0,47.0,79.0,87.0,127.0,136.0,113.0,81.0,78.0,42.0,38.0,59.0,9.0,58.0,133.0,133.0,87.0,135.0,,+100000,+100000,+13000,+125000,+20000,+6000,+8000,+6000,+750,+8000,+8500,6.5,-140,Over,o6.5,,,,,,,,,6.5,-162,Over,o6.5,8.5,125,Over,o8.5,http://a.espncdn.com/i/teamlogos/ncaa/500/97.png,Cardinals,louisville-cardinals,2-3-0,2,3,0,0.4,9.4,-1.1,3-2-0,3,2,0,0.6,9.4,-1.1,4-1-0,4,1,0,0.8,0.2,11.1,0.333,0.417,121,99.5
Baylor,11.8,74.5,2.182,326,34.42989097,Dave Aranda,Jake Spavital,Joe Klanderman,25.5,31.5,103.5,1.5,-0.5,2,0.59,0.65,58.5,77.5,39.0,22.71039604,80.8,112,3.0,2.0,5.59,8.09,7.67,27.0,43.0,Baylor,Baylor,Baylor,Baylor,Baylor,Baylor Bears,Baylor,326,2026,Big 12,411,69,0.15588288,64.0678633,0.40145985,1.37019171,0.76190476,0.16494845,2.95670103,574,0.86082474,167,1.12371134,218,37,3.67567568,64.5,1.833,0.151,0.095,0.056,0.66909976,0.00272821,0.43636364,1.03646148,0.33090024,0.46557064,0.33088235,2.26013898,0.47201946,0.1091987,21.1845486,0.42268041,0.9986768,0.50121655,0.25062109,51.6279447,0.39320388,1.75163796,364,65,-0.1052519,-38.311685,0.34065934,1.07712663,0.4,0.24183007,2.65686275,407,0.92156863,141,0.52941176,0,31,2.12903226,71.9,-1.296,0.203,0.132,0.071,0.63186813,-0.1354101,0.38695652,0.91419929,0.36813187,-0.0534878,-0.4695216,0.26119403,1.49142757,0.42032967,-0.2341317,-35.822148,0.30065359,0.81295847,0.55494505,-0.0023244,25,0.36633663,1.26320233,,Baylor,71,54,105,17,55,63,94,40,124,84,78,60,13,84,5,3,80,85,74,111,109,119,65,28,24,56,28,101,74,67,90,58,44,66,38,101,23,123,133,11,6,17,18,1,20,43,47,50,52,23,1,97,5,70,81,18,20,36,119,22,14,36,20,13,25,50,4,13,4,2,11,31,128,25,25,39,3.0,1.0,71.0,54.0,105.0,17.0,56.0,94.0,40.0,124.0,84.5,78.0,60.0,16.0,84.0,63.5,5.0,3.5,81.5,85.5,75.0,111.0,109.0,119.0,65.0,111.0,24.0,56.0,28.0,101.0,74.0,67.0,90.0,58.0,44.0,66.0,38.0,101.5,23.0,123.5,134.5,11.0,6.0,17.0,18.0,1.0,43.0,47.5,50.0,52.5,23.0,69.5,101.5,5.0,20.0,71.0,58.0,18.5,20.0,37.5,20.0,22.0,14.0,36.0,20.0,13.0,25.0,50.0,4.0,13.0,4.0,2.0,11.0,31.0,128.0,25.0,25.0,39.5,5.0,,+75000,+77500,+100000,+50000,+75000,+1600,+1600,+1500,+1400,+1000,+2000,7.5,-110,Over,o7.5,,,,,7.5,100,Over,o7.5,7.5,-132,Over,o7.5,6.5,-240,Over,o6.5,http://a.espncdn.com/i/teamlogos/ncaa/500/239.png,Bears,baylor-bears,4-1-0,4,1,0,0.8,20.6,9.4,4-1-0,4,1,0,0.8,20.6,9.4,2-3-0,2,3,0,0.4,0.6,-4.7,0.167,0.5,135.5,67
Missouri,18,74.5,2.828,515,29.86639609,Eliah Drinkwitz,Chip Lindsey,Corey Batoon / Derek Nicholson,25.5,15.0,28.0,-0.5,0,-0.5,0.64,0.51,74.0,68.5,81.5,26.76106195,67.8,109,52.0,53.5,3.88,6.45,8.73,66.5,29.0,Missouri,Missouri,Missouri,Missouri,Missouri,Missouri Tigers,Missouri,515,2026,SEC,348,64,0.2377194,82.7263522,0.43965517,1.30629791,0.75,0.18888889,2.89333333,521,0.87222222,157,1.32222222,238,43,3.81395349,64.2,1.749,0.164,0.089,0.075,0.6954023,0.18730742,0.49173554,1.00750389,0.3045977,0.35281092,0.32075472,2.35207699,0.51724138,0.07454918,13.4188522,0.38333333,0.92272086,0.44252874,0.51634685,79.5174146,0.5,1.65428493,336,61,0.00659382,2.21552377,0.35416667,1.39749742,0.7,0.2611465,2.3477707,369,0.98726115,155,0.76433121,0,22,3.27272727,75.9,-0.956,0.22,0.14,0.08,0.61309524,-0.0572144,0.41262136,1.04982571,0.38690476,0.10770536,22.4179545,0.26153846,2.26667669,0.4672619,-0.0597298,-9.3775781,0.35031847,1.0487715,0.51488095,0.12958355,62,0.36416185,1.64540679,,Missouri,39,34,65,39,60,90,101,65,121,95,60,50,1,71,4,7,106,70,116,71,37,69,81,68,52,64,14,58,87,86,113,81,88,10,11,25,44,98,100,51,52,31,124,63,8,17,31,74,63,43,1,29,60,7,8,10,16,21,127,46,35,98,12,49,67,52,118,39,35,34,32,104,106,62,67,38,35.5,8.5,39.0,34.0,65.0,39.0,66.0,101.0,65.0,121.0,95.0,60.0,50.5,1.5,71.0,90.0,4.0,7.0,106.0,70.5,117.0,71.0,37.0,69.0,81.0,71.0,52.0,64.0,14.0,58.0,87.0,86.0,113.0,81.0,88.0,10.0,11.0,25.5,44.0,98.5,103.5,51.0,52.0,31.5,124.0,64.0,17.0,31.0,74.0,64.0,43.0,69.5,30.5,60.0,8.0,7.0,131.0,10.0,16.0,22.5,12.0,46.0,35.0,98.0,12.0,49.0,67.0,52.0,118.0,39.0,35.0,34.0,32.0,104.0,106.0,62.0,62.0,38.0,101.0,,+12500,+10000,+10000,+10000,+10000,+7500,+6000,+6000,+3500,+6000,+7500,7.5,110,Over,o7.5,,,,,7.5,105,Over,o7.5,7.5,112,Over,o7.5,7.5,110,Over,o7.5,http://a.espncdn.com/i/teamlogos/ncaa/500/142.png,Tigers,missouri-tigers,4-1-0,4,1,0,0.8,17.6,2.2,2-3-0,2,3,0,0.4,17.6,2.2,3-2-0,3,2,0,0.6,0.4,1.9,0.546,0.583,54,34.5
Northwestern,11.3,74.5,2.884,313,29.21966483,David Braun,Chip Kelly,Tim McGarigle,25.5,33.0,24.0,3,1.5,1.5,0.72,0.63,44.0,53.0,47.0,29.30314961,63.5,72,112.0,97.0,4.44,7.3,7.02,44.0,59.0,Northwestern,Northwestern,Northwestern,Northwestern,Northwestern,Northwestern Wildcats,Northwestern,313,2026,Big Ten,258,46,0.2885803,74.4537186,0.48837209,1.26011027,0.75,0.18954248,3.10653595,475,1.36601307,209,1.9869281,304,26,4.84615385,72.3,1.236,0.132,0.109,0.023,0.7248062,0.20931918,0.52941176,1.09892965,0.2751938,0.49733848,0.38028169,1.85110589,0.59302326,0.24099218,36.8718033,0.47058824,1.11327371,0.37596899,0.4095357,39.7249628,0.5257732,1.52370954,287,46,0.06633751,19.0388663,0.44250871,1.09344315,0.64,0.16535433,3.23700787,411,0.95275591,121,1.57480315,0,22,2.72727273,72.5,-1.173,0.174,0.059,0.115,0.7456446,0.06834188,0.50934579,0.9586427,0.2543554,0.06046171,15.1779535,0.24657534,1.90973475,0.44250871,0.0758354,9.63109613,0.45669291,0.84644701,0.52961672,0.09985496,55,0.42763158,1.31882775,,Northwestern,21,43,29,59,60,92,70,86,14,47,16,24,106,17,91,92,44,113,4,30,29,35,35,109,21,19,104,17,24,31,47,18,125,29,58,15,77,32,13,72,71,108,21,35,102,119,50,61,33,118,1,29,22,59,51,53,136,3,5,90,115,55,134,37,57,37,46,22,84,82,114,43,117,55,57,99,129.0,124.0,21.0,43.0,29.0,59.0,66.0,70.0,86.0,14.0,47.5,16.0,24.0,108.5,17.0,92.0,91.5,92.0,45.5,113.5,4.0,30.0,29.0,35.0,35.0,30.0,21.0,19.0,104.0,17.0,24.0,31.0,47.0,18.0,125.0,29.0,58.0,15.0,77.0,32.5,14.5,72.0,71.0,108.0,21.0,35.0,119.0,50.5,61.0,33.0,118.0,69.5,30.5,22.0,102.0,59.0,87.5,53.0,136.0,3.0,134.0,90.0,115.0,55.0,134.0,37.0,57.0,37.0,46.0,22.0,84.0,82.0,114.0,43.0,117.0,55.0,55.0,99.0,11.0,,,+27500,+100000,+30000,+75000,+10000,+12500,+9000,+50000,+10000,+10000,7.5,-145,Over,o7.5,,,,,7.5,-136,Over,o7.5,7.5,-174,Over,o7.5,7.5,-177,Over,o7.5,http://a.espncdn.com/i/teamlogos/ncaa/500/77.png,Wildcats,northwestern-wildcats,3-1-0,3,1,0,0.75,16.25,17.75,4-0-0,4,0,0,1,16.25,17.75,4-0-0,4,0,0,1,0,1.5,0.6,0.5,37,67
UCLA,14.1,74.5,1.884,383,31.64229462,Bob Chesney,Dean Kennedy,Colin Hitschler,25.5,20.5,123.0,11,6,5,1,0.89,4.5,10.5,8.0,29.1634981,65.75,48,111.0,75.5,5.38,8.21,8.88,24.0,25.0,UCLA,UCLA,UCLA,UCLA,UCLA,UCLA Bruins,UCLA,383,2026,Big Ten,265,52,0.28712716,76.0886971,0.49433962,1.25330439,0.84210526,0.0955414,3.97452229,624,1.56687898,246,2.44585987,384,35,4.34285714,63.7,1.871,0.132,0.057,0.075,0.7245283,0.23276921,0.55208333,1.0463399,0.2754717,0.430096,0.34246575,2.13083386,0.59245283,0.40743878,63.9678884,0.57324841,1.06423188,0.39245283,0.12375983,12.871022,0.39423077,1.66834162,275,52,-0.1271006,-34.952672,0.32727273,1.34664843,0.83333333,0.25,2.36484375,303,0.8359375,107,0.234375,0,18,3,77.4,-0.868,0.185,0.105,0.08,0.63636364,-0.1736936,0.38857143,1.08430368,0.36363636,-0.0455628,-16.455107,0.22,2.1575322,0.46545455,-0.1054757,-13.500889,0.328125,0.79900155,0.50181818,-0.1192399,11,0.33333333,1.84482748,,UCLA,23,40,22,63,11,3,1,29,1,15,4,9,23,44,2,2,44,14,116,31,23,18,62,108,32,50,46,19,1,3,1,32,115,98,104,100,37,23,39,6,9,12,113,119,15,20,15,31,19,2,1,10,40,2,1,29,59,21,114,14,16,110,24,15,8,16,105,37,24,27,20,26,92,11,8,17,126.5,93.5,23.0,40.0,22.0,63.0,12.0,1.0,29.0,1.0,15.5,4.0,9.0,29.0,44.5,3.0,2.0,2.0,45.5,15.0,117.0,31.0,23.0,18.0,62.0,31.0,32.0,50.0,46.0,19.0,1.0,3.0,1.0,32.0,115.0,98.0,104.0,100.0,37.0,23.0,41.5,6.0,9.0,12.0,113.0,120.0,20.0,15.0,31.0,19.0,2.0,69.5,11.0,44.0,16.0,2.0,138.0,30.0,59.5,22.5,24.5,14.0,16.0,110.0,24.5,15.0,8.0,16.0,105.0,37.0,24.0,27.0,20.0,26.0,92.0,11.0,11.0,18.0,131.0,,+20000,+12500,+65000,+12500,+25000,+3000,+3000,+2300,+12000,+3000,+3000,8.5,-175,Over,o8.5,,,,,,,,,8.5,-180,Over,o8.5,8.5,-180,Over,o8.5,http://a.espncdn.com/i/teamlogos/ncaa/500/26.png,Bruins,ucla-bruins,4-0-0,4,0,0,1,26,18,4-0-0,4,0,0,1,26,18,3-1-0,3,1,0,0.75,0.25,9.25,0.333,0.5,121,67
Arizona,14.3,74,2.182,506,30.35233905,Brent Brennan,Seth Doege,Danny Gonzales,29.5,19.0,103.5,-1,-1,0,0.58,0.53,80.5,84.0,69.5,28.44,70,70,92.0,36.5,5.19,8.18,8.45,25.0,33.0,Arizona,Arizona,Arizona,Arizona,Arizona,Arizona State Sun Devils,Arizona,506,2026,Big 12,359,56,0.21743296,78.0584308,0.49582173,1.15576713,0.83333333,0.1474359,3.47435897,542,1.3974359,218,1.00641026,157,35,4.42857143,72.2,1.227,0.123,0.078,0.045,0.68802228,0.06955198,0.52226721,0.80503163,0.31197772,0.54356332,0.4375,2.07913202,0.43454039,0.14032944,21.8913926,0.49358974,0.77849999,0.53203343,0.31476959,60.1209912,0.5078534,1.44357259,307,53,-0.0156687,-4.8102817,0.34201954,1.46066269,0.91666667,0.22881356,2.66016949,314,0.96610169,114,0.73728814,0,21,2.61904762,73.7,-1.101,0.166,0.114,0.052,0.59934853,-0.2012316,0.38043478,1.00987057,0.40065147,0.26192146,6.55879157,0.28455285,2.36224694,0.38436482,0.00811391,0.95744195,0.33898305,1.11132469,0.58957655,0.03623642,39,0.3480663,1.66048814,,Arizona,46,37,20,104,15,41,20,55,10,32,88,89,23,35,89,95,32,42,41,91,85,38,134,48,11,5,58,123,63,64,24,122,16,49,30,21,105,57,45,41,41,18,133,137,27,46,20,69,24,37,1,22,20,37,30,63,40,94,134,9,11,80,5,97,41,69,128,4,47,47,24,116,136,39,41,26,22.0,72.5,46.0,37.0,20.0,104.0,16.0,20.0,55.0,10.0,33.0,88.0,89.5,29.0,35.0,41.5,89.5,95.0,32.0,42.0,43.5,91.0,85.0,38.0,134.0,91.0,11.0,5.0,58.0,123.0,63.0,64.0,24.0,122.0,16.0,49.0,30.0,21.0,105.0,58.0,48.5,41.0,41.0,18.0,133.0,137.0,46.0,20.0,69.0,24.0,37.0,69.5,25.0,20.0,27.0,37.5,109.0,63.5,40.5,95.0,5.0,9.0,11.0,80.0,5.0,97.0,41.0,69.0,128.0,4.0,47.0,47.0,24.0,116.0,136.0,39.0,39.0,26.0,104.0,,+50000,+50000,+35000,+70000,+50000,+2500,+3000,+2200,+2100,+2200,+3000,7.5,-130,Over,o7.5,,,,,7.5,-170,Over,o7.5,7.5,-138,Over,o7.5,7.5,-134,Over,o7.5,http://a.espncdn.com/i/teamlogos/ncaa/500/12.png,Wildcats,arizona-wildcats,4-1-0,4,1,0,0.8,15.8,-0.2,1-4-0,1,4,0,0.2,15.8,-0.2,2-3-0,2,3,0,0.4,0.6,-3.3,0.667,0.333,23,123.5
BYU,18.3,74,2.966,277,26.72431147,Kalani Sitake,Aaron Roderick,Kelly Poppinga,29.5,13.5,20.0,8,3.5,4.5,0.8,0.74,18.0,29.0,19.0,31.03688525,61,126,129.0,114.5,5.09,7.66,9,36.0,21.5,BYU,BYU,BYU,BYU,BYU,BYU Cougars,BYU,277,2026,Big 12,250,45,0.32352679,80.8816966,0.528,1.14724332,0.86956522,0.14473684,3.69276316,561,1.53289474,233,1.57236842,239,26,5.46153846,68.7,1.532,0.084,0.04,0.044,0.756,0.30455077,0.60846561,0.96311897,0.244,0.38232133,0.27868852,2.39279037,0.608,0.40669652,61.8178707,0.57236842,1.06509577,0.368,0.18345088,16.8774811,0.45652174,1.28521685,244,43,-0.0679359,-16.576355,0.36885246,1.19503306,0.66666667,0.23529412,2.4,245,0.70588235,72,0.56862745,0,16,3.4375,72.7,-1.147,0.18,0.111,0.07,0.65163934,-0.1775226,0.39622642,0.82273453,0.34836066,0.13705581,3.73305862,0.31764706,2.06372964,0.41803279,-0.1127528,-11.500789,0.34313725,0.83721932,0.54918033,0.02785865,37,0.39552239,1.45157729,,BYU,15,36,5,109,4,38,7,44,2,25,40,49,106,3,33,28,4,2,39,11,7,2,104,128,49,100,9,11,2,5,2,31,128,85,99,53,129,8,4,21,26,42,58,37,24,21,4,14,3,26,1,6,75,53,47,40,43,40,97,13,21,9,42,59,34,104,83,12,22,31,28,39,125,37,34,61,134.0,128.0,15.0,36.0,5.0,109.0,4.0,7.0,44.0,2.0,25.0,40.0,49.0,108.5,3.0,38.0,33.5,28.5,4.5,2.0,39.5,11.0,7.0,2.0,104.0,11.0,49.0,100.0,9.0,11.0,2.0,5.0,2.0,31.0,128.0,85.0,99.0,53.0,129.0,8.0,5.0,21.0,26.0,42.0,58.0,42.0,21.0,4.0,14.0,4.0,26.0,69.5,6.5,75.5,24.0,55.0,92.0,41.5,43.0,41.5,42.0,13.0,21.0,9.0,42.0,59.0,34.0,104.0,83.0,12.0,22.0,31.0,28.0,39.0,125.0,37.0,37.0,61.0,41.0,15000,+10000,+8000,+9000,+12500,+9000,+350,+300,+325,+300,+450,+460,8.5,-250,Over,o8.5,,,,,,,,,8.5,-172,Over,o8.5,8.5,-240,Over,o8.5,http://a.espncdn.com/i/teamlogos/ncaa/500/252.png,Cougars,byu-cougars,4-0-0,4,0,0,1,23,2.75,4-0-0,4,0,0,1,23,2.75,2-2-0,2,2,0,0.5,0.5,-1.75,0.75,0.5,7,67
Kansas State,13.8,74,2.812,372,31.81948004,Collin Klein,Sean Gleeson / Collin Klein,Jordan Peterson,29.5,22.0,32.0,5,2.5,2.5,0.75,0.67,33.0,42.0,33.5,27.93793103,72.5,132,79.0,15.0,6.29,9.02,9.41,17.0,16.0,Kansas St,Kansas St.,Kansas State,Kansas St.,Kansas State,Kansas State Wildcats,Kansas State,372,2026,Big 12,296,45,0.30665552,90.7700349,0.51351351,1.2147289,0.76190476,0.13333333,3.398,510,1.34,201,2.28666667,343,27,4.96296296,70.1,1.379,0.084,0.057,0.027,0.69594595,0.17806554,0.54854369,0.95418455,0.30405405,0.60098371,0.43333333,1.96963944,0.50675676,0.31999798,47.9996964,0.56,1.01553272,0.46621622,0.3052955,42.130779,0.47101449,1.48356934,223,45,-0.0393938,-8.7848238,0.30493274,1.49532682,0.41666667,0.25581395,2.51085271,324,1.34883721,174,1.43410853,0,14,3.85714286,74.1,-1.124,0.238,0.193,0.045,0.57847534,-0.1795058,0.33333333,1.11984282,0.42152466,0.15288747,-10.612377,0.26595745,2.14115929,0.57847534,0.07056166,9.10245438,0.34108527,1.4433211,0.39910314,-0.1192402,10,0.25842697,1.64251082,,Kansas State,17,22,12,77,55,24,29,71,20,55,8,17,97,10,60,60,4,14,8,68,44,21,107,71,7,6,80,72,5,15,3,48,66,52,56,43,94,3,9,33,36,5,137,2,11,26,23,134,91,109,1,1,103,25,35,6,2,109,137,11,2,118,2,68,16,55,103,128,83,77,26,138,13,10,16,1,100.5,128.0,17.0,22.0,12.0,77.0,56.0,29.0,71.0,20.0,55.0,8.0,17.5,101.0,10.0,24.5,60.0,60.0,4.5,15.0,8.0,68.0,44.0,21.0,107.0,68.0,7.0,6.0,80.0,72.0,5.0,15.0,3.0,48.0,66.0,52.0,56.0,43.0,94.0,3.0,10.5,33.0,36.0,5.0,137.0,2.5,26.0,23.0,134.0,91.0,109.0,69.5,1.5,103.5,11.0,26.5,104.0,6.0,2.0,110.0,2.0,11.0,2.5,118.0,2.0,68.0,16.0,55.0,103.0,128.0,83.0,77.0,26.0,138.0,13.0,10.0,10.0,1.0,100.0,,+75000,+55000,+40000,+40000,+40000,+3000,+3000,+3000,+3000,+2200,+2800,7.5,-175,Over,o7.5,,,,,7.5,-160,Over,o7.5,7.5,-170,Over,o7.5,7.5,-177,Over,o7.5,http://a.espncdn.com/i/teamlogos/ncaa/500/2306.png,Wildcats,kansas-state-wildcats,3-1-0,3,1,0,0.75,25.25,4,2-2-0,2,2,0,0.5,25.25,4,3-1-0,3,1,0,0.75,0.25,3.5,0.417,0.583,94,34.5
SMU,12.7,74,2.702,271,32.15257807,Rhett Lashlee,Rhett Lashlee / D'Eriq King,Maurice Crum Jr. / Rickey Hunley Jr.,29.5,24.0,46.0,5.5,4,1.5,0.81,0.62,30.0,26.0,47.0,25.84011628,68.8,95,35.0,45.0,6.54,8.58,8.66,21.0,31.5,S Methodist,SMU,SMU,SMU,SMU,SMU Mustangs,SMU,271,2026,ACC,346,60,0.21833021,75.5422526,0.48843931,1.26754137,0.65384615,0.20606061,2.74848485,454,0.9030303,149,1.23636364,204,39,3.64102564,66.1,1.673,0.139,0.101,0.038,0.70231214,0.19590102,0.54320988,1.03503358,0.29768786,0.27124568,0.3592233,2.09702864,0.47687861,-0.0189226,-3.1222327,0.43636364,0.74947904,0.50289017,0.51406665,89.4475974,0.54597701,1.65670541,320,59,0.02958342,9.4666935,0.36875,1.37899486,0.41666667,0.2384106,1.94834437,294,1.17218543,177,1.8807947,0,25,3.56,74.1,-1.098,0.216,0.163,0.053,0.66875,-0.0597398,0.43925234,1.05405041,0.33125,0.20991513,8.14801755,0.22641509,2.65169393,0.471875,0.02579743,3.89541206,0.43046358,1.12797835,0.50625,0.0502964,42,0.30864198,1.77193007,,SMU,45,41,28,54,106,111,117,93,118,104,69,69,8,86,10,12,59,97,23,58,35,24,67,81,63,36,51,93,114,114,83,127,42,11,4,9,41,72,88,57,58,41,121,2,23,3,12,113,96,128,1,49,82,25,29,12,6,90,72,45,53,101,67,86,43,19,137,45,60,57,95,121,97,42,43,4,38.0,38.0,45.0,41.0,28.0,54.0,106.0,117.0,93.0,118.0,104.5,69.0,69.0,9.0,86.0,111.0,10.0,12.0,59.5,97.0,23.5,58.0,35.0,24.0,67.0,58.0,63.0,36.0,51.0,93.0,114.0,114.0,83.0,127.0,42.0,11.0,4.0,9.0,41.0,73.5,90.0,57.0,58.0,41.0,121.0,2.5,3.0,12.0,113.0,97.0,128.0,69.5,53.0,82.0,23.0,26.5,110.0,12.5,6.5,91.5,67.0,45.0,53.0,101.0,67.0,86.0,43.0,19.0,137.0,45.0,60.0,57.0,95.0,121.0,97.0,42.0,42.0,4.0,122.0,25000,+50000,+30000,+10000,+70000,+20000,+1200,+1500,+1200,+520,+1800,+1500,8.5,-105,Over,o8.5,,,,,,,,,8.5,106,Over,o8.5,8.5,105,Over,o8.5,http://a.espncdn.com/i/teamlogos/ncaa/500/2567.png,Mustangs,smu-mustangs,4-1-0,4,1,0,0.8,11.6,-5.1,1-3-1,1,3,1,0.25,11.6,-5.1,2-3-0,2,3,0,0.4,0.6,0.5,0.417,0.333,94,123.5
Michigan,12.4,73.5,2.514,283,20.86342848,Kyle Whittingham,Jason Beck,Jay Hill,32.0,25.5,69.0,4,5.5,-1.5,0.87,0.43,37.0,22.0,110.5,29.01023891,58.6,98,108.0,126.0,4.11,6.49,6.91,64.0,62.0,Michigan,Michigan,Michigan,Michigan,Michigan,Michigan Wolverines,Michigan,283,2026,Big Ten,297,51,0.09201114,27.3273078,0.42424242,1.14586667,0.75,0.13173653,3.16107784,528,0.82035928,137,0.43712575,73,29,3.06896552,73.3,1.251,0.162,0.088,0.074,0.71043771,-0.0315421,0.45023697,0.85469507,0.28956229,0.39514762,0.36046512,2.03816676,0.56228956,0.04490296,7.49879369,0.40718563,0.83024811,0.41414141,0.21405361,26.3285934,0.45528455,1.5439345,307,55,-0.1149559,-35.291469,0.3257329,1.14221511,0.66666667,0.22360248,2.48136646,400,0.74534161,120,0.30434783,0,27,1.92592593,70.5,-1.388,0.169,0.13,0.039,0.64820847,-0.0941629,0.39698492,0.98449147,0.35179153,-0.1532691,-14.670003,0.19444444,1.7355564,0.52442997,-0.1367514,-22.01698,0.32298137,0.70339839,0.4495114,-0.1063044,12,0.33333333,1.6143731,,Michigan,98,94,84,112,60,20,60,60,129,113,135,128,74,115,111,90,101,68,114,50,120,113,132,89,44,34,66,30,100,96,102,108,107,71,81,54,72,57,56,8,8,11,33,37,31,24,45,19,31,7,1,66,3,95,100,57,21,123,104,36,23,69,35,8,11,6,20,86,18,16,16,14,51,12,11,17,98.5,102.0,98.0,94.0,84.5,112.0,66.0,60.0,60.5,129.0,114.0,135.0,128.5,76.5,115.0,20.0,113.0,90.0,102.0,68.5,114.5,50.0,120.0,113.0,132.0,50.0,44.0,34.5,66.0,30.0,100.0,96.0,102.0,108.0,107.0,71.0,81.0,54.5,72.0,58.0,58.5,8.0,8.0,11.0,33.0,42.0,24.0,45.0,19.0,31.5,7.0,69.5,70.0,3.0,31.0,95.5,39.0,57.0,21.0,123.5,35.0,36.0,23.0,69.0,35.0,8.0,11.0,6.0,20.0,86.0,18.0,16.0,16.5,14.0,51.0,12.0,12.0,18.0,96.0,10000,+100000,+80000,+8000,+75000,+12500,+30000,+20000,+30000,+3200,+40000,+40000,6.5,110,Over,o6.5,,,,,7.5,120,Over,o7.5,6.5,106,Over,o6.5,6.5,107,Over,o6.5,http://a.espncdn.com/i/teamlogos/ncaa/500/130.png,Wolverines,michigan-wolverines,3-2-0,3,2,0,0.6,7.2,-6.3,2-3-0,2,3,0,0.4,7.2,-6.3,1-4-0,1,4,0,0.2,0.8,-5.9,0.333,0.5,121,67
Florida State,11,73,1.886,268,28.78476664,Mike Norvell,Tim Harris Jr. / Mike Norvell,Tony White,33.5,36.0,122.0,5,2,3,0.74,0.69,33.0,48.5,30.5,27.84244373,62.2,117,76.0,108.5,3.82,6.87,6.93,58.0,61.0,Florida St,Florida St.,Florida State,Florida St.,Florida State,Florida State Seminoles,Florida State,268,2026,ACC,315,56,0.26420271,83.223855,0.44761905,1.43816619,0.625,0.13888889,3.40888889,614,1.21666667,219,1.65555556,298,32,4.9375,72.4,1.235,0.14,0.079,0.06,0.72380952,0.10931083,0.47807018,1.12804779,0.27619048,0.67012627,0.36781609,2.49450702,0.57142857,0.28864494,51.9560884,0.46666667,1.1131893,0.4,0.34335219,43.2623759,0.42857143,1.92788993,349,55,0.11286305,39.3892032,0.40401146,1.28173643,0.83333333,0.1910828,2.97261146,467,0.95541401,150,0.9044586,0,27,3,73.3,-1.131,0.172,0.115,0.057,0.63896848,0.08221225,0.47982063,1.02630226,0.36103152,0.16711009,33.6332035,0.26984127,2.08560278,0.44985673,0.05799563,9.10531386,0.40127389,0.8914077,0.52722063,0.18278915,83,0.4076087,1.61176366,,Florida State,30,33,58,7,119,32,27,30,46,31,33,28,52,11,93,93,61,43,92,33,71,84,24,106,2,27,4,28,11,11,52,19,111,41,55,77,2,108,56,90,95,78,91,119,75,89,76,64,60,58,1,66,40,44,38,54,36,77,113,100,96,91,26,72,98,58,87,28,78,78,65,59,116,83,98,71,85.0,72.5,30.0,33.0,58.0,7.0,120.0,27.0,30.5,46.0,31.0,33.5,28.5,57.0,11.5,32.0,95.0,93.0,62.0,44.0,92.5,33.0,71.0,84.0,24.0,33.0,2.0,27.0,4.0,28.5,11.0,11.0,52.0,19.0,111.5,41.0,55.0,77.5,2.0,108.5,58.5,90.0,95.0,78.0,91.0,120.0,89.0,77.0,64.0,60.5,58.0,69.5,70.0,44.0,75.0,44.5,101.0,54.5,37.5,80.5,26.0,100.0,96.0,91.0,26.0,72.0,98.0,58.0,87.0,28.0,78.0,78.0,65.0,59.0,116.0,83.0,83.0,71.0,95.0,,+150000,+125000,+130000,+100000,+100000,+6000,+5000,+5500,+12000,+5500,+5500,6.5,120,Over,o6.5,,,,,,,,,6.5,110,Over,o6.5,6.5,118,Over,o6.5,http://a.espncdn.com/i/teamlogos/ncaa/500/52.png,Seminoles,florida-state-seminoles,3-2-0,3,2,0,0.6,11.6,0.8,2-2-1,2,2,1,0.5,11.6,0.8,1-4-0,1,4,0,0.2,0.8,0.7,0.417,0.5,94,67
Washington,10.7,73,2.154,997,25.77833209,Jedd Fisch,Jedd Fisch,Ryan Walters,33.5,40.5,105.0,3,2.5,0.5,0.75,0.59,44.0,42.0,61.0,27.26666667,63,119,66.0,102.5,4.16,7.16,7.04,49.0,57.0,Washington,Washington,Washington,Washington,Washington,Washington Huskies,Washington,997,2026,Big Ten,318,60,0.16628831,52.8796836,0.43710692,1.23287359,0.64285714,0.18320611,2.98167939,391,0.90839695,119,0.97709924,128,32,3.9375,71.3,1.394,0.135,0.091,0.044,0.74213836,0.13077559,0.49152542,1.07889661,0.25786164,0.26849567,0.2804878,2.0094531,0.41194969,0.08982032,11.7664623,0.41221374,0.88360723,0.55660377,0.26886389,47.5889089,0.45762712,1.46615544,327,59,-0.0743402,-24.309248,0.36391437,1.1710306,0.5,0.29090909,2.36060606,390,0.83030303,137,0.85454545,0,28,2.85714286,72.1,-1.262,0.183,0.11,0.073,0.67584098,-0.0930759,0.40271493,1.0258603,0.32415902,-0.035278,12.3707005,0.28301887,1.6017025,0.50458716,-0.150301,-24.799657,0.33939394,0.75000247,0.4617737,0.08192517,52,0.39735099,1.56249421,,Washington,68,68,72,72,109,85,86,113,117,127,91,111,52,65,76,56,51,75,39,17,60,70,42,122,65,95,70,131,79,89,98,93,11,61,49,52,99,87,88,18,18,38,46,7,4,18,42,30,49,50,1,75,30,64,69,32,44,33,64,37,27,90,75,17,50,68,7,76,16,13,25,20,63,52,50,65,80.0,38.0,68.0,68.0,72.0,72.0,109.0,86.0,113.5,117.0,128.0,91.0,111.0,57.0,65.0,85.0,77.5,56.0,51.5,76.5,39.5,17.0,60.0,70.0,42.0,17.0,65.0,95.0,70.0,131.0,79.0,89.0,98.0,93.0,11.0,61.0,49.0,52.0,99.0,87.0,90.0,18.0,18.0,38.0,46.0,8.0,18.0,42.0,30.0,49.5,50.0,69.5,79.5,30.0,4.5,65.5,69.0,33.0,44.5,33.0,75.0,37.0,27.0,90.0,75.0,17.0,50.0,68.0,7.0,76.0,16.0,13.0,25.0,20.0,63.0,52.0,52.0,65.0,80.0,,+150000,+125000,+12000,+125000,+20000,+40000,+10000,+40000,+2800,+40000,+40000,6.5,140,Over,o6.5,,,,,,,,,6.5,122,Over,o6.5,6.5,130,Over,o6.5,http://a.espncdn.com/i/teamlogos/ncaa/500/264.png,Huskies,washington-huskies,3-2-0,3,2,0,0.6,8.2,-11.6,1-4-0,1,4,0,0.2,8.2,-11.6,2-3-0,2,3,0,0.4,0.6,-8.5,0.5,0.5,65.5,67
Houston,15.1,72.5,2.476,286,31.27391728,Willie Fritz,Slade Nagle,Austin Armstrong,35.5,16.0,77.5,6.5,5.5,1,0.88,0.61,26.0,22.0,55.5,26.98290598,70.2,40,59.0,33.5,4.85,6.68,7.48,60.0,45.0,Houston,Houston,Houston,Houston,Houston,Houston Cougars,Houston,286,2026,Big 12,357,53,0.34993734,124.92763,0.56302521,1.04932136,0.82051282,0.10294118,3.73088235,761,1.31372549,268,1.13235294,231,40,4.65,64.6,1.8,0.098,0.053,0.045,0.78991597,0.27627966,0.57801418,0.90090138,0.21008403,0.6268902,0.50666667,1.68596495,0.57142857,0.24932855,50.8630239,0.55882353,0.73080809,0.40896359,0.4976883,72.6624922,0.57534247,1.4936511,302,56,0.10242271,30.9316594,0.37748344,1.40683022,0.58823529,0.23275862,2.31551724,269,0.62068966,72,0.72413793,0,19,4.94736842,76.6,-0.917,0.215,0.106,0.109,0.65562914,0.02743689,0.42424242,1.16474787,0.34437086,0.24518418,43.6356944,0.28846154,2.08466079,0.38410596,-0.0551367,-6.3958594,0.34482759,0.88603988,0.58278146,0.24793008,101,0.40909091,1.68427254,,Houston,7,5,1,134,20,5,4,4,23,7,77,54,6,24,6,5,10,10,41,1,12,7,120,138,4,1,123,28,20,13,5,130,109,13,18,3,91,48,62,87,82,53,125,21,25,15,10,6,3,33,1,13,136,5,4,14,54,4,90,74,40,125,49,94,114,73,86,3,37,39,30,57,135,101,114,74,24.5,87.0,7.0,5.0,1.0,134.0,20.0,4.0,4.0,23.0,7.5,77.0,54.0,6.5,24.0,5.0,6.0,5.0,10.5,10.0,43.5,1.0,12.0,7.0,120.0,1.0,4.0,1.0,123.0,28.5,20.0,13.0,5.0,130.0,109.0,13.0,18.0,3.0,91.0,48.0,65.5,87.0,82.0,53.0,125.0,21.5,15.0,10.0,6.0,4.0,33.0,69.5,15.5,136.0,25.0,5.0,134.5,14.0,56.0,4.0,49.0,74.0,40.0,125.0,49.0,94.0,114.0,73.0,86.0,3.0,37.0,39.0,30.0,57.0,135.0,101.0,101.0,75.0,107.0,,+25000,+22500,+30000,+25000,+25000,+1200,+1600,+1500,+1400,+1400,+1100,8.5,115,Over,o8.5,,,,,8.5,110,Over,o8.5,8.5,120,Over,o8.5,8.5,115,Over,o8.5,http://a.espncdn.com/i/teamlogos/ncaa/500/248.png,Cougars,houston-cougars,4-1-0,4,1,0,0.8,21.2,2.7,2-3-0,2,3,0,0.4,21.2,2.7,4-1-0,4,1,0,0.8,0.2,6.5,0.667,0.583,23,34.5
South Carolina,8.2,72.5,2.804,353,33.83116679,Shane Beamer,Kendal Briles,Clayton White / Torrian Gray,35.5,50.0,33.0,9.5,6,3.5,0.94,0.71,15.0,10.5,28.5,24.05753425,73,58,10.0,13.5,3.22,5.84,5.69,87.0,85.0,S Carolina,S. Carolina,South Carolina,South Carolina,South Carolina,South Carolina Gamecocks,South Carolina,353,2026,SEC,373,60,0.1981268,73.9012956,0.47989276,1.19313869,0.75,0.13297872,3.67287234,691,1.30319149,245,2.37234043,446,33,4.33333333,73.5,1.12,0.131,0.075,0.056,0.72386059,0.11513466,0.54074074,0.96746527,0.27613941,0.41567902,0.32038835,2.19157262,0.50402145,0.24179463,45.4573901,0.5212766,1.00105479,0.46380697,0.19969336,34.5469519,0.43352601,1.47599239,313,62,0.16085083,50.3463104,0.39616613,1.36784759,0.66666667,0.21985816,2.50851064,354,0.76595745,108,0.92907801,0,25,4.52,71.5,-1.282,0.137,0.089,0.048,0.65175719,0.02369611,0.44607843,0.99901208,0.34824281,0.41754407,66.9748435,0.30275229,2.38493946,0.45047923,-0.0165708,-2.3364807,0.39007092,0.83420219,0.52076677,0.41088861,129,0.41717791,1.77426865,,South Carolina,54,45,35,87,60,23,9,14,25,17,7,3,45,46,117,125,41,36,74,32,66,25,103,107,38,65,35,77,23,20,11,54,69,79,63,75,98,65,108,108,110,67,117,37,33,25,30,23,20,63,1,49,131,75,78,102,82,101,95,70,64,76,44,129,132,87,129,30,44,44,57,38,110,129,132,89,12.0,38.0,54.0,45.0,35.0,87.0,66.0,9.0,14.0,25.0,17.0,7.0,3.0,48.0,46.5,23.0,118.5,125.0,42.0,37.0,75.0,32.0,66.0,25.0,103.0,32.0,38.0,65.0,35.0,77.0,23.0,20.0,11.0,54.0,69.0,79.0,63.0,75.0,98.0,66.0,114.0,108.0,110.0,67.5,117.0,42.0,25.0,30.0,23.0,20.0,63.0,69.5,53.0,131.0,33.0,75.5,61.0,103.0,82.5,101.5,44.0,70.0,64.0,76.0,44.0,129.0,132.0,87.0,129.0,30.0,44.0,44.0,57.0,38.0,110.0,129.0,129.0,89.0,123.0,,+200000,+12000,+12000,+125000,+50000,+40000,+50000,+4000,+4200,+4500,+5500,4.5,-115,Over,o4.5,,,,,6.5,-120,Over,o6.5,4.5,-102,Over,o4.5,4.5,-121,Over,o4.5,http://a.espncdn.com/i/teamlogos/ncaa/500/2579.png,Gamecocks,south-carolina-gamecocks,2-3-0,2,3,0,0.4,10.8,-3.9,1-4-0,1,4,0,0.2,10.8,-3.9,4-1-0,4,1,0,0.8,0.2,9.1,0.5,0.417,65.5,99.5
Iowa,11.1,72,3.092,296,26.20535399,Kirk Ferentz,Tim Lester,Phil Parker,38.0,34.0,14.0,-3.5,-2.5,-1,0.49,0.45,103.5,99.0,96.5,27.46645367,62.6,56,68.0,105.0,4.65,6.89,7.07,56.5,55.0,Iowa,Iowa,Iowa,Iowa,Iowa,Iowa Hawkeyes,Iowa,296,2026,Big Ten,317,57,0.12795833,40.5627921,0.42586751,1.2496216,0.57894737,0.14765101,3.26375839,486,1.28187919,191,2.0738255,309,30,3.73333333,69.4,1.514,0.11,0.054,0.057,0.70347003,0.15283793,0.50224215,1.07594773,0.29652997,0.06893547,0.24468085,2.09533787,0.47003155,0.16523463,24.6199605,0.41610738,1.27738974,0.50788644,0.18913582,30.4508675,0.45341615,1.22603771,318,60,-0.0541565,-17.221765,0.34591195,1.11002656,0.76470588,0.19018405,2.7006135,440,0.57055215,93,0.28834356,0,18,2.77777778,75.5,-1.017,0.167,0.088,0.079,0.64150943,-0.1697661,0.40686275,0.76994782,0.35849057,0.15272394,30.4218052,0.23684211,2.15545382,0.51257862,-0.1904918,-31.050157,0.36196319,0.47996731,0.44968553,0.2127399,92,0.34965035,1.86796139,,Iowa,80,79,82,67,128,43,44,77,30,65,13,23,68,80,43,32,18,11,77,56,52,56,44,83,115,116,52,102,53,60,96,4,35,83,74,60,137,70,93,28,22,21,27,100,76,51,61,3,10,5,1,10,26,11,15,60,84,25,108,15,30,4,31,67,92,29,104,81,9,5,35,2,52,92,92,27,81.5,66.5,80.0,79.0,82.0,67.0,128.0,44.0,77.0,30.0,66.0,13.0,23.0,70.5,80.0,43.0,44.5,32.0,18.5,11.0,77.5,56.0,52.0,56.5,44.0,56.0,115.0,116.0,52.0,102.0,53.0,60.0,96.0,4.0,35.0,83.0,74.0,60.0,137.0,70.0,96.0,28.0,22.0,21.0,27.0,100.0,51.0,61.5,3.0,10.0,5.0,69.5,11.0,26.0,76.0,11.0,124.0,61.0,86.5,26.5,31.0,15.0,30.0,4.0,31.0,67.0,92.0,29.0,104.0,81.0,9.0,5.0,35.0,2.0,52.0,92.0,92.0,27.0,132.0,,+35000,+30000,+14000,+30000,+12500,+5000,+6000,+5000,+3300,+7500,+7000,8.5,125,Over,o8.5,,,,,,,,,7.5,-174,Over,o7.5,8.5,125,Over,o8.5,http://a.espncdn.com/i/teamlogos/ncaa/500/2294.png,Hawkeyes,iowa-hawkeyes,4-1-0,4,1,0,0.8,16.4,3.7,3-2-0,3,2,0,0.6,16.4,3.7,1-4-0,1,4,0,0.2,0.8,-2.7,0.727,0.417,11,99.5
Kentucky,8.9,72,2.752,274,27.31011405,Will Stein,Joe Sloan,Jay Bateman,38.0,46.0,37.0,-1,-1.5,0.5,0.54,0.58,80.5,88.0,61.0,28.13230769,65,84,85.0,86.5,2.79,5.29,5.46,98.0,90.0,Kentucky,Kentucky,Kentucky,Kentucky,Kentucky,Kentucky Wildcats,Kentucky,274,2026,SEC,330,60,0.22484144,74.197674,0.51212121,1.14612201,0.75,0.15384615,3.40473373,575,1.26035503,213,1.49704142,253,32,4.5,69.6,1.407,0.136,0.091,0.045,0.76969697,0.21349171,0.57480315,0.99918226,0.23030303,0.26277342,0.30263158,2.07887001,0.51212121,0.18577067,31.3952425,0.55621302,0.85179225,0.46060606,0.26565442,40.3794725,0.45394737,1.54527636,367,58,0.03020098,11.0837615,0.43324251,1.15996102,0.73913043,0.16352201,2.94339623,468,0.94339623,150,1.04402516,0,32,3.75,69.7,-1.389,0.18,0.087,0.093,0.69754768,-0.0825818,0.4609375,0.91103111,0.30245232,0.29031269,5.13371144,0.36936937,1.87639346,0.43324251,0.10506073,16.7046555,0.44654088,1.00596834,0.53405995,0.02619241,35,0.43367347,1.2991712,,Kentucky,44,44,13,111,60,45,28,38,35,38,48,45,52,30,49,55,53,75,41,5,28,8,87,134,67,82,59,64,43,40,6,105,74,63,57,58,71,126,82,58,59,104,42,84,104,83,79,59,60,75,1,107,95,106,101,40,90,8,37,40,78,33,102,105,38,130,40,18,100,98,106,94,119,35,38,100,62.5,38.0,44.0,44.0,13.0,111.0,66.0,28.0,38.5,35.0,38.5,48.0,45.5,57.0,30.5,45.5,49.0,55.0,54.0,76.5,43.5,5.0,28.0,8.0,87.0,5.0,67.0,82.0,59.0,64.0,43.0,40.0,6.0,105.0,74.0,63.0,57.0,58.0,71.0,126.5,84.5,58.0,59.0,104.0,42.0,84.0,83.0,79.5,59.0,60.5,75.0,69.5,111.5,96.0,104.0,106.5,37.5,41.5,91.5,8.0,102.0,40.0,78.0,33.0,102.0,105.0,38.0,130.0,40.0,18.0,100.0,98.0,106.0,94.0,119.0,35.0,35.0,100.0,9.0,,+75000,+50000,+45000,+40000,+40000,+20000,+50000,+20000,+15000,+15000,+20000,6.5,110,Over,o6.5,,,,,6.5,-105,Over,o6.5,6.5,-106,Over,o6.5,6.5,115,Over,o6.5,http://a.espncdn.com/i/teamlogos/ncaa/500/96.png,Wildcats,kentucky-wildcats,4-1-0,4,1,0,0.8,7.8,5,4-1-0,4,1,0,0.8,7.8,5,4-1-0,4,1,0,0.8,0.2,8.5,0.417,0.667,94,13
Wake Forest,9.6,72,2.582,998,31.05678225,Jake Dickert,Rob Ezell,Scottie Hazelton,38.0,45.0,58.5,-0.5,-0.5,0,0.59,0.55,74.0,77.5,69.5,25.58282209,65.2,137,32.0,82.0,5.28,8.02,7.91,31.0,40.0,Wake Forest,Wake Forest,Wake Forest,Wake Forest,Wake Forest,Wake Forest Demon Deacons,Wake Forest,998,2026,ACC,329,54,0.3349783,110.20786,0.48632219,1.28350887,0.625,0.14556962,3.34050633,528,1.22151899,193,1.05063291,166,36,4.25,69.3,1.443,0.116,0.079,0.036,0.70212766,0.24937891,0.51515152,1.07382534,0.29787234,0.53674827,0.41836735,1.89210252,0.48024316,0.25122178,39.6930416,0.49367089,0.99020159,0.50151976,0.40973025,67.6054907,0.47272727,1.5757198,367,58,0.10041179,36.8511257,0.44141689,1.04171411,0.72727273,0.21084337,2.78855422,463,0.80120482,133,0.57228916,0,29,3.13793103,75.3,-1.032,0.139,0.101,0.038,0.70572207,0.06961844,0.5019305,0.93091459,0.29427793,0.17425879,32.4103949,0.2962963,1.49183716,0.45231608,0.02022368,3.35713145,0.40361446,0.80996748,0.52043597,0.16968793,79,0.47643979,1.13645048,,Wake Forest,9,11,30,47,119,39,33,60,44,62,84,82,20,51,41,45,24,43,17,60,19,44,45,79,12,9,96,89,18,28,23,60,43,28,24,40,57,126,82,86,88,107,12,75,48,63,75,27,44,27,1,85,52,14,19,98,66,125,31,93,111,42,108,75,96,81,5,31,53,53,69,30,109,79,96,123,66.0,82.0,9.0,11.0,30.0,47.0,120.0,33.0,60.5,44.0,62.0,84.0,82.0,21.0,51.5,39.0,41.5,45.5,25.0,44.0,18.5,60.0,19.0,44.0,45.0,60.0,12.0,9.0,96.0,89.0,18.0,28.0,23.0,60.0,43.0,28.0,24.0,40.5,57.0,126.5,84.5,86.0,88.0,107.0,12.0,76.0,63.0,75.0,27.0,44.5,27.0,69.5,89.5,52.0,48.0,14.0,120.0,99.5,66.5,125.5,108.0,93.0,111.0,42.0,108.0,75.0,96.0,81.0,5.0,31.0,53.0,53.0,69.0,30.0,109.0,79.0,79.0,123.0,4.0,,+75000,+60000,+110000,+50000,+75000,+2200,+2000,+2000,+9400,+2000,+2000,8.5,-125,Over,o8.5,,,,,8.5,-128,Over,o8.5,8.5,-140,Over,o8.5,8.5,-141,Over,o8.5,http://a.espncdn.com/i/teamlogos/ncaa/500/154.png,Demon Deacons,wake-forest-demon-deacons,4-1-0,4,1,0,0.8,13.6,10.9,3-2-0,3,2,0,0.6,13.6,10.9,3-2-0,3,2,0,0.6,0.4,5.7,0.667,0.583,23,34.5
Virginia Tech,12.2,71,1.946,999,32.98379191,James Franklin,Ty Howle,Brent Pry,40.0,28.0,118.0,10,6,4,0.94,0.72,13.5,10.5,25.0,25.63446475,76.6,120,33.0,6.0,5.62,8.07,8.71,28.0,30.0,VA Tech,Va. Tech,Virginia Tech,Virginia Tech,Virginia Tech,Virginia Tech Hokies,Virginia Tech,999,2026,ACC,391,62,0.21708261,84.8792993,0.46803069,1.27187683,0.75,0.20967742,2.77258065,516,1.01612903,189,1.03225806,192,37,4.54054054,67.6,1.504,0.118,0.092,0.026,0.72378517,0.09979177,0.49823322,1.0025038,0.27621483,0.52442803,0.38888889,2.17620056,0.47570332,0.06730939,12.5195471,0.46774194,0.98797378,0.49872123,0.42277241,82.4406204,0.47692308,1.55527917,298,63,-0.0087793,-2.6162377,0.32214765,1.37084871,0.625,0.37162162,1.24121622,184,0.87162162,129,1.23648649,0,30,3.1,70.3,-1.354,0.255,0.198,0.057,0.60067114,0.04906784,0.40223464,1.19961814,0.39932886,-0.0957931,22.6318524,0.20168067,1.88454041,0.4966443,-0.121647,-18.003755,0.28378378,1.29365286,0.47315436,0.16050959,76,0.36170213,1.4627639,,Virginia Tech,47,31,40,53,60,116,112,68,97,68,86,76,13,28,22,34,28,79,7,34,76,61,85,105,14,13,38,95,91,88,50,61,45,24,8,35,65,45,121,44,44,9,118,28,1,1,1,35,40,89,1,95,49,98,91,3,1,77,133,85,24,132,6,12,69,11,41,67,20,20,7,134,70,76,69,34,6.0,18.5,47.0,31.0,40.0,53.0,66.0,112.0,68.0,97.0,68.0,86.0,76.0,16.0,28.0,116.0,22.5,34.0,28.5,80.5,7.0,34.0,76.0,61.0,85.0,34.0,14.0,13.0,38.0,95.0,91.0,88.0,50.0,61.0,45.0,24.0,8.0,35.0,65.0,45.5,123.0,44.0,44.0,9.0,118.0,29.5,1.0,1.0,35.0,41.0,89.0,69.5,95.5,49.0,1.0,98.0,47.5,3.0,1.0,80.5,6.0,85.0,24.0,132.0,6.0,12.0,69.0,11.0,41.0,67.0,20.0,20.0,7.0,134.0,70.0,76.0,76.0,34.0,47.0,,+75000,+50000,+35000,+60000,+25000,+2800,+2000,+2500,+2400,+2700,+2500,8.5,115,Over,o8.5,,,,,,,,,8.5,126,Over,o8.5,8.5,102,Over,o8.5,http://a.espncdn.com/i/teamlogos/ncaa/500/259.png,Hokies,virginia-tech-hokies,4-1-0,4,1,0,0.8,21.4,3.2,3-2-0,3,2,0,0.6,21.4,3.2,4-1-0,4,1,0,0.8,0.2,9.3,0.25,0.417,131,99.5
Arizona State,0,70,3.024,270,28.12264468,Kenny Dillingham,Marcus Arroyo,Brian Ward,41.5,70.0,18.0,1.5,1.5,0,0.72,0.56,58.5,53.0,69.5,26.16423358,68.5,124,44.0,49.0,4.23,6.45,4.02,66.5,113.0,Arizona St,Arizona St.,Arizona State,Arizona St.,Arizona State,Arizona Wildcats,Arizona State,270,2026,Big 12,276,52,0.02465934,6.80597751,0.41666667,1.259956,0.77777778,0.18656716,2.8261194,379,1.13432836,152,1.18656716,159,27,3.37037037,69.8,1.365,0.163,0.105,0.058,0.66304348,-0.0071997,0.46994536,1.06935201,0.33695652,0.08734962,0.31182796,1.82519541,0.48550725,-0.0138578,-1.8569444,0.39552239,0.89701618,0.50362319,0.15112073,21.0057808,0.44604317,1.570211,271,53,0.14041893,38.0535305,0.3800738,1.37806948,0.69230769,0.1484375,2.94375,377,0.90625,116,1.515625,0,28,3.28571429,68.8,-1.469,0.137,0.081,0.055,0.63468635,0.069264,0.43023256,1.08801152,0.36531365,0.26404165,31.4411607,0.29292929,2.11821738,0.47232472,0.07802034,9.98660358,0.375,1.0766251,0.48339483,0.24000886,98,0.38167939,1.65895674,,Arizona State,115,115,96,60,46,89,106,120,63,100,73,87,97,101,55,66,104,103,79,114,112,92,46,25,108,72,108,85,111,111,108,86,39,88,93,65,61,20,45,98,91,55,120,60,117,84,36,42,26,114,1,75,62,119,118,102,104,87,116,92,46,113,23,98,94,76,94,46,85,83,45,110,80,98,94,51,119.5,93.5,115.0,115.0,96.0,60.0,48.0,106.0,120.5,63.5,100.5,73.0,87.5,101.0,101.0,89.0,56.5,66.0,104.5,104.5,83.0,114.0,112.0,92.0,46.0,114.0,108.0,72.0,108.0,85.0,111.0,111.0,108.0,86.0,39.0,88.0,93.0,65.0,61.0,20.0,48.5,98.0,91.0,55.0,120.0,60.5,84.0,36.0,42.0,26.0,114.0,69.5,79.5,62.0,117.0,119.5,21.0,103.0,105.0,88.0,23.0,92.0,46.0,113.0,23.0,98.0,94.0,76.0,94.0,46.0,85.0,83.0,45.0,110.0,80.0,98.0,98.0,51.0,103.0,100000,+100000,+90000,+30000,+125000,+30000,+4000,+5000,+5000,+6000,+5000,+5000,5.5,-130,Over,o5.5,,,,,6.5,-130,Over,o6.5,5.5,-146,Over,o5.5,5.5,-121,Over,o5.5,http://a.espncdn.com/i/teamlogos/ncaa/500/9.png,Sun Devils,arizona-state-sun-devils,2-2-0,2,2,0,0.5,1.5,-8,2-2-0,2,2,0,0.5,1.5,-8,3-1-0,3,1,0,0.75,0.25,13.75,0.455,0.333,78.5,123.5
Pittsburgh,14.6,70,2.692,316,33.03175076,Pat Narduzzi,Kade Bell,Cory Sanders,41.5,18.0,48.0,-1.5,-1.5,0,0.55,0.55,86.5,88.0,69.5,27.03133903,70.2,73,60.0,33.5,5.03,7.73,9.07,35.0,20.0,Pittsburgh,Pittsburgh,Pittsburgh,Pittsburgh,Pittsburgh,Pittsburgh Panthers,Pittsburgh,316,2026,ACC,354,60,0.25546074,90.4331029,0.46045198,1.2924282,0.66666667,0.19277108,3.1313253,520,1.20481928,200,1.26506024,210,37,4.37837838,68.9,1.532,0.116,0.068,0.048,0.70056497,0.18318667,0.50403226,1.11279413,0.29943503,0.42455479,0.35849057,1.88332974,0.46892655,0.06164271,10.2326898,0.43975904,0.86953287,0.51412429,0.45950371,83.6296744,0.48351648,1.64338894,315,62,-0.0541667,-17.062521,0.31428571,1.4503054,0.58823529,0.3046875,1.75,224,0.7578125,97,0.3984375,0,23,2.52173913,74.3,-1.082,0.171,0.114,0.057,0.61587302,-0.1246498,0.37628866,1.1112463,0.38412698,0.05883913,25.5705136,0.21487603,2.40227903,0.40634921,-0.2168098,-27.751659,0.28125,1.02939702,0.55238095,0.14695697,71,0.35057471,1.69539849,,Pittsburgh,31,23,46,43,101,98,67,66,48,56,67,65,13,38,35,28,24,22,55,61,40,53,28,78,35,38,97,104,94,93,79,101,27,19,7,32,46,68,108,27,23,7,131,21,3,2,2,21,11,11,1,33,14,24,26,56,40,77,126,24,10,117,13,36,79,14,132,8,5,8,6,98,126,71,79,28,26.5,38.0,31.0,23.0,46.0,43.0,103.0,67.0,66.0,48.0,56.0,67.0,65.0,16.0,38.0,98.0,35.5,28.5,25.0,22.0,56.5,61.0,40.0,53.0,28.0,61.0,35.0,38.0,97.0,104.0,94.0,93.0,79.0,101.0,27.0,19.0,7.0,32.0,46.0,68.0,114.0,27.0,23.0,7.0,131.0,21.5,2.0,2.5,21.0,12.0,11.0,69.5,35.5,14.0,3.0,24.0,113.0,56.0,40.5,80.5,13.0,24.0,10.0,117.0,13.0,36.0,79.0,14.0,132.0,8.0,5.0,8.0,6.0,98.0,126.0,71.0,71.0,28.0,109.0,50000,+100000,+30000,+40000,+100000,+25000,+2200,+1800,+2200,+2100,+2500,+2000,8.5,-145,Over,o8.5,,,,,8.5,-140,Over,o8.5,8.5,-132,Over,o8.5,8.5,-162,Over,o8.5,http://a.espncdn.com/i/teamlogos/ncaa/500/221.png,Panthers,pittsburgh-panthers,5-0-0,5,0,0,1,25,7.5,4-1-0,4,1,0,0.8,25,7.5,2-3-0,2,3,0,0.4,0.6,-2.5,0.667,0.636,23,21
Kansas,7.4,69.5,2.058,375,33.72898094,Lance Leipold,Matt Lubick / Andy Kotelnicki,D.K. McDonald,43.5,51.0,109.0,3.5,-0.5,4,0.59,0.73,40.0,77.5,25.0,26.39333333,75,64,46.0,8.0,4.07,6.5,5.9,63.0,82.0,Kansas,Kansas,Kansas,Kansas,Kansas,Kansas Jayhawks,Kansas,375,2026,Big 12,305,49,0.29522932,90.0449421,0.50163934,1.31750155,0.66666667,0.08379888,3.73687151,669,1.37430168,246,1.08938547,195,34,3.85294118,72.8,1.195,0.141,0.082,0.059,0.69180328,0.24941369,0.57345972,1.04735054,0.30819672,0.39807078,0.34042553,2.33901005,0.58688525,0.29172829,52.2193648,0.54189944,1.02453251,0.38360656,0.26560292,31.075542,0.41880342,1.87513722,238,51,-0.1404759,-33.433262,0.28151261,1.27718648,0.75,0.27559055,2.06377953,262,0.59055118,75,0.8976378,0,23,2.95652174,67.4,-1.485,0.223,0.151,0.071,0.59243697,-0.1011792,0.34751773,1.0499548,0.40756303,-0.1975979,11.0167855,0.18556701,1.8957616,0.53361345,-0.2120758,-26.933629,0.25984252,0.8519807,0.43697479,0.10593063,57,0.31730769,1.702063,,Kansas,19,25,16,30,101,1,3,19,13,15,82,74,36,68,103,100,64,50,88,79,18,9,60,60,41,52,15,23,9,10,7,44,122,64,73,88,7,6,31,5,11,1,88,86,6,5,6,4,6,55,1,33,36,131,122,9,11,36,135,33,6,99,4,3,46,4,43,95,6,9,1,45,41,57,46,10,94.5,112.0,19.0,25.0,16.0,30.0,103.0,3.0,19.5,13.0,15.5,82.0,74.0,40.0,68.0,1.0,103.5,100.5,65.0,51.5,89.5,79.0,18.0,9.0,60.0,79.0,41.0,52.0,15.0,23.0,9.0,10.0,7.0,44.0,122.0,64.0,73.0,88.0,7.0,6.0,34.5,5.0,11.0,1.0,88.0,90.5,5.0,6.0,4.0,6.0,55.0,69.5,35.5,36.0,6.0,132.5,17.0,9.0,11.0,37.5,4.0,33.0,6.0,99.0,4.0,3.0,46.0,4.0,43.0,95.0,6.0,9.0,1.0,45.0,41.0,57.0,57.0,10.0,110.0,,+200000,+150000,+80000,+125000,+100000,+15000,+12500,+12500,+17000,+12500,+10000,4.5,-125,Over,o4.5,,,,,4.5,-136,Over,o4.5,4.5,-115,Over,o4.5,4.5,-125,Over,o4.5,http://a.espncdn.com/i/teamlogos/ncaa/500/2305.png,Jayhawks,kansas-jayhawks,2-2-0,2,2,0,0.5,19,4.875,2-2-0,2,2,0,0.5,19,4.875,2-2-0,2,2,0,0.5,0.5,0.5,0.417,0.417,94,99.5
Minnesota,6.8,69.5,2.872,379,20.05476749,P.J. Fleck,Greg Harbaugh Jr.,Danny Collins,43.5,53.0,25.0,7.5,3,4.5,0.78,0.74,20.5,34.0,19.0,32.08307692,65,60,136.0,86.5,4.16,5.84,5.77,87.0,84.0,Minnesota,Minnesota,Minnesota,Minnesota,Minnesota,Minnesota Golden Gophers,Minnesota,379,2026,Big Ten,332,58,0.06222932,20.6601342,0.45180723,1.07118508,0.63636364,0.23717949,2.38012821,371,0.76282051,119,1.16666667,182,40,3.125,63.9,1.833,0.142,0.096,0.045,0.72590361,0.09789066,0.53941909,0.93355748,0.27409639,-0.0322144,0.21978022,1.96576443,0.46987952,-0.0207906,-3.243337,0.44230769,0.72425437,0.50301205,0.18746279,31.3062854,0.47305389,1.36023939,281,58,-0.0127742,-3.5895437,0.37010676,1.16536065,0.61111111,0.25,2.75882353,375,1,136,0.52205882,0,21,3.95238095,77.3,-0.909,0.247,0.169,0.078,0.65124555,-0.1006428,0.42622951,0.95755545,0.34875445,0.15130703,3.47579211,0.26530612,1.78877622,0.48398577,0.08073723,10.9802638,0.39705882,0.91448338,0.48042705,0.02574661,34,0.35555556,1.45096338,,Minnesota,108,107,55,131,112,127,135,123,134,127,75,79,6,114,3,3,67,87,41,29,77,26,112,110,130,127,82,103,115,115,73,132,41,84,72,39,120,27,82,42,43,45,44,25,15,58,35,77,48,22,1,22,107,3,3,4,4,29,99,34,42,53,40,66,32,54,26,58,88,85,60,67,76,34,32,32,59.0,57.0,108.0,107.0,55.0,131.0,113.5,135.0,123.0,134.0,128.0,75.0,79.0,6.5,114.0,127.0,3.0,3.5,67.5,88.0,43.5,29.0,77.0,26.0,112.0,29.0,130.0,127.0,82.0,103.0,115.0,115.0,73.0,132.0,41.0,84.0,72.0,39.0,120.0,27.5,84.5,42.0,43.0,45.0,44.0,25.5,58.0,35.0,79.0,48.0,22.0,69.5,25.0,107.0,16.0,3.0,136.0,4.0,4.0,29.0,40.0,34.0,42.0,53.0,40.0,66.0,32.0,54.0,26.0,58.0,88.0,85.0,60.0,67.0,76.0,34.0,34.0,32.0,40.0,,,+75000,+80000,+125000,+100000,+6000,+8000,+5000,+20000,+8000,+6500,6.5,-130,Over,o6.5,,,,,6.5,-132,Over,o6.5,6.5,-125,Over,o6.5,6.5,-125,Over,o6.5,http://a.espncdn.com/i/teamlogos/ncaa/500/135.png,Golden Gophers,minnesota-golden-gophers,4-1-0,4,1,0,0.8,14,5,4-1-0,4,1,0,0.8,14,5,2-3-0,2,3,0,0.4,0.6,1.9,0.364,0.546,111,48
Boise State,10.7,68.5,2.82,323,27.66572856,Spencer Danielson,Nate Potter,Erik Chinander,46.0,40.5,31.0,-1,-0.5,-0.5,0.6,0.49,80.5,77.5,81.5,31.42196532,69.2,81,133.0,41.0,5.83,9.16,9.79,15.0,15.0,Boise State,Boise St.,Boise State,Boise St.,Boise State,Boise State Broncos,Boise State,323,2026,Pac-12,351,54,0.30154375,105.841855,0.49287749,1.19208064,0.77777778,0.13942308,3.45144231,718,1.01923077,212,1.36538462,284,34,4.44117647,75.2,1.085,0.091,0.06,0.031,0.72079772,0.22566662,0.52964427,1.0549795,0.27920228,0.49743063,0.39795918,1.66314609,0.59259259,0.21028346,43.7389601,0.49519231,0.94912181,0.38746439,0.41715754,56.7334258,0.47794118,1.57101205,279,57,0.00782029,2.18186074,0.34767025,1.68826112,0.75,0.27192982,2.5877193,295,0.9122807,104,2.48245614,0,31,2.61290323,70.1,-1.354,0.201,0.122,0.079,0.609319,-0.021742,0.41176471,1.27755046,0.390681,0.05392661,3.7830413,0.24770642,2.75306651,0.40860215,0.1140417,13.0007541,0.33333333,1.30163954,0.56272401,0.0240958,33,0.36305732,1.97490582,,Boise State,18,14,23,89,46,33,24,9,96,40,57,31,36,34,134,129,7,18,11,37,25,34,57,102,20,11,127,18,32,21,20,71,119,26,33,34,59,26,70,52,51,24,138,86,7,29,13,47,17,136,1,97,18,100,91,20,29,25,130,56,34,136,9,34,35,40,138,9,105,89,21,135,132,33,35,37,30.0,82.0,18.0,14.0,23.0,89.0,48.0,24.0,9.0,96.0,40.0,57.0,31.5,40.0,34.0,33.0,134.0,129.0,7.5,18.0,11.0,37.0,25.0,34.0,57.0,37.0,20.0,11.0,127.0,18.0,32.0,21.0,20.0,71.0,119.0,26.0,33.0,34.0,59.0,26.0,75.5,52.0,51.0,24.0,138.0,90.5,29.0,13.0,47.0,17.0,136.0,69.5,101.5,18.0,7.0,100.5,47.5,20.5,29.0,26.5,9.0,56.0,34.0,136.0,9.0,34.0,35.0,40.0,138.0,9.0,105.0,89.0,21.0,135.0,132.0,33.0,33.0,37.0,136.0,,+75000,+50000,+50000,+30000,+30000,,,,,,,9.5,-175,Over,o9.5,,,,,8.5,-190,Over,o8.5,9.5,-188,Over,o9.5,,,,,http://a.espncdn.com/i/teamlogos/ncaa/500/68.png,Broncos,boise-state-broncos,4-1-0,4,1,0,0.8,13.8,5.7,3-2-0,3,2,0,0.6,13.8,5.7,4-1-0,4,1,0,0.8,0.2,0.5,0.636,0.5,34.5,67
TCU,8.8,68.5,2.026,310,25.54645018,Sonny Dykes,A.J. Ricker / Gordon Sammis,Andy Avalos,46.0,47.0,112.0,-4.5,-3.5,-1,0.44,0.47,117.5,111.5,96.5,28.54848485,66,97,95.0,71.0,3.3,5.77,6.23,90.0,72.0,TX Christian,TCU,TCU,TCU,TCU,TCU Horned Frogs,TCU,310,2026,Big 12,336,55,0.12913421,43.3890934,0.44642857,1.23942404,0.76190476,0.18125,2.9225,468,1.0375,166,0.9,144,34,3.32352941,68.4,1.503,0.146,0.116,0.03,0.67559524,0.12685452,0.55066079,1.02755408,0.32440476,0.1338818,0.2293578,2.29877382,0.47619048,-0.0138979,-2.2236705,0.44375,0.75713579,0.49702381,0.27129758,45.3066957,0.45508982,1.66737565,286,56,-0.1048421,-29.984836,0.35664336,0.95778015,0.59090909,0.21192053,2.62781457,397,0.88741722,134,0.42384106,0,19,3.42105263,72,-1.258,0.175,0.115,0.059,0.67132867,-0.2034797,0.40625,0.69327902,0.32867133,0.09663059,-1.1365783,0.25531915,1.81740881,0.52797203,-0.1707053,-25.776507,0.34437086,0.66298801,0.44755245,-0.0088795,24,0.3671875,1.32649243,,TCU,79,76,61,70,55,82,97,88,87,86,98,100,36,103,30,35,71,120,9,102,63,19,70,37,95,123,18,94,112,112,70,125,47,60,53,57,38,31,62,12,14,33,1,23,45,37,44,39,46,14,1,13,73,68,67,51,36,69,69,8,29,1,70,43,24,47,32,91,11,11,29,8,49,24,24,43,53.0,77.0,79.0,76.0,61.5,70.0,56.0,97.0,88.0,87.0,86.0,98.0,101.0,40.0,103.0,82.0,30.0,35.0,71.0,121.0,9.5,102.0,63.0,19.0,70.0,102.0,95.0,123.0,18.0,94.0,112.0,112.0,70.0,125.0,47.0,60.0,53.0,57.0,38.0,31.0,65.5,12.0,14.0,33.0,1.0,23.0,37.0,44.0,39.0,46.0,14.0,69.5,15.5,73.0,45.0,68.5,72.0,51.5,37.5,70.5,70.0,8.0,29.0,1.0,70.0,43.0,24.0,47.0,32.0,91.0,11.0,11.0,29.0,8.0,49.0,24.0,24.0,43.0,13.0,,+30000,+125000,+75000,+125000,+40000,+20000,+15000,+20000,+25000,+17500,+20000,4.5,-125,Over,o4.5,,,,,6.5,110,Over,o6.5,4.5,-125,Over,o4.5,4.5,-141,Over,o4.5,http://a.espncdn.com/i/teamlogos/ncaa/500/2628.png,Horned Frogs,tcu-horned-frogs,2-3-0,2,3,0,0.4,12,-1.8,2-3-0,2,3,0,0.4,12,-1.8,1-4-0,1,4,0,0.2,0.8,-12.3,0.546,0.5,54,67
Vanderbilt,5.1,68.5,2.414,338,21.37691453,Clark Lea,Timothy Beck,Steve Gregory / Clark Lea,46.0,56.5,85.0,-4,-3,-1,0.48,0.48,110.5,103.5,96.5,29.12025316,63.2,28,110.0,100.5,2.24,4.87,5.06,107.0,93.0,Vanderbilt,Vanderbilt,Vanderbilt,Vanderbilt,Vanderbilt,Vanderbilt Commodores,Vanderbilt,338,2026,SEC,322,53,0.09344068,30.0879001,0.40372671,1.24468681,0.79166667,0.15384615,3.04038462,474,0.99358974,155,0.5,78,28,3.03571429,70.4,1.374,0.137,0.09,0.047,0.69565217,0.02808479,0.46875,0.9723089,0.30434783,0.24282558,0.25510204,2.38867405,0.48447205,0.13757525,21.4617389,0.41025641,1.03746097,0.47826087,0.21659774,33.3560516,0.42857143,1.44563309,323,56,0.07035177,22.7236204,0.3993808,1.27912648,0.76923077,0.18300654,2.68823529,411,1.0130719,155,1.30065359,0,28,3.53571429,74.5,-1.06,0.155,0.09,0.065,0.64086687,0.04166935,0.46859903,1.01799497,0.35913313,0.12153505,24.9722306,0.27586207,2.07068135,0.47368421,0.02410244,3.68767382,0.41830065,0.93084965,0.49845201,0.15510702,75,0.39130435,1.61930541,,Vanderbilt,96,89,104,68,37,45,75,87,103,98,130,125,80,116,63,62,56,72,52,70,100,93,100,69,74,113,10,87,64,65,99,38,58,70,69,77,104,80,62,74,74,69,89,101,83,50,50,87,63,97,1,75,79,21,22,81,78,52,110,80,84,84,29,51,76,61,84,48,56,55,85,73,90,75,76,58,75.0,87.0,96.0,89.0,104.0,68.0,37.5,75.0,87.0,103.0,98.0,130.0,125.5,88.0,116.0,45.5,63.5,62.0,57.0,73.0,53.0,70.0,100.0,93.0,100.0,70.0,74.0,113.0,10.0,87.0,64.0,65.0,99.0,38.0,58.0,70.0,69.0,77.5,104.0,81.0,65.5,74.0,74.0,69.0,89.0,103.0,50.0,50.5,87.0,64.0,97.0,69.5,79.5,79.0,83.0,21.5,117.0,82.5,79.5,53.5,29.0,80.0,84.0,84.0,29.0,51.0,76.0,61.0,84.0,48.0,56.0,55.0,85.0,73.0,90.0,75.0,75.0,58.0,97.0,7500,+200000,+125000,+28000,+125000,+100000,+40000,+50000,+40000,+9400,+40000,+40000,4.5,-185,Over,o4.5,,,,,4.5,-210,Over,o4.5,4.5,-188,Over,o4.5,4.5,-182,Over,o4.5,http://a.espncdn.com/i/teamlogos/ncaa/500/238.png,Commodores,vanderbilt-commodores,3-2-0,3,2,0,0.6,0.4,-3,3-2-0,3,2,0,0.6,0.4,-3,3-2-0,3,2,0,0.6,0.4,-3.1,0.818,0.667,5,13
Illinois,7.3,68,2.716,262,26.45202951,Bret Bielema,Barry Lunney Jr.,Bobby Hauck,49.0,52.0,44.0,2.5,3.5,-1,0.79,0.48,49.5,29.0,96.5,27.16171617,60.6,115,64.0,117.0,3.35,5.9,5.98,84.0,78.0,Illinois,Illinois,Illinois,Illinois,Illinois,Illinois Fighting Illini,Illinois,262,2026,Big Ten,312,47,0.24208224,75.5296599,0.49679487,1.29782508,0.70588235,0.11428571,3.45714286,484,1.19285714,167,1.53571429,215,33,3.81818182,71.5,1.295,0.115,0.048,0.067,0.71794872,0.12734553,0.53571429,1.01703998,0.28205128,0.53413934,0.39772727,2.26051688,0.44871795,0.23120125,32.3681753,0.49285714,0.99870945,0.51923077,0.29233336,47.3580042,0.51234568,1.52696078,336,48,0.21266469,71.4553373,0.44642857,1.2695353,0.75,0.21387283,2.61445087,452,0.94219653,163,0.46242775,0,29,3.72413793,72,-1.266,0.128,0.065,0.063,0.7172619,0.18484744,0.49377593,1.1498334,0.2827381,0.28323269,51.3413843,0.32631579,1.72903618,0.51488095,0.10216977,17.6753703,0.40462428,1.02977262,0.4702381,0.32494547,116,0.5,1.4529572,,Illinois,36,42,19,41,91,9,21,79,53,84,43,62,45,70,80,83,22,7,103,40,62,28,74,99,13,12,27,118,26,38,27,56,24,54,50,20,75,98,21,124,127,112,85,86,43,33,70,58,71,18,1,85,92,68,72,115,132,58,20,128,106,121,119,104,122,109,18,82,97,105,71,99,69,116,122,131,87.0,120.5,36.0,42.0,19.0,41.0,91.5,21.0,80.0,53.0,84.5,43.0,62.0,48.0,70.0,9.0,81.0,83.5,22.5,7.0,103.5,40.0,62.0,28.0,74.0,40.0,13.0,12.0,27.0,118.0,26.0,38.0,27.0,56.0,24.0,54.0,50.0,20.0,75.0,98.5,22.5,124.0,127.0,112.0,85.0,90.5,33.0,70.0,58.0,71.0,18.0,69.5,89.5,92.0,43.0,68.5,67.0,115.5,132.0,59.5,119.0,128.0,106.0,121.0,119.0,104.0,122.0,109.0,18.0,82.0,97.0,105.0,71.0,99.0,69.0,116.0,116.0,131.5,43.0,,,+150000,+50000,+125000,+100000,+40000,+20000,+40000,+15000,+40000,+40000,4.5,100,Over,o4.5,,,,,4.5,102,Over,o4.5,4.5,104,Over,o4.5,4.5,114,Over,o4.5,http://a.espncdn.com/i/teamlogos/ncaa/500/356.png,Fighting Illini,illinois-fighting-illini,2-3-0,2,3,0,0.4,4.6,-5.6,2-3-0,2,3,0,0.4,4.6,-5.6,4-1-0,4,1,0,0.8,0.2,1.3,0.636,0.417,34.5,99.5
Oklahoma State,10.5,68,2.662,291,37.6078257,Eric Morris,Sean Brophy / Eric Morris,Skyler Cassity,49.0,42.0,49.0,10,6,4,1,0.73,13.5,10.5,25.0,25.55806452,77.5,83,31.0,5.0,4.07,5.98,7.15,83.0,53.0,Oklahoma St,Oklahoma St.,Oklahoma State,Oklahoma St.,Oklahoma State,Oklahoma State Cowboys,Oklahoma State,291,2026,Big 12,320,51,0.1614321,51.6582726,0.490625,1.10817537,0.64,0.17177914,3.22638037,526,1.28834356,210,1.32515337,216,36,3.75,71.6,1.295,0.091,0.044,0.047,0.740625,0.18411864,0.55274262,1.01194115,0.259375,0.09665246,0.31325301,1.59304778,0.509375,0.07063654,11.5137563,0.47239264,0.73057681,0.459375,0.33261487,48.8943856,0.52380952,1.5027163,252,48,-0.0297343,-7.4930464,0.37301587,1.15845234,0.61111111,0.16666667,3.08194444,444,0.95138889,137,0.88194444,0,24,3,71.4,-1.248,0.163,0.083,0.079,0.67857143,-0.0290375,0.45614035,1.02413344,0.32142857,-0.0312054,-13.967872,0.19753086,1.813257,0.57142857,0.03954233,5.69409606,0.42361111,0.92730822,0.40873016,-0.1356104,8,0.30097087,1.63905352,,Oklahoma State,69,70,26,124,110,69,51,62,27,43,59,61,20,77,83,83,7,4,52,18,39,17,77,121,103,68,132,69,89,90,46,131,75,44,44,17,86,11,21,37,39,47,40,25,100,102,63,60,49,52,1,39,40,77,63,66,97,25,60,51,73,87,79,18,12,9,30,122,65,68,90,71,19,8,12,3,77.0,102.0,69.0,70.0,26.0,124.0,110.5,51.0,62.0,27.0,44.5,59.0,61.0,21.0,77.5,69.0,83.5,83.5,7.5,4.0,53.0,18.0,39.0,17.0,77.0,18.0,103.0,68.0,132.0,69.0,89.0,90.0,46.0,131.0,75.0,44.0,44.0,17.0,86.0,11.0,22.5,37.0,39.0,47.0,40.0,25.5,102.0,63.5,60.0,49.5,52.0,69.5,43.5,44.0,100.0,78.0,75.5,66.5,99.0,26.5,79.0,51.0,73.0,87.0,79.0,18.0,12.0,9.0,30.0,122.0,65.0,68.0,90.5,71.0,19.0,8.0,8.0,3.0,99.0,,+50000,+30000,+100000,+17500,+50000,+1000,+1000,+800,+1150,+800,+900,7.5,-150,Over,o7.5,,,,,,,,,7.5,-170,Over,o7.5,7.5,-167,Over,o7.5,http://a.espncdn.com/i/teamlogos/ncaa/500/197.png,Cowboys,oklahoma-state-cowboys,3-1-0,3,1,0,0.75,17.5,6.875,3-1-0,3,1,0,0.75,17.5,6.875,2-2-0,2,2,0,0.5,0.5,-3.75,0.417,0.417,94,99.5
Virginia,8.6,68,3.248,518,26.0982754,Tony Elliott,Des Kitchings,John Rudzinski,49.0,48.0,8.0,0,-2,2,0.51,0.65,68.0,94.0,39.0,27.51820728,71.4,15,69.0,23.5,4.61,7.24,7.86,46.5,41.0,Virginia,Virginia,Virginia,Virginia,Virginia,Virginia Cavaliers,Virginia,518,2026,ACC,367,61,0.16979327,62.3141312,0.4386921,1.17343028,0.81481481,0.14948454,3.28608247,638,1.08247423,210,0.83505155,162,35,4.05714286,68.7,1.488,0.131,0.095,0.035,0.71389646,0.15809947,0.52671756,0.9691236,0.28610354,0.1989721,0.21904762,2.39927039,0.52861035,0.08592579,16.669603,0.44845361,0.86547141,0.4386921,0.3181258,51.2182534,0.44720497,1.54897541,309,62,-0.0429036,-13.257206,0.36893204,1.01142226,0.71428571,0.16470588,3.19176471,543,1,170,0.93529412,0,20,3.75,73.8,-1.129,0.181,0.094,0.087,0.66666667,-0.1188496,0.44174757,0.72660819,0.33333333,0.10898841,-10.769002,0.22330097,2.13829529,0.55016181,0.09108183,15.4839113,0.41764706,0.78561458,0.42394822,-0.0822061,15,0.32824427,1.38426749,,Virginia,63,56,69,97,22,44,40,27,75,43,108,84,23,62,33,37,41,85,15,43,51,36,101,96,85,128,6,52,81,77,66,103,91,48,40,64,68,62,108,32,33,43,6,70,103,113,113,77,85,64,1,19,95,34,36,38,73,12,76,25,57,3,60,50,15,18,101,112,93,94,84,23,30,15,15,13,14.0,27.0,63.0,56.0,69.0,97.0,23.5,40.0,27.0,75.5,44.5,108.0,84.0,29.0,62.0,44.0,33.5,37.0,42.0,85.5,15.5,43.0,51.0,36.0,101.0,43.0,85.0,128.0,6.0,52.0,81.0,77.0,66.0,103.0,91.0,48.0,40.0,64.0,68.0,62.0,114.0,32.0,33.0,43.0,6.0,71.0,113.0,113.5,79.0,85.5,64.0,69.5,20.0,96.0,103.0,35.0,102.5,38.5,73.0,12.5,61.5,25.0,57.0,3.0,61.5,50.0,15.0,18.0,101.0,112.0,93.0,94.0,84.0,23.0,30.0,15.0,15.0,13.0,22.0,40000,+150000,+100000,+35000,+125000,+30000,+4000,+5000,+5500,+1550,+5000,+5500,6.5,-145,Over,o6.5,,,,,8.5,100,Over,o8.5,6.5,-160,Over,o6.5,6.5,-129,Over,o6.5,http://a.espncdn.com/i/teamlogos/ncaa/500/258.png,Cavaliers,virginia-cavaliers,3-2-0,3,2,0,0.6,15.8,-0.8,3-2-0,3,2,0,0.6,15.8,-0.8,2-3-0,2,3,0,0.4,0.6,-0.7,0.667,0.364,23,115.5
Cincinnati,5.2,67.5,1.79,269,28.58300806,Scott Satterfield,Scott Satterfield / Pete Thomas,Nate Woody,52.0,55.0,129.5,2,0.5,1.5,0.68,0.63,54.5,61.5,47.0,26.91384615,65,127,57.0,86.5,3.24,5.99,5.65,81.5,87.0,Cincinnati,Cincinnati,Cincinnati,Cincinnati,Cincinnati,Cincinnati Bearcats,Cincinnati,269,2026,Big 12,327,57,0.28335319,92.6564917,0.4617737,1.3495867,0.81481481,0.13186813,3.58571429,653,1.5,273,2.01648352,367,34,4.79411765,69.7,1.427,0.116,0.104,0.012,0.69724771,0.27780781,0.51754386,1.1443524,0.30275229,0.29612436,0.33333333,2.0834548,0.55657492,0.31119126,56.6368086,0.47252747,1.22956519,0.42201835,0.28639354,39.5223086,0.46376812,1.51729457,349,55,0.13158545,45.9233219,0.42979943,1.19692336,0.68421053,0.19463087,3.23288591,482,1.25503356,187,1.16107383,0,26,4.19230769,75.7,-0.977,0.16,0.103,0.057,0.67335244,0.04517232,0.46382979,1.004201,0.32664756,0.30971778,49.9240136,0.35964912,1.70928278,0.4269341,0.1144479,17.0527368,0.46308725,0.89128741,0.53581662,0.26697333,106,0.4171123,1.46628013,,Cincinnati,24,21,44,18,22,21,13,22,3,5,15,12,36,19,50,50,24,99,1,65,11,43,17,74,59,55,57,33,6,7,45,7,104,56,59,47,78,108,56,96,105,100,59,53,69,118,90,122,109,84,1,58,118,9,9,69,61,77,67,83,81,78,72,110,118,125,15,16,106,100,117,58,120,106,118,88,68.5,66.5,24.0,21.0,44.0,18.0,23.5,13.0,22.0,3.0,5.0,15.0,12.0,40.0,19.0,21.0,52.0,50.5,25.0,100.5,1.0,65.0,11.0,43.0,17.0,65.0,59.0,55.0,57.0,33.0,6.0,7.0,45.0,7.0,104.0,56.0,59.0,47.0,78.0,108.5,58.5,96.0,105.0,100.0,59.0,54.5,118.0,90.0,122.0,109.5,84.0,69.5,61.5,118.0,69.0,9.5,130.0,70.5,62.5,80.5,72.0,83.0,81.0,78.0,72.0,110.0,118.0,125.0,15.0,16.0,106.0,100.0,117.0,58.0,120.0,106.0,106.0,88.0,49.0,,+150000,+125000,+100000,+125000,+100000,+10000,+12500,+10000,+9000,+8000,+8000,6.5,115,Over,o6.5,,,,,6.5,110,Over,o6.5,6.5,114,Over,o6.5,6.5,125,Over,o6.5,http://a.espncdn.com/i/teamlogos/ncaa/500/2132.png,Bearcats,cincinnati-bearcats,4-1-0,4,1,0,0.8,10.6,1.5,3-2-0,3,2,0,0.6,10.6,1.5,3-2-0,3,2,0,0.6,0.4,2.1,0.5,0.583,65.5,34.5
Duke,10.3,67.5,2.734,368,31.26381,Manny Diaz,Jonathan Brewer,Jonathan Patke,52.0,43.0,42.0,-3,-3,0,0.46,0.54,99.5,103.5,69.5,28.89492754,69,52,105.0,43.0,4.61,6.89,8.43,56.5,34.0,Duke,Duke,Duke,Duke,Duke,Duke Blue Devils,Duke,368,2026,ACC,280,47,0.29494818,82.5854894,0.44642857,1.32690958,0.75,0.16071429,3.32261905,558,1.42261905,239,1.51785714,255,31,4.67741935,67.9,1.582,0.089,0.043,0.046,0.70357143,0.2575927,0.49238579,1.1312212,0.29642857,0.38361117,0.3373494,2.00483003,0.6,0.23408286,39.3259199,0.42261905,1.14382645,0.375,0.42701064,44.8361167,0.47619048,1.6591082,235,46,-0.0641344,-15.071573,0.35319149,1.07063293,0.7,0.17171717,2.62323232,260,0.51515152,51,0.56565657,0,17,2.58823529,73.7,-1.122,0.183,0.106,0.077,0.65106383,-0.0143898,0.44444444,0.89310457,0.34893617,-0.1569505,3.55528931,0.18292683,1.87542817,0.4212766,-0.2046546,-20.260806,0.32323232,0.43885243,0.55744681,0.02713961,36,0.3740458,1.45463754,,Duke,20,35,61,22,60,56,35,45,6,21,45,43,63,22,25,23,6,3,47,55,15,68,22,84,45,54,71,13,25,30,91,14,126,22,54,37,40,5,13,23,28,30,16,63,91,36,5,1,1,25,1,8,17,37,34,32,54,30,100,60,59,30,39,7,33,3,39,14,7,19,18,1,130,36,33,46,117.0,120.5,20.0,35.0,61.5,22.0,66.0,35.0,45.0,6.0,21.5,45.0,43.5,65.0,22.0,56.0,26.0,23.0,6.0,3.0,49.0,55.0,15.0,68.0,22.0,55.0,45.0,54.0,71.0,13.0,25.0,30.0,91.0,14.0,126.0,22.0,54.0,37.0,40.0,5.0,14.5,23.0,28.0,30.0,16.0,64.0,36.0,5.0,1.0,1.0,25.0,69.5,8.5,17.0,91.0,37.5,105.0,33.0,56.0,30.0,39.0,60.0,60.0,30.0,39.0,7.0,33.0,3.0,39.0,14.0,7.0,19.0,18.0,1.0,130.0,36.0,36.0,46.0,44.0,,+75000,+55000,+90000,+60000,+75000,+2500,+2000,+2000,+7800,+2000,+2000,7.5,-175,Over,o7.5,,,,,7.5,-180,Over,o7.5,8.5,106,Over,o8.5,7.5,-182,Over,o7.5,http://a.espncdn.com/i/teamlogos/ncaa/500/150.png,Blue Devils,duke-blue-devils,4-0-0,4,0,0,1,25.25,11.125,4-0-0,4,0,0,1,25.25,11.125,2-2-0,2,2,0,0.5,0.5,-6.75,0.455,0.75,78.5,3
North Carolina,1.8,67.5,1.79,336,22.63063596,Bill Belichick,Bobby Petrino,Steve Belichick,52.0,64.5,129.5,-4,-3,-1,0.46,0.45,110.5,103.5,96.5,28.62608696,57.5,82,98.5,131.0,3.41,5.71,4.34,93.0,109.5,N Carolina,N. Carolina,North Carolina,North Carolina,North Carolina,North Carolina Tar Heels,North Carolina,336,2026,ACC,233,39,0.12978442,30.2397707,0.45922747,1.1127271,0.77777778,0.15454545,3.72090909,409,1.45454545,160,0.66363636,73,21,4.23809524,71.6,1.322,0.206,0.099,0.107,0.67381974,-0.0249681,0.50318471,0.80233904,0.32618026,0.44947046,0.36842105,1.98846484,0.472103,0.10239765,11.2637416,0.47272727,0.75330091,0.50643777,0.19639547,23.1746656,0.44067797,1.47957181,284,42,0.06173746,17.5334396,0.43661972,1.01879635,0.86363636,0.11188811,3.26433566,467,0.88111888,126,0.92307692,0,23,3.39130435,68,-1.484,0.158,0.092,0.067,0.71126761,0.06713762,0.51980198,0.84876497,0.28873239,0.04843465,14.6014318,0.23170732,1.95844347,0.50352113,0.11480441,16.4170311,0.46853147,0.80462441,0.46126761,0.11146131,58,0.41984733,1.29837158,,North Carolina,78,88,49,120,46,48,5,106,5,91,119,128,127,53,83,76,135,92,137,106,116,55,135,33,28,25,73,100,77,91,43,126,36,81,89,69,95,30,3,69,70,106,7,129,136,121,76,37,37,62,1,33,72,125,121,74,75,49,24,89,127,20,115,33,55,22,60,75,107,97,119,29,62,58,55,92,138.0,137.5,78.0,88.0,49.0,120.0,48.0,5.0,106.0,5.0,91.0,119.0,128.5,128.5,53.0,48.0,83.5,76.0,135.0,92.5,137.0,106.0,116.0,55.0,135.0,106.0,28.0,25.5,73.0,100.0,77.0,91.0,43.5,126.0,36.0,81.0,89.0,69.5,95.0,30.0,3.0,69.0,70.0,106.0,7.0,129.0,121.0,77.0,37.0,37.0,62.0,69.5,35.5,72.0,136.0,125.5,18.0,74.5,75.0,49.5,115.0,89.0,127.0,20.0,115.0,33.0,55.0,22.0,60.0,75.0,107.0,97.0,119.0,29.0,62.0,58.0,58.0,92.0,8.0,,,+125000,+85000,+125000,+100000,+10000,+8000,+10000,+17000,+8000,+10000,5.5,-115,Over,o5.5,,,,,,,,,5.5,-132,Over,o5.5,5.5,-136,Over,o5.5,http://a.espncdn.com/i/teamlogos/ncaa/500/153.png,Tar Heels,north-carolina-tar-heels,2-2-0,2,2,0,0.5,4.5,3.375,2-2-0,2,2,0,0.5,4.5,3.375,2-2-0,2,2,0,0.5,0.5,-4.5,0.455,0.364,78.5,115.5
NC State,1.9,66.5,2.256,317,30.0174359,Dave Doeren,Kurt Roper,D.J. Eliot / Charlton Warren,54.0,62.5,99.0,2,3,-1,0.77,0.47,54.5,34.0,96.5,28.0441989,72.4,118,82.0,16.0,4.69,6.97,6.26,52.5,71.0,NC State,NC St.,NC State,North Carolina St.,NC State,NC State Wolfpack,NC State,317,2026,ACC,364,61,0.23800714,86.6346007,0.46703297,1.25550713,0.86206897,0.12903226,3.25215054,605,1.03225806,192,1.60752688,299,37,4.35135135,71.5,1.306,0.151,0.082,0.069,0.68681319,0.14106936,0.504,0.97949595,0.31318681,0.45059,0.38596491,2.04590277,0.51098901,0.14825531,27.5754876,0.44623656,0.96062173,0.46153846,0.3614417,60.7222054,0.49404762,1.55064234,297,61,0.14170888,42.0875378,0.41414141,1.30383581,0.68,0.2027972,2.88811189,413,1.16783217,167,1.56643357,0,27,3.7037037,71.9,-1.252,0.178,0.091,0.088,0.7003367,0.07359501,0.47115385,1.16719856,0.2996633,0.30089636,41.8993657,0.28089888,1.83945382,0.48148148,0.06475191,9.25952299,0.45454545,1.08364279,0.48484848,0.29096782,111,0.38888889,1.57649606,,NC State,38,29,41,62,6,19,47,32,89,63,36,26,13,42,80,81,80,50,106,92,55,54,96,47,27,16,64,67,60,52,68,68,72,36,29,29,66,43,100,100,99,87,100,49,58,74,52,112,80,116,1,66,90,70,65,45,76,10,35,95,88,128,104,106,111,67,35,57,82,80,112,112,81,111,111,57,15.5,27.0,38.0,29.0,41.0,62.0,6.0,47.0,32.0,89.5,63.5,36.0,26.5,16.0,42.0,19.0,81.0,81.0,81.5,51.5,107.0,92.0,55.0,54.0,96.0,92.0,27.0,16.0,64.0,67.0,60.0,52.0,68.0,68.0,72.0,36.0,29.0,29.0,66.0,43.5,103.5,100.0,99.0,87.0,100.0,49.5,74.0,52.0,112.0,81.5,116.0,69.5,70.0,90.0,58.5,71.0,74.0,45.0,76.5,10.5,104.0,95.0,88.0,128.0,104.0,106.0,111.0,67.0,35.0,57.0,82.0,80.0,112.0,112.0,81.0,111.0,111.0,57.0,90.0,,+200000,+150000,+100000,+125000,+100000,+6000,+5000,+6500,+8400,+8000,+7500,6.5,-160,Over,o6.5,,,,,6.5,-170,Over,o6.5,6.5,-150,Over,o6.5,6.5,-162,Over,o6.5,http://a.espncdn.com/i/teamlogos/ncaa/500/152.png,Wolfpack,nc-state-wolfpack,3-2-0,3,2,0,0.6,11.2,4.3,2-3-0,2,3,0,0.4,11.2,4.3,4-1-0,4,1,0,0.8,0.2,9.3,0.5,0.583,65.5,34.5
Clemson,1.9,66,2.494,382,21.70728895,Dabo Swinney,Chad Morris,Tom Allen,55.0,62.5,75.5,-0.5,-2,1.5,0.51,0.63,74.0,94.0,47.0,25.87987988,66.6,136,39.0,67.0,5.09,5.88,5.08,85.0,92.0,Clemson,Clemson,Clemson,Clemson,Clemson,Clemson Tigers,Clemson,382,2026,ACC,335,62,-0.0383349,-12.842204,0.35522388,1.20716915,0.75,0.20382166,2.75477707,433,1.00636943,158,1.39490446,219,28,2.78571429,71.1,1.303,0.182,0.143,0.039,0.65074627,-0.0865097,0.40825688,0.88230163,0.34925373,0.05142667,0.25641026,2.1709428,0.46865672,0.06126545,9.61867548,0.36305732,1.0262841,0.49552239,0.00387562,0.64335224,0.36144578,1.39562688,351,57,0.07648495,26.8462162,0.43019943,1.1857922,0.72,0.11585366,3.56158537,584,1.32317073,217,0.92073171,0,32,2.53125,74.4,-1.083,0.16,0.071,0.088,0.6951567,-0.0120113,0.45901639,0.96675519,0.3048433,0.27828944,1.0431786,0.36448598,1.81482157,0.46723647,0.21866158,35.860499,0.50609756,0.85897011,0.51282051,0.00579544,27,0.36666667,1.562835,,Clemson,125,126,128,80,60,108,114,100,99,93,53,58,80,125,73,82,121,136,25,121,129,130,126,18,118,112,39,106,95,94,124,43,48,126,126,124,117,112,70,77,81,101,52,73,134,136,124,129,127,61,1,107,15,23,27,69,120,10,39,63,76,58,100,103,28,129,31,38,127,130,135,47,104,27,28,41,56.0,18.5,125.0,126.0,128.0,80.0,66.0,114.0,100.0,99.0,93.5,53.0,58.5,88.0,125.0,108.0,74.0,82.0,121.5,136.0,26.5,121.0,129.0,130.0,126.0,121.0,118.0,112.0,39.0,106.0,95.0,94.0,124.0,43.0,48.0,126.0,126.0,124.0,117.0,112.0,75.5,77.0,81.0,101.0,52.0,73.0,136.0,124.0,129.0,127.5,61.0,69.5,111.5,15.0,134.0,23.0,112.0,70.5,120.5,10.5,100.0,63.0,76.0,58.0,100.0,103.0,28.0,129.0,31.0,38.0,127.0,130.0,135.0,47.0,104.0,27.0,27.0,41.5,81.0,,+50000,+100000,+50000,+125000,+40000,+6000,+5000,+7000,+2300,+5000,+5000,6.5,-165,Over,o6.5,,,,,,,,,7.5,136,Over,o7.5,6.5,-167,Over,o6.5,http://a.espncdn.com/i/teamlogos/ncaa/500/228.png,Tigers,clemson-tigers,3-2-0,3,2,0,0.6,-6.4,-6.5,2-3-0,2,3,0,0.4,-6.4,-6.5,3-2-0,3,2,0,0.6,0.4,-4.3,0.417,0.3,94,130
UCF,8.4,65.5,2.062,258,24.6352935,Scott Frost,Steve Cooper / Scott Frost,Alex Grinch,56.0,49.0,108.0,7,6,1,0.92,0.61,23.5,10.5,55.5,28.16312057,56.4,46,87.0,134.5,3.62,5.83,6.73,89.0,67.0,Central FL,UCF,UCF,UCF,UCF,UCF Knights,UCF,258,2026,Big 12,283,59,0.11799643,33.3929892,0.40989399,1.27486605,0.72222222,0.19178082,2.95890411,432,1.35616438,198,2.26027397,330,29,4.86206897,66.8,1.682,0.155,0.106,0.049,0.68551237,-0.0023694,0.45876289,0.9960786,0.31448763,0.3803668,0.30337079,2.19383211,0.51590106,0.17796234,25.9825022,0.43150685,1.16406997,0.45936396,0.04794126,6.23236373,0.38461538,1.40063428,366,61,-0.0318924,-11.672622,0.37704918,1.12476175,0.66666667,0.21111111,2.48,446,0.66111111,119,0.9,0,32,2.5,70.6,-1.33,0.156,0.096,0.06,0.6557377,-0.1567799,0.44166667,0.82796184,0.3442623,0.20598854,11.5154027,0.25396825,2.10791145,0.49180328,-0.0823274,-14.818938,0.35,0.72908386,0.48087432,0.06542842,45,0.40909091,1.49082281,,UCF,82,83,102,51,82,97,91,101,16,58,10,19,74,16,15,9,87,107,59,94,111,102,89,45,50,80,34,59,48,55,84,11,76,114,116,108,114,125,100,36,35,51,31,37,46,23,65,8,30,56,1,107,13,94,87,80,72,67,89,18,56,11,50,85,49,46,90,64,31,23,31,15,77,45,49,74,113.5,47.5,82.0,83.0,102.0,51.0,82.0,91.0,101.0,16.0,58.5,10.0,19.0,76.5,16.0,97.0,16.0,9.0,88.0,107.5,60.0,94.0,111.0,102.5,89.0,94.0,50.0,80.0,34.0,59.0,48.0,55.0,84.0,11.0,76.0,114.0,116.0,108.0,114.0,125.0,103.5,36.0,35.0,51.0,31.0,42.0,23.0,66.0,8.0,30.0,56.0,69.5,111.5,13.0,46.0,94.0,52.0,80.0,72.0,67.5,50.0,18.0,56.0,11.0,50.0,85.0,49.0,46.0,90.0,64.0,31.0,23.0,31.0,15.0,77.0,45.0,45.0,75.0,56.0,,+150000,+125000,+90000,+125000,+75000,+5000,+8000,+7500,+7400,+5500,+5500,6.5,115,Over,o6.5,,,,,6.5,120,Over,o6.5,6.5,108,Over,o6.5,6.5,110,Over,o6.5,http://a.espncdn.com/i/teamlogos/ncaa/500/2116.png,Knights,ucf-knights,3-2-0,3,2,0,0.6,14.8,6.9,4-1-0,4,1,0,0.8,14.8,6.9,2-3-0,2,3,0,0.4,0.6,-2.7,0.273,0.5,127,67
James Madison,12.1,64,3.588,260,33.21339355,Billy Napier,Cam Aiken,Robert Bala / Josh Linam,57.0,29.0,2.0,-10,-6,-4,0.2,0.23,137.0,133.5,137.0,24.78549849,66.2,42,19.0,69.0,7.08,10.29,11.06,6.0,4.0,James Mad,JMU,James Madison,James Madison,James Madison,James Madison Dukes,James Madison,260,2026,Sun Belt,335,61,0.32717412,109.603332,0.48955224,1.22418678,0.72,0.13483146,3.38202247,602,1.21348315,216,2.28089888,406,38,4.65789474,66.8,1.637,0.101,0.066,0.036,0.72835821,0.2079753,0.53688525,0.97540322,0.27164179,0.64678416,0.36263736,2.21178213,0.53134328,0.2585886,46.0287717,0.50561798,0.98012655,0.45074627,0.4237337,63.9837885,0.47682119,1.54682866,369,66,-0.0914298,-33.737608,0.32249322,1.29893228,0.75,0.1746988,2.61024096,433,0.74096386,123,0.46987952,0,29,2.55172414,72.7,-1.17,0.168,0.106,0.062,0.58807588,-0.2101372,0.3640553,0.96885353,0.41192412,0.07804052,-5.7491258,0.26315789,1.95083782,0.4498645,-0.0766718,-12.727524,0.30722892,0.97798625,0.51490515,-0.0302586,22,0.32105263,1.57632928,,James Madison,13,12,27,75,83,26,31,33,47,35,9,7,11,23,15,16,12,21,17,26,30,27,98,113,3,32,31,48,14,19,15,64,85,23,27,36,69,128,137,16,10,10,95,86,89,30,58,18,34,19,1,85,16,53,50,58,54,62,136,6,8,60,3,40,20,53,57,29,32,29,14,87,107,22,20,11,56.0,27.0,13.0,12.0,27.0,75.0,83.5,31.0,33.0,47.0,35.0,9.0,7.0,11.5,23.0,26.0,16.0,16.0,12.5,21.0,18.5,26.0,30.0,27.0,98.0,26.0,3.0,32.0,31.0,48.0,14.0,19.0,15.0,64.0,85.0,23.0,27.0,36.0,69.0,129.0,137.5,16.0,10.0,10.0,95.0,90.5,30.0,58.0,18.0,35.0,19.0,69.5,89.5,16.0,89.0,55.0,89.0,58.5,56.0,63.0,3.0,6.0,8.0,60.0,3.0,40.0,20.0,53.0,57.0,29.0,32.0,29.0,14.0,87.0,107.0,22.0,22.0,11.0,89.0,100000,+100000,+100000,+100000,+125000,+100000,-120,+115,-125,+280,+110,+100,8.5,-155,Over,o8.5,,,,,10.5,-160,Over,o10.5,10.5,-162,Over,o10.5,,,,,https://a.espncdn.com/i/teamlogos/ncaa/500/256.png,Dukes,james-madison-dukes,5-0-0,5,0,0,1,31.6,17.3,5-0-0,5,0,0,1,31.6,17.3,3-2-0,3,2,0,0.6,0.4,7.3,0.667,0.417,23,99.5
Iowa State,4.3,63.5,2.776,529,25.94776159,Jimmy Rogers,Tyler Roehl,Jesse Bobbit,59.5,59.0,34.5,-7,-6,-1,0.23,0.45,128.5,133.5,96.5,29.88853503,62.8,89,118.0,104.0,3.56,5.01,5.03,104.0,94.0,Iowa State,Iowa St.,Iowa State,Iowa St.,Iowa State,Iowa State Cyclones,Iowa State,529,2026,Big 12,319,60,0.17086678,54.506504,0.41065831,1.32422774,0.63157895,0.19786096,3.02352941,565,1.12834225,211,1.67379679,313,30,4.9,72,1.317,0.154,0.082,0.072,0.69592476,0.10507151,0.44594595,1.15633751,0.30407524,0.32144978,0.32989691,1.84363813,0.5862069,0.14169462,26.4968944,0.39572193,1.20496755,0.38557994,0.27132769,33.3733055,0.45528455,1.50059825,307,63,0.04478108,13.7477917,0.38436482,1.26903795,0.66666667,0.19298246,2.80526316,480,0.97076023,166,1.40350877,0,27,2.88888889,69.7,-1.418,0.176,0.127,0.049,0.68403909,0.07382637,0.47142857,1.03608751,0.31596091,-0.0181005,15.8801397,0.19587629,2.48283234,0.55700326,0.01871486,3.20024072,0.40350877,1.08059959,0.41693811,0.12406359,60,0.3515625,1.63361812,,Iowa State,62,65,101,24,116,104,79,42,65,41,30,21,68,14,87,77,86,50,110,69,74,115,14,70,55,58,105,24,62,53,107,8,121,59,68,54,87,57,121,64,63,57,84,37,73,66,88,71,77,105,1,66,32,106,109,47,22,99,54,96,89,93,85,20,58,8,135,115,52,52,68,111,23,60,58,30,78.5,38.0,62.0,65.0,101.0,24.0,117.0,79.0,42.0,65.0,41.5,30.0,21.5,70.5,14.0,104.0,87.5,77.0,86.0,51.5,111.0,69.0,74.0,115.0,14.0,69.0,55.0,58.5,105.0,24.0,62.0,53.0,107.0,8.0,121.0,59.0,68.0,54.5,87.0,58.0,123.0,64.0,63.0,57.0,84.0,42.0,66.0,88.0,71.0,78.0,105.0,69.5,70.0,32.0,73.0,106.5,30.0,48.5,22.5,99.5,85.0,96.0,89.0,93.0,85.0,20.0,58.0,8.0,135.0,115.0,52.0,52.0,68.0,111.0,23.0,60.0,60.0,30.0,98.0,,+100000,+125000,+100000,+125000,+100000,+10000,+12500,+8000,+12500,+7000,+7000,5.5,-115,Over,o5.5,,,,,5.5,-115,Over,o5.5,5.5,-113,Over,o5.5,5.5,105,Over,o5.5,http://a.espncdn.com/i/teamlogos/ncaa/500/66.png,Cyclones,iowa-state-cyclones,3-2-0,3,2,0,0.6,12.4,5.6,2-2-1,2,2,1,0.5,12.4,5.6,3-2-0,3,2,0,0.6,0.4,7.1,0.455,0.333,78.5,123.5
Michigan State,-1,63.5,1.854,309,18.82646436,Pat Fitzgerald,Nick Sheridan,Joe Rossi / Max Bullough,59.5,77.0,125.0,-4,-2,-2,0.52,0.38,110.5,94.0,117.5,28.12426036,67.6,85,84.0,56.5,2.97,4.05,3.08,119.0,125.0,Michigan St,Michigan St.,Michigan State,Michigan St.,Michigan State,Michigan State Spartans,Michigan State,309,2026,Big Ten,345,50,-0.0501174,-17.290514,0.42608696,1.01226977,0.7037037,0.18478261,2.90271739,534,0.80978261,149,0.47826087,88,30,3,69.5,1.422,0.18,0.107,0.072,0.73333333,-0.0466687,0.48616601,0.85997888,0.26666667,-0.0596015,0.26086957,1.79276058,0.53333333,-0.0353195,-6.4987909,0.42391304,0.79845255,0.43768116,-0.0140825,-2.1264594,0.43708609,1.27730567,296,50,0.17571281,52.0109923,0.40202703,1.34046792,0.68181818,0.21818182,2.90060606,479,1,165,1.11515152,0,24,3.70833333,71.9,-1.262,0.139,0.081,0.057,0.65540541,0.056353,0.45360825,1.06326857,0.34459459,0.4027305,30.3554886,0.30392157,2.12735639,0.55743243,0.10215602,16.8557438,0.41212121,0.99261671,0.41554054,0.24679259,100,0.38211382,1.80529899,,Michigan State,129,129,81,136,93,86,99,58,130,104,132,122,68,118,47,52,120,109,110,23,123,77,131,116,133,110,113,44,122,123,89,116,95,129,130,72,131,41,28,117,112,74,111,51,35,76,86,77,76,81,1,39,91,70,69,98,104,77,91,86,72,104,48,126,91,89,99,116,96,99,79,89,22,100,91,53,40.5,108.5,129.0,129.0,81.0,136.0,93.0,99.0,58.5,130.0,104.5,132.0,122.0,70.5,118.5,86.5,47.5,52.0,120.0,110.0,111.0,23.0,123.0,77.0,131.0,23.0,133.0,110.0,113.0,44.0,122.0,123.0,89.0,116.0,95.0,129.0,130.0,72.0,131.0,41.5,29.0,117.0,112.0,74.0,111.0,51.5,76.0,86.5,79.0,76.0,81.0,69.5,43.5,91.0,35.0,71.0,69.0,99.5,105.0,80.5,48.0,86.0,72.0,104.0,48.0,126.0,91.0,89.0,99.0,116.0,96.0,99.0,79.0,89.0,22.0,100.0,100.0,53.0,130.0,,+250000,+150000,+120000,+125000,+100000,+50000,+50000,+40000,+50000,+40000,+40000,3.5,-145,Over,o3.5,,,,,,,,,3.5,-138,Over,o3.5,3.5,-139,Over,o3.5,http://a.espncdn.com/i/teamlogos/ncaa/500/127.png,Spartans,michigan-state-spartans,2-3-0,2,3,0,0.4,-5,-1.9,2-2-1,2,2,1,0.5,-5,-1.9,1-4-0,1,4,0,0.2,0.8,-6.9,0.583,0.583,44.5,34.5
North Dakota State,10.8,63.5,2.5,362,25.51868878,Tim Polasek,Dan Larson,Grant Olson,59.5,38.5,72.5,-2.5,-3.5,1,0.45,0.6,95.5,111.5,55.5,29.95692308,65,12,119.0,86.5,6.4,10.05,10.76,10.0,6.0,N Dakota St,NDSU,North Dakota State,North Dakota St.,North Dakota State,,,362,2026,Mountain West,330,52,0.16783493,55.3855284,0.42424242,1.30675135,0.75,0.19072165,2.98298969,579,1.08247423,210,0.91237113,177,30,4.16666667,71.1,1.371,0.13,0.079,0.052,0.69393939,0.06622831,0.48034934,1.01630125,0.30606061,0.39821036,0.2970297,2.37173508,0.58787879,0.07069109,13.7140713,0.40206186,1.01770833,0.38787879,0.35413712,45.3295509,0.46875,1.69554118,291,54,-0.1816943,-52.87305,0.37457045,1.00158633,0.70833333,0.16875,2.726875,436,0.80625,129,0.4125,0,19,1.63157895,72.7,-1.141,0.175,0.103,0.072,0.67353952,-0.0832666,0.48469388,0.86568373,0.32646048,-0.3847663,-18.041057,0.14736842,1.92378255,0.54982818,-0.1923582,-30.777305,0.3875,0.69952658,0.41924399,-0.1478775,7,0.36065574,1.44998573,,North Dakota State,65,63,84,38,60,95,85,37,75,43,97,80,68,57,73,65,40,43,66,74,86,83,75,65,40,85,11,22,88,84,104,47,118,40,52,44,30,38,53,2,1,49,4,67,97,52,59,28,40,13,1,13,2,53,44,51,61,34,66,39,101,23,73,1,6,1,52,110,8,6,53,13,27,7,6,33,62.5,93.5,65.0,63.0,84.5,38.0,66.0,85.0,37.0,75.5,44.5,97.0,80.0,70.5,57.5,95.0,74.0,65.0,40.0,44.0,66.0,74.0,86.0,83.0,75.0,74.0,40.0,85.0,11.0,22.0,88.0,84.0,104.0,47.0,118.0,40.0,52.0,44.0,30.0,38.5,54.0,2.0,1.0,49.0,4.0,68.0,52.0,59.0,28.0,41.0,13.0,69.5,15.5,2.0,97.0,55.0,95.0,51.5,62.5,34.5,73.0,39.0,101.0,23.0,73.0,1.0,6.0,1.0,52.0,110.0,8.0,6.0,53.0,13.0,27.0,7.0,7.0,33.0,38.0,,,,,,,,,,,,,,,,,,,,,,,,,,,,,,,,,,,north-dakota-state-bison,5-0-0,5,0,0,1,23.8,5.5,3-2-0,3,2,0,0.6,23.8,5.5,1-4-0,1,4,0,0.2,0.8,-5.5,,,,
West Virginia,1.8,63.5,2.518,995,33.78723071,Rich Rodriguez,Rich Rodriguez,Zac Alley,59.5,64.5,68.0,3,6,-3,0.89,0.32,44.0,10.5,129.5,23.17927171,71.4,69,5.0,23.5,2.72,5.05,4.48,103.0,105.0,W Virginia,W. Virginia,West Virginia,West Virginia,West Virginia,West Virginia Mountaineers,West Virginia,995,2026,Big 12,360,64,0.21520346,77.4732454,0.44722222,1.31477897,0.68965517,0.14122137,3.29427481,863,1.11832061,293,1.68320611,441,35,4.34285714,70.3,1.386,0.122,0.086,0.036,0.73055556,0.17736322,0.4904943,1.05615272,0.26944444,0.31780121,0.32989691,2.35736601,0.72777778,0.18204283,47.6952215,0.47328244,1.04538479,0.25833333,0.32369019,30.1031878,0.37634409,2.31870932,358,63,0.17031012,60.9710244,0.45530726,1.20933866,0.70833333,0.20765027,2.9557377,541,1.10382514,202,1.3989071,0,34,3.82352941,73.1,-1.173,0.142,0.106,0.036,0.70949721,0.13141503,0.51968504,1.02503842,0.29050279,0.2653039,59.1960091,0.29807692,1.99410094,0.51117318,0.04476917,8.19275773,0.3989071,0.94561622,0.45810056,0.36095128,123,0.5304878,1.43513467,,West Virginia,49,38,59,31,98,35,39,2,67,1,28,4,23,44,62,59,30,65,17,24,45,72,55,115,56,58,13,5,47,17,41,37,134,46,76,111,1,120,121,115,120,120,66,67,51,85,111,99,122,104,1,120,99,48,51,93,54,127,26,113,126,89,113,99,126,83,68,80,70,74,64,78,60,123,126,136,20.0,8.5,49.0,38.0,59.0,31.0,98.0,39.0,2.0,67.0,1.0,28.0,4.0,29.0,44.5,35.0,62.0,59.0,30.5,66.0,18.5,24.0,45.0,72.0,55.0,24.0,56.0,58.5,13.0,5.0,47.0,17.0,41.5,37.0,134.0,46.0,76.0,111.0,1.0,120.5,123.0,115.0,120.0,120.0,66.0,68.0,85.0,111.0,99.0,122.0,104.0,69.5,122.5,99.0,51.0,48.0,87.5,93.5,56.0,128.0,113.0,113.0,126.0,89.0,113.0,99.0,126.0,83.0,68.0,80.0,70.0,74.0,64.0,78.0,60.0,123.0,123.0,136.0,34.0,,,+125000,+90000,+125000,+75000,+25000,+30000,+20000,+30000,+25000,+25000,5.5,-125,Over,o5.5,,,,,5.5,-105,Over,o5.5,5.5,-142,Over,o5.5,5.5,-130,Over,o5.5,http://a.espncdn.com/i/teamlogos/ncaa/500/277.png,Mountaineers,west-virginia-mountaineers,3-2-0,3,2,0,0.6,8.6,-1.5,2-2-1,2,2,1,0.5,8.6,-1.5,5-0-0,5,0,0,1,0,10.9,0.583,0.417,44.5,99.5
Arkansas,-3.1,63,2.22,329,20.06917594,Ryan Silverfield,Tim Cramsey,Ron Roberts,64.0,84.5,100.0,6,2.5,3.5,0.76,0.7,27.5,42.0,28.5,27.08333333,69.6,129,62.0,40.0,1.17,2.98,2.29,132.0,131.0,Arkansas,Arkansas,Arkansas,Arkansas,Arkansas,Arkansas Razorbacks,Arkansas,329,2026,SEC,353,55,0.01461574,5.15935528,0.41076487,1.11417839,0.80952381,0.18918919,2.65540541,393,0.79054054,117,0.35135135,52,30,3.26666667,72.4,1.21,0.184,0.096,0.088,0.63456091,-0.0680668,0.48660714,0.73437018,0.36543909,0.15818852,0.27906977,2.26415324,0.41926346,-0.0954209,-14.122295,0.37837838,0.61051073,0.55807365,0.13104092,25.8150612,0.43654822,1.4340181,300,55,0.166878,50.0633987,0.42666667,1.10539251,0.84,0.15432099,3.15925926,512,1.11728395,181,1.09876543,0,28,5.07142857,69.2,-1.438,0.123,0.083,0.04,0.72333333,0.17182926,0.50691244,1.05763029,0.27666667,0.15393314,22.2960392,0.21686747,1.39727279,0.54,0.19924828,32.2782216,0.45679012,0.95731639,0.43,0.17283751,81,0.41085271,1.33138344,,Arkansas,117,118,100,119,28,91,123,110,132,130,137,137,68,108,93,97,123,87,134,134,127,74,138,5,90,99,26,127,130,132,119,135,10,93,83,73,109,47,56,110,109,98,26,122,114,109,104,101,105,79,1,75,137,115,113,120,97,120,13,122,113,103,126,70,66,15,2,100,124,124,115,82,35,81,66,81,28.0,77.0,117.0,118.0,100.0,119.0,29.5,123.0,110.5,132.0,130.0,137.0,137.0,70.5,108.0,91.0,95.0,97.5,123.0,88.0,134.0,134.0,127.0,74.0,138.0,134.0,90.0,99.0,26.0,127.0,130.0,132.0,119.0,135.0,10.0,93.0,83.0,73.0,109.0,47.0,58.5,110.0,109.0,98.0,26.0,122.5,109.0,104.0,101.0,105.0,79.0,69.5,79.5,137.0,114.0,116.0,26.0,121.0,99.0,121.0,126.0,122.0,113.0,103.0,126.0,70.0,66.0,15.0,2.0,100.0,124.0,124.0,115.0,82.0,35.0,81.0,81.0,81.0,16.0,,+25000,+150000,+90000,+125000,+50000,+50000,+50000,+40000,+30000,+40000,+30000,3.5,160,Over,o3.5,,,,,3.5,140,Over,o3.5,3.5,140,Over,o3.5,3.5,157,Over,o3.5,http://a.espncdn.com/i/teamlogos/ncaa/500/8.png,Razorbacks,arkansas-razorbacks,2-3-0,2,3,0,0.4,-8.6,-8.3,1-4-0,1,4,0,0.2,-8.6,-8.3,1-4-0,1,4,0,0.2,0.8,-6.9,0.333,0.667,121,13
Colorado,-3.1,63,2.57,299,26.28791087,Deion Sanders,Brennan Marion,Chris Marve,64.0,84.5,61.5,11,6,5,1,0.82,4.5,10.5,8.0,24.16935484,74.4,61,11.0,10.0,2.32,3.96,2.64,123.0,128.0,Colorado,Colorado,Colorado,Colorado,Colorado,Colorado Buffaloes,Colorado,299,2026,Big 12,374,63,0.00799344,2.98954721,0.39839572,1.17069787,0.6,0.16384181,2.95932203,524,0.89830508,159,0.74011299,131,28,2.07142857,74.4,1.126,0.168,0.104,0.064,0.6684492,-0.0270017,0.436,0.98105063,0.3315508,0.07854824,0.32258065,1.68748659,0.47326203,-0.1053748,-18.65134,0.37853107,0.78703553,0.4973262,0.12882971,23.9623254,0.41935484,1.51356392,347,64,-0.0354381,-12.297035,0.36599424,1.19232775,0.57142857,0.31791908,2.20982659,382,1.07514451,186,0.76300578,0,38,3,67.4,-1.603,0.207,0.144,0.063,0.65129683,-0.1317636,0.40265487,0.9062068,0.34870317,0.14447556,27.5667459,0.29752066,1.91557792,0.49855908,-0.1662816,-28.766714,0.39884393,0.72937794,0.47550432,0.16707119,78,0.34545455,1.76659549,,Colorado,121,120,110,98,127,61,90,63,119,92,116,109,80,133,128,120,110,99,96,112,117,120,95,27,110,63,122,98,133,134,118,120,46,96,86,86,81,107,126,35,34,40,55,13,2,10,38,95,108,41,1,137,40,131,134,15,14,58,98,23,26,32,41,64,84,82,49,70,12,7,63,16,72,78,84,25,10.5,13.0,121.0,120.0,110.0,98.0,127.0,90.0,63.5,119.0,92.0,116.0,109.0,88.0,133.0,61.0,128.0,121.0,110.5,100.5,97.0,112.0,117.0,120.0,95.0,112.0,110.0,63.0,122.0,98.0,133.0,134.0,118.0,120.0,46.0,96.0,86.0,86.0,81.0,107.0,129.0,35.0,34.0,40.0,55.0,13.5,10.0,38.5,95.0,108.0,41.0,69.5,137.0,44.0,2.0,132.5,5.0,15.0,14.0,59.5,41.0,23.0,26.0,32.0,41.0,64.0,84.0,82.0,49.0,70.0,12.0,7.0,63.0,16.0,72.0,78.0,78.0,25.0,121.0,,+100000,+150000,+90000,+125000,+100000,+40000,+40000,+40000,+35000,+40000,+40000,3.5,105,Over,o3.5,,,,,,,,,3.5,-104,Over,o3.5,3.5,100,Over,o3.5,http://a.espncdn.com/i/teamlogos/ncaa/500/38.png,Buffaloes,colorado-buffaloes,2-3-0,2,3,0,0.4,-6.8,-8.2,1-4-0,1,4,0,0.2,-6.8,-8.2,2-3-0,2,3,0,0.4,0.6,-8.7,0.364,0.417,111,99.5
Memphis,5.9,63,2.428,359,37.91098651,Charles Huff,Kevin Decker / David Weeks,Lance Guidry,64.0,54.0,83.5,-6,-6,0,0.28,0.55,126.5,133.5,69.5,25.84365782,67.8,110,36.0,53.5,6.05,8.63,9.17,20.0,17.0,Memphis,Memphis,Memphis,Memphis,Memphis,Memphis Tigers,Memphis,359,2026,American Athletic,345,57,0.28057313,96.7977287,0.49855072,1.30974739,0.80952381,0.14141414,3.52929293,699,1.31313131,260,2.21212121,438,32,4.9375,75.8,0.994,0.11,0.061,0.049,0.75652174,0.24345967,0.5440613,1.08058806,0.24347826,0.39588995,0.35714286,2.39443491,0.57391304,0.20189448,39.9751076,0.48989899,0.95435993,0.39710145,0.59825447,81.9608628,0.54014599,1.7920228,313,56,0.15281525,47.831174,0.40255591,1.41044918,0.84210526,0.14193548,3.16580645,491,1.25806452,195,2.12903226,0,28,3.21428571,73.5,-1.118,0.166,0.109,0.058,0.65495208,0.18440716,0.48292683,1.15670555,0.34504792,0.09284913,13.9848313,0.25,2.34084248,0.49520767,0.27570498,42.7342723,0.4516129,1.13741291,0.47923323,0.09323221,53,0.36666667,1.71615098,,Memphis,26,18,17,35,28,36,17,12,24,10,11,5,52,11,138,138,18,19,59,9,21,22,41,130,42,39,8,27,35,27,30,69,113,5,9,11,13,65,62,105,107,75,126,124,124,111,93,123,117,131,1,75,56,41,33,63,46,73,92,127,98,124,46,42,53,42,127,66,136,132,110,123,74,53,53,41,40.5,66.5,26.0,18.0,17.0,35.0,29.5,17.0,12.0,24.0,11.0,11.0,5.0,57.0,11.5,36.0,138.0,138.0,18.5,19.5,60.0,9.0,21.0,22.0,41.0,9.0,42.0,40.0,8.0,27.0,35.0,27.0,30.0,69.0,113.0,5.0,9.0,11.0,13.0,66.0,65.5,105.0,107.0,75.0,126.0,124.5,111.0,93.0,123.0,117.0,131.0,69.5,79.5,56.0,124.0,42.0,106.0,63.5,47.5,74.5,46.5,127.0,98.0,124.0,46.5,42.0,53.0,42.5,127.0,66.0,136.0,132.0,110.0,123.0,74.0,53.0,53.0,41.5,111.0,,,+125000,+95000,+125000,+100000,+240,+225,+240,+475,+220,+240,8.5,-110,Over,o8.5,,,,,8.5,-110,Over,o8.5,9.5,124,Over,o9.5,,,,,http://a.espncdn.com/i/teamlogos/ncaa/500/235.png,Tigers,memphis-tigers,4-1-0,4,1,0,0.8,16.2,6.5,3-2-0,3,2,0,0.6,16.2,6.5,4-1-0,4,1,0,0.8,0.2,6.1,0.667,0.583,23,34.5
New Mexico,12.4,63,1.758,322,25.20866819,Jason Eck,Luke Schleusner,Spence Nowinsky,64.0,25.5,134.0,-1.5,0,-1.5,0.62,0.44,86.5,68.5,110.5,31.51692308,65,98,134.0,86.5,6.2,9,10.73,18.0,7.0,New Mexico,New Mexico,New Mexico,New Mexico,New Mexico,New Mexico Lobos,New Mexico,322,2026,Mountain West,330,58,0.18477888,60.9770311,0.43030303,1.25185748,0.84615385,0.13207547,3.27877358,695,1.12735849,239,1.28773585,273,41,4.19512195,60.7,2.073,0.115,0.082,0.033,0.71212121,0.18639845,0.48510638,1.13865508,0.28787879,0.18077258,0.29473684,1.71275296,0.64242424,0.25654956,54.3885058,0.45754717,1.12023718,0.34242424,0.1105325,12.4901725,0.38938053,1.55652334,291,61,-0.1769708,-51.498493,0.31271478,1.45842051,0.53846154,0.24657534,2.09657534,306,0.9109589,133,1.15753425,0,15,1.6,76.5,-0.917,0.258,0.182,0.076,0.60824742,-0.2648055,0.3559322,1.26301099,0.39175258,-0.0405957,-7.6263578,0.24561404,1.89809195,0.50171821,-0.0950043,-13.870631,0.30821918,1.09751156,0.45017182,-0.0582165,18,0.33587786,1.87826894,,New Mexico,57,59,77,66,9,22,42,13,66,21,65,39,3,56,1,1,22,50,12,45,38,79,19,94,87,86,117,7,15,9,58,15,132,101,105,105,64,38,100,3,2,6,132,10,18,7,19,46,44,83,1,3,1,6,4,2,3,31,131,2,7,134,8,16,18,36,44,73,28,26,15,114,54,18,18,21,62.5,57.0,57.0,59.0,77.5,66.0,9.5,42.0,13.0,66.0,21.5,65.0,39.0,4.0,56.0,22.0,1.0,1.0,22.5,51.5,12.5,45.0,38.0,79.0,19.0,45.0,87.0,86.0,117.0,7.0,15.0,9.0,58.0,15.0,132.0,101.0,105.0,105.0,64.0,38.5,103.5,3.0,2.0,6.0,132.0,10.0,7.0,19.0,46.0,44.5,83.0,69.5,4.0,1.0,18.0,6.0,134.5,2.0,3.0,31.0,8.0,2.0,7.0,134.0,8.0,16.0,18.0,36.0,44.0,73.0,28.0,26.0,15.0,114.0,54.0,18.0,18.0,21.0,134.0,,+200000,+100000,+100000,+125000,+100000,+175,+150,+165,+370,+140,+145,8.5,-105,Over,o8.5,,,,,9.5,-115,Over,o9.5,9.5,-154,Over,o9.5,,,,,http://a.espncdn.com/i/teamlogos/ncaa/500/167.png,Lobos,new-mexico-lobos,4-1-0,4,1,0,0.8,32.8,19.3,5-0-0,5,0,0,1,32.8,19.3,3-2-0,3,2,0,0.6,0.4,5.5,0.583,0.417,44.5,99.5
UTSA,-0.8,63,2.59,512,25.74667005,Jeff Traylor,Rick Bowie,Jess Loepp,64.0,75.5,56.0,2.5,2.5,0,0.76,0.57,49.5,42.0,69.5,25.53869969,64.6,108,28.0,90.5,5.69,8.04,7.15,29.0,53.0,UTSA,UTSA,UTSA,UTSA,UTSA,UTSA Roadrunners,UTSA,512,2026,American Athletic,326,58,0.21632859,70.5231201,0.45092025,1.16697705,0.84,0.19018405,2.95705521,482,1.05521472,172,1.63190184,266,31,3.25806452,67.9,1.563,0.134,0.076,0.058,0.69018405,0.20714206,0.53333333,0.91777027,0.30981595,0.23679363,0.26732673,2.27456275,0.5,0.20271786,33.0430112,0.50920245,0.88750383,0.48159509,0.21677446,34.0335895,0.39490446,1.47664413,385,59,0.04362597,16.7959973,0.41298701,1.15319006,0.66666667,0.16256158,3.03793103,617,0.96551724,196,1.31034483,0,35,3.37142857,72.1,-1.259,0.139,0.088,0.052,0.68311688,0.00576917,0.46007605,0.97530956,0.31688312,0.1252353,13.4000945,0.31147541,1.71959899,0.52727273,0.10442388,21.1980485,0.43349754,0.93534464,0.44935065,0.07745719,49,0.40462428,1.44200548,,UTSA,48,46,56,99,14,93,92,82,85,78,35,40,63,109,25,24,49,39,79,82,31,31,116,56,75,107,22,80,34,37,14,89,56,69,64,99,97,136,88,63,67,85,38,37,105,96,131,67,118,98,1,126,71,64,68,98,84,94,55,66,77,63,84,54,51,99,17,89,99,108,98,74,50,49,51,70,70.5,57.0,48.0,46.0,56.0,99.0,14.0,92.0,82.0,85.0,78.5,35.0,40.0,65.0,109.0,93.0,26.0,24.0,49.5,40.0,83.0,82.5,31.0,31.0,116.0,82.5,75.0,107.0,22.0,80.0,34.0,37.0,14.0,89.0,56.0,69.0,64.0,99.0,97.0,136.0,90.0,63.0,67.0,85.0,38.0,42.0,96.0,131.0,67.5,118.0,98.0,69.5,127.5,71.0,105.0,65.5,71.0,99.5,86.5,95.0,84.0,66.0,77.0,63.0,84.0,54.0,51.0,99.0,17.0,89.0,99.0,108.0,98.0,74.0,50.0,49.0,49.0,70.0,36.0,,,+200000,+200000,+125000,+100000,+275,+350,+275,+450,+310,+340,7.5,-135,Over,o7.5,,,,,7.5,-130,Over,o7.5,8.5,-220,Over,o8.5,,,,,https://a.espncdn.com/i/teamlogos/ncaa/500/2636.png,Roadrunners,utsa-roadrunners,5-1-0,5,1,0,0.8333,5.5,0.9166666666666666,4-1-1,4,1,1,0.8,5.5,0.9166666666666666,3-3-0,3,3,0,0.5,0.5,-0.6666666666666666,0.5,0.75,65.5,3
Texas State,-0.5,62.5,2.128,551,35.62392359,G.J. Kinne,Landon Keopple,Will Windham,67.0,74.0,107.0,1.5,2,-0.5,0.73,0.5,58.5,48.5,81.5,24.43112245,78.4,113,15.0,4.0,4.5,7.25,6.66,45.0,69.0,Texas State,Texas St.,Texas State,Texas St.,Texas State,Texas State Bobcats,Texas State,551,2026,Pac-12,395,60,0.24063588,95.0511723,0.49113924,1.27450448,0.66666667,0.13617021,3.18468085,748,1.03404255,243,2.04255319,480,37,3.16216216,73.5,1.126,0.137,0.086,0.051,0.75696203,0.1275135,0.48829431,1.06681195,0.24303797,0.59296496,0.5,1.90623594,0.59493671,0.12343838,29.0080187,0.45957447,0.91454508,0.37721519,0.47687196,71.0539215,0.54362416,1.77548473,374,57,0.10847616,40.5700829,0.44652406,1.20158051,0.56,0.25,2.61987179,409,0.92948718,145,0.72435897,0,34,4.05882353,70,-1.411,0.147,0.078,0.07,0.6684492,0.06117496,0.508,0.97621741,0.3315508,0.20384148,66.7228693,0.32258065,1.91710835,0.4171123,-0.0368045,-5.7414962,0.41025641,0.87630105,0.55882353,0.31924818,115,0.48325359,1.41640994,,Texas State,37,19,25,52,101,28,58,5,88,19,14,1,13,113,117,120,56,65,63,8,61,73,48,131,8,2,92,14,68,50,56,83,123,16,20,10,18,131,70,89,97,113,63,11,15,34,49,53,54,34,1,120,113,102,108,88,110,40,75,88,114,64,64,83,129,106,50,10,40,41,76,56,131,115,129,125,5.0,38.0,37.0,19.0,25.0,52.0,103.0,58.0,5.0,88.0,19.5,14.0,1.0,16.0,113.0,28.0,118.5,121.0,57.0,66.0,64.0,8.0,61.0,73.0,48.0,8.0,8.0,2.0,92.0,14.0,68.0,50.0,56.0,83.0,123.0,16.0,20.0,10.0,18.0,131.0,75.5,89.0,97.0,113.0,63.0,11.0,34.0,49.0,53.0,54.0,34.0,69.5,122.5,113.0,16.0,103.0,31.0,88.0,110.0,41.5,64.0,88.0,114.0,64.0,64.0,83.0,129.0,106.5,50.0,10.0,40.0,41.0,76.0,56.0,131.0,115.0,115.0,125.0,29.0,,,+100000,+100000,+125000,+100000,,,,,,,6.5,-120,Over,o6.5,,,,,,,,,6.5,176,Over,o6.5,,,,,http://a.espncdn.com/i/teamlogos/ncaa/500/326.png,Bobcats,texas-state-bobcats,2-3-0,2,3,0,0.4,1.6,-1.7,2-3-0,2,3,0,0.4,1.6,-1.7,4-1-0,4,1,0,0.8,0.2,5.3,0.333,0.583,121,34.5
Maryland,2.2,62,1.78,294,28.07411603,Mike Locksley,Clint Trickett,Ted Monachino / Aazaar Abdul-Rahim,69.0,61.0,131.0,9,4,5,0.82,0.76,16.0,26.0,8.0,23.72423398,71.8,23,8.0,18.0,2.31,4.25,4.64,113.0,101.0,Maryland,Maryland,Maryland,Maryland,Maryland,Maryland Terrapins,Maryland,294,2026,Big Ten,364,66,0.07255543,26.4101778,0.42307692,1.28205753,0.71428571,0.20945946,2.95675676,438,1.16891892,173,1.41216216,209,37,3.02702703,69.4,1.461,0.14,0.085,0.055,0.68956044,0.06173281,0.48605578,1.0773524,0.31043956,0.09659507,0.28318584,2.06249583,0.40659341,0.16906703,25.0219205,0.42567568,1.10110941,0.57692308,0.0053577,1.12511713,0.41904762,1.43168356,322,61,0.07057874,22.7263543,0.40372671,1.20395544,0.72222222,0.2037037,2.61419753,424,1.01234568,164,1.35185185,0,28,4.46428571,69.6,-1.401,0.155,0.109,0.047,0.63975155,-0.0622444,0.44660194,0.82498688,0.36024845,0.3064544,19.5206496,0.32758621,2.12145826,0.50310559,0.05164395,8.36631969,0.38888889,0.99793257,0.4689441,0.12927583,61,0.43708609,1.41723609,,Maryland,103,97,87,49,85,113,93,98,55,77,52,66,13,117,43,43,61,60,71,86,90,78,43,53,104,94,62,133,50,59,86,21,6,125,124,87,110,78,100,75,75,77,65,74,56,32,54,86,72,101,1,75,129,108,105,81,46,103,111,43,65,10,28,109,63,111,95,74,75,76,56,90,68,61,63,101,15.5,2.0,103.0,97.0,87.0,49.0,87.0,93.0,98.0,55.0,77.0,52.0,66.0,16.0,117.0,113.0,44.5,43.0,62.0,62.0,72.0,86.0,90.0,78.0,43.0,86.0,104.0,94.0,62.0,133.0,50.0,59.0,86.0,21.0,6.0,125.0,124.0,87.0,110.0,78.5,103.5,75.0,75.0,77.0,65.0,74.0,32.0,54.5,86.0,73.5,101.0,69.5,79.5,129.0,56.5,109.0,33.5,82.5,47.5,105.0,28.0,43.0,65.0,10.0,28.0,109.0,63.0,111.0,95.0,74.0,75.0,76.0,56.0,90.0,68.0,61.0,61.0,101.0,30.0,,+25000,+150000,+120000,+125000,+100000,+50000,+50000,+40000,+35000,+40000,+40000,4.5,150,Over,o4.5,,,,,4.5,154,Over,o4.5,3.5,-196,Over,o3.5,4.5,150,Over,o4.5,http://a.espncdn.com/i/teamlogos/ncaa/500/120.png,Terrapins,maryland-terrapins,2-3-0,2,3,0,0.4,0.2,-7.1,2-3-0,2,3,0,0.4,0.2,-7.1,4-1-0,4,1,0,0.8,0.2,6.5,0.417,0.417,94,99.5
Oregon State,4.9,62,2.274,325,33.56442839,JaMarcus Shephard,Mitch Dahlen,Mike MacIntyre,69.0,58.0,98.0,-1,-2,1,0.5,0.6,80.5,94.0,55.5,28.62058824,68,47,97.0,52.0,4.41,7.24,8.13,46.5,37.5,Oregon St,Oregon St.,Oregon State,Oregon St.,Oregon State,Oregon State Beavers,Oregon State,325,2026,Pac-12,273,48,0.25501308,69.6185701,0.42490842,1.45475187,0.77777778,0.10752688,3.19784946,297,0.77419355,72,0.79569892,74,27,4.59259259,74.8,1.047,0.132,0.051,0.081,0.66300366,0.25199073,0.48618785,1.15471017,0.33699634,0.26095921,0.30434783,2.39774006,0.34065934,0.03733756,3.47239328,0.38709677,0.79482321,0.64468864,0.36861946,64.8770258,0.44886364,1.75394942,288,48,0.09159265,26.378682,0.41319444,1.09253689,0.76190476,0.13475177,3.04184397,429,0.90780142,128,0.88652482,0,26,3.30769231,69,-1.46,0.167,0.097,0.069,0.66666667,-0.019623,0.46875,0.81579776,0.33333333,0.31402385,23.9574783,0.30208333,1.95138247,0.48958333,0.02572572,3.62732631,0.39716312,0.76416557,0.48263889,0.17235596,80,0.43884892,1.39637739,,Oregon State,32,48,83,5,46,6,55,134,133,138,111,127,97,27,129,130,44,8,128,115,17,76,15,24,68,78,7,137,103,106,112,117,1,34,26,62,22,34,21,82,80,86,20,97,129,98,56,44,38,53,1,58,64,118,117,60,71,44,76,57,85,5,60,111,74,85,58,63,59,54,61,21,78,80,74,102,122.5,116.0,32.0,48.0,83.0,5.0,48.0,55.0,134.0,133.0,138.0,111.0,127.0,101.0,27.0,6.0,129.5,130.0,45.5,8.5,128.0,115.0,17.0,76.0,15.0,115.0,68.0,78.0,7.0,137.0,103.0,106.0,112.0,117.0,1.0,34.0,26.0,62.0,22.0,34.5,22.5,82.0,80.0,86.0,20.0,98.0,98.0,56.0,44.0,38.5,53.0,69.5,61.5,65.0,129.0,118.0,22.0,61.0,71.0,45.0,61.5,57.0,85.0,5.0,61.5,111.0,74.0,85.0,58.0,63.0,59.0,54.0,61.0,21.0,78.0,80.0,80.0,102.0,25.0,,,+200000,+200000,+125000,+100000,,,,,,,,,,,,,,,,,,,7.5,-148,Over,o7.5,,,,,http://a.espncdn.com/i/teamlogos/ncaa/500/204.png,Beavers,oregon-state-beavers,3-2-0,3,2,0,0.6,13.4,15.7,5-0-0,5,0,0,1,13.4,15.7,4-1-0,4,1,0,0.8,0.2,5.1,0.417,0.417,94,99.5
Purdue,-2.3,62,1.792,514,24.8417934,Barry Odom,Josh Henson,Kevin Kane,69.0,82.0,128.0,2.5,2.5,0,0.75,0.57,49.5,42.0,69.5,28.02623907,68.6,101,81.0,47.0,1.8,3.2,2.87,131.0,127.0,Purdue,Purdue,Purdue,Purdue,Purdue,Purdue Boilermakers,Purdue,514,2026,Big Ten,348,53,0.24777516,86.2257559,0.46264368,1.2109352,0.75,0.17610063,2.80754717,446,0.83018868,132,0.44654088,71,34,3.55882353,73.7,1.126,0.129,0.092,0.037,0.7183908,0.18315666,0.508,1.00659813,0.2816092,0.41261828,0.34693878,1.97419426,0.45689655,0.06878422,10.936691,0.41509434,0.90179745,0.52011494,0.42123258,76.2430971,0.51381215,1.39760796,324,51,0.29735516,96.3430731,0.4845679,1.37377307,0.7826087,0.14545455,3.34545455,552,1.33939394,221,1.56969697,0,31,4.74193548,72.9,-1.187,0.136,0.077,0.059,0.69753086,0.14960836,0.51327434,0.99236352,0.30246914,0.63807739,53.8076621,0.41836735,2.45288299,0.50925926,0.26872167,44.3390757,0.4969697,1.03053628,0.46604938,0.35634213,122,0.47019868,1.79861375,,Purdue,35,30,43,79,60,75,108,96,128,118,134,131,36,90,122,120,38,79,21,39,41,49,83,100,39,46,79,111,90,92,97,85,23,25,13,19,116,83,31,135,134,132,119,107,120,126,119,132,129,117,1,97,135,50,56,105,111,69,38,118,120,73,101,137,124,136,134,79,135,134,134,100,67,122,124,119,35.5,87.0,35.0,30.0,43.0,79.0,66.0,108.0,96.0,128.0,118.0,134.0,131.0,40.0,90.0,75.0,122.0,121.0,38.5,80.5,21.5,39.0,41.0,49.0,83.0,39.0,39.0,46.0,79.0,111.0,90.0,92.0,97.0,85.0,23.0,25.0,13.0,19.0,116.0,84.0,34.5,135.0,134.0,132.0,119.0,107.0,126.0,119.0,132.0,129.0,117.0,69.5,101.5,135.0,120.0,51.0,83.0,105.5,111.0,70.5,101.0,118.0,120.0,73.0,101.0,137.0,124.0,136.0,134.0,79.0,135.0,134.0,134.0,100.0,67.0,122.0,122.0,119.0,129.0,,+200000,+100000,+150000,+125000,+100000,+75000,+50000,+40000,+100000,+40000,+40000,3.5,-150,Over,o3.5,,,,,3.5,-156,Over,o3.5,3.5,-220,Over,o3.5,3.5,-130,Over,o3.5,http://a.espncdn.com/i/teamlogos/ncaa/500/2509.png,Boilermakers,purdue-boilermakers,2-3-0,2,3,0,0.4,-4.6,-1.1,2-3-0,2,3,0,0.4,-4.6,-1.1,4-1-0,4,1,0,0.8,0.2,9.3,0.364,0.333,111,123.5
Fresno State,2.8,60.5,2.984,381,23.26034832,Matt Entz,Josh Davis,Nick Benedetto,71.5,60.0,19.0,-4,-3,-1,0.48,0.46,110.5,103.5,96.5,29.87138264,62.2,66,117.0,108.5,4.06,7.42,8.38,41.0,35.0,Fresno St,Fresno St.,Fresno State,Fresno St.,Fresno State,Fresno State Bulldogs,Fresno State,381,2026,Pac-12,317,62,0.10743725,34.0576089,0.3785489,1.32741776,0.47058824,0.2654321,2.50864198,406,0.92592593,150,1.69753086,275,32,3.65625,65.8,1.686,0.136,0.11,0.025,0.69085174,0.0288722,0.4109589,1.1097577,0.30914826,0.2830061,0.30612245,1.98039793,0.51104101,-0.0226266,-3.6655064,0.33333333,1.09579581,0.45425868,0.36049754,51.9116461,0.45833333,1.51692663,331,60,-0.071422,-23.640677,0.40483384,1.11529399,0.63636364,0.21472393,2.88466258,470,1.00613497,164,1.27607362,0,22,2.90909091,77.7,-0.87,0.16,0.103,0.057,0.68882175,-0.022659,0.47807018,0.88648334,0.31117825,-0.1793634,-2.3030301,0.24271845,2.11290841,0.49244713,-0.0540636,-8.8123632,0.41717791,0.81418738,0.48036254,-0.0144845,23,0.40880503,1.44972153,,Fresno State,84,82,121,21,135,135,132,107,115,102,24,37,52,85,8,8,53,115,5,80,99,128,29,59,61,75,77,66,116,117,136,22,82,38,37,51,79,89,93,20,19,79,28,32,41,73,82,82,72,95,1,29,34,1,2,69,61,77,48,55,95,28,91,5,23,34,93,65,38,36,83,32,75,23,23,73,81.5,18.5,84.0,82.0,121.0,21.0,135.0,132.0,107.0,115.0,102.5,24.0,37.0,57.0,85.0,135.0,8.0,8.0,54.0,115.0,5.5,80.0,99.0,128.0,29.0,80.0,61.0,75.5,77.0,66.0,116.0,117.0,136.0,22.0,82.0,38.0,37.0,51.0,79.0,89.5,96.0,20.0,19.0,79.0,28.0,33.0,73.0,82.0,82.0,73.5,95.0,69.5,30.5,34.0,41.0,1.0,137.0,70.5,62.5,80.5,91.0,55.0,95.0,28.0,91.0,5.0,23.0,34.0,93.0,65.0,38.0,36.0,83.0,32.0,75.0,23.0,23.0,73.0,37.0,,,+125000,+200000,+125000,+100000,,,,,,,6.5,110,Over,o6.5,,,,,,,,,8.5,130,Over,o8.5,,,,,http://a.espncdn.com/i/teamlogos/ncaa/500/278.png,Bulldogs,fresno-state-bulldogs,4-1-0,4,1,0,0.8,11.4,9.4,4-1-0,4,1,0,0.8,11.4,9.4,2-3-0,2,3,0,0.4,0.6,-1.9,0.5,0.417,65.5,99.5
Georgia Tech,-0.3,60.5,2.438,273,24.14461815,Brent Key,George Godsey / Chris Weinke,Jason Semore,71.5,73.0,81.5,0.5,-4,4.5,0.4,0.75,64.0,118.0,19.0,26.56589147,64.5,88,51.0,92.0,3.15,3.97,4.35,122.0,108.0,GA Tech,Ga. Tech,Georgia Tech,Georgia Tech,Georgia Tech,Georgia Tech Yellow Jackets,Georgia Tech,273,2026,ACC,260,42,0.14134452,36.7495757,0.44230769,1.22087788,0.70588235,0.2016129,3.07419355,381,1.11290323,138,1.15322581,143,28,3.39285714,70.6,1.372,0.162,0.104,0.058,0.69230769,0.096157,0.5,1.01871807,0.30769231,0.24301645,0.3125,1.94865316,0.47692308,0.11204634,13.8937457,0.4516129,0.88478048,0.50384615,0.19113473,25.0386497,0.44274809,1.51289797,281,44,0.15526953,43.6307375,0.41281139,1.26723183,0.68421053,0.17058824,2.90647059,494,0.96470588,164,0.81764706,0,26,3.65384615,70.4,-1.318,0.16,0.121,0.039,0.67615658,0.04864898,0.44736842,0.95424611,0.32384342,0.37788386,34.6370737,0.34065934,2.12541847,0.60498221,0.08241679,14.0108551,0.44705882,0.86495288,0.3594306,0.34294132,119,0.36633663,2.08887313,,Georgia Tech,73,80,64,76,91,106,71,119,70,112,76,103,80,97,66,64,101,99,79,78,79,59,72,61,73,71,85,92,72,83,63,91,38,82,84,68,82,27,7,106,101,84,83,53,93,79,94,66,72,47,1,58,87,97,85,69,30,123,63,84,66,51,76,120,101,117,98,136,89,92,107,51,3,119,101,39,128.0,135.5,73.0,80.0,64.0,76.0,91.5,71.0,119.0,70.0,112.0,76.0,103.0,88.0,97.0,106.0,66.0,64.0,102.0,100.5,83.0,78.0,79.0,59.5,72.0,78.0,73.0,71.0,85.0,92.0,72.0,83.0,63.5,91.0,38.0,82.0,84.0,68.0,82.0,27.5,7.5,106.0,101.0,84.0,83.0,54.5,79.0,94.0,66.0,73.5,47.0,69.5,61.5,87.0,93.0,97.0,54.0,70.5,30.0,123.5,76.0,84.0,66.0,51.0,76.0,120.0,101.0,117.0,98.0,136.0,89.0,92.0,107.0,51.0,3.0,119.0,119.0,39.5,138.0,75000,+250000,+150000,+100000,+125000,+100000,+30000,+40000,+30000,+8000,+40000,+40000,3.5,120,Over,o3.5,,,,,3.5,100,Over,o3.5,3.5,118,Over,o3.5,3.5,100,Over,o3.5,http://a.espncdn.com/i/teamlogos/ncaa/500/59.png,Yellow Jackets,georgia-tech-yellow-jackets,1-3-0,1,3,0,0.25,1,-7.875,0-4-0,0,4,0,0,1,-7.875,2-2-0,2,2,0,0.5,0.5,-0.75,0.583,0.583,44.5,34.5
North Texas,-3.4,60,2.776,261,34.33906426,Neal Brown,Mike Bloesch / Neal Brown,Bradley Dale Peveto / Matt Powledge,73.0,87.0,34.5,-8.5,-5.5,-3,0.33,0.3,133.5,127.0,129.5,27.28184282,73.8,100,67.0,11.0,5.87,7.2,6.68,48.0,68.0,North Texas,North Texas,North Texas,North Texas,North Texas,North Texas Mean Green,North Texas,261,2026,American Athletic,377,61,0.2802,105.635399,0.4801061,1.3267511,0.64705882,0.18478261,3.00869565,554,1.10869565,204,1.27173913,234,39,4.48717949,70.9,1.314,0.114,0.069,0.045,0.68965517,0.24804306,0.53076923,1.13364453,0.31034483,0.35165985,0.36752137,1.94648846,0.48806366,0.11519225,21.1953741,0.4076087,1.0919925,0.48806366,0.47811823,87.9737544,0.56521739,1.50917564,335,60,0.13197346,44.2111075,0.4358209,1.21943304,0.6875,0.18032787,2.6579235,486,0.91803279,168,1.28415301,0,31,4.22580645,66,-1.653,0.155,0.099,0.057,0.73134328,0.04144479,0.46938776,0.94794509,0.26865672,0.37841261,50.9439455,0.34444444,2.22656576,0.54626866,0.02895663,5.29906338,0.40983607,0.83019608,0.42686567,0.35625137,121,0.48251748,1.64742242,,North Texas,27,16,34,23,108,86,82,47,71,53,66,53,8,32,71,78,20,23,41,85,20,33,20,54,53,28,86,84,71,66,101,23,51,15,5,7,83,95,93,97,102,105,68,57,84,45,91,49,84,96,1,97,119,138,138,81,69,77,7,79,87,45,132,121,120,119,116,108,62,65,75,36,33,121,120,124,8.0,27.0,27.0,16.0,34.0,23.0,108.0,82.0,47.5,71.0,53.0,66.0,53.0,9.0,32.0,86.5,71.0,78.0,20.5,23.5,43.5,85.0,20.0,33.0,20.0,85.0,53.0,28.0,86.0,84.0,71.0,66.0,101.0,23.0,51.0,15.0,5.0,7.0,83.0,96.0,96.0,97.0,102.0,105.0,68.0,58.0,45.0,91.0,49.0,84.0,96.0,69.5,101.5,119.5,84.0,138.0,1.0,82.5,69.5,80.5,132.0,79.0,87.0,45.0,132.0,121.0,120.0,119.0,116.0,108.0,62.0,65.0,75.0,36.0,33.0,121.0,121.0,124.0,102.0,50000,+200000,+200000,+200000,+125000,+100000,+550,+400,+600,+2800,+600,+650,,,,,,,,,6.5,134,Over,o6.5,7.5,-154,Over,o7.5,,,,,http://a.espncdn.com/i/teamlogos/ncaa/500/249.png,Mean Green,north-texas-mean-green,3-2-0,3,2,0,0.6,7.6,8.4,3-2-0,3,2,0,0.6,7.6,8.4,4-1-0,4,1,0,0.8,0.2,14.5,0.833,0.75,3.5,3
California,-4,59,2.404,378,26.56156701,Tosh Lupoi,Jordan Somerville / Tosh Lupoi,Da'Von Brown / Michael Hutchings,75.0,89.0,87.0,4,6,-2,0.99,0.4,37.0,10.5,117.5,25.08659218,71.6,62,23.0,19.0,2.6,4.2,3.88,115.0,115.5,California,California,California,California,California,California Golden Bears,California,378,2026,ACC,361,64,-0.0070992,-2.5628093,0.38504155,1.28824807,0.55555556,0.21167883,2.80437956,384,0.95620438,131,0.49635036,68,32,2.65625,73.1,1.163,0.169,0.1,0.069,0.65373961,-0.0270232,0.44491525,1.08905023,0.34626039,0.0305173,0.272,1.90341788,0.37950139,-0.0762395,-10.444814,0.37956204,0.80123358,0.60110803,0.09061277,19.6629705,0.39170507,1.58381303,329,65,0.03423346,11.2628085,0.34650456,1.43468917,0.89473684,0.15757576,3.07878788,508,1.03636364,171,2.21212121,0,31,2.96774194,67.4,-1.619,0.137,0.073,0.064,0.6443769,0.04326214,0.40566038,1.17243628,0.3556231,0.01787381,-9.1326497,0.23931624,2.24018017,0.50151976,0.20859752,34.4185915,0.38787879,1.22466229,0.46200608,-0.0600832,17,0.30921053,1.73463555,,California,123,123,117,45,131,120,109,118,109,119,131,132,52,126,107,114,112,94,106,120,118,116,38,19,124,103,93,136,127,127,116,115,3,106,95,104,55,88,133,59,60,23,129,134,110,100,99,90,87,132,1,97,39,131,137,102,115,56,106,82,28,129,33,23,17,30,117,72,126,128,54,132,64,17,17,5,18.0,8.5,123.0,123.0,117.0,45.0,131.0,109.0,118.0,109.0,119.5,131.0,132.0,57.0,126.0,120.0,108.0,114.0,113.0,95.0,107.0,120.0,118.0,116.0,38.0,120.0,124.0,103.0,93.0,136.0,127.0,127.0,116.0,115.0,3.0,106.0,95.0,104.0,55.0,88.0,134.5,59.0,60.0,23.0,129.0,134.0,100.0,99.0,90.0,87.5,132.0,69.5,101.5,39.0,110.0,132.5,2.0,103.0,116.0,56.5,33.0,82.0,28.0,129.0,33.0,23.0,17.0,30.0,117.0,72.0,126.0,128.0,54.0,132.0,64.0,17.0,17.0,5.0,115.0,,,+125000,+100000,+125000,+100000,+40000,+50000,+37500,+6000,+40000,+40000,3.5,-150,Over,o3.5,,,,,5.5,105,Over,o5.5,3.5,-170,Over,o3.5,3.5,-155,Over,o3.5,http://a.espncdn.com/i/teamlogos/ncaa/500/25.png,Golden Bears,california-golden-bears,2-3-0,2,3,0,0.4,0.4,-9.2,1-4-0,1,4,0,0.2,0.4,-9.2,2-3-0,2,3,0,0.4,0.6,-2.3,0.417,0.455,94,85
Syracuse,0.1,59,2.334,318,31.19186726,Fran Brown,Jeff Nixon / Michael Johnson,Vince Kehres,75.0,69.0,91.5,11,6,5,0.9,0.93,4.5,10.5,8.0,25.29283489,80.25,43,25.0,3.0,2.69,3.94,4.7,124.0,100.0,Syracuse,Syracuse,Syracuse,Syracuse,Syracuse,Syracuse Orange,Syracuse,318,2026,ACC,326,50,0.08290927,27.0284205,0.42638037,1.3056157,0.81481481,0.18064516,2.96129032,459,1.06451613,165,1.05806452,164,33,3.63636364,67.7,1.546,0.126,0.08,0.046,0.69018405,0.00750699,0.46222222,1.00847572,0.30981595,0.25088463,0.34653465,2.18854592,0.47546012,0.13553828,21.0084328,0.4516129,0.92472741,0.48466258,0.14235476,22.492052,0.41772152,1.73519024,260,49,-0.0534015,-13.884383,0.38461538,1.18735338,0.76923077,0.22580645,2.68064516,332,1.17741935,146,1.74193548,0,24,3,72.2,-1.275,0.185,0.127,0.058,0.62307692,-0.0175129,0.4691358,0.98024432,0.37692308,-0.1127275,-16.493319,0.24489796,1.84319877,0.47692308,0.04193258,5.19964022,0.43548387,0.94005039,0.50769231,-0.1249494,9,0.33333333,1.54232212,,Syracuse,100,95,80,40,22,81,89,92,81,87,83,83,45,87,24,27,34,46,47,82,104,99,79,56,72,48,36,96,65,68,63,80,53,91,90,89,24,14,25,29,31,58,53,101,30,48,25,114,55,124,1,39,40,61,75,29,22,73,121,58,86,65,18,9,7,35,37,51,67,64,100,75,98,9,7,17,70.5,108.5,100.0,95.0,80.0,40.0,23.5,89.0,92.0,81.0,87.5,83.0,83.0,48.0,87.0,81.0,24.0,27.0,34.5,46.5,49.0,82.5,104.0,99.0,79.0,82.5,72.0,48.0,36.0,96.0,65.0,68.0,63.5,80.0,53.0,91.0,90.0,89.0,24.0,14.5,26.0,29.0,31.0,58.0,53.0,103.0,48.0,25.0,114.0,55.5,124.0,69.5,43.5,44.0,30.0,62.0,64.0,30.0,22.5,74.5,18.0,58.0,86.0,65.0,18.0,9.0,7.0,35.0,37.0,51.0,67.0,64.0,100.0,75.0,98.0,9.0,9.0,18.0,75.0,,,+150000,+200000,+125000,+100000,+40000,+30000,+40000,+10500,+40000,+40000,4.5,-120,Over,o4.5,,,,,4.5,-115,Over,o4.5,4.5,104,Over,o4.5,4.5,-148,Over,o4.5,http://a.espncdn.com/i/teamlogos/ncaa/500/183.png,Orange,syracuse-orange,2-2-0,2,2,0,0.5,11.75,2.875,1-3-0,1,3,0,0.25,11.75,2.875,2-2-0,2,2,0,0.5,0.5,3.75,0.364,0.5,111,67
UNLV,-1.9,59,3.162,257,25.77501052,Dan Mullen,Corey Dennis,Paul Guenther,75.0,80.0,11.0,-5,-3.5,-1.5,0.43,0.42,121.0,111.5,110.5,26.86011905,67.2,17,55.0,61.5,5.51,7.87,7.3,33.0,49.0,UNLV,UNLV,UNLV,UNLV,UNLV,UNLV Rebels,UNLV,257,2026,Mountain West,342,63,0.06510813,22.2669814,0.35964912,1.32066687,0.68421053,0.14444444,3.13388889,564,1.07777778,194,1.65555556,298,27,3.2962963,70.8,1.334,0.158,0.099,0.058,0.6754386,0.06407974,0.42857143,1.13325117,0.3245614,0.06724831,0.21621622,2.09375666,0.52631579,0.08276673,14.8980122,0.37222222,1.03488439,0.43859649,0.13034252,19.5513773,0.36666667,1.69106264,350,63,0.0449801,15.7430336,0.38571429,1.25993438,0.66666667,0.14864865,3.48648649,516,1.29054054,191,1.07432432,0,30,3.23333333,73.8,-1.159,0.163,0.083,0.08,0.64857143,0.02415836,0.44933921,1.03907359,0.35142857,0.0834072,14.9569322,0.26829268,1.94259499,0.42285714,0.0805887,11.9271283,0.46621622,0.77767357,0.55428571,0.07709759,48,0.33505155,1.77430256,,UNLV,106,105,127,28,100,37,66,43,78,61,33,28,97,106,68,74,96,92,79,103,89,124,21,36,116,129,53,54,82,80,120,40,92,95,97,121,33,110,121,65,65,60,81,37,116,134,106,126,114,77,1,95,57,34,49,66,97,21,103,71,69,96,36,41,56,57,55,15,87,87,118,22,127,48,56,20,44.0,13.0,106.0,105.0,127.0,28.0,100.0,66.0,43.0,78.0,61.0,33.5,28.5,101.0,106.0,37.0,69.0,74.0,97.0,92.5,83.0,103.0,89.0,124.0,21.0,103.0,116.0,129.5,53.0,54.0,82.0,80.0,120.0,40.0,92.0,95.0,97.0,121.0,33.0,110.5,123.0,65.0,65.0,60.0,81.0,42.0,134.0,106.5,126.0,114.5,77.0,69.5,95.5,57.0,116.0,35.0,90.0,66.5,99.0,22.5,36.0,71.0,69.0,96.0,36.0,41.0,56.0,57.0,55.0,15.0,87.0,87.0,118.0,22.0,127.0,48.0,48.0,20.0,124.0,150000,,+125000,+100000,+125000,+75000,+450,+650,+600,+270,+500,+600,7.5,-160,Over,o7.5,,,,,7.5,-150,Over,o7.5,7.5,-130,Over,o7.5,,,,,http://a.espncdn.com/i/teamlogos/ncaa/500/2439.png,Rebels,unlv-rebels,3-2-0,3,2,0,0.6,1.4,-3.4,3-2-0,3,2,0,0.6,1.4,-3.4,1-4-0,1,4,0,0.2,0.8,-6.3,0.583,0.5,44.5,67
Boston College,-5,58,2.728,285,21.72025346,Bill O'Brien,Bill O'Brien,Ted Roof,77.5,93.0,43.0,-5,-5,0,0.35,0.57,121.0,123.5,69.5,28.321875,64,114,88.0,96.0,2.56,3.51,2.99,128.0,126.0,Boston Col,Boston Coll.,Boston College,Boston College,Boston College,Boston College Eagles,Boston College,285,2026,ACC,327,58,-0.0143607,-4.6959371,0.39143731,1.25219601,0.63636364,0.26785714,2.14464286,360,1.3452381,226,1.30952381,220,27,2.88888889,72.2,1.241,0.196,0.138,0.058,0.65749235,-0.0156614,0.46046512,1.06362987,0.34250765,-0.0118637,0.25892857,1.89592178,0.51376147,-0.0036336,-0.6104466,0.44047619,1.01308581,0.44954128,0.07091912,10.4251105,0.3537415,1.63243354,340,57,0.01580811,5.37475679,0.38823529,1.26155411,0.65217391,0.22702703,2.76054054,511,1.03783784,192,1.11351351,0,31,3.19354839,67.8,-1.549,0.182,0.135,0.047,0.66470588,-0.0644059,0.40707965,1.01016843,0.33529412,0.17482894,21.2145774,0.35087719,1.83974116,0.54411765,0.00890854,1.64808003,0.37297297,1.08778161,0.43235294,0.14431685,70,0.42176871,1.45571447,,Boston College,124,124,112,65,112,136,137,124,19,27,62,57,97,121,89,91,131,135,79,119,113,101,51,20,128,111,94,61,109,109,78,51,86,110,109,126,49,104,70,54,54,64,82,36,28,59,102,91,116,80,1,97,55,127,127,35,18,103,80,42,31,82,59,76,65,122,36,103,48,48,44,113,37,70,65,94,68.5,57.0,124.0,124.0,112.0,65.0,113.5,137.0,124.0,19.0,27.5,62.0,57.0,101.0,121.5,136.0,89.5,91.0,131.0,135.0,83.0,119.0,113.0,101.0,51.0,119.0,128.0,111.0,94.0,61.0,109.0,109.0,78.0,51.0,86.0,110.0,109.0,126.0,49.0,104.5,75.5,54.0,54.0,64.0,82.0,36.0,59.0,102.5,91.0,116.0,80.0,69.5,101.5,55.0,28.0,127.0,12.0,36.0,18.0,105.0,59.0,42.0,31.0,82.0,59.0,76.0,65.0,122.0,36.0,103.0,48.0,48.0,44.0,113.0,37.0,70.0,70.0,94.0,45.0,,,+150000,+150000,+125000,+100000,+50000,+50000,+40000,+50000,+40000,+40000,3.5,125,Over,o3.5,,,,,3.5,116,Over,o3.5,3.5,114,Over,o3.5,3.5,125,Over,o3.5,http://a.espncdn.com/i/teamlogos/ncaa/500/103.png,Eagles,boston-college-eagles,2-3-0,2,3,0,0.4,-4.4,-3.8,3-2-0,3,2,0,0.6,-4.4,-3.8,0-5-0,0,5,0,0,1,-9.7,0.5,0.636,65.5,21
Stanford,-12.5,58,1.556,513,20.44557061,Tavita Pritchard,Terry Heffernan,Kris Richard,77.5,114.0,137.0,-3.5,-2,-1.5,0.5,0.42,103.5,94.0,110.5,25.54328358,67,106,29.0,64.0,1.62,3.59,1.97,127.0,133.0,Stanford,Stanford,Stanford,Stanford,Stanford,Stanford Cardinal,Stanford,513,2026,ACC,342,60,0.0723381,24.7396312,0.38011696,1.19928838,0.8,0.20979021,2.69300699,385,0.67832168,97,0.54545455,78,26,3,75.3,1.021,0.137,0.085,0.053,0.64619883,0.059872,0.46153846,0.92044168,0.35380117,0.09510678,0.23140496,2.21508705,0.41812865,-0.0244193,-3.491958,0.39160839,0.73738822,0.55555556,0.15169387,28.821835,0.36842105,1.57279189,354,59,0.33221802,117.605179,0.48870056,1.33995413,0.85,0.14457831,3.39698795,564,1.27710843,212,1.21084337,0,37,5.16216216,69.5,-1.427,0.119,0.073,0.045,0.6920904,0.27071618,0.52244898,1.1650561,0.3079096,0.4704561,81.4667991,0.41284404,1.83744187,0.46892655,0.26079227,43.291517,0.48795181,1.19013944,0.50564972,0.45512178,134,0.4972067,1.47392249,,Stanford,104,102,120,85,33,117,120,117,137,136,124,125,106,118,135,135,56,60,67,127,91,100,114,12,105,122,30,128,117,116,110,128,13,87,78,119,58,114,88,136,136,134,110,126,123,128,120,125,125,88,1,134,138,111,110,127,115,109,44,138,131,127,95,132,137,135,34,42,133,133,130,130,96,134,137,130,44.0,38.0,104.0,102.0,120.0,85.0,33.5,120.0,117.0,137.0,136.0,124.0,125.5,108.5,118.5,117.0,135.5,135.0,57.0,62.0,67.5,127.0,91.0,100.0,114.0,127.0,105.0,122.0,30.0,128.0,117.0,116.0,110.0,128.0,13.0,87.0,78.0,119.0,58.0,115.0,90.0,136.0,136.0,134.0,110.0,126.0,128.0,120.0,125.0,125.0,88.0,69.5,135.0,138.0,123.0,111.5,29.0,127.0,116.0,110.0,95.0,138.0,131.0,127.0,95.0,132.0,137.0,135.0,34.0,42.0,133.0,133.0,130.5,130.0,96.0,134.0,134.0,130.0,50.0,,,+150000,+150000,+125000,+100000,+50000,+50000,+40000,+40000,+40000,+40000,3.5,-210,Over,o3.5,,,,,3.5,-220,Over,o3.5,3.5,-230,Over,o3.5,3.5,-205,Over,o3.5,http://a.espncdn.com/i/teamlogos/ncaa/500/24.png,Cardinal,stanford-cardinal,2-3-0,2,3,0,0.4,-20.8,-11.4,2-3-0,2,3,0,0.4,-20.8,-11.4,4-1-0,4,1,0,0.8,0.2,5.7,0.417,0.5,94,67
Florida Atlantic,-0.1,57.5,2.054,367,30.74014708,Zach Kittley,Zach Kittley,Brett Dewhurst,79.5,71.5,110.0,5.5,2.5,3,0.75,0.68,30.0,42.0,30.5,21.75596817,75.4,76,1.0,7.0,5.19,6.7,7.42,59.0,47.0,Fla Atlantic,FAU,Florida Atlantic,Fla. Atlantic,Florida Atlantic,Florida Atlantic Owls,Florida Atlantic,367,2026,American Athletic,384,56,0.17747308,68.1496645,0.44791667,1.2051373,0.77142857,0.16184971,2.89306358,501,0.73410405,127,0.53179191,92,32,4.40625,69.7,1.463,0.148,0.083,0.065,0.72135417,0.06574181,0.4765343,0.96841654,0.27864583,0.46672134,0.37383178,1.98631581,0.45052083,0.10362739,17.9275391,0.39884393,1.01798072,0.52083333,0.25586194,51.172389,0.495,1.34891318,332,60,0.16948082,56.267633,0.39457831,1.46477869,0.76190476,0.19653179,2.76589595,479,0.95953757,166,1.59537572,0,25,4.12,73.6,-1.142,0.157,0.093,0.063,0.67771084,0.18375152,0.44888889,1.37949976,0.32228916,0.13947234,36.0706444,0.28037383,1.75188445,0.52108434,0.14632074,25.3134886,0.38150289,1.17871567,0.46084337,0.23575585,97,0.41830065,1.73845516,,Florida Atlantic,61,52,57,82,52,58,102,74,135,122,127,120,52,37,50,42,73,54,99,36,87,86,102,103,23,21,75,117,76,72,105,46,20,65,41,28,122,91,93,114,117,65,134,97,65,61,86,65,77,119,1,49,116,39,45,76,74,58,62,126,68,138,77,61,103,66,21,84,114,113,49,127,61,97,103,90,7.0,72.5,61.0,52.0,57.0,82.0,52.0,102.0,74.0,135.0,122.0,127.0,120.0,57.0,37.0,58.0,52.0,42.0,74.0,56.0,100.0,36.0,87.0,86.0,102.0,36.0,23.0,21.0,75.0,117.0,76.0,72.0,105.0,46.0,20.0,65.0,41.0,28.0,122.0,92.0,96.0,114.0,117.0,65.0,134.0,98.0,61.0,86.5,65.0,78.0,119.0,69.5,53.0,116.0,65.0,39.5,93.5,77.5,74.0,59.5,77.0,126.0,68.0,138.0,77.0,61.0,103.0,66.0,21.0,84.0,114.0,113.0,49.0,127.0,61.0,97.0,97.0,90.0,117.0,,,+300000,+500000,+125000,+100000,+1200,+1000,+1000,+2300,+1200,+1200,,,,,,,,,5.5,-160,Over,o5.5,7.5,114,Over,o7.5,,,,,http://a.espncdn.com/i/teamlogos/ncaa/500/2226.png,Owls,florida-atlantic-owls,4-1-0,4,1,0,0.8,10.6,4,4-1-0,4,1,0,0.8,10.6,4,4-1-0,4,1,0,0.8,0.2,3.3,0.583,0.5,44.5,67
Rutgers,-5.8,57.5,2.644,272,25.03799319,Greg Schiano,Kirk Ciarrocca,Travis Johansen,79.5,95.0,52.0,-5.5,-3,-2.5,0.46,0.35,124.0,103.5,123.5,28.44342508,65.4,55,93.0,79.0,1.59,4.03,3.6,120.0,119.0,Rutgers,Rutgers,Rutgers,Rutgers,Rutgers,Rutgers Scarlet Knights,Rutgers,272,2026,Big Ten,331,57,0.10675643,35.3363794,0.44712991,1.34113317,0.62162162,0.19047619,2.8875,485,0.86904762,146,0.86309524,145,28,4.07142857,70.4,1.345,0.151,0.076,0.076,0.68882175,-0.0179847,0.48245614,1.08466254,0.31117825,0.38288234,0.36893204,2.08354814,0.50755287,-0.0265069,-4.4531619,0.44642857,0.78189616,0.47129909,0.32221706,50.2658619,0.45512821,1.92514883,310,57,0.23397412,72.5319773,0.46129032,1.23776197,0.75,0.18404908,3.22392638,526,1.50920245,246,1.96319018,0,32,4.125,70,-1.362,0.123,0.09,0.032,0.72258065,0.19809829,0.51785714,1.05430481,0.27741935,0.32741814,51.1583908,0.31395349,2.02594829,0.52580645,0.1899918,30.9686627,0.47852761,0.96887503,0.43870968,0.37616464,126,0.44852941,1.56694518,,Rutgers,85,81,60,19,122,94,103,78,122,107,102,99,80,61,63,71,80,39,119,88,115,80,39,51,48,24,56,70,118,118,67,121,64,47,42,56,3,63,70,129,128,124,74,86,81,117,109,138,134,130,1,107,117,102,94,120,78,133,14,129,123,102,125,113,121,101,75,87,123,123,126,85,44,126,121,106,60.0,66.5,85.0,81.0,60.0,19.0,122.0,103.0,78.0,122.0,107.5,102.0,99.0,88.0,61.0,94.0,63.5,71.5,81.5,40.0,120.0,88.0,115.0,80.0,39.0,88.0,48.0,24.0,56.0,70.0,118.0,118.0,67.0,121.0,64.0,47.0,42.0,56.0,3.0,63.0,75.5,129.0,128.0,124.0,74.0,90.5,117.0,109.0,138.0,134.0,130.0,69.5,111.5,117.0,81.0,103.0,45.0,121.0,79.5,133.5,125.0,129.0,123.0,102.0,125.0,113.0,121.0,101.0,75.0,87.0,123.0,123.0,126.0,85.0,44.0,126.0,126.0,106.0,85.0,,,+75000,+110000,+125000,+100000,,+50000,+40000,+80000,+40000,+40000,2.5,100,Over,o2.5,,,,,2.5,-105,Over,o2.5,2.5,102,Over,o2.5,2.5,105,Over,o2.5,http://a.espncdn.com/i/teamlogos/ncaa/500/164.png,Scarlet Knights,rutgers-scarlet-knights,1-4-0,1,4,0,0.2,-2.2,-7,2-3-0,2,3,0,0.4,-2.2,-7,4-1-0,4,1,0,0.8,0.2,6.1,0.5,0.583,65.5,34.5
Navy,-1.3,57,2.744,282,24.51393821,Brian Newberry,Drew Cronic,Ricky Brown / Eric Lewis,81.0,78.0,40.0,-2.5,-4,1.5,0.42,0.63,95.5,118.0,47.0,29.0311284,64.25,39,109.0,94.0,4.41,6.42,6.77,68.5,66.0,Navy,Navy,Navy,Navy,Navy,Navy Midshipmen,Navy,282,2026,American Athletic,256,43,0.16834683,43.0967894,0.46875,1.15026015,0.96,0.11052632,3.71894737,707,1.28421053,244,1.55789474,296,20,4.3,73.5,1.165,0.156,0.105,0.051,0.6953125,0.22279393,0.58426966,1.01718578,0.3046875,0.04409576,0.20512821,2.01524356,0.7421875,0.25236231,47.948838,0.53157895,1.0222608,0.25390625,-0.0743523,-4.8329014,0.29230769,1.83067773,253,43,0.06779734,17.1527267,0.37549407,1.32539971,0.88235294,0.20547945,2.64041096,386,0.66438356,97,0.31506849,0,17,3.64705882,68.7,-1.51,0.13,0.103,0.028,0.65612648,-0.1039435,0.41566265,0.94893682,0.34387352,0.39548668,27.8786539,0.29885057,2.32447432,0.5770751,-0.0326747,-4.7705003,0.34246575,0.91754998,0.3715415,0.29658142,112,0.45744681,1.78709324,,Navy,64,78,39,107,1,8,6,10,28,18,42,30,131,49,117,112,90,103,63,72,26,6,73,67,121,133,68,3,17,16,8,45,135,132,132,136,10,12,4,73,68,50,108,131,54,39,40,9,11,8,1,8,86,121,123,112,61,137,87,29,37,47,52,122,85,84,124,125,43,42,27,68,5,112,85,114,130.5,133.0,64.0,78.0,39.0,107.0,1.0,6.0,10.5,28.0,18.0,42.0,30.0,131.5,49.0,8.0,118.5,112.0,91.0,104.5,64.0,72.0,26.0,6.0,73.0,72.0,121.0,133.0,68.0,3.0,17.0,16.0,8.0,45.0,135.0,132.0,132.0,136.0,10.0,12.5,5.0,73.0,68.0,50.0,108.0,131.5,39.0,40.0,9.0,12.0,8.0,69.5,8.5,86.0,54.0,121.0,16.0,112.5,62.5,137.0,52.0,29.0,37.0,47.0,52.0,122.0,85.0,84.0,124.0,125.0,43.0,42.0,27.0,68.0,5.0,112.0,112.0,114.0,127.0,100000,,+150000,+90000,+125000,+100000,+5000,+6000,+5000,+325,+6500,+5500,8.5,115,Over,o8.5,,,,,8.5,134,Over,o8.5,4.5,-106,Over,o4.5,,,,,http://a.espncdn.com/i/teamlogos/ncaa/500/2426.png,Midshipmen,navy-midshipmen,1-3-0,1,3,0,0.25,2.5,-7.75,0-4-0,0,4,0,0,2.5,-7.75,2-2-0,2,2,0,0.5,0.5,-3.5,0.364,0.727,111,6
South Florida,1.7,56.5,2.826,525,22.950697,Brian Hartline,Tim Beck,Josh Aldridge,82.0,66.0,29.5,-9,-6,-3,0.27,0.29,135.5,133.5,129.5,28.65878378,59.2,86,100.0,125.0,4.02,7.34,8.74,43.0,28.0,S Florida,USF,South Florida,South Fla.,USF,South Florida Bulls,South Florida,525,2026,American Athletic,301,52,0.18342369,55.2105309,0.49169435,1.10923393,0.86363636,0.19512195,3.01158537,494,1.25,205,1.38414634,227,28,4.5,69.2,1.479,0.126,0.093,0.033,0.67109635,0.13198902,0.55445545,0.86106868,0.32890365,0.2883712,0.36363636,1.88130359,0.5448505,0.18743274,30.7389702,0.49390244,0.9986973,0.43189369,0.20429424,26.5582511,0.48461538,1.2832455,313,49,-0.0062745,-1.9639051,0.39616613,0.99317992,0.5625,0.25294118,2.61176471,444,0.92352941,157,0.91176471,0,21,3.19047619,72.9,-1.253,0.176,0.134,0.042,0.65495208,-0.0139032,0.47317073,0.82116079,0.34504792,0.00820595,25.6823182,0.25,1.61117456,0.54313099,-0.1580785,-26.873338,0.38823529,0.56402659,0.43450479,0.18884058,85,0.41911765,1.50566447,,South Florida,58,64,24,123,5,100,81,75,37,51,54,56,80,30,40,38,34,83,12,109,58,15,130,30,60,31,98,39,42,44,22,57,100,76,80,31,130,65,25,46,46,67,3,12,13,31,63,51,66,60,1,22,54,50,66,47,19,116,92,61,91,7,46,22,80,42,9,101,14,10,55,5,39,85,80,91,97.0,93.5,58.0,64.0,24.0,123.0,5.0,81.0,75.0,37.0,51.5,54.0,56.0,88.0,30.5,100.0,40.0,38.5,34.5,83.5,12.5,109.0,58.0,15.0,130.0,109.0,60.0,31.0,98.0,39.0,42.0,44.0,22.0,57.0,100.0,76.0,80.0,31.0,130.0,66.0,26.0,46.0,46.0,67.5,3.0,12.0,31.0,63.5,51.0,66.5,60.0,69.5,25.0,54.0,13.0,51.0,73.0,48.5,19.0,116.5,46.5,61.0,91.0,7.0,46.5,22.0,80.0,42.5,9.0,101.0,14.0,10.0,55.0,5.0,39.0,85.0,85.0,91.0,62.0,100000,+200000,+125000,+100000,+125000,+75000,+2500,+1000,+2300,+800,+3300,+1000,8.5,115,Over,o8.5,,,,,8.5,110,Over,o8.5,7.5,-104,Over,o7.5,,,,,https://a.espncdn.com/i/teamlogos/ncaa/500/58.png,Bulls,south-florida-bulls,4-2-0,4,2,0,0.6667,8.833333333333334,-2.1666666666666665,2-4-0,2,4,0,0.3333,8.833333333333334,-2.1666666666666665,3-3-0,3,3,0,0.5,0.5,-7.666666666666667,0.727,0.583,11,34.5
Liberty,5.1,56,2.41,366,25.64816869,Jamey Chadwell,Jamey Chadwell / Newland Isaac,Skylor Magee,83.5,56.5,86.0,0.5,0.5,0,0.67,0.57,64.0,61.5,69.5,30.83636364,66,3,127.0,71.0,5.88,8.75,10.6,19.0,9.0,Liberty,Liberty,Liberty,Liberty,Liberty,Liberty Flames,Liberty,366,2026,Conference USA,336,59,0.13089933,43.9821763,0.46130952,1.13741173,0.80769231,0.12682927,3.28292683,673,1.26829268,260,1.45853659,299,37,3.37837838,66.6,1.65,0.149,0.098,0.051,0.71428571,0.13649663,0.50833333,0.98506936,0.28571429,0.1169061,0.34375,1.70061687,0.61011905,0.07608596,15.5976228,0.48780488,0.80503679,0.36607143,0.26840332,33.0136089,0.42276423,1.80015771,308,57,-0.0022767,-0.7012197,0.35064935,1.35885183,0.66666667,0.21088435,3.03061224,446,1.15646259,170,1.41496599,0,24,2.79166667,73.2,-1.179,0.192,0.107,0.084,0.63636364,-0.1030398,0.3877551,1.08539805,0.36363636,0.17405868,1.87387615,0.28571429,2.00830457,0.47727273,0.08928172,13.1244134,0.38095238,1.00171898,0.49025974,0.01240978,29,0.33774834,1.76404853,,Liberty,77,75,45,116,32,18,41,17,31,10,49,26,13,100,13,14,76,90,63,42,56,48,93,97,99,49,120,9,86,78,33,114,129,62,70,85,12,60,70,49,49,27,114,37,47,93,65,111,85,106,1,39,27,46,53,26,50,16,114,30,15,111,24,74,29,70,74,52,91,90,48,91,87,29,29,23,53.0,47.5,77.0,75.0,45.0,116.0,32.0,41.0,17.0,31.0,11.0,49.0,26.5,16.0,100.0,18.0,13.0,14.0,77.5,90.5,64.0,42.0,56.0,48.0,93.0,42.0,99.0,49.0,120.0,9.0,86.0,78.0,33.0,114.0,129.0,62.0,70.0,85.0,12.0,60.5,75.5,49.0,49.0,27.0,114.0,42.0,93.0,66.0,111.0,85.5,106.0,69.5,43.5,27.0,47.0,46.5,85.5,26.0,51.5,16.5,24.5,30.0,15.0,111.0,24.5,74.0,29.0,70.5,74.0,52.0,91.0,90.0,48.0,91.0,87.0,29.0,29.0,23.0,120.0,,,+200000,+200000,+125000,+100000,-110,-110,-105,+235,-115,+105,9.5,-125,Over,o9.5,,,,,7.5,-166,Over,o7.5,9.5,-194,Over,o9.5,,,,,http://a.espncdn.com/i/teamlogos/ncaa/500/2335.png,Flames,liberty-flames,5-1-0,5,1,0,0.8333,15.833333333333334,5.833333333333333,4-2-0,4,2,0,0.6667,15.833333333333334,5.833333333333333,2-4-0,2,4,0,0.3333,0.6667,-5.166666666666667,0.25,0.5,131,67
Tulane,-6.7,56,3.076,340,22.57036489,Will Hall,Russ Callaway / Will Hall,Nate Fuqua / Tayler Polk,83.5,97.0,15.0,-5,-4.5,-0.5,0.38,0.5,121.0,121.0,81.5,25.3744856,60.75,63,26.0,116.0,3.75,5.84,5.28,87.0,91.0,Tulane,Tulane,Tulane,Tulane,Tulane,Tulane Green Wave,Tulane,340,2026,American Athletic,245,46,0.10278927,25.183372,0.34285714,1.51342496,0.75,0.21774194,2.57258065,319,1.03225806,128,2.76612903,343,19,2.47368421,75.1,1.033,0.2,0.135,0.065,0.62040816,0.08198664,0.40789474,1.16073912,0.37959184,0.13678928,0.23655914,2.50735777,0.50612245,0.16098786,19.962494,0.37903226,1.34606291,0.46938776,0.01969376,2.26478246,0.30434783,1.70329345,283,47,0.17148642,48.5306566,0.39575972,1.3057173,0.76923077,0.16233766,3.08636364,475,1.14935065,177,1.33116883,0,26,3.30769231,72.7,-1.195,0.11,0.067,0.042,0.63250883,0.08807431,0.44134078,0.99285374,0.36749117,0.31505149,36.6433967,0.31730769,2.05469369,0.54416961,0.11197109,17.2435476,0.37012987,1.07361456,0.43109541,0.30035571,113,0.44262295,1.54606189,,Tulane,86,100,135,1,60,122,129,131,89,121,1,17,133,132,133,134,132,134,99,137,83,131,11,2,93,119,2,73,55,71,117,1,65,121,121,135,29,29,17,116,108,66,101,101,106,103,83,109,96,99,1,58,64,53,57,134,128,116,118,102,55,74,21,112,104,103,79,104,104,101,41,108,36,113,104,103,136.0,124.0,86.0,100.0,135.0,1.0,66.0,129.0,131.5,89.5,121.0,1.0,17.5,134.5,132.0,122.0,133.0,134.0,132.5,134.0,100.0,137.0,83.0,131.0,11.0,137.0,93.0,119.0,2.0,73.0,55.0,71.0,117.0,1.0,65.0,121.0,121.0,135.0,29.0,29.0,18.5,116.0,108.0,66.0,101.0,103.0,103.0,83.5,109.0,97.0,99.0,69.5,61.5,65.0,106.0,55.0,81.5,134.0,128.0,116.5,21.0,102.0,55.0,74.0,21.0,112.0,104.0,103.0,79.0,104.0,104.0,101.0,41.0,108.0,36.0,113.0,113.0,103.0,76.0,75000,+250000,+150000,+100000,+125000,+100000,+1800,+1400,+1500,+1150,+1200,+1200,6.5,-105,Over,o6.5,,,,,6.5,110,Over,o6.5,6.5,128,Over,o6.5,,,,,http://a.espncdn.com/i/teamlogos/ncaa/500/2655.png,Green Wave,tulane-green-wave,2-2-0,2,2,0,0.5,-4.5,-4.125,1-3-0,1,3,0,0.25,-4.5,-4.125,2-2-0,2,2,0,0.5,0.5,-8.5,0.455,0.333,78.5,123.5
Air Force,-0.1,55.5,2.396,507,25.20320652,Troy Calhoun,Mike Thiessen,Steve Russ,86.0,71.5,89.0,3,-1.5,4.5,0.53,0.75,44.0,88.0,19.0,28.95973154,74.5,35,107.0,9.0,4.83,7.41,8.13,42.0,37.5,Air Force,Air Force,Air Force,Air Force,Air Force,Air Force Falcons,Air Force,507,2026,Mountain West,307,43,0.18971824,58.2435,0.45276873,1.08524355,0.82352941,0.10040161,3.52771084,878,1.09236948,272,0.53815261,134,22,4.36363636,72.4,1.159,0.072,0.033,0.039,0.74267101,0.20666173,0.52192982,0.96179187,0.25732899,0.14081806,0.25316456,1.81978106,0.81107492,0.24389845,60.7307132,0.47389558,0.96173036,0.15960912,0.07046439,3.45275496,0.3877551,1.88196967,222,43,0.00060294,0.13385303,0.33333333,1.38977463,0.72727273,0.20512821,2.93162393,343,1.00854701,118,1.04273504,0,15,3.6,72.3,-1.234,0.144,0.072,0.072,0.63963964,-0.0123518,0.41549296,1.18516105,0.36036036,0.02359758,0.82719895,0.1875,2.19458806,0.52702703,0.03794525,4.43959472,0.36752137,1.04094576,0.44594595,0.00835554,28,0.31313131,1.87363404,,Air Force,56,61,52,129,19,4,18,1,73,6,125,107,123,40,93,115,1,1,25,16,32,39,105,123,92,115,109,1,21,6,39,67,138,111,120,106,6,2,4,50,50,14,123,75,55,82,27,84,27,73,1,3,83,60,61,91,118,34,112,62,36,130,27,24,27,5,109,88,64,60,39,102,48,28,27,8,91.5,133.0,56.0,61.0,52.0,129.0,19.0,18.0,1.0,73.0,6.0,125.0,107.0,124.5,40.5,4.0,95.0,115.0,1.0,1.0,26.5,16.0,32.0,39.0,105.0,16.0,92.0,115.0,109.0,1.0,21.0,6.0,39.0,67.0,138.0,111.0,120.0,106.0,6.0,2.0,5.0,50.0,50.0,14.0,123.0,76.0,82.0,27.0,84.0,28.0,73.0,69.5,4.0,83.0,55.0,60.0,78.0,91.0,118.5,34.5,27.0,62.0,36.0,130.0,27.0,24.0,27.0,5.0,109.0,88.0,64.0,60.0,39.0,102.0,48.0,28.0,28.0,8.0,133.0,,,+125000,+150000,+125000,+100000,+1000,+1400,+1200,+650,+3000,+1200,7.5,110,Over,o7.5,,,,,7.5,130,Over,o7.5,7.5,136,Over,o7.5,,,,,http://a.espncdn.com/i/teamlogos/ncaa/500/2005.png,Falcons,air-force-falcons,3-1-0,3,1,0,0.75,9,-0.5,2-2-0,2,2,0,0.5,9,-0.5,2-2-0,2,2,0,0.5,0.5,-1,0.417,0.583,94,34.5
Louisiana Tech,-7.9,55.5,2.532,363,24.98875191,Sonny Cumbie,Nathan Young / Sonny Cumbie,Luke Olson,86.0,102.0,66.5,5.5,4,1.5,0.81,0.63,30.0,26.0,47.0,27.88353414,62.25,29,77.0,106.0,5.32,6.93,5.9,54.5,82.0,LA Tech,La. Tech,Louisiana Tech,Louisiana Tech,Louisiana Tech,Louisiana Tech Bulldogs,Louisiana Tech,363,2026,Sun Belt,251,51,0.09060548,22.7419748,0.37051793,1.44326851,0.63636364,0.22307692,2.75384615,358,0.91538462,119,1.68461538,219,27,4.11111111,66.8,1.675,0.163,0.1,0.064,0.66932271,0.14112226,0.41071429,1.26717475,0.33067729,-0.0116454,0.28915663,1.94953807,0.51792829,0.03117733,4.05305333,0.34615385,1.2480026,0.46215139,0.20470861,23.7461988,0.40517241,1.67024185,290,52,0.04845799,14.0528168,0.37931034,1.30309282,0.73684211,0.21764706,2.30294118,392,0.87647059,149,1.38823529,0,24,3.66666667,67.5,-1.587,0.224,0.155,0.069,0.65172414,-0.0078795,0.44444444,0.95681467,0.34827586,0.15388156,9.05137818,0.25742574,2.42183761,0.5862069,0.09322296,15.8479037,0.37058824,1.12540559,0.38275862,0.08154395,51,0.3963964,1.60237988,,Louisiana Tech,99,104,123,6,112,124,115,125,116,127,27,58,97,59,15,11,104,94,96,110,54,129,1,29,127,88,83,57,105,105,129,6,71,75,87,93,36,37,39,67,64,54,99,81,36,14,43,36,58,103,1,39,88,129,133,7,10,44,96,64,59,52,43,69,44,48,133,132,94,95,42,120,10,51,44,62,133.0,102.0,99.0,104.0,123.0,6.0,113.5,115.0,125.0,116.0,128.0,27.0,58.5,101.0,59.0,124.5,16.0,11.0,104.5,95.0,97.0,110.0,54.0,129.0,1.0,110.0,127.0,88.5,83.0,57.0,105.0,105.0,129.0,6.0,71.0,75.0,87.0,93.0,36.0,37.0,41.5,67.0,64.0,54.0,99.0,82.0,14.0,43.0,36.0,58.5,103.0,69.5,43.5,88.0,36.5,129.5,6.0,7.5,10.0,45.0,43.0,64.0,60.0,52.0,43.0,69.0,44.0,48.0,133.0,132.0,94.0,95.0,42.0,120.0,10.0,51.0,51.0,62.0,93.0,,,+300000,+300000,+125000,+100000,+1000,+1000,+1000,+950,+800,+1000,,,,,,,,,5.5,-166,Over,o5.5,7.5,118,Over,o7.5,,,,,http://a.espncdn.com/i/teamlogos/ncaa/500/2348.png,Bulldogs,louisiana-tech-bulldogs,2-2-0,2,2,0,0.5,7,9.125,4-0-0,4,0,0,1,7,9.125,4-0-0,4,0,0,1,0,13,0.667,0.417,23,99.5
Toledo,1.3,55.5,2.568,563,34.44253568,Mike Jacobs,Cris Reisert,Jahmal Brown,86.0,67.0,63.0,-8.5,-5,-3.5,0.36,0.28,133.5,123.5,134.5,24.91117479,69.8,57,21.0,39.0,6.41,9.18,10.4,14.0,11.0,Toledo,Toledo,Toledo,Toledo,Toledo,Toledo Rockets,Toledo,563,2026,Mid-American,351,59,0.25003808,87.7633653,0.43874644,1.48275723,0.73076923,0.16129032,3.20537634,596,1.02688172,191,1.52688172,284,39,4.33333333,68.6,1.507,0.131,0.071,0.06,0.6980057,0.1699533,0.49387755,1.1825734,0.3019943,0.43513968,0.31132075,2.58343127,0.52991453,0.15520971,28.8690063,0.42473118,1.11192385,0.45868946,0.3631618,58.4690493,0.45962733,1.86639461,350,62,-0.0111591,-3.9056966,0.33428571,1.34196576,0.42857143,0.21764706,2.65294118,451,0.79411765,135,1.05294118,0,29,2.96551724,70.5,-1.333,0.14,0.08,0.06,0.66857143,-0.0286377,0.38461538,1.09553419,0.33142857,0.02409928,37.3841571,0.23275862,2.16340434,0.48571429,-0.0997227,-16.952862,0.27647059,1.02130908,0.47428571,0.22520577,95,0.41566265,1.56694565,,Toledo,34,27,68,3,77,57,53,34,92,65,44,31,8,46,31,33,41,28,92,64,48,65,8,75,31,73,1,51,57,51,87,20,78,35,32,50,9,110,108,43,42,15,112,5,36,41,69,26,47,76,1,85,38,95,88,96,107,67,74,52,12,114,65,26,106,23,107,61,26,21,4,96,71,95,106,85,30.0,47.5,34.0,27.0,68.0,3.0,77.5,53.0,34.0,92.0,66.0,44.0,31.5,9.0,46.5,57.0,31.5,33.0,42.0,29.0,92.5,64.0,48.0,65.0,8.0,64.0,31.0,73.0,1.0,51.0,57.0,51.0,87.0,20.0,78.0,35.0,32.0,50.0,9.0,110.5,114.0,43.0,42.0,15.0,112.0,5.0,41.0,69.0,26.0,47.0,76.0,69.5,89.5,38.0,36.5,95.5,51.0,96.5,107.0,67.5,65.0,52.0,12.5,114.0,65.0,26.0,106.0,23.5,107.0,61.0,26.0,21.0,4.0,96.0,71.0,95.0,95.0,85.0,86.0,,,+125000,+120000,+125000,+100000,+180,+160,+175,+440,+180,+190,7.5,100,Over,o7.5,,,,,9.5,-105,Over,o9.5,9.5,-115,Over,o9.5,,,,,http://a.espncdn.com/i/teamlogos/ncaa/500/2649.png,Rockets,toledo-rockets,4-1-0,4,1,0,0.8,16.8,6.2,2-2-1,2,2,1,0.5,16.8,6.2,5-0-0,5,0,0,1,0,17.3,0.667,0.5,23,67
East Carolina,-3,55,2.476,281,23.62251273,Blake Harrell,Jordan Davis,Jordon Hankins,88.5,83.0,77.5,-8,-6,-2,0.12,0.37,132.0,133.5,117.5,24.20746888,60.25,37,13.0,120.0,4.24,6.39,6.85,70.0,64.0,E Carolina,ECU,East Carolina,East Carolina,East Carolina,East Carolina Pirates,East Carolina,281,2026,American Athletic,242,51,0.05628617,13.6212529,0.40082645,1.16603511,0.72727273,0.1965812,2.43076923,284,0.88034188,103,1.67521368,196,21,3.23809524,73.4,1.13,0.182,0.116,0.066,0.69008264,0.17153125,0.49101796,0.99818835,0.30991736,-0.2003262,0.2,2.08359737,0.48347107,-0.0674837,-7.8955968,0.36752137,0.83601952,0.48760331,0.20963401,24.7368134,0.42372881,1.49715284,288,53,-0.0177458,-5.1107782,0.35416667,1.31292623,0.58333333,0.29090909,2.25151515,372,1.01212121,167,0.75151515,0,26,2.84615385,71,-1.29,0.194,0.16,0.035,0.60763889,-0.1440665,0.37142857,0.93332549,0.39236111,0.17788366,-0.1857483,0.32743363,1.97979238,0.57291667,0.02446343,4.03646666,0.36969697,1.18343619,0.40277778,-0.0016013,26,0.34482759,1.53986657,,East Carolina,109,112,106,100,80,101,133,136,120,134,29,71,127,110,116,119,121,120,102,84,47,71,88,55,135,134,55,88,126,124,123,106,52,73,85,82,90,34,45,40,40,31,103,18,4,12,32,85,80,39,1,58,29,83,79,23,8,130,132,20,9,43,7,78,26,110,66,123,57,58,40,129,16,26,26,24,137.0,102.0,109.0,112.0,106.0,100.0,80.0,133.0,136.0,120.0,134.0,29.0,72.0,128.5,110.0,101.0,116.0,119.0,121.5,121.0,102.0,84.0,47.0,71.0,88.0,84.0,135.0,134.5,55.0,88.0,126.0,124.0,123.0,106.0,52.0,73.0,85.0,82.0,90.0,34.5,48.5,40.0,40.0,31.5,103.0,19.0,12.0,32.5,85.0,81.5,39.0,69.5,61.5,29.0,4.5,84.5,60.0,23.5,8.0,130.0,7.0,20.0,9.0,43.0,7.0,78.0,26.0,110.0,66.0,123.0,57.0,58.0,40.0,129.0,16.0,26.0,26.0,24.0,74.0,,,+150000,+100000,+125000,+100000,+1400,+1200,+1400,+710,+1300,+1400,7.5,125,Over,o7.5,,,,,,,,,6.5,-128,Over,o6.5,,,,,http://a.espncdn.com/i/teamlogos/ncaa/500/151.png,Pirates,east-carolina-pirates,2-2-0,2,2,0,0.5,-1.25,-4.75,1-3-0,1,3,0,0.25,-1.25,-4.75,1-3-0,1,3,0,0.25,0.75,-4.5,0.636,0.5,34.5,67
Temple,-4.3,55,2.588,502,22.05782143,K.C. Keeler,Tyler Walker,Brian L. Smith,88.5,92.0,57.0,-1.5,-1,-0.5,0.58,0.49,86.5,84.0,81.5,30.36896552,58,24,121.0,127.5,3.9,6.06,5.95,77.0,79.5,Temple,Temple,Temple,Temple,Temple,Temple Owls,Temple,502,2026,American Athletic,297,48,0.20703602,61.489698,0.41750842,1.2917402,0.69565217,0.17021277,3.32712766,626,1.22340426,230,1.69148936,318,26,3.38461538,73.3,1.177,0.098,0.057,0.04,0.69360269,0.11345434,0.45631068,1.03637134,0.30639731,0.41888026,0.32967033,2.09189597,0.63299663,0.21029834,39.5360876,0.44148936,1.03095923,0.34343434,0.20634244,21.0469285,0.37254902,1.87330964,335,51,0.16842239,56.421502,0.44776119,1.15267834,0.8,0.12290503,2.85307263,511,0.99441341,178,0.4972067,0,35,3.34285714,73.3,-1.129,0.107,0.057,0.051,0.69850746,0.0972641,0.49145299,0.92770596,0.30149254,0.33328418,36.9687706,0.34653465,1.89187331,0.53432836,0.10956981,19.6129963,0.44134078,0.82664434,0.44179104,0.24978899,102,0.45945946,1.52923703,,Temple,50,57,95,44,96,67,34,28,42,26,25,20,106,99,111,110,10,14,29,75,68,106,66,64,37,60,54,8,31,29,75,41,131,74,92,116,8,95,31,113,118,115,37,108,133,71,102,76,99,21,1,126,70,44,36,137,137,97,36,105,103,41,103,115,105,120,42,96,102,107,104,35,46,102,105,116,98.5,116.0,50.0,57.0,95.0,44.0,96.0,34.0,28.0,42.0,26.0,25.0,20.0,108.5,99.0,67.0,113.0,110.0,10.5,15.0,30.0,75.0,68.0,106.0,66.0,75.0,37.0,60.0,54.0,8.0,31.0,29.0,75.0,41.0,131.0,74.0,92.0,116.0,8.0,96.0,34.5,113.0,118.0,115.0,37.0,109.0,71.0,102.5,76.0,99.5,21.0,69.5,127.5,70.0,133.0,44.5,102.5,137.0,137.0,97.5,103.0,105.0,103.0,41.0,103.0,115.0,105.0,120.0,42.0,96.0,102.0,107.0,104.0,35.0,46.0,102.0,102.0,116.0,67.0,,,+300000,+300000,+125000,+100000,+2000,+1700,+1900,+3400,+2000,+2500,,,,,,,,,5.5,-136,Over,o5.5,6.5,118,Over,o6.5,,,,,http://a.espncdn.com/i/teamlogos/ncaa/500/218.png,Owls,temple-owls,2-3-0,2,3,0,0.4,1,5.8,4-0-1,4,0,1,1,1,5.8,2-3-0,2,3,0,0.4,0.6,0.9,0.583,0.667,44.5,13
Army,-1.4,54.5,3.05,508,27.01849077,Jeff Monken,Cody Worley,Scot Sloan / Daryl Dixon,91.0,79.0,16.0,-1.5,1.5,-3,0.71,0.3,86.5,53.0,129.5,31.5530303,66,128,135.0,71.0,3.67,6.05,7.03,78.0,58.0,Army,Army,Army,Army,Army,Army Black Knights,Army,508,2026,American Athletic,273,39,0.33118631,90.4138624,0.53113553,1.09183352,0.90909091,0.11483254,3.65023923,763,1.35885167,284,1.9138756,400,28,4.21428571,71.5,1.308,0.077,0.055,0.022,0.78021978,0.2813868,0.5915493,0.88455894,0.21978022,0.50797456,0.31666667,2.46639123,0.76556777,0.39767441,83.113951,0.55980861,1.05141946,0.2014652,0.15259928,8.39296019,0.47272727,1.2643368,220,39,0.22961578,50.5154725,0.45,1.30100492,0.81818182,0.19491525,3.21525424,379,1.23728814,146,1.75423729,0,19,2.68421053,77.1,-0.919,0.123,0.064,0.059,0.70454545,0.15898901,0.49677419,1.10103599,0.29545455,0.39803349,27.188529,0.33846154,2.00089614,0.53636364,0.22498584,26.5483291,0.45762712,1.11228071,0.45,0.27463161,109,0.45454545,1.52747396,,Army,10,24,4,127,3,10,10,3,15,2,18,8,80,54,80,80,2,12,2,3,9,5,125,136,18,66,5,2,3,1,4,36,137,86,110,40,135,1,1,128,111,117,96,116,68,116,37,116,55,125,1,13,21,4,6,120,133,69,33,121,108,116,106,123,83,114,71,99,128,115,116,117,53,109,83,111,122.5,137.5,10.0,24.0,4.0,127.0,3.0,10.0,3.0,15.0,2.0,18.0,8.0,88.0,54.0,10.0,81.0,80.0,2.0,12.0,2.5,3.0,9.0,5.0,125.0,3.0,18.0,66.0,5.0,2.0,3.0,1.0,4.0,36.0,137.0,86.0,110.0,40.5,135.0,1.0,1.0,128.0,111.0,117.0,96.0,116.5,116.0,37.0,116.0,55.5,125.0,69.5,15.5,21.0,68.0,4.0,133.0,121.0,133.0,70.5,106.0,121.0,108.0,116.0,106.0,123.0,83.0,114.0,71.0,99.0,128.0,115.0,116.0,117.0,53.0,109.0,109.0,111.0,66.0,,,+150000,+100000,+125000,+100000,+1100,+1300,+1150,+830,+1100,+1150,7.5,-135,Over,o7.5,,,,,,,,,6.5,-130,Over,o6.5,,,,,http://a.espncdn.com/i/teamlogos/ncaa/500/349.png,Black Knights,army-black-knights,2-2-0,2,2,0,0.5,13.5,2.875,1-2-1,1,2,1,0.3333,13.5,2.875,3-1-0,3,1,0,0.75,0.25,5,0.5,0.364,65.5,115.5
UConn,-3.2,54.5,2.322,315,30.63706985,Jason Candle,Jason Candle / Nunzio Campanile,Ryan Manalac,91.0,86.0,94.0,-11,-6,-5,0.16,0.13,138.0,133.5,138.0,25.87349398,66.4,91,37.0,68.0,0,6.62,7.06,61.0,56.0,Connecticut,UConn,UConn,Connecticut,Connecticut,UConn Huskies,UConn,315,2026,FBS Independents,337,61,0.20529017,69.1827866,0.43620178,1.41193575,0.6875,0.1754386,3.15497076,540,1.19883041,205,1.60233918,274,32,4.34375,70.8,1.356,0.139,0.092,0.047,0.65875371,0.17215626,0.48648649,1.06926069,0.34124629,0.26925301,0.33913043,2.36088208,0.5074184,0.18268382,31.2389339,0.45614035,1.01241605,0.46587537,0.30795374,48.3487365,0.42675159,1.91451816,378,62,0.06198514,23.4303838,0.41269841,1.25455155,0.68,0.17682927,2.80914634,461,0.67073171,110,0.35365854,0,32,3,71.4,-1.293,0.159,0.079,0.079,0.68253968,-0.0329514,0.45736434,1.00194564,0.31746032,0.26609864,28.3788261,0.31666667,2.03895939,0.43386243,0.02306586,3.78280121,0.40243902,0.83729778,0.54232804,0.1384333,67,0.42439024,1.57023588,,UConn,51,50,74,11,99,72,62,56,51,51,38,38,52,43,68,68,59,79,52,117,46,75,47,22,64,53,12,71,46,41,62,52,67,51,47,81,5,133,108,70,76,83,79,49,87,67,74,10,21,10,1,107,40,77,80,73,108,25,57,49,74,77,82,100,88,102,77,19,54,56,66,40,121,67,88,98,51.0,27.0,51.0,50.0,74.0,11.0,99.0,62.0,56.0,51.0,51.5,38.0,38.0,57.0,43.0,72.5,69.0,68.0,59.5,80.5,53.0,117.0,46.0,75.0,47.0,117.0,64.0,53.0,12.0,71.0,46.0,41.0,62.0,52.0,67.0,51.0,47.0,81.0,5.0,133.0,114.0,70.0,76.0,83.0,79.0,49.5,67.0,74.0,10.0,21.5,10.0,69.5,111.5,44.0,87.5,78.0,59.0,73.0,108.5,26.5,82.0,49.0,74.0,77.0,82.0,100.0,88.0,102.0,77.0,19.0,54.0,56.0,66.5,40.0,121.0,67.0,67.0,98.0,87.0,,+300000,+300000,+300000,+125000,+100000,,,,,,,,,,,,,,,,,,,5.5,-120,Over,o5.5,,,,,http://a.espncdn.com/i/teamlogos/ncaa/500/41.png,Huskies,connecticut-huskies,2-3-0,2,3,0,0.4,9.8,9,3-1-1,3,1,1,0.75,9.8,9,3-2-0,3,2,0,0.6,0.4,9.5,0.546,0.667,54,13
Florida International,-6.7,54.5,2.428,266,27.14862646,Willie Simmons,Nick Coleman,Jovan Dewitt,91.0,97.0,83.5,3.5,1.5,2,0.72,0.65,40.0,53.0,39.0,26.8650519,72.25,32,56.0,17.0,5.39,7.95,7.15,32.0,53.0,Florida Intl,FIU,Florida International,FIU,FIU,Florida International Panthers,FIU,266,2026,Conference USA,294,43,0.00916063,2.69322617,0.39115646,1.20699075,0.78947368,0.18045113,2.82631579,376,0.86466165,115,0.30827068,41,24,2.5,71.3,1.351,0.153,0.075,0.078,0.63945578,-0.0362283,0.44148936,1.11454101,0.36054422,0.08966177,0.30188679,1.44678227,0.45238095,-0.0786883,-10.465544,0.34586466,0.60015779,0.52040816,0.12291468,18.805946,0.44444444,1.59363285,249,41,-0.003786,-0.9427255,0.3373494,1.15883989,0.66666667,0.21848739,2.23109244,266,0.75630252,90,0.24369748,0,21,2.76190476,68.2,-1.543,0.177,0.12,0.056,0.6184739,-0.0237339,0.4025974,0.82256594,0.3815261,0.02855042,5.92527323,0.23157895,2.10652102,0.47791165,-0.0578794,-6.8876468,0.30252101,0.89561586,0.49799197,0.04778446,41,0.36290323,1.36090238,,Florida International,120,121,113,81,39,80,105,122,123,131,138,138,115,129,76,69,85,36,124,130,122,118,26,9,106,83,137,115,128,128,131,136,21,99,98,67,52,9,2,47,47,16,41,37,34,11,9,20,9,4,1,22,25,124,124,46,31,85,125,54,25,8,14,28,40,21,89,54,36,37,12,60,89,41,40,36,102.0,133.0,120.0,121.0,113.0,81.0,41.0,105.0,122.0,123.0,131.0,138.0,138.0,117.0,130.0,80.0,77.5,69.0,85.0,37.0,124.5,130.0,122.0,118.0,26.0,130.0,106.0,83.0,137.0,115.0,128.0,128.0,131.0,136.0,21.0,99.0,98.0,67.0,52.0,9.0,2.0,47.0,47.0,16.0,41.0,42.0,11.0,9.0,20.0,9.0,4.0,69.5,25.0,25.0,34.0,124.0,14.0,46.0,31.0,85.5,14.0,54.0,25.0,8.0,14.0,28.0,40.0,21.0,89.0,54.0,36.0,37.0,12.0,60.0,89.0,41.0,41.0,36.0,20.0,,,+500000,+500000,+125000,+100000,+550,+600,+515,+850,+500,+500,,,,,,,,,5.5,-170,Over,o5.5,6.5,-188,Over,o6.5,,,,,http://a.espncdn.com/i/teamlogos/ncaa/500/2229.png,Panthers,florida-international-panthers,3-2-0,3,2,0,0.6,6.6,-0.1,3-2-0,3,2,0,0.6,6.6,-0.1,1-4-0,1,4,0,0.2,0.8,-22.1,0.667,0.546,23,48
Louisiana,-0.8,54,2.57,517,22.42112901,Michael Desormeaux,Tim Leger,Jim Salgado,94.0,75.5,61.5,1,3,-2,0.78,0.38,61.5,34.0,117.5,30.68263473,66.8,45,123.0,66.0,5.15,7.6,8.9,37.0,24.0,LA Lafayette,Louisiana,Louisiana,La.-Lafayette,Louisiana,Louisiana Ragin' Cajuns,Louisiana,517,2026,Sun Belt,338,55,0.16100632,54.4201354,0.45266272,1.10471807,0.80952381,0.16504854,3.24514563,669,1.26213592,260,1.19417476,246,35,3.8,67.5,1.602,0.136,0.107,0.03,0.67751479,0.1317715,0.50218341,0.89934342,0.32248521,0.22242626,0.34862385,1.72624661,0.60946746,0.16393222,33.7700382,0.45145631,1.01543182,0.36390533,0.29227266,35.9495373,0.47154472,1.26040191,297,53,-0.1072893,-31.864909,0.4006734,1.02249198,0.46666667,0.2406015,2.65714286,353,0.86466165,115,0.47368421,0,16,4.3125,74.1,-1.069,0.185,0.118,0.067,0.69023569,-0.2625182,0.44390244,0.70442625,0.30976431,0.23860129,22.5516461,0.30434783,2.05620562,0.44781145,-0.2451078,-32.599336,0.42105263,0.5413088,0.50841751,0.14934865,72,0.41059603,1.45279531,,Louisiana,70,66,53,125,28,65,48,19,34,10,72,48,23,72,21,20,53,109,9,100,59,58,123,39,81,45,116,10,54,35,65,50,130,55,62,42,136,43,45,10,12,70,8,6,22,44,29,34,25,20,1,6,122,25,24,29,34,49,45,3,58,2,94,91,68,90,80,27,2,4,87,4,99,72,68,80,49.5,77.0,70.0,66.0,53.0,125.0,29.5,48.0,19.5,34.0,11.0,72.0,48.0,29.0,73.0,65.0,21.0,20.0,54.0,110.0,9.5,100.0,59.0,58.0,123.0,100.0,81.0,45.0,116.0,10.0,54.0,35.0,65.0,50.0,130.0,55.0,62.0,42.0,136.0,43.5,48.5,10.0,12.0,70.0,8.0,6.0,44.0,29.0,34.0,25.0,20.0,69.5,6.5,122.0,22.0,26.5,115.0,30.0,34.0,49.5,94.0,3.0,58.0,2.0,94.0,91.0,68.0,90.5,80.0,27.0,2.0,4.0,87.5,4.0,99.0,72.0,72.0,80.0,42.0,,,+200000,+200000,+125000,+100000,+650,+650,+650,+770,+700,+650,,,,,,,,,7.5,105,Over,o7.5,8.5,-111,Over,o8.5,,,,,http://a.espncdn.com/i/teamlogos/ncaa/500/309.png,Ragin' Cajuns,louisiana-ragin-cajuns,4-1-0,4,1,0,0.8,9.8,7.6,3-1-1,3,1,1,0.75,9.8,7.6,1-4-0,1,4,0,0.2,0.8,-3.7,0.5,0.667,65.5,13
San Diego State,-7.7,54,2.922,415,21.00385005,Sean Lewis,Sean Lewis,Demetrius Sumler,94.0,101.0,22.0,-0.5,2,-2.5,0.73,0.34,74.0,48.5,123.5,24.18670886,63.2,131,12.0,100.5,2.85,4.76,3.99,110.0,114.0,San Diego St,San Diego St.,San Diego State,San Diego St.,San Diego State,San Diego State Aztecs,San Diego State,415,2026,Pac-12,321,61,-0.0929181,-29.826715,0.34890966,1.12526523,0.52,0.21052632,2.9754386,509,1,171,0.84210526,144,29,3.31034483,71.7,1.279,0.156,0.093,0.062,0.64485981,-0.1976102,0.40096618,0.77230843,0.35514019,0.09718073,0.25438596,2.13545192,0.53271028,-0.0485184,-8.2966467,0.36842105,0.89078789,0.43302181,-0.0961583,-13.366005,0.3381295,1.48566376,398,65,0.08749382,34.8225412,0.45226131,1.07233973,0.80769231,0.11520737,3.27142857,710,0.78801843,171,0.42396313,0,39,3.30769231,69.8,-1.399,0.126,0.07,0.055,0.71859296,0.04185265,0.4965035,0.92357363,0.28140704,0.20404181,34.7953509,0.33928571,1.62825515,0.54522613,0.00207629,0.45055479,0.4562212,0.68631995,0.43467337,0.2011292,87,0.45086705,1.55790478,,San Diego State,134,134,133,117,134,118,87,72,100,80,106,100,74,105,85,85,90,83,95,129,137,134,136,10,102,114,45,45,124,125,121,88,99,135,134,130,93,138,133,81,86,118,17,111,135,122,138,25,87,15,1,138,64,105,104,118,122,87,18,81,107,40,121,84,102,115,10,107,45,46,113,11,40,87,102,110,76.0,27.0,134.0,134.0,133.0,117.0,134.0,87.0,72.0,100.5,80.0,106.0,101.0,76.5,105.0,118.5,85.0,85.0,91.0,83.5,95.0,129.0,137.0,134.0,136.0,129.0,102.0,114.0,45.0,45.0,124.0,125.0,121.0,88.0,99.0,135.0,134.0,130.0,93.0,138.0,134.5,81.0,86.0,118.0,17.0,112.5,122.0,138.0,25.0,87.5,15.0,69.5,138.0,65.0,135.0,105.0,35.0,118.0,122.5,88.0,121.0,81.0,107.0,40.0,121.0,84.0,102.0,115.0,10.0,107.0,45.0,46.0,113.0,11.0,40.0,87.0,87.0,110.0,79.0,100000,,+60000,+100000,+125000,+75000,150,145,150,150,125,-106,7.5,115,Over,o7.5,,,,,,,,,4.5,112,Over,o4.5,,,,,http://a.espncdn.com/i/teamlogos/ncaa/500/21.png,Aztecs,san-diego-state-aztecs,2-3-0,2,3,0,0.4,-4.2,-7.2,1-4-0,1,4,0,0.2,-4.2,-7.2,3-2-0,3,2,0,0.6,0.4,-0.7,0.75,0.25,7,132
Tulsa,-3.6,54,2.334,332,24.99561087,Tre Lamb,Kevin Barbay / Tre Lamb,Mike Gray / Josh Reardon,94.0,88.0,91.5,2,0,2,0.65,0.65,54.5,68.5,39.0,24.48358209,67,78,17.0,64.0,3.7,5.76,6.82,91.0,65.0,Tulsa,Tulsa,Tulsa,Tulsa,Tulsa,Tulsa Golden Hurricane,Tulsa,332,2026,American Athletic,338,61,0.13100959,44.2812428,0.40532544,1.15525904,0.84210526,0.11976048,3.31676647,554,1.08383234,181,1.50299401,251,30,3.56666667,69.7,1.416,0.148,0.071,0.077,0.68934911,0.16723,0.50643777,1.03849081,0.31065089,0.05063479,0.18095238,1.88045123,0.49408284,0.24936284,41.6435945,0.43712575,1.08515634,0.48224852,0.04572462,7.45311283,0.3803681,1.27706344,392,64,-0.021482,-8.4209485,0.3877551,1.14557355,0.57692308,0.20571429,2.67371429,468,0.95428571,167,0.81142857,0,31,2.93548387,73.8,-1.134,0.14,0.079,0.061,0.6505102,-0.1047862,0.42745098,0.82041757,0.3494898,0.13357324,31.2944257,0.31386861,1.96980616,0.44642857,-0.1160571,-20.309987,0.38285714,0.73414778,0.52295918,0.15265573,74,0.4,1.50871595,,Tulsa,76,73,103,105,11,13,37,47,74,71,47,47,68,89,50,53,73,28,122,87,49,50,63,52,119,138,99,81,19,25,80,26,55,115,113,110,132,137,126,39,37,62,35,16,53,47,79,62,80,45,1,97,35,34,39,96,108,65,101,28,45,6,38,57,93,100,62,26,21,18,50,18,112,74,93,67,49.5,27.0,76.0,73.0,103.0,105.0,12.0,37.0,47.5,74.0,71.0,47.0,47.0,70.5,89.0,13.0,52.0,53.0,74.0,29.0,122.5,87.0,49.0,50.0,63.0,87.0,119.0,138.0,99.0,81.0,19.0,25.0,80.5,26.0,55.0,115.0,113.0,110.0,132.0,137.0,129.0,39.0,37.0,62.0,35.0,16.0,47.0,79.5,62.0,81.5,45.0,69.5,101.5,35.0,53.0,35.0,99.5,96.5,108.5,65.5,38.0,28.0,45.0,6.0,38.0,57.0,93.0,100.0,62.0,26.0,21.0,18.0,50.0,18.0,112.0,74.0,74.0,67.5,63.0,,,+300000,+300000,+125000,,+3000,+2000,+2500,+1750,+2000,+2700,6.5,100,Over,o6.5,,,,,6.5,-150,Over,o6.5,6.5,-138,Over,o6.5,,,,,http://a.espncdn.com/i/teamlogos/ncaa/500/202.png,Golden Hurricane,tulsa-golden-hurricane,3-2-0,3,2,0,0.6,6.6,0.9,3-2-0,3,2,0,0.6,6.6,0.9,1-4-0,1,4,0,0.2,0.8,-5.7,0.5,0.333,65.5,123.5
Georgia Southern,-5.4,53.5,2.582,520,24.98321929,Clay Helton,Ryan Aplin,Mike Mutz,96.0,94.0,58.5,-4.5,-5.5,1,0.31,0.6,117.5,127.0,55.5,27.55489614,67.4,36,70.0,59.5,4.3,6.01,5.6,80.0,88.0,GA Southern,Ga. Southern,Georgia Southern,Ga. Southern,Georgia Southern,Georgia Southern Eagles,Georgia Southern,520,2026,Sun Belt,342,59,0.12673239,43.3424781,0.42105263,1.19947235,0.71428571,0.16541353,2.99699248,399,0.98496241,131,1.20300752,160,28,3.92857143,73.8,1.132,0.17,0.096,0.073,0.71052632,0.08813486,0.46502058,1.02498743,0.28947368,0.22147179,0.31313131,1.835498,0.38888889,0.03763282,5.00516501,0.42105263,0.87790091,0.59356725,0.22337113,45.3443397,0.42364532,1.41594565,322,57,0.08016588,25.8134119,0.38198758,1.10405993,0.68421053,0.20625,2.833125,453,1.04375,167,0.7,0,29,3.62068966,70.2,-1.378,0.18,0.124,0.056,0.67080745,0.10788202,0.43518519,0.94945905,0.32919255,0.0236877,34.566926,0.27358491,1.60518005,0.49689441,0.01152311,1.84369721,0.40625,0.69641902,0.46583851,0.23044617,96,0.37333333,1.56428009,,Georgia Southern,81,77,90,84,85,66,83,108,106,119,71,86,80,66,123,118,115,87,113,49,80,96,71,90,82,69,106,135,102,101,93,97,4,68,51,83,112,78,70,80,77,56,25,53,52,70,71,92,80,32,1,85,85,99,98,40,26,85,71,107,48,48,68,25,100,60,8,68,50,49,74,12,66,96,100,45,44.0,47.5,81.0,77.0,90.0,84.0,87.0,83.0,108.0,106.0,119.5,71.0,86.0,88.0,66.0,66.0,124.0,118.0,115.0,88.0,113.0,49.0,80.0,96.0,71.0,49.0,82.0,69.5,106.0,135.0,102.0,101.0,93.0,97.0,4.0,68.0,51.0,83.0,112.0,78.5,75.5,80.0,77.0,56.0,25.0,54.5,70.0,71.0,92.0,81.5,32.0,69.5,89.5,85.0,52.0,99.0,41.0,41.5,26.5,85.5,68.0,107.0,48.0,48.0,68.0,25.0,100.0,60.0,8.0,68.0,50.0,49.0,74.0,12.0,66.0,96.0,96.0,45.0,83.0,,,+200000,+200000,+125000,+100000,+1600,+1000,+1500,+1900,+1000,+1800,,,,,,,,,5.5,134,Over,o5.5,5.5,-128,Over,o5.5,,,,,http://a.espncdn.com/i/teamlogos/ncaa/500/290.png,Eagles,georgia-southern-eagles,2-3-0,2,3,0,0.4,1,2.8,4-1-0,4,1,0,0.8,1,2.8,3-2-0,3,2,0,0.6,0.4,-4.9,0.546,0.583,54,34.5
Western Michigan,-6.8,53,2.826,993,18.95092986,Lance Taylor,Walt Bell,Greer Martini / Duane Vaughn,97.0,99.0,29.5,-2,0.5,-2.5,0.67,0.36,91.5,61.5,123.5,31.36454849,59.8,121,132.0,123.0,5.58,7.05,7.25,51.0,50.0,W Michigan,WMU,Western Michigan,Western Mich.,Western Michigan,Western Michigan Broncos,Western Michigan,993,2026,Mid-American,306,52,0.097625,29.8732491,0.41503268,1.10147971,0.79166667,0.15697674,2.94127907,506,1.02325581,176,0.8372093,144,27,4.2962963,71,1.34,0.134,0.098,0.036,0.67320261,0.01906732,0.48058252,0.87112743,0.32679739,0.25945381,0.28,1.91593955,0.5620915,0.12867498,22.1320965,0.4244186,0.91736096,0.41176471,0.05050115,6.36314444,0.4047619,1.34341423,337,51,0.09418363,31.7398845,0.45697329,1.03541649,0.69444444,0.17010309,3.02319588,587,0.90721649,176,0.43298969,0,25,3.32,75.8,-0.995,0.116,0.068,0.047,0.73590504,-0.0164623,0.47983871,0.83422129,0.26409496,0.40250043,24.4456474,0.39325843,1.71948018,0.57566766,0.02346495,4.55220111,0.44845361,0.73601355,0.39762611,0.1824302,82,0.45522388,1.49264287,,Western Michigan,90,90,97,126,37,52,95,73,93,74,107,100,97,50,72,73,49,90,17,108,102,81,129,31,70,97,90,31,66,63,88,82,108,112,115,94,124,100,31,83,83,121,11,62,94,92,125,43,92,16,1,49,67,8,12,129,125,103,6,59,97,15,133,125,75,133,16,124,55,61,108,19,12,82,75,112,93.0,93.5,90.0,90.0,97.0,126.0,37.5,95.0,73.0,93.0,75.0,107.0,101.0,101.0,50.0,52.0,72.0,73.0,49.5,90.5,18.5,108.0,102.0,81.0,129.0,108.0,70.0,97.5,90.0,31.0,66.0,63.0,88.0,82.0,108.0,112.0,115.0,94.0,124.0,101.0,34.5,83.0,83.0,121.0,11.0,62.0,92.0,125.5,43.0,93.5,16.0,69.5,53.0,67.0,94.5,8.0,126.5,129.5,126.0,105.0,133.0,59.0,97.0,15.0,133.0,125.0,75.0,133.0,16.0,124.0,55.0,61.0,108.0,19.0,12.0,82.0,82.0,112.0,57.0,,,+100000,+200000,+125000,+100000,+225,+260,+190,+210,+230,+275,7.5,-175,Over,o7.5,,,,,7.5,-175,Over,o7.5,8.5,126,Over,o8.5,,,,,http://a.espncdn.com/i/teamlogos/ncaa/500/2711.png,Broncos,western-michigan-broncos,3-2-0,3,2,0,0.6,3.8,-0.375,1-3-0,1,3,0,0.25,3.8,-0.375,2-3-0,2,3,0,0.4,0.6,-6.5,0.727,0.5,11,67
Arkansas State,-8.9,52,2.852,524,21.00147357,Butch Jones,Garrett Altman,Griffin McCarley,99.0,104.0,26.0,1,3,-2,0.78,0.39,61.5,34.0,117.5,30.74475524,57.2,68,125.0,132.0,4.63,6.53,5.9,62.0,82.0,Arkansas St,Arkansas St.,Arkansas State,Arkansas St.,Arkansas State,Arkansas State Red Wolves,Arkansas State,524,2026,Sun Belt,290,48,0.15194553,44.0642038,0.47241379,1.15300711,0.72,0.15753425,3.2630137,476,1.15753425,169,0.94520548,138,28,3.53571429,69.4,1.413,0.152,0.083,0.069,0.72758621,0.12366662,0.53080569,1.00765245,0.27241379,0.22747529,0.3164557,1.804196,0.50344828,0.20656065,30.157855,0.49315068,0.92708673,0.47241379,0.1488347,20.3903533,0.45985401,1.43147785,321,52,0.18580826,59.6444527,0.47663551,1.15708676,0.80769231,0.12698413,3.51851852,665,1.25396825,237,1.26984127,0,27,3.55555556,74,-1.115,0.115,0.069,0.047,0.72897196,0.14223711,0.52136752,0.91464209,0.27102804,0.30299965,56.5001148,0.35632184,2.11122386,0.58878505,0.06466852,12.2223507,0.48677249,0.84233191,0.38006231,0.4631157,135,0.47540984,1.69398027,,Arkansas State,72,74,37,106,83,53,45,84,57,82,94,105,80,92,43,54,84,54,106,27,64,32,80,112,79,67,111,78,33,47,25,78,63,90,94,49,111,76,39,119,119,130,39,111,132,135,135,121,133,94,1,66,81,29,32,131,124,103,9,116,128,37,130,108,125,123,92,133,81,88,127,41,9,135,125,122,107.5,116.0,72.0,74.0,37.0,106.0,83.5,45.0,84.5,57.0,82.5,94.0,105.5,88.0,92.0,53.0,44.5,54.0,84.0,56.0,107.0,27.0,64.0,32.0,80.0,27.0,79.0,67.0,111.0,78.0,33.0,47.0,25.0,78.0,63.0,90.0,94.0,49.0,111.0,76.5,41.5,119.0,119.0,130.0,39.0,112.5,135.0,135.0,121.0,133.0,94.0,69.5,70.0,81.0,132.0,31.0,107.0,131.0,124.0,105.0,130.0,116.0,128.0,37.0,130.0,108.0,125.0,123.0,92.0,133.0,81.0,88.0,127.0,41.0,9.0,135.0,135.0,122.0,108.0,,,+300000,+300000,+125000,+100000,+10000,+10000,+4000,+1200,+10000,+3000,,,,,,,,,5.5,-186,Over,o5.5,5.5,-102,Over,o5.5,,,,,http://a.espncdn.com/i/teamlogos/ncaa/500/2032.png,Red Wolves,arkansas-state-red-wolves,2-4-0,2,4,0,0.3333,-0.6666666666666666,-1.8333333333333333,2-4-0,2,4,0,0.3333,-0.6666666666666666,-1.8333333333333333,3-3-0,3,3,0,0.5,0.5,2.3333333333333335,0.667,0.333,23,123.5
Jacksonville State,-2,52,3.25,503,25.52582378,Charles Kelly,Taylor Housewright,Brian Williams,99.0,81.0,7.0,2.5,1,1.5,0.7,0.63,49.5,57.5,47.0,26.83443709,60.4,6,54.0,118.5,4.98,6.97,8.93,52.5,23.0,Jacksonville State,JSU,Jacksonville State,Jacksonville St.,Jacksonville State,Jacksonville State Gamecocks,Jacksonville State,503,2026,Conference USA,308,48,0.20392568,62.8091089,0.48051948,1.19197007,0.81481481,0.17575758,3.12242424,515,1.2,198,1.03636364,171,28,3.28571429,75.3,1.004,0.132,0.084,0.048,0.75649351,0.19469996,0.52360515,1.10473973,0.24350649,0.2325869,0.34666667,1.60128167,0.53571429,0.10683614,17.6279624,0.47272727,0.93506467,0.43506494,0.38288303,51.3063264,0.50746269,1.49987611,324,47,0.03870526,12.540504,0.42283951,1.04622766,0.84,0.17112299,2.91497326,545,0.94117647,176,1.04278075,0,24,3.5,74,-1.134,0.155,0.1,0.055,0.72530864,0.01518647,0.49361702,0.83830673,0.27469136,0.10080543,5.53804285,0.23595506,2.19474326,0.57716049,0.08745331,16.3537699,0.43315508,0.87086172,0.40123457,0.04260033,40,0.40769231,1.33987025,,Jacksonville State,52,55,33,90,22,74,69,69,50,58,85,81,80,107,135,137,44,59,55,10,36,37,32,129,77,47,130,43,75,74,43,76,97,31,39,22,88,83,17,62,62,95,13,122,92,81,115,57,92,74,1,39,77,29,39,81,68,87,12,68,105,17,127,45,39,27,110,126,90,96,97,54,14,40,39,72,90.0,116.0,52.0,55.0,33.0,90.0,23.5,69.0,69.0,50.0,58.5,85.0,81.0,88.0,107.0,74.0,135.5,137.0,45.5,59.0,56.5,10.0,36.0,37.0,32.0,10.0,77.0,47.0,130.0,43.0,75.0,74.0,43.5,76.0,97.0,31.0,39.0,22.0,88.0,84.0,18.5,62.0,62.0,95.0,13.0,122.5,81.0,115.0,57.0,93.5,74.0,69.5,43.5,77.5,92.0,31.0,99.5,82.5,68.0,88.0,127.0,68.0,105.0,17.0,127.0,45.0,39.0,27.0,110.0,126.0,90.0,96.0,97.0,54.0,14.0,40.0,40.0,72.0,18.0,,,+200000,+200000,+125000,+100000,+350,+400,+375,+580,+500,+500,,,,,,,,,7.5,140,Over,o7.5,7.5,-136,Over,o7.5,,,,,http://a.espncdn.com/i/teamlogos/ncaa/500/55.png,Gamecocks,jacksonville-state-gamecocks,4-2-0,4,2,0,0.6667,4.833333333333333,0.16666666666666666,3-3-0,3,3,0,0.5,4.833333333333333,0.16666666666666666,4-2-0,4,2,0,0.6667,0.3333,0.16666666666666666,0.5,0.667,65.5,13
South Alabama,-12.9,52,1.91,361,28.80136898,Major Applewhite,Major Applewhite,Todd Orlando / Jason Washington,99.0,116.0,120.0,0.5,0.5,0,0.67,0.54,64.0,61.5,69.5,27.73841962,73.4,8,74.0,12.0,4.5,6.22,4.86,72.0,95.0,S Alabama,S. Alabama,South Alabama,South Ala.,South Alabama,South Alabama Jaguars,South Alabama,361,2026,Sun Belt,375,57,0.2331271,87.4226618,0.43733333,1.32233733,0.8125,0.12328767,3.22785388,707,1.06849315,234,0.87214612,191,35,4.2,69,1.475,0.133,0.085,0.048,0.712,0.11781801,0.46441948,1.14584341,0.288,0.51819678,0.37037037,1.8694685,0.584,0.19835297,43.4393005,0.44292237,1.03642387,0.38933333,0.34037864,49.6952808,0.44520548,1.75807328,287,56,0.27343197,78.4749749,0.48432056,1.43839383,0.63636364,0.18382353,3.11544118,424,1.32352941,180,2.99264706,0,32,4.40625,69.2,-1.444,0.181,0.101,0.08,0.728223,0.26299508,0.5215311,1.27371476,0.271777,0.30139749,48.1705371,0.38461538,2.03672776,0.4738676,0.24687976,33.5756471,0.47794118,1.30924858,0.50522648,0.3322106,117,0.48965517,1.56402041,,South Alabama,43,28,71,26,26,16,50,10,79,24,100,77,23,55,37,40,48,60,55,46,65,97,16,93,15,23,103,25,37,23,71,39,117,42,43,66,20,32,62,132,131,131,130,32,82,105,54,130,102,138,1,107,127,115,115,38,66,21,10,136,129,135,129,107,117,132,76,49,132,127,123,136,95,117,117,127,9.0,66.5,43.0,28.0,71.0,26.0,26.5,50.0,10.5,79.5,24.0,100.0,77.0,29.0,55.0,16.0,37.5,40.0,48.0,62.0,56.5,46.0,65.0,97.0,16.0,46.0,15.0,23.0,103.0,25.0,37.0,23.0,71.0,39.0,117.0,42.0,43.0,66.0,20.0,32.5,65.5,132.0,131.0,131.0,130.0,33.0,105.0,54.5,130.0,103.0,138.0,69.5,111.5,127.0,82.0,116.0,24.0,38.5,66.5,22.5,129.0,136.0,129.0,135.0,129.0,107.0,117.0,132.0,76.0,49.0,132.0,127.0,123.0,136.0,95.0,117.0,117.0,127.0,82.0,,,+300000,+300000,+125000,+100000,+1000,+1000,+1300,+1300,+1300,+1400,,,,,,,,,5.5,-146,Over,o5.5,6.5,-172,Over,o6.5,,,,,http://a.espncdn.com/i/teamlogos/ncaa/500/6.png,Jaguars,south-alabama-jaguars,4-2-0,4,2,0,0.6667,4.333333333333333,4.5,4-2-0,4,2,0,0.6667,4.333333333333333,4.5,5-1-0,5,1,0,0.8333,0.1667,19.5,0.417,0.667,94,13
Appalachian State,-4.1,51.5,2.142,337,30.27501192,Dowell Loggains,Mike Anthony / Dowell Loggains,D.J. Smith,102.0,90.0,106.0,-4,-4,0,0.41,0.54,110.5,118.0,69.5,26.97508897,70.25,116,58.0,32.0,4.18,6.42,7.7,68.5,42.0,App State,App. St.,App State,Appalachian St.,Appalachian State,Appalachian State Mountaineers,Appalachian State,337,2026,Sun Belt,288,48,0.23750174,68.4005015,0.45486111,1.31244528,0.66666667,0.23880597,2.57686567,345,1.02238806,137,1.09701493,147,36,3.69444444,69.9,1.377,0.122,0.08,0.042,0.67361111,0.10608545,0.45876289,1.0846172,0.32638889,0.5087226,0.44680851,1.79522383,0.46527778,0.04817473,6.4554133,0.3880597,1.07564654,0.50347222,0.47535633,68.9266673,0.52413793,1.4637695,272,47,0.07988904,21.7298181,0.42279412,1.13222746,0.84210526,0.2265625,2.6203125,335,0.9375,120,0.7421875,0,22,3.72727273,73.6,-1.09,0.176,0.107,0.07,0.70588235,0.13319051,0.51041667,0.91340037,0.29411765,-0.0480345,18.0482236,0.2125,2.39370123,0.47058824,0.05068774,6.4880309,0.4296875,0.84270945,0.50367647,0.13173886,64,0.41605839,1.39651254,,App State,40,51,51,33,101,130,128,128,94,113,81,97,20,82,59,61,30,46,33,107,73,102,40,32,17,3,112,110,97,100,111,28,40,17,23,16,100,21,17,79,73,94,32,124,29,35,26,55,31,38,1,29,93,39,28,47,50,40,30,115,117,35,109,14,61,13,131,43,74,69,93,42,94,64,61,86,111.0,116.0,40.0,51.0,51.0,33.0,103.0,128.0,128.0,94.0,114.0,81.0,97.5,21.0,82.0,130.0,59.0,61.0,30.5,46.5,35.0,107.0,73.0,102.5,40.0,107.0,17.0,3.0,112.0,110.0,97.0,100.0,111.0,28.0,40.0,17.0,23.0,16.0,100.0,21.0,18.5,79.0,73.0,94.0,32.0,124.5,35.0,26.0,55.0,31.5,38.0,69.5,30.5,93.0,29.0,39.5,111.0,48.5,51.5,41.5,109.0,115.0,117.0,35.0,109.0,14.0,61.0,13.0,131.0,43.0,74.0,69.0,93.0,42.0,94.0,64.0,64.0,86.0,26.0,,,+300000,+300000,+125000,+100000,+850,+750,+800,+1150,+800,+800,,,,,,,,,6.5,-130,Over,o6.5,7.5,-162,Over,o7.5,,,,,http://a.espncdn.com/i/teamlogos/ncaa/500/2026.png,Mountaineers,app-state-mountaineers,3-1-0,3,1,0,0.75,12.5,8,3-1-0,3,1,0,0.75,12.5,8,2-2-0,2,2,0,0.5,0.5,2.5,0.417,0.5,94,67
Rice,-13.7,51.5,2.292,284,20.18522304,Scott Abell,Vince Munch,Jon Kay,102.0,118.0,97.0,2,3,-1,0.77,0.48,54.5,34.0,96.5,28.86495177,62.2,7,104.0,108.5,2.85,4.53,3.09,112.0,124.0,Rice,Rice,Rice,Rice,Rice,Rice Owls,Rice,284,2026,American Athletic,316,51,0.03031036,9.57807324,0.42088608,1.14210569,0.78947368,0.1637931,3.12758621,726,1.11637931,259,1.51724138,352,25,3.32,75.5,1.006,0.149,0.127,0.022,0.7056962,0.07811993,0.50224215,0.92523321,0.2943038,-0.0843298,0.22580645,2.29875893,0.73417722,0.06596876,15.304752,0.4612069,0.99198275,0.24367089,-0.0418732,-3.2242374,0.31168831,1.78560252,334,51,0.11521648,38.4823031,0.41616766,1.31392713,0.68181818,0.1978022,2.72967033,497,1.04945055,191,1.63736264,0,32,3.84375,67.5,-1.555,0.141,0.105,0.036,0.66467066,0.05726369,0.47297297,1.0243628,0.33532934,0.23008717,13.6095187,0.30357143,2.20816991,0.54491018,0.13296811,24.2001953,0.42307692,1.13090388,0.42814371,0.09517146,54,0.41258741,1.50973064,,Rice,114,114,91,114,39,60,68,8,68,13,46,15,112,104,137,136,76,129,2,53,84,56,113,86,134,125,19,4,93,79,55,59,136,131,131,134,14,94,31,91,92,90,104,51,64,53,95,93,114,121,1,107,102,129,128,95,59,127,81,87,90,88,58,88,52,88,113,106,110,111,89,122,34,54,52,83,83.5,102.0,114.0,114.0,91.0,114.0,41.0,68.0,8.0,68.0,13.0,46.0,15.0,113.0,104.0,60.0,137.0,136.0,77.5,129.0,2.5,53.0,84.0,56.5,113.0,53.0,134.0,125.0,19.0,4.0,93.0,79.0,55.0,59.0,136.0,131.0,131.0,134.0,14.0,94.0,34.5,91.0,92.0,90.0,104.0,51.5,53.0,95.0,93.0,114.5,121.0,69.5,111.5,102.0,64.0,129.5,11.0,95.0,59.5,128.0,58.0,87.0,90.0,88.0,58.0,88.0,52.0,88.0,113.0,106.0,110.0,111.0,89.0,122.0,34.0,54.0,54.0,83.0,64.0,,,+500000,+500000,+125000,+100000,+15000,+15000,+13000,+22000,+12500,+10000,,,,,,,,,3.5,-105,Over,o3.5,3.5,140,Over,o3.5,,,,,http://a.espncdn.com/i/teamlogos/ncaa/500/242.png,Owls,rice-owls,1-4-0,1,4,0,0.2,-9.4,1.5,3-2-0,3,2,0,0.6,-9.4,1.5,2-3-0,2,3,0,0.4,0.6,-3.7,0.417,0.583,94,34.5
Utah State,-10.4,51.5,2.614,265,20.23150552,Bronco Mendenhall,Robert Anae,Nick Howell,102.0,107.0,54.0,-4,-3.5,-0.5,0.45,0.51,110.5,111.5,81.5,25.87381703,63.4,5,38.0,98.0,2.17,3.91,3.1,126.0,123.0,Utah State,Utah St.,Utah State,Utah St.,Utah State,Utah State Aggies,Utah State,265,2026,Pac-12,323,59,-0.0640891,-20.700788,0.35294118,1.39484489,0.38461538,0.21232877,3.05890411,447,1.06849315,156,1.80136986,263,28,1.96428571,69.8,1.39,0.192,0.102,0.09,0.62848297,-0.1790254,0.36945813,1.10643261,0.37151703,0.13034477,0.325,1.94948389,0.45201238,-0.0058165,-0.84921,0.35616438,1.05284142,0.52012384,-0.0892208,-14.989094,0.3452381,1.73439231,357,58,0.07376004,26.3323358,0.41456583,1.18248873,0.76,0.18787879,2.75454545,455,0.93939394,155,1.24242424,0,33,3.42424242,74.8,-1.139,0.129,0.07,0.059,0.68067227,0.03512136,0.46502058,0.98155709,0.31932773,0.15612146,25.4293133,0.30701754,1.83121089,0.46218487,0.01810612,2.98751037,0.40606061,1.00229516,0.52380952,0.13598563,66,0.42245989,1.32831169,,Utah State,131,131,129,12,137,121,73,95,79,96,21,41,80,134,55,57,128,98,135,135,136,137,31,4,97,62,84,116,110,110,127,35,22,134,135,128,25,117,82,76,79,88,50,96,78,56,72,56,63,90,1,117,74,19,42,114,122,69,58,78,83,67,81,71,78,94,33,35,51,51,73,92,114,66,78,97,74.0,47.5,131.0,131.0,129.0,12.0,137.0,73.0,95.0,79.5,96.5,21.0,41.0,88.0,134.0,121.0,56.5,57.5,128.5,98.0,135.0,135.0,136.0,137.0,31.0,135.0,97.0,62.0,84.0,116.0,110.0,110.0,127.0,35.0,22.0,134.0,135.0,128.0,25.0,118.0,84.5,76.0,79.0,88.5,50.0,96.0,56.0,72.0,56.0,64.0,90.0,69.5,118.0,74.0,78.0,19.5,96.5,114.0,122.5,70.5,81.0,78.0,83.0,67.0,81.0,71.0,78.0,94.5,33.0,35.0,51.0,51.0,73.0,92.0,114.0,66.0,66.0,97.0,15.0,,,+200000,+200000,+125000,+100000,,,,,,,,,,,,,,,,,,,3.5,-174,Over,o3.5,,,,,http://a.espncdn.com/i/teamlogos/ncaa/500/328.png,Aggies,utah-state-aggies,1-4-0,1,4,0,0.2,-11,0.1,3-2-0,3,2,0,0.6,-11,0.1,1-4-0,1,4,0,0.2,0.8,-14.9,0.833,0.417,3.5,99.5
Colorado State,-8.7,51,1.982,376,32.57518819,Jim Mora,Pryce Tracy / Jim Mora,Tyson Summers,105.0,103.0,115.0,-0.5,1,-1.5,0.69,0.44,74.0,57.5,110.5,23.13392857,67.2,50,4.0,61.5,2.05,3.92,4.33,125.0,111.0,Colorado St,Colorado St.,Colorado State,Colorado St.,Colorado State,Colorado State Rams,Colorado State,376,2026,Pac-12,283,49,0.27012533,76.445469,0.43816254,1.51177204,0.8,0.20168067,2.61596639,311,0.93277311,111,2.6302521,313,24,4.875,68.6,1.441,0.155,0.081,0.074,0.70318021,0.20640353,0.47236181,1.25569777,0.29681979,0.42108531,0.35714286,2.31413807,0.4204947,0.28736995,34.1970236,0.42857143,1.34432889,0.55830389,0.3088682,48.8011764,0.44936709,1.66277315,253,50,0.16279445,41.186997,0.46245059,1.19791055,0.88888889,0.15789474,3.39539474,516,1.38157895,210,2.34210526,0,27,4.03703704,71.5,-1.316,0.182,0.107,0.075,0.71936759,0.13013092,0.52197802,0.9486783,0.28063241,0.24652351,25.0703089,0.30985915,2.27414072,0.60079051,0.22925127,34.8461933,0.48684211,0.92714804,0.36363636,0.27250336,108,0.4673913,1.66387395,,Colorado State,29,39,70,2,33,107,125,133,114,132,2,21,115,15,31,47,87,48,114,57,33,89,2,82,36,39,16,126,12,34,85,2,9,50,45,61,39,12,28,109,98,125,61,133,109,127,106,135,124,135,1,66,112,75,84,35,50,32,17,112,130,46,122,95,77,98,120,135,130,129,128,70,4,108,77,118,113.5,112.0,29.0,39.0,70.0,2.0,33.5,125.0,133.0,114.0,132.0,2.0,21.5,117.0,15.0,107.0,31.5,47.5,88.0,48.5,114.5,57.0,33.0,89.0,2.0,57.0,36.0,40.0,16.0,126.0,12.0,34.0,85.0,2.0,9.0,50.0,45.0,61.0,39.0,12.5,29.0,109.0,98.0,125.0,61.0,133.0,127.0,106.5,135.0,124.0,135.0,69.5,70.0,112.0,109.0,75.5,55.0,36.0,51.5,32.0,122.0,112.0,130.0,46.0,122.0,95.0,77.0,98.0,120.0,135.0,130.0,129.0,128.0,70.0,4.0,108.0,108.0,118.0,105.0,,,+500000,+500000,+125000,+100000,,,,,,,,,,,,,,,,,,,4.5,130,Over,o4.5,,,,,http://a.espncdn.com/i/teamlogos/ncaa/500/36.png,Rams,colorado-state-rams,2-3-0,2,3,0,0.4,-1.2,2.1,2-2-1,2,2,1,0.5,-1.2,2.1,5-0-0,5,0,0,1,0,20.5,0.333,0.417,121,99.5
UAB,-11.8,51,2.502,1326,20.58938427,Alex Mortensen,Alex Mortensen,Todd Grantham,105.0,110.0,70.0,-2.5,-2,-0.5,0.52,0.49,95.5,94.0,81.5,28.62006079,65.8,11,96.0,73.5,2.84,4.93,4.27,105.0,112.0,UAB,UAB,UAB,UAB,UAB,UAB Blazers,UAB,1326,2026,American Athletic,335,51,0.09214818,30.8696408,0.43880597,1.15884439,0.73333333,0.15577889,3.21005025,639,0.98994975,197,0.80904523,161,27,2.88888889,67.3,1.555,0.155,0.107,0.048,0.69850746,-0.0334147,0.47008547,0.87991151,0.30149254,0.38305621,0.36633663,1.98810431,0.59402985,0.16609513,33.0529301,0.46733668,0.95349409,0.37313433,0.02841266,3.55158237,0.4,1.53500468,305,53,0.01793687,5.47074628,0.43278689,1.03341616,0.71428571,0.13541667,3.40208333,653,1.15625,222,0.94791667,0,25,3.84,71.2,-1.309,0.161,0.115,0.046,0.69508197,0.07409288,0.51886792,0.94975704,0.30491803,-0.1100747,-3.8870998,0.23655914,1.45171174,0.6295082,0.08985957,17.2530379,0.46875,0.90621593,0.34754098,-0.0366708,20,0.38679245,1.28653093,,UAB,97,87,67,102,75,49,52,26,104,60,109,85,97,121,18,25,87,109,55,63,121,91,127,76,47,29,74,15,51,36,51,70,127,119,119,96,73,54,45,55,55,103,10,70,128,129,134,110,130,67,1,49,101,81,83,68,36,108,40,97,125,49,99,10,22,28,3,138,92,102,120,64,1,20,22,55,56.0,102.0,97.0,87.0,67.0,102.0,75.5,52.0,26.0,104.0,60.0,109.0,85.0,101.0,121.5,49.0,18.5,25.0,88.0,110.0,56.5,63.0,121.0,91.0,127.0,63.0,47.0,29.0,74.0,15.0,51.0,36.0,51.0,70.0,127.0,119.0,119.0,96.5,73.0,54.5,48.5,55.0,55.0,103.0,10.0,71.0,129.0,134.0,110.0,130.5,67.0,69.5,53.0,101.0,128.0,81.5,56.0,68.0,37.5,108.0,99.0,97.0,125.0,49.0,99.0,10.0,22.0,28.0,3.0,138.0,92.0,102.0,120.0,64.0,1.0,20.0,20.0,55.0,7.0,,,+250000,+1000000,+125000,+100000,+6000,+8000,+4500,+25000,+4500,+10000,,,,,,,,,3.5,-200,Over,o3.5,5.5,124,Over,o5.5,,,,,http://a.espncdn.com/i/teamlogos/ncaa/500/5.png,Blazers,uab-blazers,3-2-0,3,2,0,0.6,0.6,0.4,2-2-1,2,2,1,0.5,0.6,0.4,1-4-0,1,4,0,0.2,0.8,-6.3,0.333,0.5,121,67
Washington State,-11.5,51,3.122,996,18.74378982,Kirby Moore,Matt Miller / Kirby Moore,Trent Bray,105.0,108.5,13.0,-4.5,-2,-2.5,0.52,0.36,117.5,94.0,123.5,27.2020202,59.4,96,65.0,124.0,2.13,3.29,2.58,130.0,129.0,Wash State,Wash. St.,Washington State,Washington St.,Washington State,Washington State Cougars,Washington State,996,2026,Pac-12,305,59,-0.1159206,-35.355798,0.33770492,1.23113229,0.57142857,0.23776224,2.72797203,390,1.23076923,176,1.37062937,196,19,3.21052632,75,1.04,0.2,0.125,0.075,0.63606557,-0.1680943,0.40721649,0.981715,0.36393443,-0.0247342,0.21621622,2.05213086,0.46885246,-0.0347383,-4.9675721,0.34265734,1.15195507,0.50491803,-0.1378683,-21.231712,0.34415584,1.30658935,337,64,0.0343598,11.579251,0.40652819,1.1993253,0.68421053,0.19642857,2.82619048,475,1.05952381,178,1.42857143,0,35,3.17142857,69.3,-1.43,0.131,0.083,0.047,0.6735905,-0.0608764,0.46255507,0.87105498,0.3264095,0.23089258,23.1936718,0.29090909,2.2764623,0.49851632,0.04273867,7.18009632,0.41071429,0.91199747,0.47774481,0.14406007,69,0.40993789,1.53050465,,Washington State,135,136,136,73,129,128,118,115,40,74,56,71,133,111,131,132,132,128,116,132,133,132,94,7,129,129,63,105,121,121,132,12,37,136,137,129,128,100,126,60,61,81,62,53,66,69,83,94,99,108,1,126,53,114,111,110,97,103,65,44,80,24,74,89,71,75,122,69,68,70,77,66,73,69,71,78,94.5,47.5,135.0,136.0,136.0,73.0,129.5,118.0,115.0,40.0,75.0,56.0,72.0,134.5,111.0,128.0,131.5,132.0,132.5,128.0,117.0,132.0,133.0,132.0,94.0,132.0,129.0,129.5,63.0,105.0,121.0,121.0,132.0,12.0,37.0,136.0,137.0,129.0,128.0,101.0,129.0,60.0,61.0,81.0,62.0,54.5,69.0,83.5,94.0,99.5,108.0,69.5,127.5,53.0,66.0,114.0,28.0,110.5,99.0,105.0,74.0,44.0,80.0,24.0,74.0,89.0,71.0,75.0,122.0,69.0,68.0,70.0,77.0,66.0,73.0,69.0,69.0,78.0,68.0,,,+80000,+150000,+125000,+100000,,,,,,,,,,,,,,,,,,,3.5,120,Over,o3.5,,,,,http://a.espncdn.com/i/teamlogos/ncaa/500/265.png,Cougars,washington-state-cougars,1-4-0,1,4,0,0.2,-6,-3.6,3-2-0,3,2,0,0.6,-6,-3.6,2-3-0,2,3,0,0.4,0.6,-4.7,0.667,0.25,23,132
Georgia State,-4.2,50.5,1.848,263,31.54060114,Dell McGee,Hue Jackson,Cam Clark / John Haneline,107.5,91.0,126.0,1.5,0,1.5,0.62,0.62,58.5,68.5,47.0,28.32571429,70,130,89.0,36.5,3.62,6.02,7.22,79.0,51.0,Georgia State,Georgia St.,Georgia State,Georgia St.,Georgia State,Georgia State Panthers,Georgia State,263,2026,Sun Belt,357,63,0.23679524,84.535901,0.47058824,1.28683093,0.65,0.17766497,3.2680203,644,1.1928934,235,1.43147208,282,35,4.6,69.7,1.427,0.109,0.059,0.05,0.7394958,0.10837921,0.49242424,1.01231929,0.2605042,0.60133107,0.40860215,2.22594971,0.55182073,0.11638016,22.9268924,0.43654822,0.88135903,0.41736695,0.49240771,73.3687487,0.51677852,1.73117015,306,59,-0.0475456,-14.548945,0.35294118,1.19762568,1,0.24113475,2.75602837,389,1.27659574,180,1.46808511,0,27,2.74074074,70.8,-1.326,0.203,0.137,0.065,0.62091503,-0.1025058,0.42631579,0.97171307,0.37908497,0.04247541,-15.664859,0.23275862,1.87536351,0.46078431,0.05182948,7.30795617,0.38297872,0.99148354,0.51633987,-0.0991447,13,0.32911392,1.42230862,,Georgia State,41,32,38,46,107,77,43,25,52,23,51,33,23,25,50,50,17,17,62,19,72,67,76,120,6,10,29,35,70,62,82,95,106,14,17,18,26,56,88,30,29,29,60,138,21,57,41,124,102,110,1,66,24,90,86,18,17,52,122,31,43,61,17,32,9,23,38,34,76,71,51,88,108,13,9,14,24.5,13.0,41.0,32.0,38.0,46.0,107.0,43.0,25.0,52.0,23.0,51.0,33.0,29.0,25.5,77.0,52.0,50.5,17.0,17.0,62.0,19.0,72.0,67.0,76.0,19.0,6.0,10.0,29.0,35.0,70.0,62.0,82.0,95.0,106.0,14.0,17.0,18.0,26.0,56.0,90.0,30.0,29.0,29.0,60.0,138.0,57.0,41.0,124.0,103.0,110.0,69.5,70.0,24.0,21.0,90.5,53.0,18.5,17.0,53.5,17.0,31.0,43.0,61.0,17.0,32.0,9.0,23.5,38.0,34.0,76.0,71.0,51.0,88.0,108.0,13.0,13.0,14.0,31.0,,,+250000,+1000000,+125000,+100000,+1800,+1500,+1500,+12000,+1500,+1200,,,,,,,,,4.5,134,Over,o4.5,7.5,-113,Over,o7.5,,,,,http://a.espncdn.com/i/teamlogos/ncaa/500/2247.png,Panthers,georgia-state-panthers,4-1-0,4,1,0,0.8,20.4,17.6,5-0-0,5,0,0,1,20.4,17.6,3-2-0,3,2,0,0.6,0.4,3.9,0.167,0.5,135.5,67
Ohio,-10.1,50.5,3.028,275,20.87262762,John Hauser,Scott Isphording,Kurt Mattix / John Hauser,107.5,106.0,17.0,-3,-5,2,0.35,0.64,99.5,123.5,39.0,29.81269841,63,44,116.0,102.5,5.53,7.44,7.01,39.5,60.0,Ohio,Ohio,Ohio,Ohio,Ohio,Ohio Bobcats,Ohio,275,2026,Mid-American,319,51,0.16716326,53.3250796,0.44514107,1.15806266,0.79310345,0.11702128,3.45053191,649,1.15957447,218,0.9893617,186,31,3.87096774,69,1.479,0.142,0.083,0.059,0.70219436,0.21781269,0.51339286,1.05798235,0.29780564,0.04773723,0.28421053,1.58433067,0.58934169,0.19514144,36.6865915,0.46276596,0.94015945,0.39184953,0.09214588,11.5182344,0.4,1.52485506,325,49,0.20015196,65.0493863,0.42461538,1.30926433,0.67857143,0.19889503,2.76187845,500,0.98895028,179,0.93922652,0,27,4.33333333,71,-1.281,0.165,0.107,0.058,0.70461538,0.08160428,0.43668122,1.1270713,0.29538462,0.48293756,50.1270526,0.39583333,1.78871965,0.55692308,0.13338695,24.1430384,0.39779006,1.07103133,0.41846154,0.36858127,124,0.47058824,1.59817348,,Ohio,67,67,63,103,35,11,25,23,56,32,90,78,63,67,37,38,67,54,88,59,27,46,53,80,120,92,134,20,39,32,53,73,116,105,108,96,76,86,25,121,122,96,102,48,62,60,96,75,101,65,1,66,124,83,77,65,50,73,32,99,51,120,107,133,119,134,25,114,111,110,62,107,25,124,119,120,78.5,102.0,67.0,67.0,63.0,103.0,35.5,25.0,23.0,56.0,33.0,90.0,78.0,65.0,67.0,11.0,37.5,38.5,67.5,56.0,89.5,59.0,27.0,46.0,53.0,59.0,120.0,92.5,134.0,20.0,39.0,32.0,53.0,73.0,116.0,105.0,108.0,96.5,76.0,86.0,26.0,121.0,122.0,96.0,102.0,48.0,60.0,96.0,75.0,101.0,65.0,69.5,70.0,124.0,62.0,84.5,62.0,65.0,51.5,74.5,107.0,99.0,51.0,120.0,107.0,133.0,119.0,134.0,25.0,114.0,111.0,110.0,62.0,107.0,25.0,124.0,124.0,120.0,92.0,,,+100000,+150000,+125000,+100000,+700,+700,+700,+650,+850,+700,,,,,,,,,7.5,110,Over,o7.5,7.5,130,Over,o7.5,,,,,http://a.espncdn.com/i/teamlogos/ncaa/500/195.png,Bobcats,ohio-bobcats,3-2-0,3,2,0,0.6,0,-1.4,2-3-0,2,3,0,0.4,0,-1.4,3-2-0,3,2,0,0.6,0.4,3.7,0.455,0.5,78.5,67
Nevada,-6.7,50,2.44,377,26.90589805,Jeff Choate,Brett Bartolone,Kane Ioane,110.0,97.0,80.0,-3.5,-3.5,0,0.45,0.57,103.5,111.5,69.5,24.71541502,63.25,71,18.0,99.0,3.61,5.26,6.13,99.0,74.0,Nevada,Nevada,Nevada,Nevada,Nevada,Nevada Wolf Pack,Nevada,377,2026,Mountain West,256,45,0.09346339,23.926629,0.4140625,1.29473674,0.64,0.1971831,3.23591549,460,1.35211268,192,1.6056338,228,22,4.04545455,73.3,1.195,0.129,0.074,0.055,0.6796875,0.06428758,0.46551724,1.09460606,0.3203125,0.15537304,0.30487805,1.94316016,0.5546875,0.21830583,30.9994274,0.49295775,1.08943792,0.421875,-0.0149675,-1.6164862,0.32407407,1.69144174,304,47,0.14912308,45.3334161,0.42105263,1.1204756,0.625,0.14594595,3.27189189,605,1.08648649,201,0.63783784,0,25,3.24,70.8,-1.277,0.112,0.063,0.049,0.6875,0.13310506,0.47368421,0.98088932,0.3125,0.18436273,29.5434345,0.30526316,1.5969943,0.60855263,0.12490697,23.1077894,0.43783784,0.87394852,0.35855263,0.27104068,107,0.42201835,1.5346133,,Nevada,95,103,98,42,110,103,49,91,17,63,37,55,123,63,111,100,38,34,71,99,88,95,36,40,91,77,87,34,29,42,26,24,105,130,129,133,32,53,17,103,104,92,29,28,119,123,129,97,121,30,1,49,58,90,76,133,134,99,50,114,92,66,89,79,89,93,6,137,109,109,101,55,2,107,89,96,130.5,128.0,95.0,103.0,98.0,42.0,110.5,49.0,91.0,17.0,63.5,37.0,55.0,124.5,63.0,103.0,113.0,100.5,38.5,34.5,72.0,99.0,88.0,95.0,36.0,99.0,91.0,77.0,87.0,34.0,29.0,42.0,26.0,24.0,105.0,130.0,129.0,133.0,32.0,53.0,18.5,103.0,104.0,92.0,29.0,29.5,123.0,129.0,97.0,121.0,30.0,69.5,53.0,58.0,119.0,90.5,63.0,133.0,134.0,99.5,89.0,114.0,92.0,66.0,89.0,79.0,89.0,93.0,6.0,137.0,109.0,109.0,101.0,55.0,2.0,107.0,107.0,96.0,71.0,,,+500000,+500000,+125000,+100000,+6000,+6000,+5000,+2500,+4500,+6000,,,,,,,,,5.5,-115,Over,o5.5,4.5,104,Over,o4.5,,,,,http://a.espncdn.com/i/teamlogos/ncaa/500/2440.png,Wolf Pack,nevada-wolf-pack,1-3-0,1,3,0,0.25,3,5,2-2-0,2,2,0,0.5,3,5,2-2-0,2,2,0,0.5,0.5,0.5,0.455,0.417,78.5,99.5
San Jose State,-14.7,50,2.402,358,26.93932013,Ken Niumatalolo,Craig Stutzmann,Bojay Filimoeatu,110.0,122.0,88.0,-9,-5.5,-3.5,0.33,0.28,135.5,127.0,134.5,24.44897959,68.6,53,16.0,47.0,3.98,6.27,4.74,71.0,99.0,San Jose St,San Jose St.,San José State,San Jose St.,San Jose State,San José State Spartans,San Jose State,358,2026,Mountain West,346,63,0.09623684,33.297945,0.39017341,1.18923014,0.61111111,0.19875776,3.02919255,488,1.01242236,163,0.57763975,93,31,3.35483871,72,1.262,0.147,0.09,0.058,0.65028902,0.1037543,0.45777778,1.05542638,0.34971098,0.08225808,0.26446281,1.61991101,0.46531792,-0.0303363,-4.8841388,0.34161491,0.8679987,0.51156069,0.27334411,48.3819079,0.44067797,1.43808301,352,64,0.05637715,19.8447566,0.43181818,1.09590293,0.80769231,0.17006803,2.98095238,438,1.00680272,148,0.76190476,0,36,3.11111111,69.6,-1.389,0.139,0.074,0.065,0.68465909,0.07009974,0.51037344,0.95275552,0.31534091,0.02658305,26.7900232,0.26126126,1.70304537,0.41761364,0.06451564,9.48379974,0.47619048,0.8308172,0.54545455,0.13953137,68,0.41145833,1.35131403,,San José State,93,84,114,92,124,105,78,76,98,89,123,119,63,102,87,89,72,72,79,123,75,105,56,16,109,109,129,109,120,120,133,102,29,58,46,69,108,113,126,68,72,102,23,111,96,90,60,83,57,40,1,130,50,108,101,98,114,52,53,94,116,50,86,27,82,51,14,11,80,81,122,37,124,68,82,82,38.0,13.0,93.0,84.0,114.0,92.0,124.5,78.0,76.0,98.0,89.0,123.0,119.0,65.0,102.0,105.0,87.5,89.0,72.0,73.0,83.0,123.0,75.0,105.0,56.0,123.0,109.0,109.0,129.0,109.0,120.0,120.0,133.0,102.0,29.0,58.0,46.0,69.5,108.0,113.0,129.0,68.0,72.0,102.0,23.0,112.5,90.0,60.0,83.0,57.0,40.0,69.5,131.5,50.0,96.0,109.0,37.5,99.5,114.0,53.5,86.0,94.0,116.0,50.0,86.0,27.0,82.0,51.0,14.0,11.0,80.0,81.0,122.0,37.0,124.0,68.0,68.0,82.0,19.0,,,+500000,+500000,+125000,+100000,+2000,+2000,+2000,+3000,+2200,+2000,,,,,,,,,5.5,-120,Over,o5.5,5.5,-265,Over,o5.5,,,,,http://a.espncdn.com/i/teamlogos/ncaa/500/23.png,Spartans,san-jose-state-spartans,3-2-0,3,2,0,0.6,-2.4,2.4,3-2-0,3,2,0,0.6,-2.4,2.4,1-4-0,1,4,0,0.2,0.8,-7.1,0.333,0.583,121,34.5
Troy,1,50,2.906,550,23.7292437,Gerad Parker,Adam Austin,Dontae Wright,110.0,68.0,23.0,-4,-0.5,-3.5,0.59,0.27,110.5,77.5,134.5,28.05244755,71.5,10,83.0,20.5,4.27,6.46,9.09,65.0,18.0,Troy,Troy,Troy,Troy,Troy,Troy Trojans,Troy,550,2026,Sun Belt,292,52,0.02316723,6.76483136,0.38013699,1.31327042,0.63157895,0.23809524,2.67346939,393,1.14965986,169,1.38095238,203,24,2.95833333,73.8,1.143,0.202,0.089,0.113,0.67465753,0.02726178,0.42639594,1.11280984,0.32534247,0.01467642,0.28421053,1.93692556,0.50342466,0.04682506,6.88328362,0.39455782,1.07427587,0.4760274,0.03540675,4.92153773,0.36690647,1.57100012,242,51,0.03576782,8.65581212,0.37190083,1.3182036,0.6,0.25892857,2.34375,263,1,112,1.66071429,0,24,3,68.3,-1.474,0.182,0.124,0.058,0.64876033,0.02591803,0.44585987,1.12387483,0.35123967,0.05396096,9.27774963,0.23529412,1.99835428,0.46280992,-0.0353121,-3.9549531,0.36607143,1.02346734,0.51239669,0.07482056,47,0.37903226,1.50370213,,Troy,116,116,119,32,116,129,122,110,59,82,55,70,115,120,123,117,134,70,138,105,101,125,27,34,125,92,88,79,98,98,109,29,61,118,117,120,60,7,31,61,57,46,105,24,10,16,7,77,23,123,1,39,40,123,120,35,26,73,102,73,63,119,37,35,45,26,70,36,41,43,38,97,103,47,45,49,103.5,93.5,116.0,116.0,119.0,32.0,117.0,122.0,110.5,59.0,82.5,55.0,70.0,117.0,120.0,129.0,124.0,117.0,134.0,70.5,138.0,105.0,101.0,125.0,27.0,105.0,125.0,92.5,88.0,79.0,98.0,98.0,109.0,29.0,61.0,118.0,117.0,120.0,60.0,7.0,34.5,61.0,57.0,46.0,105.0,24.0,16.0,7.0,79.0,23.0,123.0,69.5,43.5,44.0,10.0,123.0,19.0,36.0,26.5,74.5,37.0,73.0,63.0,119.0,37.0,35.0,45.0,26.0,70.0,36.0,41.0,43.0,38.0,97.0,103.0,47.0,47.0,49.0,61.0,,,+200000,+200000,+125000,+100000,+1400,+1500,+1400,+1100,+1400,+1500,,,,,,,,,6.5,-150,Over,o6.5,6.5,-100,Over,o6.5,,,,,http://a.espncdn.com/i/teamlogos/ncaa/500/2653.png,Trojans,troy-trojans,3-2-0,3,2,0,0.6,4,0.2,2-3-0,2,3,0,0.4,4,0.2,1-4-0,1,4,0,0.2,0.8,1.3,0.667,0.417,23,99.5
Miami Ohio,-7.3,49.5,3.194,298,20.98623692,Chuck Martin,Gus Ragland,Bill Brechin,112.0,100.0,9.0,-2.5,-2,-0.5,0.51,0.5,95.5,94.0,81.5,32.35069444,57.6,77,137.0,129.5,4.87,6.19,7.38,74.0,48.0,Miami (OH),Miami-OH,Miami (OH),Miami (OH),Miami (OH),Miami (OH) RedHawks,Miami OH,298,2026,Mid-American,296,51,0.19234741,56.9348322,0.41891892,1.38876751,0.69230769,0.18309859,3.01267606,428,0.97887324,139,0.88732394,126,28,3.75,69.5,1.449,0.149,0.115,0.034,0.68581081,0.15092692,0.4729064,1.18880348,0.31418919,0.28275986,0.30107527,2.07435844,0.47972973,0.03400627,4.82889087,0.38028169,0.88247498,0.48310811,0.50242622,71.8469498,0.46853147,1.8072815,319,53,0.16779203,53.5256563,0.45768025,1.25349196,0.80952381,0.22047244,2.74724409,349,0.96850394,123,1.17322835,0,25,4.44,74,-1.106,0.116,0.072,0.044,0.67084639,0.1520227,0.51401869,1.03780311,0.32915361,0.19993141,64.3667993,0.34285714,1.91254123,0.39811912,0.04419325,5.61254235,0.43307087,0.90985069,0.57366771,0.35173114,120,0.49180328,1.46536067,,Miami (OH),55,62,92,13,97,84,80,103,107,110,99,112,80,77,47,44,76,119,14,93,53,88,6,46,62,84,60,90,104,102,115,94,54,12,19,45,11,71,45,111,113,122,78,115,32,54,28,70,34,86,1,49,128,29,31,129,118,112,70,120,121,94,69,81,128,118,47,5,69,66,96,65,133,120,128,128,100.5,102.0,55.0,62.0,92.0,13.0,97.0,80.0,103.0,107.0,110.5,99.0,112.0,88.0,77.5,84.0,47.5,44.0,77.5,119.0,14.0,93.0,53.0,88.0,6.0,93.0,62.0,84.0,60.0,90.0,104.0,102.0,115.0,94.0,54.0,12.0,19.0,45.0,11.0,71.0,48.5,111.0,113.0,122.0,78.0,115.0,54.0,28.0,70.0,35.0,86.0,69.5,53.0,128.0,32.0,31.0,108.0,129.5,118.5,113.0,69.0,120.0,121.0,94.0,69.0,81.0,128.0,118.0,47.0,5.0,69.0,66.0,96.0,65.0,133.0,120.0,120.0,128.0,48.0,,,+200000,+200000,+125000,+100000,+1000,+1000,+1000,+425,+1100,+1000,,,,,,,,,7.5,134,Over,o7.5,6.5,-104,Over,o6.5,,,,,,RedHawks,miami-oh-redhawks,2-3-0,2,3,0,0.4,-2.4,-4.9,2-2-1,2,2,1,0.5,-2.4,-4.9,4-1-0,4,1,0,0.8,0.2,8.1,0.667,0.583,23,34.5
Old Dominion,-12,49,2.646,1276,15.92900603,Ricky Rahne,Kody Cook / Alex Huettel,Blake Seiler,113.0,112.0,51.0,-3.5,-6,2.5,0.19,0.67,103.5,133.5,33.5,26.11960133,60.2,87,42.0,121.0,3.45,5.1,4.5,102.0,104.0,Old Dominion,ODU,Old Dominion,Old Dominion,Old Dominion,Old Dominion Monarchs,Old Dominion,1276,2026,Sun Belt,303,65,-0.14674,-44.462226,0.2970297,1.33408684,0.36363636,0.32278481,1.60379747,253,1.11392405,176,1.30379747,206,28,2.5,71.3,1.267,0.254,0.208,0.046,0.59735974,-0.353185,0.3038674,0.99263181,0.40264026,0.15954306,0.28688525,1.87065903,0.52145215,-0.1355673,-21.419638,0.32278481,1.07146803,0.45874587,-0.1666868,-23.169466,0.26618705,1.68491023,369,65,0.02083948,7.68976869,0.35772358,1.24321602,0.63636364,0.21393035,2.55621891,514,0.86069652,173,0.95522388,0,36,3.75,66.9,-1.574,0.157,0.119,0.038,0.65853659,-0.0943585,0.39506173,0.85811352,0.34146341,0.24300707,38.311889,0.28571429,2.27015601,0.54471545,-0.1086334,-21.835315,0.33830846,0.80438871,0.42547425,0.24402477,99,0.38216561,1.79398867,,Old Dominion,137,137,138,20,138,138,138,138,69,74,64,68,80,129,76,87,138,138,47,138,138,138,90,1,89,90,102,56,135,135,138,30,77,137,138,137,34,128,133,56,56,34,76,32,42,28,105,33,89,69,1,130,95,135,129,76,32,125,85,35,19,22,54,92,108,70,119,105,23,17,23,28,31,99,108,54,96.0,4.5,137.0,137.0,138.0,20.0,138.0,138.0,138.0,69.0,75.0,64.0,68.0,88.0,130.0,138.0,77.5,87.0,138.0,138.0,49.0,138.0,138.0,138.0,90.0,138.0,89.0,90.0,102.0,56.0,135.0,135.0,138.0,30.0,77.0,137.0,138.0,137.0,34.0,129.0,134.5,56.0,56.0,34.0,76.0,33.0,28.0,105.0,33.0,89.5,69.0,69.5,131.5,96.0,42.0,135.5,9.5,77.5,32.5,125.5,54.0,35.0,19.0,22.0,54.0,92.0,108.0,70.5,119.0,105.0,23.0,17.0,23.0,28.0,31.0,99.0,99.0,54.0,128.0,,,+100000,+100000,+125000,+100000,+30000,+40000,+26000,+470,+40000,+40000,7.5,-105,Over,o7.5,,,,,7.5,110,Over,o7.5,3.5,-142,Over,o3.5,,,,,http://a.espncdn.com/i/teamlogos/ncaa/500/295.png,Monarchs,old-dominion-monarchs,1-4-0,1,4,0,0.2,-12.6,-16,0-5-0,0,5,0,0,-12.6,-16,3-2-0,3,2,0,0.6,0.4,3.3,0.583,0.333,44.5,123.5
Kennesaw State,-11.5,48,2.74,511,24.81532886,Jerry Mack,Mitch Militello,Marc Mattioli,114.0,108.5,41.0,-4.5,-3.5,-1,0.44,0.47,117.5,111.5,96.5,26.14448669,65.75,4,43.0,75.5,3.94,5.74,5.58,92.0,89.0,Kennesaw State,KSU,Kennesaw State,Kennesaw St.,Kennesaw State,Kennesaw State Owls,Kennesaw State,511,2026,Conference USA,272,45,0.09684078,26.3406914,0.45955882,1.05116843,0.81818182,0.1969697,3.31363636,437,1.3030303,172,1.11363636,147,18,4.16666667,73.2,1.178,0.14,0.085,0.055,0.69485294,0.11415451,0.53439153,0.90055732,0.30514706,0.05741552,0.28915663,1.68499019,0.48529412,0.15727996,20.7609549,0.5,1.00607333,0.47794118,0.10326052,13.4238679,0.43846154,1.12753327,251,44,0.15108841,37.9231907,0.42629482,1.08939025,0.85714286,0.19148936,3.16028369,446,1.24822695,176,0.84397163,0,23,3.82608696,71,-1.401,0.108,0.076,0.032,0.68924303,0.06896453,0.48554913,0.8478289,0.31075697,0.33323496,28.022112,0.29487179,1.97161434,0.56175299,0.0784776,11.0653422,0.40425532,0.90051229,0.42231076,0.26435955,105,0.46226415,1.28431748,,Kennesaw State,92,98,47,133,21,102,38,99,26,78,79,97,137,57,110,109,61,60,71,73,67,29,121,66,117,88,124,86,56,70,16,53,59,103,102,71,138,10,7,104,90,97,19,127,74,110,65,119,92,48,1,33,100,83,105,135,112,133,47,91,102,19,92,114,86,79,63,117,86,86,70,62,29,105,86,117,124.5,128.0,92.0,98.0,47.5,133.0,21.0,38.0,99.0,26.0,78.5,79.0,97.5,137.5,57.5,102.0,110.0,109.0,62.0,62.0,72.0,73.0,67.0,29.0,121.0,73.0,117.0,88.5,124.0,86.0,56.0,70.0,17.0,53.0,59.0,103.0,102.0,71.0,138.0,10.0,7.5,104.0,90.0,97.0,19.0,127.5,110.0,66.0,119.0,93.5,48.0,69.5,35.5,100.0,74.0,84.5,33.5,135.5,112.0,133.5,92.0,91.0,102.0,19.0,92.0,114.0,86.0,79.5,63.0,117.0,86.0,86.0,70.0,62.0,29.0,105.0,105.0,117.0,6.0,,,+200000,+200000,+125000,+100000,+2000,+2000,+2000,+650,+2000,+1900,,,,,,,,,6.5,-125,Over,o6.5,5.5,230,Over,o5.5,,,,,,Owls,kennesaw-state-owls,1-4-0,1,4,0,0.2,-0.8,2.3,4-1-0,4,1,0,0.8,-0.8,2.3,1-4-0,1,4,0,0.2,0.8,-7.7,0.667,0.5,23,67
New Mexico State,-14.1,47.5,2.75,522,26.55641378,Tony Sanchez,David Yost,Joe Morris,115.0,120.0,38.0,-2,-3.5,1.5,0.43,0.63,91.5,111.5,47.0,25.96932515,65.2,2,41.0,82.0,3.81,5.48,4.61,94.0,102.0,N Mex State,NMSU,New Mexico State,New Mexico St.,New Mexico State,New Mexico State Aggies,New Mexico State,522,2026,Conference USA,334,58,0.09701764,32.4038931,0.42215569,1.43303979,0.7,0.16447368,3.06315789,466,1.21710526,185,1.55921053,237,28,3.78571429,73.1,1.188,0.168,0.09,0.078,0.68862275,-0.0593638,0.44782609,1.16311887,0.31137725,0.44286133,0.36538462,2.16466756,0.45508982,0.08704657,13.2310788,0.44078947,1.08751796,0.50898204,0.19926906,33.8757404,0.42352941,1.78486797,340,60,0.07684807,26.1283432,0.40294118,1.22761996,0.83333333,0.19496855,3.00440252,478,1,159,1.41509434,0,31,4.06451613,69.2,-1.443,0.132,0.088,0.044,0.66176471,0.02531543,0.45333333,1.07908536,0.33823529,0.17767279,14.0877539,0.30434783,1.6604922,0.46764706,0.1155979,18.3800657,0.41509434,0.96992881,0.51470588,0.08050145,50,0.39428571,1.47923037,,New Mexico State,91,85,88,9,94,62,72,89,45,70,41,52,80,75,107,103,110,72,124,89,126,114,10,50,29,30,41,112,80,87,77,25,33,80,67,84,16,104,93,78,78,76,70,119,67,91,85,77,68,107,1,97,114,115,114,109,84,112,82,72,70,108,57,77,54,90,11,40,108,106,81,86,105,50,54,59,58.0,57.0,91.0,85.0,88.0,9.0,94.5,72.0,89.0,45.0,70.0,41.0,52.0,88.0,75.0,62.0,108.0,103.0,110.5,73.0,124.5,89.0,126.0,114.0,10.0,89.0,29.0,30.0,41.0,112.0,80.0,87.0,77.0,25.0,33.0,80.0,67.0,84.0,16.0,104.5,96.0,78.0,78.0,76.0,70.0,120.0,91.0,85.0,79.0,68.5,107.0,69.5,101.5,114.0,67.0,116.0,25.0,109.0,86.5,113.0,57.0,72.0,70.0,108.0,57.0,77.0,54.0,90.5,11.0,40.0,108.0,106.0,81.0,86.0,105.0,50.0,50.0,59.0,52.0,,,+1000000,+1000000,+125000,+100000,+2000,+2000,+1700,+1600,+1900,+1700,,,,,,,,,,,,,4.5,-136,Over,o4.5,,,,,http://a.espncdn.com/i/teamlogos/ncaa/500/166.png,Aggies,new-mexico-state-aggies,2-4-0,2,4,0,0.3333,-2,2.25,3-3-0,3,3,0,0.5,-2,2.25,2-4-0,2,4,0,0.3333,0.6667,-1.8333333333333333,0.5,0.417,65.5,99.5
Coastal Carolina,-12.2,47,2.494,401,25.57780305,Ryan Beard,Nick Petrino,L.D. Scott / Ryan Beard,117.5,113.0,75.5,0,1,-1,0.7,0.47,68.0,57.5,96.5,26.55319149,65.8,93,50.0,73.5,2.86,4.68,4.34,111.0,109.5,Coastal Car,Coastal Caro.,Coastal Carolina,Coastal Caro.,Coastal Carolina,Coastal Carolina Chanticleers,Coastal Carolina,401,2026,Sun Belt,329,59,0.13752196,45.2447251,0.41337386,1.3123185,0.7,0.1474359,3.53076923,551,1.37820513,215,0.95512821,149,29,3.55172414,71.8,1.268,0.185,0.119,0.067,0.65045593,0.0853113,0.45794393,1.09276033,0.34954407,0.23467919,0.33043478,1.87854745,0.47416413,0.09363791,14.6075137,0.46153846,0.76956098,0.5106383,0.20215851,33.9626296,0.36904762,1.91785127,321,64,0.12169526,39.0641801,0.44859813,1.00800147,0.76923077,0.14516129,3.10967742,578,0.88172043,164,1.48924731,0,32,3.4375,70.7,-1.392,0.143,0.09,0.053,0.76635514,0.14649257,0.50406504,0.98752532,0.23364486,0.0403601,51.3806905,0.26666667,1.13495356,0.57943925,0.01095076,2.0368407,0.43010753,0.65287149,0.37383178,0.42817242,130,0.5,1.50359018,,Coastal Carolina,74,72,99,34,94,41,16,49,12,36,93,92,74,91,86,86,124,124,103,122,82,104,37,17,76,57,101,97,78,81,54,124,31,78,65,118,4,76,126,93,93,116,5,101,121,104,123,38,72,113,1,107,75,92,103,92,78,90,1,117,112,70,138,31,123,56,1,129,49,50,94,7,6,130,123,131,66.0,47.5,74.0,72.0,99.0,34.0,94.5,16.0,49.5,12.0,36.5,93.0,94.0,76.5,91.0,41.5,86.0,86.0,124.0,124.5,103.5,122.0,82.0,104.0,37.0,122.0,76.0,57.0,101.0,97.0,78.0,81.0,54.0,124.0,31.0,78.0,65.0,118.0,4.0,76.5,129.0,93.0,93.0,116.0,5.0,103.0,104.0,123.0,38.0,73.5,113.0,69.5,111.5,75.5,121.0,92.5,36.0,92.0,79.5,91.5,138.0,117.0,112.0,70.0,138.0,31.0,123.0,56.0,1.0,129.0,49.0,50.0,94.0,7.0,6.0,130.0,130.0,131.5,60.0,,,+500000,+500000,+125000,+100000,+10000,+10000,+7500,+2700,+8000,+10000,,,,,,,,,5.5,110,Over,o5.5,3.5,-106,Over,o3.5,,,,,http://a.espncdn.com/i/teamlogos/ncaa/500/324.png,Chanticleers,coastal-carolina-chanticleers,1-4-0,1,4,0,0.2,-0.2,-1.2,2-3-0,2,3,0,0.4,-0.2,-1.2,3-2-0,3,2,0,0.6,0.4,-3.9,0.417,0.636,94,21
Marshall,-15.6,47,2.658,287,23.7799081,Tony Gibson,Rod Smith,Brad Lambert,117.5,123.0,50.0,-1,1,-2,0.69,0.37,80.5,57.5,117.5,26.42690058,68.4,27,47.0,50.0,3.3,5.41,4.8,95.0,98.0,Marshall,Marshall,Marshall,Marshall,Marshall,Marshall Thundering Herd,Marshall,287,2026,Sun Belt,350,60,0.13254399,46.3903972,0.43428571,1.19281806,0.66666667,0.19161677,3.13592814,524,1.14371257,191,0.91616766,153,35,2.6,73.3,1.125,0.16,0.106,0.054,0.68,0.08612762,0.50420168,0.94571788,0.32,0.23117878,0.28571429,2.11944371,0.47714286,-0.030091,-5.0251955,0.43712575,0.83600114,0.48857143,0.32797864,56.0843474,0.42690058,1.56624804,335,54,0.3585267,120.106444,0.48656716,1.30115036,0.73684211,0.13125,3.434375,550,1.08125,173,1.9375,0,29,4.37931034,71.4,-1.303,0.113,0.066,0.048,0.71343284,0.25583647,0.55230126,0.98886788,0.28656716,0.61418259,94.403541,0.32291667,2.63086934,0.47761194,0.15592856,24.948569,0.4875,0.82294924,0.51044776,0.55206749,138,0.48538012,1.7760376,,Marshall,75,71,75,88,101,96,65,63,61,65,96,91,23,127,111,123,99,107,69,98,81,52,109,41,78,91,48,91,119,122,80,107,50,45,34,80,62,95,53,138,137,133,97,81,131,132,117,96,89,129,1,85,126,77,82,132,129,101,23,135,136,71,116,136,138,108,136,53,116,112,129,34,102,138,138,126,32.5,38.0,75.0,71.0,75.0,88.0,103.0,65.0,63.5,61.0,66.0,96.0,91.0,29.0,127.0,96.0,113.0,123.0,99.5,107.5,69.5,98.0,81.0,52.0,109.0,98.0,78.0,91.0,48.0,91.0,119.0,122.0,80.5,107.0,50.0,45.0,34.0,80.0,62.0,96.0,54.0,138.0,137.0,133.0,97.0,82.0,132.0,117.5,96.0,89.5,129.0,69.5,89.5,126.0,131.0,78.0,57.0,132.0,130.0,101.5,116.0,135.0,136.0,71.0,116.0,136.0,138.0,108.0,136.0,53.0,116.0,112.0,129.0,34.0,102.0,138.0,138.0,126.0,125.0,,,+300000,+300000,+125000,+100000,+7500,+10000,+7500,+850,+10000,+10000,,,,,,,,,7.5,115,Over,o7.5,6.5,-102,Over,o6.5,,,,,http://a.espncdn.com/i/teamlogos/ncaa/500/276.png,Thundering Herd,marshall-thundering-herd,3-2-0,3,2,0,0.6,-12.8,-13.1,1-4-0,1,4,0,0.2,-12.8,-13.1,3-2-0,3,2,0,0.6,0.4,2.5,0.583,0.583,44.5,34.5
Western Kentucky,-17.7,47,2.962,994,22.35012398,Tyson Helton,Joe Bernardi / Bodie Reeder,Davis Merritt,117.5,126.0,21.0,-5.5,-2,-3.5,0.52,0.25,124.0,94.0,134.5,24.83473389,71.4,51,20.0,23.5,4.37,5.25,3.88,100.0,115.5,W Kentucky,WKU,Western Kentucky,Western Ky.,Western Kentucky,Western Kentucky Hilltoppers,Western Kentucky,994,2026,Conference USA,360,65,-0.0387662,-13.955834,0.36666667,1.25308857,0.70833333,0.2392638,2.61779141,427,0.93865031,153,0.53374233,87,23,3.43478261,72.7,1.185,0.158,0.119,0.039,0.63611111,-0.1334807,0.41921397,1.03803116,0.36388889,0.12680345,0.27480916,1.82657501,0.45277778,-0.0996099,-16.23641,0.39877301,0.71551261,0.53055556,0.03542781,6.76671265,0.35078534,1.77461749,320,62,0.24259625,77.6308016,0.428125,1.48656934,0.85714286,0.14619883,3.43216374,587,1.25146199,214,2.23391813,0,33,4.72727273,70.9,-1.365,0.128,0.075,0.053,0.70625,0.23786276,0.46460177,1.33145053,0.29375,0.2539768,20.7662726,0.34042553,1.99555294,0.534375,0.3195571,54.6442646,0.4502924,1.27568182,0.434375,0.14939764,73,0.41007194,1.74138793,,Western Kentucky,126,128,125,64,90,131,124,104,113,99,126,123,120,95,99,105,96,124,25,131,131,126,64,8,98,102,107,114,132,133,106,133,17,117,114,127,19,72,108,130,130,99,136,127,118,131,125,120,126,134,1,117,134,87,95,115,113,90,29,133,82,137,110,96,64,116,69,97,138,137,109,133,38,73,64,79,20.0,4.5,126.0,128.0,125.0,64.0,90.0,124.0,104.0,113.0,99.0,126.0,123.0,121.0,95.5,131.0,100.5,105.5,97.0,124.5,26.5,131.0,131.0,126.0,64.0,131.0,98.0,102.0,107.0,114.0,132.0,133.0,106.0,133.0,17.0,117.0,114.0,127.0,19.0,73.5,114.0,130.0,130.0,99.0,136.0,127.5,131.0,125.5,120.0,126.0,134.0,69.5,118.0,134.0,118.0,88.0,44.0,115.5,113.0,91.5,110.0,133.0,82.0,137.0,110.0,96.0,64.0,116.0,69.0,97.0,138.0,137.0,109.0,133.0,38.0,73.0,73.0,79.0,118.0,,,+100000,+150000,+125000,+100000,+2000,+3500,+2800,+400,+2700,+2900,,,,,,,,,,,,,4.5,-102,Over,o4.5,,,,,http://a.espncdn.com/i/teamlogos/ncaa/500/98.png,Hilltoppers,western-kentucky-hilltoppers,2-4-0,2,4,0,0.3333,-13,-5.083333333333333,3-3-0,3,3,0,0.5,-13,-5.083333333333333,3-3-0,3,3,0,0.5,0.5,1.3333333333333333,0.75,0.5,7,67
Wyoming,-16.3,47,2.7,991,17.44178117,Jay Sawvel,Christian Taylor,Aaron Bohl,117.5,124.0,47.0,-3,0,-3,0.64,0.29,99.5,68.5,129.5,30.37943262,56.4,21,122.0,134.5,3.01,5.18,4.4,101.0,107.0,Wyoming,Wyoming,Wyoming,Wyoming,Wyoming,Wyoming Cowboys,Wyoming,991,2026,Mountain West,292,52,0.07614825,22.2352885,0.43150685,1.06108552,0.91666667,0.13664596,3.4552795,556,1.23602484,199,0.80124224,129,25,2.84,70.2,1.373,0.151,0.092,0.058,0.68150685,0.04785976,0.49748744,0.88608734,0.31849315,0.13667953,0.29032258,1.70274552,0.55136986,0.11086037,17.8485197,0.44099379,0.77631913,0.40068493,0.01078099,1.26137603,0.4017094,1.34863084,332,50,0.14137172,46.9354097,0.45783133,1.06853693,0.90909091,0.15508021,3.32780749,622,1.34224599,251,1.09090909,0,29,3.27586207,72.9,-1.195,0.142,0.084,0.057,0.71686747,0.12374136,0.51680672,0.89675702,0.28313253,0.18601029,29.6315308,0.30851064,1.79712065,0.56325301,0.14419363,26.964208,0.49197861,0.85900043,0.42168675,0.21165379,89,0.42142857,1.41150759,,Wyoming,101,106,76,132,2,29,22,46,38,57,110,110,112,123,61,63,80,79,79,96,92,62,124,43,94,87,119,36,73,73,76,123,110,123,123,95,123,91,28,99,106,123,15,136,113,124,132,133,136,78,1,85,61,50,57,93,96,77,21,111,122,31,118,80,90,97,27,119,113,117,133,48,28,89,90,93,103.5,93.5,101.0,106.0,76.0,132.0,2.0,22.0,46.0,38.0,57.0,110.0,110.0,113.0,123.0,29.0,61.0,63.0,81.5,80.5,83.0,96.0,92.0,62.0,124.0,96.0,94.0,87.0,119.0,36.0,73.0,73.0,76.0,123.0,110.0,123.0,123.0,95.0,123.0,92.0,29.0,99.0,106.0,123.0,15.0,136.0,124.0,132.0,133.0,136.0,78.0,69.5,89.5,61.0,113.0,51.0,81.5,93.5,96.0,80.5,118.0,111.0,122.0,31.0,118.0,80.0,90.0,97.0,27.0,119.0,113.0,117.0,133.0,48.0,28.0,89.0,89.0,93.0,27.0,,,+500000,+500000,+125000,+100000,+10000,+12500,+11000,+3500,+10000,+10000,,,,,,,,,4.5,-170,Over,o4.5,4.5,-128,Over,o4.5,,,,,https://a.espncdn.com/i/teamlogos/ncaa/500/2751.png,Cowboys,wyoming-cowboys,2-3-0,2,3,0,0.4,-7.8,-8.3,1-4-0,1,4,0,0.2,-7.8,-8.3,1-4-0,1,4,0,0.2,0.8,-7.7,0.417,0.167,94,135
Central Michigan,-14.6,46.5,2.324,523,17.73548965,Matt Drinkall,Jim Chapin / Derek Fulton,Sean Cronin,120.5,121.0,93.0,0,2.5,-2.5,0.75,0.35,68.0,42.0,123.5,30.86206897,58,20,128.0,127.5,4.55,6.13,5.95,75.0,79.5,Central Mich,CMU,Central Michigan,Central Mich.,Central Michigan,Central Michigan Chippewas,Central Michigan,523,2026,Mid-American,290,53,0.09572343,27.7597961,0.38275862,1.26329186,0.85185185,0.12565445,3.38534031,647,1.15706806,221,1.2460733,238,20,3.8,72.6,1.172,0.141,0.083,0.059,0.69310345,0.04506802,0.43283582,1.12849843,0.30689655,0.21012499,0.26966292,1.75191802,0.65862069,0.21600354,41.2566762,0.44502618,1.15039419,0.32068966,-0.0827485,-7.695609,0.25806452,1.67631847,332,52,0.16821089,55.8460142,0.45481928,1.14953144,0.9,0.13855422,3.61626506,600,1.3373494,222,0.81325301,0,34,3.29411765,68.4,-1.583,0.151,0.066,0.084,0.68975904,0.0925184,0.49781659,0.96059331,0.31024096,0.33649806,19.0887272,0.3592233,1.73166515,0.5,0.18061195,29.981584,0.48795181,0.93026975,0.46385542,0.12395277,59,0.40909091,1.33187478,,Central Michigan,94,93,118,56,8,17,30,24,58,30,68,50,131,72,98,111,64,54,88,76,93,121,23,63,84,105,115,6,30,26,69,13,133,133,133,138,35,91,39,112,116,119,36,135,126,138,128,131,130,46,1,120,63,122,132,85,129,16,46,103,109,56,93,116,62,124,19,71,120,122,130,72,65,59,62,74,107.5,87.0,94.0,93.0,118.0,56.0,8.0,30.0,24.0,58.0,30.0,68.0,50.5,131.5,73.0,17.0,98.0,111.0,65.0,56.0,89.5,76.0,93.0,121.0,23.0,76.0,84.0,105.0,115.0,6.0,30.0,26.0,69.0,13.0,133.0,133.0,133.0,138.0,35.0,92.0,41.5,112.0,116.0,119.0,36.0,135.0,138.0,128.0,131.0,130.5,46.0,69.5,122.5,63.0,126.0,122.0,7.0,85.5,130.0,16.5,93.0,103.0,109.0,56.0,93.0,116.0,62.0,124.0,19.0,71.0,120.0,122.0,130.5,72.0,65.0,59.0,59.0,75.0,17.0,,,+500000,+500000,+125000,+100000,+1100,+900,+1200,+1000,+1100,+1100,,,,,,,,,6.5,140,Over,o6.5,6.5,-132,Over,o6.5,,,,,http://a.espncdn.com/i/teamlogos/ncaa/500/2117.png,Chippewas,central-michigan-chippewas,3-2-0,3,2,0,0.6,-7.8,-1.8,2-3-0,2,3,0,0.4,-7.8,-1.8,2-3-0,2,3,0,0.4,0.6,-4.3,0.667,0.583,23,34.5
Delaware,-13.2,46.5,2.5,510,24.88573044,Ryan Carty,Terence Archer / Ryan Carty,Manny Rojas,120.5,117.0,72.5,-1,0,-1,0.65,0.45,80.5,68.5,96.5,25.5576324,64.2,26,30.0,95.0,3.39,4.8,4.84,108.0,96.0,Delaware,Delaware,Delaware,Delaware,Delaware,Delaware,Delaware,510,2026,Conference USA,325,63,-0.0025047,-0.8140174,0.37846154,1.26323887,0.61904762,0.20863309,2.78201439,387,1,139,0.51798561,72,23,3.43478261,72.7,1.179,0.212,0.108,0.105,0.64923077,-0.051875,0.4549763,1.05782705,0.35076923,0.08887378,0.23684211,1.99359202,0.42769231,0.00277705,0.38601007,0.41007194,0.7358939,0.54461538,0.11052083,19.5621872,0.37288136,1.71867316,364,62,0.09463468,34.4470221,0.4010989,1.27972942,0.88235294,0.15697674,2.96453488,510,1.02325581,176,0.94186047,0,34,2.73529412,70.9,-1.353,0.179,0.11,0.069,0.65934066,0.07679315,0.48333333,1.03839284,0.34065934,0.12916667,38.7173956,0.24193548,2.21289752,0.47252747,0.04483695,7.71195484,0.41860465,0.95255417,0.5,0.21273294,91,0.4010989,1.58707859,,Delaware,122,122,122,57,123,112,111,116,100,110,128,130,120,95,99,108,136,112,136,124,125,108,54,15,107,118,72,124,108,108,100,129,15,102,96,115,27,123,108,84,85,72,90,131,111,86,101,89,92,66,1,120,23,87,90,44,44,44,84,98,99,95,55,55,109,33,114,47,71,73,86,80,91,91,109,69,72.0,13.0,122.0,122.0,122.0,57.0,123.0,111.0,116.0,100.5,110.5,128.0,130.0,121.0,95.5,112.0,100.5,108.0,136.0,112.0,136.0,124.0,125.0,108.0,54.0,124.0,107.0,118.0,72.0,124.0,108.0,108.0,100.0,129.0,15.0,102.0,96.0,115.0,27.0,123.5,114.0,84.0,85.0,72.0,90.0,131.5,86.0,101.0,89.0,93.5,66.0,69.5,122.5,23.0,111.0,88.0,49.0,44.0,44.5,45.0,55.0,98.0,99.0,95.0,55.0,55.0,109.0,33.0,114.0,47.0,71.0,73.0,86.0,80.0,91.0,91.0,91.0,69.0,91.0,,,+200000,+200000,+125000,+100000,+1800,+2000,+1800,+590,+1700,+1700,,,,,,,,,6.5,110,Over,o6.5,5.5,-102,Over,o5.5,,,,,,Blue Hens,delaware-fightin-blue-hens,2-3-0,2,3,0,0.4,-4.2,-1.8,3-2-0,3,2,0,0.6,-4.2,-1.8,1-4-0,1,4,0,0.2,0.8,-7.3,0.364,0.546,111,48
Sam Houston,-13.8,46,1.964,279,26.37281758,Phil Longo,Zack Patterson,Freddie Aughtry-Lindsay,122.5,119.0,116.0,-1.5,-0.5,-1,0.59,0.47,86.5,77.5,96.5,28.51449275,69,18,94.0,43.0,3.06,4.77,4.57,109.0,103.0,,SHSU,Sam Houston,Sam Houston St.,Sam Houston State,Sam Houston Bearkats,Sam Houston State,279,2026,Conference USA,280,54,0.10163078,28.4566173,0.43928571,1.28296857,0.61111111,0.21052632,2.79912281,319,1.10526316,126,0.51754386,59,24,3.45833333,73.1,1.187,0.175,0.111,0.064,0.69642857,0.00332766,0.47692308,1.0468135,0.30357143,0.3271497,0.35294118,2.01504928,0.40714286,0.03967891,4.52339517,0.47368421,0.82376481,0.56785714,0.20381521,32.4066181,0.43396226,1.64234543,263,53,0.06525043,17.1608622,0.3878327,1.25877547,0.73684211,0.2027972,3.07482517,440,1.31468531,188,1.86713287,0,24,2.875,71.3,-1.335,0.224,0.125,0.099,0.65779468,0.02762737,0.44508671,0.99460798,0.34220532,0.1375703,-6.5114599,0.27777778,2.07241134,0.54372624,0.20386246,29.1523317,0.43356643,1.15742903,0.42585551,-0.058138,19,0.33035714,1.39553851,,Sam Houston,87,92,66,48,124,118,110,131,72,123,129,135,115,94,107,104,118,116,96,67,108,85,61,72,54,44,69,132,101,104,40,110,7,77,71,74,48,16,45,71,69,63,80,81,58,99,61,127,111,127,1,39,31,80,89,7,24,6,86,75,62,75,53,60,19,64,85,102,125,121,99,125,32,19,19,15,117.0,82.0,87.0,92.0,66.0,48.0,124.5,110.0,131.5,72.0,123.0,129.0,135.0,117.0,94.0,118.5,108.0,104.0,118.0,116.5,97.0,67.0,108.0,85.0,61.0,67.0,54.0,44.0,69.0,132.0,101.0,104.0,40.0,110.0,7.0,77.0,71.0,74.0,48.0,16.0,48.5,71.0,69.0,63.0,80.0,82.0,99.0,61.5,127.0,111.5,127.0,69.5,43.5,31.0,58.5,80.0,50.0,7.5,24.5,6.5,53.0,75.0,62.0,75.0,53.0,60.0,19.0,64.0,85.0,102.0,125.0,121.0,99.0,125.0,32.0,19.0,19.0,15.0,24.0,,,+1000000,+1000000,+125000,+100000,+3000,+2000,+2700,+6000,+2700,+1600,,,,,,,,,3.5,-105,Over,o3.5,4.5,110,Over,o4.5,,,,,https://a.espncdn.com/i/teamlogos/ncaa/500/2534.png,Bearkats,sam-houston-bearkats,1-4-0,1,4,0,0.2,-3.4,7.6,3-2-0,3,2,0,0.6,-3.4,7.6,2-3-0,2,3,0,0.4,0.6,-3.7,0.25,0.583,131,34.5
Hawai'i,-12.8,46,2.538,501,23.31342799,Timmy Chang,Anthony Arceneaux / Timmy Chang,Dennis Thurman,122.5,115.0,65.0,-3,0,-3,0.62,0.29,99.5,68.5,129.5,25.72804533,70.6,138,34.0,30.0,2.9,4.06,4.41,118.0,106.0,Hawaii,Hawaii,Hawai'i,Hawaii,Hawaii,Hawai'i Rainbow Warriors,Hawaii,501,2026,Mountain West,362,57,0.03656794,13.2375952,0.38950276,1.14191616,0.76470588,0.175,3.16,379,1.225,147,1.30833333,157,27,2.81481481,74.1,1.092,0.166,0.105,0.061,0.63535912,0.03551573,0.45217391,1.00041654,0.36464088,0.03840134,0.28030303,1.53964481,0.33149171,-0.0371201,-4.4544131,0.44166667,0.810784,0.64088398,0.12650568,29.3493171,0.375,1.34158358,331,56,0.20252387,67.035401,0.44712991,1.19410153,0.75,0.13559322,3.2519774,576,1.12429379,199,1.03389831,0,28,3.67857143,74,-1.142,0.133,0.082,0.051,0.71601208,0.12054059,0.51054852,1.03356196,0.28398792,0.40922639,28.0818155,0.28723404,1.91355666,0.5347432,0.18693639,33.0877415,0.44632768,0.9568936,0.43806647,0.19366769,86,0.44827586,1.4361957,,Hawai'i,113,113,115,115,53,70,61,120,41,106,63,89,97,124,127,128,107,103,94,133,97,112,86,6,122,96,136,138,123,119,74,113,2,97,77,113,125,89,62,122,123,114,57,86,127,120,122,104,120,72,1,75,89,29,45,107,102,97,22,109,118,92,117,128,87,72,48,98,121,126,105,81,43,86,87,105,17.0,66.5,113.0,113.0,115.0,115.0,53.5,61.0,120.5,41.0,106.0,63.0,89.5,101.0,124.0,70.5,127.0,128.0,107.5,104.5,94.0,133.0,97.0,112.0,86.0,133.0,122.0,96.0,136.0,138.0,123.0,119.0,74.0,113.0,2.0,97.0,77.0,113.5,125.0,89.5,65.5,122.0,123.0,114.0,57.0,90.5,120.0,122.0,104.0,120.0,72.0,69.5,79.5,89.0,127.0,31.0,93.5,107.5,102.5,97.5,117.0,109.0,118.0,92.0,117.0,128.0,87.0,72.0,48.0,98.0,121.0,126.0,105.0,81.0,43.0,86.0,86.0,105.0,35.0,,,+80000,+200000,+125000,+100000,+20000,+25000,+40000,+1900,+40000,+40000,,,,,,,,,5.5,-166,Over,o5.5,4.5,186,Over,o4.5,,,,,http://a.espncdn.com/i/teamlogos/ncaa/500/62.png,Rainbow Warriors,hawaii-rainbow-warriors,1-4-0,1,4,0,0.2,-7.2,-8.3,1-4-0,1,4,0,0.2,-7.2,-8.3,1-4-0,1,4,0,0.2,0.8,-7.7,0.727,0.364,11,115.5
Southern Miss,-17.9,45.5,1.862,373,28.28087571,Blake Anderson,Kyle Cefalo / Blake Anderson,Joe Bolden,124.0,127.0,124.0,-7,-6,-1,0.3,0.45,128.5,133.5,96.5,24.03521127,71,19,9.0,27.5,2.61,4.01,3.28,121.0,122.0,S Mississippi,So. Miss,Southern Miss,Southern Miss.,Southern Miss,Southern Miss Golden Eagles,Southern Mississippi,373,2026,Sun Belt,286,50,0.06280414,17.9619835,0.43006993,1.12459009,0.84210526,0.08955224,3.58208955,480,1.13432836,152,0.47014925,63,22,4.09090909,75,1.037,0.157,0.07,0.087,0.71678322,0.0430683,0.49268293,0.95708435,0.28321678,0.11275286,0.27160494,1.89359373,0.46853147,0.19047904,25.5241916,0.47014925,0.82392197,0.51398601,-0.0002259,-0.0332064,0.40816327,1.44029161,298,52,0.12290831,36.6266752,0.40604027,1.27310075,0.70588235,0.18023256,3.19651163,550,1.14534884,197,1.64534884,0,25,2.96,72.6,-1.219,0.131,0.087,0.044,0.69463087,-0.0379047,0.42512077,0.87533842,0.30536913,0.48871383,23.5910308,0.36263736,2.33380032,0.57718121,0.18944054,32.5837724,0.45348837,1.03880033,0.37919463,0.20877018,88,0.36283186,1.73059772,,Southern Miss,107,108,79,118,11,2,14,83,63,100,133,134,123,60,131,133,93,25,133,41,94,66,106,98,100,104,95,107,41,58,48,109,28,128,128,91,107,45,39,94,87,80,86,66,85,114,117,107,119,122,1,49,37,58,60,110,90,112,43,48,41,25,96,134,73,128,125,127,122,125,111,101,8,88,73,35,112.0,108.5,107.0,108.0,79.0,118.0,12.0,14.0,83.0,63.5,100.5,133.0,134.0,124.5,60.0,2.0,131.5,133.0,94.0,26.0,133.0,41.0,94.0,66.0,106.0,41.0,100.0,104.0,95.0,107.0,41.0,58.0,48.0,109.0,28.0,128.0,128.0,91.0,107.0,45.5,41.5,94.0,87.0,80.0,86.0,66.0,114.0,117.5,107.0,119.0,122.0,69.5,53.0,37.0,85.0,58.0,79.0,110.5,91.5,113.0,96.0,48.0,41.0,25.0,96.0,134.0,73.0,128.0,125.0,127.0,122.0,125.0,111.0,101.0,8.0,88.0,88.0,35.0,112.0,,,+100000,+200000,+125000,+100000,+10000,+10000,+8500,+5000,+10000,+7500,,,,,,,,,3.5,-136,Over,o3.5,3.5,134,Over,o3.5,,,,,http://a.espncdn.com/i/teamlogos/ncaa/500/2572.png,Golden Eagles,southern-miss-golden-eagles,1-4-0,1,4,0,0.2,-8.2,0.6,2-3-0,2,3,0,0.4,-8.2,0.6,3-2-0,3,2,0,0.6,0.4,7.7,0.455,0.5,78.5,67
Kent State,-21.7,45,1.762,256,14.84418635,Mark Carney,Mark Carney / Clay Patterson,Cherokee Valeria,125.5,130.0,133.0,7,3,4,0.78,0.72,23.5,34.0,25.0,30.6828479,61.8,9,124.0,111.0,4.22,5.31,3.75,97.0,117.0,Kent State,Kent St.,Kent State,Kent St.,Kent State,Kent State Golden Flashes,Kent State,256,2026,Mid-American,314,55,-0.0409136,-12.846855,0.33121019,1.27604576,0.55,0.20958084,2.71017964,453,0.84431138,141,0.68862275,115,26,2.5,73.5,1.189,0.169,0.086,0.083,0.62101911,-0.1766948,0.38461538,0.91538333,0.37898089,0.18158513,0.24369748,2.20879342,0.53184713,-0.0552432,-9.2256189,0.33532934,0.97118985,0.42675159,0.10016732,13.4224212,0.3358209,1.65561372,303,57,0.14624795,44.31313,0.47194719,1.17090692,0.76923077,0.16149068,3.14596273,507,1.11801242,180,0.95031056,0,29,4.62068966,69.4,-1.473,0.145,0.109,0.036,0.72607261,0.17636388,0.54545455,0.97313329,0.27392739,0.0664226,37.3933072,0.27710843,2.20276939,0.53135314,0.06347794,10.219949,0.44099379,0.79282551,0.44224422,0.27905453,110,0.50746269,1.53313942,,Kent State,127,127,137,50,132,115,119,94,127,109,118,115,106,129,117,102,112,65,130,136,135,136,117,3,86,117,33,47,125,126,135,65,101,104,103,131,42,49,70,101,103,128,45,101,107,107,98,102,102,68,1,85,132,113,119,89,46,127,11,125,135,62,128,38,107,62,112,93,79,84,103,25,47,110,107,133,86.0,77.0,127.0,127.0,137.0,50.0,132.0,119.0,94.0,127.0,109.0,118.0,115.0,108.5,130.0,115.0,118.5,102.0,113.0,66.0,130.0,136.0,135.0,136.0,117.0,136.0,86.0,117.0,33.0,47.0,125.0,126.0,135.0,65.0,101.0,104.0,103.0,131.0,42.0,50.5,75.5,101.0,103.0,128.0,45.0,103.0,107.0,98.0,102.0,103.0,68.0,69.5,89.5,132.0,107.0,113.0,20.0,89.5,47.5,128.0,128.0,125.0,135.0,62.0,128.0,38.0,107.0,62.0,112.0,93.5,79.0,84.0,103.0,25.0,47.0,110.0,110.0,133.0,69.0,,,+1000000,+1000000,+125000,+100000,+7500,+6000,+4500,+5500,+4500,+5000,,,,,,,,,3.5,-105,Over,o3.5,4.5,-128,Over,o4.5,,,,,http://a.espncdn.com/i/teamlogos/ncaa/500/2309.png,Golden Flashes,kent-state-golden-flashes,2-3-0,2,3,0,0.4,-16.4,-0.8,3-2-0,3,2,0,0.6,-16.4,-0.8,3-2-0,3,2,0,0.6,0.4,-5.5,0.5,0.5,65.5,67
Missouri State,-17.2,45,2.5,530,23.86192457,Casey Woods,Mark Cala / Casey Woods,Jack Curtis,125.5,125.0,72.5,-4,-3,-1,0.48,0.47,110.5,103.5,96.5,25.07755102,61.25,22,22.0,113.0,2.91,4.22,3.71,114.0,118.0,Missouri St.,Missouri St.,Missouri State,Missouri St.,Missouri State,Missouri St.,Missouri St.,530,2026,Conference USA,247,42,0.10104537,24.9582057,0.40080972,1.22920952,0.71428571,0.16030534,2.99389313,392,0.95419847,125,0.86259542,113,19,4.36842105,73.6,1.111,0.166,0.113,0.053,0.68825911,0.111711,0.49411765,1.00251195,0.31174089,0.07749787,0.19480519,2.49871591,0.53036437,0.02348767,3.0768854,0.44274809,0.85686379,0.45748988,0.22850233,25.8207631,0.36283186,1.75594251,296,45,0.22746054,67.3283198,0.51689189,1.02349369,0.86956522,0.1595092,3.33190184,543,1.24539877,203,1.16564417,0,32,3.96875,67.4,-1.574,0.149,0.088,0.061,0.70945946,0.22022997,0.58095238,0.83283838,0.29054054,0.24511659,47.388928,0.36046512,1.77381458,0.55067568,0.10666954,17.387135,0.50920245,0.67087595,0.41891892,0.38216877,127,0.50806452,1.48701502,,Missouri State,88,101,107,74,85,55,84,112,110,124,103,117,133,39,121,126,107,118,67,90,70,64,84,49,111,136,3,50,107,107,72,104,79,67,82,123,21,41,9,127,124,138,9,130,108,125,113,118,123,85,1,107,108,131,129,87,84,65,27,132,138,13,112,93,116,126,22,113,101,104,136,10,26,127,116,134,135.0,135.5,88.0,101.0,107.0,74.0,87.0,84.0,112.0,110.0,124.0,103.0,117.0,134.5,39.0,55.0,121.0,126.0,107.5,118.0,67.5,90.0,70.0,64.0,84.0,90.0,111.0,136.0,3.0,50.0,107.0,107.0,72.0,104.0,79.0,67.0,82.0,123.0,21.0,41.5,10.5,127.0,124.0,138.0,9.0,130.0,125.0,113.5,118.0,123.0,85.0,69.5,111.5,108.0,108.0,132.5,9.5,87.0,86.5,65.5,112.0,132.0,138.0,13.0,112.0,93.0,116.0,126.0,22.0,113.0,101.0,104.0,136.0,10.0,26.0,127.0,127.0,134.0,54.0,,,+500000,+500000,+125000,,+2800,+2500,+2600,+3300,+2700,+1800,,,,,,,,,3.5,-146,Over,o3.5,3.5,-122,Over,o3.5,,,,,,Bears,missouri-state-bears,1-4-0,1,4,0,0.2,-10.6,0.3,2-3-0,2,3,0,0.4,-10.6,0.3,2-3-0,2,3,0,0.4,0.6,-1.1,0.583,0.333,44.5,123.5
Eastern Michigan,-11.9,44.5,3.29,319,19.97562542,Chris Creighton,Mike Piatkowski,Tate Omli / Kasey Teegardin,127.0,111.0,5.0,-5.5,-4,-1.5,0.41,0.43,124.0,118.0,110.5,28.91450777,64.33333333,80,106.0,93.0,3.61,4.9,5.99,106.0,77.0,E Michigan,EMU,Eastern Michigan,Eastern Mich.,Eastern Michigan,Eastern Michigan Eagles,Eastern Michigan,319,2026,Mid-American,397,65,0.0446444,17.7238279,0.40050378,1.14680211,0.74285714,0.17613636,2.90113636,511,1.05681818,186,0.78409091,138,34,3.73529412,74.8,1.041,0.156,0.091,0.065,0.68513854,0.0332761,0.45588235,1.02859588,0.31486146,0.06938183,0.28,1.56558988,0.44332494,0.07988735,14.0601731,0.42045455,0.96647148,0.51889169,0.13093739,26.9731023,0.39320388,1.32635412,384,64,0.10405361,39.9565874,0.421875,1.22035361,0.74074074,0.19444444,2.97111111,535,1.02222222,184,0.85,0,37,3.32432432,69.6,-1.41,0.176,0.09,0.086,0.671875,0.02270411,0.48449612,1.01063131,0.328125,0.27062641,41.6472376,0.29365079,1.92887489,0.46875,0.03146671,5.66400816,0.40555556,0.95858249,0.51041667,0.21248591,90,0.44897959,1.45012134,,Eastern Michigan,112,109,108,110,73,76,100,70,83,69,113,105,36,79,129,131,90,75,99,95,98,107,69,44,114,97,135,122,84,82,94,66,25,94,79,101,126,134,126,88,96,93,69,85,70,88,110,88,107,49,1,134,68,108,107,47,78,14,68,69,100,83,71,101,110,77,53,41,63,67,72,83,101,90,110,107,4.0,4.5,112.0,109.0,108.0,110.0,73.0,100.0,70.0,83.0,69.0,113.0,105.5,40.0,79.0,76.0,129.5,131.0,91.0,76.5,100.0,95.0,98.0,107.0,69.0,95.0,114.0,97.5,135.0,122.0,84.0,82.0,94.0,66.0,25.0,94.0,79.0,101.5,126.0,134.5,129.0,88.0,96.0,93.0,69.0,85.0,88.0,110.0,88.0,107.0,49.0,69.5,135.0,68.0,70.5,109.0,32.0,48.5,79.5,14.0,71.0,69.0,100.0,83.0,71.0,101.0,110.0,77.0,53.0,41.0,63.0,67.0,72.0,83.0,101.0,90.0,90.0,107.0,39.0,,,+1000000,+1000000,+125000,+100000,+1100,+1000,+1000,+1500,+850,+800,,,,,,,,,5.5,120,Over,o5.5,5.5,-178,Over,o5.5,,,,,http://a.espncdn.com/i/teamlogos/ncaa/500/2199.png,Eagles,eastern-michigan-eagles,3-3-0,3,3,0,0.5,-2.8333333333333335,-1,3-3-0,3,3,0,0.5,-2.8333333333333335,-1,2-4-0,2,4,0,0.3333,0.6667,-3.3333333333333335,0.636,0.5,34.5,67
Buffalo,-18.7,43.5,2.746,278,21.28015984,Pete Lembo,Tony Tokarz,Brian Dougherty,128.0,128.0,39.0,-7.5,-6,-1.5,0.27,0.42,130.5,133.5,110.5,25.3890411,73,103,27.0,13.5,3.48,5.4,4.82,96.0,97.0,Buffalo,Buffalo,Buffalo,Buffalo,Buffalo,Buffalo Bulls,Buffalo,278,2026,Mid-American,374,65,0.01417285,5.30064768,0.35026738,1.18802488,0.71428571,0.18592965,2.75175879,548,0.73366834,146,0.74874372,149,25,3.8,72.7,1.225,0.16,0.104,0.056,0.69251337,0.00657542,0.4015444,0.98596421,0.30748663,0.03128359,0.23478261,1.96633262,0.53208556,-0.0148269,-2.9505579,0.36180905,0.88494271,0.43850267,0.07115833,11.6699653,0.33536585,1.55034493,337,64,0.11598996,39.0886172,0.38575668,1.31937119,0.71428571,0.17682927,3.07926829,505,1.1402439,187,1.26829268,0,33,3.60606061,69.5,-1.435,0.151,0.083,0.068,0.65578635,0.10571524,0.46153846,1.15164756,0.34421365,0.13556507,41.9457746,0.24137931,1.93036442,0.48664688,0.02499732,4.09956042,0.40243902,0.8707199,0.48961424,0.25421682,103,0.38787879,1.78204284,,Buffalo,118,117,131,94,85,88,116,53,136,107,115,92,112,72,99,96,99,99,74,77,105,133,92,62,123,120,81,46,113,113,125,90,93,109,107,132,67,100,126,92,94,61,106,70,87,101,97,106,109,93,1,117,84,111,112,85,97,47,88,106,79,122,51,58,112,32,54,62,58,59,66,53,86,103,112,56,10.5,4.5,118.0,117.0,131.0,94.0,87.0,116.0,53.0,136.0,107.5,115.0,94.0,113.0,73.0,88.0,100.5,96.0,99.5,100.5,75.0,77.0,105.0,133.0,92.0,77.0,123.0,120.0,81.0,46.0,113.0,113.0,125.0,90.0,93.0,109.0,107.0,132.0,67.0,101.0,129.0,92.0,94.0,61.0,106.0,71.0,101.0,97.0,106.0,109.5,93.0,69.5,118.0,84.0,87.5,111.5,27.0,85.5,99.0,47.5,51.0,106.0,79.0,122.0,51.0,58.0,112.0,32.0,54.0,62.0,58.0,59.0,66.5,53.0,86.0,103.0,103.0,56.0,126.0,,,+300000,+300000,+125000,+100000,+10000,+10000,+9000,+3000,+10000,+7500,,,,,,,,,5.5,125,Over,o5.5,4.5,-136,Over,o4.5,,,,,http://a.espncdn.com/i/teamlogos/ncaa/500/2084.png,Bulls,buffalo-bulls,2-3-0,2,3,0,0.4,-10.2,-7.3,1-4-0,1,4,0,0.2,-10.2,-7.3,3-2-0,3,2,0,0.6,0.4,3.7,0.417,0.583,94,34.5
Bowling Green,-23.2,43,1.772,288,13.3368203,Eddie George,Greg Nosal,Joe Bowden,129.5,132.0,132.0,-6,-5,-1,0.34,0.48,126.5,123.5,96.5,31.31944444,57.6,54,131.0,129.5,3.53,4.11,2.4,117.0,130.0,Bowling Green,BGSU,Bowling Green,Bowling Green,Bowling Green,Bowling Green Falcons,Bowling Green,288,2026,Mid-American,291,54,-0.0681245,-19.824243,0.36769759,0.97008706,0.78571429,0.24489796,2.39455782,352,0.60544218,89,0.37414966,55,21,1.71428571,73,1.185,0.189,0.131,0.058,0.68041237,-0.0798686,0.45454545,0.7717402,0.31958763,-0.0431211,0.1827957,2.02015866,0.50515464,-0.2327632,-34.216188,0.32653061,0.57604647,0.46391753,0.11523512,15.5567418,0.40740741,1.37146267,303,52,0.18393979,55.7337549,0.46864686,1.28304828,0.75,0.15254237,3.45762712,612,1.42372881,252,2.59322034,0,32,4.03125,68.8,-1.543,0.125,0.099,0.026,0.72937294,0.15158751,0.52941176,1.09581193,0.27062706,0.27113311,26.2581548,0.30487805,2.15931439,0.58415842,0.22616241,40.0307464,0.49152542,1.18047858,0.38943894,0.22252674,94,0.45762712,1.45895486,,Bowling Green,132,130,124,138,44,133,134,127,138,137,136,136,127,136,106,105,126,131,79,97,128,109,137,42,131,137,67,75,137,138,137,137,68,100,100,92,119,49,39,118,115,126,92,86,115,133,130,137,137,137,1,107,110,119,124,119,69,138,8,119,132,115,131,102,81,92,106,131,129,131,132,128,11,94,81,115,105.0,82.0,132.0,130.0,124.0,138.0,44.0,134.0,127.0,138.0,137.0,136.0,136.0,128.5,136.0,133.0,106.0,105.5,126.5,131.0,83.0,97.0,128.0,109.0,137.0,97.0,131.0,137.0,67.0,75.0,137.0,138.0,137.0,137.0,68.0,100.0,100.0,92.0,119.0,50.5,41.5,118.0,115.0,126.0,92.0,90.5,133.0,130.0,137.0,137.0,137.0,69.5,111.5,110.0,115.0,119.5,14.0,119.0,69.5,138.0,131.0,119.0,132.0,115.0,131.0,102.0,81.0,92.0,106.0,131.0,129.0,131.0,132.0,128.0,11.0,94.0,94.0,115.0,46.0,,,+500000,+500000,+125000,+100000,+2800,+3000,+2700,+2000,+2700,+2300,,,,,,,,,4.5,120,Over,o4.5,4.5,116,Over,o4.5,,,,,http://a.espncdn.com/i/teamlogos/ncaa/500/189.png,Falcons,bowling-green-falcons,1-4-0,1,4,0,0.2,-21.6,-5.8,2-3-0,2,3,0,0.4,-21.6,-5.8,3-2-0,3,2,0,0.6,0.4,-2.1,0.417,0.417,94,99.5
UMass,-9.4,43,1.54,276,20.87234895,Joe Harasymiak,Max Warner,Jared Keyte,129.5,105.0,138.0,0,0,0,0.66,0.56,68.0,68.5,69.5,32.46641791,53.6,65,138.0,138.0,3.99,6.11,8.08,76.0,39.0,Massachusetts,UMass,Massachusetts,Massachusetts,Massachusetts,Massachusetts Minutemen,UMass,276,2026,Mid-American,272,52,0.23673444,64.3917667,0.45955882,1.19807888,0.625,0.15625,3.435625,550,1.2625,202,1.3375,214,32,3.71875,66.7,1.627,0.107,0.07,0.037,0.72058824,0.16243162,0.50510204,1.06475937,0.27941176,0.42835749,0.34210526,1.70571857,0.58823529,0.19780236,31.6483775,0.46875,0.94537631,0.39705882,0.33804142,36.5084739,0.4537037,1.59174264,344,56,-0.0439567,-15.121107,0.40116279,1.05814939,0.66666667,0.21518987,2.65506329,420,0.69620253,110,0.30379747,0,26,2.61538462,75.1,-1.002,0.145,0.081,0.064,0.66860465,-0.118422,0.44782609,0.84137553,0.33139535,0.10628033,23.2476508,0.30701754,1.69608387,0.45930233,-0.1511128,-23.875816,0.39240506,0.53525451,0.50290698,0.13437948,65,0.42196532,1.4972938,,Massachusetts,42,53,47,86,119,50,26,51,33,54,58,63,52,81,14,17,15,25,21,38,50,51,49,101,33,51,118,21,38,39,49,72,114,43,61,59,53,106,62,31,27,73,14,37,40,42,53,12,21,6,1,58,19,16,14,89,104,56,73,26,67,18,66,48,72,94,13,33,15,14,58,3,93,65,72,95,124.5,93.5,42.0,53.0,47.5,86.0,120.0,26.0,51.5,33.0,54.0,58.0,63.0,57.0,81.0,50.0,14.0,17.0,15.5,26.0,21.5,38.0,50.0,51.0,49.0,38.0,33.0,51.0,118.0,21.0,38.0,39.0,49.0,72.0,114.0,43.0,61.0,59.0,53.0,106.0,65.5,31.0,27.0,73.0,14.0,42.0,42.0,53.0,12.0,21.5,6.0,69.5,61.5,19.0,40.0,16.0,125.0,89.5,105.0,56.5,66.0,26.0,67.0,18.0,66.0,48.0,72.0,94.5,13.0,33.0,15.0,14.0,58.0,3.0,93.0,65.0,65.0,95.0,59.0,,,+250000,+500000,+125000,+100000,+2500,+2000,+2000,+3000,+2000,+2200,,,,,,,,,5.5,-220,Over,o5.5,7.5,-113,Over,o7.5,,,,,http://a.espncdn.com/i/teamlogos/ncaa/500/113.png,Minutemen,massachusetts-minutemen,4-1-0,4,1,0,0.8,14,6.8,3-2-0,3,2,0,0.6,14,6.8,2-3-0,2,3,0,0.4,0.6,-1.7,0.25,0.75,131,3
Middle Tennessee,-19.7,42.5,2.022,521,19.33688432,Derek Mason,Anthony Scelfo,Brian Stewart,131.0,129.0,113.0,-4,-3.5,-0.5,0.45,0.52,110.5,111.5,81.5,29.47535211,56.8,41,113.0,133.0,2.53,4.18,3.56,116.0,120.0,Middle Tenn,MTSU,Middle Tennessee,Middle Tenn.,Middle Tennessee State,Middle Tennessee Blue Raiders,Middle Tennessee,521,2026,Conference USA,290,50,0.0984625,28.5541242,0.3862069,1.20032968,0.73333333,0.175,3.25416667,391,1.35,162,1.1,132,24,3.83333333,72.4,1.232,0.145,0.072,0.072,0.65862069,0.11179437,0.46596859,1.01052518,0.34137931,0.07274141,0.23232323,1.93479058,0.4137931,0.06617165,7.94059753,0.41666667,0.93068478,0.55862069,0.13698559,22.1916656,0.37037037,1.44305886,324,53,0.21543926,69.8023188,0.50617284,1.12147514,0.75,0.13917526,3.57731959,694,1.39690722,271,1.35051546,0,34,3.5,73.5,-1.139,0.102,0.062,0.04,0.7654321,0.17491007,0.56854839,1.01007041,0.2345679,0.34769238,22.9163186,0.30263158,1.80443462,0.59876543,0.24351881,47.2426487,0.54639175,1.05580173,0.37654321,0.18783868,84,0.45081967,1.29978482,,Middle Tennessee,89,91,116,83,75,70,46,113,18,90,80,108,115,69,93,94,70,31,110,118,69,94,78,21,113,121,89,129,92,95,95,77,8,92,91,117,106,83,45,125,125,136,30,86,125,137,136,136,138,100,1,120,77,41,42,138,135,120,2,124,137,81,137,118,70,86,28,134,131,135,138,106,7,84,70,109,107.5,108.5,89.0,91.0,116.0,83.0,75.5,46.0,113.5,18.0,90.0,80.0,108.0,117.0,69.0,70.5,95.0,94.0,70.0,32.0,111.0,118.0,69.0,94.0,78.0,118.0,113.0,121.0,89.0,129.0,92.0,95.0,95.0,77.0,8.0,92.0,91.0,117.0,106.0,84.0,48.5,125.0,125.0,136.0,30.0,90.5,137.0,136.0,136.0,138.0,100.0,69.5,122.5,77.5,125.0,42.0,96.5,138.0,135.0,121.0,137.0,124.0,137.0,81.0,137.0,118.0,70.0,86.0,28.0,134.0,131.0,135.0,138.0,106.0,7.0,84.0,84.0,109.0,10.0,,,+1000000,+1000000,+125000,+100000,+5000,+3500,+4000,+5500,+3300,+3500,,,,,,,,,3.5,-125,Over,o3.5,4.5,-140,Over,o4.5,,,,,http://a.espncdn.com/i/teamlogos/ncaa/500/2393.png,Blue Raiders,middle-tennessee-blue-raiders,2-3-0,2,3,0,0.4,-7.2,-3,3-2-0,3,2,0,0.6,-7.2,-3,1-4-0,1,4,0,0.2,0.8,-3.9,0.5,0.5,65.5,67
Northern Illinois,-23.4,40.5,2.006,528,17.44497172,Rob Harley,Tony Petersen,D.J. Bland / Rob Harley,132.5,133.0,114.0,3.5,6,-2.5,0.89,0.36,40.0,10.5,123.5,27.0651341,65.25,16,61.0,80.0,1.77,2.25,1.71,136.0,135.0,N Illinois,NIU,Northern Illinois,Northern Ill.,Northern Illinois,Northern Illinois Huskies,Northern Illinois,528,2026,Mountain West,265,46,-0.1206542,-31.973358,0.36226415,1.190207,0.76470588,0.20952381,2.56,269,0.94285714,99,0.78095238,82,22,1.54545455,72.3,1.204,0.177,0.132,0.045,0.6490566,-0.1582158,0.44186047,0.90003715,0.3509434,-0.0511854,0.21505376,2.29285241,0.39622642,-0.1120592,-11.766211,0.38095238,0.87659355,0.57735849,0.00672276,1.02858175,0.36601307,1.4142166,268,45,0.15856389,42.4951225,0.44402985,1.32250289,0.57894737,0.20155039,2.90232558,374,1.24031008,160,1.48837209,0,26,3.73076923,70.7,-1.371,0.127,0.086,0.041,0.67910448,0.02950068,0.47802198,1.0509757,0.32089552,0.43169765,33.8511453,0.37209302,2.06071743,0.48134328,0.11049454,14.2537956,0.41085271,1.07610761,0.48507463,0.26039343,104,0.49230769,1.4886974,,Northern Illinois,136,135,126,91,53,114,130,137,111,135,114,124,123,137,91,99,119,132,41,125,132,117,122,14,132,131,21,134,134,129,114,98,5,124,125,122,113,17,9,107,100,110,107,17,60,77,34,117,70,112,1,58,94,92,96,117,94,118,59,76,94,100,80,131,99,131,82,56,103,93,78,109,82,104,99,129,126.5,124.0,136.0,135.0,126.0,91.0,53.5,130.0,137.0,111.5,135.0,114.0,124.0,124.5,137.0,114.0,91.5,99.0,119.0,132.0,43.5,125.0,132.0,117.0,122.0,125.0,132.0,131.0,21.0,134.0,134.0,129.0,114.0,98.0,5.0,124.0,125.0,122.0,113.0,17.5,10.5,107.0,100.0,110.0,107.0,17.0,77.0,34.0,117.0,70.0,112.0,69.5,61.5,94.0,60.0,92.5,43.0,117.0,94.0,118.5,80.0,76.0,94.0,100.0,80.0,131.0,99.0,131.0,82.0,56.0,103.0,93.0,78.0,109.0,82.0,104.0,104.0,129.0,55.0,,,+500000,+500000,+125000,+100000,+20000,+20000,+20000,+12000,+20000,+20000,,,,,,,,,3.5,130,Over,o3.5,2.5,136,Over,o2.5,,,,,http://a.espncdn.com/i/teamlogos/ncaa/500/2459.png,Huskies,northern-illinois-huskies,0-4-0,0,4,0,0,-22.5,-3.125,1-3-0,1,3,0,0.25,-22.5,-3.125,2-2-0,2,2,0,0.5,0.5,0.25,0.25,0.5,131,67
UTEP,-26.2,40.5,1.614,290,13.01101158,Scotty Walden,Joe Pappalardo / Lanear Sampson,Kyle Beyer / Kelvin Sigler,132.5,136.0,135.5,-2,-1,-1,0.56,0.48,91.5,84.0,96.5,31.28985507,55.2,1,130.0,137.0,1.79,2.75,1.95,133.0,134.0,TX El Paso,UTEP,UTEP,UTEP,UTEP,UTEP Miners,UTEP,290,2026,Mountain West,280,59,-0.2049394,-57.383034,0.35,1.21367783,0.53333333,0.24223602,2.55962733,412,1.05590062,170,1.72670807,278,23,1.17391304,69.7,1.349,0.232,0.186,0.046,0.675,-0.176085,0.41798942,1.10430704,0.325,-0.2648678,0.20879121,1.66843006,0.575,-0.1413742,-22.761252,0.34782609,1.01551138,0.4,-0.1838143,-20.587206,0.375,1.47789977,320,54,0.25646656,82.0692998,0.475,1.23085012,0.69230769,0.19444444,3.03388889,546,0.98333333,177,1,0,36,4.36111111,66.9,-1.615,0.122,0.088,0.034,0.75,0.22015211,0.5125,1.07259979,0.25,0.36540991,68.6478353,0.3625,1.90204981,0.5625,0.15609163,28.0964929,0.43888889,0.96164721,0.40625,0.52806027,137,0.53846154,1.57438841,,UTEP,138,138,132,78,133,132,131,105,84,81,22,34,120,138,50,70,137,137,47,104,134,127,33,35,138,132,126,26,136,136,128,49,111,138,136,113,96,72,53,131,132,129,71,60,70,94,116,73,96,70,1,130,125,135,135,123,84,131,4,131,119,106,135,119,135,127,45,118,117,118,102,84,18,137,135,137,117.0,47.5,138.0,138.0,132.0,78.0,133.0,131.0,105.0,84.0,81.0,22.0,34.0,121.0,138.0,132.0,52.0,70.0,137.0,137.0,49.0,104.0,134.0,127.0,33.0,104.0,138.0,132.0,126.0,26.0,136.0,136.0,128.0,49.0,111.5,138.0,136.0,113.5,96.0,73.5,54.0,131.0,132.0,129.0,71.0,60.5,94.0,116.0,73.0,97.0,70.5,69.5,131.5,125.0,70.5,135.5,4.0,123.5,86.5,131.0,135.0,131.0,119.0,106.0,135.0,119.0,135.0,127.0,45.0,118.0,117.0,118.0,102.0,84.0,18.0,137.0,137.0,137.0,88.0,,,+1000000,+1000000,+125000,+100000,+30000,+30000,+30000,+20000,+40000,+30000,,,,,,,,,3.5,130,Over,o3.5,3.5,172,Over,o3.5,,,,,http://a.espncdn.com/i/teamlogos/ncaa/500/2638.png,Miners,utep-miners,1-4-0,1,4,0,0.2,-25,-8.2,1-4-0,1,4,0,0.2,-25,-8.2,3-2-0,3,2,0,0.6,0.4,6.3,0.25,0.667,131,13
Akron,-25.2,40,1.842,561,21.12686855,Joe Moorhead,Joe Moorhead,Tim Tibesar,134.5,135.0,127.0,-0.5,-3,2.5,0.46,0.66,74.0,103.5,33.5,27.89263804,65.2,38,78.0,82.0,2.5,3.37,2.11,129.0,132.0,Akron,Akron,Akron,Akron,Akron,Akron Zips,Akron,561,2026,Mid-American,330,58,0.05222249,17.2334214,0.43030303,1.03995414,0.8125,0.13513514,3.69256757,547,1.39864865,207,0.79054054,117,26,3.69230769,74,1.121,0.194,0.109,0.085,0.7,-0.0013151,0.48051948,0.87598936,0.3,0.17714363,0.31313131,1.62705383,0.44848485,0.17402986,25.7564191,0.5,0.81439031,0.51818182,0.02428814,4.15327253,0.39181287,1.2747231,308,58,0.28276733,87.0923388,0.44480519,1.38649222,0.75,0.16770186,3.21242236,517,1.13664596,183,1.80745342,0,28,4.25,70.1,-1.381,0.133,0.071,0.062,0.69480519,0.17339984,0.5,1.15401119,0.30519481,0.5317529,67.3125722,0.31914894,2.21567455,0.52272727,0.16605566,26.734961,0.47826087,1.00356846,0.45779221,0.47739413,136,0.39716312,1.98361372,,Akron,110,110,77,135,26,27,8,54,9,49,112,114,106,83,126,124,130,113,131,62,110,82,128,77,88,69,128,119,49,56,16,112,26,120,118,103,133,60,82,133,133,111,122,86,98,115,108,105,106,126,1,75,121,100,99,107,120,62,41,123,110,123,98,135,133,105,115,85,118,116,124,93,59,136,133,63,62.5,57.0,110.0,110.0,77.5,135.0,26.5,8.0,54.0,9.0,49.5,112.0,114.0,108.5,83.0,27.0,126.0,124.0,130.0,113.5,131.0,62.0,110.0,82.0,128.0,62.0,88.0,69.5,128.0,119.0,49.0,56.0,17.0,112.0,26.0,120.0,118.0,103.0,133.0,60.5,84.5,133.0,133.0,111.0,122.0,90.5,115.0,108.0,105.0,106.0,126.0,69.5,79.5,121.0,98.0,100.5,40.0,107.5,120.5,63.0,98.0,123.0,110.0,123.0,98.0,135.0,133.0,105.0,115.0,85.0,118.0,116.0,124.5,93.0,59.0,136.0,136.0,63.0,137.0,,,+1000000,+1000000,+125000,+100000,+12500,+10000,+9000,+4200,+10000,+8000,,,,,,,,,4.5,130,Over,o4.5,3.5,164,Over,o3.5,,,,,http://a.espncdn.com/i/teamlogos/ncaa/500/2006.png,Zips,akron-zips,1-4-0,1,4,0,0.2,-14.6,-6.1,2-3-0,2,3,0,0.4,-14.6,-6.1,3-2-0,3,2,0,0.6,0.4,3.5,0.5,0.583,65.5,34.5
Charlotte,-29.4,40,2.194,264,16.029051,Tim Albin,Todd Fitch,Nate Faanes,134.5,138.0,102.0,-1.5,-0.5,-1,0.6,0.46,86.5,77.5,96.5,28.43928571,56,122,91.0,136.0,0.8,1.96,0.65,137.0,137.0,Charlotte,Charlotte,Charlotte,Charlotte,Charlotte,Charlotte 49ers,Charlotte,264,2026,American Athletic,281,57,-0.0878921,-24.697672,0.35231317,1.11113317,0.57142857,0.272,2.276,285,0.976,122,1.664,208,19,1.94736842,73.8,1.101,0.189,0.121,0.068,0.66192171,-0.0272034,0.43010753,0.97404097,0.33807829,-0.2067141,0.2,1.68836349,0.44483986,-0.09789,-12.23625,0.368,0.8715385,0.53024911,0.01177636,1.75467712,0.3557047,1.31908327,375,61,0.20575571,77.1583907,0.496,1.17808452,0.82352941,0.21359223,3.03834951,626,1.12135922,231,1.13592233,0,36,4.47222222,67.6,-1.579,0.12,0.091,0.029,0.72,0.12165932,0.51851852,0.91649466,0.28,0.42200356,66.918271,0.43809524,1.97422758,0.54933333,0.13910908,28.6564706,0.47087379,1.01701887,0.41333333,0.43173078,131,0.54193548,1.38926599,,Charlotte,133,133,130,122,129,137,136,135,108,126,32,67,133,135,123,127,126,126,105,116,119,123,99,23,136,134,121,121,131,130,122,99,18,122,122,125,127,132,100,123,129,135,49,118,44,97,133,103,132,82,1,130,130,128,131,126,76,136,16,110,124,38,123,130,131,138,64,109,112,120,121,95,21,131,131,138,115.0,66.5,133.0,133.0,130.0,122.0,129.5,136.0,135.0,108.0,126.0,32.0,67.0,134.5,135.0,137.0,124.0,127.0,126.5,126.0,105.0,116.0,119.0,123.0,99.0,116.0,136.0,134.5,121.0,121.0,131.0,130.0,122.0,99.0,18.0,122.0,122.0,125.0,127.0,132.0,103.5,123.0,129.0,135.0,49.0,118.0,97.0,133.0,103.0,132.0,82.0,69.5,131.5,130.0,44.0,128.0,8.0,126.0,76.5,136.0,123.0,110.0,124.0,38.0,123.0,130.0,131.0,138.0,64.0,109.0,112.0,120.0,121.0,95.0,21.0,131.0,131.0,138.0,23.0,,,+1000000,+1000000,+125000,+100000,+40000,+50000,+35000,+40000,+40000,+40000,,,,,,,,,1.5,320,Over,o1.5,0.5,-113,Over,o0.5,,,,,http://a.espncdn.com/i/teamlogos/ncaa/500/2429.png,49ers,charlotte-49ers,0-5-0,0,5,0,0,-23.4,-9.7,2-3-0,2,3,0,0.4,-23.4,-9.7,2-3-0,2,3,0,0.4,0.6,5.3,0.4,0.5,106,67
ULM,-27.9,38,1.614,370,22.58625774,Bryant Vincent,Jesse Montalto / Bryant Vincent,Troy Reffett,136.0,137.0,135.5,2.5,3.5,-1,0.8,0.46,49.5,29.0,96.5,27.11641791,67,30,63.0,64.0,1.29,1.89,0.9,138.0,136.0,LA Monroe,ULM,UL Monroe,La.-Monroe,Louisiana-Monroe,UL Monroe Warhawks,Louisiana-Monroe,370,2026,Sun Belt,340,61,0.01000134,3.40045504,0.41764706,1.17679195,0.60714286,0.16352201,2.91446541,463,0.99371069,158,1,159,29,3.17241379,72.8,1.155,0.174,0.091,0.082,0.71176471,0.01149896,0.46280992,0.98881531,0.28823529,0.00630312,0.30612245,1.87857142,0.46764706,0.03001322,4.77210167,0.42138365,0.88454698,0.50882353,0.08989216,15.5513432,0.42774566,1.45475707,362,57,0.34433659,124.649844,0.51104972,1.24931172,0.8,0.15533981,3.41504854,704,1.19902913,247,1.60679612,0,37,4.32432432,70,-1.453,0.108,0.066,0.041,0.75966851,0.24616629,0.53454545,1.0695078,0.24033149,0.65464498,66.8715111,0.43678161,1.94486899,0.56906077,0.30651678,63.1424576,0.51941748,1.04662745,0.40883978,0.45183453,132,0.51351351,1.550221,,UL Monroe,119,119,94,95,126,59,98,90,102,93,89,87,74,112,103,116,117,75,129,47,103,98,91,92,126,75,100,108,106,103,92,92,34,107,101,79,102,122,70,137,138,137,77,108,112,130,137,115,135,120,1,134,123,102,116,135,129,118,3,134,133,105,136,138,130,137,56,121,137,138,137,103,20,132,130,135,47.5,27.0,119.0,119.0,94.0,95.0,126.0,98.0,90.0,102.0,93.5,89.0,87.5,76.5,112.0,59.0,103.5,116.0,117.0,76.5,129.0,47.0,103.0,98.0,91.0,47.0,126.0,75.5,100.0,108.0,106.0,103.0,92.0,92.0,34.0,107.0,101.0,79.0,102.0,122.0,75.5,137.0,138.0,137.0,77.0,109.0,130.0,137.0,115.0,135.0,120.0,69.5,135.0,123.0,112.0,103.0,23.0,135.5,130.0,118.5,136.0,134.0,133.0,105.0,136.0,138.0,130.0,137.0,56.0,121.0,137.0,138.0,137.0,103.0,20.0,132.0,132.0,135.0,77.0,,,+1000000,+1000000,+125000,+100000,+40000,+40000,+40000,+10000,+40000,+40000,,,,,,,,,3.5,110,Over,o3.5,1.5,144,Over,o1.5,,,,,http://a.espncdn.com/i/teamlogos/ncaa/500/2433.png,Warhawks,ul-monroe-warhawks,0-5-0,0,5,0,0,-20.6,-10,1-4-0,1,4,0,0.2,-20.6,-10,4-1-0,4,1,0,0.8,0.2,14.1,0.333,0.5,121,67
Ball State,-23.7,36.5,2.772,516,17.87011729,Mike Uremovich,Mike Uremovich,Jeff Knowles,137.0,134.0,36.0,-4,-3,-1,0.47,0.47,110.5,103.5,96.5,27.97333333,60,125,80.0,122.0,2.2,2.67,,134.0,,Ball State,Ball St.,Ball State,Ball St.,Ball State,Ball State Cardinals,Ball State,516,2026,Mid-American,307,58,0.04717269,14.4820146,0.34527687,1.43631571,0.83333333,0.22627737,2.59635036,356,0.98540146,135,1.86131387,255,21,3.57142857,72.9,1.21,0.192,0.134,0.059,0.64495114,-0.0469473,0.38888889,1.12218977,0.35504886,0.21814287,0.26605505,2.27037424,0.44625407,0.05003931,6.85538615,0.33576642,1.19496988,0.51140065,0.15036323,23.6070269,0.37579618,1.57577766,357,57,0.29219164,104.312415,0.44257703,1.4286007,0.80769231,0.17460317,3.15449735,596,1.14814815,217,2.23280423,0,34,4.64705882,70.9,-1.372,0.118,0.073,0.045,0.69467787,0.26793693,0.49193548,1.22303558,0.30532213,0.34737667,60.2863247,0.33027523,2.12523804,0.52941176,0.26426539,49.9461593,0.42857143,1.31452944,0.45098039,0.37444922,125,0.47204969,1.55387158,,Ball State,111,111,134,8,15,126,127,126,105,117,19,43,127,88,105,97,128,133,88,128,124,135,25,11,83,108,25,120,96,99,134,9,30,89,88,112,56,117,70,134,135,109,128,111,90,108,127,108,127,133,1,120,133,87,97,128,115,109,42,137,104,133,97,117,127,112,97,92,134,136,92,137,56,125,127,121,91.5,57.0,111.0,111.0,134.0,8.0,16.0,127.0,126.0,105.0,117.0,19.0,43.5,128.5,88.0,126.0,105.0,97.5,128.5,133.0,89.5,128.0,124.0,135.0,25.0,128.0,83.0,108.0,25.0,120.0,96.0,99.0,134.0,9.0,30.0,89.0,88.0,112.0,56.0,118.0,75.5,134.0,135.0,109.0,128.0,112.5,108.0,127.0,108.0,127.5,133.0,69.5,122.5,133.0,90.0,88.0,42.0,128.0,116.0,110.0,97.0,137.0,104.0,133.0,97.0,117.0,127.0,112.0,97.0,92.0,134.0,136.0,92.0,137.0,56.0,125.0,125.0,121.0,78.0,,,+1000000,+1000000,+125000,+100000,+30000,+30000,+40000,+6500,+40000,+40000,,,,,,,,,,,,,3.5,124,Over,o3.5,,,,,http://a.espncdn.com/i/teamlogos/ncaa/500/2050.png,Cardinals,ball-state-cardinals,1-4-0,1,4,0,0.2,-18.6,-3.7,2-3-0,2,3,0,0.4,-18.6,-3.7,4-1-0,4,1,0,0.8,0.2,4.5,0.583,0.417,44.5,99.5
Sacramento State,-22.8,33,2.5,365,20.33488901,Alonzo Carter,Eric Kiesau / Eric Scott,Adam Clark / Kenwick Thompson,138.0,131.0,72.5,-7.5,-6,-1.5,0.21,0.42,130.5,133.5,110.5,26.53372434,68.2,13,48.0,51.0,1.41,2.53,3.44,135.0,121.0,Sacramento St,Sac State,Sacramento State,Sacramento St.,Sacramento State,,,365,2026,Mid-American,349,61,-0.0609869,-21.284411,0.41833811,1.00512747,0.75,0.25170068,2.69115646,396,1.02040816,150,0.95918367,141,29,2.55172414,71.1,1.331,0.169,0.083,0.086,0.71060172,0.0063458,0.49596774,0.97829286,0.28939828,-0.2263185,0.22772277,1.14863434,0.42120344,-0.0885204,-13.012493,0.47619048,0.70486187,0.55587393,0.00181257,0.35163824,0.38659794,1.27437928,303,61,0.12514838,37.9199585,0.35973597,1.41676889,0.5,0.18012422,2.91180124,469,0.92546584,149,1.47204969,0,28,3.82142857,72.2,-1.27,0.122,0.089,0.033,0.66666667,0.11240044,0.43564356,1.19764766,0.33333333,0.15064426,45.3665019,0.20792079,2.33499116,0.53135314,-0.036946,-5.9483085,0.32298137,1.11284146,0.43894389,0.34110152,118,0.41353383,1.67367542,,Sacramento State,130,132,93,137,60,134,121,109,95,102,92,104,74,128,73,75,112,54,132,48,106,63,97,91,137,124,138,125,129,131,37,134,12,127,127,107,134,49,100,95,89,35,127,7,86,80,81,52,58,111,1,75,98,61,73,123,82,132,76,108,49,131,60,65,115,12,126,93,39,40,16,118,45,118,115,84,34.0,27.0,130.0,132.0,93.0,137.0,66.0,121.0,109.0,95.0,102.5,92.0,104.0,76.5,128.0,134.0,74.0,75.0,113.0,56.0,132.0,48.0,106.0,63.0,97.0,48.0,137.0,124.0,138.0,125.0,129.0,131.0,37.0,134.0,12.0,127.0,127.0,107.0,134.0,50.5,103.5,95.0,89.0,35.0,127.0,8.0,80.0,81.0,52.0,58.5,111.0,69.5,79.5,98.0,86.0,62.0,66.0,123.5,82.5,132.0,61.5,108.0,49.0,131.0,61.5,65.0,115.0,12.0,126.0,93.5,39.0,40.0,16.5,118.0,45.0,118.0,118.0,84.0,106.0,,,,,,,,,,,,,,,,,,,,,,,,,,,,,,,,,,,sacramento-state-hornets,1-4-0,1,4,0,0.2,-11,-7.2,2-3-0,2,3,0,0.4,-11,-7.2,1-4-0,1,4,0,0.2,0.8,-4.1,,,,
